date,precipitation_sum,wind_speed_10m_max
2025-01-01 00:00:00+00:00,0.0,13.684157
2025-01-02 00:00:00+00:00,0.0,15.613718
2025-01-03 00:00:00+00:00,0.0,15.588523
2025-01-04 00:00:00+00:00,0.0,13.618024
2025-01-05 00:00:00+00:00,0.0,12.301328
2025-01-06 00:00:00+00:00,0.0,12.928091
2025-01-07 00:00:00+00:00,0.0,16.779778
2025-01-08 00:00:00+00:00,0.0,18.686232
2025-01-09 00:00:00+00:00,0.0,20.586704
2025-01-10 00:00:00+00:00,0.0,18.627323
2025-01-11 00:00:00+00:00,0.0,16.032835
2025-01-12 00:00:00+00:00,0.0,14.727139
2025-01-13 00:00:00+00:00,0.0,12.786252
2025-01-14 00:00:00+00:00,0.0,12.128072
2025-01-15 00:00:00+00:00,0.0,12.109298
2025-01-16 00:00:00+00:00,0.0,13.363316
2025-01-17 00:00:00+00:00,0.0,11.436661
2025-01-18 00:00:00+00:00,0.0,12.687931
2025-01-19 00:00:00+00:00,0.0,16.469124
2025-01-20 00:00:00+00:00,0.0,17.708986
2025-01-21 00:00:00+00:00,0.0,17.682129
2025-01-22 00:00:00+00:00,0.0,17.655401
2025-01-23 00:00:00+00:00,0.0,13.851203
2025-01-24 00:00:00+00:00,0.0,15.087716
2025-01-25 00:00:00+00:00,0.0,16.320566
2025-01-26 00:00:00+00:00,0.0,13.789114
2025-01-27 00:00:00+00:00,0.02431983,13.14277
2025-01-28 00:00:00+00:00,0.0,13.123299
2025-01-29 00:00:00+00:00,0.0,11.855929
2025-01-30 00:00:00+00:00,0.0,14.95387
2025-01-31 00:00:00+00:00,0.0,16.798428
2025-02-01 00:00:00+00:00,0.0,18.01638
2025-02-02 00:00:00+00:00,0.0,18.610476
2025-02-03 00:00:00+00:00,0.0,14.8667555
2025-02-04 00:00:00+00:00,0.0,14.226683
2025-02-05 00:00:00+00:00,0.0,12.353177
2025-02-06 00:00:00+00:00,0.0,11.71864
2025-02-07 00:00:00+00:00,0.0,14.165389
2025-02-08 00:00:00+00:00,0.0,17.220182
2025-02-09 00:00:00+00:00,0.0,19.038048
2025-02-10 00:00:00+00:00,0.0,23.917095
2025-02-11 00:00:00+00:00,0.0,25.720425
2025-02-12 00:00:00+00:00,0.6662018,22.626514
2025-02-13 00:00:00+00:00,0.0,22.594704
2025-02-14 00:00:00+00:00,0.021087652,18.294357
2025-02-15 00:00:00+00:00,0.0,17.05088
2025-02-16 00:00:00+00:00,0.0,17.027145
2025-02-17 00:00:00+00:00,0.0,18.218048
2025-02-18 00:00:00+00:00,0.0,20.618559
2025-02-19 00:00:00+00:00,0.0,19.984531
2025-02-20 00:00:00+00:00,0.0,16.328503
2025-02-21 00:00:00+00:00,0.0,16.910059
2025-02-22 00:00:00+00:00,0.0,15.077643
2025-02-23 00:00:00+00:00,0.0,15.057115
2025-02-24 00:00:00+00:00,0.0,17.442545
2025-02-25 00:00:00+00:00,0.0,17.418945
2025-02-26 00:00:00+00:00,0.0,17.39545
2025-02-27 00:00:00+00:00,0.0,13.77784
2025-02-28 00:00:00+00:00,0.107274376,13.161141
2025-03-01 00:00:00+00:00,0.035239864,16.728159
2025-03-02 00:00:00+00:00,0.034712493,17.302517
2025-03-03 00:00:00+00:00,0.07026646,14.894029
2025-03-04 00:00:00+00:00,0.018512575,17.842373
2025-03-05 00:00:00+00:00,0.0,17.812054
2025-03-06 00:00:00+00:00,0.0,16.596407
2025-03-07 00:00:00+00:00,0.0,13.609723
2025-03-08 00:00:00+00:00,0.0,17.131163
2025-03-09 00:00:00+00:00,0.0,13.563944
2025-03-10 00:00:00+00:00,0.0,14.129953
2025-03-11 00:00:00+00:00,0.0,16.457382
2025-03-12 00:00:00+00:00,0.0,24.058132
2025-03-13 00:00:00+00:00,0.0,19.331663
2025-03-14 00:00:00+00:00,0.0,15.205746
2025-03-15 00:00:00+00:00,0.0,17.516075
2025-03-16 00:00:00+00:00,0.0,15.155555
2025-03-17 00:00:00+00:00,0.0,22.695934
2025-03-18 00:00:00+00:00,0.0,18.591753
2025-03-19 00:00:00+00:00,0.13345113,19.721413
2025-03-20 00:00:00+00:00,0.0,18.531038
2025-03-21 00:00:00+00:00,0.10925776,21.96979
2025-03-22 00:00:00+00:00,0.027603572,16.161987
2025-03-23 00:00:00+00:00,0.0,17.864656
2025-03-24 00:00:00+00:00,0.0,13.23302
2025-03-25 00:00:00+00:00,0.0,17.232664
2025-03-26 00:00:00+00:00,0.0,15.484486
2025-03-27 00:00:00+00:00,0.0,15.459679
2025-03-28 00:00:00+00:00,0.0,18.864971
2025-03-29 00:00:00+00:00,0.0,17.122643
2025-03-30 00:00:00+00:00,0.0,18.804968
2025-03-31 00:00:00+00:00,0.0,18.775156
2025-04-01 00:00:00+00:00,0.0,14.769157
2025-04-02 00:00:00+00:00,0.0,11.91012
2025-04-03 00:00:00+00:00,0.0,11.32513
2025-04-04 00:00:00+00:00,0.0,11.307362
2025-04-05 00:00:00+00:00,0.0,15.24105
2025-04-06 00:00:00+00:00,0.0,17.47167
2025-04-07 00:00:00+00:00,0.0,20.258095
2025-04-08 00:00:00+00:00,0.0,17.417381
2025-04-09 00:00:00+00:00,0.0,13.46354
2025-04-10 00:00:00+00:00,0.0,18.483767
2025-04-11 00:00:00+00:00,0.031387806,17.336782
2025-04-12 00:00:00+00:00,0.031512685,15.076572
2025-04-13 00:00:00+00:00,0.0,10.593174
2025-04-14 00:00:00+00:00,0.0,18.927221
2025-04-15 00:00:00+00:00,0.0,20.010017
2025-04-16 00:00:00+00:00,0.0,14.429693
2025-04-17 00:00:00+00:00,0.06416194,17.178524
2025-04-18 00:00:00+00:00,0.0,16.599215
2025-04-19 00:00:00+00:00,0.0,13.259323
2025-04-20 00:00:00+00:00,0.0,17.65247
2025-04-21 00:00:00+00:00,0.0,13.219463
2025-04-22 00:00:00+00:00,0.0,11.549696
2025-04-23 00:00:00+00:00,0.0,8.786614
2025-04-24 00:00:00+00:00,0.0,9.321858
2025-04-25 00:00:00+00:00,0.06566424,16.42587
2025-04-26 00:00:00+00:00,0.065829724,18.58837
2025-04-27 00:00:00+00:00,0.0,10.918154
2025-04-28 00:00:00+00:00,0.0,18.53346
2025-04-29 00:00:00+00:00,0.0,19.050465
2025-04-30 00:00:00+00:00,0.0,15.761487
2025-05-01 00:00:00+00:00,0.0,15.73839
2025-05-02 00:00:00+00:00,0.0,18.424938
2025-05-03 00:00:00+00:00,0.0,16.791117
2025-05-04 00:00:00+00:00,0.040368535,16.799463
2025-05-05 00:00:00+00:00,0.35047895,18.434395
2025-05-06 00:00:00+00:00,0.88550293,16.27375
2025-05-07 00:00:00+00:00,0.6359778,20.08098
2025-05-08 00:00:00+00:00,0.101742804,19.005016
2025-05-09 00:00:00+00:00,0.105071746,19.5578
2025-05-10 00:00:00+00:00,0.0,20.111147
2025-05-11 00:00:00+00:00,0.0,21.752691
2025-05-12 00:00:00+00:00,0.0,20.131351
2025-05-13 00:00:00+00:00,0.0,16.330927
2025-05-14 00:00:00+00:00,0.0,14.705241
2025-05-15 00:00:00+00:00,0.0589665,22.341444
2025-05-16 00:00:00+00:00,0.0,18.536411
2025-05-17 00:00:00+00:00,0.0,19.636717
2025-05-18 00:00:00+00:00,0.0,19.10092
2025-05-19 00:00:00+00:00,0.30720738,22.386711
2025-05-20 00:00:00+00:00,0.1238695,22.398079
2025-05-21 00:00:00+00:00,0.0,16.943743
2025-05-22 00:00:00+00:00,0.0,20.233475
2025-05-23 00:00:00+00:00,0.0,21.88518
2025-05-24 00:00:00+00:00,0.0,20.254126
2025-05-25 00:00:00+00:00,0.0,16.978346
2025-05-26 00:00:00+00:00,0.0,15.343131
2025-05-27 00:00:00+00:00,0.0,18.640497
2025-05-28 00:00:00+00:00,0.0,23.038311
2025-05-29 00:00:00+00:00,0.0,21.403713
2025-05-30 00:00:00+00:00,0.0,20.316534
2025-05-31 00:00:00+00:00,0.06553476,19.777622
2025-06-01 00:00:00+00:00,1.7753824,18.688505
2025-06-02 00:00:00+00:00,0.6596335,15.948433
2025-06-03 00:00:00+00:00,0.19848306,15.956681
2025-06-04 00:00:00+00:00,0.0,23.672167
2025-06-05 00:00:00+00:00,0.13305436,24.235247
2025-06-06 00:00:00+00:00,0.0,24.247833
2025-06-07 00:00:00+00:00,0.0,23.709072
2025-06-08 00:00:00+00:00,0.0,19.859795
2025-06-09 00:00:00+00:00,0.0,18.214304
2025-06-10 00:00:00+00:00,0.0,20.432766
2025-06-11 00:00:00+00:00,0.47206125,18.233349
2025-06-12 00:00:00+00:00,0.2702669,21.006973
2025-06-13 00:00:00+00:00,0.0,20.464878
2025-06-14 00:00:00+00:00,0.0,23.795998
2025-06-15 00:00:00+00:00,0.0,21.593763
2025-06-16 00:00:00+00:00,0.0,19.943197
2025-06-17 00:00:00+00:00,0.0,18.845173
2025-06-18 00:00:00+00:00,0.13648377,20.518808
2025-06-19 00:00:00+00:00,0.0,20.529654
2025-06-20 00:00:00+00:00,0.06843459,22.761116
2025-06-21 00:00:00+00:00,0.0,21.662294
2025-06-22 00:00:00+00:00,0.54891145,16.672148
2025-06-23 00:00:00+00:00,2.1296694,18.349108
2025-06-24 00:00:00+00:00,4.4707804,15.020897
2025-06-25 00:00:00+00:00,5.715443,13.359024
2025-06-26 00:00:00+00:00,0.068937704,12.252306
2025-06-27 00:00:00+00:00,0.0,10.02997
2025-06-28 00:00:00+00:00,0.0,10.035338
2025-06-29 00:00:00+00:00,0.0,11.714168
2025-06-30 00:00:00+00:00,0.0,11.720454
2025-07-01 00:00:00+00:00,0.0,10.609918
2025-07-02 00:00:00+00:00,0.0,10.056908
2025-07-03 00:00:00+00:00,0.06954674,12.879595
2025-07-04 00:00:00+00:00,6.4928527,15.169746
2025-07-05 00:00:00+00:00,19.131159,13.529341
2025-07-06 00:00:00+00:00,15.613852,11.312459
2025-07-07 00:00:00+00:00,2.964417,12.485969
2025-07-08 00:00:00+00:00,7.0823836,11.389724
2025-07-09 00:00:00+00:00,0.0,8.571748
2025-07-10 00:00:00+00:00,0.07129103,11.468702
2025-07-11 00:00:00+00:00,12.586847,12.084291
2025-07-12 00:00:00+00:00,2.6542304,18.479118
2025-07-13 00:00:00+00:00,0.7914562,13.329078
2025-07-14 00:00:00+00:00,0.21648052,12.213623
2025-07-15 00:00:00+00:00,0.0,12.841416
2025-07-16 00:00:00+00:00,1.7415622,14.059789
2025-07-17 00:00:00+00:00,23.35619,15.28729
2025-07-18 00:00:00+00:00,0.072951995,12.393059
2025-07-19 00:00:00+00:00,0.73139066,13.031571
2025-07-20 00:00:00+00:00,0.0,13.675069
2025-07-21 00:00:00+00:00,0.0,16.710922
2025-07-22 00:00:00+00:00,8.030725,13.180106
2025-07-23 00:00:00+00:00,27.249887,11.4265995
2025-07-24 00:00:00+00:00,0.07401591,9.05598
2025-07-25 00:00:00+00:00,0.0,7.273104
2025-07-26 00:00:00+00:00,15.463049,13.386577
2025-07-27 00:00:00+00:00,1.9369863,10.385279
2025-07-28 00:00:00+00:00,0.0,13.493623
2025-07-29 00:00:00+00:00,0.0,12.932314
2025-07-30 00:00:00+00:00,8.919594,9.893334
2025-07-31 00:00:00+00:00,0.0,15.521841
2025-08-01 00:00:00+00:00,0.75243384,14.339256
2025-08-02 00:00:00+00:00,0.07538364,14.399173
2025-08-03 00:00:00+00:00,0.60417026,13.8311615
2025-08-04 00:00:00+00:00,1.3618137,17.046759
2025-08-05 00:00:00+00:00,2.728399,13.31543
2025-08-06 00:00:00+00:00,15.867067,15.92025
2025-08-07 00:00:00+00:00,0.0,12.791761
2025-08-08 00:00:00+00:00,0.9140662,11.563245
2025-08-09 00:00:00+00:00,0.0,18.712381
2025-08-10 00:00:00+00:00,4.3557343,19.44434
2025-08-11 00:00:00+00:00,0.45921177,16.276838
2025-08-12 00:00:00+00:00,0.076652125,9.810635
2025-08-13 00:00:00+00:00,0.15353386,14.4551325
2025-08-14 00:00:00+00:00,0.0,13.862141
2025-08-15 00:00:00+00:00,0.0,9.947919
2025-08-16 00:00:00+00:00,0.0,7.9959655
2025-08-17 00:00:00+00:00,4.1691794,11.381674
2025-08-18 00:00:00+00:00,0.07731251,10.763756
2025-08-19 00:00:00+00:00,0.6967462,12.844101
2025-08-20 00:00:00+00:00,0.0,12.907133
2025-08-21 00:00:00+00:00,0.0,12.971072
2025-08-22 00:00:00+00:00,0.0,15.09425
2025-08-23 00:00:00+00:00,0.0,13.791327
2025-08-24 00:00:00+00:00,0.0,11.782388
2025-08-25 00:00:00+00:00,0.62403727,21.596125
2025-08-26 00:00:00+00:00,18.743374,25.909992
2025-08-27 00:00:00+00:00,0.31275484,23.230204
2025-08-28 00:00:00+00:00,0.0,9.907478
2025-08-29 00:00:00+00:00,7.131415,15.652242
2025-08-30 00:00:00+00:00,0.0,14.30625
2025-08-31 00:00:00+00:00,0.0,19.418922
2025-09-01 00:00:00+00:00,0.078624986,17.356497
2025-09-02 00:00:00+00:00,0.07863904,12.320824
2025-09-03 00:00:00+00:00,0.5504071,13.059185
2025-09-04 00:00:00+00:00,0.07861988,13.07285
2025-09-05 00:00:00+00:00,0.786099,17.448761
2025-09-06 00:00:00+00:00,14.305134,21.10611
2025-09-07 00:00:00+00:00,12.731431,19.671265
2025-09-08 00:00:00+00:00,0.0,13.128061
2025-09-09 00:00:00+00:00,3.9283514,15.332335
2025-09-10 00:00:00+00:00,12.254661,16.81045
2025-09-11 00:00:00+00:00,10.289216,16.09674
2025-09-12 00:00:00+00:00,0.0,17.5789
2025-09-13 00:00:00+00:00,3.0622325,8.798897
2025-09-14 00:00:00+00:00,13.895519,8.808384
2025-09-15 00:00:00+00:00,3.8461227,6.613431
2025-09-16 00:00:00+00:00,0.0,11.769964
2025-09-17 00:00:00+00:00,0.39232033,12.519193
2025-09-18 00:00:00+00:00,0.8629413,8.846722
2025-09-19 00:00:00+00:00,4.2354283,11.070505
2025-09-20 00:00:00+00:00,1.4115231,8.866129
2025-09-21 00:00:00+00:00,11.681821,9.615551
2025-09-22 00:00:00+00:00,14.0308075,9.626173
2025-09-23 00:00:00+00:00,6.347703,8.154249
2025-09-24 00:00:00+00:00,3.290629,15.584504
2025-09-25 00:00:00+00:00,2.8981812,14.115988
2025-09-26 00:00:00+00:00,6.108131,16.36311
2025-09-27 00:00:00+00:00,0.0,9.6799555
2025-09-28 00:00:00+00:00,7.3571186,11.181748
2025-09-29 00:00:00+00:00,0.0,11.940662
2025-09-30 00:00:00+00:00,1.0951006,8.965636
2025-10-01 00:00:00+00:00,0.15639421,17.951641
2025-10-02 00:00:00+00:00,0.0,12.730233
2025-10-03 00:00:00+00:00,3.8291047,8.996317
2025-10-04 00:00:00+00:00,7.6554766,7.505526
2025-10-05 00:00:00+00:00,5.2318883,7.5141573
2025-10-06 00:00:00+00:00,5.776235,7.522827
2025-10-07 00:00:00+00:00,4.4474263,10.544147
2025-10-08 00:00:00+00:00,0.077991165,7.5402775
2025-10-09 00:00:00+00:00,0.07795551,8.303966
2025-10-10 00:00:00+00:00,0.0,10.58103
2025-10-11 00:00:00+00:00,0.0,7.566737
2025-10-12 00:00:00+00:00,0.0,9.09076
2025-10-13 00:00:00+00:00,0.0,9.85994
2025-10-14 00:00:00+00:00,0.0,8.352899
2025-10-15 00:00:00+00:00,0.0,7.602556
2025-10-16 00:00:00+00:00,0.0,9.133933
2025-10-17 00:00:00+00:00,0.0,10.668985
2025-10-18 00:00:00+00:00,0.0,9.155805
2025-10-19 00:00:00+00:00,0.0,9.166814
2025-10-20 00:00:00+00:00,0.0,9.17787
2025-10-21 00:00:00+00:00,0.0,11.486221
2025-10-22 00:00:00+00:00,0.07722903,12.266842
2025-10-23 00:00:00+00:00,0.077140115,10.746561
2025-10-24 00:00:00+00:00,0.0,14.602436
2025-10-25 00:00:00+00:00,0.0,15.38983
2025-10-26 00:00:00+00:00,0.0,10.78613
2025-10-27 00:00:00+00:00,0.0,7.7138844
2025-10-28 00:00:00+00:00,0.0,7.723434
2025-10-29 00:00:00+00:00,0.0,7.7330256
2025-10-30 00:00:00+00:00,0.0,8.516929
2025-10-31 00:00:00+00:00,0.0,9.30281
2025-11-01 00:00:00+00:00,0.0,9.314478
2025-11-02 00:00:00+00:00,0.0,12.382663
2025-11-03 00:00:00+00:00,0.0,14.652608
2025-11-04 00:00:00+00:00,0.0,10.758924
2025-11-05 00:00:00+00:00,0.0,9.189962
2025-11-06 00:00:00+00:00,0.0,9.158351
2025-11-07 00:00:00+00:00,0.0,11.408871
2025-11-08 00:00:00+00:00,0.0,10.612226
2025-11-09 00:00:00+00:00,0.22478078,9.821103
2025-11-10 00:00:00+00:00,0.37402424,13.553123
2025-11-11 00:00:00+00:00,0.1493573,11.256911
2025-11-12 00:00:00+00:00,0.07454812,11.967963
2025-11-13 00:00:00+00:00,0.0,9.692299
2025-11-14 00:00:00+00:00,0.0,9.660971
2025-11-15 00:00:00+00:00,0.0,11.852285
2025-11-16 00:00:00+00:00,0.0,15.506602
2025-11-17 00:00:00+00:00,0.0,15.457609
2025-11-18 00:00:00+00:00,0.0,15.409139
2025-11-19 00:00:00+00:00,0.0,14.629696
2025-11-20 00:00:00+00:00,0.0,13.855276
2025-11-21 00:00:00+00:00,0.0,13.812787
2025-11-22 00:00:00+00:00,0.0,11.596416
2025-11-23 00:00:00+00:00,0.0,10.838791
2025-11-24 00:00:00+00:00,0.0,12.247118
2025-11-25 00:00:00+00:00,0.0,12.2106495
2025-11-26 00:00:00+00:00,0.0,11.458403
2025-11-27 00:00:00+00:00,0.0,12.138823
2025-11-28 00:00:00+00:00,0.0,9.25558
2025-11-29 00:00:00+00:00,0.0,10.648621
2025-11-30 00:00:00+00:00,0.0,9.910167
2025-12-01 00:00:00+00:00,0.0,11.293603
2025-12-02 00:00:00+00:00,0.0,11.261621
2025-12-03 00:00:00+00:00,0.0,14.037442
2025-12-04 00:00:00+00:00,0.0,11.89851
2025-12-05 00:00:00+00:00,0.0,13.959432
2025-12-06 00:00:00+00:00,0.0,16.705194
2025-12-07 00:00:00+00:00,0.0,18.047806
2025-12-08 00:00:00+00:00,0.0,20.76784
2025-12-09 00:00:00+00:00,0.0,17.950253
2025-12-10 00:00:00+00:00,0.0,15.8365345
2025-12-11 00:00:00+00:00,0.0,17.167833
2025-12-12 00:00:00+00:00,0.0,17.807365
2025-12-13 00:00:00+00:00,0.0,16.394432
2025-12-14 00:00:00+00:00,0.0,17.714338
2025-12-15 00:00:00+00:00,0.0,14.270688
2025-12-16 00:00:00+00:00,0.0,12.8783655
2025-12-17 00:00:00+00:00,0.0,12.169385
2025-12-18 00:00:00+00:00,0.24818504,15.510309
2025-12-19 00:00:00+00:00,0.061095256,12.78056
2025-12-20 00:00:00+00:00,0.12010094,11.406596
2025-12-21 00:00:00+00:00,0.0,9.370294
2025-12-22 00:00:00+00:00,0.0,12.017739
2025-12-23 00:00:00+00:00,0.0,13.320252
2025-12-24 00:00:00+00:00,0.0,15.945302
2025-12-25 00:00:00+00:00,0.0,15.90665
2025-12-26 00:00:00+00:00,0.0,15.207155
2025-12-27 00:00:00+00:00,0.0,15.830359
2025-12-28 00:00:00+00:00,0.0,16.450747
2025-12-29 00:00:00+00:00,0.0,14.442455
2025-12-30 00:00:00+00:00,0.0,13.098676
2025-12-31 00:00:00+00:00,0.0,13.068118
2026-01-01 00:00:00+00:00,0.0,10.43026
2026-01-02 00:00:00+00:00,0.0,10.413356
2026-01-03 00:00:00+00:00,0.0,11.046323
2026-01-04 00:00:00+00:00,0.0,12.974761
2026-01-05 00:00:00+00:00,0.0,14.897047
2026-01-06 00:00:00+00:00,0.24524695,14.226577
2026-01-07 00:00:00+00:00,0.18989879,12.912653
2026-01-08 00:00:00+00:00,0.0,16.75981
2026-01-09 00:00:00+00:00,0.0,16.733303
2026-01-10 00:00:00+00:00,0.0,19.919802
2026-01-11 00:00:00+00:00,0.0,17.963818
2026-01-12 00:00:00+00:00,0.0,19.857382
2026-01-13 00:00:00+00:00,0.0,19.826408
2026-01-14 00:00:00+00:00,0.0,19.795588
2026-01-15 00:00:00+00:00,0.0,18.489767
2026-01-16 00:00:00+00:00,0.0,19.09781
2026-01-17 00:00:00+00:00,0.0,16.525967
2026-01-18 00:00:00+00:00,0.0,18.404547
2026-01-19 00:00:00+00:00,0.0,15.20807
2026-01-20 00:00:00+00:00,0.0,15.817612
2026-01-21 00:00:00+00:00,0.0,14.53011
2026-01-22 00:00:00+00:00,0.025119338,13.877342
2026-01-23 00:00:00+00:00,0.049942616,11.966907
2026-01-24 00:00:00+00:00,0.0,10.691143
2026-01-25 00:00:00+00:00,0.0,15.070773
2026-01-26 00:00:00+00:00,0.0,15.675287
2026-01-27 00:00:00+00:00,0.0,14.399813
2026-01-28 00:00:00+00:00,0.0,14.37846
2026-01-29 00:00:00+00:00,0.0,14.357209
2026-01-30 00:00:00+00:00,0.0,16.205986
2026-01-31 00:00:00+00:00,0.0,18.049372
2026-02-01 00:00:00+00:00,0.0,18.022963
2026-02-02 00:00:00+00:00,0.0,14.893803
2026-02-03 00:00:00+00:00,0.0,16.1115
2026-02-04 00:00:00+00:00,0.0,14.850607
2026-02-05 00:00:00+00:00,0.0,11.739751
2026-02-06 00:00:00+00:00,0.0,16.041798
2026-02-07 00:00:00+00:00,0.0,14.786571
2026-02-08 00:00:00+00:00,0.0,15.380651
2026-02-09 00:00:00+00:00,0.0,12.901333
2026-02-10 00:00:00+00:00,0.0,11.042575
2026-02-11 00:00:00+00:00,0.0,12.252154
2026-02-12 00:00:00+00:00,0.0,13.458346
2026-02-13 00:00:00+00:00,0.0213408,14.661174
2026-02-14 00:00:00+00:00,0.16910939,17.080713
2026-02-15 00:00:00+00:00,0.0,20.711874
2026-02-16 00:00:00+00:00,0.0,20.683012
2026-02-17 00:00:00+00:00,0.0,17.009409
2026-02-18 00:00:00+00:00,0.0,18.80577
2026-02-19 00:00:00+00:00,0.0,16.356617
2026-02-20 00:00:00+00:00,0.0,15.124181
2026-02-21 00:00:00+00:00,0.0,17.519987
2026-02-22 00:00:00+00:00,0.0,19.305973
2026-02-23 00:00:00+00:00,0.0,19.882154
2026-02-24 00:00:00+00:00,0.0,21.660158
2026-02-25 00:00:00+00:00,0.0,19.227404
2026-02-26 00:00:00+00:00,0.0,14.401088
2026-02-27 00:00:00+00:00,0.0,11.984756
2026-02-28 00:00:00+00:00,0.0,11.968681
2026-03-01 00:00:00+00:00,0.0,11.952677
2026-03-02 00:00:00+00:00,0.0,11.339907
2026-03-03 00:00:00+00:00,0.0,13.708359
2026-03-04 00:00:00+00:00,0.0,14.2799835
2026-03-05 00:00:00+00:00,0.0,12.473736
2026-03-06 00:00:00+00:00,0.0,19.56834
2026-03-07 00:00:00+00:00,0.0,14.799428
2026-03-08 00:00:00+00:00,0.0,15.956421
2026-03-09 00:00:00+00:00,0.0,14.749614
2026-03-10 00:00:00+00:00,0.0,11.779895
2026-03-11 00:00:00+00:00,0.0,14.700235
2026-03-12 00:00:00+00:00,0.0,14.088679
2026-03-13 00:00:00+00:00,0.0,11.134976
2026-03-14 00:00:00+00:00,0.0,13.456815
2026-03-15 00:00:00+00:00,0.0,12.26632
2026-03-16 00:00:00+00:00,0.0,14.57866
2026-03-17 00:00:00+00:00,0.051807906,11.643729
2026-03-18 00:00:00+00:00,0.026265372,16.274454
2026-03-19 00:00:00+00:00,0.29268277,19.729483
2026-03-20 00:00:00+00:00,0.080795705,18.538597
2026-03-21 00:00:00+00:00,0.027239865,17.930017
2026-03-22 00:00:00+00:00,0.0,14.436203
2026-03-23 00:00:00+00:00,0.0,13.836302
2026-03-24 00:00:00+00:00,0.0,14.965105
2026-03-25 00:00:00+00:00,0.0,16.090296
2026-03-26 00:00:00+00:00,0.0,17.78562
2026-03-27 00:00:00+00:00,0.0,18.32992
2026-03-28 00:00:00+00:00,0.0,22.303871
2026-03-29 00:00:00+00:00,0.14618452,20.555357
2026-03-30 00:00:00+00:00,0.029440228,16.532145
2026-03-31 00:00:00+00:00,0.11854135,13.090901
2026-04-01 00:00:00+00:00,0.0,13.638457
2026-04-02 00:00:00+00:00,0.0,16.453794
2026-04-03 00:00:00+00:00,0.0,13.029021
2026-04-04 00:00:00+00:00,0.0,18.098875
2026-04-05 00:00:00+00:00,0.0,22.588167
2026-04-06 00:00:00+00:00,0.0,17.478489
2026-04-07 00:00:00+00:00,0.0,14.63654
2026-04-08 00:00:00+00:00,0.0,16.862076
2026-04-09 00:00:00+00:00,0.0,16.274742
2026-04-10 00:00:00+00:00,0.0,17.930574
2026-04-11 00:00:00+00:00,0.0,25.73546
2026-04-12 00:00:00+00:00,0.0,22.90285
2026-04-13 00:00:00+00:00,0.0,18.96347
2026-04-14 00:00:00+00:00,0.0,17.820667
2026-04-15 00:00:00+00:00,0.0,16.125326
2026-04-16 00:00:00+00:00,0.0,14.990381
2026-04-17 00:00:00+00:00,0.0,17.739399
2026-04-18 00:00:00+00:00,0.0,17.712528
2026-04-19 00:00:00+00:00,0.0,21.554533
2026-04-20 00:00:00+00:00,0.0,21.522049
2026-04-21 00:00:00+00:00,0.0,21.489695
2026-04-22 00:00:00+00:00,0.0,19.806894
2026-04-23 00:00:00+00:00,0.0,24.172222
2026-04-24 00:00:00+00:00,0.0,23.039059
2026-04-25 00:00:00+00:00,0.0,18.622911
2026-04-26 00:00:00+00:00,0.0,16.407587
2026-04-27 00:00:00+00:00,0.0,14.198849
2026-04-28 00:00:00+00:00,0.0,12.541967
2026-04-29 00:00:00+00:00,0.0,16.879484
2026-04-30 00:00:00+00:00,0.06641322,17.39837
2026-05-01 00:00:00+00:00,0.0,17.372864
2026-05-02 00:00:00+00:00,0.0,17.88956
2026-05-03 00:00:00+00:00,0.0,18.413776
2026-05-04 00:00:00+00:00,0.0,16.255526
2026-05-05 00:00:00+00:00,0.0,13.553014
2026-05-06 00:00:00+00:00,0.0,12.474986
2026-05-07 00:00:00+00:00,0.0,11.395889
2026-05-08 00:00:00+00:00,0.2520668,17.373842
2026-05-09 00:00:00+00:00,0.052143026,20.64176
2026-05-10 00:00:00+00:00,0.0,13.043433
2026-05-11 00:00:00+00:00,2.2520816,15.224974
2026-05-12 00:00:00+00:00,0.6167375,16.864687
2026-05-13 00:00:00+00:00,0.57074493,14.695987
2026-05-14 00:00:00+00:00,0.0,13.069678
2026-05-15 00:00:00+00:00,0.058777936,23.973162
2026-05-16 00:00:00+00:00,0.53554016,24.530386
2026-05-17 00:00:00+00:00,0.30081552,15.27107
2026-05-18 00:00:00+00:00,0.0,19.644173
2026-05-19 00:00:00+00:00,0.0,16.92439
2026-05-20 00:00:00+00:00,0.12363044,16.932981
2026-05-21 00:00:00+00:00,0.0,18.034595
2026-05-22 00:00:00+00:00,0.0,18.043776
2026-05-23 00:00:00+00:00,0.0,16.411793
2026-05-24 00:00:00+00:00,0.0,18.062185
2026-05-25 00:00:00+00:00,0.0,24.09522
2026-05-26 00:00:00+00:00,0.0,22.463852
2026-05-27 00:00:00+00:00,0.0,20.830822
2026-05-28 00:00:00+00:00,0.0,16.453825
2026-05-29 00:00:00+00:00,0.0,15.913534
2026-05-30 00:00:00+00:00,0.0,15.372697
2026-05-31 00:00:00+00:00,0.0,17.577847
2026-06-01 00:00:00+00:00,0.0,17.03732
2026-06-02 00:00:00+00:00,0.06591229,14.8466215
2026-06-03 00:00:00+00:00,0.0,13.753983
2026-06-04 00:00:00+00:00,0.0,19.815989
2026-06-05 00:00:00+00:00,0.0664834,19.826265
2026-06-06 00:00:00+00:00,0.0,18.183514
2026-06-07 00:00:00+00:00,0.06681924,15.436459
2026-06-08 00:00:00+00:00,0.20092668,24.26992
2026-06-09 00:00:00+00:00,3.0206177,14.900671
2026-06-10 00:00:00+00:00,10.291933,14.356283
2026-06-11 00:00:00+00:00,0.0,14.916242
2026-06-12 00:00:00+00:00,0.20260464,14.924049
2026-06-13 00:00:00+00:00,0.0,21.568264
2026-06-14 00:00:00+00:00,0.40668353,21.57958
2026-06-15 00:00:00+00:00,0.4073768,21.037312
2026-06-16 00:00:00+00:00,0.40804306,18.278858
2026-06-17 00:00:00+00:00,0.0,25.493042
2026-06-18 00:00:00+00:00,2.0465035,13.862227
2026-06-19 00:00:00+00:00,3.1425276,13.869554
2026-06-20 00:00:00+00:00,0.82093525,16.652273
2026-06-21 00:00:00+00:00,0.13700669,15.550354
2026-06-22 00:00:00+00:00,8.231063,20.559586
2026-06-23 00:00:00+00:00,1.4422381,12.231113
2026-06-24 00:00:00+00:00,0.0,15.018897
2026-06-25 00:00:00+00:00,0.0,16.696554
2026-06-26 00:00:00+00:00,0.0,12.807521
2026-06-27 00:00:00+00:00,0.0,13.37151
2026-06-28 00:00:00+00:00,0.0,16.723326
2026-06-29 00:00:00+00:00,0.27654788,22.309713
2026-06-30 00:00:00+00:00,1.1072844,22.321676
2026-07-01 00:00:00+00:00,1.0390729,10.050149
2026-07-02 00:00:00+00:00,6.517565,17.317902
2026-07-03 00:00:00+00:00,1.0421759,13.988011
2026-07-04 00:00:00+00:00,0.2092472,16.279892
2026-07-05 00:00:00+00:00,6.5811906,12.391513
2026-07-06 00:00:00+00:00,0.56215596,11.302918
2026-07-07 00:00:00+00:00,0.14103957,18.71304
2026-07-08 00:00:00+00:00,0.07076379,13.65597
2026-07-09 00:00:00+00:00,0.0,12.56105
2026-07-10 00:00:00+00:00,0.0,15.469291
2026-07-11 00:00:00+00:00,0.4287624,19.547909
2026-07-12 00:00:00+00:00,2.7955785,13.2701435
2026-07-13 00:00:00+00:00,0.14379476,8.685147
2026-07-14 00:00:00+00:00,5.480225,10.459437
2026-07-15 00:00:00+00:00,0.8677706,20.994251
2026-07-16 00:00:00+00:00,9.934622,15.802864
2026-07-17 00:00:00+00:00,0.14542444,18.797869
2026-07-18 00:00:00+00:00,1.8955188,11.202402
2026-07-19 00:00:00+00:00,0.0,11.835842
2026-07-20 00:00:00+00:00,0.07327669,14.256236
2026-07-21 00:00:00+00:00,0.0,16.098846
2026-07-22 00:00:00+00:00,0.14726582,17.357195
2026-07-23 00:00:00+00:00,0.073805384,16.222176
2026-07-24 00:00:00+00:00,8.137167,7.840902
2026-07-25 00:00:00+00:00,0.07413962,16.953981
2026-07-26 00:00:00+00:00,1.5603335,15.804902
2026-07-27 00:00:00+00:00,6.999268,12.205829
2026-07-28 00:00:00+00:00,0.29846328,12.254634
2026-07-29 00:00:00+00:00,0.07476825,15.995253
2026-07-30 00:00:00+00:00,12.661087,20.384205
2026-07-31 00:00:00+00:00,6.830842,17.366594
2026-08-01 00:00:00+00:00,0.97770244,14.324396
2026-08-02 00:00:00+00:00,1.7330232,15.0095215
2026-08-03 00:00:00+00:00,2.7175357,11.304477
2026-08-04 00:00:00+00:00,0.5293596,11.352422
2026-08-05 00:00:00+00:00,0.0,13.93454
2026-08-06 00:00:00+00:00,4.097881,15.9030285
2026-08-07 00:00:00+00:00,2.8125556,17.888922
2026-08-08 00:00:00+00:00,1.3705384,14.117299
2026-08-09 00:00:00+00:00,0.0,17.402525
2026-08-10 00:00:00+00:00,14.589792,21.364809
2026-08-11 00:00:00+00:00,33.73904,20.160465
2026-08-12 00:00:00+00:00,0.0,15.025815
2026-08-13 00:00:00+00:00,4.143874,14.438497
2026-08-14 00:00:00+00:00,0.1537035,13.1867075
2026-08-15 00:00:00+00:00,0.38481578,15.2356
2026-08-16 00:00:00+00:00,1.695599,12.645305
2026-08-17 00:00:00+00:00,12.27168,10.699378
2026-08-18 00:00:00+00:00,13.370528,12.766562
2026-08-19 00:00:00+00:00,5.8816757,13.503668
2026-08-20 00:00:00+00:00,6.3544216,18.99769
2026-08-21 00:00:00+00:00,0.077593766,16.364212
2026-08-22 00:00:00+00:00,1.7869381,13.704881
2026-08-23 00:00:00+00:00,3.3449955,14.462606
2026-08-24 00:00:00+00:00,0.07788666,11.075168
2026-08-25 00:00:00+00:00,1.0917374,16.002304
2026-08-26 00:00:00+00:00,0.0,13.287836
2026-08-27 00:00:00+00:00,3.8301353,21.090647
2026-08-28 00:00:00+00:00,89.838234,40.990856
2026-08-29 00:00:00+00:00,21.77996,44.0518
2026-08-30 00:00:00+00:00,0.07843273,13.572559
2026-08-31 00:00:00+00:00,19.472706,30.16595
2026-09-01 00:00:00+00:00,7.7817903,34.6651
2026-09-02 00:00:00+00:00,0.07864136,13.042181
2026-09-03 00:00:00+00:00,0.15726395,10.879815
2026-09-04 00:00:00+00:00,0.31448933,10.8911915
2026-09-05 00:00:00+00:00,0.15722485,13.083134
2026-09-06 00:00:00+00:00,1.1790335,16.007318
2026-09-07 00:00:00+00:00,3.6152203,14.567457
2026-09-08 00:00:00+00:00,2.750334,13.853726
2026-09-09 00:00:00+00:00,0.3928493,10.2188425
2026-09-10 00:00:00+00:00,13.512049,10.22972
2026-09-11 00:00:00+00:00,1.099653,13.16654
2026-09-12 00:00:00+00:00,0.2356035,8.787093
2026-09-13 00:00:00+00:00,0.5496538,10.26262
2026-09-14 00:00:00+00:00,0.0,10.273675
2026-09-15 00:00:00+00:00,0.0,13.223286
2026-09-16 00:00:00+00:00,0.0,11.031348
2026-09-17 00:00:00+00:00,5.257335,11.779563
2026-09-18 00:00:00+00:00,0.0,14.740511
2026-09-19 00:00:00+00:00,0.0,14.018802
2026-09-20 00:00:00+00:00,0.07842198,10.340977
2026-09-21 00:00:00+00:00,8.546216,10.352356
2026-09-22 00:00:00+00:00,16.775188,8.142974
2026-09-23 00:00:00+00:00,13.793328,6.6698103
2026-09-24 00:00:00+00:00,0.47011784,8.161043
2026-09-25 00:00:00+00:00,7.75507,9.655613
2026-09-26 00:00:00+00:00,9.476044,8.922835
2026-09-27 00:00:00+00:00,3.1317582,6.699628
2026-09-28 00:00:00+00:00,0.78272676,9.68812
2026-09-29 00:00:00+00:00,5.712288,11.93729
2026-09-30 00:00:00+00:00,6.6493297,12.697722
2026-10-01 00:00:00+00:00,1.9550823,14.207677
2026-10-02 00:00:00+00:00,3.5180144,13.475229
2026-10-03 00:00:00+00:00,0.15630351,8.993746
2026-10-04 00:00:00+00:00,6.4061837,7.5033746
2026-10-05 00:00:00+00:00,7.575247,7.5119963
2026-10-06 00:00:00+00:00,7.1819835,7.5206566
2026-10-07 00:00:00+00:00,2.1068974,9.035225
2026-10-08 00:00:00+00:00,5.6159844,9.045706
2026-10-09 00:00:00+00:00,3.196548,8.301546
2026-10-10 00:00:00+00:00,0.0,9.066805
2026-10-11 00:00:00+00:00,7.3215013,9.833875
2026-10-12 00:00:00+00:00,0.07784691,7.573406
2026-10-13 00:00:00+00:00,0.4668183,10.615265
2026-10-14 00:00:00+00:00,0.0,9.868686
2026-10-15 00:00:00+00:00,0.0,10.640421
2026-10-16 00:00:00+00:00,0.0,12.17495
2026-10-17 00:00:00+00:00,0.077598356,11.42764
2026-10-18 00:00:00+00:00,0.077538334,10.67857
2026-10-19 00:00:00+00:00,0.0,11.45507
2026-10-20 00:00:00+00:00,0.0,9.175101
2026-10-21 00:00:00+00:00,0.0,9.95171
2026-10-22 00:00:00+00:00,0.0,8.430893
2026-10-23 00:00:00+00:00,0.0,9.208531
2026-10-24 00:00:00+00:00,0.0,9.219773
2026-10-25 00:00:00+00:00,0.0,14.615855
2026-10-26 00:00:00+00:00,0.0,10.012611
2026-10-27 00:00:00+00:00,0.0,8.482656
2026-10-28 00:00:00+00:00,0.0,7.7210426
2026-10-29 00:00:00+00:00,0.0,7.730624
2026-10-30 00:00:00+00:00,0.0,7.740248
2026-10-31 00:00:00+00:00,0.0,7.749917
2026-11-01 00:00:00+00:00,0.0,7.7596297
2026-11-02 00:00:00+00:00,0.0,7.746031
2026-11-03 00:00:00+00:00,0.0,11.578029
2026-11-04 00:00:00+00:00,0.0,13.075814
2026-11-05 00:00:00+00:00,0.0,9.964414
2026-11-06 00:00:00+00:00,0.0,9.166222
2026-11-07 00:00:00+00:00,0.0,12.179837
2026-11-08 00:00:00+00:00,0.0,10.6212015
2026-11-09 00:00:00+00:00,0.0,9.829346
2026-11-10 00:00:00+00:00,0.0,9.042938
2026-11-11 00:00:00+00:00,0.0,10.515131
2026-11-12 00:00:00+00:00,0.0,11.229163
2026-11-13 00:00:00+00:00,0.0,9.700184
2026-11-14 00:00:00+00:00,0.0,13.387529
2026-11-15 00:00:00+00:00,0.0,14.827227
2026-11-16 00:00:00+00:00,0.0,14.779938
2026-11-17 00:00:00+00:00,0.0,13.259836
2026-11-18 00:00:00+00:00,0.0,13.952521
2026-11-19 00:00:00+00:00,0.0,10.980801
2026-11-20 00:00:00+00:00,0.0,10.946815
2026-11-21 00:00:00+00:00,0.0,8.003002
2026-11-22 00:00:00+00:00,0.0,10.879907
2026-11-23 00:00:00+00:00,0.0,11.570103
2026-11-24 00:00:00+00:00,0.0,12.256294
2026-11-25 00:00:00+00:00,0.0,12.219732
2026-11-26 00:00:00+00:00,0.0,13.6169
2026-11-27 00:00:00+00:00,0.0,11.433149
2026-11-28 00:00:00+00:00,0.0,12.112263
2026-11-29 00:00:00+00:00,0.0,11.366738
2026-11-30 00:00:00+00:00,0.0,10.625652
2026-12-01 00:00:00+00:00,0.0,11.301648
2026-12-02 00:00:00+00:00,0.0,12.678285
2026-12-03 00:00:00+00:00,0.0,13.344937
2026-12-04 00:00:00+00:00,0.0,11.906808
2026-12-05 00:00:00+00:00,0.0,16.064465
2026-12-06 00:00:00+00:00,0.0,13.93057
2026-12-07 00:00:00+00:00,0.0,12.503169
2026-12-08 00:00:00+00:00,0.0,13.854619
2026-12-09 00:00:00+00:00,0.0,14.508047
2026-12-10 00:00:00+00:00,0.0,15.847131
2026-12-11 00:00:00+00:00,0.0,15.117731
2026-12-12 00:00:00+00:00,0.0,13.021666
2026-12-13 00:00:00+00:00,0.0,14.354531
2026-12-14 00:00:00+00:00,0.0,14.9988165
2026-12-15 00:00:00+00:00,0.0,16.319906
2026-12-16 00:00:00+00:00,0.0,15.599616
2026-12-17 00:00:00+00:00,0.0,16.91271
2026-12-18 00:00:00+00:00,0.0,17.544502
2026-12-19 00:00:00+00:00,0.0,17.500196
2026-12-20 00:00:00+00:00,0.0,16.113504
2026-12-21 00:00:00+00:00,0.0,14.7339
2026-12-22 00:00:00+00:00,0.0,15.365483
2026-12-23 00:00:00+00:00,0.0,13.9948435
2026-12-24 00:00:00+00:00,0.0,12.631057
2026-12-25 00:00:00+00:00,0.0,12.600387
2026-12-26 00:00:00+00:00,0.0,13.893147
2026-12-27 00:00:00+00:00,0.0,14.519838
2026-12-28 00:00:00+00:00,0.0,13.168413
2026-12-29 00:00:00+00:00,0.5181582,15.107839
2026-12-30 00:00:00+00:00,0.19733487,17.693584
2026-12-31 00:00:00+00:00,0.17487565,15.690881
2027-01-01 00:00:00+00:00,0.0,17.611254
2027-01-02 00:00:00+00:00,0.0,14.975263
2027-01-03 00:00:00+00:00,0.0,20.80147
2027-01-04 00:00:00+00:00,0.0,19.469967
2027-01-05 00:00:00+00:00,0.0,14.903017
2027-01-06 00:00:00+00:00,0.0,14.879179
2027-01-07 00:00:00+00:00,0.0,14.209572
2027-01-08 00:00:00+00:00,0.0,14.187002
2027-01-09 00:00:00+00:00,0.0,13.520702
2027-01-10 00:00:00+00:00,0.0,17.356339
2027-01-11 00:00:00+00:00,0.0,16.045418
2027-01-12 00:00:00+00:00,0.0,21.146776
2027-01-13 00:00:00+00:00,0.0,16.635084
2027-01-14 00:00:00+00:00,0.0,18.525648
2027-01-15 00:00:00+00:00,0.0,14.669973
2027-01-16 00:00:00+00:00,0.0,13.373625
2027-01-17 00:00:00+00:00,0.0,15.260607
2027-01-18 00:00:00+00:00,0.0,20.316246
2027-01-19 00:00:00+00:00,0.0,20.919083
2027-01-20 00:00:00+00:00,0.0,17.722467
2027-01-21 00:00:00+00:00,0.0,17.695543
2027-01-22 00:00:00+00:00,0.0,16.406694
2027-01-23 00:00:00+00:00,0.0,17.01201
2027-01-24 00:00:00+00:00,0.0,16.357298
2027-01-25 00:00:00+00:00,0.0,16.960964
2027-01-26 00:00:00+00:00,0.0,14.426645
2027-01-27 00:00:00+00:00,0.0,15.657788
2027-01-28 00:00:00+00:00,0.0,15.00917
2027-01-29 00:00:00+00:00,0.024080858,16.860344
2027-01-30 00:00:00+00:00,0.023918806,17.459024
2027-01-31 00:00:00+00:00,0.0,18.678612
2027-02-01 00:00:00+00:00,0.0,15.542717
2027-02-02 00:00:00+00:00,0.0,17.382433
2027-02-03 00:00:00+00:00,0.0,20.456636
2027-02-04 00:00:00+00:00,0.0,24.14097
2027-02-05 00:00:00+00:00,0.0,17.925035
2027-02-06 00:00:00+00:00,0.0,14.813142
2027-02-07 00:00:00+00:00,0.0,13.5592165
2027-02-08 00:00:00+00:00,0.0,14.155257
2027-02-09 00:00:00+00:00,0.0,12.905928
2027-02-10 00:00:00+00:00,0.0,12.273884
2027-02-11 00:00:00+00:00,0.0,12.869313
2027-02-12 00:00:00+00:00,0.0,11.627216
2027-02-13 00:00:00+00:00,0.0,11.610844
2027-02-14 00:00:00+00:00,0.0,12.204785
2027-02-15 00:00:00+00:00,0.0,14.015868
2027-02-16 00:00:00+00:00,0.0,11.562179
2027-02-17 00:00:00+00:00,0.0,12.761485
2027-02-18 00:00:00+00:00,0.0,13.957497
2027-02-19 00:00:00+00:00,0.0,20.604324
2027-02-20 00:00:00+00:00,0.0,18.76043
2027-02-21 00:00:00+00:00,0.0,19.339025
2027-02-22 00:00:00+00:00,0.0,13.2773905
2027-02-23 00:00:00+00:00,0.0,17.478148
2027-02-24 00:00:00+00:00,0.0,18.658136
2027-02-25 00:00:00+00:00,0.0,20.436031
2027-02-26 00:00:00+00:00,0.0,19.207926
2027-02-27 00:00:00+00:00,0.0,14.985985
2027-02-28 00:00:00+00:00,0.0,14.965866
2027-03-01 00:00:00+00:00,0.0,15.543673
2027-03-02 00:00:00+00:00,0.0,17.314045
2027-03-03 00:00:00+00:00,0.0,17.29102
2027-03-04 00:00:00+00:00,0.0,15.476576
2027-03-05 00:00:00+00:00,0.0,14.856001
2027-03-06 00:00:00+00:00,0.0,16.610481
2027-03-07 00:00:00+00:00,0.0,15.99014
2027-03-08 00:00:00+00:00,0.0,18.91929
2027-03-09 00:00:00+00:00,0.0,14.165584
2027-03-10 00:00:00+00:00,0.0,10.606352
2027-03-11 00:00:00+00:00,0.0,12.941618
2027-03-12 00:00:00+00:00,0.0,18.792744
2027-03-13 00:00:00+00:00,0.0,21.692924
2027-03-14 00:00:00+00:00,0.0,22.827545
2027-03-15 00:00:00+00:00,0.0,16.36186
2027-03-16 00:00:00+00:00,0.0,11.667741
2027-03-17 00:00:00+00:00,0.0,17.47278
2027-03-18 00:00:00+00:00,0.0,18.025543
2027-03-19 00:00:00+00:00,0.0,15.093424
2027-03-20 00:00:00+00:00,0.0,16.227896
2027-03-21 00:00:00+00:00,0.0,16.201445
2027-03-22 00:00:00+00:00,0.0,13.286699
2027-03-23 00:00:00+00:00,0.0,11.534922
2027-03-24 00:00:00+00:00,0.0,13.2437105
2027-03-25 00:00:00+00:00,0.0,12.6474695
2027-03-26 00:00:00+00:00,0.0,13.201086
2027-03-27 00:00:00+00:00,0.0,22.921583
2027-03-28 00:00:00+00:00,0.0,18.307928
2027-03-29 00:00:00+00:00,0.0,15.422664
2027-03-30 00:00:00+00:00,0.0,13.687218
2027-03-31 00:00:00+00:00,0.0,14.804279
2027-04-01 00:00:00+00:00,0.0,13.643853
2027-04-02 00:00:00+00:00,0.0,15.325093
2027-04-03 00:00:00+00:00,0.0,16.434362
2027-04-04 00:00:00+00:00,0.0,17.540167
2027-04-05 00:00:00+00:00,0.0,14.688056
2027-04-06 00:00:00+00:00,0.0,12.408931
2027-04-07 00:00:00+00:00,0.0,10.136935
2027-04-08 00:00:00+00:00,0.0,12.370325
2027-04-09 00:00:00+00:00,0.0,14.035387
2027-04-10 00:00:00+00:00,0.0,14.013676
2027-04-11 00:00:00+00:00,0.0,15.11142
2027-04-12 00:00:00+00:00,0.0,13.970522
2027-04-13 00:00:00+00:00,0.0,13.949078
2027-04-14 00:00:00+00:00,0.0,16.713264
2027-04-15 00:00:00+00:00,0.0,15.575223
2027-04-16 00:00:00+00:00,0.0,17.217726
2027-04-17 00:00:00+00:00,0.0,16.082432
2027-04-18 00:00:00+00:00,0.03213315,21.59532
2027-04-19 00:00:00+00:00,0.0,16.586672
2027-04-20 00:00:00+00:00,0.0,22.634264
2027-04-21 00:00:00+00:00,0.0,22.600218
2027-04-22 00:00:00+00:00,0.0,17.062334
2027-04-23 00:00:00+00:00,0.0,14.288925
2027-04-24 00:00:00+00:00,0.0,16.462606
2027-04-25 00:00:00+00:00,0.0,22.465393
2027-04-26 00:00:00+00:00,0.0,19.149284
2027-04-27 00:00:00+00:00,0.0,17.48198
2027-04-28 00:00:00+00:00,0.03303496,18.547148
2027-04-29 00:00:00+00:00,0.0,16.341
2027-04-30 00:00:00+00:00,0.033188015,13.053575
2027-05-01 00:00:00+00:00,0.09978505,13.034422
2027-05-02 00:00:00+00:00,1.5333427,15.184571
2027-05-03 00:00:00+00:00,0.13361458,15.703918
2027-05-04 00:00:00+00:00,0.0,16.253504
2027-05-05 00:00:00+00:00,0.0,14.09338
2027-05-06 00:00:00+00:00,0.0,14.642725
2027-05-07 00:00:00+00:00,0.0,16.277811
2027-05-08 00:00:00+00:00,0.0,12.485889
2027-05-09 00:00:00+00:00,0.0,21.182314
2027-05-10 00:00:00+00:00,0.0,28.257233
2027-05-11 00:00:00+00:00,0.0,24.465637
2027-05-12 00:00:00+00:00,0.0,20.670248
2027-05-13 00:00:00+00:00,0.0,15.238364
2027-05-14 00:00:00+00:00,0.0,15.2460375
2027-05-15 00:00:00+00:00,0.0,11.985069
2027-05-16 00:00:00+00:00,0.11865919,15.806475
2027-05-17 00:00:00+00:00,0.66004705,20.177076
2027-05-18 00:00:00+00:00,0.0,15.82247
2027-05-19 00:00:00+00:00,0.0,13.101094
2027-05-20 00:00:00+00:00,0.0,11.469274
2027-05-21 00:00:00+00:00,0.0,19.671602
2027-05-22 00:00:00+00:00,0.0,22.961878
2027-05-23 00:00:00+00:00,0.0,16.95669
2027-05-24 00:00:00+00:00,0.0,19.701687
2027-05-25 00:00:00+00:00,0.0,19.164202
2027-05-26 00:00:00+00:00,0.0,19.174007
2027-05-27 00:00:00+00:00,0.0,18.635717
2027-05-28 00:00:00+00:00,0.0,14.806543
2027-05-29 00:00:00+00:00,0.0,14.814146
2027-05-30 00:00:00+00:00,0.0,19.762354
2027-05-31 00:00:00+00:00,0.0,18.124819
2027-06-01 00:00:00+00:00,0.0,16.485607
2027-06-02 00:00:00+00:00,0.0,20.892546
2027-06-03 00:00:00+00:00,0.0,20.35326
2027-06-04 00:00:00+00:00,0.0,17.06156
2027-06-05 00:00:00+00:00,0.0,13.215798
2027-06-06 00:00:00+00:00,0.0,14.875489
2027-06-07 00:00:00+00:00,0.0,17.639374
2027-06-08 00:00:00+00:00,0.0,21.509174
2027-06-09 00:00:00+00:00,0.0,20.968578
2027-06-10 00:00:00+00:00,0.06723245,17.666967
2027-06-11 00:00:00+00:00,0.0,19.885721
2027-06-12 00:00:00+00:00,0.0,21.001469
2027-06-13 00:00:00+00:00,0.06762942,17.141754
2027-06-14 00:00:00+00:00,0.06775097,13.278
2027-06-15 00:00:00+00:00,0.067867674,17.15976
2027-06-16 00:00:00+00:00,0.47585872,18.276451
2027-06-17 00:00:00+00:00,0.13617532,22.71907
2027-06-18 00:00:00+00:00,0.0,19.404558
2027-06-19 00:00:00+00:00,0.0,25.516603
2027-06-20 00:00:00+00:00,0.068387724,27.195112
2027-06-21 00:00:00+00:00,1.2326511,19.990664
2027-06-22 00:00:00+00:00,0.20571081,18.334494
2027-06-23 00:00:00+00:00,0.06865684,19.456003
2027-06-24 00:00:00+00:00,0.0,22.247257
2027-06-25 00:00:00+00:00,0.41292801,22.259108
2027-06-26 00:00:00+00:00,1.9291873,18.930332
2027-06-27 00:00:00+00:00,1.1725792,15.598009
2027-06-28 00:00:00+00:00,0.069048546,17.27846
2027-06-29 00:00:00+00:00,0.13823912,14.49937
2027-06-30 00:00:00+00:00,7.6107225,12.275276
2027-07-01 00:00:00+00:00,0.20776545,13.398402
2027-07-02 00:00:00+00:00,0.0,12.847035
2027-07-03 00:00:00+00:00,0.0,16.771795
2027-07-04 00:00:00+00:00,15.678465,15.705478
2027-07-05 00:00:00+00:00,16.017958,11.818377
2027-07-06 00:00:00+00:00,0.0,13.552086
2027-07-07 00:00:00+00:00,0.0,15.8642645
2027-07-08 00:00:00+00:00,0.2121101,15.918349
2027-07-09 00:00:00+00:00,4.8241115,10.2683735
2027-07-10 00:00:00+00:00,0.14235276,10.876353
2027-07-11 00:00:00+00:00,0.0,11.48872
2027-07-12 00:00:00+00:00,0.0,11.529092
2027-07-13 00:00:00+00:00,1.1495023,12.726909
2027-07-14 00:00:00+00:00,1.2970077,11.030643
2027-07-15 00:00:00+00:00,0.3613158,13.400904
2027-07-16 00:00:00+00:00,0.0,14.034231
2027-07-17 00:00:00+00:00,0.0,17.606865
2027-07-18 00:00:00+00:00,0.072856896,18.260736
2027-07-19 00:00:00+00:00,0.1460921,13.598558
2027-07-20 00:00:00+00:00,1.7575456,14.836322
2027-07-21 00:00:00+00:00,0.0,17.870705
2027-07-22 00:00:00+00:00,0.0,13.154986
2027-07-23 00:00:00+00:00,4.0569434,13.805621
2027-07-24 00:00:00+00:00,0.66539127,13.858936
2027-07-25 00:00:00+00:00,2.1488595,12.703076
2027-07-26 00:00:00+00:00,12.921486,14.574787
2027-07-27 00:00:00+00:00,8.85609,9.754977
2027-07-28 00:00:00+00:00,8.87469,8.569664
2027-07-29 00:00:00+00:00,1.7935303,12.291634
2027-07-30 00:00:00+00:00,0.29952237,17.895176
2027-07-31 00:00:00+00:00,0.07502783,16.109585
2027-08-01 00:00:00+00:00,4.2848167,11.820958
2027-08-02 00:00:00+00:00,0.1506277,16.243351
2027-08-03 00:00:00+00:00,6.0362234,13.174685
2027-08-04 00:00:00+00:00,13.983987,11.970399
2027-08-05 00:00:00+00:00,12.494279,13.286918
2027-08-06 00:00:00+00:00,0.0,13.344125
2027-08-07 00:00:00+00:00,5.774719,8.934724
2027-08-08 00:00:00+00:00,6.164889,10.896842
2027-08-09 00:00:00+00:00,0.0,13.5203
2027-08-10 00:00:00+00:00,0.0,12.287199
2027-08-11 00:00:00+00:00,0.0,15.590501
2027-08-12 00:00:00+00:00,0.0,15.661271
2027-08-13 00:00:00+00:00,1.2273563,11.799751
2027-08-14 00:00:00+00:00,1.1523539,8.561428
2027-08-15 00:00:00+00:00,0.53854835,9.9246435
2027-08-16 00:00:00+00:00,1.0015911,13.295142
2027-08-17 00:00:00+00:00,0.07715363,12.022465
2027-08-18 00:00:00+00:00,14.447618,12.080101
2027-08-19 00:00:00+00:00,0.6962812,12.138557
2027-08-20 00:00:00+00:00,0.6197399,14.23082
2027-08-21 00:00:00+00:00,0.0,21.791979
2027-08-22 00:00:00+00:00,3.5727425,23.269226
2027-08-23 00:00:00+00:00,0.15553266,15.132215
2027-08-24 00:00:00+00:00,0.62290233,13.826352
2027-08-25 00:00:00+00:00,5.7688723,11.117741
2027-08-26 00:00:00+00:00,6.556301,11.175246
2027-08-27 00:00:00+00:00,0.07814323,17.552525
2027-08-28 00:00:00+00:00,4.1463943,13.41028
2027-08-29 00:00:00+00:00,6.5791383,17.7391
2027-08-30 00:00:00+00:00,0.23523292,14.267633
2027-08-31 00:00:00+00:00,2.9044092,15.062426
2027-09-01 00:00:00+00:00,24.20351,10.096739
2027-09-02 00:00:00+00:00,2.9884593,10.86566
2027-09-03 00:00:00+00:00,21.703077,12.327244
2027-09-04 00:00:00+00:00,29.877409,15.243679
2027-09-05 00:00:00+00:00,0.0,10.173102
2027-09-06 00:00:00+00:00,1.4934912,12.366037
2027-09-07 00:00:00+00:00,0.0,12.379071
2027-09-08 00:00:00+00:00,0.0,13.850061
2027-09-09 00:00:00+00:00,0.0,18.972815
2027-09-10 00:00:00+00:00,0.07856131,16.801495
2027-09-11 00:00:00+00:00,0.0,14.625584
2027-09-12 00:00:00+00:00,0.0,10.980924
2027-09-13 00:00:00+00:00,0.0,11.725556
2027-09-14 00:00:00+00:00,0.23553698,13.205452
2027-09-15 00:00:00+00:00,0.0,10.281997
2027-09-16 00:00:00+00:00,1.2557667,15.439701
2027-09-17 00:00:00+00:00,0.0,12.5123825
2027-09-18 00:00:00+00:00,0.0,11.789192
2027-09-19 00:00:00+00:00,7.6088347,17.703115
2027-09-20 00:00:00+00:00,4.627133,14.030332
2027-09-21 00:00:00+00:00,12.153518,15.52426
2027-09-22 00:00:00+00:00,31.592388,17.021517
2027-09-23 00:00:00+00:00,10.267208,12.595039
2027-09-24 00:00:00+00:00,15.828234,14.092432
2027-09-25 00:00:00+00:00,1.4100993,9.652924
2027-09-26 00:00:00+00:00,0.15663876,7.433617
2027-09-27 00:00:00+00:00,5.2460427,9.674526
2027-09-28 00:00:00+00:00,5.5577435,6.7052746
2027-09-29 00:00:00+00:00,3.0519896,11.188053
2027-09-30 00:00:00+00:00,6.7280617,6.7204204
2027-10-01 00:00:00+00:00,0.0,9.718283
2027-10-02 00:00:00+00:00,0.0,11.97457
2027-10-03 00:00:00+00:00,0.0,8.241911
2027-10-04 00:00:00+00:00,0.0,9.001469
2027-10-05 00:00:00+00:00,0.0,9.011805
2027-10-06 00:00:00+00:00,0.624582,15.788822
2027-10-07 00:00:00+00:00,1.0145372,8.279894
2027-10-08 00:00:00+00:00,0.0,14.31821
2027-10-09 00:00:00+00:00,3.1969163,14.33486
2027-10-10 00:00:00+00:00,7.3260727,9.819504
2027-10-11 00:00:00+00:00,6.309764,10.587225
2027-10-12 00:00:00+00:00,0.07785748,9.085417
2027-10-13 00:00:00+00:00,0.0,9.096116
2027-10-14 00:00:00+00:00,0.07776844,9.865767
2027-10-15 00:00:00+00:00,0.0,9.877459
2027-10-16 00:00:00+00:00,0.0,9.128495
2027-10-17 00:00:00+00:00,0.0,9.900998
2027-10-18 00:00:00+00:00,0.0,7.625266
2027-10-19 00:00:00+00:00,0.0,10.688187
2027-10-20 00:00:00+00:00,0.0,8.407975
2027-10-21 00:00:00+00:00,0.0,12.244555
2027-10-22 00:00:00+00:00,0.0,16.85667
2027-10-23 00:00:00+00:00,0.0,11.50716
2027-10-24 00:00:00+00:00,0.0,10.753118
2027-10-25 00:00:00+00:00,0.0,8.459218
2027-10-26 00:00:00+00:00,0.0,10.009534
2027-10-27 00:00:00+00:00,0.0,10.021863
2027-10-28 00:00:00+00:00,0.0,10.03425
2027-10-29 00:00:00+00:00,0.0,10.046692
2027-10-30 00:00:00+00:00,0.0,10.8329735
2027-10-31 00:00:00+00:00,0.0,10.846494
2027-11-01 00:00:00+00:00,0.0,13.187235
2027-11-02 00:00:00+00:00,0.0,13.179957
2027-11-03 00:00:00+00:00,0.0,11.588238
2027-11-04 00:00:00+00:00,0.0,12.317413
2027-11-05 00:00:00+00:00,0.0,13.041696
2027-11-06 00:00:00+00:00,0.075324535,16.054695
2027-11-07 00:00:00+00:00,0.0,13.71402
2027-11-08 00:00:00+00:00,0.0,11.389502
2027-11-09 00:00:00+00:00,0.0,11.3510895
2027-11-10 00:00:00+00:00,0.0,15.838346
2027-11-11 00:00:00+00:00,0.0,12.027241
2027-11-12 00:00:00+00:00,0.0,12.736839
2027-11-13 00:00:00+00:00,0.0,11.201644
2027-11-14 00:00:00+00:00,0.0,9.676593
2027-11-15 00:00:00+00:00,0.0,8.90348
2027-11-16 00:00:00+00:00,0.0,9.614613
2027-11-17 00:00:00+00:00,0.0,10.32136
2027-11-18 00:00:00+00:00,0.0,10.288874
2027-11-19 00:00:00+00:00,0.0,11.721978
2027-11-20 00:00:00+00:00,0.0,13.146333
2027-11-21 00:00:00+00:00,0.0,13.105872
2027-11-22 00:00:00+00:00,0.0,11.614073
2027-11-23 00:00:00+00:00,0.0,10.855173
2027-11-24 00:00:00+00:00,0.0,13.708491
2027-11-25 00:00:00+00:00,0.0,14.386868
2027-11-26 00:00:00+00:00,0.0,15.06139
2027-11-27 00:00:00+00:00,0.0,14.301932
2027-11-28 00:00:00+00:00,0.0,13.547104
2027-11-29 00:00:00+00:00,0.0,13.5077715
2027-11-30 00:00:00+00:00,0.0,12.051063
2027-12-01 00:00:00+00:00,0.0,12.016571
2027-12-02 00:00:00+00:00,0.0,13.392117
2027-12-03 00:00:00+00:00,0.0,13.354327
2027-12-04 00:00:00+00:00,0.0,12.616016
2027-12-05 00:00:00+00:00,0.0,14.677729
2027-12-06 00:00:00+00:00,0.0,15.334183
2027-12-07 00:00:00+00:00,0.0,16.6823
2027-12-08 00:00:00+00:00,0.0,18.716444
2027-12-09 00:00:00+00:00,0.0,20.048443
2027-12-10 00:00:00+00:00,0.0,22.062962
2027-12-11 00:00:00+00:00,0.0,20.628809
2027-12-12 00:00:00+00:00,0.0,17.8309
2027-12-13 00:00:00+00:00,0.066053085,15.731953
2027-12-14 00:00:00+00:00,0.06544698,15.690805
2027-12-15 00:00:00+00:00,0.32396927,15.65004
2027-12-16 00:00:00+00:00,4.486161,17.645695
2027-12-17 00:00:00+00:00,0.0,19.631285
2027-12-18 00:00:00+00:00,0.0,18.230864
2027-12-19 00:00:00+00:00,0.0,16.837729
2027-12-20 00:00:00+00:00,0.0,12.764518
2027-12-21 00:00:00+00:00,0.0,13.402793
2027-12-22 00:00:00+00:00,0.0,13.369552
2027-12-23 00:00:00+00:00,0.0,13.336612
2027-12-24 00:00:00+00:00,0.0,13.969165
2027-12-25 00:00:00+00:00,0.0,12.608029
2027-12-26 00:00:00+00:00,0.0,13.901516
2027-12-27 00:00:00+00:00,0.0,11.226591
2027-12-28 00:00:00+00:00,0.0,10.540998
2027-12-29 00:00:00+00:00,0.0,9.858762
2027-12-30 00:00:00+00:00,0.0,10.491245
2027-12-31 00:00:00+00:00,0.0,12.429197
2028-01-01 00:00:00+00:00,0.0,15.663526
2028-01-02 00:00:00+00:00,0.0,16.935417
2028-01-03 00:00:00+00:00,0.0,17.55833
2028-01-04 00:00:00+00:00,0.0,12.335943
2028-01-05 00:00:00+00:00,0.0,14.260778
2028-01-06 00:00:00+00:00,0.0,14.885127
2028-01-07 00:00:00+00:00,0.0,17.445967
2028-01-08 00:00:00+00:00,0.0,14.192635
2028-01-09 00:00:00+00:00,0.0,10.305563
2028-01-10 00:00:00+00:00,0.0,7.716969
2028-01-11 00:00:00+00:00,0.3203086,12.841379
2028-01-12 00:00:00+00:00,0.13282187,12.821244
2028-01-13 00:00:00+00:00,0.44939157,14.081332
2028-01-14 00:00:00+00:00,0.02630361,17.254725
2028-01-15 00:00:00+00:00,0.0,15.313731
2028-01-16 00:00:00+00:00,0.0,15.290049
2028-01-17 00:00:00+00:00,0.0,19.083101
2028-01-18 00:00:00+00:00,0.0,18.418661
2028-01-19 00:00:00+00:00,0.0,15.853847
2028-01-20 00:00:00+00:00,0.0,15.82966
2028-01-21 00:00:00+00:00,0.0,13.90892
2028-01-22 00:00:00+00:00,0.0,12.625311
2028-01-23 00:00:00+00:00,0.0,12.606243
2028-01-24 00:00:00+00:00,0.0,14.475357
2028-01-25 00:00:00+00:00,0.0,21.366253
2028-01-26 00:00:00+00:00,0.0,20.079348
2028-01-27 00:00:00+00:00,0.0,18.796337
2028-01-28 00:00:00+00:00,0.0,15.640349
2028-01-29 00:00:00+00:00,0.0,13.118447
2028-01-30 00:00:00+00:00,0.0,11.851559
2028-01-31 00:00:00+00:00,0.0,11.211285
2028-02-01 00:00:00+00:00,0.0,11.816789
2028-02-02 00:00:00+00:00,0.0,14.283635
2028-02-03 00:00:00+00:00,0.0,16.12321
2028-02-04 00:00:00+00:00,0.0,18.576706
2028-02-05 00:00:00+00:00,0.0,16.694855
2028-02-06 00:00:00+00:00,0.0,17.28822
2028-02-07 00:00:00+00:00,0.0,16.64683
2028-02-08 00:00:00+00:00,0.0,12.313323
2028-02-09 00:00:00+00:00,0.0,17.828827
2028-02-10 00:00:00+00:00,0.0,14.733896
2028-02-11 00:00:00+00:00,0.0,22.069492
2028-02-12 00:00:00+00:00,0.0,23.262642
2028-02-13 00:00:00+00:00,0.0,19.561989
2028-02-14 00:00:00+00:00,0.0,17.70315
2028-02-15 00:00:00+00:00,0.0,18.897558
2028-02-16 00:00:00+00:00,0.0,17.044939
2028-02-17 00:00:00+00:00,0.0,15.197523
2028-02-18 00:00:00+00:00,0.0,16.997622
2028-02-19 00:00:00+00:00,0.0,20.611437
2028-02-20 00:00:00+00:00,0.0,18.161503
2028-02-21 00:00:00+00:00,0.0,17.532003
2028-02-22 00:00:00+00:00,0.0,12.678206
2028-02-23 00:00:00+00:00,0.0,15.072502
2028-02-24 00:00:00+00:00,0.0,14.449917
2028-02-25 00:00:00+00:00,0.0,16.835373
2028-02-26 00:00:00+00:00,0.0,20.415314
2028-02-27 00:00:00+00:00,0.0,18.588875
2028-02-28 00:00:00+00:00,0.0,17.36623
2028-02-29 00:00:00+00:00,0.0,15.548869
2028-03-01 00:00:00+00:00,0.03510888,14.930876
2028-03-02 00:00:00+00:00,0.034579195,15.507443
2028-03-03 00:00:00+00:00,0.0,12.505644
2028-03-04 00:00:00+00:00,0.0,14.862318
2028-03-05 00:00:00+00:00,0.0,14.837079
2028-03-06 00:00:00+00:00,0.0,15.4044285
2028-03-07 00:00:00+00:00,0.0,17.74432
2028-03-08 00:00:00+00:00,0.0,16.533468
2028-03-09 00:00:00+00:00,0.0,11.200292
2028-03-10 00:00:00+00:00,0.0,20.00905
2028-03-11 00:00:00+00:00,0.07045705,17.03803
2028-03-12 00:00:00+00:00,0.86360985,15.250022
2028-03-13 00:00:00+00:00,0.22015072,12.296857
2028-03-14 00:00:00+00:00,0.099618495,14.614853
2028-03-15 00:00:00+00:00,0.32918578,12.839815
2028-03-16 00:00:00+00:00,0.0,16.89731
2028-03-17 00:00:00+00:00,0.0,15.706116
2028-03-18 00:00:00+00:00,0.0,18.584133
2028-03-19 00:00:00+00:00,0.0,22.03257
2028-03-20 00:00:00+00:00,0.0,18.523485
2028-03-21 00:00:00+00:00,0.0,16.181684
2028-03-22 00:00:00+00:00,0.0,15.001473
2028-03-23 00:00:00+00:00,0.027945636,17.28139
2028-03-24 00:00:00+00:00,0.05640995,15.5281515
2028-03-25 00:00:00+00:00,0.0,17.799925
2028-03-26 00:00:00+00:00,0.0,20.064426
2028-03-27 00:00:00+00:00,0.0,22.321714
2028-03-28 00:00:00+00:00,0.0,14.857379
2028-03-29 00:00:00+00:00,0.0,14.263189
2028-03-30 00:00:00+00:00,0.0,13.670912
2028-03-31 00:00:00+00:00,0.0,14.217972
2028-04-01 00:00:00+00:00,0.0,16.466785
2028-04-02 00:00:00+00:00,0.0,15.306985
2028-04-03 00:00:00+00:00,0.0,14.716885
2028-04-04 00:00:00+00:00,0.06084785,11.302933
2028-04-05 00:00:00+00:00,0.0,14.106568
2028-04-06 00:00:00+00:00,0.030733738,19.718388
2028-04-07 00:00:00+00:00,0.0,23.062748
2028-04-08 00:00:00+00:00,0.0,17.410627
2028-04-09 00:00:00+00:00,0.0,14.019096
2028-04-10 00:00:00+00:00,0.0,16.796944
2028-04-11 00:00:00+00:00,0.0,16.21204
2028-04-12 00:00:00+00:00,0.0,13.954431
2028-04-13 00:00:00+00:00,0.0,11.1464405
2028-04-14 00:00:00+00:00,0.0,10.572937
2028-04-15 00:00:00+00:00,0.0,12.223687
2028-04-16 00:00:00+00:00,0.0,13.314656
2028-04-17 00:00:00+00:00,0.0,12.740527
2028-04-18 00:00:00+00:00,0.0,13.827449
2028-04-19 00:00:00+00:00,0.0,15.463375
2028-04-20 00:00:00+00:00,0.0,18.748692
2028-04-21 00:00:00+00:00,0.0,18.169939
2028-04-22 00:00:00+00:00,0.0,17.59295
2028-04-23 00:00:00+00:00,0.0,17.01771
2028-04-24 00:00:00+00:00,0.0,15.347931
2028-04-25 00:00:00+00:00,0.0,14.777792
2028-04-26 00:00:00+00:00,0.0,15.302396
2028-04-27 00:00:00+00:00,0.0,17.462587
2028-04-28 00:00:00+00:00,0.0,17.436825
2028-04-29 00:00:00+00:00,0.0,13.0583725
2028-04-30 00:00:00+00:00,0.0,13.039205
2028-05-01 00:00:00+00:00,0.0,15.732633
2028-05-02 00:00:00+00:00,0.0,15.709651
2028-05-03 00:00:00+00:00,0.0,15.709771
2028-05-04 00:00:00+00:00,0.0,17.885525
2028-05-05 00:00:00+00:00,0.0,17.352179
2028-05-06 00:00:00+00:00,0.0,19.530935
2028-05-07 00:00:00+00:00,0.0,20.083487
2028-05-08 00:00:00+00:00,0.71836364,25.52421
2028-05-09 00:00:00+00:00,0.1587438,19.016909
2028-05-10 00:00:00+00:00,0.0,11.959479
2028-05-11 00:00:00+00:00,0.055515822,14.141024
2028-05-12 00:00:00+00:00,0.0,14.692291
2028-05-13 00:00:00+00:00,1.8986889,13.066387
2028-05-14 00:00:00+00:00,0.0,8.170608
2028-05-15 00:00:00+00:00,0.059150327,9.809677
2028-05-16 00:00:00+00:00,0.0,13.086178
2028-05-17 00:00:00+00:00,0.0,30.004333
2028-05-18 00:00:00+00:00,0.0,27.836296
2028-05-19 00:00:00+00:00,0.0,16.382597
2028-05-20 00:00:00+00:00,0.0,20.761831
2028-05-21 00:00:00+00:00,0.0,22.41232
2028-05-22 00:00:00+00:00,0.0,24.064495
2028-05-23 00:00:00+00:00,0.0,22.982367
2028-05-24 00:00:00+00:00,0.0,16.971838
2028-05-25 00:00:00+00:00,0.0,20.814827
2028-05-26 00:00:00+00:00,0.0,23.017645
2028-05-27 00:00:00+00:00,0.0,18.642885
2028-05-28 00:00:00+00:00,0.0,17.00665
2028-05-29 00:00:00+00:00,0.065118276,17.015392
2028-05-30 00:00:00+00:00,0.0,16.474985
2028-05-31 00:00:00+00:00,0.0,14.835131
2028-06-01 00:00:00+00:00,1.8426261,15.39252
2028-06-02 00:00:00+00:00,0.33006877,13.750424
2028-06-03 00:00:00+00:00,0.0,24.763577
2028-06-04 00:00:00+00:00,0.0,24.22582
2028-06-05 00:00:00+00:00,0.0,18.729666
2028-06-06 00:00:00+00:00,0.0,22.597507
2028-06-07 00:00:00+00:00,0.0,22.609266
2028-06-08 00:00:00+00:00,0.0,19.31065
2028-06-09 00:00:00+00:00,0.0,17.664661
2028-06-10 00:00:00+00:00,0.0,16.569271
2028-06-11 00:00:00+00:00,0.20241055,17.130537
2028-06-12 00:00:00+00:00,0.06759823,17.139507
2028-06-13 00:00:00+00:00,0.27088422,18.254852
2028-06-14 00:00:00+00:00,1.0175841,22.692184
2028-06-15 00:00:00+00:00,2.5821836,18.274048
2028-06-16 00:00:00+00:00,8.371514,11.635063
2028-06-17 00:00:00+00:00,0.13633172,10.532515
2028-06-18 00:00:00+00:00,0.0,9.428804
2028-06-19 00:00:00+00:00,0.0,11.098577
2028-06-20 00:00:00+00:00,0.61611944,21.653687
2028-06-21 00:00:00+00:00,2.1249928,22.220682
2028-06-22 00:00:00+00:00,0.0,14.45111
2028-06-23 00:00:00+00:00,0.068719834,12.790472
2028-06-24 00:00:00+00:00,0.5504109,16.692106
2028-06-25 00:00:00+00:00,2.2730474,15.5876045
2028-06-26 00:00:00+00:00,2.2755659,17.823914
2028-06-27 00:00:00+00:00,0.69030434,15.604262
2028-06-28 00:00:00+00:00,0.13820402,13.939835
2028-06-29 00:00:00+00:00,0.0,15.063091
2028-06-30 00:00:00+00:00,0.0,17.303944
2028-07-01 00:00:00+00:00,0.0,16.754755
2028-07-02 00:00:00+00:00,7.699763,15.646186
2028-07-03 00:00:00+00:00,7.3095355,11.769355
2028-07-04 00:00:00+00:00,0.0,10.6839
2028-07-05 00:00:00+00:00,0.841703,10.155522
2028-07-06 00:00:00+00:00,0.70395434,10.189821
2028-07-07 00:00:00+00:00,0.0,12.496607
2028-07-08 00:00:00+00:00,1.2050197,12.539453
2028-07-09 00:00:00+00:00,3.6270452,10.866938
2028-07-10 00:00:00+00:00,1.7836958,15.496242
2028-07-11 00:00:00+00:00,0.0,6.911374
2028-07-12 00:00:00+00:00,0.0,11.559669
2028-07-13 00:00:00+00:00,0.0,13.921007
2028-07-14 00:00:00+00:00,1.9497188,12.8067255
2028-07-15 00:00:00+00:00,0.07241543,12.268818
2028-07-16 00:00:00+00:00,0.07261442,14.658981
2028-07-17 00:00:00+00:00,0.0,18.832436
2028-07-18 00:00:00+00:00,5.3289385,15.358016
2028-07-19 00:00:00+00:00,1.1709632,20.158524
2028-07-20 00:00:00+00:00,1.7608128,23.210007
2028-07-21 00:00:00+00:00,0.0,18.518948
2028-07-22 00:00:00+00:00,2.064149,15.5914
2028-07-23 00:00:00+00:00,0.22167078,15.049511
2028-07-24 00:00:00+00:00,0.0,19.942535
2028-07-25 00:00:00+00:00,0.0,20.62734
2028-07-26 00:00:00+00:00,0.66943216,17.663393
2028-07-27 00:00:00+00:00,1.2671537,17.733727
2028-07-28 00:00:00+00:00,0.5975393,16.577003
2028-07-29 00:00:00+00:00,2.7692032,18.493464
2028-07-30 00:00:00+00:00,13.198466,11.141378
2028-07-31 00:00:00+00:00,3.907092,10.565733
2028-08-01 00:00:00+00:00,15.6579685,9.361413
2028-08-02 00:00:00+00:00,0.98043793,12.534148
2028-08-03 00:00:00+00:00,0.0,15.104498
2028-08-04 00:00:00+00:00,0.0,12.640696
2028-08-05 00:00:00+00:00,2.426292,13.964507
2028-08-06 00:00:00+00:00,26.279093,10.837521
2028-08-07 00:00:00+00:00,5.2494035,13.446052
2028-08-08 00:00:00+00:00,0.0,13.505351
2028-08-09 00:00:00+00:00,0.07632584,14.211417
2028-08-10 00:00:00+00:00,0.0,12.977464
2028-08-11 00:00:00+00:00,0.22969407,14.339864
2028-08-12 00:00:00+00:00,3.2972834,12.441022
2028-08-13 00:00:00+00:00,7.7563276,11.182772
2028-08-14 00:00:00+00:00,0.38453844,13.217422
2028-08-15 00:00:00+00:00,13.632212,10.623592
2028-08-16 00:00:00+00:00,10.412111,14.009543
2028-08-17 00:00:00+00:00,0.46340138,9.384369
2028-08-18 00:00:00+00:00,6.419104,13.470962
2028-08-19 00:00:00+00:00,0.23232576,10.152454
2028-08-20 00:00:00+00:00,0.3101742,9.522234
2028-08-21 00:00:00+00:00,0.31057426,10.253055
2028-08-22 00:00:00+00:00,3.2651625,14.426234
2028-08-23 00:00:00+00:00,0.0,13.118366
2028-08-24 00:00:00+00:00,0.15586828,13.879372
2028-08-25 00:00:00+00:00,14.123064,13.950987
2028-08-26 00:00:00+00:00,0.0,6.310654
2028-08-27 00:00:00+00:00,15.016574,18.3267
2028-08-28 00:00:00+00:00,0.0,15.589613
2028-08-29 00:00:00+00:00,0.07838913,19.947811
2028-08-30 00:00:00+00:00,0.07847601,15.041955
2028-08-31 00:00:00+00:00,1.3355476,13.683907
2028-09-01 00:00:00+00:00,9.280223,7.241892
2028-09-02 00:00:00+00:00,0.78636694,8.699317
2028-09-03 00:00:00+00:00,0.9435262,9.434097
2028-09-04 00:00:00+00:00,0.39308703,8.717517
2028-09-05 00:00:00+00:00,0.0,10.90834
2028-09-06 00:00:00+00:00,13.990269,11.647819
2028-09-07 00:00:00+00:00,14.224137,11.660126
2028-09-08 00:00:00+00:00,14.1435795,8.754362
2028-09-09 00:00:00+00:00,0.07856419,14.606109
2028-09-10 00:00:00+00:00,0.7855257,14.621679
2028-09-11 00:00:00+00:00,1.4922717,13.173583
2028-09-12 00:00:00+00:00,9.109281,7.3265057
2028-09-13 00:00:00+00:00,1.8843735,10.268142
2028-09-14 00:00:00+00:00,10.754832,8.810762
2028-09-15 00:00:00+00:00,7.848888,8.820296
2028-09-16 00:00:00+00:00,24.562635,9.565693
2028-09-17 00:00:00+00:00,2.1968908,11.049356
2028-09-18 00:00:00+00:00,3.7653804,11.798851
2028-09-19 00:00:00+00:00,12.627218,11.073541
2028-09-20 00:00:00+00:00,0.078413896,10.34666
2028-09-21 00:00:00+00:00,0.0,12.577651
2028-09-22 00:00:00+00:00,0.39190018,12.591555
2028-09-23 00:00:00+00:00,0.07836216,9.639512
2028-09-24 00:00:00+00:00,5.7190833,13.361865
2028-09-25 00:00:00+00:00,0.0,8.91785
2028-09-26 00:00:00+00:00,0.23491284,15.623703
2028-09-27 00:00:00+00:00,0.0,10.427495
2028-09-28 00:00:00+00:00,0.0,8.20226
2028-09-29 00:00:00+00:00,0.0,11.9440365
2028-09-30 00:00:00+00:00,0.0,12.70492
2028-10-01 00:00:00+00:00,0.0,12.719361
2028-10-02 00:00:00+00:00,0.0,14.231967
2028-10-03 00:00:00+00:00,0.15627629,14.248244
2028-10-04 00:00:00+00:00,0.0,10.510753
2028-10-05 00:00:00+00:00,1.7958481,12.026115
2028-10-06 00:00:00+00:00,0.0,9.7825
2028-10-07 00:00:00+00:00,0.0,10.547203
2028-10-08 00:00:00+00:00,0.0,9.050963
2028-10-09 00:00:00+00:00,0.0,17.367897
2028-10-10 00:00:00+00:00,0.0,12.852154
2028-10-11 00:00:00+00:00,0.0,9.082749
2028-10-12 00:00:00+00:00,0.0,9.093437
2028-10-13 00:00:00+00:00,0.0,10.621532
2028-10-14 00:00:00+00:00,0.0,10.63411
2028-10-15 00:00:00+00:00,0.07768122,9.12578
2028-10-16 00:00:00+00:00,0.0,9.136657
2028-10-17 00:00:00+00:00,0.0,9.147579
2028-10-18 00:00:00+00:00,0.0,10.6849785
2028-10-19 00:00:00+00:00,0.0,10.697835
2028-10-20 00:00:00+00:00,0.0,10.710748
2028-10-21 00:00:00+00:00,0.0,9.957741
2028-10-22 00:00:00+00:00,0.0,10.736748
2028-10-23 00:00:00+00:00,0.0,9.214147
2028-10-24 00:00:00+00:00,0.0,13.069336
2028-10-25 00:00:00+00:00,0.0,16.934008
2028-10-26 00:00:00+00:00,0.0,20.80823
2028-10-27 00:00:00+00:00,0.0,17.747416
2028-10-28 00:00:00+00:00,0.0,16.99682
2028-10-29 00:00:00+00:00,0.0,17.79149
2028-10-30 00:00:00+00:00,0.0,15.490156
2028-10-31 00:00:00+00:00,0.0,15.509535
2028-11-01 00:00:00+00:00,0.0,13.967681
2028-11-02 00:00:00+00:00,0.0,18.557564
2028-11-03 00:00:00+00:00,0.0,15.410263
2028-11-04 00:00:00+00:00,0.0,13.820861
2028-11-05 00:00:00+00:00,0.0,13.773038
2028-11-06 00:00:00+00:00,0.0,14.488297
2028-11-07 00:00:00+00:00,0.0,10.639227
2028-11-08 00:00:00+00:00,0.0,13.632781
2028-11-09 00:00:00+00:00,0.0,15.8515835
2028-11-10 00:00:00+00:00,0.0,12.789545
2028-11-11 00:00:00+00:00,0.0,8.99811
2028-11-12 00:00:00+00:00,0.0,14.9477215
2028-11-13 00:00:00+00:00,0.0,17.134
2028-11-14 00:00:00+00:00,0.0,14.851064
2028-11-15 00:00:00+00:00,0.0,13.323165
2028-11-16 00:00:00+00:00,0.0,9.591713
2028-11-17 00:00:00+00:00,0.0,7.3549733
2028-11-18 00:00:00+00:00,0.0,9.531539
2028-11-19 00:00:00+00:00,0.0,11.694681
2028-11-20 00:00:00+00:00,0.0,16.759266
2028-11-21 00:00:00+00:00,0.0,16.70797
2028-11-22 00:00:00+00:00,0.0,13.036075
2028-11-23 00:00:00+00:00,0.0,11.552673
2028-11-24 00:00:00+00:00,0.0,13.677726
2028-11-25 00:00:00+00:00,0.0,13.637071
2028-11-26 00:00:00+00:00,0.0,12.881208
2028-11-27 00:00:00+00:00,0.0,11.41642
2028-11-28 00:00:00+00:00,0.0,11.383215
2028-11-29 00:00:00+00:00,0.0,13.478532
2028-11-30 00:00:00+00:00,0.0,13.439885
2028-12-01 00:00:00+00:00,0.0,14.106973
2028-12-02 00:00:00+00:00,0.0,15.4738035
2028-12-03 00:00:00+00:00,0.0,16.83313
2028-12-04 00:00:00+00:00,0.0,13.289081
2028-12-05 00:00:00+00:00,0.0,12.554808
2028-12-06 00:00:00+00:00,0.0,13.215871
2028-12-07 00:00:00+00:00,0.0,13.179795
2028-12-08 00:00:00+00:00,0.0,13.144066
2028-12-09 00:00:00+00:00,0.0,14.488538
2028-12-10 00:00:00+00:00,0.0,15.137881
2028-12-11 00:00:00+00:00,0.0,13.725161
2028-12-12 00:00:00+00:00,0.0,14.373405
2028-12-13 00:00:00+00:00,0.0,13.653093
2028-12-14 00:00:00+00:00,0.0,14.29844
2028-12-15 00:00:00+00:00,0.0,12.224126
2028-12-16 00:00:00+00:00,0.0,14.22486
2028-12-17 00:00:00+00:00,0.0,14.188579
2028-12-18 00:00:00+00:00,0.0,14.152628
2028-12-19 00:00:00+00:00,0.0,14.117006
2028-12-20 00:00:00+00:00,0.0,18.105053
2028-12-21 00:00:00+00:00,0.0,16.053404
2028-12-22 00:00:00+00:00,0.0,14.012058
2028-12-23 00:00:00+00:00,0.0,12.646494
2028-12-24 00:00:00+00:00,0.0,13.943654
2028-12-25 00:00:00+00:00,0.0,13.247531
2028-12-26 00:00:00+00:00,0.15044062,18.501942
2028-12-27 00:00:00+00:00,0.0,15.82092
2028-12-28 00:00:00+00:00,0.0,13.810437
2028-12-29 00:00:00+00:00,0.0,13.77786
2028-12-30 00:00:00+00:00,0.0,14.400115
2028-12-31 00:00:00+00:00,0.0,13.713548
2029-01-01 00:00:00+00:00,0.0,14.335785
2029-01-02 00:00:00+00:00,0.0,12.360859
2029-01-03 00:00:00+00:00,0.0,12.990436
2029-01-04 00:00:00+00:00,0.0,11.672592
2029-01-05 00:00:00+00:00,0.0,12.948767
2029-01-06 00:00:00+00:00,0.0,13.574494
2029-01-07 00:00:00+00:00,0.0,14.198275
2029-01-08 00:00:00+00:00,0.0,13.531408
2029-01-09 00:00:00+00:00,0.0,11.580021
2029-01-10 00:00:00+00:00,0.0,11.561786
2029-01-11 00:00:00+00:00,0.0,10.261016
2029-01-12 00:00:00+00:00,0.0,12.165898
2029-01-13 00:00:00+00:00,0.0,12.786252
2029-01-14 00:00:00+00:00,0.0,12.128072
2029-01-15 00:00:00+00:00,0.052140176,15.933286
2029-01-16 00:00:00+00:00,0.025934342,12.090619
2029-01-17 00:00:00+00:00,0.0,12.707401
2029-01-18 00:00:00+00:00,0.0,15.225519
2029-01-19 00:00:00+00:00,0.0,13.935412
2029-01-20 00:00:00+00:00,0.0,17.076523
2029-01-21 00:00:00+00:00,0.0,14.524605
2029-01-22 00:00:00+00:00,0.0,14.502651
2029-01-23 00:00:00+00:00,0.0,11.962402
2029-01-24 00:00:00+00:00,0.22305158,22.631575
2029-01-25 00:00:00+00:00,0.0,15.692852
2029-01-26 00:00:00+00:00,0.0,17.549782
2029-01-27 00:00:00+00:00,0.0,16.897848
2029-01-28 00:00:00+00:00,0.0,16.247894
2029-01-29 00:00:00+00:00,0.0,13.103922
2029-01-30 00:00:00+00:00,0.0,11.83848
2029-01-31 00:00:00+00:00,0.0,11.8211155
2029-02-01 00:00:00+00:00,0.32905233,21.122652
2029-02-02 00:00:00+00:00,2.1233587,22.952919
2029-02-03 00:00:00+00:00,2.987778,21.061235
2029-02-04 00:00:00+00:00,2.4365225,17.937992
2029-02-05 00:00:00+00:00,1.2772776,19.765083
2029-02-06 00:00:00+00:00,0.11314211,20.9702
2029-02-07 00:00:00+00:00,0.0,25.867231
2029-02-08 00:00:00+00:00,0.0,22.755241
2029-02-09 00:00:00+00:00,0.0,23.951092
2029-02-10 00:00:00+00:00,0.0,16.55799
2029-02-11 00:00:00+00:00,0.0,15.309777
2029-02-12 00:00:00+00:00,0.0,14.676658
2029-02-13 00:00:00+00:00,0.0,12.82402
2029-02-14 00:00:00+00:00,0.0,13.415862
2029-02-15 00:00:00+00:00,0.0,12.78816
2029-02-16 00:00:00+00:00,0.0,12.770358
2029-02-17 00:00:00+00:00,0.0,10.930828
2029-02-18 00:00:00+00:00,0.0,11.522136
2029-02-19 00:00:00+00:00,0.0,12.111837
2029-02-20 00:00:00+00:00,0.0,12.699947
2029-02-21 00:00:00+00:00,0.0,12.078614
2029-02-22 00:00:00+00:00,0.0,10.855902
2029-02-23 00:00:00+00:00,0.0,12.0456915
2029-02-24 00:00:00+00:00,0.0,12.029341
2029-02-25 00:00:00+00:00,0.0,12.013064
2029-02-26 00:00:00+00:00,0.0,13.196548
2029-02-27 00:00:00+00:00,0.0,13.178804
2029-02-28 00:00:00+00:00,0.0,12.562906
2029-03-01 00:00:00+00:00,0.0,12.546119
2029-03-02 00:00:00+00:00,0.0,18.495794
2029-03-03 00:00:00+00:00,0.0,15.489788
2029-03-04 00:00:00+00:00,0.0,19.626612
2029-03-05 00:00:00+00:00,0.0,14.843379
2029-03-06 00:00:00+00:00,0.0,10.669118
2029-03-07 00:00:00+00:00,0.0,10.651088
2029-03-08 00:00:00+00:00,0.0,11.814595
2029-03-09 00:00:00+00:00,0.0,11.794734
2029-03-10 00:00:00+00:00,0.0,11.7749605
2029-03-11 00:00:00+00:00,0.0,10.579745
2029-03-12 00:00:00+00:00,0.0,12.322457
2029-03-13 00:00:00+00:00,0.0,11.716159
2029-03-14 00:00:00+00:00,0.0,11.696728
2029-03-15 00:00:00+00:00,0.10087985,14.01286
2029-03-16 00:00:00+00:00,0.0,15.738462
2029-03-17 00:00:00+00:00,0.0,13.966728
2029-03-18 00:00:00+00:00,0.0,11.619845
2029-03-19 00:00:00+00:00,0.0,12.180872
2029-03-20 00:00:00+00:00,0.0,11.002803
2029-03-21 00:00:00+00:00,0.0,9.828589
2029-03-22 00:00:00+00:00,0.0,12.1214905
2029-03-23 00:00:00+00:00,0.0,10.373027
2029-03-24 00:00:00+00:00,0.0,9.780929
2029-03-25 00:00:00+00:00,0.0,12.062865
2029-03-26 00:00:00+00:00,0.0,12.0434885
2029-03-27 00:00:00+00:00,0.0,11.451614
2029-03-28 00:00:00+00:00,0.0,10.86165
2029-03-29 00:00:00+00:00,0.0,10.844339
2029-03-30 00:00:00+00:00,0.0,11.396951
2029-03-31 00:00:00+00:00,0.0,12.51677
2029-04-01 00:00:00+00:00,0.0,12.49698
2029-04-02 00:00:00+00:00,0.0,16.44731
2029-04-03 00:00:00+00:00,0.0,10.192617
2029-04-04 00:00:00+00:00,0.0,15.264937
2029-04-05 00:00:00+00:00,0.0,14.676565
2029-04-06 00:00:00+00:00,0.0,11.835648
2029-04-07 00:00:00+00:00,0.0,15.756296
2029-04-08 00:00:00+00:00,0.030987224,16.29368
2029-04-09 00:00:00+00:00,0.21787705,12.902558
2029-04-10 00:00:00+00:00,0.0,16.803423
2029-04-11 00:00:00+00:00,0.0,12.862775
2029-04-12 00:00:00+00:00,0.0,14.51818
2029-04-13 00:00:00+00:00,0.0,12.823315
2029-04-14 00:00:00+00:00,0.0,16.143806
2029-04-15 00:00:00+00:00,0.0,13.895845
2029-04-16 00:00:00+00:00,0.0,14.984682
2029-04-17 00:00:00+00:00,0.0,14.407795
2029-04-18 00:00:00+00:00,0.0,14.385986
2029-04-19 00:00:00+00:00,0.0,16.02168
2029-04-20 00:00:00+00:00,0.0,17.65247
2029-04-21 00:00:00+00:00,0.0,18.176762
2029-04-22 00:00:00+00:00,0.0,14.84961
2029-04-23 00:00:00+00:00,0.0,15.925739
2029-04-24 00:00:00+00:00,0.0,14.805305
2029-04-25 00:00:00+00:00,0.03283212,14.235755
2029-04-26 00:00:00+00:00,0.0,16.948217
2029-04-27 00:00:00+00:00,0.19797271,14.193599
2029-04-28 00:00:00+00:00,0.06614792,12.53734
2029-04-29 00:00:00+00:00,0.1989029,16.873268
2029-04-30 00:00:00+00:00,0.033225078,14.130986
2029-05-01 00:00:00+00:00,0.0,14.652984
2029-05-02 00:00:00+00:00,0.0,10.838199
2029-05-03 00:00:00+00:00,0.0,11.916278
2029-05-04 00:00:00+00:00,0.08073707,15.17371
2029-05-05 00:00:00+00:00,0.0,14.639079
2029-05-06 00:00:00+00:00,0.0,13.561459
2029-05-07 00:00:00+00:00,0.0,15.196418
2029-05-08 00:00:00+00:00,0.0,15.204014
2029-05-09 00:00:00+00:00,0.0,15.754895
2029-05-10 00:00:00+00:00,0.0,13.588613
2029-05-11 00:00:00+00:00,0.0,13.595433
2029-05-12 00:00:00+00:00,0.0,15.234535
2029-05-13 00:00:00+00:00,0.0,14.697836
2029-05-14 00:00:00+00:00,0.0,13.071325
2029-05-15 00:00:00+00:00,0.0,12.533006
2029-05-16 00:00:00+00:00,0.0,14.174903
2029-05-17 00:00:00+00:00,0.0,14.727538
2029-05-18 00:00:00+00:00,0.0,19.10092
2029-05-19 00:00:00+00:00,0.0,19.656624
2029-05-20 00:00:00+00:00,0.0,20.759195
2029-05-21 00:00:00+00:00,0.18716873,19.676605
2029-05-22 00:00:00+00:00,0.0,13.124417
2029-05-23 00:00:00+00:00,0.88480794,19.696661
2029-05-24 00:00:00+00:00,0.6356361,23.53858
2029-05-25 00:00:00+00:00,0.0,21.359858
2029-05-26 00:00:00+00:00,0.0,21.37079
2029-05-27 00:00:00+00:00,0.06451513,18.092247
2029-05-28 00:00:00+00:00,0.3239673,23.586842
2029-05-29 00:00:00+00:00,0.0,24.696592
2029-05-30 00:00:00+00:00,3.461002,14.276483
2029-05-31 00:00:00+00:00,2.2937167,13.73446
2029-06-01 00:00:00+00:00,0.0,19.238167
2029-06-02 00:00:00+00:00,2.3746805,27.4973
2029-06-03 00:00:00+00:00,0.0,15.40645
2029-06-04 00:00:00+00:00,0.06634872,19.818558
2029-06-05 00:00:00+00:00,0.26610872,17.625633
2029-06-06 00:00:00+00:00,0.26678833,17.634789
2029-06-07 00:00:00+00:00,0.0,19.298082
2029-06-08 00:00:00+00:00,0.0,17.10149
2029-06-09 00:00:00+00:00,0.0,21.525997
2029-06-10 00:00:00+00:00,0.0,19.880527
2029-06-11 00:00:00+00:00,0.0,17.128298
2029-06-12 00:00:00+00:00,0.0,21.559788
2029-06-13 00:00:00+00:00,0.0,22.677298
2029-06-14 00:00:00+00:00,0.0,16.048464
2029-06-15 00:00:00+00:00,0.2716972,22.147448
2029-06-16 00:00:00+00:00,0.6803426,22.713085
2029-06-17 00:00:00+00:00,0.0,19.39944
2029-06-18 00:00:00+00:00,0.7506607,27.728119
2029-06-19 00:00:00+00:00,3.8953798,21.639364
2029-06-20 00:00:00+00:00,0.6843459,12.768432
2029-06-21 00:00:00+00:00,0.0,12.219756
2029-06-22 00:00:00+00:00,0.75475323,15.004932
2029-06-23 00:00:00+00:00,15.938171,20.017208
2029-06-24 00:00:00+00:00,0.0,13.908237
2029-06-25 00:00:00+00:00,0.0,20.038534
2029-06-26 00:00:00+00:00,0.27575082,20.049227
2029-06-27 00:00:00+00:00,3.5196214,14.487736
2029-06-28 00:00:00+00:00,0.27633733,19.513159
2029-06-29 00:00:00+00:00,7.606966,12.271986
2029-06-30 00:00:00+00:00,11.35241,10.60422
2029-07-01 00:00:00+00:00,0.0,7.817834
2029-07-02 00:00:00+00:00,3.3982267,11.174342
2029-07-03 00:00:00+00:00,10.292917,11.759629
2029-07-04 00:00:00+00:00,0.48870933,11.236849
2029-07-05 00:00:00+00:00,0.0,12.965618
2029-07-06 00:00:00+00:00,0.0,11.312459
2029-07-07 00:00:00+00:00,0.21174408,12.485969
2029-07-08 00:00:00+00:00,9.561218,13.098182
2029-07-09 00:00:00+00:00,0.0,11.428996
2029-07-10 00:00:00+00:00,0.0,16.629618
2029-07-11 00:00:00+00:00,0.0,14.386063
2029-07-12 00:00:00+00:00,2.4390225,13.85934
2029-07-13 00:00:00+00:00,1.2951102,14.488129
2029-07-14 00:00:00+00:00,0.0,16.284832
2029-07-15 00:00:00+00:00,0.7960146,15.176218
2029-07-16 00:00:00+00:00,1.0159112,14.645613
2029-07-17 00:00:00+00:00,0.65484643,12.935399
2029-07-18 00:00:00+00:00,1.8967519,15.343787
2029-07-19 00:00:00+00:00,1.6090595,17.770323
2029-07-20 00:00:00+00:00,0.0,18.431614
2029-07-21 00:00:00+00:00,3.89556,14.323648
2029-07-22 00:00:00+00:00,3.9785244,13.779201
2029-07-23 00:00:00+00:00,0.0,12.028
2029-07-24 00:00:00+00:00,0.0,17.508228
2029-07-25 00:00:00+00:00,0.0,16.364485
2029-07-26 00:00:00+00:00,6.6907425,23.122269
2029-07-27 00:00:00+00:00,0.14899896,10.996177
2029-07-28 00:00:00+00:00,0.89585054,20.240433
2029-07-29 00:00:00+00:00,0.0,18.474733
2029-07-30 00:00:00+00:00,8.619776,21.641668
2029-07-31 00:00:00+00:00,2.177911,14.900968
2029-08-01 00:00:00+00:00,2.3325448,14.962704
2029-08-02 00:00:00+00:00,0.22615093,16.277327
2029-08-03 00:00:00+00:00,0.07552128,16.345919
2029-08-04 00:00:00+00:00,87.08042,18.309483
2029-08-05 00:00:00+00:00,0.15157774,13.31543
2029-08-06 00:00:00+00:00,1.6702178,13.37301
2029-08-07 00:00:00+00:00,11.330963,12.152174
2029-08-08 00:00:00+00:00,0.22851655,15.417662
2029-08-09 00:00:00+00:00,0.076295376,10.324073
2029-08-10 00:00:00+00:00,0.9169968,9.074024
2029-08-11 00:00:00+00:00,0.38267645,14.323619
2029-08-12 00:00:00+00:00,9.351559,11.118719
2029-08-13 00:00:00+00:00,0.46060157,13.7980795
2029-08-14 00:00:00+00:00,7.8417377,9.901529
2029-08-15 00:00:00+00:00,11.93356,9.284724
2029-08-16 00:00:00+00:00,1.1564966,10.661286
2029-08-17 00:00:00+00:00,0.23162107,15.398734
2029-08-18 00:00:00+00:00,6.9581256,16.145634
2029-08-19 00:00:00+00:00,0.0,15.548122
2029-08-20 00:00:00+00:00,3.6433601,10.869164
2029-08-21 00:00:00+00:00,15.911836,10.24032
2029-08-22 00:00:00+00:00,0.7771752,8.233227
2029-08-23 00:00:00+00:00,1.322851,8.2747965
2029-08-24 00:00:00+00:00,1.4023881,22.871695
2029-08-25 00:00:00+00:00,0.0,11.146387
2029-08-26 00:00:00+00:00,0.7809739,14.705672
2029-08-27 00:00:00+00:00,0.39094356,16.190746
2029-08-28 00:00:00+00:00,1.72213,16.98425
2029-08-29 00:00:00+00:00,0.0,17.786638
2029-08-30 00:00:00+00:00,0.0,13.590937
2029-08-31 00:00:00+00:00,19.713623,10.069071
2029-09-01 00:00:00+00:00,10.378497,8.678248
2029-09-02 00:00:00+00:00,0.47183424,11.596069
2029-09-03 00:00:00+00:00,0.7076663,6.5295925
2029-09-04 00:00:00+00:00,5.582011,13.79912
2029-09-05 00:00:00+00:00,13.285073,11.632506
2029-09-06 00:00:00+00:00,20.200106,11.64475
2029-09-07 00:00:00+00:00,5.5798244,13.114175
2029-09-08 00:00:00+00:00,0.07857822,13.857398
2029-09-09 00:00:00+00:00,9.035208,13.872113
2029-09-10 00:00:00+00:00,5.7345524,13.156004
2029-09-11 00:00:00+00:00,0.0,11.706719
2029-09-12 00:00:00+00:00,9.973488,10.986812
2029-09-13 00:00:00+00:00,4.240014,10.265378
2029-09-14 00:00:00+00:00,0.15701151,16.882734
2029-09-15 00:00:00+00:00,0.0,14.696514
2029-09-16 00:00:00+00:00,2.4328308,13.24121
2029-09-17 00:00:00+00:00,9.572616,14.728461
2029-09-18 00:00:00+00:00,1.1767381,11.058401
2029-09-19 00:00:00+00:00,1.176508,10.332472
2029-09-20 00:00:00+00:00,1.8820308,18.4711
2029-09-21 00:00:00+00:00,1.960037,12.5741825
2029-09-22 00:00:00+00:00,99.313034,26.657095
2029-09-23 00:00:00+00:00,0.5485669,19.27368
2029-09-24 00:00:00+00:00,1.018528,8.905433
2029-09-25 00:00:00+00:00,4.5430946,9.658307
2029-09-26 00:00:00+00:00,1.0180217,8.181555
2029-09-27 00:00:00+00:00,7.8288717,9.6799555
2029-09-28 00:00:00+00:00,1.5653445,11.181748
2029-09-29 00:00:00+00:00,0.07824483,8.955497
2029-09-30 00:00:00+00:00,0.15644296,9.712773
2029-10-01 00:00:00+00:00,0.15639421,13.463729
2029-10-02 00:00:00+00:00,9.14608,13.479069
2029-10-03 00:00:00+00:00,0.54701495,8.246623
2029-10-04 00:00:00+00:00,0.7811711,8.256079
2029-10-05 00:00:00+00:00,0.07808789,9.016989
2029-10-06 00:00:00+00:00,0.0,12.788807
2029-10-07 00:00:00+00:00,0.0,11.297299
2029-10-08 00:00:00+00:00,0.0,9.802361
2029-10-09 00:00:00+00:00,0.0,10.568684
2029-10-10 00:00:00+00:00,0.0,10.58103
2029-10-11 00:00:00+00:00,0.0,11.350105
2029-10-12 00:00:00+00:00,0.0,10.605886
2029-10-13 00:00:00+00:00,0.0,10.618397
2029-10-14 00:00:00+00:00,0.0,9.871607
2029-10-15 00:00:00+00:00,0.0,9.883323
2029-10-16 00:00:00+00:00,0.0,10.656256
2029-10-17 00:00:00+00:00,0.0,9.906915
2029-10-18 00:00:00+00:00,0.0,11.4447565
2029-10-19 00:00:00+00:00,0.0,9.930714
2029-10-20 00:00:00+00:00,0.0,9.17787
2029-10-21 00:00:00+00:00,0.0,10.720473
2029-10-22 00:00:00+00:00,0.0,8.433454
2029-10-23 00:00:00+00:00,0.0,13.817006
2029-10-24 00:00:00+00:00,0.0,9.222592
2029-10-25 00:00:00+00:00,0.0,7.694915
2029-10-26 00:00:00+00:00,0.0,10.015692
2029-10-27 00:00:00+00:00,0.0,10.028049
2029-10-28 00:00:00+00:00,0.0,10.812807
2029-10-29 00:00:00+00:00,0.0,10.052933
2029-10-30 00:00:00+00:00,0.0,11.613992
2029-10-31 00:00:00+00:00,0.0,10.078043
2029-11-01 00:00:00+00:00,0.0,10.86689
2029-11-02 00:00:00+00:00,0.0,10.834829
2029-11-03 00:00:00+00:00,2.11633,9.254279
2029-11-04 00:00:00+00:00,5.5856743,14.601397
2029-11-05 00:00:00+00:00,0.0,10.7216215
2029-11-06 00:00:00+00:00,0.0,9.158351
2029-11-07 00:00:00+00:00,0.0,9.127097
2029-11-08 00:00:00+00:00,0.0,9.096193
2029-11-09 00:00:00+00:00,0.0,7.554695
2029-11-10 00:00:00+00:00,0.0,7.5295134
2029-11-11 00:00:00+00:00,0.0,9.75599
2029-11-12 00:00:00+00:00,0.0,10.471968
2029-11-13 00:00:00+00:00,0.0,10.4378605
2029-11-14 00:00:00+00:00,0.0,13.376729
2029-11-15 00:00:00+00:00,0.0,14.074589
2029-11-16 00:00:00+00:00,0.0,12.552965
2029-11-17 00:00:00+00:00,0.0,11.041149
2029-11-18 00:00:00+00:00,0.0,10.272759
2029-11-19 00:00:00+00:00,0.0,10.2407875
2029-11-20 00:00:00+00:00,0.0,12.396827
2029-11-21 00:00:00+00:00,0.0,13.085799
2029-11-22 00:00:00+00:00,0.0,10.871641
2029-11-23 00:00:00+00:00,0.0,12.283963
2029-11-24 00:00:00+00:00,0.0,12.967535
2029-11-25 00:00:00+00:00,0.0,12.928922
2029-11-26 00:00:00+00:00,0.0,11.458403
2029-11-27 00:00:00+00:00,0.0,10.710726
2029-11-28 00:00:00+00:00,0.0,10.679517
2029-11-29 00:00:00+00:00,0.0,10.648621
2029-11-30 00:00:00+00:00,0.0,10.618036
2029-12-01 00:00:00+00:00,0.0,13.411154
2029-12-02 00:00:00+00:00,0.0,13.373176
2029-12-03 00:00:00+00:00,0.0,14.739314
2029-12-04 00:00:00+00:00,0.0,16.097982
2029-12-05 00:00:00+00:00,0.0,18.14726
2029-12-06 00:00:00+00:00,0.0,16.009144
2029-12-07 00:00:00+00:00,0.0,12.494634
2029-12-08 00:00:00+00:00,0.0,11.768443
2029-12-09 00:00:00+00:00,0.95017034,17.950253
2029-12-10 00:00:00+00:00,0.5391459,17.213625
2029-12-11 00:00:00+00:00,0.0,19.227972
2029-12-12 00:00:00+00:00,2.4545825,15.75267
2029-12-13 00:00:00+00:00,0.0,14.345127
2029-12-14 00:00:00+00:00,0.0,14.307734
2029-12-15 00:00:00+00:00,0.0,16.30936
2029-12-16 00:00:00+00:00,0.0,15.589601
2029-12-17 00:00:00+00:00,0.0,15.54977
2029-12-18 00:00:00+00:00,0.37227756,23.602642
2029-12-19 00:00:00+00:00,5.498573,19.50717
2029-12-20 00:00:00+00:00,3.2427254,17.445381
2029-12-21 00:00:00+00:00,1.5902276,19.409895
2029-12-22 00:00:00+00:00,0.0,14.020697
2029-12-23 00:00:00+00:00,0.0,14.652278
2029-12-24 00:00:00+00:00,0.0,14.616527
2029-12-25 00:00:00+00:00,0.0,15.243872
2029-12-26 00:00:00+00:00,0.0,13.884794
2029-12-27 00:00:00+00:00,0.0,13.851563
2029-12-28 00:00:00+00:00,0.0,14.476659
2029-12-29 00:00:00+00:00,0.0,16.411879
2029-12-30 00:00:00+00:00,0.0,15.718412
2029-12-31 00:00:00+00:00,0.0,12.414713
2030-01-01 00:00:00+00:00,0.0,12.385933
2030-01-02 00:00:00+00:00,0.0,13.016695
2030-01-03 00:00:00+00:00,0.0,13.645456
2030-01-04 00:00:00+00:00,0.0,12.326023
2030-01-05 00:00:00+00:00,0.0,12.953954
2030-01-06 00:00:00+00:00,0.0,15.519903
2030-01-07 00:00:00+00:00,0.0,14.849551
2030-01-08 00:00:00+00:00,0.0,14.181378
2030-01-09 00:00:00+00:00,0.0,14.802537
2030-01-10 00:00:00+00:00,0.0,12.851485
2030-01-11 00:00:00+00:00,0.0,13.472863
2030-01-12 00:00:00+00:00,0.0,16.65458
2030-01-13 00:00:00+00:00,0.0,14.070354
2030-01-14 00:00:00+00:00,0.0,12.771347
2030-01-15 00:00:00+00:00,0.0,11.476406
2030-01-16 00:00:00+00:00,0.0,12.7318735
2030-01-17 00:00:00+00:00,0.0,11.441053
2030-01-18 00:00:00+00:00,0.0,10.788872
2030-01-19 00:00:00+00:00,0.0,15.20807
2030-01-20 00:00:00+00:00,0.0,15.184908
2030-01-21 00:00:00+00:00,0.0,13.266623
2030-01-22 00:00:00+00:00,0.0,13.246552
2030-01-23 00:00:00+00:00,0.0,13.226581
2030-01-24 00:00:00+00:00,0.0,17.608942
2030-01-25 00:00:00+00:00,0.0,16.95462
2030-01-26 00:00:00+00:00,0.0,15.675287
2030-01-27 00:00:00+00:00,0.0,14.399813
2030-01-28 00:00:00+00:00,0.0,13.128158
2030-01-29 00:00:00+00:00,0.0,13.732984
2030-01-30 00:00:00+00:00,0.0,11.842834
2030-01-31 00:00:00+00:00,0.0,11.825449
2030-02-01 00:00:00+00:00,0.0,13.05111
2030-02-02 00:00:00+00:00,0.0,13.032076
2030-02-03 00:00:00+00:00,0.0,14.25248
2030-02-04 00:00:00+00:00,0.0,12.99428
2030-02-05 00:00:00+00:00,0.0,11.121869
2030-02-06 00:00:00+00:00,0.0,12.956837
2030-02-07 00:00:00+00:00,0.0,14.170463
2030-02-08 00:00:00+00:00,0.0,15.995877
2030-02-09 00:00:00+00:00,0.0,14.130033
2030-02-10 00:00:00+00:00,0.0,13.496482
2030-02-11 00:00:00+00:00,0.0,12.864761
2030-02-12 00:00:00+00:00,0.0,12.846602
2030-02-13 00:00:00+00:00,0.0,15.272057
2030-02-14 00:00:00+00:00,0.0,17.080713
2030-02-15 00:00:00+00:00,0.0,15.838491
2030-02-16 00:00:00+00:00,0.0,15.208097
2030-02-17 00:00:00+00:00,0.0,12.149578
2030-02-18 00:00:00+00:00,0.0,15.165946
2030-02-19 00:00:00+00:00,0.0,18.77982
2030-02-20 00:00:00+00:00,0.0,19.963917
2030-02-21 00:00:00+00:00,0.0,19.936537
2030-02-22 00:00:00+00:00,0.0,16.892727
2030-02-23 00:00:00+00:00,0.0,15.664727
2030-02-24 00:00:00+00:00,0.0,15.643448
2030-02-25 00:00:00+00:00,0.0,17.424835
2030-02-26 00:00:00+00:00,0.0,17.401314
2030-02-27 00:00:00+00:00,0.0,16.77866
2030-02-28 00:00:00+00:00,0.0,15.559285
2030-03-01 00:00:00+00:00,0.0,14.940846
2030-03-02 00:00:00+00:00,0.0,17.308279
2030-03-03 00:00:00+00:00,0.0,17.284452
2030-03-04 00:00:00+00:00,0.0,19.634975
2030-03-05 00:00:00+00:00,0.0,19.601585
2030-03-06 00:00:00+00:00,0.0,16.01046
2030-03-07 00:00:00+00:00,0.0,13.615474
2030-03-08 00:00:00+00:00,0.0,16.5474
2030-03-09 00:00:00+00:00,0.0,12.389675
2030-03-10 00:00:00+00:00,0.0,12.36889
2030-03-11 00:00:00+00:00,0.0,13.524215
2030-03-12 00:00:00+00:00,0.0,15.262735
2030-03-13 00:00:00+00:00,0.0,18.167593
2030-03-14 00:00:00+00:00,0.0,16.38221
2030-03-15 00:00:00+00:00,0.0,15.770986
2030-03-16 00:00:00+00:00,0.0,15.744953
2030-03-17 00:00:00+00:00,0.0,12.225915
2030-03-18 00:00:00+00:00,0.0,11.62461
2030-03-19 00:00:00+00:00,0.0,13.3464155
2030-03-20 00:00:00+00:00,0.0,16.221272
2030-03-21 00:00:00+00:00,0.0,16.773243
2030-03-22 00:00:00+00:00,0.0,16.168547
2030-03-23 00:00:00+00:00,0.0,15.565838
2030-03-24 00:00:00+00:00,0.0,11.5116205
2030-03-25 00:00:00+00:00,0.0,9.769109
2030-03-26 00:00:00+00:00,0.0,12.048324
2030-03-27 00:00:00+00:00,0.0,14.3202505
2030-03-28 00:00:00+00:00,0.0,11.437882
2030-03-29 00:00:00+00:00,0.0,10.84866
2030-03-30 00:00:00+00:00,0.0,20.522663
2030-03-31 00:00:00+00:00,0.0,20.490107
2030-04-01 00:00:00+00:00,0.0,15.911533
2030-04-02 00:00:00+00:00,0.0,16.453794
2030-04-03 00:00:00+00:00,0.0,14.728458
2030-04-04 00:00:00+00:00,0.0,9.0494375
2030-04-05 00:00:00+00:00,0.0,14.682307
2030-04-06 00:00:00+00:00,0.0,15.223202
2030-04-07 00:00:00+00:00,0.0,13.5106535
2030-04-08 00:00:00+00:00,0.0,15.175868
2030-04-09 00:00:00+00:00,0.0,10.662763
2030-04-10 00:00:00+00:00,0.0,14.008262
2030-04-11 00:00:00+00:00,0.0,15.105597
2030-04-12 00:00:00+00:00,0.0,17.31679
2030-04-13 00:00:00+00:00,0.0,16.174726
2030-04-14 00:00:00+00:00,0.0,16.149979
2030-04-15 00:00:00+00:00,0.0,15.013236
2030-04-16 00:00:00+00:00,0.0,13.879982
2030-04-17 00:00:00+00:00,0.0,14.41326
2030-04-18 00:00:00+00:00,0.0,16.605495
2030-04-19 00:00:00+00:00,0.0,17.68577
2030-04-20 00:00:00+00:00,0.0,17.659117
2030-04-21 00:00:00+00:00,0.0,13.775446
2030-04-22 00:00:00+00:00,0.0,14.855172
2030-04-23 00:00:00+00:00,0.0,19.777271
2030-04-24 00:00:00+00:00,0.0,16.456472
2030-04-25 00:00:00+00:00,0.0,14.241048
2030-04-26 00:00:00+00:00,0.0,15.313746
2030-04-27 00:00:00+00:00,0.0,13.65274
2030-04-28 00:00:00+00:00,0.0,11.45136
2030-04-29 00:00:00+00:00,0.0,13.067988
2030-04-30 00:00:00+00:00,0.0,15.223575
2030-05-01 00:00:00+00:00,0.0,16.82996
2030-05-02 00:00:00+00:00,0.0,17.88956
2030-05-03 00:00:00+00:00,0.0,16.789032
2030-05-04 00:00:00+00:00,0.0,16.797377
2030-05-05 00:00:00+00:00,0.0,11.926653
2030-05-06 00:00:00+00:00,0.0,18.983675
2030-05-07 00:00:00+00:00,0.0,19.53581
2030-05-08 00:00:00+00:00,0.0,11.401584
2030-05-09 00:00:00+00:00,0.0,16.296127
2030-05-10 00:00:00+00:00,0.053632606,16.30429
2030-05-11 00:00:00+00:00,0.0,15.768723
2030-05-12 00:00:00+00:00,0.0,18.496756
2030-05-13 00:00:00+00:00,0.0,17.961761
2030-05-14 00:00:00+00:00,0.0,17.426237
2030-05-15 00:00:00+00:00,0.0,22.338627
2030-05-16 00:00:00+00:00,0.0,21.804789
2030-05-17 00:00:00+00:00,0.0,22.36121
2030-05-18 00:00:00+00:00,0.0,20.735514
2030-05-19 00:00:00+00:00,0.0,13.102756
2030-05-20 00:00:00+00:00,0.0,24.580135
2030-05-21 00:00:00+00:00,0.0,26.778645
2030-05-22 00:00:00+00:00,0.0,22.418024
2030-05-23 00:00:00+00:00,0.0,17.50591
2030-05-24 00:00:00+00:00,0.0,16.967508
2030-05-25 00:00:00+00:00,0.0,19.166653
2030-05-26 00:00:00+00:00,0.0,15.341167
2030-05-27 00:00:00+00:00,0.0,16.445387
2030-05-28 00:00:00+00:00,0.0,19.744589
2030-05-29 00:00:00+00:00,0.0,24.693417
2030-05-30 00:00:00+00:00,0.0,18.666845
2030-05-31 00:00:00+00:00,0.0,14.831307
2030-06-01 00:00:00+00:00,0.06570101,13.739775
2030-06-02 00:00:00+00:00,0.06591229,12.097247
2030-06-03 00:00:00+00:00,4.032867,21.456213
2030-06-04 00:00:00+00:00,12.53121,21.467321
2030-06-05 00:00:00+00:00,0.0,14.8696995
2030-06-06 00:00:00+00:00,0.59989834,19.83656
2030-06-07 00:00:00+00:00,0.0,16.539062
2030-06-08 00:00:00+00:00,0.06697556,23.718332
2030-06-09 00:00:00+00:00,11.209848,24.282574
2030-06-10 00:00:00+00:00,0.0,16.564943
2030-06-11 00:00:00+00:00,0.0,14.916242
2030-06-12 00:00:00+00:00,0.0,17.687763
2030-06-13 00:00:00+00:00,3.721315,18.803102
2030-06-14 00:00:00+00:00,1.2878311,17.706322
2030-06-15 00:00:00+00:00,1.5616109,13.840337
2030-06-16 00:00:00+00:00,1.156122,11.078096
2030-06-17 00:00:00+00:00,18.458887,11.083932
2030-06-18 00:00:00+00:00,0.47751752,12.198761
2030-06-19 00:00:00+00:00,0.0,8.3217325
2030-06-20 00:00:00+00:00,0.0,7.7710595
2030-06-21 00:00:00+00:00,2.808637,13.3288765
2030-06-22 00:00:00+00:00,0.13718438,15.002941
2030-06-23 00:00:00+00:00,0.5494241,15.010912
2030-06-24 00:00:00+00:00,1.3064579,15.575152
2030-06-25 00:00:00+00:00,0.0,21.14897
2030-06-26 00:00:00+00:00,6.2716017,19.489706
2030-06-27 00:00:00+00:00,7.037366,13.928656
2030-06-28 00:00:00+00:00,0.0,10.59144
2030-06-29 00:00:00+00:00,0.9679175,17.84777
2030-06-30 00:00:00+00:00,0.0,12.276922
2030-07-01 00:00:00+00:00,0.0,13.4002
2030-07-02 00:00:00+00:00,0.0693358,13.96605
2030-07-03 00:00:00+00:00,3.6128762,12.309451
2030-07-04 00:00:00+00:00,0.8369888,14.0343895
2030-07-05 00:00:00+00:00,2.8705194,12.391513
2030-07-06 00:00:00+00:00,0.421617,12.433211
2030-07-07 00:00:00+00:00,16.36059,10.207112
2030-07-08 00:00:00+00:00,0.0,10.810975
2030-07-09 00:00:00+00:00,2.6980665,8.564352
2030-07-10 00:00:00+00:00,4.9151382,11.458734
2030-07-11 00:00:00+00:00,1.5006683,11.498771
2030-07-12 00:00:00+00:00,4.730979,10.385329
2030-07-13 00:00:00+00:00,4.026253,15.633265
2030-07-14 00:00:00+00:00,0.14421646,13.364837
2030-07-15 00:00:00+00:00,2.6033118,20.411077
2030-07-16 00:00:00+00:00,0.0,15.217571
2030-07-17 00:00:00+00:00,0.0,15.860701
2030-07-18 00:00:00+00:00,0.0,18.867203
2030-07-19 00:00:00+00:00,0.0,15.978387
2030-07-20 00:00:00+00:00,0.43966013,13.068216
2030-07-21 00:00:00+00:00,0.514197,14.906339
2030-07-22 00:00:00+00:00,1.0308607,20.94834
2030-07-23 00:00:00+00:00,0.66424847,16.822996
2030-07-24 00:00:00+00:00,0.0,19.903828
2030-07-25 00:00:00+00:00,0.3706981,19.375978
2030-07-26 00:00:00+00:00,0.22290482,17.020664
2030-07-27 00:00:00+00:00,2.0104282,16.477867
2030-07-28 00:00:00+00:00,0.0,15.931024
2030-07-29 00:00:00+00:00,0.0,13.534445
2030-07-30 00:00:00+00:00,3.6709661,16.677988
2030-07-31 00:00:00+00:00,1.3511554,17.366594
2030-08-01 00:00:00+00:00,2.4818602,13.701596
2030-08-02 00:00:00+00:00,7.610233,10.631743
2030-08-03 00:00:00+00:00,0.07548711,11.932503
2030-08-04 00:00:00+00:00,7.184166,15.136562
2030-08-05 00:00:00+00:00,0.07575597,17.734869
2030-08-06 00:00:00+00:00,0.30354676,17.175272
2030-08-07 00:00:00+00:00,0.07601502,15.333364
2030-08-08 00:00:00+00:00,0.0,14.758993
2030-08-09 00:00:00+00:00,0.61011827,11.601684
2030-08-10 00:00:00+00:00,4.659567,12.948369
2030-08-11 00:00:00+00:00,0.0,12.356415
2030-08-12 00:00:00+00:00,0.0,16.985704
2030-08-13 00:00:00+00:00,0.0,16.407381
2030-08-14 00:00:00+00:00,2.2287006,13.846043
2030-08-15 00:00:00+00:00,12.92981,9.936261
2030-08-16 00:00:00+00:00,4.007779,15.973017
2030-08-17 00:00:00+00:00,0.15436076,14.711644
2030-08-18 00:00:00+00:00,2.0094435,10.078866
2030-08-19 00:00:00+00:00,2.631276,17.554768
2030-08-20 00:00:00+00:00,1.394873,18.319202
2030-08-21 00:00:00+00:00,3.4141257,12.273159
2030-08-22 00:00:00+00:00,12.663952,12.334393
2030-08-23 00:00:00+00:00,0.23337178,13.085216
2030-08-24 00:00:00+00:00,0.0,10.382969
2030-08-25 00:00:00+00:00,0.0,11.82779
2030-08-26 00:00:00+00:00,3.0449,24.477592
2030-08-27 00:00:00+00:00,4.3772974,20.387625
2030-08-28 00:00:00+00:00,4.460609,12.014561
2030-08-29 00:00:00+00:00,12.221849,14.920771
2030-08-30 00:00:00+00:00,0.07843273,12.143869
2030-08-31 00:00:00+00:00,4.161506,16.51945
2030-09-01 00:00:00+00:00,0.0,15.88817
2030-09-02 00:00:00+00:00,4.0107093,11.59305
2030-09-03 00:00:00+00:00,2.5162232,13.781099
2030-09-04 00:00:00+00:00,0.0,16.699827
2030-09-05 00:00:00+00:00,0.0,11.629453
2030-09-06 00:00:00+00:00,6.2095766,8.003659
2030-09-07 00:00:00+00:00,9.116643,8.740475
2030-09-08 00:00:00+00:00,0.0,16.7703
2030-09-09 00:00:00+00:00,0.07856986,15.328263
2030-09-10 00:00:00+00:00,9.191335,14.613886
2030-09-11 00:00:00+00:00,2.6705859,16.823912
2030-09-12 00:00:00+00:00,4.1623282,11.716124
2030-09-13 00:00:00+00:00,6.9099336,12.461753
2030-09-14 00:00:00+00:00,1.570181,11.007509
2030-09-15 00:00:00+00:00,0.15699142,11.754032
2030-09-16 00:00:00+00:00,0.0,12.502195
2030-09-17 00:00:00+00:00,0.0,10.307117
2030-09-18 00:00:00+00:00,3.5303836,10.318357
2030-09-19 00:00:00+00:00,5.1768913,10.329643
2030-09-20 00:00:00+00:00,6.2737584,11.079618
2030-09-21 00:00:00+00:00,13.642584,10.352356
2030-09-22 00:00:00+00:00,2.1948845,10.363783
2030-09-23 00:00:00+00:00,8.4640875,6.6698103
2030-09-24 00:00:00+00:00,7.443532,8.902956
2030-09-25 00:00:00+00:00,5.561717,8.912875
2030-09-26 00:00:00+00:00,2.114489,16.358532
2030-09-27 00:00:00+00:00,6.8898683,21.587692
2030-09-28 00:00:00+00:00,0.5479087,10.43336
2030-09-29 00:00:00+00:00,12.363582,9.699047
2030-09-30 00:00:00+00:00,13.53334,8.216173
2030-10-01 00:00:00+00:00,5.317824,7.4777246
2030-10-02 00:00:00+00:00,0.2345343,16.469725
2030-10-03 00:00:00+00:00,3.7512844,12.741139
2030-10-04 00:00:00+00:00,12.890492,11.255062
2030-10-05 00:00:00+00:00,0.0,16.526392
2030-10-06 00:00:00+00:00,6.9477882,9.024788
2030-10-07 00:00:00+00:00,2.4970634,12.046966
2030-10-08 00:00:00+00:00,5.849984,13.568558
2030-10-09 00:00:00+00:00,11.304865,7.5468607
2030-10-10 00:00:00+00:00,16.598557,7.555671
2030-10-11 00:00:00+00:00,2.7260911,7.5645194
2030-10-12 00:00:00+00:00,12.7668915,11.360109
2030-10-13 00:00:00+00:00,10.425608,9.098799
2030-10-14 00:00:00+00:00,0.0,8.350427
2030-10-15 00:00:00+00:00,1.3210207,14.44057
2030-10-16 00:00:00+00:00,7.066559,15.218687
2030-10-17 00:00:00+00:00,9.234203,7.618427
2030-10-18 00:00:00+00:00,4.4196844,9.915815
2030-10-19 00:00:00+00:00,4.4160185,7.636713
2030-10-20 00:00:00+00:00,10.759286,7.645918
2030-10-21 00:00:00+00:00,6.418432,7.655162
2030-10-22 00:00:00+00:00,0.30900055,9.963783
2030-10-23 00:00:00+00:00,0.15432608,12.278041
2030-10-24 00:00:00+00:00,2.5432553,11.524716
2030-10-25 00:00:00+00:00,1.5393007,9.231067
2030-10-26 00:00:00+00:00,4.149999,8.47221
2030-10-27 00:00:00+00:00,0.0,8.482656
2030-10-28 00:00:00+00:00,0.0,10.037355
2030-10-29 00:00:00+00:00,0.0,10.049811
2030-10-30 00:00:00+00:00,0.0,10.836348
2030-10-31 00:00:00+00:00,0.0,10.074892
2030-11-01 00:00:00+00:00,0.0,9.311556
2030-11-02 00:00:00+00:00,0.0,10.0698395
2030-11-03 00:00:00+00:00,0.0,11.578029
2030-11-04 00:00:00+00:00,0.0,12.306648
2030-11-05 00:00:00+00:00,0.0,9.964414
2030-11-06 00:00:00+00:00,0.0,7.6385174
2030-11-07 00:00:00+00:00,0.0,10.657358
2030-11-08 00:00:00+00:00,0.0,10.6212015
2030-11-09 00:00:00+00:00,0.0,9.829346
2030-11-10 00:00:00+00:00,0.22450727,12.810829
2030-11-11 00:00:00+00:00,0.0,11.266212
2030-11-12 00:00:00+00:00,0.0,12.726385
2030-11-13 00:00:00+00:00,0.0,11.938689
2030-11-14 00:00:00+00:00,0.0,12.643779
2030-11-15 00:00:00+00:00,0.0,11.12042
2030-11-16 00:00:00+00:00,0.0,12.562947
2030-11-17 00:00:00+00:00,0.0,11.786521
2030-11-18 00:00:00+00:00,0.0,10.280805
2030-11-19 00:00:00+00:00,0.0,10.980801
2030-11-20 00:00:00+00:00,0.0,11.676603
2030-11-21 00:00:00+00:00,0.0,10.913185
2030-11-22 00:00:00+00:00,0.0,9.429251
2030-11-23 00:00:00+00:00,0.0,9.400708
2030-11-24 00:00:00+00:00,0.0,10.093418
2030-11-25 00:00:00+00:00,0.0,9.344501
2030-11-26 00:00:00+00:00,0.0,9.316827
2030-11-27 00:00:00+00:00,0.0,12.862293
2030-11-28 00:00:00+00:00,0.0,12.112263
2030-11-29 00:00:00+00:00,0.0,12.07716
2030-11-30 00:00:00+00:00,0.0,10.625652
2030-12-01 00:00:00+00:00,0.0,12.008001
2030-12-02 00:00:00+00:00,0.0,13.382635
2030-12-03 00:00:00+00:00,0.0,14.749667
2030-12-04 00:00:00+00:00,0.0,12.607207
2030-12-05 00:00:00+00:00,0.0,11.873734
2030-12-06 00:00:00+00:00,0.0,10.447927
2030-12-07 00:00:00+00:00,0.0,11.80855
2030-12-08 00:00:00+00:00,0.0,11.776426
2030-12-09 00:00:00+00:00,0.0,9.672031
2030-12-10 00:00:00+00:00,0.0,11.024092
2030-12-11 00:00:00+00:00,0.0,10.994715
2030-12-12 00:00:00+00:00,0.0,10.965613
2030-12-13 00:00:00+00:00,0.0,10.253238
2030-12-14 00:00:00+00:00,0.0,10.226465
2030-12-15 00:00:00+00:00,0.0,8.839949
2030-12-16 00:00:00+00:00,0.0,9.495418
2030-12-17 00:00:00+00:00,0.0,12.177152
2030-12-18 00:00:00+00:00,0.0,10.796618
2030-12-19 00:00:00+00:00,0.0,17.500196
2030-12-20 00:00:00+00:00,0.0,16.113504
2030-12-21 00:00:00+00:00,0.0,14.7339
2030-12-22 00:00:00+00:00,0.0,13.36129
2030-12-23 00:00:00+00:00,0.0,15.327687
2030-12-24 00:00:00+00:00,0.0,16.619812
2030-12-25 00:00:00+00:00,0.0,15.2531
2030-12-26 00:00:00+00:00,0.0,16.539461
2030-12-27 00:00:00+00:00,0.0,15.839823
2030-12-28 00:00:00+00:00,0.0,16.460516
2030-12-29 00:00:00+00:00,0.0,14.450976
2030-12-30 00:00:00+00:00,0.0,14.416994
2030-12-31 00:00:00+00:00,0.0,14.383308
2031-01-01 00:00:00+00:00,0.0,11.740835
2031-01-02 00:00:00+00:00,0.0,11.7197695
2031-01-03 00:00:00+00:00,0.0,11.700827
2031-01-04 00:00:00+00:00,0.0,12.330978
2031-01-05 00:00:00+00:00,0.0,14.903017
2031-01-06 00:00:00+00:00,0.0,13.585338
2031-01-07 00:00:00+00:00,0.0,10.334234
2031-01-08 00:00:00+00:00,0.0,10.31782
2031-01-09 00:00:00+00:00,0.0,10.301487
2031-01-10 00:00:00+00:00,0.0,12.213718
2031-01-11 00:00:00+00:00,0.0,12.836335
2031-01-12 00:00:00+00:00,0.0,13.457039
2031-01-13 00:00:00+00:00,0.0,14.715652
2031-01-14 00:00:00+00:00,0.0,15.331572
2031-01-15 00:00:00+00:00,0.0,17.221275
2031-01-16 00:00:00+00:00,0.0,15.920983
2031-01-17 00:00:00+00:00,0.0,15.260607
2031-01-18 00:00:00+00:00,0.0,17.141832
2031-01-19 00:00:00+00:00,0.0,18.383436
2031-01-20 00:00:00+00:00,0.0,17.089523
2031-01-21 00:00:00+00:00,0.0,15.167609
2031-01-22 00:00:00+00:00,0.0,13.251561
2031-01-23 00:00:00+00:00,0.0,11.341341
2031-01-24 00:00:00+00:00,0.0,11.324284
2031-01-25 00:00:00+00:00,0.0,15.076412
2031-01-26 00:00:00+00:00,0.0,14.426645
2031-01-27 00:00:00+00:00,0.0,10.647297
2031-01-28 00:00:00+00:00,0.0,16.259932
2031-01-29 00:00:00+00:00,0.0,15.611431
2031-01-30 00:00:00+00:00,0.0,13.717805
2031-01-31 00:00:00+00:00,0.0,11.207167
2031-02-01 00:00:00+00:00,0.0,11.190755
2031-02-02 00:00:00+00:00,0.0,13.657626
2031-02-03 00:00:00+00:00,0.0,17.977045
2031-02-04 00:00:00+00:00,0.0,17.950977
2031-02-05 00:00:00+00:00,0.0,19.779348
2031-02-06 00:00:00+00:00,0.0,16.664785
2031-02-07 00:00:00+00:00,0.0,17.257185
2031-02-08 00:00:00+00:00,0.0,17.232489
2031-02-09 00:00:00+00:00,0.0,15.364201
2031-02-10 00:00:00+00:00,0.0,15.342356
2031-02-11 00:00:00+00:00,0.0,13.482139
2031-02-12 00:00:00+00:00,0.0,11.627216
2031-02-13 00:00:00+00:00,0.0,14.66633
2031-02-14 00:00:00+00:00,0.0,12.204785
2031-02-15 00:00:00+00:00,0.0,12.797096
2031-02-16 00:00:00+00:00,0.0,13.387786
2031-02-17 00:00:00+00:00,0.0,12.761485
2031-02-18 00:00:00+00:00,0.0,12.136954
2031-02-19 00:00:00+00:00,0.0,11.514181
2031-02-20 00:00:00+00:00,0.0,10.893151
2031-02-21 00:00:00+00:00,0.0,11.482546
2031-02-22 00:00:00+00:00,0.0,10.863318
2031-02-23 00:00:00+00:00,0.0,14.464673
2031-02-24 00:00:00+00:00,0.0,18.056261
2031-02-25 00:00:00+00:00,0.0,18.63285
2031-02-26 00:00:00+00:00,0.0,12.004953
2031-02-27 00:00:00+00:00,0.0,11.988788
2031-02-28 00:00:00+00:00,0.0,14.965866
2031-03-01 00:00:00+00:00,0.0,14.348007
2031-03-02 00:00:00+00:00,0.0,11.343684
2031-03-03 00:00:00+00:00,0.0,16.098536
2031-03-04 00:00:00+00:00,0.0,14.881323
2031-03-05 00:00:00+00:00,0.0,11.290561
2031-03-06 00:00:00+00:00,0.0,11.86463
2031-03-07 00:00:00+00:00,0.0,12.436774
2031-03-08 00:00:00+00:00,0.0,14.189468
2031-03-09 00:00:00+00:00,0.0,14.7558155
2031-03-10 00:00:00+00:00,0.0,17.088013
2031-03-11 00:00:00+00:00,0.0,13.529872
2031-03-12 00:00:00+00:00,0.0,11.158191
2031-03-13 00:00:00+00:00,0.0,11.139609
2031-03-14 00:00:00+00:00,0.0,12.291754
2031-03-15 00:00:00+00:00,0.0,12.271395
2031-03-16 00:00:00+00:00,0.0,11.667741
2031-03-17 00:00:00+00:00,0.0,12.813373
2031-03-18 00:00:00+00:00,0.0,20.35142
2031-03-19 00:00:00+00:00,0.0,15.093424
2031-03-20 00:00:00+00:00,0.0,15.06876
2031-03-21 00:00:00+00:00,0.0,15.044198
2031-03-22 00:00:00+00:00,0.0,16.175112
2031-03-23 00:00:00+00:00,0.0,17.879128
2031-03-24 00:00:00+00:00,0.0,20.729286
2031-03-25 00:00:00+00:00,0.0,17.246548
2031-03-26 00:00:00+00:00,0.0,14.922966
2031-03-27 00:00:00+00:00,0.0,12.606871
2031-03-28 00:00:00+00:00,0.0,10.870332
2031-03-29 00:00:00+00:00,0.0,13.709035
2031-03-30 00:00:00+00:00,0.0,11.976315
2031-03-31 00:00:00+00:00,0.0,12.526699
2031-04-01 00:00:00+00:00,0.0,13.075358
2031-04-02 00:00:00+00:00,0.0,12.487113
2031-04-03 00:00:00+00:00,0.0,10.767341
2031-04-04 00:00:00+00:00,0.0,12.447862
2031-04-05 00:00:00+00:00,0.0,11.86343
2031-04-06 00:00:00+00:00,0.0,16.357227
2031-04-07 00:00:00+00:00,0.0,15.205404
2031-04-08 00:00:00+00:00,0.0,16.868626
2031-04-09 00:00:00+00:00,0.0,18.52671
2031-04-10 00:00:00+00:00,0.0,15.13477
2031-04-11 00:00:00+00:00,0.0,13.432374
2031-04-12 00:00:00+00:00,0.0,11.176417
2031-04-13 00:00:00+00:00,0.0,15.065003
2031-04-14 00:00:00+00:00,0.0,14.484828
2031-04-15 00:00:00+00:00,0.0,12.237675
2031-04-16 00:00:00+00:00,0.0,16.106905
2031-04-17 00:00:00+00:00,0.16014,16.636997
2031-04-18 00:00:00+00:00,0.1285326,16.611784
2031-04-19 00:00:00+00:00,0.45129308,12.163559
2031-04-20 00:00:00+00:00,0.032334343,15.457547
2031-04-21 00:00:00+00:00,0.0,15.985522
2031-04-22 00:00:00+00:00,0.032524243,23.116709
2031-04-23 00:00:00+00:00,0.0,22.532536
2031-04-24 00:00:00+00:00,0.0,17.560116
2031-04-25 00:00:00+00:00,0.0,16.986029
2031-04-26 00:00:00+00:00,0.0,15.86655
2031-04-27 00:00:00+00:00,0.0,15.843043
2031-04-28 00:00:00+00:00,0.0,12.001096
2031-04-29 00:00:00+00:00,0.0,18.5198
2031-04-30 00:00:00+00:00,0.0,17.404766
2031-05-01 00:00:00+00:00,0.0,22.810238
2031-05-02 00:00:00+00:00,0.033333536,16.269184
2031-05-03 00:00:00+00:00,0.0,15.703918
2031-05-04 00:00:00+00:00,0.0,14.08637
2031-05-05 00:00:00+00:00,0.0,14.635433
2031-05-06 00:00:00+00:00,0.0,11.388786
2031-05-07 00:00:00+00:00,0.0,15.192622
2031-05-08 00:00:00+00:00,0.0,23.343185
2031-05-09 00:00:00+00:00,0.0,24.441132
2031-05-10 00:00:00+00:00,0.0,20.649515
2031-05-11 00:00:00+00:00,0.0,15.766746
2031-05-12 00:00:00+00:00,0.0,13.054893
2031-05-13 00:00:00+00:00,0.0,14.694138
2031-05-14 00:00:00+00:00,0.0,12.523531
2031-05-15 00:00:00+00:00,0.0,9.805965
2031-05-16 00:00:00+00:00,0.0,17.441626
2031-05-17 00:00:00+00:00,0.0,21.26773
2031-05-18 00:00:00+00:00,0.0,22.369698
2031-05-19 00:00:00+00:00,0.06117886,17.468126
2031-05-20 00:00:00+00:00,0.0,15.838522
2031-05-21 00:00:00+00:00,0.0,19.671602
2031-05-22 00:00:00+00:00,0.0,16.948053
2031-05-23 00:00:00+00:00,0.0,21.8796
2031-05-24 00:00:00+00:00,0.0,22.438032
2031-05-25 00:00:00+00:00,0.0,20.2593
2031-05-26 00:00:00+00:00,0.0,16.98269
2031-05-27 00:00:00+00:00,0.0,19.183828
2031-05-28 00:00:00+00:00,0.0,23.0324
2031-05-29 00:00:00+00:00,0.0,20.300867
2031-05-30 00:00:00+00:00,0.0,21.958172
2031-05-31 00:00:00+00:00,0.0,20.321768
2031-06-01 00:00:00+00:00,0.0,18.683687
2031-06-02 00:00:00+00:00,0.0,15.394506
2031-06-03 00:00:00+00:00,0.39638093,15.402468
2031-06-04 00:00:00+00:00,0.53004855,20.914171
2031-06-05 00:00:00+00:00,0.53151244,16.519747
2031-06-06 00:00:00+00:00,0.06661316,18.732098
2031-06-07 00:00:00+00:00,0.0,18.190603
2031-06-08 00:00:00+00:00,0.0,22.060692
2031-06-09 00:00:00+00:00,0.0,19.864967
2031-06-10 00:00:00+00:00,0.0,12.6981325
2031-06-11 00:00:00+00:00,0.0,12.152387
2031-06-12 00:00:00+00:00,0.0,17.132776
2031-06-13 00:00:00+00:00,0.0,16.588795
2031-06-14 00:00:00+00:00,0.0,19.36375
2031-06-15 00:00:00+00:00,0.4750737,19.373924
2031-06-16 00:00:00+00:00,0.0,17.168787
2031-06-17 00:00:00+00:00,0.27235064,21.0567
2031-06-18 00:00:00+00:00,0.2727658,24.948719
2031-06-19 00:00:00+00:00,0.0,18.30539
2031-06-20 00:00:00+00:00,0.0,22.75509
2031-06-21 00:00:00+00:00,7.327426,20.545961
2031-06-22 00:00:00+00:00,5.1427703,15.5565405
2031-06-23 00:00:00+00:00,0.13731368,13.897146
2031-06-24 00:00:00+00:00,0.06874048,17.241623
2031-06-25 00:00:00+00:00,7.9144535,20.033195
2031-06-26 00:00:00+00:00,0.0,17.260008
2031-06-27 00:00:00+00:00,0.0,21.725798
2031-06-28 00:00:00+00:00,0.9666796,21.737415
2031-06-29 00:00:00+00:00,0.0,15.614705
2031-06-30 00:00:00+00:00,0.34594193,15.623078
2031-07-01 00:00:00+00:00,0.4155309,11.7236
2031-07-02 00:00:00+00:00,1.7329977,16.198437
2031-07-03 00:00:00+00:00,0.13881919,19.008034
2031-07-04 00:00:00+00:00,7.8043914,15.705478
2031-07-05 00:00:00+00:00,0.90931636,16.320618
2031-07-06 00:00:00+00:00,0.0,12.422745
2031-07-07 00:00:00+00:00,8.384479,13.03136
2031-07-08 00:00:00+00:00,9.191437,13.075788
2031-07-09 00:00:00+00:00,0.0,18.254887
2031-07-10 00:00:00+00:00,0.0,14.310991
2031-07-11 00:00:00+00:00,12.709963,14.935336
2031-07-12 00:00:00+00:00,23.063807,17.87009
2031-07-13 00:00:00+00:00,4.8135405,10.991421
2031-07-14 00:00:00+00:00,8.574662,9.869524
2031-07-15 00:00:00+00:00,0.0,13.983553
2031-07-16 00:00:00+00:00,12.17422,16.958029
2031-07-17 00:00:00+00:00,46.141293,11.73791
2031-07-18 00:00:00+00:00,1.0199964,11.78112
2031-07-19 00:00:00+00:00,0.4382763,10.64235
2031-07-20 00:00:00+00:00,1.8307767,13.649416
2031-07-21 00:00:00+00:00,5.726142,15.487943
2031-07-22 00:00:00+00:00,9.272242,11.959078
2031-07-23 00:00:00+00:00,13.793608,10.8043995
2031-07-24 00:00:00+00:00,0.44359422,13.256374
2031-07-25 00:00:00+00:00,0.0,17.542345
2031-07-26 00:00:00+00:00,0.14852284,15.18207
2031-07-27 00:00:00+00:00,0.2976837,14.632467
2031-07-28 00:00:00+00:00,0.0,16.52721
2031-07-29 00:00:00+00:00,0.0,16.593704
2031-07-30 00:00:00+00:00,3.3696268,12.3415
2031-07-31 00:00:00+00:00,150.73091,17.968386
2031-08-01 00:00:00+00:00,2.7813725,22.397606
2031-08-02 00:00:00+00:00,0.07531385,10.620654
2031-08-03 00:00:00+00:00,0.6036224,12.547318
2031-08-04 00:00:00+00:00,3.628278,14.490482
2031-08-05 00:00:00+00:00,0.0,17.08318
2031-08-06 00:00:00+00:00,1.1378134,14.614995
2031-08-07 00:00:00+00:00,22.718962,12.125696
2031-08-08 00:00:00+00:00,19.484093,12.819813
2031-08-09 00:00:00+00:00,0.0,16.095596
2031-08-10 00:00:00+00:00,12.293342,15.520674
2031-08-11 00:00:00+00:00,2.2942834,12.342479
2031-08-12 00:00:00+00:00,0.15318792,13.051059
2031-08-13 00:00:00+00:00,3.37523,10.4886675
2031-08-14 00:00:00+00:00,4.9935336,12.5128565
2031-08-15 00:00:00+00:00,3.846774,11.909573
2031-08-16 00:00:00+00:00,0.07704547,18.6132
2031-08-17 00:00:00+00:00,0.5400754,17.365782
2031-08-18 00:00:00+00:00,9.734758,12.080101
2031-08-19 00:00:00+00:00,13.229343,13.487287
2031-08-20 00:00:00+00:00,5.500191,11.520188
2031-08-21 00:00:00+00:00,11.247463,9.53399
2031-08-22 00:00:00+00:00,0.15533663,8.897057
2031-08-23 00:00:00+00:00,12.28708,8.941762
2031-08-24 00:00:00+00:00,6.540474,16.591623
2031-08-25 00:00:00+00:00,0.0,18.761187
2031-08-26 00:00:00+00:00,11.083272,10.476793
2031-08-27 00:00:00+00:00,11.487055,14.04202
2031-08-28 00:00:00+00:00,0.0,9.88126
2031-08-29 00:00:00+00:00,4.8560305,9.224332
2031-08-30 00:00:00+00:00,16.466305,6.420435
2031-08-31 00:00:00+00:00,8.870222,10.758876
2031-09-01 00:00:00+00:00,1.3359082,20.193478
2031-09-02 00:00:00+00:00,4.246758,13.038792
2031-09-03 00:00:00+00:00,8.571142,9.426716
2031-09-04 00:00:00+00:00,33.88727,7.984785
2031-09-05 00:00:00+00:00,29.559206,9.446452
2031-09-06 00:00:00+00:00,4.6376834,8.728968
2031-09-07 00:00:00+00:00,2.5150206,8.009988
2031-09-08 00:00:00+00:00,0.15716736,10.934258
2031-09-09 00:00:00+00:00,0.0,13.135025
2031-09-10 00:00:00+00:00,15.712262,24.836992
2031-09-11 00:00:00+00:00,68.25962,39.489075
2031-09-12 00:00:00+00:00,2.1205144,27.81834
2031-09-13 00:00:00+00:00,2.1201787,15.389792
2031-09-14 00:00:00+00:00,4.9462767,9.537271
2031-09-15 00:00:00+00:00,16.484808,7.3442836
2031-09-16 00:00:00+00:00,2.1191065,8.087462
2031-09-17 00:00:00+00:00,0.078471296,9.568293
2031-09-18 00:00:00+00:00,10.591655,13.262841
2031-09-19 00:00:00+00:00,11.687798,11.064446
2031-09-20 00:00:00+00:00,0.23527795,9.5997
2031-09-21 00:00:00+00:00,3.6068504,9.610256
2031-09-22 00:00:00+00:00,15.051461,9.620856
2031-09-23 00:00:00+00:00,0.07837563,17.781233
2031-09-24 00:00:00+00:00,0.0,11.125606
2031-09-25 00:00:00+00:00,12.142522,8.167858
2031-09-26 00:00:00+00:00,9.633284,9.663702
2031-09-27 00:00:00+00:00,2.5055728,13.395498
2031-09-28 00:00:00+00:00,2.7397327,9.685396
2031-09-29 00:00:00+00:00,2.4259403,11.933924
2031-09-30 00:00:00+00:00,10.483258,8.960562
2031-10-01 00:00:00+00:00,7.429895,9.718283
2031-10-02 00:00:00+00:00,1.0945829,8.980928
2031-10-03 00:00:00+00:00,0.8597431,11.23897
2031-10-04 00:00:00+00:00,12.032207,9.75159
2031-10-05 00:00:00+00:00,5.389084,9.011805
2031-10-06 00:00:00+00:00,14.053094,8.270337
2031-10-07 00:00:00+00:00,7.2578435,11.290764
2031-10-08 00:00:00+00:00,0.0,9.04308
2031-10-09 00:00:00+00:00,0.0,14.33486
2031-10-10 00:00:00+00:00,0.0,12.085544
2031-10-11 00:00:00+00:00,0.0,12.099685
2031-10-12 00:00:00+00:00,0.0,9.842534
2031-10-13 00:00:00+00:00,0.0,11.370146
2031-10-14 00:00:00+00:00,0.0,10.624672
2031-10-15 00:00:00+00:00,8.238294,12.156873
2031-10-16 00:00:00+00:00,13.902562,10.649911
2031-10-17 00:00:00+00:00,1.8627056,8.377768
2031-10-18 00:00:00+00:00,3.5674708,13.725478
2031-10-19 00:00:00+00:00,1.7822819,13.741954
2031-10-20 00:00:00+00:00,3.4840205,10.701058
2031-10-21 00:00:00+00:00,0.1546993,13.775124
2031-10-22 00:00:00+00:00,0.0,14.558035
2031-10-23 00:00:00+00:00,4.322387,14.575736
2031-10-24 00:00:00+00:00,7.786372,9.985038
2031-10-25 00:00:00+00:00,0.0,14.611377
2031-10-26 00:00:00+00:00,0.0,15.399283
2031-10-27 00:00:00+00:00,0.0,10.792776
2031-10-28 00:00:00+00:00,0.0,10.03425
2031-10-29 00:00:00+00:00,0.0,13.137983
2031-10-30 00:00:00+00:00,0.0,12.380541
2031-10-31 00:00:00+00:00,0.0,10.071744
2031-11-01 00:00:00+00:00,0.0,10.084356
2031-11-02 00:00:00+00:00,0.0,10.078791
2031-11-03 00:00:00+00:00,0.0,9.270592
2031-11-04 00:00:00+00:00,0.0,7.6983833
2031-11-05 00:00:00+00:00,0.0,9.973061
2031-11-06 00:00:00+00:00,0.0,9.938621
2031-11-07 00:00:00+00:00,0.30086157,9.14268
2031-11-08 00:00:00+00:00,0.5257193,14.426702
2031-11-09 00:00:00+00:00,1.3497568,13.621306
2031-11-10 00:00:00+00:00,0.0,13.575725
2031-11-11 00:00:00+00:00,0.0,12.778944
2031-11-12 00:00:00+00:00,0.0,11.987614
2031-11-13 00:00:00+00:00,0.0,10.454866
2031-11-14 00:00:00+00:00,0.0,8.93224
2031-11-15 00:00:00+00:00,0.0,8.90348
2031-11-16 00:00:00+00:00,0.0,8.135442
2031-11-17 00:00:00+00:00,0.0,8.10964
2031-11-18 00:00:00+00:00,0.0,10.288874
2031-11-19 00:00:00+00:00,0.0,8.05886
2031-11-20 00:00:00+00:00,0.0,8.033871
2031-11-21 00:00:00+00:00,0.0,9.465352
2031-11-22 00:00:00+00:00,0.0,11.614073
2031-11-23 00:00:00+00:00,0.0,10.855173
2031-11-24 00:00:00+00:00,0.0,10.822493
2031-11-25 00:00:00+00:00,0.0,9.351463
2031-11-26 00:00:00+00:00,0.0,10.040928
2031-11-27 00:00:00+00:00,0.0,10.726449
2031-11-28 00:00:00+00:00,0.0,11.408088
2031-11-29 00:00:00+00:00,0.0,9.242159
2031-11-30 00:00:00+00:00,0.0,9.215518
2031-12-01 00:00:00+00:00,0.0,8.4822855
2031-12-02 00:00:00+00:00,0.0,11.98242
2031-12-03 00:00:00+00:00,0.0,11.245749
2031-12-04 00:00:00+00:00,0.0,10.513348
2031-12-05 00:00:00+00:00,0.0,13.97879
2031-12-06 00:00:00+00:00,0.0,13.940166
2031-12-07 00:00:00+00:00,0.0,10.426437
2031-12-08 00:00:00+00:00,0.0,11.091226
2031-12-09 00:00:00+00:00,0.0,15.900488
2031-12-10 00:00:00+00:00,0.0,19.994558
2031-12-11 00:00:00+00:00,0.0,18.565928
2031-12-12 00:00:00+00:00,0.0,17.8309
2031-12-13 00:00:00+00:00,0.0,14.363956
2031-12-14 00:00:00+00:00,0.0,13.644179
2031-12-15 00:00:00+00:00,0.0,12.928294
2031-12-16 00:00:00+00:00,0.0,12.894931
2031-12-17 00:00:00+00:00,0.0,11.507995
2031-12-18 00:00:00+00:00,0.0,12.153909
2031-12-19 00:00:00+00:00,0.0,18.184746
2031-12-20 00:00:00+00:00,0.0,17.467236
2031-12-21 00:00:00+00:00,0.0,20.774328
2031-12-22 00:00:00+00:00,0.0,18.717373
2031-12-23 00:00:00+00:00,0.0,17.337595
2031-12-24 00:00:00+00:00,0.0,15.96476
2031-12-25 00:00:00+00:00,0.0,16.589512
2031-12-26 00:00:00+00:00,0.05177747,17.211401
2031-12-27 00:00:00+00:00,0.0,16.509691
2031-12-28 00:00:00+00:00,0.0,15.152685
2031-12-29 00:00:00+00:00,0.0,13.145015
2031-12-30 00:00:00+00:00,0.0,15.081165
2031-12-31 00:00:00+00:00,0.0,15.700041
2032-01-01 00:00:00+00:00,0.0,16.968817
2032-01-02 00:00:00+00:00,0.0,14.329969
2032-01-03 00:00:00+00:00,0.0,14.3067875
2032-01-04 00:00:00+00:00,0.0,12.985204
2032-01-05 00:00:00+00:00,0.0,12.316126
2032-01-06 00:00:00+00:00,0.0,11.649229
2032-01-07 00:00:00+00:00,0.0,11.630645
2032-01-08 00:00:00+00:00,0.0,12.902395
2032-01-09 00:00:00+00:00,0.0,16.102442
2032-01-10 00:00:00+00:00,0.0,15.433938
2032-01-11 00:00:00+00:00,0.0,13.483448
2032-01-12 00:00:00+00:00,0.0,14.10337
2032-01-13 00:00:00+00:00,0.0,16.001514
2032-01-14 00:00:00+00:00,0.0,13.4203415
2032-01-15 00:00:00+00:00,0.10468318,13.399512
2032-01-16 00:00:00+00:00,0.0,12.104621
2032-01-17 00:00:00+00:00,0.0,14.630376
2032-01-18 00:00:00+00:00,0.0,14.607903
2032-01-19 00:00:00+00:00,0.0,14.585538
2032-01-20 00:00:00+00:00,0.0,15.196474
2032-01-21 00:00:00+00:00,0.0,15.805591
2032-01-22 00:00:00+00:00,0.0,15.781638
2032-01-23 00:00:00+00:00,0.0,14.497179
2032-01-24 00:00:00+00:00,0.0,14.475357
2032-01-25 00:00:00+00:00,0.0,14.453642
2032-01-26 00:00:00+00:00,0.0,16.94195
2032-01-27 00:00:00+00:00,0.0,13.78398
2032-01-28 00:00:00+00:00,0.0,15.640349
2032-01-29 00:00:00+00:00,0.0,16.241886
2032-01-30 00:00:00+00:00,0.0,14.970391
2032-01-31 00:00:00+00:00,0.0,12.456984
2032-02-01 00:00:00+00:00,0.0,14.304533
2032-02-02 00:00:00+00:00,0.0,16.146717
2032-02-03 00:00:00+00:00,0.0,19.22383
2032-02-04 00:00:00+00:00,0.0,21.0536
2032-02-05 00:00:00+00:00,0.0,16.076525
2032-02-06 00:00:00+00:00,0.0,12.966165
2032-02-07 00:00:00+00:00,0.0,15.413731
2032-02-08 00:00:00+00:00,0.0,13.544657
2032-02-09 00:00:00+00:00,0.0,16.599253
2032-02-10 00:00:00+00:00,0.0,17.803457
2032-02-11 00:00:00+00:00,0.0,19.004286
2032-02-12 00:00:00+00:00,0.0,16.528719
2032-02-13 00:00:00+00:00,0.0,15.2828045
2032-02-14 00:00:00+00:00,0.0,14.650883
2032-02-15 00:00:00+00:00,0.0,14.02077
2032-02-16 00:00:00+00:00,0.0,15.218696
2032-02-17 00:00:00+00:00,0.0,13.981722
2032-02-18 00:00:00+00:00,0.0,13.962332
2032-02-19 00:00:00+00:00,0.0,13.943031
2032-02-20 00:00:00+00:00,0.0,13.318435
2032-02-21 00:00:00+00:00,0.0,13.300141
2032-02-22 00:00:00+00:00,0.0,15.696826
2032-02-23 00:00:00+00:00,0.01928632,16.881203
2032-02-24 00:00:00+00:00,0.07620489,13.8478365
2032-02-25 00:00:00+00:00,0.056436576,15.031583
2032-02-26 00:00:00+00:00,0.037138257,18.613962
2032-02-27 00:00:00+00:00,0.0,16.190311
2032-02-28 00:00:00+00:00,0.0,13.773217
2032-02-29 00:00:00+00:00,0.0,13.156735
2032-03-01 00:00:00+00:00,0.0,16.722582
2032-03-02 00:00:00+00:00,0.0,16.700323
2032-03-03 00:00:00+00:00,0.0,16.674192
2032-03-04 00:00:00+00:00,0.0,16.645796
2032-03-05 00:00:00+00:00,0.0,17.804495
2032-03-06 00:00:00+00:00,0.0,18.366817
2032-03-07 00:00:00+00:00,0.0,17.152843
2032-03-08 00:00:00+00:00,0.0,17.71443
2032-03-09 00:00:00+00:00,0.0,14.147738
2032-03-10 00:00:00+00:00,0.0,14.712537
2032-03-11 00:00:00+00:00,0.0,15.275475
2032-03-12 00:00:00+00:00,0.0,17.00964
2032-03-13 00:00:00+00:00,0.0,14.053552
2032-03-14 00:00:00+00:00,0.0,12.276476
2032-03-15 00:00:00+00:00,0.0,11.672559
2032-03-16 00:00:00+00:00,0.0,19.227974
2032-03-17 00:00:00+00:00,0.0,16.869532
2032-03-18 00:00:00+00:00,0.0,12.195837
2032-03-19 00:00:00+00:00,0.0,11.596089
2032-03-20 00:00:00+00:00,0.0,17.944626
2032-03-21 00:00:00+00:00,0.0,20.805023
2032-03-22 00:00:00+00:00,0.0,16.155434
2032-03-23 00:00:00+00:00,0.0,14.401156
2032-03-24 00:00:00+00:00,0.0,14.953034
2032-03-25 00:00:00+00:00,0.0,13.206395
2032-03-26 00:00:00+00:00,0.0,17.19808
2032-03-27 00:00:00+00:00,0.0,19.459955
2032-03-28 00:00:00+00:00,0.0,17.143131
2032-03-29 00:00:00+00:00,0.0,14.833715
2032-03-30 00:00:00+00:00,0.0,14.240533
2032-03-31 00:00:00+00:00,0.0,13.649253
2032-04-01 00:00:00+00:00,0.0,13.627684
2032-04-02 00:00:00+00:00,0.0,14.740057
2032-04-03 00:00:00+00:00,0.0,18.11309
2032-04-04 00:00:00+00:00,0.0,18.084692
2032-04-05 00:00:00+00:00,0.0,16.36362
2032-04-06 00:00:00+00:00,0.0,16.338095
2032-04-07 00:00:00+00:00,0.0,14.062653
2032-04-08 00:00:00+00:00,0.0,15.164097
2032-04-09 00:00:00+00:00,0.0,19.626736
2032-04-10 00:00:00+00:00,0.0,14.557349
2032-04-11 00:00:00+00:00,0.0,13.416862
2032-04-12 00:00:00+00:00,0.0,14.512606
2032-04-13 00:00:00+00:00,0.0,14.490373
2032-04-14 00:00:00+00:00,0.0,11.685877
2032-04-15 00:00:00+00:00,0.0,11.112442
2032-04-16 00:00:00+00:00,0.0,12.205101
2032-04-17 00:00:00+00:00,0.54582167,15.510207
2032-04-18 00:00:00+00:00,0.032209985,11.061959
2032-04-19 00:00:00+00:00,0.0,11.59753
2032-04-20 00:00:00+00:00,0.0,18.748692
2032-04-21 00:00:00+00:00,0.0,15.967524
2032-04-22 00:00:00+00:00,0.0,15.943611
2032-04-23 00:00:00+00:00,0.0,20.311462
2032-04-24 00:00:00+00:00,0.0,19.733053
2032-04-25 00:00:00+00:00,0.0,14.230466
2032-04-26 00:00:00+00:00,0.0,12.023312
2032-04-27 00:00:00+00:00,0.0,18.008295
2032-04-28 00:00:00+00:00,0.0,15.802123
2032-04-29 00:00:00+00:00,0.0,10.881976
2032-04-30 00:00:00+00:00,0.0,13.582504
2032-05-01 00:00:00+00:00,0.0,15.732633
2032-05-02 00:00:00+00:00,0.0,12.459378
2032-05-03 00:00:00+00:00,0.0,11.917757
2032-05-04 00:00:00+00:00,0.0,14.091626
2032-05-05 00:00:00+00:00,0.0,15.725412
2032-05-06 00:00:00+00:00,0.0,15.190728
2032-05-07 00:00:00+00:00,0.0,11.941532
2032-05-08 00:00:00+00:00,0.0,11.404434
2032-05-09 00:00:00+00:00,0.0,16.300209
2032-05-10 00:00:00+00:00,0.0,16.851994
2032-05-11 00:00:00+00:00,0.0,16.86045
2032-05-12 00:00:00+00:00,0.0,15.780608
2032-05-13 00:00:00+00:00,0.0,12.521954
2032-05-14 00:00:00+00:00,0.0,15.251801
2032-05-15 00:00:00+00:00,0.0,14.714516
2032-05-16 00:00:00+00:00,0.0,13.086178
2032-05-17 00:00:00+00:00,0.0,14.183866
2032-05-18 00:00:00+00:00,0.061043244,21.286581
2032-05-19 00:00:00+00:00,0.06156866,25.666069
2032-05-20 00:00:00+00:00,0.0,22.947287
2032-05-21 00:00:00+00:00,0.0,20.225752
2032-05-22 00:00:00+00:00,0.0,19.142212
2032-05-23 00:00:00+00:00,0.0,23.529568
2032-05-24 00:00:00+00:00,0.0,25.731497
2032-05-25 00:00:00+00:00,0.0,22.458101
2032-05-26 00:00:00+00:00,0.0,19.181372
2032-05-27 00:00:00+00:00,0.0,18.642885
2032-05-28 00:00:00+00:00,0.0,16.458052
2032-05-29 00:00:00+00:00,0.0,16.466509
2032-05-30 00:00:00+00:00,0.0,14.27832
2032-05-31 00:00:00+00:00,0.0,20.879072
2032-06-01 00:00:00+00:00,1.5793939,19.790382
2032-06-02 00:00:00+00:00,0.7921651,15.400475
2032-06-03 00:00:00+00:00,0.0,17.059351
2032-06-04 00:00:00+00:00,0.0,18.169365
2032-06-05 00:00:00+00:00,0.0,18.178791
2032-06-06 00:00:00+00:00,0.33369145,14.881287
2032-06-07 00:00:00+00:00,0.40138987,14.337584
2032-06-08 00:00:00+00:00,5.364084,16.551985
2032-06-09 00:00:00+00:00,4.7037888,19.320723
2032-06-10 00:00:00+00:00,0.60602903,16.016962
2032-06-11 00:00:00+00:00,0.9445825,17.683134
2032-06-12 00:00:00+00:00,0.13519646,21.00972
2032-06-13 00:00:00+00:00,0.0,15.488966
2032-06-14 00:00:00+00:00,0.0,14.943634
2032-06-15 00:00:00+00:00,0.0,13.290217
2032-06-16 00:00:00+00:00,0.0,16.62152
2032-06-17 00:00:00+00:00,0.0,20.510687
2032-06-18 00:00:00+00:00,0.0,21.630789
2032-06-19 00:00:00+00:00,0.0,18.31265
2032-06-20 00:00:00+00:00,0.0,12.2149
2032-06-21 00:00:00+00:00,0.0,15.554478
2032-06-22 00:00:00+00:00,0.06863548,24.455727
2032-06-23 00:00:00+00:00,0.0,24.46873
2032-06-24 00:00:00+00:00,0.27520546,23.36895
2032-06-25 00:00:00+00:00,5.0971365,21.711306
2032-06-26 00:00:00+00:00,31.582096,11.696943
2032-06-27 00:00:00+00:00,26.093504,14.489672
2032-06-28 00:00:00+00:00,0.0,16.727802
2032-06-29 00:00:00+00:00,0.06917138,14.5051985
2032-06-30 00:00:00+00:00,0.0,10.047452
2032-07-01 00:00:00+00:00,0.20791171,9.494361
2032-07-02 00:00:00+00:00,1.2486101,12.293432
2032-07-03 00:00:00+00:00,18.308645,12.890246
2032-07-04 00:00:00+00:00,14.60528,11.80852
2032-07-05 00:00:00+00:00,0.0,13.540697
2032-07-06 00:00:00+00:00,11.967224,10.755923
2032-07-07 00:00:00+00:00,15.894575,10.224496
2032-07-08 00:00:00+00:00,1.4885536,11.399502
2032-07-09 00:00:00+00:00,0.0,9.151106
2032-07-10 00:00:00+00:00,0.0,6.313283
2032-07-11 00:00:00+00:00,8.159164,6.911374
2032-07-12 00:00:00+00:00,6.676479,9.247735
2032-07-13 00:00:00+00:00,1.4400685,12.760922
2032-07-14 00:00:00+00:00,2.310778,15.717344
2032-07-15 00:00:00+00:00,0.0,12.268818
2032-07-16 00:00:00+00:00,0.0,11.727185
2032-07-17 00:00:00+00:00,0.0,10.593245
2032-07-18 00:00:00+00:00,1.1679865,13.5859375
2032-07-19 00:00:00+00:00,0.0,15.41534
2032-07-20 00:00:00+00:00,0.0,11.902567
2032-07-21 00:00:00+00:00,1.2502699,11.947708
2032-07-22 00:00:00+00:00,1.6955509,9.5947075
2032-07-23 00:00:00+00:00,0.22167078,8.427726
2032-07-24 00:00:00+00:00,0.07405736,13.8993435
2032-07-25 00:00:00+00:00,19.000584,13.347102
2032-07-26 00:00:00+00:00,7.8844237,12.18165
2032-07-27 00:00:00+00:00,0.52176917,8.561109
2032-07-28 00:00:00+00:00,0.0,9.209447
2032-07-29 00:00:00+00:00,0.0,14.794771
2032-07-30 00:00:00+00:00,1.9497733,19.806894
2032-07-31 00:00:00+00:00,0.0,13.051785
2032-08-01 00:00:00+00:00,0.90334445,13.730072
2032-08-02 00:00:00+00:00,0.9050197,17.547808
2032-08-03 00:00:00+00:00,0.15111053,16.363203
2032-08-04 00:00:00+00:00,1.5894833,12.00866
2032-08-05 00:00:00+00:00,2.0471838,14.599256
2032-08-06 00:00:00+00:00,0.0,15.300029
2032-08-07 00:00:00+00:00,7.2274394,17.92807
2032-08-08 00:00:00+00:00,1.2954541,19.29336
2032-08-09 00:00:00+00:00,0.0,9.043629
2032-08-10 00:00:00+00:00,5.504134,18.817322
2032-08-11 00:00:00+00:00,0.0,11.732616
2032-08-12 00:00:00+00:00,0.30672404,17.024555
2032-08-13 00:00:00+00:00,44.00372,19.734303
2032-08-14 00:00:00+00:00,0.30763075,17.182648
2032-08-15 00:00:00+00:00,0.0,7.3037195
2032-08-16 00:00:00+00:00,0.61701405,14.676666
2032-08-17 00:00:00+00:00,0.07723356,19.43905
2032-08-18 00:00:00+00:00,5.7230563,14.144509
2032-08-19 00:00:00+00:00,0.3097677,16.920757
2032-08-20 00:00:00+00:00,0.23263066,14.9635105
2032-08-21 00:00:00+00:00,24.380077,10.253055
2032-08-22 00:00:00+00:00,0.54419374,17.17409
2032-08-23 00:00:00+00:00,0.077838816,13.118366
2032-08-24 00:00:00+00:00,2.1821558,11.797465
2032-08-25 00:00:00+00:00,2.418867,11.1607895
2032-08-26 00:00:00+00:00,1.3280462,9.816573
2032-08-27 00:00:00+00:00,0.0,17.621828
2032-08-28 00:00:00+00:00,0.0783009,17.006851
2032-08-29 00:00:00+00:00,12.2287035,17.098124
2032-08-30 00:00:00+00:00,16.872343,15.041955
2032-08-31 00:00:00+00:00,46.351357,25.207197
2032-09-01 00:00:00+00:00,4.246882,21.725676
2032-09-02 00:00:00+00:00,0.23591009,13.048975
2032-09-03 00:00:00+00:00,4.5603766,14.513996
2032-09-04 00:00:00+00:00,2.12267,20.340874
2032-09-05 00:00:00+00:00,0.0,23.271128
2032-09-06 00:00:00+00:00,0.23579107,15.287762
2032-09-07 00:00:00+00:00,10.923509,13.846397
2032-09-08 00:00:00+00:00,11.157713,16.779192
2032-09-09 00:00:00+00:00,22.076536,19.718246
2032-09-10 00:00:00+00:00,0.07855257,13.159511
2032-09-11 00:00:00+00:00,5.6549244,7.3186574
2032-09-12 00:00:00+00:00,9.894564,9.524457
2032-09-13 00:00:00+00:00,18.686703,8.067825
2032-09-14 00:00:00+00:00,1.099034,10.279222
2032-09-15 00:00:00+00:00,0.9418666,8.820296
2032-09-16 00:00:00+00:00,6.905789,8.82987
2032-09-17 00:00:00+00:00,12.945964,8.102861
2032-09-18 00:00:00+00:00,5.412734,7.3742814
2032-09-19 00:00:00+00:00,0.23528978,6.644124
2032-09-20 00:00:00+00:00,7.214078,6.6514244
2032-09-21 00:00:00+00:00,7.682932,8.878342
2032-09-22 00:00:00+00:00,0.6270403,8.147477
2032-09-23 00:00:00+00:00,0.07836216,10.381014
2032-09-24 00:00:00+00:00,0.07834361,9.650235
2032-09-25 00:00:00+00:00,0.7049189,12.63362
2032-09-26 00:00:00+00:00,7.1256895,11.903774
2032-09-27 00:00:00+00:00,9.159161,8.193032
2032-09-28 00:00:00+00:00,8.139216,6.71094
2032-09-29 00:00:00+00:00,4.2249107,8.958028
2032-09-30 00:00:00+00:00,0.7039393,11.957572
2032-10-01 00:00:00+00:00,0.078190826,8.978373
2032-10-02 00:00:00+00:00,0.0,10.486712
2032-10-03 00:00:00+00:00,0.0,10.498707
2032-10-04 00:00:00+00:00,0.0,11.26152
2032-10-05 00:00:00+00:00,0.0,9.019587
2032-10-06 00:00:00+00:00,0.0,10.535
2032-10-07 00:00:00+00:00,0.0,11.300574
2032-10-08 00:00:00+00:00,0.0,10.559457
2032-10-09 00:00:00+00:00,0.0,8.306387
2032-10-10 00:00:00+00:00,0.0,11.340136
2032-10-11 00:00:00+00:00,0.0,10.59654
2032-10-12 00:00:00+00:00,0.0,10.60901
2032-10-13 00:00:00+00:00,0.0,9.862852
2032-10-14 00:00:00+00:00,0.0,8.355372
2032-10-15 00:00:00+00:00,0.0,12.928188
2032-10-16 00:00:00+00:00,0.0,12.943597
2032-10-17 00:00:00+00:00,0.0,9.909877
2032-10-18 00:00:00+00:00,0.0,9.158553
2032-10-19 00:00:00+00:00,0.0,9.933702
2032-10-20 00:00:00+00:00,0.0,11.475801
2032-10-21 00:00:00+00:00,0.0,11.4897
2032-10-22 00:00:00+00:00,0.0,9.969837
2032-10-23 00:00:00+00:00,0.0,9.981991
2032-10-24 00:00:00+00:00,0.0,7.6878443
2032-10-25 00:00:00+00:00,0.0,7.697276
2032-10-26 00:00:00+00:00,0.0,9.248102
2032-10-27 00:00:00+00:00,0.0,10.031148
2032-10-28 00:00:00+00:00,0.0,11.588741
2032-10-29 00:00:00+00:00,0.0,10.056061
2032-10-30 00:00:00+00:00,0.0,8.519586
2032-10-31 00:00:00+00:00,0.0,10.856673
2032-11-01 00:00:00+00:00,0.0,13.191699
2032-11-02 00:00:00+00:00,0.0,13.918173
2032-11-03 00:00:00+00:00,0.0,13.869236
2032-11-04 00:00:00+00:00,0.0,13.053036
2032-11-05 00:00:00+00:00,0.0,8.416858
2032-11-06 00:00:00+00:00,0.0,9.913045
2032-11-07 00:00:00+00:00,0.0,14.4389515
2032-11-08 00:00:00+00:00,0.0,16.662289
2032-11-09 00:00:00+00:00,0.0,12.077398
2032-11-10 00:00:00+00:00,0.0,10.532566
2032-11-11 00:00:00+00:00,0.0,8.99811
2032-11-12 00:00:00+00:00,0.0,10.463405
2032-11-13 00:00:00+00:00,0.0,13.409218
2032-11-14 00:00:00+00:00,0.0,13.365957
2032-11-15 00:00:00+00:00,0.0,13.323165
2032-11-16 00:00:00+00:00,0.4436368,11.805186
2032-11-17 00:00:00+00:00,0.0,11.03246
2032-11-18 00:00:00+00:00,0.0,12.464321
2032-11-19 00:00:00+00:00,0.0,13.887433
2032-11-20 00:00:00+00:00,0.0,13.844611
2032-11-21 00:00:00+00:00,0.0,16.70797
2032-11-22 00:00:00+00:00,0.0,23.899471
2032-11-23 00:00:00+00:00,0.0,18.773094
2032-11-24 00:00:00+00:00,0.0,14.397607
2032-11-25 00:00:00+00:00,0.0,13.637071
2032-11-26 00:00:00+00:00,0.072043866,19.321814
2032-11-27 00:00:00+00:00,0.7898643,17.838156
2032-11-28 00:00:00+00:00,0.0,12.806117
2032-11-29 00:00:00+00:00,0.0,15.606721
2032-11-30 00:00:00+00:00,0.0,15.561974
2032-12-01 00:00:00+00:00,4.314641,17.633715
2032-12-02 00:00:00+00:00,8.310506,17.583866
2032-12-03 00:00:00+00:00,0.0,21.04141
2032-12-04 00:00:00+00:00,0.0,16.78621
2032-12-05 00:00:00+00:00,0.76353794,16.739744
2032-12-06 00:00:00+00:00,8.284113,13.911443
2032-12-07 00:00:00+00:00,9.745899,12.486121
2032-12-08 00:00:00+00:00,22.985712,15.219444
2032-12-09 00:00:00+00:00,3.387658,17.938189
2032-12-10 00:00:00+00:00,0.0,20.642565
2032-12-11 00:00:00+00:00,0.0,13.725161
2032-12-12 00:00:00+00:00,0.0,16.42675
2032-12-13 00:00:00+00:00,0.0,16.383713
2032-12-14 00:00:00+00:00,0.0,19.745466
2032-12-15 00:00:00+00:00,0.0,18.33619
2032-12-16 00:00:00+00:00,0.0,20.998602
2032-12-17 00:00:00+00:00,0.0,20.2694
2032-12-18 00:00:00+00:00,0.0,16.848368
2032-12-19 00:00:00+00:00,0.0,16.133722
2032-12-20 00:00:00+00:00,0.0,13.411149
2032-12-21 00:00:00+00:00,0.0,11.3711605
2032-12-22 00:00:00+00:00,0.0,10.675855
2032-12-23 00:00:00+00:00,0.0,11.980889
2032-12-24 00:00:00+00:00,0.0,11.951704
2032-12-25 00:00:00+00:00,0.0,13.909907
2032-12-26 00:00:00+00:00,0.0,13.876456
2032-12-27 00:00:00+00:00,0.0,13.184099
2032-12-28 00:00:00+00:00,0.0,11.837519
2032-12-29 00:00:00+00:00,0.0,13.121771
2032-12-30 00:00:00+00:00,0.0,15.709216
2032-12-31 00:00:00+00:00,0.0,16.325653
2033-01-01 00:00:00+00:00,0.0,15.639038
2033-01-02 00:00:00+00:00,0.0,14.963145
2033-01-03 00:00:00+00:00,0.0,14.939001
2033-01-04 00:00:00+00:00,0.0,15.563457
2033-01-05 00:00:00+00:00,0.0,16.185957
2033-01-06 00:00:00+00:00,0.0,14.867305
2033-01-07 00:00:00+00:00,0.0,13.552897
2033-01-08 00:00:00+00:00,0.0,19.974936
2033-01-09 00:00:00+00:00,0.0,18.656702
2033-01-10 00:00:00+00:00,0.0,20.554287
2033-01-11 00:00:00+00:00,0.0,20.522032
2033-01-12 00:00:00+00:00,0.0,20.489935
2033-01-13 00:00:00+00:00,0.0,20.458004
2033-01-14 00:00:00+00:00,0.0,19.149586
2033-01-15 00:00:00+00:00,0.0,16.570618
2033-01-16 00:00:00+00:00,0.0,17.817755
2033-01-17 00:00:00+00:00,0.0,19.061102
2033-01-18 00:00:00+00:00,0.0,19.666292
2033-01-19 00:00:00+00:00,0.0,17.102552
2033-01-20 00:00:00+00:00,0.0,16.44406
2033-01-21 00:00:00+00:00,0.0,13.893102
2033-01-22 00:00:00+00:00,0.0,12.611001
2033-01-23 00:00:00+00:00,0.0,11.332802
2033-01-24 00:00:00+00:00,0.0,16.345026
2033-01-25 00:00:00+00:00,0.0,15.692852
2033-01-26 00:00:00+00:00,0.0,15.669448
2033-01-27 00:00:00+00:00,0.0,15.02031
2033-01-28 00:00:00+00:00,0.0,16.247894
2033-01-29 00:00:00+00:00,0.0,13.727919
2033-01-30 00:00:00+00:00,0.0,13.084636
2033-01-31 00:00:00+00:00,0.0,14.931937
2033-02-01 00:00:00+00:00,0.0,17.395123
2033-02-02 00:00:00+00:00,0.0,17.990128
2033-02-03 00:00:00+00:00,0.0,21.061235
2033-02-04 00:00:00+00:00,0.0,19.175095
2033-02-05 00:00:00+00:00,0.0,18.529766
2033-02-06 00:00:00+00:00,0.0,19.119888
2033-02-07 00:00:00+00:00,0.0,18.476595
2033-02-08 00:00:00+00:00,0.8236292,15.99017
2033-02-09 00:00:00+00:00,1.2360356,15.967395
2033-02-10 00:00:00+00:00,0.0,12.878435
2033-02-11 00:00:00+00:00,0.0,12.860212
2033-02-12 00:00:00+00:00,0.0,14.676658
2033-02-13 00:00:00+00:00,0.17032446,20.152033
2033-02-14 00:00:00+00:00,0.0,23.782665
2033-02-15 00:00:00+00:00,0.0,15.83296
2033-02-16 00:00:00+00:00,0.041344643,23.108267
2033-02-17 00:00:00+00:00,0.0,17.610779
2033-02-18 00:00:00+00:00,0.0,14.554276
2033-02-19 00:00:00+00:00,0.0,16.956573
2033-02-20 00:00:00+00:00,0.0,16.933264
2033-02-21 00:00:00+00:00,0.0,16.910059
2033-02-22 00:00:00+00:00,0.0,16.88696
2033-02-23 00:00:00+00:00,0.0,17.466253
2033-02-24 00:00:00+00:00,0.0,15.036676
2033-02-25 00:00:00+00:00,0.0,15.616982
2033-02-26 00:00:00+00:00,0.0,14.396235
2033-02-27 00:00:00+00:00,0.0,15.574949
2033-02-28 00:00:00+00:00,0.0,16.15231
2033-03-01 00:00:00+00:00,0.0,17.923027
2033-03-02 00:00:00+00:00,0.0,17.899155
2033-03-03 00:00:00+00:00,0.0,15.489788
2033-03-04 00:00:00+00:00,0.0,14.2739
2033-03-05 00:00:00+00:00,0.0,12.468437
2033-03-06 00:00:00+00:00,0.28245422,14.81822
2033-03-07 00:00:00+00:00,0.35546768,10.0593605
2033-03-08 00:00:00+00:00,0.0,10.633136
2033-03-09 00:00:00+00:00,0.0,14.153681
2033-03-10 00:00:00+00:00,0.0,13.541204
2033-03-11 00:00:00+00:00,0.0,11.755273
2033-03-12 00:00:00+00:00,0.0,18.190294
2033-03-13 00:00:00+00:00,0.0,19.331663
2033-03-14 00:00:00+00:00,0.0,19.2996
2033-03-15 00:00:00+00:00,0.0,15.764467
2033-03-16 00:00:00+00:00,0.0,10.492308
2033-03-17 00:00:00+00:00,0.0,11.63894
2033-03-18 00:00:00+00:00,0.0,12.200836
2033-03-19 00:00:00+00:00,0.0,13.340956
2033-03-20 00:00:00+00:00,0.0,13.898279
2033-03-21 00:00:00+00:00,0.0,15.0319605
2033-03-22 00:00:00+00:00,0.0,15.584774
2033-03-23 00:00:00+00:00,0.0,14.98326
2033-03-24 00:00:00+00:00,0.0,18.41116
2033-03-25 00:00:00+00:00,0.0,15.509399
2033-03-26 00:00:00+00:00,0.0,16.057983
2033-03-27 00:00:00+00:00,0.0,15.459679
2033-03-28 00:00:00+00:00,0.0,14.86331
2033-03-29 00:00:00+00:00,0.0,10.844339
2033-03-30 00:00:00+00:00,0.0,11.966798
2033-03-31 00:00:00+00:00,0.0,14.223603
2033-04-01 00:00:00+00:00,0.0,15.905247
2033-04-02 00:00:00+00:00,0.0,12.477269
2033-04-03 00:00:00+00:00,0.0,13.5901575
2033-04-04 00:00:00+00:00,0.0,11.307362
2033-04-05 00:00:00+00:00,0.0,11.289665
2033-04-06 00:00:00+00:00,0.0,9.017636
2033-04-07 00:00:00+00:00,0.0,10.129047
2033-04-08 00:00:00+00:00,0.0,13.484425
2033-04-09 00:00:00+00:00,0.0,11.780596
2033-04-10 00:00:00+00:00,0.0,11.202283
2033-04-11 00:00:00+00:00,0.031387806,11.744272
2033-04-12 00:00:00+00:00,0.0,11.726222
2033-04-13 00:00:00+00:00,0.0,11.150709
2033-04-14 00:00:00+00:00,0.0,15.030441
2033-04-15 00:00:00+00:00,0.0,12.784178
2033-04-16 00:00:00+00:00,0.0,9.4348
2033-04-17 00:00:00+00:00,0.0,9.974627
2033-04-18 00:00:00+00:00,0.0,11.619451
2033-04-19 00:00:00+00:00,0.0,13.811793
2033-04-20 00:00:00+00:00,0.0,11.032793
2033-04-21 00:00:00+00:00,0.0,13.219463
2033-04-22 00:00:00+00:00,0.0,17.599537
2033-04-23 00:00:00+00:00,0.0,15.3765745
2033-04-24 00:00:00+00:00,0.0,14.805305
2033-04-25 00:00:00+00:00,0.0,13.688227
2033-04-26 00:00:00+00:00,0.0,11.4810505
2033-04-27 00:00:00+00:00,0.0,12.555876
2033-04-28 00:00:00+00:00,0.0,16.353052
2033-04-29 00:00:00+00:00,0.0,13.063176
2033-04-30 00:00:00+00:00,0.0,14.674488
2033-05-01 00:00:00+00:00,0.0,14.652984
2033-05-02 00:00:00+00:00,0.0,9.754378
2033-05-03 00:00:00+00:00,0.0,11.916278
2033-05-04 00:00:00+00:00,0.0,7.586855
2033-05-05 00:00:00+00:00,0.0,13.012515
2033-05-06 00:00:00+00:00,0.0,14.646375
2033-05-07 00:00:00+00:00,0.0,13.025501
2033-05-08 00:00:00+00:00,0.0,17.376015
2033-05-09 00:00:00+00:00,0.0,19.014528
2033-05-10 00:00:00+00:00,0.0,19.567602
2033-05-11 00:00:00+00:00,0.0,19.033606
2033-05-12 00:00:00+00:00,0.0,16.866806
2033-05-13 00:00:00+00:00,0.0,15.2422
2033-05-14 00:00:00+00:00,0.0,17.428434
2033-05-15 00:00:00+00:00,0.0,17.437225
2033-05-16 00:00:00+00:00,0.0,14.174903
2033-05-17 00:00:00+00:00,0.0,14.727538
2033-05-18 00:00:00+00:00,0.0,13.643514
2033-05-19 00:00:00+00:00,0.0,13.6504345
2033-05-20 00:00:00+00:00,0.0,18.574018
2033-05-21 00:00:00+00:00,0.0,18.583462
2033-05-22 00:00:00+00:00,0.0,19.686625
2033-05-23 00:00:00+00:00,1.3904126,18.602404
2033-05-24 00:00:00+00:00,0.38138166,15.874856
2033-05-25 00:00:00+00:00,0.0,14.787592
2033-05-26 00:00:00+00:00,0.0,16.43907
2033-05-27 00:00:00+00:00,1.0967572,16.447498
2033-05-28 00:00:00+00:00,0.0,14.261811
2033-05-29 00:00:00+00:00,0.0,20.8549
2033-05-30 00:00:00+00:00,0.0,18.669247
2033-05-31 00:00:00+00:00,0.0,17.030731
2033-06-01 00:00:00+00:00,0.0,20.887152
2033-06-02 00:00:00+00:00,0.0,19.248108
2033-06-03 00:00:00+00:00,0.0,23.659906
2033-06-04 00:00:00+00:00,0.0,15.414434
2033-06-05 00:00:00+00:00,0.0,14.320827
2033-06-06 00:00:00+00:00,0.0,19.288048
2033-06-07 00:00:00+00:00,0.0,18.746708
2033-06-08 00:00:00+00:00,0.0,16.54983
2033-06-09 00:00:00+00:00,0.0,24.837687
2033-06-10 00:00:00+00:00,0.40381345,21.537241
2033-06-11 00:00:00+00:00,0.8092479,20.44345
2033-06-12 00:00:00+00:00,0.0,17.137268
2033-06-13 00:00:00+00:00,0.0,25.995926
2033-06-14 00:00:00+00:00,0.0,21.582417
2033-06-15 00:00:00+00:00,0.0,14.949527
2033-06-16 00:00:00+00:00,0.0,14.957399
2033-06-17 00:00:00+00:00,0.0,14.411014
2033-06-18 00:00:00+00:00,0.0,14.973184
2033-06-19 00:00:00+00:00,0.0,15.5359535
2033-06-20 00:00:00+00:00,0.0,12.768432
2033-06-21 00:00:00+00:00,0.0,17.218746
2033-06-22 00:00:00+00:00,0.0,17.783625
2033-06-23 00:00:00+00:00,1.3052813,18.90514
2033-06-24 00:00:00+00:00,0.0,20.02786
2033-06-25 00:00:00+00:00,0.3443038,18.368656
2033-06-26 00:00:00+00:00,1.7234426,21.163073
2033-06-27 00:00:00+00:00,0.06901219,20.05994
2033-06-28 00:00:00+00:00,0.0,17.283081
2033-06-29 00:00:00+00:00,3.3194036,20.081432
2033-06-30 00:00:00+00:00,0.0,12.836688
2033-07-01 00:00:00+00:00,0.0,10.0515
2033-07-02 00:00:00+00:00,0.0,11.174342
2033-07-03 00:00:00+00:00,0.0,17.359453
2033-07-04 00:00:00+00:00,0.0,18.5408
2033-07-05 00:00:00+00:00,0.21023254,23.676346
2033-07-06 00:00:00+00:00,0.70332664,15.27182
2033-07-07 00:00:00+00:00,0.28232545,19.296495
2033-07-08 00:00:00+00:00,0.07082384,21.07099
2033-07-09 00:00:00+00:00,5.684826,16.572044
2033-07-10 00:00:00+00:00,0.9980744,13.762444
2033-07-11 00:00:00+00:00,2.1454852,11.508849
2033-07-12 00:00:00+00:00,3.8020058,9.817033
2033-07-13 00:00:00+00:00,2.0146158,12.749554
2033-07-14 00:00:00+00:00,0.0,11.050421
2033-07-15 00:00:00+00:00,2.2433138,11.090313
2033-07-16 00:00:00+00:00,0.14513019,12.302314
2033-07-17 00:00:00+00:00,0.07276072,13.523372
2033-07-18 00:00:00+00:00,0.87542397,15.933933
2033-07-19 00:00:00+00:00,26.54948,11.254539
2033-07-20 00:00:00+00:00,0.0,16.647911
2033-07-21 00:00:00+00:00,5.5125847,17.90456
2033-07-22 00:00:00+00:00,0.8104402,11.382818
2033-07-23 00:00:00+00:00,3.249309,17.4406
2033-07-24 00:00:00+00:00,7.179543,16.300762
2033-07-25 00:00:00+00:00,2.818856,21.21322
2033-07-26 00:00:00+00:00,0.0,9.735692
2033-07-27 00:00:00+00:00,0.0,15.272469
2033-07-28 00:00:00+00:00,0.0,12.26693
2033-07-29 00:00:00+00:00,1.8701469,19.090559
2033-07-30 00:00:00+00:00,25.55951,13.603334
2033-07-31 00:00:00+00:00,1.1265057,18.626207
2033-08-01 00:00:00+00:00,0.0,11.845473
2033-08-02 00:00:00+00:00,38.822575,13.147071
2033-08-03 00:00:00+00:00,5.2864895,13.202472
2033-08-04 00:00:00+00:00,0.0,7.5763373
2033-08-05 00:00:00+00:00,1.136833,10.14509
2033-08-06 00:00:00+00:00,0.0,10.18896
2033-08-07 00:00:00+00:00,0.0,10.872998
2033-08-08 00:00:00+00:00,0.0,12.205648
2033-08-09 00:00:00+00:00,0.0,14.840854
2033-08-10 00:00:00+00:00,0.0,13.611037
2033-08-11 00:00:00+00:00,0.0,11.719323
2033-08-12 00:00:00+00:00,0.0,11.118719
2033-08-13 00:00:00+00:00,0.0,17.083336
2033-08-14 00:00:00+00:00,0.0,15.182344
2033-08-15 00:00:00+00:00,0.0,15.916671
2033-08-16 00:00:00+00:00,0.0,10.661286
2033-08-17 00:00:00+00:00,5.6361127,13.390203
2033-08-18 00:00:00+00:00,0.0,19.509308
2033-08-19 00:00:00+00:00,0.30966496,12.168097
2033-08-20 00:00:00+00:00,2.8681772,11.548488
2033-08-21 00:00:00+00:00,4.269029,15.019135
2033-08-22 00:00:00+00:00,0.0,10.977635
2033-08-23 00:00:00+00:00,0.0,13.791327
2033-08-24 00:00:00+00:00,0.07791045,19.406286
2033-08-25 00:00:00+00:00,0.0,14.629633
2033-08-26 00:00:00+00:00,12.105096,13.305131
2033-08-27 00:00:00+00:00,7.3497386,11.263129
2033-08-28 00:00:00+00:00,13.69876,9.1998005
2033-08-29 00:00:00+00:00,0.0,9.249051
2033-08-30 00:00:00+00:00,0.7060898,10.729688
2033-08-31 00:00:00+00:00,19.32092,11.50751
2033-09-01 00:00:00+00:00,0.0,12.294186
2033-09-02 00:00:00+00:00,0.0,15.944595
2033-09-03 00:00:00+00:00,0.0,15.961227
2033-09-04 00:00:00+00:00,13.365379,26.871971
2033-09-05 00:00:00+00:00,12.027315,26.17314
2033-09-06 00:00:00+00:00,1.9649909,12.372546
2033-09-07 00:00:00+00:00,0.0,8.7427845
2033-09-08 00:00:00+00:00,0.15715644,14.586735
2033-09-09 00:00:00+00:00,1.8070416,10.95167
2033-09-10 00:00:00+00:00,0.07855552,11.694226
2033-09-11 00:00:00+00:00,0.0,9.511708
2033-09-12 00:00:00+00:00,0.0,11.719266
2033-09-13 00:00:00+00:00,0.0,16.13131
2033-09-14 00:00:00+00:00,0.39252877,11.744511
2033-09-15 00:00:00+00:00,0.62793845,12.492037
2033-09-16 00:00:00+00:00,0.62782735,15.448078
2033-09-17 00:00:00+00:00,0.31385627,12.519193
2033-09-18 00:00:00+00:00,7.2957764,9.583948
2033-09-19 00:00:00+00:00,0.86277246,9.594438
2033-09-20 00:00:00+00:00,3.9208975,11.821505
2033-09-21 00:00:00+00:00,1.3328252,17.012127
2033-09-22 00:00:00+00:00,2.5866852,10.366649
2033-09-23 00:00:00+00:00,0.6269336,9.63684
2033-09-24 00:00:00+00:00,0.0,12.616029
2033-09-25 00:00:00+00:00,0.23498766,13.37304
2033-09-26 00:00:00+00:00,5.3250375,14.875553
2033-09-27 00:00:00+00:00,3.2098372,11.16918
2033-09-28 00:00:00+00:00,0.7826722,8.199948
2033-09-29 00:00:00+00:00,0.0,14.179536
2033-09-30 00:00:00+00:00,0.0,17.931273
2033-10-01 00:00:00+00:00,0.07819711,13.463729
2033-10-02 00:00:00+00:00,8.1298485,11.232558
2033-10-03 00:00:00+00:00,3.8291047,11.245396
2033-10-04 00:00:00+00:00,0.0,10.507737
2033-10-05 00:00:00+00:00,0.7808789,14.276898
2033-10-06 00:00:00+00:00,0.15611446,13.541088
2033-10-07 00:00:00+00:00,0.0,13.556759
2033-10-08 00:00:00+00:00,0.0,9.048333
2033-10-09 00:00:00+00:00,0.0,9.813777
2033-10-10 00:00:00+00:00,0.0,13.604181
2033-10-11 00:00:00+00:00,0.6230255,15.133474
2033-10-12 00:00:00+00:00,3.3469555,17.423958
2033-10-13 00:00:00+00:00,1.9447918,11.376854
2033-10-14 00:00:00+00:00,0.0,10.630961
2033-10-15 00:00:00+00:00,0.0,12.924345
2033-10-16 00:00:00+00:00,0.0,12.178577
2033-10-17 00:00:00+00:00,0.0,11.431056
2033-10-18 00:00:00+00:00,0.0,12.970724
2033-10-19 00:00:00+00:00,0.6971148,12.222418
2033-10-20 00:00:00+00:00,1.6251236,14.531626
2033-10-21 00:00:00+00:00,0.85042113,11.486221
2033-10-22 00:00:00+00:00,0.0,14.566875
2033-10-23 00:00:00+00:00,2.5456238,19.957897
2033-10-24 00:00:00+00:00,10.786073,8.454042
2033-10-25 00:00:00+00:00,0.0,10.003388
2033-10-26 00:00:00+00:00,0.0,12.327005
2033-10-27 00:00:00+00:00,0.0,11.570827
2033-10-28 00:00:00+00:00,0.0,13.129839
2033-10-29 00:00:00+00:00,0.0,13.146144
2033-10-30 00:00:00+00:00,0.0,11.613992
2033-10-31 00:00:00+00:00,0.0,13.17898
2033-11-01 00:00:00+00:00,0.0,13.19551
2033-11-02 00:00:00+00:00,0.0,13.156579
2033-11-03 00:00:00+00:00,0.0,13.881418
2033-11-04 00:00:00+00:00,0.0,9.221935
2033-11-05 00:00:00+00:00,0.0,12.253283
2033-11-06 00:00:00+00:00,0.0,10.684743
2033-11-07 00:00:00+00:00,0.0,12.169462
2033-11-08 00:00:00+00:00,0.0,10.612226
2033-11-09 00:00:00+00:00,0.0,11.332043
2033-11-10 00:00:00+00:00,0.0,11.29427
2033-11-11 00:00:00+00:00,0.0,9.75599
2033-11-12 00:00:00+00:00,0.0,9.723969
2033-11-13 00:00:00+00:00,0.0,11.183422
2033-11-14 00:00:00+00:00,0.0,8.174668
2033-11-15 00:00:00+00:00,0.0,10.370749
2033-11-16 00:00:00+00:00,0.0,10.337736
2033-11-17 00:00:00+00:00,0.0,11.777226
2033-11-18 00:00:00+00:00,0.0,10.272759
2033-11-19 00:00:00+00:00,0.0,9.509302
2033-11-20 00:00:00+00:00,0.0,9.479925
2033-11-21 00:00:00+00:00,0.0,11.631822
2033-11-22 00:00:00+00:00,0.0,13.770744
2033-11-23 00:00:00+00:00,0.0,14.451721
2033-11-24 00:00:00+00:00,0.0,12.247118
2033-11-25 00:00:00+00:00,0.0,10.774102
2033-11-26 00:00:00+00:00,0.0,12.890703
2033-11-27 00:00:00+00:00,0.0,14.995016
2033-11-28 00:00:00+00:00,0.0,14.239355
2033-11-29 00:00:00+00:00,0.0,12.778345
2033-11-30 00:00:00+00:00,0.0,14.86525
2033-12-01 00:00:00+00:00,0.0,13.411154
2033-12-02 00:00:00+00:00,0.0,13.373176
2033-12-03 00:00:00+00:00,0.0,14.037442
2033-12-04 00:00:00+00:00,0.0,13.998246
2033-12-05 00:00:00+00:00,0.0,11.865518
2033-12-06 00:00:00+00:00,0.0,11.832845
2033-12-07 00:00:00+00:00,0.0,14.577073
2033-12-08 00:00:00+00:00,0.0,15.229749
2033-12-09 00:00:00+00:00,0.0,15.87907
2033-12-10 00:00:00+00:00,0.0,16.525082
2033-12-11 00:00:00+00:00,0.0,16.48112
2033-12-12 00:00:00+00:00,0.0,16.43757
2033-12-13 00:00:00+00:00,0.0,15.028229
2033-12-14 00:00:00+00:00,0.0,12.945093
2033-12-15 00:00:00+00:00,0.0,12.232018
2033-12-16 00:00:00+00:00,0.0,15.589601
2033-12-17 00:00:00+00:00,0.0,18.25408
2033-12-18 00:00:00+00:00,0.0,18.882114
2033-12-19 00:00:00+00:00,0.0,14.798542
2033-12-20 00:00:00+00:00,0.0,12.077572
2033-12-21 00:00:00+00:00,0.0,13.386134
2033-12-22 00:00:00+00:00,0.0,14.68835
2033-12-23 00:00:00+00:00,0.0,13.320252
2033-12-24 00:00:00+00:00,0.0,17.274076
2033-12-25 00:00:00+00:00,0.0,15.243872
2033-12-26 00:00:00+00:00,0.0,15.868338
2033-12-27 00:00:00+00:00,0.0,15.170761
2033-12-28 00:00:00+00:00,0.0,14.476659
2033-12-29 00:00:00+00:00,0.0,14.442455
2033-12-30 00:00:00+00:00,0.0,14.408544
2033-12-31 00:00:00+00:00,0.0,13.721523
2034-01-01 00:00:00+00:00,0.0,12.385933
2034-01-02 00:00:00+00:00,0.0,13.667529
2034-01-03 00:00:00+00:00,0.0,12.995673
2034-01-04 00:00:00+00:00,0.0,17.515928
2034-01-05 00:00:00+00:00,0.0,16.84014
2034-01-06 00:00:00+00:00,0.0,15.519903
2034-01-07 00:00:00+00:00,0.0,11.6213875
2034-01-08 00:00:00+00:00,0.0,12.892162
2034-01-09 00:00:00+00:00,0.0,14.15895
2034-01-10 00:00:00+00:00,0.0,14.136634
2034-01-11 00:00:00+00:00,0.0,14.755993
2034-01-12 00:00:00+00:00,0.0,18.576263
2034-01-13 00:00:00+00:00,0.0,20.465971
2034-01-14 00:00:00+00:00,0.0,19.15702
2034-01-15 00:00:00+00:00,0.0,15.301876
2034-01-16 00:00:00+00:00,0.0,16.551435
2034-01-17 00:00:00+00:00,0.0,17.797195
2034-01-18 00:00:00+00:00,0.0,17.135267
2034-01-19 00:00:00+00:00,0.0,18.376417
2034-01-20 00:00:00+00:00,0.0,16.450315
2034-01-21 00:00:00+00:00,0.0,14.53011
2034-01-22 00:00:00+00:00,0.0,14.508129
2034-01-23 00:00:00+00:00,0.0,13.856419
2034-01-24 00:00:00+00:00,0.024821319,19.495613
2034-01-25 00:00:00+00:00,0.0,17.58257
2034-01-26 00:00:00+00:00,0.0,16.302298
2034-01-27 00:00:00+00:00,0.0,20.034521
2034-01-28 00:00:00+00:00,0.0,21.880264
2034-01-29 00:00:00+00:00,0.0,21.223701
2034-01-30 00:00:00+00:00,0.0,17.452599
2034-01-31 00:00:00+00:00,0.0,14.937411
2034-02-01 00:00:00+00:00,0.0,14.294073
2034-02-02 00:00:00+00:00,0.0,11.790925
2034-02-03 00:00:00+00:00,0.0,11.154115
2034-02-04 00:00:00+00:00,0.0,13.613056
2034-02-05 00:00:00+00:00,0.0,17.918568
2034-02-06 00:00:00+00:00,0.0,19.743753
2034-02-07 00:00:00+00:00,0.0,18.483213
2034-02-08 00:00:00+00:00,0.0,15.995877
2034-02-09 00:00:00+00:00,0.0,14.130033
2034-02-10 00:00:00+00:00,0.0,14.109957
2034-02-11 00:00:00+00:00,0.0,14.089977
2034-02-12 00:00:00+00:00,0.0,16.517061
2034-02-13 00:00:00+00:00,0.0,16.49382
2034-02-14 00:00:00+00:00,0.0,18.300766
2034-02-15 00:00:00+00:00,0.0,16.447664
2034-02-16 00:00:00+00:00,0.0,11.558153
2034-02-17 00:00:00+00:00,0.0,13.364536
2034-02-18 00:00:00+00:00,0.0,12.132756
2034-02-19 00:00:00+00:00,0.0,12.116013
2034-02-20 00:00:00+00:00,0.0,13.914246
2034-02-21 00:00:00+00:00,0.0,12.686888
2034-02-22 00:00:00+00:00,0.0,11.462921
2034-02-23 00:00:00+00:00,0.0,9.037343
2034-02-24 00:00:00+00:00,0.0,12.635093
2034-02-25 00:00:00+00:00,0.0,15.021409
2034-02-26 00:00:00+00:00,0.0,16.201223
2034-02-27 00:00:00+00:00,0.0,16.77866
2034-02-28 00:00:00+00:00,0.0,17.953022
2034-03-01 00:00:00+00:00,0.0,16.136114
2034-03-02 00:00:00+00:00,0.0,10.146233
2034-03-03 00:00:00+00:00,0.0,14.304376
2034-03-04 00:00:00+00:00,0.0,12.494985
2034-03-05 00:00:00+00:00,0.0,16.03766
2034-03-06 00:00:00+00:00,0.0,14.231521
2034-03-07 00:00:00+00:00,0.0,13.615474
2034-03-08 00:00:00+00:00,0.0,12.410549
2034-03-09 00:00:00+00:00,0.0,15.929584
2034-03-10 00:00:00+00:00,0.0,17.080849
2034-03-11 00:00:00+00:00,0.0,14.112226
2034-03-12 00:00:00+00:00,0.0,12.914622
2034-03-13 00:00:00+00:00,0.0,12.307079
2034-03-14 00:00:00+00:00,0.0,11.701578
2034-03-15 00:00:00+00:00,0.0,13.434542
2034-03-16 00:00:00+00:00,0.0,12.246074
2034-03-17 00:00:00+00:00,0.0,11.0615425
2034-03-18 00:00:00+00:00,0.0,11.62461
2034-03-19 00:00:00+00:00,0.0,13.3464155
2034-03-20 00:00:00+00:00,0.0,11.586623
2034-03-21 00:00:00+00:00,0.0,14.459691
2034-03-22 00:00:00+00:00,0.0,14.436203
2034-03-23 00:00:00+00:00,0.0,16.142351
2034-03-24 00:00:00+00:00,0.0,16.116268
2034-03-25 00:00:00+00:00,0.0,18.38891
2034-03-26 00:00:00+00:00,0.0,18.359352
2034-03-27 00:00:00+00:00,0.0,16.61149
2034-03-28 00:00:00+00:00,0.0,21.160084
2034-03-29 00:00:00+00:00,0.0,17.700447
2034-03-30 00:00:00+00:00,0.0,16.532145
2034-03-31 00:00:00+00:00,0.0,27.88931
2034-04-01 00:00:00+00:00,0.0,22.162495
2034-04-02 00:00:00+00:00,0.030002827,19.290655
2034-04-03 00:00:00+00:00,0.0,26.624521
2034-04-04 00:00:00+00:00,0.0,21.492413
2034-04-05 00:00:00+00:00,0.0,16.941126
2034-04-06 00:00:00+00:00,0.0,18.042313
2034-04-07 00:00:00+00:00,0.0,18.014204
2034-04-08 00:00:00+00:00,0.0,19.110352
2034-04-09 00:00:00+00:00,0.0,17.958338
2034-04-10 00:00:00+00:00,0.0,16.249584
2034-04-11 00:00:00+00:00,0.0,17.343464
2034-04-12 00:00:00+00:00,0.0,18.992607
2034-04-13 00:00:00+00:00,0.0,16.732473
2034-04-14 00:00:00+00:00,0.0,11.694812
2034-04-15 00:00:00+00:00,0.0,15.56928
2034-04-16 00:00:00+00:00,0.0,15.54558
2034-04-17 00:00:00+00:00,0.0,12.195837
2034-04-18 00:00:00+00:00,0.0,12.177363
2034-04-19 00:00:00+00:00,0.0,9.948245
2034-04-20 00:00:00+00:00,0.0,11.036947
2034-04-21 00:00:00+00:00,0.0,16.530533
2034-04-22 00:00:00+00:00,0.0,17.055937
2034-04-23 00:00:00+00:00,0.0,11.536741
2034-04-24 00:00:00+00:00,0.0,10.422432
2034-04-25 00:00:00+00:00,0.13124438,12.050118
2034-04-26 00:00:00+00:00,0.16447191,20.782942
2034-04-27 00:00:00+00:00,0.0329755,21.298273
2034-04-28 00:00:00+00:00,0.03305452,15.813786
2034-04-29 00:00:00+00:00,0.0,16.334984
2034-04-30 00:00:00+00:00,0.0,17.942068
2034-05-01 00:00:00+00:00,0.0,15.744158
2034-05-02 00:00:00+00:00,0.0,17.88956
2034-05-03 00:00:00+00:00,0.0,18.413776
2034-05-04 00:00:00+00:00,0.0,15.1718235
2034-05-05 00:00:00+00:00,0.0,13.010895
2034-05-06 00:00:00+00:00,0.0,17.898893
2034-05-07 00:00:00+00:00,0.0,22.249119
2034-05-08 00:00:00+00:00,0.0,20.631437
2034-05-09 00:00:00+00:00,0.10428605,21.184965
2034-05-10 00:00:00+00:00,0.21453042,17.391243
2034-05-11 00:00:00+00:00,0.0,14.137474
2034-05-12 00:00:00+00:00,0.44853637,16.864687
2034-05-13 00:00:00+00:00,0.9131919,11.974508
2034-05-14 00:00:00+00:00,0.11594498,16.881666
2034-05-15 00:00:00+00:00,0.0,16.345337
2034-05-16 00:00:00+00:00,0.0,23.440147
2034-05-17 00:00:00+00:00,0.0,23.452002
2034-05-18 00:00:00+00:00,0.0,21.281189
2034-05-19 00:00:00+00:00,0.0,14.194652
2034-05-20 00:00:00+00:00,0.0,15.294308
2034-05-21 00:00:00+00:00,0.0,15.302082
2034-05-22 00:00:00+00:00,0.0,28.979399
2034-05-23 00:00:00+00:00,0.0,28.994165
2034-05-24 00:00:00+00:00,0.0,23.535578
2034-05-25 00:00:00+00:00,0.0,26.833315
2034-05-26 00:00:00+00:00,0.0,25.203346
2034-05-27 00:00:00+00:00,0.0,16.993567
2034-05-28 00:00:00+00:00,0.0,18.647669
2034-05-29 00:00:00+00:00,0.0,22.498444
2034-05-30 00:00:00+00:00,0.0,21.960995
2034-05-31 00:00:00+00:00,0.0,20.873692
2034-06-01 00:00:00+00:00,0.06570101,19.235683
2034-06-02 00:00:00+00:00,0.06591229,15.946372
2034-06-03 00:00:00+00:00,0.0,14.854301
2034-06-04 00:00:00+00:00,0.0,18.715101
2034-06-05 00:00:00+00:00,0.0,23.130642
2034-06-06 00:00:00+00:00,0.0,25.346716
2034-06-07 00:00:00+00:00,0.0,23.705992
2034-06-08 00:00:00+00:00,0.0,23.16674
2034-06-09 00:00:00+00:00,0.0,20.971313
2034-06-10 00:00:00+00:00,0.0,20.98226
2034-06-11 00:00:00+00:00,0.0,19.335869
2034-06-12 00:00:00+00:00,0.0,17.687763
2034-06-13 00:00:00+00:00,1.759167,29.310719
2034-06-14 00:00:00+00:00,3.4568098,17.706322
2034-06-15 00:00:00+00:00,0.0,16.608404
2034-06-16 00:00:00+00:00,0.0,16.617144
2034-06-17 00:00:00+00:00,0.0,23.830454
2034-06-18 00:00:00+00:00,0.0,22.179564
2034-06-19 00:00:00+00:00,0.0,21.636503
2034-06-20 00:00:00+00:00,0.41046762,26.088558
2034-06-21 00:00:00+00:00,1.0960535,23.325531
2034-06-22 00:00:00+00:00,0.41155317,18.336927
2034-06-23 00:00:00+00:00,0.41206807,28.353945
2034-06-24 00:00:00+00:00,2.1315892,17.800175
2034-06-25 00:00:00+00:00,3.0290096,16.140003
2034-06-26 00:00:00+00:00,1.9297235,18.376009
2034-06-27 00:00:00+00:00,1.3108819,17.82868
2034-06-28 00:00:00+00:00,1.933862,14.493548
2034-06-29 00:00:00+00:00,0.0,15.059055
2034-06-30 00:00:00+00:00,0.0,18.415382
2034-07-01 00:00:00+00:00,0.0,15.075225
2034-07-02 00:00:00+00:00,0.0,16.759258
2034-07-03 00:00:00+00:00,0.0,14.54753
2034-07-04 00:00:00+00:00,0.0,14.0343895
2034-07-05 00:00:00+00:00,0.7001267,10.70176
2034-07-06 00:00:00+00:00,2.108085,18.649815
2034-07-07 00:00:00+00:00,0.634678,17.578917
2034-07-08 00:00:00+00:00,0.0,17.63896
2034-07-09 00:00:00+00:00,0.0,19.98349
2034-07-10 00:00:00+00:00,0.0,18.333975
2034-07-11 00:00:00+00:00,0.0,16.673218
2034-07-12 00:00:00+00:00,0.0,13.2701435
2034-07-13 00:00:00+00:00,0.0,21.42336
2034-07-14 00:00:00+00:00,0.07210823,19.175636
2034-07-15 00:00:00+00:00,2.314055,19.24473
2034-07-16 00:00:00+00:00,1.2327633,15.217571
2034-07-17 00:00:00+00:00,0.14542444,11.161234
2034-07-18 00:00:00+00:00,0.0,14.150403
2034-07-19 00:00:00+00:00,0.58474153,18.937347
2034-07-20 00:00:00+00:00,0.21983007,19.008314
2034-07-21 00:00:00+00:00,0.07345672,16.695099
2034-07-22 00:00:00+00:00,0.0,18.554241
2034-07-23 00:00:00+00:00,5.9782367,16.822996
2034-07-24 00:00:00+00:00,5.8439655,16.284952
2034-07-25 00:00:00+00:00,0.81553584,15.137483
2034-07-26 00:00:00+00:00,2.7491593,15.804902
2034-07-27 00:00:00+00:00,0.074460305,18.308743
2034-07-28 00:00:00+00:00,0.97000563,19.607414
2034-07-29 00:00:00+00:00,18.8416,10.458435
2034-07-30 00:00:00+00:00,9.139956,8.030141
2034-07-31 00:00:00+00:00,0.0750642,14.265417
2034-08-01 00:00:00+00:00,0.97770244,13.078795
2034-08-02 00:00:00+00:00,0.07534884,10.006347
2034-08-03 00:00:00+00:00,0.0,15.072636
2034-08-04 00:00:00+00:00,0.0,17.028633
2034-08-05 00:00:00+00:00,0.0,14.567927
2034-08-06 00:00:00+00:00,0.0,15.266909
2034-08-07 00:00:00+00:00,0.38007507,12.138912
2034-08-08 00:00:00+00:00,0.0,17.325775
2034-08-09 00:00:00+00:00,0.0,14.824374
2034-08-10 00:00:00+00:00,3.3609993,10.358695
2034-08-11 00:00:00+00:00,7.9565988,9.755064
2034-08-12 00:00:00+00:00,7.432441,12.412629
2034-08-13 00:00:00+00:00,0.0,8.531838
2034-08-14 00:00:00+00:00,0.1537035,11.868036
2034-08-15 00:00:00+00:00,1.924079,16.560434
2034-08-16 00:00:00+00:00,6.936541,17.3041
2034-08-17 00:00:00+00:00,12.811943,12.70551
2034-08-18 00:00:00+00:00,15.766403,12.766562
2034-08-19 00:00:00+00:00,2.0121522,14.178851
2034-08-20 00:00:00+00:00,29.757292,12.89129
2034-08-21 00:00:00+00:00,0.0,10.909475
2034-08-22 00:00:00+00:00,0.07769296,11.649149
2034-08-23 00:00:00+00:00,6.689991,13.085216
2034-08-24 00:00:00+00:00,2.8039198,17.304949
2034-08-25 00:00:00+00:00,0.23394375,15.306552
2034-08-26 00:00:00+00:00,0.15614872,12.588475
2034-08-27 00:00:00+00:00,0.0,12.654388
2034-08-28 00:00:00+00:00,0.3912815,7.7741275
2034-08-29 00:00:00+00:00,18.959536,7.815643
2034-08-30 00:00:00+00:00,0.15686546,7.1434526
2034-08-31 00:00:00+00:00,8.951163,10.055317
2034-09-01 00:00:00+00:00,4.637633,11.555033
2034-09-02 00:00:00+00:00,16.436045,10.143919
2034-09-03 00:00:00+00:00,0.70768774,11.605137
2034-09-04 00:00:00+00:00,1.8083137,10.165112
2034-09-05 00:00:00+00:00,0.0,8.72209
2034-09-06 00:00:00+00:00,2.358067,19.645344
2034-09-07 00:00:00+00:00,0.0,10.925592
2034-09-08 00:00:00+00:00,14.851803,14.5828705
2034-09-09 00:00:00+00:00,6.2855887,11.6786785
2034-09-10 00:00:00+00:00,4.0850377,10.22972
2034-09-11 00:00:00+00:00,4.7127986,9.509167
2034-09-12 00:00:00+00:00,4.0837936,13.180638
2034-09-13 00:00:00+00:00,0.0,14.660886
2034-09-14 00:00:00+00:00,0.23552716,13.20901
2034-09-15 00:00:00+00:00,5.4947,12.488659
2034-09-16 00:00:00+00:00,0.0,14.708465
2034-09-17 00:00:00+00:00,0.15693538,15.460674
2034-09-18 00:00:00+00:00,4.3149133,11.792408
2034-09-19 00:00:00+00:00,6.039706,8.85398
2034-09-20 00:00:00+00:00,9.253794,8.125053
2034-09-21 00:00:00+00:00,4.469122,11.09181
2034-09-22 00:00:00+00:00,0.15677747,8.883244
2034-09-23 00:00:00+00:00,0.7837118,11.116351
2034-09-24 00:00:00+00:00,6.1115317,13.354433
2034-09-25 00:00:00+00:00,1.0966766,11.141092
2034-09-26 00:00:00+00:00,1.1747161,9.666405
2034-09-27 00:00:00+00:00,3.3666403,12.654853
2034-09-28 00:00:00+00:00,4.2267246,11.1786
2034-09-29 00:00:00+00:00,0.0,11.93729
2034-09-30 00:00:00+00:00,0.0,11.950797
2034-10-01 00:00:00+00:00,3.2063348,9.721042
2034-10-02 00:00:00+00:00,1.7199181,8.983486
2034-10-03 00:00:00+00:00,4.220195,9.743224
2034-10-04 00:00:00+00:00,0.078124195,12.005399
2034-10-05 00:00:00+00:00,0.0,12.019194
2034-10-06 00:00:00+00:00,0.0,12.785116
2034-10-07 00:00:00+00:00,0.0,11.294031
2034-10-08 00:00:00+00:00,2.261994,15.076176
2034-10-09 00:00:00+00:00,0.0,9.810919
2034-10-10 00:00:00+00:00,0.0,11.333506
2034-10-11 00:00:00+00:00,1.479878,12.103231
2034-10-12 00:00:00+00:00,3.7366514,11.360109
2034-10-13 00:00:00+00:00,0.077803046,10.615265
2034-10-14 00:00:00+00:00,0.0,9.868686
2034-10-15 00:00:00+00:00,0.0,9.88039
2034-10-16 00:00:00+00:00,0.0,8.370278
2034-10-17 00:00:00+00:00,0.0,9.142113
2034-10-18 00:00:00+00:00,0.0,9.15306
2034-10-19 00:00:00+00:00,0.07747401,9.927727
2034-10-20 00:00:00+00:00,0.0,9.939693
2034-10-21 00:00:00+00:00,0.0,10.717226
2034-10-22 00:00:00+00:00,0.0,10.730228
2034-10-23 00:00:00+00:00,0.0,9.975908
2034-10-24 00:00:00+00:00,0.0,11.524716
2034-10-25 00:00:00+00:00,0.0,10.769578
2034-10-26 00:00:00+00:00,0.0,9.242412
2034-10-27 00:00:00+00:00,0.0,10.796105
2034-10-28 00:00:00+00:00,0.0,12.353668
2034-10-29 00:00:00+00:00,0.0,13.142061
2034-10-30 00:00:00+00:00,0.0,15.480496
2034-10-31 00:00:00+00:00,0.0,17.824808
2034-11-01 00:00:00+00:00,0.0,14.743297
2034-11-02 00:00:00+00:00,0.0,13.168252
2034-11-03 00:00:00+00:00,0.0,13.893634
2034-11-04 00:00:00+00:00,0.0,12.306648
2034-11-05 00:00:00+00:00,0.0,14.5633745
2034-11-06 00:00:00+00:00,0.0,12.221628
2034-11-07 00:00:00+00:00,0.0,12.179837
2034-11-08 00:00:00+00:00,0.0,11.379859
2034-11-09 00:00:00+00:00,0.0,11.341554
2034-11-10 00:00:00+00:00,0.0,14.317985
2034-11-11 00:00:00+00:00,0.0,13.519454
2034-11-12 00:00:00+00:00,0.0,11.229163
2034-11-13 00:00:00+00:00,0.0,11.938689
2034-11-14 00:00:00+00:00,0.0,11.156274
2034-11-15 00:00:00+00:00,0.0,11.861782
2034-11-16 00:00:00+00:00,0.0,10.345956
2034-11-17 00:00:00+00:00,0.0,11.049863
2034-11-18 00:00:00+00:00,0.0,8.812119
2034-11-19 00:00:00+00:00,0.0,9.516694
2034-11-20 00:00:00+00:00,0.0,13.136178
2034-11-21 00:00:00+00:00,0.0,16.006004
2034-11-22 00:00:00+00:00,0.0,11.605233
2034-11-23 00:00:00+00:00,0.0,10.8469715
2034-11-24 00:00:00+00:00,0.0,15.861087
2034-11-25 00:00:00+00:00,0.0,12.219732
2034-11-26 00:00:00+00:00,0.0,11.466864
2034-11-27 00:00:00+00:00,0.0,12.147721
2034-11-28 00:00:00+00:00,0.0,13.537234
2034-11-29 00:00:00+00:00,0.0,12.07716
2034-11-30 00:00:00+00:00,0.0,12.750783
2034-12-01 00:00:00+00:00,0.0,12.008001
2034-12-02 00:00:00+00:00,0.0,13.382635
2034-12-03 00:00:00+00:00,0.0,14.047302
2034-12-04 00:00:00+00:00,0.0,14.708408
2034-12-05 00:00:00+00:00,0.0,15.366011
2034-12-06 00:00:00+00:00,0.0,18.10974
2034-12-07 00:00:00+00:00,0.34418336,12.503169
2034-12-08 00:00:00+00:00,0.41053948,14.547349
2034-12-09 00:00:00+00:00,0.9517706,13.126328
2034-12-10 00:00:00+00:00,0.0,12.402102
2034-12-11 00:00:00+00:00,0.0,13.056222
2034-12-12 00:00:00+00:00,0.066479795,11.650965
2034-12-13 00:00:00+00:00,0.0,11.620336
2034-12-14 00:00:00+00:00,4.3090286,12.271758
2034-12-15 00:00:00+00:00,0.0,14.959914
2034-12-16 00:00:00+00:00,0.0,15.599616
2034-12-17 00:00:00+00:00,0.06312137,18.942236
2034-12-18 00:00:00+00:00,0.0,18.219294
2034-12-19 00:00:00+00:00,0.0,16.15403
2034-12-20 00:00:00+00:00,0.0,14.770713
2034-12-21 00:00:00+00:00,0.0,16.743067
2034-12-22 00:00:00+00:00,0.0,17.369677
2034-12-23 00:00:00+00:00,0.0,15.994109
2034-12-24 00:00:00+00:00,0.0,16.619812
2034-12-25 00:00:00+00:00,0.0,15.2531
2034-12-26 00:00:00+00:00,0.0,17.20104
2034-12-27 00:00:00+00:00,0.048959408,19.799778
2034-12-28 00:00:00+00:00,0.0,17.118937
2034-12-29 00:00:00+00:00,0.0,17.735289
2034-12-30 00:00:00+00:00,0.0,16.382948
2034-12-31 00:00:00+00:00,0.0,16.998453
2035-01-01 00:00:00+00:00,0.0,18.263521
2035-01-02 00:00:00+00:00,0.0,18.230753
2035-01-03 00:00:00+00:00,0.0,13.650965
2035-01-04 00:00:00+00:00,0.0,13.628977
2035-01-05 00:00:00+00:00,0.0,15.550976
2035-01-06 00:00:00+00:00,0.0,14.879179
2035-01-07 00:00:00+00:00,0.0,14.855462
2035-01-08 00:00:00+00:00,0.0,15.47673
2035-01-09 00:00:00+00:00,0.0,15.452232
2035-01-10 00:00:00+00:00,0.0,15.427856
2035-01-11 00:00:00+00:00,0.0,15.403603
2035-01-12 00:00:00+00:00,0.0,14.738662
2035-01-13 00:00:00+00:00,0.0,12.796219
2035-01-14 00:00:00+00:00,0.0,12.77631
2035-01-15 00:00:00+00:00,0.0,15.3078
2035-01-16 00:00:00+00:00,0.0,14.647304
2035-01-17 00:00:00+00:00,0.0,13.988889
2035-01-18 00:00:00+00:00,0.0,15.237184
2035-01-19 00:00:00+00:00,0.0,14.579966
2035-01-20 00:00:00+00:00,0.0,15.823632
2035-01-21 00:00:00+00:00,0.0,13.903642
2035-01-22 00:00:00+00:00,0.0,13.882588
2035-01-23 00:00:00+00:00,0.0,15.121788
2035-01-24 00:00:00+00:00,0.0,14.469917
2035-01-25 00:00:00+00:00,0.0,15.7045965
2035-01-26 00:00:00+00:00,0.0,15.681136
2035-01-27 00:00:00+00:00,0.0,15.657788
2035-01-28 00:00:00+00:00,0.0,16.885315
2035-01-29 00:00:00+00:00,0.0,14.362515
2035-01-30 00:00:00+00:00,0.0,14.964879
2035-01-31 00:00:00+00:00,0.0,15.56551
2035-02-01 00:00:00+00:00,0.0,16.786135
2035-02-02 00:00:00+00:00,0.0,18.003233
2035-02-03 00:00:00+00:00,0.0,18.596943
2035-02-04 00:00:00+00:00,0.0,16.71298
2035-02-05 00:00:00+00:00,0.0,12.980196
2035-02-06 00:00:00+00:00,0.0,15.430356
2035-02-07 00:00:00+00:00,0.0,15.408201
2035-02-08 00:00:00+00:00,0.0,13.539811
2035-02-09 00:00:00+00:00,0.022166505,11.676792
2035-02-10 00:00:00+00:00,0.0,12.273884
2035-02-11 00:00:00+00:00,0.0,15.320611
2035-02-12 00:00:00+00:00,0.0,12.851133
2035-02-13 00:00:00+00:00,0.0,15.888523
2035-02-14 00:00:00+00:00,0.0,13.425264
2035-02-15 00:00:00+00:00,0.0,13.406483
2035-02-16 00:00:00+00:00,0.0,12.77925
2035-02-17 00:00:00+00:00,0.0,10.9384165
2035-02-18 00:00:00+00:00,0.0,15.171193
2035-02-19 00:00:00+00:00,0.0,17.574278
2035-02-20 00:00:00+00:00,0.0,18.155254
2035-02-21 00:00:00+00:00,0.0,14.504271
2035-02-22 00:00:00+00:00,0.0,14.4844265
2035-02-23 00:00:00+00:00,0.0,15.067368
2035-02-24 00:00:00+00:00,0.0,15.046885
2035-02-25 00:00:00+00:00,0.0,11.420135
2035-02-26 00:00:00+00:00,0.0,12.004953
2035-02-27 00:00:00+00:00,0.0,16.784302
2035-02-28 00:00:00+00:00,0.0,16.76177
2035-03-01 00:00:00+00:00,0.0,13.750173
2035-03-02 00:00:00+00:00,0.0,16.717007
2035-03-03 00:00:00+00:00,0.017222658,18.483503
2035-03-04 00:00:00+00:00,0.0,23.214865
2035-03-05 00:00:00+00:00,0.0,20.204163
2035-03-06 00:00:00+00:00,0.019785317,20.169872
2035-03-07 00:00:00+00:00,0.0,17.174595
2035-03-08 00:00:00+00:00,0.0,21.2842
2035-03-09 00:00:00+00:00,0.0,18.29721
2035-03-10 00:00:00+00:00,0.0,12.963319
2035-03-11 00:00:00+00:00,0.0,11.765106
2035-03-12 00:00:00+00:00,0.0,11.158191
2035-03-13 00:00:00+00:00,0.0,11.725905
2035-03-14 00:00:00+00:00,0.0,13.462398
2035-03-15 00:00:00+00:00,0.0,14.608805
2035-03-16 00:00:00+00:00,0.0,14.001289
2035-03-17 00:00:00+00:00,0.0,15.725504
2035-03-18 00:00:00+00:00,0.0,16.281136
2035-03-19 00:00:00+00:00,0.0,18.576525
2035-03-20 00:00:00+00:00,0.0,20.864437
2035-03-21 00:00:00+00:00,0.0,13.886954
2035-03-22 00:00:00+00:00,0.0,12.709017
2035-03-23 00:00:00+00:00,0.0,13.841907
2035-03-24 00:00:00+00:00,0.0,13.2437105
2035-03-25 00:00:00+00:00,0.0,12.072584
2035-03-26 00:00:00+00:00,0.0,14.349007
2035-03-27 00:00:00+00:00,0.0,20.056385
2035-03-28 00:00:00+00:00,0.0,17.163683
2035-03-29 00:00:00+00:00,0.0,14.851454
2035-03-30 00:00:00+00:00,0.0,11.976315
2035-03-31 00:00:00+00:00,0.0,11.957303
2035-04-01 00:00:00+00:00,0.0,11.938371
2035-04-02 00:00:00+00:00,0.0,13.054709
2035-04-03 00:00:00+00:00,0.0,15.86766
2035-04-04 00:00:00+00:00,0.0,16.408545
2035-04-05 00:00:00+00:00,0.0,18.642532
2035-04-06 00:00:00+00:00,0.0,19.177439
2035-04-07 00:00:00+00:00,0.0,18.02122
2035-04-08 00:00:00+00:00,0.0,21.366924
2035-04-09 00:00:00+00:00,0.0,21.333788
2035-04-10 00:00:00+00:00,0.0,20.179691
2035-04-11 00:00:00+00:00,0.0,18.469513
2035-04-12 00:00:00+00:00,0.0,12.85288
2035-04-13 00:00:00+00:00,0.0,13.391115
2035-04-14 00:00:00+00:00,0.0,12.813501
2035-04-15 00:00:00+00:00,0.0,13.906449
2035-04-16 00:00:00+00:00,0.0,18.883959
2035-04-17 00:00:00+00:00,0.0,19.409832
2035-04-18 00:00:00+00:00,0.0,18.82669
2035-04-19 00:00:00+00:00,0.0,21.562674
2035-04-20 00:00:00+00:00,0.0,17.113712
2035-04-21 00:00:00+00:00,0.0,17.08797
2035-04-22 00:00:00+00:00,0.0,18.16313
2035-04-23 00:00:00+00:00,0.0,19.235092
2035-04-24 00:00:00+00:00,0.0,19.206375
2035-04-25 00:00:00+00:00,0.098369755,12.602537
2035-04-26 00:00:00+00:00,0.0,10.395326
2035-04-27 00:00:00+00:00,0.9227517,13.657795
2035-04-28 00:00:00+00:00,1.5856781,15.27412
2035-04-29 00:00:00+00:00,0.0,15.251599
2035-04-30 00:00:00+00:00,0.0,15.229171
2035-05-01 00:00:00+00:00,0.0,19.008532
2035-05-02 00:00:00+00:00,0.0,21.149939
2035-05-03 00:00:00+00:00,0.0,20.577549
2035-05-04 00:00:00+00:00,0.0,15.711722
2035-05-05 00:00:00+00:00,0.0,15.71954
2035-05-06 00:00:00+00:00,0.0,12.473433
2035-05-07 00:00:00+00:00,0.0,13.564841
2035-05-08 00:00:00+00:00,0.0,17.914536
2035-05-09 00:00:00+00:00,0.0,16.294086
2035-05-10 00:00:00+00:00,0.0,13.585208
2035-05-11 00:00:00+00:00,0.0,17.397787
2035-05-12 00:00:00+00:00,0.0,16.318615
2035-05-13 00:00:00+00:00,0.056833636,13.061457
2035-05-14 00:00:00+00:00,0.0,14.701538
2035-05-15 00:00:00+00:00,0.0,14.708949
2035-05-16 00:00:00+00:00,0.0,15.806475
2035-05-17 00:00:00+00:00,0.0,12.542507
2035-05-18 00:00:00+00:00,0.0,13.640059
2035-05-19 00:00:00+00:00,0.06117886,16.922245
2035-05-20 00:00:00+00:00,0.0,24.03086
2035-05-21 00:00:00+00:00,0.062166687,23.496637
2035-05-22 00:00:00+00:00,0.0,20.775034
2035-05-23 00:00:00+00:00,4.032577,29.53746
2035-05-24 00:00:00+00:00,0.0,15.323534
2035-05-25 00:00:00+00:00,0.89230114,19.71175
2035-05-26 00:00:00+00:00,0.0,17.530521
2035-05-27 00:00:00+00:00,0.0,20.828156
2035-05-28 00:00:00+00:00,0.0,25.774353
2035-05-29 00:00:00+00:00,0.0,27.433605
2035-05-30 00:00:00+00:00,0.0,18.664448
2035-05-31 00:00:00+00:00,0.0,21.420242
2035-06-01 00:00:00+00:00,0.0,20.332247
2035-06-02 00:00:00+00:00,0.32930267,21.442348
2035-06-03 00:00:00+00:00,0.0,20.35326
2035-06-04 00:00:00+00:00,0.0,21.464544
2035-06-05 00:00:00+00:00,1.3287811,25.880936
2035-06-06 00:00:00+00:00,4.463082,14.324544
2035-06-07 00:00:00+00:00,1.3355801,13.780761
2035-06-08 00:00:00+00:00,0.0,19.854622
2035-06-09 00:00:00+00:00,0.0,19.864967
2035-06-10 00:00:00+00:00,0.06723245,28.70882
2035-06-11 00:00:00+00:00,1.4147805,21.542868
2035-06-12 00:00:00+00:00,0.0,22.659477
2035-06-13 00:00:00+00:00,0.0,27.095034
2035-06-14 00:00:00+00:00,0.0,20.47025
2035-06-15 00:00:00+00:00,3.6648543,26.569954
2035-06-16 00:00:00+00:00,0.40787894,14.95346
2035-06-17 00:00:00+00:00,0.13617532,20.502577
2035-06-18 00:00:00+00:00,6.7509527,21.622225
2035-06-19 00:00:00+00:00,1.5707021,17.750683
2035-06-20 00:00:00+00:00,0.0,15.540063
2035-06-21 00:00:00+00:00,0.06848062,25.543627
2035-06-22 00:00:00+00:00,0.20571081,22.77922
2035-06-23 00:00:00+00:00,0.06865684,23.347202
2035-06-24 00:00:00+00:00,22.409395,42.269787
2035-06-25 00:00:00+00:00,0.96349865,18.920242
2035-06-26 00:00:00+00:00,1.1023928,18.373556
2035-06-27 00:00:00+00:00,0.06897524,16.712152
2035-06-28 00:00:00+00:00,0.0,18.950567
2035-06-29 00:00:00+00:00,0.27647823,19.518383
2035-06-30 00:00:00+00:00,0.41513035,16.739014
2035-07-01 00:00:00+00:00,0.0,10.607068
2035-07-02 00:00:00+00:00,0.34659952,16.198437
2035-07-03 00:00:00+00:00,0.55527675,15.653675
2035-07-04 00:00:00+00:00,0.0,14.583658
2035-07-05 00:00:00+00:00,0.0,16.320618
2035-07-06 00:00:00+00:00,0.0,14.681425
2035-07-07 00:00:00+00:00,0.0,16.430847
2035-07-08 00:00:00+00:00,0.0,18.192402
2035-07-09 00:00:00+00:00,1.2769706,12.550236
2035-07-10 00:00:00+00:00,0.4270583,15.455872
2035-07-11 00:00:00+00:00,0.0,13.786464
2035-07-12 00:00:00+00:00,0.0,19.599457
2035-07-13 00:00:00+00:00,8.621267,13.883902
2035-07-14 00:00:00+00:00,3.2425194,11.030643
2035-07-15 00:00:00+00:00,6.2868943,15.731496
2035-07-16 00:00:00+00:00,13.768464,17.542788
2035-07-17 00:00:00+00:00,2.1799035,11.151014
2035-07-18 00:00:00+00:00,0.072856896,12.959232
2035-07-19 00:00:00+00:00,0.0,14.781041
2035-07-20 00:00:00+00:00,1.6843145,18.39704
2035-07-21 00:00:00+00:00,0.0,14.296563
2035-07-22 00:00:00+00:00,0.0,16.742708
2035-07-23 00:00:00+00:00,0.0,15.606355
2035-07-24 00:00:00+00:00,0.0,19.88456
2035-07-25 00:00:00+00:00,0.0,15.122711
2035-07-26 00:00:00+00:00,0.0,15.789351
2035-07-27 00:00:00+00:00,0.74420923,13.4130945
2035-07-28 00:00:00+00:00,0.0,11.630259
2035-07-29 00:00:00+00:00,1.7187997,14.135378
2035-07-30 00:00:00+00:00,39.23743,14.192724
2035-07-31 00:00:00+00:00,0.0,17.348785
2035-08-01 00:00:00+00:00,0.0,19.286827
2035-08-02 00:00:00+00:00,0.0,16.868097
2035-08-03 00:00:00+00:00,0.0754528,11.919952
2035-08-04 00:00:00+00:00,7.256556,12.60042
2035-08-05 00:00:00+00:00,1.9687954,13.919628
2035-08-06 00:00:00+00:00,0.075854234,18.427603
2035-08-07 00:00:00+00:00,6.534551,11.487502
2035-08-08 00:00:00+00:00,0.22832923,10.896842
2035-08-09 00:00:00+00:00,0.30493623,14.807949
2035-08-10 00:00:00+00:00,0.22906847,12.933894
2035-08-11 00:00:00+00:00,6.1945653,8.444854
2035-08-12 00:00:00+00:00,2.5276005,13.703611
2035-08-13 00:00:00+00:00,72.260605,20.321793
2035-08-14 00:00:00+00:00,0.23047079,17.781427
2035-08-15 00:00:00+00:00,9.386128,13.232859
2035-08-16 00:00:00+00:00,168.65253,28.584557
2035-08-17 00:00:00+00:00,0.07715363,20.705355
2035-08-18 00:00:00+00:00,0.0,14.0934515
2035-08-19 00:00:00+00:00,0.0,16.184744
2035-08-20 00:00:00+00:00,4.493114,17.61911
2035-08-21 00:00:00+00:00,3.6457293,14.300985
2035-08-22 00:00:00+00:00,0.15533663,10.265834
2035-08-23 00:00:00+00:00,0.38883165,13.068729
2035-08-24 00:00:00+00:00,0.0,17.974257
2035-08-25 00:00:00+00:00,0.077957734,18.761187
2035-08-26 00:00:00+00:00,0.0,11.873699
2035-08-27 00:00:00+00:00,0.07814323,14.04202
2035-08-28 00:00:00+00:00,5.0852003,11.292868
2035-08-29 00:00:00+00:00,0.0,11.353024
2035-08-30 00:00:00+00:00,9.801372,11.414107
2035-08-31 00:00:00+00:00,5.259335,12.193393
2035-09-01 00:00:00+00:00,12.730419,16.587502
2035-09-02 00:00:00+00:00,0.55050564,13.763169
2035-09-03 00:00:00+00:00,0.15726867,12.327244
2035-09-04 00:00:00+00:00,4.95336,12.340122
2035-09-05 00:00:00+00:00,13.914841,11.626404
2035-09-06 00:00:00+00:00,46.769855,15.275692
2035-09-07 00:00:00+00:00,6.837712,13.835433
2035-09-08 00:00:00+00:00,6.9939475,16.036913
2035-09-09 00:00:00+00:00,0.07857267,18.972815
2035-09-10 00:00:00+00:00,0.0,15.340494
2035-09-11 00:00:00+00:00,3.534733,14.625584
2035-09-12 00:00:00+00:00,1.7278266,13.177108
2035-09-13 00:00:00+00:00,0.7852514,11.725556
2035-09-14 00:00:00+00:00,4.0041285,12.471817
2035-09-15 00:00:00+00:00,0.0,16.157425
2035-09-16 00:00:00+00:00,0.0,19.11582
2035-09-17 00:00:00+00:00,0.0,13.984427
2035-09-18 00:00:00+00:00,5.6488824,11.052367
2035-09-19 00:00:00+00:00,5.2555866,11.064446
2035-09-20 00:00:00+00:00,6.1956525,11.076577
2035-09-21 00:00:00+00:00,14.897861,10.349507
2035-09-22 00:00:00+00:00,29.162205,21.461912
2035-09-23 00:00:00+00:00,1.4891369,18.522116
2035-09-24 00:00:00+00:00,0.0,12.609019
2035-09-25 00:00:00+00:00,6.658802,16.335716
2035-09-26 00:00:00+00:00,8.223535,11.150426
2035-09-27 00:00:00+00:00,0.0,8.930333
2035-09-28 00:00:00+00:00,0.23483424,12.66552
2035-09-29 00:00:00+00:00,0.7825614,9.696312
2035-09-30 00:00:00+00:00,0.860566,8.213847
2035-10-01 00:00:00+00:00,0.07820942,9.718283
2035-10-02 00:00:00+00:00,0.0,9.729338
2035-10-03 00:00:00+00:00,0.0,11.23897
2035-10-04 00:00:00+00:00,0.0,13.502202
2035-10-05 00:00:00+00:00,0.15620534,14.268691
2035-10-06 00:00:00+00:00,4.0597825,17.29252
2035-10-07 00:00:00+00:00,4.6044383,11.290764
2035-10-08 00:00:00+00:00,6.00664,14.31821
2035-10-09 00:00:00+00:00,0.0,14.33486
2035-10-10 00:00:00+00:00,0.3117478,12.84089
2035-10-11 00:00:00+00:00,0.5452882,8.318533
2035-10-12 00:00:00+00:00,0.07785748,9.085417
2035-10-13 00:00:00+00:00,1.4784708,10.612135
2035-10-14 00:00:00+00:00,7.776843,9.106862
2035-10-15 00:00:00+00:00,5.6735415,9.117655
2035-10-16 00:00:00+00:00,3.8833973,9.889203
2035-10-17 00:00:00+00:00,5.432891,9.900998
2035-10-18 00:00:00+00:00,1.1633058,7.625266
2035-10-19 00:00:00+00:00,2.634678,7.634419
2035-10-20 00:00:00+00:00,1.0064948,9.172336
2035-10-21 00:00:00+00:00,0.0,9.9487
2035-10-22 00:00:00+00:00,0.15454166,9.96076
2035-10-23 00:00:00+00:00,0.0,9.972872
2035-10-24 00:00:00+00:00,0.0,8.448878
2035-10-25 00:00:00+00:00,0.0,10.766277
2035-10-26 00:00:00+00:00,0.07688114,10.009534
2035-10-27 00:00:00+00:00,0.0767596,13.876427
2035-10-28 00:00:00+00:00,0.07662538,10.806115
2035-10-29 00:00:00+00:00,0.0,9.27387
2035-10-30 00:00:00+00:00,0.0,10.8329735
2035-10-31 00:00:00+00:00,0.0,9.296995
2035-11-01 00:00:00+00:00,0.60729474,18.617273
2035-11-02 00:00:00+00:00,0.15145878,16.281124
2035-11-03 00:00:00+00:00,5.445551,17.768631
2035-11-04 00:00:00+00:00,0.0,13.087252
2035-11-05 00:00:00+00:00,0.0,14.576013
2035-11-06 00:00:00+00:00,0.0,11.467639
2035-11-07 00:00:00+00:00,0.0,9.90457
2035-11-08 00:00:00+00:00,0.0,7.5930014
2035-11-09 00:00:00+00:00,0.0,8.324132
2035-11-10 00:00:00+00:00,0.0,7.5420694
2035-11-11 00:00:00+00:00,0.0,8.268728
2035-11-12 00:00:00+00:00,3.5814693,10.4891615
2035-11-13 00:00:00+00:00,0.0,8.961315
2035-11-14 00:00:00+00:00,0.0,12.654007
2035-11-15 00:00:00+00:00,0.0,13.355218
2035-11-16 00:00:00+00:00,0.0,10.354198
2035-11-17 00:00:00+00:00,0.0,10.32136
2035-11-18 00:00:00+00:00,0.0,10.288874
2035-11-19 00:00:00+00:00,0.0,9.524107
2035-11-20 00:00:00+00:00,0.0,13.876685
2035-11-21 00:00:00+00:00,0.0,15.290184
2035-11-22 00:00:00+00:00,0.0,16.695229
2035-11-23 00:00:00+00:00,0.0,15.197243
2035-11-24 00:00:00+00:00,0.0,12.265492
2035-11-25 00:00:00+00:00,0.0,9.351463
2035-11-26 00:00:00+00:00,0.0722154,9.323718
2035-11-27 00:00:00+00:00,0.0,13.586836
2035-11-28 00:00:00+00:00,8.824586,13.547104
2035-11-29 00:00:00+00:00,0.0,12.796836
2035-11-30 00:00:00+00:00,0.0,11.342176
2035-12-01 00:00:00+00:00,0.0,14.137141
2035-12-02 00:00:00+00:00,0.0,13.392117
2035-12-03 00:00:00+00:00,0.0,13.354327
2035-12-04 00:00:00+00:00,0.0,15.419578
2035-12-05 00:00:00+00:00,0.0,16.07561
2035-12-06 00:00:00+00:00,0.0,13.243157
2035-12-07 00:00:00+00:00,0.0,12.511724
2035-12-08 00:00:00+00:00,0.0,10.398024
2035-12-09 00:00:00+00:00,0.0,8.295907
2035-12-10 00:00:00+00:00,0.06763514,8.27361
2035-12-11 00:00:00+00:00,1.275721,9.626778
2035-12-12 00:00:00+00:00,0.0,10.972862
2035-12-13 00:00:00+00:00,0.0,11.627965
2035-12-14 00:00:00+00:00,0.0,15.690805
2035-12-15 00:00:00+00:00,0.0,11.567421
2035-12-16 00:00:00+00:00,0.0,10.180208
2035-12-17 00:00:00+00:00,0.0,12.861876
2035-12-18 00:00:00+00:00,0.0,20.93173
2035-12-19 00:00:00+00:00,0.0,19.531767
2035-12-20 00:00:00+00:00,0.060585428,20.154503
2035-12-21 00:00:00+00:00,0.05948847,19.43405
2035-12-22 00:00:00+00:00,0.0,16.71194
2035-12-23 00:00:00+00:00,0.0,16.670763
2035-12-24 00:00:00+00:00,0.0,15.96476
2035-12-25 00:00:00+00:00,0.0,15.262351
2035-12-26 00:00:00+00:00,0.0,12.577562
2035-12-27 00:00:00+00:00,0.0,12.547366
2035-12-28 00:00:00+00:00,0.0,13.176248
2035-12-29 00:00:00+00:00,0.0,14.459517
2035-12-30 00:00:00+00:00,0.0,15.736869
2035-12-31 00:00:00+00:00,0.0,15.045871
2036-01-01 00:00:00+00:00,0.0,15.663526
2036-01-02 00:00:00+00:00,0.0,14.981331
2036-01-03 00:00:00+00:00,0.0,13.656479
2036-01-04 00:00:00+00:00,0.0,11.686683
2036-01-05 00:00:00+00:00,0.0,11.019691
2036-01-06 00:00:00+00:00,0.0,11.649229
2036-01-07 00:00:00+00:00,0.0,14.215234
2036-01-08 00:00:00+00:00,0.0,11.612155
2036-01-09 00:00:00+00:00,0.0,14.814246
2036-01-10 00:00:00+00:00,0.0,16.720098
2036-01-11 00:00:00+00:00,0.0,16.693792
2036-01-12 00:00:00+00:00,0.0,17.30868
2036-01-13 00:00:00+00:00,0.0,16.641573
2036-01-14 00:00:00+00:00,0.0,17.254725
2036-01-15 00:00:00+00:00,0.0,15.951801
2036-01-16 00:00:00+00:00,0.0,16.564217
2036-01-17 00:00:00+00:00,0.0,15.902582
2036-01-18 00:00:00+00:00,0.0,14.607903
2036-01-19 00:00:00+00:00,0.0,12.683077
2036-01-20 00:00:00+00:00,0.0,13.296914
2036-01-21 00:00:00+00:00,0.0,14.541143
2036-01-22 00:00:00+00:00,0.0,12.625311
2036-01-23 00:00:00+00:00,0.0,13.236554
2036-01-24 00:00:00+00:00,0.0,15.104721
2036-01-25 00:00:00+00:00,0.0,17.595737
2036-01-26 00:00:00+00:00,0.0,21.334307
2036-01-27 00:00:00+00:00,0.0,18.796337
2036-01-28 00:00:00+00:00,0.0,15.014736
2036-01-29 00:00:00+00:00,0.0,17.491262
2036-01-30 00:00:00+00:00,0.0,17.465454
2036-01-31 00:00:00+00:00,0.0,17.439775
2036-02-01 00:00:00+00:00,0.0,17.414213
2036-02-02 00:00:00+00:00,0.0,16.146717
2036-02-03 00:00:00+00:00,0.0,14.262839
2036-02-04 00:00:00+00:00,0.0,15.480587
2036-02-05 00:00:00+00:00,0.0,17.93151
2036-02-06 00:00:00+00:00,0.0,20.99284
2036-02-07 00:00:00+00:00,0.0,19.729576
2036-02-08 00:00:00+00:00,0.0,20.316984
2036-02-09 00:00:00+00:00,0.0,17.828827
2036-02-10 00:00:00+00:00,0.0,14.733896
2036-02-11 00:00:00+00:00,0.0,15.939079
2036-02-12 00:00:00+00:00,0.0,15.916544
2036-02-13 00:00:00+00:00,0.0,15.2828045
2036-02-14 00:00:00+00:00,0.0,12.209068
2036-02-15 00:00:00+00:00,0.0,14.630369
2036-02-16 00:00:00+00:00,0.0,17.653688
2036-02-17 00:00:00+00:00,0.0,18.237028
2036-02-18 00:00:00+00:00,0.0,18.818794
2036-02-19 00:00:00+00:00,0.0,18.79278
2036-02-20 00:00:00+00:00,0.0,18.161503
2036-02-21 00:00:00+00:00,0.0,22.972971
2036-02-22 00:00:00+00:00,0.0,25.356413
2036-02-23 00:00:00+00:00,0.0,24.116005
2036-02-24 00:00:00+00:00,0.0,16.858234
2036-02-25 00:00:00+00:00,0.0,18.639162
2036-02-26 00:00:00+00:00,0.0,18.013514
2036-02-27 00:00:00+00:00,0.0,13.791746
2036-02-28 00:00:00+00:00,0.0,13.773217
2036-02-29 00:00:00+00:00,0.0,13.754768
2036-03-01 00:00:00+00:00,0.0,15.528111
2036-03-02 00:00:00+00:00,0.0,12.525242
2036-03-03 00:00:00+00:00,0.0,13.696657
2036-03-04 00:00:00+00:00,0.0,17.24029
2036-03-05 00:00:00+00:00,0.0,17.211012
2036-03-06 00:00:00+00:00,0.0,13.626995
2036-03-07 00:00:00+00:00,0.0,19.518751
2036-03-08 00:00:00+00:00,0.0,18.895393
2036-03-09 00:00:00+00:00,0.0,13.558248
2036-03-10 00:00:00+00:00,0.0,15.301038
2036-03-11 00:00:00+00:00,0.0,15.862994
2036-03-12 00:00:00+00:00,0.0,15.836561
2036-03-13 00:00:00+00:00,0.048922386,16.39581
2036-03-14 00:00:00+00:00,0.0,15.199448
2036-03-15 00:00:00+00:00,0.0,12.839815
2036-03-16 00:00:00+00:00,0.0,12.818649
2036-03-17 00:00:00+00:00,0.0,11.052452
2036-03-18 00:00:00+00:00,0.0,11.615083
2036-03-19 00:00:00+00:00,0.0,11.596089
2036-03-20 00:00:00+00:00,0.0,12.156037
2036-03-21 00:00:00+00:00,0.0,19.071272
2036-03-22 00:00:00+00:00,0.0,14.424496
2036-03-23 00:00:00+00:00,0.0,12.673019
2036-03-24 00:00:00+00:00,0.0,11.502335
2036-03-25 00:00:00+00:00,0.0,15.50316
2036-03-26 00:00:00+00:00,0.0,14.331734
2036-03-27 00:00:00+00:00,0.0,12.019383
2036-03-28 00:00:00+00:00,0.0,11.428754
2036-03-29 00:00:00+00:00,0.0,14.833715
2036-03-30 00:00:00+00:00,0.0,15.379776
2036-03-31 00:00:00+00:00,0.0,13.649253
2036-04-01 00:00:00+00:00,0.0,14.195504
2036-04-02 00:00:00+00:00,0.0,11.905431
2036-04-03 00:00:00+00:00,0.0,10.754647
2036-04-04 00:00:00+00:00,0.0,14.128666
2036-04-05 00:00:00+00:00,0.0,12.978043
2036-04-06 00:00:00+00:00,0.0,14.647945
2036-04-07 00:00:00+00:00,0.0,14.062653
2036-04-08 00:00:00+00:00,0.0,14.602462
2036-04-09 00:00:00+00:00,0.0,12.897568
2036-04-10 00:00:00+00:00,0.0,12.877656
2036-04-11 00:00:00+00:00,0.0,16.771076
2036-04-12 00:00:00+00:00,0.0,16.745316
2036-04-13 00:00:00+00:00,0.0,19.506271
2036-04-14 00:00:00+00:00,0.0,17.250582
2036-04-15 00:00:00+00:00,0.0,14.446175
2036-04-16 00:00:00+00:00,0.0,11.650324
2036-04-17 00:00:00+00:00,0.0,12.186592
2036-04-18 00:00:00+00:00,0.0,15.486743
2036-04-19 00:00:00+00:00,0.0,19.881481
2036-04-20 00:00:00+00:00,0.0,12.131507
2036-04-21 00:00:00+00:00,0.0,9.910876
2036-04-22 00:00:00+00:00,0.0,12.095154
2036-04-23 00:00:00+00:00,0.0,15.919795
2036-04-24 00:00:00+00:00,0.0,14.79979
2036-04-25 00:00:00+00:00,0.0,14.230466
2036-04-26 00:00:00+00:00,0.0,16.941938
2036-04-27 00:00:00+00:00,0.0,15.279764
2036-04-28 00:00:00+00:00,0.0,19.071527
2036-04-29 00:00:00+00:00,0.06633861,16.322964
2036-04-30 00:00:00+00:00,0.0,20.102106
2036-05-01 00:00:00+00:00,0.0,19.53016
2036-05-02 00:00:00+00:00,0.0,17.8765
2036-05-03 00:00:00+00:00,0.0,16.793203
2036-05-04 00:00:00+00:00,0.0,14.091626
2036-05-05 00:00:00+00:00,0.0,10.845112
2036-05-06 00:00:00+00:00,0.0,13.020625
2036-05-07 00:00:00+00:00,0.0,10.855938
2036-05-08 00:00:00+00:00,0.20524676,20.093527
2036-05-09 00:00:00+00:00,0.052914597,19.56025
2036-05-10 00:00:00+00:00,0.0,17.939219
2036-05-11 00:00:00+00:00,0.0,11.421596
2036-05-12 00:00:00+00:00,0.0,14.692291
2036-05-13 00:00:00+00:00,0.057536032,20.144014
2036-05-14 00:00:00+00:00,0.0,23.422407
2036-05-15 00:00:00+00:00,0.0,19.074373
2036-05-16 00:00:00+00:00,0.0,27.26287
2036-05-17 00:00:00+00:00,0.0,27.276667
2036-05-18 00:00:00+00:00,0.0,19.64915
2036-05-19 00:00:00+00:00,0.0,16.928682
2036-05-20 00:00:00+00:00,0.0,16.937283
2036-05-21 00:00:00+00:00,0.0,20.225752
2036-05-22 00:00:00+00:00,0.0,18.595291
2036-05-23 00:00:00+00:00,0.0,18.604773
2036-05-24 00:00:00+00:00,0.0,19.709232
2036-05-25 00:00:00+00:00,0.0,21.362587
2036-05-26 00:00:00+00:00,0.0,19.181372
2036-05-27 00:00:00+00:00,0.0,23.577765
2036-05-28 00:00:00+00:00,0.0,17.555254
2036-05-29 00:00:00+00:00,0.0,22.504229
2036-05-30 00:00:00+00:00,0.0,21.966648
2036-05-31 00:00:00+00:00,0.0,18.681276
2036-06-01 00:00:00+00:00,0.26323232,24.73798
2036-06-02 00:00:00+00:00,0.1320275,20.35063
2036-06-03 00:00:00+00:00,0.0,15.408446
2036-06-04 00:00:00+00:00,0.0,14.865844
2036-06-05 00:00:00+00:00,0.0,14.322684
2036-06-06 00:00:00+00:00,0.0,15.432445
2036-06-07 00:00:00+00:00,0.0,15.991922
2036-06-08 00:00:00+00:00,0.0,24.276245
2036-06-09 00:00:00+00:00,0.0,23.184866
2036-06-10 00:00:00+00:00,0.0,22.64467
2036-06-11 00:00:00+00:00,0.0,19.893526
2036-06-12 00:00:00+00:00,0.0,17.692396
2036-06-13 00:00:00+00:00,0.54176843,19.36121
2036-06-14 00:00:00+00:00,4.341692,24.906057
2036-06-15 00:00:00+00:00,63.535305,13.843976
2036-06-16 00:00:00+00:00,1.6334662,12.189115
2036-06-17 00:00:00+00:00,0.06816586,12.749885
2036-06-18 00:00:00+00:00,0.0,11.092711
2036-06-19 00:00:00+00:00,0.6836397,12.763363
2036-06-20 00:00:00+00:00,0.27383086,21.653687
2036-06-21 00:00:00+00:00,0.0,21.10965
2036-06-22 00:00:00+00:00,0.6177193,23.3441
2036-06-23 00:00:00+00:00,3.5734313,17.239332
2036-06-24 00:00:00+00:00,0.0,16.135704
2036-06-25 00:00:00+00:00,0.0,12.804103
2036-06-26 00:00:00+00:00,1.1033047,26.735872
2036-06-27 00:00:00+00:00,0.13806087,21.734509
2036-06-28 00:00:00+00:00,0.06910201,18.958176
2036-06-29 00:00:00+00:00,0.9683992,13.389416
2036-06-30 00:00:00+00:00,1.4540114,11.163836
2036-07-01 00:00:00+00:00,0.0,12.84531
2036-07-02 00:00:00+00:00,0.0,17.322561
2036-07-03 00:00:00+00:00,6.195701,15.692474
2036-07-04 00:00:00+00:00,16.002914,8.434658
2036-07-05 00:00:00+00:00,2.314683,8.462935
2036-07-06 00:00:00+00:00,1.9710721,18.11524
2036-07-07 00:00:00+00:00,0.07064255,15.904771
2036-07-08 00:00:00+00:00,16.303207,13.109427
2036-07-09 00:00:00+00:00,7.040735,6.863329
2036-07-10 00:00:00+00:00,0.49943483,10.330827
2036-07-11 00:00:00+00:00,0.35785812,12.094903
2036-07-12 00:00:00+00:00,0.43074057,14.449586
2036-07-13 00:00:00+00:00,3.7441778,12.18088
2036-07-14 00:00:00+00:00,0.0,13.388849
2036-07-15 00:00:00+00:00,0.0,14.605736
2036-07-16 00:00:00+00:00,2.105818,15.245341
2036-07-17 00:00:00+00:00,4.15011,12.947299
2036-07-18 00:00:00+00:00,0.948989,17.130096
2036-07-19 00:00:00+00:00,2.3419263,14.822443
2036-07-20 00:00:00+00:00,0.0733672,10.71231
2036-07-21 00:00:00+00:00,0.0,11.350322
2036-07-22 00:00:00+00:00,0.7371961,11.993384
2036-07-23 00:00:00+00:00,2.2167077,15.65149
2036-07-24 00:00:00+00:00,0.0,18.129578
2036-07-25 00:00:00+00:00,7.644766,10.31367
2036-07-26 00:00:00+00:00,9.446431,13.3998165
2036-07-27 00:00:00+00:00,4.9940763,12.841663
2036-07-28 00:00:00+00:00,0.22407724,14.121151
2036-07-29 00:00:00+00:00,0.22453,16.027666
2036-07-30 00:00:00+00:00,0.0,15.474136
2036-07-31 00:00:00+00:00,5.7855015,14.916327
2036-08-01 00:00:00+00:00,4.3661647,16.850542
2036-08-02 00:00:00+00:00,0.0,11.907441
2036-08-03 00:00:00+00:00,7.3288608,13.845789
2036-08-04 00:00:00+00:00,2.5734494,20.225113
2036-08-05 00:00:00+00:00,0.0,16.503508
2036-08-06 00:00:00+00:00,3.5697036,20.400038
2036-08-07 00:00:00+00:00,0.0,14.086341
2036-08-08 00:00:00+00:00,0.0,18.650248
2036-08-09 00:00:00+00:00,0.3816292,17.441282
2036-08-10 00:00:00+00:00,0.61157054,11.679717
2036-08-11 00:00:00+00:00,0.0,9.125368
2036-08-12 00:00:00+00:00,0.15336202,18.98893
2036-08-13 00:00:00+00:00,1.6894971,21.707733
2036-08-14 00:00:00+00:00,0.15381537,17.84352
2036-08-15 00:00:00+00:00,0.07701814,20.583208
2036-08-16 00:00:00+00:00,1.8510422,14.009543
2036-08-17 00:00:00+00:00,20.003492,10.724993
2036-08-18 00:00:00+00:00,2.1654809,14.144509
2036-08-19 00:00:00+00:00,1.781164,11.506115
2036-08-20 00:00:00+00:00,0.69789195,12.923031
2036-08-21 00:00:00+00:00,0.5435049,10.253055
2036-08-22 00:00:00+00:00,0.0,14.426234
2036-08-23 00:00:00+00:00,0.6227105,15.189689
2036-08-24 00:00:00+00:00,0.0,13.879372
2036-08-25 00:00:00+00:00,0.0,16.043634
2036-08-26 00:00:00+00:00,0.2343611,14.724858
2036-08-27 00:00:00+00:00,0.0,19.031574
2036-08-28 00:00:00+00:00,15.7384815,17.71547
2036-08-29 00:00:00+00:00,0.07838913,16.3857
2036-08-30 00:00:00+00:00,1.6479962,24.353642
2036-08-31 00:00:00+00:00,6.599176,24.486992
2036-09-01 00:00:00+00:00,0.23593788,23.174055
2036-09-02 00:00:00+00:00,0.1572734,16.67369
2036-09-03 00:00:00+00:00,4.324495,10.885497
2036-09-04 00:00:00+00:00,3.852253,11.623356
2036-09-05 00:00:00+00:00,6.367196,27.634462
2036-09-06 00:00:00+00:00,230.68225,108.47031
2036-09-07 00:00:00+00:00,0.0,20.405218
2036-09-08 00:00:00+00:00,8.407573,12.402012
2036-09-09 00:00:00+00:00,76.992905,32.13344
2036-09-10 00:00:00+00:00,22.466034,35.092033
2036-09-11 00:00:00+00:00,6.0476274,12.441717
2036-09-12 00:00:00+00:00,12.171884,8.059156
2036-09-13 00:00:00+00:00,19.236313,8.801264
2036-09-14 00:00:00+00:00,0.15700486,13.950372
2036-09-15 00:00:00+00:00,0.0,9.55532
2036-09-16 00:00:00+00:00,6.513415,9.565693
2036-09-17 00:00:00+00:00,13.809029,9.576108
2036-09-18 00:00:00+00:00,0.0,9.586566
2036-09-19 00:00:00+00:00,1.3333088,12.550013
2036-09-20 00:00:00+00:00,0.62731117,11.824756
2036-09-21 00:00:00+00:00,0.0,16.27696
2036-09-22 00:00:00+00:00,1.2540807,19.257671
2036-09-23 00:00:00+00:00,0.0,11.122516
2036-09-24 00:00:00+00:00,2.0369337,7.4232583
2036-09-25 00:00:00+00:00,4.072865,10.404158
2036-09-26 00:00:00+00:00,0.31321713,14.879718
2036-09-27 00:00:00+00:00,0.07828343,11.917137
2036-09-28 00:00:00+00:00,4.6174407,16.40452
2036-09-29 00:00:00+00:00,4.2249107,11.9440365
2036-09-30 00:00:00+00:00,14.391648,11.957572
2036-10-01 00:00:00+00:00,2.1111524,8.230175
2036-10-02 00:00:00+00:00,0.0,11.235764
2036-10-03 00:00:00+00:00,0.07813814,11.248614
2036-10-04 00:00:00+00:00,0.2343298,12.012289
2036-10-05 00:00:00+00:00,0.078080356,10.522851
2036-10-06 00:00:00+00:00,0.0,9.030001
2036-10-07 00:00:00+00:00,0.0,9.040461
2036-10-08 00:00:00+00:00,0.0,12.067951
2036-10-09 00:00:00+00:00,0.0,10.571764
2036-10-10 00:00:00+00:00,0.467449,9.828117
2036-10-11 00:00:00+00:00,5.061414,10.59654
2036-10-12 00:00:00+00:00,10.350763,8.33565
2036-10-13 00:00:00+00:00,3.6556666,7.5868096
2036-10-14 00:00:00+00:00,8.706007,8.355372
2036-10-15 00:00:00+00:00,9.5547905,7.604817
2036-10-16 00:00:00+00:00,0.0,9.898045
2036-10-17 00:00:00+00:00,0.7756884,10.672175
2036-10-18 00:00:00+00:00,1.9376684,9.921764
2036-10-19 00:00:00+00:00,1.5488021,9.933702
2036-10-20 00:00:00+00:00,0.0,8.415588
2036-10-21 00:00:00+00:00,0.0,11.4897
2036-10-22 00:00:00+00:00,0.0,9.969837
2036-10-23 00:00:00+00:00,0.0,9.981991
2036-10-24 00:00:00+00:00,0.0,7.6878443
2036-10-25 00:00:00+00:00,0.0,7.697276
2036-10-26 00:00:00+00:00,0.0,10.018776
2036-10-27 00:00:00+00:00,0.0,10.031148
2036-10-28 00:00:00+00:00,0.0,10.816159
2036-10-29 00:00:00+00:00,0.0,7.735431
2036-10-30 00:00:00+00:00,0.0,7.745078
2036-10-31 00:00:00+00:00,0.0,8.530244
2036-11-01 00:00:00+00:00,0.0,10.087769
2036-11-02 00:00:00+00:00,1.6644565,7.7323184
2036-11-03 00:00:00+00:00,0.07555821,7.7051315
2036-11-04 00:00:00+00:00,0.0,10.749558
2036-11-05 00:00:00+00:00,0.0,13.007871
2036-11-06 00:00:00+00:00,0.0,10.675588
2036-11-07 00:00:00+00:00,0.0,7.599448
2036-11-08 00:00:00+00:00,0.0,7.5737677
2036-11-09 00:00:00+00:00,0.0,11.322561
2036-11-10 00:00:00+00:00,0.0,11.284891
2036-11-11 00:00:00+00:00,0.0,11.247637
2036-11-12 00:00:00+00:00,0.0,11.210791
2036-11-13 00:00:00+00:00,0.0,11.174349
2036-11-14 00:00:00+00:00,0.0,11.880851
2036-11-15 00:00:00+00:00,0.0,10.362461
2036-11-16 00:00:00+00:00,0.0,11.067362
2036-11-17 00:00:00+00:00,0.0,12.503455
2036-11-18 00:00:00+00:00,0.0,9.531539
2036-11-19 00:00:00+00:00,0.0,9.501928
2036-11-20 00:00:00+00:00,0.0,8.743965
2036-11-21 00:00:00+00:00,0.0,13.075803
2036-11-22 00:00:00+00:00,0.0,14.484528
2036-11-23 00:00:00+00:00,0.0,12.274715
2036-11-24 00:00:00+00:00,0.0,10.798205
2036-11-25 00:00:00+00:00,0.0,11.48385
2036-11-26 00:00:00+00:00,0.0,11.449964
2036-11-27 00:00:00+00:00,0.0,8.562316
2036-11-28 00:00:00+00:00,0.0,9.248861
2036-11-29 00:00:00+00:00,0.0,11.350343
2036-11-30 00:00:00+00:00,0.0,9.903073
2036-12-01 00:00:00+00:00,0.0,13.401624
2036-12-02 00:00:00+00:00,0.0,16.177156
2036-12-03 00:00:00+00:00,0.0,14.728987
2036-12-04 00:00:00+00:00,0.0,15.387358
2036-12-05 00:00:00+00:00,0.0,13.949787
2036-12-06 00:00:00+00:00,0.0,14.607015
2036-12-07 00:00:00+00:00,0.0,14.567142
2036-12-08 00:00:00+00:00,0.0,12.452272
2036-12-09 00:00:00+00:00,0.0,22.077772
2036-12-10 00:00:00+00:00,0.26907703,19.266394
2036-12-11 00:00:00+00:00,0.0,19.215225
2036-12-12 00:00:00+00:00,0.0,17.795645
2036-12-13 00:00:00+00:00,0.0,19.796986
2036-12-14 00:00:00+00:00,0.0,17.021952
2036-12-15 00:00:00+00:00,0.0,15.619716
2036-12-16 00:00:00+00:00,0.0,15.579609
2036-12-17 00:00:00+00:00,0.0,13.512933
2036-12-18 00:00:00+00:00,0.0,14.152628
2036-12-19 00:00:00+00:00,0.0,14.789246
2036-12-20 00:00:00+00:00,0.0,15.422822
2036-12-21 00:00:00+00:00,0.0,16.722294
2036-12-22 00:00:00+00:00,0.0,16.681025
2036-12-23 00:00:00+00:00,0.0,12.646494
2036-12-24 00:00:00+00:00,0.0,12.615687
2036-12-25 00:00:00+00:00,0.0,11.922777
2036-12-26 00:00:00+00:00,0.0,10.572539
2036-12-27 00:00:00+00:00,0.0,10.547279
2036-12-28 00:00:00+00:00,0.0,15.783359
2036-12-29 00:00:00+00:00,0.0,17.714392
2036-12-30 00:00:00+00:00,0.0,17.018316
2036-12-31 00:00:00+00:00,0.0,16.978678
2037-01-01 00:00:00+00:00,0.0,19.548798
2037-01-02 00:00:00+00:00,0.0,17.565432
2037-01-03 00:00:00+00:00,0.0,18.18661
2037-01-04 00:00:00+00:00,0.0,15.563457
2037-01-05 00:00:00+00:00,0.0,16.185957
2037-01-06 00:00:00+00:00,0.0,16.160114
2037-01-07 00:00:00+00:00,0.0,14.198275
2037-01-08 00:00:00+00:00,0.0,12.887056
2037-01-09 00:00:00+00:00,0.0,12.866691
2037-01-10 00:00:00+00:00,0.0,16.058035
2037-01-11 00:00:00+00:00,0.0,16.674149
2037-01-12 00:00:00+00:00,0.0,17.928692
2037-01-13 00:00:00+00:00,0.0,15.982816
2037-01-14 00:00:00+00:00,0.0,12.128072
2037-01-15 00:00:00+00:00,0.0,10.834635
2037-01-16 00:00:00+00:00,0.0,10.817923
2037-01-17 00:00:00+00:00,0.0,11.436661
2037-01-18 00:00:00+00:00,0.0,15.859915
2037-01-19 00:00:00+00:00,0.0,13.935412
2037-01-20 00:00:00+00:00,0.0,12.016812
2037-01-21 00:00:00+00:00,0.0,15.787614
2037-01-22 00:00:00+00:00,0.0,22.6998
2037-01-23 00:00:00+00:00,0.17453797,20.147205
2037-01-24 00:00:00+00:00,0.07435053,16.345026
2037-01-25 00:00:00+00:00,0.0,13.181995
2037-01-26 00:00:00+00:00,0.0,13.789114
2037-01-27 00:00:00+00:00,0.19455864,13.14277
2037-01-28 00:00:00+00:00,0.1691274,13.123299
2037-01-29 00:00:00+00:00,0.0,15.599908
2037-01-30 00:00:00+00:00,0.0,14.95387
2037-01-31 00:00:00+00:00,0.0,14.309771
2037-02-01 00:00:00+00:00,0.0,14.910107
2037-02-02 00:00:00+00:00,0.0,14.888381
2037-02-03 00:00:00+00:00,0.0,11.769513
2037-02-04 00:00:00+00:00,0.0,12.371028
2037-02-05 00:00:00+00:00,0.0,12.353177
2037-02-06 00:00:00+00:00,0.0,14.185722
2037-02-07 00:00:00+00:00,0.02244568,12.31773
2037-02-08 00:00:00+00:00,0.0,12.915136
2037-02-09 00:00:00+00:00,0.0,15.353265
2037-02-10 00:00:00+00:00,0.0,17.171247
2037-02-11 00:00:00+00:00,0.0,15.922168
2037-02-12 00:00:00+00:00,0.0,15.899711
2037-02-13 00:00:00+00:00,0.0,12.213353
2037-02-14 00:00:00+00:00,0.0,11.586426
2037-02-15 00:00:00+00:00,0.0,9.743361
2037-02-16 00:00:00+00:00,0.0,10.33791
2037-02-17 00:00:00+00:00,0.0,9.716292
2037-02-18 00:00:00+00:00,0.0,11.522136
2037-02-19 00:00:00+00:00,0.0,11.506246
2037-02-20 00:00:00+00:00,0.0,12.699947
2037-02-21 00:00:00+00:00,0.0,14.494338
2037-02-22 00:00:00+00:00,0.0,19.902489
2037-02-23 00:00:00+00:00,0.0,18.670822
2037-02-24 00:00:00+00:00,0.0,17.442545
2037-02-25 00:00:00+00:00,0.0,16.818289
2037-02-26 00:00:00+00:00,0.0,17.995293
2037-02-27 00:00:00+00:00,0.0,17.971096
2037-02-28 00:00:00+00:00,0.0,17.94701
2037-03-01 00:00:00+00:00,0.0,17.325594
2037-03-02 00:00:00+00:00,0.0,13.722685
2037-03-03 00:00:00+00:00,0.0,18.468594
2037-03-04 00:00:00+00:00,0.0,18.43712
2037-03-05 00:00:00+00:00,0.0,17.21832
2037-03-06 00:00:00+00:00,0.0,16.596407
2037-03-07 00:00:00+00:00,0.0,15.384903
2037-03-08 00:00:00+00:00,0.0,14.768244
2037-03-09 00:00:00+00:00,0.0,12.974207
2037-03-10 00:00:00+00:00,0.0,13.541204
2037-03-11 00:00:00+00:00,0.0,12.343037
2037-03-12 00:00:00+00:00,0.0,21.710997
2037-03-13 00:00:00+00:00,0.0,21.674894
2037-03-14 00:00:00+00:00,0.0,20.469273
2037-03-15 00:00:00+00:00,0.0,19.267683
2037-03-16 00:00:00+00:00,0.0,15.738462
2037-03-17 00:00:00+00:00,0.0,13.384781
2037-03-18 00:00:00+00:00,0.0,12.200836
2037-03-19 00:00:00+00:00,0.0,11.600831
2037-03-20 00:00:00+00:00,0.0,13.898279
2037-03-21 00:00:00+00:00,0.0,12.719352
2037-03-22 00:00:00+00:00,0.0,19.048058
2037-03-23 00:00:00+00:00,0.0,18.440937
2037-03-24 00:00:00+00:00,0.0,18.986507
2037-03-25 00:00:00+00:00,0.0,16.658243
2037-03-26 00:00:00+00:00,0.0,14.337485
2037-03-27 00:00:00+00:00,0.0,17.177422
2037-03-28 00:00:00+00:00,0.0,18.864971
2037-03-29 00:00:00+00:00,0.0,13.127358
2037-03-30 00:00:00+00:00,0.0,13.676341
2037-03-31 00:00:00+00:00,0.0,15.930434
2037-04-01 00:00:00+00:00,0.0,18.177425
2037-04-02 00:00:00+00:00,0.0,15.313013
2037-04-03 00:00:00+00:00,0.0,14.156414
2037-04-04 00:00:00+00:00,0.0,15.830306
2037-04-05 00:00:00+00:00,0.0,15.805532
2037-04-06 00:00:00+00:00,0.0,12.962852
2037-04-07 00:00:00+00:00,0.0,14.630846
2037-04-08 00:00:00+00:00,0.0,15.169978
2037-04-09 00:00:00+00:00,0.0,15.1464815
2037-04-10 00:00:00+00:00,0.0,18.483767
2037-04-11 00:00:00+00:00,0.0,20.69229
2037-04-12 00:00:00+00:00,0.0,18.42692
2037-04-13 00:00:00+00:00,0.0,18.39867
2037-04-14 00:00:00+00:00,0.0,13.917075
2037-04-15 00:00:00+00:00,0.0,12.228344
2037-04-16 00:00:00+00:00,0.0,13.874705
2037-04-17 00:00:00+00:00,0.0,13.853649
2037-04-18 00:00:00+00:00,0.0,16.599215
2037-04-19 00:00:00+00:00,0.0,12.154379
2037-04-20 00:00:00+00:00,0.0,13.790992
2037-04-21 00:00:00+00:00,0.0,14.321084
2037-04-22 00:00:00+00:00,0.0,10.99971
2037-04-23 00:00:00+00:00,0.0,12.081595
2037-04-24 00:00:00+00:00,0.0,13.708615
2037-04-25 00:00:00+00:00,0.0,14.235755
2037-04-26 00:00:00+00:00,0.0,18.58837
2037-04-27 00:00:00+00:00,0.0,18.560862
2037-04-28 00:00:00+00:00,0.0,15.807953
2037-04-29 00:00:00+00:00,0.0,16.873268
2037-04-30 00:00:00+00:00,0.0,15.761487
2037-05-01 00:00:00+00:00,0.0,13.567577
2037-05-02 00:00:00+00:00,0.0,11.380108
2037-05-03 00:00:00+00:00,0.0,15.707821
2037-05-04 00:00:00+00:00,0.0,17.8833
2037-05-05 00:00:00+00:00,0.0,18.434395
2037-05-06 00:00:00+00:00,0.0,17.901127
2037-05-07 00:00:00+00:00,0.0,16.281876
2037-05-08 00:00:00+00:00,0.0,12.489011
2037-05-09 00:00:00+00:00,0.0,13.581806
2037-05-10 00:00:00+00:00,0.0,14.675703
2037-05-11 00:00:00+00:00,0.0,15.770702
2037-05-12 00:00:00+00:00,0.0,14.690446
2037-05-13 00:00:00+00:00,0.0,14.15347
2037-05-14 00:00:00+00:00,0.0,14.705241
2037-05-15 00:00:00+00:00,0.0,10.898266
2037-05-16 00:00:00+00:00,0.0,10.903771
2037-05-17 00:00:00+00:00,0.0,14.182073
2037-05-18 00:00:00+00:00,0.0,21.829622
2037-05-19 00:00:00+00:00,0.0,16.38052
2037-05-20 00:00:00+00:00,0.0,14.749955
2037-05-21 00:00:00+00:00,0.0,11.478019
2037-05-22 00:00:00+00:00,0.0,15.85867
2037-05-23 00:00:00+00:00,0.0,16.413887
2037-05-24 00:00:00+00:00,0.0,15.874856
2037-05-25 00:00:00+00:00,0.06390217,23.00292
2037-05-26 00:00:00+00:00,0.06421865,26.302511
2037-05-27 00:00:00+00:00,1.1612723,22.478245
2037-05-28 00:00:00+00:00,0.06479346,23.038311
2037-05-29 00:00:00+00:00,0.0,20.306087
2037-05-30 00:00:00+00:00,0.065301925,19.218342
2037-05-31 00:00:00+00:00,0.32767382,17.580109
2037-06-01 00:00:00+00:00,0.0,10.443576
2037-06-02 00:00:00+00:00,0.0,8.799135
2037-06-03 00:00:00+00:00,0.0,11.554837
2037-06-04 00:00:00+00:00,0.0,9.909279
2037-06-05 00:00:00+00:00,0.0,11.016021
2037-06-06 00:00:00+00:00,0.0,15.981528
2037-06-07 00:00:00+00:00,0.0,18.195333
2037-06-08 00:00:00+00:00,0.0,17.653152
2037-06-09 00:00:00+00:00,0.0,19.318201
2037-06-10 00:00:00+00:00,0.0,12.149213
2037-06-11 00:00:00+00:00,0.0,16.575771
2037-06-12 00:00:00+00:00,0.0,28.746382
2037-06-13 00:00:00+00:00,0.0,25.995926
2037-06-14 00:00:00+00:00,0.0,25.456182
2037-06-15 00:00:00+00:00,0.4075458,26.02325
2037-06-16 00:00:00+00:00,0.06803426,18.281265
2037-06-17 00:00:00+00:00,0.0,19.39944
2037-06-18 00:00:00+00:00,0.3412094,19.964245
2037-06-19 00:00:00+00:00,0.9567599,22.19422
2037-06-20 00:00:00+00:00,0.0,19.430222
2037-06-21 00:00:00+00:00,0.54820675,24.439512
2037-06-22 00:00:00+00:00,2.9503992,17.227886
2037-06-23 00:00:00+00:00,6.457707,17.237038
2037-06-24 00:00:00+00:00,0.20634373,14.464566
2037-06-25 00:00:00+00:00,0.0,12.802396
2037-06-26 00:00:00+00:00,3.6536982,14.479998
2037-06-27 00:00:00+00:00,2.0703654,18.38828
2037-06-28 00:00:00+00:00,0.0,18.95564
2037-06-29 00:00:00+00:00,9.681593,17.292343
2037-06-30 00:00:00+00:00,8.514308,9.487987
2037-07-01 00:00:00+00:00,0.27715108,10.609918
2037-07-02 00:00:00+00:00,0.0,13.967928
2037-07-03 00:00:00+00:00,0.06954674,12.879595
2037-07-04 00:00:00+00:00,0.55852497,12.360534
2037-07-05 00:00:00+00:00,3.153488,13.529341
2037-07-06 00:00:00+00:00,0.0,11.878081
2037-07-07 00:00:00+00:00,2.4703476,12.485969
2037-07-08 00:00:00+00:00,1.3456528,15.376126
2037-07-09 00:00:00+00:00,0.0,16.000595
2037-07-10 00:00:00+00:00,0.2138731,19.496794
2037-07-11 00:00:00+00:00,0.0,14.386063
2037-07-12 00:00:00+00:00,0.0,16.16923
2037-07-13 00:00:00+00:00,0.0,22.60148
2037-07-14 00:00:00+00:00,0.0,18.029634
2037-07-15 00:00:00+00:00,0.0,18.094723
2037-07-16 00:00:00+00:00,0.14513019,18.160559
2037-07-17 00:00:00+00:00,9.895458,21.167017
2037-07-18 00:00:00+00:00,0.58361596,11.802914
2037-07-19 00:00:00+00:00,14.115839,13.623915
2037-07-20 00:00:00+00:00,6.2323756,18.431614
2037-07-21 00:00:00+00:00,0.44100678,19.695015
2037-07-22 00:00:00+00:00,0.0,14.378298
2037-07-23 00:00:00+00:00,6.203226,11.4265995
2037-07-24 00:00:00+00:00,1.1102387,16.300762
2037-07-25 00:00:00+00:00,0.0,9.09138
2037-07-26 00:00:00+00:00,1.6355149,13.386577
2037-07-27 00:00:00+00:00,2.3839834,21.381456
2037-07-28 00:00:00+00:00,3.3594394,14.720316
2037-07-29 00:00:00+00:00,1.2716999,11.084841
2037-07-30 00:00:00+00:00,1.4241369,12.366667
2037-07-31 00:00:00+00:00,0.22530115,9.933977
2037-08-01 00:00:00+00:00,0.0,14.339256
2037-08-02 00:00:00+00:00,23.519695,15.025225
2037-08-03 00:00:00+00:00,53.62011,12.573784
2037-08-04 00:00:00+00:00,0.15131263,10.733145
2037-08-05 00:00:00+00:00,7.578887,10.779159
2037-08-06 00:00:00+00:00,0.15183797,7.00491
2037-08-07 00:00:00+00:00,14.981208,7.6750574
2037-08-08 00:00:00+00:00,10.816449,13.490452
2037-08-09 00:00:00+00:00,0.0,10.969327
2037-08-10 00:00:00+00:00,0.68774754,11.018459
2037-08-11 00:00:00+00:00,28.624199,10.417177
2037-08-12 00:00:00+00:00,0.0,10.464677
2037-08-13 00:00:00+00:00,0.38383463,13.141028
2037-08-14 00:00:00+00:00,0.0,10.561631
2037-08-15 00:00:00+00:00,4.4654613,17.906256
2037-08-16 00:00:00+00:00,0.0,12.660277
2037-08-17 00:00:00+00:00,1.3125194,14.059712
2037-08-18 00:00:00+00:00,0.0,14.127429
2037-08-19 00:00:00+00:00,0.0,14.196113
2037-08-20 00:00:00+00:00,2.6356223,15.624424
2037-08-21 00:00:00+00:00,0.46571228,10.24032
2037-08-22 00:00:00+00:00,0.0,11.663738
2037-08-23 00:00:00+00:00,8.637439,11.722628
2037-08-24 00:00:00+00:00,0.07791045,13.861632
2037-08-25 00:00:00+00:00,16.302973,13.932984
2037-08-26 00:00:00+00:00,0.15619479,10.504051
2037-08-27 00:00:00+00:00,2.2674727,13.374966
2037-08-28 00:00:00+00:00,2.4266374,21.23031
2037-08-29 00:00:00+00:00,4.9371333,17.075172
2037-08-30 00:00:00+00:00,5.0210834,14.30625
2037-08-31 00:00:00+00:00,0.15708067,9.349852
2037-09-01 00:00:00+00:00,8.648748,13.017373
2037-09-02 00:00:00+00:00,6.920235,10.871315
2037-09-03 00:00:00+00:00,2.4375172,13.784696
2037-09-04 00:00:00+00:00,14.072958,10.167772
2037-09-05 00:00:00+00:00,1.0219287,13.08657
2037-09-06 00:00:00+00:00,3.2225847,15.283733
2037-09-07 00:00:00+00:00,0.0,17.485569
2037-09-08 00:00:00+00:00,13.122562,17.504082
2037-09-09 00:00:00+00:00,35.905132,20.443115
2037-09-10 00:00:00+00:00,59.780743,26.312008
2037-09-11 00:00:00+00:00,5.812229,27.071789
2037-09-12 00:00:00+00:00,0.785314,24.90344
2037-09-13 00:00:00+00:00,0.15703756,15.398068
2037-09-14 00:00:00+00:00,6.8300004,14.680638
2037-09-15 00:00:00+00:00,6.5933533,16.166164
2037-09-16 00:00:00+00:00,0.07847842,16.919325
2037-09-17 00:00:00+00:00,14.515852,37.557575
2037-09-18 00:00:00+00:00,0.23534763,23.591257
2037-09-19 00:00:00+00:00,2.9020529,15.498706
2037-09-20 00:00:00+00:00,4.156152,14.038036
2037-09-21 00:00:00+00:00,0.0,11.094867
2037-09-22 00:00:00+00:00,2.9786072,11.107123
2037-09-23 00:00:00+00:00,8.150136,15.567201
2037-09-24 00:00:00+00:00,33.611427,10.38967
2037-09-25 00:00:00+00:00,6.0313497,19.316614
2037-09-26 00:00:00+00:00,1.487878,11.156665
2037-09-27 00:00:00+00:00,2.8183937,8.190732
2037-09-28 00:00:00+00:00,11.505281,8.199948
2037-09-29 00:00:00+00:00,9.076401,8.209206
2037-09-30 00:00:00+00:00,5.2408385,11.954182
2037-10-01 00:00:00+00:00,2.111322,12.715745
2037-10-02 00:00:00+00:00,3.5958946,11.981396
2037-10-03 00:00:00+00:00,9.768124,14.244167
2037-10-04 00:00:00+00:00,6.0931344,9.757183
2037-10-05 00:00:00+00:00,2.9673398,9.016989
2037-10-06 00:00:00+00:00,0.0,10.531958
2037-10-07 00:00:00+00:00,0.0,12.050452
2037-10-08 00:00:00+00:00,0.0,12.064444
2037-10-09 00:00:00+00:00,3.1961756,11.323589
2037-10-10 00:00:00+00:00,2.7271261,7.5578785
2037-10-11 00:00:00+00:00,5.5293508,8.323411
2037-10-12 00:00:00+00:00,3.3469555,12.121014
2037-10-13 00:00:00+00:00,2.4893336,12.135311
2037-10-14 00:00:00+00:00,0.0,12.909024
2037-10-15 00:00:00+00:00,0.0,9.883323
2037-10-16 00:00:00+00:00,0.3105632,10.656256
2037-10-17 00:00:00+00:00,1.7844256,10.668985
2037-10-18 00:00:00+00:00,0.46513602,11.4447565
2037-10-19 00:00:00+00:00,0.07745721,10.694615
2037-10-20 00:00:00+00:00,0.0,11.472337
2037-10-21 00:00:00+00:00,0.0,11.486221
2037-10-22 00:00:00+00:00,0.0,13.03352
2037-10-23 00:00:00+00:00,0.077140115,12.281783
2037-10-24 00:00:00+00:00,0.0,9.222592
2037-10-25 00:00:00+00:00,0.0,7.694915
2037-10-26 00:00:00+00:00,0.15364367,13.867881
2037-10-27 00:00:00+00:00,3.6813219,11.570827
2037-10-28 00:00:00+00:00,3.0621157,13.129839
2037-10-29 00:00:00+00:00,0.0,12.372841
2037-10-30 00:00:00+00:00,0.0,12.388259
2037-10-31 00:00:00+00:00,0.0,10.078043
2037-11-01 00:00:00+00:00,0.0,10.86689
2037-11-02 00:00:00+00:00,0.0,10.060913
2037-11-03 00:00:00+00:00,0.0,10.7966585
2037-11-04 00:00:00+00:00,0.0,11.527418
2037-11-05 00:00:00+00:00,0.0,12.253283
2037-11-06 00:00:00+00:00,0.0,12.974331
2037-11-07 00:00:00+00:00,0.0,10.648279
2037-11-08 00:00:00+00:00,0.0,11.370241
2037-11-09 00:00:00+00:00,0.0,12.087512
2037-11-10 00:00:00+00:00,0.0,11.29427
2037-11-11 00:00:00+00:00,0.0,9.75599
2037-11-12 00:00:00+00:00,0.0,9.723969
2037-11-13 00:00:00+00:00,0.0,9.692299
2037-11-14 00:00:00+00:00,0.0,9.660971
2037-11-15 00:00:00+00:00,0.0,9.629982
2037-11-16 00:00:00+00:00,0.0,9.599326
2037-11-17 00:00:00+00:00,0.0,11.041149
2037-11-18 00:00:00+00:00,0.0,11.740296
2037-11-19 00:00:00+00:00,0.0,10.2407875
2037-11-20 00:00:00+00:00,0.0,9.479925
2037-11-21 00:00:00+00:00,0.0,10.904833
2037-11-22 00:00:00+00:00,0.0,17.394625
2037-11-23 00:00:00+00:00,0.0,17.342066
2037-11-24 00:00:00+00:00,0.0,11.526699
2037-11-25 00:00:00+00:00,0.0,10.055828
2037-11-26 00:00:00+00:00,0.0,9.309952
2037-11-27 00:00:00+00:00,0.0,9.282629
2037-11-28 00:00:00+00:00,0.0,9.25558
2037-11-29 00:00:00+00:00,0.0,9.938713
2037-11-30 00:00:00+00:00,0.0,11.325905
2037-12-01 00:00:00+00:00,0.0,14.117003
2037-12-02 00:00:00+00:00,0.0,14.077026
2037-12-03 00:00:00+00:00,0.0,11.931826
2037-12-04 00:00:00+00:00,0.0,10.498684
2037-12-05 00:00:00+00:00,0.0,12.563488
2037-12-06 00:00:00+00:00,0.0,9.744696
2037-12-07 00:00:00+00:00,0.0,11.106342
2037-12-08 00:00:00+00:00,0.0,11.768443
2037-12-09 00:00:00+00:00,0.0,11.736704
2037-12-10 00:00:00+00:00,0.0,13.0823555
2037-12-11 00:00:00+00:00,0.0,11.674126
2037-12-12 00:00:00+00:00,0.0,14.382873
2037-12-13 00:00:00+00:00,0.0,17.077532
2037-12-14 00:00:00+00:00,0.0,22.483582
2037-12-15 00:00:00+00:00,0.0,18.34803
2037-12-16 00:00:00+00:00,0.0,16.945219
2037-12-17 00:00:00+00:00,0.12583116,18.25408
2037-12-18 00:00:00+00:00,0.0,16.859032
2037-12-19 00:00:00+00:00,0.0,16.816525
2037-12-20 00:00:00+00:00,0.0,14.090499
2037-12-21 00:00:00+00:00,0.0,17.401974
2037-12-22 00:00:00+00:00,0.0,18.694262
2037-12-23 00:00:00+00:00,0.0,17.316328
2037-12-24 00:00:00+00:00,0.0,14.616527
2037-12-25 00:00:00+00:00,0.0,14.581094
2037-12-26 00:00:00+00:00,0.0,11.901252
2037-12-27 00:00:00+00:00,0.0,11.872769
2037-12-28 00:00:00+00:00,0.0,13.160598
2037-12-29 00:00:00+00:00,0.0,12.473028
2037-12-30 00:00:00+00:00,0.0,13.753609
2037-12-31 00:00:00+00:00,0.0,14.374931
2038-01-01 00:00:00+00:00,0.0,13.037825
2038-01-02 00:00:00+00:00,0.0,16.921701
2038-01-03 00:00:00+00:00,0.0,15.59481
2038-01-04 00:00:00+00:00,0.0,15.569714
2038-01-05 00:00:00+00:00,0.0,18.783234
2038-01-06 00:00:00+00:00,0.0,21.986528
2038-01-07 00:00:00+00:00,0.0,23.888409
2038-01-08 00:00:00+00:00,0.0,22.561285
2038-01-09 00:00:00+00:00,0.0,19.307657
2038-01-10 00:00:00+00:00,0.0,16.064356
2038-01-11 00:00:00+00:00,0.0,15.39756
2038-01-12 00:00:00+00:00,0.0,14.092337
2038-01-13 00:00:00+00:00,0.0,14.070354
2038-01-14 00:00:00+00:00,0.0,12.771347
2038-01-15 00:00:00+00:00,0.0,13.389141
2038-01-16 00:00:00+00:00,0.0,13.368466
2038-01-17 00:00:00+00:00,0.0,11.441053
2038-01-18 00:00:00+00:00,0.0,15.231349
2038-01-19 00:00:00+00:00,0.0,17.10908
2038-01-20 00:00:00+00:00,0.0,15.817612
2038-01-21 00:00:00+00:00,0.0,17.057087
2038-01-22 00:00:00+00:00,0.0,15.769707
2038-01-23 00:00:00+00:00,0.0,15.74593
2038-01-24 00:00:00+00:00,0.0,12.577815
2038-01-25 00:00:00+00:00,0.0,11.30308
2038-01-26 00:00:00+00:00,0.0,13.794253
2038-01-27 00:00:00+00:00,0.0,15.651971
2038-01-28 00:00:00+00:00,0.0,15.62876
2038-01-29 00:00:00+00:00,0.0,13.732984
2038-01-30 00:00:00+00:00,0.0,14.336063
2038-01-31 00:00:00+00:00,0.0,14.315018
2038-02-01 00:00:00+00:00,0.0,15.537037
2038-02-02 00:00:00+00:00,0.0,14.893803
2038-02-03 00:00:00+00:00,0.0,14.872154
2038-02-04 00:00:00+00:00,0.0,18.56326
2038-02-05 00:00:00+00:00,0.0,17.918568
2038-02-06 00:00:00+00:00,0.0,18.50977
2038-02-07 00:00:00+00:00,0.0,19.09932
2038-02-08 00:00:00+00:00,0.0,22.148138
2038-02-09 00:00:00+00:00,0.0,29.488764
2038-02-10 00:00:00+00:00,0.0,31.287296
2038-02-11 00:00:00+00:00,0.0,24.504309
2038-02-12 00:00:00+00:00,0.0,18.964033
2038-02-13 00:00:00+00:00,0.0,19.548233
2038-02-14 00:00:00+00:00,0.0,17.690739
2038-02-15 00:00:00+00:00,0.0,17.056837
2038-02-16 00:00:00+00:00,0.0,15.816421
2038-02-17 00:00:00+00:00,0.0,15.186973
2038-02-18 00:00:00+00:00,0.0,15.165946
2038-02-19 00:00:00+00:00,0.0,15.750815
2038-02-20 00:00:00+00:00,0.0,15.124181
2038-02-21 00:00:00+00:00,0.0,15.707575
2038-02-22 00:00:00+00:00,0.0,14.479481
2038-02-23 00:00:00+00:00,0.0,15.664727
2038-02-24 00:00:00+00:00,0.0,15.643448
2038-02-25 00:00:00+00:00,0.0,13.21884
2038-02-26 00:00:00+00:00,0.0,15.001132
2038-02-27 00:00:00+00:00,0.0,11.385519
2038-02-28 00:00:00+00:00,0.0,11.370248
2038-03-01 00:00:00+00:00,0.10611081,14.343212
2038-03-02 00:00:00+00:00,0.3136068,13.130419
2038-03-03 00:00:00+00:00,0.0,13.708359
2038-03-04 00:00:00+00:00,0.0,19.039978
2038-03-05 00:00:00+00:00,0.0,21.977535
2038-03-06 00:00:00+00:00,0.0,19.56834
2038-03-07 00:00:00+00:00,0.0,16.57536
2038-03-08 00:00:00+00:00,0.0,17.729357
2038-03-09 00:00:00+00:00,0.0,16.519567
2038-03-10 00:00:00+00:00,0.0,14.135875
2038-03-11 00:00:00+00:00,0.0,13.524215
2038-03-12 00:00:00+00:00,0.0,15.262735
2038-03-13 00:00:00+00:00,0.0,14.651284
2038-03-14 00:00:00+00:00,0.0,14.041894
2038-03-15 00:00:00+00:00,0.0,14.602762
2038-03-16 00:00:00+00:00,0.0,13.995514
2038-03-17 00:00:00+00:00,0.0,13.972475
2038-03-18 00:00:00+00:00,0.0,18.018147
2038-03-19 00:00:00+00:00,0.18625265,19.729483
2038-03-20 00:00:00+00:00,0.0,17.379934
2038-03-21 00:00:00+00:00,0.05447973,20.821955
2038-03-22 00:00:00+00:00,0.0,15.01365
2038-03-23 00:00:00+00:00,0.0,16.142351
2038-03-24 00:00:00+00:00,0.0,12.087201
2038-03-25 00:00:00+00:00,0.0,13.791683
2038-03-26 00:00:00+00:00,0.0,20.08054
2038-03-27 00:00:00+00:00,0.0,18.90273
2038-03-28 00:00:00+00:00,0.0,19.444399
2038-03-29 00:00:00+00:00,0.0,19.413395
2038-03-30 00:00:00+00:00,0.0,18.812443
2038-03-31 00:00:00+00:00,0.0,11.383392
2038-04-01 00:00:00+00:00,0.0,14.206726
2038-04-02 00:00:00+00:00,0.0,16.453794
2038-04-03 00:00:00+00:00,0.0,16.994377
2038-04-04 00:00:00+00:00,0.0,13.574156
2038-04-05 00:00:00+00:00,0.0,12.4234915
2038-04-06 00:00:00+00:00,0.0,17.478489
2038-04-07 00:00:00+00:00,0.0,16.888317
2038-04-08 00:00:00+00:00,0.0,11.803452
2038-04-09 00:00:00+00:00,0.0,11.22396
2038-04-10 00:00:00+00:00,0.0,13.447931
2038-04-11 00:00:00+00:00,0.0,13.986664
2038-04-12 00:00:00+00:00,0.0,14.523759
2038-04-13 00:00:00+00:00,0.0,11.154983
2038-04-14 00:00:00+00:00,0.0,11.694812
2038-04-15 00:00:00+00:00,0.0,14.457189
2038-04-16 00:00:00+00:00,0.03194703,12.214384
2038-04-17 00:00:00+00:00,0.16027291,13.304549
2038-04-18 00:00:00+00:00,0.12863581,13.284397
2038-04-19 00:00:00+00:00,0.0,14.922369
2038-04-20 00:00:00+00:00,0.0,12.140642
2038-04-21 00:00:00+00:00,0.0,12.122393
2038-04-22 00:00:00+00:00,0.0,18.15632
2038-04-23 00:00:00+00:00,0.0,18.129166
2038-04-24 00:00:00+00:00,0.0,15.907923
2038-04-25 00:00:00+00:00,0.0,17.527445
2038-04-26 00:00:00+00:00,0.0,16.954504
2038-04-27 00:00:00+00:00,0.0,19.113834
2038-04-28 00:00:00+00:00,0.0,16.90439
2038-04-29 00:00:00+00:00,0.0,15.245985
2038-04-30 00:00:00+00:00,0.0,15.223575
2038-05-01 00:00:00+00:00,0.0,15.744158
2038-05-02 00:00:00+00:00,0.0,15.721129
2038-05-03 00:00:00+00:00,0.0,15.164286
2038-05-04 00:00:00+00:00,0.0,15.713675
2038-05-05 00:00:00+00:00,0.0,15.721497
2038-05-06 00:00:00+00:00,0.0,14.64455
2038-05-07 00:00:00+00:00,0.048380453,13.566536
2038-05-08 00:00:00+00:00,2.2686012,13.573315
2038-05-09 00:00:00+00:00,0.0,17.92574
2038-05-10 00:00:00+00:00,0.0,18.478197
2038-05-11 00:00:00+00:00,0.10985764,17.39997
2038-05-12 00:00:00+00:00,1.6820114,16.864687
2038-05-13 00:00:00+00:00,1.5980858,15.784579
2038-05-14 00:00:00+00:00,7.014672,15.247957
2038-05-15 00:00:00+00:00,0.23511174,16.345337
2038-05-16 00:00:00+00:00,0.11900892,20.714548
2038-05-17 00:00:00+00:00,0.0,15.816465
2038-05-18 00:00:00+00:00,0.0,16.370144
2038-05-19 00:00:00+00:00,0.0,15.286549
2038-05-20 00:00:00+00:00,0.0,20.75656
2038-05-21 00:00:00+00:00,0.0,25.685638
2038-05-22 00:00:00+00:00,0.0,22.418024
2038-05-23 00:00:00+00:00,0.75726795,16.411793
2038-05-24 00:00:00+00:00,0.063475244,12.041458
2038-05-25 00:00:00+00:00,0.12763937,22.452366
2038-05-26 00:00:00+00:00,0.0,21.368055
2038-05-27 00:00:00+00:00,0.0,25.216259
2038-05-28 00:00:00+00:00,0.0,28.519962
2038-05-29 00:00:00+00:00,0.0,24.693417
2038-05-30 00:00:00+00:00,0.0,20.862944
2038-05-31 00:00:00+00:00,0.0,23.62023
2038-06-01 00:00:00+00:00,0.0,21.983639
2038-06-02 00:00:00+00:00,0.0,20.895245
2038-06-03 00:00:00+00:00,0.06611258,20.906054
2038-06-04 00:00:00+00:00,0.0663027,23.669098
2038-06-05 00:00:00+00:00,0.0,15.420428
2038-06-06 00:00:00+00:00,0.0,15.979452
2038-06-07 00:00:00+00:00,0.0,16.539062
2038-06-08 00:00:00+00:00,0.0,17.099262
2038-06-09 00:00:00+00:00,0.0,16.004423
2038-06-10 00:00:00+00:00,0.0,18.773603
2038-06-11 00:00:00+00:00,0.0,18.783415
2038-06-12 00:00:00+00:00,0.0,15.476792
2038-06-13 00:00:00+00:00,0.0,12.719745
2038-06-14 00:00:00+00:00,0.0,19.36629
2038-06-15 00:00:00+00:00,0.0,23.251764
2038-06-16 00:00:00+00:00,0.0,24.925716
2038-06-17 00:00:00+00:00,0.0,19.951077
2038-06-18 00:00:00+00:00,0.0,19.961607
2038-06-19 00:00:00+00:00,0.0,18.30781
2038-06-20 00:00:00+00:00,0.0,14.987045
2038-06-21 00:00:00+00:00,0.0,23.325531
2038-06-22 00:00:00+00:00,0.48014534,21.11525
2038-06-23 00:00:00+00:00,0.0,12.787073
2038-06-24 00:00:00+00:00,0.0,21.137707
2038-06-25 00:00:00+00:00,0.20652337,20.592417
2038-06-26 00:00:00+00:00,0.2756748,22.27395
2038-06-27 00:00:00+00:00,0.0,24.514433
2038-06-28 00:00:00+00:00,0.0,20.067991
2038-06-29 00:00:00+00:00,10.02486,19.520998
2038-06-30 00:00:00+00:00,7.197348,18.415382
2038-07-01 00:00:00+00:00,4.225563,15.633567
2038-07-02 00:00:00+00:00,2.426753,8.938272
2038-07-03 00:00:00+00:00,6.5309687,12.309451
2038-07-04 00:00:00+00:00,3.9059474,11.788886
2038-07-05 00:00:00+00:00,0.0,9.01201
2038-07-06 00:00:00+00:00,0.0,18.08467
2038-07-07 00:00:00+00:00,0.0,16.444792
2038-07-08 00:00:00+00:00,0.0,14.793966
2038-07-09 00:00:00+00:00,0.0,14.844877
2038-07-10 00:00:00+00:00,0.0,13.750481
2038-07-11 00:00:00+00:00,0.14292079,12.648647
2038-07-12 00:00:00+00:00,1.290267,16.73192
2038-07-13 00:00:00+00:00,0.50328165,16.791285
2038-07-14 00:00:00+00:00,0.0,14.526997
2038-07-15 00:00:00+00:00,0.0,18.078382
2038-07-16 00:00:00+00:00,0.0,14.632281
2038-07-17 00:00:00+00:00,4.144596,14.098402
2038-07-18 00:00:00+00:00,0.21871372,15.919203
2038-07-19 00:00:00+00:00,0.14618538,21.896307
2038-07-20 00:00:00+00:00,0.0,15.444254
2038-07-21 00:00:00+00:00,0.0,16.098846
2038-07-22 00:00:00+00:00,0.0,16.160147
2038-07-23 00:00:00+00:00,8.340009,19.827103
2038-07-24 00:00:00+00:00,4.8823004,21.11012
2038-07-25 00:00:00+00:00,0.0,18.16498
2038-07-26 00:00:00+00:00,0.0743016,18.844305
2038-07-27 00:00:00+00:00,0.0,18.308743
2038-07-28 00:00:00+00:00,0.0,17.156488
2038-07-29 00:00:00+00:00,0.07476825,17.840858
2038-07-30 00:00:00+00:00,15.283205,14.824877
2038-07-31 00:00:00+00:00,0.1501284,9.303534
2038-08-01 00:00:00+00:00,0.0,13.701596
2038-08-02 00:00:00+00:00,0.0,15.634916
2038-08-03 00:00:00+00:00,0.0,13.816583
2038-08-04 00:00:00+00:00,0.4537368,13.244492
2038-08-05 00:00:00+00:00,8.030132,12.034374
2038-08-06 00:00:00+00:00,0.07588669,10.177939
2038-08-07 00:00:00+00:00,0.0,12.777802
2038-08-08 00:00:00+00:00,0.0,16.68408
2038-08-09 00:00:00+00:00,0.0,14.824374
2038-08-10 00:00:00+00:00,0.07638635,16.832878
2038-08-11 00:00:00+00:00,7.57407,11.706077
2038-08-12 00:00:00+00:00,12.259697,13.719222
2038-08-13 00:00:00+00:00,0.07673841,17.719973
2038-08-14 00:00:00+00:00,0.0,15.164713
2038-08-15 00:00:00+00:00,2.2319317,13.248348
2038-08-16 00:00:00+00:00,7.2448316,8.65205
2038-08-17 00:00:00+00:00,2.3925917,13.374222
2038-08-18 00:00:00+00:00,0.23185888,17.470034
2038-08-19 00:00:00+00:00,9.596417,11.478118
2038-08-20 00:00:00+00:00,0.30997178,13.569779
2038-08-21 00:00:00+00:00,2.9485629,12.273159
2038-08-22 00:00:00+00:00,13.751655,9.593417
2038-08-23 00:00:00+00:00,21.781364,11.707825
2038-08-24 00:00:00+00:00,0.07788666,11.767365
2038-08-25 00:00:00+00:00,1.4816437,9.04478
2038-08-26 00:00:00+00:00,1.093041,10.4903965
2038-08-27 00:00:00+00:00,11.099576,11.248344
2038-08-28 00:00:00+00:00,0.0782563,9.187604
2038-08-29 00:00:00+00:00,26.32398,9.947181
2038-08-30 00:00:00+00:00,1.9608182,9.286488
2038-08-31 00:00:00+00:00,0.15703796,12.928266
2038-09-01 00:00:00+00:00,0.078603946,10.110653
2038-09-02 00:00:00+00:00,4.7184815,18.114141
2038-09-03 00:00:00+00:00,0.0,15.957065
2038-09-04 00:00:00+00:00,0.15724467,13.06943
2038-09-05 00:00:00+00:00,0.0,10.175771
2038-09-06 00:00:00+00:00,0.0,9.45887
2038-09-07 00:00:00+00:00,0.23577525,14.567457
2038-09-08 00:00:00+00:00,0.07858097,23.332594
2038-09-09 00:00:00+00:00,0.15713972,20.437685
2038-09-10 00:00:00+00:00,0.0,12.421804
2038-09-11 00:00:00+00:00,3.6131456,10.240642
2038-09-12 00:00:00+00:00,25.759314,8.787093
2038-09-13 00:00:00+00:00,4.2401867,6.5973983
2038-09-14 00:00:00+00:00,7.615378,16.87818
2038-09-15 00:00:00+00:00,0.86345285,12.488659
2038-09-16 00:00:00+00:00,1.0202651,13.973042
2038-09-17 00:00:00+00:00,3.6879814,11.779563
2038-09-18 00:00:00+00:00,0.23535891,11.792408
2038-09-19 00:00:00+00:00,6.431895,10.329643
2038-09-20 00:00:00+00:00,8.31273,8.863694
2038-09-21 00:00:00+00:00,3.3714433,6.655086
2038-09-22 00:00:00+00:00,2.9003832,14.065135
2038-09-23 00:00:00+00:00,0.0,15.56289
2038-09-24 00:00:00+00:00,2.9774127,16.322086
2038-09-25 00:00:00+00:00,1.9583511,8.912875
2038-09-26 00:00:00+00:00,7.988069,6.6921263
2038-09-27 00:00:00+00:00,4.854225,8.9328375
2038-09-28 00:00:00+00:00,12.836719,10.43336
2038-09-29 00:00:00+00:00,0.23475155,14.921612
2038-09-30 00:00:00+00:00,0.07822741,11.950797
2038-10-01 00:00:00+00:00,3.9101646,13.459904
2038-10-02 00:00:00+00:00,0.54724663,12.726605
2038-10-03 00:00:00+00:00,0.0,11.242182
2038-10-04 00:00:00+00:00,0.2343726,9.754386
2038-10-05 00:00:00+00:00,0.0,10.516794
2038-10-06 00:00:00+00:00,0.0,9.024788
2038-10-07 00:00:00+00:00,1.014432,11.294031
2038-10-08 00:00:00+00:00,1.1699969,10.553323
2038-10-09 00:00:00+00:00,1.8711501,17.357779
2038-10-10 00:00:00+00:00,0.46756497,12.844641
2038-10-11 00:00:00+00:00,0.0,14.372586
2038-10-12 00:00:00+00:00,1.2455505,14.389472
2038-10-13 00:00:00+00:00,3.1121218,11.373498
2038-10-14 00:00:00+00:00,7.386871,8.350427
2038-10-15 00:00:00+00:00,2.40892,9.120361
2038-10-16 00:00:00+00:00,0.15530898,7.6093435
2038-10-17 00:00:00+00:00,4.7334995,13.713168
2038-10-18 00:00:00+00:00,0.85292166,10.67857
2038-10-19 00:00:00+00:00,0.0,12.982413
2038-10-20 00:00:00+00:00,0.23221481,13.762651
2038-10-21 00:00:00+00:00,0.23199153,10.717226
2038-10-22 00:00:00+00:00,0.23175041,9.197338
2038-10-23 00:00:00+00:00,0.0,11.510664
2038-10-24 00:00:00+00:00,0.0,10.756402
2038-10-25 00:00:00+00:00,0.0,10.769578
2038-10-26 00:00:00+00:00,0.0,10.782812
2038-10-27 00:00:00+00:00,0.0,9.253805
2038-10-28 00:00:00+00:00,0.0,10.80946
2038-10-29 00:00:00+00:00,0.0,14.688185
2038-10-30 00:00:00+00:00,0.0,15.480496
2038-10-31 00:00:00+00:00,2.0539684,14.724841
2038-11-01 00:00:00+00:00,5.15811,11.639444
2038-11-02 00:00:00+00:00,3.4067464,7.746031
2038-11-03 00:00:00+00:00,5.519386,11.578029
2038-11-04 00:00:00+00:00,0.075507656,13.844979
2038-11-05 00:00:00+00:00,0.0,8.431428
2038-11-06 00:00:00+00:00,0.0,13.7493305
2038-11-07 00:00:00+00:00,0.0,15.986035
2038-11-08 00:00:00+00:00,0.0,10.6212015
2038-11-09 00:00:00+00:00,0.0,11.341554
2038-11-10 00:00:00+00:00,0.0,10.550095
2038-11-11 00:00:00+00:00,0.0,12.017293
2038-11-12 00:00:00+00:00,0.0,14.972218
2038-11-13 00:00:00+00:00,0.0,16.415697
2038-11-14 00:00:00+00:00,0.0,12.643779
2038-11-15 00:00:00+00:00,0.0,11.12042
2038-11-16 00:00:00+00:00,0.0,11.084953
2038-11-17 00:00:00+00:00,0.0,13.996493
2038-11-18 00:00:00+00:00,0.0,13.218178
2038-11-19 00:00:00+00:00,0.0,14.6410675
2038-11-20 00:00:00+00:00,0.0,12.406391
2038-11-21 00:00:00+00:00,0.0,10.18564
2038-11-22 00:00:00+00:00,0.0,10.154579
2038-11-23 00:00:00+00:00,0.0,13.739497
2038-11-24 00:00:00+00:00,0.0,14.419169
2038-11-25 00:00:00+00:00,0.0,12.219732
2038-11-26 00:00:00+00:00,0.0,12.900222
2038-11-27 00:00:00+00:00,0.0,14.291437
2038-11-28 00:00:00+00:00,0.0,17.099665
2038-11-29 00:00:00+00:00,0.0,16.339685
2038-11-30 00:00:00+00:00,0.0,14.167537
2038-12-01 00:00:00+00:00,0.0,15.539766
2038-12-02 00:00:00+00:00,0.0,17.60873
2038-12-03 00:00:00+00:00,0.0,21.070953
2038-12-04 00:00:00+00:00,0.0,18.910812
2038-12-05 00:00:00+00:00,0.0,18.858284
2038-12-06 00:00:00+00:00,0.0,14.627097
2038-12-07 00:00:00+00:00,0.0,19.449375
2038-12-08 00:00:00+00:00,0.0,18.011003
2038-12-09 00:00:00+00:00,0.0,15.889767
2038-12-10 00:00:00+00:00,0.0,15.158127
2038-12-11 00:00:00+00:00,0.0,13.743392
2038-12-12 00:00:00+00:00,0.0,13.707016
2038-12-13 00:00:00+00:00,0.0,11.620336
2038-12-14 00:00:00+00:00,0.0,10.226465
2038-12-15 00:00:00+00:00,0.0,10.199941
2038-12-16 00:00:00+00:00,0.0,10.173662
2038-12-17 00:00:00+00:00,0.0,10.824135
2038-12-18 00:00:00+00:00,0.0,16.194927
2038-12-19 00:00:00+00:00,0.0,14.134775
2038-12-20 00:00:00+00:00,0.0,16.113504
2038-12-21 00:00:00+00:00,0.0,18.082514
2038-12-22 00:00:00+00:00,0.0,16.033548
2038-12-23 00:00:00+00:00,0.0,14.661266
2038-12-24 00:00:00+00:00,0.0,13.29585
2038-12-25 00:00:00+00:00,0.0,12.600387
2038-12-26 00:00:00+00:00,0.0,13.231569
2038-12-27 00:00:00+00:00,0.0,13.859844
2038-12-28 00:00:00+00:00,0.0,14.485255
2038-12-29 00:00:00+00:00,0.0,13.794113
2038-12-30 00:00:00+00:00,0.0,13.106358
2038-12-31 00:00:00+00:00,0.0,11.768161
2039-01-01 00:00:00+00:00,0.0,11.740835
2039-01-02 00:00:00+00:00,0.0,16.27746
2039-01-03 00:00:00+00:00,0.0,14.9510565
2039-01-04 00:00:00+00:00,0.0,11.68198
2039-01-05 00:00:00+00:00,0.0,11.015274
2039-01-06 00:00:00+00:00,0.0,11.644575
2039-01-07 00:00:00+00:00,0.0,11.626014
2039-01-08 00:00:00+00:00,0.0,12.25241
2039-01-09 00:00:00+00:00,0.0,13.520702
2039-01-10 00:00:00+00:00,0.0,15.427856
2039-01-11 00:00:00+00:00,0.0,12.194518
2039-01-12 00:00:00+00:00,0.0,10.893794
2039-01-13 00:00:00+00:00,0.0,12.796219
2039-01-14 00:00:00+00:00,0.0,12.77631
2039-01-15 00:00:00+00:00,0.0,12.118674
2039-01-16 00:00:00+00:00,0.13001215,12.736786
2039-01-17 00:00:00+00:00,0.1293291,18.4399
2039-01-18 00:00:00+00:00,0.051454958,15.8720665
2039-01-19 00:00:00+00:00,0.025587363,18.383436
2039-01-20 00:00:00+00:00,0.0,15.190687
2039-01-21 00:00:00+00:00,0.0,17.06356
2039-01-22 00:00:00+00:00,0.0,16.406694
2039-01-23 00:00:00+00:00,0.0,10.081192
2039-01-24 00:00:00+00:00,0.0,12.582538
2039-01-25 00:00:00+00:00,0.0,11.307309
2039-01-26 00:00:00+00:00,0.0,14.426645
2039-01-27 00:00:00+00:00,0.0,13.778854
2039-01-28 00:00:00+00:00,0.0,13.758405
2039-01-29 00:00:00+00:00,0.0,11.24023
2039-01-30 00:00:00+00:00,0.0,11.847195
2039-01-31 00:00:00+00:00,0.0,12.452408
2039-02-01 00:00:00+00:00,0.0,12.434173
2039-02-02 00:00:00+00:00,0.0,9.932818
2039-02-03 00:00:00+00:00,0.0,28.515312
2039-02-04 00:00:00+00:00,0.023073878,17.331978
2039-02-05 00:00:00+00:00,0.0,16.688826
2039-02-06 00:00:00+00:00,0.0,15.430356
2039-02-07 00:00:00+00:00,0.0,13.5592165
2039-02-08 00:00:00+00:00,0.0,11.693473
2039-02-09 00:00:00+00:00,0.0,12.905928
2039-02-10 00:00:00+00:00,0.0,17.183437
2039-02-11 00:00:00+00:00,0.0,21.448854
2039-02-12 00:00:00+00:00,0.0,15.298969
2039-02-13 00:00:00+00:00,0.0,14.66633
2039-02-14 00:00:00+00:00,0.0,12.204785
2039-02-15 00:00:00+00:00,0.0,12.797096
2039-02-16 00:00:00+00:00,0.0,12.170715
2039-02-17 00:00:00+00:00,0.0,14.584557
2039-02-18 00:00:00+00:00,0.0,13.957497
2039-02-19 00:00:00+00:00,0.0,12.120191
2039-02-20 00:00:00+00:00,0.0,12.708676
2039-02-21 00:00:00+00:00,0.0,24.173782
2039-02-22 00:00:00+00:00,0.0,17.502014
2039-02-23 00:00:00+00:00,0.038455814,19.28623
2039-02-24 00:00:00+00:00,0.0,21.667513
2039-02-25 00:00:00+00:00,0.0,16.228613
2039-02-26 00:00:00+00:00,0.0,14.405944
2039-02-27 00:00:00+00:00,0.0,13.787105
2039-02-28 00:00:00+00:00,0.03601391,15.564501
2039-03-01 00:00:00+00:00,0.0,23.315512
2039-03-02 00:00:00+00:00,0.17488664,16.119972
2039-03-03 00:00:00+00:00,0.0,13.117325
2039-03-04 00:00:00+00:00,0.0,16.071829
2039-03-05 00:00:00+00:00,0.0,17.232962
2039-03-06 00:00:00+00:00,0.0,17.203714
2039-03-07 00:00:00+00:00,0.0,13.62123
2039-03-08 00:00:00+00:00,0.0,14.780695
2039-03-09 00:00:00+00:00,0.0,14.165584
2039-03-10 00:00:00+00:00,0.0,17.088013
2039-03-11 00:00:00+00:00,0.0,19.412426
2039-03-12 00:00:00+00:00,0.0,17.030924
2039-03-13 00:00:00+00:00,0.0,19.347744
2039-03-14 00:00:00+00:00,0.0,18.730293
2039-03-15 00:00:00+00:00,0.0,16.36186
2039-03-16 00:00:00+00:00,0.0,13.417902
2039-03-17 00:00:00+00:00,0.0,15.725504
2039-03-18 00:00:00+00:00,0.0,15.1181965
2039-03-19 00:00:00+00:00,0.0,13.351875
2039-03-20 00:00:00+00:00,0.0,14.489193
2039-03-21 00:00:00+00:00,0.0,15.622823
2039-03-22 00:00:00+00:00,0.0,12.131333
2039-03-23 00:00:00+00:00,0.0,12.111667
2039-03-24 00:00:00+00:00,0.0,14.395338
2039-03-25 00:00:00+00:00,0.0,13.79724
2039-03-26 00:00:00+00:00,0.0,17.218807
2039-03-27 00:00:00+00:00,0.0,14.899028
2039-03-28 00:00:00+00:00,0.0,15.447314
2039-03-29 00:00:00+00:00,0.0,15.422664
2039-03-30 00:00:00+00:00,0.0,14.827818
2039-03-31 00:00:00+00:00,0.0,11.387908
2039-04-01 00:00:00+00:00,0.0,11.369877
2039-04-02 00:00:00+00:00,0.0,11.351921
2039-04-03 00:00:00+00:00,0.0,12.467447
2039-04-04 00:00:00+00:00,0.0,14.145296
2039-04-05 00:00:00+00:00,0.0,12.993281
2039-04-06 00:00:00+00:00,0.0,11.844888
2039-04-07 00:00:00+00:00,0.0,13.515914
2039-04-08 00:00:00+00:00,0.0,14.057188
2039-04-09 00:00:00+00:00,0.0,13.473971
2039-04-10 00:00:00+00:00,0.0,13.453129
2039-04-11 00:00:00+00:00,0.0,16.790466
2039-04-12 00:00:00+00:00,0.0,13.411701
2039-04-13 00:00:00+00:00,0.0,18.970747
2039-04-14 00:00:00+00:00,0.0,16.156155
2039-04-15 00:00:00+00:00,0.0,15.575223
2039-04-16 00:00:00+00:00,0.0,14.440673
2039-04-17 00:00:00+00:00,0.0,13.309599
2039-04-18 00:00:00+00:00,0.0,11.628248
2039-04-19 00:00:00+00:00,0.0,16.033783
2039-04-20 00:00:00+00:00,0.0,19.321934
2039-04-21 00:00:00+00:00,0.0,14.883072
2039-04-22 00:00:00+00:00,0.0,17.062334
2039-04-23 00:00:00+00:00,0.0,15.937648
2039-04-24 00:00:00+00:00,0.0,14.267593
2039-04-25 00:00:00+00:00,0.0,12.054602
2039-04-26 00:00:00+00:00,0.0,11.489571
2039-04-27 00:00:00+00:00,0.0,14.204106
2039-04-28 00:00:00+00:00,0.0,11.45559
2039-04-29 00:00:00+00:00,0.0,11.4387
2039-04-30 00:00:00+00:00,0.0,16.860867
2039-05-01 00:00:00+00:00,0.0,15.206825
2039-05-02 00:00:00+00:00,0.0,16.269184
2039-05-03 00:00:00+00:00,0.0,17.328463
2039-05-04 00:00:00+00:00,0.0,15.711722
2039-05-05 00:00:00+00:00,0.08436629,16.261593
2039-05-06 00:00:00+00:00,1.3582933,14.100402
2039-05-07 00:00:00+00:00,1.7691655,18.448185
2039-05-08 00:00:00+00:00,0.0,14.65735
2039-05-09 00:00:00+00:00,0.0,14.121542
2039-05-10 00:00:00+00:00,0.0,13.0418005
2039-05-11 00:00:00+00:00,0.0,15.766746
2039-05-12 00:00:00+00:00,0.0,20.670248
2039-05-13 00:00:00+00:00,0.0,20.680637
2039-05-14 00:00:00+00:00,0.0,20.146551
2039-05-15 00:00:00+00:00,0.0,16.88805
2039-05-16 00:00:00+00:00,0.0,14.171321
2039-05-17 00:00:00+00:00,0.0,11.451854
2039-05-18 00:00:00+00:00,0.0,10.912048
2039-05-19 00:00:00+00:00,0.0,11.463456
2039-05-20 00:00:00+00:00,0.0,10.923119
2039-05-21 00:00:00+00:00,0.0,17.48587
2039-05-22 00:00:00+00:00,0.0,11.480939
2039-05-23 00:00:00+00:00,0.0,16.95669
2039-05-24 00:00:00+00:00,0.0,18.05988
2039-05-25 00:00:00+00:00,0.0,13.688716
2039-05-26 00:00:00+00:00,0.0,14.243547
2039-05-27 00:00:00+00:00,0.06436927,23.020592
2039-05-28 00:00:00+00:00,0.0,21.93562
2039-05-29 00:00:00+00:00,0.06492633,29.628292
2039-05-30 00:00:00+00:00,0.13036077,25.251898
2039-05-31 00:00:00+00:00,3.00932,18.124819
2039-06-01 00:00:00+00:00,2.88844,13.738005
2039-06-02 00:00:00+00:00,2.7002819,15.944312
2039-06-03 00:00:00+00:00,3.6334918,12.101939
2039-06-04 00:00:00+00:00,6.824375,14.309695
2039-06-05 00:00:00+00:00,0.19931717,13.215798
2039-06-06 00:00:00+00:00,0.13322632,16.52832
2039-06-07 00:00:00+00:00,0.0,15.434452
2039-06-08 00:00:00+00:00,0.0,15.442484
2039-06-09 00:00:00+00:00,0.0,17.105946
2039-06-10 00:00:00+00:00,0.40339473,16.010689
2039-06-11 00:00:00+00:00,1.5495216,14.914292
2039-06-12 00:00:00+00:00,2.2275894,14.922095
2039-06-13 00:00:00+00:00,10.076783,14.929916
2039-06-14 00:00:00+00:00,9.82389,13.831249
2039-06-15 00:00:00+00:00,0.40720606,12.731436
2039-06-16 00:00:00+00:00,3.8068697,21.04561
2039-06-17 00:00:00+00:00,0.0,15.515462
2039-06-18 00:00:00+00:00,0.0,21.622225
2039-06-19 00:00:00+00:00,0.0,22.74306
2039-06-20 00:00:00+00:00,0.2735509,19.980082
2039-06-21 00:00:00+00:00,0.890248,17.214182
2039-06-22 00:00:00+00:00,0.34285134,17.778904
2039-06-23 00:00:00+00:00,1.235823,20.567776
2039-06-24 00:00:00+00:00,0.06874048,22.247257
2039-06-25 00:00:00+00:00,0.34410667,17.807285
2039-06-26 00:00:00+00:00,0.0,25.611626
2039-06-27 00:00:00+00:00,0.0,23.397013
2039-06-28 00:00:00+00:00,0.069048546,22.294785
2039-06-29 00:00:00+00:00,0.0,25.65273
2039-06-30 00:00:00+00:00,5.6734476,25.108519
2039-07-01 00:00:00+00:00,6.9947696,13.398402
2039-07-02 00:00:00+00:00,0.0,8.378502
2039-07-03 00:00:00+00:00,0.27763838,16.771795
2039-07-04 00:00:00+00:00,0.0,18.510027
2039-07-05 00:00:00+00:00,0.069947414,15.757836
2039-07-06 00:00:00+00:00,0.070205905,13.552086
2039-07-07 00:00:00+00:00,0.0,14.731102
2039-07-08 00:00:00+00:00,0.0,15.349838
2039-07-09 00:00:00+00:00,3.5471406,19.966284
2039-07-10 00:00:00+00:00,0.07117638,15.455872
2039-07-11 00:00:00+00:00,0.07140429,13.786464
2039-07-12 00:00:00+00:00,3.4380832,23.058184
2039-07-13 00:00:00+00:00,2.8737557,12.726909
2039-07-14 00:00:00+00:00,0.14411198,12.7723255
2039-07-15 00:00:00+00:00,0.0,16.314144
2039-07-16 00:00:00+00:00,6.59437,18.127548
2039-07-17 00:00:00+00:00,16.494604,11.73791
2039-07-18 00:00:00+00:00,13.187098,9.424896
2039-07-19 00:00:00+00:00,0.0,15.372283
2039-07-20 00:00:00+00:00,0.073231064,14.24287
2039-07-21 00:00:00+00:00,0.0,12.509492
2039-07-22 00:00:00+00:00,0.07358922,11.361124
2039-07-23 00:00:00+00:00,2.802979,19.808065
2039-07-24 00:00:00+00:00,0.36966184,16.871748
2039-07-25 00:00:00+00:00,0.0,18.75216
2039-07-26 00:00:00+00:00,2.8961952,20.040333
2039-07-27 00:00:00+00:00,16.298182,11.584036
2039-07-28 00:00:00+00:00,0.074577235,11.630259
2039-07-29 00:00:00+00:00,1.3451476,19.666613
2039-07-30 00:00:00+00:00,0.22464179,11.724424
2039-07-31 00:00:00+00:00,0.07502783,14.870388
2039-08-01 00:00:00+00:00,3.1572335,14.931738
2039-08-02 00:00:00+00:00,0.3012554,10.620654
2039-08-03 00:00:00+00:00,0.0,13.802051
2039-08-04 00:00:00+00:00,0.07558912,14.490482
2039-08-05 00:00:00+00:00,0.0,12.021498
2039-08-06 00:00:00+00:00,2.5031896,20.333906
2039-08-07 00:00:00+00:00,0.0,15.316669
2039-08-08 00:00:00+00:00,2.6638408,16.024765
2039-08-09 00:00:00+00:00,2.7444258,19.95854
2039-08-10 00:00:00+00:00,0.30542463,12.933894
2039-08-11 00:00:00+00:00,0.07647611,13.641686
2039-08-12 00:00:00+00:00,4.0594797,15.661271
2039-08-13 00:00:00+00:00,2.8382616,13.7663765
2039-08-14 00:00:00+00:00,8.296948,10.537144
2039-08-15 00:00:00+00:00,13.694515,15.879431
2039-08-16 00:00:00+00:00,0.0,14.624657
2039-08-17 00:00:00+00:00,0.0,13.3582945
2039-08-18 00:00:00+00:00,0.0,21.475735
2039-08-19 00:00:00+00:00,0.07736459,21.579659
2039-08-20 00:00:00+00:00,0.077467486,12.8755045
2039-08-21 00:00:00+00:00,36.69,17.705982
2039-08-22 00:00:00+00:00,64.2317,14.372168
2039-08-23 00:00:00+00:00,3.9660828,8.941762
2039-08-24 00:00:00+00:00,2.9587858,8.987128
2039-08-25 00:00:00+00:00,2.338732,13.897176
2039-08-26 00:00:00+00:00,0.31220484,12.572151
2039-08-27 00:00:00+00:00,0.7032891,11.935718
2039-08-28 00:00:00+00:00,0.07823385,11.9986725
2039-08-29 00:00:00+00:00,6.8924313,11.353024
2039-08-30 00:00:00+00:00,0.0,12.127489
2039-08-31 00:00:00+00:00,0.0,16.496943
2039-09-01 00:00:00+00:00,0.471497,13.702718
2039-09-02 00:00:00+00:00,0.39321834,15.936302
2039-09-03 00:00:00+00:00,1.1008806,16.678036
2039-09-04 00:00:00+00:00,3.30224,13.791901
2039-09-05 00:00:00+00:00,2.2798326,10.173102
2039-09-06 00:00:00+00:00,14.541888,10.911209
2039-09-07 00:00:00+00:00,21.692053,12.379071
2039-09-08 00:00:00+00:00,0.7072531,13.850061
2039-09-09 00:00:00+00:00,0.07857267,10.945855
2039-09-10 00:00:00+00:00,0.0,8.765997
2039-09-11 00:00:00+00:00,0.3141985,10.237908
2039-09-12 00:00:00+00:00,5.026405,15.373292
2039-09-13 00:00:00+00:00,37.14239,14.656946
2039-09-14 00:00:00+00:00,0.0,11.004543
2039-09-15 00:00:00+00:00,1.0989872,13.21971
2039-09-16 00:00:00+00:00,0.0,9.55791
2039-09-17 00:00:00+00:00,1.1770694,11.7763605
2039-09-18 00:00:00+00:00,9.100978,11.052367
2039-09-19 00:00:00+00:00,2.9807806,9.589187
2039-09-20 00:00:00+00:00,8.1563015,9.5997
2039-09-21 00:00:00+00:00,0.0,13.306509
2039-09-22 00:00:00+00:00,0.0,11.100989
2039-09-23 00:00:00+00:00,10.894213,8.149731
2039-09-24 00:00:00+00:00,9.011123,6.6753626
2039-09-25 00:00:00+00:00,17.547901,8.167858
2039-09-26 00:00:00+00:00,8.223535,11.150426
2039-09-27 00:00:00+00:00,6.42053,8.930333
2039-09-28 00:00:00+00:00,0.0,11.175457
2039-09-29 00:00:00+00:00,0.0,11.188053
2039-09-30 00:00:00+00:00,0.07823327,9.7072735
2039-10-01 00:00:00+00:00,0.0,12.708524
2039-10-02 00:00:00+00:00,0.7036604,13.471391
2039-10-03 00:00:00+00:00,4.142399,11.23897
2039-10-04 00:00:00+00:00,0.23439364,10.501713
2039-10-05 00:00:00+00:00,0.0,11.264755
2039-10-06 00:00:00+00:00,0.46843648,11.277732
2039-10-07 00:00:00+00:00,0.7023719,17.312504
2039-10-08 00:00:00+00:00,3.1203325,14.31821
2039-10-09 00:00:00+00:00,0.31189427,12.071461
2039-10-10 00:00:00+00:00,0.0,9.819504
2039-10-11 00:00:00+00:00,0.0,12.099685
2039-10-12 00:00:00+00:00,3.114299,12.871008
2039-10-13 00:00:00+00:00,3.5016413,7.5800967
2039-10-14 00:00:00+00:00,0.15553688,12.901388
2039-10-15 00:00:00+00:00,0.0,10.637264
2039-10-16 00:00:00+00:00,0.23300384,12.9320345
2039-10-17 00:00:00+00:00,0.9313528,10.662613
2039-10-18 00:00:00+00:00,1.6286279,9.150319
2039-10-19 00:00:00+00:00,0.0,7.634419
2039-10-20 00:00:00+00:00,0.0,9.936697
2039-10-21 00:00:00+00:00,0.0,13.775124
2039-10-22 00:00:00+00:00,0.0,8.428335
2039-10-23 00:00:00+00:00,0.0,10.740016
2039-10-24 00:00:00+00:00,0.0,9.216958
2039-10-25 00:00:00+00:00,0.0,9.228239
2039-10-26 00:00:00+00:00,0.0,8.469606
2039-10-27 00:00:00+00:00,0.0,10.021863
2039-10-28 00:00:00+00:00,0.0,8.49052
2039-10-29 00:00:00+00:00,0.0,11.592337
2039-10-30 00:00:00+00:00,0.0,10.059189
2039-10-31 00:00:00+00:00,0.0,8.522245
2039-11-01 00:00:00+00:00,0.0,10.860076
2039-11-02 00:00:00+00:00,0.0,10.854082
2039-11-03 00:00:00+00:00,0.0,10.815689
2039-11-04 00:00:00+00:00,0.0,16.166605
2039-11-05 00:00:00+00:00,0.0,10.740219
2039-11-06 00:00:00+00:00,0.0,10.70313
2039-11-07 00:00:00+00:00,0.0,9.14268
2039-11-08 00:00:00+00:00,0.0,12.148803
2039-11-09 00:00:00+00:00,0.0,9.080872
2039-11-10 00:00:00+00:00,0.0,11.313104
2039-11-11 00:00:00+00:00,0.0,10.523836
2039-11-12 00:00:00+00:00,0.0,8.241485
2039-11-13 00:00:00+00:00,0.0,10.454866
2039-11-14 00:00:00+00:00,0.0,8.187887
2039-11-15 00:00:00+00:00,0.0,11.129349
2039-11-16 00:00:00+00:00,0.0,10.354198
2039-11-17 00:00:00+00:00,0.0,10.32136
2039-11-18 00:00:00+00:00,0.0,9.553954
2039-11-19 00:00:00+00:00,0.0,12.454601
2039-11-20 00:00:00+00:00,0.0,11.68563
2039-11-21 00:00:00+00:00,0.0,14.56208
2039-11-22 00:00:00+00:00,0.0,13.065832
2039-11-23 00:00:00+00:00,0.0,10.131495
2039-11-24 00:00:00+00:00,0.0,13.708491
2039-11-25 00:00:00+00:00,0.36217687,12.94818
2039-11-26 00:00:00+00:00,0.0,14.344182
2039-11-27 00:00:00+00:00,0.0,11.4415455
2039-11-28 00:00:00+00:00,0.0717446,12.834098
2039-11-29 00:00:00+00:00,0.0,13.5077715
2039-11-30 00:00:00+00:00,0.0,9.924404
2039-12-01 00:00:00+00:00,0.14189932,12.723427
2039-12-02 00:00:00+00:00,0.0,15.506661
2039-12-03 00:00:00+00:00,0.0,14.057187
2039-12-04 00:00:00+00:00,0.0,11.214237
2039-12-05 00:00:00+00:00,0.0,10.484093
2039-12-06 00:00:00+00:00,0.0,8.3640995
2039-12-07 00:00:00+00:00,0.0,11.121533
2039-12-08 00:00:00+00:00,0.0,11.091226
2039-12-09 00:00:00+00:00,0.0,12.44386
2039-12-10 00:00:00+00:00,0.0,13.099883
2039-12-11 00:00:00+00:00,0.0,17.190674
2039-12-12 00:00:00+00:00,0.0,21.259922
2039-12-13 00:00:00+00:00,0.0,21.887936
2039-12-14 00:00:00+00:00,0.0,19.784061
2039-12-15 00:00:00+00:00,0.0,16.330477
2039-12-16 00:00:00+00:00,0.0,20.360416
2039-12-17 00:00:00+00:00,0.0,15.569638
2039-12-18 00:00:00+00:00,0.0,12.829125
2039-12-19 00:00:00+00:00,0.0,13.470183
2039-12-20 00:00:00+00:00,0.0,14.779968
2039-12-21 00:00:00+00:00,0.0,14.072932
2039-12-22 00:00:00+00:00,0.0,12.701074
2039-12-23 00:00:00+00:00,0.0,14.670274
2039-12-24 00:00:00+00:00,0.0,17.295156
2039-12-25 00:00:00+00:00,0.0,17.916674
2039-12-26 00:00:00+00:00,0.0,16.549425
2039-12-27 00:00:00+00:00,1.9329925,16.509691
2039-12-28 00:00:00+00:00,0.5170441,14.493873
2039-12-29 00:00:00+00:00,0.0,11.830513
2039-12-30 00:00:00+00:00,0.0,10.491245
2039-12-31 00:00:00+00:00,0.0,11.775029
2040-01-01 00:00:00+00:00,0.0,15.010878
2040-01-02 00:00:00+00:00,0.0,14.329969
2040-01-03 00:00:00+00:00,0.0,16.257711
2040-01-04 00:00:00+00:00,0.0,14.932984
2040-01-05 00:00:00+00:00,0.0,15.557212
2040-01-06 00:00:00+00:00,0.0,14.885127
2040-01-07 00:00:00+00:00,0.02718921,14.215234
2040-01-08 00:00:00+00:00,0.0,12.902395
2040-01-09 00:00:00+00:00,0.0,14.17015
2040-01-10 00:00:00+00:00,0.0,17.36318
2040-01-11 00:00:00+00:00,0.0,15.409657
2040-01-12 00:00:00+00:00,1.0891393,17.949741
2040-01-13 00:00:00+00:00,0.026434798,17.921694
2040-01-14 00:00:00+00:00,0.0,14.698469
2040-01-15 00:00:00+00:00,0.0,15.313731
2040-01-16 00:00:00+00:00,0.0,15.290049
2040-01-17 00:00:00+00:00,0.0,19.083101
2040-01-18 00:00:00+00:00,0.33490893,17.148409
2040-01-19 00:00:00+00:00,0.0,12.048923
2040-01-20 00:00:00+00:00,0.0,14.563288
2040-01-21 00:00:00+00:00,0.0,15.805591
2040-01-22 00:00:00+00:00,0.0,15.781638
2040-01-23 00:00:00+00:00,0.0,17.018427
2040-01-24 00:00:00+00:00,0.0,18.25154
2040-01-25 00:00:00+00:00,0.0,18.224157
2040-01-26 00:00:00+00:00,0.0,20.079348
2040-01-27 00:00:00+00:00,0.0,22.555603
2040-01-28 00:00:00+00:00,0.0,20.645262
2040-01-29 00:00:00+00:00,0.0,14.367823
2040-01-30 00:00:00+00:00,0.0,13.722858
2040-01-31 00:00:00+00:00,0.0,17.439775
2040-02-01 00:00:00+00:00,0.0,18.036152
2040-02-02 00:00:00+00:00,0.32845998,16.146717
2040-02-03 00:00:00+00:00,0.09316283,13.0225935
2040-02-04 00:00:00+00:00,0.0,13.003694
2040-02-05 00:00:00+00:00,0.0,12.366558
2040-02-06 00:00:00+00:00,0.0,12.348728
2040-02-07 00:00:00+00:00,0.0,11.714435
2040-02-08 00:00:00+00:00,0.0,12.928988
2040-02-09 00:00:00+00:00,0.0,11.680956
2040-02-10 00:00:00+00:00,0.11012291,12.278246
2040-02-11 00:00:00+00:00,0.087331496,13.486914
2040-02-12 00:00:00+00:00,0.5193185,14.08002
2040-02-13 00:00:00+00:00,0.08576284,13.448868
2040-02-14 00:00:00+00:00,0.0,12.819521
2040-02-15 00:00:00+00:00,0.0,12.191974
2040-02-16 00:00:00+00:00,0.0,15.827443
2040-02-17 00:00:00+00:00,0.26805338,15.197523
2040-02-18 00:00:00+00:00,0.14284252,15.176448
2040-02-19 00:00:00+00:00,0.0,13.336812
2040-02-20 00:00:00+00:00,0.05990688,13.923818
2040-02-21 00:00:00+00:00,0.019745095,12.695588
2040-02-22 00:00:00+00:00,0.1756582,13.281931
2040-02-23 00:00:00+00:00,0.03857264,15.072502
2040-02-24 00:00:00+00:00,0.11430734,16.256157
2040-02-25 00:00:00+00:00,0.07524877,22.848005
2040-02-26 00:00:00+00:00,0.6127812,16.81261
2040-02-27 00:00:00+00:00,0.0,16.190311
2040-02-28 00:00:00+00:00,0.0,16.767393
2040-02-29 00:00:00+00:00,0.0,16.146902
2040-03-01 00:00:00+00:00,0.0,17.319817
2040-03-02 00:00:00+00:00,0.0,16.103884
2040-03-03 00:00:00+00:00,0.0,17.865206
2040-03-04 00:00:00+00:00,0.0,16.645796
2040-03-05 00:00:00+00:00,0.0,14.243596
2040-03-06 00:00:00+00:00,0.0,15.996907
2040-03-07 00:00:00+00:00,0.0,18.927275
2040-03-08 00:00:00+00:00,0.0,17.123951
2040-03-09 00:00:00+00:00,0.0,14.147738
2040-03-10 00:00:00+00:00,0.0,11.181528
2040-03-11 00:00:00+00:00,0.0,11.750365
2040-03-12 00:00:00+00:00,0.0,14.663483
2040-03-13 00:00:00+00:00,0.0,13.467986
2040-03-14 00:00:00+00:00,0.0,12.861071
2040-03-15 00:00:00+00:00,0.0,12.839815
2040-03-16 00:00:00+00:00,0.0,13.983981
2040-03-17 00:00:00+00:00,0.0,14.5427
2040-03-18 00:00:00+00:00,0.0,12.776592
2040-03-19 00:00:00+00:00,0.0,12.175894
2040-03-20 00:00:00+00:00,0.0,12.156037
2040-03-21 00:00:00+00:00,0.0,14.447932
2040-03-22 00:00:00+00:00,0.0,15.001473
2040-03-23 00:00:00+00:00,0.0,14.401156
2040-03-24 00:00:00+00:00,0.0,13.227684
2040-03-25 00:00:00+00:00,0.0,10.909631
2040-03-26 00:00:00+00:00,0.0,12.038656
2040-03-27 00:00:00+00:00,0.0,10.8746805
2040-03-28 00:00:00+00:00,0.0,10.285878
2040-03-29 00:00:00+00:00,0.0,12.551606
2040-03-30 00:00:00+00:00,0.0,13.670912
2040-03-31 00:00:00+00:00,0.0,13.649253
2040-04-01 00:00:00+00:00,0.0,14.763325
2040-04-02 00:00:00+00:00,0.0,14.740057
2040-04-03 00:00:00+00:00,0.0,13.584819
2040-04-04 00:00:00+00:00,0.0,11.302933
2040-04-05 00:00:00+00:00,0.0,11.849517
2040-04-06 00:00:00+00:00,0.0,11.831033
2040-04-07 00:00:00+00:00,0.6793708,12.937639
2040-04-08 00:00:00+00:00,0.093066566,15.164097
2040-04-09 00:00:00+00:00,0.0,17.944443
2040-04-10 00:00:00+00:00,0.0,20.71623
2040-04-11 00:00:00+00:00,0.0,15.653004
2040-04-12 00:00:00+00:00,0.0,10.605367
2040-04-13 00:00:00+00:00,0.0,11.1464405
2040-04-14 00:00:00+00:00,0.0,9.459996
2040-04-15 00:00:00+00:00,0.0,12.779308
2040-04-16 00:00:00+00:00,0.0,10.540769
2040-04-17 00:00:00+00:00,0.0,14.956272
2040-04-18 00:00:00+00:00,0.0,14.933645
2040-04-19 00:00:00+00:00,0.0,15.463375
2040-04-20 00:00:00+00:00,0.0,13.785803
2040-04-21 00:00:00+00:00,0.032501094,15.416918
2040-04-22 00:00:00+00:00,0.0,10.995594
2040-04-23 00:00:00+00:00,0.03268187,20.311462
2040-04-24 00:00:00+00:00,0.0,22.473755
2040-04-25 00:00:00+00:00,0.0,19.156397
2040-04-26 00:00:00+00:00,0.0,16.395424
2040-04-27 00:00:00+00:00,0.0,16.371178
2040-04-28 00:00:00+00:00,0.0,16.891922
2040-04-29 00:00:00+00:00,0.0,16.322964
2040-04-30 00:00:00+00:00,0.06648688,13.039205
2040-05-01 00:00:00+00:00,0.033315744,10.85009
2040-05-02 00:00:00+00:00,0.0,22.210196
2040-05-03 00:00:00+00:00,0.0,26.002378
2040-05-04 00:00:00+00:00,0.0,24.93134
2040-05-05 00:00:00+00:00,0.0,20.063457
2040-05-06 00:00:00+00:00,0.0,21.70104
2040-05-07 00:00:00+00:00,0.0,21.711876
2040-05-08 00:00:00+00:00,0.0,21.179665
2040-05-09 00:00:00+00:00,0.0,20.64693
2040-05-10 00:00:00+00:00,0.0,16.851994
2040-05-11 00:00:00+00:00,0.0,16.316566
2040-05-12 00:00:00+00:00,0.0,16.324766
2040-05-13 00:00:00+00:00,0.0,17.966282
2040-05-14 00:00:00+00:00,0.0,16.885921
2040-05-15 00:00:00+00:00,0.0,15.80448
2040-05-16 00:00:00+00:00,0.0,13.631435
2040-05-17 00:00:00+00:00,8.828602,14.183866
2040-05-18 00:00:00+00:00,7.203103,22.378199
2040-05-19 00:00:00+00:00,0.3078433,18.020857
2040-05-20 00:00:00+00:00,0.06205189,15.298192
2040-05-21 00:00:00+00:00,0.18749341,14.759334
2040-05-22 00:00:00+00:00,0.0,16.95453
2040-05-23 00:00:00+00:00,0.06329376,21.887968
2040-05-24 00:00:00+00:00,0.12730089,20.256712
2040-05-25 00:00:00+00:00,0.63983274,21.910345
2040-05-26 00:00:00+00:00,0.06429456,20.825489
2040-05-27 00:00:00+00:00,0.0,18.642885
2040-05-28 00:00:00+00:00,0.0,26.881483
2040-05-29 00:00:00+00:00,0.0,23.053112
2040-05-30 00:00:00+00:00,0.0,23.064978
2040-05-31 00:00:00+00:00,0.0,17.032927
2040-06-01 00:00:00+00:00,0.0,13.743322
2040-06-02 00:00:00+00:00,0.0,15.950493
2040-06-03 00:00:00+00:00,0.0,16.50905
2040-06-04 00:00:00+00:00,0.0,18.719952
2040-06-05 00:00:00+00:00,0.0,19.280539
2040-06-06 00:00:00+00:00,0.0,18.188238
2040-06-07 00:00:00+00:00,0.0,17.64626
2040-06-08 00:00:00+00:00,0.0,16.551985
2040-06-09 00:00:00+00:00,0.06719699,19.872744
2040-06-10 00:00:00+00:00,0.06733656,19.883125
2040-06-11 00:00:00+00:00,0.0,18.78833
2040-06-12 00:00:00+00:00,0.0,21.562609
2040-06-13 00:00:00+00:00,0.0,16.595322
2040-06-14 00:00:00+00:00,0.0,14.943634
2040-06-15 00:00:00+00:00,0.0679522,17.72029
2040-06-16 00:00:00+00:00,0.5444887,16.067469
2040-06-17 00:00:00+00:00,3.3401272,14.967258
2040-06-18 00:00:00+00:00,8.055477,16.084433
2040-06-19 00:00:00+00:00,9.024044,8.323932
2040-06-20 00:00:00+00:00,0.0,10.549231
2040-06-21 00:00:00+00:00,1.713704,11.110341
2040-06-22 00:00:00+00:00,1.5099804,11.11624
2040-06-23 00:00:00+00:00,3.1611123,10.009934
2040-06-24 00:00:00+00:00,5.228904,16.135704
2040-06-25 00:00:00+00:00,1.239844,14.474204
2040-06-26 00:00:00+00:00,0.0,16.152924
2040-06-27 00:00:00+00:00,0.0,18.390738
2040-06-28 00:00:00+00:00,0.5528161,15.055021
2040-06-29 00:00:00+00:00,0.0,16.178877
2040-06-30 00:00:00+00:00,0.06923865,17.862137
2040-07-01 00:00:00+00:00,1.6632937,12.84531
2040-07-02 00:00:00+00:00,0.0,12.852224
2040-07-03 00:00:00+00:00,0.41768777,16.25292
2040-07-04 00:00:00+00:00,0.0,14.620073
2040-07-05 00:00:00+00:00,0.0,18.054264
2040-07-06 00:00:00+00:00,1.619095,16.416937
2040-07-07 00:00:00+00:00,0.35321277,10.224496
2040-07-08 00:00:00+00:00,0.77971864,20.519102
2040-07-09 00:00:00+00:00,0.0,17.158321
2040-07-10 00:00:00+00:00,0.0,18.365915
2040-07-11 00:00:00+00:00,0.071571626,15.5505905
2040-07-12 00:00:00+00:00,0.21537028,17.339502
2040-07-13 00:00:00+00:00,1.8720889,15.661132
2040-07-14 00:00:00+00:00,7.5822396,18.04584
2040-07-15 00:00:00+00:00,3.5483558,13.437277
2040-07-16 00:00:00+00:00,3.1224198,12.899905
2040-07-17 00:00:00+00:00,0.58247155,15.3013525
2040-07-18 00:00:00+00:00,2.4819713,13.5859375
2040-07-19 00:00:00+00:00,0.0,11.857955
2040-07-20 00:00:00+00:00,0.51357037,14.878209
2040-07-21 00:00:00+00:00,1.544451,13.142479
2040-07-22 00:00:00+00:00,2.8750648,13.792392
2040-07-23 00:00:00+00:00,2.3644884,16.855452
2040-07-24 00:00:00+00:00,75.24228,19.942535
2040-07-25 00:00:00+00:00,0.0,11.527043
2040-07-26 00:00:00+00:00,0.0,11.572568
2040-07-27 00:00:00+00:00,0.0,15.899202
2040-07-28 00:00:00+00:00,0.14938483,17.190966
2040-07-29 00:00:00+00:00,1.79624,17.260565
2040-07-30 00:00:00+00:00,0.6749216,12.37931
2040-07-31 00:00:00+00:00,2.4795008,12.430273
2040-08-01 00:00:00+00:00,0.6022296,14.978262
2040-08-02 00:00:00+00:00,0.0,14.414269
2040-08-03 00:00:00+00:00,0.0,13.845789
2040-08-04 00:00:00+00:00,3.0275874,17.06494
2040-08-05 00:00:00+00:00,1.7438972,16.503508
2040-08-06 00:00:00+00:00,0.0,9.562518
2040-08-07 00:00:00+00:00,0.0,14.086341
2040-08-08 00:00:00+00:00,0.6858286,14.791576
2040-08-09 00:00:00+00:00,0.0,15.503364
2040-08-10 00:00:00+00:00,0.4586779,10.38197
2040-08-11 00:00:00+00:00,4.3641872,14.339864
2040-08-12 00:00:00+00:00,0.0,15.714977
2040-08-13 00:00:00+00:00,0.0,15.787444
2040-08-14 00:00:00+00:00,2.6148615,13.878292
2040-08-15 00:00:00+00:00,4.2359977,11.95154
2040-08-16 00:00:00+00:00,4.9361124,14.676666
2040-08-17 00:00:00+00:00,10.967165,17.428114
2040-08-18 00:00:00+00:00,0.9280632,16.838701
2040-08-19 00:00:00+00:00,21.838621,14.890266
2040-08-20 00:00:00+00:00,2.3263066,13.603191
2040-08-21 00:00:00+00:00,0.077643566,11.620129
2040-08-22 00:00:00+00:00,0.15548395,14.426234
2040-08-23 00:00:00+00:00,0.0,14.499248
2040-08-24 00:00:00+00:00,2.5718267,15.961277
2040-08-25 00:00:00+00:00,13.498839,18.136282
2040-08-26 00:00:00+00:00,22.967386,11.218941
2040-08-27 00:00:00+00:00,0.23463397,9.868223
2040-08-28 00:00:00+00:00,0.0783009,12.7551365
2040-08-29 00:00:00+00:00,2.4300628,15.673279
2040-08-30 00:00:00+00:00,3.1390405,12.893104
2040-08-31 00:00:00+00:00,1.9640405,17.284935
2040-09-01 00:00:00+00:00,8.729701,13.035405
2040-09-02 00:00:00+00:00,0.0,13.048975
2040-09-03 00:00:00+00:00,26.654615,20.319595
2040-09-04 00:00:00+00:00,98.900696,47.946342
2040-09-05 00:00:00+00:00,0.0,14.544455
2040-09-06 00:00:00+00:00,0.0,18.199717
2040-09-07 00:00:00+00:00,17.053247,16.032673
2040-09-08 00:00:00+00:00,40.309204,24.804024
2040-09-09 00:00:00+00:00,0.0,8.763665
2040-09-10 00:00:00+00:00,0.8640783,13.890595
2040-09-11 00:00:00+00:00,0.0,11.709852
2040-09-12 00:00:00+00:00,0.15705656,16.118313
2040-09-13 00:00:00+00:00,0.15703112,18.335966
2040-09-14 00:00:00+00:00,0.0,18.355753
2040-09-15 00:00:00+00:00,0.15697776,15.435516
2040-09-16 00:00:00+00:00,0.0,7.3582253
2040-09-17 00:00:00+00:00,19.536636,11.78598
2040-09-18 00:00:00+00:00,0.3922271,11.798851
2040-09-19 00:00:00+00:00,0.0,14.026484
2040-09-20 00:00:00+00:00,0.9409667,11.824756
2040-09-21 00:00:00+00:00,2.1167262,13.3175125
2040-09-22 00:00:00+00:00,4.9379425,9.628836
2040-09-23 00:00:00+00:00,6.268973,8.898012
2040-09-24 00:00:00+00:00,10.576386,7.4232583
2040-09-25 00:00:00+00:00,0.0,9.661002
2040-09-26 00:00:00+00:00,8.691775,8.1838455
2040-09-27 00:00:00+00:00,7.436926,9.682673
2040-09-28 00:00:00+00:00,0.1565234,13.42188
2040-09-29 00:00:00+00:00,2.6601288,14.183543
2040-09-30 00:00:00+00:00,21.431042,13.452268
2040-10-01 00:00:00+00:00,15.794548,12.719361
2040-10-02 00:00:00+00:00,3.9864192,11.984815
2040-10-03 00:00:00+00:00,0.0,7.499076
2040-10-04 00:00:00+00:00,2.343298,7.5076804
2040-10-05 00:00:00+00:00,5.934107,9.019587
2040-10-06 00:00:00+00:00,6.1658964,7.525
2040-10-07 00:00:00+00:00,5.461171,11.300574
2040-10-08 00:00:00+00:00,1.6376308,10.559457
2040-10-09 00:00:00+00:00,0.07794629,11.32689
2040-10-10 00:00:00+00:00,0.0,7.5600905
2040-10-11 00:00:00+00:00,0.23360372,12.1103325
2040-10-12 00:00:00+00:00,0.07782529,14.397943
2040-10-13 00:00:00+00:00,0.38890073,12.897576
2040-10-14 00:00:00+00:00,5.1303253,13.672427
2040-10-15 00:00:00+00:00,2.0197117,7.604817
2040-10-16 00:00:00+00:00,0.23288067,11.420821
2040-10-17 00:00:00+00:00,0.0,9.909877
2040-10-18 00:00:00+00:00,0.0,9.921764
2040-10-19 00:00:00+00:00,0.0,9.169573
2040-10-20 00:00:00+00:00,0.0,10.710748
2040-10-21 00:00:00+00:00,0.0,9.957741
2040-10-22 00:00:00+00:00,0.0,11.503658
2040-10-23 00:00:00+00:00,0.0,9.214147
2040-10-24 00:00:00+00:00,0.0,9.994197
2040-10-25 00:00:00+00:00,0.0,11.545915
2040-10-26 00:00:00+00:00,0.0,10.789452
2040-10-27 00:00:00+00:00,0.0,11.574402
2040-10-28 00:00:00+00:00,0.0,10.816159
2040-10-29 00:00:00+00:00,1.75613,10.829603
2040-10-30 00:00:00+00:00,0.0,8.519586
2040-10-31 00:00:00+00:00,0.0,9.305721
2040-11-01 00:00:00+00:00,0.0,8.535805
2040-11-02 00:00:00+00:00,0.0,10.825245
2040-11-03 00:00:00+00:00,0.0,9.246158
2040-11-04 00:00:00+00:00,0.0,8.446082
2040-11-05 00:00:00+00:00,0.0,9.182026
2040-11-06 00:00:00+00:00,0.0,8.387961
2040-11-07 00:00:00+00:00,0.0,9.879282
2040-11-08 00:00:00+00:00,0.0,12.118029
2040-11-09 00:00:00+00:00,0.0,11.322561
2040-11-10 00:00:00+00:00,0.0,7.5232615
2040-11-11 00:00:00+00:00,0.0,8.99811
2040-11-12 00:00:00+00:00,0.0,10.463405
2040-11-13 00:00:00+00:00,0.0,16.389046
2040-11-14 00:00:00+00:00,0.0,17.821278
2040-11-15 00:00:00+00:00,0.0,16.28387
2040-11-16 00:00:00+00:00,0.0,11.805186
2040-11-17 00:00:00+00:00,0.0,8.825968
2040-11-18 00:00:00+00:00,0.0,8.798344
2040-11-19 00:00:00+00:00,0.0,9.501928
2040-11-20 00:00:00+00:00,0.0,10.201292
2040-11-21 00:00:00+00:00,0.0,13.075803
2040-11-22 00:00:00+00:00,0.0,15.208753
2040-11-23 00:00:00+00:00,0.0,13.7188
2040-11-24 00:00:00+00:00,0.0,11.5180855
2040-11-25 00:00:00+00:00,0.0,11.48385
2040-11-26 00:00:00+00:00,0.0,10.734341
2040-11-27 00:00:00+00:00,0.0,12.8434725
2040-11-28 00:00:00+00:00,0.0,14.229019
2040-11-29 00:00:00+00:00,0.0,14.897324
2040-11-30 00:00:00+00:00,0.0,16.269335
2040-12-01 00:00:00+00:00,0.0,19.044413
2040-12-02 00:00:00+00:00,0.0,16.880514
2040-12-03 00:00:00+00:00,0.0,15.430367
2040-12-04 00:00:00+00:00,1.1163173,17.485634
2040-12-05 00:00:00+00:00,0.0,13.252297
2040-12-06 00:00:00+00:00,0.0,13.215871
2040-12-07 00:00:00+00:00,0.0,15.95449
2040-12-08 00:00:00+00:00,0.0,15.911238
2040-12-09 00:00:00+00:00,0.0,16.558329
2040-12-10 00:00:00+00:00,0.0,17.202139
2040-12-11 00:00:00+00:00,0.0,14.411419
2040-12-12 00:00:00+00:00,0.0,10.266719
2040-12-13 00:00:00+00:00,0.0,8.191856
2040-12-14 00:00:00+00:00,0.0,10.89405
2040-12-15 00:00:00+00:00,0.0,14.940599
2040-12-16 00:00:00+00:00,0.0,14.902234
2040-12-17 00:00:00+00:00,0.0,16.891167
2040-12-18 00:00:00+00:00,0.0,16.174435
2040-12-19 00:00:00+00:00,0.0,13.444769
2040-12-20 00:00:00+00:00,0.0,16.09338
2040-12-21 00:00:00+00:00,0.0,21.404537
2040-12-22 00:00:00+00:00,0.0,20.01723
2040-12-23 00:00:00+00:00,0.0,15.974519
2040-12-24 00:00:00+00:00,0.0,17.927557
2040-12-25 00:00:00+00:00,0.0,18.546543
2040-12-26 00:00:00+00:00,0.0,18.501942
2040-12-27 00:00:00+00:00,0.0,14.502509
2040-12-28 00:00:00+00:00,0.0,14.468079
2040-12-29 00:00:00+00:00,0.0,14.433949
2040-12-30 00:00:00+00:00,0.0,13.745563
2040-12-31 00:00:00+00:00,0.0,14.366573
2041-01-01 00:00:00+00:00,0.0,17.593918
2041-01-02 00:00:00+00:00,0.0,16.264288
2041-01-03 00:00:00+00:00,0.0,20.135176
2041-01-04 00:00:00+00:00,0.0,18.157366
2041-01-05 00:00:00+00:00,0.0,18.128273
2041-01-06 00:00:00+00:00,0.0,19.392136
2041-01-07 00:00:00+00:00,0.0,18.07053
2041-01-08 00:00:00+00:00,0.0,15.464468
2041-01-09 00:00:00+00:00,0.0,14.153359
2041-01-10 00:00:00+00:00,0.0,13.4887495
2041-01-11 00:00:00+00:00,0.0,16.032835
2041-01-12 00:00:00+00:00,0.0,12.165898
2041-01-13 00:00:00+00:00,0.0,15.982816
2041-01-14 00:00:00+00:00,0.0,17.234629
2041-01-15 00:00:00+00:00,0.0,17.845282
2041-01-16 00:00:00+00:00,0.025934342,19.726799
2041-01-17 00:00:00+00:00,0.0773906,20.331842
2041-01-18 00:00:00+00:00,0.0,17.763103
2041-01-19 00:00:00+00:00,0.0,15.835696
2041-01-20 00:00:00+00:00,0.0,15.811595
2041-01-21 00:00:00+00:00,0.0,14.524605
2041-01-22 00:00:00+00:00,0.0,13.872103
2041-01-23 00:00:00+00:00,0.0,10.703202
2041-01-24 00:00:00+00:00,0.0,12.573097
2041-01-25 00:00:00+00:00,0.0,15.692852
2041-01-26 00:00:00+00:00,0.0,15.04267
2041-01-27 00:00:00+00:00,0.0,14.394463
2041-01-28 00:00:00+00:00,0.0,13.123299
2041-01-29 00:00:00+00:00,0.0,14.975911
2041-01-30 00:00:00+00:00,0.0,17.44618
2041-01-31 00:00:00+00:00,0.0,13.687609
2041-02-01 00:00:00+00:00,0.0,14.288852
2041-02-02 00:00:00+00:00,0.0,15.50873
2041-02-03 00:00:00+00:00,0.0,17.344547
2041-02-04 00:00:00+00:00,0.0,15.463785
2041-02-05 00:00:00+00:00,0.0,13.588495
2041-02-06 00:00:00+00:00,0.0,11.10187
2041-02-07 00:00:00+00:00,0.0,11.701843
2041-02-08 00:00:00+00:00,0.0,17.220182
2041-02-09 00:00:00+00:00,0.46351334,15.353265
2041-02-10 00:00:00+00:00,0.10940534,12.878435
2041-02-11 00:00:00+00:00,0.47711828,11.63543
2041-02-12 00:00:00+00:00,1.5473074,15.288184
2041-02-13 00:00:00+00:00,0.34064892,17.098694
2041-02-14 00:00:00+00:00,0.0,18.294357
2041-02-15 00:00:00+00:00,0.0,21.922562
2041-02-16 00:00:00+00:00,0.0,20.067705
2041-02-17 00:00:00+00:00,0.0,17.610779
2041-02-18 00:00:00+00:00,0.0,15.767132
2041-02-19 00:00:00+00:00,0.0,16.956573
2041-02-20 00:00:00+00:00,0.0,15.723744
2041-02-21 00:00:00+00:00,0.0,13.890407
2041-02-22 00:00:00+00:00,0.0,12.665219
2041-02-23 00:00:00+00:00,0.0,13.852545
2041-02-24 00:00:00+00:00,0.0,14.435209
2041-02-25 00:00:00+00:00,0.0,18.019596
2041-02-26 00:00:00+00:00,0.0,18.595137
2041-02-27 00:00:00+00:00,0.0,16.773022
2041-02-28 00:00:00+00:00,0.0,14.955841
2041-03-01 00:00:00+00:00,0.0,14.935856
2041-03-02 00:00:00+00:00,0.0,14.3193245
2041-03-03 00:00:00+00:00,0.0,12.5109825
2041-03-04 00:00:00+00:00,0.0,13.679153
2041-03-05 00:00:00+00:00,0.0,14.249644
2041-03-06 00:00:00+00:00,0.0,15.41095
2041-03-07 00:00:00+00:00,0.0,16.56836
2041-03-08 00:00:00+00:00,0.0,14.768244
2041-03-09 00:00:00+00:00,0.0,14.153681
2041-03-10 00:00:00+00:00,0.0,12.3637085
2041-03-11 00:00:00+00:00,0.0,10.579745
2041-03-12 00:00:00+00:00,0.0,12.322457
2041-03-13 00:00:00+00:00,0.0,12.301967
2041-03-14 00:00:00+00:00,0.0,12.866401
2041-03-15 00:00:00+00:00,0.0,14.596728
2041-03-16 00:00:00+00:00,0.0,15.738462
2041-03-17 00:00:00+00:00,0.0,19.20425
2041-03-18 00:00:00+00:00,0.0,18.01076
2041-03-19 00:00:00+00:00,0.0,12.180872
2041-03-20 00:00:00+00:00,0.0,11.002803
2041-03-21 00:00:00+00:00,0.0,9.828589
2041-03-22 00:00:00+00:00,0.0,11.544277
2041-03-23 00:00:00+00:00,0.0,12.678144
2041-03-24 00:00:00+00:00,0.0,17.260462
2041-03-25 00:00:00+00:00,0.0,17.232664
2041-03-26 00:00:00+00:00,0.0,17.204985
2041-03-27 00:00:00+00:00,0.0,16.032259
2041-03-28 00:00:00+00:00,0.0,14.291645
2041-03-29 00:00:00+00:00,0.0,14.2688675
2041-03-30 00:00:00+00:00,0.0,21.084358
2041-03-31 00:00:00+00:00,0.0,17.068323
2041-04-01 00:00:00+00:00,0.0,19.881557
2041-04-02 00:00:00+00:00,0.0,14.178716
2041-04-03 00:00:00+00:00,0.0,11.32513
2041-04-04 00:00:00+00:00,0.0,11.872728
2041-04-05 00:00:00+00:00,0.0,12.983115
2041-04-06 00:00:00+00:00,0.0,15.217262
2041-04-07 00:00:00+00:00,0.0,13.505398
2041-04-08 00:00:00+00:00,0.0,11.798871
2041-04-09 00:00:00+00:00,0.0,13.46354
2041-04-10 00:00:00+00:00,0.0,14.562968
2041-04-11 00:00:00+00:00,0.0,14.540526
2041-04-12 00:00:00+00:00,0.0,13.959787
2041-04-13 00:00:00+00:00,0.0,20.071276
2041-04-14 00:00:00+00:00,0.0,20.040586
2041-04-15 00:00:00+00:00,0.0,17.786682
2041-04-16 00:00:00+00:00,0.0,17.759624
2041-04-17 00:00:00+00:00,0.0,17.732672
2041-04-18 00:00:00+00:00,0.0,18.259136
2041-04-19 00:00:00+00:00,0.0,19.33651
2041-04-20 00:00:00+00:00,0.0,22.617226
2041-04-21 00:00:00+00:00,0.0,16.52433
2041-04-22 00:00:00+00:00,0.0,13.199654
2041-04-23 00:00:00+00:00,0.0,14.278248
2041-04-24 00:00:00+00:00,0.0,14.256959
2041-04-25 00:00:00+00:00,0.13132848,15.878344
2041-04-26 00:00:00+00:00,0.032914862,19.6818
2041-04-27 00:00:00+00:00,0.0659909,15.285416
2041-04-28 00:00:00+00:00,0.0,21.25897
2041-04-29 00:00:00+00:00,0.0,20.683363
2041-04-30 00:00:00+00:00,0.0,16.848484
2041-05-01 00:00:00+00:00,0.0,16.281092
2041-05-02 00:00:00+00:00,0.0,14.089658
2041-05-03 00:00:00+00:00,0.0,14.082872
2041-05-04 00:00:00+00:00,0.0,10.838365
2041-05-05 00:00:00+00:00,0.0,15.723455
2041-05-06 00:00:00+00:00,0.0,14.646375
2041-05-07 00:00:00+00:00,0.0,11.397312
2041-05-08 00:00:00+00:00,0.0,13.575012
2041-05-09 00:00:00+00:00,0.0,20.101072
2041-05-10 00:00:00+00:00,0.0,21.198238
2041-05-11 00:00:00+00:00,0.0,17.94597
2041-05-12 00:00:00+00:00,0.0,16.866806
2041-05-13 00:00:00+00:00,0.0,15.2422
2041-05-14 00:00:00+00:00,0.5818195,11.437408
2041-05-15 00:00:00+00:00,0.17689951,13.07792
2041-05-16 00:00:00+00:00,0.0,13.084527
2041-05-17 00:00:00+00:00,0.36190954,23.45497
2041-05-18 00:00:00+00:00,1.218093,26.195547
2041-05-19 00:00:00+00:00,1.5360368,24.570782
2041-05-20 00:00:00+00:00,0.06193475,25.129553
2041-05-21 00:00:00+00:00,0.0,25.14233
2041-05-22 00:00:00+00:00,0.06281028,26.795685
2041-05-23 00:00:00+00:00,0.06320057,23.526571
2041-05-24 00:00:00+00:00,0.0,18.064491
2041-05-25 00:00:00+00:00,0.0,20.812166
2041-05-26 00:00:00+00:00,0.0,16.987038
2041-05-27 00:00:00+00:00,0.0,15.899247
2041-05-28 00:00:00+00:00,0.0,12.616218
2041-05-29 00:00:00+00:00,0.0,14.269142
2041-05-30 00:00:00+00:00,0.065301925,18.669247
2041-05-31 00:00:00+00:00,0.0,24.722029
2041-06-01 00:00:00+00:00,0.0,23.635462
2041-06-02 00:00:00+00:00,0.06596335,21.997839
2041-06-03 00:00:00+00:00,0.0,22.009214
2041-06-04 00:00:00+00:00,0.0,22.571135
2041-06-05 00:00:00+00:00,0.0,19.278038
2041-06-06 00:00:00+00:00,0.0,18.185875
2041-06-07 00:00:00+00:00,0.0,30.87693
2041-06-08 00:00:00+00:00,0.0,16.54983
2041-06-09 00:00:00+00:00,0.20148335,22.077944
2041-06-10 00:00:00+00:00,0.20190673,18.776054
2041-06-11 00:00:00+00:00,0.0,23.20608
2041-06-12 00:00:00+00:00,0.20270018,23.218233
2041-06-13 00:00:00+00:00,0.60921735,17.146248
2041-06-14 00:00:00+00:00,0.0,16.048464
2041-06-15 00:00:00+00:00,0.0,19.932703
2041-06-16 00:00:00+00:00,0.13606852,23.267063
2041-06-17 00:00:00+00:00,1.6353612,24.38787
2041-06-18 00:00:00+00:00,1.2965957,17.191433
2041-06-19 00:00:00+00:00,6.9706798,18.31023
2041-06-20 00:00:00+00:00,0.0,8.882387
2041-06-21 00:00:00+00:00,3.8374472,16.663303
2041-06-22 00:00:00+00:00,0.0,13.893456
2041-06-23 00:00:00+00:00,0.0,15.56894
2041-06-24 00:00:00+00:00,3.0263746,24.478498
2041-06-25 00:00:00+00:00,0.75746834,20.038534
2041-06-26 00:00:00+00:00,2.550695,14.479998
2041-06-27 00:00:00+00:00,2.5534508,22.288824
2041-06-28 00:00:00+00:00,0.55267465,17.283081
2041-06-29 00:00:00+00:00,0.76069665,18.407978
2041-06-30 00:00:00+00:00,14.190513,13.394806
2041-07-01 00:00:00+00:00,0.0,11.168334
2041-07-02 00:00:00+00:00,0.0,9.498191
2041-07-03 00:00:00+00:00,7.580594,10.079683
2041-07-04 00:00:00+00:00,0.0,15.731587
2041-07-05 00:00:00+00:00,0.0,13.529341
2041-07-06 00:00:00+00:00,0.0,12.443705
2041-07-07 00:00:00+00:00,0.0,12.485969
2041-07-08 00:00:00+00:00,0.84988606,14.80664
2041-07-09 00:00:00+00:00,0.0,16.572044
2041-07-10 00:00:00+00:00,0.35645515,15.482749
2041-07-11 00:00:00+00:00,7.2946496,10.933407
2041-07-12 00:00:00+00:00,3.7302694,8.084615
2041-07-13 00:00:00+00:00,1.0792584,8.692877
2041-07-14 00:00:00+00:00,0.0,13.958427
2041-07-15 00:00:00+00:00,0.0,14.592518
2041-07-16 00:00:00+00:00,6.458293,14.059789
2041-07-17 00:00:00+00:00,5.0932503,14.111345
2041-07-18 00:00:00+00:00,14.152687,15.343787
2041-07-19 00:00:00+00:00,7.8990192,14.216259
2041-07-20 00:00:00+00:00,8.138749,14.269637
2041-07-21 00:00:00+00:00,0.0,10.742735
2041-07-22 00:00:00+00:00,0.0,10.184628
2041-07-23 00:00:00+00:00,0.073847935,12.028
2041-07-24 00:00:00+00:00,4.4409547,14.489568
2041-07-25 00:00:00+00:00,226.84373,16.364485
2041-07-26 00:00:00+00:00,8.326257,13.995057
2041-07-27 00:00:00+00:00,1.3409905,14.050672
2041-07-28 00:00:00+00:00,0.0,12.26693
2041-07-29 00:00:00+00:00,0.2992235,13.548139
2041-07-30 00:00:00+00:00,0.0,11.748334
2041-07-31 00:00:00+00:00,0.0,15.521841
2041-08-01 00:00:00+00:00,5.267037,12.468919
2041-08-02 00:00:00+00:00,2.2615092,14.399173
2041-08-03 00:00:00+00:00,0.0,8.172959
2041-08-04 00:00:00+00:00,0.98353213,12.627229
2041-08-05 00:00:00+00:00,0.15157774,16.48577
2041-08-06 00:00:00+00:00,0.0,15.92025
2041-08-07 00:00:00+00:00,0.22814022,12.791761
2041-08-08 00:00:00+00:00,4.722675,8.993635
2041-08-09 00:00:00+00:00,15.716847,9.033564
2041-08-10 00:00:00+00:00,2.674574,14.259182
2041-08-11 00:00:00+00:00,0.53574705,13.021471
2041-08-12 00:00:00+00:00,0.3066085,12.426803
2041-08-13 00:00:00+00:00,6.9857907,12.483976
2041-08-14 00:00:00+00:00,2.3063934,17.162651
2041-08-15 00:00:00+00:00,0.0,13.263892
2041-08-16 00:00:00+00:00,0.0,10.661286
2041-08-17 00:00:00+00:00,20.151033,13.390203
2041-08-18 00:00:00+00:00,64.014755,24.21845
2041-08-19 00:00:00+00:00,0.07741624,17.576138
2041-08-20 00:00:00+00:00,5.2712445,11.548488
2041-08-21 00:00:00+00:00,9.935195,11.605697
2041-08-22 00:00:00+00:00,0.0,11.663738
2041-08-23 00:00:00+00:00,23.889132,12.412194
2041-08-24 00:00:00+00:00,29.21642,9.703143
2041-08-25 00:00:00+00:00,0.0,14.629633
2041-08-26 00:00:00+00:00,73.17725,29.411345
2041-08-27 00:00:00+00:00,78.814224,39.42095
2041-08-28 00:00:00+00:00,0.39139315,14.153541
2041-08-29 00:00:00+00:00,0.0,14.940774
2041-08-30 00:00:00+00:00,1.4121796,17.88281
2041-08-31 00:00:00+00:00,2.2776697,13.665168
2041-09-01 00:00:00+00:00,0.31449994,17.356497
2041-09-02 00:00:00+00:00,5.7406497,13.045578
2041-09-03 00:00:00+00:00,6.604885,10.882654
2041-09-04 00:00:00+00:00,0.7861988,12.346582
2041-09-05 00:00:00+00:00,0.0,11.632506
2041-09-06 00:00:00+00:00,0.0,9.461359
2041-09-07 00:00:00+00:00,0.0,8.7427845
2041-09-08 00:00:00+00:00,0.07857822,16.774744
2041-09-09 00:00:00+00:00,2.90698,16.792559
2041-09-10 00:00:00+00:00,0.15711103,12.425117
2041-09-11 00:00:00+00:00,2.9061146,14.633399
2041-09-12 00:00:00+00:00,0.0,16.846443
2041-09-13 00:00:00+00:00,0.07851878,14.664826
2041-09-14 00:00:00+00:00,0.0,16.882734
2041-09-15 00:00:00+00:00,0.0,19.105469
2041-09-16 00:00:00+00:00,0.0,11.034342
2041-09-17 00:00:00+00:00,0.0,9.5735
2041-09-18 00:00:00+00:00,0.31379685,13.270082
2041-09-19 00:00:00+00:00,33.72656,33.211517
2041-09-20 00:00:00+00:00,0.0,11.082661
2041-09-21 00:00:00+00:00,1.0976207,14.053497
2041-09-22 00:00:00+00:00,3.135376,11.107123
2041-09-23 00:00:00+00:00,4.858735,13.343316
2041-09-24 00:00:00+00:00,4.309157,12.616029
2041-09-25 00:00:00+00:00,5.404716,11.144201
2041-09-26 00:00:00+00:00,1.8011154,13.387998
2041-09-27 00:00:00+00:00,0.0,9.6799555
2041-09-28 00:00:00+00:00,6.7309813,9.690848
2041-09-29 00:00:00+00:00,8.372196,8.955497
2041-09-30 00:00:00+00:00,3.5199664,14.942728
2041-10-01 00:00:00+00:00,0.15639421,13.463729
2041-10-02 00:00:00+00:00,0.078171626,8.237209
2041-10-03 00:00:00+00:00,3.9072495,12.7447815
2041-10-04 00:00:00+00:00,0.0,11.258289
2041-10-05 00:00:00+00:00,2.811164,13.525483
2041-10-06 00:00:00+00:00,3.356461,12.788807
2041-10-07 00:00:00+00:00,6.0859523,9.790992
2041-10-08 00:00:00+00:00,6.7072406,7.5402775
2041-10-09 00:00:00+00:00,4.365508,7.5490594
2041-10-10 00:00:00+00:00,5.843842,9.069455
2041-10-11 00:00:00+00:00,8.878113,10.593431
2041-10-12 00:00:00+00:00,3.2691193,7.5756335
2041-10-13 00:00:00+00:00,7.779167,7.5845695
2041-10-14 00:00:00+00:00,6.375046,9.871607
2041-10-15 00:00:00+00:00,2.5639105,8.362812
2041-10-16 00:00:00+00:00,1.2422528,9.133933
2041-10-17 00:00:00+00:00,0.6982535,9.144845
2041-10-18 00:00:00+00:00,0.0,12.20774
2041-10-19 00:00:00+00:00,0.0,7.639011
2041-10-20 00:00:00+00:00,0.0,9.942692
2041-10-21 00:00:00+00:00,0.0,9.188977
2041-10-22 00:00:00+00:00,0.0,7.666776
2041-10-23 00:00:00+00:00,0.0,9.978949
2041-10-24 00:00:00+00:00,0.0,8.454042
2041-10-25 00:00:00+00:00,0.0,12.311864
2041-10-26 00:00:00+00:00,0.0,16.949633
2041-10-27 00:00:00+00:00,0.0,14.656381
2041-10-28 00:00:00+00:00,0.0,9.268121
2041-10-29 00:00:00+00:00,0.0,10.826236
2041-10-30 00:00:00+00:00,0.0,9.291194
2041-10-31 00:00:00+00:00,0.0,8.527575
2041-11-01 00:00:00+00:00,0.0,17.076542
2041-11-02 00:00:00+00:00,0.0,14.7044115
2041-11-03 00:00:00+00:00,0.0,10.7966585
2041-11-04 00:00:00+00:00,0.0,9.990429
2041-11-05 00:00:00+00:00,0.0,7.6583014
2041-11-06 00:00:00+00:00,0.075270385,7.631959
2041-11-07 00:00:00+00:00,0.0,9.127097
2041-11-08 00:00:00+00:00,0.0,10.612226
2041-11-09 00:00:00+00:00,0.0,14.353921
2041-11-10 00:00:00+00:00,0.0,12.047222
2041-11-11 00:00:00+00:00,0.0,9.005529
2041-11-12 00:00:00+00:00,0.0,9.723969
2041-11-13 00:00:00+00:00,0.0,9.692299
2041-11-14 00:00:00+00:00,0.0,13.376729
2041-11-15 00:00:00+00:00,0.0,13.33382
2041-11-16 00:00:00+00:00,0.0,12.552965
2041-11-17 00:00:00+00:00,0.0,13.985456
2041-11-18 00:00:00+00:00,0.0,12.474066
2041-11-19 00:00:00+00:00,0.0,10.2407875
2041-11-20 00:00:00+00:00,0.0,10.20915
2041-11-21 00:00:00+00:00,0.0,10.177843
2041-11-22 00:00:00+00:00,0.0,9.422088
2041-11-23 00:00:00+00:00,0.0,8.671033
2041-11-24 00:00:00+00:00,0.0,9.365442
2041-11-25 00:00:00+00:00,0.0,7.901008
2041-11-26 00:00:00+00:00,0.0,9.309952
2041-11-27 00:00:00+00:00,0.0,7.8545327
2041-11-28 00:00:00+00:00,0.0,7.831646
2041-11-29 00:00:00+00:00,0.0,8.518897
2041-11-30 00:00:00+00:00,0.0,8.494429
2041-12-01 00:00:00+00:00,0.0,10.587752
2041-12-02 00:00:00+00:00,0.0,10.55777
2041-12-03 00:00:00+00:00,0.0,14.739314
2041-12-04 00:00:00+00:00,0.0,17.497808
2041-12-05 00:00:00+00:00,0.0,19.543205
2041-12-06 00:00:00+00:00,0.0,22.969639
2041-12-07 00:00:00+00:00,0.0,17.353659
2041-12-08 00:00:00+00:00,0.0,14.537487
2041-12-09 00:00:00+00:00,0.0,13.807887
2041-12-10 00:00:00+00:00,0.0,14.459444
2041-12-11 00:00:00+00:00,0.0,18.54126
2041-12-12 00:00:00+00:00,0.0,17.807365
2041-12-13 00:00:00+00:00,0.0,15.028229
2041-12-14 00:00:00+00:00,0.0,12.945093
2041-12-15 00:00:00+00:00,0.0,13.591132
2041-12-16 00:00:00+00:00,0.0,12.8783655
2041-12-17 00:00:00+00:00,0.0,17.578001
2041-12-18 00:00:00+00:00,0.0,14.835947
2041-12-19 00:00:00+00:00,0.0,17.489185
2041-12-20 00:00:00+00:00,0.0,19.458311
2041-12-21 00:00:00+00:00,0.0,20.748508
2041-12-22 00:00:00+00:00,0.0,21.364872
2041-12-23 00:00:00+00:00,0.0,21.312403
2041-12-24 00:00:00+00:00,0.0,21.92479
2041-12-25 00:00:00+00:00,0.0,23.197195
2041-12-26 00:00:00+00:00,0.0,20.496601
2041-12-27 00:00:00+00:00,0.0,15.830359
2041-12-28 00:00:00+00:00,0.59238064,13.160598
2041-12-29 00:00:00+00:00,0.08462666,19.694256
2041-12-30 00:00:00+00:00,0.0,18.993082
2041-12-31 00:00:00+00:00,0.0,17.64196
2042-01-01 00:00:00+00:00,0.0,20.208628
2042-01-02 00:00:00+00:00,0.0,18.874207
2042-01-03 00:00:00+00:00,0.0,15.59481
2042-01-04 00:00:00+00:00,0.0,12.326023
2042-01-05 00:00:00+00:00,0.0,11.658558
2042-01-06 00:00:00+00:00,0.0,11.639927
2042-01-07 00:00:00+00:00,0.0,13.558286
2042-01-08 00:00:00+00:00,0.0,16.115202
2042-01-09 00:00:00+00:00,0.0,16.089716
2042-01-10 00:00:00+00:00,0.0,16.064356
2042-01-11 00:00:00+00:00,0.0,16.680687
2042-01-12 00:00:00+00:00,0.0,13.451776
2042-01-13 00:00:00+00:00,0.0,12.791231
2042-01-14 00:00:00+00:00,0.0,12.132779
2042-01-15 00:00:00+00:00,0.0,10.838829
2042-01-16 00:00:00+00:00,0.0,16.551435
2042-01-17 00:00:00+00:00,0.0258314,17.797195
2042-01-18 00:00:00+00:00,0.0,18.404547
2042-01-19 00:00:00+00:00,0.0,19.010086
2042-01-20 00:00:00+00:00,0.025409672,20.246544
2042-01-21 00:00:00+00:00,0.0505309,25.269758
2042-01-22 00:00:00+00:00,0.025119338,21.446802
2042-01-23 00:00:00+00:00,0.09988523,17.635443
2042-01-24 00:00:00+00:00,0.0,17.608942
2042-01-25 00:00:00+00:00,0.0,18.838467
2042-01-26 00:00:00+00:00,0.0,16.302298
2042-01-27 00:00:00+00:00,0.0,15.025892
2042-01-28 00:00:00+00:00,0.0,16.25391
2042-01-29 00:00:00+00:00,0.0,18.726795
2042-01-30 00:00:00+00:00,0.0,16.829292
2042-01-31 00:00:00+00:00,0.0,12.447842
2042-02-01 00:00:00+00:00,0.0,14.915555
2042-02-02 00:00:00+00:00,0.0,14.893803
2042-02-03 00:00:00+00:00,0.0,13.013134
2042-02-04 00:00:00+00:00,0.0,10.519179
2042-02-05 00:00:00+00:00,0.0,12.357633
2042-02-06 00:00:00+00:00,0.0,10.488869
2042-02-07 00:00:00+00:00,0.0,14.170463
2042-02-08 00:00:00+00:00,0.0,17.22633
2042-02-09 00:00:00+00:00,0.0,13.515683
2042-02-10 00:00:00+00:00,0.0,14.109957
2042-02-11 00:00:00+00:00,0.0,15.315193
2042-02-12 00:00:00+00:00,0.0,14.681831
2042-02-13 00:00:00+00:00,0.0,17.104702
2042-02-14 00:00:00+00:00,0.0,15.860662
2042-02-15 00:00:00+00:00,0.0,15.229318
2042-02-16 00:00:00+00:00,0.0,15.208097
2042-02-17 00:00:00+00:00,0.0,15.794452
2042-02-18 00:00:00+00:00,0.0,16.379221
2042-02-19 00:00:00+00:00,0.0,15.145015
2042-02-20 00:00:00+00:00,0.0,15.124181
2042-02-21 00:00:00+00:00,0.117790796,14.499301
2042-02-22 00:00:00+00:00,0.0,15.686102
2042-02-23 00:00:00+00:00,0.0,15.664727
2042-02-24 00:00:00+00:00,0.0,15.643448
2042-02-25 00:00:00+00:00,0.0,16.823977
2042-02-26 00:00:00+00:00,0.0,14.401088
2042-02-27 00:00:00+00:00,0.0,13.78247
2042-02-28 00:00:00+00:00,0.0,13.16555
2042-03-01 00:00:00+00:00,0.0,13.147944
2042-03-02 00:00:00+00:00,0.0,14.92093
2042-03-03 00:00:00+00:00,0.0,15.496406
2042-03-04 00:00:00+00:00,0.0,11.304986
2042-03-05 00:00:00+00:00,0.0,18.41361
2042-03-06 00:00:00+00:00,0.0,16.60344
2042-03-07 00:00:00+00:00,0.0,12.4315195
2042-03-08 00:00:00+00:00,0.0,13.001529
2042-03-09 00:00:00+00:00,0.0,16.519567
2042-03-10 00:00:00+00:00,0.0,15.902859
2042-03-11 00:00:00+00:00,0.0,11.760187
2042-03-12 00:00:00+00:00,0.0,11.153537
2042-03-13 00:00:00+00:00,0.0,11.134976
2042-03-14 00:00:00+00:00,0.0,11.116499
2042-03-15 00:00:00+00:00,0.0,8.761659
2042-03-16 00:00:00+00:00,0.0,10.4966345
2042-03-17 00:00:00+00:00,0.0,11.0615425
2042-03-18 00:00:00+00:00,0.0,15.693224
2042-03-19 00:00:00+00:00,0.0,15.66753
2042-03-20 00:00:00+00:00,0.0,13.903949
2042-03-21 00:00:00+00:00,0.0,16.194853
2042-03-22 00:00:00+00:00,0.0,15.01365
2042-03-23 00:00:00+00:00,0.0,15.565838
2042-03-24 00:00:00+00:00,0.0,14.389524
2042-03-25 00:00:00+00:00,0.0,13.217029
2042-03-26 00:00:00+00:00,0.0,15.490704
2042-03-27 00:00:00+00:00,0.0,12.60182
2042-03-28 00:00:00+00:00,0.0,12.009775
2042-03-29 00:00:00+00:00,0.0,10.2776785
2042-03-30 00:00:00+00:00,0.0,12.541628
2042-03-31 00:00:00+00:00,0.0,13.090901
2042-04-01 00:00:00+00:00,0.0,13.638457
2042-04-02 00:00:00+00:00,0.0,14.751676
2042-04-03 00:00:00+00:00,0.0,19.260292
2042-04-04 00:00:00+00:00,0.0,19.230055
2042-04-05 00:00:00+00:00,0.0,19.199942
2042-04-06 00:00:00+00:00,0.0,18.042313
2042-04-07 00:00:00+00:00,0.0,12.947709
2042-04-08 00:00:00+00:00,0.0,14.051729
2042-04-09 00:00:00+00:00,0.0,15.713544
2042-04-10 00:00:00+00:00,0.0,15.689252
2042-04-11 00:00:00+00:00,0.0,14.54613
2042-04-12 00:00:00+00:00,0.0,13.965152
2042-04-13 00:00:00+00:00,0.0,16.174726
2042-04-14 00:00:00+00:00,0.0,15.593084
2042-04-15 00:00:00+00:00,0.0,22.797874
2042-04-16 00:00:00+00:00,0.0,22.76317
2042-04-17 00:00:00+00:00,0.0,16.07633
2042-04-18 00:00:00+00:00,0.0,15.498463
2042-04-19 00:00:00+00:00,0.0,13.817008
2042-04-20 00:00:00+00:00,0.0,14.348031
2042-04-21 00:00:00+00:00,0.06490859,14.8774805
2042-04-22 00:00:00+00:00,0.0,20.357088
2042-04-23 00:00:00+00:00,0.0,20.326641
2042-04-24 00:00:00+00:00,0.0,19.199217
2042-04-25 00:00:00+00:00,0.0,17.527445
2042-04-26 00:00:00+00:00,0.0,17.501425
2042-04-27 00:00:00+00:00,0.0,19.659945
2042-04-28 00:00:00+00:00,0.0,24.538631
2042-04-29 00:00:00+00:00,0.0,17.968483
2042-04-30 00:00:00+00:00,0.0,18.48577
2042-05-01 00:00:00+00:00,0.0,17.372864
2042-05-02 00:00:00+00:00,0.0,17.88956
2042-05-03 00:00:00+00:00,0.0,13.539542
2042-05-04 00:00:00+00:00,0.0,14.629972
2042-05-05 00:00:00+00:00,0.0,13.010895
2042-05-06 00:00:00+00:00,0.0,13.559768
2042-05-07 00:00:00+00:00,0.0,13.023874
2042-05-08 00:00:00+00:00,0.0,11.944517
2042-05-09 00:00:00+00:00,0.0,16.83933
2042-05-10 00:00:00+00:00,0.0,16.30429
2042-05-11 00:00:00+00:00,0.0,15.224974
2042-05-12 00:00:00+00:00,0.0,15.232621
2042-05-13 00:00:00+00:00,0.057074495,16.873169
2042-05-14 00:00:00+00:00,0.0,17.426237
2042-05-15 00:00:00+00:00,0.11755587,16.345337
2042-05-16 00:00:00+00:00,0.11900892,15.808473
2042-05-17 00:00:00+00:00,0.0,16.36186
2042-05-18 00:00:00+00:00,0.0,13.096116
2042-05-19 00:00:00+00:00,0.0,12.5568075
2042-05-20 00:00:00+00:00,0.0,12.56318
2042-05-21 00:00:00+00:00,0.0,27.871649
2042-05-22 00:00:00+00:00,0.0,27.885836
2042-05-23 00:00:00+00:00,0.0,23.52357
2042-05-24 00:00:00+00:00,0.25390097,22.988237
2042-05-25 00:00:00+00:00,0.0,15.880941
2042-05-26 00:00:00+00:00,0.064141475,15.341167
2042-05-27 00:00:00+00:00,0.19332837,16.993567
2042-05-28 00:00:00+00:00,0.0,16.453825
2042-05-29 00:00:00+00:00,0.0,10.974852
2042-05-30 00:00:00+00:00,0.0652416,19.764894
2042-05-31 00:00:00+00:00,0.13095556,21.972307
2042-06-01 00:00:00+00:00,0.06570101,22.53323
2042-06-02 00:00:00+00:00,0.06591229,18.695745
2042-06-03 00:00:00+00:00,0.13222516,15.95462
2042-06-04 00:00:00+00:00,0.0,16.513323
2042-06-05 00:00:00+00:00,0.0,14.318969
2042-06-06 00:00:00+00:00,0.0,23.69367
2042-06-07 00:00:00+00:00,0.3340962,23.705992
2042-06-08 00:00:00+00:00,0.7367312,20.960386
2042-06-09 00:00:00+00:00,0.0,18.763807
2042-06-10 00:00:00+00:00,0.0,17.117107
2042-06-11 00:00:00+00:00,0.13480818,19.88832
2042-06-12 00:00:00+00:00,1.7559067,20.451475
2042-06-13 00:00:00+00:00,0.0,23.22736
2042-06-14 00:00:00+00:00,1.0844893,17.706322
2042-06-15 00:00:00+00:00,0.4073768,18.822859
2042-06-16 00:00:00+00:00,0.0,18.278858
2042-06-17 00:00:00+00:00,0.068113975,23.830454
2042-06-18 00:00:00+00:00,0.0,18.298141
2042-06-19 00:00:00+00:00,0.0,13.869554
2042-06-20 00:00:00+00:00,0.0,13.876892
2042-06-21 00:00:00+00:00,0.0,14.994985
2042-06-22 00:00:00+00:00,0.0,12.780283
2042-06-23 00:00:00+00:00,0.0,17.23475
2042-06-24 00:00:00+00:00,0.0,22.250217
2042-06-25 00:00:00+00:00,0.0,21.70552
2042-06-26 00:00:00+00:00,0.689187,21.717102
2042-06-27 00:00:00+00:00,1.1039006,20.61441
2042-06-28 00:00:00+00:00,1.105064,21.740326
2042-06-29 00:00:00+00:00,0.9679175,22.309713
2042-06-30 00:00:00+00:00,0.0,22.879717
2042-07-01 00:00:00+00:00,0.3463576,18.983618
2042-07-02 00:00:00+00:00,0.83202964,13.407408
2042-07-03 00:00:00+00:00,4.377139,12.86897
2042-07-04 00:00:00+00:00,27.829878,12.350263
2042-07-05 00:00:00+00:00,0.21003802,15.771016
2042-07-06 00:00:00+00:00,0.0,16.389233
2042-07-07 00:00:00+00:00,0.07051978,14.743606
2042-07-08 00:00:00+00:00,0.0,12.517971
2042-07-09 00:00:00+00:00,0.07100175,19.98349
2042-07-10 00:00:00+00:00,0.4986372,16.615164
2042-07-11 00:00:00+00:00,0.2143812,17.248156
2042-07-12 00:00:00+00:00,0.0,16.154957
2042-07-13 00:00:00+00:00,0.0,13.3172245
2042-07-14 00:00:00+00:00,3.9659524,13.364837
2042-07-15 00:00:00+00:00,29.214943,11.080298
2042-07-16 00:00:00+00:00,11.602478,14.046991
2042-07-17 00:00:00+00:00,0.0,12.923534
2042-07-18 00:00:00+00:00,3.572324,18.277603
2042-07-19 00:00:00+00:00,0.0,13.019426
2042-07-20 00:00:00+00:00,2.344854,14.256236
2042-07-21 00:00:00+00:00,1.1018507,10.732563
2042-07-22 00:00:00+00:00,5.3015695,13.76605
2042-07-23 00:00:00+00:00,0.14761077,22.23039
2042-07-24 00:00:00+00:00,0.6657682,19.903828
2042-07-25 00:00:00+00:00,0.0,12.715485
2042-07-26 00:00:00+00:00,6.538541,10.941855
2042-07-27 00:00:00+00:00,2.3827298,14.646995
2042-07-28 00:00:00+00:00,0.07461582,17.156488
2042-07-29 00:00:00+00:00,3.5141077,17.225657
2042-07-30 00:00:00+00:00,1.1237651,16.060282
2042-07-31 00:00:00+00:00,0.0,14.8856535
2042-08-01 00:00:00+00:00,1.278534,13.701596
2042-08-02 00:00:00+00:00,0.0,16.260313
2042-08-03 00:00:00+00:00,0.0,18.840794
2042-08-04 00:00:00+00:00,0.0,16.397942
2042-08-05 00:00:00+00:00,0.53029174,19.001644
2042-08-06 00:00:00+00:00,0.0,14.630786
2042-08-07 00:00:00+00:00,5.0169907,15.333364
2042-08-08 00:00:00+00:00,4.0354743,11.550517
2042-08-09 00:00:00+00:00,0.30505913,11.601684
2042-08-10 00:00:00+00:00,0.1527727,9.063859
2042-08-11 00:00:00+00:00,5.3554034,15.608103
2042-08-12 00:00:00+00:00,0.0,21.558779
2042-08-13 00:00:00+00:00,0.0,14.438497
2042-08-14 00:00:00+00:00,0.614814,14.505379
2042-08-15 00:00:00+00:00,0.07696316,11.923513
2042-08-16 00:00:00+00:00,0.0,12.645305
2042-08-17 00:00:00+00:00,6.0200696,14.711644
2042-08-18 00:00:00+00:00,4.250746,11.422714
2042-08-19 00:00:00+00:00,0.92868567,13.503668
2042-08-20 00:00:00+00:00,0.0,10.8558235
2042-08-21 00:00:00+00:00,3.2589378,12.273159
2042-08-22 00:00:00+00:00,0.6215437,13.019637
2042-08-23 00:00:00+00:00,0.31116235,13.773911
2042-08-24 00:00:00+00:00,0.38943332,13.151761
2042-08-25 00:00:00+00:00,16.99991,13.219295
2042-08-26 00:00:00+00:00,2.5764537,12.588475
2042-08-27 00:00:00+00:00,2.892143,9.842301
2042-08-28 00:00:00+00:00,0.1565126,9.894343
2042-08-29 00:00:00+00:00,11.673432,10.657694
2042-08-30 00:00:00+00:00,0.47059637,13.572559
2042-08-31 00:00:00+00:00,0.07851898,17.955923
2042-09-01 00:00:00+00:00,99.5912,27.443201
2042-09-02 00:00:00+00:00,25.479803,24.635233
2042-09-03 00:00:00+00:00,0.078631975,12.330459
2042-09-04 00:00:00+00:00,1.4938244,17.425907
2042-09-05 00:00:00+00:00,0.078612424,13.083134
2042-09-06 00:00:00+00:00,0.23580672,13.096896
2042-09-07 00:00:00+00:00,4.7155046,11.653966
2042-09-08 00:00:00+00:00,6.129316,12.39544
2042-09-09 00:00:00+00:00,4.7927613,10.2188425
2042-09-10 00:00:00+00:00,0.0,12.421804
2042-09-11 00:00:00+00:00,5.4982653,13.898014
2042-09-12 00:00:00+00:00,0.78534496,9.51935
2042-09-13 00:00:00+00:00,0.078521974,10.26262
2042-09-14 00:00:00+00:00,4.710543,10.273675
2042-09-15 00:00:00+00:00,2.3548713,14.69254
2042-09-16 00:00:00+00:00,0.0,14.708465
2042-09-17 00:00:00+00:00,0.7062092,19.141788
2042-09-18 00:00:00+00:00,0.07845297,11.792408
2042-09-19 00:00:00+00:00,16.393488,9.591811
2042-09-20 00:00:00+00:00,7.999042,7.386412
2042-09-21 00:00:00+00:00,2.1953583,11.8312645
2042-09-22 00:00:00+00:00,4.3113804,9.623513
2042-09-23 00:00:00+00:00,7.7587466,9.634171
2042-09-24 00:00:00+00:00,6.503297,10.386782
2042-09-25 00:00:00+00:00,2.2716875,11.883833
2042-09-26 00:00:00+00:00,17.07254,10.409974
2042-09-27 00:00:00+00:00,3.601522,11.166047
2042-09-28 00:00:00+00:00,0.0,12.669082
2042-09-29 00:00:00+00:00,0.0,10.4451275
2042-09-30 00:00:00+00:00,0.46936446,11.203873
2042-10-01 00:00:00+00:00,8.602362,8.97327
2042-10-02 00:00:00+00:00,5.628823,7.4862385
2042-10-03 00:00:00+00:00,9.065604,7.4947877
2042-10-04 00:00:00+00:00,0.078124195,11.255062
2042-10-05 00:00:00+00:00,0.15619066,12.019194
2042-10-06 00:00:00+00:00,0.07806504,12.033051
2042-10-07 00:00:00+00:00,1.326565,12.799902
2042-10-08 00:00:00+00:00,8.813976,11.307132
2042-10-09 00:00:00+00:00,5.3795567,9.810919
2042-10-10 00:00:00+00:00,6.935547,7.555671
2042-10-11 00:00:00+00:00,0.23366496,9.833875
2042-10-12 00:00:00+00:00,0.0,11.360109
2042-10-13 00:00:00+00:00,0.0,12.889964
2042-10-14 00:00:00+00:00,0.5442957,12.905205
2042-10-15 00:00:00+00:00,0.0,9.88039
2042-10-16 00:00:00+00:00,0.0,9.131212
2042-10-17 00:00:00+00:00,0.077598356,11.42764
2042-10-18 00:00:00+00:00,0.6203067,11.441325
2042-10-19 00:00:00+00:00,0.0,9.164057
2042-10-20 00:00:00+00:00,0.0,12.99806
2042-10-21 00:00:00+00:00,0.0,7.655162
2042-10-22 00:00:00+00:00,0.0,9.963783
2042-10-23 00:00:00+00:00,0.07716304,9.208531
2042-10-24 00:00:00+00:00,0.0,9.219773
2042-10-25 00:00:00+00:00,0.0,12.308088
2042-10-26 00:00:00+00:00,0.0,10.012611
2042-10-27 00:00:00+00:00,6.598549,9.253805
2042-10-28 00:00:00+00:00,0.995665,7.7210426
2042-10-29 00:00:00+00:00,0.0,11.595936
2042-10-30 00:00:00+00:00,0.22879641,10.836348
2042-10-31 00:00:00+00:00,0.0,15.499834
2042-11-01 00:00:00+00:00,0.0,13.967333
2042-11-02 00:00:00+00:00,0.0,10.844442
2042-11-03 00:00:00+00:00,0.0,10.80616
2042-11-04 00:00:00+00:00,0.0,11.537482
2042-11-05 00:00:00+00:00,0.0,11.497401
2042-11-06 00:00:00+00:00,0.075297564,11.457776
2042-11-07 00:00:00+00:00,0.0,11.418597
2042-11-08 00:00:00+00:00,0.0,10.6212015
2042-11-09 00:00:00+00:00,0.0,10.585449
2042-11-10 00:00:00+00:00,0.0,9.042938
2042-11-11 00:00:00+00:00,0.0,10.515131
2042-11-12 00:00:00+00:00,0.0,12.726385
2042-11-13 00:00:00+00:00,0.0,10.446352
2042-11-14 00:00:00+00:00,0.0,10.412523
2042-11-15 00:00:00+00:00,0.0,10.379059
2042-11-16 00:00:00+00:00,0.0,10.345956
2042-11-17 00:00:00+00:00,0.0,11.049863
2042-11-18 00:00:00+00:00,0.0,11.015148
2042-11-19 00:00:00+00:00,0.0,10.980801
2042-11-20 00:00:00+00:00,0.0,11.676603
2042-11-21 00:00:00+00:00,0.0,11.640731
2042-11-22 00:00:00+00:00,0.0,14.506541
2042-11-23 00:00:00+00:00,0.0,15.908891
2042-11-24 00:00:00+00:00,0.0,12.977252
2042-11-25 00:00:00+00:00,0.0,10.782116
2042-11-26 00:00:00+00:00,0.0,10.033506
2042-11-27 00:00:00+00:00,0.0,9.2894335
2042-11-28 00:00:00+00:00,0.0,9.262318
2042-11-29 00:00:00+00:00,0.0,9.945895
2042-11-30 00:00:00+00:00,0.0,12.750783
2042-12-01 00:00:00+00:00,0.0,14.833412
2042-12-02 00:00:00+00:00,0.0,9.8608885
2042-12-03 00:00:00+00:00,0.0,12.642571
2042-12-04 00:00:00+00:00,0.0,11.206408
2042-12-05 00:00:00+00:00,0.0,9.77837
2042-12-06 00:00:00+00:00,0.0,9.751398
2042-12-07 00:00:00+00:00,0.0,8.335447
2042-12-08 00:00:00+00:00,0.0,12.469157
2042-12-09 00:00:00+00:00,0.0,14.508047
2042-12-10 00:00:00+00:00,0.0,15.847131
2042-12-11 00:00:00+00:00,0.0,12.369053
2042-12-12 00:00:00+00:00,0.0,15.763068
2042-12-13 00:00:00+00:00,0.0,13.670983
2042-12-14 00:00:00+00:00,0.0,12.953523
2042-12-15 00:00:00+00:00,0.0,14.279917
2042-12-16 00:00:00+00:00,0.0,11.530151
2042-12-17 00:00:00+00:00,0.0,15.559692
2042-12-18 00:00:00+00:00,0.0,14.170561
2042-12-19 00:00:00+00:00,0.0,12.788606
2042-12-20 00:00:00+00:00,0.0,12.756524
2042-12-21 00:00:00+00:00,0.0,14.7339
2042-12-22 00:00:00+00:00,0.0,14.029353
2042-12-23 00:00:00+00:00,0.0,13.9948435
2042-12-24 00:00:00+00:00,0.0,11.966265
2042-12-25 00:00:00+00:00,0.0,13.263565
2042-12-26 00:00:00+00:00,0.0,13.231569
2042-12-27 00:00:00+00:00,0.0,11.219874
2042-12-28 00:00:00+00:00,0.0,9.87631
2042-12-29 00:00:00+00:00,0.0,9.196075
2042-12-30 00:00:00+00:00,0.0,9.829768
2042-12-31 00:00:00+00:00,0.0,11.768161
2043-01-01 00:00:00+00:00,0.0,13.045373
2043-01-02 00:00:00+00:00,0.0,11.7197695
2043-01-03 00:00:00+00:00,0.0,12.350873
2043-01-04 00:00:00+00:00,0.0,12.330978
2043-01-05 00:00:00+00:00,0.0,12.9591465
2043-01-06 00:00:00+00:00,0.0,12.291496
2043-01-07 00:00:00+00:00,0.0,12.271903
2043-01-08 00:00:00+00:00,0.0,12.897274
2043-01-09 00:00:00+00:00,0.053825367,12.233016
2043-01-10 00:00:00+00:00,0.026787369,14.142201
2043-01-11 00:00:00+00:00,0.07998157,18.612686
2043-01-12 00:00:00+00:00,0.0,13.457039
2043-01-13 00:00:00+00:00,0.0,10.236976
2043-01-14 00:00:00+00:00,0.0,10.859863
2043-01-15 00:00:00+00:00,0.0,12.756499
2043-01-16 00:00:00+00:00,0.0,11.463107
2043-01-17 00:00:00+00:00,0.0,13.988889
2043-01-18 00:00:00+00:00,0.0,10.158123
2043-01-19 00:00:00+00:00,0.0,11.410409
2043-01-20 00:00:00+00:00,0.0,13.924797
2043-01-21 00:00:00+00:00,0.0,14.5356245
2043-01-22 00:00:00+00:00,0.0,17.037722
2043-01-23 00:00:00+00:00,0.0,19.532309
2043-01-24 00:00:00+00:00,0.0,18.24468
2043-01-25 00:00:00+00:00,0.0,18.845516
2043-01-26 00:00:00+00:00,0.0,16.30838
2043-01-27 00:00:00+00:00,0.80514765,18.163034
2043-01-28 00:00:00+00:00,1.0423508,17.510696
2043-01-29 00:00:00+00:00,8.211572,14.986974
2043-01-30 00:00:00+00:00,3.9944408,18.706099
2043-01-31 00:00:00+00:00,0.04750901,17.43337
2043-02-01 00:00:00+00:00,0.0,18.651258
2043-02-02 00:00:00+00:00,0.023418972,19.865637
2043-02-03 00:00:00+00:00,0.0,20.456636
2043-02-04 00:00:00+00:00,0.0,19.188976
2043-02-05 00:00:00+00:00,0.0,18.54314
2043-02-06 00:00:00+00:00,0.0,17.899212
2043-02-07 00:00:00+00:00,0.0,20.955154
2043-02-08 00:00:00+00:00,0.0,22.156055
2043-02-09 00:00:00+00:00,0.0,21.50988
2043-02-10 00:00:00+00:00,0.0,19.024519
2043-02-11 00:00:00+00:00,0.0,17.77191
2043-02-12 00:00:00+00:00,0.0,15.910927
2043-02-13 00:00:00+00:00,0.0,14.66633
2043-02-14 00:00:00+00:00,0.0,12.815024
2043-02-15 00:00:00+00:00,0.0,12.797096
2043-02-16 00:00:00+00:00,0.0,11.562179
2043-02-17 00:00:00+00:00,0.0,14.584557
2043-02-18 00:00:00+00:00,0.0,16.38489
2043-02-19 00:00:00+00:00,0.0,15.150239
2043-02-20 00:00:00+00:00,0.0,14.524203
2043-02-21 00:00:00+00:00,0.0,11.482546
2043-02-22 00:00:00+00:00,0.0,12.673872
2043-02-23 00:00:00+00:00,0.0,12.053894
2043-02-24 00:00:00+00:00,0.0,12.037507
2043-02-25 00:00:00+00:00,0.0,10.218016
2043-02-26 00:00:00+00:00,0.0,15.006192
2043-02-27 00:00:00+00:00,0.0,11.988788
2043-02-28 00:00:00+00:00,0.0,12.571327
2043-03-01 00:00:00+00:00,0.0,11.358838
2043-03-02 00:00:00+00:00,0.0,14.925901
2043-03-03 00:00:00+00:00,0.0,17.29102
2043-03-04 00:00:00+00:00,0.0,17.857588
2043-03-05 00:00:00+00:00,0.0,17.232962
2043-03-06 00:00:00+00:00,0.0,18.983408
2043-03-07 00:00:00+00:00,0.0,14.213458
2043-03-08 00:00:00+00:00,0.0,14.189468
2043-03-09 00:00:00+00:00,0.0,15.346047
2043-03-10 00:00:00+00:00,0.0,17.088013
2043-03-11 00:00:00+00:00,0.0,18.235914
2043-03-12 00:00:00+00:00,0.0,21.729109
2043-03-13 00:00:00+00:00,0.0,9.96702
2043-03-14 00:00:00+00:00,0.0,10.535789
2043-03-15 00:00:00+00:00,0.0,14.024452
2043-03-16 00:00:00+00:00,0.0,21.585321
2043-03-17 00:00:00+00:00,0.0,18.637634
2043-03-18 00:00:00+00:00,0.0,13.955259
2043-03-19 00:00:00+00:00,0.0,12.190843
2043-03-20 00:00:00+00:00,0.0,13.909626
2043-03-21 00:00:00+00:00,0.0,12.729708
2043-03-22 00:00:00+00:00,0.0,15.59743
2043-03-23 00:00:00+00:00,0.0,15.5721445
2043-03-24 00:00:00+00:00,0.0,12.667898
2043-03-25 00:00:00+00:00,0.0,10.34793
2043-03-26 00:00:00+00:00,0.0,13.775046
2043-03-27 00:00:00+00:00,0.0,17.191187
2043-03-28 00:00:00+00:00,0.0,17.163683
2043-03-29 00:00:00+00:00,0.0,16.565084
2043-03-30 00:00:00+00:00,0.0,14.827818
2043-03-31 00:00:00+00:00,0.0,14.234885
2043-04-01 00:00:00+00:00,0.0,12.506865
2043-04-02 00:00:00+00:00,0.0,14.189901
2043-04-03 00:00:00+00:00,0.0,14.734255
2043-04-04 00:00:00+00:00,0.0,16.408545
2043-04-05 00:00:00+00:00,0.0,19.207458
2043-04-06 00:00:00+00:00,0.0,15.793184
2043-04-07 00:00:00+00:00,0.0,11.826424
2043-04-08 00:00:00+00:00,0.0,17.9932
2043-04-09 00:00:00+00:00,0.0,17.965294
2043-04-10 00:00:00+00:00,0.0,16.255865
2043-04-11 00:00:00+00:00,0.0,17.350147
2043-04-12 00:00:00+00:00,0.0,17.323446
2043-04-13 00:00:00+00:00,0.0,13.391115
2043-04-14 00:00:00+00:00,0.0,13.92772
2043-04-15 00:00:00+00:00,0.0,13.906449
2043-04-16 00:00:00+00:00,0.0,19.994778
2043-04-17 00:00:00+00:00,0.0,17.191565
2043-04-18 00:00:00+00:00,0.0,15.504332
2043-04-19 00:00:00+00:00,0.0,14.375114
2043-04-20 00:00:00+00:00,0.0,12.69727
2043-04-21 00:00:00+00:00,0.0,11.575722
2043-04-22 00:00:00+00:00,0.0,13.20955
2043-04-23 00:00:00+00:00,0.0,14.288925
2043-04-24 00:00:00+00:00,0.0,13.170087
2043-04-25 00:00:00+00:00,0.0,12.054602
2043-04-26 00:00:00+00:00,0.0,12.036694
2043-04-27 00:00:00+00:00,0.0,11.472548
2043-04-28 00:00:00+00:00,0.0,9.273574
2043-04-29 00:00:00+00:00,0.0,10.894
2043-04-30 00:00:00+00:00,0.0,17.404766
2043-05-01 00:00:00+00:00,0.033261683,15.206825
2043-05-02 00:00:00+00:00,0.033333536,15.184571
2043-05-03 00:00:00+00:00,0.0,15.162404
2043-05-04 00:00:00+00:00,0.0,13.544588
2043-05-05 00:00:00+00:00,0.0,13.0092745
2043-05-06 00:00:00+00:00,0.0,13.015757
2043-05-07 00:00:00+00:00,0.0,15.735216
2043-05-08 00:00:00+00:00,0.0,16.828808
2043-05-09 00:00:00+00:00,0.0,15.750953
2043-05-10 00:00:00+00:00,0.0,13.585208
2043-05-11 00:00:00+00:00,0.0,19.02883
2043-05-12 00:00:00+00:00,0.0,19.038385
2043-05-13 00:00:00+00:00,0.0,19.592182
2043-05-14 00:00:00+00:00,0.0,14.157035
2043-05-15 00:00:00+00:00,0.0,15.798501
2043-05-16 00:00:00+00:00,0.0,17.441626
2043-05-17 00:00:00+00:00,0.0,21.26773
2043-05-18 00:00:00+00:00,0.24247228,21.278496
2043-05-19 00:00:00+00:00,0.0,24.018673
2043-05-20 00:00:00+00:00,0.0,19.661613
2043-05-21 00:00:00+00:00,0.0,15.300136
2043-05-22 00:00:00+00:00,0.0,21.321747
2043-05-23 00:00:00+00:00,0.0,24.61455
2043-05-24 00:00:00+00:00,0.9507796,20.248957
2043-05-25 00:00:00+00:00,0.5098864,14.783813
2043-05-26 00:00:00+00:00,0.76875645,18.626179
2043-05-27 00:00:00+00:00,0.0,24.116812
2043-05-28 00:00:00+00:00,0.0,19.193668
2043-05-29 00:00:00+00:00,0.0,16.460163
2043-05-30 00:00:00+00:00,0.0,18.115492
2043-05-31 00:00:00+00:00,0.0,18.124819
2043-06-01 00:00:00+00:00,0.0,23.62937
2043-06-02 00:00:00+00:00,0.0,23.641565
2043-06-03 00:00:00+00:00,0.0,20.35326
2043-06-04 00:00:00+00:00,0.0,21.464544
2043-06-05 00:00:00+00:00,0.0,20.92501
2043-06-06 00:00:00+00:00,0.0,15.977377
2043-06-07 00:00:00+00:00,0.0,12.6783
2043-06-08 00:00:00+00:00,0.0,16.545519
2043-06-09 00:00:00+00:00,0.06708816,27.590237
2043-06-10 00:00:00+00:00,0.0,13.802318
2043-06-11 00:00:00+00:00,0.0,21.542868
2043-06-12 00:00:00+00:00,0.0,19.896128
2043-06-13 00:00:00+00:00,0.0,12.718077
2043-06-14 00:00:00+00:00,0.0,22.683249
2043-06-15 00:00:00+00:00,2.1038978,17.713303
2043-06-16 00:00:00+00:00,0.0,20.49178
2043-06-17 00:00:00+00:00,0.0,16.62371
2043-06-18 00:00:00+00:00,0.0,19.404558
2043-06-19 00:00:00+00:00,0.0,22.18835
2043-06-20 00:00:00+00:00,0.0,20.535082
2043-06-21 00:00:00+00:00,0.0,21.656553
2043-06-22 00:00:00+00:00,0.0,22.77922
2043-06-23 00:00:00+00:00,0.0,20.567776
2043-06-24 00:00:00+00:00,0.6874048,19.46635
2043-06-25 00:00:00+00:00,0.48174933,20.589674
2043-06-26 00:00:00+00:00,5.0296674,27.838722
2043-06-27 00:00:00+00:00,0.48282668,21.168726
2043-06-28 00:00:00+00:00,0.3452427,17.27846
2043-06-29 00:00:00+00:00,0.06911956,18.960714
2043-06-30 00:00:00+00:00,5.881013,21.760717
2043-07-01 00:00:00+00:00,2.0083992,10.607068
2043-07-02 00:00:00+00:00,0.069319904,10.054202
2043-07-03 00:00:00+00:00,0.0,18.448975
2043-07-04 00:00:00+00:00,0.0,18.510027
2043-07-05 00:00:00+00:00,0.0,14.069496
2043-07-06 00:00:00+00:00,0.14041181,15.246097
2043-07-07 00:00:00+00:00,0.0,14.164522
2043-07-08 00:00:00+00:00,0.35351682,14.212813
2043-07-09 00:00:00+00:00,0.0,18.825352
2043-07-10 00:00:00+00:00,1.0676457,15.455872
2043-07-11 00:00:00+00:00,0.7140429,14.3609
2043-07-12 00:00:00+00:00,0.2148802,13.258456
2043-07-13 00:00:00+00:00,3.3048189,16.197886
2043-07-14 00:00:00+00:00,11.961293,12.7723255
2043-07-15 00:00:00+00:00,3.3963683,11.0703125
2043-07-16 00:00:00+00:00,0.0,11.110432
2043-07-17 00:00:00+00:00,0.0,14.672388
2043-07-18 00:00:00+00:00,0.0,12.370175
2043-07-19 00:00:00+00:00,0.07304605,17.737251
2043-07-20 00:00:00+00:00,0.14646213,13.055964
2043-07-21 00:00:00+00:00,7.3412075,13.700872
2043-07-22 00:00:00+00:00,0.22076766,17.340664
2043-07-23 00:00:00+00:00,0.14752522,15.606355
2043-07-24 00:00:00+00:00,2.365836,12.6538105
2043-07-25 00:00:00+00:00,1.481972,10.888351
2043-07-26 00:00:00+00:00,6.9063115,12.145656
2043-07-27 00:00:00+00:00,3.944309,14.632467
2043-07-28 00:00:00+00:00,0.8949268,15.302973
2043-07-29 00:00:00+00:00,0.2989217,14.135378
2043-07-30 00:00:00+00:00,0.22464179,16.04395
2043-07-31 00:00:00+00:00,0.0,15.489987
2043-08-01 00:00:00+00:00,0.0,16.176048
2043-08-02 00:00:00+00:00,1.0543939,15.618608
2043-08-03 00:00:00+00:00,27.691175,11.919952
2043-08-04 00:00:00+00:00,0.0,12.60042
2043-08-05 00:00:00+00:00,0.45433745,11.388787
2043-08-06 00:00:00+00:00,1.5929388,10.166953
2043-08-07 00:00:00+00:00,0.07598315,12.763891
2043-08-08 00:00:00+00:00,1.2177558,10.896842
2043-08-09 00:00:00+00:00,0.38117027,12.876477
2043-08-10 00:00:00+00:00,0.0,13.580587
2043-08-11 00:00:00+00:00,0.0,12.342479
2043-08-12 00:00:00+00:00,0.0,14.356165
2043-08-13 00:00:00+00:00,0.15341954,16.388544
2043-08-14 00:00:00+00:00,0.61458874,14.488572
2043-08-15 00:00:00+00:00,0.0,13.894501
2043-08-16 00:00:00+00:00,4.2375007,22.601744
2043-08-17 00:00:00+00:00,0.0,15.362038
2043-08-18 00:00:00+00:00,8.266818,12.751218
2043-08-19 00:00:00+00:00,0.23209375,14.161651
2043-08-20 00:00:00+00:00,0.15493497,18.29677
2043-08-21 00:00:00+00:00,2.5597675,20.42998
2043-08-22 00:00:00+00:00,0.0,15.056558
2043-08-23 00:00:00+00:00,0.0,17.195698
2043-08-24 00:00:00+00:00,0.0,13.826352
2043-08-25 00:00:00+00:00,1.0914083,15.981752
2043-08-26 00:00:00+00:00,0.07805121,18.159773
2043-08-27 00:00:00+00:00,1.5628647,18.956726
2043-08-28 00:00:00+00:00,21.35784,16.233498
2043-08-29 00:00:00+00:00,2.2713695,9.933896
2043-08-30 00:00:00+00:00,9.174084,17.834541
2043-08-31 00:00:00+00:00,0.0,16.496943
2043-09-01 00:00:00+00:00,1.5716566,14.423914
2043-09-02 00:00:00+00:00,9.279953,10.86566
2043-09-03 00:00:00+00:00,0.15726867,13.052376
2043-09-04 00:00:00+00:00,0.0,11.614232
2043-09-05 00:00:00+00:00,0.15722983,10.173102
2043-09-06 00:00:00+00:00,0.1572096,16.73052
2043-09-07 00:00:00+00:00,0.0,15.291794
2043-09-08 00:00:00+00:00,0.0,14.579012
2043-09-09 00:00:00+00:00,8.564421,16.05392
2043-09-10 00:00:00+00:00,4.3208723,15.340494
2043-09-11 00:00:00+00:00,9.190306,10.969188
2043-09-12 00:00:00+00:00,0.23561272,10.248862
2043-09-13 00:00:00+00:00,0.15705028,14.656946
2043-09-14 00:00:00+00:00,1.7272712,16.139997
2043-09-15 00:00:00+00:00,2.1979744,18.36071
2043-09-16 00:00:00+00:00,0.7063688,17.645372
2043-09-17 00:00:00+00:00,0.15694259,17.664541
2043-09-18 00:00:00+00:00,1.333764,7.368245
2043-09-19 00:00:00+00:00,12.864422,6.638668
2043-09-20 00:00:00+00:00,3.921299,7.3843846
2043-09-21 00:00:00+00:00,40.929913,8.131756
2043-09-22 00:00:00+00:00,10.347879,10.360923
2043-09-23 00:00:00+00:00,0.0,15.558577
2043-09-24 00:00:00+00:00,1.4887942,14.092432
2043-09-25 00:00:00+00:00,7.833885,10.395456
2043-09-26 00:00:00+00:00,0.93983257,8.9203415
2043-09-27 00:00:00+00:00,0.23489745,9.674526
2043-09-28 00:00:00+00:00,1.017615,10.430428
2043-09-29 00:00:00+00:00,1.6433789,14.171534
2043-09-30 00:00:00+00:00,15.099021,10.453988
2043-10-01 00:00:00+00:00,12.904554,11.213403
2043-10-02 00:00:00+00:00,7.662081,9.729338
2043-10-03 00:00:00+00:00,0.46895078,8.991177
2043-10-04 00:00:00+00:00,17.032604,10.501713
2043-10-05 00:00:00+00:00,11.949708,7.5098376
2043-10-06 00:00:00+00:00,98.68395,51.125717
2043-10-07 00:00:00+00:00,0.23412399,17.312504
2043-10-08 00:00:00+00:00,6.240665,13.56462
2043-10-09 00:00:00+00:00,4.834361,11.316995
2043-10-10 00:00:00+00:00,1.9484236,9.819504
2043-10-11 00:00:00+00:00,1.9474579,10.587225
2043-10-12 00:00:00+00:00,0.7007173,9.842534
2043-10-13 00:00:00+00:00,0.0,11.370146
2043-10-14 00:00:00+00:00,0.0,9.865767
2043-10-15 00:00:00+00:00,0.0,10.637264
2043-10-16 00:00:00+00:00,0.0,8.367787
2043-10-17 00:00:00+00:00,0.0,10.662613
2043-10-18 00:00:00+00:00,0.0,11.437899
2043-10-19 00:00:00+00:00,0.0,9.1613035
2043-10-20 00:00:00+00:00,0.0,12.229781
2043-10-21 00:00:00+00:00,0.0,9.183416
2043-10-22 00:00:00+00:00,0.0,9.194549
2043-10-23 00:00:00+00:00,0.0,9.972872
2043-10-24 00:00:00+00:00,0.0,9.985038
2043-10-25 00:00:00+00:00,0.0,9.997258
2043-10-26 00:00:00+00:00,0.0,11.549463
2043-10-27 00:00:00+00:00,0.0,12.334601
2043-10-28 00:00:00+00:00,0.0,9.262385
2043-10-29 00:00:00+00:00,0.0,8.501048
2043-10-30 00:00:00+00:00,0.0,10.8329735
2043-10-31 00:00:00+00:00,0.0,14.7202425
2043-11-01 00:00:00+00:00,0.0,10.084356
2043-11-02 00:00:00+00:00,0.0,8.528208
2043-11-03 00:00:00+00:00,0.0,7.725492
2043-11-04 00:00:00+00:00,0.0,7.6983833
2043-11-05 00:00:00+00:00,0.0,11.507379
2043-11-06 00:00:00+00:00,0.0,12.232149
2043-11-07 00:00:00+00:00,0.0,13.71402
2043-11-08 00:00:00+00:00,0.0,11.389502
2043-11-09 00:00:00+00:00,0.0,15.134786
2043-11-10 00:00:00+00:00,0.0,11.313104
2043-11-11 00:00:00+00:00,0.0,12.027241
2043-11-12 00:00:00+00:00,0.0,10.4891615
2043-11-13 00:00:00+00:00,0.0,8.961315
2043-11-14 00:00:00+00:00,0.0,11.1653
2043-11-15 00:00:00+00:00,0.0,10.387392
2043-11-16 00:00:00+00:00,0.0,10.354198
2043-11-17 00:00:00+00:00,0.0,10.32136
2043-11-18 00:00:00+00:00,0.0,8.819036
2043-11-19 00:00:00+00:00,0.0,10.25673
2043-11-20 00:00:00+00:00,0.0,10.224926
2043-11-21 00:00:00+00:00,0.0,10.92156
2043-11-22 00:00:00+00:00,0.0,9.436434
2043-11-23 00:00:00+00:00,0.0,10.855173
2043-11-24 00:00:00+00:00,0.0,12.986991
2043-11-25 00:00:00+00:00,0.0,11.509494
2043-11-26 00:00:00+00:00,0.0,11.475346
2043-11-27 00:00:00+00:00,0.0,11.4415455
2043-11-28 00:00:00+00:00,0.0,11.408088
2043-11-29 00:00:00+00:00,0.0,10.66403
2043-11-30 00:00:00+00:00,0.0,9.924404
2043-12-01 00:00:00+00:00,0.0,12.016571
2043-12-02 00:00:00+00:00,0.0,12.687268
2043-12-03 00:00:00+00:00,0.0,15.462906
2043-12-04 00:00:00+00:00,0.0,14.718685
2043-12-05 00:00:00+00:00,0.0,16.77455
2043-12-06 00:00:00+00:00,0.0,16.728199
2043-12-07 00:00:00+00:00,0.0,12.511724
2043-12-08 00:00:00+00:00,0.0,11.784427
2043-12-09 00:00:00+00:00,0.0,12.44386
2043-12-10 00:00:00+00:00,0.0,11.720948
2043-12-11 00:00:00+00:00,0.0,12.377285
2043-12-12 00:00:00+00:00,0.0,16.459293
2043-12-13 00:00:00+00:00,0.0,15.047956
2043-12-14 00:00:00+00:00,0.0,14.326387
2043-12-15 00:00:00+00:00,0.0,17.010914
2043-12-16 00:00:00+00:00,0.0,16.967014
2043-12-17 00:00:00+00:00,0.0,16.923521
2043-12-18 00:00:00+00:00,0.0,12.153909
2043-12-19 00:00:00+00:00,0.0,12.796674
2043-12-20 00:00:00+00:00,0.0,12.764518
2043-12-21 00:00:00+00:00,0.0,14.072932
2043-12-22 00:00:00+00:00,0.0,12.701074
2043-12-23 00:00:00+00:00,0.0,15.337103
2043-12-24 00:00:00+00:00,0.0,16.629957
2043-12-25 00:00:00+00:00,0.0,12.608029
2043-12-26 00:00:00+00:00,0.0,11.915585
2043-12-27 00:00:00+00:00,0.0,11.886978
2043-12-28 00:00:00+00:00,0.0,12.517436
2043-12-29 00:00:00+00:00,0.0,14.459517
2043-12-30 00:00:00+00:00,0.0,17.048273
2043-12-31 00:00:00+00:00,0.0,17.008375
2044-01-01 00:00:00+00:00,0.0,16.316172
2044-01-02 00:00:00+00:00,0.0,15.632695
2044-01-03 00:00:00+00:00,0.0,16.90802
2044-01-04 00:00:00+00:00,0.0,15.582245
2044-01-05 00:00:00+00:00,0.0,17.501863
2044-01-06 00:00:00+00:00,0.0,16.826664
2044-01-07 00:00:00+00:00,0.0,17.445967
2044-01-08 00:00:00+00:00,0.0,12.902395
2044-01-09 00:00:00+00:00,0.0,13.526051
2044-01-10 00:00:00+00:00,0.0,14.147777
2044-01-11 00:00:00+00:00,0.0,12.841379
2044-01-12 00:00:00+00:00,0.0,10.256996
2044-01-13 00:00:00+00:00,0.0,12.80121
2044-01-14 00:00:00+00:00,0.0,12.781278
2044-01-15 00:00:00+00:00,0.0,10.847225
2044-01-16 00:00:00+00:00,0.0,11.467535
2044-01-17 00:00:00+00:00,0.0,12.722066
2044-01-18 00:00:00+00:00,0.0,10.797146
2044-01-19 00:00:00+00:00,0.0,10.1464615
2044-01-20 00:00:00+00:00,0.0,11.397355
2044-01-21 00:00:00+00:00,0.0,15.805591
2044-01-22 00:00:00+00:00,0.0,17.675436
2044-01-23 00:00:00+00:00,0.0,18.909365
2044-01-24 00:00:00+00:00,0.0,17.622175
2044-01-25 00:00:00+00:00,0.0,16.3389
2044-01-26 00:00:00+00:00,0.0,15.68699
2044-01-27 00:00:00+00:00,0.0,15.663612
2044-01-28 00:00:00+00:00,0.0,15.014736
2044-01-29 00:00:00+00:00,0.0,16.241886
2044-01-30 00:00:00+00:00,0.0,14.970391
2044-01-31 00:00:00+00:00,0.0,15.57123
2044-02-01 00:00:00+00:00,0.0,15.548406
2044-02-02 00:00:00+00:00,0.0,16.767746
2044-02-03 00:00:00+00:00,0.11645353,20.464075
2044-02-04 00:00:00+00:00,0.0,17.338259
2044-02-05 00:00:00+00:00,0.0,19.786493
2044-02-06 00:00:00+00:00,0.0,19.140528
2044-02-07 00:00:00+00:00,0.0,16.030277
2044-02-08 00:00:00+00:00,0.0,15.391655
2044-02-09 00:00:00+00:00,0.0,15.984465
2044-02-10 00:00:00+00:00,0.0,17.189545
2044-02-11 00:00:00+00:00,0.0,19.617329
2044-02-12 00:00:00+00:00,0.0,17.753069
2044-02-13 00:00:00+00:00,0.0,17.728054
2044-02-14 00:00:00+00:00,0.0,15.871788
2044-02-15 00:00:00+00:00,0.0,14.630369
2044-02-16 00:00:00+00:00,0.0,14.001201
2044-02-17 00:00:00+00:00,0.0,14.589623
2044-02-18 00:00:00+00:00,0.0,15.7835045
2044-02-19 00:00:00+00:00,0.0,16.367907
2044-02-20 00:00:00+00:00,0.0,19.977652
2044-02-21 00:00:00+00:00,0.0,18.741108
2044-02-22 00:00:00+00:00,0.0,16.300552
2044-02-23 00:00:00+00:00,0.0,15.072502
2044-02-24 00:00:00+00:00,0.0,12.041597
2044-02-25 00:00:00+00:00,0.0,10.82274
2044-02-26 00:00:00+00:00,0.0,10.808107
2044-02-27 00:00:00+00:00,0.0,13.791746
2044-02-28 00:00:00+00:00,0.0,11.97671
2044-02-29 00:00:00+00:00,0.0,16.146902
2044-03-01 00:00:00+00:00,0.0,16.722582
2044-03-02 00:00:00+00:00,0.0,16.700323
2044-03-03 00:00:00+00:00,0.0,14.292166
2044-03-04 00:00:00+00:00,0.0,14.862318
2044-03-05 00:00:00+00:00,0.0,13.056629
2044-03-06 00:00:00+00:00,0.0,10.664604
2044-03-07 00:00:00+00:00,0.0,15.378409
2044-03-08 00:00:00+00:00,0.0,17.71443
2044-03-09 00:00:00+00:00,0.0,13.558248
2044-03-10 00:00:00+00:00,0.0,10.593027
2044-03-11 00:00:00+00:00,0.0,9.98781
2044-03-12 00:00:00+00:00,0.0,10.557708
2044-03-13 00:00:00+00:00,0.0,15.22468
2044-03-14 00:00:00+00:00,0.0,18.122417
2044-03-15 00:00:00+00:00,0.0,13.423442
2044-03-16 00:00:00+00:00,0.0,15.731978
2044-03-17 00:00:00+00:00,0.0,14.5427
2044-03-18 00:00:00+00:00,0.026438758,17.422625
2044-03-19 00:00:00+00:00,0.0,19.713354
2044-03-20 00:00:00+00:00,0.0,19.681204
2044-03-21 00:00:00+00:00,0.0,19.071272
2044-03-22 00:00:00+00:00,0.027673652,18.463352
2044-03-23 00:00:00+00:00,0.0,16.129295
2044-03-24 00:00:00+00:00,0.0,16.678385
2044-03-25 00:00:00+00:00,0.0,18.948307
2044-03-26 00:00:00+00:00,0.0,18.917889
2044-03-27 00:00:00+00:00,0.0,20.032307
2044-03-28 00:00:00+00:00,0.0,17.143131
2044-03-29 00:00:00+00:00,0.0,14.833715
2044-03-30 00:00:00+00:00,0.0,15.379776
2044-03-31 00:00:00+00:00,0.0,11.943095
2044-04-01 00:00:00+00:00,0.0,15.898964
2044-04-02 00:00:00+00:00,0.030090287,18.708536
2044-04-03 00:00:00+00:00,0.09078075,16.981022
2044-04-04 00:00:00+00:00,0.0,17.519545
2044-04-05 00:00:00+00:00,0.0,19.749197
2044-04-06 00:00:00+00:00,0.0,19.718388
2044-04-07 00:00:00+00:00,0.0,16.875181
2044-04-08 00:00:00+00:00,0.0,13.479197
2044-04-09 00:00:00+00:00,0.0,15.701386
2044-04-10 00:00:00+00:00,0.0,16.237045
2044-04-11 00:00:00+00:00,0.0,17.889147
2044-04-12 00:00:00+00:00,0.0,16.18714
2044-04-13 00:00:00+00:00,0.0,17.276983
2044-04-14 00:00:00+00:00,0.0,15.024701
2044-04-15 00:00:00+00:00,0.0,17.224285
2044-04-16 00:00:00+00:00,0.0,18.307652
2044-04-17 00:00:00+00:00,0.0,20.495632
2044-04-18 00:00:00+00:00,0.0,14.933645
2044-04-19 00:00:00+00:00,0.0,12.702058
2044-04-20 00:00:00+00:00,0.0,12.682939
2044-04-21 00:00:00+00:00,0.032501094,17.619335
2044-04-22 00:00:00+00:00,0.03259274,19.792068
2044-04-23 00:00:00+00:00,0.0,17.56667
2044-04-24 00:00:00+00:00,0.0,16.444212
2044-04-25 00:00:00+00:00,0.0,10.946512
2044-04-26 00:00:00+00:00,0.0,13.11634
2044-04-27 00:00:00+00:00,0.0,13.642647
2044-04-28 00:00:00+00:00,0.0,11.987817
2044-04-29 00:00:00+00:00,0.0,9.2496805
2044-04-30 00:00:00+00:00,0.0,14.669105
2044-05-01 00:00:00+00:00,0.0,16.275135
2044-05-02 00:00:00+00:00,0.0,12.459378
2044-05-03 00:00:00+00:00,0.0,10.834324
2044-05-04 00:00:00+00:00,0.0,11.923684
2044-05-05 00:00:00+00:00,0.0,13.014134
2044-05-06 00:00:00+00:00,0.0,14.105676
2044-05-07 00:00:00+00:00,0.0,16.826704
2044-05-08 00:00:00+00:00,0.0,17.378185
2044-05-09 00:00:00+00:00,0.0,17.386889
2044-05-10 00:00:00+00:00,0.0,18.482832
2044-05-11 00:00:00+00:00,0.0,11.421596
2044-05-12 00:00:00+00:00,0.0,14.148131
2044-05-13 00:00:00+00:00,0.115072064,16.332983
2044-05-14 00:00:00+00:00,0.0,16.341215
2044-05-15 00:00:00+00:00,0.0,11.989606
2044-05-16 00:00:00+00:00,0.0,9.814633
2044-05-17 00:00:00+00:00,0.0,10.910666
2044-05-18 00:00:00+00:00,0.0,18.01172
2044-05-19 00:00:00+00:00,0.0,18.566944
2044-05-20 00:00:00+00:00,0.0,15.298192
2044-05-21 00:00:00+00:00,0.0,10.386197
2044-05-22 00:00:00+00:00,0.0,16.95453
2044-05-23 00:00:00+00:00,0.0,18.057573
2044-05-24 00:00:00+00:00,0.0,14.781924
2044-05-25 00:00:00+00:00,0.0,10.955173
2044-05-26 00:00:00+00:00,0.0,12.604901
2044-05-27 00:00:00+00:00,0.0,14.804644
2044-05-28 00:00:00+00:00,0.0,17.555254
2044-05-29 00:00:00+00:00,0.0,17.015392
2044-05-30 00:00:00+00:00,0.0,13.729155
2044-05-31 00:00:00+00:00,0.0,15.384579
2044-06-01 00:00:00+00:00,0.0,14.842788
2044-06-02 00:00:00+00:00,0.0,15.400475
2044-06-03 00:00:00+00:00,0.0,15.408446
2044-06-04 00:00:00+00:00,0.0,22.023472
2044-06-05 00:00:00+00:00,0.06657043,19.83141
2044-06-06 00:00:00+00:00,0.0,17.08592
2044-06-07 00:00:00+00:00,0.0,17.094812
2044-06-08 00:00:00+00:00,0.0,14.345053
2044-06-09 00:00:00+00:00,0.0,28.153053
2044-06-10 00:00:00+00:00,0.0,28.167763
2044-06-11 00:00:00+00:00,0.0,21.551321
2044-06-12 00:00:00+00:00,0.0,16.586622
2044-06-13 00:00:00+00:00,0.0,16.595322
2044-06-14 00:00:00+00:00,0.0,16.604038
2044-06-15 00:00:00+00:00,0.0,16.059011
2044-06-16 00:00:00+00:00,0.0,14.405316
2044-06-17 00:00:00+00:00,0.0,14.967258
2044-06-18 00:00:00+00:00,0.0,21.630789
2044-06-19 00:00:00+00:00,0.61527574,22.75208
2044-06-20 00:00:00+00:00,0.0,21.098461
2044-06-21 00:00:00+00:00,0.0,19.443096
2044-06-22 00:00:00+00:00,0.0,23.3441
2044-06-23 00:00:00+00:00,2.1990347,22.800407
2044-06-24 00:00:00+00:00,2.270445,16.135704
2044-06-25 00:00:00+00:00,0.0,14.474204
2044-06-26 00:00:00+00:00,0.0,16.709919
2044-06-27 00:00:00+00:00,0.0,19.505327
2044-06-28 00:00:00+00:00,0.0,23.976517
2044-06-29 00:00:00+00:00,2.6976838,17.29466
2044-06-30 00:00:00+00:00,2.4925911,14.512985
2044-07-01 00:00:00+00:00,0.3465195,11.169835
2044-07-02 00:00:00+00:00,0.0,15.646186
2044-07-03 00:00:00+00:00,0.34807312,17.934258
2044-07-04 00:00:00+00:00,0.06988173,19.118559
2044-07-05 00:00:00+00:00,0.21042575,15.79748
2044-07-06 00:00:00+00:00,1.1967224,13.586431
2044-07-07 00:00:00+00:00,0.77706814,13.064633
2044-07-08 00:00:00+00:00,4.8909626,25.078905
2044-07-09 00:00:00+00:00,12.303506,12.58277
2044-07-10 00:00:00+00:00,9.061174,10.904761
2044-07-11 00:00:00+00:00,2.290292,12.094903
2044-07-12 00:00:00+00:00,0.35895047,15.027568
2044-07-13 00:00:00+00:00,0.21601029,11.020797
2044-07-14 00:00:00+00:00,0.0,13.970974
2044-07-15 00:00:00+00:00,0.21724628,15.189964
2044-07-16 00:00:00+00:00,5.083009,12.313544
2044-07-17 00:00:00+00:00,5.315053,12.947299
2044-07-18 00:00:00+00:00,1.897978,15.358016
2044-07-19 00:00:00+00:00,3.2201486,11.857955
2044-07-20 00:00:00+00:00,0.0733672,10.71231
2044-07-21 00:00:00+00:00,4.927534,17.921562
2044-07-22 00:00:00+00:00,0.0,14.99173
2044-07-23 00:00:00+00:00,1.7733662,15.65149
2044-07-24 00:00:00+00:00,0.66651624,17.525259
2044-07-25 00:00:00+00:00,4.750146,22.447401
2044-07-26 00:00:00+00:00,0.1487627,13.3998165
2044-07-27 00:00:00+00:00,6.559384,22.62579
2044-07-28 00:00:00+00:00,0.14938483,14.121151
2044-07-29 00:00:00+00:00,1.7213966,17.260565
2044-07-30 00:00:00+00:00,0.074991286,16.093102
2044-07-31 00:00:00+00:00,7.6639113,21.131466
2044-08-01 00:00:00+00:00,1.8066889,16.22645
2044-08-02 00:00:00+00:00,0.0,13.787564
2044-08-03 00:00:00+00:00,1.1333289,15.73385
2044-08-04 00:00:00+00:00,3.7087946,20.225113
2044-08-05 00:00:00+00:00,0.0,15.868756
2044-08-06 00:00:00+00:00,0.0,14.662526
2044-08-07 00:00:00+00:00,0.0,15.366919
2044-08-08 00:00:00+00:00,0.0,16.0778
2044-08-09 00:00:00+00:00,9.159101,12.273496
2044-08-10 00:00:00+00:00,18.958685,7.7864785
2044-08-11 00:00:00+00:00,0.0,12.384428
2044-08-12 00:00:00+00:00,0.07668101,14.405395
2044-08-13 00:00:00+00:00,0.0,15.787444
2044-08-14 00:00:00+00:00,4.537554,11.234809
2044-08-15 00:00:00+00:00,4.6210885,13.2794895
2044-08-16 00:00:00+00:00,0.15425351,18.012272
2044-08-17 00:00:00+00:00,4.0933785,10.724993
2044-08-18 00:00:00+00:00,23.974966,10.77677
2044-08-19 00:00:00+00:00,0.0,12.182945
2044-08-20 00:00:00+00:00,0.0,17.684147
2044-08-21 00:00:00+00:00,0.23293069,16.40489
2044-08-22 00:00:00+00:00,0.0,17.17409
2044-08-23 00:00:00+00:00,0.31135526,17.26101
2044-08-24 00:00:00+00:00,4.442246,17.349215
2044-08-25 00:00:00+00:00,0.07802798,13.253437
2044-08-26 00:00:00+00:00,0.31248146,15.4260435
2044-08-27 00:00:00+00:00,0.07821132,13.39259
2044-08-28 00:00:00+00:00,0.0,13.463756
2044-08-29 00:00:00+00:00,0.0,9.261483
2044-08-30 00:00:00+00:00,8.789313,15.041955
2044-08-31 00:00:00+00:00,0.3142465,17.284935
2044-09-01 00:00:00+00:00,0.0,13.759595
2044-09-02 00:00:00+00:00,0.5504568,16.67369
2044-09-03 00:00:00+00:00,6.9191923,16.691095
2044-09-04 00:00:00+00:00,3.5377831,15.982115
2044-09-05 00:00:00+00:00,4.716441,22.543903
2044-09-06 00:00:00+00:00,4.008448,19.655695
2044-09-07 00:00:00+00:00,0.78586394,18.947702
2044-09-08 00:00:00+00:00,8.171845,16.049662
2044-09-09 00:00:00+00:00,0.0,13.875802
2044-09-10 00:00:00+00:00,4.8702593,13.890595
2044-09-11 00:00:00+00:00,0.4712437,12.441717
2044-09-12 00:00:00+00:00,0.3926414,11.722409
2044-09-13 00:00:00+00:00,6.516792,8.067825
2044-09-14 00:00:00+00:00,15.3864765,7.342301
2044-09-15 00:00:00+00:00,8.555287,6.6152215
2044-09-16 00:00:00+00:00,6.4349394,11.037338
2044-09-17 00:00:00+00:00,5.0999255,8.102861
2044-09-18 00:00:00+00:00,13.17883,6.636853
2044-09-19 00:00:00+00:00,6.7449737,8.858832
2044-09-20 00:00:00+00:00,0.0,14.041896
2044-09-21 00:00:00+00:00,0.07839727,12.577651
2044-09-22 00:00:00+00:00,2.8216813,15.554273
2044-09-23 00:00:00+00:00,0.0,22.245031
2044-09-24 00:00:00+00:00,0.0,11.8772135
2044-09-25 00:00:00+00:00,6.735893,8.174696
2044-09-26 00:00:00+00:00,7.1256895,8.1838455
2044-09-27 00:00:00+00:00,9.941996,8.937853
2044-09-28 00:00:00+00:00,1.017402,12.676221
2044-09-29 00:00:00+00:00,2.9730852,10.451032
2044-09-30 00:00:00+00:00,0.23464645,8.220831
2044-10-01 00:00:00+00:00,0.0,9.726569
2044-10-02 00:00:00+00:00,0.0,8.988612
2044-10-03 00:00:00+00:00,0.0,10.498707
2044-10-04 00:00:00+00:00,0.0,9.009217
2044-10-05 00:00:00+00:00,0.0,9.019587
2044-10-06 00:00:00+00:00,0.0,9.7825
2044-10-07 00:00:00+00:00,0.0,11.300574
2044-10-08 00:00:00+00:00,0.23394729,13.576445
2044-10-09 00:00:00+00:00,1.091248,14.347394
2044-10-10 00:00:00+00:00,0.077908166,12.852154
2044-10-11 00:00:00+00:00,0.0,11.3534355
2044-10-12 00:00:00+00:00,0.0,14.397943
2044-10-13 00:00:00+00:00,1.088922,13.656257
2044-10-14 00:00:00+00:00,0.85505426,9.874531
2044-10-15 00:00:00+00:00,0.0,12.167707
2044-10-16 00:00:00+00:00,0.0,10.659432
2044-10-17 00:00:00+00:00,1.4738079,12.196774
2044-10-18 00:00:00+00:00,4.9604316,15.264255
2044-10-19 00:00:00+00:00,0.46464065,11.461966
2044-10-20 00:00:00+00:00,0.23210528,11.475801
2044-10-21 00:00:00+00:00,0.077291116,14.553621
2044-10-22 00:00:00+00:00,0.3088299,13.80439
2044-10-23 00:00:00+00:00,0.1542334,11.517683
2044-10-24 00:00:00+00:00,0.0,17.682041
2044-10-25 00:00:00+00:00,0.0,16.164278
2044-10-26 00:00:00+00:00,0.0,17.725527
2044-10-27 00:00:00+00:00,0.0,15.432536
2044-10-28 00:00:00+00:00,0.0,16.99682
2044-10-29 00:00:00+00:00,0.0,16.244406
2044-10-30 00:00:00+00:00,0.0,13.166633
2044-10-31 00:00:00+00:00,0.0,12.407628
2044-11-01 00:00:00+00:00,0.0,14.743662
2044-11-02 00:00:00+00:00,0.0,12.37171
2044-11-03 00:00:00+00:00,0.0,12.328211
2044-11-04 00:00:00+00:00,0.0,16.124336
2044-11-05 00:00:00+00:00,0.0,16.068544
2044-11-06 00:00:00+00:00,0.0,15.250839
2044-11-07 00:00:00+00:00,0.0,15.198896
2044-11-08 00:00:00+00:00,0.0,10.603274
2044-11-09 00:00:00+00:00,0.0,10.567723
2044-11-10 00:00:00+00:00,0.0,10.532566
2044-11-11 00:00:00+00:00,0.0,11.997479
2044-11-12 00:00:00+00:00,0.0,9.716019
2044-11-13 00:00:00+00:00,0.0,11.174349
2044-11-14 00:00:00+00:00,0.0,10.395745
2044-11-15 00:00:00+00:00,0.0,14.803517
2044-11-16 00:00:00+00:00,0.0,19.921251
2044-11-17 00:00:00+00:00,0.0,20.593925
2044-11-18 00:00:00+00:00,0.0,17.596687
2044-11-19 00:00:00+00:00,0.0,13.887433
2044-11-20 00:00:00+00:00,0.0,9.472629
2044-11-21 00:00:00+00:00,0.0,14.52867
2044-11-22 00:00:00+00:00,0.0,15.932981
2044-11-23 00:00:00+00:00,0.0,13.7188
2044-11-24 00:00:00+00:00,0.0,11.5180855
2044-11-25 00:00:00+00:00,0.0,11.48385
2044-11-26 00:00:00+00:00,0.0,12.165586
2044-11-27 00:00:00+00:00,0.0,12.129946
2044-11-28 00:00:00+00:00,0.0,10.671764
2044-11-29 00:00:00+00:00,0.0,11.350343
2044-11-30 00:00:00+00:00,0.0,10.6104355
2044-12-01 00:00:00+00:00,0.0,14.81232
2044-12-02 00:00:00+00:00,0.0,15.4738035
2044-12-03 00:00:00+00:00,0.0,12.6248455
2044-12-04 00:00:00+00:00,0.0,13.988506
2044-12-05 00:00:00+00:00,0.0,12.554808
2044-12-06 00:00:00+00:00,0.0,15.998158
2044-12-07 00:00:00+00:00,0.0,15.95449
2044-12-08 00:00:00+00:00,0.0,14.527651
2044-12-09 00:00:00+00:00,0.0,16.558329
2044-12-10 00:00:00+00:00,0.0,14.449795
2044-12-11 00:00:00+00:00,0.0,13.725161
2044-12-12 00:00:00+00:00,0.0,15.742302
2044-12-13 00:00:00+00:00,0.0,16.383713
2044-12-14 00:00:00+00:00,0.0,16.341074
2044-12-15 00:00:00+00:00,0.0,16.298836
2044-12-16 00:00:00+00:00,0.0,16.256985
2044-12-17 00:00:00+00:00,0.0,16.215519
2044-12-18 00:00:00+00:00,0.0,18.196238
2044-12-19 00:00:00+00:00,0.0,18.822676
2044-12-20 00:00:00+00:00,0.0,17.434494
2044-12-21 00:00:00+00:00,0.058590103,18.72897
2044-12-22 00:00:00+00:00,0.0,17.348263
2044-12-23 00:00:00+00:00,0.0,15.974519
2044-12-24 00:00:00+00:00,0.0,16.59959
2044-12-25 00:00:00+00:00,0.0,11.922777
2044-12-26 00:00:00+00:00,0.0,20.484293
2044-12-27 00:00:00+00:00,0.0,17.798534
2044-12-28 00:00:00+00:00,0.0,13.152799
2044-12-29 00:00:00+00:00,0.0,13.77786
2044-12-30 00:00:00+00:00,0.0,21.60017
2044-12-31 00:00:00+00:00,0.32356253,22.855913
2045-01-01 00:00:00+00:00,0.0,14.335785
2045-01-02 00:00:00+00:00,0.0,14.312574
2045-01-03 00:00:00+00:00,0.0,11.04187
2045-01-04 00:00:00+00:00,0.0,11.024116
2045-01-05 00:00:00+00:00,0.0,14.891082
2045-01-06 00:00:00+00:00,0.1360974,15.513709
2045-01-07 00:00:00+00:00,0.0,17.425154
2045-01-08 00:00:00+00:00,0.0,17.397526
2045-01-09 00:00:00+00:00,0.0,16.726696
2045-01-10 00:00:00+00:00,0.0,17.342678
2045-01-11 00:00:00+00:00,0.0,17.315464
2045-01-12 00:00:00+00:00,0.0,21.130245
2045-01-13 00:00:00+00:00,0.0,19.81869
2045-01-14 00:00:00+00:00,0.0,18.511267
2045-01-15 00:00:00+00:00,0.0,19.757275
2045-01-16 00:00:00+00:00,0.0,17.181406
2045-01-17 00:00:00+00:00,0.0,19.061102
2045-01-18 00:00:00+00:00,0.0,17.128708
2045-01-19 00:00:00+00:00,0.0,15.20227
2045-01-20 00:00:00+00:00,0.0,14.546669
2045-01-21 00:00:00+00:00,0.0,14.524605
2045-01-22 00:00:00+00:00,0.0,15.1332035
2045-01-23 00:00:00+00:00,0.0,15.110405
2045-01-24 00:00:00+00:00,0.0,11.944442
2045-01-25 00:00:00+00:00,0.0,13.181995
2045-01-26 00:00:00+00:00,0.0,13.789114
2045-01-27 00:00:00+00:00,0.0,12.516924
2045-01-28 00:00:00+00:00,0.0,13.123299
2045-01-29 00:00:00+00:00,0.0,11.855929
2045-01-30 00:00:00+00:00,0.0,15.576948
2045-01-31 00:00:00+00:00,0.0,16.798428
2045-02-01 00:00:00+00:00,0.0,17.395123
2045-02-02 00:00:00+00:00,0.0,17.990128
2045-02-03 00:00:00+00:00,0.0,18.583443
2045-02-04 00:00:00+00:00,0.0,16.082336
2045-02-05 00:00:00+00:00,0.0,13.588495
2045-02-06 00:00:00+00:00,0.0,14.185722
2045-02-07 00:00:00+00:00,0.0,11.085957
2045-02-08 00:00:00+00:00,0.0,11.070117
2045-02-09 00:00:00+00:00,0.0,9.826089
2045-02-10 00:00:00+00:00,0.0,11.651917
2045-02-11 00:00:00+00:00,0.0,11.63543
2045-02-12 00:00:00+00:00,0.0,11.61902
2045-02-13 00:00:00+00:00,0.0,10.992018
2045-02-14 00:00:00+00:00,0.0,10.976614
2045-02-15 00:00:00+00:00,0.0,11.570241
2045-02-16 00:00:00+00:00,0.0,11.554133
2045-02-17 00:00:00+00:00,0.0,13.359901
2045-02-18 00:00:00+00:00,0.0,15.767132
2045-02-19 00:00:00+00:00,0.0,14.534206
2045-02-20 00:00:00+00:00,0.0,15.118986
2045-02-21 00:00:00+00:00,0.0,14.494338
2045-02-22 00:00:00+00:00,0.0,16.283854
2045-02-23 00:00:00+00:00,0.0,13.25026
2045-02-24 00:00:00+00:00,0.0,12.029341
2045-02-25 00:00:00+00:00,0.0,17.418945
2045-02-26 00:00:00+00:00,0.0,20.394667
2045-02-27 00:00:00+00:00,0.0,22.164352
2045-02-28 00:00:00+00:00,0.0,20.938177
2045-03-01 00:00:00+00:00,0.0,20.910198
2045-03-02 00:00:00+00:00,0.0,16.705877
2045-03-03 00:00:00+00:00,0.0,11.915223
2045-03-04 00:00:00+00:00,0.0,18.43712
2045-03-05 00:00:00+00:00,0.0,24.34314
2045-03-06 00:00:00+00:00,0.0,19.560051
2045-03-07 00:00:00+00:00,0.0,17.160086
2045-03-08 00:00:00+00:00,0.0,13.586784
2045-03-09 00:00:00+00:00,0.0,17.102365
2045-03-10 00:00:00+00:00,0.0,16.484945
2045-03-11 00:00:00+00:00,0.0,14.694092
2045-03-12 00:00:00+00:00,0.0,12.322457
2045-03-13 00:00:00+00:00,0.0,11.716159
2045-03-14 00:00:00+00:00,0.0,12.281564
2045-03-15 00:00:00+00:00,0.0,10.5096445
2045-03-16 00:00:00+00:00,0.0,12.241026
2045-03-17 00:00:00+00:00,0.0,16.294514
2045-03-18 00:00:00+00:00,0.0,18.591753
2045-03-19 00:00:00+00:00,0.0,12.180872
2045-03-20 00:00:00+00:00,0.0,20.268322
2045-03-21 00:00:00+00:00,0.0,17.922722
2045-03-22 00:00:00+00:00,0.0,12.1214905
2045-03-23 00:00:00+00:00,0.0,12.678144
2045-03-24 00:00:00+00:00,0.0,11.506974
2045-03-25 00:00:00+00:00,0.0,11.488443
2045-03-26 00:00:00+00:00,0.0,12.616988
2045-03-27 00:00:00+00:00,0.0,11.451614
2045-03-28 00:00:00+00:00,0.0,10.86165
2045-03-29 00:00:00+00:00,0.0,15.4103775
2045-03-30 00:00:00+00:00,0.0,16.52558
2045-03-31 00:00:00+00:00,0.0,14.223603
2045-04-01 00:00:00+00:00,0.0,15.905247
2045-04-02 00:00:00+00:00,0.0,15.313013
2045-04-03 00:00:00+00:00,0.0,15.288927
2045-04-04 00:00:00+00:00,0.0,15.264937
2045-04-05 00:00:00+00:00,0.0,16.934498
2045-04-06 00:00:00+00:00,0.0,18.035273
2045-04-07 00:00:00+00:00,0.0,16.881746
2045-04-08 00:00:00+00:00,0.0,16.85553
2045-04-09 00:00:00+00:00,0.0,14.585501
2045-04-10 00:00:00+00:00,0.0,16.803423
2045-04-11 00:00:00+00:00,0.0,17.336782
2045-04-12 00:00:00+00:00,0.0,15.076572
2045-04-13 00:00:00+00:00,0.0,11.708243
2045-04-14 00:00:00+00:00,0.0,9.463611
2045-04-15 00:00:00+00:00,0.0,15.563347
2045-04-16 00:00:00+00:00,0.0,16.649647
2045-04-17 00:00:00+00:00,0.0,16.624378
2045-04-18 00:00:00+00:00,0.0,17.152521
2045-04-19 00:00:00+00:00,0.0,14.9167385
2045-04-20 00:00:00+00:00,0.0,17.65247
2045-04-21 00:00:00+00:00,0.0,14.321084
2045-04-22 00:00:00+00:00,0.0,17.04955
2045-04-23 00:00:00+00:00,0.0,17.024065
2045-04-24 00:00:00+00:00,0.032747142,15.901994
2045-04-25 00:00:00+00:00,0.03283212,13.688227
2045-04-26 00:00:00+00:00,0.0,15.308067
2045-04-27 00:00:00+00:00,0.0,24.565844
2045-04-28 00:00:00+00:00,0.0,25.619781
2045-04-29 00:00:00+00:00,0.0,16.873268
2045-04-30 00:00:00+00:00,0.0,15.761487
2045-05-01 00:00:00+00:00,0.0,16.823795
2045-05-02 00:00:00+00:00,0.0,16.799208
2045-05-03 00:00:00+00:00,0.0,16.24947
2045-05-04 00:00:00+00:00,0.0,15.71563
2045-05-05 00:00:00+00:00,0.0,14.639079
2045-05-06 00:00:00+00:00,0.0,15.188833
2045-05-07 00:00:00+00:00,0.0,14.110958
2045-05-08 00:00:00+00:00,0.0,21.72002
2045-05-09 00:00:00+00:00,0.0,20.644344
2045-05-10 00:00:00+00:00,0.0,18.480515
2045-05-11 00:00:00+00:00,0.0,22.296509
2045-05-12 00:00:00+00:00,0.0,19.043169
2045-05-13 00:00:00+00:00,0.057308532,15.2422
2045-05-14 00:00:00+00:00,0.0,15.794518
2045-05-15 00:00:00+00:00,0.0,16.347399
2045-05-16 00:00:00+00:00,0.0,15.810469
2045-05-17 00:00:00+00:00,0.0,14.727538
2045-05-18 00:00:00+00:00,0.0,13.643514
2045-05-19 00:00:00+00:00,0.0,14.742469
2045-05-20 00:00:00+00:00,0.06193475,15.296248
2045-05-21 00:00:00+00:00,0.0,16.943743
2045-05-22 00:00:00+00:00,0.0,17.499222
2045-05-23 00:00:00+00:00,0.0,15.866756
2045-05-24 00:00:00+00:00,0.0,17.517082
2045-05-25 00:00:00+00:00,0.0,17.526035
2045-05-26 00:00:00+00:00,0.0,17.535007
2045-05-27 00:00:00+00:00,0.0,15.350997
2045-05-28 00:00:00+00:00,0.0,15.907406
2045-05-29 00:00:00+00:00,0.0,17.562021
2045-05-30 00:00:00+00:00,0.0,17.021961
2045-05-31 00:00:00+00:00,0.0,12.635703
2045-06-01 00:00:00+00:00,0.0,20.887152
2045-06-02 00:00:00+00:00,0.0,17.59827
2045-06-03 00:00:00+00:00,0.0,15.956681
2045-06-04 00:00:00+00:00,0.0,18.167011
2045-06-05 00:00:00+00:00,0.0,17.625633
2045-06-06 00:00:00+00:00,0.0,17.634789
2045-06-07 00:00:00+00:00,0.0,17.64396
2045-06-08 00:00:00+00:00,0.0,17.10149
2045-06-09 00:00:00+00:00,0.0,14.902612
2045-06-10 00:00:00+00:00,0.0,18.776054
2045-06-11 00:00:00+00:00,0.0,19.3384
2045-06-12 00:00:00+00:00,0.0,19.901342
2045-06-13 00:00:00+00:00,0.0,22.124193
2045-06-14 00:00:00+00:00,0.0,21.02902
2045-06-15 00:00:00+00:00,0.0,20.48639
2045-06-16 00:00:00+00:00,0.0,19.943197
2045-06-17 00:00:00+00:00,0.0,22.17079
2045-06-18 00:00:00+00:00,0.0,21.627932
2045-06-19 00:00:00+00:00,0.0,17.755375
2045-06-20 00:00:00+00:00,0.0,17.764774
2045-06-21 00:00:00+00:00,0.0,17.218746
2045-06-22 00:00:00+00:00,0.13722786,16.11641
2045-06-23 00:00:00+00:00,0.06869902,20.017208
2045-06-24 00:00:00+00:00,0.0,20.02786
2045-06-25 00:00:00+00:00,0.0,20.038534
2045-06-26 00:00:00+00:00,0.0,18.93538
2045-06-27 00:00:00+00:00,0.3450609,21.731606
2045-06-28 00:00:00+00:00,1.4507709,21.185713
2045-06-29 00:00:00+00:00,28.284084,12.8298025
2045-06-30 00:00:00+00:00,19.93594,15.627272
2045-07-01 00:00:00+00:00,0.0,10.609918
2045-07-02 00:00:00+00:00,5.686828,13.409211
2045-07-03 00:00:00+00:00,13.561613,6.1598067
2045-07-04 00:00:00+00:00,3.5605965,6.180267
2045-07-05 00:00:00+00:00,10.441548,6.7646704
2045-07-06 00:00:00+00:00,5.1342845,7.918721
2045-07-07 00:00:00+00:00,0.0,8.51316
2045-07-08 00:00:00+00:00,0.0,18.223558
2045-07-09 00:00:00+00:00,1.4212065,17.143496
2045-07-10 00:00:00+00:00,10.052035,9.174962
2045-07-11 00:00:00+00:00,2.789131,7.480752
2045-07-12 00:00:00+00:00,4.662837,8.6620865
2045-07-13 00:00:00+00:00,25.758303,8.692877
2045-07-14 00:00:00+00:00,4.1852903,11.632023
2045-07-15 00:00:00+00:00,0.0,11.674014
2045-07-16 00:00:00+00:00,0.36282545,9.373193
2045-07-17 00:00:00+00:00,0.5820858,10.5835085
2045-07-18 00:00:00+00:00,0.87542397,12.983205
2045-07-19 00:00:00+00:00,0.4388344,13.623915
2045-07-20 00:00:00+00:00,0.0,11.891364
2045-07-21 00:00:00+00:00,2.5725396,11.936373
2045-07-22 00:00:00+00:00,9.062195,11.981914
2045-07-23 00:00:00+00:00,0.0,11.4265995
2045-07-24 00:00:00+00:00,1.1102387,11.470907
2045-07-25 00:00:00+00:00,1.2610673,13.940116
2045-07-26 00:00:00+00:00,0.0,16.42898
2045-07-27 00:00:00+00:00,1.1919917,16.494267
2045-07-28 00:00:00+00:00,0.22396263,19.01374
2045-07-29 00:00:00+00:00,0.0,13.548139
2045-07-30 00:00:00+00:00,0.97440946,12.985
2045-07-31 00:00:00+00:00,2.8538144,11.796598
2045-08-01 00:00:00+00:00,0.22573017,13.092365
2045-08-02 00:00:00+00:00,0.3769182,16.277327
2045-08-03 00:00:00+00:00,0.45312768,10.059027
2045-08-04 00:00:00+00:00,1.5887827,10.101784
2045-08-05 00:00:00+00:00,6.6694207,12.047294
2045-08-06 00:00:00+00:00,0.45551392,14.646629
2045-08-07 00:00:00+00:00,0.0,12.152174
2045-08-08 00:00:00+00:00,16.453192,12.84805
2045-08-09 00:00:00+00:00,20.065683,12.905091
2045-08-10 00:00:00+00:00,0.076416396,14.259182
2045-08-11 00:00:00+00:00,10.102658,19.532207
2045-08-12 00:00:00+00:00,1.0731297,11.118719
2045-08-13 00:00:00+00:00,15.353385,7.8846173
2045-08-14 00:00:00+00:00,6.1503825,10.561631
2045-08-15 00:00:00+00:00,0.076990716,9.947919
2045-08-16 00:00:00+00:00,3.5465896,11.993947
2045-08-17 00:00:00+00:00,12.121503,10.042652
2045-08-18 00:00:00+00:00,0.0,8.745551
2045-08-19 00:00:00+00:00,0.0,16.22413
2045-08-20 00:00:00+00:00,0.0,15.624424
2045-08-21 00:00:00+00:00,0.0,15.701824
2045-08-22 00:00:00+00:00,0.0,11.663738
2045-08-23 00:00:00+00:00,0.0,13.101761
2045-08-24 00:00:00+00:00,0.38955227,13.861632
2045-08-25 00:00:00+00:00,2.8861723,11.843038
2045-08-26 00:00:00+00:00,29.442717,29.411345
2045-08-27 00:00:00+00:00,0.46913227,12.6710205
2045-08-28 00:00:00+00:00,14.168432,12.03051
2045-08-29 00:00:00+00:00,0.0,8.537586
2045-08-30 00:00:00+00:00,4.3934474,12.160313
2045-08-31 00:00:00+00:00,5.183662,12.945948
2045-09-01 00:00:00+00:00,2.9091244,15.186934
2045-09-02 00:00:00+00:00,2.7523663,17.394104
2045-09-03 00:00:00+00:00,0.07862959,19.58878
2045-09-04 00:00:00+00:00,2.0441167,15.97793
2045-09-05 00:00:00+00:00,8.09682,14.540633
2045-09-06 00:00:00+00:00,1.5719926,16.739326
2045-09-07 00:00:00+00:00,0.0,14.571305
2045-09-08 00:00:00+00:00,6.2862573,8.752041
2045-09-09 00:00:00+00:00,17.834717,8.761335
2045-09-10 00:00:00+00:00,0.23566654,9.501558
2045-09-11 00:00:00+00:00,6.597665,13.901729
2045-09-12 00:00:00+00:00,0.392657,10.254357
2045-09-13 00:00:00+00:00,4.318533,13.198343
2045-09-14 00:00:00+00:00,0.078505754,14.680638
2045-09-15 00:00:00+00:00,0.0,11.757211
2045-09-16 00:00:00+00:00,6.827622,13.24121
2045-09-17 00:00:00+00:00,9.65108,10.309923
2045-09-18 00:00:00+00:00,11.610483,11.795629
2045-09-19 00:00:00+00:00,3.0589206,19.188875
2045-09-20 00:00:00+00:00,0.0,7.38844
2045-09-21 00:00:00+00:00,0.0,10.355208
2045-09-22 00:00:00+00:00,0.0783844,14.809498
2045-09-23 00:00:00+00:00,0.39183348,13.343316
2045-09-24 00:00:00+00:00,0.39174154,9.647552
2045-09-25 00:00:00+00:00,1.4099258,13.37304
2045-09-26 00:00:00+00:00,0.07830937,11.900443
2045-09-27 00:00:00+00:00,0.0,13.403016
2045-09-28 00:00:00+00:00,0.0,14.163548
2045-09-29 00:00:00+00:00,0.0,14.179536
2045-09-30 00:00:00+00:00,0.23466444,14.195591
2045-10-01 00:00:00+00:00,0.54737973,13.463729
2045-10-02 00:00:00+00:00,2.0324621,16.474419
2045-10-03 00:00:00+00:00,3.2039447,13.494473
2045-10-04 00:00:00+00:00,1.3279909,9.757183
2045-10-05 00:00:00+00:00,8.043053,9.768404
2045-10-06 00:00:00+00:00,6.0884643,7.522827
2045-10-07 00:00:00+00:00,10.221278,7.531533
2045-10-08 00:00:00+00:00,12.946533,11.310416
2045-10-09 00:00:00+00:00,6.548262,11.323589
2045-10-10 00:00:00+00:00,1.402522,12.092606
2045-10-11 00:00:00+00:00,0.0,12.10678
2045-10-12 00:00:00+00:00,5.370696,8.333198
2045-10-13 00:00:00+00:00,3.5784168,7.5845695
2045-10-14 00:00:00+00:00,0.0,9.871607
2045-10-15 00:00:00+00:00,0.0,8.362812
2045-10-16 00:00:00+00:00,0.0,8.372772
2045-10-17 00:00:00+00:00,0.0,8.382775
2045-10-18 00:00:00+00:00,0.0,9.155805
2045-10-19 00:00:00+00:00,0.0,9.166814
2045-10-20 00:00:00+00:00,0.0,8.413048
2045-10-21 00:00:00+00:00,0.0,8.423228
2045-10-22 00:00:00+00:00,0.0,9.200132
2045-10-23 00:00:00+00:00,0.0,9.211338
2045-10-24 00:00:00+00:00,0.0,12.29679
2045-10-25 00:00:00+00:00,0.0,10.003388
2045-10-26 00:00:00+00:00,0.0,9.2452545
2045-10-27 00:00:00+00:00,0.0,9.256661
2045-10-28 00:00:00+00:00,0.0,10.040463
2045-10-29 00:00:00+00:00,0.0,9.279631
2045-10-30 00:00:00+00:00,0.0,9.291194
2045-10-31 00:00:00+00:00,0.0,9.30281
2045-11-01 00:00:00+00:00,0.0,11.643097
2045-11-02 00:00:00+00:00,0.0,13.156579
2045-11-03 00:00:00+00:00,0.0,9.254279
2045-11-04 00:00:00+00:00,0.0,10.758924
2045-11-05 00:00:00+00:00,0.0,10.7216215
2045-11-06 00:00:00+00:00,0.0,9.158351
2045-11-07 00:00:00+00:00,0.0,9.887688
2045-11-08 00:00:00+00:00,0.0,12.886274
2045-11-09 00:00:00+00:00,0.0,11.332043
2045-11-10 00:00:00+00:00,0.0,11.29427
2045-11-11 00:00:00+00:00,0.0,11.256911
2045-11-12 00:00:00+00:00,0.0,8.975972
2045-11-13 00:00:00+00:00,0.0,12.674545
2045-11-14 00:00:00+00:00,0.0,14.11988
2045-11-15 00:00:00+00:00,0.0,10.370749
2045-11-16 00:00:00+00:00,0.0,11.814555
2045-11-17 00:00:00+00:00,0.0,11.041149
2045-11-18 00:00:00+00:00,0.0,13.941601
2045-11-19 00:00:00+00:00,0.0,13.166726
2045-11-20 00:00:00+00:00,0.0,11.667602
2045-11-21 00:00:00+00:00,0.0,11.631822
2045-11-22 00:00:00+00:00,0.0,12.321194
2045-11-23 00:00:00+00:00,0.0,10.116204
2045-11-24 00:00:00+00:00,0.0,10.085861
2045-11-25 00:00:00+00:00,0.0,15.083742
2045-11-26 00:00:00+00:00,0.0,12.890703
2045-11-27 00:00:00+00:00,0.0,11.424774
2045-11-28 00:00:00+00:00,0.0,12.103453
2045-11-29 00:00:00+00:00,0.0,12.068438
2045-11-30 00:00:00+00:00,0.0,12.741643
2045-12-01 00:00:00+00:00,0.0,12.705303
2045-12-02 00:00:00+00:00,0.0,13.373176
2045-12-03 00:00:00+00:00,0.0,14.037442
2045-12-04 00:00:00+00:00,0.0,11.198597
2045-12-05 00:00:00+00:00,0.0,14.657402
2045-12-06 00:00:00+00:00,0.0,13.920994
2045-12-07 00:00:00+00:00,0.0,12.494634
2045-12-08 00:00:00+00:00,0.0,13.152965
2045-12-09 00:00:00+00:00,0.0,13.117493
2045-12-10 00:00:00+00:00,0.0,13.0823555
2045-12-11 00:00:00+00:00,0.0,13.047553
2045-12-12 00:00:00+00:00,0.0,13.013076
2045-12-13 00:00:00+00:00,0.0657556,12.978925
2045-12-14 00:00:00+00:00,8.010575,12.945093
2045-12-15 00:00:00+00:00,2.3845727,12.232018
2045-12-16 00:00:00+00:00,0.12742661,14.911793
2045-12-17 00:00:00+00:00,1.195396,12.845463
2045-12-18 00:00:00+00:00,0.0,14.161585
2045-12-19 00:00:00+00:00,0.0,14.798542
2045-12-20 00:00:00+00:00,0.0,12.748548
2045-12-21 00:00:00+00:00,0.0,14.05544
2045-12-22 00:00:00+00:00,0.0,11.350088
2045-12-23 00:00:00+00:00,0.0,13.320252
2045-12-24 00:00:00+00:00,0.0,19.26724
2045-12-25 00:00:00+00:00,0.0,13.25554
2045-12-26 00:00:00+00:00,0.0,15.207155
2045-12-27 00:00:00+00:00,0.0,16.489958
2045-12-28 00:00:00+00:00,0.0,15.792718
2045-12-29 00:00:00+00:00,0.0,15.755405
2045-12-30 00:00:00+00:00,0.0,17.683212
2045-12-31 00:00:00+00:00,0.0,11.107901
2046-01-01 00:00:00+00:00,0.0,14.993498
2046-01-02 00:00:00+00:00,0.0,16.270868
2046-01-03 00:00:00+00:00,0.055209965,16.244593
2046-01-04 00:00:00+00:00,0.0,18.164665
2046-01-05 00:00:00+00:00,0.0,18.783234
2046-01-06 00:00:00+00:00,0.0,20.693203
2046-01-07 00:00:00+00:00,0.0,21.951511
2046-01-08 00:00:00+00:00,0.0,18.049026
2046-01-09 00:00:00+00:00,0.0,12.228184
2046-01-10 00:00:00+00:00,0.0,15.421783
2046-01-11 00:00:00+00:00,0.0,15.39756
2046-01-12 00:00:00+00:00,0.0,12.811215
2046-01-13 00:00:00+00:00,0.0,14.709915
2046-01-14 00:00:00+00:00,0.0,14.048482
2046-01-15 00:00:00+00:00,0.0,15.301876
2046-01-16 00:00:00+00:00,0.0,14.005061
2046-01-17 00:00:00+00:00,0.0,13.347896
2046-01-18 00:00:00+00:00,0.077077836,15.865988
2046-01-19 00:00:00+00:00,0.02555205,12.673391
2046-01-20 00:00:00+00:00,0.025409672,13.286793
2046-01-21 00:00:00+00:00,0.0,15.7936
2046-01-22 00:00:00+00:00,0.0,17.031284
2046-01-23 00:00:00+00:00,0.0,17.635443
2046-01-24 00:00:00+00:00,0.14892791,20.124504
2046-01-25 00:00:00+00:00,0.07400798,19.466415
2046-01-26 00:00:00+00:00,0.0,16.302298
2046-01-27 00:00:00+00:00,0.0,14.399813
2046-01-28 00:00:00+00:00,0.0,14.37846
2046-01-29 00:00:00+00:00,0.0,13.732984
2046-01-30 00:00:00+00:00,0.0,13.089449
2046-01-31 00:00:00+00:00,0.0,11.825449
2046-02-01 00:00:00+00:00,0.0,14.915555
2046-02-02 00:00:00+00:00,0.0,13.652651
2046-02-03 00:00:00+00:00,0.0,13.632807
2046-02-04 00:00:00+00:00,0.0,12.375505
2046-02-05 00:00:00+00:00,0.0,12.357633
2046-02-06 00:00:00+00:00,0.0,13.573831
2046-02-07 00:00:00+00:00,0.044983234,17.250998
2046-02-08 00:00:00+00:00,0.0,17.841557
2046-02-09 00:00:00+00:00,0.088477485,19.044825
2046-02-10 00:00:00+00:00,0.0,16.563864
2046-02-11 00:00:00+00:00,0.0,14.089977
2046-02-12 00:00:00+00:00,0.0,12.234859
2046-02-13 00:00:00+00:00,0.0,12.8285265
2046-02-14 00:00:00+00:00,0.0,14.030586
2046-02-15 00:00:00+00:00,0.0,15.229318
2046-02-16 00:00:00+00:00,0.0,15.816421
2046-02-17 00:00:00+00:00,0.0,14.5794935
2046-02-18 00:00:00+00:00,0.0,17.592497
2046-02-19 00:00:00+00:00,0.0,16.962416
2046-02-20 00:00:00+00:00,0.0,16.334116
2046-02-21 00:00:00+00:00,0.0,14.499301
2046-02-22 00:00:00+00:00,0.0,15.082791
2046-02-23 00:00:00+00:00,0.0,14.45975
2046-02-24 00:00:00+00:00,0.0,22.261831
2046-02-25 00:00:00+00:00,0.0,14.420552
2046-02-26 00:00:00+00:00,0.018446054,20.40154
2046-02-27 00:00:00+00:00,0.0,16.179422
2046-02-28 00:00:00+00:00,0.0,16.756153
2046-03-01 00:00:00+00:00,0.0,19.124283
2046-03-02 00:00:00+00:00,0.0,17.308279
2046-03-03 00:00:00+00:00,0.0,17.284452
2046-03-04 00:00:00+00:00,0.0,16.064981
2046-03-05 00:00:00+00:00,0.0,13.661711
2046-03-06 00:00:00+00:00,0.0,12.4525795
2046-03-07 00:00:00+00:00,0.0,10.655588
2046-03-08 00:00:00+00:00,0.0,11.8195715
2046-03-09 00:00:00+00:00,0.0,14.749614
2046-03-10 00:00:00+00:00,0.0,12.36889
2046-03-11 00:00:00+00:00,0.0,11.172178
2046-03-12 00:00:00+00:00,0.0,9.979482
2046-03-13 00:00:00+00:00,0.0,11.134976
2046-03-14 00:00:00+00:00,0.0,10.53142
2046-03-15 00:00:00+00:00,0.0,11.68221
2046-03-16 00:00:00+00:00,0.0,11.079782
2046-03-17 00:00:00+00:00,0.0,10.479356
2046-03-18 00:00:00+00:00,0.0,12.20584
2046-03-19 00:00:00+00:00,0.0,11.025299
2046-03-20 00:00:00+00:00,0.0,12.165954
2046-03-21 00:00:00+00:00,0.0,10.989365
2046-03-22 00:00:00+00:00,0.0,20.78813
2046-03-23 00:00:00+00:00,0.0,19.601427
2046-03-24 00:00:00+00:00,0.0,14.965105
2046-03-25 00:00:00+00:00,0.0,13.217029
2046-03-26 00:00:00+00:00,0.0,10.900865
2046-03-27 00:00:00+00:00,0.0,9.73777
2046-03-28 00:00:00+00:00,0.0,12.009775
2046-03-29 00:00:00+00:00,0.0,11.990625
2046-03-30 00:00:00+00:00,0.0,15.962071
2046-03-31 00:00:00+00:00,0.0,10.814222
2046-04-01 00:00:00+00:00,0.0,14.774996
2046-04-02 00:00:00+00:00,0.0,13.04956
2046-04-03 00:00:00+00:00,0.0,19.260292
2046-04-04 00:00:00+00:00,0.0,24.885952
2046-04-05 00:00:00+00:00,0.0,24.846983
2046-04-06 00:00:00+00:00,0.0,16.350845
2046-04-07 00:00:00+00:00,0.0,14.073598
2046-04-08 00:00:00+00:00,0.0,12.92759
2046-04-09 00:00:00+00:00,0.0,12.346357
2046-04-10 00:00:00+00:00,0.062451612,17.930574
2046-04-11 00:00:00+00:00,0.0,16.783997
2046-04-12 00:00:00+00:00,0.0,18.992607
2046-04-13 00:00:00+00:00,0.0,13.943728
2046-04-14 00:00:00+00:00,0.0,15.036189
2046-04-15 00:00:00+00:00,0.0,15.013236
2046-04-16 00:00:00+00:00,0.0,12.769583
2046-04-17 00:00:00+00:00,0.0,10.532767
2046-04-18 00:00:00+00:00,0.0,11.070331
2046-04-19 00:00:00+00:00,0.0,13.264328
2046-04-20 00:00:00+00:00,0.0,13.244337
2046-04-21 00:00:00+00:00,0.0,14.8774805
2046-04-22 00:00:00+00:00,0.0,17.055937
2046-04-23 00:00:00+00:00,0.0,18.129166
2046-04-24 00:00:00+00:00,0.0,17.55357
2046-04-25 00:00:00+00:00,0.0,15.884248
2046-04-26 00:00:00+00:00,0.032894384,13.672988
2046-04-27 00:00:00+00:00,0.0,11.468301
2046-04-28 00:00:00+00:00,0.0,10.906058
2046-04-29 00:00:00+00:00,0.0,14.701487
2046-04-30 00:00:00+00:00,0.0,15.767274
2046-05-01 00:00:00+00:00,0.0,15.744158
2046-05-02 00:00:00+00:00,0.0,16.263237
2046-05-03 00:00:00+00:00,0.0,17.872194
2046-05-04 00:00:00+00:00,0.0,16.797377
2046-05-05 00:00:00+00:00,0.0,16.805738
2046-05-06 00:00:00+00:00,0.0,15.18694
2046-05-07 00:00:00+00:00,0.0,10.853229
2046-05-08 00:00:00+00:00,0.0,13.573315
2046-05-09 00:00:00+00:00,0.0,14.666514
2046-05-10 00:00:00+00:00,0.0,14.6738615
2046-05-11 00:00:00+00:00,0.0,13.593726
2046-05-12 00:00:00+00:00,0.0,14.144576
2046-05-13 00:00:00+00:00,0.0,15.240282
2046-05-14 00:00:00+00:00,0.0,19.059946
2046-05-15 00:00:00+00:00,0.0,21.248938
2046-05-16 00:00:00+00:00,0.0,20.169428
2046-05-17 00:00:00+00:00,0.0,15.27107
2046-05-18 00:00:00+00:00,0.0,16.915815
2046-05-19 00:00:00+00:00,0.0,16.92439
2046-05-20 00:00:00+00:00,0.0,17.479208
2046-05-21 00:00:00+00:00,0.0,10.383556
2046-05-22 00:00:00+00:00,0.0,12.029184
2046-05-23 00:00:00+00:00,0.0,19.14709
2046-05-24 00:00:00+00:00,0.0,19.156864
2046-05-25 00:00:00+00:00,0.0,25.190458
2046-05-26 00:00:00+00:00,0.0,25.203346
2046-05-27 00:00:00+00:00,0.0,19.186285
2046-05-28 00:00:00+00:00,0.0,20.841513
2046-05-29 00:00:00+00:00,0.0,19.754732
2046-05-30 00:00:00+00:00,0.0,19.764894
2046-05-31 00:00:00+00:00,0.0,14.831307
2046-06-01 00:00:00+00:00,0.13140202,13.739775
2046-06-02 00:00:00+00:00,0.13182458,28.59349
2046-06-03 00:00:00+00:00,0.13222516,15.95462
2046-06-04 00:00:00+00:00,0.0,15.96288
2046-06-05 00:00:00+00:00,0.0,18.724808
2046-06-06 00:00:00+00:00,0.0,25.346716
2046-06-07 00:00:00+00:00,0.0,19.295572
2046-06-08 00:00:00+00:00,0.0,13.238139
2046-06-09 00:00:00+00:00,0.26849934,13.245041
2046-06-10 00:00:00+00:00,2.1525612,18.221437
2046-06-11 00:00:00+00:00,4.1116495,16.021149
2046-06-12 00:00:00+00:00,0.0,17.13502
2046-06-13 00:00:00+00:00,0.0,16.590973
2046-06-14 00:00:00+00:00,0.0,23.79287
2046-06-15 00:00:00+00:00,0.0,15.501177
2046-06-16 00:00:00+00:00,0.0,15.509334
2046-06-17 00:00:00+00:00,0.0,16.071701
2046-06-18 00:00:00+00:00,0.0,13.307739
2046-06-19 00:00:00+00:00,0.0,15.5339
2046-06-20 00:00:00+00:00,0.13682254,18.317497
2046-06-21 00:00:00+00:00,0.0,24.436274
2046-06-22 00:00:00+00:00,0.13718438,21.11525
2046-06-23 00:00:00+00:00,0.82413614,21.682428
2046-06-24 00:00:00+00:00,0.0,17.24392
2046-06-25 00:00:00+00:00,0.06884112,25.044832
2046-06-26 00:00:00+00:00,0.4135122,18.93286
2046-06-27 00:00:00+00:00,0.0,18.385824
2046-06-28 00:00:00+00:00,0.0,16.723326
2046-06-29 00:00:00+00:00,0.0,22.309713
2046-06-30 00:00:00+00:00,0.0,24.553844
2046-07-01 00:00:00+00:00,0.20781457,16.19191
2046-07-02 00:00:00+00:00,0.6240222,12.290124
2046-07-03 00:00:00+00:00,5.488793,12.86897
2046-07-04 00:00:00+00:00,0.0,17.964018
2046-07-05 00:00:00+00:00,0.0,15.771016
2046-07-06 00:00:00+00:00,0.98377293,13.563503
2046-07-07 00:00:00+00:00,0.07051978,15.877729
2046-07-08 00:00:00+00:00,4.7411733,13.086969
2046-07-09 00:00:00+00:00,0.1420035,11.419137
2046-07-10 00:00:00+00:00,0.0,10.885797
2046-07-11 00:00:00+00:00,2.358193,15.523339
2046-07-12 00:00:00+00:00,0.21504451,15.001031
2046-07-13 00:00:00+00:00,0.0,17.949303
2046-07-14 00:00:00+00:00,6.994498,13.364837
2046-07-15 00:00:00+00:00,0.14462844,13.412993
2046-07-16 00:00:00+00:00,0.0,15.802864
2046-07-17 00:00:00+00:00,0.0,20.560167
2046-07-18 00:00:00+00:00,0.0,11.792003
2046-07-19 00:00:00+00:00,0.0,18.345556
2046-07-20 00:00:00+00:00,0.0,14.256236
2046-07-21 00:00:00+00:00,0.0,16.098846
2046-07-22 00:00:00+00:00,0.0,16.160147
2046-07-23 00:00:00+00:00,0.0,16.222176
2046-07-24 00:00:00+00:00,0.0,22.316414
2046-07-25 00:00:00+00:00,0.3706981,18.770477
2046-07-26 00:00:00+00:00,4.3837943,16.412785
2046-07-27 00:00:00+00:00,0.0,15.257285
2046-07-28 00:00:00+00:00,0.0,17.76922
2046-07-29 00:00:00+00:00,0.0,18.45606
2046-07-30 00:00:00+00:00,0.0,13.589471
2046-07-31 00:00:00+00:00,0.0,22.328478
2046-08-01 00:00:00+00:00,0.30083153,15.569996
2046-08-02 00:00:00+00:00,13.864185,15.634916
2046-08-03 00:00:00+00:00,9.435888,15.700663
2046-08-04 00:00:00+00:00,19.888796,17.028633
2046-08-05 00:00:00+00:00,0.0,17.734869
2046-08-06 00:00:00+00:00,0.98652685,17.175272
2046-08-07 00:00:00+00:00,0.0,12.138912
2046-08-08 00:00:00+00:00,0.0,18.609167
2046-08-09 00:00:00+00:00,10.143216,16.757986
2046-08-10 00:00:00+00:00,25.13111,7.769022
2046-08-11 00:00:00+00:00,4.4373345,12.356415
2046-08-12 00:00:00+00:00,0.30649242,14.3725195
2046-08-13 00:00:00+00:00,1.1510761,12.469609
2046-08-14 00:00:00+00:00,0.1537035,13.846043
2046-08-15 00:00:00+00:00,0.0,21.197357
2046-08-16 00:00:00+00:00,4.470216,16.638557
2046-08-17 00:00:00+00:00,6.8690534,13.374222
2046-08-18 00:00:00+00:00,0.15457259,15.45426
2046-08-19 00:00:00+00:00,105.94755,16.204403
2046-08-20 00:00:00+00:00,0.077492945,11.534313
2046-08-21 00:00:00+00:00,0.0,10.909475
2046-08-22 00:00:00+00:00,0.0,14.390124
2046-08-23 00:00:00+00:00,10.112777,17.217388
2046-08-24 00:00:00+00:00,55.37742,24.919125
2046-08-25 00:00:00+00:00,0.0,12.523541
2046-08-26 00:00:00+00:00,0.0,14.686554
2046-08-27 00:00:00+00:00,20.010504,15.4664755
2046-08-28 00:00:00+00:00,5.4779406,17.668472
2046-08-29 00:00:00+00:00,2.7420814,11.368207
2046-08-30 00:00:00+00:00,9.647225,12.858214
2046-08-31 00:00:00+00:00,17.431213,15.801213
2046-09-01 00:00:00+00:00,0.0,24.554445
2046-09-02 00:00:00+00:00,0.0,15.940444
2046-09-03 00:00:00+00:00,3.145279,13.781099
2046-09-04 00:00:00+00:00,28.22542,13.795509
2046-09-05 00:00:00+00:00,19.417269,11.629453
2046-09-06 00:00:00+00:00,16.820879,12.369291
2046-09-07 00:00:00+00:00,0.0,12.3823395
2046-09-08 00:00:00+00:00,5.579249,13.853726
2046-09-09 00:00:00+00:00,30.327965,10.948761
2046-09-10 00:00:00+00:00,2.1210773,10.22972
2046-09-11 00:00:00+00:00,0.0,14.629489
2046-09-12 00:00:00+00:00,1.727759,14.645154
2046-09-13 00:00:00+00:00,0.0,14.660886
2046-09-14 00:00:00+00:00,4.0039616,13.20901
2046-09-15 00:00:00+00:00,14.364715,8.815524
2046-09-16 00:00:00+00:00,5.964627,7.3542323
2046-09-17 00:00:00+00:00,2.5894337,9.570894
2046-09-18 00:00:00+00:00,14.199987,10.318357
2046-09-19 00:00:00+00:00,3.2943852,16.232296
2046-09-20 00:00:00+00:00,0.15684396,11.079618
2046-09-21 00:00:00+00:00,7.134915,11.09181
2046-09-22 00:00:00+00:00,7.133375,9.623513
2046-09-23 00:00:00+00:00,1.3323101,10.37526
2046-09-24 00:00:00+00:00,3.3691778,9.644868
2046-09-25 00:00:00+00:00,5.7183857,14.112051
2046-09-26 00:00:00+00:00,2.0361745,11.153544
2046-09-27 00:00:00+00:00,3.1317582,11.166047
2046-09-28 00:00:00+00:00,8.375176,8.19764
2046-09-29 00:00:00+00:00,5.5557866,8.206886
2046-09-30 00:00:00+00:00,1.7992303,11.950797
2046-10-01 00:00:00+00:00,3.519148,11.216587
2046-10-02 00:00:00+00:00,9.06866,8.983486
2046-10-03 00:00:00+00:00,0.23445527,7.4947877
2046-10-04 00:00:00+00:00,1.6406081,8.253713
2046-10-05 00:00:00+00:00,0.0,8.263196
2046-10-06 00:00:00+00:00,0.0,10.528919
2046-10-07 00:00:00+00:00,0.07803323,12.799902
2046-10-08 00:00:00+00:00,0.15599959,9.045706
2046-10-09 00:00:00+00:00,0.0,9.810919
2046-10-10 00:00:00+00:00,0.0,9.8223715
2046-10-11 00:00:00+00:00,0.0,9.077423
2046-10-12 00:00:00+00:00,0.0,9.8454275
2046-10-13 00:00:00+00:00,0.077803046,10.615265
2046-10-14 00:00:00+00:00,0.0,11.386945
2046-10-15 00:00:00+00:00,0.0,9.88039
2046-10-16 00:00:00+00:00,0.0,9.892146
2046-10-17 00:00:00+00:00,0.0,7.618427
2046-10-18 00:00:00+00:00,0.0,7.62755
2046-10-19 00:00:00+00:00,0.0,9.164057
2046-10-20 00:00:00+00:00,0.0,10.704285
2046-10-21 00:00:00+00:00,0.0,9.95171
2046-10-22 00:00:00+00:00,0.0,8.430893
2046-10-23 00:00:00+00:00,0.0,10.743286
2046-10-24 00:00:00+00:00,0.0,10.756402
2046-10-25 00:00:00+00:00,0.0,8.461811
2046-10-26 00:00:00+00:00,0.0,9.242412
2046-10-27 00:00:00+00:00,0.0,10.796105
2046-10-28 00:00:00+00:00,0.0,10.037355
2046-10-29 00:00:00+00:00,0.0,10.049811
2046-10-30 00:00:00+00:00,0.0,11.610372
2046-10-31 00:00:00+00:00,0.0,9.299901
2046-11-01 00:00:00+00:00,0.0,10.863481
2046-11-02 00:00:00+00:00,0.0,10.844442
2046-11-03 00:00:00+00:00,0.0,15.437371
2046-11-04 00:00:00+00:00,0.0,15.38331
2046-11-05 00:00:00+00:00,0.0,10.730907
2046-11-06 00:00:00+00:00,0.0,10.693924
2046-11-07 00:00:00+00:00,0.0,9.896117
2046-11-08 00:00:00+00:00,0.0,10.6212015
2046-11-09 00:00:00+00:00,0.0,12.853761
2046-11-10 00:00:00+00:00,0.0,11.303672
2046-11-11 00:00:00+00:00,0.0,10.515131
2046-11-12 00:00:00+00:00,0.0,8.983331
2046-11-13 00:00:00+00:00,0.0,8.954017
2046-11-14 00:00:00+00:00,0.0,8.92502
2046-11-15 00:00:00+00:00,0.0,11.12042
2046-11-16 00:00:00+00:00,0.074016,11.084953
2046-11-17 00:00:00+00:00,0.0,11.786521
2046-11-18 00:00:00+00:00,0.073701136,8.812119
2046-11-19 00:00:00+00:00,2.720778,10.980801
2046-11-20 00:00:00+00:00,3.7414289,15.3255415
2046-11-21 00:00:00+00:00,0.0,17.461098
2046-11-22 00:00:00+00:00,0.0,18.133177
2046-11-23 00:00:00+00:00,0.0,16.632023
2046-11-24 00:00:00+00:00,0.0,15.140126
2046-11-25 00:00:00+00:00,0.0,13.657347
2046-11-26 00:00:00+00:00,0.0,12.900222
2046-11-27 00:00:00+00:00,0.0,12.147721
2046-11-28 00:00:00+00:00,0.0,10.68729
2046-11-29 00:00:00+00:00,0.0,11.366738
2046-11-30 00:00:00+00:00,0.0,11.334029
2046-12-01 00:00:00+00:00,0.0,12.008001
2046-12-02 00:00:00+00:00,0.0,9.8608885
2046-12-03 00:00:00+00:00,0.0,12.642571
2046-12-04 00:00:00+00:00,0.0,14.008009
2046-12-05 00:00:00+00:00,0.0,11.873734
2046-12-06 00:00:00+00:00,0.0,11.144455
2046-12-07 00:00:00+00:00,0.0,12.503169
2046-12-08 00:00:00+00:00,0.0,11.776426
2046-12-09 00:00:00+00:00,0.0,11.74461
2046-12-10 00:00:00+00:00,0.0,13.091108
2046-12-11 00:00:00+00:00,0.0,16.492071
2046-12-12 00:00:00+00:00,0.0,17.81912
2046-12-13 00:00:00+00:00,0.0,19.139376
2046-12-14 00:00:00+00:00,0.0,16.362345
2046-12-15 00:00:00+00:00,0.0,19.719887
2046-12-16 00:00:00+00:00,0.0,18.990835
2046-12-17 00:00:00+00:00,0.0,16.91271
2046-12-18 00:00:00+00:00,0.0,15.520138
2046-12-19 00:00:00+00:00,0.0,14.80786
2046-12-20 00:00:00+00:00,0.0,12.085128
2046-12-21 00:00:00+00:00,0.0,13.394455
2046-12-22 00:00:00+00:00,0.0,16.033548
2046-12-23 00:00:00+00:00,0.0,17.993372
2046-12-24 00:00:00+00:00,0.0,16.619812
2046-12-25 00:00:00+00:00,0.0,18.568993
2046-12-26 00:00:00+00:00,0.0,19.185776
2046-12-27 00:00:00+00:00,0.0,18.479794
2046-12-28 00:00:00+00:00,0.0,17.118937
2046-12-29 00:00:00+00:00,0.0,15.764703
2046-12-30 00:00:00+00:00,0.0,13.106358
2046-12-31 00:00:00+00:00,0.0,11.114374
2047-01-01 00:00:00+00:00,0.0,10.436298
2047-01-02 00:00:00+00:00,0.0,12.370869
2047-01-03 00:00:00+00:00,0.0,11.700827
2047-01-04 00:00:00+00:00,0.0,12.979979
2047-01-05 00:00:00+00:00,0.0,15.550976
2047-01-06 00:00:00+00:00,0.0,12.291496
2047-01-07 00:00:00+00:00,0.0,14.209572
2047-01-08 00:00:00+00:00,0.0,14.831865
2047-01-09 00:00:00+00:00,0.0,17.38376
2047-01-10 00:00:00+00:00,0.0,15.427856
2047-01-11 00:00:00+00:00,0.0,17.329052
2047-01-12 00:00:00+00:00,0.0,16.661097
2047-01-13 00:00:00+00:00,0.0,15.355463
2047-01-14 00:00:00+00:00,0.0,13.415124
2047-01-15 00:00:00+00:00,0.0,14.669973
2047-01-16 00:00:00+00:00,0.0,14.647304
2047-01-17 00:00:00+00:00,0.0,13.988889
2047-01-18 00:00:00+00:00,0.0,11.427887
2047-01-19 00:00:00+00:00,0.0,17.115614
2047-01-20 00:00:00+00:00,0.0,15.190687
2047-01-21 00:00:00+00:00,0.0,15.799593
2047-01-22 00:00:00+00:00,0.0,17.037722
2047-01-23 00:00:00+00:00,0.0,14.491714
2047-01-24 00:00:00+00:00,0.0,13.211663
2047-01-25 00:00:00+00:00,0.0,11.935493
2047-01-26 00:00:00+00:00,0.0,11.917663
2047-01-27 00:00:00+00:00,0.0,13.152541
2047-01-28 00:00:00+00:00,0.0,13.133022
2047-01-29 00:00:00+00:00,0.0,12.489144
2047-01-30 00:00:00+00:00,0.0,13.094268
2047-01-31 00:00:00+00:00,0.0,12.452408
2047-02-01 00:00:00+00:00,0.0,12.434173
2047-02-02 00:00:00+00:00,0.0,13.036824
2047-02-03 00:00:00+00:00,0.0,14.257656
2047-02-04 00:00:00+00:00,0.0,14.236982
2047-02-05 00:00:00+00:00,0.0,13.598303
2047-02-06 00:00:00+00:00,0.0,13.578713
2047-02-07 00:00:00+00:00,0.0,16.024527
2047-02-08 00:00:00+00:00,0.0,19.694271
2047-02-09 00:00:00+00:00,0.0,17.822472
2047-02-10 00:00:00+00:00,0.0,14.7286625
2047-02-11 00:00:00+00:00,0.0,12.256489
2047-02-12 00:00:00+00:00,0.0,12.851133
2047-02-13 00:00:00+00:00,0.0,13.444136
2047-02-14 00:00:00+00:00,0.0,14.645743
2047-02-15 00:00:00+00:00,0.0,15.234639
2047-02-16 00:00:00+00:00,0.0,17.647537
2047-02-17 00:00:00+00:00,0.0,12.153796
2047-02-18 00:00:00+00:00,0.0,18.205431
2047-02-19 00:00:00+00:00,0.0,20.604324
2047-02-20 00:00:00+00:00,0.0,16.944904
2047-02-21 00:00:00+00:00,0.0,13.29558
2047-02-22 00:00:00+00:00,0.0,12.673872
2047-02-23 00:00:00+00:00,0.0,11.4512
2047-02-24 00:00:00+00:00,0.0,17.454386
2047-02-25 00:00:00+00:00,0.0,20.436031
2047-02-26 00:00:00+00:00,0.0,13.805696
2047-02-27 00:00:00+00:00,0.0,17.383741
2047-02-28 00:00:00+00:00,0.0,17.360407
2047-03-01 00:00:00+00:00,0.0,13.750173
2047-03-02 00:00:00+00:00,0.0,15.522936
2047-03-03 00:00:00+00:00,0.0,17.29102
2047-03-04 00:00:00+00:00,0.0,20.833853
2047-03-05 00:00:00+00:00,0.0,23.769602
2047-03-06 00:00:00+00:00,0.0,20.763102
2047-03-07 00:00:00+00:00,0.0,17.174595
2047-03-08 00:00:00+00:00,0.0,15.3719225
2047-03-09 00:00:00+00:00,0.0,17.116747
2047-03-10 00:00:00+00:00,0.0,16.49877
2047-03-11 00:00:00+00:00,0.0,15.294639
2047-03-12 00:00:00+00:00,0.0,14.681829
2047-03-13 00:00:00+00:00,0.0,13.484791
2047-03-14 00:00:00+00:00,0.0,12.877076
2047-03-15 00:00:00+00:00,0.0,11.102691
2047-03-16 00:00:00+00:00,0.0,19.251774
2047-03-17 00:00:00+00:00,0.0,17.47278
2047-03-18 00:00:00+00:00,0.0,17.444075
2047-03-19 00:00:00+00:00,0.0,15.093424
2047-03-20 00:00:00+00:00,0.0,14.489193
2047-03-21 00:00:00+00:00,0.0,16.201445
2047-03-22 00:00:00+00:00,0.0,17.330477
2047-03-23 00:00:00+00:00,0.0,18.455875
2047-03-24 00:00:00+00:00,0.0,14.971151
2047-03-25 00:00:00+00:00,0.0,15.521894
2047-03-26 00:00:00+00:00,0.0,13.201086
2047-03-27 00:00:00+00:00,0.0,13.752951
2047-03-28 00:00:00+00:00,0.0,16.019436
2047-03-29 00:00:00+00:00,0.0,15.993874
2047-03-30 00:00:00+00:00,0.0,15.96842
2047-03-31 00:00:00+00:00,0.0,16.512468
2047-04-01 00:00:00+00:00,0.0,15.349334
2047-04-02 00:00:00+00:00,0.0,13.054709
2047-04-03 00:00:00+00:00,0.0,14.734255
2047-04-04 00:00:00+00:00,0.0,14.711106
2047-04-05 00:00:00+00:00,0.0,15.817907
2047-04-06 00:00:00+00:00,0.0,17.485312
2047-04-07 00:00:00+00:00,0.0,12.389587
2047-04-08 00:00:00+00:00,0.0,12.932612
2047-04-09 00:00:00+00:00,0.0,12.35114
2047-04-10 00:00:00+00:00,0.0,12.892582
2047-04-11 00:00:00+00:00,0.0,14.551736
2047-04-12 00:00:00+00:00,0.0,15.088162
2047-04-13 00:00:00+00:00,0.0,13.949078
2047-04-14 00:00:00+00:00,0.0,15.599046
2047-04-15 00:00:00+00:00,0.03180788,16.131481
2047-04-16 00:00:00+00:00,0.06383926,21.66101
2047-04-17 00:00:00+00:00,0.032028,18.855265
2047-04-18 00:00:00+00:00,0.0,12.735702
2047-04-19 00:00:00+00:00,0.0,14.928004
2047-04-20 00:00:00+00:00,0.0,14.905493
2047-04-21 00:00:00+00:00,0.0,15.985522
2047-04-22 00:00:00+00:00,0.0,13.759947
2047-04-23 00:00:00+00:00,0.0,13.739351
2047-04-24 00:00:00+00:00,0.0,12.621333
2047-04-25 00:00:00+00:00,0.0,14.246346
2047-04-26 00:00:00+00:00,0.0,19.149284
2047-04-27 00:00:00+00:00,0.0,21.306162
2047-04-28 00:00:00+00:00,0.0,18.001642
2047-04-29 00:00:00+00:00,0.0,20.1539
2047-04-30 00:00:00+00:00,0.0,16.860867
2047-05-01 00:00:00+00:00,0.0,14.120624
2047-05-02 00:00:00+00:00,0.0,13.557653
2047-05-03 00:00:00+00:00,0.0,11.371802
2047-05-04 00:00:00+00:00,0.0,11.377453
2047-05-05 00:00:00+00:00,0.0,16.803644
2047-05-06 00:00:00+00:00,0.0,16.269693
2047-05-07 00:00:00+00:00,0.0,14.107434
2047-05-08 00:00:00+00:00,0.0,11.943025
2047-05-09 00:00:00+00:00,0.0,11.9489975
2047-05-10 00:00:00+00:00,0.0,17.932474
2047-05-11 00:00:00+00:00,0.054620802,19.572508
2047-05-12 00:00:00+00:00,0.0,17.406523
2047-05-13 00:00:00+00:00,0.0,17.959501
2047-05-14 00:00:00+00:00,0.0,15.2460375
2047-05-15 00:00:00+00:00,0.0,21.246258
2047-05-16 00:00:00+00:00,0.0,19.076778
2047-05-17 00:00:00+00:00,0.0,15.8144655
2047-05-18 00:00:00+00:00,0.0,20.18729
2047-05-19 00:00:00+00:00,0.0,21.289278
2047-05-20 00:00:00+00:00,0.0,19.661613
2047-05-21 00:00:00+00:00,0.0,17.48587
2047-05-22 00:00:00+00:00,0.0,14.214497
2047-05-23 00:00:00+00:00,0.0,14.76873
2047-05-24 00:00:00+00:00,0.57046777,15.323534
2047-05-25 00:00:00+00:00,6.1186366,15.87891
2047-05-26 00:00:00+00:00,1.4093869,13.69572
2047-05-27 00:00:00+00:00,2.0598166,15.347062
2047-05-28 00:00:00+00:00,2.0690064,14.806543
2047-05-29 00:00:00+00:00,0.5194106,18.654852
2047-05-30 00:00:00+00:00,0.32590193,14.272812
2047-05-31 00:00:00+00:00,1.4392401,14.28016
2047-06-01 00:00:00+00:00,3.4136107,12.638965
2047-06-02 00:00:00+00:00,0.0,13.195292
2047-06-03 00:00:00+00:00,0.0,14.302291
2047-06-04 00:00:00+00:00,0.0,15.960815
2047-06-05 00:00:00+00:00,0.0,20.374355
2047-06-06 00:00:00+00:00,0.26645264,20.935873
2047-06-07 00:00:00+00:00,0.0,15.434452
2047-06-08 00:00:00+00:00,0.0,19.303104
2047-06-09 00:00:00+00:00,0.0,21.520384
2047-06-10 00:00:00+00:00,0.1344649,20.427431
2047-06-11 00:00:00+00:00,0.0,15.466673
2047-06-12 00:00:00+00:00,0.40501627,21.55414
2047-06-13 00:00:00+00:00,1.4202178,28.753912
2047-06-14 00:00:00+00:00,1.6937742,17.150747
2047-06-15 00:00:00+00:00,4.6150017,20.481007
2047-06-16 00:00:00+00:00,2.243334,14.399628
2047-06-17 00:00:00+00:00,1.2936655,8.311855
2047-06-18 00:00:00+00:00,7.9102077,8.31624
2047-06-19 00:00:00+00:00,5.668186,7.2112136
2047-06-20 00:00:00+00:00,2.3251827,12.21005
2047-06-21 00:00:00+00:00,0.06848062,12.2165165
2047-06-22 00:00:00+00:00,0.0,17.778904
2047-06-23 00:00:00+00:00,1.7850777,19.456003
2047-06-24 00:00:00+00:00,7.2864914,20.022532
2047-06-25 00:00:00+00:00,1.5828906,14.468419
2047-06-26 00:00:00+00:00,0.0,12.249039
2047-06-27 00:00:00+00:00,1.1725792,13.926794
2047-06-28 00:00:00+00:00,6.4215145,12.819501
2047-06-29 00:00:00+00:00,1.1750325,21.749054
2047-06-30 00:00:00+00:00,11.900403,20.644783
2047-07-01 00:00:00+00:00,22.507921,11.165335
2047-07-02 00:00:00+00:00,0.0,8.378502
2047-07-03 00:00:00+00:00,4.9974904,11.181197
2047-07-04 00:00:00+00:00,2.02078,7.852739
2047-07-05 00:00:00+00:00,0.13989483,11.818377
2047-07-06 00:00:00+00:00,3.4400892,10.728734
2047-07-07 00:00:00+00:00,1.1977828,15.297684
2047-07-08 00:00:00+00:00,0.070703365,10.801738
2047-07-09 00:00:00+00:00,8.725966,11.409305
2047-07-10 00:00:00+00:00,3.4876428,9.159035
2047-07-11 00:00:00+00:00,0.21421288,14.3609
2047-07-12 00:00:00+00:00,0.0,14.4113655
2047-07-13 00:00:00+00:00,2.4426925,15.61939
2047-07-14 00:00:00+00:00,0.07205599,15.675126
2047-07-15 00:00:00+00:00,0.0,15.731496
2047-07-16 00:00:00+00:00,5.9421787,9.940913
2047-07-17 00:00:00+00:00,0.0,10.564119
2047-07-18 00:00:00+00:00,0.0,8.246784
2047-07-19 00:00:00+00:00,0.0,11.824834
2047-07-20 00:00:00+00:00,4.7600193,18.39704
2047-07-21 00:00:00+00:00,7.7082677,13.105183
2047-07-22 00:00:00+00:00,8.389171,10.76317
2047-07-23 00:00:00+00:00,0.5901009,14.405867
2047-07-24 00:00:00+00:00,0.0,10.846124
2047-07-25 00:00:00+00:00,0.0740986,12.703076
2047-07-26 00:00:00+00:00,2.3021038,15.18207
2047-07-27 00:00:00+00:00,3.8698878,21.339012
2047-07-28 00:00:00+00:00,0.0,12.242377
2047-07-29 00:00:00+00:00,4.110173,10.447888
2047-07-30 00:00:00+00:00,6.5894923,10.490275
2047-07-31 00:00:00+00:00,138.80148,19.827185
2047-08-01 00:00:00+00:00,0.0,11.820958
2047-08-02 00:00:00+00:00,7.9832683,9.371164
2047-08-03 00:00:00+00:00,7.092562,7.5283914
2047-08-04 00:00:00+00:00,0.52912384,10.080336
2047-08-05 00:00:00+00:00,16.356148,13.919628
2047-08-06 00:00:00+00:00,9.026653,11.437822
2047-08-07 00:00:00+00:00,0.1519663,7.0201397
2047-08-08 00:00:00+00:00,4.947133,13.460803
2047-08-09 00:00:00+00:00,5.183916,18.670893
2047-08-10 00:00:00+00:00,0.9162739,12.287199
2047-08-11 00:00:00+00:00,2.7531397,14.940894
2047-08-12 00:00:00+00:00,0.0,14.356165
2047-08-13 00:00:00+00:00,6.67375,15.077459
2047-08-14 00:00:00+00:00,0.0,11.854285
2047-08-15 00:00:00+00:00,0.0,17.864359
2047-08-16 00:00:00+00:00,0.0,13.959899
2047-08-17 00:00:00+00:00,8.564054,24.04493
2047-08-18 00:00:00+00:00,0.0,22.81797
2047-08-19 00:00:00+00:00,7.194906,14.161651
2047-08-20 00:00:00+00:00,21.071156,15.586137
2047-08-21 00:00:00+00:00,3.180317,12.938987
2047-08-22 00:00:00+00:00,0.5436782,12.319001
2047-08-23 00:00:00+00:00,2.2552235,14.444385
2047-08-24 00:00:00+00:00,0.0,11.752399
2047-08-25 00:00:00+00:00,2.9623938,13.897176
2047-08-26 00:00:00+00:00,114.11086,20.953587
2047-08-27 00:00:00+00:00,56.184986,16.148323
2047-08-28 00:00:00+00:00,0.0,11.9986725
2047-08-29 00:00:00+00:00,0.0,12.772152
2047-08-30 00:00:00+00:00,0.0,17.834541
2047-08-31 00:00:00+00:00,6.829286,18.648716
2047-09-01 00:00:00+00:00,1.885988,19.472284
2047-09-02 00:00:00+00:00,0.0,16.660679
2047-09-03 00:00:00+00:00,1.179515,10.87698
2047-09-04 00:00:00+00:00,0.6289981,13.791901
2047-09-05 00:00:00+00:00,0.0,15.986305
2047-09-06 00:00:00+00:00,0.0,13.820865
2047-09-07 00:00:00+00:00,0.70734954,18.204517
2047-09-08 00:00:00+00:00,0.31433472,17.494814
2047-09-09 00:00:00+00:00,0.47143602,20.432262
2047-09-10 00:00:00+00:00,0.07856131,14.609995
2047-09-11 00:00:00+00:00,1.1782444,13.163025
2047-09-12 00:00:00+00:00,5.733243,9.5168
2047-09-13 00:00:00+00:00,9.737117,8.7941675
2047-09-14 00:00:00+00:00,21.433863,8.803636
2047-09-15 00:00:00+00:00,12.167358,10.281997
2047-09-16 00:00:00+00:00,9.496737,12.498806
2047-09-17 00:00:00+00:00,0.0,11.040338
2047-09-18 00:00:00+00:00,8.0025835,8.841894
2047-09-19 00:00:00+00:00,20.630138,16.965485
2047-09-20 00:00:00+00:00,0.0,23.630032
2047-09-21 00:00:00+00:00,0.0,12.56726
2047-09-22 00:00:00+00:00,3.8412583,15.541383
2047-09-23 00:00:00+00:00,0.07837563,14.076809
2047-09-24 00:00:00+00:00,1.2537215,11.867312
2047-09-25 00:00:00+00:00,3.4469094,11.137989
2047-09-26 00:00:00+00:00,0.39159688,11.150426
2047-09-27 00:00:00+00:00,0.0,8.186138
2047-09-28 00:00:00+00:00,0.15655616,13.410549
2047-09-29 00:00:00+00:00,1.3303545,9.696312
2047-09-30 00:00:00+00:00,8.683893,8.960562
2047-10-01 00:00:00+00:00,2.7373297,11.213403
2047-10-02 00:00:00+00:00,0.0781845,11.226159
2047-10-03 00:00:00+00:00,0.0,10.489705
2047-10-04 00:00:00+00:00,0.0,9.75159
2047-10-05 00:00:00+00:00,0.54671866,15.019675
2047-10-06 00:00:00+00:00,6.948474,12.02958
2047-10-07 00:00:00+00:00,6.9456778,12.7962
2047-10-08 00:00:00+00:00,9.829047,9.79667
2047-10-09 00:00:00+00:00,4.288546,9.808063
2047-10-10 00:00:00+00:00,6.936388,8.308811
2047-10-11 00:00:00+00:00,13.242714,7.562303
2047-10-12 00:00:00+00:00,0.85643226,8.3282995
2047-10-13 00:00:00+00:00,1.8675421,9.854125
2047-10-14 00:00:00+00:00,0.6999159,15.1781025
2047-10-15 00:00:00+00:00,2.797911,9.877459
2047-10-16 00:00:00+00:00,0.62134355,12.9320345
2047-10-17 00:00:00+00:00,0.6985145,13.709074
2047-10-18 00:00:00+00:00,0.07755371,11.437899
2047-10-19 00:00:00+00:00,0.07749052,9.924744
2047-10-20 00:00:00+00:00,0.15484536,12.229781
2047-10-21 00:00:00+00:00,0.0,13.00984
2047-10-22 00:00:00+00:00,0.8499791,9.194549
2047-10-23 00:00:00+00:00,1.7752662,12.274304
2047-10-24 00:00:00+00:00,0.0,10.753118
2047-10-25 00:00:00+00:00,0.0,9.997258
2047-10-26 00:00:00+00:00,1.5376228,13.089392
2047-10-27 00:00:00+00:00,0.0,8.48004
2047-10-28 00:00:00+00:00,0.0,9.262385
2047-10-29 00:00:00+00:00,0.0,8.501048
2047-10-30 00:00:00+00:00,0.0,9.285406
2047-10-31 00:00:00+00:00,0.0,8.522245
2047-11-01 00:00:00+00:00,0.0,12.411515
2047-11-02 00:00:00+00:00,0.0,12.404665
2047-11-03 00:00:00+00:00,0.0,10.043139
2047-11-04 00:00:00+00:00,0.22659908,11.547575
2047-11-05 00:00:00+00:00,0.0,10.740219
2047-11-06 00:00:00+00:00,0.0,18.348223
2047-11-07 00:00:00+00:00,0.0,14.47591
2047-11-08 00:00:00+00:00,0.0,10.630201
2047-11-09 00:00:00+00:00,0.0,8.324132
2047-11-10 00:00:00+00:00,0.0,8.296276
2047-11-11 00:00:00+00:00,0.0,9.020431
2047-11-12 00:00:00+00:00,0.0,14.235291
2047-11-13 00:00:00+00:00,0.0,16.42908
2047-11-14 00:00:00+00:00,0.0,14.142713
2047-11-15 00:00:00+00:00,0.0,10.387392
2047-11-16 00:00:00+00:00,0.0,11.833369
2047-11-17 00:00:00+00:00,0.0,13.27032
2047-11-18 00:00:00+00:00,0.0,12.493633
2047-11-19 00:00:00+00:00,0.0,10.25673
2047-11-20 00:00:00+00:00,0.0,13.146333
2047-11-21 00:00:00+00:00,0.0,10.92156
2047-11-22 00:00:00+00:00,0.0,7.2587957
2047-11-23 00:00:00+00:00,0.0,8.684139
2047-11-24 00:00:00+00:00,0.0,8.657994
2047-11-25 00:00:00+00:00,0.0,7.193434
2047-11-26 00:00:00+00:00,0.0,7.172091
2047-11-27 00:00:00+00:00,0.0,11.4415455
2047-11-28 00:00:00+00:00,0.0,11.408088
2047-11-29 00:00:00+00:00,0.0,10.66403
2047-11-30 00:00:00+00:00,0.0,9.924404
2047-12-01 00:00:00+00:00,0.0,14.137141
2047-12-02 00:00:00+00:00,0.0,12.687268
2047-12-03 00:00:00+00:00,0.0,14.057187
2047-12-04 00:00:00+00:00,0.0,11.915128
2047-12-05 00:00:00+00:00,0.0,12.580911
2047-12-06 00:00:00+00:00,0.0,11.152133
2047-12-07 00:00:00+00:00,0.0,9.731341
2047-12-08 00:00:00+00:00,0.0,12.477629
2047-12-09 00:00:00+00:00,0.0,14.517837
2047-12-10 00:00:00+00:00,0.0,19.30509
2047-12-11 00:00:00+00:00,0.0,17.8783
2047-12-12 00:00:00+00:00,0.0,18.516705
2047-12-13 00:00:00+00:00,0.0,16.41595
2047-12-14 00:00:00+00:00,0.0,16.373014
2047-12-15 00:00:00+00:00,0.0,17.691349
2047-12-16 00:00:00+00:00,0.0,18.324375
2047-12-17 00:00:00+00:00,0.0,13.538816
2047-12-18 00:00:00+00:00,0.0,12.829125
2047-12-19 00:00:00+00:00,0.0,14.817202
2047-12-20 00:00:00+00:00,0.0,16.123602
2047-12-21 00:00:00+00:00,0.0,18.76391
2047-12-22 00:00:00+00:00,0.0,14.706508
2047-12-23 00:00:00+00:00,0.0,16.003935
2047-12-24 00:00:00+00:00,0.0,15.2995615
2047-12-25 00:00:00+00:00,0.0,17.916674
2047-12-26 00:00:00+00:00,0.0,17.873379
2047-12-27 00:00:00+00:00,0.0,16.509691
2047-12-28 00:00:00+00:00,0.0,17.129122
2047-12-29 00:00:00+00:00,0.0,17.088518
2047-12-30 00:00:00+00:00,0.0,18.35968
2047-12-31 00:00:00+00:00,0.0,15.045871
2048-01-01 00:00:00+00:00,0.0,11.747643
2048-01-02 00:00:00+00:00,0.0,13.678606
2048-01-03 00:00:00+00:00,0.0,14.3067875
2048-01-04 00:00:00+00:00,0.0,14.932984
2048-01-05 00:00:00+00:00,0.0,16.20543
2048-01-06 00:00:00+00:00,0.0,17.473845
2048-01-07 00:00:00+00:00,0.0,18.092115
2048-01-08 00:00:00+00:00,0.0,17.418234
2048-01-09 00:00:00+00:00,0.0,16.746538
2048-01-10 00:00:00+00:00,0.0,15.433938
2048-01-11 00:00:00+00:00,0.0,14.767587
2048-01-12 00:00:00+00:00,0.0,15.385494
2048-01-13 00:00:00+00:00,0.0,15.361454
2048-01-14 00:00:00+00:00,0.0,13.4203415
2048-01-15 00:00:00+00:00,0.0,14.675657
2048-01-16 00:00:00+00:00,0.0,13.378791
2048-01-17 00:00:00+00:00,0.0,12.722066
2048-01-18 00:00:00+00:00,0.0,12.702524
2048-01-19 00:00:00+00:00,0.0,13.31723
2048-01-20 00:00:00+00:00,0.0,13.296914
2048-01-21 00:00:00+00:00,0.0,12.644473
2048-01-22 00:00:00+00:00,0.0,13.256577
2048-01-23 00:00:00+00:00,0.0,15.127492
2048-01-24 00:00:00+00:00,0.0,15.734085
2048-01-25 00:00:00+00:00,0.0,15.71048
2048-01-26 00:00:00+00:00,0.0,13.804552
2048-01-27 00:00:00+00:00,0.0,21.302513
2048-01-28 00:00:00+00:00,1.7967451,16.265965
2048-01-29 00:00:00+00:00,0.072363086,13.118447
2048-01-30 00:00:00+00:00,0.0,16.217922
2048-01-31 00:00:00+00:00,0.0,14.94838
2048-02-01 00:00:00+00:00,0.0,14.92647
2048-02-02 00:00:00+00:00,0.0,14.904663
2048-02-03 00:00:00+00:00,0.0,18.603704
2048-02-04 00:00:00+00:00,0.023117553,14.861365
2048-02-05 00:00:00+00:00,0.022941915,11.129902
2048-02-06 00:00:00+00:00,0.20487371,9.8789835
2048-02-07 00:00:00+00:00,0.022582985,17.879927
2048-02-08 00:00:00+00:00,0.0,13.544657
2048-02-09 00:00:00+00:00,0.0,20.902763
2048-02-10 00:00:00+00:00,0.0,19.03128
2048-02-11 00:00:00+00:00,0.0,15.939079
2048-02-12 00:00:00+00:00,0.0,16.528719
2048-02-13 00:00:00+00:00,0.0,15.894116
2048-02-14 00:00:00+00:00,0.0,13.4299755
2048-02-15 00:00:00+00:00,0.0,12.801571
2048-02-16 00:00:00+00:00,0.0,14.609948
2048-02-17 00:00:00+00:00,0.0,18.844929
2048-02-18 00:00:00+00:00,0.0,18.211737
2048-02-19 00:00:00+00:00,0.060567778,16.974125
2048-02-20 00:00:00+00:00,0.0,13.318435
2048-02-21 00:00:00+00:00,0.11847057,16.927452
2048-02-22 00:00:00+00:00,0.05855274,17.508001
2048-02-23 00:00:00+00:00,0.0,13.263803
2048-02-24 00:00:00+00:00,0.0,17.460318
2048-02-25 00:00:00+00:00,0.0,13.227793
2048-02-26 00:00:00+00:00,0.0,16.212162
2048-02-27 00:00:00+00:00,0.018321931,19.188519
2048-02-28 00:00:00+00:00,0.2168459,20.959242
2048-02-29 00:00:00+00:00,1.1579554,21.529203
2048-03-01 00:00:00+00:00,0.0,17.319817
2048-03-02 00:00:00+00:00,0.6224255,18.489643
2048-03-03 00:00:00+00:00,0.124678135,14.887672
2048-03-04 00:00:00+00:00,0.0,16.645796
2048-03-05 00:00:00+00:00,0.0,16.617529
2048-03-06 00:00:00+00:00,0.0,13.626995
2048-03-07 00:00:00+00:00,0.0,10.055115
2048-03-08 00:00:00+00:00,0.0,10.0381775
2048-03-09 00:00:00+00:00,0.0,12.96876
2048-03-10 00:00:00+00:00,0.022947496,15.301038
2048-03-11 00:00:00+00:00,0.0,17.625547
2048-03-12 00:00:00+00:00,0.0,17.00964
2048-03-13 00:00:00+00:00,0.0,16.981375
2048-03-14 00:00:00+00:00,0.0,13.445664
2048-03-15 00:00:00+00:00,0.0,12.839815
2048-03-16 00:00:00+00:00,0.0,13.401315
2048-03-17 00:00:00+00:00,0.0,15.706116
2048-03-18 00:00:00+00:00,0.0,16.261116
2048-03-19 00:00:00+00:00,0.0,13.915308
2048-03-20 00:00:00+00:00,0.0,15.050332
2048-03-21 00:00:00+00:00,0.0,15.025849
2048-03-22 00:00:00+00:00,0.0,12.116575
2048-03-23 00:00:00+00:00,0.0,12.0969715
2048-03-24 00:00:00+00:00,0.0,18.403734
2048-03-25 00:00:00+00:00,0.0,19.5225
2048-03-26 00:00:00+00:00,0.0,18.917889
2048-03-27 00:00:00+00:00,0.0,16.598198
2048-03-28 00:00:00+00:00,0.0,17.143131
2048-03-29 00:00:00+00:00,0.0,14.263189
2048-03-30 00:00:00+00:00,0.0,10.253183
2048-03-31 00:00:00+00:00,0.0,10.236939
2048-04-01 00:00:00+00:00,0.0,13.059863
2048-04-02 00:00:00+00:00,0.0,13.039282
2048-04-03 00:00:00+00:00,0.0,16.414988
2048-04-04 00:00:00+00:00,0.0,16.954397
2048-04-05 00:00:00+00:00,0.0,19.749197
2048-04-06 00:00:00+00:00,0.0,16.901476
2048-04-07 00:00:00+00:00,0.0,17.437689
2048-04-08 00:00:00+00:00,0.0,15.725728
2048-04-09 00:00:00+00:00,0.0,22.991316
2048-04-10 00:00:00+00:00,0.0,21.276127
2048-04-11 00:00:00+00:00,0.0,18.448183
2048-04-12 00:00:00+00:00,0.0,23.443441
2048-04-13 00:00:00+00:00,0.0,27.866102
2048-04-14 00:00:00+00:00,0.0,20.032934
2048-04-15 00:00:00+00:00,0.0,15.55742
2048-04-16 00:00:00+00:00,0.0,12.205101
2048-04-17 00:00:00+00:00,0.0,17.72595
2048-04-18 00:00:00+00:00,0.0,21.017723
2048-04-19 00:00:00+00:00,0.0,19.881481
2048-04-20 00:00:00+00:00,0.0,15.991532
2048-04-21 00:00:00+00:00,0.0,13.765106
2048-04-22 00:00:00+00:00,0.0,13.194714
2048-04-23 00:00:00+00:00,0.0,9.881251
2048-04-24 00:00:00+00:00,0.0,9.866527
2048-04-25 00:00:00+00:00,0.0,10.399187
2048-04-26 00:00:00+00:00,0.0,12.569825
2048-04-27 00:00:00+00:00,0.0,15.279764
2048-04-28 00:00:00+00:00,0.0,14.167419
2048-04-29 00:00:00+00:00,0.0,11.426074
2048-04-30 00:00:00+00:00,0.0,11.409303
2048-05-01 00:00:00+00:00,0.0,11.935101
2048-05-02 00:00:00+00:00,0.0,11.375954
2048-05-03 00:00:00+00:00,0.0,14.626339
2048-05-04 00:00:00+00:00,0.0,16.25957
2048-05-05 00:00:00+00:00,0.0,13.55639
2048-05-06 00:00:00+00:00,0.0,12.478099
2048-05-07 00:00:00+00:00,0.0,21.711876
2048-05-08 00:00:00+00:00,0.0,20.093527
2048-05-09 00:00:00+00:00,0.0,16.300209
2048-05-10 00:00:00+00:00,0.10860491,15.764768
2048-05-11 00:00:00+00:00,0.055515822,16.316566
2048-05-12 00:00:00+00:00,0.0,17.413086
2048-05-13 00:00:00+00:00,0.0,11.977522
2048-05-14 00:00:00+00:00,0.5838586,14.707093
2048-05-15 00:00:00+00:00,0.0,8.719713
2048-05-16 00:00:00+00:00,0.0,25.08184
2048-05-17 00:00:00+00:00,0.0,25.094532
2048-05-18 00:00:00+00:00,0.0,19.64915
2048-05-19 00:00:00+00:00,0.0,17.474771
2048-05-20 00:00:00+00:00,0.06205189,20.761831
2048-05-21 00:00:00+00:00,0.062497802,18.039185
2048-05-22 00:00:00+00:00,0.0,16.95453
2048-05-23 00:00:00+00:00,0.0,15.321577
2048-05-24 00:00:00+00:00,0.0,19.161755
2048-05-25 00:00:00+00:00,0.0,21.362587
2048-05-26 00:00:00+00:00,0.0,20.825489
2048-05-27 00:00:00+00:00,0.0,22.481123
2048-05-28 00:00:00+00:00,0.0,19.74966
2048-05-29 00:00:00+00:00,0.0,20.857578
2048-05-30 00:00:00+00:00,0.06536139,29.10581
2048-05-31 00:00:00+00:00,0.0,28.57136
2048-06-01 00:00:00+00:00,0.0,21.989315
2048-06-02 00:00:00+00:00,0.0,19.250593
2048-06-03 00:00:00+00:00,0.0,19.26056
2048-06-04 00:00:00+00:00,0.0,19.270538
2048-06-05 00:00:00+00:00,1.397979,25.891006
2048-06-06 00:00:00+00:00,1.8686721,13.778968
2048-06-07 00:00:00+00:00,0.06689831,14.337584
2048-06-08 00:00:00+00:00,0.13410209,16.000252
2048-06-09 00:00:00+00:00,0.0,17.11264
2048-06-10 00:00:00+00:00,0.0,17.67389
2048-06-11 00:00:00+00:00,1.484344,20.998722
2048-06-12 00:00:00+00:00,6.219037,13.269298
2048-06-13 00:00:00+00:00,0.9480947,14.382612
2048-06-14 00:00:00+00:00,0.0,19.371378
2048-06-15 00:00:00+00:00,0.0,19.935326
2048-06-16 00:00:00+00:00,0.0,23.270126
2048-06-17 00:00:00+00:00,0.0,23.2824
2048-06-18 00:00:00+00:00,0.06826676,19.412245
2048-06-19 00:00:00+00:00,1.5040073,19.42251
2048-06-20 00:00:00+00:00,0.0,14.435789
2048-06-21 00:00:00+00:00,0.0,14.443443
2048-06-22 00:00:00+00:00,0.0,22.78829
2048-06-23 00:00:00+00:00,0.0,17.795439
2048-06-24 00:00:00+00:00,0.0,16.135704
2048-06-25 00:00:00+00:00,0.0,17.814404
2048-06-26 00:00:00+00:00,4.4821754,23.393887
2048-06-27 00:00:00+00:00,6.5578914,18.390738
2048-06-28 00:00:00+00:00,0.06910201,16.727802
2048-06-29 00:00:00+00:00,2.9743693,18.410446
2048-06-30 00:00:00+00:00,0.0,13.954794
2048-07-01 00:00:00+00:00,0.0,15.079279
2048-07-02 00:00:00+00:00,0.0,17.322561
2048-07-03 00:00:00+00:00,3.898419,12.329802
2048-07-04 00:00:00+00:00,0.0,15.1823845
2048-07-05 00:00:00+00:00,0.0,12.976501
2048-07-06 00:00:00+00:00,0.0,15.850834
2048-07-07 00:00:00+00:00,0.0,13.632662
2048-07-08 00:00:00+00:00,0.0,16.529278
2048-07-09 00:00:00+00:00,0.0,13.726658
2048-07-10 00:00:00+00:00,3.2820003,19.513784
2048-07-11 00:00:00+00:00,0.071571626,18.43033
2048-07-12 00:00:00+00:00,0.0,20.22942
2048-07-13 00:00:00+00:00,0.0,22.041594
2048-07-14 00:00:00+00:00,5.632521,11.642478
2048-07-15 00:00:00+00:00,0.0,15.774196
2048-07-16 00:00:00+00:00,0.0,19.349855
2048-07-17 00:00:00+00:00,0.0,18.24392
2048-07-18 00:00:00+00:00,0.0,15.9487095
2048-07-19 00:00:00+00:00,0.0,14.822443
2048-07-20 00:00:00+00:00,0.0,20.829493
2048-07-21 00:00:00+00:00,0.0,16.726791
2048-07-22 00:00:00+00:00,3.3911018,19.789083
2048-07-23 00:00:00+00:00,2.8078296,14.447531
2048-07-24 00:00:00+00:00,0.0,18.733896
2048-07-25 00:00:00+00:00,0.0,18.200594
2048-07-26 00:00:00+00:00,0.22314407,15.227064
2048-07-27 00:00:00+00:00,7.23023,14.064679
2048-07-28 00:00:00+00:00,3.2864661,16.577003
2048-07-29 00:00:00+00:00,0.5239033,16.027666
2048-07-30 00:00:00+00:00,0.22497387,20.42586
2048-07-31 00:00:00+00:00,0.67622745,16.780869
2048-08-01 00:00:00+00:00,0.0752787,16.22645
2048-08-02 00:00:00+00:00,0.30167323,13.160855
2048-08-03 00:00:00+00:00,0.0,10.699019
2048-08-04 00:00:00+00:00,0.07568969,11.376626
2048-08-05 00:00:00+00:00,2.2746487,17.138258
2048-08-06 00:00:00+00:00,0.22785343,16.57503
2048-08-07 00:00:00+00:00,0.22823493,17.28778
2048-08-08 00:00:00+00:00,3.5815496,16.0778
2048-08-09 00:00:00+00:00,5.8770895,34.236595
2048-08-10 00:00:00+00:00,23.85125,49.963234
2048-08-11 00:00:00+00:00,3.904799,11.080804
2048-08-12 00:00:00+00:00,4.370817,17.679348
2048-08-13 00:00:00+00:00,2.611041,20.392113
2048-08-14 00:00:00+00:00,0.0,13.878292
2048-08-15 00:00:00+00:00,0.30807257,12.615515
2048-08-16 00:00:00+00:00,0.0,12.008181
2048-08-17 00:00:00+00:00,0.0,15.417177
2048-08-18 00:00:00+00:00,0.0,18.859344
2048-08-19 00:00:00+00:00,0.3872096,13.536606
2048-08-20 00:00:00+00:00,8.29716,14.283351
2048-08-21 00:00:00+00:00,0.23293069,12.303666
2048-08-22 00:00:00+00:00,1.3216136,10.304454
2048-08-23 00:00:00+00:00,0.15567763,17.26101
2048-08-24 00:00:00+00:00,1.0910779,19.43112
2048-08-25 00:00:00+00:00,0.23408394,20.228931
2048-08-26 00:00:00+00:00,0.078120366,16.828413
2048-08-27 00:00:00+00:00,0.0,19.031574
2048-08-28 00:00:00+00:00,0.0783009,17.71547
2048-08-29 00:00:00+00:00,0.23516738,14.960856
2048-08-30 00:00:00+00:00,0.0,15.041955
2048-08-31 00:00:00+00:00,0.0,12.243496
2048-09-01 00:00:00+00:00,0.0,19.55311
2048-09-02 00:00:00+00:00,0.1572734,24.648066
2048-09-03 00:00:00+00:00,7.9413457,15.239695
2048-09-04 00:00:00+00:00,5.817688,9.443977
2048-09-05 00:00:00+00:00,14.620969,13.817231
2048-09-06 00:00:00+00:00,3.6940598,10.919829
2048-09-07 00:00:00+00:00,6.601257,9.473851
2048-09-08 00:00:00+00:00,4.243074,10.942951
2048-09-09 00:00:00+00:00,15.005759,15.336412
2048-09-10 00:00:00+00:00,36.36984,14.621679
2048-09-11 00:00:00+00:00,0.078540616,13.905448
2048-09-12 00:00:00+00:00,5.02581,14.653011
2048-09-13 00:00:00+00:00,6.2812448,14.668774
2048-09-14 00:00:00+00:00,10.048311,11.013452
2048-09-15 00:00:00+00:00,12.008799,13.230443
2048-09-16 00:00:00+00:00,0.07847487,13.244805
2048-09-17 00:00:00+00:00,0.0,11.78598
2048-09-18 00:00:00+00:00,15.845976,8.849138
2048-09-19 00:00:00+00:00,19.764341,12.550013
2048-09-20 00:00:00+00:00,8.625528,10.34666
2048-09-21 00:00:00+00:00,2.9006987,14.057374
2048-09-22 00:00:00+00:00,0.0,14.072913
2048-09-23 00:00:00+00:00,0.07836216,9.639512
2048-09-24 00:00:00+00:00,7.991048,8.90791
2048-09-25 00:00:00+00:00,1.6448108,8.174696
2048-09-26 00:00:00+00:00,11.197512,8.1838455
2048-09-27 00:00:00+00:00,11.351097,7.448211
2048-09-28 00:00:00+00:00,0.0,6.71094
2048-09-29 00:00:00+00:00,0.07823908,11.197534
2048-09-30 00:00:00+00:00,0.07821548,9.715527
2048-10-01 00:00:00+00:00,0.0,9.726569
2048-10-02 00:00:00+00:00,3.0484383,8.988612
2048-10-03 00:00:00+00:00,5.1571174,8.998892
2048-10-04 00:00:00+00:00,6.4831247,12.012289
2048-10-05 00:00:00+00:00,0.0,9.019587
2048-10-06 00:00:00+00:00,0.0,7.525
2048-10-07 00:00:00+00:00,0.0,8.287088
2048-10-08 00:00:00+00:00,0.0,9.80521
2048-10-09 00:00:00+00:00,1.870711,12.837143
2048-10-10 00:00:00+00:00,6.8559184,9.072108
2048-10-11 00:00:00+00:00,1.7909617,8.325853
2048-10-12 00:00:00+00:00,0.0,9.093437
2048-10-13 00:00:00+00:00,0.0,9.104172
2048-10-14 00:00:00+00:00,0.0,7.5957932
2048-10-15 00:00:00+00:00,0.0,9.886262
2048-10-16 00:00:00+00:00,0.0,11.420821
2048-10-17 00:00:00+00:00,0.0,9.909877
2048-10-18 00:00:00+00:00,0.0,13.737829
2048-10-19 00:00:00+00:00,0.0,11.461966
2048-10-20 00:00:00+00:00,0.0,12.240856
2048-10-21 00:00:00+00:00,8.502023,7.659801
2048-10-22 00:00:00+00:00,0.0,12.27057
2048-10-23 00:00:00+00:00,0.0,14.589064
2048-10-24 00:00:00+00:00,0.0,9.225413
2048-10-25 00:00:00+00:00,0.0,11.545915
2048-10-26 00:00:00+00:00,0.0,14.642827
2048-10-27 00:00:00+00:00,0.0,12.346029
2048-10-28 00:00:00+00:00,0.0,10.043575
2048-10-29 00:00:00+00:00,0.0,8.508974
2048-10-30 00:00:00+00:00,0.0,7.745078
2048-10-31 00:00:00+00:00,0.0,7.7547674
2048-11-01 00:00:00+00:00,0.0,9.311788
2048-11-02 00:00:00+00:00,0.0,14.691405
2048-11-03 00:00:00+00:00,0.0,8.475645
2048-11-04 00:00:00+00:00,0.0,9.213908
2048-11-05 00:00:00+00:00,0.0,9.947194
2048-11-06 00:00:00+00:00,0.0,9.913045
2048-11-07 00:00:00+00:00,0.0,12.919063
2048-11-08 00:00:00+00:00,0.0,12.875405
2048-11-09 00:00:00+00:00,0.0,14.341909
2048-11-10 00:00:00+00:00,0.0,12.789545
2048-11-11 00:00:00+00:00,0.0,7.4984245
2048-11-12 00:00:00+00:00,0.0,7.4738607
2048-11-13 00:00:00+00:00,0.0,8.194523
2048-11-14 00:00:00+00:00,0.0,11.880851
2048-11-15 00:00:00+00:00,0.0,13.323165
2048-11-16 00:00:00+00:00,0.0,13.280833
2048-11-17 00:00:00+00:00,0.0,11.03246
2048-11-18 00:00:00+00:00,0.0,10.997931
2048-11-19 00:00:00+00:00,0.0,15.349268
2048-11-20 00:00:00+00:00,0.0,15.301938
2048-11-21 00:00:00+00:00,0.0,12.34937
2048-11-22 00:00:00+00:00,0.0,8.690717
2048-11-23 00:00:00+00:00,0.0,9.386547
2048-11-24 00:00:00+00:00,0.0,10.078324
2048-11-25 00:00:00+00:00,0.0,12.20159
2048-11-26 00:00:00+00:00,0.0,13.596831
2048-11-27 00:00:00+00:00,0.0,16.411104
2048-11-28 00:00:00+00:00,0.0,18.497723
2048-11-29 00:00:00+00:00,0.0,16.316116
2048-11-30 00:00:00+00:00,0.0,12.732523
2048-12-01 00:00:00+00:00,0.0,9.169532
2048-12-02 00:00:00+00:00,0.0,11.2536745
2048-12-03 00:00:00+00:00,0.0,14.728987
2048-12-04 00:00:00+00:00,0.0,15.387358
2048-12-05 00:00:00+00:00,0.0,13.949787
2048-12-06 00:00:00+00:00,0.0,12.520298
2048-12-07 00:00:00+00:00,0.0,12.486121
2048-12-08 00:00:00+00:00,0.0,11.76048
2048-12-09 00:00:00+00:00,0.0,13.108677
2048-12-10 00:00:00+00:00,0.0,16.514051
2048-12-11 00:00:00+00:00,0.0,13.038902
2048-12-12 00:00:00+00:00,0.0,10.951167
2048-12-13 00:00:00+00:00,0.0,11.605129
2048-12-14 00:00:00+00:00,0.0,11.574928
2048-12-15 00:00:00+00:00,0.0,11.545009
2048-12-16 00:00:00+00:00,0.0,14.22486
2048-12-17 00:00:00+00:00,0.0,15.539872
2048-12-18 00:00:00+00:00,0.0,12.804759
2048-12-19 00:00:00+00:00,0.0,12.77253
2048-12-20 00:00:00+00:00,0.0,13.411149
2048-12-21 00:00:00+00:00,0.0,13.377836
2048-12-22 00:00:00+00:00,0.0,16.013783
2048-12-23 00:00:00+00:00,0.0,15.974519
2048-12-24 00:00:00+00:00,0.0,11.951704
2048-12-25 00:00:00+00:00,0.0,11.922777
2048-12-26 00:00:00+00:00,0.0,13.876456
2048-12-27 00:00:00+00:00,0.0,15.82092
2048-12-28 00:00:00+00:00,0.0,15.783359
2048-12-29 00:00:00+00:00,0.0,14.433949
2048-12-30 00:00:00+00:00,0.0,14.400115
2048-12-31 00:00:00+00:00,0.0,13.713548
2049-01-01 00:00:00+00:00,0.0,14.335785
2049-01-02 00:00:00+00:00,0.0,12.360859
2049-01-03 00:00:00+00:00,0.0,14.28948
2049-01-04 00:00:00+00:00,0.0,14.914979
2049-01-05 00:00:00+00:00,0.05467934,12.301328
2049-01-06 00:00:00+00:00,0.0,18.099327
2049-01-07 00:00:00+00:00,0.0,15.489026
2049-01-08 00:00:00+00:00,0.0,17.397526
2049-01-09 00:00:00+00:00,0.0,16.726696
2049-01-10 00:00:00+00:00,0.0,16.058035
2049-01-11 00:00:00+00:00,0.0,17.315464
2049-01-12 00:00:00+00:00,0.0,15.367451
2049-01-13 00:00:00+00:00,0.0,14.70419
2049-01-14 00:00:00+00:00,0.0,15.319671
2049-01-15 00:00:00+00:00,0.10428035,14.658623
2049-01-16 00:00:00+00:00,0.051868685,12.090619
2049-01-17 00:00:00+00:00,0.12898433,12.072031
2049-01-18 00:00:00+00:00,0.102630556,15.225519
2049-01-19 00:00:00+00:00,0.0,20.903118
2049-01-20 00:00:00+00:00,0.0,22.136234
2049-01-21 00:00:00+00:00,0.2018328,17.682129
2049-01-22 00:00:00+00:00,0.9782181,14.502651
2049-01-23 00:00:00+00:00,1.4212378,13.851203
2049-01-24 00:00:00+00:00,0.024783509,17.602335
2049-01-25 00:00:00+00:00,0.0,14.437424
2049-01-26 00:00:00+00:00,0.0,16.296225
2049-01-27 00:00:00+00:00,0.0,18.14954
2049-01-28 00:00:00+00:00,0.0,13.748219
2049-01-29 00:00:00+00:00,0.0,11.231934
2049-01-30 00:00:00+00:00,0.0,15.576948
2049-01-31 00:00:00+00:00,0.0,16.176262
2049-02-01 00:00:00+00:00,0.0,18.01638
2049-02-02 00:00:00+00:00,0.0,13.647682
2049-02-03 00:00:00+00:00,0.0,13.627858
2049-02-04 00:00:00+00:00,0.0,11.1339245
2049-02-05 00:00:00+00:00,0.0,11.735518
2049-02-06 00:00:00+00:00,0.0,13.568953
2049-02-07 00:00:00+00:00,0.0,10.470071
2049-02-08 00:00:00+00:00,0.0,10.4551115
2049-02-09 00:00:00+00:00,0.0,11.668481
2049-02-10 00:00:00+00:00,0.0,14.104953
2049-02-11 00:00:00+00:00,0.0,14.084995
2049-02-12 00:00:00+00:00,0.0,12.842074
2049-02-13 00:00:00+00:00,0.0,14.045356
2049-02-14 00:00:00+00:00,0.0,15.245298
2049-02-15 00:00:00+00:00,0.0,14.615042
2049-02-16 00:00:00+00:00,0.0,14.594696
2049-02-17 00:00:00+00:00,0.0,15.788974
2049-02-18 00:00:00+00:00,0.0,14.554276
2049-02-19 00:00:00+00:00,0.0,14.534206
2049-02-20 00:00:00+00:00,0.0,14.514227
2049-02-21 00:00:00+00:00,0.0,12.078614
2049-02-22 00:00:00+00:00,0.0,14.474539
2049-02-23 00:00:00+00:00,0.0,15.057115
2049-02-24 00:00:00+00:00,0.0,10.8264065
2049-02-25 00:00:00+00:00,0.0,10.211105
2049-02-26 00:00:00+00:00,0.0,12.5967045
2049-02-27 00:00:00+00:00,0.0,11.98073
2049-02-28 00:00:00+00:00,0.0,15.554074
2049-03-01 00:00:00+00:00,0.0,14.935856
2049-03-02 00:00:00+00:00,0.0,14.915962
2049-03-03 00:00:00+00:00,0.0,13.702506
2049-03-04 00:00:00+00:00,0.0,14.2739
2049-03-05 00:00:00+00:00,0.0,11.280968
2049-03-06 00:00:00+00:00,0.0,13.040034
2049-03-07 00:00:00+00:00,0.0,14.201451
2049-03-08 00:00:00+00:00,0.0,14.768244
2049-03-09 00:00:00+00:00,0.0,11.204997
2049-03-10 00:00:00+00:00,0.0,13.541204
2049-03-11 00:00:00+00:00,0.0,14.694092
2049-03-12 00:00:00+00:00,0.0,14.669594
2049-03-13 00:00:00+00:00,0.0,14.645199
2049-03-14 00:00:00+00:00,0.0,14.620911
2049-03-15 00:00:00+00:00,0.025219962,17.516075
2049-03-16 00:00:00+00:00,0.0,22.150429
2049-03-17 00:00:00+00:00,0.025996206,16.876463
2049-03-18 00:00:00+00:00,0.0,15.105798
2049-03-19 00:00:00+00:00,0.026690228,12.180872
2049-03-20 00:00:00+00:00,0.0,12.740088
2049-03-21 00:00:00+00:00,0.0,17.344568
2049-03-22 00:00:00+00:00,0.0,17.316416
2049-03-23 00:00:00+00:00,0.0,16.13582
2049-03-24 00:00:00+00:00,0.0,14.959066
2049-03-25 00:00:00+00:00,0.0,15.509399
2049-03-26 00:00:00+00:00,0.0,14.337485
2049-03-27 00:00:00+00:00,0.0,13.169355
2049-03-28 00:00:00+00:00,0.0,12.004981
2049-03-29 00:00:00+00:00,0.0,11.985848
2049-03-30 00:00:00+00:00,0.0,13.106493
2049-03-31 00:00:00+00:00,0.0,10.2409935
2049-04-01 00:00:00+00:00,0.08960524,14.769157
2049-04-02 00:00:00+00:00,0.0,16.44731
2049-04-03 00:00:00+00:00,0.0,14.72267
2049-04-04 00:00:00+00:00,0.0,14.69957
2049-04-05 00:00:00+00:00,0.0,14.1120825
2049-04-06 00:00:00+00:00,0.0,13.526455
2049-04-07 00:00:00+00:00,0.0,11.254498
2049-04-08 00:00:00+00:00,0.0,12.922573
2049-04-09 00:00:00+00:00,0.0,14.02452
2049-04-10 00:00:00+00:00,0.0,21.844452
2049-04-11 00:00:00+00:00,0.0,21.251541
2049-04-12 00:00:00+00:00,0.0,12.843005
2049-04-13 00:00:00+00:00,0.0,13.938387
2049-04-14 00:00:00+00:00,0.0,18.927221
2049-04-15 00:00:00+00:00,0.0,18.342516
2049-04-16 00:00:00+00:00,0.0,18.8696
2049-04-17 00:00:00+00:00,0.0,14.407795
2049-04-18 00:00:00+00:00,0.0,14.385986
2049-04-19 00:00:00+00:00,0.0,18.78404
2049-04-20 00:00:00+00:00,0.0,20.410667
2049-04-21 00:00:00+00:00,0.0,17.625952
2049-04-22 00:00:00+00:00,0.0,18.14952
2049-04-23 00:00:00+00:00,0.0,20.868208
2049-04-24 00:00:00+00:00,0.0,19.740406
2049-04-25 00:00:00+00:00,0.03283212,18.61599
2049-04-26 00:00:00+00:00,0.032914862,18.04165
2049-04-27 00:00:00+00:00,0.0,16.37723
2049-04-28 00:00:00+00:00,0.03307396,19.623663
2049-04-29 00:00:00+00:00,0.0,17.417568
2049-04-30 00:00:00+00:00,0.0,16.848484
2049-05-01 00:00:00+00:00,0.16648915,18.451904
2049-05-02 00:00:00+00:00,0.0,15.173478
2049-05-03 00:00:00+00:00,0.0,16.791117
2049-05-04 00:00:00+00:00,0.0,13.006038
2049-05-05 00:00:00+00:00,0.0,16.265642
2049-05-06 00:00:00+00:00,0.37284335,21.155876
2049-05-07 00:00:00+00:00,3.2288103,16.824604
2049-05-08 00:00:00+00:00,0.0,14.118012
2049-05-09 00:00:00+00:00,0.0,15.754895
2049-05-10 00:00:00+00:00,0.0,16.84988
2049-05-11 00:00:00+00:00,0.0,22.296509
2049-05-12 00:00:00+00:00,0.0,20.67544
2049-05-13 00:00:00+00:00,0.0,17.419657
2049-05-14 00:00:00+00:00,0.0,16.883793
2049-05-15 00:00:00+00:00,0.0,15.802485
2049-05-16 00:00:00+00:00,0.0,13.629715
2049-05-17 00:00:00+00:00,0.0,16.363932
2049-05-18 00:00:00+00:00,0.0,16.917955
2049-05-19 00:00:00+00:00,0.0,22.932728
2049-05-20 00:00:00+00:00,0.0,23.490671
2049-05-21 00:00:00+00:00,0.0,24.595758
2049-05-22 00:00:00+00:00,0.0,24.60828
2049-05-23 00:00:00+00:00,1.2008108,22.43231
2049-05-24 00:00:00+00:00,0.44494525,22.44376
2049-05-25 00:00:00+00:00,0.06390217,15.335281
2049-05-26 00:00:00+00:00,0.0,20.274853
2049-05-27 00:00:00+00:00,0.0,21.381748
2049-05-28 00:00:00+00:00,0.0,18.650063
2049-05-29 00:00:00+00:00,0.0,18.110834
2049-05-30 00:00:00+00:00,0.0,13.178292
2049-05-31 00:00:00+00:00,0.0,19.228243
2049-06-01 00:00:00+00:00,0.0,19.787828
2049-06-02 00:00:00+00:00,0.0,17.048325
2049-06-03 00:00:00+00:00,0.0,20.908754
2049-06-04 00:00:00+00:00,0.13269743,20.369074
2049-06-05 00:00:00+00:00,0.0,19.828836
2049-06-06 00:00:00+00:00,0.0,13.226091
2049-06-07 00:00:00+00:00,0.0,11.578848
2049-06-08 00:00:00+00:00,0.0,21.514778
2049-06-09 00:00:00+00:00,0.06716111,28.149378
2049-06-10 00:00:00+00:00,0.06730224,24.298426
2049-06-11 00:00:00+00:00,0.0,16.575771
2049-06-12 00:00:00+00:00,0.0,25.429491
2049-06-13 00:00:00+00:00,0.0,22.677298
2049-06-14 00:00:00+00:00,0.0,16.048464
2049-06-15 00:00:00+00:00,0.8830158,14.949527
2049-06-16 00:00:00+00:00,5.646844,15.511376
2049-06-17 00:00:00+00:00,0.0,17.736633
2049-06-18 00:00:00+00:00,0.06824189,17.745996
2049-06-19 00:00:00+00:00,0.0,22.749073
2049-06-20 00:00:00+00:00,0.0,24.981712
2049-06-21 00:00:00+00:00,0.0,17.218746
2049-06-22 00:00:00+00:00,0.0,20.006577
2049-06-23 00:00:00+00:00,0.0,20.017208
2049-06-24 00:00:00+00:00,0.13756248,22.809507
2049-06-25 00:00:00+00:00,0.20658228,21.708412
2049-06-26 00:00:00+00:00,1.4476917,10.581536
2049-06-27 00:00:00+00:00,0.0,15.602177
2049-06-28 00:00:00+00:00,0.06908433,19.513159
2049-06-29 00:00:00+00:00,1.4522389,18.407978
2049-06-30 00:00:00+00:00,0.13844404,23.999027
2049-07-01 00:00:00+00:00,0.0,14.518834
2049-07-02 00:00:00+00:00,7.281914,20.672533
2049-07-03 00:00:00+00:00,0.0,18.47942
2049-07-04 00:00:00+00:00,1.815206,12.360534
2049-07-05 00:00:00+00:00,0.07007751,10.710728
2049-07-06 00:00:00+00:00,0.0,13.009327
2049-07-07 00:00:00+00:00,0.0,15.3236885
2049-07-08 00:00:00+00:00,0.42494303,17.654072
2049-07-09 00:00:00+00:00,0.8527239,13.143346
2049-07-10 00:00:00+00:00,0.35645515,13.762444
2049-07-11 00:00:00+00:00,0.5006132,16.687832
2049-07-12 00:00:00+00:00,0.0,20.211536
2049-07-13 00:00:00+00:00,3.2377756,12.749554
2049-07-14 00:00:00+00:00,0.0,15.703231
2049-07-15 00:00:00+00:00,0.0,22.764328
2049-07-16 00:00:00+00:00,0.0,21.675508
2049-07-17 00:00:00+00:00,0.0,16.463236
2049-07-18 00:00:00+00:00,22.615118,30.687574
2049-07-19 00:00:00+00:00,0.0,15.993292
2049-07-20 00:00:00+00:00,0.0,10.10766
2049-07-21 00:00:00+00:00,0.14700226,13.130011
2049-07-22 00:00:00+00:00,0.0,14.977393
2049-07-23 00:00:00+00:00,4.135484,19.2448
2049-07-24 00:00:00+00:00,0.0,8.452248
2049-07-25 00:00:00+00:00,1.5577888,13.940116
2049-07-26 00:00:00+00:00,0.14868318,15.820499
2049-07-27 00:00:00+00:00,1.41549,19.548761
2049-07-28 00:00:00+00:00,6.270953,14.106969
2049-07-29 00:00:00+00:00,4.189129,8.621543
2049-07-30 00:00:00+00:00,0.0,10.511668
2049-07-31 00:00:00+00:00,0.0,8.69223
2049-08-01 00:00:00+00:00,0.07524338,17.456488
2049-08-02 00:00:00+00:00,1.0553709,20.033632
2049-08-03 00:00:00+00:00,1.5859468,15.71723
2049-08-04 00:00:00+00:00,0.15131263,7.5763373
2049-08-05 00:00:00+00:00,11.595696,13.31543
2049-08-06 00:00:00+00:00,0.0,15.92025
2049-08-07 00:00:00+00:00,3.8023367,12.152174
2049-08-08 00:00:00+00:00,20.185627,8.351233
2049-08-09 00:00:00+00:00,0.0,10.324073
2049-08-10 00:00:00+00:00,4.2793183,14.907326
2049-08-11 00:00:00+00:00,17.450047,11.068251
2049-08-12 00:00:00+00:00,3.9092581,12.426803
2049-08-13 00:00:00+00:00,0.15353386,13.141028
2049-08-14 00:00:00+00:00,1.3069563,12.541937
2049-08-15 00:00:00+00:00,3.6185634,11.937503
2049-08-16 00:00:00+00:00,29.991814,11.327618
2049-08-17 00:00:00+00:00,24.706247,13.390203
2049-08-18 00:00:00+00:00,0.0,10.763756
2049-08-19 00:00:00+00:00,2.0902386,16.900135
2049-08-20 00:00:00+00:00,9.069641,27.852234
2049-08-21 00:00:00+00:00,1.6299928,14.336447
2049-08-22 00:00:00+00:00,0.07771752,10.291533
2049-08-23 00:00:00+00:00,0.23344429,12.412194
2049-08-24 00:00:00+00:00,2.8826869,9.703143
2049-08-25 00:00:00+00:00,0.0,13.932984
2049-08-26 00:00:00+00:00,5.8573046,14.005402
2049-08-27 00:00:00+00:00,8.444381,11.967074
2049-08-28 00:00:00+00:00,0.0,14.153541
2049-08-29 00:00:00+00:00,3.3697894,15.652242
2049-08-30 00:00:00+00:00,0.9414531,18.598124
2049-08-31 00:00:00+00:00,0.39270166,19.418922
2049-09-01 00:00:00+00:00,1.1007497,14.463748
2049-09-02 00:00:00+00:00,6.3697624,12.320824
2049-09-03 00:00:00+00:00,3.9314795,10.157145
2049-09-04 00:00:00+00:00,2.3585963,7.988965
2049-09-05 00:00:00+00:00,0.15721981,12.359539
2049-09-06 00:00:00+00:00,0.7859963,17.467125
2049-09-07 00:00:00+00:00,4.008043,11.657044
2049-09-08 00:00:00+00:00,14.851282,13.857398
2049-09-09 00:00:00+00:00,12.335023,8.031224
2049-09-10 00:00:00+00:00,0.0,10.963337
2049-09-11 00:00:00+00:00,4.869705,13.170059
2049-09-12 00:00:00+00:00,0.392657,25.635895
2049-09-13 00:00:00+00:00,0.0,8.798897
2049-09-14 00:00:00+00:00,0.0,13.212574
2049-09-15 00:00:00+00:00,0.47095382,15.431339
2049-09-16 00:00:00+00:00,3.2960932,11.034342
2049-09-17 00:00:00+00:00,3.452419,12.519193
2049-09-18 00:00:00+00:00,1.7258826,14.007309
2049-09-19 00:00:00+00:00,2.7451851,14.02264
2049-09-20 00:00:00+00:00,22.505953,8.866129
2049-09-21 00:00:00+00:00,0.0,11.094867
2049-09-22 00:00:00+00:00,1.95961,8.145224
2049-09-23 00:00:00+00:00,6.5828023,11.119431
2049-09-24 00:00:00+00:00,8.539966,8.163313
2049-09-25 00:00:00+00:00,4.229778,8.172414
2049-09-26 00:00:00+00:00,5.951512,6.693999
2049-09-27 00:00:00+00:00,1.8006405,10.424568
2049-09-28 00:00:00+00:00,0.0,11.181748
2049-09-29 00:00:00+00:00,1.0171827,13.433245
2049-09-30 00:00:00+00:00,3.5199664,16.437
2049-10-01 00:00:00+00:00,3.1278841,15.707684
2049-10-02 00:00:00+00:00,1.5634325,8.237209
2049-10-03 00:00:00+00:00,0.07814499,8.246623
2049-10-04 00:00:00+00:00,0.0,11.258289
2049-10-05 00:00:00+00:00,0.0,11.271235
2049-10-06 00:00:00+00:00,0.0,9.779675
2049-10-07 00:00:00+00:00,0.0,10.544147
2049-10-08 00:00:00+00:00,0.0,12.064444
2049-10-09 00:00:00+00:00,0.0,12.833402
2049-10-10 00:00:00+00:00,0.9350147,12.092606
2049-10-11 00:00:00+00:00,1.71332,17.403496
2049-10-12 00:00:00+00:00,0.5448532,7.5756335
2049-10-13 00:00:00+00:00,0.0,9.101483
2049-10-14 00:00:00+00:00,0.0,10.630961
2049-10-15 00:00:00+00:00,0.0,9.883323
2049-10-16 00:00:00+00:00,0.0,11.417417
2049-10-17 00:00:00+00:00,0.0,10.668985
2049-10-18 00:00:00+00:00,0.0,9.918788
2049-10-19 00:00:00+00:00,0.0,11.458517
2049-10-20 00:00:00+00:00,0.0,12.23716
2049-10-21 00:00:00+00:00,0.0,13.017718
2049-10-22 00:00:00+00:00,0.0,12.266842
2049-10-23 00:00:00+00:00,0.0,14.584618
2049-10-24 00:00:00+00:00,0.0,12.29679
2049-10-25 00:00:00+00:00,0.07693772,11.542373
2049-10-26 00:00:00+00:00,0.0,12.327005
2049-10-27 00:00:00+00:00,0.0,14.656381
2049-10-28 00:00:00+00:00,0.84208184,25.487331
2049-10-29 00:00:00+00:00,1.9098902,14.692747
2049-10-30 00:00:00+00:00,0.0,12.388259
2049-10-31 00:00:00+00:00,0.0,11.628511
2049-11-01 00:00:00+00:00,0.0,13.19551
2049-11-02 00:00:00+00:00,0.0,12.382663
2049-11-03 00:00:00+00:00,0.0,13.110229
2049-11-04 00:00:00+00:00,0.0,11.527418
2049-11-05 00:00:00+00:00,0.0,10.7216215
2049-11-06 00:00:00+00:00,0.0,12.974331
2049-11-07 00:00:00+00:00,0.60127616,12.930054
2049-11-08 00:00:00+00:00,0.0750451,12.886274
2049-11-09 00:00:00+00:00,0.0,9.821103
2049-11-10 00:00:00+00:00,0.0,18.070831
2049-11-11 00:00:00+00:00,0.0,12.7578335
2049-11-12 00:00:00+00:00,0.0,8.975972
2049-11-13 00:00:00+00:00,0.0,11.928984
2049-11-14 00:00:00+00:00,0.0,10.404122
2049-11-15 00:00:00+00:00,0.0,11.111517
2049-11-16 00:00:00+00:00,0.0,13.291374
2049-11-17 00:00:00+00:00,0.0,10.305074
2049-11-18 00:00:00+00:00,0.0,11.006527
2049-11-19 00:00:00+00:00,0.0,10.2407875
2049-11-20 00:00:00+00:00,0.0,10.20915
2049-11-21 00:00:00+00:00,0.0,13.085799
2049-11-22 00:00:00+00:00,0.0,13.045968
2049-11-23 00:00:00+00:00,0.0,10.838791
2049-11-24 00:00:00+00:00,0.0,7.924606
2049-11-25 00:00:00+00:00,0.0,11.492375
2049-11-26 00:00:00+00:00,0.0,11.458403
2049-11-27 00:00:00+00:00,0.0,9.282629
2049-11-28 00:00:00+00:00,0.0,11.391484
2049-11-29 00:00:00+00:00,0.0,9.228805
2049-11-30 00:00:00+00:00,0.0,10.618036
2049-12-01 00:00:00+00:00,0.0,9.881903
2049-12-02 00:00:00+00:00,0.0,16.188581
2049-12-03 00:00:00+00:00,0.0,16.143057
2049-12-04 00:00:00+00:00,0.0,19.597544
2049-12-05 00:00:00+00:00,0.0,18.14726
2049-12-06 00:00:00+00:00,0.0,18.793343
2049-12-07 00:00:00+00:00,0.0,19.436098
2049-12-08 00:00:00+00:00,0.0,17.998793
2049-12-09 00:00:00+00:00,0.0,16.569464
2049-12-10 00:00:00+00:00,0.0,15.8365345
2049-12-11 00:00:00+00:00,1.9396544,19.227972
2049-12-12 00:00:00+00:00,0.26536027,19.862064
2049-12-13 00:00:00+00:00,0.0,16.394432
2049-12-14 00:00:00+00:00,0.0,17.714338
2049-12-15 00:00:00+00:00,0.0,16.988916
2049-12-16 00:00:00+00:00,0.0,16.26741
2049-12-17 00:00:00+00:00,0.0,16.22585
2049-12-18 00:00:00+00:00,0.0,16.859032
2049-12-19 00:00:00+00:00,0.0,16.143864
2049-12-20 00:00:00+00:00,0.0,17.445381
2049-12-21 00:00:00+00:00,0.0,18.071281
2049-12-22 00:00:00+00:00,0.0,16.691307
2049-12-23 00:00:00+00:00,0.0,16.650316
2049-12-24 00:00:00+00:00,0.0,16.60969
2049-12-25 00:00:00+00:00,0.0,14.581094
2049-12-26 00:00:00+00:00,0.0,15.868338
2049-12-27 00:00:00+00:00,0.0,12.532368
2049-12-28 00:00:00+00:00,0.0,13.160598
2049-12-29 00:00:00+00:00,0.0,11.160078
2049-12-30 00:00:00+00:00,0.26898143,19.648014
2049-12-31 00:00:00+00:00,0.16850477,20.90899
2050-01-01 00:00:00+00:00,0.0,13.037825
2050-01-02 00:00:00+00:00,0.0,14.969198
2050-01-03 00:00:00+00:00,0.0,12.345889
2050-01-04 00:00:00+00:00,0.0,12.326023
2050-01-05 00:00:00+00:00,0.0,12.306255
2050-01-06 00:00:00+00:00,0.0,12.933252
2050-01-07 00:00:00+00:00,0.0,19.36898
2050-01-08 00:00:00+00:00,0.0,19.982851
2050-01-09 00:00:00+00:00,0.0,18.020481
2050-01-10 00:00:00+00:00,0.0,14.779208
2050-01-11 00:00:00+00:00,0.0,11.548168
2050-01-12 00:00:00+00:00,0.0,10.889533
2050-01-13 00:00:00+00:00,0.0,11.512108
2050-01-14 00:00:00+00:00,0.0,14.048482
2050-01-15 00:00:00+00:00,0.0,11.476406
2050-01-16 00:00:00+00:00,0.0,14.641654
2050-01-17 00:00:00+00:00,0.0,13.347896
2050-01-18 00:00:00+00:00,0.0,14.596708
2050-01-19 00:00:00+00:00,0.0,16.475409
2050-01-20 00:00:00+00:00,0.0,15.184908
2050-01-21 00:00:00+00:00,0.0,14.53011
2050-01-22 00:00:00+00:00,0.0,12.615765
2050-01-23 00:00:00+00:00,0.0,13.226581
2050-01-24 00:00:00+00:00,0.0,14.464488
2050-01-25 00:00:00+00:00,0.0,14.442824
2050-01-26 00:00:00+00:00,0.0,13.794253
2050-01-27 00:00:00+00:00,0.0,15.651971
2050-01-28 00:00:00+00:00,0.0,13.753309
2050-01-29 00:00:00+00:00,0.0,14.981438
2050-01-30 00:00:00+00:00,0.0,14.959372
2050-01-31 00:00:00+00:00,0.0,13.070233
2050-02-01 00:00:00+00:00,0.0,17.40148
2050-02-02 00:00:00+00:00,0.0,14.893803
2050-02-03 00:00:00+00:00,0.0,15.491826
2050-02-04 00:00:00+00:00,0.0,16.088158
2050-02-05 00:00:00+00:00,0.0,16.064922
2050-02-06 00:00:00+00:00,0.0,16.658792
2050-02-07 00:00:00+00:00,0.0,15.402678
2050-02-08 00:00:00+00:00,0.0,14.765428
2050-02-09 00:00:00+00:00,0.0,14.744382
2050-02-10 00:00:00+00:00,0.0,20.24472
2050-02-11 00:00:00+00:00,0.0,17.765625
2050-02-12 00:00:00+00:00,0.0,13.458346
2050-02-13 00:00:00+00:00,0.0,12.217645
2050-02-14 00:00:00+00:00,0.0,12.20051
2050-02-15 00:00:00+00:00,0.0,12.792627
2050-02-16 00:00:00+00:00,0.0,10.949829
2050-02-17 00:00:00+00:00,0.0,12.757057
2050-02-18 00:00:00+00:00,0.0,12.132756
2050-02-19 00:00:00+00:00,0.0,13.9334135
2050-02-20 00:00:00+00:00,0.0,12.70431
2050-02-21 00:00:00+00:00,0.0,13.895163
2050-02-22 00:00:00+00:00,0.0,15.686102
2050-02-23 00:00:00+00:00,0.0,14.45975
2050-02-24 00:00:00+00:00,0.0,13.838435
2050-02-25 00:00:00+00:00,0.0,11.41627
2050-02-26 00:00:00+00:00,0.0,13.200996
2050-02-27 00:00:00+00:00,0.0,11.984756
2050-02-28 00:00:00+00:00,0.0,15.559285
2050-03-01 00:00:00+00:00,0.0,16.136114
2050-03-02 00:00:00+00:00,0.0,17.308279
2050-03-03 00:00:00+00:00,0.0,14.900391
2050-03-04 00:00:00+00:00,0.0,12.494985
2050-03-05 00:00:00+00:00,0.0,12.473736
2050-03-06 00:00:00+00:00,0.0,11.8596
2050-03-07 00:00:00+00:00,0.0,11.839542
2050-03-08 00:00:00+00:00,0.0,11.228593
2050-03-09 00:00:00+00:00,0.0,11.209706
2050-03-10 00:00:00+00:00,0.0,12.36889
2050-03-11 00:00:00+00:00,0.0,11.172178
2050-03-12 00:00:00+00:00,0.0,11.153537
2050-03-13 00:00:00+00:00,0.0,11.721028
2050-03-14 00:00:00+00:00,0.0,11.701578
2050-03-15 00:00:00+00:00,0.0,11.0981
2050-03-16 00:00:00+00:00,0.0,16.328098
2050-03-17 00:00:00+00:00,0.0,16.30122
2050-03-18 00:00:00+00:00,0.0,16.274454
2050-03-19 00:00:00+00:00,0.0,19.729483
2050-03-20 00:00:00+00:00,0.0,16.800606
2050-03-21 00:00:00+00:00,0.0,16.773243
2050-03-22 00:00:00+00:00,0.0,13.858755
2050-03-23 00:00:00+00:00,0.0,12.683276
2050-03-24 00:00:00+00:00,0.0,12.662783
2050-03-25 00:00:00+00:00,0.0,13.217029
2050-03-26 00:00:00+00:00,0.0,13.195783
2050-03-27 00:00:00+00:00,0.0,13.747441
2050-03-28 00:00:00+00:00,0.0,17.156822
2050-03-29 00:00:00+00:00,0.0,11.419643
2050-03-30 00:00:00+00:00,0.0,11.40148
2050-03-31 00:00:00+00:00,0.0,12.521732
2050-04-01 00:00:00+00:00,0.0,14.206726
2050-04-02 00:00:00+00:00,0.0,16.453794
2050-04-03 00:00:00+00:00,0.0,15.294939
2050-04-04 00:00:00+00:00,0.0,17.533283
2050-04-05 00:00:00+00:00,0.0,11.858787
2050-04-06 00:00:00+00:00,0.0,11.276445
2050-04-07 00:00:00+00:00,0.0,9.007102
2050-04-08 00:00:00+00:00,0.0,11.241384
2050-04-09 00:00:00+00:00,0.0,12.907555
2050-04-10 00:00:00+00:00,0.0,14.008262
2050-04-11 00:00:00+00:00,0.0,14.54613
2050-04-12 00:00:00+00:00,0.0,15.082366
2050-04-13 00:00:00+00:00,0.0,14.501477
2050-04-14 00:00:00+00:00,0.0,12.808604
2050-04-15 00:00:00+00:00,0.0,12.789051
2050-04-16 00:00:00+00:00,0.0,12.769583
2050-04-17 00:00:00+00:00,0.0,16.07633
2050-04-18 00:00:00+00:00,0.0,12.177363
2050-04-19 00:00:00+00:00,0.0,12.158967
2050-04-20 00:00:00+00:00,0.0,18.210962
2050-04-21 00:00:00+00:00,0.0,20.938677
2050-04-22 00:00:00+00:00,0.0,20.357088
2050-04-23 00:00:00+00:00,0.0,19.777271
2050-04-24 00:00:00+00:00,0.0,17.00502
2050-04-25 00:00:00+00:00,0.0,16.979712
2050-04-26 00:00:00+00:00,0.0,12.032229
2050-04-27 00:00:00+00:00,0.0,12.014411
2050-04-28 00:00:00+00:00,0.0,18.540298
2050-04-29 00:00:00+00:00,0.0,19.057482
2050-04-30 00:00:00+00:00,0.0,15.767274
2050-05-01 00:00:00+00:00,0.0,17.915766
2050-05-02 00:00:00+00:00,0.0,17.347452
2050-05-03 00:00:00+00:00,0.0,19.49694
2050-05-04 00:00:00+00:00,0.0,17.881077
2050-05-05 00:00:00+00:00,0.0,14.637257
2050-05-06 00:00:00+00:00,0.0,15.18694
2050-05-07 00:00:00+00:00,0.0,15.194519
2050-05-08 00:00:00+00:00,0.0,14.659179
2050-05-09 00:00:00+00:00,0.0,16.296127
2050-05-10 00:00:00+00:00,0.0,16.847765
2050-05-11 00:00:00+00:00,0.0,13.049977
2050-05-12 00:00:00+00:00,0.0,15.776643
2050-05-13 00:00:00+00:00,0.0,17.417467
2050-05-14 00:00:00+00:00,0.0,10.891398
2050-05-15 00:00:00+00:00,0.0,16.345337
2050-05-16 00:00:00+00:00,0.0,15.808473
2050-05-17 00:00:00+00:00,0.0,11.998698
2050-05-18 00:00:00+00:00,0.0,16.370144
2050-05-19 00:00:00+00:00,0.0,14.194652
2050-05-20 00:00:00+00:00,0.0,16.932981
2050-05-21 00:00:00+00:00,0.0,17.488094
2050-05-22 00:00:00+00:00,0.0,18.590557
2050-05-23 00:00:00+00:00,0.063105665,21.88239
2050-05-24 00:00:00+00:00,0.0,17.514849
2050-05-25 00:00:00+00:00,0.0,18.071415
2050-05-26 00:00:00+00:00,0.0,19.17646
2050-05-27 00:00:00+00:00,0.0,24.668081
2050-05-28 00:00:00+00:00,0.0,24.132278
2050-05-29 00:00:00+00:00,0.0,18.657248
2050-05-30 00:00:00+00:00,0.0,15.372697
2050-05-31 00:00:00+00:00,0.0,15.380615
2050-06-01 00:00:00+00:00,0.0,14.289365
2050-06-02 00:00:00+00:00,0.0,12.097247
2050-06-03 00:00:00+00:00,0.0,11.003186
2050-06-04 00:00:00+00:00,0.1326054,16.513323
2050-06-05 00:00:00+00:00,0.0,21.478455
2050-06-06 00:00:00+00:00,0.0,17.632498
2050-06-07 00:00:00+00:00,0.0,22.052084
2050-06-08 00:00:00+00:00,0.0,19.305618
2050-06-09 00:00:00+00:00,0.0,18.211931
2050-06-10 00:00:00+00:00,0.0,15.460613
2050-06-11 00:00:00+00:00,0.20221229,14.916242
2050-06-12 00:00:00+00:00,0.06753488,16.582277
2050-06-13 00:00:00+00:00,0.0,13.8258095
2050-06-14 00:00:00+00:00,0.0,16.599676
2050-06-15 00:00:00+00:00,0.0,13.840337
2050-06-16 00:00:00+00:00,0.0,13.2937155
2050-06-17 00:00:00+00:00,0.068113975,12.192326
2050-06-18 00:00:00+00:00,0.06821679,13.307739
2050-06-19 00:00:00+00:00,0.0,18.30781
2050-06-20 00:00:00+00:00,1.0261691,26.643635
2050-06-21 00:00:00+00:00,2.0551002,20.548683
2050-06-22 00:00:00+00:00,0.20577659,15.558606
2050-06-23 00:00:00+00:00,0.0,16.678791
2050-06-24 00:00:00+00:00,0.0,21.693964
2050-06-25 00:00:00+00:00,0.0,19.479313
2050-06-26 00:00:00+00:00,0.0,18.93286
2050-06-27 00:00:00+00:00,0.13798757,25.071579
2050-06-28 00:00:00+00:00,1.1741306,20.625437
2050-06-29 00:00:00+00:00,0.2074109,14.501312
2050-06-30 00:00:00+00:00,2.076158,24.553844
2050-07-01 00:00:00+00:00,0.90052974,20.658642
2050-07-02 00:00:00+00:00,0.83202964,13.96605
2050-07-03 00:00:00+00:00,5.5582714,14.54753
2050-07-04 00:00:00+00:00,0.5579925,14.0343895
2050-07-05 00:00:00+00:00,0.0,11.265012
2050-07-06 00:00:00+00:00,0.0,11.302918
2050-07-07 00:00:00+00:00,0.21155936,18.71304
2050-07-08 00:00:00+00:00,0.84916544,17.63896
2050-07-09 00:00:00+00:00,0.0,11.990093
2050-07-10 00:00:00+00:00,0.14246778,17.1881
2050-07-11 00:00:00+00:00,3.9303217,20.122849
2050-07-12 00:00:00+00:00,0.143363,17.308882
2050-07-13 00:00:00+00:00,0.0,18.528313
2050-07-14 00:00:00+00:00,0.07210823,22.662117
2050-07-15 00:00:00+00:00,2.8925686,17.495209
2050-07-16 00:00:00+00:00,0.07251549,14.632281
2050-07-17 00:00:00+00:00,0.0,15.273267
2050-07-18 00:00:00+00:00,0.7290457,24.173605
2050-07-19 00:00:00+00:00,0.21927807,15.386594
2050-07-20 00:00:00+00:00,0.14655338,13.068216
2050-07-21 00:00:00+00:00,0.0,16.098846
2050-07-22 00:00:00+00:00,0.5890633,23.940958
2050-07-23 00:00:00+00:00,0.36902693,18.02464
2050-07-24 00:00:00+00:00,0.0,15.681804
2050-07-25 00:00:00+00:00,0.0,14.531985
2050-07-26 00:00:00+00:00,0.5944128,20.060068
2050-07-27 00:00:00+00:00,0.0,12.816119
2050-07-28 00:00:00+00:00,0.0,17.76922
2050-07-29 00:00:00+00:00,0.0,20.91687
2050-07-30 00:00:00+00:00,1.2736005,17.295689
2050-07-31 00:00:00+00:00,0.0,14.8856535
2050-08-01 00:00:00+00:00,0.0,12.4559965
2050-08-02 00:00:00+00:00,0.0,20.63809
2050-08-03 00:00:00+00:00,2.4910746,16.328688
2050-08-04 00:00:00+00:00,4.537368,18.920704
2050-08-05 00:00:00+00:00,0.0,19.001644
2050-08-06 00:00:00+00:00,1.1383003,19.719757
2050-08-07 00:00:00+00:00,0.07601502,13.416692
2050-08-08 00:00:00+00:00,0.07614102,17.967472
2050-08-09 00:00:00+00:00,0.076264784,21.269754
2050-08-10 00:00:00+00:00,3.8957036,23.954483
2050-08-11 00:00:00+00:00,0.076505765,11.706077
2050-08-12 00:00:00+00:00,0.0,10.452742
2050-08-13 00:00:00+00:00,0.0,24.939219
2050-08-14 00:00:00+00:00,0.0,22.417402
2050-08-15 00:00:00+00:00,1.0774841,17.885271
2050-08-16 00:00:00+00:00,19.57646,11.979762
2050-08-17 00:00:00+00:00,0.0,10.030666
2050-08-18 00:00:00+00:00,0.7728629,14.782336
2050-08-19 00:00:00+00:00,0.0,20.255503
2050-08-20 00:00:00+00:00,0.0,14.926758
2050-08-21 00:00:00+00:00,2.4054065,15.000527
2050-08-22 00:00:00+00:00,0.0,18.501589
2050-08-23 00:00:00+00:00,0.0,22.726954
2050-08-24 00:00:00+00:00,0.23366,17.304949
2050-08-25 00:00:00+00:00,0.935775,16.698055
2050-08-26 00:00:00+00:00,31.307816,27.275032
2050-08-27 00:00:00+00:00,30.09392,26.011799
2050-08-28 00:00:00+00:00,4.6171217,10.601083
2050-08-29 00:00:00+00:00,5.875889,18.473335
2050-08-30 00:00:00+00:00,0.0,11.429524
2050-08-31 00:00:00+00:00,0.23555695,18.67416
2050-09-01 00:00:00+00:00,9.982701,12.999411
2050-09-02 00:00:00+00:00,0.0,10.8684845
2050-09-03 00:00:00+00:00,0.0,16.682383
2050-09-04 00:00:00+00:00,2.122803,16.699827
2050-09-05 00:00:00+00:00,43.07961,13.083134
2050-09-06 00:00:00+00:00,65.71147,13.096896
2050-09-07 00:00:00+00:00,0.0,11.653966
2050-09-08 00:00:00+00:00,0.0,13.124583
2050-09-09 00:00:00+00:00,0.15713972,11.6786785
2050-09-10 00:00:00+00:00,6.2846737,11.69111
2050-09-11 00:00:00+00:00,7.7761173,9.509167
2050-09-12 00:00:00+00:00,17.513191,13.912897
2050-09-13 00:00:00+00:00,0.5496538,13.927841
2050-09-14 00:00:00+00:00,2.1982534,15.410512
2050-09-15 00:00:00+00:00,3.2183242,11.019405
2050-09-16 00:00:00+00:00,0.39240965,14.708465
2050-09-17 00:00:00+00:00,7.5328984,14.724453
2050-09-18 00:00:00+00:00,10.669604,9.581332
2050-09-19 00:00:00+00:00,0.941253,7.3783164
2050-09-20 00:00:00+00:00,0.4705319,8.125053
2050-09-21 00:00:00+00:00,0.8624622,10.352356
2050-09-22 00:00:00+00:00,0.2351662,13.324864
2050-09-23 00:00:00+00:00,5.721096,13.339621
2050-09-24 00:00:00+00:00,2.664001,9.644868
2050-09-25 00:00:00+00:00,3.055028,10.398354
2050-09-26 00:00:00+00:00,0.0,9.666405
2050-09-27 00:00:00+00:00,0.39146978,12.654853
2050-09-28 00:00:00+00:00,0.0,10.43336
2050-09-29 00:00:00+00:00,0.0,8.952967
2050-09-30 00:00:00+00:00,0.0,10.456947
2050-10-01 00:00:00+00:00,0.0,12.712132
2050-10-02 00:00:00+00:00,0.0,14.972477
2050-10-03 00:00:00+00:00,0.0,16.488533
2050-10-04 00:00:00+00:00,1.6406081,18.758436
2050-10-05 00:00:00+00:00,0.0,13.521593
2050-10-06 00:00:00+00:00,0.0,12.785116
2050-10-07 00:00:00+00:00,0.0,11.294031
2050-10-08 00:00:00+00:00,0.07799979,13.568558
2050-10-09 00:00:00+00:00,0.07796459,14.339035
2050-10-10 00:00:00+00:00,0.0,10.577939
2050-10-11 00:00:00+00:00,0.0,9.077423
2050-10-12 00:00:00+00:00,0.0,12.11745
2050-10-13 00:00:00+00:00,0.0,12.889964
2050-10-14 00:00:00+00:00,0.15551308,10.627815
2050-10-15 00:00:00+00:00,0.0,9.88039
2050-10-16 00:00:00+00:00,0.0,12.17495
2050-10-17 00:00:00+00:00,0.0,12.189484
2050-10-18 00:00:00+00:00,0.0,11.441325
2050-10-19 00:00:00+00:00,0.0,9.927727
2050-10-20 00:00:00+00:00,0.0,10.704285
2050-10-21 00:00:00+00:00,0.0,13.013775
2050-10-22 00:00:00+00:00,0.23175041,13.796007
2050-10-23 00:00:00+00:00,0.0,13.812796
2050-10-24 00:00:00+00:00,0.0,10.756402
2050-10-25 00:00:00+00:00,0.0,11.538834
2050-10-26 00:00:00+00:00,0.0,16.94442
2050-10-27 00:00:00+00:00,0.0,10.024956
2050-10-28 00:00:00+00:00,0.0,10.80946
2050-10-29 00:00:00+00:00,0.0,15.461248
2050-10-30 00:00:00+00:00,0.0,11.610372
2050-10-31 00:00:00+00:00,0.0,11.624875
2050-11-01 00:00:00+00:00,0.0,13.191371
2050-11-02 00:00:00+00:00,0.075705476,16.266665
2050-11-03 00:00:00+00:00,0.15121605,16.20924
2050-11-04 00:00:00+00:00,0.0,10.768317
2050-11-05 00:00:00+00:00,0.0,19.162336
2050-11-06 00:00:00+00:00,0.0,15.277035
2050-11-07 00:00:00+00:00,0.0,10.657358
2050-11-08 00:00:00+00:00,0.0,11.379859
2050-11-09 00:00:00+00:00,0.0,11.341554
2050-11-10 00:00:00+00:00,0.0,12.05725
2050-11-11 00:00:00+00:00,0.0,11.266212
2050-11-12 00:00:00+00:00,0.0,8.983331
2050-11-13 00:00:00+00:00,0.0,11.19252
2050-11-14 00:00:00+00:00,0.0,9.668771
2050-11-15 00:00:00+00:00,0.0,10.379059
2050-11-16 00:00:00+00:00,0.0,9.606959
2050-11-17 00:00:00+00:00,0.0,11.786521
2050-11-18 00:00:00+00:00,0.0,10.280805
2050-11-19 00:00:00+00:00,0.0,11.712853
2050-11-20 00:00:00+00:00,0.0,11.676603
2050-11-21 00:00:00+00:00,0.0,9.458094
2050-11-22 00:00:00+00:00,0.0,12.330561
2050-11-23 00:00:00+00:00,0.0,10.8469715
2050-11-24 00:00:00+00:00,0.7985356,17.303003
2050-11-25 00:00:00+00:00,0.0,17.970194
2050-11-26 00:00:00+00:00,0.0,15.050258
2050-11-27 00:00:00+00:00,0.0,12.147721
2050-11-28 00:00:00+00:00,0.0,9.262318
2050-11-29 00:00:00+00:00,0.0,9.235474
2050-11-30 00:00:00+00:00,0.0,11.334029
2050-12-01 00:00:00+00:00,0.0,16.246119
2050-12-02 00:00:00+00:00,0.0,16.200031
2050-12-03 00:00:00+00:00,0.0,16.154398
2050-12-04 00:00:00+00:00,0.0,14.708408
2050-12-05 00:00:00+00:00,0.0,11.873734
2050-12-06 00:00:00+00:00,0.0,11.840984
2050-12-07 00:00:00+00:00,0.0,11.80855
2050-12-08 00:00:00+00:00,0.0,11.083695
2050-12-09 00:00:00+00:00,0.0,11.05375
2050-12-10 00:00:00+00:00,0.0,13.780114
2050-12-11 00:00:00+00:00,0.0,12.369053
2050-12-12 00:00:00+00:00,0.0,12.336314
2050-12-13 00:00:00+00:00,0.0,11.620336
2050-12-14 00:00:00+00:00,0.0,12.271758
2050-12-15 00:00:00+00:00,0.0,14.279917
2050-12-16 00:00:00+00:00,0.0,13.564883
2050-12-17 00:00:00+00:00,0.0,13.530169
2050-12-18 00:00:00+00:00,0.0,14.845349
2050-12-19 00:00:00+00:00,0.0,15.480945
2050-12-20 00:00:00+00:00,0.0,14.099315
2050-12-21 00:00:00+00:00,0.0,16.073345
2050-12-22 00:00:00+00:00,0.0,14.029353
2050-12-23 00:00:00+00:00,0.0,11.995581
2050-12-24 00:00:00+00:00,0.0,16.619812
2050-12-25 00:00:00+00:00,0.0,15.91628
2050-12-26 00:00:00+00:00,0.0,14.554727
2050-12-27 00:00:00+00:00,0.0,15.839823
2050-12-28 00:00:00+00:00,0.0,14.485255
2050-12-29 00:00:00+00:00,0.0,13.794113
2050-12-30 00:00:00+00:00,0.0,17.038265
2050-12-31 00:00:00+00:00,0.0,16.998453
