date,precipitation_sum,wind_speed_10m_max
2025-01-01 00:00:00+00:00,0.0,14.748618
2025-01-02 00:00:00+00:00,0.0,12.631006
2025-01-03 00:00:00+00:00,0.0,13.409147
2025-01-04 00:00:00+00:00,0.0,14.974116
2025-01-05 00:00:00+00:00,0.0,14.436615
2025-01-06 00:00:00+00:00,0.0,15.998154
2025-01-07 00:00:00+00:00,0.0,17.295069
2025-01-08 00:00:00+00:00,0.0,18.328026
2025-01-09 00:00:00+00:00,0.0,16.219952
2025-01-10 00:00:00+00:00,0.0,15.683767
2025-01-11 00:00:00+00:00,0.0,15.670852
2025-01-12 00:00:00+00:00,0.0,16.179913
2025-01-13 00:00:00+00:00,0.0,14.862898
2025-01-14 00:00:00+00:00,0.0,14.5902195
2025-01-15 00:00:00+00:00,0.0,13.016366
2025-01-16 00:00:00+00:00,0.0,9.36417
2025-01-17 00:00:00+00:00,0.0,9.616489
2025-01-18 00:00:00+00:00,0.0,10.387801
2025-01-19 00:00:00+00:00,0.0,11.676857
2025-01-20 00:00:00+00:00,0.0,15.556626
2025-01-21 00:00:00+00:00,0.0,16.580433
2025-01-22 00:00:00+00:00,0.0,16.04945
2025-01-23 00:00:00+00:00,0.0,12.932783
2025-01-24 00:00:00+00:00,0.0,13.9563
2025-01-25 00:00:00+00:00,0.0,12.654002
2025-01-26 00:00:00+00:00,0.0,12.385951
2025-01-27 00:00:00+00:00,0.0,11.344829
2025-01-28 00:00:00+00:00,0.0,18.549656
2025-01-29 00:00:00+00:00,0.0,20.59455
2025-01-30 00:00:00+00:00,0.0,24.17965
2025-01-31 00:00:00+00:00,0.0,20.30533
2025-02-01 00:00:00+00:00,0.0,17.207563
2025-02-02 00:00:00+00:00,0.0,18.733978
2025-02-03 00:00:00+00:00,0.0,19.488756
2025-02-04 00:00:00+00:00,0.0,14.09281
2025-02-05 00:00:00+00:00,0.0,12.2897005
2025-02-06 00:00:00+00:00,0.0,10.745221
2025-02-07 00:00:00+00:00,0.0,23.774752
2025-02-08 00:00:00+00:00,0.0,21.2021
2025-02-09 00:00:00+00:00,0.0,18.122902
2025-02-10 00:00:00+00:00,0.0,17.088884
2025-02-11 00:00:00+00:00,0.0,15.546732
2025-02-12 00:00:00+00:00,0.0,15.534965
2025-02-13 00:00:00+00:00,0.0,11.197089
2025-02-14 00:00:00+00:00,0.0,13.2229595
2025-02-15 00:00:00+00:00,0.0,24.139189
2025-02-16 00:00:00+00:00,0.0,22.089855
2025-02-17 00:00:00+00:00,0.0,16.99902
2025-02-18 00:00:00+00:00,0.0,16.479298
2025-02-19 00:00:00+00:00,0.0,16.720385
2025-02-20 00:00:00+00:00,0.0,22.530466
2025-02-21 00:00:00+00:00,0.0,15.177845
2025-02-22 00:00:00+00:00,0.0,11.374988
2025-02-23 00:00:00+00:00,0.0,8.33552
2025-02-24 00:00:00+00:00,0.0,8.834214
2025-02-25 00:00:00+00:00,0.0,8.575526
2025-02-26 00:00:00+00:00,0.0,23.18742
2025-02-27 00:00:00+00:00,0.0,22.414968
2025-02-28 00:00:00+00:00,0.0,21.643673
2025-03-01 00:00:00+00:00,0.0,16.598219
2025-03-02 00:00:00+00:00,0.0,14.575772
2025-03-03 00:00:00+00:00,0.0,17.333717
2025-03-04 00:00:00+00:00,0.0,15.327293
2025-03-05 00:00:00+00:00,0.0,17.089823
2025-03-06 00:00:00+00:00,0.0,16.59073
2025-03-07 00:00:00+00:00,0.0,13.828562
2025-03-08 00:00:00+00:00,0.0,10.310767
2025-03-09 00:00:00+00:00,0.0,13.582933
2025-03-10 00:00:00+00:00,0.0,14.592185
2025-03-11 00:00:00+00:00,0.0,10.317363
2025-03-12 00:00:00+00:00,0.0,11.07465
2025-03-13 00:00:00+00:00,0.0,9.818254
2025-03-14 00:00:00+00:00,0.0,9.316734
2025-03-15 00:00:00+00:00,0.0,12.5928545
2025-03-16 00:00:00+00:00,0.0,16.374184
2025-03-17 00:00:00+00:00,0.0,16.377655
2025-03-18 00:00:00+00:00,0.0,14.364987
2025-03-19 00:00:00+00:00,0.0,17.392874
2025-03-20 00:00:00+00:00,0.0,15.127437
2025-03-21 00:00:00+00:00,0.0,13.869746
2025-03-22 00:00:00+00:00,0.0,12.359293
2025-03-23 00:00:00+00:00,0.0,13.875603
2025-03-24 00:00:00+00:00,0.0,19.429937
2025-03-25 00:00:00+00:00,0.0,21.957932
2025-03-26 00:00:00+00:00,0.0,19.943005
2025-03-27 00:00:00+00:00,0.0,14.139787
2025-03-28 00:00:00+00:00,0.0,12.122364
2025-03-29 00:00:00+00:00,0.0,11.619704
2025-03-30 00:00:00+00:00,0.0,17.433212
2025-03-31 00:00:00+00:00,0.0,17.184158
2025-04-01 00:00:00+00:00,0.0,14.407385
2025-04-02 00:00:00+00:00,0.0,20.225122
2025-04-03 00:00:00+00:00,0.0,22.505152
2025-04-04 00:00:00+00:00,0.0,22.509853
2025-04-05 00:00:00+00:00,0.0,19.478882
2025-04-06 00:00:00+00:00,0.0,16.193617
2025-04-07 00:00:00+00:00,0.0,16.956226
2025-04-08 00:00:00+00:00,0.0,16.959755
2025-04-09 00:00:00+00:00,0.0,15.95055
2025-04-10 00:00:00+00:00,0.0,15.194159
2025-04-11 00:00:00+00:00,0.0,16.210468
2025-04-12 00:00:00+00:00,0.0,15.707151
2025-04-13 00:00:00+00:00,0.0,14.696835
2025-04-14 00:00:00+00:00,0.0,16.980896
2025-04-15 00:00:00+00:00,0.0,20.279892
2025-04-16 00:00:00+00:00,0.0,19.523436
2025-04-17 00:00:00+00:00,0.0,12.933779
2025-04-18 00:00:00+00:00,0.0,13.697419
2025-04-19 00:00:00+00:00,0.0,16.998453
2025-04-20 00:00:00+00:00,0.0,23.853495
2025-04-21 00:00:00+00:00,0.0,16.75165
2025-04-22 00:00:00+00:00,0.0,19.80148
2025-04-23 00:00:00+00:00,0.0,18.789885
2025-04-24 00:00:00+00:00,0.0,13.968326
2025-04-25 00:00:00+00:00,0.0,14.225214
2025-04-26 00:00:00+00:00,0.0,12.957766
2025-04-27 00:00:00+00:00,0.0,12.452171
2025-04-28 00:00:00+00:00,0.0,14.742325
2025-04-29 00:00:00+00:00,0.0,13.21996
2025-04-30 00:00:00+00:00,0.0,16.782616
2025-05-01 00:00:00+00:00,0.0,15.005705
2025-05-02 00:00:00+00:00,0.0,21.114035
2025-05-03 00:00:00+00:00,0.0,22.640217
2025-05-04 00:00:00+00:00,0.0,16.02276
2025-05-05 00:00:00+00:00,0.0,11.696635
2025-05-06 00:00:00+00:00,0.0,9.406129
2025-05-07 00:00:00+00:00,0.0,9.912426
2025-05-08 00:00:00+00:00,0.0,12.9595995
2025-05-09 00:00:00+00:00,0.0,14.227069
2025-05-10 00:00:00+00:00,0.0,7.6199927
2025-05-11 00:00:00+00:00,0.0,7.3643966
2025-05-12 00:00:00+00:00,0.0,12.440593
2025-05-13 00:00:00+00:00,0.0,15.483908
2025-05-14 00:00:00+00:00,0.0,17.764563
2025-05-15 00:00:00+00:00,0.0,17.506979
2025-05-16 00:00:00+00:00,0.0,12.683461
2025-05-17 00:00:00+00:00,0.0,13.441545
2025-05-18 00:00:00+00:00,0.0,9.888796
2025-05-19 00:00:00+00:00,0.0,10.647153
2025-05-20 00:00:00+00:00,0.0,17.994837
2025-05-21 00:00:00+00:00,0.0,22.2986
2025-05-22 00:00:00+00:00,0.0,22.547071
2025-05-23 00:00:00+00:00,0.0,22.288872
2025-05-24 00:00:00+00:00,0.0,15.446864
2025-05-25 00:00:00+00:00,0.0,19.241066
2025-05-26 00:00:00+00:00,0.0,23.286726
2025-05-27 00:00:00+00:00,0.0,23.787756
2025-05-28 00:00:00+00:00,0.0,17.457403
2025-05-29 00:00:00+00:00,0.0,13.153422
2025-05-30 00:00:00+00:00,0.0,19.220018
2025-05-31 00:00:00+00:00,0.0,21.997036
2025-06-01 00:00:00+00:00,0.0,19.969938
2025-06-02 00:00:00+00:00,0.0,17.943726
2025-06-03 00:00:00+00:00,0.0,18.445127
2025-06-04 00:00:00+00:00,0.0,18.946312
2025-06-05 00:00:00+00:00,0.0,18.68958
2025-06-06 00:00:00+00:00,0.0,17.422934
2025-06-07 00:00:00+00:00,0.0,13.8847885
2025-06-08 00:00:00+00:00,0.0,17.667656
2025-06-09 00:00:00+00:00,0.0,26.49564
2025-06-10 00:00:00+00:00,0.0,29.769487
2025-06-11 00:00:00+00:00,0.0,22.700527
2025-06-12 00:00:00+00:00,0.0,17.652065
2025-06-13 00:00:00+00:00,0.0,16.639696
2025-06-14 00:00:00+00:00,0.0,16.636017
2025-06-15 00:00:00+00:00,0.0,20.160406
2025-06-16 00:00:00+00:00,0.0,21.66764
2025-06-17 00:00:00+00:00,0.0,21.662842
2025-06-18 00:00:00+00:00,0.0,21.4062
2025-06-19 00:00:00+00:00,0.0,22.408579
2025-06-20 00:00:00+00:00,0.085184455,22.655333
2025-06-21 00:00:00+00:00,0.0,18.12024
2025-06-22 00:00:00+00:00,0.0,21.638813
2025-06-23 00:00:00+00:00,0.67982167,20.37621
2025-06-24 00:00:00+00:00,2.1228483,11.820601
2025-06-25 00:00:00+00:00,0.0,18.104126
2025-06-26 00:00:00+00:00,0.0,17.848701
2025-06-27 00:00:00+00:00,0.3389446,16.085386
2025-06-28 00:00:00+00:00,0.50808614,16.081799
2025-06-29 00:00:00+00:00,0.0,17.836761
2025-06-30 00:00:00+00:00,0.0,16.828115
2025-07-01 00:00:00+00:00,1.0143183,14.062149
2025-07-02 00:00:00+00:00,1.0982187,14.310059
2025-07-03 00:00:00+00:00,0.0,18.119865
2025-07-04 00:00:00+00:00,0.0,19.70954
2025-07-05 00:00:00+00:00,6.686708,18.26788
2025-07-06 00:00:00+00:00,2.4566665,10.955001
2025-07-07 00:00:00+00:00,6.175555,9.721437
2025-07-08 00:00:00+00:00,0.0,15.157127
2025-07-09 00:00:00+00:00,2.3223202,18.0591
2025-07-10 00:00:00+00:00,12.565818,15.80434
2025-07-11 00:00:00+00:00,13.50982,12.749894
2025-07-12 00:00:00+00:00,6.908124,9.930566
2025-07-13 00:00:00+00:00,0.15603791,14.173594
2025-07-14 00:00:00+00:00,7.6780562,15.027029
2025-07-15 00:00:00+00:00,0.23133531,10.592214
2025-07-16 00:00:00+00:00,0.0,15.427655
2025-07-17 00:00:00+00:00,0.0,20.039892
2025-07-18 00:00:00+00:00,7.7396655,18.520912
2025-07-19 00:00:00+00:00,8.078342,10.516584
2025-07-20 00:00:00+00:00,0.22539538,12.461841
2025-07-21 00:00:00+00:00,0.0,17.147358
2025-07-22 00:00:00+00:00,0.0,17.228506
2025-07-23 00:00:00+00:00,3.7053657,16.211681
2025-07-24 00:00:00+00:00,15.274306,11.04393
2025-07-25 00:00:00+00:00,11.169129,9.155545
2025-07-26 00:00:00+00:00,17.344463,13.382507
2025-07-27 00:00:00+00:00,14.943524,13.168599
2025-07-28 00:00:00+00:00,4.9379034,17.17659
2025-07-29 00:00:00+00:00,0.0723459,11.320164
2025-07-30 00:00:00+00:00,0.07208388,19.911173
2025-07-31 00:00:00+00:00,7.4702983,14.867193
2025-08-01 00:00:00+00:00,0.0,15.231742
2025-08-02 00:00:00+00:00,1.2128477,19.645004
2025-08-03 00:00:00+00:00,0.49778134,18.877647
2025-08-04 00:00:00+00:00,0.35442942,22.4822
2025-08-05 00:00:00+00:00,1.4839965,17.319527
2025-08-06 00:00:00+00:00,13.527013,23.612007
2025-08-07 00:00:00+00:00,2.9503202,21.367693
2025-08-08 00:00:00+00:00,0.98061395,21.187965
2025-08-09 00:00:00+00:00,8.521378,17.705688
2025-08-10 00:00:00+00:00,29.743122,9.657507
2025-08-11 00:00:00+00:00,6.530146,6.3740196
2025-08-12 00:00:00+00:00,19.40065,8.242562
2025-08-13 00:00:00+00:00,2.69533,15.046126
2025-08-14 00:00:00+00:00,0.75832266,14.517191
2025-08-15 00:00:00+00:00,11.347064,9.010845
2025-08-16 00:00:00+00:00,6.8605847,6.877017
2025-08-17 00:00:00+00:00,2.874713,10.378359
2025-08-18 00:00:00+00:00,19.394098,10.125818
2025-08-19 00:00:00+00:00,13.354709,6.368015
2025-08-20 00:00:00+00:00,4.419156,9.612099
2025-08-21 00:00:00+00:00,10.9902725,7.416128
2025-08-22 00:00:00+00:00,5.0097017,8.437335
2025-08-23 00:00:00+00:00,7.634207,6.205814
2025-08-24 00:00:00+00:00,2.292386,11.506881
2025-08-25 00:00:00+00:00,6.930858,13.569056
2025-08-26 00:00:00+00:00,16.386925,10.661649
2025-08-27 00:00:00+00:00,0.7373518,14.088517
2025-08-28 00:00:00+00:00,0.0,18.913822
2025-08-29 00:00:00+00:00,16.562662,23.806684
2025-08-30 00:00:00+00:00,0.9999789,22.9467
2025-08-31 00:00:00+00:00,3.1943066,22.075249
2025-09-01 00:00:00+00:00,2.0594301,12.506757
2025-09-02 00:00:00+00:00,2.9873118,15.664333
2025-09-03 00:00:00+00:00,8.361006,14.275123
2025-09-04 00:00:00+00:00,2.7194853,16.019562
2025-09-05 00:00:00+00:00,4.508391,14.281492
2025-09-06 00:00:00+00:00,7.1571627,10.103805
2025-09-07 00:00:00+00:00,5.1666684,10.454557
2025-09-08 00:00:00+00:00,0.06620779,10.456907
2025-09-09 00:00:00+00:00,7.0145845,10.807905
2025-09-10 00:00:00+00:00,7.5401773,9.764183
2025-09-11 00:00:00+00:00,0.7271825,9.068793
2025-09-12 00:00:00+00:00,0.0,15.699547
2025-09-13 00:00:00+00:00,0.5282842,16.749989
2025-09-14 00:00:00+00:00,3.1018991,13.961503
2025-09-15 00:00:00+00:00,8.442753,12.917337
2025-09-16 00:00:00+00:00,3.427783,10.8251095
2025-09-17 00:00:00+00:00,3.95265,11.8754225
2025-09-18 00:00:00+00:00,4.7400994,11.179436
2025-09-19 00:00:00+00:00,0.92106694,13.278636
2025-09-20 00:00:00+00:00,1.8408533,13.281699
2025-09-21 00:00:00+00:00,14.387737,12.235973
2025-09-22 00:00:00+00:00,10.635043,12.93817
2025-09-23 00:00:00+00:00,0.0,12.9411745
2025-09-24 00:00:00+00:00,7.6687627,13.993716
2025-09-25 00:00:00+00:00,12.312187,6.298641
2025-09-26 00:00:00+00:00,16.031242,7.000126
2025-09-27 00:00:00+00:00,1.8958673,9.452385
2025-09-28 00:00:00+00:00,3.1350465,10.505116
2025-09-29 00:00:00+00:00,11.092454,14.0101185
2025-09-30 00:00:00+00:00,12.254468,9.45906
2025-10-01 00:00:00+00:00,0.0,16.119244
2025-10-02 00:00:00+00:00,0.0,10.515042
2025-10-03 00:00:00+00:00,0.19489992,8.414031
2025-10-04 00:00:00+00:00,1.751973,6.662692
2025-10-05 00:00:00+00:00,1.1664989,10.522549
2025-10-06 00:00:00+00:00,1.9415765,10.875899
2025-10-07 00:00:00+00:00,4.8471584,8.071149
2025-10-08 00:00:00+00:00,4.904572,7.722083
2025-10-09 00:00:00+00:00,8.891904,9.4793825
2025-10-10 00:00:00+00:00,4.181393,5.618766
2025-10-11 00:00:00+00:00,5.265921,7.7276707
2025-10-12 00:00:00+00:00,0.0,7.729543
2025-10-13 00:00:00+00:00,4.926354,7.7314186
2025-10-14 00:00:00+00:00,3.256257,9.490869
2025-10-15 00:00:00+00:00,1.0830687,4.922391
2025-10-16 00:00:00+00:00,6.229185,8.440449
2025-10-17 00:00:00+00:00,0.0,9.497829
2025-10-18 00:00:00+00:00,0.37944278,11.611308
2025-10-19 00:00:00+00:00,0.0,11.966111
2025-10-20 00:00:00+00:00,0.0,8.448749
2025-10-21 00:00:00+00:00,0.0,8.09872
2025-10-22 00:00:00+00:00,0.0,11.974987
2025-10-23 00:00:00+00:00,0.43547782,8.102737
2025-10-24 00:00:00+00:00,2.044499,8.457135
2025-10-25 00:00:00+00:00,0.61675936,9.164181
2025-10-26 00:00:00+00:00,0.92058635,8.108803
2025-10-27 00:00:00+00:00,1.7091337,7.758189
2025-10-28 00:00:00+00:00,0.0,7.7601376
2025-10-29 00:00:00+00:00,0.3013684,7.762091
2025-10-30 00:00:00+00:00,0.0,7.411138
2025-10-31 00:00:00+00:00,3.9751153,7.7660127
2025-11-01 00:00:00+00:00,0.2938586,6.7087107
2025-11-02 00:00:00+00:00,0.0,10.885637
2025-11-03 00:00:00+00:00,0.0,8.723867
2025-11-04 00:00:00+00:00,0.0,7.9763236
2025-11-05 00:00:00+00:00,0.0,7.238171
2025-11-06 00:00:00+00:00,0.0,7.1943493
2025-11-07 00:00:00+00:00,0.0,10.8971405
2025-11-08 00:00:00+00:00,0.0,8.124399
2025-11-09 00:00:00+00:00,0.0,9.086318
2025-11-10 00:00:00+00:00,0.0,6.6915154
2025-11-11 00:00:00+00:00,0.0,15.302008
2025-11-12 00:00:00+00:00,0.0,16.868723
2025-11-13 00:00:00+00:00,0.0,13.813626
2025-11-14 00:00:00+00:00,0.0,14.0636425
2025-11-15 00:00:00+00:00,0.0,11.058679
2025-11-16 00:00:00+00:00,0.0,15.85036
2025-11-17 00:00:00+00:00,0.0,12.225556
2025-11-18 00:00:00+00:00,0.0,20.800007
2025-11-19 00:00:00+00:00,0.0,21.962753
2025-11-20 00:00:00+00:00,0.0,18.04772
2025-11-21 00:00:00+00:00,0.0,8.819363
2025-11-22 00:00:00+00:00,0.0,12.534078
2025-11-23 00:00:00+00:00,0.0,13.405261
2025-11-24 00:00:00+00:00,0.0,12.406866
2025-11-25 00:00:00+00:00,0.0,9.567085
2025-11-26 00:00:00+00:00,0.0,11.054943
2025-11-27 00:00:00+00:00,0.0,9.167086
2025-11-28 00:00:00+00:00,0.0,10.946824
2025-11-29 00:00:00+00:00,0.0,8.775638
2025-11-30 00:00:00+00:00,0.0,9.637064
2025-12-01 00:00:00+00:00,0.0,11.089941
2025-12-02 00:00:00+00:00,0.0,10.441116
2025-12-03 00:00:00+00:00,0.0,7.1262264
2025-12-04 00:00:00+00:00,0.0,5.319959
2025-12-05 00:00:00+00:00,0.0,10.296962
2025-12-06 00:00:00+00:00,0.0,8.785874
2025-12-07 00:00:00+00:00,0.0,11.370202
2025-12-08 00:00:00+00:00,0.0,14.802346
2025-12-09 00:00:00+00:00,0.0,16.181616
2025-12-10 00:00:00+00:00,0.0,17.836742
2025-12-11 00:00:00+00:00,0.0,21.19639
2025-12-12 00:00:00+00:00,0.0,21.960548
2025-12-13 00:00:00+00:00,0.0,19.310766
2025-12-14 00:00:00+00:00,0.0,20.359953
2025-12-15 00:00:00+00:00,0.0,14.924138
2025-12-16 00:00:00+00:00,0.0,14.861874
2025-12-17 00:00:00+00:00,0.0,15.079629
2025-12-18 00:00:00+00:00,0.0,14.739638
2025-12-19 00:00:00+00:00,0.0,13.848718
2025-12-20 00:00:00+00:00,0.0,14.620372
2025-12-21 00:00:00+00:00,0.0,16.210325
2025-12-22 00:00:00+00:00,0.0,16.419584
2025-12-23 00:00:00+00:00,0.0,15.264548
2025-12-24 00:00:00+00:00,0.0,17.920023
2025-12-25 00:00:00+00:00,0.0,17.03913
2025-12-26 00:00:00+00:00,0.0,12.66281
2025-12-27 00:00:00+00:00,0.0,12.61446
2025-12-28 00:00:00+00:00,0.0,13.368799
2025-12-29 00:00:00+00:00,0.0,18.379595
2025-12-30 00:00:00+00:00,0.0,20.964808
2025-12-31 00:00:00+00:00,0.0,21.944788
2026-01-01 00:00:00+00:00,0.0,21.864183
2026-01-02 00:00:00+00:00,0.0,21.319317
2026-01-03 00:00:00+00:00,0.0,19.460503
2026-01-04 00:00:00+00:00,0.0,13.926223
2026-01-05 00:00:00+00:00,0.0,11.551707
2026-01-06 00:00:00+00:00,0.0,11.8043785
2026-01-07 00:00:00+00:00,0.0,14.153456
2026-01-08 00:00:00+00:00,0.0,17.546179
2026-01-09 00:00:00+00:00,0.0,15.176645
2026-01-10 00:00:00+00:00,0.0,15.425552
2026-01-11 00:00:00+00:00,0.0,16.98025
2026-01-12 00:00:00+00:00,0.0,14.878135
2026-01-13 00:00:00+00:00,0.0,13.561911
2026-01-14 00:00:00+00:00,0.0,11.726676
2026-01-15 00:00:00+00:00,0.0,11.717117
2026-01-16 00:00:00+00:00,0.0,16.390625
2026-01-17 00:00:00+00:00,0.0,22.096407
2026-01-18 00:00:00+00:00,0.0,23.117523
2026-01-19 00:00:00+00:00,0.0,17.90812
2026-01-20 00:00:00+00:00,0.0,16.8564
2026-01-21 00:00:00+00:00,0.0,16.842876
2026-01-22 00:00:00+00:00,0.0,16.829397
2026-01-23 00:00:00+00:00,0.0,16.557262
2026-01-24 00:00:00+00:00,0.0,18.353592
2026-01-25 00:00:00+00:00,0.0,18.339025
2026-01-26 00:00:00+00:00,0.0,11.356031
2026-01-27 00:00:00+00:00,0.0,14.183832
2026-01-28 00:00:00+00:00,0.0,11.338131
2026-01-29 00:00:00+00:00,0.0,10.041813
2026-01-30 00:00:00+00:00,0.0,16.465963
2026-01-31 00:00:00+00:00,1.1524751,17.738497
2026-02-01 00:00:00+00:00,0.0,12.330207
2026-02-02 00:00:00+00:00,0.0,13.090662
2026-02-03 00:00:00+00:00,0.0,11.02867
2026-02-04 00:00:00+00:00,0.0,15.376942
2026-02-05 00:00:00+00:00,0.0,12.292068
2026-02-06 00:00:00+00:00,0.0,11.259062
2026-02-07 00:00:00+00:00,0.0,15.597178
2026-02-08 00:00:00+00:00,0.0,21.206152
2026-02-09 00:00:00+00:00,0.0,19.14756
2026-02-10 00:00:00+00:00,0.0,16.58192
2026-02-11 00:00:00+00:00,0.0,20.393023
2026-02-12 00:00:00+00:00,0.0,21.141737
2026-02-13 00:00:00+00:00,0.0,13.999002
2026-02-14 00:00:00+00:00,0.0,11.190764
2026-02-15 00:00:00+00:00,0.0,11.690643
2026-02-16 00:00:00+00:00,0.0,13.4595585
2026-02-17 00:00:00+00:00,0.0,13.195731
2026-02-18 00:00:00+00:00,0.0,14.2001915
2026-02-19 00:00:00+00:00,0.0,15.963335
2026-02-20 00:00:00+00:00,0.0,17.977076
2026-02-21 00:00:00+00:00,0.0,18.469793
2026-02-22 00:00:00+00:00,0.0,15.927918
2026-02-23 00:00:00+00:00,0.0,21.979502
2026-02-24 00:00:00+00:00,0.0,16.914312
2026-02-25 00:00:00+00:00,0.0,15.388318
2026-02-26 00:00:00+00:00,0.0,15.88124
2026-02-27 00:00:00+00:00,0.0,17.129162
2026-02-28 00:00:00+00:00,0.0,16.109844
2026-03-01 00:00:00+00:00,0.0,16.349693
2026-03-02 00:00:00+00:00,0.0,17.343277
2026-03-03 00:00:00+00:00,0.0,17.332788
2026-03-04 00:00:00+00:00,0.0,15.075219
2026-03-05 00:00:00+00:00,0.0,13.821912
2026-03-06 00:00:00+00:00,0.0,11.562616
2026-03-07 00:00:00+00:00,0.0,12.822163
2026-03-08 00:00:00+00:00,0.0,13.830777
2026-03-09 00:00:00+00:00,0.0,17.606567
2026-03-10 00:00:00+00:00,0.0,14.33983
2026-03-11 00:00:00+00:00,0.0,14.342887
2026-03-12 00:00:00+00:00,0.0,15.604357
2026-03-13 00:00:00+00:00,0.0,15.355941
2026-03-14 00:00:00+00:00,0.0,14.352043
2026-03-15 00:00:00+00:00,0.0,11.081124
2026-03-16 00:00:00+00:00,0.0,17.380905
2026-03-17 00:00:00+00:00,0.0,28.974318
2026-03-18 00:00:00+00:00,0.0,25.704401
2026-03-19 00:00:00+00:00,0.0,17.644014
2026-03-20 00:00:00+00:00,0.0,20.420961
2026-03-21 00:00:00+00:00,0.0,20.173115
2026-03-22 00:00:00+00:00,0.0,17.655203
2026-03-23 00:00:00+00:00,0.0,16.397573
2026-03-24 00:00:00+00:00,0.0,13.625473
2026-03-25 00:00:00+00:00,0.0,12.871213
2026-03-26 00:00:00+00:00,0.0,9.339905
2026-03-27 00:00:00+00:00,0.0,13.3815975
2026-03-28 00:00:00+00:00,0.0,18.435127
2026-03-29 00:00:00+00:00,0.0,19.196764
2026-03-30 00:00:00+00:00,0.0,19.706078
2026-03-31 00:00:00+00:00,0.0,15.161697
2026-04-01 00:00:00+00:00,0.0,16.175865
2026-04-02 00:00:00+00:00,0.0,15.420848
2026-04-03 00:00:00+00:00,0.0,14.665513
2026-04-04 00:00:00+00:00,0.0,16.69183
2026-04-05 00:00:00+00:00,0.0,16.695314
2026-04-06 00:00:00+00:00,0.0,15.433738
2026-04-07 00:00:00+00:00,0.0,12.400176
2026-04-08 00:00:00+00:00,0.0,13.668345
2026-04-09 00:00:00+00:00,0.0,13.92436
2026-04-10 00:00:00+00:00,0.0,13.42081
2026-04-11 00:00:00+00:00,0.0,16.969454
2026-04-12 00:00:00+00:00,0.0,16.972977
2026-04-13 00:00:00+00:00,0.0,17.99002
2026-04-14 00:00:00+00:00,0.0,17.233452
2026-04-15 00:00:00+00:00,0.0,15.716104
2026-04-16 00:00:00+00:00,0.0,10.39506
2026-04-17 00:00:00+00:00,0.0,10.143618
2026-04-18 00:00:00+00:00,0.0,10.145713
2026-04-19 00:00:00+00:00,0.0,10.655198
2026-04-20 00:00:00+00:00,0.0,12.433628
2026-04-21 00:00:00+00:00,0.0,17.004587
2026-04-22 00:00:00+00:00,0.0,19.038906
2026-04-23 00:00:00+00:00,0.0,19.550632
2026-04-24 00:00:00+00:00,0.0,12.697826
2026-04-25 00:00:00+00:00,0.0,11.43039
2026-04-26 00:00:00+00:00,0.0,11.940856
2026-04-27 00:00:00+00:00,0.0,9.402178
2026-04-28 00:00:00+00:00,0.0,8.133279
2026-04-29 00:00:00+00:00,0.0,8.643379
2026-04-30 00:00:00+00:00,0.0,11.442106
2026-05-01 00:00:00+00:00,0.0,14.750618
2026-05-02 00:00:00+00:00,0.0,16.53424
2026-05-03 00:00:00+00:00,0.0,20.606255
2026-05-04 00:00:00+00:00,0.0,21.873524
2026-05-05 00:00:00+00:00,0.0,21.105938
2026-05-06 00:00:00+00:00,0.0,17.033638
2026-05-07 00:00:00+00:00,0.0,13.725638
2026-05-08 00:00:00+00:00,0.0,13.976794
2026-05-09 00:00:00+00:00,0.0,13.211563
2026-05-10 00:00:00+00:00,0.0,12.954688
2026-05-11 00:00:00+00:00,0.0,14.983552
2026-05-12 00:00:00+00:00,0.0,17.01153
2026-05-13 00:00:00+00:00,0.0,19.292475
2026-05-14 00:00:00+00:00,0.0,20.049667
2026-05-15 00:00:00+00:00,0.09505635,15.985502
2026-05-16 00:00:00+00:00,0.0,11.415735
2026-05-17 00:00:00+00:00,0.0,13.695905
2026-05-18 00:00:00+00:00,0.0,13.185778
2026-05-19 00:00:00+00:00,0.0,12.92939
2026-05-20 00:00:00+00:00,0.0,16.728506
2026-05-21 00:00:00+00:00,0.0,16.724861
2026-05-22 00:00:00+00:00,0.0,15.707806
2026-05-23 00:00:00+00:00,0.0,15.704379
2026-05-24 00:00:00+00:00,0.0,13.42178
2026-05-25 00:00:00+00:00,0.0,12.152918
2026-05-26 00:00:00+00:00,0.0,10.378348
2026-05-27 00:00:00+00:00,0.0,20.246006
2026-05-28 00:00:00+00:00,0.0,21.253654
2026-05-29 00:00:00+00:00,0.0,19.225283
2026-05-30 00:00:00+00:00,0.0,18.209436
2026-05-31 00:00:00+00:00,0.0,18.964003
2026-06-01 00:00:00+00:00,0.0,18.454247
2026-06-02 00:00:00+00:00,0.0,18.450195
2026-06-03 00:00:00+00:00,0.0,19.962265
2026-06-04 00:00:00+00:00,0.0,20.71577
2026-06-05 00:00:00+00:00,0.0,17.93288
2026-06-06 00:00:00+00:00,0.0,18.939016
2026-06-07 00:00:00+00:00,0.0,18.934847
2026-06-08 00:00:00+00:00,0.0,16.154177
2026-06-09 00:00:00+00:00,0.0,17.160028
2026-06-10 00:00:00+00:00,0.0,18.67003
2026-06-11 00:00:00+00:00,0.0,18.665907
2026-06-12 00:00:00+00:00,0.0,16.89648
2026-06-13 00:00:00+00:00,0.0,16.388489
2026-06-14 00:00:00+00:00,0.0,17.897312
2026-06-15 00:00:00+00:00,0.0,17.137295
2026-06-16 00:00:00+00:00,0.0,16.629576
2026-06-17 00:00:00+00:00,0.0,13.854908
2026-06-18 00:00:00+00:00,0.0,20.39998
2026-06-19 00:00:00+00:00,0.0,21.150843
2026-06-20 00:00:00+00:00,0.0,21.39789
2026-06-21 00:00:00+00:00,0.0,20.134718
2026-06-22 00:00:00+00:00,0.0,19.375362
2026-06-23 00:00:00+00:00,0.0,17.358477
2026-06-24 00:00:00+00:00,0.0,18.86371
2026-06-25 00:00:00+00:00,0.0,18.608055
2026-06-26 00:00:00+00:00,0.0,18.603909
2026-06-27 00:00:00+00:00,0.0,18.097065
2026-06-28 00:00:00+00:00,0.0,21.611122
2026-06-29 00:00:00+00:00,0.0,18.088995
2026-06-30 00:00:00+00:00,0.0,14.317256
2026-07-01 00:00:00+00:00,0.0,18.583162
2026-07-02 00:00:00+00:00,0.0,17.072603
2026-07-03 00:00:00+00:00,0.0,15.0846815
2026-07-04 00:00:00+00:00,9.677732,13.378782
2026-07-05 00:00:00+00:00,15.386461,10.898815
2026-07-06 00:00:00+00:00,0.0,13.997748
2026-07-07 00:00:00+00:00,0.81412363,17.378157
2026-07-08 00:00:00+00:00,9.696353,13.85807
2026-07-09 00:00:00+00:00,1.0428768,13.143425
2026-07-10 00:00:00+00:00,0.15933116,13.458179
2026-07-11 00:00:00+00:00,0.0,17.674696
2026-07-12 00:00:00+00:00,1.1793786,20.622723
2026-07-13 00:00:00+00:00,5.7821884,17.304327
2026-07-14 00:00:00+00:00,2.563112,12.903716
2026-07-15 00:00:00+00:00,3.474954,21.68987
2026-07-16 00:00:00+00:00,6.2199883,14.878943
2026-07-17 00:00:00+00:00,4.277021,9.6082535
2026-07-18 00:00:00+00:00,0.0,17.159193
2026-07-19 00:00:00+00:00,2.7969165,18.046127
2026-07-20 00:00:00+00:00,8.801001,14.070919
2026-07-21 00:00:00+00:00,10.630881,12.505605
2026-07-22 00:00:00+00:00,0.07452106,10.106353
2026-07-23 00:00:00+00:00,0.0,11.801182
2026-07-24 00:00:00+00:00,0.0,11.030621
2026-07-25 00:00:00+00:00,0.0,10.529928
2026-07-26 00:00:00+00:00,0.0,13.087623
2026-07-27 00:00:00+00:00,0.072966404,12.872453
2026-07-28 00:00:00+00:00,0.07268515,16.030191
2026-07-29 00:00:00+00:00,0.0,24.307644
2026-07-30 00:00:00+00:00,1.8037157,23.010729
2026-07-31 00:00:00+00:00,31.345171,13.134841
2026-08-01 00:00:00+00:00,9.886901,13.776882
2026-08-02 00:00:00+00:00,11.424505,10.38667
2026-08-03 00:00:00+00:00,14.803167,9.861399
2026-08-04 00:00:00+00:00,8.513006,9.913944
2026-08-05 00:00:00+00:00,5.8698244,8.501507
2026-08-06 00:00:00+00:00,4.8649125,9.137192
2026-08-07 00:00:00+00:00,4.709903,10.076422
2026-08-08 00:00:00+00:00,0.0,18.17846
2026-08-09 00:00:00+00:00,7.618662,16.18247
2026-08-10 00:00:00+00:00,3.7639823,15.972577
2026-08-11 00:00:00+00:00,4.031915,16.366875
2026-08-12 00:00:00+00:00,9.567955,16.156446
2026-08-13 00:00:00+00:00,8.644358,16.55722
2026-08-14 00:00:00+00:00,5.7254376,10.794717
2026-08-15 00:00:00+00:00,5.9178133,8.06664
2026-08-16 00:00:00+00:00,5.1484895,8.115133
2026-08-17 00:00:00+00:00,10.820672,10.362553
2026-08-18 00:00:00+00:00,0.13665569,14.217515
2026-08-19 00:00:00+00:00,18.679712,11.444592
2026-08-20 00:00:00+00:00,5.237848,13.435775
2026-08-21 00:00:00+00:00,0.27150935,17.384102
2026-08-22 00:00:00+00:00,3.657636,11.987681
2026-08-23 00:00:00+00:00,1.0815022,11.413189
2026-08-24 00:00:00+00:00,6.0711203,15.426711
2026-08-25 00:00:00+00:00,21.206718,13.546515
2026-08-26 00:00:00+00:00,8.869325,13.304672
2026-08-27 00:00:00+00:00,18.442493,11.385613
2026-08-28 00:00:00+00:00,5.3550487,14.160988
2026-08-29 00:00:00+00:00,1.1358591,10.864137
2026-08-30 00:00:00+00:00,24.743822,10.598457
2026-08-31 00:00:00+00:00,0.33288565,19.625786
2026-09-01 00:00:00+00:00,0.06646173,16.645655
2026-09-02 00:00:00+00:00,17.394571,16.359617
2026-09-03 00:00:00+00:00,18.913778,12.881711
2026-09-04 00:00:00+00:00,7.495974,10.098726
2026-09-05 00:00:00+00:00,1.5250657,8.707741
2026-09-06 00:00:00+00:00,7.6219206,9.754851
2026-09-07 00:00:00+00:00,9.142099,13.938627
2026-09-08 00:00:00+00:00,8.078322,9.410687
2026-09-09 00:00:00+00:00,2.0516891,8.018316
2026-09-10 00:00:00+00:00,2.7783146,13.599344
2026-09-11 00:00:00+00:00,19.173697,11.509739
2026-09-12 00:00:00+00:00,2.7754023,12.9077835
2026-09-13 00:00:00+00:00,3.6985066,10.119209
2026-09-14 00:00:00+00:00,1.5181698,11.866601
2026-09-15 00:00:00+00:00,3.0345664,12.567502
2026-09-16 00:00:00+00:00,7.779628,15.363794
2026-09-17 00:00:00+00:00,4.5462704,9.080684
2026-09-18 00:00:00+00:00,7.3747005,8.384095
2026-09-19 00:00:00+00:00,4.4087133,12.229618
2026-09-20 00:00:00+00:00,0.9205889,7.688962
2026-09-21 00:00:00+00:00,4.4682407,12.934424
2026-09-22 00:00:00+00:00,2.1668074,6.6435404
2026-09-23 00:00:00+00:00,4.2646823,8.044046
2026-09-24 00:00:00+00:00,9.374842,8.0459175
2026-09-25 00:00:00+00:00,0.0,7.347985
2026-09-26 00:00:00+00:00,2.8142655,8.399659
2026-09-27 00:00:00+00:00,0.13077934,5.951153
2026-09-28 00:00:00+00:00,4.7036886,9.804198
2026-09-29 00:00:00+00:00,1.1095203,11.907898
2026-09-30 00:00:00+00:00,3.6512108,5.9553533
2026-10-01 00:00:00+00:00,3.191455,7.7087474
2026-10-02 00:00:00+00:00,0.0,8.762015
2026-10-03 00:00:00+00:00,0.0,10.166348
2026-10-04 00:00:00+00:00,5.192632,9.81812
2026-10-05 00:00:00+00:00,1.7503142,9.469728
2026-10-06 00:00:00+00:00,2.524906,10.524434
2026-10-07 00:00:00+00:00,0.64651793,10.176058
2026-10-08 00:00:00+00:00,0.0,11.933412
2026-10-09 00:00:00+00:00,2.191623,10.180946
2026-10-10 00:00:00+00:00,2.7673032,8.778793
2026-10-11 00:00:00+00:00,2.1843894,7.3759675
2026-10-12 00:00:00+00:00,2.437003,9.4856825
2026-10-13 00:00:00+00:00,0.9601513,7.0281363
2026-10-14 00:00:00+00:00,4.0245347,5.623876
2026-10-15 00:00:00+00:00,4.398423,8.086292
2026-10-16 00:00:00+00:00,0.0,13.714889
2026-10-17 00:00:00+00:00,1.966854,11.255997
2026-10-18 00:00:00+00:00,5.252497,6.684888
2026-10-19 00:00:00+00:00,3.6602778,6.3346095
2026-10-20 00:00:00+00:00,3.7752678,8.096218
2026-10-21 00:00:00+00:00,6.1466064,9.858701
2026-10-22 00:00:00+00:00,4.750359,6.691489
2026-10-23 00:00:00+00:00,1.3699869,9.863589
2026-10-24 00:00:00+00:00,4.279423,8.456608
2026-10-25 00:00:00+00:00,0.7409735,7.4013767
2026-10-26 00:00:00+00:00,5.7763762,7.4032254
2026-10-27 00:00:00+00:00,0.9168954,5.994589
2026-10-28 00:00:00+00:00,3.7677639,9.523207
2026-10-29 00:00:00+00:00,1.5698302,5.6448016
2026-10-30 00:00:00+00:00,0.0,5.646225
2026-10-31 00:00:00+00:00,0.0,10.942325
2026-11-01 00:00:00+00:00,0.0,6.355218
2026-11-02 00:00:00+00:00,0.0,8.089197
2026-11-03 00:00:00+00:00,0.0,7.6889977
2026-11-04 00:00:00+00:00,0.05877548,7.6413217
2026-11-05 00:00:00+00:00,0.0,8.284848
2026-11-06 00:00:00+00:00,0.0,10.636302
2026-11-07 00:00:00+00:00,0.0,13.641823
2026-11-08 00:00:00+00:00,0.0,9.83153
2026-11-09 00:00:00+00:00,0.0,5.0553575
2026-11-10 00:00:00+00:00,0.0,5.360983
2026-11-11 00:00:00+00:00,0.0,10.32704
2026-11-12 00:00:00+00:00,0.0,9.605663
2026-11-13 00:00:00+00:00,0.0,11.527565
2026-11-14 00:00:00+00:00,0.0,8.187935
2026-11-15 00:00:00+00:00,0.0,11.073943
2026-11-16 00:00:00+00:00,0.0,17.1677
2026-11-17 00:00:00+00:00,0.0,7.731855
2026-11-18 00:00:00+00:00,0.0,10.574154
2026-11-19 00:00:00+00:00,0.0,14.979988
2026-11-20 00:00:00+00:00,0.0,12.364671
2026-11-21 00:00:00+00:00,0.0,13.877041
2026-11-22 00:00:00+00:00,0.0,15.374044
2026-11-23 00:00:00+00:00,0.0,15.607425
2026-11-24 00:00:00+00:00,0.0,12.422566
2026-11-25 00:00:00+00:00,0.0,9.270077
2026-11-26 00:00:00+00:00,0.0,5.2268753
2026-11-27 00:00:00+00:00,0.0,5.8129663
2026-11-28 00:00:00+00:00,0.0,7.3067837
2026-11-29 00:00:00+00:00,0.0,9.9981365
2026-11-30 00:00:00+00:00,0.0,9.347084
2026-12-01 00:00:00+00:00,0.0,13.203688
2026-12-02 00:00:00+00:00,0.0,10.154726
2026-12-03 00:00:00+00:00,0.0,10.107254
2026-12-04 00:00:00+00:00,0.0,12.131686
2026-12-05 00:00:00+00:00,0.0,12.075968
2026-12-06 00:00:00+00:00,0.0,14.073356
2026-12-07 00:00:00+00:00,0.0,18.97166
2026-12-08 00:00:00+00:00,0.0,19.467913
2026-12-09 00:00:00+00:00,0.0,10.703252
2026-12-10 00:00:00+00:00,0.0,15.264261
2026-12-11 00:00:00+00:00,0.0,18.925442
2026-12-12 00:00:00+00:00,0.0,20.842184
2026-12-13 00:00:00+00:00,0.0,19.33141
2026-12-14 00:00:00+00:00,0.0,17.550766
2026-12-15 00:00:00+00:00,0.0,15.503593
2026-12-16 00:00:00+00:00,0.0,12.631726
2026-12-17 00:00:00+00:00,0.0,10.622562
2026-12-18 00:00:00+00:00,0.0,14.754753
2026-12-19 00:00:00+00:00,0.0,13.585547
2026-12-20 00:00:00+00:00,0.0,14.082852
2026-12-21 00:00:00+00:00,0.0,15.401468
2026-12-22 00:00:00+00:00,0.0,12.600844
2026-12-23 00:00:00+00:00,0.0,12.823934
2026-12-24 00:00:00+00:00,0.0,15.219722
2026-12-25 00:00:00+00:00,0.0,13.806947
2026-12-26 00:00:00+00:00,0.0,14.023391
2026-12-27 00:00:00+00:00,0.0,14.238389
2026-12-28 00:00:00+00:00,0.0,14.451972
2026-12-29 00:00:00+00:00,0.0,11.997949
2026-12-30 00:00:00+00:00,0.0,8.499988
2026-12-31 00:00:00+00:00,0.0,5.2927914
2027-01-01 00:00:00+00:00,0.0,10.81029
2027-01-02 00:00:00+00:00,0.0,14.479132
2027-01-03 00:00:00+00:00,0.0,14.729965
2027-01-04 00:00:00+00:00,0.0,14.7175865
2027-01-05 00:00:00+00:00,0.0,13.392283
2027-01-06 00:00:00+00:00,0.0,17.579075
2027-01-07 00:00:00+00:00,0.0,19.137356
2027-01-08 00:00:00+00:00,0.0,18.073694
2027-01-09 00:00:00+00:00,0.0,17.01183
2027-01-10 00:00:00+00:00,0.0,15.951745
2027-01-11 00:00:00+00:00,0.0,14.109574
2027-01-12 00:00:00+00:00,0.0,16.186556
2027-01-13 00:00:00+00:00,0.0,15.912424
2027-01-14 00:00:00+00:00,0.0,15.117471
2027-01-15 00:00:00+00:00,0.0,13.802972
2027-01-16 00:00:00+00:00,0.0,14.572404
2027-01-17 00:00:00+00:00,0.0,15.080603
2027-01-18 00:00:00+00:00,0.0,14.029198
2027-01-19 00:00:00+00:00,0.0,8.306889
2027-01-20 00:00:00+00:00,0.0,10.894016
2027-01-21 00:00:00+00:00,0.0,15.032042
2027-01-22 00:00:00+00:00,0.0,16.055868
2027-01-23 00:00:00+00:00,0.0,9.056559
2027-01-24 00:00:00+00:00,0.0,14.220399
2027-01-25 00:00:00+00:00,0.0,11.62563
2027-01-26 00:00:00+00:00,0.0,12.907134
2027-01-27 00:00:00+00:00,0.0,13.6707535
2027-01-28 00:00:00+00:00,0.0,13.917714
2027-01-29 00:00:00+00:00,0.0,16.224575
2027-01-30 00:00:00+00:00,0.0,17.498512
2027-01-31 00:00:00+00:00,0.0,18.770477
2027-02-01 00:00:00+00:00,0.0,19.783558
2027-02-02 00:00:00+00:00,0.0,18.997982
2027-02-03 00:00:00+00:00,0.0,14.622228
2027-02-04 00:00:00+00:00,0.0,15.12358
2027-02-05 00:00:00+00:00,0.0,10.757629
2027-02-06 00:00:00+00:00,0.0,16.379963
2027-02-07 00:00:00+00:00,0.0,18.669056
2027-02-08 00:00:00+00:00,0.0,16.865948
2027-02-09 00:00:00+00:00,0.0,14.81027
2027-02-10 00:00:00+00:00,0.0,13.778369
2027-02-11 00:00:00+00:00,0.0,10.963327
2027-02-12 00:00:00+00:00,0.0,13.757467
2027-02-13 00:00:00+00:00,0.0,12.983343
2027-02-14 00:00:00+00:00,0.0,17.552456
2027-02-15 00:00:00+00:00,0.0,15.50572
2027-02-16 00:00:00+00:00,0.0,14.98609
2027-02-17 00:00:00+00:00,0.0,11.167705
2027-02-18 00:00:00+00:00,0.0,8.369529
2027-02-19 00:00:00+00:00,0.0,14.192267
2027-02-20 00:00:00+00:00,0.0,15.194711
2027-02-21 00:00:00+00:00,0.0,13.91817
2027-02-22 00:00:00+00:00,0.0,16.183725
2027-02-23 00:00:00+00:00,0.0,16.171804
2027-02-24 00:00:00+00:00,0.0,14.392428
2027-02-25 00:00:00+00:00,0.0,14.634192
2027-02-26 00:00:00+00:00,0.0,8.572392
2027-02-27 00:00:00+00:00,0.0,17.888115
2027-02-28 00:00:00+00:00,0.0,18.126863
2027-03-01 00:00:00+00:00,0.0,14.340023
2027-03-02 00:00:00+00:00,0.0,15.335233
2027-03-03 00:00:00+00:00,0.0,14.570513
2027-03-04 00:00:00+00:00,0.0,9.547128
2027-03-05 00:00:00+00:00,0.0,12.815995
2027-03-06 00:00:00+00:00,0.0,12.56739
2027-03-07 00:00:00+00:00,0.0,11.81587
2027-03-08 00:00:00+00:00,0.0,12.069854
2027-03-09 00:00:00+00:00,0.0,14.084501
2027-03-10 00:00:00+00:00,0.0,14.339067
2027-03-11 00:00:00+00:00,0.0,10.567881
2027-03-12 00:00:00+00:00,0.0,10.066792
2027-03-13 00:00:00+00:00,0.0,20.389593
2027-03-14 00:00:00+00:00,0.0,21.401033
2027-03-15 00:00:00+00:00,0.0,22.4129
2027-03-16 00:00:00+00:00,0.0,18.891287
2027-03-17 00:00:00+00:00,0.0,8.061992
2027-03-18 00:00:00+00:00,0.0,15.371428
2027-03-19 00:00:00+00:00,0.0,16.130816
2027-03-20 00:00:00+00:00,0.0,16.134228
2027-03-21 00:00:00+00:00,0.0,16.89409
2027-03-22 00:00:00+00:00,0.0,18.915287
2027-03-23 00:00:00+00:00,0.0,18.667025
2027-03-24 00:00:00+00:00,0.0,18.166342
2027-03-25 00:00:00+00:00,0.0,18.170166
2027-03-26 00:00:00+00:00,0.0,17.921577
2027-03-27 00:00:00+00:00,0.0,18.430288
2027-03-28 00:00:00+00:00,0.0,18.181637
2027-03-29 00:00:00+00:00,0.0,19.953485
2027-03-30 00:00:00+00:00,0.0,19.452414
2027-03-31 00:00:00+00:00,0.0,17.687721
2027-04-01 00:00:00+00:00,0.0,15.416814
2027-04-02 00:00:00+00:00,0.0,10.617078
2027-04-03 00:00:00+00:00,0.0,18.204514
2027-04-04 00:00:00+00:00,0.0,17.702532
2027-04-05 00:00:00+00:00,0.0,16.18855
2027-04-06 00:00:00+00:00,0.0,13.914938
2027-04-07 00:00:00+00:00,0.0,14.170891
2027-04-08 00:00:00+00:00,0.0,11.895904
2027-04-09 00:00:00+00:00,0.0,15.695736
2027-04-10 00:00:00+00:00,0.0,16.965046
2027-04-11 00:00:00+00:00,0.0,17.475098
2027-04-12 00:00:00+00:00,0.0,16.972095
2027-04-13 00:00:00+00:00,0.0,17.482355
2027-04-14 00:00:00+00:00,0.0,19.259916
2027-04-15 00:00:00+00:00,0.0,15.715291
2027-04-16 00:00:00+00:00,0.0,13.94387
2027-04-17 00:00:00+00:00,0.0,13.946753
2027-04-18 00:00:00+00:00,0.0,18.007711
2027-04-19 00:00:00+00:00,0.0,19.533522
2027-04-20 00:00:00+00:00,0.0,16.492739
2027-04-21 00:00:00+00:00,0.0,13.450697
2027-04-22 00:00:00+00:00,0.0,13.453467
2027-04-23 00:00:00+00:00,0.0,14.471802
2027-04-24 00:00:00+00:00,0.0,13.459003
2027-04-25 00:00:00+00:00,0.0,10.41382
2027-04-26 00:00:00+00:00,0.0,10.415958
2027-04-27 00:00:00+00:00,0.0,16.008293
2027-04-28 00:00:00+00:00,0.0,11.69099
2027-04-29 00:00:00+00:00,0.0,9.659753
2027-04-30 00:00:00+00:00,0.0,12.967058
2027-05-01 00:00:00+00:00,0.0,16.021406
2027-05-02 00:00:00+00:00,0.0,17.805199
2027-05-03 00:00:00+00:00,0.0,18.317656
2027-05-04 00:00:00+00:00,0.0,9.156853
2027-05-05 00:00:00+00:00,0.0,10.426386
2027-05-06 00:00:00+00:00,0.0,14.492089
2027-05-07 00:00:00+00:00,0.0,19.064417
2027-05-08 00:00:00+00:00,0.0,20.076843
2027-05-09 00:00:00+00:00,0.0,14.482689
2027-05-10 00:00:00+00:00,0.0,14.479554
2027-05-11 00:00:00+00:00,0.0,16.254225
2027-05-12 00:00:00+00:00,0.0,16.758533
2027-05-13 00:00:00+00:00,0.0,13.962416
2027-05-14 00:00:00+00:00,0.0,14.974614
2027-05-15 00:00:00+00:00,0.0,15.98637
2027-05-16 00:00:00+00:00,0.0,14.207018
2027-05-17 00:00:00+00:00,0.0,14.457573
2027-05-18 00:00:00+00:00,0.0,20.540504
2027-05-19 00:00:00+00:00,0.0,20.789562
2027-05-20 00:00:00+00:00,0.0,20.785036
2027-05-21 00:00:00+00:00,0.0,15.205248
2027-05-22 00:00:00+00:00,0.0,13.175006
2027-05-23 00:00:00+00:00,0.0,17.985027
2027-05-24 00:00:00+00:00,0.0,17.221338
2027-05-25 00:00:00+00:00,0.0,16.457973
2027-05-26 00:00:00+00:00,0.0,19.238966
2027-05-27 00:00:00+00:00,0.0,19.487846
2027-05-28 00:00:00+00:00,0.0,17.206282
2027-05-29 00:00:00+00:00,0.0,24.032923
2027-05-30 00:00:00+00:00,0.0,24.027657
2027-05-31 00:00:00+00:00,0.0,21.746584
2027-06-01 00:00:00+00:00,0.0,20.224943
2027-06-02 00:00:00+00:00,0.0,15.923647
2027-06-03 00:00:00+00:00,0.0,11.1188345
2027-06-04 00:00:00+00:00,0.0,19.958975
2027-06-05 00:00:00+00:00,0.0,20.712355
2027-06-06 00:00:00+00:00,0.0,19.445126
2027-06-07 00:00:00+00:00,0.0,15.653668
2027-06-08 00:00:00+00:00,0.0,15.145374
2027-06-09 00:00:00+00:00,0.0,17.413342
2027-06-10 00:00:00+00:00,0.0,16.400255
2027-06-11 00:00:00+00:00,0.0,18.162426
2027-06-12 00:00:00+00:00,0.0,19.167215
2027-06-13 00:00:00+00:00,0.0,19.415127
2027-06-14 00:00:00+00:00,0.0,18.402481
2027-06-15 00:00:00+00:00,0.0,18.398409
2027-06-16 00:00:00+00:00,0.0,18.394339
2027-06-17 00:00:00+00:00,0.0,14.863361
2027-06-18 00:00:00+00:00,0.0,15.6156645
2027-06-19 00:00:00+00:00,0.0,18.382109
2027-06-20 00:00:00+00:00,0.0,18.378033
2027-06-21 00:00:00+00:00,0.0,17.870554
2027-06-22 00:00:00+00:00,0.0,16.356731
2027-06-23 00:00:00+00:00,0.0,17.611027
2027-06-24 00:00:00+00:00,0.0,15.091808
2027-06-25 00:00:00+00:00,0.0,18.357615
2027-06-26 00:00:00+00:00,0.0,18.102108
2027-06-27 00:00:00+00:00,0.0,13.322195
2027-06-28 00:00:00+00:00,0.0,18.09404
2027-06-29 00:00:00+00:00,0.0,19.597502
2027-06-30 00:00:00+00:00,4.6530995,19.09074
2027-07-01 00:00:00+00:00,0.0845512,12.305757
2027-07-02 00:00:00+00:00,0.0,14.562741
2027-07-03 00:00:00+00:00,0.08436379,17.329947
2027-07-04 00:00:00+00:00,0.0,15.130443
2027-07-05 00:00:00+00:00,0.0,11.140883
2027-07-06 00:00:00+00:00,0.0,17.796967
2027-07-07 00:00:00+00:00,0.0,17.8707
2027-07-08 00:00:00+00:00,0.0,17.945358
2027-07-09 00:00:00+00:00,2.2501976,17.24862
2027-07-10 00:00:00+00:00,2.2344606,15.770671
2027-07-11 00:00:00+00:00,0.0,21.55037
2027-07-12 00:00:00+00:00,0.0,19.818104
2027-07-13 00:00:00+00:00,0.0,16.761633
2027-07-14 00:00:00+00:00,0.077785164,16.309172
2027-07-15 00:00:00+00:00,0.15466343,15.853008
2027-07-16 00:00:00+00:00,0.0,17.516254
2027-07-17 00:00:00+00:00,0.0,13.8629055
2027-07-18 00:00:00+00:00,0.0,19.817701
2027-07-19 00:00:00+00:00,0.0,20.984764
2027-07-20 00:00:00+00:00,0.0,22.163013
2027-07-21 00:00:00+00:00,0.14990677,19.55108
2027-07-22 00:00:00+00:00,21.93416,15.550862
2027-07-23 00:00:00+00:00,5.867381,7.1270957
2027-07-24 00:00:00+00:00,7.9862504,10.466489
2027-07-25 00:00:00+00:00,0.0,20.204002
2027-07-26 00:00:00+00:00,1.9799378,20.302694
2027-07-27 00:00:00+00:00,8.107234,11.738586
2027-07-28 00:00:00+00:00,4.947314,18.538128
2027-07-29 00:00:00+00:00,4.05888,17.784348
2027-07-30 00:00:00+00:00,0.14442776,14.469827
2027-07-31 00:00:00+00:00,0.57564694,11.692124
2027-08-01 00:00:00+00:00,0.1434112,16.338863
2027-08-02 00:00:00+00:00,3.001435,19.881758
2027-08-03 00:00:00+00:00,2.4929438,17.089846
2027-08-04 00:00:00+00:00,16.471523,9.318339
2027-08-05 00:00:00+00:00,0.07077543,11.124918
2027-08-06 00:00:00+00:00,0.0,15.600428
2027-08-07 00:00:00+00:00,0.0,19.533274
2027-08-08 00:00:00+00:00,3.1564846,19.046053
2027-08-09 00:00:00+00:00,13.988991,14.962798
2027-08-10 00:00:00+00:00,7.1843596,11.736791
2027-08-11 00:00:00+00:00,4.1737337,10.895669
2027-08-12 00:00:00+00:00,6.4521775,11.262763
2027-08-13 00:00:00+00:00,0.27679586,18.982437
2027-08-14 00:00:00+00:00,0.06902418,15.39832
2027-08-15 00:00:00+00:00,0.068853736,12.701548
2027-08-16 00:00:00+00:00,0.20606239,13.712662
2027-08-17 00:00:00+00:00,0.6852522,16.931147
2027-08-18 00:00:00+00:00,0.2734674,21.76672
2027-08-19 00:00:00+00:00,1.0231833,23.488497
2027-08-20 00:00:00+00:00,0.81673455,14.372898
2027-08-21 00:00:00+00:00,0.81496423,12.213862
2027-08-22 00:00:00+00:00,0.0,9.3806925
2027-08-23 00:00:00+00:00,3.5166876,12.696947
2027-08-24 00:00:00+00:00,12.823262,11.796846
2027-08-25 00:00:00+00:00,7.2744617,11.874796
2027-08-26 00:00:00+00:00,0.067224346,11.622086
2027-08-27 00:00:00+00:00,12.27846,11.032018
2027-08-28 00:00:00+00:00,6.629954,16.82943
2027-08-29 00:00:00+00:00,1.5374513,15.590123
2027-08-30 00:00:00+00:00,0.46707344,24.231323
2027-08-31 00:00:00+00:00,15.452675,13.4043455
2027-09-01 00:00:00+00:00,5.1197567,11.769506
2027-09-02 00:00:00+00:00,1.9919462,18.795115
2027-09-03 00:00:00+00:00,11.48219,14.273535
2027-09-04 00:00:00+00:00,0.19902943,20.544538
2027-09-05 00:00:00+00:00,0.0,15.32477
2027-09-06 00:00:00+00:00,11.202172,13.934723
2027-09-07 00:00:00+00:00,9.6732,8.362708
2027-09-08 00:00:00+00:00,9.536209,9.758683
2027-09-09 00:00:00+00:00,9.46541,8.715071
2027-09-10 00:00:00+00:00,14.422604,7.6709914
2027-09-11 00:00:00+00:00,0.13224967,10.462807
2027-09-12 00:00:00+00:00,0.0,10.814016
2027-09-13 00:00:00+00:00,4.6237745,14.3056555
2027-09-14 00:00:00+00:00,11.552946,11.865926
2027-09-15 00:00:00+00:00,22.168802,17.104792
2027-09-16 00:00:00+00:00,0.52751297,22.695215
2027-09-17 00:00:00+00:00,0.0,17.112617
2027-09-18 00:00:00+00:00,10.3394375,10.828833
2027-09-19 00:00:00+00:00,4.4094567,10.481927
2027-09-20 00:00:00+00:00,4.603748,12.581211
2027-09-21 00:00:00+00:00,6.2435236,10.486765
2027-09-22 00:00:00+00:00,0.919424,5.9438753
2027-09-23 00:00:00+00:00,2.1655676,8.743021
2027-09-24 00:00:00+00:00,4.5900087,7.345845
2027-09-25 00:00:00+00:00,3.2103784,9.796742
2027-09-26 00:00:00+00:00,0.32731134,9.0991
2027-09-27 00:00:00+00:00,2.1583476,9.10123
2027-09-28 00:00:00+00:00,0.0,8.052976
2027-09-29 00:00:00+00:00,1.501484,7.7046576
2027-09-30 00:00:00+00:00,1.7608556,8.407061
2027-10-01 00:00:00+00:00,1.1075349,8.058669
2027-10-02 00:00:00+00:00,1.9523537,10.163336
2027-10-03 00:00:00+00:00,3.1202269,9.114117
2027-10-04 00:00:00+00:00,1.298554,6.3112726
2027-10-05 00:00:00+00:00,0.8430131,10.872004
2027-10-06 00:00:00+00:00,0.8419172,7.0158706
2027-10-07 00:00:00+00:00,2.13426,7.3684263
2027-10-08 00:00:00+00:00,1.8082929,8.072117
2027-10-09 00:00:00+00:00,0.0,10.531379
2027-10-10 00:00:00+00:00,0.12876457,6.671479
2027-10-11 00:00:00+00:00,0.5784711,12.292535
2027-10-12 00:00:00+00:00,0.64161015,14.403311
2027-10-13 00:00:00+00:00,0.0,10.541564
2027-10-14 00:00:00+00:00,0.0,7.0294175
2027-10-15 00:00:00+00:00,0.31890035,8.437356
2027-10-16 00:00:00+00:00,0.0,8.087773
2027-10-17 00:00:00+00:00,0.0,6.3311105
2027-10-18 00:00:00+00:00,0.0,10.202625
2027-10-19 00:00:00+00:00,0.0,10.557034
2027-10-20 00:00:00+00:00,0.503753,10.911622
2027-10-21 00:00:00+00:00,0.6277199,9.153942
2027-10-22 00:00:00+00:00,0.0,17.960253
2027-10-23 00:00:00+00:00,1.745295,10.215227
2027-10-24 00:00:00+00:00,0.0,11.979449
2027-10-25 00:00:00+00:00,0.0,9.163037
2027-10-26 00:00:00+00:00,0.0,21.503263
2027-10-27 00:00:00+00:00,0.0,6.6994143
2027-10-28 00:00:00+00:00,0.0,7.406473
2027-10-29 00:00:00+00:00,0.0,7.055558
2027-10-30 00:00:00+00:00,0.0,14.820405
2027-10-31 00:00:00+00:00,0.0,16.235971
2027-11-01 00:00:00+00:00,0.0,13.768768
2027-11-02 00:00:00+00:00,0.0,11.6246195
2027-11-03 00:00:00+00:00,0.0,14.351944
2027-11-04 00:00:00+00:00,0.0,14.610585
2027-11-05 00:00:00+00:00,0.0,14.520714
2027-11-06 00:00:00+00:00,0.0,17.524982
2027-11-07 00:00:00+00:00,0.0,10.588285
2027-11-08 00:00:00+00:00,0.0,8.4880495
2027-11-09 00:00:00+00:00,0.0,6.412869
2027-11-10 00:00:00+00:00,0.0,5.368785
2027-11-11 00:00:00+00:00,0.0,7.673035
2027-11-12 00:00:00+00:00,0.0,6.965743
2027-11-13 00:00:00+00:00,0.0,10.884191
2027-11-14 00:00:00+00:00,0.0,13.119003
2027-11-15 00:00:00+00:00,0.0,6.8492517
2027-11-16 00:00:00+00:00,0.0,11.028328
2027-11-17 00:00:00+00:00,0.0,14.839491
2027-11-18 00:00:00+00:00,0.0,17.968126
2027-11-19 00:00:00+00:00,0.0,18.191391
2027-11-20 00:00:00+00:00,0.0,13.9682665
2027-11-21 00:00:00+00:00,0.0,16.737343
2027-11-22 00:00:00+00:00,0.0,16.336401
2027-11-23 00:00:00+00:00,0.0,15.627409
2027-11-24 00:00:00+00:00,0.0,14.304071
2027-11-25 00:00:00+00:00,0.0,17.32589
2027-11-26 00:00:00+00:00,0.0,17.855066
2027-11-27 00:00:00+00:00,0.0,16.541441
2027-11-28 00:00:00+00:00,0.0,16.155535
2027-11-29 00:00:00+00:00,0.0,21.233856
2027-11-30 00:00:00+00:00,0.0,15.999678
2027-12-01 00:00:00+00:00,0.0,16.52424
2027-12-02 00:00:00+00:00,0.0,21.230452
2027-12-03 00:00:00+00:00,0.0,20.535746
2027-12-04 00:00:00+00:00,0.0,17.478006
2027-12-05 00:00:00+00:00,0.0,14.448818
2027-12-06 00:00:00+00:00,0.0,15.55701
2027-12-07 00:00:00+00:00,0.0,11.980236
2027-12-08 00:00:00+00:00,0.0,12.799191
2027-12-09 00:00:00+00:00,0.0,12.452701
2027-12-10 00:00:00+00:00,0.0,11.532856
2027-12-11 00:00:00+00:00,0.0,10.334216
2027-12-12 00:00:00+00:00,0.0,10.003624
2027-12-13 00:00:00+00:00,0.0,11.383598
2027-12-14 00:00:00+00:00,0.0,13.318747
2027-12-15 00:00:00+00:00,0.0,13.262482
2027-12-16 00:00:00+00:00,0.0,12.644923
2027-12-17 00:00:00+00:00,0.0,17.349506
2027-12-18 00:00:00+00:00,0.0,19.78611
2027-12-19 00:00:00+00:00,0.0,14.709548
2027-12-20 00:00:00+00:00,0.0,10.503713
2027-12-21 00:00:00+00:00,0.0,11.837987
2027-12-22 00:00:00+00:00,0.0,13.161786
2027-12-23 00:00:00+00:00,0.0,14.475303
2027-12-24 00:00:00+00:00,0.0,16.8669
2027-12-25 00:00:00+00:00,0.0,18.156153
2027-12-26 00:00:00+00:00,0.0,17.276184
2027-12-27 00:00:00+00:00,0.0,15.865434
2027-12-28 00:00:00+00:00,0.0,15.001445
2027-12-29 00:00:00+00:00,0.0,14.411089
2027-12-30 00:00:00+00:00,0.0,14.091252
2027-12-31 00:00:00+00:00,0.0,17.21751
2028-01-01 00:00:00+00:00,0.0,20.848738
2028-01-02 00:00:00+00:00,0.0,23.961441
2028-01-03 00:00:00+00:00,0.0,17.36397
2028-01-04 00:00:00+00:00,0.0,15.772156
2028-01-05 00:00:00+00:00,0.0,16.021574
2028-01-06 00:00:00+00:00,0.0,15.745744
2028-01-07 00:00:00+00:00,0.0,15.470401
2028-01-08 00:00:00+00:00,0.0,14.671555
2028-01-09 00:00:00+00:00,0.0,14.659382
2028-01-10 00:00:00+00:00,0.0,13.077903
2028-01-11 00:00:00+00:00,0.0,12.54443
2028-01-12 00:00:00+00:00,0.0,14.361994
2028-01-13 00:00:00+00:00,0.0,20.351204
2028-01-14 00:00:00+00:00,0.0,19.29175
2028-01-15 00:00:00+00:00,0.0,20.838919
2028-01-16 00:00:00+00:00,0.0,20.821955
2028-01-17 00:00:00+00:00,0.0,21.065111
2028-01-18 00:00:00+00:00,0.0,21.82761
2028-01-19 00:00:00+00:00,0.0,18.434628
2028-01-20 00:00:00+00:00,0.0,18.679214
2028-01-21 00:00:00+00:00,0.0,16.071955
2028-01-22 00:00:00+00:00,0.0,13.986939
2028-01-23 00:00:00+00:00,0.0,9.317175
2028-01-24 00:00:00+00:00,0.0,7.758126
2028-01-25 00:00:00+00:00,0.0,12.144734
2028-01-26 00:00:00+00:00,0.0,16.782595
2028-01-27 00:00:00+00:00,0.0,15.221391
2028-01-28 00:00:00+00:00,0.0,14.436028
2028-01-29 00:00:00+00:00,0.0,13.394341
2028-01-30 00:00:00+00:00,0.0,13.383835
2028-01-31 00:00:00+00:00,0.0,18.516966
2028-02-01 00:00:00+00:00,0.0,19.273455
2028-02-02 00:00:00+00:00,0.0,18.744894
2028-02-03 00:00:00+00:00,0.0,17.447445
2028-02-04 00:00:00+00:00,0.0,17.946701
2028-02-05 00:00:00+00:00,0.0,16.908108
2028-02-06 00:00:00+00:00,0.0,16.639101
2028-02-07 00:00:00+00:00,0.0,14.068423
2028-02-08 00:00:00+00:00,0.0,13.035272
2028-02-09 00:00:00+00:00,0.0,16.345488
2028-02-10 00:00:00+00:00,0.0,17.098639
2028-02-11 00:00:00+00:00,0.0,17.340649
2028-02-12 00:00:00+00:00,0.0,17.582315
2028-02-13 00:00:00+00:00,0.0,16.550524
2028-02-14 00:00:00+00:00,0.0,15.520313
2028-02-15 00:00:00+00:00,0.0,15.762875
2028-02-16 00:00:00+00:00,0.0,14.734851
2028-02-17 00:00:00+00:00,0.0,18.023985
2028-02-18 00:00:00+00:00,0.0,21.815567
2028-02-19 00:00:00+00:00,0.0,20.278437
2028-02-20 00:00:00+00:00,0.0,20.01008
2028-02-21 00:00:00+00:00,0.0,17.46421
2028-02-22 00:00:00+00:00,0.0,16.945467
2028-02-23 00:00:00+00:00,0.0,14.658395
2028-02-24 00:00:00+00:00,0.0,15.657797
2028-02-25 00:00:00+00:00,0.0,12.365636
2028-02-26 00:00:00+00:00,0.0,12.356588
2028-02-27 00:00:00+00:00,0.0,11.087613
2028-02-28 00:00:00+00:00,0.0,14.604854
2028-02-29 00:00:00+00:00,0.0,22.897871
2028-03-01 00:00:00+00:00,0.0,22.378399
2028-03-02 00:00:00+00:00,0.0,22.362232
2028-03-03 00:00:00+00:00,0.0,19.846914
2028-03-04 00:00:00+00:00,0.0,16.584518
2028-03-05 00:00:00+00:00,0.0,13.572056
2028-03-06 00:00:00+00:00,0.0,15.586063
2028-03-07 00:00:00+00:00,0.0,14.080744
2028-03-08 00:00:00+00:00,0.0,13.580759
2028-03-09 00:00:00+00:00,0.0,16.602245
2028-03-10 00:00:00+00:00,0.0,13.838154
2028-03-11 00:00:00+00:00,0.0,12.8344755
2028-03-12 00:00:00+00:00,0.0,15.606017
2028-03-13 00:00:00+00:00,0.0,18.882261
2028-03-14 00:00:00+00:00,0.0,18.130823
2028-03-15 00:00:00+00:00,0.0,18.13467
2028-03-16 00:00:00+00:00,0.0,17.63467
2028-03-17 00:00:00+00:00,0.14659797,14.110728
2028-03-18 00:00:00+00:00,0.0,18.650267
2028-03-19 00:00:00+00:00,0.0,18.654215
2028-03-20 00:00:00+00:00,0.0,15.632511
2028-03-21 00:00:00+00:00,0.0,15.383623
2028-03-22 00:00:00+00:00,0.0,13.621163
2028-03-23 00:00:00+00:00,0.0,17.66079
2028-03-24 00:00:00+00:00,0.0,13.3745575
2028-03-25 00:00:00+00:00,0.0,17.163425
2028-03-26 00:00:00+00:00,0.0,15.399839
2028-03-27 00:00:00+00:00,0.0,13.8880205
2028-03-28 00:00:00+00:00,0.0,14.143501
2028-03-29 00:00:00+00:00,0.0,16.42001
2028-03-30 00:00:00+00:00,0.0,17.939463
2028-03-31 00:00:00+00:00,0.0,14.405122
2028-04-01 00:00:00+00:00,0.0,11.627621
2028-04-02 00:00:00+00:00,0.0,10.618745
2028-04-03 00:00:00+00:00,0.0,11.379603
2028-04-04 00:00:00+00:00,0.0,14.417176
2028-04-05 00:00:00+00:00,0.0,14.167199
2028-04-06 00:00:00+00:00,0.0,10.374576
2028-04-07 00:00:00+00:00,0.0,12.65456
2028-04-08 00:00:00+00:00,0.0,13.922913
2028-04-09 00:00:00+00:00,0.0,7.0895023
2028-04-10 00:00:00+00:00,0.0,15.701447
2028-04-11 00:00:00+00:00,0.0,16.464613
2028-04-12 00:00:00+00:00,0.0,16.214676
2028-04-13 00:00:00+00:00,0.0,18.498701
2028-04-14 00:00:00+00:00,0.0,8.617618
2028-04-15 00:00:00+00:00,0.0,14.450171
2028-04-16 00:00:00+00:00,0.0,15.467416
2028-04-17 00:00:00+00:00,0.0,15.724232
2028-04-18 00:00:00+00:00,0.0,15.981149
2028-04-19 00:00:00+00:00,0.0,15.730723
2028-04-20 00:00:00+00:00,0.0,14.972647
2028-04-21 00:00:00+00:00,0.0,18.275467
2028-04-22 00:00:00+00:00,0.0,18.02535
2028-04-23 00:00:00+00:00,0.0,18.029058
2028-04-24 00:00:00+00:00,0.0,12.191165
2028-04-25 00:00:00+00:00,0.0,16.258224
2028-04-26 00:00:00+00:00,0.0,20.835121
2028-04-27 00:00:00+00:00,0.0,22.36423
2028-04-28 00:00:00+00:00,0.0,17.539179
2028-04-29 00:00:00+00:00,0.0,13.729124
2028-04-30 00:00:00+00:00,0.0,15.003408
2028-05-01 00:00:00+00:00,0.0,19.584717
2028-05-02 00:00:00+00:00,0.0,18.571121
2028-05-03 00:00:00+00:00,0.0,13.22728
2028-05-04 00:00:00+00:00,0.0,17.039162
2028-05-05 00:00:00+00:00,0.0,16.018438
2028-05-06 00:00:00+00:00,0.0,15.506565
2028-05-07 00:00:00+00:00,0.0,17.790573
2028-05-08 00:00:00+00:00,0.0,14.73757
2028-05-09 00:00:00+00:00,0.0,12.19397
2028-05-10 00:00:00+00:00,0.0,14.223218
2028-05-11 00:00:00+00:00,0.0,14.474065
2028-05-12 00:00:00+00:00,0.0,11.678289
2028-05-13 00:00:00+00:00,0.0,11.929577
2028-05-14 00:00:00+00:00,0.0,14.210878
2028-05-15 00:00:00+00:00,0.0,15.730054
2028-05-16 00:00:00+00:00,0.0,9.38525
2028-05-17 00:00:00+00:00,0.0,13.440813
2028-05-18 00:00:00+00:00,0.0,28.143501
2028-05-19 00:00:00+00:00,0.0,28.137373
2028-05-20 00:00:00+00:00,0.0,20.021334
2028-05-21 00:00:00+00:00,0.0,20.016972
2028-05-22 00:00:00+00:00,0.09019056,16.21274
2028-05-23 00:00:00+00:00,0.0,17.475544
2028-05-24 00:00:00+00:00,0.0,16.712088
2028-05-25 00:00:00+00:00,0.0,11.89843
2028-05-26 00:00:00+00:00,0.0,13.920652
2028-05-27 00:00:00+00:00,0.0,16.448078
2028-05-28 00:00:00+00:00,0.0,19.22739
2028-05-29 00:00:00+00:00,0.0,19.223177
2028-05-30 00:00:00+00:00,0.0,18.20744
2028-05-31 00:00:00+00:00,0.0,16.68649
2028-06-01 00:00:00+00:00,0.0,12.891278
2028-06-02 00:00:00+00:00,0.0,12.635732
2028-06-03 00:00:00+00:00,0.0,19.454754
2028-06-04 00:00:00+00:00,0.0,18.692665
2028-06-05 00:00:00+00:00,0.0,18.183458
2028-06-06 00:00:00+00:00,0.0,19.441916
2028-06-07 00:00:00+00:00,0.0,16.155956
2028-06-08 00:00:00+00:00,0.0,17.919065
2028-06-09 00:00:00+00:00,0.0,18.167439
2028-06-10 00:00:00+00:00,0.0,20.433859
2028-06-11 00:00:00+00:00,0.0,20.933773
2028-06-12 00:00:00+00:00,0.0,19.164042
2028-06-13 00:00:00+00:00,0.0,18.907703
2028-06-14 00:00:00+00:00,0.0,15.374861
2028-06-15 00:00:00+00:00,0.0,16.379425
2028-06-16 00:00:00+00:00,0.0,20.406765
2028-06-17 00:00:00+00:00,0.0,20.654123
2028-06-18 00:00:00+00:00,0.0,20.145895
2028-06-19 00:00:00+00:00,0.0,19.889658
2028-06-20 00:00:00+00:00,0.0,16.612986
2028-06-21 00:00:00+00:00,0.0,17.615921
2028-06-22 00:00:00+00:00,0.0,28.43081
2028-06-23 00:00:00+00:00,0.0,27.41831
2028-06-24 00:00:00+00:00,6.3673763,15.340779
2028-06-25 00:00:00+00:00,0.0,14.080201
2028-06-26 00:00:00+00:00,0.0,16.33945
2028-06-27 00:00:00+00:00,0.0,15.833168
2028-06-28 00:00:00+00:00,1.947353,16.332163
2028-06-29 00:00:00+00:00,5.923031,13.81644
2028-06-30 00:00:00+00:00,0.084563695,10.046076
2028-07-01 00:00:00+00:00,0.0,16.823418
2028-07-02 00:00:00+00:00,0.0,18.576931
2028-07-03 00:00:00+00:00,0.0,17.382416
2028-07-04 00:00:00+00:00,2.907497,14.670737
2028-07-05 00:00:00+00:00,0.0,16.50877
2028-07-06 00:00:00+00:00,0.0,17.087088
2028-07-07 00:00:00+00:00,0.97324866,16.902227
2028-07-08 00:00:00+00:00,0.0,13.115715
2028-07-09 00:00:00+00:00,0.0,14.204352
2028-07-10 00:00:00+00:00,0.0,16.858713
2028-07-11 00:00:00+00:00,0.3155077,18.494276
2028-07-12 00:00:00+00:00,0.0,17.528212
2028-07-13 00:00:00+00:00,0.0,17.079536
2028-07-14 00:00:00+00:00,0.0,18.738604
2028-07-15 00:00:00+00:00,0.0,18.557076
2028-07-16 00:00:00+00:00,0.0,18.906855
2028-07-17 00:00:00+00:00,21.633419,16.050129
2028-07-18 00:00:00+00:00,5.3047824,12.6301565
2028-07-19 00:00:00+00:00,0.9802725,11.608616
2028-07-20 00:00:00+00:00,12.532046,9.764123
2028-07-21 00:00:00+00:00,0.0,12.262528
2028-07-22 00:00:00+00:00,0.0,15.880004
2028-07-23 00:00:00+00:00,0.0,19.807453
2028-07-24 00:00:00+00:00,3.6855497,17.96809
2028-07-25 00:00:00+00:00,0.0,15.555643
2028-07-26 00:00:00+00:00,0.0,18.9819
2028-07-27 00:00:00+00:00,0.3641232,19.356653
2028-07-28 00:00:00+00:00,15.887977,18.04395
2028-07-29 00:00:00+00:00,0.43367782,12.75131
2028-07-30 00:00:00+00:00,13.53969,12.531591
2028-07-31 00:00:00+00:00,2.440094,7.443188
2028-08-01 00:00:00+00:00,0.57218236,12.086161
2028-08-02 00:00:00+00:00,0.99799365,17.935177
2028-08-03 00:00:00+00:00,4.2632747,20.356768
2028-08-04 00:00:00+00:00,6.1622496,11.109986
2028-08-05 00:00:00+00:00,21.60746,12.639796
2028-08-06 00:00:00+00:00,10.841721,12.413253
2028-08-07 00:00:00+00:00,0.84233695,16.939445
2028-08-08 00:00:00+00:00,10.9191,15.240747
2028-08-09 00:00:00+00:00,6.4913116,10.818685
2028-08-10 00:00:00+00:00,0.06960897,15.715772
2028-08-11 00:00:00+00:00,0.62481415,17.325773
2028-08-12 00:00:00+00:00,0.761677,18.343397
2028-08-13 00:00:00+00:00,5.3181953,16.913282
2028-08-14 00:00:00+00:00,0.2755838,19.488054
2028-08-15 00:00:00+00:00,10.859126,18.359863
2028-08-16 00:00:00+00:00,5.6223636,15.340172
2028-08-17 00:00:00+00:00,0.3420304,17.008745
2028-08-18 00:00:00+00:00,6.825053,14.895282
2028-08-19 00:00:00+00:00,8.580427,16.901602
2028-08-20 00:00:00+00:00,4.756517,22.78456
2028-08-21 00:00:00+00:00,8.272241,14.855937
2028-08-22 00:00:00+00:00,7.104672,12.676431
2028-08-23 00:00:00+00:00,12.424601,13.413346
2028-08-24 00:00:00+00:00,22.238546,8.562074
2028-08-25 00:00:00+00:00,11.971748,14.254709
2028-08-26 00:00:00+00:00,0.53701913,20.358065
2028-08-27 00:00:00+00:00,13.065102,12.096484
2028-08-28 00:00:00+00:00,13.308393,11.164889
2028-08-29 00:00:00+00:00,6.808987,13.286889
2028-08-30 00:00:00+00:00,0.33317864,15.439193
2028-08-31 00:00:00+00:00,6.452355,11.057357
2028-09-01 00:00:00+00:00,22.843287,10.441151
2028-09-02 00:00:00+00:00,14.005736,9.747238
2028-09-03 00:00:00+00:00,7.696622,17.061462
2028-09-04 00:00:00+00:00,2.7855122,10.796394
2028-09-05 00:00:00+00:00,6.032616,9.75376
2028-09-06 00:00:00+00:00,11.132088,13.588637
2028-09-07 00:00:00+00:00,2.3181036,10.10664
2028-09-08 00:00:00+00:00,0.0,8.714581
2028-09-09 00:00:00+00:00,5.227198,8.367883
2028-09-10 00:00:00+00:00,4.3648043,10.113475
2028-09-11 00:00:00+00:00,10.047008,9.069307
2028-09-12 00:00:00+00:00,2.2461429,10.815857
2028-09-13 00:00:00+00:00,3.6314418,9.422404
2028-09-14 00:00:00+00:00,0.6598826,11.518897
2028-09-15 00:00:00+00:00,6.8587055,10.124978
2028-09-16 00:00:00+00:00,7.315863,11.524163
2028-09-17 00:00:00+00:00,12.185383,11.526808
2028-09-18 00:00:00+00:00,14.942004,7.3369265
2028-09-19 00:00:00+00:00,2.8285058,8.736449
2028-09-20 00:00:00+00:00,1.0517294,12.583389
2028-09-21 00:00:00+00:00,1.4450774,9.090106
2028-09-22 00:00:00+00:00,0.7876308,13.638323
2028-09-23 00:00:00+00:00,1.7707858,11.892582
2028-09-24 00:00:00+00:00,3.86636,12.245215
2028-09-25 00:00:00+00:00,9.625028,7.6987886
2028-09-26 00:00:00+00:00,4.0559864,11.200857
2028-09-27 00:00:00+00:00,4.1830173,6.6520677
2028-09-28 00:00:00+00:00,2.8731017,14.007644
2028-09-29 00:00:00+00:00,0.19570015,10.8584795
2028-09-30 00:00:00+00:00,2.867318,8.758906
2028-10-01 00:00:00+00:00,1.3670244,7.0087814
2028-10-02 00:00:00+00:00,2.015727,14.371408
2028-10-03 00:00:00+00:00,2.5329437,8.414531
2028-10-04 00:00:00+00:00,2.2055,11.222046
2028-10-05 00:00:00+00:00,1.4252546,10.87395
2028-10-06 00:00:00+00:00,1.8115164,6.3154154
2028-10-07 00:00:00+00:00,2.0673752,8.071632
2028-10-08 00:00:00+00:00,1.935281,6.6694727
2028-10-09 00:00:00+00:00,0.19322506,7.0221868
2028-10-10 00:00:00+00:00,0.0,9.833435
2028-10-11 00:00:00+00:00,0.0,7.025581
2028-10-12 00:00:00+00:00,0.38443026,12.64911
2028-10-13 00:00:00+00:00,4.028643,8.786238
2028-10-14 00:00:00+00:00,0.06381438,4.569956
2028-10-15 00:00:00+00:00,0.0,7.7356586
2028-10-16 00:00:00+00:00,0.0,7.385843
2028-10-17 00:00:00+00:00,0.0,13.016342
2028-10-18 00:00:00+00:00,0.0,13.371418
2028-10-19 00:00:00+00:00,8.066086,12.318814
2028-10-20 00:00:00+00:00,3.5808876,6.6890054
2028-10-21 00:00:00+00:00,4.883938,6.6906605
2028-10-22 00:00:00+00:00,3.8682206,9.862364
2028-10-23 00:00:00+00:00,0.0,6.6939816
2028-10-24 00:00:00+00:00,0.0,9.86727
2028-10-25 00:00:00+00:00,0.0,6.697319
2028-10-26 00:00:00+00:00,0.0,4.583523
2028-10-27 00:00:00+00:00,0.0,5.6426735
2028-10-28 00:00:00+00:00,0.0,4.585824
2028-10-29 00:00:00+00:00,0.0,10.93818
2028-10-30 00:00:00+00:00,0.0,7.7645407
2028-10-31 00:00:00+00:00,0.0,4.942321
2028-11-01 00:00:00+00:00,0.0,8.114874
2028-11-02 00:00:00+00:00,0.0,10.5179205
2028-11-03 00:00:00+00:00,0.0,5.2261763
2028-11-04 00:00:00+00:00,0.0,7.617784
2028-11-05 00:00:00+00:00,0.0,11.701097
2028-11-06 00:00:00+00:00,0.0,15.7353
2028-11-07 00:00:00+00:00,0.0,13.261083
2028-11-08 00:00:00+00:00,0.0,11.492578
2028-11-09 00:00:00+00:00,0.0,8.400968
2028-11-10 00:00:00+00:00,0.0,6.3477488
2028-11-11 00:00:00+00:00,0.0,5.6469965
2028-11-12 00:00:00+00:00,0.0,24.11122
2028-11-13 00:00:00+00:00,0.0,24.30416
2028-11-14 00:00:00+00:00,0.0,13.06429
2028-11-15 00:00:00+00:00,0.0,12.992321
2028-11-16 00:00:00+00:00,0.0,16.151815
2028-11-17 00:00:00+00:00,0.0,23.132986
2028-11-18 00:00:00+00:00,0.0,19.174372
2028-11-19 00:00:00+00:00,0.0,14.304596
2028-11-20 00:00:00+00:00,0.0,14.861964
2028-11-21 00:00:00+00:00,0.0,13.8410225
2028-11-22 00:00:00+00:00,0.0,12.517973
2028-11-23 00:00:00+00:00,0.0,13.076844
2028-11-24 00:00:00+00:00,0.0,15.798808
2028-11-25 00:00:00+00:00,0.0,12.020974
2028-11-26 00:00:00+00:00,0.0,10.734558
2028-11-27 00:00:00+00:00,0.0,11.902597
2028-11-28 00:00:00+00:00,0.0,9.11127
2028-11-29 00:00:00+00:00,0.0,12.089752
2028-11-30 00:00:00+00:00,0.0,11.430357
2028-12-01 00:00:00+00:00,0.0,11.974948
2028-12-02 00:00:00+00:00,0.0,16.388237
2028-12-03 00:00:00+00:00,0.0,16.015385
2028-12-04 00:00:00+00:00,0.0,16.531929
2028-12-05 00:00:00+00:00,0.0,18.219513
2028-12-06 00:00:00+00:00,0.0,14.334024
2028-12-07 00:00:00+00:00,0.0,16.30813
2028-12-08 00:00:00+00:00,0.0,14.495965
2028-12-09 00:00:00+00:00,0.0,17.318333
2028-12-10 00:00:00+00:00,0.0,18.679373
2028-12-11 00:00:00+00:00,0.0,15.7369995
2028-12-12 00:00:00+00:00,0.0,12.5354
2028-12-13 00:00:00+00:00,0.0,13.049245
2028-12-14 00:00:00+00:00,0.0,12.429047
2028-12-15 00:00:00+00:00,0.0,12.658158
2028-12-16 00:00:00+00:00,0.0,14.006064
2028-12-17 00:00:00+00:00,0.0,14.785124
2028-12-18 00:00:00+00:00,0.0,14.72457
2028-12-19 00:00:00+00:00,0.0,14.388062
2028-12-20 00:00:00+00:00,0.0,14.881246
2028-12-21 00:00:00+00:00,0.0,13.998335
2028-12-22 00:00:00+00:00,0.0,15.036389
2028-12-23 00:00:00+00:00,0.0,13.615681
2028-12-24 00:00:00+00:00,0.0,14.376306
2028-12-25 00:00:00+00:00,0.0,19.45447
2028-12-26 00:00:00+00:00,0.0,19.918077
2028-12-27 00:00:00+00:00,0.0,19.842173
2028-12-28 00:00:00+00:00,0.0,20.301395
2028-12-29 00:00:00+00:00,0.0,19.160744
2028-12-30 00:00:00+00:00,0.0,18.559147
2028-12-31 00:00:00+00:00,0.0,20.075493
2029-01-01 00:00:00+00:00,0.0,21.069454
2029-01-02 00:00:00+00:00,0.0,21.577967
2029-01-03 00:00:00+00:00,0.0,18.141788
2029-01-04 00:00:00+00:00,0.0,16.024933
2029-01-05 00:00:00+00:00,0.0,15.486551
2029-01-06 00:00:00+00:00,0.0,13.637769
2029-01-07 00:00:00+00:00,0.0,14.150511
2029-01-08 00:00:00+00:00,0.0,13.353275
2029-01-09 00:00:00+00:00,0.0,14.388668
2029-01-10 00:00:00+00:00,0.0,16.20656
2029-01-11 00:00:00+00:00,0.0,18.805023
2029-01-12 00:00:00+00:00,0.0,20.877308
2029-01-13 00:00:00+00:00,0.0,16.948921
2029-01-14 00:00:00+00:00,0.0,12.766441
2029-01-15 00:00:00+00:00,0.0,11.454403
2029-01-16 00:00:00+00:00,0.0,13.005792
2029-01-17 00:00:00+00:00,0.0,14.034876
2029-01-18 00:00:00+00:00,0.0,14.802616
2029-01-19 00:00:00+00:00,0.0,10.638913
2029-01-20 00:00:00+00:00,0.0,8.296868
2029-01-21 00:00:00+00:00,0.0,11.399046
2029-01-22 00:00:00+00:00,0.0,15.272865
2029-01-23 00:00:00+00:00,0.0,15.260684
2029-01-24 00:00:00+00:00,0.0,16.0239
2029-01-25 00:00:00+00:00,0.0,14.461717
2029-01-26 00:00:00+00:00,0.0,13.676153
2029-01-27 00:00:00+00:00,0.0,11.860502
2029-01-28 00:00:00+00:00,0.0,10.305365
2029-01-29 00:00:00+00:00,0.0,15.960775
2029-01-30 00:00:00+00:00,0.0,17.748892
2029-01-31 00:00:00+00:00,0.0,19.791271
2029-02-01 00:00:00+00:00,0.0,14.896101
2029-02-02 00:00:00+00:00,0.0,14.371271
2029-02-03 00:00:00+00:00,0.0,15.12943
2029-02-04 00:00:00+00:00,0.0,11.274248
2029-02-05 00:00:00+00:00,0.0,25.347504
2029-02-06 00:00:00+00:00,0.0,20.211248
2029-02-07 00:00:00+00:00,0.0,20.451399
2029-02-08 00:00:00+00:00,0.0,24.012016
2029-02-09 00:00:00+00:00,0.0,16.59139
2029-02-10 00:00:00+00:00,0.0,12.242784
2029-02-11 00:00:00+00:00,0.0,14.272409
2029-02-12 00:00:00+00:00,0.0,19.864382
2029-02-13 00:00:00+00:00,0.0,15.268757
2029-02-14 00:00:00+00:00,0.0,17.291563
2029-02-15 00:00:00+00:00,0.0,27.442446
2029-02-16 00:00:00+00:00,0.0,23.359388
2029-02-17 00:00:00+00:00,0.0,20.297337
2029-02-18 00:00:00+00:00,0.0,23.578072
2029-02-19 00:00:00+00:00,0.0,19.507114
2029-02-20 00:00:00+00:00,0.0,15.442229
2029-02-21 00:00:00+00:00,0.0,16.442667
2029-02-22 00:00:00+00:00,0.0,12.638874
2029-02-23 00:00:00+00:00,0.0,13.892533
2029-02-24 00:00:00+00:00,0.0,13.882337
2029-02-25 00:00:00+00:00,0.0,15.133281
2029-02-26 00:00:00+00:00,0.0,14.618157
2029-02-27 00:00:00+00:00,0.0,15.111215
2029-02-28 00:00:00+00:00,0.0,15.855248
2029-03-01 00:00:00+00:00,0.0,14.586316
2029-03-02 00:00:00+00:00,0.0,15.580997
2029-03-03 00:00:00+00:00,0.0,12.560664
2029-03-04 00:00:00+00:00,0.0,10.30195
2029-03-05 00:00:00+00:00,0.0,8.544911
2029-03-06 00:00:00+00:00,0.0,10.054988
2029-03-07 00:00:00+00:00,0.0,11.817135
2029-03-08 00:00:00+00:00,0.0,19.112642
2029-03-09 00:00:00+00:00,0.0,18.61365
2029-03-10 00:00:00+00:00,0.0,11.069934
2029-03-11 00:00:00+00:00,0.0,10.569005
2029-03-12 00:00:00+00:00,0.0,13.843313
2029-03-13 00:00:00+00:00,0.0,16.363758
2029-03-14 00:00:00+00:00,0.0,9.568537
2029-03-15 00:00:00+00:00,0.0,11.585425
2029-03-16 00:00:00+00:00,0.0,10.832153
2029-03-17 00:00:00+00:00,0.0,22.172825
2029-03-18 00:00:00+00:00,0.0,25.705767
2029-03-19 00:00:00+00:00,0.0,17.644945
2029-03-20 00:00:00+00:00,0.0,19.161419
2029-03-21 00:00:00+00:00,0.0,13.61757
2029-03-22 00:00:00+00:00,0.0,20.6829
2029-03-23 00:00:00+00:00,0.0,20.182695
2029-03-24 00:00:00+00:00,0.0,15.897222
2029-03-25 00:00:00+00:00,0.0,15.900573
2029-03-26 00:00:00+00:00,0.0,9.592838
2029-03-27 00:00:00+00:00,0.0,10.604839
2029-03-28 00:00:00+00:00,0.0,15.405502
2029-03-29 00:00:00+00:00,0.0,17.93476
2029-03-30 00:00:00+00:00,0.0,18.19118
2029-03-31 00:00:00+00:00,0.0,11.624577
2029-04-01 00:00:00+00:00,0.0,9.0994005
2029-04-02 00:00:00+00:00,0.0,14.916027
2029-04-03 00:00:00+00:00,0.0,14.919147
2029-04-04 00:00:00+00:00,0.0,9.610949
2029-04-05 00:00:00+00:00,0.0,8.09512
2029-04-06 00:00:00+00:00,0.0,13.410339
2029-04-07 00:00:00+00:00,0.0,13.666212
2029-04-08 00:00:00+00:00,0.0,10.88462
2029-04-09 00:00:00+00:00,0.0,12.91235
2029-04-10 00:00:00+00:00,0.0,15.70063
2029-04-11 00:00:00+00:00,0.0,16.463757
2029-04-12 00:00:00+00:00,0.0,14.440445
2029-04-13 00:00:00+00:00,0.0,13.176472
2029-04-14 00:00:00+00:00,0.0,8.617171
2029-04-15 00:00:00+00:00,0.0,13.43543
2029-04-16 00:00:00+00:00,0.0,17.241476
2029-04-17 00:00:00+00:00,0.0,15.723418
2029-04-18 00:00:00+00:00,0.0,12.682796
2029-04-19 00:00:00+00:00,0.0,12.431705
2029-04-20 00:00:00+00:00,0.0,12.180509
2029-04-21 00:00:00+00:00,0.0,14.97496
2029-04-22 00:00:00+00:00,0.0,17.770557
2029-04-23 00:00:00+00:00,0.0,16.25071
2029-04-24 00:00:00+00:00,0.0,14.476264
2029-04-25 00:00:00+00:00,0.0,13.46315
2029-04-26 00:00:00+00:00,0.0,15.498504
2029-04-27 00:00:00+00:00,0.0,10.673288
2029-04-28 00:00:00+00:00,0.0,13.979791
2029-04-29 00:00:00+00:00,0.0,17.287642
2029-04-30 00:00:00+00:00,0.0,17.29118
2029-05-01 00:00:00+00:00,0.0,15.005705
2029-05-02 00:00:00+00:00,0.0,12.719297
2029-05-03 00:00:00+00:00,0.0,12.46484
2029-05-04 00:00:00+00:00,0.0,10.936171
2029-05-05 00:00:00+00:00,0.0,11.95091
2029-05-06 00:00:00+00:00,0.0,10.677227
2029-05-07 00:00:00+00:00,0.0,15.758215
2029-05-08 00:00:00+00:00,0.0,17.279467
2029-05-09 00:00:00+00:00,0.0,23.881151
2029-05-10 00:00:00+00:00,0.0,14.985987
2029-05-11 00:00:00+00:00,0.0,14.474848
2029-05-12 00:00:00+00:00,0.0,12.694483
2029-05-13 00:00:00+00:00,0.0,10.407216
2029-05-14 00:00:00+00:00,0.0,15.226768
2029-05-15 00:00:00+00:00,0.0,23.342636
2029-05-16 00:00:00+00:00,0.0,22.069221
2029-05-17 00:00:00+00:00,0.0,24.093332
2029-05-18 00:00:00+00:00,0.0,20.538267
2029-05-19 00:00:00+00:00,0.0,8.112117
2029-05-20 00:00:00+00:00,0.0,20.78277
2029-05-21 00:00:00+00:00,0.0,24.072351
2029-05-22 00:00:00+00:00,0.0,20.773708
2029-05-23 00:00:00+00:00,0.0,12.917414
2029-05-24 00:00:00+00:00,0.0,11.395227
2029-05-25 00:00:00+00:00,0.0,22.025959
2029-05-26 00:00:00+00:00,0.0,22.780495
2029-05-27 00:00:00+00:00,0.0,19.485716
2029-05-28 00:00:00+00:00,0.0,20.999485
2029-05-29 00:00:00+00:00,0.0,21.500788
2029-05-30 00:00:00+00:00,0.0,18.208437
2029-05-31 00:00:00+00:00,0.0,21.238516
2029-06-01 00:00:00+00:00,0.0,21.486643
2029-06-02 00:00:00+00:00,0.0,22.240112
2029-06-03 00:00:00+00:00,0.0,20.971857
2029-06-04 00:00:00+00:00,0.0,20.462019
2029-06-05 00:00:00+00:00,0.0,19.447266
2029-06-06 00:00:00+00:00,0.0,18.685465
2029-06-07 00:00:00+00:00,0.0,13.8847885
2029-06-08 00:00:00+00:00,0.0,14.638916
2029-06-09 00:00:00+00:00,0.0,15.392705
2029-06-10 00:00:00+00:00,0.0,11.605054
2029-06-11 00:00:00+00:00,0.0,17.908194
2029-06-12 00:00:00+00:00,0.0,19.1651
2029-06-13 00:00:00+00:00,0.0,19.160864
2029-06-14 00:00:00+00:00,0.0,9.578313
2029-06-15 00:00:00+00:00,0.0,16.38033
2029-06-16 00:00:00+00:00,0.0,18.3923
2029-06-17 00:00:00+00:00,0.0,18.892012
2029-06-18 00:00:00+00:00,0.0,19.139664
2029-06-19 00:00:00+00:00,0.0,16.617598
2029-06-20 00:00:00+00:00,0.0,16.362183
2029-06-21 00:00:00+00:00,0.0,18.875252
2029-06-22 00:00:00+00:00,0.0,19.374285
2029-06-23 00:00:00+00:00,0.0,18.112185
2029-06-24 00:00:00+00:00,8.236651,15.844637
2029-06-25 00:00:00+00:00,0.0,14.835326
2029-06-26 00:00:00+00:00,0.0,18.100094
2029-06-27 00:00:00+00:00,0.0,20.106733
2029-06-28 00:00:00+00:00,0.0,19.348412
2029-06-29 00:00:00+00:00,0.16925552,18.84165
2029-06-30 00:00:00+00:00,8.2039,17.832779
2029-07-01 00:00:00+00:00,2.873902,15.066588
2029-07-02 00:00:00+00:00,0.0,17.82481
2029-07-03 00:00:00+00:00,1.0077889,18.119865
2029-07-04 00:00:00+00:00,1.8314757,16.929987
2029-07-05 00:00:00+00:00,0.0,15.984395
2029-07-06 00:00:00+00:00,0.0,21.655233
2029-07-07 00:00:00+00:00,0.0,20.977839
2029-07-08 00:00:00+00:00,0.0,20.552038
2029-07-09 00:00:00+00:00,0.0,20.122995
2029-07-10 00:00:00+00:00,0.0,15.027079
2029-07-11 00:00:00+00:00,0.0,18.994741
2029-07-12 00:00:00+00:00,0.0,22.474442
2029-07-13 00:00:00+00:00,0.0,22.572763
2029-07-14 00:00:00+00:00,0.15511225,20.03604
2029-07-15 00:00:00+00:00,13.725894,13.505073
2029-07-16 00:00:00+00:00,6.8249464,14.36368
2029-07-17 00:00:00+00:00,3.5086133,12.291134
2029-07-18 00:00:00+00:00,0.0,18.252495
2029-07-19 00:00:00+00:00,0.15099706,22.111792
2029-07-20 00:00:00+00:00,5.108962,19.23458
2029-07-21 00:00:00+00:00,24.00378,7.8932276
2029-07-22 00:00:00+00:00,9.900103,8.750988
2029-07-23 00:00:00+00:00,5.483941,8.243227
2029-07-24 00:00:00+00:00,14.315049,9.663439
2029-07-25 00:00:00+00:00,3.8210177,10.82019
2029-07-26 00:00:00+00:00,0.07318339,13.94011
2029-07-27 00:00:00+00:00,0.7289524,13.168599
2029-07-28 00:00:00+00:00,0.0,18.584507
2029-07-29 00:00:00+00:00,0.0,20.942303
2029-07-30 00:00:00+00:00,19.462648,17.635609
2029-07-31 00:00:00+00:00,7.685788,9.43495
2029-08-01 00:00:00+00:00,0.0,8.046957
2029-08-02 00:00:00+00:00,0.0,14.444857
2029-08-03 00:00:00+00:00,0.0,19.168072
2029-08-04 00:00:00+00:00,0.0,20.730341
2029-08-05 00:00:00+00:00,0.42399904,19.374386
2029-08-06 00:00:00+00:00,0.49317232,15.347804
2029-08-07 00:00:00+00:00,15.805288,12.464488
2029-08-08 00:00:00+00:00,0.0,19.099012
2029-08-09 00:00:00+00:00,0.0,18.605976
2029-08-10 00:00:00+00:00,0.2786241,14.486259
2029-08-11 00:00:00+00:00,12.782414,10.623367
2029-08-12 00:00:00+00:00,3.810842,10.074242
2029-08-13 00:00:00+00:00,3.870217,9.826041
2029-08-14 00:00:00+00:00,8.755179,16.370451
2029-08-15 00:00:00+00:00,6.3956184,17.089533
2029-08-16 00:00:00+00:00,0.06860585,8.752566
2029-08-17 00:00:00+00:00,10.129942,10.063864
2029-08-18 00:00:00+00:00,10.857963,13.606568
2029-08-19 00:00:00+00:00,14.921843,12.417629
2029-08-20 00:00:00+00:00,5.1670127,11.854921
2029-08-21 00:00:00+00:00,3.731265,9.99565
2029-08-22 00:00:00+00:00,4.265016,11.357951
2029-08-23 00:00:00+00:00,2.5672553,13.391494
2029-08-24 00:00:00+00:00,2.4946554,13.479488
2029-08-25 00:00:00+00:00,10.766381,12.245246
2029-08-26 00:00:00+00:00,2.8207,9.995295
2029-08-27 00:00:00+00:00,10.456989,11.0695505
2029-08-28 00:00:00+00:00,1.0705142,9.119164
2029-08-29 00:00:00+00:00,3.1388917,11.223151
2029-08-30 00:00:00+00:00,8.933145,7.8772244
2029-08-31 00:00:00+00:00,3.859787,8.278218
2029-09-01 00:00:00+00:00,0.9300653,11.811937
2029-09-02 00:00:00+00:00,0.0,15.316237
2029-09-03 00:00:00+00:00,3.7160022,17.75686
2029-09-04 00:00:00+00:00,0.0,10.795792
2029-09-05 00:00:00+00:00,0.994498,13.933164
2029-09-06 00:00:00+00:00,3.048421,18.465574
2029-09-07 00:00:00+00:00,6.292737,17.075779
2029-09-08 00:00:00+00:00,12.3808565,10.80547
2029-09-09 00:00:00+00:00,15.154149,8.367412
2029-09-10 00:00:00+00:00,14.683504,10.810346
2029-09-11 00:00:00+00:00,3.17316,6.627195
2029-09-12 00:00:00+00:00,1.8500174,6.9775763
2029-09-13 00:00:00+00:00,2.2452078,8.723952
2029-09-14 00:00:00+00:00,1.1219636,10.4711275
2029-09-15 00:00:00+00:00,1.1213032,8.378814
2029-09-16 00:00:00+00:00,0.0,11.174307
2029-09-17 00:00:00+00:00,0.0,11.1768675
2029-09-18 00:00:00+00:00,0.0,12.926223
2029-09-19 00:00:00+00:00,0.0,12.230323
2029-09-20 00:00:00+00:00,0.65744764,12.932181
2029-09-21 00:00:00+00:00,0.5912769,13.284772
2029-09-22 00:00:00+00:00,0.13129683,13.287851
2029-09-23 00:00:00+00:00,0.52478117,7.6947527
2029-09-24 00:00:00+00:00,1.7697145,8.746072
2029-09-25 00:00:00+00:00,1.1788265,8.048264
2029-09-26 00:00:00+00:00,0.26173458,13.300239
2029-09-27 00:00:00+00:00,0.0,10.852737
2029-09-28 00:00:00+00:00,1.3715827,9.804776
2029-09-29 00:00:00+00:00,1.5007437,7.3553114
2029-09-30 00:00:00+00:00,4.236917,10.510067
2029-10-01 00:00:00+00:00,0.32557082,11.213387
2029-10-02 00:00:00+00:00,0.39025196,10.16454
2029-10-03 00:00:00+00:00,0.38979983,13.6728
2029-10-04 00:00:00+00:00,0.32443944,11.572044
2029-10-05 00:00:00+00:00,11.146545,11.925556
2029-10-06 00:00:00+00:00,0.0,6.6658735
2029-10-07 00:00:00+00:00,1.0340605,5.965632
2029-10-08 00:00:00+00:00,0.0,10.530113
2029-10-09 00:00:00+00:00,0.0,9.83047
2029-10-10 00:00:00+00:00,0.2573165,14.3980875
2029-10-11 00:00:00+00:00,0.0,8.781443
2029-10-12 00:00:00+00:00,2.5640755,9.4862585
2029-10-13 00:00:00+00:00,0.44785038,10.894272
2029-10-14 00:00:00+00:00,0.0,13.357519
2029-10-15 00:00:00+00:00,0.06370992,12.6575775
2029-10-16 00:00:00+00:00,0.0,11.253932
2029-10-17 00:00:00+00:00,1.4583594,8.442515
2029-10-18 00:00:00+00:00,0.0,11.259451
2029-10-19 00:00:00+00:00,0.18918794,13.373888
2029-10-20 00:00:00+00:00,0.0,13.377186
2029-10-21 00:00:00+00:00,0.37600812,9.859311
2029-10-22 00:00:00+00:00,0.0,8.100726
2029-10-23 00:00:00+00:00,0.0,12.330254
2029-10-24 00:00:00+00:00,0.0,11.276179
2029-10-25 00:00:00+00:00,0.0,7.0493703
2029-10-26 00:00:00+00:00,0.0,5.993463
2029-10-27 00:00:00+00:00,0.0,8.46348
2029-10-28 00:00:00+00:00,0.0,12.698406
2029-10-29 00:00:00+00:00,0.0,10.231848
2029-10-30 00:00:00+00:00,0.0,11.998986
2029-10-31 00:00:00+00:00,0.0,10.590016
2029-11-01 00:00:00+00:00,0.0,16.24214
2029-11-02 00:00:00+00:00,0.0,12.641385
2029-11-03 00:00:00+00:00,0.0,6.9790936
2029-11-04 00:00:00+00:00,0.0,9.710307
2029-11-05 00:00:00+00:00,0.0,16.544394
2029-11-06 00:00:00+00:00,0.0,18.15717
2029-11-07 00:00:00+00:00,0.0,14.302496
2029-11-08 00:00:00+00:00,0.0,10.1554985
2029-11-09 00:00:00+00:00,0.0,10.76897
2029-11-10 00:00:00+00:00,0.0,15.055909
2029-11-11 00:00:00+00:00,0.0,17.630573
2029-11-12 00:00:00+00:00,0.0,17.530243
2029-11-13 00:00:00+00:00,0.0,17.102587
2029-11-14 00:00:00+00:00,0.0,11.44715
2029-11-15 00:00:00+00:00,0.0,17.23853
2029-11-16 00:00:00+00:00,0.0,16.497314
2029-11-17 00:00:00+00:00,0.0,18.981787
2029-11-18 00:00:00+00:00,0.0,17.920004
2029-11-19 00:00:00+00:00,0.0,15.596737
2029-11-20 00:00:00+00:00,0.0,11.081934
2029-11-21 00:00:00+00:00,0.0,11.024203
2029-11-22 00:00:00+00:00,0.0,14.72754
2029-11-23 00:00:00+00:00,0.0,15.899262
2029-11-24 00:00:00+00:00,0.0,18.300127
2029-11-25 00:00:00+00:00,0.0,17.591091
2029-11-26 00:00:00+00:00,0.0,18.731987
2029-11-27 00:00:00+00:00,0.0,16.806322
2029-11-28 00:00:00+00:00,0.0,15.508001
2029-11-29 00:00:00+00:00,0.0,15.130408
2029-11-30 00:00:00+00:00,0.0,11.444013
2029-12-01 00:00:00+00:00,0.0,11.389669
2029-12-02 00:00:00+00:00,0.0,11.336068
2029-12-03 00:00:00+00:00,0.0,10.986265
2029-12-04 00:00:00+00:00,0.0,12.708793
2029-12-05 00:00:00+00:00,0.0,15.298343
2029-12-06 00:00:00+00:00,0.0,14.0574
2029-12-07 00:00:00+00:00,0.0,14.577182
2029-12-08 00:00:00+00:00,0.0,13.931621
2029-12-09 00:00:00+00:00,0.0,10.11351
2029-12-10 00:00:00+00:00,0.0,11.219888
2029-12-11 00:00:00+00:00,0.0,10.598195
2029-12-12 00:00:00+00:00,0.0,7.1300488
2029-12-13 00:00:00+00:00,0.0,11.075293
2029-12-14 00:00:00+00:00,0.0,13.85608
2029-12-15 00:00:00+00:00,0.0,14.64255
2029-12-16 00:00:00+00:00,0.0,14.301047
2029-12-17 00:00:00+00:00,0.0,15.358881
2029-12-18 00:00:00+00:00,0.0,14.461532
2029-12-19 00:00:00+00:00,0.0,10.802
2029-12-20 00:00:00+00:00,0.0,11.585954
2029-12-21 00:00:00+00:00,0.0,16.210325
2029-12-22 00:00:00+00:00,0.0,16.145924
2029-12-23 00:00:00+00:00,0.0,19.353266
2029-12-24 00:00:00+00:00,0.0,21.721241
2029-12-25 00:00:00+00:00,0.0,21.90745
2029-12-26 00:00:00+00:00,0.0,19.937193
2029-12-27 00:00:00+00:00,0.0,18.519104
2029-12-28 00:00:00+00:00,0.0,17.112062
2029-12-29 00:00:00+00:00,0.0,16.514996
2029-12-30 00:00:00+00:00,0.0,16.188015
2029-12-31 00:00:00+00:00,0.0,16.392492
2030-01-01 00:00:00+00:00,0.0,15.542009
2030-01-02 00:00:00+00:00,0.0,14.212876
2030-01-03 00:00:00+00:00,0.0,12.62303
2030-01-04 00:00:00+00:00,0.0,14.7144985
2030-01-05 00:00:00+00:00,0.0,16.014866
2030-01-06 00:00:00+00:00,0.0,15.476852
2030-01-07 00:00:00+00:00,0.0,17.822868
2030-01-08 00:00:00+00:00,0.0,19.903128
2030-01-09 00:00:00+00:00,0.0,20.671637
2030-01-10 00:00:00+00:00,0.0,16.471354
2030-01-11 00:00:00+00:00,0.0,20.898767
2030-01-12 00:00:00+00:00,0.0,21.664654
2030-01-13 00:00:00+00:00,0.0,20.342867
2030-01-14 00:00:00+00:00,0.0,15.896161
2030-01-15 00:00:00+00:00,0.0,15.362441
2030-01-16 00:00:00+00:00,0.0,15.61012
2030-01-17 00:00:00+00:00,0.0,13.257843
2030-01-18 00:00:00+00:00,0.0,11.688637
2030-01-19 00:00:00+00:00,0.0,12.7173605
2030-01-20 00:00:00+00:00,0.0,10.891827
2030-01-21 00:00:00+00:00,0.0,16.583755
2030-01-22 00:00:00+00:00,0.0,21.74876
2030-01-23 00:00:00+00:00,0.0,17.333384
2030-01-24 00:00:00+00:00,0.0,14.993077
2030-01-25 00:00:00+00:00,0.0,17.822435
2030-01-26 00:00:00+00:00,0.0,21.937788
2030-01-27 00:00:00+00:00,0.0,21.66258
2030-01-28 00:00:00+00:00,0.0,17.264881
2030-01-29 00:00:00+00:00,0.0,15.448941
2030-01-30 00:00:00+00:00,0.0,10.805787
2030-01-31 00:00:00+00:00,0.0,14.396461
2030-02-01 00:00:00+00:00,0.0,14.899
2030-02-02 00:00:00+00:00,0.0,16.170818
2030-02-03 00:00:00+00:00,0.0,15.645322
2030-02-04 00:00:00+00:00,0.0,18.196047
2030-02-05 00:00:00+00:00,0.0,15.621169
2030-02-06 00:00:00+00:00,0.0,17.144478
2030-02-07 00:00:00+00:00,0.0,15.852869
2030-02-08 00:00:00+00:00,0.0,15.840738
2030-02-09 00:00:00+00:00,0.0,16.594553
2030-02-10 00:00:00+00:00,0.0,17.857452
2030-02-11 00:00:00+00:00,0.0,19.883198
2030-02-12 00:00:00+00:00,0.0,17.830381
2030-02-13 00:00:00+00:00,0.0,15.27164
2030-02-14 00:00:00+00:00,0.0,7.884402
2030-02-15 00:00:00+00:00,0.0,8.895055
2030-02-16 00:00:00+00:00,0.0,9.650249
2030-02-17 00:00:00+00:00,0.0,20.808653
2030-02-18 00:00:00+00:00,0.0,18.76454
2030-02-19 00:00:00+00:00,0.0,21.537832
2030-02-20 00:00:00+00:00,0.0,10.381128
2030-02-21 00:00:00+00:00,0.0,12.144522
2030-02-22 00:00:00+00:00,0.0,12.388381
2030-02-23 00:00:00+00:00,0.0,11.11607
2030-02-24 00:00:00+00:00,0.0,9.34074
2030-02-25 00:00:00+00:00,0.0,9.838432
2030-02-26 00:00:00+00:00,0.0,10.335409
2030-02-27 00:00:00+00:00,0.0,10.075976
2030-02-28 00:00:00+00:00,0.0,11.075518
2030-03-01 00:00:00+00:00,0.0,14.588958
2030-03-02 00:00:00+00:00,0.0,11.813535
2030-03-03 00:00:00+00:00,0.0,16.076788
2030-03-04 00:00:00+00:00,0.0,10.050147
2030-03-05 00:00:00+00:00,0.0,11.811452
2030-03-06 00:00:00+00:00,0.0,8.546283
2030-03-07 00:00:00+00:00,0.0,13.827823
2030-03-08 00:00:00+00:00,0.0,18.60868
2030-03-09 00:00:00+00:00,0.0,13.58221
2030-03-10 00:00:00+00:00,0.0,13.333528
2030-03-11 00:00:00+00:00,0.0,13.3363695
2030-03-12 00:00:00+00:00,0.0,13.842576
2030-03-13 00:00:00+00:00,0.0,12.335099
2030-03-14 00:00:00+00:00,0.0,13.596673
2030-03-15 00:00:00+00:00,0.0,13.851405
2030-03-16 00:00:00+00:00,0.0,16.373316
2030-03-17 00:00:00+00:00,0.0,16.628738
2030-03-18 00:00:00+00:00,0.29705977,16.128252
2030-03-19 00:00:00+00:00,0.0,16.635784
2030-03-20 00:00:00+00:00,0.0,13.866083
2030-03-21 00:00:00+00:00,0.0,16.642818
2030-03-22 00:00:00+00:00,0.0,15.889684
2030-03-23 00:00:00+00:00,0.0,16.397573
2030-03-24 00:00:00+00:00,0.0,23.466093
2030-03-25 00:00:00+00:00,0.0,18.171124
2030-03-26 00:00:00+00:00,0.0,14.136071
2030-03-27 00:00:00+00:00,0.0,12.119183
2030-03-28 00:00:00+00:00,0.0,15.65723
2030-03-29 00:00:00+00:00,0.0,11.366506
2030-03-30 00:00:00+00:00,0.0,13.895311
2030-03-31 00:00:00+00:00,0.0,15.414393
2030-04-01 00:00:00+00:00,0.0,19.967085
2030-04-02 00:00:00+00:00,0.0,24.268877
2030-04-03 00:00:00+00:00,0.0,19.722588
2030-04-04 00:00:00+00:00,0.0,15.680203
2030-04-05 00:00:00+00:00,0.0,9.359495
2030-04-06 00:00:00+00:00,0.0,9.361447
2030-04-07 00:00:00+00:00,0.0,16.449215
2030-04-08 00:00:00+00:00,0.0,18.730696
2030-04-09 00:00:00+00:00,0.0,18.734594
2030-04-10 00:00:00+00:00,0.0,16.965929
2030-04-11 00:00:00+00:00,0.0,12.9170475
2030-04-12 00:00:00+00:00,0.0,17.226307
2030-04-13 00:00:00+00:00,0.0,19.256924
2030-04-14 00:00:00+00:00,0.0,14.445687
2030-04-15 00:00:00+00:00,0.0,16.730045
2030-04-16 00:00:00+00:00,0.0,16.987047
2030-04-17 00:00:00+00:00,0.0,17.751331
2030-04-18 00:00:00+00:00,0.0,17.247711
2030-04-19 00:00:00+00:00,0.0,18.01236
2030-04-20 00:00:00+00:00,0.0,19.28481
2030-04-21 00:00:00+00:00,0.0,17.258389
2030-04-22 00:00:00+00:00,0.0,18.023499
2030-04-23 00:00:00+00:00,0.0,19.042824
2030-04-24 00:00:00+00:00,0.0,12.697826
2030-04-25 00:00:00+00:00,0.0,12.192416
2030-04-26 00:00:00+00:00,0.0,10.162432
2030-04-27 00:00:00+00:00,0.0,15.246775
2030-04-28 00:00:00+00:00,0.0,24.654001
2030-04-29 00:00:00+00:00,0.0,19.320494
2030-04-30 00:00:00+00:00,0.0,15.51041
2030-05-01 00:00:00+00:00,0.0,11.1901245
2030-05-02 00:00:00+00:00,0.0,12.97302
2030-05-03 00:00:00+00:00,0.0,14.755096
2030-05-04 00:00:00+00:00,0.0,21.364836
2030-05-05 00:00:00+00:00,0.0,21.360224
2030-05-06 00:00:00+00:00,0.0,12.965904
2030-05-07 00:00:00+00:00,0.0,17.029959
2030-05-08 00:00:00+00:00,0.0,17.2804
2030-05-09 00:00:00+00:00,0.0,13.719701
2030-05-10 00:00:00+00:00,0.0,17.780945
2030-05-11 00:00:00+00:00,0.0,20.570639
2030-05-12 00:00:00+00:00,0.0,19.804468
2030-05-13 00:00:00+00:00,0.0,16.246294
2030-05-14 00:00:00+00:00,0.0,17.004147
2030-05-15 00:00:00+00:00,0.0,17.254192
2030-05-16 00:00:00+00:00,0.0,16.489395
2030-05-17 00:00:00+00:00,0.0,13.188648
2030-05-18 00:00:00+00:00,0.0,14.453642
2030-05-19 00:00:00+00:00,0.0,14.704014
2030-05-20 00:00:00+00:00,0.0,17.488892
2030-05-21 00:00:00+00:00,0.0,20.779373
2030-05-22 00:00:00+00:00,0.0,21.788248
2030-05-23 00:00:00+00:00,0.0,19.503826
2030-05-24 00:00:00+00:00,0.0,22.7917
2030-05-25 00:00:00+00:00,0.0,20.001678
2030-05-26 00:00:00+00:00,0.0,16.706608
2030-05-27 00:00:00+00:00,0.0,10.882229
2030-05-28 00:00:00+00:00,0.0,12.397965
2030-05-29 00:00:00+00:00,0.0,10.877463
2030-05-30 00:00:00+00:00,0.0,10.116354
2030-05-31 00:00:00+00:00,0.0,24.273926
2030-06-01 00:00:00+00:00,0.0,25.02699
2030-06-02 00:00:00+00:00,0.0,20.219393
2030-06-03 00:00:00+00:00,0.0,19.204205
2030-06-04 00:00:00+00:00,0.0,18.69472
2030-06-05 00:00:00+00:00,0.0,21.46894
2030-06-06 00:00:00+00:00,0.0,21.211697
2030-06-07 00:00:00+00:00,0.0,19.187313
2030-06-08 00:00:00+00:00,0.0,15.14454
2030-06-09 00:00:00+00:00,0.0,19.68356
2030-06-10 00:00:00+00:00,0.0,20.436115
2030-06-11 00:00:00+00:00,0.0,20.431602
2030-06-12 00:00:00+00:00,0.0,20.931463
2030-06-13 00:00:00+00:00,0.0,21.683233
2030-06-14 00:00:00+00:00,1.1141937,21.678434
2030-06-15 00:00:00+00:00,0.08561367,14.113066
2030-06-16 00:00:00+00:00,0.0,12.094238
2030-06-17 00:00:00+00:00,0.0,16.625889
2030-06-18 00:00:00+00:00,0.0,17.37776
2030-06-19 00:00:00+00:00,0.0,18.129293
2030-06-20 00:00:00+00:00,0.0,12.838734
2030-06-21 00:00:00+00:00,0.0,17.114511
2030-06-22 00:00:00+00:00,0.0,17.865593
2030-06-23 00:00:00+00:00,0.0,19.11948
2030-06-24 00:00:00+00:00,0.0,18.86371
2030-06-25 00:00:00+00:00,0.5092059,19.110975
2030-06-26 00:00:00+00:00,0.0,18.352505
2030-06-27 00:00:00+00:00,0.0,19.102459
2030-06-28 00:00:00+00:00,0.5928624,19.0982
2030-06-29 00:00:00+00:00,2.0313818,18.088995
2030-06-30 00:00:00+00:00,0.676712,12.056638
2030-07-01 00:00:00+00:00,0.0,18.080914
2030-07-02 00:00:00+00:00,0.0,18.830076
2030-07-03 00:00:00+00:00,4.7977943,18.353027
2030-07-04 00:00:00+00:00,12.597738,11.611772
2030-07-05 00:00:00+00:00,0.0,14.193805
2030-07-06 00:00:00+00:00,0.0,18.578829
2030-07-07 00:00:00+00:00,0.0,19.167082
2030-07-08 00:00:00+00:00,0.8080294,16.681011
2030-07-09 00:00:00+00:00,0.0,16.49371
2030-07-10 00:00:00+00:00,1.0356525,15.011047
2030-07-11 00:00:00+00:00,0.0,17.934618
2030-07-12 00:00:00+00:00,1.3366292,19.317488
2030-07-13 00:00:00+00:00,2.187855,18.877447
2030-07-14 00:00:00+00:00,0.23301019,20.803951
2030-07-15 00:00:00+00:00,0.0772212,16.66417
2030-07-16 00:00:00+00:00,0.6143198,13.816162
2030-07-17 00:00:00+00:00,0.0,18.682716
2030-07-18 00:00:00+00:00,0.0,24.66634
2030-07-19 00:00:00+00:00,5.291464,20.470232
2030-07-20 00:00:00+00:00,0.0,10.282596
2030-07-21 00:00:00+00:00,1.0481151,17.670963
2030-07-22 00:00:00+00:00,0.0,19.666416
2030-07-23 00:00:00+00:00,0.14837728,21.681242
2030-07-24 00:00:00+00:00,14.699633,14.615574
2030-07-25 00:00:00+00:00,0.36778554,12.746756
2030-07-26 00:00:00+00:00,0.0,15.593763
2030-07-27 00:00:00+00:00,0.0,17.069992
2030-07-28 00:00:00+00:00,0.0,16.311424
2030-07-29 00:00:00+00:00,0.6517142,17.524113
2030-07-30 00:00:00+00:00,0.2885945,15.624568
2030-07-31 00:00:00+00:00,1.2221742,15.419162
2030-08-01 00:00:00+00:00,0.0,14.0639
2030-08-02 00:00:00+00:00,0.0,18.753712
2030-08-03 00:00:00+00:00,0.49818355,17.692509
2030-08-04 00:00:00+00:00,6.100988,16.037262
2030-08-05 00:00:00+00:00,0.07072078,12.312527
2030-08-06 00:00:00+00:00,0.0,20.042873
2030-08-07 00:00:00+00:00,0.0,18.967382
2030-08-08 00:00:00+00:00,0.07009381,17.582443
2030-08-09 00:00:00+00:00,0.0,20.977274
2030-08-10 00:00:00+00:00,0.0,19.890377
2030-08-11 00:00:00+00:00,0.27806312,17.579237
2030-08-12 00:00:00+00:00,11.301279,12.803222
2030-08-13 00:00:00+00:00,0.13830972,18.39691
2030-08-14 00:00:00+00:00,0.0,24.36522
2030-08-15 00:00:00+00:00,0.0,27.612728
2030-08-16 00:00:00+00:00,0.0,23.72116
2030-08-17 00:00:00+00:00,0.0,13.502721
2030-08-18 00:00:00+00:00,0.0,21.80019
2030-08-19 00:00:00+00:00,0.0,24.160809
2030-08-20 00:00:00+00:00,0.136048,22.39296
2030-08-21 00:00:00+00:00,0.40726402,18.671814
2030-08-22 00:00:00+00:00,10.972908,19.763474
2030-08-23 00:00:00+00:00,23.387484,9.13055
2030-08-24 00:00:00+00:00,0.26982757,17.06785
2030-08-25 00:00:00+00:00,10.704344,15.198529
2030-08-26 00:00:00+00:00,12.228918,10.643738
2030-08-27 00:00:00+00:00,4.1579437,9.041517
2030-08-28 00:00:00+00:00,6.426059,10.452158
2030-08-29 00:00:00+00:00,3.4743924,12.222154
2030-08-30 00:00:00+00:00,0.0,12.307886
2030-08-31 00:00:00+00:00,13.7814665,14.461106
2030-09-01 00:00:00+00:00,12.228957,7.9760423
2030-09-02 00:00:00+00:00,14.340563,9.050001
2030-09-03 00:00:00+00:00,4.7782173,8.355705
2030-09-04 00:00:00+00:00,3.714819,8.705798
2030-09-05 00:00:00+00:00,3.9784322,12.887457
2030-09-06 00:00:00+00:00,15.641506,10.451627
2030-09-07 00:00:00+00:00,6.2272267,10.802436
2030-09-08 00:00:00+00:00,4.8999662,7.667968
2030-09-09 00:00:00+00:00,1.1913034,7.6696944
2030-09-10 00:00:00+00:00,1.2568567,12.20454
2030-09-11 00:00:00+00:00,2.1157184,10.114619
2030-09-12 00:00:00+00:00,5.7490478,12.9077835
2030-09-13 00:00:00+00:00,16.114922,17.097975
2030-09-14 00:00:00+00:00,0.19802216,13.960707
2030-09-15 00:00:00+00:00,0.0,9.774725
2030-09-16 00:00:00+00:00,0.0,13.26873
2030-09-17 00:00:00+00:00,1.4495355,13.970284
2030-09-18 00:00:00+00:00,0.0,14.322828
2030-09-19 00:00:00+00:00,13.949959,12.579036
2030-09-20 00:00:00+00:00,14.992448,12.931436
2030-09-21 00:00:00+00:00,0.0,7.3411593
2030-09-22 00:00:00+00:00,0.0,13.287081
2030-09-23 00:00:00+00:00,2.8212516,13.290164
2030-09-24 00:00:00+00:00,2.75345,9.095386
2030-09-25 00:00:00+00:00,6.0918913,8.397697
2030-09-26 00:00:00+00:00,0.9817205,7.3497014
2030-09-27 00:00:00+00:00,2.8771455,7.001356
2030-09-28 00:00:00+00:00,0.0,9.103898
2030-09-29 00:00:00+00:00,2.2190406,11.907898
2030-09-30 00:00:00+00:00,2.8688085,8.4075575
2030-10-01 00:00:00+00:00,4.038167,11.212725
2030-10-02 00:00:00+00:00,3.2530162,9.462976
2030-10-03 00:00:00+00:00,5.39382,11.568603
2030-10-04 00:00:00+00:00,0.3245395,12.973945
2030-10-05 00:00:00+00:00,2.5282316,9.820459
2030-10-06 00:00:00+00:00,4.726106,9.121177
2030-10-07 00:00:00+00:00,5.4307504,11.930551
2030-10-08 00:00:00+00:00,9.619144,8.423585
2030-10-09 00:00:00+00:00,4.770003,11.585215
2030-10-10 00:00:00+00:00,0.9009824,7.0230346
2030-10-11 00:00:00+00:00,1.1564413,11.23957
2030-10-12 00:00:00+00:00,1.0261065,10.188326
2030-10-13 00:00:00+00:00,1.8562926,9.136577
2030-10-14 00:00:00+00:00,2.7469046,10.544767
2030-10-15 00:00:00+00:00,1.5936315,10.898916
2030-10-16 00:00:00+00:00,0.0,9.143259
2030-10-17 00:00:00+00:00,0.0,8.4419985
2030-10-18 00:00:00+00:00,0.0,8.795905
2030-10-19 00:00:00+00:00,1.3252729,11.613451
2030-10-20 00:00:00+00:00,0.0,9.504256
2030-10-21 00:00:00+00:00,0.06272047,15.492243
2030-10-22 00:00:00+00:00,0.0,12.326428
2030-10-23 00:00:00+00:00,0.0,11.272675
2030-10-24 00:00:00+00:00,0.0,10.923118
2030-10-25 00:00:00+00:00,0.0,9.868503
2030-10-26 00:00:00+00:00,0.0,9.870968
2030-10-27 00:00:00+00:00,1.5892853,8.815572
2030-10-28 00:00:00+00:00,0.0,14.108455
2030-10-29 00:00:00+00:00,0.0,13.053603
2030-10-30 00:00:00+00:00,0.0,11.29245
2030-10-31 00:00:00+00:00,0.0,12.00126
2030-11-01 00:00:00+00:00,0.0,11.651233
2030-11-02 00:00:00+00:00,0.0,11.254536
2030-11-03 00:00:00+00:00,0.17623441,13.280995
2030-11-04 00:00:00+00:00,0.0,12.50398
2030-11-05 00:00:00+00:00,0.0,12.427272
2030-11-06 00:00:00+00:00,0.0,12.351834
2030-11-07 00:00:00+00:00,0.0,9.20823
2030-11-08 00:00:00+00:00,0.0,18.646004
2030-11-09 00:00:00+00:00,0.0,16.514168
2030-11-10 00:00:00+00:00,0.0,8.376536
2030-11-11 00:00:00+00:00,0.0,8.661388
2030-11-12 00:00:00+00:00,0.0,7.2870545
2030-11-13 00:00:00+00:00,0.0,13.503718
2030-11-14 00:00:00+00:00,0.0,10.808074
2030-11-15 00:00:00+00:00,0.0,11.399647
2030-11-16 00:00:00+00:00,0.0,12.632835
2030-11-17 00:00:00+00:00,0.0,13.208584
2030-11-18 00:00:00+00:00,0.0,13.458014
2030-11-19 00:00:00+00:00,0.0,13.705097
2030-11-20 00:00:00+00:00,0.0,11.413542
2030-11-21 00:00:00+00:00,0.0,13.246265
2030-11-22 00:00:00+00:00,0.0,10.667705
2030-11-23 00:00:00+00:00,0.0,6.8672667
2030-11-24 00:00:00+00:00,0.0,18.012722
2030-11-25 00:00:00+00:00,0.0,15.141127
2030-11-26 00:00:00+00:00,0.0,17.525402
2030-11-27 00:00:00+00:00,0.0,21.110249
2030-11-28 00:00:00+00:00,0.0,25.878191
2030-11-29 00:00:00+00:00,0.0,24.237907
2030-11-30 00:00:00+00:00,0.0,22.312393
2030-12-01 00:00:00+00:00,0.0,14.404023
2030-12-02 00:00:00+00:00,0.0,13.738747
2030-12-03 00:00:00+00:00,0.0,12.188159
2030-12-04 00:00:00+00:00,0.0,10.652212
2030-12-05 00:00:00+00:00,0.0,10.308753
2030-12-06 00:00:00+00:00,0.0,12.314185
2030-12-07 00:00:00+00:00,0.0,16.636686
2030-12-08 00:00:00+00:00,0.0,17.724518
2030-12-09 00:00:00+00:00,0.0,17.356623
2030-12-10 00:00:00+00:00,0.0,13.824236
2030-12-11 00:00:00+00:00,0.0,11.756714
2030-12-12 00:00:00+00:00,0.0,13.418941
2030-12-13 00:00:00+00:00,0.0,14.498555
2030-12-14 00:00:00+00:00,0.0,12.455383
2030-12-15 00:00:00+00:00,0.0,9.020272
2030-12-16 00:00:00+00:00,0.0,9.543971
2030-12-17 00:00:00+00:00,0.0,11.181645
2030-12-18 00:00:00+00:00,0.0,10.022096
2030-12-19 00:00:00+00:00,0.0,14.4173155
2030-12-20 00:00:00+00:00,0.0,13.530584
2030-12-21 00:00:00+00:00,0.0,14.026338
2030-12-22 00:00:00+00:00,0.0,15.888022
2030-12-23 00:00:00+00:00,0.0,16.37098
2030-12-24 00:00:00+00:00,0.0,16.306845
2030-12-25 00:00:00+00:00,0.0,14.619121
2030-12-26 00:00:00+00:00,0.0,13.48403
2030-12-27 00:00:00+00:00,0.0,17.193525
2030-12-28 00:00:00+00:00,0.0,19.804554
2030-12-29 00:00:00+00:00,0.0,16.530508
2030-12-30 00:00:00+00:00,0.0,14.874978
2030-12-31 00:00:00+00:00,0.0,16.672293
2031-01-01 00:00:00+00:00,0.0,15.819938
2031-01-02 00:00:00+00:00,0.0,14.742391
2031-01-03 00:00:00+00:00,0.0,14.203896
2031-01-04 00:00:00+00:00,0.0,13.66633
2031-01-05 00:00:00+00:00,0.0,14.180065
2031-01-06 00:00:00+00:00,0.0,15.480081
2031-01-07 00:00:00+00:00,0.0,15.467179
2031-01-08 00:00:00+00:00,0.0,15.716256
2031-01-09 00:00:00+00:00,0.0,14.656345
2031-01-10 00:00:00+00:00,0.0,12.552194
2031-01-11 00:00:00+00:00,0.0,12.541844
2031-01-12 00:00:00+00:00,0.0,13.575823
2031-01-13 00:00:00+00:00,0.0,14.608127
2031-01-14 00:00:00+00:00,0.0,17.984577
2031-01-15 00:00:00+00:00,0.0,15.365571
2031-01-16 00:00:00+00:00,0.0,13.011075
2031-01-17 00:00:00+00:00,0.0,10.140405
2031-01-18 00:00:00+00:00,0.0,14.029198
2031-01-19 00:00:00+00:00,0.0,15.056237
2031-01-20 00:00:00+00:00,0.0,14.265974
2031-01-21 00:00:00+00:00,0.0,10.885271
2031-01-22 00:00:00+00:00,0.0,10.8765545
2031-01-23 00:00:00+00:00,0.0,14.749251
2031-01-24 00:00:00+00:00,0.0,14.9960575
2031-01-25 00:00:00+00:00,0.0,14.7258
2031-01-26 00:00:00+00:00,0.0,14.714131
2031-01-27 00:00:00+00:00,0.0,14.18663
2031-01-28 00:00:00+00:00,0.0,17.783745
2031-01-29 00:00:00+00:00,0.0,20.602634
2031-01-30 00:00:00+00:00,0.0,17.498512
2031-01-31 00:00:00+00:00,0.0,15.17066
2031-02-01 00:00:00+00:00,0.0,13.360325
2031-02-02 00:00:00+00:00,0.0,12.836473
2031-02-03 00:00:00+00:00,0.0,12.826516
2031-02-04 00:00:00+00:00,0.0,14.098252
2031-02-05 00:00:00+00:00,0.0,12.0383
2031-02-06 00:00:00+00:00,0.0,15.100279
2031-02-07 00:00:00+00:00,0.0,15.344429
2031-02-08 00:00:00+00:00,0.0,11.755054
2031-02-09 00:00:00+00:00,0.0,8.937232
2031-02-10 00:00:00+00:00,0.0,11.737128
2031-02-11 00:00:00+00:00,0.0,13.0030155
2031-02-12 00:00:00+00:00,0.0,12.993163
2031-02-13 00:00:00+00:00,0.0,13.747069
2031-02-14 00:00:00+00:00,0.0,18.061222
2031-02-15 00:00:00+00:00,0.0,13.217991
2031-02-16 00:00:00+00:00,0.0,13.970082
2031-02-17 00:00:00+00:00,0.0,12.944385
2031-02-18 00:00:00+00:00,0.0,15.470947
2031-02-19 00:00:00+00:00,0.0,19.514366
2031-02-20 00:00:00+00:00,0.0,20.512861
2031-02-21 00:00:00+00:00,0.0,19.991552
2031-02-22 00:00:00+00:00,0.0,20.735397
2031-02-23 00:00:00+00:00,0.0,17.687908
2031-02-24 00:00:00+00:00,0.0,17.674911
2031-02-25 00:00:00+00:00,0.0,14.886507
2031-02-26 00:00:00+00:00,0.0,12.1022005
2031-02-27 00:00:00+00:00,0.0,10.329757
2031-02-28 00:00:00+00:00,0.0,13.343387
2031-03-01 00:00:00+00:00,0.0,18.113712
2031-03-02 00:00:00+00:00,0.0,12.569862
2031-03-03 00:00:00+00:00,0.0,12.812002
2031-03-04 00:00:00+00:00,0.0,20.099216
2031-03-05 00:00:00+00:00,0.0,20.60611
2031-03-06 00:00:00+00:00,0.0,20.107826
2031-03-07 00:00:00+00:00,0.0,18.100908
2031-03-08 00:00:00+00:00,0.0,19.362055
2031-03-09 00:00:00+00:00,0.0,20.120716
2031-03-10 00:00:00+00:00,0.0,17.357819
2031-03-11 00:00:00+00:00,0.0,17.361519
2031-03-12 00:00:00+00:00,0.0,15.603528
2031-03-13 00:00:00+00:00,0.0,11.830997
2031-03-14 00:00:00+00:00,0.0,14.60306
2031-03-15 00:00:00+00:00,0.0,15.865312
2031-03-16 00:00:00+00:00,0.0,16.62433
2031-03-17 00:00:00+00:00,0.0,17.635605
2031-03-18 00:00:00+00:00,0.0,16.88337
2031-03-19 00:00:00+00:00,0.0,14.870596
2031-03-20 00:00:00+00:00,0.0,13.361157
2031-03-21 00:00:00+00:00,0.0,10.590324
2031-03-22 00:00:00+00:00,0.0,10.340357
2031-03-23 00:00:00+00:00,0.0,15.387681
2031-03-24 00:00:00+00:00,0.0,11.858583
2031-03-25 00:00:00+00:00,0.0,14.132351
2031-03-26 00:00:00+00:00,0.0,20.193327
2031-03-27 00:00:00+00:00,0.0,19.692636
2031-03-28 00:00:00+00:00,0.0,14.64632
2031-03-29 00:00:00+00:00,0.0,16.164848
2031-03-30 00:00:00+00:00,0.0,13.389325
2031-03-31 00:00:00+00:00,0.0,21.225266
2031-04-01 00:00:00+00:00,0.0,20.218773
2031-04-02 00:00:00+00:00,0.0,14.914467
2031-04-03 00:00:00+00:00,0.0,9.102257
2031-04-04 00:00:00+00:00,0.0,8.598373
2031-04-05 00:00:00+00:00,0.0,11.382575
2031-04-06 00:00:00+00:00,0.0,20.23991
2031-04-07 00:00:00+00:00,0.0,21.003286
2031-04-08 00:00:00+00:00,0.0,13.667636
2031-04-09 00:00:00+00:00,0.0,9.873124
2031-04-10 00:00:00+00:00,0.0,16.20542
2031-04-11 00:00:00+00:00,0.0,19.247932
2031-04-12 00:00:00+00:00,0.0,17.73204
2031-04-13 00:00:00+00:00,0.0,14.441943
2031-04-14 00:00:00+00:00,0.0,13.431258
2031-04-15 00:00:00+00:00,0.0,13.687511
2031-04-16 00:00:00+00:00,0.0,11.408621
2031-04-17 00:00:00+00:00,0.0,10.39667
2031-04-18 00:00:00+00:00,0.0,16.232304
2031-04-19 00:00:00+00:00,0.0,17.250383
2031-04-20 00:00:00+00:00,0.0,14.7165985
2031-04-21 00:00:00+00:00,0.0,8.628749
2031-04-22 00:00:00+00:00,0.0,8.376687
2031-04-23 00:00:00+00:00,0.0,11.171216
2031-04-24 00:00:00+00:00,0.0,21.839138
2031-04-25 00:00:00+00:00,0.0,23.113602
2031-04-26 00:00:00+00:00,0.0,20.57787
2031-04-27 00:00:00+00:00,0.0,12.959094
2031-04-28 00:00:00+00:00,0.0,13.215901
2031-04-29 00:00:00+00:00,0.0,15.25224
2031-04-30 00:00:00+00:00,0.0,14.238338
2031-05-01 00:00:00+00:00,0.0,12.461093
2031-05-02 00:00:00+00:00,0.0,11.446198
2031-05-03 00:00:00+00:00,0.0,13.738242
2031-05-04 00:00:00+00:00,0.0,17.550634
2031-05-05 00:00:00+00:00,0.0,17.292543
2031-05-06 00:00:00+00:00,0.0,9.661393
2031-05-07 00:00:00+00:00,0.0,13.472189
2031-05-08 00:00:00+00:00,0.0,13.7234125
2031-05-09 00:00:00+00:00,0.0,16.007183
2031-05-10 00:00:00+00:00,0.0,16.257744
2031-05-11 00:00:00+00:00,0.0,16.762169
2031-05-12 00:00:00+00:00,0.0,16.758533
2031-05-13 00:00:00+00:00,0.0,20.055107
2031-05-14 00:00:00+00:00,0.0,14.213192
2031-05-15 00:00:00+00:00,0.0,12.941346
2031-05-16 00:00:00+00:00,0.0,12.938534
2031-05-17 00:00:00+00:00,0.0,14.457573
2031-05-18 00:00:00+00:00,0.0,17.497465
2031-05-19 00:00:00+00:00,0.0,18.507782
2031-05-20 00:00:00+00:00,0.0,20.024609
2031-05-21 00:00:00+00:00,0.0,19.006557
2031-05-22 00:00:00+00:00,0.0,14.695201
2031-05-23 00:00:00+00:00,0.0,17.225096
2031-05-24 00:00:00+00:00,0.0,16.714827
2031-05-25 00:00:00+00:00,0.0,17.977173
2031-05-26 00:00:00+00:00,0.0,21.010977
2031-05-27 00:00:00+00:00,0.0887267,19.740936
2031-05-28 00:00:00+00:00,0.0,14.675945
2031-05-29 00:00:00+00:00,0.0,11.889972
2031-05-30 00:00:00+00:00,0.0,12.646135
2031-05-31 00:00:00+00:00,0.0,15.172034
2031-06-01 00:00:00+00:00,0.0,15.421518
2031-06-02 00:00:00+00:00,0.0,14.659865
2031-06-03 00:00:00+00:00,0.0,19.963362
2031-06-04 00:00:00+00:00,0.0,21.2222
2031-06-05 00:00:00+00:00,0.0,16.165741
2031-06-06 00:00:00+00:00,0.0,15.90965
2031-06-07 00:00:00+00:00,0.0,18.178453
2031-06-08 00:00:00+00:00,0.0,19.184141
2031-06-09 00:00:00+00:00,0.0,22.460686
2031-06-10 00:00:00+00:00,0.0,16.147943
2031-06-11 00:00:00+00:00,0.0,16.648891
2031-06-12 00:00:00+00:00,0.0,18.915016
2031-06-13 00:00:00+00:00,0.0,21.432283
2031-06-14 00:00:00+00:00,0.0,22.183811
2031-06-15 00:00:00+00:00,0.0,21.92687
2031-06-16 00:00:00+00:00,2.5663867,22.173996
2031-06-17 00:00:00+00:00,0.8545972,18.13834
2031-06-18 00:00:00+00:00,0.0,17.882454
2031-06-19 00:00:00+00:00,0.0,17.374868
2031-06-20 00:00:00+00:00,0.0,16.112246
2031-06-21 00:00:00+00:00,0.0,17.367159
2031-06-22 00:00:00+00:00,0.0,18.873152
2031-06-23 00:00:00+00:00,0.0,17.35944
2031-06-24 00:00:00+00:00,0.0,17.85864
2031-06-25 00:00:00+00:00,0.0,16.597294
2031-06-26 00:00:00+00:00,3.8170178,16.342182
2031-06-27 00:00:00+00:00,0.0,17.343988
2031-06-28 00:00:00+00:00,0.0,14.827061
2031-06-29 00:00:00+00:00,1.1851583,15.075002
2031-06-30 00:00:00+00:00,0.0,17.332384
2031-07-01 00:00:00+00:00,0.0,16.5751
2031-07-02 00:00:00+00:00,0.0,15.81815
2031-07-03 00:00:00+00:00,0.42181894,15.5718355
2031-07-04 00:00:00+00:00,0.083610915,15.886967
2031-07-05 00:00:00+00:00,0.0,17.72413
2031-07-06 00:00:00+00:00,4.8507633,18.813936
2031-07-07 00:00:00+00:00,1.4682473,14.29656
2031-07-08 00:00:00+00:00,0.0,17.945358
2031-07-09 00:00:00+00:00,0.9643705,18.020947
2031-07-10 00:00:00+00:00,0.0,16.287743
2031-07-11 00:00:00+00:00,1.4267658,14.280365
2031-07-12 00:00:00+00:00,4.1737723,14.863578
2031-07-13 00:00:00+00:00,3.2085638,18.071135
2031-07-14 00:00:00+00:00,0.0,16.04612
2031-07-15 00:00:00+00:00,0.0,14.796141
2031-07-16 00:00:00+00:00,0.07689618,14.596878
2031-07-17 00:00:00+00:00,2.0648928,10.663774
2031-07-18 00:00:00+00:00,6.0099063,12.586917
2031-07-19 00:00:00+00:00,1.8164886,17.218267
2031-07-20 00:00:00+00:00,12.803293,14.054594
2031-07-21 00:00:00+00:00,3.0730886,13.848681
2031-07-22 00:00:00+00:00,10.892475,13.368285
2031-07-23 00:00:00+00:00,0.0,12.609477
2031-07-24 00:00:00+00:00,0.14789353,13.220829
2031-07-25 00:00:00+00:00,0.58906984,14.115125
2031-07-26 00:00:00+00:00,0.0,19.468338
2031-07-27 00:00:00+00:00,2.9215257,20.682272
2031-07-28 00:00:00+00:00,0.0,15.16756
2031-07-29 00:00:00+00:00,0.0,11.856232
2031-07-30 00:00:00+00:00,7.3658156,15.604715
2031-07-31 00:00:00+00:00,2.3745434,20.53251
2031-08-01 00:00:00+00:00,1.0038785,14.045691
2031-08-02 00:00:00+00:00,0.0,8.9323845
2031-08-03 00:00:00+00:00,0.0,21.145063
2031-08-04 00:00:00+00:00,0.0,23.295847
2031-08-05 00:00:00+00:00,0.07077543,24.591923
2031-08-06 00:00:00+00:00,9.45492,19.721292
2031-08-07 00:00:00+00:00,12.311031,10.062595
2031-08-08 00:00:00+00:00,0.42086464,13.391755
2031-08-09 00:00:00+00:00,1.2590091,15.262055
2031-08-10 00:00:00+00:00,0.06975106,23.774525
2031-08-11 00:00:00+00:00,2.712927,18.764765
2031-08-12 00:00:00+00:00,3.9545603,16.133146
2031-08-13 00:00:00+00:00,0.0,15.920753
2031-08-14 00:00:00+00:00,0.27609673,19.401884
2031-08-15 00:00:00+00:00,23.066002,19.517012
2031-08-16 00:00:00+00:00,0.3434373,25.555414
2031-08-17 00:00:00+00:00,0.06852522,15.990526
2031-08-18 00:00:00+00:00,0.34183425,21.451262
2031-08-19 00:00:00+00:00,9.549711,19.67955
2031-08-20 00:00:00+00:00,11.298161,20.122057
2031-08-21 00:00:00+00:00,19.898708,14.463785
2031-08-22 00:00:00+00:00,5.3537927,18.761385
2031-08-23 00:00:00+00:00,8.047804,11.069134
2031-08-24 00:00:00+00:00,5.7367225,14.090679
2031-08-25 00:00:00+00:00,7.341818,10.555374
2031-08-26 00:00:00+00:00,0.13444869,16.935038
2031-08-27 00:00:00+00:00,0.0,19.389608
2031-08-28 00:00:00+00:00,12.456278,16.156254
2031-08-29 00:00:00+00:00,18.115187,10.167472
2031-08-30 00:00:00+00:00,9.608368,11.945019
2031-08-31 00:00:00+00:00,0.5994572,18.559862
2031-09-01 00:00:00+00:00,5.2527375,12.461829
2031-09-02 00:00:00+00:00,15.005996,13.57425
2031-09-03 00:00:00+00:00,0.53096837,12.880996
2031-09-04 00:00:00+00:00,0.0,10.098163
2031-09-05 00:00:00+00:00,2.6525795,14.279899
2031-09-06 00:00:00+00:00,9.810186,11.844515
2031-09-07 00:00:00+00:00,7.486791,10.104938
2031-09-08 00:00:00+00:00,5.364118,8.364586
2031-09-09 00:00:00+00:00,13.436911,10.458085
2031-09-10 00:00:00+00:00,2.7125082,12.901213
2031-09-11 00:00:00+00:00,6.6786084,17.089252
2031-09-12 00:00:00+00:00,10.243936,19.534998
2031-09-13 00:00:00+00:00,1.4531863,13.258901
2031-09-14 00:00:00+00:00,2.046522,13.610914
2031-09-15 00:00:00+00:00,15.504967,16.755716
2031-09-16 00:00:00+00:00,3.890408,11.173029
2031-09-17 00:00:00+00:00,1.252069,7.333978
2031-09-18 00:00:00+00:00,8.824742,9.780881
2031-09-19 00:00:00+00:00,6.581279,10.481927
2031-09-20 00:00:00+00:00,9.404799,7.3390393
2031-09-21 00:00:00+00:00,1.3801473,6.292059
2031-09-22 00:00:00+00:00,0.98509717,7.3424335
2031-09-23 00:00:00+00:00,0.6562326,9.442463
2031-09-24 00:00:00+00:00,4.721152,10.494065
2031-09-25 00:00:00+00:00,11.072529,12.595812
2031-09-26 00:00:00+00:00,2.8148775,11.898824
2031-09-27 00:00:00+00:00,0.65404475,11.55156
2031-09-28 00:00:00+00:00,0.32672197,7.3527164
2031-09-29 00:00:00+00:00,3.9821968,7.0042343
2031-09-30 00:00:00+00:00,0.7826025,9.107649
2031-10-01 00:00:00+00:00,0.91208756,7.3579144
2031-10-02 00:00:00+00:00,10.022082,8.761496
2031-10-03 00:00:00+00:00,14.626063,8.413032
2031-10-04 00:00:00+00:00,7.077119,8.765657
2031-10-05 00:00:00+00:00,0.0,12.976263
2031-10-06 00:00:00+00:00,0.5828658,7.366664
2031-10-07 00:00:00+00:00,0.32337272,8.070181
2031-10-08 00:00:00+00:00,6.264443,10.177886
2031-10-09 00:00:00+00:00,15.282848,9.478242
2031-10-10 00:00:00+00:00,10.623077,9.129393
2031-10-11 00:00:00+00:00,3.7921999,18.263195
2031-10-12 00:00:00+00:00,4.042144,17.213713
2031-10-13 00:00:00+00:00,5.6996593,13.704034
2031-10-14 00:00:00+00:00,5.752291,9.138242
2031-10-15 00:00:00+00:00,1.2118213,7.382685
2031-10-16 00:00:00+00:00,1.5909408,12.307481
2031-10-17 00:00:00+00:00,2.1585326,8.441481
2031-10-18 00:00:00+00:00,0.0,11.609882
2031-10-19 00:00:00+00:00,1.2630609,5.982319
2031-10-20 00:00:00+00:00,2.455796,9.503672
2031-10-21 00:00:00+00:00,1.4437557,8.8018675
2031-10-22 00:00:00+00:00,2.314726,7.3953986
2031-10-23 00:00:00+00:00,2.181619,6.6927342
2031-10-24 00:00:00+00:00,1.8004763,9.513092
2031-10-25 00:00:00+00:00,4.5745425,9.867887
2031-10-26 00:00:00+00:00,0.0,13.74799
2031-10-27 00:00:00+00:00,0.0,11.635825
2031-10-28 00:00:00+00:00,0.0,11.991433
2031-10-29 00:00:00+00:00,0.0,10.583338
2031-10-30 00:00:00+00:00,0.0,7.057336
2031-10-31 00:00:00+00:00,0.0,5.2943387
2031-11-01 00:00:00+00:00,0.0,4.589589
2031-11-02 00:00:00+00:00,0.0,9.158792
2031-11-03 00:00:00+00:00,0.0,7.701043
2031-11-04 00:00:00+00:00,0.0,9.39252
2031-11-05 00:00:00+00:00,0.0,6.223163
2031-11-06 00:00:00+00:00,0.0,4.8107796
2031-11-07 00:00:00+00:00,0.0,3.757134
2031-11-08 00:00:00+00:00,0.0,7.4694843
2031-11-09 00:00:00+00:00,0.0,10.125583
2031-11-10 00:00:00+00:00,0.0,10.73757
2031-11-11 00:00:00+00:00,0.0,14.011628
2031-11-12 00:00:00+00:00,0.0,12.604678
2031-11-13 00:00:00+00:00,0.0,13.852605
2031-11-14 00:00:00+00:00,0.0,6.5595016
2031-11-15 00:00:00+00:00,0.0,11.415421
2031-11-16 00:00:00+00:00,0.0,24.00283
2031-11-17 00:00:00+00:00,0.0,10.96832
2031-11-18 00:00:00+00:00,0.0,9.304922
2031-11-19 00:00:00+00:00,0.0,7.9786816
2031-11-20 00:00:00+00:00,0.0,6.3492117
2031-11-21 00:00:00+00:00,0.0,3.157989
2031-11-22 00:00:00+00:00,0.0,7.2257166
2031-11-23 00:00:00+00:00,0.0,14.377216
2031-11-24 00:00:00+00:00,0.0,17.413652
2031-11-25 00:00:00+00:00,0.0,13.303808
2031-11-26 00:00:00+00:00,0.0,8.003995
2031-11-27 00:00:00+00:00,0.0,9.189689
2031-11-28 00:00:00+00:00,0.0,14.631427
2031-11-29 00:00:00+00:00,0.0,16.683743
2031-11-30 00:00:00+00:00,0.0,15.094035
2031-12-01 00:00:00+00:00,0.0,12.61851
2031-12-02 00:00:00+00:00,0.0,10.166697
2031-12-03 00:00:00+00:00,0.0,8.928585
2031-12-04 00:00:00+00:00,0.0,10.960784
2031-12-05 00:00:00+00:00,0.0,14.153945
2031-12-06 00:00:00+00:00,0.0,14.089367
2031-12-07 00:00:00+00:00,0.0,11.688036
2031-12-08 00:00:00+00:00,0.0,12.508301
2031-12-09 00:00:00+00:00,0.0,11.004711
2031-12-10 00:00:00+00:00,0.0,11.821177
2031-12-11 00:00:00+00:00,0.0,13.491893
2031-12-12 00:00:00+00:00,0.0,11.4327135
2031-12-13 00:00:00+00:00,0.0,12.806549
2031-12-14 00:00:00+00:00,0.0,12.468616
2031-12-15 00:00:00+00:00,0.0,16.366467
2031-12-16 00:00:00+00:00,0.0,16.859898
2031-12-17 00:00:00+00:00,0.0,16.510015
2031-12-18 00:00:00+00:00,0.0,17.55669
2031-12-19 00:00:00+00:00,0.0,14.1544695
2031-12-20 00:00:00+00:00,0.0,13.267848
2031-12-21 00:00:00+00:00,0.0,15.416913
2031-12-22 00:00:00+00:00,0.0,13.984397
2031-12-23 00:00:00+00:00,0.0,16.387133
2031-12-24 00:00:00+00:00,0.0,13.602339
2031-12-25 00:00:00+00:00,0.0,11.923445
2031-12-26 00:00:00+00:00,0.0,15.116662
2031-12-27 00:00:00+00:00,0.0,13.714189
2031-12-28 00:00:00+00:00,0.0,13.929912
2031-12-29 00:00:00+00:00,0.0,14.411089
2031-12-30 00:00:00+00:00,0.0,13.293633
2031-12-31 00:00:00+00:00,0.0,12.449584
2032-01-01 00:00:00+00:00,0.0,16.362299
2032-01-02 00:00:00+00:00,0.0,11.849065
2032-01-03 00:00:00+00:00,0.0,15.785429
2032-01-04 00:00:00+00:00,0.0,16.297895
2032-01-05 00:00:00+00:00,0.0,10.243302
2032-01-06 00:00:00+00:00,0.0,13.908741
2032-01-07 00:00:00+00:00,0.0,14.683769
2032-01-08 00:00:00+00:00,0.0,11.52765
2032-01-09 00:00:00+00:00,0.0,13.088734
2032-01-10 00:00:00+00:00,0.16542177,15.431925
2032-01-11 00:00:00+00:00,0.0,14.635167
2032-01-12 00:00:00+00:00,0.0,14.62312
2032-01-13 00:00:00+00:00,0.0,14.089295
2032-01-14 00:00:00+00:00,0.0,13.0349655
2032-01-15 00:00:00+00:00,0.0,11.721891
2032-01-16 00:00:00+00:00,0.0,11.452075
2032-01-17 00:00:00+00:00,0.0,10.662586
2032-01-18 00:00:00+00:00,0.0,8.575132
2032-01-19 00:00:00+00:00,0.0,12.203203
2032-01-20 00:00:00+00:00,0.0,12.971677
2032-01-21 00:00:00+00:00,0.0,24.626383
2032-01-22 00:00:00+00:00,0.0,19.426304
2032-01-23 00:00:00+00:00,0.0,19.669592
2032-01-24 00:00:00+00:00,0.0,19.136711
2032-01-25 00:00:00+00:00,0.0,10.852742
2032-01-26 00:00:00+00:00,0.0,10.844138
2032-01-27 00:00:00+00:00,0.0,12.383505
2032-01-28 00:00:00+00:00,0.0,12.631525
2032-01-29 00:00:00+00:00,0.0,9.015422
2032-01-30 00:00:00+00:00,0.0,14.41336
2032-01-31 00:00:00+00:00,0.0,18.774145
2032-02-01 00:00:00+00:00,0.0,18.245537
2032-02-02 00:00:00+00:00,0.0,18.744894
2032-02-03 00:00:00+00:00,0.0,17.190863
2032-02-04 00:00:00+00:00,0.0,12.049927
2032-02-05 00:00:00+00:00,0.0,13.5777235
2032-02-06 00:00:00+00:00,0.0,13.823253
2032-02-07 00:00:00+00:00,0.0,15.347371
2032-02-08 00:00:00+00:00,0.0,15.846801
2032-02-09 00:00:00+00:00,0.0,8.172744
2032-02-10 00:00:00+00:00,0.0,8.932125
2032-02-11 00:00:00+00:00,0.5481761,16.57562
2032-02-12 00:00:00+00:00,0.0,11.466727
2032-02-13 00:00:00+00:00,0.0,11.712679
2032-02-14 00:00:00+00:00,0.0,16.029177
2032-02-15 00:00:00+00:00,0.0,15.5086355
2032-02-16 00:00:00+00:00,0.0,14.988899
2032-02-17 00:00:00+00:00,0.0,12.18523
2032-02-18 00:00:00+00:00,0.0,14.205485
2032-02-19 00:00:00+00:00,0.0,14.194905
2032-02-20 00:00:00+00:00,0.0,14.690945
2032-02-21 00:00:00+00:00,0.0,14.933165
2032-02-22 00:00:00+00:00,0.0,9.610862
2032-02-23 00:00:00+00:00,0.0,14.152932
2032-02-24 00:00:00+00:00,0.0,13.637437
2032-02-25 00:00:00+00:00,0.0,15.393953
2032-02-26 00:00:00+00:00,0.0,9.58266
2032-02-27 00:00:00+00:00,0.0,11.591596
2032-02-28 00:00:00+00:00,0.0,9.820505
2032-02-29 00:00:00+00:00,0.0,14.090997
2032-03-01 00:00:00+00:00,0.0,17.60099
2032-03-02 00:00:00+00:00,0.0,17.588274
2032-03-03 00:00:00+00:00,0.0,15.073606
2032-03-04 00:00:00+00:00,0.08366673,19.348604
2032-03-05 00:00:00+00:00,0.0,20.609415
2032-03-06 00:00:00+00:00,0.0,11.563853
2032-03-07 00:00:00+00:00,0.0,16.595161
2032-03-08 00:00:00+00:00,0.0,14.838238
2032-03-09 00:00:00+00:00,0.0,11.82281
2032-03-10 00:00:00+00:00,0.0,11.070522
2032-03-11 00:00:00+00:00,0.0,14.847727
2032-03-12 00:00:00+00:00,0.0,17.619696
2032-03-13 00:00:00+00:00,0.0,19.889315
2032-03-14 00:00:00+00:00,0.0,17.123554
2032-03-15 00:00:00+00:00,0.0,9.319206
2032-03-16 00:00:00+00:00,0.0,8.313487
2032-03-17 00:00:00+00:00,0.0,7.055364
2032-03-18 00:00:00+00:00,0.0,13.609654
2032-03-19 00:00:00+00:00,0.0,15.629207
2032-03-20 00:00:00+00:00,0.0,16.388924
2032-03-21 00:00:00+00:00,0.0,14.879242
2032-03-22 00:00:00+00:00,0.0,11.603213
2032-03-23 00:00:00+00:00,0.0,8.578098
2032-03-24 00:00:00+00:00,0.0,9.589305
2032-03-25 00:00:00+00:00,0.0,19.435055
2032-03-26 00:00:00+00:00,0.0,18.429317
2032-03-27 00:00:00+00:00,0.0,12.877982
2032-03-28 00:00:00+00:00,0.0,15.406313
2032-03-29 00:00:00+00:00,0.0,16.167395
2032-03-30 00:00:00+00:00,0.0,11.370083
2032-03-31 00:00:00+00:00,0.0,17.185059
2032-04-01 00:00:00+00:00,0.0,17.441431
2032-04-02 00:00:00+00:00,0.0,17.192255
2032-04-03 00:00:00+00:00,0.0,14.414164
2032-04-04 00:00:00+00:00,0.0,20.234634
2032-04-05 00:00:00+00:00,0.0,21.2508
2032-04-06 00:00:00+00:00,0.0,15.941422
2032-04-07 00:00:00+00:00,0.0,14.932382
2032-04-08 00:00:00+00:00,0.0,15.188631
2032-04-09 00:00:00+00:00,0.0,14.179005
2032-04-10 00:00:00+00:00,0.0,16.714443
2032-04-11 00:00:00+00:00,0.0,15.198105
2032-04-12 00:00:00+00:00,0.0,13.681133
2032-04-13 00:00:00+00:00,0.0,9.376054
2032-04-14 00:00:00+00:00,0.0,14.700643
2032-04-15 00:00:00+00:00,0.0,12.929101
2032-04-16 00:00:00+00:00,0.0,12.931775
2032-04-17 00:00:00+00:00,0.0,11.412748
2032-04-18 00:00:00+00:00,0.0,11.668775
2032-04-19 00:00:00+00:00,0.0,13.700953
2032-04-20 00:00:00+00:00,0.0,16.241514
2032-04-21 00:00:00+00:00,0.0,15.229557
2032-04-22 00:00:00+00:00,0.0,15.232691
2032-04-23 00:00:00+00:00,0.239089,14.727963
2032-04-24 00:00:00+00:00,0.0,15.2389555
2032-04-25 00:00:00+00:00,0.0,14.7340145
2032-04-26 00:00:00+00:00,0.0,11.433908
2032-04-27 00:00:00+00:00,0.0,12.19867
2032-04-28 00:00:00+00:00,0.0,16.776606
2032-04-29 00:00:00+00:00,0.0,19.576714
2032-04-30 00:00:00+00:00,0.0,21.360785
2032-05-01 00:00:00+00:00,0.0,20.34776
2032-05-02 00:00:00+00:00,0.0,16.281532
2032-05-03 00:00:00+00:00,0.0,15.770987
2032-05-04 00:00:00+00:00,0.0,17.547794
2032-05-05 00:00:00+00:00,0.0,17.798265
2032-05-06 00:00:00+00:00,0.0,14.998154
2032-05-07 00:00:00+00:00,0.0,18.044722
2032-05-08 00:00:00+00:00,0.0,14.991665
2032-05-09 00:00:00+00:00,0.0,17.020748
2032-05-10 00:00:00+00:00,0.0,18.794968
2032-05-11 00:00:00+00:00,0.0,12.188687
2032-05-12 00:00:00+00:00,0.0,17.517435
2032-05-13 00:00:00+00:00,0.0,15.73689
2032-05-14 00:00:00+00:00,0.0,17.7636
2032-05-15 00:00:00+00:00,0.0,12.939238
2032-05-16 00:00:00+00:00,0.0,9.131595
2032-05-17 00:00:00+00:00,0.0,8.622408
2032-05-18 00:00:00+00:00,0.0,7.0992613
2032-05-19 00:00:00+00:00,0.0,16.730328
2032-05-20 00:00:00+00:00,0.0,17.740421
2032-05-21 00:00:00+00:00,0.0,15.70952
2032-05-22 00:00:00+00:00,0.0,13.426176
2032-05-23 00:00:00+00:00,0.0,13.929781
2032-05-24 00:00:00+00:00,0.0,12.660671
2032-05-25 00:00:00+00:00,0.0,13.41738
2032-05-26 00:00:00+00:00,0.0,14.67996
2032-05-27 00:00:00+00:00,0.0,13.917604
2032-05-28 00:00:00+00:00,0.0,21.251324
2032-05-29 00:00:00+00:00,0.0,21.499607
2032-05-30 00:00:00+00:00,0.0,12.391174
2032-05-31 00:00:00+00:00,0.0,16.433664
2032-06-01 00:00:00+00:00,0.0,16.68283
2032-06-02 00:00:00+00:00,0.0,15.921022
2032-06-03 00:00:00+00:00,0.0,16.170185
2032-06-04 00:00:00+00:00,0.0,18.187458
2032-06-05 00:00:00+00:00,0.0,16.163073
2032-06-06 00:00:00+00:00,0.0,12.624621
2032-06-07 00:00:00+00:00,0.0,20.69982
2032-06-08 00:00:00+00:00,0.0,21.200018
2032-06-09 00:00:00+00:00,0.08618789,16.40116
2032-06-10 00:00:00+00:00,0.0,16.90208
2032-06-11 00:00:00+00:00,0.0,16.646132
2032-06-12 00:00:00+00:00,0.0,18.911884
2032-06-13 00:00:00+00:00,0.0,17.647188
2032-06-14 00:00:00+00:00,0.0,19.407612
2032-06-15 00:00:00+00:00,0.0,18.395355
2032-06-16 00:00:00+00:00,0.0,18.139345
2032-06-17 00:00:00+00:00,0.085397266,19.394724
2032-06-18 00:00:00+00:00,0.0,15.613069
2032-06-19 00:00:00+00:00,0.0,19.134354
2032-06-20 00:00:00+00:00,0.0,19.381817
2032-06-21 00:00:00+00:00,3.4038138,16.609297
2032-06-22 00:00:00+00:00,0.0,19.121605
2032-06-23 00:00:00+00:00,0.0,17.105001
2032-06-24 00:00:00+00:00,0.0,15.843756
2032-06-25 00:00:00+00:00,0.0,18.35455
2032-06-26 00:00:00+00:00,0.0,21.115595
2032-06-27 00:00:00+00:00,0.0,20.859571
2032-06-28 00:00:00+00:00,12.954131,17.588484
2032-06-29 00:00:00+00:00,7.5307107,9.7971115
2032-06-30 00:00:00+00:00,0.0,12.808746
2032-07-01 00:00:00+00:00,0.0,13.559173
2032-07-02 00:00:00+00:00,0.0,15.3134165
2032-07-03 00:00:00+00:00,0.0,18.89393
2032-07-04 00:00:00+00:00,0.0,19.729612
2032-07-05 00:00:00+00:00,0.0,21.588392
2032-07-06 00:00:00+00:00,0.16345626,18.872307
2032-07-07 00:00:00+00:00,0.0,18.1827
2032-07-08 00:00:00+00:00,11.351737,16.973278
2032-07-09 00:00:00+00:00,8.153912,15.495658
2032-07-10 00:00:00+00:00,0.0,14.265063
2032-07-11 00:00:00+00:00,0.0,20.057173
2032-07-12 00:00:00+00:00,0.0,19.621134
2032-07-13 00:00:00+00:00,1.713832,18.393347
2032-07-14 00:00:00+00:00,0.61954683,15.571516
2032-07-15 00:00:00+00:00,7.2383227,13.785255
2032-07-16 00:00:00+00:00,1.3784517,8.787692
2032-07-17 00:00:00+00:00,0.0,13.107606
2032-07-18 00:00:00+00:00,0.0,16.929785
2032-07-19 00:00:00+00:00,0.0,16.198069
2032-07-20 00:00:00+00:00,0.30016875,15.459861
2032-07-21 00:00:00+00:00,0.0,14.442535
2032-07-22 00:00:00+00:00,0.0,21.355865
2032-07-23 00:00:00+00:00,7.1065626,23.3838
2032-07-24 00:00:00+00:00,25.577717,12.163015
2032-07-25 00:00:00+00:00,0.0,11.666732
2032-07-26 00:00:00+00:00,10.82035,13.119842
2032-07-27 00:00:00+00:00,0.0,17.112404
2032-07-28 00:00:00+00:00,0.0,20.581379
2032-07-29 00:00:00+00:00,1.4455926,14.451485
2032-07-30 00:00:00+00:00,0.36009815,11.677164
2032-07-31 00:00:00+00:00,0.0,16.317759
2032-08-01 00:00:00+00:00,0.0,20.143602
2032-08-02 00:00:00+00:00,1.8534167,16.778069
2032-08-03 00:00:00+00:00,0.07105458,18.321093
2032-08-04 00:00:00+00:00,15.37021,14.910771
2032-08-05 00:00:00+00:00,11.298018,9.994257
2032-08-06 00:00:00+00:00,0.0,9.75327
2032-08-07 00:00:00+00:00,11.160964,10.104231
2032-08-08 00:00:00+00:00,7.5593767,15.240747
2032-08-09 00:00:00+00:00,4.606737,13.222838
2032-08-10 00:00:00+00:00,4.385365,14.506869
2032-08-11 00:00:00+00:00,0.2082714,16.413893
2032-08-12 00:00:00+00:00,0.761677,14.368995
2032-08-13 00:00:00+00:00,10.774526,11.993054
2032-08-14 00:00:00+00:00,0.8267514,14.538707
2032-08-15 00:00:00+00:00,0.1374573,13.3809185
2032-08-16 00:00:00+00:00,25.986292,14.087913
2032-08-17 00:00:00+00:00,3.2150857,14.488929
2032-08-18 00:00:00+00:00,0.34125265,21.2337
2032-08-19 00:00:00+00:00,0.40859178,11.161435
2032-08-20 00:00:00+00:00,6.9309244,14.761827
2032-08-21 00:00:00+00:00,3.797094,11.303431
2032-08-22 00:00:00+00:00,18.269157,15.926799
2032-08-23 00:00:00+00:00,4.9293256,19.629286
2032-08-24 00:00:00+00:00,0.13477908,20.417252
2032-08-25 00:00:00+00:00,14.056716,12.928689
2032-08-26 00:00:00+00:00,5.9743376,13.015813
2032-08-27 00:00:00+00:00,3.2830255,10.416417
2032-08-28 00:00:00+00:00,10.165204,10.1498995
2032-08-29 00:00:00+00:00,5.674156,10.561374
2032-08-30 00:00:00+00:00,1.6658932,12.351355
2032-08-31 00:00:00+00:00,0.7317104,16.586037
2032-09-01 00:00:00+00:00,16.866844,14.269573
2032-09-02 00:00:00+00:00,5.177476,16.361435
2032-09-03 00:00:00+00:00,0.066350184,15.320496
2032-09-04 00:00:00+00:00,1.193791,14.279101
2032-09-05 00:00:00+00:00,2.784284,12.888899
2032-09-06 00:00:00+00:00,10.734514,14.982344
2032-09-07 00:00:00+00:00,7.4841633,19.864773
2032-09-08 00:00:00+00:00,11.783556,15.686245
2032-09-09 00:00:00+00:00,17.137268,11.157176
2032-09-10 00:00:00+00:00,5.4229383,14.647101
2032-09-11 00:00:00+00:00,2.3134558,7.67403
2032-09-12 00:00:00+00:00,10.768272,14.653741
2032-09-13 00:00:00+00:00,4.555809,12.912184
2032-09-14 00:00:00+00:00,3.233425,13.613242
2032-09-15 00:00:00+00:00,3.1655567,7.3318806
2032-09-16 00:00:00+00:00,1.3181735,6.6351247
2032-09-17 00:00:00+00:00,2.107742,10.828213
2032-09-18 00:00:00+00:00,0.72406185,8.035682
2032-09-19 00:00:00+00:00,1.2498049,7.3386173
2032-09-20 00:00:00+00:00,5.9817114,6.6412334
2032-09-21 00:00:00+00:00,0.0,5.5939116
2032-09-22 00:00:00+00:00,3.5443385,7.3437114
2032-09-23 00:00:00+00:00,1.9019552,10.493455
2032-09-24 00:00:00+00:00,3.1455133,12.245215
2032-09-25 00:00:00+00:00,10.279792,9.448513
2032-09-26 00:00:00+00:00,1.439221,12.950992
2032-09-27 00:00:00+00:00,5.032692,5.2516327
2032-09-28 00:00:00+00:00,1.6977419,8.754777
2032-09-29 00:00:00+00:00,2.3484015,10.157933
2032-09-30 00:00:00+00:00,1.8898231,8.758906
2032-10-01 00:00:00+00:00,5.663387,6.3079033
2032-10-02 00:00:00+00:00,2.2107975,6.3093987
2032-10-03 00:00:00+00:00,0.90926176,11.920585
2032-10-04 00:00:00+00:00,0.0,7.7151566
2032-10-05 00:00:00+00:00,0.3239215,11.224724
2032-10-06 00:00:00+00:00,0.06469702,14.735969
2032-10-07 00:00:00+00:00,0.2584219,9.826336
2032-10-08 00:00:00+00:00,0.5805843,7.371522
2032-10-09 00:00:00+00:00,1.4169837,7.0221868
2032-10-10 00:00:00+00:00,0.0,7.7262707
2032-10-11 00:00:00+00:00,0.0,10.889649
2032-10-12 00:00:00+00:00,4.5490913,10.892288
2032-10-13 00:00:00+00:00,0.0,8.434789
2032-10-14 00:00:00+00:00,0.19144315,8.788377
2032-10-15 00:00:00+00:00,0.12734811,8.790521
2032-10-16 00:00:00+00:00,1.7786994,11.958033
2032-10-17 00:00:00+00:00,0.25346527,10.553791
2032-10-18 00:00:00+00:00,3.5390382,6.33383
2032-10-19 00:00:00+00:00,4.1590753,7.7432547
2032-10-20 00:00:00+00:00,0.0,5.280794
2032-10-21 00:00:00+00:00,0.0,6.33852
2032-10-22 00:00:00+00:00,0.0,7.0445457
2032-10-23 00:00:00+00:00,0.18644664,11.274075
2032-10-24 00:00:00+00:00,0.0,10.219673
2032-10-25 00:00:00+00:00,0.0,8.459772
2032-10-26 00:00:00+00:00,0.0,8.814467
2032-10-27 00:00:00+00:00,0.0,9.169344
2032-10-28 00:00:00+00:00,0.0,9.171648
2032-10-29 00:00:00+00:00,0.0,9.173958
2032-10-30 00:00:00+00:00,0.0,10.58801
2032-10-31 00:00:00+00:00,0.0,9.884642
2032-11-01 00:00:00+00:00,0.0,7.4092326
2032-11-02 00:00:00+00:00,0.0,7.011947
2032-11-03 00:00:00+00:00,0.0,19.85947
2032-11-04 00:00:00+00:00,0.0,21.814564
2032-11-05 00:00:00+00:00,0.0,18.239944
2032-11-06 00:00:00+00:00,0.0,18.813948
2032-11-07 00:00:00+00:00,0.0,15.641278
2032-11-08 00:00:00+00:00,0.0,11.492578
2032-11-09 00:00:00+00:00,0.0,4.0324645
2032-11-10 00:00:00+00:00,0.0,11.693222
2032-11-11 00:00:00+00:00,0.0,21.259281
2032-11-12 00:00:00+00:00,0.0,24.11122
2032-11-13 00:00:00+00:00,0.0,18.392336
2032-11-14 00:00:00+00:00,0.0,14.370719
2032-11-15 00:00:00+00:00,0.0,14.616362
2032-11-16 00:00:00+00:00,0.0,13.244489
2032-11-17 00:00:00+00:00,0.0,15.42199
2032-11-18 00:00:00+00:00,0.0,15.659071
2032-11-19 00:00:00+00:00,0.0,14.940355
2032-11-20 00:00:00+00:00,0.0,10.751209
2032-11-21 00:00:00+00:00,0.0,9.751629
2032-11-22 00:00:00+00:00,0.0,12.205024
2032-11-23 00:00:00+00:00,0.0,9.651957
2032-11-24 00:00:00+00:00,0.0,7.434734
2032-11-25 00:00:00+00:00,0.0,14.486814
2032-11-26 00:00:00+00:00,0.0,17.788696
2032-11-27 00:00:00+00:00,0.0,15.564933
2032-11-28 00:00:00+00:00,0.0,17.007702
2032-11-29 00:00:00+00:00,0.0,16.018923
2032-11-30 00:00:00+00:00,0.0,17.145535
2032-12-01 00:00:00+00:00,0.0,15.866807
2032-12-02 00:00:00+00:00,0.0,11.620749
2032-12-03 00:00:00+00:00,0.0,10.973504
2032-12-04 00:00:00+00:00,0.0,13.579799
2032-12-05 00:00:00+00:00,0.0,23.215187
2032-12-06 00:00:00+00:00,0.0,18.721992
2032-12-07 00:00:00+00:00,0.0,18.929081
2032-12-08 00:00:00+00:00,0.0,15.075805
2032-12-09 00:00:00+00:00,0.0,18.761528
2032-12-10 00:00:00+00:00,0.0,17.81725
2032-12-11 00:00:00+00:00,0.0,17.453764
2032-12-12 00:00:00+00:00,0.0,21.082264
2032-12-13 00:00:00+00:00,0.0,17.588114
2032-12-14 00:00:00+00:00,0.0,15.25383
2032-12-15 00:00:00+00:00,0.0,16.877544
2032-12-16 00:00:00+00:00,0.0,17.367517
2032-12-17 00:00:00+00:00,0.0,15.900981
2032-12-18 00:00:00+00:00,0.0,16.11368
2032-12-19 00:00:00+00:00,0.0,17.154997
2032-12-20 00:00:00+00:00,0.0,19.014923
2032-12-21 00:00:00+00:00,0.0,21.13474
2032-12-22 00:00:00+00:00,0.0,19.410612
2032-12-23 00:00:00+00:00,0.0,18.517324
2032-12-24 00:00:00+00:00,0.0,17.088816
2032-12-25 00:00:00+00:00,0.0,18.103464
2032-12-26 00:00:00+00:00,0.0,17.76477
2032-12-27 00:00:00+00:00,0.0,16.89266
2032-12-28 00:00:00+00:00,0.0,14.958922
2032-12-29 00:00:00+00:00,0.0,16.765652
2032-12-30 00:00:00+00:00,0.0,16.4381
2032-12-31 00:00:00+00:00,0.0,14.792467
2033-01-01 00:00:00+00:00,0.0,15.275354
2033-01-02 00:00:00+00:00,0.0,13.420443
2033-01-03 00:00:00+00:00,1.233395,16.564241
2033-01-04 00:00:00+00:00,0.17447744,15.236821
2033-01-05 00:00:00+00:00,0.0,13.124195
2033-01-06 00:00:00+00:00,0.0,13.637769
2033-01-07 00:00:00+00:00,0.0,13.888464
2033-01-08 00:00:00+00:00,0.0,17.280708
2033-01-09 00:00:00+00:00,0.0,15.435118
2033-01-10 00:00:00+00:00,0.0,14.115391
2033-01-11 00:00:00+00:00,0.0,10.969596
2033-01-12 00:00:00+00:00,0.0,10.438654
2033-01-13 00:00:00+00:00,0.0,11.99462
2033-01-14 00:00:00+00:00,0.0,19.540472
2033-01-15 00:00:00+00:00,0.0,13.53702
2033-01-16 00:00:00+00:00,0.0,16.12718
2033-01-17 00:00:00+00:00,0.0,12.735351
2033-01-18 00:00:00+00:00,0.0,11.166887
2033-01-19 00:00:00+00:00,0.0,12.7148
2033-01-20 00:00:00+00:00,0.0,10.371085
2033-01-21 00:00:00+00:00,0.0,7.253938
2033-01-22 00:00:00+00:00,0.0,10.354485
2033-01-23 00:00:00+00:00,0.0,19.65783
2033-01-24 00:00:00+00:00,0.0,13.9563
2033-01-25 00:00:00+00:00,0.0,13.686983
2033-01-26 00:00:00+00:00,0.0,14.192234
2033-01-27 00:00:00+00:00,0.0,13.665362
2033-01-28 00:00:00+00:00,0.0,16.23095
2033-01-29 00:00:00+00:00,0.0,12.6141615
2033-01-30 00:00:00+00:00,0.0,6.687988
2033-01-31 00:00:00+00:00,0.0,10.538209
2033-02-01 00:00:00+00:00,0.0,17.721224
2033-02-02 00:00:00+00:00,0.0,19.503868
2033-02-03 00:00:00+00:00,0.0,21.796637
2033-02-04 00:00:00+00:00,0.0,15.630207
2033-02-05 00:00:00+00:00,0.0,12.2897005
2033-02-06 00:00:00+00:00,0.0,8.442674
2033-02-07 00:00:00+00:00,0.0,17.639332
2033-02-08 00:00:00+00:00,0.0,13.283243
2033-02-09 00:00:00+00:00,0.0,9.44433
2033-02-10 00:00:00+00:00,0.0,11.987724
2033-02-11 00:00:00+00:00,0.0,10.194578
2033-02-12 00:00:00+00:00,0.0,15.2802925
2033-02-13 00:00:00+00:00,0.0,15.268757
2033-02-14 00:00:00+00:00,0.0,13.985824
2033-02-15 00:00:00+00:00,0.0,14.229416
2033-02-16 00:00:00+00:00,0.0,11.425788
2033-02-17 00:00:00+00:00,0.0,18.775038
2033-02-18 00:00:00+00:00,0.0,18.000463
2033-02-19 00:00:00+00:00,0.0,13.933654
2033-02-20 00:00:00+00:00,0.0,10.379204
2033-02-21 00:00:00+00:00,0.0,12.395241
2033-02-22 00:00:00+00:00,0.0,12.638874
2033-02-23 00:00:00+00:00,0.0,10.608843
2033-02-24 00:00:00+00:00,0.0,24.7358
2033-02-25 00:00:00+00:00,1.3371936,20.68215
2033-02-26 00:00:00+00:00,0.32719907,6.805004
2033-02-27 00:00:00+00:00,0.0,12.088972
2033-02-28 00:00:00+00:00,0.078247,7.801789
2033-03-01 00:00:00+00:00,0.076469086,13.83185
2033-03-02 00:00:00+00:00,0.0,14.324465
2033-03-03 00:00:00+00:00,0.0,13.565517
2033-03-04 00:00:00+00:00,0.0,14.070957
2033-03-05 00:00:00+00:00,0.0,13.57133
2033-03-06 00:00:00+00:00,0.0,19.355852
2033-03-07 00:00:00+00:00,0.0,15.085705
2033-03-08 00:00:00+00:00,0.0,17.85523
2033-03-09 00:00:00+00:00,0.0,23.141293
2033-03-10 00:00:00+00:00,0.0,22.643045
2033-03-11 00:00:00+00:00,0.0,18.621582
2033-03-12 00:00:00+00:00,0.0,13.33992
2033-03-13 00:00:00+00:00,0.0,14.098006
2033-03-14 00:00:00+00:00,0.0,12.338377
2033-03-15 00:00:00+00:00,0.0,15.363281
2033-03-16 00:00:00+00:00,0.0,9.5726
2033-03-17 00:00:00+00:00,0.0,13.354089
2033-03-18 00:00:00+00:00,0.0,13.1049
2033-03-19 00:00:00+00:00,0.0,11.091109
2033-03-20 00:00:00+00:00,0.0,13.110445
2033-03-21 00:00:00+00:00,0.0,11.600151
2033-03-22 00:00:00+00:00,0.0,11.098141
2033-03-23 00:00:00+00:00,0.0,15.137021
2033-03-24 00:00:00+00:00,0.0,14.3832
2033-03-25 00:00:00+00:00,0.0,14.38623
2033-03-26 00:00:00+00:00,0.0,14.641701
2033-03-27 00:00:00+00:00,0.0,13.382299
2033-03-28 00:00:00+00:00,0.0,11.869814
2033-03-29 00:00:00+00:00,0.0,14.145726
2033-03-30 00:00:00+00:00,0.0,15.411971
2033-03-31 00:00:00+00:00,0.0,19.205822
2033-04-01 00:00:00+00:00,0.0,14.154623
2033-04-02 00:00:00+00:00,0.0,13.146329
2033-04-03 00:00:00+00:00,0.0,9.861809
2033-04-04 00:00:00+00:00,0.0,15.933942
2033-04-05 00:00:00+00:00,0.0,16.696184
2033-04-06 00:00:00+00:00,0.0,12.398237
2033-04-07 00:00:00+00:00,0.0,15.943915
2033-04-08 00:00:00+00:00,0.0,15.947233
2033-04-09 00:00:00+00:00,0.0,16.963284
2033-04-10 00:00:00+00:00,0.0,17.220045
2033-04-11 00:00:00+00:00,0.0,16.717047
2033-04-12 00:00:00+00:00,0.0,11.147012
2033-04-13 00:00:00+00:00,0.0,15.203622
2033-04-14 00:00:00+00:00,0.0,15.713664
2033-04-15 00:00:00+00:00,0.0,14.449423
2033-04-16 00:00:00+00:00,0.0,14.452413
2033-04-17 00:00:00+00:00,0.0,12.426573
2033-04-18 00:00:00+00:00,0.0,9.385268
2033-04-19 00:00:00+00:00,0.0,12.177998
2033-04-20 00:00:00+00:00,0.0,15.479396
2033-04-21 00:00:00+00:00,0.0,17.513088
2033-04-22 00:00:00+00:00,0.0,15.739636
2033-04-23 00:00:00+00:00,0.0,15.742874
2033-04-24 00:00:00+00:00,0.0,13.714355
2033-04-25 00:00:00+00:00,0.0,11.939019
2033-04-26 00:00:00+00:00,0.0,17.531094
2033-04-27 00:00:00+00:00,0.0,18.805319
2033-04-28 00:00:00+00:00,0.0,16.267391
2033-04-29 00:00:00+00:00,0.0,11.18612
2033-04-30 00:00:00+00:00,0.0,20.088282
2033-05-01 00:00:00+00:00,0.0,23.65306
2033-05-02 00:00:00+00:00,0.0,13.228069
2033-05-03 00:00:00+00:00,0.0,17.04376
2033-05-04 00:00:00+00:00,0.0,17.294409
2033-05-05 00:00:00+00:00,0.0,18.307775
2033-05-06 00:00:00+00:00,0.0,18.558039
2033-05-07 00:00:00+00:00,0.0,18.554028
2033-05-08 00:00:00+00:00,0.108965136,18.041796
2033-05-09 00:00:00+00:00,0.0,23.373041
2033-05-10 00:00:00+00:00,0.0,23.11398
2033-05-11 00:00:00+00:00,0.0,21.839245
2033-05-12 00:00:00+00:00,0.0,18.787834
2033-05-13 00:00:00+00:00,0.0,11.930223
2033-05-14 00:00:00+00:00,0.0,10.912517
2033-05-15 00:00:00+00:00,0.0,10.148973
2033-05-16 00:00:00+00:00,0.0,10.400438
2033-05-17 00:00:00+00:00,0.0,7.3548074
2033-05-18 00:00:00+00:00,0.0,13.945737
2033-05-19 00:00:00+00:00,0.0,16.73124
2033-05-20 00:00:00+00:00,0.0,16.474146
2033-05-21 00:00:00+00:00,0.0,16.217163
2033-05-22 00:00:00+00:00,0.0,13.680246
2033-05-23 00:00:00+00:00,0.0,10.891153
2033-05-24 00:00:00+00:00,0.0,12.914592
2033-05-25 00:00:00+00:00,0.0,6.3292985
2033-05-26 00:00:00+00:00,0.0,17.465046
2033-05-27 00:00:00+00:00,0.0,19.485716
2033-05-28 00:00:00+00:00,0.0,20.240467
2033-05-29 00:00:00+00:00,0.0,20.994886
2033-05-30 00:00:00+00:00,0.0,16.691069
2033-05-31 00:00:00+00:00,0.0,18.204443
2033-06-01 00:00:00+00:00,0.34974763,12.639202
2033-06-02 00:00:00+00:00,0.0,13.394613
2033-06-03 00:00:00+00:00,0.26122794,12.1283045
2033-06-04 00:00:00+00:00,0.0,13.388728
2033-06-05 00:00:00+00:00,0.0,18.43702
2033-06-06 00:00:00+00:00,0.0,19.947998
2033-06-07 00:00:00+00:00,2.248288,16.409296
2033-06-08 00:00:00+00:00,0.0,10.600594
2033-06-09 00:00:00+00:00,0.0,12.112293
2033-06-10 00:00:00+00:00,0.0,19.678135
2033-06-11 00:00:00+00:00,0.0,19.67379
2033-06-12 00:00:00+00:00,0.0,19.1651
2033-06-13 00:00:00+00:00,0.0,17.143929
2033-06-14 00:00:00+00:00,0.0,15.627775
2033-06-15 00:00:00+00:00,0.0,16.128326
2033-06-16 00:00:00+00:00,0.0,21.66764
2033-06-17 00:00:00+00:00,0.0,21.410948
2033-06-18 00:00:00+00:00,0.0,16.873123
2033-06-19 00:00:00+00:00,0.0,18.380074
2033-06-20 00:00:00+00:00,0.0,18.375992
2033-06-21 00:00:00+00:00,1.8724818,18.62358
2033-06-22 00:00:00+00:00,12.671548,11.574248
2033-06-23 00:00:00+00:00,11.726923,10.817
2033-06-24 00:00:00+00:00,0.0,15.09013
2033-06-25 00:00:00+00:00,0.0,19.612803
2033-06-26 00:00:00+00:00,6.020323,18.351482
2033-06-27 00:00:00+00:00,4.999433,11.561371
2033-06-28 00:00:00+00:00,6.520438,7.5383425
2033-06-29 00:00:00+00:00,3.8928769,10.8025465
2033-06-30 00:00:00+00:00,0.0,17.581614
2033-07-01 00:00:00+00:00,0.0,16.322136
2033-07-02 00:00:00+00:00,0.0,14.310059
2033-07-03 00:00:00+00:00,0.0839824,13.086569
2033-07-04 00:00:00+00:00,0.0,12.381634
2033-07-05 00:00:00+00:00,0.0,19.790203
2033-07-06 00:00:00+00:00,0.0,18.598024
2033-07-07 00:00:00+00:00,10.075906,17.396257
2033-07-08 00:00:00+00:00,21.938162,7.7070136
2033-07-09 00:00:00+00:00,0.0,9.287537
2033-07-10 00:00:00+00:00,0.0,17.358866
2033-07-11 00:00:00+00:00,0.0,20.555954
2033-07-12 00:00:00+00:00,5.2595944,17.770487
2033-07-13 00:00:00+00:00,9.284256,9.97401
2033-07-14 00:00:00+00:00,0.0,13.972501
2033-07-15 00:00:00+00:00,1.8506825,13.505073
2033-07-16 00:00:00+00:00,11.195981,10.639763
2033-07-17 00:00:00+00:00,12.89034,10.153545
2033-07-18 00:00:00+00:00,0.0,15.299885
2033-07-19 00:00:00+00:00,0.0,18.606264
2033-07-20 00:00:00+00:00,0.97671324,15.441845
2033-07-21 00:00:00+00:00,11.740167,12.792472
2033-07-22 00:00:00+00:00,9.006861,7.6571145
2033-07-23 00:00:00+00:00,4.742868,8.792776
2033-07-24 00:00:00+00:00,0.0,13.528815
2033-07-25 00:00:00+00:00,0.07348111,19.143414
2033-07-26 00:00:00+00:00,1.9759516,11.152088
2033-07-27 00:00:00+00:00,14.141677,11.487502
2033-07-28 00:00:00+00:00,6.2449956,8.729086
2033-07-29 00:00:00+00:00,4.5577917,11.886171
2033-07-30 00:00:00+00:00,5.6225433,8.248915
2033-07-31 00:00:00+00:00,0.071829796,14.867193
2033-08-01 00:00:00+00:00,3.364414,15.806524
2033-08-02 00:00:00+00:00,0.0,12.133678
2033-08-03 00:00:00+00:00,12.444533,9.003185
2033-08-04 00:00:00+00:00,12.263258,7.591392
2033-08-05 00:00:00+00:00,0.0,9.393642
2033-08-06 00:00:00+00:00,7.397585,13.2817545
2033-08-07 00:00:00+00:00,6.251869,8.309658
2033-08-08 00:00:00+00:00,0.42026314,8.355817
2033-08-09 00:00:00+00:00,0.0,10.80347
2033-08-10 00:00:00+00:00,0.0,15.693447
2033-08-11 00:00:00+00:00,4.862875,15.176239
2033-08-12 00:00:00+00:00,14.896929,7.632002
2033-08-13 00:00:00+00:00,8.155101,7.6765943
2033-08-14 00:00:00+00:00,0.6204458,11.428428
2033-08-15 00:00:00+00:00,2.338183,13.671628
2033-08-16 00:00:00+00:00,5.6256795,13.754034
2033-08-17 00:00:00+00:00,8.350357,16.039282
2033-08-18 00:00:00+00:00,4.9851027,15.821591
2033-08-19 00:00:00+00:00,4.360721,13.691232
2033-08-20 00:00:00+00:00,8.430389,7.0488725
2033-08-21 00:00:00+00:00,6.4449124,9.99565
2033-08-22 00:00:00+00:00,0.0,12.3314905
2033-08-23 00:00:00+00:00,3.3779674,8.4921665
2033-08-24 00:00:00+00:00,0.8765005,6.904128
2033-08-25 00:00:00+00:00,8.7476845,10.25953
2033-08-26 00:00:00+00:00,12.155875,11.328002
2033-08-27 00:00:00+00:00,0.0,6.7088184
2033-08-28 00:00:00+00:00,0.6021642,13.172127
2033-08-29 00:00:00+00:00,16.429092,14.28401
2033-08-30 00:00:00+00:00,6.3998656,9.247177
2033-08-31 00:00:00+00:00,0.0,7.5883665
2033-09-01 00:00:00+00:00,0.7307656,12.159347
2033-09-02 00:00:00+00:00,2.4562342,14.9681425
2033-09-03 00:00:00+00:00,3.251502,11.141561
2033-09-04 00:00:00+00:00,2.2551832,10.795792
2033-09-05 00:00:00+00:00,0.0,13.2365055
2033-09-06 00:00:00+00:00,0.0,18.465574
2033-09-07 00:00:00+00:00,0.0,17.424263
2033-09-08 00:00:00+00:00,1.0593246,15.685361
2033-09-09 00:00:00+00:00,1.5220324,14.294327
2033-09-10 00:00:00+00:00,0.0,17.436043
2033-09-11 00:00:00+00:00,3.305375,16.393587
2033-09-12 00:00:00+00:00,0.6607205,10.815243
2033-09-13 00:00:00+00:00,5.3488774,12.911449
2033-09-14 00:00:00+00:00,8.64572,8.725939
2033-09-15 00:00:00+00:00,4.5511713,10.822633
2033-09-16 00:00:00+00:00,6.5259714,9.777518
2033-09-17 00:00:00+00:00,7.444158,12.573976
2033-09-18 00:00:00+00:00,12.83777,12.227508
2033-09-19 00:00:00+00:00,14.737071,14.326949
2033-09-20 00:00:00+00:00,5.52256,15.029293
2033-09-21 00:00:00+00:00,10.642984,15.382366
2033-09-22 00:00:00+00:00,13.523573,12.93817
2033-09-23 00:00:00+00:00,8.92128,16.43879
2033-09-24 00:00:00+00:00,3.9982438,15.74293
2033-09-25 00:00:00+00:00,0.19647108,6.9984903
2033-09-26 00:00:00+00:00,4.384054,8.050145
2033-09-27 00:00:00+00:00,6.6682224,6.30159
2033-09-28 00:00:00+00:00,10.776722,11.555628
2033-09-29 00:00:00+00:00,3.4582357,8.756324
2033-09-30 00:00:00+00:00,2.6073337,10.510067
2033-10-01 00:00:00+00:00,2.5394526,10.862968
2033-10-02 00:00:00+00:00,4.8131075,8.061531
2033-10-03 00:00:00+00:00,2.5336988,16.12689
2033-10-04 00:00:00+00:00,0.9084304,10.169373
2033-10-05 00:00:00+00:00,2.203387,10.171797
2033-10-06 00:00:00+00:00,1.1002268,8.069216
2033-10-07 00:00:00+00:00,3.0375526,8.422069
2033-10-08 00:00:00+00:00,4.7109704,7.3710785
2033-10-09 00:00:00+00:00,2.963968,5.617412
2033-10-10 00:00:00+00:00,1.543899,7.37463
2033-10-11 00:00:00+00:00,7.7062263,5.9713817
2033-10-12 00:00:00+00:00,4.102521,9.8376
2033-10-13 00:00:00+00:00,5.2462473,9.839987
2033-10-14 00:00:00+00:00,4.7886133,10.896923
2033-10-15 00:00:00+00:00,1.9112976,10.547981
2033-10-16 00:00:00+00:00,5.5299907,8.088763
2033-10-17 00:00:00+00:00,3.1069398,6.3318863
2033-10-18 00:00:00+00:00,0.0,5.9815836
2033-10-19 00:00:00+00:00,0.0,4.5752773
2033-10-20 00:00:00+00:00,4.589678,7.3926544
2033-10-21 00:00:00+00:00,1.5040325,5.633892
2033-10-22 00:00:00+00:00,2.373033,5.283082
2033-10-23 00:00:00+00:00,0.18663336,8.102737
2033-10-24 00:00:00+00:00,0.0,6.3428507
2033-10-25 00:00:00+00:00,0.0,6.3444333
2033-10-26 00:00:00+00:00,0.0,6.3460193
2033-10-27 00:00:00+00:00,0.0,5.9949646
2033-10-28 00:00:00+00:00,0.0,5.6437364
2033-10-29 00:00:00+00:00,0.0,4.9395127
2033-10-30 00:00:00+00:00,0.0,9.528607
2033-10-31 00:00:00+00:00,0.0,9.531015
2033-11-01 00:00:00+00:00,0.0,5.296351
2033-11-02 00:00:00+00:00,0.0,5.267244
2033-11-03 00:00:00+00:00,0.0,6.281184
2033-11-04 00:00:00+00:00,0.0,5.5487475
2033-11-05 00:00:00+00:00,0.0,13.097644
2033-11-06 00:00:00+00:00,0.0,11.647995
2033-11-07 00:00:00+00:00,0.0,10.216068
2033-11-08 00:00:00+00:00,0.0,6.093299
2033-11-09 00:00:00+00:00,0.0,5.721015
2033-11-10 00:00:00+00:00,0.0,5.3532124
2033-11-11 00:00:00+00:00,0.0,11.642832
2033-11-12 00:00:00+00:00,0.0,19.5148
2033-11-13 00:00:00+00:00,0.0,12.498044
2033-11-14 00:00:00+00:00,0.0,14.390703
2033-11-15 00:00:00+00:00,0.0,11.383934
2033-11-16 00:00:00+00:00,0.0,4.528674
2033-11-17 00:00:00+00:00,0.0,8.68658
2033-11-18 00:00:00+00:00,0.0,9.280003
2033-11-19 00:00:00+00:00,0.0,10.822227
2033-11-20 00:00:00+00:00,0.0,11.39856
2033-11-21 00:00:00+00:00,0.0,14.173975
2033-11-22 00:00:00+00:00,0.0,13.787485
2033-11-23 00:00:00+00:00,0.0,10.911259
2033-11-24 00:00:00+00:00,0.0,4.6525745
2033-11-25 00:00:00+00:00,0.0,9.25847
2033-11-26 00:00:00+00:00,0.0,11.6691065
2033-11-27 00:00:00+00:00,0.0,14.972907
2033-11-28 00:00:00+00:00,0.0,18.244707
2033-11-29 00:00:00+00:00,0.0,17.853882
2033-11-30 00:00:00+00:00,0.0,15.057913
2033-12-01 00:00:00+00:00,0.0,15.8855915
2033-12-02 00:00:00+00:00,0.0,12.231021
2033-12-03 00:00:00+00:00,0.0,10.095487
2033-12-04 00:00:00+00:00,0.0,10.344366
2033-12-05 00:00:00+00:00,0.0,12.944753
2033-12-06 00:00:00+00:00,0.0,18.450336
2033-12-07 00:00:00+00:00,0.0,16.909533
2033-12-08 00:00:00+00:00,0.0,15.382832
2033-12-09 00:00:00+00:00,0.0,15.892659
2033-12-10 00:00:00+00:00,0.0,16.110607
2033-12-11 00:00:00+00:00,0.0,17.186262
2033-12-12 00:00:00+00:00,0.0,14.2600975
2033-12-13 00:00:00+00:00,0.0,13.631129
2033-12-14 00:00:00+00:00,0.0,11.876639
2033-12-15 00:00:00+00:00,0.0,12.389851
2033-12-16 00:00:00+00:00,0.0,10.655683
2033-12-17 00:00:00+00:00,0.0,8.656824
2033-12-18 00:00:00+00:00,0.0,7.5088725
2033-12-19 00:00:00+00:00,0.0,6.093436
2033-12-20 00:00:00+00:00,0.0,12.965234
2033-12-21 00:00:00+00:00,0.0,20.056845
2033-12-22 00:00:00+00:00,0.0,19.7035
2033-12-23 00:00:00+00:00,0.0,16.627453
2033-12-24 00:00:00+00:00,0.0,13.30426
2033-12-25 00:00:00+00:00,0.0,13.523117
2033-12-26 00:00:00+00:00,0.0,16.16529
2033-12-27 00:00:00+00:00,0.0,14.224818
2033-12-28 00:00:00+00:00,0.0,12.299294
2033-12-29 00:00:00+00:00,0.0,14.6504
2033-12-30 00:00:00+00:00,0.0,13.799619
2033-12-31 00:00:00+00:00,0.0,16.656889
2034-01-01 00:00:00+00:00,0.0,17.385975
2034-01-02 00:00:00+00:00,0.0,13.949676
2034-01-03 00:00:00+00:00,0.0,15.252827
2034-01-04 00:00:00+00:00,0.0,15.240018
2034-01-05 00:00:00+00:00,0.0,15.227251
2034-01-06 00:00:00+00:00,0.0,15.214533
2034-01-07 00:00:00+00:00,0.0,15.726062
2034-01-08 00:00:00+00:00,0.0,14.927345
2034-01-09 00:00:00+00:00,0.0,13.606646
2034-01-10 00:00:00+00:00,0.0,9.412202
2034-01-11 00:00:00+00:00,0.0,7.8370376
2034-01-12 00:00:00+00:00,0.0,7.047538
2034-01-13 00:00:00+00:00,0.0,15.387554
2034-01-14 00:00:00+00:00,0.0,18.502089
2034-01-15 00:00:00+00:00,0.0,16.664343
2034-01-16 00:00:00+00:00,0.0,16.130457
2034-01-17 00:00:00+00:00,0.0,16.637295
2034-01-18 00:00:00+00:00,0.0,15.844595
2034-01-19 00:00:00+00:00,0.0,15.053202
2034-01-20 00:00:00+00:00,0.0,12.96646
2034-01-21 00:00:00+00:00,0.0,13.733422
2034-01-22 00:00:00+00:00,0.0,14.758087
2034-01-23 00:00:00+00:00,0.0,13.452776
2034-01-24 00:00:00+00:00,0.0,15.510078
2034-01-25 00:00:00+00:00,0.0,15.756064
2034-01-26 00:00:00+00:00,0.0,14.711222
2034-01-27 00:00:00+00:00,0.0,16.246937
2034-01-28 00:00:00+00:00,0.0,15.461086
2034-01-29 00:00:00+00:00,0.0,16.221388
2034-01-30 00:00:00+00:00,0.0,17.495085
2034-01-31 00:00:00+00:00,0.0,19.795134
2034-02-01 00:00:00+00:00,0.0,19.52283
2034-02-02 00:00:00+00:00,0.0,15.400779
2034-02-03 00:00:00+00:00,0.0,14.619398
2034-02-04 00:00:00+00:00,0.0,14.864378
2034-02-05 00:00:00+00:00,0.0,14.59683
2034-02-06 00:00:00+00:00,0.0,12.026724
2034-02-07 00:00:00+00:00,0.0,10.227657
2034-02-08 00:00:00+00:00,0.0,9.964335
2034-02-09 00:00:00+00:00,0.0,15.8286495
2034-02-10 00:00:00+00:00,0.0,17.602346
2034-02-11 00:00:00+00:00,0.0,17.843895
2034-02-12 00:00:00+00:00,0.0,16.556782
2034-02-13 00:00:00+00:00,0.0,15.27164
2034-02-14 00:00:00+00:00,0.0,13.73412
2034-02-15 00:00:00+00:00,0.0,13.469655
2034-02-16 00:00:00+00:00,0.0,12.443743
2034-02-17 00:00:00+00:00,0.0,11.419383
2034-02-18 00:00:00+00:00,0.0,11.410869
2034-02-19 00:00:00+00:00,0.0,12.415927
2034-02-20 00:00:00+00:00,0.0,11.393922
2034-02-21 00:00:00+00:00,0.0,15.180652
2034-02-22 00:00:00+00:00,0.0,11.377084
2034-02-23 00:00:00+00:00,0.0,7.579138
2034-02-24 00:00:00+00:00,0.0,8.078478
2034-02-25 00:00:00+00:00,0.0,9.333898
2034-02-26 00:00:00+00:00,0.0,10.839576
2034-02-27 00:00:00+00:00,0.0,11.335473
2034-02-28 00:00:00+00:00,0.0,20.137306
2034-03-01 00:00:00+00:00,0.0,14.588958
2034-03-02 00:00:00+00:00,0.0,6.0324435
2034-03-03 00:00:00+00:00,0.0,15.825589
2034-03-04 00:00:00+00:00,0.0,16.833994
2034-03-05 00:00:00+00:00,0.0,16.334988
2034-03-06 00:00:00+00:00,0.0,15.081674
2034-03-07 00:00:00+00:00,0.0,10.810844
2034-03-08 00:00:00+00:00,0.0,14.836653
2034-03-09 00:00:00+00:00,0.0,12.8276415
2034-03-10 00:00:00+00:00,0.0,12.578799
2034-03-11 00:00:00+00:00,0.0,15.097775
2034-03-12 00:00:00+00:00,0.0,15.604357
2034-03-13 00:00:00+00:00,0.0,21.145885
2034-03-14 00:00:00+00:00,0.0,20.898592
2034-03-15 00:00:00+00:00,0.0,17.62906
2034-03-16 00:00:00+00:00,0.0,11.839167
2034-03-17 00:00:00+00:00,0.0,18.392393
2034-03-18 00:00:00+00:00,0.0,18.648293
2034-03-19 00:00:00+00:00,0.0,15.375498
2034-03-20 00:00:00+00:00,0.0,16.89141
2034-03-21 00:00:00+00:00,0.0,17.903639
2034-03-22 00:00:00+00:00,0.0,21.438461
2034-03-23 00:00:00+00:00,0.0,18.668007
2034-03-24 00:00:00+00:00,0.0,15.896385
2034-03-25 00:00:00+00:00,0.0,9.842692
2034-03-26 00:00:00+00:00,0.0,12.621492
2034-03-27 00:00:00+00:00,0.0,12.87663
2034-03-28 00:00:00+00:00,0.0,13.384407
2034-03-29 00:00:00+00:00,0.0,12.376862
2034-03-30 00:00:00+00:00,0.0,13.895311
2034-03-31 00:00:00+00:00,0.0,12.634748
2034-04-01 00:00:00+00:00,0.0,14.659378
2034-04-02 00:00:00+00:00,0.0,15.420848
2034-04-03 00:00:00+00:00,0.0,15.424075
2034-04-04 00:00:00+00:00,0.0,17.197643
2034-04-05 00:00:00+00:00,0.0,13.153884
2034-04-06 00:00:00+00:00,0.0,15.939761
2034-04-07 00:00:00+00:00,0.0,17.208408
2034-04-08 00:00:00+00:00,0.0,17.211992
2034-04-09 00:00:00+00:00,0.0,13.92436
2034-04-10 00:00:00+00:00,0.0,14.9401455
2034-04-11 00:00:00+00:00,0.0,15.956354
2034-04-12 00:00:00+00:00,0.0,13.679713
2034-04-13 00:00:00+00:00,0.0,13.17579
2034-04-14 00:00:00+00:00,0.0,12.418223
2034-04-15 00:00:00+00:00,0.0,12.674277
2034-04-16 00:00:00+00:00,0.0,12.423364
2034-04-17 00:00:00+00:00,0.0,14.961835
2034-04-18 00:00:00+00:00,0.0,13.950355
2034-04-19 00:00:00+00:00,0.0,13.953237
2034-04-20 00:00:00+00:00,0.0,18.269821
2034-04-21 00:00:00+00:00,0.0,20.303986
2034-04-22 00:00:00+00:00,0.0,18.023499
2034-04-23 00:00:00+00:00,0.0,17.773302
2034-04-24 00:00:00+00:00,0.0,15.491347
2034-04-25 00:00:00+00:00,0.0,14.224485
2034-04-26 00:00:00+00:00,0.0,14.989586
2034-04-27 00:00:00+00:00,0.0,13.722096
2034-04-28 00:00:00+00:00,0.0,16.266558
2034-04-29 00:00:00+00:00,0.0,16.269892
2034-04-30 00:00:00+00:00,0.0,16.527487
2034-05-01 00:00:00+00:00,0.0,13.479013
2034-05-02 00:00:00+00:00,0.0,11.1924095
2034-05-03 00:00:00+00:00,0.0,13.228706
2034-05-04 00:00:00+00:00,0.0,8.902016
2034-05-05 00:00:00+00:00,0.0,15.511593
2034-05-06 00:00:00+00:00,0.0,8.89817
2034-05-07 00:00:00+00:00,0.0,14.4881735
2034-05-08 00:00:00+00:00,0.0,14.485041
2034-05-09 00:00:00+00:00,0.0,10.162742
2034-05-10 00:00:00+00:00,0.0,12.192648
2034-05-11 00:00:00+00:00,0.0,15.23751
2034-05-12 00:00:00+00:00,0.0,17.01153
2034-05-13 00:00:00+00:00,0.0,22.084805
2034-05-14 00:00:00+00:00,0.0,21.82622
2034-05-15 00:00:00+00:00,0.0,17.50793
2034-05-16 00:00:00+00:00,0.0,14.206248
2034-05-17 00:00:00+00:00,0.0,12.427765
2034-05-18 00:00:00+00:00,0.0,12.171488
2034-05-19 00:00:00+00:00,0.0,12.422356
2034-05-20 00:00:00+00:00,0.0,13.940421
2034-05-21 00:00:00+00:00,0.0,20.779373
2034-05-22 00:00:00+00:00,0.0,23.81506
2034-05-23 00:00:00+00:00,0.0,17.22416
2034-05-24 00:00:00+00:00,0.0,17.98012
2034-05-25 00:00:00+00:00,0.0,17.723005
2034-05-26 00:00:00+00:00,0.0,14.934695
2034-05-27 00:00:00+00:00,0.0,11.894528
2034-05-28 00:00:00+00:00,0.0,13.663064
2034-05-29 00:00:00+00:00,0.0,10.371533
2034-05-30 00:00:00+00:00,0.0,10.622171
2034-05-31 00:00:00+00:00,0.0,14.665496
2034-06-01 00:00:00+00:00,0.0,16.937458
2034-06-02 00:00:00+00:00,0.0,16.93374
2034-06-03 00:00:00+00:00,0.0,19.70958
2034-06-04 00:00:00+00:00,0.0,18.947351
2034-06-05 00:00:00+00:00,0.0,16.670002
2034-06-06 00:00:00+00:00,0.0,17.676414
2034-06-07 00:00:00+00:00,0.0,17.924988
2034-06-08 00:00:00+00:00,0.0,18.425858
2034-06-09 00:00:00+00:00,0.0,16.150614
2034-06-10 00:00:00+00:00,0.0,13.3717785
2034-06-11 00:00:00+00:00,0.0,15.386761
2034-06-12 00:00:00+00:00,0.0,15.887737
2034-06-13 00:00:00+00:00,0.0,15.127837
2034-06-14 00:00:00+00:00,0.0,15.8807125
2034-06-15 00:00:00+00:00,0.0,21.169598
2034-06-16 00:00:00+00:00,0.0,21.668842
2034-06-17 00:00:00+00:00,0.0,20.656408
2034-06-18 00:00:00+00:00,0.0,20.39998
2034-06-19 00:00:00+00:00,0.0,19.891865
2034-06-20 00:00:00+00:00,0.0,17.118313
2034-06-21 00:00:00+00:00,0.0,17.114511
2034-06-22 00:00:00+00:00,0.0,16.607452
2034-06-23 00:00:00+00:00,0.0,16.60376
2034-06-24 00:00:00+00:00,0.0,15.090967
2034-06-25 00:00:00+00:00,0.0,16.847832
2034-06-26 00:00:00+00:00,0.0,16.84408
2034-06-27 00:00:00+00:00,0.0,18.348415
2034-06-28 00:00:00+00:00,0.0,19.600784
2034-06-29 00:00:00+00:00,0.0,19.345177
2034-06-30 00:00:00+00:00,0.0,21.099113
2034-07-01 00:00:00+00:00,0.0,20.089905
2034-07-02 00:00:00+00:00,0.0,18.830076
2034-07-03 00:00:00+00:00,0.0,15.336091
2034-07-04 00:00:00+00:00,0.0,16.660368
2034-07-05 00:00:00+00:00,0.0,17.235336
2034-07-06 00:00:00+00:00,0.0,14.506756
2034-07-07 00:00:00+00:00,0.0,16.10035
2034-07-08 00:00:00+00:00,0.0,16.42438
2034-07-09 00:00:00+00:00,0.0,19.843992
2034-07-10 00:00:00+00:00,0.0,19.152025
2034-07-11 00:00:00+00:00,0.0,16.375086
2034-07-12 00:00:00+00:00,0.0,22.189005
2034-07-13 00:00:00+00:00,0.0,19.664007
2034-07-14 00:00:00+00:00,0.0,20.54061
2034-07-15 00:00:00+00:00,10.888189,11.902978
2034-07-16 00:00:00+00:00,9.445168,12.22199
2034-07-17 00:00:00+00:00,0.0,13.344797
2034-07-18 00:00:00+00:00,0.0,17.159193
2034-07-19 00:00:00+00:00,0.0,14.54464
2034-07-20 00:00:00+00:00,1.9557779,14.341515
2034-07-21 00:00:00+00:00,0.0,11.961883
2034-07-22 00:00:00+00:00,0.0,16.115538
2034-07-23 00:00:00+00:00,0.0,20.309011
2034-07-24 00:00:00+00:00,0.0,21.233946
2034-07-25 00:00:00+00:00,0.0,19.67434
2034-07-26 00:00:00+00:00,0.0,20.606047
2034-07-27 00:00:00+00:00,0.0,20.987696
2034-07-28 00:00:00+00:00,0.0,20.248665
2034-07-29 00:00:00+00:00,0.21723808,16.95882
2034-07-30 00:00:00+00:00,0.0,15.624568
2034-07-31 00:00:00+00:00,0.0,18.5601
2034-08-01 00:00:00+00:00,0.0,17.508121
2034-08-02 00:00:00+00:00,0.0,17.599636
2034-08-03 00:00:00+00:00,0.0,18.272593
2034-08-04 00:00:00+00:00,0.0,17.495197
2034-08-05 00:00:00+00:00,0.0,16.416702
2034-08-06 00:00:00+00:00,0.0,17.09539
2034-08-07 00:00:00+00:00,0.0,18.078285
2034-08-08 00:00:00+00:00,0.0,19.37049
2034-08-09 00:00:00+00:00,0.0,19.478899
2034-08-10 00:00:00+00:00,0.0,18.98627
2034-08-11 00:00:00+00:00,0.0,20.61014
2034-08-12 00:00:00+00:00,0.0,21.033865
2034-08-13 00:00:00+00:00,0.27661943,19.316755
2034-08-14 00:00:00+00:00,0.34490588,16.037865
2034-08-15 00:00:00+00:00,0.27524713,12.720469
2034-08-16 00:00:00+00:00,0.0,22.784801
2034-08-17 00:00:00+00:00,0.0,22.295189
2034-08-18 00:00:00+00:00,0.0,18.640743
2034-08-19 00:00:00+00:00,0.0,15.259459
2034-08-20 00:00:00+00:00,0.0,23.35266
2034-08-21 00:00:00+00:00,0.0,23.178802
2034-08-22 00:00:00+00:00,2.8448277,21.059439
2034-08-23 00:00:00+00:00,6.2862315,17.60892
2034-08-24 00:00:00+00:00,0.0,13.785572
2034-08-25 00:00:00+00:00,0.0,20.815378
2034-08-26 00:00:00+00:00,0.0,22.95056
2034-08-27 00:00:00+00:00,0.0,20.42713
2034-08-28 00:00:00+00:00,13.253745,16.183987
2034-08-29 00:00:00+00:00,6.0133715,10.185127
2034-08-30 00:00:00+00:00,0.0,17.778057
2034-08-31 00:00:00+00:00,0.0,27.544964
2034-09-01 00:00:00+00:00,0.0,22.887774
2034-09-02 00:00:00+00:00,0.0,20.188465
2034-09-03 00:00:00+00:00,11.149174,19.148489
2034-09-04 00:00:00+00:00,19.967152,11.491653
2034-09-05 00:00:00+00:00,0.7956865,13.932385
2034-09-06 00:00:00+00:00,0.06627757,13.587114
2034-09-07 00:00:00+00:00,3.1136134,13.938627
2034-09-08 00:00:00+00:00,1.5229625,16.730112
2034-09-09 00:00:00+00:00,7.4787383,15.688011
2034-09-10 00:00:00+00:00,12.833167,12.553241
2034-09-11 00:00:00+00:00,0.0,12.556078
2034-09-12 00:00:00+00:00,0.0,13.256641
2034-09-13 00:00:00+00:00,0.85858184,17.446913
2034-09-14 00:00:00+00:00,3.4983914,17.450884
2034-09-15 00:00:00+00:00,0.0,13.2656975
2034-09-16 00:00:00+00:00,1.6482263,12.2212
2034-09-17 00:00:00+00:00,0.26355192,19.558397
2034-09-18 00:00:00+00:00,0.06584554,19.562887
2034-09-19 00:00:00+00:00,0.065801695,16.073212
2034-09-20 00:00:00+00:00,1.5781525,15.377924
2034-09-21 00:00:00+00:00,0.59138477,16.779795
2034-09-22 00:00:00+00:00,1.1162342,16.78368
2034-09-23 00:00:00+00:00,0.0,17.487059
2034-09-24 00:00:00+00:00,4.130175,16.091835
2034-09-25 00:00:00+00:00,0.0,17.495201
2034-09-26 00:00:00+00:00,0.5890323,21.349134
2034-09-27 00:00:00+00:00,0.0,21.354136
2034-09-28 00:00:00+00:00,0.0,16.457045
2034-09-29 00:00:00+00:00,0.19579771,17.511614
2034-09-30 00:00:00+00:00,0.0,15.063541
2034-10-01 00:00:00+00:00,0.0,14.7167
2034-10-02 00:00:00+00:00,0.0,18.575472
2034-10-03 00:00:00+00:00,0.0,18.229313
2034-10-04 00:00:00+00:00,0.0,13.67524
2034-10-05 00:00:00+00:00,0.06482645,14.029228
2034-10-06 00:00:00+00:00,0.45318824,14.032579
2034-10-07 00:00:00+00:00,0.0,22.106607
2034-10-08 00:00:00+00:00,2.5823207,18.953066
2034-10-09 00:00:00+00:00,0.0,13.691618
2034-10-10 00:00:00+00:00,0.0,10.885703
2034-10-11 00:00:00+00:00,0.0,11.23957
2034-10-12 00:00:00+00:00,0.0,13.701541
2034-10-13 00:00:00+00:00,3.520555,15.110494
2034-10-14 00:00:00+00:00,0.0,14.762673
2034-10-15 00:00:00+00:00,0.0,14.414696
2034-10-16 00:00:00+00:00,0.31800327,17.58319
2034-10-17 00:00:00+00:00,0.0,9.145497
2034-10-18 00:00:00+00:00,0.0,8.092233
2034-10-19 00:00:00+00:00,0.0,10.909605
2034-10-20 00:00:00+00:00,0.0,13.024351
2034-10-21 00:00:00+00:00,0.0,7.7461214
2034-10-22 00:00:00+00:00,0.0,11.974244
2034-10-23 00:00:00+00:00,0.0,8.454506
2034-10-24 00:00:00+00:00,0.0,15.50378
2034-10-25 00:00:00+00:00,0.0,16.564985
2034-10-26 00:00:00+00:00,0.0,16.216589
2034-10-27 00:00:00+00:00,0.24450544,19.041636
2034-10-28 00:00:00+00:00,0.0,11.286763
2034-10-29 00:00:00+00:00,0.0,15.876004
2034-10-30 00:00:00+00:00,0.0,11.645338
2034-10-31 00:00:00+00:00,0.0,20.825716
2034-11-01 00:00:00+00:00,0.0,15.534977
2034-11-02 00:00:00+00:00,0.0,13.364761
2034-11-03 00:00:00+00:00,0.0,10.8344965
2034-11-04 00:00:00+00:00,0.0,6.25199
2034-11-05 00:00:00+00:00,0.0,6.90404
2034-11-06 00:00:00+00:00,0.0,9.263876
2034-11-07 00:00:00+00:00,0.0,13.641823
2034-11-08 00:00:00+00:00,0.0,15.933858
2034-11-09 00:00:00+00:00,0.0,15.166073
2034-11-10 00:00:00+00:00,0.0,16.41801
2034-11-11 00:00:00+00:00,0.0,15.657125
2034-11-12 00:00:00+00:00,0.0,16.892717
2034-11-13 00:00:00+00:00,0.0,10.210129
2034-11-14 00:00:00+00:00,0.0,11.1355915
2034-11-15 00:00:00+00:00,0.0,15.959505
2034-11-16 00:00:00+00:00,0.0,12.308915
2034-11-17 00:00:00+00:00,0.0,6.121051
2034-11-18 00:00:00+00:00,0.0,18.905306
2034-11-19 00:00:00+00:00,0.0,17.211052
2034-11-20 00:00:00+00:00,0.0,10.779456
2034-11-21 00:00:00+00:00,0.0,14.192428
2034-11-22 00:00:00+00:00,0.0,11.608972
2034-11-23 00:00:00+00:00,0.0,8.428009
2034-11-24 00:00:00+00:00,0.0,9.938053
2034-11-25 00:00:00+00:00,0.0,10.81509
2034-11-26 00:00:00+00:00,0.0,11.068675
2034-11-27 00:00:00+00:00,0.0,16.215118
2034-11-28 00:00:00+00:00,0.0,14.309116
2034-11-29 00:00:00+00:00,0.0,14.542745
2034-11-30 00:00:00+00:00,0.0,17.789612
2034-12-01 00:00:00+00:00,0.0,17.404861
2034-12-02 00:00:00+00:00,0.0,14.93342
2034-12-03 00:00:00+00:00,0.0,16.34997
2034-12-04 00:00:00+00:00,0.0,18.937267
2034-12-05 00:00:00+00:00,0.0,18.850292
2034-12-06 00:00:00+00:00,0.0,10.555016
2034-12-07 00:00:00+00:00,0.0,4.3780756
2034-12-08 00:00:00+00:00,0.0,8.716975
2034-12-09 00:00:00+00:00,0.0,13.0174675
2034-12-10 00:00:00+00:00,0.0,19.008324
2034-12-11 00:00:00+00:00,0.0,20.932686
2034-12-12 00:00:00+00:00,0.0,18.55811
2034-12-13 00:00:00+00:00,0.0,19.047121
2034-12-14 00:00:00+00:00,0.0,12.73846
2034-12-15 00:00:00+00:00,0.0,14.376059
2034-12-16 00:00:00+00:00,0.0,17.684418
2034-12-17 00:00:00+00:00,0.0,17.890633
2034-12-18 00:00:00+00:00,0.0,16.425102
2034-12-19 00:00:00+00:00,0.0,15.526339
2034-12-20 00:00:00+00:00,0.0,15.463524
2034-12-21 00:00:00+00:00,0.0,17.326654
2034-12-22 00:00:00+00:00,0.0,17.531609
2034-12-23 00:00:00+00:00,0.0,16.91668
2034-12-24 00:00:00+00:00,0.0,15.219722
2034-12-25 00:00:00+00:00,0.0,19.221436
2034-12-26 00:00:00+00:00,0.0,22.922852
2034-12-27 00:00:00+00:00,0.0,19.880014
2034-12-28 00:00:00+00:00,0.0,17.395891
2034-12-29 00:00:00+00:00,0.0,13.597676
2034-12-30 00:00:00+00:00,0.0,14.34373
2034-12-31 00:00:00+00:00,0.0,16.936934
2035-01-01 00:00:00+00:00,0.0,18.72026
2035-01-02 00:00:00+00:00,0.0,15.005647
2035-01-03 00:00:00+00:00,0.0,16.57121
2035-01-04 00:00:00+00:00,0.0,15.243216
2035-01-05 00:00:00+00:00,0.0,19.957129
2035-01-06 00:00:00+00:00,0.0,20.98994
2035-01-07 00:00:00+00:00,0.0,18.8752
2035-01-08 00:00:00+00:00,0.0,22.78857
2035-01-09 00:00:00+00:00,0.0,23.031399
2035-01-10 00:00:00+00:00,0.0,21.443329
2035-01-11 00:00:00+00:00,0.0,18.29019
2035-01-12 00:00:00+00:00,0.0,16.447632
2035-01-13 00:00:00+00:00,0.0,20.086174
2035-01-14 00:00:00+00:00,0.0,18.245222
2035-01-15 00:00:00+00:00,0.0,17.969906
2035-01-16 00:00:00+00:00,0.0,13.79174
2035-01-17 00:00:00+00:00,0.0,14.3005705
2035-01-18 00:00:00+00:00,0.0,17.926195
2035-01-19 00:00:00+00:00,0.0,16.613777
2035-01-20 00:00:00+00:00,0.0,19.4536
2035-01-21 00:00:00+00:00,0.0,23.584755
2035-01-22 00:00:00+00:00,0.0,21.494144
2035-01-23 00:00:00+00:00,0.0,20.700705
2035-01-24 00:00:00+00:00,0.0,16.805927
2035-01-25 00:00:00+00:00,0.0,16.275885
2035-01-26 00:00:00+00:00,0.0,15.746704
2035-01-27 00:00:00+00:00,0.0,18.571589
2035-01-28 00:00:00+00:00,0.0,17.268274
2035-01-29 00:00:00+00:00,0.0,19.31497
2035-01-30 00:00:00+00:00,0.0,19.81449
2035-01-31 00:00:00+00:00,0.0,19.027607
2035-02-01 00:00:00+00:00,0.0,16.186548
2035-02-02 00:00:00+00:00,0.0,15.147039
2035-02-03 00:00:00+00:00,0.0,14.109167
2035-02-04 00:00:00+00:00,0.0,17.174234
2035-02-05 00:00:00+00:00,0.0,16.904846
2035-02-06 00:00:00+00:00,0.0,18.17152
2035-02-07 00:00:00+00:00,0.0,18.413315
2035-02-08 00:00:00+00:00,0.0,18.399216
2035-02-09 00:00:00+00:00,0.0,19.40656
2035-02-10 00:00:00+00:00,0.0,16.329918
2035-02-11 00:00:00+00:00,0.0,18.86712
2035-02-12 00:00:00+00:00,0.0,21.400505
2035-02-13 00:00:00+00:00,0.0,23.675508
2035-02-14 00:00:00+00:00,0.0,20.09629
2035-02-15 00:00:00+00:00,0.0,17.79345
2035-02-16 00:00:00+00:00,0.0,12.446074
2035-02-17 00:00:00+00:00,0.0,13.959631
2035-02-18 00:00:00+00:00,0.0,16.231813
2035-02-19 00:00:00+00:00,0.0,16.7266
2035-02-20 00:00:00+00:00,0.0,18.486898
2035-02-21 00:00:00+00:00,0.0,22.52213
2035-02-22 00:00:00+00:00,0.0,20.735397
2035-02-23 00:00:00+00:00,0.0,20.46744
2035-02-24 00:00:00+00:00,0.0,18.43241
2035-02-25 00:00:00+00:00,0.0,14.381878
2035-02-26 00:00:00+00:00,0.0,11.093683
2035-02-27 00:00:00+00:00,0.0,10.077812
2035-02-28 00:00:00+00:00,0.0,16.112768
2035-03-01 00:00:00+00:00,0.0,16.10108
2035-03-02 00:00:00+00:00,0.0,13.324056
2035-03-03 00:00:00+00:00,0.0,17.333887
2035-03-04 00:00:00+00:00,0.0,19.596735
2035-03-05 00:00:00+00:00,0.0,21.86258
2035-03-06 00:00:00+00:00,0.0,18.851086
2035-03-07 00:00:00+00:00,0.0,15.838295
2035-03-08 00:00:00+00:00,0.0,13.578585
2035-03-09 00:00:00+00:00,0.0,16.096573
2035-03-10 00:00:00+00:00,0.0,12.326567
2035-03-11 00:00:00+00:00,0.0,11.825961
2035-03-12 00:00:00+00:00,0.0,16.106869
2035-03-13 00:00:00+00:00,0.0,19.130976
2035-03-14 00:00:00+00:00,0.0,20.89748
2035-03-15 00:00:00+00:00,0.0,19.894596
2035-03-16 00:00:00+00:00,0.0,19.395054
2035-03-17 00:00:00+00:00,0.0,16.37592
2035-03-18 00:00:00+00:00,0.0,16.1274
2035-03-19 00:00:00+00:00,0.0,15.626726
2035-03-20 00:00:00+00:00,0.0,16.890518
2035-03-21 00:00:00+00:00,0.0,18.406996
2035-03-22 00:00:00+00:00,0.0,13.366804
2035-03-23 00:00:00+00:00,0.0,15.892196
2035-03-24 00:00:00+00:00,0.0,13.624756
2035-03-25 00:00:00+00:00,0.0,18.422531
2035-03-26 00:00:00+00:00,0.0,22.96991
2035-03-27 00:00:00+00:00,0.0,16.410528
2035-03-28 00:00:00+00:00,0.0,17.171547
2035-03-29 00:00:00+00:00,0.0,18.438032
2035-03-30 00:00:00+00:00,0.0,14.652469
2035-03-31 00:00:00+00:00,0.0,17.43504
2035-04-01 00:00:00+00:00,0.0,11.878529
2035-04-02 00:00:00+00:00,0.0,16.936768
2035-04-03 00:00:00+00:00,0.0,20.98576
2035-04-04 00:00:00+00:00,0.0,16.438065
2035-04-05 00:00:00+00:00,0.0,14.164983
2035-04-06 00:00:00+00:00,0.0,13.914938
2035-04-07 00:00:00+00:00,0.0,15.183098
2035-04-08 00:00:00+00:00,0.0,19.489035
2035-04-09 00:00:00+00:00,0.0,19.999405
2035-04-10 00:00:00+00:00,0.0,16.965046
2035-04-11 00:00:00+00:00,0.0,12.916376
2035-04-12 00:00:00+00:00,0.0,8.86602
2035-04-13 00:00:00+00:00,0.0,10.641432
2035-04-14 00:00:00+00:00,0.0,12.9244175
2035-04-15 00:00:00+00:00,0.0,18.756962
2035-04-16 00:00:00+00:00,0.0,21.549618
2035-04-17 00:00:00+00:00,0.0,20.286186
2035-04-18 00:00:00+00:00,0.0,12.935115
2035-04-19 00:00:00+00:00,0.0,20.294567
2035-04-20 00:00:00+00:00,0.0,21.059958
2035-04-21 00:00:00+00:00,0.0,15.7347765
2035-04-22 00:00:00+00:00,0.0,21.068638
2035-04-23 00:00:00+00:00,0.0,21.326866
2035-04-24 00:00:00+00:00,0.0,21.077309
2035-04-25 00:00:00+00:00,0.0,19.557661
2035-04-26 00:00:00+00:00,0.0,20.069775
2035-04-27 00:00:00+00:00,0.0,14.737793
2035-04-28 00:00:00+00:00,0.0,18.553095
2035-04-29 00:00:00+00:00,0.0,16.014854
2035-04-30 00:00:00+00:00,0.0,15.509619
2035-05-01 00:00:00+00:00,0.0,14.241249
2035-05-02 00:00:00+00:00,0.0,10.428759
2035-05-03 00:00:00+00:00,0.0,9.41324
2035-05-04 00:00:00+00:00,0.0,22.383419
2035-05-05 00:00:00+00:00,0.0,23.395792
2035-05-06 00:00:00+00:00,0.0,16.526068
2035-05-07 00:00:00+00:00,0.0,12.963803
2035-05-08 00:00:00+00:00,0.0,11.18204
2035-05-09 00:00:00+00:00,0.0,16.007183
2035-05-10 00:00:00+00:00,0.0,18.035934
2035-05-11 00:00:00+00:00,0.0,16.254225
2035-05-12 00:00:00+00:00,0.0,16.2507
2035-05-13 00:00:00+00:00,0.0,15.739451
2035-05-14 00:00:00+00:00,0.0,15.22842
2035-05-15 00:00:00+00:00,0.0,17.001377
2035-05-16 00:00:00+00:00,0.0,14.207018
2035-05-17 00:00:00+00:00,0.0,19.276764
2035-05-18 00:00:00+00:00,0.0,19.018986
2035-05-19 00:00:00+00:00,0.0,13.944219
2035-05-20 00:00:00+00:00,0.0,16.222467
2035-05-21 00:00:00+00:00,0.0,16.979193
2035-05-22 00:00:00+00:00,0.0,16.468758
2035-05-23 00:00:00+00:00,0.0,16.971786
2035-05-24 00:00:00+00:00,0.0,13.422513
2035-05-25 00:00:00+00:00,0.0,13.4195795
2035-05-26 00:00:00+00:00,0.0,11.138349
2035-05-27 00:00:00+00:00,0.0,13.919891
2035-05-28 00:00:00+00:00,0.0,13.916845
2035-05-29 00:00:00+00:00,0.0,16.190601
2035-05-30 00:00:00+00:00,0.0,15.428286
2035-05-31 00:00:00+00:00,0.0,17.700708
2035-06-01 00:00:00+00:00,0.0,19.972134
2035-06-02 00:00:00+00:00,0.0,20.473263
2035-06-03 00:00:00+00:00,0.0,17.689054
2035-06-04 00:00:00+00:00,0.0,19.958975
2035-06-05 00:00:00+00:00,0.0,17.933867
2035-06-06 00:00:00+00:00,0.0,16.414717
2035-06-07 00:00:00+00:00,0.0,16.158627
2035-06-08 00:00:00+00:00,0.0,13.378414
2035-06-09 00:00:00+00:00,0.0,14.132566
2035-06-10 00:00:00+00:00,0.0,16.652565
2035-06-11 00:00:00+00:00,0.0,19.17145
2035-06-12 00:00:00+00:00,0.0,19.167215
2035-06-13 00:00:00+00:00,0.0,20.17156
2035-06-14 00:00:00+00:00,0.0,20.671278
2035-06-15 00:00:00+00:00,0.0,19.910606
2035-06-16 00:00:00+00:00,0.0,17.134453
2035-06-17 00:00:00+00:00,0.0,19.64987
2035-06-18 00:00:00+00:00,0.0,21.408573
2035-06-19 00:00:00+00:00,0.0,21.655634
2035-06-20 00:00:00+00:00,4.175847,16.112246
2035-06-21 00:00:00+00:00,0.0,14.095085
2035-06-22 00:00:00+00:00,0.0,12.33046
2035-06-23 00:00:00+00:00,0.0,16.604683
2035-06-24 00:00:00+00:00,0.0,19.36782
2035-06-25 00:00:00+00:00,0.0,18.10614
2035-06-26 00:00:00+00:00,0.0,17.599274
2035-06-27 00:00:00+00:00,1.9495827,11.81402
2035-06-28 00:00:00+00:00,0.0,10.303551
2035-06-29 00:00:00+00:00,0.0,15.5775
2035-06-30 00:00:00+00:00,0.0,17.583578
2035-07-01 00:00:00+00:00,0.0,17.579653
2035-07-02 00:00:00+00:00,0.0,19.835457
2035-07-03 00:00:00+00:00,1.181093,18.585741
2035-07-04 00:00:00+00:00,0.41805458,17.652184
2035-07-05 00:00:00+00:00,33.73868,11.394085
2035-07-06 00:00:00+00:00,8.632714,9.406968
2035-07-07 00:00:00+00:00,0.0,12.50949
2035-07-08 00:00:00+00:00,0.0,17.945358
2035-07-09 00:00:00+00:00,0.0,15.96141
2035-07-10 00:00:00+00:00,0.0,12.668243
2035-07-11 00:00:00+00:00,8.085006,7.78929
2035-07-12 00:00:00+00:00,0.0,14.0812845
2035-07-13 00:00:00+00:00,0.0,17.023531
2035-07-14 00:00:00+00:00,6.689524,13.415608
2035-07-15 00:00:00+00:00,3.247932,10.83289
2035-07-16 00:00:00+00:00,1.4610274,11.942901
2035-07-17 00:00:00+00:00,0.0,21.060953
2035-07-18 00:00:00+00:00,8.063925,20.621119
2035-07-19 00:00:00+00:00,26.566143,10.223347
2035-07-20 00:00:00+00:00,6.778214,7.2975783
2035-07-21 00:00:00+00:00,2.8482285,11.404797
2035-07-22 00:00:00+00:00,0.37302995,15.550862
2035-07-23 00:00:00+00:00,0.1485413,13.980072
2035-07-24 00:00:00+00:00,10.870173,9.640187
2035-07-25 00:00:00+00:00,3.2398841,7.472714
2035-07-26 00:00:00+00:00,1.0266343,6.1186204
2035-07-27 00:00:00+00:00,0.0,15.371959
2035-07-28 00:00:00+00:00,0.0,22.75134
2035-07-29 00:00:00+00:00,6.8131194,20.042677
2035-07-30 00:00:00+00:00,3.2496247,13.902383
2035-07-31 00:00:00+00:00,0.0,12.832821
2035-08-01 00:00:00+00:00,0.0,19.205332
2035-08-02 00:00:00+00:00,0.0,21.322466
2035-08-03 00:00:00+00:00,2.279263,17.95882
2035-08-04 00:00:00+00:00,0.14199589,11.647923
2035-08-05 00:00:00+00:00,5.308157,13.467006
2035-08-06 00:00:00+00:00,0.6350319,12.951298
2035-08-07 00:00:00+00:00,5.135459,11.838347
2035-08-08 00:00:00+00:00,19.079197,9.820621
2035-08-09 00:00:00+00:00,1.4688439,7.481399
2035-08-10 00:00:00+00:00,1.6740255,14.144337
2035-08-11 00:00:00+00:00,0.0,20.278053
2035-08-12 00:00:00+00:00,0.62440425,17.959541
2035-08-13 00:00:00+00:00,0.20759691,16.226923
2035-08-14 00:00:00+00:00,2.1397495,14.166454
2035-08-15 00:00:00+00:00,5.990275,23.234539
2035-08-16 00:00:00+00:00,7.3495584,22.750553
2035-08-17 00:00:00+00:00,0.13705043,23.82902
2035-08-18 00:00:00+00:00,8.409122,17.981205
2035-08-19 00:00:00+00:00,1.0231833,17.457666
2035-08-20 00:00:00+00:00,0.47642845,18.525068
2035-08-21 00:00:00+00:00,11.002017,17.999376
2035-08-22 00:00:00+00:00,25.61688,8.410275
2035-08-23 00:00:00+00:00,7.371518,9.115757
2035-08-24 00:00:00+00:00,3.9819603,11.796846
2035-08-25 00:00:00+00:00,7.611243,10.885229
2035-08-26 00:00:00+00:00,0.20167305,13.282383
2035-08-27 00:00:00+00:00,11.741697,12.369233
2035-08-28 00:00:00+00:00,20.492586,10.434246
2035-08-29 00:00:00+00:00,10.561623,12.200966
2035-08-30 00:00:00+00:00,6.8059273,12.627591
2035-08-31 00:00:00+00:00,7.7263374,17.87246
2035-09-01 00:00:00+00:00,0.53192276,11.077182
2035-09-02 00:00:00+00:00,0.33199105,14.270365
2035-09-03 00:00:00+00:00,3.8495204,21.236235
2035-09-04 00:00:00+00:00,0.26537257,19.499899
2035-09-05 00:00:00+00:00,0.06631449,19.852541
2035-09-06 00:00:00+00:00,12.395304,13.237986
2035-09-07 00:00:00+00:00,10.468257,9.408046
2035-09-08 00:00:00+00:00,0.13244735,13.940975
2035-09-09 00:00:00+00:00,3.111009,8.366468
2035-09-10 00:00:00+00:00,3.6387305,13.249894
2035-09-11 00:00:00+00:00,11.307346,15.34545
2035-09-12 00:00:00+00:00,7.9968786,17.441963
2035-09-13 00:00:00+00:00,5.548529,16.050247
2035-09-14 00:00:00+00:00,0.33008417,9.771938
2035-09-15 00:00:00+00:00,2.3092504,11.868631
2035-09-16 00:00:00+00:00,3.3628948,9.078086
2035-09-17 00:00:00+00:00,3.756207,6.2862673
2035-09-18 00:00:00+00:00,2.765964,9.082247
2035-09-19 00:00:00+00:00,1.842758,13.975902
2035-09-20 00:00:00+00:00,5.8533363,16.07599
2035-09-21 00:00:00+00:00,13.670031,8.039853
2035-09-22 00:00:00+00:00,9.850971,10.139552
2035-09-23 00:00:00+00:00,2.4280605,10.491626
2035-09-24 00:00:00+00:00,8.393159,8.745054
2035-09-25 00:00:00+00:00,3.0793424,9.796742
2035-09-26 00:00:00+00:00,0.19638681,10.848927
2035-09-27 00:00:00+00:00,1.242685,10.501419
2035-09-28 00:00:00+00:00,6.2077174,10.854012
2035-09-29 00:00:00+00:00,14.949558,9.455716
2035-09-30 00:00:00+00:00,3.391277,12.260297
2035-10-01 00:00:00+00:00,0.0,13.314322
2035-10-02 00:00:00+00:00,0.0,11.565175
2035-10-03 00:00:00+00:00,1.1050804,9.114117
2035-10-04 00:00:00+00:00,5.129288,8.765657
2035-10-05 00:00:00+00:00,7.587118,8.417036
2035-10-06 00:00:00+00:00,16.385004,11.926981
2035-10-07 00:00:00+00:00,4.5918927,11.578956
2035-10-08 00:00:00+00:00,8.2019,7.3701935
2035-10-09 00:00:00+00:00,7.931605,7.7230115
2035-10-10 00:00:00+00:00,4.1848483,9.831654
2035-10-11 00:00:00+00:00,0.0,9.834028
2035-10-12 00:00:00+00:00,0.70577115,10.187708
2035-10-13 00:00:00+00:00,0.19212337,12.2984915
2035-10-14 00:00:00+00:00,1.5339444,10.5441265
2035-10-15 00:00:00+00:00,7.9725084,9.492025
2035-10-16 00:00:00+00:00,4.9000974,11.604197
2035-10-17 00:00:00+00:00,6.0946803,11.958765
2035-10-18 00:00:00+00:00,9.245457,6.684478
2035-10-19 00:00:00+00:00,3.3471115,8.797527
2035-10-20 00:00:00+00:00,0.0,8.447708
2035-10-21 00:00:00+00:00,0.8160358,4.576971
2035-10-22 00:00:00+00:00,0.0,8.451885
2035-10-23 00:00:00+00:00,0.0,10.567476
2035-10-24 00:00:00+00:00,0.5587685,10.217766
2035-10-25 00:00:00+00:00,0.86545396,7.400914
2035-10-26 00:00:00+00:00,0.0,8.4603
2035-10-27 00:00:00+00:00,0.0,9.872822
2035-10-28 00:00:00+00:00,0.0,10.227987
2035-10-29 00:00:00+00:00,0.0,8.46667
2035-10-30 00:00:00+00:00,0.0,11.644604
2035-10-31 00:00:00+00:00,0.0,10.588677
2035-11-01 00:00:00+00:00,0.0,4.589589
2035-11-02 00:00:00+00:00,0.0,4.2271347
2035-11-03 00:00:00+00:00,0.0,10.151376
2035-11-04 00:00:00+00:00,0.0,11.827618
2035-11-05 00:00:00+00:00,0.0,4.840238
2035-11-06 00:00:00+00:00,0.0,6.528915
2035-11-07 00:00:00+00:00,0.0,9.222055
2035-11-08 00:00:00+00:00,0.0,8.827571
2035-11-09 00:00:00+00:00,0.0,5.0627913
2035-11-10 00:00:00+00:00,0.0,9.059825
2035-11-11 00:00:00+00:00,0.0,12.343578
2035-11-12 00:00:00+00:00,0.0,11.27787
2035-11-13 00:00:00+00:00,0.0,4.947359
2035-11-14 00:00:00+00:00,0.0,10.495203
2035-11-15 00:00:00+00:00,0.0,10.76311
2035-11-16 00:00:00+00:00,0.0,8.433426
2035-11-17 00:00:00+00:00,0.0,8.710135
2035-11-18 00:00:00+00:00,0.0,9.94664
2035-11-19 00:00:00+00:00,0.0,8.616976
2035-11-20 00:00:00+00:00,0.0,5.0793695
2035-11-21 00:00:00+00:00,0.0,7.894973
2035-11-22 00:00:00+00:00,0.0,10.053171
2035-11-23 00:00:00+00:00,0.0,13.127023
2035-11-24 00:00:00+00:00,0.0,11.816406
2035-11-25 00:00:00+00:00,0.0,11.138071
2035-11-26 00:00:00+00:00,0.0,12.313838
2035-11-27 00:00:00+00:00,0.0,13.784534
2035-11-28 00:00:00+00:00,0.0,12.497676
2035-11-29 00:00:00+00:00,0.0,11.223609
2035-11-30 00:00:00+00:00,0.0,14.490274
2035-12-01 00:00:00+00:00,0.0,13.219393
2035-12-02 00:00:00+00:00,0.0,10.764736
2035-12-03 00:00:00+00:00,0.0,3.8690534
2035-12-04 00:00:00+00:00,0.0,5.036036
2035-12-05 00:00:00+00:00,0.0,9.730836
2035-12-06 00:00:00+00:00,0.0,13.50231
2035-12-07 00:00:00+00:00,0.0,15.486649
2035-12-08 00:00:00+00:00,0.0,13.090082
2035-12-09 00:00:00+00:00,0.0,14.479884
2035-12-10 00:00:00+00:00,0.0,12.9744625
2035-12-11 00:00:00+00:00,0.0,15.501324
2035-12-12 00:00:00+00:00,0.0,14.0050745
2035-12-13 00:00:00+00:00,0.0,11.383598
2035-12-14 00:00:00+00:00,0.0,13.318747
2035-12-15 00:00:00+00:00,0.0,13.262482
2035-12-16 00:00:00+00:00,0.0,12.925921
2035-12-17 00:00:00+00:00,0.0,12.312553
2035-12-18 00:00:00+00:00,0.0,10.032394
2035-12-19 00:00:00+00:00,0.0,8.326159
2035-12-20 00:00:00+00:00,0.0,9.950886
2035-12-21 00:00:00+00:00,0.0,7.7084565
2035-12-22 00:00:00+00:00,0.0,10.419746
2035-12-23 00:00:00+00:00,0.0,7.101091
2035-12-24 00:00:00+00:00,0.0,10.609825
2035-12-25 00:00:00+00:00,0.0,13.820355
2035-12-26 00:00:00+00:00,0.0,14.846721
2035-12-27 00:00:00+00:00,0.0,19.630114
2035-12-28 00:00:00+00:00,0.0,9.643785
2035-12-29 00:00:00+00:00,0.0,12.276112
2035-12-30 00:00:00+00:00,0.0,11.432526
2035-12-31 00:00:00+00:00,0.0,14.833548
2036-01-01 00:00:00+00:00,0.0,21.112644
2036-01-02 00:00:00+00:00,0.0,15.008814
2036-01-03 00:00:00+00:00,0.0,15.522339
2036-01-04 00:00:00+00:00,0.0,12.617725
2036-01-05 00:00:00+00:00,0.0,10.7685995
2036-01-06 00:00:00+00:00,0.0,11.284451
2036-01-07 00:00:00+00:00,0.0,20.976814
2036-01-08 00:00:00+00:00,0.0,20.435379
2036-01-09 00:00:00+00:00,0.0,19.371325
2036-01-10 00:00:00+00:00,0.0,14.124135
2036-01-11 00:00:00+00:00,0.0,11.760402
2036-01-12 00:00:00+00:00,0.0,10.96734
2036-01-13 00:00:00+00:00,0.0,13.828382
2036-01-14 00:00:00+00:00,0.0,14.859859
2036-01-15 00:00:00+00:00,0.0,11.721891
2036-01-16 00:00:00+00:00,0.0,13.013721
2036-01-17 00:00:00+00:00,0.0,14.303471
2036-01-18 00:00:00+00:00,0.0,12.732773
2036-01-19 00:00:00+00:00,0.0,9.087492
2036-01-20 00:00:00+00:00,0.0,13.23111
2036-01-21 00:00:00+00:00,0.0,14.516604
2036-01-22 00:00:00+00:00,0.0,14.504974
2036-01-23 00:00:00+00:00,0.0,17.85792
2036-01-24 00:00:00+00:00,0.0,16.550667
2036-01-25 00:00:00+00:00,0.0,10.852742
2036-01-26 00:00:00+00:00,0.0,9.811363
2036-01-27 00:00:00+00:00,0.0,12.641494
2036-01-28 00:00:00+00:00,0.0,12.889311
2036-01-29 00:00:00+00:00,0.0,14.939844
2036-01-30 00:00:00+00:00,0.0,18.531464
2036-01-31 00:00:00+00:00,0.0,17.488247
2036-02-01 00:00:00+00:00,0.0,13.876887
2036-02-02 00:00:00+00:00,0.0,15.663543
2036-02-03 00:00:00+00:00,0.0,20.013247
2036-02-04 00:00:00+00:00,0.0,18.203081
2036-02-05 00:00:00+00:00,0.0,15.371007
2036-02-06 00:00:00+00:00,0.0,15.35917
2036-02-07 00:00:00+00:00,0.0,14.835793
2036-02-08 00:00:00+00:00,0.0,13.802053
2036-02-09 00:00:00+00:00,0.0,14.5577
2036-02-10 00:00:00+00:00,0.0,14.801807
2036-02-11 00:00:00+00:00,0.0,14.280534
2036-02-12 00:00:00+00:00,0.0,15.543786
2036-02-13 00:00:00+00:00,0.0,14.258913
2036-02-14 00:00:00+00:00,0.0,12.976
2036-02-15 00:00:00+00:00,0.0,14.237434
2036-02-16 00:00:00+00:00,0.0,15.242948
2036-02-17 00:00:00+00:00,0.0,18.277843
2036-02-18 00:00:00+00:00,0.0,15.981171
2036-02-19 00:00:00+00:00,0.0,17.743631
2036-02-20 00:00:00+00:00,0.0,18.490328
2036-02-21 00:00:00+00:00,0.0,14.17385
2036-02-22 00:00:00+00:00,0.0,14.416292
2036-02-23 00:00:00+00:00,0.0,19.965746
2036-02-24 00:00:00+00:00,0.0,19.69852
2036-02-25 00:00:00+00:00,0.0,22.46003
2036-02-26 00:00:00+00:00,0.0,19.921844
2036-02-27 00:00:00+00:00,0.0,17.135403
2036-02-28 00:00:00+00:00,0.0,18.885588
2036-02-29 00:00:00+00:00,0.0,19.626747
2036-03-01 00:00:00+00:00,0.0,16.846663
2036-03-02 00:00:00+00:00,0.0,15.829446
2036-03-03 00:00:00+00:00,0.0,15.073606
2036-03-04 00:00:00+00:00,0.0,19.599886
2036-03-05 00:00:00+00:00,0.0,17.593405
2036-03-06 00:00:00+00:00,0.0,15.083287
2036-03-07 00:00:00+00:00,0.0,18.606697
2036-03-08 00:00:00+00:00,0.0,17.604687
2036-03-09 00:00:00+00:00,0.0,19.117737
2036-03-10 00:00:00+00:00,0.0,18.1154
2036-03-11 00:00:00+00:00,0.0,16.609322
2036-03-12 00:00:00+00:00,0.0,16.361147
2036-03-13 00:00:00+00:00,0.0,15.357572
2036-03-14 00:00:00+00:00,0.0,14.101751
2036-03-15 00:00:00+00:00,0.0,16.62345
2036-03-16 00:00:00+00:00,0.0,18.390442
2036-03-17 00:00:00+00:00,0.0,20.158182
2036-03-18 00:00:00+00:00,0.0,17.894175
2036-03-19 00:00:00+00:00,0.0,17.897963
2036-03-20 00:00:00+00:00,0.0,17.649609
2036-03-21 00:00:00+00:00,0.0,15.888003
2036-03-22 00:00:00+00:00,0.0,6.5583377
2036-03-23 00:00:00+00:00,0.0,17.66079
2036-03-24 00:00:00+00:00,0.0,17.664509
2036-03-25 00:00:00+00:00,0.0,15.144198
2036-03-26 00:00:00+00:00,0.0,21.711252
2036-03-27 00:00:00+00:00,0.0,18.685701
2036-03-28 00:00:00+00:00,0.0,15.91144
2036-03-29 00:00:00+00:00,0.0,13.136007
2036-03-30 00:00:00+00:00,0.0,11.117414
2036-03-31 00:00:00+00:00,0.0,14.1524
2036-04-01 00:00:00+00:00,0.0,15.166461
2036-04-02 00:00:00+00:00,0.0,15.928119
2036-04-03 00:00:00+00:00,0.0,14.667045
2036-04-04 00:00:00+00:00,0.0,16.946505
2036-04-05 00:00:00+00:00,0.0,15.938101
2036-04-06 00:00:00+00:00,0.0,10.627614
2036-04-07 00:00:00+00:00,0.0,12.65456
2036-04-08 00:00:00+00:00,0.0,12.404049
2036-04-09 00:00:00+00:00,0.0,11.900236
2036-04-10 00:00:00+00:00,0.0,16.714443
2036-04-11 00:00:00+00:00,0.0,16.717915
2036-04-12 00:00:00+00:00,0.0,14.187841
2036-04-13 00:00:00+00:00,0.0,15.457818
2036-04-14 00:00:00+00:00,0.0,15.20756
2036-04-15 00:00:00+00:00,0.0,10.647495
2036-04-16 00:00:00+00:00,0.0,13.946032
2036-04-17 00:00:00+00:00,0.0,13.188065
2036-04-18 00:00:00+00:00,0.0,9.893091
2036-04-19 00:00:00+00:00,0.0,10.656296
2036-04-20 00:00:00+00:00,0.0,17.256609
2036-04-21 00:00:00+00:00,0.0,16.75251
2036-04-22 00:00:00+00:00,0.0,18.279228
2036-04-23 00:00:00+00:00,0.0,19.29871
2036-04-24 00:00:00+00:00,0.0,22.858433
2036-04-25 00:00:00+00:00,0.0,28.705925
2036-04-26 00:00:00+00:00,0.0,16.515646
2036-04-27 00:00:00+00:00,0.24527048,16.010756
2036-04-28 00:00:00+00:00,0.0,14.488886
2036-04-29 00:00:00+00:00,0.0,16.78004
2036-04-30 00:00:00+00:00,0.0,16.783474
2036-05-01 00:00:00+00:00,0.0,16.278206
2036-05-02 00:00:00+00:00,0.0,17.044727
2036-05-03 00:00:00+00:00,0.0,19.332178
2036-05-04 00:00:00+00:00,0.0,19.328005
2036-05-05 00:00:00+00:00,0.0,17.289743
2036-05-06 00:00:00+00:00,0.0,11.947681
2036-05-07 00:00:00+00:00,0.0,11.690948
2036-05-08 00:00:00+00:00,0.0,11.6884165
2036-05-09 00:00:00+00:00,0.0,8.891436
2036-05-10 00:00:00+00:00,0.0,12.699302
2036-05-11 00:00:00+00:00,0.0,16.251581
2036-05-12 00:00:00+00:00,0.0,14.7248
2036-05-13 00:00:00+00:00,0.0,18.52892
2036-05-14 00:00:00+00:00,0.0,19.032427
2036-05-15 00:00:00+00:00,0.0,14.968924
2036-05-16 00:00:00+00:00,0.0,14.965669
2036-05-17 00:00:00+00:00,0.0,12.426413
2036-05-18 00:00:00+00:00,0.0,13.184341
2036-05-19 00:00:00+00:00,0.0,22.053614
2036-05-20 00:00:00+00:00,0.0,14.699207
2036-05-21 00:00:00+00:00,0.0,13.175727
2036-05-22 00:00:00+00:00,0.0,11.399583
2036-05-23 00:00:00+00:00,0.0,14.436318
2036-05-24 00:00:00+00:00,0.0,18.484583
2036-05-25 00:00:00+00:00,0.0,18.227383
2036-05-26 00:00:00+00:00,0.0,16.957884
2036-05-27 00:00:00+00:00,0.0,19.2316
2036-05-28 00:00:00+00:00,0.0,16.950462
2036-05-29 00:00:00+00:00,0.0,17.199686
2036-05-30 00:00:00+00:00,0.0,19.724726
2036-05-31 00:00:00+00:00,0.0,19.720398
2036-06-01 00:00:00+00:00,0.0,13.396819
2036-06-02 00:00:00+00:00,0.0,18.44817
2036-06-03 00:00:00+00:00,0.0,18.696777
2036-06-04 00:00:00+00:00,0.0,10.861954
2036-06-05 00:00:00+00:00,0.0,25.50735
2036-06-06 00:00:00+00:00,0.0,25.501736
2036-06-07 00:00:00+00:00,0.0,18.680325
2036-06-08 00:00:00+00:00,0.0,17.666683
2036-06-09 00:00:00+00:00,0.0,18.419764
2036-06-10 00:00:00+00:00,0.0,18.66797
2036-06-11 00:00:00+00:00,0.0,15.889492
2036-06-12 00:00:00+00:00,0.0,12.860082
2036-06-13 00:00:00+00:00,0.0,10.588313
2036-06-14 00:00:00+00:00,0.0,13.610534
2036-06-15 00:00:00+00:00,0.0,16.631416
2036-06-16 00:00:00+00:00,0.0,17.635475
2036-06-17 00:00:00+00:00,0.0,15.868412
2036-06-18 00:00:00+00:00,0.0,15.109421
2036-06-19 00:00:00+00:00,0.0,20.141426
2036-06-20 00:00:00+00:00,0.0,20.89209
2036-06-21 00:00:00+00:00,0.0,16.609297
2036-06-22 00:00:00+00:00,0.0,15.0960045
2036-06-23 00:00:00+00:00,0.0,15.3441925
2036-06-24 00:00:00+00:00,3.3110359,15.592267
2036-06-25 00:00:00+00:00,5.6841116,13.325906
2036-06-26 00:00:00+00:00,0.0,13.07156
2036-06-27 00:00:00+00:00,0.0,17.34109
2036-06-28 00:00:00+00:00,0.0,17.839748
2036-06-29 00:00:00+00:00,1.5230651,16.830935
2036-06-30 00:00:00+00:00,0.0,12.306443
2036-07-01 00:00:00+00:00,0.0,15.819035
2036-07-02 00:00:00+00:00,0.0,18.07485
2036-07-03 00:00:00+00:00,3.1004314,18.138172
2036-07-04 00:00:00+00:00,10.633132,16.441343
2036-07-05 00:00:00+00:00,12.027933,10.413223
2036-07-06 00:00:00+00:00,0.0,16.066963
2036-07-07 00:00:00+00:00,0.0,19.719263
2036-07-08 00:00:00+00:00,0.24152632,21.088013
2036-07-09 00:00:00+00:00,0.0,16.528702
2036-07-10 00:00:00+00:00,2.1437163,13.486969
2036-07-11 00:00:00+00:00,9.938493,11.982206
2036-07-12 00:00:00+00:00,1.0189255,11.772679
2036-07-13 00:00:00+00:00,13.632754,8.145624
2036-07-14 00:00:00+00:00,5.575921,8.973416
2036-07-15 00:00:00+00:00,0.6930309,13.520154
2036-07-16 00:00:00+00:00,0.07658065,13.580979
2036-07-17 00:00:00+00:00,11.426102,14.445116
2036-07-18 00:00:00+00:00,13.1861725,9.942889
2036-07-19 00:00:00+00:00,4.0719013,9.1789055
2036-07-20 00:00:00+00:00,0.5252953,9.492898
2036-07-21 00:00:00+00:00,0.29876673,14.987536
2036-07-22 00:00:00+00:00,4.6842637,17.248968
2036-07-23 00:00:00+00:00,13.917018,12.379659
2036-07-24 00:00:00+00:00,1.5479308,5.8050747
2036-07-25 00:00:00+00:00,0.29362306,5.833366
2036-07-26 00:00:00+00:00,6.8723836,10.607532
2036-07-27 00:00:00+00:00,0.0,19.917715
2036-07-28 00:00:00+00:00,13.711542,16.35233
2036-07-29 00:00:00+00:00,4.6258965,14.734847
2036-07-30 00:00:00+00:00,6.4097466,10.53793
2036-07-31 00:00:00+00:00,0.0,19.180523
2036-08-01 00:00:00+00:00,1.7880697,20.431368
2036-08-02 00:00:00+00:00,8.554232,14.753129
2036-08-03 00:00:00+00:00,9.16604,14.540549
2036-08-04 00:00:00+00:00,8.712147,9.355779
2036-08-05 00:00:00+00:00,13.275171,10.582153
2036-08-06 00:00:00+00:00,11.545729,11.526592
2036-08-07 00:00:00+00:00,11.933106,16.047895
2036-08-08 00:00:00+00:00,11.269072,11.65469
2036-08-09 00:00:00+00:00,3.6993496,16.22803
2036-08-10 00:00:00+00:00,12.599223,16.018002
2036-08-11 00:00:00+00:00,2.360409,17.021812
2036-08-12 00:00:00+00:00,0.27697346,19.872015
2036-08-13 00:00:00+00:00,1.312282,14.760682
2036-08-14 00:00:00+00:00,16.32834,10.517363
2036-08-15 00:00:00+00:00,4.2611756,8.713156
2036-08-16 00:00:00+00:00,7.6107607,10.018071
2036-08-17 00:00:00+00:00,16.143835,7.874418
2036-08-18 00:00:00+00:00,0.27300212,12.676836
2036-08-19 00:00:00+00:00,0.0,12.437028
2036-08-20 00:00:00+00:00,2.6500595,15.082736
2036-08-21 00:00:00+00:00,2.373184,19.377312
2036-08-22 00:00:00+00:00,2.7065418,15.276724
2036-08-23 00:00:00+00:00,0.0,14.721964
2036-08-24 00:00:00+00:00,0.0,23.381046
2036-08-25 00:00:00+00:00,9.415982,23.536844
2036-08-26 00:00:00+00:00,0.26850957,13.6832905
2036-08-27 00:00:00+00:00,4.8240376,12.096484
2036-08-28 00:00:00+00:00,2.2069194,18.26982
2036-08-29 00:00:00+00:00,10.680764,18.73792
2036-08-30 00:00:00+00:00,0.0,18.870125
2036-08-31 00:00:00+00:00,1.9290546,12.785069
2036-09-01 00:00:00+00:00,5.179582,14.617611
2036-09-02 00:00:00+00:00,2.52236,13.924626
2036-09-03 00:00:00+00:00,5.1753144,10.0976
2036-09-04 00:00:00+00:00,9.351363,10.0998535
2036-09-05 00:00:00+00:00,9.87758,11.495503
2036-09-06 00:00:00+00:00,0.53009945,12.543357
2036-09-07 00:00:00+00:00,1.6557883,9.758135
2036-09-08 00:00:00+00:00,2.449391,8.017413
2036-09-09 00:00:00+00:00,4.5655274,8.716544
2036-09-10 00:00:00+00:00,13.557346,8.369773
2036-09-11 00:00:00+00:00,0.0,11.511044
2036-09-12 00:00:00+00:00,0.0,16.747133
2036-09-13 00:00:00+00:00,15.780266,13.959118
2036-09-14 00:00:00+00:00,7.060744,11.16984
2036-09-15 00:00:00+00:00,0.0659491,15.711173
2036-09-16 00:00:00+00:00,2.7022557,10.476513
2036-09-17 00:00:00+00:00,0.0,9.431025
2036-09-18 00:00:00+00:00,4.410195,9.083815
2036-09-19 00:00:00+00:00,5.328116,7.688075
2036-09-20 00:00:00+00:00,0.19719927,9.088004
2036-09-21 00:00:00+00:00,2.8901548,8.390868
2036-09-22 00:00:00+00:00,11.223739,9.4419155
2036-09-23 00:00:00+00:00,10.100038,9.793891
2036-09-24 00:00:00+00:00,0.3276576,10.845761
2036-09-25 00:00:00+00:00,3.928583,10.498348
2036-09-26 00:00:00+00:00,2.6821845,7.350562
2036-09-27 00:00:00+00:00,0.9803946,9.452939
2036-09-28 00:00:00+00:00,14.88789,12.95707
2036-09-29 00:00:00+00:00,1.5003676,11.208754
2036-09-30 00:00:00+00:00,2.9324841,7.007125
2036-10-01 00:00:00+00:00,1.9528921,9.812294
2036-10-02 00:00:00+00:00,2.9260557,7.010443
2036-10-03 00:00:00+00:00,0.45463088,7.3627133
2036-10-04 00:00:00+00:00,2.4001026,9.468601
2036-10-05 00:00:00+00:00,0.9069802,7.7169976
2036-10-06 00:00:00+00:00,0.3881821,9.122267
2036-10-07 00:00:00+00:00,0.2584219,5.9659896
2036-10-08 00:00:00+00:00,2.3223372,7.371522
2036-10-09 00:00:00+00:00,4.572993,10.182172
2036-10-10 00:00:00+00:00,1.4146446,8.428659
2036-10-11 00:00:00+00:00,3.1453087,5.6204643
2036-10-12 00:00:00+00:00,2.4347248,6.324555
2036-10-13 00:00:00+00:00,0.0,8.434789
2036-10-14 00:00:00+00:00,0.0,7.030701
2036-10-15 00:00:00+00:00,0.0,8.087278
2036-10-16 00:00:00+00:00,0.063524984,6.330723
2036-10-17 00:00:00+00:00,0.4435642,11.960963
2036-10-18 00:00:00+00:00,2.5278845,10.556383
2036-10-19 00:00:00+00:00,3.90701,9.855051
2036-10-20 00:00:00+00:00,5.4027433,6.3369527
2036-10-21 00:00:00+00:00,1.1896771,11.620621
2036-10-22 00:00:00+00:00,2.9947515,9.862364
2036-10-23 00:00:00+00:00,0.4350421,5.9893517
2036-10-24 00:00:00+00:00,0.0,8.457662
2036-10-25 00:00:00+00:00,0.0,9.869733
2036-10-26 00:00:00+00:00,0.0,7.0515738
2036-10-27 00:00:00+00:00,0.0,7.4060087
2036-10-28 00:00:00+00:00,0.0,5.996847
2036-10-29 00:00:00+00:00,0.0,8.115424
2036-10-30 00:00:00+00:00,0.0,12.705612
2036-10-31 00:00:00+00:00,0.0,18.357191
2036-11-01 00:00:00+00:00,0.0,13.054364
2036-11-02 00:00:00+00:00,0.0,4.557765
2036-11-03 00:00:00+00:00,0.0,7.316647
2036-11-04 00:00:00+00:00,0.0,6.5789957
2036-11-05 00:00:00+00:00,0.0,5.1622486
2036-11-06 00:00:00+00:00,0.0,7.525579
2036-11-07 00:00:00+00:00,0.0,8.500694
2036-11-08 00:00:00+00:00,0.0,14.872748
2036-11-09 00:00:00+00:00,0.0,13.10551
2036-11-10 00:00:00+00:00,0.0,10.690946
2036-11-11 00:00:00+00:00,0.0,12.290522
2036-11-12 00:00:00+00:00,0.0,12.881337
2036-11-13 00:00:00+00:00,0.0,14.451122
2036-11-14 00:00:00+00:00,0.0,16.983576
2036-11-15 00:00:00+00:00,0.0,20.138098
2036-11-16 00:00:00+00:00,0.0,13.890563
2036-11-17 00:00:00+00:00,0.0,11.887784
2036-11-18 00:00:00+00:00,0.0,12.143768
2036-11-19 00:00:00+00:00,0.0,10.807918
2036-11-20 00:00:00+00:00,0.0,14.229542
2036-11-21 00:00:00+00:00,0.0,10.380766
2036-11-22 00:00:00+00:00,0.0,10.014379
2036-11-23 00:00:00+00:00,0.0,13.076844
2036-11-24 00:00:00+00:00,0.0,13.010783
2036-11-25 00:00:00+00:00,0.0,13.870354
2036-11-26 00:00:00+00:00,0.0,9.814453
2036-11-27 00:00:00+00:00,0.0,10.071427
2036-11-28 00:00:00+00:00,0.0,11.237232
2036-11-29 00:00:00+00:00,0.0,13.903215
2036-11-30 00:00:00+00:00,0.0,12.031954
2036-12-01 00:00:00+00:00,0.0,16.764927
2036-12-02 00:00:00+00:00,0.0,16.09027
2036-12-03 00:00:00+00:00,0.0,18.091452
2036-12-04 00:00:00+00:00,0.0,18.598421
2036-12-05 00:00:00+00:00,0.0,19.101105
2036-12-06 00:00:00+00:00,0.0,19.014523
2036-12-07 00:00:00+00:00,0.0,13.978398
2036-12-08 00:00:00+00:00,0.0,14.206047
2036-12-09 00:00:00+00:00,0.0,12.9887495
2036-12-10 00:00:00+00:00,0.0,13.219249
2036-12-11 00:00:00+00:00,0.0,16.309256
2036-12-12 00:00:00+00:00,0.0,14.814564
2036-12-13 00:00:00+00:00,0.0,15.035001
2036-12-14 00:00:00+00:00,0.0,15.25383
2036-12-15 00:00:00+00:00,0.0,19.69047
2036-12-16 00:00:00+00:00,0.0,18.768126
2036-12-17 00:00:00+00:00,0.0,19.806484
2036-12-18 00:00:00+00:00,0.0,19.169722
2036-12-19 00:00:00+00:00,0.0,13.834675
2036-12-20 00:00:00+00:00,0.0,11.298722
2036-12-21 00:00:00+00:00,0.0,10.155655
2036-12-22 00:00:00+00:00,0.0,13.942833
2036-12-23 00:00:00+00:00,0.0,17.42807
2036-12-24 00:00:00+00:00,0.0,19.801327
2036-12-25 00:00:00+00:00,0.0,16.48226
2036-12-26 00:00:00+00:00,0.0,16.149792
2036-12-27 00:00:00+00:00,0.0,12.870599
2036-12-28 00:00:00+00:00,0.0,18.431528
2036-12-29 00:00:00+00:00,0.0,20.22523
2036-12-30 00:00:00+00:00,0.0,23.066366
2036-12-31 00:00:00+00:00,0.0,22.981153
2037-01-01 00:00:00+00:00,0.0,20.279348
2037-01-02 00:00:00+00:00,0.0,17.630777
2037-01-03 00:00:00+00:00,0.0,15.249619
2037-01-04 00:00:00+00:00,0.0,15.499525
2037-01-05 00:00:00+00:00,0.0,16.798971
2037-01-06 00:00:00+00:00,0.0,20.981184
2037-01-07 00:00:00+00:00,0.0,19.129395
2037-01-08 00:00:00+00:00,0.0,19.375341
2037-01-09 00:00:00+00:00,0.0,16.481565
2037-01-10 00:00:00+00:00,0.0,13.592598
2037-01-11 00:00:00+00:00,0.0,15.148491
2037-01-12 00:00:00+00:00,0.0,14.092183
2037-01-13 00:00:00+00:00,0.0,15.384404
2037-01-14 00:00:00+00:00,0.0,15.1112995
2037-01-15 00:00:00+00:00,0.0,13.797349
2037-01-16 00:00:00+00:00,0.0,19.248571
2037-01-17 00:00:00+00:00,0.0,17.153736
2037-01-18 00:00:00+00:00,0.0,16.620481
2037-01-19 00:00:00+00:00,0.0,18.164
2037-01-20 00:00:00+00:00,0.0,18.92723
2037-01-21 00:00:00+00:00,0.0,13.212531
2037-01-22 00:00:00+00:00,0.0,14.496278
2037-01-23 00:00:00+00:00,0.0,14.484716
2037-01-24 00:00:00+00:00,0.0,14.731649
2037-01-25 00:00:00+00:00,0.0,14.719961
2037-01-26 00:00:00+00:00,0.0,18.836966
2037-01-27 00:00:00+00:00,0.0,19.337776
2037-01-28 00:00:00+00:00,0.0,16.488583
2037-01-29 00:00:00+00:00,0.0,16.990503
2037-01-30 00:00:00+00:00,0.0,14.404897
2037-01-31 00:00:00+00:00,0.0,15.935828
2037-02-01 00:00:00+00:00,0.0,16.950735
2037-02-02 00:00:00+00:00,0.0,15.911051
2037-02-03 00:00:00+00:00,0.0,15.385861
2037-02-04 00:00:00+00:00,0.0,16.398905
2037-02-05 00:00:00+00:00,0.0,17.666443
2037-02-06 00:00:00+00:00,0.0,7.9309964
2037-02-07 00:00:00+00:00,0.5767387,12.526483
2037-02-08 00:00:00+00:00,1.7038676,14.560477
2037-02-09 00:00:00+00:00,0.22366722,22.717442
2037-02-10 00:00:00+00:00,0.0,20.659698
2037-02-11 00:00:00+00:00,0.0,12.4883585
2037-02-12 00:00:00+00:00,0.0,14.006935
2037-02-13 00:00:00+00:00,0.0,15.777716
2037-02-14 00:00:00+00:00,0.0,16.5287
2037-02-15 00:00:00+00:00,0.0,16.008095
2037-02-16 00:00:00+00:00,0.0,12.949225
2037-02-17 00:00:00+00:00,0.0,10.656101
2037-02-18 00:00:00+00:00,0.0,11.408745
2037-02-19 00:00:00+00:00,0.0,10.640244
2037-02-20 00:00:00+00:00,0.0,11.898111
2037-02-21 00:00:00+00:00,0.0,13.407098
2037-02-22 00:00:00+00:00,0.0,19.969423
2037-02-23 00:00:00+00:00,0.0,20.965096
2037-02-24 00:00:00+00:00,0.0,14.387148
2037-02-25 00:00:00+00:00,0.0,16.646608
2037-02-26 00:00:00+00:00,0.0,18.398714
2037-02-27 00:00:00+00:00,0.0,16.87419
2037-02-28 00:00:00+00:00,0.0,11.325178
2037-03-01 00:00:00+00:00,0.0,9.808039
2037-03-02 00:00:00+00:00,0.0,11.560095
2037-03-03 00:00:00+00:00,0.0,17.836143
2037-03-04 00:00:00+00:00,0.0,19.0963
2037-03-05 00:00:00+00:00,0.0,13.822651
2037-03-06 00:00:00+00:00,0.0,17.344854
2037-03-07 00:00:00+00:00,0.0,17.097132
2037-03-08 00:00:00+00:00,0.0,14.082999
2037-03-09 00:00:00+00:00,0.0,11.570646
2037-03-10 00:00:00+00:00,0.0,14.340595
2037-03-11 00:00:00+00:00,0.0,10.317363
2037-03-12 00:00:00+00:00,0.0,19.380638
2037-03-13 00:00:00+00:00,0.0,22.15401
2037-03-14 00:00:00+00:00,0.0,15.611822
2037-03-15 00:00:00+00:00,0.0,13.348426
2037-03-16 00:00:00+00:00,0.0,10.832153
2037-03-17 00:00:00+00:00,0.0,16.12569
2037-03-18 00:00:00+00:00,0.0,16.129108
2037-03-19 00:00:00+00:00,0.0,19.15737
2037-03-20 00:00:00+00:00,0.0,23.195402
2037-03-21 00:00:00+00:00,0.0,23.200302
2037-03-22 00:00:00+00:00,0.0,10.089219
2037-03-23 00:00:00+00:00,0.0,16.903006
2037-03-24 00:00:00+00:00,0.0,16.654232
2037-03-25 00:00:00+00:00,0.0,15.143401
2037-03-26 00:00:00+00:00,0.0,15.39903
2037-03-27 00:00:00+00:00,0.0,14.64478
2037-03-28 00:00:00+00:00,0.0,17.17335
2037-03-29 00:00:00+00:00,0.0,15.913943
2037-03-30 00:00:00+00:00,0.0,14.401349
2037-03-31 00:00:00+00:00,0.0,16.173325
2037-04-01 00:00:00+00:00,0.0,15.923953
2037-04-02 00:00:00+00:00,0.0,15.927284
2037-04-03 00:00:00+00:00,0.0,15.172012
2037-04-04 00:00:00+00:00,0.0,13.657664
2037-04-05 00:00:00+00:00,0.0,10.118899
2037-04-06 00:00:00+00:00,0.0,6.5786567
2037-04-07 00:00:00+00:00,0.0,13.160055
2037-04-08 00:00:00+00:00,0.0,11.644011
2037-04-09 00:00:00+00:00,0.0,16.203733
2037-04-10 00:00:00+00:00,0.0,16.713573
2037-04-11 00:00:00+00:00,0.0,16.210468
2037-04-12 00:00:00+00:00,0.0,14.693788
2037-04-13 00:00:00+00:00,0.0,16.723984
2037-04-14 00:00:00+00:00,0.0,15.206774
2037-04-15 00:00:00+00:00,0.0,16.477413
2037-04-16 00:00:00+00:00,0.0,19.269886
2037-04-17 00:00:00+00:00,0.0,20.288282
2037-04-18 00:00:00+00:00,0.0,19.024193
2037-04-19 00:00:00+00:00,0.0,16.237331
2037-04-20 00:00:00+00:00,0.0,15.479396
2037-04-21 00:00:00+00:00,0.0,15.228774
2037-04-22 00:00:00+00:00,0.0,8.123684
2037-04-23 00:00:00+00:00,0.0,18.535965
2037-04-24 00:00:00+00:00,0.0,18.539776
2037-04-25 00:00:00+00:00,0.0,9.144781
2037-04-26 00:00:00+00:00,0.2433888,11.179249
2037-04-27 00:00:00+00:00,0.0,14.993429
2037-04-28 00:00:00+00:00,0.0,17.029926
2037-04-29 00:00:00+00:00,0.0,17.287642
2037-04-30 00:00:00+00:00,0.0,16.528334
2037-05-01 00:00:00+00:00,0.0,14.497036
2037-05-02 00:00:00+00:00,0.0,18.061403
2037-05-03 00:00:00+00:00,0.0,24.92968
2037-05-04 00:00:00+00:00,0.0,18.566057
2037-05-05 00:00:00+00:00,0.0,20.850523
2037-05-06 00:00:00+00:00,0.0,20.591797
2037-05-07 00:00:00+00:00,0.0,16.774874
2037-05-08 00:00:00+00:00,0.0,17.533577
2037-05-09 00:00:00+00:00,0.0,10.670301
2037-05-10 00:00:00+00:00,0.0,18.287983
2037-05-11 00:00:00+00:00,0.0,21.331352
2037-05-12 00:00:00+00:00,0.0,18.026165
2037-05-13 00:00:00+00:00,0.0,9.391879
2037-05-14 00:00:00+00:00,0.0,12.435194
2037-05-15 00:00:00+00:00,0.0,16.999529
2037-05-16 00:00:00+00:00,0.0,11.668784
2037-05-17 00:00:00+00:00,0.0,13.695158
2037-05-18 00:00:00+00:00,0.0,11.410148
2037-05-19 00:00:00+00:00,0.0,11.91467
2037-05-20 00:00:00+00:00,0.0,19.00863
2037-05-21 00:00:00+00:00,0.0,19.004488
2037-05-22 00:00:00+00:00,0.0,15.960288
2037-05-23 00:00:00+00:00,0.0,14.437109
2037-05-24 00:00:00+00:00,0.0,12.408137
2037-05-25 00:00:00+00:00,0.0,10.8863945
2037-05-26 00:00:00+00:00,0.0,10.124664
2037-05-27 00:00:00+00:00,0.0,20.75102
2037-05-28 00:00:00+00:00,0.0,22.264515
2037-05-29 00:00:00+00:00,0.0,14.671125
2037-05-30 00:00:00+00:00,0.0,15.426593
2037-05-31 00:00:00+00:00,0.0,17.698765
2037-06-01 00:00:00+00:00,0.0,17.442099
2037-06-02 00:00:00+00:00,0.0,17.43827
2037-06-03 00:00:00+00:00,1.1319877,16.423744
2037-06-04 00:00:00+00:00,13.123658,16.167519
2037-06-05 00:00:00+00:00,0.0,14.143466
2037-06-06 00:00:00+00:00,0.0,17.927946
2037-06-07 00:00:00+00:00,0.0,17.4191
2037-06-08 00:00:00+00:00,0.17268373,17.41526
2037-06-09 00:00:00+00:00,0.0,14.635687
2037-06-10 00:00:00+00:00,0.0,15.893879
2037-06-11 00:00:00+00:00,0.5159297,15.133685
2037-06-12 00:00:00+00:00,0.0,17.904236
2037-06-13 00:00:00+00:00,0.0,19.665096
2037-06-14 00:00:00+00:00,0.0,19.408688
2037-06-15 00:00:00+00:00,0.0,19.152384
2037-06-16 00:00:00+00:00,0.0,13.101363
2037-06-17 00:00:00+00:00,0.0,13.350355
2037-06-18 00:00:00+00:00,6.3149223,12.340046
2037-06-19 00:00:00+00:00,0.0,18.883635
2037-06-20 00:00:00+00:00,0.0,19.131168
2037-06-21 00:00:00+00:00,0.0,19.12692
2037-06-22 00:00:00+00:00,0.0,18.871058
2037-06-23 00:00:00+00:00,0.16995542,15.093488
2037-06-24 00:00:00+00:00,0.0,13.078113
2037-06-25 00:00:00+00:00,0.0,15.338217
2037-06-26 00:00:00+00:00,1.3566926,14.32924
2037-06-27 00:00:00+00:00,0.59315306,13.572045
2037-06-28 00:00:00+00:00,0.0,16.584352
2037-06-29 00:00:00+00:00,0.0,16.580652
2037-06-30 00:00:00+00:00,0.0,17.581614
2037-07-01 00:00:00+00:00,0.0,14.313258
2037-07-02 00:00:00+00:00,0.0,16.067434
2037-07-03 00:00:00+00:00,0.0,16.106546
2037-07-04 00:00:00+00:00,0.0,19.962227
2037-07-05 00:00:00+00:00,0.0,15.4769535
2037-07-06 00:00:00+00:00,0.0,12.738373
2037-07-07 00:00:00+00:00,0.0,13.558847
2037-07-08 00:00:00+00:00,0.0,9.248417
2037-07-09 00:00:00+00:00,0.0,15.221241
2037-07-10 00:00:00+00:00,0.0,18.913391
2037-07-11 00:00:00+00:00,0.0,17.693731
2037-07-12 00:00:00+00:00,1.8840339,15.941172
2037-07-13 00:00:00+00:00,7.9579334,12.598751
2037-07-14 00:00:00+00:00,0.0,13.445236
2037-07-15 00:00:00+00:00,4.4724827,12.975463
2037-07-16 00:00:00+00:00,3.2974465,13.565697
2037-07-17 00:00:00+00:00,5.3391943,15.230317
2037-07-18 00:00:00+00:00,12.140652,12.078856
2037-07-19 00:00:00+00:00,2.6424484,7.8200245
2037-07-20 00:00:00+00:00,0.0,15.170936
2037-07-21 00:00:00+00:00,0.0,22.046602
2037-07-22 00:00:00+00:00,0.0,17.501976
2037-07-23 00:00:00+00:00,20.083082,13.738712
2037-07-24 00:00:00+00:00,5.0176463,9.3873415
2037-07-25 00:00:00+00:00,1.4696223,14.704362
2037-07-26 00:00:00+00:00,3.805536,11.43089
2037-07-27 00:00:00+00:00,0.0,10.086586
2037-07-28 00:00:00+00:00,0.0,17.458172
2037-07-29 00:00:00+00:00,0.0,22.640327
2037-07-30 00:00:00+00:00,0.0,22.755625
2037-07-31 00:00:00+00:00,8.906895,16.010824
2037-08-01 00:00:00+00:00,0.0,17.24348
2037-08-02 00:00:00+00:00,0.0,19.06721
2037-08-03 00:00:00+00:00,0.8533395,21.20105
2037-08-04 00:00:00+00:00,7.726561,16.35069
2037-08-05 00:00:00+00:00,0.21199952,13.796911
2037-08-06 00:00:00+00:00,0.0,18.299305
2037-08-07 00:00:00+00:00,0.0,20.477373
2037-08-08 00:00:00+00:00,9.105701,18.502167
2037-08-09 00:00:00+00:00,0.0,16.805397
2037-08-10 00:00:00+00:00,0.06965602,24.143764
2037-08-11 00:00:00+00:00,35.498985,22.764359
2037-08-12 00:00:00+00:00,0.20786412,14.653444
2037-08-13 00:00:00+00:00,5.39066,13.203743
2037-08-14 00:00:00+00:00,6.893842,17.29708
2037-08-15 00:00:00+00:00,13.754017,21.439598
2037-08-16 00:00:00+00:00,2.2639928,15.942175
2037-08-17 00:00:00+00:00,16.016258,22.958189
2037-08-18 00:00:00+00:00,3.6876101,14.872295
2037-08-19 00:00:00+00:00,0.6813627,15.920037
2037-08-20 00:00:00+00:00,2.4475324,12.816132
2037-08-21 00:00:00+00:00,15.874837,7.7385683
2037-08-22 00:00:00+00:00,7.1083603,9.086361
2037-08-23 00:00:00+00:00,0.13511871,12.411628
2037-08-24 00:00:00+00:00,5.5286956,14.794561
2037-08-25 00:00:00+00:00,15.005644,11.914293
2037-08-26 00:00:00+00:00,9.402334,10.661649
2037-08-27 00:00:00+00:00,2.4131513,5.3670545
2037-08-28 00:00:00+00:00,3.6129856,8.44367
2037-08-29 00:00:00+00:00,2.6713972,9.182579
2037-08-30 00:00:00+00:00,9.666463,11.987081
2037-08-31 00:00:00+00:00,8.784343,8.278218
2037-09-01 00:00:00+00:00,5.5803914,11.811937
2037-09-02 00:00:00+00:00,5.244392,7.310022
2037-09-03 00:00:00+00:00,1.1280721,8.704344
2037-09-04 00:00:00+00:00,3.3164456,9.054534
2037-09-05 00:00:00+00:00,3.977992,9.404885
2037-09-06 00:00:00+00:00,4.1750116,13.587875
2037-09-07 00:00:00+00:00,3.311967,11.848498
2037-09-08 00:00:00+00:00,5.1642075,17.079615
2037-09-09 00:00:00+00:00,7.4116364,12.899759
2037-09-10 00:00:00+00:00,3.9685144,13.251391
2037-09-11 00:00:00+00:00,4.891955,10.463991
2037-09-12 00:00:00+00:00,3.7661068,12.210759
2037-09-13 00:00:00+00:00,9.178937,13.260407
2037-09-14 00:00:00+00:00,3.69588,9.773052
2037-09-15 00:00:00+00:00,1.187262,13.615572
2037-09-16 00:00:00+00:00,0.52735126,16.761461
2037-09-17 00:00:00+00:00,4.6114254,11.8754225
2037-09-18 00:00:00+00:00,3.9500833,10.131363
2037-09-19 00:00:00+00:00,2.7632008,6.639318
2037-09-20 00:00:00+00:00,1.6436191,13.980737
2037-09-21 00:00:00+00:00,0.13139486,9.788778
2037-09-22 00:00:00+00:00,4.9892793,13.987211
2037-09-23 00:00:00+00:00,4.395042,8.044514
2037-09-24 00:00:00+00:00,5.3091435,9.445758
2037-09-25 00:00:00+00:00,2.554124,7.348415
2037-09-26 00:00:00+00:00,6.6087985,9.45017
2037-09-27 00:00:00+00:00,0.45762312,7.351855
2037-09-28 00:00:00+00:00,2.4165983,7.0034113
2037-09-29 00:00:00+00:00,5.8724756,5.6040473
2037-09-30 00:00:00+00:00,3.4547172,7.7073827
2037-10-01 00:00:00+00:00,2.2138817,9.811713
2037-10-02 00:00:00+00:00,2.2114277,11.5665455
2037-10-03 00:00:00+00:00,1.7540992,9.816369
2037-10-04 00:00:00+00:00,1.167982,6.3120236
2037-10-05 00:00:00+00:00,0.97208244,7.015033
2037-10-06 00:00:00+00:00,1.8121381,9.823393
2037-10-07 00:00:00+00:00,0.6462878,13.685862
2037-10-08 00:00:00+00:00,0.0,10.881116
2037-10-09 00:00:00+00:00,0.06443409,9.128293
2037-10-10 00:00:00+00:00,0.96493685,9.83284
2037-10-11 00:00:00+00:00,1.990775,10.537732
2037-10-12 00:00:00+00:00,0.32050943,5.9728293
2037-10-13 00:00:00+00:00,0.7677435,9.839987
2037-10-14 00:00:00+00:00,3.0647128,11.59995
2037-10-15 00:00:00+00:00,2.4846869,12.305978
2037-10-16 00:00:00+00:00,1.5890778,8.088763
2037-10-17 00:00:00+00:00,0.88769704,7.387201
2037-10-18 00:00:00+00:00,1.5810115,11.963167
2037-10-19 00:00:00+00:00,0.6936891,11.614165
2037-10-20 00:00:00+00:00,0.1257446,11.264998
2037-10-21 00:00:00+00:00,1.0653564,13.380493
2037-10-22 00:00:00+00:00,2.8101707,10.918368
2037-10-23 00:00:00+00:00,1.9907559,9.51191
2037-10-24 00:00:00+00:00,0.0,7.7523737
2037-10-25 00:00:00+00:00,0.0,10.221587
2037-10-26 00:00:00+00:00,0.0,8.108803
2037-10-27 00:00:00+00:00,0.0,11.989929
2037-10-28 00:00:00+00:00,0.0,7.4074035
2037-10-29 00:00:00+00:00,0.0,5.9979796
2037-10-30 00:00:00+00:00,0.0,8.116961
2037-10-31 00:00:00+00:00,0.0,6.35401
2037-11-01 00:00:00+00:00,0.0,6.7087107
2037-11-02 00:00:00+00:00,0.0,6.6718426
2037-11-03 00:00:00+00:00,0.0,15.702961
2037-11-04 00:00:00+00:00,0.0,18.727022
2037-11-05 00:00:00+00:00,0.0,19.646465
2037-11-06 00:00:00+00:00,0.0,14.731287
2037-11-07 00:00:00+00:00,0.0,10.8971405
2037-11-08 00:00:00+00:00,0.0,10.494015
2037-11-09 00:00:00+00:00,0.0,12.451621
2037-11-10 00:00:00+00:00,0.0,11.041
2037-11-11 00:00:00+00:00,0.0,9.314265
2037-11-12 00:00:00+00:00,0.0,10.253538
2037-11-13 00:00:00+00:00,0.0,6.249022
2037-11-14 00:00:00+00:00,0.0,10.793027
2037-11-15 00:00:00+00:00,0.0,7.155616
2037-11-16 00:00:00+00:00,0.0,12.93907
2037-11-17 00:00:00+00:00,0.0,8.68658
2037-11-18 00:00:00+00:00,0.0,7.6800017
2037-11-19 00:00:00+00:00,0.0,5.4111133
2037-11-20 00:00:00+00:00,0.0,5.3826537
2037-11-21 00:00:00+00:00,0.0,9.13434
2037-11-22 00:00:00+00:00,0.0,15.667597
2037-11-23 00:00:00+00:00,0.0,15.275763
2037-11-24 00:00:00+00:00,0.0,18.300127
2037-11-25 00:00:00+00:00,0.0,16.973862
2037-11-26 00:00:00+00:00,0.0,11.976189
2037-11-27 00:00:00+00:00,0.0,6.41696
2037-11-28 00:00:00+00:00,0.0,10.034589
2037-11-29 00:00:00+00:00,0.0,13.617367
2037-11-30 00:00:00+00:00,0.0,17.46718
2037-12-01 00:00:00+00:00,0.0,17.084503
2037-12-02 00:00:00+00:00,0.0,19.390644
2037-12-03 00:00:00+00:00,0.0,18.409416
2037-12-04 00:00:00+00:00,0.0,15.3687725
2037-12-05 00:00:00+00:00,0.0,15.298343
2037-12-06 00:00:00+00:00,0.0,15.814573
2037-12-07 00:00:00+00:00,0.0,17.492619
2037-12-08 00:00:00+00:00,0.0,15.382832
2037-12-09 00:00:00+00:00,0.0,16.470573
2037-12-10 00:00:00+00:00,0.0,16.685987
2037-12-11 00:00:00+00:00,0.0,15.1812
2037-12-12 00:00:00+00:00,0.0,15.115704
2037-12-13 00:00:00+00:00,0.0,12.495202
2037-12-14 00:00:00+00:00,0.0,11.593863
2037-12-15 00:00:00+00:00,0.0,9.5739765
2037-12-16 00:00:00+00:00,0.0,12.898984
2037-12-17 00:00:00+00:00,0.0,10.611591
2037-12-18 00:00:00+00:00,0.0,12.236681
2037-12-19 00:00:00+00:00,0.0,15.233589
2037-12-20 00:00:00+00:00,0.0,19.309923
2037-12-21 00:00:00+00:00,0.0,19.782091
2037-12-22 00:00:00+00:00,0.0,13.956646
2037-12-23 00:00:00+00:00,0.0,16.627453
2037-12-24 00:00:00+00:00,0.0,16.562445
2037-12-25 00:00:00+00:00,0.0,15.686816
2037-12-26 00:00:00+00:00,0.0,13.471076
2037-12-27 00:00:00+00:00,0.0,11.809282
2037-12-28 00:00:00+00:00,0.0,12.834047
2037-12-29 00:00:00+00:00,0.0,14.916771
2037-12-30 00:00:00+00:00,0.0,20.434052
2037-12-31 00:00:00+00:00,0.0,17.450071
2038-01-01 00:00:00+00:00,0.0,14.22489
2038-01-02 00:00:00+00:00,0.0,16.055286
2038-01-03 00:00:00+00:00,0.0,13.937928
2038-01-04 00:00:00+00:00,0.0,15.765535
2038-01-05 00:00:00+00:00,0.0,16.014866
2038-01-06 00:00:00+00:00,0.0,15.739171
2038-01-07 00:00:00+00:00,0.0,18.609173
2038-01-08 00:00:00+00:00,0.0,17.284296
2038-01-09 00:00:00+00:00,0.0,16.223309
2038-01-10 00:00:00+00:00,0.0,14.902654
2038-01-11 00:00:00+00:00,0.0,17.763952
2038-01-12 00:00:00+00:00,0.0,17.227314
2038-01-13 00:00:00+00:00,0.0,14.344329
2038-01-14 00:00:00+00:00,0.0,12.769048
2038-01-15 00:00:00+00:00,0.0,9.634074
2038-01-16 00:00:00+00:00,0.0,9.62624
2038-01-17 00:00:00+00:00,0.0,15.85742
2038-01-18 00:00:00+00:00,0.0,15.584847
2038-01-19 00:00:00+00:00,0.0,14.01505
2038-01-20 00:00:00+00:00,0.0,17.634388
2038-01-21 00:00:00+00:00,0.0,22.284422
2038-01-22 00:00:00+00:00,0.0,14.499173
2038-01-23 00:00:00+00:00,0.0,16.81597
2038-01-24 00:00:00+00:00,0.0,14.993077
2038-01-25 00:00:00+00:00,0.0,16.01436
2038-01-26 00:00:00+00:00,0.0,17.808323
2038-01-27 00:00:00+00:00,0.0,20.63103
2038-01-28 00:00:00+00:00,0.0,21.903206
2038-01-29 00:00:00+00:00,0.0,18.281248
2038-01-30 00:00:00+00:00,0.0,14.407716
2038-01-31 00:00:00+00:00,0.0,16.967257
2038-02-01 00:00:00+00:00,0.0,15.9265175
2038-02-02 00:00:00+00:00,0.0,18.480934
2038-02-03 00:00:00+00:00,0.0,14.106438
2038-02-04 00:00:00+00:00,0.0,10.763859
2038-02-05 00:00:00+00:00,0.0,10.755558
2038-02-06 00:00:00+00:00,0.0,14.585602
2038-02-07 00:00:00+00:00,0.0,16.10856
2038-02-08 00:00:00+00:00,0.0,13.030285
2038-02-09 00:00:00+00:00,0.0,13.530944
2038-02-10 00:00:00+00:00,0.0,12.755323
2038-02-11 00:00:00+00:00,0.0,26.001104
2038-02-12 00:00:00+00:00,0.0,25.21725
2038-02-13 00:00:00+00:00,0.0,20.616713
2038-02-14 00:00:00+00:00,0.0,20.855515
2038-02-15 00:00:00+00:00,0.0,16.773533
2038-02-16 00:00:00+00:00,0.0,13.967466
2038-02-17 00:00:00+00:00,0.0,7.6129217
2038-02-18 00:00:00+00:00,0.0,12.425168
2038-02-19 00:00:00+00:00,0.0,19.76413
2038-02-20 00:00:00+00:00,0.0,19.243067
2038-02-21 00:00:00+00:00,0.0,20.24087
2038-02-22 00:00:00+00:00,0.0,16.433565
2038-02-23 00:00:00+00:00,0.0,17.432018
2038-02-24 00:00:00+00:00,0.0,13.127525
2038-02-25 00:00:00+00:00,0.0,26.235819
2038-02-26 00:00:00+00:00,0.0,24.956232
2038-02-27 00:00:00+00:00,0.0,22.922848
2038-02-28 00:00:00+00:00,0.0,17.620142
2038-03-01 00:00:00+00:00,0.0,12.325154
2038-03-02 00:00:00+00:00,0.0,12.818943
2038-03-03 00:00:00+00:00,0.0,16.327988
2038-03-04 00:00:00+00:00,0.0,16.582743
2038-03-05 00:00:00+00:00,0.0,14.575834
2038-03-06 00:00:00+00:00,0.0,10.557172
2038-03-07 00:00:00+00:00,0.0,11.816503
2038-03-08 00:00:00+00:00,0.0,15.088121
2038-03-09 00:00:00+00:00,0.0,17.606567
2038-03-10 00:00:00+00:00,0.0,17.107168
2038-03-11 00:00:00+00:00,0.0,23.904812
2038-03-12 00:00:00+00:00,0.0,15.604357
2038-03-13 00:00:00+00:00,0.0,15.859415
2038-03-14 00:00:00+00:00,0.0,16.869946
2038-03-15 00:00:00+00:00,0.0,15.110624
2038-03-16 00:00:00+00:00,0.0,12.846755
2038-03-17 00:00:00+00:00,0.0,14.361183
2038-03-18 00:00:00+00:00,0.0,12.8522005
2038-03-19 00:00:00+00:00,0.0,14.367269
2038-03-20 00:00:00+00:00,0.0,12.35342
2038-03-21 00:00:00+00:00,0.0,14.373343
2038-03-22 00:00:00+00:00,0.0,12.358642
2038-03-23 00:00:00+00:00,0.0,10.343084
2038-03-24 00:00:00+00:00,0.0,13.37315
2038-03-25 00:00:00+00:00,0.0,17.413994
2038-03-26 00:00:00+00:00,0.0,17.41766
2038-03-27 00:00:00+00:00,0.0,15.653943
2038-03-28 00:00:00+00:00,0.0,15.65723
2038-03-29 00:00:00+00:00,0.0,15.407928
2038-03-30 00:00:00+00:00,0.0,19.706078
2038-03-31 00:00:00+00:00,0.0,22.237156
2038-04-01 00:00:00+00:00,0.0,17.9451
2038-04-02 00:00:00+00:00,0.0,15.926451
2038-04-03 00:00:00+00:00,0.0,11.125563
2038-04-04 00:00:00+00:00,0.0,13.404045
2038-04-05 00:00:00+00:00,0.0,17.707151
2038-04-06 00:00:00+00:00,0.0,16.951809
2038-04-07 00:00:00+00:00,0.0,20.498253
2038-04-08 00:00:00+00:00,0.0,14.680816
2038-04-09 00:00:00+00:00,0.0,15.443381
2038-04-10 00:00:00+00:00,0.0,13.927256
2038-04-11 00:00:00+00:00,0.0,12.9170475
2038-04-12 00:00:00+00:00,0.0,13.426386
2038-04-13 00:00:00+00:00,0.0,14.949455
2038-04-14 00:00:00+00:00,0.0,11.911356
2038-04-15 00:00:00+00:00,0.0,6.0836535
2038-04-16 00:00:00+00:00,0.0,11.916287
2038-04-17 00:00:00+00:00,0.0,15.976198
2038-04-18 00:00:00+00:00,0.0,17.754997
2038-04-19 00:00:00+00:00,0.0,8.625637
2038-04-20 00:00:00+00:00,0.0,17.762325
2038-04-21 00:00:00+00:00,0.0,17.512188
2038-04-22 00:00:00+00:00,0.0,17.769646
2038-04-23 00:00:00+00:00,0.0,14.980354
2038-04-24 00:00:00+00:00,0.0,15.999261
2038-04-25 00:00:00+00:00,0.0,17.018581
2038-04-26 00:00:00+00:00,0.0,18.292377
2038-04-27 00:00:00+00:00,0.0,17.53379
2038-04-28 00:00:00+00:00,0.0,16.012392
2038-04-29 00:00:00+00:00,0.0,16.015675
2038-04-30 00:00:00+00:00,0.0,14.239065
2038-05-01 00:00:00+00:00,0.0,13.987656
2038-05-02 00:00:00+00:00,0.0,13.990513
2038-05-03 00:00:00+00:00,0.0,11.956715
2038-05-04 00:00:00+00:00,0.0,12.208479
2038-05-05 00:00:00+00:00,0.0,13.731574
2038-05-06 00:00:00+00:00,0.0,10.169337
2038-05-07 00:00:00+00:00,0.0,11.438031
2038-05-08 00:00:00+00:00,0.0,10.164941
2038-05-09 00:00:00+00:00,0.0,20.579552
2038-05-10 00:00:00+00:00,0.0,19.813053
2038-05-11 00:00:00+00:00,0.0,13.713759
2038-05-12 00:00:00+00:00,0.0,10.410041
2038-05-13 00:00:00+00:00,0.0,15.230901
2038-05-14 00:00:00+00:00,0.0,15.735182
2038-05-15 00:00:00+00:00,0.0,18.77662
2038-05-16 00:00:00+00:00,0.0,18.772543
2038-05-17 00:00:00+00:00,0.0,16.485811
2038-05-18 00:00:00+00:00,0.0,17.496513
2038-05-19 00:00:00+00:00,0.0,17.999739
2038-05-20 00:00:00+00:00,0.0,19.009665
2038-05-21 00:00:00+00:00,0.0,17.231676
2038-05-22 00:00:00+00:00,0.0,20.52149
2038-05-23 00:00:00+00:00,0.0,25.329645
2038-05-24 00:00:00+00:00,0.0,25.577354
2038-05-25 00:00:00+00:00,0.0,19.748491
2038-05-26 00:00:00+00:00,0.0,17.466
2038-05-27 00:00:00+00:00,0.0,13.41298
2038-05-28 00:00:00+00:00,0.0,16.6993
2038-05-29 00:00:00+00:00,0.0,16.442677
2038-05-30 00:00:00+00:00,0.0,18.209436
2038-05-31 00:00:00+00:00,0.0,11.884109
2038-06-01 00:00:00+00:00,0.0,21.235022
2038-06-02 00:00:00+00:00,0.0,21.988588
2038-06-03 00:00:00+00:00,0.0,20.720324
2038-06-04 00:00:00+00:00,0.0,21.221031
2038-06-05 00:00:00+00:00,0.0,18.185455
2038-06-06 00:00:00+00:00,0.0,16.413815
2038-06-07 00:00:00+00:00,0.0,15.9052725
2038-06-08 00:00:00+00:00,0.0,19.6879
2038-06-09 00:00:00+00:00,0.0,17.41238
2038-06-10 00:00:00+00:00,0.0,17.913136
2038-06-11 00:00:00+00:00,0.0,17.656939
2038-06-12 00:00:00+00:00,0.0,12.609314
2038-06-13 00:00:00+00:00,0.0,15.379967
2038-06-14 00:00:00+00:00,0.0,21.174282
2038-06-15 00:00:00+00:00,0.0,21.42162
2038-06-16 00:00:00+00:00,0.0,18.897245
2038-06-17 00:00:00+00:00,0.0,18.893055
2038-06-18 00:00:00+00:00,0.0,15.111094
2038-06-19 00:00:00+00:00,0.0,19.891865
2038-06-20 00:00:00+00:00,0.0,20.13919
2038-06-21 00:00:00+00:00,0.0,17.617878
2038-06-22 00:00:00+00:00,0.0,18.36885
2038-06-23 00:00:00+00:00,0.0,18.364767
2038-06-24 00:00:00+00:00,0.0,17.857645
2038-06-25 00:00:00+00:00,0.0,17.350754
2038-06-26 00:00:00+00:00,0.0,11.061784
2038-06-27 00:00:00+00:00,0.0,17.59437
2038-06-28 00:00:00+00:00,0.0,17.841738
2038-06-29 00:00:00+00:00,0.0,18.842705
2038-06-30 00:00:00+00:00,0.0,20.094395
2038-07-01 00:00:00+00:00,0.0,20.34103
2038-07-02 00:00:00+00:00,0.0,20.085415
2038-07-03 00:00:00+00:00,0.0,17.598795
2038-07-04 00:00:00+00:00,0.0,18.174946
2038-07-05 00:00:00+00:00,0.0,20.530327
2038-07-06 00:00:00+00:00,0.0,16.542793
2038-07-07 00:00:00+00:00,0.0,16.611471
2038-07-08 00:00:00+00:00,0.0,17.964165
2038-07-09 00:00:00+00:00,0.0,18.039995
2038-07-10 00:00:00+00:00,0.15933116,17.081535
2038-07-11 00:00:00+00:00,0.31653628,16.375086
2038-07-12 00:00:00+00:00,0.0,17.751205
2038-07-13 00:00:00+00:00,0.0,19.926193
2038-07-14 00:00:00+00:00,0.0,18.697222
2038-07-15 00:00:00+00:00,6.254917,16.399658
2038-07-16 00:00:00+00:00,0.9982696,10.893512
2038-07-17 00:00:00+00:00,0.0,17.882029
2038-07-18 00:00:00+00:00,0.0,17.96353
2038-07-19 00:00:00+00:00,0.0,15.352674
2038-07-20 00:00:00+00:00,0.0,16.235676
2038-07-21 00:00:00+00:00,0.0,20.117712
2038-07-22 00:00:00+00:00,0.0,19.393272
2038-07-23 00:00:00+00:00,0.0,16.74121
2038-07-24 00:00:00+00:00,3.5456402,19.02782
2038-07-25 00:00:00+00:00,7.649939,16.3491
2038-07-26 00:00:00+00:00,5.933809,12.252243
2038-07-27 00:00:00+00:00,9.047833,12.032946
2038-07-28 00:00:00+00:00,0.0,13.217877
2038-07-29 00:00:00+00:00,0.0,15.828231
2038-07-30 00:00:00+00:00,0.07214863,15.056402
2038-07-31 00:00:00+00:00,0.0,13.420381
2038-08-01 00:00:00+00:00,0.0,18.943213
2038-08-02 00:00:00+00:00,0.0,23.37001
2038-08-03 00:00:00+00:00,0.0,22.043125
2038-08-04 00:00:00+00:00,0.0,22.452168
2038-08-05 00:00:00+00:00,0.0,16.416702
2038-08-06 00:00:00+00:00,12.9731,17.390139
2038-08-07 00:00:00+00:00,2.600991,15.410997
2038-08-08 00:00:00+00:00,0.07009381,9.238233
2038-08-09 00:00:00+00:00,0.0,19.478899
2038-08-10 00:00:00+00:00,0.0,23.506813
2038-08-11 00:00:00+00:00,0.0,23.641043
2038-08-12 00:00:00+00:00,4.090647,21.338703
2038-08-13 00:00:00+00:00,2.4204202,11.651377
2038-08-14 00:00:00+00:00,11.519857,11.411558
2038-08-15 00:00:00+00:00,0.13762356,21.097366
2038-08-16 00:00:00+00:00,2.9518008,18.727232
2038-08-17 00:00:00+00:00,12.87523,13.502721
2038-08-18 00:00:00+00:00,0.0,17.061018
2038-08-19 00:00:00+00:00,0.27269655,16.531078
2038-08-20 00:00:00+00:00,11.700129,16.95467
2038-08-21 00:00:00+00:00,8.756176,12.233257
2038-08-22 00:00:00+00:00,0.0,16.847551
2038-08-23 00:00:00+00:00,0.0,15.00019
2038-08-24 00:00:00+00:00,0.0,18.052534
2038-08-25 00:00:00+00:00,3.972052,20.154572
2038-08-26 00:00:00+00:00,4.233087,15.300372
2038-08-27 00:00:00+00:00,6.572234,11.385613
2038-08-28 00:00:00+00:00,1.0040716,10.452158
2038-08-29 00:00:00+00:00,6.1470017,13.919675
2038-08-30 00:00:00+00:00,0.0,16.410515
2038-08-31 00:00:00+00:00,0.26630852,18.592852
2038-09-01 00:00:00+00:00,9.371103,15.952085
2038-09-02 00:00:00+00:00,15.070869,12.530771
2038-09-03 00:00:00+00:00,0.3981848,22.28188
2038-09-04 00:00:00+00:00,1.5920653,22.635075
2038-09-05 00:00:00+00:00,8.023172,16.022242
2038-09-06 00:00:00+00:00,5.1696506,14.980665
2038-09-07 00:00:00+00:00,0.1324942,17.074818
2038-09-08 00:00:00+00:00,0.06621576,17.078655
2038-09-09 00:00:00+00:00,0.06618353,14.293521
2038-09-10 00:00:00+00:00,6.151983,13.599344
2038-09-11 00:00:00+00:00,23.206783,11.85852
2038-09-12 00:00:00+00:00,4.9560757,12.9077835
2038-09-13 00:00:00+00:00,3.3682828,17.446913
2038-09-14 00:00:00+00:00,10.495173,7.678389
2038-09-15 00:00:00+00:00,0.85759485,13.2656975
2038-09-16 00:00:00+00:00,4.219459,7.332719
2038-09-17 00:00:00+00:00,9.487868,11.176228
2038-09-18 00:00:00+00:00,0.0,10.829456
2038-09-19 00:00:00+00:00,8.422617,13.627289
2038-09-20 00:00:00+00:00,8.482569,12.581938
2038-09-21 00:00:00+00:00,2.825505,9.438634
2038-09-22 00:00:00+00:00,0.32830417,10.140141
2038-09-23 00:00:00+00:00,0.3280525,9.792752
2038-09-24 00:00:00+00:00,0.5244667,11.544143
2038-09-25 00:00:00+00:00,1.1135715,13.646258
2038-09-26 00:00:00+00:00,3.926882,12.599489
2038-09-27 00:00:00+00:00,9.350722,9.801899
2038-09-28 00:00:00+00:00,15.744291,7.703299
2038-09-29 00:00:00+00:00,11.747862,11.207434
2038-09-30 00:00:00+00:00,0.26080078,6.6559825
2038-10-01 00:00:00+00:00,5.080275,8.759941
2038-10-02 00:00:00+00:00,5.7253084,9.112495
2038-10-03 00:00:00+00:00,1.169744,7.361838
2038-10-04 00:00:00+00:00,2.7261317,9.116826
2038-10-05 00:00:00+00:00,2.6578846,9.118998
2038-10-06 00:00:00+00:00,0.0,10.524434
2038-10-07 00:00:00+00:00,0.7111697,9.123362
2038-10-08 00:00:00+00:00,1.6785084,7.7216196
2038-10-09 00:00:00+00:00,0.64459497,9.82988
2038-10-10 00:00:00+00:00,0.19306767,8.778793
2038-10-11 00:00:00+00:00,1.4134284,10.185861
2038-10-12 00:00:00+00:00,0.83371145,14.755506
2038-10-13 00:00:00+00:00,1.1521816,11.596424
2038-10-14 00:00:00+00:00,0.0,12.302229
2038-10-15 00:00:00+00:00,1.21116,12.656806
2038-10-16 00:00:00+00:00,0.0,9.143259
2038-10-17 00:00:00+00:00,0.0,7.034998
2038-10-18 00:00:00+00:00,0.0,9.851414
2038-10-19 00:00:00+00:00,0.0,10.557683
2038-10-20 00:00:00+00:00,0.0,10.560284
2038-10-21 00:00:00+00:00,0.0,9.154507
2038-10-22 00:00:00+00:00,0.0,5.987122
2038-10-23 00:00:00+00:00,0.0,13.03403
2038-10-24 00:00:00+00:00,0.0,12.684911
2038-10-25 00:00:00+00:00,0.0,14.802753
2038-10-26 00:00:00+00:00,0.0,11.986176
2038-10-27 00:00:00+00:00,0.0,7.757704
2038-10-28 00:00:00+00:00,0.0,10.581341
2038-10-29 00:00:00+00:00,0.0,10.5840025
2038-10-30 00:00:00+00:00,0.0,10.233783
2038-10-31 00:00:00+00:00,0.0,13.413173
2038-11-01 00:00:00+00:00,0.0,7.061353
2038-11-02 00:00:00+00:00,0.0,6.6823807
2038-11-03 00:00:00+00:00,0.0,7.6889977
2038-11-04 00:00:00+00:00,0.0,11.809315
2038-11-05 00:00:00+00:00,0.0,12.427272
2038-11-06 00:00:00+00:00,0.0,12.351834
2038-11-07 00:00:00+00:00,0.0,6.13882
2038-11-08 00:00:00+00:00,0.0,15.933858
2038-11-09 00:00:00+00:00,0.0,18.53631
2038-11-10 00:00:00+00:00,0.0,13.737519
2038-11-11 00:00:00+00:00,0.0,13.325213
2038-11-12 00:00:00+00:00,0.0,12.917961
2038-11-13 00:00:00+00:00,0.0,17.456026
2038-11-14 00:00:00+00:00,0.0,19.97856
2038-11-15 00:00:00+00:00,0.0,16.936617
2038-11-16 00:00:00+00:00,0.0,17.491617
2038-11-17 00:00:00+00:00,0.0,13.530745
2038-11-18 00:00:00+00:00,0.0,16.341875
2038-11-19 00:00:00+00:00,0.0,14.661266
2038-11-20 00:00:00+00:00,0.0,12.0476265
2038-11-21 00:00:00+00:00,0.0,16.400137
2038-11-22 00:00:00+00:00,0.0,17.884092
2038-11-23 00:00:00+00:00,0.0,16.543869
2038-11-24 00:00:00+00:00,0.0,18.633848
2038-11-25 00:00:00+00:00,0.0,15.7591305
2038-11-26 00:00:00+00:00,0.0,15.065698
2038-11-27 00:00:00+00:00,0.0,16.521063
2038-11-28 00:00:00+00:00,0.0,14.9180155
2038-11-29 00:00:00+00:00,0.0,11.81598
2038-11-30 00:00:00+00:00,0.0,14.774423
2038-12-01 00:00:00+00:00,0.0,13.203688
2038-12-02 00:00:00+00:00,0.0,8.9600525
2038-12-03 00:00:00+00:00,0.0,11.296342
2038-12-04 00:00:00+00:00,0.0,7.9891596
2038-12-05 00:00:00+00:00,0.0,10.308753
2038-12-06 00:00:00+00:00,0.0,9.382237
2038-12-07 00:00:00+00:00,0.0,9.923638
2038-12-08 00:00:00+00:00,0.0,16.562254
2038-12-09 00:00:00+00:00,0.0,23.142164
2038-12-10 00:00:00+00:00,0.0,16.99229
2038-12-11 00:00:00+00:00,0.0,12.90371
2038-12-12 00:00:00+00:00,0.0,18.272602
2038-12-13 00:00:00+00:00,0.0,18.762836
2038-12-14 00:00:00+00:00,0.0,18.683075
2038-12-15 00:00:00+00:00,0.0,21.423147
2038-12-16 00:00:00+00:00,0.0,25.263453
2038-12-17 00:00:00+00:00,0.0,20.686043
2038-12-18 00:00:00+00:00,0.0,17.538668
2038-12-19 00:00:00+00:00,0.0,18.021645
2038-12-20 00:00:00+00:00,0.0,17.12033
2038-12-21 00:00:00+00:00,0.0,18.97681
2038-12-22 00:00:00+00:00,0.0,18.901266
2038-12-23 00:00:00+00:00,0.0,16.098131
2038-12-24 00:00:00+00:00,0.0,15.763285
2038-12-25 00:00:00+00:00,0.0,15.702019
2038-12-26 00:00:00+00:00,0.0,18.0686
2038-12-27 00:00:00+00:00,0.0,14.775687
2038-12-28 00:00:00+00:00,0.0,9.367019
2038-12-29 00:00:00+00:00,0.0,7.732012
2038-12-30 00:00:00+00:00,0.0,6.3749914
2038-12-31 00:00:00+00:00,0.0,12.7027
2039-01-01 00:00:00+00:00,0.0,12.919616
2039-01-02 00:00:00+00:00,0.0,12.899591
2039-01-03 00:00:00+00:00,0.0,11.31051
2039-01-04 00:00:00+00:00,0.0,14.454773
2039-01-05 00:00:00+00:00,0.0,12.079314
2039-01-06 00:00:00+00:00,0.0,12.33159
2039-01-07 00:00:00+00:00,0.0,15.991489
2039-01-08 00:00:00+00:00,0.0,13.620755
2039-01-09 00:00:00+00:00,0.0,20.937635
2039-01-10 00:00:00+00:00,0.0,20.920322
2039-01-11 00:00:00+00:00,0.0,18.812765
2039-01-12 00:00:00+00:00,0.0,19.058367
2039-01-13 00:00:00+00:00,0.0,19.303596
2039-01-14 00:00:00+00:00,0.0,17.202637
2039-01-15 00:00:00+00:00,0.0,16.928171
2039-01-16 00:00:00+00:00,0.0,20.817722
2039-01-17 00:00:00+00:00,0.0,18.200727
2039-01-18 00:00:00+00:00,0.0,14.288997
2039-01-19 00:00:00+00:00,0.0,20.767221
2039-01-20 00:00:00+00:00,0.0,19.4536
2039-01-21 00:00:00+00:00,0.0,21.770542
2039-01-22 00:00:00+00:00,0.0,21.23518
2039-01-23 00:00:00+00:00,0.0,21.218224
2039-01-24 00:00:00+00:00,0.0,16.805927
2039-01-25 00:00:00+00:00,0.0,14.7258
2039-01-26 00:00:00+00:00,0.0,13.939705
2039-01-27 00:00:00+00:00,0.0,14.44457
2039-01-28 00:00:00+00:00,0.0,12.886773
2039-01-29 00:00:00+00:00,0.0,15.967041
2039-01-30 00:00:00+00:00,0.0,14.153207
2039-01-31 00:00:00+00:00,0.0,13.37075
2039-02-01 00:00:00+00:00,0.0,13.360325
2039-02-02 00:00:00+00:00,0.0,14.890311
2039-02-03 00:00:00+00:00,0.0,13.339576
2039-02-04 00:00:00+00:00,0.0,9.227947
2039-02-05 00:00:00+00:00,0.0,7.9401555
2039-02-06 00:00:00+00:00,0.0,15.612152
2039-02-07 00:00:00+00:00,0.0,14.832949
2039-02-08 00:00:00+00:00,0.0,16.610405
2039-02-09 00:00:00+00:00,0.0,16.853065
2039-02-10 00:00:00+00:00,0.0,19.391779
2039-02-11 00:00:00+00:00,0.0,17.337357
2039-02-12 00:00:00+00:00,0.0,15.031308
2039-02-13 00:00:00+00:00,0.0,13.492495
2039-02-14 00:00:00+00:00,0.0,14.245472
2039-02-15 00:00:00+00:00,0.0,12.455416
2039-02-16 00:00:00+00:00,0.0,14.98609
2039-02-17 00:00:00+00:00,0.0,16.243935
2039-02-18 00:00:00+00:00,0.0,17.499924
2039-02-19 00:00:00+00:00,0.0,16.473167
2039-02-20 00:00:00+00:00,0.0,15.194711
2039-02-21 00:00:00+00:00,0.0,19.485437
2039-02-22 00:00:00+00:00,0.0,19.471045
2039-02-23 00:00:00+00:00,0.0,16.677172
2039-02-24 00:00:00+00:00,0.0,17.674911
2039-02-25 00:00:00+00:00,0.0,15.391133
2039-02-26 00:00:00+00:00,0.0,12.606459
2039-02-27 00:00:00+00:00,0.0,12.84921
2039-02-28 00:00:00+00:00,0.0,22.155056
2039-03-01 00:00:00+00:00,0.0,21.635824
2039-03-02 00:00:00+00:00,0.0,17.849205
2039-03-03 00:00:00+00:00,0.0,15.072943
2039-03-04 00:00:00+00:00,0.0,14.069451
2039-03-05 00:00:00+00:00,0.0,16.585405
2039-03-06 00:00:00+00:00,0.0,16.086262
2039-03-07 00:00:00+00:00,0.0,16.341099
2039-03-08 00:00:00+00:00,0.0,15.338771
2039-03-09 00:00:00+00:00,0.0,17.857136
2039-03-10 00:00:00+00:00,0.0,20.628132
2039-03-11 00:00:00+00:00,0.0,19.626066
2039-03-12 00:00:00+00:00,0.0,19.630245
2039-03-13 00:00:00+00:00,0.0,16.865463
2039-03-14 00:00:00+00:00,0.0,14.8548355
2039-03-15 00:00:00+00:00,0.0,7.5549107
2039-03-16 00:00:00+00:00,0.0,12.846074
2039-03-17 00:00:00+00:00,0.0,13.100735
2039-03-18 00:00:00+00:00,0.0,15.371428
2039-03-19 00:00:00+00:00,0.0,15.374682
2039-03-20 00:00:00+00:00,0.0,11.848573
2039-03-21 00:00:00+00:00,0.0,13.616133
2039-03-22 00:00:00+00:00,0.0,20.176308
2039-03-23 00:00:00+00:00,0.0,26.486992
2039-03-24 00:00:00+00:00,0.0,29.267992
2039-03-25 00:00:00+00:00,0.0,22.712708
2039-03-26 00:00:00+00:00,0.0,16.407078
2039-03-27 00:00:00+00:00,0.0,18.430288
2039-03-28 00:00:00+00:00,0.0,11.616046
2039-03-29 00:00:00+00:00,0.0,10.10303
2039-03-30 00:00:00+00:00,0.0,12.884067
2039-03-31 00:00:00+00:00,0.0,12.886768
2039-04-01 00:00:00+00:00,0.0,12.636733
2039-04-02 00:00:00+00:00,0.0,11.881016
2039-04-03 00:00:00+00:00,0.0,16.18179
2039-04-04 00:00:00+00:00,0.0,22.254612
2039-04-05 00:00:00+00:00,0.0,16.441498
2039-04-06 00:00:00+00:00,0.0,19.227915
2039-04-07 00:00:00+00:00,0.0,10.881221
2039-04-08 00:00:00+00:00,0.0,11.642799
2039-04-09 00:00:00+00:00,0.0,17.720991
2039-04-10 00:00:00+00:00,0.0,16.711838
2039-04-11 00:00:00+00:00,0.0,9.877229
2039-04-12 00:00:00+00:00,0.0,8.612706
2039-04-13 00:00:00+00:00,0.0,11.401535
2039-04-14 00:00:00+00:00,0.0,10.643638
2039-04-15 00:00:00+00:00,0.0,16.222237
2039-04-16 00:00:00+00:00,0.0,19.774942
2039-04-17 00:00:00+00:00,0.0,17.750412
2039-04-18 00:00:00+00:00,0.0,16.485933
2039-04-19 00:00:00+00:00,0.0,17.250383
2039-04-20 00:00:00+00:00,0.0,17.000206
2039-04-21 00:00:00+00:00,0.0,18.780218
2039-04-22 00:00:00+00:00,0.0,15.991857
2039-04-23 00:00:00+00:00,0.23787634,15.233476
2039-04-24 00:00:00+00:00,0.0,16.252382
2039-04-25 00:00:00+00:00,0.0,17.779694
2039-04-26 00:00:00+00:00,0.0,19.053581
2039-04-27 00:00:00+00:00,0.0,18.803392
2039-04-28 00:00:00+00:00,0.0,17.790638
2039-04-29 00:00:00+00:00,0.0,18.811098
2039-04-30 00:00:00+00:00,0.0,16.272387
2039-05-01 00:00:00+00:00,0.0,17.038637
2039-05-02 00:00:00+00:00,0.0,16.787758
2039-05-03 00:00:00+00:00,0.0,22.642658
2039-05-04 00:00:00+00:00,0.0,19.331135
2039-05-05 00:00:00+00:00,0.0,15.258126
2039-05-06 00:00:00+00:00,0.0,12.203865
2039-05-07 00:00:00+00:00,0.0,8.642536
2039-05-08 00:00:00+00:00,0.0,15.502373
2039-05-09 00:00:00+00:00,0.0,11.687784
2039-05-10 00:00:00+00:00,0.0,14.225527
2039-05-11 00:00:00+00:00,0.0,12.190669
2039-05-12 00:00:00+00:00,0.0,16.758533
2039-05-13 00:00:00+00:00,0.0,16.501038
2039-05-14 00:00:00+00:00,0.0,11.421315
2039-05-15 00:00:00+00:00,0.0,11.672587
2039-05-16 00:00:00+00:00,0.0,19.534649
2039-05-17 00:00:00+00:00,0.0,8.623816
2039-05-18 00:00:00+00:00,0.0,11.1578045
2039-05-19 00:00:00+00:00,0.0,11.1553755
2039-05-20 00:00:00+00:00,0.0,11.406422
2039-05-21 00:00:00+00:00,0.0,13.431302
2039-05-22 00:00:00+00:00,0.0,18.242317
2039-05-23 00:00:00+00:00,0.0,23.051233
2039-05-24 00:00:00+00:00,0.0,26.085262
2039-05-25 00:00:00+00:00,0.0,21.521965
2039-05-26 00:00:00+00:00,0.0,24.301851
2039-05-27 00:00:00+00:00,0.0,21.00638
2039-05-28 00:00:00+00:00,0.0,12.651676
2039-05-29 00:00:00+00:00,0.0,13.913798
2039-05-30 00:00:00+00:00,0.0,17.451666
2039-05-31 00:00:00+00:00,0.0,19.723646
2039-06-01 00:00:00+00:00,0.0,18.455261
2039-06-02 00:00:00+00:00,0.0,18.703968
2039-06-03 00:00:00+00:00,0.0,16.93095
2039-06-04 00:00:00+00:00,0.0,18.190458
2039-06-05 00:00:00+00:00,0.0,19.196815
2039-06-06 00:00:00+00:00,0.0,20.202728
2039-06-07 00:00:00+00:00,0.0,19.945803
2039-06-08 00:00:00+00:00,0.0,17.922026
2039-06-09 00:00:00+00:00,0.0,17.918076
2039-06-10 00:00:00+00:00,0.0,14.886385
2039-06-11 00:00:00+00:00,0.0,13.874076
2039-06-12 00:00:00+00:00,0.0,19.923817
2039-06-13 00:00:00+00:00,0.0,24.710161
2039-06-14 00:00:00+00:00,0.0,22.940077
2039-06-15 00:00:00+00:00,0.0,20.16264
2039-06-16 00:00:00+00:00,0.0,19.654224
2039-06-17 00:00:00+00:00,0.0,19.64987
2039-06-18 00:00:00+00:00,0.0,19.645515
2039-06-19 00:00:00+00:00,0.0,19.389345
2039-06-20 00:00:00+00:00,0.5965496,18.629786
2039-06-21 00:00:00+00:00,1.1069275,15.101876
2039-06-22 00:00:00+00:00,0.0,13.085385
2039-06-23 00:00:00+00:00,0.0,20.378475
2039-06-24 00:00:00+00:00,0.3397821,20.373943
2039-06-25 00:00:00+00:00,0.08488294,15.339925
2039-06-26 00:00:00+00:00,0.0,18.856363
2039-06-27 00:00:00+00:00,0.0,17.343988
2039-06-28 00:00:00+00:00,0.0,17.591429
2039-06-29 00:00:00+00:00,0.0,19.095001
2039-06-30 00:00:00+00:00,0.0,16.32761
2039-07-01 00:00:00+00:00,0.0,17.328514
2039-07-02 00:00:00+00:00,0.0,16.320312
2039-07-03 00:00:00+00:00,8.605106,14.064885
2039-07-04 00:00:00+00:00,8.0266485,10.339136
2039-07-05 00:00:00+00:00,9.533043,12.660094
2039-07-06 00:00:00+00:00,17.758728,7.6272717
2039-07-07 00:00:00+00:00,0.0,11.9988985
2039-07-08 00:00:00+00:00,0.0,19.483532
2039-07-09 00:00:00+00:00,0.0,19.82304
2039-07-10 00:00:00+00:00,0.0,18.873098
2039-07-11 00:00:00+00:00,0.15852953,14.799649
2039-07-12 00:00:00+00:00,0.8662546,13.559755
2039-07-13 00:00:00+00:00,0.0,11.261722
2039-07-14 00:00:00+00:00,1.1667775,17.361374
2039-07-15 00:00:00+00:00,3.4799273,14.003491
2039-07-16 00:00:00+00:00,0.0,11.146707
2039-07-17 00:00:00+00:00,0.0,14.1295
2039-07-18 00:00:00+00:00,0.0,18.746473
2039-07-19 00:00:00+00:00,18.240572,17.487303
2039-07-20 00:00:00+00:00,6.100393,10.811226
2039-07-21 00:00:00+00:00,3.7476692,10.8617115
2039-07-22 00:00:00+00:00,0.0,10.912886
2039-07-23 00:00:00+00:00,10.694973,19.462454
2039-07-24 00:00:00+00:00,0.14789353,16.250603
2039-07-25 00:00:00+00:00,2.7980816,12.177755
2039-07-26 00:00:00+00:00,21.559322,7.509216
2039-07-27 00:00:00+00:00,5.3317847,7.8257246
2039-07-28 00:00:00+00:00,0.072754614,11.79699
2039-07-29 00:00:00+00:00,0.50736,8.186446
2039-07-30 00:00:00+00:00,0.14442776,13.051216
2039-07-31 00:00:00+00:00,2.158676,13.403167
2039-08-01 00:00:00+00:00,2.4379907,12.899103
2039-08-02 00:00:00+00:00,3.5731373,17.576626
2039-08-03 00:00:00+00:00,6.9090157,13.324286
2039-08-04 00:00:00+00:00,0.49698558,12.521519
2039-08-05 00:00:00+00:00,0.21232629,13.174245
2039-08-06 00:00:00+00:00,0.0,14.423037
2039-08-07 00:00:00+00:00,0.0,17.461563
2039-08-08 00:00:00+00:00,0.14028822,16.070107
2039-08-09 00:00:00+00:00,0.0,17.955359
2039-08-10 00:00:00+00:00,0.9765148,22.269808
2039-08-11 00:00:00+00:00,0.069562234,16.343506
2039-08-12 00:00:00+00:00,24.559902,12.784757
2039-08-13 00:00:00+00:00,21.590078,8.572713
2039-08-14 00:00:00+00:00,6.76437,12.01069
2039-08-15 00:00:00+00:00,8.744424,9.9134035
2039-08-16 00:00:00+00:00,7.8303704,9.03789
2039-08-17 00:00:00+00:00,3.2892106,8.465573
2039-08-18 00:00:00+00:00,0.0,10.725631
2039-08-19 00:00:00+00:00,3.1377623,13.331308
2039-08-20 00:00:00+00:00,13.408058,12.137113
2039-08-21 00:00:00+00:00,5.5689216,11.571028
2039-08-22 00:00:00+00:00,4.8116364,10.67458
2039-08-23 00:00:00+00:00,0.5410289,15.627013
2039-08-24 00:00:00+00:00,3.0370884,18.67834
2039-08-25 00:00:00+00:00,6.937681,11.874796
2039-08-26 00:00:00+00:00,2.688974,8.965609
2039-08-27 00:00:00+00:00,0.0,13.03784
2039-08-28 00:00:00+00:00,17.345032,15.146486
2039-08-29 00:00:00+00:00,14.505519,13.217713
2039-08-30 00:00:00+00:00,9.808542,11.945019
2039-08-31 00:00:00+00:00,8.658826,8.248829
2039-09-01 00:00:00+00:00,11.236868,11.423345
2039-09-02 00:00:00+00:00,2.9215212,13.922307
2039-09-03 00:00:00+00:00,5.973394,12.184725
2039-09-04 00:00:00+00:00,2.388353,9.749949
2039-09-05 00:00:00+00:00,1.3262898,9.752127
2039-09-06 00:00:00+00:00,2.916542,17.766771
2039-09-07 00:00:00+00:00,9.40818,16.725416
2039-09-08 00:00:00+00:00,3.7747493,11.849829
2039-09-09 00:00:00+00:00,10.65686,14.292716
2039-09-10 00:00:00+00:00,5.4250164,9.414399
2039-09-11 00:00:00+00:00,20.763197,8.021485
2039-09-12 00:00:00+00:00,0.0,12.907053
2039-09-13 00:00:00+00:00,0.0,11.514308
2039-09-14 00:00:00+00:00,0.0,13.959912
2039-09-15 00:00:00+00:00,0.6597858,16.406637
2039-09-16 00:00:00+00:00,5.604825,17.807014
2039-09-17 00:00:00+00:00,3.360817,16.414143
2039-09-18 00:00:00+00:00,4.08309,12.924737
2039-09-19 00:00:00+00:00,10.069357,8.036143
2039-09-20 00:00:00+00:00,13.4166355,8.387474
2039-09-21 00:00:00+00:00,11.304065,11.1858835
2039-09-22 00:00:00+00:00,9.850971,12.936669
2039-09-23 00:00:00+00:00,7.284182,9.442463
2039-09-24 00:00:00+00:00,6.622727,12.243076
2039-09-25 00:00:00+00:00,2.4896812,11.896046
2039-09-26 00:00:00+00:00,3.3385756,6.999308
2039-09-27 00:00:00+00:00,2.7469878,7.000946
2039-09-28 00:00:00+00:00,1.1108547,10.503882
2039-09-29 00:00:00+00:00,0.97922873,11.556986
2039-09-30 00:00:00+00:00,0.0,8.407061
2039-10-01 00:00:00+00:00,0.32574555,8.759423
2039-10-02 00:00:00+00:00,0.06507846,11.565175
2039-10-03 00:00:00+00:00,0.0,10.516288
2039-10-04 00:00:00+00:00,4.6098666,7.713778
2039-10-05 00:00:00+00:00,1.1024019,8.066325
2039-10-06 00:00:00+00:00,5.569607,10.173013
2039-10-07 00:00:00+00:00,2.7810056,9.473692
2039-10-08 00:00:00+00:00,3.939495,8.77404
2039-10-09 00:00:00+00:00,9.6726885,7.0209193
2039-10-10 00:00:00+00:00,0.0,7.7248716
2039-10-11 00:00:00+00:00,0.38564745,10.887674
2039-10-12 00:00:00+00:00,0.0,16.862413
2039-10-13 00:00:00+00:00,0.512329,14.055419
2039-10-14 00:00:00+00:00,0.0,10.192656
2039-10-15 00:00:00+00:00,0.0,7.7342424
2039-10-16 00:00:00+00:00,0.5091011,10.197627
2039-10-17 00:00:00+00:00,6.3486247,13.013949
2039-10-18 00:00:00+00:00,12.791658,7.739922
2039-10-19 00:00:00+00:00,2.841887,11.260836
2039-10-20 00:00:00+00:00,1.1964134,10.207647
2039-10-21 00:00:00+00:00,1.1926677,14.082989
2039-10-22 00:00:00+00:00,2.6275268,10.564856
2039-10-23 00:00:00+00:00,4.051578,10.919724
2039-10-24 00:00:00+00:00,2.7317572,5.6373878
2039-10-25 00:00:00+00:00,0.37090886,7.7533393
2039-10-26 00:00:00+00:00,6.0296955,10.575376
2039-10-27 00:00:00+00:00,5.325292,8.462419
2039-10-28 00:00:00+00:00,2.434503,8.81723
2039-10-29 00:00:00+00:00,0.0,6.3500023
2039-10-30 00:00:00+00:00,1.6215272,8.115936
2039-10-31 00:00:00+00:00,5.8989944,11.647545
2039-11-01 00:00:00+00:00,0.9449469,7.413952
2039-11-02 00:00:00+00:00,0.9980338,11.6246195
2039-11-03 00:00:00+00:00,3.230551,8.051091
2039-11-04 00:00:00+00:00,0.7639802,5.5659375
2039-11-05 00:00:00+00:00,0.70559007,9.334745
2039-11-06 00:00:00+00:00,0.0,7.559796
2039-11-07 00:00:00+00:00,0.0,8.197383
2039-11-08 00:00:00+00:00,0.0,4.753308
2039-11-09 00:00:00+00:00,0.0,6.0753493
2039-11-10 00:00:00+00:00,0.0,6.7109814
2039-11-11 00:00:00+00:00,0.0,5.0041533
2039-11-12 00:00:00+00:00,0.0,4.643829
2039-11-13 00:00:00+00:00,0.0,8.905246
2039-11-14 00:00:00+00:00,0.0,9.511278
2039-11-15 00:00:00+00:00,0.0,7.5015616
2039-11-16 00:00:00+00:00,0.0,3.8923512
2039-11-17 00:00:00+00:00,0.0,9.677928
2039-11-18 00:00:00+00:00,0.0,14.117812
2039-11-19 00:00:00+00:00,0.0,17.872246
2039-11-20 00:00:00+00:00,0.0,16.50795
2039-11-21 00:00:00+00:00,0.0,13.579353
2039-11-22 00:00:00+00:00,0.0,16.336401
2039-11-23 00:00:00+00:00,0.0,18.440342
2039-11-24 00:00:00+00:00,0.0,19.59036
2039-11-25 00:00:00+00:00,0.0,16.707108
2039-11-26 00:00:00+00:00,0.0,14.160914
2039-11-27 00:00:00+00:00,0.0,12.252919
2039-11-28 00:00:00+00:00,0.0,13.716962
2039-11-29 00:00:00+00:00,0.0,13.650335
2039-11-30 00:00:00+00:00,0.0,14.490274
2039-12-01 00:00:00+00:00,0.0,12.918952
2039-12-02 00:00:00+00:00,0.0,15.549063
2039-12-03 00:00:00+00:00,0.0,13.095258
2039-12-04 00:00:00+00:00,0.0,7.9984097
2039-12-05 00:00:00+00:00,0.0,15.333439
2039-12-06 00:00:00+00:00,0.0,13.50231
2039-12-07 00:00:00+00:00,0.0,7.8894243
2039-12-08 00:00:00+00:00,0.0,8.435831
2039-12-09 00:00:00+00:00,0.0,8.68793
2039-12-10 00:00:00+00:00,0.0,11.821177
2039-12-11 00:00:00+00:00,0.0,14.353079
2039-12-12 00:00:00+00:00,0.0,14.57671
2039-12-13 00:00:00+00:00,0.0,15.367859
2039-12-14 00:00:00+00:00,0.0,14.452258
2039-12-15 00:00:00+00:00,0.0,15.237745
2039-12-16 00:00:00+00:00,0.0,17.140896
2039-12-17 00:00:00+00:00,0.0,22.10663
2039-12-18 00:00:00+00:00,0.0,21.179499
2039-12-19 00:00:00+00:00,0.0,19.150166
2039-12-20 00:00:00+00:00,0.0,15.479156
2039-12-21 00:00:00+00:00,0.0,13.214497
2039-12-22 00:00:00+00:00,0.0,9.322931
2039-12-23 00:00:00+00:00,0.0,8.739805
2039-12-24 00:00:00+00:00,0.0,7.345263
2039-12-25 00:00:00+00:00,0.0,12.194431
2039-12-26 00:00:00+00:00,0.0,14.846721
2039-12-27 00:00:00+00:00,0.0,16.134338
2039-12-28 00:00:00+00:00,0.0,14.7335615
2039-12-29 00:00:00+00:00,0.0,14.944832
2039-12-30 00:00:00+00:00,0.0,13.825378
2039-12-31 00:00:00+00:00,0.0,16.687742
2040-01-01 00:00:00+00:00,0.0,15.834483
2040-01-02 00:00:00+00:00,0.0,15.798752
2040-01-03 00:00:00+00:00,0.0,13.680704
2040-01-04 00:00:00+00:00,0.0,14.720678
2040-01-05 00:00:00+00:00,0.0,15.496277
2040-01-06 00:00:00+00:00,0.0,16.79546
2040-01-07 00:00:00+00:00,0.0,17.830292
2040-01-08 00:00:00+00:00,0.0,15.981514
2040-01-09 00:00:00+00:00,0.0,14.659382
2040-01-10 00:00:00+00:00,0.0,12.293228
2040-01-11 00:00:00+00:00,0.0,12.283086
2040-01-12 00:00:00+00:00,0.0,11.750722
2040-01-13 00:00:00+00:00,0.0,12.262904
2040-01-14 00:00:00+00:00,0.0,13.0349655
2040-01-15 00:00:00+00:00,0.0,12.503352
2040-01-16 00:00:00+00:00,0.0,12.753448
2040-01-17 00:00:00+00:00,0.0,14.043407
2040-01-18 00:00:00+00:00,0.0,14.291888
2040-01-19 00:00:00+00:00,0.0,14.020702
2040-01-20 00:00:00+00:00,0.0,14.268845
2040-01-21 00:00:00+00:00,0.0,15.035056
2040-01-22 00:00:00+00:00,0.0,16.318098
2040-01-23 00:00:00+00:00,0.0,15.011004
2040-01-24 00:00:00+00:00,0.0,16.550667
2040-01-25 00:00:00+00:00,0.0,16.79591
2040-01-26 00:00:00+00:00,0.0,16.008013
2040-01-27 00:00:00+00:00,0.0,8.771649
2040-01-28 00:00:00+00:00,0.0,11.858166
2040-01-29 00:00:00+00:00,0.0,10.818505
2040-01-30 00:00:00+00:00,0.0,10.552639
2040-01-31 00:00:00+00:00,0.0,10.287204
2040-02-01 00:00:00+00:00,0.0,14.390846
2040-02-02 00:00:00+00:00,0.0,14.122866
2040-02-03 00:00:00+00:00,0.0,15.138225
2040-02-04 00:00:00+00:00,0.0,14.35736
2040-02-05 00:00:00+00:00,0.0,14.090091
2040-02-06 00:00:00+00:00,0.0,12.543323
2040-02-07 00:00:00+00:00,0.0,16.11474
2040-02-08 00:00:00+00:00,0.0,17.380363
2040-02-09 00:00:00+00:00,0.0,15.83469
2040-02-10 00:00:00+00:00,0.0,13.7809925
2040-02-11 00:00:00+00:00,0.0,16.065601
2040-02-12 00:00:00+00:00,0.0,14.779337
2040-02-13 00:00:00+00:00,0.0,16.550524
2040-02-14 00:00:00+00:00,0.0,15.520313
2040-02-15 00:00:00+00:00,0.0,9.406877
2040-02-16 00:00:00+00:00,0.0,8.129573
2040-02-17 00:00:00+00:00,0.0,8.631205
2040-02-18 00:00:00+00:00,0.0,11.92246
2040-02-19 00:00:00+00:00,0.0,12.167063
2040-02-20 00:00:00+00:00,0.0,19.503496
2040-02-21 00:00:00+00:00,0.0,20.754568
2040-02-22 00:00:00+00:00,0.0,11.128366
2040-02-23 00:00:00+00:00,0.0,8.08739
2040-02-24 00:00:00+00:00,0.0,7.8288984
2040-02-25 00:00:00+00:00,0.0,13.122715
2040-02-26 00:00:00+00:00,0.0,15.887042
2040-02-27 00:00:00+00:00,0.0,13.355535
2040-02-28 00:00:00+00:00,0.0,12.842198
2040-02-29 00:00:00+00:00,0.0,12.581247
2040-03-01 00:00:00+00:00,0.0,14.583677
2040-03-02 00:00:00+00:00,0.0,12.311791
2040-03-03 00:00:00+00:00,0.0,9.546617
2040-03-04 00:00:00+00:00,0.0,12.061468
2040-03-05 00:00:00+00:00,0.0,11.561379
2040-03-06 00:00:00+00:00,0.0,12.5694065
2040-03-07 00:00:00+00:00,0.0,16.595161
2040-03-08 00:00:00+00:00,0.0,14.083751
2040-03-09 00:00:00+00:00,0.0,14.589852
2040-03-10 00:00:00+00:00,0.0,12.328537
2040-03-11 00:00:00+00:00,0.0,15.602695
2040-03-12 00:00:00+00:00,0.0,12.333787
2040-03-13 00:00:00+00:00,0.0,14.350518
2040-03-14 00:00:00+00:00,0.0,16.61992
2040-03-15 00:00:00+00:00,0.0,13.3491335
2040-03-16 00:00:00+00:00,0.0,14.611585
2040-03-17 00:00:00+00:00,0.0,12.598865
2040-03-18 00:00:00+00:00,0.0,15.625898
2040-03-19 00:00:00+00:00,0.0,15.881291
2040-03-20 00:00:00+00:00,0.0,13.86755
2040-03-21 00:00:00+00:00,0.0,15.131432
2040-03-22 00:00:00+00:00,0.0,15.134626
2040-03-23 00:00:00+00:00,0.0,10.596474
2040-03-24 00:00:00+00:00,0.0,11.355756
2040-03-25 00:00:00+00:00,0.0,10.096132
2040-03-26 00:00:00+00:00,0.0,12.875276
2040-03-27 00:00:00+00:00,0.0,14.393039
2040-03-28 00:00:00+00:00,0.0,16.164001
2040-03-29 00:00:00+00:00,0.0,19.704012
2040-03-30 00:00:00+00:00,0.0,21.224154
2040-03-31 00:00:00+00:00,0.0,16.426893
2040-04-01 00:00:00+00:00,0.0,17.694206
2040-04-02 00:00:00+00:00,0.0,9.860264
2040-04-03 00:00:00+00:00,0.0,10.368083
2040-04-04 00:00:00+00:00,0.20172434,18.464104
2040-04-05 00:00:00+00:00,0.0,17.20303
2040-04-06 00:00:00+00:00,0.0,14.929268
2040-04-07 00:00:00+00:00,0.0,17.463293
2040-04-08 00:00:00+00:00,0.0,20.757795
2040-04-09 00:00:00+00:00,0.0,15.951381
2040-04-10 00:00:00+00:00,0.0,10.889714
2040-04-11 00:00:00+00:00,0.0,10.891975
2040-04-12 00:00:00+00:00,0.0,8.360692
2040-04-13 00:00:00+00:00,0.0,15.457818
2040-04-14 00:00:00+00:00,0.0,19.009449
2040-04-15 00:00:00+00:00,0.0,7.09833
2040-04-16 00:00:00+00:00,0.0,18.00306
2040-04-17 00:00:00+00:00,0.0,21.557413
2040-04-18 00:00:00+00:00,0.0,20.29352
2040-04-19 00:00:00+00:00,0.0,22.327478
2040-04-20 00:00:00+00:00,0.0,22.585854
2040-04-21 00:00:00+00:00,0.0,13.452775
2040-04-22 00:00:00+00:00,0.0,15.232691
2040-04-23 00:00:00+00:00,0.0,14.981894
2040-04-24 00:00:00+00:00,0.0,10.921252
2040-04-25 00:00:00+00:00,0.0,16.004189
2040-04-26 00:00:00+00:00,0.0,16.007473
2040-04-27 00:00:00+00:00,0.0,10.927976
2040-04-28 00:00:00+00:00,0.0,11.692785
2040-04-29 00:00:00+00:00,0.0,19.32247
2040-04-30 00:00:00+00:00,0.0,17.292065
2040-05-01 00:00:00+00:00,0.0,21.873842
2040-05-02 00:00:00+00:00,0.0,14.500739
2040-05-03 00:00:00+00:00,0.0,18.569065
2040-05-04 00:00:00+00:00,0.0,18.056425
2040-05-05 00:00:00+00:00,0.0,17.798265
2040-05-06 00:00:00+00:00,0.0,15.25236
2040-05-07 00:00:00+00:00,0.0,13.215854
2040-05-08 00:00:00+00:00,0.0,16.008049
2040-05-09 00:00:00+00:00,0.0,12.956092
2040-05-10 00:00:00+00:00,0.0,19.048952
2040-05-11 00:00:00+00:00,0.0,19.806616
2040-05-12 00:00:00+00:00,0.0,20.310068
2040-05-13 00:00:00+00:00,0.0,16.752172
2040-05-14 00:00:00+00:00,0.0,19.539959
2040-05-15 00:00:00+00:00,0.0,19.535711
2040-05-16 00:00:00+00:00,0.0,15.98029
2040-05-17 00:00:00+00:00,0.0,14.201613
2040-05-18 00:00:00+00:00,0.0,15.719792
2040-05-19 00:00:00+00:00,0.0,13.941941
2040-05-20 00:00:00+00:00,0.0,16.47325
2040-05-21 00:00:00+00:00,0.0,14.189245
2040-05-22 00:00:00+00:00,0.0,13.426176
2040-05-23 00:00:00+00:00,0.0,18.23535
2040-05-24 00:00:00+00:00,0.0,25.321342
2040-05-25 00:00:00+00:00,0.0,19.493174
2040-05-26 00:00:00+00:00,0.0,13.920652
2040-05-27 00:00:00+00:00,0.0,17.713314
2040-05-28 00:00:00+00:00,0.0,15.938496
2040-05-29 00:00:00+00:00,0.0,26.558338
2040-05-30 00:00:00+00:00,0.0,27.816921
2040-05-31 00:00:00+00:00,0.5255086,15.675188
2040-06-01 00:00:00+00:00,0.0,17.693913
2040-06-02 00:00:00+00:00,0.0,13.646591
2040-06-03 00:00:00+00:00,0.0,16.170185
2040-06-04 00:00:00+00:00,0.0,16.166628
2040-06-05 00:00:00+00:00,0.0,15.910525
2040-06-06 00:00:00+00:00,0.0,15.907023
2040-06-07 00:00:00+00:00,0.0,19.690073
2040-06-08 00:00:00+00:00,0.0,19.938112
2040-06-09 00:00:00+00:00,0.0,18.419764
2040-06-10 00:00:00+00:00,0.0,21.442938
2040-06-11 00:00:00+00:00,0.0,21.438202
2040-06-12 00:00:00+00:00,0.0,20.172676
2040-06-13 00:00:00+00:00,0.0,13.109341
2040-06-14 00:00:00+00:00,0.0,16.131004
2040-06-15 00:00:00+00:00,0.0,17.63938
2040-06-16 00:00:00+00:00,0.0,15.116121
2040-06-17 00:00:00+00:00,0.0,15.364653
2040-06-18 00:00:00+00:00,0.0,20.397718
2040-06-19 00:00:00+00:00,0.0,20.64496
2040-06-20 00:00:00+00:00,0.0,16.361275
2040-06-21 00:00:00+00:00,0.0,16.860952
2040-06-22 00:00:00+00:00,0.0,18.618406
2040-06-23 00:00:00+00:00,0.0,19.620443
2040-06-24 00:00:00+00:00,0.0,17.604172
2040-06-25 00:00:00+00:00,0.0,18.35455
2040-06-26 00:00:00+00:00,0.0,19.60734
2040-06-27 00:00:00+00:00,0.0,22.36749
2040-06-28 00:00:00+00:00,0.084667526,18.59354
2040-06-29 00:00:00+00:00,0.8461473,16.32852
2040-06-30 00:00:00+00:00,0.67650956,10.548379
2040-07-01 00:00:00+00:00,0.16902868,13.308077
2040-07-02 00:00:00+00:00,0.0,17.070694
2040-07-03 00:00:00+00:00,0.0,16.374739
2040-07-04 00:00:00+00:00,0.0,14.417792
2040-07-05 00:00:00+00:00,0.0,20.318485
2040-07-06 00:00:00+00:00,0.0,20.147463
2040-07-07 00:00:00+00:00,10.867943,16.902227
2040-07-08 00:00:00+00:00,6.8432455,12.08703
2040-07-09 00:00:00+00:00,0.0,14.9791355
2040-07-10 00:00:00+00:00,0.0,19.192995
2040-07-11 00:00:00+00:00,4.180477,18.233793
2040-07-12 00:00:00+00:00,5.2513857,13.34237
2040-07-13 00:00:00+00:00,0.0,14.451915
2040-07-14 00:00:00+00:00,0.0,18.47468
2040-07-15 00:00:00+00:00,1.8480825,17.23157
2040-07-16 00:00:00+00:00,32.16387,13.847273
2040-07-17 00:00:00+00:00,9.293229,9.630076
2040-07-18 00:00:00+00:00,4.774304,9.405436
2040-07-19 00:00:00+00:00,0.0,17.27794
2040-07-20 00:00:00+00:00,0.07504219,17.087217
2040-07-21 00:00:00+00:00,19.569221,14.987536
2040-07-22 00:00:00+00:00,5.279091,7.940002
2040-07-23 00:00:00+00:00,0.0,11.8294525
2040-07-24 00:00:00+00:00,0.0,16.86236
2040-07-25 00:00:00+00:00,0.0,17.777878
2040-07-26 00:00:00+00:00,0.0,17.865318
2040-07-27 00:00:00+00:00,4.4423027,18.79559
2040-07-28 00:00:00+00:00,4.570514,14.942645
2040-07-29 00:00:00+00:00,0.07227963,11.051136
2040-07-30 00:00:00+00:00,10.874965,11.677164
2040-07-31 00:00:00+00:00,0.0,16.317759
2040-08-01 00:00:00+00:00,0.0,19.855835
2040-08-02 00:00:00+00:00,8.910658,19.67084
2040-08-03 00:00:00+00:00,0.14210916,15.994603
2040-08-04 00:00:00+00:00,6.5872326,12.864195
2040-08-05 00:00:00+00:00,0.0,22.046154
2040-08-06 00:00:00+00:00,0.0,18.61988
2040-08-07 00:00:00+00:00,0.14038949,17.236628
2040-08-08 00:00:00+00:00,1.3298904,14.941909
2040-08-09 00:00:00+00:00,4.536938,16.22803
2040-08-10 00:00:00+00:00,7.587377,18.738037
2040-08-11 00:00:00+00:00,2.429833,14.590127
2040-08-12 00:00:00+00:00,0.13848673,8.865976
2040-08-13 00:00:00+00:00,1.5885519,11.378026
2040-08-14 00:00:00+00:00,0.0,14.8480425
2040-08-15 00:00:00+00:00,16.70106,17.115126
2040-08-16 00:00:00+00:00,0.0,13.148718
2040-08-17 00:00:00+00:00,0.6156547,14.8039055
2040-08-18 00:00:00+00:00,0.0,17.43065
2040-08-19 00:00:00+00:00,7.490849,21.047277
2040-08-20 00:00:00+00:00,2.7180097,14.120008
2040-08-21 00:00:00+00:00,0.40683153,16.793669
2040-08-22 00:00:00+00:00,4.5334573,9.751101
2040-08-23 00:00:00+00:00,10.871526,11.450417
2040-08-24 00:00:00+00:00,4.9194365,8.232762
2040-08-25 00:00:00+00:00,10.8956375,11.934175
2040-08-26 00:00:00+00:00,0.06712739,9.344686
2040-08-27 00:00:00+00:00,10.25108,10.080404
2040-08-28 00:00:00+00:00,9.228936,15.563179
2040-08-29 00:00:00+00:00,6.6754775,13.968267
2040-08-30 00:00:00+00:00,25.45485,11.322075
2040-08-31 00:00:00+00:00,14.035535,16.93158
2040-09-01 00:00:00+00:00,16.335606,13.921535
2040-09-02 00:00:00+00:00,4.447319,13.57651
2040-09-03 00:00:00+00:00,3.6492603,10.0976
2040-09-04 00:00:00+00:00,7.494355,11.492936
2040-09-05 00:00:00+00:00,8.684316,16.372383
2040-09-06 00:00:00+00:00,13.782585,13.588637
2040-09-07 00:00:00+00:00,11.25936,9.409629
2040-09-08 00:00:00+00:00,1.7873935,8.714581
2040-09-09 00:00:00+00:00,0.26466826,13.94647
2040-09-10 00:00:00+00:00,0.0,12.903399
2040-09-11 00:00:00+00:00,1.784666,10.813405
2040-09-12 00:00:00+00:00,5.483231,7.3268704
2040-09-13 00:00:00+00:00,11.35651,7.3285365
2040-09-14 00:00:00+00:00,4.9491196,9.075494
2040-09-15 00:00:00+00:00,0.0659491,10.474115
2040-09-16 00:00:00+00:00,0.46136072,10.1272955
2040-09-17 00:00:00+00:00,1.4490726,16.06767
2040-09-18 00:00:00+00:00,2.5013046,17.119497
2040-09-19 00:00:00+00:00,5.6570115,10.833197
2040-09-20 00:00:00+00:00,4.8642483,11.185235
2040-09-21 00:00:00+00:00,1.7078187,10.838203
2040-09-22 00:00:00+00:00,2.8223436,10.491017
2040-09-23 00:00:00+00:00,0.5246773,10.143673
2040-09-24 00:00:00+00:00,3.3421075,6.297539
2040-09-25 00:00:00+00:00,0.6547638,11.5481825
2040-09-26 00:00:00+00:00,0.0,11.200857
2040-09-27 00:00:00+00:00,0.19607893,11.903701
2040-09-28 00:00:00+00:00,0.58767986,13.657453
2040-09-29 00:00:00+00:00,1.3046676,10.8584795
2040-09-30 00:00:00+00:00,2.2156546,7.357481
2040-10-01 00:00:00+00:00,0.0,7.35922
2040-10-02 00:00:00+00:00,0.4551642,11.216709
2040-10-03 00:00:00+00:00,0.06494727,12.271189
2040-10-04 00:00:00+00:00,0.38920584,15.430313
2040-10-05 00:00:00+00:00,1.1013331,11.575496
2040-10-06 00:00:00+00:00,3.6877298,8.77141
2040-10-07 00:00:00+00:00,0.0,8.773514
2040-10-08 00:00:00+00:00,0.51607496,17.551245
2040-10-09 00:00:00+00:00,0.32204175,15.79992
2040-10-10 00:00:00+00:00,1.9933628,14.750151
2040-10-11 00:00:00+00:00,4.236538,11.240929
2040-10-12 00:00:00+00:00,2.3065815,10.189561
2040-10-13 00:00:00+00:00,0.0,8.083339
2040-10-14 00:00:00+00:00,0.0,14.412938
2040-10-15 00:00:00+00:00,5.4759684,12.65835
2040-10-16 00:00:00+00:00,9.909897,7.034137
2040-10-17 00:00:00+00:00,14.194055,5.9804816
2040-10-18 00:00:00+00:00,6.0037255,6.33383
2040-10-19 00:00:00+00:00,3.7179615,5.983424
2040-10-20 00:00:00+00:00,2.9526618,8.801323
2040-10-21 00:00:00+00:00,2.3793542,6.6906605
2040-10-22 00:00:00+00:00,0.8110785,6.6923184
2040-10-23 00:00:00+00:00,2.4238062,9.864815
2040-10-24 00:00:00+00:00,0.0,10.572077
2040-10-25 00:00:00+00:00,0.0,6.697319
2040-10-26 00:00:00+00:00,0.0,8.461888
2040-10-27 00:00:00+00:00,0.0,7.758676
2040-10-28 00:00:00+00:00,0.0,9.524405
2040-10-29 00:00:00+00:00,0.0,14.113782
2040-10-30 00:00:00+00:00,0.0,11.646811
2040-10-31 00:00:00+00:00,0.0,4.236275
2040-11-01 00:00:00+00:00,0.0,8.467696
2040-11-02 00:00:00+00:00,0.0,5.6095576
2040-11-03 00:00:00+00:00,0.0,5.2261763
2040-11-04 00:00:00+00:00,0.0,8.656573
2040-11-05 00:00:00+00:00,0.0,7.9154477
2040-11-06 00:00:00+00:00,0.0,11.288367
2040-11-07 00:00:00+00:00,0.0,11.900972
2040-11-08 00:00:00+00:00,0.0,13.520679
2040-11-09 00:00:00+00:00,0.0,9.073045
2040-11-10 00:00:00+00:00,0.0,16.036419
2040-11-11 00:00:00+00:00,0.0,10.297463
2040-11-12 00:00:00+00:00,0.0,12.881337
2040-11-13 00:00:00+00:00,0.0,8.539298
2040-11-14 00:00:00+00:00,0.0,11.104647
2040-11-15 00:00:00+00:00,0.0,10.393858
2040-11-16 00:00:00+00:00,0.0,6.783762
2040-11-17 00:00:00+00:00,0.0,7.0684123
2040-11-18 00:00:00+00:00,0.0,11.824196
2040-11-19 00:00:00+00:00,0.0,14.304596
2040-11-20 00:00:00+00:00,0.0,14.545753
2040-11-21 00:00:00+00:00,0.0,15.728434
2040-11-22 00:00:00+00:00,0.0,17.212214
2040-11-23 00:00:00+00:00,0.0,12.7654915
2040-11-24 00:00:00+00:00,0.0,11.152101
2040-11-25 00:00:00+00:00,0.0,10.7880535
2040-11-26 00:00:00+00:00,0.0,11.04126
2040-11-27 00:00:00+00:00,0.0,24.72078
2040-11-28 00:00:00+00:00,0.0,16.400286
2040-11-29 00:00:00+00:00,0.0,14.507704
2040-11-30 00:00:00+00:00,0.0,15.039943
2040-12-01 00:00:00+00:00,0.0,16.465553
2040-12-02 00:00:00+00:00,0.0,12.812621
2040-12-03 00:00:00+00:00,0.0,18.981195
2040-12-04 00:00:00+00:00,0.0,13.875012
2040-12-05 00:00:00+00:00,0.0,12.342251
2040-12-06 00:00:00+00:00,0.0,14.334024
2040-12-07 00:00:00+00:00,0.0,14.269615
2040-12-08 00:00:00+00:00,0.0,15.075805
2040-12-09 00:00:00+00:00,0.0,15.586499
2040-12-10 00:00:00+00:00,0.0,14.943499
2040-12-11 00:00:00+00:00,0.0,17.167637
2040-12-12 00:00:00+00:00,0.0,14.814564
2040-12-13 00:00:00+00:00,0.0,15.886038
2040-12-14 00:00:00+00:00,0.0,16.383743
2040-12-15 00:00:00+00:00,0.0,15.752376
2040-12-16 00:00:00+00:00,0.0,14.006064
2040-12-17 00:00:00+00:00,0.0,11.995478
2040-12-18 00:00:00+00:00,0.0,15.002392
2040-12-19 00:00:00+00:00,0.0,12.451207
2040-12-20 00:00:00+00:00,0.0,8.542936
2040-12-21 00:00:00+00:00,0.0,9.057746
2040-12-22 00:00:00+00:00,0.0,11.208944
2040-12-23 00:00:00+00:00,0.0,12.7987385
2040-12-24 00:00:00+00:00,0.0,10.307539
2040-12-25 00:00:00+00:00,0.0,12.969646
2040-12-26 00:00:00+00:00,0.0,15.073139
2040-12-27 00:00:00+00:00,0.0,13.943148
2040-12-28 00:00:00+00:00,0.0,16.29454
2040-12-29 00:00:00+00:00,0.0,15.701165
2040-12-30 00:00:00+00:00,0.0,19.089407
2040-12-31 00:00:00+00:00,0.0,15.32077
2041-01-01 00:00:00+00:00,0.0,15.538722
2041-01-02 00:00:00+00:00,0.0,19.735947
2041-01-03 00:00:00+00:00,0.0,18.404713
2041-01-04 00:00:00+00:00,0.0,13.923302
2041-01-05 00:00:00+00:00,0.0,9.711905
2041-01-06 00:00:00+00:00,0.0,13.113239
2041-01-07 00:00:00+00:00,0.0,14.6746025
2041-01-08 00:00:00+00:00,0.0,15.709737
2041-01-09 00:00:00+00:00,0.0,15.435118
2041-01-10 00:00:00+00:00,0.0,14.115391
2041-01-11 00:00:00+00:00,0.0,14.364948
2041-01-12 00:00:00+00:00,0.0,14.353149
2041-01-13 00:00:00+00:00,0.0,14.602146
2041-01-14 00:00:00+00:00,0.0,14.5902195
2041-01-15 00:00:00+00:00,0.0,14.318003
2041-01-16 00:00:00+00:00,0.0,15.867065
2041-01-17 00:00:00+00:00,0.0,16.893831
2041-01-18 00:00:00+00:00,0.0,17.139872
2041-01-19 00:00:00+00:00,0.0,14.5312
2041-01-20 00:00:00+00:00,0.0,10.111809
2041-01-21 00:00:00+00:00,0.0,15.026016
2041-01-22 00:00:00+00:00,0.0,19.67352
2041-01-23 00:00:00+00:00,0.0,14.226062
2041-01-24 00:00:00+00:00,0.13983433,14.214749
2041-01-25 00:00:00+00:00,0.0,16.011187
2041-01-26 00:00:00+00:00,0.0,14.450274
2041-01-27 00:00:00+00:00,0.26920742,12.376177
2041-01-28 00:00:00+00:00,0.13285817,13.654608
2041-01-29 00:00:00+00:00,0.0,10.812138
2041-01-30 00:00:00+00:00,0.0,11.575364
2041-01-31 00:00:00+00:00,0.0,14.393652
2041-02-01 00:00:00+00:00,0.0,14.3824415
2041-02-02 00:00:00+00:00,0.0,12.318233
2041-02-03 00:00:00+00:00,0.0,7.6929307
2041-02-04 00:00:00+00:00,0.0,12.555412
2041-02-05 00:00:00+00:00,0.0,19.202656
2041-02-06 00:00:00+00:00,0.0,15.350315
2041-02-07 00:00:00+00:00,0.0,12.526483
2041-02-08 00:00:00+00:00,0.0,12.516903
2041-02-09 00:00:00+00:00,0.0,14.549373
2041-02-10 00:00:00+00:00,0.0,15.813595
2041-02-11 00:00:00+00:00,0.0,16.311325
2041-02-12 00:00:00+00:00,0.0,16.808323
2041-02-13 00:00:00+00:00,0.0,19.085947
2041-02-14 00:00:00+00:00,3.5030391,18.563002
2041-02-15 00:00:00+00:00,3.9494104,9.655676
2041-02-16 00:00:00+00:00,0.0,9.394537
2041-02-17 00:00:00+00:00,0.0,12.432119
2041-02-18 00:00:00+00:00,0.0,11.408745
2041-02-19 00:00:00+00:00,0.0,10.893584
2041-02-20 00:00:00+00:00,0.0,9.872902
2041-02-21 00:00:00+00:00,0.0,11.383385
2041-02-22 00:00:00+00:00,0.0,7.836102
2041-02-23 00:00:00+00:00,0.0,12.376984
2041-02-24 00:00:00+00:00,0.0,17.920834
2041-02-25 00:00:00+00:00,0.0,22.952143
2041-02-26 00:00:00+00:00,0.0,13.105933
2041-02-27 00:00:00+00:00,0.0,15.111215
2041-02-28 00:00:00+00:00,0.0,16.61026
2041-03-01 00:00:00+00:00,0.0,14.837803
2041-03-02 00:00:00+00:00,0.0,14.073159
2041-03-03 00:00:00+00:00,0.0,19.092209
2041-03-04 00:00:00+00:00,0.0,17.588697
2041-03-05 00:00:00+00:00,0.0,11.309441
2041-03-06 00:00:00+00:00,0.0,15.08248
2041-03-07 00:00:00+00:00,0.0,11.06285
2041-03-08 00:00:00+00:00,0.0,10.310767
2041-03-09 00:00:00+00:00,0.0,15.846755
2041-03-10 00:00:00+00:00,0.0,18.869205
2041-03-11 00:00:00+00:00,0.0,20.634726
2041-03-12 00:00:00+00:00,0.0,17.618761
2041-03-13 00:00:00+00:00,0.0,15.356756
2041-03-14 00:00:00+00:00,0.0,13.597395
2041-03-15 00:00:00+00:00,0.0,15.866997
2041-03-16 00:00:00+00:00,0.0,18.137558
2041-03-17 00:00:00+00:00,0.0,13.606052
2041-03-18 00:00:00+00:00,0.0,11.088762
2041-03-19 00:00:00+00:00,0.0,11.343179
2041-03-20 00:00:00+00:00,0.0,15.88381
2041-03-21 00:00:00+00:00,0.0,14.121923
2041-03-22 00:00:00+00:00,0.0,10.089219
2041-03-23 00:00:00+00:00,0.0,11.605049
2041-03-24 00:00:00+00:00,0.0,16.906569
2041-03-25 00:00:00+00:00,0.0,17.162521
2041-03-26 00:00:00+00:00,0.0,14.894144
2041-03-27 00:00:00+00:00,0.0,13.129802
2041-03-28 00:00:00+00:00,0.0,18.436094
2041-03-29 00:00:00+00:00,0.0,19.197771
2041-03-30 00:00:00+00:00,0.0,14.148694
2041-03-31 00:00:00+00:00,0.0,17.436867
2041-04-01 00:00:00+00:00,0.0,19.715368
2041-04-02 00:00:00+00:00,0.0,17.949795
2041-04-03 00:00:00+00:00,0.0,10.1146755
2041-04-04 00:00:00+00:00,0.0,11.128468
2041-04-05 00:00:00+00:00,0.0,12.901597
2041-04-06 00:00:00+00:00,0.0,13.410339
2041-04-07 00:00:00+00:00,0.0,11.641587
2041-04-08 00:00:00+00:00,0.0,6.0751367
2041-04-09 00:00:00+00:00,0.0,15.191
2041-04-10 00:00:00+00:00,0.0,17.473282
2041-04-11 00:00:00+00:00,0.0,16.970335
2041-04-12 00:00:00+00:00,0.0,17.2272
2041-04-13 00:00:00+00:00,0.0,19.004528
2041-04-14 00:00:00+00:00,0.0,24.584282
2041-04-15 00:00:00+00:00,0.0,17.744905
2041-04-16 00:00:00+00:00,0.0,19.776989
2041-04-17 00:00:00+00:00,0.0,18.259453
2041-04-18 00:00:00+00:00,0.0,18.009567
2041-04-19 00:00:00+00:00,0.0,22.580036
2041-04-20 00:00:00+00:00,0.0,23.853495
2041-04-21 00:00:00+00:00,0.0,13.452083
2041-04-22 00:00:00+00:00,0.0,15.485771
2041-04-23 00:00:00+00:00,0.0,15.23504
2041-04-24 00:00:00+00:00,0.0,19.555655
2041-04-25 00:00:00+00:00,0.0,12.701084
2041-04-26 00:00:00+00:00,0.0,14.990356
2041-04-27 00:00:00+00:00,0.0,14.231052
2041-04-28 00:00:00+00:00,0.0,9.912942
2041-04-29 00:00:00+00:00,0.0,12.96573
2041-04-30 00:00:00+00:00,0.0,18.56259
2041-05-01 00:00:00+00:00,0.0,19.83805
2041-05-02 00:00:00+00:00,0.0,19.333332
2041-05-03 00:00:00+00:00,0.0,15.263068
2041-05-04 00:00:00+00:00,0.0,12.207819
2041-05-05 00:00:00+00:00,0.0,8.645339
2041-05-06 00:00:00+00:00,0.0,12.710985
2041-05-07 00:00:00+00:00,0.0,12.708239
2041-05-08 00:00:00+00:00,0.108965136,10.418501
2041-05-09 00:00:00+00:00,0.10533496,11.940576
2041-05-10 00:00:00+00:00,0.0,9.651991
2041-05-11 00:00:00+00:00,0.0,8.63412
2041-05-12 00:00:00+00:00,0.0,16.756718
2041-05-13 00:00:00+00:00,0.0,24.114283
2041-05-14 00:00:00+00:00,0.0,25.377945
2041-05-15 00:00:00+00:00,0.0,17.760704
2041-05-16 00:00:00+00:00,0.0,22.830229
2041-05-17 00:00:00+00:00,0.0,22.06442
2041-05-18 00:00:00+00:00,0.0,17.74912
2041-05-19 00:00:00+00:00,0.0,15.717224
2041-05-20 00:00:00+00:00,0.0,16.981043
2041-05-21 00:00:00+00:00,0.0,16.977343
2041-05-22 00:00:00+00:00,0.0,12.413557
2041-05-23 00:00:00+00:00,0.0,12.157566
2041-05-24 00:00:00+00:00,0.0,19.751728
2041-05-25 00:00:00+00:00,0.0,21.266443
2041-05-26 00:00:00+00:00,0.0,21.768028
2041-05-27 00:00:00+00:00,0.0,16.44898
2041-05-28 00:00:00+00:00,0.0,15.939368
2041-05-29 00:00:00+00:00,0.0,15.935878
2041-05-30 00:00:00+00:00,0.0,12.897643
2041-05-31 00:00:00+00:00,0.0,25.28395
2041-06-01 00:00:00+00:00,0.0,25.278404
2041-06-02 00:00:00+00:00,0.0,22.49284
2041-06-03 00:00:00+00:00,0.0,18.697802
2041-06-04 00:00:00+00:00,0.0,17.935843
2041-06-05 00:00:00+00:00,0.0,17.679333
2041-06-06 00:00:00+00:00,0.0,16.412909
2041-06-07 00:00:00+00:00,0.0,16.409296
2041-06-08 00:00:00+00:00,0.0,16.405682
2041-06-09 00:00:00+00:00,0.0,16.149723
2041-06-10 00:00:00+00:00,0.0,14.884744
2041-06-11 00:00:00+00:00,0.0,23.457212
2041-06-12 00:00:00+00:00,0.0,22.947685
2041-06-13 00:00:00+00:00,0.0,19.665096
2041-06-14 00:00:00+00:00,0.0,18.652506
2041-06-15 00:00:00+00:00,0.0,20.916422
2041-06-16 00:00:00+00:00,0.0,20.155945
2041-06-17 00:00:00+00:00,0.0,17.380651
2041-06-18 00:00:00+00:00,1.194715,13.599234
2041-06-19 00:00:00+00:00,0.0,18.128288
2041-06-20 00:00:00+00:00,0.0,18.124266
2041-06-21 00:00:00+00:00,0.9362409,20.888613
2041-06-22 00:00:00+00:00,2.2111425,18.116215
2041-06-23 00:00:00+00:00,0.0,15.345045
2041-06-24 00:00:00+00:00,0.0,10.814593
2041-06-25 00:00:00+00:00,2.0364602,10.057848
2041-06-26 00:00:00+00:00,0.0,17.848701
2041-06-27 00:00:00+00:00,0.0,20.106733
2041-06-28 00:00:00+00:00,4.657456,19.348412
2041-06-29 00:00:00+00:00,14.809858,10.8025465
2041-06-30 00:00:00+00:00,1.6069494,7.2838116
2041-07-01 00:00:00+00:00,0.0,17.075468
2041-07-02 00:00:00+00:00,0.0,17.82481
2041-07-03 00:00:00+00:00,0.839824,16.609877
2041-07-04 00:00:00+00:00,0.6659912,14.150438
2041-07-05 00:00:00+00:00,0.0,11.163705
2041-07-06 00:00:00+00:00,0.0,17.833721
2041-07-07 00:00:00+00:00,0.0,17.652084
2041-07-08 00:00:00+00:00,11.775631,17.212332
2041-07-09 00:00:00+00:00,2.56256,11.609421
2041-07-10 00:00:00+00:00,0.63624394,7.254451
2041-07-11 00:00:00+00:00,0.0,8.586663
2041-07-12 00:00:00+00:00,0.0,11.759881
2041-07-13 00:00:00+00:00,0.0,9.449062
2041-07-14 00:00:00+00:00,0.38778064,10.808915
2041-07-15 00:00:00+00:00,0.0,15.358711
2041-07-16 00:00:00+00:00,9.969024,15.69365
2041-07-17 00:00:00+00:00,0.15254842,10.420744
2041-07-18 00:00:00+00:00,7.2843914,10.468342
2041-07-19 00:00:00+00:00,0.0,13.752456
2041-07-20 00:00:00+00:00,0.0751318,14.358209
2041-07-21 00:00:00+00:00,13.310507,11.7037525
2041-07-22 00:00:00+00:00,0.074436866,11.75914
2041-07-23 00:00:00+00:00,0.5928585,16.211681
2041-07-24 00:00:00+00:00,0.22136676,16.565895
2041-07-25 00:00:00+00:00,0.0,14.42692
2041-07-26 00:00:00+00:00,1.0245674,10.873286
2041-07-27 00:00:00+00:00,0.0,20.453356
2041-07-28 00:00:00+00:00,0.0,21.11876
2041-07-29 00:00:00+00:00,0.0,18.67827
2041-07-30 00:00:00+00:00,7.857143,13.937821
2041-07-31 00:00:00+00:00,19.394045,9.149042
2041-08-01 00:00:00+00:00,0.0,16.381306
2041-08-02 00:00:00+00:00,0.07134398,20.80059
2041-08-03 00:00:00+00:00,7.9645014,16.554243
2041-08-04 00:00:00+00:00,7.939219,12.846972
2041-08-05 00:00:00+00:00,6.7839847,10.274296
2041-08-06 00:00:00+00:00,0.42271915,10.920554
2041-08-07 00:00:00+00:00,0.5619658,15.728997
2041-08-08 00:00:00+00:00,9.736095,10.14635
2041-08-09 00:00:00+00:00,12.712219,12.904146
2041-08-10 00:00:00+00:00,24.170639,14.486259
2041-08-11 00:00:00+00:00,38.555653,15.176239
2041-08-12 00:00:00+00:00,0.06928804,20.453766
2041-08-13 00:00:00+00:00,0.20733307,20.573275
2041-08-14 00:00:00+00:00,10.06501,11.737305
2041-08-15 00:00:00+00:00,0.0,19.575285
2041-08-16 00:00:00+00:00,0.0,14.066625
2041-08-17 00:00:00+00:00,0.0,20.442223
2041-08-18 00:00:00+00:00,8.945869,15.821591
2041-08-19 00:00:00+00:00,10.016031,10.188824
2041-08-20 00:00:00+00:00,9.246234,16.981375
2041-08-21 00:00:00+00:00,0.81409425,12.8976145
2041-08-22 00:00:00+00:00,0.20309602,21.742363
2041-08-23 00:00:00+00:00,7.2288504,21.557037
2041-08-24 00:00:00+00:00,4.3150797,15.123329
2041-08-25 00:00:00+00:00,0.0,16.878582
2041-08-26 00:00:00+00:00,0.13431905,15.659295
2041-08-27 00:00:00+00:00,0.6032878,15.09484
2041-08-28 00:00:00+00:00,5.6871066,12.496632
2041-08-29 00:00:00+00:00,8.882396,13.263724
2041-08-30 00:00:00+00:00,1.7332968,13.357034
2041-08-31 00:00:00+00:00,2.3291817,15.176733
2041-09-01 00:00:00+00:00,0.066433236,13.548986
2041-09-02 00:00:00+00:00,11.2854,9.746696
2041-09-03 00:00:00+00:00,14.864009,12.534254
2041-09-04 00:00:00+00:00,7.2961802,12.8853
2041-09-05 00:00:00+00:00,7.955984,14.281492
2041-09-06 00:00:00+00:00,12.326224,16.72354
2041-09-07 00:00:00+00:00,0.26495737,22.303055
2041-09-08 00:00:00+00:00,0.26483116,19.868124
2041-09-09 00:00:00+00:00,1.7867337,15.688895
2041-09-10 00:00:00+00:00,17.130754,10.810346
2041-09-11 00:00:00+00:00,3.17316,16.742388
2041-09-12 00:00:00+00:00,0.0,17.79282
2041-09-13 00:00:00+00:00,0.0,12.213533
2041-09-14 00:00:00+00:00,4.61985,11.867278
2041-09-15 00:00:00+00:00,19.85366,10.1244
2041-09-16 00:00:00+00:00,10.876619,8.729927
2041-09-17 00:00:00+00:00,5.6654654,10.82759
2041-09-18 00:00:00+00:00,6.7809763,9.782005
2041-09-19 00:00:00+00:00,8.486974,10.832572
2041-09-20 00:00:00+00:00,7.9551167,15.378811
2041-09-21 00:00:00+00:00,0.0,6.991985
2041-09-22 00:00:00+00:00,0.5908357,10.840089
2041-09-23 00:00:00+00:00,2.6239057,9.44356
2041-09-24 00:00:00+00:00,4.9814186,8.046387
2041-09-25 00:00:00+00:00,1.9647107,9.447962
2041-09-26 00:00:00+00:00,0.52346915,6.300113
2041-09-27 00:00:00+00:00,0.0,8.402121
2041-09-28 00:00:00+00:00,2.5472252,6.30307
2041-09-29 00:00:00+00:00,0.97874594,8.756324
2041-09-30 00:00:00+00:00,3.7154503,10.860402
2041-10-01 00:00:00+00:00,2.018539,7.008367
2041-10-02 00:00:00+00:00,2.0813437,6.309025
2041-10-03 00:00:00+00:00,2.6636322,6.661107
2041-10-04 00:00:00+00:00,0.0,6.662692
2041-10-05 00:00:00+00:00,0.0,6.3135295
2041-10-06 00:00:00+00:00,0.0,6.315038
2041-10-07 00:00:00+00:00,0.0,6.6674705
2041-10-08 00:00:00+00:00,0.0,7.722083
2041-10-09 00:00:00+00:00,0.0,7.0217648
2041-10-10 00:00:00+00:00,2.3801775,7.023457
2041-10-11 00:00:00+00:00,2.3760865,5.268866
2041-10-12 00:00:00+00:00,2.243566,7.0268574
2041-10-13 00:00:00+00:00,0.7677435,7.7314186
2041-10-14 00:00:00+00:00,0.0,6.6787596
2041-10-15 00:00:00+00:00,0.0,5.9771895
2041-10-16 00:00:00+00:00,0.0,9.84719
2041-10-17 00:00:00+00:00,0.0,6.3318863
2041-10-18 00:00:00+00:00,0.0,14.7780285
2041-10-19 00:00:00+00:00,0.0,11.966111
2041-10-20 00:00:00+00:00,0.0,11.264998
2041-10-21 00:00:00+00:00,0.0,10.915665
2041-10-22 00:00:00+00:00,0.0,11.974987
2041-10-23 00:00:00+00:00,0.0,8.807323
2041-10-24 00:00:00+00:00,0.0,6.3428507
2041-10-25 00:00:00+00:00,1.0484909,11.983931
2041-10-26 00:00:00+00:00,0.0,7.0511327
2041-10-27 00:00:00+00:00,0.0,5.2896743
2041-10-28 00:00:00+00:00,0.0,10.5820055
2041-10-29 00:00:00+00:00,0.0,7.762091
2041-10-30 00:00:00+00:00,0.0,8.116961
2041-10-31 00:00:00+00:00,0.0,6.00101
2041-11-01 00:00:00+00:00,0.0,13.417421
2041-11-02 00:00:00+00:00,0.0,10.183339
2041-11-03 00:00:00+00:00,0.0,6.6301384
2041-11-04 00:00:00+00:00,0.0,11.791088
2041-11-05 00:00:00+00:00,0.0,6.8934965
2041-11-06 00:00:00+00:00,0.0,8.222115
2041-11-07 00:00:00+00:00,0.0,10.8971405
2041-11-08 00:00:00+00:00,0.0,18.95693
2041-11-09 00:00:00+00:00,0.0,16.153454
2041-11-10 00:00:00+00:00,0.0,16.728788
2041-11-11 00:00:00+00:00,0.0,8.981613
2041-11-12 00:00:00+00:00,0.0,10.253538
2041-11-13 00:00:00+00:00,0.0,12.498044
2041-11-14 00:00:00+00:00,0.0,19.623686
2041-11-15 00:00:00+00:00,0.0,13.01021
2041-11-16 00:00:00+00:00,0.0,6.793011
2041-11-17 00:00:00+00:00,0.0,14.477632
2041-11-18 00:00:00+00:00,0.0,16.960005
2041-11-19 00:00:00+00:00,0.0,15.596737
2041-11-20 00:00:00+00:00,0.0,15.514707
2041-11-21 00:00:00+00:00,0.0,17.953701
2041-11-22 00:00:00+00:00,0.0,18.487764
2041-11-23 00:00:00+00:00,0.0,11.846509
2041-11-24 00:00:00+00:00,0.0,10.545836
2041-11-25 00:00:00+00:00,0.0,11.727394
2041-11-26 00:00:00+00:00,0.0,11.6691065
2041-11-27 00:00:00+00:00,0.0,11.917212
2041-11-28 00:00:00+00:00,0.0,10.034589
2041-11-29 00:00:00+00:00,0.0,9.986069
2041-11-30 00:00:00+00:00,0.0,15.057913
2041-12-01 00:00:00+00:00,0.0,10.490485
2041-12-02 00:00:00+00:00,0.0,10.739433
2041-12-03 00:00:00+00:00,0.0,4.7508173
2041-12-04 00:00:00+00:00,0.0,9.457706
2041-12-05 00:00:00+00:00,0.0,8.825967
2041-12-06 00:00:00+00:00,0.0,11.421637
2041-12-07 00:00:00+00:00,0.0,14.868726
2041-12-08 00:00:00+00:00,0.0,18.865736
2041-12-09 00:00:00+00:00,0.0,15.603702
2041-12-10 00:00:00+00:00,0.0,13.8090925
2041-12-11 00:00:00+00:00,0.0,14.321885
2041-12-12 00:00:00+00:00,0.0,14.2600975
2041-12-13 00:00:00+00:00,0.0,15.902985
2041-12-14 00:00:00+00:00,0.0,15.269966
2041-12-15 00:00:00+00:00,0.0,16.613665
2041-12-16 00:00:00+00:00,0.0,14.581459
2041-12-17 00:00:00+00:00,0.0,13.96262
2041-12-18 00:00:00+00:00,0.0,16.13017
2041-12-19 00:00:00+00:00,0.0,14.679641
2041-12-20 00:00:00+00:00,0.0,14.344515
2041-12-21 00:00:00+00:00,0.0,13.737563
2041-12-22 00:00:00+00:00,0.0,13.4093275
2041-12-23 00:00:00+00:00,0.0,11.720993
2041-12-24 00:00:00+00:00,0.0,13.84729
2041-12-25 00:00:00+00:00,0.0,16.768663
2041-12-26 00:00:00+00:00,0.0,17.5124
2041-12-27 00:00:00+00:00,0.0,15.835175
2041-12-28 00:00:00+00:00,0.0,16.309935
2041-12-29 00:00:00+00:00,0.0,12.785805
2041-12-30 00:00:00+00:00,0.0,15.922638
2041-12-31 00:00:00+00:00,0.0,16.392492
2042-01-01 00:00:00+00:00,0.0,15.015161
2042-01-02 00:00:00+00:00,0.0,15.528883
2042-01-03 00:00:00+00:00,0.0,19.197525
2042-01-04 00:00:00+00:00,0.0,21.020712
2042-01-05 00:00:00+00:00,0.0,19.427872
2042-01-06 00:00:00+00:00,0.0,16.52613
2042-01-07 00:00:00+00:00,0.0,15.726062
2042-01-08 00:00:00+00:00,0.0,19.641245
2042-01-09 00:00:00+00:00,0.0,19.10164
2042-01-10 00:00:00+00:00,0.0,18.562954
2042-01-11 00:00:00+00:00,0.0,14.890371
2042-01-12 00:00:00+00:00,0.0,13.573034
2042-01-13 00:00:00+00:00,0.0,15.387554
2042-01-14 00:00:00+00:00,0.0,18.241497
2042-01-15 00:00:00+00:00,0.0,10.675595
2042-01-16 00:00:00+00:00,0.0,9.886409
2042-01-17 00:00:00+00:00,0.0,3.8993657
2042-01-18 00:00:00+00:00,0.0,10.909393
2042-01-19 00:00:00+00:00,0.0,12.198284
2042-01-20 00:00:00+00:00,0.0,20.22768
2042-01-21 00:00:00+00:00,0.0,24.61651
2042-01-22 00:00:00+00:00,0.0,23.820072
2042-01-23 00:00:00+00:00,0.0,19.144335
2042-01-24 00:00:00+00:00,0.0,18.870598
2042-01-25 00:00:00+00:00,0.0,19.372211
2042-01-26 00:00:00+00:00,0.0,17.808323
2042-01-27 00:00:00+00:00,0.0,16.76271
2042-01-28 00:00:00+00:00,0.0,16.749512
2042-01-29 00:00:00+00:00,0.0,16.736353
2042-01-30 00:00:00+00:00,0.0,17.495085
2042-01-31 00:00:00+00:00,0.0,16.967257
2042-02-01 00:00:00+00:00,0.0,16.440275
2042-02-02 00:00:00+00:00,0.0,19.250973
2042-02-03 00:00:00+00:00,0.0,15.645322
2042-02-04 00:00:00+00:00,0.0,14.09553
2042-02-05 00:00:00+00:00,0.0,8.194712
2042-02-06 00:00:00+00:00,0.0,9.467848
2042-02-07 00:00:00+00:00,0.0,8.9492
2042-02-08 00:00:00+00:00,0.0,9.197848
2042-02-09 00:00:00+00:00,0.0,8.424928
2042-02-10 00:00:00+00:00,0.0,22.44937
2042-02-11 00:00:00+00:00,0.0,20.393023
2042-02-12 00:00:00+00:00,0.0,18.59454
2042-02-13 00:00:00+00:00,0.0,11.962783
2042-02-14 00:00:00+00:00,0.0,10.427757
2042-02-15 00:00:00+00:00,0.0,13.215509
2042-02-16 00:00:00+00:00,0.0,14.983283
2042-02-17 00:00:00+00:00,0.0,17.002192
2042-02-18 00:00:00+00:00,0.0,14.9609165
2042-02-19 00:00:00+00:00,0.0,11.655767
2042-02-20 00:00:00+00:00,0.0,16.457886
2042-02-21 00:00:00+00:00,0.0,14.92764
2042-02-22 00:00:00+00:00,0.0,13.399677
2042-02-23 00:00:00+00:00,0.0,14.905639
2042-02-24 00:00:00+00:00,0.0,16.66186
2042-02-25 00:00:00+00:00,0.0,12.613376
2042-02-26 00:00:00+00:00,0.0,12.099992
2042-02-27 00:00:00+00:00,0.0,12.091172
2042-02-28 00:00:00+00:00,0.0,15.102979
2042-03-01 00:00:00+00:00,0.0,15.092025
2042-03-02 00:00:00+00:00,0.0,13.572999
2042-03-03 00:00:00+00:00,0.0,11.555191
2042-03-04 00:00:00+00:00,0.0,11.557669
2042-03-05 00:00:00+00:00,0.0,13.319297
2042-03-06 00:00:00+00:00,0.0,21.617067
2042-03-07 00:00:00+00:00,0.0,23.884422
2042-03-08 00:00:00+00:00,0.0,22.632181
2042-03-09 00:00:00+00:00,0.0,18.361134
2042-03-10 00:00:00+00:00,0.0,13.585103
2042-03-11 00:00:00+00:00,0.0,11.8265915
2042-03-12 00:00:00+00:00,0.0,25.923368
2042-03-13 00:00:00+00:00,0.0,12.335099
2042-03-14 00:00:00+00:00,0.0,19.387848
2042-03-15 00:00:00+00:00,0.0,17.377216
2042-03-16 00:00:00+00:00,0.0,23.426437
2042-03-17 00:00:00+00:00,0.0,18.140442
2042-03-18 00:00:00+00:00,0.0,17.388271
2042-03-19 00:00:00+00:00,0.0,18.652245
2042-03-20 00:00:00+00:00,0.0,16.135078
2042-03-21 00:00:00+00:00,0.0,15.129835
2042-03-22 00:00:00+00:00,0.0,14.124162
2042-03-23 00:00:00+00:00,0.0,14.6316805
2042-03-24 00:00:00+00:00,0.0,13.37315
2042-03-25 00:00:00+00:00,0.0,16.152111
2042-03-26 00:00:00+00:00,0.0,9.339905
2042-03-27 00:00:00+00:00,0.0,4.544693
2042-03-28 00:00:00+00:00,0.0,11.869191
2042-03-29 00:00:00+00:00,0.0,20.964888
2042-03-30 00:00:00+00:00,0.0,16.674374
2042-03-31 00:00:00+00:00,0.0,9.8551035
2042-04-01 00:00:00+00:00,0.0,11.87915
2042-04-02 00:00:00+00:00,0.0,24.268877
2042-04-03 00:00:00+00:00,0.0,20.48115
2042-04-04 00:00:00+00:00,0.0,16.438923
2042-04-05 00:00:00+00:00,0.0,18.71899
2042-04-06 00:00:00+00:00,0.0,16.951809
2042-04-07 00:00:00+00:00,0.0,10.881787
2042-04-08 00:00:00+00:00,0.0,11.390287
2042-04-09 00:00:00+00:00,0.0,15.190212
2042-04-10 00:00:00+00:00,0.0,10.128913
2042-04-11 00:00:00+00:00,0.0,8.35809
2042-04-12 00:00:00+00:00,0.0,7.59984
2042-04-13 00:00:00+00:00,0.0,8.61494
2042-04-14 00:00:00+00:00,0.0,18.247185
2042-04-15 00:00:00+00:00,0.0,20.025358
2042-04-16 00:00:00+00:00,0.0,17.240587
2042-04-17 00:00:00+00:00,0.0,12.425932
2042-04-18 00:00:00+00:00,0.0,14.203998
2042-04-19 00:00:00+00:00,0.0,14.206931
2042-04-20 00:00:00+00:00,0.0,19.28481
2042-04-21 00:00:00+00:00,0.0,19.288786
2042-04-22 00:00:00+00:00,0.0,17.261944
2042-04-23 00:00:00+00:00,0.0,17.01159
2042-04-24 00:00:00+00:00,0.0,18.538826
2042-04-25 00:00:00+00:00,0.0,20.066685
2042-04-26 00:00:00+00:00,0.0,20.578924
2042-04-27 00:00:00+00:00,0.0,20.07492
2042-04-28 00:00:00+00:00,0.0,20.079031
2042-04-29 00:00:00+00:00,0.0,21.862667
2042-04-30 00:00:00+00:00,0.0,19.324446
2042-05-01 00:00:00+00:00,0.0,14.241976
2042-05-02 00:00:00+00:00,0.0,20.60421
2042-05-03 00:00:00+00:00,0.0,20.351856
2042-05-04 00:00:00+00:00,0.0,19.33009
2042-05-05 00:00:00+00:00,0.0,16.274458
2042-05-06 00:00:00+00:00,0.0,15.762472
2042-05-07 00:00:00+00:00,0.0,18.30085
2042-05-08 00:00:00+00:00,0.0,12.706177
2042-05-09 00:00:00+00:00,0.0,18.547003
2042-05-10 00:00:00+00:00,0.0,18.28897
2042-05-11 00:00:00+00:00,0.0,12.190008
2042-05-12 00:00:00+00:00,0.0,6.347586
2042-05-13 00:00:00+00:00,0.0,9.646237
2042-05-14 00:00:00+00:00,0.0,12.689663
2042-05-15 00:00:00+00:00,0.0,18.522884
2042-05-16 00:00:00+00:00,0.0,15.474664
2042-05-17 00:00:00+00:00,0.0,12.427765
2042-05-18 00:00:00+00:00,0.0,9.382189
2042-05-19 00:00:00+00:00,0.0,19.01381
2042-05-20 00:00:00+00:00,0.0,17.995815
2042-05-21 00:00:00+00:00,0.0,17.231676
2042-05-22 00:00:00+00:00,0.0,21.028194
2042-05-23 00:00:00+00:00,0.0,17.730751
2042-05-24 00:00:00+00:00,0.0,15.700949
2042-05-25 00:00:00+00:00,0.0,14.684775
2042-05-26 00:00:00+00:00,0.0,19.491043
2042-05-27 00:00:00+00:00,0.0,22.01753
2042-05-28 00:00:00+00:00,0.0,18.217417
2042-05-29 00:00:00+00:00,0.0,23.778639
2042-05-30 00:00:00+00:00,0.0,24.279251
2042-05-31 00:00:00+00:00,0.0,21.239683
2042-06-01 00:00:00+00:00,0.0,18.201448
2042-06-02 00:00:00+00:00,0.0,19.713907
2042-06-03 00:00:00+00:00,0.0,14.403153
2042-06-04 00:00:00+00:00,0.0,17.431562
2042-06-05 00:00:00+00:00,0.0,16.16485
2042-06-06 00:00:00+00:00,0.0,14.898693
2042-06-07 00:00:00+00:00,0.0,16.662664
2042-06-08 00:00:00+00:00,0.0,14.639721
2042-06-09 00:00:00+00:00,0.0,17.160028
2042-06-10 00:00:00+00:00,0.0,20.940708
2042-06-11 00:00:00+00:00,0.0,20.683844
2042-06-12 00:00:00+00:00,0.0,21.435835
2042-06-13 00:00:00+00:00,0.0,18.405535
2042-06-14 00:00:00+00:00,0.0,16.384863
2042-06-15 00:00:00+00:00,0.0,18.64941
2042-06-16 00:00:00+00:00,0.085524246,16.881538
2042-06-17 00:00:00+00:00,1.2815803,13.351093
2042-06-18 00:00:00+00:00,16.559206,7.303696
2042-06-19 00:00:00+00:00,5.287247,7.8056684
2042-06-20 00:00:00+00:00,0.0,11.580034
2042-06-21 00:00:00+00:00,0.0,15.604406
2042-06-22 00:00:00+00:00,5.61402,13.587917
2042-06-23 00:00:00+00:00,6.2895575,10.817602
2042-06-24 00:00:00+00:00,8.408034,11.569742
2042-06-25 00:00:00+00:00,0.0,13.327391
2042-06-26 00:00:00+00:00,0.0,15.587059
2042-06-27 00:00:00+00:00,0.0,16.086283
2042-06-28 00:00:00+00:00,0.16938926,16.333986
2042-06-29 00:00:00+00:00,0.0,13.817983
2042-06-30 00:00:00+00:00,0.0,12.307817
2042-07-01 00:00:00+00:00,0.0,14.062933
2042-07-02 00:00:00+00:00,0.16898052,13.557655
2042-07-03 00:00:00+00:00,0.0,18.85585
2042-07-04 00:00:00+00:00,5.4228673,19.184668
2042-07-05 00:00:00+00:00,0.0,18.249178
2042-07-06 00:00:00+00:00,0.0,13.743244
2042-07-07 00:00:00+00:00,0.0,18.911522
2042-07-08 00:00:00+00:00,0.0,19.24732
2042-07-09 00:00:00+00:00,0.16044259,15.462853
2042-07-10 00:00:00+00:00,1.0356525,10.611258
2042-07-11 00:00:00+00:00,0.07913407,12.736177
2042-07-12 00:00:00+00:00,0.0,17.751205
2042-07-13 00:00:00+00:00,0.0,17.828701
2042-07-14 00:00:00+00:00,1.0873809,14.220422
2042-07-15 00:00:00+00:00,0.38610598,12.96102
2042-07-16 00:00:00+00:00,0.0,17.801594
2042-07-17 00:00:00+00:00,0.0,20.017197
2042-07-18 00:00:00+00:00,10.408773,15.818631
2042-07-19 00:00:00+00:00,25.928171,7.8110104
2042-07-20 00:00:00+00:00,1.1283334,8.117838
2042-07-21 00:00:00+00:00,7.4116707,11.41816
2042-07-22 00:00:00+00:00,0.0,15.569247
2042-07-23 00:00:00+00:00,1.1870183,14.545642
2042-07-24 00:00:00+00:00,10.93239,6.3426065
2042-07-25 00:00:00+00:00,17.506592,9.698619
2042-07-26 00:00:00+00:00,3.5895882,9.467642
2042-07-27 00:00:00+00:00,14.520314,8.674913
2042-07-28 00:00:00+00:00,0.1453703,12.092953
2042-07-29 00:00:00+00:00,1.0861905,12.153822
2042-07-30 00:00:00+00:00,4.9782553,10.511073
2042-07-31 00:00:00+00:00,0.0,18.5601
2042-08-01 00:00:00+00:00,0.0,22.387434
2042-08-02 00:00:00+00:00,0.0,19.042229
2042-08-03 00:00:00+00:00,0.0,17.692509
2042-08-04 00:00:00+00:00,7.0941715,13.412984
2042-08-05 00:00:00+00:00,3.5360386,13.485149
2042-08-06 00:00:00+00:00,0.0,22.106108
2042-08-07 00:00:00+00:00,0.14059411,19.263746
2042-08-08 00:00:00+00:00,0.14018762,16.98643
2042-08-09 00:00:00+00:00,0.13979197,13.185716
2042-08-10 00:00:00+00:00,0.0,13.86299
2042-08-11 00:00:00+00:00,0.48661044,16.669966
2042-08-12 00:00:00+00:00,0.8319961,21.338703
2042-08-13 00:00:00+00:00,0.06915486,19.929987
2042-08-14 00:00:00+00:00,0.06898118,19.122068
2042-08-15 00:00:00+00:00,6.881178,18.925577
2042-08-16 00:00:00+00:00,3.36368,20.287836
2042-08-17 00:00:00+00:00,0.27394107,12.874686
2042-08-18 00:00:00+00:00,0.54662275,12.637791
2042-08-19 00:00:00+00:00,3.545055,14.623647
2042-08-20 00:00:00+00:00,2.244792,15.99497
2042-08-21 00:00:00+00:00,0.20363201,12.233257
2042-08-22 00:00:00+00:00,13.343598,12.311672
2042-08-23 00:00:00+00:00,7.2325454,21.522013
2042-08-24 00:00:00+00:00,3.7101288,24.617094
2042-08-25 00:00:00+00:00,0.4712604,18.172155
2042-08-26 00:00:00+00:00,1.6797965,11.308971
2042-08-27 00:00:00+00:00,1.4753995,11.385613
2042-08-28 00:00:00+00:00,0.46856675,9.103493
2042-08-29 00:00:00+00:00,8.485536,6.7900853
2042-08-30 00:00:00+00:00,6.869579,9.572801
2042-08-31 00:00:00+00:00,0.4660399,17.215603
2042-09-01 00:00:00+00:00,2.392622,18.72636
2042-09-02 00:00:00+00:00,4.9129705,12.878849
2042-09-03 00:00:00+00:00,7.366419,10.0964775
2042-09-04 00:00:00+00:00,6.7662773,10.098726
2042-09-05 00:00:00+00:00,18.698633,14.6290045
2042-09-06 00:00:00+00:00,7.7544756,14.632277
2042-09-07 00:00:00+00:00,8.280887,13.590161
2042-09-08 00:00:00+00:00,14.170173,8.016511
2042-09-09 00:00:00+00:00,4.235746,11.50454
2042-09-10 00:00:00+00:00,2.7121642,8.717528
2042-09-11 00:00:00+00:00,8.727338,11.160959
2042-09-12 00:00:00+00:00,10.044313,11.861206
2042-09-13 00:00:00+00:00,1.651119,20.238419
2042-09-14 00:00:00+00:00,15.181698,9.423477
2042-09-15 00:00:00+00:00,10.093232,11.520211
2042-09-16 00:00:00+00:00,4.285388,9.776959
2042-09-17 00:00:00+00:00,1.3177595,13.621027
2042-09-18 00:00:00+00:00,4.8067245,7.3360825
2042-09-19 00:00:00+00:00,3.0268779,12.579036
2042-09-20 00:00:00+00:00,4.2084064,11.882941
2042-09-21 00:00:00+00:00,0.19712827,8.739476
2042-09-22 00:00:00+00:00,0.7879301,11.189121
2042-09-23 00:00:00+00:00,1.31221,9.09327
2042-09-24 00:00:00+00:00,2.8190084,11.544143
2042-09-25 00:00:00+00:00,0.0,13.646258
2042-09-26 00:00:00+00:00,0.65448034,6.2997446
2042-09-27 00:00:00+00:00,1.177014,7.001356
2042-09-28 00:00:00+00:00,2.6784892,7.3531485
2042-09-29 00:00:00+00:00,3.1327634,8.405575
2042-09-30 00:00:00+00:00,1.2388036,7.3566127
2042-10-01 00:00:00+00:00,1.8236884,8.059145
2042-10-02 00:00:00+00:00,0.065060325,8.061053
2042-10-03 00:00:00+00:00,0.0,10.166348
2042-10-04 00:00:00+00:00,0.8438027,9.81812
2042-10-05 00:00:00+00:00,1.1020497,8.417538
2042-10-06 00:00:00+00:00,3.1723177,10.875248
2042-10-07 00:00:00+00:00,5.04284,5.9652753
2042-10-08 00:00:00+00:00,6.2621274,8.072601
2042-10-09 00:00:00+00:00,9.153249,10.532014
2042-10-10 00:00:00+00:00,0.0,8.427642
2042-10-11 00:00:00+00:00,1.0921947,8.078441
2042-10-12 00:00:00+00:00,0.0,12.647575
2042-10-13 00:00:00+00:00,1.7922825,10.190799
2042-10-14 00:00:00+00:00,1.660919,7.3813367
2042-10-15 00:00:00+00:00,0.0,12.656806
2042-10-16 00:00:00+00:00,0.0,5.2749577
2042-10-17 00:00:00+00:00,0.0,8.090248
2042-10-18 00:00:00+00:00,0.1898493,8.795905
2042-10-19 00:00:00+00:00,1.7670306,8.094222
2042-10-20 00:00:00+00:00,2.4539242,7.3921986
2042-10-21 00:00:00+00:00,1.2544094,5.633543
2042-10-22 00:00:00+00:00,2.062656,7.7480407
2042-10-23 00:00:00+00:00,0.0,5.6363373
2042-10-24 00:00:00+00:00,0.0,7.047173
2042-10-25 00:00:00+00:00,0.0,6.3440375
2042-10-26 00:00:00+00:00,1.5362704,13.043779
2042-10-27 00:00:00+00:00,0.0,14.457537
2042-10-28 00:00:00+00:00,0.0,12.697609
2042-10-29 00:00:00+00:00,0.060378086,8.820003
2042-10-30 00:00:00+00:00,0.0,11.645338
2042-10-31 00:00:00+00:00,0.0,15.531042
2042-11-01 00:00:00+00:00,0.0,19.41872
2042-11-02 00:00:00+00:00,0.0,16.5301
2042-11-03 00:00:00+00:00,0.0,13.979996
2042-11-04 00:00:00+00:00,0.0,14.5879755
2042-11-05 00:00:00+00:00,0.0,6.558838
2042-11-06 00:00:00+00:00,0.0,7.2052364
2042-11-07 00:00:00+00:00,7.006012,11.59555
2042-11-08 00:00:00+00:00,2.5920088,8.475456
2042-11-09 00:00:00+00:00,0.0,6.4034524
2042-11-10 00:00:00+00:00,0.11796751,10.051843
2042-11-11 00:00:00+00:00,0.0,7.328868
2042-11-12 00:00:00+00:00,0.05906404,10.599353
2042-11-13 00:00:00+00:00,0.0,6.9165382
2042-11-14 00:00:00+00:00,0.0,8.187935
2042-11-15 00:00:00+00:00,0.0,11.72535
2042-11-16 00:00:00+00:00,0.0,14.252429
2042-11-17 00:00:00+00:00,0.0,12.242102
2042-11-18 00:00:00+00:00,0.0,12.176298
2042-11-19 00:00:00+00:00,0.0,15.617435
2042-11-20 00:00:00+00:00,0.0,16.486225
2042-11-21 00:00:00+00:00,0.0,19.55401
2042-11-22 00:00:00+00:00,0.0,15.060288
2042-11-23 00:00:00+00:00,0.0,17.480316
2042-11-24 00:00:00+00:00,0.0,15.217644
2042-11-25 00:00:00+00:00,0.0,15.7591305
2042-11-26 00:00:00+00:00,0.0,16.295551
2042-11-27 00:00:00+00:00,0.0,14.68539
2042-11-28 00:00:00+00:00,0.0,16.744713
2042-11-29 00:00:00+00:00,0.0,16.360588
2042-11-30 00:00:00+00:00,0.0,15.3774605
2042-12-01 00:00:00+00:00,0.0,11.403185
2042-12-02 00:00:00+00:00,0.0,12.544072
2042-12-03 00:00:00+00:00,0.0,13.377248
2042-12-04 00:00:00+00:00,0.0,13.315266
2042-12-05 00:00:00+00:00,0.0,14.432255
2042-12-06 00:00:00+00:00,0.0,11.141406
2042-12-07 00:00:00+00:00,0.0,11.382997
2042-12-08 00:00:00+00:00,0.0,12.494332
2042-12-09 00:00:00+00:00,0.0,13.885299
2042-12-10 00:00:00+00:00,0.0,12.96022
2042-12-11 00:00:00+00:00,0.0,12.90371
2042-12-12 00:00:00+00:00,0.0,21.984222
2042-12-13 00:00:00+00:00,0.0,23.59569
2042-12-14 00:00:00+00:00,0.0,20.664616
2042-12-15 00:00:00+00:00,0.0,16.349243
2042-12-16 00:00:00+00:00,0.0,13.193136
2042-12-17 00:00:00+00:00,0.0,10.902103
2042-12-18 00:00:00+00:00,0.0,13.362795
2042-12-19 00:00:00+00:00,0.0,14.1400585
2042-12-20 00:00:00+00:00,0.0,10.76924
2042-12-21 00:00:00+00:00,0.0,10.450996
2042-12-22 00:00:00+00:00,0.0,14.244432
2042-12-23 00:00:00+00:00,0.0,12.551084
2042-12-24 00:00:00+00:00,0.0,11.14301
2042-12-25 00:00:00+00:00,0.0,16.51419
2042-12-26 00:00:00+00:00,0.0,18.0686
2042-12-27 00:00:00+00:00,0.0,18.268122
2042-12-28 00:00:00+00:00,0.0,17.395891
2042-12-29 00:00:00+00:00,0.0,15.730645
2042-12-30 00:00:00+00:00,0.0,15.140603
2042-12-31 00:00:00+00:00,0.0,13.761257
2043-01-01 00:00:00+00:00,0.0,11.073956
2043-01-02 00:00:00+00:00,0.0,9.47725
2043-01-03 00:00:00+00:00,0.0,6.575877
2043-01-04 00:00:00+00:00,0.0,10.775375
2043-01-05 00:00:00+00:00,0.0,10.241158
2043-01-06 00:00:00+00:00,0.0,8.658351
2043-01-07 00:00:00+00:00,0.0,12.059155
2043-01-08 00:00:00+00:00,0.0,12.049129
2043-01-09 00:00:00+00:00,0.0,12.30086
2043-01-10 00:00:00+00:00,0.0,13.075201
2043-01-11 00:00:00+00:00,0.0,15.416017
2043-01-12 00:00:00+00:00,0.0,13.053676
2043-01-13 00:00:00+00:00,0.0,13.04297
2043-01-14 00:00:00+00:00,0.0,13.032301
2043-01-15 00:00:00+00:00,0.0,14.063404
2043-01-16 00:00:00+00:00,0.0,12.490633
2043-01-17 00:00:00+00:00,0.0,11.440456
2043-01-18 00:00:00+00:00,0.0,9.612598
2043-01-19 00:00:00+00:00,0.0,12.460334
2043-01-20 00:00:00+00:00,0.0,10.634635
2043-01-21 00:00:00+00:00,0.0,11.403618
2043-01-22 00:00:00+00:00,0.0,13.46621
2043-01-23 00:00:00+00:00,0.0,9.832834
2043-01-24 00:00:00+00:00,0.0,8.790792
2043-01-25 00:00:00+00:00,0.0,13.69241
2043-01-26 00:00:00+00:00,0.0,15.230418
2043-01-27 00:00:00+00:00,0.0,15.476325
2043-01-28 00:00:00+00:00,0.0,16.237333
2043-01-29 00:00:00+00:00,0.0,14.679377
2043-01-30 00:00:00+00:00,0.0,14.153207
2043-01-31 00:00:00+00:00,0.0,12.085101
2043-02-01 00:00:00+00:00,0.0,15.6726885
2043-02-02 00:00:00+00:00,0.0,14.37685
2043-02-03 00:00:00+00:00,0.0,14.622228
2043-02-04 00:00:00+00:00,0.0,14.354584
2043-02-05 00:00:00+00:00,0.0,15.111909
2043-02-06 00:00:00+00:00,0.0,13.564657
2043-02-07 00:00:00+00:00,0.0,12.7870245
2043-02-08 00:00:00+00:00,0.0,19.932484
2043-02-09 00:00:00+00:00,0.0,21.449356
2043-02-10 00:00:00+00:00,0.0,20.157244
2043-02-11 00:00:00+00:00,0.0,18.612162
2043-02-12 00:00:00+00:00,0.0,13.757467
2043-02-13 00:00:00+00:00,0.0,15.274522
2043-02-14 00:00:00+00:00,0.0,16.534924
2043-02-15 00:00:00+00:00,0.0,16.014105
2043-02-16 00:00:00+00:00,0.0,14.478085
2043-02-17 00:00:00+00:00,0.0,14.213443
2043-02-18 00:00:00+00:00,0.0,15.978192
2043-02-19 00:00:00+00:00,0.0,14.952567
2043-02-20 00:00:00+00:00,0.0,14.181729
2043-02-21 00:00:00+00:00,0.0,9.110075
2043-02-22 00:00:00+00:00,0.0,10.873442
2043-02-23 00:00:00+00:00,0.0,12.381537
2043-02-24 00:00:00+00:00,0.0,10.09995
2043-02-25 00:00:00+00:00,0.0,14.634192
2043-02-26 00:00:00+00:00,0.0,13.614975
2043-02-27 00:00:00+00:00,0.0,15.116716
2043-02-28 00:00:00+00:00,0.0,14.350433
2043-03-01 00:00:00+00:00,0.0,15.346339
2043-03-02 00:00:00+00:00,0.0,17.849205
2043-03-03 00:00:00+00:00,0.0,20.850906
2043-03-04 00:00:00+00:00,0.0,16.330614
2043-03-05 00:00:00+00:00,0.0,12.564702
2043-03-06 00:00:00+00:00,0.0,16.086262
2043-03-07 00:00:00+00:00,0.0,17.598106
2043-03-08 00:00:00+00:00,0.0,12.572763
2043-03-09 00:00:00+00:00,0.0,14.336009
2043-03-10 00:00:00+00:00,0.0,14.5906315
2043-03-11 00:00:00+00:00,0.0,12.329195
2043-03-12 00:00:00+00:00,0.0,10.066792
2043-03-13 00:00:00+00:00,0.0,11.075828
2043-03-14 00:00:00+00:00,0.0,13.344175
2043-03-15 00:00:00+00:00,0.0,12.843348
2043-03-16 00:00:00+00:00,0.0,11.334772
2043-03-17 00:00:00+00:00,0.0,11.841048
2043-03-18 00:00:00+00:00,0.0,18.647305
2043-03-19 00:00:00+00:00,0.0,10.585846
2043-03-20 00:00:00+00:00,0.0,11.848573
2043-03-21 00:00:00+00:00,0.0,10.338174
2043-03-22 00:00:00+00:00,0.0,14.123415
2043-03-23 00:00:00+00:00,0.0,14.126396
2043-03-24 00:00:00+00:00,0.0,17.40941
2043-03-25 00:00:00+00:00,0.0,17.665438
2043-03-26 00:00:00+00:00,0.0,16.407078
2043-03-27 00:00:00+00:00,0.0,7.8265595
2043-03-28 00:00:00+00:00,0.0,11.868568
2043-03-29 00:00:00+00:00,0.0,10.608182
2043-03-30 00:00:00+00:00,0.0,17.431385
2043-03-31 00:00:00+00:00,0.0,14.655541
2043-04-01 00:00:00+00:00,0.0,16.427753
2043-04-02 00:00:00+00:00,0.0,18.706282
2043-04-03 00:00:00+00:00,0.0,11.37782
2043-04-04 00:00:00+00:00,0.0,17.955425
2043-04-05 00:00:00+00:00,0.0,17.453281
2043-04-06 00:00:00+00:00,0.0,15.179933
2043-04-07 00:00:00+00:00,0.0,13.664788
2043-04-08 00:00:00+00:00,0.0,15.692469
2043-04-09 00:00:00+00:00,0.0,7.847868
2043-04-10 00:00:00+00:00,0.0,7.8494997
2043-04-11 00:00:00+00:00,0.0,14.182688
2043-04-12 00:00:00+00:00,0.0,16.71878
2043-04-13 00:00:00+00:00,0.0,14.6953125
2043-04-14 00:00:00+00:00,0.0,14.698358
2043-04-15 00:00:00+00:00,0.0,15.208346
2043-04-16 00:00:00+00:00,0.0,17.49322
2043-04-17 00:00:00+00:00,0.0,15.21464
2043-04-18 00:00:00+00:00,0.0,16.485933
2043-04-19 00:00:00+00:00,0.0,16.9967
2043-04-20 00:00:00+00:00,0.0,16.492739
2043-04-21 00:00:00+00:00,0.0,16.749924
2043-04-22 00:00:00+00:00,0.0,14.9765005
2043-04-23 00:00:00+00:00,0.0,11.678998
2043-04-24 00:00:00+00:00,0.0,11.173512
2043-04-25 00:00:00+00:00,0.0,12.953776
2043-04-26 00:00:00+00:00,0.0,13.718579
2043-04-27 00:00:00+00:00,0.0,13.975493
2043-04-28 00:00:00+00:00,0.0,12.707598
2043-04-29 00:00:00+00:00,0.0,12.964404
2043-04-30 00:00:00+00:00,0.0,11.695778
2043-05-01 00:00:00+00:00,0.0,12.715401
2043-05-02 00:00:00+00:00,0.0,15.007238
2043-05-03 00:00:00+00:00,0.0,17.808832
2043-05-04 00:00:00+00:00,0.0,12.717852
2043-05-05 00:00:00+00:00,0.0,16.021032
2043-05-06 00:00:00+00:00,0.0,16.27182
2043-05-07 00:00:00+00:00,0.0,8.388344
2043-05-08 00:00:00+00:00,0.0,10.673764
2043-05-09 00:00:00+00:00,0.0,14.228607
2043-05-10 00:00:00+00:00,0.0,17.019827
2043-05-11 00:00:00+00:00,0.0,16.508198
2043-05-12 00:00:00+00:00,0.0,16.2507
2043-05-13 00:00:00+00:00,0.0,17.008762
2043-05-14 00:00:00+00:00,0.0,9.137052
2043-05-15 00:00:00+00:00,0.0,20.0464
2043-05-16 00:00:00+00:00,0.0,23.086405
2043-05-17 00:00:00+00:00,0.0,18.76948
2043-05-18 00:00:00+00:00,0.0,16.229534
2043-05-19 00:00:00+00:00,0.0,12.1695
2043-05-20 00:00:00+00:00,0.0,11.913373
2043-05-21 00:00:00+00:00,0.0,13.17788
2043-05-22 00:00:00+00:00,0.0,13.935102
2043-05-23 00:00:00+00:00,0.0,13.932063
2043-05-24 00:00:00+00:00,0.0,13.675768
2043-05-25 00:00:00+00:00,0.0,13.672778
2043-05-26 00:00:00+00:00,0.0,12.910358
2043-05-27 00:00:00+00:00,0.0,11.895179
2043-05-28 00:00:00+00:00,0.0,16.700214
2043-05-29 00:00:00+00:00,0.0,17.455492
2043-05-30 00:00:00+00:00,0.0,19.980894
2043-05-31 00:00:00+00:00,0.0,19.976513
2043-06-01 00:00:00+00:00,0.0,19.213697
2043-06-02 00:00:00+00:00,0.0,17.440186
2043-06-03 00:00:00+00:00,0.0,12.635039
2043-06-04 00:00:00+00:00,0.0,14.653425
2043-06-05 00:00:00+00:00,0.0,17.176098
2043-06-06 00:00:00+00:00,0.0,18.687525
2043-06-07 00:00:00+00:00,0.0,12.371448
2043-06-08 00:00:00+00:00,0.0,14.892951
2043-06-09 00:00:00+00:00,0.0,16.656239
2043-06-10 00:00:00+00:00,0.0,16.652565
2043-06-11 00:00:00+00:00,0.0,19.17145
2043-06-12 00:00:00+00:00,0.0,19.167215
2043-06-13 00:00:00+00:00,0.0,19.415127
2043-06-14 00:00:00+00:00,0.0,20.671278
2043-06-15 00:00:00+00:00,0.0,20.666704
2043-06-16 00:00:00+00:00,0.0,18.14236
2043-06-17 00:00:00+00:00,0.0,16.626812
2043-06-18 00:00:00+00:00,0.0,17.378725
2043-06-19 00:00:00+00:00,0.0,18.885727
2043-06-20 00:00:00+00:00,0.0,18.126278
2043-06-21 00:00:00+00:00,0.0,17.618856
2043-06-22 00:00:00+00:00,0.0,15.601806
2043-06-23 00:00:00+00:00,0.0,13.837235
2043-06-24 00:00:00+00:00,0.0,14.085689
2043-06-25 00:00:00+00:00,0.0,15.591398
2043-06-26 00:00:00+00:00,0.0,15.085092
2043-06-27 00:00:00+00:00,0.0,19.606249
2043-06-28 00:00:00+00:00,0.0,20.104488
2043-06-29 00:00:00+00:00,0.0,19.095001
2043-06-30 00:00:00+00:00,0.0,20.095518
2043-07-01 00:00:00+00:00,0.0,21.848995
2043-07-02 00:00:00+00:00,0.0,21.090864
2043-07-03 00:00:00+00:00,0.0,17.832264
2043-07-04 00:00:00+00:00,0.0,15.382617
2043-07-05 00:00:00+00:00,0.0,18.736938
2043-07-06 00:00:00+00:00,0.0,18.813936
2043-07-07 00:00:00+00:00,0.0,21.700136
2043-07-08 00:00:00+00:00,0.0,19.227169
2043-07-09 00:00:00+00:00,0.5625494,18.53583
2043-07-10 00:00:00+00:00,0.0,18.873098
2043-07-11 00:00:00+00:00,0.5548534,24.1468
2043-07-12 00:00:00+00:00,0.0,16.68893
2043-07-13 00:00:00+00:00,10.173495,14.404528
2043-07-14 00:00:00+00:00,0.0,15.256966
2043-07-15 00:00:00+00:00,7.887835,14.796141
2043-07-16 00:00:00+00:00,5.8441095,13.269889
2043-07-17 00:00:00+00:00,3.5179653,13.329717
2043-07-18 00:00:00+00:00,0.0,19.01428
2043-07-19 00:00:00+00:00,5.4494653,18.294409
2043-07-20 00:00:00+00:00,0.0,14.054594
2043-07-21 00:00:00+00:00,0.0,14.934854
2043-07-22 00:00:00+00:00,0.0,21.825771
2043-07-23 00:00:00+00:00,0.0,16.995382
2043-07-24 00:00:00+00:00,0.0,19.280375
2043-07-25 00:00:00+00:00,13.180437,19.650469
2043-07-26 00:00:00+00:00,0.0,12.793478
2043-07-27 00:00:00+00:00,0.0,20.123291
2043-07-28 00:00:00+00:00,0.14550923,18.257248
2043-07-29 00:00:00+00:00,19.85952,11.291649
2043-07-30 00:00:00+00:00,7.2213883,7.0930524
2043-07-31 00:00:00+00:00,1.4391173,11.692124
2043-08-01 00:00:00+00:00,0.1434112,13.472397
2043-08-02 00:00:00+00:00,0.0,13.254505
2043-08-03 00:00:00+00:00,0.9259505,17.95882
2043-08-04 00:00:00+00:00,0.0,14.268707
2043-08-05 00:00:00+00:00,6.086687,14.345289
2043-08-06 00:00:00+00:00,10.795543,12.068254
2043-08-07 00:00:00+00:00,3.1656938,10.062595
2043-08-08 00:00:00+00:00,0.0,16.665295
2043-08-09 00:00:00+00:00,0.27977982,14.663543
2043-08-10 00:00:00+00:00,0.0,13.843393
2043-08-11 00:00:00+00:00,8.347467,13.619588
2043-08-12 00:00:00+00:00,8.811038,13.393555
2043-08-13 00:00:00+00:00,4.359535,13.165239
2043-08-14 00:00:00+00:00,4.6936445,11.7027235
2043-08-15 00:00:00+00:00,3.4426868,15.489693
2043-08-16 00:00:00+00:00,3.5030606,17.140827
2043-08-17 00:00:00+00:00,4.1800385,10.973891
2043-08-18 00:00:00+00:00,0.0,15.772986
2043-08-19 00:00:00+00:00,0.0,20.949198
2043-08-20 00:00:00+00:00,10.617549,22.677238
2043-08-21 00:00:00+00:00,3.191943,18.320793
2043-08-22 00:00:00+00:00,0.2033086,14.232774
2043-08-23 00:00:00+00:00,0.0,12.045822
2043-08-24 00:00:00+00:00,4.521887,19.333721
2043-08-25 00:00:00+00:00,10.709624,14.1837845
2043-08-26 00:00:00+00:00,15.528825,11.9541445
2043-08-27 00:00:00+00:00,14.693894,10.697716
2043-08-28 00:00:00+00:00,0.0,14.136721
2043-08-29 00:00:00+00:00,4.21128,14.23446
2043-08-30 00:00:00+00:00,0.0,14.334022
2043-08-31 00:00:00+00:00,0.13321272,15.122852
2043-09-01 00:00:00+00:00,0.86437446,19.038906
2043-09-02 00:00:00+00:00,0.0,20.535404
2043-09-03 00:00:00+00:00,3.7831492,17.058615
2043-09-04 00:00:00+00:00,5.3074512,13.9285
2043-09-05 00:00:00+00:00,20.424862,10.100417
2043-09-06 00:00:00+00:00,6.230794,9.754306
2043-09-07 00:00:00+00:00,9.40818,12.195615
2043-09-08 00:00:00+00:00,15.3638935,9.758683
2043-09-09 00:00:00+00:00,0.0,13.944114
2043-09-10 00:00:00+00:00,0.0,12.901213
2043-09-11 00:00:00+00:00,7.736605,13.25289
2043-09-12 00:00:00+00:00,12.292723,14.651248
2043-09-13 00:00:00+00:00,0.26421568,14.654573
2043-09-14 00:00:00+00:00,3.3008418,11.516927
2043-09-15 00:00:00+00:00,0.0,9.774167
2043-09-16 00:00:00+00:00,3.5607123,7.6814575
2043-09-17 00:00:00+00:00,7.973703,7.683216
2043-09-18 00:00:00+00:00,0.39513776,11.876785
2043-09-19 00:00:00+00:00,0.0,12.228914
2043-09-20 00:00:00+00:00,1.907267,6.989562
2043-09-21 00:00:00+00:00,1.9716392,10.836323
2043-09-22 00:00:00+00:00,1.3134629,8.391354
2043-09-23 00:00:00+00:00,0.6562326,11.191068
2043-09-24 00:00:00+00:00,0.45900086,11.893274
2043-09-25 00:00:00+00:00,2.9483066,10.146627
2043-09-26 00:00:00+00:00,4.844208,7.349273
2043-09-27 00:00:00+00:00,2.354561,7.7010407
2043-09-28 00:00:00+00:00,2.2870538,10.153753
2043-09-29 00:00:00+00:00,1.566766,9.805927
2043-09-30 00:00:00+00:00,0.19565062,7.706472
2043-10-01 00:00:00+00:00,0.0,9.460176
2043-10-02 00:00:00+00:00,0.0,6.308277
2043-10-03 00:00:00+00:00,0.0,11.567918
2043-10-04 00:00:00+00:00,0.0,12.271919
2043-10-05 00:00:00+00:00,1.167249,12.274843
2043-10-06 00:00:00+00:00,0.19428861,5.9634905
2043-10-07 00:00:00+00:00,0.0,8.070181
2043-10-08 00:00:00+00:00,0.0,9.826924
2043-10-09 00:00:00+00:00,0.0,7.371965
2043-10-10 00:00:00+00:00,0.0,6.320349
2043-10-11 00:00:00+00:00,0.0,10.185245
2043-10-12 00:00:00+00:00,0.0,7.728606
2043-10-13 00:00:00+00:00,0.0,15.109575
2043-10-14 00:00:00+00:00,0.0,14.761776
2043-10-15 00:00:00+00:00,0.0,7.382685
2043-10-16 00:00:00+00:00,0.0,13.010766
2043-10-17 00:00:00+00:00,0.0,13.717406
2043-10-18 00:00:00+00:00,0.0,14.776215
2043-10-19 00:00:00+00:00,0.0,15.48365
2043-10-20 00:00:00+00:00,0.0,8.799696
2043-10-21 00:00:00+00:00,0.0,8.449793
2043-10-22 00:00:00+00:00,0.0,10.917017
2043-10-23 00:00:00+00:00,0.0,11.624223
2043-10-24 00:00:00+00:00,0.0,11.2747755
2043-10-25 00:00:00+00:00,0.0,16.563951
2043-10-26 00:00:00+00:00,0.0,11.985426
2043-10-27 00:00:00+00:00,0.0,14.104031
2043-10-28 00:00:00+00:00,0.0,22.219421
2043-10-29 00:00:00+00:00,0.0,14.463894
2043-10-30 00:00:00+00:00,0.0,15.173272
2043-10-31 00:00:00+00:00,0.0,14.824147
2043-11-01 00:00:00+00:00,0.0,9.179178
2043-11-02 00:00:00+00:00,0.0,7.3974853
2043-11-03 00:00:00+00:00,0.0,11.201518
2043-11-04 00:00:00+00:00,0.0,11.131875
2043-11-05 00:00:00+00:00,0.0,6.5688944
2043-11-06 00:00:00+00:00,0.0,15.119592
2043-11-07 00:00:00+00:00,0.0,12.296074
2043-11-08 00:00:00+00:00,0.0,10.525181
2043-11-09 00:00:00+00:00,0.0,15.863411
2043-11-10 00:00:00+00:00,0.0,21.81069
2043-11-11 00:00:00+00:00,0.0,23.352715
2043-11-12 00:00:00+00:00,0.0,19.23872
2043-11-13 00:00:00+00:00,0.0,10.884191
2043-11-14 00:00:00+00:00,0.0,9.183302
2043-11-15 00:00:00+00:00,0.0,14.350815
2043-11-16 00:00:00+00:00,0.0,8.109064
2043-11-17 00:00:00+00:00,0.0,12.258709
2043-11-18 00:00:00+00:00,0.0,14.759531
2043-11-19 00:00:00+00:00,0.0,15.957363
2043-11-20 00:00:00+00:00,0.0,17.777792
2043-11-21 00:00:00+00:00,0.0,17.684738
2043-11-22 00:00:00+00:00,0.0,13.194787
2043-11-23 00:00:00+00:00,0.0,12.814475
2043-11-24 00:00:00+00:00,0.0,16.169819
2043-11-25 00:00:00+00:00,0.0,15.4695425
2043-11-26 00:00:00+00:00,0.0,15.084453
2043-11-27 00:00:00+00:00,0.0,11.946596
2043-11-28 00:00:00+00:00,0.0,14.631427
2043-11-29 00:00:00+00:00,0.0,10.313587
2043-11-30 00:00:00+00:00,0.0,9.358302
2043-12-01 00:00:00+00:00,0.0,10.8158655
2043-12-02 00:00:00+00:00,0.0,9.867675
2043-12-03 00:00:00+00:00,0.0,12.797639
2043-12-04 00:00:00+00:00,0.0,16.293056
2043-12-05 00:00:00+00:00,0.0,15.333439
2043-12-06 00:00:00+00:00,0.0,15.55701
2043-12-07 00:00:00+00:00,0.0,15.194447
2043-12-08 00:00:00+00:00,0.0,16.871662
2043-12-09 00:00:00+00:00,0.0,15.927872
2043-12-10 00:00:00+00:00,0.0,17.010962
2043-12-11 00:00:00+00:00,0.0,18.946064
2043-12-12 00:00:00+00:00,0.0,14.862528
2043-12-13 00:00:00+00:00,0.0,16.506218
2043-12-14 00:00:00+00:00,0.0,13.885503
2043-12-15 00:00:00+00:00,0.0,16.648647
2043-12-16 00:00:00+00:00,0.0,13.768917
2043-12-17 00:00:00+00:00,0.0,13.152045
2043-12-18 00:00:00+00:00,0.0,12.540493
2043-12-19 00:00:00+00:00,0.0,11.379084
2043-12-20 00:00:00+00:00,0.0,11.05654
2043-12-21 00:00:00+00:00,0.0,13.7651005
2043-12-22 00:00:00+00:00,0.0,15.355417
2043-12-23 00:00:00+00:00,0.0,17.47961
2043-12-24 00:00:00+00:00,0.0,22.03579
2043-12-25 00:00:00+00:00,0.0,21.67899
2043-12-26 00:00:00+00:00,0.0,18.086006
2043-12-27 00:00:00+00:00,0.0,15.058716
2043-12-28 00:00:00+00:00,0.0,15.001445
2043-12-29 00:00:00+00:00,0.0,15.478578
2043-12-30 00:00:00+00:00,0.0,13.559506
2043-12-31 00:00:00+00:00,0.0,13.24424
2044-01-01 00:00:00+00:00,0.0,16.09839
2044-01-02 00:00:00+00:00,0.0,16.062065
2044-01-03 00:00:00+00:00,0.0,18.942513
2044-01-04 00:00:00+00:00,0.0,18.13798
2044-01-05 00:00:00+00:00,0.0,16.021574
2044-01-06 00:00:00+00:00,0.0,16.270601
2044-01-07 00:00:00+00:00,0.0,14.42156
2044-01-08 00:00:00+00:00,0.0,16.505499
2044-01-09 00:00:00+00:00,0.0,14.921155
2044-01-10 00:00:00+00:00,0.0,21.709318
2044-01-11 00:00:00+00:00,0.0,16.725906
2044-01-12 00:00:00+00:00,0.0,13.83974
2044-01-13 00:00:00+00:00,0.0,16.959337
2044-01-14 00:00:00+00:00,0.0,16.424057
2044-01-15 00:00:00+00:00,0.0,16.671135
2044-01-16 00:00:00+00:00,0.0,15.87674
2044-01-17 00:00:00+00:00,0.0,15.343723
2044-01-18 00:00:00+00:00,0.0,14.291888
2044-01-19 00:00:00+00:00,0.0,15.578558
2044-01-20 00:00:00+00:00,0.0,13.749977
2044-01-21 00:00:00+00:00,0.0,12.702029
2044-01-22 00:00:00+00:00,0.0,15.800061
2044-01-23 00:00:00+00:00,0.0,18.63435
2044-01-24 00:00:00+00:00,0.0,16.033459
2044-01-25 00:00:00+00:00,0.0,18.346302
2044-01-26 00:00:00+00:00,0.0,21.688276
2044-01-27 00:00:00+00:00,0.0,19.349226
2044-01-28 00:00:00+00:00,0.0,16.498318
2044-01-29 00:00:00+00:00,0.0,15.712593
2044-01-30 00:00:00+00:00,0.0,15.185505
2044-01-31 00:00:00+00:00,0.0,15.430805
2044-02-01 00:00:00+00:00,0.0,18.759497
2044-02-02 00:00:00+00:00,0.0,18.231335
2044-02-03 00:00:00+00:00,0.0,19.500084
2044-02-04 00:00:00+00:00,0.0,21.023277
2044-02-05 00:00:00+00:00,0.0,18.445208
2044-02-06 00:00:00+00:00,0.0,22.270796
2044-02-07 00:00:00+00:00,0.0,24.044214
2044-02-08 00:00:00+00:00,0.0,23.00342
2044-02-09 00:00:00+00:00,0.0,20.942656
2044-02-10 00:00:00+00:00,0.0,22.457912
2044-02-11 00:00:00+00:00,0.0,19.890745
2044-02-12 00:00:00+00:00,0.0,19.875662
2044-02-13 00:00:00+00:00,0.0,21.388369
2044-02-14 00:00:00+00:00,0.0,19.845648
2044-02-15 00:00:00+00:00,0.0,19.322233
2044-02-16 00:00:00+00:00,0.0,19.053684
2044-02-17 00:00:00+00:00,0.0,15.739255
2044-02-18 00:00:00+00:00,0.0,14.459154
2044-02-19 00:00:00+00:00,0.0,13.687944
2044-02-20 00:00:00+00:00,0.0,14.1843605
2044-02-21 00:00:00+00:00,0.0,13.920747
2044-02-22 00:00:00+00:00,0.0,13.404624
2044-02-23 00:00:00+00:00,0.0,13.647471
2044-02-24 00:00:00+00:00,0.0,14.647617
2044-02-25 00:00:00+00:00,0.0,17.412834
2044-02-26 00:00:00+00:00,0.0,18.913143
2044-02-27 00:00:00+00:00,0.0,21.167261
2044-02-28 00:00:00+00:00,0.0,16.1157
2044-02-29 00:00:00+00:00,0.0,18.368622
2044-03-01 00:00:00+00:00,0.0,15.840891
2044-03-02 00:00:00+00:00,0.0,15.326924
2044-03-03 00:00:00+00:00,0.0,16.078512
2044-03-04 00:00:00+00:00,0.0,17.33836
2044-03-05 00:00:00+00:00,0.0,17.090736
2044-03-06 00:00:00+00:00,0.0,23.379097
2044-03-07 00:00:00+00:00,0.0,21.624
2044-03-08 00:00:00+00:00,0.0,21.377121
2044-03-09 00:00:00+00:00,0.0,17.859991
2044-03-10 00:00:00+00:00,0.0,15.850976
2044-03-11 00:00:00+00:00,0.0,14.596071
2044-03-12 00:00:00+00:00,0.0,17.116276
2044-03-13 00:00:00+00:00,0.0,9.818776
2044-03-14 00:00:00+00:00,0.0,7.5545096
2044-03-15 00:00:00+00:00,0.0,15.615967
2044-03-16 00:00:00+00:00,0.0,20.153908
2044-03-17 00:00:00+00:00,0.0,18.64632
2044-03-18 00:00:00+00:00,0.0,19.154327
2044-03-19 00:00:00+00:00,0.0,19.410465
2044-03-20 00:00:00+00:00,0.0,12.606864
2044-03-21 00:00:00+00:00,0.0,16.644575
2044-03-22 00:00:00+00:00,0.0,18.413795
2044-03-23 00:00:00+00:00,0.0,15.642414
2044-03-24 00:00:00+00:00,0.0,12.365156
2044-03-25 00:00:00+00:00,0.0,7.572099
2044-03-26 00:00:00+00:00,0.0,16.409664
2044-03-27 00:00:00+00:00,0.0,16.413115
2044-03-28 00:00:00+00:00,0.0,13.638377
2044-03-29 00:00:00+00:00,0.0,13.641238
2044-03-30 00:00:00+00:00,0.0,13.1387615
2044-03-31 00:00:00+00:00,0.0,14.657844
2044-04-01 00:00:00+00:00,0.0,14.6609125
2044-04-02 00:00:00+00:00,0.0,16.180944
2044-04-03 00:00:00+00:00,0.0,16.690084
2044-04-04 00:00:00+00:00,0.0,17.19944
2044-04-05 00:00:00+00:00,0.0,16.950043
2044-04-06 00:00:00+00:00,0.0,16.700537
2044-04-07 00:00:00+00:00,0.0,13.413835
2044-04-08 00:00:00+00:00,0.0,11.391474
2044-04-09 00:00:00+00:00,0.0,14.685399
2044-04-10 00:00:00+00:00,0.0,20.76643
2044-04-11 00:00:00+00:00,0.0,17.984423
2044-04-12 00:00:00+00:00,0.0,8.867401
2044-04-13 00:00:00+00:00,0.0,15.457818
2044-04-14 00:00:00+00:00,0.0,14.193722
2044-04-15 00:00:00+00:00,0.0,10.140471
2044-04-16 00:00:00+00:00,0.0,8.114055
2044-04-17 00:00:00+00:00,0.0,15.977847
2044-04-18 00:00:00+00:00,0.0,18.264168
2044-04-19 00:00:00+00:00,0.0,14.7158375
2044-04-20 00:00:00+00:00,0.0,14.211325
2044-04-21 00:00:00+00:00,0.0,14.2142515
2044-04-22 00:00:00+00:00,0.0,11.678396
2044-04-23 00:00:00+00:00,0.0,10.665076
2044-04-24 00:00:00+00:00,0.0,11.937181
2044-04-25 00:00:00+00:00,0.0,16.004189
2044-04-26 00:00:00+00:00,0.0,19.310602
2044-04-27 00:00:00+00:00,0.0,21.60181
2044-04-28 00:00:00+00:00,0.0,17.79337
2044-04-29 00:00:00+00:00,0.0,14.746097
2044-04-30 00:00:00+00:00,0.0,10.1718025
2044-05-01 00:00:00+00:00,0.0,17.041248
2044-05-02 00:00:00+00:00,0.0,16.53593
2044-05-03 00:00:00+00:00,0.0,15.262246
2044-05-04 00:00:00+00:00,0.0,13.987372
2044-05-05 00:00:00+00:00,0.0,10.678958
2044-05-06 00:00:00+00:00,0.0,16.52339
2044-05-07 00:00:00+00:00,0.0,19.061327
2044-05-08 00:00:00+00:00,0.0,14.483472
2044-05-09 00:00:00+00:00,0.0,6.351025
2044-05-10 00:00:00+00:00,0.0,10.159441
2044-05-11 00:00:00+00:00,0.0,9.649377
2044-05-12 00:00:00+00:00,0.0,17.009682
2044-05-13 00:00:00+00:00,0.0,15.990712
2044-05-14 00:00:00+00:00,0.0,16.748537
2044-05-15 00:00:00+00:00,0.0,14.461501
2044-05-16 00:00:00+00:00,0.0,14.712015
2044-05-17 00:00:00+00:00,0.0,14.455213
2044-05-18 00:00:00+00:00,0.0,16.480429
2044-05-19 00:00:00+00:00,0.0,16.22335
2044-05-20 00:00:00+00:00,0.0,11.404557
2044-05-21 00:00:00+00:00,0.0,11.402072
2044-05-22 00:00:00+00:00,0.0,10.386287
2044-05-23 00:00:00+00:00,0.0,18.488619
2044-05-24 00:00:00+00:00,0.0,18.737795
2044-05-25 00:00:00+00:00,0.0,17.214752
2044-05-26 00:00:00+00:00,0.0,22.779247
2044-05-27 00:00:00+00:00,0.0,21.255978
2044-05-28 00:00:00+00:00,0.0,19.22739
2044-05-29 00:00:00+00:00,0.0,20.487862
2044-05-30 00:00:00+00:00,0.0,20.989132
2044-05-31 00:00:00+00:00,0.0,17.697794
2044-06-01 00:00:00+00:00,0.0,20.727154
2044-06-02 00:00:00+00:00,0.0,22.997032
2044-06-03 00:00:00+00:00,0.0,22.486664
2044-06-04 00:00:00+00:00,11.380243,18.945269
2044-06-05 00:00:00+00:00,0.0,11.364661
2044-06-06 00:00:00+00:00,0.0,13.634591
2044-06-07 00:00:00+00:00,0.0,17.165705
2044-06-08 00:00:00+00:00,0.0,16.90954
2044-06-09 00:00:00+00:00,0.0,18.167439
2044-06-10 00:00:00+00:00,0.0,10.343063
2044-06-11 00:00:00+00:00,0.0,16.393919
2044-06-12 00:00:00+00:00,0.0,20.676994
2044-06-13 00:00:00+00:00,1.2005788,21.680834
2044-06-14 00:00:00+00:00,0.0,17.89533
2044-06-15 00:00:00+00:00,0.0,17.38739
2044-06-16 00:00:00+00:00,0.0,12.848702
2044-06-17 00:00:00+00:00,0.0,18.639086
2044-06-18 00:00:00+00:00,0.0,18.886776
2044-06-19 00:00:00+00:00,0.0,18.379051
2044-06-20 00:00:00+00:00,0.0,17.871546
2044-06-21 00:00:00+00:00,0.0,17.11261
2044-06-22 00:00:00+00:00,0.0,17.108807
2044-06-23 00:00:00+00:00,5.267616,14.338016
2044-06-24 00:00:00+00:00,2.3771539,11.06548
2044-06-25 00:00:00+00:00,0.0,13.82877
2044-06-26 00:00:00+00:00,0.0,11.814679
2044-06-27 00:00:00+00:00,0.0,10.806766
2044-06-28 00:00:00+00:00,0.0,13.065731
2044-06-29 00:00:00+00:00,0.0,15.826104
2044-06-30 00:00:00+00:00,0.0,16.324873
2044-07-01 00:00:00+00:00,0.0,15.567939
2044-07-02 00:00:00+00:00,0.0,20.585247
2044-07-03 00:00:00+00:00,0.0,20.657362
2044-07-04 00:00:00+00:00,0.0,17.706062
2044-07-05 00:00:00+00:00,0.0,17.016731
2044-07-06 00:00:00+00:00,0.0,15.556901
2044-07-07 00:00:00+00:00,0.0,17.158321
2044-07-08 00:00:00+00:00,0.0,16.973278
2044-07-09 00:00:00+00:00,0.0,17.045223
2044-07-10 00:00:00+00:00,11.512551,14.265063
2044-07-11 00:00:00+00:00,16.800785,12.242689
2044-07-12 00:00:00+00:00,10.894666,13.080755
2044-07-13 00:00:00+00:00,0.0,14.977438
2044-07-14 00:00:00+00:00,0.0,14.251896
2044-07-15 00:00:00+00:00,0.0,21.738289
2044-07-16 00:00:00+00:00,0.6126452,22.634966
2044-07-17 00:00:00+00:00,0.0,18.190147
2044-07-18 00:00:00+00:00,4.016478,16.123604
2044-07-19 00:00:00+00:00,20.962751,12.958455
2044-07-20 00:00:00+00:00,2.026139,16.273539
2044-07-21 00:00:00+00:00,9.261768,16.350039
2044-07-22 00:00:00+00:00,0.0,13.96345
2044-07-23 00:00:00+00:00,0.0,20.082558
2044-07-24 00:00:00+00:00,0.0,20.179548
2044-07-25 00:00:00+00:00,1.9819555,16.666761
2044-07-26 00:00:00+00:00,0.43866283,13.119842
2044-07-27 00:00:00+00:00,0.0,18.79559
2044-07-28 00:00:00+00:00,0.0,19.171696
2044-07-29 00:00:00+00:00,0.21683891,19.268648
2044-07-30 00:00:00+00:00,18.292986,11.961973
2044-07-31 00:00:00+00:00,8.396793,8.015741
2044-08-01 00:00:00+00:00,10.51385,7.481909
2044-08-02 00:00:00+00:00,5.7741065,8.678311
2044-08-03 00:00:00+00:00,0.0,11.923249
2044-08-04 00:00:00+00:00,0.56664366,11.98709
2044-08-05 00:00:00+00:00,0.84735143,12.933744
2044-08-06 00:00:00+00:00,6.4768724,14.186576
2044-08-07 00:00:00+00:00,8.212785,14.264795
2044-08-08 00:00:00+00:00,14.418812,12.252365
2044-08-09 00:00:00+00:00,1.7449762,6.3108993
2044-08-10 00:00:00+00:00,13.364923,10.577925
2044-08-11 00:00:00+00:00,2.4992566,21.88519
2044-08-12 00:00:00+00:00,0.0,12.840378
2044-08-13 00:00:00+00:00,0.13813494,20.295938
2044-08-14 00:00:00+00:00,0.0,11.445366
2044-08-15 00:00:00+00:00,0.2749146,11.824997
2044-08-16 00:00:00+00:00,0.34282705,16.279366
2044-08-17 00:00:00+00:00,5.5408926,12.284093
2044-08-18 00:00:00+00:00,0.0,10.775311
2044-08-19 00:00:00+00:00,0.0,16.901602
2044-08-20 00:00:00+00:00,0.0,17.650011
2044-08-21 00:00:00+00:00,0.0,20.669132
2044-08-22 00:00:00+00:00,4.7364483,16.251835
2044-08-23 00:00:00+00:00,3.1061502,16.684893
2044-08-24 00:00:00+00:00,0.5391163,18.11208
2044-08-25 00:00:00+00:00,0.06725702,16.243736
2044-08-26 00:00:00+00:00,0.0,15.351984
2044-08-27 00:00:00+00:00,0.0,16.46466
2044-08-28 00:00:00+00:00,0.7356398,20.976458
2044-08-29 00:00:00+00:00,0.0,22.485504
2044-08-30 00:00:00+00:00,0.0,22.987244
2044-08-31 00:00:00+00:00,4.323743,28.334478
2044-09-01 00:00:00+00:00,3.5194597,25.754839
2044-09-02 00:00:00+00:00,0.66377896,21.931288
2044-09-03 00:00:00+00:00,0.13270037,18.454235
2044-09-04 00:00:00+00:00,0.06632172,20.547976
2044-09-05 00:00:00+00:00,0.3977549,13.237247
2044-09-06 00:00:00+00:00,11.794712,10.801224
2044-09-07 00:00:00+00:00,12.186602,14.288696
2044-09-08 00:00:00+00:00,0.06619976,20.217827
2044-09-09 00:00:00+00:00,0.13233413,17.78175
2044-09-10 00:00:00+00:00,0.0,12.205917
2044-09-11 00:00:00+00:00,8.658935,11.859863
2044-09-12 00:00:00+00:00,17.374575,12.56035
2044-09-13 00:00:00+00:00,11.620614,16.750942
2044-09-14 00:00:00+00:00,0.0,13.613242
2044-09-15 00:00:00+00:00,0.1318982,16.758585
2044-09-16 00:00:00+00:00,5.074968,17.460854
2044-09-17 00:00:00+00:00,17.520605,13.622592
2044-09-18 00:00:00+00:00,0.26329523,13.276343
2044-09-19 00:00:00+00:00,0.0,13.279403
2044-09-20 00:00:00+00:00,2.5635905,12.583389
2044-09-21 00:00:00+00:00,1.1166508,15.732877
2044-09-22 00:00:00+00:00,1.6408974,17.48503
2044-09-23 00:00:00+00:00,1.574032,15.3904
2044-09-24 00:00:00+00:00,2.4246664,12.595078
2044-09-25 00:00:00+00:00,0.3928583,13.647853
2044-09-26 00:00:00+00:00,0.0,16.451258
2044-09-27 00:00:00+00:00,0.0,15.754897
2044-09-28 00:00:00+00:00,0.0,18.91032
2044-09-29 00:00:00+00:00,0.0,19.61532
2044-09-30 00:00:00+00:00,0.0,16.466742
2044-10-01 00:00:00+00:00,6.314351,16.120197
2044-10-02 00:00:00+00:00,5.07183,10.866186
2044-10-03 00:00:00+00:00,11.041037,9.466346
2044-10-04 00:00:00+00:00,5.384014,10.520667
2044-10-05 00:00:00+00:00,20.730976,8.067769
2044-10-06 00:00:00+00:00,8.345915,15.437682
2044-10-07 00:00:00+00:00,6.9127855,21.407375
2044-10-08 00:00:00+00:00,4.709184,19.657393
2044-10-09 00:00:00+00:00,26.858282,20.715452
2044-10-10 00:00:00+00:00,0.3858122,9.131046
2044-10-11 00:00:00+00:00,0.6418997,5.2691855
2044-10-12 00:00:00+00:00,0.19221513,9.838197
2044-10-13 00:00:00+00:00,1.0870942,15.1123295
2044-10-14 00:00:00+00:00,5.4880366,9.139912
2044-10-15 00:00:00+00:00,4.7755537,16.174557
2044-10-16 00:00:00+00:00,11.116872,13.36486
2044-10-17 00:00:00+00:00,12.609897,9.850205
2044-10-18 00:00:00+00:00,11.249085,7.741348
2044-10-19 00:00:00+00:00,6.490679,6.33539
2044-10-20 00:00:00+00:00,6.407904,10.561588
2044-10-21 00:00:00+00:00,4.633479,8.803501
2044-10-22 00:00:00+00:00,4.6792994,6.6923184
2044-10-23 00:00:00+00:00,0.0,5.6370373
2044-10-24 00:00:00+00:00,0.0,8.457662
2044-10-25 00:00:00+00:00,0.0,11.279696
2044-10-26 00:00:00+00:00,0.0,13.045411
2044-10-27 00:00:00+00:00,0.0,15.870018
2044-10-28 00:00:00+00:00,0.60579115,15.168497
2044-10-29 00:00:00+00:00,0.0,17.995071
2044-10-30 00:00:00+00:00,0.0,8.823341
2044-10-31 00:00:00+00:00,2.4862578,15.53301
2044-11-01 00:00:00+00:00,1.7610197,13.760006
2044-11-02 00:00:00+00:00,0.11745969,10.5179205
2044-11-03 00:00:00+00:00,0.82264006,14.284883
2044-11-04 00:00:00+00:00,0.0,8.31031
2044-11-05 00:00:00+00:00,0.0,12.733546
2044-11-06 00:00:00+00:00,0.0,13.340799
2044-11-07 00:00:00+00:00,0.0,9.18075
2044-11-08 00:00:00+00:00,0.0,10.478526
2044-11-09 00:00:00+00:00,0.0,9.745123
2044-11-10 00:00:00+00:00,0.0,6.0136566
2044-11-11 00:00:00+00:00,0.0,10.629641
2044-11-12 00:00:00+00:00,0.0,15.523663
2044-11-13 00:00:00+00:00,0.0,15.436424
2044-11-14 00:00:00+00:00,0.0,14.044112
2044-11-15 00:00:00+00:00,0.0,10.718665
2044-11-16 00:00:00+00:00,0.0,9.69109
2044-11-17 00:00:00+00:00,0.0,8.353578
2044-11-18 00:00:00+00:00,0.0,11.824196
2044-11-19 00:00:00+00:00,0.0,13.986716
2044-11-20 00:00:00+00:00,0.0,14.229542
2044-11-21 00:00:00+00:00,0.0,12.268178
2044-11-22 00:00:00+00:00,0.0,11.579125
2044-11-23 00:00:00+00:00,0.0,12.454138
2044-11-24 00:00:00+00:00,0.0,13.320564
2044-11-25 00:00:00+00:00,0.0,12.020974
2044-11-26 00:00:00+00:00,0.0,12.88147
2044-11-27 00:00:00+00:00,0.0,15.870129
2044-11-28 00:00:00+00:00,0.0,16.400286
2044-11-29 00:00:00+00:00,0.0,15.716679
2044-11-30 00:00:00+00:00,0.0,15.340742
2044-12-01 00:00:00+00:00,0.0,13.771191
2044-12-02 00:00:00+00:00,0.0,16.686203
2044-12-03 00:00:00+00:00,0.0,16.015385
2044-12-04 00:00:00+00:00,0.0,16.531929
2044-12-05 00:00:00+00:00,0.0,16.162472
2044-12-06 00:00:00+00:00,0.0,16.08921
2044-12-07 00:00:00+00:00,0.0,18.637863
2044-12-08 00:00:00+00:00,0.0,17.395159
2044-12-09 00:00:00+00:00,0.0,19.338804
2044-12-10 00:00:00+00:00,0.0,21.840498
2044-12-11 00:00:00+00:00,0.0,16.595383
2044-12-12 00:00:00+00:00,0.0,19.657787
2044-12-13 00:00:00+00:00,0.0,21.559624
2044-12-14 00:00:00+00:00,0.0,23.445702
2044-12-15 00:00:00+00:00,0.0,25.316317
2044-12-16 00:00:00+00:00,0.0,23.530186
2044-12-17 00:00:00+00:00,0.0,21.201307
2044-12-18 00:00:00+00:00,0.0,16.947145
2044-12-19 00:00:00+00:00,0.0,15.2181425
2044-12-20 00:00:00+00:00,0.0,14.330087
2044-12-21 00:00:00+00:00,0.0,12.900426
2044-12-22 00:00:00+00:00,0.0,13.396056
2044-12-23 00:00:00+00:00,0.0,14.160307
2044-12-24 00:00:00+00:00,0.0,15.4613085
2044-12-25 00:00:00+00:00,0.0,14.05045
2044-12-26 00:00:00+00:00,0.0,13.727323
2044-12-27 00:00:00+00:00,0.0,12.870599
2044-12-28 00:00:00+00:00,0.0,12.821934
2044-12-29 00:00:00+00:00,0.0,21.023594
2044-12-30 00:00:00+00:00,0.0,14.317057
2044-12-31 00:00:00+00:00,0.0,15.584922
2045-01-01 00:00:00+00:00,0.0,14.48525
2045-01-02 00:00:00+00:00,0.0,11.315275
2045-01-03 00:00:00+00:00,0.0,9.202356
2045-01-04 00:00:00+00:00,0.0,9.720041
2045-01-05 00:00:00+00:00,0.0,7.6120334
2045-01-06 00:00:00+00:00,0.0,16.522684
2045-01-07 00:00:00+00:00,0.0,13.626417
2045-01-08 00:00:00+00:00,0.0,7.8548684
2045-01-09 00:00:00+00:00,0.0,11.772547
2045-01-10 00:00:00+00:00,0.0,13.592598
2045-01-11 00:00:00+00:00,0.0,13.320224
2045-01-12 00:00:00+00:00,0.0,19.311512
2045-01-13 00:00:00+00:00,0.0,19.817198
2045-01-14 00:00:00+00:00,0.0,15.1112995
2045-01-15 00:00:00+00:00,0.0,12.235384
2045-01-16 00:00:00+00:00,0.0,13.526024
2045-01-17 00:00:00+00:00,0.0,13.515064
2045-01-18 00:00:00+00:00,0.0,16.101091
2045-01-19 00:00:00+00:00,0.0,15.309657
2045-01-20 00:00:00+00:00,0.0,15.556626
2045-01-21 00:00:00+00:00,0.0,13.989739
2045-01-22 00:00:00+00:00,0.0,8.283587
2045-01-23 00:00:00+00:00,0.0,14.226062
2045-01-24 00:00:00+00:00,0.0,13.9563
2045-01-25 00:00:00+00:00,0.0,10.846288
2045-01-26 00:00:00+00:00,0.0,14.450274
2045-01-27 00:00:00+00:00,0.0,15.985895
2045-01-28 00:00:00+00:00,0.0,18.29202
2045-01-29 00:00:00+00:00,0.0,14.416183
2045-01-30 00:00:00+00:00,0.0,11.832594
2045-01-31 00:00:00+00:00,0.0,14.393652
2045-02-01 00:00:00+00:00,0.0,15.15293
2045-02-02 00:00:00+00:00,0.0,14.884531
2045-02-03 00:00:00+00:00,0.0,13.847275
2045-02-04 00:00:00+00:00,0.0,13.32411
2045-02-05 00:00:00+00:00,0.0,13.825912
2045-02-06 00:00:00+00:00,0.0,13.303606
2045-02-07 00:00:00+00:00,0.0,13.293409
2045-02-08 00:00:00+00:00,0.0,18.392181
2045-02-09 00:00:00+00:00,0.0,16.846643
2045-02-10 00:00:00+00:00,0.0,19.639465
2045-02-11 00:00:00+00:00,0.0,17.330784
2045-02-12 00:00:00+00:00,0.0,13.752265
2045-02-13 00:00:00+00:00,0.0,17.050114
2045-02-14 00:00:00+00:00,0.0,13.985824
2045-02-15 00:00:00+00:00,0.0,18.549063
2045-02-16 00:00:00+00:00,0.0,17.51954
2045-02-17 00:00:00+00:00,0.0,14.7155695
2045-02-18 00:00:00+00:00,0.0,16.732824
2045-02-19 00:00:00+00:00,0.0,15.960367
2045-02-20 00:00:00+00:00,0.0,15.948535
2045-02-21 00:00:00+00:00,0.0,13.154133
2045-02-22 00:00:00+00:00,0.0,9.099989
2045-02-23 00:00:00+00:00,0.0,11.871801
2045-02-24 00:00:00+00:00,0.0,13.377524
2045-02-25 00:00:00+00:00,0.0,15.637723
2045-02-26 00:00:00+00:00,0.0,19.406862
2045-02-27 00:00:00+00:00,0.0,17.126043
2045-02-28 00:00:00+00:00,0.0,19.126966
2045-03-01 00:00:00+00:00,0.0,18.358639
2045-03-02 00:00:00+00:00,0.0,21.361046
2045-03-03 00:00:00+00:00,0.0,22.357983
2045-03-04 00:00:00+00:00,0.0,21.106436
2045-03-05 00:00:00+00:00,0.0,20.859636
2045-03-06 00:00:00+00:00,0.0,15.836606
2045-03-07 00:00:00+00:00,0.0,13.074276
2045-03-08 00:00:00+00:00,0.0,19.364124
2045-03-09 00:00:00+00:00,0.0,18.110577
2045-03-10 00:00:00+00:00,0.0,16.6049
2045-03-11 00:00:00+00:00,0.0,18.36994
2045-03-12 00:00:00+00:00,0.0,14.598402
2045-03-13 00:00:00+00:00,0.0,16.867258
2045-03-14 00:00:00+00:00,0.0,14.6046095
2045-03-15 00:00:00+00:00,0.0,19.392996
2045-03-16 00:00:00+00:00,0.0,19.1452
2045-03-17 00:00:00+00:00,0.0,17.637474
2045-03-18 00:00:00+00:00,0.0,14.112969
2045-03-19 00:00:00+00:00,0.0,13.359745
2045-03-20 00:00:00+00:00,0.0,15.379561
2045-03-21 00:00:00+00:00,0.0,19.417645
2045-03-22 00:00:00+00:00,0.0,12.359293
2045-03-23 00:00:00+00:00,0.0,13.371036
2045-03-24 00:00:00+00:00,0.0,11.355159
2045-03-25 00:00:00+00:00,0.0,14.1338415
2045-03-26 00:00:00+00:00,0.0,17.92346
2045-03-27 00:00:00+00:00,0.0,16.412252
2045-03-28 00:00:00+00:00,0.0,15.152954
2045-03-29 00:00:00+00:00,0.0,14.903534
2045-03-30 00:00:00+00:00,0.0,12.885419
2045-03-31 00:00:00+00:00,0.0,11.877285
2045-04-01 00:00:00+00:00,0.0,10.110445
2045-04-02 00:00:00+00:00,0.0,10.112561
2045-04-03 00:00:00+00:00,0.0,12.643344
2045-04-04 00:00:00+00:00,0.0,12.898905
2045-04-05 00:00:00+00:00,0.0,11.383762
2045-04-06 00:00:00+00:00,0.0,13.916389
2045-04-07 00:00:00+00:00,0.0,15.184681
2045-04-08 00:00:00+00:00,0.0,17.466017
2045-04-09 00:00:00+00:00,0.0,10.633699
2045-04-10 00:00:00+00:00,0.0,16.460339
2045-04-11 00:00:00+00:00,0.0,17.476913
2045-04-12 00:00:00+00:00,0.0,14.187104
2045-04-13 00:00:00+00:00,0.0,12.416292
2045-04-14 00:00:00+00:00,0.0,12.16542
2045-04-15 00:00:00+00:00,0.0,14.956421
2045-04-16 00:00:00+00:00,0.0,16.480822
2045-04-17 00:00:00+00:00,0.0,19.273869
2045-04-18 00:00:00+00:00,0.0,21.814407
2045-04-19 00:00:00+00:00,0.0,8.626081
2045-04-20 00:00:00+00:00,0.0,13.449311
2045-04-21 00:00:00+00:00,0.0,9.898703
2045-04-22 00:00:00+00:00,0.0,12.947121
2045-04-23 00:00:00+00:00,0.0,22.090809
2045-04-24 00:00:00+00:00,0.0,22.603289
2045-04-25 00:00:00+00:00,0.0,18.797606
2045-04-26 00:00:00+00:00,0.0,19.30961
2045-04-27 00:00:00+00:00,0.0,14.485178
2045-04-28 00:00:00+00:00,0.0,16.77575
2045-04-29 00:00:00+00:00,0.0,13.474191
2045-04-30 00:00:00+00:00,0.0,13.476948
2045-05-01 00:00:00+00:00,0.0,13.479702
2045-05-02 00:00:00+00:00,0.0,15.008771
2045-05-03 00:00:00+00:00,0.0,14.24553
2045-05-04 00:00:00+00:00,0.0,13.733795
2045-05-05 00:00:00+00:00,0.0,12.968008
2045-05-06 00:00:00+00:00,0.0,11.439886
2045-05-07 00:00:00+00:00,0.0,14.741558
2045-05-08 00:00:00+00:00,0.0,15.500697
2045-05-09 00:00:00+00:00,0.0,16.005453
2045-05-10 00:00:00+00:00,0.0,12.699988
2045-05-11 00:00:00+00:00,0.0,14.474848
2045-05-12 00:00:00+00:00,0.0,19.295614
2045-05-13 00:00:00+00:00,0.0,13.453232
2045-05-14 00:00:00+00:00,0.0,13.70409
2045-05-15 00:00:00+00:00,0.0,14.716011
2045-05-16 00:00:00+00:00,0.0,14.966484
2045-05-17 00:00:00+00:00,0.0,11.666245
2045-05-18 00:00:00+00:00,0.0,17.242
2045-05-19 00:00:00+00:00,0.0,19.012772
2045-05-20 00:00:00+00:00,0.0,16.2207
2045-05-21 00:00:00+00:00,0.0,13.936625
2045-05-22 00:00:00+00:00,0.0,17.226978
2045-05-23 00:00:00+00:00,0.0,17.729784
2045-05-24 00:00:00+00:00,0.0,12.15491
2045-05-25 00:00:00+00:00,0.0,13.924457
2045-05-26 00:00:00+00:00,0.0,14.680764
2045-05-27 00:00:00+00:00,0.0,14.424491
2045-05-28 00:00:00+00:00,0.0,17.457403
2045-05-29 00:00:00+00:00,0.0,18.718332
2045-05-30 00:00:00+00:00,0.0,14.162118
2045-05-31 00:00:00+00:00,0.0,11.377777
2045-06-01 00:00:00+00:00,0.0,15.925395
2045-06-02 00:00:00+00:00,0.0,21.229197
2045-06-03 00:00:00+00:00,0.0,18.950476
2045-06-04 00:00:00+00:00,0.0,17.935843
2045-06-05 00:00:00+00:00,0.0,20.204952
2045-06-06 00:00:00+00:00,0.0,20.200502
2045-06-07 00:00:00+00:00,0.0,19.691156
2045-06-08 00:00:00+00:00,0.0,17.41526
2045-06-09 00:00:00+00:00,0.51730734,14.635687
2045-06-10 00:00:00+00:00,0.0,10.848203
2045-06-11 00:00:00+00:00,0.0,12.106949
2045-06-12 00:00:00+00:00,0.0,13.617308
2045-06-13 00:00:00+00:00,0.0,13.362182
2045-06-14 00:00:00+00:00,0.0,17.896322
2045-06-15 00:00:00+00:00,0.0,17.640356
2045-06-16 00:00:00+00:00,0.0,20.407896
2045-06-17 00:00:00+00:00,0.0,17.884438
2045-06-18 00:00:00+00:00,0.0,14.6065855
2045-06-19 00:00:00+00:00,0.0,14.855127
2045-06-20 00:00:00+00:00,0.0,14.348377
2045-06-21 00:00:00+00:00,0.0,17.365232
2045-06-22 00:00:00+00:00,0.0,16.858145
2045-06-23 00:00:00+00:00,7.987904,17.357512
2045-06-24 00:00:00+00:00,0.0,16.850645
2045-06-25 00:00:00+00:00,0.0,15.84111
2045-06-26 00:00:00+00:00,0.0,18.351482
2045-06-27 00:00:00+00:00,0.0,21.112068
2045-06-28 00:00:00+00:00,0.0,20.353527
2045-06-29 00:00:00+00:00,0.0,17.334318
2045-06-30 00:00:00+00:00,0.0,14.316457
2045-07-01 00:00:00+00:00,0.0,19.837673
2045-07-02 00:00:00+00:00,0.0,19.582188
2045-07-03 00:00:00+00:00,0.0,19.37819
2045-07-04 00:00:00+00:00,11.0721035,15.161184
2045-07-05 00:00:00+00:00,0.24765584,12.178587
2045-07-06 00:00:00+00:00,0.0,14.776513
2045-07-07 00:00:00+00:00,0.0,16.628775
2045-07-08 00:00:00+00:00,0.0,16.69853
2045-07-09 00:00:00+00:00,0.72072,12.641369
2045-07-10 00:00:00+00:00,0.0,15.80434
2045-07-11 00:00:00+00:00,0.0,15.872317
2045-07-12 00:00:00+00:00,0.0,14.895848
2045-07-13 00:00:00+00:00,0.0,14.961017
2045-07-14 00:00:00+00:00,0.0,17.399717
2045-07-15 00:00:00+00:00,0.0,17.741959
2045-07-16 00:00:00+00:00,0.0,20.747538
2045-07-17 00:00:00+00:00,0.0,20.30709
2045-07-18 00:00:00+00:00,0.075879075,16.64198
2045-07-19 00:00:00+00:00,5.5113926,14.291769
2045-07-20 00:00:00+00:00,0.1502636,19.50549
2045-07-21 00:00:00+00:00,0.0,19.59698
2045-07-22 00:00:00+00:00,7.666997,18.32238
2045-07-23 00:00:00+00:00,16.822361,12.914389
2045-07-24 00:00:00+00:00,15.495672,11.04393
2045-07-25 00:00:00+00:00,3.453612,10.542749
2045-07-26 00:00:00+00:00,9.440657,9.758077
2045-07-27 00:00:00+00:00,0.58316195,14.009149
2045-07-28 00:00:00+00:00,0.0,15.768673
2045-07-29 00:00:00+00:00,2.025685,13.018188
2045-07-30 00:00:00+00:00,7.857143,12.800039
2045-07-31 00:00:00+00:00,17.5983,12.865841
2045-08-01 00:00:00+00:00,5.153996,9.483914
2045-08-02 00:00:00+00:00,6.99171,8.666913
2045-08-03 00:00:00+00:00,4.9778132,9.293612
2045-08-04 00:00:00+00:00,0.0,12.5549965
2045-08-05 00:00:00+00:00,0.14133301,15.55822
2045-08-06 00:00:00+00:00,0.0,16.233255
2045-08-07 00:00:00+00:00,10.326121,15.432223
2045-08-08 00:00:00+00:00,6.023772,11.936882
2045-08-09 00:00:00+00:00,4.959162,11.70376
2045-08-10 00:00:00+00:00,6.617322,12.373679
2045-08-11 00:00:00+00:00,9.100523,11.533941
2045-08-12 00:00:00+00:00,24.458677,14.653444
2045-08-13 00:00:00+00:00,0.06911102,15.3531885
2045-08-14 00:00:00+00:00,10.133948,12.97281
2045-08-15 00:00:00+00:00,6.670698,10.564439
2045-08-16 00:00:00+00:00,11.868811,10.940709
2045-08-17 00:00:00+00:00,3.0116043,10.692856
2045-08-18 00:00:00+00:00,13.111504,10.125818
2045-08-19 00:00:00+00:00,4.4288573,8.59682
2045-08-20 00:00:00+00:00,0.0,14.738552
2045-08-21 00:00:00+00:00,0.13568237,11.285413
2045-08-22 00:00:00+00:00,7.853046,15.252106
2045-08-23 00:00:00+00:00,0.0,22.210283
2045-08-24 00:00:00+00:00,0.0,21.369923
2045-08-25 00:00:00+00:00,0.3364494,20.188107
2045-08-26 00:00:00+00:00,0.0,15.326119
2045-08-27 00:00:00+00:00,15.55142,14.42396
2045-08-28 00:00:00+00:00,8.697927,12.496632
2045-08-29 00:00:00+00:00,10.618804,11.903342
2045-08-30 00:00:00+00:00,28.332737,11.644593
2045-08-31 00:00:00+00:00,0.6654805,15.176733
2045-09-01 00:00:00+00:00,9.566385,15.980857
2045-09-02 00:00:00+00:00,8.6300125,9.746696
2045-09-03 00:00:00+00:00,2.3225014,7.6598225
2045-09-04 00:00:00+00:00,3.2501168,10.795792
2045-09-05 00:00:00+00:00,3.8453925,11.843189
2045-09-06 00:00:00+00:00,0.5964302,14.981504
2045-09-07 00:00:00+00:00,9.339747,11.848498
2045-09-08 00:00:00+00:00,6.55457,8.714089
2045-09-09 00:00:00+00:00,1.7205584,10.110622
2045-09-10 00:00:00+00:00,3.3732374,11.507787
2045-09-11 00:00:00+00:00,5.685245,14.649589
2045-09-12 00:00:00+00:00,11.826898,12.908516
2045-09-13 00:00:00+00:00,12.612784,9.07291
2045-09-14 00:00:00+00:00,6.0718026,10.12209
2045-09-15 00:00:00+00:00,2.5064423,10.473517
2045-09-16 00:00:00+00:00,3.2300265,12.571095
2045-09-17 00:00:00+00:00,5.0725675,13.621808
2045-09-18 00:00:00+00:00,6.9126453,7.6858616
2045-09-19 00:00:00+00:00,0.0,7.3381934
2045-09-20 00:00:00+00:00,0.26297906,14.330255
2045-09-21 00:00:00+00:00,0.26278973,13.98397
2045-09-22 00:00:00+00:00,0.8534293,11.539449
2045-09-23 00:00:00+00:00,3.9358585,10.842606
2045-09-24 00:00:00+00:00,4.129334,8.746072
2045-09-25 00:00:00+00:00,4.518835,11.197584
2045-09-26 00:00:00+00:00,1.4395403,8.750157
2045-09-27 00:00:00+00:00,0.13074946,16.104063
2045-09-28 00:00:00+00:00,3.8534944,14.006823
2045-09-29 00:00:00+00:00,5.024229,7.3553114
2045-09-30 00:00:00+00:00,2.4769669,6.656376
2045-10-01 00:00:00+00:00,2.799909,7.709204
2045-10-02 00:00:00+00:00,0.0,9.814038
2045-10-03 00:00:00+00:00,0.0,11.218707
2045-10-04 00:00:00+00:00,0.0,10.5200405
2045-10-05 00:00:00+00:00,1.6201375,8.768791
2045-10-06 00:00:00+00:00,1.1002268,8.770886
2045-10-07 00:00:00+00:00,1.2279468,11.229424
2045-10-08 00:00:00+00:00,2.6458874,9.828105
2045-10-09 00:00:00+00:00,0.57990676,9.4793825
2045-10-10 00:00:00+00:00,0.19298738,9.83284
2045-10-11 00:00:00+00:00,0.0,9.132701
2045-10-12 00:00:00+00:00,0.4487132,9.4862585
2045-10-13 00:00:00+00:00,0.06397863,8.434275
2045-10-14 00:00:00+00:00,2.9370162,11.248437
2045-10-15 00:00:00+00:00,0.19112977,9.844782
2045-10-16 00:00:00+00:00,0.0,6.682022
2045-10-17 00:00:00+00:00,0.0,10.201373
2045-10-18 00:00:00+00:00,1.3280497,10.203877
2045-10-19 00:00:00+00:00,0.0,7.0388885
2045-10-20 00:00:00+00:00,0.1257446,11.264998
2045-10-21 00:00:00+00:00,0.0,9.859311
2045-10-22 00:00:00+00:00,0.0,9.509548
2045-10-23 00:00:00+00:00,0.0,9.8642025
2045-10-24 00:00:00+00:00,0.061954517,5.285709
2045-10-25 00:00:00+00:00,0.0,8.811713
2045-10-26 00:00:00+00:00,0.0,5.993463
2045-10-27 00:00:00+00:00,0.0,9.168769
2045-10-28 00:00:00+00:00,0.0,8.465605
2045-10-29 00:00:00+00:00,0.0,7.0564466
2045-10-30 00:00:00+00:00,0.059827592,8.469873
2045-10-31 00:00:00+00:00,0.0,8.825014
2045-11-01 00:00:00+00:00,0.0,10.945791
2045-11-02 00:00:00+00:00,0.0,5.9695435
2045-11-03 00:00:00+00:00,0.0,5.583275
2045-11-04 00:00:00+00:00,0.0,15.605852
2045-11-05 00:00:00+00:00,0.0,17.92309
2045-11-06 00:00:00+00:00,0.0,17.129404
2045-11-07 00:00:00+00:00,0.0,16.005175
2045-11-08 00:00:00+00:00,0.0,10.494015
2045-11-09 00:00:00+00:00,0.0,8.749787
2045-11-10 00:00:00+00:00,0.0,6.3569393
2045-11-11 00:00:00+00:00,0.0,10.3122225
2045-11-12 00:00:00+00:00,0.0,11.245816
2045-11-13 00:00:00+00:00,0.0,18.747065
2045-11-14 00:00:00+00:00,0.0,15.044825
2045-11-15 00:00:00+00:00,0.0,13.985976
2045-11-16 00:00:00+00:00,0.0,12.93907
2045-11-17 00:00:00+00:00,0.0,11.260381
2045-11-18 00:00:00+00:00,0.0,13.440003
2045-11-19 00:00:00+00:00,0.0,14.641834
2045-11-20 00:00:00+00:00,0.0,13.931575
2045-11-21 00:00:00+00:00,0.0,17.323748
2045-11-22 00:00:00+00:00,0.0,17.861061
2045-11-23 00:00:00+00:00,0.0,18.393265
2045-11-24 00:00:00+00:00,0.0,14.267896
2045-11-25 00:00:00+00:00,0.0,10.492932
2045-11-26 00:00:00+00:00,0.0,9.519535
2045-11-27 00:00:00+00:00,0.0,11.917212
2045-11-28 00:00:00+00:00,0.0,13.683532
2045-11-29 00:00:00+00:00,0.0,16.038233
2045-11-30 00:00:00+00:00,0.0,15.961389
2045-12-01 00:00:00+00:00,0.0,11.989125
2045-12-02 00:00:00+00:00,0.0,12.827657
2045-12-03 00:00:00+00:00,0.0,14.549379
2045-12-04 00:00:00+00:00,0.0,13.595452
2045-12-05 00:00:00+00:00,0.0,12.356353
2045-12-06 00:00:00+00:00,0.0,14.0574
2045-12-07 00:00:00+00:00,0.0,11.953289
2045-12-08 00:00:00+00:00,0.0,13.060894
2045-12-09 00:00:00+00:00,0.0,13.869957
2045-12-10 00:00:00+00:00,0.0,13.233713
2045-12-11 00:00:00+00:00,0.0,12.603259
2045-12-12 00:00:00+00:00,0.0,15.400906
2045-12-13 00:00:00+00:00,0.0,13.631129
2045-12-14 00:00:00+00:00,0.0,15.83552
2045-12-15 00:00:00+00:00,0.0,14.64255
2045-12-16 00:00:00+00:00,0.0,12.898984
2045-12-17 00:00:00+00:00,0.0,12.007853
2045-12-18 00:00:00+00:00,0.0,12.236681
2045-12-19 00:00:00+00:00,0.0,9.971077
2045-12-20 00:00:00+00:00,0.0,13.241091
2045-12-21 00:00:00+00:00,0.0,14.836569
2045-12-22 00:00:00+00:00,0.0,19.7035
2045-12-23 00:00:00+00:00,0.0,16.354872
2045-12-24 00:00:00+00:00,0.0,14.390323
2045-12-25 00:00:00+00:00,0.0,10.818494
2045-12-26 00:00:00+00:00,0.0,12.39339
2045-12-27 00:00:00+00:00,0.0,14.224818
2045-12-28 00:00:00+00:00,0.0,17.646814
2045-12-29 00:00:00+00:00,0.0,15.715885
2045-12-30 00:00:00+00:00,0.0,15.922638
2045-12-31 00:00:00+00:00,0.0,19.036444
2046-01-01 00:00:00+00:00,0.0,17.122553
2046-01-02 00:00:00+00:00,0.0,16.581688
2046-01-03 00:00:00+00:00,0.0,14.200908
2046-01-04 00:00:00+00:00,0.0,15.765535
2046-01-05 00:00:00+00:00,0.0,20.478025
2046-01-06 00:00:00+00:00,0.0,20.460924
2046-01-07 00:00:00+00:00,0.0,19.919676
2046-01-08 00:00:00+00:00,0.0,17.284296
2046-01-09 00:00:00+00:00,0.0,17.269976
2046-01-10 00:00:00+00:00,0.0,19.085854
2046-01-11 00:00:00+00:00,0.0,15.935309
2046-01-12 00:00:00+00:00,0.0,15.922214
2046-01-13 00:00:00+00:00,0.0,14.86594
2046-01-14 00:00:00+00:00,0.0,12.247861
2046-01-15 00:00:00+00:00,0.0,13.539779
2046-01-16 00:00:00+00:00,0.0,15.61012
2046-01-17 00:00:00+00:00,0.0,16.897251
2046-01-18 00:00:00+00:00,0.0,18.182323
2046-01-19 00:00:00+00:00,0.0,17.129505
2046-01-20 00:00:00+00:00,0.0,15.300424
2046-01-21 00:00:00+00:00,0.0,15.029029
2046-01-22 00:00:00+00:00,0.0,9.320897
2046-01-23 00:00:00+00:00,0.0,9.572167
2046-01-24 00:00:00+00:00,0.0,8.272042
2046-01-25 00:00:00+00:00,0.0,7.490588
2046-01-26 00:00:00+00:00,0.0,12.130306
2046-01-27 00:00:00+00:00,0.0,12.894394
2046-01-28 00:00:00+00:00,0.0,19.32636
2046-01-29 00:00:00+00:00,0.0,18.281248
2046-01-30 00:00:00+00:00,0.0,16.980524
2046-01-31 00:00:00+00:00,0.0,16.967257
2046-02-01 00:00:00+00:00,0.0,12.330207
2046-02-02 00:00:00+00:00,0.0,10.780544
2046-02-03 00:00:00+00:00,0.0,12.5675535
2046-02-04 00:00:00+00:00,0.0,16.145788
2046-02-05 00:00:00+00:00,0.23859265,13.316406
2046-02-06 00:00:00+00:00,0.0,8.956072
2046-02-07 00:00:00+00:00,0.0,10.994732
2046-02-08 00:00:00+00:00,0.0,17.884705
2046-02-09 00:00:00+00:00,0.0,17.105154
2046-02-10 00:00:00+00:00,0.0,13.010429
2046-02-11 00:00:00+00:00,0.0,17.588982
2046-02-12 00:00:00+00:00,0.0,20.377579
2046-02-13 00:00:00+00:00,0.0,19.089548
2046-02-14 00:00:00+00:00,0.0,12.462442
2046-02-15 00:00:00+00:00,0.0,16.519388
2046-02-16 00:00:00+00:00,0.0,9.904203
2046-02-17 00:00:00+00:00,0.0,9.135506
2046-02-18 00:00:00+00:00,0.0,11.918017
2046-02-19 00:00:00+00:00,0.0,11.402382
2046-02-20 00:00:00+00:00,0.0,12.659913
2046-02-21 00:00:00+00:00,0.0,19.734848
2046-02-22 00:00:00+00:00,0.0,18.961805
2046-02-23 00:00:00+00:00,0.0,18.44257
2046-02-24 00:00:00+00:00,0.0,21.710909
2046-02-25 00:00:00+00:00,0.0,14.6315155
2046-02-26 00:00:00+00:00,0.0,18.149986
2046-02-27 00:00:00+00:00,0.0,19.900055
2046-02-28 00:00:00+00:00,0.0,13.340965
2046-03-01 00:00:00+00:00,0.0,13.834356
2046-03-02 00:00:00+00:00,0.0,18.600035
2046-03-03 00:00:00+00:00,0.0,24.36638
2046-03-04 00:00:00+00:00,0.0,14.572713
2046-03-05 00:00:00+00:00,0.0,15.832372
2046-03-06 00:00:00+00:00,0.0,15.081674
2046-03-07 00:00:00+00:00,0.0,18.856123
2046-03-08 00:00:00+00:00,0.0,8.801404
2046-03-09 00:00:00+00:00,0.0,11.066985
2046-03-10 00:00:00+00:00,0.0,16.100863
2046-03-11 00:00:00+00:00,0.0,17.865702
2046-03-12 00:00:00+00:00,0.0,17.617823
2046-03-13 00:00:00+00:00,0.0,14.852467
2046-03-14 00:00:00+00:00,0.0,15.610995
2046-03-15 00:00:00+00:00,0.0,15.110624
2046-03-16 00:00:00+00:00,0.0,12.846755
2046-03-17 00:00:00+00:00,0.0,8.314369
2046-03-18 00:00:00+00:00,0.0,14.616229
2046-03-19 00:00:00+00:00,0.0,20.668703
2046-03-20 00:00:00+00:00,0.0,22.437843
2046-03-21 00:00:00+00:00,0.0,25.468557
2046-03-22 00:00:00+00:00,0.0,25.221718
2046-03-23 00:00:00+00:00,0.0,8.072652
2046-03-24 00:00:00+00:00,0.0,16.90568
2046-03-25 00:00:00+00:00,0.0,13.1235895
2046-03-26 00:00:00+00:00,0.0,14.893361
2046-03-27 00:00:00+00:00,0.0,11.866698
2046-03-28 00:00:00+00:00,0.0,9.343831
2046-03-29 00:00:00+00:00,0.0,11.366506
2046-03-30 00:00:00+00:00,0.0,19.706078
2046-03-31 00:00:00+00:00,0.0,20.973682
2046-04-01 00:00:00+00:00,0.0,17.439606
2046-04-02 00:00:00+00:00,0.0,15.926451
2046-04-03 00:00:00+00:00,0.0,11.884123
2046-04-04 00:00:00+00:00,0.0,12.392419
2046-04-05 00:00:00+00:00,0.0,9.612454
2046-04-06 00:00:00+00:00,0.0,18.722895
2046-04-07 00:00:00+00:00,0.0,17.714537
2046-04-08 00:00:00+00:00,0.0,13.921463
2046-04-09 00:00:00+00:00,0.0,15.696551
2046-04-10 00:00:00+00:00,0.0,13.927256
2046-04-11 00:00:00+00:00,0.0,11.650671
2046-04-12 00:00:00+00:00,0.0,12.159746
2046-04-13 00:00:00+00:00,0.0,14.442692
2046-04-14 00:00:00+00:00,0.0,8.616726
2046-04-15 00:00:00+00:00,0.0,8.365023
2046-04-16 00:00:00+00:00,0.0,12.423364
2046-04-17 00:00:00+00:00,0.0,17.751331
2046-04-18 00:00:00+00:00,0.0,18.769567
2046-04-19 00:00:00+00:00,0.0,23.593657
2046-04-20 00:00:00+00:00,0.0,16.23984
2046-04-21 00:00:00+00:00,0.0,18.527386
2046-04-22 00:00:00+00:00,0.0,17.261944
2046-04-23 00:00:00+00:00,0.0,9.648364
2046-04-24 00:00:00+00:00,0.0,10.666173
2046-04-25 00:00:00+00:00,0.0,17.526598
2046-04-26 00:00:00+00:00,0.0,19.054558
2046-04-27 00:00:00+00:00,0.0,13.467985
2046-04-28 00:00:00+00:00,0.0,9.404103
2046-04-29 00:00:00+00:00,0.0,11.185551
2046-04-30 00:00:00+00:00,0.0,11.696375
2046-05-01 00:00:00+00:00,0.0,13.987656
2046-05-02 00:00:00+00:00,0.0,13.736139
2046-05-03 00:00:00+00:00,0.0,19.588661
2046-05-04 00:00:00+00:00,0.0,18.058372
2046-05-05 00:00:00+00:00,0.0,19.834497
2046-05-06 00:00:00+00:00,0.0,17.033638
2046-05-07 00:00:00+00:00,0.0,14.4881735
2046-05-08 00:00:00+00:00,0.0,26.174723
2046-05-09 00:00:00+00:00,0.0,29.980085
2046-05-10 00:00:00+00:00,0.0,21.08312
2046-05-11 00:00:00+00:00,0.0,21.586473
2046-05-12 00:00:00+00:00,0.0,25.390345
2046-05-13 00:00:00+00:00,0.0,18.784779
2046-05-14 00:00:00+00:00,0.0,17.511734
2046-05-15 00:00:00+00:00,0.0,17.50793
2046-05-16 00:00:00+00:00,0.0,14.967298
2046-05-17 00:00:00+00:00,0.0,15.21767
2046-05-18 00:00:00+00:00,0.0,15.214359
2046-05-19 00:00:00+00:00,0.09193619,15.7180805
2046-05-20 00:00:00+00:00,0.0,13.686959
2046-05-21 00:00:00+00:00,0.0,12.67035
2046-05-22 00:00:00+00:00,0.0,11.400827
2046-05-23 00:00:00+00:00,0.0,16.717566
2046-05-24 00:00:00+00:00,0.0,13.67502
2046-05-25 00:00:00+00:00,0.0,18.229376
2046-05-26 00:00:00+00:00,0.0,19.744175
2046-05-27 00:00:00+00:00,0.0,16.196804
2046-05-28 00:00:00+00:00,0.0,16.44628
2046-05-29 00:00:00+00:00,0.0,16.69564
2046-05-30 00:00:00+00:00,0.0,19.72689
2046-05-31 00:00:00+00:00,0.0,20.481125
2046-06-01 00:00:00+00:00,0.0,20.476631
2046-06-02 00:00:00+00:00,0.0,20.472136
2046-06-03 00:00:00+00:00,0.0,18.446144
2046-06-04 00:00:00+00:00,0.0,18.442087
2046-06-05 00:00:00+00:00,0.0,12.376213
2046-06-06 00:00:00+00:00,0.0,20.706657
2046-06-07 00:00:00+00:00,0.0,20.449636
2046-06-08 00:00:00+00:00,0.08637389,18.930676
2046-06-09 00:00:00+00:00,0.0,15.6459055
2046-06-10 00:00:00+00:00,0.0,18.417732
2046-06-11 00:00:00+00:00,0.0,18.91815
2046-06-12 00:00:00+00:00,0.0,17.400854
2046-06-13 00:00:00+00:00,0.0,16.388489
2046-06-14 00:00:00+00:00,0.0,15.376564
2046-06-15 00:00:00+00:00,0.0,15.877201
2046-06-16 00:00:00+00:00,0.0,20.660988
2046-06-17 00:00:00+00:00,0.0,21.66404
2046-06-18 00:00:00+00:00,0.0,21.659239
2046-06-19 00:00:00+00:00,0.0,20.395456
2046-06-20 00:00:00+00:00,0.0,17.621792
2046-06-21 00:00:00+00:00,0.0,17.617878
2046-06-22 00:00:00+00:00,0.0,11.826519
2046-06-23 00:00:00+00:00,0.0,10.817602
2046-06-24 00:00:00+00:00,0.0,17.606129
2046-06-25 00:00:00+00:00,0.0,18.356596
2046-06-26 00:00:00+00:00,0.0,17.849697
2046-06-27 00:00:00+00:00,0.0,22.118639
2046-06-28 00:00:00+00:00,0.0,21.611122
2046-06-29 00:00:00+00:00,0.0,18.842705
2046-06-30 00:00:00+00:00,0.0,17.833776
2046-07-01 00:00:00+00:00,0.0,19.336533
2046-07-02 00:00:00+00:00,0.0,20.085415
2046-07-03 00:00:00+00:00,0.0,18.85585
2046-07-04 00:00:00+00:00,0.0,16.912798
2046-07-05 00:00:00+00:00,0.0,22.30455
2046-07-06 00:00:00+00:00,0.0,21.378378
2046-07-07 00:00:00+00:00,0.0,20.70045
2046-07-08 00:00:00+00:00,11.878033,15.141227
2046-07-09 00:00:00+00:00,0.0,13.401138
2046-07-10 00:00:00+00:00,0.0,18.634401
2046-07-11 00:00:00+00:00,9.496088,13.2560215
2046-07-12 00:00:00+00:00,12.186913,12.008167
2046-07-13 00:00:00+00:00,6.6417027,10.487471
2046-07-14 00:00:00+00:00,0.0,14.483764
2046-07-15 00:00:00+00:00,0.0,17.193192
2046-07-16 00:00:00+00:00,0.0,17.270203
2046-07-17 00:00:00+00:00,0.0,16.013758
2046-07-18 00:00:00+00:00,0.0,16.086744
2046-07-19 00:00:00+00:00,0.0,20.470232
2046-07-20 00:00:00+00:00,0.0,22.188757
2046-07-21 00:00:00+00:00,0.0,19.57399
2046-07-22 00:00:00+00:00,0.0,18.300694
2046-07-23 00:00:00+00:00,6.306034,16.466764
2046-07-24 00:00:00+00:00,0.0,14.064041
2046-07-25 00:00:00+00:00,0.0,16.626204
2046-07-26 00:00:00+00:00,0.0,18.656824
2046-07-27 00:00:00+00:00,0.0,22.946545
2046-07-28 00:00:00+00:00,0.0,20.248665
2046-07-29 00:00:00+00:00,0.72412694,20.633232
2046-07-30 00:00:00+00:00,0.0,10.795156
2046-07-31 00:00:00+00:00,5.9670854,17.132402
2046-08-01 00:00:00+00:00,16.263237,10.332661
2046-08-02 00:00:00+00:00,11.924328,13.271856
2046-08-03 00:00:00+00:00,3.2026086,12.76181
2046-08-04 00:00:00+00:00,0.0,21.57741
2046-08-05 00:00:00+00:00,0.0,22.572966
2046-08-06 00:00:00+00:00,0.0,18.274384
2046-08-07 00:00:00+00:00,0.0,19.263746
2046-08-08 00:00:00+00:00,0.6308443,14.602367
2046-08-09 00:00:00+00:00,1.1882317,13.185716
2046-08-10 00:00:00+00:00,0.34851688,18.38353
2046-08-11 00:00:00+00:00,1.251284,17.276144
2046-08-12 00:00:00+00:00,0.27733204,17.98548
2046-08-13 00:00:00+00:00,23.92758,14.4109125
2046-08-14 00:00:00+00:00,12.830499,12.64524
2046-08-15 00:00:00+00:00,0.55049425,12.410215
2046-08-16 00:00:00+00:00,0.06864653,12.796942
2046-08-17 00:00:00+00:00,0.0,19.783054
2046-08-18 00:00:00+00:00,0.0,22.116133
2046-08-19 00:00:00+00:00,0.0,20.028038
2046-08-20 00:00:00+00:00,12.448391,15.99497
2046-08-21 00:00:00+00:00,7.466507,13.5209675
2046-08-22 00:00:00+00:00,23.774632,17.495535
2046-08-23 00:00:00+00:00,22.711544,16.630646
2046-08-24 00:00:00+00:00,0.7420258,16.083168
2046-08-25 00:00:00+00:00,0.13464583,12.885711
2046-08-26 00:00:00+00:00,0.0,13.969906
2046-08-27 00:00:00+00:00,0.0,18.083035
2046-08-28 00:00:00+00:00,0.0,23.938814
2046-08-29 00:00:00+00:00,0.0,25.802324
2046-08-30 00:00:00+00:00,0.0,25.299543
2046-08-31 00:00:00+00:00,0.0,19.625786
2046-09-01 00:00:00+00:00,3.5889332,11.097102
2046-09-02 00:00:00+00:00,0.9958724,11.834619
2046-09-03 00:00:00+00:00,10.153712,16.71141
2046-09-04 00:00:00+00:00,12.404842,17.063364
2046-09-05 00:00:00+00:00,7.4927144,16.022242
2046-09-06 00:00:00+00:00,5.037095,11.148402
2046-09-07 00:00:00+00:00,5.631003,8.363176
2046-09-08 00:00:00+00:00,4.8999662,12.547583
2046-09-09 00:00:00+00:00,2.7135246,13.596277
2046-09-10 00:00:00+00:00,2.9106154,13.948046
2046-09-11 00:00:00+00:00,10.578591,14.299978
2046-09-12 00:00:00+00:00,9.912151,13.95436
2046-09-13 00:00:00+00:00,2.4436562,9.072394
2046-09-14 00:00:00+00:00,0.52805907,12.564635
2046-09-15 00:00:00+00:00,0.0,16.058475
2046-09-16 00:00:00+00:00,0.0,14.316261
2046-09-17 00:00:00+00:00,0.0,11.525484
2046-09-18 00:00:00+00:00,4.8067245,10.480119
2046-09-19 00:00:00+00:00,5.1983337,8.386024
2046-09-20 00:00:00+00:00,1.2493707,8.737456
2046-09-21 00:00:00+00:00,2.365539,11.186529
2046-09-22 00:00:00+00:00,0.19698252,12.238101
2046-09-23 00:00:00+00:00,0.0,12.240941
2046-09-24 00:00:00+00:00,0.0,13.64308
2046-09-25 00:00:00+00:00,0.0,15.045876
2046-09-26 00:00:00+00:00,0.0,14.349418
2046-09-27 00:00:00+00:00,0.0,12.952509
2046-09-28 00:00:00+00:00,0.0,12.255248
2046-09-29 00:00:00+00:00,1.8927112,15.410222
2046-09-30 00:00:00+00:00,10.17123,8.057242
2046-10-01 00:00:00+00:00,4.103299,9.811133
2046-10-02 00:00:00+00:00,1.3662667,8.411534
2046-10-03 00:00:00+00:00,3.899147,10.166348
2046-10-04 00:00:00+00:00,3.5699346,10.870062
2046-10-05 00:00:00+00:00,0.0,9.118998
2046-10-06 00:00:00+00:00,0.06474118,9.822805
2046-10-07 00:00:00+00:00,6.7884383,9.123362
2046-10-08 00:00:00+00:00,0.77469623,9.827515
2046-10-09 00:00:00+00:00,3.8031104,9.127745
2046-10-10 00:00:00+00:00,0.0,10.183401
2046-10-11 00:00:00+00:00,0.0,10.537097
2046-10-12 00:00:00+00:00,0.0,9.837004
2046-10-13 00:00:00+00:00,0.0,11.245018
2046-10-14 00:00:00+00:00,0.0,13.005214
2046-10-15 00:00:00+00:00,0.0,14.063118
2046-10-16 00:00:00+00:00,0.0,14.76988
2046-10-17 00:00:00+00:00,0.0,7.034998
2046-10-18 00:00:00+00:00,0.0,7.7403965
2046-10-19 00:00:00+00:00,0.0,5.630764
2046-10-20 00:00:00+00:00,0.0,11.264303
2046-10-21 00:00:00+00:00,0.0,4.9293504
2046-10-22 00:00:00+00:00,0.0,9.861141
2046-10-23 00:00:00+00:00,0.0,13.386301
2046-10-24 00:00:00+00:00,0.0,14.446705
2046-10-25 00:00:00+00:00,0.0,13.745415
2046-10-26 00:00:00+00:00,0.0,9.518434
2046-10-27 00:00:00+00:00,0.0,9.873441
2046-10-28 00:00:00+00:00,0.0,7.75965
2046-10-29 00:00:00+00:00,0.0,9.525602
2046-10-30 00:00:00+00:00,0.0,5.646225
2046-10-31 00:00:00+00:00,0.0,12.00126
2046-11-01 00:00:00+00:00,0.0,13.769639
2046-11-02 00:00:00+00:00,0.0,7.034085
2046-11-03 00:00:00+00:00,0.0,10.484997
2046-11-04 00:00:00+00:00,0.0,13.198646
2046-11-05 00:00:00+00:00,0.0,23.128532
2046-11-06 00:00:00+00:00,0.0,25.046776
2046-11-07 00:00:00+00:00,0.0,22.509008
2046-11-08 00:00:00+00:00,0.0,17.62895
2046-11-09 00:00:00+00:00,0.0,11.45881
2046-11-10 00:00:00+00:00,0.0,15.077765
2046-11-11 00:00:00+00:00,0.0,15.657125
2046-11-12 00:00:00+00:00,0.0,8.611974
2046-11-13 00:00:00+00:00,0.0,7.9046164
2046-11-14 00:00:00+00:00,0.0,7.5329003
2046-11-15 00:00:00+00:00,0.0,27.03345
2046-11-16 00:00:00+00:00,0.0,26.885263
2046-11-17 00:00:00+00:00,0.0,20.296118
2046-11-18 00:00:00+00:00,0.0,20.187021
2046-11-19 00:00:00+00:00,0.0,21.354452
2046-11-20 00:00:00+00:00,0.0,22.51004
2046-11-21 00:00:00+00:00,0.0,23.023272
2046-11-22 00:00:00+00:00,0.0,21.021652
2046-11-23 00:00:00+00:00,0.0,19.353207
2046-11-24 00:00:00+00:00,0.0,15.217644
2046-11-25 00:00:00+00:00,0.0,8.034066
2046-11-26 00:00:00+00:00,0.0,7.3791175
2046-11-27 00:00:00+00:00,0.0,13.461607
2046-11-28 00:00:00+00:00,0.0,10.6557255
2046-11-29 00:00:00+00:00,0.0,14.542745
2046-11-30 00:00:00+00:00,0.0,17.186571
2046-12-01 00:00:00+00:00,0.0,16.204527
2046-12-02 00:00:00+00:00,0.0,20.010782
2046-12-03 00:00:00+00:00,0.0,20.214508
2046-12-04 00:00:00+00:00,0.0,18.345476
2046-12-05 00:00:00+00:00,0.0,14.726791
2046-12-06 00:00:00+00:00,0.0,14.659745
2046-12-07 00:00:00+00:00,0.0,13.71797
2046-12-08 00:00:00+00:00,0.0,11.622635
2046-12-09 00:00:00+00:00,0.0,12.149635
2046-12-10 00:00:00+00:00,0.0,12.384212
2046-12-11 00:00:00+00:00,0.0,11.756714
2046-12-12 00:00:00+00:00,0.0,9.707319
2046-12-13 00:00:00+00:00,0.0,19.33141
2046-12-14 00:00:00+00:00,0.0,13.587692
2046-12-15 00:00:00+00:00,0.0,12.120992
2046-12-16 00:00:00+00:00,0.0,15.1580715
2046-12-17 00:00:00+00:00,0.0,19.84742
2046-12-18 00:00:00+00:00,0.0,19.209017
2046-12-19 00:00:00+00:00,0.0,17.467133
2046-12-20 00:00:00+00:00,0.0,13.806719
2046-12-21 00:00:00+00:00,0.0,16.501574
2046-12-22 00:00:00+00:00,0.0,17.531609
2046-12-23 00:00:00+00:00,0.0,17.735228
2046-12-24 00:00:00+00:00,0.0,14.947941
2046-12-25 00:00:00+00:00,0.0,14.348396
2046-12-26 00:00:00+00:00,0.0,18.33828
2046-12-27 00:00:00+00:00,0.0,17.730824
2046-12-28 00:00:00+00:00,0.0,18.734037
2046-12-29 00:00:00+00:00,0.0,21.329687
2046-12-30 00:00:00+00:00,0.0,21.78122
2046-12-31 00:00:00+00:00,0.0,20.112606
2047-01-01 00:00:00+00:00,0.0,12.919616
2047-01-02 00:00:00+00:00,0.0,18.427988
2047-01-03 00:00:00+00:00,0.0,21.042807
2047-01-04 00:00:00+00:00,0.0,22.339193
2047-01-05 00:00:00+00:00,0.0,16.806004
2047-01-06 00:00:00+00:00,0.0,15.7424555
2047-01-07 00:00:00+00:00,0.0,15.729333
2047-01-08 00:00:00+00:00,0.0,15.978192
2047-01-09 00:00:00+00:00,0.0,17.27355
2047-01-10 00:00:00+00:00,0.0,19.874306
2047-01-11 00:00:00+00:00,0.0,16.19988
2047-01-12 00:00:00+00:00,0.0,20.62481
2047-01-13 00:00:00+00:00,0.0,16.434143
2047-01-14 00:00:00+00:00,0.0,14.074886
2047-01-15 00:00:00+00:00,0.0,14.584271
2047-01-16 00:00:00+00:00,0.0,9.107754
2047-01-17 00:00:00+00:00,0.0,14.820591
2047-01-18 00:00:00+00:00,0.0,15.587996
2047-01-19 00:00:00+00:00,0.0,12.460334
2047-01-20 00:00:00+00:00,0.0,14.265974
2047-01-21 00:00:00+00:00,0.0,22.029715
2047-01-22 00:00:00+00:00,0.0,19.42242
2047-01-23 00:00:00+00:00,0.0,13.455458
2047-01-24 00:00:00+00:00,0.0,13.961847
2047-01-25 00:00:00+00:00,0.13896318,11.108937
2047-01-26 00:00:00+00:00,0.0,10.325707
2047-01-27 00:00:00+00:00,0.0,14.702508
2047-01-28 00:00:00+00:00,0.0,12.629037
2047-01-29 00:00:00+00:00,0.0,12.619114
2047-01-30 00:00:00+00:00,0.0,20.843815
2047-01-31 00:00:00+00:00,0.0,10.028064
2047-02-01 00:00:00+00:00,0.0,25.949863
2047-02-02 00:00:00+00:00,0.0,20.281628
2047-02-03 00:00:00+00:00,0.0,22.318138
2047-02-04 00:00:00+00:00,0.0,16.661572
2047-02-05 00:00:00+00:00,0.0,10.757629
2047-02-06 00:00:00+00:00,0.0,12.796845
2047-02-07 00:00:00+00:00,0.0,13.298505
2047-02-08 00:00:00+00:00,0.0,14.821591
2047-02-09 00:00:00+00:00,0.0,15.831668
2047-02-10 00:00:00+00:00,0.0,16.074764
2047-02-11 00:00:00+00:00,0.0,14.5327835
2047-02-12 00:00:00+00:00,0.0,14.012236
2047-02-13 00:00:00+00:00,0.0,13.492495
2047-02-14 00:00:00+00:00,0.0,15.263005
2047-02-15 00:00:00+00:00,0.0,12.709607
2047-02-16 00:00:00+00:00,0.0,13.716081
2047-02-17 00:00:00+00:00,0.0,12.182951
2047-02-18 00:00:00+00:00,0.0,12.681105
2047-02-19 00:00:00+00:00,0.0,12.671666
2047-02-20 00:00:00+00:00,0.0,12.662259
2047-02-21 00:00:00+00:00,0.0,13.91817
2047-02-22 00:00:00+00:00,0.0,14.9193735
2047-02-23 00:00:00+00:00,0.0,16.171804
2047-02-24 00:00:00+00:00,0.0,14.392428
2047-02-25 00:00:00+00:00,0.0,17.409643
2047-02-26 00:00:00+00:00,0.0,16.892653
2047-02-27 00:00:00+00:00,0.0,13.101154
2047-02-28 00:00:00+00:00,0.0,14.098672
2047-03-01 00:00:00+00:00,0.0,20.881086
2047-03-02 00:00:00+00:00,0.0,14.581042
2047-03-03 00:00:00+00:00,0.0,9.043767
2047-03-04 00:00:00+00:00,0.0,12.31077
2047-03-05 00:00:00+00:00,0.0,11.308231
2047-03-06 00:00:00+00:00,0.0,17.091654
2047-03-07 00:00:00+00:00,0.0,20.112122
2047-03-08 00:00:00+00:00,0.0,16.344591
2047-03-09 00:00:00+00:00,0.0,15.845064
2047-03-10 00:00:00+00:00,0.0,16.351568
2047-03-11 00:00:00+00:00,0.0,17.864752
2047-03-12 00:00:00+00:00,0.0,16.610207
2047-03-13 00:00:00+00:00,0.0,18.12408
2047-03-14 00:00:00+00:00,0.0,16.86905
2047-03-15 00:00:00+00:00,0.0,15.36165
2047-03-16 00:00:00+00:00,0.0,16.372448
2047-03-17 00:00:00+00:00,0.0,17.635605
2047-03-18 00:00:00+00:00,0.0,15.875408
2047-03-19 00:00:00+00:00,0.0,15.122639
2047-03-20 00:00:00+00:00,0.0,13.109059
2047-03-21 00:00:00+00:00,0.0,17.650541
2047-03-22 00:00:00+00:00,0.0,17.149862
2047-03-23 00:00:00+00:00,0.0,10.8470545
2047-03-24 00:00:00+00:00,0.0,15.643238
2047-03-25 00:00:00+00:00,0.0,24.479252
2047-03-26 00:00:00+00:00,0.0,18.931244
2047-03-27 00:00:00+00:00,0.0,14.138302
2047-03-28 00:00:00+00:00,0.0,16.919024
2047-03-29 00:00:00+00:00,0.0,14.649394
2047-03-30 00:00:00+00:00,0.0,19.199785
2047-03-31 00:00:00+00:00,0.0,19.709177
2047-04-01 00:00:00+00:00,0.0,16.680487
2047-04-02 00:00:00+00:00,0.0,18.959068
2047-04-03 00:00:00+00:00,0.0,18.963036
2047-04-04 00:00:00+00:00,0.0,12.13888
2047-04-05 00:00:00+00:00,0.0,9.10606
2047-04-06 00:00:00+00:00,0.0,13.15594
2047-04-07 00:00:00+00:00,0.0,16.954458
2047-04-08 00:00:00+00:00,0.0,16.704887
2047-04-09 00:00:00+00:00,0.0,11.645224
2047-04-10 00:00:00+00:00,0.0,13.926532
2047-04-11 00:00:00+00:00,0.0,14.689213
2047-04-12 00:00:00+00:00,0.21781003,12.919058
2047-04-13 00:00:00+00:00,0.0,15.70878
2047-04-14 00:00:00+00:00,0.0,15.712037
2047-04-15 00:00:00+00:00,0.0,18.250015
2047-04-16 00:00:00+00:00,0.0,14.704445
2047-04-17 00:00:00+00:00,0.0,9.128783
2047-04-18 00:00:00+00:00,0.0,16.485933
2047-04-19 00:00:00+00:00,0.0,17.250383
2047-04-20 00:00:00+00:00,0.0,17.000206
2047-04-21 00:00:00+00:00,0.0,12.943123
2047-04-22 00:00:00+00:00,0.0,14.9765005
2047-04-23 00:00:00+00:00,0.0,14.979585
2047-04-24 00:00:00+00:00,0.0,14.220833
2047-04-25 00:00:00+00:00,0.0,15.493733
2047-04-26 00:00:00+00:00,0.0,16.513105
2047-04-27 00:00:00+00:00,0.0,14.483693
2047-04-28 00:00:00+00:00,0.0,12.707598
2047-04-29 00:00:00+00:00,0.0,8.134528
2047-04-30 00:00:00+00:00,0.0,8.136193
2047-05-01 00:00:00+00:00,0.0,8.392165
2047-05-02 00:00:00+00:00,0.0,5.5959196
2047-05-03 00:00:00+00:00,0.0,7.377945
2047-05-04 00:00:00+00:00,0.0,8.648139
2047-05-05 00:00:00+00:00,0.0,8.646272
2047-05-06 00:00:00+00:00,0.0,9.152899
2047-05-07 00:00:00+00:00,0.0,11.947034
2047-05-08 00:00:00+00:00,0.0,20.33098
2047-05-09 00:00:00+00:00,0.0,20.580664
2047-05-10 00:00:00+00:00,0.0,17.019827
2047-05-11 00:00:00+00:00,0.0,17.01614
2047-05-12 00:00:00+00:00,0.0,13.711529
2047-05-13 00:00:00+00:00,0.0,16.754898
2047-05-14 00:00:00+00:00,0.0,17.258877
2047-05-15 00:00:00+00:00,0.0,15.225114
2047-05-16 00:00:00+00:00,0.0,16.743986
2047-05-17 00:00:00+00:00,0.0,18.51584
2047-05-18 00:00:00+00:00,0.0,14.454429
2047-05-19 00:00:00+00:00,0.0,10.394781
2047-05-20 00:00:00+00:00,0.0,13.941182
2047-05-21 00:00:00+00:00,0.0,13.938143
2047-05-22 00:00:00+00:00,0.0,13.428372
2047-05-23 00:00:00+00:00,0.0,17.225096
2047-05-24 00:00:00+00:00,0.0,17.474592
2047-05-25 00:00:00+00:00,0.0,15.191977
2047-05-26 00:00:00+00:00,0.0,17.466957
2047-05-27 00:00:00+00:00,0.0,18.47549
2047-05-28 00:00:00+00:00,0.0,18.724483
2047-05-29 00:00:00+00:00,0.0,19.479315
2047-05-30 00:00:00+00:00,0.0,14.4165945
2047-05-31 00:00:00+00:00,0.0,18.712175
2047-06-01 00:00:00+00:00,0.0,20.98338
2047-06-02 00:00:00+00:00,0.0,20.726017
2047-06-03 00:00:00+00:00,0.0,18.952559
2047-06-04 00:00:00+00:00,0.0,17.685167
2047-06-05 00:00:00+00:00,0.0,15.660561
2047-06-06 00:00:00+00:00,0.0,17.677387
2047-06-07 00:00:00+00:00,0.0,17.16854
2047-06-08 00:00:00+00:00,0.0,12.1163
2047-06-09 00:00:00+00:00,0.0,11.608893
2047-06-10 00:00:00+00:00,0.0,11.8586445
2047-06-11 00:00:00+00:00,0.0,13.874076
2047-06-12 00:00:00+00:00,0.0,18.410616
2047-06-13 00:00:00+00:00,0.0,18.658693
2047-06-14 00:00:00+00:00,0.0,18.402481
2047-06-15 00:00:00+00:00,0.0,16.634178
2047-06-16 00:00:00+00:00,0.0,16.37852
2047-06-17 00:00:00+00:00,0.0,16.878733
2047-06-18 00:00:00+00:00,0.0,16.87499
2047-06-19 00:00:00+00:00,0.0,12.590486
2047-06-20 00:00:00+00:00,0.0,12.335939
2047-06-21 00:00:00+00:00,0.0,17.870554
2047-06-22 00:00:00+00:00,0.0,19.124794
2047-06-23 00:00:00+00:00,0.0,17.35944
2047-06-24 00:00:00+00:00,0.0,17.607111
2047-06-25 00:00:00+00:00,0.0,19.112038
2047-06-26 00:00:00+00:00,0.0,19.359201
2047-06-27 00:00:00+00:00,0.0,16.589903
2047-06-28 00:00:00+00:00,0.0,17.591429
2047-06-29 00:00:00+00:00,0.0,18.090002
2047-06-30 00:00:00+00:00,0.0,21.100294
2047-07-01 00:00:00+00:00,0.0,20.593307
2047-07-02 00:00:00+00:00,0.08450224,20.33762
2047-07-03 00:00:00+00:00,16.788393,16.325312
2047-07-04 00:00:00+00:00,20.317451,8.321743
2047-07-05 00:00:00+00:00,0.0,8.862065
2047-07-06 00:00:00+00:00,0.0,11.949391
2047-07-07 00:00:00+00:00,0.0,13.785969
2047-07-08 00:00:00+00:00,8.419071,12.56175
2047-07-09 00:00:00+00:00,0.24109262,10.812567
2047-07-10 00:00:00+00:00,0.0,14.477992
2047-07-11 00:00:00+00:00,0.0,16.876795
2047-07-12 00:00:00+00:00,0.6300034,14.342049
2047-07-13 00:00:00+00:00,7.3562193,14.666427
2047-07-14 00:00:00+00:00,0.0,17.098324
2047-07-15 00:00:00+00:00,2.7839417,17.702526
2047-07-16 00:00:00+00:00,0.07689618,12.208299
2047-07-17 00:00:00+00:00,1.6060276,10.930367
2047-07-18 00:00:00+00:00,0.0,16.068405
2047-07-19 00:00:00+00:00,0.0,16.680197
2047-07-20 00:00:00+00:00,0.15062699,12.973473
2047-07-21 00:00:00+00:00,0.8244872,14.934854
2047-07-22 00:00:00+00:00,0.0,19.916018
2047-07-23 00:00:00+00:00,0.51989454,20.83305
2047-07-24 00:00:00+00:00,8.873611,13.4962635
2047-07-25 00:00:00+00:00,0.0,13.561591
2047-07-26 00:00:00+00:00,0.0,18.077742
2047-07-27 00:00:00+00:00,0.29215258,21.800234
2047-07-28 00:00:00+00:00,0.0,19.38077
2047-07-29 00:00:00+00:00,6.74064,13.54998
2047-07-30 00:00:00+00:00,0.0,14.753549
2047-07-31 00:00:00+00:00,0.0,23.954596
2047-08-01 00:00:00+00:00,2.509696,22.071798
2047-08-02 00:00:00+00:00,0.28585097,12.390081
2047-08-03 00:00:00+00:00,0.21368091,12.744969
2047-08-04 00:00:00+00:00,0.0,16.015894
2047-08-05 00:00:00+00:00,0.0,16.394615
2047-08-06 00:00:00+00:00,0.0,13.2456455
2047-08-07 00:00:00+00:00,8.090106,14.797935
2047-08-08 00:00:00+00:00,2.3848996,11.010999
2047-08-09 00:00:00+00:00,0.0,8.977679
2047-08-10 00:00:00+00:00,0.0,16.551886
2047-08-11 00:00:00+00:00,9.460464,19.975395
2047-08-12 00:00:00+00:00,0.06937825,19.481535
2047-08-13 00:00:00+00:00,0.27679586,15.920753
2047-08-14 00:00:00+00:00,0.55219346,13.550522
2047-08-15 00:00:00+00:00,0.7573911,15.179898
2047-08-16 00:00:00+00:00,21.63655,20.880642
2047-08-17 00:00:00+00:00,7.811875,13.482209
2047-08-18 00:00:00+00:00,16.476412,7.571034
2047-08-19 00:00:00+00:00,13.77887,8.5701275
2047-08-20 00:00:00+00:00,6.0574474,15.331091
2047-08-21 00:00:00+00:00,9.304174,8.678271
2047-08-22 00:00:00+00:00,6.0314875,9.3806925
2047-08-23 00:00:00+00:00,0.81154335,9.115757
2047-08-24 00:00:00+00:00,5.871704,11.141467
2047-08-25 00:00:00+00:00,11.248474,10.555374
2047-08-26 00:00:00+00:00,0.0,13.282383
2047-08-27 00:00:00+00:00,7.5817814,10.697716
2047-08-28 00:00:00+00:00,0.8706,9.087893
2047-08-29 00:00:00+00:00,0.9358399,10.167472
2047-08-30 00:00:00+00:00,10.542515,12.2863035
2047-08-31 00:00:00+00:00,1.9315844,13.060644
2047-09-01 00:00:00+00:00,1.1303359,14.538801
2047-09-02 00:00:00+00:00,2.1247427,13.226192
2047-09-03 00:00:00+00:00,3.18581,12.184725
2047-09-04 00:00:00+00:00,5.8381963,7.6606755
2047-09-05 00:00:00+00:00,3.24941,9.403835
2047-09-06 00:00:00+00:00,6.7610745,10.1026745
2047-09-07 00:00:00+00:00,5.962931,11.498722
2047-09-08 00:00:00+00:00,14.039419,11.849829
2047-09-09 00:00:00+00:00,0.19857505,9.412276
2047-09-10 00:00:00+00:00,0.79390484,11.855168
2047-09-11 00:00:00+00:00,4.0336146,12.206609
2047-09-12 00:00:00+00:00,0.0,12.209373
2047-09-13 00:00:00+00:00,19.155638,9.071878
2047-09-14 00:00:00+00:00,0.66016835,11.865926
2047-09-15 00:00:00+00:00,0.0,8.02878
2047-09-16 00:00:00+00:00,0.7912694,9.776401
2047-09-17 00:00:00+00:00,2.2405446,10.477113
2047-09-18 00:00:00+00:00,8.297893,12.575418
2047-09-19 00:00:00+00:00,2.895763,8.734939
2047-09-20 00:00:00+00:00,2.6964808,10.134865
2047-09-21 00:00:00+00:00,0.0,15.031031
2047-09-22 00:00:00+00:00,0.0,13.286308
2047-09-23 00:00:00+00:00,0.0,13.988833
2047-09-24 00:00:00+00:00,5.7702966,12.243076
2047-09-25 00:00:00+00:00,17.10018,9.096975
2047-09-26 00:00:00+00:00,0.6546227,10.848927
2047-09-27 00:00:00+00:00,9.876076,9.10123
2047-09-28 00:00:00+00:00,2.156365,12.604658
2047-09-29 00:00:00+00:00,1.2403563,11.907198
2047-09-30 00:00:00+00:00,2.0217228,6.6555896
2047-10-01 00:00:00+00:00,3.0620081,8.759423
2047-10-02 00:00:00+00:00,3.709472,10.513796
2047-10-03 00:00:00+00:00,2.4701796,11.217375
2047-10-04 00:00:00+00:00,2.2075417,6.3112726
2047-10-05 00:00:00+00:00,6.614411,8.767745
2047-10-06 00:00:00+00:00,0.38857722,9.822219
2047-10-07 00:00:00+00:00,3.8804727,10.877201
2047-10-08 00:00:00+00:00,1.8728749,15.091349
2047-10-09 00:00:00+00:00,0.12896918,9.478242
2047-10-10 00:00:00+00:00,2.510909,10.182785
2047-10-11 00:00:00+00:00,7.4558506,13.697397
2047-10-12 00:00:00+00:00,7.506839,9.133806
2047-10-13 00:00:00+00:00,2.5616448,8.7846365
2047-10-14 00:00:00+00:00,4.026604,9.489714
2047-10-15 00:00:00+00:00,0.51024055,9.140468
2047-10-16 00:00:00+00:00,2.1636796,10.900911
2047-10-17 00:00:00+00:00,3.7456887,9.144937
2047-10-18 00:00:00+00:00,3.039602,6.3326635
2047-10-19 00:00:00+00:00,4.9259377,10.557034
2047-10-20 00:00:00+00:00,2.455796,9.855659
2047-10-21 00:00:00+00:00,1.3182117,8.097718
2047-10-22 00:00:00+00:00,0.0,9.508369
2047-10-23 00:00:00+00:00,0.49865577,8.101731
2047-10-24 00:00:00+00:00,0.6208539,6.3420606
2047-10-25 00:00:00+00:00,0.7418177,8.810613
2047-10-26 00:00:00+00:00,0.86138505,9.5178385
2047-10-27 00:00:00+00:00,0.0,8.462419
2047-10-28 00:00:00+00:00,0.0,7.0537844
2047-10-29 00:00:00+00:00,0.060479876,6.3500023
2047-10-30 00:00:00+00:00,0.0,5.645869
2047-10-31 00:00:00+00:00,0.0,9.882765
2047-11-01 00:00:00+00:00,0.0,6.3548155
2047-11-02 00:00:00+00:00,0.0,9.158792
2047-11-03 00:00:00+00:00,0.0,11.201518
2047-11-04 00:00:00+00:00,0.0,7.6531644
2047-11-05 00:00:00+00:00,0.0,9.680476
2047-11-06 00:00:00+00:00,0.0,7.2161684
2047-11-07 00:00:00+00:00,0.0,8.53894
2047-11-08 00:00:00+00:00,0.0,13.920401
2047-11-09 00:00:00+00:00,0.0,12.150699
2047-11-10 00:00:00+00:00,0.0,8.053178
2047-11-11 00:00:00+00:00,0.0,6.0049834
2047-11-12 00:00:00+00:00,0.0,8.9559555
2047-11-13 00:00:00+00:00,0.0,10.884191
2047-11-14 00:00:00+00:00,0.0,11.807102
2047-11-15 00:00:00+00:00,0.0,17.612364
2047-11-16 00:00:00+00:00,0.0,19.786118
2047-11-17 00:00:00+00:00,0.0,19.03326
2047-11-18 00:00:00+00:00,0.0,18.930702
2047-11-19 00:00:00+00:00,0.0,19.148834
2047-11-20 00:00:00+00:00,0.0,20.000017
2047-11-21 00:00:00+00:00,0.0,17.684738
2047-11-22 00:00:00+00:00,0.0,13.823111
2047-11-23 00:00:00+00:00,0.0,14.377216
2047-11-24 00:00:00+00:00,0.0,14.925989
2047-11-25 00:00:00+00:00,0.0,15.160152
2047-11-26 00:00:00+00:00,0.0,13.237376
2047-11-27 00:00:00+00:00,0.0,10.108659
2047-11-28 00:00:00+00:00,0.0,17.069996
2047-11-29 00:00:00+00:00,0.0,20.020493
2047-11-30 00:00:00+00:00,0.0,17.207201
2047-12-01 00:00:00+00:00,0.0,13.820273
2047-12-02 00:00:00+00:00,0.0,12.558859
2047-12-03 00:00:00+00:00,0.0,18.154789
2047-12-04 00:00:00+00:00,0.0,16.293056
2047-12-05 00:00:00+00:00,0.0,16.21806
2047-12-06 00:00:00+00:00,0.0,14.676424
2047-12-07 00:00:00+00:00,0.0,12.564639
2047-12-08 00:00:00+00:00,0.0,11.344738
2047-12-09 00:00:00+00:00,0.0,9.267125
2047-12-10 00:00:00+00:00,0.0,13.839427
2047-12-11 00:00:00+00:00,0.0,13.491893
2047-12-12 00:00:00+00:00,0.0,12.290167
2047-12-13 00:00:00+00:00,0.0,11.099009
2047-12-14 00:00:00+00:00,0.0,14.1688795
2047-12-15 00:00:00+00:00,0.0,15.237745
2047-12-16 00:00:00+00:00,0.0,10.396937
2047-12-17 00:00:00+00:00,0.0,12.872215
2047-12-18 00:00:00+00:00,0.0,13.655204
2047-12-19 00:00:00+00:00,0.0,16.652317
2047-12-20 00:00:00+00:00,0.0,16.861223
2047-12-21 00:00:00+00:00,0.0,14.040402
2047-12-22 00:00:00+00:00,0.0,15.629621
2047-12-23 00:00:00+00:00,0.0,17.47961
2047-12-24 00:00:00+00:00,0.0,16.05076
2047-12-25 00:00:00+00:00,0.0,16.801216
2047-12-26 00:00:00+00:00,0.0,16.196423
2047-12-27 00:00:00+00:00,0.0,16.134338
2047-12-28 00:00:00+00:00,0.0,14.465679
2047-12-29 00:00:00+00:00,0.0,14.411089
2047-12-30 00:00:00+00:00,0.0,17.547596
2047-12-31 00:00:00+00:00,0.0,13.509124
2048-01-01 00:00:00+00:00,0.0,13.195403
2048-01-02 00:00:00+00:00,0.0,18.168566
2048-01-03 00:00:00+00:00,0.0,18.942513
2048-01-04 00:00:00+00:00,0.0,16.823633
2048-01-05 00:00:00+00:00,0.0,19.17336
2048-01-06 00:00:00+00:00,0.0,16.270601
2048-01-07 00:00:00+00:00,0.0,18.092503
2048-01-08 00:00:00+00:00,0.0,20.69737
2048-01-09 00:00:00+00:00,0.0,18.324226
2048-01-10 00:00:00+00:00,0.0,19.355295
2048-01-11 00:00:00+00:00,0.0,19.077986
2048-01-12 00:00:00+00:00,0.0,15.145375
2048-01-13 00:00:00+00:00,0.0,15.132947
2048-01-14 00:00:00+00:00,0.0,18.509651
2048-01-15 00:00:00+00:00,0.0,16.671135
2048-01-16 00:00:00+00:00,0.0,19.520582
2048-01-17 00:00:00+00:00,0.0,23.145615
2048-01-18 00:00:00+00:00,0.0,23.126873
2048-01-19 00:00:00+00:00,0.0,21.80998
2048-01-20 00:00:00+00:00,0.0,17.122612
2048-01-21 00:00:00+00:00,0.0,14.77583
2048-01-22 00:00:00+00:00,0.0,14.504974
2048-01-23 00:00:00+00:00,0.0,15.2698145
2048-01-24 00:00:00+00:00,0.0,14.9990425
2048-01-25 00:00:00+00:00,0.0,14.987121
2048-01-26 00:00:00+00:00,0.0,17.040789
2048-01-27 00:00:00+00:00,0.0,17.285307
2048-01-28 00:00:00+00:00,0.0,14.951601
2048-01-29 00:00:00+00:00,0.0,12.364008
2048-01-30 00:00:00+00:00,0.0,11.839546
2048-01-31 00:00:00+00:00,0.0,15.173626
2048-02-01 00:00:00+00:00,0.0,15.932721
2048-02-02 00:00:00+00:00,0.0,13.352528
2048-02-03 00:00:00+00:00,0.0,15.907964
2048-02-04 00:00:00+00:00,0.0,17.946701
2048-02-05 00:00:00+00:00,0.0,21.51941
2048-02-06 00:00:00+00:00,0.0,16.127129
2048-02-07 00:00:00+00:00,0.0,14.835793
2048-02-08 00:00:00+00:00,0.0,14.313239
2048-02-09 00:00:00+00:00,0.0,17.622478
2048-02-10 00:00:00+00:00,0.0,21.947508
2048-02-11 00:00:00+00:00,0.0,12.495467
2048-02-12 00:00:00+00:00,0.0,22.678637
2048-02-13 00:00:00+00:00,0.0,25.462345
2048-02-14 00:00:00+00:00,0.0,22.644392
2048-02-15 00:00:00+00:00,0.0,17.542555
2048-02-16 00:00:00+00:00,0.0,21.594177
2048-02-17 00:00:00+00:00,0.0,18.531704
2048-02-18 00:00:00+00:00,0.0,25.113268
2048-02-19 00:00:00+00:00,0.0,17.997112
2048-02-20 00:00:00+00:00,0.0,14.1843605
2048-02-21 00:00:00+00:00,0.0,14.68006
2048-02-22 00:00:00+00:00,0.0,16.692549
2048-02-23 00:00:00+00:00,0.0,19.965746
2048-02-24 00:00:00+00:00,0.0,17.173069
2048-02-25 00:00:00+00:00,0.0,19.179352
2048-02-26 00:00:00+00:00,0.0,18.660969
2048-02-27 00:00:00+00:00,0.0,19.907307
2048-02-28 00:00:00+00:00,0.0,20.396433
2048-02-29 00:00:00+00:00,0.0,20.129995
2048-03-01 00:00:00+00:00,0.0,19.612532
2048-03-02 00:00:00+00:00,0.0,19.598362
2048-03-03 00:00:00+00:00,0.0,16.329739
2048-03-04 00:00:00+00:00,0.0,14.825555
2048-03-05 00:00:00+00:00,0.0,16.839401
2048-03-06 00:00:00+00:00,0.0,20.11105
2048-03-07 00:00:00+00:00,0.0,19.361021
2048-03-08 00:00:00+00:00,0.0,20.37114
2048-03-09 00:00:00+00:00,0.0,17.608442
2048-03-10 00:00:00+00:00,0.0,17.10899
2048-03-11 00:00:00+00:00,0.0,18.370916
2048-03-12 00:00:00+00:00,0.0,15.857727
2048-03-13 00:00:00+00:00,0.0,17.119917
2048-03-14 00:00:00+00:00,0.0,20.397177
2048-03-15 00:00:00+00:00,0.0,17.12719
2048-03-16 00:00:00+00:00,0.0,14.107736
2048-03-17 00:00:00+00:00,0.0,6.2994323
2048-03-18 00:00:00+00:00,0.0,10.837317
2048-03-19 00:00:00+00:00,0.0,15.377122
2048-03-20 00:00:00+00:00,0.0,15.380373
2048-03-21 00:00:00+00:00,0.0,6.556954
2048-03-22 00:00:00+00:00,0.0,10.846482
2048-03-23 00:00:00+00:00,0.0,14.633227
2048-03-24 00:00:00+00:00,0.0,15.393357
2048-03-25 00:00:00+00:00,0.0,17.668232
2048-03-26 00:00:00+00:00,0.0,18.17686
2048-03-27 00:00:00+00:00,0.0,19.443228
2048-03-28 00:00:00+00:00,0.0,15.91144
2048-03-29 00:00:00+00:00,0.0,14.399085
2048-03-30 00:00:00+00:00,0.0,16.170784
2048-03-31 00:00:00+00:00,0.0,16.426893
2048-04-01 00:00:00+00:00,0.0,12.638718
2048-04-02 00:00:00+00:00,0.0,19.214872
2048-04-03 00:00:00+00:00,0.0,25.793768
2048-04-04 00:00:00+00:00,0.0,18.717035
2048-04-05 00:00:00+00:00,0.0,16.44407
2048-04-06 00:00:00+00:00,0.0,9.109384
2048-04-07 00:00:00+00:00,0.0,7.8458266
2048-04-08 00:00:00+00:00,0.0,16.960638
2048-04-09 00:00:00+00:00,0.0,19.749329
2048-04-10 00:00:00+00:00,0.0,21.01968
2048-04-11 00:00:00+00:00,0.0,21.024044
2048-04-12 00:00:00+00:00,0.0,22.041824
2048-04-13 00:00:00+00:00,0.0,25.087278
2048-04-14 00:00:00+00:00,0.0,14.700643
2048-04-15 00:00:00+00:00,0.0,15.464219
2048-04-16 00:00:00+00:00,0.0,18.510187
2048-04-17 00:00:00+00:00,0.0,18.767632
2048-04-18 00:00:00+00:00,0.0,14.205464
2048-04-19 00:00:00+00:00,0.0,12.178625
2048-04-20 00:00:00+00:00,0.0,12.43491
2048-04-21 00:00:00+00:00,0.0,15.483382
2048-04-22 00:00:00+00:00,0.0,12.947786
2048-04-23 00:00:00+00:00,0.0,14.474032
2048-04-24 00:00:00+00:00,0.0,14.477007
2048-04-25 00:00:00+00:00,0.0,19.560675
2048-04-26 00:00:00+00:00,0.0,19.818775
2048-04-27 00:00:00+00:00,0.0,15.502476
2048-04-28 00:00:00+00:00,0.0,16.522413
2048-04-29 00:00:00+00:00,0.0,12.203666
2048-04-30 00:00:00+00:00,0.0,15.257704
2048-05-01 00:00:00+00:00,0.0,21.873842
2048-05-02 00:00:00+00:00,0.0,21.62391
2048-05-03 00:00:00+00:00,0.0,8.394235
2048-05-04 00:00:00+00:00,0.0,12.970108
2048-05-05 00:00:00+00:00,0.0,15.255656
2048-05-06 00:00:00+00:00,0.0,14.743947
2048-05-07 00:00:00+00:00,0.0,13.724156
2048-05-08 00:00:00+00:00,0.0,13.46709
2048-05-09 00:00:00+00:00,0.0,11.177805
2048-05-10 00:00:00+00:00,0.0,10.667413
2048-05-11 00:00:00+00:00,0.0,9.903308
2048-05-12 00:00:00+00:00,0.0,10.662786
2048-05-13 00:00:00+00:00,0.0,12.94486
2048-05-14 00:00:00+00:00,0.0,13.449583
2048-05-15 00:00:00+00:00,0.0,12.431817
2048-05-16 00:00:00+00:00,0.0,12.17546
2048-05-17 00:00:00+00:00,0.0,9.383209
2048-05-18 00:00:00+00:00,0.0,10.648891
2048-05-19 00:00:00+00:00,0.0,14.702411
2048-05-20 00:00:00+00:00,0.0,15.206077
2048-05-21 00:00:00+00:00,0.0,15.456141
2048-05-22 00:00:00+00:00,0.0,17.226036
2048-05-23 00:00:00+00:00,0.0,16.969006
2048-05-24 00:00:00+00:00,0.0,19.497435
2048-05-25 00:00:00+00:00,0.0,18.986858
2048-05-26 00:00:00+00:00,0.0,16.45168
2048-05-27 00:00:00+00:00,0.0,14.929794
2048-05-28 00:00:00+00:00,0.0,13.661568
2048-05-29 00:00:00+00:00,0.0,17.452623
2048-05-30 00:00:00+00:00,0.0,17.448797
2048-05-31 00:00:00+00:00,0.0,14.663886
2048-06-01 00:00:00+00:00,0.0,14.913441
2048-06-02 00:00:00+00:00,0.0,15.415593
2048-06-03 00:00:00+00:00,0.0,16.928164
2048-06-04 00:00:00+00:00,0.0,18.440062
2048-06-05 00:00:00+00:00,0.0,19.19365
2048-06-06 00:00:00+00:00,0.0,18.936932
2048-06-07 00:00:00+00:00,0.0,18.427887
2048-06-08 00:00:00+00:00,0.0,14.638109
2048-06-09 00:00:00+00:00,0.0,11.606974
2048-06-10 00:00:00+00:00,0.0,12.865763
2048-06-11 00:00:00+00:00,0.0,14.628421
2048-06-12 00:00:00+00:00,0.0,14.120873
2048-06-13 00:00:00+00:00,0.0,15.882471
2048-06-14 00:00:00+00:00,0.0,16.383049
2048-06-15 00:00:00+00:00,0.0,16.883406
2048-06-16 00:00:00+00:00,0.0,14.864185
2048-06-17 00:00:00+00:00,0.0,16.87593
2048-06-18 00:00:00+00:00,0.0,20.901367
2048-06-19 00:00:00+00:00,0.0,21.400265
2048-06-20 00:00:00+00:00,0.0,19.130106
2048-06-21 00:00:00+00:00,0.0,18.622547
2048-06-22 00:00:00+00:00,0.0,18.366808
2048-06-23 00:00:00+00:00,0.0,18.362724
2048-06-24 00:00:00+00:00,12.480058,12.322921
2048-06-25 00:00:00+00:00,0.0,10.811584
2048-06-26 00:00:00+00:00,0.0,14.0770645
2048-06-27 00:00:00+00:00,0.0,16.587128
2048-06-28 00:00:00+00:00,0.0,16.834692
2048-06-29 00:00:00+00:00,0.0,15.826104
2048-06-30 00:00:00+00:00,0.0,15.069114
2048-07-01 00:00:00+00:00,0.0,13.559173
2048-07-02 00:00:00+00:00,0.0,18.82797
2048-07-03 00:00:00+00:00,0.0,18.39009
2048-07-04 00:00:00+00:00,1.6614268,15.935455
2048-07-05 00:00:00+00:00,11.2041025,12.953034
2048-07-06 00:00:00+00:00,12.66786,10.201246
2048-07-07 00:00:00+00:00,6.0828037,10.499867
2048-07-08 00:00:00+00:00,10.063596,9.258152
2048-07-09 00:00:00+00:00,0.0,13.429568
2048-07-10 00:00:00+00:00,0.0,19.711725
2048-07-11 00:00:00+00:00,5.6002617,17.191862
2048-07-12 00:00:00+00:00,14.656854,11.772679
2048-07-13 00:00:00+00:00,10.2050905,9.98496
2048-07-14 00:00:00+00:00,0.0,15.571516
2048-07-15 00:00:00+00:00,0.0,16.171165
2048-07-16 00:00:00+00:00,0.0,16.776505
2048-07-17 00:00:00+00:00,0.0,17.655142
2048-07-18 00:00:00+00:00,0.0,19.885778
2048-07-19 00:00:00+00:00,0.0,22.407328
2048-07-20 00:00:00+00:00,0.0,21.698051
2048-07-21 00:00:00+00:00,0.0,16.077538
2048-07-22 00:00:00+00:00,9.442881,10.40414
2048-07-23 00:00:00+00:00,0.0,10.178831
2048-07-24 00:00:00+00:00,0.0,18.24452
2048-07-25 00:00:00+00:00,0.0,23.333464
2048-07-26 00:00:00+00:00,0.0,20.09848
2048-07-27 00:00:00+00:00,0.0,16.831871
2048-07-28 00:00:00+00:00,0.0,18.325886
2048-07-29 00:00:00+00:00,11.420182,12.184586
2048-07-30 00:00:00+00:00,1.4403926,11.961973
2048-07-31 00:00:00+00:00,14.927632,13.168717
2048-08-01 00:00:00+00:00,4.8635497,10.935098
2048-08-02 00:00:00+00:00,0.14257053,12.438913
2048-08-03 00:00:00+00:00,0.7105458,14.540549
2048-08-04 00:00:00+00:00,17.424294,11.98709
2048-08-05 00:00:00+00:00,0.21183786,14.109539
2048-08-06 00:00:00+00:00,0.0,17.73322
2048-08-07 00:00:00+00:00,21.198814,17.830994
2048-08-08 00:00:00+00:00,0.06999423,12.252365
2048-08-09 00:00:00+00:00,0.0,15.62699
2048-08-10 00:00:00+00:00,0.0,20.551397
2048-08-11 00:00:00+00:00,0.0,20.669346
2048-08-12 00:00:00+00:00,0.0,19.872015
2048-08-13 00:00:00+00:00,0.9669446,14.453167
2048-08-14 00:00:00+00:00,16.948404,12.682702
2048-08-15 00:00:00+00:00,7.6288795,13.692102
2048-08-16 00:00:00+00:00,1.3027428,15.966302
2048-08-17 00:00:00+00:00,2.9414616,19.213581
2048-08-18 00:00:00+00:00,0.54600424,17.74757
2048-08-19 00:00:00+00:00,0.06809863,17.858297
2048-08-20 00:00:00+00:00,0.0,21.180014
2048-08-21 00:00:00+00:00,0.0,17.116625
2048-08-22 00:00:00+00:00,0.0,18.852129
2048-08-23 00:00:00+00:00,0.0,16.357738
2048-08-24 00:00:00+00:00,0.0,16.794836
2048-08-25 00:00:00+00:00,0.13451403,14.917718
2048-08-26 00:00:00+00:00,0.6041465,15.351984
2048-08-27 00:00:00+00:00,1.9430151,16.800674
2048-08-28 00:00:00+00:00,5.015726,15.901508
2048-08-29 00:00:00+00:00,0.86781204,16.353094
2048-08-30 00:00:00+00:00,0.06663573,16.468475
2048-08-31 00:00:00+00:00,4.1241856,14.512781
2048-09-01 00:00:00+00:00,9.230281,14.269573
2048-09-02 00:00:00+00:00,3.8499181,9.747238
2048-09-03 00:00:00+00:00,6.9667697,8.704827
2048-09-04 00:00:00+00:00,5.504703,13.234289
2048-09-05 00:00:00+00:00,24.992266,11.495503
2048-09-06 00:00:00+00:00,20.408829,16.376049
2048-09-07 00:00:00+00:00,0.33115765,23.698326
2048-09-08 00:00:00+00:00,4.2367845,19.172075
2048-09-09 00:00:00+00:00,9.858892,12.900485
2048-09-10 00:00:00+00:00,4.5632043,12.205917
2048-09-11 00:00:00+00:00,7.270861,16.394516
2048-09-12 00:00:00+00:00,3.1049619,17.793829
2048-09-13 00:00:00+00:00,0.19807866,17.099918
2048-09-14 00:00:00+00:00,0.5938943,17.452873
2048-09-15 00:00:00+00:00,5.869469,21.646503
2048-09-16 00:00:00+00:00,5.9976897,23.048326
2048-09-17 00:00:00+00:00,3.6885483,13.971889
2048-09-18 00:00:00+00:00,6.714028,9.083815
2048-09-19 00:00:00+00:00,12.892724,12.231029
2048-09-20 00:00:00+00:00,0.5915978,16.777853
2048-09-21 00:00:00+00:00,0.0,12.586301
2048-09-22 00:00:00+00:00,2.428528,9.7916155
2048-09-23 00:00:00+00:00,9.903284,10.843236
2048-09-24 00:00:00+00:00,9.371008,11.895352
2048-09-25 00:00:00+00:00,5.630969,11.898128
2048-09-26 00:00:00+00:00,2.0934124,5.9504557
2048-09-27 00:00:00+00:00,3.464061,9.102829
2048-09-28 00:00:00+00:00,0.97946644,7.7042046
2048-09-29 00:00:00+00:00,0.8480339,8.406566
2048-09-30 00:00:00+00:00,5.604303,8.40855
2048-10-01 00:00:00+00:00,4.8822303,7.70966
2048-10-02 00:00:00+00:00,2.535915,8.763054
2048-10-03 00:00:00+00:00,3.5071528,6.3108974
2048-10-04 00:00:00+00:00,4.346132,9.117911
2048-10-05 00:00:00+00:00,0.0647843,9.4708605
2048-10-06 00:00:00+00:00,0.5822731,13.332544
2048-10-07 00:00:00+00:00,6.3313365,13.335741
2048-10-08 00:00:00+00:00,0.0,7.7225475
2048-10-09 00:00:00+00:00,0.0,8.075515
2048-10-10 00:00:00+00:00,4.1796317,9.833435
2048-10-11 00:00:00+00:00,0.0,10.187092
2048-10-12 00:00:00+00:00,2.3706532,7.378647
2048-10-13 00:00:00+00:00,0.0,6.3260913
2048-10-14 00:00:00+00:00,0.0,8.436842
2048-10-15 00:00:00+00:00,0.12734811,8.790521
2048-10-16 00:00:00+00:00,0.0,10.902911
2048-10-17 00:00:00+00:00,0.0,14.071721
2048-10-18 00:00:00+00:00,1.8327163,8.796987
2048-10-19 00:00:00+00:00,2.5206518,6.687356
2048-10-20 00:00:00+00:00,5.9053235,7.393111
2048-10-21 00:00:00+00:00,2.7550418,8.451361
2048-10-22 00:00:00+00:00,1.622157,11.623501
2048-10-23 00:00:00+00:00,0.37289327,5.2847223
2048-10-24 00:00:00+00:00,1.0520798,6.695648
2048-10-25 00:00:00+00:00,0.0,10.927205
2048-10-26 00:00:00+00:00,0.0,6.698995
2048-10-27 00:00:00+00:00,3.5352502,7.4060087
2048-10-28 00:00:00+00:00,0.0,6.3496027
2048-10-29 00:00:00+00:00,0.0,9.173958
2048-10-30 00:00:00+00:00,0.0,7.0586734
2048-10-31 00:00:00+00:00,0.0,7.766505
2048-11-01 00:00:00+00:00,0.0,9.526157
2048-11-02 00:00:00+00:00,0.0,8.764934
2048-11-03 00:00:00+00:00,0.0,9.058706
2048-11-04 00:00:00+00:00,0.0,9.695361
2048-11-05 00:00:00+00:00,0.0,16.863346
2048-11-06 00:00:00+00:00,0.0,16.077372
2048-11-07 00:00:00+00:00,0.0,10.200833
2048-11-08 00:00:00+00:00,0.0,11.15456
2048-11-09 00:00:00+00:00,0.0,13.441548
2048-11-10 00:00:00+00:00,0.0,9.688669
2048-11-11 00:00:00+00:00,0.0,13.28705
2048-11-12 00:00:00+00:00,0.0,15.853954
2048-11-13 00:00:00+00:00,0.0,16.750162
2048-11-14 00:00:00+00:00,0.0,11.757861
2048-11-15 00:00:00+00:00,0.0,9.0946245
2048-11-16 00:00:00+00:00,0.0,9.368053
2048-11-17 00:00:00+00:00,0.0,14.136825
2048-11-18 00:00:00+00:00,0.0,15.659071
2048-11-19 00:00:00+00:00,0.0,12.397317
2048-11-20 00:00:00+00:00,0.0,11.699845
2048-11-21 00:00:00+00:00,0.0,12.897315
2048-11-22 00:00:00+00:00,0.0,13.769771
2048-11-23 00:00:00+00:00,0.0,11.208724
2048-11-24 00:00:00+00:00,0.0,8.054294
2048-11-25 00:00:00+00:00,0.0,12.637434
2048-11-26 00:00:00+00:00,0.0,15.948486
2048-11-27 00:00:00+00:00,0.0,11.597401
2048-11-28 00:00:00+00:00,0.0,6.3778887
2048-11-29 00:00:00+00:00,0.0,10.27629
2048-11-30 00:00:00+00:00,0.0,15.641541
2048-12-01 00:00:00+00:00,0.0,16.465553
2048-12-02 00:00:00+00:00,0.0,18.176043
2048-12-03 00:00:00+00:00,0.0,16.905127
2048-12-04 00:00:00+00:00,0.0,14.465439
2048-12-05 00:00:00+00:00,0.0,15.868609
2048-12-06 00:00:00+00:00,0.0,14.041493
2048-12-07 00:00:00+00:00,0.0,13.104749
2048-12-08 00:00:00+00:00,0.0,21.164112
2048-12-09 00:00:00+00:00,0.0,21.936554
2048-12-10 00:00:00+00:00,0.0,21.553123
2048-12-11 00:00:00+00:00,0.0,18.312147
2048-12-12 00:00:00+00:00,0.0,16.523937
2048-12-13 00:00:00+00:00,0.0,16.737076
2048-12-14 00:00:00+00:00,0.0,17.231176
2048-12-15 00:00:00+00:00,0.0,18.284006
2048-12-16 00:00:00+00:00,0.0,16.807276
2048-12-17 00:00:00+00:00,0.0,15.900981
2048-12-18 00:00:00+00:00,0.0,13.891104
2048-12-19 00:00:00+00:00,0.0,12.174515
2048-12-20 00:00:00+00:00,0.0,11.84988
2048-12-21 00:00:00+00:00,0.0,8.78327
2048-12-22 00:00:00+00:00,0.0,8.475055
2048-12-23 00:00:00+00:00,0.0,10.892544
2048-12-24 00:00:00+00:00,0.0,11.935046
2048-12-25 00:00:00+00:00,0.0,10.808039
2048-12-26 00:00:00+00:00,0.0,11.574018
2048-12-27 00:00:00+00:00,0.0,16.624523
2048-12-28 00:00:00+00:00,0.0,15.226047
2048-12-29 00:00:00+00:00,0.0,14.370558
2048-12-30 00:00:00+00:00,0.0,15.64271
2048-12-31 00:00:00+00:00,0.0,15.849072
2049-01-01 00:00:00+00:00,0.0,15.802091
2049-01-02 00:00:00+00:00,0.0,13.420443
2049-01-03 00:00:00+00:00,0.0,13.146223
2049-01-04 00:00:00+00:00,0.0,10.245448
2049-01-05 00:00:00+00:00,0.0,12.074259
2049-01-06 00:00:00+00:00,0.0,9.966063
2049-01-07 00:00:00+00:00,0.0,9.433674
2049-01-08 00:00:00+00:00,0.0,12.567789
2049-01-09 00:00:00+00:00,0.0,10.98771
2049-01-10 00:00:00+00:00,0.0,13.069807
2049-01-11 00:00:00+00:00,0.0,12.014319
2049-01-12 00:00:00+00:00,0.0,14.614117
2049-01-13 00:00:00+00:00,0.0,11.733868
2049-01-14 00:00:00+00:00,0.0,11.463744
2049-01-15 00:00:00+00:00,0.0,9.371783
2049-01-16 00:00:00+00:00,0.0,12.48556
2049-01-17 00:00:00+00:00,0.0,13.774971
2049-01-18 00:00:00+00:00,0.0,17.659262
2049-01-19 00:00:00+00:00,0.0,23.613201
2049-01-20 00:00:00+00:00,0.0,18.667953
2049-01-21 00:00:00+00:00,0.0,16.8395
2049-01-22 00:00:00+00:00,0.0,16.04945
2049-01-23 00:00:00+00:00,0.0,16.295307
2049-01-24 00:00:00+00:00,0.0,17.316149
2049-01-25 00:00:00+00:00,0.0,15.236452
2049-01-26 00:00:00+00:00,0.0,14.966357
2049-01-27 00:00:00+00:00,0.0,14.69671
2049-01-28 00:00:00+00:00,0.0,15.973314
2049-01-29 00:00:00+00:00,0.0,15.703343
2049-01-30 00:00:00+00:00,0.0,12.089825
2049-01-31 00:00:00+00:00,0.0,15.6788
2049-02-01 00:00:00+00:00,0.0,19.005371
2049-02-02 00:00:00+00:00,0.0,16.16768
2049-02-03 00:00:00+00:00,0.0,18.206602
2049-02-04 00:00:00+00:00,0.0,19.4737
2049-02-05 00:00:00+00:00,0.0,19.714725
2049-02-06 00:00:00+00:00,0.0,21.234604
2049-02-07 00:00:00+00:00,0.0,20.707043
2049-02-08 00:00:00+00:00,0.0,22.479336
2049-02-09 00:00:00+00:00,0.0,18.88866
2049-02-10 00:00:00+00:00,0.0,12.752899
2049-02-11 00:00:00+00:00,0.0,13.252952
2049-02-12 00:00:00+00:00,0.0,15.025621
2049-02-13 00:00:00+00:00,0.0,10.688129
2049-02-14 00:00:00+00:00,0.0,10.171508
2049-02-15 00:00:00+00:00,0.0,11.942545
2049-02-16 00:00:00+00:00,0.0,14.726572
2049-02-17 00:00:00+00:00,0.0,14.7155695
2049-02-18 00:00:00+00:00,0.0,15.465186
2049-02-19 00:00:00+00:00,0.0,20.013794
2049-02-20 00:00:00+00:00,0.0,20.252106
2049-02-21 00:00:00+00:00,0.0,16.442667
2049-02-22 00:00:00+00:00,0.0,13.144429
2049-02-23 00:00:00+00:00,0.0,12.376984
2049-02-24 00:00:00+00:00,0.0,15.396773
2049-02-25 00:00:00+00:00,0.0,15.385503
2049-02-26 00:00:00+00:00,0.0,17.390566
2049-02-27 00:00:00+00:00,0.0,16.87419
2049-02-28 00:00:00+00:00,0.0,17.365273
2049-03-01 00:00:00+00:00,0.0,13.83185
2049-03-02 00:00:00+00:00,0.0,15.078384
2049-03-03 00:00:00+00:00,0.0,15.575223
2049-03-04 00:00:00+00:00,0.0,17.086164
2049-03-05 00:00:00+00:00,0.0,15.833218
2049-03-06 00:00:00+00:00,0.0,12.568735
2049-03-07 00:00:00+00:00,0.0,19.862843
2049-03-08 00:00:00+00:00,0.0,21.878944
2049-03-09 00:00:00+00:00,0.0,20.122864
2049-03-10 00:00:00+00:00,0.0,15.850133
2049-03-11 00:00:00+00:00,0.0,12.330506
2049-03-12 00:00:00+00:00,0.0,16.36028
2049-03-13 00:00:00+00:00,0.0,16.867258
2049-03-14 00:00:00+00:00,0.0,13.093787
2049-03-15 00:00:00+00:00,0.0,12.340997
2049-03-16 00:00:00+00:00,0.0,13.099347
2049-03-17 00:00:00+00:00,0.0,13.606052
2049-03-18 00:00:00+00:00,0.0,13.1049
2049-03-19 00:00:00+00:00,0.0,13.611815
2049-03-20 00:00:00+00:00,0.0,13.866817
2049-03-21 00:00:00+00:00,0.0,21.435062
2049-03-22 00:00:00+00:00,0.0,20.6829
2049-03-23 00:00:00+00:00,0.0,19.678127
2049-03-24 00:00:00+00:00,0.0,15.14021
2049-03-25 00:00:00+00:00,0.0,12.114721
2049-03-26 00:00:00+00:00,0.0,13.631928
2049-03-27 00:00:00+00:00,0.0,17.169743
2049-03-28 00:00:00+00:00,0.0,15.405502
2049-03-29 00:00:00+00:00,0.0,12.377511
2049-03-30 00:00:00+00:00,0.0,16.927902
2049-03-31 00:00:00+00:00,0.0,16.931448
2049-04-01 00:00:00+00:00,0.0,13.649101
2049-04-02 00:00:00+00:00,0.0,12.893515
2049-04-03 00:00:00+00:00,0.0,13.401945
2049-04-04 00:00:00+00:00,0.0,14.416423
2049-04-05 00:00:00+00:00,0.0,15.937268
2049-04-06 00:00:00+00:00,0.0,15.940592
2049-04-07 00:00:00+00:00,0.0,15.184681
2049-04-08 00:00:00+00:00,0.0,11.644011
2049-04-09 00:00:00+00:00,0.0,12.152801
2049-04-10 00:00:00+00:00,0.0,9.876204
2049-04-11 00:00:00+00:00,0.0,12.411141
2049-04-12 00:00:00+00:00,0.0,9.120281
2049-04-13 00:00:00+00:00,0.0,8.361992
2049-04-14 00:00:00+00:00,0.0,18.501574
2049-04-15 00:00:00+00:00,0.0,18.505404
2049-04-16 00:00:00+00:00,0.0,13.4382105
2049-04-17 00:00:00+00:00,0.0,14.709005
2049-04-18 00:00:00+00:00,0.0,14.458385
2049-04-19 00:00:00+00:00,0.0,18.520704
2049-04-20 00:00:00+00:00,0.0,24.107256
2049-04-21 00:00:00+00:00,0.23539703,18.274527
2049-04-22 00:00:00+00:00,0.0,17.516691
2049-04-23 00:00:00+00:00,0.0,18.282047
2049-04-24 00:00:00+00:00,0.0,11.682599
2049-04-25 00:00:00+00:00,0.0,12.701084
2049-04-26 00:00:00+00:00,0.0,18.54739
2049-04-27 00:00:00+00:00,0.0,19.059446
2049-04-28 00:00:00+00:00,0.0,10.929655
2049-04-29 00:00:00+00:00,0.0,8.135361
2049-04-30 00:00:00+00:00,0.0,8.137026
2049-05-01 00:00:00+00:00,0.0,10.173359
2049-05-02 00:00:00+00:00,0.0,13.482456
2049-05-03 00:00:00+00:00,0.0,21.622679
2049-05-04 00:00:00+00:00,0.0,22.635328
2049-05-05 00:00:00+00:00,0.0,13.985107
2049-05-06 00:00:00+00:00,0.0,16.52428
2049-05-07 00:00:00+00:00,0.0,15.50405
2049-05-08 00:00:00+00:00,0.0,14.738368
2049-05-09 00:00:00+00:00,0.0,20.070328
2049-05-10 00:00:00+00:00,0.0,20.31998
2049-05-11 00:00:00+00:00,0.0,19.553741
2049-05-12 00:00:00+00:00,0.0,17.010607
2049-05-13 00:00:00+00:00,0.0,13.707067
2049-05-14 00:00:00+00:00,0.0,17.764563
2049-05-15 00:00:00+00:00,0.0,19.790499
2049-05-16 00:00:00+00:00,0.0,17.756845
2049-05-17 00:00:00+00:00,0.0,16.99214
2049-05-18 00:00:00+00:00,0.0,19.270472
2049-05-19 00:00:00+00:00,0.0,22.054815
2049-05-20 00:00:00+00:00,0.0,19.768974
2049-05-21 00:00:00+00:00,0.0,19.764668
2049-05-22 00:00:00+00:00,0.0,17.226978
2049-05-23 00:00:00+00:00,0.0,18.489634
2049-05-24 00:00:00+00:00,0.0,18.232365
2049-05-25 00:00:00+00:00,0.0,17.975208
2049-05-26 00:00:00+00:00,0.0,17.718163
2049-05-27 00:00:00+00:00,0.0,16.955103
2049-05-28 00:00:00+00:00,0.0,16.951391
2049-05-29 00:00:00+00:00,0.0,18.718332
2049-05-30 00:00:00+00:00,0.0,19.472912
2049-05-31 00:00:00+00:00,0.0,16.181728
2049-06-01 00:00:00+00:00,0.0,17.694881
2049-06-02 00:00:00+00:00,0.0,9.856413
2049-06-03 00:00:00+00:00,0.0,19.203146
2049-06-04 00:00:00+00:00,0.0,13.893963
2049-06-05 00:00:00+00:00,0.0,18.184456
2049-06-06 00:00:00+00:00,0.0,20.705515
2049-06-07 00:00:00+00:00,0.0,24.23527
2049-06-08 00:00:00+00:00,0.0,20.696396
2049-06-09 00:00:00+00:00,0.0,16.402061
2049-06-10 00:00:00+00:00,0.0,16.650728
2049-06-11 00:00:00+00:00,0.0,17.908194
2049-06-12 00:00:00+00:00,0.0,14.878169
2049-06-13 00:00:00+00:00,0.0,26.724363
2049-06-14 00:00:00+00:00,0.0,27.474636
2049-06-15 00:00:00+00:00,0.0,20.664415
2049-06-16 00:00:00+00:00,0.0,17.888401
2049-06-17 00:00:00+00:00,0.0,20.655266
2049-06-18 00:00:00+00:00,0.0,18.13231
2049-06-19 00:00:00+00:00,0.0,15.610472
2049-06-20 00:00:00+00:00,0.0,12.33457
2049-06-21 00:00:00+00:00,0.0,17.113562
2049-06-22 00:00:00+00:00,0.0,19.6259
2049-06-23 00:00:00+00:00,0.0,20.627766
2049-06-24 00:00:00+00:00,0.0,20.87468
2049-06-25 00:00:00+00:00,7.5518727,20.870033
2049-06-26 00:00:00+00:00,0.0,22.373726
2049-06-27 00:00:00+00:00,0.0,15.331383
2049-06-28 00:00:00+00:00,0.0,15.579241
2049-06-29 00:00:00+00:00,0.0,17.58554
2049-06-30 00:00:00+00:00,0.0,17.581614
2049-07-01 00:00:00+00:00,0.0,20.842113
2049-07-02 00:00:00+00:00,0.0,21.339561
2049-07-03 00:00:00+00:00,4.954962,19.88152
2049-07-04 00:00:00+00:00,8.907632,10.865516
2049-07-05 00:00:00+00:00,0.0,20.297644
2049-07-06 00:00:00+00:00,0.0,19.871862
2049-07-07 00:00:00+00:00,1.3813742,18.419565
2049-07-08 00:00:00+00:00,0.0,16.955431
2049-07-09 00:00:00+00:00,0.0,21.412931
2049-07-10 00:00:00+00:00,0.0,21.763351
2049-07-11 00:00:00+00:00,17.381054,18.734539
2049-07-12 00:00:00+00:00,5.966107,9.930566
2049-07-13 00:00:00+00:00,3.74491,13.386172
2049-07-14 00:00:00+00:00,0.7755613,15.027029
2049-07-15 00:00:00+00:00,1.002453,14.299489
2049-07-16 00:00:00+00:00,0.2300544,14.36368
2049-07-17 00:00:00+00:00,0.15254842,18.4367
2049-07-18 00:00:00+00:00,0.0,18.520912
2049-07-19 00:00:00+00:00,15.930189,13.4828005
2049-07-20 00:00:00+00:00,0.0,13.54548
2049-07-21 00:00:00+00:00,0.0,20.95788
2049-07-22 00:00:00+00:00,0.0,21.330534
2049-07-23 00:00:00+00:00,0.37053657,17.585552
2049-07-24 00:00:00+00:00,0.6641002,11.04393
2049-07-25 00:00:00+00:00,0.0,11.3750725
2049-07-26 00:00:00+00:00,0.0,17.285738
2049-07-27 00:00:00+00:00,0.0,22.414637
2049-07-28 00:00:00+00:00,0.65354604,20.555593
2049-07-29 00:00:00+00:00,2.749144,15.848229
2049-07-30 00:00:00+00:00,0.0,11.946703
2049-07-31 00:00:00+00:00,0.0,12.579933
2049-08-01 00:00:00+00:00,0.0,19.25522
2049-08-02 00:00:00+00:00,0.28537592,23.689564
2049-08-03 00:00:00+00:00,5.8311524,19.458496
2049-08-04 00:00:00+00:00,31.685991,12.5549965
2049-08-05 00:00:00+00:00,24.309278,16.732424
2049-08-06 00:00:00+00:00,3.5226595,16.528404
2049-08-07 00:00:00+00:00,0.14049146,8.903206
2049-08-08 00:00:00+00:00,9.666052,11.340037
2049-08-09 00:00:00+00:00,30.802683,17.405592
2049-08-10 00:00:00+00:00,0.6965602,21.125795
2049-08-11 00:00:00+00:00,0.0,12.748039
2049-08-12 00:00:00+00:00,5.8894835,16.485125
2049-08-13 00:00:00+00:00,16.033756,14.124934
2049-08-14 00:00:00+00:00,0.5515074,14.517191
2049-08-15 00:00:00+00:00,0.0,9.010845
2049-08-16 00:00:00+00:00,0.0,17.817724
2049-08-17 00:00:00+00:00,0.82134664,21.071215
2049-08-18 00:00:00+00:00,0.54631263,17.72018
2049-08-19 00:00:00+00:00,0.40881762,12.417629
2049-08-20 00:00:00+00:00,6.0508437,10.252906
2049-08-21 00:00:00+00:00,13.907443,9.673211
2049-08-22 00:00:00+00:00,3.655728,11.682465
2049-08-23 00:00:00+00:00,5.0669513,10.778519
2049-08-24 00:00:00+00:00,3.6408484,11.506881
2049-08-25 00:00:00+00:00,6.728988,12.245246
2049-08-26 00:00:00+00:00,0.0,13.327061
2049-08-27 00:00:00+00:00,0.0,14.7594
2049-08-28 00:00:00+00:00,0.0,12.834379
2049-08-29 00:00:00+00:00,0.0,17.34487
2049-08-30 00:00:00+00:00,1.5999664,18.836842
2049-08-31 00:00:00+00:00,4.858008,13.79703
2049-09-01 00:00:00+00:00,0.0,11.464527
2049-09-02 00:00:00+00:00,0.0,21.233875
2049-09-03 00:00:00+00:00,0.06635719,23.675814
2049-09-04 00:00:00+00:00,0.0,23.681091
2049-09-05 00:00:00+00:00,0.06629987,21.944733
2049-09-06 00:00:00+00:00,0.06627002,19.162388
2049-09-07 00:00:00+00:00,7.2200875,15.681836
2049-09-08 00:00:00+00:00,11.520154,16.73105
2049-09-09 00:00:00+00:00,8.271915,14.642969
2049-09-10 00:00:00+00:00,6.2834816,13.948833
2049-09-11 00:00:00+00:00,9.651695,18.486387
2049-09-12 00:00:00+00:00,3.501819,15.001789
2049-09-13 00:00:00+00:00,14.857992,12.56249
2049-09-14 00:00:00+00:00,6.46779,13.961503
2049-09-15 00:00:00+00:00,4.4192533,11.520867
2049-09-16 00:00:00+00:00,4.152891,6.983942
2049-09-17 00:00:00+00:00,1.712815,8.382651
2049-09-18 00:00:00+00:00,3.028397,8.733934
2049-09-19 00:00:00+00:00,0.0,8.386508
2049-09-20 00:00:00+00:00,19.000237,10.83507
2049-09-21 00:00:00+00:00,5.1243997,8.739981
2049-09-22 00:00:00+00:00,0.0,8.392327
2049-09-23 00:00:00+00:00,0.59037876,10.842606
2049-09-24 00:00:00+00:00,0.8520847,10.145445
2049-09-25 00:00:00+00:00,0.0,11.547508
2049-09-26 00:00:00+00:00,3.4679832,10.500189
2049-09-27 00:00:00+00:00,2.3534904,10.502649
2049-09-28 00:00:00+00:00,0.13062693,11.205458
2049-09-29 00:00:00+00:00,2.2184908,10.857841
2049-09-30 00:00:00+00:00,5.3450336,7.3570466
2049-10-01 00:00:00+00:00,1.0418266,10.162132
2049-10-02 00:00:00+00:00,0.5203359,9.814038
2049-10-03 00:00:00+00:00,2.9884653,10.517538
2049-10-04 00:00:00+00:00,13.042465,12.974717
2049-10-05 00:00:00+00:00,0.71286047,6.664281
2049-10-06 00:00:00+00:00,4.077311,8.069216
2049-10-07 00:00:00+00:00,2.326636,7.01839
2049-10-08 00:00:00+00:00,0.8389399,5.967064
2049-10-09 00:00:00+00:00,3.1572704,10.181559
2049-10-10 00:00:00+00:00,2.4445066,9.83284
2049-10-11 00:00:00+00:00,3.7888947,9.132701
2049-10-12 00:00:00+00:00,0.576917,13.702373
2049-10-13 00:00:00+00:00,0.12795725,6.6771345
2049-10-14 00:00:00+00:00,0.0,10.193896
2049-10-15 00:00:00+00:00,0.5096794,9.141583
2049-10-16 00:00:00+00:00,1.0170099,12.660672
2049-10-17 00:00:00+00:00,0.7608832,6.3318863
2049-10-18 00:00:00+00:00,0.12648092,5.9815836
2049-10-19 00:00:00+00:00,0.0,6.686944
2049-10-20 00:00:00+00:00,0.0,11.264998
2049-10-21 00:00:00+00:00,0.0,7.7466016
2049-10-22 00:00:00+00:00,0.0,8.805137
2049-10-23 00:00:00+00:00,0.0,7.398152
2049-10-24 00:00:00+00:00,0.0,11.980941
2049-10-25 00:00:00+00:00,0.0,10.221587
2049-10-26 00:00:00+00:00,0.0,13.044595
2049-10-27 00:00:00+00:00,0.0,12.342574
2049-10-28 00:00:00+00:00,0.0,12.698406
2049-10-29 00:00:00+00:00,0.0,9.526203
2049-10-30 00:00:00+00:00,0.0,5.999493
2049-10-31 00:00:00+00:00,0.0,6.00101
2049-11-01 00:00:00+00:00,0.0,4.5901704
2049-11-02 00:00:00+00:00,0.0,12.992536
2049-11-03 00:00:00+00:00,0.0,11.864459
2049-11-04 00:00:00+00:00,0.0,12.137885
2049-11-05 00:00:00+00:00,0.0,8.961545
2049-11-06 00:00:00+00:00,0.0,8.9072895
2049-11-07 00:00:00+00:00,0.0,9.194462
2049-11-08 00:00:00+00:00,0.0,15.571764
2049-11-09 00:00:00+00:00,0.0,17.836105
2049-11-10 00:00:00+00:00,0.0,16.059637
2049-11-11 00:00:00+00:00,0.0,12.640789
2049-11-12 00:00:00+00:00,0.0,12.238094
2049-11-13 00:00:00+00:00,0.0,15.458107
2049-11-14 00:00:00+00:00,0.0,15.371886
2049-11-15 00:00:00+00:00,0.0,9.432403
2049-11-16 00:00:00+00:00,0.0,6.1460576
2049-11-17 00:00:00+00:00,0.0,9.3300295
2049-11-18 00:00:00+00:00,0.0,9.920003
2049-11-19 00:00:00+00:00,0.0,11.777128
2049-11-20 00:00:00+00:00,0.0,16.14796
2049-11-21 00:00:00+00:00,0.0,15.433886
2049-11-22 00:00:00+00:00,0.0,15.040894
2049-11-23 00:00:00+00:00,0.0,14.652261
2049-11-24 00:00:00+00:00,0.0,15.19841
2049-11-25 00:00:00+00:00,0.0,13.579089
2049-11-26 00:00:00+00:00,0.0,14.125761
2049-11-27 00:00:00+00:00,0.0,9.167086
2049-11-28 00:00:00+00:00,0.0,9.122354
2049-11-29 00:00:00+00:00,0.0,17.551275
2049-11-30 00:00:00+00:00,0.0,19.274128
2049-12-01 00:00:00+00:00,0.0,18.882874
2049-12-02 00:00:00+00:00,0.0,19.688961
2049-12-03 00:00:00+00:00,0.0,19.300196
2049-12-04 00:00:00+00:00,0.0,16.255432
2049-12-05 00:00:00+00:00,0.0,14.415746
2049-12-06 00:00:00+00:00,0.0,16.4003
2049-12-07 00:00:00+00:00,0.0,18.075706
2049-12-08 00:00:00+00:00,0.0,17.995008
2049-12-09 00:00:00+00:00,0.0,16.470573
2049-12-10 00:00:00+00:00,0.0,14.384471
2049-12-11 00:00:00+00:00,0.0,14.89476
2049-12-12 00:00:00+00:00,0.0,16.541712
2049-12-13 00:00:00+00:00,0.0,19.026783
2049-12-14 00:00:00+00:00,0.0,18.66329
2049-12-15 00:00:00+00:00,0.0,16.050488
2049-12-16 00:00:00+00:00,0.0,14.861874
2049-12-17 00:00:00+00:00,0.0,18.430656
2049-12-18 00:00:00+00:00,0.0,14.739638
2049-12-19 00:00:00+00:00,0.0,14.402665
2049-12-20 00:00:00+00:00,0.0,14.344515
2049-12-21 00:00:00+00:00,0.0,14.287066
2049-12-22 00:00:00+00:00,0.0,16.693243
2049-12-23 00:00:00+00:00,0.0,16.354872
2049-12-24 00:00:00+00:00,0.0,14.118806
2049-12-25 00:00:00+00:00,0.0,14.604967
2049-12-26 00:00:00+00:00,0.0,12.39339
2049-12-27 00:00:00+00:00,0.0,17.713924
2049-12-28 00:00:00+00:00,0.0,17.112062
2049-12-29 00:00:00+00:00,0.0,17.846851
2049-12-30 00:00:00+00:00,0.0,16.188015
2049-12-31 00:00:00+00:00,0.0,16.128098
2050-01-01 00:00:00+00:00,0.0,18.966518
2050-01-02 00:00:00+00:00,0.0,13.949676
2050-01-03 00:00:00+00:00,0.0,12.62303
2050-01-04 00:00:00+00:00,0.0,13.663463
2050-01-05 00:00:00+00:00,0.0,15.227251
2050-01-06 00:00:00+00:00,0.0,14.165255
2050-01-07 00:00:00+00:00,0.0,20.181778
2050-01-08 00:00:00+00:00,0.0,14.927345
2050-01-09 00:00:00+00:00,0.0,17.531641
2050-01-10 00:00:00+00:00,0.0,13.333953
2050-01-11 00:00:00+00:00,0.0,9.404445
2050-01-12 00:00:00+00:00,0.0,7.569578
2050-01-13 00:00:00+00:00,0.0,11.475463
2050-01-14 00:00:00+00:00,0.0,16.938532
2050-01-15 00:00:00+00:00,0.0,15.883202
2050-01-16 00:00:00+00:00,0.0,19.51265
2050-01-17 00:00:00+00:00,0.0,19.756786
2050-01-18 00:00:00+00:00,0.0,21.299292
2050-01-19 00:00:00+00:00,0.0,16.350891
2050-01-20 00:00:00+00:00,0.0,13.744449
2050-01-21 00:00:00+00:00,0.0,8.291878
2050-01-22 00:00:00+00:00,0.0,14.499173
2050-01-23 00:00:00+00:00,0.0,14.228898
2050-01-24 00:00:00+00:00,0.0,13.442068
2050-01-25 00:00:00+00:00,0.0,10.848437
2050-01-26 00:00:00+00:00,0.0,12.904582
2050-01-27 00:00:00+00:00,0.0,13.668057
2050-01-28 00:00:00+00:00,0.0,13.399609
2050-01-29 00:00:00+00:00,0.0,14.16153
2050-01-30 00:00:00+00:00,0.0,13.635876
2050-01-31 00:00:00+00:00,0.0,10.283187
2050-02-01 00:00:00+00:00,0.0,8.990776
2050-02-02 00:00:00+00:00,0.0,12.320623
2050-02-03 00:00:00+00:00,0.0,8.720344
2050-02-04 00:00:00+00:00,0.0,8.969883
2050-02-05 00:00:00+00:00,0.0,10.243389
2050-02-06 00:00:00+00:00,0.0,10.491398
2050-02-07 00:00:00+00:00,0.0,13.807338
2050-02-08 00:00:00+00:00,0.0,13.796773
2050-02-09 00:00:00+00:00,0.0,11.999139
2050-02-10 00:00:00+00:00,0.0,9.438939
2050-02-11 00:00:00+00:00,0.0,11.216163
2050-02-12 00:00:00+00:00,0.0,11.717108
2050-02-13 00:00:00+00:00,0.0,11.453729
2050-02-14 00:00:00+00:00,0.0,14.751463
2050-02-15 00:00:00+00:00,0.0,16.0111
2050-02-16 00:00:00+00:00,0.0,15.999098
2050-02-17 00:00:00+00:00,0.0,15.225843
2050-02-18 00:00:00+00:00,0.0,13.439467
2050-02-19 00:00:00+00:00,0.0,13.429473
2050-02-20 00:00:00+00:00,0.0,10.12793
2050-02-21 00:00:00+00:00,0.0,12.144522
2050-02-22 00:00:00+00:00,0.0,16.433565
2050-02-23 00:00:00+00:00,0.0,17.684656
2050-02-24 00:00:00+00:00,0.0,17.419218
2050-02-25 00:00:00+00:00,0.0,15.892853
2050-02-26 00:00:00+00:00,0.0,14.368739
2050-02-27 00:00:00+00:00,0.0,16.121563
2050-02-28 00:00:00+00:00,0.0,16.864994
2050-03-01 00:00:00+00:00,0.0,18.11043
2050-03-02 00:00:00+00:00,0.0,18.09733
2050-03-03 00:00:00+00:00,0.0,15.323188
2050-03-04 00:00:00+00:00,0.0,15.828981
2050-03-05 00:00:00+00:00,0.0,13.821912
2050-03-06 00:00:00+00:00,0.0,14.076229
2050-03-07 00:00:00+00:00,0.0,14.330653
2050-03-08 00:00:00+00:00,0.0,15.842526
2050-03-09 00:00:00+00:00,0.0,10.312418
2050-03-10 00:00:00+00:00,0.0,10.817767
2050-03-11 00:00:00+00:00,0.0,12.078222
2050-03-12 00:00:00+00:00,0.0,17.114456
2050-03-13 00:00:00+00:00,0.0,19.13199
2050-03-14 00:00:00+00:00,0.0,22.40933
2050-03-15 00:00:00+00:00,0.0,11.332968
2050-03-16 00:00:00+00:00,0.0,10.075887
2050-03-17 00:00:00+00:00,0.0,13.353382
2050-03-18 00:00:00+00:00,0.0,17.136269
2050-03-19 00:00:00+00:00,0.0,20.416647
2050-03-20 00:00:00+00:00,0.0,9.075981
2050-03-21 00:00:00+00:00,0.0,12.608196
2050-03-22 00:00:00+00:00,0.0,19.420723
2050-03-23 00:00:00+00:00,0.0,16.902113
2050-03-24 00:00:00+00:00,0.0,12.111532
2050-03-25 00:00:00+00:00,0.0,13.1235895
2050-03-26 00:00:00+00:00,0.0,11.106914
2050-03-27 00:00:00+00:00,0.0,14.391528
2050-03-28 00:00:00+00:00,0.0,20.202879
2050-03-29 00:00:00+00:00,0.0,9.345794
2050-03-30 00:00:00+00:00,0.0,15.916448
2050-03-31 00:00:00+00:00,0.0,23.753325
2050-04-01 00:00:00+00:00,0.0,20.725327
2050-04-02 00:00:00+00:00,0.0,14.156844
2050-04-03 00:00:00+00:00,0.0,12.136977
2050-04-04 00:00:00+00:00,0.0,23.267397
2050-04-05 00:00:00+00:00,0.0,18.46603
2050-04-06 00:00:00+00:00,0.0,15.433738
2050-04-07 00:00:00+00:00,0.0,10.122593
2050-04-08 00:00:00+00:00,0.0,12.908993
2050-04-09 00:00:00+00:00,0.0,19.494104
2050-04-10 00:00:00+00:00,0.0,19.498158
2050-04-11 00:00:00+00:00,0.0,15.1965275
2050-04-12 00:00:00+00:00,0.0,10.8931055
2050-04-13 00:00:00+00:00,0.0,13.429172
2050-04-14 00:00:00+00:00,0.0,14.445687
2050-04-15 00:00:00+00:00,0.0,11.406849
2050-04-16 00:00:00+00:00,0.0,19.775967
2050-04-17 00:00:00+00:00,0.0,17.24415
2050-04-18 00:00:00+00:00,0.0,11.413926
2050-04-19 00:00:00+00:00,0.0,10.908895
2050-04-20 00:00:00+00:00,0.0,13.702365
2050-04-21 00:00:00+00:00,0.0,17.765987
2050-04-22 00:00:00+00:00,0.0,20.054316
2050-04-23 00:00:00+00:00,0.0,18.28111
2050-04-24 00:00:00+00:00,0.0,15.999261
2050-04-25 00:00:00+00:00,0.0,14.986511
2050-04-26 00:00:00+00:00,0.0,12.9571
2050-04-27 00:00:00+00:00,0.0,10.418629
2050-04-28 00:00:00+00:00,0.0,8.133279
2050-04-29 00:00:00+00:00,0.0,8.643379
2050-04-30 00:00:00+00:00,0.0,11.9506445
2050-05-01 00:00:00+00:00,0.0,12.970371
2050-05-02 00:00:00+00:00,0.0,16.025496
2050-05-03 00:00:00+00:00,0.0,19.334263
2050-05-04 00:00:00+00:00,0.0,17.549686
2050-05-05 00:00:00+00:00,0.0,7.628652
2050-05-06 00:00:00+00:00,0.0,13.220139
2050-05-07 00:00:00+00:00,0.0,17.284138
2050-05-08 00:00:00+00:00,0.0,18.04277
2050-05-09 00:00:00+00:00,0.0,18.292934
2050-05-10 00:00:00+00:00,0.0,14.732782
2050-05-11 00:00:00+00:00,0.0,14.221675
2050-05-12 00:00:00+00:00,0.0,12.695172
2050-05-13 00:00:00+00:00,0.0,11.677024
2050-05-14 00:00:00+00:00,0.0,18.01932
2050-05-15 00:00:00+00:00,0.0,17.50793
2050-05-16 00:00:00+00:00,0.0,15.982029
2050-05-17 00:00:00+00:00,0.0,10.6523695
2050-05-18 00:00:00+00:00,0.0,18.510805
2050-05-19 00:00:00+00:00,0.0,18.760292
2050-05-20 00:00:00+00:00,0.0,15.207731
2050-05-21 00:00:00+00:00,0.0,21.793001
2050-05-22 00:00:00+00:00,0.0,17.73462
2050-05-23 00:00:00+00:00,0.0,14.184601
2050-05-24 00:00:00+00:00,0.0,15.700949
2050-05-25 00:00:00+00:00,0.0,18.482561
2050-05-26 00:00:00+00:00,0.0,21.262957
2050-05-27 00:00:00+00:00,0.0,17.968332
2050-05-28 00:00:00+00:00,0.0,16.6993
2050-05-29 00:00:00+00:00,0.0,18.213427
2050-05-30 00:00:00+00:00,0.0,17.45071
2050-05-31 00:00:00+00:00,0.0,17.19403
2050-06-01 00:00:00+00:00,0.0,15.4206705
2050-06-02 00:00:00+00:00,0.0,14.911803
2050-06-03 00:00:00+00:00,0.0,15.4139
2050-06-04 00:00:00+00:00,0.0,15.410512
2050-06-05 00:00:00+00:00,0.0,14.649396
2050-06-06 00:00:00+00:00,0.0,10.353329
2050-06-07 00:00:00+00:00,0.0,9.593657
2050-06-08 00:00:00+00:00,0.0,13.630086
2050-06-09 00:00:00+00:00,0.0,14.38414
2050-06-10 00:00:00+00:00,0.0,14.380968
2050-06-11 00:00:00+00:00,0.0,26.737652
2050-06-12 00:00:00+00:00,0.0,26.479559
2050-06-13 00:00:00+00:00,0.0,21.431103
2050-06-14 00:00:00+00:00,0.0,19.91391
2050-06-15 00:00:00+00:00,0.0,17.137295
2050-06-16 00:00:00+00:00,0.0,17.63743
2050-06-17 00:00:00+00:00,0.0,19.144964
2050-06-18 00:00:00+00:00,0.0,19.14072
2050-06-19 00:00:00+00:00,0.0,16.366724
2050-06-20 00:00:00+00:00,0.0,11.076554
2050-06-21 00:00:00+00:00,0.0,15.352722
2050-06-22 00:00:00+00:00,0.0,16.859081
2050-06-23 00:00:00+00:00,0.0,20.628912
2050-06-24 00:00:00+00:00,0.0,21.127356
2050-06-25 00:00:00+00:00,0.0,18.859514
2050-06-26 00:00:00+00:00,6.784631,14.078633
2050-06-27 00:00:00+00:00,0.0,14.326843
2050-06-28 00:00:00+00:00,4.150037,17.841738
2050-06-29 00:00:00+00:00,1.777459,15.325398
2050-06-30 00:00:00+00:00,0.0,16.075516
2050-07-01 00:00:00+00:00,0.0,19.838781
2050-07-02 00:00:00+00:00,0.0,20.085415
2050-07-03 00:00:00+00:00,1.9359521,16.59315
2050-07-04 00:00:00+00:00,0.0,14.893359
2050-07-05 00:00:00+00:00,0.0,15.207649
2050-07-06 00:00:00+00:00,0.0,17.815315
2050-07-07 00:00:00+00:00,0.0,18.4004
2050-07-08 00:00:00+00:00,0.0,18.220797
2050-07-09 00:00:00+00:00,0.0,17.782282
2050-07-10 00:00:00+00:00,0.0,16.305103
2050-07-11 00:00:00+00:00,0.8704748,17.934618
2050-07-12 00:00:00+00:00,0.0,10.963979
2050-07-13 00:00:00+00:00,0.0,20.974941
2050-07-14 00:00:00+00:00,0.0,21.330633
2050-07-15 00:00:00+00:00,1.0810968,18.780254
2050-07-16 00:00:00+00:00,0.0,14.61325
2050-07-17 00:00:00+00:00,0.0,21.885468
2050-07-18 00:00:00+00:00,0.0,20.10843
2050-07-19 00:00:00+00:00,9.071081,19.39285
2050-07-20 00:00:00+00:00,0.07522223,11.635569
2050-07-21 00:00:00+00:00,0.0,13.049328
2050-07-22 00:00:00+00:00,0.0,19.939562
2050-07-23 00:00:00+00:00,0.0,16.19232
2050-07-24 00:00:00+00:00,0.0,16.54593
2050-07-25 00:00:00+00:00,0.0,18.84303
2050-07-26 00:00:00+00:00,0.0,21.998344
2050-07-27 00:00:00+00:00,0.0,21.547367
2050-07-28 00:00:00+00:00,0.0,14.624035
2050-07-29 00:00:00+00:00,10.572253,14.13235
2050-07-30 00:00:00+00:00,0.0,22.726645
2050-07-31 00:00:00+00:00,0.0718926,20.844421
2050-08-01 00:00:00+00:00,11.463074,18.943213
2050-08-02 00:00:00+00:00,4.5698023,12.117783
2050-08-03 00:00:00+00:00,0.0,22.91325
2050-08-04 00:00:00+00:00,0.0,22.743755
2050-08-05 00:00:00+00:00,0.42432466,21.10719
2050-08-06 00:00:00+00:00,14.947268,14.737405
2050-08-07 00:00:00+00:00,4.5693088,10.076422
2050-08-08 00:00:00+00:00,0.0,17.880451
2050-08-09 00:00:00+00:00,5.521783,17.680847
2050-08-10 00:00:00+00:00,2.3699148,13.260252
2050-08-11 00:00:00+00:00,5.6307783,12.729791
2050-08-12 00:00:00+00:00,6.1013045,12.193545
2050-08-13 00:00:00+00:00,0.0,19.316755
2050-08-14 00:00:00+00:00,0.0,20.047333
2050-08-15 00:00:00+00:00,0.0,15.823025
2050-08-16 00:00:00+00:00,0.0,16.54239
2050-08-17 00:00:00+00:00,0.0,21.353138
2050-08-18 00:00:00+00:00,0.0,21.168299
2050-08-19 00:00:00+00:00,0.0,20.663847
2050-08-20 00:00:00+00:00,0.0,17.914368
2050-08-21 00:00:00+00:00,0.33938667,16.096392
2050-08-22 00:00:00+00:00,7.2475376,13.607637
2050-08-23 00:00:00+00:00,4.2584147,15.978464
2050-08-24 00:00:00+00:00,6.8806024,18.052534
2050-08-25 00:00:00+00:00,0.20196876,14.868127
2050-08-26 00:00:00+00:00,0.0,10.311121
2050-08-27 00:00:00+00:00,0.0,17.41329
2050-08-28 00:00:00+00:00,13.655374,24.950314
2050-08-29 00:00:00+00:00,8.351905,16.975214
2050-08-30 00:00:00+00:00,0.6002544,22.222572
2050-08-31 00:00:00+00:00,1.7310053,11.362297
2050-09-01 00:00:00+00:00,10.833261,9.709965
2050-09-02 00:00:00+00:00,1.9253533,12.530771
2050-09-03 00:00:00+00:00,0.0,13.926175
2050-09-04 00:00:00+00:00,6.567269,11.491653
2050-09-05 00:00:00+00:00,1.1935296,11.145908
2050-09-06 00:00:00+00:00,0.0,14.632277
2050-09-07 00:00:00+00:00,0.72871804,16.377886
2050-09-08 00:00:00+00:00,14.964762,13.941759
2050-09-09 00:00:00+00:00,0.06618353,10.458674
2050-09-10 00:00:00+00:00,3.175217,12.553241
2050-09-11 00:00:00+00:00,5.685993,14.299978
2050-09-12 00:00:00+00:00,6.608101,10.814629
2050-09-13 00:00:00+00:00,2.179477,11.514962
2050-09-14 00:00:00+00:00,0.0,13.960707
2050-09-15 00:00:00+00:00,1.1214702,13.963892
2050-09-16 00:00:00+00:00,15.757043,11.173668
2050-09-17 00:00:00+00:00,5.271038,11.525484
2050-09-18 00:00:00+00:00,3.9507327,11.178794
2050-09-19 00:00:00+00:00,1.8424474,9.434278
2050-09-20 00:00:00+00:00,0.5260508,9.785952
2050-09-21 00:00:00+00:00,3.285471,9.089054
2050-09-22 00:00:00+00:00,1.3788774,8.7415
2050-09-23 00:00:00+00:00,0.98415744,8.743529
2050-09-24 00:00:00+00:00,2.2945416,12.943434
2050-09-25 00:00:00+00:00,2.9476893,13.296353
2050-09-26 00:00:00+00:00,2.4215772,8.049673
2050-09-27 00:00:00+00:00,5.165784,7.001356
2050-09-28 00:00:00+00:00,1.8945414,9.804198
2050-09-29 00:00:00+00:00,1.1747862,12.958595
2050-09-30 00:00:00+00:00,3.9772117,14.012595
2050-10-01 00:00:00+00:00,9.834891,9.460735
2050-10-02 00:00:00+00:00,8.913264,10.163938
2050-10-03 00:00:00+00:00,1.4946729,9.465221
2050-10-04 00:00:00+00:00,0.0,5.259707
2050-10-05 00:00:00+00:00,2.2040994,6.3131523
2050-10-06 00:00:00+00:00,0.0,7.0162897
2050-10-07 00:00:00+00:00,1.0344287,9.123362
2050-10-08 00:00:00+00:00,0.0,11.933412
2050-10-09 00:00:00+00:00,0.32229748,13.691618
2050-10-10 00:00:00+00:00,0.9653383,7.3741865
2050-10-11 00:00:00+00:00,0.0,10.185861
2050-10-12 00:00:00+00:00,0.7695799,10.539647
2050-10-13 00:00:00+00:00,0.25604036,15.110494
2050-10-14 00:00:00+00:00,0.0,13.356706
2050-10-15 00:00:00+00:00,0.0,10.5473385
2050-10-16 00:00:00+00:00,0.0,11.2532425
2050-10-17 00:00:00+00:00,0.0,11.9594965
2050-10-18 00:00:00+00:00,0.0,9.851414
2050-10-19 00:00:00+00:00,0.44175765,12.669219
2050-10-20 00:00:00+00:00,0.6292113,10.560284
2050-10-21 00:00:00+00:00,2.0697756,9.858701
2050-10-22 00:00:00+00:00,1.125085,8.804591
2050-10-23 00:00:00+00:00,0.0,7.7499633
2050-10-24 00:00:00+00:00,0.0,8.104249
2050-10-25 00:00:00+00:00,0.0,13.040522
2050-10-26 00:00:00+00:00,0.0,12.691244
2050-10-27 00:00:00+00:00,0.0,11.989178
2050-10-28 00:00:00+00:00,0.0,10.581341
2050-10-29 00:00:00+00:00,0.0,9.172802
2050-10-30 00:00:00+00:00,0.0,9.528005
2050-10-31 00:00:00+00:00,0.0,7.0595646
2050-11-01 00:00:00+00:00,0.0,6.00215
2050-11-02 00:00:00+00:00,0.0,6.330676
2050-11-03 00:00:00+00:00,0.0,11.183997
2050-11-04 00:00:00+00:00,0.0,14.93531
2050-11-05 00:00:00+00:00,0.058807213,11.3916645
2050-11-06 00:00:00+00:00,0.0,6.86213
2050-11-07 00:00:00+00:00,0.0,12.959731
2050-11-08 00:00:00+00:00,0.0,17.28993
2050-11-09 00:00:00+00:00,0.0,9.4366665
2050-11-10 00:00:00+00:00,0.0,11.727151
2050-11-11 00:00:00+00:00,0.0,6.6626067
2050-11-12 00:00:00+00:00,0.0,6.955825
2050-11-13 00:00:00+00:00,0.0,6.257821
2050-11-14 00:00:00+00:00,0.0,16.048351
2050-11-15 00:00:00+00:00,0.0,14.330985
2050-11-16 00:00:00+00:00,0.0,15.548105
2050-11-17 00:00:00+00:00,0.0,15.46371
2050-11-18 00:00:00+00:00,0.0,15.060158
2050-11-19 00:00:00+00:00,0.0,15.617435
2050-11-20 00:00:00+00:00,0.0,16.486225
2050-11-21 00:00:00+00:00,0.0,16.400137
2050-11-22 00:00:00+00:00,0.0,15.687799
2050-11-23 00:00:00+00:00,0.0,15.919572
2050-11-24 00:00:00+00:00,0.0,17.08103
2050-11-25 00:00:00+00:00,0.0,16.68614
2050-11-26 00:00:00+00:00,0.0,14.45077
2050-11-27 00:00:00+00:00,0.0,11.319987
2050-11-28 00:00:00+00:00,0.0,11.569074
2050-11-29 00:00:00+00:00,0.0,5.1505556
2050-11-30 00:00:00+00:00,0.0,8.744046
2050-12-01 00:00:00+00:00,0.0,9.302598
2050-12-02 00:00:00+00:00,0.0,5.3760314
2050-12-03 00:00:00+00:00,0.0,6.8372602
2050-12-04 00:00:00+00:00,0.0,13.907054
2050-12-05 00:00:00+00:00,0.0,20.322971
2050-12-06 00:00:00+00:00,0.0,21.989618
2050-12-07 00:00:00+00:00,0.0,23.93348
2050-12-08 00:00:00+00:00,0.0,18.015083
2050-12-09 00:00:00+00:00,0.0,16.48879
2050-12-10 00:00:00+00:00,0.0,19.296328
2050-12-11 00:00:00+00:00,0.0,17.491697
2050-12-12 00:00:00+00:00,0.0,17.416073
2050-12-13 00:00:00+00:00,0.0,18.762836
2050-12-14 00:00:00+00:00,0.0,20.664616
2050-12-15 00:00:00+00:00,0.0,19.16808
2050-12-16 00:00:00+00:00,0.0,15.719481
2050-12-17 00:00:00+00:00,0.0,10.622562
2050-12-18 00:00:00+00:00,0.0,9.186921
2050-12-19 00:00:00+00:00,0.0,13.3082905
2050-12-20 00:00:00+00:00,0.0,15.739658
2050-12-21 00:00:00+00:00,0.0,16.22655
2050-12-22 00:00:00+00:00,0.0,16.435884
2050-12-23 00:00:00+00:00,0.0,16.37098
2050-12-24 00:00:00+00:00,0.0,15.219722
2050-12-25 00:00:00+00:00,0.0,8.933907
2050-12-26 00:00:00+00:00,0.0,8.090418
2050-12-27 00:00:00+00:00,0.0,6.7162213
2050-12-28 00:00:00+00:00,0.0,13.381454
2050-12-29 00:00:00+00:00,0.0,9.065118
2050-12-30 00:00:00+00:00,0.0,13.281231
2050-12-31 00:00:00+00:00,0.0,12.7027
