date,precipitation_sum,wind_speed_10m_max
2025-01-01 00:00:00+00:00,0.0,13.550068
2025-01-02 00:00:00+00:00,0.0,16.824444
2025-01-03 00:00:00+00:00,0.0,18.477156
2025-01-04 00:00:00+00:00,0.0,14.964623
2025-01-05 00:00:00+00:00,0.0,13.077381
2025-01-06 00:00:00+00:00,0.0,14.45878
2025-01-07 00:00:00+00:00,0.0,18.302334
2025-01-08 00:00:00+00:00,0.0,18.053076
2025-01-09 00:00:00+00:00,0.0,15.885853
2025-01-10 00:00:00+00:00,0.0,14.261354
2025-01-11 00:00:00+00:00,0.0,16.751816
2025-01-12 00:00:00+00:00,0.0,15.949031
2025-01-13 00:00:00+00:00,0.0,15.694777
2025-01-14 00:00:00+00:00,0.0,14.88839
2025-01-15 00:00:00+00:00,0.0,13.251606
2025-01-16 00:00:00+00:00,0.0,13.821981
2025-01-17 00:00:00+00:00,0.0,16.054657
2025-01-18 00:00:00+00:00,0.0,17.461678
2025-01-19 00:00:00+00:00,0.0,18.594831
2025-01-20 00:00:00+00:00,0.0,20.286732
2025-01-21 00:00:00+00:00,0.0,18.922112
2025-01-22 00:00:00+00:00,0.0,18.66838
2025-01-23 00:00:00+00:00,0.0,18.692932
2025-01-24 00:00:00+00:00,0.0,19.27624
2025-01-25 00:00:00+00:00,0.0,19.301565
2025-01-26 00:00:00+00:00,0.0,22.127914
2025-01-27 00:00:00+00:00,0.0,18.51087
2025-01-28 00:00:00+00:00,0.0,15.726798
2025-01-29 00:00:00+00:00,0.0,14.060192
2025-01-30 00:00:00+00:00,0.0,16.894335
2025-01-31 00:00:00+00:00,0.0,17.480345
2025-02-01 00:00:00+00:00,0.0,16.373983
2025-02-02 00:00:00+00:00,0.0,13.285931
2025-02-03 00:00:00+00:00,0.0,13.303302
2025-02-04 00:00:00+00:00,0.0,13.320687
2025-02-05 00:00:00+00:00,0.0,12.486718
2025-02-06 00:00:00+00:00,0.0,15.060454
2025-02-07 00:00:00+00:00,0.0,17.92541
2025-02-08 00:00:00+00:00,0.0,17.948784
2025-02-09 00:00:00+00:00,0.0,16.545815
2025-02-10 00:00:00+00:00,0.0,16.56737
2025-02-11 00:00:00+00:00,0.0,15.444877
2025-02-12 00:00:00+00:00,0.0,13.460254
2025-02-13 00:00:00+00:00,0.0,14.624804
2025-02-14 00:00:00+00:00,0.0,15.79235
2025-02-15 00:00:00+00:00,0.0,17.537909
2025-02-16 00:00:00+00:00,0.0,16.409164
2025-02-17 00:00:00+00:00,0.0,13.836179
2025-02-18 00:00:00+00:00,0.0,14.720011
2025-02-19 00:00:00+00:00,0.0,17.629116
2025-02-20 00:00:00+00:00,0.0,17.94134
2025-02-21 00:00:00+00:00,0.0,15.936319
2025-02-22 00:00:00+00:00,0.0,13.345813
2025-02-23 00:00:00+00:00,0.0,13.653583
2025-02-24 00:00:00+00:00,0.0,14.543874
2025-02-25 00:00:00+00:00,0.0,13.397659
2025-02-26 00:00:00+00:00,0.0,13.4149685
2025-02-27 00:00:00+00:00,0.0,18.396399
2025-02-28 00:00:00+00:00,0.0,17.542992
2025-03-01 00:00:00+00:00,0.0,12.588695
2025-03-02 00:00:00+00:00,0.0,14.656893
2025-03-03 00:00:00+00:00,0.0,18.202986
2025-03-04 00:00:00+00:00,0.0,21.181791
2025-03-05 00:00:00+00:00,0.0,15.918571
2025-03-06 00:00:00+00:00,0.0,20.086313
2025-03-07 00:00:00+00:00,0.0,18.943188
2025-03-08 00:00:00+00:00,0.0,18.685143
2025-03-09 00:00:00+00:00,0.0,16.940035
2025-03-10 00:00:00+00:00,0.0,16.97457
2025-03-11 00:00:00+00:00,0.0,15.218764
2025-03-12 00:00:00+00:00,0.0,12.259687
2025-03-13 00:00:00+00:00,0.0,12.284757
2025-03-14 00:00:00+00:00,0.0,14.411593
2025-03-15 00:00:00+00:00,0.0,18.953976
2025-03-16 00:00:00+00:00,0.0,16.581059
2025-03-17 00:00:00+00:00,0.0,16.010916
2025-03-18 00:00:00+00:00,0.0,17.55739
2025-03-19 00:00:00+00:00,0.0,18.200184
2025-03-20 00:00:00+00:00,0.0,15.805977
2025-03-21 00:00:00+00:00,0.0,14.315622
2025-03-22 00:00:00+00:00,0.0,11.293004
2025-03-23 00:00:00+00:00,0.0,14.374802
2025-03-24 00:00:00+00:00,0.0,15.630445
2025-03-25 00:00:00+00:00,0.0,17.505486
2025-03-26 00:00:00+00:00,0.0,18.465012
2025-03-27 00:00:00+00:00,0.0,19.120094
2025-03-28 00:00:00+00:00,0.0,15.142423
2025-03-29 00:00:00+00:00,0.0,12.696528
2025-03-30 00:00:00+00:00,0.0,13.653898
2025-03-31 00:00:00+00:00,0.0,13.060416
2025-04-01 00:00:00+00:00,0.0,12.464432
2025-04-02 00:00:00+00:00,0.0,14.676282
2025-04-03 00:00:00+00:00,0.0,12.516554
2025-04-04 00:00:00+00:00,0.0,12.229173
2025-04-05 00:00:00+00:00,0.0,15.711263
2025-04-06 00:00:00+00:00,0.0,15.114433
2025-04-07 00:00:00+00:00,0.0,15.146156
2025-04-08 00:00:00+00:00,0.0,13.280729
2025-04-09 00:00:00+00:00,0.0,14.893028
2025-04-10 00:00:00+00:00,0.0,18.41733
2025-04-11 00:00:00+00:00,0.0,18.137943
2025-04-12 00:00:00+00:00,0.0,14.349647
2025-04-13 00:00:00+00:00,0.0,12.143077
2025-04-14 00:00:00+00:00,0.0,13.449678
2025-04-15 00:00:00+00:00,0.0,16.36633
2025-04-16 00:00:00+00:00,0.0,15.757841
2025-04-17 00:00:00+00:00,0.0,15.791276
2025-04-18 00:00:00+00:00,0.0,14.532998
2025-04-19 00:00:00+00:00,0.0,17.476683
2025-04-20 00:00:00+00:00,0.0,17.513887
2025-04-21 00:00:00+00:00,0.0,15.9261
2025-04-22 00:00:00+00:00,0.0,15.960082
2025-04-23 00:00:00+00:00,0.0,13.382878
2025-04-24 00:00:00+00:00,0.0,12.103061
2025-04-25 00:00:00+00:00,0.0,15.407068
2025-04-26 00:00:00+00:00,0.0,16.097116
2025-04-27 00:00:00+00:00,0.0,12.510263
2025-04-28 00:00:00+00:00,0.0,15.506458
2025-04-29 00:00:00+00:00,0.0,18.18488
2025-04-30 00:00:00+00:00,0.0,18.88672
2025-05-01 00:00:00+00:00,0.0,16.603012
2025-05-02 00:00:00+00:00,0.0,16.971619
2025-05-03 00:00:00+00:00,0.0,15.978413
2025-05-04 00:00:00+00:00,0.0,16.95135
2025-05-05 00:00:00+00:00,0.0,15.598191
2025-05-06 00:00:00+00:00,0.0,14.58048
2025-05-07 00:00:00+00:00,0.0,14.558447
2025-05-08 00:00:00+00:00,0.0,16.188332
2025-05-09 00:00:00+00:00,0.0,16.823652
2025-05-10 00:00:00+00:00,0.0,15.810148
2025-05-11 00:00:00+00:00,0.0,13.15527
2025-05-12 00:00:00+00:00,0.0,13.463843
2025-05-13 00:00:00+00:00,0.0,16.394611
2025-05-14 00:00:00+00:00,0.0,20.626148
2025-05-15 00:00:00+00:00,0.0,16.672264
2025-05-16 00:00:00+00:00,0.0,19.584972
2025-05-17 00:00:00+00:00,0.0,19.229658
2025-05-18 00:00:00+00:00,0.0,16.922754
2025-05-19 00:00:00+00:00,0.0,15.922544
2025-05-20 00:00:00+00:00,0.0,14.925307
2025-05-21 00:00:00+00:00,0.0,16.198881
2025-05-22 00:00:00+00:00,0.0,13.586709
2025-05-23 00:00:00+00:00,0.0,12.597375
2025-05-24 00:00:00+00:00,0.0,18.384047
2025-05-25 00:00:00+00:00,0.0,17.712517
2025-05-26 00:00:00+00:00,0.0,14.470445
2025-05-27 00:00:00+00:00,0.0,16.696478
2025-05-28 00:00:00+00:00,0.0,17.312826
2025-05-29 00:00:00+00:00,0.0,14.726008
2025-05-30 00:00:00+00:00,0.0,13.425485
2025-05-31 00:00:00+00:00,0.0,18.193218
2025-06-01 00:00:00+00:00,0.0,14.979138
2025-06-02 00:00:00+00:00,0.0,21.321545
2025-06-03 00:00:00+00:00,0.0,16.523512
2025-06-04 00:00:00+00:00,0.0,15.864439
2025-06-05 00:00:00+00:00,0.0,13.940021
2025-06-06 00:00:00+00:00,0.0,18.348276
2025-06-07 00:00:00+00:00,0.0,19.584654
2025-06-08 00:00:00+00:00,0.0,13.878237
2025-06-09 00:00:00+00:00,0.0,20.786589
2025-06-10 00:00:00+00:00,0.0,16.35313
2025-06-11 00:00:00+00:00,0.0,18.841152
2025-06-12 00:00:00+00:00,0.0,15.991361
2025-06-13 00:00:00+00:00,0.0,11.271381
2025-06-14 00:00:00+00:00,0.0,13.443213
2025-06-15 00:00:00+00:00,0.0,16.54515
2025-06-16 00:00:00+00:00,0.0,19.014523
2025-06-17 00:00:00+00:00,0.0,12.138956
2025-06-18 00:00:00+00:00,0.0,16.161495
2025-06-19 00:00:00+00:00,0.0,14.275722
2025-06-20 00:00:00+00:00,0.0,17.35364
2025-06-21 00:00:00+00:00,0.0,17.018764
2025-06-22 00:00:00+00:00,0.0,18.229744
2025-06-23 00:00:00+00:00,4.3179917,19.437153
2025-06-24 00:00:00+00:00,0.71939605,16.636034
2025-06-25 00:00:00+00:00,0.14382727,14.765963
2025-06-26 00:00:00+00:00,0.0,15.973079
2025-06-27 00:00:00+00:00,3.0183053,23.004446
2025-06-28 00:00:00+00:00,0.14368212,13.476242
2025-06-29 00:00:00+00:00,0.43091103,10.704101
2025-06-30 00:00:00+00:00,0.0,11.910039
2025-07-01 00:00:00+00:00,0.0,14.027271
2025-07-02 00:00:00+00:00,0.5740409,17.660809
2025-07-03 00:00:00+00:00,0.0,20.08772
2025-07-04 00:00:00+00:00,0.0,13.69827
2025-07-05 00:00:00+00:00,0.0,14.613733
2025-07-06 00:00:00+00:00,0.0,16.138487
2025-07-07 00:00:00+00:00,0.0,17.968266
2025-07-08 00:00:00+00:00,0.0,16.752686
2025-07-09 00:00:00+00:00,0.0,14.622809
2025-07-10 00:00:00+00:00,0.0,14.320415
2025-07-11 00:00:00+00:00,0.0,17.674784
2025-07-12 00:00:00+00:00,0.0,15.544084
2025-07-13 00:00:00+00:00,0.0,16.765892
2025-07-14 00:00:00+00:00,0.13938119,21.341812
2025-07-15 00:00:00+00:00,0.0,16.16139
2025-07-16 00:00:00+00:00,3.4706986,24.39848
2025-07-17 00:00:00+00:00,0.0,16.471636
2025-07-18 00:00:00+00:00,0.0,20.135267
2025-07-19 00:00:00+00:00,0.0,14.035962
2025-07-20 00:00:00+00:00,3.5833585,22.278112
2025-07-21 00:00:00+00:00,0.0,20.4504
2025-07-22 00:00:00+00:00,0.0,13.432332
2025-07-23 00:00:00+00:00,0.0,13.434562
2025-07-24 00:00:00+00:00,1.5062234,19.849821
2025-07-25 00:00:00+00:00,1.5039423,21.380308
2025-07-26 00:00:00+00:00,3.1399682,13.135826
2025-07-27 00:00:00+00:00,0.13632417,22.9152
2025-07-28 00:00:00+00:00,0.95293283,18.02968
2025-07-29 00:00:00+00:00,0.27189487,17.421474
2025-07-30 00:00:00+00:00,12.626283,18.952917
2025-07-31 00:00:00+00:00,0.2711804,14.370005
2025-08-01 00:00:00+00:00,0.40625522,17.430462
2025-08-02 00:00:00+00:00,0.13525093,15.904234
2025-08-03 00:00:00+00:00,0.0,18.354237
2025-08-04 00:00:00+00:00,0.13492833,18.357454
2025-08-05 00:00:00+00:00,1.0781834,19.584728
2025-08-06 00:00:00+00:00,2.9616666,13.160812
2025-08-07 00:00:00+00:00,0.40341938,17.142706
2025-08-08 00:00:00+00:00,14.104492,19.901327
2025-08-09 00:00:00+00:00,8.722169,12.249165
2025-08-10 00:00:00+00:00,8.579146,12.557653
2025-08-11 00:00:00+00:00,6.1600547,14.7043
2025-08-12 00:00:00+00:00,9.230982,16.851736
2025-08-13 00:00:00+00:00,11.494189,17.774166
2025-08-14 00:00:00+00:00,18.293222,19.309958
2025-08-15 00:00:00+00:00,0.40021124,13.182239
2025-08-16 00:00:00+00:00,7.463846,15.637639
2025-08-17 00:00:00+00:00,32.758522,23.30748
2025-08-18 00:00:00+00:00,141.69717,19.017544
2025-08-19 00:00:00+00:00,6.1150384,11.351309
2025-08-20 00:00:00+00:00,0.13282461,9.205498
2025-08-21 00:00:00+00:00,0.0,16.573034
2025-08-22 00:00:00+00:00,0.0,14.427421
2025-08-23 00:00:00+00:00,0.1325048,14.737203
2025-08-24 00:00:00+00:00,0.26480484,15.968367
2025-08-25 00:00:00+00:00,0.5292081,16.278593
2025-08-26 00:00:00+00:00,0.0,15.0529375
2025-08-27 00:00:00+00:00,3.5668895,15.055866
2025-08-28 00:00:00+00:00,8.976835,11.985586
2025-08-29 00:00:00+00:00,29.286093,9.836259
2025-08-30 00:00:00+00:00,0.6591406,16.601967
2025-08-31 00:00:00+00:00,1.7126012,10.7626705
2025-09-01 00:00:00+00:00,0.26330134,19.37667
2025-09-02 00:00:00+00:00,0.0,15.061855
2025-09-03 00:00:00+00:00,0.26338315,10.749283
2025-09-04 00:00:00+00:00,21.735245,16.87729
2025-09-05 00:00:00+00:00,116.08672,16.556253
2025-09-06 00:00:00+00:00,58.25841,22.668766
2025-09-07 00:00:00+00:00,0.79108137,15.609672
2025-09-08 00:00:00+00:00,2.1102183,15.596275
2025-09-09 00:00:00+00:00,0.0,10.0830345
2025-09-10 00:00:00+00:00,0.263952,12.211348
2025-09-11 00:00:00+00:00,10.297696,10.675727
2025-09-12 00:00:00+00:00,0.52827585,5.790399
2025-09-13 00:00:00+00:00,0.0,8.221361
2025-09-14 00:00:00+00:00,30.530819,18.558138
2025-09-15 00:00:00+00:00,29.352856,26.141306
2025-09-16 00:00:00+00:00,2.513204,20.04456
2025-09-17 00:00:00+00:00,0.0,11.834248
2025-09-18 00:00:00+00:00,0.0,9.701727
2025-09-19 00:00:00+00:00,0.0,10.904963
2025-09-20 00:00:00+00:00,0.0,13.316698
2025-09-21 00:00:00+00:00,0.0,8.769275
2025-09-22 00:00:00+00:00,0.39791933,6.646756
2025-09-23 00:00:00+00:00,0.0,6.942819
2025-09-24 00:00:00+00:00,8.099642,6.9367557
2025-09-25 00:00:00+00:00,0.66427964,7.53336
2025-09-26 00:00:00+00:00,0.0,9.935332
2025-09-27 00:00:00+00:00,0.0,8.723399
2025-09-28 00:00:00+00:00,0.6654996,7.213033
2025-09-29 00:00:00+00:00,0.0,7.5069776
2025-09-30 00:00:00+00:00,0.0,9.000456
2025-10-01 00:00:00+00:00,0.0,8.09328
2025-10-02 00:00:00+00:00,0.0,10.182561
2025-10-03 00:00:00+00:00,0.0,10.772025
2025-10-04 00:00:00+00:00,0.0,9.56668
2025-10-05 00:00:00+00:00,0.0,8.662141
2025-10-06 00:00:00+00:00,0.0,12.534067
2025-10-07 00:00:00+00:00,0.0,9.839473
2025-10-08 00:00:00+00:00,0.0,11.320253
2025-10-09 00:00:00+00:00,0.0,12.79839
2025-10-10 00:00:00+00:00,0.0,10.705407
2025-10-11 00:00:00+00:00,0.0,13.964069
2025-10-12 00:00:00+00:00,0.0,13.357945
2025-10-13 00:00:00+00:00,0.0,12.159719
2025-10-14 00:00:00+00:00,0.0,12.445177
2025-10-15 00:00:00+00:00,0.54166937,9.769615
2025-10-16 00:00:00+00:00,0.0,17.15548
2025-10-17 00:00:00+00:00,0.0,18.026672
2025-10-18 00:00:00+00:00,0.27226803,12.105422
2025-10-19 00:00:00+00:00,0.0,8.259697
2025-10-20 00:00:00+00:00,0.0,9.725895
2025-10-21 00:00:00+00:00,0.0,10.011604
2025-10-22 00:00:00+00:00,0.0,9.708393
2025-10-23 00:00:00+00:00,0.0,9.405712
2025-10-24 00:00:00+00:00,0.0,10.278211
2025-10-25 00:00:00+00:00,0.0,9.095332
2025-10-26 00:00:00+00:00,0.0,12.604692
2025-10-27 00:00:00+00:00,0.0,11.128942
2025-10-28 00:00:00+00:00,0.0,9.948446
2025-10-29 00:00:00+00:00,0.0,10.524086
2025-10-30 00:00:00+00:00,0.0,9.0541725
2025-10-31 00:00:00+00:00,0.0,9.921348
2025-11-01 00:00:00+00:00,0.0,12.53616
2025-11-02 00:00:00+00:00,0.0,10.481185
2025-11-03 00:00:00+00:00,0.0,8.431284
2025-11-04 00:00:00+00:00,0.0,8.419477
2025-11-05 00:00:00+00:00,0.0,12.17675
2025-11-06 00:00:00+00:00,0.0,16.213198
2025-11-07 00:00:00+00:00,0.0,13.588784
2025-11-08 00:00:00+00:00,0.0,10.682921
2025-11-09 00:00:00+00:00,0.0,12.975075
2025-11-10 00:00:00+00:00,0.0,13.533423
2025-11-11 00:00:00+00:00,0.0,14.665463
2025-11-12 00:00:00+00:00,0.0,15.794561
2025-11-13 00:00:00+00:00,0.0,12.618858
2025-11-14 00:00:00+00:00,0.0,11.456534
2025-11-15 00:00:00+00:00,0.0,10.297336
2025-11-16 00:00:00+00:00,0.0,11.712204
2025-11-17 00:00:00+00:00,0.0,14.264626
2025-11-18 00:00:00+00:00,0.0,15.100977
2025-11-19 00:00:00+00:00,0.0,12.236005
2025-11-20 00:00:00+00:00,0.0,17.335886
2025-11-21 00:00:00+00:00,0.0,17.313873
2025-11-22 00:00:00+00:00,0.0,15.874635
2025-11-23 00:00:00+00:00,0.0,14.722223
2025-11-24 00:00:00+00:00,0.0,14.703838
2025-11-25 00:00:00+00:00,0.0,14.685584
2025-11-26 00:00:00+00:00,0.0,14.667448
2025-11-27 00:00:00+00:00,0.0,14.931158
2025-11-28 00:00:00+00:00,0.0,15.194298
2025-11-29 00:00:00+00:00,0.0,15.737911
2025-11-30 00:00:00+00:00,0.0,14.034733
2025-12-01 00:00:00+00:00,0.0,11.494654
2025-12-02 00:00:00+00:00,0.0,12.040965
2025-12-03 00:00:00+00:00,0.0,12.586033
2025-12-04 00:00:00+00:00,0.0,15.644107
2025-12-05 00:00:00+00:00,0.0,16.183775
2025-12-06 00:00:00+00:00,0.0,13.935217
2025-12-07 00:00:00+00:00,0.0,12.805489
2025-12-08 00:00:00+00:00,0.0,13.346793
2025-12-09 00:00:00+00:00,0.0,13.609173
2025-12-10 00:00:00+00:00,0.0,14.425856
2025-12-11 00:00:00+00:00,0.0,12.469702
2025-12-12 00:00:00+00:00,0.0,11.901997
2025-12-13 00:00:00+00:00,0.0,13.270985
2025-12-14 00:00:00+00:00,0.0,15.7416315
2025-12-15 00:00:00+00:00,0.0,15.448224
2025-12-16 00:00:00+00:00,0.0,14.328871
2025-12-17 00:00:00+00:00,0.0,14.037812
2025-12-18 00:00:00+00:00,0.0,15.397153
2025-12-19 00:00:00+00:00,0.0,15.380344
2025-12-20 00:00:00+00:00,0.0,15.91234
2025-12-21 00:00:00+00:00,0.0,15.895146
2025-12-22 00:00:00+00:00,0.0,16.699337
2025-12-23 00:00:00+00:00,0.0,16.134546
2025-12-24 00:00:00+00:00,0.0,16.117378
2025-12-25 00:00:00+00:00,0.0,16.100317
2025-12-26 00:00:00+00:00,0.0,14.992963
2025-12-27 00:00:00+00:00,0.0,16.611135
2025-12-28 00:00:00+00:00,0.0,16.321787
2025-12-29 00:00:00+00:00,0.0,15.489612
2025-12-30 00:00:00+00:00,0.0,14.659225
2025-12-31 00:00:00+00:00,0.0,14.101794
2026-01-01 00:00:00+00:00,0.0,15.441943
2026-01-02 00:00:00+00:00,8.726301,14.648679
2026-01-03 00:00:00+00:00,0.0,17.38449
2026-01-04 00:00:00+00:00,0.0,19.039562
2026-01-05 00:00:00+00:00,0.0,16.613659
2026-01-06 00:00:00+00:00,0.0,14.726704
2026-01-07 00:00:00+00:00,0.0,12.561618
2026-01-08 00:00:00+00:00,0.0,13.945483
2026-01-09 00:00:00+00:00,0.0,13.416363
2026-01-10 00:00:00+00:00,0.0,14.80497
2026-01-11 00:00:00+00:00,0.0,14.824572
2026-01-12 00:00:00+00:00,0.0,15.119084
2026-01-13 00:00:00+00:00,0.0,14.863825
2026-01-14 00:00:00+00:00,0.0,14.883473
2026-01-15 00:00:00+00:00,0.0,14.903139
2026-01-16 00:00:00+00:00,0.0,13.817424
2026-01-17 00:00:00+00:00,0.0,14.112372
2026-01-18 00:00:00+00:00,0.0,15.516378
2026-01-19 00:00:00+00:00,0.0,14.981947
2026-01-20 00:00:00+00:00,0.0,18.335394
2026-01-21 00:00:00+00:00,0.0,17.803192
2026-01-22 00:00:00+00:00,0.0,14.484129
2026-01-23 00:00:00+00:00,0.0,14.224277
2026-01-24 00:00:00+00:00,0.0,15.360074
2026-01-25 00:00:00+00:00,0.0,16.219181
2026-01-26 00:00:00+00:00,0.0,16.800497
2026-01-27 00:00:00+00:00,0.0,17.383303
2026-01-28 00:00:00+00:00,0.0,16.002388
2026-01-29 00:00:00+00:00,0.0,18.834488
2026-01-30 00:00:00+00:00,0.0,18.57769
2026-01-31 00:00:00+00:00,0.0,18.320171
2026-02-01 00:00:00+00:00,0.0,17.77972
2026-02-02 00:00:00+00:00,0.0,16.955221
2026-02-03 00:00:00+00:00,0.0,16.694439
2026-02-04 00:00:00+00:00,0.0,16.149605
2026-02-05 00:00:00+00:00,0.0,15.035914
2026-02-06 00:00:00+00:00,0.0,17.896217
2026-02-07 00:00:00+00:00,0.0,18.488441
2026-02-08 00:00:00+00:00,0.0,18.227747
2026-02-09 00:00:00+00:00,0.0,15.68489
2026-02-10 00:00:00+00:00,0.0,15.705323
2026-02-11 00:00:00+00:00,0.0,13.724314
2026-02-12 00:00:00+00:00,0.0,12.596993
2026-02-13 00:00:00+00:00,0.0,12.900048
2026-02-14 00:00:00+00:00,0.0,10.620496
2026-02-15 00:00:00+00:00,0.0,12.0713625
2026-02-16 00:00:00+00:00,0.0,12.087042
2026-02-17 00:00:00+00:00,0.58682716,13.255373
2026-02-18 00:00:00+00:00,1.1550691,14.138174
2026-02-19 00:00:00+00:00,1.704587,12.711967
2026-02-20 00:00:00+00:00,0.0,17.935534
2026-02-21 00:00:00+00:00,0.0,13.903561
2026-02-22 00:00:00+00:00,0.0,17.982018
2026-02-23 00:00:00+00:00,0.0,12.19713
2026-02-24 00:00:00+00:00,0.0,11.922124
2026-02-25 00:00:00+00:00,0.0,10.7729
2026-02-26 00:00:00+00:00,0.0,12.244496
2026-02-27 00:00:00+00:00,0.0,18.390465
2026-02-28 00:00:00+00:00,0.0,19.583363
2026-03-01 00:00:00+00:00,0.0,15.511301
2026-03-02 00:00:00+00:00,0.0,16.703476
2026-03-03 00:00:00+00:00,0.0,22.008604
2026-03-04 00:00:00+00:00,0.0,23.523413
2026-03-05 00:00:00+00:00,0.0,24.160397
2026-03-06 00:00:00+00:00,0.0,17.41899
2026-03-07 00:00:00+00:00,0.0,16.271038
2026-03-08 00:00:00+00:00,0.0,14.525501
2026-03-09 00:00:00+00:00,0.0,13.663952
2026-03-10 00:00:00+00:00,0.0,11.012969
2026-03-11 00:00:00+00:00,0.0,14.614499
2026-03-12 00:00:00+00:00,0.0,11.954568
2026-03-13 00:00:00+00:00,0.0,13.1769085
2026-03-14 00:00:00+00:00,0.0,16.204752
2026-03-15 00:00:00+00:00,0.0,15.335839
2026-03-16 00:00:00+00:00,0.0,14.7646475
2026-03-17 00:00:00+00:00,0.0,10.265886
2026-03-18 00:00:00+00:00,0.0,13.615118
2026-03-19 00:00:00+00:00,0.0,13.946304
2026-03-20 00:00:00+00:00,0.0,17.013065
2026-03-21 00:00:00+00:00,0.0,10.959513
2026-03-22 00:00:00+00:00,0.0,15.55801
2026-03-23 00:00:00+00:00,0.0,13.756005
2026-03-24 00:00:00+00:00,0.0,14.703411
2026-03-25 00:00:00+00:00,0.0,14.119929
2026-03-26 00:00:00+00:00,0.0,14.149181
2026-03-27 00:00:00+00:00,0.0,16.33613
2026-03-28 00:00:00+00:00,0.0,12.972486
2026-03-29 00:00:00+00:00,0.0,12.070915
2026-03-30 00:00:00+00:00,0.0,15.5077305
2026-03-31 00:00:00+00:00,0.0,17.715628
2026-04-01 00:00:00+00:00,0.0,15.260976
2026-04-02 00:00:00+00:00,0.0,10.923447
2026-04-03 00:00:00+00:00,0.0,10.946269
2026-04-04 00:00:00+00:00,0.0,13.162995
2026-04-05 00:00:00+00:00,0.0,15.703043
2026-04-06 00:00:00+00:00,0.0,13.532924
2026-04-07 00:00:00+00:00,0.0,13.561319
2026-04-08 00:00:00+00:00,0.0,12.957718
2026-04-09 00:00:00+00:00,0.0,11.718141
2026-04-10 00:00:00+00:00,0.0,13.0123005
2026-04-11 00:00:00+00:00,0.0,14.629931
2026-04-12 00:00:00+00:00,0.0,14.342084
2026-04-13 00:00:00+00:00,0.0,11.817284
2026-04-14 00:00:00+00:00,0.0,13.122514
2026-04-15 00:00:00+00:00,0.0,15.39546
2026-04-16 00:00:00+00:00,0.0,15.106663
2026-04-17 00:00:00+00:00,0.0,13.8503065
2026-04-18 00:00:00+00:00,0.0,15.1708555
2026-04-19 00:00:00+00:00,0.0,14.879637
2026-04-20 00:00:00+00:00,0.0,15.235462
2026-04-21 00:00:00+00:00,0.0,13.643677
2026-04-22 00:00:00+00:00,0.0,15.30049
2026-04-23 00:00:00+00:00,0.0,19.574251
2026-04-24 00:00:00+00:00,0.0,18.96223
2026-04-25 00:00:00+00:00,0.0,15.0711975
2026-04-26 00:00:00+00:00,0.0,16.416836
2026-04-27 00:00:00+00:00,0.21666685,18.097256
2026-04-28 00:00:00+00:00,0.0,19.45511
2026-04-29 00:00:00+00:00,0.0,22.801506
2026-04-30 00:00:00+00:00,0.0,23.512917
2026-05-01 00:00:00+00:00,0.0,20.908531
2026-05-02 00:00:00+00:00,0.0,18.958054
2026-05-03 00:00:00+00:00,0.0,24.975729
2026-05-04 00:00:00+00:00,0.0,17.290276
2026-05-05 00:00:00+00:00,0.0,15.936099
2026-05-06 00:00:00+00:00,0.0,13.922995
2026-05-07 00:00:00+00:00,0.0,11.253961
2026-05-08 00:00:00+00:00,0.3247487,14.2114525
2026-05-09 00:00:00+00:00,0.0,15.840005
2026-05-10 00:00:00+00:00,0.0,16.475117
2026-05-11 00:00:00+00:00,0.0,13.489234
2026-05-12 00:00:00+00:00,0.0,16.097
2026-05-13 00:00:00+00:00,0.0,16.7288
2026-05-14 00:00:00+00:00,0.0,15.066029
2026-05-15 00:00:00+00:00,0.0,14.716352
2026-05-16 00:00:00+00:00,0.0,13.061554
2026-05-17 00:00:00+00:00,0.0,12.389853
2026-05-18 00:00:00+00:00,0.0,14.650186
2026-05-19 00:00:00+00:00,0.0,15.603444
2026-05-20 00:00:00+00:00,0.0,16.229239
2026-05-21 00:00:00+00:00,0.0,10.695264
2026-05-22 00:00:00+00:00,0.0,8.413967
2026-05-23 00:00:00+00:00,0.0,13.894608
2026-05-24 00:00:00+00:00,0.0,16.777678
2026-05-25 00:00:00+00:00,0.0,15.786135
2026-05-26 00:00:00+00:00,0.0,13.189101
2026-05-27 00:00:00+00:00,0.0,12.848234
2026-05-28 00:00:00+00:00,0.0,14.112003
2026-05-29 00:00:00+00:00,0.0,12.489743
2026-05-30 00:00:00+00:00,0.0,13.7502575
2026-05-31 00:00:00+00:00,0.0,12.771916
2026-06-01 00:00:00+00:00,0.0,14.665882
2026-06-02 00:00:00+00:00,0.0,14.962459
2026-06-03 00:00:00+00:00,0.0,14.622378
2026-06-04 00:00:00+00:00,0.0,20.314014
2026-06-05 00:00:00+00:00,0.0,13.311316
2026-06-06 00:00:00+00:00,0.0,14.241003
2026-06-07 00:00:00+00:00,0.0,14.219929
2026-06-08 00:00:00+00:00,0.0,16.092089
2026-06-09 00:00:00+00:00,0.0,24.890116
2026-06-10 00:00:00+00:00,0.0,21.707361
2026-06-11 00:00:00+00:00,0.0,12.8795395
2026-06-12 00:00:00+00:00,0.0,13.174214
2026-06-13 00:00:00+00:00,0.0,14.720841
2026-06-14 00:00:00+00:00,0.0,13.135416
2026-06-15 00:00:00+00:00,0.0,14.052943
2026-06-16 00:00:00+00:00,0.0,15.279582
2026-06-17 00:00:00+00:00,0.0,15.879854
2026-06-18 00:00:00+00:00,0.0,14.301962
2026-06-19 00:00:00+00:00,0.0,12.41823
2026-06-20 00:00:00+00:00,0.0,13.640008
2026-06-21 00:00:00+00:00,0.0,12.072278
2026-06-22 00:00:00+00:00,0.0,12.36368
2026-06-23 00:00:00+00:00,0.0,16.97516
2026-06-24 00:00:00+00:00,0.0,26.504124
2026-06-25 00:00:00+00:00,0.0,19.079678
2026-06-26 00:00:00+00:00,0.0,19.359077
2026-06-27 00:00:00+00:00,0.0,17.796606
2026-06-28 00:00:00+00:00,3.304954,22.366478
2026-06-29 00:00:00+00:00,0.28729627,20.19224
2026-06-30 00:00:00+00:00,0.0,15.88584
2026-07-01 00:00:00+00:00,0.0,15.862696
2026-07-02 00:00:00+00:00,0.0,19.19028
2026-07-03 00:00:00+00:00,0.0,18.26087
2026-07-04 00:00:00+00:00,9.003277,12.784559
2026-07-05 00:00:00+00:00,0.0,14.917612
2026-07-06 00:00:00+00:00,0.0,15.833374
2026-07-07 00:00:00+00:00,0.4252071,21.62199
2026-07-08 00:00:00+00:00,0.70686716,14.924539
2026-07-09 00:00:00+00:00,0.56409734,22.847248
2026-07-10 00:00:00+00:00,0.14068766,17.975986
2026-07-11 00:00:00+00:00,6.877775,15.541009
2026-07-12 00:00:00+00:00,4.2014713,11.276631
2026-07-13 00:00:00+00:00,0.4192378,16.460402
2026-07-14 00:00:00+00:00,8.64608,14.633799
2026-07-15 00:00:00+00:00,10.85522,9.45251
2026-07-16 00:00:00+00:00,12.36167,7.9291854
2026-07-17 00:00:00+00:00,5.129292,20.436205
2026-07-18 00:00:00+00:00,0.0,19.21925
2026-07-19 00:00:00+00:00,0.96685904,14.035388
2026-07-20 00:00:00+00:00,7.859206,20.14103
2026-07-21 00:00:00+00:00,0.0,14.955644
2026-07-22 00:00:00+00:00,0.0,16.789719
2026-07-23 00:00:00+00:00,10.152586,12.823364
2026-07-24 00:00:00+00:00,2.8766258,7.939595
2026-07-25 00:00:00+00:00,0.41031998,7.6355047
2026-07-26 00:00:00+00:00,6.1456604,12.21886
2026-07-27 00:00:00+00:00,19.364925,12.220921
2026-07-28 00:00:00+00:00,2.042708,10.695119
2026-07-29 00:00:00+00:00,5.0317574,13.753206
2026-07-30 00:00:00+00:00,3.8027155,12.838521
2026-07-31 00:00:00+00:00,4.0690145,14.980848
2026-08-01 00:00:00+00:00,6.502125,10.702453
2026-08-02 00:00:00+00:00,26.517313,13.151008
2026-08-03 00:00:00+00:00,2.4323049,19.882889
2026-08-04 00:00:00+00:00,0.0,14.379372
2026-08-05 00:00:00+00:00,0.13481143,15.605891
2026-08-06 00:00:00+00:00,11.1766815,14.69049
2026-08-07 00:00:00+00:00,0.40352947,13.774775
2026-08-08 00:00:00+00:00,1.3436434,16.226515
2026-08-09 00:00:00+00:00,8.456,15.004555
2026-08-10 00:00:00+00:00,2.6816678,20.520117
2026-08-11 00:00:00+00:00,5.893698,15.928936
2026-08-12 00:00:00+00:00,0.93670523,14.093537
2026-08-13 00:00:00+00:00,14.30433,14.096107
2026-08-14 00:00:00+00:00,49.55019,11.340248
2026-08-15 00:00:00+00:00,32.557987,11.648883
2026-08-16 00:00:00+00:00,0.13331293,8.584973
2026-08-17 00:00:00+00:00,1.3319405,13.493176
2026-08-18 00:00:00+00:00,0.6653884,9.815049
2026-08-19 00:00:00+00:00,0.53185505,9.510108
2026-08-20 00:00:00+00:00,0.5314086,15.955442
2026-08-21 00:00:00+00:00,0.26548567,13.810207
2026-08-22 00:00:00+00:00,0.0,13.505878
2026-08-23 00:00:00+00:00,0.0,11.359384
2026-08-24 00:00:00+00:00,4.237691,7.062592
2026-08-25 00:00:00+00:00,7.939617,10.135237
2026-08-26 00:00:00+00:00,0.0,15.666581
2026-08-27 00:00:00+00:00,0.0,13.826141
2026-08-28 00:00:00+00:00,2.112573,17.516537
2026-08-29 00:00:00+00:00,9.763738,14.446297
2026-08-30 00:00:00+00:00,26.10645,10.452574
2026-08-31 00:00:00+00:00,0.0,10.147156
2026-09-01 00:00:00+00:00,0.1316725,13.224689
2026-09-02 00:00:00+00:00,0.2632931,13.527819
2026-09-03 00:00:00+00:00,0.13168244,13.2090845
2026-09-04 00:00:00+00:00,3.5564232,11.049316
2026-09-05 00:00:00+00:00,5.4020505,10.119876
2026-09-06 00:00:00+00:00,24.514135,12.868813
2026-09-07 00:00:00+00:00,2.1093862,16.837574
2026-09-08 00:00:00+00:00,1.0550246,10.705624
2026-09-09 00:00:00+00:00,0.0,8.862755
2026-09-10 00:00:00+00:00,0.0,14.35142
2026-09-11 00:00:00+00:00,0.0,11.898375
2026-09-12 00:00:00+00:00,9.376048,8.839884
2026-09-13 00:00:00+00:00,24.967913,16.446272
2026-09-14 00:00:00+00:00,10.572424,8.824628
2026-09-15 00:00:00+00:00,24.987104,9.729102
2026-09-16 00:00:00+00:00,0.0,6.9867396
2026-09-17 00:00:00+00:00,0.0,18.513992
2026-09-18 00:00:00+00:00,0.0,12.736281
2026-09-19 00:00:00+00:00,0.0,9.998389
2026-09-20 00:00:00+00:00,23.053816,11.503287
2026-09-21 00:00:00+00:00,35.790344,7.561365
2026-09-22 00:00:00+00:00,0.0,11.483263
2026-09-23 00:00:00+00:00,0.0,10.869393
2026-09-24 00:00:00+00:00,6.5053763,10.256575
2026-09-25 00:00:00+00:00,0.0,12.056011
2026-09-26 00:00:00+00:00,0.0,13.551146
2026-09-27 00:00:00+00:00,0.0,11.132293
2026-09-28 00:00:00+00:00,0.0,11.723749
2026-09-29 00:00:00+00:00,0.0,18.32105
2026-09-30 00:00:00+00:00,1.5990881,12.903488
2026-10-01 00:00:00+00:00,11.735058,11.692869
2026-10-02 00:00:00+00:00,22.82046,11.083463
2026-10-03 00:00:00+00:00,3.8731768,11.971559
2026-10-04 00:00:00+00:00,13.233109,8.671719
2026-10-05 00:00:00+00:00,9.766181,8.664058
2026-10-06 00:00:00+00:00,16.068567,11.342857
2026-10-07 00:00:00+00:00,0.0,12.823976
2026-10-08 00:00:00+00:00,0.67083704,7.7471557
2026-10-09 00:00:00+00:00,0.26861948,7.442577
2026-10-10 00:00:00+00:00,0.0,7.733403
2026-10-11 00:00:00+00:00,0.0,8.618047
2026-10-12 00:00:00+00:00,0.0,9.204191
2026-10-13 00:00:00+00:00,0.0,9.195986
2026-10-14 00:00:00+00:00,0.0,9.7805395
2026-10-15 00:00:00+00:00,0.0,9.17957
2026-10-16 00:00:00+00:00,0.0,7.692108
2026-10-17 00:00:00+00:00,0.0,7.980807
2026-10-18 00:00:00+00:00,0.0,9.745576
2026-10-19 00:00:00+00:00,0.0,10.031885
2026-10-20 00:00:00+00:00,0.0,9.433291
2026-10-21 00:00:00+00:00,9.175615,10.013858
2026-10-22 00:00:00+00:00,1.2356524,9.122061
2026-10-23 00:00:00+00:00,0.0,9.407834
2026-10-24 00:00:00+00:00,0.0,8.224425
2026-10-25 00:00:00+00:00,0.0,7.923532
2026-10-26 00:00:00+00:00,0.0,9.675558
2026-10-27 00:00:00+00:00,0.0,11.131464
2026-10-28 00:00:00+00:00,0.0,10.5360365
2026-10-29 00:00:00+00:00,0.0,9.64927
2026-10-30 00:00:00+00:00,0.0,8.471958
2026-10-31 00:00:00+00:00,0.0,12.842315
2026-11-01 00:00:00+00:00,0.0,10.206177
2026-11-02 00:00:00+00:00,0.0,9.611152
2026-11-03 00:00:00+00:00,0.7214792,10.179265
2026-11-04 00:00:00+00:00,0.0,8.71285
2026-11-05 00:00:00+00:00,0.0,11.310915
2026-11-06 00:00:00+00:00,0.0,10.136751
2026-11-07 00:00:00+00:00,0.0,12.147341
2026-11-08 00:00:00+00:00,0.0,15.018963
2026-11-09 00:00:00+00:00,0.0,17.017542
2026-11-10 00:00:00+00:00,0.0,16.9945
2026-11-11 00:00:00+00:00,0.0,13.232113
2026-11-12 00:00:00+00:00,0.0,10.916247
2026-11-13 00:00:00+00:00,0.0,10.041059
2026-11-14 00:00:00+00:00,0.0,13.752377
2026-11-15 00:00:00+00:00,0.0,25.751781
2026-11-16 00:00:00+00:00,0.0,20.288723
2026-11-17 00:00:00+00:00,0.0,16.266945
2026-11-18 00:00:00+00:00,0.0,15.3908615
2026-11-19 00:00:00+00:00,0.0,14.801771
2026-11-20 00:00:00+00:00,0.0,14.782844
2026-11-21 00:00:00+00:00,0.0,15.047974
2026-11-22 00:00:00+00:00,0.0,17.58103
2026-11-23 00:00:00+00:00,0.0,14.160424
2026-11-24 00:00:00+00:00,0.0,11.879883
2026-11-25 00:00:00+00:00,0.0,13.842629
2026-11-26 00:00:00+00:00,0.0,16.082739
2026-11-27 00:00:00+00:00,0.0,14.653928
2026-11-28 00:00:00+00:00,0.0,14.073086
2026-11-29 00:00:00+00:00,0.0,15.461564
2026-11-30 00:00:00+00:00,0.0,15.162082
2026-12-01 00:00:00+00:00,0.0,11.21766
2026-12-02 00:00:00+00:00,0.0,11.484345
2026-12-03 00:00:00+00:00,0.0,14.548178
2026-12-04 00:00:00+00:00,0.0,13.413192
2026-12-05 00:00:00+00:00,0.0,15.072076
2026-12-06 00:00:00+00:00,0.0,15.054428
2026-12-07 00:00:00+00:00,0.0,16.150743
2026-12-08 00:00:00+00:00,0.0,14.741342
2026-12-09 00:00:00+00:00,0.0,14.446535
2026-12-10 00:00:00+00:00,0.0,13.319981
2026-12-11 00:00:00+00:00,0.0,10.532963
2026-12-12 00:00:00+00:00,0.0,13.843444
2026-12-13 00:00:00+00:00,0.0,16.31684
2026-12-14 00:00:00+00:00,0.0,14.917299
2026-12-15 00:00:00+00:00,0.0,15.728459
2026-12-16 00:00:00+00:00,0.0,15.9866295
2026-12-17 00:00:00+00:00,0.0,14.592334
2026-12-18 00:00:00+00:00,0.0,15.951422
2026-12-19 00:00:00+00:00,0.0,16.758154
2026-12-20 00:00:00+00:00,0.0,14.54453
2026-12-21 00:00:00+00:00,0.0,10.965128
2026-12-22 00:00:00+00:00,0.0,10.131825
2026-12-23 00:00:00+00:00,0.0,11.762217
2026-12-24 00:00:00+00:00,0.0,11.476435
2026-12-25 00:00:00+00:00,0.0,10.645395
2026-12-26 00:00:00+00:00,0.0,11.997525
2026-12-27 00:00:00+00:00,0.0,14.436402
2026-12-28 00:00:00+00:00,0.0,17.142338
2026-12-29 00:00:00+00:00,0.0,13.862718
2026-12-30 00:00:00+00:00,0.0,13.03378
2026-12-31 00:00:00+00:00,0.0,13.291638
2027-01-01 00:00:00+00:00,0.0,12.465096
2027-01-02 00:00:00+00:00,0.0,12.203176
2027-01-03 00:00:00+00:00,0.0,14.120204
2027-01-04 00:00:00+00:00,0.0,16.58611
2027-01-05 00:00:00+00:00,0.0,15.791356
2027-01-06 00:00:00+00:00,0.0,14.994446
2027-01-07 00:00:00+00:00,0.0,13.649406
2027-01-08 00:00:00+00:00,0.0,15.307614
2027-01-09 00:00:00+00:00,0.0,15.601623
2027-01-10 00:00:00+00:00,0.0,14.800069
2027-01-11 00:00:00+00:00,0.0,15.917424
2027-01-12 00:00:00+00:00,0.0,17.037697
2027-01-13 00:00:00+00:00,0.0,16.234741
2027-01-14 00:00:00+00:00,0.0,14.603032
2027-01-15 00:00:00+00:00,0.0,15.174113
2027-01-16 00:00:00+00:00,0.0,15.470411
2027-01-17 00:00:00+00:00,0.0,19.086914
2027-01-18 00:00:00+00:00,0.0,17.450174
2027-01-19 00:00:00+00:00,0.0,16.641129
2027-01-20 00:00:00+00:00,0.0,15.552186
2027-01-21 00:00:00+00:00,0.0,14.738421
2027-01-22 00:00:00+00:00,0.0,15.314718
2027-01-23 00:00:00+00:00,0.0,13.940788
2027-01-24 00:00:00+00:00,0.0,12.563206
2027-01-25 00:00:00+00:00,0.0,12.300167
2027-01-26 00:00:00+00:00,0.0,11.476573
2027-01-27 00:00:00+00:00,0.0,11.771924
2027-01-28 00:00:00+00:00,0.0,12.348673
2027-01-29 00:00:00+00:00,0.0,15.175066
2027-01-30 00:00:00+00:00,0.0,11.25552
2027-01-31 00:00:00+00:00,0.0,12.115535
2027-02-01 00:00:00+00:00,0.0,14.106275
2027-02-02 00:00:00+00:00,0.0,16.667187
2027-02-03 00:00:00+00:00,0.0,18.669033
2027-02-04 00:00:00+00:00,0.0,18.126972
2027-02-05 00:00:00+00:00,0.0,18.150652
2027-02-06 00:00:00+00:00,0.0,15.334608
2027-02-07 00:00:00+00:00,0.0,14.501589
2027-02-08 00:00:00+00:00,0.0,11.6733465
2027-02-09 00:00:00+00:00,0.0,11.403478
2027-02-10 00:00:00+00:00,0.0,9.705586
2027-02-11 00:00:00+00:00,0.0,11.147377
2027-02-12 00:00:00+00:00,0.0,14.596315
2027-02-13 00:00:00+00:00,0.0,12.322707
2027-02-14 00:00:00+00:00,0.0,11.477889
2027-02-15 00:00:00+00:00,0.0,12.642087
2027-02-16 00:00:00+00:00,0.0,12.083121
2027-02-17 00:00:00+00:00,0.0,11.234608
2027-02-18 00:00:00+00:00,0.0,13.845152
2027-02-19 00:00:00+00:00,0.0,18.77296
2027-02-20 00:00:00+00:00,0.0,20.24324
2027-02-21 00:00:00+00:00,0.0,17.373829
2027-02-22 00:00:00+00:00,0.0,16.23657
2027-02-23 00:00:00+00:00,0.0,10.160991
2027-02-24 00:00:00+00:00,0.0,16.569307
2027-02-25 00:00:00+00:00,0.0,11.9336815
2027-02-26 00:00:00+00:00,0.0,9.617571
2027-02-27 00:00:00+00:00,0.0,11.964538
2027-02-28 00:00:00+00:00,0.0,13.7331505
2027-03-01 00:00:00+00:00,0.0,15.506304
2027-03-02 00:00:00+00:00,0.0,19.334639
2027-03-03 00:00:00+00:00,0.0,26.106075
2027-03-04 00:00:00+00:00,0.0,16.16416
2027-03-05 00:00:00+00:00,0.0,16.196936
2027-03-06 00:00:00+00:00,0.0,15.639633
2027-03-07 00:00:00+00:00,0.0,14.784343
2027-03-08 00:00:00+00:00,0.0,17.77729
2027-03-09 00:00:00+00:00,0.0,19.297935
2027-03-10 00:00:00+00:00,0.0,15.469806
2027-03-11 00:00:00+00:00,0.0,11.327918
2027-03-12 00:00:00+00:00,0.0,17.325283
2027-03-13 00:00:00+00:00,0.0,21.551203
2027-03-14 00:00:00+00:00,0.0,20.995424
2027-03-15 00:00:00+00:00,0.0,14.726894
2027-03-16 00:00:00+00:00,0.0,12.64893
2027-03-17 00:00:00+00:00,0.0,16.899849
2027-03-18 00:00:00+00:00,0.0,15.42255
2027-03-19 00:00:00+00:00,0.0,17.27241
2027-03-20 00:00:00+00:00,0.0,20.951748
2027-03-21 00:00:00+00:00,0.0,20.082094
2027-03-22 00:00:00+00:00,0.0,17.684301
2027-03-23 00:00:00+00:00,0.0,21.387192
2027-03-24 00:00:00+00:00,0.0,24.186865
2027-03-25 00:00:00+00:00,0.0,22.089333
2027-03-26 00:00:00+00:00,0.0,17.216177
2027-03-27 00:00:00+00:00,0.0,14.171181
2027-03-28 00:00:00+00:00,0.0,12.348343
2027-03-29 00:00:00+00:00,0.0,15.776849
2027-03-30 00:00:00+00:00,0.0,13.019722
2027-03-31 00:00:00+00:00,0.0,15.221303
2027-04-01 00:00:00+00:00,0.0,13.385312
2027-04-02 00:00:00+00:00,0.0,13.413239
2027-04-03 00:00:00+00:00,0.0,13.128669
2027-04-04 00:00:00+00:00,0.0,16.60177
2027-04-05 00:00:00+00:00,0.0,16.950418
2027-04-06 00:00:00+00:00,0.0,15.413164
2027-04-07 00:00:00+00:00,0.0,13.238996
2027-04-08 00:00:00+00:00,0.0,14.530301
2027-04-09 00:00:00+00:00,0.0,12.028527
2027-04-10 00:00:00+00:00,0.0,16.811935
2027-04-11 00:00:00+00:00,0.0,16.529476
2027-04-12 00:00:00+00:00,0.0,15.608706
2027-04-13 00:00:00+00:00,0.0,16.280096
2027-04-14 00:00:00+00:00,0.0,19.51343
2027-04-15 00:00:00+00:00,0.0,18.913582
2027-04-16 00:00:00+00:00,0.0,11.886184
2027-04-17 00:00:00+00:00,0.0,15.452615
2027-04-18 00:00:00+00:00,0.0,12.904517
2027-04-19 00:00:00+00:00,0.0,15.841631
2027-04-20 00:00:00+00:00,0.0,15.227365
2027-04-21 00:00:00+00:00,0.0,16.883183
2027-04-22 00:00:00+00:00,0.0,14.316235
2027-04-23 00:00:00+00:00,0.0,18.585623
2027-04-24 00:00:00+00:00,0.0,17.645061
2027-04-25 00:00:00+00:00,0.0,13.098382
2027-04-26 00:00:00+00:00,0.0,12.470117
2027-04-27 00:00:00+00:00,0.0,12.496859
2027-04-28 00:00:00+00:00,0.0,18.126394
2027-04-29 00:00:00+00:00,0.0,16.513956
2027-04-30 00:00:00+00:00,0.0,14.232564
2027-05-01 00:00:00+00:00,0.0,12.2730055
2027-05-02 00:00:00+00:00,0.0,12.631892
2027-05-03 00:00:00+00:00,0.0,14.324848
2027-05-04 00:00:00+00:00,0.0,16.631565
2027-05-05 00:00:00+00:00,0.0,14.281493
2027-05-06 00:00:00+00:00,0.0,13.265013
2027-05-07 00:00:00+00:00,0.0,11.9204645
2027-05-08 00:00:00+00:00,0.0,18.184309
2027-05-09 00:00:00+00:00,0.0,18.817104
2027-05-10 00:00:00+00:00,0.0,19.447973
2027-05-11 00:00:00+00:00,0.0,15.798229
2027-05-12 00:00:00+00:00,0.0,15.77443
2027-05-13 00:00:00+00:00,0.0,15.750683
2027-05-14 00:00:00+00:00,0.0,17.692862
2027-05-15 00:00:00+00:00,0.0,16.030499
2027-05-16 00:00:00+00:00,0.0,16.986399
2027-05-17 00:00:00+00:00,0.0,15.982388
2027-05-18 00:00:00+00:00,0.0,14.004321
2027-05-19 00:00:00+00:00,0.0,12.032162
2027-05-20 00:00:00+00:00,0.0,15.261201
2027-05-21 00:00:00+00:00,0.0,16.211016
2027-05-22 00:00:00+00:00,0.0,12.301938
2027-05-23 00:00:00+00:00,0.0,11.313791
2027-05-24 00:00:00+00:00,0.0,12.265194
2027-05-25 00:00:00+00:00,0.0,14.8251705
2027-05-26 00:00:00+00:00,0.0,14.803052
2027-05-27 00:00:00+00:00,0.0,15.102304
2027-05-28 00:00:00+00:00,0.0,14.438108
2027-05-29 00:00:00+00:00,0.0,16.338825
2027-05-30 00:00:00+00:00,0.0,15.99462
2027-05-31 00:00:00+00:00,0.0,15.65142
2027-06-01 00:00:00+00:00,0.0,14.671336
2027-06-02 00:00:00+00:00,0.0,19.108105
2027-06-03 00:00:00+00:00,0.0,17.489769
2027-06-04 00:00:00+00:00,0.0,17.146307
2027-06-05 00:00:00+00:00,0.0,17.437948
2027-06-06 00:00:00+00:00,0.0,13.613113
2027-06-07 00:00:00+00:00,0.0,13.909079
2027-06-08 00:00:00+00:00,0.0,13.572859
2027-06-09 00:00:00+00:00,0.0,17.65015
2027-06-10 00:00:00+00:00,0.0,13.532776
2027-06-11 00:00:00+00:00,0.0,11.627291
2027-06-12 00:00:00+00:00,0.0,16.31695
2027-06-13 00:00:00+00:00,0.0,16.292892
2027-06-14 00:00:00+00:00,0.0,14.704574
2027-06-15 00:00:00+00:00,0.0,13.745716
2027-06-16 00:00:00+00:00,0.0,14.349375
2027-06-17 00:00:00+00:00,0.0,15.885696
2027-06-18 00:00:00+00:00,0.0,15.862352
2027-06-19 00:00:00+00:00,0.0,16.149626
2027-06-20 00:00:00+00:00,0.0,21.087748
2027-06-21 00:00:00+00:00,0.0,17.96023
2027-06-22 00:00:00+00:00,0.0,16.697083
2027-06-23 00:00:00+00:00,0.0,15.437617
2027-06-24 00:00:00+00:00,0.0,16.031618
2027-06-25 00:00:00+00:00,0.0,18.16311
2027-06-26 00:00:00+00:00,0.0,15.369964
2027-06-27 00:00:00+00:00,0.0,12.891907
2027-06-28 00:00:00+00:00,0.0,18.083614
2027-06-29 00:00:00+00:00,0.0,13.772462
2027-06-30 00:00:00+00:00,0.0,15.891636
2027-07-01 00:00:00+00:00,0.0,19.530434
2027-07-02 00:00:00+00:00,0.0,20.111423
2027-07-03 00:00:00+00:00,0.0,19.173182
2027-07-04 00:00:00+00:00,0.0,18.871725
2027-07-05 00:00:00+00:00,13.547268,13.394892
2027-07-06 00:00:00+00:00,0.0,9.743239
2027-07-07 00:00:00+00:00,0.0,14.008071
2027-07-08 00:00:00+00:00,0.0,17.665092
2027-07-09 00:00:00+00:00,1.4111042,17.363226
2027-07-10 00:00:00+00:00,3.6600378,14.623956
2027-07-11 00:00:00+00:00,0.7022146,12.188546
2027-07-12 00:00:00+00:00,0.0,17.676184
2027-07-13 00:00:00+00:00,0.0,20.422277
2027-07-14 00:00:00+00:00,0.2790505,19.206097
2027-07-15 00:00:00+00:00,7.6581693,15.24537
2027-07-16 00:00:00+00:00,7.920885,15.857735
2027-07-17 00:00:00+00:00,0.0,10.980202
2027-07-18 00:00:00+00:00,0.0,15.252751
2027-07-19 00:00:00+00:00,0.0,14.034814
2027-07-20 00:00:00+00:00,0.0,16.7835
2027-07-21 00:00:00+00:00,9.776994,17.091461
2027-07-22 00:00:00+00:00,1.0997971,20.146833
2027-07-23 00:00:00+00:00,2.4705322,17.707724
2027-07-24 00:00:00+00:00,0.13703534,17.710669
2027-07-25 00:00:00+00:00,0.0,13.437923
2027-07-26 00:00:00+00:00,0.13662049,13.134721
2027-07-27 00:00:00+00:00,0.6821079,18.941628
2027-07-28 00:00:00+00:00,18.118334,15.583654
2027-07-29 00:00:00+00:00,14.556252,15.586304
2027-07-30 00:00:00+00:00,4.890829,15.894633
2027-07-31 00:00:00+00:00,0.0,11.005864
2027-08-01 00:00:00+00:00,0.0,12.842389
2027-08-02 00:00:00+00:00,0.0,16.820324
2027-08-03 00:00:00+00:00,0.0,16.823248
2027-08-04 00:00:00+00:00,0.0,11.625367
2027-08-05 00:00:00+00:00,0.0,12.545359
2027-08-06 00:00:00+00:00,0.0,18.3623
2027-08-07 00:00:00+00:00,0.0,18.671644
2027-08-08 00:00:00+00:00,0.0,13.470467
2027-08-09 00:00:00+00:00,12.351685,19.90311
2027-08-10 00:00:00+00:00,6.974125,11.637751
2027-08-11 00:00:00+00:00,0.13398133,13.784034
2027-08-12 00:00:00+00:00,0.0,14.092899
2027-08-13 00:00:00+00:00,0.0,15.3211565
2027-08-14 00:00:00+00:00,0.0,16.549875
2027-08-15 00:00:00+00:00,1.4681165,17.779058
2027-08-16 00:00:00+00:00,3.2002327,9.197759
2027-08-17 00:00:00+00:00,0.0,7.66622
2027-08-18 00:00:00+00:00,2.7952378,12.881649
2027-08-19 00:00:00+00:00,0.0,17.792273
2027-08-20 00:00:00+00:00,34.41588,17.181974
2027-08-21 00:00:00+00:00,108.87135,23.3228
2027-08-22 00:00:00+00:00,0.5306492,14.732985
2027-08-23 00:00:00+00:00,0.0,15.042789
2027-08-24 00:00:00+00:00,0.52981347,14.43156
2027-08-25 00:00:00+00:00,4.6323195,10.748975
2027-08-26 00:00:00+00:00,10.712459,15.66582
2027-08-27 00:00:00+00:00,0.7929304,13.518236
2027-08-28 00:00:00+00:00,78.31123,15.979216
2027-08-29 00:00:00+00:00,15.703903,16.597055
2027-08-30 00:00:00+00:00,0.263747,12.9113655
2027-08-31 00:00:00+00:00,0.13178313,11.069075
2027-09-01 00:00:00+00:00,0.13169444,16.914452
2027-09-02 00:00:00+00:00,2.8960297,8.610448
2027-09-03 00:00:00+00:00,0.0,6.7595797
2027-09-04 00:00:00+00:00,41.225243,17.805483
2027-09-05 00:00:00+00:00,37.152866,18.403713
2027-09-06 00:00:00+00:00,1.7132249,16.549164
2027-09-07 00:00:00+00:00,0.0,7.6550837
2027-09-08 00:00:00+00:00,0.1318676,13.76733
2027-09-09 00:00:00+00:00,0.0,15.895251
2027-09-10 00:00:00+00:00,7.6533117,8.551622
2027-09-11 00:00:00+00:00,0.0,8.849415
2027-09-12 00:00:00+00:00,1.4524968,14.634688
2027-09-13 00:00:00+00:00,1.4530244,12.489679
2027-09-14 00:00:00+00:00,4.8892784,11.261442
2027-09-15 00:00:00+00:00,4.758978,9.123007
2027-09-16 00:00:00+00:00,0.13224678,11.545808
2027-09-17 00:00:00+00:00,0.0,10.625086
2027-09-18 00:00:00+00:00,0.0,10.009251
2027-09-19 00:00:00+00:00,1.7214187,7.8792295
2027-09-20 00:00:00+00:00,4.3717623,10.294654
2027-09-21 00:00:00+00:00,21.206512,9.378136
2027-09-22 00:00:00+00:00,24.134317,18.739933
2027-09-23 00:00:00+00:00,0.9287185,12.683725
2027-09-24 00:00:00+00:00,0.0,9.957086
2027-09-25 00:00:00+00:00,0.0,12.360114
2027-09-26 00:00:00+00:00,0.0,8.734874
2027-09-27 00:00:00+00:00,0.0,11.73661
2027-09-28 00:00:00+00:00,0.53222835,11.726324
2027-09-29 00:00:00+00:00,0.0,6.008221
2027-09-30 00:00:00+00:00,0.0,8.103972
2027-10-01 00:00:00+00:00,0.0,8.096845
2027-10-02 00:00:00+00:00,0.0,10.786287
2027-10-03 00:00:00+00:00,0.0,11.674846
2027-10-04 00:00:00+00:00,0.0,9.570907
2027-10-05 00:00:00+00:00,1.6050465,11.953064
2027-10-06 00:00:00+00:00,0.53549516,11.643932
2027-10-07 00:00:00+00:00,0.0,10.738728
2027-10-08 00:00:00+00:00,0.0,8.642977
2027-10-09 00:00:00+00:00,0.0,9.826383
2027-10-10 00:00:00+00:00,0.0,11.007675
2027-10-11 00:00:00+00:00,0.0,13.375808
2027-10-12 00:00:00+00:00,0.0,10.69112
2027-10-13 00:00:00+00:00,1.0793802,10.681592
2027-10-14 00:00:00+00:00,0.0,10.079169
2027-10-15 00:00:00+00:00,0.0,10.366347
2027-10-16 00:00:00+00:00,0.0,7.989747
2027-10-17 00:00:00+00:00,0.0,8.869549
2027-10-18 00:00:00+00:00,0.0,10.043149
2027-10-19 00:00:00+00:00,0.0,9.739017
2027-10-20 00:00:00+00:00,0.0,8.550843
2027-10-21 00:00:00+00:00,0.0,8.837746
2027-10-22 00:00:00+00:00,0.0,10.890076
2027-10-23 00:00:00+00:00,0.0,9.409957
2027-10-24 00:00:00+00:00,0.0,10.57665
2027-10-25 00:00:00+00:00,0.0,11.154158
2027-10-26 00:00:00+00:00,0.0,10.850807
2027-10-27 00:00:00+00:00,0.0,11.133985
2027-10-28 00:00:00+00:00,0.0,10.8311615
2027-10-29 00:00:00+00:00,0.0,12.576149
2027-10-30 00:00:00+00:00,0.0,13.441333
2027-10-31 00:00:00+00:00,0.0,11.677488
2027-11-01 00:00:00+00:00,0.0,12.541874
2027-11-02 00:00:00+00:00,0.0,13.69346
2027-11-03 00:00:00+00:00,0.0,12.510361
2027-11-04 00:00:00+00:00,0.0,12.49279
2027-11-05 00:00:00+00:00,0.0,10.154352
2027-11-06 00:00:00+00:00,0.0,14.486081
2027-11-07 00:00:00+00:00,0.0,18.227282
2027-11-08 00:00:00+00:00,0.0,14.735175
2027-11-09 00:00:00+00:00,0.0,11.2527075
2027-11-10 00:00:00+00:00,0.0,12.678148
2027-11-11 00:00:00+00:00,0.0,11.222302
2027-11-12 00:00:00+00:00,0.0,9.770432
2027-11-13 00:00:00+00:00,0.0,10.331377
2027-11-14 00:00:00+00:00,0.0,18.342556
2027-11-15 00:00:00+00:00,0.0,17.173492
2027-11-16 00:00:00+00:00,0.0,14.8642
2027-11-17 00:00:00+00:00,0.0,14.273884
2027-11-18 00:00:00+00:00,0.0,16.251154
2027-11-19 00:00:00+00:00,0.0,15.091265
2027-11-20 00:00:00+00:00,0.0,14.218811
2027-11-21 00:00:00+00:00,0.0,9.656481
2027-11-22 00:00:00+00:00,0.0,11.913489
2027-11-23 00:00:00+00:00,0.0,12.1817875
2027-11-24 00:00:00+00:00,0.0,14.147132
2027-11-25 00:00:00+00:00,0.0,12.716565
2027-11-26 00:00:00+00:00,0.0,15.805464
2027-11-27 00:00:00+00:00,0.0,17.477356
2027-11-28 00:00:00+00:00,0.0,15.485119
2027-11-29 00:00:00+00:00,0.0,14.060235
2027-11-30 00:00:00+00:00,0.0,13.481478
2027-12-01 00:00:00+00:00,0.0,14.587338
2027-12-02 00:00:00+00:00,0.0,15.410429
2027-12-03 00:00:00+00:00,0.0,15.671923
2027-12-04 00:00:00+00:00,0.0,15.932872
2027-12-05 00:00:00+00:00,0.0,18.147648
2027-12-06 00:00:00+00:00,0.0,16.1743
2027-12-07 00:00:00+00:00,0.0,14.762729
2027-12-08 00:00:00+00:00,0.0,15.302041
2027-12-09 00:00:00+00:00,0.0,15.284386
2027-12-10 00:00:00+00:00,0.0,14.989268
2027-12-11 00:00:00+00:00,0.0,14.694893
2027-12-12 00:00:00+00:00,0.0,13.570417
2027-12-13 00:00:00+00:00,0.0,12.448552
2027-12-14 00:00:00+00:00,0.0,12.987212
2027-12-15 00:00:00+00:00,0.0,16.008862
2027-12-16 00:00:00+00:00,0.0,16.542479
2027-12-17 00:00:00+00:00,0.0,16.248775
2027-12-18 00:00:00+00:00,0.0,17.331297
2027-12-19 00:00:00+00:00,0.0,17.587124
2027-12-20 00:00:00+00:00,0.0,18.391474
2027-12-21 00:00:00+00:00,0.0,19.194157
2027-12-22 00:00:00+00:00,0.0,20.543005
2027-12-23 00:00:00+00:00,0.0,20.520979
2027-12-24 00:00:00+00:00,0.0,20.499086
2027-12-25 00:00:00+00:00,0.0,19.931269
2027-12-26 00:00:00+00:00,0.0,18.273767
2027-12-27 00:00:00+00:00,0.0,18.25457
2027-12-28 00:00:00+00:00,0.0,19.052006
2027-12-29 00:00:00+00:00,0.0,19.847858
2027-12-30 00:00:00+00:00,0.0,18.197678
2027-12-31 00:00:00+00:00,0.0,18.7216
2028-01-01 00:00:00+00:00,0.0,16.805075
2028-01-02 00:00:00+00:00,0.0,16.536583
2028-01-03 00:00:00+00:00,0.0,15.20132
2028-01-04 00:00:00+00:00,0.0,12.231592
2028-01-05 00:00:00+00:00,0.0,10.614801
2028-01-06 00:00:00+00:00,0.0,10.901434
2028-01-07 00:00:00+00:00,0.0,12.007497
2028-01-08 00:00:00+00:00,0.0,13.936246
2028-01-09 00:00:00+00:00,0.0,14.775591
2028-01-10 00:00:00+00:00,0.0,11.507356
2028-01-11 00:00:00+00:00,0.0,12.071295
2028-01-12 00:00:00+00:00,0.0,10.713718
2028-01-13 00:00:00+00:00,0.0,15.12908
2028-01-14 00:00:00+00:00,0.0,12.9455805
2028-01-15 00:00:00+00:00,0.0,12.686889
2028-01-16 00:00:00+00:00,0.0,12.427481
2028-01-17 00:00:00+00:00,0.0,13.550009
2028-01-18 00:00:00+00:00,0.0,13.290991
2028-01-19 00:00:00+00:00,0.0,13.3085165
2028-01-20 00:00:00+00:00,0.0,17.768076
2028-01-21 00:00:00+00:00,0.0,17.791485
2028-01-22 00:00:00+00:00,0.0,18.649977
2028-01-23 00:00:00+00:00,0.0,18.395794
2028-01-24 00:00:00+00:00,0.0,16.18726
2028-01-25 00:00:00+00:00,0.0,17.326366
2028-01-26 00:00:00+00:00,0.0,15.390353
2028-01-27 00:00:00+00:00,0.0,15.690752
2028-01-28 00:00:00+00:00,0.0,14.027986
2028-01-29 00:00:00+00:00,0.0,12.360819
2028-01-30 00:00:00+00:00,0.0,12.939612
2028-01-31 00:00:00+00:00,0.0,13.8015585
2028-02-01 00:00:00+00:00,0.0,16.357931
2028-02-02 00:00:00+00:00,0.0,17.508947
2028-02-03 00:00:00+00:00,0.0,18.945705
2028-02-04 00:00:00+00:00,0.0,17.271627
2028-02-05 00:00:00+00:00,0.0,16.727173
2028-02-06 00:00:00+00:00,0.0,17.316782
2028-02-07 00:00:00+00:00,0.0,16.202375
2028-02-08 00:00:00+00:00,0.0,18.215876
2028-02-09 00:00:00+00:00,0.0,18.809612
2028-02-10 00:00:00+00:00,0.0,18.548761
2028-02-11 00:00:00+00:00,0.0,16.287022
2028-02-12 00:00:00+00:00,0.0,14.019352
2028-02-13 00:00:00+00:00,0.0,12.605186
2028-02-14 00:00:00+00:00,0.0,10.326746
2028-02-15 00:00:00+00:00,0.0,16.946386
2028-02-16 00:00:00+00:00,0.0,20.419605
2028-02-17 00:00:00+00:00,0.0,15.838543
2028-02-18 00:00:00+00:00,0.0,13.552317
2028-02-19 00:00:00+00:00,0.0,14.436061
2028-02-20 00:00:00+00:00,0.0,12.7202015
2028-02-21 00:00:00+00:00,0.0,11.289335
2028-02-22 00:00:00+00:00,0.0,13.3328705
2028-02-23 00:00:00+00:00,0.0,13.059909
2028-02-24 00:00:00+00:00,0.0,13.367401
2028-02-25 00:00:00+00:00,0.0,14.257602
2028-02-26 00:00:00+00:00,0.0,17.772198
2028-02-27 00:00:00+00:00,0.0,17.503431
2028-02-28 00:00:00+00:00,0.0,15.77343
2028-02-29 00:00:00+00:00,0.0,14.331397
2028-03-01 00:00:00+00:00,0.0,15.521302
2028-03-02 00:00:00+00:00,0.0,15.248077
2028-03-03 00:00:00+00:00,0.0,16.743475
2028-03-04 00:00:00+00:00,0.0,15.305711
2028-03-05 00:00:00+00:00,0.0,12.387386
2028-03-06 00:00:00+00:00,0.0,10.934864
2028-03-07 00:00:00+00:00,0.0,12.733922
2028-03-08 00:00:00+00:00,0.0,13.946797
2028-03-09 00:00:00+00:00,0.0,11.893796
2028-03-10 00:00:00+00:00,0.0,14.301658
2028-03-11 00:00:00+00:00,0.0,16.719326
2028-03-12 00:00:00+00:00,0.0,12.864287
2028-03-13 00:00:00+00:00,0.0,11.091909
2028-03-14 00:00:00+00:00,0.0,10.814223
2028-03-15 00:00:00+00:00,0.0,10.836388
2028-03-16 00:00:00+00:00,0.0,11.763504
2028-03-17 00:00:00+00:00,0.0,12.392159
2028-03-18 00:00:00+00:00,0.0,12.417634
2028-03-19 00:00:00+00:00,0.0,13.353665
2028-03-20 00:00:00+00:00,0.0,18.85529
2028-03-21 00:00:00+00:00,0.0,16.760958
2028-03-22 00:00:00+00:00,0.0,14.047194
2028-03-23 00:00:00+00:00,0.0,13.158206
2028-03-24 00:00:00+00:00,0.0,11.652235
2028-03-25 00:00:00+00:00,0.0,15.363634
2028-03-26 00:00:00+00:00,0.0,15.395481
2028-03-27 00:00:00+00:00,0.0,16.044523
2028-03-28 00:00:00+00:00,0.0,12.985955
2028-03-29 00:00:00+00:00,0.0,14.252289
2028-03-30 00:00:00+00:00,0.0,18.628637
2028-03-31 00:00:00+00:00,0.0,16.17846
2028-04-01 00:00:00+00:00,0.0,19.641712
2028-04-02 00:00:00+00:00,0.0,17.49576
2028-04-03 00:00:00+00:00,0.0,19.097715
2028-04-04 00:00:00+00:00,0.0,12.5493
2028-04-05 00:00:00+00:00,0.0,17.605825
2028-04-06 00:00:00+00:00,0.0,19.217993
2028-04-07 00:00:00+00:00,0.0,24.625418
2028-04-08 00:00:00+00:00,0.0,13.604082
2028-04-09 00:00:00+00:00,0.0,13.632702
2028-04-10 00:00:00+00:00,0.0,14.932244
2028-04-11 00:00:00+00:00,0.0,17.829123
2028-04-12 00:00:00+00:00,0.0,17.866756
2028-04-13 00:00:00+00:00,0.0,15.986172
2028-04-14 00:00:00+00:00,0.0,14.417988
2028-04-15 00:00:00+00:00,0.0,13.485287
2028-04-16 00:00:00+00:00,0.0,15.766189
2028-04-17 00:00:00+00:00,0.0,14.832327
2028-04-18 00:00:00+00:00,0.0,15.510096
2028-04-19 00:00:00+00:00,0.0,14.895457
2028-04-20 00:00:00+00:00,0.0,14.602672
2028-04-21 00:00:00+00:00,0.0,13.658216
2028-04-22 00:00:00+00:00,0.0,13.035588
2028-04-23 00:00:00+00:00,0.0,13.716612
2028-04-24 00:00:00+00:00,0.0,17.018797
2028-04-25 00:00:00+00:00,0.0,12.135461
2028-04-26 00:00:00+00:00,0.0,15.119675
2028-04-27 00:00:00+00:00,0.0,15.48152
2028-04-28 00:00:00+00:00,0.0,17.495396
2028-04-29 00:00:00+00:00,0.0,15.878974
2028-04-30 00:00:00+00:00,0.0,13.924024
2028-05-01 00:00:00+00:00,0.0,13.621805
2028-05-02 00:00:00+00:00,0.0,16.980772
2028-05-03 00:00:00+00:00,0.0,12.644781
2028-05-04 00:00:00+00:00,0.0,14.619156
2028-05-05 00:00:00+00:00,0.0,12.938284
2028-05-06 00:00:00+00:00,0.0,12.58747
2028-05-07 00:00:00+00:00,0.0,18.852678
2028-05-08 00:00:00+00:00,0.0,17.172966
2028-05-09 00:00:00+00:00,0.0,16.817303
2028-05-10 00:00:00+00:00,0.0,16.462696
2028-05-11 00:00:00+00:00,0.0,19.72547
2028-05-12 00:00:00+00:00,0.0,22.32187
2028-05-13 00:00:00+00:00,0.0,18.355057
2028-05-14 00:00:00+00:00,0.0,19.963839
2028-05-15 00:00:00+00:00,0.0,16.992783
2028-05-16 00:00:00+00:00,0.0,14.683213
2028-05-17 00:00:00+00:00,0.0,14.33538
2028-05-18 00:00:00+00:00,0.0,14.313885
2028-05-19 00:00:00+00:00,0.0,14.617265
2028-05-20 00:00:00+00:00,0.0,12.000643
2028-05-21 00:00:00+00:00,0.0,16.840532
2028-05-22 00:00:00+00:00,0.0,17.462093
2028-05-23 00:00:00+00:00,0.0,19.696222
2028-05-24 00:00:00+00:00,0.0,11.929049
2028-05-25 00:00:00+00:00,0.0,12.233172
2028-05-26 00:00:00+00:00,0.0,15.107938
2028-05-27 00:00:00+00:00,0.0,14.764456
2028-05-28 00:00:00+00:00,0.0,15.062958
2028-05-29 00:00:00+00:00,0.0,16.640596
2028-05-30 00:00:00+00:00,0.0,17.574455
2028-05-31 00:00:00+00:00,0.0,13.081484
2028-06-01 00:00:00+00:00,0.0,16.56651
2028-06-02 00:00:00+00:00,0.0,18.768717
2028-06-03 00:00:00+00:00,0.0,17.152668
2028-06-04 00:00:00+00:00,0.0,18.713097
2028-06-05 00:00:00+00:00,0.0,13.618157
2028-06-06 00:00:00+00:00,0.0,15.811625
2028-06-07 00:00:00+00:00,0.0,14.840938
2028-06-08 00:00:00+00:00,0.0,11.66602
2028-06-09 00:00:00+00:00,0.0,16.371264
2028-06-10 00:00:00+00:00,0.0,13.832156
2028-06-11 00:00:00+00:00,0.0,15.695168
2028-06-12 00:00:00+00:00,0.0,14.731701
2028-06-13 00:00:00+00:00,0.0,22.221481
2028-06-14 00:00:00+00:00,0.0,11.563155
2028-06-15 00:00:00+00:00,0.0,18.099352
2028-06-16 00:00:00+00:00,0.0,19.630726
2028-06-17 00:00:00+00:00,0.0,18.979591
2028-06-18 00:00:00+00:00,0.0,17.708979
2028-06-19 00:00:00+00:00,0.14415427,12.71934
2028-06-20 00:00:00+00:00,0.0,14.869094
2028-06-21 00:00:00+00:00,0.0,17.321842
2028-06-22 00:00:00+00:00,0.0,17.914196
2028-06-23 00:00:00+00:00,0.0,24.056236
2028-06-24 00:00:00+00:00,0.0,14.474214
2028-06-25 00:00:00+00:00,0.0,17.835678
2028-06-26 00:00:00+00:00,1.1501195,15.660179
2028-06-27 00:00:00+00:00,0.0,15.637311
2028-06-28 00:00:00+00:00,0.0,20.206985
2028-06-29 00:00:00+00:00,0.0,22.928993
2028-06-30 00:00:00+00:00,1.4358265,23.506119
2028-07-01 00:00:00+00:00,0.14354078,18.289776
2028-07-02 00:00:00+00:00,0.0,12.175433
2028-07-03 00:00:00+00:00,0.0,12.174842
2028-07-04 00:00:00+00:00,0.14270394,14.612046
2028-07-05 00:00:00+00:00,0.56922156,13.700902
2028-07-06 00:00:00+00:00,0.85153204,21.011293
2028-07-07 00:00:00+00:00,0.0,21.31911
2028-07-08 00:00:00+00:00,0.0,18.27637
2028-07-09 00:00:00+00:00,0.0,14.014075
2028-07-10 00:00:00+00:00,14.614471,17.672697
2028-07-11 00:00:00+00:00,0.0,20.418232
2028-07-12 00:00:00+00:00,0.0,13.71591
2028-07-13 00:00:00+00:00,6.9799094,19.510178
2028-07-14 00:00:00+00:00,4.8758507,11.586018
2028-07-15 00:00:00+00:00,2.3635304,19.516424
2028-07-16 00:00:00+00:00,0.0,14.029693
2028-07-17 00:00:00+00:00,0.0,18.912643
2028-07-18 00:00:00+00:00,4.285641,17.390259
2028-07-19 00:00:00+00:00,8.280051,25.021652
2028-07-20 00:00:00+00:00,1.377626,16.480375
2028-07-21 00:00:00+00:00,0.0,21.67221
2028-07-22 00:00:00+00:00,0.13730691,18.317572
2028-07-23 00:00:00+00:00,0.41126662,20.152681
2028-07-24 00:00:00+00:00,0.13687703,18.018282
2028-07-25 00:00:00+00:00,0.0,16.799517
2028-07-26 00:00:00+00:00,7.096481,19.246326
2028-07-27 00:00:00+00:00,7.76773,19.555128
2028-07-28 00:00:00+00:00,1.905209,21.086456
2028-07-29 00:00:00+00:00,0.2718035,17.422218
2028-07-30 00:00:00+00:00,2.0358293,12.839623
2028-07-31 00:00:00+00:00,2.7109365,18.345478
2028-08-01 00:00:00+00:00,1.8952658,14.678922
2028-08-02 00:00:00+00:00,0.946468,21.104614
2028-08-03 00:00:00+00:00,2.1607587,14.378113
2028-08-04 00:00:00+00:00,0.0,15.298548
2028-08-05 00:00:00+00:00,3.2336316,16.831366
2028-08-06 00:00:00+00:00,19.245491,12.243159
2028-08-07 00:00:00+00:00,12.0992985,11.939199
2028-08-08 00:00:00+00:00,12.892116,18.371277
2028-08-09 00:00:00+00:00,0.5366096,16.843357
2028-08-10 00:00:00+00:00,0.26803032,15.314899
2028-08-11 00:00:00+00:00,0.13388099,14.704967
2028-08-12 00:00:00+00:00,0.13374983,17.158913
2028-08-13 00:00:00+00:00,0.8017293,15.62972
2028-08-14 00:00:00+00:00,8.14326,12.260855
2028-08-15 00:00:00+00:00,2.2673464,12.263113
2028-08-16 00:00:00+00:00,0.0,11.958749
2028-08-17 00:00:00+00:00,0.13313556,15.641274
2028-08-18 00:00:00+00:00,0.26604086,13.803703
2028-08-19 00:00:00+00:00,0.5316307,19.942425
2028-08-20 00:00:00+00:00,7.303847,13.502035
2028-08-21 00:00:00+00:00,7.0325174,12.890749
2028-08-22 00:00:00+00:00,7.5572286,18.111883
2028-08-23 00:00:00+00:00,0.26495805,16.273108
2028-08-24 00:00:00+00:00,0.0,11.976852
2028-08-25 00:00:00+00:00,15.079605,15.050747
2028-08-26 00:00:00+00:00,10.4421625,13.210361
2028-08-27 00:00:00+00:00,3.0379128,8.91105
2028-08-28 00:00:00+00:00,0.6599444,10.449485
2028-08-29 00:00:00+00:00,0.0,10.758939
2028-08-30 00:00:00+00:00,0.0,12.298364
2028-08-31 00:00:00+00:00,0.79029876,13.530889
2028-09-01 00:00:00+00:00,4.738642,14.148753
2028-09-02 00:00:00+00:00,3.291609,12.600085
2028-09-03 00:00:00+00:00,0.13170077,13.20344
2028-09-04 00:00:00+00:00,0.9221675,17.487268
2028-09-05 00:00:00+00:00,0.13177674,11.648203
2028-09-06 00:00:00+00:00,5.140839,8.881802
2028-09-07 00:00:00+00:00,3.823859,7.956165
2028-09-08 00:00:00+00:00,16.883106,6.72636
2028-09-09 00:00:00+00:00,3.0346801,5.193174
2028-09-10 00:00:00+00:00,2.2437842,7.325232
2028-09-11 00:00:00+00:00,4.0930357,16.467573
2028-09-12 00:00:00+00:00,1.3208098,11.882992
2028-09-13 00:00:00+00:00,0.0,12.48159
2028-09-14 00:00:00+00:00,0.0,11.254142
2028-09-15 00:00:00+00:00,4.8926344,8.509279
2028-09-16 00:00:00+00:00,0.7937259,15.181984
2028-09-17 00:00:00+00:00,0.0,13.045187
2028-09-18 00:00:00+00:00,0.0,16.064997
2028-09-19 00:00:00+00:00,7.0204983,10.902592
2028-09-20 00:00:00+00:00,5.300989,8.472418
2028-09-21 00:00:00+00:00,5.56876,6.9534264
2028-09-22 00:00:00+00:00,0.0,10.27002
2028-09-23 00:00:00+00:00,0.0,14.787993
2028-09-24 00:00:00+00:00,0.92959636,13.870478
2028-09-25 00:00:00+00:00,15.679267,14.159616
2028-09-26 00:00:00+00:00,0.0,10.535164
2028-09-27 00:00:00+00:00,0.0,13.5333395
2028-09-28 00:00:00+00:00,0.9318517,13.821942
2028-09-29 00:00:00+00:00,4.529178,11.408098
2028-09-30 00:00:00+00:00,0.0,12.597862
2028-10-01 00:00:00+00:00,0.0,12.88646
2028-10-02 00:00:00+00:00,0.1335048,11.976841
2028-10-03 00:00:00+00:00,0.0,10.769648
2028-10-04 00:00:00+00:00,0.0,12.2546
2028-10-05 00:00:00+00:00,0.0,14.632793
2028-10-06 00:00:00+00:00,0.0,15.813298
2028-10-07 00:00:00+00:00,0.0,14.60689
2028-10-08 00:00:00+00:00,0.0,15.189603
2028-10-09 00:00:00+00:00,0.0,17.259108
2028-10-10 00:00:00+00:00,4.574319,14.270703
2028-10-11 00:00:00+00:00,0.0,13.6639185
2028-10-12 00:00:00+00:00,0.0,19.29051
2028-10-13 00:00:00+00:00,0.0,10.377932
2028-10-14 00:00:00+00:00,0.0,8.591182
2028-10-15 00:00:00+00:00,0.0,11.247344
2028-10-16 00:00:00+00:00,0.0,10.054409
2028-10-17 00:00:00+00:00,0.0,11.227212
2028-10-18 00:00:00+00:00,0.0,9.741203
2028-10-19 00:00:00+00:00,0.0,12.091839
2028-10-20 00:00:00+00:00,0.0,11.491654
2028-10-21 00:00:00+00:00,0.0,11.481315
2028-10-22 00:00:00+00:00,0.0,15.882881
2028-10-23 00:00:00+00:00,0.0,14.105385
2028-10-24 00:00:00+00:00,0.0,17.909407
2028-10-25 00:00:00+00:00,0.0,14.959903
2028-10-26 00:00:00+00:00,0.0,13.774101
2028-10-27 00:00:00+00:00,0.0,9.076816
2028-10-28 00:00:00+00:00,0.0,15.504351
2028-10-29 00:00:00+00:00,0.0,15.782543
2028-10-30 00:00:00+00:00,0.0,15.476194
2028-10-31 00:00:00+00:00,0.0,14.003421
2028-11-01 00:00:00+00:00,0.0,13.115412
2028-11-02 00:00:00+00:00,0.0,8.731236
2028-11-03 00:00:00+00:00,0.0,11.04401
2028-11-04 00:00:00+00:00,0.0,12.769922
2028-11-05 00:00:00+00:00,0.0,9.8539505
2028-11-06 00:00:00+00:00,0.0,13.02397
2028-11-07 00:00:00+00:00,0.0,12.139006
2028-11-08 00:00:00+00:00,0.0,12.988313
2028-11-09 00:00:00+00:00,0.0,18.15895
2028-11-10 00:00:00+00:00,0.0,14.392408
2028-11-11 00:00:00+00:00,0.0,14.948011
2028-11-12 00:00:00+00:00,0.0,11.196049
2028-11-13 00:00:00+00:00,0.0,16.915138
2028-11-14 00:00:00+00:00,0.0,18.610737
2028-11-15 00:00:00+00:00,0.0,18.872269
2028-11-16 00:00:00+00:00,0.0,15.991948
2028-11-17 00:00:00+00:00,0.0,13.68961
2028-11-18 00:00:00+00:00,0.0,11.962959
2028-11-19 00:00:00+00:00,0.0,13.93889
2028-11-20 00:00:00+00:00,0.0,13.352907
2028-11-21 00:00:00+00:00,0.0,13.335977
2028-11-22 00:00:00+00:00,0.0,17.569958
2028-11-23 00:00:00+00:00,0.0,15.000649
2028-11-24 00:00:00+00:00,0.0,11.872484
2028-11-25 00:00:00+00:00,0.0,11.293106
2028-11-26 00:00:00+00:00,0.0,12.407099
2028-11-27 00:00:00+00:00,0.0,11.265348
2028-11-28 00:00:00+00:00,0.0,12.65806
2028-11-29 00:00:00+00:00,0.0,12.642707
2028-11-30 00:00:00+00:00,0.0,16.556
2028-12-01 00:00:00+00:00,0.0,16.536135
2028-12-02 00:00:00+00:00,0.0,14.836768
2028-12-03 00:00:00+00:00,0.0,16.776407
2028-12-04 00:00:00+00:00,0.0,16.47733
2028-12-05 00:00:00+00:00,0.0,14.784289
2028-12-06 00:00:00+00:00,0.0,13.652532
2028-12-07 00:00:00+00:00,0.0,13.914975
2028-12-08 00:00:00+00:00,0.0,13.064965
2028-12-09 00:00:00+00:00,0.0,12.772294
2028-12-10 00:00:00+00:00,0.0,10.261623
2028-12-11 00:00:00+00:00,0.0,12.743188
2028-12-12 00:00:00+00:00,0.0,15.219189
2028-12-13 00:00:00+00:00,0.0,12.990856
2028-12-14 00:00:00+00:00,0.0,11.87195
2028-12-15 00:00:00+00:00,0.0,12.134518
2028-12-16 00:00:00+00:00,0.0,13.222993
2028-12-17 00:00:00+00:00,0.0,14.584306
2028-12-18 00:00:00+00:00,0.0,15.94269
2028-12-19 00:00:00+00:00,0.0,13.728712
2028-12-20 00:00:00+00:00,0.0,13.713821
2028-12-21 00:00:00+00:00,0.0,16.712807
2028-12-22 00:00:00+00:00,0.0,14.779058
2028-12-23 00:00:00+00:00,0.0,15.3100605
2028-12-24 00:00:00+00:00,0.0,14.474482
2028-12-25 00:00:00+00:00,0.0,15.004809
2028-12-26 00:00:00+00:00,0.0,13.353861
2028-12-27 00:00:00+00:00,0.0,12.7954
2028-12-28 00:00:00+00:00,0.0,12.238158
2028-12-29 00:00:00+00:00,0.0,15.485607
2028-12-30 00:00:00+00:00,0.0,15.741042
2028-12-31 00:00:00+00:00,0.0,14.911544
2029-01-01 00:00:00+00:00,0.0,13.821069
2029-01-02 00:00:00+00:00,0.0,11.397203
2029-01-03 00:00:00+00:00,0.0,9.238578
2029-01-04 00:00:00+00:00,0.0,10.883362
2029-01-05 00:00:00+00:00,0.0,12.260045
2029-01-06 00:00:00+00:00,0.0,13.640358
2029-01-07 00:00:00+00:00,0.0,14.204797
2029-01-08 00:00:00+00:00,0.0,12.582446
2029-01-09 00:00:00+00:00,0.0,11.503548
2029-01-10 00:00:00+00:00,0.0,17.003922
2029-01-11 00:00:00+00:00,0.0,17.301054
2029-01-12 00:00:00+00:00,0.0,15.124081
2029-01-13 00:00:00+00:00,0.0,12.115267
2029-01-14 00:00:00+00:00,0.0,12.13128
2029-01-15 00:00:00+00:00,0.0,14.07983
2029-01-16 00:00:00+00:00,0.0,15.20418
2029-01-17 00:00:00+00:00,0.0,14.947438
2029-01-18 00:00:00+00:00,0.0,13.858473
2029-01-19 00:00:00+00:00,0.0,10.268788
2029-01-20 00:00:00+00:00,0.0,13.339221
2029-01-21 00:00:00+00:00,0.0,9.461056
2029-01-22 00:00:00+00:00,0.0,16.160686
2029-01-23 00:00:00+00:00,0.0,18.413935
2029-01-24 00:00:00+00:00,0.0,16.761948
2029-01-25 00:00:00+00:00,0.0,16.504236
2029-01-26 00:00:00+00:00,0.0,15.68561
2029-01-27 00:00:00+00:00,0.0,15.986662
2029-01-28 00:00:00+00:00,0.0,14.884291
2029-01-29 00:00:00+00:00,0.0,15.747415
2029-01-30 00:00:00+00:00,0.0,17.175909
2029-01-31 00:00:00+00:00,0.0,15.224817
2029-02-01 00:00:00+00:00,0.0,14.115503
2029-02-02 00:00:00+00:00,0.0,12.437894
2029-02-03 00:00:00+00:00,0.0,13.8694
2029-02-04 00:00:00+00:00,0.0,13.8875265
2029-02-05 00:00:00+00:00,0.0,14.189452
2029-02-06 00:00:00+00:00,0.0,19.038689
2029-02-07 00:00:00+00:00,0.0,18.20994
2029-02-08 00:00:00+00:00,0.0,14.245067
2029-02-09 00:00:00+00:00,0.0,12.551997
2029-02-10 00:00:00+00:00,0.0,18.566881
2029-02-11 00:00:00+00:00,0.0,18.019022
2029-02-12 00:00:00+00:00,0.0,19.18802
2029-02-13 00:00:00+00:00,0.0,18.639456
2029-02-14 00:00:00+00:00,0.0,15.79235
2029-02-15 00:00:00+00:00,0.0,16.100376
2029-02-16 00:00:00+00:00,0.0,17.848564
2029-02-17 00:00:00+00:00,0.0,17.295223
2029-02-18 00:00:00+00:00,0.0,10.679224
2029-02-19 00:00:00+00:00,0.0,10.693071
2029-02-20 00:00:00+00:00,0.0,15.336951
2029-02-21 00:00:00+00:00,0.0,14.197813
2029-02-22 00:00:00+00:00,0.0,14.506318
2029-02-23 00:00:00+00:00,0.0,14.525089
2029-02-24 00:00:00+00:00,0.0,12.216853
2029-02-25 00:00:00+00:00,0.0,11.358886
2029-02-26 00:00:00+00:00,0.0,10.790301
2029-02-27 00:00:00+00:00,0.0,13.140285
2029-02-28 00:00:00+00:00,0.0,12.280095
2029-03-01 00:00:00+00:00,0.0,14.638017
2029-03-02 00:00:00+00:00,0.0,11.432377
2029-03-03 00:00:00+00:00,0.0,12.624653
2029-03-04 00:00:00+00:00,0.0,16.474726
2029-03-05 00:00:00+00:00,0.0,17.687302
2029-03-06 00:00:00+00:00,0.0,21.563248
2029-03-07 00:00:00+00:00,0.0,18.647202
2029-03-08 00:00:00+00:00,0.0,22.540806
2029-03-09 00:00:00+00:00,0.0,19.020391
2029-03-10 00:00:00+00:00,0.0,18.165768
2029-03-11 00:00:00+00:00,0.0,19.396465
2029-03-12 00:00:00+00:00,0.0,17.342974
2029-03-13 00:00:00+00:00,0.0,16.179924
2029-03-14 00:00:00+00:00,0.0,10.208212
2029-03-15 00:00:00+00:00,0.0,13.83941
2029-03-16 00:00:00+00:00,0.0,13.867794
2029-03-17 00:00:00+00:00,0.0,11.479525
2029-03-18 00:00:00+00:00,0.0,16.346535
2029-03-19 00:00:00+00:00,0.0,18.806856
2029-03-20 00:00:00+00:00,0.0,17.933704
2029-03-21 00:00:00+00:00,0.0,12.792684
2029-03-22 00:00:00+00:00,0.0,14.03995
2029-03-23 00:00:00+00:00,0.0,15.9040365
2029-03-24 00:00:00+00:00,0.0,12.259172
2029-03-25 00:00:00+00:00,0.0,13.2058935
2029-03-26 00:00:00+00:00,0.0,21.850264
2029-03-27 00:00:00+00:00,0.0,17.269762
2029-03-28 00:00:00+00:00,0.0,15.451451
2029-03-29 00:00:00+00:00,0.0,15.483571
2029-03-30 00:00:00+00:00,0.0,12.412635
2029-03-31 00:00:00+00:00,0.0,10.88368
2029-04-01 00:00:00+00:00,0.0,12.464432
2029-04-02 00:00:00+00:00,0.0,14.676282
2029-04-03 00:00:00+00:00,0.0,18.461918
2029-04-04 00:00:00+00:00,0.0,15.991994
2029-04-05 00:00:00+00:00,0.0,18.225065
2029-04-06 00:00:00+00:00,0.0,16.059084
2029-04-07 00:00:00+00:00,0.0,14.199521
2029-04-08 00:00:00+00:00,0.0,14.861769
2029-04-09 00:00:00+00:00,0.0,13.308663
2029-04-10 00:00:00+00:00,0.0,14.289308
2029-04-11 00:00:00+00:00,0.0,14.00122
2029-04-12 00:00:00+00:00,0.0,14.668526
2029-04-13 00:00:00+00:00,0.0,12.143077
2029-04-14 00:00:00+00:00,0.0,12.488988
2029-04-15 00:00:00+00:00,0.0,12.836336
2029-04-16 00:00:00+00:00,0.0,14.149899
2029-04-17 00:00:00+00:00,0.0,12.890837
2029-04-18 00:00:00+00:00,0.0,13.887087
2029-04-19 00:00:00+00:00,0.0,11.003839
2029-04-20 00:00:00+00:00,0.0,14.594906
2029-04-21 00:00:00+00:00,0.0,10.400719
2029-04-22 00:00:00+00:00,0.0,16.611513
2029-04-23 00:00:00+00:00,0.0,10.771585
2029-04-24 00:00:00+00:00,0.0,13.411499
2029-04-25 00:00:00+00:00,0.0,11.801159
2029-04-26 00:00:00+00:00,0.0,11.826452
2029-04-27 00:00:00+00:00,0.0,11.851829
2029-04-28 00:00:00+00:00,0.0,15.506458
2029-04-29 00:00:00+00:00,0.0,14.547903
2029-04-30 00:00:00+00:00,0.0,17.892685
2029-05-01 00:00:00+00:00,0.0,13.28241
2029-05-02 00:00:00+00:00,0.0,14.309405
2029-05-03 00:00:00+00:00,0.0,16.97706
2029-05-04 00:00:00+00:00,0.0,14.957073
2029-05-05 00:00:00+00:00,0.0,13.275056
2029-05-06 00:00:00+00:00,0.0,11.598108
2029-05-07 00:00:00+00:00,0.0,14.558447
2029-05-08 00:00:00+00:00,0.0,15.527583
2029-05-09 00:00:00+00:00,0.0,17.153526
2029-05-10 00:00:00+00:00,0.0,19.103928
2029-05-11 00:00:00+00:00,0.0,17.10185
2029-05-12 00:00:00+00:00,0.0,18.061253
2029-05-13 00:00:00+00:00,0.0,17.050396
2029-05-14 00:00:00+00:00,0.0,18.989153
2029-05-15 00:00:00+00:00,0.0,15.364635
2029-05-16 00:00:00+00:00,0.0,13.70948
2029-05-17 00:00:00+00:00,0.0,18.251879
2029-05-18 00:00:00+00:00,0.0,17.899067
2029-05-19 00:00:00+00:00,0.0,16.247494
2029-05-20 00:00:00+00:00,0.0,13.951919
2029-05-21 00:00:00+00:00,0.0,11.987171
2029-05-22 00:00:00+00:00,0.0,18.7626
2029-05-23 00:00:00+00:00,0.0,17.76553
2029-05-24 00:00:00+00:00,0.0,17.416466
2029-05-25 00:00:00+00:00,0.0,20.288885
2029-05-26 00:00:00+00:00,0.0,17.364532
2029-05-27 00:00:00+00:00,0.0,17.017567
2029-05-28 00:00:00+00:00,0.0,18.915865
2029-05-29 00:00:00+00:00,0.0,19.527967
2029-05-30 00:00:00+00:00,0.0,15.982721
2029-05-31 00:00:00+00:00,0.0,12.767171
2029-06-01 00:00:00+00:00,2.773613,20.71583
2029-06-02 00:00:00+00:00,0.0,15.9116
2029-06-03 00:00:00+00:00,0.0,19.70111
2029-06-04 00:00:00+00:00,0.0,13.008841
2029-06-05 00:00:00+00:00,2.0358734,17.108208
2029-06-06 00:00:00+00:00,0.0,11.704934
2029-06-07 00:00:00+00:00,0.0,13.267023
2029-06-08 00:00:00+00:00,0.0,12.931993
2029-06-09 00:00:00+00:00,0.0,14.802571
2029-06-10 00:00:00+00:00,0.0,19.812449
2029-06-11 00:00:00+00:00,0.0,18.527134
2029-06-12 00:00:00+00:00,0.0,19.440477
2029-06-13 00:00:00+00:00,0.0,14.715414
2029-06-14 00:00:00+00:00,0.0,16.569542
2029-06-15 00:00:00+00:00,0.0,18.418186
2029-06-16 00:00:00+00:00,0.0,19.014523
2029-06-17 00:00:00+00:00,0.0,17.430294
2029-06-18 00:00:00+00:00,2.5962408,17.404688
2029-06-19 00:00:00+00:00,0.43251064,11.482645
2029-06-20 00:00:00+00:00,0.43232223,11.775684
2029-06-21 00:00:00+00:00,0.0,12.377284
2029-06-22 00:00:00+00:00,0.0,18.229744
2029-06-23 00:00:00+00:00,0.0,18.511574
2029-06-24 00:00:00+00:00,0.0,15.71181
2029-06-25 00:00:00+00:00,0.0,15.688835
2029-06-26 00:00:00+00:00,0.0,17.816128
2029-06-27 00:00:00+00:00,0.0,19.017008
2029-06-28 00:00:00+00:00,0.4310464,18.376694
2029-06-29 00:00:00+00:00,16.087343,15.291571
2029-06-30 00:00:00+00:00,0.0,14.353123
2029-07-01 00:00:00+00:00,0.0,17.076677
2029-07-02 00:00:00+00:00,0.0,14.006848
2029-07-03 00:00:00+00:00,0.0,15.52233
2029-07-04 00:00:00+00:00,0.4284181,10.045398
2029-07-05 00:00:00+00:00,0.0,15.222637
2029-07-06 00:00:00+00:00,0.0,19.487982
2029-07-07 00:00:00+00:00,0.0,17.359173
2029-07-08 00:00:00+00:00,0.56513983,17.05728
2029-07-09 00:00:00+00:00,10.570428,13.099601
2029-07-10 00:00:00+00:00,7.5926886,7.6172423
2029-07-11 00:00:00+00:00,0.56113327,13.713195
2029-07-12 00:00:00+00:00,0.0,21.639803
2029-07-13 00:00:00+00:00,0.55868703,18.89973
2029-07-14 00:00:00+00:00,11.150495,14.329502
2029-07-15 00:00:00+00:00,6.955003,18.905775
2029-07-16 00:00:00+00:00,0.0,13.114183
2029-07-17 00:00:00+00:00,0.0,18.301819
2029-07-18 00:00:00+00:00,0.0,18.304789
2029-07-19 00:00:00+00:00,4.1418467,15.256482
2029-07-20 00:00:00+00:00,25.634796,14.953801
2029-07-21 00:00:00+00:00,1.6510625,17.3981
2029-07-22 00:00:00+00:00,0.41208723,15.264012
2029-07-23 00:00:00+00:00,0.0,18.319857
2029-07-24 00:00:00+00:00,0.27385882,22.292875
2029-07-25 00:00:00+00:00,0.0,18.020546
2029-07-26 00:00:00+00:00,0.0,13.135826
2029-07-27 00:00:00+00:00,0.0,17.721088
2029-07-28 00:00:00+00:00,0.95293283,13.140276
2029-07-29 00:00:00+00:00,11.69148,15.587635
2029-07-30 00:00:00+00:00,10.725553,11.616304
2029-07-31 00:00:00+00:00,0.0,12.229792
2029-08-01 00:00:00+00:00,0.1354184,15.595676
2029-08-02 00:00:00+00:00,0.0,15.598383
2029-08-03 00:00:00+00:00,0.0,15.601101
2029-08-04 00:00:00+00:00,0.0,15.297878
2029-08-05 00:00:00+00:00,0.13477293,11.628431
2029-08-06 00:00:00+00:00,1.346212,12.54868
2029-08-07 00:00:00+00:00,0.13447313,15.612105
2029-08-08 00:00:00+00:00,0.0,15.9210615
2029-08-09 00:00:00+00:00,0.0,14.086538
2029-08-10 00:00:00+00:00,0.0,14.395358
2029-08-11 00:00:00+00:00,0.0,20.218412
2029-08-12 00:00:00+00:00,5.3512936,18.690107
2029-08-13 00:00:00+00:00,3.6086407,14.403201
2029-08-14 00:00:00+00:00,0.66763586,22.068521
2029-08-15 00:00:00+00:00,0.0,15.941311
2029-08-16 00:00:00+00:00,0.0,17.47736
2029-08-17 00:00:00+00:00,0.0,18.707317
2029-08-18 00:00:00+00:00,9.579527,14.72326
2029-08-19 00:00:00+00:00,0.13293563,10.124141
2029-08-20 00:00:00+00:00,2.390843,19.638395
2029-08-21 00:00:00+00:00,3.4506118,15.959217
2029-08-22 00:00:00+00:00,107.41351,19.952816
2029-08-23 00:00:00+00:00,1.0600384,15.965301
2029-08-24 00:00:00+00:00,0.7944146,10.74794
2029-08-25 00:00:00+00:00,17.993076,16.892878
2029-08-26 00:00:00+00:00,0.66101784,20.275383
2029-08-27 00:00:00+00:00,0.0,10.139665
2029-08-28 00:00:00+00:00,5.4125037,11.985586
2029-08-29 00:00:00+00:00,0.13191934,15.061771
2029-08-30 00:00:00+00:00,11.864531,10.760534
2029-08-31 00:00:00+00:00,4.347372,10.455166
2029-09-01 00:00:00+00:00,0.0,13.532913
2029-09-02 00:00:00+00:00,1.3165542,19.365244
2029-09-03 00:00:00+00:00,0.39507475,15.356117
2029-09-04 00:00:00+00:00,2.5028462,12.581253
2029-09-05 00:00:00+00:00,0.131767,17.782644
2029-09-06 00:00:00+00:00,0.0,15.316733
2029-09-07 00:00:00+00:00,1.9777033,12.24288
2029-09-08 00:00:00+00:00,4.352325,11.620753
2029-09-09 00:00:00+00:00,10.158737,15.582871
2029-09-10 00:00:00+00:00,20.192327,11.60078
2029-09-11 00:00:00+00:00,2.9044783,7.93054
2029-09-12 00:00:00+00:00,3.9620686,14.323618
2029-09-13 00:00:00+00:00,2.113883,10.352824
2029-09-14 00:00:00+00:00,12.555964,10.952344
2029-09-15 00:00:00+00:00,6.082123,8.815091
2029-09-16 00:00:00+00:00,7.142791,10.02228
2029-09-17 00:00:00+00:00,11.777332,21.240957
2029-09-18 00:00:00+00:00,0.0,9.701727
2029-09-19 00:00:00+00:00,24.237795,11.813711
2029-09-20 00:00:00+00:00,15.106011,9.382218
2029-09-21 00:00:00+00:00,2.253743,11.793163
2029-09-22 00:00:00+00:00,11.27438,6.646756
2029-09-23 00:00:00+00:00,17.384884,9.6595745
2029-09-24 00:00:00+00:00,0.53112406,9.651139
2029-09-25 00:00:00+00:00,3.719966,7.53336
2029-09-26 00:00:00+00:00,1.1964052,8.128907
2029-09-27 00:00:00+00:00,0.0,8.723399
2029-09-28 00:00:00+00:00,0.0,7.213033
2029-09-29 00:00:00+00:00,0.0,7.5069776
2029-09-30 00:00:00+00:00,0.0,9.300469
2029-10-01 00:00:00+00:00,0.0,8.692782
2029-10-02 00:00:00+00:00,0.0,7.4871774
2029-10-03 00:00:00+00:00,0.0,7.18135
2029-10-04 00:00:00+00:00,0.0,8.669803
2029-10-05 00:00:00+00:00,0.0,6.8699737
2029-10-06 00:00:00+00:00,0.0,7.4607544
2029-10-07 00:00:00+00:00,0.0,7.7523117
2029-10-08 00:00:00+00:00,2.4156406,8.639142
2029-10-09 00:00:00+00:00,0.0,8.036199
2029-10-10 00:00:00+00:00,0.0,6.8395658
2029-10-11 00:00:00+00:00,0.0,8.31902
2029-10-12 00:00:00+00:00,0.0,7.124238
2029-10-13 00:00:00+00:00,0.0,8.00762
2029-10-14 00:00:00+00:00,0.0,8.000472
2029-10-15 00:00:00+00:00,0.0,8.88147
2029-10-16 00:00:00+00:00,0.0,9.169307
2029-10-17 00:00:00+00:00,0.0,8.274538
2029-10-18 00:00:00+00:00,0.0,12.105422
2029-10-19 00:00:00+00:00,0.0,12.684536
2029-10-20 00:00:00+00:00,0.0,10.020619
2029-10-21 00:00:00+00:00,0.0,12.072817
2029-10-22 00:00:00+00:00,0.0,11.473556
2029-10-23 00:00:00+00:00,0.0,11.169283
2029-10-24 00:00:00+00:00,0.0,12.333853
2029-10-25 00:00:00+00:00,0.0,9.682127
2029-10-26 00:00:00+00:00,0.0,11.13903
2029-10-27 00:00:00+00:00,0.0,12.007542
2029-10-28 00:00:00+00:00,0.0,9.070641
2029-10-29 00:00:00+00:00,0.0,12.862773
2029-10-30 00:00:00+00:00,0.0,9.346243
2029-10-31 00:00:00+00:00,0.0,9.921348
2029-11-01 00:00:00+00:00,0.0,9.037697
2029-11-02 00:00:00+00:00,0.0,9.607753
2029-11-03 00:00:00+00:00,0.0,9.594219
2029-11-04 00:00:00+00:00,0.0,13.064705
2029-11-05 00:00:00+00:00,0.28902993,12.466675
2029-11-06 00:00:00+00:00,0.0,11.580856
2029-11-07 00:00:00+00:00,0.0,16.190893
2029-11-08 00:00:00+00:00,0.0,18.18984
2029-11-09 00:00:00+00:00,0.0,16.723429
2029-11-10 00:00:00+00:00,0.0,17.27671
2029-11-11 00:00:00+00:00,0.0,15.815696
2029-11-12 00:00:00+00:00,0.0,15.507387
2029-11-13 00:00:00+00:00,0.0,8.603766
2029-11-14 00:00:00+00:00,0.0,12.029361
2029-11-15 00:00:00+00:00,0.0,15.159966
2029-11-16 00:00:00+00:00,0.0,15.425831
2029-11-17 00:00:00+00:00,0.0,13.694041
2029-11-18 00:00:00+00:00,0.0,13.676357
2029-11-19 00:00:00+00:00,0.0,14.797027
2029-11-20 00:00:00+00:00,0.0,12.22038
2029-11-21 00:00:00+00:00,0.0,15.043202
2029-11-22 00:00:00+00:00,0.0,13.890306
2029-11-23 00:00:00+00:00,0.0,9.909189
2029-11-24 00:00:00+00:00,0.0,10.179582
2029-11-25 00:00:00+00:00,0.0,15.250415
2029-11-26 00:00:00+00:00,0.0,16.641914
2029-11-27 00:00:00+00:00,0.0,18.311796
2029-11-28 00:00:00+00:00,0.0,19.977686
2029-11-29 00:00:00+00:00,0.0,19.391354
2029-11-30 00:00:00+00:00,0.0,13.473343
2029-12-01 00:00:00+00:00,0.0,14.017871
2029-12-02 00:00:00+00:00,0.0,16.801346
2029-12-03 00:00:00+00:00,0.0,16.222
2029-12-04 00:00:00+00:00,0.0,15.364749
2029-12-05 00:00:00+00:00,0.0,18.41602
2029-12-06 00:00:00+00:00,0.0,18.394485
2029-12-07 00:00:00+00:00,0.0,14.75415
2029-12-08 00:00:00+00:00,0.0,15.2932005
2029-12-09 00:00:00+00:00,0.0,16.108816
2029-12-10 00:00:00+00:00,0.0,17.20006
2029-12-11 00:00:00+00:00,0.0,18.011791
2029-12-12 00:00:00+00:00,0.0,15.777065
2029-12-13 00:00:00+00:00,0.0,16.312252
2029-12-14 00:00:00+00:00,0.0,14.913126
2029-12-15 00:00:00+00:00,0.0,14.620641
2029-12-16 00:00:00+00:00,0.0,14.328871
2029-12-17 00:00:00+00:00,0.0,14.588316
2029-12-18 00:00:00+00:00,0.0,13.747458
2029-12-19 00:00:00+00:00,0.0,13.183152
2029-12-20 00:00:00+00:00,0.0,12.6201315
2029-12-21 00:00:00+00:00,0.0,13.428658
2029-12-22 00:00:00+00:00,0.0,15.33054
2029-12-23 00:00:00+00:00,0.0,15.86108
2029-12-24 00:00:00+00:00,0.0,15.571026
2029-12-25 00:00:00+00:00,0.0,15.281657
2029-12-26 00:00:00+00:00,0.0,15.810762
2029-12-27 00:00:00+00:00,0.0,16.338821
2029-12-28 00:00:00+00:00,0.0,15.505696
2029-12-29 00:00:00+00:00,0.0,13.587379
2029-12-30 00:00:00+00:00,0.0,13.301888
2029-12-31 00:00:00+00:00,0.0,14.644173
2030-01-01 00:00:00+00:00,0.0,17.067411
2030-01-02 00:00:00+00:00,0.0,17.90394
2030-01-03 00:00:00+00:00,0.0,16.84122
2030-01-04 00:00:00+00:00,0.0,16.04763
2030-01-05 00:00:00+00:00,0.0,15.251884
2030-01-06 00:00:00+00:00,0.0,13.36312
2030-01-07 00:00:00+00:00,0.0,12.561618
2030-01-08 00:00:00+00:00,0.0,13.3986025
2030-01-09 00:00:00+00:00,0.0,12.868755
2030-01-10 00:00:00+00:00,0.0,12.885805
2030-01-11 00:00:00+00:00,0.0,13.451927
2030-01-12 00:00:00+00:00,0.0,17.043331
2030-01-13 00:00:00+00:00,0.0,17.616386
2030-01-14 00:00:00+00:00,0.0,16.81281
2030-01-15 00:00:00+00:00,0.0,16.835028
2030-01-16 00:00:00+00:00,0.0,15.475514
2030-01-17 00:00:00+00:00,0.0,12.175381
2030-01-18 00:00:00+00:00,0.0,15.2393
2030-01-19 00:00:00+00:00,0.0,19.698484
2030-01-20 00:00:00+00:00,0.0,18.613203
2030-01-21 00:00:00+00:00,0.0,19.750414
2030-01-22 00:00:00+00:00,0.0,21.726194
2030-01-23 00:00:00+00:00,0.0,20.36024
2030-01-24 00:00:00+00:00,0.0,17.035719
2030-01-25 00:00:00+00:00,0.0,15.659898
2030-01-26 00:00:00+00:00,0.0,14.56043
2030-01-27 00:00:00+00:00,0.0,16.261799
2030-01-28 00:00:00+00:00,0.0,18.248337
2030-01-29 00:00:00+00:00,0.0,20.240047
2030-01-30 00:00:00+00:00,0.0,19.14065
2030-01-31 00:00:00+00:00,0.0,17.756475
2030-02-01 00:00:00+00:00,0.0,14.6753235
2030-02-02 00:00:00+00:00,0.0,12.999003
2030-02-03 00:00:00+00:00,0.0,12.167134
2030-02-04 00:00:00+00:00,0.0,11.616383
2030-02-05 00:00:00+00:00,0.69484913,12.482646
2030-02-06 00:00:00+00:00,0.0,11.93081
2030-02-07 00:00:00+00:00,0.0,17.066252
2030-02-08 00:00:00+00:00,0.0,16.803703
2030-02-09 00:00:00+00:00,0.0,15.1145315
2030-02-10 00:00:00+00:00,0.0,15.990875
2030-02-11 00:00:00+00:00,0.0,18.585009
2030-02-12 00:00:00+00:00,0.0,20.326967
2030-02-13 00:00:00+00:00,0.0,17.200064
2030-02-14 00:00:00+00:00,0.0,15.213144
2030-02-15 00:00:00+00:00,0.0,14.083257
2030-02-16 00:00:00+00:00,0.0,15.252697
2030-02-17 00:00:00+00:00,0.0,14.984335
2030-02-18 00:00:00+00:00,0.0,15.292311
2030-02-19 00:00:00+00:00,0.0,16.467773
2030-02-20 00:00:00+00:00,0.0,14.174859
2030-02-21 00:00:00+00:00,0.0,17.37945
2030-02-22 00:00:00+00:00,0.0,18.562084
2030-02-23 00:00:00+00:00,0.0,17.424473
2030-02-24 00:00:00+00:00,0.0,18.028578
2030-02-25 00:00:00+00:00,0.0,17.469566
2030-02-26 00:00:00+00:00,0.0,17.783674
2030-02-27 00:00:00+00:00,0.0,17.222816
2030-02-28 00:00:00+00:00,0.0,17.245052
2030-03-01 00:00:00+00:00,0.0,15.511301
2030-03-02 00:00:00+00:00,0.0,15.531303
2030-03-03 00:00:00+00:00,0.0,13.4986105
2030-03-04 00:00:00+00:00,0.0,12.937877
2030-03-05 00:00:00+00:00,0.0,15.026589
2030-03-06 00:00:00+00:00,0.0,21.25707
2030-03-07 00:00:00+00:00,0.0,20.412756
2030-03-08 00:00:00+00:00,0.0,17.48989
2030-03-09 00:00:00+00:00,0.0,16.634377
2030-03-10 00:00:00+00:00,0.0,16.370628
2030-03-11 00:00:00+00:00,0.0,16.40403
2030-03-12 00:00:00+00:00,0.0,14.644346
2030-03-13 00:00:00+00:00,0.0,11.679532
2030-03-14 00:00:00+00:00,0.0,12.603697
2030-03-15 00:00:00+00:00,0.0,12.328812
2030-03-16 00:00:00+00:00,0.0,12.956732
2030-03-17 00:00:00+00:00,0.0,22.947275
2030-03-18 00:00:00+00:00,0.0,23.599539
2030-03-19 00:00:00+00:00,0.0,18.797194
2030-03-20 00:00:00+00:00,0.0,17.924479
2030-03-21 00:00:00+00:00,0.0,15.830407
2030-03-22 00:00:00+00:00,0.0,12.202361
2030-03-23 00:00:00+00:00,0.0,15.895827
2030-03-24 00:00:00+00:00,0.0,17.4603
2030-03-25 00:00:00+00:00,0.0,13.199064
2030-03-26 00:00:00+00:00,0.0,12.611226
2030-03-27 00:00:00+00:00,0.0,12.945612
2030-03-28 00:00:00+00:00,0.0,13.899093
2030-03-29 00:00:00+00:00,0.0,13.618469
2030-03-30 00:00:00+00:00,0.0,15.1975765
2030-03-31 00:00:00+00:00,0.0,15.850825
2030-04-01 00:00:00+00:00,0.0,13.080835
2030-04-02 00:00:00+00:00,0.0,12.17184
2030-04-03 00:00:00+00:00,0.0,10.320767
2030-04-04 00:00:00+00:00,0.0,13.162995
2030-04-05 00:00:00+00:00,0.0,18.21553
2030-04-06 00:00:00+00:00,0.0,14.162361
2030-04-07 00:00:00+00:00,0.0,17.976631
2030-04-08 00:00:00+00:00,0.0,15.486054
2030-04-09 00:00:00+00:00,0.0,14.885205
2030-04-10 00:00:00+00:00,0.0,17.138153
2030-04-11 00:00:00+00:00,0.0,15.266018
2030-04-12 00:00:00+00:00,0.0,24.859612
2030-04-13 00:00:00+00:00,0.0,17.246847
2030-04-14 00:00:00+00:00,0.0,18.243494
2030-04-15 00:00:00+00:00,0.0,14.433244
2030-04-16 00:00:00+00:00,0.0,12.213898
2030-04-17 00:00:00+00:00,0.0,14.172407
2030-04-18 00:00:00+00:00,0.0,17.107561
2030-04-19 00:00:00+00:00,0.0,17.79087
2030-04-20 00:00:00+00:00,0.0,15.235462
2030-04-21 00:00:00+00:00,0.0,16.567322
2030-04-22 00:00:00+00:00,0.0,17.90483
2030-04-23 00:00:00+00:00,0.0,16.964352
2030-04-24 00:00:00+00:00,0.0,15.039011
2030-04-25 00:00:00+00:00,0.0,13.760658
2030-04-26 00:00:00+00:00,0.0,13.133469
2030-04-27 00:00:00+00:00,0.0,14.806848
2030-04-28 00:00:00+00:00,0.0,16.487381
2030-04-29 00:00:00+00:00,0.0,18.836025
2030-04-30 00:00:00+00:00,0.0,17.551897
2030-05-01 00:00:00+00:00,0.0,12.943377
2030-05-02 00:00:00+00:00,0.0,14.301691
2030-05-03 00:00:00+00:00,0.0,12.654369
2030-05-04 00:00:00+00:00,0.0,15.960256
2030-05-05 00:00:00+00:00,0.0,20.584127
2030-05-06 00:00:00+00:00,0.0,21.215994
2030-05-07 00:00:00+00:00,0.0,17.211939
2030-05-08 00:00:00+00:00,0.0,13.219955
2030-05-09 00:00:00+00:00,0.0,15.510003
2030-05-10 00:00:00+00:00,0.0,12.521088
2030-05-11 00:00:00+00:00,0.0,15.792274
2030-05-12 00:00:00+00:00,0.0,13.468918
2030-05-13 00:00:00+00:00,0.0,14.432693
2030-05-14 00:00:00+00:00,0.0,16.37612
2030-05-15 00:00:00+00:00,0.0,16.678534
2030-05-16 00:00:00+00:00,0.0,13.388093
2030-05-17 00:00:00+00:00,0.0,16.302439
2030-05-18 00:00:00+00:00,0.0,18.882463
2030-05-19 00:00:00+00:00,0.0,17.228802
2030-05-20 00:00:00+00:00,0.0,13.957146
2030-05-21 00:00:00+00:00,0.0,14.58445
2030-05-22 00:00:00+00:00,0.0,16.827934
2030-05-23 00:00:00+00:00,0.0,15.187127
2030-05-24 00:00:00+00:00,0.0,13.228554
2030-05-25 00:00:00+00:00,0.0,17.719131
2030-05-26 00:00:00+00:00,0.0,16.08427
2030-05-27 00:00:00+00:00,0.0,14.133058
2030-05-28 00:00:00+00:00,0.0,14.112003
2030-05-29 00:00:00+00:00,0.0,13.770743
2030-05-30 00:00:00+00:00,0.0,14.709578
2030-05-31 00:00:00+00:00,0.0,14.368406
2030-06-01 00:00:00+00:00,0.0,21.998823
2030-06-02 00:00:00+00:00,0.0,16.554209
2030-06-03 00:00:00+00:00,0.0,17.48328
2030-06-04 00:00:00+00:00,0.0,16.187729
2030-06-05 00:00:00+00:00,0.0,13.628253
2030-06-06 00:00:00+00:00,1.4532824,14.557469
2030-06-07 00:00:00+00:00,0.0,17.063915
2030-06-08 00:00:00+00:00,0.0,16.40762
2030-06-09 00:00:00+00:00,0.0,13.86285
2030-06-10 00:00:00+00:00,0.0,13.842376
2030-06-11 00:00:00+00:00,0.0,16.64916
2030-06-12 00:00:00+00:00,0.0,17.251947
2030-06-13 00:00:00+00:00,0.0,16.28689
2030-06-14 00:00:00+00:00,0.0,14.699156
2030-06-15 00:00:00+00:00,0.0,17.488108
2030-06-16 00:00:00+00:00,0.0,17.774206
2030-06-17 00:00:00+00:00,0.0,18.059443
2030-06-18 00:00:00+00:00,0.0,17.721996
2030-06-19 00:00:00+00:00,0.1441863,16.76461
2030-06-20 00:00:00+00:00,0.0,13.950008
2030-06-21 00:00:00+00:00,0.0,18.88228
2030-06-22 00:00:00+00:00,0.0,15.454599
2030-06-23 00:00:00+00:00,0.0,21.91339
2030-06-24 00:00:00+00:00,0.0,12.635686
2030-06-25 00:00:00+00:00,0.0,10.770786
2030-06-26 00:00:00+00:00,0.0,15.671633
2030-06-27 00:00:00+00:00,5.7496305,23.626528
2030-06-28 00:00:00+00:00,0.0,13.787555
2030-06-29 00:00:00+00:00,0.0,17.13281
2030-06-30 00:00:00+00:00,6.749394,16.80233
2030-07-01 00:00:00+00:00,0.0,11.286918
2030-07-02 00:00:00+00:00,0.0,12.488912
2030-07-03 00:00:00+00:00,0.0,15.217391
2030-07-04 00:00:00+00:00,0.0,26.482304
2030-07-05 00:00:00+00:00,0.0,17.96202
2030-07-06 00:00:00+00:00,0.0,18.878254
2030-07-07 00:00:00+00:00,0.9921499,25.885483
2030-07-08 00:00:00+00:00,0.0,18.88411
2030-07-09 00:00:00+00:00,0.0,16.754648
2030-07-10 00:00:00+00:00,0.0,20.413406
2030-07-11 00:00:00+00:00,0.42108828,20.416618
2030-07-12 00:00:00+00:00,0.56019616,22.553263
2030-07-13 00:00:00+00:00,18.8657,12.497712
2030-07-14 00:00:00+00:00,4.4624934,13.109446
2030-07-15 00:00:00+00:00,0.0,14.026305
2030-07-16 00:00:00+00:00,0.0,16.773277
2030-07-17 00:00:00+00:00,0.0,18.911114
2030-07-18 00:00:00+00:00,7.1953526,16.473642
2030-07-19 00:00:00+00:00,1.7955954,20.137732
2030-07-20 00:00:00+00:00,0.0,16.173857
2030-07-21 00:00:00+00:00,0.0,13.429559
2030-07-22 00:00:00+00:00,0.0,14.04231
2030-07-23 00:00:00+00:00,0.9603797,15.265911
2030-07-24 00:00:00+00:00,2.0547328,22.90268
2030-07-25 00:00:00+00:00,0.0,21.073994
2030-07-26 00:00:00+00:00,0.13657023,20.466589
2030-07-27 00:00:00+00:00,2.1819637,18.636904
2030-07-28 00:00:00+00:00,0.6809026,12.834142
2030-07-29 00:00:00+00:00,2.447882,11.919446
2030-07-30 00:00:00+00:00,2.580414,17.118027
2030-07-31 00:00:00+00:00,0.27126765,16.509506
2030-08-01 00:00:00+00:00,13.275171,14.6776495
2030-08-02 00:00:00+00:00,7.9822526,10.398471
2030-08-03 00:00:00+00:00,11.485885,11.317952
2030-08-04 00:00:00+00:00,5.398711,12.237764
2030-08-05 00:00:00+00:00,0.6740571,13.463907
2030-08-06 00:00:00+00:00,0.0,17.138905
2030-08-07 00:00:00+00:00,0.13450982,18.366365
2030-08-08 00:00:00+00:00,5.3745737,17.757317
2030-08-09 00:00:00+00:00,15.435555,12.554831
2030-08-10 00:00:00+00:00,2.5475843,14.394709
2030-08-11 00:00:00+00:00,47.015633,9.496097
2030-08-12 00:00:00+00:00,12.177169,8.885057
2030-08-13 00:00:00+00:00,0.26737067,7.660928
2030-08-14 00:00:00+00:00,13.8900795,14.405179
2030-08-15 00:00:00+00:00,2.8021219,12.261982
2030-08-16 00:00:00+00:00,8.398714,11.344429
2030-08-17 00:00:00+00:00,0.79916435,10.733208
2030-08-18 00:00:00+00:00,12.64238,9.201609
2030-08-19 00:00:00+00:00,1.1966738,15.338884
2030-08-20 00:00:00+00:00,0.13285215,13.807594
2030-08-21 00:00:00+00:00,14.336226,19.641184
2030-08-22 00:00:00+00:00,1.1937214,12.891974
2030-08-23 00:00:00+00:00,38.433914,16.271551
2030-08-24 00:00:00+00:00,17.348047,10.747423
2030-08-25 00:00:00+00:00,0.0,11.363751
2030-08-26 00:00:00+00:00,0.9255961,15.359393
2030-08-27 00:00:00+00:00,0.0,11.060913
2030-08-28 00:00:00+00:00,0.0,11.6776905
2030-08-29 00:00:00+00:00,0.0,13.2168255
2030-08-30 00:00:00+00:00,0.0,16.601147
2030-08-31 00:00:00+00:00,4.87515,16.604439
2030-09-01 00:00:00+00:00,0.0,12.917136
2030-09-02 00:00:00+00:00,0.0,10.453314
2030-09-03 00:00:00+00:00,2.6336489,17.202526
2030-09-04 00:00:00+00:00,0.0,17.801678
2030-09-05 00:00:00+00:00,11.85816,21.15974
2030-09-06 00:00:00+00:00,0.6589821,19.30322
2030-09-07 00:00:00+00:00,10.678768,18.368261
2030-09-08 00:00:00+00:00,1.582537,13.458499
2030-09-09 00:00:00+00:00,0.0,12.835712
2030-09-10 00:00:00+00:00,0.0,13.435373
2030-09-11 00:00:00+00:00,0.0,14.339065
2030-09-12 00:00:00+00:00,0.0,8.839884
2030-09-13 00:00:00+00:00,0.0,14.009788
2030-09-14 00:00:00+00:00,0.0,15.823469
2030-09-15 00:00:00+00:00,14.013932,20.066273
2030-09-16 00:00:00+00:00,12.035685,15.492336
2030-09-17 00:00:00+00:00,0.26463097,11.229798
2030-09-18 00:00:00+00:00,0.0,9.097344
2030-09-19 00:00:00+00:00,1.4567503,13.634167
2030-09-20 00:00:00+00:00,1.5899185,7.2652345
2030-09-21 00:00:00+00:00,0.53022736,6.0490923
2030-09-22 00:00:00+00:00,0.0,8.159162
2030-09-23 00:00:00+00:00,3.5826693,16.304092
2030-09-24 00:00:00+00:00,13.541803,16.893183
2030-09-25 00:00:00+00:00,0.9298584,7.233608
2030-09-26 00:00:00+00:00,0.0,8.130687
2030-09-27 00:00:00+00:00,0.0,15.645386
2030-09-28 00:00:00+00:00,0.93154883,7.8158317
2030-09-29 00:00:00+00:00,0.0,10.812423
2030-09-30 00:00:00+00:00,0.0,14.103811
2030-10-01 00:00:00+00:00,0.5334117,10.793417
2030-10-02 00:00:00+00:00,0.0,10.184804
2030-10-03 00:00:00+00:00,0.0,9.577248
2030-10-04 00:00:00+00:00,0.0,12.2600155
2030-10-05 00:00:00+00:00,0.0,16.431831
2030-10-06 00:00:00+00:00,0.4017142,13.133836
2030-10-07 00:00:00+00:00,0.0,9.841656
2030-10-08 00:00:00+00:00,2.5491807,10.130897
2030-10-09 00:00:00+00:00,3.6263628,8.63339
2030-10-10 00:00:00+00:00,5.10949,7.733403
2030-10-11 00:00:00+00:00,0.0,8.320872
2030-10-12 00:00:00+00:00,0.0,11.579467
2030-10-13 00:00:00+00:00,0.269937,10.975855
2030-10-14 00:00:00+00:00,0.0,11.55882
2030-10-15 00:00:00+00:00,0.0,10.364032
2030-10-16 00:00:00+00:00,0.27116507,16.863468
2030-10-17 00:00:00+00:00,9.099713,15.666028
2030-10-18 00:00:00+00:00,18.913477,14.470703
2030-10-19 00:00:00+00:00,0.81803524,7.376386
2030-10-20 00:00:00+00:00,0.0,9.1385
2030-10-21 00:00:00+00:00,0.0,8.835756
2030-10-22 00:00:00+00:00,0.0,10.004841
2030-10-23 00:00:00+00:00,0.0,7.9378595
2030-10-24 00:00:00+00:00,0.0,11.749179
2030-10-25 00:00:00+00:00,0.0,8.51046
2030-10-26 00:00:00+00:00,0.0,11.141551
2030-10-27 00:00:00+00:00,0.0,11.131464
2030-10-28 00:00:00+00:00,0.0,21.950079
2030-10-29 00:00:00+00:00,0.0,15.497313
2030-10-30 00:00:00+00:00,0.0,12.2697315
2030-10-31 00:00:00+00:00,0.0,8.756124
2030-11-01 00:00:00+00:00,0.0,11.080992
2030-11-02 00:00:00+00:00,0.0,11.358635
2030-11-03 00:00:00+00:00,0.0,10.470101
2030-11-04 00:00:00+00:00,0.0,10.745849
2030-11-05 00:00:00+00:00,0.0,16.531336
2030-11-06 00:00:00+00:00,0.0,13.612207
2030-11-07 00:00:00+00:00,0.0,10.990452
2030-11-08 00:00:00+00:00,0.0,11.553049
2030-11-09 00:00:00+00:00,0.0,11.825748
2030-11-10 00:00:00+00:00,0.0,10.657567
2030-11-11 00:00:00+00:00,0.0,9.780258
2030-11-12 00:00:00+00:00,0.0,10.054439
2030-11-13 00:00:00+00:00,0.0,11.475495
2030-11-14 00:00:00+00:00,0.0,15.1849165
2030-11-15 00:00:00+00:00,0.0,10.300713
2030-11-16 00:00:00+00:00,0.0,8.858457
2030-11-17 00:00:00+00:00,0.0,10.559245
2030-11-18 00:00:00+00:00,0.0,11.115623
2030-11-19 00:00:00+00:00,0.0,13.947823
2030-11-20 00:00:00+00:00,0.0,13.07713
2030-11-21 00:00:00+00:00,0.0,11.924808
2030-11-22 00:00:00+00:00,0.0,12.47686
2030-11-23 00:00:00+00:00,0.0,12.461174
2030-11-24 00:00:00+00:00,0.0,10.748466
2030-11-25 00:00:00+00:00,0.0,15.8201475
2030-11-26 00:00:00+00:00,0.0,18.62212
2030-11-27 00:00:00+00:00,0.0,16.626574
2030-11-28 00:00:00+00:00,0.0,13.791624
2030-11-29 00:00:00+00:00,0.0,11.807012
2030-11-30 00:00:00+00:00,0.0,12.35429
2030-12-01 00:00:00+00:00,0.0,10.376336
2030-12-02 00:00:00+00:00,0.0,15.685936
2030-12-03 00:00:00+00:00,0.0,15.667269
2030-12-04 00:00:00+00:00,0.0,15.928165
2030-12-05 00:00:00+00:00,0.0,15.072076
2030-12-06 00:00:00+00:00,0.0,13.939285
2030-12-07 00:00:00+00:00,0.0,15.31536
2030-12-08 00:00:00+00:00,0.0,16.966448
2030-12-09 00:00:00+00:00,0.0,18.613806
2030-12-10 00:00:00+00:00,0.0,17.482475
2030-12-11 00:00:00+00:00,0.0,17.462543
2030-12-12 00:00:00+00:00,0.0,15.781527
2030-12-13 00:00:00+00:00,0.0,14.934057
2030-12-14 00:00:00+00:00,0.0,17.127268
2030-12-15 00:00:00+00:00,0.0,17.10815
2030-12-16 00:00:00+00:00,0.0,15.710997
2030-12-17 00:00:00+00:00,0.0,14.041679
2030-12-18 00:00:00+00:00,0.0,13.751225
2030-12-19 00:00:00+00:00,0.0,14.560364
2030-12-20 00:00:00+00:00,0.0,15.642229
2030-12-21 00:00:00+00:00,0.0,15.625306
2030-12-22 00:00:00+00:00,0.0,15.060821
2030-12-23 00:00:00+00:00,0.0,15.8653145
2030-12-24 00:00:00+00:00,0.0,15.848412
2030-12-25 00:00:00+00:00,0.0,15.558654
2030-12-26 00:00:00+00:00,0.0,14.724236
2030-12-27 00:00:00+00:00,0.0,13.346862
2030-12-28 00:00:00+00:00,0.0,11.428225
2030-12-29 00:00:00+00:00,0.0,10.87272
2030-12-30 00:00:00+00:00,0.0,14.391465
2030-12-31 00:00:00+00:00,0.0,13.834153
2031-01-01 00:00:00+00:00,0.0,12.194116
2031-01-02 00:00:00+00:00,0.0,12.745538
2031-01-03 00:00:00+00:00,0.0,18.464882
2031-01-04 00:00:00+00:00,0.0,18.489433
2031-01-05 00:00:00+00:00,0.0,17.424944
2031-01-06 00:00:00+00:00,0.0,19.356466
2031-01-07 00:00:00+00:00,0.0,17.198254
2031-01-08 00:00:00+00:00,0.0,16.127666
2031-01-09 00:00:00+00:00,0.0,14.506773
2031-01-10 00:00:00+00:00,0.0,16.44452
2031-01-11 00:00:00+00:00,0.0,15.094109
2031-01-12 00:00:00+00:00,0.0,13.740078
2031-01-13 00:00:00+00:00,0.0,12.93276
2031-01-14 00:00:00+00:00,0.0,17.63385
2031-01-15 00:00:00+00:00,0.0,16.55358
2031-01-16 00:00:00+00:00,0.0,16.022928
2031-01-17 00:00:00+00:00,0.0,18.810295
2031-01-18 00:00:00+00:00,0.0,17.727161
2031-01-19 00:00:00+00:00,0.0,13.867605
2031-01-20 00:00:00+00:00,0.0,12.219575
2031-01-21 00:00:00+00:00,0.0,13.904169
2031-01-22 00:00:00+00:00,0.0,18.377659
2031-01-23 00:00:00+00:00,0.0,18.123026
2031-01-24 00:00:00+00:00,0.0,18.146852
2031-01-25 00:00:00+00:00,0.0,18.7298
2031-01-26 00:00:00+00:00,0.0,15.395404
2031-01-27 00:00:00+00:00,0.0,13.733912
2031-01-28 00:00:00+00:00,0.0,14.032582
2031-01-29 00:00:00+00:00,0.0,16.299145
2031-01-30 00:00:00+00:00,0.0,17.727446
2031-01-31 00:00:00+00:00,0.0,16.905397
2031-02-01 00:00:00+00:00,0.0,16.645407
2031-02-02 00:00:00+00:00,0.0,18.07966
2031-02-03 00:00:00+00:00,0.0,20.366217
2031-02-04 00:00:00+00:00,0.0,19.54314
2031-02-05 00:00:00+00:00,0.0,19.852274
2031-02-06 00:00:00+00:00,0.0,18.17435
2031-02-07 00:00:00+00:00,0.0,15.638969
2031-02-08 00:00:00+00:00,0.0,15.944083
2031-02-09 00:00:00+00:00,0.0,16.535044
2031-02-10 00:00:00+00:00,0.0,15.414755
2031-02-11 00:00:00+00:00,0.0,14.291509
2031-02-12 00:00:00+00:00,0.0,13.737709
2031-02-13 00:00:00+00:00,0.0,15.188454
2031-02-14 00:00:00+00:00,0.0,16.355991
2031-02-15 00:00:00+00:00,0.0,14.078689
2031-02-16 00:00:00+00:00,0.0,13.809282
2031-02-17 00:00:00+00:00,0.0,15.843677
2031-02-18 00:00:00+00:00,0.0,16.441116
2031-02-19 00:00:00+00:00,0.0,15.884812
2031-02-20 00:00:00+00:00,0.0,14.170268
2031-02-21 00:00:00+00:00,0.0,15.636446
2031-02-22 00:00:00+00:00,0.0,13.917061
2031-02-23 00:00:00+00:00,0.0,12.483504
2031-02-24 00:00:00+00:00,0.0,15.4065485
2031-02-25 00:00:00+00:00,0.0,17.754992
2031-02-26 00:00:00+00:00,0.0,18.360819
2031-02-27 00:00:00+00:00,0.0,18.384535
2031-02-28 00:00:00+00:00,0.0,13.440956
2031-03-01 00:00:00+00:00,0.0,14.043446
2031-03-02 00:00:00+00:00,0.0,10.546166
2031-03-03 00:00:00+00:00,0.0,16.426294
2031-03-04 00:00:00+00:00,0.0,19.984781
2031-03-05 00:00:00+00:00,0.0,21.792242
2031-03-06 00:00:00+00:00,0.0,20.361032
2031-03-07 00:00:00+00:00,0.0,18.332582
2031-03-08 00:00:00+00:00,0.0,21.33275
2031-03-09 00:00:00+00:00,0.0,19.594828
2031-03-10 00:00:00+00:00,0.0,19.932251
2031-03-11 00:00:00+00:00,0.0,17.28998
2031-03-12 00:00:00+00:00,0.0,10.454911
2031-03-13 00:00:00+00:00,0.0,11.972891
2031-03-14 00:00:00+00:00,0.0,12.897189
2031-03-15 00:00:00+00:00,0.0,12.021954
2031-03-16 00:00:00+00:00,0.0,13.251261
2031-03-17 00:00:00+00:00,0.0,11.769539
2031-03-18 00:00:00+00:00,0.0,12.096118
2031-03-19 00:00:00+00:00,0.0,11.8179655
2031-03-20 00:00:00+00:00,0.0,13.664184
2031-03-21 00:00:00+00:00,0.0,15.5179825
2031-03-22 00:00:00+00:00,0.0,16.769596
2031-03-23 00:00:00+00:00,0.0,15.2765665
2031-03-24 00:00:00+00:00,0.0,14.08349
2031-03-25 00:00:00+00:00,0.0,12.885445
2031-03-26 00:00:00+00:00,0.0,13.834429
2031-03-27 00:00:00+00:00,0.0,14.479251
2031-03-28 00:00:00+00:00,0.0,18.522514
2031-03-29 00:00:00+00:00,0.0,19.179697
2031-03-30 00:00:00+00:00,0.0,13.639709
2031-03-31 00:00:00+00:00,0.0,13.978747
2031-04-01 00:00:00+00:00,0.0,11.828879
2031-04-02 00:00:00+00:00,0.0,13.725174
2031-04-03 00:00:00+00:00,0.0,16.879717
2031-04-04 00:00:00+00:00,0.0,18.481216
2031-04-05 00:00:00+00:00,0.0,17.892109
2031-04-06 00:00:00+00:00,0.0,18.558708
2031-04-07 00:00:00+00:00,0.0,19.543278
2031-04-08 00:00:00+00:00,0.0,16.109682
2031-04-09 00:00:00+00:00,0.0,13.611229
2031-04-10 00:00:00+00:00,0.0,10.785014
2031-04-11 00:00:00+00:00,0.0,11.761359
2031-04-12 00:00:00+00:00,0.0,13.060345
2031-04-13 00:00:00+00:00,0.0,12.449486
2031-04-14 00:00:00+00:00,0.0,13.755369
2031-04-15 00:00:00+00:00,0.0,15.06675
2031-04-16 00:00:00+00:00,0.0,14.777418
2031-04-17 00:00:00+00:00,0.0,12.23332
2031-04-18 00:00:00+00:00,0.0,15.162807
2031-04-19 00:00:00+00:00,0.0,16.164928
2031-04-20 00:00:00+00:00,0.0,16.199326
2031-04-21 00:00:00+00:00,0.0,11.688356
2031-04-22 00:00:00+00:00,0.0,13.990867
2031-04-23 00:00:00+00:00,0.0,15.324986
2031-04-24 00:00:00+00:00,0.0,17.645061
2031-04-25 00:00:00+00:00,0.0,14.73568
2031-04-26 00:00:00+00:00,0.0,15.423565
2031-04-27 00:00:00+00:00,0.0,16.114372
2031-04-28 00:00:00+00:00,0.0,15.819399
2031-04-29 00:00:00+00:00,0.0,16.183678
2031-04-30 00:00:00+00:00,0.0,16.880482
2031-05-01 00:00:00+00:00,0.0,17.911953
2031-05-02 00:00:00+00:00,0.0,16.288492
2031-05-03 00:00:00+00:00,0.0,9.99408
2031-05-04 00:00:00+00:00,0.0,13.970514
2031-05-05 00:00:00+00:00,0.0,18.931282
2031-05-06 00:00:00+00:00,0.0,21.22402
2031-05-07 00:00:00+00:00,0.0,15.893953
2031-05-08 00:00:00+00:00,0.0,18.845556
2031-05-09 00:00:00+00:00,0.0,21.788225
2031-05-10 00:00:00+00:00,0.0,13.514693
2031-05-11 00:00:00+00:00,0.0,20.076916
2031-05-12 00:00:00+00:00,0.0,18.074865
2031-05-13 00:00:00+00:00,0.0,17.719517
2031-05-14 00:00:00+00:00,0.0,18.675798
2031-05-15 00:00:00+00:00,0.0,14.721886
2031-05-16 00:00:00+00:00,0.0,16.986399
2031-05-17 00:00:00+00:00,0.0,15.330046
2031-05-18 00:00:00+00:00,0.0,14.981367
2031-05-19 00:00:00+00:00,0.0,13.007743
2031-05-20 00:00:00+00:00,0.0,16.235321
2031-05-21 00:00:00+00:00,0.0,15.238353
2031-05-22 00:00:00+00:00,0.0,18.129171
2031-05-23 00:00:00+00:00,0.0,15.839308
2031-05-24 00:00:00+00:00,0.0,12.587963
2031-05-25 00:00:00+00:00,0.0,15.147456
2031-05-26 00:00:00+00:00,0.0,15.446664
2031-05-27 00:00:00+00:00,0.0,17.351585
2031-05-28 00:00:00+00:00,0.0,14.438108
2031-05-29 00:00:00+00:00,0.0,15.057347
2031-05-30 00:00:00+00:00,0.0,12.155911
2031-05-31 00:00:00+00:00,0.0,13.415502
2031-06-01 00:00:00+00:00,0.0,16.90393
2031-06-02 00:00:00+00:00,0.0,14.649548
2031-06-03 00:00:00+00:00,0.0,18.125761
2031-06-04 00:00:00+00:00,0.0,17.146307
2031-06-05 00:00:00+00:00,0.0,11.096876
2031-06-06 00:00:00+00:00,0.0,18.361874
2031-06-07 00:00:00+00:00,0.0,17.386349
2031-06-08 00:00:00+00:00,0.0,16.098042
2031-06-09 00:00:00+00:00,0.0,15.759064
2031-06-10 00:00:00+00:00,0.0,11.959196
2031-06-11 00:00:00+00:00,0.0,12.570044
2031-06-12 00:00:00+00:00,0.0,14.120438
2031-06-13 00:00:00+00:00,0.0,13.472971
2031-06-14 00:00:00+00:00,0.0,16.581755
2031-06-15 00:00:00+00:00,0.0,17.80695
2031-06-16 00:00:00+00:00,0.0,18.092691
2031-06-17 00:00:00+00:00,0.0,20.246475
2031-06-18 00:00:00+00:00,0.0,20.52775
2031-06-19 00:00:00+00:00,0.0,17.391905
2031-06-20 00:00:00+00:00,0.1441385,11.4742155
2031-06-21 00:00:00+00:00,3.8900769,18.57955
2031-06-22 00:00:00+00:00,0.0,18.24311
2031-06-23 00:00:00+00:00,0.0,11.423837
2031-06-24 00:00:00+00:00,0.0,14.798419
2031-06-25 00:00:00+00:00,0.0,16.316015
2031-06-26 00:00:00+00:00,0.86281204,21.517948
2031-06-27 00:00:00+00:00,14.231525,11.050205
2031-06-28 00:00:00+00:00,4.023748,14.712093
2031-06-29 00:00:00+00:00,0.0,14.384572
2031-06-30 00:00:00+00:00,4.5956798,16.808462
2031-07-01 00:00:00+00:00,40.48732,15.258152
2031-07-02 00:00:00+00:00,17.08013,12.188742
2031-07-03 00:00:00+00:00,0.14344059,13.390794
2031-07-04 00:00:00+00:00,0.0,11.566542
2031-07-05 00:00:00+00:00,0.0,14.612609
2031-07-06 00:00:00+00:00,0.0,13.396954
2031-07-07 00:00:00+00:00,0.0,13.094502
2031-07-08 00:00:00+00:00,0.14146276,14.314816
2031-07-09 00:00:00+00:00,8.043294,13.098576
2031-07-10 00:00:00+00:00,0.56308275,12.795959
2031-07-11 00:00:00+00:00,0.0,11.883833
2031-07-12 00:00:00+00:00,0.0,15.23809
2031-07-13 00:00:00+00:00,7.969782,12.192405
2031-07-14 00:00:00+00:00,8.371515,19.206097
2031-07-15 00:00:00+00:00,0.0,12.196297
2031-07-16 00:00:00+00:00,2.501332,18.907299
2031-07-17 00:00:00+00:00,0.0,16.775309
2031-07-18 00:00:00+00:00,0.13843575,19.523521
2031-07-19 00:00:00+00:00,1.105475,16.170547
2031-07-20 00:00:00+00:00,14.897586,14.952574
2031-07-21 00:00:00+00:00,1.2393372,11.292573
2031-07-22 00:00:00+00:00,0.13747464,16.48377
2031-07-23 00:00:00+00:00,0.0,18.01303
2031-07-24 00:00:00+00:00,0.0,16.489243
2031-07-25 00:00:00+00:00,0.0,18.019033
2031-07-26 00:00:00+00:00,1.2295843,16.494764
2031-07-27 00:00:00+00:00,9.140246,20.163668
2031-07-28 00:00:00+00:00,0.9535965,15.889215
2031-07-29 00:00:00+00:00,0.40811923,11.307711
2031-07-30 00:00:00+00:00,6.792818,14.060637
2031-07-31 00:00:00+00:00,9.633121,17.425951
2031-08-01 00:00:00+00:00,1.2195334,17.428955
2031-08-02 00:00:00+00:00,3.7893558,13.150435
2031-08-03 00:00:00+00:00,0.4055063,11.623336
2031-08-04 00:00:00+00:00,1.2150674,20.80329
2031-08-05 00:00:00+00:00,0.0,15.299218
2031-08-06 00:00:00+00:00,0.0,16.832108
2031-08-07 00:00:00+00:00,0.0,17.141182
2031-08-08 00:00:00+00:00,0.1344004,14.08276
2031-08-09 00:00:00+00:00,0.0,19.90311
2031-08-10 00:00:00+00:00,0.0,19.294167
2031-08-11 00:00:00+00:00,22.374882,15.621904
2031-08-12 00:00:00+00:00,9.369353,18.382042
2031-08-13 00:00:00+00:00,0.13371749,14.70831
2031-08-14 00:00:00+00:00,0.0,16.243395
2031-08-15 00:00:00+00:00,11.211071,19.311735
2031-08-16 00:00:00+00:00,53.603897,14.409822
2031-08-17 00:00:00+00:00,3.0641413,18.398928
2031-08-18 00:00:00+00:00,6.122902,13.495062
2031-08-19 00:00:00+00:00,0.53196806,21.16667
2031-08-20 00:00:00+00:00,1.1959186,20.863827
2031-08-21 00:00:00+00:00,0.26553988,13.809553
2031-08-22 00:00:00+00:00,10.612984,13.812174
2031-08-23 00:00:00+00:00,13.918463,11.35884
2031-08-24 00:00:00+00:00,15.7619505,7.676362
2031-08-25 00:00:00+00:00,4.897023,13.512997
2031-08-26 00:00:00+00:00,0.39675775,9.522362
2031-08-27 00:00:00+00:00,0.0,10.138677
2031-08-28 00:00:00+00:00,0.6602971,15.057338
2031-08-29 00:00:00+00:00,0.6598279,19.055878
2031-08-30 00:00:00+00:00,18.726036,10.759471
2031-08-31 00:00:00+00:00,0.13178313,7.379384
2031-09-01 00:00:00+00:00,4.477611,13.531563
2031-09-02 00:00:00+00:00,0.0,15.375798
2031-09-03 00:00:00+00:00,2.6334672,13.211906
2031-09-04 00:00:00+00:00,4.4781413,6.446812
2031-09-05 00:00:00+00:00,11.5938015,12.5758705
2031-09-06 00:00:00+00:00,16.209743,11.339242
2031-09-07 00:00:00+00:00,1.0546118,12.554336
2031-09-08 00:00:00+00:00,33.362503,10.401983
2031-09-09 00:00:00+00:00,0.0,6.724914
2031-09-10 00:00:00+00:00,0.0,12.216602
2031-09-11 00:00:00+00:00,0.1319987,15.257611
2031-09-12 00:00:00+00:00,21.391317,10.976014
2031-09-13 00:00:00+00:00,27.739555,15.231317
2031-09-14 00:00:00+00:00,0.0,7.3047194
2031-09-15 00:00:00+00:00,0.0,8.210706
2031-09-16 00:00:00+00:00,0.0,16.103365
2031-09-17 00:00:00+00:00,0.1323015,13.964398
2031-09-18 00:00:00+00:00,40.10452,14.255598
2031-09-19 00:00:00+00:00,0.0,7.8792295
2031-09-20 00:00:00+00:00,19.871647,11.808573
2031-09-21 00:00:00+00:00,0.7952443,15.428547
2031-09-22 00:00:00+00:00,9.680248,11.788023
2031-09-23 00:00:00+00:00,3.4495258,10.871764
2031-09-24 00:00:00+00:00,24.42502,15.388224
2031-09-25 00:00:00+00:00,0.6640905,11.455716
2031-09-26 00:00:00+00:00,0.0,9.337278
2031-09-27 00:00:00+00:00,0.13297413,12.338489
2031-09-28 00:00:00+00:00,1.0644567,13.831048
2031-09-29 00:00:00+00:00,7.322902,7.510276
2031-09-30 00:00:00+00:00,0.0,13.506621
2031-10-01 00:00:00+00:00,0.0,12.295208
2031-10-02 00:00:00+00:00,0.0,9.288192
2031-10-03 00:00:00+00:00,0.0,5.687745
2031-10-04 00:00:00+00:00,2.004597,12.561815
2031-10-05 00:00:00+00:00,0.0,13.14837
2031-10-06 00:00:00+00:00,0.0,8.658309
2031-10-07 00:00:00+00:00,1.2059999,12.230218
2031-10-08 00:00:00+00:00,0.0,14.901684
2031-10-09 00:00:00+00:00,0.0,11.910768
2031-10-10 00:00:00+00:00,0.40326545,9.817656
2031-10-11 00:00:00+00:00,0.8074736,7.4310045
2031-10-12 00:00:00+00:00,0.26949105,8.909267
2031-10-13 00:00:00+00:00,0.0,12.165146
2031-10-14 00:00:00+00:00,0.0,11.561401
2031-10-15 00:00:00+00:00,0.8118708,10.662528
2031-10-16 00:00:00+00:00,0.5421061,7.989747
2031-10-17 00:00:00+00:00,0.0,9.460853
2031-10-18 00:00:00+00:00,0.0,7.9754424
2031-10-19 00:00:00+00:00,0.0,9.739017
2031-10-20 00:00:00+00:00,0.0,9.140556
2031-10-21 00:00:00+00:00,0.0,14.140393
2031-10-22 00:00:00+00:00,0.0,7.0638328
2031-10-23 00:00:00+00:00,0.0,8.527774
2031-10-24 00:00:00+00:00,0.0,12.927016
2031-10-25 00:00:00+00:00,0.0,11.447689
2031-10-26 00:00:00+00:00,0.0,12.610398
2031-10-27 00:00:00+00:00,0.0,9.082988
2031-10-28 00:00:00+00:00,0.0,9.660225
2031-10-29 00:00:00+00:00,0.0,10.236401
2031-10-30 00:00:00+00:00,0.0,10.811507
2031-10-31 00:00:00+00:00,0.0,12.5533
2031-11-01 00:00:00+00:00,0.0,16.333603
2031-11-02 00:00:00+00:00,0.0,13.984812
2031-11-03 00:00:00+00:00,0.0,16.001623
2031-11-04 00:00:00+00:00,0.0,12.49279
2031-11-05 00:00:00+00:00,0.0,13.635844
2031-11-06 00:00:00+00:00,0.0,12.458031
2031-11-07 00:00:00+00:00,0.0,11.862198
2031-11-08 00:00:00+00:00,0.0,12.13485
2031-11-09 00:00:00+00:00,0.0,10.098583
2031-11-10 00:00:00+00:00,0.0,12.678148
2031-11-11 00:00:00+00:00,0.0,11.510053
2031-11-12 00:00:00+00:00,0.0,15.230379
2031-11-13 00:00:00+00:00,0.0,12.340257
2031-11-14 00:00:00+00:00,0.0,13.470314
2031-11-15 00:00:00+00:00,0.0,11.73522
2031-11-16 00:00:00+00:00,0.0,10.00475
2031-11-17 00:00:00+00:00,0.0,13.988406
2031-11-18 00:00:00+00:00,0.0,15.395831
2031-11-19 00:00:00+00:00,0.0,12.813338
2031-11-20 00:00:00+00:00,0.0,14.218811
2031-11-21 00:00:00+00:00,0.0,14.484719
2031-11-22 00:00:00+00:00,0.0,11.062528
2031-11-23 00:00:00+00:00,0.0,11.898489
2031-11-24 00:00:00+00:00,0.0,13.581247
2031-11-25 00:00:00+00:00,0.0,16.955421
2031-11-26 00:00:00+00:00,0.0,18.627869
2031-11-27 00:00:00+00:00,0.0,14.940321
2031-11-28 00:00:00+00:00,0.0,10.698809
2031-11-29 00:00:00+00:00,0.0,12.091803
2031-11-30 00:00:00+00:00,0.0,13.200612
2031-12-01 00:00:00+00:00,0.0,14.8678665
2031-12-02 00:00:00+00:00,0.0,20.173653
2031-12-03 00:00:00+00:00,0.0,12.59351
2031-12-04 00:00:00+00:00,0.0,13.137632
2031-12-05 00:00:00+00:00,0.0,11.446978
2031-12-06 00:00:00+00:00,0.0,11.4335575
2031-12-07 00:00:00+00:00,0.0,12.25585
2031-12-08 00:00:00+00:00,0.0,13.910947
2031-12-09 00:00:00+00:00,0.0,15.562283
2031-12-10 00:00:00+00:00,0.0,16.654743
2031-12-11 00:00:00+00:00,0.0,16.91299
2031-12-12 00:00:00+00:00,0.0,17.447681
2031-12-13 00:00:00+00:00,0.0,16.598068
2031-12-14 00:00:00+00:00,0.9381035,15.750449
2031-12-15 00:00:00+00:00,0.0,15.180815
2031-12-16 00:00:00+00:00,0.0,17.093891
2031-12-17 00:00:00+00:00,0.0,21.206028
2031-12-18 00:00:00+00:00,0.0,19.532099
2031-12-19 00:00:00+00:00,0.0,18.411522
2031-12-20 00:00:00+00:00,0.0,18.116974
2031-12-21 00:00:00+00:00,0.0,17.274742
2031-12-22 00:00:00+00:00,0.0,15.338777
2031-12-23 00:00:00+00:00,0.0,14.227879
2031-12-24 00:00:00+00:00,0.0,14.2127
2031-12-25 00:00:00+00:00,0.0,15.2897415
2031-12-26 00:00:00+00:00,0.0,13.909883
2031-12-27 00:00:00+00:00,0.0,13.350357
2031-12-28 00:00:00+00:00,0.0,13.608576
2031-12-29 00:00:00+00:00,0.0,14.953865
2031-12-30 00:00:00+00:00,0.0,18.469288
2031-12-31 00:00:00+00:00,0.0,16.279652
2032-01-01 00:00:00+00:00,0.0,14.636678
2032-01-02 00:00:00+00:00,0.0,14.910033
2032-01-03 00:00:00+00:00,0.0,15.20132
2032-01-04 00:00:00+00:00,0.0,15.49335
2032-01-05 00:00:00+00:00,0.0,16.874811
2032-01-06 00:00:00+00:00,0.0,16.079617
2032-01-07 00:00:00+00:00,0.0,15.555164
2032-01-08 00:00:00+00:00,0.0,18.035143
2032-01-09 00:00:00+00:00,0.0,17.511812
2032-01-10 00:00:00+00:00,0.0,18.082987
2032-01-11 00:00:00+00:00,0.0,17.2839
2032-01-12 00:00:00+00:00,0.0,13.735537
2032-01-13 00:00:00+00:00,0.0,14.303857
2032-01-14 00:00:00+00:00,0.0,19.831528
2032-01-15 00:00:00+00:00,0.0,19.030333
2032-01-16 00:00:00+00:00,0.0,18.779305
2032-01-17 00:00:00+00:00,0.0,14.932663
2032-01-18 00:00:00+00:00,0.0,12.460303
2032-01-19 00:00:00+00:00,0.0,14.140298
2032-01-20 00:00:00+00:00,0.0,14.991815
2032-01-21 00:00:00+00:00,0.0,15.011564
2032-01-22 00:00:00+00:00,0.0,14.752968
2032-01-23 00:00:00+00:00,0.0,11.706414
2032-01-24 00:00:00+00:00,0.0,13.396353
2032-01-25 00:00:00+00:00,0.0,13.972877
2032-01-26 00:00:00+00:00,0.0,14.830705
2032-01-27 00:00:00+00:00,0.0,13.449218
2032-01-28 00:00:00+00:00,0.0,14.027986
2032-01-29 00:00:00+00:00,0.0,15.451024
2032-01-30 00:00:00+00:00,0.0,20.534601
2032-01-31 00:00:00+00:00,0.0,21.4065
2032-02-01 00:00:00+00:00,0.0,18.614197
2032-02-02 00:00:00+00:00,0.0,16.661741
2032-02-03 00:00:00+00:00,0.0,15.835217
2032-02-04 00:00:00+00:00,0.0,19.536758
2032-02-05 00:00:00+00:00,0.0,20.129309
2032-02-06 00:00:00+00:00,0.0,18.452309
2032-02-07 00:00:00+00:00,0.0,17.339384
2032-02-08 00:00:00+00:00,0.0,15.085023
2032-02-09 00:00:00+00:00,0.0,14.249706
2032-02-10 00:00:00+00:00,0.0,13.126816
2032-02-11 00:00:00+00:00,0.0,14.001123
2032-02-12 00:00:00+00:00,0.0,16.308226
2032-02-13 00:00:00+00:00,0.0,13.751113
2032-02-14 00:00:00+00:00,0.0,14.629556
2032-02-15 00:00:00+00:00,0.0,16.084707
2032-02-16 00:00:00+00:00,0.0,15.530403
2032-02-17 00:00:00+00:00,0.0,16.702463
2032-02-18 00:00:00+00:00,0.0,17.877523
2032-02-19 00:00:00+00:00,0.0,19.055601
2032-02-20 00:00:00+00:00,0.0,20.814873
2032-02-21 00:00:00+00:00,0.0,17.947147
2032-02-22 00:00:00+00:00,0.0,19.999308
2032-02-23 00:00:00+00:00,0.0,28.15136
2032-02-24 00:00:00+00:00,0.52558845,16.563953
2032-02-25 00:00:00+00:00,0.0,16.876345
2032-02-26 00:00:00+00:00,0.0,20.10298
2032-02-27 00:00:00+00:00,0.0,16.628258
2032-02-28 00:00:00+00:00,0.0,18.986534
2032-02-29 00:00:00+00:00,0.0,17.548649
2032-03-01 00:00:00+00:00,0.0,15.814157
2032-03-02 00:00:00+00:00,0.0,16.127775
2032-03-03 00:00:00+00:00,0.0,11.749806
2032-03-04 00:00:00+00:00,0.0,11.184942
2032-03-05 00:00:00+00:00,0.0,12.977263
2032-03-06 00:00:00+00:00,0.0,15.07238
2032-03-07 00:00:00+00:00,0.0,14.21461
2032-03-08 00:00:00+00:00,0.0,16.32072
2032-03-09 00:00:00+00:00,0.0,14.272555
2032-03-10 00:00:00+00:00,0.0,12.513949
2032-03-11 00:00:00+00:00,0.0,15.226528
2032-03-12 00:00:00+00:00,0.0,17.052656
2032-03-13 00:00:00+00:00,0.0,16.787754
2032-03-14 00:00:00+00:00,0.0,16.822126
2032-03-15 00:00:00+00:00,0.0,14.448518
2032-03-16 00:00:00+00:00,0.0,17.192812
2032-03-17 00:00:00+00:00,0.0,14.507895
2032-03-18 00:00:00+00:00,0.0,13.629111
2032-03-19 00:00:00+00:00,0.0,12.443188
2032-03-20 00:00:00+00:00,0.0,12.772938
2032-03-21 00:00:00+00:00,0.0,12.799276
2032-03-22 00:00:00+00:00,0.0,13.131073
2032-03-23 00:00:00+00:00,0.0,13.158206
2032-03-24 00:00:00+00:00,0.0,13.798699
2032-03-25 00:00:00+00:00,0.0,13.212727
2032-03-26 00:00:00+00:00,0.0,16.62712
2032-03-27 00:00:00+00:00,0.0,20.672752
2032-03-28 00:00:00+00:00,0.0,17.623796
2032-03-29 00:00:00+00:00,0.0,19.829271
2032-03-30 00:00:00+00:00,0.0,24.21723
2032-03-31 00:00:00+00:00,0.0,24.26769
2032-04-01 00:00:00+00:00,0.0,22.44767
2032-04-02 00:00:00+00:00,0.0,18.120611
2032-04-03 00:00:00+00:00,0.0,15.966944
2032-04-04 00:00:00+00:00,0.0,14.431695
2032-04-05 00:00:00+00:00,0.0,14.147539
2032-04-06 00:00:00+00:00,0.0,13.54711
2032-04-07 00:00:00+00:00,0.0,16.416943
2032-04-08 00:00:00+00:00,0.0,13.920456
2032-04-09 00:00:00+00:00,0.0,13.315661
2032-04-10 00:00:00+00:00,0.0,13.661415
2032-04-11 00:00:00+00:00,0.0,14.963727
2032-04-12 00:00:00+00:00,0.0,13.081018
2032-04-13 00:00:00+00:00,0.0,15.346725
2032-04-14 00:00:00+00:00,0.0,15.379189
2032-04-15 00:00:00+00:00,0.0,14.448522
2032-04-16 00:00:00+00:00,0.0,15.766189
2032-04-17 00:00:00+00:00,0.0,23.215815
2032-04-18 00:00:00+00:00,0.0,20.357
2032-04-19 00:00:00+00:00,0.0,17.485971
2032-04-20 00:00:00+00:00,0.0,15.251678
2032-04-21 00:00:00+00:00,0.0,13.333021
2032-04-22 00:00:00+00:00,0.0,13.035588
2032-04-23 00:00:00+00:00,0.0,16.3293
2032-04-24 00:00:00+00:00,0.0,21.273497
2032-04-25 00:00:00+00:00,0.0,16.727255
2032-04-26 00:00:00+00:00,0.0,11.5041
2032-04-27 00:00:00+00:00,0.0,13.505156
2032-04-28 00:00:00+00:00,0.0,15.844887
2032-04-29 00:00:00+00:00,0.0,15.548161
2032-04-30 00:00:00+00:00,0.0,14.587074
2032-05-01 00:00:00+00:00,0.0,11.96061
2032-05-02 00:00:00+00:00,0.0,14.65008
2032-05-03 00:00:00+00:00,0.0,15.30684
2032-05-04 00:00:00+00:00,0.0,11.961127
2032-05-05 00:00:00+00:00,0.0,16.255793
2032-05-06 00:00:00+00:00,0.0,17.887459
2032-05-07 00:00:00+00:00,0.0,18.852678
2032-05-08 00:00:00+00:00,0.0,15.521719
2032-05-09 00:00:00+00:00,0.0,13.190041
2032-05-10 00:00:00+00:00,0.0,20.413742
2032-05-11 00:00:00+00:00,0.0,16.76665
2032-05-12 00:00:00+00:00,0.0,16.084879
2032-05-13 00:00:00+00:00,0.0,17.371752
2032-05-14 00:00:00+00:00,0.0,16.691078
2032-05-15 00:00:00+00:00,0.0,16.992783
2032-05-16 00:00:00+00:00,0.0,14.35692
2032-05-17 00:00:00+00:00,0.0,14.009577
2032-05-18 00:00:00+00:00,0.0,16.265778
2032-05-19 00:00:00+00:00,0.0,13.64278
2032-05-20 00:00:00+00:00,0.0,14.919718
2032-05-21 00:00:00+00:00,0.0,16.19282
2032-05-22 00:00:00+00:00,0.0,18.755583
2032-05-23 00:00:00+00:00,0.0,18.081778
2032-05-24 00:00:00+00:00,0.0,17.732368
2032-05-25 00:00:00+00:00,0.0,15.452428
2032-05-26 00:00:00+00:00,0.0,20.251068
2032-05-27 00:00:00+00:00,0.0,15.40639
2032-05-28 00:00:00+00:00,0.0,14.101493
2032-05-29 00:00:00+00:00,0.0,16.000574
2032-05-30 00:00:00+00:00,0.0,17.25492
2032-05-31 00:00:00+00:00,0.0,16.59115
2032-06-01 00:00:00+00:00,0.0,17.52227
2032-06-02 00:00:00+00:00,0.0,19.08683
2032-06-03 00:00:00+00:00,0.14564832,12.070396
2032-06-04 00:00:00+00:00,0.0,12.369674
2032-06-05 00:00:00+00:00,0.0,13.618157
2032-06-06 00:00:00+00:00,0.0,12.016834
2032-06-07 00:00:00+00:00,0.0,11.683292
2032-06-08 00:00:00+00:00,0.0,10.089531
2032-06-09 00:00:00+00:00,0.0,12.278449
2032-06-10 00:00:00+00:00,0.0,13.832156
2032-06-11 00:00:00+00:00,0.0,13.811748
2032-06-12 00:00:00+00:00,0.0,11.597297
2032-06-13 00:00:00+00:00,0.0,14.084036
2032-06-14 00:00:00+00:00,0.0,14.375814
2032-06-15 00:00:00+00:00,0.0,16.85112
2032-06-16 00:00:00+00:00,0.0,18.38433
2032-06-17 00:00:00+00:00,0.0,21.77986
2032-06-18 00:00:00+00:00,0.0,15.844875
2032-06-19 00:00:00+00:00,0.0,13.339798
2032-06-20 00:00:00+00:00,0.0,17.657045
2032-06-21 00:00:00+00:00,0.14403231,17.940481
2032-06-22 00:00:00+00:00,0.0,17.914196
2032-06-23 00:00:00+00:00,0.0,19.738451
2032-06-24 00:00:00+00:00,0.0,19.093645
2032-06-25 00:00:00+00:00,0.1438146,19.680748
2032-06-26 00:00:00+00:00,3.8816533,23.029676
2032-06-27 00:00:00+00:00,0.0,11.344715
2032-06-28 00:00:00+00:00,0.0,12.85899
2032-06-29 00:00:00+00:00,0.14362596,20.788954
2032-06-30 00:00:00+00:00,0.14358266,18.011183
2032-07-01 00:00:00+00:00,5.59809,16.460798
2032-07-02 00:00:00+00:00,10.188515,12.7842045
2032-07-03 00:00:00+00:00,0.0,15.5229225
2032-07-04 00:00:00+00:00,0.14270394,20.7004
2032-07-05 00:00:00+00:00,0.0,12.483045
2032-07-06 00:00:00+00:00,0.85153204,14.921064
2032-07-07 00:00:00+00:00,0.0,14.0097
2032-07-08 00:00:00+00:00,0.2823946,14.621096
2032-07-09 00:00:00+00:00,2.3945262,17.669922
2032-07-10 00:00:00+00:00,5.6209507,16.45389
2032-07-11 00:00:00+00:00,15.001886,14.323237
2032-07-12 00:00:00+00:00,9.792734,17.678286
2032-07-13 00:00:00+00:00,0.97718734,20.729565
2032-07-14 00:00:00+00:00,0.0,10.061542
2032-07-15 00:00:00+00:00,0.0,11.892821
2032-07-16 00:00:00+00:00,0.0,13.114714
2032-07-17 00:00:00+00:00,5.9554935,12.811791
2032-07-18 00:00:00+00:00,0.0,14.339336
2032-07-19 00:00:00+00:00,0.0,16.172531
2032-07-20 00:00:00+00:00,0.0,19.837488
2032-07-21 00:00:00+00:00,0.0,16.48309
2032-07-22 00:00:00+00:00,0.0,17.0964
2032-07-23 00:00:00+00:00,0.0,21.068712
2032-07-24 00:00:00+00:00,0.0,17.712887
2032-07-25 00:00:00+00:00,0.0,17.104961
2032-07-26 00:00:00+00:00,2.3200035,20.162817
2032-07-27 00:00:00+00:00,1.0902078,12.833053
2032-07-28 00:00:00+00:00,3.129986,13.446435
2032-07-29 00:00:00+00:00,0.0,14.976996
2032-07-30 00:00:00+00:00,0.0,16.50809
2032-07-31 00:00:00+00:00,0.0,20.485783
2032-08-01 00:00:00+00:00,0.4061284,17.125406
2032-08-02 00:00:00+00:00,0.0,18.963566
2032-08-03 00:00:00+00:00,0.0,19.578707
2032-08-04 00:00:00+00:00,2.023337,17.134373
2032-08-05 00:00:00+00:00,3.5031006,13.465093
2032-08-06 00:00:00+00:00,3.3645964,13.467476
2032-08-07 00:00:00+00:00,0.2688733,17.143465
2032-08-08 00:00:00+00:00,17.323778,14.390833
2032-08-09 00:00:00+00:00,21.464384,18.068329
2032-08-10 00:00:00+00:00,2.0102272,13.78341
2032-08-11 00:00:00+00:00,0.6694049,8.577896
2032-08-12 00:00:00+00:00,3.3437455,15.3204565
2032-08-13 00:00:00+00:00,3.4741602,14.097395
2032-08-14 00:00:00+00:00,17.487986,16.552155
2032-08-15 00:00:00+00:00,3.2009594,12.569691
2032-08-16 00:00:00+00:00,4.397354,17.784807
2032-08-17 00:00:00+00:00,0.2662711,7.3606
2032-08-18 00:00:00+00:00,0.13302043,15.030699
2032-08-19 00:00:00+00:00,8.771907,13.806295
2032-08-20 00:00:00+00:00,21.380352,11.353984
2032-08-21 00:00:00+00:00,0.79613405,11.969982
2032-08-22 00:00:00+00:00,10.739221,8.595469
2032-08-23 00:00:00+00:00,7.2863464,12.895669
2032-08-24 00:00:00+00:00,5.295086,12.59105
2032-08-25 00:00:00+00:00,9.788516,19.350962
2032-08-26 00:00:00+00:00,0.26435855,15.360885
2032-08-27 00:00:00+00:00,11.755402,12.291102
2032-08-28 00:00:00+00:00,5.0155773,16.903578
2032-08-29 00:00:00+00:00,24.137035,19.67349
2032-08-30 00:00:00+00:00,31.896948,14.450578
2032-08-31 00:00:00+00:00,0.39514938,8.610565
2032-09-01 00:00:00+00:00,14.215927,11.995683
2032-09-02 00:00:00+00:00,11.586464,13.522044
2032-09-03 00:00:00+00:00,0.26340154,14.431666
2032-09-04 00:00:00+00:00,0.13173822,12.271769
2032-09-05 00:00:00+00:00,13.309451,15.939646
2032-09-06 00:00:00+00:00,0.13181639,12.25076
2032-09-07 00:00:00+00:00,0.0,11.62824
2032-09-08 00:00:00+00:00,0.0,14.981438
2032-09-09 00:00:00+00:00,0.0,16.495964
2032-09-10 00:00:00+00:00,0.0,14.650464
2032-09-11 00:00:00+00:00,0.0,18.297304
2032-09-12 00:00:00+00:00,0.0,15.539295
2032-09-13 00:00:00+00:00,1.1891712,13.090449
2032-09-14 00:00:00+00:00,1.5861708,14.599968
2032-09-15 00:00:00+00:00,4.4959345,9.420987
2032-09-16 00:00:00+00:00,0.0,7.894631
2032-09-17 00:00:00+00:00,0.0,12.438434
2032-09-18 00:00:00+00:00,9.400539,13.943204
2032-09-19 00:00:00+00:00,69.940056,15.445338
2032-09-20 00:00:00+00:00,0.0,6.051727
2032-09-21 00:00:00+00:00,2.6517906,14.511498
2032-09-22 00:00:00+00:00,13.530998,19.935919
2032-09-23 00:00:00+00:00,0.0,12.373628
2032-09-24 00:00:00+00:00,0.0,9.045964
2032-09-25 00:00:00+00:00,0.0,11.749469
2032-09-26 00:00:00+00:00,0.0,11.739182
2032-09-27 00:00:00+00:00,1.8625044,9.022226
2032-09-28 00:00:00+00:00,4.526137,7.2114487
2032-09-29 00:00:00+00:00,4.7956,6.304475
2032-09-30 00:00:00+00:00,1.3330458,5.9989824
2032-10-01 00:00:00+00:00,0.0,8.391183
2032-10-02 00:00:00+00:00,0.0,9.880894
2032-10-03 00:00:00+00:00,0.0,7.478922
2032-10-04 00:00:00+00:00,0.0,9.564566
2032-10-05 00:00:00+00:00,0.0,11.34788
2032-10-06 00:00:00+00:00,0.0,9.249288
2032-10-07 00:00:00+00:00,0.0,8.048695
2032-10-08 00:00:00+00:00,0.0,9.232895
2032-10-09 00:00:00+00:00,0.0,11.01012
2032-10-10 00:00:00+00:00,0.0,9.2164955
2032-10-11 00:00:00+00:00,0.0,10.099418
2032-10-12 00:00:00+00:00,0.0,11.871083
2032-10-13 00:00:00+00:00,0.0,13.046543
2032-10-14 00:00:00+00:00,0.0,11.257409
2032-10-15 00:00:00+00:00,0.0,12.135293
2032-10-16 00:00:00+00:00,0.0,10.350127
2032-10-17 00:00:00+00:00,0.0,10.636305
2032-10-18 00:00:00+00:00,0.0,11.512332
2032-10-19 00:00:00+00:00,0.0,11.501993
2032-10-20 00:00:00+00:00,0.0,13.554258
2032-10-21 00:00:00+00:00,0.0,13.542063
2032-10-22 00:00:00+00:00,0.0,10.882714
2032-10-23 00:00:00+00:00,0.0,11.460625
2032-10-24 00:00:00+00:00,0.0,12.624665
2032-10-25 00:00:00+00:00,0.0,10.2666
2032-10-26 00:00:00+00:00,0.0,9.964244
2032-10-27 00:00:00+00:00,0.0,11.126419
2032-10-28 00:00:00+00:00,0.0,11.116326
2032-10-29 00:00:00+00:00,0.0,8.47581
2032-10-30 00:00:00+00:00,0.0,10.220128
2032-10-31 00:00:00+00:00,0.0,4.9595447
2032-11-01 00:00:00+00:00,0.0,10.49233
2032-11-02 00:00:00+00:00,0.0,10.768525
2032-11-03 00:00:00+00:00,0.5773723,8.718956
2032-11-04 00:00:00+00:00,0.0,10.157892
2032-11-05 00:00:00+00:00,0.0,19.128256
2032-11-06 00:00:00+00:00,0.0,19.970087
2032-11-07 00:00:00+00:00,0.0,18.497534
2032-11-08 00:00:00+00:00,0.0,16.163233
2032-11-09 00:00:00+00:00,0.0,13.5471525
2032-11-10 00:00:00+00:00,0.0,14.10456
2032-11-11 00:00:00+00:00,0.0,14.948011
2032-11-12 00:00:00+00:00,0.0,17.798847
2032-11-13 00:00:00+00:00,0.0,16.628443
2032-11-14 00:00:00+00:00,0.0,17.179142
2032-11-15 00:00:00+00:00,0.0,16.870665
2032-11-16 00:00:00+00:00,0.0,16.84866
2032-11-17 00:00:00+00:00,0.0,15.97121
2032-11-18 00:00:00+00:00,0.0,14.811283
2032-11-19 00:00:00+00:00,0.0,13.654424
2032-11-20 00:00:00+00:00,0.0,13.352907
2032-11-21 00:00:00+00:00,0.0,17.02465
2032-11-22 00:00:00+00:00,0.0,17.569958
2032-11-23 00:00:00+00:00,0.0,16.132772
2032-11-24 00:00:00+00:00,0.0,12.72052
2032-11-25 00:00:00+00:00,0.0,14.681039
2032-11-26 00:00:00+00:00,0.0,14.662933
2032-11-27 00:00:00+00:00,0.0,14.36332
2032-11-28 00:00:00+00:00,0.0,18.565155
2032-11-29 00:00:00+00:00,0.0,15.452198
2032-11-30 00:00:00+00:00,0.0,15.714169
2032-12-01 00:00:00+00:00,0.0,15.415042
2032-12-02 00:00:00+00:00,0.0,15.676585
2032-12-03 00:00:00+00:00,0.0,14.539554
2032-12-04 00:00:00+00:00,0.0,13.126006
2032-12-05 00:00:00+00:00,0.0,14.50534
2032-12-06 00:00:00+00:00,0.0,14.4884
2032-12-07 00:00:00+00:00,0.0,16.69797
2032-12-08 00:00:00+00:00,0.0,15.28879
2032-12-09 00:00:00+00:00,0.0,16.104197
2032-12-10 00:00:00+00:00,0.0,14.421739
2032-12-11 00:00:00+00:00,0.0,15.513445
2032-12-12 00:00:00+00:00,0.0,15.772613
2032-12-13 00:00:00+00:00,0.0,13.267259
2032-12-14 00:00:00+00:00,0.0,11.319765
2032-12-15 00:00:00+00:00,0.0,12.410302
2032-12-16 00:00:00+00:00,0.0,12.672035
2032-12-17 00:00:00+00:00,0.0,16.785707
2032-12-18 00:00:00+00:00,0.0,17.591932
2032-12-19 00:00:00+00:00,0.0,17.572752
2032-12-20 00:00:00+00:00,0.0,18.925074
2032-12-21 00:00:00+00:00,0.0,18.356688
2032-12-22 00:00:00+00:00,0.0,16.421177
2032-12-23 00:00:00+00:00,0.0,15.583455
2032-12-24 00:00:00+00:00,0.0,14.201377
2032-12-25 00:00:00+00:00,0.0,12.003847
2032-12-26 00:00:00+00:00,0.0,11.446166
2032-12-27 00:00:00+00:00,0.0,11.978673
2032-12-28 00:00:00+00:00,0.0,12.510117
2032-12-29 00:00:00+00:00,0.0,16.572315
2032-12-30 00:00:00+00:00,0.0,18.455015
2032-12-31 00:00:00+00:00,0.0,15.996019
2033-01-01 00:00:00+00:00,0.0,14.634073
2033-01-02 00:00:00+00:00,0.0,13.568099
2033-01-03 00:00:00+00:00,0.0,13.5861435
2033-01-04 00:00:00+00:00,0.0,16.05296
2033-01-05 00:00:00+00:00,0.0,17.708952
2033-01-06 00:00:00+00:00,0.0,15.550007
2033-01-07 00:00:00+00:00,0.0,12.565783
2033-01-08 00:00:00+00:00,0.0,10.941258
2033-01-09 00:00:00+00:00,0.0,12.599124
2033-01-10 00:00:00+00:00,0.0,15.0841255
2033-01-11 00:00:00+00:00,0.0,14.829475
2033-01-12 00:00:00+00:00,0.0,13.749165
2033-01-13 00:00:00+00:00,0.0,14.318042
2033-01-14 00:00:00+00:00,0.0,13.234124
2033-01-15 00:00:00+00:00,0.0,16.564507
2033-01-16 00:00:00+00:00,0.859666,15.757058
2033-01-17 00:00:00+00:00,4.258405,13.5634165
2033-01-18 00:00:00+00:00,6.749275,10.53244
2033-01-19 00:00:00+00:00,3.3424027,14.154275
2033-01-20 00:00:00+00:00,0.0,13.06132
2033-01-21 00:00:00+00:00,0.0,13.078517
2033-01-22 00:00:00+00:00,0.0,10.309404
2033-01-23 00:00:00+00:00,0.0,11.717958
2033-01-24 00:00:00+00:00,0.0,11.453997
2033-01-25 00:00:00+00:00,0.0,12.028512
2033-01-26 00:00:00+00:00,0.0,11.484107
2033-01-27 00:00:00+00:00,0.0,10.657775
2033-01-28 00:00:00+00:00,0.0,12.637605
2033-01-29 00:00:00+00:00,0.0,14.060192
2033-01-30 00:00:00+00:00,0.0,12.670752
2033-01-31 00:00:00+00:00,0.0,13.251228
2033-02-01 00:00:00+00:00,0.0,12.139334
2033-02-02 00:00:00+00:00,0.0,10.459138
2033-02-03 00:00:00+00:00,0.0,13.586351
2033-02-04 00:00:00+00:00,0.0,13.320687
2033-02-05 00:00:00+00:00,0.0,15.892185
2033-02-06 00:00:00+00:00,0.0,19.038689
2033-02-07 00:00:00+00:00,0.0,15.364635
2033-02-08 00:00:00+00:00,0.0,26.495825
2033-02-09 00:00:00+00:00,0.0,21.965996
2033-02-10 00:00:00+00:00,0.0,20.566391
2033-02-11 00:00:00+00:00,0.0,20.879185
2033-02-12 00:00:00+00:00,0.0,17.46969
2033-02-13 00:00:00+00:00,0.0,15.771847
2033-02-14 00:00:00+00:00,0.0,14.930948
2033-02-15 00:00:00+00:00,0.0,14.662843
2033-02-16 00:00:00+00:00,0.0,12.090963
2033-02-17 00:00:00+00:00,0.0,13.25967
2033-02-18 00:00:00+00:00,0.0,16.740404
2033-02-19 00:00:00+00:00,0.0,15.895105
2033-02-20 00:00:00+00:00,0.0,15.336951
2033-02-21 00:00:00+00:00,0.0,11.010548
2033-02-22 00:00:00+00:00,0.0,13.926065
2033-02-23 00:00:00+00:00,0.0,13.363081
2033-02-24 00:00:00+00:00,0.0,15.1256275
2033-02-25 00:00:00+00:00,0.0,16.892702
2033-02-26 00:00:00+00:00,0.0,16.331266
2033-02-27 00:00:00+00:00,0.0,13.43229
2033-02-28 00:00:00+00:00,0.0,9.356263
2033-03-01 00:00:00+00:00,0.0,13.466975
2033-03-02 00:00:00+00:00,0.0,20.226513
2033-03-03 00:00:00+00:00,0.0,24.368517
2033-03-04 00:00:00+00:00,0.0,19.12245
2033-03-05 00:00:00+00:00,0.0,23.28828
2033-03-06 00:00:00+00:00,0.0,14.178575
2033-03-07 00:00:00+00:00,0.0,15.391339
2033-03-08 00:00:00+00:00,0.0,15.422657
2033-03-09 00:00:00+00:00,0.0,13.670906
2033-03-10 00:00:00+00:00,0.0,14.592175
2033-03-11 00:00:00+00:00,0.0,15.218764
2033-03-12 00:00:00+00:00,0.0,12.857722
2033-03-13 00:00:00+00:00,0.0,12.884013
2033-03-14 00:00:00+00:00,0.0,13.510868
2033-03-15 00:00:00+00:00,0.0,11.1317
2033-03-16 00:00:00+00:00,0.0,11.1545315
2033-03-17 00:00:00+00:00,0.0,11.479525
2033-03-18 00:00:00+00:00,0.0,11.503117
2033-03-19 00:00:00+00:00,0.0,11.526783
2033-03-20 00:00:00+00:00,0.0,12.462404
2033-03-21 00:00:00+00:00,0.0,12.792684
2033-03-22 00:00:00+00:00,0.0,13.429519
2033-03-23 00:00:00+00:00,0.0,12.539721
2033-03-24 00:00:00+00:00,0.0,19.921156
2033-03-25 00:00:00+00:00,0.0,16.277033
2033-03-26 00:00:00+00:00,0.0,12.002257
2033-03-27 00:00:00+00:00,0.0,11.410379
2033-03-28 00:00:00+00:00,0.0,13.288248
2033-03-29 00:00:00+00:00,0.0,17.031929
2033-03-30 00:00:00+00:00,0.0,11.792003
2033-03-31 00:00:00+00:00,0.0,11.505605
2033-04-01 00:00:00+00:00,0.0,12.152821
2033-04-02 00:00:00+00:00,0.0,10.304624
2033-04-03 00:00:00+00:00,0.0,13.4552965
2033-04-04 00:00:00+00:00,0.0,13.483446
2033-04-05 00:00:00+00:00,0.0,17.596613
2033-04-06 00:00:00+00:00,0.0,18.263273
2033-04-07 00:00:00+00:00,0.0,18.61715
2033-04-08 00:00:00+00:00,0.0,17.075226
2033-04-09 00:00:00+00:00,0.0,16.160519
2033-04-10 00:00:00+00:00,0.0,14.289308
2033-04-11 00:00:00+00:00,0.0,11.4555435
2033-04-12 00:00:00+00:00,0.0,11.798597
2033-04-13 00:00:00+00:00,0.0,10.22575
2033-04-14 00:00:00+00:00,0.0,15.691293
2033-04-15 00:00:00+00:00,0.0,12.836336
2033-04-16 00:00:00+00:00,0.0,12.2203665
2033-04-17 00:00:00+00:00,0.0,13.85765
2033-04-18 00:00:00+00:00,0.0,11.303442
2033-04-19 00:00:00+00:00,0.0,17.800327
2033-04-20 00:00:00+00:00,0.0,18.486881
2033-04-21 00:00:00+00:00,0.0,13.000898
2033-04-22 00:00:00+00:00,0.0,12.702923
2033-04-23 00:00:00+00:00,0.0,14.688524
2033-04-24 00:00:00+00:00,0.0,15.374157
2033-04-25 00:00:00+00:00,0.0,11.801159
2033-04-26 00:00:00+00:00,0.0,12.811991
2033-04-27 00:00:00+00:00,0.0,12.839482
2033-04-28 00:00:00+00:00,0.0,18.145857
2033-04-29 00:00:00+00:00,0.0,16.86234
2033-04-30 00:00:00+00:00,0.0,16.235956
2033-05-01 00:00:00+00:00,0.0,15.938892
2033-05-02 00:00:00+00:00,0.0,17.637175
2033-05-03 00:00:00+00:00,0.0,15.645527
2033-05-04 00:00:00+00:00,0.0,15.954211
2033-05-05 00:00:00+00:00,0.0,13.606933
2033-05-06 00:00:00+00:00,0.0,13.917729
2033-05-07 00:00:00+00:00,0.0,18.198057
2033-05-08 00:00:00+00:00,0.0,19.1617
2033-05-09 00:00:00+00:00,0.0,12.535271
2033-05-10 00:00:00+00:00,0.0,16.139524
2033-05-11 00:00:00+00:00,0.0,18.417377
2033-05-12 00:00:00+00:00,0.0,14.777389
2033-05-13 00:00:00+00:00,0.0,13.443582
2033-05-14 00:00:00+00:00,0.0,15.715161
2033-05-15 00:00:00+00:00,0.0,16.672264
2033-05-16 00:00:00+00:00,0.0,16.320812
2033-05-17 00:00:00+00:00,0.0,14.666688
2033-05-18 00:00:00+00:00,0.0,14.6446905
2033-05-19 00:00:00+00:00,0.0,16.572443
2033-05-20 00:00:00+00:00,0.0,18.169939
2033-05-21 00:00:00+00:00,0.0,16.198881
2033-05-22 00:00:00+00:00,0.0,17.145134
2033-05-23 00:00:00+00:00,0.0,14.535432
2033-05-24 00:00:00+00:00,0.0,19.674156
2033-05-25 00:00:00+00:00,0.0,23.831388
2033-05-26 00:00:00+00:00,0.0,18.650795
2033-05-27 00:00:00+00:00,0.0,14.769962
2033-05-28 00:00:00+00:00,0.0,23.724981
2033-05-29 00:00:00+00:00,0.0,18.887707
2033-05-30 00:00:00+00:00,0.0,21.09719
2033-05-31 00:00:00+00:00,0.0,15.958964
2033-06-01 00:00:00+00:00,0.0,18.484896
2033-06-02 00:00:00+00:00,0.0,17.184528
2033-06-03 00:00:00+00:00,0.0,14.934712
2033-06-04 00:00:00+00:00,0.0,14.595285
2033-06-05 00:00:00+00:00,0.0,14.890475
2033-06-06 00:00:00+00:00,0.0,16.76653
2033-06-07 00:00:00+00:00,0.0,19.268772
2033-06-08 00:00:00+00:00,1.7409072,17.032383
2033-06-09 00:00:00+00:00,0.28994504,7.8737082
2033-06-10 00:00:00+00:00,0.0,15.095199
2033-06-11 00:00:00+00:00,0.0,18.213114
2033-06-12 00:00:00+00:00,0.0,16.93203
2033-06-13 00:00:00+00:00,0.0,17.846354
2033-06-14 00:00:00+00:00,0.0,17.194807
2033-06-15 00:00:00+00:00,0.0,16.857323
2033-06-16 00:00:00+00:00,0.0,14.962249
2033-06-17 00:00:00+00:00,0.0,16.496529
2033-06-18 00:00:00+00:00,0.0,18.337084
2033-06-19 00:00:00+00:00,0.0,17.068796
2033-06-20 00:00:00+00:00,0.0,15.184436
2033-06-21 00:00:00+00:00,0.0,19.18479
2033-06-22 00:00:00+00:00,0.14398897,19.46566
2033-06-23 00:00:00+00:00,2.8786612,18.820099
2033-06-24 00:00:00+00:00,0.0,13.555288
2033-06-25 00:00:00+00:00,0.0,18.457453
2033-06-26 00:00:00+00:00,0.0,19.96635
2033-06-27 00:00:00+00:00,0.0,17.790104
2033-06-28 00:00:00+00:00,0.5747285,17.15158
2033-06-29 00:00:00+00:00,0.43091103,11.621594
2033-06-30 00:00:00+00:00,0.0,14.353123
2033-07-01 00:00:00+00:00,0.0,13.41739
2033-07-02 00:00:00+00:00,7.7495522,18.269802
2033-07-03 00:00:00+00:00,0.0,17.652847
2033-07-04 00:00:00+00:00,0.0,14.002676
2033-07-05 00:00:00+00:00,0.0,19.789429
2033-07-06 00:00:00+00:00,1.5621811,13.397988
2033-07-07 00:00:00+00:00,5.8073983,16.445532
2033-07-08 00:00:00+00:00,0.0,12.792959
2033-07-09 00:00:00+00:00,0.0,14.622809
2033-07-10 00:00:00+00:00,0.0,17.672003
2033-07-11 00:00:00+00:00,0.0,16.455833
2033-07-12 00:00:00+00:00,2.6594734,17.372799
2033-07-13 00:00:00+00:00,0.0,12.193375
2033-07-14 00:00:00+00:00,0.0,13.10997
2033-07-15 00:00:00+00:00,2.782001,16.771254
2033-07-16 00:00:00+00:00,0.0,13.724145
2033-07-17 00:00:00+00:00,0.0,14.336424
2033-07-18 00:00:00+00:00,0.0,15.55907
2033-07-19 00:00:00+00:00,0.0,16.477001
2033-07-20 00:00:00+00:00,0.0,13.427903
2033-07-21 00:00:00+00:00,0.0,15.871951
2033-07-22 00:00:00+00:00,0.0,16.485134
2033-07-23 00:00:00+00:00,0.0,19.54118
2033-07-24 00:00:00+00:00,0.0,19.54444
2033-07-25 00:00:00+00:00,2.0508304,17.715113
2033-07-26 00:00:00+00:00,7.3721,13.746794
2033-07-27 00:00:00+00:00,0.54529667,9.777151
2033-07-28 00:00:00+00:00,0.0,13.140276
2033-07-29 00:00:00+00:00,0.0,14.9763565
2033-07-30 00:00:00+00:00,0.0,20.175688
2033-07-31 00:00:00+00:00,3.7965255,15.287238
2033-08-01 00:00:00+00:00,10.291799,9.785522
2033-08-02 00:00:00+00:00,0.0,11.010623
2033-08-03 00:00:00+00:00,0.0,11.930253
2033-08-04 00:00:00+00:00,0.0,14.074047
2033-08-05 00:00:00+00:00,0.0,14.688545
2033-08-06 00:00:00+00:00,0.0,20.200315
2033-08-07 00:00:00+00:00,0.80683875,21.7345
2033-08-08 00:00:00+00:00,3.6268694,11.634623
2033-08-09 00:00:00+00:00,14.492219,18.067518
2033-08-10 00:00:00+00:00,3.0831308,10.719948
2033-08-11 00:00:00+00:00,0.66957116,12.253583
2033-08-12 00:00:00+00:00,7.3580284,10.417438
2033-08-13 00:00:00+00:00,2.1384537,15.935457
2033-08-14 00:00:00+00:00,0.0,15.631871
2033-08-15 00:00:00+00:00,0.0,17.47413
2033-08-16 00:00:00+00:00,0.0,18.090603
2033-08-17 00:00:00+00:00,0.0,20.240705
2033-08-18 00:00:00+00:00,3.3262248,17.48387
2033-08-19 00:00:00+00:00,0.13293563,11.044517
2033-08-20 00:00:00+00:00,17.665674,17.797297
2033-08-21 00:00:00+00:00,0.0,12.890137
2033-08-22 00:00:00+00:00,1.0608742,16.26922
2033-08-23 00:00:00+00:00,0.2650096,15.044228
2033-08-24 00:00:00+00:00,8.73856,16.582537
2033-08-25 00:00:00+00:00,8.335029,18.735737
2033-08-26 00:00:00+00:00,2.5118678,13.824125
2033-08-27 00:00:00+00:00,7.397993,12.905027
2033-08-28 00:00:00+00:00,0.5280492,12.600231
2033-08-29 00:00:00+00:00,24.668917,17.82822
2033-08-30 00:00:00+00:00,32.8252,10.45309
2033-08-31 00:00:00+00:00,0.0,6.765107
2033-09-01 00:00:00+00:00,2.8963149,11.995082
2033-09-02 00:00:00+00:00,0.13165542,16.59878
2033-09-03 00:00:00+00:00,35.293343,13.820505
2033-09-04 00:00:00+00:00,0.0,8.898936
2033-09-05 00:00:00+00:00,0.0,11.650697
2033-09-06 00:00:00+00:00,0.13180636,13.478725
2033-09-07 00:00:00+00:00,12.393607,17.446104
2033-09-08 00:00:00+00:00,1.9783297,15.596275
2033-09-09 00:00:00+00:00,10.158737,16.499512
2033-09-10 00:00:00+00:00,11.613888,14.043049
2033-09-11 00:00:00+00:00,0.6601087,12.505852
2033-09-12 00:00:00+00:00,13.206896,18.590227
2033-09-13 00:00:00+00:00,0.26423538,12.484288
2033-09-14 00:00:00+00:00,0.0,7.6057944
2033-09-15 00:00:00+00:00,19.30413,8.207154
2033-09-16 00:00:00+00:00,0.0,12.755629
2033-09-17 00:00:00+00:00,1.7202845,10.923921
2033-09-18 00:00:00+00:00,1.3238723,6.3667574
2033-09-19 00:00:00+00:00,0.0,11.510795
2033-09-20 00:00:00+00:00,0.0,11.803437
2033-09-21 00:00:00+00:00,0.0,12.700328
2033-09-22 00:00:00+00:00,0.39791933,9.668009
2033-09-23 00:00:00+00:00,6.5027423,7.546542
2033-09-24 00:00:00+00:00,0.0,12.365521
2033-09-25 00:00:00+00:00,2.7899745,15.368053
2033-09-26 00:00:00+00:00,0.0,17.763168
2033-09-27 00:00:00+00:00,5.9856825,15.34115
2033-09-28 00:00:00+00:00,0.0,13.82498
2033-09-29 00:00:00+00:00,0.0,10.810048
2033-09-30 00:00:00+00:00,13.328083,12.900654
2033-10-01 00:00:00+00:00,7.3357635,10.791039
2033-10-02 00:00:00+00:00,0.26695746,9.883074
2033-10-03 00:00:00+00:00,0.0,13.465032
2033-10-04 00:00:00+00:00,0.13369612,17.638565
2033-10-05 00:00:00+00:00,0.93669146,15.83081
2033-10-06 00:00:00+00:00,0.80361646,9.848196
2033-10-07 00:00:00+00:00,12.199973,7.7523117
2033-10-08 00:00:00+00:00,16.238474,6.2559295
2033-10-09 00:00:00+00:00,4.8364763,11.0125675
2033-10-10 00:00:00+00:00,2.420986,15.165994
2033-10-11 00:00:00+00:00,1.6159317,10.695883
2033-10-12 00:00:00+00:00,0.13483267,5.936865
2033-10-13 00:00:00+00:00,21.467419,10.380248
2033-10-14 00:00:00+00:00,0.0,10.667295
2033-10-15 00:00:00+00:00,0.0,7.9933224
2033-10-16 00:00:00+00:00,0.27127907,8.873523
2033-10-17 00:00:00+00:00,1.2229004,7.6834993
2033-10-18 00:00:00+00:00,0.0,8.562372
2033-10-19 00:00:00+00:00,0.0,10.61961
2033-10-20 00:00:00+00:00,0.0,10.610066
2033-10-21 00:00:00+00:00,0.0,12.072817
2033-10-22 00:00:00+00:00,0.0,11.473556
2033-10-23 00:00:00+00:00,0.0,13.814639
2033-10-24 00:00:00+00:00,0.0,15.857812
2033-10-25 00:00:00+00:00,0.0,17.31047
2033-10-26 00:00:00+00:00,0.0,11.725295
2033-10-27 00:00:00+00:00,0.0,10.836074
2033-10-28 00:00:00+00:00,0.0,8.77804
2033-10-29 00:00:00+00:00,0.0,7.8930645
2033-10-30 00:00:00+00:00,0.0,10.514523
2033-10-31 00:00:00+00:00,0.0,10.213151
2033-11-01 00:00:00+00:00,0.0,9.620773
2033-11-02 00:00:00+00:00,0.0,14.557202
2033-11-03 00:00:00+00:00,0.0,13.37376
2033-11-04 00:00:00+00:00,0.0,11.322744
2033-11-05 00:00:00+00:00,0.0,12.756597
2033-11-06 00:00:00+00:00,0.0,11.580856
2033-11-07 00:00:00+00:00,0.0,11.564923
2033-11-08 00:00:00+00:00,0.0,13.281469
2033-11-09 00:00:00+00:00,0.0,18.741774
2033-11-10 00:00:00+00:00,0.0,18.428492
2033-11-11 00:00:00+00:00,0.0,13.227674
2033-11-12 00:00:00+00:00,0.0,11.486954
2033-11-13 00:00:00+00:00,0.0,11.184897
2033-11-14 00:00:00+00:00,0.0,13.175014
2033-11-15 00:00:00+00:00,0.0,22.882969
2033-11-16 00:00:00+00:00,0.0,18.853792
2033-11-17 00:00:00+00:00,0.0,16.261673
2033-11-18 00:00:00+00:00,0.0,17.095446
2033-11-19 00:00:00+00:00,0.0,17.927168
2033-11-20 00:00:00+00:00,0.0,18.18847
2033-11-21 00:00:00+00:00,0.0,16.462372
2033-11-22 00:00:00+00:00,0.0,14.457257
2033-11-23 00:00:00+00:00,0.0,13.023506
2033-11-24 00:00:00+00:00,0.0,10.179582
2033-11-25 00:00:00+00:00,0.0,10.731773
2033-11-26 00:00:00+00:00,0.0,11.0005865
2033-11-27 00:00:00+00:00,0.0,18.030079
2033-11-28 00:00:00+00:00,0.0,15.757048
2033-11-29 00:00:00+00:00,0.0,15.175844
2033-11-30 00:00:00+00:00,0.0,12.069871
2033-12-01 00:00:00+00:00,0.0,10.653582
2033-12-02 00:00:00+00:00,0.0,10.36083
2033-12-03 00:00:00+00:00,0.0,9.509448
2033-12-04 00:00:00+00:00,0.0,11.453721
2033-12-05 00:00:00+00:00,0.0,15.067653
2033-12-06 00:00:00+00:00,0.0,11.984287
2033-12-07 00:00:00+00:00,0.0,11.135208
2033-12-08 00:00:00+00:00,0.0,13.068734
2033-12-09 00:00:00+00:00,0.15295695,11.387266
2033-12-10 00:00:00+00:00,0.3071865,9.15487
2033-12-11 00:00:00+00:00,0.0,14.686539
2033-12-12 00:00:00+00:00,0.0,11.901997
2033-12-13 00:00:00+00:00,0.0,12.441547
2033-12-14 00:00:00+00:00,0.0,14.913126
2033-12-15 00:00:00+00:00,0.0,11.034446
2033-12-16 00:00:00+00:00,0.0,10.195543
2033-12-17 00:00:00+00:00,0.0,8.80804
2033-12-18 00:00:00+00:00,0.0,10.723018
2033-12-19 00:00:00+00:00,0.0,12.359204
2033-12-20 00:00:00+00:00,0.0,13.168833
2033-12-21 00:00:00+00:00,0.0,13.702711
2033-12-22 00:00:00+00:00,0.0,13.687982
2033-12-23 00:00:00+00:00,0.0,14.493746
2033-12-24 00:00:00+00:00,0.0,16.117378
2033-12-25 00:00:00+00:00,0.0,13.37145
2033-12-26 00:00:00+00:00,0.0,11.449171
2033-12-27 00:00:00+00:00,0.0,11.164861
2033-12-28 00:00:00+00:00,0.0,13.329459
2033-12-29 00:00:00+00:00,0.0,12.772137
2033-12-30 00:00:00+00:00,0.0,16.01656
2033-12-31 00:00:00+00:00,0.0,16.813679
2034-01-01 00:00:00+00:00,0.0,18.151054
2034-01-02 00:00:00+00:00,0.0,17.361397
2034-01-03 00:00:00+00:00,0.0,15.211426
2034-01-04 00:00:00+00:00,0.0,15.503641
2034-01-05 00:00:00+00:00,0.0,13.345399
2034-01-06 00:00:00+00:00,0.0,11.72682
2034-01-07 00:00:00+00:00,0.0,14.746247
2034-01-08 00:00:00+00:00,0.0,22.42215
2034-01-09 00:00:00+00:00,0.0,21.082855
2034-01-10 00:00:00+00:00,0.0,17.546629
2034-01-11 00:00:00+00:00,0.0,15.648158
2034-01-12 00:00:00+00:00,0.0,14.019514
2034-01-13 00:00:00+00:00,0.0,12.937033
2034-01-14 00:00:00+00:00,0.0,14.056613
2034-01-15 00:00:00+00:00,0.0,14.627155
2034-01-16 00:00:00+00:00,0.0,12.988379
2034-01-17 00:00:00+00:00,0.0,13.00552
2034-01-18 00:00:00+00:00,0.0,11.914363
2034-01-19 00:00:00+00:00,0.0,10.542851
2034-01-20 00:00:00+00:00,0.0,10.001123
2034-01-21 00:00:00+00:00,0.0,11.405169
2034-01-22 00:00:00+00:00,0.0,14.205588
2034-01-23 00:00:00+00:00,0.0,13.387555
2034-01-24 00:00:00+00:00,0.0,14.801528
2034-01-25 00:00:00+00:00,0.0,13.982052
2034-01-26 00:00:00+00:00,0.0,12.040357
2034-01-27 00:00:00+00:00,0.0,12.056162
2034-01-28 00:00:00+00:00,0.0,13.756439
2034-01-29 00:00:00+00:00,0.0,15.180036
2034-01-30 00:00:00+00:00,0.0,13.792528
2034-01-31 00:00:00+00:00,0.0,13.810592
2034-02-01 00:00:00+00:00,0.0,17.77972
2034-02-02 00:00:00+00:00,0.0,18.368158
2034-02-03 00:00:00+00:00,0.0,17.260351
2034-02-04 00:00:00+00:00,0.0,16.149605
2034-02-05 00:00:00+00:00,0.0,15.035914
2034-02-06 00:00:00+00:00,0.0,16.759949
2034-02-07 00:00:00+00:00,0.0,18.204004
2034-02-08 00:00:00+00:00,0.0,13.955618
2034-02-09 00:00:00+00:00,0.0,15.1145315
2034-02-10 00:00:00+00:00,0.0,15.705323
2034-02-11 00:00:00+00:00,0.0,14.010237
2034-02-12 00:00:00+00:00,0.0,15.459947
2034-02-13 00:00:00+00:00,0.0,16.62673
2034-02-14 00:00:00+00:00,0.0,16.935385
2034-02-15 00:00:00+00:00,0.0,15.232911
2034-02-16 00:00:00+00:00,0.0,15.540483
2034-02-17 00:00:00+00:00,0.0,15.560656
2034-02-18 00:00:00+00:00,0.0,16.446447
2034-02-19 00:00:00+00:00,0.0,14.445417
2034-02-20 00:00:00+00:00,0.0,13.5962925
2034-02-21 00:00:00+00:00,0.0,11.8759575
2034-02-22 00:00:00+00:00,0.0,14.211596
2034-02-23 00:00:00+00:00,0.0,12.487539
2034-02-24 00:00:00+00:00,0.0,15.120742
2034-02-25 00:00:00+00:00,0.0,16.01377
2034-02-26 00:00:00+00:00,0.0,12.827569
2034-02-27 00:00:00+00:00,0.0,14.303695
2034-02-28 00:00:00+00:00,0.0,12.276137
2034-03-01 00:00:00+00:00,0.0,14.633303
2034-03-02 00:00:00+00:00,0.0,16.703476
2034-03-03 00:00:00+00:00,0.0,12.324819
2034-03-04 00:00:00+00:00,0.0,12.055748
2034-03-05 00:00:00+00:00,0.0,11.490921
2034-03-06 00:00:00+00:00,0.0,10.923773
2034-03-07 00:00:00+00:00,0.0,10.9459715
2034-03-08 00:00:00+00:00,0.0,16.60057
2034-03-09 00:00:00+00:00,0.0,15.446205
2034-03-10 00:00:00+00:00,0.0,19.347107
2034-03-11 00:00:00+00:00,0.0,19.088326
2034-03-12 00:00:00+00:00,0.0,13.747752
2034-03-13 00:00:00+00:00,0.0,11.380056
2034-03-14 00:00:00+00:00,0.0,12.303609
2034-03-15 00:00:00+00:00,0.0,11.7274065
2034-03-16 00:00:00+00:00,0.0,10.847496
2034-03-17 00:00:00+00:00,0.0,11.473638
2034-03-18 00:00:00+00:00,0.0,16.640701
2034-03-19 00:00:00+00:00,0.0,15.462208
2034-03-20 00:00:00+00:00,0.0,10.633165
2034-03-21 00:00:00+00:00,0.0,17.352562
2034-03-22 00:00:00+00:00,0.0,14.642834
2034-03-23 00:00:00+00:00,0.0,14.978761
2034-03-24 00:00:00+00:00,0.0,16.235016
2034-03-25 00:00:00+00:00,0.0,15.9616585
2034-03-26 00:00:00+00:00,0.0,18.147863
2034-03-27 00:00:00+00:00,0.0,15.411444
2034-03-28 00:00:00+00:00,0.0,16.98778
2034-03-29 00:00:00+00:00,0.0,16.404066
2034-03-30 00:00:00+00:00,0.0,19.229584
2034-03-31 00:00:00+00:00,0.0,13.986022
2034-04-01 00:00:00+00:00,0.0,14.638077
2034-04-02 00:00:00+00:00,0.0,16.853317
2034-04-03 00:00:00+00:00,0.0,12.822771
2034-04-04 00:00:00+00:00,0.0,12.222782
2034-04-05 00:00:00+00:00,0.0,14.132738
2034-04-06 00:00:00+00:00,0.0,11.959327
2034-04-07 00:00:00+00:00,0.0,18.292013
2034-04-08 00:00:00+00:00,0.0,18.014389
2034-04-09 00:00:00+00:00,0.0,15.518619
2034-04-10 00:00:00+00:00,0.0,11.425434
2034-04-11 00:00:00+00:00,0.0,11.13147
2034-04-12 00:00:00+00:00,0.0,14.342084
2034-04-13 00:00:00+00:00,0.0,19.163164
2034-04-14 00:00:00+00:00,0.0,15.683005
2034-04-15 00:00:00+00:00,0.0,12.82955
2034-04-16 00:00:00+00:00,0.0,12.856734
2034-04-17 00:00:00+00:00,0.0,14.494506
2034-04-18 00:00:00+00:00,0.0,14.525289
2034-04-19 00:00:00+00:00,0.0,14.879637
2034-04-20 00:00:00+00:00,0.0,16.532097
2034-04-21 00:00:00+00:00,0.0,17.866722
2034-04-22 00:00:00+00:00,0.0,16.602661
2034-04-23 00:00:00+00:00,0.0,17.616827
2034-04-24 00:00:00+00:00,0.0,16.673685
2034-04-25 00:00:00+00:00,0.0,19.985718
2034-04-26 00:00:00+00:00,0.0,12.476795
2034-04-27 00:00:00+00:00,0.0,15.464929
2034-04-28 00:00:00+00:00,0.0,21.103848
2034-04-29 00:00:00+00:00,0.0,19.166483
2034-04-30 00:00:00+00:00,0.0,17.551897
2034-05-01 00:00:00+00:00,0.0,16.594072
2034-05-02 00:00:00+00:00,0.0,18.292858
2034-05-03 00:00:00+00:00,0.0,22.97767
2034-05-04 00:00:00+00:00,0.0,24.605394
2034-05-05 00:00:00+00:00,0.0,9.628059
2034-05-06 00:00:00+00:00,0.0,11.602496
2034-05-07 00:00:00+00:00,0.0,15.556944
2034-05-08 00:00:00+00:00,0.0,14.541951
2034-05-09 00:00:00+00:00,0.0,16.170006
2034-05-10 00:00:00+00:00,0.0,18.122627
2034-05-11 00:00:00+00:00,0.0,20.069347
2034-05-12 00:00:00+00:00,0.0,19.053593
2034-05-13 00:00:00+00:00,0.0,15.416738
2034-05-14 00:00:00+00:00,0.0,13.7559395
2034-05-15 00:00:00+00:00,0.0,15.697444
2034-05-16 00:00:00+00:00,0.0,13.061554
2034-05-17 00:00:00+00:00,0.0,15.324291
2034-05-18 00:00:00+00:00,0.0,17.580223
2034-05-19 00:00:00+00:00,0.0,16.903728
2034-05-20 00:00:00+00:00,0.0,16.878407
2034-05-21 00:00:00+00:00,0.0,15.232648
2034-05-22 00:00:00+00:00,0.0,17.15155
2034-05-23 00:00:00+00:00,0.0,14.540869
2034-05-24 00:00:00+00:00,0.0,14.196499
2034-05-25 00:00:00+00:00,0.0,19.652126
2034-05-26 00:00:00+00:00,0.0,18.657755
2034-05-27 00:00:00+00:00,0.0,14.77547
2034-05-28 00:00:00+00:00,0.0,16.998549
2034-05-29 00:00:00+00:00,0.0,15.692243
2034-05-30 00:00:00+00:00,0.0,15.349126
2034-05-31 00:00:00+00:00,0.0,15.007001
2034-06-01 00:00:00+00:00,0.0,13.709413
2034-06-02 00:00:00+00:00,0.0,16.235857
2034-06-03 00:00:00+00:00,0.0,17.48328
2034-06-04 00:00:00+00:00,0.0,16.505135
2034-06-05 00:00:00+00:00,0.0,11.726636
2034-06-06 00:00:00+00:00,0.0,14.557469
2034-06-07 00:00:00+00:00,0.0,16.431917
2034-06-08 00:00:00+00:00,0.0,13.56784
2034-06-09 00:00:00+00:00,0.0,13.232718
2034-06-10 00:00:00+00:00,0.0,13.527776
2034-06-11 00:00:00+00:00,0.0,14.450214
2034-06-12 00:00:00+00:00,0.0,15.997261
2034-06-13 00:00:00+00:00,0.0,16.28689
2034-06-14 00:00:00+00:00,0.0,18.139385
2034-06-15 00:00:00+00:00,0.0,15.614382
2034-06-16 00:00:00+00:00,0.0,17.15055
2034-06-17 00:00:00+00:00,0.0,16.502594
2034-06-18 00:00:00+00:00,0.0,14.923786
2034-06-19 00:00:00+00:00,0.0,14.280965
2034-06-20 00:00:00+00:00,0.0,18.29001
2034-06-21 00:00:00+00:00,0.0,18.572735
2034-06-22 00:00:00+00:00,0.0,18.545519
2034-06-23 00:00:00+00:00,0.0,17.59244
2034-06-24 00:00:00+00:00,0.0,15.409373
2034-06-25 00:00:00+00:00,0.0,12.924943
2034-06-26 00:00:00+00:00,0.0,19.05179
2034-06-27 00:00:00+00:00,0.0,15.955578
2034-06-28 00:00:00+00:00,0.0,18.077015
2034-06-29 00:00:00+00:00,0.0,16.520926
2034-06-30 00:00:00+00:00,0.0,17.413324
2034-07-01 00:00:00+00:00,0.0,17.693007
2034-07-02 00:00:00+00:00,0.0,15.534988
2034-07-03 00:00:00+00:00,0.0,17.652174
2034-07-04 00:00:00+00:00,0.0,18.263659
2034-07-05 00:00:00+00:00,0.0,19.484226
2034-07-06 00:00:00+00:00,0.0,16.746838
2034-07-07 00:00:00+00:00,0.0,14.617685
2034-07-08 00:00:00+00:00,0.0,21.016186
2034-07-09 00:00:00+00:00,0.0,18.2778
2034-07-10 00:00:00+00:00,0.0,18.280663
2034-07-11 00:00:00+00:00,0.0,18.588264
2034-07-12 00:00:00+00:00,0.14004904,16.153013
2034-07-13 00:00:00+00:00,4.3321238,19.203802
2034-07-14 00:00:00+00:00,0.8367175,10.060737
2034-07-15 00:00:00+00:00,0.0,13.1115465
2034-07-16 00:00:00+00:00,0.0,18.29812
2034-07-17 00:00:00+00:00,0.0,18.606096
2034-07-18 00:00:00+00:00,2.3523269,15.863507
2034-07-19 00:00:00+00:00,1.7955954,14.035388
2034-07-20 00:00:00+00:00,0.0,11.901517
2034-07-21 00:00:00+00:00,0.0,16.786947
2034-07-22 00:00:00+00:00,0.0,18.621325
2034-07-23 00:00:00+00:00,0.0,17.708458
2034-07-24 00:00:00+00:00,0.82189316,12.214763
2034-07-25 00:00:00+00:00,0.54709333,14.96559
2034-07-26 00:00:00+00:00,0.0,16.800932
2034-07-27 00:00:00+00:00,0.0,17.720335
2034-07-28 00:00:00+00:00,0.0,16.806614
2034-07-29 00:00:00+00:00,0.0,18.948862
2034-07-30 00:00:00+00:00,0.0,18.646423
2034-07-31 00:00:00+00:00,0.0,16.815239
2034-08-01 00:00:00+00:00,0.0,20.181768
2034-08-02 00:00:00+00:00,0.0,18.961916
2034-08-03 00:00:00+00:00,0.0,19.576998
2034-08-04 00:00:00+00:00,0.0,19.580421
2034-08-05 00:00:00+00:00,0.0,19.583864
2034-08-06 00:00:00+00:00,1.481247,18.05706
2034-08-07 00:00:00+00:00,0.13450982,23.264065
2034-08-08 00:00:00+00:00,1.3436434,22.962046
2034-08-09 00:00:00+00:00,0.0,17.148062
2034-08-10 00:00:00+00:00,0.53633356,12.250816
2034-08-11 00:00:00+00:00,1.4734246,16.541588
2034-08-12 00:00:00+00:00,0.0,17.15735
2034-08-13 00:00:00+00:00,4.5453014,20.837725
2034-08-14 00:00:00+00:00,0.6677923,16.857124
2034-08-15 00:00:00+00:00,0.0,13.181631
2034-08-16 00:00:00+00:00,12.931353,18.089766
2034-08-17 00:00:00+00:00,0.13319406,15.639817
2034-08-18 00:00:00+00:00,1.3307768,14.415853
2034-08-19 00:00:00+00:00,7.977825,9.510108
2034-08-20 00:00:00+00:00,0.13285215,18.410126
2034-08-21 00:00:00+00:00,0.0,14.730889
2034-08-22 00:00:00+00:00,0.0,16.575396
2034-08-23 00:00:00+00:00,0.0,16.271551
2034-08-24 00:00:00+00:00,17.215618,17.810017
2034-08-25 00:00:00+00:00,14.952946,13.513649
2034-08-26 00:00:00+00:00,19.96643,7.9868836
2034-08-27 00:00:00+00:00,0.66065496,19.356598
2034-08-28 00:00:00+00:00,1.1883222,13.828844
2034-08-29 00:00:00+00:00,0.5277696,14.753665
2034-08-30 00:00:00+00:00,0.0,15.371431
2034-08-31 00:00:00+00:00,0.0,18.756865
2034-09-01 00:00:00+00:00,0.0,20.60591
2034-09-02 00:00:00+00:00,3.5544565,22.751331
2034-09-03 00:00:00+00:00,0.13168244,15.052212
2034-09-04 00:00:00+00:00,0.0,15.039349
2034-09-05 00:00:00+00:00,2.3716319,14.106494
2034-09-06 00:00:00+00:00,0.0,23.286423
2034-09-07 00:00:00+00:00,15.68856,13.776196
2034-09-08 00:00:00+00:00,0.0,14.682
2034-09-09 00:00:00+00:00,0.0,12.224488
2034-09-10 00:00:00+00:00,6.994134,14.656771
2034-09-11 00:00:00+00:00,0.0,12.813632
2034-09-12 00:00:00+00:00,0.0,15.5460005
2034-09-13 00:00:00+00:00,0.13210537,17.055393
2034-09-14 00:00:00+00:00,14.140616,19.779339
2034-09-15 00:00:00+00:00,11.898622,12.769445
2034-09-16 00:00:00+00:00,3.7032874,15.188565
2034-09-17 00:00:00+00:00,0.52926195,8.801734
2034-09-18 00:00:00+00:00,0.13237263,9.097344
2034-09-19 00:00:00+00:00,4.6351147,8.786464
2034-09-20 00:00:00+00:00,0.1324932,16.346777
2034-09-21 00:00:00+00:00,0.0,14.215366
2034-09-22 00:00:00+00:00,0.0,12.692027
2034-09-23 00:00:00+00:00,0.26538292,13.284815
2034-09-24 00:00:00+00:00,1.9914417,11.161567
2034-09-25 00:00:00+00:00,0.0,19.28962
2034-09-26 00:00:00+00:00,0.0,11.443189
2034-09-27 00:00:00+00:00,9.97459,14.4418955
2034-09-28 00:00:00+00:00,0.13307841,14.729838
2034-09-29 00:00:00+00:00,3.0628161,12.314148
2034-09-30 00:00:00+00:00,0.0,12.603406
2034-10-01 00:00:00+00:00,0.0,11.093234
2034-10-02 00:00:00+00:00,0.0,12.581227
2034-10-03 00:00:00+00:00,0.0,19.453783
2034-10-04 00:00:00+00:00,1.20301,14.35319
2034-10-05 00:00:00+00:00,1.3378329,16.431831
2034-10-06 00:00:00+00:00,0.53561896,17.312782
2034-10-07 00:00:00+00:00,0.0,14.911598
2034-10-08 00:00:00+00:00,0.0,17.580086
2034-10-09 00:00:00+00:00,6.312557,14.289749
2034-10-10 00:00:00+00:00,2.554745,16.061684
2034-10-11 00:00:00+00:00,0.0,13.075657
2034-10-12 00:00:00+00:00,0.0,13.657832
2034-10-13 00:00:00+00:00,0.0,13.052368
2034-10-14 00:00:00+00:00,0.0,13.04072
2034-10-15 00:00:00+00:00,0.0,13.029068
2034-10-16 00:00:00+00:00,0.0,12.129863
2034-10-17 00:00:00+00:00,0.0,15.370442
2034-10-18 00:00:00+00:00,0.0,13.289421
2034-10-19 00:00:00+00:00,0.0,11.802218
2034-10-20 00:00:00+00:00,0.0,14.149937
2034-10-21 00:00:00+00:00,2.7389898,17.082462
2034-10-22 00:00:00+00:00,0.27458945,10.004841
2034-10-23 00:00:00+00:00,0.0,14.993735
2034-10-24 00:00:00+00:00,0.0,12.924097
2034-10-25 00:00:00+00:00,0.0,10.858173
2034-10-26 00:00:00+00:00,0.0,10.555154
2034-10-27 00:00:00+00:00,0.0,14.646664
2034-10-28 00:00:00+00:00,0.0,11.414041
2034-10-29 00:00:00+00:00,0.0,10.818879
2034-10-30 00:00:00+00:00,0.70866317,9.93264
2034-10-31 00:00:00+00:00,0.0,11.382961
2034-11-01 00:00:00+00:00,0.0,15.163462
2034-11-02 00:00:00+00:00,0.0,10.484893
2034-11-03 00:00:00+00:00,0.0,9.597592
2034-11-04 00:00:00+00:00,0.0,14.230988
2034-11-05 00:00:00+00:00,0.0,14.211149
2034-11-06 00:00:00+00:00,0.0,11.295237
2034-11-07 00:00:00+00:00,0.0,13.882677
2034-11-08 00:00:00+00:00,0.0,10.975396
2034-11-09 00:00:00+00:00,0.0,13.84478
2034-11-10 00:00:00+00:00,0.0,12.097778
2034-11-11 00:00:00+00:00,0.0,10.067912
2034-11-12 00:00:00+00:00,0.0,10.628978
2034-11-13 00:00:00+00:00,0.0,8.893508
2034-11-14 00:00:00+00:00,0.0,8.8817425
2034-11-15 00:00:00+00:00,0.0,9.44232
2034-11-16 00:00:00+00:00,0.0,12.573294
2034-11-17 00:00:00+00:00,0.0,15.696176
2034-11-18 00:00:00+00:00,0.0,19.381086
2034-11-19 00:00:00+00:00,0.0,15.086422
2034-11-20 00:00:00+00:00,0.0,9.949991
2034-11-21 00:00:00+00:00,0.0,10.505189
2034-11-22 00:00:00+00:00,0.0,11.3426
2034-11-23 00:00:00+00:00,0.0,13.310798
2034-11-24 00:00:00+00:00,0.0,15.839844
2034-11-25 00:00:00+00:00,0.0,15.255143
2034-11-26 00:00:00+00:00,0.0,11.568286
2034-11-27 00:00:00+00:00,0.0,12.963091
2034-11-28 00:00:00+00:00,0.0,15.198933
2034-11-29 00:00:00+00:00,0.0,17.991638
2034-11-30 00:00:00+00:00,0.0,19.935331
2034-12-01 00:00:00+00:00,0.0,19.070023
2034-12-02 00:00:00+00:00,0.0,18.486996
2034-12-03 00:00:00+00:00,0.0,17.345905
2034-12-04 00:00:00+00:00,0.0,18.72258
2034-12-05 00:00:00+00:00,0.0,20.375214
2034-12-06 00:00:00+00:00,0.0,20.630142
2034-12-07 00:00:00+00:00,0.0,17.82151
2034-12-08 00:00:00+00:00,0.0,13.906924
2034-12-09 00:00:00+00:00,0.0,11.390538
2034-12-10 00:00:00+00:00,0.0,10.544985
2034-12-11 00:00:00+00:00,0.0,11.087329
2034-12-12 00:00:00+00:00,0.0,11.3516245
2034-12-13 00:00:00+00:00,0.0,13.82783
2034-12-14 00:00:00+00:00,0.0,13.536068
2034-12-15 00:00:00+00:00,0.0,12.969081
2034-12-16 00:00:00+00:00,0.0,12.954682
2034-12-17 00:00:00+00:00,0.0,10.1871
2034-12-18 00:00:00+00:00,0.0,15.126347
2034-12-19 00:00:00+00:00,0.0,14.285639
2034-12-20 00:00:00+00:00,0.0,14.270103
2034-12-21 00:00:00+00:00,0.0,14.802923
2034-12-22 00:00:00+00:00,0.0,15.060821
2034-12-23 00:00:00+00:00,0.0,15.044695
2034-12-24 00:00:00+00:00,0.0,15.0286665
2034-12-25 00:00:00+00:00,0.0,14.739779
2034-12-26 00:00:00+00:00,0.0,14.178893
2034-12-27 00:00:00+00:00,0.0,14.164016
2034-12-28 00:00:00+00:00,0.0,13.60503
2034-12-29 00:00:00+00:00,0.0,13.862718
2034-12-30 00:00:00+00:00,0.0,14.93454
2034-12-31 00:00:00+00:00,0.0,14.647926
2035-01-01 00:00:00+00:00,0.0,13.819998
2035-01-02 00:00:00+00:00,0.0,13.559084
2035-01-03 00:00:00+00:00,0.0,17.107172
2035-01-04 00:00:00+00:00,0.0,14.138977
2035-01-05 00:00:00+00:00,0.0,14.430032
2035-01-06 00:00:00+00:00,0.0,13.631313
2035-01-07 00:00:00+00:00,0.0,12.284467
2035-01-08 00:00:00+00:00,0.0,12.300762
2035-01-09 00:00:00+00:00,0.0,12.043359
2035-01-10 00:00:00+00:00,0.0,13.429692
2035-01-11 00:00:00+00:00,0.0,15.094109
2035-01-12 00:00:00+00:00,0.0,15.66369
2035-01-13 00:00:00+00:00,0.0,17.335402
2035-01-14 00:00:00+00:00,0.0,13.500916
2035-01-15 00:00:00+00:00,0.0,11.863399
2035-01-16 00:00:00+00:00,0.0,9.945264
2035-01-17 00:00:00+00:00,0.0,11.618121
2035-01-18 00:00:00+00:00,0.0,14.126331
2035-01-19 00:00:00+00:00,0.0,13.312902
2035-01-20 00:00:00+00:00,0.0,13.608164
2035-01-21 00:00:00+00:00,0.0,13.904169
2035-01-22 00:00:00+00:00,0.0,20.605257
2035-01-23 00:00:00+00:00,0.0,22.305262
2035-01-24 00:00:00+00:00,0.0,18.9844
2035-01-25 00:00:00+00:00,0.0,15.37521
2035-01-26 00:00:00+00:00,0.0,12.596238
2035-01-27 00:00:00+00:00,0.0,13.453629
2035-01-28 00:00:00+00:00,0.0,15.1551895
2035-01-29 00:00:00+00:00,0.0,17.142202
2035-01-30 00:00:00+00:00,0.0,15.757728
2035-01-31 00:00:00+00:00,0.0,14.933101
2035-02-01 00:00:00+00:00,0.0,18.33816
2035-02-02 00:00:00+00:00,0.0,18.07966
2035-02-03 00:00:00+00:00,0.0,12.446022
2035-02-04 00:00:00+00:00,0.0,12.745526
2035-02-05 00:00:00+00:00,0.0,15.314611
2035-02-06 00:00:00+00:00,0.0,13.346788
2035-02-07 00:00:00+00:00,0.67948616,15.070279
2035-02-08 00:00:00+00:00,0.0,16.513515
2035-02-09 00:00:00+00:00,0.0,16.535044
2035-02-10 00:00:00+00:00,0.0,18.26934
2035-02-11 00:00:00+00:00,0.0,17.14981
2035-02-12 00:00:00+00:00,0.0,16.599731
2035-02-13 00:00:00+00:00,0.0,14.901877
2035-02-14 00:00:00+00:00,0.0,12.912625
2035-02-15 00:00:00+00:00,0.0,12.354767
2035-02-16 00:00:00+00:00,0.0,14.960055
2035-02-17 00:00:00+00:00,0.0,13.827209
2035-02-18 00:00:00+00:00,0.0,12.402948
2035-02-19 00:00:00+00:00,0.0,14.729553
2035-02-20 00:00:00+00:00,0.0,16.77297
2035-02-21 00:00:00+00:00,0.0,17.663393
2035-02-22 00:00:00+00:00,0.0,17.396324
2035-02-23 00:00:00+00:00,0.0,16.5479
2035-02-24 00:00:00+00:00,0.0,21.801718
2035-02-25 00:00:00+00:00,0.0,20.374578
2035-02-26 00:00:00+00:00,0.0,17.486494
2035-02-27 00:00:00+00:00,0.0,14.007265
2035-02-28 00:00:00+00:00,0.0,15.48632
2035-03-01 00:00:00+00:00,0.0,15.798875
2035-03-02 00:00:00+00:00,0.0,19.04169
2035-03-03 00:00:00+00:00,0.0,15.546315
2035-03-04 00:00:00+00:00,0.0,8.522921
2035-03-05 00:00:00+00:00,0.0,13.252038
2035-03-06 00:00:00+00:00,0.0,17.115072
2035-03-07 00:00:00+00:00,0.0,19.219645
2035-03-08 00:00:00+00:00,0.0,14.814409
2035-03-09 00:00:00+00:00,0.0,14.250784
2035-03-10 00:00:00+00:00,0.0,15.469806
2035-03-11 00:00:00+00:00,0.0,14.308949
2035-03-12 00:00:00+00:00,0.0,14.636877
2035-03-13 00:00:00+00:00,0.0,16.462725
2035-03-14 00:00:00+00:00,0.0,13.796992
2035-03-15 00:00:00+00:00,0.0,14.426346
2035-03-16 00:00:00+00:00,0.0,11.745436
2035-03-17 00:00:00+00:00,0.0,14.183802
2035-03-18 00:00:00+00:00,0.0,14.515343
2035-03-19 00:00:00+00:00,0.0,12.12099
2035-03-20 00:00:00+00:00,0.0,11.234996
2035-03-21 00:00:00+00:00,0.0,12.475241
2035-03-22 00:00:00+00:00,0.0,13.110776
2035-03-23 00:00:00+00:00,0.0,12.526784
2035-03-24 00:00:00+00:00,0.0,12.858838
2035-03-25 00:00:00+00:00,0.0,16.567
2035-03-26 00:00:00+00:00,0.0,17.831041
2035-03-27 00:00:00+00:00,0.0,11.090489
2035-03-28 00:00:00+00:00,0.0,13.891887
2035-03-29 00:00:00+00:00,0.0,11.44595
2035-03-30 00:00:00+00:00,0.0,16.739645
2035-03-31 00:00:00+00:00,0.0,16.463858
2035-04-01 00:00:00+00:00,0.0,14.630457
2035-04-02 00:00:00+00:00,0.0,13.101301
2035-04-03 00:00:00+00:00,0.0,13.753844
2035-04-04 00:00:00+00:00,0.0,15.348806
2035-04-05 00:00:00+00:00,0.0,19.461592
2035-04-06 00:00:00+00:00,0.0,17.615044
2035-04-07 00:00:00+00:00,0.0,14.499851
2035-04-08 00:00:00+00:00,0.0,11.687417
2035-04-09 00:00:00+00:00,0.0,12.9781475
2035-04-10 00:00:00+00:00,0.0,15.2259035
2035-04-11 00:00:00+00:00,0.0,18.7546
2035-04-12 00:00:00+00:00,0.0,19.431246
2035-04-13 00:00:00+00:00,0.0,14.364791
2035-04-14 00:00:00+00:00,0.0,12.155908
2035-04-15 00:00:00+00:00,0.0,12.502197
2035-04-16 00:00:00+00:00,0.0,13.171176
2035-04-17 00:00:00+00:00,0.0,14.486826
2035-04-18 00:00:00+00:00,0.0,13.549743
2035-04-19 00:00:00+00:00,0.0,11.638749
2035-04-20 00:00:00+00:00,0.0,12.635473
2035-04-21 00:00:00+00:00,0.0,11.688356
2035-04-22 00:00:00+00:00,0.0,22.450459
2035-04-23 00:00:00+00:00,0.0,18.911686
2035-04-24 00:00:00+00:00,0.0,16.01126
2035-04-25 00:00:00+00:00,0.0,11.788544
2035-04-26 00:00:00+00:00,0.0,19.033337
2035-04-27 00:00:00+00:00,0.0,18.087559
2035-04-28 00:00:00+00:00,0.0,13.512402
2035-04-29 00:00:00+00:00,0.0,13.541444
2035-04-30 00:00:00+00:00,0.0,12.577614
2035-05-01 00:00:00+00:00,0.0,11.941301
2035-05-02 00:00:00+00:00,0.0,12.299474
2035-05-03 00:00:00+00:00,0.0,13.991711
2035-05-04 00:00:00+00:00,0.0,11.974727
2035-05-05 00:00:00+00:00,0.0,15.942132
2035-05-06 00:00:00+00:00,0.0,16.581266
2035-05-07 00:00:00+00:00,0.0,17.549574
2035-05-08 00:00:00+00:00,0.0,18.184309
2035-05-09 00:00:00+00:00,0.0,14.525484
2035-05-10 00:00:00+00:00,0.0,15.492453
2035-05-11 00:00:00+00:00,0.0,14.48171
2035-05-12 00:00:00+00:00,0.0,15.77443
2035-05-13 00:00:00+00:00,0.0,17.719517
2035-05-14 00:00:00+00:00,0.0,13.433468
2035-05-15 00:00:00+00:00,0.0,17.33911
2035-05-16 00:00:00+00:00,0.0,16.986399
2035-05-17 00:00:00+00:00,0.0,16.960901
2035-05-18 00:00:00+00:00,0.0,18.88955
2035-05-19 00:00:00+00:00,0.0,14.958903
2035-05-20 00:00:00+00:00,0.0,16.884733
2035-05-21 00:00:00+00:00,0.0,18.804777
2035-05-22 00:00:00+00:00,0.0,14.24435
2035-05-23 00:00:00+00:00,0.0,13.253299
2035-05-24 00:00:00+00:00,0.0,15.492878
2035-05-25 00:00:00+00:00,0.0,15.792029
2035-05-26 00:00:00+00:00,0.0,16.090273
2035-05-27 00:00:00+00:00,0.0,14.459654
2035-05-28 00:00:00+00:00,0.0,11.550487
2035-05-29 00:00:00+00:00,0.0,16.338825
2035-05-30 00:00:00+00:00,0.0,20.793007
2035-05-31 00:00:00+00:00,0.0,21.40092
2035-06-01 00:00:00+00:00,0.0,15.309221
2035-06-02 00:00:00+00:00,0.0,14.331079
2035-06-03 00:00:00+00:00,0.0,13.037828
2035-06-04 00:00:00+00:00,0.0,17.146307
2035-06-05 00:00:00+00:00,0.0,15.85268
2035-06-06 00:00:00+00:00,0.4360747,16.462368
2035-06-07 00:00:00+00:00,0.0,11.06404
2035-06-08 00:00:00+00:00,0.14512917,10.732028
2035-06-09 00:00:00+00:00,0.0,18.280516
2035-06-10 00:00:00+00:00,0.0,16.994648
2035-06-11 00:00:00+00:00,0.0,16.341057
2035-06-12 00:00:00+00:00,0.0,14.120438
2035-06-13 00:00:00+00:00,0.28929877,12.532995
2035-06-14 00:00:00+00:00,0.0,14.391711
2035-06-15 00:00:00+00:00,0.0,17.494547
2035-06-16 00:00:00+00:00,0.0,17.780746
2035-06-17 00:00:00+00:00,0.0,17.131634
2035-06-18 00:00:00+00:00,0.0,21.149801
2035-06-19 00:00:00+00:00,0.0,20.187033
2035-06-20 00:00:00+00:00,4.324155,18.606836
2035-06-21 00:00:00+00:00,0.28815386,10.218751
2035-06-22 00:00:00+00:00,0.0,19.47993
2035-06-23 00:00:00+00:00,0.0,19.142645
2035-06-24 00:00:00+00:00,0.0,20.656124
2035-06-25 00:00:00+00:00,18.125479,17.239561
2035-06-26 00:00:00+00:00,19.557072,9.221978
2035-06-27 00:00:00+00:00,4.168831,17.189209
2035-06-28 00:00:00+00:00,0.0,18.390118
2035-06-29 00:00:00+00:00,0.0,18.363283
2035-06-30 00:00:00+00:00,0.14361499,13.7523775
2035-07-01 00:00:00+00:00,6.4607425,10.375543
2035-07-02 00:00:00+00:00,1.7223662,12.188742
2035-07-03 00:00:00+00:00,0.0,14.303802
2035-07-04 00:00:00+00:00,0.0,17.349812
2035-07-05 00:00:00+00:00,0.28520566,16.743614
2035-07-06 00:00:00+00:00,1.2798731,13.092478
2035-07-07 00:00:00+00:00,0.0,8.222129
2035-07-08 00:00:00+00:00,1.4146276,16.14224
2035-07-09 00:00:00+00:00,0.0,18.581697
2035-07-10 00:00:00+00:00,0.0,21.631266
2035-07-11 00:00:00+00:00,0.7022146,18.282818
2035-07-12 00:00:00+00:00,1.6815177,21.942848
2035-07-13 00:00:00+00:00,3.6353393,20.422277
2035-07-14 00:00:00+00:00,0.0,15.5477915
2035-07-15 00:00:00+00:00,0.2784789,15.8551855
2035-07-16 00:00:00+00:00,12.784587,15.247822
2035-07-17 00:00:00+00:00,10.818221,18.300339
2035-07-18 00:00:00+00:00,0.553743,20.133633
2035-07-19 00:00:00+00:00,16.16757,12.204186
2035-07-20 00:00:00+00:00,6.069387,8.239173
2035-07-21 00:00:00+00:00,0.41311243,17.396666
2035-07-22 00:00:00+00:00,2.749493,17.399536
2035-07-23 00:00:00+00:00,3.1567912,13.1281395
2035-07-24 00:00:00+00:00,0.27407068,19.542807
2035-07-25 00:00:00+00:00,0.9577748,18.935255
2035-07-26 00:00:00+00:00,29.783264,14.967473
2035-07-27 00:00:00+00:00,47.883976,11.609385
2035-07-28 00:00:00+00:00,0.27245614,11.305789
2035-07-29 00:00:00+00:00,0.0,13.141394
2035-07-30 00:00:00+00:00,0.0,16.2003
2035-07-31 00:00:00+00:00,0.13567775,11.311584
2035-08-01 00:00:00+00:00,25.745707,14.982788
2035-08-02 00:00:00+00:00,12.992078,16.820324
2035-08-03 00:00:00+00:00,2.973713,18.658514
2035-08-04 00:00:00+00:00,0.67503744,15.2965355
2035-08-05 00:00:00+00:00,0.13485014,13.769297
2035-08-06 00:00:00+00:00,17.779953,12.85361
2035-08-07 00:00:00+00:00,1.8836542,9.794961
2035-08-08 00:00:00+00:00,22.176065,15.613495
2035-08-09 00:00:00+00:00,13.022972,11.635664
2035-08-10 00:00:00+00:00,13.94825,10.718982
2035-08-11 00:00:00+00:00,1.0718507,10.720916
2035-08-12 00:00:00+00:00,0.8030875,12.561063
2035-08-13 00:00:00+00:00,0.26743498,12.256925
2035-08-14 00:00:00+00:00,8.816934,17.775791
2035-08-15 00:00:00+00:00,5.0716753,11.648347
2035-08-16 00:00:00+00:00,2.2668316,14.10323
2035-08-17 00:00:00+00:00,5.0624943,15.63909
2035-08-18 00:00:00+00:00,34.607708,17.482239
2035-08-19 00:00:00+00:00,6.915584,17.792273
2035-08-20 00:00:00+00:00,0.53151935,13.193302
2035-08-21 00:00:00+00:00,0.9293896,18.105858
2035-08-22 00:00:00+00:00,8.888373,15.653795
2035-08-23 00:00:00+00:00,2.2534654,13.814806
2035-08-24 00:00:00+00:00,0.39736012,11.975124
2035-08-25 00:00:00+00:00,20.911613,16.584133
2035-08-26 00:00:00+00:00,23.805464,21.80928
2035-08-27 00:00:00+00:00,3.0395663,20.277353
2035-08-28 00:00:00+00:00,6.73503,11.984411
2035-08-29 00:00:00+00:00,1.8475181,6.45441
2035-08-30 00:00:00+00:00,5.27494,7.0705094
2035-08-31 00:00:00+00:00,0.5271325,11.069075
2035-09-01 00:00:00+00:00,23.046526,16.299383
2035-09-02 00:00:00+00:00,76.0866,18.143444
2035-09-03 00:00:00+00:00,1.9751004,19.971485
2035-09-04 00:00:00+00:00,0.26342008,14.428581
2035-09-05 00:00:00+00:00,18.444685,14.722972
2035-09-06 00:00:00+00:00,4.612529,17.468561
2035-09-07 00:00:00+00:00,1.0546118,12.554336
2035-09-08 00:00:00+00:00,37.31853,12.237627
2035-09-09 00:00:00+00:00,13.454818,31.790503
2035-09-10 00:00:00+00:00,0.0,14.354507
2035-09-11 00:00:00+00:00,0.0,18.003983
2035-09-12 00:00:00+00:00,0.26409033,16.464024
2035-09-13 00:00:00+00:00,0.0,18.27758
2035-09-14 00:00:00+00:00,0.0,11.261442
2035-09-15 00:00:00+00:00,0.0,21.591116
2035-09-16 00:00:00+00:00,0.0,12.45732
2035-09-17 00:00:00+00:00,0.9261104,15.178695
2035-09-18 00:00:00+00:00,0.13235816,14.86222
2035-09-19 00:00:00+00:00,0.0,13.334082
2035-09-20 00:00:00+00:00,0.13247764,11.808573
2035-09-21 00:00:00+00:00,0.0,6.0504103
2035-09-22 00:00:00+00:00,10.475885,7.8586817
2035-09-23 00:00:00+00:00,7.6950965,22.347515
2035-09-24 00:00:00+00:00,0.0,13.577845
2035-09-25 00:00:00+00:00,0.0,12.963047
2035-09-26 00:00:00+00:00,0.0,19.276962
2035-09-27 00:00:00+00:00,63.56163,15.347876
2035-09-28 00:00:00+00:00,3.8586555,21.347921
2035-09-29 00:00:00+00:00,0.13314368,9.312742
2035-09-30 00:00:00+00:00,2.3982136,9.304562
2035-10-01 00:00:00+00:00,5.999788,10.49591
2035-10-02 00:00:00+00:00,0.0,10.486669
2035-10-03 00:00:00+00:00,0.0,6.885165
2035-10-04 00:00:00+00:00,9.755706,8.075453
2035-10-05 00:00:00+00:00,5.7514167,13.746023
2035-10-06 00:00:00+00:00,0.0,9.852558
2035-10-07 00:00:00+00:00,0.0,6.5625563
2035-10-08 00:00:00+00:00,0.0,10.431178
2035-10-09 00:00:00+00:00,1.3427342,8.337537
2035-10-10 00:00:00+00:00,0.67210907,7.140114
2035-10-11 00:00:00+00:00,0.13457893,7.1337643
2035-10-12 00:00:00+00:00,0.0,5.6425357
2035-10-13 00:00:00+00:00,0.0,8.901327
2035-10-14 00:00:00+00:00,0.0,8.893385
2035-10-15 00:00:00+00:00,0.0,7.1083527
2035-10-16 00:00:00+00:00,0.0,6.8060803
2035-10-17 00:00:00+00:00,0.0,6.7999883
2035-10-18 00:00:00+00:00,0.0,11.520083
2035-10-19 00:00:00+00:00,0.0,11.804869
2035-10-20 00:00:00+00:00,0.0,10.3199835
2035-10-21 00:00:00+00:00,0.0,8.837746
2035-10-22 00:00:00+00:00,0.0,10.595749
2035-10-23 00:00:00+00:00,0.0,9.998079
2035-10-24 00:00:00+00:00,0.0,9.695262
2035-10-25 00:00:00+00:00,0.0,10.273566
2035-10-26 00:00:00+00:00,0.0,11.437338
2035-10-27 00:00:00+00:00,0.0,8.496989
2035-10-28 00:00:00+00:00,0.0,9.95296
2035-10-29 00:00:00+00:00,0.0,6.726777
2035-10-30 00:00:00+00:00,0.0,10.227101
2035-10-31 00:00:00+00:00,0.0,17.516232
2035-11-01 00:00:00+00:00,0.0,11.958531
2035-11-02 00:00:00+00:00,0.0,12.528061
2035-11-03 00:00:00+00:00,0.0,11.346605
2035-11-04 00:00:00+00:00,0.0,13.654908
2035-11-05 00:00:00+00:00,0.0,12.4753475
2035-11-06 00:00:00+00:00,0.0,11.009421
2035-11-07 00:00:00+00:00,0.0,9.836946
2035-11-08 00:00:00+00:00,0.0,7.800976
2035-11-09 00:00:00+00:00,0.0,10.675646
2035-11-10 00:00:00+00:00,0.0,11.23745
2035-11-11 00:00:00+00:00,0.0,11.510053
2035-11-12 00:00:00+00:00,0.0,12.356723
2035-11-13 00:00:00+00:00,0.0,12.62724
2035-11-14 00:00:00+00:00,0.0,10.60429
2035-11-15 00:00:00+00:00,0.0,10.304096
2035-11-16 00:00:00+00:00,0.0,10.57645
2035-11-17 00:00:00+00:00,0.0,10.848151
2035-11-18 00:00:00+00:00,0.0,11.689427
2035-11-19 00:00:00+00:00,0.0,13.098078
2035-11-20 00:00:00+00:00,0.0,11.659425
2035-11-21 00:00:00+00:00,0.0,10.508523
2035-11-22 00:00:00+00:00,0.0,17.019272
2035-11-23 00:00:00+00:00,0.0,15.014762
2035-11-24 00:00:00+00:00,0.0,15.278902
2035-11-25 00:00:00+00:00,0.0,14.4121065
2035-11-26 00:00:00+00:00,0.0,12.418579
2035-11-27 00:00:00+00:00,0.0,11.557607
2035-11-28 00:00:00+00:00,0.0,11.543451
2035-11-29 00:00:00+00:00,0.0,10.12337
2035-11-30 00:00:00+00:00,0.0,11.234564
2035-12-01 00:00:00+00:00,0.0,10.379454
2035-12-02 00:00:00+00:00,0.0,13.168913
2035-12-03 00:00:00+00:00,0.0,13.433079
2035-12-04 00:00:00+00:00,0.0,13.417157
2035-12-05 00:00:00+00:00,0.0,13.680535
2035-12-06 00:00:00+00:00,0.0,13.664495
2035-12-07 00:00:00+00:00,0.0,12.812934
2035-12-08 00:00:00+00:00,0.0,14.745604
2035-12-09 00:00:00+00:00,0.0,14.172793
2035-12-10 00:00:00+00:00,0.0,13.046214
2035-12-11 00:00:00+00:00,0.0,13.03132
2035-12-12 00:00:00+00:00,0.0,13.293471
2035-12-13 00:00:00+00:00,0.0,14.661629
2035-12-14 00:00:00+00:00,0.0,14.645156
2035-12-15 00:00:00+00:00,0.0,11.868638
2035-12-16 00:00:00+00:00,1.1090732,12.958273
2035-12-17 00:00:00+00:00,0.0,14.596358
2035-12-18 00:00:00+00:00,0.0,15.405597
2035-12-19 00:00:00+00:00,0.0,15.938333
2035-12-20 00:00:00+00:00,0.0,18.391474
2035-12-21 00:00:00+00:00,0.0,14.806921
2035-12-22 00:00:00+00:00,0.0,12.325803
2035-12-23 00:00:00+00:00,0.0,11.765363
2035-12-24 00:00:00+00:00,0.0,12.572773
2035-12-25 00:00:00+00:00,0.0,14.470649
2035-12-26 00:00:00+00:00,0.0,17.182796
2035-12-27 00:00:00+00:00,0.0,17.437202
2035-12-28 00:00:00+00:00,0.0,17.691149
2035-12-29 00:00:00+00:00,0.0,16.857082
2035-12-30 00:00:00+00:00,0.0,17.11125
2035-12-31 00:00:00+00:00,0.0,15.194342
2036-01-01 00:00:00+00:00,0.0,14.365629
2036-01-02 00:00:00+00:00,0.0,13.283484
2036-01-03 00:00:00+00:00,0.0,12.758251
2036-01-04 00:00:00+00:00,0.0,12.503405
2036-01-05 00:00:00+00:00,0.0,10.070453
2036-01-06 00:00:00+00:00,0.0,9.26622
2036-01-07 00:00:00+00:00,0.0,11.188803
2036-01-08 00:00:00+00:00,0.0,13.116467
2036-01-09 00:00:00+00:00,0.0,13.681103
2036-01-10 00:00:00+00:00,0.0,15.069157
2036-01-11 00:00:00+00:00,0.0,13.991727
2036-01-12 00:00:00+00:00,0.0,11.812561
2036-01-13 00:00:00+00:00,0.0,9.627596
2036-01-14 00:00:00+00:00,0.0,11.84383
2036-01-15 00:00:00+00:00,0.0,11.859484
2036-01-16 00:00:00+00:00,0.0,14.912977
2036-01-17 00:00:00+00:00,0.0,16.038786
2036-01-18 00:00:00+00:00,0.0,14.675469
2036-01-19 00:00:00+00:00,0.0,11.922213
2036-01-20 00:00:00+00:00,0.0,12.493179
2036-01-21 00:00:00+00:00,0.0,12.787628
2036-01-22 00:00:00+00:00,0.0,13.361178
2036-01-23 00:00:00+00:00,0.0,14.2149315
2036-01-24 00:00:00+00:00,0.0,13.117262
2036-01-25 00:00:00+00:00,0.0,15.649621
2036-01-26 00:00:00+00:00,0.0,13.431582
2036-01-27 00:00:00+00:00,0.0,12.328449
2036-01-28 00:00:00+00:00,0.0,13.4668665
2036-01-29 00:00:00+00:00,0.0,15.451024
2036-01-30 00:00:00+00:00,0.0,18.284235
2036-01-31 00:00:00+00:00,0.0,18.30819
2036-02-01 00:00:00+00:00,0.0,14.383697
2036-02-02 00:00:00+00:00,0.0,13.837717
2036-02-03 00:00:00+00:00,0.0,14.70413
2036-02-04 00:00:00+00:00,0.0,17.83791
2036-02-05 00:00:00+00:00,0.0,18.995264
2036-02-06 00:00:00+00:00,0.0,18.73619
2036-02-07 00:00:00+00:00,0.0,17.339384
2036-02-08 00:00:00+00:00,0.0,17.077383
2036-02-09 00:00:00+00:00,0.0,18.524618
2036-02-10 00:00:00+00:00,0.0,18.263395
2036-02-11 00:00:00+00:00,0.0,17.144234
2036-02-12 00:00:00+00:00,0.0,15.449898
2036-02-13 00:00:00+00:00,0.0,14.324076
2036-02-14 00:00:00+00:00,0.0,17.498096
2036-02-15 00:00:00+00:00,0.0,19.818655
2036-02-16 00:00:00+00:00,0.0,19.269203
2036-02-17 00:00:00+00:00,0.0,19.00625
2036-02-18 00:00:00+00:00,0.0,17.30083
2036-02-19 00:00:00+00:00,0.0,16.168388
2036-02-20 00:00:00+00:00,0.0,16.767538
2036-02-21 00:00:00+00:00,0.0,14.473507
2036-02-22 00:00:00+00:00,0.0,15.65163
2036-02-23 00:00:00+00:00,0.0,16.542551
2036-02-24 00:00:00+00:00,0.0,17.435741
2036-02-25 00:00:00+00:00,0.0,18.04023
2036-02-26 00:00:00+00:00,0.0,20.685675
2036-02-27 00:00:00+00:00,0.0,19.837223
2036-02-28 00:00:00+00:00,0.0,20.154938
2036-02-29 00:00:00+00:00,0.0,18.133604
2036-03-01 00:00:00+00:00,0.0,13.471317
2036-03-02 00:00:00+00:00,0.0,11.436058
2036-03-03 00:00:00+00:00,0.0,12.6310425
2036-03-04 00:00:00+00:00,0.0,15.01137
2036-03-05 00:00:00+00:00,0.0,17.991205
2036-03-06 00:00:00+00:00,0.0,15.95899
2036-03-07 00:00:00+00:00,0.0,13.326197
2036-03-08 00:00:00+00:00,0.0,11.869615
2036-03-09 00:00:00+00:00,0.0,12.191141
2036-03-10 00:00:00+00:00,0.0,12.513949
2036-03-11 00:00:00+00:00,0.0,12.5394945
2036-03-12 00:00:00+00:00,0.0,11.667609
2036-03-13 00:00:00+00:00,0.0,9.892784
2036-03-14 00:00:00+00:00,0.0,13.818175
2036-03-15 00:00:00+00:00,0.26164794,12.040431
2036-03-16 00:00:00+00:00,0.0,13.271646
2036-03-17 00:00:00+00:00,0.0,17.530373
2036-03-18 00:00:00+00:00,0.0,15.446325
2036-03-19 00:00:00+00:00,0.0,15.781604
2036-03-20 00:00:00+00:00,0.0,16.118233
2036-03-21 00:00:00+00:00,0.0,14.322999
2036-03-22 00:00:00+00:00,0.0,15.268688
2036-03-23 00:00:00+00:00,0.0,15.30024
2036-03-24 00:00:00+00:00,0.0,16.865078
2036-03-25 00:00:00+00:00,0.0,17.514544
2036-03-26 00:00:00+00:00,0.0,16.935028
2036-03-27 00:00:00+00:00,0.0,13.576136
2036-03-28 00:00:00+00:00,0.0,12.985955
2036-03-29 00:00:00+00:00,0.0,11.773629
2036-03-30 00:00:00+00:00,0.0,10.556229
2036-03-31 00:00:00+00:00,0.0,13.378344
2036-04-01 00:00:00+00:00,0.0,13.094475
2036-04-02 00:00:00+00:00,0.0,16.558489
2036-04-03 00:00:00+00:00,0.0,20.350027
2036-04-04 00:00:00+00:00,0.0,12.863033
2036-04-05 00:00:00+00:00,0.0,12.889979
2036-04-06 00:00:00+00:00,0.0,12.601962
2036-04-07 00:00:00+00:00,0.0,10.734157
2036-04-08 00:00:00+00:00,0.0,12.022211
2036-04-09 00:00:00+00:00,0.0,15.534939
2036-04-10 00:00:00+00:00,0.0,12.072878
2036-04-11 00:00:00+00:00,0.0,14.008597
2036-04-12 00:00:00+00:00,0.0,14.995313
2036-04-13 00:00:00+00:00,0.0,13.748108
2036-04-14 00:00:00+00:00,0.0,16.340387
2036-04-15 00:00:00+00:00,0.0,16.696068
2036-04-16 00:00:00+00:00,0.0,12.22684
2036-04-17 00:00:00+00:00,0.0,11.93035
2036-04-18 00:00:00+00:00,0.0,10.66319
2036-04-19 00:00:00+00:00,0.0,15.866901
2036-04-20 00:00:00+00:00,0.0,19.794733
2036-04-21 00:00:00+00:00,0.0,16.259783
2036-04-22 00:00:00+00:00,0.0,14.339147
2036-04-23 00:00:00+00:00,0.0,13.390026
2036-04-24 00:00:00+00:00,0.0,12.109529
2036-04-25 00:00:00+00:00,0.0,17.05524
2036-04-26 00:00:00+00:00,0.0,22.67951
2036-04-27 00:00:00+00:00,0.0,17.128489
2036-04-28 00:00:00+00:00,0.0,18.815802
2036-04-29 00:00:00+00:00,0.0,17.863844
2036-04-30 00:00:00+00:00,0.0,16.244696
2036-05-01 00:00:00+00:00,0.0,14.950763
2036-05-02 00:00:00+00:00,0.0,14.983035
2036-05-03 00:00:00+00:00,0.0,14.974083
2036-05-04 00:00:00+00:00,0.0,15.948171
2036-05-05 00:00:00+00:00,0.0,12.606532
2036-05-06 00:00:00+00:00,0.0,10.268725
2036-05-07 00:00:00+00:00,0.0,12.568452
2036-05-08 00:00:00+00:00,0.0,12.219227
2036-05-09 00:00:00+00:00,0.0,15.498298
2036-05-10 00:00:00+00:00,0.0,16.462696
2036-05-11 00:00:00+00:00,0.0,16.437891
2036-05-12 00:00:00+00:00,0.0,19.039242
2036-05-13 00:00:00+00:00,0.0,17.371752
2036-05-14 00:00:00+00:00,0.0,13.0910425
2036-05-15 00:00:00+00:00,0.0,10.783882
2036-05-16 00:00:00+00:00,0.0,20.882793
2036-05-17 00:00:00+00:00,0.0,17.267616
2036-05-18 00:00:00+00:00,0.0,12.036675
2036-05-19 00:00:00+00:00,0.0,15.26692
2036-05-20 00:00:00+00:00,0.0,17.19011
2036-05-21 00:00:00+00:00,0.0,11.982686
2036-05-22 00:00:00+00:00,0.0,19.402327
2036-05-23 00:00:00+00:00,0.0,18.727556
2036-05-24 00:00:00+00:00,0.0,15.797929
2036-05-25 00:00:00+00:00,0.0,14.808576
2036-05-26 00:00:00+00:00,0.0,12.85782
2036-05-27 00:00:00+00:00,0.0,17.33219
2036-05-28 00:00:00+00:00,0.0,14.742469
2036-05-29 00:00:00+00:00,0.0,16.640596
2036-05-30 00:00:00+00:00,0.0,17.25492
2036-05-31 00:00:00+00:00,0.0,14.357727
2036-06-01 00:00:00+00:00,0.0,11.787709
2036-06-02 00:00:00+00:00,0.0,12.724554
2036-06-03 00:00:00+00:00,0.0,14.929173
2036-06-04 00:00:00+00:00,0.0,13.321187
2036-06-05 00:00:00+00:00,0.0,16.151768
2036-06-06 00:00:00+00:00,0.0,15.17916
2036-06-07 00:00:00+00:00,0.0,15.472467
2036-06-08 00:00:00+00:00,0.0,16.395487
2036-06-09 00:00:00+00:00,0.0,17.000929
2036-06-10 00:00:00+00:00,0.0,19.490763
2036-06-11 00:00:00+00:00,0.0,20.403719
2036-06-12 00:00:00+00:00,0.43401212,17.552666
2036-06-13 00:00:00+00:00,0.72293425,22.847439
2036-06-14 00:00:00+00:00,1.1560538,9.688048
2036-06-15 00:00:00+00:00,7.0770745,27.461084
2036-06-16 00:00:00+00:00,2.4540641,20.565521
2036-06-17 00:00:00+00:00,12.841491,14.623619
2036-06-18 00:00:00+00:00,0.7210949,15.534192
2036-06-19 00:00:00+00:00,0.0,10.857974
2036-06-20 00:00:00+00:00,0.0,14.249546
2036-06-21 00:00:00+00:00,0.0,15.156612
2036-06-22 00:00:00+00:00,0.0,18.22306
2036-06-23 00:00:00+00:00,0.0,14.187011
2036-06-24 00:00:00+00:00,0.0,12.626442
2036-06-25 00:00:00+00:00,0.0,13.530515
2036-06-26 00:00:00+00:00,0.0,13.510744
2036-06-27 00:00:00+00:00,0.0,13.797627
2036-06-28 00:00:00+00:00,0.0,13.77749
2036-06-29 00:00:00+00:00,0.0,16.508875
2036-06-30 00:00:00+00:00,0.0,16.179537
2036-07-01 00:00:00+00:00,1.0047854,16.765627
2036-07-02 00:00:00+00:00,0.0,13.088591
2036-07-03 00:00:00+00:00,0.0,16.740406
2036-07-04 00:00:00+00:00,0.0,21.613651
2036-07-05 00:00:00+00:00,1.84997,18.876799
2036-07-06 00:00:00+00:00,8.373398,15.225575
2036-07-07 00:00:00+00:00,0.0,16.141613
2036-07-08 00:00:00+00:00,19.202831,16.144127
2036-07-09 00:00:00+00:00,13.24032,12.186152
2036-07-10 00:00:00+00:00,0.98366636,9.750454
2036-07-11 00:00:00+00:00,0.0,10.361491
2036-07-12 00:00:00+00:00,0.0,18.897476
2036-07-13 00:00:00+00:00,0.13959819,18.29079
2036-07-14 00:00:00+00:00,0.0,16.159447
2036-07-15 00:00:00+00:00,0.4170936,17.991703
2036-07-16 00:00:00+00:00,2.0814192,21.959518
2036-07-17 00:00:00+00:00,0.6924992,21.047945
2036-07-18 00:00:00+00:00,0.55298597,15.254614
2036-07-19 00:00:00+00:00,18.906116,20.13938
2036-07-20 00:00:00+00:00,6.750367,11.2921095
2036-07-21 00:00:00+00:00,0.27506277,11.904453
2036-07-22 00:00:00+00:00,0.0,15.875228
2036-07-23 00:00:00+00:00,1.096711,12.824433
2036-07-24 00:00:00+00:00,0.13687703,13.437362
2036-07-25 00:00:00+00:00,1.2300397,18.632193
2036-07-26 00:00:00+00:00,4.2305946,14.969364
2036-07-27 00:00:00+00:00,0.0,16.80519
2036-07-28 00:00:00+00:00,0.0,16.196842
2036-07-29 00:00:00+00:00,0.0,15.588302
2036-07-30 00:00:00+00:00,0.0,18.34232
2036-07-31 00:00:00+00:00,11.385933,18.345478
2036-08-01 00:00:00+00:00,0.8122568,12.844055
2036-08-02 00:00:00+00:00,4.326711,13.152151
2036-08-03 00:00:00+00:00,0.40514228,16.213617
2036-08-04 00:00:00+00:00,2.4280043,13.156752
2036-08-05 00:00:00+00:00,0.6736732,20.503664
2036-08-06 00:00:00+00:00,0.80750316,18.364738
2036-08-07 00:00:00+00:00,0.2688733,19.2864
2036-08-08 00:00:00+00:00,1.074343,14.084645
2036-08-09 00:00:00+00:00,1.6098288,18.987057
2036-08-10 00:00:00+00:00,1.3401515,18.990475
2036-08-11 00:00:00+00:00,4.2841916,22.057447
2036-08-12 00:00:00+00:00,21.26622,18.997366
2036-08-13 00:00:00+00:00,10.556103,14.40386
2036-08-14 00:00:00+00:00,8.944237,14.099982
2036-08-15 00:00:00+00:00,0.0,10.117068
2036-08-16 00:00:00+00:00,7.0624175,17.171535
2036-08-17 00:00:00+00:00,6.789913,14.107816
2036-08-18 00:00:00+00:00,0.13302043,11.96321
2036-08-19 00:00:00+00:00,0.13290767,14.726716
2036-08-20 00:00:00+00:00,0.13279723,15.036357
2036-08-21 00:00:00+00:00,11.145875,17.187666
2036-08-22 00:00:00+00:00,1.3258296,9.209432
2036-08-23 00:00:00+00:00,1.8547063,11.97455
2036-08-24 00:00:00+00:00,0.13237715,14.433641
2036-08-25 00:00:00+00:00,20.767527,11.979167
2036-08-26 00:00:00+00:00,0.66089636,18.43306
2036-08-27 00:00:00+00:00,0.0,17.207544
2036-08-28 00:00:00+00:00,0.0,8.605457
2036-08-29 00:00:00+00:00,0.13189638,12.603329
2036-08-30 00:00:00+00:00,0.0,17.832628
2036-08-31 00:00:00+00:00,12.908213,18.143692
2036-09-01 00:00:00+00:00,0.0,16.301826
2036-09-02 00:00:00+00:00,0.0,15.980596
2036-09-03 00:00:00+00:00,0.0,19.344576
2036-09-04 00:00:00+00:00,0.0,15.032917
2036-09-05 00:00:00+00:00,0.0,15.939646
2036-09-06 00:00:00+00:00,3.6908588,14.088373
2036-09-07 00:00:00+00:00,4.483145,14.99431
2036-09-08 00:00:00+00:00,56.189083,13.45272
2036-09-09 00:00:00+00:00,3.6943932,15.579521
2036-09-10 00:00:00+00:00,0.1319873,9.461757
2036-09-11 00:00:00+00:00,5.2813363,19.517124
2036-09-12 00:00:00+00:00,2.6416197,17.367449
2036-09-13 00:00:00+00:00,0.0,15.221453
2036-09-14 00:00:00+00:00,0.0,9.429146
2036-09-15 00:00:00+00:00,0.0,15.195142
2036-09-16 00:00:00+00:00,0.5291506,16.092903
2036-09-17 00:00:00+00:00,35.865173,13.045187
2036-09-18 00:00:00+00:00,3.1776474,13.640091
2036-09-19 00:00:00+00:00,0.0,11.811142
2036-09-20 00:00:00+00:00,0.0,16.944836
2036-09-21 00:00:00+00:00,26.783087,14.813822
2036-09-22 00:00:00+00:00,13.000371,19.331802
2036-09-23 00:00:00+00:00,5.4417977,21.729296
2036-09-24 00:00:00+00:00,0.0,9.347496
2036-09-25 00:00:00+00:00,0.0,8.435516
2036-09-26 00:00:00+00:00,0.0,12.642196
2036-09-27 00:00:00+00:00,0.0,12.931858
2036-09-28 00:00:00+00:00,15.9746,9.615264
2036-09-29 00:00:00+00:00,0.0,11.408098
2036-09-30 00:00:00+00:00,0.0,8.098626
2036-10-01 00:00:00+00:00,0.0,12.88646
2036-10-02 00:00:00+00:00,0.0,13.773367
2036-10-03 00:00:00+00:00,0.0,11.667119
2036-10-04 00:00:00+00:00,0.0,12.2546
2036-10-05 00:00:00+00:00,0.0,10.750623
2036-10-06 00:00:00+00:00,2.4114208,9.846016
2036-10-07 00:00:00+00:00,4.693468,13.712589
2036-10-08 00:00:00+00:00,0.0,6.5523777
2036-10-09 00:00:00+00:00,0.0,7.1417
2036-10-10 00:00:00+00:00,0.0,8.02727
2036-10-11 00:00:00+00:00,0.0,8.317167
2036-10-12 00:00:00+00:00,0.0,8.606536
2036-10-13 00:00:00+00:00,0.94543874,14.232593
2036-10-14 00:00:00+00:00,5.275153,11.553658
2036-10-15 00:00:00+00:00,0.0,6.215637
2036-10-16 00:00:00+00:00,0.0,8.280102
2036-10-17 00:00:00+00:00,0.0,7.3863235
2036-10-18 00:00:00+00:00,0.0,8.560452
2036-10-19 00:00:00+00:00,0.13648275,11.20707
2036-10-20 00:00:00+00:00,0.0,9.134392
2036-10-21 00:00:00+00:00,0.0,9.420566
2036-10-22 00:00:00+00:00,0.0,9.412078
2036-10-23 00:00:00+00:00,0.0,9.991314
2036-10-24 00:00:00+00:00,0.0,8.220711
2036-10-25 00:00:00+00:00,0.0,8.506612
2036-10-26 00:00:00+00:00,0.0,11.136508
2036-10-27 00:00:00+00:00,0.0,9.662417
2036-10-28 00:00:00+00:00,0.0,9.653652
2036-10-29 00:00:00+00:00,0.0,9.644888
2036-10-30 00:00:00+00:00,0.0,10.512132
2036-10-31 00:00:00+00:00,0.0,7.876924
2036-11-01 00:00:00+00:00,0.0,12.532506
2036-11-02 00:00:00+00:00,0.0,10.477483
2036-11-03 00:00:00+00:00,0.0,11.334643
2036-11-04 00:00:00+00:00,0.0,11.899245
2036-11-05 00:00:00+00:00,0.0,9.8539505
2036-11-06 00:00:00+00:00,0.0,11.866282
2036-11-07 00:00:00+00:00,0.0,10.404861
2036-11-08 00:00:00+00:00,0.0,11.256538
2036-11-09 00:00:00+00:00,0.0,9.51183
2036-11-10 00:00:00+00:00,0.0,10.074686
2036-11-11 00:00:00+00:00,0.0,10.6360855
2036-11-12 00:00:00+00:00,0.0,10.90897
2036-11-13 00:00:00+00:00,0.0,12.901378
2036-11-14 00:00:00+00:00,0.0,14.029633
2036-11-15 00:00:00+00:00,0.0,12.009625
2036-11-16 00:00:00+00:00,0.0,10.851678
2036-11-17 00:00:00+00:00,0.0,11.978407
2036-11-18 00:00:00+00:00,0.0,13.956786
2036-11-19 00:00:00+00:00,0.0,15.361226
2036-11-20 00:00:00+00:00,0.0,15.3416395
2036-11-21 00:00:00+00:00,0.0,15.605931
2036-11-22 00:00:00+00:00,0.0,13.035775
2036-11-23 00:00:00+00:00,0.0,12.7364
2036-11-24 00:00:00+00:00,0.0,13.851233
2036-11-25 00:00:00+00:00,0.0,15.245694
2036-11-26 00:00:00+00:00,0.0,15.508874
2036-11-27 00:00:00+00:00,0.0,15.771488
2036-11-28 00:00:00+00:00,0.0,14.62709
2036-11-29 00:00:00+00:00,0.0,13.766504
2036-11-30 00:00:00+00:00,0.0,14.311117
2036-12-01 00:00:00+00:00,0.0,14.293947
2036-12-02 00:00:00+00:00,0.0,12.037377
2036-12-03 00:00:00+00:00,0.7507278,11.463879
2036-12-04 00:00:00+00:00,0.0,11.17107
2036-12-05 00:00:00+00:00,0.0,8.926363
2036-12-06 00:00:00+00:00,0.0,8.08007
2036-12-07 00:00:00+00:00,0.0,11.688579
2036-12-08 00:00:00+00:00,0.0,11.953054
2036-12-09 00:00:00+00:00,0.0,13.049952
2036-12-10 00:00:00+00:00,0.0,10.538963
2036-12-11 00:00:00+00:00,0.0,18.006678
2036-12-12 00:00:00+00:00,0.0,17.709602
2036-12-13 00:00:00+00:00,0.0,13.267259
2036-12-14 00:00:00+00:00,0.0,13.528501
2036-12-15 00:00:00+00:00,0.0,19.304914
2036-12-16 00:00:00+00:00,0.0,19.00805
2036-12-17 00:00:00+00:00,0.0,17.886412
2036-12-18 00:00:00+00:00,0.0,15.94269
2036-12-19 00:00:00+00:00,0.0,15.925305
2036-12-20 00:00:00+00:00,0.0,14.810927
2036-12-21 00:00:00+00:00,0.0,13.151061
2036-12-22 00:00:00+00:00,0.0,13.958
2036-12-23 00:00:00+00:00,0.0,14.48988
2036-12-24 00:00:00+00:00,0.0,14.474482
2036-12-25 00:00:00+00:00,0.0,16.368881
2036-12-26 00:00:00+00:00,0.0,16.89672
2036-12-27 00:00:00+00:00,0.0,15.517826
2036-12-28 00:00:00+00:00,0.0,15.773627
2036-12-29 00:00:00+00:00,0.0,16.028961
2036-12-30 00:00:00+00:00,0.0,16.283836
2036-12-31 00:00:00+00:00,0.0,15.724901
2037-01-01 00:00:00+00:00,0.0,17.073086
2037-01-02 00:00:00+00:00,0.0,17.367168
2037-01-03 00:00:00+00:00,0.0,15.216481
2037-01-04 00:00:00+00:00,0.0,14.692538
2037-01-05 00:00:00+00:00,0.0,15.256944
2037-01-06 00:00:00+00:00,0.0,16.095623
2037-01-07 00:00:00+00:00,0.0,16.39015
2037-01-08 00:00:00+00:00,0.0,14.223635
2037-01-09 00:00:00+00:00,0.0,13.146913
2037-01-10 00:00:00+00:00,0.0,12.890071
2037-01-11 00:00:00+00:00,0.0,12.083277
2037-01-12 00:00:00+00:00,0.0,11.549297
2037-01-13 00:00:00+00:00,0.0,12.941307
2037-01-14 00:00:00+00:00,0.0,13.785545
2037-01-15 00:00:00+00:00,0.0,12.97553
2037-01-16 00:00:00+00:00,0.0,12.163343
2037-01-17 00:00:00+00:00,0.0,15.501048
2037-01-18 00:00:00+00:00,0.0,16.07583
2037-01-19 00:00:00+00:00,0.0,13.599206
2037-01-20 00:00:00+00:00,0.0,11.116017
2037-01-21 00:00:00+00:00,0.0,11.130653
2037-01-22 00:00:00+00:00,0.0,15.603421
2037-01-23 00:00:00+00:00,0.0,14.507949
2037-01-24 00:00:00+00:00,0.0,18.158775
2037-01-25 00:00:00+00:00,0.0,18.742098
2037-01-26 00:00:00+00:00,0.0,16.245811
2037-01-27 00:00:00+00:00,0.0,15.145259
2037-01-28 00:00:00+00:00,0.0,16.28847
2037-01-29 00:00:00+00:00,0.0,17.434637
2037-01-30 00:00:00+00:00,0.0,17.45748
2037-01-31 00:00:00+00:00,0.0,14.378993
2037-02-01 00:00:00+00:00,0.0,14.115503
2037-02-02 00:00:00+00:00,0.0,16.960764
2037-02-03 00:00:00+00:00,0.0,17.549036
2037-02-04 00:00:00+00:00,0.0,17.288553
2037-02-05 00:00:00+00:00,0.0,17.31113
2037-02-06 00:00:00+00:00,0.0,18.186209
2037-02-07 00:00:00+00:00,0.0,18.20994
2037-02-08 00:00:00+00:00,0.0,17.09408
2037-02-09 00:00:00+00:00,0.0,15.689997
2037-02-10 00:00:00+00:00,0.0,15.710437
2037-02-11 00:00:00+00:00,0.0,15.158859
2037-02-12 00:00:00+00:00,0.0,14.605808
2037-02-13 00:00:00+00:00,0.0,14.338043
2037-02-14 00:00:00+00:00,0.0,13.782415
2037-02-15 00:00:00+00:00,0.0,14.08783
2037-02-16 00:00:00+00:00,0.0,14.394005
2037-02-17 00:00:00+00:00,0.0,15.853954
2037-02-18 00:00:00+00:00,0.0,10.679224
2037-02-19 00:00:00+00:00,0.0,10.404069
2037-02-20 00:00:00+00:00,0.0,17.651962
2037-02-21 00:00:00+00:00,0.0,13.328558
2037-02-22 00:00:00+00:00,0.0,15.666824
2037-02-23 00:00:00+00:00,0.0,16.5586
2037-02-24 00:00:00+00:00,0.0,16.580015
2037-02-25 00:00:00+00:00,0.0,14.562673
2037-02-26 00:00:00+00:00,0.0,17.789413
2037-02-27 00:00:00+00:00,0.0,19.272417
2037-02-28 00:00:00+00:00,0.0,18.712526
2037-03-01 00:00:00+00:00,0.0,14.930777
2037-03-02 00:00:00+00:00,0.0,12.604929
2037-03-03 00:00:00+00:00,0.0,13.799038
2037-03-04 00:00:00+00:00,0.0,10.296704
2037-03-05 00:00:00+00:00,0.0,15.328993
2037-03-06 00:00:00+00:00,0.0,17.132444
2037-03-07 00:00:00+00:00,0.0,15.9833145
2037-03-08 00:00:00+00:00,0.0,17.202194
2037-03-09 00:00:00+00:00,0.0,14.562488
2037-03-10 00:00:00+00:00,0.0,12.805378
2037-03-11 00:00:00+00:00,0.0,13.428323
2037-03-12 00:00:00+00:00,0.0,13.156739
2037-03-13 00:00:00+00:00,0.0,14.382154
2037-03-14 00:00:00+00:00,0.0,14.711835
2037-03-15 00:00:00+00:00,0.0,14.140265
2037-03-16 00:00:00+00:00,0.0,12.058952
2037-03-17 00:00:00+00:00,0.0,11.479525
2037-03-18 00:00:00+00:00,0.0,21.492666
2037-03-19 00:00:00+00:00,0.0,25.480255
2037-03-20 00:00:00+00:00,0.0,17.021822
2037-03-21 00:00:00+00:00,0.0,16.447739
2037-03-22 00:00:00+00:00,0.0,14.345167
2037-03-23 00:00:00+00:00,0.0,17.739119
2037-03-24 00:00:00+00:00,0.0,26.6637
2037-03-25 00:00:00+00:00,0.0,24.876219
2037-03-26 00:00:00+00:00,0.0,19.388264
2037-03-27 00:00:00+00:00,0.0,15.419432
2037-03-28 00:00:00+00:00,0.0,10.197958
2037-03-29 00:00:00+00:00,0.0,16.412586
2037-03-30 00:00:00+00:00,0.0,18.929268
2037-03-31 00:00:00+00:00,0.0,12.7494545
2037-04-01 00:00:00+00:00,0.0,14.645707
2037-04-02 00:00:00+00:00,0.0,11.865931
2037-04-03 00:00:00+00:00,0.0,11.890727
2037-04-04 00:00:00+00:00,0.0,14.110583
2037-04-05 00:00:00+00:00,0.0,15.397037
2037-04-06 00:00:00+00:00,0.0,14.484665
2037-04-07 00:00:00+00:00,0.0,14.83061
2037-04-08 00:00:00+00:00,0.0,13.596938
2037-04-09 00:00:00+00:00,0.0,16.477392
2037-04-10 00:00:00+00:00,0.0,22.22781
2037-04-11 00:00:00+00:00,0.0,16.865107
2037-04-12 00:00:00+00:00,0.0,12.75524
2037-04-13 00:00:00+00:00,0.0,16.936398
2037-04-14 00:00:00+00:00,0.0,15.371062
2037-04-15 00:00:00+00:00,0.0,14.440879
2037-04-16 00:00:00+00:00,0.0,16.07943
2037-04-17 00:00:00+00:00,0.0,16.113546
2037-04-18 00:00:00+00:00,0.0,18.408463
2037-04-19 00:00:00+00:00,0.0,21.360392
2037-04-20 00:00:00+00:00,0.0,20.108538
2037-04-21 00:00:00+00:00,0.0,18.52628
2037-04-22 00:00:00+00:00,0.0,14.657217
2037-04-23 00:00:00+00:00,0.0,17.29982
2037-04-24 00:00:00+00:00,0.0,13.411499
2037-04-25 00:00:00+00:00,0.0,14.423639
2037-04-26 00:00:00+00:00,0.0,11.826452
2037-04-27 00:00:00+00:00,0.0,17.119308
2037-04-28 00:00:00+00:00,0.0,20.785255
2037-04-29 00:00:00+00:00,0.0,15.20917
2037-04-30 00:00:00+00:00,0.0,14.247879
2037-05-01 00:00:00+00:00,0.0,18.263313
2037-05-02 00:00:00+00:00,0.0,16.306067
2037-05-03 00:00:00+00:00,0.0,16.311295
2037-05-04 00:00:00+00:00,0.0,15.289453
2037-05-05 00:00:00+00:00,0.0,17.58945
2037-05-06 00:00:00+00:00,0.0,15.574601
2037-05-07 00:00:00+00:00,0.0,14.227572
2037-05-08 00:00:00+00:00,0.0,13.875712
2037-05-09 00:00:00+00:00,0.0,16.823652
2037-05-10 00:00:00+00:00,0.0,16.468904
2037-05-11 00:00:00+00:00,0.0,16.772968
2037-05-12 00:00:00+00:00,0.0,18.061253
2037-05-13 00:00:00+00:00,0.0,15.410934
2037-05-14 00:00:00+00:00,0.0,15.715161
2037-05-15 00:00:00+00:00,0.0,16.99917
2037-05-16 00:00:00+00:00,0.0,15.994395
2037-05-17 00:00:00+00:00,0.0,15.644467
2037-05-18 00:00:00+00:00,0.0,18.54994
2037-05-19 00:00:00+00:00,0.0,18.197191
2037-05-20 00:00:00+00:00,0.0,18.818867
2037-05-21 00:00:00+00:00,0.0,14.255014
2037-05-22 00:00:00+00:00,0.0,12.939724
2037-05-23 00:00:00+00:00,0.0,12.597375
2037-05-24 00:00:00+00:00,0.0,12.256031
2037-05-25 00:00:00+00:00,0.0,13.525922
2037-05-26 00:00:00+00:00,0.29429516,12.219485
2037-05-27 00:00:00+00:00,0.0,18.944082
2037-05-28 00:00:00+00:00,0.0,12.824315
2037-05-29 00:00:00+00:00,0.0,10.56431
2037-05-30 00:00:00+00:00,0.0,15.343412
2037-05-31 00:00:00+00:00,0.0,15.001426
2037-06-01 00:00:00+00:00,0.0,16.572664
2037-06-02 00:00:00+00:00,0.0,12.411049
2037-06-03 00:00:00+00:00,0.0,13.981434
2037-06-04 00:00:00+00:00,0.0,13.960707
2037-06-05 00:00:00+00:00,0.0,19.642756
2037-06-06 00:00:00+00:00,0.0,17.399225
2037-06-07 00:00:00+00:00,0.0,19.584654
2037-06-08 00:00:00+00:00,0.0,16.086138
2037-06-09 00:00:00+00:00,8.118461,12.282985
2037-06-10 00:00:00+00:00,6.809102,9.120016
2037-06-11 00:00:00+00:00,0.0,11.6187105
2037-06-12 00:00:00+00:00,0.0,9.093127
2037-06-13 00:00:00+00:00,0.0,15.028508
2037-06-14 00:00:00+00:00,2.0233698,12.505314
2037-06-15 00:00:00+00:00,0.0,11.238215
2037-06-16 00:00:00+00:00,0.0,14.962249
2037-06-17 00:00:00+00:00,0.0,18.052807
2037-06-18 00:00:00+00:00,0.0,17.093891
2037-06-19 00:00:00+00:00,0.0,19.55153
2037-06-20 00:00:00+00:00,0.0,17.35364
2037-06-21 00:00:00+00:00,0.0,16.090467
2037-06-22 00:00:00+00:00,0.0,21.010553
2037-06-23 00:00:00+00:00,1.5832636,17.894522
2037-06-24 00:00:00+00:00,0.8632753,12.0149145
2037-06-25 00:00:00+00:00,7.7666726,14.765963
2037-06-26 00:00:00+00:00,0.0,14.437205
2037-06-27 00:00:00+00:00,0.0,13.189217
2037-06-28 00:00:00+00:00,3.3046887,14.701355
2037-06-29 00:00:00+00:00,1.005459,22.937357
2037-06-30 00:00:00+00:00,0.0,12.215425
2037-07-01 00:00:00+00:00,0.0,17.076677
2037-07-02 00:00:00+00:00,2.583184,19.48779
2037-07-03 00:00:00+00:00,5.7289915,21.609518
2037-07-04 00:00:00+00:00,5.712241,21.004013
2037-07-05 00:00:00+00:00,0.0,10.655847
2037-07-06 00:00:00+00:00,0.0,11.57099
2037-07-07 00:00:00+00:00,0.0,14.009157
2037-07-08 00:00:00+00:00,0.0,15.229714
2037-07-09 00:00:00+00:00,6.4831953,22.543499
2037-07-10 00:00:00+00:00,7.873899,23.461105
2037-07-11 00:00:00+00:00,0.28056663,11.8847685
2037-07-12 00:00:00+00:00,0.0,11.277081
2037-07-13 00:00:00+00:00,0.0,13.717547
2037-07-14 00:00:00+00:00,0.0,20.427162
2037-07-15 00:00:00+00:00,3.7557015,13.417003
2037-07-16 00:00:00+00:00,1.1106236,18.29886
2037-07-17 00:00:00+00:00,0.0,20.437029
2037-07-18 00:00:00+00:00,0.0,16.47431
2037-07-19 00:00:00+00:00,8.00757,17.69752
2037-07-20 00:00:00+00:00,9.785325,20.447033
2037-07-21 00:00:00+00:00,0.0,16.482412
2037-07-22 00:00:00+00:00,0.0,15.874573
2037-07-23 00:00:00+00:00,5.4857116,14.3505535
2037-07-24 00:00:00+00:00,6.709541,11.909893
2037-07-25 00:00:00+00:00,0.0,14.966216
2037-07-26 00:00:00+00:00,0.4095611,14.968731
2037-07-27 00:00:00+00:00,3.2717803,16.193407
2037-07-28 00:00:00+00:00,37.708916,8.250871
2037-07-29 00:00:00+00:00,10.467952,14.670716
2037-07-30 00:00:00+00:00,9.0963545,14.367535
2037-07-31 00:00:00+00:00,0.0,14.67575
2037-08-01 00:00:00+00:00,0.81251043,8.562332
2037-08-02 00:00:00+00:00,0.13525093,17.739338
2037-08-03 00:00:00+00:00,2.0263143,10.706637
2037-08-04 00:00:00+00:00,26.850739,14.074047
2037-08-05 00:00:00+00:00,0.40431878,11.628431
2037-08-06 00:00:00+00:00,0.1346212,12.854745
2037-08-07 00:00:00+00:00,0.13447313,15.612105
2037-08-08 00:00:00+00:00,5.2388115,11.940797
2037-08-09 00:00:00+00:00,9.393105,18.067518
2037-08-10 00:00:00+00:00,0.0,9.801095
2037-08-11 00:00:00+00:00,6.02614,16.235996
2037-08-12 00:00:00+00:00,0.0,10.723832
2037-08-13 00:00:00+00:00,0.4009601,11.951593
2037-08-14 00:00:00+00:00,0.8011631,13.48632
2037-08-15 00:00:00+00:00,0.6670187,16.55444
2037-08-16 00:00:00+00:00,0.13328297,18.090603
2037-08-17 00:00:00+00:00,0.0,13.800481
2037-08-18 00:00:00+00:00,0.0,14.416526
2037-08-19 00:00:00+00:00,0.0,15.032816
2037-08-20 00:00:00+00:00,0.0,14.421945
2037-08-21 00:00:00+00:00,0.5308634,19.028297
2037-08-22 00:00:00+00:00,0.0,13.199556
2037-08-23 00:00:00+00:00,0.0,16.272327
2037-08-24 00:00:00+00:00,0.0,18.42504
2037-08-25 00:00:00+00:00,12.9656,20.271454
2037-08-26 00:00:00+00:00,2.5118678,23.34741
2037-08-27 00:00:00+00:00,2.3779263,10.446927
2037-08-28 00:00:00+00:00,19.537819,14.444166
2037-08-29 00:00:00+00:00,1.3191934,14.447005
2037-08-30 00:00:00+00:00,2.1092498,15.372191
2037-08-31 00:00:00+00:00,6.455189,15.067739
2037-09-01 00:00:00+00:00,0.39495203,15.37831
2037-09-02 00:00:00+00:00,0.0,13.524931
2037-09-03 00:00:00+00:00,0.0,14.127628
2037-09-04 00:00:00+00:00,0.0,12.274394
2037-09-05 00:00:00+00:00,0.131767,15.329865
2037-09-06 00:00:00+00:00,23.988758,13.172392
2037-09-07 00:00:00+00:00,19.381493,13.77324
2037-09-08 00:00:00+00:00,16.35419,9.174279
2037-09-09 00:00:00+00:00,1.0554532,12.8329525
2037-09-10 00:00:00+00:00,25.867296,17.095886
2037-09-11 00:00:00+00:00,0.6601087,13.420915
2037-09-12 00:00:00+00:00,73.034134,14.933133
2037-09-13 00:00:00+00:00,40.03166,13.093278
2037-09-14 00:00:00+00:00,3.172033,18.86237
2037-09-15 00:00:00+00:00,0.26444015,10.334935
2037-09-16 00:00:00+00:00,3.1745737,5.162993
2037-09-17 00:00:00+00:00,0.9263071,7.889498
2037-09-18 00:00:00+00:00,0.52954894,6.9731154
2037-09-19 00:00:00+00:00,4.37075,10.299132
2037-09-20 00:00:00+00:00,9.40813,16.645872
2037-09-21 00:00:00+00:00,0.26514623,10.885996
2037-09-22 00:00:00+00:00,0.0,7.855257
2037-09-23 00:00:00+00:00,0.66354513,10.565159
2037-09-24 00:00:00+00:00,1.1950291,8.143148
2037-09-25 00:00:00+00:00,10.362762,6.9306912
2037-09-26 00:00:00+00:00,1.5952071,8.128907
2037-09-27 00:00:00+00:00,0.0,10.52824
2037-09-28 00:00:00+00:00,0.0,10.81955
2037-09-29 00:00:00+00:00,0.0,11.110328
2037-09-30 00:00:00+00:00,0.0,10.200516
2037-10-01 00:00:00+00:00,0.0,8.692782
2037-10-02 00:00:00+00:00,0.0,7.4871774
2037-10-03 00:00:00+00:00,3.2060359,10.772025
2037-10-04 00:00:00+00:00,0.66848063,12.556267
2037-10-05 00:00:00+00:00,0.0,10.753001
2037-10-06 00:00:00+00:00,2.009041,11.937207
2037-10-07 00:00:00+00:00,3.8879035,7.7523117
2037-10-08 00:00:00+00:00,4.6970787,7.1496344
2037-10-09 00:00:00+00:00,7.7921014,6.5480137
2037-10-10 00:00:00+00:00,0.0,5.055331
2037-10-11 00:00:00+00:00,0.0,9.80456
2037-10-12 00:00:00+00:00,0.0,10.389514
2037-10-13 00:00:00+00:00,0.40504566,13.049455
2037-10-14 00:00:00+00:00,1.2168874,9.778355
2037-10-15 00:00:00+00:00,0.0,11.249861
2037-10-16 00:00:00+00:00,0.0,9.465092
2037-10-17 00:00:00+00:00,0.0,11.5252495
2037-10-18 00:00:00+00:00,0.0,10.038643
2037-10-19 00:00:00+00:00,0.0,9.734644
2037-10-20 00:00:00+00:00,0.0,8.8417225
2037-10-21 00:00:00+00:00,0.0,12.072817
2037-10-22 00:00:00+00:00,0.0,10.296781
2037-10-23 00:00:00+00:00,0.0,10.581426
2037-10-24 00:00:00+00:00,0.0,12.04019
2037-10-25 00:00:00+00:00,0.0,10.268923
2037-10-26 00:00:00+00:00,0.0,11.13903
2037-10-27 00:00:00+00:00,0.0,8.493139
2037-10-28 00:00:00+00:00,0.0,9.363243
2037-10-29 00:00:00+00:00,0.0,12.2781
2037-10-30 00:00:00+00:00,0.0,11.682803
2037-10-31 00:00:00+00:00,0.0,13.131195
2037-11-01 00:00:00+00:00,0.0,13.410775
2037-11-02 00:00:00+00:00,0.0,8.443177
2037-11-03 00:00:00+00:00,0.0,8.14055
2037-11-04 00:00:00+00:00,0.0,11.903398
2037-11-05 00:00:00+00:00,0.0,11.306984
2037-11-06 00:00:00+00:00,0.0,9.264686
2037-11-07 00:00:00+00:00,0.0,12.721416
2037-11-08 00:00:00+00:00,0.0,11.8378315
2037-11-09 00:00:00+00:00,0.0,12.398406
2037-11-10 00:00:00+00:00,0.0,13.533423
2037-11-11 00:00:00+00:00,0.0,17.253487
2037-11-12 00:00:00+00:00,0.0,15.220213
2037-11-13 00:00:00+00:00,0.0,16.347157
2037-11-14 00:00:00+00:00,0.0,18.903282
2037-11-15 00:00:00+00:00,0.0,19.450525
2037-11-16 00:00:00+00:00,0.0,16.568485
2037-11-17 00:00:00+00:00,0.0,14.549918
2037-11-18 00:00:00+00:00,0.0,15.955748
2037-11-19 00:00:00+00:00,0.0,15.93526
2037-11-20 00:00:00+00:00,0.0,15.630717
2037-11-21 00:00:00+00:00,0.0,15.894703
2037-11-22 00:00:00+00:00,0.0,13.890306
2037-11-23 00:00:00+00:00,0.0,10.758549
2037-11-24 00:00:00+00:00,0.0,11.876178
2037-11-25 00:00:00+00:00,0.0,14.403169
2037-11-26 00:00:00+00:00,0.0,15.513648
2037-11-27 00:00:00+00:00,0.0,14.931158
2037-11-28 00:00:00+00:00,0.0,9.004027
2037-11-29 00:00:00+00:00,0.0,10.6792965
2037-11-30 00:00:00+00:00,0.0,14.315427
2037-12-01 00:00:00+00:00,0.0,17.38216
2037-12-02 00:00:00+00:00,0.0,16.521324
2037-12-03 00:00:00+00:00,0.0,14.823552
2037-12-04 00:00:00+00:00,0.0,13.409235
2037-12-05 00:00:00+00:00,0.0,15.067653
2037-12-06 00:00:00+00:00,0.0,15.0500345
2037-12-07 00:00:00+00:00,0.0,15.589291
2037-12-08 00:00:00+00:00,0.0,16.127375
2037-12-09 00:00:00+00:00,0.0,12.775958
2037-12-10 00:00:00+00:00,0.0,11.651653
2037-12-11 00:00:00+00:00,0.0,11.084179
2037-12-12 00:00:00+00:00,0.0,10.241253
2037-12-13 00:00:00+00:00,0.0,10.229717
2037-12-14 00:00:00+00:00,0.0,12.7037735
2037-12-15 00:00:00+00:00,0.0,12.689612
2037-12-16 00:00:00+00:00,0.0,14.053316
2037-12-17 00:00:00+00:00,0.0,15.964571
2037-12-18 00:00:00+00:00,0.0,13.472509
2037-12-19 00:00:00+00:00,0.0,13.457801
2037-12-20 00:00:00+00:00,0.0,12.894482
2037-12-21 00:00:00+00:00,0.0,12.058387
2037-12-22 00:00:00+00:00,0.0,10.950385
2037-12-23 00:00:00+00:00,0.0,10.118275
2037-12-24 00:00:00+00:00,0.0,12.566092
2037-12-25 00:00:00+00:00,0.0,18.5563
2037-12-26 00:00:00+00:00,0.0,18.809353
2037-12-27 00:00:00+00:00,0.0,16.338821
2037-12-28 00:00:00+00:00,0.0,14.145548
2037-12-29 00:00:00+00:00,0.0,13.315632
2037-12-30 00:00:00+00:00,0.0,14.659225
2037-12-31 00:00:00+00:00,0.0,17.898432
2038-01-01 00:00:00+00:00,0.0,17.609234
2038-01-02 00:00:00+00:00,0.0,16.547579
2038-01-03 00:00:00+00:00,0.0,16.56959
2038-01-04 00:00:00+00:00,0.0,16.04763
2038-01-05 00:00:00+00:00,0.0,16.341305
2038-01-06 00:00:00+00:00,0.0,15.544852
2038-01-07 00:00:00+00:00,0.0,15.292403
2038-01-08 00:00:00+00:00,0.0,16.953333
2038-01-09 00:00:00+00:00,0.0,16.4282
2038-01-10 00:00:00+00:00,0.0,16.72413
2038-01-11 00:00:00+00:00,0.0,17.020803
2038-01-12 00:00:00+00:00,0.0,17.318224
2038-01-13 00:00:00+00:00,0.0,16.240107
2038-01-14 00:00:00+00:00,0.0,14.332232
2038-01-15 00:00:00+00:00,0.0,13.247236
2038-01-16 00:00:00+00:00,0.0,13.541076
2038-01-17 00:00:00+00:00,0.0,13.835659
2038-01-18 00:00:00+00:00,0.0,14.962223
2038-01-19 00:00:00+00:00,0.0,14.704503
2038-01-20 00:00:00+00:00,0.0,14.723877
2038-01-21 00:00:00+00:00,0.0,14.743267
2038-01-22 00:00:00+00:00,0.0,15.876833
2038-01-23 00:00:00+00:00,0.0,17.571167
2038-01-24 00:00:00+00:00,0.0,15.639348
2038-01-25 00:00:00+00:00,0.0,16.778461
2038-01-26 00:00:00+00:00,0.0,15.120447
2038-01-27 00:00:00+00:00,0.0,12.616914
2038-01-28 00:00:00+00:00,0.0,12.633464
2038-01-29 00:00:00+00:00,0.0,12.650029
2038-01-30 00:00:00+00:00,0.0,13.511047
2038-01-31 00:00:00+00:00,0.0,13.246894
2038-02-01 00:00:00+00:00,0.0,12.4175825
2038-02-02 00:00:00+00:00,0.0,12.433829
2038-02-03 00:00:00+00:00,0.0,13.016003
2038-02-04 00:00:00+00:00,0.0,13.882995
2038-02-05 00:00:00+00:00,0.0,13.901129
2038-02-06 00:00:00+00:00,0.0,15.055547
2038-02-07 00:00:00+00:00,0.0,13.368565
2038-02-08 00:00:00+00:00,0.0,11.961958
2038-02-09 00:00:00+00:00,0.0,13.118271
2038-02-10 00:00:00+00:00,0.0,13.135361
2038-02-11 00:00:00+00:00,0.0,10.007312
2038-02-12 00:00:00+00:00,0.0,11.451813
2038-02-13 00:00:00+00:00,0.0,14.046719
2038-02-14 00:00:00+00:00,0.0,15.213144
2038-02-15 00:00:00+00:00,0.0,15.520324
2038-02-16 00:00:00+00:00,0.0,12.950402
2038-02-17 00:00:00+00:00,0.0,11.526411
2038-02-18 00:00:00+00:00,0.0,15.292311
2038-02-19 00:00:00+00:00,0.0,14.734325
2038-02-20 00:00:00+00:00,0.0,13.5962925
2038-02-21 00:00:00+00:00,0.0,14.193219
2038-02-22 00:00:00+00:00,0.0,13.051465
2038-02-23 00:00:00+00:00,0.0,17.134064
2038-02-24 00:00:00+00:00,0.0,16.283876
2038-02-25 00:00:00+00:00,0.0,16.30493
2038-02-26 00:00:00+00:00,0.0,16.61753
2038-02-27 00:00:00+00:00,0.0,16.63899
2038-02-28 00:00:00+00:00,0.0,13.445293
2038-03-01 00:00:00+00:00,0.0,15.511301
2038-03-02 00:00:00+00:00,0.0,18.168694
2038-03-03 00:00:00+00:00,0.0,16.433092
2038-03-04 00:00:00+00:00,0.0,16.172344
2038-03-05 00:00:00+00:00,0.0,16.205145
2038-03-06 00:00:00+00:00,0.0,22.438019
2038-03-07 00:00:00+00:00,0.0,19.229408
2038-03-08 00:00:00+00:00,0.0,16.60057
2038-03-09 00:00:00+00:00,0.0,13.960994
2038-03-10 00:00:00+00:00,0.0,11.012969
2038-03-11 00:00:00+00:00,0.0,15.211009
2038-03-12 00:00:00+00:00,0.0,14.94321
2038-03-13 00:00:00+00:00,0.0,18.567461
2038-03-14 00:00:00+00:00,0.0,15.304488
2038-03-15 00:00:00+00:00,0.0,10.825297
2038-03-16 00:00:00+00:00,0.0,15.367286
2038-03-17 00:00:00+00:00,0.0,14.493016
2038-03-18 00:00:00+00:00,0.0,16.338142
2038-03-19 00:00:00+00:00,0.0,14.249485
2038-03-20 00:00:00+00:00,0.0,11.240775
2038-03-21 00:00:00+00:00,0.0,11.568374
2038-03-22 00:00:00+00:00,0.0,10.677065
2038-03-23 00:00:00+00:00,0.0,15.895827
2038-03-24 00:00:00+00:00,0.0,15.622373
2038-03-25 00:00:00+00:00,0.0,17.189478
2038-03-26 00:00:00+00:00,0.0,13.84159
2038-03-27 00:00:00+00:00,0.0,15.719672
2038-03-28 00:00:00+00:00,0.0,20.076468
2038-03-29 00:00:00+00:00,0.0,19.808681
2038-03-30 00:00:00+00:00,0.0,13.026492
2038-03-31 00:00:00+00:00,0.0,16.472425
2038-04-01 00:00:00+00:00,0.0,11.523594
2038-04-02 00:00:00+00:00,0.0,15.917021
2038-04-03 00:00:00+00:00,0.0,14.073774
2038-04-04 00:00:00+00:00,0.0,15.670234
2038-04-05 00:00:00+00:00,0.0,13.190556
2038-04-06 00:00:00+00:00,0.0,14.791798
2038-04-07 00:00:00+00:00,0.0,16.399734
2038-04-08 00:00:00+00:00,0.0,16.118137
2038-04-09 00:00:00+00:00,0.0,20.902628
2038-04-10 00:00:00+00:00,0.0,18.407646
2038-04-11 00:00:00+00:00,0.0,16.538183
2038-04-12 00:00:00+00:00,0.0,21.991196
2038-04-13 00:00:00+00:00,0.0,20.760094
2038-04-14 00:00:00+00:00,0.0,22.084232
2038-04-15 00:00:00+00:00,0.0,23.413927
2038-04-16 00:00:00+00:00,0.0,18.320847
2038-04-17 00:00:00+00:00,0.0,19.97021
2038-04-18 00:00:00+00:00,0.0,22.272108
2038-04-19 00:00:00+00:00,0.0,15.850049
2038-04-20 00:00:00+00:00,0.0,15.8837805
2038-04-21 00:00:00+00:00,0.0,17.217022
2038-04-22 00:00:00+00:00,0.0,19.532541
2038-04-23 00:00:00+00:00,0.0,13.049501
2038-04-24 00:00:00+00:00,0.0,11.442725
2038-04-25 00:00:00+00:00,0.0,13.760658
2038-04-26 00:00:00+00:00,0.6509136,16.416836
2038-04-27 00:00:00+00:00,0.0,17.768215
2038-04-28 00:00:00+00:00,0.0,10.881672
2038-04-29 00:00:00+00:00,0.0,13.879176
2038-04-30 00:00:00+00:00,0.0,11.590875
2038-05-01 00:00:00+00:00,0.0,14.602785
2038-05-02 00:00:00+00:00,0.0,17.295067
2038-05-03 00:00:00+00:00,0.0,17.316504
2038-05-04 00:00:00+00:00,0.0,19.285309
2038-05-05 00:00:00+00:00,0.0,16.932104
2038-05-06 00:00:00+00:00,0.0,15.911995
2038-05-07 00:00:00+00:00,0.0,13.90195
2038-05-08 00:00:00+00:00,0.0,13.880953
2038-05-09 00:00:00+00:00,0.0,15.510003
2038-05-10 00:00:00+00:00,0.0,19.440638
2038-05-11 00:00:00+00:00,0.0,14.147246
2038-05-12 00:00:00+00:00,0.0,14.454449
2038-05-13 00:00:00+00:00,0.0,13.448645
2038-05-14 00:00:00+00:00,0.0,15.39355
2038-05-15 00:00:00+00:00,3.7991133,15.043383
2038-05-16 00:00:00+00:00,0.45375302,12.081938
2038-05-17 00:00:00+00:00,0.0,18.258732
2038-05-18 00:00:00+00:00,0.0,15.952426
2038-05-19 00:00:00+00:00,0.0,9.752152
2038-05-20 00:00:00+00:00,0.0,15.255485
2038-05-21 00:00:00+00:00,0.0,12.963956
2038-05-22 00:00:00+00:00,0.0,13.915408
2038-05-23 00:00:00+00:00,0.0,17.125912
2038-05-24 00:00:00+00:00,0.0,15.16444
2038-05-25 00:00:00+00:00,0.0,13.208806
2038-05-26 00:00:00+00:00,0.0,15.119214
2038-05-27 00:00:00+00:00,0.0,19.914762
2038-05-28 00:00:00+00:00,0.0,18.922913
2038-05-29 00:00:00+00:00,0.0,16.65299
2038-05-30 00:00:00+00:00,0.0,15.668899
2038-05-31 00:00:00+00:00,0.0,14.368406
2038-06-01 00:00:00+00:00,0.0,14.028236
2038-06-02 00:00:00+00:00,0.0,14.962459
2038-06-03 00:00:00+00:00,0.0,16.21177
2038-06-04 00:00:00+00:00,0.0,15.23551
2038-06-05 00:00:00+00:00,0.0,18.382294
2038-06-06 00:00:00+00:00,0.0,17.089205
2038-06-07 00:00:00+00:00,0.0,15.483923
2038-06-08 00:00:00+00:00,0.0,14.198901
2038-06-09 00:00:00+00:00,0.0,13.547785
2038-06-10 00:00:00+00:00,0.0,17.617569
2038-06-11 00:00:00+00:00,0.0,17.27743
2038-06-12 00:00:00+00:00,0.0,18.506636
2038-06-13 00:00:00+00:00,0.0,16.28689
2038-06-14 00:00:00+00:00,0.0,14.386409
2038-06-15 00:00:00+00:00,0.0,18.737257
2038-06-16 00:00:00+00:00,0.0,15.903238
2038-06-17 00:00:00+00:00,0.0,17.436703
2038-06-18 00:00:00+00:00,0.0,18.03291
2038-06-19 00:00:00+00:00,0.0,13.349598
2038-06-20 00:00:00+00:00,0.0,16.43001
2038-06-21 00:00:00+00:00,0.0,17.025007
2038-06-22 00:00:00+00:00,0.0,16.072783
2038-06-23 00:00:00+00:00,0.0,17.59244
2038-06-24 00:00:00+00:00,0.0,15.409373
2038-06-25 00:00:00+00:00,0.0,16.00231
2038-06-26 00:00:00+00:00,0.14378956,16.593494
2038-06-27 00:00:00+00:00,0.28748152,12.273521
2038-06-28 00:00:00+00:00,0.0,12.255604
2038-06-29 00:00:00+00:00,0.0,16.520926
2038-06-30 00:00:00+00:00,0.0,14.969349
2038-07-01 00:00:00+00:00,0.0,18.913212
2038-07-02 00:00:00+00:00,0.0,18.885672
2038-07-03 00:00:00+00:00,0.0,19.173912
2038-07-04 00:00:00+00:00,0.0,16.741688
2038-07-05 00:00:00+00:00,0.0,14.917612
2038-07-06 00:00:00+00:00,0.0,16.137863
2038-07-07 00:00:00+00:00,0.0,15.835823
2038-07-08 00:00:00+00:00,0.0,16.447449
2038-07-09 00:00:00+00:00,0.0,19.191689
2038-07-10 00:00:00+00:00,0.0,22.241474
2038-07-11 00:00:00+00:00,0.0,21.02607
2038-07-12 00:00:00+00:00,0.8402943,23.16281
2038-07-13 00:00:00+00:00,0.4192378,16.460402
2038-07-14 00:00:00+00:00,0.0,18.29225
2038-07-15 00:00:00+00:00,0.0,17.38042
2038-07-16 00:00:00+00:00,2.9167984,11.893779
2038-07-17 00:00:00+00:00,3.7429967,21.35126
2038-07-18 00:00:00+00:00,0.0,12.507765
2038-07-19 00:00:00+00:00,0.0,15.866091
2038-07-20 00:00:00+00:00,0.0,20.14103
2038-07-21 00:00:00+00:00,0.0,18.61825
2038-07-22 00:00:00+00:00,0.0,18.926592
2038-07-23 00:00:00+00:00,0.0,20.456322
2038-07-24 00:00:00+00:00,6.0272164,15.268454
2038-07-25 00:00:00+00:00,2.8722396,22.295673
2038-07-26 00:00:00+00:00,0.0,17.106403
2038-07-27 00:00:00+00:00,0.0,23.830795
2038-07-28 00:00:00+00:00,2.042708,18.640062
2038-07-29 00:00:00+00:00,7.207653,17.726357
2038-07-30 00:00:00+00:00,13.445315,11.615805
2038-07-31 00:00:00+00:00,8.002396,15.286581
2038-08-01 00:00:00+00:00,2.8446794,10.702453
2038-08-02 00:00:00+00:00,0.40587726,20.796942
2038-08-03 00:00:00+00:00,0.0,12.235623
2038-08-04 00:00:00+00:00,0.0,17.438812
2038-08-05 00:00:00+00:00,0.13481143,15.911888
2038-08-06 00:00:00+00:00,5.3863525,14.69049
2038-08-07 00:00:00+00:00,0.0,17.448048
2038-08-08 00:00:00+00:00,1.8811008,17.757317
2038-08-09 00:00:00+00:00,51.675556,15.616984
2038-08-10 00:00:00+00:00,0.67041695,14.088439
2038-08-11 00:00:00+00:00,0.0,11.334051
2038-08-12 00:00:00+00:00,0.0,13.787156
2038-08-13 00:00:00+00:00,0.0,15.015419
2038-08-14 00:00:00+00:00,0.0,14.405179
2038-08-15 00:00:00+00:00,0.40030316,12.875081
2038-08-16 00:00:00+00:00,0.0,13.490672
2038-08-17 00:00:00+00:00,0.0,15.94648
2038-08-18 00:00:00+00:00,0.0,18.403217
2038-08-19 00:00:00+00:00,10.903028,16.565996
2038-08-20 00:00:00+00:00,0.66426075,20.864809
2038-08-21 00:00:00+00:00,0.0,16.572248
2038-08-22 00:00:00+00:00,4.1117067,19.337963
2038-08-23 00:00:00+00:00,0.0,16.88557
2038-08-24 00:00:00+00:00,0.0,17.502945
2038-08-25 00:00:00+00:00,0.0,17.506319
2038-08-26 00:00:00+00:00,0.39668408,18.43127
2038-08-27 00:00:00+00:00,5.1531086,16.898617
2038-08-28 00:00:00+00:00,3.5649667,11.370383
2038-08-29 00:00:00+00:00,5.013811,22.130497
2038-08-30 00:00:00+00:00,6.1969852,15.986288
2038-08-31 00:00:00+00:00,9.091496,16.29695
2038-09-01 00:00:00+00:00,0.0,10.76428
2038-09-02 00:00:00+00:00,10.66337,8.608611
2038-09-03 00:00:00+00:00,13.036561,13.516272
2038-09-04 00:00:00+00:00,3.1612651,12.890869
2038-09-05 00:00:00+00:00,0.26351467,11.653191
2038-09-06 00:00:00+00:00,0.0,10.724011
2038-09-07 00:00:00+00:00,16.611418,9.490268
2038-09-08 00:00:00+00:00,0.0,17.128998
2038-09-09 00:00:00+00:00,0.0,15.586223
2038-09-10 00:00:00+00:00,3.9589438,18.62631
2038-09-11 00:00:00+00:00,0.0,16.169584
2038-09-12 00:00:00+00:00,0.0,14.631532
2038-09-13 00:00:00+00:00,0.0,13.096107
2038-09-14 00:00:00+00:00,3.5681932,19.170744
2038-09-15 00:00:00+00:00,2.5119312,16.721895
2038-09-16 00:00:00+00:00,25.923012,11.847081
2038-09-17 00:00:00+00:00,1.0585239,12.44383
2038-09-18 00:00:00+00:00,0.0,10.613568
2038-09-19 00:00:00+00:00,0.0,13.937148
2038-09-20 00:00:00+00:00,0.0,11.8060055
2038-09-21 00:00:00+00:00,0.0,12.400639
2038-09-22 00:00:00+00:00,3.8460634,8.461351
2038-09-23 00:00:00+00:00,18.576803,7.8501177
2038-09-24 00:00:00+00:00,26.552555,24.736444
2038-09-25 00:00:00+00:00,0.0,15.672813
2038-09-26 00:00:00+00:00,0.0,11.744326
2038-09-27 00:00:00+00:00,0.13299453,13.238403
2038-09-28 00:00:00+00:00,0.0,12.024357
2038-09-29 00:00:00+00:00,0.0,9.010353
2038-09-30 00:00:00+00:00,5.4635506,9.302514
2038-10-01 00:00:00+00:00,1.0668234,11.692869
2038-10-02 00:00:00+00:00,0.0,12.581227
2038-10-03 00:00:00+00:00,0.0,10.774403
2038-10-04 00:00:00+00:00,0.0,11.960991
2038-10-05 00:00:00+00:00,8.428348,7.4690146
2038-10-06 00:00:00+00:00,5.08838,5.6714287
2038-10-07 00:00:00+00:00,2.948717,14.016902
2038-10-08 00:00:00+00:00,0.0,11.322766
2038-10-09 00:00:00+00:00,0.0,8.63339
2038-10-10 00:00:00+00:00,0.0,9.815473
2038-10-11 00:00:00+00:00,0.0,11.88696
2038-10-12 00:00:00+00:00,0.0,9.79801
2038-10-13 00:00:00+00:00,0.0,16.018814
2038-10-14 00:00:00+00:00,0.0,16.00452
2038-10-15 00:00:00+00:00,0.0,14.5096445
2038-10-16 00:00:00+00:00,0.0,10.058912
2038-10-17 00:00:00+00:00,0.0,10.34549
2038-10-18 00:00:00+00:00,0.0,14.470703
2038-10-19 00:00:00+00:00,0.0,12.097273
2038-10-20 00:00:00+00:00,0.0,13.560356
2038-10-21 00:00:00+00:00,0.0,15.609837
2038-10-22 00:00:00+00:00,0.0,9.122061
2038-10-23 00:00:00+00:00,0.0,13.229766
2038-10-24 00:00:00+00:00,0.0,14.686473
2038-10-25 00:00:00+00:00,0.0,11.151637
2038-10-26 00:00:00+00:00,0.0,15.832732
2038-10-27 00:00:00+00:00,0.0,9.080932
2038-10-28 00:00:00+00:00,0.0,10.5360365
2038-10-29 00:00:00+00:00,0.0,11.988487
2038-10-30 00:00:00+00:00,0.0,11.101186
2038-10-31 00:00:00+00:00,0.0,12.550445
2038-11-01 00:00:00+00:00,0.0,13.413833
2038-11-02 00:00:00+00:00,0.0,10.484893
2038-11-03 00:00:00+00:00,0.0,12.79679
2038-11-04 00:00:00+00:00,0.0,11.90756
2038-11-05 00:00:00+00:00,0.0,14.791195
2038-11-06 00:00:00+00:00,0.0,12.453723
2038-11-07 00:00:00+00:00,0.0,10.70123
2038-11-08 00:00:00+00:00,0.0,15.885442
2038-11-09 00:00:00+00:00,0.0,17.594406
2038-11-10 00:00:00+00:00,0.0,13.53799
2038-11-11 00:00:00+00:00,0.0,12.369149
2038-11-12 00:00:00+00:00,0.0,15.799831
2038-11-13 00:00:00+00:00,0.0,11.475495
2038-11-14 00:00:00+00:00,0.0,11.173805
2038-11-15 00:00:00+00:00,0.0,11.445236
2038-11-16 00:00:00+00:00,0.0,11.14451
2038-11-17 00:00:00+00:00,0.0,13.983866
2038-11-18 00:00:00+00:00,0.0,13.680767
2038-11-19 00:00:00+00:00,0.0,11.385978
2038-11-20 00:00:00+00:00,0.0,9.38142
2038-11-21 00:00:00+00:00,0.0,10.505189
2038-11-22 00:00:00+00:00,0.0,8.223385
2038-11-23 00:00:00+00:00,0.0,11.894755
2038-11-24 00:00:00+00:00,0.0,16.971262
2038-11-25 00:00:00+00:00,0.0,16.10265
2038-11-26 00:00:00+00:00,0.0,15.518432
2038-11-27 00:00:00+00:00,0.0,13.526704
2038-11-28 00:00:00+00:00,0.0,13.2287
2038-11-29 00:00:00+00:00,0.0,16.867159
2038-11-30 00:00:00+00:00,0.0,16.846758
2038-12-01 00:00:00+00:00,0.0,13.461193
2038-12-02 00:00:00+00:00,0.0,12.60477
2038-12-03 00:00:00+00:00,0.0,13.429088
2038-12-04 00:00:00+00:00,0.0,12.854308
2038-12-05 00:00:00+00:00,0.0,12.839176
2038-12-06 00:00:00+00:00,0.0,13.381715
2038-12-07 00:00:00+00:00,0.0,14.758437
2038-12-08 00:00:00+00:00,0.0,14.741342
2038-12-09 00:00:00+00:00,0.0,13.8909
2038-12-10 00:00:00+00:00,0.0,11.099984
2038-12-11 00:00:00+00:00,0.0,10.810145
2038-12-12 00:00:00+00:00,0.0,10.521018
2038-12-13 00:00:00+00:00,0.0,8.849812
2038-12-14 00:00:00+00:00,0.0,7.7348957
2038-12-15 00:00:00+00:00,0.31520078,7.726261
2038-12-16 00:00:00+00:00,1.5873538,6.8907886
2038-12-17 00:00:00+00:00,0.0,12.665044
2038-12-18 00:00:00+00:00,0.0,17.601568
2038-12-19 00:00:00+00:00,0.0,17.582325
2038-12-20 00:00:00+00:00,0.0,16.73993
2038-12-21 00:00:00+00:00,0.0,15.625306
2038-12-22 00:00:00+00:00,0.0,10.953324
2038-12-23 00:00:00+00:00,0.0,9.573896
2038-12-24 00:00:00+00:00,0.0,10.110194
2038-12-25 00:00:00+00:00,0.0,12.283149
2038-12-26 00:00:00+00:00,0.0,15.81492
2038-12-27 00:00:00+00:00,0.0,16.343096
2038-12-28 00:00:00+00:00,0.0,15.509734
2038-12-29 00:00:00+00:00,0.0,15.2218075
2038-12-30 00:00:00+00:00,0.0,15.74915
2038-12-31 00:00:00+00:00,0.0,16.004217
2039-01-01 00:00:00+00:00,0.0,15.987842
2039-01-02 00:00:00+00:00,0.0,16.542082
2039-01-03 00:00:00+00:00,0.0,15.749459
2039-01-04 00:00:00+00:00,0.0,16.858011
2039-01-05 00:00:00+00:00,0.0,19.058533
2039-01-06 00:00:00+00:00,0.0,18.265959
2039-01-07 00:00:00+00:00,0.0,21.293076
2039-01-08 00:00:00+00:00,0.0,20.50127
2039-01-09 00:00:00+00:00,0.0,17.791325
2039-01-10 00:00:00+00:00,0.0,17.814898
2039-01-11 00:00:00+00:00,0.0,17.015177
2039-01-12 00:00:00+00:00,0.0,16.213293
2039-01-13 00:00:00+00:00,0.0,17.060236
2039-01-14 00:00:00+00:00,0.0,15.429618
2039-01-15 00:00:00+00:00,0.0,14.622329
2039-01-16 00:00:00+00:00,0.0,15.194155
2039-01-17 00:00:00+00:00,0.0,16.044075
2039-01-18 00:00:00+00:00,0.0,14.9572935
2039-01-19 00:00:00+00:00,0.0,13.035549
2039-01-20 00:00:00+00:00,0.0,13.608164
2039-01-21 00:00:00+00:00,0.0,12.23567
2039-01-22 00:00:00+00:00,0.0,12.808672
2039-01-23 00:00:00+00:00,0.0,10.873815
2039-01-24 00:00:00+00:00,0.0,15.355029
2039-01-25 00:00:00+00:00,0.0,17.332052
2039-01-26 00:00:00+00:00,0.0,15.955236
2039-01-27 00:00:00+00:00,0.0,15.695899
2039-01-28 00:00:00+00:00,0.0,17.961706
2039-01-29 00:00:00+00:00,0.0,16.299145
2039-01-30 00:00:00+00:00,0.0,15.757728
2039-01-31 00:00:00+00:00,0.0,17.187153
2039-02-01 00:00:00+00:00,0.0,18.056034
2039-02-02 00:00:00+00:00,0.0,18.362156
2039-02-03 00:00:00+00:00,0.0,21.780537
2039-02-04 00:00:00+00:00,0.0,20.392843
2039-02-05 00:00:00+00:00,0.0,18.434256
2039-02-06 00:00:00+00:00,0.0,17.606401
2039-02-07 00:00:00+00:00,0.0,16.207657
2039-02-08 00:00:00+00:00,0.0,13.951074
2039-02-09 00:00:00+00:00,0.0,17.105217
2039-02-10 00:00:00+00:00,0.0,14.843837
2039-02-11 00:00:00+00:00,0.0,10.8615465
2039-02-12 00:00:00+00:00,0.0,16.313528
2039-02-13 00:00:00+00:00,0.0,15.761602
2039-02-14 00:00:00+00:00,0.0,16.929886
2039-02-15 00:00:00+00:00,0.0,19.82509
2039-02-16 00:00:00+00:00,0.0,19.850842
2039-02-17 00:00:00+00:00,0.0,19.300478
2039-02-18 00:00:00+00:00,0.0,18.460201
2039-02-19 00:00:00+00:00,0.0,19.061775
2039-02-20 00:00:00+00:00,0.0,19.664862
2039-02-21 00:00:00+00:00,0.0,17.663393
2039-02-22 00:00:00+00:00,0.0,17.396324
2039-02-23 00:00:00+00:00,0.0,17.709156
2039-02-24 00:00:00+00:00,0.0,16.859997
2039-02-25 00:00:00+00:00,0.0,15.717533
2039-02-26 00:00:00+00:00,0.0,15.737844
2039-02-27 00:00:00+00:00,0.0,14.299083
2039-02-28 00:00:00+00:00,0.0,16.947292
2039-03-01 00:00:00+00:00,0.0,14.92116
2039-03-02 00:00:00+00:00,0.0,12.596811
2039-03-03 00:00:00+00:00,0.0,16.71962
2039-03-04 00:00:00+00:00,0.0,14.694691
2039-03-05 00:00:00+00:00,0.0,18.552855
2039-03-06 00:00:00+00:00,0.0,18.000332
2039-03-07 00:00:00+00:00,0.0,16.558462
2039-03-08 00:00:00+00:00,0.0,20.443886
2039-03-09 00:00:00+00:00,0.0,18.704155
2039-03-10 00:00:00+00:00,0.0,14.279822
2039-03-11 00:00:00+00:00,0.0,13.116537
2039-03-12 00:00:00+00:00,0.0,13.442029
2039-03-13 00:00:00+00:00,0.0,11.673569
2039-03-14 00:00:00+00:00,0.0,10.497712
2039-03-15 00:00:00+00:00,0.0,11.120308
2039-03-16 00:00:00+00:00,0.0,12.64893
2039-03-17 00:00:00+00:00,0.0,13.580236
2039-03-18 00:00:00+00:00,0.0,17.539371
2039-03-19 00:00:00+00:00,0.0,13.333089
2039-03-20 00:00:00+00:00,0.0,16.39702
2039-03-21 00:00:00+00:00,0.0,17.647902
2039-03-22 00:00:00+00:00,0.0,12.500972
2039-03-23 00:00:00+00:00,0.0,12.832315
2039-03-24 00:00:00+00:00,0.0,13.7773285
2039-03-25 00:00:00+00:00,0.0,13.192241
2039-03-26 00:00:00+00:00,0.0,11.067542
2039-03-27 00:00:00+00:00,0.0,9.858213
2039-03-28 00:00:00+00:00,0.0,11.7309265
2039-03-29 00:00:00+00:00,0.0,14.230099
2039-03-30 00:00:00+00:00,0.0,13.639709
2039-03-31 00:00:00+00:00,0.0,14.600024
2039-04-01 00:00:00+00:00,0.0,16.498175
2039-04-02 00:00:00+00:00,0.0,15.284854
2039-04-03 00:00:00+00:00,0.0,17.504892
2039-04-04 00:00:00+00:00,0.0,16.915012
2039-04-05 00:00:00+00:00,0.0,14.439245
2039-04-06 00:00:00+00:00,0.0,12.26762
2039-04-07 00:00:00+00:00,0.0,15.445495
2039-04-08 00:00:00+00:00,0.0,16.109682
2039-04-09 00:00:00+00:00,0.0,15.19393
2039-04-10 00:00:00+00:00,0.0,15.860316
2039-04-11 00:00:00+00:00,0.0,12.079233
2039-04-12 00:00:00+00:00,0.0,11.1490755
2039-04-13 00:00:00+00:00,0.0,14.364791
2039-04-14 00:00:00+00:00,0.0,15.674723
2039-04-15 00:00:00+00:00,0.0,16.349028
2039-04-16 00:00:00+00:00,0.0,14.777418
2039-04-17 00:00:00+00:00,0.0,12.877179
2039-04-18 00:00:00+00:00,0.0,16.775871
2039-04-19 00:00:00+00:00,0.0,13.255242
2039-04-20 00:00:00+00:00,0.0,12.311486
2039-04-21 00:00:00+00:00,0.0,17.207859
2039-04-22 00:00:00+00:00,0.0,14.966971
2039-04-23 00:00:00+00:00,0.0,13.694668
2039-04-24 00:00:00+00:00,0.0,11.763374
2039-04-25 00:00:00+00:00,0.0,13.098382
2039-04-26 00:00:00+00:00,0.0,15.423565
2039-04-27 00:00:00+00:00,0.0,13.154589
2039-04-28 00:00:00+00:00,0.0,14.830685
2039-04-29 00:00:00+00:00,0.0,15.523118
2039-04-30 00:00:00+00:00,0.0,11.915634
2039-05-01 00:00:00+00:00,0.0,20.565575
2039-05-02 00:00:00+00:00,0.0,16.288492
2039-05-03 00:00:00+00:00,0.0,14.991119
2039-05-04 00:00:00+00:00,0.0,14.968409
2039-05-05 00:00:00+00:00,0.0,12.288727
2039-05-06 00:00:00+00:00,0.0,11.606885
2039-05-07 00:00:00+00:00,0.0,18.87407
2039-05-08 00:00:00+00:00,0.0,14.878072
2039-05-09 00:00:00+00:00,0.0,14.85561
2039-05-10 00:00:00+00:00,0.0,15.162827
2039-05-11 00:00:00+00:00,0.0,15.469098
2039-05-12 00:00:00+00:00,0.0,16.76033
2039-05-13 00:00:00+00:00,0.0,15.422542
2039-05-14 00:00:00+00:00,0.0,14.416406
2039-05-15 00:00:00+00:00,0.0,16.684803
2039-05-16 00:00:00+00:00,0.0,15.02643
2039-05-17 00:00:00+00:00,0.0,15.330046
2039-05-18 00:00:00+00:00,0.0,13.678638
2039-05-19 00:00:00+00:00,0.0,14.958903
2039-05-20 00:00:00+00:00,0.0,13.637669
2039-05-21 00:00:00+00:00,0.0,13.941473
2039-05-22 00:00:00+00:00,0.0,16.510496
2039-05-23 00:00:00+00:00,0.0,16.809061
2039-05-24 00:00:00+00:00,0.0,20.011633
2039-05-25 00:00:00+00:00,0.0,12.891453
2039-05-26 00:00:00+00:00,0.0,18.021107
2039-05-27 00:00:00+00:00,0.0,13.495676
2039-05-28 00:00:00+00:00,0.0,12.833875
2039-05-29 00:00:00+00:00,0.0,11.533288
2039-05-30 00:00:00+00:00,0.0,21.1129
2039-05-31 00:00:00+00:00,0.0,13.73492
2039-06-01 00:00:00+00:00,0.2921195,17.541815
2039-06-02 00:00:00+00:00,0.0,19.426573
2039-06-03 00:00:00+00:00,0.0,21.30572
2039-06-04 00:00:00+00:00,0.0,26.989557
2039-06-05 00:00:00+00:00,0.0,19.657324
2039-06-06 00:00:00+00:00,0.0,19.944794
2039-06-07 00:00:00+00:00,0.0,18.966925
2039-06-08 00:00:00+00:00,0.0,19.885817
2039-06-09 00:00:00+00:00,0.0,17.65015
2039-06-10 00:00:00+00:00,0.0,19.512373
2039-06-11 00:00:00+00:00,0.0,14.769801
2039-06-12 00:00:00+00:00,0.0,14.748013
2039-06-13 00:00:00+00:00,1.5911433,19.739468
2039-06-14 00:00:00+00:00,14.456649,16.581755
2039-06-15 00:00:00+00:00,1.7338469,12.183702
2039-06-16 00:00:00+00:00,0.14441146,6.862745
2039-06-17 00:00:00+00:00,1.010372,18.377571
2039-06-18 00:00:00+00:00,0.2885386,19.905697
2039-06-19 00:00:00+00:00,0.0,21.118742
2039-06-20 00:00:00+00:00,0.0,22.01809
2039-06-21 00:00:00+00:00,0.14407693,21.056822
2039-06-22 00:00:00+00:00,0.0,19.170725
2039-06-23 00:00:00+00:00,0.0,15.437617
2039-06-24 00:00:00+00:00,0.0,15.106719
2039-06-25 00:00:00+00:00,0.0,10.159028
2039-06-26 00:00:00+00:00,0.0,13.832968
2039-06-27 00:00:00+00:00,9.631436,14.733608
2039-06-28 00:00:00+00:00,5.3170958,9.808063
2039-06-29 00:00:00+00:00,0.0,20.505665
2039-06-30 00:00:00+00:00,0.0,16.197247
2039-07-01 00:00:00+00:00,0.0,18.00462
2039-07-02 00:00:00+00:00,0.0,13.407617
2039-07-03 00:00:00+00:00,0.0,11.869113
2039-07-04 00:00:00+00:00,0.0,12.479689
2039-07-05 00:00:00+00:00,0.0,14.308179
2039-07-06 00:00:00+00:00,0.0,20.704384
2039-07-07 00:00:00+00:00,0.0,19.184967
2039-07-08 00:00:00+00:00,0.0,17.360521
2039-07-09 00:00:00+00:00,1.1288834,20.10479
2039-07-10 00:00:00+00:00,0.0,16.147284
2039-07-11 00:00:00+00:00,0.0,16.454536
2039-07-12 00:00:00+00:00,0.0,14.628567
2039-07-13 00:00:00+00:00,0.0,17.678988
2039-07-14 00:00:00+00:00,0.13952525,14.328356
2039-07-15 00:00:00+00:00,2.2278311,21.953333
2039-07-16 00:00:00+00:00,2.3623693,16.772604
2039-07-17 00:00:00+00:00,11.373,11.590214
2039-07-18 00:00:00+00:00,0.6921787,16.472973
2039-07-19 00:00:00+00:00,0.0,14.950128
2039-07-20 00:00:00+00:00,0.0,11.901028
2039-07-21 00:00:00+00:00,8.950768,14.649825
2039-07-22 00:00:00+00:00,7.69858,10.683926
2039-07-23 00:00:00+00:00,0.4117554,7.9379444
2039-07-24 00:00:00+00:00,4.6592016,13.130322
2039-07-25 00:00:00+00:00,0.0,14.354145
2039-07-26 00:00:00+00:00,0.13662049,15.883847
2039-07-27 00:00:00+00:00,25.510838,18.025099
2039-07-28 00:00:00+00:00,47.5436,11.000226
2039-07-29 00:00:00+00:00,4.3532715,18.031214
2039-07-30 00:00:00+00:00,0.0,10.698311
2039-07-31 00:00:00+00:00,0.0,18.954544
2039-08-01 00:00:00+00:00,0.0,17.123186
2039-08-02 00:00:00+00:00,0.0,15.2912035
2039-08-03 00:00:00+00:00,0.0,17.129128
2039-08-04 00:00:00+00:00,0.9450524,16.214329
2039-08-05 00:00:00+00:00,7.147058,13.769297
2039-08-06 00:00:00+00:00,1.4816628,17.138147
2039-08-07 00:00:00+00:00,1.4800141,18.05946
2039-08-08 00:00:00+00:00,11.827234,12.552026
2039-08-09 00:00:00+00:00,0.80554473,6.430235
2039-08-10 00:00:00+00:00,0.5364712,15.006574
2039-08-11 00:00:00+00:00,0.0,13.784034
2039-08-12 00:00:00+00:00,0.0,13.786531
2039-08-13 00:00:00+00:00,4.145242,13.789041
2039-08-14 00:00:00+00:00,22.576694,16.549875
2039-08-15 00:00:00+00:00,0.6673257,17.165985
2039-08-16 00:00:00+00:00,0.0,16.862558
2039-08-17 00:00:00+00:00,0.0,17.785633
2039-08-18 00:00:00+00:00,0.13310657,13.495062
2039-08-19 00:00:00+00:00,0.26598403,20.55314
2039-08-20 00:00:00+00:00,0.13287984,20.557003
2039-08-21 00:00:00+00:00,0.0,16.571463
2039-08-22 00:00:00+00:00,18.970709,15.653795
2039-08-23 00:00:00+00:00,2.1209085,15.349785
2039-08-24 00:00:00+00:00,0.26490673,10.439853
2039-08-25 00:00:00+00:00,0.13235198,14.741451
2039-08-26 00:00:00+00:00,0.0,14.129955
2039-08-27 00:00:00+00:00,0.13215506,17.205027
2039-08-28 00:00:00+00:00,0.5282377,16.593801
2039-08-29 00:00:00+00:00,7.1261415,13.830879
2039-08-30 00:00:00+00:00,4.4836993,9.837231
2039-08-31 00:00:00+00:00,0.0,10.454127
2039-09-01 00:00:00+00:00,40.035107,17.221989
2039-09-02 00:00:00+00:00,23.958065,17.220896
2039-09-03 00:00:00+00:00,1.5800804,19.35698
2039-09-04 00:00:00+00:00,0.0,9.823715
2039-09-05 00:00:00+00:00,11.462053,18.096985
2039-09-06 00:00:00+00:00,0.39535964,13.178039
2039-09-07 00:00:00+00:00,0.26365295,11.635726
2039-09-08 00:00:00+00:00,0.39560282,10.401983
2039-09-09 00:00:00+00:00,9.761338,13.755506
2039-09-10 00:00:00+00:00,22.82798,9.162452
2039-09-11 00:00:00+00:00,2.507975,14.037002
2039-09-12 00:00:00+00:00,2.6409032,10.366238
2039-09-13 00:00:00+00:00,0.0,13.708184
2039-09-14 00:00:00+00:00,0.0,10.348352
2039-09-15 00:00:00+00:00,0.0,15.20501
2039-09-16 00:00:00+00:00,0.0,12.45732
2039-09-17 00:00:00+00:00,6.879677,9.107217
2039-09-18 00:00:00+00:00,9.397429,10.919182
2039-09-19 00:00:00+00:00,5.1642566,6.9700875
2039-09-20 00:00:00+00:00,0.13247764,8.47795
2039-09-21 00:00:00+00:00,0.2650814,11.7983
2039-09-22 00:00:00+00:00,0.0,13.903822
2039-09-23 00:00:00+00:00,0.0,13.589706
2039-09-24 00:00:00+00:00,0.0,12.672654
2039-09-25 00:00:00+00:00,24.43853,10.852783
2039-09-26 00:00:00+00:00,0.39868358,11.144494
2039-09-27 00:00:00+00:00,0.0,7.2225304
2039-09-28 00:00:00+00:00,0.0,11.425648
2039-09-29 00:00:00+00:00,1.1982931,8.4115095
2039-09-30 00:00:00+00:00,7.8608117,10.205004
2039-10-01 00:00:00+00:00,5.0664873,10.49591
2039-10-02 00:00:00+00:00,0.0,10.786287
2039-10-03 00:00:00+00:00,0.26706228,10.477426
2039-10-04 00:00:00+00:00,0.0,9.271816
2039-10-05 00:00:00+00:00,0.0,11.654238
2039-10-06 00:00:00+00:00,0.0,13.1367445
2039-10-07 00:00:00+00:00,0.0,8.352344
2039-10-08 00:00:00+00:00,0.8047982,11.325279
2039-10-09 00:00:00+00:00,0.0,10.421922
2039-10-10 00:00:00+00:00,0.0,7.735122
2039-10-11 00:00:00+00:00,0.0,9.214445
2039-10-12 00:00:00+00:00,0.0,8.909267
2039-10-13 00:00:00+00:00,0.0,20.769762
2039-10-14 00:00:00+00:00,8.511988,15.118754
2039-10-15 00:00:00+00:00,11.230879,5.923627
2039-10-16 00:00:00+00:00,0.0,6.8060803
2039-10-17 00:00:00+00:00,0.0,9.460853
2039-10-18 00:00:00+00:00,0.0,10.043149
2039-10-19 00:00:00+00:00,0.0,10.919503
2039-10-20 00:00:00+00:00,0.0,9.140556
2039-10-21 00:00:00+00:00,0.0,8.837746
2039-10-22 00:00:00+00:00,0.0,9.418444
2039-10-23 00:00:00+00:00,0.0,9.704018
2039-10-24 00:00:00+00:00,0.0,9.695262
2039-10-25 00:00:00+00:00,0.0,10.860628
2039-10-26 00:00:00+00:00,0.0,10.850807
2039-10-27 00:00:00+00:00,0.0,11.426985
2039-10-28 00:00:00+00:00,0.0,11.709364
2039-10-29 00:00:00+00:00,0.0,9.943933
2039-10-30 00:00:00+00:00,0.0,9.642694
2039-10-31 00:00:00+00:00,0.0,9.34199
2039-11-01 00:00:00+00:00,0.0,16.041931
2039-11-02 00:00:00+00:00,0.0,13.11076
2039-11-03 00:00:00+00:00,0.0,14.255992
2039-11-04 00:00:00+00:00,0.0,9.587489
2039-11-05 00:00:00+00:00,0.0,10.154352
2039-11-06 00:00:00+00:00,0.0,9.560814
2039-11-07 00:00:00+00:00,0.0,9.258301
2039-11-08 00:00:00+00:00,0.0,10.401299
2039-11-09 00:00:00+00:00,0.0,10.387115
2039-11-10 00:00:00+00:00,0.0,9.220471
2039-11-11 00:00:00+00:00,0.0,12.373307
2039-11-12 00:00:00+00:00,0.0,16.954573
2039-11-13 00:00:00+00:00,0.0,14.9230995
2039-11-14 00:00:00+00:00,0.0,13.470314
2039-11-15 00:00:00+00:00,0.0,10.876545
2039-11-16 00:00:00+00:00,0.0,10.8623
2039-11-17 00:00:00+00:00,0.0,10.562674
2039-11-18 00:00:00+00:00,0.0,15.110724
2039-11-19 00:00:00+00:00,0.0,17.08445
2039-11-20 00:00:00+00:00,0.0,18.484455
2039-11-21 00:00:00+00:00,0.0,16.756832
2039-11-22 00:00:00+00:00,0.0,14.182727
2039-11-23 00:00:00+00:00,0.0,10.482003
2039-11-24 00:00:00+00:00,0.0,8.205337
2039-11-25 00:00:00+00:00,0.0,8.477711
2039-11-26 00:00:00+00:00,0.0,9.313934
2039-11-27 00:00:00+00:00,0.0,17.195463
2039-11-28 00:00:00+00:00,0.0,17.455952
2039-11-29 00:00:00+00:00,0.0,17.153488
2039-11-30 00:00:00+00:00,0.0,15.728389
2039-12-01 00:00:00+00:00,0.0,13.465237
2039-12-02 00:00:00+00:00,0.0,12.328344
2039-12-03 00:00:00+00:00,0.0,13.992789
2039-12-04 00:00:00+00:00,0.0,16.491922
2039-12-05 00:00:00+00:00,0.0,15.355702
2039-12-06 00:00:00+00:00,0.0,15.058831
2039-12-07 00:00:00+00:00,0.0,13.64856
2039-12-08 00:00:00+00:00,0.0,12.519852
2039-12-09 00:00:00+00:00,0.0,15.006488
2039-12-10 00:00:00+00:00,0.0,11.103162
2039-12-11 00:00:00+00:00,0.0,13.03132
2039-12-12 00:00:00+00:00,0.0,16.616838
2039-12-13 00:00:00+00:00,0.0,17.151339
2039-12-14 00:00:00+00:00,0.0,17.132067
2039-12-15 00:00:00+00:00,0.0,16.836905
2039-12-16 00:00:00+00:00,0.0,18.196724
2039-12-17 00:00:00+00:00,0.0,17.074984
2039-12-18 00:00:00+00:00,0.0,17.6064
2039-12-19 00:00:00+00:00,0.0,16.48793
2039-12-20 00:00:00+00:00,0.0,15.097479
2039-12-21 00:00:00+00:00,0.0,16.726336
2039-12-22 00:00:00+00:00,0.0,16.434402
2039-12-23 00:00:00+00:00,0.0,15.322331
2039-12-24 00:00:00+00:00,0.0,15.579307
2039-12-25 00:00:00+00:00,0.0,15.835803
2039-12-26 00:00:00+00:00,0.0,15.000854
2039-12-27 00:00:00+00:00,0.0,15.530007
2039-12-28 00:00:00+00:00,0.0,17.96332
2039-12-29 00:00:00+00:00,0.0,18.488415
2039-12-30 00:00:00+00:00,0.0,16.568037
2039-12-31 00:00:00+00:00,0.0,18.178944
2040-01-01 00:00:00+00:00,0.0,17.618223
2040-01-02 00:00:00+00:00,0.0,16.807674
2040-01-03 00:00:00+00:00,0.0,17.101486
2040-01-04 00:00:00+00:00,0.0,17.667856
2040-01-05 00:00:00+00:00,0.0,16.602636
2040-01-06 00:00:00+00:00,0.0,16.079617
2040-01-07 00:00:00+00:00,0.0,15.555164
2040-01-08 00:00:00+00:00,0.0,15.029286
2040-01-09 00:00:00+00:00,0.0,16.143702
2040-01-10 00:00:00+00:00,0.0,14.521188
2040-01-11 00:00:00+00:00,0.0,13.168686
2040-01-12 00:00:00+00:00,0.0,15.3838
2040-01-13 00:00:00+00:00,0.0,18.154894
2040-01-14 00:00:00+00:00,0.0,19.831528
2040-01-15 00:00:00+00:00,0.0,19.306135
2040-01-16 00:00:00+00:00,0.0,19.331636
2040-01-17 00:00:00+00:00,0.0,18.804094
2040-01-18 00:00:00+00:00,0.0,16.613737
2040-01-19 00:00:00+00:00,0.0,13.585777
2040-01-20 00:00:00+00:00,0.0,13.603684
2040-01-21 00:00:00+00:00,0.0,15.845539
2040-01-22 00:00:00+00:00,0.0,18.093262
2040-01-23 00:00:00+00:00,0.0,15.051105
2040-01-24 00:00:00+00:00,0.0,14.791806
2040-01-25 00:00:00+00:00,0.0,13.413962
2040-01-26 00:00:00+00:00,0.0,14.5508795
2040-01-27 00:00:00+00:00,0.0,14.5699835
2040-01-28 00:00:00+00:00,0.0,11.222388
2040-01-29 00:00:00+00:00,0.0,10.956181
2040-01-30 00:00:00+00:00,0.0,13.220907
2040-01-31 00:00:00+00:00,1.4846021,14.364888
2040-02-01 00:00:00+00:00,0.0,17.486063
2040-02-02 00:00:00+00:00,0.0,16.379337
2040-02-03 00:00:00+00:00,0.0,15.552446
2040-02-04 00:00:00+00:00,0.0,13.590789
2040-02-05 00:00:00+00:00,0.0,13.041525
2040-02-06 00:00:00+00:00,0.0,10.21974
2040-02-07 00:00:00+00:00,0.0,15.633871
2040-02-08 00:00:00+00:00,0.0,11.384922
2040-02-09 00:00:00+00:00,0.0,16.529661
2040-02-10 00:00:00+00:00,0.0,22.258512
2040-02-11 00:00:00+00:00,0.0,17.715708
2040-02-12 00:00:00+00:00,0.0,17.73877
2040-02-13 00:00:00+00:00,0.0,18.334816
2040-02-14 00:00:00+00:00,0.0,15.49012
2040-02-15 00:00:00+00:00,0.0,12.92521
2040-02-16 00:00:00+00:00,0.0,10.9288025
2040-02-17 00:00:00+00:00,0.0,12.382861
2040-02-18 00:00:00+00:00,0.0,12.975623
2040-02-19 00:00:00+00:00,0.0,14.14734
2040-02-20 00:00:00+00:00,0.0,12.431107
2040-02-21 00:00:00+00:00,0.0,15.920857
2040-02-22 00:00:00+00:00,0.0,17.97039
2040-02-23 00:00:00+00:00,0.0,15.671892
2040-02-24 00:00:00+00:00,0.0,11.042636
2040-02-25 00:00:00+00:00,0.0,15.130515
2040-02-26 00:00:00+00:00,0.0,10.779859
2040-02-27 00:00:00+00:00,0.0,11.668954
2040-02-28 00:00:00+00:00,0.0,10.515618
2040-02-29 00:00:00+00:00,0.0,14.623874
2040-03-01 00:00:00+00:00,0.0,15.521302
2040-03-02 00:00:00+00:00,0.0,14.075149
2040-03-03 00:00:00+00:00,0.0,12.043551
2040-03-04 00:00:00+00:00,0.0,13.245326
2040-03-05 00:00:00+00:00,0.0,17.40133
2040-03-06 00:00:00+00:00,0.0,14.776843
2040-03-07 00:00:00+00:00,0.0,11.549371
2040-03-08 00:00:00+00:00,0.0,18.101164
2040-03-09 00:00:00+00:00,0.0,19.030075
2040-03-10 00:00:00+00:00,0.0,16.685266
2040-03-11 00:00:00+00:00,0.0,19.107803
2040-03-12 00:00:00+00:00,0.0,20.044353
2040-03-13 00:00:00+00:00,0.0,17.6871
2040-03-14 00:00:00+00:00,0.0,15.920941
2040-03-15 00:00:00+00:00,0.0,15.953571
2040-03-16 00:00:00+00:00,0.0,16.589556
2040-03-17 00:00:00+00:00,0.0,9.369682
2040-03-18 00:00:00+00:00,0.0,12.114765
2040-03-19 00:00:00+00:00,0.0,10.015249
2040-03-20 00:00:00+00:00,0.0,10.644115
2040-03-21 00:00:00+00:00,0.0,12.189787
2040-03-22 00:00:00+00:00,0.0,15.574062
2040-03-23 00:00:00+00:00,0.0,15.606243
2040-03-24 00:00:00+00:00,0.0,13.185424
2040-03-25 00:00:00+00:00,2.1438427,9.8327265
2040-03-26 00:00:00+00:00,0.0,10.161016
2040-03-27 00:00:00+00:00,0.0,11.107746
2040-03-28 00:00:00+00:00,0.0,12.367577
2040-03-29 00:00:00+00:00,0.0,9.604803
2040-03-30 00:00:00+00:00,0.0,12.7295685
2040-03-31 00:00:00+00:00,0.0,14.622838
2040-04-01 00:00:00+00:00,0.0,17.4593
2040-04-02 00:00:00+00:00,0.0,13.12182
2040-04-03 00:00:00+00:00,0.0,13.149246
2040-04-04 00:00:00+00:00,0.0,12.235568
2040-04-05 00:00:00+00:00,0.0,15.090709
2040-04-06 00:00:00+00:00,0.0,13.54711
2040-04-07 00:00:00+00:00,0.0,11.365577
2040-04-08 00:00:00+00:00,0.0,20.56431
2040-04-09 00:00:00+00:00,0.0,18.388296
2040-04-10 00:00:00+00:00,0.0,18.109318
2040-04-11 00:00:00+00:00,0.0,17.829123
2040-04-12 00:00:00+00:00,0.0,13.081018
2040-04-13 00:00:00+00:00,0.0,11.510042
2040-04-14 00:00:00+00:00,0.0,13.456789
2040-04-15 00:00:00+00:00,0.0,16.37499
2040-04-16 00:00:00+00:00,0.0,20.914333
2040-04-17 00:00:00+00:00,0.0,10.318141
2040-04-18 00:00:00+00:00,0.0,15.833222
2040-04-19 00:00:00+00:00,0.0,12.952572
2040-04-20 00:00:00+00:00,0.0,13.62916
2040-04-21 00:00:00+00:00,0.0,15.9345875
2040-04-22 00:00:00+00:00,0.0,16.946262
2040-04-23 00:00:00+00:00,0.0,16.002714
2040-04-24 00:00:00+00:00,0.0,14.727804
2040-04-25 00:00:00+00:00,0.0,20.00711
2040-04-26 00:00:00+00:00,0.0,19.063938
2040-04-27 00:00:00+00:00,0.0,16.469702
2040-04-28 00:00:00+00:00,0.0,15.514784
2040-04-29 00:00:00+00:00,0.0,12.240042
2040-04-30 00:00:00+00:00,0.0,15.581646
2040-05-01 00:00:00+00:00,0.0,11.96061
2040-05-02 00:00:00+00:00,0.0,13.984165
2040-05-03 00:00:00+00:00,0.0,13.97581
2040-05-04 00:00:00+00:00,0.0,12.625635
2040-05-05 00:00:00+00:00,0.0,12.938284
2040-05-06 00:00:00+00:00,0.0,10.599976
2040-05-07 00:00:00+00:00,0.0,14.883694
2040-05-08 00:00:00+00:00,0.0,18.163715
2040-05-09 00:00:00+00:00,0.0,16.48755
2040-05-10 00:00:00+00:00,0.0,14.157919
2040-05-11 00:00:00+00:00,0.0,14.465344
2040-05-12 00:00:00+00:00,0.0,13.787037
2040-05-13 00:00:00+00:00,0.0,16.716213
2040-05-14 00:00:00+00:00,0.0,15.381975
2040-05-15 00:00:00+00:00,0.0,15.358862
2040-05-16 00:00:00+00:00,0.0,14.35692
2040-05-17 00:00:00+00:00,0.0,14.33538
2040-05-18 00:00:00+00:00,0.0,13.012622
2040-05-19 00:00:00+00:00,0.0,13.317952
2040-05-20 00:00:00+00:00,0.0,12.649326
2040-05-21 00:00:00+00:00,0.0,15.868962
2040-05-22 00:00:00+00:00,0.0,13.905002
2040-05-23 00:00:00+00:00,0.0,13.884222
2040-05-24 00:00:00+00:00,1.0331913,12.573862
2040-05-25 00:00:00+00:00,0.0,14.164725
2040-05-26 00:00:00+00:00,0.0,15.107938
2040-05-27 00:00:00+00:00,0.0,15.727356
2040-05-28 00:00:00+00:00,0.0,16.024422
2040-05-29 00:00:00+00:00,0.0,16.96061
2040-05-30 00:00:00+00:00,0.0,12.142349
2040-05-31 00:00:00+00:00,0.0,14.038667
2040-06-01 00:00:00+00:00,0.0,20.070965
2040-06-02 00:00:00+00:00,0.0,21.313627
2040-06-03 00:00:00+00:00,0.0,17.152668
2040-06-04 00:00:00+00:00,0.0,12.369674
2040-06-05 00:00:00+00:00,0.0,13.618157
2040-06-06 00:00:00+00:00,0.0,16.444088
2040-06-07 00:00:00+00:00,0.0,15.156704
2040-06-08 00:00:00+00:00,0.0,16.395487
2040-06-09 00:00:00+00:00,0.0,22.03824
2040-06-10 00:00:00+00:00,0.0,16.347092
2040-06-11 00:00:00+00:00,0.0,15.381264
2040-06-12 00:00:00+00:00,0.0,16.925783
2040-06-13 00:00:00+00:00,0.0,16.274887
2040-06-14 00:00:00+00:00,0.0,17.813509
2040-06-15 00:00:00+00:00,0.0,17.475235
2040-06-16 00:00:00+00:00,0.0,16.514738
2040-06-17 00:00:00+00:00,0.0,17.112747
2040-06-18 00:00:00+00:00,0.0,13.3594055
2040-06-19 00:00:00+00:00,0.0,16.442074
2040-06-20 00:00:00+00:00,0.0,18.896137
2040-06-21 00:00:00+00:00,0.0,17.940481
2040-06-22 00:00:00+00:00,0.0,20.076254
2040-06-23 00:00:00+00:00,0.0,20.355276
2040-06-24 00:00:00+00:00,0.0,16.62995
2040-06-25 00:00:00+00:00,0.2876292,11.07042
2040-06-26 00:00:00+00:00,0.0,9.518932
2040-06-27 00:00:00+00:00,0.0,14.410853
2040-06-28 00:00:00+00:00,0.0,19.288485
2040-06-29 00:00:00+00:00,0.0,18.954634
2040-06-30 00:00:00+00:00,14.0711,18.927006
2040-07-01 00:00:00+00:00,6.746416,22.252562
2040-07-02 00:00:00+00:00,0.0,12.7842045
2040-07-03 00:00:00+00:00,0.0,12.783583
2040-07-04 00:00:00+00:00,0.57081574,14.307628
2040-07-05 00:00:00+00:00,0.0,15.832153
2040-07-06 00:00:00+00:00,0.85153204,16.139109
2040-07-07 00:00:00+00:00,12.031994,14.31426
2040-07-08 00:00:00+00:00,5.930286,13.707277
2040-07-09 00:00:00+00:00,0.0,7.311692
2040-07-10 00:00:00+00:00,13.349758,19.805607
2040-07-11 00:00:00+00:00,5.7483864,13.1042385
2040-07-12 00:00:00+00:00,0.1398962,12.496717
2040-07-13 00:00:00+00:00,0.0,17.071404
2040-07-14 00:00:00+00:00,0.0,15.2447605
2040-07-15 00:00:00+00:00,0.0,20.7362
2040-07-16 00:00:00+00:00,0.0,16.774633
2040-07-17 00:00:00+00:00,4.1549954,21.047945
2040-07-18 00:00:00+00:00,0.0,15.864799
2040-07-19 00:00:00+00:00,0.0,15.562246
2040-07-20 00:00:00+00:00,0.0,14.649222
2040-07-21 00:00:00+00:00,0.0,13.735908
2040-07-22 00:00:00+00:00,0.0,13.432886
2040-07-23 00:00:00+00:00,0.0,13.740464
2040-07-24 00:00:00+00:00,0.0,16.796703
2040-07-25 00:00:00+00:00,0.0,18.632193
2040-07-26 00:00:00+00:00,0.0,19.246326
2040-07-27 00:00:00+00:00,0.0,16.49964
2040-07-28 00:00:00+00:00,0.0,14.057636
2040-07-29 00:00:00+00:00,0.0,14.976996
2040-07-30 00:00:00+00:00,0.0,18.953732
2040-07-31 00:00:00+00:00,0.0,18.956995
2040-08-01 00:00:00+00:00,0.0,15.9021635
2040-08-02 00:00:00+00:00,2.7041943,14.681471
2040-08-03 00:00:00+00:00,8.91313,11.013022
2040-08-04 00:00:00+00:00,8.632904,16.52243
2040-08-05 00:00:00+00:00,0.0,13.771117
2040-08-06 00:00:00+00:00,0.0,15.916106
2040-08-07 00:00:00+00:00,0.0,14.388266
2040-08-08 00:00:00+00:00,0.0,18.983652
2040-08-09 00:00:00+00:00,16.23244,13.474687
2040-08-10 00:00:00+00:00,16.483864,15.314899
2040-08-11 00:00:00+00:00,17.404528,15.01132
2040-08-12 00:00:00+00:00,6.9549904,17.158913
2040-08-13 00:00:00+00:00,32.870903,10.113349
2040-08-14 00:00:00+00:00,65.41307,14.406504
2040-08-15 00:00:00+00:00,0.40011993,11.34338
2040-08-16 00:00:00+00:00,43.707035,10.118941
2040-08-17 00:00:00+00:00,30.488043,15.02789
2040-08-18 00:00:00+00:00,0.13302043,6.4417276
2040-08-19 00:00:00+00:00,0.0,11.045035
2040-08-20 00:00:00+00:00,0.0,13.502035
2040-08-21 00:00:00+00:00,0.265378,15.653052
2040-08-22 00:00:00+00:00,1.4584126,19.339808
2040-08-23 00:00:00+00:00,4.239329,15.044949
2040-08-24 00:00:00+00:00,26.47543,11.055556
2040-08-25 00:00:00+00:00,5.6879215,14.74359
2040-08-26 00:00:00+00:00,0.26435855,12.288707
2040-08-27 00:00:00+00:00,26.28455,15.056601
2040-08-28 00:00:00+00:00,15.442699,19.054941
2040-08-29 00:00:00+00:00,0.6594819,8.607151
2040-08-30 00:00:00+00:00,0.0,9.531232
2040-08-31 00:00:00+00:00,0.0,19.373774
2040-09-01 00:00:00+00:00,32.249092,20.300386
2040-09-02 00:00:00+00:00,1.3166436,20.283066
2040-09-03 00:00:00+00:00,0.13170077,9.211702
2040-09-04 00:00:00+00:00,0.13173822,15.33971
2040-09-05 00:00:00+00:00,0.6588837,11.341671
2040-09-06 00:00:00+00:00,0.26363277,6.12538
2040-09-07 00:00:00+00:00,0.5274288,8.262171
2040-09-08 00:00:00+00:00,0.3956978,9.478052
2040-09-09 00:00:00+00:00,0.0,13.135675
2040-09-10 00:00:00+00:00,0.0,13.124373
2040-09-11 00:00:00+00:00,0.0,10.673427
2040-09-12 00:00:00+00:00,0.0,12.187684
2040-09-13 00:00:00+00:00,0.0,14.917023
2040-09-14 00:00:00+00:00,0.0,12.774971
2040-09-15 00:00:00+00:00,0.13223337,16.714655
2040-09-16 00:00:00+00:00,3.704054,18.82566
2040-09-17 00:00:00+00:00,20.380945,13.651939
2040-09-18 00:00:00+00:00,0.26480395,12.124525
2040-09-19 00:00:00+00:00,0.0,7.5712442
2040-09-20 00:00:00+00:00,23.059301,18.457767
2040-09-21 00:00:00+00:00,0.0,12.697561
2040-09-22 00:00:00+00:00,0.0,10.572078
2040-09-23 00:00:00+00:00,0.0,11.770037
2040-09-24 00:00:00+00:00,0.0,11.759753
2040-09-25 00:00:00+00:00,0.0,13.858348
2040-09-26 00:00:00+00:00,0.0,8.729136
2040-09-27 00:00:00+00:00,9.179486,12.330376
2040-09-28 00:00:00+00:00,0.0,13.220989
2040-09-29 00:00:00+00:00,0.0,9.306606
2040-09-30 00:00:00+00:00,0.13330458,11.698016
2040-10-01 00:00:00+00:00,0.0,7.791813
2040-10-02 00:00:00+00:00,0.0,11.377999
2040-10-03 00:00:00+00:00,0.0,13.46206
2040-10-04 00:00:00+00:00,0.0,12.8523855
2040-10-05 00:00:00+00:00,0.0,9.854738
2040-10-06 00:00:00+00:00,0.0,10.442744
2040-10-07 00:00:00+00:00,0.0,12.222091
2040-10-08 00:00:00+00:00,0.0,12.211248
2040-10-09 00:00:00+00:00,0.0,12.795546
2040-10-10 00:00:00+00:00,0.0,10.108415
2040-10-11 00:00:00+00:00,0.0,9.505335
2040-10-12 00:00:00+00:00,0.40463173,8.012981
2040-10-13 00:00:00+00:00,5.132382,20.16284
2040-10-14 00:00:00+00:00,0.13526033,10.072419
2040-10-15 00:00:00+00:00,3.1158442,8.5835
2040-10-16 00:00:00+00:00,0.0,7.09723
2040-10-17 00:00:00+00:00,0.0,12.999929
2040-10-18 00:00:00+00:00,0.0,13.578648
2040-10-19 00:00:00+00:00,0.0,10.617224
2040-10-20 00:00:00+00:00,0.0,10.313023
2040-10-21 00:00:00+00:00,0.0,8.242994
2040-10-22 00:00:00+00:00,0.0,9.412078
2040-10-23 00:00:00+00:00,0.0,17.92559
2040-10-24 00:00:00+00:00,0.0,13.505454
2040-10-25 00:00:00+00:00,0.0,12.906584
2040-10-26 00:00:00+00:00,0.0,13.18797
2040-10-27 00:00:00+00:00,0.0,12.883223
2040-10-28 00:00:00+00:00,0.0,12.871536
2040-10-29 00:00:00+00:00,0.0,13.736658
2040-10-30 00:00:00+00:00,0.0,10.804135
2040-10-31 00:00:00+00:00,0.0,11.377779
2040-11-01 00:00:00+00:00,0.0,12.532506
2040-11-02 00:00:00+00:00,0.0,10.768525
2040-11-03 00:00:00+00:00,0.0,12.206538
2040-11-04 00:00:00+00:00,0.0,12.479697
2040-11-05 00:00:00+00:00,0.0,9.564128
2040-11-06 00:00:00+00:00,0.0,22.28546
2040-11-07 00:00:00+00:00,0.0,17.052414
2040-11-08 00:00:00+00:00,0.0,15.874605
2040-11-09 00:00:00+00:00,0.0,15.276578
2040-11-10 00:00:00+00:00,0.0,9.211142
2040-11-11 00:00:00+00:00,0.0,8.911314
2040-11-12 00:00:00+00:00,0.0,16.937613
2040-11-13 00:00:00+00:00,0.0,16.628443
2040-11-14 00:00:00+00:00,0.0,15.174909
2040-11-15 00:00:00+00:00,0.0,16.012835
2040-11-16 00:00:00+00:00,0.0,14.849665
2040-11-17 00:00:00+00:00,0.0,12.548808
2040-11-18 00:00:00+00:00,0.0,11.393295
2040-11-19 00:00:00+00:00,0.0,13.085488
2040-11-20 00:00:00+00:00,0.0,12.7846985
2040-11-21 00:00:00+00:00,0.0,11.633512
2040-11-22 00:00:00+00:00,0.0,11.618843
2040-11-23 00:00:00+00:00,0.0,10.189119
2040-11-24 00:00:00+00:00,0.0,9.893738
2040-11-25 00:00:00+00:00,0.0,12.987072
2040-11-26 00:00:00+00:00,0.0,14.380955
2040-11-27 00:00:00+00:00,0.0,11.265348
2040-11-28 00:00:00+00:00,0.0,15.752252
2040-11-29 00:00:00+00:00,0.0,18.542637
2040-11-30 00:00:00+00:00,0.0,17.39783
2040-12-01 00:00:00+00:00,0.0,15.415042
2040-12-02 00:00:00+00:00,0.0,12.037377
2040-12-03 00:00:00+00:00,0.0,11.7434845
2040-12-04 00:00:00+00:00,0.0,13.126006
2040-12-05 00:00:00+00:00,0.0,13.947443
2040-12-06 00:00:00+00:00,0.0,11.980794
2040-12-07 00:00:00+00:00,0.0,10.297082
2040-12-08 00:00:00+00:00,0.0,9.72923
2040-12-09 00:00:00+00:00,0.0,11.939319
2040-12-10 00:00:00+00:00,0.0,14.144399
2040-12-11 00:00:00+00:00,0.0,11.91211
2040-12-12 00:00:00+00:00,0.0,13.282201
2040-12-13 00:00:00+00:00,0.0,12.161653
2040-12-14 00:00:00+00:00,0.0,12.148042
2040-12-15 00:00:00+00:00,0.0,12.410302
2040-12-16 00:00:00+00:00,0.0,13.222993
2040-12-17 00:00:00+00:00,0.0,15.134655
2040-12-18 00:00:00+00:00,0.0,17.591932
2040-12-19 00:00:00+00:00,0.0,17.572752
2040-12-20 00:00:00+00:00,0.0,17.279415
2040-12-21 00:00:00+00:00,0.0,19.45261
2040-12-22 00:00:00+00:00,0.0,14.779058
2040-12-23 00:00:00+00:00,0.0,14.763274
2040-12-24 00:00:00+00:00,0.0,18.571033
2040-12-25 00:00:00+00:00,0.0,18.278585
2040-12-26 00:00:00+00:00,0.0,17.714306
2040-12-27 00:00:00+00:00,0.0,15.245583
2040-12-28 00:00:00+00:00,0.0,13.597954
2040-12-29 00:00:00+00:00,0.0,13.040512
2040-12-30 00:00:00+00:00,0.0,14.92685
2040-12-31 00:00:00+00:00,0.0,17.080496
2041-01-01 00:00:00+00:00,0.0,16.802082
2041-01-02 00:00:00+00:00,0.0,16.010359
2041-01-03 00:00:00+00:00,0.0,14.401313
2041-01-04 00:00:00+00:00,0.0,13.604202
2041-01-05 00:00:00+00:00,0.0,10.897818
2041-01-06 00:00:00+00:00,0.0,9.54825
2041-01-07 00:00:00+00:00,0.0,13.931628
2041-01-08 00:00:00+00:00,0.0,11.48832
2041-01-09 00:00:00+00:00,0.0,12.32523
2041-01-10 00:00:00+00:00,0.0,12.067301
2041-01-11 00:00:00+00:00,0.0,12.632516
2041-01-12 00:00:00+00:00,0.0,11.549297
2041-01-13 00:00:00+00:00,0.0,12.941307
2041-01-14 00:00:00+00:00,0.0,13.785545
2041-01-15 00:00:00+00:00,0.0,17.116655
2041-01-16 00:00:00+00:00,0.0,15.757058
2041-01-17 00:00:00+00:00,0.0,17.438679
2041-01-18 00:00:00+00:00,0.0,20.78771
2041-01-19 00:00:00+00:00,0.0,19.982506
2041-01-20 00:00:00+00:00,0.0,17.785627
2041-01-21 00:00:00+00:00,0.0,14.469849
2041-01-22 00:00:00+00:00,0.0,11.145302
2041-01-23 00:00:00+00:00,0.0,12.833955
2041-01-24 00:00:00+00:00,0.0,10.057169
2041-01-25 00:00:00+00:00,0.0,15.665037
2041-01-26 00:00:00+00:00,0.0,15.96571
2041-01-27 00:00:00+00:00,0.0,17.108532
2041-01-28 00:00:00+00:00,0.0,16.007633
2041-01-29 00:00:00+00:00,0.0,14.903804
2041-01-30 00:00:00+00:00,0.0,14.360186
2041-01-31 00:00:00+00:00,0.0,13.251228
2041-02-01 00:00:00+00:00,0.0,11.857022
2041-02-02 00:00:00+00:00,0.0,11.307176
2041-02-03 00:00:00+00:00,0.0,12.737205
2041-02-04 00:00:00+00:00,0.0,15.304621
2041-02-05 00:00:00+00:00,0.0,14.189452
2041-02-06 00:00:00+00:00,0.0,12.503019
2041-02-07 00:00:00+00:00,0.0,14.795574
2041-02-08 00:00:00+00:00,0.0,19.088388
2041-02-09 00:00:00+00:00,0.0,16.545815
2041-02-10 00:00:00+00:00,0.0,15.424792
2041-02-11 00:00:00+00:00,0.0,14.586827
2041-02-12 00:00:00+00:00,0.0,16.324139
2041-02-13 00:00:00+00:00,0.0,16.918892
2041-02-14 00:00:00+00:00,0.0,11.772479
2041-02-15 00:00:00+00:00,0.0,14.375336
2041-02-16 00:00:00+00:00,0.0,13.530364
2041-02-17 00:00:00+00:00,0.0,14.412685
2041-02-18 00:00:00+00:00,0.0,18.183544
2041-02-19 00:00:00+00:00,0.0,17.051113
2041-02-20 00:00:00+00:00,0.0,18.520092
2041-02-21 00:00:00+00:00,0.0,20.282587
2041-02-22 00:00:00+00:00,0.0,18.858213
2041-02-23 00:00:00+00:00,0.0,20.044622
2041-02-24 00:00:00+00:00,0.0,20.070547
2041-02-25 00:00:00+00:00,0.0,15.436435
2041-02-26 00:00:00+00:00,0.0,15.748007
2041-02-27 00:00:00+00:00,0.0,16.64436
2041-02-28 00:00:00+00:00,0.0,15.203928
2041-03-01 00:00:00+00:00,0.0,13.759735
2041-03-02 00:00:00+00:00,0.0,12.018652
2041-03-03 00:00:00+00:00,0.0,14.092636
2041-03-04 00:00:00+00:00,0.0,15.003769
2041-03-05 00:00:00+00:00,0.0,15.034206
2041-03-06 00:00:00+00:00,0.0,18.31399
2041-03-07 00:00:00+00:00,0.0,18.943188
2041-03-08 00:00:00+00:00,0.0,15.719248
2041-03-09 00:00:00+00:00,0.0,15.156874
2041-03-10 00:00:00+00:00,0.0,15.783372
2041-03-11 00:00:00+00:00,0.0,13.428323
2041-03-12 00:00:00+00:00,0.0,13.754772
2041-03-13 00:00:00+00:00,0.0,13.782898
2041-03-14 00:00:00+00:00,0.0,11.709419
2041-03-15 00:00:00+00:00,0.0,17.148832
2041-03-16 00:00:00+00:00,0.0,20.198746
2041-03-17 00:00:00+00:00,0.0,14.802546
2041-03-18 00:00:00+00:00,0.0,13.622112
2041-03-19 00:00:00+00:00,0.0,16.07683
2041-03-20 00:00:00+00:00,0.0,13.374289
2041-03-21 00:00:00+00:00,0.0,11.269746
2041-03-22 00:00:00+00:00,0.0,13.124303
2041-03-23 00:00:00+00:00,0.0,12.845568
2041-03-24 00:00:00+00:00,0.0,13.178612
2041-03-25 00:00:00+00:00,0.0,18.119715
2041-03-26 00:00:00+00:00,0.0,18.465012
2041-03-27 00:00:00+00:00,0.0,14.185876
2041-03-28 00:00:00+00:00,0.0,13.288248
2041-03-29 00:00:00+00:00,0.0,14.864228
2041-03-30 00:00:00+00:00,0.0,16.446743
2041-03-31 00:00:00+00:00,0.0,16.17004
2041-04-01 00:00:00+00:00,0.0,14.334096
2041-04-02 00:00:00+00:00,0.0,13.739499
2041-04-03 00:00:00+00:00,0.0,15.645693
2041-04-04 00:00:00+00:00,0.0,18.81411
2041-04-05 00:00:00+00:00,0.0,18.853514
2041-04-06 00:00:00+00:00,0.0,16.059084
2041-04-07 00:00:00+00:00,0.0,14.199521
2041-04-08 00:00:00+00:00,0.0,18.023848
2041-04-09 00:00:00+00:00,0.0,15.209902
2041-04-10 00:00:00+00:00,0.0,12.384066
2041-04-11 00:00:00+00:00,0.0,12.410172
2041-04-12 00:00:00+00:00,0.0,13.3930025
2041-04-13 00:00:00+00:00,0.0,16.616842
2041-04-14 00:00:00+00:00,0.0,11.848527
2041-04-15 00:00:00+00:00,0.0,15.082695
2041-04-16 00:00:00+00:00,0.0,17.687374
2041-04-17 00:00:00+00:00,0.0,15.146733
2041-04-18 00:00:00+00:00,0.0,12.595264
2041-04-19 00:00:00+00:00,0.0,13.916619
2041-04-20 00:00:00+00:00,0.0,17.838219
2041-04-21 00:00:00+00:00,0.0,17.22619
2041-04-22 00:00:00+00:00,0.0,14.005787
2041-04-23 00:00:00+00:00,0.0,27.092169
2041-04-24 00:00:00+00:00,0.0,17.009706
2041-04-25 00:00:00+00:00,0.0,11.47335
2041-04-26 00:00:00+00:00,0.0,16.75414
2041-04-27 00:00:00+00:00,0.0,17.777744
2041-04-28 00:00:00+00:00,0.0,13.856834
2041-04-29 00:00:00+00:00,0.0,14.547903
2041-04-30 00:00:00+00:00,0.0,17.892685
2041-05-01 00:00:00+00:00,0.0,20.587734
2041-05-02 00:00:00+00:00,0.0,19.96661
2041-05-03 00:00:00+00:00,0.0,20.305897
2041-05-04 00:00:00+00:00,0.0,18.280867
2041-05-05 00:00:00+00:00,0.0,17.58945
2041-05-06 00:00:00+00:00,0.0,18.2256
2041-05-07 00:00:00+00:00,0.0,19.852427
2041-05-08 00:00:00+00:00,0.0,18.50095
2041-05-09 00:00:00+00:00,0.0,15.834026
2041-05-10 00:00:00+00:00,0.0,15.810148
2041-05-11 00:00:00+00:00,0.0,16.772968
2041-05-12 00:00:00+00:00,0.0,17.732866
2041-05-13 00:00:00+00:00,0.0,18.689857
2041-05-14 00:00:00+00:00,0.0,15.715161
2041-05-15 00:00:00+00:00,0.0,17.652987
2041-05-16 00:00:00+00:00,0.0,19.258556
2041-05-17 00:00:00+00:00,0.0,16.948172
2041-05-18 00:00:00+00:00,0.0,16.597317
2041-05-19 00:00:00+00:00,0.0,17.872242
2041-05-20 00:00:00+00:00,0.0,15.24977
2041-05-21 00:00:00+00:00,1.1891186,12.311149
2041-05-22 00:00:00+00:00,0.0,12.939724
2041-05-23 00:00:00+00:00,0.0,15.18145
2041-05-24 00:00:00+00:00,0.29533738,9.03076
2041-05-25 00:00:00+00:00,0.0,14.814105
2041-05-26 00:00:00+00:00,0.14714758,14.148879
2041-05-27 00:00:00+00:00,0.0,14.769962
2041-05-28 00:00:00+00:00,0.0,15.068569
2041-05-29 00:00:00+00:00,0.0,15.366271
2041-05-30 00:00:00+00:00,0.0,15.343412
2041-05-31 00:00:00+00:00,0.0,19.469936
2041-06-01 00:00:00+00:00,0.0,16.89137
2041-06-02 00:00:00+00:00,0.0,19.730385
2041-06-03 00:00:00+00:00,0.0,18.430073
2041-06-04 00:00:00+00:00,0.0,19.354616
2041-06-05 00:00:00+00:00,0.0,17.741844
2041-06-06 00:00:00+00:00,0.0,14.868429
2041-06-07 00:00:00+00:00,0.0,13.267023
2041-06-08 00:00:00+00:00,0.0,13.247407
2041-06-09 00:00:00+00:00,0.0,18.8969
2041-06-10 00:00:00+00:00,0.0,13.837265
2041-06-11 00:00:00+00:00,0.0,18.213114
2041-06-12 00:00:00+00:00,0.0,19.12692
2041-06-13 00:00:00+00:00,0.0,21.916576
2041-06-14 00:00:00+00:00,2.8905282,18.75797
2041-06-15 00:00:00+00:00,5.7779565,21.22774
2041-06-16 00:00:00+00:00,0.0,10.598259
2041-06-17 00:00:00+00:00,0.0,14.628998
2041-06-18 00:00:00+00:00,5.9136596,16.783094
2041-06-19 00:00:00+00:00,2.1625533,16.758455
2041-06-20 00:00:00+00:00,5.4760814,15.184436
2041-06-21 00:00:00+00:00,4.1773643,12.377284
2041-06-22 00:00:00+00:00,9.215294,17.302807
2041-06-23 00:00:00+00:00,0.0,16.35189
2041-06-24 00:00:00+00:00,0.0,18.484484
2041-06-25 00:00:00+00:00,0.0,18.765078
2041-06-26 00:00:00+00:00,0.0,19.659176
2041-06-27 00:00:00+00:00,0.28745767,16.5632
2041-06-28 00:00:00+00:00,3.0173244,14.0887985
2041-06-29 00:00:00+00:00,0.143637,11.009932
2041-06-30 00:00:00+00:00,0.0,16.79621
2041-07-01 00:00:00+00:00,0.0,19.211264
2041-07-02 00:00:00+00:00,0.0,17.660809
2041-07-03 00:00:00+00:00,0.0,15.52233
2041-07-04 00:00:00+00:00,0.28561208,17.046734
2041-07-05 00:00:00+00:00,0.14240357,19.484978
2041-07-06 00:00:00+00:00,0.0,17.356483
2041-07-07 00:00:00+00:00,0.14164387,23.145563
2041-07-08 00:00:00+00:00,0.4238549,14.92512
2041-07-09 00:00:00+00:00,0.0,20.106361
2041-07-10 00:00:00+00:00,0.0,20.41421
2041-07-11 00:00:00+00:00,4.0682163,16.455833
2041-07-12 00:00:00+00:00,3.4993072,14.020153
2041-07-13 00:00:00+00:00,0.0,15.851386
2041-07-14 00:00:00+00:00,0.55752474,19.512512
2041-07-15 00:00:00+00:00,0.55640024,15.856457
2041-07-16 00:00:00+00:00,1.6659354,14.334106
2041-07-17 00:00:00+00:00,0.0,18.301819
2041-07-18 00:00:00+00:00,0.0,19.525108
2041-07-19 00:00:00+00:00,0.0,17.08726
2041-07-20 00:00:00+00:00,0.0,16.78488
2041-07-21 00:00:00+00:00,0.0,18.00856
2041-07-22 00:00:00+00:00,0.0,17.400974
2041-07-23 00:00:00+00:00,0.0,18.625187
2041-07-24 00:00:00+00:00,0.0,15.574474
2041-07-25 00:00:00+00:00,0.0,17.104244
2041-07-26 00:00:00+00:00,4.505172,12.83034
2041-07-27 00:00:00+00:00,5.9982634,17.110014
2041-07-28 00:00:00+00:00,2.586532,15.890565
2041-07-29 00:00:00+00:00,2.7189486,13.753797
2041-07-30 00:00:00+00:00,5.02336,18.647226
2041-07-31 00:00:00+00:00,0.0,12.535536
2041-08-01 00:00:00+00:00,0.0,19.876842
2041-08-02 00:00:00+00:00,0.13525093,20.797844
2041-08-03 00:00:00+00:00,0.0,18.048332
2041-08-04 00:00:00+00:00,0.26985666,14.380005
2041-08-05 00:00:00+00:00,0.0,14.994557
2041-08-06 00:00:00+00:00,0.0,17.445726
2041-08-07 00:00:00+00:00,0.0,18.367184
2041-08-08 00:00:00+00:00,0.0,20.81985
2041-08-09 00:00:00+00:00,0.5367488,19.904892
2041-08-10 00:00:00+00:00,4.82577,18.989622
2041-08-11 00:00:00+00:00,0.9373996,13.172602
2041-08-12 00:00:00+00:00,5.217511,15.626155
2041-08-13 00:00:00+00:00,15.236482,16.85481
2041-08-14 00:00:00+00:00,15.889733,14.099334
2041-08-15 00:00:00+00:00,6.9369946,12.875675
2041-08-16 00:00:00+00:00,1.0662638,15.331018
2041-08-17 00:00:00+00:00,19.44205,18.093964
2041-08-18 00:00:00+00:00,19.425152,11.349179
2041-08-19 00:00:00+00:00,0.79761374,11.044517
2041-08-20 00:00:00+00:00,0.53129846,14.421945
2041-08-21 00:00:00+00:00,17.385777,20.562838
2041-08-22 00:00:00+00:00,27.1849,11.05079
2041-08-23 00:00:00+00:00,0.79502887,22.1058
2041-08-24 00:00:00+00:00,0.0,11.976276
2041-08-25 00:00:00+00:00,0.7938122,17.200022
2041-08-26 00:00:00+00:00,0.0,21.196993
2041-08-27 00:00:00+00:00,12.946488,13.826816
2041-08-28 00:00:00+00:00,0.5280492,15.058814
2041-08-29 00:00:00+00:00,0.6595967,8.91411
2041-08-30 00:00:00+00:00,8.305172,15.064748
2041-08-31 00:00:00+00:00,15.808626,19.372808
2041-09-01 00:00:00+00:00,0.0,16.301008
2041-09-02 00:00:00+00:00,2.3697975,14.1397
2041-09-03 00:00:00+00:00,0.0,17.505974
2041-09-04 00:00:00+00:00,43.20703,15.649853
2041-09-05 00:00:00+00:00,31.228779,18.089241
2041-09-06 00:00:00+00:00,0.13180636,6.7393627
2041-09-07 00:00:00+00:00,0.13184689,9.488232
2041-09-08 00:00:00+00:00,0.0,11.620753
2041-09-09 00:00:00+00:00,5.8049927,12.8329525
2041-09-10 00:00:00+00:00,0.131976,8.24266
2041-09-11 00:00:00+00:00,0.13202174,13.115894
2041-09-12 00:00:00+00:00,0.0,18.285471
2041-09-13 00:00:00+00:00,7.1343555,27.100039
2041-09-14 00:00:00+00:00,0.0,15.5158205
2041-09-15 00:00:00+00:00,17.453049,21.277807
2041-09-16 00:00:00+00:00,0.0,15.185273
2041-09-17 00:00:00+00:00,0.0,11.834248
2041-09-18 00:00:00+00:00,3.7068424,10.914441
2041-09-19 00:00:00+00:00,0.26489395,13.93412
2041-09-20 00:00:00+00:00,1.4575976,12.106089
2041-09-21 00:00:00+00:00,11.666433,10.583608
2041-09-22 00:00:00+00:00,12.202858,7.553132
2041-09-23 00:00:00+00:00,15.394248,8.753989
2041-09-24 00:00:00+00:00,19.65159,9.047943
2041-09-25 00:00:00+00:00,11.824177,8.437364
2041-09-26 00:00:00+00:00,1.5952071,4.8171306
2041-09-27 00:00:00+00:00,0.13301517,9.926626
2041-09-28 00:00:00+00:00,3.593698,12.923351
2041-09-29 00:00:00+00:00,0.0,17.11591
2041-09-30 00:00:00+00:00,0.26656166,8.10041
2041-10-01 00:00:00+00:00,0.0,11.990045
2041-10-02 00:00:00+00:00,0.0,7.7866635
2041-10-03 00:00:00+00:00,5.8777323,9.27591
2041-10-04 00:00:00+00:00,0.0,8.071886
2041-10-05 00:00:00+00:00,0.0,13.739947
2041-10-06 00:00:00+00:00,0.0,8.952906
2041-10-07 00:00:00+00:00,0.0,8.050478
2041-10-08 00:00:00+00:00,0.0,8.937043
2041-10-09 00:00:00+00:00,0.40303972,11.0125675
2041-10-10 00:00:00+00:00,0.0,9.813291
2041-10-11 00:00:00+00:00,0.13466097,10.398775
2041-10-12 00:00:00+00:00,0.0,10.686357
2041-10-13 00:00:00+00:00,2.1602435,13.049455
2041-10-14 00:00:00+00:00,0.13520971,8.5931
2041-10-15 00:00:00+00:00,0.0,6.809126
2041-10-16 00:00:00+00:00,0.0,8.57774
2041-10-17 00:00:00+00:00,0.0,7.092461
2041-10-18 00:00:00+00:00,0.0,11.21966
2041-10-19 00:00:00+00:00,1.0912822,10.324621
2041-10-20 00:00:00+00:00,6.2886133,10.904791
2041-10-21 00:00:00+00:00,0.0,9.717145
2041-10-22 00:00:00+00:00,0.0,10.590974
2041-10-23 00:00:00+00:00,0.0,11.75714
2041-10-24 00:00:00+00:00,0.0,10.865538
2041-10-25 00:00:00+00:00,0.0,10.855719
2041-10-26 00:00:00+00:00,0.0,9.9665
2041-10-27 00:00:00+00:00,0.0,7.907406
2041-10-28 00:00:00+00:00,0.0,10.5336485
2041-10-29 00:00:00+00:00,0.0,10.2317505
2041-10-30 00:00:00+00:00,0.0,9.930383
2041-10-31 00:00:00+00:00,1.7147804,8.75413
2041-11-01 00:00:00+00:00,0.0,11.078467
2041-11-02 00:00:00+00:00,0.0,10.190042
2041-11-03 00:00:00+00:00,0.0,10.46642
2041-11-04 00:00:00+00:00,6.9319444,8.129149
2041-11-05 00:00:00+00:00,0.0,7.248066
2041-11-06 00:00:00+00:00,0.0,7.8170776
2041-11-07 00:00:00+00:00,0.0,9.541061
2041-11-08 00:00:00+00:00,0.0,10.394193
2041-11-09 00:00:00+00:00,0.0,10.668395
2041-11-10 00:00:00+00:00,0.0,12.957534
2041-11-11 00:00:00+00:00,0.0,18.691278
2041-11-12 00:00:00+00:00,0.0,17.517603
2041-11-13 00:00:00+00:00,0.0,16.63395
2041-11-14 00:00:00+00:00,0.0,18.616869
2041-11-15 00:00:00+00:00,0.0,19.450525
2041-11-16 00:00:00+00:00,0.0,16.28282
2041-11-17 00:00:00+00:00,0.0,12.552871
2041-11-18 00:00:00+00:00,0.0,10.827115
2041-11-19 00:00:00+00:00,0.0,12.236005
2041-11-20 00:00:00+00:00,0.0,15.914913
2041-11-21 00:00:00+00:00,0.0,12.77253
2041-11-22 00:00:00+00:00,0.0,12.189452
2041-11-23 00:00:00+00:00,0.0,12.174149
2041-11-24 00:00:00+00:00,0.0,11.02788
2041-11-25 00:00:00+00:00,0.0,10.731773
2041-11-26 00:00:00+00:00,0.0,11.564719
2041-11-27 00:00:00+00:00,0.0,12.959118
2041-11-28 00:00:00+00:00,0.0,12.380538
2041-11-29 00:00:00+00:00,0.0,16.581015
2041-11-30 00:00:00+00:00,0.0,17.683764
2041-12-01 00:00:00+00:00,0.0,14.578586
2041-12-02 00:00:00+00:00,0.0,11.760942
2041-12-03 00:00:00+00:00,0.0,13.704793
2041-12-04 00:00:00+00:00,0.0,13.967953
2041-12-05 00:00:00+00:00,0.0,13.6725
2041-12-06 00:00:00+00:00,0.0,14.492624
2041-12-07 00:00:00+00:00,0.0,16.42443
2041-12-08 00:00:00+00:00,0.0,14.737084
2041-12-09 00:00:00+00:00,0.0,13.331434
2041-12-10 00:00:00+00:00,0.0,11.096812
2041-12-11 00:00:00+00:00,0.0,11.361283
2041-12-12 00:00:00+00:00,0.0,10.794834
2041-12-13 00:00:00+00:00,0.0,10.506195
2041-12-14 00:00:00+00:00,0.0,14.084619
2041-12-15 00:00:00+00:00,0.0,17.379251
2041-12-16 00:00:00+00:00,0.0,15.155537
2041-12-17 00:00:00+00:00,0.0,17.61608
2041-12-18 00:00:00+00:00,0.0,18.696543
2041-12-19 00:00:00+00:00,0.0,16.20429
2041-12-20 00:00:00+00:00,0.0,16.461042
2041-12-21 00:00:00+00:00,0.0,16.717308
2041-12-22 00:00:00+00:00,0.0,14.50926
2041-12-23 00:00:00+00:00,0.0,12.579476
2041-12-24 00:00:00+00:00,0.0,14.478324
2041-12-25 00:00:00+00:00,0.0,15.008771
2041-12-26 00:00:00+00:00,0.0,15.538161
2041-12-27 00:00:00+00:00,0.0,15.249565
2041-12-28 00:00:00+00:00,0.0,14.9616375
2041-12-29 00:00:00+00:00,0.0,16.576603
2041-12-30 00:00:00+00:00,0.0,17.91683
2041-12-31 00:00:00+00:00,0.0,16.271301
2042-01-01 00:00:00+00:00,0.0,14.629209
2042-01-02 00:00:00+00:00,0.0,16.005037
2042-01-03 00:00:00+00:00,0.0,16.297956
2042-01-04 00:00:00+00:00,0.0,17.951586
2042-01-05 00:00:00+00:00,0.0,18.7925
2042-01-06 00:00:00+00:00,0.0,17.45387
2042-01-07 00:00:00+00:00,0.0,15.019326
2042-01-08 00:00:00+00:00,0.0,15.312687
2042-01-09 00:00:00+00:00,0.0,16.4282
2042-01-10 00:00:00+00:00,0.0,16.449966
2042-01-11 00:00:00+00:00,0.0,16.197216
2042-01-12 00:00:00+00:00,0.0,14.569299
2042-01-13 00:00:00+00:00,0.0,16.790617
2042-01-14 00:00:00+00:00,0.0,14.332232
2042-01-15 00:00:00+00:00,0.0,10.763379
2042-01-16 00:00:00+00:00,0.0,12.988379
2042-01-17 00:00:00+00:00,0.0,13.835659
2042-01-18 00:00:00+00:00,0.0,16.90177
2042-01-19 00:00:00+00:00,45.23142,14.704503
2042-01-20 00:00:00+00:00,76.31694,10.834551
2042-01-21 00:00:00+00:00,0.82140774,12.796043
2042-01-22 00:00:00+00:00,0.0,18.383701
2042-01-23 00:00:00+00:00,0.0,13.94537
2042-01-24 00:00:00+00:00,0.0,12.008786
2042-01-25 00:00:00+00:00,0.0,13.982052
2042-01-26 00:00:00+00:00,0.0,14.000414
2042-01-27 00:00:00+00:00,0.0,14.018793
2042-01-28 00:00:00+00:00,0.0,12.633464
2042-01-29 00:00:00+00:00,0.0,12.650029
2042-01-30 00:00:00+00:00,0.0,12.666607
2042-01-31 00:00:00+00:00,0.0,14.656137
2042-02-01 00:00:00+00:00,0.0,13.264235
2042-02-02 00:00:00+00:00,0.0,13.564178
2042-02-03 00:00:00+00:00,0.0,15.562613
2042-02-04 00:00:00+00:00,0.0,14.732973
2042-02-05 00:00:00+00:00,0.0,9.929377
2042-02-06 00:00:00+00:00,0.0,13.635212
2042-02-07 00:00:00+00:00,0.0,17.35069
2042-02-08 00:00:00+00:00,0.0,11.961958
2042-02-09 00:00:00+00:00,0.0,13.40345
2042-02-10 00:00:00+00:00,0.0,14.277567
2042-02-11 00:00:00+00:00,0.0,18.013163
2042-02-12 00:00:00+00:00,0.0,18.89549
2042-02-13 00:00:00+00:00,0.0,21.213413
2042-02-14 00:00:00+00:00,0.0,20.09283
2042-02-15 00:00:00+00:00,0.0,22.13083
2042-02-16 00:00:00+00:00,0.0,20.145071
2042-02-17 00:00:00+00:00,0.0,14.119854
2042-02-18 00:00:00+00:00,0.0,13.561105
2042-02-19 00:00:00+00:00,0.0,12.711967
2042-02-20 00:00:00+00:00,0.0,9.546332
2042-02-21 00:00:00+00:00,0.0,12.455274
2042-02-22 00:00:00+00:00,0.0,14.211596
2042-02-23 00:00:00+00:00,0.0,17.424473
2042-02-24 00:00:00+00:00,0.0,19.191711
2042-02-25 00:00:00+00:00,0.0,9.317102
2042-02-26 00:00:00+00:00,0.0,12.244496
2042-02-27 00:00:00+00:00,0.0,10.800749
2042-02-28 00:00:00+00:00,0.0,18.706495
2042-03-01 00:00:00+00:00,0.0,22.242619
2042-03-02 00:00:00+00:00,0.0,20.806084
2042-03-03 00:00:00+00:00,0.0,15.552749
2042-03-04 00:00:00+00:00,0.0,9.99745
2042-03-05 00:00:00+00:00,0.0,12.964117
2042-03-06 00:00:00+00:00,0.0,16.533278
2042-03-07 00:00:00+00:00,0.0,16.271038
2042-03-08 00:00:00+00:00,0.0,15.414817
2042-03-09 00:00:00+00:00,0.0,13.36691
2042-03-10 00:00:00+00:00,0.0,13.989446
2042-03-11 00:00:00+00:00,0.0,13.421479
2042-03-12 00:00:00+00:00,0.0,11.356839
2042-03-13 00:00:00+00:00,0.0,11.679532
2042-03-14 00:00:00+00:00,0.0,11.103256
2042-03-15 00:00:00+00:00,0.0,13.832325
2042-03-16 00:00:00+00:00,0.0,17.476522
2042-03-17 00:00:00+00:00,0.0,14.493016
2042-03-18 00:00:00+00:00,0.0,11.799769
2042-03-19 00:00:00+00:00,0.0,13.339944
2042-03-20 00:00:00+00:00,0.0,13.367409
2042-03-21 00:00:00+00:00,0.0,14.917114
2042-03-22 00:00:00+00:00,0.0,15.55801
2042-03-23 00:00:00+00:00,0.0,12.22756
2042-03-24 00:00:00+00:00,0.0,21.442472
2042-03-25 00:00:00+00:00,0.0,12.585154
2042-03-26 00:00:00+00:00,0.0,14.149181
2042-03-27 00:00:00+00:00,0.0,30.20643
2042-03-28 00:00:00+00:00,0.0,23.474024
2042-03-29 00:00:00+00:00,0.0,19.499172
2042-03-30 00:00:00+00:00,0.0,11.475719
2042-03-31 00:00:00+00:00,0.0,12.432019
2042-04-01 00:00:00+00:00,0.0,13.7037325
2042-04-02 00:00:00+00:00,0.0,11.859742
2042-04-03 00:00:00+00:00,0.0,12.510021
2042-04-04 00:00:00+00:00,0.0,15.670234
2042-04-05 00:00:00+00:00,0.0,15.703043
2042-04-06 00:00:00+00:00,0.0,16.050674
2042-04-07 00:00:00+00:00,0.0,16.084354
2042-04-08 00:00:00+00:00,0.0,18.014389
2042-04-09 00:00:00+00:00,0.0,17.418858
2042-04-10 00:00:00+00:00,0.0,14.599166
2042-04-11 00:00:00+00:00,0.0,16.856226
2042-04-12 00:00:00+00:00,0.0,21.035055
2042-04-13 00:00:00+00:00,0.0,20.121323
2042-04-14 00:00:00+00:00,0.0,14.40276
2042-04-15 00:00:00+00:00,0.0,11.546595
2042-04-16 00:00:00+00:00,0.0,12.213898
2042-04-17 00:00:00+00:00,0.0,15.7829075
2042-04-18 00:00:00+00:00,0.0,15.493641
2042-04-19 00:00:00+00:00,0.0,17.79087
2042-04-20 00:00:00+00:00,0.0,24.636066
2042-04-21 00:00:00+00:00,0.0,17.217022
2042-04-22 00:00:00+00:00,0.0,19.858084
2042-04-23 00:00:00+00:00,0.0,17.29059
2042-04-24 00:00:00+00:00,0.0,16.34675
2042-04-25 00:00:00+00:00,0.0,18.347544
2042-04-26 00:00:00+00:00,0.0,15.103489
2042-04-27 00:00:00+00:00,0.0,16.12301
2042-04-28 00:00:00+00:00,0.0,16.81713
2042-04-29 00:00:00+00:00,0.0,16.192375
2042-04-30 00:00:00+00:00,0.0,14.571386
2042-05-01 00:00:00+00:00,0.0,10.620207
2042-05-02 00:00:00+00:00,0.0,13.303898
2042-05-03 00:00:00+00:00,0.0,16.650486
2042-05-04 00:00:00+00:00,0.0,16.29276
2042-05-05 00:00:00+00:00,0.0,14.608091
2042-05-06 00:00:00+00:00,0.0,14.917495
2042-05-07 00:00:00+00:00,0.0,16.549942
2042-05-08 00:00:00+00:00,0.0,15.20295
2042-05-09 00:00:00+00:00,0.0,13.200004
2042-05-10 00:00:00+00:00,0.0,18.122627
2042-05-11 00:00:00+00:00,0.0,15.463268
2042-05-12 00:00:00+00:00,0.0,19.053593
2042-05-13 00:00:00+00:00,0.0,18.696896
2042-05-14 00:00:00+00:00,0.0,19.651342
2042-05-15 00:00:00+00:00,0.0,16.351503
2042-05-16 00:00:00+00:00,0.0,13.714631
2042-05-17 00:00:00+00:00,0.0,13.04195
2042-05-18 00:00:00+00:00,0.0,16.277985
2042-05-19 00:00:00+00:00,0.0,16.903728
2042-05-20 00:00:00+00:00,0.0,11.685051
2042-05-21 00:00:00+00:00,0.0,12.315759
2042-05-22 00:00:00+00:00,0.0,13.591793
2042-05-23 00:00:00+00:00,0.0,14.217737
2042-05-24 00:00:00+00:00,0.0,16.455032
2042-05-25 00:00:00+00:00,0.0,22.229456
2042-05-26 00:00:00+00:00,0.0,16.72764
2042-05-27 00:00:00+00:00,0.0,16.381498
2042-05-28 00:00:00+00:00,0.0,18.602186
2042-05-29 00:00:00+00:00,0.0,21.776989
2042-05-30 00:00:00+00:00,0.0,19.186407
2042-05-31 00:00:00+00:00,0.0,20.435068
2042-06-01 00:00:00+00:00,0.0,23.274118
2042-06-02 00:00:00+00:00,0.0,17.509258
2042-06-03 00:00:00+00:00,0.0,17.801157
2042-06-04 00:00:00+00:00,0.0,14.283291
2042-06-05 00:00:00+00:00,0.0,15.52987
2042-06-06 00:00:00+00:00,0.0,18.038605
2042-06-07 00:00:00+00:00,0.0,18.643906
2042-06-08 00:00:00+00:00,0.0,15.145495
2042-06-09 00:00:00+00:00,0.0,11.34233
2042-06-10 00:00:00+00:00,0.0,17.302969
2042-06-11 00:00:00+00:00,0.0,14.450214
2042-06-12 00:00:00+00:00,0.0,17.565619
2042-06-13 00:00:00+00:00,0.0,19.418983
2042-06-14 00:00:00+00:00,0.0,20.954117
2042-06-15 00:00:00+00:00,0.0,22.796997
2042-06-16 00:00:00+00:00,0.0,19.33335
2042-06-17 00:00:00+00:00,0.0,20.86177
2042-06-18 00:00:00+00:00,0.28850472,13.680138
2042-06-19 00:00:00+00:00,0.0,9.313672
2042-06-20 00:00:00+00:00,0.0,14.570008
2042-06-21 00:00:00+00:00,0.0,13.929551
2042-06-22 00:00:00+00:00,0.0,20.090979
2042-06-23 00:00:00+00:00,0.0,19.444277
2042-06-24 00:00:00+00:00,0.0,19.107624
2042-06-25 00:00:00+00:00,3.1644816,17.540995
2042-06-26 00:00:00+00:00,0.86273736,26.426676
2042-06-27 00:00:00+00:00,0.0,16.262415
2042-06-28 00:00:00+00:00,0.0,16.545067
2042-06-29 00:00:00+00:00,0.0,17.13281
2042-06-30 00:00:00+00:00,0.0,19.246307
2042-07-01 00:00:00+00:00,0.4306847,17.387953
2042-07-02 00:00:00+00:00,0.28704068,10.052052
2042-07-03 00:00:00+00:00,0.0,20.391304
2042-07-04 00:00:00+00:00,0.0,16.741688
2042-07-05 00:00:00+00:00,0.1425027,20.093107
2042-07-06 00:00:00+00:00,0.85267115,23.445572
2042-07-07 00:00:00+00:00,0.1417357,14.922219
2042-07-08 00:00:00+00:00,0.0,10.660384
2042-07-09 00:00:00+00:00,0.0,13.403719
2042-07-10 00:00:00+00:00,0.0,21.632116
2042-07-11 00:00:00+00:00,0.0,21.330795
2042-07-12 00:00:00+00:00,1.5405395,15.543466
2042-07-13 00:00:00+00:00,0.13974594,17.679691
2042-07-14 00:00:00+00:00,14.503102,16.463024
2042-07-15 00:00:00+00:00,0.0,18.6001
2042-07-16 00:00:00+00:00,0.0,16.773277
2042-07-17 00:00:00+00:00,0.0,13.115774
2042-07-18 00:00:00+00:00,0.0,13.422968
2042-07-19 00:00:00+00:00,5.3867865,21.968435
2042-07-20 00:00:00+00:00,4.1364245,15.868688
2042-07-21 00:00:00+00:00,1.101169,13.124341
2042-07-22 00:00:00+00:00,0.0,9.158028
2042-07-23 00:00:00+00:00,0.9603797,14.044639
2042-07-24 00:00:00+00:00,0.0,15.268454
2042-07-25 00:00:00+00:00,0.0,16.49269
2042-07-26 00:00:00+00:00,0.0,20.466589
2042-07-27 00:00:00+00:00,0.40911818,19.24795
2042-07-28 00:00:00+00:00,51.61242,14.973166
2042-07-29 00:00:00+00:00,0.0,12.530699
2042-07-30 00:00:00+00:00,0.13581127,11.615805
2042-07-31 00:00:00+00:00,0.0,14.980848
2042-08-01 00:00:00+00:00,0.0,16.512354
2042-08-02 00:00:00+00:00,0.0,18.044405
2042-08-03 00:00:00+00:00,0.0,21.106451
2042-08-04 00:00:00+00:00,0.6748389,14.379372
2042-08-05 00:00:00+00:00,0.26962286,14.687898
2042-08-06 00:00:00+00:00,11.445999,11.629971
2042-08-07 00:00:00+00:00,12.643922,14.080881
2042-08-08 00:00:00+00:00,1.0749148,13.471067
2042-08-09 00:00:00+00:00,11.274666,19.597786
2042-08-10 00:00:00+00:00,10.190337,10.719465
2042-08-11 00:00:00+00:00,2.4110582,14.703634
2042-08-12 00:00:00+00:00,0.0,13.174395
2042-08-13 00:00:00+00:00,0.0,19.611975
2042-08-14 00:00:00+00:00,0.0,17.776604
2042-08-15 00:00:00+00:00,0.13343439,18.392973
2042-08-16 00:00:00+00:00,0.0,13.797277
2042-08-17 00:00:00+00:00,0.53277624,16.86647
2042-08-18 00:00:00+00:00,0.0,15.949453
2042-08-19 00:00:00+00:00,2.659275,18.71344
2042-08-20 00:00:00+00:00,6.6426077,14.728101
2042-08-21 00:00:00+00:00,0.13274284,13.810207
2042-08-22 00:00:00+00:00,0.0,15.65454
2042-08-23 00:00:00+00:00,0.0,16.578562
2042-08-24 00:00:00+00:00,0.0,16.888807
2042-08-25 00:00:00+00:00,6.0870395,14.435034
2042-08-26 00:00:00+00:00,16.925186,14.130641
2042-08-27 00:00:00+00:00,7.3993354,15.976874
2042-08-28 00:00:00+00:00,0.660179,17.209229
2042-08-29 00:00:00+00:00,0.659712,16.290504
2042-08-30 00:00:00+00:00,1.0548061,16.908575
2042-08-31 00:00:00+00:00,0.9223257,17.834396
2042-09-01 00:00:00+00:00,45.031998,15.069994
2042-09-02 00:00:00+00:00,5.0025682,14.45017
2042-09-03 00:00:00+00:00,0.6584122,10.751579
2042-09-04 00:00:00+00:00,0.0,9.207764
2042-09-05 00:00:00+00:00,8.695984,11.959854
2042-09-06 00:00:00+00:00,0.13179642,17.77122
2042-09-07 00:00:00+00:00,0.0,12.857782
2042-09-08 00:00:00+00:00,3.8244643,16.211374
2042-09-09 00:00:00+00:00,26.516075,11.613264
2042-09-10 00:00:00+00:00,0.0,10.687228
2042-09-11 00:00:00+00:00,0.0,14.033979
2042-09-12 00:00:00+00:00,0.0,13.71706
2042-09-13 00:00:00+00:00,0.0,17.359953
2042-09-14 00:00:00+00:00,29.074165,15.214876
2042-09-15 00:00:00+00:00,23.665035,16.721895
2042-09-16 00:00:00+00:00,12.035685,15.188565
2042-09-17 00:00:00+00:00,0.0,6.980685
2042-09-18 00:00:00+00:00,0.0,15.465485
2042-09-19 00:00:00+00:00,25.691776,20.299759
2042-09-20 00:00:00+00:00,1.9873979,19.676676
2042-09-21 00:00:00+00:00,1.7232387,10.283457
2042-09-22 00:00:00+00:00,6.7637663,13.598601
2042-09-23 00:00:00+00:00,0.92884016,13.586742
2042-09-24 00:00:00+00:00,3.7173576,7.239935
2042-09-25 00:00:00+00:00,7.970215,8.439208
2042-09-26 00:00:00+00:00,6.3798776,14.7556925
2042-09-27 00:00:00+00:00,1.4629399,7.2209477
2042-09-28 00:00:00+00:00,14.106312,7.5152235
2042-09-29 00:00:00+00:00,2.2638206,5.706557
2042-09-30 00:00:00+00:00,0.0,7.5020275
2042-10-01 00:00:00+00:00,1.2001762,7.795245
2042-10-02 00:00:00+00:00,4.4039483,5.9910607
2042-10-03 00:00:00+00:00,0.0,9.277957
2042-10-04 00:00:00+00:00,0.0,8.372693
2042-10-05 00:00:00+00:00,0.0,10.45662
2042-10-06 00:00:00+00:00,0.0,9.55188
2042-10-07 00:00:00+00:00,2.8146844,8.648727
2042-10-08 00:00:00+00:00,2.4150133,6.257318
2042-10-09 00:00:00+00:00,0.0,8.63339
2042-10-10 00:00:00+00:00,0.40338078,9.220595
2042-10-11 00:00:00+00:00,4.3078284,8.320872
2042-10-12 00:00:00+00:00,0.13478877,17.517654
2042-10-13 00:00:00+00:00,0.94477946,10.08592
2042-10-14 00:00:00+00:00,5.8118753,14.818999
2042-10-15 00:00:00+00:00,0.0,13.621298
2042-10-16 00:00:00+00:00,0.0,10.946462
2042-10-17 00:00:00+00:00,0.0,11.232246
2042-10-18 00:00:00+00:00,0.13606818,12.994102
2042-10-19 00:00:00+00:00,0.40901762,11.507163
2042-10-20 00:00:00+00:00,0.0,8.54892
2042-10-21 00:00:00+00:00,0.0,10.013858
2042-10-22 00:00:00+00:00,0.0,12.653181
2042-10-23 00:00:00+00:00,0.0,14.699739
2042-10-24 00:00:00+00:00,17.398663,14.099015
2042-10-25 00:00:00+00:00,0.41561803,11.738565
2042-10-26 00:00:00+00:00,0.0,8.502763
2042-10-27 00:00:00+00:00,0.0,16.99013
2042-10-28 00:00:00+00:00,0.0,9.950703
2042-10-29 00:00:00+00:00,0.0,7.017651
2042-10-30 00:00:00+00:00,0.0,10.516913
2042-10-31 00:00:00+00:00,0.0,13.426056
2042-11-01 00:00:00+00:00,0.0,10.497782
2042-11-02 00:00:00+00:00,0.0,8.154917
2042-11-03 00:00:00+00:00,0.0,19.195185
2042-11-04 00:00:00+00:00,0.0,15.102271
2042-11-05 00:00:00+00:00,0.0,14.791195
2042-11-06 00:00:00+00:00,0.0,14.770694
2042-11-07 00:00:00+00:00,0.0,11.568896
2042-11-08 00:00:00+00:00,0.0,10.975396
2042-11-09 00:00:00+00:00,0.0,11.248884
2042-11-10 00:00:00+00:00,0.0,12.673863
2042-11-11 00:00:00+00:00,0.0,12.944459
2042-11-12 00:00:00+00:00,0.0,10.916247
2042-11-13 00:00:00+00:00,0.0,9.180396
2042-11-14 00:00:00+00:00,0.0,7.735711
2042-11-15 00:00:00+00:00,0.0,11.445236
2042-11-16 00:00:00+00:00,0.0,15.145104
2042-11-17 00:00:00+00:00,0.0,14.26925
2042-11-18 00:00:00+00:00,0.0,11.400639
2042-11-19 00:00:00+00:00,0.0,8.824133
2042-11-20 00:00:00+00:00,0.0,9.665706
2042-11-21 00:00:00+00:00,0.0,9.369493
2042-11-22 00:00:00+00:00,0.0,10.20834
2042-11-23 00:00:00+00:00,0.0,8.779462
2042-11-24 00:00:00+00:00,0.0,14.991282
2042-11-25 00:00:00+00:00,0.0,20.34019
2042-11-26 00:00:00+00:00,0.0,17.211353
2042-11-27 00:00:00+00:00,0.0,17.190186
2042-11-28 00:00:00+00:00,0.0,14.917471
2042-11-29 00:00:00+00:00,0.0,15.461564
2042-11-30 00:00:00+00:00,0.0,14.038965
2042-12-01 00:00:00+00:00,0.0,14.022075
2042-12-02 00:00:00+00:00,0.0,15.966041
2042-12-03 00:00:00+00:00,0.0,15.667269
2042-12-04 00:00:00+00:00,0.0,12.574867
2042-12-05 00:00:00+00:00,0.0,9.489826
2042-12-06 00:00:00+00:00,0.0,11.151428
2042-12-07 00:00:00+00:00,0.0,11.138443
2042-12-08 00:00:00+00:00,0.0,10.5692625
2042-12-09 00:00:00+00:00,0.0,13.613083
2042-12-10 00:00:00+00:00,0.0,11.654983
2042-12-11 00:00:00+00:00,0.0,12.750428
2042-12-12 00:00:00+00:00,0.0,13.843444
2042-12-13 00:00:00+00:00,0.0,13.551274
2042-12-14 00:00:00+00:00,0.0,12.983575
2042-12-15 00:00:00+00:00,0.0,12.693144
2042-12-16 00:00:00+00:00,0.0,13.230314
2042-12-17 00:00:00+00:00,0.0,12.940371
2042-12-18 00:00:00+00:00,0.0,13.751225
2042-12-19 00:00:00+00:00,0.0,14.285639
2042-12-20 00:00:00+00:00,0.0,13.446829
2042-12-21 00:00:00+00:00,0.0,13.706409
2042-12-22 00:00:00+00:00,0.0,14.513155
2042-12-23 00:00:00+00:00,0.0,13.403456
2042-12-24 00:00:00+00:00,0.0,15.575163
2042-12-25 00:00:00+00:00,0.0,15.8316145
2042-12-26 00:00:00+00:00,0.0,15.542248
2042-12-27 00:00:00+00:00,0.0,15.798326
2042-12-28 00:00:00+00:00,0.0,15.781835
2042-12-29 00:00:00+00:00,0.0,16.037262
2042-12-30 00:00:00+00:00,0.0,15.206075
2042-12-31 00:00:00+00:00,0.0,16.004217
2043-01-01 00:00:00+00:00,0.0,14.903918
2043-01-02 00:00:00+00:00,0.0,13.016721
2043-01-03 00:00:00+00:00,0.0,11.9478655
2043-01-04 00:00:00+00:00,0.0,17.129915
2043-01-05 00:00:00+00:00,0.0,16.608149
2043-01-06 00:00:00+00:00,0.0,17.720709
2043-01-07 00:00:00+00:00,0.0,14.468372
2043-01-08 00:00:00+00:00,0.0,12.847462
2043-01-09 00:00:00+00:00,0.0,10.948507
2043-01-10 00:00:00+00:00,0.0,12.33339
2043-01-11 00:00:00+00:00,0.0,12.624164
2043-01-12 00:00:00+00:00,0.0,14.01488
2043-01-13 00:00:00+00:00,0.0,13.483091
2043-01-14 00:00:00+00:00,0.0,12.674328
2043-01-15 00:00:00+00:00,0.0,11.311611
2043-01-16 00:00:00+00:00,0.0,11.879066
2043-01-17 00:00:00+00:00,0.0,13.277854
2043-01-18 00:00:00+00:00,0.0,14.6803055
2043-01-19 00:00:00+00:00,0.0,14.1449585
2043-01-20 00:00:00+00:00,0.0,13.330445
2043-01-21 00:00:00+00:00,0.0,14.460337
2043-01-22 00:00:00+00:00,0.0,15.036267
2043-01-23 00:00:00+00:00,0.0,13.661973
2043-01-24 00:00:00+00:00,0.0,12.563206
2043-01-25 00:00:00+00:00,0.0,13.4183655
2043-01-26 00:00:00+00:00,0.0,14.555654
2043-01-27 00:00:00+00:00,0.0,14.014195
2043-01-28 00:00:00+00:00,0.0,13.47128
2043-01-29 00:00:00+00:00,0.0,12.083849
2043-01-30 00:00:00+00:00,0.0,12.381073
2043-01-31 00:00:00+00:00,0.0,17.468908
2043-02-01 00:00:00+00:00,0.0,18.056034
2043-02-02 00:00:00+00:00,0.0,17.51467
2043-02-03 00:00:00+00:00,0.0,14.42607
2043-02-04 00:00:00+00:00,0.0,18.410206
2043-02-05 00:00:00+00:00,0.0,18.150652
2043-02-06 00:00:00+00:00,0.0,17.606401
2043-02-07 00:00:00+00:00,0.0,20.757177
2043-02-08 00:00:00+00:00,0.0,22.777262
2043-02-09 00:00:00+00:00,0.0,18.245565
2043-02-10 00:00:00+00:00,0.0,17.698421
2043-02-11 00:00:00+00:00,0.0,18.578962
2043-02-12 00:00:00+00:00,0.0,19.461754
2043-02-13 00:00:00+00:00,0.0,19.773645
2043-02-14 00:00:00+00:00,0.0,16.069044
2043-02-15 00:00:00+00:00,0.0,18.963129
2043-02-16 00:00:00+00:00,0.0,19.850842
2043-02-17 00:00:00+00:00,0.0,18.148212
2043-02-18 00:00:00+00:00,0.0,15.864235
2043-02-19 00:00:00+00:00,0.0,12.419035
2043-02-20 00:00:00+00:00,0.0,13.3027
2043-02-21 00:00:00+00:00,0.0,13.899063
2043-02-22 00:00:00+00:00,0.0,14.207
2043-02-23 00:00:00+00:00,0.0,15.676958
2043-02-24 00:00:00+00:00,0.0,18.604134
2043-02-25 00:00:00+00:00,0.0,20.956709
2043-02-26 00:00:00+00:00,0.0,22.73244
2043-02-27 00:00:00+00:00,0.0,17.50908
2043-02-28 00:00:00+00:00,0.0,15.48632
2043-03-01 00:00:00+00:00,0.0,17.846878
2043-03-02 00:00:00+00:00,0.0,16.40515
2043-03-03 00:00:00+00:00,0.0,16.426294
2043-03-04 00:00:00+00:00,0.0,18.515312
2043-03-05 00:00:00+00:00,0.0,14.135509
2043-03-06 00:00:00+00:00,0.34900686,11.50841
2043-03-07 00:00:00+00:00,0.0,16.558462
2043-03-08 00:00:00+00:00,0.0,19.55502
2043-03-09 00:00:00+00:00,0.0,22.26685
2043-03-10 00:00:00+00:00,0.0,18.444769
2043-03-11 00:00:00+00:00,0.0,13.116537
2043-03-12 00:00:00+00:00,0.0,13.74074
2043-03-13 00:00:00+00:00,0.0,14.367469
2043-03-14 00:00:00+00:00,0.0,13.197124
2043-03-15 00:00:00+00:00,0.0,12.923601
2043-03-16 00:00:00+00:00,0.0,14.455922
2043-03-17 00:00:00+00:00,0.0,14.485586
2043-03-18 00:00:00+00:00,0.0,15.724953
2043-03-19 00:00:00+00:00,0.0,21.817781
2043-03-20 00:00:00+00:00,0.0,17.915262
2043-03-21 00:00:00+00:00,0.0,13.388063
2043-03-22 00:00:00+00:00,0.0,14.940187
2043-03-23 00:00:00+00:00,0.0,10.388065
2043-03-24 00:00:00+00:00,0.0,11.328025
2043-03-25 00:00:00+00:00,0.0,12.578648
2043-03-26 00:00:00+00:00,0.0,14.756724
2043-03-27 00:00:00+00:00,0.0,13.863112
2043-03-28 00:00:00+00:00,0.0,13.5831785
2043-03-29 00:00:00+00:00,0.0,15.158149
2043-03-30 00:00:00+00:00,0.0,17.049637
2043-03-31 00:00:00+00:00,0.0,14.289386
2043-04-01 00:00:00+00:00,0.0,11.517594
2043-04-02 00:00:00+00:00,0.0,11.229688
2043-04-03 00:00:00+00:00,0.0,10.62797
2043-04-04 00:00:00+00:00,0.0,14.409084
2043-04-05 00:00:00+00:00,0.0,11.300279
2043-04-06 00:00:00+00:00,0.0,13.525838
2043-04-07 00:00:00+00:00,0.0,15.76071
2043-04-08 00:00:00+00:00,0.0,19.268444
2043-04-09 00:00:00+00:00,0.0,15.827008
2043-04-10 00:00:00+00:00,0.0,12.05384
2043-04-11 00:00:00+00:00,0.0,10.807735
2043-04-12 00:00:00+00:00,0.0,14.015981
2043-04-13 00:00:00+00:00,0.0,14.364791
2043-04-14 00:00:00+00:00,0.0,15.354832
2043-04-15 00:00:00+00:00,0.0,15.3873205
2043-04-16 00:00:00+00:00,0.0,14.456169
2043-04-17 00:00:00+00:00,0.0,15.130685
2043-04-18 00:00:00+00:00,0.0,19.679388
2043-04-19 00:00:00+00:00,0.0,20.367813
2043-04-20 00:00:00+00:00,0.0,14.255405
2043-04-21 00:00:00+00:00,0.0,14.610446
2043-04-22 00:00:00+00:00,0.0,16.593817
2043-04-23 00:00:00+00:00,0.0,15.324986
2043-04-24 00:00:00+00:00,0.0,16.66478
2043-04-25 00:00:00+00:00,0.0,11.133625
2043-04-26 00:00:00+00:00,0.0,10.829311
2043-04-27 00:00:00+00:00,0.0,20.389612
2043-04-28 00:00:00+00:00,0.0,17.467253
2043-04-29 00:00:00+00:00,0.0,11.890048
2043-04-30 00:00:00+00:00,0.0,13.901573
2043-05-01 00:00:00+00:00,0.0,16.253439
2043-05-02 00:00:00+00:00,0.0,14.293984
2043-05-03 00:00:00+00:00,0.0,17.323072
2043-05-04 00:00:00+00:00,0.0,17.296827
2043-05-05 00:00:00+00:00,0.0,16.27426
2043-05-06 00:00:00+00:00,0.0,18.902641
2043-05-07 00:00:00+00:00,0.0,15.562829
2043-05-08 00:00:00+00:00,0.0,16.861813
2043-05-09 00:00:00+00:00,0.0,15.515857
2043-05-10 00:00:00+00:00,0.0,16.481333
2043-05-11 00:00:00+00:00,0.0,14.810839
2043-05-12 00:00:00+00:00,0.0,17.088963
2043-05-13 00:00:00+00:00,0.0,18.375795
2043-05-14 00:00:00+00:00,0.0,14.416406
2043-05-15 00:00:00+00:00,0.0,12.104661
2043-05-16 00:00:00+00:00,0.0,11.759815
2043-05-17 00:00:00+00:00,0.0,16.308558
2043-05-18 00:00:00+00:00,0.0,18.238184
2043-05-19 00:00:00+00:00,0.0,17.885645
2043-05-20 00:00:00+00:00,0.0,16.235321
2043-05-21 00:00:00+00:00,0.0,15.886795
2043-05-22 00:00:00+00:00,0.0,16.510496
2043-05-23 00:00:00+00:00,0.0,15.192805
2043-05-24 00:00:00+00:00,0.0,13.556267
2043-05-25 00:00:00+00:00,0.0,13.213738
2043-05-26 00:00:00+00:00,0.0,14.159442
2043-05-27 00:00:00+00:00,0.0,17.67291
2043-05-28 00:00:00+00:00,0.0,16.042343
2043-05-29 00:00:00+00:00,0.0,15.057347
2043-05-30 00:00:00+00:00,0.0,13.755375
2043-05-31 00:00:00+00:00,0.0,15.332005
2043-06-01 00:00:00+00:00,0.0,14.671336
2043-06-02 00:00:00+00:00,0.0,13.694142
2043-06-03 00:00:00+00:00,0.0,14.627807
2043-06-04 00:00:00+00:00,0.0,15.87621
2043-06-05 00:00:00+00:00,0.0,12.36509
2043-06-06 00:00:00+00:00,0.0,17.095537
2043-06-07 00:00:00+00:00,0.0,22.444195
2043-06-08 00:00:00+00:00,0.0,19.885817
2043-06-09 00:00:00+00:00,0.0,15.443883
2043-06-10 00:00:00+00:00,0.0,16.050499
2043-06-11 00:00:00+00:00,0.0,12.570044
2043-06-12 00:00:00+00:00,0.0,16.944527
2043-06-13 00:00:00+00:00,0.0,20.052794
2043-06-14 00:00:00+00:00,0.0,19.710386
2043-06-15 00:00:00+00:00,0.0,18.119352
2043-06-16 00:00:00+00:00,0.0,14.973261
2043-06-17 00:00:00+00:00,0.0,13.705307
2043-06-18 00:00:00+00:00,0.0,15.551326
2043-06-19 00:00:00+00:00,0.0,20.808172
2043-06-20 00:00:00+00:00,0.0,19.227062
2043-06-21 00:00:00+00:00,0.0,19.198866
2043-06-22 00:00:00+00:00,0.0,17.315493
2043-06-23 00:00:00+00:00,0.0,15.128865
2043-06-24 00:00:00+00:00,0.0,16.95652
2043-06-25 00:00:00+00:00,0.0,18.778809
2043-06-26 00:00:00+00:00,0.0,16.90696
2043-06-27 00:00:00+00:00,0.0,20.56566
2043-06-28 00:00:00+00:00,0.0,21.148634
2043-06-29 00:00:00+00:00,0.0,20.199612
2043-06-30 00:00:00+00:00,0.0,22.003803
2043-07-01 00:00:00+00:00,0.0,18.309782
2043-07-02 00:00:00+00:00,0.0,17.978394
2043-07-03 00:00:00+00:00,0.0,18.868845
2043-07-04 00:00:00+00:00,0.0,18.567343
2043-07-05 00:00:00+00:00,0.0,20.092337
2043-07-06 00:00:00+00:00,0.0,17.355145
2043-07-07 00:00:00+00:00,0.0,14.312594
2043-07-08 00:00:00+00:00,0.0,20.7108
2043-07-09 00:00:00+00:00,0.0,17.972464
2043-07-10 00:00:00+00:00,0.0,16.451948
2043-07-11 00:00:00+00:00,0.0,16.454536
2043-07-12 00:00:00+00:00,0.42037943,19.199993
2043-07-13 00:00:00+00:00,0.6991037,18.593416
2043-07-14 00:00:00+00:00,10.045817,16.767225
2043-07-15 00:00:00+00:00,7.7974086,14.940463
2043-07-16 00:00:00+00:00,0.13896291,13.72304
2043-07-17 00:00:00+00:00,0.0,16.470304
2043-07-18 00:00:00+00:00,0.0,16.778027
2043-07-19 00:00:00+00:00,0.0,13.424605
2043-07-20 00:00:00+00:00,14.207883,14.03711
2043-07-21 00:00:00+00:00,0.13770413,14.649825
2043-07-22 00:00:00+00:00,0.9623225,13.736477
2043-07-23 00:00:00+00:00,9.19587,15.570584
2043-07-24 00:00:00+00:00,16.99238,12.519609
2043-07-25 00:00:00+00:00,6.2939487,13.132517
2043-07-26 00:00:00+00:00,3.142271,13.440179
2043-07-27 00:00:00+00:00,0.27284318,13.136936
2043-07-28 00:00:00+00:00,0.0,14.055845
2043-07-29 00:00:00+00:00,0.0,14.363849
2043-07-30 00:00:00+00:00,0.0,12.532307
2043-07-31 00:00:00+00:00,0.6783888,16.814516
2043-08-01 00:00:00+00:00,0.0,13.453932
2043-08-02 00:00:00+00:00,0.0,14.373731
2043-08-03 00:00:00+00:00,0.13516878,17.740881
2043-08-04 00:00:00+00:00,1.4850824,15.2965355
2043-08-05 00:00:00+00:00,6.742507,16.82914
2043-08-06 00:00:00+00:00,15.355413,14.077764
2043-08-07 00:00:00+00:00,59.469658,17.447273
2043-08-08 00:00:00+00:00,0.0,8.265968
2043-08-09 00:00:00+00:00,0.40277237,10.717059
2043-08-10 00:00:00+00:00,1.8776491,10.106468
2043-08-11 00:00:00+00:00,1.2058319,12.865098
2043-08-12 00:00:00+00:00,0.2676958,15.012002
2043-08-13 00:00:00+00:00,0.26743498,16.546848
2043-08-14 00:00:00+00:00,1.8702587,14.711
2043-08-15 00:00:00+00:00,0.26693028,14.713702
2043-08-16 00:00:00+00:00,0.13334303,15.023006
2043-08-17 00:00:00+00:00,3.0641413,19.932173
2043-08-18 00:00:00+00:00,0.0,17.175531
2043-08-19 00:00:00+00:00,0.13299201,19.326088
2043-08-20 00:00:00+00:00,0.39863953,16.875154
2043-08-21 00:00:00+00:00,0.13276994,13.502674
2043-08-22 00:00:00+00:00,5.9698033,13.198299
2043-08-23 00:00:00+00:00,12.460338,16.884762
2043-08-24 00:00:00+00:00,12.58307,22.414978
2043-08-25 00:00:00+00:00,0.39705595,15.969905
2043-08-26 00:00:00+00:00,0.39675775,14.129955
2043-08-27 00:00:00+00:00,0.13215506,12.596539
2043-08-28 00:00:00+00:00,46.749035,11.984411
2043-08-29 00:00:00+00:00,3.2991395,11.986763
2043-08-30 00:00:00+00:00,0.1318735,8.607576
2043-08-31 00:00:00+00:00,0.0,14.451292
2043-09-01 00:00:00+00:00,0.26338887,13.224028
2043-09-02 00:00:00+00:00,36.068733,10.455544
2043-09-03 00:00:00+00:00,0.0,12.904652
2043-09-04 00:00:00+00:00,0.26342008,11.358671
2043-09-05 00:00:00+00:00,1.9762162,15.643156
2043-09-06 00:00:00+00:00,0.0,10.72631
2043-09-07 00:00:00+00:00,0.13182648,10.717116
2043-09-08 00:00:00+00:00,0.1318676,10.707923
2043-09-09 00:00:00+00:00,22.556606,16.20093
2043-09-10 00:00:00+00:00,37.21093,18.63032
2043-09-11 00:00:00+00:00,0.0,9.45972
2043-09-12 00:00:00+00:00,0.0,19.817804
2043-09-13 00:00:00+00:00,0.0,18.582207
2043-09-14 00:00:00+00:00,0.13214266,13.696348
2043-09-15 00:00:00+00:00,1.4541323,11.859909
2043-09-16 00:00:00+00:00,10.050755,11.849646
2043-09-17 00:00:00+00:00,1.3230149,6.6786256
2043-09-18 00:00:00+00:00,5.823759,7.279455
2043-09-19 00:00:00+00:00,0.0,13.031034
2043-09-20 00:00:00+00:00,0.0,12.414141
2043-09-21 00:00:00+00:00,0.1325407,13.915943
2043-09-22 00:00:00+00:00,0.0,12.392537
2043-09-23 00:00:00+00:00,0.39802223,14.193693
2043-09-24 00:00:00+00:00,0.79646814,8.750167
2043-09-25 00:00:00+00:00,11.687993,6.632257
2043-09-26 00:00:00+00:00,0.79736716,6.0240507
2043-09-27 00:00:00+00:00,0.26594827,7.824407
2043-09-28 00:00:00+00:00,0.0,10.523623
2043-09-29 00:00:00+00:00,0.13314368,10.213976
2043-09-30 00:00:00+00:00,0.0,7.2035317
2043-10-01 00:00:00+00:00,0.0,10.196027
2043-10-02 00:00:00+00:00,0.0,10.18705
2043-10-03 00:00:00+00:00,0.0,9.280005
2043-10-04 00:00:00+00:00,0.0,9.271816
2043-10-05 00:00:00+00:00,0.26750776,10.757757
2043-10-06 00:00:00+00:00,0.0,11.046807
2043-10-07 00:00:00+00:00,0.0,9.843834
2043-10-08 00:00:00+00:00,0.0,8.642977
2043-10-09 00:00:00+00:00,0.0,14.59069
2043-10-10 00:00:00+00:00,0.0,11.900188
2043-10-11 00:00:00+00:00,0.0,10.403405
2043-10-12 00:00:00+00:00,0.0,10.09717
2043-10-13 00:00:00+00:00,0.0,10.681592
2043-10-14 00:00:00+00:00,0.0,9.189831
2043-10-15 00:00:00+00:00,0.2706236,14.216705
2043-10-16 00:00:00+00:00,0.0,10.061163
2043-10-17 00:00:00+00:00,0.0,13.895627
2043-10-18 00:00:00+00:00,0.0,12.406242
2043-10-19 00:00:00+00:00,0.0,8.853652
2043-10-20 00:00:00+00:00,0.0,10.909697
2043-10-21 00:00:00+00:00,0.0,11.194477
2043-10-22 00:00:00+00:00,0.0,12.067381
2043-10-23 00:00:00+00:00,0.0,10.880262
2043-10-24 00:00:00+00:00,0.0,12.633222
2043-10-25 00:00:00+00:00,0.0,14.970055
2043-10-26 00:00:00+00:00,0.0,12.023868
2043-10-27 00:00:00+00:00,0.0,9.082988
2043-10-28 00:00:00+00:00,0.0,8.782022
2043-10-29 00:00:00+00:00,0.0,12.28368
2043-10-30 00:00:00+00:00,0.0,10.811507
2043-10-31 00:00:00+00:00,0.0,11.093614
2043-11-01 00:00:00+00:00,0.0,12.541874
2043-11-02 00:00:00+00:00,0.0,14.567512
2043-11-03 00:00:00+00:00,0.0,14.255992
2043-11-04 00:00:00+00:00,0.0,13.654908
2043-11-05 00:00:00+00:00,0.0,20.308704
2043-11-06 00:00:00+00:00,0.0,17.383297
2043-11-07 00:00:00+00:00,0.0,14.755418
2043-11-08 00:00:00+00:00,0.0,14.44625
2043-11-09 00:00:00+00:00,0.0,13.849486
2043-11-10 00:00:00+00:00,0.0,12.390009
2043-11-11 00:00:00+00:00,0.0,13.812064
2043-11-12 00:00:00+00:00,0.0,12.069357
2043-11-13 00:00:00+00:00,0.0,16.93198
2043-11-14 00:00:00+00:00,0.0,14.903326
2043-11-15 00:00:00+00:00,0.0,12.88012
2043-11-16 00:00:00+00:00,0.0,15.15005
2043-11-17 00:00:00+00:00,0.0,19.127003
2043-11-18 00:00:00+00:00,0.0,21.097992
2043-11-19 00:00:00+00:00,0.0,17.36919
2043-11-20 00:00:00+00:00,0.0,17.631327
2043-11-21 00:00:00+00:00,0.0,15.90479
2043-11-22 00:00:00+00:00,0.0,15.884654
2043-11-23 00:00:00+00:00,0.0,15.581356
2043-11-24 00:00:00+00:00,0.0,16.12773
2043-11-25 00:00:00+00:00,0.0,15.259879
2043-11-26 00:00:00+00:00,0.0,15.240984
2043-11-27 00:00:00+00:00,0.0,16.631678
2043-11-28 00:00:00+00:00,0.0,16.329762
2043-11-29 00:00:00+00:00,0.0,16.028667
2043-11-30 00:00:00+00:00,0.0,15.447525
2043-12-01 00:00:00+00:00,0.0,14.8678665
2043-12-02 00:00:00+00:00,0.0,14.56986
2043-12-03 00:00:00+00:00,0.0,16.231634
2043-12-04 00:00:00+00:00,0.0,16.771444
2043-12-05 00:00:00+00:00,0.0,18.426842
2043-12-06 00:00:00+00:00,0.0,13.664495
2043-12-07 00:00:00+00:00,0.0,15.598354
2043-12-08 00:00:00+00:00,0.0,16.136698
2043-12-09 00:00:00+00:00,0.0,16.395977
2043-12-10 00:00:00+00:00,0.0,15.544427
2043-12-11 00:00:00+00:00,0.0,15.803941
2043-12-12 00:00:00+00:00,0.0,15.2321005
2043-12-13 00:00:00+00:00,0.0,15.768165
2043-12-14 00:00:00+00:00,0.0,15.750449
2043-12-15 00:00:00+00:00,0.0,16.284876
2043-12-16 00:00:00+00:00,0.0,14.612521
2043-12-17 00:00:00+00:00,0.0,12.668536
2043-12-18 00:00:00+00:00,0.0,12.654598
2043-12-19 00:00:00+00:00,0.0,13.739941
2043-12-20 00:00:00+00:00,0.0,15.371977
2043-12-21 00:00:00+00:00,0.0,16.177933
2043-12-22 00:00:00+00:00,0.0,16.434402
2043-12-23 00:00:00+00:00,0.0,15.048718
2043-12-24 00:00:00+00:00,0.0,12.572773
2043-12-25 00:00:00+00:00,0.0,11.740336
2043-12-26 00:00:00+00:00,0.0,12.546168
2043-12-27 00:00:00+00:00,0.0,13.077902
2043-12-28 00:00:00+00:00,0.0,15.241604
2043-12-29 00:00:00+00:00,0.0,15.225755
2043-12-30 00:00:00+00:00,0.0,15.481607
2043-12-31 00:00:00+00:00,0.0,16.279652
2044-01-01 00:00:00+00:00,0.0,18.702423
2044-01-02 00:00:00+00:00,0.0,17.349857
2044-01-03 00:00:00+00:00,0.0,16.830032
2044-01-04 00:00:00+00:00,0.0,15.49335
2044-01-05 00:00:00+00:00,0.0,15.786116
2044-01-06 00:00:00+00:00,0.0,15.80708
2044-01-07 00:00:00+00:00,0.0,16.100962
2044-01-08 00:00:00+00:00,0.0,16.668842
2044-01-09 00:00:00+00:00,0.0,16.417322
2044-01-10 00:00:00+00:00,0.0,13.699233
2044-01-11 00:00:00+00:00,0.0,11.248251
2044-01-12 00:00:00+00:00,0.0,11.26314
2044-01-13 00:00:00+00:00,0.0,12.103264
2044-01-14 00:00:00+00:00,0.0,15.149085
2044-01-15 00:00:00+00:00,0.0,15.996512
2044-01-16 00:00:00+00:00,0.0,15.741475
2044-01-17 00:00:00+00:00,0.0,13.826539
2044-01-18 00:00:00+00:00,0.0,11.35272
2044-01-19 00:00:00+00:00,0.0,13.3085165
2044-01-20 00:00:00+00:00,0.0,15.269441
2044-01-21 00:00:00+00:00,0.0,15.567548
2044-01-22 00:00:00+00:00,0.0,17.258186
2044-01-23 00:00:00+00:00,0.0,19.231966
2044-01-24 00:00:00+00:00,0.0,22.048164
2044-01-25 00:00:00+00:00,0.0,20.679857
2044-01-26 00:00:00+00:00,0.0,18.1886
2044-01-27 00:00:00+00:00,0.0,18.492672
2044-01-28 00:00:00+00:00,0.0,17.67526
2044-01-29 00:00:00+00:00,0.0,16.293808
2044-01-30 00:00:00+00:00,0.0,14.627387
2044-01-31 00:00:00+00:00,0.0,13.8015585
2044-02-01 00:00:00+00:00,0.0,11.845398
2044-02-02 00:00:00+00:00,0.0,13.555315
2044-02-03 00:00:00+00:00,0.0,13.855816
2044-02-04 00:00:00+00:00,0.0,16.705345
2044-02-05 00:00:00+00:00,0.0,17.010685
2044-02-06 00:00:00+00:00,0.0,17.316782
2044-02-07 00:00:00+00:00,0.0,16.486628
2044-02-08 00:00:00+00:00,0.0,16.79276
2044-02-09 00:00:00+00:00,0.0,14.8196945
2044-02-10 00:00:00+00:00,0.0,14.268278
2044-02-11 00:00:00+00:00,0.0,18.001446
2044-02-12 00:00:00+00:00,0.0,19.455427
2044-02-13 00:00:00+00:00,0.0,17.475372
2044-02-14 00:00:00+00:00,0.0,17.211243
2044-02-15 00:00:00+00:00,0.0,15.79748
2044-02-16 00:00:00+00:00,0.0,16.393202
2044-02-17 00:00:00+00:00,0.0,15.262596
2044-02-18 00:00:00+00:00,0.0,17.877523
2044-02-19 00:00:00+00:00,0.0,17.034552
2044-02-20 00:00:00+00:00,0.0,17.634825
2044-02-21 00:00:00+00:00,0.0,17.947147
2044-02-22 00:00:00+00:00,0.0,17.97039
2044-02-23 00:00:00+00:00,0.0,20.315414
2044-02-24 00:00:00+00:00,0.0,19.760508
2044-02-25 00:00:00+00:00,0.0,17.749258
2044-02-26 00:00:00+00:00,0.0,16.606808
2044-02-27 00:00:00+00:00,0.0,16.919983
2044-02-28 00:00:00+00:00,0.0,18.694435
2044-02-29 00:00:00+00:00,0.0,19.303514
2044-03-01 00:00:00+00:00,0.0,16.10701
2044-03-02 00:00:00+00:00,0.0,12.90222
2044-03-03 00:00:00+00:00,0.0,9.399845
2044-03-04 00:00:00+00:00,0.0,14.422689
2044-03-05 00:00:00+00:00,0.0,15.9266405
2044-03-06 00:00:00+00:00,0.0,17.732212
2044-03-07 00:00:00+00:00,0.0,14.21461
2044-03-08 00:00:00+00:00,0.0,10.385913
2044-03-09 00:00:00+00:00,0.0,20.814142
2044-03-10 00:00:00+00:00,0.0,20.856583
2044-03-11 00:00:00+00:00,0.0,19.107803
2044-03-12 00:00:00+00:00,0.0,20.044353
2044-03-13 00:00:00+00:00,0.0,18.586441
2044-03-14 00:00:00+00:00,0.0,15.920941
2044-03-15 00:00:00+00:00,0.0,12.040431
2044-03-16 00:00:00+00:00,0.0,11.763504
2044-03-17 00:00:00+00:00,0.0,16.019135
2044-03-18 00:00:00+00:00,0.0,16.96067
2044-03-19 00:00:00+00:00,0.0,13.9606495
2044-03-20 00:00:00+00:00,0.0,14.901762
2044-03-21 00:00:00+00:00,0.0,15.846723
2044-03-22 00:00:00+00:00,0.0,14.047194
2044-03-23 00:00:00+00:00,0.0,12.8522005
2044-03-24 00:00:00+00:00,0.0,17.171715
2044-03-25 00:00:00+00:00,0.0,19.665453
2044-03-26 00:00:00+00:00,0.0,16.31921
2044-03-27 00:00:00+00:00,0.0,15.735975
2044-03-28 00:00:00+00:00,0.0,17.005417
2044-03-29 00:00:00+00:00,0.0,14.871953
2044-03-30 00:00:00+00:00,0.0,13.350525
2044-03-31 00:00:00+00:00,0.0,17.111834
2044-04-01 00:00:00+00:00,0.0,20.265259
2044-04-02 00:00:00+00:00,0.0,19.057882
2044-04-03 00:00:00+00:00,0.0,17.219254
2044-04-04 00:00:00+00:00,0.0,12.5493
2044-04-05 00:00:00+00:00,0.0,16.662659
2044-04-06 00:00:00+00:00,0.0,11.341765
2044-04-07 00:00:00+00:00,0.0,15.154103
2044-04-08 00:00:00+00:00,0.0,18.349693
2044-04-09 00:00:00+00:00,0.0,13.949741
2044-04-10 00:00:00+00:00,0.0,16.203074
2044-04-11 00:00:00+00:00,0.0,14.008597
2044-04-12 00:00:00+00:00,0.0,16.590559
2044-04-13 00:00:00+00:00,0.0,15.666449
2044-04-14 00:00:00+00:00,0.0,17.301586
2044-04-15 00:00:00+00:00,0.0,16.696068
2044-04-16 00:00:00+00:00,0.0,12.870358
2044-04-17 00:00:00+00:00,0.0,13.865003
2044-04-18 00:00:00+00:00,0.0,11.955699
2044-04-19 00:00:00+00:00,0.0,13.924015
2044-04-20 00:00:00+00:00,0.0,17.198704
2044-04-21 00:00:00+00:00,0.0,15.9345875
2044-04-22 00:00:00+00:00,0.0,18.249823
2044-04-23 00:00:00+00:00,0.0,24.820536
2044-04-24 00:00:00+00:00,0.0,21.928064
2044-04-25 00:00:00+00:00,0.0,18.367184
2044-04-26 00:00:00+00:00,0.0,15.119675
2044-04-27 00:00:00+00:00,0.0,13.834549
2044-04-28 00:00:00+00:00,0.0,11.553563
2044-04-29 00:00:00+00:00,0.0,9.924358
2044-04-30 00:00:00+00:00,0.0,13.592501
2044-05-01 00:00:00+00:00,0.0,15.94748
2044-05-02 00:00:00+00:00,0.0,12.985297
2044-05-03 00:00:00+00:00,0.0,10.980993
2044-05-04 00:00:00+00:00,0.0,13.6223955
2044-05-05 00:00:00+00:00,0.0,13.601785
2044-05-06 00:00:00+00:00,0.0,14.243717
2044-05-07 00:00:00+00:00,0.0,14.883694
2044-05-08 00:00:00+00:00,0.0,14.861221
2044-05-09 00:00:00+00:00,0.0,19.45531
2044-05-10 00:00:00+00:00,0.0,16.133442
2044-05-11 00:00:00+00:00,0.0,18.410437
2044-05-12 00:00:00+00:00,0.0,23.963186
2044-05-13 00:00:00+00:00,0.0,15.077369
2044-05-14 00:00:00+00:00,0.0,14.400147
2044-05-15 00:00:00+00:00,0.0,16.339214
2044-05-16 00:00:00+00:00,0.0,19.251326
2044-05-17 00:00:00+00:00,0.0,14.009577
2044-05-18 00:00:00+00:00,0.0,12.361991
2044-05-19 00:00:00+00:00,0.0,15.59175
2044-05-20 00:00:00+00:00,0.0,14.271035
2044-05-21 00:00:00+00:00,0.0,13.278111
2044-05-22 00:00:00+00:00,0.0,11.641396
2044-05-23 00:00:00+00:00,0.0,13.561333
2044-05-24 00:00:00+00:00,0.0,15.797929
2044-05-25 00:00:00+00:00,0.0,17.062057
2044-05-26 00:00:00+00:00,0.0,17.036612
2044-05-27 00:00:00+00:00,0.0,16.690254
2044-05-28 00:00:00+00:00,0.0,18.588331
2044-05-29 00:00:00+00:00,0.0,17.920643
2044-05-30 00:00:00+00:00,0.0,13.100957
2044-05-31 00:00:00+00:00,0.0,14.676786
2044-06-01 00:00:00+00:00,0.0,19.115204
2044-06-02 00:00:00+00:00,0.0,18.132488
2044-06-03 00:00:00+00:00,0.0,14.929173
2044-06-04 00:00:00+00:00,0.0,14.9070425
2044-06-05 00:00:00+00:00,0.0,16.151768
2044-06-06 00:00:00+00:00,0.0,13.914229
2044-06-07 00:00:00+00:00,0.0,14.525173
2044-06-08 00:00:00+00:00,0.0,13.557808
2044-06-09 00:00:00+00:00,0.0,13.222944
2044-06-10 00:00:00+00:00,0.0,16.347092
2044-06-11 00:00:00+00:00,0.0,16.009071
2044-06-12 00:00:00+00:00,0.0,11.283855
2044-06-13 00:00:00+00:00,2.4579766,14.397016
2044-06-14 00:00:00+00:00,0.14450672,13.750779
2044-06-15 00:00:00+00:00,3.0330317,19.659641
2044-06-16 00:00:00+00:00,0.14435671,10.905958
2044-06-17 00:00:00+00:00,0.7214321,11.823352
2044-06-18 00:00:00+00:00,0.0,15.844875
2044-06-19 00:00:00+00:00,0.0,15.511392
2044-06-20 00:00:00+00:00,0.57636833,14.559319
2044-06-21 00:00:00+00:00,4.753066,11.135469
2044-06-22 00:00:00+00:00,0.0,12.354618
2044-06-23 00:00:00+00:00,33.101463,12.644944
2044-06-24 00:00:00+00:00,15.825266,20.017532
2044-06-25 00:00:00+00:00,5.4649544,21.218307
2044-06-26 00:00:00+00:00,0.0,9.518932
2044-06-27 00:00:00+00:00,0.143717,14.410853
2044-06-28 00:00:00+00:00,1.2930362,16.226822
2044-06-29 00:00:00+00:00,0.0,13.451676
2044-06-30 00:00:00+00:00,2.440905,21.063925
2044-07-01 00:00:00+00:00,0.0,13.412502
2044-07-02 00:00:00+00:00,0.0,12.479818
2044-07-03 00:00:00+00:00,6.7265706,17.653522
2044-07-04 00:00:00+00:00,14.127688,18.873892
2044-07-05 00:00:00+00:00,0.14230539,16.441082
2044-07-06 00:00:00+00:00,0.0,14.007528
2044-07-07 00:00:00+00:00,0.0,14.618818
2044-07-08 00:00:00+00:00,0.1411973,12.4888525
2044-07-09 00:00:00+00:00,0.0,12.490806
2044-07-10 00:00:00+00:00,0.0,16.149187
2044-07-11 00:00:00+00:00,0.0,14.627988
2044-07-12 00:00:00+00:00,0.0,16.154295
2044-07-13 00:00:00+00:00,0.0,19.510178
2044-07-14 00:00:00+00:00,0.0,18.903503
2044-07-15 00:00:00+00:00,0.0,21.041143
2044-07-16 00:00:00+00:00,22.618088,16.164646
2044-07-17 00:00:00+00:00,12.049486,13.421878
2044-07-18 00:00:00+00:00,16.174839,13.118969
2044-07-19 00:00:00+00:00,1.3800086,11.5954
2044-07-20 00:00:00+00:00,1.5153886,18.006338
2044-07-21 00:00:00+00:00,5.088661,14.956878
2044-07-22 00:00:00+00:00,6.4534245,7.327029
2044-07-23 00:00:00+00:00,24.127642,18.931305
2044-07-24 00:00:00+00:00,0.0,17.407492
2044-07-25 00:00:00+00:00,0.0,14.050505
2044-07-26 00:00:00+00:00,4.503536,12.830882
2044-07-27 00:00:00+00:00,0.0,15.277443
2044-07-28 00:00:00+00:00,0.0,10.084826
2044-07-29 00:00:00+00:00,0.0,15.893953
2044-07-30 00:00:00+00:00,0.13572197,16.50809
2044-07-31 00:00:00+00:00,0.0,12.841834
2044-08-01 00:00:00+00:00,0.27075228,16.207975
2044-08-02 00:00:00+00:00,0.0,16.516655
2044-08-03 00:00:00+00:00,0.0,17.437284
2044-08-04 00:00:00+00:00,7.284013,19.58214
2044-08-05 00:00:00+00:00,13.608199,12.547017
2044-08-06 00:00:00+00:00,0.0,10.406686
2044-08-07 00:00:00+00:00,0.0,13.775999
2044-08-08 00:00:00+00:00,14.100751,20.514591
2044-08-09 00:00:00+00:00,6.1710105,11.637228
2044-08-10 00:00:00+00:00,10.051137,13.1708145
2044-08-11 00:00:00+00:00,24.901863,12.254138
2044-08-12 00:00:00+00:00,2.4074967,14.09482
2044-08-13 00:00:00+00:00,0.93535084,13.484466
2044-08-14 00:00:00+00:00,0.66748035,15.326068
2044-08-15 00:00:00+00:00,0.1333733,16.555202
2044-08-16 00:00:00+00:00,0.0,16.251633
2044-08-17 00:00:00+00:00,5.8579645,21.775106
2044-08-18 00:00:00+00:00,18.8889,20.245432
2044-08-19 00:00:00+00:00,2.2594306,19.022007
2044-08-20 00:00:00+00:00,2.1247556,10.740254
2044-08-21 00:00:00+00:00,0.928823,14.732285
2044-08-22 00:00:00+00:00,1.0606637,17.190939
2044-08-23 00:00:00+00:00,1.0598322,16.273108
2044-08-24 00:00:00+00:00,0.39713147,14.126544
2044-08-25 00:00:00+00:00,0.0,12.593483
2044-08-26 00:00:00+00:00,38.19981,11.98149
2044-08-27 00:00:00+00:00,7.132491,19.358488
2044-08-28 00:00:00+00:00,0.0,9.220133
2044-08-29 00:00:00+00:00,0.39568916,10.758939
2044-08-30 00:00:00+00:00,0.26361114,15.987872
2044-08-31 00:00:00+00:00,0.13171646,16.60609
2044-09-01 00:00:00+00:00,0.0,19.070059
2044-09-02 00:00:00+00:00,5.3982387,21.81966
2044-09-03 00:00:00+00:00,7.902046,14.124609
2044-09-04 00:00:00+00:00,77.85728,15.646505
2044-09-05 00:00:00+00:00,21.347832,13.180862
2044-09-06 00:00:00+00:00,0.9227147,6.12538
2044-09-07 00:00:00+00:00,0.0,8.874184
2044-09-08 00:00:00+00:00,0.26379853,13.45272
2044-09-09 00:00:00+00:00,0.7916557,12.5247135
2044-09-10 00:00:00+00:00,1.8478222,10.377412
2044-09-11 00:00:00+00:00,5.545403,14.027932
2044-09-12 00:00:00+00:00,21.793362,9.140763
2044-09-13 00:00:00+00:00,34.221703,10.655016
2044-09-14 00:00:00+00:00,8.988301,10.949975
2044-09-15 00:00:00+00:00,0.26446673,6.078057
2044-09-16 00:00:00+00:00,0.2645753,6.0727935
2044-09-17 00:00:00+00:00,1.323438,6.977658
2044-09-18 00:00:00+00:00,0.9268138,7.880941
2044-09-19 00:00:00+00:00,0.0,12.113991
2044-09-20 00:00:00+00:00,2.2529204,8.472418
2044-09-21 00:00:00+00:00,0.53035814,9.976655
2044-09-22 00:00:00+00:00,1.8571959,8.457663
2044-09-23 00:00:00+00:00,0.0,9.355669
2044-09-24 00:00:00+00:00,0.0,9.045964
2044-09-25 00:00:00+00:00,0.5315006,9.640591
2044-09-26 00:00:00+00:00,0.0,7.224112
2044-09-27 00:00:00+00:00,0.0,12.631116
2044-09-28 00:00:00+00:00,0.13312167,14.723373
2044-09-29 00:00:00+00:00,0.13321112,15.310867
2044-09-30 00:00:00+00:00,1.599655,10.198271
2044-10-01 00:00:00+00:00,4.669083,7.791813
2044-10-02 00:00:00+00:00,1.7355621,12.575683
2044-10-03 00:00:00+00:00,0.0,8.077236
2044-10-04 00:00:00+00:00,0.0,10.760137
2044-10-05 00:00:00+00:00,0.0,12.243766
2044-10-06 00:00:00+00:00,0.0,11.636201
2044-10-07 00:00:00+00:00,0.0,12.818291
2044-10-08 00:00:00+00:00,0.939663,12.80692
2044-10-09 00:00:00+00:00,2.015759,9.224695
2044-10-10 00:00:00+00:00,0.0,9.2164955
2044-10-11 00:00:00+00:00,0.0,10.099418
2044-10-12 00:00:00+00:00,0.0,8.309758
2044-10-13 00:00:00+00:00,0.0,9.784906
2044-10-14 00:00:00+00:00,0.0,9.479924
2044-10-15 00:00:00+00:00,0.541886,12.727259
2044-10-16 00:00:00+00:00,2.4425554,9.758691
2044-10-17 00:00:00+00:00,0.13594009,7.3863235
2044-10-18 00:00:00+00:00,0.0,9.741203
2044-10-19 00:00:00+00:00,0.0,10.9121475
2044-10-20 00:00:00+00:00,0.0,11.786312
2044-10-21 00:00:00+00:00,0.0,10.892529
2044-10-22 00:00:00+00:00,0.0,9.706205
2044-10-23 00:00:00+00:00,0.0,8.8158655
2044-10-24 00:00:00+00:00,0.0,14.092649
2044-10-25 00:00:00+00:00,0.0,15.253234
2044-10-26 00:00:00+00:00,0.0,10.843442
2044-10-27 00:00:00+00:00,0.0,11.41922
2044-10-28 00:00:00+00:00,0.0,11.993931
2044-10-29 00:00:00+00:00,0.0,12.85985
2044-10-30 00:00:00+00:00,0.0,12.264153
2044-10-31 00:00:00+00:00,0.0,10.210827
2044-11-01 00:00:00+00:00,0.0,8.743608
2044-11-02 00:00:00+00:00,0.0,10.477483
2044-11-03 00:00:00+00:00,0.0,11.915906
2044-11-04 00:00:00+00:00,0.0,11.899245
2044-11-05 00:00:00+00:00,0.0,14.201282
2044-11-06 00:00:00+00:00,0.0,10.129754
2044-11-07 00:00:00+00:00,0.0,11.849982
2044-11-08 00:00:00+00:00,0.0,17.029121
2044-11-09 00:00:00+00:00,0.0,18.15895
2044-11-10 00:00:00+00:00,0.0,16.983042
2044-11-11 00:00:00+00:00,0.0,16.097858
2044-11-12 00:00:00+00:00,0.0,16.076378
2044-11-13 00:00:00+00:00,0.0,14.908258
2044-11-14 00:00:00+00:00,0.0,13.743314
2044-11-15 00:00:00+00:00,0.0,11.151795
2044-11-16 00:00:00+00:00,0.0,11.13725
2044-11-17 00:00:00+00:00,0.0,10.267206
2044-11-18 00:00:00+00:00,0.0,8.260139
2044-11-19 00:00:00+00:00,0.0,14.507824
2044-11-20 00:00:00+00:00,0.0,12.216491
2044-11-21 00:00:00+00:00,0.0,13.903465
2044-11-22 00:00:00+00:00,0.0,15.586253
2044-11-23 00:00:00+00:00,0.0,13.585494
2044-11-24 00:00:00+00:00,0.0,12.72052
2044-11-25 00:00:00+00:00,0.0,19.198282
2044-11-26 00:00:00+00:00,0.44379056,19.456585
2044-11-27 00:00:00+00:00,0.0,13.518419
2044-11-28 00:00:00+00:00,0.0,16.877413
2044-11-29 00:00:00+00:00,0.0,18.261688
2044-11-30 00:00:00+00:00,0.0,16.556
2044-12-01 00:00:00+00:00,0.0,15.1347685
2044-12-02 00:00:00+00:00,0.0,13.157133
2044-12-03 00:00:00+00:00,0.0,13.14152
2044-12-04 00:00:00+00:00,0.0,12.008901
2044-12-05 00:00:00+00:00,0.0,8.647414
2044-12-06 00:00:00+00:00,0.0,10.309055
2044-12-07 00:00:00+00:00,0.0,12.801777
2044-12-08 00:00:00+00:00,0.0,11.397098
2044-12-09 00:00:00+00:00,0.0,13.327611
2044-12-10 00:00:00+00:00,0.0,13.035034
2044-12-11 00:00:00+00:00,0.0,13.020213
2044-12-12 00:00:00+00:00,0.0,17.156176
2044-12-13 00:00:00+00:00,0.0,16.30767
2044-12-14 00:00:00+00:00,0.0,19.878613
2044-12-15 00:00:00+00:00,0.0,18.201775
2044-12-16 00:00:00+00:00,0.0,18.457094
2044-12-17 00:00:00+00:00,0.0,17.336061
2044-12-18 00:00:00+00:00,0.0,14.56832
2044-12-19 00:00:00+00:00,0.0,14.277859
2044-12-20 00:00:00+00:00,0.0,12.616715
2044-12-21 00:00:00+00:00,0.0,12.87708
2044-12-22 00:00:00+00:00,0.0,13.958
2044-12-23 00:00:00+00:00,0.0,16.130243
2044-12-24 00:00:00+00:00,0.0,17.205517
2044-12-25 00:00:00+00:00,0.0,18.005772
2044-12-26 00:00:00+00:00,0.0,16.079138
2044-12-27 00:00:00+00:00,0.0,17.695766
2044-12-28 00:00:00+00:00,0.0,17.133423
2044-12-29 00:00:00+00:00,0.0,16.028961
2044-12-30 00:00:00+00:00,0.0,16.283836
2044-12-31 00:00:00+00:00,0.0,17.89385
2045-01-01 00:00:00+00:00,0.0,16.531082
2045-01-02 00:00:00+00:00,0.0,13.025376
2045-01-03 00:00:00+00:00,0.0,11.684084
2045-01-04 00:00:00+00:00,0.0,15.50879
2045-01-05 00:00:00+00:00,0.0,19.616072
2045-01-06 00:00:00+00:00,0.0,20.460537
2045-01-07 00:00:00+00:00,0.0,19.395012
2045-01-08 00:00:00+00:00,0.0,19.147202
2045-01-09 00:00:00+00:00,0.0,20.268156
2045-01-10 00:00:00+00:00,0.0,20.02075
2045-01-11 00:00:00+00:00,0.0,19.498014
2045-01-12 00:00:00+00:00,0.0,16.224012
2045-01-13 00:00:00+00:00,0.0,17.346859
2045-01-14 00:00:00+00:00,0.0,18.47263
2045-01-15 00:00:00+00:00,0.0,16.564507
2045-01-16 00:00:00+00:00,0.0,13.545543
2045-01-17 00:00:00+00:00,0.0,10.518568
2045-01-18 00:00:00+00:00,1.6873188,9.146592
2045-01-19 00:00:00+00:00,0.0,9.713718
2045-01-20 00:00:00+00:00,0.0,14.172922
2045-01-21 00:00:00+00:00,0.0,17.809046
2045-01-22 00:00:00+00:00,0.0,15.046157
2045-01-23 00:00:00+00:00,0.0,18.134935
2045-01-24 00:00:00+00:00,0.0,16.482582
2045-01-25 00:00:00+00:00,0.0,18.462366
2045-01-26 00:00:00+00:00,0.0,19.046812
2045-01-27 00:00:00+00:00,0.0,14.584323
2045-01-28 00:00:00+00:00,0.0,12.91844
2045-01-29 00:00:00+00:00,0.0,10.966949
2045-01-30 00:00:00+00:00,0.0,12.670752
2045-01-31 00:00:00+00:00,0.0,16.916462
2045-02-01 00:00:00+00:00,0.0,16.373983
2045-02-02 00:00:00+00:00,0.0,16.112724
2045-02-03 00:00:00+00:00,0.0,13.586351
2045-02-04 00:00:00+00:00,0.0,18.422228
2045-02-05 00:00:00+00:00,0.0,17.027342
2045-02-06 00:00:00+00:00,0.0,16.481253
2045-02-07 00:00:00+00:00,0.0,16.787287
2045-02-08 00:00:00+00:00,0.0,19.088388
2045-02-09 00:00:00+00:00,0.0,22.251268
2045-02-10 00:00:00+00:00,0.0,21.13768
2045-02-11 00:00:00+00:00,0.0,17.44699
2045-02-12 00:00:00+00:00,0.0,18.615246
2045-02-13 00:00:00+00:00,0.0,19.7865
2045-02-14 00:00:00+00:00,0.0,20.099354
2045-02-15 00:00:00+00:00,0.0,20.12547
2045-02-16 00:00:00+00:00,0.0,19.000086
2045-02-17 00:00:00+00:00,0.0,18.159985
2045-02-18 00:00:00+00:00,0.0,18.472172
2045-02-19 00:00:00+00:00,0.0,21.386143
2045-02-20 00:00:00+00:00,0.0,21.124481
2045-02-21 00:00:00+00:00,0.0,18.833832
2045-02-22 00:00:00+00:00,0.0,17.117456
2045-02-23 00:00:00+00:00,0.0,15.396593
2045-02-24 00:00:00+00:00,0.0,17.452648
2045-02-25 00:00:00+00:00,0.0,19.22273
2045-02-26 00:00:00+00:00,0.0,18.372675
2045-02-27 00:00:00+00:00,0.0,21.024454
2045-02-28 00:00:00+00:00,0.0,20.466825
2045-03-01 00:00:00+00:00,0.0,18.736662
2045-03-02 00:00:00+00:00,0.0,17.881409
2045-03-03 00:00:00+00:00,0.0,18.496586
2045-03-04 00:00:00+00:00,0.0,17.945684
2045-03-05 00:00:00+00:00,0.0,15.034206
2045-03-06 00:00:00+00:00,0.0,15.360121
2045-03-07 00:00:00+00:00,0.0,15.095352
2045-03-08 00:00:00+00:00,0.0,17.202194
2045-03-09 00:00:00+00:00,0.0,17.237228
2045-03-10 00:00:00+00:00,0.0,18.165768
2045-03-11 00:00:00+00:00,0.0,15.218764
2045-03-12 00:00:00+00:00,0.0,11.960671
2045-03-13 00:00:00+00:00,0.0,12.584385
2045-03-14 00:00:00+00:00,0.0,11.108936
2045-03-15 00:00:00+00:00,0.0,13.237696
2045-03-16 00:00:00+00:00,0.0,12.963374
2045-03-17 00:00:00+00:00,0.0,16.917194
2045-03-18 00:00:00+00:00,0.0,15.438393
2045-03-19 00:00:00+00:00,0.0,13.650138
2045-03-20 00:00:00+00:00,0.0,13.070328
2045-03-21 00:00:00+00:00,0.0,12.183509
2045-03-22 00:00:00+00:00,0.0,11.903438
2045-03-23 00:00:00+00:00,0.0,12.233874
2045-03-24 00:00:00+00:00,0.0,14.404528
2045-03-25 00:00:00+00:00,0.0,12.898779
2045-03-26 00:00:00+00:00,0.0,12.002257
2045-03-27 00:00:00+00:00,0.0,10.793602
2045-03-28 00:00:00+00:00,0.0,15.142423
2045-03-29 00:00:00+00:00,0.0,18.580286
2045-03-30 00:00:00+00:00,0.0,15.826109
2045-03-31 00:00:00+00:00,0.0,15.237153
2045-04-01 00:00:00+00:00,0.0,13.399264
2045-04-02 00:00:00+00:00,0.0,16.54985
2045-04-03 00:00:00+00:00,0.0,12.829468
2045-04-04 00:00:00+00:00,0.0,16.619131
2045-04-05 00:00:00+00:00,0.0,14.140136
2045-04-06 00:00:00+00:00,0.0,10.391172
2045-04-07 00:00:00+00:00,0.0,11.044072
2045-04-08 00:00:00+00:00,0.0,17.70764
2045-04-09 00:00:00+00:00,0.0,20.27987
2045-04-10 00:00:00+00:00,0.0,17.78225
2045-04-11 00:00:00+00:00,0.0,13.046592
2045-04-12 00:00:00+00:00,0.0,12.117478
2045-04-13 00:00:00+00:00,0.0,13.74085
2045-04-14 00:00:00+00:00,0.0,13.449678
2045-04-15 00:00:00+00:00,0.0,12.836336
2045-04-16 00:00:00+00:00,0.0,15.436253
2045-04-17 00:00:00+00:00,0.0,13.213107
2045-04-18 00:00:00+00:00,0.0,12.91822
2045-04-19 00:00:00+00:00,0.0,13.916619
2045-04-20 00:00:00+00:00,0.0,11.027263
2045-04-21 00:00:00+00:00,0.0,14.626011
2045-04-22 00:00:00+00:00,0.0,15.30865
2045-04-23 00:00:00+00:00,0.0,14.035703
2045-04-24 00:00:00+00:00,0.0,13.08439
2045-04-25 00:00:00+00:00,0.0,11.47335
2045-04-26 00:00:00+00:00,0.0,13.469016
2045-04-27 00:00:00+00:00,0.0,10.864177
2045-04-28 00:00:00+00:00,0.0,16.826157
2045-04-29 00:00:00+00:00,0.0,19.507416
2045-04-30 00:00:00+00:00,0.0,18.88672
2045-05-01 00:00:00+00:00,0.0,17.931253
2045-05-02 00:00:00+00:00,0.0,17.304398
2045-05-03 00:00:00+00:00,0.0,13.981109
2045-05-04 00:00:00+00:00,0.0,14.957073
2045-05-05 00:00:00+00:00,0.0,14.270686
2045-05-06 00:00:00+00:00,0.0,18.556973
2045-05-07 00:00:00+00:00,0.0,15.881942
2045-05-08 00:00:00+00:00,0.0,16.188332
2045-05-09 00:00:00+00:00,0.0,16.823652
2045-05-10 00:00:00+00:00,0.0,12.516366
2045-05-11 00:00:00+00:00,0.0,12.826387
2045-05-12 00:00:00+00:00,0.0,16.419321
2045-05-13 00:00:00+00:00,0.0,15.738828
2045-05-14 00:00:00+00:00,0.0,10.8041725
2045-05-15 00:00:00+00:00,0.0,21.57587
2045-05-16 00:00:00+00:00,0.0,14.68873
2045-05-17 00:00:00+00:00,0.0,13.362981
2045-05-18 00:00:00+00:00,0.0,13.993817
2045-05-19 00:00:00+00:00,0.0,14.947694
2045-05-20 00:00:00+00:00,0.0,16.547625
2045-05-21 00:00:00+00:00,0.0,14.902969
2045-05-22 00:00:00+00:00,0.0,15.527669
2045-05-23 00:00:00+00:00,0.0,16.15048
2045-05-24 00:00:00+00:00,0.0,11.610977
2045-05-25 00:00:00+00:00,0.0,11.915694
2045-05-26 00:00:00+00:00,0.0,11.576355
2045-05-27 00:00:00+00:00,0.0,9.95367
2045-05-28 00:00:00+00:00,0.0,12.183099
2045-05-29 00:00:00+00:00,0.0,16.646791
2045-05-30 00:00:00+00:00,0.0,15.343412
2045-05-31 00:00:00+00:00,0.0,18.193218
2045-06-01 00:00:00+00:00,0.0,16.25396
2045-06-02 00:00:00+00:00,0.0,14.956903
2045-06-03 00:00:00+00:00,0.0,18.11231
2045-06-04 00:00:00+00:00,0.0,18.72004
2045-06-05 00:00:00+00:00,0.0,25.662313
2045-06-06 00:00:00+00:00,0.0,21.511772
2045-06-07 00:00:00+00:00,0.0,19.268772
2045-06-08 00:00:00+00:00,0.0,14.19365
2045-06-09 00:00:00+00:00,0.0,11.653088
2045-06-10 00:00:00+00:00,0.0,11.635881
2045-06-11 00:00:00+00:00,0.0,12.246749
2045-06-12 00:00:00+00:00,0.0,16.93203
2045-06-13 00:00:00+00:00,0.0,8.140442
2045-06-14 00:00:00+00:00,1.5897906,9.691618
2045-06-15 00:00:00+00:00,0.0,12.174733
2045-06-16 00:00:00+00:00,0.0,17.455956
2045-06-17 00:00:00+00:00,0.0,14.317742
2045-06-18 00:00:00+00:00,0.0,13.053516
2045-06-19 00:00:00+00:00,0.0,17.379139
2045-06-20 00:00:00+00:00,0.0,15.184436
2045-06-21 00:00:00+00:00,0.0,19.18479
2045-06-22 00:00:00+00:00,1.8718565,12.359148
2045-06-23 00:00:00+00:00,0.14393306,17.585995
2045-06-24 00:00:00+00:00,0.0,13.247213
2045-06-25 00:00:00+00:00,0.0,19.995573
2045-06-26 00:00:00+00:00,0.0,19.352001
2045-06-27 00:00:00+00:00,0.0,15.949748
2045-06-28 00:00:00+00:00,0.0,20.82692
2045-06-29 00:00:00+00:00,0.0,16.514896
2045-06-30 00:00:00+00:00,0.0,16.490824
2045-07-01 00:00:00+00:00,0.0,16.771736
2045-07-02 00:00:00+00:00,0.0,18.574297
2045-07-03 00:00:00+00:00,3.8670692,15.82669
2045-07-04 00:00:00+00:00,0.0,14.611488
2045-07-05 00:00:00+00:00,0.0,10.351394
2045-07-06 00:00:00+00:00,3.5504115,14.920487
2045-07-07 00:00:00+00:00,0.0,18.272814
2045-07-08 00:00:00+00:00,0.0,18.275658
2045-07-09 00:00:00+00:00,0.0,18.887794
2045-07-10 00:00:00+00:00,0.0,18.281382
2045-07-11 00:00:00+00:00,0.0,18.588995
2045-07-12 00:00:00+00:00,0.41991687,13.410583
2045-07-13 00:00:00+00:00,0.0,19.509401
2045-07-14 00:00:00+00:00,0.0,21.646694
2045-07-15 00:00:00+00:00,0.27820012,19.51564
2045-07-16 00:00:00+00:00,7.635537,17.383915
2045-07-17 00:00:00+00:00,7.8981724,16.776667
2045-07-18 00:00:00+00:00,0.0,12.508271
2045-07-19 00:00:00+00:00,0.0,14.646224
2045-07-20 00:00:00+00:00,0.0,18.310778
2045-07-21 00:00:00+00:00,21.326223,16.787642
2045-07-22 00:00:00+00:00,14.148329,10.074249
2045-07-23 00:00:00+00:00,3.0171413,16.487871
2045-07-24 00:00:00+00:00,0.0,16.796001
2045-07-25 00:00:00+00:00,0.0,15.271648
2045-07-26 00:00:00+00:00,0.13652037,15.885183
2045-07-27 00:00:00+00:00,1.4995658,18.026623
2045-07-28 00:00:00+00:00,0.40839982,17.112917
2045-07-29 00:00:00+00:00,2.5830011,14.365076
2045-07-30 00:00:00+00:00,22.944534,12.839073
2045-07-31 00:00:00+00:00,17.219955,6.726385
2045-08-01 00:00:00+00:00,0.5416736,14.678284
2045-08-02 00:00:00+00:00,0.0,13.151579
2045-08-03 00:00:00+00:00,0.13508762,14.989292
2045-08-04 00:00:00+00:00,0.67464167,11.932345
2045-08-05 00:00:00+00:00,21.967985,9.792364
2045-08-06 00:00:00+00:00,2.2885606,14.997205
2045-08-07 00:00:00+00:00,2.420516,17.142706
2045-08-08 00:00:00+00:00,0.94029945,17.14576
2045-08-09 00:00:00+00:00,5.77005,14.6989975
2045-08-10 00:00:00+00:00,1.0723933,12.863936
2045-08-11 00:00:00+00:00,0.40174273,15.316978
2045-08-12 00:00:00+00:00,0.40134704,15.013367
2045-08-13 00:00:00+00:00,0.93557346,14.403201
2045-08-14 00:00:00+00:00,0.0,12.566798
2045-08-15 00:00:00+00:00,17.342487,10.116602
2045-08-16 00:00:00+00:00,0.0,12.264814
2045-08-17 00:00:00+00:00,11.052672,18.707317
2045-08-18 00:00:00+00:00,0.0,13.189588
2045-08-19 00:00:00+00:00,0.13293563,18.100735
2045-08-20 00:00:00+00:00,6.774055,17.490444
2045-08-21 00:00:00+00:00,12.077143,14.117768
2045-08-22 00:00:00+00:00,0.13260928,10.129891
2045-08-23 00:00:00+00:00,5.432697,15.351251
2045-08-24 00:00:00+00:00,10.194986,14.125863
2045-08-25 00:00:00+00:00,17.993076,12.285729
2045-08-26 00:00:00+00:00,0.26440713,11.0593
2045-08-27 00:00:00+00:00,0.0,11.368715
2045-08-28 00:00:00+00:00,0.6600614,17.517395
2045-08-29 00:00:00+00:00,0.13191934,12.295324
2045-08-30 00:00:00+00:00,0.13182811,13.220085
2045-08-31 00:00:00+00:00,55.330193,10.147661
2045-09-01 00:00:00+00:00,10.268753,8.304287
2045-09-02 00:00:00+00:00,1.5798651,9.836313
2045-09-03 00:00:00+00:00,2.238757,8.292303
2045-09-04 00:00:00+00:00,0.0,13.501834
2045-09-05 00:00:00+00:00,0.0,12.570489
2045-09-06 00:00:00+00:00,0.0,13.172392
2045-09-07 00:00:00+00:00,0.0,13.77324
2045-09-08 00:00:00+00:00,0.0,15.596275
2045-09-09 00:00:00+00:00,0.0,17.721699
2045-09-10 00:00:00+00:00,0.0,15.264184
2045-09-11 00:00:00+00:00,0.0,8.845603
2045-09-12 00:00:00+00:00,7.3958616,17.371195
2045-09-13 00:00:00+00:00,0.0,13.397773
2045-09-14 00:00:00+00:00,0.0,13.386198
2045-09-15 00:00:00+00:00,0.0,15.80637
2045-09-16 00:00:00+00:00,0.2645478,16.09639
2045-09-17 00:00:00+00:00,0.26465917,18.509975
2045-09-18 00:00:00+00:00,3.971617,12.733515
2045-09-19 00:00:00+00:00,6.754795,9.390386
2045-09-20 00:00:00+00:00,0.7950533,6.355696
2045-09-21 00:00:00+00:00,19.62082,9.071663
2045-09-22 00:00:00+00:00,0.92847836,4.8340044
2045-09-23 00:00:00+00:00,3.0523076,6.6409574
2045-09-24 00:00:00+00:00,3.1867445,7.539952
2045-09-25 00:00:00+00:00,2.258551,12.053376
2045-09-26 00:00:00+00:00,0.9305374,13.54818
2045-09-27 00:00:00+00:00,0.0,9.024206
2045-09-28 00:00:00+00:00,1.8633989,9.3168335
2045-09-29 00:00:00+00:00,0.5327536,12.311443
2045-09-30 00:00:00+00:00,0.26656166,11.100561
2045-10-01 00:00:00+00:00,1.2003976,9.592036
2045-10-02 00:00:00+00:00,0.0,10.781535
2045-10-03 00:00:00+00:00,0.80150896,8.677465
2045-10-04 00:00:00+00:00,1.3369613,10.164597
2045-10-05 00:00:00+00:00,0.0,9.558225
2045-10-06 00:00:00+00:00,0.0,9.549766
2045-10-07 00:00:00+00:00,0.0,9.541307
2045-10-08 00:00:00+00:00,0.0,12.511859
2045-10-09 00:00:00+00:00,0.0,12.79839
2045-10-10 00:00:00+00:00,0.0,12.787015
2045-10-11 00:00:00+00:00,0.0,13.964069
2045-10-12 00:00:00+00:00,0.0,14.248476
2045-10-13 00:00:00+00:00,0.0,13.049455
2045-10-14 00:00:00+00:00,0.0,14.223062
2045-10-15 00:00:00+00:00,0.40625206,9.473567
2045-10-16 00:00:00+00:00,0.0,8.57774
2045-10-17 00:00:00+00:00,0.0,18.61771
2045-10-18 00:00:00+00:00,0.0,18.010506
2045-10-19 00:00:00+00:00,11.731284,13.274514
2045-10-20 00:00:00+00:00,1.3670899,12.673136
2045-10-21 00:00:00+00:00,2.1925287,5.8891788
2045-10-22 00:00:00+00:00,0.0,8.237424
2045-10-23 00:00:00+00:00,0.0,14.990354
2045-10-24 00:00:00+00:00,0.0,12.333853
2045-10-25 00:00:00+00:00,0.0,11.149116
2045-10-26 00:00:00+00:00,0.0,12.604692
2045-10-27 00:00:00+00:00,0.0,12.593277
2045-10-28 00:00:00+00:00,0.0,13.459661
2045-10-29 00:00:00+00:00,0.0,11.4010935
2045-10-30 00:00:00+00:00,0.0,9.930383
2045-10-31 00:00:00+00:00,0.0,10.504956
2045-11-01 00:00:00+00:00,0.0,12.827699
2045-11-02 00:00:00+00:00,0.0,10.481185
2045-11-03 00:00:00+00:00,0.0,10.757154
2045-11-04 00:00:00+00:00,0.0,11.322744
2045-11-05 00:00:00+00:00,0.0,11.01706
2045-11-06 00:00:00+00:00,0.0,11.001813
2045-11-07 00:00:00+00:00,0.0,9.25194
2045-11-08 00:00:00+00:00,0.0,15.880017
2045-11-09 00:00:00+00:00,0.0,14.99342
2045-11-10 00:00:00+00:00,0.0,10.078082
2045-11-11 00:00:00+00:00,0.0,11.502325
2045-11-12 00:00:00+00:00,0.0,11.774126
2045-11-13 00:00:00+00:00,0.0,15.773572
2045-11-14 00:00:00+00:00,0.0,14.893494
2045-11-15 00:00:00+00:00,0.0,17.162228
2045-11-16 00:00:00+00:00,0.0,13.997512
2045-11-17 00:00:00+00:00,0.0,14.835209
2045-11-18 00:00:00+00:00,0.0,13.961281
2045-11-19 00:00:00+00:00,0.0,15.93526
2045-11-20 00:00:00+00:00,0.0,13.9255495
2045-11-21 00:00:00+00:00,0.0,12.204862
2045-11-22 00:00:00+00:00,0.0,12.756403
2045-11-23 00:00:00+00:00,0.0,15.005344
2045-11-24 00:00:00+00:00,0.0,14.703838
2045-11-25 00:00:00+00:00,0.0,13.555924
2045-11-26 00:00:00+00:00,0.0,13.539184
2045-11-27 00:00:00+00:00,0.0,17.184917
2045-11-28 00:00:00+00:00,0.0,16.038424
2045-11-29 00:00:00+00:00,0.0,15.175844
2045-11-30 00:00:00+00:00,0.0,14.596121
2045-12-01 00:00:00+00:00,0.0,14.298228
2045-12-02 00:00:00+00:00,0.0,14.84119
2045-12-03 00:00:00+00:00,0.0,15.382929
2045-12-04 00:00:00+00:00,0.0,16.202826
2045-12-05 00:00:00+00:00,0.0,15.067653
2045-12-06 00:00:00+00:00,0.0,14.771331
2045-12-07 00:00:00+00:00,0.0,13.919009
2045-12-08 00:00:00+00:00,0.0,13.902909
2045-12-09 00:00:00+00:00,0.0,17.219769
2045-12-10 00:00:00+00:00,0.0,17.7549
2045-12-11 00:00:00+00:00,0.0,19.674417
2045-12-12 00:00:00+00:00,0.0,15.777065
2045-12-13 00:00:00+00:00,0.0,15.759294
2045-12-14 00:00:00+00:00,0.0,14.084619
2045-12-15 00:00:00+00:00,0.0,15.172362
2045-12-16 00:00:00+00:00,0.0,14.879982
2045-12-17 00:00:00+00:00,0.0,12.661555
2045-12-18 00:00:00+00:00,0.0,10.723018
2045-12-19 00:00:00+00:00,0.0,11.809907
2045-12-20 00:00:00+00:00,0.0,15.637989
2045-12-21 00:00:00+00:00,0.0,17.53947
2045-12-22 00:00:00+00:00,0.0,19.710693
2045-12-23 00:00:00+00:00,0.0,19.41615
2045-12-24 00:00:00+00:00,0.0,18.302784
2045-12-25 00:00:00+00:00,0.0,18.283411
2045-12-26 00:00:00+00:00,0.0,16.08336
2045-12-27 00:00:00+00:00,0.0,15.52188
2045-12-28 00:00:00+00:00,0.0,19.858173
2045-12-29 00:00:00+00:00,0.0,15.489612
2045-12-30 00:00:00+00:00,0.0,15.473625
2045-12-31 00:00:00+00:00,0.0,15.457736
2046-01-01 00:00:00+00:00,0.0,14.90012
2046-01-02 00:00:00+00:00,0.0,12.749774
2046-01-03 00:00:00+00:00,0.0,11.6802025
2046-01-04 00:00:00+00:00,0.0,11.967725
2046-01-05 00:00:00+00:00,0.0,12.255979
2046-01-06 00:00:00+00:00,0.0,12.817686
2046-01-07 00:00:00+00:00,0.0,13.653933
2046-01-08 00:00:00+00:00,0.0,15.859571
2046-01-09 00:00:00+00:00,0.0,15.332986
2046-01-10 00:00:00+00:00,0.0,10.144145
2046-01-11 00:00:00+00:00,0.0,11.804751
2046-01-12 00:00:00+00:00,0.0,9.346343
2046-01-13 00:00:00+00:00,0.0,11.285497
2046-01-14 00:00:00+00:00,0.0,12.954133
2046-01-15 00:00:00+00:00,0.0,12.971251
2046-01-16 00:00:00+00:00,0.0,15.475514
2046-01-17 00:00:00+00:00,0.0,15.219226
2046-01-18 00:00:00+00:00,0.0,13.299754
2046-01-19 00:00:00+00:00,0.0,13.039842
2046-01-20 00:00:00+00:00,0.0,12.779213
2046-01-21 00:00:00+00:00,0.0,12.796043
2046-01-22 00:00:00+00:00,0.0,14.7626705
2046-01-23 00:00:00+00:00,0.0,17.850075
2046-01-24 00:00:00+00:00,0.0,16.197897
2046-01-25 00:00:00+00:00,0.0,16.778461
2046-01-26 00:00:00+00:00,0.0,18.480547
2046-01-27 00:00:00+00:00,0.0,20.747814
2046-01-28 00:00:00+00:00,0.0,19.371313
2046-01-29 00:00:00+00:00,0.0,18.272264
2046-01-30 00:00:00+00:00,0.0,18.859169
2046-01-31 00:00:00+00:00,0.0,16.34723
2046-02-01 00:00:00+00:00,0.0,12.135365
2046-02-02 00:00:00+00:00,0.0,12.433829
2046-02-03 00:00:00+00:00,0.0,13.29896
2046-02-04 00:00:00+00:00,0.0,18.13289
2046-02-05 00:00:00+00:00,0.0,20.426146
2046-02-06 00:00:00+00:00,0.0,19.884684
2046-02-07 00:00:00+00:00,0.0,17.35069
2046-02-08 00:00:00+00:00,0.0,17.942938
2046-02-09 00:00:00+00:00,0.0,14.82935
2046-02-10 00:00:00+00:00,0.0,14.277567
2046-02-11 00:00:00+00:00,0.0,14.010237
2046-02-12 00:00:00+00:00,0.0,14.601062
2046-02-13 00:00:00+00:00,0.0,15.766725
2046-02-14 00:00:00+00:00,0.0,14.639062
2046-02-15 00:00:00+00:00,0.0,14.945497
2046-02-16 00:00:00+00:00,0.0,10.648109
2046-02-17 00:00:00+00:00,0.0,16.425135
2046-02-18 00:00:00+00:00,0.0,15.292311
2046-02-19 00:00:00+00:00,0.0,15.023233
2046-02-20 00:00:00+00:00,0.0,13.5962925
2046-02-21 00:00:00+00:00,0.0,19.407053
2046-02-22 00:00:00+00:00,0.0,19.722214
2046-02-23 00:00:00+00:00,0.0,20.618958
2046-02-24 00:00:00+00:00,0.0,20.354847
2046-02-25 00:00:00+00:00,0.0,20.38116
2046-02-26 00:00:00+00:00,0.0,18.658281
2046-02-27 00:00:00+00:00,0.0,14.887518
2046-02-28 00:00:00+00:00,0.0,17.82963
2046-03-01 00:00:00+00:00,0.0,18.145296
2046-03-02 00:00:00+00:00,0.0,14.066085
2046-03-03 00:00:00+00:00,0.0,15.552749
2046-03-04 00:00:00+00:00,0.0,16.760431
2046-03-05 00:00:00+00:00,0.0,15.910506
2046-03-06 00:00:00+00:00,0.0,14.171381
2046-03-07 00:00:00+00:00,0.0,16.271038
2046-03-08 00:00:00+00:00,0.0,14.525501
2046-03-09 00:00:00+00:00,0.0,13.36691
2046-03-10 00:00:00+00:00,0.0,12.501206
2046-03-11 00:00:00+00:00,0.0,9.245907
2046-03-12 00:00:00+00:00,0.0,11.655704
2046-03-13 00:00:00+00:00,0.0,12.877433
2046-03-14 00:00:00+00:00,0.0,15.604577
2046-03-15 00:00:00+00:00,0.0,19.846378
2046-03-16 00:00:00+00:00,0.0,18.380478
2046-03-17 00:00:00+00:00,0.0,15.096891
2046-03-18 00:00:00+00:00,0.0,17.245815
2046-03-19 00:00:00+00:00,0.0,16.37175
2046-03-20 00:00:00+00:00,0.0,17.924479
2046-03-21 00:00:00+00:00,0.0,14.917114
2046-03-22 00:00:00+00:00,0.0,16.473186
2046-03-23 00:00:00+00:00,0.0,13.450315
2046-03-24 00:00:00+00:00,0.0,13.478127
2046-03-25 00:00:00+00:00,0.0,13.812974
2046-03-26 00:00:00+00:00,0.0,16.9175
2046-03-27 00:00:00+00:00,0.0,18.493732
2046-03-28 00:00:00+00:00,0.0,16.98778
2046-03-29 00:00:00+00:00,0.0,16.713575
2046-03-30 00:00:00+00:00,0.0,17.368656
2046-03-31 00:00:00+00:00,0.0,22.999237
2046-04-01 00:00:00+00:00,0.0,21.489944
2046-04-02 00:00:00+00:00,0.0,16.853317
2046-04-03 00:00:00+00:00,0.0,19.390532
2046-04-04 00:00:00+00:00,0.0,17.550663
2046-04-05 00:00:00+00:00,0.0,12.248374
2046-04-06 00:00:00+00:00,0.0,11.644608
2046-04-07 00:00:00+00:00,0.0,13.245939
2046-04-08 00:00:00+00:00,0.0,12.325635
2046-04-09 00:00:00+00:00,0.0,19.635801
2046-04-10 00:00:00+00:00,0.0,20.629257
2046-04-11 00:00:00+00:00,0.0,19.718603
2046-04-12 00:00:00+00:00,0.0,19.760202
2046-04-13 00:00:00+00:00,0.0,17.885618
2046-04-14 00:00:00+00:00,0.0,15.683005
2046-04-15 00:00:00+00:00,0.0,12.82955
2046-04-16 00:00:00+00:00,0.0,13.820991
2046-04-17 00:00:00+00:00,0.0,11.917706
2046-04-18 00:00:00+00:00,0.0,13.556934
2046-04-19 00:00:00+00:00,0.0,14.556167
2046-04-20 00:00:00+00:00,0.0,15.235462
2046-04-21 00:00:00+00:00,0.0,12.9939785
2046-04-22 00:00:00+00:00,0.0,15.951576
2046-04-23 00:00:00+00:00,0.0,16.638113
2046-04-24 00:00:00+00:00,0.0,14.058206
2046-04-25 00:00:00+00:00,0.0,14.088293
2046-04-26 00:00:00+00:00,0.0,19.371866
2046-04-27 00:00:00+00:00,0.0,13.490682
2046-04-28 00:00:00+00:00,0.0,12.200663
2046-04-29 00:00:00+00:00,0.0,16.52283
2046-04-30 00:00:00+00:00,0.0,20.201239
2046-05-01 00:00:00+00:00,0.0,17.589716
2046-05-02 00:00:00+00:00,0.0,13.969092
2046-05-03 00:00:00+00:00,0.0,14.652428
2046-05-04 00:00:00+00:00,0.0,17.290276
2046-05-05 00:00:00+00:00,0.0,11.620072
2046-05-06 00:00:00+00:00,0.0,13.922995
2046-05-07 00:00:00+00:00,0.0,15.556944
2046-05-08 00:00:00+00:00,0.0,14.87245
2046-05-09 00:00:00+00:00,0.0,16.830004
2046-05-10 00:00:00+00:00,0.0,15.486608
2046-05-11 00:00:00+00:00,0.0,17.108295
2046-05-12 00:00:00+00:00,0.0,15.768489
2046-05-13 00:00:00+00:00,0.0,12.464598
2046-05-14 00:00:00+00:00,0.0,12.445849
2046-05-15 00:00:00+00:00,0.0,17.005564
2046-05-16 00:00:00+00:00,0.151251,15.673866
2046-05-17 00:00:00+00:00,0.0,9.781463
2046-05-18 00:00:00+00:00,0.0,11.720148
2046-05-19 00:00:00+00:00,0.0,13.00287
2046-05-20 00:00:00+00:00,0.0,16.553823
2046-05-21 00:00:00+00:00,0.0,17.50134
2046-05-22 00:00:00+00:00,0.0,14.88625
2046-05-23 00:00:00+00:00,0.0,18.741564
2046-05-24 00:00:00+00:00,3.3980222,10.647373
2046-05-25 00:00:00+00:00,2.6543381,19.652126
2046-05-26 00:00:00+00:00,0.0,15.440901
2046-05-27 00:00:00+00:00,0.0,13.16944
2046-05-28 00:00:00+00:00,0.0,14.432731
2046-05-29 00:00:00+00:00,0.0,18.254238
2046-05-30 00:00:00+00:00,0.0,13.430483
2046-05-31 00:00:00+00:00,0.0,17.561386
2046-06-01 00:00:00+00:00,0.0,16.26
2046-06-02 00:00:00+00:00,0.0,18.78266
2046-06-03 00:00:00+00:00,0.0,13.668746
2046-06-04 00:00:00+00:00,0.14558057,10.157007
2046-06-05 00:00:00+00:00,0.0,12.043571
2046-06-06 00:00:00+00:00,0.0,17.089205
2046-06-07 00:00:00+00:00,0.0,14.219929
2046-06-08 00:00:00+00:00,0.0,14.514433
2046-06-09 00:00:00+00:00,0.0,17.328562
2046-06-10 00:00:00+00:00,3.0428693,19.819765
2046-06-11 00:00:00+00:00,0.0,10.6805935
2046-06-12 00:00:00+00:00,0.0,13.487887
2046-06-13 00:00:00+00:00,0.0,15.97368
2046-06-14 00:00:00+00:00,0.0,17.201141
2046-06-15 00:00:00+00:00,0.0,19.986408
2046-06-16 00:00:00+00:00,0.0,18.086037
2046-06-17 00:00:00+00:00,0.0,15.257115
2046-06-18 00:00:00+00:00,1.1540189,15.545611
2046-06-19 00:00:00+00:00,0.0,16.143698
2046-06-20 00:00:00+00:00,0.0,17.05001
2046-06-21 00:00:00+00:00,0.0,12.381824
2046-06-22 00:00:00+00:00,0.0,20.40007
2046-06-23 00:00:00+00:00,0.0,25.9257
2046-06-24 00:00:00+00:00,0.0,19.415813
2046-06-25 00:00:00+00:00,0.0,15.386836
2046-06-26 00:00:00+00:00,0.0,17.822643
2046-06-27 00:00:00+00:00,0.0,18.410282
2046-06-28 00:00:00+00:00,2.155405,24.8176
2046-06-29 00:00:00+00:00,0.0,15.603095
2046-06-30 00:00:00+00:00,0.0,21.384785
2046-07-01 00:00:00+00:00,0.0,17.082903
2046-07-02 00:00:00+00:00,0.0,17.667242
2046-07-03 00:00:00+00:00,0.0,21.913042
2046-07-04 00:00:00+00:00,0.0,16.132898
2046-07-05 00:00:00+00:00,3.277562,20.093107
2046-07-06 00:00:00+00:00,1.4211185,17.355812
2046-07-07 00:00:00+00:00,0.1417357,12.790473
2046-07-08 00:00:00+00:00,0.0,15.533703
2046-07-09 00:00:00+00:00,0.0,14.012979
2046-07-10 00:00:00+00:00,0.0,17.671307
2046-07-11 00:00:00+00:00,0.0,17.978813
2046-07-12 00:00:00+00:00,0.0,20.115072
2046-07-13 00:00:00+00:00,0.0,20.727913
2046-07-14 00:00:00+00:00,0.41835874,16.767895
2046-07-15 00:00:00+00:00,2.3658812,13.416466
2046-07-16 00:00:00+00:00,0.0,11.283841
2046-07-17 00:00:00+00:00,0.0,17.691044
2046-07-18 00:00:00+00:00,0.96860516,16.77871
2046-07-19 00:00:00+00:00,5.6630316,16.17121
2046-07-20 00:00:00+00:00,0.0,17.089357
2046-07-21 00:00:00+00:00,0.0,15.566078
2046-07-22 00:00:00+00:00,0.0,17.70552
2046-07-23 00:00:00+00:00,11.661754,14.960594
2046-07-24 00:00:00+00:00,14.38313,14.963085
2046-07-25 00:00:00+00:00,0.13677333,16.18727
2046-07-26 00:00:00+00:00,0.0,13.746217
2046-07-27 00:00:00+00:00,0.0,13.748536
2046-07-28 00:00:00+00:00,0.0,14.667592
2046-07-29 00:00:00+00:00,0.0,15.28134
2046-07-30 00:00:00+00:00,0.0,16.50667
2046-07-31 00:00:00+00:00,8.409297,15.592312
2046-08-01 00:00:00+00:00,3.657445,15.900785
2046-08-02 00:00:00+00:00,8.388129,16.209381
2046-08-03 00:00:00+00:00,7.9725556,18.047544
2046-08-04 00:00:00+00:00,3.6441302,14.073428
2046-08-05 00:00:00+00:00,8.897554,20.501858
2046-08-06 00:00:00+00:00,31.644821,12.854177
2046-08-07 00:00:00+00:00,20.445492,10.101501
2046-08-08 00:00:00+00:00,1.3436434,12.246426
2046-08-09 00:00:00+00:00,0.4026667,6.430523
2046-08-10 00:00:00+00:00,2.9498346,12.863357
2046-08-11 00:00:00+00:00,4.956064,15.00996
2046-08-12 00:00:00+00:00,5.4864163,15.625443
2046-08-13 00:00:00+00:00,10.160085,8.273803
2046-08-14 00:00:00+00:00,0.80135083,10.420769
2046-08-15 00:00:00+00:00,0.13343439,11.648883
2046-08-16 00:00:00+00:00,3.3328228,13.490672
2046-08-17 00:00:00+00:00,3.5962396,18.093122
2046-08-18 00:00:00+00:00,0.39923307,12.575531
2046-08-19 00:00:00+00:00,5.0526223,13.498219
2046-08-20 00:00:00+00:00,1.5942259,23.319492
2046-08-21 00:00:00+00:00,7.168113,14.730889
2046-08-22 00:00:00+00:00,17.773186,10.129409
2046-08-23 00:00:00+00:00,0.13253073,12.587425
2046-08-24 00:00:00+00:00,0.0,10.747423
2046-08-25 00:00:00+00:00,0.0,12.899392
2046-08-26 00:00:00+00:00,10.181557,11.058762
2046-08-27 00:00:00+00:00,6.7386804,13.518894
2046-08-28 00:00:00+00:00,4.4892173,15.365382
2046-08-29 00:00:00+00:00,1.7152512,12.294721
2046-08-30 00:00:00+00:00,1.9777613,20.905148
2046-08-31 00:00:00+00:00,52.17728,16.604439
2046-09-01 00:00:00+00:00,9.875438,20.298359
2046-09-02 00:00:00+00:00,0.13164654,8.916062
2046-09-03 00:00:00+00:00,0.26336488,12.287519
2046-09-04 00:00:00+00:00,20.284782,16.573977
2046-09-05 00:00:00+00:00,20.554144,12.266517
2046-09-06 00:00:00+00:00,0.0,6.4344063
2046-09-07 00:00:00+00:00,0.0,15.613023
2046-09-08 00:00:00+00:00,0.26375616,15.599623
2046-09-09 00:00:00+00:00,26.120312,15.586223
2046-09-10 00:00:00+00:00,29.692078,7.9390836
2046-09-11 00:00:00+00:00,4.092315,10.678027
2046-09-12 00:00:00+00:00,0.0,5.1820006
2046-09-13 00:00:00+00:00,36.593185,11.268743
2046-09-14 00:00:00+00:00,0.2643106,9.73752
2046-09-15 00:00:00+00:00,0.0,6.9927917
2046-09-16 00:00:00+00:00,0.0,12.758394
2046-09-17 00:00:00+00:00,0.0,11.533306
2046-09-18 00:00:00+00:00,0.0,11.826549
2046-09-19 00:00:00+00:00,0.0,9.392426
2046-09-20 00:00:00+00:00,0.0,10.595133
2046-09-21 00:00:00+00:00,0.0,11.79573
2046-09-22 00:00:00+00:00,0.0,18.131468
2046-09-23 00:00:00+00:00,0.0,10.265539
2046-09-24 00:00:00+00:00,9.160632,8.748255
2046-09-25 00:00:00+00:00,7.1731935,8.740609
2046-09-26 00:00:00+00:00,0.13291411,5.7215943
2046-09-27 00:00:00+00:00,0.0,8.424438
2046-09-28 00:00:00+00:00,0.0,7.214615
2046-09-29 00:00:00+00:00,0.0,8.109318
2046-09-30 00:00:00+00:00,0.0,11.403082
2046-10-01 00:00:00+00:00,0.5334117,9.594149
2046-10-02 00:00:00+00:00,0.0,10.484357
2046-10-03 00:00:00+00:00,0.0,14.964448
2046-10-04 00:00:00+00:00,0.0,9.568793
2046-10-05 00:00:00+00:00,0.5351332,7.4690146
2046-10-06 00:00:00+00:00,0.0,9.850376
2046-10-07 00:00:00+00:00,0.0,8.648727
2046-10-08 00:00:00+00:00,0.0,10.428864
2046-10-09 00:00:00+00:00,0.0,11.015014
2046-10-10 00:00:00+00:00,0.0,8.030842
2046-10-11 00:00:00+00:00,0.0,7.726524
2046-10-12 00:00:00+00:00,0.0,9.501101
2046-10-13 00:00:00+00:00,0.0,9.195986
2046-10-14 00:00:00+00:00,0.0,10.3733
2046-10-15 00:00:00+00:00,0.0,9.475686
2046-10-16 00:00:00+00:00,0.0,8.283809
2046-10-17 00:00:00+00:00,0.0,8.571978
2046-10-18 00:00:00+00:00,0.0,7.678332
2046-10-19 00:00:00+00:00,0.0,8.261553
2046-10-20 00:00:00+00:00,0.0,8.843711
2046-10-21 00:00:00+00:00,0.0,9.130281
2046-10-22 00:00:00+00:00,0.0,9.416321
2046-10-23 00:00:00+00:00,0.0,9.407834
2046-10-24 00:00:00+00:00,0.0,14.099015
2046-10-25 00:00:00+00:00,0.0,19.662096
2046-10-26 00:00:00+00:00,0.0,13.780339
2046-10-27 00:00:00+00:00,0.0,14.35373
2046-10-28 00:00:00+00:00,0.0,14.633386
2046-10-29 00:00:00+00:00,0.0,14.035302
2046-10-30 00:00:00+00:00,0.0,15.483234
2046-10-31 00:00:00+00:00,0.0,12.842315
2046-11-01 00:00:00+00:00,0.0,14.871858
2046-11-02 00:00:00+00:00,0.0,14.271105
2046-11-03 00:00:00+00:00,0.0,9.888429
2046-11-04 00:00:00+00:00,0.0,9.293706
2046-11-05 00:00:00+00:00,0.0,10.440843
2046-11-06 00:00:00+00:00,0.0,10.426372
2046-11-07 00:00:00+00:00,0.0,9.255117
2046-11-08 00:00:00+00:00,0.0,20.506662
2046-11-09 00:00:00+00:00,0.0,19.613438
2046-11-10 00:00:00+00:00,0.0,16.9945
2046-11-11 00:00:00+00:00,0.0,14.382732
2046-11-12 00:00:00+00:00,0.0,14.650752
2046-11-13 00:00:00+00:00,0.0,14.918142
2046-11-14 00:00:00+00:00,0.0,13.752377
2046-11-15 00:00:00+00:00,0.0,12.017498
2046-11-16 00:00:00+00:00,0.0,11.430266
2046-11-17 00:00:00+00:00,0.0,13.698482
2046-11-18 00:00:00+00:00,0.0,17.100958
2046-11-19 00:00:00+00:00,0.0,18.217566
2046-11-20 00:00:00+00:00,0.0,17.625698
2046-11-21 00:00:00+00:00,0.0,15.899743
2046-11-22 00:00:00+00:00,0.0,15.3125105
2046-11-23 00:00:00+00:00,0.0,17.558924
2046-11-24 00:00:00+00:00,0.0,15.274136
2046-11-25 00:00:00+00:00,0.0,12.430117
2046-11-26 00:00:00+00:00,0.0,12.414746
2046-11-27 00:00:00+00:00,0.0,13.808511
2046-11-28 00:00:00+00:00,0.0,13.510163
2046-11-29 00:00:00+00:00,0.0,14.899324
2046-11-30 00:00:00+00:00,0.0,14.881304
2046-12-01 00:00:00+00:00,0.0,10.937219
2046-12-02 00:00:00+00:00,0.0,11.484345
2046-12-03 00:00:00+00:00,0.0,15.387495
2046-12-04 00:00:00+00:00,0.0,17.325373
2046-12-05 00:00:00+00:00,0.0,13.9556265
2046-12-06 00:00:00+00:00,0.0,12.824142
2046-12-07 00:00:00+00:00,0.0,13.644592
2046-12-08 00:00:00+00:00,0.0,16.966448
2046-12-09 00:00:00+00:00,0.0,15.002172
2046-12-10 00:00:00+00:00,0.0,14.152479
2046-12-11 00:00:00+00:00,0.0,18.571276
2046-12-12 00:00:00+00:00,0.0,18.827085
2046-12-13 00:00:00+00:00,0.0,15.763725
2046-12-14 00:00:00+00:00,0.0,17.127268
2046-12-15 00:00:00+00:00,0.0,16.556274
2046-12-16 00:00:00+00:00,0.0,15.435367
2046-12-17 00:00:00+00:00,0.0,15.693642
2046-12-18 00:00:00+00:00,0.0,15.126347
2046-12-19 00:00:00+00:00,0.0,14.010916
2046-12-20 00:00:00+00:00,0.0,14.270103
2046-12-21 00:00:00+00:00,0.0,13.980537
2046-12-22 00:00:00+00:00,0.0,12.048656
2046-12-23 00:00:00+00:00,0.0,13.403456
2046-12-24 00:00:00+00:00,0.0,17.487904
2046-12-25 00:00:00+00:00,0.0,17.742325
2046-12-26 00:00:00+00:00,0.0,17.178276
2046-12-27 00:00:00+00:00,0.0,14.981172
2046-12-28 00:00:00+00:00,0.0,13.60503
2046-12-29 00:00:00+00:00,0.0,12.23181
2046-12-30 00:00:00+00:00,0.0,11.947632
2046-12-31 00:00:00+00:00,0.0,15.190442
2047-01-01 00:00:00+00:00,0.0,16.800781
2047-01-02 00:00:00+00:00,0.0,16.542082
2047-01-03 00:00:00+00:00,0.0,14.663289
2047-01-04 00:00:00+00:00,0.0,12.779461
2047-01-05 00:00:00+00:00,0.0,14.974561
2047-01-06 00:00:00+00:00,0.0,17.720709
2047-01-07 00:00:00+00:00,0.0,18.836184
2047-01-08 00:00:00+00:00,0.0,19.134518
2047-01-09 00:00:00+00:00,0.0,18.065037
2047-01-10 00:00:00+00:00,0.0,18.363049
2047-01-11 00:00:00+00:00,0.0,17.289618
2047-01-12 00:00:00+00:00,0.0,17.3125
2047-01-13 00:00:00+00:00,0.0,16.509907
2047-01-14 00:00:00+00:00,0.0,14.603032
2047-01-15 00:00:00+00:00,0.0,14.346435
2047-01-16 00:00:00+00:00,0.0,12.984095
2047-01-17 00:00:00+00:00,0.0,14.660964
2047-01-18 00:00:00+00:00,0.0,17.173187
2047-01-19 00:00:00+00:00,0.0,17.750536
2047-01-20 00:00:00+00:00,0.0,15.829903
2047-01-21 00:00:00+00:00,0.0,17.24117
2047-01-22 00:00:00+00:00,0.0,16.985415
2047-01-23 00:00:00+00:00,0.0,15.892499
2047-01-24 00:00:00+00:00,0.0,15.355029
2047-01-25 00:00:00+00:00,0.0,15.37521
2047-01-26 00:00:00+00:00,0.0,18.194567
2047-01-27 00:00:00+00:00,0.0,16.817036
2047-01-28 00:00:00+00:00,0.0,14.8745365
2047-01-29 00:00:00+00:00,0.0,16.861185
2047-01-30 00:00:00+00:00,0.0,14.913566
2047-01-31 00:00:00+00:00,0.0,17.750666
2047-02-01 00:00:00+00:00,0.0,18.620283
2047-02-02 00:00:00+00:00,0.0,20.057123
2047-02-03 00:00:00+00:00,0.0,19.80049
2047-02-04 00:00:00+00:00,0.0,19.54314
2047-02-05 00:00:00+00:00,0.0,18.150652
2047-02-06 00:00:00+00:00,0.0,18.458324
2047-02-07 00:00:00+00:00,0.0,21.325867
2047-02-08 00:00:00+00:00,0.0,18.506525
2047-02-09 00:00:00+00:00,0.0,16.249954
2047-02-10 00:00:00+00:00,0.0,14.843837
2047-02-11 00:00:00+00:00,0.0,15.720659
2047-02-12 00:00:00+00:00,0.0,17.744537
2047-02-13 00:00:00+00:00,0.0,17.48105
2047-02-14 00:00:00+00:00,0.0,16.069044
2047-02-15 00:00:00+00:00,0.0,15.227969
2047-02-16 00:00:00+00:00,0.0,18.70007
2047-02-17 00:00:00+00:00,0.0,19.300478
2047-02-18 00:00:00+00:00,0.0,15.287355
2047-02-19 00:00:00+00:00,0.0,13.574294
2047-02-20 00:00:00+00:00,0.0,17.06216
2047-02-21 00:00:00+00:00,0.0,17.952955
2047-02-22 00:00:00+00:00,0.0,16.81645
2047-02-23 00:00:00+00:00,0.0,17.128529
2047-02-24 00:00:00+00:00,0.0,15.4065485
2047-02-25 00:00:00+00:00,0.0,14.8443365
2047-02-26 00:00:00+00:00,0.0,14.572078
2047-02-27 00:00:00+00:00,0.0,14.007265
2047-02-28 00:00:00+00:00,0.0,13.7331505
2047-03-01 00:00:00+00:00,0.0,14.628589
2047-03-02 00:00:00+00:00,0.0,15.819251
2047-03-03 00:00:00+00:00,0.0,14.959661
2047-03-04 00:00:00+00:00,0.0,15.870267
2047-03-05 00:00:00+00:00,0.0,20.908772
2047-03-06 00:00:00+00:00,0.0,20.065947
2047-03-07 00:00:00+00:00,0.0,19.515331
2047-03-08 00:00:00+00:00,0.0,18.962444
2047-03-09 00:00:00+00:00,0.0,16.329023
2047-03-10 00:00:00+00:00,0.0,13.089837
2047-03-11 00:00:00+00:00,0.0,9.5393
2047-03-12 00:00:00+00:00,0.0,15.533011
2047-03-13 00:00:00+00:00,0.0,13.768824
2047-03-14 00:00:00+00:00,0.0,12.297319
2047-03-15 00:00:00+00:00,0.0,13.524698
2047-03-16 00:00:00+00:00,0.0,14.455922
2047-03-17 00:00:00+00:00,0.0,15.390934
2047-03-18 00:00:00+00:00,0.0,15.724953
2047-03-19 00:00:00+00:00,0.0,12.12099
2047-03-20 00:00:00+00:00,0.0,10.627698
2047-03-21 00:00:00+00:00,0.0,17.343626
2047-03-22 00:00:00+00:00,0.0,19.20881
2047-03-23 00:00:00+00:00,0.0,19.859535
2047-03-24 00:00:00+00:00,0.0,19.900585
2047-03-25 00:00:00+00:00,0.0,15.953406
2047-03-26 00:00:00+00:00,0.0,11.374974
2047-03-27 00:00:00+00:00,0.0,11.398559
2047-03-28 00:00:00+00:00,0.0,15.126721
2047-03-29 00:00:00+00:00,0.0,19.798397
2047-03-30 00:00:00+00:00,0.0,17.049637
2047-03-31 00:00:00+00:00,0.0,9.940442
2047-04-01 00:00:00+00:00,0.0,13.385312
2047-04-02 00:00:00+00:00,0.0,15.596788
2047-04-03 00:00:00+00:00,0.0,18.755241
2047-04-04 00:00:00+00:00,0.0,17.228252
2047-04-05 00:00:00+00:00,0.0,17.264315
2047-04-06 00:00:00+00:00,0.0,14.469501
2047-04-07 00:00:00+00:00,0.0,11.347711
2047-04-08 00:00:00+00:00,0.0,10.423912
2047-04-09 00:00:00+00:00,0.0,15.19393
2047-04-10 00:00:00+00:00,0.0,14.59149
2047-04-11 00:00:00+00:00,0.0,12.714983
2047-04-12 00:00:00+00:00,0.0,12.423256
2047-04-13 00:00:00+00:00,0.0,14.364791
2047-04-14 00:00:00+00:00,0.0,15.674723
2047-04-15 00:00:00+00:00,0.0,15.06675
2047-04-16 00:00:00+00:00,0.0,15.419915
2047-04-17 00:00:00+00:00,0.0,19.31577
2047-04-18 00:00:00+00:00,0.0,17.743711
2047-04-19 00:00:00+00:00,0.0,17.781424
2047-04-20 00:00:00+00:00,0.0,13.93142
2047-04-21 00:00:00+00:00,0.0,13.961094
2047-04-22 00:00:00+00:00,0.0,20.823614
2047-04-23 00:00:00+00:00,0.0,19.889875
2047-04-24 00:00:00+00:00,0.0,14.377458
2047-04-25 00:00:00+00:00,0.0,15.390599
2047-04-26 00:00:00+00:00,0.0,13.126439
2047-04-27 00:00:00+00:00,0.0,13.154589
2047-04-28 00:00:00+00:00,0.0,14.501115
2047-04-29 00:00:00+00:00,0.0,12.880886
2047-04-30 00:00:00+00:00,0.0,15.887512
2047-05-01 00:00:00+00:00,0.0,16.585142
2047-05-02 00:00:00+00:00,0.0,11.30222
2047-05-03 00:00:00+00:00,0.0,14.657985
2047-05-04 00:00:00+00:00,0.0,14.635778
2047-05-05 00:00:00+00:00,0.0,18.599154
2047-05-06 00:00:00+00:00,0.0,15.58639
2047-05-07 00:00:00+00:00,0.0,15.562829
2047-05-08 00:00:00+00:00,0.0,16.200565
2047-05-09 00:00:00+00:00,0.0,15.185733
2047-05-10 00:00:00+00:00,0.0,16.151707
2047-05-11 00:00:00+00:00,0.0,18.760395
2047-05-12 00:00:00+00:00,0.0,17.417599
2047-05-13 00:00:00+00:00,0.0,17.719517
2047-05-14 00:00:00+00:00,0.0,15.399342
2047-05-15 00:00:00+00:00,0.0,15.049039
2047-05-16 00:00:00+00:00,0.0,16.986399
2047-05-17 00:00:00+00:00,0.0,12.394505
2047-05-18 00:00:00+00:00,0.0,20.192276
2047-05-19 00:00:00+00:00,0.0,15.284097
2047-05-20 00:00:00+00:00,0.0,12.66355
2047-05-21 00:00:00+00:00,0.0,12.320371
2047-05-22 00:00:00+00:00,0.0,15.53929
2047-05-23 00:00:00+00:00,0.0,15.192805
2047-05-24 00:00:00+00:00,0.0,14.524572
2047-05-25 00:00:00+00:00,0.0,15.147456
2047-05-26 00:00:00+00:00,0.0,13.837636
2047-05-27 00:00:00+00:00,0.0,16.387608
2047-05-28 00:00:00+00:00,0.0,9.946252
2047-05-29 00:00:00+00:00,0.0,8.009229
2047-05-30 00:00:00+00:00,0.0,8.317203
2047-05-31 00:00:00+00:00,0.0,14.373753
2047-06-01 00:00:00+00:00,0.0,17.541815
2047-06-02 00:00:00+00:00,0.0,16.878826
2047-06-03 00:00:00+00:00,0.0,15.2638
2047-06-04 00:00:00+00:00,0.0,12.383445
2047-06-05 00:00:00+00:00,0.0,18.389109
2047-06-06 00:00:00+00:00,0.0,18.361874
2047-06-07 00:00:00+00:00,0.0,17.070234
2047-06-08 00:00:00+00:00,0.0,13.25721
2047-06-09 00:00:00+00:00,0.0,13.552795
2047-06-10 00:00:00+00:00,0.0,16.365215
2047-06-11 00:00:00+00:00,0.0,16.969559
2047-06-12 00:00:00+00:00,0.0,17.5721
2047-06-13 00:00:00+00:00,0.0,15.35292
2047-06-14 00:00:00+00:00,0.0,14.704574
2047-06-15 00:00:00+00:00,0.0,12.496105
2047-06-16 00:00:00+00:00,0.14441146,16.84492
2047-06-17 00:00:00+00:00,0.0,15.885696
2047-06-18 00:00:00+00:00,0.0,21.460829
2047-06-19 00:00:00+00:00,0.0,18.634184
2047-06-20 00:00:00+00:00,0.288277,21.707973
2047-06-21 00:00:00+00:00,2.3052309,18.26989
2047-06-22 00:00:00+00:00,6.048744,18.86152
2047-06-23 00:00:00+00:00,2.1594114,22.230167
2047-06-24 00:00:00+00:00,3.3098354,14.490117
2047-06-25 00:00:00+00:00,10.645123,19.702356
2047-06-26 00:00:00+00:00,0.43140602,15.677362
2047-06-27 00:00:00+00:00,0.0,14.119707
2047-06-28 00:00:00+00:00,0.0,17.777113
2047-06-29 00:00:00+00:00,0.0,21.729885
2047-06-30 00:00:00+00:00,0.0,13.44677
2047-07-01 00:00:00+00:00,0.0,17.394293
2047-07-02 00:00:00+00:00,0.0,19.501987
2047-07-03 00:00:00+00:00,0.0,18.56451
2047-07-04 00:00:00+00:00,0.0,18.871725
2047-07-05 00:00:00+00:00,0.14260283,17.656902
2047-07-06 00:00:00+00:00,0.0,13.092478
2047-07-07 00:00:00+00:00,0.0,18.880444
2047-07-08 00:00:00+00:00,1.6975532,19.492517
2047-07-09 00:00:00+00:00,0.28222084,19.495552
2047-07-10 00:00:00+00:00,0.28154138,17.975279
2047-07-11 00:00:00+00:00,1.2639862,17.368677
2047-07-12 00:00:00+00:00,11.3502445,18.285707
2047-07-13 00:00:00+00:00,0.0,16.459745
2047-07-14 00:00:00+00:00,0.0,13.108922
2047-07-15 00:00:00+00:00,0.0,17.379723
2047-07-16 00:00:00+00:00,0.0,18.907299
2047-07-17 00:00:00+00:00,0.0,18.605343
2047-07-18 00:00:00+00:00,1.107486,18.3033
2047-07-19 00:00:00+00:00,0.69092184,18.30628
2047-07-20 00:00:00+00:00,4.55204,15.868037
2047-07-21 00:00:00+00:00,0.0,17.701872
2047-07-22 00:00:00+00:00,0.0,12.820711
2047-07-23 00:00:00+00:00,0.1372518,19.539557
2047-07-24 00:00:00+00:00,0.0,17.099955
2047-07-25 00:00:00+00:00,0.41047496,15.575773
2047-07-26 00:00:00+00:00,4.508476,19.243893
2047-07-27 00:00:00+00:00,3.4105396,21.080198
2047-07-28 00:00:00+00:00,0.81736845,17.417025
2047-07-29 00:00:00+00:00,0.0,16.197533
2047-07-30 00:00:00+00:00,0.0,17.72863
2047-07-31 00:00:00+00:00,11.125576,18.648827
2047-08-01 00:00:00+00:00,0.13550372,12.230847
2047-08-02 00:00:00+00:00,1.6240097,14.373731
2047-08-03 00:00:00+00:00,1.0813502,18.658514
2047-08-04 00:00:00+00:00,20.521137,14.378743
2047-08-05 00:00:00+00:00,2.1576023,12.851344
2047-08-06 00:00:00+00:00,0.0,14.995879
2047-08-07 00:00:00+00:00,11.571019,13.468072
2047-08-08 00:00:00+00:00,1.4784043,16.22579
2047-08-09 00:00:00+00:00,0.0,15.310084
2047-08-10 00:00:00+00:00,0.0,17.456627
2047-08-11 00:00:00+00:00,0.6699066,15.621904
2047-08-12 00:00:00+00:00,0.2676958,19.607512
2047-08-13 00:00:00+00:00,13.639184,17.159695
2047-08-14 00:00:00+00:00,17.233099,14.404519
2047-08-15 00:00:00+00:00,0.0,12.567953
2047-08-16 00:00:00+00:00,11.200814,15.942782
2047-08-17 00:00:00+00:00,0.0,20.852121
2047-08-18 00:00:00+00:00,2.1297052,18.709063
2047-08-19 00:00:00+00:00,0.79795206,17.485508
2047-08-20 00:00:00+00:00,0.0,14.113765
2047-08-21 00:00:00+00:00,1.4604694,19.640253
2047-08-22 00:00:00+00:00,45.370506,15.34686
2047-08-23 00:00:00+00:00,21.341642,19.95472
2047-08-24 00:00:00+00:00,16.689125,17.19505
2047-08-25 00:00:00+00:00,3.7058554,22.41929
2047-08-26 00:00:00+00:00,9.918943,18.123205
2047-08-27 00:00:00+00:00,0.0,14.132702
2047-08-28 00:00:00+00:00,0.0,7.682315
2047-08-29 00:00:00+00:00,1.0557246,11.986763
2047-08-30 00:00:00+00:00,2.63747,9.837231
2047-08-31 00:00:00+00:00,0.13178313,8.916755
2047-09-01 00:00:00+00:00,0.0,11.686349
2047-09-02 00:00:00+00:00,0.0,13.530704
2047-09-03 00:00:00+00:00,7.3737082,15.669935
2047-09-04 00:00:00+00:00,29.503048,20.261412
2047-09-05 00:00:00+00:00,0.0,9.508585
2047-09-06 00:00:00+00:00,0.13178654,13.178039
2047-09-07 00:00:00+00:00,0.0,16.534979
2047-09-08 00:00:00+00:00,27.824064,13.76733
2047-09-09 00:00:00+00:00,64.89971,23.537197
2047-09-10 00:00:00+00:00,0.0,15.270754
2047-09-11 00:00:00+00:00,0.65999347,18.003983
2047-09-12 00:00:00+00:00,26.673124,25.305813
2047-09-13 00:00:00+00:00,0.0,15.840569
2047-09-14 00:00:00+00:00,0.13214266,9.435262
2047-09-15 00:00:00+00:00,0.0,13.07631
2047-09-16 00:00:00+00:00,0.92572737,11.241972
2047-09-17 00:00:00+00:00,4.762853,7.5893474
2047-09-18 00:00:00+00:00,0.26471633,10.919182
2047-09-19 00:00:00+00:00,0.0,15.152364
2047-09-20 00:00:00+00:00,0.13247764,11.505789
2047-09-21 00:00:00+00:00,0.0,13.310903
2047-09-22 00:00:00+00:00,0.0,10.276739
2047-09-23 00:00:00+00:00,2.3881333,6.9458494
2047-09-24 00:00:00+00:00,4.646064,9.957086
2047-09-25 00:00:00+00:00,0.0,9.646918
2047-09-26 00:00:00+00:00,0.0,20.782976
2047-09-27 00:00:00+00:00,0.0,8.727223
2047-09-28 00:00:00+00:00,0.0,10.222949
2047-09-29 00:00:00+00:00,0.0,12.617264
2047-09-30 00:00:00+00:00,0.1332341,10.205004
2047-10-01 00:00:00+00:00,6.7997594,10.795793
2047-10-02 00:00:00+00:00,0.0,8.089716
2047-10-03 00:00:00+00:00,0.8011868,13.171621
2047-10-04 00:00:00+00:00,0.0,8.673635
2047-10-05 00:00:00+00:00,0.0,13.14837
2047-10-06 00:00:00+00:00,0.0,11.643932
2047-10-07 00:00:00+00:00,0.13399999,10.142133
2047-10-08 00:00:00+00:00,0.0,11.921347
2047-10-09 00:00:00+00:00,0.26854685,11.315228
2047-10-10 00:00:00+00:00,0.0,11.30518
2047-10-11 00:00:00+00:00,0.0,13.673047
2047-10-12 00:00:00+00:00,0.0,10.09717
2047-10-13 00:00:00+00:00,0.0,14.538835
2047-10-14 00:00:00+00:00,0.0,15.711647
2047-10-15 00:00:00+00:00,0.2706236,17.178518
2047-10-16 00:00:00+00:00,0.0,19.826408
2047-10-17 00:00:00+00:00,0.95029575,10.052156
2047-10-18 00:00:00+00:00,4.760124,12.997016
2047-10-19 00:00:00+00:00,0.0,14.165842
2047-10-20 00:00:00+00:00,0.0,11.49941
2047-10-21 00:00:00+00:00,16.424118,10.310703
2047-10-22 00:00:00+00:00,3.8417568,10.890076
2047-10-23 00:00:00+00:00,0.4127225,7.0574675
2047-10-24 00:00:00+00:00,0.2759554,9.401466
2047-10-25 00:00:00+00:00,0.0,9.686505
2047-10-26 00:00:00+00:00,0.0,9.384482
2047-10-27 00:00:00+00:00,0.0,11.719984
2047-10-28 00:00:00+00:00,0.0,10.8311615
2047-10-29 00:00:00+00:00,0.0,10.821337
2047-10-30 00:00:00+00:00,0.0,11.395913
2047-10-31 00:00:00+00:00,0.0,14.304923
2047-11-01 00:00:00+00:00,0.0,17.208618
2047-11-02 00:00:00+00:00,0.0,17.481014
2047-11-03 00:00:00+00:00,0.0,18.620071
2047-11-04 00:00:00+00:00,0.0,14.526499
2047-11-05 00:00:00+00:00,0.0,12.765471
2047-11-06 00:00:00+00:00,0.0,15.3552475
2047-11-07 00:00:00+00:00,0.0,15.912705
2047-11-08 00:00:00+00:00,0.0,13.579475
2047-11-09 00:00:00+00:00,0.0,11.82977
2047-11-10 00:00:00+00:00,0.0,13.542566
2047-11-11 00:00:00+00:00,0.0,13.524312
2047-11-12 00:00:00+00:00,0.0,13.793551
2047-11-13 00:00:00+00:00,0.0,15.4970665
2047-11-14 00:00:00+00:00,0.0,12.897109
2047-11-15 00:00:00+00:00,0.0,11.448996
2047-11-16 00:00:00+00:00,0.0,13.7208
2047-11-17 00:00:00+00:00,0.0,12.27554
2047-11-18 00:00:00+00:00,0.0,12.544751
2047-11-19 00:00:00+00:00,0.0,12.243856
2047-11-20 00:00:00+00:00,0.0,11.375049
2047-11-21 00:00:00+00:00,0.0,13.348664
2047-11-22 00:00:00+00:00,0.0,14.182727
2047-11-23 00:00:00+00:00,0.0,14.164869
2047-11-24 00:00:00+00:00,0.0,16.12773
2047-11-25 00:00:00+00:00,0.0,15.54247
2047-11-26 00:00:00+00:00,0.0,14.676501
2047-11-27 00:00:00+00:00,0.0,14.658427
2047-11-28 00:00:00+00:00,0.0,14.358928
2047-11-29 00:00:00+00:00,0.0,15.185055
2047-11-30 00:00:00+00:00,0.0,14.8857975
2047-12-01 00:00:00+00:00,0.0,12.343133
2047-12-02 00:00:00+00:00,0.0,10.647206
2047-12-03 00:00:00+00:00,0.0,10.63452
2047-12-04 00:00:00+00:00,0.0,10.342392
2047-12-05 00:00:00+00:00,0.0,11.167784
2047-12-06 00:00:00+00:00,0.0,9.20262
2047-12-07 00:00:00+00:00,0.0,10.584598
2047-12-08 00:00:00+00:00,0.0,13.910947
2047-12-09 00:00:00+00:00,0.0,17.229671
2047-12-10 00:00:00+00:00,0.0,17.209898
2047-12-11 00:00:00+00:00,0.0,18.022038
2047-12-12 00:00:00+00:00,0.0,17.447681
2047-12-13 00:00:00+00:00,0.0,16.598068
2047-12-14 00:00:00+00:00,0.0,14.921479
2047-12-15 00:00:00+00:00,0.0,13.524728
2047-12-16 00:00:00+00:00,0.0,14.061105
2047-12-17 00:00:00+00:00,0.0,16.248775
2047-12-18 00:00:00+00:00,0.0,17.056196
2047-12-19 00:00:00+00:00,0.0,16.48793
2047-12-20 00:00:00+00:00,0.0,15.097479
2047-12-21 00:00:00+00:00,0.0,16.452133
2047-12-22 00:00:00+00:00,0.0,18.899565
2047-12-23 00:00:00+00:00,0.0,18.879301
2047-12-24 00:00:00+00:00,0.0,19.679125
2047-12-25 00:00:00+00:00,0.0,18.293081
2047-12-26 00:00:00+00:00,0.0,15.273597
2047-12-27 00:00:00+00:00,0.0,14.985095
2047-12-28 00:00:00+00:00,0.0,16.60246
2047-12-29 00:00:00+00:00,0.0,15.769531
2047-12-30 00:00:00+00:00,0.0,17.382858
2047-12-31 00:00:00+00:00,0.0,16.55098
2048-01-01 00:00:00+00:00,0.0,16.534025
2048-01-02 00:00:00+00:00,0.0,18.434223
2048-01-03 00:00:00+00:00,0.0,17.915842
2048-01-04 00:00:00+00:00,0.0,16.30879
2048-01-05 00:00:00+00:00,0.0,17.41916
2048-01-06 00:00:00+00:00,0.0,16.897223
2048-01-07 00:00:00+00:00,0.0,17.192553
2048-01-08 00:00:00+00:00,0.0,16.395584
2048-01-09 00:00:00+00:00,0.0,16.143702
2048-01-10 00:00:00+00:00,0.0,16.165096
2048-01-11 00:00:00+00:00,0.0,15.363464
2048-01-12 00:00:00+00:00,0.0,17.032064
2048-01-13 00:00:00+00:00,0.0,18.429968
2048-01-14 00:00:00+00:00,0.0,16.801712
2048-01-15 00:00:00+00:00,0.0,14.893305
2048-01-16 00:00:00+00:00,0.0,14.084478
2048-01-17 00:00:00+00:00,0.0,17.144907
2048-01-18 00:00:00+00:00,0.0,17.998217
2048-01-19 00:00:00+00:00,0.0,17.190166
2048-01-20 00:00:00+00:00,0.0,14.991815
2048-01-21 00:00:00+00:00,0.0,15.011564
2048-01-22 00:00:00+00:00,0.0,16.701471
2048-01-23 00:00:00+00:00,0.0,16.723448
2048-01-24 00:00:00+00:00,0.0,13.117262
2048-01-25 00:00:00+00:00,0.0,13.693419
2048-01-26 00:00:00+00:00,0.0,11.752634
2048-01-27 00:00:00+00:00,0.0,16.811522
2048-01-28 00:00:00+00:00,0.0,22.164215
2048-01-29 00:00:00+00:00,0.0,19.945868
2048-01-30 00:00:00+00:00,0.0,16.596458
2048-01-31 00:00:00+00:00,0.0,16.618204
2048-02-01 00:00:00+00:00,0.0,15.511829
2048-02-02 00:00:00+00:00,0.0,15.249728
2048-02-03 00:00:00+00:00,0.0,14.986903
2048-02-04 00:00:00+00:00,0.0,15.572778
2048-02-05 00:00:00+00:00,0.0,17.010685
2048-02-06 00:00:00+00:00,0.0,17.0329
2048-02-07 00:00:00+00:00,0.0,14.21261
2048-02-08 00:00:00+00:00,0.0,14.800398
2048-02-09 00:00:00+00:00,0.0,21.37456
2048-02-10 00:00:00+00:00,0.0,16.265835
2048-02-11 00:00:00+00:00,0.0,17.715708
2048-02-12 00:00:00+00:00,0.0,18.02488
2048-02-13 00:00:00+00:00,0.0,18.048336
2048-02-14 00:00:00+00:00,0.0,21.514053
2048-02-15 00:00:00+00:00,0.0,21.25479
2048-02-16 00:00:00+00:00,0.0,19.556805
2048-02-17 00:00:00+00:00,0.0,17.27841
2048-02-18 00:00:00+00:00,0.0,20.184303
2048-02-19 00:00:00+00:00,0.0,18.478157
2048-02-20 00:00:00+00:00,0.0,18.791206
2048-02-21 00:00:00+00:00,0.0,21.42079
2048-02-22 00:00:00+00:00,0.0,22.60791
2048-02-23 00:00:00+00:00,0.0,20.025194
2048-02-24 00:00:00+00:00,0.0,20.92289
2048-02-25 00:00:00+00:00,0.0,19.495089
2048-02-26 00:00:00+00:00,0.0,17.772198
2048-02-27 00:00:00+00:00,0.0,18.086878
2048-02-28 00:00:00+00:00,0.0,19.278635
2048-02-29 00:00:00+00:00,0.0,19.011038
2048-03-01 00:00:00+00:00,0.0,14.349882
2048-03-02 00:00:00+00:00,0.0,16.421007
2048-03-03 00:00:00+00:00,0.0,17.918455
2048-03-04 00:00:00+00:00,0.0,17.071754
2048-03-05 00:00:00+00:00,0.0,15.041828
2048-03-06 00:00:00+00:00,0.0,13.299158
2048-03-07 00:00:00+00:00,0.0,15.6953
2048-03-08 00:00:00+00:00,0.0,16.32072
2048-03-09 00:00:00+00:00,0.0,18.732729
2048-03-10 00:00:00+00:00,0.0,14.89756
2048-03-11 00:00:00+00:00,0.0,11.345257
2048-03-12 00:00:00+00:00,0.0,10.7701
2048-03-13 00:00:00+00:00,0.0,13.190379
2048-03-14 00:00:00+00:00,0.0,12.015804
2048-03-15 00:00:00+00:00,0.0,14.147506
2048-03-16 00:00:00+00:00,0.0,12.970017
2048-03-17 00:00:00+00:00,0.0,14.810143
2048-03-18 00:00:00+00:00,0.0,12.114765
2048-03-19 00:00:00+00:00,0.0,10.622234
2048-03-20 00:00:00+00:00,0.0,12.164703
2048-03-21 00:00:00+00:00,0.0,14.627747
2048-03-22 00:00:00+00:00,0.0,16.18481
2048-03-23 00:00:00+00:00,0.0,17.74828
2048-03-24 00:00:00+00:00,0.0,16.865078
2048-03-25 00:00:00+00:00,0.0,16.285454
2048-03-26 00:00:00+00:00,0.0,13.548023
2048-03-27 00:00:00+00:00,0.0,13.576136
2048-03-28 00:00:00+00:00,0.0,13.913525
2048-03-29 00:00:00+00:00,0.0,14.871953
2048-03-30 00:00:00+00:00,0.0,15.834342
2048-03-31 00:00:00+00:00,0.0,15.245089
2048-04-01 00:00:00+00:00,0.0,16.835754
2048-04-02 00:00:00+00:00,0.22916512,16.558489
2048-04-03 00:00:00+00:00,0.0,14.401557
2048-04-04 00:00:00+00:00,0.45504037,16.627825
2048-04-05 00:00:00+00:00,0.0,14.776318
2048-04-06 00:00:00+00:00,0.0,15.752453
2048-04-07 00:00:00+00:00,0.0,16.101234
2048-04-08 00:00:00+00:00,0.0,18.033318
2048-04-09 00:00:00+00:00,0.0,20.924612
2048-04-10 00:00:00+00:00,0.0,16.52078
2048-04-11 00:00:00+00:00,0.0,19.42101
2048-04-12 00:00:00+00:00,0.0,20.419151
2048-04-13 00:00:00+00:00,0.0,17.90451
2048-04-14 00:00:00+00:00,0.0,15.699588
2048-04-15 00:00:00+00:00,0.0,9.632348
2048-04-16 00:00:00+00:00,0.0,10.618046
2048-04-17 00:00:00+00:00,0.0,14.832327
2048-04-18 00:00:00+00:00,0.0,15.833222
2048-04-19 00:00:00+00:00,0.0,16.190714
2048-04-20 00:00:00+00:00,0.0,18.821222
2048-04-21 00:00:00+00:00,0.0,16.259783
2048-04-22 00:00:00+00:00,2.3993626,14.990925
2048-04-23 00:00:00+00:00,0.0,17.96223
2048-04-24 00:00:00+00:00,0.0,21.273497
2048-04-25 00:00:00+00:00,0.0,20.00711
2048-04-26 00:00:00+00:00,0.0,20.70738
2048-04-27 00:00:00+00:00,0.0,19.763641
2048-04-28 00:00:00+00:00,0.0,16.835192
2048-04-29 00:00:00+00:00,0.0,10.25517
2048-04-30 00:00:00+00:00,0.0,12.597927
2048-05-01 00:00:00+00:00,0.0,13.621805
2048-05-02 00:00:00+00:00,0.0,11.653472
2048-05-03 00:00:00+00:00,0.0,16.305113
2048-05-04 00:00:00+00:00,0.0,17.277184
2048-05-05 00:00:00+00:00,0.0,16.587542
2048-05-06 00:00:00+00:00,0.0,13.912467
2048-05-07 00:00:00+00:00,0.0,10.58396
2048-05-08 00:00:00+00:00,0.0,12.219227
2048-05-09 00:00:00+00:00,0.0,11.871037
2048-05-10 00:00:00+00:00,0.0,18.108965
2048-05-11 00:00:00+00:00,0.0,16.437891
2048-05-12 00:00:00+00:00,0.0,12.802249
2048-05-13 00:00:00+00:00,0.0,14.7496
2048-05-14 00:00:00+00:00,0.0,15.381975
2048-05-15 00:00:00+00:00,0.0,20.260628
2048-05-16 00:00:00+00:00,0.0,18.925032
2048-05-17 00:00:00+00:00,0.0,15.638597
2048-05-18 00:00:00+00:00,0.0,20.49488
2048-05-19 00:00:00+00:00,0.0,16.89106
2048-05-20 00:00:00+00:00,0.0,16.217085
2048-05-21 00:00:00+00:00,0.0,15.22125
2048-05-22 00:00:00+00:00,0.0,14.228374
2048-05-23 00:00:00+00:00,0.0,14.530001
2048-05-24 00:00:00+00:00,0.0,17.087555
2048-05-25 00:00:00+00:00,0.0,16.09628
2048-05-26 00:00:00+00:00,0.0,18.322392
2048-05-27 00:00:00+00:00,0.0,19.257988
2048-05-28 00:00:00+00:00,0.0,13.460515
2048-05-29 00:00:00+00:00,0.0,18.240654
2048-05-30 00:00:00+00:00,0.0,17.893988
2048-05-31 00:00:00+00:00,0.0,19.462696
2048-06-01 00:00:00+00:00,0.0,20.389551
2048-06-02 00:00:00+00:00,0.0,19.08683
2048-06-03 00:00:00+00:00,0.0,21.599657
2048-06-04 00:00:00+00:00,0.29102954,11.100989
2048-06-05 00:00:00+00:00,0.0,16.151768
2048-06-06 00:00:00+00:00,0.0,17.392786
2048-06-07 00:00:00+00:00,0.0,19.577408
2048-06-08 00:00:00+00:00,0.0,18.287275
2048-06-09 00:00:00+00:00,0.0,15.1119375
2048-06-10 00:00:00+00:00,0.0,19.805132
2048-06-11 00:00:00+00:00,0.0,17.264685
2048-06-12 00:00:00+00:00,0.0,18.179546
2048-06-13 00:00:00+00:00,0.0,18.465738
2048-06-14 00:00:00+00:00,0.0,20.313652
2048-06-15 00:00:00+00:00,0.28886017,9.673791
2048-06-16 00:00:00+00:00,0.0,9.659563
2048-06-17 00:00:00+00:00,0.0,17.112747
2048-06-18 00:00:00+00:00,0.0,19.883766
2048-06-19 00:00:00+00:00,3.0272393,20.785263
2048-06-20 00:00:00+00:00,0.57636833,11.771364
2048-06-21 00:00:00+00:00,0.0,18.868437
2048-06-22 00:00:00+00:00,0.0,16.678736
2048-06-23 00:00:00+00:00,0.71959704,18.196384
2048-06-24 00:00:00+00:00,0.0,16.321987
2048-06-25 00:00:00+00:00,0.0,16.913143
2048-06-26 00:00:00+00:00,0.0,19.037865
2048-06-27 00:00:00+00:00,11.784794,20.849749
2048-06-28 00:00:00+00:00,4.7411327,12.246657
2048-06-29 00:00:00+00:00,0.0,9.1715975
2048-06-30 00:00:00+00:00,0.0,13.432069
2048-07-01 00:00:00+00:00,0.0,13.107673
2048-07-02 00:00:00+00:00,0.0,17.654379
2048-07-03 00:00:00+00:00,0.5724741,20.39286
2048-07-04 00:00:00+00:00,0.0,16.134134
2048-07-05 00:00:00+00:00,0.0,16.13662
2048-07-06 00:00:00+00:00,0.0,17.052643
2048-07-07 00:00:00+00:00,0.28310573,16.44617
2048-07-08 00:00:00+00:00,13.837335,18.27637
2048-07-09 00:00:00+00:00,3.6622162,18.583881
2048-07-10 00:00:00+00:00,31.196278,9.445751
2048-07-11 00:00:00+00:00,0.2804091,8.228243
2048-07-12 00:00:00+00:00,0.0,12.496717
2048-07-13 00:00:00+00:00,0.0,15.5471735
2048-07-14 00:00:00+00:00,0.0,13.720284
2048-07-15 00:00:00+00:00,0.0,15.857094
2048-07-16 00:00:00+00:00,0.0,10.979759
2048-07-17 00:00:00+00:00,0.0,11.286579
2048-07-18 00:00:00+00:00,0.0,14.949522
2048-07-19 00:00:00+00:00,0.0,18.613668
2048-07-20 00:00:00+00:00,0.0,21.363451
2048-07-21 00:00:00+00:00,0.0,19.535515
2048-07-22 00:00:00+00:00,3.020752,15.875228
2048-07-23 00:00:00+00:00,37.973618,15.267183
2048-07-24 00:00:00+00:00,1.3687702,9.467232
2048-07-25 00:00:00+00:00,0.27334216,9.468819
2048-07-26 00:00:00+00:00,0.0,15.274861
2048-07-27 00:00:00+00:00,1.0902078,15.88854
2048-07-28 00:00:00+00:00,0.6804318,15.891241
2048-07-29 00:00:00+00:00,0.81541055,19.256136
2048-07-30 00:00:00+00:00,2.442995,14.979563
2048-07-31 00:00:00+00:00,9.759372,19.56851
2048-08-01 00:00:00+00:00,15.703631,9.785947
2048-08-02 00:00:00+00:00,0.8112583,10.705238
2048-08-03 00:00:00+00:00,0.0,11.013022
2048-08-04 00:00:00+00:00,0.0,15.604518
2048-08-05 00:00:00+00:00,2.290489,13.771117
2048-08-06 00:00:00+00:00,6.7291927,16.834345
2048-08-07 00:00:00+00:00,0.0,11.020799
2048-08-08 00:00:00+00:00,0.26858574,17.146524
2048-08-09 00:00:00+00:00,0.0,17.455841
2048-08-10 00:00:00+00:00,0.4020455,14.089708
2048-08-11 00:00:00+00:00,0.53552395,16.543087
2048-08-12 00:00:00+00:00,16.049978,18.997366
2048-08-13 00:00:00+00:00,12.02594,16.242653
2048-08-14 00:00:00+00:00,0.13349608,13.793461
2048-08-15 00:00:00+00:00,1.4671065,13.182848
2048-08-16 00:00:00+00:00,0.3997595,11.038845
2048-08-17 00:00:00+00:00,3.328389,16.561348
2048-08-18 00:00:00+00:00,1.4632246,15.6441965
2048-08-19 00:00:00+00:00,1.3290768,17.79478
2048-08-20 00:00:00+00:00,4.5151057,20.866781
2048-08-21 00:00:00+00:00,23.353264,22.098427
2048-08-22 00:00:00+00:00,17.1032,16.883959
2048-08-23 00:00:00+00:00,5.564119,13.816789
2048-08-24 00:00:00+00:00,7.677875,15.047841
2048-08-25 00:00:00+00:00,2.3809903,15.357906
2048-08-26 00:00:00+00:00,0.13217928,12.288707
2048-08-27 00:00:00+00:00,0.0,10.14016
2048-08-28 00:00:00+00:00,0.26397777,17.825592
2048-08-29 00:00:00+00:00,24.137035,18.136497
2048-08-30 00:00:00+00:00,20.561668,15.372955
2048-08-31 00:00:00+00:00,4.08321,15.37601
2048-09-01 00:00:00+00:00,0.13162896,9.2274475
2048-09-02 00:00:00+00:00,0.0,14.136682
2048-09-03 00:00:00+00:00,73.752426,15.045779
2048-09-04 00:00:00+00:00,6.1916957,25.157125
2048-09-05 00:00:00+00:00,0.26355347,16.55271
2048-09-06 00:00:00+00:00,0.3954492,17.45733
2048-09-07 00:00:00+00:00,78.85061,15.91233
2048-09-08 00:00:00+00:00,0.6594963,14.369949
2048-09-09 00:00:00+00:00,0.0,7.3315396
2048-09-10 00:00:00+00:00,0.0,16.176554
2048-09-11 00:00:00+00:00,0.13203341,14.942798
2048-09-12 00:00:00+00:00,0.0,11.273607
2048-09-13 00:00:00+00:00,9.249109,9.437301
2048-09-14 00:00:00+00:00,23.263838,10.341644
2048-09-15 00:00:00+00:00,0.39670008,12.460016
2048-09-16 00:00:00+00:00,0.0,10.020109
2048-09-17 00:00:00+00:00,0.0,11.528304
2048-09-18 00:00:00+00:00,0.0,13.943204
2048-09-19 00:00:00+00:00,0.3973867,10.599742
2048-09-20 00:00:00+00:00,0.0,9.077591
2048-09-21 00:00:00+00:00,0.0,7.5580716
2048-09-22 00:00:00+00:00,0.0,7.551485
2048-09-23 00:00:00+00:00,0.0,9.959262
2048-09-24 00:00:00+00:00,0.0,11.4582205
2048-09-25 00:00:00+00:00,0.13287514,12.653274
2048-09-26 00:00:00+00:00,0.5318157,14.448224
2048-09-27 00:00:00+00:00,0.0,4.811854
2048-09-28 00:00:00+00:00,5.324867,13.821942
2048-09-29 00:00:00+00:00,7.726245,21.014917
2048-09-30 00:00:00+00:00,0.0,13.1977625
2048-10-01 00:00:00+00:00,1.7342308,16.482681
2048-10-02 00:00:00+00:00,0.0,17.066998
2048-10-03 00:00:00+00:00,0.0,8.376392
2048-10-04 00:00:00+00:00,0.13372482,6.5756392
2048-10-05 00:00:00+00:00,0.0,11.049252
2048-10-06 00:00:00+00:00,0.9377748,10.442744
2048-10-07 00:00:00+00:00,0.8045946,10.433493
2048-10-08 00:00:00+00:00,0.0,7.1480484
2048-10-09 00:00:00+00:00,0.0,7.7368407
2048-10-10 00:00:00+00:00,0.0,7.4326577
2048-10-11 00:00:00+00:00,0.0,8.61421
2048-10-12 00:00:00+00:00,1.079018,9.793644
2048-10-13 00:00:00+00:00,0.0,8.8953705
2048-10-14 00:00:00+00:00,0.0,9.776171
2048-10-15 00:00:00+00:00,0.0,7.399568
2048-10-16 00:00:00+00:00,2.849648,10.350127
2048-10-17 00:00:00+00:00,7.340765,12.113569
2048-10-18 00:00:00+00:00,0.0,10.036392
2048-10-19 00:00:00+00:00,0.0,7.373072
2048-10-20 00:00:00+00:00,0.0,9.723707
2048-10-21 00:00:00+00:00,0.0,7.948602
2048-10-22 00:00:00+00:00,0.0,7.6473126
2048-10-23 00:00:00+00:00,0.8272396,10.579038
2048-10-24 00:00:00+00:00,3.0427408,12.037471
2048-10-25 00:00:00+00:00,0.0,16.133228
2048-10-26 00:00:00+00:00,0.0,12.015705
2048-10-27 00:00:00+00:00,0.0,11.41922
2048-10-28 00:00:00+00:00,0.0,9.068582
2048-10-29 00:00:00+00:00,0.0,10.229426
2048-10-30 00:00:00+00:00,0.0,9.052113
2048-10-31 00:00:00+00:00,0.0,10.794303
2048-11-01 00:00:00+00:00,0.0,13.989774
2048-11-02 00:00:00+00:00,0.0,13.678937
2048-11-03 00:00:00+00:00,0.0,12.206538
2048-11-04 00:00:00+00:00,0.0,17.123304
2048-11-05 00:00:00+00:00,0.0,15.6503935
2048-11-06 00:00:00+00:00,0.0,15.04992
2048-11-07 00:00:00+00:00,0.0,11.849982
2048-11-08 00:00:00+00:00,0.0,13.276942
2048-11-09 00:00:00+00:00,0.0,14.988338
2048-11-10 00:00:00+00:00,0.0,12.665319
2048-11-11 00:00:00+00:00,0.0,12.648318
2048-11-12 00:00:00+00:00,0.0,13.492674
2048-11-13 00:00:00+00:00,0.0,12.614681
2048-11-14 00:00:00+00:00,0.0,17.75178
2048-11-15 00:00:00+00:00,0.0,16.012835
2048-11-16 00:00:00+00:00,0.0,14.278525
2048-11-17 00:00:00+00:00,0.0,13.4044075
2048-11-18 00:00:00+00:00,0.0,11.962959
2048-11-19 00:00:00+00:00,0.0,16.214626
2048-11-20 00:00:00+00:00,0.0,15.3416395
2048-11-21 00:00:00+00:00,0.0,14.470954
2048-11-22 00:00:00+00:00,0.0,16.153027
2048-11-23 00:00:00+00:00,0.0,15.000649
2048-11-24 00:00:00+00:00,0.0,15.82998
2048-11-25 00:00:00+00:00,0.0,15.8103485
2048-11-26 00:00:00+00:00,0.0,13.2530365
2048-11-27 00:00:00+00:00,0.0,11.828616
2048-11-28 00:00:00+00:00,0.0,13.220639
2048-11-29 00:00:00+00:00,0.0,13.204605
2048-11-30 00:00:00+00:00,0.0,13.749897
2048-12-01 00:00:00+00:00,0.0,14.293947
2048-12-02 00:00:00+00:00,0.0,12.877194
2048-12-03 00:00:00+00:00,0.0,12.3027
2048-12-04 00:00:00+00:00,0.0,12.84673
2048-12-05 00:00:00+00:00,0.0,12.831647
2048-12-06 00:00:00+00:00,0.0,13.095285
2048-12-07 00:00:00+00:00,0.0,11.688579
2048-12-08 00:00:00+00:00,0.0,14.454856
2048-12-09 00:00:00+00:00,0.0,11.106342
2048-12-10 00:00:00+00:00,0.0,10.816305
2048-12-11 00:00:00+00:00,0.0,11.081033
2048-12-12 00:00:00+00:00,0.0,13.282201
2048-12-13 00:00:00+00:00,0.0,14.096461
2048-12-14 00:00:00+00:00,0.0,14.90896
2048-12-15 00:00:00+00:00,0.0,13.789225
2048-12-16 00:00:00+00:00,0.0,11.845598
2048-12-17 00:00:00+00:00,0.0,14.309129
2048-12-18 00:00:00+00:00,0.0,15.667815
2048-12-19 00:00:00+00:00,0.0,14.003286
2048-12-20 00:00:00+00:00,0.0,13.439545
2048-12-21 00:00:00+00:00,0.0,14.520965
2048-12-22 00:00:00+00:00,0.0,15.600117
2048-12-23 00:00:00+00:00,0.0,17.770607
2048-12-24 00:00:00+00:00,0.0,15.839998
2048-12-25 00:00:00+00:00,0.0,13.91355
2048-12-26 00:00:00+00:00,0.0,11.718695
2048-12-27 00:00:00+00:00,0.0,10.345218
2048-12-28 00:00:00+00:00,0.0,9.24661
2048-12-29 00:00:00+00:00,0.0,9.237029
2048-12-30 00:00:00+00:00,0.0,13.02707
2048-12-31 00:00:00+00:00,0.0,12.471473
2049-01-01 00:00:00+00:00,0.0,13.008065
2049-01-02 00:00:00+00:00,0.0,17.095806
2049-01-03 00:00:00+00:00,0.0,16.846817
2049-01-04 00:00:00+00:00,0.0,16.869211
2049-01-05 00:00:00+00:00,0.0,15.256944
2049-01-06 00:00:00+00:00,0.0,14.185971
2049-01-07 00:00:00+00:00,0.0,15.570642
2049-01-08 00:00:00+00:00,0.0,18.053076
2049-01-09 00:00:00+00:00,0.0,17.529217
2049-01-10 00:00:00+00:00,0.0,16.45541
2049-01-11 00:00:00+00:00,0.0,13.456376
2049-01-12 00:00:00+00:00,0.0,10.999331
2049-01-13 00:00:00+00:00,0.0,11.013879
2049-01-14 00:00:00+00:00,0.0,12.682702
2049-01-15 00:00:00+00:00,0.0,8.834404
2049-01-16 00:00:00+00:00,0.0,12.716223
2049-01-17 00:00:00+00:00,0.0,10.241764
2049-01-18 00:00:00+00:00,0.0,9.700932
2049-01-19 00:00:00+00:00,0.0,12.489067
2049-01-20 00:00:00+00:00,0.0,15.562424
2049-01-21 00:00:00+00:00,0.0,15.0263815
2049-01-22 00:00:00+00:00,0.0,15.324789
2049-01-23 00:00:00+00:00,0.0,10.880962
2049-01-24 00:00:00+00:00,0.0,15.365119
2049-01-25 00:00:00+00:00,0.0,15.665037
2049-01-26 00:00:00+00:00,0.0,11.764207
2049-01-27 00:00:00+00:00,0.0,14.023388
2049-01-28 00:00:00+00:00,0.0,12.075933
2049-01-29 00:00:00+00:00,0.0,15.46621
2049-01-30 00:00:00+00:00,0.0,14.92333
2049-01-31 00:00:00+00:00,0.0,12.405406
2049-02-01 00:00:00+00:00,0.0,12.139334
2049-02-02 00:00:00+00:00,0.0,16.112724
2049-02-03 00:00:00+00:00,0.0,15.001597
2049-02-04 00:00:00+00:00,0.0,15.871457
2049-02-05 00:00:00+00:00,0.0,18.162498
2049-02-06 00:00:00+00:00,0.0,14.207975
2049-02-07 00:00:00+00:00,0.0,11.665742
2049-02-08 00:00:00+00:00,0.0,15.099772
2049-02-09 00:00:00+00:00,0.0,14.263634
2049-02-10 00:00:00+00:00,0.0,12.56835
2049-02-11 00:00:00+00:00,0.0,14.872843
2049-02-12 00:00:00+00:00,0.0,12.314702
2049-02-13 00:00:00+00:00,0.0,12.043956
2049-02-14 00:00:00+00:00,0.0,14.643815
2049-02-15 00:00:00+00:00,0.0,14.375336
2049-02-16 00:00:00+00:00,0.0,12.090963
2049-02-17 00:00:00+00:00,0.0,12.39491
2049-02-18 00:00:00+00:00,0.0,17.317661
2049-02-19 00:00:00+00:00,0.0,13.58309
2049-02-20 00:00:00+00:00,0.0,17.651962
2049-02-21 00:00:00+00:00,0.0,13.908061
2049-02-22 00:00:00+00:00,0.0,19.14834
2049-02-23 00:00:00+00:00,0.0,20.335123
2049-02-24 00:00:00+00:00,0.0,18.325281
2049-02-25 00:00:00+00:00,0.0,15.14518
2049-02-26 00:00:00+00:00,0.0,11.66519
2049-02-27 00:00:00+00:00,0.0,11.09624
2049-02-28 00:00:00+00:00,0.0,16.081078
2049-03-01 00:00:00+00:00,0.0,17.272861
2049-03-02 00:00:00+00:00,0.0,14.070619
2049-03-03 00:00:00+00:00,0.0,13.211845
2049-03-04 00:00:00+00:00,0.0,16.474726
2049-03-05 00:00:00+00:00,0.0,13.265476
2049-03-06 00:00:00+00:00,0.0,18.609379
2049-03-07 00:00:00+00:00,0.0,21.015099
2049-03-08 00:00:00+00:00,0.0,21.65104
2049-03-09 00:00:00+00:00,0.0,21.695133
2049-03-10 00:00:00+00:00,0.0,21.739363
2049-03-11 00:00:00+00:00,0.0,19.694872
2049-03-12 00:00:00+00:00,0.0,16.146906
2049-03-13 00:00:00+00:00,0.0,14.681782
2049-03-14 00:00:00+00:00,0.0,14.11135
2049-03-15 00:00:00+00:00,0.0,11.432555
2049-03-16 00:00:00+00:00,0.0,12.360426
2049-03-17 00:00:00+00:00,0.0,13.594174
2049-03-18 00:00:00+00:00,0.0,12.108544
2049-03-19 00:00:00+00:00,0.0,14.863483
2049-03-20 00:00:00+00:00,0.0,16.717861
2049-03-21 00:00:00+00:00,0.0,16.752325
2049-03-22 00:00:00+00:00,0.0,12.513868
2049-03-23 00:00:00+00:00,0.0,20.491737
2049-03-24 00:00:00+00:00,0.0,19.614677
2049-03-25 00:00:00+00:00,0.0,23.954878
2049-03-26 00:00:00+00:00,0.0,25.851015
2049-03-27 00:00:00+00:00,0.0,24.67109
2049-03-28 00:00:00+00:00,0.0,17.305626
2049-03-29 00:00:00+00:00,0.0,11.767514
2049-03-30 00:00:00+00:00,0.0,13.343583
2049-03-31 00:00:00+00:00,0.0,14.304266
2049-04-01 00:00:00+00:00,0.0,17.138594
2049-04-02 00:00:00+00:00,0.0,13.739499
2049-04-03 00:00:00+00:00,0.0,15.019865
2049-04-04 00:00:00+00:00,0.0,16.619131
2049-04-05 00:00:00+00:00,0.0,15.711263
2049-04-06 00:00:00+00:00,0.0,16.373968
2049-04-07 00:00:00+00:00,0.0,16.09279
2049-04-08 00:00:00+00:00,0.0,11.699692
2049-04-09 00:00:00+00:00,0.0,12.674918
2049-04-10 00:00:00+00:00,0.0,12.384066
2049-04-11 00:00:00+00:00,0.0,13.046592
2049-04-12 00:00:00+00:00,0.0,13.3930025
2049-04-13 00:00:00+00:00,0.0,10.22575
2049-04-14 00:00:00+00:00,0.0,14.090139
2049-04-15 00:00:00+00:00,0.0,13.478152
2049-04-16 00:00:00+00:00,0.0,23.475967
2049-04-17 00:00:00+00:00,0.0,21.592152
2049-04-18 00:00:00+00:00,0.0,18.731419
2049-04-19 00:00:00+00:00,0.0,11.003839
2049-04-20 00:00:00+00:00,0.0,15.892231
2049-04-21 00:00:00+00:00,0.0,16.251123
2049-04-22 00:00:00+00:00,0.0,16.285797
2049-04-23 00:00:00+00:00,0.0,15.994172
2049-04-24 00:00:00+00:00,0.0,15.047048
2049-04-25 00:00:00+00:00,0.0,15.7348795
2049-04-26 00:00:00+00:00,0.0,14.126041
2049-04-27 00:00:00+00:00,0.0,19.753048
2049-04-28 00:00:00+00:00,0.0,16.826157
2049-04-29 00:00:00+00:00,0.0,14.547903
2049-04-30 00:00:00+00:00,0.0,13.585187
2049-05-01 00:00:00+00:00,0.0,13.61447
2049-05-02 00:00:00+00:00,0.0,15.640512
2049-05-03 00:00:00+00:00,0.0,18.64148
2049-05-04 00:00:00+00:00,0.0,15.289453
2049-05-05 00:00:00+00:00,0.0,11.615674
2049-05-06 00:00:00+00:00,0.0,15.905978
2049-05-07 00:00:00+00:00,0.0,16.54369
2049-05-08 00:00:00+00:00,0.0,19.1617
2049-05-09 00:00:00+00:00,0.0,13.524898
2049-05-10 00:00:00+00:00,0.0,11.198854
2049-05-11 00:00:00+00:00,0.0,13.484151
2049-05-12 00:00:00+00:00,0.0,14.449004
2049-05-13 00:00:00+00:00,0.0,15.410934
2049-05-14 00:00:00+00:00,0.0,14.078165
2049-05-15 00:00:00+00:00,0.0,17.652987
2049-05-16 00:00:00+00:00,0.0,16.320812
2049-05-17 00:00:00+00:00,0.0,16.296318
2049-05-18 00:00:00+00:00,0.0,15.946442
2049-05-19 00:00:00+00:00,0.0,19.821941
2049-05-20 00:00:00+00:00,0.0,14.925307
2049-05-21 00:00:00+00:00,0.0,21.382523
2049-05-22 00:00:00+00:00,0.0,20.056572
2049-05-23 00:00:00+00:00,0.0,18.088537
2049-05-24 00:00:00+00:00,0.0,16.77141
2049-05-25 00:00:00+00:00,0.0,14.170013
2049-05-26 00:00:00+00:00,0.0,17.364532
2049-05-27 00:00:00+00:00,0.0,11.880187
2049-05-28 00:00:00+00:00,0.0,13.144922
2049-05-29 00:00:00+00:00,0.0,21.768883
2049-05-30 00:00:00+00:00,0.0,16.302376
2049-05-31 00:00:00+00:00,0.0,14.043889
2049-06-01 00:00:00+00:00,0.0,10.835973
2049-06-02 00:00:00+00:00,0.0,15.593369
2049-06-03 00:00:00+00:00,0.0,14.299193
2049-06-04 00:00:00+00:00,0.0,15.864439
2049-06-05 00:00:00+00:00,0.0,17.425026
2049-06-06 00:00:00+00:00,0.0,21.195421
2049-06-07 00:00:00+00:00,0.0,20.216417
2049-06-08 00:00:00+00:00,0.2901512,18.609453
2049-06-09 00:00:00+00:00,6.378791,14.802571
2049-06-10 00:00:00+00:00,0.0,10.063465
2049-06-11 00:00:00+00:00,0.0,12.246749
2049-06-12 00:00:00+00:00,0.0,10.347351
2049-06-13 00:00:00+00:00,0.0,13.149944
2049-06-14 00:00:00+00:00,0.2890528,12.192681
2049-06-15 00:00:00+00:00,0.0,15.29646
2049-06-16 00:00:00+00:00,0.0,18.391096
2049-06-17 00:00:00+00:00,0.0,19.609083
2049-06-18 00:00:00+00:00,4.7597747,21.134266
2049-06-19 00:00:00+00:00,0.0,15.827429
2049-06-20 00:00:00+00:00,0.0,16.114094
2049-06-21 00:00:00+00:00,0.0,18.565926
2049-06-22 00:00:00+00:00,0.0,19.46566
2049-06-23 00:00:00+00:00,1.2953975,12.341049
2049-06-24 00:00:00+00:00,0.14387922,14.171437
2049-06-25 00:00:00+00:00,2.8765454,13.84309
2049-06-26 00:00:00+00:00,0.0,18.430477
2049-06-27 00:00:00+00:00,0.0,17.176651
2049-06-28 00:00:00+00:00,0.0,22.35831
2049-06-29 00:00:00+00:00,0.0,14.374076
2049-06-30 00:00:00+00:00,0.0,22.598536
2049-07-01 00:00:00+00:00,0.5742045,17.076677
2049-07-02 00:00:00+00:00,0.0,15.833827
2049-07-03 00:00:00+00:00,0.0,17.652847
2049-07-04 00:00:00+00:00,0.0,17.351141
2049-07-05 00:00:00+00:00,0.0,18.267164
2049-07-06 00:00:00+00:00,10.935267,18.269983
2049-07-07 00:00:00+00:00,0.28328773,10.354594
2049-07-08 00:00:00+00:00,0.0,18.580252
2049-07-09 00:00:00+00:00,0.0,18.887794
2049-07-10 00:00:00+00:00,5.4836087,16.757933
2049-07-11 00:00:00+00:00,0.0,14.017931
2049-07-12 00:00:00+00:00,0.0,16.153656
2049-07-13 00:00:00+00:00,0.0,16.461058
2049-07-14 00:00:00+00:00,47.389603,13.10997
2049-07-15 00:00:00+00:00,0.41730016,8.538093
2049-07-16 00:00:00+00:00,0.0,18.908821
2049-07-17 00:00:00+00:00,0.0,17.081697
2049-07-18 00:00:00+00:00,0.0,16.169231
2049-07-19 00:00:00+00:00,0.0,16.782131
2049-07-20 00:00:00+00:00,0.0,17.395237
2049-07-21 00:00:00+00:00,0.0,17.09287
2049-07-22 00:00:00+00:00,0.2747248,15.874573
2049-07-23 00:00:00+00:00,0.8228568,18.625187
2049-07-24 00:00:00+00:00,6.2987523,19.239056
2049-07-25 00:00:00+00:00,8.886931,15.271648
2049-07-26 00:00:00+00:00,20.341534,14.968731
2049-07-27 00:00:00+00:00,0.0,14.971263
2049-07-28 00:00:00+00:00,0.0,12.223512
2049-07-29 00:00:00+00:00,8.020899,12.531237
2049-07-30 00:00:00+00:00,0.13576649,9.170767
2049-07-31 00:00:00+00:00,0.94913137,11.618301
2049-08-01 00:00:00+00:00,8.937614,9.785522
2049-08-02 00:00:00+00:00,1.4877602,15.598383
2049-08-03 00:00:00+00:00,28.3684,14.683391
2049-08-04 00:00:00+00:00,2.2937818,14.380005
2049-08-05 00:00:00+00:00,0.0,6.426238
2049-08-06 00:00:00+00:00,0.0,13.466877
2049-08-07 00:00:00+00:00,0.26894626,19.285543
2049-08-08 00:00:00+00:00,7.3880672,14.084017
2049-08-09 00:00:00+00:00,0.5367488,13.47408
2049-08-10 00:00:00+00:00,0.0,15.92678
2049-08-11 00:00:00+00:00,3.883513,17.461355
2049-08-12 00:00:00+00:00,3.4783406,18.690107
2049-08-13 00:00:00+00:00,26.73067,14.09675
2049-08-14 00:00:00+00:00,23.233727,10.727755
2049-08-15 00:00:00+00:00,0.13340375,9.196911
2049-08-16 00:00:00+00:00,0.39984894,11.038333
2049-08-17 00:00:00+00:00,0.0,16.560577
2049-08-18 00:00:00+00:00,30.601267,12.269383
2049-08-19 00:00:00+00:00,71.38643,15.339607
2049-08-20 00:00:00+00:00,21.783236,14.421945
2049-08-21 00:00:00+00:00,4.7777705,10.741781
2049-08-22 00:00:00+00:00,62.724186,16.26922
2049-08-23 00:00:00+00:00,0.66252404,20.26365
2049-08-24 00:00:00+00:00,0.0,7.6771
2049-08-25 00:00:00+00:00,4.762873,21.500027
2049-08-26 00:00:00+00:00,8.461028,14.438531
2049-08-27 00:00:00+00:00,0.0,15.363128
2049-08-28 00:00:00+00:00,0.0,12.907554
2049-08-29 00:00:00+00:00,0.13191934,19.365137
2049-08-30 00:00:00+00:00,0.0,12.297753
2049-08-31 00:00:00+00:00,0.26347712,15.682748
2049-09-01 00:00:00+00:00,5.529328,14.148045
2049-09-02 00:00:00+00:00,0.5266217,15.676624
2049-09-03 00:00:00+00:00,0.0,12.8991375
2049-09-04 00:00:00+00:00,0.0,16.87729
2049-09-05 00:00:00+00:00,8.564855,15.943059
2049-09-06 00:00:00+00:00,33.083397,14.39773
2049-09-07 00:00:00+00:00,4.2191005,15.609672
2049-09-08 00:00:00+00:00,4.87988,10.703326
2049-09-09 00:00:00+00:00,9.367147,8.249756
2049-09-10 00:00:00+00:00,15.3092165,7.632092
2049-09-11 00:00:00+00:00,7.789283,5.795395
2049-09-12 00:00:00+00:00,2.773448,6.0951567
2049-09-13 00:00:00+00:00,0.52847075,8.83035
2049-09-14 00:00:00+00:00,0.26433608,9.735416
2049-09-15 00:00:00+00:00,0.3966602,15.502402
2049-09-16 00:00:00+00:00,0.1322739,7.5926366
2049-09-17 00:00:00+00:00,0.0,13.3514595
2049-09-18 00:00:00+00:00,0.0,7.8826523
2049-09-19 00:00:00+00:00,0.0,9.08747
2049-09-20 00:00:00+00:00,1.060071,10.592828
2049-09-21 00:00:00+00:00,0.53029245,7.5597196
2049-09-22 00:00:00+00:00,0.0,9.668009
2049-09-23 00:00:00+00:00,0.0,11.168882
2049-09-24 00:00:00+00:00,0.0,12.063924
2049-09-25 00:00:00+00:00,0.0,12.354711
2049-09-26 00:00:00+00:00,0.0,10.838544
2049-09-27 00:00:00+00:00,5.0545764,9.024206
2049-09-28 00:00:00+00:00,8.784595,7.8141184
2049-09-29 00:00:00+00:00,1.0655072,5.705303
2049-09-30 00:00:00+00:00,0.0,9.900501
2049-10-01 00:00:00+00:00,0.0,11.990045
2049-10-02 00:00:00+00:00,0.0,9.2841
2049-10-03 00:00:00+00:00,1.0686786,8.378242
2049-10-04 00:00:00+00:00,2.6739225,11.061474
2049-10-05 00:00:00+00:00,0.0,5.3765006
2049-10-06 00:00:00+00:00,0.0,8.952906
2049-10-07 00:00:00+00:00,5.2285595,11.032137
2049-10-08 00:00:00+00:00,4.6970787,9.830748
2049-10-09 00:00:00+00:00,8.463834,6.84565
2049-10-10 00:00:00+00:00,0.0,6.8395658
2049-10-11 00:00:00+00:00,0.0,8.31902
2049-10-12 00:00:00+00:00,2.426988,7.7179236
2049-10-13 00:00:00+00:00,0.0,8.304198
2049-10-14 00:00:00+00:00,0.0,10.96361
2049-10-15 00:00:00+00:00,0.0,10.065665
2049-10-16 00:00:00+00:00,0.13563953,8.281955
2049-10-17 00:00:00+00:00,0.0,10.638691
2049-10-18 00:00:00+00:00,0.0,8.857626
2049-10-19 00:00:00+00:00,0.0,10.61961
2049-10-20 00:00:00+00:00,0.0,10.904791
2049-10-21 00:00:00+00:00,0.0,9.717145
2049-10-22 00:00:00+00:00,0.0,10.296781
2049-10-23 00:00:00+00:00,0.0,12.932854
2049-10-24 00:00:00+00:00,0.0,11.452864
2049-10-25 00:00:00+00:00,0.0,12.909503
2049-10-26 00:00:00+00:00,0.0,10.552765
2049-10-27 00:00:00+00:00,0.0,10.543207
2049-10-28 00:00:00+00:00,0.0,8.192838
2049-10-29 00:00:00+00:00,0.0,12.570437
2049-10-30 00:00:00+00:00,0.0,9.638313
2049-10-31 00:00:00+00:00,0.0,12.255782
2049-11-01 00:00:00+00:00,0.0,11.661544
2049-11-02 00:00:00+00:00,0.0,11.936905
2049-11-03 00:00:00+00:00,0.0,11.629356
2049-11-04 00:00:00+00:00,0.0,11.322744
2049-11-05 00:00:00+00:00,0.0,15.075976
2049-11-06 00:00:00+00:00,0.0,14.765592
2049-11-07 00:00:00+00:00,0.0,17.058262
2049-11-08 00:00:00+00:00,0.0,11.8378315
2049-11-09 00:00:00+00:00,0.0,12.110069
2049-11-10 00:00:00+00:00,0.0,13.533423
2049-11-11 00:00:00+00:00,0.0,13.515231
2049-11-12 00:00:00+00:00,0.0,18.953472
2049-11-13 00:00:00+00:00,0.0,15.486781
2049-11-14 00:00:00+00:00,0.0,15.752734
2049-11-15 00:00:00+00:00,0.0,17.448265
2049-11-16 00:00:00+00:00,0.0,15.711493
2049-11-17 00:00:00+00:00,0.0,12.267578
2049-11-18 00:00:00+00:00,0.0,12.251737
2049-11-19 00:00:00+00:00,0.0,11.951445
2049-11-20 00:00:00+00:00,0.0,13.641355
2049-11-21 00:00:00+00:00,0.0,19.300713
2049-11-22 00:00:00+00:00,0.0,20.977196
2049-11-23 00:00:00+00:00,0.0,18.119661
2049-11-24 00:00:00+00:00,0.0,14.421073
2049-11-25 00:00:00+00:00,0.0,14.685584
2049-11-26 00:00:00+00:00,0.0,14.385383
2049-11-27 00:00:00+00:00,0.0,12.959118
2049-11-28 00:00:00+00:00,0.0,11.817786
2049-11-29 00:00:00+00:00,0.0,11.803432
2049-11-30 00:00:00+00:00,0.0,10.947091
2049-12-01 00:00:00+00:00,0.0,9.532152
2049-12-02 00:00:00+00:00,0.0,13.161055
2049-12-03 00:00:00+00:00,0.0,13.425103
2049-12-04 00:00:00+00:00,0.0,14.80603
2049-12-05 00:00:00+00:00,0.0,14.788622
2049-12-06 00:00:00+00:00,0.0,13.935217
2049-12-07 00:00:00+00:00,0.0,12.805489
2049-12-08 00:00:00+00:00,0.0,13.902909
2049-12-09 00:00:00+00:00,0.0,12.775958
2049-12-10 00:00:00+00:00,0.0,10.819392
2049-12-11 00:00:00+00:00,0.0,10.52997
2049-12-12 00:00:00+00:00,0.0,15.223483
2049-12-13 00:00:00+00:00,0.0,15.206336
2049-12-14 00:00:00+00:00,0.0,13.532281
2049-12-15 00:00:00+00:00,0.0,11.586166
2049-12-16 00:00:00+00:00,0.0,13.502206
2049-12-17 00:00:00+00:00,0.0,17.61608
2049-12-18 00:00:00+00:00,0.0,17.596746
2049-12-19 00:00:00+00:00,0.0,17.028236
2049-12-20 00:00:00+00:00,0.0,14.540586
2049-12-21 00:00:00+00:00,0.0,12.058387
2049-12-22 00:00:00+00:00,0.0,10.676626
2049-12-23 00:00:00+00:00,0.0,11.485608
2049-12-24 00:00:00+00:00,0.0,11.746565
2049-12-25 00:00:00+00:00,0.0,10.096809
2049-12-26 00:00:00+00:00,0.0,11.176573
2049-12-27 00:00:00+00:00,0.0,11.437174
2049-12-28 00:00:00+00:00,0.0,13.601489
2049-12-29 00:00:00+00:00,0.0,13.587379
2049-12-30 00:00:00+00:00,0.0,12.758954
2049-12-31 00:00:00+00:00,0.0,12.745852
2050-01-01 00:00:00+00:00,,
2050-01-02 00:00:00+00:00,,
2050-01-03 00:00:00+00:00,,
2050-01-04 00:00:00+00:00,,
2050-01-05 00:00:00+00:00,,
2050-01-06 00:00:00+00:00,,
2050-01-07 00:00:00+00:00,,
2050-01-08 00:00:00+00:00,,
2050-01-09 00:00:00+00:00,,
2050-01-10 00:00:00+00:00,,
2050-01-11 00:00:00+00:00,,
2050-01-12 00:00:00+00:00,,
2050-01-13 00:00:00+00:00,,
2050-01-14 00:00:00+00:00,,
2050-01-15 00:00:00+00:00,,
2050-01-16 00:00:00+00:00,,
2050-01-17 00:00:00+00:00,,
2050-01-18 00:00:00+00:00,,
2050-01-19 00:00:00+00:00,,
2050-01-20 00:00:00+00:00,,
2050-01-21 00:00:00+00:00,,
2050-01-22 00:00:00+00:00,,
2050-01-23 00:00:00+00:00,,
2050-01-24 00:00:00+00:00,,
2050-01-25 00:00:00+00:00,,
2050-01-26 00:00:00+00:00,,
2050-01-27 00:00:00+00:00,,
2050-01-28 00:00:00+00:00,,
2050-01-29 00:00:00+00:00,,
2050-01-30 00:00:00+00:00,,
2050-01-31 00:00:00+00:00,,
2050-02-01 00:00:00+00:00,,
2050-02-02 00:00:00+00:00,,
2050-02-03 00:00:00+00:00,,
2050-02-04 00:00:00+00:00,,
2050-02-05 00:00:00+00:00,,
2050-02-06 00:00:00+00:00,,
2050-02-07 00:00:00+00:00,,
2050-02-08 00:00:00+00:00,,
2050-02-09 00:00:00+00:00,,
2050-02-10 00:00:00+00:00,,
2050-02-11 00:00:00+00:00,,
2050-02-12 00:00:00+00:00,,
2050-02-13 00:00:00+00:00,,
2050-02-14 00:00:00+00:00,,
2050-02-15 00:00:00+00:00,,
2050-02-16 00:00:00+00:00,,
2050-02-17 00:00:00+00:00,,
2050-02-18 00:00:00+00:00,,
2050-02-19 00:00:00+00:00,,
2050-02-20 00:00:00+00:00,,
2050-02-21 00:00:00+00:00,,
2050-02-22 00:00:00+00:00,,
2050-02-23 00:00:00+00:00,,
2050-02-24 00:00:00+00:00,,
2050-02-25 00:00:00+00:00,,
2050-02-26 00:00:00+00:00,,
2050-02-27 00:00:00+00:00,,
2050-02-28 00:00:00+00:00,,
2050-03-01 00:00:00+00:00,,
2050-03-02 00:00:00+00:00,,
2050-03-03 00:00:00+00:00,,
2050-03-04 00:00:00+00:00,,
2050-03-05 00:00:00+00:00,,
2050-03-06 00:00:00+00:00,,
2050-03-07 00:00:00+00:00,,
2050-03-08 00:00:00+00:00,,
2050-03-09 00:00:00+00:00,,
2050-03-10 00:00:00+00:00,,
2050-03-11 00:00:00+00:00,,
2050-03-12 00:00:00+00:00,,
2050-03-13 00:00:00+00:00,,
2050-03-14 00:00:00+00:00,,
2050-03-15 00:00:00+00:00,,
2050-03-16 00:00:00+00:00,,
2050-03-17 00:00:00+00:00,,
2050-03-18 00:00:00+00:00,,
2050-03-19 00:00:00+00:00,,
2050-03-20 00:00:00+00:00,,
2050-03-21 00:00:00+00:00,,
2050-03-22 00:00:00+00:00,,
2050-03-23 00:00:00+00:00,,
2050-03-24 00:00:00+00:00,,
2050-03-25 00:00:00+00:00,,
2050-03-26 00:00:00+00:00,,
2050-03-27 00:00:00+00:00,,
2050-03-28 00:00:00+00:00,,
2050-03-29 00:00:00+00:00,,
2050-03-30 00:00:00+00:00,,
2050-03-31 00:00:00+00:00,,
2050-04-01 00:00:00+00:00,,
2050-04-02 00:00:00+00:00,,
2050-04-03 00:00:00+00:00,,
2050-04-04 00:00:00+00:00,,
2050-04-05 00:00:00+00:00,,
2050-04-06 00:00:00+00:00,,
2050-04-07 00:00:00+00:00,,
2050-04-08 00:00:00+00:00,,
2050-04-09 00:00:00+00:00,,
2050-04-10 00:00:00+00:00,,
2050-04-11 00:00:00+00:00,,
2050-04-12 00:00:00+00:00,,
2050-04-13 00:00:00+00:00,,
2050-04-14 00:00:00+00:00,,
2050-04-15 00:00:00+00:00,,
2050-04-16 00:00:00+00:00,,
2050-04-17 00:00:00+00:00,,
2050-04-18 00:00:00+00:00,,
2050-04-19 00:00:00+00:00,,
2050-04-20 00:00:00+00:00,,
2050-04-21 00:00:00+00:00,,
2050-04-22 00:00:00+00:00,,
2050-04-23 00:00:00+00:00,,
2050-04-24 00:00:00+00:00,,
2050-04-25 00:00:00+00:00,,
2050-04-26 00:00:00+00:00,,
2050-04-27 00:00:00+00:00,,
2050-04-28 00:00:00+00:00,,
2050-04-29 00:00:00+00:00,,
2050-04-30 00:00:00+00:00,,
2050-05-01 00:00:00+00:00,,
2050-05-02 00:00:00+00:00,,
2050-05-03 00:00:00+00:00,,
2050-05-04 00:00:00+00:00,,
2050-05-05 00:00:00+00:00,,
2050-05-06 00:00:00+00:00,,
2050-05-07 00:00:00+00:00,,
2050-05-08 00:00:00+00:00,,
2050-05-09 00:00:00+00:00,,
2050-05-10 00:00:00+00:00,,
2050-05-11 00:00:00+00:00,,
2050-05-12 00:00:00+00:00,,
2050-05-13 00:00:00+00:00,,
2050-05-14 00:00:00+00:00,,
2050-05-15 00:00:00+00:00,,
2050-05-16 00:00:00+00:00,,
2050-05-17 00:00:00+00:00,,
2050-05-18 00:00:00+00:00,,
2050-05-19 00:00:00+00:00,,
2050-05-20 00:00:00+00:00,,
2050-05-21 00:00:00+00:00,,
2050-05-22 00:00:00+00:00,,
2050-05-23 00:00:00+00:00,,
2050-05-24 00:00:00+00:00,,
2050-05-25 00:00:00+00:00,,
2050-05-26 00:00:00+00:00,,
2050-05-27 00:00:00+00:00,,
2050-05-28 00:00:00+00:00,,
2050-05-29 00:00:00+00:00,,
2050-05-30 00:00:00+00:00,,
2050-05-31 00:00:00+00:00,,
2050-06-01 00:00:00+00:00,,
2050-06-02 00:00:00+00:00,,
2050-06-03 00:00:00+00:00,,
2050-06-04 00:00:00+00:00,,
2050-06-05 00:00:00+00:00,,
2050-06-06 00:00:00+00:00,,
2050-06-07 00:00:00+00:00,,
2050-06-08 00:00:00+00:00,,
2050-06-09 00:00:00+00:00,,
2050-06-10 00:00:00+00:00,,
2050-06-11 00:00:00+00:00,,
2050-06-12 00:00:00+00:00,,
2050-06-13 00:00:00+00:00,,
2050-06-14 00:00:00+00:00,,
2050-06-15 00:00:00+00:00,,
2050-06-16 00:00:00+00:00,,
2050-06-17 00:00:00+00:00,,
2050-06-18 00:00:00+00:00,,
2050-06-19 00:00:00+00:00,,
2050-06-20 00:00:00+00:00,,
2050-06-21 00:00:00+00:00,,
2050-06-22 00:00:00+00:00,,
2050-06-23 00:00:00+00:00,,
2050-06-24 00:00:00+00:00,,
2050-06-25 00:00:00+00:00,,
2050-06-26 00:00:00+00:00,,
2050-06-27 00:00:00+00:00,,
2050-06-28 00:00:00+00:00,,
2050-06-29 00:00:00+00:00,,
2050-06-30 00:00:00+00:00,,
2050-07-01 00:00:00+00:00,,
2050-07-02 00:00:00+00:00,,
2050-07-03 00:00:00+00:00,,
2050-07-04 00:00:00+00:00,,
2050-07-05 00:00:00+00:00,,
2050-07-06 00:00:00+00:00,,
2050-07-07 00:00:00+00:00,,
2050-07-08 00:00:00+00:00,,
2050-07-09 00:00:00+00:00,,
2050-07-10 00:00:00+00:00,,
2050-07-11 00:00:00+00:00,,
2050-07-12 00:00:00+00:00,,
2050-07-13 00:00:00+00:00,,
2050-07-14 00:00:00+00:00,,
2050-07-15 00:00:00+00:00,,
2050-07-16 00:00:00+00:00,,
2050-07-17 00:00:00+00:00,,
2050-07-18 00:00:00+00:00,,
2050-07-19 00:00:00+00:00,,
2050-07-20 00:00:00+00:00,,
2050-07-21 00:00:00+00:00,,
2050-07-22 00:00:00+00:00,,
2050-07-23 00:00:00+00:00,,
2050-07-24 00:00:00+00:00,,
2050-07-25 00:00:00+00:00,,
2050-07-26 00:00:00+00:00,,
2050-07-27 00:00:00+00:00,,
2050-07-28 00:00:00+00:00,,
2050-07-29 00:00:00+00:00,,
2050-07-30 00:00:00+00:00,,
2050-07-31 00:00:00+00:00,,
2050-08-01 00:00:00+00:00,,
2050-08-02 00:00:00+00:00,,
2050-08-03 00:00:00+00:00,,
2050-08-04 00:00:00+00:00,,
2050-08-05 00:00:00+00:00,,
2050-08-06 00:00:00+00:00,,
2050-08-07 00:00:00+00:00,,
2050-08-08 00:00:00+00:00,,
2050-08-09 00:00:00+00:00,,
2050-08-10 00:00:00+00:00,,
2050-08-11 00:00:00+00:00,,
2050-08-12 00:00:00+00:00,,
2050-08-13 00:00:00+00:00,,
2050-08-14 00:00:00+00:00,,
2050-08-15 00:00:00+00:00,,
2050-08-16 00:00:00+00:00,,
2050-08-17 00:00:00+00:00,,
2050-08-18 00:00:00+00:00,,
2050-08-19 00:00:00+00:00,,
2050-08-20 00:00:00+00:00,,
2050-08-21 00:00:00+00:00,,
2050-08-22 00:00:00+00:00,,
2050-08-23 00:00:00+00:00,,
2050-08-24 00:00:00+00:00,,
2050-08-25 00:00:00+00:00,,
2050-08-26 00:00:00+00:00,,
2050-08-27 00:00:00+00:00,,
2050-08-28 00:00:00+00:00,,
2050-08-29 00:00:00+00:00,,
2050-08-30 00:00:00+00:00,,
2050-08-31 00:00:00+00:00,,
2050-09-01 00:00:00+00:00,,
2050-09-02 00:00:00+00:00,,
2050-09-03 00:00:00+00:00,,
2050-09-04 00:00:00+00:00,,
2050-09-05 00:00:00+00:00,,
2050-09-06 00:00:00+00:00,,
2050-09-07 00:00:00+00:00,,
2050-09-08 00:00:00+00:00,,
2050-09-09 00:00:00+00:00,,
2050-09-10 00:00:00+00:00,,
2050-09-11 00:00:00+00:00,,
2050-09-12 00:00:00+00:00,,
2050-09-13 00:00:00+00:00,,
2050-09-14 00:00:00+00:00,,
2050-09-15 00:00:00+00:00,,
2050-09-16 00:00:00+00:00,,
2050-09-17 00:00:00+00:00,,
2050-09-18 00:00:00+00:00,,
2050-09-19 00:00:00+00:00,,
2050-09-20 00:00:00+00:00,,
2050-09-21 00:00:00+00:00,,
2050-09-22 00:00:00+00:00,,
2050-09-23 00:00:00+00:00,,
2050-09-24 00:00:00+00:00,,
2050-09-25 00:00:00+00:00,,
2050-09-26 00:00:00+00:00,,
2050-09-27 00:00:00+00:00,,
2050-09-28 00:00:00+00:00,,
2050-09-29 00:00:00+00:00,,
2050-09-30 00:00:00+00:00,,
2050-10-01 00:00:00+00:00,,
2050-10-02 00:00:00+00:00,,
2050-10-03 00:00:00+00:00,,
2050-10-04 00:00:00+00:00,,
2050-10-05 00:00:00+00:00,,
2050-10-06 00:00:00+00:00,,
2050-10-07 00:00:00+00:00,,
2050-10-08 00:00:00+00:00,,
2050-10-09 00:00:00+00:00,,
2050-10-10 00:00:00+00:00,,
2050-10-11 00:00:00+00:00,,
2050-10-12 00:00:00+00:00,,
2050-10-13 00:00:00+00:00,,
2050-10-14 00:00:00+00:00,,
2050-10-15 00:00:00+00:00,,
2050-10-16 00:00:00+00:00,,
2050-10-17 00:00:00+00:00,,
2050-10-18 00:00:00+00:00,,
2050-10-19 00:00:00+00:00,,
2050-10-20 00:00:00+00:00,,
2050-10-21 00:00:00+00:00,,
2050-10-22 00:00:00+00:00,,
2050-10-23 00:00:00+00:00,,
2050-10-24 00:00:00+00:00,,
2050-10-25 00:00:00+00:00,,
2050-10-26 00:00:00+00:00,,
2050-10-27 00:00:00+00:00,,
2050-10-28 00:00:00+00:00,,
2050-10-29 00:00:00+00:00,,
2050-10-30 00:00:00+00:00,,
2050-10-31 00:00:00+00:00,,
2050-11-01 00:00:00+00:00,,
2050-11-02 00:00:00+00:00,,
2050-11-03 00:00:00+00:00,,
2050-11-04 00:00:00+00:00,,
2050-11-05 00:00:00+00:00,,
2050-11-06 00:00:00+00:00,,
2050-11-07 00:00:00+00:00,,
2050-11-08 00:00:00+00:00,,
2050-11-09 00:00:00+00:00,,
2050-11-10 00:00:00+00:00,,
2050-11-11 00:00:00+00:00,,
2050-11-12 00:00:00+00:00,,
2050-11-13 00:00:00+00:00,,
2050-11-14 00:00:00+00:00,,
2050-11-15 00:00:00+00:00,,
2050-11-16 00:00:00+00:00,,
2050-11-17 00:00:00+00:00,,
2050-11-18 00:00:00+00:00,,
2050-11-19 00:00:00+00:00,,
2050-11-20 00:00:00+00:00,,
2050-11-21 00:00:00+00:00,,
2050-11-22 00:00:00+00:00,,
2050-11-23 00:00:00+00:00,,
2050-11-24 00:00:00+00:00,,
2050-11-25 00:00:00+00:00,,
2050-11-26 00:00:00+00:00,,
2050-11-27 00:00:00+00:00,,
2050-11-28 00:00:00+00:00,,
2050-11-29 00:00:00+00:00,,
2050-11-30 00:00:00+00:00,,
2050-12-01 00:00:00+00:00,,
2050-12-02 00:00:00+00:00,,
2050-12-03 00:00:00+00:00,,
2050-12-04 00:00:00+00:00,,
2050-12-05 00:00:00+00:00,,
2050-12-06 00:00:00+00:00,,
2050-12-07 00:00:00+00:00,,
2050-12-08 00:00:00+00:00,,
2050-12-09 00:00:00+00:00,,
2050-12-10 00:00:00+00:00,,
2050-12-11 00:00:00+00:00,,
2050-12-12 00:00:00+00:00,,
2050-12-13 00:00:00+00:00,,
2050-12-14 00:00:00+00:00,,
2050-12-15 00:00:00+00:00,,
2050-12-16 00:00:00+00:00,,
2050-12-17 00:00:00+00:00,,
2050-12-18 00:00:00+00:00,,
2050-12-19 00:00:00+00:00,,
2050-12-20 00:00:00+00:00,,
2050-12-21 00:00:00+00:00,,
2050-12-22 00:00:00+00:00,,
2050-12-23 00:00:00+00:00,,
2050-12-24 00:00:00+00:00,,
2050-12-25 00:00:00+00:00,,
2050-12-26 00:00:00+00:00,,
2050-12-27 00:00:00+00:00,,
2050-12-28 00:00:00+00:00,,
2050-12-29 00:00:00+00:00,,
2050-12-30 00:00:00+00:00,,
2050-12-31 00:00:00+00:00,,
