date,temperature_2m_mean,temperature_2m_max,temperature_2m_min
2025-01-01 00:00:00+00:00,26.773424,35.469845,19.063892
2025-01-02 00:00:00+00:00,26.123165,34.42342,19.46047
2025-01-03 00:00:00+00:00,24.772905,32.82699,17.95705
2025-01-04 00:00:00+00:00,25.272648,32.980564,18.103628
2025-01-05 00:00:00+00:00,25.57239,32.23413,19.450209
2025-01-06 00:00:00+00:00,27.122131,33.0877,22.19679
2025-01-07 00:00:00+00:00,23.671873,28.591272,19.643368
2025-01-08 00:00:00+00:00,23.471613,28.844843,19.789951
2025-01-09 00:00:00+00:00,23.621353,28.498413,18.736526
2025-01-10 00:00:00+00:00,23.221098,27.201984,19.983107
2025-01-11 00:00:00+00:00,20.97084,26.555557,16.229687
2025-01-12 00:00:00+00:00,22.120579,29.659124,14.826266
2025-01-13 00:00:00+00:00,22.970322,29.212696,18.572845
2025-01-14 00:00:00+00:00,21.770065,28.266266,15.519424
2025-01-15 00:00:00+00:00,22.169807,29.819836,14.916005
2025-01-16 00:00:00+00:00,24.969545,34.623405,16.112587
2025-01-17 00:00:00+00:00,27.069288,36.57698,16.859163
2025-01-18 00:00:00+00:00,28.41903,37.03055,20.255745
2025-01-19 00:00:00+00:00,28.26877,36.734123,19.502327
2025-01-20 00:00:00+00:00,27.168514,35.93769,19.348902
2025-01-21 00:00:00+00:00,27.718252,37.041264,18.895483
2025-01-22 00:00:00+00:00,28.067995,37.34483,18.792063
2025-01-23 00:00:00+00:00,28.267738,34.998405,23.738644
2025-01-24 00:00:00+00:00,26.51748,33.501972,21.635223
2025-01-25 00:00:00+00:00,24.91722,32.955544,18.181803
2025-01-26 00:00:00+00:00,24.916964,33.759113,17.028381
2025-01-27 00:00:00+00:00,26.066702,35.262684,17.424961
2025-01-28 00:00:00+00:00,27.266445,36.966255,17.42154
2025-01-29 00:00:00+00:00,28.916187,38.269825,20.01812
2025-01-30 00:00:00+00:00,29.165926,38.5234,20.1647
2025-01-31 00:00:00+00:00,29.965668,38.97697,21.06128
2025-02-01 00:00:00+00:00,28.665413,34.68054,23.007858
2025-02-02 00:00:00+00:00,29.765154,37.784107,22.80444
2025-02-03 00:00:00+00:00,29.114893,37.087677,20.451017
2025-02-04 00:00:00+00:00,27.464634,31.19125,23.9476
2025-02-05 00:00:00+00:00,29.414377,36.59482,24.994177
2025-02-06 00:00:00+00:00,29.464117,37.598392,22.990757
2025-02-07 00:00:00+00:00,30.613857,38.051964,24.437338
2025-02-08 00:00:00+00:00,30.4136,36.90553,23.833918
2025-02-09 00:00:00+00:00,29.313343,34.909103,23.730495
2025-02-10 00:00:00+00:00,29.363085,32.862675,24.627075
2025-02-11 00:00:00+00:00,28.962828,33.866245,25.023655
2025-02-12 00:00:00+00:00,27.262566,31.869812,21.970234
2025-02-13 00:00:00+00:00,26.712307,35.573383,18.716816
2025-02-14 00:00:00+00:00,27.36205,35.676956,17.763395
2025-02-15 00:00:00+00:00,28.66179,36.680527,20.859974
2025-02-16 00:00:00+00:00,29.211533,37.134098,22.256554
2025-02-17 00:00:00+00:00,29.311275,36.03767,23.253134
2025-02-18 00:00:00+00:00,27.711018,34.39124,21.249712
2025-02-19 00:00:00+00:00,29.610754,36.34481,23.196293
2025-02-20 00:00:00+00:00,28.0605,36.04838,19.84287
2025-02-21 00:00:00+00:00,27.96024,35.90195,19.939451
2025-02-22 00:00:00+00:00,28.509981,36.105522,21.436031
2025-02-23 00:00:00+00:00,28.109724,35.50909,22.23261
2025-02-24 00:00:00+00:00,28.459465,36.662666,21.379192
2025-02-25 00:00:00+00:00,29.659208,38.216232,22.125772
2025-02-26 00:00:00+00:00,30.208948,38.869804,22.77235
2025-02-27 00:00:00+00:00,29.958689,38.873375,22.21893
2025-02-28 00:00:00+00:00,30.158432,39.126945,21.11551
2025-03-01 00:00:00+00:00,30.258171,38.880512,23.162088
2025-03-02 00:00:00+00:00,29.957914,39.884087,20.758669
2025-03-03 00:00:00+00:00,30.61246,40.142586,21.609129
2025-03-04 00:00:00+00:00,30.925016,40.459293,21.616056
2025-03-05 00:00:00+00:00,29.987572,38.926006,21.87298
2025-03-06 00:00:00+00:00,29.300129,38.94272,20.179907
2025-03-07 00:00:00+00:00,29.562687,39.709427,19.386837
2025-03-08 00:00:00+00:00,30.825243,40.92614,20.793762
2025-03-09 00:00:00+00:00,30.637796,40.79285,20.90069
2025-03-10 00:00:00+00:00,29.400354,39.909554,18.207615
2025-03-11 00:00:00+00:00,29.512909,39.626266,18.71454
2025-03-12 00:00:00+00:00,29.475464,38.99298,19.37147
2025-03-13 00:00:00+00:00,31.888023,40.75969,20.928396
2025-03-14 00:00:00+00:00,32.60058,39.3264,25.735323
2025-03-15 00:00:00+00:00,31.963135,40.143112,23.092249
2025-03-16 00:00:00+00:00,32.17569,41.359825,22.649174
2025-03-17 00:00:00+00:00,31.938248,41.226532,23.306099
2025-03-18 00:00:00+00:00,31.200802,40.693245,20.11303
2025-03-19 00:00:00+00:00,31.563358,40.009953,23.669954
2025-03-20 00:00:00+00:00,30.925913,40.326664,21.676882
2025-03-21 00:00:00+00:00,32.43847,40.893375,21.633808
2025-03-22 00:00:00+00:00,33.701027,40.760086,27.040735
2025-03-23 00:00:00+00:00,32.61358,40.826797,24.44766
2025-03-24 00:00:00+00:00,31.926138,40.24351,23.304588
2025-03-25 00:00:00+00:00,31.63869,40.56022,21.911516
2025-03-26 00:00:00+00:00,28.25125,35.376926,20.918442
2025-03-27 00:00:00+00:00,28.063805,36.04364,19.47537
2025-03-28 00:00:00+00:00,29.87636,37.960346,21.432297
2025-03-29 00:00:00+00:00,30.88892,39.877064,21.189222
2025-03-30 00:00:00+00:00,32.051476,40.293774,22.896147
2025-03-31 00:00:00+00:00,32.01403,39.760483,23.953074
2025-04-01 00:00:00+00:00,30.626587,37.52719,24.16
2025-04-02 00:00:00+00:00,33.08914,41.1439,24.516928
2025-04-03 00:00:00+00:00,33.6017,41.91061,25.673855
2025-04-04 00:00:00+00:00,32.51425,41.32732,23.530783
2025-04-05 00:00:00+00:00,30.77681,38.494034,22.73771
2025-04-06 00:00:00+00:00,30.189365,38.260746,21.794636
2025-04-07 00:00:00+00:00,32.001923,41.27746,22.251562
2025-04-08 00:00:00+00:00,33.664482,41.094162,25.50849
2025-04-09 00:00:00+00:00,33.427032,41.660877,26.415417
2025-04-10 00:00:00+00:00,35.989586,43.677586,27.622343
2025-04-11 00:00:00+00:00,35.65214,42.894295,27.42927
2025-04-12 00:00:00+00:00,33.714706,41.211002,25.736197
2025-04-13 00:00:00+00:00,33.427258,41.07772,24.943123
2025-04-14 00:00:00+00:00,32.789814,40.39443,24.500048
2025-04-15 00:00:00+00:00,34.35237,41.561142,26.556976
2025-04-16 00:00:00+00:00,33.764927,41.32785,25.163904
2025-04-17 00:00:00+00:00,33.627483,40.94456,24.520828
2025-04-18 00:00:00+00:00,33.140038,40.611275,25.727757
2025-04-19 00:00:00+00:00,31.952593,40.52798,23.534683
2025-04-20 00:00:00+00:00,32.56515,41.644695,22.59161
2025-04-21 00:00:00+00:00,34.12771,42.761402,24.898533
2025-04-22 00:00:00+00:00,34.69026,43.52812,25.605465
2025-04-23 00:00:00+00:00,33.20282,41.644825,23.56239
2025-04-24 00:00:00+00:00,34.365376,42.511536,25.969318
2025-04-25 00:00:00+00:00,33.62793,43.22825,23.976244
2025-04-26 00:00:00+00:00,32.340485,41.244957,22.733171
2025-04-27 00:00:00+00:00,29.953041,38.361668,21.440096
2025-04-28 00:00:00+00:00,29.065596,37.128376,20.847023
2025-04-29 00:00:00+00:00,30.278152,38.545086,20.853949
2025-04-30 00:00:00+00:00,31.790709,40.661797,22.710876
2025-05-01 00:00:00+00:00,31.403265,41.72851,19.717804
2025-05-02 00:00:00+00:00,31.31582,41.095215,20.32473
2025-05-03 00:00:00+00:00,31.756092,41.940018,21.265623
2025-05-04 00:00:00+00:00,32.074074,41.662907,20.790478
2025-05-05 00:00:00+00:00,31.09206,35.53579,25.715336
2025-05-06 00:00:00+00:00,33.210045,41.15867,24.390192
2025-05-07 00:00:00+00:00,32.12803,39.33156,25.115046
2025-05-08 00:00:00+00:00,32.596012,40.70445,24.089903
2025-05-09 00:00:00+00:00,32.764,40.177334,24.36476
2025-05-10 00:00:00+00:00,33.63198,41.750217,24.889616
2025-05-11 00:00:00+00:00,33.24997,41.4731,24.514471
2025-05-12 00:00:00+00:00,33.317947,41.745987,24.339329
2025-05-13 00:00:00+00:00,34.285934,42.31887,25.764187
2025-05-14 00:00:00+00:00,34.85392,42.741756,26.13904
2025-05-15 00:00:00+00:00,34.2719,42.164642,25.813896
2025-05-16 00:00:00+00:00,32.139885,39.23753,24.088755
2025-05-17 00:00:00+00:00,31.107872,37.560413,23.66361
2025-05-18 00:00:00+00:00,31.825857,39.583298,23.038464
2025-05-19 00:00:00+00:00,32.54384,39.85618,25.713322
2025-05-20 00:00:00+00:00,31.761826,39.279068,24.03818
2025-05-21 00:00:00+00:00,30.879808,37.10195,23.713036
2025-05-22 00:00:00+00:00,31.547794,38.82484,24.587893
2025-05-23 00:00:00+00:00,33.765778,42.147724,24.612747
2025-05-24 00:00:00+00:00,35.28376,43.420612,26.837603
2025-05-25 00:00:00+00:00,34.701744,40.493492,29.312462
2025-05-26 00:00:00+00:00,33.71973,42.466377,25.837317
2025-05-27 00:00:00+00:00,35.187714,44.539265,24.912172
2025-05-28 00:00:00+00:00,32.855698,37.512154,27.53703
2025-05-29 00:00:00+00:00,30.123682,33.93503,26.161888
2025-05-30 00:00:00+00:00,30.241665,34.757915,24.986744
2025-05-31 00:00:00+00:00,31.20965,36.480804,25.011599
2025-06-01 00:00:00+00:00,33.577637,39.503693,26.586452
2025-06-02 00:00:00+00:00,34.14562,41.576576,25.761312
2025-06-03 00:00:00+00:00,31.413607,36.64946,25.736168
2025-06-04 00:00:00+00:00,31.981588,37.622345,25.661024
2025-06-05 00:00:00+00:00,33.649574,39.345234,26.885878
2025-06-06 00:00:00+00:00,33.96756,40.868114,27.110737
2025-06-07 00:00:00+00:00,34.385544,41.740997,26.285591
2025-06-08 00:00:00+00:00,32.95352,39.013885,26.91045
2025-06-09 00:00:00+00:00,33.12151,39.386776,25.785303
2025-06-10 00:00:00+00:00,33.639492,39.25966,27.910162
2025-06-11 00:00:00+00:00,35.15748,41.332542,27.785017
2025-06-12 00:00:00+00:00,25.975464,28.105427,25.159876
2025-06-13 00:00:00+00:00,29.843447,34.328316,24.434729
2025-06-14 00:00:00+00:00,33.01143,39.5012,27.309586
2025-06-15 00:00:00+00:00,31.479416,38.774082,24.484444
2025-06-16 00:00:00+00:00,31.297401,37.94697,24.609299
2025-06-17 00:00:00+00:00,31.165382,36.669857,25.534155
2025-06-18 00:00:00+00:00,30.833368,35.842743,25.909014
2025-06-19 00:00:00+00:00,32.301353,40.215622,24.73387
2025-06-20 00:00:00+00:00,30.669336,35.538513,25.208725
2025-06-21 00:00:00+00:00,31.587318,35.911396,27.03358
2025-06-22 00:00:00+00:00,32.10531,37.784283,25.958435
2025-06-23 00:00:00+00:00,34.02329,41.15717,27.133295
2025-06-24 00:00:00+00:00,31.491272,37.530052,25.95815
2025-06-25 00:00:00+00:00,31.35926,37.65294,25.383003
2025-06-26 00:00:00+00:00,31.67724,38.07582,25.557863
2025-06-27 00:00:00+00:00,30.945229,37.34871,25.582718
2025-06-28 00:00:00+00:00,30.86321,35.921593,25.407574
2025-06-29 00:00:00+00:00,30.631195,34.094482,26.732433
2025-06-30 00:00:00+00:00,33.69918,40.917362,26.357286
2025-07-01 00:00:00+00:00,32.467163,38.99025,27.332144
2025-07-02 00:00:00+00:00,30.635149,36.613136,26.407
2025-07-03 00:00:00+00:00,30.95543,37.17636,25.0373
2025-07-04 00:00:00+00:00,32.277092,38.43378,25.920868
2025-07-05 00:00:00+00:00,30.398748,35.841213,25.904436
2025-07-06 00:00:00+00:00,31.520409,38.148636,26.038
2025-07-07 00:00:00+00:00,30.992067,37.80606,24.671568
2025-07-08 00:00:00+00:00,31.763725,38.51349,25.355135
2025-07-09 00:00:00+00:00,32.485386,39.420918,27.088701
2025-07-10 00:00:00+00:00,31.457045,38.678337,25.12227
2025-07-11 00:00:00+00:00,30.578705,36.185764,25.455837
2025-07-12 00:00:00+00:00,27.750364,31.393188,25.089405
2025-07-13 00:00:00+00:00,30.122023,36.450615,23.522968
2025-07-14 00:00:00+00:00,31.443684,36.90804,26.30654
2025-07-15 00:00:00+00:00,30.915344,38.915466,23.440105
2025-07-16 00:00:00+00:00,30.737001,36.922894,24.523674
2025-07-17 00:00:00+00:00,32.00866,39.48032,24.707237
2025-07-18 00:00:00+00:00,30.73032,37.78775,23.940805
2025-07-19 00:00:00+00:00,30.451979,36.095173,25.424374
2025-07-20 00:00:00+00:00,29.573639,34.802597,24.757942
2025-07-21 00:00:00+00:00,30.7453,37.410023,23.791506
2025-07-22 00:00:00+00:00,30.916954,37.067448,24.825073
2025-07-23 00:00:00+00:00,29.188618,35.074875,24.60864
2025-07-24 00:00:00+00:00,25.610273,30.7323,23.19221
2025-07-25 00:00:00+00:00,25.481936,28.089725,22.725775
2025-07-26 00:00:00+00:00,29.303596,35.79715,22.309341
2025-07-27 00:00:00+00:00,30.975254,37.104576,24.94291
2025-07-28 00:00:00+00:00,30.346912,34.812004,25.726477
2025-07-29 00:00:00+00:00,30.268576,34.919434,25.510042
2025-07-30 00:00:00+00:00,30.29023,36.076855,25.693613
2025-07-31 00:00:00+00:00,28.11189,36.234283,22.377178
2025-08-01 00:00:00+00:00,26.083548,29.041706,23.010746
2025-08-02 00:00:00+00:00,29.105213,33.69913,23.84431
2025-08-03 00:00:00+00:00,31.226871,35.856556,26.577879
2025-08-04 00:00:00+00:00,32.348534,39.813984,25.561445
2025-08-05 00:00:00+00:00,31.520187,36.42141,26.945011
2025-08-06 00:00:00+00:00,26.29185,30.528835,22.87858
2025-08-07 00:00:00+00:00,27.463509,32.536263,22.862146
2025-08-08 00:00:00+00:00,30.285168,35.89369,25.795713
2025-08-09 00:00:00+00:00,31.95683,39.80111,25.479279
2025-08-10 00:00:00+00:00,31.178488,36.458538,25.862848
2025-08-11 00:00:00+00:00,31.100143,36.015965,26.196415
2025-08-12 00:00:00+00:00,28.521805,31.873386,26.079983
2025-08-13 00:00:00+00:00,28.543465,33.180817,24.76355
2025-08-14 00:00:00+00:00,30.565125,35.488243,25.947117
2025-08-15 00:00:00+00:00,30.736782,36.395668,25.380684
2025-08-16 00:00:00+00:00,32.008442,37.20309,26.16425
2025-08-17 00:00:00+00:00,32.280106,38.410515,27.047817
2025-08-18 00:00:00+00:00,31.30176,37.167946,25.58138
2025-08-19 00:00:00+00:00,31.873419,37.87537,26.664951
2025-08-20 00:00:00+00:00,24.64508,26.182796,23.498516
2025-08-21 00:00:00+00:00,27.516737,30.790218,24.882088
2025-08-22 00:00:00+00:00,28.6384,32.797646,24.815653
2025-08-23 00:00:00+00:00,28.910057,32.805077,25.599218
2025-08-24 00:00:00+00:00,25.281715,25.6625,25.03279
2025-08-25 00:00:00+00:00,28.903378,33.919926,24.966352
2025-08-26 00:00:00+00:00,31.275036,39.02735,26.39992
2025-08-27 00:00:00+00:00,29.1967,33.034775,25.53349
2025-08-28 00:00:00+00:00,28.718353,31.992203,25.417055
2025-08-29 00:00:00+00:00,27.640015,29.54963,27.300621
2025-08-30 00:00:00+00:00,28.861671,34.907055,26.034187
2025-08-31 00:00:00+00:00,26.933332,29.814476,25.417757
2025-09-01 00:00:00+00:00,25.504993,27.571907,24.401323
2025-09-02 00:00:00+00:00,27.82396,33.23572,22.817896
2025-09-03 00:00:00+00:00,30.508694,39.51833,23.945467
2025-09-04 00:00:00+00:00,28.04343,34.400936,22.523039
2025-09-05 00:00:00+00:00,25.578165,28.08355,23.250612
2025-09-06 00:00:00+00:00,25.762901,27.966156,24.028183
2025-09-07 00:00:00+00:00,26.947638,30.798763,24.355757
2025-09-08 00:00:00+00:00,27.28237,29.881378,24.933327
2025-09-09 00:00:00+00:00,26.717108,29.113983,25.260902
2025-09-10 00:00:00+00:00,26.151842,28.346592,24.788473
2025-09-11 00:00:00+00:00,26.53658,29.029202,24.816046
2025-09-12 00:00:00+00:00,26.021313,28.661812,23.443617
2025-09-13 00:00:00+00:00,24.206049,24.094421,23.52119
2025-09-14 00:00:00+00:00,25.490784,28.027035,22.798765
2025-09-15 00:00:00+00:00,28.075521,33.309643,24.226336
2025-09-16 00:00:00+00:00,30.510254,38.49225,24.503908
2025-09-17 00:00:00+00:00,29.544989,34.22486,25.481482
2025-09-18 00:00:00+00:00,29.32973,34.70747,24.759052
2025-09-19 00:00:00+00:00,30.264462,34.94008,25.886625
2025-09-20 00:00:00+00:00,27.249195,27.072685,27.0142
2025-09-21 00:00:00+00:00,29.483932,33.705296,25.84177
2025-09-22 00:00:00+00:00,31.118668,36.8879,26.119343
2025-09-23 00:00:00+00:00,33.203407,41.670517,27.596916
2025-09-24 00:00:00+00:00,30.038136,35.00312,25.824488
2025-09-25 00:00:00+00:00,30.722876,36.435734,25.20206
2025-09-26 00:00:00+00:00,29.957611,34.56834,25.52963
2025-09-27 00:00:00+00:00,28.342346,31.150951,26.057205
2025-09-28 00:00:00+00:00,28.027082,30.833557,25.334778
2025-09-29 00:00:00+00:00,29.961815,35.916172,23.56235
2025-09-30 00:00:00+00:00,30.996552,38.04878,24.439924
2025-10-01 00:00:00+00:00,32.08129,39.331387,24.467497
2025-10-02 00:00:00+00:00,32.51602,38.864,26.74507
2025-10-03 00:00:00+00:00,30.80076,35.89661,24.97264
2025-10-04 00:00:00+00:00,31.635492,36.529213,27.100212
2025-10-05 00:00:00+00:00,31.920229,38.31183,25.627787
2025-10-06 00:00:00+00:00,34.404964,41.494434,27.255358
2025-10-07 00:00:00+00:00,31.939697,36.37704,24.182928
2025-10-08 00:00:00+00:00,25.724436,29.159653,22.510506
2025-10-09 00:00:00+00:00,29.559172,35.04226,23.488075
2025-10-10 00:00:00+00:00,31.443909,38.87487,24.915646
2025-10-11 00:00:00+00:00,30.57864,38.50748,24.34322
2025-10-12 00:00:00+00:00,30.613377,35.44009,25.520794
2025-10-13 00:00:00+00:00,30.848112,33.122696,28.548367
2025-10-14 00:00:00+00:00,31.782852,36.80531,27.025936
2025-10-15 00:00:00+00:00,30.867586,35.887917,25.303509
2025-10-16 00:00:00+00:00,32.702324,39.070526,27.881084
2025-10-17 00:00:00+00:00,30.937057,38.053135,24.508657
2025-10-18 00:00:00+00:00,29.971792,38.585743,21.486227
2025-10-19 00:00:00+00:00,30.106527,39.018353,21.5638
2025-10-20 00:00:00+00:00,30.441263,39.250965,22.291374
2025-10-21 00:00:00+00:00,32.475998,41.18357,23.118946
2025-10-22 00:00:00+00:00,31.710733,37.06618,26.096518
2025-10-23 00:00:00+00:00,32.44547,39.048794,26.72409
2025-10-24 00:00:00+00:00,28.380205,36.7814,19.801659
2025-10-25 00:00:00+00:00,28.71494,36.21401,21.229235
2025-10-26 00:00:00+00:00,29.149677,37.69662,19.906807
2025-10-27 00:00:00+00:00,30.53441,38.52923,22.08438
2025-10-28 00:00:00+00:00,30.219147,38.911835,21.81195
2025-10-29 00:00:00+00:00,30.403881,37.894444,21.539524
2025-10-30 00:00:00+00:00,32.588615,39.277058,26.467096
2025-10-31 00:00:00+00:00,31.423355,39.609665,24.39467
2025-11-01 00:00:00+00:00,29.958088,39.29227,21.072243
2025-11-02 00:00:00+00:00,30.574087,38.561047,20.384874
2025-11-03 00:00:00+00:00,30.887411,36.977848,24.695374
2025-11-04 00:00:00+00:00,29.650736,34.394646,24.855871
2025-11-05 00:00:00+00:00,31.614058,38.111443,25.36637
2025-11-06 00:00:00+00:00,29.72738,36.328243,23.776867
2025-11-07 00:00:00+00:00,26.940706,34.39504,18.787363
2025-11-08 00:00:00+00:00,28.154028,36.71184,19.59786
2025-11-09 00:00:00+00:00,29.317352,37.72864,20.908361
2025-11-10 00:00:00+00:00,29.380676,37.99544,20.868856
2025-11-11 00:00:00+00:00,29.293999,37.362236,21.179356
2025-11-12 00:00:00+00:00,29.057322,37.17903,21.239853
2025-11-13 00:00:00+00:00,28.920643,35.845833,22.000353
2025-11-14 00:00:00+00:00,27.983967,34.412632,20.56085
2025-11-15 00:00:00+00:00,28.34729,35.07943,20.671345
2025-11-16 00:00:00+00:00,28.510614,35.59623,21.131845
2025-11-17 00:00:00+00:00,28.723938,35.763023,22.392342
2025-11-18 00:00:00+00:00,26.537258,34.67982,18.55284
2025-11-19 00:00:00+00:00,26.450586,34.696625,17.513338
2025-11-20 00:00:00+00:00,26.71391,34.263424,19.723837
2025-11-21 00:00:00+00:00,26.077232,33.08022,20.234333
2025-11-22 00:00:00+00:00,24.590555,30.347015,19.444832
2025-11-23 00:00:00+00:00,22.553879,26.213816,19.305328
2025-11-24 00:00:00+00:00,22.6172,29.530617,17.265825
2025-11-25 00:00:00+00:00,22.580526,30.047413,16.226326
2025-11-26 00:00:00+00:00,22.743849,26.264212,20.336824
2025-11-27 00:00:00+00:00,25.407171,32.231007,17.59732
2025-11-28 00:00:00+00:00,26.220495,30.147808,23.40782
2025-11-29 00:00:00+00:00,28.53382,34.56461,24.818316
2025-11-30 00:00:00+00:00,29.297142,35.281406,22.628815
2025-12-01 00:00:00+00:00,30.660465,35.748203,26.689312
2025-12-02 00:00:00+00:00,29.423786,35.815002,22.84981
2025-12-03 00:00:00+00:00,28.887112,36.181805,21.610306
2025-12-04 00:00:00+00:00,27.650434,34.6986,20.820807
2025-12-05 00:00:00+00:00,29.163757,37.315395,22.081306
2025-12-06 00:00:00+00:00,29.577082,36.832195,24.7418
2025-12-07 00:00:00+00:00,27.590405,33.498997,22.102299
2025-12-08 00:00:00+00:00,28.003729,34.015797,23.3128
2025-12-09 00:00:00+00:00,25.86705,32.13259,19.623295
2025-12-10 00:00:00+00:00,26.380377,33.949387,19.433792
2025-12-11 00:00:00+00:00,25.343699,32.91619,18.794292
2025-12-12 00:00:00+00:00,27.157022,35.932987,19.204788
2025-12-13 00:00:00+00:00,26.620344,34.849785,18.165287
2025-12-14 00:00:00+00:00,26.733667,35.116585,18.675785
2025-12-15 00:00:00+00:00,24.99699,34.63338,15.536283
2025-12-16 00:00:00+00:00,25.810316,35.200184,15.796781
2025-12-17 00:00:00+00:00,27.373636,34.96698,20.90728
2025-12-18 00:00:00+00:00,26.436962,33.983776,21.117777
2025-12-19 00:00:00+00:00,25.800283,34.200577,18.678274
2025-12-20 00:00:00+00:00,24.813608,33.467377,16.088772
2025-12-21 00:00:00+00:00,26.026932,33.284172,19.44927
2025-12-22 00:00:00+00:00,26.940256,34.300972,21.359766
2025-12-23 00:00:00+00:00,26.203579,34.967773,18.470266
2025-12-24 00:00:00+00:00,26.616901,34.934566,19.780764
2025-12-25 00:00:00+00:00,26.480225,35.001366,18.591259
2025-12-26 00:00:00+00:00,27.293547,34.318165,19.851759
2025-12-27 00:00:00+00:00,26.75687,30.934963,22.612257
2025-12-28 00:00:00+00:00,27.720196,33.50176,19.872753
2025-12-29 00:00:00+00:00,29.683516,33.118565,26.733253
2025-12-30 00:00:00+00:00,26.946842,32.78536,22.043753
2025-12-31 00:00:00+00:00,24.810163,31.75216,18.75425
2026-01-01 00:00:00+00:00,24.873487,31.518955,17.164745
2026-01-02 00:00:00+00:00,26.37323,32.972523,21.611328
2026-01-03 00:00:00+00:00,24.922974,31.876102,20.307907
2026-01-04 00:00:00+00:00,23.872711,30.579666,18.554487
2026-01-05 00:00:00+00:00,25.772455,33.98324,18.151064
2026-01-06 00:00:00+00:00,26.422195,34.136806,20.197647
2026-01-07 00:00:00+00:00,26.22194,33.94038,19.694223
2026-01-08 00:00:00+00:00,25.271679,32.793953,18.140802
2026-01-09 00:00:00+00:00,25.52142,33.897522,17.987383
2026-01-10 00:00:00+00:00,24.97116,33.20109,18.433962
2026-01-11 00:00:00+00:00,24.370903,32.904663,17.030542
2026-01-12 00:00:00+00:00,24.470646,33.758232,15.527121
2026-01-13 00:00:00+00:00,25.420387,35.311806,16.223701
2026-01-14 00:00:00+00:00,25.870127,35.665375,16.570282
2026-01-15 00:00:00+00:00,25.11987,34.318947,16.516861
2026-01-16 00:00:00+00:00,24.519611,33.272514,16.713442
2026-01-17 00:00:00+00:00,23.76935,31.076088,18.71002
2026-01-18 00:00:00+00:00,24.319094,31.92966,17.906599
2026-01-19 00:00:00+00:00,24.518835,31.633224,19.853176
2026-01-20 00:00:00+00:00,23.16858,27.686796,19.599758
2026-01-21 00:00:00+00:00,23.868317,32.040367,15.99634
2026-01-22 00:00:00+00:00,25.31806,32.29394,17.292917
2026-01-23 00:00:00+00:00,25.517803,31.197514,20.589497
2026-01-24 00:00:00+00:00,27.167543,33.90108,21.436077
2026-01-25 00:00:00+00:00,27.517286,34.95465,20.782658
2026-01-26 00:00:00+00:00,28.667027,34.80822,24.029236
2026-01-27 00:00:00+00:00,28.816767,35.56179,23.425816
2026-01-28 00:00:00+00:00,28.56651,36.01536,22.622396
2026-01-29 00:00:00+00:00,28.766253,37.06893,22.068974
2026-01-30 00:00:00+00:00,28.515991,37.122505,21.415554
2026-01-31 00:00:00+00:00,28.315735,36.776073,21.562136
2026-02-01 00:00:00+00:00,28.215473,36.47965,21.508715
2026-02-02 00:00:00+00:00,26.715216,35.23322,19.205294
2026-02-03 00:00:00+00:00,27.414959,37.586784,17.301872
2026-02-04 00:00:00+00:00,28.4647,38.440353,18.498453
2026-02-05 00:00:00+00:00,29.11444,36.543926,22.545033
2026-02-06 00:00:00+00:00,27.964182,35.5975,20.29161
2026-02-07 00:00:00+00:00,28.513924,34.45107,23.238192
2026-02-08 00:00:00+00:00,27.913664,34.95464,20.53477
2026-02-09 00:00:00+00:00,27.913408,35.35821,20.381351
2026-02-10 00:00:00+00:00,30.063148,36.21178,24.07793
2026-02-11 00:00:00+00:00,31.062893,35.365353,27.52451
2026-02-12 00:00:00+00:00,30.462633,35.11892,26.171091
2026-02-13 00:00:00+00:00,28.662373,33.872494,24.117668
2026-02-14 00:00:00+00:00,27.862114,35.326065,19.91425
2026-02-15 00:00:00+00:00,28.061855,35.479633,21.46083
2026-02-16 00:00:00+00:00,28.311598,36.133205,19.757408
2026-02-17 00:00:00+00:00,27.411339,33.08678,22.903988
2026-02-18 00:00:00+00:00,28.011084,37.440346,18.05057
2026-02-19 00:00:00+00:00,28.510824,36.593918,18.997149
2026-02-20 00:00:00+00:00,31.160563,37.04749,24.793728
2026-02-21 00:00:00+00:00,31.660305,40.251057,23.240305
2026-02-22 00:00:00+00:00,30.010046,38.65463,21.036886
2026-02-23 00:00:00+00:00,30.609789,37.6582,24.783468
2026-02-24 00:00:00+00:00,31.05953,38.16177,25.230045
2026-02-25 00:00:00+00:00,29.659271,37.815346,21.676624
2026-02-26 00:00:00+00:00,29.759014,39.368908,20.323206
2026-02-27 00:00:00+00:00,29.808754,38.42248,20.169785
2026-02-28 00:00:00+00:00,28.308496,34.526047,22.966364
2026-03-01 00:00:00+00:00,26.608234,33.079624,20.612944
2026-03-02 00:00:00+00:00,28.50798,36.583195,20.909525
2026-03-03 00:00:00+00:00,29.309322,37.538406,20.657396
2026-03-04 00:00:00+00:00,30.771877,38.355118,23.714323
2026-03-05 00:00:00+00:00,29.084435,36.871826,21.021252
2026-03-06 00:00:00+00:00,31.046991,40.23854,22.228176
2026-03-07 00:00:00+00:00,31.609547,39.355247,24.735104
2026-03-08 00:00:00+00:00,31.422104,40.021957,23.892029
2026-03-09 00:00:00+00:00,31.084658,40.238674,22.298958
2026-03-10 00:00:00+00:00,29.097216,37.355377,19.655886
2026-03-11 00:00:00+00:00,30.70977,40.12209,20.86281
2026-03-12 00:00:00+00:00,28.572325,36.638798,20.369738
2026-03-13 00:00:00+00:00,30.384882,39.205513,21.076664
2026-03-14 00:00:00+00:00,32.797436,41.072224,24.63359
2026-03-15 00:00:00+00:00,30.809996,34.98893,26.990517
2026-03-16 00:00:00+00:00,23.522549,25.755648,21.897444
2026-03-17 00:00:00+00:00,26.635105,31.372356,21.95437
2026-03-18 00:00:00+00:00,28.097662,33.83907,21.761297
2026-03-19 00:00:00+00:00,29.760218,36.005775,22.868223
2026-03-20 00:00:00+00:00,30.172773,36.322483,22.27515
2026-03-21 00:00:00+00:00,32.385326,38.839195,25.282078
2026-03-22 00:00:00+00:00,33.14789,36.95591,29.139002
2026-03-23 00:00:00+00:00,32.41044,37.12262,26.69593
2026-03-24 00:00:00+00:00,34.072998,40.68933,27.452856
2026-03-25 00:00:00+00:00,31.535555,37.656036,25.259785
2026-03-26 00:00:00+00:00,29.69811,34.22275,25.36671
2026-03-27 00:00:00+00:00,31.410666,38.439457,23.823639
2026-03-28 00:00:00+00:00,33.47322,40.706173,25.180565
2026-03-29 00:00:00+00:00,31.335777,38.02288,24.187492
2026-03-30 00:00:00+00:00,30.598335,37.939594,22.844418
2026-03-31 00:00:00+00:00,30.96089,38.306305,22.801344
2026-04-01 00:00:00+00:00,31.073446,38.27301,23.758268
2026-04-02 00:00:00+00:00,31.786003,40.08973,23.565199
2026-04-03 00:00:00+00:00,31.448557,39.556435,23.072124
2026-04-04 00:00:00+00:00,32.461113,41.523144,22.329052
2026-04-05 00:00:00+00:00,33.67367,42.489857,24.135979
2026-04-06 00:00:00+00:00,33.886227,42.556564,24.592905
2026-04-07 00:00:00+00:00,33.09878,41.77328,23.649832
2026-04-08 00:00:00+00:00,32.71134,41.53999,23.956757
2026-04-09 00:00:00+00:00,33.523895,43.4567,22.913685
2026-04-10 00:00:00+00:00,33.73645,42.62341,24.470612
2026-04-11 00:00:00+00:00,33.949005,42.09012,25.277538
2026-04-12 00:00:00+00:00,32.511566,40.306828,24.534464
2026-04-13 00:00:00+00:00,30.77412,37.323544,23.69139
2026-04-14 00:00:00+00:00,30.186674,36.74025,23.198318
2026-04-15 00:00:00+00:00,30.299232,37.656963,21.805243
2026-04-16 00:00:00+00:00,32.061787,39.973675,23.36217
2026-04-17 00:00:00+00:00,33.124344,41.240383,24.069098
2026-04-18 00:00:00+00:00,33.0869,42.25709,22.526024
2026-04-19 00:00:00+00:00,33.399452,42.3238,22.682953
2026-04-20 00:00:00+00:00,33.26201,40.190514,25.58988
2026-04-21 00:00:00+00:00,32.224564,39.207226,24.896805
2026-04-22 00:00:00+00:00,31.937122,39.223934,23.65373
2026-04-23 00:00:00+00:00,32.24968,38.79065,24.61066
2026-04-24 00:00:00+00:00,33.412235,40.807358,25.167587
2026-04-25 00:00:00+00:00,32.374786,39.47407,24.274511
2026-04-26 00:00:00+00:00,32.187347,39.24078,24.531439
2026-04-27 00:00:00+00:00,32.899902,40.857487,23.238367
2026-04-28 00:00:00+00:00,34.46246,42.024204,25.695292
2026-04-29 00:00:00+00:00,34.275017,41.39091,26.552217
2026-04-30 00:00:00+00:00,35.88757,42.257618,27.209146
2026-05-01 00:00:00+00:00,34.650124,39.47433,28.36607
2026-05-02 00:00:00+00:00,37.41268,42.04104,31.522999
2026-05-03 00:00:00+00:00,37.964096,43.446796,31.271908
2026-05-04 00:00:00+00:00,36.98208,42.16968,30.796762
2026-05-05 00:00:00+00:00,34.850067,40.942566,28.671621
2026-05-06 00:00:00+00:00,34.21805,42.16545,25.796478
2026-05-07 00:00:00+00:00,35.186035,41.73834,28.221333
2026-05-08 00:00:00+00:00,32.954018,40.211224,26.396189
2026-05-09 00:00:00+00:00,31.672,39.834106,23.421045
2026-05-10 00:00:00+00:00,32.339985,41.006996,23.595901
2026-05-11 00:00:00+00:00,34.00797,43.37988,23.420757
2026-05-12 00:00:00+00:00,33.425957,42.05276,24.345615
2026-05-13 00:00:00+00:00,32.39394,40.67565,23.47047
2026-05-14 00:00:00+00:00,30.961926,38.448536,23.095325
2026-05-15 00:00:00+00:00,31.379908,39.321423,22.470184
2026-05-16 00:00:00+00:00,31.547892,37.894302,25.495039
2026-05-17 00:00:00+00:00,32.365875,39.21719,25.619894
2026-05-18 00:00:00+00:00,32.53386,40.39007,23.944754
2026-05-19 00:00:00+00:00,33.951847,43.36296,23.819609
2026-05-20 00:00:00+00:00,33.16983,41.135845,25.194464
2026-05-21 00:00:00+00:00,30.787811,38.00873,23.519321
2026-05-22 00:00:00+00:00,30.555796,37.33162,23.44418
2026-05-23 00:00:00+00:00,30.123781,36.7545,23.169035
2026-05-24 00:00:00+00:00,31.941765,39.477386,23.443888
2026-05-25 00:00:00+00:00,34.55975,43.350273,24.518747
2026-05-26 00:00:00+00:00,36.17773,43.72316,27.543602
2026-05-27 00:00:00+00:00,33.09572,40.546043,25.768457
2026-05-28 00:00:00+00:00,31.813702,39.618927,23.643314
2026-05-29 00:00:00+00:00,31.631685,39.191814,23.718172
2026-05-30 00:00:00+00:00,30.94967,38.2147,23.193026
2026-05-31 00:00:00+00:00,31.167656,38.98758,22.867884
2026-06-01 00:00:00+00:00,30.63564,38.160473,22.39274
2026-06-02 00:00:00+00:00,30.353626,36.633354,23.467596
2026-06-03 00:00:00+00:00,31.671606,38.65624,24.392452
2026-06-04 00:00:00+00:00,32.78959,42.429123,23.617311
2026-06-05 00:00:00+00:00,33.007576,42.252014,23.642164
2026-06-06 00:00:00+00:00,31.675564,39.2749,24.417023
2026-06-07 00:00:00+00:00,31.343546,40.34778,22.39188
2026-06-08 00:00:00+00:00,30.56153,38.070663,22.666735
2026-06-09 00:00:00+00:00,30.479513,37.89355,23.04159
2026-06-10 00:00:00+00:00,31.1975,39.21644,23.016447
2026-06-11 00:00:00+00:00,31.465485,40.73932,22.541306
2026-06-12 00:00:00+00:00,32.933468,42.662205,24.066162
2026-06-13 00:00:00+00:00,33.45145,40.935093,23.541016
2026-06-14 00:00:00+00:00,32.819435,38.00798,27.465874
2026-06-15 00:00:00+00:00,32.087418,38.280865,26.24073
2026-06-16 00:00:00+00:00,32.205402,40.953747,24.265585
2026-06-17 00:00:00+00:00,32.973385,41.276634,23.940441
2026-06-18 00:00:00+00:00,31.491373,38.649525,24.665295
2026-06-19 00:00:00+00:00,31.609356,40.222404,22.490154
2026-06-20 00:00:00+00:00,31.727343,40.045288,23.365011
2026-06-21 00:00:00+00:00,30.145323,35.518177,25.489866
2026-06-22 00:00:00+00:00,31.363312,37.54106,25.06472
2026-06-23 00:00:00+00:00,30.531294,35.613945,25.28958
2026-06-24 00:00:00+00:00,32.499275,38.53683,26.214437
2026-06-25 00:00:00+00:00,34.667263,42.009716,28.139292
2026-06-26 00:00:00+00:00,31.835247,37.632603,26.314146
2026-06-27 00:00:00+00:00,32.65323,38.855488,26.039005
2026-06-28 00:00:00+00:00,32.571217,39.47837,26.96386
2026-06-29 00:00:00+00:00,31.0392,37.15126,25.438717
2026-06-30 00:00:00+00:00,30.457184,36.67414,25.013575
2026-07-01 00:00:00+00:00,29.925167,34.547028,25.33843
2026-07-02 00:00:00+00:00,29.143152,33.819912,24.863283
2026-07-03 00:00:00+00:00,30.612514,33.937008,27.74141
2026-07-04 00:00:00+00:00,30.984177,36.344425,25.824974
2026-07-05 00:00:00+00:00,32.85583,39.551853,25.708544
2026-07-06 00:00:00+00:00,30.177492,34.859283,24.84211
2026-07-07 00:00:00+00:00,31.049152,36.566704,25.125677
2026-07-08 00:00:00+00:00,31.07081,37.024128,24.909245
2026-07-09 00:00:00+00:00,30.44247,35.131557,25.692812
2026-07-10 00:00:00+00:00,33.114136,40.48898,25.776377
2026-07-11 00:00:00+00:00,31.53579,37.94641,26.109947
2026-07-12 00:00:00+00:00,30.957447,36.903835,26.043512
2026-07-13 00:00:00+00:00,29.27911,33.461258,26.627077
2026-07-14 00:00:00+00:00,30.250769,34.968685,25.910646
2026-07-15 00:00:00+00:00,28.572426,32.37611,24.844213
2026-07-16 00:00:00+00:00,26.794086,28.13354,25.37778
2026-07-17 00:00:00+00:00,29.915747,35.290962,24.311348
2026-07-18 00:00:00+00:00,31.987406,37.148388,25.744915
2026-07-19 00:00:00+00:00,33.659065,37.755817,29.228481
2026-07-20 00:00:00+00:00,34.680725,40.86324,27.86205
2026-07-21 00:00:00+00:00,34.502384,40.22067,28.545616
2026-07-22 00:00:00+00:00,32.724045,37.678097,28.279182
2026-07-23 00:00:00+00:00,31.695704,36.935516,26.512749
2026-07-24 00:00:00+00:00,31.467361,36.392944,26.246315
2026-07-25 00:00:00+00:00,29.739021,34.400368,25.379885
2026-07-26 00:00:00+00:00,28.460682,32.40779,25.063452
2026-07-27 00:00:00+00:00,29.582338,34.61522,24.947016
2026-07-28 00:00:00+00:00,29.754,36.422646,23.430584
2026-07-29 00:00:00+00:00,30.425657,37.380074,23.41415
2026-07-30 00:00:00+00:00,29.397316,34.9875,23.847721
2026-07-31 00:00:00+00:00,29.068977,34.84492,23.231285
2026-08-01 00:00:00+00:00,28.940638,33.802353,23.364851
2026-08-02 00:00:00+00:00,30.562294,35.35977,25.04842
2026-08-03 00:00:00+00:00,31.983955,38.867203,24.981987
2026-08-04 00:00:00+00:00,35.505615,42.524624,27.315552
2026-08-05 00:00:00+00:00,31.027273,34.53205,28.149122
2026-08-06 00:00:00+00:00,30.098934,33.83948,26.132689
2026-08-07 00:00:00+00:00,25.620594,27.246906,24.166256
2026-08-08 00:00:00+00:00,28.84225,33.45433,24.549824
2026-08-09 00:00:00+00:00,31.213915,36.56176,25.88339
2026-08-10 00:00:00+00:00,30.585571,36.169178,26.016958
2026-08-11 00:00:00+00:00,28.90723,31.676609,26.850521
2026-08-12 00:00:00+00:00,28.728893,32.134033,25.98409
2026-08-13 00:00:00+00:00,26.450548,27.391459,26.217657
2026-08-14 00:00:00+00:00,23.17221,23.548882,23.151222
2026-08-15 00:00:00+00:00,26.143866,29.25631,22.934793
2026-08-16 00:00:00+00:00,29.76553,35.863735,25.418358
2026-08-17 00:00:00+00:00,28.93719,33.22116,25.351923
2026-08-18 00:00:00+00:00,29.008846,32.778587,25.985493
2026-08-19 00:00:00+00:00,28.580505,31.58601,25.519058
2026-08-20 00:00:00+00:00,23.202166,23.743439,22.752628
2026-08-21 00:00:00+00:00,26.123823,28.350868,23.886194
2026-08-22 00:00:00+00:00,28.095482,31.308292,25.719759
2026-08-23 00:00:00+00:00,27.667143,30.415714,25.903328
2026-08-24 00:00:00+00:00,27.638805,30.823143,24.836895
2026-08-25 00:00:00+00:00,29.11046,33.280563,26.270462
2026-08-26 00:00:00+00:00,30.232124,35.687996,26.354027
2026-08-27 00:00:00+00:00,28.70378,31.495419,26.737597
2026-08-28 00:00:00+00:00,28.37544,32.102848,25.471165
2026-08-29 00:00:00+00:00,28.897099,33.110268,25.754728
2026-08-30 00:00:00+00:00,29.91876,34.5677,26.338299
2026-08-31 00:00:00+00:00,30.540417,35.12512,26.921864
2026-09-01 00:00:00+00:00,28.112078,32.032547,24.00543
2026-09-02 00:00:00+00:00,29.165276,33.727566,25.960999
2026-09-03 00:00:00+00:00,29.000011,33.560173,25.988571
2026-09-04 00:00:00+00:00,28.984745,33.542786,25.116146
2026-09-05 00:00:00+00:00,28.119482,30.225391,26.343718
2026-09-06 00:00:00+00:00,28.454216,31.408005,26.071291
2026-09-07 00:00:00+00:00,29.18895,33.74061,25.648865
2026-09-08 00:00:00+00:00,29.52369,33.223225,26.826435
2026-09-09 00:00:00+00:00,28.158422,30.95583,25.75401
2026-09-10 00:00:00+00:00,24.793161,25.688442,24.131582
2026-09-11 00:00:00+00:00,27.427895,32.22105,23.409153
2026-09-12 00:00:00+00:00,29.26263,34.90366,24.886724
2026-09-13 00:00:00+00:00,30.997366,36.58627,27.314299
2026-09-14 00:00:00+00:00,28.2821,30.968872,26.99187
2026-09-15 00:00:00+00:00,29.81684,35.901485,24.719442
2026-09-16 00:00:00+00:00,32.051575,38.234097,26.647017
2026-09-17 00:00:00+00:00,32.886307,39.916706,27.524588
2026-09-18 00:00:00+00:00,32.721043,38.549313,27.252161
2026-09-19 00:00:00+00:00,30.955778,35.431927,27.529736
2026-09-20 00:00:00+00:00,31.590513,38.16453,27.107304
2026-09-21 00:00:00+00:00,31.325249,37.497143,26.184877
2026-09-22 00:00:00+00:00,30.709986,35.97975,26.71245
2026-09-23 00:00:00+00:00,29.994719,35.612362,25.290022
2026-09-24 00:00:00+00:00,31.079456,38.09497,25.117596
2026-09-25 00:00:00+00:00,31.414192,37.82758,25.845167
2026-09-26 00:00:00+00:00,30.448927,35.46019,26.922743
2026-09-27 00:00:00+00:00,29.033665,32.942802,25.400312
2026-09-28 00:00:00+00:00,31.2184,37.57541,26.677885
2026-09-29 00:00:00+00:00,30.353134,38.55802,23.005459
2026-09-30 00:00:00+00:00,29.23787,36.340626,21.133028
2026-10-01 00:00:00+00:00,30.872606,36.173237,25.610603
2026-10-02 00:00:00+00:00,30.657341,35.505844,25.138176
2026-10-03 00:00:00+00:00,31.292074,36.938454,25.765749
2026-10-04 00:00:00+00:00,25.776812,27.17106,24.193321
2026-10-05 00:00:00+00:00,29.911547,34.953674,25.120892
2026-10-06 00:00:00+00:00,32.746284,38.53628,26.748466
2026-10-07 00:00:00+00:00,32.431015,36.86889,29.026037
2026-10-08 00:00:00+00:00,32.015755,36.2515,27.603607
2026-10-09 00:00:00+00:00,31.65049,37.08411,27.381182
2026-10-10 00:00:00+00:00,33.285225,41.166718,25.908756
2026-10-11 00:00:00+00:00,32.619957,37.94933,27.136326
2026-10-12 00:00:00+00:00,31.404694,34.781937,28.163898
2026-10-13 00:00:00+00:00,32.68943,37.364544,28.141474
2026-10-14 00:00:00+00:00,33.324165,38.447155,28.969046
2026-10-15 00:00:00+00:00,33.9589,40.729763,25.996616
2026-10-16 00:00:00+00:00,32.59364,38.162373,27.574188
2026-10-17 00:00:00+00:00,32.32837,37.594986,28.051762
2026-10-18 00:00:00+00:00,31.063108,36.227592,27.029335
2026-10-19 00:00:00+00:00,29.897842,37.0602,22.656906
2026-10-20 00:00:00+00:00,29.232576,36.192814,22.534481
2026-10-21 00:00:00+00:00,28.917313,36.07542,21.66205
2026-10-22 00:00:00+00:00,30.452047,37.658028,22.939623
2026-10-23 00:00:00+00:00,31.986786,38.29064,23.017197
2026-10-24 00:00:00+00:00,31.571518,38.37325,24.44477
2026-10-25 00:00:00+00:00,30.956259,37.405857,24.722343
2026-10-26 00:00:00+00:00,29.69099,36.93847,22.249916
2026-10-27 00:00:00+00:00,29.425726,36.771076,21.777487
2026-10-28 00:00:00+00:00,29.610462,36.753685,23.105059
2026-10-29 00:00:00+00:00,27.545197,30.486298,24.482634
2026-10-30 00:00:00+00:00,29.679934,36.6189,23.410204
2026-10-31 00:00:00+00:00,31.014668,36.95151,23.887777
2026-11-01 00:00:00+00:00,28.849405,33.08412,25.71535
2026-11-02 00:00:00+00:00,28.320757,34.30685,21.882248
2026-11-03 00:00:00+00:00,29.434082,35.573643,23.242748
2026-11-04 00:00:00+00:00,29.347403,35.39045,23.703245
2026-11-05 00:00:00+00:00,30.01073,36.357243,22.963743
2026-11-06 00:00:00+00:00,30.42405,36.27404,24.02424
2026-11-07 00:00:00+00:00,32.537376,39.29084,25.33474
2026-11-08 00:00:00+00:00,33.250698,39.607643,27.445236
2026-11-09 00:00:00+00:00,31.71402,38.874435,24.205732
2026-11-10 00:00:00+00:00,30.427341,38.091236,21.766233
2026-11-11 00:00:00+00:00,31.940666,38.008038,25.37673
2026-11-12 00:00:00+00:00,31.85399,39.874832,25.087229
2026-11-13 00:00:00+00:00,30.367315,37.69163,23.097727
2026-11-14 00:00:00+00:00,28.830637,36.558434,19.708223
2026-11-15 00:00:00+00:00,29.243961,37.12523,22.66872
2026-11-16 00:00:00+00:00,29.307283,37.542027,21.479223
2026-11-17 00:00:00+00:00,29.970608,37.708824,21.789719
2026-11-18 00:00:00+00:00,29.03393,34.875626,23.950214
2026-11-19 00:00:00+00:00,27.947256,32.192425,23.510714
2026-11-20 00:00:00+00:00,29.410574,37.10922,21.07121
2026-11-21 00:00:00+00:00,29.3739,37.02602,21.481709
2026-11-22 00:00:00+00:00,29.537224,35.34282,23.492207
2026-11-23 00:00:00+00:00,28.650545,36.559616,21.302706
2026-11-24 00:00:00+00:00,28.413872,35.826416,21.563204
2026-11-25 00:00:00+00:00,29.377193,37.543213,20.973701
2026-11-26 00:00:00+00:00,29.29052,37.560013,21.3842
2026-11-27 00:00:00+00:00,27.70384,36.57681,18.794697
2026-11-28 00:00:00+00:00,28.467165,36.343613,22.655195
2026-11-29 00:00:00+00:00,28.430485,37.010406,20.465693
2026-11-30 00:00:00+00:00,27.99381,37.277203,18.576189
2026-12-01 00:00:00+00:00,27.257133,35.89401,18.986689
2026-12-02 00:00:00+00:00,27.070456,34.510803,19.697187
2026-12-03 00:00:00+00:00,27.08378,34.8276,19.507685
2026-12-04 00:00:00+00:00,27.647104,35.5944,20.26818
2026-12-05 00:00:00+00:00,27.660429,34.611195,21.77868
2026-12-06 00:00:00+00:00,28.37375,36.227993,19.689177
2026-12-07 00:00:00+00:00,27.287075,35.544796,19.099674
2026-12-08 00:00:00+00:00,27.000397,34.861595,19.710175
2026-12-09 00:00:00+00:00,26.06372,34.17839,19.170671
2026-12-10 00:00:00+00:00,25.327044,33.24519,18.431168
2026-12-11 00:00:00+00:00,24.940367,33.06199,17.091667
2026-12-12 00:00:00+00:00,25.80369,33.428787,17.952164
2026-12-13 00:00:00+00:00,27.517015,33.945583,23.662663
2026-12-14 00:00:00+00:00,26.380337,31.812386,19.67316
2026-12-15 00:00:00+00:00,22.193659,30.479183,14.983658
2026-12-16 00:00:00+00:00,21.206984,29.495983,12.744154
2026-12-17 00:00:00+00:00,22.220308,29.26278,14.304654
2026-12-18 00:00:00+00:00,23.633633,29.37958,17.36515
2026-12-19 00:00:00+00:00,26.146957,30.396378,22.025648
2026-12-20 00:00:00+00:00,24.160278,29.663172,18.186148
2026-12-21 00:00:00+00:00,26.7236,31.079975,21.746647
2026-12-22 00:00:00+00:00,28.336924,33.796772,24.207142
2026-12-23 00:00:00+00:00,26.05025,31.713573,19.56764
2026-12-24 00:00:00+00:00,26.46357,34.580368,18.778137
2026-12-25 00:00:00+00:00,28.576895,37.397167,20.538637
2026-12-26 00:00:00+00:00,27.84022,32.713966,22.449133
2026-12-27 00:00:00+00:00,29.003542,35.480762,24.509634
2026-12-28 00:00:00+00:00,28.366865,37.347565,19.570131
2026-12-29 00:00:00+00:00,28.080187,37.314365,19.28063
2026-12-30 00:00:00+00:00,28.09351,36.98116,19.591125
2026-12-31 00:00:00+00:00,27.056837,34.94796,20.301622
2027-01-01 00:00:00+00:00,26.520159,35.214756,18.862122
2027-01-02 00:00:00+00:00,26.723293,34.571632,19.312181
2027-01-03 00:00:00+00:00,27.073038,34.775208,20.75876
2027-01-04 00:00:00+00:00,25.372776,34.07877,18.055342
2027-01-05 00:00:00+00:00,25.472519,34.782345,16.75192
2027-01-06 00:00:00+00:00,24.37226,34.235916,14.448499
2027-01-07 00:00:00+00:00,25.722002,35.289486,16.745079
2027-01-08 00:00:00+00:00,25.971743,34.843056,17.891657
2027-01-09 00:00:00+00:00,25.521486,34.346626,17.588238
2027-01-10 00:00:00+00:00,26.071224,34.9502,17.884817
2027-01-11 00:00:00+00:00,27.120968,35.853767,18.481398
2027-01-12 00:00:00+00:00,26.970709,35.40734,18.877975
2027-01-13 00:00:00+00:00,26.570452,35.010914,18.374556
2027-01-14 00:00:00+00:00,26.770193,35.414482,18.521137
2027-01-15 00:00:00+00:00,26.769936,35.168056,18.917717
2027-01-16 00:00:00+00:00,26.869675,35.07162,19.614296
2027-01-17 00:00:00+00:00,26.919416,35.525192,18.660875
2027-01-18 00:00:00+00:00,27.319159,35.978764,18.857456
2027-01-19 00:00:00+00:00,27.518898,35.782333,19.504034
2027-01-20 00:00:00+00:00,27.318644,35.085903,19.900614
2027-01-21 00:00:00+00:00,26.568384,33.93948,20.097193
2027-01-22 00:00:00+00:00,25.668127,33.893047,17.993774
2027-01-23 00:00:00+00:00,25.167866,33.046616,17.440353
2027-01-24 00:00:00+00:00,25.017609,33.40019,16.686932
2027-01-25 00:00:00+00:00,25.317348,34.10376,16.483513
2027-01-26 00:00:00+00:00,25.267092,33.70733,16.730091
2027-01-27 00:00:00+00:00,23.316832,29.960897,17.37667
2027-01-28 00:00:00+00:00,22.416574,30.46447,14.473249
2027-01-29 00:00:00+00:00,24.716314,34.518044,14.419831
2027-01-30 00:00:00+00:00,28.016058,37.021618,19.566408
2027-01-31 00:00:00+00:00,28.715797,37.475185,20.312988
2027-02-01 00:00:00+00:00,28.665539,36.878754,20.90957
2027-02-02 00:00:00+00:00,27.415281,34.632324,21.806149
2027-02-03 00:00:00+00:00,25.165024,30.93589,20.952728
2027-02-04 00:00:00+00:00,24.214766,30.139462,20.299309
2027-02-05 00:00:00+00:00,23.514505,30.743034,16.195889
2027-02-06 00:00:00+00:00,25.314247,30.096607,21.242468
2027-02-07 00:00:00+00:00,21.663988,21.600178,20.839046
2027-02-08 00:00:00+00:00,20.563728,21.403748,19.035625
2027-02-09 00:00:00+00:00,21.763474,24.95732,18.482206
2027-02-10 00:00:00+00:00,24.313215,29.36089,19.978786
2027-02-11 00:00:00+00:00,25.862953,30.764462,20.975365
2027-02-12 00:00:00+00:00,26.812696,32.368027,20.721947
2027-02-13 00:00:00+00:00,27.512438,32.0216,22.868525
2027-02-14 00:00:00+00:00,28.91218,34.525173,22.715105
2027-02-15 00:00:00+00:00,30.16192,34.72874,26.011684
2027-02-16 00:00:00+00:00,29.561663,35.182316,24.608265
2027-02-17 00:00:00+00:00,28.961403,35.885887,21.704844
2027-02-18 00:00:00+00:00,29.561146,37.189453,21.351423
2027-02-19 00:00:00+00:00,28.460888,35.793026,21.598001
2027-02-20 00:00:00+00:00,26.910627,33.996593,21.094584
2027-02-21 00:00:00+00:00,26.51037,34.950165,17.941162
2027-02-22 00:00:00+00:00,28.46011,37.453735,18.987741
2027-02-23 00:00:00+00:00,29.809855,37.757305,20.73432
2027-02-24 00:00:00+00:00,30.359594,38.210873,22.280903
2027-02-25 00:00:00+00:00,31.409336,40.01445,22.42748
2027-02-26 00:00:00+00:00,30.959078,38.66802,22.72406
2027-02-27 00:00:00+00:00,30.858818,38.42159,24.370642
2027-02-28 00:00:00+00:00,29.658562,38.12516,21.067219
2027-03-01 00:00:00+00:00,28.908302,36.378727,21.8138
2027-03-02 00:00:00+00:00,27.758041,36.482304,19.560377
2027-03-03 00:00:00+00:00,27.807785,36.98587,17.90696
2027-03-04 00:00:00+00:00,29.16874,37.95094,19.962591
2027-03-05 00:00:00+00:00,29.881292,37.56765,24.019518
2027-03-06 00:00:00+00:00,29.89385,36.884357,22.876448
2027-03-07 00:00:00+00:00,28.306408,34.55107,21.033371
2027-03-08 00:00:00+00:00,28.968964,37.46778,19.790298
2027-03-09 00:00:00+00:00,29.73152,38.33449,20.547224
2027-03-10 00:00:00+00:00,30.944075,38.5512,23.20415
2027-03-11 00:00:00+00:00,31.356632,39.16791,23.411081
2027-03-12 00:00:00+00:00,30.319185,38.934624,20.768003
2027-03-13 00:00:00+00:00,31.231743,39.701332,22.624933
2027-03-14 00:00:00+00:00,32.494297,40.468044,23.781858
2027-03-15 00:00:00+00:00,32.456856,40.434757,24.838785
2027-03-16 00:00:00+00:00,32.969414,41.65147,22.745714
2027-03-17 00:00:00+00:00,33.081966,41.91818,23.802637
2027-03-18 00:00:00+00:00,32.744522,41.08489,23.809565
2027-03-19 00:00:00+00:00,32.40708,41.8516,22.716492
2027-03-20 00:00:00+00:00,32.169636,42.468307,21.573418
2027-03-21 00:00:00+00:00,32.73219,41.53502,23.080345
2027-03-22 00:00:00+00:00,32.89475,41.05173,25.28727
2027-03-23 00:00:00+00:00,31.507305,41.21844,21.3942
2027-03-24 00:00:00+00:00,32.819862,42.085155,23.951124
2027-03-25 00:00:00+00:00,32.182415,41.15186,22.908052
2027-03-26 00:00:00+00:00,31.194971,40.818573,21.31498
2027-03-27 00:00:00+00:00,32.60753,41.68528,23.771908
2027-03-28 00:00:00+00:00,32.820084,42.25199,23.228832
2027-03-29 00:00:00+00:00,32.98264,42.868702,22.735758
2027-03-30 00:00:00+00:00,32.545197,42.535416,21.242683
2027-03-31 00:00:00+00:00,32.807755,42.30213,23.74961
2027-04-01 00:00:00+00:00,32.620308,41.86884,22.55654
2027-04-02 00:00:00+00:00,29.932863,35.58555,24.713465
2027-04-03 00:00:00+00:00,31.09542,38.202255,24.520391
2027-04-04 00:00:00+00:00,31.657976,39.218964,24.72732
2027-04-05 00:00:00+00:00,30.670532,39.685677,21.984245
2027-04-06 00:00:00+00:00,31.68309,41.35239,20.891172
2027-04-07 00:00:00+00:00,34.245644,44.2191,24.2481
2027-04-08 00:00:00+00:00,32.5582,39.485813,25.405025
2027-04-09 00:00:00+00:00,33.02076,41.25252,24.811953
2027-04-10 00:00:00+00:00,32.833313,42.769234,23.168879
2027-04-11 00:00:00+00:00,33.095863,42.33594,23.625807
2027-04-12 00:00:00+00:00,32.85842,41.15265,25.182734
2027-04-13 00:00:00+00:00,30.67098,38.169365,24.03966
2027-04-14 00:00:00+00:00,30.283535,39.086075,21.096584
2027-04-15 00:00:00+00:00,30.796093,39.252785,22.103514
2027-04-16 00:00:00+00:00,30.508644,38.419495,22.36044
2027-04-17 00:00:00+00:00,30.671204,38.986206,21.817366
2027-04-18 00:00:00+00:00,31.98376,39.552914,23.424294
2027-04-19 00:00:00+00:00,33.846313,42.569626,24.431221
2027-04-20 00:00:00+00:00,33.95887,39.836338,26.688148
2027-04-21 00:00:00+00:00,33.771423,40.953045,26.095074
2027-04-22 00:00:00+00:00,34.03398,41.919758,25.252
2027-04-23 00:00:00+00:00,32.19654,39.436474,24.408926
2027-04-24 00:00:00+00:00,32.509094,40.60318,22.965855
2027-04-25 00:00:00+00:00,33.071648,41.119884,23.722782
2027-04-26 00:00:00+00:00,33.484207,41.286602,24.779707
2027-04-27 00:00:00+00:00,33.346764,41.75331,23.836632
2027-04-28 00:00:00+00:00,33.15932,40.42002,26.14356
2027-04-29 00:00:00+00:00,33.271873,37.38673,29.300488
2027-04-30 00:00:00+00:00,35.53443,42.703445,27.907413
2027-05-01 00:00:00+00:00,36.346985,43.370155,29.21434
2027-05-02 00:00:00+00:00,34.959545,42.986862,26.321266
2027-05-03 00:00:00+00:00,34.4721,43.353577,25.178194
2027-05-04 00:00:00+00:00,34.59008,41.226456,28.303051
2027-05-05 00:00:00+00:00,31.358068,34.49934,28.377907
2027-05-06 00:00:00+00:00,33.426052,42.572235,25.152763
2027-05-07 00:00:00+00:00,32.744034,41.345116,23.07762
2027-05-08 00:00:00+00:00,33.262016,40.618,26.002474
2027-05-09 00:00:00+00:00,32.08001,40.040886,24.077332
2027-05-10 00:00:00+00:00,31.047993,38.76377,22.902187
2027-05-11 00:00:00+00:00,31.665974,39.836655,23.777044
2027-05-12 00:00:00+00:00,32.73396,41.659546,24.5519
2027-05-13 00:00:00+00:00,33.351944,43.08243,23.426758
2027-05-14 00:00:00+00:00,34.119926,42.555313,24.201612
2027-05-15 00:00:00+00:00,34.53791,41.128197,26.776468
2027-05-16 00:00:00+00:00,35.805893,41.801083,30.201326
2027-05-17 00:00:00+00:00,33.77388,41.57397,26.476181
2027-05-18 00:00:00+00:00,34.791862,43.996857,24.851036
2027-05-19 00:00:00+00:00,32.859848,40.81974,23.825893
2027-05-20 00:00:00+00:00,32.727833,40.34262,24.55075
2027-05-21 00:00:00+00:00,32.845818,37.96551,27.175608
2027-05-22 00:00:00+00:00,32.013798,34.688396,29.000463
2027-05-23 00:00:00+00:00,32.881786,38.01128,27.47532
2027-05-24 00:00:00+00:00,33.04977,40.534164,25.400175
2027-05-25 00:00:00+00:00,32.71775,40.60705,24.325033
2027-05-26 00:00:00+00:00,33.58574,41.67994,25.649887
2027-05-27 00:00:00+00:00,32.953724,40.052822,25.624746
2027-05-28 00:00:00+00:00,33.421707,39.975704,27.0496
2027-05-29 00:00:00+00:00,32.73969,39.698593,26.324455
2027-05-30 00:00:00+00:00,33.557674,39.021477,27.699312
2027-05-31 00:00:00+00:00,33.22566,40.34436,26.32417
2027-06-01 00:00:00+00:00,32.74364,40.467247,25.099026
2027-06-02 00:00:00+00:00,31.761631,38.940136,24.473885
2027-06-03 00:00:00+00:00,31.729612,38.36302,25.29874
2027-06-04 00:00:00+00:00,30.897598,38.135906,23.673595
2027-06-05 00:00:00+00:00,31.115582,38.55879,23.098452
2027-06-06 00:00:00+00:00,31.533566,38.83167,23.173307
2027-06-07 00:00:00+00:00,31.851551,38.85456,23.998163
2027-06-08 00:00:00+00:00,32.519535,39.277447,25.523022
2027-06-09 00:00:00+00:00,35.33752,43.20033,25.797876
2027-06-10 00:00:00+00:00,31.505503,35.023216,27.422731
2027-06-11 00:00:00+00:00,30.573486,35.146103,25.79759
2027-06-12 00:00:00+00:00,32.29147,37.56899,26.872444
2027-06-13 00:00:00+00:00,31.409456,38.04187,25.697302
2027-06-14 00:00:00+00:00,30.977438,39.414757,22.672157
2027-06-15 00:00:00+00:00,30.895424,37.38764,24.497013
2027-06-16 00:00:00+00:00,30.113407,36.46053,23.82187
2027-06-17 00:00:00+00:00,29.631392,35.633415,23.246727
2027-06-18 00:00:00+00:00,31.549376,36.9563,25.97158
2027-06-19 00:00:00+00:00,33.367363,38.979183,26.94644
2027-06-20 00:00:00+00:00,33.135345,38.252068,27.321299
2027-06-21 00:00:00+00:00,33.003326,37.074955,28.496151
2027-06-22 00:00:00+00:00,33.271313,40.09784,27.121008
2027-06-23 00:00:00+00:00,33.2893,39.57072,27.645866
2027-06-24 00:00:00+00:00,32.50728,38.79361,26.070719
2027-06-25 00:00:00+00:00,32.975266,37.766495,27.245577
2027-06-26 00:00:00+00:00,31.943249,37.039383,27.120434
2027-06-27 00:00:00+00:00,31.411232,37.562263,25.695293
2027-06-28 00:00:00+00:00,31.729218,39.18515,24.920145
2027-06-29 00:00:00+00:00,31.447205,37.608036,25.345003
2027-06-30 00:00:00+00:00,32.315186,38.18092,26.769861
2027-07-01 00:00:00+00:00,31.583172,37.30381,26.344715
2027-07-02 00:00:00+00:00,31.551157,38.826694,24.819572
2027-07-03 00:00:00+00:00,31.669598,39.347645,24.095516
2027-07-04 00:00:00+00:00,31.34126,37.505074,24.879084
2027-07-05 00:00:00+00:00,28.562918,32.062496,25.462652
2027-07-06 00:00:00+00:00,30.534578,36.319923,24.446217
2027-07-07 00:00:00+00:00,31.956238,39.327354,24.229786
2027-07-08 00:00:00+00:00,32.3779,37.284775,27.213352
2027-07-09 00:00:00+00:00,32.449554,38.0422,27.19692
2027-07-10 00:00:00+00:00,31.971216,38.699623,25.830486
2027-07-11 00:00:00+00:00,29.442873,31.157051,27.714052
2027-07-12 00:00:00+00:00,30.614536,35.66448,25.54762
2027-07-13 00:00:00+00:00,31.436192,37.071907,26.281187
2027-07-14 00:00:00+00:00,31.007854,37.72933,24.564754
2027-07-15 00:00:00+00:00,31.02951,37.336754,25.04832
2027-07-16 00:00:00+00:00,31.701174,38.64418,24.53189
2027-07-17 00:00:00+00:00,29.372831,33.301605,25.665457
2027-07-18 00:00:00+00:00,29.544489,33.559032,26.949022
2027-07-19 00:00:00+00:00,32.11615,38.916454,26.832588
2027-07-20 00:00:00+00:00,34.08781,40.973885,27.266157
2027-07-21 00:00:00+00:00,31.959467,37.281307,27.499722
2027-07-22 00:00:00+00:00,30.131126,34.888737,25.183292
2027-07-23 00:00:00+00:00,29.502789,32.39616,26.16686
2027-07-24 00:00:00+00:00,29.924444,33.903587,26.300425
2027-07-25 00:00:00+00:00,31.546106,36.161015,26.73399
2027-07-26 00:00:00+00:00,32.617767,38.81844,26.817558
2027-07-27 00:00:00+00:00,35.28942,42.525864,27.601128
2027-07-28 00:00:00+00:00,33.661083,39.38329,28.134693
2027-07-29 00:00:00+00:00,32.282745,37.740715,27.318262
2027-07-30 00:00:00+00:00,31.254406,36.64814,26.201826
2027-07-31 00:00:00+00:00,30.876062,35.155563,26.185394
2027-08-01 00:00:00+00:00,31.797722,37.512993,25.718962
2027-08-02 00:00:00+00:00,33.96938,40.87042,27.052528
2027-08-03 00:00:00+00:00,30.84104,36.577843,25.936094
2027-08-04 00:00:00+00:00,30.112701,35.98527,24.619663
2027-08-05 00:00:00+00:00,30.084362,34.792698,24.553228
2027-08-06 00:00:00+00:00,28.856022,31.300121,26.236794
2027-08-07 00:00:00+00:00,29.827679,33.70755,26.520363
2027-08-08 00:00:00+00:00,33.59934,40.064972,25.90393
2027-08-09 00:00:00+00:00,35.321,42.4224,27.087496
2027-08-10 00:00:00+00:00,32.342655,37.129826,28.221064
2027-08-11 00:00:00+00:00,23.614317,24.137249,21.604633
2027-08-12 00:00:00+00:00,26.535973,29.344677,24.038198
2027-08-13 00:00:00+00:00,28.607634,32.752106,25.421764
2027-08-14 00:00:00+00:00,28.729292,32.50953,25.405334
2027-08-15 00:00:00+00:00,24.20095,25.216957,23.888899
2027-08-16 00:00:00+00:00,24.922613,28.27438,23.022469
2027-08-17 00:00:00+00:00,26.544271,30.881805,22.306034
2027-08-18 00:00:00+00:00,29.015932,33.63923,25.9396
2027-08-19 00:00:00+00:00,27.887589,31.846657,24.223171
2027-08-20 00:00:00+00:00,28.609251,32.554085,25.756735
2027-08-21 00:00:00+00:00,27.48091,30.21151,25.540302
2027-08-22 00:00:00+00:00,28.302568,32.768932,25.273867
2027-08-23 00:00:00+00:00,27.17423,29.97636,24.957438
2027-08-24 00:00:00+00:00,30.695887,36.283787,26.491001
2027-08-25 00:00:00+00:00,32.06755,38.041214,27.32457
2027-08-26 00:00:00+00:00,30.639204,35.298637,26.808136
2027-08-27 00:00:00+00:00,30.110867,33.956062,26.841705
2027-08-28 00:00:00+00:00,30.382523,34.86349,26.32527
2027-08-29 00:00:00+00:00,31.154186,38.120914,26.058842
2027-08-30 00:00:00+00:00,31.425846,40.228344,23.392406
2027-08-31 00:00:00+00:00,27.847504,31.235767,24.62597
2027-09-01 00:00:00+00:00,25.819162,30.24319,23.009542
2027-09-02 00:00:00+00:00,29.606594,36.719414,24.004108
2027-09-03 00:00:00+00:00,31.591328,39.60202,25.38168
2027-09-04 00:00:00+00:00,30.22606,35.234634,25.659252
2027-09-05 00:00:00+00:00,30.160799,34.667244,26.086824
2027-09-06 00:00:00+00:00,31.695532,38.29985,25.364399
2027-09-07 00:00:00+00:00,31.280272,36.832462,25.19197
2027-09-08 00:00:00+00:00,23.215004,22.61507,23.469543
2027-09-09 00:00:00+00:00,25.749743,27.49768,24.097116
2027-09-10 00:00:00+00:00,27.984474,33.030285,23.87469
2027-09-11 00:00:00+00:00,31.119211,39.4629,25.40226
2027-09-12 00:00:00+00:00,30.053946,34.195507,26.829832
2027-09-13 00:00:00+00:00,30.73868,35.178116,27.157404
2027-09-14 00:00:00+00:00,30.52342,34.710724,27.534975
2027-09-15 00:00:00+00:00,29.058153,32.393333,26.86255
2027-09-16 00:00:00+00:00,30.94289,38.67594,25.940123
2027-09-17 00:00:00+00:00,30.327625,36.758553,26.267694
2027-09-18 00:00:00+00:00,27.662357,33.49116,22.595268
2027-09-19 00:00:00+00:00,29.447096,33.32377,26.17284
2027-09-20 00:00:00+00:00,29.43183,36.60638,24.60041
2027-09-21 00:00:00+00:00,30.366568,34.188988,27.077986
2027-09-22 00:00:00+00:00,28.351301,29.871597,26.155556
2027-09-23 00:00:00+00:00,30.836035,36.45421,25.88313
2027-09-24 00:00:00+00:00,31.670773,39.686817,25.160702
2027-09-25 00:00:00+00:00,29.755505,34.669426,25.838274
2027-09-26 00:00:00+00:00,31.390247,37.602036,25.115849
2027-09-27 00:00:00+00:00,33.874973,41.084644,26.39342
2027-09-28 00:00:00+00:00,33.85971,40.117256,28.320992
2027-09-29 00:00:00+00:00,31.144447,35.949863,26.648565
2027-09-30 00:00:00+00:00,26.479185,30.382477,24.176138
2027-10-01 00:00:00+00:00,24.26392,25.165081,23.00371
2027-10-02 00:00:00+00:00,23.248655,22.597692,23.38128
2027-10-03 00:00:00+00:00,26.433392,29.680302,23.208855
2027-10-04 00:00:00+00:00,28.568123,34.06291,23.736427
2027-10-05 00:00:00+00:00,29.902864,36.59552,23.914
2027-10-06 00:00:00+00:00,30.587599,37.82813,24.141571
2027-10-07 00:00:00+00:00,30.322334,37.610737,23.469147
2027-10-08 00:00:00+00:00,31.557072,38.14335,25.546717
2027-10-09 00:00:00+00:00,29.491804,32.975956,26.624287
2027-10-10 00:00:00+00:00,28.42654,31.408566,26.651861
2027-10-11 00:00:00+00:00,30.211275,36.291176,26.329437
2027-10-12 00:00:00+00:00,29.99601,32.973785,26.907007
2027-10-13 00:00:00+00:00,30.280746,34.206394,27.484577
2027-10-14 00:00:00+00:00,31.415482,36.789005,25.612152
2027-10-15 00:00:00+00:00,31.85022,37.921608,26.339724
2027-10-16 00:00:00+00:00,31.134953,36.554222,24.967297
2027-10-17 00:00:00+00:00,32.96969,39.83683,25.644869
2027-10-18 00:00:00+00:00,31.854422,38.26944,24.972443
2027-10-19 00:00:00+00:00,31.139156,36.952045,25.150011
2027-10-20 00:00:00+00:00,30.373894,36.434658,23.427586
2027-10-21 00:00:00+00:00,30.45863,36.567265,24.35516
2027-10-22 00:00:00+00:00,31.543367,36.14987,25.882732
2027-10-23 00:00:00+00:00,30.9281,35.432484,25.910305
2027-10-24 00:00:00+00:00,30.462835,36.515095,23.337877
2027-10-25 00:00:00+00:00,30.897573,36.7977,23.665447
2027-10-26 00:00:00+00:00,32.232307,37.330315,25.89302
2027-10-27 00:00:00+00:00,31.967045,38.96292,25.120592
2027-10-28 00:00:00+00:00,32.501778,39.295532,26.148167
2027-10-29 00:00:00+00:00,31.436516,39.37814,23.075739
2027-10-30 00:00:00+00:00,31.521248,38.560757,24.403309
2027-10-31 00:00:00+00:00,31.555986,38.843357,25.330883
2027-11-01 00:00:00+00:00,30.29072,37.325974,22.908457
2027-11-02 00:00:00+00:00,28.117424,35.552647,20.529625
2027-11-03 00:00:00+00:00,27.78075,35.269447,19.940125
2027-11-04 00:00:00+00:00,26.894072,33.93625,18.550621
2027-11-05 00:00:00+00:00,29.407396,36.003044,23.61112
2027-11-06 00:00:00+00:00,29.370718,35.669846,22.921618
2027-11-07 00:00:00+00:00,29.734043,36.18664,23.382114
2027-11-08 00:00:00+00:00,27.947365,33.25344,24.592613
2027-11-09 00:00:00+00:00,27.610691,34.47024,21.653112
2027-11-10 00:00:00+00:00,28.874012,35.837036,21.91361
2027-11-11 00:00:00+00:00,30.487337,37.503838,23.524107
2027-11-12 00:00:00+00:00,31.900658,39.620632,24.434603
2027-11-13 00:00:00+00:00,31.313984,38.68743,24.345102
2027-11-14 00:00:00+00:00,30.527306,38.554234,22.7056
2027-11-15 00:00:00+00:00,30.390629,39.471027,21.016098
2027-11-16 00:00:00+00:00,31.553951,38.83783,25.126595
2027-11-17 00:00:00+00:00,29.917276,37.954628,22.137094
2027-11-18 00:00:00+00:00,28.2806,36.57142,19.347591
2027-11-19 00:00:00+00:00,28.043922,37.188225,18.558088
2027-11-20 00:00:00+00:00,28.657246,37.305023,20.268589
2027-11-21 00:00:00+00:00,28.07057,36.52182,20.079082
2027-11-22 00:00:00+00:00,27.233894,35.938618,18.089582
2027-11-23 00:00:00+00:00,27.047216,35.65542,17.95008
2027-11-24 00:00:00+00:00,27.01054,35.672215,18.16058
2027-11-25 00:00:00+00:00,28.023865,36.839012,19.371077
2027-11-26 00:00:00+00:00,27.387186,35.45581,18.481575
2027-11-27 00:00:00+00:00,28.35051,36.622612,20.04207
2027-11-28 00:00:00+00:00,27.21383,34.63941,20.20257
2027-11-29 00:00:00+00:00,25.977156,33.85621,17.813066
2027-11-30 00:00:00+00:00,26.19048,33.673008,19.273565
2027-12-01 00:00:00+00:00,26.603802,34.689808,17.934063
2027-12-02 00:00:00+00:00,28.267128,36.206604,19.344563
2027-12-03 00:00:00+00:00,29.280449,36.423405,23.105059
2027-12-04 00:00:00+00:00,28.293776,36.9402,19.965555
2027-12-05 00:00:00+00:00,26.807098,34.106995,20.526056
2027-12-06 00:00:00+00:00,26.12042,34.123795,18.536554
2027-12-07 00:00:00+00:00,24.833744,33.2906,16.24705
2027-12-08 00:00:00+00:00,26.047066,34.107395,17.257547
2027-12-09 00:00:00+00:00,28.910389,36.574192,22.918047
2027-12-10 00:00:00+00:00,30.273712,38.54099,23.428543
2027-12-11 00:00:00+00:00,30.087036,38.00779,23.139042
2027-12-12 00:00:00+00:00,29.050358,36.52459,22.99954
2027-12-13 00:00:00+00:00,28.463682,34.84139,22.010038
2027-12-14 00:00:00+00:00,27.227009,30.058186,24.820536
2027-12-15 00:00:00+00:00,27.19033,33.37498,21.781034
2027-12-16 00:00:00+00:00,25.753653,31.391785,21.541533
2027-12-17 00:00:00+00:00,26.316977,33.80858,18.75203
2027-12-18 00:00:00+00:00,26.7803,33.625378,22.562527
2027-12-19 00:00:00+00:00,26.343624,34.242176,19.773026
2027-12-20 00:00:00+00:00,25.606947,33.208977,19.483524
2027-12-21 00:00:00+00:00,24.970268,31.925777,19.444023
2027-12-22 00:00:00+00:00,26.433594,33.64257,20.45452
2027-12-23 00:00:00+00:00,25.296917,30.90937,21.015017
2027-12-24 00:00:00+00:00,25.410242,33.176167,18.425512
2027-12-25 00:00:00+00:00,25.023561,33.49297,17.536013
2027-12-26 00:00:00+00:00,23.786884,30.959766,18.24651
2027-12-27 00:00:00+00:00,23.40021,31.126564,17.557009
2027-12-28 00:00:00+00:00,23.713533,32.293365,15.617506
2027-12-29 00:00:00+00:00,24.226856,33.11016,15.428002
2027-12-30 00:00:00+00:00,22.690178,27.676964,19.538502
2027-12-31 00:00:00+00:00,22.203505,28.99376,15.548998
2028-01-01 00:00:00+00:00,23.516827,30.060555,18.159498
2028-01-02 00:00:00+00:00,22.173359,26.420742,19.363037
2028-01-03 00:00:00+00:00,22.8731,28.424316,18.159613
2028-01-04 00:00:00+00:00,24.422842,30.227886,18.156195
2028-01-05 00:00:00+00:00,27.922583,36.281452,20.552774
2028-01-06 00:00:00+00:00,28.222326,33.985023,24.049356
2028-01-07 00:00:00+00:00,24.822065,29.988598,20.845934
2028-01-08 00:00:00+00:00,24.721807,30.392166,20.392511
2028-01-09 00:00:00+00:00,24.071548,32.395737,16.639095
2028-01-10 00:00:00+00:00,24.521294,32.149307,18.235672
2028-01-11 00:00:00+00:00,24.171032,31.202877,17.232252
2028-01-12 00:00:00+00:00,25.770775,32.456448,20.72883
2028-01-13 00:00:00+00:00,26.370516,34.360016,19.925411
2028-01-14 00:00:00+00:00,25.370256,33.113586,18.971992
2028-01-15 00:00:00+00:00,24.67,32.417164,18.418571
2028-01-16 00:00:00+00:00,24.36974,31.770725,17.46515
2028-01-17 00:00:00+00:00,25.019482,33.7243,17.011732
2028-01-18 00:00:00+00:00,24.969223,32.42787,17.95831
2028-01-19 00:00:00+00:00,24.768963,32.931442,16.604889
2028-01-20 00:00:00+00:00,24.718708,31.285015,17.101469
2028-01-21 00:00:00+00:00,24.518448,30.238586,19.298048
2028-01-22 00:00:00+00:00,26.01819,33.892155,18.844627
2028-01-23 00:00:00+00:00,26.667929,35.595722,17.541208
2028-01-24 00:00:00+00:00,27.417673,36.1993,18.487787
2028-01-25 00:00:00+00:00,27.417414,34.50287,21.334366
2028-01-26 00:00:00+00:00,27.167154,35.556435,18.73095
2028-01-27 00:00:00+00:00,28.066898,33.360004,23.527527
2028-01-28 00:00:00+00:00,28.41664,35.96358,21.724106
2028-01-29 00:00:00+00:00,28.71638,35.017147,23.170685
2028-01-30 00:00:00+00:00,27.66612,34.470722,22.817265
2028-01-31 00:00:00+00:00,25.86586,32.42429,20.063845
2028-02-01 00:00:00+00:00,26.515604,31.977863,20.710424
2028-02-02 00:00:00+00:00,25.915346,29.981432,21.557003
2028-02-03 00:00:00+00:00,24.365088,30.285,19.703585
2028-02-04 00:00:00+00:00,24.56483,28.98857,19.650164
2028-02-05 00:00:00+00:00,25.41457,29.74214,20.346743
2028-02-06 00:00:00+00:00,27.564312,35.195713,20.343325
2028-02-07 00:00:00+00:00,27.764053,35.599285,20.5399
2028-02-08 00:00:00+00:00,28.413794,36.552856,19.836481
2028-02-09 00:00:00+00:00,29.463535,38.306427,20.683062
2028-02-10 00:00:00+00:00,29.713278,38.51,20.279638
2028-02-11 00:00:00+00:00,29.91302,37.56357,22.576221
2028-02-12 00:00:00+00:00,29.562763,37.867138,20.872799
2028-02-13 00:00:00+00:00,30.262503,37.77071,22.869379
2028-02-14 00:00:00+00:00,28.362244,36.124275,20.715961
2028-02-15 00:00:00+00:00,28.961985,36.02785,21.262539
2028-02-16 00:00:00+00:00,29.211727,35.931423,21.409119
2028-02-17 00:00:00+00:00,30.211468,36.18499,24.9057
2028-02-18 00:00:00+00:00,27.96121,33.23856,22.802277
2028-02-19 00:00:00+00:00,27.410954,35.19213,20.148859
2028-02-20 00:00:00+00:00,28.160694,36.595703,20.095436
2028-02-21 00:00:00+00:00,30.260437,39.24927,22.042019
2028-02-22 00:00:00+00:00,30.060175,39.25284,21.438597
2028-02-23 00:00:00+00:00,30.659916,39.856415,22.685177
2028-02-24 00:00:00+00:00,29.10966,37.909985,20.131758
2028-02-25 00:00:00+00:00,29.3594,39.563557,19.128336
2028-02-26 00:00:00+00:00,29.459143,40.067127,18.574915
2028-02-27 00:00:00+00:00,29.058884,38.370697,19.521496
2028-02-28 00:00:00+00:00,30.158627,39.17427,20.218073
2028-02-29 00:00:00+00:00,30.208364,39.177834,20.214653
2028-03-01 00:00:00+00:00,31.658106,40.681408,23.061234
2028-03-02 00:00:00+00:00,31.35785,41.034977,20.457813
2028-03-03 00:00:00+00:00,30.715601,40.696766,19.71086
2028-03-04 00:00:00+00:00,30.678156,40.91347,20.367785
2028-03-05 00:00:00+00:00,30.190712,40.08018,20.224714
2028-03-06 00:00:00+00:00,30.653267,39.146896,22.43164
2028-03-07 00:00:00+00:00,30.915825,39.063602,22.738567
2028-03-08 00:00:00+00:00,30.72838,38.28031,22.995493
2028-03-09 00:00:00+00:00,29.740938,37.74703,21.70242
2028-03-10 00:00:00+00:00,29.803492,38.063736,21.059347
2028-03-11 00:00:00+00:00,30.066048,38.530445,21.166275
2028-03-12 00:00:00+00:00,30.928604,39.147156,22.3232
2028-03-13 00:00:00+00:00,30.19116,38.51387,21.130127
2028-03-14 00:00:00+00:00,29.953718,37.930573,21.187054
2028-03-15 00:00:00+00:00,30.316273,38.147293,21.99398
2028-03-16 00:00:00+00:00,30.228828,37.814003,22.850908
2028-03-17 00:00:00+00:00,31.491385,39.38071,24.057833
2028-03-18 00:00:00+00:00,33.75394,41.147423,25.364761
2028-03-19 00:00:00+00:00,33.316498,40.16413,25.571688
2028-03-20 00:00:00+00:00,33.279053,39.53084,27.778614
2028-03-21 00:00:00+00:00,28.091608,29.447556,26.68554
2028-03-22 00:00:00+00:00,29.154165,34.114265,25.142467
2028-03-23 00:00:00+00:00,29.96672,35.230976,24.749393
2028-03-24 00:00:00+00:00,29.629276,35.147682,23.906322
2028-03-25 00:00:00+00:00,26.14183,28.864395,22.013248
2028-03-26 00:00:00+00:00,27.754389,35.431103,20.070175
2028-03-27 00:00:00+00:00,28.316944,35.447815,21.027103
2028-03-28 00:00:00+00:00,29.6795,37.31453,21.434029
2028-03-29 00:00:00+00:00,32.192055,39.181236,25.290955
2028-03-30 00:00:00+00:00,33.05461,40.14795,26.497879
2028-03-31 00:00:00+00:00,32.56717,40.764656,24.054808
2028-04-01 00:00:00+00:00,31.879726,39.68137,23.561733
2028-04-02 00:00:00+00:00,28.542282,37.098083,19.81866
2028-04-03 00:00:00+00:00,27.554836,36.26479,18.475588
2028-04-04 00:00:00+00:00,28.367392,37.081497,19.832516
2028-04-05 00:00:00+00:00,28.92995,36.59821,21.089441
2028-04-06 00:00:00+00:00,30.892504,38.764923,22.496367
2028-04-07 00:00:00+00:00,32.255062,39.631634,24.803293
2028-04-08 00:00:00+00:00,31.717619,39.048344,23.910221
2028-04-09 00:00:00+00:00,32.83017,39.865055,24.717148
2028-04-10 00:00:00+00:00,32.692726,40.131763,24.974075
2028-04-11 00:00:00+00:00,31.955282,40.548473,23.031002
2028-04-12 00:00:00+00:00,32.31784,41.165184,22.487926
2028-04-13 00:00:00+00:00,33.480396,42.2819,23.694855
2028-04-14 00:00:00+00:00,33.742954,42.89861,24.10178
2028-04-15 00:00:00+00:00,33.90551,42.51532,24.608707
2028-04-16 00:00:00+00:00,32.218063,40.43203,23.315638
2028-04-17 00:00:00+00:00,30.180622,35.94874,22.52256
2028-04-18 00:00:00+00:00,30.843178,38.465446,22.629488
2028-04-19 00:00:00+00:00,30.605734,38.482155,21.986416
2028-04-20 00:00:00+00:00,31.868288,39.398872,23.343344
2028-04-21 00:00:00+00:00,30.930845,39.065582,22.150269
2028-04-22 00:00:00+00:00,32.3434,40.482292,23.057194
2028-04-23 00:00:00+00:00,33.955956,42.349003,24.614124
2028-04-24 00:00:00+00:00,32.468513,40.11571,24.471048
2028-04-25 00:00:00+00:00,30.531067,37.432423,22.727976
2028-04-26 00:00:00+00:00,30.193626,36.94913,22.784903
2028-04-27 00:00:00+00:00,30.50618,37.66584,23.241829
2028-04-28 00:00:00+00:00,32.268738,40.182556,23.648754
2028-04-29 00:00:00+00:00,33.58129,40.349262,25.055683
2028-04-30 00:00:00+00:00,36.193855,42.315983,29.06261
2028-05-01 00:00:00+00:00,35.456406,42.932686,27.419535
2028-05-02 00:00:00+00:00,34.318962,42.749397,25.126461
2028-05-03 00:00:00+00:00,34.048088,42.033234,25.109335
2028-05-04 00:00:00+00:00,34.016075,42.456127,24.884192
2028-05-05 00:00:00+00:00,33.68406,42.229008,24.55905
2028-05-06 00:00:00+00:00,33.00204,41.401894,23.533905
2028-05-07 00:00:00+00:00,32.070023,40.67478,23.258759
2028-05-08 00:00:00+00:00,33.13801,42.597664,22.933619
2028-05-09 00:00:00+00:00,33.505997,42.870552,23.058472
2028-05-10 00:00:00+00:00,33.723976,43.143436,24.283329
2028-05-11 00:00:00+00:00,33.14196,43.066322,22.258184
2028-05-12 00:00:00+00:00,32.809944,41.43921,23.733042
2028-05-13 00:00:00+00:00,32.177933,42.11209,21.307898
2028-05-14 00:00:00+00:00,33.145912,41.934975,23.982756
2028-05-15 00:00:00+00:00,31.913898,42.107864,20.857613
2028-05-16 00:00:00+00:00,30.781883,38.580746,22.832468
2028-05-17 00:00:00+00:00,31.44987,40.50363,22.657324
2028-05-18 00:00:00+00:00,32.017853,42.12652,22.232182
2028-05-19 00:00:00+00:00,32.985836,43.499405,22.107037
2028-05-20 00:00:00+00:00,34.30382,44.12229,23.981892
2028-05-21 00:00:00+00:00,35.221806,42.49517,27.306751
2028-05-22 00:00:00+00:00,33.08979,38.51806,27.081608
2028-05-23 00:00:00+00:00,33.357773,41.990944,25.20646
2028-05-24 00:00:00+00:00,32.725758,40.96383,24.931318
2028-05-25 00:00:00+00:00,32.493744,40.486717,25.606176
2028-05-26 00:00:00+00:00,31.711727,39.8596,23.931034
2028-05-27 00:00:00+00:00,31.32971,38.382484,24.355886
2028-05-28 00:00:00+00:00,31.847696,39.50537,24.780745
2028-05-29 00:00:00+00:00,32.66568,40.178257,25.0556
2028-05-30 00:00:00+00:00,32.78366,39.901142,25.430456
2028-05-31 00:00:00+00:00,33.501648,39.224026,27.255312
2028-06-01 00:00:00+00:00,31.819633,36.94691,25.980167
2028-06-02 00:00:00+00:00,34.837616,41.7698,27.255026
2028-06-03 00:00:00+00:00,37.205605,44.39268,29.37988
2028-06-04 00:00:00+00:00,34.423584,39.515568,29.754738
2028-06-05 00:00:00+00:00,33.64157,39.738453,26.979591
2028-06-06 00:00:00+00:00,33.509552,41.361336,25.804451
2028-06-07 00:00:00+00:00,31.877539,38.88423,24.479305
2028-06-08 00:00:00+00:00,32.895523,39.007107,27.054163
2028-06-09 00:00:00+00:00,33.913506,41.429993,26.279018
2028-06-10 00:00:00+00:00,34.131493,43.502876,24.653873
2028-06-11 00:00:00+00:00,32.94948,39.925766,24.778732
2028-06-12 00:00:00+00:00,31.417461,37.298653,25.65359
2028-06-13 00:00:00+00:00,30.235443,35.72154,24.978445
2028-06-14 00:00:00+00:00,26.853426,30.19442,23.6033
2028-06-15 00:00:00+00:00,32.22141,38.01731,25.928158
2028-06-16 00:00:00+00:00,32.839397,38.740192,26.653015
2028-06-17 00:00:00+00:00,31.957378,38.213078,26.42787
2028-06-18 00:00:00+00:00,30.975365,37.935963,24.402723
2028-06-19 00:00:00+00:00,30.593348,37.958847,23.727583
2028-06-20 00:00:00+00:00,30.16133,37.331738,23.452438
2028-06-21 00:00:00+00:00,29.57932,34.954617,23.777294
2028-06-22 00:00:00+00:00,29.8473,35.327503,24.352152
2028-06-23 00:00:00+00:00,30.365286,37.100388,23.777008
2028-06-24 00:00:00+00:00,32.48327,41.823273,23.151863
2028-06-25 00:00:00+00:00,32.301254,36.696156,28.07672
2028-06-26 00:00:00+00:00,30.769238,35.769047,25.751575
2028-06-27 00:00:00+00:00,30.187222,36.24193,24.276434
2028-06-28 00:00:00+00:00,29.555206,36.214817,23.151289
2028-06-29 00:00:00+00:00,29.473192,35.987698,22.676144
2028-06-30 00:00:00+00:00,28.791174,34.310585,23.201002
2028-07-01 00:00:00+00:00,29.70916,36.18347,22.67586
2028-07-02 00:00:00+00:00,28.677143,33.656357,22.350712
2028-07-03 00:00:00+00:00,31.398342,38.665718,24.233194
2028-07-04 00:00:00+00:00,32.020004,37.123142,26.56676
2028-07-05 00:00:00+00:00,29.641663,32.580566,26.350327
2028-07-06 00:00:00+00:00,30.313322,34.58799,25.433895
2028-07-07 00:00:00+00:00,31.584978,37.195415,25.617458
2028-07-08 00:00:00+00:00,30.906643,36.55284,25.451029
2028-07-09 00:00:00+00:00,30.678299,38.01027,24.334595
2028-07-10 00:00:00+00:00,29.94996,36.417694,24.118162
2028-07-11 00:00:00+00:00,30.171616,36.97512,23.301727
2028-07-12 00:00:00+00:00,30.29328,38.282547,23.735296
2028-07-13 00:00:00+00:00,28.964937,34.289974,23.468864
2028-07-14 00:00:00+00:00,30.336596,35.597397,25.00243
2028-07-15 00:00:00+00:00,30.308254,36.30482,24.535997
2028-07-16 00:00:00+00:00,30.979918,38.01225,23.869562
2028-07-17 00:00:00+00:00,31.451574,38.019676,25.103128
2028-07-18 00:00:00+00:00,29.573235,33.4771,25.786697
2028-07-19 00:00:00+00:00,30.544895,36.134525,24.720266
2028-07-20 00:00:00+00:00,30.466553,36.591953,24.35383
2028-07-21 00:00:00+00:00,30.588211,39.24938,22.3374
2028-07-22 00:00:00+00:00,30.709875,38.3068,23.070967
2028-07-23 00:00:00+00:00,30.331528,34.31423,26.204535
2028-07-24 00:00:00+00:00,28.753191,32.77166,25.7381
2028-07-25 00:00:00+00:00,29.87485,34.479084,24.721668
2028-07-26 00:00:00+00:00,31.296509,36.736507,26.405233
2028-07-27 00:00:00+00:00,27.36817,30.793934,24.9888
2028-07-28 00:00:00+00:00,29.38983,35.15136,24.572369
2028-07-29 00:00:00+00:00,31.31149,39.208782,23.305935
2028-07-30 00:00:00+00:00,30.883146,37.06621,24.9395
2028-07-31 00:00:00+00:00,28.404808,30.123638,26.223066
2028-08-01 00:00:00+00:00,23.576466,25.731064,21.806637
2028-08-02 00:00:00+00:00,25.648127,27.938488,23.190203
2028-08-03 00:00:00+00:00,27.469784,31.04591,24.323769
2028-08-04 00:00:00+00:00,30.141445,36.353344,24.90734
2028-08-05 00:00:00+00:00,30.263102,35.410767,25.890905
2028-08-06 00:00:00+00:00,30.684761,35.768192,26.524471
2028-08-07 00:00:00+00:00,30.906424,35.92562,26.55804
2028-08-08 00:00:00+00:00,30.378078,35.883045,26.241606
2028-08-09 00:00:00+00:00,29.349741,34.240467,25.175173
2028-08-10 00:00:00+00:00,29.071398,33.397892,25.50874
2028-08-11 00:00:00+00:00,25.59306,27.20532,24.492308
2028-08-12 00:00:00+00:00,24.464718,26.512749,23.375874
2028-08-13 00:00:00+00:00,27.18638,30.62017,24.259441
2028-08-14 00:00:00+00:00,29.00804,34.3776,24.793007
2028-08-15 00:00:00+00:00,29.3297,34.385025,25.126572
2028-08-16 00:00:00+00:00,25.451359,28.29245,24.260143
2028-08-17 00:00:00+00:00,26.473015,30.349876,23.343708
2028-08-18 00:00:00+00:00,27.344677,30.257301,24.977276
2028-08-19 00:00:00+00:00,29.366333,33.714725,25.760843
2028-08-20 00:00:00+00:00,30.137997,36.07215,25.544409
2028-08-21 00:00:00+00:00,31.659657,38.929577,26.777977
2028-08-22 00:00:00+00:00,29.781311,37.537006,22.961546
2028-08-23 00:00:00+00:00,29.202972,34.09443,24.74511
2028-08-24 00:00:00+00:00,29.07463,34.20186,24.978678
2028-08-25 00:00:00+00:00,27.84629,33.009285,24.062244
2028-08-26 00:00:00+00:00,26.917953,31.616707,23.145813
2028-08-27 00:00:00+00:00,29.33961,34.474133,24.529377
2028-08-28 00:00:00+00:00,30.81127,37.58156,25.262947
2028-08-29 00:00:00+00:00,30.832926,37.93898,24.696512
2028-08-30 00:00:00+00:00,28.10459,32.89641,26.28008
2028-08-31 00:00:00+00:00,27.226244,29.853832,24.463648
2028-09-01 00:00:00+00:00,27.997908,30.461262,25.697214
2028-09-02 00:00:00+00:00,27.63264,29.043865,25.924788
2028-09-03 00:00:00+00:00,28.967379,32.726482,25.35236
2028-09-04 00:00:00+00:00,27.752111,31.559086,24.429932
2028-09-05 00:00:00+00:00,30.63685,35.0417,27.157507
2028-09-06 00:00:00+00:00,30.371584,35.874306,25.935074
2028-09-07 00:00:00+00:00,30.10632,36.206917,24.91265
2028-09-08 00:00:00+00:00,31.591057,38.539524,25.29022
2028-09-09 00:00:00+00:00,30.82579,36.072136,25.617794
2028-09-10 00:00:00+00:00,27.31053,29.854744,24.695366
2028-09-11 00:00:00+00:00,27.145262,31.737354,24.32294
2028-09-12 00:00:00+00:00,23.579998,24.769966,23.15051
2028-09-13 00:00:00+00:00,25.614733,28.602573,23.578085
2028-09-14 00:00:00+00:00,28.599468,33.085182,24.855658
2028-09-15 00:00:00+00:00,30.484203,37.417793,24.983227
2028-09-16 00:00:00+00:00,28.118938,31.100399,26.710802
2028-09-17 00:00:00+00:00,28.703674,31.98301,25.888372
2028-09-18 00:00:00+00:00,30.28841,35.865616,25.565945
2028-09-19 00:00:00+00:00,32.323147,39.398228,26.093517
2028-09-20 00:00:00+00:00,32.057884,36.980835,27.371092
2028-09-21 00:00:00+00:00,30.742619,34.213444,27.748665
2028-09-22 00:00:00+00:00,30.327354,34.246056,26.526237
2028-09-23 00:00:00+00:00,30.362087,34.228664,25.903809
2028-09-24 00:00:00+00:00,30.996822,34.261276,27.781382
2028-09-25 00:00:00+00:00,30.631557,36.093884,26.008953
2028-09-26 00:00:00+00:00,32.116295,38.326492,26.336527
2028-09-27 00:00:00+00:00,32.20103,36.359104,28.164099
2028-09-28 00:00:00+00:00,30.335766,33.041714,27.89167
2028-09-29 00:00:00+00:00,32.870502,38.874317,27.269245
2028-09-30 00:00:00+00:00,33.35524,39.356934,27.646816
2028-10-01 00:00:00+00:00,32.189972,37.53954,26.224388
2028-10-02 00:00:00+00:00,31.674707,36.922146,27.05196
2028-10-03 00:00:00+00:00,31.409443,37.404762,25.579533
2028-10-04 00:00:00+00:00,34.344177,40.437366,26.607107
2028-10-05 00:00:00+00:00,33.728916,38.46998,29.184679
2028-10-06 00:00:00+00:00,31.76365,35.452583,28.162249
2028-10-07 00:00:00+00:00,32.248383,38.085197,26.789824
2028-10-08 00:00:00+00:00,32.48312,40.4678,25.517397
2028-10-09 00:00:00+00:00,31.617857,38.400417,24.744967
2028-10-10 00:00:00+00:00,32.65259,37.48302,27.07254
2028-10-11 00:00:00+00:00,29.787327,32.31563,27.700115
2028-10-12 00:00:00+00:00,30.372063,35.14824,25.977686
2028-10-13 00:00:00+00:00,29.956797,34.480854,24.855259
2028-10-14 00:00:00+00:00,32.641533,37.163456,27.73283
2028-10-15 00:00:00+00:00,32.67627,38.496067,26.210403
2028-10-16 00:00:00+00:00,32.311005,38.278675,26.037973
2028-10-17 00:00:00+00:00,31.845737,36.061283,27.665548
2028-10-18 00:00:00+00:00,32.680477,36.643898,27.643122
2028-10-19 00:00:00+00:00,33.21521,38.126503,26.920692
2028-10-20 00:00:00+00:00,33.749947,39.459114,26.398266
2028-10-21 00:00:00+00:00,32.034683,40.191723,23.225838
2028-10-22 00:00:00+00:00,32.11942,39.574333,24.35341
2028-10-23 00:00:00+00:00,32.954155,37.506943,27.580984
2028-10-24 00:00:00+00:00,30.088888,33.98955,25.708557
2028-10-25 00:00:00+00:00,31.023624,36.87216,24.186129
2028-10-26 00:00:00+00:00,31.50836,36.004772,26.7137
2028-10-27 00:00:00+00:00,30.143095,35.03738,24.441275
2028-10-28 00:00:00+00:00,31.227829,36.46999,24.918844
2028-10-29 00:00:00+00:00,30.712566,35.7026,25.54642
2028-10-30 00:00:00+00:00,31.2973,37.83521,24.523993
2028-10-31 00:00:00+00:00,32.932037,40.217815,25.701561
2028-11-01 00:00:00+00:00,31.914097,39.59845,24.427002
2028-11-02 00:00:00+00:00,30.527418,39.21525,23.037498
2028-11-03 00:00:00+00:00,29.240744,37.982044,20.847998
2028-11-04 00:00:00+00:00,29.954063,38.498844,22.208494
2028-11-05 00:00:00+00:00,29.717388,37.215645,22.41899
2028-11-06 00:00:00+00:00,26.730711,31.83244,22.179491
2028-11-07 00:00:00+00:00,27.094036,30.499245,22.739988
2028-11-08 00:00:00+00:00,26.707357,31.016037,23.750486
2028-11-09 00:00:00+00:00,28.920683,34.482838,21.810982
2028-11-10 00:00:00+00:00,31.984003,37.599636,26.521484
2028-11-11 00:00:00+00:00,31.047329,36.616436,25.93198
2028-11-12 00:00:00+00:00,29.960651,36.633232,23.592476
2028-11-13 00:00:00+00:00,28.373978,34.60003,21.702976
2028-11-14 00:00:00+00:00,27.937298,32.96683,22.413471
2028-11-15 00:00:00+00:00,29.350624,34.58363,23.623972
2028-11-16 00:00:00+00:00,29.813946,35.000427,24.33447
2028-11-17 00:00:00+00:00,29.92727,34.817223,25.094967
2028-11-18 00:00:00+00:00,28.790592,34.684025,23.255465
2028-11-19 00:00:00+00:00,27.903917,34.10082,22.465961
2028-11-20 00:00:00+00:00,27.417238,34.61762,19.82646
2028-11-21 00:00:00+00:00,28.430563,36.38442,20.436958
2028-11-22 00:00:00+00:00,28.293884,36.60122,18.897457
2028-11-23 00:00:00+00:00,28.357208,36.018017,20.707954
2028-11-24 00:00:00+00:00,28.32053,35.584816,21.21845
2028-11-25 00:00:00+00:00,26.433855,33.001614,19.82895
2028-11-26 00:00:00+00:00,25.197178,32.468407,17.639448
2028-11-27 00:00:00+00:00,26.160503,34.435207,18.049944
2028-11-28 00:00:00+00:00,27.373825,35.30201,18.710443
2028-11-29 00:00:00+00:00,27.98715,34.56881,21.470943
2028-11-30 00:00:00+00:00,28.050472,35.33561,20.781439
2028-12-01 00:00:00+00:00,28.113796,35.65241,20.591936
2028-12-02 00:00:00+00:00,27.377121,35.4192,19.952435
2028-12-03 00:00:00+00:00,26.190443,34.686,17.86293
2028-12-04 00:00:00+00:00,26.703766,35.1528,18.023432
2028-12-05 00:00:00+00:00,27.367088,35.519596,19.783932
2028-12-06 00:00:00+00:00,26.930412,35.186394,18.344425
2028-12-07 00:00:00+00:00,27.543734,35.203197,20.054924
2028-12-08 00:00:00+00:00,26.207058,32.36999,20.815424
2028-12-09 00:00:00+00:00,25.820381,32.98679,19.07592
2028-12-10 00:00:00+00:00,26.133705,33.50359,19.186417
2028-12-11 00:00:00+00:00,25.64703,30.670391,22.296915
2028-12-12 00:00:00+00:00,23.71035,28.487188,19.357416
2028-12-13 00:00:00+00:00,23.823677,30.203983,17.867912
2028-12-14 00:00:00+00:00,23.586998,27.420784,20.728407
2028-12-15 00:00:00+00:00,24.200323,33.08758,16.388908
2028-12-16 00:00:00+00:00,24.413645,33.60438,16.199406
2028-12-17 00:00:00+00:00,24.476969,32.67118,17.909904
2028-12-18 00:00:00+00:00,24.490294,32.587975,19.170403
2028-12-19 00:00:00+00:00,24.503614,32.804775,17.730898
2028-12-20 00:00:00+00:00,24.316938,31.921577,16.541397
2028-12-21 00:00:00+00:00,26.48026,33.788372,19.301893
2028-12-22 00:00:00+00:00,23.593586,28.755173,19.36239
2028-12-23 00:00:00+00:00,23.15691,31.321968,15.672889
2028-12-24 00:00:00+00:00,23.420233,32.838768,14.433387
2028-12-25 00:00:00+00:00,24.083555,33.655567,14.743883
2028-12-26 00:00:00+00:00,25.49688,35.172363,15.604383
2028-12-27 00:00:00+00:00,27.160202,36.339165,18.86488
2028-12-28 00:00:00+00:00,28.273527,36.155964,20.775381
2028-12-29 00:00:00+00:00,28.736849,35.622757,23.885876
2028-12-30 00:00:00+00:00,27.450174,33.98956,20.446377
2028-12-31 00:00:00+00:00,26.213495,32.40636,20.456873
2029-01-01 00:00:00+00:00,25.273424,32.219845,18.713892
2029-01-02 00:00:00+00:00,24.173166,31.773418,17.76047
2029-01-03 00:00:00+00:00,23.872904,32.82699,15.557049
2029-01-04 00:00:00+00:00,25.722647,34.880566,16.853628
2029-01-05 00:00:00+00:00,28.07239,36.33413,21.750208
2029-01-06 00:00:00+00:00,27.922132,36.8377,19.59679
2029-01-07 00:00:00+00:00,27.221872,35.141273,21.193369
2029-01-08 00:00:00+00:00,26.071613,33.194843,18.98995
2029-01-09 00:00:00+00:00,26.771355,34.548412,19.536528
2029-01-10 00:00:00+00:00,27.421099,36.751984,18.583107
2029-01-11 00:00:00+00:00,26.520842,36.255558,17.429688
2029-01-12 00:00:00+00:00,25.72058,34.559124,18.176268
2029-01-13 00:00:00+00:00,25.070322,34.762695,16.772846
2029-01-14 00:00:00+00:00,25.120064,34.616264,17.069426
2029-01-15 00:00:00+00:00,25.469807,34.119835,18.916006
2029-01-16 00:00:00+00:00,25.519547,34.123405,19.212585
2029-01-17 00:00:00+00:00,25.269289,34.676983,17.159164
2029-01-18 00:00:00+00:00,25.469028,34.53055,17.605743
2029-01-19 00:00:00+00:00,26.01877,35.58412,17.202326
2029-01-20 00:00:00+00:00,26.768515,36.137688,17.648903
2029-01-21 00:00:00+00:00,25.468252,30.241264,19.645483
2029-01-22 00:00:00+00:00,27.817995,33.84483,22.942062
2029-01-23 00:00:00+00:00,26.667738,35.398403,18.538643
2029-01-24 00:00:00+00:00,26.31748,35.80197,17.235224
2029-01-25 00:00:00+00:00,26.567219,36.005543,17.581802
2029-01-26 00:00:00+00:00,26.716963,36.40911,16.978382
2029-01-27 00:00:00+00:00,27.116701,37.16268,17.374962
2029-01-28 00:00:00+00:00,27.366444,36.016254,17.12154
2029-01-29 00:00:00+00:00,28.466187,34.869823,23.16812
2029-01-30 00:00:00+00:00,26.765926,34.123398,21.1647
2029-01-31 00:00:00+00:00,27.115667,35.02697,20.76128
2029-02-01 00:00:00+00:00,26.065413,31.430538,21.907858
2029-02-02 00:00:00+00:00,25.365152,31.384106,19.75444
2029-02-03 00:00:00+00:00,25.814894,34.087677,16.451015
2029-02-04 00:00:00+00:00,27.064634,34.34125,19.147598
2029-02-05 00:00:00+00:00,26.514378,32.04482,21.244177
2029-02-06 00:00:00+00:00,27.014118,34.498394,20.990757
2029-02-07 00:00:00+00:00,28.413858,36.401962,21.237337
2029-02-08 00:00:00+00:00,27.4636,35.80553,18.783916
2029-02-09 00:00:00+00:00,27.463343,34.559105,21.180496
2029-02-10 00:00:00+00:00,26.713085,34.062675,19.727076
2029-02-11 00:00:00+00:00,26.762829,33.616245,18.623655
2029-02-12 00:00:00+00:00,28.112564,34.269814,22.170235
2029-02-13 00:00:00+00:00,28.762308,36.42338,20.516815
2029-02-14 00:00:00+00:00,28.46205,36.126957,23.263395
2029-02-15 00:00:00+00:00,25.86179,32.380527,21.259974
2029-02-16 00:00:00+00:00,27.711533,36.0341,18.856554
2029-02-17 00:00:00+00:00,29.361275,37.08767,21.603134
2029-02-18 00:00:00+00:00,29.761019,37.29124,20.949713
2029-02-19 00:00:00+00:00,31.410755,38.64481,26.546293
2029-02-20 00:00:00+00:00,30.5605,38.54838,22.292871
2029-02-21 00:00:00+00:00,30.96024,39.20195,23.889452
2029-02-22 00:00:00+00:00,31.10998,39.555523,23.036032
2029-02-23 00:00:00+00:00,31.609724,40.659092,21.582611
2029-02-24 00:00:00+00:00,31.459465,40.162666,22.429192
2029-02-25 00:00:00+00:00,30.559208,38.26623,21.925772
2029-02-26 00:00:00+00:00,29.608948,37.269802,21.97235
2029-02-27 00:00:00+00:00,30.00869,38.523373,21.56893
2029-02-28 00:00:00+00:00,31.708431,41.226944,22.31551
2029-03-01 00:00:00+00:00,32.40817,41.53051,25.512089
2029-03-02 00:00:00+00:00,30.957914,39.834087,23.408669
2029-03-03 00:00:00+00:00,32.06246,41.042583,23.809128
2029-03-04 00:00:00+00:00,31.675016,39.55929,25.416056
2029-03-05 00:00:00+00:00,31.187572,39.976006,23.52298
2029-03-06 00:00:00+00:00,31.000128,39.592716,22.929907
2029-03-07 00:00:00+00:00,31.362686,39.759426,24.036837
2029-03-08 00:00:00+00:00,31.325243,40.52614,23.043762
2029-03-09 00:00:00+00:00,29.637796,38.59285,20.350689
2029-03-10 00:00:00+00:00,31.850355,41.159554,22.807615
2029-03-11 00:00:00+00:00,31.61291,40.47627,22.21454
2029-03-12 00:00:00+00:00,31.275465,40.442978,22.17147
2029-03-13 00:00:00+00:00,31.788023,40.55969,23.378395
2029-03-14 00:00:00+00:00,31.40058,39.8764,23.485323
2029-03-15 00:00:00+00:00,30.563135,39.44311,21.292248
2029-03-16 00:00:00+00:00,29.67569,38.909824,20.549173
2029-03-17 00:00:00+00:00,30.338247,38.876534,21.3561
2029-03-18 00:00:00+00:00,29.750801,36.793243,22.46303
2029-03-19 00:00:00+00:00,30.36336,38.609955,21.819954
2029-03-20 00:00:00+00:00,30.375914,38.826664,21.626883
2029-03-21 00:00:00+00:00,30.78847,39.943375,21.433807
2029-03-22 00:00:00+00:00,32.051025,40.060085,23.340734
2029-03-23 00:00:00+00:00,32.61358,39.4768,24.94766
2029-03-24 00:00:00+00:00,31.426138,38.943512,23.354588
2029-03-25 00:00:00+00:00,32.93869,40.910217,24.711515
2029-03-26 00:00:00+00:00,32.30125,41.026928,23.168442
2029-03-27 00:00:00+00:00,29.813805,36.193638,23.025372
2029-03-28 00:00:00+00:00,31.07636,37.51035,24.682297
2029-03-29 00:00:00+00:00,32.08892,38.477062,24.789223
2029-03-30 00:00:00+00:00,31.751474,36.293774,27.696148
2029-03-31 00:00:00+00:00,31.06403,38.110485,24.803074
2029-04-01 00:00:00+00:00,32.376587,41.377193,22.810001
2029-04-02 00:00:00+00:00,33.78914,42.3939,25.416927
2029-04-03 00:00:00+00:00,35.151695,43.71061,27.273855
2029-04-04 00:00:00+00:00,34.164253,42.27732,26.480783
2029-04-05 00:00:00+00:00,32.32681,41.744034,22.48771
2029-04-06 00:00:00+00:00,31.539364,40.360744,22.244637
2029-04-07 00:00:00+00:00,30.451923,38.52746,22.801561
2029-04-08 00:00:00+00:00,31.314478,39.794163,22.25849
2029-04-09 00:00:00+00:00,31.527033,40.110878,22.365417
2029-04-10 00:00:00+00:00,32.339584,41.127586,23.022343
2029-04-11 00:00:00+00:00,33.65214,43.194294,23.32927
2029-04-12 00:00:00+00:00,36.664703,43.861004,28.136198
2029-04-13 00:00:00+00:00,37.47726,44.02772,30.643124
2029-04-14 00:00:00+00:00,34.93981,42.994427,27.500048
2029-04-15 00:00:00+00:00,33.35237,41.16114,25.506975
2029-04-16 00:00:00+00:00,33.464924,41.027847,26.413904
2029-04-17 00:00:00+00:00,32.327484,39.19456,25.620829
2029-04-18 00:00:00+00:00,31.890038,39.611275,23.577757
2029-04-19 00:00:00+00:00,33.102592,43.32798,23.034683
2029-04-20 00:00:00+00:00,33.66515,42.544693,24.39161
2029-04-21 00:00:00+00:00,32.527702,39.011402,24.848534
2029-04-22 00:00:00+00:00,33.590263,41.078117,25.355465
2029-04-23 00:00:00+00:00,34.902817,43.294827,24.96239
2029-04-24 00:00:00+00:00,35.415375,43.111534,27.719318
2029-04-25 00:00:00+00:00,34.42793,41.72825,26.376244
2029-04-26 00:00:00+00:00,35.190487,43.194954,27.78317
2029-04-27 00:00:00+00:00,32.55304,38.411667,26.690096
2029-04-28 00:00:00+00:00,29.915596,35.078377,23.997025
2029-04-29 00:00:00+00:00,32.478153,37.745083,25.953949
2029-04-30 00:00:00+00:00,33.14071,38.011795,28.260878
2029-05-01 00:00:00+00:00,34.503265,41.428513,26.117804
2029-05-02 00:00:00+00:00,35.31582,41.845215,28.57473
2029-05-03 00:00:00+00:00,34.60609,41.740017,26.765623
2029-05-04 00:00:00+00:00,33.67408,41.06291,24.840477
2029-05-05 00:00:00+00:00,31.69206,37.685787,26.515335
2029-05-06 00:00:00+00:00,30.560043,38.50867,21.340193
2029-05-07 00:00:00+00:00,29.628029,36.631557,22.365046
2029-05-08 00:00:00+00:00,28.746012,35.804447,21.739902
2029-05-09 00:00:00+00:00,30.413998,38.37733,21.11476
2029-05-10 00:00:00+00:00,31.631979,40.050217,21.839617
2029-05-11 00:00:00+00:00,31.399967,39.3731,22.314472
2029-05-12 00:00:00+00:00,30.36795,37.495987,22.389328
2029-05-13 00:00:00+00:00,29.985935,36.71887,22.564186
2029-05-14 00:00:00+00:00,30.353918,37.29176,23.53904
2029-05-15 00:00:00+00:00,29.271902,36.064644,22.363897
2029-05-16 00:00:00+00:00,30.289886,37.83753,22.188755
2029-05-17 00:00:00+00:00,30.207872,37.510414,22.513609
2029-05-18 00:00:00+00:00,31.825857,39.2333,22.788464
2029-05-19 00:00:00+00:00,33.29384,40.40618,25.213322
2029-05-20 00:00:00+00:00,33.261826,41.22907,25.23818
2029-05-21 00:00:00+00:00,34.12981,43.20195,24.563036
2029-05-22 00:00:00+00:00,33.847794,41.67484,25.437893
2029-05-23 00:00:00+00:00,32.21578,39.447723,24.762749
2029-05-24 00:00:00+00:00,30.28376,36.620613,23.587603
2029-05-25 00:00:00+00:00,29.651743,36.59349,22.612463
2029-05-26 00:00:00+00:00,30.069729,37.166374,22.437317
2029-05-27 00:00:00+00:00,31.687714,38.989265,23.112171
2029-05-28 00:00:00+00:00,33.7057,42.012154,24.687029
2029-05-29 00:00:00+00:00,32.223682,39.73503,25.061888
2029-05-30 00:00:00+00:00,31.441666,37.557915,25.436743
2029-05-31 00:00:00+00:00,31.40965,36.730804,26.411598
2029-06-01 00:00:00+00:00,31.927635,37.853695,25.536453
2029-06-02 00:00:00+00:00,33.59562,41.726574,25.161312
2029-06-03 00:00:00+00:00,31.863605,37.19946,26.086166
2029-06-04 00:00:00+00:00,31.481588,38.322346,24.761024
2029-06-05 00:00:00+00:00,31.799572,39.595234,24.385878
2029-06-06 00:00:00+00:00,30.667559,38.218117,22.710737
2029-06-07 00:00:00+00:00,28.985542,36.141,21.635592
2029-06-08 00:00:00+00:00,29.703524,36.963886,22.31045
2029-06-09 00:00:00+00:00,30.52151,37.936775,22.835304
2029-06-10 00:00:00+00:00,31.039494,39.10966,23.010162
2029-06-11 00:00:00+00:00,31.907478,39.93254,23.235016
2029-06-12 00:00:00+00:00,31.875462,39.705425,24.209875
2029-06-13 00:00:00+00:00,31.793446,39.078316,24.73473
2029-06-14 00:00:00+00:00,30.06143,37.201202,24.659586
2029-06-15 00:00:00+00:00,31.579418,38.62408,23.784443
2029-06-16 00:00:00+00:00,33.2974,38.396973,28.4593
2029-06-17 00:00:00+00:00,28.015383,30.769855,25.134155
2029-06-18 00:00:00+00:00,31.433367,38.642742,24.309013
2029-06-19 00:00:00+00:00,32.601353,38.865623,26.63387
2029-06-20 00:00:00+00:00,29.119337,29.788511,28.708725
2029-06-21 00:00:00+00:00,31.43732,35.961395,26.38358
2029-06-22 00:00:00+00:00,34.955307,40.38428,28.808435
2029-06-23 00:00:00+00:00,36.57329,43.85717,29.483295
2029-06-24 00:00:00+00:00,32.141273,35.780052,27.70815
2029-06-25 00:00:00+00:00,32.85926,38.352936,27.733004
2029-06-26 00:00:00+00:00,32.47724,38.125824,27.157864
2029-06-27 00:00:00+00:00,34.495228,42.448708,26.882719
2029-06-28 00:00:00+00:00,30.763212,35.52159,26.257574
2029-06-29 00:00:00+00:00,31.231195,38.094482,24.732433
2029-06-30 00:00:00+00:00,31.04918,37.567364,25.707287
2029-07-01 00:00:00+00:00,30.767162,36.99025,25.282145
2029-07-02 00:00:00+00:00,30.33515,36.813137,24.007
2029-07-03 00:00:00+00:00,28.40543,33.82636,24.6873
2029-07-04 00:00:00+00:00,29.52709,34.53378,24.72087
2029-07-05 00:00:00+00:00,31.898746,38.69121,24.904436
2029-07-06 00:00:00+00:00,32.92041,40.298637,26.188002
2029-07-07 00:00:00+00:00,32.142067,38.85606,25.571568
2029-07-08 00:00:00+00:00,31.413727,35.76349,26.605135
2029-07-09 00:00:00+00:00,28.685387,31.570915,25.388702
2029-07-10 00:00:00+00:00,29.557045,34.028336,25.22227
2029-07-11 00:00:00+00:00,31.378704,35.785763,26.655838
2029-07-12 00:00:00+00:00,31.700363,37.14319,26.989405
2029-07-13 00:00:00+00:00,31.472025,38.000618,25.122969
2029-07-14 00:00:00+00:00,33.493683,37.10804,29.006538
2029-07-15 00:00:00+00:00,31.415344,36.315464,27.240105
2029-07-16 00:00:00+00:00,30.637003,37.172894,24.573673
2029-07-17 00:00:00+00:00,30.858662,36.78032,25.307238
2029-07-18 00:00:00+00:00,30.23032,33.83775,26.690805
2029-07-19 00:00:00+00:00,30.301981,36.19517,24.974375
2029-07-20 00:00:00+00:00,30.423637,37.7026,24.007942
2029-07-21 00:00:00+00:00,30.0453,36.410023,24.491507
2029-07-22 00:00:00+00:00,30.816956,37.11745,25.225073
2029-07-23 00:00:00+00:00,32.63862,42.174873,24.458641
2029-07-24 00:00:00+00:00,32.160275,37.832302,26.592209
2029-07-25 00:00:00+00:00,28.831936,33.939724,23.675776
2029-07-26 00:00:00+00:00,26.103596,28.44715,23.459341
2029-07-27 00:00:00+00:00,28.775255,32.004578,25.74291
2029-07-28 00:00:00+00:00,30.046913,37.712006,24.726477
2029-07-29 00:00:00+00:00,27.368574,34.369434,24.960043
2029-07-30 00:00:00+00:00,27.090229,29.676853,25.293613
2029-07-31 00:00:00+00:00,24.311892,26.834282,22.877178
2029-08-01 00:00:00+00:00,26.433548,29.691708,23.310745
2029-08-02 00:00:00+00:00,26.505213,30.74913,22.544312
2029-08-03 00:00:00+00:00,27.126871,30.556553,23.87788
2029-08-04 00:00:00+00:00,27.29853,30.813984,24.211447
2029-08-05 00:00:00+00:00,27.070189,29.87141,24.695011
2029-08-06 00:00:00+00:00,27.34185,29.378834,25.27858
2029-08-07 00:00:00+00:00,28.563509,33.036263,25.762146
2029-08-08 00:00:00+00:00,27.185167,30.743687,24.345713
2029-08-09 00:00:00+00:00,30.056828,35.05111,26.37928
2029-08-10 00:00:00+00:00,27.978487,30.60854,27.212847
2029-08-11 00:00:00+00:00,27.800144,32.315964,25.446415
2029-08-12 00:00:00+00:00,27.671806,30.073387,26.779982
2029-08-13 00:00:00+00:00,28.993464,34.430817,24.61355
2029-08-14 00:00:00+00:00,29.215122,34.138245,25.197117
2029-08-15 00:00:00+00:00,30.186783,34.995667,26.130684
2029-08-16 00:00:00+00:00,30.15844,34.853092,26.26425
2029-08-17 00:00:00+00:00,30.080103,35.210514,26.047817
2029-08-18 00:00:00+00:00,28.90176,34.21795,25.431381
2029-08-19 00:00:00+00:00,28.32342,32.57537,25.164951
2029-08-20 00:00:00+00:00,24.39508,24.532795,23.948517
2029-08-21 00:00:00+00:00,25.866737,28.24022,23.532087
2029-08-22 00:00:00+00:00,26.988398,29.397644,24.865652
2029-08-23 00:00:00+00:00,28.060057,31.305077,25.449219
2029-08-24 00:00:00+00:00,27.731716,29.8125,26.182789
2029-08-25 00:00:00+00:00,28.403378,33.569923,25.016354
2029-08-26 00:00:00+00:00,28.025036,31.32735,25.89992
2029-08-27 00:00:00+00:00,27.796698,30.934776,24.933489
2029-08-28 00:00:00+00:00,30.268353,36.292206,25.717056
2029-08-29 00:00:00+00:00,29.490015,33.79963,26.40062
2029-08-30 00:00:00+00:00,27.761671,31.907055,25.734186
2029-08-31 00:00:00+00:00,26.983332,30.764477,25.167757
2029-09-01 00:00:00+00:00,26.204992,28.17191,24.701323
2029-09-02 00:00:00+00:00,24.87396,25.935722,24.067896
2029-09-03 00:00:00+00:00,27.608694,31.118328,24.395466
2029-09-04 00:00:00+00:00,29.84343,34.50094,26.12304
2029-09-05 00:00:00+00:00,30.378164,35.683548,26.350613
2029-09-06 00:00:00+00:00,30.262901,36.116158,26.078182
2029-09-07 00:00:00+00:00,29.497639,35.598763,25.505756
2029-09-08 00:00:00+00:00,29.982368,36.531376,25.433327
2029-09-09 00:00:00+00:00,29.86711,35.71398,25.960903
2029-09-10 00:00:00+00:00,29.451841,35.796593,24.488474
2029-09-11 00:00:00+00:00,28.38658,33.179203,24.916046
2029-09-12 00:00:00+00:00,28.021313,31.211815,26.243616
2029-09-13 00:00:00+00:00,29.45605,34.14442,25.571192
2029-09-14 00:00:00+00:00,29.890783,34.927032,25.898766
2029-09-15 00:00:00+00:00,29.72552,33.309643,27.576336
2029-09-16 00:00:00+00:00,29.910255,35.49225,24.453909
2029-09-17 00:00:00+00:00,30.74499,36.47486,26.181482
2029-09-18 00:00:00+00:00,29.529728,34.20747,25.059052
2029-09-19 00:00:00+00:00,29.664463,33.090076,26.086624
2029-09-20 00:00:00+00:00,30.249195,34.572685,26.4142
2029-09-21 00:00:00+00:00,28.033934,32.2553,25.39177
2029-09-22 00:00:00+00:00,30.068668,35.8879,25.019342
2029-09-23 00:00:00+00:00,31.303408,37.220516,26.846916
2029-09-24 00:00:00+00:00,32.238136,37.50312,27.374489
2029-09-25 00:00:00+00:00,33.12288,38.985733,26.902061
2029-09-26 00:00:00+00:00,32.50761,38.76834,26.929632
2029-09-27 00:00:00+00:00,29.642347,34.90095,24.507206
2029-09-28 00:00:00+00:00,29.727081,35.133556,24.634779
2029-09-29 00:00:00+00:00,29.561817,35.116173,24.51235
2029-09-30 00:00:00+00:00,30.046555,34.998775,24.989923
2029-10-01 00:00:00+00:00,32.881287,38.581387,27.367496
2029-10-02 00:00:00+00:00,33.216022,40.413998,26.39507
2029-10-03 00:00:00+00:00,33.20076,39.346607,26.22264
2029-10-04 00:00:00+00:00,33.485497,38.429214,29.050213
2029-10-05 00:00:00+00:00,32.07023,37.661827,27.477787
2029-10-06 00:00:00+00:00,32.354965,36.144432,28.105358
2029-10-07 00:00:00+00:00,33.0897,37.22704,27.98293
2029-10-08 00:00:00+00:00,32.874435,40.159653,26.310505
2029-10-09 00:00:00+00:00,31.659172,36.592262,27.138075
2029-10-10 00:00:00+00:00,31.743908,36.37487,26.815647
2029-10-11 00:00:00+00:00,32.62864,38.30748,26.643219
2029-10-12 00:00:00+00:00,31.713379,38.94009,24.670794
2029-10-13 00:00:00+00:00,32.198112,38.322697,25.498365
2029-10-14 00:00:00+00:00,31.23285,35.705307,27.175938
2029-10-15 00:00:00+00:00,31.167585,37.387917,25.35351
2029-10-16 00:00:00+00:00,32.052322,39.020523,25.281084
2029-10-17 00:00:00+00:00,33.13706,39.953136,27.058657
2029-10-18 00:00:00+00:00,31.521791,38.935745,25.586227
2029-10-19 00:00:00+00:00,31.806528,39.668354,25.2638
2029-10-20 00:00:00+00:00,31.041264,39.200966,24.141375
2029-10-21 00:00:00+00:00,31.326,39.833572,23.718945
2029-10-22 00:00:00+00:00,31.060736,37.56618,24.846518
2029-10-23 00:00:00+00:00,27.04547,27.198792,26.27409
2029-10-24 00:00:00+00:00,29.330206,35.1814,22.75166
2029-10-25 00:00:00+00:00,32.064938,40.314007,23.779234
2029-10-26 00:00:00+00:00,31.799677,39.49662,25.006807
2029-10-27 00:00:00+00:00,31.234411,38.97923,25.134378
2029-10-28 00:00:00+00:00,30.669146,39.011837,23.06195
2029-10-29 00:00:00+00:00,30.55388,38.744446,22.289524
2029-10-30 00:00:00+00:00,30.638617,38.727055,23.917097
2029-10-31 00:00:00+00:00,29.623354,39.259663,20.244669
2029-11-01 00:00:00+00:00,30.058086,38.79227,20.422243
2029-11-02 00:00:00+00:00,30.174088,36.86105,23.634874
2029-11-03 00:00:00+00:00,31.13741,39.027847,22.895372
2029-11-04 00:00:00+00:00,31.150734,39.244644,22.75587
2029-11-05 00:00:00+00:00,29.464058,38.961445,20.516369
2029-11-06 00:00:00+00:00,28.62738,37.528244,20.076866
2029-11-07 00:00:00+00:00,30.440706,36.79504,23.787363
2029-11-08 00:00:00+00:00,31.604029,36.46184,25.84786
2029-11-09 00:00:00+00:00,29.867352,35.12864,25.508362
2029-11-10 00:00:00+00:00,27.980677,34.49544,21.818857
2029-11-11 00:00:00+00:00,27.594,35.812237,19.129354
2029-11-12 00:00:00+00:00,27.807322,35.67903,20.939854
2029-11-13 00:00:00+00:00,28.420643,36.49583,21.250353
2029-11-14 00:00:00+00:00,28.333967,36.46263,20.71085
2029-11-15 00:00:00+00:00,28.09729,36.32943,18.921345
2029-11-16 00:00:00+00:00,28.760614,35.046227,22.231846
2029-11-17 00:00:00+00:00,29.473938,36.713024,21.94234
2029-11-18 00:00:00+00:00,27.787258,34.32982,22.05284
2029-11-19 00:00:00+00:00,26.600586,34.146626,18.713337
2029-11-20 00:00:00+00:00,26.663908,30.963425,21.123838
2029-11-21 00:00:00+00:00,25.427233,26.28022,23.484333
2029-11-22 00:00:00+00:00,27.740557,31.147015,24.844831
2029-11-23 00:00:00+00:00,29.50388,38.263817,22.255327
2029-11-24 00:00:00+00:00,29.567202,37.080616,22.965826
2029-11-25 00:00:00+00:00,28.680527,35.19741,23.776325
2029-11-26 00:00:00+00:00,26.143848,33.764214,19.686825
2029-11-27 00:00:00+00:00,25.857172,35.08101,16.49732
2029-11-28 00:00:00+00:00,27.170494,35.79781,19.45782
2029-11-29 00:00:00+00:00,27.98382,37.164608,18.618317
2029-11-30 00:00:00+00:00,28.847143,35.031406,22.628815
2029-12-01 00:00:00+00:00,28.960464,36.048203,23.789312
2029-12-02 00:00:00+00:00,28.173786,34.915005,22.34981
2029-12-03 00:00:00+00:00,28.23711,33.281803,24.310307
2029-12-04 00:00:00+00:00,26.400434,28.8486,24.720806
2029-12-05 00:00:00+00:00,27.113756,33.415398,22.631306
2029-12-06 00:00:00+00:00,28.827082,35.782196,22.191801
2029-12-07 00:00:00+00:00,29.290403,35.248997,24.7023
2029-12-08 00:00:00+00:00,26.503729,32.465797,21.162798
2029-12-09 00:00:00+00:00,23.067049,29.532593,18.273294
2029-12-10 00:00:00+00:00,21.930376,29.499388,15.133792
2029-12-11 00:00:00+00:00,24.2437,32.766193,15.394292
2029-12-12 00:00:00+00:00,27.457022,36.53299,18.10479
2029-12-13 00:00:00+00:00,29.420345,36.649784,22.565287
2029-12-14 00:00:00+00:00,28.783669,35.966583,21.725784
2029-12-15 00:00:00+00:00,27.59699,34.23338,21.736282
2029-12-16 00:00:00+00:00,26.710316,33.850185,20.446781
2029-12-17 00:00:00+00:00,26.173635,33.31698,19.107279
2029-12-18 00:00:00+00:00,25.836964,33.883778,17.667778
2029-12-19 00:00:00+00:00,25.000284,32.650578,17.928274
2029-12-20 00:00:00+00:00,24.663609,32.167377,17.588772
2029-12-21 00:00:00+00:00,24.076931,30.63417,18.39927
2029-12-22 00:00:00+00:00,23.590256,29.750973,17.059765
2029-12-23 00:00:00+00:00,23.05358,29.617771,17.570265
2029-12-24 00:00:00+00:00,26.466902,34.48457,16.480762
2029-12-25 00:00:00+00:00,26.130224,28.201365,22.44126
2029-12-26 00:00:00+00:00,27.993547,34.118164,21.65176
2029-12-27 00:00:00+00:00,27.456871,35.034966,20.712257
2029-12-28 00:00:00+00:00,26.920195,35.10176,20.122753
2029-12-29 00:00:00+00:00,27.333515,34.768562,21.933254
2029-12-30 00:00:00+00:00,26.746843,34.43536,19.843752
2029-12-31 00:00:00+00:00,27.460163,35.50216,20.05425
2030-01-01 00:00:00+00:00,27.773489,36.568954,19.214746
2030-01-02 00:00:00+00:00,28.37323,36.82252,20.211329
2030-01-03 00:00:00+00:00,28.022974,35.626102,21.457907
2030-01-04 00:00:00+00:00,27.322712,33.729668,22.954487
2030-01-05 00:00:00+00:00,26.972454,33.68324,21.151064
2030-01-06 00:00:00+00:00,27.422195,34.936806,21.497646
2030-01-07 00:00:00+00:00,27.17194,34.29038,20.144222
2030-01-08 00:00:00+00:00,28.271679,35.793953,21.840803
2030-01-09 00:00:00+00:00,25.42142,33.24752,18.987383
2030-01-10 00:00:00+00:00,24.47116,33.70109,16.183962
2030-01-11 00:00:00+00:00,24.420904,33.454662,16.180542
2030-01-12 00:00:00+00:00,24.220646,33.55823,15.827121
2030-01-13 00:00:00+00:00,24.870386,33.961807,16.973701
2030-01-14 00:00:00+00:00,24.670128,32.465374,18.920282
2030-01-15 00:00:00+00:00,24.21987,32.16895,17.71686
2030-01-16 00:00:00+00:00,24.669611,33.472515,17.163443
2030-01-17 00:00:00+00:00,25.31935,34.22609,17.71002
2030-01-18 00:00:00+00:00,25.069094,33.67966,17.7566
2030-01-19 00:00:00+00:00,25.218834,34.183228,17.453176
2030-01-20 00:00:00+00:00,25.868578,33.9368,17.799759
2030-01-21 00:00:00+00:00,26.718317,31.490368,23.146341
2030-01-22 00:00:00+00:00,27.66806,34.993942,20.042917
2030-01-23 00:00:00+00:00,27.317802,34.09751,21.939497
2030-01-24 00:00:00+00:00,27.767544,34.85108,21.486078
2030-01-25 00:00:00+00:00,26.867285,34.10465,21.532658
2030-01-26 00:00:00+00:00,27.117025,34.60822,21.529236
2030-01-27 00:00:00+00:00,27.516768,35.51179,21.425816
2030-01-28 00:00:00+00:00,26.26651,33.26536,22.072395
2030-01-29 00:00:00+00:00,27.616251,35.86893,19.568974
2030-01-30 00:00:00+00:00,26.66599,34.772507,19.365555
2030-01-31 00:00:00+00:00,26.815735,35.226074,20.162136
2030-02-01 00:00:00+00:00,27.265474,36.429646,20.008715
2030-02-02 00:00:00+00:00,26.665216,36.133217,18.455294
2030-02-03 00:00:00+00:00,26.414959,35.636784,17.951874
2030-02-04 00:00:00+00:00,26.914701,36.190353,18.248453
2030-02-05 00:00:00+00:00,27.764442,36.743927,19.195034
2030-02-06 00:00:00+00:00,28.064182,35.5975,20.191612
2030-02-07 00:00:00+00:00,28.263924,36.80107,21.28819
2030-02-08 00:00:00+00:00,27.063663,34.10464,21.28477
2030-02-09 00:00:00+00:00,28.463408,35.258213,22.981352
2030-02-10 00:00:00+00:00,27.663149,34.761784,19.37793
2030-02-11 00:00:00+00:00,29.412893,37.515354,24.174511
2030-02-12 00:00:00+00:00,27.812634,37.36892,18.32109
2030-02-13 00:00:00+00:00,28.012373,37.222492,18.817669
2030-02-14 00:00:00+00:00,28.912115,38.026066,19.564249
2030-02-15 00:00:00+00:00,29.311855,38.329636,19.810831
2030-02-16 00:00:00+00:00,29.561598,38.883205,20.15741
2030-02-17 00:00:00+00:00,29.911339,38.38678,20.603987
2030-02-18 00:00:00+00:00,32.06108,38.390347,26.40057
2030-02-19 00:00:00+00:00,30.960823,37.693916,24.847149
2030-02-20 00:00:00+00:00,29.610561,36.54749,22.043728
2030-02-21 00:00:00+00:00,29.210304,33.60106,24.440306
2030-02-22 00:00:00+00:00,29.010046,33.90463,24.586885
2030-02-23 00:00:00+00:00,27.50979,31.3582,23.133469
2030-02-24 00:00:00+00:00,29.10953,33.46177,24.380047
2030-02-25 00:00:00+00:00,29.55927,36.265343,22.176624
2030-02-26 00:00:00+00:00,29.459013,35.768906,22.973206
2030-02-27 00:00:00+00:00,27.508755,34.122482,20.419785
2030-02-28 00:00:00+00:00,29.408497,36.976048,21.616365
2030-03-01 00:00:00+00:00,29.908236,35.379623,23.562943
2030-03-02 00:00:00+00:00,27.65798,30.783192,23.109526
2030-03-03 00:00:00+00:00,27.409323,30.388409,24.757397
2030-03-04 00:00:00+00:00,31.421877,37.755116,25.964323
2030-03-05 00:00:00+00:00,29.684435,33.321823,26.271252
2030-03-06 00:00:00+00:00,30.796991,36.83854,26.578176
2030-03-07 00:00:00+00:00,30.809547,38.70525,22.985104
2030-03-08 00:00:00+00:00,31.322105,36.521957,26.442028
2030-03-09 00:00:00+00:00,31.584658,39.63867,22.498957
2030-03-10 00:00:00+00:00,32.54722,40.00538,25.355885
2030-03-11 00:00:00+00:00,32.309772,38.92209,26.11281
2030-03-12 00:00:00+00:00,31.272326,39.188797,22.469738
2030-03-13 00:00:00+00:00,32.184883,39.455513,24.326664
2030-03-14 00:00:00+00:00,31.647438,39.922222,22.63359
2030-03-15 00:00:00+00:00,31.709995,39.538933,23.940517
2030-03-16 00:00:00+00:00,32.02255,40.705647,23.297443
2030-03-17 00:00:00+00:00,31.585106,41.322357,21.35437
2030-03-18 00:00:00+00:00,30.597662,39.989067,20.911297
2030-03-19 00:00:00+00:00,30.360218,40.255775,19.868223
2030-03-20 00:00:00+00:00,30.522774,39.122486,22.87515
2030-03-21 00:00:00+00:00,29.585327,38.589195,20.532078
2030-03-22 00:00:00+00:00,30.04789,38.20591,22.389002
2030-03-23 00:00:00+00:00,30.310442,38.672623,21.895931
2030-03-24 00:00:00+00:00,30.372997,39.58933,20.852856
2030-03-25 00:00:00+00:00,30.635553,40.50604,20.409784
2030-03-26 00:00:00+00:00,31.59811,42.17275,20.266712
2030-03-27 00:00:00+00:00,33.010666,40.98946,24.473639
2030-03-28 00:00:00+00:00,34.42322,41.956173,26.530565
2030-03-29 00:00:00+00:00,33.335777,41.77288,24.487492
2030-03-30 00:00:00+00:00,34.548336,43.089596,25.394417
2030-03-31 00:00:00+00:00,33.96089,42.706303,24.251343
2030-04-01 00:00:00+00:00,35.523445,43.67301,28.30827
2030-04-02 00:00:00+00:00,33.886,42.83973,24.865198
2030-04-03 00:00:00+00:00,32.998558,42.156437,23.972124
2030-04-04 00:00:00+00:00,33.111115,42.773144,23.17905
2030-04-05 00:00:00+00:00,35.22367,43.839855,26.785978
2030-04-06 00:00:00+00:00,33.586224,42.556564,24.492905
2030-04-07 00:00:00+00:00,32.84878,42.87328,22.799831
2030-04-08 00:00:00+00:00,32.31134,40.53999,24.056757
2030-04-09 00:00:00+00:00,34.023895,43.406696,25.513685
2030-04-10 00:00:00+00:00,33.886448,44.37341,22.470612
2030-04-11 00:00:00+00:00,32.899002,42.390118,23.977537
2030-04-12 00:00:00+00:00,32.81156,40.906826,24.384464
2030-04-13 00:00:00+00:00,32.57412,42.023544,23.94139
2030-04-14 00:00:00+00:00,32.686672,43.340252,22.098318
2030-04-15 00:00:00+00:00,31.599232,41.906963,20.755241
2030-04-16 00:00:00+00:00,32.511787,41.823677,23.16217
2030-04-17 00:00:00+00:00,32.474342,41.190384,23.869097
2030-04-18 00:00:00+00:00,33.5869,43.00709,24.126024
2030-04-19 00:00:00+00:00,33.349457,41.9238,24.132952
2030-04-20 00:00:00+00:00,32.81201,40.790512,24.98988
2030-04-21 00:00:00+00:00,33.424564,41.957226,24.046804
2030-04-22 00:00:00+00:00,32.78712,39.573933,25.00373
2030-04-23 00:00:00+00:00,32.449677,39.74065,24.81066
2030-04-24 00:00:00+00:00,33.112236,40.95736,24.767588
2030-04-25 00:00:00+00:00,34.42479,42.32407,26.07451
2030-04-26 00:00:00+00:00,33.787346,42.99078,23.531439
2030-04-27 00:00:00+00:00,34.0999,43.707485,24.138367
2030-04-28 00:00:00+00:00,34.76246,44.824203,24.645292
2030-04-29 00:00:00+00:00,33.225014,42.790913,23.652218
2030-04-30 00:00:00+00:00,31.93757,40.30762,23.209146
2030-05-01 00:00:00+00:00,31.650127,39.874332,22.81607
2030-05-02 00:00:00+00:00,31.312683,39.09104,23.172998
2030-05-03 00:00:00+00:00,31.714094,40.046795,22.771908
2030-05-04 00:00:00+00:00,32.032078,40.51968,23.096762
2030-05-05 00:00:00+00:00,32.150066,40.342567,23.521622
2030-05-06 00:00:00+00:00,32.818047,42.065453,23.396479
2030-05-07 00:00:00+00:00,34.48603,43.48834,24.421333
2030-05-08 00:00:00+00:00,35.554016,43.66122,26.496187
2030-05-09 00:00:00+00:00,33.822002,41.034107,26.521046
2030-05-10 00:00:00+00:00,33.539986,40.606995,25.595901
2030-05-11 00:00:00+00:00,34.157967,42.779877,24.420757
2030-05-12 00:00:00+00:00,35.175957,45.602764,24.645615
2030-05-13 00:00:00+00:00,33.44394,41.52565,25.62047
2030-05-14 00:00:00+00:00,32.611927,40.54854,24.895327
2030-05-15 00:00:00+00:00,32.079906,40.37142,23.620184
2030-05-16 00:00:00+00:00,32.49789,42.294304,22.745039
2030-05-17 00:00:00+00:00,33.765877,43.167187,24.469894
2030-05-18 00:00:00+00:00,33.883858,42.740074,24.994753
2030-05-19 00:00:00+00:00,32.501846,39.462963,25.469608
2030-05-20 00:00:00+00:00,32.619827,40.685844,24.644464
2030-05-21 00:00:00+00:00,33.03781,39.858734,25.669321
2030-05-22 00:00:00+00:00,32.755795,39.031616,25.59418
2030-05-23 00:00:00+00:00,34.77378,43.704502,25.219034
2030-05-24 00:00:00+00:00,35.491764,45.227386,25.943888
2030-05-25 00:00:00+00:00,32.909748,39.550274,25.918747
2030-05-26 00:00:00+00:00,33.827732,39.873158,27.143602
2030-05-27 00:00:00+00:00,34.045715,43.096043,25.718458
2030-05-28 00:00:00+00:00,34.6137,43.868927,24.393314
2030-05-29 00:00:00+00:00,32.531685,40.041813,24.518173
2030-05-30 00:00:00+00:00,31.849672,39.514698,22.793026
2030-05-31 00:00:00+00:00,32.617657,39.18758,27.117884
2030-06-01 00:00:00+00:00,33.88564,42.460472,24.24274
2030-06-02 00:00:00+00:00,34.053627,43.083355,25.167597
2030-06-03 00:00:00+00:00,32.82161,41.206238,24.042452
2030-06-04 00:00:00+00:00,32.339592,39.029125,25.41731
2030-06-05 00:00:00+00:00,32.157578,40.102013,24.142164
2030-06-06 00:00:00+00:00,31.525562,38.4249,25.117022
2030-06-07 00:00:00+00:00,30.993546,38.04778,23.741879
2030-06-08 00:00:00+00:00,31.511528,38.420666,24.016735
2030-06-09 00:00:00+00:00,32.929512,40.14355,25.24159
2030-06-10 00:00:00+00:00,32.1475,40.36644,23.716448
2030-06-11 00:00:00+00:00,32.565483,40.63932,23.941305
2030-06-12 00:00:00+00:00,32.183468,40.212204,24.166162
2030-06-13 00:00:00+00:00,31.15145,37.985096,24.441015
2030-06-14 00:00:00+00:00,30.619436,36.95798,23.715874
2030-06-15 00:00:00+00:00,32.287415,40.780865,24.34073
2030-06-16 00:00:00+00:00,31.455402,40.203747,23.815586
2030-06-17 00:00:00+00:00,31.123386,37.176636,25.24044
2030-06-18 00:00:00+00:00,30.691372,35.849525,25.465294
2030-06-19 00:00:00+00:00,29.859356,34.072407,24.940153
2030-06-20 00:00:00+00:00,30.677341,36.695286,24.965012
2030-06-21 00:00:00+00:00,32.09532,39.068176,24.839867
2030-06-22 00:00:00+00:00,32.71331,40.59106,25.11472
2030-06-23 00:00:00+00:00,32.231293,39.263947,25.73958
2030-06-24 00:00:00+00:00,33.899277,40.83683,27.364437
2030-06-25 00:00:00+00:00,31.767265,36.859715,27.089293
2030-06-26 00:00:00+00:00,29.785248,35.9826,24.814146
2030-06-27 00:00:00+00:00,28.95323,36.405487,21.489004
2030-06-28 00:00:00+00:00,30.121218,37.97837,22.46386
2030-06-29 00:00:00+00:00,31.139202,39.20126,22.788717
2030-06-30 00:00:00+00:00,30.457184,37.72414,23.813576
2030-07-01 00:00:00+00:00,31.025166,38.047028,24.43843
2030-07-02 00:00:00+00:00,30.74315,37.769913,24.313284
2030-07-03 00:00:00+00:00,30.712513,37.137005,24.74141
2030-07-04 00:00:00+00:00,29.834175,35.39443,24.324974
2030-07-05 00:00:00+00:00,25.055832,26.201855,23.208544
2030-07-06 00:00:00+00:00,29.077492,36.00928,21.49211
2030-07-07 00:00:00+00:00,30.699154,37.316704,25.425678
2030-07-08 00:00:00+00:00,31.520811,39.22413,24.359243
2030-07-09 00:00:00+00:00,31.092472,36.83156,25.642813
2030-07-10 00:00:00+00:00,31.214132,36.28898,25.376377
2030-07-11 00:00:00+00:00,30.735786,36.14641,26.209946
2030-07-12 00:00:00+00:00,31.707447,37.553837,25.943512
2030-07-13 00:00:00+00:00,32.47911,38.91126,27.077078
2030-07-14 00:00:00+00:00,30.95077,37.518684,24.360647
2030-07-15 00:00:00+00:00,31.472427,37.07611,26.044214
2030-07-16 00:00:00+00:00,32.194088,38.98354,26.427782
2030-07-17 00:00:00+00:00,30.915747,38.040962,24.061348
2030-07-18 00:00:00+00:00,30.937407,36.948387,25.044914
2030-07-19 00:00:00+00:00,26.709064,29.605816,24.32848
2030-07-20 00:00:00+00:00,28.330727,33.86324,22.762049
2030-07-21 00:00:00+00:00,30.052383,33.97067,26.195618
2030-07-22 00:00:00+00:00,31.974045,37.378098,26.379183
2030-07-23 00:00:00+00:00,31.345701,35.935516,26.66275
2030-07-24 00:00:00+00:00,30.917362,36.242943,25.746315
2030-07-25 00:00:00+00:00,30.489021,35.900368,24.879885
2030-07-26 00:00:00+00:00,31.31068,36.557793,25.763453
2030-07-27 00:00:00+00:00,28.582338,31.965221,25.547016
2030-07-28 00:00:00+00:00,23.203999,23.322645,23.530584
2030-07-29 00:00:00+00:00,25.925657,29.230072,22.66415
2030-07-30 00:00:00+00:00,26.947317,29.087502,24.447721
2030-07-31 00:00:00+00:00,30.518978,36.69492,25.531286
2030-08-01 00:00:00+00:00,28.740639,33.15235,25.414852
2030-08-02 00:00:00+00:00,24.562294,25.009773,23.39842
2030-08-03 00:00:00+00:00,31.083954,38.2172,24.531986
2030-08-04 00:00:00+00:00,33.405617,41.274624,27.115553
2030-08-05 00:00:00+00:00,33.127274,39.33205,27.449123
2030-08-06 00:00:00+00:00,29.198933,30.63948,27.982689
2030-08-07 00:00:00+00:00,27.970594,34.146904,25.316256
2030-08-08 00:00:00+00:00,28.14225,31.804329,24.349823
2030-08-09 00:00:00+00:00,29.413914,33.56176,25.58339
2030-08-10 00:00:00+00:00,29.63557,34.86918,24.816957
2030-08-11 00:00:00+00:00,29.107231,32.47661,25.20052
2030-08-12 00:00:00+00:00,29.178894,32.584034,26.03409
2030-08-13 00:00:00+00:00,30.000547,34.091457,25.717657
2030-08-14 00:00:00+00:00,31.372211,36.148884,26.501223
2030-08-15 00:00:00+00:00,30.693865,35.50631,26.434793
2030-08-16 00:00:00+00:00,24.765528,24.363735,24.768358
2030-08-17 00:00:00+00:00,26.68719,30.371162,23.701923
2030-08-18 00:00:00+00:00,29.358845,32.928585,26.085491
2030-08-19 00:00:00+00:00,31.080505,36.53601,26.469059
2030-08-20 00:00:00+00:00,29.802164,33.94344,26.752628
2030-08-21 00:00:00+00:00,29.473824,33.300865,26.286194
2030-08-22 00:00:00+00:00,30.79548,36.00829,26.019758
2030-08-23 00:00:00+00:00,29.117144,35.315716,25.803328
2030-08-24 00:00:00+00:00,28.888805,33.373142,24.436895
2030-08-25 00:00:00+00:00,27.86046,30.530563,26.070461
2030-08-26 00:00:00+00:00,30.282124,35.537994,25.254026
2030-08-27 00:00:00+00:00,30.853779,36.59542,25.187595
2030-08-28 00:00:00+00:00,30.27544,35.502846,25.071165
2030-08-29 00:00:00+00:00,30.6971,36.81027,24.45473
2030-08-30 00:00:00+00:00,31.018759,38.3677,24.838299
2030-08-31 00:00:00+00:00,29.740417,33.67512,25.871862
2030-09-01 00:00:00+00:00,29.812078,34.43255,24.50543
2030-09-02 00:00:00+00:00,31.315277,38.577564,25.661
2030-09-03 00:00:00+00:00,28.000011,34.460175,23.988571
2030-09-04 00:00:00+00:00,27.234745,31.342785,25.216146
2030-09-05 00:00:00+00:00,27.81948,30.27539,24.943716
2030-09-06 00:00:00+00:00,28.554216,32.208004,24.22129
2030-09-07 00:00:00+00:00,31.38895,38.54061,26.448864
2030-09-08 00:00:00+00:00,30.623688,35.873226,25.776434
2030-09-09 00:00:00+00:00,30.00842,33.20583,26.054008
2030-09-10 00:00:00+00:00,28.693161,31.238441,26.081581
2030-09-11 00:00:00+00:00,29.827892,34.82105,25.609152
2030-09-12 00:00:00+00:00,27.76263,30.753662,24.986725
2030-09-13 00:00:00+00:00,28.847364,35.08627,25.014297
2030-09-14 00:00:00+00:00,31.1321,37.668873,26.04187
2030-09-15 00:00:00+00:00,31.56684,37.251484,27.569443
2030-09-16 00:00:00+00:00,30.651571,35.134098,26.297016
2030-09-17 00:00:00+00:00,31.936308,37.966705,26.324589
2030-09-18 00:00:00+00:00,32.121044,38.299313,26.55216
2030-09-19 00:00:00+00:00,30.605776,35.581924,26.129736
2030-09-20 00:00:00+00:00,30.590513,34.614532,25.357304
2030-09-21 00:00:00+00:00,30.97525,34.44714,27.284878
2030-09-22 00:00:00+00:00,32.859985,40.829754,24.71245
2030-09-23 00:00:00+00:00,32.644722,38.612362,26.790022
2030-09-24 00:00:00+00:00,30.379456,34.24497,27.917595
2030-09-25 00:00:00+00:00,30.664192,35.97758,25.795168
2030-09-26 00:00:00+00:00,30.348925,36.860188,24.322742
2030-09-27 00:00:00+00:00,30.133663,35.442802,24.000313
2030-09-28 00:00:00+00:00,30.268398,34.32541,25.627886
2030-09-29 00:00:00+00:00,29.503134,35.008022,24.655458
2030-09-30 00:00:00+00:00,30.937868,37.840626,23.633028
2030-10-01 00:00:00+00:00,31.372606,37.973236,24.860603
2030-10-02 00:00:00+00:00,31.45734,38.005844,24.638176
2030-10-03 00:00:00+00:00,31.292074,38.438454,24.265749
2030-10-04 00:00:00+00:00,31.82681,38.32106,25.09332
2030-10-05 00:00:00+00:00,29.861546,34.503674,24.370892
2030-10-06 00:00:00+00:00,29.496283,33.33628,24.548466
2030-10-07 00:00:00+00:00,29.731018,34.11889,24.476038
2030-10-08 00:00:00+00:00,29.565756,33.3515,25.403608
2030-10-09 00:00:00+00:00,32.85049,38.88411,26.131182
2030-10-10 00:00:00+00:00,36.135227,41.516716,30.708757
2030-10-11 00:00:00+00:00,35.46996,41.049328,29.036325
2030-10-12 00:00:00+00:00,32.004696,36.531937,27.913898
2030-10-13 00:00:00+00:00,30.639431,35.364544,25.791473
2030-10-14 00:00:00+00:00,32.724167,38.547157,26.169046
2030-10-15 00:00:00+00:00,34.9589,41.529766,29.996616
2030-10-16 00:00:00+00:00,32.293636,39.112373,25.524189
2030-10-17 00:00:00+00:00,30.878372,35.594986,26.401762
2030-10-18 00:00:00+00:00,32.41311,39.177593,26.129333
2030-10-19 00:00:00+00:00,31.797842,38.6102,24.406906
2030-10-20 00:00:00+00:00,30.332577,33.942814,27.784481
2030-10-21 00:00:00+00:00,30.917313,35.92542,26.862051
2030-10-22 00:00:00+00:00,31.502047,38.35803,25.189623
2030-10-23 00:00:00+00:00,31.336788,38.79064,23.867197
2030-10-24 00:00:00+00:00,29.22152,37.17325,21.24477
2030-10-25 00:00:00+00:00,28.806257,37.455856,20.172342
2030-10-26 00:00:00+00:00,29.740992,38.038467,21.099915
2030-10-27 00:00:00+00:00,29.525726,37.721077,20.827486
2030-10-28 00:00:00+00:00,29.910461,38.103683,22.355059
2030-10-29 00:00:00+00:00,29.695196,36.886295,23.132633
2030-10-30 00:00:00+00:00,28.179934,35.6189,20.960203
2030-10-31 00:00:00+00:00,28.064669,35.25151,22.387777
2030-11-01 00:00:00+00:00,27.499405,36.13412,18.71535
2030-11-02 00:00:00+00:00,28.120758,37.25685,18.032248
2030-11-03 00:00:00+00:00,28.784082,37.373646,21.292747
2030-11-04 00:00:00+00:00,28.947403,37.340446,20.703245
2030-11-05 00:00:00+00:00,29.41073,37.807243,21.913742
2030-11-06 00:00:00+00:00,28.074049,36.77404,19.12424
2030-11-07 00:00:00+00:00,28.187374,37.69084,18.38474
2030-11-08 00:00:00+00:00,28.200697,35.707645,21.145237
2030-11-09 00:00:00+00:00,27.964022,33.974438,21.055733
2030-11-10 00:00:00+00:00,30.027342,35.591236,23.466232
2030-11-11 00:00:00+00:00,31.490665,38.008038,25.176731
2030-11-12 00:00:00+00:00,32.40399,39.574833,25.237228
2030-11-13 00:00:00+00:00,31.717314,38.891632,24.797728
2030-11-14 00:00:00+00:00,31.430637,38.408432,24.408222
2030-11-15 00:00:00+00:00,30.643963,38.07523,22.91872
2030-11-16 00:00:00+00:00,30.307283,35.89203,24.279222
2030-11-17 00:00:00+00:00,30.170609,36.208824,25.23972
2030-11-18 00:00:00+00:00,30.38393,36.875626,23.850216
2030-11-19 00:00:00+00:00,29.847256,36.442425,24.060713
2030-11-20 00:00:00+00:00,28.460575,35.15922,23.021212
2030-11-21 00:00:00+00:00,26.573898,34.72602,18.831709
2030-11-22 00:00:00+00:00,27.237225,35.84282,18.442207
2030-11-23 00:00:00+00:00,28.500546,35.859615,23.202705
2030-11-24 00:00:00+00:00,27.413872,35.876415,19.913204
2030-11-25 00:00:00+00:00,27.077194,35.39321,19.223701
2030-11-26 00:00:00+00:00,26.79052,35.110012,18.6342
2030-11-27 00:00:00+00:00,27.55384,36.226807,19.144697
2030-11-28 00:00:00+00:00,28.517164,37.093613,20.055195
2030-11-29 00:00:00+00:00,28.630486,37.660408,19.965693
2030-11-30 00:00:00+00:00,28.54381,37.577206,19.37619
2030-12-01 00:00:00+00:00,30.607134,38.194008,22.036688
2030-12-02 00:00:00+00:00,31.120457,39.110806,23.097187
2030-12-03 00:00:00+00:00,30.73378,37.0276,24.007685
2030-12-04 00:00:00+00:00,30.447104,37.3444,24.61818
2030-12-05 00:00:00+00:00,29.060429,34.961197,24.17868
2030-12-06 00:00:00+00:00,28.473751,33.37799,24.689177
2030-12-07 00:00:00+00:00,26.037075,33.744797,19.399673
2030-12-08 00:00:00+00:00,23.800396,29.961597,18.760174
2030-12-09 00:00:00+00:00,23.06372,29.628391,18.920671
2030-12-10 00:00:00+00:00,22.777044,31.145187,15.681168
2030-12-11 00:00:00+00:00,21.090366,27.661987,16.341667
2030-12-12 00:00:00+00:00,22.70369,32.77879,13.002164
2030-12-13 00:00:00+00:00,24.267015,32.195583,17.362663
2030-12-14 00:00:00+00:00,25.830338,33.662384,18.17316
2030-12-15 00:00:00+00:00,26.143658,32.979183,19.183659
2030-12-16 00:00:00+00:00,25.056984,30.845985,19.744154
2030-12-17 00:00:00+00:00,24.570309,30.21278,19.754654
2030-12-18 00:00:00+00:00,25.483633,32.37958,20.21515
2030-12-19 00:00:00+00:00,25.846958,34.296375,18.32565
2030-12-20 00:00:00+00:00,25.61028,33.663174,17.686148
2030-12-21 00:00:00+00:00,26.523602,32.279976,21.096647
2030-12-22 00:00:00+00:00,26.736923,33.84677,20.90714
2030-12-23 00:00:00+00:00,25.30025,34.513573,16.517641
2030-12-24 00:00:00+00:00,25.16357,34.48037,15.528136
2030-12-25 00:00:00+00:00,26.876894,35.99717,17.188637
2030-12-26 00:00:00+00:00,26.69022,33.56397,21.349133
2030-12-27 00:00:00+00:00,29.003542,38.480762,18.309633
2030-12-28 00:00:00+00:00,29.966866,38.247562,21.87013
2030-12-29 00:00:00+00:00,29.780188,37.564365,22.980629
2030-12-30 00:00:00+00:00,28.89351,37.53116,20.991125
2030-12-31 00:00:00+00:00,28.306837,37.44796,19.15162
2031-01-01 00:00:00+00:00,28.120157,36.864758,20.362122
2031-01-02 00:00:00+00:00,27.773294,36.921635,19.062181
2031-01-03 00:00:00+00:00,27.773039,37.075207,18.708761
2031-01-04 00:00:00+00:00,26.822777,36.82877,17.705341
2031-01-05 00:00:00+00:00,27.17252,36.932346,18.00192
2031-01-06 00:00:00+00:00,27.42226,37.135918,18.5985
2031-01-07 00:00:00+00:00,26.822002,36.63949,17.54508
2031-01-08 00:00:00+00:00,27.271744,36.793056,18.891657
2031-01-09 00:00:00+00:00,26.871485,36.44663,17.938238
2031-01-10 00:00:00+00:00,27.971224,36.9502,19.034819
2031-01-11 00:00:00+00:00,28.52097,36.40377,21.031399
2031-01-12 00:00:00+00:00,25.57071,30.807339,20.977976
2031-01-13 00:00:00+00:00,25.570452,35.060913,17.074556
2031-01-14 00:00:00+00:00,25.120192,33.26448,19.571136
2031-01-15 00:00:00+00:00,23.769936,33.268055,15.617716
2031-01-16 00:00:00+00:00,24.069675,33.971622,15.064296
2031-01-17 00:00:00+00:00,24.569416,33.32519,16.960875
2031-01-18 00:00:00+00:00,26.419159,33.178764,19.957457
2031-01-19 00:00:00+00:00,27.418898,34.38233,20.904034
2031-01-20 00:00:00+00:00,24.168644,30.835903,18.000614
2031-01-21 00:00:00+00:00,23.718384,32.68948,15.297193
2031-01-22 00:00:00+00:00,24.268127,31.793049,17.293774
2031-01-23 00:00:00+00:00,25.717865,34.096615,17.090353
2031-01-24 00:00:00+00:00,27.567608,36.05019,20.036932
2031-01-25 00:00:00+00:00,27.717348,36.35376,19.083511
2031-01-26 00:00:00+00:00,28.567091,37.757328,19.680092
2031-01-27 00:00:00+00:00,27.966831,36.560898,19.67667
2031-01-28 00:00:00+00:00,26.916574,34.56447,19.623251
2031-01-29 00:00:00+00:00,25.916315,33.518044,19.869833
2031-01-30 00:00:00+00:00,26.316057,35.171616,18.21641
2031-01-31 00:00:00+00:00,27.515799,35.425182,21.562988
2031-02-01 00:00:00+00:00,26.165539,35.528755,18.459572
2031-02-02 00:00:00+00:00,25.81528,35.482327,17.45615
2031-02-03 00:00:00+00:00,25.815023,35.035892,16.752728
2031-02-04 00:00:00+00:00,26.314766,35.489464,17.39931
2031-02-05 00:00:00+00:00,27.014505,36.343033,18.595888
2031-02-06 00:00:00+00:00,27.714247,37.196606,19.392467
2031-02-07 00:00:00+00:00,27.763988,37.200176,18.389046
2031-02-08 00:00:00+00:00,28.063728,36.50375,21.435627
2031-02-09 00:00:00+00:00,26.663473,35.207317,19.582207
2031-02-10 00:00:00+00:00,26.513216,35.51089,18.928787
2031-02-11 00:00:00+00:00,27.262955,35.71446,20.575365
2031-02-12 00:00:00+00:00,27.262697,36.468025,18.671947
2031-02-13 00:00:00+00:00,26.712437,35.721596,18.668526
2031-02-14 00:00:00+00:00,25.56218,33.825172,18.115105
2031-02-15 00:00:00+00:00,26.01192,35.078743,18.061686
2031-02-16 00:00:00+00:00,26.011663,35.03232,17.358265
2031-02-17 00:00:00+00:00,26.261404,34.835888,18.054844
2031-02-18 00:00:00+00:00,26.061146,34.789455,17.751423
2031-02-19 00:00:00+00:00,26.310888,35.343025,17.698002
2031-02-20 00:00:00+00:00,26.260628,34.846596,17.644585
2031-02-21 00:00:00+00:00,27.21037,34.650166,20.391163
2031-02-22 00:00:00+00:00,27.61011,35.003735,20.837742
2031-02-23 00:00:00+00:00,26.609854,34.157307,19.03432
2031-02-24 00:00:00+00:00,26.759596,34.610874,19.030903
2031-02-25 00:00:00+00:00,26.509336,33.96445,19.777481
2031-02-26 00:00:00+00:00,26.859077,35.06802,17.92406
2031-02-27 00:00:00+00:00,27.65882,36.87159,17.770641
2031-02-28 00:00:00+00:00,28.60856,37.82516,18.41722
2031-03-01 00:00:00+00:00,30.358301,38.528725,21.163801
2031-03-02 00:00:00+00:00,32.10804,38.982304,24.260378
2031-03-03 00:00:00+00:00,30.857784,35.53587,24.00696
2031-03-04 00:00:00+00:00,32.768738,40.00094,26.112593
2031-03-05 00:00:00+00:00,30.781294,35.96765,24.969517
2031-03-06 00:00:00+00:00,31.24385,38.034355,24.076447
2031-03-07 00:00:00+00:00,29.956408,37.701073,22.383371
2031-03-08 00:00:00+00:00,28.268963,36.36778,20.240297
2031-03-09 00:00:00+00:00,28.38152,36.934494,19.647224
2031-03-10 00:00:00+00:00,28.844076,38.0012,19.254148
2031-03-11 00:00:00+00:00,29.756632,38.717915,19.661081
2031-03-12 00:00:00+00:00,29.119186,37.084625,21.418005
2031-03-13 00:00:00+00:00,27.831743,35.951332,18.874933
2031-03-14 00:00:00+00:00,26.994297,34.018047,21.531858
2031-03-15 00:00:00+00:00,27.556856,35.58476,20.438786
2031-03-16 00:00:00+00:00,28.169415,36.90147,20.495714
2031-03-17 00:00:00+00:00,28.381968,37.56818,19.802637
2031-03-18 00:00:00+00:00,28.494522,37.634888,19.609566
2031-03-19 00:00:00+00:00,29.40708,38.051598,21.66649
2031-03-20 00:00:00+00:00,29.769634,39.518307,20.22342
2031-03-21 00:00:00+00:00,29.98219,40.23502,19.580345
2031-03-22 00:00:00+00:00,30.94475,39.451733,23.587269
2031-03-23 00:00:00+00:00,29.707304,38.91844,20.4942
2031-03-24 00:00:00+00:00,30.36986,39.585155,20.601124
2031-03-25 00:00:00+00:00,30.982416,40.00186,21.058052
2031-03-26 00:00:00+00:00,30.89497,39.768574,21.76498
2031-03-27 00:00:00+00:00,31.407528,40.63528,21.621906
2031-03-28 00:00:00+00:00,32.520084,41.60199,22.778833
2031-03-29 00:00:00+00:00,32.03264,41.518703,22.035759
2031-03-30 00:00:00+00:00,32.245193,41.585415,22.892683
2031-03-31 00:00:00+00:00,32.10775,42.15213,21.599611
2031-04-01 00:00:00+00:00,31.770308,41.268837,21.506538
2031-04-02 00:00:00+00:00,31.032864,39.535545,22.163464
2031-04-03 00:00:00+00:00,31.645422,39.502254,23.070393
2031-04-04 00:00:00+00:00,30.657976,37.068962,23.97732
2031-04-05 00:00:00+00:00,31.570532,38.685677,22.884245
2031-04-06 00:00:00+00:00,34.48309,40.55239,27.491173
2031-04-07 00:00:00+00:00,34.245644,41.8191,25.2981
2031-04-08 00:00:00+00:00,33.908203,41.63581,24.905025
2031-04-09 00:00:00+00:00,34.67076,41.952522,26.111954
2031-04-10 00:00:00+00:00,33.43331,40.819233,24.86888
2031-04-11 00:00:00+00:00,33.44587,41.08594,24.925806
2031-04-12 00:00:00+00:00,34.158424,42.60265,25.732733
2031-04-13 00:00:00+00:00,33.82098,42.569366,23.53966
2031-04-14 00:00:00+00:00,34.383533,41.436073,26.996584
2031-04-15 00:00:00+00:00,34.19609,43.502785,24.953514
2031-04-16 00:00:00+00:00,34.258644,43.019493,25.36044
2031-04-17 00:00:00+00:00,32.671204,41.886208,23.267365
2031-04-18 00:00:00+00:00,32.78376,42.502914,22.624292
2031-04-19 00:00:00+00:00,32.996315,41.719627,24.23122
2031-04-20 00:00:00+00:00,31.908869,38.98634,23.138147
2031-04-21 00:00:00+00:00,32.471424,38.953045,24.445074
2031-04-22 00:00:00+00:00,31.433985,35.819756,25.902
2031-04-23 00:00:00+00:00,31.49654,37.686474,24.658926
2031-04-24 00:00:00+00:00,30.709097,37.50318,23.415854
2031-04-25 00:00:00+00:00,31.02165,37.069885,24.372782
2031-04-26 00:00:00+00:00,33.834206,40.5866,25.479708
2031-04-27 00:00:00+00:00,35.146767,42.20331,27.036633
2031-04-28 00:00:00+00:00,34.45932,41.47002,26.54356
2031-04-29 00:00:00+00:00,34.171875,42.28673,25.350487
2031-04-30 00:00:00+00:00,33.38443,42.353447,23.357412
2031-05-01 00:00:00+00:00,33.896988,42.870155,24.31434
2031-05-02 00:00:00+00:00,30.459543,36.436863,24.421267
2031-05-03 00:00:00+00:00,31.2221,36.753574,23.728193
2031-05-04 00:00:00+00:00,34.49008,42.376457,24.95305
2031-05-05 00:00:00+00:00,35.95807,43.349342,27.927906
2031-05-06 00:00:00+00:00,36.72605,44.072235,28.802763
2031-05-07 00:00:00+00:00,35.84404,42.845116,27.877619
2031-05-08 00:00:00+00:00,34.362022,42.268,26.952475
2031-05-09 00:00:00+00:00,34.180008,41.790886,25.877333
2031-05-10 00:00:00+00:00,34.19799,40.51377,25.952187
2031-05-11 00:00:00+00:00,35.765976,41.886658,29.377045
2031-05-12 00:00:00+00:00,34.43396,42.159546,27.0019
2031-05-13 00:00:00+00:00,36.701942,44.13243,28.276758
2031-05-14 00:00:00+00:00,36.019928,43.555313,27.251614
2031-05-15 00:00:00+00:00,36.237907,43.828197,27.576468
2031-05-16 00:00:00+00:00,34.105896,38.85108,28.451326
2031-05-17 00:00:00+00:00,32.82388,36.17397,28.62618
2031-05-18 00:00:00+00:00,31.341864,35.596855,26.701036
2031-05-19 00:00:00+00:00,32.659847,38.46974,27.075893
2031-05-20 00:00:00+00:00,33.477833,40.742622,25.45075
2031-05-21 00:00:00+00:00,34.14582,41.31551,26.175608
2031-05-22 00:00:00+00:00,33.1138,41.238396,24.800465
2031-05-23 00:00:00+00:00,32.831787,41.16128,23.925322
2031-05-24 00:00:00+00:00,32.64977,41.634163,23.100174
2031-05-25 00:00:00+00:00,32.567753,41.95705,22.225035
2031-05-26 00:00:00+00:00,32.435738,41.17994,24.049887
2031-05-27 00:00:00+00:00,31.253723,38.40282,23.924747
2031-05-28 00:00:00+00:00,32.271706,37.675705,26.9496
2031-05-29 00:00:00+00:00,29.539688,30.698593,27.374456
2031-05-30 00:00:00+00:00,32.107677,38.62148,25.249313
2031-05-31 00:00:00+00:00,33.12566,39.94436,25.874168
2031-06-01 00:00:00+00:00,33.94364,42.61725,24.899025
2031-06-02 00:00:00+00:00,32.26163,37.740135,27.273886
2031-06-03 00:00:00+00:00,26.179611,27.863022,24.69874
2031-06-04 00:00:00+00:00,31.197598,39.885906,22.923595
2031-06-05 00:00:00+00:00,34.065582,41.75879,25.89845
2031-06-06 00:00:00+00:00,34.433567,42.381668,25.923307
2031-06-07 00:00:00+00:00,33.051548,38.904564,26.648165
2031-06-08 00:00:00+00:00,32.719536,38.827446,26.173021
2031-06-09 00:00:00+00:00,31.737518,37.050327,26.647877
2031-06-10 00:00:00+00:00,30.955502,36.473217,25.022732
2031-06-11 00:00:00+00:00,31.173487,37.396103,24.54759
2031-06-12 00:00:00+00:00,31.941471,38.01899,24.772446
2031-06-13 00:00:00+00:00,31.709455,38.99187,24.497303
2031-06-14 00:00:00+00:00,30.777437,37.21476,24.772158
2031-06-15 00:00:00+00:00,32.245422,38.737644,24.897013
2031-06-16 00:00:00+00:00,33.963406,38.91053,28.52187
2031-06-17 00:00:00+00:00,33.131393,39.133415,27.196728
2031-06-18 00:00:00+00:00,33.999374,41.6063,25.72158
2031-06-19 00:00:00+00:00,33.517365,39.229183,27.89644
2031-06-20 00:00:00+00:00,30.835344,37.002068,25.071299
2031-06-21 00:00:00+00:00,30.853329,37.224953,25.046152
2031-06-22 00:00:00+00:00,30.821314,36.49784,25.121008
2031-06-23 00:00:00+00:00,28.6393,31.42072,25.295866
2031-06-24 00:00:00+00:00,31.25728,35.89361,26.27072
2031-06-25 00:00:00+00:00,31.775269,37.466496,25.895576
2031-06-26 00:00:00+00:00,30.943249,35.839382,25.420435
2031-06-27 00:00:00+00:00,33.461235,37.762264,28.595293
2031-06-28 00:00:00+00:00,31.629215,36.28515,26.020145
2031-06-29 00:00:00+00:00,33.297203,40.108036,25.995003
2031-06-30 00:00:00+00:00,32.11519,40.88092,24.869862
2031-07-01 00:00:00+00:00,31.033169,35.30381,26.394714
2031-07-02 00:00:00+00:00,29.501156,34.076694,25.419573
2031-07-03 00:00:00+00:00,31.5196,38.197647,24.695517
2031-07-04 00:00:00+00:00,30.89126,36.705074,26.379084
2031-07-05 00:00:00+00:00,31.012918,36.4125,26.162651
2031-07-06 00:00:00+00:00,30.834578,36.21992,24.746216
2031-07-07 00:00:00+00:00,29.406237,34.327354,26.029785
2031-07-08 00:00:00+00:00,25.627897,26.484774,24.713352
2031-07-09 00:00:00+00:00,29.449554,34.842197,23.84692
2031-07-10 00:00:00+00:00,31.671217,38.59962,25.130487
2031-07-11 00:00:00+00:00,31.142874,37.00705,24.914053
2031-07-12 00:00:00+00:00,30.864536,35.214478,26.44762
2031-07-13 00:00:00+00:00,30.836193,35.021908,26.031187
2031-07-14 00:00:00+00:00,31.557854,37.879326,25.464754
2031-07-15 00:00:00+00:00,31.429512,38.286755,25.04832
2031-07-16 00:00:00+00:00,30.901175,37.044178,26.23189
2031-07-17 00:00:00+00:00,28.872831,32.10161,24.765457
2031-07-18 00:00:00+00:00,30.694489,36.00903,24.799023
2031-07-19 00:00:00+00:00,32.11615,38.566456,26.63259
2031-07-20 00:00:00+00:00,31.63781,38.323883,25.066156
2031-07-21 00:00:00+00:00,32.55947,36.881306,28.29972
2031-07-22 00:00:00+00:00,29.981127,34.888737,25.383291
2031-07-23 00:00:00+00:00,29.202787,33.84616,24.86686
2031-07-24 00:00:00+00:00,33.124443,41.453587,25.850424
2031-07-25 00:00:00+00:00,32.446106,37.511017,27.48399
2031-07-26 00:00:00+00:00,25.517765,26.96844,24.167559
2031-07-27 00:00:00+00:00,27.189425,30.375862,24.351128
2031-07-28 00:00:00+00:00,29.411083,34.083286,25.584694
2031-07-29 00:00:00+00:00,30.482742,35.390717,25.66826
2031-07-30 00:00:00+00:00,30.004406,33.99814,27.001825
2031-07-31 00:00:00+00:00,29.476063,33.755566,26.135393
2031-08-01 00:00:00+00:00,28.997723,32.462994,26.218962
2031-08-02 00:00:00+00:00,30.519379,35.07042,26.402529
2031-08-03 00:00:00+00:00,30.191042,35.477844,25.986095
2031-08-04 00:00:00+00:00,29.7627,35.385273,24.969664
2031-08-05 00:00:00+00:00,30.68436,35.792698,25.903229
2031-08-06 00:00:00+00:00,28.906021,32.60012,26.686794
2031-08-07 00:00:00+00:00,29.877678,33.657547,26.970364
2031-08-08 00:00:00+00:00,29.699337,32.664974,27.40393
2031-08-09 00:00:00+00:00,31.521,37.0224,25.687496
2031-08-10 00:00:00+00:00,32.792656,37.629826,28.571064
2031-08-11 00:00:00+00:00,31.864315,38.33725,26.854633
2031-08-12 00:00:00+00:00,30.035973,34.644676,26.038198
2031-08-13 00:00:00+00:00,29.907635,37.152103,25.171764
2031-08-14 00:00:00+00:00,28.429293,33.609528,24.005335
2031-08-15 00:00:00+00:00,29.70095,34.166958,25.888899
2031-08-16 00:00:00+00:00,25.122614,26.82438,23.772469
2031-08-17 00:00:00+00:00,25.694271,28.631805,22.656034
2031-08-18 00:00:00+00:00,27.86593,31.08923,24.7896
2031-08-19 00:00:00+00:00,28.937588,31.69666,26.07317
2031-08-20 00:00:00+00:00,29.35925,33.404087,26.156734
2031-08-21 00:00:00+00:00,26.33091,26.86151,24.690304
2031-08-22 00:00:00+00:00,27.202568,31.468933,23.273867
2031-08-23 00:00:00+00:00,31.22423,37.526363,26.457438
2031-08-24 00:00:00+00:00,32.095886,40.633785,26.491001
2031-08-25 00:00:00+00:00,31.717548,37.541214,27.37457
2031-08-26 00:00:00+00:00,30.889204,36.49864,26.558136
2031-08-27 00:00:00+00:00,30.360867,37.206062,25.241705
2031-08-28 00:00:00+00:00,28.932524,35.16349,23.22527
2031-08-29 00:00:00+00:00,28.654184,34.070915,23.40884
2031-08-30 00:00:00+00:00,28.275845,34.17834,22.842407
2031-08-31 00:00:00+00:00,28.897505,34.43577,23.575972
2031-09-01 00:00:00+00:00,28.819162,33.643192,23.759542
2031-09-02 00:00:00+00:00,29.306595,33.769413,25.004108
2031-09-03 00:00:00+00:00,32.691326,39.452023,25.43168
2031-09-04 00:00:00+00:00,29.126062,32.934635,25.459253
2031-09-05 00:00:00+00:00,23.360798,23.017246,23.336824
2031-09-06 00:00:00+00:00,23.745531,23.74985,24.164398
2031-09-07 00:00:00+00:00,25.88027,28.032463,24.24197
2031-09-08 00:00:00+00:00,23.365004,24.91507,21.869543
2031-09-09 00:00:00+00:00,24.549742,25.74768,23.347116
2031-09-10 00:00:00+00:00,26.534475,28.930286,24.574688
2031-09-11 00:00:00+00:00,26.41921,28.512897,25.20226
2031-09-12 00:00:00+00:00,25.553946,28.295506,24.129831
2031-09-13 00:00:00+00:00,26.23868,28.278118,24.657404
2031-09-14 00:00:00+00:00,27.22342,28.460724,25.534975
2031-09-15 00:00:00+00:00,29.808153,33.643333,27.06255
2031-09-16 00:00:00+00:00,30.792892,36.325943,26.090122
2031-09-17 00:00:00+00:00,28.677624,31.958553,26.867695
2031-09-18 00:00:00+00:00,30.062355,36.79116,24.995268
2031-09-19 00:00:00+00:00,29.997095,34.17377,26.62284
2031-09-20 00:00:00+00:00,24.63183,25.656382,23.300411
2031-09-21 00:00:00+00:00,27.216568,31.83899,23.477985
2031-09-22 00:00:00+00:00,28.6513,32.621597,25.505556
2031-09-23 00:00:00+00:00,29.436033,34.35421,25.73313
2031-09-24 00:00:00+00:00,29.820774,36.08682,25.810701
2031-09-25 00:00:00+00:00,29.855507,34.669426,26.038275
2031-09-26 00:00:00+00:00,26.740246,27.502037,25.31585
2031-09-27 00:00:00+00:00,26.474976,28.034645,24.94342
2031-09-28 00:00:00+00:00,27.309713,31.117256,23.620993
2031-09-29 00:00:00+00:00,29.294449,33.949863,25.798565
2031-09-30 00:00:00+00:00,29.629185,36.132477,23.726137
2031-10-01 00:00:00+00:00,29.463919,35.16508,24.40371
2031-10-02 00:00:00+00:00,28.198656,34.04769,23.38128
2031-10-03 00:00:00+00:00,29.083391,35.9303,22.608856
2031-10-04 00:00:00+00:00,31.318123,38.46291,24.836428
2031-10-05 00:00:00+00:00,32.652863,39.79552,26.213999
2031-10-06 00:00:00+00:00,32.5876,39.178127,26.341572
2031-10-07 00:00:00+00:00,32.522335,39.01074,26.669146
2031-10-08 00:00:00+00:00,27.90707,29.443348,25.696716
2031-10-09 00:00:00+00:00,29.291805,32.425957,26.474287
2031-10-10 00:00:00+00:00,25.67654,27.908566,23.351862
2031-10-11 00:00:00+00:00,26.961275,31.441177,24.379436
2031-10-12 00:00:00+00:00,28.14601,31.473785,25.907007
2031-10-13 00:00:00+00:00,29.380745,35.256393,24.434578
2031-10-14 00:00:00+00:00,29.715483,34.189003,25.162153
2031-10-15 00:00:00+00:00,30.450218,34.921608,27.939724
2031-10-16 00:00:00+00:00,30.634953,36.60422,26.617296
2031-10-17 00:00:00+00:00,30.21969,35.33683,25.294868
2031-10-18 00:00:00+00:00,29.954424,34.01944,26.072443
2031-10-19 00:00:00+00:00,29.689157,33.652046,26.650011
2031-10-20 00:00:00+00:00,30.523895,36.084656,25.477587
2031-10-21 00:00:00+00:00,31.05863,38.417263,25.60516
2031-10-22 00:00:00+00:00,29.393366,37.19987,23.132732
2031-10-23 00:00:00+00:00,28.028101,36.782486,19.410305
2031-10-24 00:00:00+00:00,28.912836,35.915096,22.737877
2031-10-25 00:00:00+00:00,30.84757,37.2977,24.615448
2031-10-26 00:00:00+00:00,31.032307,35.730316,26.89302
2031-10-27 00:00:00+00:00,30.617043,38.31292,23.920593
2031-10-28 00:00:00+00:00,28.901775,37.445534,20.998167
2031-10-29 00:00:00+00:00,28.436516,37.47814,18.975739
2031-10-30 00:00:00+00:00,29.471249,36.960754,21.50331
2031-10-31 00:00:00+00:00,30.405989,37.993355,23.630884
2031-11-01 00:00:00+00:00,30.39072,38.825974,22.208456
2031-11-02 00:00:00+00:00,30.417423,38.60265,22.929626
2031-11-03 00:00:00+00:00,29.88075,38.36945,21.840124
2031-11-04 00:00:00+00:00,29.244072,36.736248,22.150621
2031-11-05 00:00:00+00:00,27.907396,36.403046,20.61112
2031-11-06 00:00:00+00:00,28.370718,37.819843,19.171618
2031-11-07 00:00:00+00:00,28.334044,35.98664,20.532114
2031-11-08 00:00:00+00:00,30.047365,35.05344,24.492615
2031-11-09 00:00:00+00:00,30.860691,35.92024,25.803112
2031-11-10 00:00:00+00:00,30.174011,36.137035,23.81361
2031-11-11 00:00:00+00:00,30.087337,36.003838,23.174107
2031-11-12 00:00:00+00:00,30.850658,37.92063,23.684603
2031-11-13 00:00:00+00:00,29.613983,37.48743,21.495102
2031-11-14 00:00:00+00:00,30.577305,38.604233,22.805601
2031-11-15 00:00:00+00:00,30.540628,38.17103,23.916098
2031-11-16 00:00:00+00:00,28.903954,37.83783,20.526594
2031-11-17 00:00:00+00:00,28.317276,37.90463,18.487095
2031-11-18 00:00:00+00:00,29.3806,38.12142,20.747591
2031-11-19 00:00:00+00:00,29.093924,37.238224,20.808088
2031-11-20 00:00:00+00:00,27.607246,36.405025,18.018589
2031-11-21 00:00:00+00:00,27.970572,35.97182,18.979082
2031-11-22 00:00:00+00:00,28.233894,33.988617,21.939583
2031-11-23 00:00:00+00:00,28.997217,36.35542,21.70008
2031-11-24 00:00:00+00:00,29.91054,36.022217,23.06058
2031-11-25 00:00:00+00:00,28.573864,33.539013,23.721077
2031-11-26 00:00:00+00:00,27.237186,35.15581,20.281574
2031-11-27 00:00:00+00:00,25.900509,34.522614,17.992071
2031-11-28 00:00:00+00:00,26.313831,36.08941,16.50257
2031-11-29 00:00:00+00:00,26.877155,36.30621,17.213068
2031-11-30 00:00:00+00:00,27.24048,36.973007,17.823565
2031-12-01 00:00:00+00:00,28.3038,37.58981,19.584063
2031-12-02 00:00:00+00:00,27.117128,36.206604,18.844563
2031-12-03 00:00:00+00:00,26.280449,35.173405,18.50506
2031-12-04 00:00:00+00:00,26.193775,35.6902,17.365555
2031-12-05 00:00:00+00:00,26.757097,36.356995,17.626055
2031-12-06 00:00:00+00:00,26.920422,36.223797,18.536554
2031-12-07 00:00:00+00:00,26.083744,35.3906,17.79705
2031-12-08 00:00:00+00:00,26.197067,35.207397,17.807549
2031-12-09 00:00:00+00:00,25.76039,34.474194,17.418047
2031-12-10 00:00:00+00:00,25.923712,34.79099,17.778543
2031-12-11 00:00:00+00:00,26.487038,35.607788,17.339043
2031-12-12 00:00:00+00:00,27.450357,35.57459,20.19954
2031-12-13 00:00:00+00:00,26.563683,33.84139,20.410038
2031-12-14 00:00:00+00:00,24.92701,31.558186,18.870537
2031-12-15 00:00:00+00:00,24.69033,30.574982,19.731033
2031-12-16 00:00:00+00:00,25.853653,33.141785,19.491531
2031-12-17 00:00:00+00:00,27.116976,36.05858,18.55203
2031-12-18 00:00:00+00:00,28.1803,36.675377,20.012526
2031-12-19 00:00:00+00:00,29.393623,36.842175,21.873026
2031-12-20 00:00:00+00:00,29.656946,34.708977,26.433525
2031-12-21 00:00:00+00:00,27.470268,34.125774,21.994022
2031-12-22 00:00:00+00:00,27.333593,33.89257,22.104519
2031-12-23 00:00:00+00:00,26.846916,32.259373,21.815016
2031-12-24 00:00:00+00:00,26.11024,31.276169,21.875513
2031-12-25 00:00:00+00:00,23.973562,28.592968,19.036013
2031-12-26 00:00:00+00:00,23.386885,32.209766,15.346508
2031-12-27 00:00:00+00:00,24.85021,33.926563,16.257008
2031-12-28 00:00:00+00:00,26.413532,34.643364,19.517508
2031-12-29 00:00:00+00:00,27.976856,36.46016,20.378002
2031-12-30 00:00:00+00:00,28.24018,36.276962,20.7385
2031-12-31 00:00:00+00:00,27.903505,35.04376,21.699
2032-01-01 00:00:00+00:00,27.466825,33.910557,21.159498
2032-01-02 00:00:00+00:00,28.973358,33.420742,25.613037
2032-01-03 00:00:00+00:00,27.523102,33.474316,22.159613
2032-01-04 00:00:00+00:00,26.62284,30.877888,23.356195
2032-01-05 00:00:00+00:00,27.322582,34.531452,20.302774
2032-01-06 00:00:00+00:00,26.472326,31.135025,20.549356
2032-01-07 00:00:00+00:00,28.672066,35.088596,23.795935
2032-01-08 00:00:00+00:00,27.071808,34.892166,21.142511
2032-01-09 00:00:00+00:00,25.921549,33.395737,19.839094
2032-01-10 00:00:00+00:00,26.471292,34.049305,18.385672
2032-01-11 00:00:00+00:00,26.87103,30.852875,23.132252
2032-01-12 00:00:00+00:00,25.670774,29.806446,20.428831
2032-01-13 00:00:00+00:00,26.220516,30.260017,22.675411
2032-01-14 00:00:00+00:00,26.870256,33.013588,21.871992
2032-01-15 00:00:00+00:00,26.869999,34.667164,19.11857
2032-01-16 00:00:00+00:00,27.86974,35.720726,21.96515
2032-01-17 00:00:00+00:00,28.71948,36.6743,21.761732
2032-01-18 00:00:00+00:00,27.919224,33.32787,24.55831
2032-01-19 00:00:00+00:00,25.018963,31.03144,19.90489
2032-01-20 00:00:00+00:00,23.218708,30.485016,15.951468
2032-01-21 00:00:00+00:00,23.468447,30.988586,16.798048
2032-01-22 00:00:00+00:00,24.368189,32.042156,18.194628
2032-01-23 00:00:00+00:00,23.967928,31.745724,16.491207
2032-01-24 00:00:00+00:00,24.817673,33.2493,16.037786
2032-01-25 00:00:00+00:00,26.067413,34.652866,18.084366
2032-01-26 00:00:00+00:00,25.717154,35.456436,15.630948
2032-01-27 00:00:00+00:00,26.166899,36.410004,15.827526
2032-01-28 00:00:00+00:00,27.116638,37.71358,16.374105
2032-01-29 00:00:00+00:00,28.616379,37.267147,19.320684
2032-01-30 00:00:00+00:00,27.01612,33.52072,20.567265
2032-01-31 00:00:00+00:00,26.61586,32.274292,21.563845
2032-02-01 00:00:00+00:00,23.915604,26.527863,21.110424
2032-02-02 00:00:00+00:00,22.315346,24.381432,20.357004
2032-02-03 00:00:00+00:00,25.015089,30.585,19.353584
2032-02-04 00:00:00+00:00,26.31483,32.63857,19.000164
2032-02-05 00:00:00+00:00,27.21457,33.44214,20.896742
2032-02-06 00:00:00+00:00,26.264313,32.645714,20.493324
2032-02-07 00:00:00+00:00,27.514053,34.949284,19.7399
2032-02-08 00:00:00+00:00,27.913794,35.252857,20.38648
2032-02-09 00:00:00+00:00,28.663536,35.956425,21.433062
2032-02-10 00:00:00+00:00,29.563278,37.459995,22.029638
2032-02-11 00:00:00+00:00,30.26302,38.56357,22.02622
2032-02-12 00:00:00+00:00,29.862762,36.467136,22.1728
2032-02-13 00:00:00+00:00,29.162502,35.82071,21.81938
2032-02-14 00:00:00+00:00,31.112244,37.124275,23.665962
2032-02-15 00:00:00+00:00,28.361984,32.62785,24.31254
2032-02-16 00:00:00+00:00,29.161728,35.781425,22.159119
2032-02-17 00:00:00+00:00,29.361467,35.73499,22.7557
2032-02-18 00:00:00+00:00,29.661211,36.18856,23.002275
2032-02-19 00:00:00+00:00,27.760954,34.292133,21.548859
2032-02-20 00:00:00+00:00,26.160694,32.295704,20.295437
2032-02-21 00:00:00+00:00,24.910437,30.799274,19.192019
2032-02-22 00:00:00+00:00,27.060175,34.35284,18.638597
2032-02-23 00:00:00+00:00,31.259916,37.506413,24.835176
2032-02-24 00:00:00+00:00,31.55966,38.459984,25.081757
2032-02-25 00:00:00+00:00,30.3094,37.613556,22.778336
2032-02-26 00:00:00+00:00,30.609142,38.567127,22.374916
2032-02-27 00:00:00+00:00,30.558884,38.970695,21.621496
2032-02-28 00:00:00+00:00,31.508627,40.27427,22.468073
2032-02-29 00:00:00+00:00,31.558365,40.277832,22.464653
2032-03-01 00:00:00+00:00,31.758106,40.38141,23.461233
2032-03-02 00:00:00+00:00,29.95785,39.43498,20.157814
2032-03-03 00:00:00+00:00,30.6156,39.646767,21.26086
2032-03-04 00:00:00+00:00,31.478155,40.21347,23.017784
2032-03-05 00:00:00+00:00,31.090712,39.930183,22.524715
2032-03-06 00:00:00+00:00,29.953268,39.496895,20.68164
2032-03-07 00:00:00+00:00,30.465826,39.563602,20.988567
2032-03-08 00:00:00+00:00,31.17838,40.430313,21.495493
2032-03-09 00:00:00+00:00,30.590939,39.19703,21.852419
2032-03-10 00:00:00+00:00,31.503492,39.113735,22.809347
2032-03-11 00:00:00+00:00,32.11605,37.380444,27.266273
2032-03-12 00:00:00+00:00,32.978603,38.697155,27.7732
2032-03-13 00:00:00+00:00,33.191162,39.61387,27.480127
2032-03-14 00:00:00+00:00,31.253717,39.780575,22.587053
2032-03-15 00:00:00+00:00,32.366272,40.347294,24.14398
2032-03-16 00:00:00+00:00,32.578827,40.614002,24.250908
2032-03-17 00:00:00+00:00,31.241385,40.03071,21.457834
2032-03-18 00:00:00+00:00,32.60394,41.04742,22.91476
2032-03-19 00:00:00+00:00,32.4665,41.16413,23.671688
2032-03-20 00:00:00+00:00,32.179054,40.980843,22.678614
2032-03-21 00:00:00+00:00,33.091606,42.797554,23.03554
2032-03-22 00:00:00+00:00,33.104164,42.464268,23.342466
2032-03-23 00:00:00+00:00,30.61672,35.580975,23.599392
2032-03-24 00:00:00+00:00,32.029278,39.947685,24.256323
2032-03-25 00:00:00+00:00,32.741833,40.714397,24.413248
2032-03-26 00:00:00+00:00,34.50439,41.431103,27.470175
2032-03-27 00:00:00+00:00,32.516945,38.797817,25.377102
2032-03-28 00:00:00+00:00,31.529501,38.26453,25.834028
2032-03-29 00:00:00+00:00,32.992054,40.231236,25.640953
2032-03-30 00:00:00+00:00,33.704613,41.54795,24.69788
2032-03-31 00:00:00+00:00,34.06717,41.764656,26.054808
2032-04-01 00:00:00+00:00,34.129726,42.18137,26.061733
2032-04-02 00:00:00+00:00,33.092285,41.74808,23.46866
2032-04-03 00:00:00+00:00,32.854836,41.91479,22.625587
2032-04-04 00:00:00+00:00,32.167393,41.581497,22.482515
2032-04-05 00:00:00+00:00,32.92995,42.49821,22.88944
2032-04-06 00:00:00+00:00,32.992504,43.11492,21.946365
2032-04-07 00:00:00+00:00,33.155064,42.931637,23.103294
2032-04-08 00:00:00+00:00,33.617615,43.448345,23.360222
2032-04-09 00:00:00+00:00,32.83017,41.565056,23.917149
2032-04-10 00:00:00+00:00,32.692726,41.381763,23.474075
2032-04-11 00:00:00+00:00,33.505283,42.89847,23.131002
2032-04-12 00:00:00+00:00,34.56784,43.665184,25.637928
2032-04-13 00:00:00+00:00,34.730396,44.881897,24.694855
2032-04-14 00:00:00+00:00,34.392952,43.248608,24.70178
2032-04-15 00:00:00+00:00,34.30551,42.815323,25.008707
2032-04-16 00:00:00+00:00,34.018066,42.23203,24.865637
2032-04-17 00:00:00+00:00,33.880623,41.84874,24.97256
2032-04-18 00:00:00+00:00,33.643177,41.665447,24.42949
2032-04-19 00:00:00+00:00,33.75573,41.182156,25.936417
2032-04-20 00:00:00+00:00,34.66829,43.24887,25.843344
2032-04-21 00:00:00+00:00,34.630844,43.065582,25.10027
2032-04-22 00:00:00+00:00,32.6934,40.88229,24.657194
2032-04-23 00:00:00+00:00,32.005955,40.249004,22.914124
2032-04-24 00:00:00+00:00,31.668514,39.315712,22.721048
2032-04-25 00:00:00+00:00,32.581066,39.932423,24.177975
2032-04-26 00:00:00+00:00,34.143627,42.19913,25.484903
2032-04-27 00:00:00+00:00,35.95618,43.515842,25.741829
2032-04-28 00:00:00+00:00,35.068733,39.982555,29.198753
2032-04-29 00:00:00+00:00,35.731293,42.49926,27.755684
2032-04-30 00:00:00+00:00,34.943855,43.26598,25.61261
2032-05-01 00:00:00+00:00,34.256405,42.282684,25.169535
2032-05-02 00:00:00+00:00,31.66896,38.999397,23.726461
2032-05-03 00:00:00+00:00,29.598087,35.583237,23.159336
2032-05-04 00:00:00+00:00,30.516073,37.80613,22.484192
2032-05-05 00:00:00+00:00,31.184057,38.87901,22.65905
2032-05-06 00:00:00+00:00,30.352041,37.601894,22.033905
2032-05-07 00:00:00+00:00,30.270025,38.324783,21.20876
2032-05-08 00:00:00+00:00,29.938005,37.347664,21.433619
2032-05-09 00:00:00+00:00,30.405994,37.620552,22.008472
2032-05-10 00:00:00+00:00,30.423977,36.693436,23.183329
2032-05-11 00:00:00+00:00,30.741962,37.966324,23.058186
2032-05-12 00:00:00+00:00,30.059946,37.88921,21.983042
2032-05-13 00:00:00+00:00,31.42793,39.61209,22.757898
2032-05-14 00:00:00+00:00,31.895914,39.984974,23.482756
2032-05-15 00:00:00+00:00,33.263897,42.407864,23.657612
2032-05-16 00:00:00+00:00,33.48188,42.780746,23.932468
2032-05-17 00:00:00+00:00,32.54987,40.453632,24.007322
2032-05-18 00:00:00+00:00,30.767853,33.97652,26.832182
2032-05-19 00:00:00+00:00,33.535835,39.949406,26.207035
2032-05-20 00:00:00+00:00,30.953823,34.87229,26.831892
2032-05-21 00:00:00+00:00,31.121805,37.29517,24.40675
2032-05-22 00:00:00+00:00,32.83979,39.66806,25.031609
2032-05-23 00:00:00+00:00,34.507774,42.740944,26.45646
2032-05-24 00:00:00+00:00,34.17576,42.46383,25.531319
2032-05-25 00:00:00+00:00,33.343742,38.736717,27.706177
2032-05-26 00:00:00+00:00,33.46173,39.6096,26.931034
2032-05-27 00:00:00+00:00,33.129707,39.482487,26.455887
2032-05-28 00:00:00+00:00,33.1977,40.95537,24.980743
2032-05-29 00:00:00+00:00,32.215675,38.878258,25.6056
2032-05-30 00:00:00+00:00,31.983662,38.101143,25.780457
2032-05-31 00:00:00+00:00,33.15165,40.824028,25.705313
2032-06-01 00:00:00+00:00,34.96963,45.14691,25.530169
2032-06-02 00:00:00+00:00,33.387615,40.719795,25.755026
2032-06-03 00:00:00+00:00,32.7556,40.992683,25.57988
2032-06-04 00:00:00+00:00,30.873585,37.815567,23.704739
2032-06-05 00:00:00+00:00,29.84157,36.08845,22.979591
2032-06-06 00:00:00+00:00,30.609554,36.111336,24.304451
2032-06-07 00:00:00+00:00,32.777534,39.03423,25.779306
2032-06-08 00:00:00+00:00,32.74552,39.35711,25.304163
2032-06-09 00:00:00+00:00,32.863506,39.829994,25.279018
2032-06-10 00:00:00+00:00,32.881493,40.55288,26.003874
2032-06-11 00:00:00+00:00,32.099472,40.575768,23.62873
2032-06-12 00:00:00+00:00,32.01746,37.998653,26.053589
2032-06-13 00:00:00+00:00,32.185444,37.371536,26.528444
2032-06-14 00:00:00+00:00,31.653427,36.394417,26.8533
2032-06-15 00:00:00+00:00,32.021408,38.96731,25.678158
2032-06-16 00:00:00+00:00,32.689396,40.990192,24.103014
2032-06-17 00:00:00+00:00,33.60738,38.41308,29.227869
2032-06-18 00:00:00+00:00,30.625364,36.385963,24.852724
2032-06-19 00:00:00+00:00,31.843348,38.35885,25.577583
2032-06-20 00:00:00+00:00,32.51133,39.431736,24.852438
2032-06-21 00:00:00+00:00,31.02932,35.30462,27.227293
2032-06-22 00:00:00+00:00,31.097301,36.477505,25.652153
2032-06-23 00:00:00+00:00,31.015284,36.55039,25.177008
2032-06-24 00:00:00+00:00,32.23327,38.623272,25.751863
2032-06-25 00:00:00+00:00,32.201256,39.346153,25.17672
2032-06-26 00:00:00+00:00,30.169237,35.269047,25.401577
2032-06-27 00:00:00+00:00,31.237223,37.39193,24.976433
2032-06-28 00:00:00+00:00,33.705208,40.31482,26.301289
2032-06-29 00:00:00+00:00,32.62319,39.4377,26.126144
2032-06-30 00:00:00+00:00,31.991173,38.060585,25.551003
2032-07-01 00:00:00+00:00,32.25916,37.93347,26.32586
2032-07-02 00:00:00+00:00,32.627144,39.75636,26.100712
2032-07-03 00:00:00+00:00,32.498344,40.565716,25.033194
2032-07-04 00:00:00+00:00,31.770004,38.52314,25.01676
2032-07-05 00:00:00+00:00,30.64166,34.980564,25.850327
2032-07-06 00:00:00+00:00,31.663324,37.38799,25.683895
2032-07-07 00:00:00+00:00,33.184982,39.645416,25.967459
2032-07-08 00:00:00+00:00,33.906643,40.40284,26.951029
2032-07-09 00:00:00+00:00,31.8283,38.81027,25.884596
2032-07-10 00:00:00+00:00,32.24996,38.31769,25.018162
2032-07-11 00:00:00+00:00,31.521618,35.27512,28.251728
2032-07-12 00:00:00+00:00,29.69328,33.782547,25.985296
2032-07-13 00:00:00+00:00,31.21494,35.939972,26.918863
2032-07-14 00:00:00+00:00,31.786596,37.6974,26.552431
2032-07-15 00:00:00+00:00,31.508255,37.00482,27.085997
2032-07-16 00:00:00+00:00,31.279917,37.81225,25.219563
2032-07-17 00:00:00+00:00,29.151575,33.31968,25.353128
2032-07-18 00:00:00+00:00,28.073235,32.1771,23.636698
2032-07-19 00:00:00+00:00,30.294895,35.234528,25.620266
2032-07-20 00:00:00+00:00,31.066555,37.541954,24.65383
2032-07-21 00:00:00+00:00,32.43821,40.799377,24.9374
2032-07-22 00:00:00+00:00,30.709875,35.356804,26.070967
2032-07-23 00:00:00+00:00,28.681528,32.21423,25.754534
2032-07-24 00:00:00+00:00,25.003191,26.971659,23.9381
2032-07-25 00:00:00+00:00,27.524849,31.729084,23.921669
2032-07-26 00:00:00+00:00,30.24651,34.736507,26.055233
2032-07-27 00:00:00+00:00,30.56817,35.843933,25.3888
2032-07-28 00:00:00+00:00,29.13983,32.65136,26.222368
2032-07-29 00:00:00+00:00,29.011488,32.908783,25.755934
2032-07-30 00:00:00+00:00,30.933146,35.86621,25.6395
2032-07-31 00:00:00+00:00,32.30481,39.82364,26.773067
2032-08-01 00:00:00+00:00,30.426468,35.681065,24.406637
2032-08-02 00:00:00+00:00,28.698128,32.838486,26.090202
2032-08-03 00:00:00+00:00,29.919785,35.29591,24.47377
2032-08-04 00:00:00+00:00,31.191444,36.75334,25.75734
2032-08-05 00:00:00+00:00,31.663103,38.31077,25.890905
2032-08-06 00:00:00+00:00,30.134762,34.468193,25.874472
2032-08-07 00:00:00+00:00,29.606424,33.875618,26.30804
2032-08-08 00:00:00+00:00,29.02808,34.683044,24.141607
2032-08-09 00:00:00+00:00,30.849741,37.290466,25.725172
2032-08-10 00:00:00+00:00,30.4714,37.347893,23.90874
2032-08-11 00:00:00+00:00,24.043058,26.70532,20.692307
2032-08-12 00:00:00+00:00,23.714718,25.462748,20.525873
2032-08-13 00:00:00+00:00,27.886381,30.970173,24.859442
2032-08-14 00:00:00+00:00,30.458038,38.1776,25.343006
2032-08-15 00:00:00+00:00,29.8797,34.385025,25.226572
2032-08-16 00:00:00+00:00,28.80136,30.54245,27.060143
2032-08-17 00:00:00+00:00,30.423014,38.399876,24.99371
2032-08-18 00:00:00+00:00,29.244678,33.3573,25.327274
2032-08-19 00:00:00+00:00,27.466335,30.214725,24.960844
2032-08-20 00:00:00+00:00,29.637997,35.172153,25.24441
2032-08-21 00:00:00+00:00,30.659657,36.57958,25.377977
2032-08-22 00:00:00+00:00,25.731312,26.537004,25.261545
2032-08-23 00:00:00+00:00,28.552973,32.944427,25.19511
2032-08-24 00:00:00+00:00,29.17463,34.051857,24.278679
2032-08-25 00:00:00+00:00,30.19629,35.309284,24.912245
2032-08-26 00:00:00+00:00,31.717955,39.066704,25.545813
2032-08-27 00:00:00+00:00,30.78961,37.02413,26.079378
2032-08-28 00:00:00+00:00,26.66127,29.581558,23.662947
2032-08-29 00:00:00+00:00,29.882929,34.988983,24.996511
2032-08-30 00:00:00+00:00,31.00459,36.696415,25.68008
2032-08-31 00:00:00+00:00,30.976244,36.703835,25.463648
2032-09-01 00:00:00+00:00,31.447906,37.26126,25.997215
2032-09-02 00:00:00+00:00,30.532639,35.693867,25.224787
2032-09-03 00:00:00+00:00,30.267378,33.476482,27.00236
2032-09-04 00:00:00+00:00,29.702112,33.659084,26.229933
2032-09-05 00:00:00+00:00,31.986853,39.341698,25.657507
2032-09-06 00:00:00+00:00,29.171583,36.424305,24.185074
2032-09-07 00:00:00+00:00,24.20632,26.506918,22.962648
2032-09-08 00:00:00+00:00,24.741056,26.239525,22.690222
2032-09-09 00:00:00+00:00,32.37579,40.222137,25.567793
2032-09-10 00:00:00+00:00,30.66053,36.304745,25.295366
2032-09-11 00:00:00+00:00,27.195263,33.587353,23.272942
2032-09-12 00:00:00+00:00,27.029999,31.919964,22.40051
2032-09-13 00:00:00+00:00,29.514734,33.002575,25.428083
2032-09-14 00:00:00+00:00,31.049469,35.785183,27.555656
2032-09-15 00:00:00+00:00,26.684204,29.417793,25.033228
2032-09-16 00:00:00+00:00,27.318937,31.650398,24.410803
2032-09-17 00:00:00+00:00,30.403675,36.13301,24.788372
2032-09-18 00:00:00+00:00,32.28841,38.515617,25.915945
2032-09-19 00:00:00+00:00,30.723148,35.29823,26.043518
2032-09-20 00:00:00+00:00,29.857882,34.230835,26.571093
2032-09-21 00:00:00+00:00,30.992619,36.263447,25.898664
2032-09-22 00:00:00+00:00,33.327354,40.346058,26.326239
2032-09-23 00:00:00+00:00,34.012085,40.228664,28.903809
2032-09-24 00:00:00+00:00,33.096825,39.561275,26.73138
2032-09-25 00:00:00+00:00,31.781555,39.343884,24.608953
2032-09-26 00:00:00+00:00,31.316296,39.176495,24.136526
2032-09-27 00:00:00+00:00,30.601028,37.059105,24.164099
2032-09-28 00:00:00+00:00,30.135765,35.141712,24.54167
2032-09-29 00:00:00+00:00,30.070503,34.224316,25.519245
2032-09-30 00:00:00+00:00,33.505234,38.956932,26.896816
2032-10-01 00:00:00+00:00,33.78997,37.63954,30.524387
2032-10-02 00:00:00+00:00,31.124708,35.122147,28.30196
2032-10-03 00:00:00+00:00,32.25944,39.45476,24.229532
2032-10-04 00:00:00+00:00,33.64418,40.887363,25.957108
2032-10-05 00:00:00+00:00,30.978916,33.419975,28.784678
2032-10-06 00:00:00+00:00,26.81365,30.252586,23.512249
2032-10-07 00:00:00+00:00,28.048384,33.935196,22.839823
2032-10-08 00:00:00+00:00,32.93312,39.7678,26.517397
2032-10-09 00:00:00+00:00,34.167854,41.950417,26.844967
2032-10-10 00:00:00+00:00,31.55259,36.383022,27.47254
2032-10-11 00:00:00+00:00,30.337326,35.61563,26.750116
2032-10-12 00:00:00+00:00,24.172064,25.04824,22.827686
2032-10-13 00:00:00+00:00,23.006796,24.230852,22.40526
2032-10-14 00:00:00+00:00,26.141533,27.863457,23.93283
2032-10-15 00:00:00+00:00,27.576267,31.09607,25.410402
2032-10-16 00:00:00+00:00,27.961004,31.128677,25.487974
2032-10-17 00:00:00+00:00,29.145739,32.511284,26.565548
2032-10-18 00:00:00+00:00,29.430475,33.843895,25.643122
2032-10-19 00:00:00+00:00,29.615208,33.476505,26.570694
2032-10-20 00:00:00+00:00,29.799948,35.809113,25.298265
2032-10-21 00:00:00+00:00,32.084682,38.141724,26.87584
2032-10-22 00:00:00+00:00,30.11942,31.324333,28.75341
2032-10-23 00:00:00+00:00,30.954153,36.356945,26.680984
2032-10-24 00:00:00+00:00,31.938889,39.03955,26.508556
2032-10-25 00:00:00+00:00,31.623623,38.87216,26.23613
2032-10-26 00:00:00+00:00,30.65836,37.35477,25.4637
2032-10-27 00:00:00+00:00,30.543097,37.13738,24.891273
2032-10-28 00:00:00+00:00,28.62783,33.46999,25.618845
2032-10-29 00:00:00+00:00,32.762566,39.5026,27.74642
2032-10-30 00:00:00+00:00,31.0473,38.735207,23.273993
2032-10-31 00:00:00+00:00,30.332035,35.117817,26.85156
2032-11-01 00:00:00+00:00,30.114096,35.19845,25.627
2032-11-02 00:00:00+00:00,30.927418,38.065247,25.3375
2032-11-03 00:00:00+00:00,30.990744,39.582043,23.497997
2032-11-04 00:00:00+00:00,30.154064,38.298843,22.758493
2032-11-05 00:00:00+00:00,30.01739,35.665646,24.568989
2032-11-06 00:00:00+00:00,28.830711,33.83244,23.779491
2032-11-07 00:00:00+00:00,28.994036,35.199245,22.789988
2032-11-08 00:00:00+00:00,30.657356,37.766037,24.900486
2032-11-09 00:00:00+00:00,29.420683,36.732838,23.160982
2032-11-10 00:00:00+00:00,29.634005,37.499638,22.171484
2032-11-11 00:00:00+00:00,30.14733,38.616436,22.381979
2032-11-12 00:00:00+00:00,29.660652,37.93323,22.042477
2032-11-13 00:00:00+00:00,29.873978,37.950027,21.852976
2032-11-14 00:00:00+00:00,30.987297,39.316833,22.813473
2032-11-15 00:00:00+00:00,31.300623,38.683628,24.773972
2032-11-16 00:00:00+00:00,28.963945,37.750427,20.88447
2032-11-17 00:00:00+00:00,28.42727,37.367226,19.744967
2032-11-18 00:00:00+00:00,27.890593,36.184025,20.205463
2032-11-19 00:00:00+00:00,27.853918,36.20082,19.915962
2032-11-20 00:00:00+00:00,28.71724,36.66762,20.876461
2032-11-21 00:00:00+00:00,28.530563,35.18442,22.38696
2032-11-22 00:00:00+00:00,28.693884,37.00122,21.597456
2032-11-23 00:00:00+00:00,27.457209,35.218018,20.557955
2032-11-24 00:00:00+00:00,26.87053,33.484818,21.11845
2032-11-25 00:00:00+00:00,26.733854,31.70161,23.12895
2032-11-26 00:00:00+00:00,26.897177,34.31841,20.389448
2032-11-27 00:00:00+00:00,26.760504,34.685207,19.749945
2032-11-28 00:00:00+00:00,27.173824,34.60201,19.960443
2032-11-29 00:00:00+00:00,27.33715,35.468807,19.670942
2032-11-30 00:00:00+00:00,27.500473,35.435608,19.431438
2032-12-01 00:00:00+00:00,28.113796,35.90241,21.491938
2032-12-02 00:00:00+00:00,26.67712,32.8692,21.402435
2032-12-03 00:00:00+00:00,26.190443,33.986,19.86293
2032-12-04 00:00:00+00:00,25.303766,33.1028,18.573431
2032-12-05 00:00:00+00:00,24.967089,32.869595,17.333931
2032-12-06 00:00:00+00:00,24.430412,32.786392,17.044426
2032-12-07 00:00:00+00:00,26.343735,34.003197,18.904922
2032-12-08 00:00:00+00:00,26.707058,33.969994,21.215424
2032-12-09 00:00:00+00:00,26.620382,35.48679,17.82592
2032-12-10 00:00:00+00:00,25.633705,31.25359,21.286417
2032-12-11 00:00:00+00:00,26.04703,31.870392,21.846916
2032-12-12 00:00:00+00:00,23.41035,27.137188,18.307415
2032-12-13 00:00:00+00:00,26.873676,32.703983,22.067911
2032-12-14 00:00:00+00:00,25.436998,32.570786,19.478407
2032-12-15 00:00:00+00:00,25.500322,32.83758,19.688908
2032-12-16 00:00:00+00:00,25.213646,33.30438,18.249405
2032-12-17 00:00:00+00:00,26.126968,34.32118,17.959904
2032-12-18 00:00:00+00:00,27.690292,34.037975,20.620401
2032-12-19 00:00:00+00:00,27.353615,32.404778,23.680899
2032-12-20 00:00:00+00:00,25.916939,30.521576,22.191399
2032-12-21 00:00:00+00:00,24.98026,30.738373,19.951895
2032-12-22 00:00:00+00:00,24.943586,29.805172,21.11239
2032-12-23 00:00:00+00:00,24.606909,31.671967,17.62289
2032-12-24 00:00:00+00:00,23.420233,29.088768,17.683388
2032-12-25 00:00:00+00:00,24.983555,32.50557,17.493885
2032-12-26 00:00:00+00:00,25.546879,30.672363,20.304384
2032-12-27 00:00:00+00:00,23.160202,25.189163,20.46488
2032-12-28 00:00:00+00:00,26.623528,32.055965,19.72538
2032-12-29 00:00:00+00:00,28.186848,30.372757,25.885876
2032-12-30 00:00:00+00:00,25.450174,28.28956,23.146376
2032-12-31 00:00:00+00:00,24.363495,30.556358,20.706873
2033-01-01 00:00:00+00:00,23.823423,31.019844,17.363892
2033-01-02 00:00:00+00:00,24.123165,30.62342,18.61047
2033-01-03 00:00:00+00:00,24.922905,32.32699,17.15705
2033-01-04 00:00:00+00:00,26.372646,33.230564,19.503628
2033-01-05 00:00:00+00:00,27.97239,36.134132,20.400208
2033-01-06 00:00:00+00:00,27.822132,34.7877,21.14679
2033-01-07 00:00:00+00:00,26.971872,34.141273,20.343369
2033-01-08 00:00:00+00:00,27.021614,33.644844,21.88995
2033-01-09 00:00:00+00:00,25.971354,32.248413,21.336527
2033-01-10 00:00:00+00:00,24.871098,31.101982,20.083107
2033-01-11 00:00:00+00:00,23.920841,32.70556,15.879686
2033-01-12 00:00:00+00:00,23.97058,30.909126,18.176268
2033-01-13 00:00:00+00:00,24.320322,31.912697,18.522846
2033-01-14 00:00:00+00:00,25.470064,31.966267,18.619425
2033-01-15 00:00:00+00:00,24.369806,31.719837,18.116005
2033-01-16 00:00:00+00:00,24.069546,32.223408,17.262587
2033-01-17 00:00:00+00:00,24.619287,32.926983,18.109163
2033-01-18 00:00:00+00:00,24.66903,33.28055,17.855743
2033-01-19 00:00:00+00:00,25.16877,33.63412,18.402327
2033-01-20 00:00:00+00:00,25.768515,34.137688,19.198902
2033-01-21 00:00:00+00:00,26.868252,35.041264,20.845482
2033-01-22 00:00:00+00:00,27.267996,35.29483,20.992064
2033-01-23 00:00:00+00:00,27.467737,36.098404,20.338642
2033-01-24 00:00:00+00:00,27.26748,36.10197,18.985224
2033-01-25 00:00:00+00:00,27.217218,35.955544,19.631804
2033-01-26 00:00:00+00:00,27.466963,35.809113,19.82838
2033-01-27 00:00:00+00:00,26.816702,32.612682,21.724962
2033-01-28 00:00:00+00:00,26.316444,34.116253,19.17154
2033-01-29 00:00:00+00:00,26.716187,35.569824,18.31812
2033-01-30 00:00:00+00:00,27.165926,34.8234,19.6647
2033-01-31 00:00:00+00:00,27.315668,34.37697,19.96128
2033-02-01 00:00:00+00:00,27.315413,33.38054,21.757858
2033-02-02 00:00:00+00:00,28.365152,34.134106,23.50444
2033-02-03 00:00:00+00:00,26.614893,29.687677,24.601017
2033-02-04 00:00:00+00:00,26.264635,30.791252,23.297598
2033-02-05 00:00:00+00:00,27.014378,31.344818,23.094177
2033-02-06 00:00:00+00:00,26.164118,30.598392,22.090757
2033-02-07 00:00:00+00:00,25.163858,30.351963,20.487337
2033-02-08 00:00:00+00:00,27.7136,34.90553,19.283916
2033-02-09 00:00:00+00:00,31.213343,37.009106,24.080496
2033-02-10 00:00:00+00:00,30.563086,35.062675,26.527075
2033-02-11 00:00:00+00:00,27.812828,33.066246,24.123655
2033-02-12 00:00:00+00:00,27.362564,34.069813,21.020233
2033-02-13 00:00:00+00:00,26.962307,33.823383,19.466816
2033-02-14 00:00:00+00:00,25.91205,32.02696,19.363396
2033-02-15 00:00:00+00:00,25.31179,28.930527,20.009974
2033-02-16 00:00:00+00:00,26.161533,30.584099,22.356554
2033-02-17 00:00:00+00:00,26.161276,34.38767,18.103134
2033-02-18 00:00:00+00:00,27.511019,35.79124,19.899714
2033-02-19 00:00:00+00:00,29.510756,38.84481,20.346292
2033-02-20 00:00:00+00:00,31.210499,40.49838,21.642872
2033-02-21 00:00:00+00:00,30.56024,38.50195,21.139452
2033-02-22 00:00:00+00:00,31.909979,39.95552,23.286032
2033-02-23 00:00:00+00:00,33.009727,41.559093,23.832611
2033-02-24 00:00:00+00:00,31.359465,40.762665,21.579191
2033-02-25 00:00:00+00:00,30.609207,39.416233,21.425772
2033-02-26 00:00:00+00:00,30.908949,40.069805,21.52235
2033-02-27 00:00:00+00:00,31.30869,39.773373,23.06893
2033-02-28 00:00:00+00:00,30.658432,39.276943,22.46551
2033-03-01 00:00:00+00:00,30.70817,39.330513,23.062088
2033-03-02 00:00:00+00:00,30.707914,39.234085,22.258669
2033-03-03 00:00:00+00:00,29.91246,38.942585,20.459127
2033-03-04 00:00:00+00:00,29.775017,39.359295,19.916056
2033-03-05 00:00:00+00:00,30.287573,39.276005,20.52298
2033-03-06 00:00:00+00:00,28.050129,36.042717,20.729906
2033-03-07 00:00:00+00:00,26.362686,34.309425,18.536837
2033-03-08 00:00:00+00:00,27.575243,36.22614,18.243761
2033-03-09 00:00:00+00:00,29.887796,38.59285,20.600689
2033-03-10 00:00:00+00:00,31.300354,39.909554,22.257614
2033-03-11 00:00:00+00:00,31.86291,38.826267,26.21454
2033-03-12 00:00:00+00:00,30.025465,36.64298,25.07147
2033-03-13 00:00:00+00:00,28.038023,35.459686,21.728395
2033-03-14 00:00:00+00:00,27.30058,35.6764,19.635323
2033-03-15 00:00:00+00:00,27.313135,36.19311,17.842249
2033-03-16 00:00:00+00:00,29.225689,38.259823,19.849174
2033-03-17 00:00:00+00:00,30.688248,40.076534,21.2061
2033-03-18 00:00:00+00:00,31.3008,40.993244,21.51303
2033-03-19 00:00:00+00:00,31.663359,41.009953,22.119955
2033-03-20 00:00:00+00:00,32.525913,41.626667,23.376883
2033-03-21 00:00:00+00:00,32.43847,40.743374,23.483809
2033-03-22 00:00:00+00:00,30.751028,34.260086,27.690735
2033-03-23 00:00:00+00:00,33.71358,41.4268,27.69766
2033-03-24 00:00:00+00:00,33.076138,41.49351,23.75459
2033-03-25 00:00:00+00:00,32.83869,40.610218,25.961515
2033-03-26 00:00:00+00:00,31.70125,39.026928,24.218441
2033-03-27 00:00:00+00:00,31.713804,39.193638,24.47537
2033-03-28 00:00:00+00:00,32.326363,39.910347,24.432297
2033-03-29 00:00:00+00:00,33.03892,41.477062,23.839222
2033-03-30 00:00:00+00:00,35.501472,43.94377,27.796148
2033-03-31 00:00:00+00:00,34.564034,42.910484,25.853073
2033-04-01 00:00:00+00:00,33.176586,39.927193,26.36
2033-04-02 00:00:00+00:00,33.03914,41.0439,24.866928
2033-04-03 00:00:00+00:00,32.4517,41.71061,23.323856
2033-04-04 00:00:00+00:00,31.714252,40.627323,22.680782
2033-04-05 00:00:00+00:00,31.926811,40.594032,23.68771
2033-04-06 00:00:00+00:00,31.489365,40.910748,22.794636
2033-04-07 00:00:00+00:00,31.851923,40.92746,23.051561
2033-04-08 00:00:00+00:00,32.714478,41.594162,23.35849
2033-04-09 00:00:00+00:00,33.177032,40.31088,27.165417
2033-04-10 00:00:00+00:00,33.839584,42.077587,25.322342
2033-04-11 00:00:00+00:00,33.40214,40.644295,25.62927
2033-04-12 00:00:00+00:00,34.914703,42.411003,26.536198
2033-04-13 00:00:00+00:00,37.32726,45.07772,28.743122
2033-04-14 00:00:00+00:00,36.639812,43.59443,29.450048
2033-04-15 00:00:00+00:00,34.302372,40.21114,26.756975
2033-04-16 00:00:00+00:00,35.064926,42.67785,27.413904
2033-04-17 00:00:00+00:00,35.577484,43.99456,25.520828
2033-04-18 00:00:00+00:00,36.890038,44.511272,28.627756
2033-04-19 00:00:00+00:00,35.152596,42.72798,27.184685
2033-04-20 00:00:00+00:00,32.61515,40.044693,25.24161
2033-04-21 00:00:00+00:00,31.327705,39.711403,21.898533
2033-04-22 00:00:00+00:00,32.24026,40.17812,23.805464
2033-04-23 00:00:00+00:00,32.402817,40.444828,23.91239
2033-04-24 00:00:00+00:00,32.11537,40.261536,22.869318
2033-04-25 00:00:00+00:00,31.677929,40.878246,21.176243
2033-04-26 00:00:00+00:00,33.090485,42.294956,22.983171
2033-04-27 00:00:00+00:00,33.95304,43.711666,23.390097
2033-04-28 00:00:00+00:00,32.765594,42.028378,23.147024
2033-04-29 00:00:00+00:00,33.32815,43.345085,23.40395
2033-04-30 00:00:00+00:00,33.64071,43.361797,23.160877
2033-05-01 00:00:00+00:00,33.003265,40.02851,25.567804
2033-05-02 00:00:00+00:00,33.56582,41.995213,24.97473
2033-05-03 00:00:00+00:00,33.35609,42.540016,24.565622
2033-05-04 00:00:00+00:00,32.374077,40.662907,23.890478
2033-05-05 00:00:00+00:00,32.692062,39.435787,25.915335
2033-05-06 00:00:00+00:00,32.76004,39.40867,25.740192
2033-05-07 00:00:00+00:00,31.378029,38.631557,23.365046
2033-05-08 00:00:00+00:00,33.096012,43.054447,22.989902
2033-05-09 00:00:00+00:00,34.064,44.527332,24.01476
2033-05-10 00:00:00+00:00,31.83198,39.45022,23.989616
2033-05-11 00:00:00+00:00,30.399967,37.073097,23.964472
2033-05-12 00:00:00+00:00,31.06795,37.745987,23.489328
2033-05-13 00:00:00+00:00,32.935936,40.018867,24.864185
2033-05-14 00:00:00+00:00,33.15392,39.29176,26.03904
2033-05-15 00:00:00+00:00,34.0219,40.46464,26.213898
2033-05-16 00:00:00+00:00,34.639885,41.387527,27.888754
2033-05-17 00:00:00+00:00,34.057873,43.060413,25.013609
2033-05-18 00:00:00+00:00,32.82586,41.4333,24.238462
2033-05-19 00:00:00+00:00,32.29384,40.15618,23.463322
2033-05-20 00:00:00+00:00,32.261826,40.12907,24.58818
2033-05-21 00:00:00+00:00,32.12981,40.35195,23.263035
2033-05-22 00:00:00+00:00,33.54779,42.37484,23.537893
2033-05-23 00:00:00+00:00,35.56578,42.847725,26.562748
2033-05-24 00:00:00+00:00,34.483757,40.320614,28.687603
2033-05-25 00:00:00+00:00,35.101746,43.64349,26.312462
2033-05-26 00:00:00+00:00,36.369728,44.766376,26.737316
2033-05-27 00:00:00+00:00,32.437714,37.439266,26.712172
2033-05-28 00:00:00+00:00,32.2057,35.812153,27.987028
2033-05-29 00:00:00+00:00,34.57368,39.93503,28.211887
2033-05-30 00:00:00+00:00,36.191666,44.207916,27.736744
2033-05-31 00:00:00+00:00,35.00965,43.830807,26.111599
2033-06-01 00:00:00+00:00,32.477634,38.653694,26.686453
2033-06-02 00:00:00+00:00,30.69562,35.576576,25.111311
2033-06-03 00:00:00+00:00,31.513607,36.34946,25.886168
2033-06-04 00:00:00+00:00,32.23159,37.322346,26.511024
2033-06-05 00:00:00+00:00,32.59957,38.995235,25.485878
2033-06-06 00:00:00+00:00,34.46756,41.818115,26.510736
2033-06-07 00:00:00+00:00,33.835545,40.440998,26.43559
2033-06-08 00:00:00+00:00,32.45352,39.363888,25.06045
2033-06-09 00:00:00+00:00,33.52151,41.236774,25.235304
2033-06-10 00:00:00+00:00,35.339493,43.65966,27.510162
2033-06-11 00:00:00+00:00,32.70748,39.43254,25.635015
2033-06-12 00:00:00+00:00,31.975464,39.355427,25.659876
2033-06-13 00:00:00+00:00,29.943447,37.028316,22.684729
2033-06-14 00:00:00+00:00,30.41143,38.0012,22.409586
2033-06-15 00:00:00+00:00,31.979416,39.57408,23.534443
2033-06-16 00:00:00+00:00,32.7474,40.646973,24.4093
2033-06-17 00:00:00+00:00,31.215382,37.519855,24.834154
2033-06-18 00:00:00+00:00,32.88337,38.592743,26.409014
2033-06-19 00:00:00+00:00,32.251354,37.315624,26.783869
2033-06-20 00:00:00+00:00,32.469337,37.73851,27.008724
2033-06-21 00:00:00+00:00,32.93732,41.2614,24.48358
2033-06-22 00:00:00+00:00,31.255304,37.43428,24.708435
2033-06-23 00:00:00+00:00,32.92329,39.35717,25.983295
2033-06-24 00:00:00+00:00,33.841274,40.180054,28.20815
2033-06-25 00:00:00+00:00,34.15926,43.502937,26.883003
2033-06-26 00:00:00+00:00,33.277245,39.82582,26.707863
2033-06-27 00:00:00+00:00,32.595226,39.548706,25.982718
2033-06-28 00:00:00+00:00,32.413216,38.77159,25.757574
2033-06-29 00:00:00+00:00,29.981195,32.39448,27.582434
2033-06-30 00:00:00+00:00,30.59918,35.117363,27.257286
2033-07-01 00:00:00+00:00,32.567165,40.890247,24.732143
2033-07-02 00:00:00+00:00,31.485147,38.663136,24.757
2033-07-03 00:00:00+00:00,31.85543,38.72636,25.6873
2033-07-04 00:00:00+00:00,26.627089,29.98378,24.620869
2033-07-05 00:00:00+00:00,29.848747,36.29121,23.204437
2033-07-06 00:00:00+00:00,31.520409,37.398636,25.138
2033-07-07 00:00:00+00:00,32.892067,40.25606,25.821568
2033-07-08 00:00:00+00:00,33.363728,41.363487,25.555136
2033-07-09 00:00:00+00:00,32.83539,37.020916,27.7387
2033-07-10 00:00:00+00:00,32.907043,39.678337,26.92227
2033-07-11 00:00:00+00:00,31.678703,37.685764,25.405838
2033-07-12 00:00:00+00:00,32.450363,37.693188,26.739405
2033-07-13 00:00:00+00:00,29.872023,35.700615,27.422968
2033-07-14 00:00:00+00:00,32.943684,40.85804,25.70654
2033-07-15 00:00:00+00:00,34.265343,40.815464,26.790106
2033-07-16 00:00:00+00:00,33.037003,37.872894,28.423674
2033-07-17 00:00:00+00:00,31.308659,36.93032,26.657238
2033-07-18 00:00:00+00:00,29.380322,34.437748,24.440805
2033-07-19 00:00:00+00:00,31.15198,36.345173,25.924374
2033-07-20 00:00:00+00:00,32.27364,39.052597,25.857943
2033-07-21 00:00:00+00:00,30.7953,37.31002,24.541506
2033-07-22 00:00:00+00:00,31.016956,36.567448,24.975073
2033-07-23 00:00:00+00:00,30.988619,36.674873,25.75864
2033-07-24 00:00:00+00:00,27.860273,31.582302,26.492208
2033-07-25 00:00:00+00:00,29.331936,33.989727,24.275776
2033-07-26 00:00:00+00:00,30.653597,35.34715,25.859343
2033-07-27 00:00:00+00:00,30.475254,36.254578,24.89291
2033-07-28 00:00:00+00:00,31.646912,38.712006,24.676476
2033-07-29 00:00:00+00:00,31.418573,37.119434,25.860043
2033-07-30 00:00:00+00:00,30.74023,38.576855,23.943613
2033-07-31 00:00:00+00:00,30.761892,37.484283,23.727179
2033-08-01 00:00:00+00:00,32.033546,36.641705,27.060745
2033-08-02 00:00:00+00:00,30.355211,36.09913,25.744312
2033-08-03 00:00:00+00:00,29.52687,35.506554,24.827879
2033-08-04 00:00:00+00:00,30.548529,37.163982,24.311445
2033-08-05 00:00:00+00:00,31.470188,36.17141,26.64501
2033-08-06 00:00:00+00:00,30.541851,34.378834,26.97858
2033-08-07 00:00:00+00:00,30.963507,36.38626,26.312147
2033-08-08 00:00:00+00:00,31.485168,38.793686,24.745712
2033-08-09 00:00:00+00:00,30.556828,35.70111,25.52928
2033-08-10 00:00:00+00:00,31.178488,35.90854,26.162848
2033-08-11 00:00:00+00:00,32.800144,37.96596,27.396416
2033-08-12 00:00:00+00:00,32.721806,37.47339,28.529982
2033-08-13 00:00:00+00:00,34.693466,41.280815,27.01355
2033-08-14 00:00:00+00:00,33.865124,40.038242,28.197117
2033-08-15 00:00:00+00:00,32.386784,38.34567,26.880684
2033-08-16 00:00:00+00:00,31.85844,38.353092,25.814249
2033-08-17 00:00:00+00:00,31.130102,38.260517,24.597816
2033-08-18 00:00:00+00:00,31.451761,37.417946,25.631382
2033-08-19 00:00:00+00:00,29.673422,34.225372,26.164951
2033-08-20 00:00:00+00:00,29.645082,34.532795,26.148516
2033-08-21 00:00:00+00:00,30.766737,38.79022,22.932089
2033-08-22 00:00:00+00:00,31.288397,38.697643,24.165653
2033-08-23 00:00:00+00:00,32.260056,39.105076,24.89922
2033-08-24 00:00:00+00:00,30.881716,34.6625,27.78279
2033-08-25 00:00:00+00:00,31.75338,36.969925,27.716352
2033-08-26 00:00:00+00:00,32.375034,39.57735,26.09992
2033-08-27 00:00:00+00:00,31.6967,38.684776,24.48349
2033-08-28 00:00:00+00:00,30.318352,33.492203,27.017056
2033-08-29 00:00:00+00:00,25.340015,25.949629,24.35062
2033-08-30 00:00:00+00:00,26.261671,28.557056,24.784187
2033-08-31 00:00:00+00:00,26.683332,31.214478,23.867756
2033-09-01 00:00:00+00:00,25.804993,27.37191,24.901323
2033-09-02 00:00:00+00:00,26.92396,28.985722,26.117895
2033-09-03 00:00:00+00:00,29.708694,36.31833,25.145466
2033-09-04 00:00:00+00:00,29.443432,34.650936,26.023039
2033-09-05 00:00:00+00:00,28.778166,33.33355,25.750612
2033-09-06 00:00:00+00:00,28.6629,33.116158,25.178183
2033-09-07 00:00:00+00:00,28.897636,32.14876,26.255756
2033-09-08 00:00:00+00:00,28.58237,31.981377,25.283325
2033-09-09 00:00:00+00:00,23.11711,24.563982,21.810902
2033-09-10 00:00:00+00:00,25.701841,27.346592,24.338472
2033-09-11 00:00:00+00:00,26.93658,28.8792,25.416046
2033-09-12 00:00:00+00:00,28.021313,31.261814,25.893616
2033-09-13 00:00:00+00:00,28.15605,32.744423,25.071192
2033-09-14 00:00:00+00:00,27.740784,31.227032,25.998766
2033-09-15 00:00:00+00:00,28.575521,33.25964,25.876337
2033-09-16 00:00:00+00:00,27.960255,31.242249,25.30391
2033-09-17 00:00:00+00:00,29.29499,32.874863,26.53148
2033-09-18 00:00:00+00:00,26.92973,29.307468,23.909052
2033-09-19 00:00:00+00:00,24.014462,25.740078,22.436625
2033-09-20 00:00:00+00:00,26.049194,28.122684,23.9142
2033-09-21 00:00:00+00:00,26.083933,27.905296,24.14177
2033-09-22 00:00:00+00:00,27.468668,30.537903,24.619343
2033-09-23 00:00:00+00:00,26.403406,26.620518,26.496916
2033-09-24 00:00:00+00:00,28.438137,31.703121,25.774488
2033-09-25 00:00:00+00:00,30.622877,36.135735,27.10206
2033-09-26 00:00:00+00:00,30.407612,34.96834,27.02963
2033-09-27 00:00:00+00:00,29.792347,35.350952,25.907206
2033-09-28 00:00:00+00:00,29.977083,33.833557,27.23478
2033-09-29 00:00:00+00:00,29.111816,33.616173,27.01235
2033-09-30 00:00:00+00:00,27.246553,29.548779,25.689924
2033-10-01 00:00:00+00:00,28.481287,34.131386,24.317497
2033-10-02 00:00:00+00:00,28.766022,32.013996,25.14507
2033-10-03 00:00:00+00:00,28.850761,31.746609,26.57264
2033-10-04 00:00:00+00:00,29.985495,34.479214,26.350212
2033-10-05 00:00:00+00:00,30.020231,34.96183,25.977787
2033-10-06 00:00:00+00:00,31.054966,36.294434,26.755358
2033-10-07 00:00:00+00:00,31.839699,37.97704,27.182928
2033-10-08 00:00:00+00:00,31.574438,38.559654,25.460505
2033-10-09 00:00:00+00:00,29.159172,32.99226,25.988075
2033-10-10 00:00:00+00:00,30.043907,35.574867,24.515646
2033-10-11 00:00:00+00:00,30.128641,35.30748,26.043219
2033-10-12 00:00:00+00:00,29.263378,35.340088,23.420794
2033-10-13 00:00:00+00:00,30.44811,36.122696,24.548367
2033-10-14 00:00:00+00:00,32.18285,38.655308,27.225937
2033-10-15 00:00:00+00:00,30.967585,35.937916,25.95351
2033-10-16 00:00:00+00:00,32.652325,37.120525,28.331083
2033-10-17 00:00:00+00:00,30.537056,33.253136,29.208656
2033-10-18 00:00:00+00:00,31.12179,38.135746,24.536228
2033-10-19 00:00:00+00:00,30.356527,37.36835,24.3138
2033-10-20 00:00:00+00:00,29.691263,37.100964,23.391375
2033-10-21 00:00:00+00:00,30.826,36.083572,25.268946
2033-10-22 00:00:00+00:00,32.510735,37.766182,27.646519
2033-10-23 00:00:00+00:00,32.74547,39.348793,26.37409
2033-10-24 00:00:00+00:00,31.530205,37.3314,26.35166
2033-10-25 00:00:00+00:00,30.96494,38.264008,25.629234
2033-10-26 00:00:00+00:00,30.299677,39.34662,21.806807
2033-10-27 00:00:00+00:00,30.73441,40.129227,20.234379
2033-10-28 00:00:00+00:00,31.519148,38.361835,24.76195
2033-10-29 00:00:00+00:00,31.053883,37.444443,25.239525
2033-10-30 00:00:00+00:00,30.438616,36.327057,26.517097
2033-10-31 00:00:00+00:00,29.423355,37.159664,23.54467
2033-11-01 00:00:00+00:00,29.708088,39.342274,19.822243
2033-11-02 00:00:00+00:00,30.624088,39.311047,23.284874
2033-11-03 00:00:00+00:00,29.487411,38.827847,20.645372
2033-11-04 00:00:00+00:00,28.700735,38.244644,17.855871
2033-11-05 00:00:00+00:00,29.464058,36.711445,22.766369
2033-11-06 00:00:00+00:00,28.177382,36.678246,20.476868
2033-11-07 00:00:00+00:00,27.940706,36.19504,21.037363
2033-11-08 00:00:00+00:00,27.904028,37.26184,18.797861
2033-11-09 00:00:00+00:00,28.617352,36.42864,19.95836
2033-11-10 00:00:00+00:00,30.430676,34.99544,26.718857
2033-11-11 00:00:00+00:00,29.094,37.012238,20.929356
2033-11-12 00:00:00+00:00,28.857323,36.529034,21.889853
2033-11-13 00:00:00+00:00,27.520643,36.095833,18.450354
2033-11-14 00:00:00+00:00,27.133968,34.912632,18.96085
2033-11-15 00:00:00+00:00,27.397291,35.42943,19.271345
2033-11-16 00:00:00+00:00,28.210615,35.64623,21.081846
2033-11-17 00:00:00+00:00,28.623938,36.063023,20.992342
2033-11-18 00:00:00+00:00,28.987259,36.77982,20.702839
2033-11-19 00:00:00+00:00,29.850586,37.696625,22.413338
2033-11-20 00:00:00+00:00,28.613909,35.863422,21.723837
2033-11-21 00:00:00+00:00,27.727234,34.83022,21.684334
2033-11-22 00:00:00+00:00,26.840555,34.747017,19.244831
2033-11-23 00:00:00+00:00,27.40388,34.863815,20.905329
2033-11-24 00:00:00+00:00,27.317202,33.530617,21.615826
2033-11-25 00:00:00+00:00,28.780527,36.497414,21.626326
2033-11-26 00:00:00+00:00,28.393848,36.114212,22.036823
2033-11-27 00:00:00+00:00,28.857172,37.88101,22.89732
2033-11-28 00:00:00+00:00,28.320496,38.147808,19.50782
2033-11-29 00:00:00+00:00,28.933819,38.81461,19.518316
2033-11-30 00:00:00+00:00,27.947142,35.981407,20.678814
2033-12-01 00:00:00+00:00,26.960464,32.998203,21.339312
2033-12-02 00:00:00+00:00,26.123787,33.215004,19.59981
2033-12-03 00:00:00+00:00,26.537111,34.531803,18.110306
2033-12-04 00:00:00+00:00,28.400434,35.9486,20.620806
2033-12-05 00:00:00+00:00,29.163757,36.965397,21.231306
2033-12-06 00:00:00+00:00,29.12708,36.382195,22.3418
2033-12-07 00:00:00+00:00,28.890404,36.298996,22.2023
2033-12-08 00:00:00+00:00,27.35373,35.715797,20.8128
2033-12-09 00:00:00+00:00,28.26705,36.38259,19.623295
2033-12-10 00:00:00+00:00,28.380377,36.399387,19.883793
2033-12-11 00:00:00+00:00,27.7437,35.266193,21.244293
2033-12-12 00:00:00+00:00,25.507023,32.132988,19.654789
2033-12-13 00:00:00+00:00,25.820345,30.299786,21.765287
2033-12-14 00:00:00+00:00,25.383667,30.866585,20.925785
2033-12-15 00:00:00+00:00,24.59699,32.28338,17.536283
2033-12-16 00:00:00+00:00,24.610315,32.700184,18.74678
2033-12-17 00:00:00+00:00,23.623636,29.91698,17.90728
2033-12-18 00:00:00+00:00,25.736963,33.133778,21.817778
2033-12-19 00:00:00+00:00,26.350285,35.300575,18.728273
2033-12-20 00:00:00+00:00,27.513609,36.067375,19.488771
2033-12-21 00:00:00+00:00,28.676931,34.734173,21.99927
2033-12-22 00:00:00+00:00,28.040257,31.000973,24.759766
2033-12-23 00:00:00+00:00,27.103579,33.86777,21.620266
2033-12-24 00:00:00+00:00,24.966902,33.28457,17.080763
2033-12-25 00:00:00+00:00,25.880224,34.501366,18.74126
2033-12-26 00:00:00+00:00,25.193548,33.968163,16.851759
2033-12-27 00:00:00+00:00,25.40687,32.734962,19.262259
2033-12-28 00:00:00+00:00,25.620195,33.10176,17.172754
2033-12-29 00:00:00+00:00,25.683516,29.618565,20.633253
2033-12-30 00:00:00+00:00,24.496843,27.18536,21.743752
2033-12-31 00:00:00+00:00,27.410164,32.15216,23.50425
2034-01-01 00:00:00+00:00,26.823488,33.868958,20.714746
2034-01-02 00:00:00+00:00,26.023232,32.872524,21.711329
2034-01-03 00:00:00+00:00,25.922974,34.7761,17.957907
2034-01-04 00:00:00+00:00,26.872711,35.42967,17.554487
2034-01-05 00:00:00+00:00,27.872454,37.283237,18.701065
2034-01-06 00:00:00+00:00,27.922195,36.836803,20.247646
2034-01-07 00:00:00+00:00,27.77194,37.19038,19.344223
2034-01-08 00:00:00+00:00,27.571678,36.193954,20.040804
2034-01-09 00:00:00+00:00,27.17142,34.04752,20.387383
2034-01-10 00:00:00+00:00,27.171162,36.35109,18.933962
2034-01-11 00:00:00+00:00,27.120903,35.654663,20.88054
2034-01-12 00:00:00+00:00,27.020647,35.658234,20.227121
2034-01-13 00:00:00+00:00,26.820387,35.911808,19.323702
2034-01-14 00:00:00+00:00,26.570127,35.565372,19.370281
2034-01-15 00:00:00+00:00,26.71987,36.318947,18.766861
2034-01-16 00:00:00+00:00,26.81961,34.272514,21.613441
2034-01-17 00:00:00+00:00,26.56935,33.77609,18.21002
2034-01-18 00:00:00+00:00,27.319094,35.129658,21.606598
2034-01-19 00:00:00+00:00,26.368834,33.783226,21.053177
2034-01-20 00:00:00+00:00,25.118578,32.986797,19.39976
2034-01-21 00:00:00+00:00,24.268318,31.740368,18.34634
2034-01-22 00:00:00+00:00,23.91806,30.09394,20.142918
2034-01-23 00:00:00+00:00,24.417803,33.497513,16.439497
2034-01-24 00:00:00+00:00,25.317543,34.001083,17.936077
2034-01-25 00:00:00+00:00,26.217285,35.25465,17.582657
2034-01-26 00:00:00+00:00,26.967026,34.55822,21.629236
2034-01-27 00:00:00+00:00,25.816767,32.91179,19.525816
2034-01-28 00:00:00+00:00,26.366508,34.81536,18.022396
2034-01-29 00:00:00+00:00,27.816252,35.518932,22.318974
2034-01-30 00:00:00+00:00,27.06599,36.522507,17.665554
2034-01-31 00:00:00+00:00,27.365734,36.876072,18.512136
2034-02-01 00:00:00+00:00,27.765474,37.679646,18.508715
2034-02-02 00:00:00+00:00,28.215216,37.433216,19.305292
2034-02-03 00:00:00+00:00,28.01496,35.736786,20.101873
2034-02-04 00:00:00+00:00,28.7147,37.090355,22.298452
2034-02-05 00:00:00+00:00,28.11444,36.493927,21.645033
2034-02-06 00:00:00+00:00,28.764183,36.6475,21.491611
2034-02-07 00:00:00+00:00,28.213923,35.95107,21.338192
2034-02-08 00:00:00+00:00,28.313663,36.65464,20.23477
2034-02-09 00:00:00+00:00,29.013409,37.60821,21.531351
2034-02-10 00:00:00+00:00,28.663149,38.061783,19.72793
2034-02-11 00:00:00+00:00,29.412893,38.565353,22.22451
2034-02-12 00:00:00+00:00,30.662634,39.61892,22.47109
2034-02-13 00:00:00+00:00,31.462372,39.772495,22.867668
2034-02-14 00:00:00+00:00,31.012115,37.826065,24.714249
2034-02-15 00:00:00+00:00,28.711855,35.479633,22.36083
2034-02-16 00:00:00+00:00,27.461597,34.383205,21.857409
2034-02-17 00:00:00+00:00,26.111338,34.33678,18.653988
2034-02-18 00:00:00+00:00,27.061083,36.590347,17.600569
2034-02-19 00:00:00+00:00,28.310823,37.04392,19.39715
2034-02-20 00:00:00+00:00,28.160563,34.497486,22.493727
2034-02-21 00:00:00+00:00,30.760305,39.001057,22.340305
2034-02-22 00:00:00+00:00,28.210045,31.05463,26.136887
2034-02-23 00:00:00+00:00,29.20979,37.4082,21.483467
2034-02-24 00:00:00+00:00,29.90953,38.66177,21.730045
2034-02-25 00:00:00+00:00,30.70927,39.515343,23.676624
2034-02-26 00:00:00+00:00,29.559013,38.31891,21.923206
2034-02-27 00:00:00+00:00,29.658754,38.42248,19.919785
2034-02-28 00:00:00+00:00,30.608496,40.32605,20.766365
2034-03-01 00:00:00+00:00,30.208235,37.629623,22.462942
2034-03-02 00:00:00+00:00,31.607979,39.03319,23.959524
2034-03-03 00:00:00+00:00,31.559322,39.438408,23.857397
2034-03-04 00:00:00+00:00,31.971878,38.305115,25.864325
2034-03-05 00:00:00+00:00,29.784435,37.121826,23.82125
2034-03-06 00:00:00+00:00,29.74699,36.83854,22.228176
2034-03-07 00:00:00+00:00,28.859547,34.65525,24.585104
2034-03-08 00:00:00+00:00,29.822105,37.621956,21.642029
2034-03-09 00:00:00+00:00,29.084658,37.188675,21.648958
2034-03-10 00:00:00+00:00,29.397215,37.855377,20.755884
2034-03-11 00:00:00+00:00,30.859772,38.92209,23.31281
2034-03-12 00:00:00+00:00,30.772326,39.5388,21.669739
2034-03-13 00:00:00+00:00,31.034882,39.705513,21.976664
2034-03-14 00:00:00+00:00,31.247437,39.022224,23.483591
2034-03-15 00:00:00+00:00,32.109997,40.73893,23.390516
2034-03-16 00:00:00+00:00,31.97255,39.905647,24.447445
2034-03-17 00:00:00+00:00,30.935106,39.172356,22.804369
2034-03-18 00:00:00+00:00,30.697662,40.58907,20.761297
2034-03-19 00:00:00+00:00,31.660217,42.005775,20.518223
2034-03-20 00:00:00+00:00,32.272774,41.372486,21.82515
2034-03-21 00:00:00+00:00,34.18533,42.439198,25.882078
2034-03-22 00:00:00+00:00,34.84789,43.855907,25.939001
2034-03-23 00:00:00+00:00,33.56044,43.12262,23.54593
2034-03-24 00:00:00+00:00,33.523,42.78933,24.702856
2034-03-25 00:00:00+00:00,33.38555,43.20604,22.759785
2034-03-26 00:00:00+00:00,34.19811,43.97275,24.516712
2034-03-27 00:00:00+00:00,33.860664,41.689457,24.223639
2034-03-28 00:00:00+00:00,35.92322,41.656174,28.130564
2034-03-29 00:00:00+00:00,36.135777,43.27288,29.487492
2034-03-30 00:00:00+00:00,33.948334,43.789597,23.694418
2034-03-31 00:00:00+00:00,32.860893,43.0063,21.751343
2034-04-01 00:00:00+00:00,32.923447,42.47301,23.20827
2034-04-02 00:00:00+00:00,32.786003,42.539726,22.965199
2034-04-03 00:00:00+00:00,31.398558,41.556435,21.072124
2034-04-04 00:00:00+00:00,32.361115,42.773144,21.829052
2034-04-05 00:00:00+00:00,33.373672,43.239857,23.08598
2034-04-06 00:00:00+00:00,33.736225,42.906567,24.892904
2034-04-07 00:00:00+00:00,33.698784,41.62328,26.349833
2034-04-08 00:00:00+00:00,30.611341,38.78999,22.256758
2034-04-09 00:00:00+00:00,29.823895,36.2567,23.063684
2034-04-10 00:00:00+00:00,29.98645,37.07341,23.270613
2034-04-11 00:00:00+00:00,29.999006,38.59012,21.077538
2034-04-12 00:00:00+00:00,31.311563,40.406826,21.934464
2034-04-13 00:00:00+00:00,32.62412,42.523544,21.54139
2034-04-14 00:00:00+00:00,35.186672,44.69025,24.998318
2034-04-15 00:00:00+00:00,35.499233,43.206963,27.905243
2034-04-16 00:00:00+00:00,34.061787,42.273674,26.66217
2034-04-17 00:00:00+00:00,32.974342,40.590385,25.319098
2034-04-18 00:00:00+00:00,32.7869,40.107094,25.376024
2034-04-19 00:00:00+00:00,33.74945,42.373802,25.482952
2034-04-20 00:00:00+00:00,33.01201,43.240513,22.48988
2034-04-21 00:00:00+00:00,31.524565,42.057224,19.746805
2034-04-22 00:00:00+00:00,32.637123,42.12393,22.103731
2034-04-23 00:00:00+00:00,32.599678,41.890648,23.06066
2034-04-24 00:00:00+00:00,33.912235,45.00736,21.317587
2034-04-25 00:00:00+00:00,34.72479,45.07407,23.724512
2034-04-26 00:00:00+00:00,34.287346,42.890778,25.681438
2034-04-27 00:00:00+00:00,34.3499,41.657486,26.888367
2034-04-28 00:00:00+00:00,34.41246,42.824203,26.695292
2034-04-29 00:00:00+00:00,34.025017,44.14091,24.652218
2034-04-30 00:00:00+00:00,34.187572,43.45762,24.359146
2034-05-01 00:00:00+00:00,33.300125,41.92433,24.61607
2034-05-02 00:00:00+00:00,32.362682,40.14104,23.972998
2034-05-03 00:00:00+00:00,31.564095,36.396797,24.771908
2034-05-04 00:00:00+00:00,34.98208,41.869682,28.646763
2034-05-05 00:00:00+00:00,36.800064,44.04257,26.871622
2034-05-06 00:00:00+00:00,38.66805,43.61545,32.99648
2034-05-07 00:00:00+00:00,33.686035,34.688335,30.921333
2034-05-08 00:00:00+00:00,35.754013,43.711224,27.446188
2034-05-09 00:00:00+00:00,35.372,43.784107,26.371046
2034-05-10 00:00:00+00:00,34.139984,42.806995,26.095901
2034-05-11 00:00:00+00:00,32.20797,39.079876,24.720758
2034-05-12 00:00:00+00:00,32.975956,39.80276,25.595615
2034-05-13 00:00:00+00:00,32.89394,39.52565,26.270472
2034-05-14 00:00:00+00:00,31.711926,40.448536,23.295326
2034-05-15 00:00:00+00:00,29.979906,38.071423,21.720184
2034-05-16 00:00:00+00:00,29.447891,36.744305,21.59504
2034-05-17 00:00:00+00:00,30.315878,37.06719,23.219894
2034-05-18 00:00:00+00:00,30.18386,36.090073,23.344753
2034-05-19 00:00:00+00:00,31.451845,40.212963,22.469608
2034-05-20 00:00:00+00:00,31.969828,40.935844,22.894464
2034-05-21 00:00:00+00:00,33.08781,40.75873,25.369322
2034-05-22 00:00:00+00:00,33.655796,40.231617,26.54418
2034-05-23 00:00:00+00:00,34.673782,43.154503,26.369034
2034-05-24 00:00:00+00:00,35.091766,44.52739,25.543888
2034-05-25 00:00:00+00:00,34.50975,40.150272,28.318747
2034-05-26 00:00:00+00:00,31.827732,34.873158,27.793602
2034-05-27 00:00:00+00:00,33.99572,40.496044,27.918459
2034-05-28 00:00:00+00:00,32.6137,41.068928,24.793314
2034-05-29 00:00:00+00:00,32.331684,40.541813,24.068172
2034-05-30 00:00:00+00:00,31.09967,36.514698,25.443026
2034-05-31 00:00:00+00:00,31.067656,37.23758,24.667883
2034-06-01 00:00:00+00:00,31.685638,38.960472,23.942741
2034-06-02 00:00:00+00:00,30.903625,36.183353,25.667597
2034-06-03 00:00:00+00:00,33.57161,40.10624,26.592451
2034-06-04 00:00:00+00:00,31.88959,35.629124,27.367311
2034-06-05 00:00:00+00:00,32.857574,39.552013,26.592165
2034-06-06 00:00:00+00:00,32.675564,39.7249,25.717022
2034-06-07 00:00:00+00:00,32.993546,41.49778,25.04188
2034-06-08 00:00:00+00:00,33.56153,42.070663,25.116735
2034-06-09 00:00:00+00:00,35.329514,42.29355,28.09159
2034-06-10 00:00:00+00:00,33.3975,38.46644,27.966448
2034-06-11 00:00:00+00:00,32.365482,35.53932,28.691305
2034-06-12 00:00:00+00:00,30.583466,34.362206,27.466162
2034-06-13 00:00:00+00:00,31.95145,38.235096,27.041016
2034-06-14 00:00:00+00:00,32.969437,39.85798,26.815872
2034-06-15 00:00:00+00:00,34.287415,42.580864,25.39073
2034-06-16 00:00:00+00:00,33.055405,41.003746,25.315586
2034-06-17 00:00:00+00:00,32.273388,40.976635,23.49044
2034-06-18 00:00:00+00:00,33.641373,42.599525,24.515295
2034-06-19 00:00:00+00:00,33.609356,38.522404,29.090155
2034-06-20 00:00:00+00:00,31.427343,35.045288,28.115011
2034-06-21 00:00:00+00:00,31.545322,34.618176,28.089867
2034-06-22 00:00:00+00:00,31.71331,36.241062,27.41472
2034-06-23 00:00:00+00:00,26.231293,29.163946,25.189579
2034-06-24 00:00:00+00:00,27.34928,31.08683,24.264437
2034-06-25 00:00:00+00:00,28.267263,32.209717,24.889292
2034-06-26 00:00:00+00:00,27.635246,31.5326,25.164146
2034-06-27 00:00:00+00:00,27.60323,31.505486,25.039005
2034-06-28 00:00:00+00:00,24.721218,27.178371,22.76386
2034-06-29 00:00:00+00:00,26.7892,29.801262,24.388718
2034-06-30 00:00:00+00:00,27.557184,29.624142,25.613575
2034-07-01 00:00:00+00:00,28.325167,31.847027,24.98843
2034-07-02 00:00:00+00:00,28.543152,31.869911,25.463284
2034-07-03 00:00:00+00:00,27.612514,28.587006,26.391409
2034-07-04 00:00:00+00:00,30.834175,35.294426,26.424974
2034-07-05 00:00:00+00:00,33.705833,40.701855,28.158543
2034-07-06 00:00:00+00:00,29.977493,34.109283,27.642109
2034-07-07 00:00:00+00:00,31.249153,35.916702,27.175678
2034-07-08 00:00:00+00:00,33.82081,40.22413,28.709244
2034-07-09 00:00:00+00:00,31.592472,36.43156,27.342812
2034-07-10 00:00:00+00:00,31.614134,36.63898,27.326376
2034-07-11 00:00:00+00:00,30.935787,36.04641,26.759947
2034-07-12 00:00:00+00:00,30.407448,34.253834,26.743513
2034-07-13 00:00:00+00:00,31.07911,35.81126,26.777077
2034-07-14 00:00:00+00:00,31.45077,35.918682,27.460648
2034-07-15 00:00:00+00:00,32.272427,37.52611,27.944214
2034-07-16 00:00:00+00:00,30.544086,35.03354,26.927782
2034-07-17 00:00:00+00:00,30.515745,35.390965,26.161348
2034-07-18 00:00:00+00:00,31.187407,36.398388,26.544914
2034-07-19 00:00:00+00:00,31.659065,38.655815,25.87848
2034-07-20 00:00:00+00:00,30.480724,36.36324,25.062048
2034-07-21 00:00:00+00:00,31.652382,37.320667,26.745617
2034-07-22 00:00:00+00:00,30.924042,35.178097,27.029182
2034-07-23 00:00:00+00:00,31.195704,35.135517,27.46275
2034-07-24 00:00:00+00:00,30.81736,34.492943,27.596315
2034-07-25 00:00:00+00:00,29.489021,32.700367,26.379885
2034-07-26 00:00:00+00:00,29.510681,33.60779,27.213451
2034-07-27 00:00:00+00:00,30.33234,35.96522,26.097017
2034-07-28 00:00:00+00:00,28.303999,35.272644,25.280584
2034-07-29 00:00:00+00:00,28.275658,32.03007,25.114151
2034-07-30 00:00:00+00:00,28.097317,30.2375,26.047722
2034-07-31 00:00:00+00:00,30.368977,36.79492,25.981285
2034-08-01 00:00:00+00:00,31.490639,40.15235,24.214851
2034-08-02 00:00:00+00:00,29.712296,39.809772,22.34842
2034-08-03 00:00:00+00:00,28.883955,33.4672,25.181986
2034-08-04 00:00:00+00:00,31.005613,37.174625,25.465553
2034-08-05 00:00:00+00:00,31.027273,37.13205,25.349123
2034-08-06 00:00:00+00:00,28.998934,30.68948,26.782688
2034-08-07 00:00:00+00:00,27.120594,29.596905,25.766254
2034-08-08 00:00:00+00:00,27.64225,30.554329,24.949823
2034-08-09 00:00:00+00:00,29.863913,35.26176,24.68339
2034-08-10 00:00:00+00:00,32.08557,38.31918,26.466957
2034-08-11 00:00:00+00:00,32.00723,38.42661,27.15052
2034-08-12 00:00:00+00:00,31.528893,38.084034,25.68409
2034-08-13 00:00:00+00:00,31.150549,37.091457,26.067657
2034-08-14 00:00:00+00:00,31.072212,36.998882,25.751223
2034-08-15 00:00:00+00:00,29.743864,35.80631,24.234793
2034-08-16 00:00:00+00:00,30.565529,36.613735,24.868357
2034-08-17 00:00:00+00:00,29.337189,32.821163,25.901924
2034-08-18 00:00:00+00:00,28.408846,33.22859,24.685492
2034-08-19 00:00:00+00:00,30.430508,35.23601,26.319057
2034-08-20 00:00:00+00:00,30.702166,39.543438,24.302628
2034-08-21 00:00:00+00:00,29.723824,36.300865,23.386194
2034-08-22 00:00:00+00:00,30.345484,36.058292,24.91976
2034-08-23 00:00:00+00:00,29.667143,35.165714,24.553328
2034-08-24 00:00:00+00:00,27.888805,32.473145,24.786896
2034-08-25 00:00:00+00:00,29.01046,33.580563,24.020462
2034-08-26 00:00:00+00:00,29.582123,33.137997,25.054026
2034-08-27 00:00:00+00:00,31.203781,35.545418,26.437595
2034-08-28 00:00:00+00:00,31.475441,36.652847,26.371164
2034-08-29 00:00:00+00:00,31.4471,37.910267,26.20473
2034-08-30 00:00:00+00:00,30.66876,36.4677,24.588299
2034-08-31 00:00:00+00:00,30.440418,34.62512,26.771864
2034-09-01 00:00:00+00:00,25.612078,26.582548,23.65543
2034-09-02 00:00:00+00:00,27.715275,32.827564,24.360998
2034-09-03 00:00:00+00:00,28.500011,34.110172,23.538572
2034-09-04 00:00:00+00:00,28.334745,31.542786,26.416145
2034-09-05 00:00:00+00:00,27.969482,30.675388,25.743717
2034-09-06 00:00:00+00:00,23.104216,23.458006,23.47129
2034-09-07 00:00:00+00:00,26.13895,29.040611,23.898865
2034-09-08 00:00:00+00:00,28.223688,32.573227,24.726435
2034-09-09 00:00:00+00:00,27.508423,29.055828,25.904009
2034-09-10 00:00:00+00:00,27.943161,29.988441,25.981583
2034-09-11 00:00:00+00:00,30.077892,35.67105,26.509153
2034-09-12 00:00:00+00:00,29.06263,32.753662,26.336725
2034-09-13 00:00:00+00:00,28.997366,32.73627,26.064299
2034-09-14 00:00:00+00:00,29.5321,33.168873,26.39187
2034-09-15 00:00:00+00:00,30.116838,34.401485,26.969442
2034-09-16 00:00:00+00:00,30.401571,35.3341,27.397017
2034-09-17 00:00:00+00:00,29.686308,34.216705,26.724588
2034-09-18 00:00:00+00:00,30.871044,37.249313,27.002161
2034-09-19 00:00:00+00:00,31.655779,37.481926,26.579735
2034-09-20 00:00:00+00:00,31.640512,37.764534,27.257305
2034-09-21 00:00:00+00:00,28.225248,31.64714,26.734877
2034-09-22 00:00:00+00:00,27.859987,31.529755,25.56245
2034-09-23 00:00:00+00:00,28.69472,34.66236,26.290022
2034-09-24 00:00:00+00:00,30.929455,38.84497,23.917595
2034-09-25 00:00:00+00:00,31.714191,39.32758,24.845167
2034-09-26 00:00:00+00:00,31.948927,38.26019,26.972742
2034-09-27 00:00:00+00:00,32.083664,38.7428,26.750313
2034-09-28 00:00:00+00:00,31.668396,38.37541,26.577885
2034-09-29 00:00:00+00:00,31.203133,39.10802,24.155458
2034-09-30 00:00:00+00:00,31.487867,36.140625,28.18303
2034-10-01 00:00:00+00:00,28.072605,30.423237,26.660603
2034-10-02 00:00:00+00:00,30.857342,38.155846,25.438175
2034-10-03 00:00:00+00:00,30.692076,38.738453,23.215748
2034-10-04 00:00:00+00:00,29.926811,37.671062,22.793322
2034-10-05 00:00:00+00:00,30.761547,39.803673,22.770891
2034-10-06 00:00:00+00:00,31.696281,37.33628,27.598467
2034-10-07 00:00:00+00:00,30.831018,39.168888,24.776037
2034-10-08 00:00:00+00:00,30.965755,39.7515,24.053608
2034-10-09 00:00:00+00:00,31.450489,38.68411,26.431183
2034-10-10 00:00:00+00:00,30.035225,39.61672,22.108757
2034-10-11 00:00:00+00:00,29.519958,39.74933,20.586327
2034-10-12 00:00:00+00:00,31.004696,39.331936,23.6139
2034-10-13 00:00:00+00:00,30.889431,36.564545,25.541473
2034-10-14 00:00:00+00:00,30.774168,37.547157,25.319046
2034-10-15 00:00:00+00:00,31.108902,37.929764,24.496616
2034-10-16 00:00:00+00:00,31.34364,36.362373,26.574188
2034-10-17 00:00:00+00:00,30.628372,37.344986,25.701761
2034-10-18 00:00:00+00:00,30.413109,39.52759,22.029335
2034-10-19 00:00:00+00:00,30.097841,36.3102,24.106907
2034-10-20 00:00:00+00:00,30.982578,37.042812,25.984482
2034-10-21 00:00:00+00:00,31.967312,39.32542,26.362051
2034-10-22 00:00:00+00:00,30.552048,37.75803,21.839622
2034-10-23 00:00:00+00:00,32.536785,36.39064,28.467197
2034-10-24 00:00:00+00:00,32.62152,37.473248,28.24477
2034-10-25 00:00:00+00:00,31.806257,37.255856,26.622343
2034-10-26 00:00:00+00:00,31.04099,38.338467,24.299915
2034-10-27 00:00:00+00:00,32.075726,40.071075,25.027487
2034-10-28 00:00:00+00:00,31.360462,38.203686,23.855059
2034-10-29 00:00:00+00:00,32.495193,37.336296,28.532633
2034-10-30 00:00:00+00:00,31.229933,36.1689,26.360205
2034-10-31 00:00:00+00:00,32.314667,40.45151,25.487776
2034-11-01 00:00:00+00:00,30.999405,38.83412,23.365349
2034-11-02 00:00:00+00:00,31.92076,37.906853,26.382248
2034-11-03 00:00:00+00:00,31.734083,36.623646,26.392748
2034-11-04 00:00:00+00:00,31.097403,37.44045,26.453245
2034-11-05 00:00:00+00:00,31.410728,39.757244,22.813742
2034-11-06 00:00:00+00:00,30.874048,38.32404,22.67424
2034-11-07 00:00:00+00:00,33.137375,40.94084,26.03474
2034-11-08 00:00:00+00:00,29.950697,38.407642,20.545237
2034-11-09 00:00:00+00:00,30.314022,39.074436,22.305733
2034-11-10 00:00:00+00:00,30.277342,36.991238,24.566233
2034-11-11 00:00:00+00:00,29.690666,38.408035,21.62673
2034-11-12 00:00:00+00:00,29.453989,38.874832,20.087229
2034-11-13 00:00:00+00:00,29.467314,37.94163,19.947727
2034-11-14 00:00:00+00:00,30.780638,37.25843,24.758223
2034-11-15 00:00:00+00:00,29.293962,38.275227,21.118721
2034-11-16 00:00:00+00:00,28.957283,38.192028,19.929222
2034-11-17 00:00:00+00:00,28.970608,37.758823,20.939718
2034-11-18 00:00:00+00:00,29.183931,37.575623,22.350216
2034-11-19 00:00:00+00:00,28.547255,36.842422,22.360714
2034-11-20 00:00:00+00:00,27.760574,36.40922,20.32121
2034-11-21 00:00:00+00:00,28.0239,37.32602,19.38171
2034-11-22 00:00:00+00:00,28.137224,37.04282,17.692207
2034-11-23 00:00:00+00:00,29.750546,36.059616,23.752705
2034-11-24 00:00:00+00:00,29.86387,36.826416,23.763203
2034-11-25 00:00:00+00:00,29.227194,36.64321,22.323702
2034-11-26 00:00:00+00:00,28.990519,36.66001,22.4842
2034-11-27 00:00:00+00:00,28.80384,36.77681,21.444698
2034-11-28 00:00:00+00:00,29.667164,38.043613,23.005196
2034-11-29 00:00:00+00:00,28.430485,36.410408,20.415691
2034-11-30 00:00:00+00:00,30.29381,35.077206,25.97619
2034-12-01 00:00:00+00:00,25.257133,29.694008,22.436687
2034-12-02 00:00:00+00:00,24.320456,31.510803,17.897188
2034-12-03 00:00:00+00:00,24.633781,34.0776,15.457683
2034-12-04 00:00:00+00:00,25.947104,31.644402,19.61818
2034-12-05 00:00:00+00:00,26.960428,31.161198,23.87868
2034-12-06 00:00:00+00:00,27.323751,33.777992,21.339176
2034-12-07 00:00:00+00:00,26.087076,34.044796,18.949675
2034-12-08 00:00:00+00:00,26.650396,34.611595,20.960175
2034-12-09 00:00:00+00:00,27.963722,35.478394,21.370672
2034-12-10 00:00:00+00:00,27.527044,35.04519,21.181168
2034-12-11 00:00:00+00:00,25.490368,32.51199,18.791666
2034-12-12 00:00:00+00:00,25.60369,31.428787,19.102165
2034-12-13 00:00:00+00:00,26.067015,31.295586,21.162663
2034-12-14 00:00:00+00:00,26.980337,33.862385,20.873161
2034-12-15 00:00:00+00:00,26.643658,34.229183,19.583658
2034-12-16 00:00:00+00:00,25.456984,32.145985,17.994154
2034-12-17 00:00:00+00:00,25.420307,33.21278,17.854654
2034-12-18 00:00:00+00:00,24.533632,32.12958,17.565151
2034-12-19 00:00:00+00:00,24.046957,31.546375,17.92565
2034-12-20 00:00:00+00:00,24.86028,33.963173,16.236147
2034-12-21 00:00:00+00:00,27.9736,36.179977,18.396646
2034-12-22 00:00:00+00:00,28.786924,34.696774,22.457142
2034-12-23 00:00:00+00:00,29.65025,35.91357,24.017641
2034-12-24 00:00:00+00:00,28.16357,34.53037,22.328136
2034-12-25 00:00:00+00:00,26.876894,31.797169,22.488638
2034-12-26 00:00:00+00:00,24.640219,32.663967,17.599133
2034-12-27 00:00:00+00:00,23.153542,30.880764,16.659634
2034-12-28 00:00:00+00:00,23.766865,32.997562,14.77013
2034-12-29 00:00:00+00:00,26.080187,35.764362,17.130629
2034-12-30 00:00:00+00:00,25.79351,36.08116,15.891125
2034-12-31 00:00:00+00:00,26.606836,36.09796,17.001621
2035-01-01 00:00:00+00:00,26.770159,34.814754,20.462122
2035-01-02 00:00:00+00:00,25.423294,33.071632,19.91218
2035-01-03 00:00:00+00:00,24.323038,32.47521,17.85876
2035-01-04 00:00:00+00:00,24.822777,33.128773,18.65534
2035-01-05 00:00:00+00:00,24.122519,31.932346,17.201921
2035-01-06 00:00:00+00:00,24.92226,33.385918,17.4485
2035-01-07 00:00:00+00:00,25.672003,34.13949,17.04508
2035-01-08 00:00:00+00:00,27.121742,36.89306,16.891657
2035-01-09 00:00:00+00:00,25.721485,30.746628,20.888237
2035-01-10 00:00:00+00:00,27.821224,36.800198,19.584818
2035-01-11 00:00:00+00:00,28.02097,35.353767,22.681398
2035-01-12 00:00:00+00:00,27.120708,33.05734,22.827976
2035-01-13 00:00:00+00:00,26.370451,34.060913,20.974556
2035-01-14 00:00:00+00:00,26.570192,35.86448,17.871136
2035-01-15 00:00:00+00:00,27.119934,36.568054,17.867716
2035-01-16 00:00:00+00:00,27.919676,37.221622,19.364296
2035-01-17 00:00:00+00:00,28.819416,38.425194,18.510876
2035-01-18 00:00:00+00:00,29.319159,38.328762,20.907457
2035-01-19 00:00:00+00:00,29.568897,37.432335,22.004034
2035-01-20 00:00:00+00:00,29.468643,38.435905,20.650614
2035-01-21 00:00:00+00:00,29.618383,37.98948,23.297194
2035-01-22 00:00:00+00:00,30.218126,38.34305,22.843773
2035-01-23 00:00:00+00:00,29.317865,35.346615,24.840353
2035-01-24 00:00:00+00:00,27.917608,34.90019,22.786932
2035-01-25 00:00:00+00:00,28.067348,35.15376,22.783512
2035-01-26 00:00:00+00:00,27.917091,35.157326,22.330091
2035-01-27 00:00:00+00:00,26.61683,33.5109,21.62667
2035-01-28 00:00:00+00:00,25.216574,32.414467,18.623251
2035-01-29 00:00:00+00:00,24.966314,33.468044,16.319832
2035-01-30 00:00:00+00:00,25.766058,34.121616,16.916409
2035-01-31 00:00:00+00:00,26.415798,34.475185,17.312988
2035-02-01 00:00:00+00:00,25.915539,33.028755,18.259571
2035-02-02 00:00:00+00:00,24.915281,31.932323,18.70615
2035-02-03 00:00:00+00:00,24.415024,32.485893,16.352728
2035-02-04 00:00:00+00:00,24.814766,32.989464,16.24931
2035-02-05 00:00:00+00:00,25.764505,33.843033,17.345888
2035-02-06 00:00:00+00:00,28.364246,35.546608,21.042467
2035-02-07 00:00:00+00:00,29.863987,36.400177,23.639046
2035-02-08 00:00:00+00:00,28.663729,34.10375,24.485626
2035-02-09 00:00:00+00:00,29.113472,35.457317,23.632206
2035-02-10 00:00:00+00:00,29.463215,37.01089,22.778786
2035-02-11 00:00:00+00:00,28.662954,33.41446,24.875364
2035-02-12 00:00:00+00:00,28.112696,33.218025,24.271946
2035-02-13 00:00:00+00:00,28.662437,36.571598,19.968525
2035-02-14 00:00:00+00:00,29.41218,36.825172,21.665106
2035-02-15 00:00:00+00:00,28.81192,35.328743,23.561686
2035-02-16 00:00:00+00:00,28.511663,36.832317,20.308266
2035-02-17 00:00:00+00:00,29.161404,34.78589,24.154844
2035-02-18 00:00:00+00:00,29.861145,36.489452,24.501423
2035-02-19 00:00:00+00:00,27.360888,32.043026,23.048002
2035-02-20 00:00:00+00:00,26.810627,35.646595,18.294584
2035-02-21 00:00:00+00:00,27.56037,36.100166,20.591162
2035-02-22 00:00:00+00:00,28.66011,37.103737,19.687742
2035-02-23 00:00:00+00:00,30.959854,38.707306,24.134321
2035-02-24 00:00:00+00:00,31.159595,39.610874,24.980902
2035-02-25 00:00:00+00:00,31.009336,39.66445,23.57748
2035-02-26 00:00:00+00:00,30.409079,38.41802,23.32406
2035-02-27 00:00:00+00:00,29.40882,38.12159,20.72064
2035-02-28 00:00:00+00:00,29.908562,39.07516,20.817219
2035-03-01 00:00:00+00:00,29.908302,39.278725,20.513802
2035-03-02 00:00:00+00:00,31.35804,40.082306,22.810377
2035-03-03 00:00:00+00:00,30.607784,39.38587,22.15696
2035-03-04 00:00:00+00:00,28.91874,37.800938,18.962591
2035-03-05 00:00:00+00:00,28.931293,37.01765,21.369518
2035-03-06 00:00:00+00:00,28.843851,37.334354,20.926447
2035-03-07 00:00:00+00:00,29.606407,38.80107,20.93337
2035-03-08 00:00:00+00:00,28.468964,34.71778,21.240297
2035-03-09 00:00:00+00:00,29.13152,36.484493,21.597223
2035-03-10 00:00:00+00:00,29.494076,38.3512,19.70415
2035-03-11 00:00:00+00:00,28.506632,35.66791,21.81108
2035-03-12 00:00:00+00:00,26.869186,33.384624,21.218004
2035-03-13 00:00:00+00:00,26.981743,36.101334,17.074934
2035-03-14 00:00:00+00:00,28.944298,37.918045,19.381859
2035-03-15 00:00:00+00:00,29.156857,37.234756,22.188786
2035-03-16 00:00:00+00:00,29.069414,38.75147,19.445715
2035-03-17 00:00:00+00:00,29.781967,39.11818,19.402637
2035-03-18 00:00:00+00:00,30.494522,39.884888,20.009565
2035-03-19 00:00:00+00:00,31.85708,41.6516,21.26649
2035-03-20 00:00:00+00:00,32.869633,42.36831,23.073418
2035-03-21 00:00:00+00:00,31.882189,41.28502,22.030346
2035-03-22 00:00:00+00:00,29.79475,37.951733,21.48727
2035-03-23 00:00:00+00:00,30.157305,39.26844,20.7442
2035-03-24 00:00:00+00:00,30.36986,39.135155,20.701124
2035-03-25 00:00:00+00:00,30.482416,39.00186,21.708052
2035-03-26 00:00:00+00:00,30.39497,38.368572,22.21498
2035-03-27 00:00:00+00:00,31.507528,38.08528,25.021908
2035-03-28 00:00:00+00:00,32.070084,38.85199,26.128832
2035-03-29 00:00:00+00:00,31.88264,39.9687,23.185759
2035-03-30 00:00:00+00:00,32.445198,40.685413,24.292685
2035-03-31 00:00:00+00:00,31.30775,40.10213,21.849611
2035-04-01 00:00:00+00:00,32.270306,41.31884,22.70654
2035-04-02 00:00:00+00:00,32.832863,41.785545,23.763464
2035-04-03 00:00:00+00:00,32.09542,41.002254,23.070393
2035-04-04 00:00:00+00:00,31.757975,40.368965,22.62732
2035-04-05 00:00:00+00:00,32.32053,42.435677,21.334246
2035-04-06 00:00:00+00:00,32.53309,42.452393,21.991173
2035-04-07 00:00:00+00:00,31.995642,42.2191,21.9981
2035-04-08 00:00:00+00:00,31.3082,40.685814,21.255026
2035-04-09 00:00:00+00:00,31.520758,40.202522,21.411953
2035-04-10 00:00:00+00:00,31.933311,40.769234,22.418879
2035-04-11 00:00:00+00:00,32.595863,42.33594,21.825806
2035-04-12 00:00:00+00:00,33.258423,42.95265,22.232733
2035-04-13 00:00:00+00:00,32.32098,40.169365,24.18966
2035-04-14 00:00:00+00:00,32.683533,39.936073,25.946585
2035-04-15 00:00:00+00:00,31.896091,39.002785,25.903515
2035-04-16 00:00:00+00:00,33.20864,41.219494,24.86044
2035-04-17 00:00:00+00:00,31.821205,38.786205,24.517365
2035-04-18 00:00:00+00:00,33.68376,41.552914,25.924294
2035-04-19 00:00:00+00:00,32.146317,39.769627,23.53122
2035-04-20 00:00:00+00:00,33.85887,39.586338,27.938148
2035-04-21 00:00:00+00:00,32.221424,39.953045,24.545073
2035-04-22 00:00:00+00:00,31.833984,38.769756,25.102001
2035-04-23 00:00:00+00:00,30.896542,38.486473,22.808926
2035-04-24 00:00:00+00:00,30.209097,37.35318,22.315853
2035-04-25 00:00:00+00:00,31.421652,38.919884,23.972782
2035-04-26 00:00:00+00:00,32.484207,40.236603,23.829706
2035-04-27 00:00:00+00:00,31.946766,38.85331,25.486633
2035-04-28 00:00:00+00:00,31.659319,40.320023,22.04356
2035-04-29 00:00:00+00:00,32.571877,41.18673,22.950487
2035-04-30 00:00:00+00:00,34.28443,42.153446,24.307413
2035-05-01 00:00:00+00:00,36.04699,41.520153,29.014341
2035-05-02 00:00:00+00:00,36.459545,42.886864,30.671267
2035-05-03 00:00:00+00:00,35.772102,44.503574,26.228193
2035-05-04 00:00:00+00:00,33.99008,41.176456,26.053051
2035-05-05 00:00:00+00:00,33.258068,41.24934,25.477907
2035-05-06 00:00:00+00:00,33.926052,42.572235,25.602764
2035-05-07 00:00:00+00:00,32.59404,41.295116,24.377619
2035-05-08 00:00:00+00:00,31.81202,40.518,23.202475
2035-05-09 00:00:00+00:00,31.930006,40.140884,22.877333
2035-05-10 00:00:00+00:00,31.247992,38.76377,23.302187
2035-05-11 00:00:00+00:00,31.915974,39.286655,23.077045
2035-05-12 00:00:00+00:00,33.28396,41.659546,24.5019
2035-05-13 00:00:00+00:00,34.501945,43.48243,25.476757
2035-05-14 00:00:00+00:00,33.719925,41.305313,25.001614
2035-05-15 00:00:00+00:00,34.337914,42.0282,26.526468
2035-05-16 00:00:00+00:00,36.605896,45.501083,27.451326
2035-05-17 00:00:00+00:00,35.223877,44.32397,25.77618
2035-05-18 00:00:00+00:00,34.041862,42.246857,26.101036
2035-05-19 00:00:00+00:00,33.75985,41.26974,26.675894
2035-05-20 00:00:00+00:00,33.227833,41.192623,25.350752
2035-05-21 00:00:00+00:00,32.845818,40.51551,25.525608
2035-05-22 00:00:00+00:00,31.313799,39.688396,22.650463
2035-05-23 00:00:00+00:00,30.281786,38.611282,22.075321
2035-05-24 00:00:00+00:00,29.399769,37.434162,20.800175
2035-05-25 00:00:00+00:00,29.717752,38.20705,20.725035
2035-05-26 00:00:00+00:00,29.985737,38.229942,21.749887
2035-05-27 00:00:00+00:00,31.553722,41.202824,21.524746
2035-05-28 00:00:00+00:00,31.321707,38.025703,24.4496
2035-05-29 00:00:00+00:00,31.93969,38.04859,25.724455
2035-05-30 00:00:00+00:00,31.157677,36.67148,25.149313
2035-05-31 00:00:00+00:00,31.37566,37.494358,25.524168
2035-06-01 00:00:00+00:00,31.343643,37.61725,24.649025
2035-06-02 00:00:00+00:00,30.36163,35.190136,24.473885
2035-06-03 00:00:00+00:00,31.779612,38.11302,25.04874
2035-06-04 00:00:00+00:00,34.1976,40.935905,25.373596
2035-06-05 00:00:00+00:00,30.015581,31.608788,27.64845
2035-06-06 00:00:00+00:00,31.633568,36.58167,25.823307
2035-06-07 00:00:00+00:00,31.95155,35.654564,27.348164
2035-06-08 00:00:00+00:00,29.619537,32.827446,27.123022
2035-06-09 00:00:00+00:00,32.08752,37.90033,25.697876
2035-06-10 00:00:00+00:00,34.305504,40.57322,28.022732
2035-06-11 00:00:00+00:00,34.473488,42.146103,27.04759
2035-06-12 00:00:00+00:00,31.941471,38.26899,25.822445
2035-06-13 00:00:00+00:00,31.359453,35.74187,27.597301
2035-06-14 00:00:00+00:00,32.527435,38.01476,26.172157
2035-06-15 00:00:00+00:00,32.945423,40.337643,26.347013
2035-06-16 00:00:00+00:00,32.663406,40.110527,25.02187
2035-06-17 00:00:00+00:00,33.381393,38.833412,27.796728
2035-06-18 00:00:00+00:00,26.599375,27.3063,26.271582
2035-06-19 00:00:00+00:00,30.167362,36.229183,26.24644
2035-06-20 00:00:00+00:00,35.035347,42.10207,26.771297
2035-06-21 00:00:00+00:00,33.753326,38.474953,28.996151
2035-06-22 00:00:00+00:00,32.571312,38.197838,27.17101
2035-06-23 00:00:00+00:00,33.2893,39.82072,26.695866
2035-06-24 00:00:00+00:00,33.40728,38.49361,28.17072
2035-06-25 00:00:00+00:00,32.475266,37.916496,27.095577
2035-06-26 00:00:00+00:00,33.14325,39.739384,27.420435
2035-06-27 00:00:00+00:00,32.511234,38.812263,26.545294
2035-06-28 00:00:00+00:00,33.17922,40.63515,26.420145
2035-06-29 00:00:00+00:00,33.897205,41.258034,27.095003
2035-06-30 00:00:00+00:00,33.465187,40.88092,26.369862
2035-07-01 00:00:00+00:00,30.93317,36.953808,25.344715
2035-07-02 00:00:00+00:00,29.301155,34.876694,23.819572
2035-07-03 00:00:00+00:00,28.919598,33.847645,24.195517
2035-07-04 00:00:00+00:00,29.64126,35.905075,23.479084
2035-07-05 00:00:00+00:00,31.062918,38.1125,24.212652
2035-07-06 00:00:00+00:00,30.134579,35.569923,25.096216
2035-07-07 00:00:00+00:00,30.906239,36.977352,24.879786
2035-07-08 00:00:00+00:00,31.327896,36.934772,25.463352
2035-07-09 00:00:00+00:00,35.249554,44.1922,26.09692
2035-07-10 00:00:00+00:00,33.42122,39.649624,27.280487
2035-07-11 00:00:00+00:00,33.392876,37.95705,28.364054
2035-07-12 00:00:00+00:00,29.064537,31.914478,26.04762
2035-07-13 00:00:00+00:00,29.736193,34.921906,25.731188
2035-07-14 00:00:00+00:00,30.107853,35.429325,25.114754
2035-07-15 00:00:00+00:00,28.17951,30.336754,26.39832
2035-07-16 00:00:00+00:00,29.151173,32.544178,25.23189
2035-07-17 00:00:00+00:00,31.422832,36.301605,27.015457
2035-07-18 00:00:00+00:00,32.64449,39.10903,26.499023
2035-07-19 00:00:00+00:00,32.566154,39.066456,26.532589
2035-07-20 00:00:00+00:00,32.33781,36.873882,28.166157
2035-07-21 00:00:00+00:00,31.209467,35.731308,27.699722
2035-07-22 00:00:00+00:00,29.731127,34.488735,25.383291
2035-07-23 00:00:00+00:00,30.352787,34.64616,26.46686
2035-07-24 00:00:00+00:00,27.824444,31.253586,24.800425
2035-07-25 00:00:00+00:00,29.746107,34.511017,25.78399
2035-07-26 00:00:00+00:00,30.217766,34.918438,26.417559
2035-07-27 00:00:00+00:00,30.789423,35.775864,26.551126
2035-07-28 00:00:00+00:00,30.561085,36.333286,25.584694
2035-07-29 00:00:00+00:00,31.032745,37.740715,25.16826
2035-07-30 00:00:00+00:00,31.854404,35.59814,28.451826
2035-07-31 00:00:00+00:00,31.176062,36.805565,27.035395
2035-08-01 00:00:00+00:00,30.297722,36.36299,25.068962
2035-08-02 00:00:00+00:00,31.069378,36.22042,26.552528
2035-08-03 00:00:00+00:00,30.391043,36.027843,26.086094
2035-08-04 00:00:00+00:00,28.9127,34.935272,23.869663
2035-08-05 00:00:00+00:00,28.83436,34.192696,23.75323
2035-08-06 00:00:00+00:00,30.356022,37.40012,24.286793
2035-08-07 00:00:00+00:00,31.177677,38.95755,24.370363
2035-08-08 00:00:00+00:00,30.699337,38.36497,24.40393
2035-08-09 00:00:00+00:00,30.071,36.7224,24.687496
2035-08-10 00:00:00+00:00,29.942657,37.079826,23.421064
2035-08-11 00:00:00+00:00,29.614315,36.237247,24.054632
2035-08-12 00:00:00+00:00,29.685974,36.394676,23.788198
2035-08-13 00:00:00+00:00,30.157635,38.852104,23.171764
2035-08-14 00:00:00+00:00,29.779291,36.70953,23.305336
2035-08-15 00:00:00+00:00,29.550953,35.36696,23.9389
2035-08-16 00:00:00+00:00,29.822615,36.42438,23.772469
2035-08-17 00:00:00+00:00,31.044271,39.431805,23.406034
2035-08-18 00:00:00+00:00,30.015932,35.28923,24.8396
2035-08-19 00:00:00+00:00,27.537588,29.746658,25.67317
2035-08-20 00:00:00+00:00,30.409252,34.954086,25.556734
2035-08-21 00:00:00+00:00,30.780909,36.76151,25.540302
2035-08-22 00:00:00+00:00,30.652569,37.218933,24.423868
2035-08-23 00:00:00+00:00,28.92423,31.876362,25.607437
2035-08-24 00:00:00+00:00,31.145887,37.433784,24.991001
2035-08-25 00:00:00+00:00,31.81755,38.741215,25.87457
2035-08-26 00:00:00+00:00,31.289206,38.14864,25.358137
2035-08-27 00:00:00+00:00,28.710867,33.956062,25.741705
2035-08-28 00:00:00+00:00,25.482525,27.01349,25.07527
2035-08-29 00:00:00+00:00,28.704185,34.170914,23.60884
2035-08-30 00:00:00+00:00,25.725845,26.828342,25.242407
2035-08-31 00:00:00+00:00,26.597504,28.935768,24.825972
2035-09-01 00:00:00+00:00,30.019161,35.54319,24.959541
2035-09-02 00:00:00+00:00,31.056595,38.819412,24.254108
2035-09-03 00:00:00+00:00,32.041325,39.902023,23.281681
2035-09-04 00:00:00+00:00,31.32606,36.934635,26.509253
2035-09-05 00:00:00+00:00,31.360796,38.117245,25.436823
2035-09-06 00:00:00+00:00,31.895529,37.64985,26.264399
2035-09-07 00:00:00+00:00,31.480272,36.93246,26.391972
2035-09-08 00:00:00+00:00,32.115005,38.06507,26.369543
2035-09-09 00:00:00+00:00,31.399742,36.397682,26.947117
2035-09-10 00:00:00+00:00,30.684475,36.530285,26.074688
2035-09-11 00:00:00+00:00,28.91921,33.762897,26.102259
2035-09-12 00:00:00+00:00,31.353945,36.845505,26.079832
2035-09-13 00:00:00+00:00,31.588678,38.828117,25.657404
2035-09-14 00:00:00+00:00,31.57342,38.210724,24.184975
2035-09-15 00:00:00+00:00,32.05815,36.893333,27.21255
2035-09-16 00:00:00+00:00,28.342892,32.075943,24.740122
2035-09-17 00:00:00+00:00,29.327623,33.858555,24.867695
2035-09-18 00:00:00+00:00,30.962357,37.34116,25.845268
2035-09-19 00:00:00+00:00,30.347094,35.17377,26.222841
2035-09-20 00:00:00+00:00,29.53183,33.40638,25.70041
2035-09-21 00:00:00+00:00,25.26657,25.388988,24.727985
2035-09-22 00:00:00+00:00,28.4013,33.171597,24.655556
2035-09-23 00:00:00+00:00,30.336035,36.45421,25.183128
2035-09-24 00:00:00+00:00,29.920773,35.33682,25.610703
2035-09-25 00:00:00+00:00,28.705505,32.069424,25.588274
2035-09-26 00:00:00+00:00,26.590246,30.152039,24.215849
2035-09-27 00:00:00+00:00,23.374975,22.684645,24.043419
2035-09-28 00:00:00+00:00,25.759714,27.917255,23.670992
2035-09-29 00:00:00+00:00,27.694448,31.449863,25.148565
2035-09-30 00:00:00+00:00,27.179184,30.382477,24.676138
2035-10-01 00:00:00+00:00,28.213919,32.21508,24.75371
2035-10-02 00:00:00+00:00,28.198656,31.847694,25.581282
2035-10-03 00:00:00+00:00,27.433392,29.2303,26.158855
2035-10-04 00:00:00+00:00,26.618124,28.96291,24.786428
2035-10-05 00:00:00+00:00,27.702864,29.79552,25.763998
2035-10-06 00:00:00+00:00,30.337599,35.428127,26.641571
2035-10-07 00:00:00+00:00,31.372334,39.310738,25.869146
2035-10-08 00:00:00+00:00,30.557072,37.743347,23.596716
2035-10-09 00:00:00+00:00,30.491804,35.57596,26.174288
2035-10-10 00:00:00+00:00,30.47654,34.958565,26.851862
2035-10-11 00:00:00+00:00,27.611275,30.891178,25.679436
2035-10-12 00:00:00+00:00,29.79601,38.773785,22.757008
2035-10-13 00:00:00+00:00,29.380745,37.806393,22.084578
2035-10-14 00:00:00+00:00,28.615482,36.489006,22.562153
2035-10-15 00:00:00+00:00,28.300219,37.77161,20.389723
2035-10-16 00:00:00+00:00,29.334951,38.10422,21.317295
2035-10-17 00:00:00+00:00,27.26969,31.486828,23.394869
2035-10-18 00:00:00+00:00,26.554422,29.819439,23.922443
2035-10-19 00:00:00+00:00,29.489159,34.802044,24.750011
2035-10-20 00:00:00+00:00,30.873894,39.784657,22.327587
2035-10-21 00:00:00+00:00,30.10863,37.367264,22.305159
2035-10-22 00:00:00+00:00,31.843367,37.249874,26.332731
2035-10-23 00:00:00+00:00,30.4281,33.832485,28.260303
2035-10-24 00:00:00+00:00,30.662836,39.465096,23.637877
2035-10-25 00:00:00+00:00,29.547571,38.0477,21.465448
2035-10-26 00:00:00+00:00,28.782307,37.380318,20.243021
2035-10-27 00:00:00+00:00,28.817043,37.56292,21.220592
2035-10-28 00:00:00+00:00,29.901775,37.545532,22.998167
2035-10-29 00:00:00+00:00,30.236517,37.92814,22.925737
2035-10-30 00:00:00+00:00,29.77125,38.060757,20.803308
2035-10-31 00:00:00+00:00,28.555988,32.193356,26.130884
2035-11-01 00:00:00+00:00,27.090721,29.725971,24.958456
2035-11-02 00:00:00+00:00,29.767424,35.20265,24.129625
2035-11-03 00:00:00+00:00,31.78075,39.019447,24.540123
2035-11-04 00:00:00+00:00,30.994072,38.88625,23.550621
2035-11-05 00:00:00+00:00,29.307396,35.303043,24.31112
2035-11-06 00:00:00+00:00,29.220718,37.669846,21.921618
2035-11-07 00:00:00+00:00,30.334044,36.33664,24.582113
2035-11-08 00:00:00+00:00,29.547365,35.95344,25.042614
2035-11-09 00:00:00+00:00,30.310692,37.72024,23.503113
2035-11-10 00:00:00+00:00,29.924011,37.737038,21.46361
2035-11-11 00:00:00+00:00,31.137337,37.653835,25.974106
2035-11-12 00:00:00+00:00,29.200657,37.42063,20.834602
2035-11-13 00:00:00+00:00,28.513983,36.587433,20.945103
2035-11-14 00:00:00+00:00,28.827305,36.50423,22.055601
2035-11-15 00:00:00+00:00,27.040628,34.82103,19.766098
2035-11-16 00:00:00+00:00,27.703953,36.787827,18.626595
2035-11-17 00:00:00+00:00,28.767275,36.004627,22.037094
2035-11-18 00:00:00+00:00,28.5306,35.72142,19.847591
2035-11-19 00:00:00+00:00,28.493923,34.988224,22.408089
2035-11-20 00:00:00+00:00,27.807245,35.255024,20.568588
2035-11-21 00:00:00+00:00,28.720572,36.47182,20.679083
2035-11-22 00:00:00+00:00,29.433893,34.988617,24.139584
2035-11-23 00:00:00+00:00,30.447216,37.20542,24.45008
2035-11-24 00:00:00+00:00,29.81054,37.972218,22.66058
2035-11-25 00:00:00+00:00,28.973864,37.43901,20.621077
2035-11-26 00:00:00+00:00,29.737186,37.65581,22.531574
2035-11-27 00:00:00+00:00,29.50051,37.572613,22.342072
2035-11-28 00:00:00+00:00,29.063831,37.88941,21.50257
2035-11-29 00:00:00+00:00,28.727156,38.006207,19.413067
2035-11-30 00:00:00+00:00,29.74048,38.07301,22.923565
2035-12-01 00:00:00+00:00,29.603802,38.489807,21.334063
2035-12-02 00:00:00+00:00,29.867128,38.606606,21.944563
2035-12-03 00:00:00+00:00,28.780449,36.473404,22.40506
2035-12-04 00:00:00+00:00,27.193775,34.7902,21.315556
2035-12-05 00:00:00+00:00,26.307098,34.706997,19.076056
2035-12-06 00:00:00+00:00,26.02042,34.673798,17.986553
2035-12-07 00:00:00+00:00,27.483744,34.7406,21.24705
2035-12-08 00:00:00+00:00,25.947067,30.407394,21.907547
2035-12-09 00:00:00+00:00,28.310389,36.274193,20.918047
2035-12-10 00:00:00+00:00,27.373713,35.34099,20.278543
2035-12-11 00:00:00+00:00,27.487038,35.50779,20.739042
2035-12-12 00:00:00+00:00,26.500359,34.174587,19.74954
2035-12-13 00:00:00+00:00,25.813683,33.491386,19.160038
2035-12-14 00:00:00+00:00,25.67701,33.658184,18.770536
2035-12-15 00:00:00+00:00,25.34033,33.17498,18.881035
2035-12-16 00:00:00+00:00,25.203653,34.291782,16.541533
2035-12-17 00:00:00+00:00,26.366976,36.00858,17.15203
2035-12-18 00:00:00+00:00,26.6303,36.325375,17.062527
2035-12-19 00:00:00+00:00,26.893623,36.392178,17.123026
2035-12-20 00:00:00+00:00,26.556946,35.658978,18.183525
2035-12-21 00:00:00+00:00,25.720268,35.275776,16.694023
2035-12-22 00:00:00+00:00,25.383595,35.89257,15.904517
2035-12-23 00:00:00+00:00,25.896917,35.90937,16.515017
2035-12-24 00:00:00+00:00,25.710241,35.826168,15.775512
2035-12-25 00:00:00+00:00,26.573563,36.342968,17.086012
2035-12-26 00:00:00+00:00,26.586885,36.409767,17.14651
2035-12-27 00:00:00+00:00,26.00021,36.226562,16.457008
2035-12-28 00:00:00+00:00,26.063532,36.093365,17.717506
2035-12-29 00:00:00+00:00,25.526855,35.96016,16.778004
2035-12-30 00:00:00+00:00,25.590178,35.926964,16.338501
2035-12-31 00:00:00+00:00,26.003506,35.69376,17.748999
2036-01-01 00:00:00+00:00,26.066826,35.310555,17.9595
2036-01-02 00:00:00+00:00,26.173359,33.52074,20.613037
2036-01-03 00:00:00+00:00,26.2231,31.224316,22.009613
2036-01-04 00:00:00+00:00,26.172842,34.327885,19.206196
2036-01-05 00:00:00+00:00,25.372581,33.281452,19.602774
2036-01-06 00:00:00+00:00,24.122326,32.535023,16.749355
2036-01-07 00:00:00+00:00,23.772066,31.538597,16.295933
2036-01-08 00:00:00+00:00,24.371807,31.692165,19.492512
2036-01-09 00:00:00+00:00,22.971548,31.995735,13.939094
2036-01-10 00:00:00+00:00,24.621292,32.849304,16.635674
2036-01-11 00:00:00+00:00,25.37103,32.902878,18.032253
2036-01-12 00:00:00+00:00,25.820774,32.806446,20.528831
2036-01-13 00:00:00+00:00,25.870516,30.860016,22.12541
2036-01-14 00:00:00+00:00,27.420258,35.313587,22.221992
2036-01-15 00:00:00+00:00,27.97,36.36716,20.11857
2036-01-16 00:00:00+00:00,29.019741,37.920727,20.96515
2036-01-17 00:00:00+00:00,28.06948,35.5743,21.961731
2036-01-18 00:00:00+00:00,29.069223,38.02787,19.95831
2036-01-19 00:00:00+00:00,30.768963,39.681442,21.854889
2036-01-20 00:00:00+00:00,30.418709,39.235016,22.45147
2036-01-21 00:00:00+00:00,29.068447,38.838585,19.348047
2036-01-22 00:00:00+00:00,28.618189,37.242157,20.044628
2036-01-23 00:00:00+00:00,29.567928,38.745724,21.441208
2036-01-24 00:00:00+00:00,29.617672,38.599297,21.837786
2036-01-25 00:00:00+00:00,29.317413,37.45287,22.334366
2036-01-26 00:00:00+00:00,28.117153,35.906433,20.98095
2036-01-27 00:00:00+00:00,27.5169,33.760006,22.277527
2036-01-28 00:00:00+00:00,25.366638,31.913578,20.374105
2036-01-29 00:00:00+00:00,24.31638,32.117146,16.870686
2036-01-30 00:00:00+00:00,25.11612,32.17072,17.617266
2036-01-31 00:00:00+00:00,26.71586,31.12429,22.763845
2036-02-01 00:00:00+00:00,28.265604,34.277863,23.410423
2036-02-02 00:00:00+00:00,27.815346,35.781433,20.357004
2036-02-03 00:00:00+00:00,27.365088,35.184998,21.053583
2036-02-04 00:00:00+00:00,26.414831,34.58857,19.400164
2036-02-05 00:00:00+00:00,25.614569,33.54214,17.896742
2036-02-06 00:00:00+00:00,24.564312,28.645714,20.293324
2036-02-07 00:00:00+00:00,27.364052,35.699284,22.7899
2036-02-08 00:00:00+00:00,27.313793,35.602856,19.28648
2036-02-09 00:00:00+00:00,28.113535,34.556427,19.78306
2036-02-10 00:00:00+00:00,23.863277,26.259996,20.57964
2036-02-11 00:00:00+00:00,23.51302,26.463568,20.37622
2036-02-12 00:00:00+00:00,27.412764,32.367138,21.7228
2036-02-13 00:00:00+00:00,29.812502,34.970707,23.96938
2036-02-14 00:00:00+00:00,30.912245,37.224274,24.465961
2036-02-15 00:00:00+00:00,32.011986,37.62785,25.91254
2036-02-16 00:00:00+00:00,29.011728,33.081425,25.159119
2036-02-17 00:00:00+00:00,28.561468,32.034992,24.6557
2036-02-18 00:00:00+00:00,29.86121,36.038563,23.102276
2036-02-19 00:00:00+00:00,31.460953,37.14213,25.448858
2036-02-20 00:00:00+00:00,31.660694,37.895702,24.595436
2036-02-21 00:00:00+00:00,31.310436,37.24927,25.192019
2036-02-22 00:00:00+00:00,31.410175,37.85284,24.838596
2036-02-23 00:00:00+00:00,31.359915,38.256413,24.235176
2036-02-24 00:00:00+00:00,32.05966,39.459984,23.181757
2036-02-25 00:00:00+00:00,33.209404,40.463554,26.128336
2036-02-26 00:00:00+00:00,31.259144,37.467125,24.674915
2036-02-27 00:00:00+00:00,31.308884,38.470695,24.971495
2036-02-28 00:00:00+00:00,31.208626,38.72427,24.618074
2036-02-29 00:00:00+00:00,31.158365,38.727833,24.614655
2036-03-01 00:00:00+00:00,31.358105,39.481407,22.511234
2036-03-02 00:00:00+00:00,32.55785,39.08498,25.407814
2036-03-03 00:00:00+00:00,31.415602,36.846767,26.86086
2036-03-04 00:00:00+00:00,30.578156,38.16347,22.617785
2036-03-05 00:00:00+00:00,31.040712,38.630184,23.324715
2036-03-06 00:00:00+00:00,30.853268,38.446896,22.68164
2036-03-07 00:00:00+00:00,32.465824,40.413605,23.638569
2036-03-08 00:00:00+00:00,30.22838,34.08031,25.445494
2036-03-09 00:00:00+00:00,33.79094,41.19703,26.90242
2036-03-10 00:00:00+00:00,34.00349,41.213737,27.059347
2036-03-11 00:00:00+00:00,32.96605,40.680443,25.416275
2036-03-12 00:00:00+00:00,32.028603,40.147156,23.7732
2036-03-13 00:00:00+00:00,29.99116,37.61387,22.230127
2036-03-14 00:00:00+00:00,29.953718,38.180573,21.637053
2036-03-15 00:00:00+00:00,30.416273,38.99729,21.14398
2036-03-16 00:00:00+00:00,30.67883,38.814003,22.350908
2036-03-17 00:00:00+00:00,32.141388,40.93071,22.557833
2036-03-18 00:00:00+00:00,34.85394,43.097424,26.014761
2036-03-19 00:00:00+00:00,33.7165,42.76413,24.921688
2036-03-20 00:00:00+00:00,33.429054,42.880844,23.728615
2036-03-21 00:00:00+00:00,34.341606,43.697556,23.88554
2036-03-22 00:00:00+00:00,33.654163,43.214268,22.792467
2036-03-23 00:00:00+00:00,34.366722,42.730976,25.799393
2036-03-24 00:00:00+00:00,33.179276,41.997684,24.306322
2036-03-25 00:00:00+00:00,30.341831,38.014397,22.963247
2036-03-26 00:00:00+00:00,30.004389,38.331104,21.220175
2036-03-27 00:00:00+00:00,31.466944,39.847816,22.827103
2036-03-28 00:00:00+00:00,32.9295,42.11453,23.884027
2036-03-29 00:00:00+00:00,35.042057,45.431236,24.390953
2036-03-30 00:00:00+00:00,33.604614,40.29795,26.69788
2036-03-31 00:00:00+00:00,32.517166,38.414658,26.204807
2036-04-01 00:00:00+00:00,32.779724,38.83137,26.961733
2036-04-02 00:00:00+00:00,34.092285,41.74808,25.76866
2036-04-03 00:00:00+00:00,34.304832,42.56479,25.525587
2036-04-04 00:00:00+00:00,34.417393,41.8815,26.582516
2036-04-05 00:00:00+00:00,34.32995,42.59821,25.38944
2036-04-06 00:00:00+00:00,34.492504,42.464924,25.796366
2036-04-07 00:00:00+00:00,33.55506,42.481636,24.553293
2036-04-08 00:00:00+00:00,33.31762,41.298344,25.410221
2036-04-09 00:00:00+00:00,33.530174,42.615055,24.917149
2036-04-10 00:00:00+00:00,34.192726,43.731766,23.874077
2036-04-11 00:00:00+00:00,33.305283,41.798473,24.481
2036-04-12 00:00:00+00:00,31.267841,38.765186,23.437927
2036-04-13 00:00:00+00:00,30.880394,37.5319,23.794855
2036-04-14 00:00:00+00:00,33.092953,41.09861,25.85178
2036-04-15 00:00:00+00:00,33.55551,42.615322,24.958708
2036-04-16 00:00:00+00:00,32.868065,38.03203,25.915638
2036-04-17 00:00:00+00:00,32.73062,38.84874,26.072561
2036-04-18 00:00:00+00:00,33.893177,40.665447,25.879488
2036-04-19 00:00:00+00:00,34.90573,42.932156,27.736416
2036-04-20 00:00:00+00:00,35.718285,44.398872,26.493343
2036-04-21 00:00:00+00:00,34.280846,43.36558,25.20027
2036-04-22 00:00:00+00:00,33.643402,42.432293,24.957195
2036-04-23 00:00:00+00:00,34.205956,43.549004,24.214125
2036-04-24 00:00:00+00:00,34.068512,42.815712,24.921047
2036-04-25 00:00:00+00:00,34.831066,44.282425,24.327974
2036-04-26 00:00:00+00:00,35.393627,42.999134,27.084902
2036-04-27 00:00:00+00:00,36.80618,43.21584,28.791828
2036-04-28 00:00:00+00:00,36.018738,39.482555,31.298754
2036-04-29 00:00:00+00:00,34.031292,39.99926,27.955683
2036-04-30 00:00:00+00:00,35.793854,43.26598,27.81261
2036-05-01 00:00:00+00:00,33.906403,42.832687,25.119534
2036-05-02 00:00:00+00:00,35.468964,44.5994,25.776463
2036-05-03 00:00:00+00:00,33.19809,37.833237,29.109335
2036-05-04 00:00:00+00:00,32.666077,37.256126,27.634192
2036-05-05 00:00:00+00:00,33.984055,43.37901,25.459051
2036-05-06 00:00:00+00:00,33.95204,44.251896,24.883905
2036-05-07 00:00:00+00:00,32.970024,42.124783,24.258759
2036-05-08 00:00:00+00:00,31.588007,38.197666,24.933619
2036-05-09 00:00:00+00:00,29.405994,33.420555,25.258472
2036-05-10 00:00:00+00:00,30.923977,37.943436,23.433329
2036-05-11 00:00:00+00:00,31.791962,39.666325,23.208185
2036-05-12 00:00:00+00:00,32.959946,40.98921,24.083042
2036-05-13 00:00:00+00:00,33.52793,41.86209,23.907898
2036-05-14 00:00:00+00:00,34.095917,42.334976,24.982756
2036-05-15 00:00:00+00:00,33.3639,40.707863,24.757612
2036-05-16 00:00:00+00:00,32.431885,38.580746,25.882467
2036-05-17 00:00:00+00:00,34.29987,40.50363,27.907324
2036-05-18 00:00:00+00:00,35.717854,41.27652,29.232182
2036-05-19 00:00:00+00:00,31.885836,35.049404,27.257036
2036-05-20 00:00:00+00:00,34.753822,43.82229,25.881891
2036-05-21 00:00:00+00:00,34.221806,41.74517,26.90675
2036-05-22 00:00:00+00:00,34.039787,42.36806,26.181608
2036-05-23 00:00:00+00:00,34.45777,42.190945,26.806461
2036-05-24 00:00:00+00:00,32.52576,39.86383,26.381319
2036-05-25 00:00:00+00:00,32.14374,38.436714,25.856176
2036-05-26 00:00:00+00:00,32.46173,39.7596,24.781033
2036-05-27 00:00:00+00:00,32.729713,41.382484,24.005886
2036-05-28 00:00:00+00:00,34.5477,44.155373,25.180744
2036-05-29 00:00:00+00:00,32.615677,37.878258,27.4056
2036-05-30 00:00:00+00:00,31.633663,35.70114,28.230457
2036-05-31 00:00:00+00:00,32.451645,37.374027,27.355312
2036-06-01 00:00:00+00:00,35.369633,43.596912,26.880167
2036-06-02 00:00:00+00:00,34.287617,41.119797,26.555025
2036-06-03 00:00:00+00:00,33.5056,38.89268,27.67988
2036-06-04 00:00:00+00:00,33.223587,38.515568,27.954739
2036-06-05 00:00:00+00:00,33.74157,41.688454,26.679592
2036-06-06 00:00:00+00:00,35.509552,42.961338,28.00445
2036-06-07 00:00:00+00:00,33.37754,41.13423,25.329306
2036-06-08 00:00:00+00:00,31.345522,37.35711,25.254164
2036-06-09 00:00:00+00:00,30.713507,36.02999,25.179018
2036-06-10 00:00:00+00:00,32.881493,38.55288,26.653873
2036-06-11 00:00:00+00:00,33.44948,39.02577,28.12873
2036-06-12 00:00:00+00:00,33.26746,40.14865,26.553589
2036-06-13 00:00:00+00:00,33.33544,40.821537,26.228445
2036-06-14 00:00:00+00:00,33.753426,39.94442,27.8533
2036-06-15 00:00:00+00:00,31.321411,37.51731,25.028156
2036-06-16 00:00:00+00:00,26.889397,28.840193,24.553015
2036-06-17 00:00:00+00:00,31.05738,34.763077,27.02787
2036-06-18 00:00:00+00:00,33.625366,39.235962,28.252724
2036-06-19 00:00:00+00:00,35.14335,40.658848,29.827583
2036-06-20 00:00:00+00:00,34.36133,40.481735,28.302439
2036-06-21 00:00:00+00:00,33.17932,38.05462,28.127293
2036-06-22 00:00:00+00:00,33.6473,37.9275,28.902153
2036-06-23 00:00:00+00:00,34.165283,39.600388,28.977009
2036-06-24 00:00:00+00:00,33.28327,39.223274,27.851864
2036-06-25 00:00:00+00:00,32.601257,38.146156,27.126719
2036-06-26 00:00:00+00:00,31.219238,37.519047,27.101576
2036-06-27 00:00:00+00:00,30.487223,35.34193,25.226433
2036-06-28 00:00:00+00:00,32.40521,36.36482,29.451288
2036-06-29 00:00:00+00:00,35.173195,42.5377,27.876144
2036-06-30 00:00:00+00:00,35.241173,40.960583,29.151001
2036-07-01 00:00:00+00:00,32.90916,37.283474,28.32586
2036-07-02 00:00:00+00:00,32.627144,37.106358,28.450712
2036-07-03 00:00:00+00:00,28.798344,32.565716,24.983194
2036-07-04 00:00:00+00:00,31.020004,37.123142,26.06676
2036-07-05 00:00:00+00:00,31.64166,35.630566,28.550325
2036-07-06 00:00:00+00:00,31.613321,35.58799,27.433895
2036-07-07 00:00:00+00:00,32.434982,37.545418,27.31746
2036-07-08 00:00:00+00:00,33.406643,39.452843,27.251028
2036-07-09 00:00:00+00:00,33.1283,39.06027,28.534595
2036-07-10 00:00:00+00:00,30.74996,34.06769,28.46816
2036-07-11 00:00:00+00:00,31.871616,37.77512,26.651728
2036-07-12 00:00:00+00:00,34.29328,41.732544,27.835297
2036-07-13 00:00:00+00:00,33.864937,40.239975,27.918863
2036-07-14 00:00:00+00:00,33.4366,39.847397,27.85243
2036-07-15 00:00:00+00:00,32.308254,37.80482,27.535997
2036-07-16 00:00:00+00:00,31.029917,37.11225,25.669563
2036-07-17 00:00:00+00:00,30.801573,36.969677,24.953129
2036-07-18 00:00:00+00:00,30.823236,37.1771,24.986698
2036-07-19 00:00:00+00:00,31.644894,38.884525,25.120266
2036-07-20 00:00:00+00:00,33.016556,42.691956,25.00383
2036-07-21 00:00:00+00:00,32.58821,39.69938,25.8374
2036-07-22 00:00:00+00:00,32.35987,38.2568,27.120966
2036-07-23 00:00:00+00:00,31.73153,38.41423,26.304535
2036-07-24 00:00:00+00:00,31.10319,36.721657,26.038101
2036-07-25 00:00:00+00:00,26.22485,27.029083,25.02167
2036-07-26 00:00:00+00:00,28.69651,33.536507,24.155233
2036-07-27 00:00:00+00:00,30.86817,35.593933,26.4888
2036-07-28 00:00:00+00:00,31.039831,36.90136,25.772367
2036-07-29 00:00:00+00:00,28.911488,32.658783,25.655933
2036-07-30 00:00:00+00:00,27.733147,31.266212,25.789501
2036-07-31 00:00:00+00:00,29.104807,34.22364,24.873066
2036-08-01 00:00:00+00:00,29.976467,34.531063,25.506638
2036-08-02 00:00:00+00:00,32.14813,39.188488,26.040203
2036-08-03 00:00:00+00:00,32.119785,39.74591,25.72377
2036-08-04 00:00:00+00:00,31.391445,35.953342,26.85734
2036-08-05 00:00:00+00:00,30.813105,34.860767,27.340906
2036-08-06 00:00:00+00:00,30.334763,35.41819,25.974472
2036-08-07 00:00:00+00:00,29.156424,33.72562,24.95804
2036-08-08 00:00:00+00:00,29.52808,32.833042,24.491606
2036-08-09 00:00:00+00:00,30.199743,34.84047,26.175173
2036-08-10 00:00:00+00:00,30.821398,34.547894,26.558739
2036-08-11 00:00:00+00:00,32.343056,37.15532,27.192307
2036-08-12 00:00:00+00:00,26.614717,28.912746,24.325874
2036-08-13 00:00:00+00:00,29.536379,35.32017,24.259441
2036-08-14 00:00:00+00:00,31.008038,37.5776,26.393005
2036-08-15 00:00:00+00:00,28.3797,31.735023,25.876572
2036-08-16 00:00:00+00:00,29.201359,33.192448,25.910143
2036-08-17 00:00:00+00:00,30.023016,34.049877,26.39371
2036-08-18 00:00:00+00:00,30.344677,36.2573,25.877275
2036-08-19 00:00:00+00:00,29.216335,33.814724,27.310843
2036-08-20 00:00:00+00:00,22.687996,23.672153,21.89441
2036-08-21 00:00:00+00:00,25.859655,27.779575,23.827978
2036-08-22 00:00:00+00:00,26.131313,27.287004,25.411547
2036-08-23 00:00:00+00:00,29.552975,35.29443,25.04511
2036-08-24 00:00:00+00:00,32.37463,39.151855,26.62868
2036-08-25 00:00:00+00:00,32.14629,39.359283,27.062244
2036-08-26 00:00:00+00:00,30.617952,35.366707,26.945812
2036-08-27 00:00:00+00:00,28.98961,30.574135,27.629377
2036-08-28 00:00:00+00:00,31.111269,36.481556,27.312948
2036-08-29 00:00:00+00:00,31.432928,38.288982,26.096512
2036-08-30 00:00:00+00:00,30.50459,34.846413,27.43008
2036-08-31 00:00:00+00:00,30.576246,36.303833,26.363647
2036-09-01 00:00:00+00:00,30.297909,36.861263,25.247215
2036-09-02 00:00:00+00:00,28.43264,34.093864,23.624786
2036-09-03 00:00:00+00:00,27.817379,34.426483,22.30236
2036-09-04 00:00:00+00:00,28.452112,34.959087,23.179932
2036-09-05 00:00:00+00:00,28.636852,35.0417,23.557507
2036-09-06 00:00:00+00:00,29.521585,33.924305,25.185074
2036-09-07 00:00:00+00:00,29.05632,34.10692,24.212648
2036-09-08 00:00:00+00:00,31.191055,37.839527,25.590221
2036-09-09 00:00:00+00:00,31.025787,35.322136,27.267794
2036-09-10 00:00:00+00:00,25.010529,26.554745,23.345366
2036-09-11 00:00:00+00:00,27.095263,29.587353,24.37294
2036-09-12 00:00:00+00:00,27.63,29.369965,25.850512
2036-09-13 00:00:00+00:00,29.964735,35.602573,25.578085
2036-09-14 00:00:00+00:00,30.649467,38.23518,25.055656
2036-09-15 00:00:00+00:00,29.084206,33.817795,24.933228
2036-09-16 00:00:00+00:00,25.918938,28.500397,23.960802
2036-09-17 00:00:00+00:00,26.953674,29.88301,23.888372
2036-09-18 00:00:00+00:00,29.13841,33.015617,25.165945
2036-09-19 00:00:00+00:00,32.42315,37.84823,27.093517
2036-09-20 00:00:00+00:00,31.007883,35.880833,27.021093
2036-09-21 00:00:00+00:00,29.592617,33.413445,26.648664
2036-09-22 00:00:00+00:00,32.427353,39.196056,26.126238
2036-09-23 00:00:00+00:00,31.462086,36.128666,28.503809
2036-09-24 00:00:00+00:00,30.396824,37.261276,26.681381
2036-09-25 00:00:00+00:00,30.531555,36.293884,25.308954
2036-09-26 00:00:00+00:00,30.666298,35.37649,26.186527
2036-09-27 00:00:00+00:00,30.651028,35.409103,26.064098
2036-09-28 00:00:00+00:00,24.285767,26.741713,21.24167
2036-09-29 00:00:00+00:00,26.620502,29.524319,24.169245
2036-09-30 00:00:00+00:00,27.055237,31.206932,24.246817
2036-10-01 00:00:00+00:00,27.139973,31.139542,24.074389
2036-10-02 00:00:00+00:00,27.824707,32.222145,25.101961
2036-10-03 00:00:00+00:00,27.80944,31.35476,25.929533
2036-10-04 00:00:00+00:00,28.39418,33.837364,24.757107
2036-10-05 00:00:00+00:00,29.628914,36.619976,22.584679
2036-10-06 00:00:00+00:00,29.263649,32.702583,27.062248
2036-10-07 00:00:00+00:00,30.248383,36.635197,26.039824
2036-10-08 00:00:00+00:00,30.18312,37.6178,24.667397
2036-10-09 00:00:00+00:00,30.317854,37.300415,24.544968
2036-10-10 00:00:00+00:00,30.00259,37.383022,23.422539
2036-10-11 00:00:00+00:00,29.387327,36.11563,24.500116
2036-10-12 00:00:00+00:00,28.072063,32.49824,22.677687
2036-10-13 00:00:00+00:00,30.706795,36.18085,26.90526
2036-10-14 00:00:00+00:00,32.091534,38.01346,27.88283
2036-10-15 00:00:00+00:00,31.226267,37.946068,25.610403
2036-10-16 00:00:00+00:00,29.861004,37.82868,21.987974
2036-10-17 00:00:00+00:00,30.09574,36.711285,22.315548
2036-10-18 00:00:00+00:00,30.080475,36.043896,25.543123
2036-10-19 00:00:00+00:00,29.065208,34.626503,24.070694
2036-10-20 00:00:00+00:00,27.549948,30.909111,25.498266
2036-10-21 00:00:00+00:00,29.93468,34.041725,25.775839
2036-10-22 00:00:00+00:00,29.319418,32.074333,27.10341
2036-10-23 00:00:00+00:00,31.104155,37.156944,25.830984
2036-10-24 00:00:00+00:00,30.288887,35.639553,26.158556
2036-10-25 00:00:00+00:00,28.573624,34.32216,23.88613
2036-10-26 00:00:00+00:00,27.90836,34.754772,21.2637
2036-10-27 00:00:00+00:00,28.393095,35.63738,20.991274
2036-10-28 00:00:00+00:00,29.42783,37.01999,21.918844
2036-10-29 00:00:00+00:00,28.662567,36.9026,19.49642
2036-10-30 00:00:00+00:00,29.647303,37.78521,21.323992
2036-10-31 00:00:00+00:00,30.232035,38.717815,21.301561
2036-11-01 00:00:00+00:00,29.764095,38.64845,20.377
2036-11-02 00:00:00+00:00,30.277418,38.765247,22.2375
2036-11-03 00:00:00+00:00,30.390743,36.932045,24.797997
2036-11-04 00:00:00+00:00,31.404062,38.148846,24.308493
2036-11-05 00:00:00+00:00,30.667389,37.215645,23.71899
2036-11-06 00:00:00+00:00,30.930712,36.43244,24.379492
2036-11-07 00:00:00+00:00,32.194035,37.199245,25.889988
2036-11-08 00:00:00+00:00,33.107357,38.616035,28.100485
2036-11-09 00:00:00+00:00,30.720684,36.882835,23.960981
2036-11-10 00:00:00+00:00,30.834005,38.649635,23.871483
2036-11-11 00:00:00+00:00,30.09733,37.266438,23.03198
2036-11-12 00:00:00+00:00,29.510653,36.583233,21.192476
2036-11-13 00:00:00+00:00,28.973976,34.60003,24.152975
2036-11-14 00:00:00+00:00,29.487297,36.21683,23.213472
2036-11-15 00:00:00+00:00,28.600624,36.433628,21.223972
2036-11-16 00:00:00+00:00,27.613945,35.500427,20.28447
2036-11-17 00:00:00+00:00,28.07727,36.267223,20.144966
2036-11-18 00:00:00+00:00,27.540592,35.834023,19.355465
2036-11-19 00:00:00+00:00,27.053917,36.15082,17.715961
2036-11-20 00:00:00+00:00,27.71724,37.26762,17.876461
2036-11-21 00:00:00+00:00,29.030563,38.13442,20.486958
2036-11-22 00:00:00+00:00,28.793884,36.75122,20.147457
2036-11-23 00:00:00+00:00,28.807209,37.718018,19.857954
2036-11-24 00:00:00+00:00,29.07053,37.634815,21.21845
2036-11-25 00:00:00+00:00,28.333855,37.70161,20.27895
2036-11-26 00:00:00+00:00,28.197178,36.718407,19.68945
2036-11-27 00:00:00+00:00,28.910503,37.83521,19.699945
2036-11-28 00:00:00+00:00,29.073826,37.702007,20.760443
2036-11-29 00:00:00+00:00,28.18715,35.518806,22.820942
2036-11-30 00:00:00+00:00,28.150473,36.435608,20.831438
2036-12-01 00:00:00+00:00,27.963795,37.252407,18.591936
2036-12-02 00:00:00+00:00,29.57712,36.2192,20.802435
2036-12-03 00:00:00+00:00,28.740442,33.786,24.21293
2036-12-04 00:00:00+00:00,28.953766,34.5028,25.023432
2036-12-05 00:00:00+00:00,27.867088,34.369595,21.38393
2036-12-06 00:00:00+00:00,27.630411,33.236393,23.594425
2036-12-07 00:00:00+00:00,26.393734,33.403194,19.704924
2036-12-08 00:00:00+00:00,25.207058,32.16999,20.015423
2036-12-09 00:00:00+00:00,24.120382,32.33679,16.72592
2036-12-10 00:00:00+00:00,24.583704,33.35359,16.686417
2036-12-11 00:00:00+00:00,25.29703,33.97039,17.596916
2036-12-12 00:00:00+00:00,26.71035,36.137188,18.057415
2036-12-13 00:00:00+00:00,27.373676,36.803986,18.96791
2036-12-14 00:00:00+00:00,27.036999,36.070786,19.278408
2036-12-15 00:00:00+00:00,26.250322,35.53758,17.788908
2036-12-16 00:00:00+00:00,26.963646,36.05438,17.849405
2036-12-17 00:00:00+00:00,27.226969,35.92118,19.859903
2036-12-18 00:00:00+00:00,26.590294,36.837975,16.670403
2036-12-19 00:00:00+00:00,28.153614,36.754776,20.630898
2036-12-20 00:00:00+00:00,27.11694,36.221577,19.091398
2036-12-21 00:00:00+00:00,27.73026,37.038372,19.351894
2036-12-22 00:00:00+00:00,26.993586,36.455173,18.31239
2036-12-23 00:00:00+00:00,27.856909,37.27197,18.97289
2036-12-24 00:00:00+00:00,27.770231,36.638767,19.533388
2036-12-25 00:00:00+00:00,27.583555,36.50557,19.943884
2036-12-26 00:00:00+00:00,27.49688,36.222363,21.204384
2036-12-27 00:00:00+00:00,27.110203,35.239162,20.91488
2036-12-28 00:00:00+00:00,25.623528,33.605965,18.97538
2036-12-29 00:00:00+00:00,24.636848,33.622757,16.485876
2036-12-30 00:00:00+00:00,25.150175,34.53956,16.696377
2036-12-31 00:00:00+00:00,25.613495,34.20636,18.006872
2037-01-01 00:00:00+00:00,25.523424,34.769844,17.16389
2037-01-02 00:00:00+00:00,25.623165,35.22342,16.76047
2037-01-03 00:00:00+00:00,26.122904,35.97699,16.90705
2037-01-04 00:00:00+00:00,27.072647,36.730564,17.753628
2037-01-05 00:00:00+00:00,28.57239,37.43413,19.750208
2037-01-06 00:00:00+00:00,29.122131,36.637703,23.44679
2037-01-07 00:00:00+00:00,27.671873,36.54127,19.743368
2037-01-08 00:00:00+00:00,27.871613,36.894844,20.48995
2037-01-09 00:00:00+00:00,28.421354,37.248413,19.886526
2037-01-10 00:00:00+00:00,28.621098,36.101982,23.183107
2037-01-11 00:00:00+00:00,26.87084,33.70556,22.029688
2037-01-12 00:00:00+00:00,23.72058,28.059124,19.126266
2037-01-13 00:00:00+00:00,23.720322,26.512695,21.822845
2037-01-14 00:00:00+00:00,23.920065,27.416265,21.019426
2037-01-15 00:00:00+00:00,23.719807,27.619837,18.666006
2037-01-16 00:00:00+00:00,24.919546,32.473408,17.712585
2037-01-17 00:00:00+00:00,25.119287,33.27698,17.759165
2037-01-18 00:00:00+00:00,26.26903,35.080547,18.355743
2037-01-19 00:00:00+00:00,27.06877,35.58412,18.952326
2037-01-20 00:00:00+00:00,27.868513,35.58769,22.448902
2037-01-21 00:00:00+00:00,27.468252,35.791264,21.545483
2037-01-22 00:00:00+00:00,28.317995,36.44483,20.292063
2037-01-23 00:00:00+00:00,28.917738,35.748405,24.088642
2037-01-24 00:00:00+00:00,25.16748,32.451973,18.935223
2037-01-25 00:00:00+00:00,23.967218,31.705544,16.731804
2037-01-26 00:00:00+00:00,25.416964,33.85911,17.928381
2037-01-27 00:00:00+00:00,27.116701,36.212685,19.07496
2037-01-28 00:00:00+00:00,28.466444,34.466255,23.37154
2037-01-29 00:00:00+00:00,30.616186,36.769825,24.91812
2037-01-30 00:00:00+00:00,30.965925,37.923397,26.0647
2037-01-31 00:00:00+00:00,29.715668,38.27697,21.96128
2037-02-01 00:00:00+00:00,29.965412,37.58054,23.807858
2037-02-02 00:00:00+00:00,30.015154,38.184105,22.204441
2037-02-03 00:00:00+00:00,29.414894,38.287678,20.701017
2037-02-04 00:00:00+00:00,29.214634,37.94125,20.4476
2037-02-05 00:00:00+00:00,29.964376,38.144817,22.744177
2037-02-06 00:00:00+00:00,29.414118,38.098392,20.840757
2037-02-07 00:00:00+00:00,30.013859,39.151962,20.337337
2037-02-08 00:00:00+00:00,31.013601,38.10553,21.233917
2037-02-09 00:00:00+00:00,31.463343,38.359104,24.780495
2037-02-10 00:00:00+00:00,29.013086,35.412674,24.627075
2037-02-11 00:00:00+00:00,27.012829,34.416245,21.523655
2037-02-12 00:00:00+00:00,27.212564,33.869812,20.020233
2037-02-13 00:00:00+00:00,28.012308,33.47338,23.466816
2037-02-14 00:00:00+00:00,26.31205,33.976955,18.663397
2037-02-15 00:00:00+00:00,25.66179,31.580528,20.259974
2037-02-16 00:00:00+00:00,24.461533,28.484098,21.706554
2037-02-17 00:00:00+00:00,23.761276,25.83767,21.353134
2037-02-18 00:00:00+00:00,26.961018,35.04124,18.749712
2037-02-19 00:00:00+00:00,29.060755,37.34481,20.946293
2037-02-20 00:00:00+00:00,28.860498,37.54838,20.692871
2037-02-21 00:00:00+00:00,29.41024,38.70195,19.98945
2037-02-22 00:00:00+00:00,30.65998,39.605522,21.436031
2037-02-23 00:00:00+00:00,32.15972,40.50909,23.132612
2037-02-24 00:00:00+00:00,32.859467,40.612667,24.579191
2037-02-25 00:00:00+00:00,33.75921,41.916233,26.325771
2037-02-26 00:00:00+00:00,32.908947,41.019802,26.77235
2037-02-27 00:00:00+00:00,30.75869,39.823376,21.81893
2037-02-28 00:00:00+00:00,30.558432,39.526943,21.66551
2037-03-01 00:00:00+00:00,30.90817,39.48051,22.262089
2037-03-02 00:00:00+00:00,29.907915,37.684086,22.10867
2037-03-03 00:00:00+00:00,30.36246,38.592587,22.259129
2037-03-04 00:00:00+00:00,32.075016,40.359295,23.466055
2037-03-05 00:00:00+00:00,32.68757,41.026005,24.67298
2037-03-06 00:00:00+00:00,32.700127,41.19272,24.179907
2037-03-07 00:00:00+00:00,32.962685,40.759426,25.236835
2037-03-08 00:00:00+00:00,30.825243,36.77614,25.643763
2037-03-09 00:00:00+00:00,28.037796,32.49285,24.45069
2037-03-10 00:00:00+00:00,29.500355,36.659554,24.357615
2037-03-11 00:00:00+00:00,28.512909,36.526268,21.56454
2037-03-12 00:00:00+00:00,29.425465,37.942978,20.92147
2037-03-13 00:00:00+00:00,30.488022,38.80969,23.528395
2037-03-14 00:00:00+00:00,30.100578,39.5764,20.085323
2037-03-15 00:00:00+00:00,30.063135,39.94311,19.892248
2037-03-16 00:00:00+00:00,30.975689,40.759823,21.399174
2037-03-17 00:00:00+00:00,31.188248,40.876534,20.3561
2037-03-18 00:00:00+00:00,31.600801,41.543243,21.413029
2037-03-19 00:00:00+00:00,30.61336,38.709953,21.569954
2037-03-20 00:00:00+00:00,29.625914,37.326664,21.676882
2037-03-21 00:00:00+00:00,31.63847,40.643375,22.183807
2037-03-22 00:00:00+00:00,33.00103,42.010086,23.690735
2037-03-23 00:00:00+00:00,32.86358,41.576797,23.997662
2037-03-24 00:00:00+00:00,32.676136,40.89351,24.104588
2037-03-25 00:00:00+00:00,31.788692,40.71022,21.861515
2037-03-26 00:00:00+00:00,32.05125,41.776928,22.168442
2037-03-27 00:00:00+00:00,31.063805,39.24364,21.62537
2037-03-28 00:00:00+00:00,31.67636,40.76035,22.082296
2037-03-29 00:00:00+00:00,32.88892,41.977062,22.889221
2037-03-30 00:00:00+00:00,32.751472,41.543774,22.446148
2037-03-31 00:00:00+00:00,31.51403,40.510483,21.903072
2037-04-01 00:00:00+00:00,33.026585,42.627193,22.460001
2037-04-02 00:00:00+00:00,33.53914,43.0439,23.866928
2037-04-03 00:00:00+00:00,33.7017,43.46061,22.873856
2037-04-04 00:00:00+00:00,32.914253,41.97732,23.030783
2037-04-05 00:00:00+00:00,33.126812,41.494034,24.53771
2037-04-06 00:00:00+00:00,33.239365,39.360744,26.944635
2037-04-07 00:00:00+00:00,31.451923,37.627457,25.201561
2037-04-08 00:00:00+00:00,31.914478,39.094162,23.50849
2037-04-09 00:00:00+00:00,32.87703,40.360878,25.165417
2037-04-10 00:00:00+00:00,34.339584,42.327587,25.572342
2037-04-11 00:00:00+00:00,35.452145,42.944294,28.229269
2037-04-12 00:00:00+00:00,35.7647,43.111004,27.786198
2037-04-13 00:00:00+00:00,35.07726,43.47772,26.443123
2037-04-14 00:00:00+00:00,34.639812,43.29443,25.950048
2037-04-15 00:00:00+00:00,33.40237,40.61114,26.306976
2037-04-16 00:00:00+00:00,33.264927,42.17785,24.363903
2037-04-17 00:00:00+00:00,33.127483,41.39456,24.970829
2037-04-18 00:00:00+00:00,33.04004,41.06127,24.627756
2037-04-19 00:00:00+00:00,33.302597,41.47798,24.584684
2037-04-20 00:00:00+00:00,32.51515,41.294693,23.291609
2037-04-21 00:00:00+00:00,33.12771,41.6114,23.748533
2037-04-22 00:00:00+00:00,34.94026,43.378117,25.205465
2037-04-23 00:00:00+00:00,34.10282,42.244827,25.21239
2037-04-24 00:00:00+00:00,33.315372,41.611534,24.419317
2037-04-25 00:00:00+00:00,33.527927,42.278248,24.126244
2037-04-26 00:00:00+00:00,32.890488,41.244957,24.133171
2037-04-27 00:00:00+00:00,33.50304,41.76167,24.140097
2037-04-28 00:00:00+00:00,34.765594,43.078377,24.847023
2037-04-29 00:00:00+00:00,35.12815,44.095085,24.953949
2037-04-30 00:00:00+00:00,35.940712,45.261795,25.960876
2037-05-01 00:00:00+00:00,35.053265,43.878513,25.567804
2037-05-02 00:00:00+00:00,34.165817,42.945213,24.57473
2037-05-03 00:00:00+00:00,34.40609,42.64002,24.965622
2037-05-04 00:00:00+00:00,33.824074,41.712906,24.890478
2037-05-05 00:00:00+00:00,32.89206,41.53579,23.465336
2037-05-06 00:00:00+00:00,33.26004,41.90867,23.540192
2037-05-07 00:00:00+00:00,31.628029,40.08156,22.515045
2037-05-08 00:00:00+00:00,31.396011,40.104446,22.039904
2037-05-09 00:00:00+00:00,31.963999,39.227333,24.064758
2037-05-10 00:00:00+00:00,32.781982,41.20022,23.589617
2037-05-11 00:00:00+00:00,34.399963,41.4731,26.91447
2037-05-12 00:00:00+00:00,34.017952,40.995987,27.03933
2037-05-13 00:00:00+00:00,33.435936,41.36887,24.914186
2037-05-14 00:00:00+00:00,32.20392,41.34176,23.03904
2037-05-15 00:00:00+00:00,31.9719,40.71464,22.613897
2037-05-16 00:00:00+00:00,29.839888,37.33753,22.338755
2037-05-17 00:00:00+00:00,29.307873,36.760414,21.96361
2037-05-18 00:00:00+00:00,31.675858,40.4833,22.238462
2037-05-19 00:00:00+00:00,33.94384,43.30618,23.863323
2037-05-20 00:00:00+00:00,33.911827,42.579067,24.08818
2037-05-21 00:00:00+00:00,32.97981,40.55195,25.363035
2037-05-22 00:00:00+00:00,33.647797,41.57484,25.737892
2037-05-23 00:00:00+00:00,31.065779,38.147724,24.362747
2037-05-24 00:00:00+00:00,30.88376,38.270615,22.837603
2037-05-25 00:00:00+00:00,31.301744,38.243492,23.562462
2037-05-26 00:00:00+00:00,31.319729,38.966377,23.437317
2037-05-27 00:00:00+00:00,31.387714,40.189266,22.26217
2037-05-28 00:00:00+00:00,31.555698,40.362152,22.03703
2037-05-29 00:00:00+00:00,32.173683,41.135033,22.861889
2037-05-30 00:00:00+00:00,30.991665,39.307915,22.486744
2037-05-31 00:00:00+00:00,30.95965,39.530804,23.361599
2037-06-01 00:00:00+00:00,30.127636,38.603695,22.136452
2037-06-02 00:00:00+00:00,29.84562,36.826576,22.811312
2037-06-03 00:00:00+00:00,30.313606,37.64946,22.986168
2037-06-04 00:00:00+00:00,32.131584,41.872345,23.211025
2037-06-05 00:00:00+00:00,31.849571,39.695236,23.185879
2037-06-06 00:00:00+00:00,32.36756,38.518116,25.660738
2037-06-07 00:00:00+00:00,33.78554,39.540997,27.18559
2037-06-08 00:00:00+00:00,32.903526,39.413887,28.11045
2037-06-09 00:00:00+00:00,33.471508,40.786774,25.935303
2037-06-10 00:00:00+00:00,34.389492,41.80966,27.210163
2037-06-11 00:00:00+00:00,33.60748,39.782543,27.635015
2037-06-12 00:00:00+00:00,32.425465,39.955425,26.759876
2037-06-13 00:00:00+00:00,32.993446,40.078316,25.834728
2037-06-14 00:00:00+00:00,31.16143,35.201202,27.309586
2037-06-15 00:00:00+00:00,33.179417,38.87408,27.834444
2037-06-16 00:00:00+00:00,34.1974,41.94697,25.9093
2037-06-17 00:00:00+00:00,33.565384,39.869858,28.084154
2037-06-18 00:00:00+00:00,32.583366,38.142742,27.459013
2037-06-19 00:00:00+00:00,31.401352,37.565624,24.98387
2037-06-20 00:00:00+00:00,32.519337,39.23851,25.258724
2037-06-21 00:00:00+00:00,33.08732,41.111397,25.63358
2037-06-22 00:00:00+00:00,31.655306,36.834282,25.608435
2037-06-23 00:00:00+00:00,30.42329,34.75717,26.483295
2037-06-24 00:00:00+00:00,31.841274,39.38005,24.65815
2037-06-25 00:00:00+00:00,29.559261,36.202938,22.833004
2037-06-26 00:00:00+00:00,30.077242,36.27582,23.457863
2037-06-27 00:00:00+00:00,30.545227,36.248707,24.332718
2037-06-28 00:00:00+00:00,30.063211,34.27159,25.657574
2037-06-29 00:00:00+00:00,31.481195,37.844482,25.432432
2037-06-30 00:00:00+00:00,32.54918,40.617363,25.107286
2037-07-01 00:00:00+00:00,33.317165,43.49025,23.782145
2037-07-02 00:00:00+00:00,29.385149,33.663136,26.706999
2037-07-03 00:00:00+00:00,29.60543,34.42636,24.5373
2037-07-04 00:00:00+00:00,31.02709,36.48378,24.97087
2037-07-05 00:00:00+00:00,31.298748,36.04121,25.954437
2037-07-06 00:00:00+00:00,32.42041,38.148636,26.438002
2037-07-07 00:00:00+00:00,34.242065,40.95606,25.271566
2037-07-08 00:00:00+00:00,34.913727,40.063488,30.605135
2037-07-09 00:00:00+00:00,32.635387,37.120914,28.288702
2037-07-10 00:00:00+00:00,32.207047,38.828335,26.47227
2037-07-11 00:00:00+00:00,30.328705,35.485764,25.205837
2037-07-12 00:00:00+00:00,31.150364,36.993187,25.889404
2037-07-13 00:00:00+00:00,30.822023,37.050617,25.172968
2037-07-14 00:00:00+00:00,30.993683,38.90804,23.506538
2037-07-15 00:00:00+00:00,31.015343,37.065464,24.690105
2037-07-16 00:00:00+00:00,31.687002,37.32289,27.223673
2037-07-17 00:00:00+00:00,30.40866,37.43032,24.757238
2037-07-18 00:00:00+00:00,31.630322,38.487747,24.840805
2037-07-19 00:00:00+00:00,31.301981,36.345173,26.574373
2037-07-20 00:00:00+00:00,31.673637,37.102596,26.057941
2037-07-21 00:00:00+00:00,32.445297,37.910023,26.541506
2037-07-22 00:00:00+00:00,31.616955,37.317448,25.825073
2037-07-23 00:00:00+00:00,33.28862,41.374874,25.958641
2037-07-24 00:00:00+00:00,32.560272,38.3823,26.742208
2037-07-25 00:00:00+00:00,32.531937,38.239727,27.625776
2037-07-26 00:00:00+00:00,31.553595,37.04715,26.809341
2037-07-27 00:00:00+00:00,29.975254,34.604576,25.94291
2037-07-28 00:00:00+00:00,29.44691,34.362007,24.876476
2037-07-29 00:00:00+00:00,30.218573,35.119434,25.810043
2037-07-30 00:00:00+00:00,29.140228,32.376854,26.593613
2037-07-31 00:00:00+00:00,29.061892,33.034283,25.077179
2037-08-01 00:00:00+00:00,29.883547,34.791706,24.360744
2037-08-02 00:00:00+00:00,31.805212,38.59913,24.994312
2037-08-03 00:00:00+00:00,33.72687,42.956554,24.42788
2037-08-04 00:00:00+00:00,31.19853,36.663982,25.361446
2037-08-05 00:00:00+00:00,31.520187,36.47141,26.195011
2037-08-06 00:00:00+00:00,30.991848,35.728836,26.47858
2037-08-07 00:00:00+00:00,30.163507,34.83626,26.012146
2037-08-08 00:00:00+00:00,29.735168,34.343685,23.995712
2037-08-09 00:00:00+00:00,31.806828,36.851112,25.579279
2037-08-10 00:00:00+00:00,32.578484,37.90854,26.812847
2037-08-11 00:00:00+00:00,31.000145,36.315964,26.096416
2037-08-12 00:00:00+00:00,29.571804,34.173386,24.429981
2037-08-13 00:00:00+00:00,29.743464,33.930817,26.11355
2037-08-14 00:00:00+00:00,28.365124,31.238243,25.647116
2037-08-15 00:00:00+00:00,29.936783,34.445667,24.980684
2037-08-16 00:00:00+00:00,30.708439,36.553093,24.314249
2037-08-17 00:00:00+00:00,32.4301,39.810516,25.147818
2037-08-18 00:00:00+00:00,31.351759,37.26795,25.881382
2037-08-19 00:00:00+00:00,30.923422,36.37537,25.964952
2037-08-20 00:00:00+00:00,30.29508,33.182796,26.798515
2037-08-21 00:00:00+00:00,31.516737,36.04022,26.882088
2037-08-22 00:00:00+00:00,31.0884,36.997643,25.865652
2037-08-23 00:00:00+00:00,30.810059,36.305077,25.699219
2037-08-24 00:00:00+00:00,31.381716,37.8125,25.28279
2037-08-25 00:00:00+00:00,31.453377,38.969925,24.816353
2037-08-26 00:00:00+00:00,27.575035,29.777351,25.39992
2037-08-27 00:00:00+00:00,29.846697,34.484776,25.28349
2037-08-28 00:00:00+00:00,31.468353,37.142204,26.317057
2037-08-29 00:00:00+00:00,32.290016,40.24963,25.60062
2037-08-30 00:00:00+00:00,31.361673,36.907055,26.384186
2037-08-31 00:00:00+00:00,31.383333,36.714478,26.517757
2037-09-01 00:00:00+00:00,31.454992,38.071907,26.201323
2037-09-02 00:00:00+00:00,31.023958,36.435722,25.817896
2037-09-03 00:00:00+00:00,30.258694,34.91833,26.295467
2037-09-04 00:00:00+00:00,30.993431,37.650936,24.57304
2037-09-05 00:00:00+00:00,29.628164,32.183548,27.400612
2037-09-06 00:00:00+00:00,30.662899,35.56616,25.778183
2037-09-07 00:00:00+00:00,31.997639,36.44876,26.555758
2037-09-08 00:00:00+00:00,29.482368,33.83138,26.333326
2037-09-09 00:00:00+00:00,30.917109,36.413982,25.460903
2037-09-10 00:00:00+00:00,28.901842,35.296593,25.038473
2037-09-11 00:00:00+00:00,30.336578,35.3292,25.466045
2037-09-12 00:00:00+00:00,30.971313,37.111813,25.343616
2037-09-13 00:00:00+00:00,28.65605,34.69442,24.821192
2037-09-14 00:00:00+00:00,29.140783,35.077034,23.048765
2037-09-15 00:00:00+00:00,30.075521,36.15964,24.226336
2037-09-16 00:00:00+00:00,30.010254,36.792248,24.603909
2037-09-17 00:00:00+00:00,30.844992,36.47486,24.681482
2037-09-18 00:00:00+00:00,30.67973,33.95747,26.859053
2037-09-19 00:00:00+00:00,31.31446,37.290077,25.486626
2037-09-20 00:00:00+00:00,32.349194,40.722687,24.6642
2037-09-21 00:00:00+00:00,32.18393,40.5053,24.79177
2037-09-22 00:00:00+00:00,31.718666,37.287903,26.519342
2037-09-23 00:00:00+00:00,31.553408,36.82052,26.646915
2037-09-24 00:00:00+00:00,32.08814,37.20312,26.824488
2037-09-25 00:00:00+00:00,33.972878,39.035732,28.60206
2037-09-26 00:00:00+00:00,34.25761,38.01834,29.52963
2037-09-27 00:00:00+00:00,32.792347,39.200954,27.457207
2037-09-28 00:00:00+00:00,32.22708,41.23356,23.334778
2037-09-29 00:00:00+00:00,32.811817,41.066174,24.26235
2037-09-30 00:00:00+00:00,32.046555,38.248775,25.989923
2037-10-01 00:00:00+00:00,31.731287,38.731384,25.217497
2037-10-02 00:00:00+00:00,32.716022,38.413998,26.59507
2037-10-03 00:00:00+00:00,32.45076,39.046608,27.52264
2037-10-04 00:00:00+00:00,32.435493,39.829212,24.900213
2037-10-05 00:00:00+00:00,31.62023,38.71183,24.277786
2037-10-06 00:00:00+00:00,30.604965,38.294434,23.005358
2037-10-07 00:00:00+00:00,29.439697,36.82704,21.832928
2037-10-08 00:00:00+00:00,28.524437,35.359653,21.360504
2037-10-09 00:00:00+00:00,29.209171,36.24226,21.388075
2037-10-10 00:00:00+00:00,29.143908,35.774868,21.815647
2037-10-11 00:00:00+00:00,31.12864,38.00748,23.793219
2037-10-12 00:00:00+00:00,31.913376,39.74009,25.120794
2037-10-13 00:00:00+00:00,31.548113,40.122696,22.398367
2037-10-14 00:00:00+00:00,30.582851,38.60531,23.175938
2037-10-15 00:00:00+00:00,29.167585,37.437916,20.20351
2037-10-16 00:00:00+00:00,28.902325,37.320526,21.731085
2037-10-17 00:00:00+00:00,30.337057,37.553135,22.558657
2037-10-18 00:00:00+00:00,29.371792,34.935745,22.986227
2037-10-19 00:00:00+00:00,30.406528,37.718353,22.1638
2037-10-20 00:00:00+00:00,30.591263,38.250965,22.391375
2037-10-21 00:00:00+00:00,31.526001,39.533573,22.218945
2037-10-22 00:00:00+00:00,32.660736,37.71618,27.246517
2037-10-23 00:00:00+00:00,33.44547,39.548794,27.72409
2037-10-24 00:00:00+00:00,31.530205,32.8314,28.75166
2037-10-25 00:00:00+00:00,29.864939,33.86401,26.379234
2037-10-26 00:00:00+00:00,30.599676,37.14662,24.956806
2037-10-27 00:00:00+00:00,29.73441,37.97923,20.83438
2037-10-28 00:00:00+00:00,29.669146,36.411835,22.96195
2037-10-29 00:00:00+00:00,28.55388,35.794445,21.439524
2037-10-30 00:00:00+00:00,28.438616,35.827057,21.367098
2037-10-31 00:00:00+00:00,29.473354,37.709663,21.494669
2037-11-01 00:00:00+00:00,30.708088,39.392273,21.672243
2037-11-02 00:00:00+00:00,31.724089,40.061047,24.534874
2037-11-03 00:00:00+00:00,30.887411,39.62785,22.795372
2037-11-04 00:00:00+00:00,31.650734,39.594643,22.40587
2037-11-05 00:00:00+00:00,31.114058,35.161446,26.11637
2037-11-06 00:00:00+00:00,31.17738,35.928246,27.576866
2037-11-07 00:00:00+00:00,28.790707,35.64504,22.337362
2037-11-08 00:00:00+00:00,28.05403,34.61184,21.897861
2037-11-09 00:00:00+00:00,27.91735,35.02864,20.058361
2037-11-10 00:00:00+00:00,29.330677,34.19544,24.818857
2037-11-11 00:00:00+00:00,26.844,33.312237,21.229355
2037-11-12 00:00:00+00:00,26.507322,32.879032,21.239853
2037-11-13 00:00:00+00:00,25.570642,32.74583,18.800354
2037-11-14 00:00:00+00:00,25.983967,33.96263,18.510849
2037-11-15 00:00:00+00:00,27.24729,36.17943,17.371346
2037-11-16 00:00:00+00:00,28.810616,36.796227,20.781845
2037-11-17 00:00:00+00:00,29.573938,36.813023,23.542341
2037-11-18 00:00:00+00:00,29.737259,36.77982,22.952839
2037-11-19 00:00:00+00:00,29.150585,34.546623,24.913338
2037-11-20 00:00:00+00:00,27.413908,33.663425,20.423838
2037-11-21 00:00:00+00:00,26.777233,34.83022,18.584333
2037-11-22 00:00:00+00:00,26.490557,34.147015,19.594831
2037-11-23 00:00:00+00:00,27.703878,33.663815,22.305328
2037-11-24 00:00:00+00:00,27.467201,33.980618,21.565826
2037-11-25 00:00:00+00:00,25.930527,30.347412,22.476326
2037-11-26 00:00:00+00:00,25.19385,30.064213,21.586824
2037-11-27 00:00:00+00:00,25.607172,32.981007,20.99732
2037-11-28 00:00:00+00:00,27.370495,35.54781,21.00782
2037-11-29 00:00:00+00:00,27.13382,35.31461,19.868317
2037-11-30 00:00:00+00:00,27.797142,36.231407,20.678814
2037-12-01 00:00:00+00:00,27.060465,35.748203,19.389313
2037-12-02 00:00:00+00:00,27.873787,36.765003,19.999811
2037-12-03 00:00:00+00:00,26.98711,36.131805,18.310307
2037-12-04 00:00:00+00:00,27.400434,36.8986,18.120806
2037-12-05 00:00:00+00:00,28.013756,36.115395,21.631306
2037-12-06 00:00:00+00:00,26.87708,35.082195,19.541801
2037-12-07 00:00:00+00:00,26.840405,34.048996,18.902298
2037-12-08 00:00:00+00:00,28.503729,37.015797,21.0628
2037-12-09 00:00:00+00:00,27.46705,36.63259,18.873295
2037-12-10 00:00:00+00:00,27.780376,36.29939,20.783792
2037-12-11 00:00:00+00:00,27.4937,36.66619,19.444292
2037-12-12 00:00:00+00:00,28.207022,36.882988,19.85479
2037-12-13 00:00:00+00:00,27.170345,36.049786,18.615288
2037-12-14 00:00:00+00:00,26.733667,35.766582,18.775785
2037-12-15 00:00:00+00:00,26.696991,36.28338,18.186283
2037-12-16 00:00:00+00:00,26.360315,35.250183,17.146782
2037-12-17 00:00:00+00:00,27.273636,35.81698,18.70728
2037-12-18 00:00:00+00:00,27.436962,34.783775,21.617777
2037-12-19 00:00:00+00:00,26.750284,33.800575,21.178274
2037-12-20 00:00:00+00:00,26.463608,34.867374,18.688772
2037-12-21 00:00:00+00:00,26.926931,35.934174,19.24927
2037-12-22 00:00:00+00:00,26.940256,35.800972,18.659765
2037-12-23 00:00:00+00:00,27.40358,36.067772,19.470266
2037-12-24 00:00:00+00:00,27.616901,36.48457,19.330763
2037-12-25 00:00:00+00:00,27.730225,36.601364,19.64126
2037-12-26 00:00:00+00:00,27.893547,36.668163,20.75176
2037-12-27 00:00:00+00:00,27.80687,36.384964,18.862257
2037-12-28 00:00:00+00:00,29.120195,37.05176,22.522755
2037-12-29 00:00:00+00:00,28.233517,37.268562,19.783255
2037-12-30 00:00:00+00:00,28.396843,36.28536,22.043753
2037-12-31 00:00:00+00:00,26.960163,35.25216,18.65425
2038-01-01 00:00:00+00:00,26.273489,33.868958,20.164745
2038-01-02 00:00:00+00:00,24.72323,32.472523,17.961329
2038-01-03 00:00:00+00:00,24.722973,32.7261,16.457907
2038-01-04 00:00:00+00:00,24.422712,30.429668,20.354486
2038-01-05 00:00:00+00:00,24.722454,33.18324,17.051065
2038-01-06 00:00:00+00:00,24.772196,32.086803,19.247646
2038-01-07 00:00:00+00:00,24.47194,32.44038,15.944222
2038-01-08 00:00:00+00:00,24.371677,32.393955,17.190804
2038-01-09 00:00:00+00:00,25.121418,33.99752,17.037384
2038-01-10 00:00:00+00:00,26.12116,34.80109,18.983961
2038-01-11 00:00:00+00:00,26.320904,35.85466,17.230541
2038-01-12 00:00:00+00:00,28.770647,37.258232,20.827122
2038-01-13 00:00:00+00:00,27.870386,31.611805,23.323702
2038-01-14 00:00:00+00:00,28.270128,31.865372,25.620281
2038-01-15 00:00:00+00:00,26.96987,31.718948,23.266861
2038-01-16 00:00:00+00:00,25.269611,28.472515,22.413443
2038-01-17 00:00:00+00:00,27.76935,36.126087,19.96002
2038-01-18 00:00:00+00:00,28.169094,36.47966,19.556599
2038-01-19 00:00:00+00:00,28.818834,36.583225,22.003178
2038-01-20 00:00:00+00:00,27.968578,35.4368,21.099758
2038-01-21 00:00:00+00:00,27.918318,35.540367,21.79634
2038-01-22 00:00:00+00:00,26.46806,34.09394,19.092916
2038-01-23 00:00:00+00:00,26.517803,35.39751,17.889498
2038-01-24 00:00:00+00:00,26.367542,33.701084,17.836077
2038-01-25 00:00:00+00:00,28.967285,36.85465,21.982658
2038-01-26 00:00:00+00:00,28.917027,37.30822,21.429235
2038-01-27 00:00:00+00:00,28.716766,37.461792,20.875816
2038-01-28 00:00:00+00:00,27.56651,34.76536,19.822395
2038-01-29 00:00:00+00:00,28.866251,35.768932,23.118975
2038-01-30 00:00:00+00:00,26.71599,35.022507,19.415554
2038-01-31 00:00:00+00:00,27.765736,36.726074,19.012136
2038-02-01 00:00:00+00:00,28.265474,33.279648,21.858715
2038-02-02 00:00:00+00:00,28.015217,34.23322,23.705294
2038-02-03 00:00:00+00:00,27.664959,36.436783,20.051872
2038-02-04 00:00:00+00:00,27.164701,35.940353,18.698454
2038-02-05 00:00:00+00:00,27.11444,35.943924,19.395033
2038-02-06 00:00:00+00:00,27.464182,35.9975,20.641611
2038-02-07 00:00:00+00:00,27.713923,36.45107,19.638191
2038-02-08 00:00:00+00:00,28.363663,36.65464,20.83477
2038-02-09 00:00:00+00:00,28.213408,36.10821,21.681353
2038-02-10 00:00:00+00:00,27.313148,35.71178,19.62793
2038-02-11 00:00:00+00:00,27.662893,37.015354,18.27451
2038-02-12 00:00:00+00:00,30.362633,38.51892,23.12109
2038-02-13 00:00:00+00:00,30.262373,37.472492,25.217669
2038-02-14 00:00:00+00:00,28.912115,36.726063,23.064249
2038-02-15 00:00:00+00:00,29.111855,38.579636,19.96083
2038-02-16 00:00:00+00:00,29.961597,39.533207,20.607409
2038-02-17 00:00:00+00:00,29.611338,39.53678,19.303988
2038-02-18 00:00:00+00:00,30.361082,39.740345,21.20057
2038-02-19 00:00:00+00:00,30.410824,39.29392,22.247149
2038-02-20 00:00:00+00:00,30.110561,39.34749,20.793728
2038-02-21 00:00:00+00:00,31.010305,40.251057,21.790306
2038-02-22 00:00:00+00:00,31.760046,39.15463,25.286886
2038-02-23 00:00:00+00:00,29.95979,37.9082,23.483467
2038-02-24 00:00:00+00:00,27.70953,36.66177,19.330046
2038-02-25 00:00:00+00:00,28.759272,37.165344,21.726624
2038-02-26 00:00:00+00:00,28.709013,36.518906,21.823206
2038-02-27 00:00:00+00:00,28.208754,37.072483,19.219784
2038-02-28 00:00:00+00:00,26.408497,34.82605,17.666365
2038-03-01 00:00:00+00:00,26.458235,33.72962,18.662943
2038-03-02 00:00:00+00:00,27.95798,34.583195,21.209524
2038-03-03 00:00:00+00:00,29.809322,36.288406,23.957396
2038-03-04 00:00:00+00:00,32.471878,40.355118,24.314323
2038-03-05 00:00:00+00:00,32.834435,41.771824,25.021252
2038-03-06 00:00:00+00:00,32.496994,41.93854,23.778177
2038-03-07 00:00:00+00:00,31.509546,41.15525,22.035105
2038-03-08 00:00:00+00:00,31.172104,38.871956,23.792028
2038-03-09 00:00:00+00:00,31.184656,39.088673,23.348957
2038-03-10 00:00:00+00:00,30.847216,38.70538,22.555885
2038-03-11 00:00:00+00:00,31.259771,37.77209,22.81281
2038-03-12 00:00:00+00:00,31.722324,37.888798,25.369738
2038-03-13 00:00:00+00:00,31.08488,37.455513,25.276663
2038-03-14 00:00:00+00:00,29.797438,37.822224,21.78359
2038-03-15 00:00:00+00:00,29.459995,38.038933,20.540516
2038-03-16 00:00:00+00:00,29.92255,38.655647,20.297443
2038-03-17 00:00:00+00:00,30.635105,38.922356,22.00437
2038-03-18 00:00:00+00:00,32.29766,40.689068,23.661297
2038-03-19 00:00:00+00:00,31.860218,39.555775,24.818222
2038-03-20 00:00:00+00:00,30.872774,38.872486,23.27515
2038-03-21 00:00:00+00:00,30.235329,38.739197,21.732079
2038-03-22 00:00:00+00:00,30.347889,39.65591,20.689001
2038-03-23 00:00:00+00:00,30.410442,40.12262,20.04593
2038-03-24 00:00:00+00:00,31.622997,41.43933,20.902857
2038-03-25 00:00:00+00:00,32.985558,42.20604,23.659784
2038-03-26 00:00:00+00:00,33.04811,41.82275,24.86671
2038-03-27 00:00:00+00:00,32.710663,41.48946,24.27364
2038-03-28 00:00:00+00:00,31.173222,39.506176,22.980564
2038-03-29 00:00:00+00:00,32.485775,43.222878,21.137491
2038-03-30 00:00:00+00:00,32.248333,40.839596,23.044418
2038-03-31 00:00:00+00:00,35.010887,42.156303,26.451344
2038-04-01 00:00:00+00:00,36.223446,42.073013,30.258268
2038-04-02 00:00:00+00:00,34.086006,41.789726,25.515198
2038-04-03 00:00:00+00:00,34.498558,41.606438,26.722124
2038-04-04 00:00:00+00:00,35.511112,44.073143,27.42905
2038-04-05 00:00:00+00:00,33.873672,42.189857,25.435978
2038-04-06 00:00:00+00:00,32.786224,41.056564,24.942904
2038-04-07 00:00:00+00:00,32.248783,38.97328,24.849833
2038-04-08 00:00:00+00:00,32.411343,38.93999,25.206757
2038-04-09 00:00:00+00:00,32.923897,41.4567,25.713684
2038-04-10 00:00:00+00:00,33.386448,43.12341,24.120613
2038-04-11 00:00:00+00:00,32.099007,40.74012,23.127539
2038-04-12 00:00:00+00:00,32.361565,39.556828,25.484463
2038-04-13 00:00:00+00:00,32.674118,41.123543,24.19139
2038-04-14 00:00:00+00:00,35.336674,45.24025,24.198318
2038-04-15 00:00:00+00:00,33.799232,41.606964,25.655243
2038-04-16 00:00:00+00:00,33.311787,40.773674,24.91217
2038-04-17 00:00:00+00:00,34.774345,41.240383,26.819098
2038-04-18 00:00:00+00:00,36.5869,43.50709,30.276024
2038-04-19 00:00:00+00:00,34.74945,44.4738,23.982952
2038-04-20 00:00:00+00:00,35.612007,43.34051,27.039879
2038-04-21 00:00:00+00:00,35.974564,43.757225,28.246805
2038-04-22 00:00:00+00:00,34.28712,42.773933,25.703732
2038-04-23 00:00:00+00:00,34.24968,43.49065,25.11066
2038-04-24 00:00:00+00:00,34.912235,45.00736,24.867588
2038-04-25 00:00:00+00:00,33.72479,43.97407,24.874512
2038-04-26 00:00:00+00:00,33.937347,43.34078,24.48144
2038-04-27 00:00:00+00:00,33.2499,40.857487,24.588366
2038-04-28 00:00:00+00:00,34.01246,42.074203,25.795292
2038-04-29 00:00:00+00:00,34.875015,43.39091,25.902218
2038-04-30 00:00:00+00:00,34.58757,43.507618,26.209146
2038-05-01 00:00:00+00:00,33.800125,44.02433,23.266071
2038-05-02 00:00:00+00:00,33.212685,40.64104,25.322998
2038-05-03 00:00:00+00:00,32.264095,39.896797,26.671907
2038-05-04 00:00:00+00:00,34.032078,42.069683,25.246763
2038-05-05 00:00:00+00:00,33.350067,41.492565,24.371622
2038-05-06 00:00:00+00:00,34.568047,44.11545,24.146479
2038-05-07 00:00:00+00:00,35.286034,44.23834,26.271332
2038-05-08 00:00:00+00:00,32.804016,39.86122,25.746187
2038-05-09 00:00:00+00:00,31.522001,38.034107,25.121046
2038-05-10 00:00:00+00:00,32.589985,39.606995,24.6959
2038-05-11 00:00:00+00:00,32.607967,38.67988,25.920757
2038-05-12 00:00:00+00:00,32.925957,40.102764,25.695616
2038-05-13 00:00:00+00:00,35.14394,43.575653,25.97047
2038-05-14 00:00:00+00:00,33.961926,39.448536,27.745327
2038-05-15 00:00:00+00:00,32.92991,38.021423,28.020184
2038-05-16 00:00:00+00:00,33.19789,39.6943,26.495039
2038-05-17 00:00:00+00:00,36.115875,44.06719,27.519894
2038-05-18 00:00:00+00:00,36.18386,44.740074,27.744753
2038-05-19 00:00:00+00:00,33.801846,40.81296,27.01961
2038-05-20 00:00:00+00:00,34.069824,40.785843,27.244465
2038-05-21 00:00:00+00:00,33.687813,41.55873,25.419321
2038-05-22 00:00:00+00:00,33.505795,39.681618,27.394178
2038-05-23 00:00:00+00:00,33.87378,40.354504,27.769035
2038-05-24 00:00:00+00:00,32.691765,39.927387,26.093887
2038-05-25 00:00:00+00:00,32.159748,38.800274,25.418747
2038-05-26 00:00:00+00:00,32.827732,39.77316,25.943604
2038-05-27 00:00:00+00:00,33.24572,40.746044,25.968458
2038-05-28 00:00:00+00:00,33.1137,40.068928,25.893314
2038-05-29 00:00:00+00:00,33.031685,40.241814,25.618174
2038-05-30 00:00:00+00:00,31.74967,39.8647,24.443026
2038-05-31 00:00:00+00:00,30.917656,39.38758,22.567884
2038-06-01 00:00:00+00:00,31.08564,39.110474,22.592741
2038-06-02 00:00:00+00:00,31.503626,39.033356,23.317596
2038-06-03 00:00:00+00:00,31.121607,37.80624,24.042452
2038-06-04 00:00:00+00:00,31.43959,37.579124,24.467312
2038-06-05 00:00:00+00:00,34.357574,43.352013,25.092165
2038-06-06 00:00:00+00:00,34.975563,42.1749,26.867022
2038-06-07 00:00:00+00:00,34.393547,38.14778,30.591879
2038-06-08 00:00:00+00:00,33.761528,39.520664,28.266735
2038-06-09 00:00:00+00:00,33.029514,38.19355,28.44159
2038-06-10 00:00:00+00:00,32.3475,38.71644,26.216448
2038-06-11 00:00:00+00:00,32.265484,40.53932,23.741304
2038-06-12 00:00:00+00:00,33.783466,42.612206,24.016163
2038-06-13 00:00:00+00:00,32.70145,38.385094,26.791016
2038-06-14 00:00:00+00:00,32.969437,38.55798,27.515873
2038-06-15 00:00:00+00:00,33.13742,40.130863,26.29073
2038-06-16 00:00:00+00:00,32.2554,39.553745,24.665586
2038-06-17 00:00:00+00:00,32.973385,38.626637,27.190441
2038-06-18 00:00:00+00:00,32.391373,38.699524,26.365295
2038-06-19 00:00:00+00:00,32.059357,38.922405,25.390154
2038-06-20 00:00:00+00:00,32.22734,39.145287,25.51501
2038-06-21 00:00:00+00:00,32.645325,39.968174,24.889866
2038-06-22 00:00:00+00:00,31.863312,37.29106,26.66472
2038-06-23 00:00:00+00:00,32.231293,39.213947,25.339579
2038-06-24 00:00:00+00:00,32.29928,40.23683,24.764437
2038-06-25 00:00:00+00:00,31.817265,39.759716,24.189293
2038-06-26 00:00:00+00:00,31.735249,37.8326,25.764145
2038-06-27 00:00:00+00:00,31.60323,36.555485,26.689005
2038-06-28 00:00:00+00:00,30.921219,35.878372,26.113861
2038-06-29 00:00:00+00:00,31.7892,40.60126,24.138718
2038-06-30 00:00:00+00:00,31.007183,37.324142,24.813576
2038-07-01 00:00:00+00:00,31.275166,36.147026,26.08843
2038-07-02 00:00:00+00:00,30.543152,35.819912,26.013285
2038-07-03 00:00:00+00:00,28.912514,32.837006,24.591408
2038-07-04 00:00:00+00:00,26.484175,29.694427,24.224976
2038-07-05 00:00:00+00:00,29.005833,36.351856,21.158543
2038-07-06 00:00:00+00:00,31.877491,39.709282,24.24211
2038-07-07 00:00:00+00:00,31.499153,38.816704,24.775677
2038-07-08 00:00:00+00:00,30.970812,37.524128,24.609243
2038-07-09 00:00:00+00:00,31.542469,36.93156,26.342812
2038-07-10 00:00:00+00:00,31.414133,35.338978,26.826376
2038-07-11 00:00:00+00:00,31.485786,35.64641,26.859947
2038-07-12 00:00:00+00:00,31.50745,37.503834,25.743513
2038-07-13 00:00:00+00:00,30.379108,35.76126,25.227077
2038-07-14 00:00:00+00:00,29.950768,34.918682,25.560648
2038-07-15 00:00:00+00:00,29.772427,34.176113,24.894213
2038-07-16 00:00:00+00:00,29.544086,34.78354,24.677782
2038-07-17 00:00:00+00:00,28.765745,35.590965,23.061348
2038-07-18 00:00:00+00:00,24.237406,26.048388,22.644915
2038-07-19 00:00:00+00:00,25.309065,26.755816,24.228481
2038-07-20 00:00:00+00:00,28.480726,32.51324,25.062048
2038-07-21 00:00:00+00:00,30.002382,35.47067,25.445618
2038-07-22 00:00:00+00:00,29.974043,35.428097,25.429184
2038-07-23 00:00:00+00:00,30.845701,35.235516,26.61275
2038-07-24 00:00:00+00:00,31.467361,35.692944,27.596315
2038-07-25 00:00:00+00:00,31.28902,35.650368,27.429884
2038-07-26 00:00:00+00:00,32.01068,36.207794,27.713451
2038-07-27 00:00:00+00:00,31.13234,35.26522,27.197016
2038-07-28 00:00:00+00:00,30.804,36.472645,26.230585
2038-07-29 00:00:00+00:00,31.325659,37.480072,26.214151
2038-07-30 00:00:00+00:00,31.247318,37.3375,26.197721
2038-07-31 00:00:00+00:00,31.018978,37.04492,26.031286
2038-08-01 00:00:00+00:00,30.94064,36.602352,26.114851
2038-08-02 00:00:00+00:00,30.812294,36.85977,25.49842
2038-08-03 00:00:00+00:00,30.133957,35.5172,25.581985
2038-08-04 00:00:00+00:00,30.255613,34.524624,26.315552
2038-08-05 00:00:00+00:00,31.427275,35.28205,27.549122
2038-08-06 00:00:00+00:00,29.098934,32.539482,26.83269
2038-08-07 00:00:00+00:00,29.420593,35.146904,24.466255
2038-08-08 00:00:00+00:00,29.59225,34.25433,24.649824
2038-08-09 00:00:00+00:00,31.313913,37.06176,25.733389
2038-08-10 00:00:00+00:00,31.335571,37.11918,26.166958
2038-08-11 00:00:00+00:00,30.457232,36.62661,24.65052
2038-08-12 00:00:00+00:00,27.128893,28.734035,25.88409
2038-08-13 00:00:00+00:00,26.200548,28.641457,24.267656
2038-08-14 00:00:00+00:00,24.272211,26.948883,24.201223
2038-08-15 00:00:00+00:00,25.843866,28.156311,24.084793
2038-08-16 00:00:00+00:00,27.215528,30.563736,24.268358
2038-08-17 00:00:00+00:00,29.087189,33.92116,25.301924
2038-08-18 00:00:00+00:00,26.808846,29.578587,24.235493
2038-08-19 00:00:00+00:00,22.780506,23.28601,22.569057
2038-08-20 00:00:00+00:00,25.602165,28.043438,22.602629
2038-08-21 00:00:00+00:00,26.773823,30.750866,25.136194
2038-08-22 00:00:00+00:00,27.145483,29.858292,24.91976
2038-08-23 00:00:00+00:00,28.817142,33.115715,25.603327
2038-08-24 00:00:00+00:00,29.488804,33.92314,25.936895
2038-08-25 00:00:00+00:00,27.91046,30.830563,26.97046
2038-08-26 00:00:00+00:00,27.782124,31.487995,25.204025
2038-08-27 00:00:00+00:00,27.05378,28.495419,25.737597
2038-08-28 00:00:00+00:00,25.32544,26.802847,23.921164
2038-08-29 00:00:00+00:00,26.8471,31.460266,23.504728
2038-08-30 00:00:00+00:00,29.018759,34.5677,24.488298
2038-08-31 00:00:00+00:00,29.490417,35.32512,25.371862
2038-09-01 00:00:00+00:00,28.912077,33.18255,25.25543
2038-09-02 00:00:00+00:00,24.715275,24.927567,24.661
2038-09-03 00:00:00+00:00,26.100012,28.760174,24.13857
2038-09-04 00:00:00+00:00,28.484745,33.192787,24.466146
2038-09-05 00:00:00+00:00,27.669481,31.07539,26.043716
2038-09-06 00:00:00+00:00,29.204218,35.008007,24.671291
2038-09-07 00:00:00+00:00,30.68895,35.54061,27.148865
2038-09-08 00:00:00+00:00,30.223686,36.123226,25.776434
2038-09-09 00:00:00+00:00,29.658422,34.95583,25.75401
2038-09-10 00:00:00+00:00,29.49316,34.688442,25.931581
2038-09-11 00:00:00+00:00,28.827894,33.42105,24.709152
2038-09-12 00:00:00+00:00,26.36263,28.303661,25.936726
2038-09-13 00:00:00+00:00,29.497366,35.33627,25.014297
2038-09-14 00:00:00+00:00,31.0821,38.968872,24.49187
2038-09-15 00:00:00+00:00,32.266838,38.501484,28.319443
2038-09-16 00:00:00+00:00,32.301575,37.8341,28.447016
2038-09-17 00:00:00+00:00,29.286308,33.566704,24.824589
2038-09-18 00:00:00+00:00,32.77104,38.049313,27.752161
2038-09-19 00:00:00+00:00,32.605774,38.931927,27.479736
2038-09-20 00:00:00+00:00,32.64051,40.114532,25.807304
2038-09-21 00:00:00+00:00,31.625248,36.39714,27.034878
2038-09-22 00:00:00+00:00,31.359987,36.47975,26.71245
2038-09-23 00:00:00+00:00,32.394722,38.362362,26.490023
2038-09-24 00:00:00+00:00,34.529453,40.49497,28.667595
2038-09-25 00:00:00+00:00,31.76419,37.627583,27.095167
2038-09-26 00:00:00+00:00,30.098925,34.21019,26.872742
2038-09-27 00:00:00+00:00,32.783665,40.192802,26.600313
2038-09-28 00:00:00+00:00,32.168396,38.175407,26.177885
2038-09-29 00:00:00+00:00,32.953133,38.90802,27.205458
2038-09-30 00:00:00+00:00,33.687866,39.440624,27.583029
2038-10-01 00:00:00+00:00,32.772606,37.673237,27.710604
2038-10-02 00:00:00+00:00,33.55734,39.155846,28.488176
2038-10-03 00:00:00+00:00,32.742073,38.438454,27.415749
2038-10-04 00:00:00+00:00,31.726812,37.02106,26.74332
2038-10-05 00:00:00+00:00,33.311546,39.053673,26.770891
2038-10-06 00:00:00+00:00,32.69628,38.13628,28.198467
2038-10-07 00:00:00+00:00,31.331018,37.218887,25.226038
2038-10-08 00:00:00+00:00,31.065758,39.3515,24.153608
2038-10-09 00:00:00+00:00,33.10049,40.93411,23.531183
2038-10-10 00:00:00+00:00,33.385227,37.766716,28.408756
2038-10-11 00:00:00+00:00,33.869957,40.39933,28.836327
2038-10-12 00:00:00+00:00,32.104694,41.081936,24.713898
2038-10-13 00:00:00+00:00,31.489433,38.614544,23.741472
2038-10-14 00:00:00+00:00,30.474165,35.447155,25.869045
2038-10-15 00:00:00+00:00,26.5589,29.429764,24.746616
2038-10-16 00:00:00+00:00,22.843637,21.512373,23.47419
2038-10-17 00:00:00+00:00,27.47837,30.844986,24.451761
2038-10-18 00:00:00+00:00,28.96311,33.57759,24.779335
2038-10-19 00:00:00+00:00,28.697842,30.360199,26.306908
2038-10-20 00:00:00+00:00,30.432577,35.442814,26.734482
2038-10-21 00:00:00+00:00,31.017315,37.37542,26.41205
2038-10-22 00:00:00+00:00,28.802048,34.35803,24.589622
2038-10-23 00:00:00+00:00,29.386787,35.29064,24.367197
2038-10-24 00:00:00+00:00,30.32152,36.92325,24.69477
2038-10-25 00:00:00+00:00,31.206259,37.605858,25.722343
2038-10-26 00:00:00+00:00,30.54099,38.93847,24.849915
2038-10-27 00:00:00+00:00,30.125725,38.121075,23.127485
2038-10-28 00:00:00+00:00,30.810463,36.753685,25.45506
2038-10-29 00:00:00+00:00,30.945196,35.986298,26.782633
2038-10-30 00:00:00+00:00,29.679934,36.5189,23.610205
2038-10-31 00:00:00+00:00,30.564669,36.351513,24.787777
2038-11-01 00:00:00+00:00,30.549404,35.18412,24.91535
2038-11-02 00:00:00+00:00,30.070757,35.50685,24.132248
2038-11-03 00:00:00+00:00,31.034082,35.973644,25.742748
2038-11-04 00:00:00+00:00,33.247406,39.090446,28.053244
2038-11-05 00:00:00+00:00,32.41073,38.657246,26.663742
2038-11-06 00:00:00+00:00,30.974049,37.92404,25.17424
2038-11-07 00:00:00+00:00,29.187374,36.99084,21.234741
2038-11-08 00:00:00+00:00,26.950697,33.107643,21.645237
2038-11-09 00:00:00+00:00,29.114021,35.874435,21.905733
2038-11-10 00:00:00+00:00,30.127342,37.691235,23.366232
2038-11-11 00:00:00+00:00,31.090668,38.858036,23.276731
2038-11-12 00:00:00+00:00,30.65399,37.874832,24.68723
2038-11-13 00:00:00+00:00,29.617315,37.791634,21.197727
2038-11-14 00:00:00+00:00,29.030638,34.858433,22.458223
2038-11-15 00:00:00+00:00,28.893963,35.57523,22.91872
2038-11-16 00:00:00+00:00,29.407284,36.89203,22.429222
2038-11-17 00:00:00+00:00,29.720608,36.508823,22.389719
2038-11-18 00:00:00+00:00,29.03393,35.175625,22.400215
2038-11-19 00:00:00+00:00,28.797255,34.342422,22.610714
2038-11-20 00:00:00+00:00,29.110575,34.40922,23.021212
2038-11-21 00:00:00+00:00,29.7239,35.47602,23.38171
2038-11-22 00:00:00+00:00,27.687223,33.19282,21.992207
2038-11-23 00:00:00+00:00,27.000546,33.409615,20.602705
2038-11-24 00:00:00+00:00,27.36387,34.676414,19.263203
2038-11-25 00:00:00+00:00,29.477194,36.243214,23.873701
2038-11-26 00:00:00+00:00,29.590519,36.71001,23.3342
2038-11-27 00:00:00+00:00,29.40384,36.07681,24.144697
2038-11-28 00:00:00+00:00,28.267164,35.293613,22.455196
2038-11-29 00:00:00+00:00,26.330486,33.660408,19.965693
2038-11-30 00:00:00+00:00,24.89381,32.427204,17.52619
2038-12-01 00:00:00+00:00,25.707132,33.694008,17.186687
2038-12-02 00:00:00+00:00,27.220455,35.210804,19.697187
2038-12-03 00:00:00+00:00,29.533781,37.6276,19.657684
2038-12-04 00:00:00+00:00,30.797104,38.2944,23.86818
2038-12-05 00:00:00+00:00,30.660429,36.511196,26.27868
2038-12-06 00:00:00+00:00,29.27375,35.82799,23.989176
2038-12-07 00:00:00+00:00,28.237076,35.444798,21.749674
2038-12-08 00:00:00+00:00,28.350397,35.261597,23.410173
2038-12-09 00:00:00+00:00,27.213722,33.67839,22.370672
2038-12-10 00:00:00+00:00,25.577044,33.59519,17.881168
2038-12-11 00:00:00+00:00,25.390368,33.711987,16.791666
2038-12-12 00:00:00+00:00,26.55369,35.228786,17.702164
2038-12-13 00:00:00+00:00,28.167015,36.445583,20.262663
2038-12-14 00:00:00+00:00,28.580338,36.462383,21.52316
2038-12-15 00:00:00+00:00,27.843658,34.779182,22.483658
2038-12-16 00:00:00+00:00,25.356983,32.245983,19.994154
2038-12-17 00:00:00+00:00,23.420307,30.96278,16.454655
2038-12-18 00:00:00+00:00,23.683632,31.97958,16.315151
2038-12-19 00:00:00+00:00,23.946957,32.546375,15.975648
2038-12-20 00:00:00+00:00,23.960278,33.163174,15.286146
2038-12-21 00:00:00+00:00,24.4736,33.679977,15.946646
2038-12-22 00:00:00+00:00,25.986923,35.246773,16.707142
2038-12-23 00:00:00+00:00,27.950249,35.86357,19.56764
2038-12-24 00:00:00+00:00,27.013569,29.730368,23.278137
2038-12-25 00:00:00+00:00,27.326895,34.147167,21.838636
2038-12-26 00:00:00+00:00,26.09022,32.113968,21.649134
2038-12-27 00:00:00+00:00,24.953543,32.330765,19.409634
2038-12-28 00:00:00+00:00,25.416864,33.997562,18.520132
2038-12-29 00:00:00+00:00,24.380188,32.064365,17.68063
2038-12-30 00:00:00+00:00,24.64351,31.581161,19.841125
2038-12-31 00:00:00+00:00,24.306837,30.94796,19.001621
2039-01-01 00:00:00+00:00,25.370157,32.564754,19.312122
2039-01-02 00:00:00+00:00,25.773294,34.771633,18.36218
2039-01-03 00:00:00+00:00,25.623037,34.62521,18.25876
2039-01-04 00:00:00+00:00,25.722776,34.72877,18.305342
2039-01-05 00:00:00+00:00,25.972519,34.282345,19.701921
2039-01-06 00:00:00+00:00,25.62226,34.435917,17.998499
2039-01-07 00:00:00+00:00,26.022003,34.839485,18.09508
2039-01-08 00:00:00+00:00,26.371742,34.743057,19.541658
2039-01-09 00:00:00+00:00,25.721485,34.596626,17.738237
2039-01-10 00:00:00+00:00,26.271225,34.7002,19.734818
2039-01-11 00:00:00+00:00,26.720968,34.95377,20.131397
2039-01-12 00:00:00+00:00,25.970709,34.00734,18.927977
2039-01-13 00:00:00+00:00,25.670452,34.210915,18.624556
2039-01-14 00:00:00+00:00,25.420193,34.31448,17.271137
2039-01-15 00:00:00+00:00,25.969934,35.368053,17.267717
2039-01-16 00:00:00+00:00,26.869675,36.02162,17.864296
2039-01-17 00:00:00+00:00,27.269417,34.32519,19.660875
2039-01-18 00:00:00+00:00,30.51916,36.928764,24.257458
2039-01-19 00:00:00+00:00,28.068897,32.232334,24.304033
2039-01-20 00:00:00+00:00,25.068644,29.735905,21.250614
2039-01-21 00:00:00+00:00,25.418385,30.98948,20.047194
2039-01-22 00:00:00+00:00,25.868126,32.94305,19.543774
2039-01-23 00:00:00+00:00,25.917866,33.546616,17.490355
2039-01-24 00:00:00+00:00,27.317608,33.25019,21.536932
2039-01-25 00:00:00+00:00,27.26735,31.60376,25.133512
2039-01-26 00:00:00+00:00,28.167091,31.707329,25.280092
2039-01-27 00:00:00+00:00,27.216831,30.9609,22.476671
2039-01-28 00:00:00+00:00,27.616573,31.164467,23.77325
2039-01-29 00:00:00+00:00,25.666315,28.568043,23.719833
2039-01-30 00:00:00+00:00,26.416058,32.72162,20.816408
2039-01-31 00:00:00+00:00,28.465797,34.525185,22.21299
2039-02-01 00:00:00+00:00,29.715538,36.078754,24.40957
2039-02-02 00:00:00+00:00,29.415281,37.182323,21.156149
2039-02-03 00:00:00+00:00,30.315023,36.68589,24.452728
2039-02-04 00:00:00+00:00,30.364765,37.489464,23.74931
2039-02-05 00:00:00+00:00,29.214504,34.643032,25.145887
2039-02-06 00:00:00+00:00,27.364246,33.646606,22.442469
2039-02-07 00:00:00+00:00,26.463987,34.80018,19.039045
2039-02-08 00:00:00+00:00,26.963728,34.75375,20.085627
2039-02-09 00:00:00+00:00,26.763474,35.10732,19.332207
2039-02-10 00:00:00+00:00,26.663216,35.210888,19.028786
2039-02-11 00:00:00+00:00,26.812954,35.81446,18.025364
2039-02-12 00:00:00+00:00,26.562696,35.068027,17.821947
2039-02-13 00:00:00+00:00,27.162437,34.321598,19.418526
2039-02-14 00:00:00+00:00,28.112179,35.97517,20.515104
2039-02-15 00:00:00+00:00,27.81192,36.528744,19.011684
2039-02-16 00:00:00+00:00,28.911663,37.482315,20.808266
2039-02-17 00:00:00+00:00,28.561403,36.435886,21.154844
2039-02-18 00:00:00+00:00,28.861145,36.739452,21.951424
2039-02-19 00:00:00+00:00,27.160889,32.393024,22.298002
2039-02-20 00:00:00+00:00,28.510628,35.696594,21.294584
2039-02-21 00:00:00+00:00,28.56037,37.750164,19.291162
2039-02-22 00:00:00+00:00,30.06011,40.053738,20.287743
2039-02-23 00:00:00+00:00,31.009855,40.55731,20.78432
2039-02-24 00:00:00+00:00,31.309595,39.160873,23.480902
2039-02-25 00:00:00+00:00,32.859337,41.71445,24.07748
2039-02-26 00:00:00+00:00,31.809078,40.768017,21.67406
2039-02-27 00:00:00+00:00,31.858818,40.521587,24.67064
2039-02-28 00:00:00+00:00,32.25856,39.525158,25.41722
2039-03-01 00:00:00+00:00,30.008303,36.378727,23.113802
2039-03-02 00:00:00+00:00,31.008041,38.732304,22.460377
2039-03-03 00:00:00+00:00,31.607784,39.78587,23.05696
2039-03-04 00:00:00+00:00,31.718739,40.75094,23.012592
2039-03-05 00:00:00+00:00,32.531296,41.21765,25.119518
2039-03-06 00:00:00+00:00,31.993853,40.184357,23.876448
2039-03-07 00:00:00+00:00,31.256407,38.201073,22.633371
2039-03-08 00:00:00+00:00,29.418962,35.91778,22.990297
2039-03-09 00:00:00+00:00,29.431519,36.38449,23.247223
2039-03-10 00:00:00+00:00,30.794075,36.8512,23.95415
2039-03-11 00:00:00+00:00,31.106632,35.717915,26.76108
2039-03-12 00:00:00+00:00,27.869186,32.484627,23.318005
2039-03-13 00:00:00+00:00,29.031744,35.351334,22.324934
2039-03-14 00:00:00+00:00,30.444298,37.368046,22.58186
2039-03-15 00:00:00+00:00,31.706856,38.734756,24.688786
2039-03-16 00:00:00+00:00,33.119415,40.00147,26.195715
2039-03-17 00:00:00+00:00,33.481968,40.768177,24.952639
2039-03-18 00:00:00+00:00,32.994522,39.434887,25.659565
2039-03-19 00:00:00+00:00,30.75708,37.3516,24.06649
2039-03-20 00:00:00+00:00,30.019634,37.36831,22.573418
2039-03-21 00:00:00+00:00,30.23219,38.28502,21.730347
2039-03-22 00:00:00+00:00,31.39475,39.451733,22.68727
2039-03-23 00:00:00+00:00,31.307304,39.61844,22.294199
2039-03-24 00:00:00+00:00,32.069862,40.685158,23.901125
2039-03-25 00:00:00+00:00,31.632416,41.30186,21.658052
2039-03-26 00:00:00+00:00,31.39497,42.16857,20.56498
2039-03-27 00:00:00+00:00,32.207527,41.485283,22.221907
2039-03-28 00:00:00+00:00,32.520084,39.10199,26.178833
2039-03-29 00:00:00+00:00,34.032642,42.268703,25.635757
2039-03-30 00:00:00+00:00,33.395195,43.035416,22.892683
2039-03-31 00:00:00+00:00,34.10775,43.50213,24.39961
2039-04-01 00:00:00+00:00,34.270306,44.218838,23.80654
2039-04-02 00:00:00+00:00,33.03286,40.185547,25.713465
2039-04-03 00:00:00+00:00,33.94542,41.402256,26.170391
2039-04-04 00:00:00+00:00,34.557976,41.568962,27.427319
2039-04-05 00:00:00+00:00,34.97053,42.385677,26.584246
2039-04-06 00:00:00+00:00,32.28309,39.402393,25.341173
2039-04-07 00:00:00+00:00,31.345642,39.5691,22.5981
2039-04-08 00:00:00+00:00,31.458202,40.185814,22.205025
2039-04-09 00:00:00+00:00,31.870758,40.25252,22.561953
2039-04-10 00:00:00+00:00,32.03331,40.519234,22.718878
2039-04-11 00:00:00+00:00,31.095865,39.13594,22.575806
2039-04-12 00:00:00+00:00,30.208424,37.65265,23.232733
2039-04-13 00:00:00+00:00,32.97098,42.219364,23.589659
2039-04-14 00:00:00+00:00,34.783535,43.586075,25.446585
2039-04-15 00:00:00+00:00,34.546093,42.852787,26.553514
2039-04-16 00:00:00+00:00,32.908646,41.219494,24.36044
2039-04-17 00:00:00+00:00,34.071205,43.386208,24.667366
2039-04-18 00:00:00+00:00,34.28376,42.252914,26.274292
2039-04-19 00:00:00+00:00,33.146317,41.41963,24.58122
2039-04-20 00:00:00+00:00,32.10887,40.23634,23.888147
2039-04-21 00:00:00+00:00,32.821426,41.603043,23.395073
2039-04-22 00:00:00+00:00,32.733986,41.019756,23.802
2039-04-23 00:00:00+00:00,33.64654,43.63647,23.808926
2039-04-24 00:00:00+00:00,36.559097,44.65318,27.515854
2039-04-25 00:00:00+00:00,34.921654,41.819885,28.022781
2039-04-26 00:00:00+00:00,33.234207,40.036602,26.629707
2039-04-27 00:00:00+00:00,33.496765,42.10331,24.786633
2039-04-28 00:00:00+00:00,32.95932,42.97002,22.94356
2039-04-29 00:00:00+00:00,33.521873,43.83673,23.150488
2039-04-30 00:00:00+00:00,34.53443,43.353447,24.907413
2039-05-01 00:00:00+00:00,34.746986,41.870155,27.764341
2039-05-02 00:00:00+00:00,34.059544,42.586864,25.771267
2039-05-03 00:00:00+00:00,33.422096,41.803574,24.828194
2039-05-04 00:00:00+00:00,34.390083,41.676456,28.803051
2039-05-05 00:00:00+00:00,31.558067,37.099342,26.527906
2039-05-06 00:00:00+00:00,33.02605,40.472233,24.702765
2039-05-07 00:00:00+00:00,33.94404,40.895115,25.67762
2039-05-08 00:00:00+00:00,35.71202,41.118,29.652475
2039-05-09 00:00:00+00:00,35.030006,39.940887,30.127333
2039-05-10 00:00:00+00:00,36.847992,43.31377,29.652187
2039-05-11 00:00:00+00:00,36.215973,43.436657,29.127045
2039-05-12 00:00:00+00:00,34.383957,42.309544,26.1019
2039-05-13 00:00:00+00:00,33.55194,41.33243,25.876757
2039-05-14 00:00:00+00:00,32.41993,40.355312,24.801613
2039-05-15 00:00:00+00:00,31.83791,40.5282,22.726469
2039-05-16 00:00:00+00:00,31.405893,39.35108,23.901325
2039-05-17 00:00:00+00:00,30.57388,38.82397,21.976181
2039-05-18 00:00:00+00:00,30.491863,38.696857,22.001036
2039-05-19 00:00:00+00:00,30.25985,38.31974,21.925894
2039-05-20 00:00:00+00:00,31.427832,40.192623,22.000751
2039-05-21 00:00:00+00:00,32.795815,40.96551,23.675608
2039-05-22 00:00:00+00:00,31.9138,39.738396,23.600464
2039-05-23 00:00:00+00:00,30.881786,38.611282,22.425322
2039-05-24 00:00:00+00:00,30.549768,37.784164,23.000175
2039-05-25 00:00:00+00:00,30.867752,37.70705,23.725035
2039-05-26 00:00:00+00:00,31.435738,39.42994,23.099888
2039-05-27 00:00:00+00:00,30.803722,38.752823,22.574747
2039-05-28 00:00:00+00:00,31.871706,39.525703,22.9996
2039-05-29 00:00:00+00:00,31.43969,38.34859,24.074455
2039-05-30 00:00:00+00:00,31.507675,38.62148,23.799313
2039-05-31 00:00:00+00:00,32.07566,39.544357,24.174168
2039-06-01 00:00:00+00:00,32.99364,40.36725,24.849026
2039-06-02 00:00:00+00:00,34.11163,42.140137,24.873884
2039-06-03 00:00:00+00:00,32.979614,39.063023,25.54874
2039-06-04 00:00:00+00:00,32.497597,39.435905,25.023596
2039-06-05 00:00:00+00:00,31.665583,37.80879,25.598452
2039-06-06 00:00:00+00:00,31.733566,38.08167,25.423307
2039-06-07 00:00:00+00:00,30.40155,35.35456,25.948164
2039-06-08 00:00:00+00:00,33.219536,40.577446,25.673021
2039-06-09 00:00:00+00:00,33.38752,41.15033,24.697876
2039-06-10 00:00:00+00:00,35.805504,41.62322,30.622732
2039-06-11 00:00:00+00:00,32.723488,38.546104,26.74759
2039-06-12 00:00:00+00:00,33.49147,40.01899,26.422445
2039-06-13 00:00:00+00:00,33.759453,39.89187,27.597301
2039-06-14 00:00:00+00:00,32.277435,38.364758,26.322157
2039-06-15 00:00:00+00:00,32.245422,39.287643,25.547012
2039-06-16 00:00:00+00:00,32.563408,39.110527,26.72187
2039-06-17 00:00:00+00:00,32.031395,40.883415,23.946728
2039-06-18 00:00:00+00:00,31.699373,39.6563,24.47158
2039-06-19 00:00:00+00:00,30.917362,37.629185,24.346441
2039-06-20 00:00:00+00:00,30.185345,36.65207,23.471298
2039-06-21 00:00:00+00:00,31.003328,38.924953,22.546152
2039-06-22 00:00:00+00:00,34.521313,43.39784,25.27101
2039-06-23 00:00:00+00:00,32.589302,38.42072,26.545866
2039-06-24 00:00:00+00:00,33.05728,38.29361,27.27072
2039-06-25 00:00:00+00:00,32.075268,36.166496,28.195578
2039-06-26 00:00:00+00:00,31.59325,36.789383,26.570435
2039-06-27 00:00:00+00:00,32.061234,37.362267,26.145294
2039-06-28 00:00:00+00:00,33.279217,39.33515,27.120146
2039-06-29 00:00:00+00:00,33.147205,41.358036,25.795002
2039-06-30 00:00:00+00:00,31.515186,38.18092,25.319862
2039-07-01 00:00:00+00:00,30.28317,35.10381,26.244715
2039-07-02 00:00:00+00:00,31.401155,36.076694,26.269573
2039-07-03 00:00:00+00:00,32.169598,38.897644,26.145517
2039-07-04 00:00:00+00:00,33.741264,43.855072,23.829082
2039-07-05 00:00:00+00:00,32.56292,38.8625,26.112652
2039-07-06 00:00:00+00:00,32.284576,38.26992,27.046215
2039-07-07 00:00:00+00:00,30.706238,37.277355,24.829786
2039-07-08 00:00:00+00:00,30.027897,37.934772,22.413353
2039-07-09 00:00:00+00:00,30.349554,40.0422,21.99692
2039-07-10 00:00:00+00:00,30.121218,38.749622,22.180487
2039-07-11 00:00:00+00:00,29.592875,35.35705,24.114054
2039-07-12 00:00:00+00:00,31.014538,36.86448,25.19762
2039-07-13 00:00:00+00:00,30.686192,36.471905,25.131187
2039-07-14 00:00:00+00:00,30.507854,37.97933,23.964754
2039-07-15 00:00:00+00:00,30.52951,36.686756,24.44832
2039-07-16 00:00:00+00:00,29.401173,32.344177,25.63189
2039-07-17 00:00:00+00:00,27.522831,30.001606,25.715456
2039-07-18 00:00:00+00:00,26.244488,29.70903,23.449022
2039-07-19 00:00:00+00:00,28.71615,34.016457,24.032589
2039-07-20 00:00:00+00:00,28.78781,34.123882,25.266157
2039-07-21 00:00:00+00:00,23.759468,23.281307,24.199722
2039-07-22 00:00:00+00:00,25.181128,26.138735,24.733292
2039-07-23 00:00:00+00:00,27.152788,29.34616,24.81686
2039-07-24 00:00:00+00:00,25.924444,26.353588,25.850424
2039-07-25 00:00:00+00:00,26.496107,28.611015,24.78399
2039-07-26 00:00:00+00:00,27.417767,30.56844,24.817558
2039-07-27 00:00:00+00:00,28.639425,32.025864,25.501127
2039-07-28 00:00:00+00:00,30.511082,35.18329,26.734694
2039-07-29 00:00:00+00:00,29.982742,36.340717,25.968262
2039-07-30 00:00:00+00:00,21.304405,23.29814,21.351826
2039-07-31 00:00:00+00:00,24.026064,26.405563,21.685394
2039-08-01 00:00:00+00:00,25.697721,28.462994,23.518963
2039-08-02 00:00:00+00:00,28.519379,34.52042,25.302528
2039-08-03 00:00:00+00:00,29.84104,37.527843,24.086094
2039-08-04 00:00:00+00:00,28.9627,32.03527,25.819662
2039-08-05 00:00:00+00:00,28.73436,32.492695,25.803228
2039-08-06 00:00:00+00:00,28.70602,32.45012,25.986794
2039-08-07 00:00:00+00:00,28.677677,31.75755,25.870363
2039-08-08 00:00:00+00:00,28.349339,31.764973,25.65393
2039-08-09 00:00:00+00:00,29.721,34.3224,26.087496
2039-08-10 00:00:00+00:00,29.692657,34.829826,26.171064
2039-08-11 00:00:00+00:00,28.664316,32.68725,25.204632
2039-08-12 00:00:00+00:00,27.585974,29.544678,25.7382
2039-08-13 00:00:00+00:00,27.307634,28.702106,26.721766
2039-08-14 00:00:00+00:00,27.679293,32.359528,25.455336
2039-08-15 00:00:00+00:00,27.400951,31.716957,24.7889
2039-08-16 00:00:00+00:00,27.272614,30.324383,25.272469
2039-08-17 00:00:00+00:00,28.59427,32.581806,24.756035
2039-08-18 00:00:00+00:00,30.61593,38.33923,25.0896
2039-08-19 00:00:00+00:00,30.237589,38.096657,22.82317
2039-08-20 00:00:00+00:00,28.90925,33.654087,25.506735
2039-08-21 00:00:00+00:00,24.630909,25.11151,24.290302
2039-08-22 00:00:00+00:00,26.152569,28.068935,24.223867
2039-08-23 00:00:00+00:00,28.374231,32.026363,25.107437
2039-08-24 00:00:00+00:00,29.745886,35.433784,25.841002
2039-08-25 00:00:00+00:00,31.467548,39.141212,24.82457
2039-08-26 00:00:00+00:00,30.339205,35.39864,26.608137
2039-08-27 00:00:00+00:00,29.810867,35.206062,25.891705
2039-08-28 00:00:00+00:00,30.182526,35.51349,26.22527
2039-08-29 00:00:00+00:00,24.604185,24.620914,24.558842
2039-08-30 00:00:00+00:00,26.475845,29.028343,24.492407
2039-08-31 00:00:00+00:00,27.497503,31.335766,24.12597
2039-09-01 00:00:00+00:00,28.569162,33.84319,24.85954
2039-09-02 00:00:00+00:00,28.206593,31.719414,25.704107
2039-09-03 00:00:00+00:00,29.841328,34.05202,26.88168
2039-09-04 00:00:00+00:00,30.27606,35.834633,26.409252
2039-09-05 00:00:00+00:00,29.910799,36.567245,25.186823
2039-09-06 00:00:00+00:00,30.145529,38.84985,24.414398
2039-09-07 00:00:00+00:00,30.08027,36.93246,23.891972
2039-09-08 00:00:00+00:00,29.915003,35.765068,25.219543
2039-09-09 00:00:00+00:00,27.099743,29.79768,24.247116
2039-09-10 00:00:00+00:00,27.484474,32.330284,24.47469
2039-09-11 00:00:00+00:00,31.069208,37.862896,24.80226
2039-09-12 00:00:00+00:00,31.653948,38.045506,26.079832
2039-09-13 00:00:00+00:00,30.98868,37.428116,26.057405
2039-09-14 00:00:00+00:00,30.723421,36.110725,25.534975
2039-09-15 00:00:00+00:00,29.408152,34.293335,25.81255
2039-09-16 00:00:00+00:00,30.292892,37.075943,25.590122
2039-09-17 00:00:00+00:00,32.877625,41.05855,24.717695
2039-09-18 00:00:00+00:00,29.812355,35.74116,26.045267
2039-09-19 00:00:00+00:00,26.997095,30.823769,22.472841
2039-09-20 00:00:00+00:00,28.83183,32.05638,25.900412
2039-09-21 00:00:00+00:00,31.51657,36.88899,26.827986
2039-09-22 00:00:00+00:00,32.0013,39.871597,25.905556
2039-09-23 00:00:00+00:00,30.086035,36.10421,24.533129
2039-09-24 00:00:00+00:00,30.720772,37.436817,25.260702
2039-09-25 00:00:00+00:00,32.255505,39.119427,26.238274
2039-09-26 00:00:00+00:00,31.740246,38.202038,26.515848
2039-09-27 00:00:00+00:00,31.174976,37.284645,25.99342
2039-09-28 00:00:00+00:00,30.459715,34.317257,26.070992
2039-09-29 00:00:00+00:00,30.24445,33.149864,27.048565
2039-09-30 00:00:00+00:00,28.279184,30.132477,26.176138
2039-10-01 00:00:00+00:00,29.56392,33.51508,26.00371
2039-10-02 00:00:00+00:00,31.248655,35.947693,26.53128
2039-10-03 00:00:00+00:00,32.28339,37.7803,26.958855
2039-10-04 00:00:00+00:00,32.418125,39.112907,24.836428
2039-10-05 00:00:00+00:00,32.852863,38.89552,26.363998
2039-10-06 00:00:00+00:00,32.787598,36.22813,29.241571
2039-10-07 00:00:00+00:00,31.722332,34.960735,28.219147
2039-10-08 00:00:00+00:00,32.10707,37.993347,28.096716
2039-10-09 00:00:00+00:00,29.291805,32.275955,27.124287
2039-10-10 00:00:00+00:00,30.826538,35.358566,27.351862
2039-10-11 00:00:00+00:00,31.661276,38.791176,25.679436
2039-10-12 00:00:00+00:00,30.096008,38.773785,22.907007
2039-10-13 00:00:00+00:00,30.530746,39.506393,21.034578
2039-10-14 00:00:00+00:00,31.115482,36.639004,25.962152
2039-10-15 00:00:00+00:00,30.650219,35.87161,25.489723
2039-10-16 00:00:00+00:00,30.334951,35.304222,25.017296
2039-10-17 00:00:00+00:00,29.96969,33.986828,25.844868
2039-10-18 00:00:00+00:00,27.654423,29.669441,25.622442
2039-10-19 00:00:00+00:00,28.589157,33.602043,24.750011
2039-10-20 00:00:00+00:00,32.673893,39.784657,25.777586
2039-10-21 00:00:00+00:00,33.05863,39.117264,25.805159
2039-10-22 00:00:00+00:00,33.443367,38.19987,29.98273
2039-10-23 00:00:00+00:00,32.9781,39.082485,27.560305
2039-10-24 00:00:00+00:00,33.062836,40.015095,25.937878
2039-10-25 00:00:00+00:00,31.997572,37.097702,26.515448
2039-10-26 00:00:00+00:00,30.982307,36.430317,25.59302
2039-10-27 00:00:00+00:00,31.567043,37.11292,25.420593
2039-10-28 00:00:00+00:00,32.551777,40.195534,24.548168
2039-10-29 00:00:00+00:00,31.786518,39.42814,24.825739
2039-10-30 00:00:00+00:00,30.42125,37.360756,25.35331
2039-10-31 00:00:00+00:00,30.055988,35.093357,23.680883
2039-11-01 00:00:00+00:00,32.740723,39.22597,27.658457
2039-11-02 00:00:00+00:00,32.467422,39.70265,25.979626
2039-11-03 00:00:00+00:00,31.180752,38.469448,24.090124
2039-11-04 00:00:00+00:00,30.19407,38.68625,21.450623
2039-11-05 00:00:00+00:00,29.307396,38.053043,20.56112
2039-11-06 00:00:00+00:00,28.720718,36.319843,21.221619
2039-11-07 00:00:00+00:00,29.434044,35.88664,22.032114
2039-11-08 00:00:00+00:00,28.147364,33.95344,23.242615
2039-11-09 00:00:00+00:00,26.51069,31.170238,22.803112
2039-11-10 00:00:00+00:00,29.574013,34.837036,22.66361
2039-11-11 00:00:00+00:00,31.087337,34.603836,27.574106
2039-11-12 00:00:00+00:00,31.350658,38.820633,22.884602
2039-11-13 00:00:00+00:00,30.013983,36.137432,24.045103
2039-11-14 00:00:00+00:00,29.827305,36.404232,23.9056
2039-11-15 00:00:00+00:00,28.440628,34.92103,21.866098
2039-11-16 00:00:00+00:00,26.503952,33.187828,20.226595
2039-11-17 00:00:00+00:00,25.817276,33.40463,18.237095
2039-11-18 00:00:00+00:00,26.4806,34.67142,17.94759
2039-11-19 00:00:00+00:00,28.443924,36.838223,20.35809
2039-11-20 00:00:00+00:00,30.507246,38.305023,21.36859
2039-11-21 00:00:00+00:00,31.62057,37.62182,24.979082
2039-11-22 00:00:00+00:00,30.783894,36.738617,25.589582
2039-11-23 00:00:00+00:00,28.797216,36.20542,21.45008
2039-11-24 00:00:00+00:00,28.16054,35.972218,20.710579
2039-11-25 00:00:00+00:00,28.073864,36.339012,19.971077
2039-11-26 00:00:00+00:00,28.487186,36.305813,20.781574
2039-11-27 00:00:00+00:00,30.25051,38.372612,22.092072
2039-11-28 00:00:00+00:00,30.41383,37.78941,23.75257
2039-11-29 00:00:00+00:00,30.127155,36.206207,25.813066
2039-11-30 00:00:00+00:00,28.84048,35.87301,22.823565
2039-12-01 00:00:00+00:00,28.5538,34.989807,23.134064
2039-12-02 00:00:00+00:00,26.367128,34.456604,19.144564
2039-12-03 00:00:00+00:00,26.080448,34.123405,18.40506
2039-12-04 00:00:00+00:00,26.793776,35.0402,19.765556
2039-12-05 00:00:00+00:00,26.257097,35.156998,18.126055
2039-12-06 00:00:00+00:00,26.77042,36.073795,17.686554
2039-12-07 00:00:00+00:00,27.083744,34.6906,18.897049
2039-12-08 00:00:00+00:00,29.947067,36.457397,24.657547
2039-12-09 00:00:00+00:00,28.910389,36.37419,22.418047
2039-12-10 00:00:00+00:00,27.223713,33.54099,22.878544
2039-12-11 00:00:00+00:00,25.137037,33.407787,17.389042
2039-12-12 00:00:00+00:00,26.050358,33.52459,18.09954
2039-12-13 00:00:00+00:00,29.713682,36.84139,22.960037
2039-12-14 00:00:00+00:00,29.52701,36.208183,23.920536
2039-12-15 00:00:00+00:00,28.44033,35.97498,21.881035
2039-12-16 00:00:00+00:00,26.903652,33.641785,22.091532
2039-12-17 00:00:00+00:00,25.416975,33.75858,18.85203
2039-12-18 00:00:00+00:00,25.6803,35.075375,17.112526
2039-12-19 00:00:00+00:00,25.843624,33.842175,19.423027
2039-12-20 00:00:00+00:00,24.006947,31.058975,17.833525
2039-12-21 00:00:00+00:00,22.570269,30.675777,15.094022
2039-12-22 00:00:00+00:00,23.983593,32.192574,15.754518
2039-12-23 00:00:00+00:00,25.396917,32.209373,20.165016
2039-12-24 00:00:00+00:00,25.61024,33.926167,17.925512
2039-12-25 00:00:00+00:00,26.473562,33.942966,20.786013
2039-12-26 00:00:00+00:00,26.486885,34.25977,19.296509
2039-12-27 00:00:00+00:00,25.050209,32.226562,18.307009
2039-12-28 00:00:00+00:00,23.613533,29.993362,17.867506
2039-12-29 00:00:00+00:00,24.376856,31.310162,17.978003
2039-12-30 00:00:00+00:00,24.090178,31.576965,16.7385
2039-12-31 00:00:00+00:00,24.303505,31.593761,17.098999
2040-01-01 00:00:00+00:00,23.816826,29.060556,18.509499
2040-01-02 00:00:00+00:00,23.923359,28.970741,19.663036
2040-01-03 00:00:00+00:00,23.6231,31.024315,16.609613
2040-01-04 00:00:00+00:00,25.072842,31.777885,20.406195
2040-01-05 00:00:00+00:00,24.372581,32.431454,16.252773
2040-01-06 00:00:00+00:00,26.872326,33.635025,19.899355
2040-01-07 00:00:00+00:00,26.122065,28.738598,23.945934
2040-01-08 00:00:00+00:00,27.571808,32.942165,24.092512
2040-01-09 00:00:00+00:00,27.52155,33.695736,22.439095
2040-01-10 00:00:00+00:00,27.471292,33.299305,21.335672
2040-01-11 00:00:00+00:00,26.721031,30.302876,23.182253
2040-01-12 00:00:00+00:00,28.220774,34.556446,23.278831
2040-01-13 00:00:00+00:00,26.520517,33.060017,21.22541
2040-01-14 00:00:00+00:00,27.370256,34.21359,22.321993
2040-01-15 00:00:00+00:00,28.119999,34.86716,23.268572
2040-01-16 00:00:00+00:00,26.81974,33.420727,20.515152
2040-01-17 00:00:00+00:00,26.81948,33.7243,21.161732
2040-01-18 00:00:00+00:00,24.719223,31.927872,18.30831
2040-01-19 00:00:00+00:00,22.268963,29.481441,15.004889
2040-01-20 00:00:00+00:00,21.818708,29.735016,13.551469
2040-01-21 00:00:00+00:00,23.618446,32.038586,14.398047
2040-01-22 00:00:00+00:00,26.81819,35.242157,17.344627
2040-01-23 00:00:00+00:00,28.467928,35.495724,21.391209
2040-01-24 00:00:00+00:00,28.517673,34.1993,23.387787
2040-01-25 00:00:00+00:00,29.717413,36.902866,23.184366
2040-01-26 00:00:00+00:00,30.217154,36.806435,25.580948
2040-01-27 00:00:00+00:00,26.816898,33.760006,20.827526
2040-01-28 00:00:00+00:00,25.16664,32.81358,18.674105
2040-01-29 00:00:00+00:00,25.866379,34.117146,18.870686
2040-01-30 00:00:00+00:00,25.91612,34.02072,18.717266
2040-01-31 00:00:00+00:00,25.515862,33.024292,19.363846
2040-02-01 00:00:00+00:00,26.365602,34.92786,18.410423
2040-02-02 00:00:00+00:00,27.265347,36.281433,18.707005
2040-02-03 00:00:00+00:00,28.015089,36.335,20.103584
2040-02-04 00:00:00+00:00,28.414831,36.43857,20.500164
2040-02-05 00:00:00+00:00,28.01457,35.34214,20.446743
2040-02-06 00:00:00+00:00,28.064312,34.495716,20.943325
2040-02-07 00:00:00+00:00,27.514053,32.999287,22.0399
2040-02-08 00:00:00+00:00,28.013794,35.002857,20.28648
2040-02-09 00:00:00+00:00,28.313536,35.256428,21.683062
2040-02-10 00:00:00+00:00,28.963278,37.159996,20.379639
2040-02-11 00:00:00+00:00,31.16302,37.81357,24.37622
2040-02-12 00:00:00+00:00,31.912762,37.31714,27.2228
2040-02-13 00:00:00+00:00,31.312502,36.87071,27.119379
2040-02-14 00:00:00+00:00,30.712244,37.724274,24.665962
2040-02-15 00:00:00+00:00,29.761986,37.37785,23.56254
2040-02-16 00:00:00+00:00,30.111727,38.231422,23.009117
2040-02-17 00:00:00+00:00,31.061468,39.23499,23.9057
2040-02-18 00:00:00+00:00,30.31121,38.98856,22.202276
2040-02-19 00:00:00+00:00,30.560953,38.542133,24.198858
2040-02-20 00:00:00+00:00,30.060694,38.595703,22.195436
2040-02-21 00:00:00+00:00,30.460436,39.199272,22.292019
2040-02-22 00:00:00+00:00,30.210175,39.60284,20.338596
2040-02-23 00:00:00+00:00,29.259916,35.756413,21.835176
2040-02-24 00:00:00+00:00,30.85966,39.209984,22.581757
2040-02-25 00:00:00+00:00,29.4094,37.913555,21.028336
2040-02-26 00:00:00+00:00,29.609142,37.467125,21.624916
2040-02-27 00:00:00+00:00,29.558884,37.220695,22.121496
2040-02-28 00:00:00+00:00,30.158627,37.824272,23.718073
2040-02-29 00:00:00+00:00,30.208364,37.827835,23.714653
2040-03-01 00:00:00+00:00,30.808105,38.58141,21.861235
2040-03-02 00:00:00+00:00,31.15785,38.83498,23.557814
2040-03-03 00:00:00+00:00,30.715601,40.146767,20.96086
2040-03-04 00:00:00+00:00,31.528156,40.01347,23.167784
2040-03-05 00:00:00+00:00,30.940712,39.130184,22.424715
2040-03-06 00:00:00+00:00,33.453266,42.496895,23.98164
2040-03-07 00:00:00+00:00,33.565826,41.063602,27.188568
2040-03-08 00:00:00+00:00,32.07838,42.08031,21.995493
2040-03-09 00:00:00+00:00,31.440937,40.44703,22.65242
2040-03-10 00:00:00+00:00,30.203491,38.513737,21.809347
2040-03-11 00:00:00+00:00,32.316048,41.580444,23.166275
2040-03-12 00:00:00+00:00,32.778603,42.197155,23.7732
2040-03-13 00:00:00+00:00,32.691162,42.56387,23.380127
2040-03-14 00:00:00+00:00,32.10372,42.380573,22.287052
2040-03-15 00:00:00+00:00,32.866272,42.347294,23.14398
2040-03-16 00:00:00+00:00,33.17883,41.964,22.850908
2040-03-17 00:00:00+00:00,33.891388,41.43071,26.957834
2040-03-18 00:00:00+00:00,33.05394,40.947422,24.714762
2040-03-19 00:00:00+00:00,34.566498,42.31413,28.371689
2040-03-20 00:00:00+00:00,34.57905,41.980843,27.178614
2040-03-21 00:00:00+00:00,34.341606,41.997555,25.73554
2040-03-22 00:00:00+00:00,34.054165,42.564266,25.142467
2040-03-23 00:00:00+00:00,32.71672,41.380974,24.149393
2040-03-24 00:00:00+00:00,32.829277,42.497684,23.006323
2040-03-25 00:00:00+00:00,33.89183,43.514397,23.713247
2040-03-26 00:00:00+00:00,31.754389,38.431103,24.770176
2040-03-27 00:00:00+00:00,32.066944,40.297817,23.627102
2040-03-28 00:00:00+00:00,32.6795,41.664528,23.034029
2040-03-29 00:00:00+00:00,32.642056,40.931236,24.140953
2040-03-30 00:00:00+00:00,31.804611,40.247948,22.94788
2040-03-31 00:00:00+00:00,30.91717,40.714657,19.954807
2040-04-01 00:00:00+00:00,31.929726,41.58137,21.861732
2040-04-02 00:00:00+00:00,32.292282,42.348083,21.46866
2040-04-03 00:00:00+00:00,33.40484,43.51479,22.875587
2040-04-04 00:00:00+00:00,35.26739,43.281498,26.982515
2040-04-05 00:00:00+00:00,34.57995,43.24821,25.589441
2040-04-06 00:00:00+00:00,33.642506,42.464924,24.546366
2040-04-07 00:00:00+00:00,33.30506,41.231636,25.053293
2040-04-08 00:00:00+00:00,34.06762,42.898342,25.010221
2040-04-09 00:00:00+00:00,35.030174,43.465057,26.167149
2040-04-10 00:00:00+00:00,35.442726,44.031765,26.424076
2040-04-11 00:00:00+00:00,35.055283,43.89847,25.031002
2040-04-12 00:00:00+00:00,36.06784,44.015186,28.287928
2040-04-13 00:00:00+00:00,34.930393,41.2819,27.394855
2040-04-14 00:00:00+00:00,35.042953,44.64861,26.401781
2040-04-15 00:00:00+00:00,33.15551,42.16532,24.008707
2040-04-16 00:00:00+00:00,33.318066,42.68203,24.465637
2040-04-17 00:00:00+00:00,32.330624,40.248737,24.422562
2040-04-18 00:00:00+00:00,31.893177,39.065445,23.729488
2040-04-19 00:00:00+00:00,32.65573,40.982155,24.436417
2040-04-20 00:00:00+00:00,33.768288,42.09887,25.493343
2040-04-21 00:00:00+00:00,33.230843,41.215584,24.800268
2040-04-22 00:00:00+00:00,35.093403,43.58229,26.657194
2040-04-23 00:00:00+00:00,35.00596,42.849003,25.514124
2040-04-24 00:00:00+00:00,33.668514,38.465714,28.071047
2040-04-25 00:00:00+00:00,36.781067,44.532425,27.627975
2040-04-26 00:00:00+00:00,35.243626,43.44913,25.084902
2040-04-27 00:00:00+00:00,34.70618,43.06584,25.391829
2040-04-28 00:00:00+00:00,34.768738,42.632557,26.748755
2040-04-29 00:00:00+00:00,31.731293,36.89926,25.605682
2040-04-30 00:00:00+00:00,34.74385,44.315983,25.11261
2040-05-01 00:00:00+00:00,37.206406,44.982685,28.519535
2040-05-02 00:00:00+00:00,34.01896,40.699398,26.976461
2040-05-03 00:00:00+00:00,33.298088,40.483234,26.509336
2040-05-04 00:00:00+00:00,33.266075,40.956127,25.08419
2040-05-05 00:00:00+00:00,33.034058,41.229008,24.40905
2040-05-06 00:00:00+00:00,32.652042,40.301895,24.683907
2040-05-07 00:00:00+00:00,30.420025,36.474785,23.55876
2040-05-08 00:00:00+00:00,30.988007,37.747665,23.533619
2040-05-09 00:00:00+00:00,33.055996,40.570553,25.308472
2040-05-10 00:00:00+00:00,34.223976,42.043434,24.98333
2040-05-11 00:00:00+00:00,34.14196,42.116325,25.308186
2040-05-12 00:00:00+00:00,34.109947,41.98921,25.433043
2040-05-13 00:00:00+00:00,32.677933,40.11209,24.357897
2040-05-14 00:00:00+00:00,31.745913,39.184975,23.532755
2040-05-15 00:00:00+00:00,31.8639,40.157864,22.457613
2040-05-16 00:00:00+00:00,32.48188,41.530746,22.332468
2040-05-17 00:00:00+00:00,32.949867,41.953632,23.007322
2040-05-18 00:00:00+00:00,32.36785,40.82652,23.432182
2040-05-19 00:00:00+00:00,31.885836,39.999405,23.707035
2040-05-20 00:00:00+00:00,31.753822,40.42229,23.131891
2040-05-21 00:00:00+00:00,31.871805,39.095173,24.40675
2040-05-22 00:00:00+00:00,31.289791,39.26806,23.231607
2040-05-23 00:00:00+00:00,30.957773,39.040947,22.756462
2040-05-24 00:00:00+00:00,30.525759,39.06383,21.831318
2040-05-25 00:00:00+00:00,30.193743,37.936714,21.956177
2040-05-26 00:00:00+00:00,29.261728,36.5096,21.981033
2040-05-27 00:00:00+00:00,29.479712,37.382484,21.255886
2040-05-28 00:00:00+00:00,30.047697,37.85537,21.880745
2040-05-29 00:00:00+00:00,30.815678,39.028255,22.5556
2040-05-30 00:00:00+00:00,32.633663,41.70114,23.680456
2040-05-31 00:00:00+00:00,31.701647,39.524025,23.505312
2040-06-01 00:00:00+00:00,30.019632,36.546913,22.380167
2040-06-02 00:00:00+00:00,30.987616,38.669796,22.755026
2040-06-03 00:00:00+00:00,32.205605,39.69268,23.67988
2040-06-04 00:00:00+00:00,33.423584,39.015568,27.304737
2040-06-05 00:00:00+00:00,33.24157,38.988453,28.379591
2040-06-06 00:00:00+00:00,34.759552,42.16134,27.904451
2040-06-07 00:00:00+00:00,34.72754,43.53423,26.079306
2040-06-08 00:00:00+00:00,33.34552,39.307106,26.004164
2040-06-09 00:00:00+00:00,34.113506,40.329994,28.129019
2040-06-10 00:00:00+00:00,32.631493,37.30288,27.853874
2040-06-11 00:00:00+00:00,31.049475,35.925766,26.928732
2040-06-12 00:00:00+00:00,32.91746,41.248653,24.90359
2040-06-13 00:00:00+00:00,33.985443,42.47154,24.878445
2040-06-14 00:00:00+00:00,32.253426,38.79442,25.8533
2040-06-15 00:00:00+00:00,33.37141,39.81731,26.028156
2040-06-16 00:00:00+00:00,27.539396,29.140192,26.353014
2040-06-17 00:00:00+00:00,31.957378,41.313076,24.17787
2040-06-18 00:00:00+00:00,31.825365,38.685963,24.802723
2040-06-19 00:00:00+00:00,31.093348,34.958847,27.027582
2040-06-20 00:00:00+00:00,32.41133,37.831738,26.402437
2040-06-21 00:00:00+00:00,32.32932,37.05462,27.527294
2040-06-22 00:00:00+00:00,32.5473,38.6775,26.602152
2040-06-23 00:00:00+00:00,33.26528,40.30039,26.277008
2040-06-24 00:00:00+00:00,34.03327,42.473274,26.401863
2040-06-25 00:00:00+00:00,35.00126,42.346153,26.82672
2040-06-26 00:00:00+00:00,32.619236,36.719048,27.901577
2040-06-27 00:00:00+00:00,32.787224,37.74193,27.326433
2040-06-28 00:00:00+00:00,32.455208,39.514816,26.00129
2040-06-29 00:00:00+00:00,33.87319,42.9377,25.826145
2040-06-30 00:00:00+00:00,32.441174,39.160583,26.501001
2040-07-01 00:00:00+00:00,31.859161,38.18347,26.07586
2040-07-02 00:00:00+00:00,31.827145,38.75636,25.550713
2040-07-03 00:00:00+00:00,31.398342,38.265717,25.133194
2040-07-04 00:00:00+00:00,30.020004,36.873142,23.36676
2040-07-05 00:00:00+00:00,29.991663,37.030563,22.350327
2040-07-06 00:00:00+00:00,30.113323,37.08799,23.133894
2040-07-07 00:00:00+00:00,29.73498,36.49542,22.81746
2040-07-08 00:00:00+00:00,29.706642,37.252842,21.90103
2040-07-09 00:00:00+00:00,29.928299,37.16027,23.184595
2040-07-10 00:00:00+00:00,29.69996,35.917694,23.568161
2040-07-11 00:00:00+00:00,30.521618,37.17512,23.801727
2040-07-12 00:00:00+00:00,31.093279,37.932545,24.435295
2040-07-13 00:00:00+00:00,24.564938,25.939974,23.718864
2040-07-14 00:00:00+00:00,28.236597,32.7474,23.552431
2040-07-15 00:00:00+00:00,29.908255,33.80482,25.735996
2040-07-16 00:00:00+00:00,29.479918,31.812248,26.519564
2040-07-17 00:00:00+00:00,31.051573,35.469677,25.75313
2040-07-18 00:00:00+00:00,31.973234,37.7271,26.286697
2040-07-19 00:00:00+00:00,32.694893,37.934525,27.420265
2040-07-20 00:00:00+00:00,33.066555,38.391953,27.05383
2040-07-21 00:00:00+00:00,33.488213,40.19938,27.2374
2040-07-22 00:00:00+00:00,33.10987,40.8068,25.570967
2040-07-23 00:00:00+00:00,31.781528,37.21423,26.054535
2040-07-24 00:00:00+00:00,32.00319,37.02166,27.038101
2040-07-25 00:00:00+00:00,31.42485,35.479084,27.37167
2040-07-26 00:00:00+00:00,30.99651,35.836506,25.755234
2040-07-27 00:00:00+00:00,32.56817,37.943935,28.3388
2040-07-28 00:00:00+00:00,33.98983,41.001358,27.772367
2040-07-29 00:00:00+00:00,31.661488,36.858784,27.105934
2040-07-30 00:00:00+00:00,31.683146,36.96621,26.1895
2040-07-31 00:00:00+00:00,29.804808,32.97364,27.473066
2040-08-01 00:00:00+00:00,30.126465,35.531063,26.056637
2040-08-02 00:00:00+00:00,31.198128,38.13849,24.590202
2040-08-03 00:00:00+00:00,31.769783,37.645912,26.423769
2040-08-04 00:00:00+00:00,32.091446,38.153343,26.35734
2040-08-05 00:00:00+00:00,31.263102,37.110767,25.290905
2040-08-06 00:00:00+00:00,31.334763,37.06819,25.624472
2040-08-07 00:00:00+00:00,30.506426,35.02562,26.35804
2040-08-08 00:00:00+00:00,31.378078,37.683044,25.291607
2040-08-09 00:00:00+00:00,32.59974,41.040466,24.825172
2040-08-10 00:00:00+00:00,30.1714,35.647892,25.35874
2040-08-11 00:00:00+00:00,30.74306,36.60532,24.942307
2040-08-12 00:00:00+00:00,31.36472,36.412746,26.525873
2040-08-13 00:00:00+00:00,30.286379,34.82017,25.159441
2040-08-14 00:00:00+00:00,30.35804,36.5776,25.393005
2040-08-15 00:00:00+00:00,30.029701,35.035023,25.076572
2040-08-16 00:00:00+00:00,28.951359,34.492447,25.810143
2040-08-17 00:00:00+00:00,30.573015,35.699875,26.14371
2040-08-18 00:00:00+00:00,30.644676,36.6573,25.677275
2040-08-19 00:00:00+00:00,29.116335,32.814724,25.410843
2040-08-20 00:00:00+00:00,30.987995,36.772152,25.94441
2040-08-21 00:00:00+00:00,30.459656,37.179577,24.277977
2040-08-22 00:00:00+00:00,30.981312,37.287006,24.561546
2040-08-23 00:00:00+00:00,31.352974,35.944427,26.94511
2040-08-24 00:00:00+00:00,29.92463,34.45186,26.028679
2040-08-25 00:00:00+00:00,32.246292,39.809284,25.362246
2040-08-26 00:00:00+00:00,31.817953,38.716705,25.345814
2040-08-27 00:00:00+00:00,30.73961,37.02413,25.279377
2040-08-28 00:00:00+00:00,27.26127,30.331558,24.762947
2040-08-29 00:00:00+00:00,29.482927,33.58898,25.396511
2040-08-30 00:00:00+00:00,30.65459,34.796413,26.13008
2040-08-31 00:00:00+00:00,30.476244,34.453835,26.613647
2040-09-01 00:00:00+00:00,31.397907,35.861263,26.697214
2040-09-02 00:00:00+00:00,31.63264,38.243866,25.924788
2040-09-03 00:00:00+00:00,30.517378,36.62648,24.35236
2040-09-04 00:00:00+00:00,30.85211,35.709087,26.529932
2040-09-05 00:00:00+00:00,30.38685,34.191696,26.557507
2040-09-06 00:00:00+00:00,29.721586,35.074306,26.385075
2040-09-07 00:00:00+00:00,30.35632,35.60692,25.262648
2040-09-08 00:00:00+00:00,24.941055,25.589525,24.590221
2040-09-09 00:00:00+00:00,30.32579,38.12214,23.767794
2040-09-10 00:00:00+00:00,30.91053,35.204746,27.745367
2040-09-11 00:00:00+00:00,31.745262,38.537354,26.62294
2040-09-12 00:00:00+00:00,30.379997,34.019966,27.100512
2040-09-13 00:00:00+00:00,28.264734,31.552574,26.478085
2040-09-14 00:00:00+00:00,30.849468,36.48518,26.005657
2040-09-15 00:00:00+00:00,31.734203,37.217793,26.733227
2040-09-16 00:00:00+00:00,31.31894,37.550396,26.610802
2040-09-17 00:00:00+00:00,31.703674,38.68301,25.038372
2040-09-18 00:00:00+00:00,31.48841,38.315617,25.115946
2040-09-19 00:00:00+00:00,31.373146,37.49823,25.593517
2040-09-20 00:00:00+00:00,32.307884,38.330833,26.521093
2040-09-21 00:00:00+00:00,31.092617,36.613445,26.448666
2040-09-22 00:00:00+00:00,30.077354,35.946056,24.326239
2040-09-23 00:00:00+00:00,31.312088,38.328667,24.553808
2040-09-24 00:00:00+00:00,33.04682,39.661278,26.881382
2040-09-25 00:00:00+00:00,31.981556,38.143887,26.408955
2040-09-26 00:00:00+00:00,33.016296,39.926495,26.636526
2040-09-27 00:00:00+00:00,32.95103,37.059105,28.7141
2040-09-28 00:00:00+00:00,24.785767,27.491713,22.44167
2040-09-29 00:00:00+00:00,27.120502,30.374317,25.069244
2040-09-30 00:00:00+00:00,27.905237,31.706932,24.546818
2040-10-01 00:00:00+00:00,28.089972,29.089542,27.024387
2040-10-02 00:00:00+00:00,28.824707,30.122147,27.80196
2040-10-03 00:00:00+00:00,29.659441,34.35476,26.329533
2040-10-04 00:00:00+00:00,29.89418,35.387363,25.357107
2040-10-05 00:00:00+00:00,29.328915,30.769978,27.584679
2040-10-06 00:00:00+00:00,30.013649,33.952583,26.96225
2040-10-07 00:00:00+00:00,29.698383,33.435196,27.039824
2040-10-08 00:00:00+00:00,27.73312,29.7178,26.617395
2040-10-09 00:00:00+00:00,28.017855,30.050415,26.644966
2040-10-10 00:00:00+00:00,32.00259,37.23302,27.97254
2040-10-11 00:00:00+00:00,32.93733,37.86563,28.600117
2040-10-12 00:00:00+00:00,29.672064,32.14824,28.177687
2040-10-13 00:00:00+00:00,30.906796,36.43085,26.355259
2040-10-14 00:00:00+00:00,32.091534,37.463455,27.68283
2040-10-15 00:00:00+00:00,33.57627,39.09607,29.210403
2040-10-16 00:00:00+00:00,32.061005,37.678677,27.487974
2040-10-17 00:00:00+00:00,30.795738,36.661285,25.515549
2040-10-18 00:00:00+00:00,30.630474,36.643898,25.343122
2040-10-19 00:00:00+00:00,31.065208,37.976505,24.670692
2040-10-20 00:00:00+00:00,31.349947,38.059113,24.948265
2040-10-21 00:00:00+00:00,32.98468,39.541725,25.525839
2040-10-22 00:00:00+00:00,32.269417,37.124332,27.703411
2040-10-23 00:00:00+00:00,30.054153,36.256943,25.730984
2040-10-24 00:00:00+00:00,29.488888,37.689552,22.458557
2040-10-25 00:00:00+00:00,28.273624,36.07216,20.936129
2040-10-26 00:00:00+00:00,28.958359,36.004772,21.8137
2040-10-27 00:00:00+00:00,29.743095,35.93738,23.591274
2040-10-28 00:00:00+00:00,30.42783,37.81999,23.918844
2040-10-29 00:00:00+00:00,30.762568,38.0026,23.14642
2040-10-30 00:00:00+00:00,30.897303,37.38521,24.523993
2040-10-31 00:00:00+00:00,30.182035,37.567818,23.651562
2040-11-01 00:00:00+00:00,30.864096,38.798447,22.477001
2040-11-02 00:00:00+00:00,31.42742,38.36525,24.3375
2040-11-03 00:00:00+00:00,30.240744,36.932045,23.047997
2040-11-04 00:00:00+00:00,29.154064,35.398846,23.408493
2040-11-05 00:00:00+00:00,29.167389,36.115643,22.318989
2040-11-06 00:00:00+00:00,28.780712,34.53244,22.029491
2040-11-07 00:00:00+00:00,30.744036,36.799244,25.489988
2040-11-08 00:00:00+00:00,29.407356,36.566036,22.600485
2040-11-09 00:00:00+00:00,28.120684,35.632835,22.460981
2040-11-10 00:00:00+00:00,26.534004,35.199635,18.271484
2040-11-11 00:00:00+00:00,26.84733,35.666435,17.83198
2040-11-12 00:00:00+00:00,27.760653,36.333233,19.192476
2040-11-13 00:00:00+00:00,28.573977,37.750027,19.202976
2040-11-14 00:00:00+00:00,27.887299,35.566833,21.313473
2040-11-15 00:00:00+00:00,30.650625,39.033627,22.073973
2040-11-16 00:00:00+00:00,30.563946,38.750427,23.23447
2040-11-17 00:00:00+00:00,30.17727,38.567223,22.644966
2040-11-18 00:00:00+00:00,28.940594,37.134026,20.955463
2040-11-19 00:00:00+00:00,28.953918,36.70082,20.965961
2040-11-20 00:00:00+00:00,29.71724,36.96762,22.42646
2040-11-21 00:00:00+00:00,29.180563,36.53442,21.13696
2040-11-22 00:00:00+00:00,29.043884,35.75122,22.147457
2040-11-23 00:00:00+00:00,28.457209,34.268017,22.007954
2040-11-24 00:00:00+00:00,30.52053,36.934814,24.11845
2040-11-25 00:00:00+00:00,29.033855,35.051613,22.82895
2040-11-26 00:00:00+00:00,28.547178,35.468407,21.489449
2040-11-27 00:00:00+00:00,28.010504,35.08521,20.499945
2040-11-28 00:00:00+00:00,28.373825,36.202007,21.510443
2040-11-29 00:00:00+00:00,27.68715,36.06881,19.570942
2040-11-30 00:00:00+00:00,28.200472,34.485607,21.831438
2040-12-01 00:00:00+00:00,27.263796,31.752407,23.791937
2040-12-02 00:00:00+00:00,27.17712,35.0692,20.102434
2040-12-03 00:00:00+00:00,26.890444,33.736,20.262932
2040-12-04 00:00:00+00:00,27.753765,36.7028,19.323431
2040-12-05 00:00:00+00:00,27.967089,37.119595,19.38393
2040-12-06 00:00:00+00:00,28.630411,37.236393,20.844425
2040-12-07 00:00:00+00:00,28.593735,35.953197,23.504923
2040-12-08 00:00:00+00:00,27.157057,34.16999,22.265423
2040-12-09 00:00:00+00:00,26.420382,35.436787,17.72592
2040-12-10 00:00:00+00:00,26.383705,34.953587,18.636417
2040-12-11 00:00:00+00:00,26.597029,34.97039,19.546915
2040-12-12 00:00:00+00:00,27.06035,35.237186,18.707415
2040-12-13 00:00:00+00:00,28.223677,36.153984,20.517912
2040-12-14 00:00:00+00:00,27.686998,35.720783,20.528408
2040-12-15 00:00:00+00:00,26.500322,34.38758,19.338907
2040-12-16 00:00:00+00:00,25.763645,34.00438,18.249405
2040-12-17 00:00:00+00:00,26.276968,34.57118,19.109903
2040-12-18 00:00:00+00:00,26.290293,34.837975,19.020401
2040-12-19 00:00:00+00:00,26.503614,35.054775,19.480898
2040-12-20 00:00:00+00:00,26.26694,35.171577,18.591398
2040-12-21 00:00:00+00:00,26.930262,34.58837,18.001894
2040-12-22 00:00:00+00:00,28.393587,36.205173,21.41239
2040-12-23 00:00:00+00:00,27.006908,35.97197,18.82289
2040-12-24 00:00:00+00:00,26.920233,36.138767,18.683388
2040-12-25 00:00:00+00:00,26.983555,36.05557,18.743885
2040-12-26 00:00:00+00:00,26.84688,36.022366,18.254385
2040-12-27 00:00:00+00:00,27.010202,36.489162,17.514881
2040-12-28 00:00:00+00:00,27.623528,36.505962,18.32538
2040-12-29 00:00:00+00:00,27.786848,34.172756,21.135876
2040-12-30 00:00:00+00:00,28.300175,35.73956,22.596376
2040-12-31 00:00:00+00:00,28.113495,36.40636,18.906872
2041-01-01 00:00:00+00:00,28.073423,34.869846,20.563892
2041-01-02 00:00:00+00:00,26.123165,32.47342,21.26047
2041-01-03 00:00:00+00:00,26.272905,33.47699,18.85705
2041-01-04 00:00:00+00:00,25.672647,32.780563,18.003628
2041-01-05 00:00:00+00:00,26.372389,34.634132,18.000208
2041-01-06 00:00:00+00:00,26.422132,34.8377,17.69679
2041-01-07 00:00:00+00:00,26.371872,34.54127,18.29337
2041-01-08 00:00:00+00:00,25.971613,33.894844,18.58995
2041-01-09 00:00:00+00:00,25.921354,34.248413,18.786528
2041-01-10 00:00:00+00:00,25.471098,33.801983,18.033108
2041-01-11 00:00:00+00:00,24.420841,32.95556,16.429688
2041-01-12 00:00:00+00:00,24.620579,33.109123,16.326267
2041-01-13 00:00:00+00:00,26.620321,36.712696,16.822845
2041-01-14 00:00:00+00:00,27.820065,36.716267,18.169426
2041-01-15 00:00:00+00:00,28.619806,33.169838,25.466005
2041-01-16 00:00:00+00:00,29.369545,36.073406,21.812586
2041-01-17 00:00:00+00:00,28.919289,36.226982,21.109163
2041-01-18 00:00:00+00:00,29.16903,37.130547,21.405745
2041-01-19 00:00:00+00:00,28.81877,37.38412,21.552326
2041-01-20 00:00:00+00:00,27.218513,32.93769,21.848902
2041-01-21 00:00:00+00:00,27.818253,37.041264,19.645483
2041-01-22 00:00:00+00:00,27.917995,36.99483,19.292063
2041-01-23 00:00:00+00:00,29.017738,38.148403,20.238644
2041-01-24 00:00:00+00:00,29.11748,38.501972,20.235224
2041-01-25 00:00:00+00:00,29.26722,38.205544,20.881804
2041-01-26 00:00:00+00:00,28.466963,35.459114,23.07838
2041-01-27 00:00:00+00:00,24.416702,30.762684,19.974962
2041-01-28 00:00:00+00:00,22.866444,30.766254,16.07154
2041-01-29 00:00:00+00:00,24.416187,33.769825,15.468119
2041-01-30 00:00:00+00:00,27.065926,37.2734,17.5147
2041-01-31 00:00:00+00:00,28.515669,38.176968,18.91128
2041-02-01 00:00:00+00:00,29.665413,38.93054,20.857859
2041-02-02 00:00:00+00:00,29.815153,38.534107,21.30444
2041-02-03 00:00:00+00:00,28.814894,35.73768,20.801016
2041-02-04 00:00:00+00:00,28.814634,33.64125,24.647598
2041-02-05 00:00:00+00:00,27.164377,33.74482,20.994177
2041-02-06 00:00:00+00:00,27.514118,35.098392,20.240757
2041-02-07 00:00:00+00:00,28.913858,37.251965,20.987337
2041-02-08 00:00:00+00:00,29.1136,36.90553,21.533916
2041-02-09 00:00:00+00:00,30.213343,36.209103,24.130495
2041-02-10 00:00:00+00:00,27.313086,31.062675,23.177076
2041-02-11 00:00:00+00:00,26.462828,27.916245,24.423656
2041-02-12 00:00:00+00:00,21.662565,21.719812,20.720234
2041-02-13 00:00:00+00:00,23.912308,25.823383,21.716816
2041-02-14 00:00:00+00:00,27.16205,31.526958,22.363396
2041-02-15 00:00:00+00:00,28.16179,33.380527,23.109974
2041-02-16 00:00:00+00:00,28.211533,33.684097,23.456554
2041-02-17 00:00:00+00:00,28.911276,34.38767,23.703135
2041-02-18 00:00:00+00:00,28.461018,33.741238,23.699713
2041-02-19 00:00:00+00:00,27.660755,34.04481,21.646294
2041-02-20 00:00:00+00:00,28.1605,36.24838,19.792871
2041-02-21 00:00:00+00:00,30.110239,38.15195,22.539452
2041-02-22 00:00:00+00:00,31.009981,39.15552,23.48603
2041-02-23 00:00:00+00:00,30.509726,38.50909,22.332611
2041-02-24 00:00:00+00:00,29.659466,37.712666,21.579191
2041-02-25 00:00:00+00:00,29.859207,38.26623,21.375772
2041-02-26 00:00:00+00:00,30.408949,38.369804,22.27235
2041-02-27 00:00:00+00:00,31.05869,38.173374,24.26893
2041-02-28 00:00:00+00:00,29.508432,32.926945,26.46551
2041-03-01 00:00:00+00:00,30.10817,35.98051,24.212088
2041-03-02 00:00:00+00:00,30.557915,37.034084,24.708668
2041-03-03 00:00:00+00:00,29.61246,36.742584,22.559128
2041-03-04 00:00:00+00:00,29.725016,34.409294,24.566055
2041-03-05 00:00:00+00:00,29.887571,38.476006,22.322979
2041-03-06 00:00:00+00:00,31.300129,38.292717,25.329906
2041-03-07 00:00:00+00:00,31.412685,39.209427,24.536837
2041-03-08 00:00:00+00:00,31.125242,38.376137,24.843761
2041-03-09 00:00:00+00:00,31.487797,38.84285,25.70069
2041-03-10 00:00:00+00:00,30.950354,37.409554,25.607615
2041-03-11 00:00:00+00:00,30.562908,37.776268,24.36454
2041-03-12 00:00:00+00:00,30.025465,37.442978,23.02147
2041-03-13 00:00:00+00:00,29.738022,37.00969,23.528395
2041-03-14 00:00:00+00:00,29.850578,38.5764,20.785322
2041-03-15 00:00:00+00:00,31.213135,40.893112,21.742249
2041-03-16 00:00:00+00:00,30.82569,40.209824,20.549173
2041-03-17 00:00:00+00:00,31.738247,40.626534,22.1061
2041-03-18 00:00:00+00:00,34.400803,41.493244,28.313028
2041-03-19 00:00:00+00:00,33.51336,41.159954,26.019955
2041-03-20 00:00:00+00:00,32.225914,38.526665,26.976883
2041-03-21 00:00:00+00:00,30.438469,38.293373,23.133808
2041-03-22 00:00:00+00:00,30.101027,39.010086,20.940735
2041-03-23 00:00:00+00:00,29.81358,38.376797,21.147661
2041-03-24 00:00:00+00:00,30.326138,39.09351,20.25459
2041-03-25 00:00:00+00:00,31.788692,40.360218,22.361515
2041-03-26 00:00:00+00:00,32.60125,40.97693,23.568441
2041-03-27 00:00:00+00:00,34.363804,43.34364,24.675371
2041-03-28 00:00:00+00:00,36.02636,44.710346,26.282297
2041-03-29 00:00:00+00:00,34.33892,42.627064,26.189222
2041-03-30 00:00:00+00:00,34.351475,42.94377,25.096148
2041-03-31 00:00:00+00:00,33.564034,41.460484,25.053074
2041-04-01 00:00:00+00:00,31.476585,38.377193,24.060001
2041-04-02 00:00:00+00:00,30.639141,37.343903,23.566929
2041-04-03 00:00:00+00:00,30.701696,36.76061,23.623856
2041-04-04 00:00:00+00:00,32.11425,39.27732,24.480783
2041-04-05 00:00:00+00:00,33.57681,40.694035,25.587711
2041-04-06 00:00:00+00:00,33.939365,41.110744,26.244637
2041-04-07 00:00:00+00:00,34.10192,41.72746,25.451561
2041-04-08 00:00:00+00:00,34.314476,41.294163,26.60849
2041-04-09 00:00:00+00:00,33.677032,40.96088,26.215416
2041-04-10 00:00:00+00:00,33.889587,42.027588,25.122343
2041-04-11 00:00:00+00:00,33.052143,41.594296,22.87927
2041-04-12 00:00:00+00:00,33.464706,42.161003,23.486197
2041-04-13 00:00:00+00:00,33.177258,40.37772,25.093122
2041-04-14 00:00:00+00:00,32.93981,39.84443,26.250048
2041-04-15 00:00:00+00:00,35.60237,44.061142,26.906977
2041-04-16 00:00:00+00:00,36.664925,45.027847,27.313904
2041-04-17 00:00:00+00:00,37.677483,45.24456,29.470829
2041-04-18 00:00:00+00:00,36.84004,44.761272,27.727757
2041-04-19 00:00:00+00:00,35.752594,44.47798,26.534683
2041-04-20 00:00:00+00:00,34.91515,43.994694,25.34161
2041-04-21 00:00:00+00:00,33.277702,41.261402,25.048532
2041-04-22 00:00:00+00:00,32.090263,40.628117,22.655464
2041-04-23 00:00:00+00:00,33.252815,41.044827,24.26239
2041-04-24 00:00:00+00:00,32.315376,39.911533,24.469318
2041-04-25 00:00:00+00:00,32.87793,41.328247,23.826242
2041-04-26 00:00:00+00:00,33.590485,42.494957,24.53317
2041-04-27 00:00:00+00:00,32.95304,41.611668,23.640097
2041-04-28 00:00:00+00:00,34.165596,44.228374,23.697023
2041-04-29 00:00:00+00:00,34.528152,43.695084,24.353949
2041-04-30 00:00:00+00:00,34.89071,43.8118,25.360876
2041-05-01 00:00:00+00:00,34.953266,43.628513,25.267805
2041-05-02 00:00:00+00:00,34.515823,42.595215,25.52473
2041-05-03 00:00:00+00:00,34.05609,41.440018,26.215622
2041-05-04 00:00:00+00:00,35.474075,42.362907,27.240479
2041-05-05 00:00:00+00:00,37.092056,44.33579,28.515335
2041-05-06 00:00:00+00:00,38.01004,43.00867,31.940193
2041-05-07 00:00:00+00:00,35.778027,40.98156,29.865046
2041-05-08 00:00:00+00:00,35.64601,41.504448,28.539904
2041-05-09 00:00:00+00:00,35.364,43.12733,27.164759
2041-05-10 00:00:00+00:00,33.63198,43.000217,23.789616
2041-05-11 00:00:00+00:00,34.49997,44.2231,24.064472
2041-05-12 00:00:00+00:00,33.767952,41.34599,26.03933
2041-05-13 00:00:00+00:00,34.485935,42.31887,27.064186
2041-05-14 00:00:00+00:00,33.35392,41.09176,25.339039
2041-05-15 00:00:00+00:00,33.071903,41.264645,25.463898
2041-05-16 00:00:00+00:00,31.639887,38.98753,24.538754
2041-05-17 00:00:00+00:00,31.707872,39.210415,23.91361
2041-05-18 00:00:00+00:00,31.775858,39.833298,23.388464
2041-05-19 00:00:00+00:00,31.19384,39.25618,22.763323
2041-05-20 00:00:00+00:00,30.961826,39.47907,22.38818
2041-05-21 00:00:00+00:00,31.32981,39.75195,22.413034
2041-05-22 00:00:00+00:00,32.54779,41.17484,22.637892
2041-05-23 00:00:00+00:00,33.36578,39.847725,26.762749
2041-05-24 00:00:00+00:00,33.68376,40.820614,26.237604
2041-05-25 00:00:00+00:00,33.65174,41.94349,25.512463
2041-05-26 00:00:00+00:00,32.419727,41.416374,23.387316
2041-05-27 00:00:00+00:00,31.537714,38.889263,23.912172
2041-05-28 00:00:00+00:00,32.355698,41.362152,23.237028
2041-05-29 00:00:00+00:00,34.27368,43.03503,23.661888
2041-05-30 00:00:00+00:00,32.741665,38.107918,27.236744
2041-05-31 00:00:00+00:00,32.909653,38.780804,26.911598
2041-06-01 00:00:00+00:00,36.277637,43.353695,27.536453
2041-06-02 00:00:00+00:00,37.34562,43.426575,30.461311
2041-06-03 00:00:00+00:00,36.513607,44.19946,28.136168
2041-06-04 00:00:00+00:00,33.83159,39.322346,27.461025
2041-06-05 00:00:00+00:00,33.749573,40.295235,26.735878
2041-06-06 00:00:00+00:00,33.46756,41.968117,25.460737
2041-06-07 00:00:00+00:00,32.235542,38.891,25.73559
2041-06-08 00:00:00+00:00,31.903524,39.213886,25.06045
2041-06-09 00:00:00+00:00,32.471508,39.836777,25.235304
2041-06-10 00:00:00+00:00,32.589493,39.50966,25.360163
2041-06-11 00:00:00+00:00,33.05748,39.782543,25.985016
2041-06-12 00:00:00+00:00,33.12546,39.555428,27.609875
2041-06-13 00:00:00+00:00,29.593447,33.628315,26.684729
2041-06-14 00:00:00+00:00,31.561428,38.6012,24.259586
2041-06-15 00:00:00+00:00,31.379417,37.32408,25.634443
2041-06-16 00:00:00+00:00,31.547401,38.54697,25.2093
2041-06-17 00:00:00+00:00,31.465382,38.369858,25.334154
2041-06-18 00:00:00+00:00,31.53337,38.842743,24.559013
2041-06-19 00:00:00+00:00,32.801353,41.365623,24.73387
2041-06-20 00:00:00+00:00,32.869335,40.338512,25.108725
2041-06-21 00:00:00+00:00,28.08732,32.411396,25.48358
2041-06-22 00:00:00+00:00,28.805305,32.93428,24.508436
2041-06-23 00:00:00+00:00,33.62329,41.65717,25.133295
2041-06-24 00:00:00+00:00,33.891273,41.58005,25.05815
2041-06-25 00:00:00+00:00,33.10926,38.552937,27.683004
2041-06-26 00:00:00+00:00,33.22724,40.925823,26.057863
2041-06-27 00:00:00+00:00,32.44523,38.39871,26.632719
2041-06-28 00:00:00+00:00,33.21321,38.421593,27.907574
2041-06-29 00:00:00+00:00,33.1812,39.094482,27.332434
2041-06-30 00:00:00+00:00,33.44918,40.017365,27.057287
2041-07-01 00:00:00+00:00,32.917164,39.440247,25.932144
2041-07-02 00:00:00+00:00,31.185148,35.813137,25.407
2041-07-03 00:00:00+00:00,32.005432,36.97636,27.2373
2041-07-04 00:00:00+00:00,31.927088,38.63378,25.120869
2041-07-05 00:00:00+00:00,34.098747,42.19121,25.554436
2041-07-06 00:00:00+00:00,32.620407,38.798637,26.238
2041-07-07 00:00:00+00:00,32.492065,38.10606,26.971567
2041-07-08 00:00:00+00:00,32.663727,38.46349,27.405136
2041-07-09 00:00:00+00:00,31.635387,37.870914,26.138702
2041-07-10 00:00:00+00:00,31.507044,36.478336,26.17227
2041-07-11 00:00:00+00:00,32.278706,36.835766,27.655838
2041-07-12 00:00:00+00:00,31.450363,37.04319,25.639404
2041-07-13 00:00:00+00:00,31.272024,37.000618,25.97297
2041-07-14 00:00:00+00:00,30.243683,36.00804,24.70654
2041-07-15 00:00:00+00:00,31.065342,36.565464,24.690105
2041-07-16 00:00:00+00:00,28.037,30.772892,27.273674
2041-07-17 00:00:00+00:00,31.65866,37.68032,25.457237
2041-07-18 00:00:00+00:00,33.48032,41.737747,26.790806
2041-07-19 00:00:00+00:00,29.25198,32.595173,26.724375
2041-07-20 00:00:00+00:00,30.323639,34.9526,26.557941
2041-07-21 00:00:00+00:00,30.445297,35.460022,25.041506
2041-07-22 00:00:00+00:00,32.116955,37.21745,26.125072
2041-07-23 00:00:00+00:00,31.488619,35.874874,28.00864
2041-07-24 00:00:00+00:00,31.510273,36.082302,27.342209
2041-07-25 00:00:00+00:00,31.281935,36.839725,26.125776
2041-07-26 00:00:00+00:00,31.553595,37.44715,25.809341
2041-07-27 00:00:00+00:00,30.975254,37.604576,25.29291
2041-07-28 00:00:00+00:00,30.546913,36.212006,25.376476
2041-07-29 00:00:00+00:00,31.068575,36.369434,25.210043
2041-07-30 00:00:00+00:00,32.09023,36.776855,27.493612
2041-07-31 00:00:00+00:00,28.761892,32.084282,25.02718
2041-08-01 00:00:00+00:00,31.133547,37.891705,25.510746
2041-08-02 00:00:00+00:00,30.155214,35.54913,25.244312
2041-08-03 00:00:00+00:00,31.52687,37.856556,26.12788
2041-08-04 00:00:00+00:00,30.398531,36.413982,25.361446
2041-08-05 00:00:00+00:00,30.170189,35.07141,26.14501
2041-08-06 00:00:00+00:00,28.39185,32.078835,26.02858
2041-08-07 00:00:00+00:00,26.963509,29.736263,25.912148
2041-08-08 00:00:00+00:00,31.885166,39.443687,26.195713
2041-08-09 00:00:00+00:00,30.856827,37.101112,25.729279
2041-08-10 00:00:00+00:00,30.528486,35.458538,26.462847
2041-08-11 00:00:00+00:00,30.850143,36.515965,25.996416
2041-08-12 00:00:00+00:00,25.371805,27.123386,24.579983
2041-08-13 00:00:00+00:00,27.343464,29.330814,25.81355
2041-08-14 00:00:00+00:00,27.315123,29.638245,25.347116
2041-08-15 00:00:00+00:00,27.136784,29.445667,25.630684
2041-08-16 00:00:00+00:00,25.10844,26.653091,24.114248
2041-08-17 00:00:00+00:00,26.730103,30.160515,24.047817
2041-08-18 00:00:00+00:00,28.70176,33.167946,24.781382
2041-08-19 00:00:00+00:00,29.77342,33.675373,26.714952
2041-08-20 00:00:00+00:00,29.59508,33.532795,26.598516
2041-08-21 00:00:00+00:00,29.86674,35.19022,26.182089
2041-08-22 00:00:00+00:00,30.738398,36.447643,26.615652
2041-08-23 00:00:00+00:00,29.310059,33.005077,26.749218
2041-08-24 00:00:00+00:00,28.981716,34.0125,25.432789
2041-08-25 00:00:00+00:00,30.853378,38.419926,24.616354
2041-08-26 00:00:00+00:00,30.625034,37.07735,26.79992
2041-08-27 00:00:00+00:00,28.046698,32.834778,25.28349
2041-08-28 00:00:00+00:00,24.768353,24.992205,25.367056
2041-08-29 00:00:00+00:00,28.340015,32.74963,24.300621
2041-08-30 00:00:00+00:00,30.611673,38.557056,25.334187
2041-08-31 00:00:00+00:00,29.53333,35.16448,24.967756
2041-09-01 00:00:00+00:00,27.004993,31.771908,25.701323
2041-09-02 00:00:00+00:00,27.92396,32.885723,24.067896
2041-09-03 00:00:00+00:00,30.558693,36.01833,25.745466
2041-09-04 00:00:00+00:00,30.54343,36.75094,25.72304
2041-09-05 00:00:00+00:00,28.878166,33.433548,25.500612
2041-09-06 00:00:00+00:00,28.8629,33.76616,25.028183
2041-09-07 00:00:00+00:00,28.047638,33.348763,23.705757
2041-09-08 00:00:00+00:00,28.68237,32.83138,24.533325
2041-09-09 00:00:00+00:00,29.967108,36.363983,24.910902
2041-09-10 00:00:00+00:00,29.601843,37.896595,23.388474
2041-09-11 00:00:00+00:00,32.03658,39.429203,24.816046
2041-09-12 00:00:00+00:00,29.221313,33.561813,25.393616
2041-09-13 00:00:00+00:00,29.406048,34.39442,25.17119
2041-09-14 00:00:00+00:00,28.940784,32.427032,25.898766
2041-09-15 00:00:00+00:00,29.92552,34.809643,26.026337
2041-09-16 00:00:00+00:00,30.310257,33.74225,26.953909
2041-09-17 00:00:00+00:00,25.74499,26.574862,23.981482
2041-09-18 00:00:00+00:00,27.229729,29.95747,24.709053
2041-09-19 00:00:00+00:00,27.914461,29.940079,25.986626
2041-09-20 00:00:00+00:00,30.399193,36.172684,25.9642
2041-09-21 00:00:00+00:00,30.883932,36.905296,26.34177
2041-09-22 00:00:00+00:00,32.668667,40.2379,26.669342
2041-09-23 00:00:00+00:00,31.003405,36.170517,27.146915
2041-09-24 00:00:00+00:00,29.688137,33.25312,26.474487
2041-09-25 00:00:00+00:00,29.872877,33.33573,26.25206
2041-09-26 00:00:00+00:00,30.607609,34.46834,27.329632
2041-09-27 00:00:00+00:00,30.492348,35.300953,25.707207
2041-09-28 00:00:00+00:00,31.67708,37.283558,26.384779
2041-09-29 00:00:00+00:00,32.311817,38.46617,27.26235
2041-09-30 00:00:00+00:00,32.396553,38.398777,26.789925
2041-10-01 00:00:00+00:00,33.78129,40.731384,27.917496
2041-10-02 00:00:00+00:00,32.51602,38.213997,27.795069
2041-10-03 00:00:00+00:00,32.400764,36.846607,29.22264
2041-10-04 00:00:00+00:00,31.035494,36.37921,27.450212
2041-10-05 00:00:00+00:00,31.770231,38.81183,26.177788
2041-10-06 00:00:00+00:00,33.554966,41.394432,25.105358
2041-10-07 00:00:00+00:00,31.0397,35.97704,24.432928
2041-10-08 00:00:00+00:00,22.774437,21.959652,22.960505
2041-10-09 00:00:00+00:00,26.00917,28.49226,23.338076
2041-10-10 00:00:00+00:00,29.243908,33.774868,24.965647
2041-10-11 00:00:00+00:00,31.928642,39.85748,26.393219
2041-10-12 00:00:00+00:00,31.363377,38.640087,25.320793
2041-10-13 00:00:00+00:00,29.998112,32.872696,27.198366
2041-10-14 00:00:00+00:00,28.68285,32.60531,25.675938
2041-10-15 00:00:00+00:00,30.167585,34.687916,25.35351
2041-10-16 00:00:00+00:00,29.502323,34.470524,26.331083
2041-10-17 00:00:00+00:00,29.337057,33.253136,25.258657
2041-10-18 00:00:00+00:00,31.421793,36.435745,25.836227
2041-10-19 00:00:00+00:00,32.35653,38.36835,26.6638
2041-10-20 00:00:00+00:00,32.94126,39.950966,26.891375
2041-10-21 00:00:00+00:00,32.676,40.43357,25.618946
2041-10-22 00:00:00+00:00,32.110733,36.766182,28.546518
2041-10-23 00:00:00+00:00,30.995468,34.49879,28.824091
2041-10-24 00:00:00+00:00,31.580204,37.0314,27.35166
2041-10-25 00:00:00+00:00,32.66494,40.314007,25.729235
2041-10-26 00:00:00+00:00,32.299675,39.99662,24.256807
2041-10-27 00:00:00+00:00,31.58441,38.879227,24.984379
2041-10-28 00:00:00+00:00,31.369146,39.161835,23.71195
2041-10-29 00:00:00+00:00,31.553883,38.144444,25.539524
2041-10-30 00:00:00+00:00,32.938614,40.027058,24.167097
2041-10-31 00:00:00+00:00,34.373356,40.509663,28.84467
2041-11-01 00:00:00+00:00,31.908089,40.24227,23.872242
2041-11-02 00:00:00+00:00,31.17409,39.61105,23.784874
2041-11-03 00:00:00+00:00,30.78741,38.077847,24.395372
2041-11-04 00:00:00+00:00,30.400736,39.244644,22.355871
2041-11-05 00:00:00+00:00,30.314058,39.211445,21.516369
2041-11-06 00:00:00+00:00,28.577381,35.828243,22.376867
2041-11-07 00:00:00+00:00,26.990705,33.99504,19.487364
2041-11-08 00:00:00+00:00,27.354029,33.66184,22.09786
2041-11-09 00:00:00+00:00,27.767351,34.77864,20.808361
2041-11-10 00:00:00+00:00,28.980677,36.29544,21.868856
2041-11-11 00:00:00+00:00,29.693998,36.362236,24.179356
2041-11-12 00:00:00+00:00,28.657322,35.67903,21.289854
2041-11-13 00:00:00+00:00,29.920643,37.44583,22.050354
2041-11-14 00:00:00+00:00,29.433968,37.812634,21.260849
2041-11-15 00:00:00+00:00,29.09729,37.779427,21.021345
2041-11-16 00:00:00+00:00,29.460615,38.446228,20.631845
2041-11-17 00:00:00+00:00,29.273937,38.063023,21.142342
2041-11-18 00:00:00+00:00,29.387259,39.17982,19.85284
2041-11-19 00:00:00+00:00,29.350586,38.996624,20.213337
2041-11-20 00:00:00+00:00,30.113909,38.563423,22.373838
2041-11-21 00:00:00+00:00,29.977234,38.53022,22.584333
2041-11-22 00:00:00+00:00,29.490557,39.297016,19.744831
2041-11-23 00:00:00+00:00,29.25388,37.763817,21.855328
2041-11-24 00:00:00+00:00,27.6172,35.830616,20.265825
2041-11-25 00:00:00+00:00,28.430527,38.347412,19.076326
2041-11-26 00:00:00+00:00,28.893848,37.564213,21.686825
2041-11-27 00:00:00+00:00,28.407171,36.681007,22.29732
2041-11-28 00:00:00+00:00,27.120495,35.947807,19.35782
2041-11-29 00:00:00+00:00,27.03382,36.06461,18.018316
2041-11-30 00:00:00+00:00,27.847143,36.83141,19.728815
2041-12-01 00:00:00+00:00,27.710464,37.098206,19.189312
2041-12-02 00:00:00+00:00,27.323786,36.615005,18.749811
2041-12-03 00:00:00+00:00,26.887112,36.131805,18.260307
2041-12-04 00:00:00+00:00,26.800434,36.8986,17.470806
2041-12-05 00:00:00+00:00,25.513756,34.465397,16.981306
2041-12-06 00:00:00+00:00,25.27708,32.932198,17.291801
2041-12-07 00:00:00+00:00,28.340405,36.848995,20.3023
2041-12-08 00:00:00+00:00,28.303728,36.665794,20.512798
2041-12-09 00:00:00+00:00,27.66705,36.13259,19.573296
2041-12-10 00:00:00+00:00,27.630377,35.949387,19.983793
2041-12-11 00:00:00+00:00,27.3937,36.61619,18.294292
2041-12-12 00:00:00+00:00,27.857021,35.982986,20.60479
2041-12-13 00:00:00+00:00,26.820345,34.649784,19.765287
2041-12-14 00:00:00+00:00,26.433668,33.816586,19.475784
2041-12-15 00:00:00+00:00,26.446991,35.08338,18.436283
2041-12-16 00:00:00+00:00,26.360315,35.700184,17.196781
2041-12-17 00:00:00+00:00,27.173635,35.61698,18.757278
2041-12-18 00:00:00+00:00,26.586964,35.283775,18.417778
2041-12-19 00:00:00+00:00,26.200283,32.550575,20.978273
2041-12-20 00:00:00+00:00,27.913609,36.517376,20.588772
2041-12-21 00:00:00+00:00,28.576931,35.934174,21.84927
2041-12-22 00:00:00+00:00,27.890257,34.85097,22.859766
2041-12-23 00:00:00+00:00,26.453579,33.91777,20.270266
2041-12-24 00:00:00+00:00,26.466902,36.084568,17.180763
2041-12-25 00:00:00+00:00,27.180225,35.251366,20.24126
2041-12-26 00:00:00+00:00,27.393547,37.268166,18.55176
2041-12-27 00:00:00+00:00,27.30687,36.884964,18.962257
2041-12-28 00:00:00+00:00,27.620195,36.00176,19.572754
2041-12-29 00:00:00+00:00,27.283516,36.168564,19.283255
2041-12-30 00:00:00+00:00,26.346842,35.28536,17.743752
2041-12-31 00:00:00+00:00,27.760164,36.15216,19.55425
2042-01-01 00:00:00+00:00,28.373487,37.818954,19.414745
2042-01-02 00:00:00+00:00,28.07323,37.022522,20.361328
2042-01-03 00:00:00+00:00,26.722973,35.5761,19.157906
2042-01-04 00:00:00+00:00,26.022713,35.829666,17.154486
2042-01-05 00:00:00+00:00,26.122454,36.18324,16.451065
2042-01-06 00:00:00+00:00,26.922195,36.536804,17.197647
2042-01-07 00:00:00+00:00,27.72194,36.590378,18.644222
2042-01-08 00:00:00+00:00,27.721678,36.193954,19.490803
2042-01-09 00:00:00+00:00,27.071419,35.79752,18.387383
2042-01-10 00:00:00+00:00,27.171162,35.60109,19.283962
2042-01-11 00:00:00+00:00,27.570904,36.80466,19.030542
2042-01-12 00:00:00+00:00,27.020647,36.458233,18.427122
2042-01-13 00:00:00+00:00,27.370386,36.111805,20.023703
2042-01-14 00:00:00+00:00,28.520128,36.665375,21.020283
2042-01-15 00:00:00+00:00,28.41987,35.768948,20.56686
2042-01-16 00:00:00+00:00,29.21961,35.672516,22.363441
2042-01-17 00:00:00+00:00,27.869349,32.876087,22.510021
2042-01-18 00:00:00+00:00,26.019094,29.679659,23.406599
2042-01-19 00:00:00+00:00,26.418835,33.233227,19.003178
2042-01-20 00:00:00+00:00,28.76858,35.586796,20.949759
2042-01-21 00:00:00+00:00,29.118317,35.44037,22.746342
2042-01-22 00:00:00+00:00,29.56806,36.59394,21.492918
2042-01-23 00:00:00+00:00,30.417803,36.547512,26.589497
2042-01-24 00:00:00+00:00,29.467543,34.701084,24.086077
2042-01-25 00:00:00+00:00,28.517286,36.85465,20.482658
2042-01-26 00:00:00+00:00,28.367025,35.65822,21.379236
2042-01-27 00:00:00+00:00,27.116766,34.16179,21.275816
2042-01-28 00:00:00+00:00,25.91651,32.86536,20.172396
2042-01-29 00:00:00+00:00,25.916252,34.018932,19.168974
2042-01-30 00:00:00+00:00,27.015991,36.222507,18.165554
2042-01-31 00:00:00+00:00,28.465734,37.17607,20.312136
2042-02-01 00:00:00+00:00,27.715473,35.929646,20.608715
2042-02-02 00:00:00+00:00,26.515217,35.683216,18.005293
2042-02-03 00:00:00+00:00,27.114958,37.036785,17.301872
2042-02-04 00:00:00+00:00,28.7147,37.190353,21.948454
2042-02-05 00:00:00+00:00,27.664442,36.993927,18.645033
2042-02-06 00:00:00+00:00,28.664183,37.7975,19.091612
2042-02-07 00:00:00+00:00,29.713923,37.95107,20.238192
2042-02-08 00:00:00+00:00,29.963663,37.80464,23.03477
2042-02-09 00:00:00+00:00,30.263409,39.70821,21.131351
2042-02-10 00:00:00+00:00,30.26315,39.66178,20.42793
2042-02-11 00:00:00+00:00,30.512894,38.065353,24.52451
2042-02-12 00:00:00+00:00,29.712633,36.718918,22.77109
2042-02-13 00:00:00+00:00,30.062372,39.272495,21.317669
2042-02-14 00:00:00+00:00,30.312115,39.426064,21.064249
2042-02-15 00:00:00+00:00,31.111855,38.929634,22.910831
2042-02-16 00:00:00+00:00,30.061598,37.083206,23.507408
2042-02-17 00:00:00+00:00,29.111338,36.33678,21.353987
2042-02-18 00:00:00+00:00,27.661083,31.340347,23.65057
2042-02-19 00:00:00+00:00,27.760824,32.743916,21.89715
2042-02-20 00:00:00+00:00,28.710562,33.747486,23.543728
2042-02-21 00:00:00+00:00,29.960304,35.40106,24.540306
2042-02-22 00:00:00+00:00,30.960045,37.30463,24.936886
2042-02-23 00:00:00+00:00,31.25979,37.0582,25.833467
2042-02-24 00:00:00+00:00,31.509531,38.66177,24.930046
2042-02-25 00:00:00+00:00,30.30927,37.015343,24.576624
2042-02-26 00:00:00+00:00,30.059013,37.468906,23.473206
2042-02-27 00:00:00+00:00,30.808754,39.17248,23.119785
2042-02-28 00:00:00+00:00,30.708496,39.32605,22.066364
2042-03-01 00:00:00+00:00,30.808235,39.429623,22.412943
2042-03-02 00:00:00+00:00,30.30798,39.03319,21.359526
2042-03-03 00:00:00+00:00,30.159323,39.33841,20.657396
2042-03-04 00:00:00+00:00,31.071877,39.455116,22.314323
2042-03-05 00:00:00+00:00,30.834435,38.321823,23.82125
2042-03-06 00:00:00+00:00,30.39699,37.888542,22.728176
2042-03-07 00:00:00+00:00,31.209547,37.355247,24.835104
2042-03-08 00:00:00+00:00,30.222105,36.071957,24.842028
2042-03-09 00:00:00+00:00,28.634657,35.988674,22.698957
2042-03-10 00:00:00+00:00,28.097216,37.25538,17.905886
2042-03-11 00:00:00+00:00,29.909771,38.77209,20.51281
2042-03-12 00:00:00+00:00,30.572325,39.8388,20.719738
2042-03-13 00:00:00+00:00,30.23488,39.805515,19.876663
2042-03-14 00:00:00+00:00,31.347437,41.322224,21.083591
2042-03-15 00:00:00+00:00,32.159996,41.43893,22.090517
2042-03-16 00:00:00+00:00,31.22255,40.855648,21.747444
2042-03-17 00:00:00+00:00,30.885105,39.672356,21.554369
2042-03-18 00:00:00+00:00,30.29766,38.939068,21.361298
2042-03-19 00:00:00+00:00,31.410217,40.055775,22.018223
2042-03-20 00:00:00+00:00,30.672773,38.522484,22.92515
2042-03-21 00:00:00+00:00,32.48533,40.1392,25.432077
2042-03-22 00:00:00+00:00,34.34789,42.25591,25.489002
2042-03-23 00:00:00+00:00,34.760445,42.12262,27.54593
2042-03-24 00:00:00+00:00,32.822998,41.58933,23.102856
2042-03-25 00:00:00+00:00,32.88555,40.20604,24.409784
2042-03-26 00:00:00+00:00,32.69811,42.07275,23.466711
2042-03-27 00:00:00+00:00,31.610666,40.439457,22.67364
2042-03-28 00:00:00+00:00,29.773222,37.756176,21.530565
2042-03-29 00:00:00+00:00,28.485777,36.722878,21.337492
2042-03-30 00:00:00+00:00,29.748335,38.389595,20.744417
2042-03-31 00:00:00+00:00,29.610891,38.5063,20.501343
2042-04-01 00:00:00+00:00,30.223446,38.47301,20.70827
2042-04-02 00:00:00+00:00,30.436003,38.58973,21.915197
2042-04-03 00:00:00+00:00,30.098557,39.006435,20.772123
2042-04-04 00:00:00+00:00,30.911114,39.873146,21.02905
2042-04-05 00:00:00+00:00,32.123672,41.439857,22.185978
2042-04-06 00:00:00+00:00,33.286224,40.806564,24.692904
2042-04-07 00:00:00+00:00,32.298782,39.47328,24.849833
2042-04-08 00:00:00+00:00,32.661343,40.53999,25.506758
2042-04-09 00:00:00+00:00,32.673897,40.9567,24.463684
2042-04-10 00:00:00+00:00,32.93645,41.57341,23.420612
2042-04-11 00:00:00+00:00,31.849005,41.34012,21.927538
2042-04-12 00:00:00+00:00,32.011562,41.906826,22.084463
2042-04-13 00:00:00+00:00,33.72412,44.023544,21.89139
2042-04-14 00:00:00+00:00,33.636673,40.590252,26.098318
2042-04-15 00:00:00+00:00,34.84923,41.606964,27.605242
2042-04-16 00:00:00+00:00,34.211784,42.323677,25.31217
2042-04-17 00:00:00+00:00,33.324345,41.040382,25.119097
2042-04-18 00:00:00+00:00,34.186897,41.957092,25.176025
2042-04-19 00:00:00+00:00,34.399452,42.4238,25.932953
2042-04-20 00:00:00+00:00,33.56201,41.990513,24.539879
2042-04-21 00:00:00+00:00,32.424564,40.757225,23.046804
2042-04-22 00:00:00+00:00,33.087124,41.673935,23.75373
2042-04-23 00:00:00+00:00,32.89968,41.74065,23.51066
2042-04-24 00:00:00+00:00,33.612236,42.157356,24.867588
2042-04-25 00:00:00+00:00,30.724789,38.52407,22.57451
2042-04-26 00:00:00+00:00,29.537346,36.09078,22.38144
2042-04-27 00:00:00+00:00,30.099903,37.057487,22.338366
2042-04-28 00:00:00+00:00,29.46246,33.574203,24.695292
2042-04-29 00:00:00+00:00,32.67502,39.24091,24.602217
2042-04-30 00:00:00+00:00,32.73757,39.15762,26.409147
2042-05-01 00:00:00+00:00,32.900124,40.77433,23.96607
2042-05-02 00:00:00+00:00,32.91268,41.14104,23.722998
2042-05-03 00:00:00+00:00,33.764095,42.696796,23.771908
2042-05-04 00:00:00+00:00,33.332077,42.369682,23.846762
2042-05-05 00:00:00+00:00,33.200066,42.04257,24.121622
2042-05-06 00:00:00+00:00,34.71805,41.565453,26.546478
2042-05-07 00:00:00+00:00,34.686035,43.288338,26.121332
2042-05-08 00:00:00+00:00,35.204018,44.011223,25.846188
2042-05-09 00:00:00+00:00,34.372,41.584106,27.071045
2042-05-10 00:00:00+00:00,34.589985,42.506996,26.345901
2042-05-11 00:00:00+00:00,33.75797,42.229877,24.670757
2042-05-12 00:00:00+00:00,32.975956,41.80276,23.595615
2042-05-13 00:00:00+00:00,34.19394,43.22565,23.770472
2042-05-14 00:00:00+00:00,33.611927,40.098537,27.045326
2042-05-15 00:00:00+00:00,31.279907,34.821423,27.270184
2042-05-16 00:00:00+00:00,34.647892,40.394302,27.545038
2042-05-17 00:00:00+00:00,37.865875,43.01719,30.869894
2042-05-18 00:00:00+00:00,36.383858,42.64007,29.944754
2042-05-19 00:00:00+00:00,32.951847,40.36296,24.819609
2042-05-20 00:00:00+00:00,31.219828,38.685844,23.344465
2042-05-21 00:00:00+00:00,31.687813,38.958733,23.419321
2042-05-22 00:00:00+00:00,31.155796,38.181618,23.59418
2042-05-23 00:00:00+00:00,33.27378,41.404503,24.019035
2042-05-24 00:00:00+00:00,34.791767,42.427387,26.543888
2042-05-25 00:00:00+00:00,34.909748,40.900272,28.868748
2042-05-26 00:00:00+00:00,33.227734,39.673157,26.393602
2042-05-27 00:00:00+00:00,32.59572,40.046043,25.118458
2042-05-28 00:00:00+00:00,33.663704,42.368927,24.493313
2042-05-29 00:00:00+00:00,32.981686,42.091812,23.218172
2042-05-30 00:00:00+00:00,32.749672,41.064697,23.893026
2042-05-31 00:00:00+00:00,31.517656,39.03758,23.867884
2042-06-01 00:00:00+00:00,30.685638,38.410473,22.692741
2042-06-02 00:00:00+00:00,31.503626,39.833355,23.017597
2042-06-03 00:00:00+00:00,33.72161,42.956238,24.442451
2042-06-04 00:00:00+00:00,35.139587,43.679123,26.31731
2042-06-05 00:00:00+00:00,33.907578,43.752014,25.042164
2042-06-06 00:00:00+00:00,32.425564,38.9249,24.817022
2042-06-07 00:00:00+00:00,32.893547,39.64778,26.54188
2042-06-08 00:00:00+00:00,31.11153,38.470665,23.916735
2042-06-09 00:00:00+00:00,30.329514,36.94355,22.59159
2042-06-10 00:00:00+00:00,30.2975,37.86644,22.816448
2042-06-11 00:00:00+00:00,29.515484,35.93932,22.891304
2042-06-12 00:00:00+00:00,29.083466,34.512207,23.366161
2042-06-13 00:00:00+00:00,29.95145,35.835094,23.391016
2042-06-14 00:00:00+00:00,30.519436,37.25798,23.715874
2042-06-15 00:00:00+00:00,31.787416,38.830864,24.04073
2042-06-16 00:00:00+00:00,32.0054,38.503746,26.115585
2042-06-17 00:00:00+00:00,31.523388,37.876637,25.290442
2042-06-18 00:00:00+00:00,32.291374,40.099525,24.215294
2042-06-19 00:00:00+00:00,31.709358,39.072407,24.490154
2042-06-20 00:00:00+00:00,31.077341,36.595287,26.115011
2042-06-21 00:00:00+00:00,31.845322,37.568176,25.189867
2042-06-22 00:00:00+00:00,33.36331,39.69106,27.46472
2042-06-23 00:00:00+00:00,27.231293,29.213945,25.38958
2042-06-24 00:00:00+00:00,30.34928,36.03683,25.014437
2042-06-25 00:00:00+00:00,31.767265,37.609715,26.239292
2042-06-26 00:00:00+00:00,30.685247,35.882603,25.814146
2042-06-27 00:00:00+00:00,30.60323,35.955486,25.239004
2042-06-28 00:00:00+00:00,33.121216,39.378372,26.76386
2042-06-29 00:00:00+00:00,32.7392,38.65126,27.438717
2042-06-30 00:00:00+00:00,31.557182,37.67414,25.863575
2042-07-01 00:00:00+00:00,32.025166,38.49703,25.98843
2042-07-02 00:00:00+00:00,31.543154,37.519913,26.063284
2042-07-03 00:00:00+00:00,30.862514,36.787006,25.191408
2042-07-04 00:00:00+00:00,32.134174,40.294426,24.624975
2042-07-05 00:00:00+00:00,30.555832,35.851856,25.658543
2042-07-06 00:00:00+00:00,30.777493,35.75928,25.44211
2042-07-07 00:00:00+00:00,31.749153,36.566704,27.175678
2042-07-08 00:00:00+00:00,33.670815,41.124126,26.759243
2042-07-09 00:00:00+00:00,33.39247,40.43156,27.492811
2042-07-10 00:00:00+00:00,30.014133,34.88898,25.976376
2042-07-11 00:00:00+00:00,29.485788,35.49641,25.059946
2042-07-12 00:00:00+00:00,29.55745,35.153835,25.293512
2042-07-13 00:00:00+00:00,32.47911,37.961258,27.427076
2042-07-14 00:00:00+00:00,32.800766,40.068684,26.960648
2042-07-15 00:00:00+00:00,32.272427,39.02611,26.194214
2042-07-16 00:00:00+00:00,31.394089,37.43354,26.227781
2042-07-17 00:00:00+00:00,31.315744,37.390965,25.661348
2042-07-18 00:00:00+00:00,30.687407,36.84839,25.194914
2042-07-19 00:00:00+00:00,30.009066,36.555817,23.87848
2042-07-20 00:00:00+00:00,29.130726,33.21324,25.11205
2042-07-21 00:00:00+00:00,31.702381,36.17067,27.795616
2042-07-22 00:00:00+00:00,25.124043,27.728096,23.479183
2042-07-23 00:00:00+00:00,27.595701,30.935516,24.56275
2042-07-24 00:00:00+00:00,29.467361,33.342945,25.396317
2042-07-25 00:00:00+00:00,30.28902,33.85037,27.129885
2042-07-26 00:00:00+00:00,30.010681,35.35779,25.513453
2042-07-27 00:00:00+00:00,29.732338,33.81522,25.697016
2042-07-28 00:00:00+00:00,31.154,36.472645,26.530584
2042-07-29 00:00:00+00:00,30.925657,35.680073,26.714151
2042-07-30 00:00:00+00:00,30.647316,36.2375,26.14772
2042-07-31 00:00:00+00:00,30.118977,35.79492,24.631285
2042-08-01 00:00:00+00:00,30.140636,36.202354,26.514853
2042-08-02 00:00:00+00:00,29.912296,35.759773,24.84842
2042-08-03 00:00:00+00:00,30.183956,34.0672,26.881987
2042-08-04 00:00:00+00:00,31.405615,38.724625,25.315552
2042-08-05 00:00:00+00:00,31.827276,38.482048,25.899122
2042-08-06 00:00:00+00:00,30.998932,36.58948,26.232689
2042-08-07 00:00:00+00:00,27.720594,29.946907,25.066256
2042-08-08 00:00:00+00:00,31.542252,37.70433,25.849823
2042-08-09 00:00:00+00:00,32.66391,40.71176,26.03339
2042-08-10 00:00:00+00:00,30.985573,36.86918,26.116959
2042-08-11 00:00:00+00:00,31.207232,37.02661,26.30052
2042-08-12 00:00:00+00:00,31.028893,37.234035,25.38409
2042-08-13 00:00:00+00:00,28.500547,30.741459,26.667656
2042-08-14 00:00:00+00:00,29.47221,34.148884,24.251223
2042-08-15 00:00:00+00:00,30.593866,35.35631,26.334793
2042-08-16 00:00:00+00:00,31.415527,39.613735,25.368357
2042-08-17 00:00:00+00:00,32.387188,38.72116,25.801924
2042-08-18 00:00:00+00:00,31.558846,37.278587,26.935492
2042-08-19 00:00:00+00:00,29.930508,34.936012,25.219059
2042-08-20 00:00:00+00:00,27.902164,31.493439,25.352629
2042-08-21 00:00:00+00:00,28.573824,34.800865,24.986195
2042-08-22 00:00:00+00:00,27.895483,32.20829,24.219759
2042-08-23 00:00:00+00:00,30.867144,37.965714,24.303328
2042-08-24 00:00:00+00:00,31.238804,35.92314,26.336895
2042-08-25 00:00:00+00:00,30.61046,34.63056,26.670462
2042-08-26 00:00:00+00:00,30.132122,35.137997,25.354027
2042-08-27 00:00:00+00:00,27.853779,32.39542,23.887596
2042-08-28 00:00:00+00:00,29.675442,36.002846,22.771164
2042-08-29 00:00:00+00:00,28.397099,34.460266,25.30473
2042-08-30 00:00:00+00:00,30.268759,36.5677,24.238298
2042-08-31 00:00:00+00:00,31.140419,38.42512,25.121862
2042-09-01 00:00:00+00:00,30.412077,36.732548,24.90543
2042-09-02 00:00:00+00:00,22.765276,25.077566,22.261
2042-09-03 00:00:00+00:00,25.900013,30.260174,22.238571
2042-09-04 00:00:00+00:00,29.834743,35.142784,24.766146
2042-09-05 00:00:00+00:00,28.31948,31.12539,25.293716
2042-09-06 00:00:00+00:00,29.404215,33.508007,24.921291
2042-09-07 00:00:00+00:00,30.588951,35.64061,24.948864
2042-09-08 00:00:00+00:00,32.423687,37.273224,27.626434
2042-09-09 00:00:00+00:00,30.108423,33.20583,26.25401
2042-09-10 00:00:00+00:00,28.84316,32.23844,25.781582
2042-09-11 00:00:00+00:00,26.827894,28.171051,25.709152
2042-09-12 00:00:00+00:00,29.26263,34.253662,24.736725
2042-09-13 00:00:00+00:00,32.297363,40.03627,25.314299
2042-09-14 00:00:00+00:00,32.5821,41.418873,24.841871
2042-09-15 00:00:00+00:00,29.716837,33.901485,26.369444
2042-09-16 00:00:00+00:00,27.70157,33.384098,25.097015
2042-09-17 00:00:00+00:00,27.386309,30.366707,24.67459
2042-09-18 00:00:00+00:00,29.171043,31.849312,26.202162
2042-09-19 00:00:00+00:00,29.955778,33.681927,26.379736
2042-09-20 00:00:00+00:00,27.140514,30.064533,25.107304
2042-09-21 00:00:00+00:00,32.02525,39.797142,25.484877
2042-09-22 00:00:00+00:00,32.30999,39.429752,25.71245
2042-09-23 00:00:00+00:00,31.294722,35.21236,28.390022
2042-09-24 00:00:00+00:00,29.229454,32.544968,26.867596
2042-09-25 00:00:00+00:00,29.51419,32.82758,27.395168
2042-09-26 00:00:00+00:00,31.248926,38.41019,25.872742
2042-09-27 00:00:00+00:00,32.733665,40.7428,24.850313
2042-09-28 00:00:00+00:00,32.7184,38.47541,27.027885
2042-09-29 00:00:00+00:00,32.203133,37.15802,27.255459
2042-09-30 00:00:00+00:00,27.33787,28.040627,25.983028
2042-10-01 00:00:00+00:00,29.222605,34.773235,24.560604
2042-10-02 00:00:00+00:00,33.20734,40.705845,26.138176
2042-10-03 00:00:00+00:00,31.842073,38.888454,24.815748
2042-10-04 00:00:00+00:00,31.82681,37.57106,27.443321
2042-10-05 00:00:00+00:00,31.511547,38.053673,25.670893
2042-10-06 00:00:00+00:00,31.746284,37.68628,26.748466
2042-10-07 00:00:00+00:00,31.381018,36.11889,26.426037
2042-10-08 00:00:00+00:00,31.515755,35.2515,28.153608
2042-10-09 00:00:00+00:00,32.70049,37.43411,27.831182
2042-10-10 00:00:00+00:00,28.085226,32.316715,23.458757
2042-10-11 00:00:00+00:00,30.71996,34.69933,27.086327
2042-10-12 00:00:00+00:00,31.454697,38.231937,26.1139
2042-10-13 00:00:00+00:00,30.739433,37.814545,24.441473
2042-10-14 00:00:00+00:00,30.274166,36.147156,24.419046
2042-10-15 00:00:00+00:00,30.008902,35.529766,24.796616
2042-10-16 00:00:00+00:00,29.993637,36.162373,24.12419
2042-10-17 00:00:00+00:00,30.878372,37.394985,24.551762
2042-10-18 00:00:00+00:00,30.11311,36.177593,24.079334
2042-10-19 00:00:00+00:00,30.697844,36.5102,24.856907
2042-10-20 00:00:00+00:00,30.932575,38.242813,24.084482
2042-10-21 00:00:00+00:00,30.467314,38.32542,22.56205
2042-10-22 00:00:00+00:00,30.402048,38.05803,22.589622
2042-10-23 00:00:00+00:00,30.986786,37.44064,23.767197
2042-10-24 00:00:00+00:00,30.12152,32.773247,26.99477
2042-10-25 00:00:00+00:00,32.20626,38.155857,25.322342
2042-10-26 00:00:00+00:00,34.790993,40.18847,29.099915
2042-10-27 00:00:00+00:00,33.625725,39.571075,27.127485
2042-10-28 00:00:00+00:00,33.260464,38.653683,26.405058
2042-10-29 00:00:00+00:00,34.295197,38.086296,30.082634
2042-10-30 00:00:00+00:00,30.279934,32.1189,28.760204
2042-10-31 00:00:00+00:00,32.814667,38.00151,27.237776
2042-11-01 00:00:00+00:00,33.499405,40.73412,26.46535
2042-11-02 00:00:00+00:00,32.67076,38.50685,26.782248
2042-11-03 00:00:00+00:00,32.084084,37.573643,24.992748
2042-11-04 00:00:00+00:00,32.697403,37.340446,26.703245
2042-11-05 00:00:00+00:00,31.910728,37.057243,26.813742
2042-11-06 00:00:00+00:00,30.824049,35.72404,26.27424
2042-11-07 00:00:00+00:00,31.687372,35.34084,26.93474
2042-11-08 00:00:00+00:00,31.450695,36.057644,28.095236
2042-11-09 00:00:00+00:00,31.66402,38.474438,24.405733
2042-11-10 00:00:00+00:00,32.777344,39.441235,25.966232
2042-11-11 00:00:00+00:00,33.590668,40.308037,27.176731
2042-11-12 00:00:00+00:00,32.803993,39.624832,25.987228
2042-11-13 00:00:00+00:00,31.617315,38.141632,24.947727
2042-11-14 00:00:00+00:00,31.280636,37.108433,25.108223
2042-11-15 00:00:00+00:00,30.793962,37.025227,23.91872
2042-11-16 00:00:00+00:00,30.557283,37.192028,23.729223
2042-11-17 00:00:00+00:00,30.070608,37.008823,23.139719
2042-11-18 00:00:00+00:00,29.73393,37.675625,21.500216
2042-11-19 00:00:00+00:00,30.197256,37.192425,22.960712
2042-11-20 00:00:00+00:00,30.160574,37.50922,22.371212
2042-11-21 00:00:00+00:00,30.073898,32.62602,26.13171
2042-11-22 00:00:00+00:00,31.587223,37.19282,26.342207
2042-11-23 00:00:00+00:00,28.550545,31.559616,24.952705
2042-11-24 00:00:00+00:00,28.513872,32.576416,24.113203
2042-11-25 00:00:00+00:00,26.677195,34.243214,19.373701
2042-11-26 00:00:00+00:00,27.840519,36.21001,19.7342
2042-11-27 00:00:00+00:00,28.00384,36.77681,19.344698
2042-11-28 00:00:00+00:00,28.567165,38.293613,19.755196
2042-11-29 00:00:00+00:00,29.580486,38.31041,20.315691
2042-11-30 00:00:00+00:00,29.74381,36.627205,23.826189
2042-12-01 00:00:00+00:00,27.557133,32.544006,23.336687
2042-12-02 00:00:00+00:00,27.120457,35.260803,19.247189
2042-12-03 00:00:00+00:00,26.83378,35.4776,18.457684
2042-12-04 00:00:00+00:00,26.997103,35.6444,18.71818
2042-12-05 00:00:00+00:00,27.860428,36.911198,18.22868
2042-12-06 00:00:00+00:00,29.62375,37.727993,20.539177
2042-12-07 00:00:00+00:00,28.887075,36.694798,20.899673
2042-12-08 00:00:00+00:00,30.350397,38.411594,21.910173
2042-12-09 00:00:00+00:00,30.713722,38.67839,21.870672
2042-12-10 00:00:00+00:00,31.077044,38.945187,22.881168
2042-12-11 00:00:00+00:00,30.990368,38.661987,23.741667
2042-12-12 00:00:00+00:00,28.55369,36.728786,21.402164
2042-12-13 00:00:00+00:00,26.967014,36.145584,18.162663
2042-12-14 00:00:00+00:00,27.780338,36.462383,19.97316
2042-12-15 00:00:00+00:00,27.29366,36.329185,19.733658
2042-12-16 00:00:00+00:00,26.556984,35.945984,18.594154
2042-12-17 00:00:00+00:00,26.870308,36.21278,18.804655
2042-12-18 00:00:00+00:00,26.533632,35.32958,19.51515
2042-12-19 00:00:00+00:00,27.496958,34.896378,22.625648
2042-12-20 00:00:00+00:00,27.060278,35.663174,19.486147
2042-12-21 00:00:00+00:00,27.0736,35.429977,19.096647
2042-12-22 00:00:00+00:00,27.686924,34.84677,22.15714
2042-12-23 00:00:00+00:00,25.90025,29.463572,22.367641
2042-12-24 00:00:00+00:00,24.71357,33.28037,16.978138
2042-12-25 00:00:00+00:00,24.026894,33.147167,16.388638
2042-12-26 00:00:00+00:00,24.49022,33.26397,16.849133
2042-12-27 00:00:00+00:00,26.153542,33.880764,20.409634
2042-12-28 00:00:00+00:00,24.816864,32.247562,18.270132
2042-12-29 00:00:00+00:00,25.630188,33.664364,17.480629
2042-12-30 00:00:00+00:00,25.59351,31.73116,20.841125
2042-12-31 00:00:00+00:00,25.806837,33.84796,19.251621
2043-01-01 00:00:00+00:00,26.120157,33.664757,20.212122
2043-01-02 00:00:00+00:00,25.823294,32.371635,21.66218
2043-01-03 00:00:00+00:00,26.323038,33.47521,20.65876
2043-01-04 00:00:00+00:00,26.372776,32.52877,21.355341
2043-01-05 00:00:00+00:00,26.472519,34.232346,19.90192
2043-01-06 00:00:00+00:00,25.87226,33.885918,18.898499
2043-01-07 00:00:00+00:00,26.372002,35.339485,17.895079
2043-01-08 00:00:00+00:00,27.221743,36.64306,18.241657
2043-01-09 00:00:00+00:00,26.871485,35.89663,18.038239
2043-01-10 00:00:00+00:00,26.671225,35.850197,17.634817
2043-01-11 00:00:00+00:00,26.720968,35.90377,17.531399
2043-01-12 00:00:00+00:00,26.470709,35.357338,17.277977
2043-01-13 00:00:00+00:00,26.020452,33.560913,18.774557
2043-01-14 00:00:00+00:00,25.370192,32.61448,19.421137
2043-01-15 00:00:00+00:00,25.669935,32.718056,17.667717
2043-01-16 00:00:00+00:00,27.469675,35.82162,18.714296
2043-01-17 00:00:00+00:00,27.869415,34.87519,20.960875
2043-01-18 00:00:00+00:00,27.819159,34.978764,22.457457
2043-01-19 00:00:00+00:00,27.968897,34.332333,21.304033
2043-01-20 00:00:00+00:00,29.718643,38.535904,21.650614
2043-01-21 00:00:00+00:00,29.368383,36.28948,24.197193
2043-01-22 00:00:00+00:00,28.618126,35.19305,23.593773
2043-01-23 00:00:00+00:00,28.867865,37.596615,20.390354
2043-01-24 00:00:00+00:00,28.117607,36.95019,19.636932
2043-01-25 00:00:00+00:00,27.917349,37.15376,19.133512
2043-01-26 00:00:00+00:00,28.517092,37.45733,20.580091
2043-01-27 00:00:00+00:00,27.816832,36.810898,20.17667
2043-01-28 00:00:00+00:00,27.316574,36.414467,19.223251
2043-01-29 00:00:00+00:00,27.766315,37.268044,18.019833
2043-01-30 00:00:00+00:00,28.716057,37.171616,20.016409
2043-01-31 00:00:00+00:00,28.515799,36.725185,21.21299
2043-02-01 00:00:00+00:00,28.365538,37.228756,20.30957
2043-02-02 00:00:00+00:00,27.96528,37.432323,18.906149
2043-02-03 00:00:00+00:00,27.965023,36.735893,20.552727
2043-02-04 00:00:00+00:00,27.914766,36.489464,19.799309
2043-02-05 00:00:00+00:00,28.514505,37.94303,20.495888
2043-02-06 00:00:00+00:00,28.764248,38.046608,19.842468
2043-02-07 00:00:00+00:00,28.713987,37.650177,18.739046
2043-02-08 00:00:00+00:00,29.663729,37.10375,24.135626
2043-02-09 00:00:00+00:00,27.463472,36.957317,17.782206
2043-02-10 00:00:00+00:00,27.063215,36.460888,16.928787
2043-02-11 00:00:00+00:00,25.312954,31.514462,18.125364
2043-02-12 00:00:00+00:00,25.362696,32.568027,18.721947
2043-02-13 00:00:00+00:00,23.862436,31.571598,16.018524
2043-02-14 00:00:00+00:00,25.66218,33.17517,17.915106
2043-02-15 00:00:00+00:00,26.21192,33.328743,19.361685
2043-02-16 00:00:00+00:00,27.411663,34.732315,21.158266
2043-02-17 00:00:00+00:00,28.611403,37.485886,20.204844
2043-02-18 00:00:00+00:00,30.011147,39.189453,20.401424
2043-02-19 00:00:00+00:00,31.310888,39.943024,22.598001
2043-02-20 00:00:00+00:00,31.760628,38.996593,23.044584
2043-02-21 00:00:00+00:00,31.46037,37.500164,26.391163
2043-02-22 00:00:00+00:00,31.26011,40.253735,22.037743
2043-02-23 00:00:00+00:00,31.509855,40.857307,22.58432
2043-02-24 00:00:00+00:00,32.309593,41.310875,24.430902
2043-02-25 00:00:00+00:00,31.759336,41.96445,22.877481
2043-02-26 00:00:00+00:00,31.559078,41.86802,22.57406
2043-02-27 00:00:00+00:00,31.208818,41.72159,21.620642
2043-02-28 00:00:00+00:00,30.758562,40.525158,20.66722
2043-03-01 00:00:00+00:00,31.708302,41.178726,22.3138
2043-03-02 00:00:00+00:00,31.35804,40.332306,23.060377
2043-03-03 00:00:00+00:00,32.107784,40.88587,24.65696
2043-03-04 00:00:00+00:00,30.26874,37.75094,23.062592
2043-03-05 00:00:00+00:00,30.731293,39.81765,22.969517
2043-03-06 00:00:00+00:00,29.843851,39.384357,20.226446
2043-03-07 00:00:00+00:00,30.406406,39.30107,21.73337
2043-03-08 00:00:00+00:00,30.818964,39.41778,22.990297
2043-03-09 00:00:00+00:00,30.681519,40.33449,20.247223
2043-03-10 00:00:00+00:00,31.244076,41.1512,20.40415
2043-03-11 00:00:00+00:00,30.006632,38.41791,21.26108
2043-03-12 00:00:00+00:00,29.969185,38.234627,21.668005
2043-03-13 00:00:00+00:00,30.481743,39.001335,21.574934
2043-03-14 00:00:00+00:00,32.3943,41.168045,23.23186
2043-03-15 00:00:00+00:00,34.356857,43.28476,25.588785
2043-03-16 00:00:00+00:00,33.969414,42.85147,25.095715
2043-03-17 00:00:00+00:00,32.531967,42.06818,23.352638
2043-03-18 00:00:00+00:00,31.544521,41.734886,21.209566
2043-03-19 00:00:00+00:00,33.30708,42.7016,24.966492
2043-03-20 00:00:00+00:00,32.169636,43.018307,20.423418
2043-03-21 00:00:00+00:00,32.132187,41.38502,22.730347
2043-03-22 00:00:00+00:00,32.44475,42.05173,23.23727
2043-03-23 00:00:00+00:00,32.007305,40.91844,22.794199
2043-03-24 00:00:00+00:00,31.31986,39.335155,23.351124
2043-03-25 00:00:00+00:00,30.282417,38.35186,21.308052
2043-03-26 00:00:00+00:00,29.99497,35.968575,22.96498
2043-03-27 00:00:00+00:00,30.857529,38.235283,23.321907
2043-03-28 00:00:00+00:00,31.270082,37.40199,24.678833
2043-03-29 00:00:00+00:00,33.13264,39.9687,26.085758
2043-03-30 00:00:00+00:00,32.695198,40.085415,24.492683
2043-03-31 00:00:00+00:00,35.807755,42.75213,26.949612
2043-04-01 00:00:00+00:00,35.370308,41.518837,28.906538
2043-04-02 00:00:00+00:00,34.68286,41.735546,27.563465
2043-04-03 00:00:00+00:00,34.34542,41.302254,28.670391
2043-04-04 00:00:00+00:00,34.007973,42.468964,25.72732
2043-04-05 00:00:00+00:00,33.170532,42.135677,23.884245
2043-04-06 00:00:00+00:00,32.63309,42.85239,22.341173
2043-04-07 00:00:00+00:00,34.44564,44.5691,23.6481
2043-04-08 00:00:00+00:00,34.8582,44.63581,24.755026
2043-04-09 00:00:00+00:00,33.67076,43.202522,24.461952
2043-04-10 00:00:00+00:00,34.18331,43.16923,24.218878
2043-04-11 00:00:00+00:00,35.395866,44.38594,26.425806
2043-04-12 00:00:00+00:00,32.85842,39.85265,24.982733
2043-04-13 00:00:00+00:00,35.37098,43.469364,27.239658
2043-04-14 00:00:00+00:00,34.033535,42.936073,24.396585
2043-04-15 00:00:00+00:00,34.746094,43.602787,24.553514
2043-04-16 00:00:00+00:00,34.558647,43.419495,25.46044
2043-04-17 00:00:00+00:00,34.321205,42.886208,25.567366
2043-04-18 00:00:00+00:00,33.68376,42.552914,24.224293
2043-04-19 00:00:00+00:00,33.146317,42.219627,22.98122
2043-04-20 00:00:00+00:00,32.658867,40.68634,23.738148
2043-04-21 00:00:00+00:00,30.421425,34.953045,24.395073
2043-04-22 00:00:00+00:00,33.383987,39.619755,25.852001
2043-04-23 00:00:00+00:00,34.44654,40.236473,27.308926
2043-04-24 00:00:00+00:00,34.309097,38.40318,29.365854
2043-04-25 00:00:00+00:00,32.22165,35.769886,28.922781
2043-04-26 00:00:00+00:00,31.48421,36.3366,27.829706
2043-04-27 00:00:00+00:00,35.646767,42.50331,29.086632
2043-04-28 00:00:00+00:00,34.05932,42.070023,24.14356
2043-04-29 00:00:00+00:00,35.021873,41.13673,27.850487
2043-04-30 00:00:00+00:00,34.03443,40.503445,27.257414
2043-05-01 00:00:00+00:00,36.04699,44.370155,27.21434
2043-05-02 00:00:00+00:00,36.459545,45.436863,26.971266
2043-05-03 00:00:00+00:00,35.072098,41.203575,28.528194
2043-05-04 00:00:00+00:00,35.09008,41.926456,27.303051
2043-05-05 00:00:00+00:00,33.808067,41.849342,25.127907
2043-05-06 00:00:00+00:00,31.976051,38.922234,24.352764
2043-05-07 00:00:00+00:00,30.744036,37.595116,23.377619
2043-05-08 00:00:00+00:00,29.76202,36.268,23.552475
2043-05-09 00:00:00+00:00,31.980007,38.490887,24.177332
2043-05-10 00:00:00+00:00,33.94799,41.86377,25.002188
2043-05-11 00:00:00+00:00,36.365974,44.036655,25.927044
2043-05-12 00:00:00+00:00,37.98396,43.809544,31.2519
2043-05-13 00:00:00+00:00,38.101944,45.48243,29.476757
2043-05-14 00:00:00+00:00,35.219925,42.45531,27.701612
2043-05-15 00:00:00+00:00,33.737907,42.2782,25.226469
2043-05-16 00:00:00+00:00,32.75589,39.251083,25.751326
2043-05-17 00:00:00+00:00,33.82388,41.52397,24.926182
2043-05-18 00:00:00+00:00,34.041862,42.496857,25.251036
2043-05-19 00:00:00+00:00,36.659847,45.31974,27.075893
2043-05-20 00:00:00+00:00,34.677834,41.892624,27.350752
2043-05-21 00:00:00+00:00,31.395817,37.115513,26.32561
2043-05-22 00:00:00+00:00,31.263798,37.238396,24.800465
2043-05-23 00:00:00+00:00,33.931786,40.811283,26.62532
2043-05-24 00:00:00+00:00,36.999767,44.284164,28.600174
2043-05-25 00:00:00+00:00,37.367752,45.45705,28.075033
2043-05-26 00:00:00+00:00,36.285736,43.07994,28.749887
2043-05-27 00:00:00+00:00,33.003723,39.40282,26.974747
2043-05-28 00:00:00+00:00,31.121708,37.275703,24.6996
2043-05-29 00:00:00+00:00,30.789688,37.248592,24.174456
2043-05-30 00:00:00+00:00,31.957676,39.92148,23.049313
2043-05-31 00:00:00+00:00,31.575659,38.44436,23.82417
2043-06-01 00:00:00+00:00,32.44364,37.167248,26.549026
2043-06-02 00:00:00+00:00,33.211628,36.940136,28.473885
2043-06-03 00:00:00+00:00,34.52961,41.11302,27.34874
2043-06-04 00:00:00+00:00,34.0476,41.835907,26.123596
2043-06-05 00:00:00+00:00,33.865578,41.05879,26.998451
2043-06-06 00:00:00+00:00,32.333565,40.08167,25.123306
2043-06-07 00:00:00+00:00,30.60155,37.454563,23.698164
2043-06-08 00:00:00+00:00,29.819536,36.027447,23.72302
2043-06-09 00:00:00+00:00,28.53752,33.000328,22.847878
2043-06-10 00:00:00+00:00,29.6555,35.57322,23.872732
2043-06-11 00:00:00+00:00,29.223486,34.296104,23.04759
2043-06-12 00:00:00+00:00,28.74147,31.168987,25.672445
2043-06-13 00:00:00+00:00,30.709455,35.54187,26.847301
2043-06-14 00:00:00+00:00,30.827438,36.164757,25.222158
2043-06-15 00:00:00+00:00,31.245422,36.737644,25.397013
2043-06-16 00:00:00+00:00,32.363407,38.21053,25.62187
2043-06-17 00:00:00+00:00,27.231392,30.983414,24.596727
2043-06-18 00:00:00+00:00,27.549376,31.206299,24.021582
2043-06-19 00:00:00+00:00,25.867361,26.479183,24.79644
2043-06-20 00:00:00+00:00,30.435345,36.45207,24.621298
2043-06-21 00:00:00+00:00,33.353325,40.724953,25.596151
2043-06-22 00:00:00+00:00,33.621315,39.99784,27.67101
2043-06-23 00:00:00+00:00,27.689299,28.07072,27.195866
2043-06-24 00:00:00+00:00,30.607283,34.74361,26.37072
2043-06-25 00:00:00+00:00,30.075268,34.366493,26.895576
2043-06-26 00:00:00+00:00,32.59325,39.089382,26.870434
2043-06-27 00:00:00+00:00,31.611233,38.612267,25.395294
2043-06-28 00:00:00+00:00,30.929218,35.73515,26.970144
2043-06-29 00:00:00+00:00,31.597202,36.408035,26.745003
2043-06-30 00:00:00+00:00,32.515186,37.18092,27.269861
2043-07-01 00:00:00+00:00,33.38317,38.50381,27.044716
2043-07-02 00:00:00+00:00,32.051155,36.276695,27.269573
2043-07-03 00:00:00+00:00,31.869598,34.597645,27.695517
2043-07-04 00:00:00+00:00,34.741264,40.155075,28.629084
2043-07-05 00:00:00+00:00,36.162918,41.6125,31.662653
2043-07-06 00:00:00+00:00,36.08458,42.16992,30.046215
2043-07-07 00:00:00+00:00,34.15624,38.527355,29.929787
2043-07-08 00:00:00+00:00,33.077896,37.684772,27.963352
2043-07-09 00:00:00+00:00,32.299553,37.092197,28.79692
2043-07-10 00:00:00+00:00,32.67122,38.649624,26.830486
2043-07-11 00:00:00+00:00,32.792877,39.15705,26.364054
2043-07-12 00:00:00+00:00,33.514538,39.464478,27.19762
2043-07-13 00:00:00+00:00,34.636192,40.021908,29.431187
2043-07-14 00:00:00+00:00,28.407854,30.779327,25.664753
2043-07-15 00:00:00+00:00,30.17951,34.336754,25.84832
2043-07-16 00:00:00+00:00,31.151175,36.044178,26.68189
2043-07-17 00:00:00+00:00,31.272831,35.251606,27.215456
2043-07-18 00:00:00+00:00,31.444489,36.059032,27.149023
2043-07-19 00:00:00+00:00,32.01615,38.766457,26.032589
2043-07-20 00:00:00+00:00,32.28781,39.123882,26.466158
2043-07-21 00:00:00+00:00,31.55947,35.881306,28.099722
2043-07-22 00:00:00+00:00,26.331127,27.388735,25.583292
2043-07-23 00:00:00+00:00,30.402786,36.84616,24.56686
2043-07-24 00:00:00+00:00,32.824444,39.953587,26.450424
2043-07-25 00:00:00+00:00,31.446108,37.211014,26.83399
2043-07-26 00:00:00+00:00,31.317764,36.168438,27.717558
2043-07-27 00:00:00+00:00,31.189425,35.725864,26.551126
2043-07-28 00:00:00+00:00,31.111084,36.533287,26.834694
2043-07-29 00:00:00+00:00,29.132744,32.890717,25.618261
2043-07-30 00:00:00+00:00,30.704403,36.59814,26.151825
2043-07-31 00:00:00+00:00,31.376062,37.755566,25.685394
2043-08-01 00:00:00+00:00,31.547722,37.562992,25.868961
2043-08-02 00:00:00+00:00,32.069378,39.12042,25.802528
2043-08-03 00:00:00+00:00,32.04104,39.227844,25.386095
2043-08-04 00:00:00+00:00,31.9627,37.685272,27.069662
2043-08-05 00:00:00+00:00,31.73436,37.842697,25.85323
2043-08-06 00:00:00+00:00,31.556023,38.10012,25.186794
2043-08-07 00:00:00+00:00,31.227676,38.20755,24.270363
2043-08-08 00:00:00+00:00,31.449337,37.61497,25.80393
2043-08-09 00:00:00+00:00,31.521,37.2224,25.787497
2043-08-10 00:00:00+00:00,30.242657,36.379826,26.121065
2043-08-11 00:00:00+00:00,31.614315,37.03725,26.304632
2043-08-12 00:00:00+00:00,32.885975,38.844677,27.0882
2043-08-13 00:00:00+00:00,32.257633,38.002106,26.821766
2043-08-14 00:00:00+00:00,31.829294,36.00953,27.155334
2043-08-15 00:00:00+00:00,31.300953,37.11696,27.5389
2043-08-16 00:00:00+00:00,31.272615,37.374382,26.272469
2043-08-17 00:00:00+00:00,30.69427,35.181805,26.856033
2043-08-18 00:00:00+00:00,28.815931,31.28923,26.3896
2043-08-19 00:00:00+00:00,30.93759,35.596657,26.52317
2043-08-20 00:00:00+00:00,33.85925,42.804085,25.756735
2043-08-21 00:00:00+00:00,31.43091,37.11151,25.990303
2043-08-22 00:00:00+00:00,24.352568,24.668934,23.373867
2043-08-23 00:00:00+00:00,26.024231,27.026361,25.207438
2043-08-24 00:00:00+00:00,26.995888,28.883785,25.441002
2043-08-25 00:00:00+00:00,26.76755,29.541214,24.57457
2043-08-26 00:00:00+00:00,27.239204,30.348637,24.408136
2043-08-27 00:00:00+00:00,27.660868,30.406063,25.241705
2043-08-28 00:00:00+00:00,27.832523,31.063492,25.32527
2043-08-29 00:00:00+00:00,28.054184,31.220913,25.25884
2043-08-30 00:00:00+00:00,29.325844,32.92834,26.092407
2043-08-31 00:00:00+00:00,28.047504,30.635765,25.87597
2043-09-01 00:00:00+00:00,28.069162,31.54319,24.709541
2043-09-02 00:00:00+00:00,26.956593,28.069412,25.104107
2043-09-03 00:00:00+00:00,26.191326,27.202023,25.781681
2043-09-04 00:00:00+00:00,27.37606,29.984634,24.859253
2043-09-05 00:00:00+00:00,28.660797,30.467247,26.936823
2043-09-06 00:00:00+00:00,30.145529,34.74985,27.014399
2043-09-07 00:00:00+00:00,28.13027,30.98246,26.84197
2043-09-08 00:00:00+00:00,29.865004,34.16507,26.419544
2043-09-09 00:00:00+00:00,26.999743,29.24768,24.297115
2043-09-10 00:00:00+00:00,27.184475,30.680286,25.324688
2043-09-11 00:00:00+00:00,27.36921,31.112896,24.45226
2043-09-12 00:00:00+00:00,24.703947,27.245506,22.079832
2043-09-13 00:00:00+00:00,25.78868,28.878117,22.557405
2043-09-14 00:00:00+00:00,29.82342,35.060726,26.484976
2043-09-15 00:00:00+00:00,32.358154,38.493332,28.66255
2043-09-16 00:00:00+00:00,30.64289,34.47594,28.140123
2043-09-17 00:00:00+00:00,29.677624,33.208553,28.117695
2043-09-18 00:00:00+00:00,29.862358,35.191162,26.495268
2043-09-19 00:00:00+00:00,30.097094,36.17377,25.77284
2043-09-20 00:00:00+00:00,30.28183,34.60638,27.300411
2043-09-21 00:00:00+00:00,31.366568,37.83899,27.127985
2043-09-22 00:00:00+00:00,31.2013,38.171597,26.305557
2043-09-23 00:00:00+00:00,31.786036,38.30421,27.48313
2043-09-24 00:00:00+00:00,30.520771,37.936817,25.110703
2043-09-25 00:00:00+00:00,29.355505,36.369427,23.138275
2043-09-26 00:00:00+00:00,29.990246,37.302036,24.16585
2043-09-27 00:00:00+00:00,31.574974,38.834644,22.793419
2043-09-28 00:00:00+00:00,32.809715,38.46726,28.370993
2043-09-29 00:00:00+00:00,32.29445,39.449863,26.948565
2043-09-30 00:00:00+00:00,31.179184,37.182476,26.776138
2043-10-01 00:00:00+00:00,29.56392,33.46508,25.65371
2043-10-02 00:00:00+00:00,28.298656,31.197693,26.731281
2043-10-03 00:00:00+00:00,32.23339,38.1803,26.258856
2043-10-04 00:00:00+00:00,30.768124,36.612907,25.286428
2043-10-05 00:00:00+00:00,30.002865,37.24552,25.763998
2043-10-06 00:00:00+00:00,31.5376,40.178127,23.491571
2043-10-07 00:00:00+00:00,32.322334,40.560738,25.319145
2043-10-08 00:00:00+00:00,32.05707,37.89335,27.396717
2043-10-09 00:00:00+00:00,32.241806,38.82596,27.374287
2043-10-10 00:00:00+00:00,32.22654,39.858566,25.951862
2043-10-11 00:00:00+00:00,31.811274,39.14118,25.379436
2043-10-12 00:00:00+00:00,29.99601,35.073784,26.357008
2043-10-13 00:00:00+00:00,31.080746,37.706394,24.634579
2043-10-14 00:00:00+00:00,30.46548,35.439003,25.412153
2043-10-15 00:00:00+00:00,31.35022,40.32161,25.089724
2043-10-16 00:00:00+00:00,32.084953,41.50422,23.817295
2043-10-17 00:00:00+00:00,31.96969,37.68683,27.044868
2043-10-18 00:00:00+00:00,31.254423,35.869442,27.422443
2043-10-19 00:00:00+00:00,31.589157,37.002045,26.550013
2043-10-20 00:00:00+00:00,33.323895,40.734657,28.027586
2043-10-21 00:00:00+00:00,31.658628,40.867264,23.455158
2043-10-22 00:00:00+00:00,30.693365,37.249874,24.682732
2043-10-23 00:00:00+00:00,30.278101,34.432484,27.260303
2043-10-24 00:00:00+00:00,28.712835,31.765095,26.387877
2043-10-25 00:00:00+00:00,28.997572,32.9477,25.715448
2043-10-26 00:00:00+00:00,31.532307,37.480316,26.39302
2043-10-27 00:00:00+00:00,31.017044,38.26292,22.920593
2043-10-28 00:00:00+00:00,30.001776,35.84553,24.898167
2043-10-29 00:00:00+00:00,29.986517,37.47814,22.375738
2043-10-30 00:00:00+00:00,30.821249,37.910755,22.953308
2043-10-31 00:00:00+00:00,30.705988,38.443356,22.730883
2043-11-01 00:00:00+00:00,29.89072,38.125973,21.708456
2043-11-02 00:00:00+00:00,30.317423,38.85265,21.529625
2043-11-03 00:00:00+00:00,31.03075,38.819447,23.490124
2043-11-04 00:00:00+00:00,31.34407,37.38625,25.050621
2043-11-05 00:00:00+00:00,31.507397,36.303043,28.11112
2043-11-06 00:00:00+00:00,30.67072,35.119843,28.171618
2043-11-07 00:00:00+00:00,31.534044,37.98664,25.232115
2043-11-08 00:00:00+00:00,32.097366,37.65344,27.092613
2043-11-09 00:00:00+00:00,29.41069,36.17024,23.153112
2043-11-10 00:00:00+00:00,28.474012,35.787037,22.06361
2043-11-11 00:00:00+00:00,27.237337,34.553837,19.824106
2043-11-12 00:00:00+00:00,27.550657,34.870632,19.484602
2043-11-13 00:00:00+00:00,27.863983,34.787434,21.845102
2043-11-14 00:00:00+00:00,28.877306,37.304234,19.5056
2043-11-15 00:00:00+00:00,31.040628,36.92103,25.266098
2043-11-16 00:00:00+00:00,29.003952,33.83783,25.176594
2043-11-17 00:00:00+00:00,29.367275,34.054626,24.337095
2043-11-18 00:00:00+00:00,30.8806,35.47142,27.69759
2043-11-19 00:00:00+00:00,30.493923,36.788223,24.908089
2043-11-20 00:00:00+00:00,30.407246,37.005024,24.86859
2043-11-21 00:00:00+00:00,29.470572,37.22182,21.429083
2043-11-22 00:00:00+00:00,29.133894,36.638615,22.089582
2043-11-23 00:00:00+00:00,28.747217,36.65542,21.35008
2043-11-24 00:00:00+00:00,27.66054,36.322216,18.91058
2043-11-25 00:00:00+00:00,27.923864,36.38901,20.171078
2043-11-26 00:00:00+00:00,28.287188,36.555813,20.481575
2043-11-27 00:00:00+00:00,28.70051,37.22261,20.79207
2043-11-28 00:00:00+00:00,28.21383,35.63941,19.95257
2043-11-29 00:00:00+00:00,29.677155,35.006207,26.013067
2043-11-30 00:00:00+00:00,27.54048,33.023006,22.523565
2043-12-01 00:00:00+00:00,26.4538,31.289806,23.384064
2043-12-02 00:00:00+00:00,24.867128,27.356604,22.294563
2043-12-03 00:00:00+00:00,26.780449,34.373405,18.95506
2043-12-04 00:00:00+00:00,27.543776,35.0902,21.215555
2043-12-05 00:00:00+00:00,26.157099,34.856995,18.126055
2043-12-06 00:00:00+00:00,25.87042,35.373795,16.686554
2043-12-07 00:00:00+00:00,27.233744,35.9406,18.19705
2043-12-08 00:00:00+00:00,26.747066,34.307396,20.157547
2043-12-09 00:00:00+00:00,25.76039,32.67419,19.618048
2043-12-10 00:00:00+00:00,27.573711,34.49099,21.278543
2043-12-11 00:00:00+00:00,27.487038,33.457787,22.239042
2043-12-12 00:00:00+00:00,27.800358,32.424587,24.59954
2043-12-13 00:00:00+00:00,28.913683,33.34139,24.810038
2043-12-14 00:00:00+00:00,29.77701,33.508183,26.920536
2043-12-15 00:00:00+00:00,26.79033,32.12498,22.131035
2043-12-16 00:00:00+00:00,25.303654,33.291782,17.541533
2043-12-17 00:00:00+00:00,25.416975,33.10858,18.30203
2043-12-18 00:00:00+00:00,26.7303,34.475376,19.512526
2043-12-19 00:00:00+00:00,27.843624,35.642178,20.423027
2043-12-20 00:00:00+00:00,26.356947,32.158978,21.433525
2043-12-21 00:00:00+00:00,26.720268,34.225777,20.244022
2043-12-22 00:00:00+00:00,26.583593,33.09257,22.20452
2043-12-23 00:00:00+00:00,26.346916,35.059372,18.665016
2043-12-24 00:00:00+00:00,27.01024,36.22617,18.975513
2043-12-25 00:00:00+00:00,27.073563,35.942966,18.836012
2043-12-26 00:00:00+00:00,27.736885,36.359768,20.296509
2043-12-27 00:00:00+00:00,27.70021,36.526566,19.65701
2043-12-28 00:00:00+00:00,26.813532,35.493362,19.317507
2043-12-29 00:00:00+00:00,26.226856,35.01016,18.128002
2043-12-30 00:00:00+00:00,25.940178,35.126965,16.9885
2043-12-31 00:00:00+00:00,26.503506,35.64376,16.699
2044-01-01 00:00:00+00:00,27.066826,35.210556,19.3095
2044-01-02 00:00:00+00:00,26.823359,34.77074,21.213037
2044-01-03 00:00:00+00:00,27.423101,34.974316,20.459614
2044-01-04 00:00:00+00:00,26.972841,35.677887,18.656195
2044-01-05 00:00:00+00:00,26.722582,34.531452,20.002773
2044-01-06 00:00:00+00:00,24.322327,30.485023,18.149355
2044-01-07 00:00:00+00:00,23.722065,29.938599,18.945934
2044-01-08 00:00:00+00:00,22.771809,29.192165,18.192513
2044-01-09 00:00:00+00:00,22.571548,29.495735,16.939095
2044-01-10 00:00:00+00:00,22.871292,28.999306,18.485672
2044-01-11 00:00:00+00:00,21.921032,28.852877,16.932253
2044-01-12 00:00:00+00:00,22.120773,28.606447,14.27883
2044-01-13 00:00:00+00:00,24.170517,27.360018,22.07541
2044-01-14 00:00:00+00:00,25.620256,31.263588,20.521994
2044-01-15 00:00:00+00:00,28.27,35.167164,21.418571
2044-01-16 00:00:00+00:00,29.41974,36.720726,23.165152
2044-01-17 00:00:00+00:00,29.519482,35.3743,25.661732
2044-01-18 00:00:00+00:00,28.719223,35.67787,22.90831
2044-01-19 00:00:00+00:00,28.218962,34.88144,23.20489
2044-01-20 00:00:00+00:00,25.618708,29.485016,21.95147
2044-01-21 00:00:00+00:00,25.468447,31.488586,20.698048
2044-01-22 00:00:00+00:00,24.71819,29.592155,20.844627
2044-01-23 00:00:00+00:00,26.717928,35.39572,17.391209
2044-01-24 00:00:00+00:00,27.117672,35.649296,19.337786
2044-01-25 00:00:00+00:00,29.617413,37.602867,22.184366
2044-01-26 00:00:00+00:00,29.867153,36.656433,23.680948
2044-01-27 00:00:00+00:00,30.0169,35.310005,24.627527
2044-01-28 00:00:00+00:00,28.116638,33.11358,22.824104
2044-01-29 00:00:00+00:00,27.46638,34.367146,21.170685
2044-01-30 00:00:00+00:00,26.56612,33.970722,19.717266
2044-01-31 00:00:00+00:00,28.71586,37.32429,19.863846
2044-02-01 00:00:00+00:00,29.965603,37.92786,22.210424
2044-02-02 00:00:00+00:00,29.115345,37.18143,21.607004
2044-02-03 00:00:00+00:00,30.815088,38.835,23.103584
2044-02-04 00:00:00+00:00,31.514832,39.08857,23.800163
2044-02-05 00:00:00+00:00,31.21457,37.39214,25.696743
2044-02-06 00:00:00+00:00,32.514313,41.045715,24.993324
2044-02-07 00:00:00+00:00,31.664053,40.699284,23.839901
2044-02-08 00:00:00+00:00,30.863792,40.302856,23.086481
2044-02-09 00:00:00+00:00,30.113535,40.456425,20.083061
2044-02-10 00:00:00+00:00,31.413279,41.559998,21.279638
2044-02-11 00:00:00+00:00,31.313019,40.713566,22.676222
2044-02-12 00:00:00+00:00,31.162764,40.717136,21.9728
2044-02-13 00:00:00+00:00,31.312502,40.02071,23.769379
2044-02-14 00:00:00+00:00,29.262245,38.674274,19.915962
2044-02-15 00:00:00+00:00,29.661985,37.87785,22.11254
2044-02-16 00:00:00+00:00,28.611727,35.081425,21.909119
2044-02-17 00:00:00+00:00,28.161469,35.284992,21.6057
2044-02-18 00:00:00+00:00,27.011211,34.23856,20.352276
2044-02-19 00:00:00+00:00,26.610952,34.14213,19.198858
2044-02-20 00:00:00+00:00,27.060694,34.045704,19.995436
2044-02-21 00:00:00+00:00,28.910437,37.199272,21.292019
2044-02-22 00:00:00+00:00,30.010176,38.45284,21.688597
2044-02-23 00:00:00+00:00,31.059916,40.306416,21.885178
2044-02-24 00:00:00+00:00,31.85966,41.309986,23.131758
2044-02-25 00:00:00+00:00,31.8094,41.313557,22.828335
2044-02-26 00:00:00+00:00,32.009144,40.867126,24.174915
2044-02-27 00:00:00+00:00,31.558884,40.570698,22.071495
2044-02-28 00:00:00+00:00,33.058624,41.12427,24.868074
2044-02-29 00:00:00+00:00,33.108364,41.127834,24.864655
2044-03-01 00:00:00+00:00,32.558105,39.63141,24.611235
2044-03-02 00:00:00+00:00,32.55785,38.534977,26.157814
2044-03-03 00:00:00+00:00,31.465601,37.546764,24.71086
2044-03-04 00:00:00+00:00,31.128155,38.16347,24.117785
2044-03-05 00:00:00+00:00,29.740711,36.28018,23.124716
2044-03-06 00:00:00+00:00,28.603268,35.196896,22.73164
2044-03-07 00:00:00+00:00,28.415825,35.163605,22.088568
2044-03-08 00:00:00+00:00,30.67838,39.08031,22.295494
2044-03-09 00:00:00+00:00,31.090939,38.69703,25.05242
2044-03-10 00:00:00+00:00,31.303492,38.813736,23.059347
2044-03-11 00:00:00+00:00,29.516048,36.980446,23.666275
2044-03-12 00:00:00+00:00,31.128605,38.547157,23.8232
2044-03-13 00:00:00+00:00,32.441162,40.913868,23.980127
2044-03-14 00:00:00+00:00,32.253716,40.23057,24.587053
2044-03-15 00:00:00+00:00,31.016272,39.397293,22.04398
2044-03-16 00:00:00+00:00,30.828829,39.464,22.500908
2044-03-17 00:00:00+00:00,31.191385,40.58071,21.457834
2044-03-18 00:00:00+00:00,32.55394,42.397423,22.91476
2044-03-19 00:00:00+00:00,31.516497,41.76413,21.72169
2044-03-20 00:00:00+00:00,31.479052,40.930843,21.678614
2044-03-21 00:00:00+00:00,31.49161,40.747555,21.63554
2044-03-22 00:00:00+00:00,31.704165,40.614265,22.642467
2044-03-23 00:00:00+00:00,31.916721,41.230976,22.849392
2044-03-24 00:00:00+00:00,32.279278,41.597683,23.256323
2044-03-25 00:00:00+00:00,32.14183,41.164394,23.813248
2044-03-26 00:00:00+00:00,31.80439,40.981106,22.120174
2044-03-27 00:00:00+00:00,31.566944,40.447815,21.777103
2044-03-28 00:00:00+00:00,30.529501,39.214527,21.434029
2044-03-29 00:00:00+00:00,31.442055,40.28124,22.340954
2044-03-30 00:00:00+00:00,33.25461,42.54795,23.29788
2044-03-31 00:00:00+00:00,33.367172,42.264656,23.654806
2044-04-01 00:00:00+00:00,33.579727,42.78137,23.611732
2044-04-02 00:00:00+00:00,34.442284,40.648083,28.01866
2044-04-03 00:00:00+00:00,35.204834,43.31479,26.825588
2044-04-04 00:00:00+00:00,36.117393,44.9815,26.632515
2044-04-05 00:00:00+00:00,34.97995,43.69821,25.98944
2044-04-06 00:00:00+00:00,32.592503,40.664925,23.996367
2044-04-07 00:00:00+00:00,32.30506,40.731636,23.153294
2044-04-08 00:00:00+00:00,34.267616,43.198345,24.360222
2044-04-09 00:00:00+00:00,36.030174,44.715057,26.467148
2044-04-10 00:00:00+00:00,37.142723,44.831764,29.874077
2044-04-11 00:00:00+00:00,34.555283,42.848473,26.381002
2044-04-12 00:00:00+00:00,34.91784,43.765186,26.037928
2044-04-13 00:00:00+00:00,33.930393,42.7819,24.944855
2044-04-14 00:00:00+00:00,34.392952,44.09861,24.45178
2044-04-15 00:00:00+00:00,33.855507,43.065323,24.908709
2044-04-16 00:00:00+00:00,34.018066,42.28203,25.015636
2044-04-17 00:00:00+00:00,34.180622,39.59874,27.87256
2044-04-18 00:00:00+00:00,34.643177,42.315445,26.529488
2044-04-19 00:00:00+00:00,36.805733,45.232155,28.886415
2044-04-20 00:00:00+00:00,34.468285,43.898872,24.493343
2044-04-21 00:00:00+00:00,33.930847,41.465584,26.750269
2044-04-22 00:00:00+00:00,32.1934,39.182293,25.707195
2044-04-23 00:00:00+00:00,31.955957,39.749004,23.514124
2044-04-24 00:00:00+00:00,33.268513,40.11571,24.871048
2044-04-25 00:00:00+00:00,33.68107,42.082424,25.377975
2044-04-26 00:00:00+00:00,35.493626,44.94913,25.434902
2044-04-27 00:00:00+00:00,37.20618,45.765842,28.591827
2044-04-28 00:00:00+00:00,35.91874,42.932556,27.598753
2044-04-29 00:00:00+00:00,33.681293,37.599262,29.705683
2044-04-30 00:00:00+00:00,33.59385,39.565983,26.81261
2044-05-01 00:00:00+00:00,34.256405,42.082687,26.319534
2044-05-02 00:00:00+00:00,36.218964,42.249397,30.226461
2044-05-03 00:00:00+00:00,35.44809,42.333237,27.859335
2044-05-04 00:00:00+00:00,35.716072,42.80613,27.58419
2044-05-05 00:00:00+00:00,34.884056,43.02901,26.10905
2044-05-06 00:00:00+00:00,34.152042,41.551895,26.233906
2044-05-07 00:00:00+00:00,33.170025,40.474785,24.608759
2044-05-08 00:00:00+00:00,33.088005,40.447666,24.783619
2044-05-09 00:00:00+00:00,32.255997,40.070553,24.108473
2044-05-10 00:00:00+00:00,33.823975,41.793434,24.783329
2044-05-11 00:00:00+00:00,34.191963,41.916325,25.658184
2044-05-12 00:00:00+00:00,33.65995,41.039207,25.083042
2044-05-13 00:00:00+00:00,33.62793,41.61209,24.657898
2044-05-14 00:00:00+00:00,32.49591,40.034977,24.632755
2044-05-15 00:00:00+00:00,30.8639,37.257866,23.907612
2044-05-16 00:00:00+00:00,30.881884,39.080746,22.532467
2044-05-17 00:00:00+00:00,30.69987,38.703632,22.257322
2044-05-18 00:00:00+00:00,30.917852,38.07652,24.032183
2044-05-19 00:00:00+00:00,31.035835,38.849403,23.057035
2044-05-20 00:00:00+00:00,31.553822,39.57229,23.28189
2044-05-21 00:00:00+00:00,32.221806,40.845173,23.45675
2044-05-22 00:00:00+00:00,32.039787,39.31806,25.431608
2044-05-23 00:00:00+00:00,31.957773,40.140945,23.556461
2044-05-24 00:00:00+00:00,31.12576,37.013832,24.081318
2044-05-25 00:00:00+00:00,32.093742,39.836716,23.956177
2044-05-26 00:00:00+00:00,36.611725,44.8096,25.681034
2044-05-27 00:00:00+00:00,37.42971,43.332485,31.255886
2044-05-28 00:00:00+00:00,34.647697,40.45537,28.880745
2044-05-29 00:00:00+00:00,34.865677,40.528255,28.6556
2044-05-30 00:00:00+00:00,36.583664,43.80114,29.580458
2044-05-31 00:00:00+00:00,37.951645,45.574028,28.455313
2044-06-01 00:00:00+00:00,38.519634,44.69691,32.880165
2044-06-02 00:00:00+00:00,33.937614,40.069798,27.855024
2044-06-03 00:00:00+00:00,34.0056,41.992683,25.729881
2044-06-04 00:00:00+00:00,34.12358,43.015568,25.254738
2044-06-05 00:00:00+00:00,33.39157,40.288452,25.77959
2044-06-06 00:00:00+00:00,32.959557,39.361336,26.10445
2044-06-07 00:00:00+00:00,33.22754,39.43423,27.529306
2044-06-08 00:00:00+00:00,32.74552,39.557106,25.404163
2044-06-09 00:00:00+00:00,32.663506,40.179993,24.779018
2044-06-10 00:00:00+00:00,33.23149,42.30288,24.953875
2044-06-11 00:00:00+00:00,32.149475,40.225765,24.228731
2044-06-12 00:00:00+00:00,30.86746,38.498653,23.103588
2044-06-13 00:00:00+00:00,31.585442,39.121536,23.428444
2044-06-14 00:00:00+00:00,31.703426,39.04442,23.6533
2044-06-15 00:00:00+00:00,32.72141,40.56731,24.728157
2044-06-16 00:00:00+00:00,32.7894,40.940193,24.953014
2044-06-17 00:00:00+00:00,33.10738,40.66308,25.92787
2044-06-18 00:00:00+00:00,34.575363,41.085964,28.002724
2044-06-19 00:00:00+00:00,32.243347,35.908848,27.527582
2044-06-20 00:00:00+00:00,33.26133,40.881737,26.752438
2044-06-21 00:00:00+00:00,30.679321,37.404617,24.727293
2044-06-22 00:00:00+00:00,28.9973,34.977505,23.502153
2044-06-23 00:00:00+00:00,28.665285,33.95039,23.877008
2044-06-24 00:00:00+00:00,28.533268,35.473274,21.801863
2044-06-25 00:00:00+00:00,29.051256,35.996155,21.82672
2044-06-26 00:00:00+00:00,29.369236,34.969048,23.401577
2044-06-27 00:00:00+00:00,31.13722,36.99193,24.726433
2044-06-28 00:00:00+00:00,32.40521,39.664818,25.451288
2044-06-29 00:00:00+00:00,31.223192,38.0377,24.676144
2044-06-30 00:00:00+00:00,31.291172,38.860584,23.801003
2044-07-01 00:00:00+00:00,32.809162,39.583473,26.07586
2044-07-02 00:00:00+00:00,33.177143,40.856358,26.400713
2044-07-03 00:00:00+00:00,31.448341,38.565716,24.533194
2044-07-04 00:00:00+00:00,31.820004,39.123142,23.96676
2044-07-05 00:00:00+00:00,29.941662,34.130566,26.250326
2044-07-06 00:00:00+00:00,31.363321,36.93799,26.433895
2044-07-07 00:00:00+00:00,33.63498,43.99542,24.967459
2044-07-08 00:00:00+00:00,32.00664,39.05284,24.90103
2044-07-09 00:00:00+00:00,31.3783,37.110268,26.884596
2044-07-10 00:00:00+00:00,30.99996,35.06769,26.818161
2044-07-11 00:00:00+00:00,31.271618,36.075123,26.201727
2044-07-12 00:00:00+00:00,31.24328,38.232544,25.085297
2044-07-13 00:00:00+00:00,32.564938,41.289974,22.468864
2044-07-14 00:00:00+00:00,25.786596,31.497398,24.70243
2044-07-15 00:00:00+00:00,27.358255,31.254822,23.685997
2044-07-16 00:00:00+00:00,27.079918,28.36225,25.419563
2044-07-17 00:00:00+00:00,28.751574,33.469677,24.603128
2044-07-18 00:00:00+00:00,30.573236,35.8771,26.386698
2044-07-19 00:00:00+00:00,29.894894,33.684525,26.470266
2044-07-20 00:00:00+00:00,30.066555,35.541954,25.60383
2044-07-21 00:00:00+00:00,30.838211,37.24938,25.0874
2044-07-22 00:00:00+00:00,30.909872,37.406803,25.120966
2044-07-23 00:00:00+00:00,26.381529,27.76423,25.604534
2044-07-24 00:00:00+00:00,29.05319,34.32166,23.9381
2044-07-25 00:00:00+00:00,30.824848,34.87908,26.721668
2044-07-26 00:00:00+00:00,32.14651,38.786507,27.105234
2044-07-27 00:00:00+00:00,33.71817,42.943935,26.6388
2044-07-28 00:00:00+00:00,30.739828,35.85136,26.672367
2044-07-29 00:00:00+00:00,27.511488,30.958782,25.955935
2044-07-30 00:00:00+00:00,29.333147,34.516212,24.6395
2044-07-31 00:00:00+00:00,31.154806,37.07364,25.623066
2044-08-01 00:00:00+00:00,33.476467,40.581062,28.006638
2044-08-02 00:00:00+00:00,30.098125,35.088486,26.540203
2044-08-03 00:00:00+00:00,30.369785,36.895912,24.77377
2044-08-04 00:00:00+00:00,30.641445,38.00334,24.65734
2044-08-05 00:00:00+00:00,29.513103,35.960766,23.840906
2044-08-06 00:00:00+00:00,29.584763,35.06819,24.174473
2044-08-07 00:00:00+00:00,30.256426,35.77562,25.00804
2044-08-08 00:00:00+00:00,29.97808,36.233044,24.491606
2044-08-09 00:00:00+00:00,31.39974,39.14047,23.825172
2044-08-10 00:00:00+00:00,32.0214,37.047894,26.90874
2044-08-11 00:00:00+00:00,31.593058,35.90532,27.342308
2044-08-12 00:00:00+00:00,25.514717,27.162748,24.175873
2044-08-13 00:00:00+00:00,28.886381,34.82017,24.209442
2044-08-14 00:00:00+00:00,30.35804,35.7276,25.443007
2044-08-15 00:00:00+00:00,31.229698,38.085026,25.726572
2044-08-16 00:00:00+00:00,31.601358,38.84245,24.360142
2044-08-17 00:00:00+00:00,31.373014,37.549877,26.293709
2044-08-18 00:00:00+00:00,29.594677,36.3573,24.977276
2044-08-19 00:00:00+00:00,28.766335,32.814724,25.510843
2044-08-20 00:00:00+00:00,30.687996,35.372154,26.794409
2044-08-21 00:00:00+00:00,30.809654,37.629578,25.027977
2044-08-22 00:00:00+00:00,31.631313,39.487003,25.311546
2044-08-23 00:00:00+00:00,29.802975,35.194427,25.645111
2044-08-24 00:00:00+00:00,30.42463,35.95186,25.178679
2044-08-25 00:00:00+00:00,25.99629,28.409286,22.412245
2044-08-26 00:00:00+00:00,23.917953,26.516705,22.195812
2044-08-27 00:00:00+00:00,26.63961,30.674133,22.929377
2044-08-28 00:00:00+00:00,28.76127,34.231556,24.512947
2044-08-29 00:00:00+00:00,28.332928,32.43898,24.146511
2044-08-30 00:00:00+00:00,29.104591,33.346413,25.08008
2044-08-31 00:00:00+00:00,29.626245,35.303833,25.563648
2044-09-01 00:00:00+00:00,28.997906,34.411263,24.547215
2044-09-02 00:00:00+00:00,29.032639,33.143867,25.774788
2044-09-03 00:00:00+00:00,29.317377,33.226482,26.00236
2044-09-04 00:00:00+00:00,30.252111,34.909084,25.829933
2044-09-05 00:00:00+00:00,27.986853,30.791698,26.707506
2044-09-06 00:00:00+00:00,29.371584,35.024307,23.985073
2044-09-07 00:00:00+00:00,31.156319,36.35692,25.212648
2044-09-08 00:00:00+00:00,30.641056,37.589527,25.840221
2044-09-09 00:00:00+00:00,31.275787,37.37214,25.367794
2044-09-10 00:00:00+00:00,30.310528,37.154747,25.695366
2044-09-11 00:00:00+00:00,33.04526,41.037354,26.87294
2044-09-12 00:00:00+00:00,31.129997,37.219967,25.800512
2044-09-13 00:00:00+00:00,23.814734,26.452574,23.478085
2044-09-14 00:00:00+00:00,24.599468,25.535181,24.055656
2044-09-15 00:00:00+00:00,26.034204,28.267792,24.083227
2044-09-16 00:00:00+00:00,27.418938,31.900398,23.810802
2044-09-17 00:00:00+00:00,27.953674,29.48301,26.088373
2044-09-18 00:00:00+00:00,28.588411,30.965618,26.565945
2044-09-19 00:00:00+00:00,25.173147,27.39823,22.593517
2044-09-20 00:00:00+00:00,27.757883,33.630833,24.521093
2044-09-21 00:00:00+00:00,27.592617,30.663445,24.748665
2044-09-22 00:00:00+00:00,26.277353,27.396057,25.276237
2044-09-23 00:00:00+00:00,26.412086,29.128666,23.503809
2044-09-24 00:00:00+00:00,28.496822,31.811275,25.381382
2044-09-25 00:00:00+00:00,30.781555,36.043884,27.008953
2044-09-26 00:00:00+00:00,31.816296,37.926495,26.686527
2044-09-27 00:00:00+00:00,31.30103,36.659103,26.5141
2044-09-28 00:00:00+00:00,30.535767,36.641712,26.19167
2044-09-29 00:00:00+00:00,31.320503,39.674316,24.919245
2044-09-30 00:00:00+00:00,30.205236,34.406933,26.696817
2044-10-01 00:00:00+00:00,30.189972,34.73954,26.674387
2044-10-02 00:00:00+00:00,29.924707,34.472145,26.05196
2044-10-03 00:00:00+00:00,32.85944,39.85476,26.979532
2044-10-04 00:00:00+00:00,33.694183,41.337364,26.807108
2044-10-05 00:00:00+00:00,31.828915,36.519978,27.734678
2044-10-06 00:00:00+00:00,30.11365,33.552586,28.062248
2044-10-07 00:00:00+00:00,31.248383,35.235195,27.289824
2044-10-08 00:00:00+00:00,32.38312,38.4178,28.667397
2044-10-09 00:00:00+00:00,32.11786,41.300415,26.344967
2044-10-10 00:00:00+00:00,31.25259,38.73302,23.922539
2044-10-11 00:00:00+00:00,30.837326,34.515633,28.350117
2044-10-12 00:00:00+00:00,30.972065,36.34824,26.527687
2044-10-13 00:00:00+00:00,30.606796,36.530853,24.95526
2044-10-14 00:00:00+00:00,31.091534,37.313457,24.88283
2044-10-15 00:00:00+00:00,32.726265,38.59607,27.660402
2044-10-16 00:00:00+00:00,30.961004,34.378677,26.687973
2044-10-17 00:00:00+00:00,32.39574,39.461285,25.765549
2044-10-18 00:00:00+00:00,33.230476,40.043896,27.893122
2044-10-19 00:00:00+00:00,31.21521,40.126503,22.920692
2044-10-20 00:00:00+00:00,31.549948,39.10911,24.098267
2044-10-21 00:00:00+00:00,31.48468,37.691723,26.87584
2044-10-22 00:00:00+00:00,30.719418,37.774334,24.75341
2044-10-23 00:00:00+00:00,31.154154,40.956944,22.980984
2044-10-24 00:00:00+00:00,29.488888,38.53955,21.908556
2044-10-25 00:00:00+00:00,30.573624,37.82216,24.48613
2044-10-26 00:00:00+00:00,30.858358,38.60477,23.7137
2044-10-27 00:00:00+00:00,30.243095,36.58738,24.391273
2044-10-28 00:00:00+00:00,30.77783,40.21999,22.768845
2044-10-29 00:00:00+00:00,31.362568,39.7526,23.196419
2044-10-30 00:00:00+00:00,30.147303,39.28521,21.223991
2044-10-31 00:00:00+00:00,28.882034,37.517815,20.051561
2044-11-01 00:00:00+00:00,30.664095,38.94845,23.327002
2044-11-02 00:00:00+00:00,29.577417,38.66525,21.6875
2044-11-03 00:00:00+00:00,27.690742,36.482044,18.947998
2044-11-04 00:00:00+00:00,28.704063,37.298843,20.158493
2044-11-05 00:00:00+00:00,28.317389,36.865643,19.818989
2044-11-06 00:00:00+00:00,28.530712,37.23244,19.779491
2044-11-07 00:00:00+00:00,29.194036,38.649242,19.539988
2044-11-08 00:00:00+00:00,30.307358,38.566036,22.900486
2044-11-09 00:00:00+00:00,29.270683,36.782837,22.910982
2044-11-10 00:00:00+00:00,27.784004,35.849636,20.421484
2044-11-11 00:00:00+00:00,28.297329,36.266438,21.381979
2044-11-12 00:00:00+00:00,28.660652,36.68323,22.092476
2044-11-13 00:00:00+00:00,28.273977,36.60003,21.202976
2044-11-14 00:00:00+00:00,27.787298,35.46683,20.613472
2044-11-15 00:00:00+00:00,28.300625,36.933628,19.873972
2044-11-16 00:00:00+00:00,27.663946,35.85043,19.83447
2044-11-17 00:00:00+00:00,27.62727,36.367226,19.494967
2044-11-18 00:00:00+00:00,26.640593,34.284023,18.755465
2044-11-19 00:00:00+00:00,27.203918,35.85082,18.515963
2044-11-20 00:00:00+00:00,27.367239,35.91762,18.97646
2044-11-21 00:00:00+00:00,28.230564,37.23442,19.436958
2044-11-22 00:00:00+00:00,28.843884,37.65122,20.697456
2044-11-23 00:00:00+00:00,28.957209,35.718018,23.607954
2044-11-24 00:00:00+00:00,27.82053,35.284817,21.418451
2044-11-25 00:00:00+00:00,25.833855,29.801613,21.37895
2044-11-26 00:00:00+00:00,24.997177,29.718407,21.639448
2044-11-27 00:00:00+00:00,24.860504,30.53521,19.449945
2044-11-28 00:00:00+00:00,25.323826,29.852009,21.160442
2044-11-29 00:00:00+00:00,25.83715,30.81881,20.970943
2044-11-30 00:00:00+00:00,27.050472,33.13561,20.63144
2044-12-01 00:00:00+00:00,26.113796,31.35241,21.791937
2044-12-02 00:00:00+00:00,25.07712,31.9692,18.302435
2044-12-03 00:00:00+00:00,25.190443,31.936,19.512932
2044-12-04 00:00:00+00:00,25.103765,33.1528,16.52343
2044-12-05 00:00:00+00:00,26.867088,35.419598,18.88393
2044-12-06 00:00:00+00:00,26.830412,33.486393,21.944426
2044-12-07 00:00:00+00:00,25.743734,33.603195,19.304924
2044-12-08 00:00:00+00:00,25.607058,34.61999,17.765423
2044-12-09 00:00:00+00:00,26.320381,35.186787,18.82592
2044-12-10 00:00:00+00:00,26.133705,34.903587,18.536417
2044-12-11 00:00:00+00:00,25.19703,34.520393,16.746916
2044-12-12 00:00:00+00:00,26.41035,35.187187,19.057415
2044-12-13 00:00:00+00:00,26.573677,35.103985,19.367912
2044-12-14 00:00:00+00:00,25.936998,34.520782,18.578407
2044-12-15 00:00:00+00:00,25.100323,33.93758,17.038908
2044-12-16 00:00:00+00:00,25.113646,34.00438,16.699406
2044-12-17 00:00:00+00:00,24.526968,31.621181,18.409904
2044-12-18 00:00:00+00:00,25.940292,34.087975,19.320402
2044-12-19 00:00:00+00:00,25.753614,33.804775,19.280897
2044-12-20 00:00:00+00:00,24.466938,32.821575,17.291397
2044-12-21 00:00:00+00:00,24.830261,33.988373,16.501894
2044-12-22 00:00:00+00:00,26.643587,34.455173,19.76239
2044-12-23 00:00:00+00:00,24.80691,31.671967,20.67289
2044-12-24 00:00:00+00:00,24.720232,33.53877,17.033388
2044-12-25 00:00:00+00:00,25.183556,34.25557,16.393885
2044-12-26 00:00:00+00:00,25.59688,34.522366,17.404385
2044-12-27 00:00:00+00:00,26.210203,34.839165,18.56488
2044-12-28 00:00:00+00:00,26.673527,34.055965,18.87538
2044-12-29 00:00:00+00:00,25.236849,29.622757,20.835876
2044-12-30 00:00:00+00:00,23.400175,31.23956,17.946377
2044-12-31 00:00:00+00:00,23.413496,32.35636,15.106872
2045-01-01 00:00:00+00:00,24.323423,33.569843,15.913891
2045-01-02 00:00:00+00:00,25.023167,34.17342,17.16047
2045-01-03 00:00:00+00:00,24.872904,33.42699,17.65705
2045-01-04 00:00:00+00:00,23.722647,32.430565,16.40363
2045-01-05 00:00:00+00:00,24.57239,34.08413,15.450208
2045-01-06 00:00:00+00:00,26.522133,35.937702,17.69679
2045-01-07 00:00:00+00:00,27.321873,36.54127,18.79337
2045-01-08 00:00:00+00:00,27.621613,35.79484,19.88995
2045-01-09 00:00:00+00:00,28.121353,36.898415,19.286528
2045-01-10 00:00:00+00:00,27.821098,35.601982,19.683107
2045-01-11 00:00:00+00:00,28.920841,36.555557,23.329687
2045-01-12 00:00:00+00:00,27.52058,35.859123,20.626266
2045-01-13 00:00:00+00:00,27.270323,35.012695,20.572845
2045-01-14 00:00:00+00:00,27.770065,35.166267,21.219425
2045-01-15 00:00:00+00:00,27.869806,37.069836,18.916006
2045-01-16 00:00:00+00:00,28.619545,36.473408,21.212585
2045-01-17 00:00:00+00:00,28.319288,35.57698,22.559164
2045-01-18 00:00:00+00:00,27.819029,34.43055,22.305744
2045-01-19 00:00:00+00:00,26.31877,31.834122,21.152327
2045-01-20 00:00:00+00:00,24.018515,32.48769,16.048903
2045-01-21 00:00:00+00:00,23.918253,32.191265,15.795482
2045-01-22 00:00:00+00:00,23.817995,29.69483,16.692062
2045-01-23 00:00:00+00:00,28.667738,36.248405,20.738644
2045-01-24 00:00:00+00:00,26.71748,34.15197,21.035223
2045-01-25 00:00:00+00:00,27.967218,34.90554,21.781803
2045-01-26 00:00:00+00:00,28.066963,34.90911,22.028381
2045-01-27 00:00:00+00:00,27.866701,36.212685,19.974962
2045-01-28 00:00:00+00:00,27.716444,35.766254,19.37154
2045-01-29 00:00:00+00:00,29.916187,37.319824,21.36812
2045-01-30 00:00:00+00:00,30.865925,37.423397,24.7147
2045-01-31 00:00:00+00:00,29.715668,37.27697,21.96128
2045-02-01 00:00:00+00:00,29.065413,34.33054,25.207859
2045-02-02 00:00:00+00:00,26.065153,32.434105,20.90444
2045-02-03 00:00:00+00:00,24.364893,31.987679,17.201017
2045-02-04 00:00:00+00:00,26.114634,33.741253,19.4476
2045-02-05 00:00:00+00:00,27.264378,35.04482,20.794176
2045-02-06 00:00:00+00:00,26.264118,32.64839,20.890757
2045-02-07 00:00:00+00:00,27.913858,34.301964,21.787336
2045-02-08 00:00:00+00:00,30.013601,35.95553,24.583918
2045-02-09 00:00:00+00:00,29.113342,34.809105,24.530495
2045-02-10 00:00:00+00:00,28.963085,34.612675,23.527075
2045-02-11 00:00:00+00:00,27.812828,31.966244,25.073656
2045-02-12 00:00:00+00:00,28.112564,36.569813,18.770233
2045-02-13 00:00:00+00:00,30.112307,37.373383,23.166817
2045-02-14 00:00:00+00:00,28.91205,35.976955,23.713396
2045-02-15 00:00:00+00:00,26.511791,32.730526,21.909975
2045-02-16 00:00:00+00:00,24.911533,32.3341,17.956554
2045-02-17 00:00:00+00:00,25.511276,32.937668,18.753134
2045-02-18 00:00:00+00:00,26.861017,34.991238,19.449713
2045-02-19 00:00:00+00:00,26.810755,34.54481,19.246292
2045-02-20 00:00:00+00:00,27.960499,37.09838,18.642872
2045-02-21 00:00:00+00:00,28.51024,36.70195,20.389452
2045-02-22 00:00:00+00:00,27.20998,35.105522,19.386032
2045-02-23 00:00:00+00:00,28.309725,37.20909,19.282612
2045-02-24 00:00:00+00:00,28.209465,36.112667,21.279192
2045-02-25 00:00:00+00:00,26.509209,31.266232,22.525772
2045-02-26 00:00:00+00:00,27.308949,34.869804,20.17235
2045-02-27 00:00:00+00:00,27.208689,34.623375,20.56893
2045-02-28 00:00:00+00:00,27.208431,34.676945,19.81551
2045-03-01 00:00:00+00:00,29.20817,35.28051,24.312088
2045-03-02 00:00:00+00:00,29.257915,36.484085,21.758669
2045-03-03 00:00:00+00:00,32.06246,39.342587,24.309128
2045-03-04 00:00:00+00:00,32.525017,37.209293,26.266056
2045-03-05 00:00:00+00:00,33.43757,37.076004,28.92298
2045-03-06 00:00:00+00:00,33.10013,40.842716,25.129908
2045-03-07 00:00:00+00:00,33.212685,40.159428,26.136837
2045-03-08 00:00:00+00:00,33.725243,40.17614,26.393763
2045-03-09 00:00:00+00:00,32.887794,40.84285,24.15069
2045-03-10 00:00:00+00:00,32.75035,40.109554,25.307615
2045-03-11 00:00:00+00:00,32.66291,39.22627,27.164541
2045-03-12 00:00:00+00:00,30.925465,37.59298,24.92147
2045-03-13 00:00:00+00:00,29.438023,37.359688,21.428396
2045-03-14 00:00:00+00:00,30.950579,39.7764,22.835323
2045-03-15 00:00:00+00:00,32.363136,40.643112,24.69225
2045-03-16 00:00:00+00:00,32.92569,40.459824,25.999174
2045-03-17 00:00:00+00:00,31.888247,40.076534,24.306099
2045-03-18 00:00:00+00:00,31.5508,40.343246,23.163029
2045-03-19 00:00:00+00:00,32.01336,40.80995,23.919954
2045-03-20 00:00:00+00:00,31.525913,40.976665,21.626883
2045-03-21 00:00:00+00:00,30.78847,39.893375,19.933807
2045-03-22 00:00:00+00:00,32.051025,39.060085,22.540735
2045-03-23 00:00:00+00:00,34.01358,40.326797,27.44766
2045-03-24 00:00:00+00:00,33.47614,40.89351,25.904589
2045-03-25 00:00:00+00:00,33.488693,41.71022,24.961515
2045-03-26 00:00:00+00:00,35.45125,44.326927,26.068441
2045-03-27 00:00:00+00:00,35.913803,44.14364,27.57537
2045-03-28 00:00:00+00:00,34.02636,41.26035,26.732296
2045-03-29 00:00:00+00:00,33.28892,40.627064,25.989222
2045-03-30 00:00:00+00:00,34.751472,44.393772,24.146147
2045-03-31 00:00:00+00:00,36.11403,44.610485,27.603073
2045-04-01 00:00:00+00:00,35.626587,44.927193,26.76
2045-04-02 00:00:00+00:00,34.13914,44.1439,24.366928
2045-04-03 00:00:00+00:00,34.7017,43.21061,25.873856
2045-04-04 00:00:00+00:00,32.864254,40.377323,25.480783
2045-04-05 00:00:00+00:00,34.02681,43.944035,23.63771
2045-04-06 00:00:00+00:00,36.839363,45.760746,28.444635
2045-04-07 00:00:00+00:00,34.001923,40.92746,27.501562
2045-04-08 00:00:00+00:00,33.814476,41.39416,26.60849
2045-04-09 00:00:00+00:00,33.827034,42.660877,25.265417
2045-04-10 00:00:00+00:00,33.839584,42.777588,24.772343
2045-04-11 00:00:00+00:00,33.202145,41.294296,25.12927
2045-04-12 00:00:00+00:00,33.314705,40.711002,25.136198
2045-04-13 00:00:00+00:00,34.927258,41.62772,27.493122
2045-04-14 00:00:00+00:00,33.289814,39.04443,27.40005
2045-04-15 00:00:00+00:00,35.052372,41.41114,28.356976
2045-04-16 00:00:00+00:00,34.914925,41.82785,26.963903
2045-04-17 00:00:00+00:00,35.527485,42.94456,27.67083
2045-04-18 00:00:00+00:00,34.740036,42.161274,27.077757
2045-04-19 00:00:00+00:00,34.252594,43.32798,24.334684
2045-04-20 00:00:00+00:00,34.51515,44.444695,23.791609
2045-04-21 00:00:00+00:00,34.12771,44.1114,23.548532
2045-04-22 00:00:00+00:00,34.29026,41.72812,26.655464
2045-04-23 00:00:00+00:00,33.902817,41.644825,25.51239
2045-04-24 00:00:00+00:00,35.315372,44.361534,25.619318
2045-04-25 00:00:00+00:00,35.62793,45.178246,25.576242
2045-04-26 00:00:00+00:00,32.790485,40.494957,24.733171
2045-04-27 00:00:00+00:00,30.25304,37.06167,22.740097
2045-04-28 00:00:00+00:00,29.265596,35.028378,22.547024
2045-04-29 00:00:00+00:00,28.678152,32.745083,25.853949
2045-04-30 00:00:00+00:00,31.940708,38.961796,24.410877
2045-05-01 00:00:00+00:00,33.653263,41.22851,24.867804
2045-05-02 00:00:00+00:00,35.515823,42.095215,27.47473
2045-05-03 00:00:00+00:00,35.706093,39.190018,31.815622
2045-05-04 00:00:00+00:00,34.02408,38.662907,30.540478
2045-05-05 00:00:00+00:00,33.442062,40.33579,26.165335
2045-05-06 00:00:00+00:00,34.710045,41.458668,27.040192
2045-05-07 00:00:00+00:00,34.87803,42.73156,25.765045
2045-05-08 00:00:00+00:00,34.69601,43.154446,25.439903
2045-05-09 00:00:00+00:00,34.064,42.777332,25.064758
2045-05-10 00:00:00+00:00,32.931976,42.350216,23.839617
2045-05-11 00:00:00+00:00,31.099966,39.323097,22.964472
2045-05-12 00:00:00+00:00,29.86795,36.745987,23.139328
2045-05-13 00:00:00+00:00,29.985935,37.46887,22.214186
2045-05-14 00:00:00+00:00,31.65392,39.941757,22.38904
2045-05-15 00:00:00+00:00,32.0719,40.764645,22.813896
2045-05-16 00:00:00+00:00,33.789886,42.73753,23.988754
2045-05-17 00:00:00+00:00,34.15787,41.66041,25.11361
2045-05-18 00:00:00+00:00,33.925858,38.7333,29.038464
2045-05-19 00:00:00+00:00,34.54384,41.00618,27.363323
2045-05-20 00:00:00+00:00,36.961826,42.92907,30.03818
2045-05-21 00:00:00+00:00,37.329807,43.25195,30.863035
2045-05-22 00:00:00+00:00,36.897797,44.37484,30.437893
2045-05-23 00:00:00+00:00,37.015778,45.647724,28.412748
2045-05-24 00:00:00+00:00,34.43376,41.72061,26.637604
2045-05-25 00:00:00+00:00,33.301743,36.89349,30.162462
2045-05-26 00:00:00+00:00,32.76973,37.866375,27.187317
2045-05-27 00:00:00+00:00,34.987717,44.389263,26.01217
2045-05-28 00:00:00+00:00,33.0057,40.412155,24.737028
2045-05-29 00:00:00+00:00,33.673683,38.28503,27.411888
2045-05-30 00:00:00+00:00,30.691666,32.207916,28.536743
2045-05-31 00:00:00+00:00,31.55965,34.230804,27.9616
2045-06-01 00:00:00+00:00,32.977634,39.303696,26.586452
2045-06-02 00:00:00+00:00,33.945618,40.776577,26.111311
2045-06-03 00:00:00+00:00,33.013607,36.69946,28.586166
2045-06-04 00:00:00+00:00,33.781586,38.122345,28.661024
2045-06-05 00:00:00+00:00,34.049572,39.945236,28.335878
2045-06-06 00:00:00+00:00,32.71756,39.718117,25.810738
2045-06-07 00:00:00+00:00,32.835545,40.190998,25.285591
2045-06-08 00:00:00+00:00,32.753525,38.813885,26.31045
2045-06-09 00:00:00+00:00,33.62151,38.786774,28.035303
2045-06-10 00:00:00+00:00,33.139492,38.70966,27.610163
2045-06-11 00:00:00+00:00,34.55748,43.98254,25.985016
2045-06-12 00:00:00+00:00,32.975464,39.855427,25.659876
2045-06-13 00:00:00+00:00,32.643448,37.228317,28.534729
2045-06-14 00:00:00+00:00,34.21143,40.9012,27.709587
2045-06-15 00:00:00+00:00,33.429417,42.924084,24.834444
2045-06-16 00:00:00+00:00,33.1974,39.74697,26.4093
2045-06-17 00:00:00+00:00,32.565384,39.019855,26.534155
2045-06-18 00:00:00+00:00,31.78337,38.19274,26.409014
2045-06-19 00:00:00+00:00,32.651352,39.915623,25.183868
2045-06-20 00:00:00+00:00,32.91934,40.038513,25.908724
2045-06-21 00:00:00+00:00,32.23732,37.711395,26.93358
2045-06-22 00:00:00+00:00,30.255304,33.63428,26.308435
2045-06-23 00:00:00+00:00,33.92329,40.25717,27.033295
2045-06-24 00:00:00+00:00,34.141273,40.530052,27.55815
2045-06-25 00:00:00+00:00,32.70926,39.752937,26.133003
2045-06-26 00:00:00+00:00,31.577242,37.52582,26.657864
2045-06-27 00:00:00+00:00,31.595226,38.89871,24.532719
2045-06-28 00:00:00+00:00,32.613213,39.621593,25.657574
2045-06-29 00:00:00+00:00,32.6812,38.844482,27.282433
2045-06-30 00:00:00+00:00,32.69918,38.867363,26.857286
2045-07-01 00:00:00+00:00,32.467163,39.640247,25.282145
2045-07-02 00:00:00+00:00,32.03515,37.46314,26.057
2045-07-03 00:00:00+00:00,32.505432,36.97636,27.7873
2045-07-04 00:00:00+00:00,32.177086,37.63378,26.120869
2045-07-05 00:00:00+00:00,32.548748,39.24121,25.854437
2045-07-06 00:00:00+00:00,33.620407,42.748634,24.488
2045-07-07 00:00:00+00:00,32.19207,37.45606,27.171568
2045-07-08 00:00:00+00:00,32.513725,38.96349,26.255135
2045-07-09 00:00:00+00:00,31.485386,37.370914,26.7387
2045-07-10 00:00:00+00:00,31.957045,37.728336,27.92227
2045-07-11 00:00:00+00:00,31.828705,38.735764,25.005838
2045-07-12 00:00:00+00:00,33.850365,38.943188,28.739405
2045-07-13 00:00:00+00:00,32.972023,37.550617,28.672968
2045-07-14 00:00:00+00:00,31.39368,36.50804,26.95654
2045-07-15 00:00:00+00:00,30.965343,38.165466,23.940105
2045-07-16 00:00:00+00:00,32.487,40.772892,23.773674
2045-07-17 00:00:00+00:00,32.50866,39.88032,25.407238
2045-07-18 00:00:00+00:00,32.03032,37.937748,26.790806
2045-07-19 00:00:00+00:00,32.251976,39.045174,26.674374
2045-07-20 00:00:00+00:00,31.323639,37.7026,25.157942
2045-07-21 00:00:00+00:00,31.7453,37.01002,26.191507
2045-07-22 00:00:00+00:00,27.216955,29.16745,24.625072
2045-07-23 00:00:00+00:00,28.088617,30.024872,26.658642
2045-07-24 00:00:00+00:00,30.010273,34.7323,25.89221
2045-07-25 00:00:00+00:00,30.631937,35.889725,25.675776
2045-07-26 00:00:00+00:00,31.153597,36.54715,26.459341
2045-07-27 00:00:00+00:00,24.125256,25.954578,23.39291
2045-07-28 00:00:00+00:00,26.396912,29.312004,24.326477
2045-07-29 00:00:00+00:00,28.268574,33.169434,24.110043
2045-07-30 00:00:00+00:00,28.54023,33.176853,25.493612
2045-07-31 00:00:00+00:00,29.36189,34.234283,25.377178
2045-08-01 00:00:00+00:00,29.283548,33.391705,25.810745
2045-08-02 00:00:00+00:00,29.855211,33.84913,26.544312
2045-08-03 00:00:00+00:00,28.726871,30.756554,26.87788
2045-08-04 00:00:00+00:00,28.59853,30.163982,27.011446
2045-08-05 00:00:00+00:00,30.520187,34.52141,27.04501
2045-08-06 00:00:00+00:00,31.191849,34.828835,28.52858
2045-08-07 00:00:00+00:00,31.113508,35.736263,27.362146
2045-08-08 00:00:00+00:00,30.935165,35.043686,27.495712
2045-08-09 00:00:00+00:00,31.20683,36.15111,26.77928
2045-08-10 00:00:00+00:00,30.928488,35.30854,28.412848
2045-08-11 00:00:00+00:00,30.350143,36.065964,25.796415
2045-08-12 00:00:00+00:00,31.121807,39.923386,24.529982
2045-08-13 00:00:00+00:00,31.243464,39.830814,24.66355
2045-08-14 00:00:00+00:00,30.765121,37.138245,25.697117
2045-08-15 00:00:00+00:00,29.986782,35.34567,25.280685
2045-08-16 00:00:00+00:00,28.90844,33.853092,26.614248
2045-08-17 00:00:00+00:00,28.780104,32.110516,24.547817
2045-08-18 00:00:00+00:00,26.70176,29.717949,24.931381
2045-08-19 00:00:00+00:00,26.67342,30.175373,24.014952
2045-08-20 00:00:00+00:00,30.145082,34.982796,25.248516
2045-08-21 00:00:00+00:00,31.916739,38.29022,25.382088
2045-08-22 00:00:00+00:00,33.238396,39.747643,26.515652
2045-08-23 00:00:00+00:00,32.860058,40.455074,27.699219
2045-08-24 00:00:00+00:00,33.531715,39.6125,28.13279
2045-08-25 00:00:00+00:00,29.853378,34.769924,25.916353
2045-08-26 00:00:00+00:00,27.975035,31.677353,25.04992
2045-08-27 00:00:00+00:00,30.1967,34.684776,25.88349
2045-08-28 00:00:00+00:00,31.718353,37.692204,25.567057
2045-08-29 00:00:00+00:00,29.190016,34.149628,25.40062
2045-08-30 00:00:00+00:00,27.911673,32.457058,24.534187
2045-08-31 00:00:00+00:00,28.583332,33.764477,24.867756
2045-09-01 00:00:00+00:00,24.904993,25.271908,24.851322
2045-09-02 00:00:00+00:00,27.32396,29.435722,25.317896
2045-09-03 00:00:00+00:00,29.158695,32.71833,26.145466
2045-09-04 00:00:00+00:00,32.143433,38.800938,27.12304
2045-09-05 00:00:00+00:00,32.128166,36.83355,28.900612
2045-09-06 00:00:00+00:00,27.762901,30.51616,25.678183
2045-09-07 00:00:00+00:00,29.247639,33.49876,25.605757
2045-09-08 00:00:00+00:00,32.03237,38.481377,27.583326
2045-09-09 00:00:00+00:00,32.81711,38.56398,27.560902
2045-09-10 00:00:00+00:00,29.601843,33.196594,26.988474
2045-09-11 00:00:00+00:00,28.93658,32.8292,26.316046
2045-09-12 00:00:00+00:00,29.521313,34.511814,24.943617
2045-09-13 00:00:00+00:00,32.05605,37.244423,27.721191
2045-09-14 00:00:00+00:00,30.040785,36.177032,25.098766
2045-09-15 00:00:00+00:00,29.02552,34.70964,23.526337
2045-09-16 00:00:00+00:00,29.860256,34.542248,24.90391
2045-09-17 00:00:00+00:00,27.79499,29.874863,26.381481
2045-09-18 00:00:00+00:00,29.87973,36.15747,25.509052
2045-09-19 00:00:00+00:00,30.81446,39.790077,23.686625
2045-09-20 00:00:00+00:00,30.849194,34.772686,26.7142
2045-09-21 00:00:00+00:00,31.233934,35.905296,26.94177
2045-09-22 00:00:00+00:00,30.418667,36.8879,25.319344
2045-09-23 00:00:00+00:00,30.003405,35.720516,24.446915
2045-09-24 00:00:00+00:00,32.638138,39.05312,27.524488
2045-09-25 00:00:00+00:00,32.62288,39.83573,26.552061
2045-09-26 00:00:00+00:00,30.75761,34.76834,26.979631
2045-09-27 00:00:00+00:00,31.592346,36.600952,26.807205
2045-09-28 00:00:00+00:00,32.92708,37.433556,27.73478
2045-09-29 00:00:00+00:00,29.461817,34.266174,25.962349
2045-09-30 00:00:00+00:00,31.946552,39.648777,25.339924
2045-10-01 00:00:00+00:00,30.131289,34.681385,26.767496
2045-10-02 00:00:00+00:00,31.166023,38.463997,25.59507
2045-10-03 00:00:00+00:00,30.60076,38.19661,23.62264
2045-10-04 00:00:00+00:00,30.835493,36.829212,24.850212
2045-10-05 00:00:00+00:00,31.920229,39.361828,25.627787
2045-10-06 00:00:00+00:00,33.154964,41.344433,25.005358
2045-10-07 00:00:00+00:00,32.239697,38.527042,25.23293
2045-10-08 00:00:00+00:00,32.624435,38.459652,27.960505
2045-10-09 00:00:00+00:00,32.45917,38.74226,26.538076
2045-10-10 00:00:00+00:00,32.44391,38.274868,26.615646
2045-10-11 00:00:00+00:00,31.978642,37.00748,26.84322
2045-10-12 00:00:00+00:00,31.563377,36.79009,26.770794
2045-10-13 00:00:00+00:00,31.398111,37.622696,25.398367
2045-10-14 00:00:00+00:00,31.13285,35.905308,26.075937
2045-10-15 00:00:00+00:00,32.367584,38.787918,25.60351
2045-10-16 00:00:00+00:00,33.452324,39.070526,26.781084
2045-10-17 00:00:00+00:00,32.287056,40.103138,25.958656
2045-10-18 00:00:00+00:00,31.671793,36.885746,26.786228
2045-10-19 00:00:00+00:00,31.806528,39.11835,27.0138
2045-10-20 00:00:00+00:00,31.541264,41.600964,21.241375
2045-10-21 00:00:00+00:00,30.326,38.38357,23.618946
2045-10-22 00:00:00+00:00,29.760735,37.36618,22.346518
2045-10-23 00:00:00+00:00,30.445469,38.048794,22.77409
2045-10-24 00:00:00+00:00,31.180206,38.6814,23.85166
2045-10-25 00:00:00+00:00,31.41494,39.91401,23.179234
2045-10-26 00:00:00+00:00,30.699677,37.54662,23.706806
2045-10-27 00:00:00+00:00,30.18441,36.77923,23.984379
2045-10-28 00:00:00+00:00,29.869146,35.911835,23.71195
2045-10-29 00:00:00+00:00,29.603882,35.494446,23.689524
2045-10-30 00:00:00+00:00,29.488615,34.777058,23.867098
2045-10-31 00:00:00+00:00,30.773354,35.009663,26.34467
2045-11-01 00:00:00+00:00,33.058086,38.49227,27.372242
2045-11-02 00:00:00+00:00,30.424088,32.21105,28.184875
2045-11-03 00:00:00+00:00,32.03741,36.87785,27.395372
2045-11-04 00:00:00+00:00,33.150734,40.244644,26.205872
2045-11-05 00:00:00+00:00,32.86406,39.411446,26.766369
2045-11-06 00:00:00+00:00,31.277382,38.278244,23.826866
2045-11-07 00:00:00+00:00,31.240707,39.34504,22.537363
2045-11-08 00:00:00+00:00,31.904028,40.01184,23.797861
2045-11-09 00:00:00+00:00,32.41735,40.52864,24.70836
2045-11-10 00:00:00+00:00,32.330677,39.99544,24.518858
2045-11-11 00:00:00+00:00,31.344,38.462234,23.429356
2045-11-12 00:00:00+00:00,30.407322,37.67903,23.339853
2045-11-13 00:00:00+00:00,30.020643,37.94583,22.400352
2045-11-14 00:00:00+00:00,29.283968,38.71263,20.160849
2045-11-15 00:00:00+00:00,29.99729,38.87943,20.971346
2045-11-16 00:00:00+00:00,29.660616,36.546227,22.431845
2045-11-17 00:00:00+00:00,29.973938,37.763023,22.492342
2045-11-18 00:00:00+00:00,30.287258,37.87982,22.65284
2045-11-19 00:00:00+00:00,30.050585,37.146626,22.613338
2045-11-20 00:00:00+00:00,29.513908,35.713425,23.173838
2045-11-21 00:00:00+00:00,30.677233,37.08022,23.134335
2045-11-22 00:00:00+00:00,31.790556,38.797016,25.594831
2045-11-23 00:00:00+00:00,30.953878,39.063816,24.455328
2045-11-24 00:00:00+00:00,29.067202,37.830616,20.215826
2045-11-25 00:00:00+00:00,30.230526,38.097412,22.776325
2045-11-26 00:00:00+00:00,29.84385,38.16421,22.236824
2045-11-27 00:00:00+00:00,29.307173,37.731007,20.59732
2045-11-28 00:00:00+00:00,30.420494,38.897808,22.05782
2045-11-29 00:00:00+00:00,29.73382,37.264606,22.268316
2045-11-30 00:00:00+00:00,28.747143,34.031406,23.978815
2045-12-01 00:00:00+00:00,26.610466,34.648205,19.039312
2045-12-02 00:00:00+00:00,28.173786,37.215004,20.09981
2045-12-03 00:00:00+00:00,28.48711,35.931805,21.060307
2045-12-04 00:00:00+00:00,28.000433,33.7486,23.670807
2045-12-05 00:00:00+00:00,26.163757,33.615395,19.681307
2045-12-06 00:00:00+00:00,27.177082,33.982197,21.2418
2045-12-07 00:00:00+00:00,27.140404,33.048996,23.2023
2045-12-08 00:00:00+00:00,25.95373,31.665794,19.8128
2045-12-09 00:00:00+00:00,27.817049,32.832592,23.973295
2045-12-10 00:00:00+00:00,26.380377,29.399387,23.333794
2045-12-11 00:00:00+00:00,26.7937,32.766193,22.544292
2045-12-12 00:00:00+00:00,28.457022,34.78299,23.35479
2045-12-13 00:00:00+00:00,26.920345,31.849785,22.515287
2045-12-14 00:00:00+00:00,26.433668,30.916584,22.725784
2045-12-15 00:00:00+00:00,23.59699,26.88338,18.386284
2045-12-16 00:00:00+00:00,26.960316,32.750183,21.296782
2045-12-17 00:00:00+00:00,27.773636,33.86698,22.90728
2045-12-18 00:00:00+00:00,28.936962,35.683777,22.117777
2045-12-19 00:00:00+00:00,29.450283,37.050575,22.978273
2045-12-20 00:00:00+00:00,28.11361,36.967377,19.188772
2045-12-21 00:00:00+00:00,27.22693,34.83417,19.799269
2045-12-22 00:00:00+00:00,26.640257,30.700974,21.609766
2045-12-23 00:00:00+00:00,24.503578,26.667772,20.270266
2045-12-24 00:00:00+00:00,25.316902,32.03457,17.780764
2045-12-25 00:00:00+00:00,27.430225,32.901363,23.19126
2045-12-26 00:00:00+00:00,27.643547,32.868164,23.75176
2045-12-27 00:00:00+00:00,26.65687,31.684963,21.012259
2045-12-28 00:00:00+00:00,26.370195,32.05176,21.172754
2045-12-29 00:00:00+00:00,27.633516,32.668564,22.483253
2045-12-30 00:00:00+00:00,26.496843,31.035358,22.493752
2045-12-31 00:00:00+00:00,27.960163,34.80216,21.05425
2046-01-01 00:00:00+00:00,29.123487,35.718956,23.964746
2046-01-02 00:00:00+00:00,27.273232,33.722523,21.261328
2046-01-03 00:00:00+00:00,26.022974,32.4261,20.607906
2046-01-04 00:00:00+00:00,25.822712,32.92967,18.054487
2046-01-05 00:00:00+00:00,26.822454,34.68324,18.951065
2046-01-06 00:00:00+00:00,28.372194,36.936806,19.797647
2046-01-07 00:00:00+00:00,29.02194,37.79038,20.244223
2046-01-08 00:00:00+00:00,29.521679,38.293953,21.240803
2046-01-09 00:00:00+00:00,28.971418,37.09752,21.637383
2046-01-10 00:00:00+00:00,29.071161,37.401093,21.38396
2046-01-11 00:00:00+00:00,28.970903,36.904663,21.430542
2046-01-12 00:00:00+00:00,29.120646,36.158234,23.327122
2046-01-13 00:00:00+00:00,28.120386,30.711807,26.173702
2046-01-14 00:00:00+00:00,27.820127,32.11537,24.070282
2046-01-15 00:00:00+00:00,26.86987,31.368946,22.71686
2046-01-16 00:00:00+00:00,27.31961,36.422516,18.663443
2046-01-17 00:00:00+00:00,28.619349,37.72609,19.66002
2046-01-18 00:00:00+00:00,29.319094,38.17966,20.556599
2046-01-19 00:00:00+00:00,29.168835,38.633224,19.103176
2046-01-20 00:00:00+00:00,29.26858,37.236797,21.449759
2046-01-21 00:00:00+00:00,30.718317,38.340366,24.44634
2046-01-22 00:00:00+00:00,30.36806,38.693943,22.042917
2046-01-23 00:00:00+00:00,30.817802,39.447514,22.439497
2046-01-24 00:00:00+00:00,30.717543,39.10108,22.486078
2046-01-25 00:00:00+00:00,30.817286,39.35465,22.532658
2046-01-26 00:00:00+00:00,30.467026,39.50822,21.929235
2046-01-27 00:00:00+00:00,31.066767,41.01179,20.725817
2046-01-28 00:00:00+00:00,31.366508,40.465363,22.772396
2046-01-29 00:00:00+00:00,31.316252,41.41893,21.518974
2046-01-30 00:00:00+00:00,31.11599,40.272507,22.365555
2046-01-31 00:00:00+00:00,29.915735,39.276073,20.312136
2046-02-01 00:00:00+00:00,30.015474,36.97965,25.208715
2046-02-02 00:00:00+00:00,30.115215,39.183216,21.155293
2046-02-03 00:00:00+00:00,30.914959,40.536785,21.501873
2046-02-04 00:00:00+00:00,31.064701,39.940353,21.148453
2046-02-05 00:00:00+00:00,31.414442,40.193924,23.745033
2046-02-06 00:00:00+00:00,29.664183,40.1475,19.491611
2046-02-07 00:00:00+00:00,29.913923,39.85107,20.938192
2046-02-08 00:00:00+00:00,30.663664,39.55464,23.28477
2046-02-09 00:00:00+00:00,30.513409,39.70821,21.781351
2046-02-10 00:00:00+00:00,30.913149,40.511784,22.22793
2046-02-11 00:00:00+00:00,30.412893,39.71535,22.37451
2046-02-12 00:00:00+00:00,29.862633,39.86892,20.32109
2046-02-13 00:00:00+00:00,29.812372,40.072495,19.517668
2046-02-14 00:00:00+00:00,29.162115,40.126064,18.364248
2046-02-15 00:00:00+00:00,30.061855,40.379635,20.61083
2046-02-16 00:00:00+00:00,31.111597,40.983204,21.40741
2046-02-17 00:00:00+00:00,31.411339,41.43678,21.903988
2046-02-18 00:00:00+00:00,31.261084,41.640347,20.250568
2046-02-19 00:00:00+00:00,31.710823,41.693916,21.997149
2046-02-20 00:00:00+00:00,31.610561,40.747486,23.593727
2046-02-21 00:00:00+00:00,31.010305,40.05106,22.590305
2046-02-22 00:00:00+00:00,29.310045,39.454628,18.986885
2046-02-23 00:00:00+00:00,29.609789,40.1082,18.133469
2046-02-24 00:00:00+00:00,29.80953,39.36177,20.030046
2046-02-25 00:00:00+00:00,29.409271,38.665344,19.776625
2046-02-26 00:00:00+00:00,29.809013,38.018906,22.423206
2046-02-27 00:00:00+00:00,30.158754,39.77248,19.969784
2046-02-28 00:00:00+00:00,31.608496,40.37605,21.866365
2046-03-01 00:00:00+00:00,30.908236,39.829624,21.312943
2046-03-02 00:00:00+00:00,32.407978,40.633194,24.359526
2046-03-03 00:00:00+00:00,32.559322,41.188408,23.757397
2046-03-04 00:00:00+00:00,33.221878,41.105118,26.164324
2046-03-05 00:00:00+00:00,33.384434,41.371826,26.07125
2046-03-06 00:00:00+00:00,33.096992,42.98854,22.978176
2046-03-07 00:00:00+00:00,33.859547,42.65525,24.835104
2046-03-08 00:00:00+00:00,33.622105,43.071957,24.142029
2046-03-09 00:00:00+00:00,33.084656,42.338673,24.048958
2046-03-10 00:00:00+00:00,32.347214,41.355377,24.155886
2046-03-11 00:00:00+00:00,31.509771,40.17209,23.21281
2046-03-12 00:00:00+00:00,31.122326,40.3388,21.419739
2046-03-13 00:00:00+00:00,31.784882,42.605515,20.626663
2046-03-14 00:00:00+00:00,33.497437,42.172222,24.333591
2046-03-15 00:00:00+00:00,31.859995,40.43893,23.190517
2046-03-16 00:00:00+00:00,31.22255,39.605648,23.997444
2046-03-17 00:00:00+00:00,31.335106,41.972355,20.35437
2046-03-18 00:00:00+00:00,31.79766,41.83907,21.211298
2046-03-19 00:00:00+00:00,31.560217,41.805775,20.618223
2046-03-20 00:00:00+00:00,32.172775,42.272484,21.77515
2046-03-21 00:00:00+00:00,32.335327,42.539196,22.082077
2046-03-22 00:00:00+00:00,32.49789,42.45591,22.539001
2046-03-23 00:00:00+00:00,32.66044,42.722622,21.995932
2046-03-24 00:00:00+00:00,32.322998,41.83933,23.152857
2046-03-25 00:00:00+00:00,33.535553,43.00604,23.509785
2046-03-26 00:00:00+00:00,33.64811,41.27275,25.266712
2046-03-27 00:00:00+00:00,32.160667,40.58946,23.373638
2046-03-28 00:00:00+00:00,31.823223,39.706173,23.580564
2046-03-29 00:00:00+00:00,33.585777,40.92288,27.387491
2046-03-30 00:00:00+00:00,32.998333,41.289597,24.794418
2046-03-31 00:00:00+00:00,33.360893,42.556305,23.101343
2046-04-01 00:00:00+00:00,33.723446,42.27301,24.408268
2046-04-02 00:00:00+00:00,34.086006,42.63973,25.465199
2046-04-03 00:00:00+00:00,33.698555,42.006435,25.372124
2046-04-04 00:00:00+00:00,32.961113,41.523144,24.129051
2046-04-05 00:00:00+00:00,33.17367,41.63986,23.83598
2046-04-06 00:00:00+00:00,34.286224,42.156567,25.742905
2046-04-07 00:00:00+00:00,35.148785,44.52328,25.099833
2046-04-08 00:00:00+00:00,35.76134,44.23999,26.856758
2046-04-09 00:00:00+00:00,33.423897,41.306698,24.663685
2046-04-10 00:00:00+00:00,33.386448,40.02341,26.620613
2046-04-11 00:00:00+00:00,33.99901,41.34012,26.177538
2046-04-12 00:00:00+00:00,33.761566,42.406826,25.334463
2046-04-13 00:00:00+00:00,34.22412,44.023544,23.841389
2046-04-14 00:00:00+00:00,34.186672,43.790253,23.998318
2046-04-15 00:00:00+00:00,35.09923,41.606964,27.155243
2046-04-16 00:00:00+00:00,35.261787,42.173676,26.41217
2046-04-17 00:00:00+00:00,35.124344,41.540382,28.319098
2046-04-18 00:00:00+00:00,36.0869,42.407093,29.676025
2046-04-19 00:00:00+00:00,35.99945,43.623802,27.432953
2046-04-20 00:00:00+00:00,37.112007,44.34051,28.93988
2046-04-21 00:00:00+00:00,35.324566,42.607224,27.546804
2046-04-22 00:00:00+00:00,34.387123,42.823933,25.50373
2046-04-23 00:00:00+00:00,33.549675,41.24065,24.96066
2046-04-24 00:00:00+00:00,32.112236,39.607357,24.167587
2046-04-25 00:00:00+00:00,32.274788,40.62407,23.224512
2046-04-26 00:00:00+00:00,32.387344,40.390778,23.63144
2046-04-27 00:00:00+00:00,30.399902,35.657486,23.888367
2046-04-28 00:00:00+00:00,33.46246,40.924202,25.645292
2046-04-29 00:00:00+00:00,34.075012,40.14091,28.002218
2046-04-30 00:00:00+00:00,33.23757,40.05762,26.709146
2046-05-01 00:00:00+00:00,34.50013,42.124332,25.86607
2046-05-02 00:00:00+00:00,35.762684,43.89104,26.322998
2046-05-03 00:00:00+00:00,37.014095,43.146797,28.271908
2046-05-04 00:00:00+00:00,37.882076,44.01968,30.896763
2046-05-05 00:00:00+00:00,36.550064,44.342567,27.521622
2046-05-06 00:00:00+00:00,35.86805,43.46545,27.646479
2046-05-07 00:00:00+00:00,35.136032,43.73834,25.821333
2046-05-08 00:00:00+00:00,34.35402,43.211224,25.296188
2046-05-09 00:00:00+00:00,34.872,43.584106,25.321045
2046-05-10 00:00:00+00:00,35.289986,44.306995,25.8959
2046-05-11 00:00:00+00:00,33.30797,41.479877,25.670757
2046-05-12 00:00:00+00:00,34.425957,41.352764,26.045616
2046-05-13 00:00:00+00:00,34.99394,43.52565,27.57047
2046-05-14 00:00:00+00:00,35.561924,43.948536,26.645327
2046-05-15 00:00:00+00:00,35.07991,43.271423,25.720184
2046-05-16 00:00:00+00:00,34.49789,40.844303,27.59504
2046-05-17 00:00:00+00:00,36.215874,43.367188,28.469894
2046-05-18 00:00:00+00:00,34.233864,41.89007,26.644754
2046-05-19 00:00:00+00:00,35.351845,42.36296,26.969608
2046-05-20 00:00:00+00:00,35.619827,41.935844,28.544464
2046-05-21 00:00:00+00:00,35.137814,40.458733,28.769321
2046-05-22 00:00:00+00:00,36.455795,43.38162,28.744179
2046-05-23 00:00:00+00:00,35.923782,43.654503,27.419035
2046-05-24 00:00:00+00:00,34.591766,42.627388,26.293888
2046-05-25 00:00:00+00:00,33.60975,41.800274,25.418747
2046-05-26 00:00:00+00:00,33.62773,41.77316,24.893602
2046-05-27 00:00:00+00:00,32.74572,40.546043,25.668459
2046-05-28 00:00:00+00:00,31.713703,39.118927,23.593313
2046-05-29 00:00:00+00:00,33.031685,40.991814,24.718172
2046-05-30 00:00:00+00:00,32.84967,40.6147,24.343027
2046-05-31 00:00:00+00:00,33.167656,40.58758,24.617884
2046-06-01 00:00:00+00:00,31.435638,37.660473,24.842741
2046-06-02 00:00:00+00:00,30.303627,37.183353,22.717596
2046-06-03 00:00:00+00:00,30.521608,37.85624,23.142452
2046-06-04 00:00:00+00:00,32.089592,39.329124,24.41731
2046-06-05 00:00:00+00:00,33.207573,41.802013,24.242165
2046-06-06 00:00:00+00:00,36.225563,43.9749,28.467022
2046-06-07 00:00:00+00:00,33.343548,38.79778,27.591879
2046-06-08 00:00:00+00:00,33.91153,40.620667,26.966734
2046-06-09 00:00:00+00:00,32.72951,39.24355,27.14159
2046-06-10 00:00:00+00:00,30.6475,37.11644,23.566448
2046-06-11 00:00:00+00:00,31.815483,35.58932,27.391304
2046-06-12 00:00:00+00:00,31.583466,37.012207,26.566162
2046-06-13 00:00:00+00:00,30.801449,36.685093,25.091015
2046-06-14 00:00:00+00:00,30.719437,38.10798,23.665873
2046-06-15 00:00:00+00:00,30.387419,37.580864,23.29073
2046-06-16 00:00:00+00:00,29.955402,36.903748,23.065586
2046-06-17 00:00:00+00:00,29.623386,36.226635,23.040442
2046-06-18 00:00:00+00:00,29.89137,37.299522,22.915295
2046-06-19 00:00:00+00:00,29.959356,37.172405,23.090155
2046-06-20 00:00:00+00:00,29.477343,34.245285,23.865011
2046-06-21 00:00:00+00:00,31.495323,37.068176,25.239866
2046-06-22 00:00:00+00:00,28.163311,30.39106,26.56472
2046-06-23 00:00:00+00:00,32.131294,38.263947,25.78958
2046-06-24 00:00:00+00:00,33.09928,40.88683,25.714437
2046-06-25 00:00:00+00:00,32.117264,38.509716,25.289291
2046-06-26 00:00:00+00:00,31.835247,38.0326,26.364145
2046-06-27 00:00:00+00:00,30.80323,36.855488,25.089005
2046-06-28 00:00:00+00:00,31.171219,38.578373,23.81386
2046-06-29 00:00:00+00:00,30.7892,37.35126,24.188717
2046-06-30 00:00:00+00:00,31.757183,38.524143,24.513575
2046-07-01 00:00:00+00:00,32.57517,39.897026,25.788431
2046-07-02 00:00:00+00:00,32.54315,41.469913,25.013285
2046-07-03 00:00:00+00:00,31.562515,38.937008,24.091408
2046-07-04 00:00:00+00:00,33.034176,39.044426,26.774975
2046-07-05 00:00:00+00:00,32.755833,38.551853,27.258543
2046-07-06 00:00:00+00:00,32.57749,40.109283,25.34211
2046-07-07 00:00:00+00:00,31.649155,39.816704,24.175678
2046-07-08 00:00:00+00:00,31.420813,38.774128,24.659245
2046-07-09 00:00:00+00:00,30.792469,37.43156,25.542812
2046-07-10 00:00:00+00:00,30.264133,35.28898,25.876377
2046-07-11 00:00:00+00:00,30.585789,35.346413,25.609947
2046-07-12 00:00:00+00:00,31.907448,37.103836,26.843513
2046-07-13 00:00:00+00:00,30.379108,37.01126,24.927076
2046-07-14 00:00:00+00:00,30.500769,35.768684,25.360647
2046-07-15 00:00:00+00:00,30.722427,36.926113,25.144213
2046-07-16 00:00:00+00:00,28.944088,33.63354,24.477781
2046-07-17 00:00:00+00:00,28.965746,33.740963,24.411348
2046-07-18 00:00:00+00:00,30.437407,35.698387,24.794914
2046-07-19 00:00:00+00:00,31.809067,38.355816,25.02848
2046-07-20 00:00:00+00:00,31.030727,36.86324,25.96205
2046-07-21 00:00:00+00:00,31.102383,35.67067,25.495617
2046-07-22 00:00:00+00:00,33.124043,38.528095,27.829184
2046-07-23 00:00:00+00:00,33.3957,40.335518,26.36275
2046-07-24 00:00:00+00:00,32.76736,38.142944,27.696316
2046-07-25 00:00:00+00:00,31.83902,36.35037,27.679884
2046-07-26 00:00:00+00:00,31.960682,37.10779,26.563452
2046-07-27 00:00:00+00:00,32.18234,38.415222,25.997017
2046-07-28 00:00:00+00:00,29.904,35.672646,24.830585
2046-07-29 00:00:00+00:00,29.825659,35.580074,24.814152
2046-07-30 00:00:00+00:00,29.847317,35.0875,24.797722
2046-07-31 00:00:00+00:00,27.668978,34.494923,24.431286
2046-08-01 00:00:00+00:00,29.590637,35.15235,24.264853
2046-08-02 00:00:00+00:00,32.812294,38.709774,26.49842
2046-08-03 00:00:00+00:00,30.783955,34.417202,26.331985
2046-08-04 00:00:00+00:00,31.105616,35.224625,26.665552
2046-08-05 00:00:00+00:00,30.177275,34.232048,26.849123
2046-08-06 00:00:00+00:00,32.148933,38.33948,26.382689
2046-08-07 00:00:00+00:00,31.470592,36.146904,27.916256
2046-08-08 00:00:00+00:00,29.542252,34.40433,24.949823
2046-08-09 00:00:00+00:00,31.313913,37.96176,25.43339
2046-08-10 00:00:00+00:00,29.735573,35.11918,24.766958
2046-08-11 00:00:00+00:00,29.75723,34.72661,25.45052
2046-08-12 00:00:00+00:00,31.278893,36.084034,26.43409
2046-08-13 00:00:00+00:00,31.400549,36.391457,27.317657
2046-08-14 00:00:00+00:00,29.92221,34.748882,25.501223
2046-08-15 00:00:00+00:00,30.193865,33.90631,26.584793
2046-08-16 00:00:00+00:00,31.365528,36.363735,26.718357
2046-08-17 00:00:00+00:00,31.437187,37.47116,25.301924
2046-08-18 00:00:00+00:00,31.158844,36.828587,25.535492
2046-08-19 00:00:00+00:00,30.580505,35.53601,26.319057
2046-08-20 00:00:00+00:00,31.052164,37.093437,25.70263
2046-08-21 00:00:00+00:00,30.623825,36.300865,24.536194
2046-08-22 00:00:00+00:00,30.495481,34.20829,27.469759
2046-08-23 00:00:00+00:00,24.967142,25.315716,23.953327
2046-08-24 00:00:00+00:00,28.188805,34.17314,23.286896
2046-08-25 00:00:00+00:00,29.11046,35.980564,22.97046
2046-08-26 00:00:00+00:00,30.482124,37.037994,24.654026
2046-08-27 00:00:00+00:00,30.80378,35.49542,26.837597
2046-08-28 00:00:00+00:00,30.77544,36.952847,25.071165
2046-08-29 00:00:00+00:00,30.997099,36.610268,26.20473
2046-08-30 00:00:00+00:00,29.268759,34.0677,24.588299
2046-08-31 00:00:00+00:00,22.340418,21.575119,23.021864
2046-09-01 00:00:00+00:00,25.012077,27.432549,22.95543
2046-09-02 00:00:00+00:00,27.065275,29.977566,24.310999
2046-09-03 00:00:00+00:00,29.650013,33.910175,26.13857
2046-09-04 00:00:00+00:00,31.534744,37.692787,27.366146
2046-09-05 00:00:00+00:00,29.669483,34.37539,25.993717
2046-09-06 00:00:00+00:00,29.804216,33.858006,26.371292
2046-09-07 00:00:00+00:00,27.288952,29.740608,25.398865
2046-09-08 00:00:00+00:00,29.373688,33.623226,25.376434
2046-09-09 00:00:00+00:00,29.608423,32.65583,27.75401
2046-09-10 00:00:00+00:00,30.593163,35.938442,26.331581
2046-09-11 00:00:00+00:00,29.527893,33.871048,26.609152
2046-09-12 00:00:00+00:00,30.112629,35.703663,24.586725
2046-09-13 00:00:00+00:00,31.397364,36.88627,25.964298
2046-09-14 00:00:00+00:00,31.0321,35.518875,26.79187
2046-09-15 00:00:00+00:00,31.51684,37.101486,26.569443
2046-09-16 00:00:00+00:00,30.151571,35.784096,25.047016
2046-09-17 00:00:00+00:00,29.686308,34.616707,24.624588
2046-09-18 00:00:00+00:00,31.871044,36.799313,27.502161
2046-09-19 00:00:00+00:00,26.355778,26.431925,26.279736
2046-09-20 00:00:00+00:00,29.440514,33.16453,25.007305
2046-09-21 00:00:00+00:00,28.725248,29.44714,27.884876
2046-09-22 00:00:00+00:00,27.959988,32.579754,24.76245
2046-09-23 00:00:00+00:00,31.794722,39.51236,23.590023
2046-09-24 00:00:00+00:00,33.479454,40.89497,25.217594
2046-09-25 00:00:00+00:00,33.51419,38.92758,27.345167
2046-09-26 00:00:00+00:00,29.298925,33.76019,25.972742
2046-09-27 00:00:00+00:00,29.133665,33.4928,24.750313
2046-09-28 00:00:00+00:00,31.618397,36.925407,25.827885
2046-09-29 00:00:00+00:00,31.553135,36.60802,26.655458
2046-09-30 00:00:00+00:00,31.437868,37.690624,25.483028
2046-10-01 00:00:00+00:00,32.07261,38.523235,25.860603
2046-10-02 00:00:00+00:00,32.90734,39.605846,26.538176
2046-10-03 00:00:00+00:00,32.442078,38.238453,24.965748
2046-10-04 00:00:00+00:00,33.02681,36.921062,29.043322
2046-10-05 00:00:00+00:00,30.861546,36.003674,25.970892
2046-10-06 00:00:00+00:00,33.94628,41.63628,27.098467
2046-10-07 00:00:00+00:00,34.181015,39.718887,27.726038
2046-10-08 00:00:00+00:00,33.815758,38.0015,30.103607
2046-10-09 00:00:00+00:00,32.40049,37.33411,27.381182
2046-10-10 00:00:00+00:00,30.785225,37.11672,27.508757
2046-10-11 00:00:00+00:00,30.369957,34.14933,26.436325
2046-10-12 00:00:00+00:00,31.204697,33.231937,28.713898
2046-10-13 00:00:00+00:00,31.739433,36.364544,27.091473
2046-10-14 00:00:00+00:00,32.27417,38.797157,26.819046
2046-10-15 00:00:00+00:00,31.158901,38.479763,23.246616
2046-10-16 00:00:00+00:00,30.993637,38.26237,25.274189
2046-10-17 00:00:00+00:00,30.678371,38.944984,22.60176
2046-10-18 00:00:00+00:00,30.863108,39.57759,22.429335
2046-10-19 00:00:00+00:00,30.197842,39.4602,21.306908
2046-10-20 00:00:00+00:00,29.982576,38.792812,21.43448
2046-10-21 00:00:00+00:00,31.067314,41.02542,21.21205
2046-10-22 00:00:00+00:00,32.10205,38.30803,25.939623
2046-10-23 00:00:00+00:00,31.986786,37.74064,26.667198
2046-10-24 00:00:00+00:00,31.121521,36.92325,25.64477
2046-10-25 00:00:00+00:00,31.15626,38.305855,24.822342
2046-10-26 00:00:00+00:00,31.04099,40.288467,21.999916
2046-10-27 00:00:00+00:00,30.575726,38.871075,23.627485
2046-10-28 00:00:00+00:00,32.760464,38.203686,26.30506
2046-10-29 00:00:00+00:00,32.245193,33.836296,30.032633
2046-10-30 00:00:00+00:00,32.129936,37.7189,27.260204
2046-10-31 00:00:00+00:00,32.064667,39.351513,24.287777
2046-11-01 00:00:00+00:00,31.149406,37.98412,24.115349
2046-11-02 00:00:00+00:00,30.720758,37.956852,23.232248
2046-11-03 00:00:00+00:00,31.034082,37.973644,23.442749
2046-11-04 00:00:00+00:00,30.197403,37.240448,22.653244
2046-11-05 00:00:00+00:00,30.01073,36.457245,23.263742
2046-11-06 00:00:00+00:00,30.074049,36.47404,23.62424
2046-11-07 00:00:00+00:00,29.537374,36.99084,21.83474
2046-11-08 00:00:00+00:00,29.850697,36.407642,23.395237
2046-11-09 00:00:00+00:00,29.064022,36.024437,22.305733
2046-11-10 00:00:00+00:00,27.527342,34.991238,20.416233
2046-11-11 00:00:00+00:00,27.090668,34.758038,18.87673
2046-11-12 00:00:00+00:00,28.40399,35.67483,20.587229
2046-11-13 00:00:00+00:00,29.867315,36.74163,21.897726
2046-11-14 00:00:00+00:00,29.830637,35.858433,24.408222
2046-11-15 00:00:00+00:00,29.293962,35.67523,23.568722
2046-11-16 00:00:00+00:00,29.007282,35.59203,22.929222
2046-11-17 00:00:00+00:00,29.220608,36.708824,21.789719
2046-11-18 00:00:00+00:00,29.53393,37.425625,20.750216
2046-11-19 00:00:00+00:00,30.497255,37.842422,23.260714
2046-11-20 00:00:00+00:00,30.960575,38.55922,23.47121
2046-11-21 00:00:00+00:00,30.3739,37.52602,23.38171
2046-11-22 00:00:00+00:00,29.687223,37.79282,21.492207
2046-11-23 00:00:00+00:00,30.450544,38.959618,20.852705
2046-11-24 00:00:00+00:00,30.263872,37.376415,23.563204
2046-11-25 00:00:00+00:00,28.777195,36.543213,21.323702
2046-11-26 00:00:00+00:00,27.890518,35.560013,19.6842
2046-11-27 00:00:00+00:00,27.75384,36.87681,18.094698
2046-11-28 00:00:00+00:00,27.367165,35.293613,19.705196
2046-11-29 00:00:00+00:00,27.980486,35.61041,21.165691
2046-11-30 00:00:00+00:00,27.74381,33.927204,22.02619
2046-12-01 00:00:00+00:00,27.157133,34.39401,20.286688
2046-12-02 00:00:00+00:00,26.370457,34.760803,18.297188
2046-12-03 00:00:00+00:00,27.23378,34.9276,18.107683
2046-12-04 00:00:00+00:00,30.197104,36.7444,23.61818
2046-12-05 00:00:00+00:00,29.260427,34.311195,24.27868
2046-12-06 00:00:00+00:00,26.973751,31.827991,22.889175
2046-12-07 00:00:00+00:00,27.937077,35.094795,21.849674
2046-12-08 00:00:00+00:00,28.650396,32.861595,24.760174
2046-12-09 00:00:00+00:00,28.863722,34.87839,24.920671
2046-12-10 00:00:00+00:00,27.627045,34.395187,22.33117
2046-12-11 00:00:00+00:00,25.840366,31.611988,21.541666
2046-12-12 00:00:00+00:00,25.25369,33.02879,18.402164
2046-12-13 00:00:00+00:00,26.317015,35.245583,17.312662
2046-12-14 00:00:00+00:00,28.030338,36.362385,20.623161
2046-12-15 00:00:00+00:00,27.143658,36.229183,18.38366
2046-12-16 00:00:00+00:00,27.606983,35.245983,21.044155
2046-12-17 00:00:00+00:00,27.870308,35.41278,21.404655
2046-12-18 00:00:00+00:00,26.383633,32.87958,21.815151
2046-12-19 00:00:00+00:00,25.346958,31.596375,19.67565
2046-12-20 00:00:00+00:00,23.960278,27.663172,21.036146
2046-12-21 00:00:00+00:00,25.123602,33.329975,16.996647
2046-12-22 00:00:00+00:00,25.536924,33.39677,18.80714
2046-12-23 00:00:00+00:00,25.850248,34.963573,17.217642
2046-12-24 00:00:00+00:00,26.86357,36.080368,17.728138
2046-12-25 00:00:00+00:00,28.126894,36.447166,19.388638
2046-12-26 00:00:00+00:00,28.19022,33.713966,23.049133
2046-12-27 00:00:00+00:00,28.003542,35.780766,19.609632
2046-12-28 00:00:00+00:00,28.466866,35.447563,23.020132
2046-12-29 00:00:00+00:00,28.130188,35.814365,21.33063
2046-12-30 00:00:00+00:00,28.09351,35.58116,21.491125
2046-12-31 00:00:00+00:00,26.556837,34.39796,19.501621
2047-01-01 00:00:00+00:00,26.070158,33.614758,20.212122
2047-01-02 00:00:00+00:00,26.123293,34.321632,18.36218
2047-01-03 00:00:00+00:00,26.923038,34.025208,20.90876
2047-01-04 00:00:00+00:00,26.922777,35.32877,19.055342
2047-01-05 00:00:00+00:00,28.17252,34.432346,23.451921
2047-01-06 00:00:00+00:00,27.77226,35.335915,20.3485
2047-01-07 00:00:00+00:00,26.272003,34.239487,18.44508
2047-01-08 00:00:00+00:00,26.321743,34.743057,18.591658
2047-01-09 00:00:00+00:00,27.771486,37.44663,18.938238
2047-01-10 00:00:00+00:00,28.571224,38.5002,19.734818
2047-01-11 00:00:00+00:00,28.570969,37.353767,21.831398
2047-01-12 00:00:00+00:00,28.120708,36.50734,21.327976
2047-01-13 00:00:00+00:00,26.570452,34.610912,20.374556
2047-01-14 00:00:00+00:00,26.370192,36.26448,17.221136
2047-01-15 00:00:00+00:00,26.719934,36.018055,18.567717
2047-01-16 00:00:00+00:00,26.819675,35.721622,20.164297
2047-01-17 00:00:00+00:00,26.469416,35.12519,20.110874
2047-01-18 00:00:00+00:00,26.369158,35.078762,18.807457
2047-01-19 00:00:00+00:00,25.568897,33.88233,18.454033
2047-01-20 00:00:00+00:00,24.868643,32.985905,17.700613
2047-01-21 00:00:00+00:00,24.868383,33.48948,16.947193
2047-01-22 00:00:00+00:00,26.168127,35.54305,17.193773
2047-01-23 00:00:00+00:00,27.567865,37.496616,18.340353
2047-01-24 00:00:00+00:00,27.667608,37.05019,18.536932
2047-01-25 00:00:00+00:00,25.167349,32.85376,17.883512
2047-01-26 00:00:00+00:00,26.36709,33.757328,18.930092
2047-01-27 00:00:00+00:00,28.916832,35.060898,25.12667
2047-01-28 00:00:00+00:00,29.266575,35.56447,23.17325
2047-01-29 00:00:00+00:00,29.366314,36.018044,24.119833
2047-01-30 00:00:00+00:00,27.316057,33.47162,21.666409
2047-01-31 00:00:00+00:00,27.165798,32.975185,21.512989
2047-02-01 00:00:00+00:00,26.815538,33.578754,20.459572
2047-02-02 00:00:00+00:00,27.915281,34.082325,22.70615
2047-02-03 00:00:00+00:00,27.515024,34.93589,20.752728
2047-02-04 00:00:00+00:00,26.864765,34.489464,20.049309
2047-02-05 00:00:00+00:00,26.614504,33.893032,20.645887
2047-02-06 00:00:00+00:00,26.314247,33.546608,19.792467
2047-02-07 00:00:00+00:00,26.463987,35.200176,17.789045
2047-02-08 00:00:00+00:00,26.663729,35.00375,18.585627
2047-02-09 00:00:00+00:00,27.463472,35.35732,19.482206
2047-02-10 00:00:00+00:00,26.813215,32.460888,21.428787
2047-02-11 00:00:00+00:00,25.112953,32.21446,19.075365
2047-02-12 00:00:00+00:00,26.262697,34.218025,19.121946
2047-02-13 00:00:00+00:00,27.862436,35.571598,21.768524
2047-02-14 00:00:00+00:00,28.06218,36.325172,21.115105
2047-02-15 00:00:00+00:00,29.01192,38.42874,19.411686
2047-02-16 00:00:00+00:00,31.511663,41.28232,21.308266
2047-02-17 00:00:00+00:00,32.011402,40.935886,23.154844
2047-02-18 00:00:00+00:00,31.611145,39.939453,23.401424
2047-02-19 00:00:00+00:00,30.910889,38.893024,23.098001
2047-02-20 00:00:00+00:00,30.860626,40.796597,20.494583
2047-02-21 00:00:00+00:00,30.76037,39.000164,24.041162
2047-02-22 00:00:00+00:00,27.81011,35.503735,19.637743
2047-02-23 00:00:00+00:00,27.809855,36.357307,18.884321
2047-02-24 00:00:00+00:00,28.959595,36.76087,22.530903
2047-02-25 00:00:00+00:00,29.509336,37.71445,22.127481
2047-02-26 00:00:00+00:00,30.209078,38.268017,23.57406
2047-02-27 00:00:00+00:00,29.708818,38.57159,20.82064
2047-02-28 00:00:00+00:00,30.408562,38.92516,22.217218
2047-03-01 00:00:00+00:00,30.158302,39.128727,20.8138
2047-03-02 00:00:00+00:00,30.85804,39.632305,23.010378
2047-03-03 00:00:00+00:00,31.057785,39.78587,23.15696
2047-03-04 00:00:00+00:00,31.318739,40.20094,22.912592
2047-03-05 00:00:00+00:00,31.731293,39.617653,22.469517
2047-03-06 00:00:00+00:00,32.74385,40.034355,25.176447
2047-03-07 00:00:00+00:00,31.206408,38.30107,24.133371
2047-03-08 00:00:00+00:00,29.568964,35.76778,23.990297
2047-03-09 00:00:00+00:00,29.181519,36.88449,21.597223
2047-03-10 00:00:00+00:00,29.994076,38.8012,20.854149
2047-03-11 00:00:00+00:00,32.15663,41.367912,22.61108
2047-03-12 00:00:00+00:00,33.669186,42.934624,24.418005
2047-03-13 00:00:00+00:00,32.981743,42.001335,24.124933
2047-03-14 00:00:00+00:00,31.444298,39.718044,22.881859
2047-03-15 00:00:00+00:00,33.006855,40.08476,27.188786
2047-03-16 00:00:00+00:00,31.369413,38.45147,24.945715
2047-03-17 00:00:00+00:00,29.631968,37.41818,23.052637
2047-03-18 00:00:00+00:00,28.144522,36.434887,19.759565
2047-03-19 00:00:00+00:00,29.55708,39.4016,19.216492
2047-03-20 00:00:00+00:00,31.719635,40.718307,21.873419
2047-03-21 00:00:00+00:00,32.73219,41.73502,23.280346
2047-03-22 00:00:00+00:00,32.49475,41.05173,23.93727
2047-03-23 00:00:00+00:00,31.157305,40.71844,21.194199
2047-03-24 00:00:00+00:00,30.81986,40.735157,20.151125
2047-03-25 00:00:00+00:00,30.832417,40.85186,20.258053
2047-03-26 00:00:00+00:00,30.49497,39.768574,20.56498
2047-03-27 00:00:00+00:00,31.407528,40.235283,21.121906
2047-03-28 00:00:00+00:00,31.370083,40.10199,21.978832
2047-03-29 00:00:00+00:00,32.03264,40.9687,22.485758
2047-03-30 00:00:00+00:00,32.545197,41.735413,22.792685
2047-03-31 00:00:00+00:00,32.407753,40.60213,24.14961
2047-04-01 00:00:00+00:00,31.670307,40.56884,22.30654
2047-04-02 00:00:00+00:00,31.432863,40.785545,21.513464
2047-04-03 00:00:00+00:00,32.19542,41.802254,22.320393
2047-04-04 00:00:00+00:00,33.007973,43.718964,21.87732
2047-04-05 00:00:00+00:00,33.870533,43.735676,23.234245
2047-04-06 00:00:00+00:00,33.88309,43.30239,24.041172
2047-04-07 00:00:00+00:00,33.54564,42.8691,24.5981
2047-04-08 00:00:00+00:00,30.858202,39.08581,22.455025
2047-04-09 00:00:00+00:00,31.370758,40.90252,21.761953
2047-04-10 00:00:00+00:00,33.93331,43.119232,24.268879
2047-04-11 00:00:00+00:00,36.045868,44.68594,26.575806
2047-04-12 00:00:00+00:00,35.85842,43.20265,28.032734
2047-04-13 00:00:00+00:00,33.62098,41.919365,25.43966
2047-04-14 00:00:00+00:00,32.883533,42.086075,23.146585
2047-04-15 00:00:00+00:00,32.846092,42.502785,22.803514
2047-04-16 00:00:00+00:00,33.70864,43.519493,22.86044
2047-04-17 00:00:00+00:00,34.771206,44.08621,25.067366
2047-04-18 00:00:00+00:00,34.78376,44.402916,25.474293
2047-04-19 00:00:00+00:00,32.896317,41.269627,24.13122
2047-04-20 00:00:00+00:00,32.85887,40.43634,25.288147
2047-04-21 00:00:00+00:00,33.971424,42.453045,24.595074
2047-04-22 00:00:00+00:00,34.233986,43.419758,24.502
2047-04-23 00:00:00+00:00,34.89654,43.236473,25.608927
2047-04-24 00:00:00+00:00,32.809097,39.15318,25.715855
2047-04-25 00:00:00+00:00,31.27165,38.269886,23.722782
2047-04-26 00:00:00+00:00,33.03421,40.8866,24.229708
2047-04-27 00:00:00+00:00,34.946766,42.00331,27.036633
2047-04-28 00:00:00+00:00,36.05932,43.17002,28.19356
2047-04-29 00:00:00+00:00,37.621872,43.23673,30.350487
2047-04-30 00:00:00+00:00,38.234432,43.603447,32.257416
2047-05-01 00:00:00+00:00,37.096985,44.770153,29.56434
2047-05-02 00:00:00+00:00,34.659542,43.53686,25.371265
2047-05-03 00:00:00+00:00,34.2221,43.603577,24.428194
2047-05-04 00:00:00+00:00,35.190086,45.076458,23.303051
2047-05-05 00:00:00+00:00,33.558067,38.94934,27.477907
2047-05-06 00:00:00+00:00,34.32605,42.522236,26.002764
2047-05-07 00:00:00+00:00,33.144035,39.495117,26.57762
2047-05-08 00:00:00+00:00,32.31202,38.118,26.452475
2047-05-09 00:00:00+00:00,33.630005,41.240887,25.377333
2047-05-10 00:00:00+00:00,34.747993,43.86377,25.902187
2047-05-11 00:00:00+00:00,36.265976,44.786655,26.177044
2047-05-12 00:00:00+00:00,36.583958,44.409546,28.3019
2047-05-13 00:00:00+00:00,33.351944,39.08243,26.876757
2047-05-14 00:00:00+00:00,34.069923,41.00531,26.301613
2047-05-15 00:00:00+00:00,34.03791,42.228195,24.826468
2047-05-16 00:00:00+00:00,34.205894,44.10108,24.451326
2047-05-17 00:00:00+00:00,32.973877,41.07397,25.176182
2047-05-18 00:00:00+00:00,31.491863,39.646854,22.951036
2047-05-19 00:00:00+00:00,30.00985,37.21974,22.625895
2047-05-20 00:00:00+00:00,29.477833,35.84262,22.95075
2047-05-21 00:00:00+00:00,29.895817,36.96551,22.675608
2047-05-22 00:00:00+00:00,30.113798,37.488396,23.250463
2047-05-23 00:00:00+00:00,32.681786,41.51128,24.62532
2047-05-24 00:00:00+00:00,34.39977,42.084164,26.000175
2047-05-25 00:00:00+00:00,34.867752,41.65705,27.925034
2047-05-26 00:00:00+00:00,34.135735,39.979942,27.349888
2047-05-27 00:00:00+00:00,32.803722,37.302822,28.824747
2047-05-28 00:00:00+00:00,32.421707,37.1257,26.6996
2047-05-29 00:00:00+00:00,34.73969,40.198593,28.174456
2047-05-30 00:00:00+00:00,34.857677,40.17148,29.349314
2047-05-31 00:00:00+00:00,36.97566,44.69436,28.774168
2047-06-01 00:00:00+00:00,35.843643,42.667248,28.099026
2047-06-02 00:00:00+00:00,33.16163,37.240135,29.023886
2047-06-03 00:00:00+00:00,34.12961,39.563023,27.998741
2047-06-04 00:00:00+00:00,34.847595,41.535908,28.073595
2047-06-05 00:00:00+00:00,32.465584,37.70879,26.198452
2047-06-06 00:00:00+00:00,34.133568,41.48167,26.473307
2047-06-07 00:00:00+00:00,35.551548,43.454563,26.998163
2047-06-08 00:00:00+00:00,33.81954,40.777447,26.97302
2047-06-09 00:00:00+00:00,32.58752,39.15033,25.897877
2047-06-10 00:00:00+00:00,32.705498,40.973217,24.422731
2047-06-11 00:00:00+00:00,32.973488,41.4961,24.69759
2047-06-12 00:00:00+00:00,31.74147,38.31899,24.722445
2047-06-13 00:00:00+00:00,31.959455,39.64187,24.097301
2047-06-14 00:00:00+00:00,33.32744,41.914757,24.522158
2047-06-15 00:00:00+00:00,33.345425,43.337643,24.097013
2047-06-16 00:00:00+00:00,31.963406,38.060528,26.47187
2047-06-17 00:00:00+00:00,31.331392,37.733414,25.446728
2047-06-18 00:00:00+00:00,31.599375,39.2063,23.82158
2047-06-19 00:00:00+00:00,32.46736,39.829185,25.14644
2047-06-20 00:00:00+00:00,32.68535,40.10207,25.271297
2047-06-21 00:00:00+00:00,32.503326,37.774956,27.446152
2047-06-22 00:00:00+00:00,29.771313,35.99784,24.52101
2047-06-23 00:00:00+00:00,30.689299,36.970722,24.695866
2047-06-24 00:00:00+00:00,31.457281,38.19361,25.12072
2047-06-25 00:00:00+00:00,31.225266,35.716496,26.445578
2047-06-26 00:00:00+00:00,32.24325,37.839382,27.070435
2047-06-27 00:00:00+00:00,31.861233,37.962265,26.295294
2047-06-28 00:00:00+00:00,30.679216,37.48515,24.620146
2047-06-29 00:00:00+00:00,31.297203,38.208035,24.645002
2047-06-30 00:00:00+00:00,31.665188,38.23092,25.619862
2047-07-01 00:00:00+00:00,30.48317,36.30381,25.394714
2047-07-02 00:00:00+00:00,30.401155,36.326694,25.169573
2047-07-03 00:00:00+00:00,31.119598,36.747646,25.545517
2047-07-04 00:00:00+00:00,27.84126,30.405075,25.779083
2047-07-05 00:00:00+00:00,30.412918,35.1625,25.462652
2047-07-06 00:00:00+00:00,28.98458,32.619923,25.596216
2047-07-07 00:00:00+00:00,29.756237,34.077354,25.529785
2047-07-08 00:00:00+00:00,31.027897,34.134773,27.763351
2047-07-09 00:00:00+00:00,29.649555,32.9922,27.04692
2047-07-10 00:00:00+00:00,31.221216,36.84962,25.530487
2047-07-11 00:00:00+00:00,31.442873,35.95705,26.964052
2047-07-12 00:00:00+00:00,30.764538,34.214478,26.94762
2047-07-13 00:00:00+00:00,32.086193,39.571907,25.681187
2047-07-14 00:00:00+00:00,32.657852,40.129326,25.214754
2047-07-15 00:00:00+00:00,32.52951,39.536755,25.39832
2047-07-16 00:00:00+00:00,31.551172,37.344177,26.28189
2047-07-17 00:00:00+00:00,32.122833,38.651608,25.915457
2047-07-18 00:00:00+00:00,34.09449,42.45903,27.049023
2047-07-19 00:00:00+00:00,32.26615,37.816456,27.082588
2047-07-20 00:00:00+00:00,31.987808,38.273884,26.416157
2047-07-21 00:00:00+00:00,30.009468,35.081306,24.199722
2047-07-22 00:00:00+00:00,30.181126,35.088734,26.133291
2047-07-23 00:00:00+00:00,30.902786,36.34616,25.21686
2047-07-24 00:00:00+00:00,32.124443,39.05359,25.900425
2047-07-25 00:00:00+00:00,32.596107,40.911015,25.18399
2047-07-26 00:00:00+00:00,32.417767,38.76844,26.317558
2047-07-27 00:00:00+00:00,31.839426,38.325863,26.251127
2047-07-28 00:00:00+00:00,29.911083,34.233288,25.534693
2047-07-29 00:00:00+00:00,30.782745,35.340717,25.91826
2047-07-30 00:00:00+00:00,30.304405,36.04814,25.151825
2047-07-31 00:00:00+00:00,29.526064,35.455563,24.635393
2047-08-01 00:00:00+00:00,29.89772,34.212994,25.668962
2047-08-02 00:00:00+00:00,30.46938,36.82042,25.652529
2047-08-03 00:00:00+00:00,28.691042,33.027843,25.136095
2047-08-04 00:00:00+00:00,32.3127,38.435272,26.519663
2047-08-05 00:00:00+00:00,31.334362,37.392696,25.85323
2047-08-06 00:00:00+00:00,30.606022,36.20012,23.786793
2047-08-07 00:00:00+00:00,26.427677,29.25755,22.420364
2047-08-08 00:00:00+00:00,28.149338,30.814972,25.80393
2047-08-09 00:00:00+00:00,28.271,31.5724,25.387497
2047-08-10 00:00:00+00:00,28.492657,29.429825,27.871065
2047-08-11 00:00:00+00:00,27.614317,29.03725,26.754633
2047-08-12 00:00:00+00:00,27.985973,30.694675,25.8382
2047-08-13 00:00:00+00:00,29.657635,33.702106,26.121765
2047-08-14 00:00:00+00:00,30.379293,33.70953,27.605335
2047-08-15 00:00:00+00:00,31.00095,36.066956,27.5389
2047-08-16 00:00:00+00:00,29.772615,34.77438,25.872467
2047-08-17 00:00:00+00:00,27.544271,30.231804,25.456034
2047-08-18 00:00:00+00:00,27.61593,30.389229,24.8396
2047-08-19 00:00:00+00:00,28.787588,31.246658,27.02317
2047-08-20 00:00:00+00:00,29.909252,35.354084,25.506735
2047-08-21 00:00:00+00:00,25.23091,26.31151,25.290302
2047-08-22 00:00:00+00:00,27.952568,32.318935,24.023867
2047-08-23 00:00:00+00:00,29.77423,34.576363,25.907438
2047-08-24 00:00:00+00:00,30.595888,35.983788,26.991001
2047-08-25 00:00:00+00:00,29.81755,34.541214,25.97457
2047-08-26 00:00:00+00:00,30.039206,34.44864,26.508137
2047-08-27 00:00:00+00:00,29.860867,35.80606,26.841705
2047-08-28 00:00:00+00:00,30.382523,36.96349,24.97527
2047-08-29 00:00:00+00:00,29.154186,34.120914,26.10884
2047-08-30 00:00:00+00:00,30.125847,36.12834,25.192408
2047-08-31 00:00:00+00:00,30.397505,36.335766,25.425972
2047-09-01 00:00:00+00:00,30.519161,36.19319,25.409542
2047-09-02 00:00:00+00:00,30.306595,34.769413,26.604107
2047-09-03 00:00:00+00:00,28.641327,31.802021,26.38168
2047-09-04 00:00:00+00:00,30.426062,36.284634,26.159252
2047-09-05 00:00:00+00:00,32.010796,40.017246,25.136824
2047-09-06 00:00:00+00:00,31.59553,39.24985,24.814398
2047-09-07 00:00:00+00:00,29.88027,33.23246,26.791971
2047-09-08 00:00:00+00:00,30.065004,34.765068,25.119543
2047-09-09 00:00:00+00:00,29.649742,33.24768,26.847116
2047-09-10 00:00:00+00:00,29.784473,33.580284,26.174688
2047-09-11 00:00:00+00:00,32.919212,40.362896,26.05226
2047-09-12 00:00:00+00:00,32.353943,38.095505,26.979832
2047-09-13 00:00:00+00:00,33.13868,38.628117,28.457405
2047-09-14 00:00:00+00:00,25.47342,28.860725,23.634975
2047-09-15 00:00:00+00:00,28.908152,35.143333,22.91255
2047-09-16 00:00:00+00:00,32.042892,38.325943,26.790123
2047-09-17 00:00:00+00:00,31.427624,38.108555,25.817696
2047-09-18 00:00:00+00:00,31.112358,37.34116,25.095268
2047-09-19 00:00:00+00:00,33.997093,40.623768,27.57284
2047-09-20 00:00:00+00:00,30.73183,34.90638,27.150412
2047-09-21 00:00:00+00:00,31.21657,37.08899,25.477985
2047-09-22 00:00:00+00:00,32.0513,37.7716,26.855556
2047-09-23 00:00:00+00:00,31.086035,36.754208,26.38313
2047-09-24 00:00:00+00:00,31.420773,35.686817,26.810701
2047-09-25 00:00:00+00:00,32.305504,37.719425,27.138275
2047-09-26 00:00:00+00:00,31.340244,37.302036,25.41585
2047-09-27 00:00:00+00:00,31.274975,35.934647,26.39342
2047-09-28 00:00:00+00:00,31.209715,37.71726,25.270992
2047-09-29 00:00:00+00:00,31.99445,39.549866,23.848564
2047-09-30 00:00:00+00:00,32.229183,37.132477,27.376137
2047-10-01 00:00:00+00:00,32.513916,39.46508,26.10371
2047-10-02 00:00:00+00:00,30.598658,36.54769,24.68128
2047-10-03 00:00:00+00:00,31.633392,38.3303,25.208855
2047-10-04 00:00:00+00:00,31.368122,36.76291,25.886429
2047-10-05 00:00:00+00:00,33.002865,38.64552,25.963999
2047-10-06 00:00:00+00:00,34.737602,40.178127,28.691572
2047-10-07 00:00:00+00:00,32.022335,37.560738,27.269146
2047-10-08 00:00:00+00:00,31.85707,36.14335,27.096716
2047-10-09 00:00:00+00:00,31.991804,37.675957,27.024288
2047-10-10 00:00:00+00:00,31.876541,38.508564,26.551863
2047-10-11 00:00:00+00:00,30.211275,39.091175,21.679436
2047-10-12 00:00:00+00:00,30.79601,37.923786,23.507008
2047-10-13 00:00:00+00:00,32.130745,37.10639,26.284578
2047-10-14 00:00:00+00:00,33.41548,39.239006,28.212152
2047-10-15 00:00:00+00:00,33.15022,41.02161,25.589724
2047-10-16 00:00:00+00:00,32.384953,40.75422,24.267296
2047-10-17 00:00:00+00:00,31.419691,37.93683,24.644869
2047-10-18 00:00:00+00:00,32.204422,39.51944,24.822443
2047-10-19 00:00:00+00:00,30.439157,37.952045,23.000011
2047-10-20 00:00:00+00:00,30.173895,37.384655,22.827587
2047-10-21 00:00:00+00:00,30.35863,36.867264,23.555159
2047-10-22 00:00:00+00:00,31.293367,37.599873,24.23273
2047-10-23 00:00:00+00:00,32.1781,38.132484,25.810305
2047-10-24 00:00:00+00:00,34.312836,40.415096,28.137877
2047-10-25 00:00:00+00:00,34.647575,41.097702,28.565447
2047-10-26 00:00:00+00:00,33.282307,39.830315,26.94302
2047-10-27 00:00:00+00:00,33.91704,39.86292,28.320593
2047-10-28 00:00:00+00:00,33.751778,41.045532,27.048168
2047-10-29 00:00:00+00:00,32.136517,40.17814,24.275738
2047-10-30 00:00:00+00:00,31.771248,39.660755,25.35331
2047-10-31 00:00:00+00:00,30.855988,38.143356,23.080883
2047-11-01 00:00:00+00:00,30.89072,38.02597,23.208456
2047-11-02 00:00:00+00:00,30.917423,37.85265,23.579626
2047-11-03 00:00:00+00:00,33.18075,40.41945,26.290123
2047-11-04 00:00:00+00:00,32.64407,39.286247,25.500622
2047-11-05 00:00:00+00:00,32.557396,41.103043,24.46112
2047-11-06 00:00:00+00:00,31.070719,39.519844,22.621618
2047-11-07 00:00:00+00:00,31.384043,38.68664,24.832113
2047-11-08 00:00:00+00:00,31.197363,37.80344,26.142614
2047-11-09 00:00:00+00:00,30.51069,37.12024,22.903112
2047-11-10 00:00:00+00:00,29.774012,37.687035,22.51361
2047-11-11 00:00:00+00:00,29.887337,36.653835,23.274107
2047-11-12 00:00:00+00:00,29.950657,37.520634,23.034603
2047-11-13 00:00:00+00:00,29.363983,37.037434,21.545103
2047-11-14 00:00:00+00:00,29.777306,37.654232,21.555601
2047-11-15 00:00:00+00:00,29.340628,37.521027,21.0661
2047-11-16 00:00:00+00:00,29.903954,37.537827,21.826595
2047-11-17 00:00:00+00:00,29.667276,36.35463,22.687094
2047-11-18 00:00:00+00:00,29.5806,36.07142,23.247591
2047-11-19 00:00:00+00:00,29.293922,35.888226,23.458088
2047-11-20 00:00:00+00:00,28.757246,34.605022,22.918589
2047-11-21 00:00:00+00:00,29.57057,36.32182,22.329082
2047-11-22 00:00:00+00:00,29.633894,36.238617,23.289583
2047-11-23 00:00:00+00:00,30.547216,37.55542,23.85008
2047-11-24 00:00:00+00:00,29.610538,36.022217,22.81058
2047-11-25 00:00:00+00:00,27.923864,31.739014,25.421078
2047-11-26 00:00:00+00:00,27.837187,31.805813,25.231575
2047-11-27 00:00:00+00:00,28.20051,34.022614,22.14207
2047-11-28 00:00:00+00:00,29.563831,37.83941,21.25257
2047-11-29 00:00:00+00:00,30.177155,37.85621,23.513067
2047-11-30 00:00:00+00:00,29.44048,36.173008,23.323565
2047-12-01 00:00:00+00:00,26.503801,32.489807,22.134064
2047-12-02 00:00:00+00:00,25.917128,34.556602,17.744564
2047-12-03 00:00:00+00:00,26.830448,35.823402,19.00506
2047-12-04 00:00:00+00:00,26.743774,36.2402,17.815556
2047-12-05 00:00:00+00:00,26.407099,35.906998,16.676056
2047-12-06 00:00:00+00:00,27.22042,35.623795,19.386553
2047-12-07 00:00:00+00:00,26.733744,35.1906,18.54705
2047-12-08 00:00:00+00:00,26.647066,35.407394,17.907547
2047-12-09 00:00:00+00:00,27.26039,36.224194,18.718048
2047-12-10 00:00:00+00:00,28.423712,36.54099,21.578545
2047-12-11 00:00:00+00:00,28.737038,35.55779,23.539042
2047-12-12 00:00:00+00:00,26.600357,33.32459,21.84954
2047-12-13 00:00:00+00:00,24.363682,32.491386,16.910038
2047-12-14 00:00:00+00:00,24.727009,33.008183,17.120537
2047-12-15 00:00:00+00:00,25.84033,33.97498,17.631035
2047-12-16 00:00:00+00:00,27.053654,34.941784,18.391533
2047-12-17 00:00:00+00:00,27.166975,33.40858,21.75203
2047-12-18 00:00:00+00:00,24.3803,30.075375,18.362526
2047-12-19 00:00:00+00:00,25.493624,30.392178,21.673027
2047-12-20 00:00:00+00:00,25.556946,33.858974,17.833525
2047-12-21 00:00:00+00:00,26.970268,35.325775,19.194023
2047-12-22 00:00:00+00:00,27.883595,35.692574,20.95452
2047-12-23 00:00:00+00:00,27.296917,35.209373,20.315016
2047-12-24 00:00:00+00:00,25.310242,33.47617,17.925512
2047-12-25 00:00:00+00:00,25.573563,33.392967,18.736013
2047-12-26 00:00:00+00:00,26.636885,35.05977,20.196508
2047-12-27 00:00:00+00:00,27.35021,35.426563,21.90701
2047-12-28 00:00:00+00:00,26.163532,34.843365,17.967506
2047-12-29 00:00:00+00:00,25.726856,35.11016,17.078003
2047-12-30 00:00:00+00:00,25.290178,34.176964,16.6385
2047-12-31 00:00:00+00:00,25.103504,33.54376,16.648998
2048-01-01 00:00:00+00:00,25.766827,32.910557,20.009499
2048-01-02 00:00:00+00:00,25.573359,31.920742,19.713037
2048-01-03 00:00:00+00:00,26.823101,32.774315,22.359613
2048-01-04 00:00:00+00:00,26.522842,34.177887,19.356195
2048-01-05 00:00:00+00:00,28.222582,36.83145,19.802774
2048-01-06 00:00:00+00:00,28.722326,37.085022,20.499355
2048-01-07 00:00:00+00:00,28.872065,38.288597,19.545935
2048-01-08 00:00:00+00:00,28.671808,37.692165,19.742512
2048-01-09 00:00:00+00:00,27.371548,35.745735,19.689095
2048-01-10 00:00:00+00:00,26.121292,34.249306,18.535673
2048-01-11 00:00:00+00:00,25.521032,34.002876,17.182253
2048-01-12 00:00:00+00:00,26.420774,35.706448,17.37883
2048-01-13 00:00:00+00:00,26.570517,36.310017,16.57541
2048-01-14 00:00:00+00:00,25.620256,33.16359,18.321993
2048-01-15 00:00:00+00:00,25.07,31.417164,18.168571
2048-01-16 00:00:00+00:00,26.96974,33.120724,19.665152
2048-01-17 00:00:00+00:00,30.56948,37.7243,25.261732
2048-01-18 00:00:00+00:00,31.219223,38.12787,26.30831
2048-01-19 00:00:00+00:00,28.018963,35.58144,19.604889
2048-01-20 00:00:00+00:00,29.068708,37.735016,21.15147
2048-01-21 00:00:00+00:00,28.518448,36.688587,21.298048
2048-01-22 00:00:00+00:00,27.66819,34.892155,22.444628
2048-01-23 00:00:00+00:00,27.417929,34.045723,22.741209
2048-01-24 00:00:00+00:00,27.317673,34.549297,22.187786
2048-01-25 00:00:00+00:00,27.117413,33.652866,21.534367
2048-01-26 00:00:00+00:00,27.317154,35.006435,22.130949
2048-01-27 00:00:00+00:00,26.5169,35.360004,19.377527
2048-01-28 00:00:00+00:00,26.316639,35.163578,17.724106
2048-01-29 00:00:00+00:00,28.46638,36.817146,20.620686
2048-01-30 00:00:00+00:00,28.51612,35.720722,20.667265
2048-01-31 00:00:00+00:00,29.21586,36.32429,22.263845
2048-02-01 00:00:00+00:00,30.615602,39.727863,22.810423
2048-02-02 00:00:00+00:00,29.365345,38.43143,19.757004
2048-02-03 00:00:00+00:00,31.265089,39.885,23.653584
2048-02-04 00:00:00+00:00,32.214832,38.28857,27.650164
2048-02-05 00:00:00+00:00,30.114569,34.84214,26.046741
2048-02-06 00:00:00+00:00,27.364311,32.195713,24.443325
2048-02-07 00:00:00+00:00,25.514053,31.149284,20.439901
2048-02-08 00:00:00+00:00,27.363792,33.052856,22.03648
2048-02-09 00:00:00+00:00,26.963535,31.056427,22.88306
2048-02-10 00:00:00+00:00,28.463278,35.559998,23.32964
2048-02-11 00:00:00+00:00,28.313019,36.56357,20.926222
2048-02-12 00:00:00+00:00,28.612762,37.417137,20.022799
2048-02-13 00:00:00+00:00,29.562502,38.82071,20.41938
2048-02-14 00:00:00+00:00,30.462244,39.824276,21.965961
2048-02-15 00:00:00+00:00,30.761986,38.77785,23.71254
2048-02-16 00:00:00+00:00,30.261728,37.531425,21.809118
2048-02-17 00:00:00+00:00,30.911469,38.43499,24.1057
2048-02-18 00:00:00+00:00,29.761211,38.588562,20.852276
2048-02-19 00:00:00+00:00,30.810953,39.64213,21.548859
2048-02-20 00:00:00+00:00,30.360693,37.045704,24.395437
2048-02-21 00:00:00+00:00,31.560436,37.849274,25.14202
2048-02-22 00:00:00+00:00,30.710175,39.35284,22.288597
2048-02-23 00:00:00+00:00,29.259916,37.156414,21.085176
2048-02-24 00:00:00+00:00,27.40966,33.309986,21.481756
2048-02-25 00:00:00+00:00,26.6094,30.813557,23.028336
2048-02-26 00:00:00+00:00,27.559143,32.017124,23.374916
2048-02-27 00:00:00+00:00,28.708883,34.270695,23.071495
2048-02-28 00:00:00+00:00,26.108625,28.22427,22.368074
2048-02-29 00:00:00+00:00,26.058365,28.227833,22.364655
2048-03-01 00:00:00+00:00,27.458105,33.981407,20.961233
2048-03-02 00:00:00+00:00,26.00785,28.63498,23.257814
2048-03-03 00:00:00+00:00,27.415602,32.646767,23.36086
2048-03-04 00:00:00+00:00,27.928156,32.76347,24.917784
2048-03-05 00:00:00+00:00,29.840712,36.980183,24.424715
2048-03-06 00:00:00+00:00,30.103268,36.546894,23.68164
2048-03-07 00:00:00+00:00,31.065826,37.313602,24.838568
2048-03-08 00:00:00+00:00,33.37838,40.13031,25.345493
2048-03-09 00:00:00+00:00,34.84094,40.897026,28.852419
2048-03-10 00:00:00+00:00,35.00349,41.463737,27.859346
2048-03-11 00:00:00+00:00,34.36605,41.180443,27.166275
2048-03-12 00:00:00+00:00,34.178604,40.597157,28.5232
2048-03-13 00:00:00+00:00,31.391161,39.913868,22.980127
2048-03-14 00:00:00+00:00,30.903719,40.430573,21.187054
2048-03-15 00:00:00+00:00,31.866272,41.297295,22.693981
2048-03-16 00:00:00+00:00,31.528828,41.114002,21.900908
2048-03-17 00:00:00+00:00,31.891384,41.53071,22.057833
2048-03-18 00:00:00+00:00,32.153942,42.097424,21.91476
2048-03-19 00:00:00+00:00,32.066498,42.21413,21.371689
2048-03-20 00:00:00+00:00,32.07905,42.430843,21.328613
2048-03-21 00:00:00+00:00,33.591606,44.247555,22.23554
2048-03-22 00:00:00+00:00,33.254166,43.064266,23.042467
2048-03-23 00:00:00+00:00,33.31672,43.080975,23.349392
2048-03-24 00:00:00+00:00,32.829277,42.497684,22.406322
2048-03-25 00:00:00+00:00,33.991833,43.264397,24.363247
2048-03-26 00:00:00+00:00,34.454388,43.331104,25.020176
2048-03-27 00:00:00+00:00,33.516945,44.097816,24.177103
2048-03-28 00:00:00+00:00,33.1295,42.36453,23.384027
2048-03-29 00:00:00+00:00,33.242054,41.931236,24.440954
2048-03-30 00:00:00+00:00,32.50461,41.997948,23.44788
2048-03-31 00:00:00+00:00,31.217169,40.86466,21.454807
2048-04-01 00:00:00+00:00,31.879726,42.13137,20.661732
2048-04-02 00:00:00+00:00,32.542282,41.99808,22.31866
2048-04-03 00:00:00+00:00,32.604836,41.36479,23.525587
2048-04-04 00:00:00+00:00,32.06739,41.331497,21.732515
2048-04-05 00:00:00+00:00,32.27995,41.04821,22.53944
2048-04-06 00:00:00+00:00,31.442505,39.764923,22.396366
2048-04-07 00:00:00+00:00,31.605062,40.331635,22.503294
2048-04-08 00:00:00+00:00,31.967619,40.798344,22.81022
2048-04-09 00:00:00+00:00,33.530174,42.915054,23.417149
2048-04-10 00:00:00+00:00,34.142723,43.631763,23.874077
2048-04-11 00:00:00+00:00,34.305283,43.498474,24.631002
2048-04-12 00:00:00+00:00,34.06784,42.765186,24.837927
2048-04-13 00:00:00+00:00,33.980396,42.931896,24.344854
2048-04-14 00:00:00+00:00,33.292953,42.44861,23.55178
2048-04-15 00:00:00+00:00,30.155508,37.16532,22.958708
2048-04-16 00:00:00+00:00,29.718065,37.33203,22.765636
2048-04-17 00:00:00+00:00,29.980623,37.89874,21.572561
2048-04-18 00:00:00+00:00,29.193176,34.865448,22.579489
2048-04-19 00:00:00+00:00,29.455732,35.882156,22.436417
2048-04-20 00:00:00+00:00,30.468287,37.19887,23.393343
2048-04-21 00:00:00+00:00,31.880846,38.965584,24.000269
2048-04-22 00:00:00+00:00,33.893402,42.88229,24.057194
2048-04-23 00:00:00+00:00,36.50596,44.549004,26.464125
2048-04-24 00:00:00+00:00,37.168514,43.61571,29.821047
2048-04-25 00:00:00+00:00,36.68107,44.832424,26.877975
2048-04-26 00:00:00+00:00,37.593624,44.44913,29.534903
2048-04-27 00:00:00+00:00,36.45618,42.56584,29.291828
2048-04-28 00:00:00+00:00,35.118736,42.682556,26.098753
2048-04-29 00:00:00+00:00,35.33129,42.49926,26.205683
2048-04-30 00:00:00+00:00,37.59385,44.26598,30.162611
2048-05-01 00:00:00+00:00,36.956406,45.182686,28.019535
2048-05-02 00:00:00+00:00,36.368958,45.3494,27.076462
2048-05-03 00:00:00+00:00,34.848087,43.033234,26.109335
2048-05-04 00:00:00+00:00,32.616074,39.906128,24.884192
2048-05-05 00:00:00+00:00,34.134056,42.12901,25.05905
2048-05-06 00:00:00+00:00,36.00204,45.251896,25.583906
2048-05-07 00:00:00+00:00,34.370026,42.374783,26.80876
2048-05-08 00:00:00+00:00,33.188004,39.847664,25.933619
2048-05-09 00:00:00+00:00,32.905994,39.170555,26.808472
2048-05-10 00:00:00+00:00,31.123976,37.143436,25.08333
2048-05-11 00:00:00+00:00,31.991962,38.816322,24.458185
2048-05-12 00:00:00+00:00,34.00995,40.43921,26.233042
2048-05-13 00:00:00+00:00,34.577927,40.51209,27.757898
2048-05-14 00:00:00+00:00,35.595917,41.284977,29.532755
2048-05-15 00:00:00+00:00,35.8639,43.307865,27.757612
2048-05-16 00:00:00+00:00,36.931885,44.630745,28.582468
2048-05-17 00:00:00+00:00,35.699867,43.15363,27.907324
2048-05-18 00:00:00+00:00,34.067852,41.67652,26.482182
2048-05-19 00:00:00+00:00,31.735836,38.049404,25.157036
2048-05-20 00:00:00+00:00,30.153822,34.62229,24.631891
2048-05-21 00:00:00+00:00,34.421806,40.645172,26.90675
2048-05-22 00:00:00+00:00,38.08979,44.21806,31.831608
2048-05-23 00:00:00+00:00,37.20777,44.740944,29.156462
2048-05-24 00:00:00+00:00,36.32576,41.41383,30.73132
2048-05-25 00:00:00+00:00,34.343742,38.436714,30.106176
2048-05-26 00:00:00+00:00,34.71173,41.1596,27.731033
2048-05-27 00:00:00+00:00,33.229713,39.582485,27.405888
2048-05-28 00:00:00+00:00,33.0477,39.85537,26.580744
2048-05-29 00:00:00+00:00,33.065674,40.778255,25.1056
2048-05-30 00:00:00+00:00,31.883663,39.401142,23.880457
2048-05-31 00:00:00+00:00,30.651648,37.024025,24.005312
2048-06-01 00:00:00+00:00,30.169632,36.846912,23.330168
2048-06-02 00:00:00+00:00,29.687616,36.5198,22.855024
2048-06-03 00:00:00+00:00,29.155602,35.89268,22.02988
2048-06-04 00:00:00+00:00,29.673584,36.615566,22.454739
2048-06-05 00:00:00+00:00,30.94157,38.688454,22.379591
2048-06-06 00:00:00+00:00,31.809553,40.011337,23.70445
2048-06-07 00:00:00+00:00,33.277534,42.03423,23.429306
2048-06-08 00:00:00+00:00,32.59552,37.457108,27.154163
2048-06-09 00:00:00+00:00,31.863506,37.27999,25.629019
2048-06-10 00:00:00+00:00,33.281494,39.652878,26.003874
2048-06-11 00:00:00+00:00,32.649475,38.325768,26.37873
2048-06-12 00:00:00+00:00,31.81746,37.59865,26.303589
2048-06-13 00:00:00+00:00,31.535442,37.871536,24.978445
2048-06-14 00:00:00+00:00,32.203426,37.94442,26.2033
2048-06-15 00:00:00+00:00,33.17141,40.167313,26.328157
2048-06-16 00:00:00+00:00,32.5394,39.84019,25.503014
2048-06-17 00:00:00+00:00,32.65738,39.61308,25.977869
2048-06-18 00:00:00+00:00,31.775366,36.985962,26.352724
2048-06-19 00:00:00+00:00,32.743347,40.758846,25.527582
2048-06-20 00:00:00+00:00,33.36133,38.231735,28.102438
2048-06-21 00:00:00+00:00,31.27932,35.654617,26.777294
2048-06-22 00:00:00+00:00,31.847301,38.827503,25.302153
2048-06-23 00:00:00+00:00,33.215286,42.100388,24.777008
2048-06-24 00:00:00+00:00,33.63327,40.773273,25.651863
2048-06-25 00:00:00+00:00,33.701256,40.696156,27.226719
2048-06-26 00:00:00+00:00,32.46924,39.66905,26.201576
2048-06-27 00:00:00+00:00,31.687223,38.89193,24.576433
2048-06-28 00:00:00+00:00,32.15521,38.764816,25.551289
2048-06-29 00:00:00+00:00,32.12319,37.737698,26.976145
2048-06-30 00:00:00+00:00,31.991173,39.510586,24.701002
2048-07-01 00:00:00+00:00,31.859161,39.333473,24.475859
2048-07-02 00:00:00+00:00,31.727142,37.05636,26.700712
2048-07-03 00:00:00+00:00,32.098343,36.915718,26.783194
2048-07-04 00:00:00+00:00,32.370003,37.72314,26.96676
2048-07-05 00:00:00+00:00,31.691664,38.930565,25.350327
2048-07-06 00:00:00+00:00,31.263323,36.28799,26.333895
2048-07-07 00:00:00+00:00,32.234978,36.095417,27.91746
2048-07-08 00:00:00+00:00,31.05664,36.752842,26.701029
2048-07-09 00:00:00+00:00,30.178299,36.110268,25.634596
2048-07-10 00:00:00+00:00,30.649961,36.667694,24.518162
2048-07-11 00:00:00+00:00,28.671616,32.22512,25.401728
2048-07-12 00:00:00+00:00,30.54328,36.232544,24.185295
2048-07-13 00:00:00+00:00,32.51494,38.939972,26.868864
2048-07-14 00:00:00+00:00,32.486595,40.1974,24.65243
2048-07-15 00:00:00+00:00,32.358253,37.654823,27.785997
2048-07-16 00:00:00+00:00,31.62992,37.56225,25.919563
2048-07-17 00:00:00+00:00,30.801573,36.519676,25.80313
2048-07-18 00:00:00+00:00,30.673235,37.7271,24.186697
2048-07-19 00:00:00+00:00,30.294895,34.784527,25.720266
2048-07-20 00:00:00+00:00,31.216553,35.741955,26.65383
2048-07-21 00:00:00+00:00,30.338211,33.849377,26.1874
2048-07-22 00:00:00+00:00,30.559874,36.5568,26.170967
2048-07-23 00:00:00+00:00,30.131527,35.06423,25.604534
2048-07-24 00:00:00+00:00,31.35319,36.82166,25.7381
2048-07-25 00:00:00+00:00,31.17485,36.079082,26.221668
2048-07-26 00:00:00+00:00,31.346512,35.836506,27.005234
2048-07-27 00:00:00+00:00,31.11817,35.343933,26.7888
2048-07-28 00:00:00+00:00,30.939829,35.45136,25.372368
2048-07-29 00:00:00+00:00,32.411488,38.50878,26.355934
2048-07-30 00:00:00+00:00,31.033148,37.516212,24.9395
2048-07-31 00:00:00+00:00,31.104807,36.97364,25.473066
2048-08-01 00:00:00+00:00,31.876465,37.431065,26.306637
2048-08-02 00:00:00+00:00,30.598125,36.188488,26.090202
2048-08-03 00:00:00+00:00,30.769783,37.44591,24.52377
2048-08-04 00:00:00+00:00,31.841446,37.853344,25.057339
2048-08-05 00:00:00+00:00,32.113106,37.410767,26.990906
2048-08-06 00:00:00+00:00,31.73476,37.81819,25.074472
2048-08-07 00:00:00+00:00,32.356422,37.22562,27.70804
2048-08-08 00:00:00+00:00,30.82808,36.283043,27.741606
2048-08-09 00:00:00+00:00,32.299744,40.490467,25.125174
2048-08-10 00:00:00+00:00,33.421402,41.897892,24.90874
2048-08-11 00:00:00+00:00,32.64306,39.00532,26.392307
2048-08-12 00:00:00+00:00,30.764717,35.26275,27.875874
2048-08-13 00:00:00+00:00,30.68638,36.170174,25.009441
2048-08-14 00:00:00+00:00,31.60804,38.0276,25.743006
2048-08-15 00:00:00+00:00,29.0797,34.435024,25.376572
2048-08-16 00:00:00+00:00,30.25136,35.89245,25.460142
2048-08-17 00:00:00+00:00,31.123014,37.249878,25.293709
2048-08-18 00:00:00+00:00,31.394676,37.2573,25.977276
2048-08-19 00:00:00+00:00,31.566334,37.464725,26.110844
2048-08-20 00:00:00+00:00,30.887997,36.722153,25.59441
2048-08-21 00:00:00+00:00,29.909657,35.07958,24.777977
2048-08-22 00:00:00+00:00,29.231312,32.787006,25.711546
2048-08-23 00:00:00+00:00,30.002972,34.89443,24.84511
2048-08-24 00:00:00+00:00,31.024632,36.95186,24.978678
2048-08-25 00:00:00+00:00,31.14629,38.409286,24.812244
2048-08-26 00:00:00+00:00,30.167952,35.666706,25.545813
2048-08-27 00:00:00+00:00,28.13961,31.474133,25.829378
2048-08-28 00:00:00+00:00,24.41127,26.381557,23.512947
2048-08-29 00:00:00+00:00,21.532927,20.38898,22.696512
2048-08-30 00:00:00+00:00,25.05459,27.046413,23.58008
2048-08-31 00:00:00+00:00,25.776245,27.453835,24.213648
2048-09-01 00:00:00+00:00,27.697906,31.911263,24.247215
2048-09-02 00:00:00+00:00,31.332642,40.043865,25.324787
2048-09-03 00:00:00+00:00,30.217379,35.07648,26.95236
2048-09-04 00:00:00+00:00,27.402111,28.409084,27.029932
2048-09-05 00:00:00+00:00,27.086851,29.9917,25.007507
2048-09-06 00:00:00+00:00,26.371584,28.074306,25.635075
2048-09-07 00:00:00+00:00,27.20632,29.706917,25.16265
2048-09-08 00:00:00+00:00,27.991056,31.089527,25.840221
2048-09-09 00:00:00+00:00,27.825788,32.62214,24.667793
2048-09-10 00:00:00+00:00,29.510529,34.154747,25.895367
2048-09-11 00:00:00+00:00,29.695263,34.237354,26.37294
2048-09-12 00:00:00+00:00,28.829998,35.319965,24.15051
2048-09-13 00:00:00+00:00,28.314734,33.902573,24.178083
2048-09-14 00:00:00+00:00,27.799469,32.535183,24.155657
2048-09-15 00:00:00+00:00,29.334206,33.817795,24.933228
2048-09-16 00:00:00+00:00,28.068937,33.050396,26.010801
2048-09-17 00:00:00+00:00,30.103676,36.48301,24.738373
2048-09-18 00:00:00+00:00,31.388412,38.015617,25.715946
2048-09-19 00:00:00+00:00,24.523148,25.79823,24.393518
2048-09-20 00:00:00+00:00,26.407883,28.230835,24.921093
2048-09-21 00:00:00+00:00,28.042618,30.263447,25.998665
2048-09-22 00:00:00+00:00,30.527355,37.246056,26.726238
2048-09-23 00:00:00+00:00,29.012087,32.228664,26.35381
2048-09-24 00:00:00+00:00,25.796824,25.611277,25.781382
2048-09-25 00:00:00+00:00,26.531555,27.943886,25.658955
2048-09-26 00:00:00+00:00,28.016296,30.276493,25.686527
2048-09-27 00:00:00+00:00,29.55103,33.259106,26.564098
2048-09-28 00:00:00+00:00,31.035767,36.741714,26.79167
2048-09-29 00:00:00+00:00,29.670502,33.77432,26.569244
2048-09-30 00:00:00+00:00,29.555237,34.856934,25.296818
2048-10-01 00:00:00+00:00,27.789972,28.589542,26.774387
2048-10-02 00:00:00+00:00,30.274706,35.972145,25.75196
2048-10-03 00:00:00+00:00,32.25944,39.60476,27.379534
2048-10-04 00:00:00+00:00,32.04418,40.037365,25.357107
2048-10-05 00:00:00+00:00,30.078915,37.669975,24.084679
2048-10-06 00:00:00+00:00,29.763649,37.102585,23.512249
2048-10-07 00:00:00+00:00,30.648384,36.935196,24.939823
2048-10-08 00:00:00+00:00,31.883121,37.3678,26.867395
2048-10-09 00:00:00+00:00,32.11786,37.850418,27.494967
2048-10-10 00:00:00+00:00,31.152592,36.633022,26.77254
2048-10-11 00:00:00+00:00,30.587326,36.61563,26.000116
2048-10-12 00:00:00+00:00,30.322063,36.04824,24.527687
2048-10-13 00:00:00+00:00,31.956795,38.18085,26.15526
2048-10-14 00:00:00+00:00,32.691532,40.663456,28.23283
2048-10-15 00:00:00+00:00,31.976267,39.54607,24.860403
2048-10-16 00:00:00+00:00,32.861008,38.678677,27.337973
2048-10-17 00:00:00+00:00,32.345737,37.111286,27.315548
2048-10-18 00:00:00+00:00,32.480476,39.093895,27.343122
2048-10-19 00:00:00+00:00,31.815208,40.176506,22.970694
2048-10-20 00:00:00+00:00,31.549948,39.209114,23.348267
2048-10-21 00:00:00+00:00,31.98468,37.241726,26.725838
2048-10-22 00:00:00+00:00,32.019417,38.92433,26.703411
2048-10-23 00:00:00+00:00,31.804152,39.606945,23.880983
2048-10-24 00:00:00+00:00,31.938889,39.73955,23.508556
2048-10-25 00:00:00+00:00,32.123623,39.12216,26.13613
2048-10-26 00:00:00+00:00,31.80836,39.954773,24.7637
2048-10-27 00:00:00+00:00,32.743095,39.93738,23.291275
2048-10-28 00:00:00+00:00,33.027832,38.869987,28.168844
2048-10-29 00:00:00+00:00,32.06257,38.1026,26.29642
2048-10-30 00:00:00+00:00,31.447302,38.985207,24.523993
2048-10-31 00:00:00+00:00,30.682035,37.967815,23.151562
2048-11-01 00:00:00+00:00,29.364096,36.048447,23.627
2048-11-02 00:00:00+00:00,29.327417,37.41525,21.137499
2048-11-03 00:00:00+00:00,28.990744,37.682045,19.997997
2048-11-04 00:00:00+00:00,30.354063,36.348843,24.408493
2048-11-05 00:00:00+00:00,31.21739,37.565643,26.16899
2048-11-06 00:00:00+00:00,31.68071,39.13244,23.629492
2048-11-07 00:00:00+00:00,31.494038,36.599243,26.789988
2048-11-08 00:00:00+00:00,28.957357,37.716038,19.900486
2048-11-09 00:00:00+00:00,29.020683,37.582836,19.860981
2048-11-10 00:00:00+00:00,29.484005,37.949635,21.321484
2048-11-11 00:00:00+00:00,29.99733,37.966434,21.48198
2048-11-12 00:00:00+00:00,29.810652,37.033234,22.992476
2048-11-13 00:00:00+00:00,28.573977,34.65003,24.052977
2048-11-14 00:00:00+00:00,26.487297,33.816833,19.713472
2048-11-15 00:00:00+00:00,26.550625,34.83363,18.323973
2048-11-16 00:00:00+00:00,27.413946,34.85043,19.93447
2048-11-17 00:00:00+00:00,28.77727,36.467224,21.844967
2048-11-18 00:00:00+00:00,28.690594,36.934025,20.955463
2048-11-19 00:00:00+00:00,28.053917,36.30082,20.665962
2048-11-20 00:00:00+00:00,26.317238,34.46762,18.27646
2048-11-21 00:00:00+00:00,25.880564,34.23442,17.63696
2048-11-22 00:00:00+00:00,26.193884,35.55122,16.247456
2048-11-23 00:00:00+00:00,27.207209,36.318016,17.657955
2048-11-24 00:00:00+00:00,28.47053,36.984818,19.51845
2048-11-25 00:00:00+00:00,29.883854,38.051613,21.12895
2048-11-26 00:00:00+00:00,31.097178,38.968407,22.789448
2048-11-27 00:00:00+00:00,30.810505,37.985207,23.699945
2048-11-28 00:00:00+00:00,30.223825,38.002007,21.960443
2048-11-29 00:00:00+00:00,30.63715,36.968807,24.220943
2048-11-30 00:00:00+00:00,29.200472,33.185608,25.031439
2048-12-01 00:00:00+00:00,28.313795,34.252407,23.391937
2048-12-02 00:00:00+00:00,26.77712,31.7192,21.952435
2048-12-03 00:00:00+00:00,26.290443,32.786,19.61293
2048-12-04 00:00:00+00:00,27.453766,35.1028,20.073431
2048-12-05 00:00:00+00:00,28.617088,35.169598,22.183931
2048-12-06 00:00:00+00:00,26.730412,26.986393,25.844425
2048-12-07 00:00:00+00:00,28.893734,34.753197,23.454924
2048-12-08 00:00:00+00:00,27.707058,33.36999,23.315424
2048-12-09 00:00:00+00:00,26.220383,33.23679,20.025919
2048-12-10 00:00:00+00:00,25.633705,31.153587,20.536417
2048-12-11 00:00:00+00:00,26.04703,31.270393,22.646915
2048-12-12 00:00:00+00:00,25.56035,30.487186,20.457415
2048-12-13 00:00:00+00:00,27.073677,31.453983,22.667912
2048-12-14 00:00:00+00:00,27.036999,30.570786,24.128408
2048-12-15 00:00:00+00:00,28.050323,34.88758,21.838907
2048-12-16 00:00:00+00:00,26.163645,33.45438,19.699406
2048-12-17 00:00:00+00:00,26.476969,34.67118,19.359903
2048-12-18 00:00:00+00:00,26.190292,35.187977,16.470402
2048-12-19 00:00:00+00:00,26.553614,35.454777,17.380898
2048-12-20 00:00:00+00:00,27.01694,36.671577,17.191399
2048-12-21 00:00:00+00:00,27.430262,36.58837,18.551893
2048-12-22 00:00:00+00:00,28.293587,36.40517,20.66239
2048-12-23 00:00:00+00:00,30.006908,38.77197,21.32289
2048-12-24 00:00:00+00:00,29.870232,38.28877,21.633389
2048-12-25 00:00:00+00:00,28.633554,36.455566,21.793884
2048-12-26 00:00:00+00:00,28.24688,34.622364,22.104383
2048-12-27 00:00:00+00:00,26.410202,33.089165,20.21488
2048-12-28 00:00:00+00:00,23.723528,30.755962,17.42538
2048-12-29 00:00:00+00:00,23.736849,32.122757,15.885876
2048-12-30 00:00:00+00:00,25.150175,33.63956,18.146376
2048-12-31 00:00:00+00:00,26.263496,34.05636,20.256872
2049-01-01 00:00:00+00:00,25.323423,30.419846,22.013891
2049-01-02 00:00:00+00:00,23.573166,28.273418,19.11047
2049-01-03 00:00:00+00:00,23.222904,28.72699,19.40705
2049-01-04 00:00:00+00:00,24.722647,30.630566,19.553629
2049-01-05 00:00:00+00:00,25.622389,28.13413,23.600208
2049-01-06 00:00:00+00:00,25.472132,30.487701,22.046791
2049-01-07 00:00:00+00:00,26.071873,29.991272,23.093369
2049-01-08 00:00:00+00:00,26.471613,32.79484,21.63995
2049-01-09 00:00:00+00:00,26.221354,34.198414,19.086527
2049-01-10 00:00:00+00:00,26.721098,35.251984,18.083107
2049-01-11 00:00:00+00:00,27.62084,36.95556,18.229687
2049-01-12 00:00:00+00:00,29.02058,36.309124,22.126266
2049-01-13 00:00:00+00:00,29.520323,35.212696,24.822845
2049-01-14 00:00:00+00:00,29.270065,32.666267,26.069426
2049-01-15 00:00:00+00:00,27.419807,33.669838,23.216005
2049-01-16 00:00:00+00:00,27.419546,34.573406,19.562586
2049-01-17 00:00:00+00:00,28.919289,35.37698,24.259165
2049-01-18 00:00:00+00:00,28.119028,35.78055,22.105743
2049-01-19 00:00:00+00:00,28.26877,36.08412,21.952326
2049-01-20 00:00:00+00:00,27.668514,36.137688,18.548903
2049-01-21 00:00:00+00:00,29.568253,35.091263,24.845482
2049-01-22 00:00:00+00:00,27.217995,32.04483,22.542063
2049-01-23 00:00:00+00:00,26.317738,33.748405,19.338642
2049-01-24 00:00:00+00:00,25.36748,32.60197,18.535223
2049-01-25 00:00:00+00:00,25.717218,33.10554,18.231804
2049-01-26 00:00:00+00:00,25.416964,33.10911,17.528381
2049-01-27 00:00:00+00:00,24.716702,30.012684,19.32496
2049-01-28 00:00:00+00:00,24.716444,31.216255,18.37154
2049-01-29 00:00:00+00:00,28.116186,35.469826,21.11812
2049-01-30 00:00:00+00:00,28.565926,35.5234,21.9647
2049-01-31 00:00:00+00:00,28.665668,34.426968,23.01128
2049-02-01 00:00:00+00:00,28.365412,34.73054,22.257858
2049-02-02 00:00:00+00:00,27.815153,33.984108,22.15444
2049-02-03 00:00:00+00:00,28.964893,36.587677,21.751017
2049-02-04 00:00:00+00:00,29.864634,37.991253,22.597599
2049-02-05 00:00:00+00:00,29.964376,38.444817,21.794176
2049-02-06 00:00:00+00:00,30.414118,38.548393,21.990757
2049-02-07 00:00:00+00:00,31.013859,39.051964,22.287336
2049-02-08 00:00:00+00:00,30.8636,39.35553,22.483917
2049-02-09 00:00:00+00:00,29.213343,38.109104,20.130495
2049-02-10 00:00:00+00:00,30.463085,39.662674,21.927076
2049-02-11 00:00:00+00:00,30.312828,39.966244,20.623655
2049-02-12 00:00:00+00:00,31.412565,41.019814,21.520233
2049-02-13 00:00:00+00:00,31.462307,41.023384,21.616816
2049-02-14 00:00:00+00:00,31.26205,39.976955,22.363396
2049-02-15 00:00:00+00:00,30.71179,38.78053,23.209974
2049-02-16 00:00:00+00:00,29.561533,36.384098,22.106554
2049-02-17 00:00:00+00:00,29.111275,34.487667,22.453135
2049-02-18 00:00:00+00:00,28.711018,32.39124,25.599712
2049-02-19 00:00:00+00:00,28.960754,36.39481,22.996292
2049-02-20 00:00:00+00:00,29.6605,34.64838,25.792871
2049-02-21 00:00:00+00:00,30.81024,39.801952,23.08945
2049-02-22 00:00:00+00:00,31.30998,40.40552,22.636032
2049-02-23 00:00:00+00:00,32.209724,40.309093,25.182611
2049-02-24 00:00:00+00:00,32.359467,41.312668,24.679192
2049-02-25 00:00:00+00:00,31.109207,39.366234,23.425772
2049-02-26 00:00:00+00:00,30.208948,38.019802,22.72235
2049-02-27 00:00:00+00:00,30.358688,39.323376,21.21893
2049-02-28 00:00:00+00:00,30.658432,39.326946,21.96551
2049-03-01 00:00:00+00:00,30.95817,39.68051,22.36209
2049-03-02 00:00:00+00:00,30.707914,39.784084,22.058668
2049-03-03 00:00:00+00:00,29.81246,39.142586,20.359129
2049-03-04 00:00:00+00:00,30.775017,40.009293,21.566055
2049-03-05 00:00:00+00:00,31.587572,40.676006,22.67298
2049-03-06 00:00:00+00:00,32.35013,41.592716,23.129908
2049-03-07 00:00:00+00:00,32.162685,42.559425,21.086836
2049-03-08 00:00:00+00:00,33.025246,43.92614,20.943762
2049-03-09 00:00:00+00:00,33.037796,41.24285,25.15069
2049-03-10 00:00:00+00:00,31.850355,40.259556,24.107615
2049-03-11 00:00:00+00:00,32.312912,43.276268,21.56454
2049-03-12 00:00:00+00:00,32.975464,43.49298,23.22147
2049-03-13 00:00:00+00:00,31.888023,41.659687,22.678396
2049-03-14 00:00:00+00:00,31.80058,41.4264,22.185324
2049-03-15 00:00:00+00:00,31.013134,40.393112,22.042248
2049-03-16 00:00:00+00:00,33.075687,42.759823,22.899174
2049-03-17 00:00:00+00:00,32.88825,43.576534,21.9561
2049-03-18 00:00:00+00:00,31.8008,42.093246,22.36303
2049-03-19 00:00:00+00:00,31.26336,40.709953,21.769955
2049-03-20 00:00:00+00:00,31.275913,41.126667,20.726883
2049-03-21 00:00:00+00:00,31.688469,41.243374,21.283808
2049-03-22 00:00:00+00:00,32.651024,41.160088,23.140736
2049-03-23 00:00:00+00:00,32.36358,41.7768,23.94766
2049-03-24 00:00:00+00:00,29.876137,38.74351,20.854588
2049-03-25 00:00:00+00:00,30.438692,40.01022,20.011517
2049-03-26 00:00:00+00:00,31.80125,39.376926,22.718441
2049-03-27 00:00:00+00:00,32.813805,40.84364,24.425371
2049-03-28 00:00:00+00:00,33.52636,41.160347,25.632296
2049-03-29 00:00:00+00:00,34.58892,42.727062,26.339222
2049-03-30 00:00:00+00:00,33.601475,42.593773,24.396147
2049-03-31 00:00:00+00:00,32.964027,41.610485,24.153072
2049-04-01 00:00:00+00:00,32.926586,41.727192,23.51
2049-04-02 00:00:00+00:00,31.78914,41.3939,22.016928
2049-04-03 00:00:00+00:00,32.4517,42.11061,21.873856
2049-04-04 00:00:00+00:00,31.764252,39.877323,24.430782
2049-04-05 00:00:00+00:00,31.02681,39.444035,21.88771
2049-04-06 00:00:00+00:00,32.189365,41.010746,22.744637
2049-04-07 00:00:00+00:00,33.001923,42.077457,23.501562
2049-04-08 00:00:00+00:00,34.164482,45.294163,23.65849
2049-04-09 00:00:00+00:00,34.87703,45.06088,24.115417
2049-04-10 00:00:00+00:00,34.03959,43.577587,25.072342
2049-04-11 00:00:00+00:00,33.502144,41.594296,25.77927
2049-04-12 00:00:00+00:00,33.964706,41.161003,25.286198
2049-04-13 00:00:00+00:00,35.02726,41.12772,29.193123
2049-04-14 00:00:00+00:00,35.589813,44.54443,26.950048
2049-04-15 00:00:00+00:00,34.40237,44.061142,25.056976
2049-04-16 00:00:00+00:00,33.614925,41.37785,25.913904
2049-04-17 00:00:00+00:00,33.127483,41.29456,25.17083
2049-04-18 00:00:00+00:00,33.04004,41.711273,24.727757
2049-04-19 00:00:00+00:00,32.95259,41.82798,24.384684
2049-04-20 00:00:00+00:00,33.16515,42.444695,24.44161
2049-04-21 00:00:00+00:00,33.62771,44.161404,24.248533
2049-04-22 00:00:00+00:00,32.99026,41.378117,24.755465
2049-04-23 00:00:00+00:00,33.402817,42.344826,24.86239
2049-04-24 00:00:00+00:00,32.765373,41.661533,23.769318
2049-04-25 00:00:00+00:00,32.37793,40.97825,23.426243
2049-04-26 00:00:00+00:00,33.090485,41.894955,23.43317
2049-04-27 00:00:00+00:00,34.15304,43.01167,23.990097
2049-04-28 00:00:00+00:00,34.415596,42.578377,25.147024
2049-04-29 00:00:00+00:00,35.32815,42.045086,27.80395
2049-04-30 00:00:00+00:00,38.940712,45.711796,31.160877
2049-05-01 00:00:00+00:00,37.703266,43.72851,31.117804
2049-05-02 00:00:00+00:00,35.31582,42.845215,27.67473
2049-05-03 00:00:00+00:00,35.10609,44.490017,25.015623
2049-05-04 00:00:00+00:00,33.374077,42.81291,23.740479
2049-05-05 00:00:00+00:00,33.592056,43.08579,23.815334
2049-05-06 00:00:00+00:00,33.26004,42.35867,23.590193
2049-05-07 00:00:00+00:00,32.37803,40.98156,23.065046
2049-05-08 00:00:00+00:00,32.44601,41.304447,22.039904
2049-05-09 00:00:00+00:00,33.614,42.477333,23.164759
2049-05-10 00:00:00+00:00,33.181976,41.800217,24.639616
2049-05-11 00:00:00+00:00,35.049965,43.2231,24.16447
2049-05-12 00:00:00+00:00,36.417953,40.64599,30.28933
2049-05-13 00:00:00+00:00,36.735935,41.018867,31.414186
2049-05-14 00:00:00+00:00,34.503918,35.84176,31.03904
2049-05-15 00:00:00+00:00,28.171902,30.464643,24.613897
2049-05-16 00:00:00+00:00,32.789886,39.58753,25.538754
2049-05-17 00:00:00+00:00,33.307873,40.66041,26.91361
2049-05-18 00:00:00+00:00,33.625854,40.633297,25.938463
2049-05-19 00:00:00+00:00,34.19384,39.45618,27.913322
2049-05-20 00:00:00+00:00,33.561825,37.829067,28.48818
2049-05-21 00:00:00+00:00,32.829807,37.70195,27.863035
2049-05-22 00:00:00+00:00,31.297794,37.62484,24.887892
2049-05-23 00:00:00+00:00,32.16578,38.547726,24.312748
2049-05-24 00:00:00+00:00,34.43376,38.47061,29.537603
2049-05-25 00:00:00+00:00,34.601746,38.993492,29.662462
2049-05-26 00:00:00+00:00,34.96973,42.216377,27.787315
2049-05-27 00:00:00+00:00,34.437714,42.889263,26.312172
2049-05-28 00:00:00+00:00,33.5557,39.912155,27.187029
2049-05-29 00:00:00+00:00,34.173683,38.83503,28.711887
2049-05-30 00:00:00+00:00,35.641666,40.557915,30.636744
2049-05-31 00:00:00+00:00,37.409653,45.230804,30.011599
2049-06-01 00:00:00+00:00,34.527637,38.203693,28.886452
2049-06-02 00:00:00+00:00,30.09562,33.626575,27.161312
2049-06-03 00:00:00+00:00,33.513607,39.84946,27.036167
2049-06-04 00:00:00+00:00,36.131584,42.872345,28.361025
2049-06-05 00:00:00+00:00,36.699574,42.795235,30.135878
2049-06-06 00:00:00+00:00,35.36756,41.918118,29.410738
2049-06-07 00:00:00+00:00,32.985542,38.590996,27.68559
2049-06-08 00:00:00+00:00,32.00352,38.663887,25.21045
2049-06-09 00:00:00+00:00,31.82151,38.436775,24.935303
2049-06-10 00:00:00+00:00,30.389492,35.35966,25.310163
2049-06-11 00:00:00+00:00,29.25748,34.98254,23.385015
2049-06-12 00:00:00+00:00,31.025463,38.00543,23.209875
2049-06-13 00:00:00+00:00,33.443447,41.278316,24.88473
2049-06-14 00:00:00+00:00,35.16143,43.8012,26.709587
2049-06-15 00:00:00+00:00,33.32942,39.32408,27.134443
2049-06-16 00:00:00+00:00,33.7974,38.94697,28.0593
2049-06-17 00:00:00+00:00,30.065384,31.769855,28.034155
2049-06-18 00:00:00+00:00,29.28337,29.842741,28.059013
2049-06-19 00:00:00+00:00,31.951355,37.615623,25.48387
2049-06-20 00:00:00+00:00,35.219337,42.038513,27.308725
2049-06-21 00:00:00+00:00,37.43732,43.5114,29.98358
2049-06-22 00:00:00+00:00,34.705307,41.984283,27.658436
2049-06-23 00:00:00+00:00,33.02329,38.10717,27.483295
2049-06-24 00:00:00+00:00,32.691273,37.08005,28.40815
2049-06-25 00:00:00+00:00,32.55926,35.90294,27.933004
2049-06-26 00:00:00+00:00,33.127243,38.725822,28.357862
2049-06-27 00:00:00+00:00,33.545227,41.59871,25.682718
2049-06-28 00:00:00+00:00,33.56321,40.171593,26.957573
2049-06-29 00:00:00+00:00,32.331192,38.64448,26.182432
2049-06-30 00:00:00+00:00,31.74918,37.917362,25.857286
2049-07-01 00:00:00+00:00,31.317165,39.440247,23.332144
2049-07-02 00:00:00+00:00,31.58515,39.46314,24.007
2049-07-03 00:00:00+00:00,30.35543,35.876358,25.1873
2049-07-04 00:00:00+00:00,31.72709,37.28378,25.620869
2049-07-05 00:00:00+00:00,32.44875,38.341213,27.204437
2049-07-06 00:00:00+00:00,31.520409,38.448635,26.088001
2049-07-07 00:00:00+00:00,31.142069,37.00606,26.121567
2049-07-08 00:00:00+00:00,31.913727,38.01349,25.855135
2049-07-09 00:00:00+00:00,24.535387,25.020916,23.938702
2049-07-10 00:00:00+00:00,28.507046,31.328335,25.82227
2049-07-11 00:00:00+00:00,29.328705,33.735764,25.805838
2049-07-12 00:00:00+00:00,29.700365,34.04319,25.939404
2049-07-13 00:00:00+00:00,30.822023,35.300617,26.872969
2049-07-14 00:00:00+00:00,29.493683,30.55804,28.05654
2049-07-15 00:00:00+00:00,27.015343,27.915464,26.390104
2049-07-16 00:00:00+00:00,28.237001,31.422894,25.323673
2049-07-17 00:00:00+00:00,29.80866,34.580322,25.957237
2049-07-18 00:00:00+00:00,29.68032,34.83775,25.190805
2049-07-19 00:00:00+00:00,30.301981,34.845173,26.724375
2049-07-20 00:00:00+00:00,30.373638,33.902596,27.157942
2049-07-21 00:00:00+00:00,30.095299,34.06002,27.091507
2049-07-22 00:00:00+00:00,30.366955,36.41745,25.325073
2049-07-23 00:00:00+00:00,29.938618,35.174873,25.408642
2049-07-24 00:00:00+00:00,29.760273,32.582302,27.29221
2049-07-25 00:00:00+00:00,29.731936,33.589725,25.975775
2049-07-26 00:00:00+00:00,30.403597,34.49715,27.409342
2049-07-27 00:00:00+00:00,32.125256,39.304577,26.84291
2049-07-28 00:00:00+00:00,33.096912,42.412006,26.076477
2049-07-29 00:00:00+00:00,31.168573,36.669434,26.710043
2049-07-30 00:00:00+00:00,31.440228,36.776855,26.993612
2049-07-31 00:00:00+00:00,31.011892,36.484283,26.77718
2049-08-01 00:00:00+00:00,25.683548,27.641706,23.910746
2049-08-02 00:00:00+00:00,26.905212,29.649132,23.994312
2049-08-03 00:00:00+00:00,28.126871,30.206554,25.577879
2049-08-04 00:00:00+00:00,28.94853,32.51398,25.961447
2049-08-05 00:00:00+00:00,29.570189,33.37141,26.34501
2049-08-06 00:00:00+00:00,29.89185,34.178833,26.22858
2049-08-07 00:00:00+00:00,32.26351,37.936264,27.112146
2049-08-08 00:00:00+00:00,31.235168,34.993687,28.745712
2049-08-09 00:00:00+00:00,32.106827,37.05111,28.12928
2049-08-10 00:00:00+00:00,30.478487,34.258537,27.412848
2049-08-11 00:00:00+00:00,30.950146,37.015965,25.946415
2049-08-12 00:00:00+00:00,30.371807,36.423386,25.729982
2049-08-13 00:00:00+00:00,29.643465,34.030815,26.26355
2049-08-14 00:00:00+00:00,28.415123,33.188244,25.447117
2049-08-15 00:00:00+00:00,24.786783,26.795668,23.980684
2049-08-16 00:00:00+00:00,26.40844,29.00309,24.51425
2049-08-17 00:00:00+00:00,25.480103,29.360516,22.747818
2049-08-18 00:00:00+00:00,25.25176,27.117947,23.431381
2049-08-19 00:00:00+00:00,26.473421,28.37537,24.764952
2049-08-20 00:00:00+00:00,27.595081,30.882797,24.698517
2049-08-21 00:00:00+00:00,26.216738,28.540218,24.982088
2049-08-22 00:00:00+00:00,25.188398,26.947643,23.515652
2049-08-23 00:00:00+00:00,25.910057,28.155075,24.04922
2049-08-24 00:00:00+00:00,25.681715,27.962502,23.482788
2049-08-25 00:00:00+00:00,26.403378,29.319923,23.616354
2049-08-26 00:00:00+00:00,26.325035,28.82735,24.04992
2049-08-27 00:00:00+00:00,26.796698,29.484776,24.98349
2049-08-28 00:00:00+00:00,28.118353,31.492203,25.317057
2049-08-29 00:00:00+00:00,28.790014,31.29963,26.85062
2049-08-30 00:00:00+00:00,28.011671,28.057056,27.334187
2049-08-31 00:00:00+00:00,28.833332,33.314476,26.067757
2049-09-01 00:00:00+00:00,29.404993,34.62191,26.201323
2049-09-02 00:00:00+00:00,29.523958,34.83572,25.767897
2049-09-03 00:00:00+00:00,29.058693,33.01833,26.095467
2049-09-04 00:00:00+00:00,29.393433,33.75094,25.72304
2049-09-05 00:00:00+00:00,28.928165,32.23355,26.850613
2049-09-06 00:00:00+00:00,28.7129,32.81616,25.728182
2049-09-07 00:00:00+00:00,27.797638,32.348763,26.055758
2049-09-08 00:00:00+00:00,29.03237,33.63138,25.633326
2049-09-09 00:00:00+00:00,30.31711,36.26398,25.610903
2049-09-10 00:00:00+00:00,28.551842,30.446594,26.488474
2049-09-11 00:00:00+00:00,29.43658,36.229202,24.016047
2049-09-12 00:00:00+00:00,31.121311,39.561813,24.243616
2049-09-13 00:00:00+00:00,30.05605,35.744423,25.471191
2049-09-14 00:00:00+00:00,29.590784,34.47703,25.598766
2049-09-15 00:00:00+00:00,29.62552,33.65964,25.876337
2049-09-16 00:00:00+00:00,30.010254,34.09225,26.05391
2049-09-17 00:00:00+00:00,30.89499,36.22486,26.681482
2049-09-18 00:00:00+00:00,30.079727,34.90747,25.759052
2049-09-19 00:00:00+00:00,30.264462,35.590076,25.336624
2049-09-20 00:00:00+00:00,30.949196,36.822685,25.8142
2049-09-21 00:00:00+00:00,29.783934,34.105297,26.84177
2049-09-22 00:00:00+00:00,29.818668,35.6879,25.919342
2049-09-23 00:00:00+00:00,29.953405,36.07052,25.096916
2049-09-24 00:00:00+00:00,30.438137,37.20312,24.324488
2049-09-25 00:00:00+00:00,29.672876,35.185734,24.45206
2049-09-26 00:00:00+00:00,29.65761,34.86834,24.429632
2049-09-27 00:00:00+00:00,29.892345,34.850952,25.557205
2049-09-28 00:00:00+00:00,31.17708,38.383556,25.534779
2049-09-29 00:00:00+00:00,31.161816,37.516174,24.41235
2049-09-30 00:00:00+00:00,31.996552,36.398777,28.139923
2049-10-01 00:00:00+00:00,25.281288,26.731384,23.867496
2049-10-02 00:00:00+00:00,27.066023,28.663998,25.545069
2049-10-03 00:00:00+00:00,27.000761,29.346607,24.57264
2049-10-04 00:00:00+00:00,27.285494,30.229214,24.650213
2049-10-05 00:00:00+00:00,27.37023,31.21183,23.977787
2049-10-06 00:00:00+00:00,28.354965,32.994434,24.755358
2049-10-07 00:00:00+00:00,29.039698,33.97704,25.332928
2049-10-08 00:00:00+00:00,29.474436,35.00965,25.060505
2049-10-09 00:00:00+00:00,29.75917,34.39226,25.688076
2049-10-10 00:00:00+00:00,30.243908,34.12487,27.265646
2049-10-11 00:00:00+00:00,30.82864,36.10748,26.393219
2049-10-12 00:00:00+00:00,29.963377,34.79009,26.270794
2049-10-13 00:00:00+00:00,31.298113,38.2227,25.748365
2049-10-14 00:00:00+00:00,30.43285,37.60531,25.625937
2049-10-15 00:00:00+00:00,30.767584,38.887917,24.35351
2049-10-16 00:00:00+00:00,30.552322,35.970524,27.331083
2049-10-17 00:00:00+00:00,30.787056,36.753136,25.658657
2049-10-18 00:00:00+00:00,32.67179,39.835743,26.836227
2049-10-19 00:00:00+00:00,31.106527,40.268353,23.9138
2049-10-20 00:00:00+00:00,30.791264,38.300964,24.691374
2049-10-21 00:00:00+00:00,31.026001,37.88357,24.968945
2049-10-22 00:00:00+00:00,30.560734,37.266182,25.496517
2049-10-23 00:00:00+00:00,30.245468,38.048794,23.47409
2049-10-24 00:00:00+00:00,30.430206,37.5314,23.801659
2049-10-25 00:00:00+00:00,27.864939,29.11401,26.379234
2049-10-26 00:00:00+00:00,30.799677,36.89662,25.206806
2049-10-27 00:00:00+00:00,29.78441,34.079227,25.134378
2049-10-28 00:00:00+00:00,32.319145,39.411835,27.01195
2049-10-29 00:00:00+00:00,31.20388,38.794445,24.589525
2049-10-30 00:00:00+00:00,30.888617,38.177055,24.467096
2049-10-31 00:00:00+00:00,30.723354,37.309666,24.89467
2049-11-01 00:00:00+00:00,30.408087,37.642273,23.972242
2049-11-02 00:00:00+00:00,30.174088,38.61105,22.784874
2049-11-03 00:00:00+00:00,29.53741,37.87785,23.045372
2049-11-04 00:00:00+00:00,29.100735,37.394646,21.955872
2049-11-05 00:00:00+00:00,30.114058,37.211445,23.316368
2049-11-06 00:00:00+00:00,30.527382,36.828243,25.876867
2049-11-07 00:00:00+00:00,29.940706,37.34504,23.137363
2049-11-08 00:00:00+00:00,30.104029,36.76184,23.19786
2049-11-09 00:00:00+00:00,30.467352,36.32864,25.35836
2049-11-10 00:00:00+00:00,30.730677,37.09544,23.668858
2049-11-11 00:00:00+00:00,29.744,34.062237,25.479355
2049-11-12 00:00:00+00:00,29.407322,36.279034,22.989853
2049-11-13 00:00:00+00:00,28.970642,35.545834,22.400352
2049-11-14 00:00:00+00:00,27.333967,31.212631,24.61085
2049-11-15 00:00:00+00:00,27.897291,34.529427,21.071346
2049-11-16 00:00:00+00:00,28.560616,37.496227,19.631845
2049-11-17 00:00:00+00:00,30.223938,39.013023,21.19234
2049-11-18 00:00:00+00:00,30.537258,38.27982,23.25284
2049-11-19 00:00:00+00:00,28.700586,33.946625,24.213337
2049-11-20 00:00:00+00:00,29.363909,37.513424,20.573837
2049-11-21 00:00:00+00:00,29.677233,36.38022,23.884335
2049-11-22 00:00:00+00:00,28.940556,36.747017,21.544832
2049-11-23 00:00:00+00:00,30.40388,38.363815,23.005327
2049-11-24 00:00:00+00:00,30.217201,38.430614,22.115826
2049-11-25 00:00:00+00:00,29.680527,37.997414,21.226326
2049-11-26 00:00:00+00:00,29.69385,38.16421,21.236824
2049-11-27 00:00:00+00:00,29.707172,38.53101,21.19732
2049-11-28 00:00:00+00:00,29.070496,38.247807,20.45782
2049-11-29 00:00:00+00:00,27.933819,37.11461,19.418316
2049-11-30 00:00:00+00:00,27.847143,37.531406,18.478815
2049-12-01 00:00:00+00:00,28.260466,37.998203,18.289312
2049-12-02 00:00:00+00:00,29.273787,38.765003,20.44981
2049-12-03 00:00:00+00:00,29.037111,39.231804,18.910307
2049-12-04 00:00:00+00:00,29.050434,38.5486,19.670807
2049-12-05 00:00:00+00:00,29.263756,38.315395,20.631306
2049-12-06 00:00:00+00:00,28.52708,37.632195,19.191801
2049-12-07 00:00:00+00:00,27.940405,37.648994,18.502298
2049-12-08 00:00:00+00:00,28.303728,37.365795,19.862799
2049-12-09 00:00:00+00:00,28.317049,37.18259,20.073296
2049-12-10 00:00:00+00:00,27.480377,35.34939,21.283792
2049-12-11 00:00:00+00:00,27.0437,36.066193,19.344294
2049-12-12 00:00:00+00:00,27.207022,36.682987,18.35479
2049-12-13 00:00:00+00:00,27.370344,36.799786,18.465286
2049-12-14 00:00:00+00:00,27.533669,36.516582,19.375786
2049-12-15 00:00:00+00:00,27.14699,36.03338,19.586283
2049-12-16 00:00:00+00:00,26.610315,35.750183,18.396782
2049-12-17 00:00:00+00:00,26.623636,36.01698,17.90728
2049-12-18 00:00:00+00:00,26.636963,35.283775,18.817778
2049-12-19 00:00:00+00:00,26.250284,33.950577,19.878273
2049-12-20 00:00:00+00:00,25.413609,33.517376,18.238771
2049-12-21 00:00:00+00:00,25.126932,33.63417,17.44927
2049-12-22 00:00:00+00:00,24.690256,33.200974,17.809765
2049-12-23 00:00:00+00:00,24.90358,34.017773,16.670265
2049-12-24 00:00:00+00:00,24.866901,33.73457,16.880764
2049-12-25 00:00:00+00:00,25.130224,33.351364,17.49126
2049-12-26 00:00:00+00:00,25.593548,33.368164,19.65176
2049-12-27 00:00:00+00:00,24.40687,32.084965,17.412258
2049-12-28 00:00:00+00:00,24.020195,32.00176,17.422754
2049-12-29 00:00:00+00:00,23.983517,32.868565,15.333253
2049-12-30 00:00:00+00:00,25.196842,33.93536,17.043753
2049-12-31 00:00:00+00:00,26.660164,34.40216,18.95425
2050-01-01 00:00:00+00:00,26.873487,30.818954,23.614746
2050-01-02 00:00:00+00:00,27.423231,34.672523,20.061329
2050-01-03 00:00:00+00:00,28.622972,36.0761,22.307907
2050-01-04 00:00:00+00:00,27.672712,34.42967,22.454487
2050-01-05 00:00:00+00:00,26.672455,35.583237,18.251064
2050-01-06 00:00:00+00:00,27.072195,35.286804,20.747646
2050-01-07 00:00:00+00:00,24.121939,29.040379,18.794224
2050-01-08 00:00:00+00:00,24.621677,28.793953,20.390802
2050-01-09 00:00:00+00:00,26.221418,31.29752,20.937384
2050-01-10 00:00:00+00:00,26.271162,32.70109,18.533962
2050-01-11 00:00:00+00:00,26.670904,33.25466,19.780542
2050-01-12 00:00:00+00:00,27.770647,34.60823,20.727121
2050-01-13 00:00:00+00:00,25.870386,30.861805,22.173702
2050-01-14 00:00:00+00:00,25.020128,31.515373,18.920282
2050-01-15 00:00:00+00:00,25.36987,32.368946,18.516861
2050-01-16 00:00:00+00:00,25.269611,32.372513,17.963442
2050-01-17 00:00:00+00:00,25.91935,30.826088,21.760021
2050-01-18 00:00:00+00:00,24.969093,31.079659,19.606598
2050-01-19 00:00:00+00:00,25.018835,32.433228,18.153177
2050-01-20 00:00:00+00:00,26.66858,33.286797,19.549759
2050-01-21 00:00:00+00:00,27.168318,35.790367,18.59634
2050-01-22 00:00:00+00:00,27.36806,36.14394,18.642918
2050-01-23 00:00:00+00:00,27.317802,36.447514,18.439497
2050-01-24 00:00:00+00:00,27.467543,36.85108,18.436077
2050-01-25 00:00:00+00:00,28.067286,37.654648,18.482658
2050-01-26 00:00:00+00:00,27.817026,36.75822,18.729237
2050-01-27 00:00:00+00:00,26.266768,31.911789,20.775816
2050-01-28 00:00:00+00:00,27.366508,33.91536,21.872396
2050-01-29 00:00:00+00:00,27.166252,34.66893,20.268974
2050-01-30 00:00:00+00:00,28.81599,38.422504,18.865555
2050-01-31 00:00:00+00:00,30.615734,40.226074,21.212137
2050-02-01 00:00:00+00:00,31.165474,38.679646,25.358715
2050-02-02 00:00:00+00:00,29.515217,38.683216,20.655293
2050-02-03 00:00:00+00:00,28.714958,37.636784,20.451874
2050-02-04 00:00:00+00:00,27.814701,35.990356,19.848454
2050-02-05 00:00:00+00:00,27.61444,35.243927,20.095034
2050-02-06 00:00:00+00:00,27.814182,36.2475,19.241611
2050-02-07 00:00:00+00:00,29.313923,38.251072,20.488192
2050-02-08 00:00:00+00:00,29.663664,37.70464,22.08477
2050-02-09 00:00:00+00:00,30.913408,38.70821,24.481352
2050-02-10 00:00:00+00:00,30.26315,39.16178,21.52793
2050-02-11 00:00:00+00:00,30.462893,39.615353,22.22451
2050-02-12 00:00:00+00:00,29.462633,38.26892,21.82109
2050-02-13 00:00:00+00:00,29.212372,38.972492,19.367668
2050-02-14 00:00:00+00:00,29.462114,39.526066,20.014248
2050-02-15 00:00:00+00:00,30.311855,39.529636,21.910831
2050-02-16 00:00:00+00:00,30.011599,37.983204,22.857409
2050-02-17 00:00:00+00:00,30.01134,37.73678,23.853987
2050-02-18 00:00:00+00:00,29.161083,37.340347,22.15057
2050-02-19 00:00:00+00:00,28.660824,36.693916,21.597149
2050-02-20 00:00:00+00:00,28.460562,36.997486,20.743727
2050-02-21 00:00:00+00:00,29.060305,37.501057,21.740305
2050-02-22 00:00:00+00:00,29.360044,37.35463,22.636887
2050-02-23 00:00:00+00:00,30.20979,37.8082,23.183468
2050-02-24 00:00:00+00:00,29.509531,36.96177,22.780046
2050-02-25 00:00:00+00:00,29.30927,35.015343,23.226624
2050-02-26 00:00:00+00:00,29.259014,34.668907,22.723206
2050-02-27 00:00:00+00:00,30.358753,37.72248,22.269785
2050-02-28 00:00:00+00:00,31.108496,39.476048,22.566364
2050-03-01 00:00:00+00:00,31.158236,38.179623,25.462942
2050-03-02 00:00:00+00:00,32.10798,38.733192,27.159525
2050-03-03 00:00:00+00:00,30.059322,35.238407,24.607397
2050-03-04 00:00:00+00:00,31.121876,39.455116,23.014324
2050-03-05 00:00:00+00:00,30.984434,40.271824,21.271252
2050-03-06 00:00:00+00:00,31.64699,40.58854,22.578176
2050-03-07 00:00:00+00:00,31.309547,40.65525,21.985104
2050-03-08 00:00:00+00:00,30.622105,39.97196,21.442028
2050-03-09 00:00:00+00:00,29.884657,37.38867,21.648958
2050-03-10 00:00:00+00:00,27.247215,34.555378,19.355885
2050-03-11 00:00:00+00:00,28.20977,36.62209,19.01281
2050-03-12 00:00:00+00:00,29.422325,37.388798,20.619738
2050-03-13 00:00:00+00:00,31.034882,38.455513,23.076664
2050-03-14 00:00:00+00:00,30.847437,37.572224,24.333591
2050-03-15 00:00:00+00:00,29.509995,37.588932,21.890516
2050-03-16 00:00:00+00:00,30.72255,39.005646,21.797443
2050-03-17 00:00:00+00:00,33.735107,41.722355,26.304369
2050-03-18 00:00:00+00:00,34.84766,43.039066,26.011297
2050-03-19 00:00:00+00:00,34.760216,43.105778,25.218224
2050-03-20 00:00:00+00:00,34.672775,42.472485,26.37515
2050-03-21 00:00:00+00:00,34.885326,42.739197,26.532078
2050-03-22 00:00:00+00:00,35.29789,43.15591,26.539001
2050-03-23 00:00:00+00:00,33.91044,41.32262,25.69593
2050-03-24 00:00:00+00:00,35.372997,43.28933,26.602856
2050-03-25 00:00:00+00:00,33.63555,41.056038,28.809784
2050-03-26 00:00:00+00:00,34.94811,42.22275,27.61671
2050-03-27 00:00:00+00:00,34.860664,42.389458,26.373638
2050-03-28 00:00:00+00:00,33.67322,40.706173,26.880564
2050-03-29 00:00:00+00:00,32.685776,39.87288,24.787493
2050-03-30 00:00:00+00:00,33.548336,41.639595,24.794418
2050-03-31 00:00:00+00:00,35.96089,43.106304,27.151342
2050-04-01 00:00:00+00:00,37.07345,42.92301,30.55827
2050-04-02 00:00:00+00:00,35.786003,43.13973,28.165197
2050-04-03 00:00:00+00:00,35.098557,42.906437,27.422123
2050-04-04 00:00:00+00:00,33.31111,40.273144,27.379051
2050-04-05 00:00:00+00:00,32.77367,40.63986,24.785978
2050-04-06 00:00:00+00:00,30.586226,38.556564,22.742905
2050-04-07 00:00:00+00:00,31.048782,39.57328,21.849833
2050-04-08 00:00:00+00:00,31.461342,39.08999,22.906757
2050-04-09 00:00:00+00:00,33.323895,41.406696,24.313684
2050-04-10 00:00:00+00:00,33.18645,41.12341,24.020613
2050-04-11 00:00:00+00:00,34.349007,42.74012,25.577538
2050-04-12 00:00:00+00:00,33.361565,42.00683,24.084463
2050-04-13 00:00:00+00:00,32.82412,41.373543,24.491388
2050-04-14 00:00:00+00:00,32.286674,40.540253,23.498318
2050-04-15 00:00:00+00:00,31.399231,40.806965,21.305243
2050-04-16 00:00:00+00:00,32.061787,42.323677,21.31217
2050-04-17 00:00:00+00:00,33.024345,42.540382,22.769096
2050-04-18 00:00:00+00:00,33.936897,43.857094,23.576025
2050-04-19 00:00:00+00:00,33.949455,42.4238,23.182953
2050-04-20 00:00:00+00:00,35.16201,42.190514,27.23988
2050-04-21 00:00:00+00:00,35.024563,43.057224,27.396805
2050-04-22 00:00:00+00:00,34.087124,43.273933,25.103731
2050-04-23 00:00:00+00:00,34.74968,44.94065,25.16066
2050-04-24 00:00:00+00:00,34.212234,43.907356,24.067587
2050-04-25 00:00:00+00:00,34.574787,43.37407,25.424511
2050-04-26 00:00:00+00:00,33.937347,41.390778,26.63144
2050-04-27 00:00:00+00:00,32.8499,38.657486,26.188366
2050-04-28 00:00:00+00:00,35.76246,43.424202,25.895292
2050-04-29 00:00:00+00:00,36.17502,41.040913,30.052217
2050-04-30 00:00:00+00:00,37.23757,43.60762,30.859146
2050-05-01 00:00:00+00:00,36.85013,43.27433,31.21607
2050-05-02 00:00:00+00:00,35.262684,42.49104,27.872997
2050-05-03 00:00:00+00:00,33.964096,42.446796,24.571907
2050-05-04 00:00:00+00:00,34.032078,42.819683,24.346762
2050-05-05 00:00:00+00:00,35.40007,44.642567,24.82162
2050-05-06 00:00:00+00:00,36.21805,41.86545,29.396479
2050-05-07 00:00:00+00:00,35.086037,42.23834,28.421333
2050-05-08 00:00:00+00:00,35.304016,44.11122,25.496187
2050-05-09 00:00:00+00:00,32.972,41.134106,24.821045
2050-05-10 00:00:00+00:00,34.589985,44.006996,24.095901
2050-05-11 00:00:00+00:00,34.157967,42.92988,24.920757
2050-05-12 00:00:00+00:00,34.325954,42.852764,25.395615
2050-05-13 00:00:00+00:00,33.39394,43.02565,24.22047
2050-05-14 00:00:00+00:00,32.411926,40.198536,24.945326
2050-05-15 00:00:00+00:00,31.479906,38.92142,24.720184
2050-05-16 00:00:00+00:00,31.647892,39.094303,24.145039
2050-05-17 00:00:00+00:00,31.315878,38.417187,24.319895
2050-05-18 00:00:00+00:00,32.083862,40.440075,23.344753
2050-05-19 00:00:00+00:00,32.801846,40.56296,24.26961
2050-05-20 00:00:00+00:00,33.51983,40.635845,25.394464
2050-05-21 00:00:00+00:00,33.387814,39.25873,27.069323
2050-05-22 00:00:00+00:00,35.105797,42.13162,27.04418
2050-05-23 00:00:00+00:00,36.823784,44.5045,29.069035
2050-05-24 00:00:00+00:00,34.091766,41.32739,26.993889
2050-05-25 00:00:00+00:00,33.85975,40.750275,27.918747
2050-05-26 00:00:00+00:00,32.62773,39.123158,26.593603
2050-05-27 00:00:00+00:00,32.545715,39.14604,25.468458
2050-05-28 00:00:00+00:00,32.8637,39.868927,25.343313
2050-05-29 00:00:00+00:00,33.181686,40.891815,25.268173
2050-05-30 00:00:00+00:00,33.59967,42.7147,24.993027
2050-05-31 00:00:00+00:00,32.267654,38.88758,25.717884
2050-06-01 00:00:00+00:00,33.03564,39.860474,26.192741
2050-06-02 00:00:00+00:00,33.103626,39.033356,26.617596
2050-06-03 00:00:00+00:00,34.97161,42.55624,27.542452
2050-06-04 00:00:00+00:00,34.68959,42.829124,26.91731
2050-06-05 00:00:00+00:00,33.30757,39.102013,26.392164
2050-06-06 00:00:00+00:00,33.775562,41.2749,28.167023
2050-06-07 00:00:00+00:00,32.093548,38.09778,26.29188
2050-06-08 00:00:00+00:00,33.46153,39.870667,26.766735
2050-06-09 00:00:00+00:00,32.879513,37.54355,27.74159
2050-06-10 00:00:00+00:00,34.1475,40.61644,26.766447
2050-06-11 00:00:00+00:00,36.315483,44.48932,27.941305
2050-06-12 00:00:00+00:00,35.283466,40.112206,29.816162
2050-06-13 00:00:00+00:00,34.25145,39.935093,28.591015
2050-06-14 00:00:00+00:00,35.269436,42.05798,29.265873
2050-06-15 00:00:00+00:00,33.23742,39.130863,27.59073
2050-06-16 00:00:00+00:00,30.005404,32.903748,28.265585
2050-06-17 00:00:00+00:00,30.373386,34.276634,27.34044
2050-06-18 00:00:00+00:00,33.541374,41.149525,25.715294
2050-06-19 00:00:00+00:00,35.759357,42.972404,28.590155
2050-06-20 00:00:00+00:00,32.72734,37.195286,27.76501
2050-06-21 00:00:00+00:00,32.445324,38.818176,26.739866
2050-06-22 00:00:00+00:00,32.36331,39.64106,24.61472
2050-06-23 00:00:00+00:00,28.881294,31.313946,25.939579
2050-06-24 00:00:00+00:00,30.399279,35.33683,26.264437
2050-06-25 00:00:00+00:00,30.467264,34.059715,26.289291
2050-06-26 00:00:00+00:00,33.585247,39.182602,27.764145
2050-06-27 00:00:00+00:00,33.20323,41.205486,26.189005
2050-06-28 00:00:00+00:00,31.021217,36.72837,25.46386
2050-06-29 00:00:00+00:00,28.8892,33.65126,24.738718
2050-06-30 00:00:00+00:00,29.057184,34.824142,23.213575
2050-07-01 00:00:00+00:00,30.325167,36.347027,23.93843
2050-07-02 00:00:00+00:00,31.643152,37.41991,25.063284
2050-07-03 00:00:00+00:00,32.712513,39.487007,26.291409
2050-07-04 00:00:00+00:00,34.534176,43.244427,27.224976
2050-07-05 00:00:00+00:00,32.85583,38.751854,27.508543
2050-07-06 00:00:00+00:00,32.677494,38.409283,26.94211
2050-07-07 00:00:00+00:00,32.649155,38.2167,27.425678
2050-07-08 00:00:00+00:00,32.57081,39.624126,25.859243
2050-07-09 00:00:00+00:00,31.74247,39.33156,24.442812
2050-07-10 00:00:00+00:00,31.814135,37.73898,27.076376
2050-07-11 00:00:00+00:00,28.685787,32.49641,25.009947
2050-07-12 00:00:00+00:00,31.357449,36.303837,26.593513
2050-07-13 00:00:00+00:00,31.57911,37.66126,26.127077
2050-07-14 00:00:00+00:00,31.250769,36.768684,25.160646
2050-07-15 00:00:00+00:00,32.522427,36.12611,29.044214
2050-07-16 00:00:00+00:00,30.644089,34.38354,27.427782
2050-07-17 00:00:00+00:00,31.015745,34.890965,26.861347
2050-07-18 00:00:00+00:00,33.037407,38.09839,28.194914
2050-07-19 00:00:00+00:00,32.409065,36.905815,28.228481
2050-07-20 00:00:00+00:00,32.030727,37.41324,27.562048
2050-07-21 00:00:00+00:00,30.652382,36.47067,24.995617
2050-07-22 00:00:00+00:00,31.124043,36.878098,25.479183
2050-07-23 00:00:00+00:00,29.495703,30.535515,27.512749
2050-07-24 00:00:00+00:00,32.26736,37.992943,26.746315
2050-07-25 00:00:00+00:00,32.78902,39.150368,27.129885
2050-07-26 00:00:00+00:00,32.110683,38.85779,26.063452
2050-07-27 00:00:00+00:00,32.032337,37.665222,26.897017
2050-07-28 00:00:00+00:00,32.104,37.572643,27.430584
2050-07-29 00:00:00+00:00,32.07566,38.180073,26.714151
2050-07-30 00:00:00+00:00,27.647316,31.8875,23.74772
2050-07-31 00:00:00+00:00,29.368977,33.44492,26.031286
2050-08-01 00:00:00+00:00,29.290638,33.002354,26.314852
2050-08-02 00:00:00+00:00,29.962296,34.60977,25.49842
2050-08-03 00:00:00+00:00,28.483955,32.117203,26.931986
2050-08-04 00:00:00+00:00,29.205614,32.674625,25.715553
2050-08-05 00:00:00+00:00,31.577276,36.68205,27.549122
2050-08-06 00:00:00+00:00,31.348934,37.38948,26.68269
2050-08-07 00:00:00+00:00,31.420593,36.596905,26.766254
2050-08-08 00:00:00+00:00,31.59225,35.95433,27.449823
2050-08-09 00:00:00+00:00,31.363913,35.06176,28.08339
2050-08-10 00:00:00+00:00,31.535572,36.86918,26.916958
2050-08-11 00:00:00+00:00,30.80723,35.57661,27.30052
2050-08-12 00:00:00+00:00,30.228893,34.884033,26.03409
2050-08-13 00:00:00+00:00,31.200548,34.591457,27.867657
2050-08-14 00:00:00+00:00,32.22221,37.248882,28.301224
2050-08-15 00:00:00+00:00,33.143867,41.00631,26.434793
2050-08-16 00:00:00+00:00,32.715527,39.213734,26.318357
2050-08-17 00:00:00+00:00,32.887188,39.071163,27.201923
2050-08-18 00:00:00+00:00,32.158844,38.22859,27.085491
2050-08-19 00:00:00+00:00,31.530506,37.88601,26.069057
2050-08-20 00:00:00+00:00,31.452166,37.593437,26.152628
2050-08-21 00:00:00+00:00,30.623825,35.550865,26.036194
2050-08-22 00:00:00+00:00,30.445482,35.25829,26.06976
2050-08-23 00:00:00+00:00,30.517141,35.665714,25.903328
2050-08-24 00:00:00+00:00,29.588806,34.123142,26.286896
2050-08-25 00:00:00+00:00,27.71046,29.830563,25.47046
2050-08-26 00:00:00+00:00,28.482122,32.387997,26.004026
2050-08-27 00:00:00+00:00,28.853779,32.69542,25.337597
2050-08-28 00:00:00+00:00,31.27544,35.852848,27.521164
2050-08-29 00:00:00+00:00,32.2471,39.660267,26.80473
2050-08-30 00:00:00+00:00,32.01876,38.2177,26.638298
2050-08-31 00:00:00+00:00,27.040419,28.47512,26.071863
2050-09-01 00:00:00+00:00,27.462076,30.182549,25.65543
2050-09-02 00:00:00+00:00,28.615276,32.077564,25.710999
2050-09-03 00:00:00+00:00,31.000011,35.760174,26.338572
2050-09-04 00:00:00+00:00,24.334745,25.192785,24.066147
2050-09-05 00:00:00+00:00,25.869482,28.27539,23.643717
2050-09-06 00:00:00+00:00,28.804216,34.458004,26.071291
2050-09-07 00:00:00+00:00,28.838951,34.59061,24.948864
2050-09-08 00:00:00+00:00,29.073689,32.123226,27.126434
2050-09-09 00:00:00+00:00,29.308424,32.45583,27.00401
2050-09-10 00:00:00+00:00,29.893162,33.638443,27.081581
2050-09-11 00:00:00+00:00,30.977894,36.47105,27.559153
2050-09-12 00:00:00+00:00,31.212631,36.65366,27.386724
2050-09-13 00:00:00+00:00,30.547365,35.28627,27.714298
2050-09-14 00:00:00+00:00,32.2821,37.918873,28.39187
2050-09-15 00:00:00+00:00,30.966837,35.851486,27.969442
2050-09-16 00:00:00+00:00,31.25157,36.984097,26.897017
2050-09-17 00:00:00+00:00,31.286306,37.366707,26.224588
2050-09-18 00:00:00+00:00,32.121044,37.399315,27.852161
2050-09-19 00:00:00+00:00,29.905779,35.031925,26.779736
2050-09-20 00:00:00+00:00,29.740515,35.014534,25.107304
2050-09-21 00:00:00+00:00,32.02525,36.547142,27.834877
2050-09-22 00:00:00+00:00,31.159986,36.129753,26.86245
2050-09-23 00:00:00+00:00,30.494719,34.66236,25.640022
2050-09-24 00:00:00+00:00,31.879456,38.24497,25.267595
2050-09-25 00:00:00+00:00,32.114193,37.72758,26.345167
2050-09-26 00:00:00+00:00,32.398926,37.360188,27.472742
2050-09-27 00:00:00+00:00,31.983665,36.942802,27.900312
2050-09-28 00:00:00+00:00,32.318398,37.07541,27.927885
2050-09-29 00:00:00+00:00,30.903133,34.95802,27.755459
2050-09-30 00:00:00+00:00,30.987867,36.790627,25.93303
2050-10-01 00:00:00+00:00,32.122604,37.723236,27.210604
2050-10-02 00:00:00+00:00,33.55734,38.005844,28.938175
2050-10-03 00:00:00+00:00,34.042076,39.288452,28.86575
2050-10-04 00:00:00+00:00,31.776812,34.52106,29.143322
2050-10-05 00:00:00+00:00,32.111546,37.853672,26.470892
2050-10-06 00:00:00+00:00,31.596283,38.58628,25.648466
2050-10-07 00:00:00+00:00,31.481016,37.918888,25.526037
2050-10-08 00:00:00+00:00,30.465755,33.7515,26.853607
2050-10-09 00:00:00+00:00,32.70049,38.93411,25.931183
2050-10-10 00:00:00+00:00,34.535225,41.216717,27.158756
2050-10-11 00:00:00+00:00,31.869957,35.94933,27.186325
2050-10-12 00:00:00+00:00,33.104694,39.131935,28.963898
2050-10-13 00:00:00+00:00,32.039433,39.164543,24.741472
2050-10-14 00:00:00+00:00,30.374166,39.297157,21.119045
2050-10-15 00:00:00+00:00,31.2089,38.579765,24.996616
2050-10-16 00:00:00+00:00,31.393639,38.312374,24.87419
2050-10-17 00:00:00+00:00,31.878372,39.844986,25.001762
2050-10-18 00:00:00+00:00,32.81311,41.427593,23.979334
2050-10-19 00:00:00+00:00,32.147842,37.4602,26.606907
2050-10-20 00:00:00+00:00,32.48258,38.292812,26.734482
2050-10-21 00:00:00+00:00,32.367313,39.32542,25.51205
2050-10-22 00:00:00+00:00,33.002045,41.25803,25.539623
2050-10-23 00:00:00+00:00,32.036785,40.29064,24.017197
2050-10-24 00:00:00+00:00,31.621521,39.12325,24.04477
2050-10-25 00:00:00+00:00,32.45626,37.755856,27.872343
2050-10-26 00:00:00+00:00,30.34099,39.288467,20.699915
2050-10-27 00:00:00+00:00,31.175724,39.521076,22.877485
2050-10-28 00:00:00+00:00,30.760462,38.953686,22.505058
2050-10-29 00:00:00+00:00,30.345198,38.186295,22.882633
2050-10-30 00:00:00+00:00,31.429934,40.1689,22.760204
2050-10-31 00:00:00+00:00,31.36467,40.25151,23.037777
2050-11-01 00:00:00+00:00,30.699406,38.28412,23.765348
2050-11-02 00:00:00+00:00,31.520758,40.156853,22.982248
2050-11-03 00:00:00+00:00,30.384083,37.873646,22.542747
2050-11-04 00:00:00+00:00,29.247404,35.490448,22.803244
2050-11-05 00:00:00+00:00,28.46073,33.157246,23.313742
2050-11-06 00:00:00+00:00,27.02405,31.724041,22.67424
2050-11-07 00:00:00+00:00,28.887373,36.44084,20.83474
2050-11-08 00:00:00+00:00,28.650696,35.507645,21.695236
2050-11-09 00:00:00+00:00,28.214022,35.124435,21.105732
2050-11-10 00:00:00+00:00,28.727343,36.091236,20.916233
2050-11-11 00:00:00+00:00,29.690666,38.008038,21.426731
2050-11-12 00:00:00+00:00,30.65399,38.574833,22.587229
2050-11-13 00:00:00+00:00,29.317314,36.091633,22.447727
2050-11-14 00:00:00+00:00,28.780638,36.658432,20.658222
2050-11-15 00:00:00+00:00,28.643963,37.32523,20.318722
2050-11-16 00:00:00+00:00,28.807283,37.89203,19.629223
2050-11-17 00:00:00+00:00,28.370607,37.508823,19.639719
2050-11-18 00:00:00+00:00,29.73393,38.475624,20.400215
2050-11-19 00:00:00+00:00,29.997255,37.992424,21.960712
2050-11-20 00:00:00+00:00,30.160574,37.75922,23.021212
2050-11-21 00:00:00+00:00,29.423899,37.42602,20.43171
2050-11-22 00:00:00+00:00,28.087223,34.54282,22.992207
2050-11-23 00:00:00+00:00,26.950544,34.109615,20.202705
2050-11-24 00:00:00+00:00,27.36387,35.726418,18.813204
2050-11-25 00:00:00+00:00,27.427195,36.14321,18.873701
2050-11-26 00:00:00+00:00,28.390518,37.010014,19.784199
2050-11-27 00:00:00+00:00,28.55384,36.07681,21.844698
2050-11-28 00:00:00+00:00,29.267164,36.143612,22.855196
2050-11-29 00:00:00+00:00,28.980486,35.760406,24.765692
2050-11-30 00:00:00+00:00,28.24381,36.427204,20.02619
2050-12-01 00:00:00+00:00,29.557133,36.194008,23.636688
2050-12-02 00:00:00+00:00,29.920456,37.460804,22.597187
2050-12-03 00:00:00+00:00,30.133781,37.5276,23.307684
2050-12-04 00:00:00+00:00,28.697104,36.3944,21.66818
2050-12-05 00:00:00+00:00,28.210428,35.411198,20.82868
2050-12-06 00:00:00+00:00,27.923752,34.12799,22.889175
2050-12-07 00:00:00+00:00,27.087076,34.144794,21.549675
2050-12-08 00:00:00+00:00,27.050396,35.611595,19.460175
2050-12-09 00:00:00+00:00,27.463722,35.62839,21.020672
2050-12-10 00:00:00+00:00,26.827044,33.79519,21.08117
2050-12-11 00:00:00+00:00,24.990368,31.061989,19.291666
2050-12-12 00:00:00+00:00,25.55369,34.978786,16.402164
2050-12-13 00:00:00+00:00,28.367014,37.195583,18.812662
2050-12-14 00:00:00+00:00,30.530338,38.562386,21.373161
2050-12-15 00:00:00+00:00,31.193659,38.479183,23.183659
2050-12-16 00:00:00+00:00,28.806984,34.145985,23.494154
2050-12-17 00:00:00+00:00,27.520308,34.66278,21.254654
2050-12-18 00:00:00+00:00,26.033632,33.47958,18.86515
2050-12-19 00:00:00+00:00,25.796957,34.296375,17.42565
2050-12-20 00:00:00+00:00,25.810278,34.06317,17.636147
2050-12-21 00:00:00+00:00,24.4736,29.829975,20.096647
2050-12-22 00:00:00+00:00,27.236923,35.246773,19.457142
2050-12-23 00:00:00+00:00,29.750248,36.61357,23.017641
2050-12-24 00:00:00+00:00,31.31357,36.830368,26.428137
2050-12-25 00:00:00+00:00,29.076895,32.74717,26.538637
2050-12-26 00:00:00+00:00,27.24022,33.31397,21.949133
2050-12-27 00:00:00+00:00,26.403542,34.730762,19.009634
2050-12-28 00:00:00+00:00,27.166864,36.047565,18.62013
2050-12-29 00:00:00+00:00,27.730188,35.464363,21.53063
2050-12-30 00:00:00+00:00,27.34351,34.73116,21.391125
2050-12-31 00:00:00+00:00,26.856836,34.39796,20.101622
