date,temperature_2m_mean,temperature_2m_max,temperature_2m_min
2025-01-01 00:00:00+00:00,27.816908,35.782303,20.9294
2025-01-02 00:00:00+00:00,28.98999,37.569546,20.63676
2025-01-03 00:00:00+00:00,29.963064,37.656784,22.694124
2025-01-04 00:00:00+00:00,29.436146,36.844025,22.651485
2025-01-05 00:00:00+00:00,28.109224,34.881264,21.60885
2025-01-06 00:00:00+00:00,27.282303,34.5185,20.566214
2025-01-07 00:00:00+00:00,26.75538,34.10574,19.973577
2025-01-08 00:00:00+00:00,25.42846,33.29298,18.280941
2025-01-09 00:00:00+00:00,24.701538,32.630215,17.338299
2025-01-10 00:00:00+00:00,25.574617,34.067455,17.345665
2025-01-11 00:00:00+00:00,27.6977,36.204697,19.953026
2025-01-12 00:00:00+00:00,27.770775,35.34193,20.81039
2025-01-13 00:00:00+00:00,27.493855,35.37917,20.117752
2025-01-14 00:00:00+00:00,27.566933,35.966408,19.875114
2025-01-15 00:00:00+00:00,27.990013,36.40365,20.632479
2025-01-16 00:00:00+00:00,27.36309,35.99089,18.889837
2025-01-17 00:00:00+00:00,26.836168,35.128128,18.747202
2025-01-18 00:00:00+00:00,27.259249,35.115364,20.154564
2025-01-19 00:00:00+00:00,28.432327,37.002605,19.961927
2025-01-20 00:00:00+00:00,28.955406,37.189842,20.91929
2025-01-21 00:00:00+00:00,28.478481,36.27708,21.326653
2025-01-22 00:00:00+00:00,27.601562,35.464317,20.384014
2025-01-23 00:00:00+00:00,27.32464,35.55156,19.441376
2025-01-24 00:00:00+00:00,27.44772,35.688797,19.69874
2025-01-25 00:00:00+00:00,27.920797,36.57604,19.806107
2025-01-26 00:00:00+00:00,27.94388,36.163273,19.913465
2025-01-27 00:00:00+00:00,28.916956,35.50051,22.870829
2025-01-28 00:00:00+00:00,30.740036,38.08775,24.378191
2025-01-29 00:00:00+00:00,31.213114,38.624992,24.185555
2025-01-30 00:00:00+00:00,29.536192,35.46223,23.142916
2025-01-31 00:00:00+00:00,27.659273,34.49947,21.60028
2025-02-01 00:00:00+00:00,28.73235,35.886703,22.107643
2025-02-02 00:00:00+00:00,29.35543,36.073948,23.165007
2025-02-03 00:00:00+00:00,28.878508,36.361183,21.922367
2025-02-04 00:00:00+00:00,29.051588,36.598423,21.57973
2025-02-05 00:00:00+00:00,27.624664,33.585655,21.787094
2025-02-06 00:00:00+00:00,27.497746,35.622902,19.244455
2025-02-07 00:00:00+00:00,28.87082,35.410137,23.00182
2025-02-08 00:00:00+00:00,26.2439,33.247375,19.309181
2025-02-09 00:00:00+00:00,23.76698,31.384617,16.016542
2025-02-10 00:00:00+00:00,24.990057,33.371857,16.923908
2025-02-11 00:00:00+00:00,26.11314,33.909096,18.03127
2025-02-12 00:00:00+00:00,26.836218,34.44633,18.58863
2025-02-13 00:00:00+00:00,27.509293,33.983566,21.345995
2025-02-14 00:00:00+00:00,26.782375,32.52081,21.403357
2025-02-15 00:00:00+00:00,26.705452,33.908047,19.46072
2025-02-16 00:00:00+00:00,29.22853,36.545284,21.868084
2025-02-17 00:00:00+00:00,30.451609,38.282528,23.175444
2025-02-18 00:00:00+00:00,30.574688,38.069767,23.33281
2025-02-19 00:00:00+00:00,31.647766,39.557003,24.29017
2025-02-20 00:00:00+00:00,31.920847,39.54424,24.347534
2025-02-21 00:00:00+00:00,31.593924,39.081482,24.204895
2025-02-22 00:00:00+00:00,29.917002,36.868717,22.762259
2025-02-23 00:00:00+00:00,29.640081,37.305958,21.719622
2025-02-24 00:00:00+00:00,30.413158,38.793198,22.176985
2025-02-25 00:00:00+00:00,32.03624,40.830433,23.584347
2025-02-26 00:00:00+00:00,33.30932,41.867676,24.84171
2025-02-27 00:00:00+00:00,31.582394,37.90491,24.849072
2025-02-28 00:00:00+00:00,29.755476,36.592155,23.056435
2025-03-01 00:00:00+00:00,30.828552,39.42939,22.663795
2025-03-02 00:00:00+00:00,31.201632,39.76663,22.671162
2025-03-03 00:00:00+00:00,32.03987,40.460217,23.601265
2025-03-04 00:00:00+00:00,32.403374,40.21439,24.319275
2025-03-05 00:00:00+00:00,31.616875,38.368565,24.987284
2025-03-06 00:00:00+00:00,30.380379,37.972736,22.505291
2025-03-07 00:00:00+00:00,30.443878,38.27691,22.373299
2025-03-08 00:00:00+00:00,31.007381,39.181076,22.441307
2025-03-09 00:00:00+00:00,31.570883,39.635254,23.909317
2025-03-10 00:00:00+00:00,29.484386,35.939423,22.827326
2025-03-11 00:00:00+00:00,28.097885,35.893597,20.095333
2025-03-12 00:00:00+00:00,27.061388,34.59777,18.913345
2025-03-13 00:00:00+00:00,26.874895,32.951942,20.031353
2025-03-14 00:00:00+00:00,27.538393,34.706116,20.549362
2025-03-15 00:00:00+00:00,29.551895,37.660286,21.267372
2025-03-16 00:00:00+00:00,32.215397,40.514458,23.685379
2025-03-17 00:00:00+00:00,33.178898,41.01863,25.403385
2025-03-18 00:00:00+00:00,34.2424,41.822803,26.721397
2025-03-19 00:00:00+00:00,34.1059,41.62698,26.789406
2025-03-20 00:00:00+00:00,33.919403,41.88115,26.557415
2025-03-21 00:00:00+00:00,34.782906,42.58532,27.475422
2025-03-22 00:00:00+00:00,33.94641,42.589493,24.693432
2025-03-23 00:00:00+00:00,34.60991,42.14367,27.111443
2025-03-24 00:00:00+00:00,33.92341,41.34784,26.379452
2025-03-25 00:00:00+00:00,33.636913,41.652016,25.647459
2025-03-26 00:00:00+00:00,33.800415,41.70619,25.665468
2025-03-27 00:00:00+00:00,33.11392,40.41036,24.783476
2025-03-28 00:00:00+00:00,32.327415,40.064526,24.151485
2025-03-29 00:00:00+00:00,31.84092,39.468708,24.019491
2025-03-30 00:00:00+00:00,31.204424,38.92288,23.237503
2025-03-31 00:00:00+00:00,30.317923,38.177048,22.105509
2025-04-01 00:00:00+00:00,32.381424,39.68122,24.323519
2025-04-02 00:00:00+00:00,32.344925,40.685394,23.591526
2025-04-03 00:00:00+00:00,32.60843,40.089558,24.109535
2025-04-04 00:00:00+00:00,31.971935,40.593735,23.727547
2025-04-05 00:00:00+00:00,34.98544,44.54791,25.795557
2025-04-06 00:00:00+00:00,35.79894,42.852085,28.663565
2025-04-07 00:00:00+00:00,34.662437,42.156254,26.731573
2025-04-08 00:00:00+00:00,34.17594,42.010426,26.099585
2025-04-09 00:00:00+00:00,32.589447,40.3646,24.51759
2025-04-10 00:00:00+00:00,32.50294,40.718773,24.235598
2025-04-11 00:00:00+00:00,32.366444,40.222946,24.153606
2025-04-12 00:00:00+00:00,32.32995,39.827114,24.621616
2025-04-13 00:00:00+00:00,32.74345,40.13129,24.939625
2025-04-14 00:00:00+00:00,34.30695,41.68546,26.307632
2025-04-15 00:00:00+00:00,35.020454,42.38963,27.475645
2025-04-16 00:00:00+00:00,34.78395,41.793804,27.59365
2025-04-17 00:00:00+00:00,34.49746,41.647976,26.711658
2025-04-18 00:00:00+00:00,33.21096,40.902153,24.429668
2025-04-19 00:00:00+00:00,35.17446,43.806324,26.04768
2025-04-20 00:00:00+00:00,37.487965,45.860497,28.765686
2025-04-21 00:00:00+00:00,35.401466,42.21467,27.333696
2025-04-22 00:00:00+00:00,33.414967,40.41884,25.001705
2025-04-23 00:00:00+00:00,32.72847,39.97301,24.469713
2025-04-24 00:00:00+00:00,33.19197,41.277184,24.937723
2025-04-25 00:00:00+00:00,35.305473,43.33136,26.505732
2025-04-26 00:00:00+00:00,34.068977,40.78553,26.77374
2025-04-27 00:00:00+00:00,32.68248,39.6397,25.241747
2025-04-28 00:00:00+00:00,32.045982,39.443874,24.059757
2025-04-29 00:00:00+00:00,33.459476,41.348045,24.927765
2025-04-30 00:00:00+00:00,35.72298,43.652218,27.295774
2025-05-01 00:00:00+00:00,34.636486,39.506393,28.363785
2025-05-02 00:00:00+00:00,34.949986,41.410564,27.831793
2025-05-03 00:00:00+00:00,33.418903,41.414192,26.168041
2025-05-04 00:00:00+00:00,30.193233,37.717266,22.422531
2025-05-05 00:00:00+00:00,29.817554,37.47034,21.527018
2025-05-06 00:00:00+00:00,32.341885,39.873417,24.381506
2025-05-07 00:00:00+00:00,33.516216,40.926495,25.585995
2025-05-08 00:00:00+00:00,34.540543,42.379574,26.09048
2025-05-09 00:00:00+00:00,36.91487,45.28265,28.344969
2025-05-10 00:00:00+00:00,36.689198,44.385727,27.949463
2025-05-11 00:00:00+00:00,36.41353,44.6888,27.403948
2025-05-12 00:00:00+00:00,36.03785,43.64188,27.908438
2025-05-13 00:00:00+00:00,33.96218,40.794956,25.812927
2025-05-14 00:00:00+00:00,32.436512,39.398033,24.567413
2025-05-15 00:00:00+00:00,30.91084,38.30111,22.821903
2025-05-16 00:00:00+00:00,30.635164,38.104187,22.77639
2025-05-17 00:00:00+00:00,29.209496,36.007263,21.83088
2025-05-18 00:00:00+00:00,29.633823,36.36034,22.535366
2025-05-19 00:00:00+00:00,30.708147,37.713417,23.539856
2025-05-20 00:00:00+00:00,32.98248,40.266495,25.044346
2025-05-21 00:00:00+00:00,33.906807,41.71957,25.598833
2025-05-22 00:00:00+00:00,35.181133,43.17265,27.003323
2025-05-23 00:00:00+00:00,37.255463,45.025723,29.45781
2025-05-24 00:00:00+00:00,36.07979,42.628803,28.912296
2025-05-25 00:00:00+00:00,35.054115,41.631878,27.616787
2025-05-26 00:00:00+00:00,33.928448,41.234955,25.521275
2025-05-27 00:00:00+00:00,33.252777,40.388027,25.625763
2025-05-28 00:00:00+00:00,34.027103,41.54111,25.830252
2025-05-29 00:00:00+00:00,37.101433,44.89418,29.43474
2025-05-30 00:00:00+00:00,35.725758,42.947258,28.039232
2025-05-31 00:00:00+00:00,33.650085,40.500336,25.793718
2025-06-01 00:00:00+00:00,33.524414,40.453415,26.248203
2025-06-02 00:00:00+00:00,33.398743,41.15649,25.352694
2025-06-03 00:00:00+00:00,33.723072,41.159565,25.907183
2025-06-04 00:00:00+00:00,33.2474,40.262646,25.41167
2025-06-05 00:00:00+00:00,33.071724,39.815723,25.51616
2025-06-06 00:00:00+00:00,32.846058,39.6688,25.920647
2025-06-07 00:00:00+00:00,32.770386,39.671875,25.625135
2025-06-08 00:00:00+00:00,34.394707,42.224953,26.579624
2025-06-09 00:00:00+00:00,37.16904,45.82803,28.184113
2025-06-10 00:00:00+00:00,33.443367,40.031105,25.988604
2025-06-11 00:00:00+00:00,32.067696,38.93418,25.793089
2025-06-12 00:00:00+00:00,31.792023,38.587257,25.09758
2025-06-13 00:00:00+00:00,32.416355,39.44034,24.952065
2025-06-14 00:00:00+00:00,33.490677,39.993412,26.156557
2025-06-15 00:00:00+00:00,33.41501,38.546486,27.861044
2025-06-16 00:00:00+00:00,33.589336,40.299564,26.365532
2025-06-17 00:00:00+00:00,32.963665,39.802643,26.020021
2025-06-18 00:00:00+00:00,33.33799,40.155716,25.824509
2025-06-19 00:00:00+00:00,33.11232,40.058792,25.979
2025-06-20 00:00:00+00:00,32.03665,38.81187,25.783485
2025-06-21 00:00:00+00:00,32.76097,39.26495,26.187973
2025-06-22 00:00:00+00:00,32.385307,39.268024,25.242464
2025-06-23 00:00:00+00:00,30.10963,36.1711,25.546953
2025-06-24 00:00:00+00:00,30.133957,35.924175,25.05144
2025-06-25 00:00:00+00:00,32.25829,38.527256,26.405928
2025-06-26 00:00:00+00:00,32.08261,38.48033,26.960417
2025-06-27 00:00:00+00:00,30.806944,36.833405,25.314903
2025-06-28 00:00:00+00:00,31.381271,37.036484,26.369392
2025-06-29 00:00:00+00:00,32.055603,37.739563,26.073883
2025-06-30 00:00:00+00:00,32.429928,38.94264,26.27837
2025-07-01 00:00:00+00:00,31.304258,35.345715,27.432858
2025-07-02 00:00:00+00:00,31.778584,36.848793,27.437347
2025-07-03 00:00:00+00:00,31.849602,37.35593,26.425423
2025-07-04 00:00:00+00:00,31.618624,37.71551,25.603651
2025-07-05 00:00:00+00:00,29.487646,34.275093,23.431871
2025-07-06 00:00:00+00:00,27.65667,31.834675,23.460096
2025-07-07 00:00:00+00:00,29.025694,33.74425,25.838324
2025-07-08 00:00:00+00:00,30.394718,35.90383,25.266548
2025-07-09 00:00:00+00:00,30.66374,35.863415,26.244776
2025-07-10 00:00:00+00:00,28.482765,34.92299,24.773003
2025-07-11 00:00:00+00:00,27.301788,31.582573,24.251226
2025-07-12 00:00:00+00:00,27.670813,31.692146,24.22945
2025-07-13 00:00:00+00:00,28.889835,33.60173,24.507675
2025-07-14 00:00:00+00:00,29.15886,35.76131,23.885902
2025-07-15 00:00:00+00:00,27.227884,31.220886,23.064127
2025-07-16 00:00:00+00:00,29.396908,34.58047,24.342354
2025-07-17 00:00:00+00:00,30.96593,36.240047,25.620579
2025-07-18 00:00:00+00:00,29.134954,35.89963,25.248802
2025-07-19 00:00:00+00:00,26.85398,31.509209,23.32703
2025-07-20 00:00:00+00:00,28.573,33.218792,23.855255
2025-07-21 00:00:00+00:00,30.942028,36.328365,25.53348
2025-07-22 00:00:00+00:00,30.66105,36.03795,25.761707
2025-07-23 00:00:00+00:00,29.980074,35.547527,24.739933
2025-07-24 00:00:00+00:00,26.099096,30.107105,23.418158
2025-07-25 00:00:00+00:00,26.068121,30.266685,22.996382
2025-07-26 00:00:00+00:00,25.987146,31.976265,22.624607
2025-07-27 00:00:00+00:00,24.25617,26.385849,22.402834
2025-07-28 00:00:00+00:00,24.775192,28.245428,21.781061
2025-07-29 00:00:00+00:00,27.694218,32.50501,22.609282
2025-07-30 00:00:00+00:00,30.813238,35.614586,25.53751
2025-07-31 00:00:00+00:00,27.982264,32.674164,23.965736
2025-08-01 00:00:00+00:00,27.451288,32.133743,22.89396
2025-08-02 00:00:00+00:00,28.020311,31.643326,24.222187
2025-08-03 00:00:00+00:00,26.689335,28.852901,24.350414
2025-08-04 00:00:00+00:00,27.158361,31.212486,23.028639
2025-08-05 00:00:00+00:00,28.777382,34.322067,23.556862
2025-08-06 00:00:00+00:00,26.196407,29.231644,23.13509
2025-08-07 00:00:00+00:00,25.41543,28.541227,22.513313
2025-08-08 00:00:00+00:00,25.584454,27.700806,23.391539
2025-08-09 00:00:00+00:00,26.253479,29.510384,23.219765
2025-08-10 00:00:00+00:00,24.322502,26.769962,22.44799
2025-08-11 00:00:00+00:00,26.091524,29.929543,22.476217
2025-08-12 00:00:00+00:00,26.010551,29.08912,23.404442
2025-08-13 00:00:00+00:00,25.529573,28.598703,22.83267
2025-08-14 00:00:00+00:00,26.998598,31.458282,22.560892
2025-08-15 00:00:00+00:00,26.917624,30.31786,23.88912
2025-08-16 00:00:00+00:00,26.436644,30.12744,23.167345
2025-08-17 00:00:00+00:00,26.705667,31.08702,23.095568
2025-08-18 00:00:00+00:00,26.52469,30.2966,23.173794
2025-08-19 00:00:00+00:00,25.293716,28.756184,22.75202
2025-08-20 00:00:00+00:00,26.412739,31.065762,22.680244
2025-08-21 00:00:00+00:00,26.881763,31.72534,23.458473
2025-08-22 00:00:00+00:00,27.050787,31.634918,23.386698
2025-08-23 00:00:00+00:00,27.169811,31.444502,23.614923
2025-08-24 00:00:00+00:00,27.238834,31.554081,23.643148
2025-08-25 00:00:00+00:00,27.507858,32.06366,23.921373
2025-08-26 00:00:00+00:00,26.526882,30.373241,23.849598
2025-08-27 00:00:00+00:00,26.195908,29.282816,22.977827
2025-08-28 00:00:00+00:00,28.46493,32.742397,23.906052
2025-08-29 00:00:00+00:00,28.833952,33.65198,24.884274
2025-08-30 00:00:00+00:00,26.152979,29.21156,23.712502
2025-08-31 00:00:00+00:00,26.672003,31.071138,23.990726
2025-09-01 00:00:00+00:00,27.391026,31.880722,23.668951
2025-09-02 00:00:00+00:00,27.845896,32.986874,24.415688
2025-09-03 00:00:00+00:00,27.696049,32.691887,24.951921
2025-09-04 00:00:00+00:00,26.846203,29.846899,23.78816
2025-09-05 00:00:00+00:00,26.896355,30.701916,24.1244
2025-09-06 00:00:00+00:00,26.546507,30.006927,23.660635
2025-09-07 00:00:00+00:00,26.74666,31.26194,23.446873
2025-09-08 00:00:00+00:00,27.546814,32.316956,22.733107
2025-09-09 00:00:00+00:00,27.746965,32.371967,24.419348
2025-09-10 00:00:00+00:00,27.547117,32.376984,23.855581
2025-09-11 00:00:00+00:00,28.197273,33.031994,23.64182
2025-09-12 00:00:00+00:00,29.097424,33.587006,24.328058
2025-09-13 00:00:00+00:00,29.897577,34.34202,25.464296
2025-09-14 00:00:00+00:00,29.197731,33.247036,25.950535
2025-09-15 00:00:00+00:00,28.047886,32.65205,24.63677
2025-09-16 00:00:00+00:00,28.198036,33.657063,23.82301
2025-09-17 00:00:00+00:00,28.648188,34.012077,24.459246
2025-09-18 00:00:00+00:00,28.098343,32.86709,24.44548
2025-09-19 00:00:00+00:00,28.498495,33.322098,24.081718
2025-09-20 00:00:00+00:00,29.098646,34.027115,25.417955
2025-09-21 00:00:00+00:00,28.048801,33.33213,24.654192
2025-09-22 00:00:00+00:00,26.698954,31.08714,23.64043
2025-09-23 00:00:00+00:00,26.249107,29.692156,23.476667
2025-09-24 00:00:00+00:00,26.899258,31.097168,23.612904
2025-09-25 00:00:00+00:00,27.549412,32.15218,23.84914
2025-09-26 00:00:00+00:00,27.499565,32.2072,23.735378
2025-09-27 00:00:00+00:00,28.749716,34.21221,23.971617
2025-09-28 00:00:00+00:00,28.39987,33.41722,24.257854
2025-09-29 00:00:00+00:00,25.850021,28.772236,23.19409
2025-09-30 00:00:00+00:00,25.650175,28.977251,22.880331
2025-10-01 00:00:00+00:00,26.200329,30.78226,21.466568
2025-10-02 00:00:00+00:00,28.650482,34.887276,22.402803
2025-10-03 00:00:00+00:00,29.400635,34.942287,24.23904
2025-10-04 00:00:00+00:00,28.600786,33.4473,23.575277
2025-10-05 00:00:00+00:00,28.700941,33.952316,23.361515
2025-10-06 00:00:00+00:00,29.151093,35.00733,23.59775
2025-10-07 00:00:00+00:00,29.051247,34.96234,23.483986
2025-10-08 00:00:00+00:00,27.951399,32.417355,23.920227
2025-10-09 00:00:00+00:00,26.951553,30.222368,24.106464
2025-10-10 00:00:00+00:00,27.451706,32.17738,24.1427
2025-10-11 00:00:00+00:00,28.101856,34.0824,22.728937
2025-10-12 00:00:00+00:00,28.902008,36.03741,22.215176
2025-10-13 00:00:00+00:00,28.152163,33.842422,22.901413
2025-10-14 00:00:00+00:00,27.402317,32.947437,22.38765
2025-10-15 00:00:00+00:00,27.80247,33.70245,22.123886
2025-10-16 00:00:00+00:00,28.152622,32.75746,23.660126
2025-10-17 00:00:00+00:00,28.302776,34.16248,22.196363
2025-10-18 00:00:00+00:00,27.952929,33.66749,22.732601
2025-10-19 00:00:00+00:00,28.453081,33.572502,23.568834
2025-10-20 00:00:00+00:00,28.853233,34.177517,23.455074
2025-10-21 00:00:00+00:00,29.103388,34.93253,22.991312
2025-10-22 00:00:00+00:00,29.053541,34.587543,24.127548
2025-10-23 00:00:00+00:00,29.003693,34.292557,23.963785
2025-10-24 00:00:00+00:00,29.053846,34.44757,24.10002
2025-10-25 00:00:00+00:00,28.653996,34.852585,23.486258
2025-10-26 00:00:00+00:00,28.75415,34.4076,22.822496
2025-10-27 00:00:00+00:00,28.454304,34.31261,23.108734
2025-10-28 00:00:00+00:00,28.754456,34.01762,23.994968
2025-10-29 00:00:00+00:00,28.704609,34.772636,23.431208
2025-10-30 00:00:00+00:00,28.854763,36.07765,22.017447
2025-10-31 00:00:00+00:00,28.204918,35.232666,22.703684
2025-11-01 00:00:00+00:00,28.505068,35.937675,21.83992
2025-11-02 00:00:00+00:00,29.878761,38.63036,22.849417
2025-11-03 00:00:00+00:00,29.848675,36.871277,22.805094
2025-11-04 00:00:00+00:00,29.01859,34.912197,22.460772
2025-11-05 00:00:00+00:00,27.838507,34.15312,21.16645
2025-11-06 00:00:00+00:00,27.658422,34.444035,20.522127
2025-11-07 00:00:00+00:00,28.128338,35.78495,21.327803
2025-11-08 00:00:00+00:00,27.89825,34.825874,21.08348
2025-11-09 00:00:00+00:00,28.418165,35.41679,22.789158
2025-11-10 00:00:00+00:00,28.838081,36.20771,21.944836
2025-11-11 00:00:00+00:00,28.807995,36.148632,22.200512
2025-11-12 00:00:00+00:00,28.72791,36.13955,22.506191
2025-11-13 00:00:00+00:00,27.547821,35.530468,21.01187
2025-11-14 00:00:00+00:00,26.967737,34.671387,21.017546
2025-11-15 00:00:00+00:00,26.537653,34.662304,20.273222
2025-11-16 00:00:00+00:00,26.857567,34.203224,20.528902
2025-11-17 00:00:00+00:00,27.727482,32.44414,23.084576
2025-11-18 00:00:00+00:00,27.647396,32.93506,22.090254
2025-11-19 00:00:00+00:00,29.267313,34.67598,24.29593
2025-11-20 00:00:00+00:00,26.387226,32.4169,21.151611
2025-11-21 00:00:00+00:00,25.707142,33.25782,18.507286
2025-11-22 00:00:00+00:00,26.577059,34.19874,18.312963
2025-11-23 00:00:00+00:00,27.096968,35.089657,20.01864
2025-11-24 00:00:00+00:00,26.216883,34.580574,19.224318
2025-11-25 00:00:00+00:00,25.386799,34.37149,17.629997
2025-11-26 00:00:00+00:00,25.606714,34.86241,17.885674
2025-11-27 00:00:00+00:00,26.126627,34.75333,18.09135
2025-11-28 00:00:00+00:00,26.046543,34.694252,18.14703
2025-11-29 00:00:00+00:00,25.766457,34.685173,17.202705
2025-11-30 00:00:00+00:00,26.486374,35.52609,18.558384
2025-12-01 00:00:00+00:00,26.256285,35.41701,18.16406
2025-12-02 00:00:00+00:00,25.9262,35.10793,17.919737
2025-12-03 00:00:00+00:00,25.446114,34.848854,16.725414
2025-12-04 00:00:00+00:00,25.21603,34.289764,16.581093
2025-12-05 00:00:00+00:00,25.435944,34.480682,17.036772
2025-12-06 00:00:00+00:00,25.30586,33.921604,17.992447
2025-12-07 00:00:00+00:00,24.675774,33.71252,16.248125
2025-12-08 00:00:00+00:00,24.895687,33.153446,17.703804
2025-12-09 00:00:00+00:00,25.0156,33.044365,18.159477
2025-12-10 00:00:00+00:00,24.18552,31.53528,17.565157
2025-12-11 00:00:00+00:00,24.105434,30.076202,18.420835
2025-12-12 00:00:00+00:00,23.325348,29.71712,17.526512
2025-12-13 00:00:00+00:00,22.24526,28.658035,16.73219
2025-12-14 00:00:00+00:00,22.715176,30.098957,15.837865
2025-12-15 00:00:00+00:00,23.285091,31.539875,15.943542
2025-12-16 00:00:00+00:00,23.305004,31.380795,16.09922
2025-12-17 00:00:00+00:00,23.024918,31.421713,15.554898
2025-12-18 00:00:00+00:00,22.994835,31.51263,15.310575
2025-12-19 00:00:00+00:00,24.214748,32.703552,16.416252
2025-12-20 00:00:00+00:00,25.684664,33.544468,18.621931
2025-12-21 00:00:00+00:00,25.554579,32.985386,19.077608
2025-12-22 00:00:00+00:00,24.024496,31.776306,17.083284
2025-12-23 00:00:00+00:00,23.844408,31.867226,16.538963
2025-12-24 00:00:00+00:00,23.764322,31.358145,16.994638
2025-12-25 00:00:00+00:00,23.134237,31.149061,16.200317
2025-12-26 00:00:00+00:00,23.054153,31.439987,14.955993
2025-12-27 00:00:00+00:00,23.574066,31.930904,15.76167
2025-12-28 00:00:00+00:00,24.14398,31.72182,17.217348
2025-12-29 00:00:00+00:00,23.613894,30.612741,17.223026
2025-12-30 00:00:00+00:00,23.38381,30.353659,16.828707
2025-12-31 00:00:00+00:00,23.053726,30.14458,16.534382
2026-01-01 00:00:00+00:00,22.77364,29.885498,16.34006
2026-01-02 00:00:00+00:00,22.646719,29.772734,16.197422
2026-01-03 00:00:00+00:00,22.8198,30.659977,16.054785
2026-01-04 00:00:00+00:00,23.392876,31.547213,16.312145
2026-01-05 00:00:00+00:00,24.015955,32.884453,15.819509
2026-01-06 00:00:00+00:00,24.839033,33.57169,16.626873
2026-01-07 00:00:00+00:00,25.662111,32.808933,19.434235
2026-01-08 00:00:00+00:00,25.835192,33.396168,19.241598
2026-01-09 00:00:00+00:00,24.858267,31.433409,18.79896
2026-01-10 00:00:00+00:00,24.231348,32.020645,17.156322
2026-01-11 00:00:00+00:00,24.804426,32.307884,17.763685
2026-01-12 00:00:00+00:00,25.327507,31.895119,19.921047
2026-01-13 00:00:00+00:00,24.900585,30.78236,19.278412
2026-01-14 00:00:00+00:00,25.623665,33.6196,18.035774
2026-01-15 00:00:00+00:00,26.046741,34.45684,18.043137
2026-01-16 00:00:00+00:00,26.919819,34.844078,20.1005
2026-01-17 00:00:00+00:00,26.592897,31.181316,21.807861
2026-01-18 00:00:00+00:00,23.91598,29.468555,18.915224
2026-01-19 00:00:00+00:00,24.639055,30.255795,19.472586
2026-01-20 00:00:00+00:00,25.012136,31.243034,18.979948
2026-01-21 00:00:00+00:00,25.585215,31.830269,20.187313
2026-01-22 00:00:00+00:00,26.458292,33.717506,20.094675
2026-01-23 00:00:00+00:00,25.431374,31.604752,19.802038
2026-01-24 00:00:00+00:00,23.65445,29.89199,17.7594
2026-01-25 00:00:00+00:00,23.47753,31.179226,16.866764
2026-01-26 00:00:00+00:00,23.55061,31.516464,15.524127
2026-01-27 00:00:00+00:00,23.623686,31.203703,15.731488
2026-01-28 00:00:00+00:00,23.896765,31.69094,16.23885
2026-01-29 00:00:00+00:00,24.869844,33.228184,16.796213
2026-01-30 00:00:00+00:00,26.542921,34.46542,17.953577
2026-01-31 00:00:00+00:00,22.766003,28.652658,14.960938
2026-02-01 00:00:00+00:00,25.389082,32.889896,18.318302
2026-02-02 00:00:00+00:00,26.862158,35.577137,18.725664
2026-02-03 00:00:00+00:00,28.385239,37.064373,20.083027
2026-02-04 00:00:00+00:00,27.608316,33.401615,21.99039
2026-02-05 00:00:00+00:00,29.331396,38.08885,20.397753
2026-02-06 00:00:00+00:00,29.504475,37.876095,21.205116
2026-02-07 00:00:00+00:00,30.177555,37.41333,23.262478
2026-02-08 00:00:00+00:00,29.40063,36.850567,22.31984
2026-02-09 00:00:00+00:00,28.473711,36.08781,21.127203
2026-02-10 00:00:00+00:00,28.346786,36.025043,20.934565
2026-02-11 00:00:00+00:00,28.66987,35.562286,21.691927
2026-02-12 00:00:00+00:00,27.442947,34.39952,20.59929
2026-02-13 00:00:00+00:00,26.866026,34.786766,19.306654
2026-02-14 00:00:00+00:00,27.189104,35.824,18.464016
2026-02-15 00:00:00+00:00,27.962183,37.36124,18.571379
2026-02-16 00:00:00+00:00,29.285261,38.198475,20.178741
2026-02-17 00:00:00+00:00,30.30834,38.585716,22.436102
2026-02-18 00:00:00+00:00,30.581419,38.722958,22.79347
2026-02-19 00:00:00+00:00,30.8545,38.810196,23.900831
2026-02-20 00:00:00+00:00,30.977573,39.497433,23.208195
2026-02-21 00:00:00+00:00,30.350657,38.934673,23.015554
2026-02-22 00:00:00+00:00,29.723732,38.671913,20.522917
2026-02-23 00:00:00+00:00,29.246815,36.75915,21.780281
2026-02-24 00:00:00+00:00,28.069893,36.146393,20.087643
2026-02-25 00:00:00+00:00,28.39297,36.63363,20.445005
2026-02-26 00:00:00+00:00,28.616047,36.77086,20.70237
2026-02-27 00:00:00+00:00,28.739128,36.8081,20.80973
2026-02-28 00:00:00+00:00,28.662207,36.94534,20.467093
2026-03-01 00:00:00+00:00,28.835285,37.132576,20.624454
2026-03-02 00:00:00+00:00,28.808367,35.969822,21.83182
2026-03-03 00:00:00+00:00,29.836496,38.159176,22.146765
2026-03-04 00:00:00+00:00,30.249996,38.763344,22.014772
2026-03-05 00:00:00+00:00,30.813501,39.11752,22.18278
2026-03-06 00:00:00+00:00,31.277002,39.02169,23.700788
2026-03-07 00:00:00+00:00,31.140503,39.725864,22.418797
2026-03-08 00:00:00+00:00,31.554005,40.18004,22.836807
2026-03-09 00:00:00+00:00,31.817503,40.184216,23.504816
2026-03-10 00:00:00+00:00,31.38101,39.488377,23.222824
2026-03-11 00:00:00+00:00,31.194511,40.042553,22.790834
2026-03-12 00:00:00+00:00,30.908014,39.896725,22.208843
2026-03-13 00:00:00+00:00,29.221518,36.8009,22.02685
2026-03-14 00:00:00+00:00,28.235016,35.25507,21.144861
2026-03-15 00:00:00+00:00,28.898516,36.65924,21.412868
2026-03-16 00:00:00+00:00,30.56202,39.063416,21.88088
2026-03-17 00:00:00+00:00,30.175522,37.71759,22.998886
2026-03-18 00:00:00+00:00,31.489025,39.921764,23.066893
2026-03-19 00:00:00+00:00,32.652527,41.025932,24.634903
2026-03-20 00:00:00+00:00,32.966026,40.930107,25.15291
2026-03-21 00:00:00+00:00,32.57953,40.03428,25.520924
2026-03-22 00:00:00+00:00,31.643036,39.38845,23.888927
2026-03-23 00:00:00+00:00,31.806534,39.84262,23.60694
2026-03-24 00:00:00+00:00,32.070038,39.896797,24.324947
2026-03-25 00:00:00+00:00,32.083538,39.80097,24.392958
2026-03-26 00:00:00+00:00,32.49704,40.05514,24.760965
2026-03-27 00:00:00+00:00,33.71054,42.05931,25.128975
2026-03-28 00:00:00+00:00,34.424046,42.863487,25.796984
2026-03-29 00:00:00+00:00,35.637547,44.467655,27.064991
2026-03-30 00:00:00+00:00,35.70105,44.62183,27.083
2026-03-31 00:00:00+00:00,36.264553,44.376,28.45101
2026-04-01 00:00:00+00:00,34.12805,41.580173,26.169016
2026-04-02 00:00:00+00:00,32.591553,40.934353,24.087027
2026-04-03 00:00:00+00:00,33.705055,41.83852,24.605034
2026-04-04 00:00:00+00:00,32.568558,39.742695,25.173042
2026-04-05 00:00:00+00:00,32.28206,39.646862,24.441051
2026-04-06 00:00:00+00:00,33.245564,40.951035,25.359062
2026-04-07 00:00:00+00:00,33.90906,41.60521,25.67707
2026-04-08 00:00:00+00:00,34.422565,41.959385,26.045078
2026-04-09 00:00:00+00:00,34.48607,41.96356,26.313087
2026-04-10 00:00:00+00:00,34.449566,42.06773,26.481098
2026-04-11 00:00:00+00:00,34.313072,41.8719,26.199106
2026-04-12 00:00:00+00:00,33.62657,41.576073,25.467115
2026-04-13 00:00:00+00:00,33.990074,41.380245,26.535122
2026-04-14 00:00:00+00:00,33.65358,41.184418,25.703135
2026-04-15 00:00:00+00:00,33.91708,41.58859,25.921139
2026-04-16 00:00:00+00:00,33.980576,40.892765,26.289148
2026-04-17 00:00:00+00:00,33.794083,41.396935,25.407156
2026-04-18 00:00:00+00:00,34.20759,42.301105,26.075167
2026-04-19 00:00:00+00:00,34.221085,42.605278,25.693174
2026-04-20 00:00:00+00:00,34.634583,42.95945,25.311184
2026-04-21 00:00:00+00:00,35.49809,42.713623,27.929193
2026-04-22 00:00:00+00:00,35.461594,42.917793,27.347202
2026-04-23 00:00:00+00:00,33.92509,41.021973,26.615213
2026-04-24 00:00:00+00:00,32.188595,39.776146,24.783218
2026-04-25 00:00:00+00:00,31.502096,38.880314,23.501226
2026-04-26 00:00:00+00:00,31.3656,38.834488,23.169235
2026-04-27 00:00:00+00:00,31.029106,36.988655,25.387245
2026-04-28 00:00:00+00:00,31.292604,36.442833,26.205256
2026-04-29 00:00:00+00:00,32.856102,40.547,25.573261
2026-04-30 00:00:00+00:00,34.119606,41.251175,26.791273
2026-05-01 00:00:00+00:00,33.533108,40.05535,26.659279
2026-05-02 00:00:00+00:00,34.74661,42.15952,26.427288
2026-05-03 00:00:00+00:00,35.96282,43.763416,27.654419
2026-05-04 00:00:00+00:00,35.88715,43.816498,27.85891
2026-05-05 00:00:00+00:00,33.46148,41.26957,25.463396
2026-05-06 00:00:00+00:00,32.235806,39.822647,24.267885
2026-05-07 00:00:00+00:00,32.610134,40.025726,24.722372
2026-05-08 00:00:00+00:00,33.634457,41.0288,25.77686
2026-05-09 00:00:00+00:00,34.30879,41.731884,26.431349
2026-05-10 00:00:00+00:00,35.133114,42.734955,26.935839
2026-05-11 00:00:00+00:00,36.507442,44.188034,28.440323
2026-05-12 00:00:00+00:00,37.08177,44.59111,29.394815
2026-05-13 00:00:00+00:00,35.256096,43.094193,26.899303
2026-05-14 00:00:00+00:00,32.53043,40.29726,23.803791
2026-05-15 00:00:00+00:00,31.304754,39.350346,22.75828
2026-05-16 00:00:00+00:00,32.529087,40.853416,23.812767
2026-05-17 00:00:00+00:00,33.65341,41.756493,25.217255
2026-05-18 00:00:00+00:00,34.32774,42.809566,25.571745
2026-05-19 00:00:00+00:00,33.90207,41.262646,25.776234
2026-05-20 00:00:00+00:00,34.276398,41.915726,26.180721
2026-05-21 00:00:00+00:00,35.100723,43.018803,26.93521
2026-05-22 00:00:00+00:00,34.075054,41.271877,26.3397
2026-05-23 00:00:00+00:00,33.299377,41.024952,25.194187
2026-05-24 00:00:00+00:00,32.37371,40.128033,24.048676
2026-05-25 00:00:00+00:00,32.948036,41.13111,24.753164
2026-05-26 00:00:00+00:00,34.322365,41.484184,27.157654
2026-05-27 00:00:00+00:00,35.246696,42.83726,27.41214
2026-05-28 00:00:00+00:00,33.321022,40.89034,25.21663
2026-05-29 00:00:00+00:00,32.545345,40.043415,24.471119
2026-05-30 00:00:00+00:00,32.469677,38.99649,24.825607
2026-05-31 00:00:00+00:00,32.444004,40.299564,23.930094
2026-06-01 00:00:00+00:00,32.16833,40.002644,23.734585
2026-06-02 00:00:00+00:00,31.992664,40.155724,23.239073
2026-06-03 00:00:00+00:00,32.466988,40.9088,23.59356
2026-06-04 00:00:00+00:00,32.591316,40.911873,23.698048
2026-06-05 00:00:00+00:00,33.315643,40.86495,25.152538
2026-06-06 00:00:00+00:00,33.639973,41.26803,25.507023
2026-06-07 00:00:00+00:00,32.5643,39.521103,25.061516
2026-06-08 00:00:00+00:00,32.58863,39.624176,25.266003
2026-06-09 00:00:00+00:00,32.51296,40.227257,24.32049
2026-06-10 00:00:00+00:00,32.037285,39.680336,24.17498
2026-06-11 00:00:00+00:00,31.661613,39.73341,23.479471
2026-06-12 00:00:00+00:00,31.835945,39.036488,23.883957
2026-06-13 00:00:00+00:00,32.01027,39.289566,24.488445
2026-06-14 00:00:00+00:00,31.934597,38.992645,24.542934
2026-06-15 00:00:00+00:00,31.758926,39.24572,23.797422
2026-06-16 00:00:00+00:00,31.483253,37.998795,24.251911
2026-06-17 00:00:00+00:00,31.907578,37.60187,26.556398
2026-06-18 00:00:00+00:00,33.33191,40.454952,26.410887
2026-06-19 00:00:00+00:00,32.456238,40.158024,24.765375
2026-06-20 00:00:00+00:00,31.630568,38.8111,24.369865
2026-06-21 00:00:00+00:00,31.604893,38.414177,24.624353
2026-06-22 00:00:00+00:00,31.72922,39.167255,24.678839
2026-06-23 00:00:00+00:00,32.103554,38.62033,25.083328
2026-06-24 00:00:00+00:00,32.277878,39.12341,25.537819
2026-06-25 00:00:00+00:00,31.602207,38.476486,24.99231
2026-06-26 00:00:00+00:00,31.176535,38.379562,24.196795
2026-06-27 00:00:00+00:00,31.750864,39.132637,24.351284
2026-06-28 00:00:00+00:00,32.37519,39.535717,25.455772
2026-06-29 00:00:00+00:00,31.649517,36.788795,26.560259
2026-06-30 00:00:00+00:00,32.373848,37.591866,27.114748
2026-07-01 00:00:00+00:00,32.048176,37.99495,26.419239
2026-07-02 00:00:00+00:00,31.722502,38.09802,26.023726
2026-07-03 00:00:00+00:00,32.194843,38.35354,26.368364
2026-07-04 00:00:00+00:00,30.363867,36.76312,26.246592
2026-07-05 00:00:00+00:00,29.18289,34.3727,25.124817
2026-07-06 00:00:00+00:00,30.101915,35.38228,25.303043
2026-07-07 00:00:00+00:00,31.020939,37.041855,26.331268
2026-07-08 00:00:00+00:00,29.33996,35.851437,25.309492
2026-07-09 00:00:00+00:00,28.708984,33.161015,24.637718
2026-07-10 00:00:00+00:00,30.17801,34.670597,26.315943
2026-07-11 00:00:00+00:00,31.09703,36.730175,25.84417
2026-07-12 00:00:00+00:00,31.066057,37.689754,26.022396
2026-07-13 00:00:00+00:00,29.085083,35.79933,25.30062
2026-07-14 00:00:00+00:00,28.504103,33.958916,24.528847
2026-07-15 00:00:00+00:00,28.673128,34.818493,24.85707
2026-07-16 00:00:00+00:00,27.792152,34.178078,23.335299
2026-07-17 00:00:00+00:00,27.111176,32.787655,23.413523
2026-07-18 00:00:00+00:00,28.680199,33.997234,23.641748
2026-07-19 00:00:00+00:00,28.799223,34.406815,24.919973
2026-07-20 00:00:00+00:00,26.668247,32.11639,23.748198
2026-07-21 00:00:00+00:00,26.23727,30.075974,22.426426
2026-07-22 00:00:00+00:00,28.156294,33.185555,23.55465
2026-07-23 00:00:00+00:00,29.475317,34.895134,25.232876
2026-07-24 00:00:00+00:00,28.994339,33.85471,25.1611
2026-07-25 00:00:00+00:00,29.563366,34.61429,25.18933
2026-07-26 00:00:00+00:00,29.68239,35.32387,25.617552
2026-07-27 00:00:00+00:00,29.601414,34.083454,25.445776
2026-07-28 00:00:00+00:00,30.420437,35.84303,25.774002
2026-07-29 00:00:00+00:00,30.93946,36.65261,26.002228
2026-07-30 00:00:00+00:00,30.308485,35.76219,25.230455
2026-07-31 00:00:00+00:00,26.127508,28.871769,23.40868
2026-08-01 00:00:00+00:00,26.146532,30.581352,22.836905
2026-08-02 00:00:00+00:00,27.065554,31.990929,23.615131
2026-08-03 00:00:00+00:00,26.03458,29.75051,23.393354
2026-08-04 00:00:00+00:00,26.303602,30.010088,23.17158
2026-08-05 00:00:00+00:00,26.822626,30.01967,23.949808
2026-08-06 00:00:00+00:00,27.741652,32.57925,23.928032
2026-08-07 00:00:00+00:00,27.960676,33.138832,24.256256
2026-08-08 00:00:00+00:00,29.6297,34.74841,25.184484
2026-08-09 00:00:00+00:00,28.448723,32.407993,25.162708
2026-08-10 00:00:00+00:00,27.867744,32.917564,23.940935
2026-08-11 00:00:00+00:00,28.13677,32.82715,24.469158
2026-08-12 00:00:00+00:00,28.555796,33.836727,25.047384
2026-08-13 00:00:00+00:00,27.274815,31.996307,24.62561
2026-08-14 00:00:00+00:00,26.193842,29.205887,23.153835
2026-08-15 00:00:00+00:00,27.162863,31.265469,23.932062
2026-08-16 00:00:00+00:00,27.531889,32.525043,23.760286
2026-08-17 00:00:00+00:00,27.200914,31.134626,23.988512
2026-08-18 00:00:00+00:00,27.569935,31.894207,23.666739
2026-08-19 00:00:00+00:00,26.63896,29.503784,23.594963
2026-08-20 00:00:00+00:00,26.407982,31.013367,22.723188
2026-08-21 00:00:00+00:00,25.827007,29.422949,23.051416
2026-08-22 00:00:00+00:00,27.246029,31.982529,23.429638
2026-08-23 00:00:00+00:00,28.515057,33.742107,23.657866
2026-08-24 00:00:00+00:00,28.734081,34.101685,25.236092
2026-08-25 00:00:00+00:00,26.753101,29.311264,23.964317
2026-08-26 00:00:00+00:00,26.672129,30.720846,23.042542
2026-08-27 00:00:00+00:00,25.89115,28.930424,23.670767
2026-08-28 00:00:00+00:00,25.610174,30.340004,22.548994
2026-08-29 00:00:00+00:00,27.1792,31.949581,22.977219
2026-08-30 00:00:00+00:00,26.198221,29.909164,23.605446
2026-08-31 00:00:00+00:00,26.067245,29.668743,23.18367
2026-09-01 00:00:00+00:00,28.036268,32.328323,23.761894
2026-09-02 00:00:00+00:00,28.395857,31.93562,24.569124
2026-09-03 00:00:00+00:00,26.246012,28.990635,24.005365
2026-09-04 00:00:00+00:00,26.396162,30.245644,23.491602
2026-09-05 00:00:00+00:00,27.746317,32.650658,23.477839
2026-09-06 00:00:00+00:00,27.996468,32.55567,24.464077
2026-09-07 00:00:00+00:00,26.44662,29.560686,24.150312
2026-09-08 00:00:00+00:00,26.096775,28.815702,23.136549
2026-09-09 00:00:00+00:00,27.44693,32.420715,22.872787
2026-09-10 00:00:00+00:00,28.397081,33.72573,24.209024
2026-09-11 00:00:00+00:00,27.397234,30.48074,24.345259
2026-09-12 00:00:00+00:00,27.197386,31.385756,23.4815
2026-09-13 00:00:00+00:00,27.847538,32.24077,24.067736
2026-09-14 00:00:00+00:00,28.047691,32.945778,24.103973
2026-09-15 00:00:00+00:00,27.347847,31.850794,24.390211
2026-09-16 00:00:00+00:00,26.997997,30.65581,23.826448
2026-09-17 00:00:00+00:00,27.698153,32.06082,23.912685
2026-09-18 00:00:00+00:00,27.648302,31.465836,24.048923
2026-09-19 00:00:00+00:00,27.698456,32.62085,23.635162
2026-09-20 00:00:00+00:00,28.248608,32.925865,23.771399
2026-09-21 00:00:00+00:00,28.298761,33.680878,24.707632
2026-09-22 00:00:00+00:00,28.598915,33.635887,24.14387
2026-09-23 00:00:00+00:00,28.699068,32.940903,24.63011
2026-09-24 00:00:00+00:00,27.24922,29.545914,24.716345
2026-09-25 00:00:00+00:00,28.349373,32.900925,24.052586
2026-09-26 00:00:00+00:00,28.999525,33.755943,24.788822
2026-09-27 00:00:00+00:00,29.199682,34.96096,23.925058
2026-09-28 00:00:00+00:00,28.799831,33.11597,24.911295
2026-09-29 00:00:00+00:00,29.099983,33.420982,24.59753
2026-09-30 00:00:00+00:00,29.300138,34.025997,24.633768
2026-10-01 00:00:00+00:00,29.000292,33.73101,24.170008
2026-10-02 00:00:00+00:00,29.350445,35.036026,23.956245
2026-10-03 00:00:00+00:00,29.000595,32.241035,25.64248
2026-10-04 00:00:00+00:00,29.30075,33.746048,25.12872
2026-10-05 00:00:00+00:00,28.900902,34.051064,23.814957
2026-10-06 00:00:00+00:00,28.801056,33.856075,23.751194
2026-10-07 00:00:00+00:00,28.85121,34.06109,23.487429
2026-10-08 00:00:00+00:00,29.401363,34.516106,24.223665
2026-10-09 00:00:00+00:00,28.851517,33.671116,24.459904
2026-10-10 00:00:00+00:00,28.001665,32.926125,23.096142
2026-10-11 00:00:00+00:00,28.451818,34.281147,23.08238
2026-10-12 00:00:00+00:00,28.051973,32.286156,23.818617
2026-10-13 00:00:00+00:00,28.452127,32.69117,23.604853
2026-10-14 00:00:00+00:00,29.352278,34.146183,24.49109
2026-10-15 00:00:00+00:00,28.65243,33.851196,23.727327
2026-10-16 00:00:00+00:00,28.502584,33.656208,23.063564
2026-10-17 00:00:00+00:00,28.152735,32.811226,23.1998
2026-10-18 00:00:00+00:00,28.35289,33.56624,23.38604
2026-10-19 00:00:00+00:00,28.753042,33.42125,24.522278
2026-10-20 00:00:00+00:00,28.403193,34.47626,23.008516
2026-10-21 00:00:00+00:00,28.453348,33.881275,24.39475
2026-10-22 00:00:00+00:00,28.103502,33.78629,23.330988
2026-10-23 00:00:00+00:00,28.253654,34.691303,22.267225
2026-10-24 00:00:00+00:00,27.403807,32.446316,22.053463
2026-10-25 00:00:00+00:00,27.903961,34.65133,21.8397
2026-10-26 00:00:00+00:00,28.154114,34.206345,22.57594
2026-10-27 00:00:00+00:00,28.904263,35.411358,23.162172
2026-10-28 00:00:00+00:00,28.204418,33.91637,23.098412
2026-10-29 00:00:00+00:00,28.40457,35.671387,21.38465
2026-10-30 00:00:00+00:00,29.254725,37.576393,21.920887
2026-10-31 00:00:00+00:00,29.454876,37.881413,21.707123
2026-11-01 00:00:00+00:00,29.30503,37.436424,21.293362
2026-11-02 00:00:00+00:00,29.336285,38.332626,21.210497
2026-11-03 00:00:00+00:00,28.756199,36.223545,21.766176
2026-11-04 00:00:00+00:00,28.426111,35.61447,21.921852
2026-11-05 00:00:00+00:00,28.94603,36.455383,22.22753
2026-11-06 00:00:00+00:00,29.665943,37.346306,22.183207
2026-11-07 00:00:00+00:00,29.185856,34.93722,22.388885
2026-11-08 00:00:00+00:00,27.355772,35.47814,21.144562
2026-11-09 00:00:00+00:00,27.375687,35.319065,19.40024
2026-11-10 00:00:00+00:00,29.3956,37.50998,21.905916
2026-11-11 00:00:00+00:00,28.965515,36.100903,21.511595
2026-11-12 00:00:00+00:00,28.23543,36.44182,21.117271
2026-11-13 00:00:00+00:00,28.405344,37.232735,22.17295
2026-11-14 00:00:00+00:00,28.02526,36.173656,21.278625
2026-11-15 00:00:00+00:00,27.845175,36.614574,19.584305
2026-11-16 00:00:00+00:00,29.015089,34.405495,24.139982
2026-11-17 00:00:00+00:00,28.935003,35.346413,23.145658
2026-11-18 00:00:00+00:00,28.404919,35.137333,21.651335
2026-11-19 00:00:00+00:00,28.274834,32.12825,24.407015
2026-11-20 00:00:00+00:00,28.744747,33.419167,24.41269
2026-11-21 00:00:00+00:00,29.61466,34.86009,24.268368
2026-11-22 00:00:00+00:00,29.784575,35.30101,24.324045
2026-11-23 00:00:00+00:00,29.85449,35.49193,24.979723
2026-11-24 00:00:00+00:00,28.474403,35.032845,22.9354
2026-11-25 00:00:00+00:00,27.24432,34.223763,20.49108
2026-11-26 00:00:00+00:00,25.964235,32.414684,18.896755
2026-11-27 00:00:00+00:00,27.13415,33.7056,19.902433
2026-11-28 00:00:00+00:00,27.504065,34.446526,20.408108
2026-11-29 00:00:00+00:00,27.87398,34.937443,21.613787
2026-11-30 00:00:00+00:00,29.193893,35.87836,23.469463
2026-12-01 00:00:00+00:00,28.863806,35.46928,23.275143
2026-12-02 00:00:00+00:00,28.483719,35.6102,21.73082
2026-12-03 00:00:00+00:00,28.703638,34.85112,23.086496
2026-12-04 00:00:00+00:00,29.523552,34.34204,24.642174
2026-12-05 00:00:00+00:00,28.993467,34.232952,23.89785
2026-12-06 00:00:00+00:00,29.36338,34.07387,24.903528
2026-12-07 00:00:00+00:00,29.533297,35.314793,24.959206
2026-12-08 00:00:00+00:00,28.803211,36.505714,22.314884
2026-12-09 00:00:00+00:00,27.323126,34.046635,20.07056
2026-12-10 00:00:00+00:00,29.243038,35.88755,23.126236
2026-12-11 00:00:00+00:00,27.662954,31.578472,22.931915
2026-12-12 00:00:00+00:00,26.33287,32.669388,20.737593
2026-12-13 00:00:00+00:00,25.002785,31.060307,19.59327
2026-12-14 00:00:00+00:00,25.2727,32.101227,19.248945
2026-12-15 00:00:00+00:00,25.59261,31.99215,18.904623
2026-12-16 00:00:00+00:00,25.212524,32.433064,18.510302
2026-12-17 00:00:00+00:00,25.082445,31.673983,18.715979
2026-12-18 00:00:00+00:00,25.702358,31.264904,20.721657
2026-12-19 00:00:00+00:00,26.572271,32.75582,20.577333
2026-12-20 00:00:00+00:00,26.592186,33.846737,19.68301
2026-12-21 00:00:00+00:00,26.2621,33.837658,19.38869
2026-12-22 00:00:00+00:00,25.782017,33.578575,18.594364
2026-12-23 00:00:00+00:00,25.601929,33.519497,18.350042
2026-12-24 00:00:00+00:00,25.921843,34.110413,18.80572
2026-12-25 00:00:00+00:00,26.391756,35.00133,18.6614
2026-12-26 00:00:00+00:00,27.161674,35.492256,19.717075
2026-12-27 00:00:00+00:00,28.28159,36.533173,21.02275
2026-12-28 00:00:00+00:00,27.951502,35.574093,20.82843
2026-12-29 00:00:00+00:00,27.371416,35.26501,20.234108
2026-12-30 00:00:00+00:00,26.64133,34.65593,19.289783
2026-12-31 00:00:00+00:00,27.26125,35.54685,19.645462
2027-01-01 00:00:00+00:00,27.631163,36.287766,19.55114
2027-01-02 00:00:00+00:00,28.803448,36.875927,21.45808
2027-01-03 00:00:00+00:00,28.376528,35.513165,21.665443
2027-01-04 00:00:00+00:00,27.799606,35.100403,21.022806
2027-01-05 00:00:00+00:00,27.422686,35.18764,20.18017
2027-01-06 00:00:00+00:00,27.295763,35.22488,20.03753
2027-01-07 00:00:00+00:00,26.868843,34.66212,19.894892
2027-01-08 00:00:00+00:00,26.69192,34.399357,19.852257
2027-01-09 00:00:00+00:00,26.665,33.9866,20.109617
2027-01-10 00:00:00+00:00,26.438078,34.023838,19.766981
2027-01-11 00:00:00+00:00,26.911158,35.16107,19.224344
2027-01-12 00:00:00+00:00,26.834236,34.998314,19.381708
2027-01-13 00:00:00+00:00,26.507315,35.085552,18.839071
2027-01-14 00:00:00+00:00,26.630394,35.57279,18.496431
2027-01-15 00:00:00+00:00,27.103474,35.760033,19.653797
2027-01-16 00:00:00+00:00,27.326551,35.94727,19.661158
2027-01-17 00:00:00+00:00,27.249628,35.73451,19.56852
2027-01-18 00:00:00+00:00,27.422709,35.921745,19.875885
2027-01-19 00:00:00+00:00,27.495789,35.958984,19.583244
2027-01-20 00:00:00+00:00,28.318867,36.746223,20.490608
2027-01-21 00:00:00+00:00,29.141945,37.383465,21.497972
2027-01-22 00:00:00+00:00,29.065023,36.1207,22.805334
2027-01-23 00:00:00+00:00,28.938103,36.70794,21.962698
2027-01-24 00:00:00+00:00,28.711182,36.69518,21.020058
2027-01-25 00:00:00+00:00,28.184258,35.53242,21.027422
2027-01-26 00:00:00+00:00,28.157337,36.019657,20.684786
2027-01-27 00:00:00+00:00,27.730417,34.60689,21.492147
2027-01-28 00:00:00+00:00,28.453495,36.19413,22.09951
2027-01-29 00:00:00+00:00,29.726574,38.18137,21.906876
2027-01-30 00:00:00+00:00,29.549654,37.268616,22.214235
2027-01-31 00:00:00+00:00,28.27273,36.055847,20.971598
2027-02-01 00:00:00+00:00,26.79581,34.24309,19.62896
2027-02-02 00:00:00+00:00,26.06889,33.580326,18.736326
2027-02-03 00:00:00+00:00,26.391968,34.517563,18.743687
2027-02-04 00:00:00+00:00,27.515047,36.254803,19.15105
2027-02-05 00:00:00+00:00,28.888126,37.74204,20.458408
2027-02-06 00:00:00+00:00,30.261206,38.57928,22.665775
2027-02-07 00:00:00+00:00,29.384281,36.91652,22.373137
2027-02-08 00:00:00+00:00,27.857363,35.10376,20.530499
2027-02-09 00:00:00+00:00,26.88044,32.790997,20.637863
2027-02-10 00:00:00+00:00,26.95352,33.228237,21.295227
2027-02-11 00:00:00+00:00,27.376596,33.765472,21.102589
2027-02-12 00:00:00+00:00,28.34968,36.10271,21.25995
2027-02-13 00:00:00+00:00,28.972754,36.73995,21.467314
2027-02-14 00:00:00+00:00,29.595837,36.827194,22.874676
2027-02-15 00:00:00+00:00,28.318913,34.31443,22.082039
2027-02-16 00:00:00+00:00,28.64199,34.55167,23.039402
2027-02-17 00:00:00+00:00,28.46507,34.58891,22.796762
2027-02-18 00:00:00+00:00,29.73815,37.526146,22.85413
2027-02-19 00:00:00+00:00,30.21123,38.063385,22.81149
2027-02-20 00:00:00+00:00,30.484304,38.200623,22.718853
2027-02-21 00:00:00+00:00,29.957384,37.787865,22.076216
2027-02-22 00:00:00+00:00,29.730463,37.6251,21.63358
2027-02-23 00:00:00+00:00,28.803545,37.712337,20.04094
2027-02-24 00:00:00+00:00,30.076624,39.39958,21.048304
2027-02-25 00:00:00+00:00,32.4497,41.48682,24.205666
2027-02-26 00:00:00+00:00,31.522781,40.224056,23.46303
2027-02-27 00:00:00+00:00,31.945858,39.911293,23.62039
2027-02-28 00:00:00+00:00,29.818937,38.148533,21.327753
2027-03-01 00:00:00+00:00,29.992014,38.58577,21.535116
2027-03-02 00:00:00+00:00,30.915092,39.82301,22.292477
2027-03-03 00:00:00+00:00,32.638176,41.510246,24.199842
2027-03-04 00:00:00+00:00,32.14662,40.662308,23.26027
2027-03-05 00:00:00+00:00,30.410122,38.166473,22.478275
2027-03-06 00:00:00+00:00,30.173624,38.57065,21.796288
2027-03-07 00:00:00+00:00,31.187126,39.22482,23.014294
2027-03-08 00:00:00+00:00,31.45063,39.628994,23.232304
2027-03-09 00:00:00+00:00,29.814129,38.03316,21.650312
2027-03-10 00:00:00+00:00,28.477633,36.93734,20.168322
2027-03-11 00:00:00+00:00,29.391136,37.84151,20.936333
2027-03-12 00:00:00+00:00,31.454636,39.845688,22.90434
2027-03-13 00:00:00+00:00,33.56814,42.24986,24.722351
2027-03-14 00:00:00+00:00,34.58164,43.20403,25.840357
2027-03-15 00:00:00+00:00,34.345142,42.158203,26.258368
2027-03-16 00:00:00+00:00,34.658646,42.912376,26.376377
2027-03-17 00:00:00+00:00,33.072147,41.216545,24.694382
2027-03-18 00:00:00+00:00,33.53565,41.870716,24.312391
2027-03-19 00:00:00+00:00,33.249153,42.02489,24.180399
2027-03-20 00:00:00+00:00,33.562653,42.179066,24.99841
2027-03-21 00:00:00+00:00,33.876152,41.783237,25.916418
2027-03-22 00:00:00+00:00,34.839657,43.837406,26.184425
2027-03-23 00:00:00+00:00,32.20316,40.191578,23.952436
2027-03-24 00:00:00+00:00,31.466658,39.345753,23.520445
2027-03-25 00:00:00+00:00,31.680164,39.849922,22.888456
2027-03-26 00:00:00+00:00,32.943665,41.204098,24.356462
2027-03-27 00:00:00+00:00,31.90717,39.85827,23.474472
2027-03-28 00:00:00+00:00,30.470669,38.062443,22.892479
2027-03-29 00:00:00+00:00,29.334171,36.266613,22.410488
2027-03-30 00:00:00+00:00,28.997671,36.370785,21.328497
2027-03-31 00:00:00+00:00,29.561174,37.474964,21.596504
2027-04-01 00:00:00+00:00,30.774677,38.629135,22.364513
2027-04-02 00:00:00+00:00,31.838175,40.033302,23.282524
2027-04-03 00:00:00+00:00,32.15168,40.237476,24.000532
2027-04-04 00:00:00+00:00,30.565182,38.84165,22.418541
2027-04-05 00:00:00+00:00,29.978687,38.34582,21.68655
2027-04-06 00:00:00+00:00,30.092186,38.449997,21.75456
2027-04-07 00:00:00+00:00,29.905684,37.75417,22.02257
2027-04-08 00:00:00+00:00,30.16919,38.008343,22.14058
2027-04-09 00:00:00+00:00,31.532696,39.762512,23.008587
2027-04-10 00:00:00+00:00,32.94619,41.216686,24.326595
2027-04-11 00:00:00+00:00,32.90969,40.920856,24.444605
2027-04-12 00:00:00+00:00,33.423195,41.17503,25.412613
2027-04-13 00:00:00+00:00,33.9367,41.929203,25.580622
2027-04-14 00:00:00+00:00,34.4002,41.783375,26.74863
2027-04-15 00:00:00+00:00,34.163704,41.437546,26.516642
2027-04-16 00:00:00+00:00,34.377205,42.191715,26.334648
2027-04-17 00:00:00+00:00,34.89071,42.99589,26.502657
2027-04-18 00:00:00+00:00,35.654213,43.600063,27.370665
2027-04-19 00:00:00+00:00,35.767708,43.254242,27.788675
2027-04-20 00:00:00+00:00,35.431213,42.708412,27.606684
2027-04-21 00:00:00+00:00,34.744713,42.16258,26.824694
2027-04-22 00:00:00+00:00,34.358215,41.766754,26.2427
2027-04-23 00:00:00+00:00,33.32172,40.870926,25.66071
2027-04-24 00:00:00+00:00,32.63522,40.1251,25.078718
2027-04-25 00:00:00+00:00,32.198715,39.32927,24.69673
2027-04-26 00:00:00+00:00,31.362225,39.083447,23.314735
2027-04-27 00:00:00+00:00,31.175728,38.987614,23.232742
2027-04-28 00:00:00+00:00,29.239225,36.09179,22.150751
2027-04-29 00:00:00+00:00,30.102732,38.145958,21.868761
2027-04-30 00:00:00+00:00,32.516228,40.75013,24.136768
2027-05-01 00:00:00+00:00,35.02973,42.954308,26.75478
2027-05-02 00:00:00+00:00,35.943237,43.408474,28.072788
2027-05-03 00:00:00+00:00,36.10674,43.562653,28.390797
2027-05-04 00:00:00+00:00,34.781067,42.965725,26.495285
2027-05-05 00:00:00+00:00,35.35539,44.368805,26.149775
2027-05-06 00:00:00+00:00,37.17972,45.071884,29.40426
2027-05-07 00:00:00+00:00,33.50405,41.724957,23.608751
2027-05-08 00:00:00+00:00,32.67837,41.078037,23.613237
2027-05-09 00:00:00+00:00,32.902706,41.68111,23.717726
2027-05-10 00:00:00+00:00,32.627037,41.33419,23.222216
2027-05-11 00:00:00+00:00,32.501358,40.937263,23.076706
2027-05-12 00:00:00+00:00,31.42569,39.740345,22.631193
2027-05-13 00:00:00+00:00,32.20002,40.743416,23.535683
2027-05-14 00:00:00+00:00,30.824345,38.796494,22.04017
2027-05-15 00:00:00+00:00,30.448675,38.99957,21.394659
2027-05-16 00:00:00+00:00,31.573,39.70265,22.549147
2027-05-17 00:00:00+00:00,32.29733,40.455723,23.603636
2027-05-18 00:00:00+00:00,33.12166,42.5088,23.458122
2027-05-19 00:00:00+00:00,32.59599,41.46188,22.862612
2027-05-20 00:00:00+00:00,31.320312,39.26495,22.7171
2027-05-21 00:00:00+00:00,31.994638,40.06803,23.571592
2027-05-22 00:00:00+00:00,32.018967,40.221107,23.326078
2027-05-23 00:00:00+00:00,32.2433,40.374187,23.530567
2027-05-24 00:00:00+00:00,31.567623,39.77726,22.635054
2027-05-25 00:00:00+00:00,31.691956,40.13034,22.439545
2027-05-26 00:00:00+00:00,32.166286,40.783417,22.694029
2027-05-27 00:00:00+00:00,31.740612,40.186493,22.548521
2027-05-28 00:00:00+00:00,33.31494,42.839565,23.203009
2027-05-29 00:00:00+00:00,33.73927,43.092644,23.107494
2027-05-30 00:00:00+00:00,32.413593,42.595722,21.861986
2027-05-31 00:00:00+00:00,31.73792,39.498795,23.566473
2027-06-01 00:00:00+00:00,31.812252,39.251877,24.220963
2027-06-02 00:00:00+00:00,29.836582,34.054955,24.975452
2027-06-03 00:00:00+00:00,32.86091,40.90803,25.029942
2027-06-04 00:00:00+00:00,33.785233,41.161106,26.034426
2027-06-05 00:00:00+00:00,31.709566,39.214184,24.088915
2027-06-06 00:00:00+00:00,30.783894,38.46726,22.743404
2027-06-07 00:00:00+00:00,30.60822,37.42034,23.747892
2027-06-08 00:00:00+00:00,32.032547,39.123413,24.702383
2027-06-09 00:00:00+00:00,31.406876,38.17649,24.956867
2027-06-10 00:00:00+00:00,31.631203,39.329567,23.611357
2027-06-11 00:00:00+00:00,31.955532,39.932644,23.965845
2027-06-12 00:00:00+00:00,32.57986,39.685722,24.770336
2027-06-13 00:00:00+00:00,31.85419,39.288795,23.974821
2027-06-14 00:00:00+00:00,31.528515,38.891872,23.62931
2027-06-15 00:00:00+00:00,31.202843,38.294952,23.8838
2027-06-16 00:00:00+00:00,31.527172,38.548027,24.288288
2027-06-17 00:00:00+00:00,31.7015,38.9011,24.092777
2027-06-18 00:00:00+00:00,32.22583,39.50418,24.847263
2027-06-19 00:00:00+00:00,32.900154,40.30726,25.601753
2027-06-20 00:00:00+00:00,32.12449,39.510334,24.356245
2027-06-21 00:00:00+00:00,31.398811,38.163406,24.11073
2027-06-22 00:00:00+00:00,32.323143,38.866486,25.615221
2027-06-23 00:00:00+00:00,32.44747,39.11956,25.719706
2027-06-24 00:00:00+00:00,34.321793,42.62264,26.574196
2027-06-25 00:00:00+00:00,32.89613,38.725716,26.678682
2027-06-26 00:00:00+00:00,32.120453,39.078793,25.183174
2027-06-27 00:00:00+00:00,32.84478,39.631866,26.087664
2027-06-28 00:00:00+00:00,34.319107,41.584946,27.292149
2027-06-29 00:00:00+00:00,33.043438,40.08802,25.246637
2027-06-30 00:00:00+00:00,31.567766,37.0911,26.051126
2027-07-01 00:00:00+00:00,32.842094,38.194176,27.155613
2027-07-02 00:00:00+00:00,32.966423,39.097256,26.760103
2027-07-03 00:00:00+00:00,32.390087,37.801144,26.91131
2027-07-04 00:00:00+00:00,32.75911,38.61072,26.839535
2027-07-05 00:00:00+00:00,31.828133,35.820305,27.71776
2027-07-06 00:00:00+00:00,33.64716,39.829884,28.395985
2027-07-07 00:00:00+00:00,33.36618,39.18946,27.97421
2027-07-08 00:00:00+00:00,32.535206,38.79904,26.202438
2027-07-09 00:00:00+00:00,31.70423,37.40862,26.580664
2027-07-10 00:00:00+00:00,31.723255,37.518196,27.558886
2027-07-11 00:00:00+00:00,32.092278,37.92778,26.787111
2027-07-12 00:00:00+00:00,31.311302,37.38736,25.06534
2027-07-13 00:00:00+00:00,30.930325,36.346943,26.243565
2027-07-14 00:00:00+00:00,30.499348,36.656517,26.62179
2027-07-15 00:00:00+00:00,31.168371,36.166103,26.800014
2027-07-16 00:00:00+00:00,31.087397,36.27568,26.17824
2027-07-17 00:00:00+00:00,30.706419,35.035255,26.556465
2027-07-18 00:00:00+00:00,31.275442,36.894836,26.43469
2027-07-19 00:00:00+00:00,32.044464,37.854416,26.412918
2027-07-20 00:00:00+00:00,31.213491,37.313995,25.241142
2027-07-21 00:00:00+00:00,30.682512,35.973576,25.119366
2027-07-22 00:00:00+00:00,26.851536,31.033157,24.097593
2027-07-23 00:00:00+00:00,26.920563,30.942736,24.17582
2027-07-24 00:00:00+00:00,27.339584,32.202324,23.604044
2027-07-25 00:00:00+00:00,28.45861,32.7119,24.08227
2027-07-26 00:00:00+00:00,29.077635,33.321476,25.110497
2027-07-27 00:00:00+00:00,27.196655,32.081055,23.338724
2027-07-28 00:00:00+00:00,28.66568,34.540638,24.766947
2027-07-29 00:00:00+00:00,27.534706,32.650215,23.895174
2027-07-30 00:00:00+00:00,27.703728,32.259796,23.273396
2027-07-31 00:00:00+00:00,28.77275,32.369377,25.851624
2027-08-01 00:00:00+00:00,29.541775,34.078957,25.52985
2027-08-02 00:00:00+00:00,28.060799,33.188534,24.958073
2027-08-03 00:00:00+00:00,27.679823,31.898117,24.3863
2027-08-04 00:00:00+00:00,26.298847,30.407696,23.364525
2027-08-05 00:00:00+00:00,27.71787,32.317276,23.09275
2027-08-06 00:00:00+00:00,29.936897,35.376858,25.770975
2027-08-07 00:00:00+00:00,30.755917,35.336433,25.749203
2027-08-08 00:00:00+00:00,29.174942,32.146015,25.577429
2027-08-09 00:00:00+00:00,28.293968,32.755596,25.255651
2027-08-10 00:00:00+00:00,27.71299,32.415176,24.033878
2027-08-11 00:00:00+00:00,28.082014,32.124752,24.262104
2027-08-12 00:00:00+00:00,25.251036,27.284332,23.44033
2027-08-13 00:00:00+00:00,27.820063,32.193916,24.018555
2027-08-14 00:00:00+00:00,27.089085,28.853495,25.396782
2027-08-15 00:00:00+00:00,28.508106,32.913074,24.175007
2027-08-16 00:00:00+00:00,29.327131,33.62265,25.303232
2027-08-17 00:00:00+00:00,28.646156,31.53223,26.131456
2027-08-18 00:00:00+00:00,28.11518,31.54181,24.909681
2027-08-19 00:00:00+00:00,28.634203,33.451393,25.187908
2027-08-20 00:00:00+00:00,27.753227,31.260971,25.366133
2027-08-21 00:00:00+00:00,25.972254,27.77055,23.89436
2027-08-22 00:00:00+00:00,27.091276,30.680128,24.222584
2027-08-23 00:00:00+00:00,27.9103,31.889713,25.150808
2027-08-24 00:00:00+00:00,26.879324,30.899292,23.829035
2027-08-25 00:00:00+00:00,25.448347,29.208872,23.20726
2027-08-26 00:00:00+00:00,27.11737,31.21845,22.785484
2027-08-27 00:00:00+00:00,27.886396,32.67803,25.013712
2027-08-28 00:00:00+00:00,27.155416,32.387608,24.441935
2027-08-29 00:00:00+00:00,25.624443,28.14719,23.370163
2027-08-30 00:00:00+00:00,26.493467,29.906769,23.648388
2027-08-31 00:00:00+00:00,27.262491,31.866348,23.576614
2027-09-01 00:00:00+00:00,26.281513,29.325926,23.854841
2027-09-02 00:00:00+00:00,27.995821,33.184364,23.672567
2027-09-03 00:00:00+00:00,25.845974,27.889378,23.208805
2027-09-04 00:00:00+00:00,26.496124,30.844393,22.595043
2027-09-05 00:00:00+00:00,28.146276,32.69941,23.481277
2027-09-06 00:00:00+00:00,27.99643,34.254417,24.967518
2027-09-07 00:00:00+00:00,26.746584,30.309431,24.103754
2027-09-08 00:00:00+00:00,26.896736,30.914448,23.539991
2027-09-09 00:00:00+00:00,26.746891,30.36946,23.32623
2027-09-10 00:00:00+00:00,26.447042,29.574472,23.762468
2027-09-11 00:00:00+00:00,27.297195,31.579489,23.048702
2027-09-12 00:00:00+00:00,28.997349,33.5345,24.43494
2027-09-13 00:00:00+00:00,29.5475,34.389515,25.971176
2027-09-14 00:00:00+00:00,28.097654,31.644526,25.207413
2027-09-15 00:00:00+00:00,25.497807,27.749538,23.24365
2027-09-16 00:00:00+00:00,25.847961,28.954556,22.32989
2027-09-17 00:00:00+00:00,27.848112,32.40957,23.516125
2027-09-18 00:00:00+00:00,27.598265,31.864584,24.802364
2027-09-19 00:00:00+00:00,27.748419,32.419598,23.9886
2027-09-20 00:00:00+00:00,28.098572,31.97461,24.424837
2027-09-21 00:00:00+00:00,28.398726,32.62962,24.611076
2027-09-22 00:00:00+00:00,28.248878,33.234634,23.547312
2027-09-23 00:00:00+00:00,28.449028,32.18965,24.083551
2027-09-24 00:00:00+00:00,28.149181,32.54466,23.769787
2027-09-25 00:00:00+00:00,27.799335,32.399673,23.606026
2027-09-26 00:00:00+00:00,28.19949,33.25469,23.092262
2027-09-27 00:00:00+00:00,27.99964,31.409704,24.528498
2027-09-28 00:00:00+00:00,27.549793,32.614716,23.064735
2027-09-29 00:00:00+00:00,28.749947,33.41973,24.050976
2027-09-30 00:00:00+00:00,28.350101,32.024746,24.137209
2027-10-01 00:00:00+00:00,28.600252,33.529755,24.023447
2027-10-02 00:00:00+00:00,28.650406,33.33477,23.959684
2027-10-03 00:00:00+00:00,28.80056,33.389782,24.195923
2027-10-04 00:00:00+00:00,28.650707,33.394794,23.482159
2027-10-05 00:00:00+00:00,28.900864,34.649807,23.568396
2027-10-06 00:00:00+00:00,28.751017,33.80482,23.454634
2027-10-07 00:00:00+00:00,28.55117,33.809834,23.540873
2027-10-08 00:00:00+00:00,28.401323,34.31485,22.927109
2027-10-09 00:00:00+00:00,29.401472,35.36986,23.213345
2027-10-10 00:00:00+00:00,30.051628,35.274876,24.699581
2027-10-11 00:00:00+00:00,30.10178,35.529892,24.73582
2027-10-12 00:00:00+00:00,29.751932,35.034904,25.022057
2027-10-13 00:00:00+00:00,29.202087,33.889915,24.208292
2027-10-14 00:00:00+00:00,29.85224,35.59493,24.244532
2027-10-15 00:00:00+00:00,30.002394,36.049946,23.980768
2027-10-16 00:00:00+00:00,30.502546,37.704952,23.467007
2027-10-17 00:00:00+00:00,30.452702,37.90997,23.853241
2027-10-18 00:00:00+00:00,30.102852,38.814983,22.33948
2027-10-19 00:00:00+00:00,30.753004,39.519993,23.025717
2027-10-20 00:00:00+00:00,30.20316,36.825012,23.361956
2027-10-21 00:00:00+00:00,31.003311,37.680023,24.898191
2027-10-22 00:00:00+00:00,31.653461,36.985035,26.28443
2027-10-23 00:00:00+00:00,31.553616,36.140053,27.170668
2027-10-24 00:00:00+00:00,30.253769,34.895065,25.906904
2027-10-25 00:00:00+00:00,30.403921,35.100075,26.143143
2027-10-26 00:00:00+00:00,29.954075,32.95509,26.229378
2027-10-27 00:00:00+00:00,30.354227,36.960102,24.815615
2027-10-28 00:00:00+00:00,30.154379,36.86512,22.501854
2027-10-29 00:00:00+00:00,30.204535,35.82013,23.78809
2027-10-30 00:00:00+00:00,30.604685,36.225147,25.824326
2027-10-31 00:00:00+00:00,30.60484,36.930157,25.210564
2027-11-01 00:00:00+00:00,30.854992,38.28517,24.596802
2027-11-02 00:00:00+00:00,30.693804,38.8849,22.671577
2027-11-03 00:00:00+00:00,29.963718,37.22582,22.877256
2027-11-04 00:00:00+00:00,29.433634,36.166737,23.232933
2027-11-05 00:00:00+00:00,28.903547,36.10766,22.238611
2027-11-06 00:00:00+00:00,28.823463,36.648575,21.944286
2027-11-07 00:00:00+00:00,28.993378,36.139492,22.499964
2027-11-08 00:00:00+00:00,28.613295,36.330418,21.605642
2027-11-09 00:00:00+00:00,29.38321,36.77133,21.961323
2027-11-10 00:00:00+00:00,30.253122,37.16225,22.667
2027-11-11 00:00:00+00:00,30.023037,36.303173,23.322674
2027-11-12 00:00:00+00:00,31.292952,37.994087,25.12835
2027-11-13 00:00:00+00:00,30.762867,38.085007,23.13403
2027-11-14 00:00:00+00:00,31.482779,38.125927,25.439709
2027-11-15 00:00:00+00:00,31.152695,37.716843,24.245384
2027-11-16 00:00:00+00:00,30.77261,37.657764,24.05106
2027-11-17 00:00:00+00:00,30.042524,37.048687,22.80674
2027-11-18 00:00:00+00:00,30.36244,36.6396,25.012415
2027-11-19 00:00:00+00:00,30.982353,37.58052,25.818094
2027-11-20 00:00:00+00:00,29.302267,36.92144,22.523773
2027-11-21 00:00:00+00:00,28.872185,36.81236,21.829447
2027-11-22 00:00:00+00:00,28.292099,35.953278,20.985126
2027-11-23 00:00:00+00:00,27.412014,34.744198,20.540804
2027-11-24 00:00:00+00:00,27.431927,34.285114,20.94648
2027-11-25 00:00:00+00:00,28.401844,36.02603,21.302158
2027-11-26 00:00:00+00:00,27.671755,34.166954,21.157835
2027-11-27 00:00:00+00:00,27.24167,33.307873,21.663513
2027-11-28 00:00:00+00:00,27.011583,34.44879,20.01919
2027-11-29 00:00:00+00:00,27.6315,35.03971,20.624866
2027-11-30 00:00:00+00:00,27.701416,34.730633,21.230545
2027-12-01 00:00:00+00:00,27.071327,34.17155,20.486221
2027-12-02 00:00:00+00:00,26.241243,33.36247,19.491901
2027-12-03 00:00:00+00:00,25.661158,32.85339,18.797577
2027-12-04 00:00:00+00:00,25.281075,32.69431,18.203253
2027-12-05 00:00:00+00:00,25.650988,32.935223,19.108932
2027-12-06 00:00:00+00:00,25.620903,33.226143,18.564608
2027-12-07 00:00:00+00:00,25.290817,33.367065,17.720287
2027-12-08 00:00:00+00:00,25.610733,34.007984,17.675964
2027-12-09 00:00:00+00:00,26.130646,34.548904,18.23164
2027-12-10 00:00:00+00:00,26.15056,34.38982,18.537317
2027-12-11 00:00:00+00:00,26.070475,34.43074,17.992994
2027-12-12 00:00:00+00:00,26.540388,35.171658,18.498674
2027-12-13 00:00:00+00:00,27.160303,35.76258,18.95435
2027-12-14 00:00:00+00:00,27.430222,35.603497,19.91003
2027-12-15 00:00:00+00:00,26.800135,34.694412,18.865705
2027-12-16 00:00:00+00:00,26.470049,34.285336,18.721384
2027-12-17 00:00:00+00:00,25.889961,33.326252,18.92706
2027-12-18 00:00:00+00:00,24.859879,32.417168,17.982737
2027-12-19 00:00:00+00:00,23.929792,31.60809,16.838413
2027-12-20 00:00:00+00:00,23.399708,31.69901,15.444091
2027-12-21 00:00:00+00:00,23.819622,32.23993,15.99977
2027-12-22 00:00:00+00:00,24.589537,32.980846,16.805447
2027-12-23 00:00:00+00:00,24.259453,31.921768,16.961123
2027-12-24 00:00:00+00:00,23.429367,30.912683,16.516802
2027-12-25 00:00:00+00:00,23.499279,31.1536,16.622478
2027-12-26 00:00:00+00:00,22.919193,30.344526,16.128157
2027-12-27 00:00:00+00:00,22.489107,30.185444,15.383832
2027-12-28 00:00:00+00:00,22.409025,29.876364,14.939511
2027-12-29 00:00:00+00:00,23.028938,30.867281,15.795186
2027-12-30 00:00:00+00:00,23.248852,31.258202,15.250863
2027-12-31 00:00:00+00:00,23.718767,31.799118,16.106543
2028-01-01 00:00:00+00:00,22.888681,29.790037,16.512222
2028-01-02 00:00:00+00:00,20.310179,27.279116,13.81874
2028-01-03 00:00:00+00:00,19.933258,27.76636,12.6261
2028-01-04 00:00:00+00:00,20.806337,29.353596,13.233464
2028-01-05 00:00:00+00:00,21.729414,29.340836,14.940825
2028-01-06 00:00:00+00:00,22.252495,29.92807,15.398192
2028-01-07 00:00:00+00:00,22.125572,30.415314,14.605552
2028-01-08 00:00:00+00:00,22.84865,31.25255,15.062915
2028-01-09 00:00:00+00:00,23.27173,31.039787,15.970277
2028-01-10 00:00:00+00:00,24.344809,32.727028,16.32764
2028-01-11 00:00:00+00:00,25.96789,34.11426,18.185005
2028-01-12 00:00:00+00:00,27.390966,35.501503,19.842365
2028-01-13 00:00:00+00:00,27.464045,35.938744,20.34973
2028-01-14 00:00:00+00:00,27.337124,35.77598,19.507093
2028-01-15 00:00:00+00:00,27.060204,34.86322,19.914454
2028-01-16 00:00:00+00:00,26.68328,34.250458,19.371817
2028-01-17 00:00:00+00:00,25.55636,31.6377,20.17918
2028-01-18 00:00:00+00:00,24.179438,31.324934,18.436543
2028-01-19 00:00:00+00:00,24.152517,31.912174,17.243906
2028-01-20 00:00:00+00:00,24.275599,32.399414,17.251268
2028-01-21 00:00:00+00:00,24.348675,32.686653,16.75863
2028-01-22 00:00:00+00:00,24.721754,32.773888,16.915993
2028-01-23 00:00:00+00:00,25.794832,34.36113,18.223356
2028-01-24 00:00:00+00:00,25.767912,32.198368,19.68072
2028-01-25 00:00:00+00:00,26.99099,34.38561,20.28808
2028-01-26 00:00:00+00:00,28.114069,36.022846,20.395443
2028-01-27 00:00:00+00:00,27.787148,35.460083,20.802807
2028-01-28 00:00:00+00:00,27.360228,34.947323,20.96017
2028-01-29 00:00:00+00:00,27.283304,35.684555,20.067532
2028-01-30 00:00:00+00:00,27.706383,36.5218,19.224892
2028-01-31 00:00:00+00:00,28.77946,37.259037,20.532257
2028-02-01 00:00:00+00:00,28.60254,36.54628,21.289621
2028-02-02 00:00:00+00:00,27.325619,34.283516,20.646982
2028-02-03 00:00:00+00:00,26.8487,34.820755,19.254347
2028-02-04 00:00:00+00:00,27.07178,34.957993,19.36171
2028-02-05 00:00:00+00:00,27.694857,35.54523,20.269072
2028-02-06 00:00:00+00:00,27.817936,36.132473,20.026434
2028-02-07 00:00:00+00:00,27.691011,35.719707,19.883795
2028-02-08 00:00:00+00:00,27.56409,35.706947,19.491161
2028-02-09 00:00:00+00:00,27.68717,35.94419,19.498522
2028-02-10 00:00:00+00:00,27.66025,35.83143,19.855883
2028-02-11 00:00:00+00:00,27.533327,35.418663,20.163246
2028-02-12 00:00:00+00:00,26.906408,34.5059,19.670609
2028-02-13 00:00:00+00:00,26.529484,34.543144,18.827972
2028-02-14 00:00:00+00:00,26.902565,35.180378,18.985336
2028-02-15 00:00:00+00:00,26.975643,35.167618,19.192698
2028-02-16 00:00:00+00:00,27.09872,35.304863,19.00006
2028-02-17 00:00:00+00:00,27.671799,36.142094,19.557423
2028-02-18 00:00:00+00:00,27.244879,35.02934,19.864784
2028-02-19 00:00:00+00:00,25.067959,32.616573,17.37215
2028-02-20 00:00:00+00:00,24.741037,33.05381,16.729511
2028-02-21 00:00:00+00:00,25.464119,34.041054,17.136875
2028-02-22 00:00:00+00:00,26.237194,34.528286,17.894238
2028-02-23 00:00:00+00:00,27.560274,36.26553,18.751598
2028-02-24 00:00:00+00:00,28.233353,36.602764,20.008963
2028-02-25 00:00:00+00:00,28.456432,36.840004,20.066322
2028-02-26 00:00:00+00:00,28.17951,36.077244,20.123688
2028-02-27 00:00:00+00:00,29.05259,38.014484,20.18105
2028-02-28 00:00:00+00:00,30.525667,38.551727,23.388414
2028-02-29 00:00:00+00:00,30.548744,36.838963,24.645775
2028-03-01 00:00:00+00:00,29.421822,36.2262,22.953136
2028-03-02 00:00:00+00:00,28.544905,35.713436,21.360502
2028-03-03 00:00:00+00:00,26.443243,32.361263,20.305767
2028-03-04 00:00:00+00:00,26.856747,33.665436,20.373774
2028-03-05 00:00:00+00:00,28.770248,37.019604,20.541786
2028-03-06 00:00:00+00:00,29.23375,37.223778,21.159792
2028-03-07 00:00:00+00:00,29.597256,37.677948,21.027803
2028-03-08 00:00:00+00:00,30.310753,38.23212,22.845812
2028-03-09 00:00:00+00:00,30.224258,38.186295,22.363821
2028-03-10 00:00:00+00:00,30.287758,38.64047,22.03183
2028-03-11 00:00:00+00:00,31.451262,39.09464,23.899837
2028-03-12 00:00:00+00:00,30.114761,37.398815,22.317846
2028-03-13 00:00:00+00:00,29.97827,37.702988,22.335857
2028-03-14 00:00:00+00:00,28.291765,35.957157,21.153862
2028-03-15 00:00:00+00:00,28.40527,36.161335,21.021873
2028-03-16 00:00:00+00:00,27.718771,35.515503,19.83988
2028-03-17 00:00:00+00:00,28.732277,36.119675,21.45789
2028-03-18 00:00:00+00:00,28.095776,35.07385,20.725899
2028-03-19 00:00:00+00:00,28.709278,36.37802,20.693909
2028-03-20 00:00:00+00:00,30.072779,37.83219,21.911915
2028-03-21 00:00:00+00:00,31.386282,38.686367,23.479925
2028-03-22 00:00:00+00:00,32.94978,40.04054,25.147934
2028-03-23 00:00:00+00:00,33.763283,40.244713,26.765942
2028-03-24 00:00:00+00:00,33.426785,40.398884,26.083954
2028-03-25 00:00:00+00:00,32.69029,40.353054,24.901962
2028-03-26 00:00:00+00:00,31.103794,39.207226,22.919971
2028-03-27 00:00:00+00:00,30.917294,39.1614,22.73798
2028-03-28 00:00:00+00:00,32.430794,40.86557,24.00599
2028-03-29 00:00:00+00:00,34.294296,42.769745,25.873995
2028-03-30 00:00:00+00:00,34.857796,42.72392,26.842005
2028-03-31 00:00:00+00:00,32.821304,40.878086,24.760015
2028-04-01 00:00:00+00:00,31.334799,39.13226,22.978022
2028-04-02 00:00:00+00:00,30.498304,38.286438,22.296032
2028-04-03 00:00:00+00:00,30.461807,38.790607,22.114038
2028-04-04 00:00:00+00:00,30.975311,39.144775,22.632048
2028-04-05 00:00:00+00:00,30.938808,39.84895,22.150057
2028-04-06 00:00:00+00:00,32.55231,40.753128,24.418066
2028-04-07 00:00:00+00:00,34.615814,42.507298,26.736074
2028-04-08 00:00:00+00:00,36.37932,43.81147,28.654085
2028-04-09 00:00:00+00:00,36.242813,43.365643,28.222092
2028-04-10 00:00:00+00:00,35.956318,43.319817,27.5901
2028-04-11 00:00:00+00:00,34.019817,41.373985,25.708109
2028-04-12 00:00:00+00:00,33.633324,42.228157,24.526115
2028-04-13 00:00:00+00:00,33.246826,42.482334,23.444126
2028-04-14 00:00:00+00:00,34.86033,43.236504,25.462133
2028-04-15 00:00:00+00:00,34.62383,42.54068,26.480145
2028-04-16 00:00:00+00:00,33.73733,41.49485,25.498154
2028-04-17 00:00:00+00:00,33.500835,41.599022,25.116161
2028-04-18 00:00:00+00:00,33.714333,42.253193,25.13417
2028-04-19 00:00:00+00:00,34.27784,43.10736,25.25218
2028-04-20 00:00:00+00:00,35.741337,43.661537,27.82019
2028-04-21 00:00:00+00:00,33.20484,41.26571,23.738197
2028-04-22 00:00:00+00:00,31.61834,39.419884,22.756205
2028-04-23 00:00:00+00:00,31.331844,39.874054,22.174217
2028-04-24 00:00:00+00:00,32.395348,40.52823,23.792223
2028-04-25 00:00:00+00:00,34.458847,42.532402,25.810232
2028-04-26 00:00:00+00:00,35.17235,43.436573,26.62824
2028-04-27 00:00:00+00:00,33.03585,40.99074,24.196249
2028-04-28 00:00:00+00:00,32.349358,40.19492,23.864256
2028-04-29 00:00:00+00:00,32.512856,40.849087,23.682268
2028-04-30 00:00:00+00:00,32.576363,40.553265,24.250277
2028-05-01 00:00:00+00:00,31.939861,38.75743,23.818287
2028-05-02 00:00:00+00:00,31.353363,39.911606,22.486296
2028-05-03 00:00:00+00:00,32.624985,41.264954,23.23166
2028-05-04 00:00:00+00:00,31.74931,40.11804,21.936152
2028-05-05 00:00:00+00:00,31.47364,39.621113,22.49064
2028-05-06 00:00:00+00:00,32.397964,40.874187,23.445127
2028-05-07 00:00:00+00:00,32.67229,41.127266,23.749615
2028-05-08 00:00:00+00:00,32.746624,41.03034,24.104103
2028-05-09 00:00:00+00:00,32.67095,39.933422,24.608593
2028-05-10 00:00:00+00:00,33.095276,40.636497,24.91308
2028-05-11 00:00:00+00:00,32.769608,41.03957,24.11757
2028-05-12 00:00:00+00:00,32.093937,39.44265,24.072058
2028-05-13 00:00:00+00:00,32.418266,40.345722,23.976547
2028-05-14 00:00:00+00:00,32.34259,39.498802,24.881037
2028-05-15 00:00:00+00:00,30.56692,37.151882,23.385523
2028-05-16 00:00:00+00:00,32.24125,39.754955,24.740011
2028-05-17 00:00:00+00:00,35.115578,43.508034,26.5945
2028-05-18 00:00:00+00:00,37.139904,45.761112,28.44899
2028-05-19 00:00:00+00:00,32.56423,40.514187,24.053478
2028-05-20 00:00:00+00:00,32.588562,40.56726,23.807964
2028-05-21 00:00:00+00:00,32.012886,40.42034,23.362455
2028-05-22 00:00:00+00:00,31.237217,38.473415,24.216946
2028-05-23 00:00:00+00:00,31.761545,38.876495,23.32143
2028-05-24 00:00:00+00:00,31.335873,36.37957,25.47592
2028-05-25 00:00:00+00:00,33.110195,39.232647,27.430408
2028-05-26 00:00:00+00:00,34.184532,42.135723,26.184898
2028-05-27 00:00:00+00:00,33.658855,40.3888,25.789383
2028-05-28 00:00:00+00:00,33.583183,40.991875,25.193874
2028-05-29 00:00:00+00:00,33.20751,40.994953,24.948362
2028-05-30 00:00:00+00:00,32.78184,38.598026,26.20285
2028-05-31 00:00:00+00:00,33.10617,38.451107,27.407341
2028-06-01 00:00:00+00:00,32.480495,38.80418,25.861828
2028-06-02 00:00:00+00:00,32.154823,37.857254,26.216316
2028-06-03 00:00:00+00:00,33.179153,40.610332,25.420803
2028-06-04 00:00:00+00:00,31.50348,38.013412,24.225292
2028-06-05 00:00:00+00:00,32.57781,40.066486,24.77978
2028-06-06 00:00:00+00:00,33.402138,40.81956,25.98427
2028-06-07 00:00:00+00:00,32.526466,39.922646,24.638758
2028-06-08 00:00:00+00:00,33.150795,40.47572,25.493248
2028-06-09 00:00:00+00:00,33.625122,41.12879,25.847734
2028-06-10 00:00:00+00:00,33.19945,40.581867,25.202225
2028-06-11 00:00:00+00:00,32.273777,39.434956,24.506714
2028-06-12 00:00:00+00:00,32.248104,39.78803,24.4612
2028-06-13 00:00:00+00:00,32.322433,39.441105,24.76569
2028-06-14 00:00:00+00:00,33.09676,39.74418,26.120174
2028-06-15 00:00:00+00:00,33.321087,40.74726,25.874666
2028-06-16 00:00:00+00:00,32.99542,39.500336,26.779156
2028-06-17 00:00:00+00:00,32.46975,39.95341,24.833645
2028-06-18 00:00:00+00:00,31.744078,38.856487,24.488129
2028-06-19 00:00:00+00:00,31.168402,37.109562,24.992619
2028-06-20 00:00:00+00:00,32.042732,37.76264,25.697107
2028-06-21 00:00:00+00:00,32.817062,39.665714,26.101597
2028-06-22 00:00:00+00:00,33.891388,42.718796,25.456085
2028-06-23 00:00:00+00:00,32.115715,38.07187,26.110575
2028-06-24 00:00:00+00:00,32.54004,37.874947,27.415062
2028-06-25 00:00:00+00:00,32.11437,37.978024,26.71955
2028-06-26 00:00:00+00:00,32.288696,37.9311,25.874039
2028-06-27 00:00:00+00:00,32.113026,37.584175,26.92853
2028-06-28 00:00:00+00:00,30.587355,37.187252,25.533016
2028-06-29 00:00:00+00:00,27.461685,33.440327,24.287504
2028-06-30 00:00:00+00:00,27.686008,32.09341,23.641993
2028-07-01 00:00:00+00:00,31.210339,37.546482,25.546482
2028-07-02 00:00:00+00:00,31.284666,37.849564,24.500969
2028-07-03 00:00:00+00:00,31.154356,37.20833,25.432478
2028-07-04 00:00:00+00:00,31.623379,37.36791,26.910704
2028-07-05 00:00:00+00:00,31.842402,37.827488,26.538929
2028-07-06 00:00:00+00:00,31.911427,38.387066,25.767157
2028-07-07 00:00:00+00:00,30.98045,36.196644,26.44538
2028-07-08 00:00:00+00:00,30.099472,34.706226,26.373606
2028-07-09 00:00:00+00:00,31.368496,36.315807,26.70183
2028-07-10 00:00:00+00:00,32.187523,37.67539,26.430056
2028-07-11 00:00:00+00:00,31.956541,37.78496,26.708282
2028-07-12 00:00:00+00:00,30.77557,36.894547,26.286507
2028-07-13 00:00:00+00:00,29.844593,35.104126,25.764736
2028-07-14 00:00:00+00:00,30.663614,36.163704,25.79296
2028-07-15 00:00:00+00:00,30.43264,36.323284,24.621183
2028-07-16 00:00:00+00:00,30.001663,36.18287,23.649408
2028-07-17 00:00:00+00:00,28.870687,35.742443,23.127634
2028-07-18 00:00:00+00:00,26.58971,31.302021,22.755861
2028-07-19 00:00:00+00:00,26.108736,29.1616,23.234085
2028-07-20 00:00:00+00:00,25.827757,30.171183,22.86231
2028-07-21 00:00:00+00:00,27.34678,32.230766,22.490538
2028-07-22 00:00:00+00:00,29.665808,34.74034,25.418762
2028-07-23 00:00:00+00:00,29.334827,34.999924,25.04699
2028-07-24 00:00:00+00:00,29.253853,35.509502,25.175213
2028-07-25 00:00:00+00:00,29.622877,34.46908,25.45344
2028-07-26 00:00:00+00:00,30.241901,34.978664,25.481665
2028-07-27 00:00:00+00:00,30.110924,35.038242,25.059889
2028-07-28 00:00:00+00:00,27.479948,33.147823,23.188116
2028-07-29 00:00:00+00:00,25.398975,28.157398,22.816343
2028-07-30 00:00:00+00:00,25.667997,29.116982,22.744564
2028-07-31 00:00:00+00:00,25.98702,30.77656,22.622791
2028-08-01 00:00:00+00:00,27.656042,32.88614,23.301018
2028-08-02 00:00:00+00:00,28.67507,33.895718,24.529243
2028-08-03 00:00:00+00:00,27.29409,32.2053,24.257467
2028-08-04 00:00:00+00:00,25.513117,28.664883,22.835697
2028-08-05 00:00:00+00:00,25.73214,29.824461,23.163921
2028-08-06 00:00:00+00:00,25.801163,30.48404,22.692144
2028-08-07 00:00:00+00:00,26.870186,30.943619,23.27037
2028-08-08 00:00:00+00:00,26.23921,30.303198,23.398596
2028-08-09 00:00:00+00:00,26.258234,31.212776,22.726822
2028-08-10 00:00:00+00:00,27.07726,31.772358,23.005047
2028-08-11 00:00:00+00:00,26.99628,29.931938,24.13327
2028-08-12 00:00:00+00:00,27.515305,31.391516,24.2615
2028-08-13 00:00:00+00:00,26.784328,31.301094,23.689724
2028-08-14 00:00:00+00:00,27.003353,31.360682,23.117949
2028-08-15 00:00:00+00:00,27.522377,32.27026,23.446175
2028-08-16 00:00:00+00:00,24.991402,27.47984,22.6244
2028-08-17 00:00:00+00:00,27.710424,32.93942,23.602625
2028-08-18 00:00:00+00:00,26.27945,28.998997,23.13085
2028-08-19 00:00:00+00:00,25.798473,29.558575,22.659077
2028-08-20 00:00:00+00:00,26.367496,31.218157,23.287304
2028-08-21 00:00:00+00:00,25.136522,28.377735,23.265528
2028-08-22 00:00:00+00:00,25.655542,29.487314,22.843756
2028-08-23 00:00:00+00:00,26.424568,30.746893,23.37198
2028-08-24 00:00:00+00:00,26.143589,29.506475,23.200203
2028-08-25 00:00:00+00:00,25.712614,29.166058,23.328428
2028-08-26 00:00:00+00:00,26.18164,30.425632,22.706656
2028-08-27 00:00:00+00:00,26.350664,30.235216,23.884882
2028-08-28 00:00:00+00:00,25.469688,28.794794,23.363106
2028-08-29 00:00:00+00:00,26.338709,30.854374,23.04133
2028-08-30 00:00:00+00:00,27.207735,31.313955,23.119556
2028-08-31 00:00:00+00:00,27.876755,31.923534,24.147783
2028-09-01 00:00:00+00:00,26.74578,29.633114,24.126009
2028-09-02 00:00:00+00:00,26.845934,31.338125,24.112247
2028-09-03 00:00:00+00:00,26.346087,31.143139,23.398481
2028-09-04 00:00:00+00:00,27.746239,32.148155,23.83472
2028-09-05 00:00:00+00:00,27.846395,32.05316,24.420958
2028-09-06 00:00:00+00:00,27.646545,31.308184,24.357193
2028-09-07 00:00:00+00:00,27.796698,31.663193,24.543432
2028-09-08 00:00:00+00:00,28.64685,33.568207,24.079668
2028-09-09 00:00:00+00:00,28.347002,32.42322,24.865904
2028-09-10 00:00:00+00:00,28.097158,32.178234,24.452143
2028-09-11 00:00:00+00:00,27.097311,31.333246,24.188381
2028-09-12 00:00:00+00:00,27.047464,31.538261,23.224619
2028-09-13 00:00:00+00:00,27.447617,32.593273,23.610855
2028-09-14 00:00:00+00:00,28.19777,33.348286,23.847092
2028-09-15 00:00:00+00:00,27.94792,32.303303,24.583328
2028-09-16 00:00:00+00:00,26.998072,30.708313,23.869564
2028-09-17 00:00:00+00:00,26.648226,31.013329,23.505802
2028-09-18 00:00:00+00:00,26.74838,30.31834,23.692041
2028-09-19 00:00:00+00:00,27.498533,31.723358,23.578276
2028-09-20 00:00:00+00:00,28.398685,33.228367,23.764517
2028-09-21 00:00:00+00:00,28.798841,33.78338,24.350756
2028-09-22 00:00:00+00:00,28.648993,33.088394,24.13699
2028-09-23 00:00:00+00:00,28.999146,33.843407,25.023226
2028-09-24 00:00:00+00:00,29.149296,33.648422,25.159464
2028-09-25 00:00:00+00:00,28.09945,32.10343,24.445704
2028-09-26 00:00:00+00:00,27.949604,32.408447,24.73194
2028-09-27 00:00:00+00:00,28.449757,32.66346,24.068174
2028-09-28 00:00:00+00:00,28.599909,33.51848,24.454412
2028-09-29 00:00:00+00:00,28.750063,33.673485,23.84065
2028-09-30 00:00:00+00:00,28.700214,33.828506,24.42689
2028-10-01 00:00:00+00:00,28.55037,33.48352,23.963123
2028-10-02 00:00:00+00:00,29.10052,34.688526,24.049362
2028-10-03 00:00:00+00:00,29.650671,34.193542,24.585598
2028-10-04 00:00:00+00:00,28.650826,33.248558,24.321836
2028-10-05 00:00:00+00:00,28.45098,33.15357,24.158073
2028-10-06 00:00:00+00:00,28.40113,32.95858,23.69431
2028-10-07 00:00:00+00:00,28.901283,33.863594,23.930548
2028-10-08 00:00:00+00:00,29.05144,33.668606,24.216785
2028-10-09 00:00:00+00:00,29.301592,35.073624,23.703022
2028-10-10 00:00:00+00:00,30.051744,37.228634,23.289259
2028-10-11 00:00:00+00:00,30.701897,38.28365,23.6255
2028-10-12 00:00:00+00:00,29.15205,35.338665,23.361736
2028-10-13 00:00:00+00:00,28.002203,32.443676,22.747972
2028-10-14 00:00:00+00:00,29.802357,36.39869,23.83421
2028-10-15 00:00:00+00:00,30.852509,37.4537,25.020447
2028-10-16 00:00:00+00:00,30.55266,37.80872,23.656683
2028-10-17 00:00:00+00:00,30.652813,36.56373,24.392921
2028-10-18 00:00:00+00:00,30.152966,35.718742,25.17916
2028-10-19 00:00:00+00:00,28.003119,31.673756,24.315393
2028-10-20 00:00:00+00:00,27.253271,31.778769,23.151632
2028-10-21 00:00:00+00:00,27.353424,33.383785,22.037868
2028-10-22 00:00:00+00:00,27.503576,33.788795,22.574106
2028-10-23 00:00:00+00:00,28.803732,35.39381,22.660345
2028-10-24 00:00:00+00:00,29.953882,37.698826,24.246582
2028-10-25 00:00:00+00:00,29.504036,37.60384,22.03282
2028-10-26 00:00:00+00:00,29.604189,37.808846,21.669056
2028-10-27 00:00:00+00:00,29.454344,37.06386,21.655294
2028-10-28 00:00:00+00:00,29.454496,37.51888,21.891531
2028-10-29 00:00:00+00:00,29.354649,37.52389,22.377768
2028-10-30 00:00:00+00:00,29.104801,37.278904,21.314007
2028-10-31 00:00:00+00:00,29.004951,37.13392,21.050241
2028-11-01 00:00:00+00:00,29.651325,38.38717,22.03266
2028-11-02 00:00:00+00:00,29.12124,36.12809,21.238338
2028-11-03 00:00:00+00:00,28.791157,36.619007,21.444016
2028-11-04 00:00:00+00:00,29.111069,37.759922,21.14969
2028-11-05 00:00:00+00:00,29.580982,38.050846,21.855368
2028-11-06 00:00:00+00:00,28.950901,37.191765,21.911045
2028-11-07 00:00:00+00:00,29.420815,36.882687,23.516726
2028-11-08 00:00:00+00:00,28.840729,36.423603,22.0724
2028-11-09 00:00:00+00:00,28.210644,36.21452,20.228077
2028-11-10 00:00:00+00:00,27.78056,35.855442,19.583755
2028-11-11 00:00:00+00:00,28.250473,35.69636,20.589436
2028-11-12 00:00:00+00:00,29.320385,36.237278,21.695112
2028-11-13 00:00:00+00:00,29.5403,36.628197,23.650787
2028-11-14 00:00:00+00:00,29.410215,36.919117,22.106462
2028-11-15 00:00:00+00:00,29.430134,36.610035,23.112143
2028-11-16 00:00:00+00:00,29.000048,37.150955,22.21782
2028-11-17 00:00:00+00:00,29.719961,36.34187,23.673496
2028-11-18 00:00:00+00:00,28.389874,34.482796,22.629173
2028-11-19 00:00:00+00:00,27.159792,33.77371,21.034851
2028-11-20 00:00:00+00:00,26.929705,34.31463,19.94053
2028-11-21 00:00:00+00:00,27.799618,35.30555,20.496206
2028-11-22 00:00:00+00:00,29.119532,36.346466,22.201885
2028-11-23 00:00:00+00:00,29.78945,37.137386,22.857561
2028-11-24 00:00:00+00:00,30.109364,37.378304,23.513239
2028-11-25 00:00:00+00:00,29.429276,36.519222,22.368917
2028-11-26 00:00:00+00:00,28.049192,35.46014,20.824593
2028-11-27 00:00:00+00:00,27.619108,35.50106,20.53027
2028-11-28 00:00:00+00:00,27.489021,35.191982,20.335947
2028-11-29 00:00:00+00:00,27.208937,35.1829,19.641624
2028-11-30 00:00:00+00:00,27.42885,35.57382,19.697302
2028-12-01 00:00:00+00:00,28.348764,36.41474,20.10298
2028-12-02 00:00:00+00:00,29.71868,36.505653,23.458658
2028-12-03 00:00:00+00:00,28.588596,35.44658,22.364334
2028-12-04 00:00:00+00:00,27.408508,35.037495,20.570013
2028-12-05 00:00:00+00:00,26.578423,34.228413,19.97569
2028-12-06 00:00:00+00:00,26.248337,34.21933,19.031364
2028-12-07 00:00:00+00:00,26.06825,33.510254,19.287045
2028-12-08 00:00:00+00:00,25.788164,33.351173,18.692722
2028-12-09 00:00:00+00:00,25.908083,33.04209,19.2484
2028-12-10 00:00:00+00:00,25.127996,31.98301,18.804077
2028-12-11 00:00:00+00:00,24.597912,32.073933,17.509752
2028-12-12 00:00:00+00:00,24.817825,32.76485,17.51543
2028-12-13 00:00:00+00:00,25.387741,33.255768,17.921108
2028-12-14 00:00:00+00:00,25.807655,33.74669,18.526785
2028-12-15 00:00:00+00:00,26.227571,34.087605,18.832464
2028-12-16 00:00:00+00:00,26.647484,34.07852,19.938139
2028-12-17 00:00:00+00:00,26.167398,32.969444,19.843819
2028-12-18 00:00:00+00:00,25.137314,32.76036,18.699497
2028-12-19 00:00:00+00:00,24.707228,31.501282,18.705172
2028-12-20 00:00:00+00:00,26.027142,33.392197,20.31085
2028-12-21 00:00:00+00:00,25.597057,34.083115,17.766525
2028-12-22 00:00:00+00:00,26.266973,34.374035,19.372204
2028-12-23 00:00:00+00:00,26.186888,32.964954,19.927883
2028-12-24 00:00:00+00:00,26.206802,33.505875,19.18356
2028-12-25 00:00:00+00:00,25.076715,32.696793,18.139236
2028-12-26 00:00:00+00:00,24.29663,31.787712,17.844913
2028-12-27 00:00:00+00:00,24.366547,32.278633,17.15059
2028-12-28 00:00:00+00:00,24.28646,31.669552,17.656271
2028-12-29 00:00:00+00:00,23.906374,31.560469,17.111946
2028-12-30 00:00:00+00:00,24.17629,32.50139,16.867622
2028-12-31 00:00:00+00:00,24.996206,33.19231,17.7733
2029-01-01 00:00:00+00:00,24.816908,32.432304,18.1794
2029-01-02 00:00:00+00:00,23.689991,30.919544,17.036762
2029-01-03 00:00:00+00:00,23.363064,31.206783,16.344124
2029-01-04 00:00:00+00:00,23.236145,31.344025,16.001486
2029-01-05 00:00:00+00:00,23.159224,31.331264,15.508849
2029-01-06 00:00:00+00:00,23.932302,31.768501,17.166214
2029-01-07 00:00:00+00:00,25.65538,33.705738,18.473577
2029-01-08 00:00:00+00:00,26.67846,34.29298,19.63094
2029-01-09 00:00:00+00:00,26.75154,34.230217,20.2383
2029-01-10 00:00:00+00:00,27.074617,34.317455,20.095665
2029-01-11 00:00:00+00:00,25.1477,30.804695,19.903027
2029-01-12 00:00:00+00:00,22.220776,28.641932,15.960389
2029-01-13 00:00:00+00:00,21.743855,29.529171,14.4677515
2029-01-14 00:00:00+00:00,22.816933,31.066406,15.075114
2029-01-15 00:00:00+00:00,24.090014,31.753647,16.382479
2029-01-16 00:00:00+00:00,26.66309,35.44089,18.589838
2029-01-17 00:00:00+00:00,28.236168,36.278126,20.847202
2029-01-18 00:00:00+00:00,27.959248,35.81536,20.504564
2029-01-19 00:00:00+00:00,27.582327,35.502605,20.161926
2029-01-20 00:00:00+00:00,27.605406,36.089844,19.46929
2029-01-21 00:00:00+00:00,28.478481,37.427082,19.826653
2029-01-22 00:00:00+00:00,29.301561,37.014317,21.984015
2029-01-23 00:00:00+00:00,26.67464,31.301558,21.841375
2029-01-24 00:00:00+00:00,24.94772,30.038797,19.89874
2029-01-25 00:00:00+00:00,24.570799,31.52604,18.556107
2029-01-26 00:00:00+00:00,25.24388,33.763275,17.513466
2029-01-27 00:00:00+00:00,25.816956,34.60051,17.470829
2029-01-28 00:00:00+00:00,26.790035,36.08775,18.02819
2029-01-29 00:00:00+00:00,28.663113,37.324993,20.435555
2029-01-30 00:00:00+00:00,28.636192,36.61223,21.692915
2029-01-31 00:00:00+00:00,28.059273,35.74947,20.950281
2029-02-01 00:00:00+00:00,26.98235,34.486706,19.757645
2029-02-02 00:00:00+00:00,27.00543,34.97395,18.865007
2029-02-03 00:00:00+00:00,27.778507,36.211185,19.672367
2029-02-04 00:00:00+00:00,28.751587,36.248425,21.82973
2029-02-05 00:00:00+00:00,23.924665,31.435658,17.187094
2029-02-06 00:00:00+00:00,20.947744,26.422901,15.894454
2029-02-07 00:00:00+00:00,24.620821,32.760136,18.701818
2029-02-08 00:00:00+00:00,26.7439,33.697376,19.859182
2029-02-09 00:00:00+00:00,27.36698,34.734615,20.716543
2029-02-10 00:00:00+00:00,27.640059,35.221855,20.073908
2029-02-11 00:00:00+00:00,28.61314,35.359097,21.681269
2029-02-12 00:00:00+00:00,27.336218,33.24633,20.48863
2029-02-13 00:00:00+00:00,29.709291,38.383568,22.095995
2029-02-14 00:00:00+00:00,30.632374,39.120808,22.253357
2029-02-15 00:00:00+00:00,31.055452,38.458046,24.16072
2029-02-16 00:00:00+00:00,29.57853,36.695282,22.818083
2029-02-17 00:00:00+00:00,28.551607,36.23253,21.175444
2029-02-18 00:00:00+00:00,26.774689,33.519768,20.08281
2029-02-19 00:00:00+00:00,25.447765,33.357002,17.54017
2029-02-20 00:00:00+00:00,27.620848,36.34424,19.247534
2029-02-21 00:00:00+00:00,29.343924,37.88148,21.904896
2029-02-22 00:00:00+00:00,29.667002,38.368717,21.012259
2029-02-23 00:00:00+00:00,30.640081,38.555958,22.719622
2029-02-24 00:00:00+00:00,30.86316,38.843197,23.126984
2029-02-25 00:00:00+00:00,30.186241,38.180435,22.334347
2029-02-26 00:00:00+00:00,29.309319,37.417675,21.34171
2029-02-27 00:00:00+00:00,29.032394,37.40491,20.699072
2029-02-28 00:00:00+00:00,29.555475,37.992153,21.156435
2029-03-01 00:00:00+00:00,30.578552,39.27939,22.063797
2029-03-02 00:00:00+00:00,30.951632,39.21663,22.87116
2029-03-03 00:00:00+00:00,30.289873,38.210217,22.051266
2029-03-04 00:00:00+00:00,30.053375,38.11439,21.669275
2029-03-05 00:00:00+00:00,30.016872,38.618565,20.987282
2029-03-06 00:00:00+00:00,29.380379,36.57274,22.15529
2029-03-07 00:00:00+00:00,29.693878,37.62691,21.723299
2029-03-08 00:00:00+00:00,31.957382,41.081078,23.291307
2029-03-09 00:00:00+00:00,34.170883,43.685253,25.409317
2029-03-10 00:00:00+00:00,33.134388,41.439423,24.877327
2029-03-11 00:00:00+00:00,32.39789,40.893597,23.445333
2029-03-12 00:00:00+00:00,33.061386,40.547768,25.563343
2029-03-13 00:00:00+00:00,32.674896,40.351944,24.731354
2029-03-14 00:00:00+00:00,32.738396,41.056114,23.949364
2029-03-15 00:00:00+00:00,31.001896,37.460285,24.717373
2029-03-16 00:00:00+00:00,28.965397,34.514458,23.23538
2029-03-17 00:00:00+00:00,29.2789,34.46863,22.053387
2029-03-18 00:00:00+00:00,26.9424,34.222805,20.521397
2029-03-19 00:00:00+00:00,28.6559,37.42698,20.839405
2029-03-20 00:00:00+00:00,28.669403,37.331146,20.657413
2029-03-21 00:00:00+00:00,30.882906,39.385323,22.675423
2029-03-22 00:00:00+00:00,31.496408,40.439495,22.443432
2029-03-23 00:00:00+00:00,31.509907,40.743668,22.511442
2029-03-24 00:00:00+00:00,33.223408,42.04784,24.82945
2029-03-25 00:00:00+00:00,34.186913,42.502014,26.047457
2029-03-26 00:00:00+00:00,33.650417,41.20619,25.765467
2029-03-27 00:00:00+00:00,33.11392,41.510357,24.183477
2029-03-28 00:00:00+00:00,32.727417,41.464527,23.401485
2029-03-29 00:00:00+00:00,33.140923,41.718708,24.769491
2029-03-30 00:00:00+00:00,34.104424,42.522877,26.037502
2029-03-31 00:00:00+00:00,34.067924,42.277046,25.80551
2029-04-01 00:00:00+00:00,32.83143,41.33122,23.77352
2029-04-02 00:00:00+00:00,32.094925,40.235394,23.141525
2029-04-03 00:00:00+00:00,32.55843,40.78956,24.309536
2029-04-04 00:00:00+00:00,34.321934,42.693737,25.427546
2029-04-05 00:00:00+00:00,35.48544,43.79791,27.295557
2029-04-06 00:00:00+00:00,35.348938,43.102085,27.213564
2029-04-07 00:00:00+00:00,35.06244,42.356255,27.331575
2029-04-08 00:00:00+00:00,34.825943,42.410423,27.399584
2029-04-09 00:00:00+00:00,34.639442,42.3146,26.96759
2029-04-10 00:00:00+00:00,34.102943,42.06877,25.785597
2029-04-11 00:00:00+00:00,32.51644,40.572945,24.303606
2029-04-12 00:00:00+00:00,30.979948,39.127113,22.371616
2029-04-13 00:00:00+00:00,30.94345,38.981293,22.539625
2029-04-14 00:00:00+00:00,32.20695,40.38546,24.007633
2029-04-15 00:00:00+00:00,33.470455,41.23963,25.475643
2029-04-16 00:00:00+00:00,32.933952,40.6938,25.043652
2029-04-17 00:00:00+00:00,30.89746,38.897976,22.81166
2029-04-18 00:00:00+00:00,30.210962,37.902153,22.12967
2029-04-19 00:00:00+00:00,30.424463,38.256325,22.197678
2029-04-20 00:00:00+00:00,31.587963,39.060497,23.765688
2029-04-21 00:00:00+00:00,31.951468,39.11467,24.383696
2029-04-22 00:00:00+00:00,31.614967,38.81884,24.101706
2029-04-23 00:00:00+00:00,31.428467,38.97301,23.269712
2029-04-24 00:00:00+00:00,32.341972,40.077183,24.237722
2029-04-25 00:00:00+00:00,33.805473,41.68136,25.455732
2029-04-26 00:00:00+00:00,35.618977,43.78553,27.27374
2029-04-27 00:00:00+00:00,35.43248,42.3897,28.591745
2029-04-28 00:00:00+00:00,34.39598,41.893875,26.059757
2029-04-29 00:00:00+00:00,33.959476,41.298046,25.577765
2029-04-30 00:00:00+00:00,33.52298,42.002216,24.645773
2029-05-01 00:00:00+00:00,33.286484,41.806396,24.263784
2029-05-02 00:00:00+00:00,31.899986,40.160564,23.031792
2029-05-03 00:00:00+00:00,30.318901,38.26419,21.06804
2029-05-04 00:00:00+00:00,30.693233,39.017265,21.77253
2029-05-05 00:00:00+00:00,32.167557,41.22034,22.877018
2029-05-06 00:00:00+00:00,33.541885,41.573418,24.831507
2029-05-07 00:00:00+00:00,33.966217,42.126495,24.885994
2029-05-08 00:00:00+00:00,34.44054,43.379574,25.49048
2029-05-09 00:00:00+00:00,36.16487,42.93265,29.04497
2029-05-10 00:00:00+00:00,35.3892,42.235725,27.949463
2029-05-11 00:00:00+00:00,33.963524,40.3888,27.50395
2029-05-12 00:00:00+00:00,32.087852,38.69188,25.408438
2029-05-13 00:00:00+00:00,32.56218,39.944958,24.912928
2029-05-14 00:00:00+00:00,34.08651,41.848034,26.367414
2029-05-15 00:00:00+00:00,37.260838,45.05111,28.821903
2029-05-16 00:00:00+00:00,36.885162,42.954185,28.776392
2029-05-17 00:00:00+00:00,33.909492,40.857265,25.980879
2029-05-18 00:00:00+00:00,32.683823,40.510338,25.235367
2029-05-19 00:00:00+00:00,35.30815,44.063416,27.089855
2029-05-20 00:00:00+00:00,36.93248,44.916496,28.744347
2029-05-21 00:00:00+00:00,34.30681,41.56957,25.898832
2029-05-22 00:00:00+00:00,33.231133,40.572647,24.903324
2029-05-23 00:00:00+00:00,33.705463,40.07572,26.45781
2029-05-24 00:00:00+00:00,32.82979,37.0788,27.912296
2029-05-25 00:00:00+00:00,34.254116,42.231876,26.166786
2029-05-26 00:00:00+00:00,33.478447,41.434956,24.971273
2029-05-27 00:00:00+00:00,34.302773,41.938026,25.875763
2029-05-28 00:00:00+00:00,33.6271,41.391113,24.930252
2029-05-29 00:00:00+00:00,33.251434,40.794178,24.984741
2029-05-30 00:00:00+00:00,35.17576,42.547256,27.239231
2029-05-31 00:00:00+00:00,35.150085,42.350334,27.443718
2029-06-01 00:00:00+00:00,33.72441,41.703415,25.098204
2029-06-02 00:00:00+00:00,33.04874,40.606487,24.702694
2029-06-03 00:00:00+00:00,32.373074,40.359562,23.907183
2029-06-04 00:00:00+00:00,32.4974,39.862644,24.511671
2029-06-05 00:00:00+00:00,32.621727,39.865723,24.81616
2029-06-06 00:00:00+00:00,32.54606,39.0188,25.270647
2029-06-07 00:00:00+00:00,30.470387,34.171875,25.925137
2029-06-08 00:00:00+00:00,32.59471,38.274952,26.329624
2029-06-09 00:00:00+00:00,34.46904,41.57803,27.484112
2029-06-10 00:00:00+00:00,35.993366,43.681107,28.388605
2029-06-11 00:00:00+00:00,35.617695,41.88418,28.643087
2029-06-12 00:00:00+00:00,33.192024,39.587257,26.24758
2029-06-13 00:00:00+00:00,31.916355,38.490337,25.302065
2029-06-14 00:00:00+00:00,33.64068,39.943413,27.206556
2029-06-15 00:00:00+00:00,36.115005,43.196487,28.961044
2029-06-16 00:00:00+00:00,33.68934,38.299564,27.765533
2029-06-17 00:00:00+00:00,33.613663,39.302643,27.270021
2029-06-18 00:00:00+00:00,32.637993,38.305717,26.92451
2029-06-19 00:00:00+00:00,33.062325,39.508793,26.529
2029-06-20 00:00:00+00:00,33.28665,40.26187,26.383486
2029-06-21 00:00:00+00:00,33.860973,40.96495,26.737972
2029-06-22 00:00:00+00:00,32.485306,39.218025,25.542463
2029-06-23 00:00:00+00:00,32.00963,38.1211,25.946953
2029-06-24 00:00:00+00:00,31.233957,38.024178,26.90144
2029-06-25 00:00:00+00:00,31.90829,37.877254,26.205927
2029-06-26 00:00:00+00:00,33.032616,39.08033,26.810417
2029-06-27 00:00:00+00:00,32.556946,38.983406,26.264904
2029-06-28 00:00:00+00:00,31.531273,38.18648,24.919394
2029-06-29 00:00:00+00:00,31.055603,37.38956,25.373884
2029-06-30 00:00:00+00:00,28.979929,34.99264,25.17837
2029-07-01 00:00:00+00:00,29.404257,36.045715,24.582859
2029-07-02 00:00:00+00:00,31.378586,37.098793,26.137348
2029-07-03 00:00:00+00:00,31.4996,37.55593,25.975422
2029-07-04 00:00:00+00:00,30.618624,35.865513,26.603651
2029-07-05 00:00:00+00:00,31.687647,37.025093,26.231873
2029-07-06 00:00:00+00:00,32.756668,38.734673,26.860096
2029-07-07 00:00:00+00:00,31.525694,38.194252,24.988323
2029-07-08 00:00:00+00:00,31.294718,37.95383,24.666548
2029-07-09 00:00:00+00:00,30.11374,34.063416,25.344776
2029-07-10 00:00:00+00:00,32.53277,37.72299,27.273003
2029-07-11 00:00:00+00:00,33.30179,39.03257,27.801228
2029-07-12 00:00:00+00:00,32.72081,38.342148,26.77945
2029-07-13 00:00:00+00:00,32.339836,37.85173,27.157675
2029-07-14 00:00:00+00:00,31.458858,36.01131,27.635902
2029-07-15 00:00:00+00:00,26.527885,30.020885,23.714127
2029-07-16 00:00:00+00:00,27.046907,31.330473,22.592354
2029-07-17 00:00:00+00:00,29.415932,34.44005,25.270578
2029-07-18 00:00:00+00:00,30.834953,36.09963,25.648802
2029-07-19 00:00:00+00:00,31.053978,35.95921,26.42703
2029-07-20 00:00:00+00:00,30.123001,36.468792,24.905256
2029-07-21 00:00:00+00:00,26.192026,29.028366,23.88348
2029-07-22 00:00:00+00:00,26.36105,30.73795,23.711708
2029-07-23 00:00:00+00:00,26.680075,31.297527,22.689932
2029-07-24 00:00:00+00:00,26.149096,29.107105,23.368156
2029-07-25 00:00:00+00:00,26.568121,31.716686,23.246382
2029-07-26 00:00:00+00:00,28.087147,33.126263,23.574608
2029-07-27 00:00:00+00:00,28.95617,33.58585,24.502834
2029-07-28 00:00:00+00:00,31.02519,36.395428,26.08106
2029-07-29 00:00:00+00:00,30.794218,36.305008,25.409283
2029-07-30 00:00:00+00:00,28.963238,35.214584,24.38751
2029-07-31 00:00:00+00:00,27.382263,32.074165,23.665735
2029-08-01 00:00:00+00:00,29.401287,34.283745,24.243961
2029-08-02 00:00:00+00:00,31.670313,36.443325,26.972187
2029-08-03 00:00:00+00:00,31.839334,37.0029,26.950415
2029-08-04 00:00:00+00:00,31.40836,36.412487,26.22864
2029-08-05 00:00:00+00:00,30.527382,34.822067,26.306862
2029-08-06 00:00:00+00:00,29.396406,33.481644,25.235088
2029-08-07 00:00:00+00:00,28.66543,33.141228,25.563314
2029-08-08 00:00:00+00:00,29.234453,33.900806,24.84154
2029-08-09 00:00:00+00:00,30.553478,34.810383,26.069763
2029-08-10 00:00:00+00:00,28.872503,32.169964,25.997992
2029-08-11 00:00:00+00:00,27.641525,31.929543,24.326218
2029-08-12 00:00:00+00:00,27.360552,31.98912,23.804443
2029-08-13 00:00:00+00:00,27.929575,33.298702,24.38267
2029-08-14 00:00:00+00:00,27.698599,32.208282,24.760893
2029-08-15 00:00:00+00:00,26.667624,31.31786,23.93912
2029-08-16 00:00:00+00:00,28.136644,32.97744,23.267344
2029-08-17 00:00:00+00:00,29.305668,33.987022,25.895567
2029-08-18 00:00:00+00:00,28.07469,32.4966,25.473795
2029-08-19 00:00:00+00:00,27.293716,30.656183,24.40202
2029-08-20 00:00:00+00:00,26.61274,31.065762,23.480244
2029-08-21 00:00:00+00:00,27.381763,32.87534,23.558474
2029-08-22 00:00:00+00:00,28.100788,33.38492,24.486698
2029-08-23 00:00:00+00:00,28.169811,32.294502,24.414923
2029-08-24 00:00:00+00:00,28.138836,32.95408,24.293148
2029-08-25 00:00:00+00:00,27.90786,32.76366,24.771372
2029-08-26 00:00:00+00:00,27.626883,31.92324,24.299597
2029-08-27 00:00:00+00:00,27.545906,31.582817,24.727827
2029-08-28 00:00:00+00:00,27.21493,31.442398,24.306051
2029-08-29 00:00:00+00:00,27.783953,32.90198,24.184275
2029-08-30 00:00:00+00:00,27.75298,32.31156,24.462502
2029-08-31 00:00:00+00:00,27.822002,32.57114,24.190725
2029-09-01 00:00:00+00:00,28.541027,33.580723,24.21895
2029-09-02 00:00:00+00:00,29.545897,33.936874,25.465687
2029-09-03 00:00:00+00:00,28.746048,32.541885,25.301922
2029-09-04 00:00:00+00:00,29.296204,33.796898,25.38816
2029-09-05 00:00:00+00:00,30.496355,35.551914,26.6244
2029-09-06 00:00:00+00:00,29.946507,34.85693,26.310637
2029-09-07 00:00:00+00:00,28.446661,32.31194,25.696873
2029-09-08 00:00:00+00:00,27.446814,31.416958,24.283108
2029-09-09 00:00:00+00:00,27.496965,32.671967,24.169348
2029-09-10 00:00:00+00:00,26.897116,30.726982,23.805582
2029-09-11 00:00:00+00:00,27.497272,32.131996,23.94182
2029-09-12 00:00:00+00:00,28.497423,33.13701,24.328058
2029-09-13 00:00:00+00:00,28.797579,33.14202,24.314295
2029-09-14 00:00:00+00:00,28.74773,33.247036,24.000534
2029-09-15 00:00:00+00:00,28.897884,33.95205,23.88677
2029-09-16 00:00:00+00:00,29.948036,35.157063,24.773008
2029-09-17 00:00:00+00:00,30.948189,35.762077,25.859245
2029-09-18 00:00:00+00:00,31.398342,36.11709,26.84548
2029-09-19 00:00:00+00:00,31.498495,36.372097,26.53172
2029-09-20 00:00:00+00:00,31.948645,37.277115,27.317955
2029-09-21 00:00:00+00:00,31.4988,36.53213,27.004192
2029-09-22 00:00:00+00:00,31.048954,36.53714,26.19043
2029-09-23 00:00:00+00:00,30.949108,36.042156,26.676666
2029-09-24 00:00:00+00:00,30.54926,34.347168,26.762903
2029-09-25 00:00:00+00:00,29.949411,34.252182,26.64914
2029-09-26 00:00:00+00:00,30.249565,35.7072,25.735378
2029-09-27 00:00:00+00:00,30.499716,36.01221,25.421618
2029-09-28 00:00:00+00:00,30.049871,34.91722,25.457853
2029-09-29 00:00:00+00:00,30.350021,35.272236,25.19409
2029-09-30 00:00:00+00:00,29.750175,35.82725,25.28033
2029-10-01 00:00:00+00:00,29.650328,35.98226,24.366568
2029-10-02 00:00:00+00:00,30.000483,36.387276,23.952805
2029-10-03 00:00:00+00:00,30.150635,35.84229,25.38904
2029-10-04 00:00:00+00:00,30.450787,35.6973,25.325277
2029-10-05 00:00:00+00:00,29.950941,34.00232,27.511515
2029-10-06 00:00:00+00:00,30.551094,36.30733,26.04775
2029-10-07 00:00:00+00:00,30.151245,35.762344,25.433987
2029-10-08 00:00:00+00:00,30.751398,36.767357,25.420227
2029-10-09 00:00:00+00:00,31.351553,39.32237,24.206463
2029-10-10 00:00:00+00:00,32.051704,38.82738,26.0427
2029-10-11 00:00:00+00:00,32.301857,39.3824,26.628937
2029-10-12 00:00:00+00:00,31.45201,37.28741,26.915174
2029-10-13 00:00:00+00:00,31.552164,37.24242,26.551414
2029-10-14 00:00:00+00:00,32.102318,37.497437,26.88765
2029-10-15 00:00:00+00:00,31.702467,37.60245,26.223886
2029-10-16 00:00:00+00:00,32.052624,38.207462,26.760126
2029-10-17 00:00:00+00:00,30.902775,35.71248,26.196363
2029-10-18 00:00:00+00:00,31.452929,38.217487,24.482601
2029-10-19 00:00:00+00:00,31.35308,37.1225,26.268835
2029-10-20 00:00:00+00:00,31.303234,37.427517,25.305073
2029-10-21 00:00:00+00:00,31.053389,36.73253,25.691313
2029-10-22 00:00:00+00:00,32.203537,40.137543,25.077549
2029-10-23 00:00:00+00:00,32.253693,40.44256,24.713785
2029-10-24 00:00:00+00:00,31.653845,40.29757,23.30002
2029-10-25 00:00:00+00:00,31.803997,39.702583,23.186258
2029-10-26 00:00:00+00:00,32.25415,40.9076,23.722496
2029-10-27 00:00:00+00:00,32.904305,41.412613,24.008734
2029-10-28 00:00:00+00:00,32.80446,40.117622,25.144968
2029-10-29 00:00:00+00:00,32.704605,39.922638,25.731209
2029-10-30 00:00:00+00:00,32.404762,40.72765,24.217447
2029-10-31 00:00:00+00:00,31.654917,40.232666,23.203684
2029-11-01 00:00:00+00:00,31.405067,38.687675,23.88992
2029-11-02 00:00:00+00:00,31.428762,38.13036,25.149418
2029-11-03 00:00:00+00:00,31.748676,38.171276,24.805094
2029-11-04 00:00:00+00:00,33.018593,39.662197,26.360771
2029-11-05 00:00:00+00:00,33.288506,40.253117,27.06645
2029-11-06 00:00:00+00:00,33.05842,39.444035,27.372128
2029-11-07 00:00:00+00:00,31.978336,38.93495,25.477802
2029-11-08 00:00:00+00:00,30.19825,38.175873,22.33348
2029-11-09 00:00:00+00:00,30.468166,39.26679,22.039158
2029-11-10 00:00:00+00:00,31.63808,39.807713,24.344835
2029-11-11 00:00:00+00:00,32.057995,39.798634,25.500513
2029-11-12 00:00:00+00:00,31.527908,39.13955,25.206192
2029-11-13 00:00:00+00:00,30.847822,38.780468,24.16187
2029-11-14 00:00:00+00:00,30.217737,38.82139,22.367546
2029-11-15 00:00:00+00:00,29.987652,38.362305,22.323223
2029-11-16 00:00:00+00:00,29.807566,37.603226,22.678902
2029-11-17 00:00:00+00:00,29.227482,36.994144,22.384575
2029-11-18 00:00:00+00:00,28.897396,36.63506,21.790255
2029-11-19 00:00:00+00:00,28.867311,36.77598,21.745932
2029-11-20 00:00:00+00:00,28.487226,36.516903,20.751612
2029-11-21 00:00:00+00:00,28.207142,36.60782,20.157288
2029-11-22 00:00:00+00:00,29.277058,37.848736,20.962963
2029-11-23 00:00:00+00:00,30.696968,37.389656,24.968641
2029-11-24 00:00:00+00:00,29.966883,38.130573,22.124317
2029-11-25 00:00:00+00:00,29.186798,36.921494,22.329996
2029-11-26 00:00:00+00:00,28.606714,36.61241,21.785673
2029-11-27 00:00:00+00:00,28.426628,36.45333,21.44135
2029-11-28 00:00:00+00:00,28.546543,36.59425,21.04703
2029-11-29 00:00:00+00:00,28.816456,36.635174,21.502705
2029-11-30 00:00:00+00:00,28.536373,36.326088,21.158384
2029-12-01 00:00:00+00:00,27.856285,35.81701,20.214062
2029-12-02 00:00:00+00:00,27.626202,35.90793,19.819736
2029-12-03 00:00:00+00:00,27.896114,36.74885,19.925415
2029-12-04 00:00:00+00:00,28.96603,37.689766,21.081093
2029-12-05 00:00:00+00:00,29.085943,37.080685,22.186771
2029-12-06 00:00:00+00:00,30.005861,38.021603,22.742447
2029-12-07 00:00:00+00:00,29.925774,38.71252,21.948126
2029-12-08 00:00:00+00:00,29.845688,37.403446,23.803804
2029-12-09 00:00:00+00:00,28.8656,36.944363,21.109478
2029-12-10 00:00:00+00:00,28.78552,37.18528,21.365156
2029-12-11 00:00:00+00:00,28.155434,37.026203,20.320835
2029-12-12 00:00:00+00:00,27.775347,37.01712,19.076511
2029-12-13 00:00:00+00:00,28.695261,37.808037,20.23219
2029-12-14 00:00:00+00:00,29.065176,38.048958,21.037867
2029-12-15 00:00:00+00:00,28.635092,37.389874,20.993544
2029-12-16 00:00:00+00:00,28.005005,36.580795,20.19922
2029-12-17 00:00:00+00:00,27.024918,35.471714,19.454899
2029-12-18 00:00:00+00:00,26.694836,35.11263,19.060575
2029-12-19 00:00:00+00:00,26.41475,35.05355,17.966251
2029-12-20 00:00:00+00:00,26.984665,35.044468,19.32193
2029-12-21 00:00:00+00:00,27.904577,36.035385,20.227608
2029-12-22 00:00:00+00:00,26.624495,34.226307,19.583284
2029-12-23 00:00:00+00:00,25.094408,32.267227,18.488964
2029-12-24 00:00:00+00:00,23.764322,30.408144,17.44464
2029-12-25 00:00:00+00:00,23.184238,29.949062,16.800318
2029-12-26 00:00:00+00:00,23.504152,31.039986,16.805994
2029-12-27 00:00:00+00:00,23.524067,30.830904,17.261671
2029-12-28 00:00:00+00:00,23.44398,31.571821,16.117348
2029-12-29 00:00:00+00:00,23.863894,32.31274,16.173025
2029-12-30 00:00:00+00:00,23.58381,32.40366,15.728705
2029-12-31 00:00:00+00:00,24.203726,33.04458,16.334381
2030-01-01 00:00:00+00:00,25.573639,33.935497,17.84006
2030-01-02 00:00:00+00:00,27.546719,35.472733,20.39742
2030-01-03 00:00:00+00:00,28.469799,35.209976,22.854784
2030-01-04 00:00:00+00:00,28.442875,36.197212,21.312145
2030-01-05 00:00:00+00:00,27.065954,34.934452,19.81951
2030-01-06 00:00:00+00:00,25.689032,33.421688,18.626873
2030-01-07 00:00:00+00:00,24.562113,32.008934,17.834236
2030-01-08 00:00:00+00:00,23.285192,30.446169,16.7916
2030-01-09 00:00:00+00:00,22.208267,29.483408,15.298959
2030-01-10 00:00:00+00:00,22.581347,30.370644,15.206323
2030-01-11 00:00:00+00:00,22.954428,30.407885,15.913686
2030-01-12 00:00:00+00:00,22.527506,29.995121,15.421046
2030-01-13 00:00:00+00:00,23.300585,31.28236,15.978412
2030-01-14 00:00:00+00:00,24.123665,32.8696,16.135773
2030-01-15 00:00:00+00:00,25.396742,34.40684,17.243137
2030-01-16 00:00:00+00:00,25.96982,34.594078,18.3505
2030-01-17 00:00:00+00:00,25.642897,34.031315,17.907862
2030-01-18 00:00:00+00:00,25.865978,34.568554,17.965223
2030-01-19 00:00:00+00:00,26.189054,35.005795,17.922585
2030-01-20 00:00:00+00:00,25.912136,33.843037,17.77995
2030-01-21 00:00:00+00:00,25.735214,33.480267,18.487314
2030-01-22 00:00:00+00:00,24.408293,31.167507,17.994675
2030-01-23 00:00:00+00:00,23.431374,31.354752,15.902038
2030-01-24 00:00:00+00:00,25.204449,33.99199,17.209398
2030-01-25 00:00:00+00:00,25.677528,33.829227,18.166763
2030-01-26 00:00:00+00:00,24.20061,30.966463,17.574127
2030-01-27 00:00:00+00:00,22.573687,30.003702,15.431487
2030-01-28 00:00:00+00:00,22.596764,30.790943,14.838849
2030-01-29 00:00:00+00:00,23.719845,32.078182,16.246212
2030-01-30 00:00:00+00:00,25.242922,33.915417,17.253578
2030-01-31 00:00:00+00:00,26.566004,34.302658,19.360939
2030-02-01 00:00:00+00:00,26.48908,32.9899,20.118301
2030-02-02 00:00:00+00:00,27.762157,35.577137,20.675663
2030-02-03 00:00:00+00:00,28.08524,36.114372,20.283026
2030-02-04 00:00:00+00:00,27.908316,35.601612,20.540392
2030-02-05 00:00:00+00:00,27.081396,34.98885,19.997753
2030-02-06 00:00:00+00:00,27.554474,34.526093,21.005116
2030-02-07 00:00:00+00:00,27.277554,33.11333,21.062477
2030-02-08 00:00:00+00:00,28.50063,36.850567,21.06984
2030-02-09 00:00:00+00:00,29.82371,37.23781,22.927204
2030-02-10 00:00:00+00:00,29.096788,35.825047,22.684565
2030-02-11 00:00:00+00:00,29.41987,36.912285,22.341928
2030-02-12 00:00:00+00:00,28.392948,34.799522,22.299292
2030-02-13 00:00:00+00:00,28.316027,34.086765,23.056654
2030-02-14 00:00:00+00:00,28.989105,36.774002,21.864016
2030-02-15 00:00:00+00:00,29.112183,37.261242,20.821379
2030-02-16 00:00:00+00:00,30.33526,38.648476,22.078741
2030-02-17 00:00:00+00:00,30.958342,38.835716,23.236103
2030-02-18 00:00:00+00:00,30.03142,36.972958,23.84347
2030-02-19 00:00:00+00:00,29.204498,35.960197,23.250832
2030-02-20 00:00:00+00:00,29.427574,37.447433,20.658194
2030-02-21 00:00:00+00:00,28.250656,35.03467,21.565556
2030-02-22 00:00:00+00:00,28.273733,36.27191,20.372917
2030-02-23 00:00:00+00:00,29.346813,37.00915,21.080282
2030-02-24 00:00:00+00:00,28.969894,34.84639,22.587643
2030-02-25 00:00:00+00:00,29.89297,37.683628,22.145006
2030-02-26 00:00:00+00:00,29.116047,37.47086,21.45237
2030-02-27 00:00:00+00:00,27.839128,34.958103,20.60973
2030-02-28 00:00:00+00:00,27.012205,32.74534,20.717093
2030-03-01 00:00:00+00:00,29.685284,37.532574,21.724455
2030-03-02 00:00:00+00:00,30.208364,37.01982,22.53182
2030-03-03 00:00:00+00:00,30.786497,37.059177,25.196766
2030-03-04 00:00:00+00:00,30.55,37.013344,23.61477
2030-03-05 00:00:00+00:00,31.063501,38.41752,23.78278
2030-03-06 00:00:00+00:00,30.777002,38.871693,21.800789
2030-03-07 00:00:00+00:00,32.390503,40.675865,23.768797
2030-03-08 00:00:00+00:00,33.404007,41.530037,25.136806
2030-03-09 00:00:00+00:00,33.967506,41.784214,25.754814
2030-03-10 00:00:00+00:00,33.98101,41.538376,26.222824
2030-03-11 00:00:00+00:00,33.79451,41.392555,26.140835
2030-03-12 00:00:00+00:00,33.158012,40.696724,25.258842
2030-03-13 00:00:00+00:00,31.221518,37.850903,24.37685
2030-03-14 00:00:00+00:00,30.985016,38.05507,23.54486
2030-03-15 00:00:00+00:00,31.048517,38.50924,23.46287
2030-03-16 00:00:00+00:00,31.21202,39.11342,23.28088
2030-03-17 00:00:00+00:00,29.625523,37.21759,22.548885
2030-03-18 00:00:00+00:00,26.939024,34.121765,20.116892
2030-03-19 00:00:00+00:00,26.702526,34.675934,18.934904
2030-03-20 00:00:00+00:00,28.016027,34.130108,21.50291
2030-03-21 00:00:00+00:00,29.879528,37.23428,22.570923
2030-03-22 00:00:00+00:00,29.943035,37.338448,22.738928
2030-03-23 00:00:00+00:00,31.25653,39.442623,23.256939
2030-03-24 00:00:00+00:00,31.720036,39.046795,25.074947
2030-03-25 00:00:00+00:00,30.383537,38.05097,22.192957
2030-03-26 00:00:00+00:00,31.44704,39.405144,23.010965
2030-03-27 00:00:00+00:00,32.81054,40.909313,24.378975
2030-03-28 00:00:00+00:00,34.174046,42.41349,25.996984
2030-03-29 00:00:00+00:00,34.937546,43.117653,26.964993
2030-03-30 00:00:00+00:00,34.601044,42.62183,25.633
2030-03-31 00:00:00+00:00,34.414555,42.276,26.351007
2030-04-01 00:00:00+00:00,34.578053,43.230175,25.969019
2030-04-02 00:00:00+00:00,36.491554,45.184353,28.187025
2030-04-03 00:00:00+00:00,36.255054,44.83852,28.505035
2030-04-04 00:00:00+00:00,35.318558,44.042694,26.873043
2030-04-05 00:00:00+00:00,34.882057,43.796864,25.641052
2030-04-06 00:00:00+00:00,34.995564,43.701035,25.809063
2030-04-07 00:00:00+00:00,33.90906,41.70521,24.877071
2030-04-08 00:00:00+00:00,32.222565,39.809383,23.69508
2030-04-09 00:00:00+00:00,34.53607,43.96356,25.363089
2030-04-10 00:00:00+00:00,35.649567,43.36773,28.031097
2030-04-11 00:00:00+00:00,35.313072,42.9719,27.299105
2030-04-12 00:00:00+00:00,34.776573,42.876072,26.567114
2030-04-13 00:00:00+00:00,33.490074,42.780247,23.885122
2030-04-14 00:00:00+00:00,35.65358,43.63442,27.053133
2030-04-15 00:00:00+00:00,35.36708,43.388588,27.07114
2030-04-16 00:00:00+00:00,33.730576,41.492767,24.789148
2030-04-17 00:00:00+00:00,32.84408,40.146935,24.107157
2030-04-18 00:00:00+00:00,33.107582,41.451103,24.425165
2030-04-19 00:00:00+00:00,33.121086,41.705276,23.443174
2030-04-20 00:00:00+00:00,34.534584,43.259453,25.011185
2030-04-21 00:00:00+00:00,34.74809,43.113625,25.829195
2030-04-22 00:00:00+00:00,35.311592,43.117794,27.0472
2030-04-23 00:00:00+00:00,33.275093,41.021973,25.315212
2030-04-24 00:00:00+00:00,31.588596,39.476143,23.533218
2030-04-25 00:00:00+00:00,30.802095,38.780315,22.201227
2030-04-26 00:00:00+00:00,31.765602,40.434486,22.669235
2030-04-27 00:00:00+00:00,35.079105,43.988655,24.887245
2030-04-28 00:00:00+00:00,36.1426,43.042835,29.305254
2030-04-29 00:00:00+00:00,35.506104,42.746998,27.823261
2030-04-30 00:00:00+00:00,36.169605,43.801178,28.19127
2030-05-01 00:00:00+00:00,35.98311,43.40535,27.009281
2030-05-02 00:00:00+00:00,35.14661,42.509518,27.32729
2030-05-03 00:00:00+00:00,35.46282,43.713417,26.654419
2030-05-04 00:00:00+00:00,34.287148,41.866497,25.758907
2030-05-05 00:00:00+00:00,32.96148,41.01957,24.113396
2030-05-06 00:00:00+00:00,35.035805,44.722645,25.667885
2030-05-07 00:00:00+00:00,34.010136,41.225727,25.522371
2030-05-08 00:00:00+00:00,33.53446,41.2788,24.77686
2030-05-09 00:00:00+00:00,33.408787,42.281883,24.481348
2030-05-10 00:00:00+00:00,34.833115,42.884956,26.185837
2030-05-11 00:00:00+00:00,32.507442,40.838036,22.790325
2030-05-12 00:00:00+00:00,32.03177,40.69111,22.894815
2030-05-13 00:00:00+00:00,32.2061,41.19419,22.599302
2030-05-14 00:00:00+00:00,33.630432,41.99726,24.553791
2030-05-15 00:00:00+00:00,33.754753,42.100346,24.90828
2030-05-16 00:00:00+00:00,34.979088,43.553413,26.212767
2030-05-17 00:00:00+00:00,35.50341,43.006493,27.317257
2030-05-18 00:00:00+00:00,35.37774,42.65957,27.321743
2030-05-19 00:00:00+00:00,34.90207,42.362648,27.176235
2030-05-20 00:00:00+00:00,34.876396,42.865726,26.430721
2030-05-21 00:00:00+00:00,34.150723,42.368805,25.08521
2030-05-22 00:00:00+00:00,33.97505,42.721878,24.7397
2030-05-23 00:00:00+00:00,35.39938,43.774952,26.394186
2030-05-24 00:00:00+00:00,33.72371,41.02803,25.048676
2030-05-25 00:00:00+00:00,33.048035,40.58111,25.103165
2030-05-26 00:00:00+00:00,32.972366,40.384186,25.007654
2030-05-27 00:00:00+00:00,33.846695,41.487263,26.31214
2030-05-28 00:00:00+00:00,34.521023,42.590336,26.41663
2030-05-29 00:00:00+00:00,34.095345,41.593414,26.52112
2030-05-30 00:00:00+00:00,35.06968,43.146492,27.125607
2030-05-31 00:00:00+00:00,34.844006,41.649567,26.930094
2030-06-01 00:00:00+00:00,32.41833,39.952644,24.784584
2030-06-02 00:00:00+00:00,31.242664,38.905724,23.289072
2030-06-03 00:00:00+00:00,31.516985,39.058796,23.59356
2030-06-04 00:00:00+00:00,31.791315,39.711872,23.548048
2030-06-05 00:00:00+00:00,33.16565,40.81495,25.302538
2030-06-06 00:00:00+00:00,31.989975,39.46803,24.007023
2030-06-07 00:00:00+00:00,31.8643,39.421104,24.061516
2030-06-08 00:00:00+00:00,33.28863,41.074177,25.366003
2030-06-09 00:00:00+00:00,33.01296,39.777256,25.32049
2030-06-10 00:00:00+00:00,33.337284,40.630333,25.524979
2030-06-11 00:00:00+00:00,33.361614,39.78341,26.57947
2030-06-12 00:00:00+00:00,33.685944,40.586487,26.283958
2030-06-13 00:00:00+00:00,32.86027,40.439568,24.988445
2030-06-14 00:00:00+00:00,31.484596,38.142643,25.142935
2030-06-15 00:00:00+00:00,31.908928,36.74572,27.097424
2030-06-16 00:00:00+00:00,33.683254,39.648792,27.85191
2030-06-17 00:00:00+00:00,33.50758,39.951874,26.906397
2030-06-18 00:00:00+00:00,33.73191,40.15495,26.810886
2030-06-19 00:00:00+00:00,33.306236,39.058025,26.865376
2030-06-20 00:00:00+00:00,34.430565,40.8611,28.019865
2030-06-21 00:00:00+00:00,33.00489,38.26418,27.524355
2030-06-22 00:00:00+00:00,32.87922,39.917255,25.97884
2030-06-23 00:00:00+00:00,32.853554,39.720333,26.083328
2030-06-24 00:00:00+00:00,33.277878,40.37341,25.93782
2030-06-25 00:00:00+00:00,33.25221,39.076485,27.592308
2030-06-26 00:00:00+00:00,33.476532,39.629562,27.546795
2030-06-27 00:00:00+00:00,32.750862,39.48264,26.201283
2030-06-28 00:00:00+00:00,32.37519,38.785717,26.005772
2030-06-29 00:00:00+00:00,30.74952,34.638794,26.810259
2030-06-30 00:00:00+00:00,31.073849,35.991867,27.16475
2030-07-01 00:00:00+00:00,32.898174,38.594948,27.61924
2030-07-02 00:00:00+00:00,32.6725,38.398018,26.873726
2030-07-03 00:00:00+00:00,30.844845,37.453537,25.568365
2030-07-04 00:00:00+00:00,29.713867,34.213116,26.696592
2030-07-05 00:00:00+00:00,31.13289,36.5727,25.624817
2030-07-06 00:00:00+00:00,32.301914,37.982277,26.453043
2030-07-07 00:00:00+00:00,30.97094,37.041855,25.131268
2030-07-08 00:00:00+00:00,31.689962,38.251434,26.209492
2030-07-09 00:00:00+00:00,31.408983,35.811016,27.637718
2030-07-10 00:00:00+00:00,31.528011,36.720596,26.765944
2030-07-11 00:00:00+00:00,31.747032,37.180176,27.09417
2030-07-12 00:00:00+00:00,31.266058,37.139755,26.072397
2030-07-13 00:00:00+00:00,31.185081,37.099335,26.55062
2030-07-14 00:00:00+00:00,30.7541,35.508915,26.228848
2030-07-15 00:00:00+00:00,30.373129,35.468494,26.457071
2030-07-16 00:00:00+00:00,29.992151,35.778076,24.985298
2030-07-17 00:00:00+00:00,31.811174,37.387657,26.713524
2030-07-18 00:00:00+00:00,32.1302,37.347233,27.041748
2030-07-19 00:00:00+00:00,29.799223,34.956814,25.119974
2030-07-20 00:00:00+00:00,28.068247,32.26639,24.798199
2030-07-21 00:00:00+00:00,31.437271,37.275974,26.676426
2030-07-22 00:00:00+00:00,31.406292,36.535553,26.40465
2030-07-23 00:00:00+00:00,30.975319,36.745136,25.982876
2030-07-24 00:00:00+00:00,28.994339,34.35471,24.3611
2030-07-25 00:00:00+00:00,28.013365,32.36429,24.389328
2030-07-26 00:00:00+00:00,30.28239,35.17387,25.467552
2030-07-27 00:00:00+00:00,30.901413,35.933453,25.595778
2030-07-28 00:00:00+00:00,31.670437,36.943027,26.224
2030-07-29 00:00:00+00:00,31.639462,36.002613,27.502228
2030-07-30 00:00:00+00:00,30.008484,35.46219,25.980455
2030-07-31 00:00:00+00:00,27.477509,32.221767,23.80868
2030-08-01 00:00:00+00:00,30.396532,35.781353,25.436905
2030-08-02 00:00:00+00:00,31.215555,36.09093,26.115131
2030-08-03 00:00:00+00:00,31.234581,36.60051,26.293356
2030-08-04 00:00:00+00:00,30.703602,36.86009,26.92158
2030-08-05 00:00:00+00:00,30.872625,36.06967,26.09981
2030-08-06 00:00:00+00:00,31.991653,37.32925,26.878033
2030-08-07 00:00:00+00:00,31.360676,37.48883,27.056257
2030-08-08 00:00:00+00:00,31.729698,36.99841,26.934484
2030-08-09 00:00:00+00:00,31.998722,37.00799,27.262709
2030-08-10 00:00:00+00:00,32.117744,37.167564,26.590935
2030-08-11 00:00:00+00:00,30.236769,33.12715,27.469158
2030-08-12 00:00:00+00:00,28.705795,33.93673,25.347383
2030-08-13 00:00:00+00:00,29.324816,34.496307,24.92561
2030-08-14 00:00:00+00:00,30.843842,35.855885,26.053835
2030-08-15 00:00:00+00:00,30.762863,35.815468,25.832062
2030-08-16 00:00:00+00:00,29.831888,34.425045,25.710287
2030-08-17 00:00:00+00:00,31.050915,35.484627,26.338512
2030-08-18 00:00:00+00:00,32.919933,37.94421,28.46674
2030-08-19 00:00:00+00:00,31.93896,36.853783,27.244965
2030-08-20 00:00:00+00:00,30.957983,36.313366,26.823189
2030-08-21 00:00:00+00:00,31.177006,36.52295,26.101416
2030-08-22 00:00:00+00:00,31.146029,35.782528,26.179638
2030-08-23 00:00:00+00:00,27.015057,30.392105,24.357866
2030-08-24 00:00:00+00:00,27.284082,30.951685,23.636093
2030-08-25 00:00:00+00:00,27.603102,32.661263,24.364317
2030-08-26 00:00:00+00:00,26.422129,30.020845,23.992542
2030-08-27 00:00:00+00:00,27.54115,31.980423,23.470768
2030-08-28 00:00:00+00:00,27.560173,32.190002,24.098993
2030-08-29 00:00:00+00:00,27.829199,32.19958,24.627218
2030-08-30 00:00:00+00:00,28.59822,33.309166,24.005445
2030-08-31 00:00:00+00:00,28.767246,32.668743,26.083672
2030-09-01 00:00:00+00:00,27.986267,30.378323,25.461893
2030-09-02 00:00:00+00:00,27.645857,30.38562,24.969124
2030-09-03 00:00:00+00:00,27.996012,32.690636,24.505365
2030-09-04 00:00:00+00:00,27.946163,32.945644,24.241602
2030-09-05 00:00:00+00:00,27.796318,32.85066,24.177837
2030-09-06 00:00:00+00:00,26.946468,30.155674,24.414076
2030-09-07 00:00:00+00:00,26.99662,31.510685,24.000313
2030-09-08 00:00:00+00:00,27.296776,31.265701,23.93655
2030-09-09 00:00:00+00:00,28.54693,33.720715,24.322788
2030-09-10 00:00:00+00:00,29.247082,34.57573,25.209024
2030-09-11 00:00:00+00:00,29.697235,34.330738,25.54526
2030-09-12 00:00:00+00:00,28.647385,33.285755,25.6315
2030-09-13 00:00:00+00:00,26.697538,29.44077,23.617737
2030-09-14 00:00:00+00:00,26.947691,31.245777,23.003973
2030-09-15 00:00:00+00:00,28.997847,33.850792,24.390211
2030-09-16 00:00:00+00:00,31.147997,36.10581,26.826448
2030-09-17 00:00:00+00:00,31.148151,35.660824,27.362684
2030-09-18 00:00:00+00:00,30.298304,34.115833,26.498922
2030-09-19 00:00:00+00:00,29.598455,34.22085,26.23516
2030-09-20 00:00:00+00:00,28.348608,32.725864,25.121399
2030-09-21 00:00:00+00:00,29.14876,34.130875,24.457632
2030-09-22 00:00:00+00:00,30.098915,35.085888,25.24387
2030-09-23 00:00:00+00:00,29.549068,34.2909,26.38011
2030-09-24 00:00:00+00:00,29.09922,33.895912,25.266344
2030-09-25 00:00:00+00:00,29.399372,33.600925,25.052586
2030-09-26 00:00:00+00:00,30.249525,35.35594,24.88882
2030-09-27 00:00:00+00:00,30.449682,36.01096,25.675058
2030-09-28 00:00:00+00:00,30.799831,37.16597,24.711294
2030-09-29 00:00:00+00:00,30.349983,35.470985,25.797531
2030-09-30 00:00:00+00:00,29.850138,35.325996,25.183767
2030-10-01 00:00:00+00:00,29.850292,34.63101,24.870008
2030-10-02 00:00:00+00:00,29.700445,34.036026,24.906244
2030-10-03 00:00:00+00:00,29.400595,34.541035,25.79248
2030-10-04 00:00:00+00:00,29.65075,34.396046,25.42872
2030-10-05 00:00:00+00:00,29.900902,35.801064,24.714956
2030-10-06 00:00:00+00:00,29.601055,35.356075,24.601194
2030-10-07 00:00:00+00:00,29.80121,35.161087,25.03743
2030-10-08 00:00:00+00:00,29.801365,35.116104,24.773666
2030-10-09 00:00:00+00:00,29.651516,35.27112,25.059904
2030-10-10 00:00:00+00:00,30.651665,36.476124,25.246141
2030-10-11 00:00:00+00:00,30.051819,34.581146,26.33238
2030-10-12 00:00:00+00:00,29.701973,35.636154,25.518616
2030-10-13 00:00:00+00:00,29.752127,36.14117,24.454853
2030-10-14 00:00:00+00:00,29.602278,35.196182,24.691092
2030-10-15 00:00:00+00:00,29.25243,33.951195,24.377327
2030-10-16 00:00:00+00:00,30.252584,37.006207,24.213564
2030-10-17 00:00:00+00:00,30.452736,37.011223,24.149801
2030-10-18 00:00:00+00:00,30.30289,35.466236,24.88604
2030-10-19 00:00:00+00:00,30.303043,36.82125,24.572277
2030-10-20 00:00:00+00:00,31.103193,37.02626,26.008516
2030-10-21 00:00:00+00:00,31.803349,39.281273,25.89475
2030-10-22 00:00:00+00:00,31.153502,36.336292,25.530987
2030-10-23 00:00:00+00:00,31.403654,39.141304,24.967226
2030-10-24 00:00:00+00:00,31.553808,39.646317,24.203463
2030-10-25 00:00:00+00:00,31.153961,39.551327,23.789701
2030-10-26 00:00:00+00:00,30.804115,37.856346,24.07594
2030-10-27 00:00:00+00:00,30.404263,35.961357,24.612173
2030-10-28 00:00:00+00:00,31.454418,38.36637,24.79841
2030-10-29 00:00:00+00:00,31.804571,39.121387,26.48465
2030-10-30 00:00:00+00:00,31.254725,37.376396,25.770887
2030-10-31 00:00:00+00:00,30.954876,36.78141,25.607122
2030-11-01 00:00:00+00:00,31.35503,38.336422,24.793362
2030-11-02 00:00:00+00:00,31.736286,39.68263,23.960497
2030-11-03 00:00:00+00:00,30.956198,38.923546,23.816175
2030-11-04 00:00:00+00:00,30.676111,37.51447,24.721851
2030-11-05 00:00:00+00:00,30.896029,38.005383,23.72753
2030-11-06 00:00:00+00:00,31.265942,36.796303,25.233208
2030-11-07 00:00:00+00:00,31.085855,37.68722,24.388885
2030-11-08 00:00:00+00:00,32.505768,38.77814,26.84456
2030-11-09 00:00:00+00:00,32.725685,39.069065,27.00024
2030-11-10 00:00:00+00:00,31.0456,37.85998,23.755915
2030-11-11 00:00:00+00:00,30.715515,37.300903,23.711594
2030-11-12 00:00:00+00:00,30.785429,37.64182,24.517271
2030-11-13 00:00:00+00:00,31.255344,38.432735,24.67295
2030-11-14 00:00:00+00:00,31.075262,37.27366,25.028625
2030-11-15 00:00:00+00:00,30.095175,36.264576,23.884304
2030-11-16 00:00:00+00:00,30.215088,36.705494,23.789982
2030-11-17 00:00:00+00:00,31.285006,38.246414,24.645658
2030-11-18 00:00:00+00:00,31.80492,38.987335,25.651335
2030-11-19 00:00:00+00:00,31.574833,39.32825,25.207014
2030-11-20 00:00:00+00:00,31.044746,39.71917,23.41269
2030-11-21 00:00:00+00:00,30.61466,39.61009,23.768368
2030-11-22 00:00:00+00:00,30.084576,39.45101,22.124046
2030-11-23 00:00:00+00:00,29.404491,39.19193,20.679722
2030-11-24 00:00:00+00:00,30.724403,40.032845,23.3354
2030-11-25 00:00:00+00:00,30.944319,39.87376,23.641079
2030-11-26 00:00:00+00:00,31.014236,39.264683,24.196756
2030-11-27 00:00:00+00:00,30.18415,36.4056,24.302433
2030-11-28 00:00:00+00:00,27.754065,33.396526,22.308107
2030-11-29 00:00:00+00:00,25.323978,32.237442,18.963787
2030-11-30 00:00:00+00:00,24.043892,31.22836,17.569464
2030-12-01 00:00:00+00:00,24.113806,31.76928,17.875143
2030-12-02 00:00:00+00:00,24.983719,33.1602,17.13082
2030-12-03 00:00:00+00:00,26.00364,35.001118,17.786497
2030-12-04 00:00:00+00:00,27.173552,34.69204,20.242174
2030-12-05 00:00:00+00:00,28.693468,36.582954,20.947851
2030-12-06 00:00:00+00:00,29.11338,36.07387,22.203527
2030-12-07 00:00:00+00:00,28.933296,36.11479,22.609205
2030-12-08 00:00:00+00:00,27.303211,34.155716,21.514883
2030-12-09 00:00:00+00:00,26.723125,33.346634,20.47056
2030-12-10 00:00:00+00:00,26.54304,33.68755,20.626236
2030-12-11 00:00:00+00:00,27.462954,35.62847,20.181915
2030-12-12 00:00:00+00:00,27.78287,35.469387,21.237593
2030-12-13 00:00:00+00:00,27.802786,35.360306,21.543268
2030-12-14 00:00:00+00:00,27.422699,34.701225,20.198946
2030-12-15 00:00:00+00:00,26.84261,34.842148,19.954622
2030-12-16 00:00:00+00:00,26.862524,34.933064,19.510302
2030-12-17 00:00:00+00:00,27.132444,35.12398,20.76598
2030-12-18 00:00:00+00:00,27.602358,36.4149,19.221657
2030-12-19 00:00:00+00:00,29.972271,37.705822,22.527332
2030-12-20 00:00:00+00:00,30.692184,37.19674,24.63301
2030-12-21 00:00:00+00:00,29.6121,34.48766,25.03869
2030-12-22 00:00:00+00:00,29.932016,37.178577,23.594364
2030-12-23 00:00:00+00:00,28.30193,35.869495,21.750044
2030-12-24 00:00:00+00:00,27.471844,35.110413,20.40572
2030-12-25 00:00:00+00:00,27.791756,35.401333,20.6614
2030-12-26 00:00:00+00:00,27.861673,35.592255,20.517076
2030-12-27 00:00:00+00:00,26.731588,34.183174,20.02275
2030-12-28 00:00:00+00:00,25.501503,32.424095,19.12843
2030-12-29 00:00:00+00:00,24.671415,30.615011,18.934107
2030-12-30 00:00:00+00:00,25.091331,31.955929,18.089785
2030-12-31 00:00:00+00:00,24.561249,31.44685,17.59546
2031-01-01 00:00:00+00:00,24.481163,30.787767,18.90114
2031-01-02 00:00:00+00:00,26.403448,34.675926,19.10808
2031-01-03 00:00:00+00:00,28.126528,36.413166,20.665443
2031-01-04 00:00:00+00:00,29.499605,38.050404,21.822805
2031-01-05 00:00:00+00:00,29.972685,38.037643,22.780169
2031-01-06 00:00:00+00:00,29.845764,37.47488,23.18753
2031-01-07 00:00:00+00:00,28.368843,35.16212,21.644892
2031-01-08 00:00:00+00:00,26.591919,33.29936,20.902256
2031-01-09 00:00:00+00:00,26.115,34.5366,18.909618
2031-01-10 00:00:00+00:00,26.888079,35.823837,18.716982
2031-01-11 00:00:00+00:00,27.161158,35.461075,19.374344
2031-01-12 00:00:00+00:00,26.934237,35.048313,18.881708
2031-01-13 00:00:00+00:00,27.307316,35.035553,20.93907
2031-01-14 00:00:00+00:00,25.780394,33.122787,18.946432
2031-01-15 00:00:00+00:00,24.303473,32.160034,17.003798
2031-01-16 00:00:00+00:00,24.326551,32.69727,16.561157
2031-01-17 00:00:00+00:00,25.499628,34.73451,16.868519
2031-01-18 00:00:00+00:00,26.872707,36.121746,18.525885
2031-01-19 00:00:00+00:00,28.145788,37.358986,19.683243
2031-01-20 00:00:00+00:00,28.568867,37.446224,20.390608
2031-01-21 00:00:00+00:00,28.591946,37.583466,20.197971
2031-01-22 00:00:00+00:00,28.515022,37.0707,20.705336
2031-01-23 00:00:00+00:00,28.238102,36.60794,20.212698
2031-01-24 00:00:00+00:00,28.311182,37.04518,20.170057
2031-01-25 00:00:00+00:00,29.184258,38.13242,21.077423
2031-01-26 00:00:00+00:00,29.25734,38.019657,21.284786
2031-01-27 00:00:00+00:00,29.23042,37.95689,20.992147
2031-01-28 00:00:00+00:00,29.103495,37.34413,21.44951
2031-01-29 00:00:00+00:00,28.376574,35.981373,21.156876
2031-01-30 00:00:00+00:00,27.799654,36.068615,20.164236
2031-01-31 00:00:00+00:00,28.52273,37.20585,20.521597
2031-02-01 00:00:00+00:00,29.345812,37.99309,21.57896
2031-02-02 00:00:00+00:00,30.11889,38.68033,22.036325
2031-02-03 00:00:00+00:00,30.841969,39.017563,22.793686
2031-02-04 00:00:00+00:00,31.215046,39.554802,23.40105
2031-02-05 00:00:00+00:00,30.438126,38.592037,22.35841
2031-02-06 00:00:00+00:00,29.561205,37.32928,22.065777
2031-02-07 00:00:00+00:00,28.784283,36.066517,21.473137
2031-02-08 00:00:00+00:00,28.607363,36.15376,20.830498
2031-02-09 00:00:00+00:00,28.98044,36.891,20.937864
2031-02-10 00:00:00+00:00,29.353521,37.57824,21.095226
2031-02-11 00:00:00+00:00,30.026594,38.365475,22.052588
2031-02-12 00:00:00+00:00,30.14968,38.15271,22.25995
2031-02-13 00:00:00+00:00,31.022757,39.58995,22.867313
2031-02-14 00:00:00+00:00,31.945835,40.527195,24.024675
2031-02-15 00:00:00+00:00,32.768913,41.214428,24.782038
2031-02-16 00:00:00+00:00,32.64199,40.701668,24.9894
2031-02-17 00:00:00+00:00,32.06507,39.78891,24.646763
2031-02-18 00:00:00+00:00,30.73815,38.676144,22.70413
2031-02-19 00:00:00+00:00,30.96123,39.613384,22.611488
2031-02-20 00:00:00+00:00,31.384306,39.65062,23.718853
2031-02-21 00:00:00+00:00,31.107386,39.337864,23.426216
2031-02-22 00:00:00+00:00,30.580465,38.8251,22.933578
2031-02-23 00:00:00+00:00,30.053545,38.012337,22.440939
2031-02-24 00:00:00+00:00,28.926622,36.799576,21.148302
2031-02-25 00:00:00+00:00,28.2497,36.03682,21.055666
2031-02-26 00:00:00+00:00,29.222782,37.924057,20.663029
2031-02-27 00:00:00+00:00,30.445858,39.111294,21.72039
2031-02-28 00:00:00+00:00,31.16894,38.898533,23.727753
2031-03-01 00:00:00+00:00,28.792013,35.63577,22.085117
2031-03-02 00:00:00+00:00,27.965092,36.023006,19.842476
2031-03-03 00:00:00+00:00,27.388174,34.81025,20.299843
2031-03-04 00:00:00+00:00,25.996624,33.012306,19.860268
2031-03-05 00:00:00+00:00,24.510122,31.966473,17.478275
2031-03-06 00:00:00+00:00,24.723623,32.57065,17.146286
2031-03-07 00:00:00+00:00,26.437126,35.12482,18.164293
2031-03-08 00:00:00+00:00,28.75063,37.678993,20.332304
2031-03-09 00:00:00+00:00,29.914131,38.483162,21.700312
2031-03-10 00:00:00+00:00,30.627634,39.03734,22.46832
2031-03-11 00:00:00+00:00,31.241135,39.99151,22.686333
2031-03-12 00:00:00+00:00,31.554634,40.045685,23.30434
2031-03-13 00:00:00+00:00,31.76814,40.14986,23.37235
2031-03-14 00:00:00+00:00,31.831638,40.00403,23.740358
2031-03-15 00:00:00+00:00,31.345142,39.208202,23.358368
2031-03-16 00:00:00+00:00,30.158644,37.662376,22.47638
2031-03-17 00:00:00+00:00,29.622147,37.616547,21.494383
2031-03-18 00:00:00+00:00,30.935646,39.320713,22.46239
2031-03-19 00:00:00+00:00,32.299152,40.674892,23.830399
2031-03-20 00:00:00+00:00,32.71265,40.729065,24.398409
2031-03-21 00:00:00+00:00,32.576153,40.583237,24.21642
2031-03-22 00:00:00+00:00,32.489655,40.337406,24.434425
2031-03-23 00:00:00+00:00,32.30316,39.691578,24.302437
2031-03-24 00:00:00+00:00,32.96666,41.145756,24.320444
2031-03-25 00:00:00+00:00,34.880165,43.199924,26.338457
2031-03-26 00:00:00+00:00,33.993664,41.854095,26.106464
2031-03-27 00:00:00+00:00,34.15717,42.00827,26.07447
2031-03-28 00:00:00+00:00,34.770668,42.312443,28.14248
2031-03-29 00:00:00+00:00,35.83417,44.416615,27.91049
2031-03-30 00:00:00+00:00,36.59767,45.170788,27.578497
2031-03-31 00:00:00+00:00,37.261177,44.924965,29.446507
2031-04-01 00:00:00+00:00,36.17468,43.829136,28.314514
2031-04-02 00:00:00+00:00,35.838173,42.983303,28.332523
2031-04-03 00:00:00+00:00,34.55168,42.637474,26.200531
2031-04-04 00:00:00+00:00,34.715183,42.94165,25.618542
2031-04-05 00:00:00+00:00,36.628685,45.045822,28.036552
2031-04-06 00:00:00+00:00,34.842186,42.499996,26.554562
2031-04-07 00:00:00+00:00,32.655685,40.604168,24.17257
2031-04-08 00:00:00+00:00,33.41919,42.808342,24.040579
2031-04-09 00:00:00+00:00,35.132694,43.61251,26.258587
2031-04-10 00:00:00+00:00,33.94619,42.316685,24.526594
2031-04-11 00:00:00+00:00,32.40969,39.920856,24.044603
2031-04-12 00:00:00+00:00,31.223196,39.525032,22.012613
2031-04-13 00:00:00+00:00,31.786697,40.029205,22.880623
2031-04-14 00:00:00+00:00,32.3502,40.183372,24.098629
2031-04-15 00:00:00+00:00,31.963703,39.48755,24.016642
2031-04-16 00:00:00+00:00,31.177202,38.291718,23.684649
2031-04-17 00:00:00+00:00,31.290707,39.24589,23.152655
2031-04-18 00:00:00+00:00,33.654213,41.95006,25.170664
2031-04-19 00:00:00+00:00,34.267708,42.254242,25.238674
2031-04-20 00:00:00+00:00,32.731213,41.208412,24.006683
2031-04-21 00:00:00+00:00,35.794712,44.36258,27.52469
2031-04-22 00:00:00+00:00,35.65822,43.71675,27.142702
2031-04-23 00:00:00+00:00,35.82172,43.770927,27.310707
2031-04-24 00:00:00+00:00,34.68522,42.6251,25.87872
2031-04-25 00:00:00+00:00,32.64872,41.27927,22.84673
2031-04-26 00:00:00+00:00,33.112225,42.283447,23.114737
2031-04-27 00:00:00+00:00,35.07573,43.537617,26.08274
2031-04-28 00:00:00+00:00,36.239227,42.691788,29.60075
2031-04-29 00:00:00+00:00,35.802734,42.895958,28.368761
2031-04-30 00:00:00+00:00,35.36623,42.50013,27.53677
2031-05-01 00:00:00+00:00,35.479733,42.65431,27.55478
2031-05-02 00:00:00+00:00,34.993237,42.708473,26.972786
2031-05-03 00:00:00+00:00,33.85674,41.812653,24.890797
2031-05-04 00:00:00+00:00,32.93107,40.965725,24.345285
2031-05-05 00:00:00+00:00,31.80539,39.968803,23.149773
2031-05-06 00:00:00+00:00,32.12972,40.22188,23.654263
2031-05-07 00:00:00+00:00,32.85405,40.974957,24.308752
2031-05-08 00:00:00+00:00,33.628372,41.728035,25.363237
2031-05-09 00:00:00+00:00,34.452705,42.38111,26.367727
2031-05-10 00:00:00+00:00,33.827034,41.68419,25.722216
2031-05-11 00:00:00+00:00,33.10136,40.637264,25.176706
2031-05-12 00:00:00+00:00,33.62569,41.090347,26.031193
2031-05-13 00:00:00+00:00,32.55002,40.693417,24.535683
2031-05-14 00:00:00+00:00,29.924347,37.646496,22.140171
2031-05-15 00:00:00+00:00,30.298674,38.24957,22.294659
2031-05-16 00:00:00+00:00,33.123,41.90265,24.549147
2031-05-17 00:00:00+00:00,34.99733,43.605724,26.003635
2031-05-18 00:00:00+00:00,33.82166,41.608803,25.208122
2031-05-19 00:00:00+00:00,33.09599,40.76188,24.662611
2031-05-20 00:00:00+00:00,32.770313,40.21495,24.5671
2031-05-21 00:00:00+00:00,32.44464,39.268032,24.971592
2031-05-22 00:00:00+00:00,33.41897,40.87111,25.576078
2031-05-23 00:00:00+00:00,34.593304,42.674187,26.430569
2031-05-24 00:00:00+00:00,34.917625,42.92726,26.185053
2031-05-25 00:00:00+00:00,35.041954,42.48034,26.639544
2031-05-26 00:00:00+00:00,34.866283,42.43342,26.54403
2031-05-27 00:00:00+00:00,33.740612,41.186493,25.74852
2031-05-28 00:00:00+00:00,32.56494,39.489567,26.303007
2031-05-29 00:00:00+00:00,33.73927,40.442646,26.807495
2031-05-30 00:00:00+00:00,33.913593,40.795723,26.561987
2031-05-31 00:00:00+00:00,33.287926,40.048794,25.566473
2031-06-01 00:00:00+00:00,33.562252,40.90188,26.020962
2031-06-02 00:00:00+00:00,34.63658,41.954956,26.775452
2031-06-03 00:00:00+00:00,33.710907,40.95803,25.529942
2031-06-04 00:00:00+00:00,32.585236,39.461105,24.634426
2031-06-05 00:00:00+00:00,32.509567,38.914185,25.188915
2031-06-06 00:00:00+00:00,34.333893,41.21726,26.943405
2031-06-07 00:00:00+00:00,36.40822,45.57034,26.797892
2031-06-08 00:00:00+00:00,36.732548,44.373413,28.802383
2031-06-09 00:00:00+00:00,34.456875,41.02649,26.706867
2031-06-10 00:00:00+00:00,34.681202,40.67957,28.061356
2031-06-11 00:00:00+00:00,35.25553,42.83264,27.665844
2031-06-12 00:00:00+00:00,34.72986,41.38572,26.970335
2031-06-13 00:00:00+00:00,33.25419,39.138794,27.27482
2031-06-14 00:00:00+00:00,34.178516,40.641872,27.52931
2031-06-15 00:00:00+00:00,34.85284,42.794952,26.8838
2031-06-16 00:00:00+00:00,33.477173,40.598026,26.538288
2031-06-17 00:00:00+00:00,31.7515,37.501102,26.942778
2031-06-18 00:00:00+00:00,32.57583,38.95418,27.097263
2031-06-19 00:00:00+00:00,31.850157,38.407257,25.051754
2031-06-20 00:00:00+00:00,32.224487,38.66033,25.656244
2031-06-21 00:00:00+00:00,33.098812,39.26341,26.61073
2031-06-22 00:00:00+00:00,32.62314,39.366486,26.065222
2031-06-23 00:00:00+00:00,32.14747,39.01956,24.919706
2031-06-24 00:00:00+00:00,32.6718,38.82264,26.124195
2031-06-25 00:00:00+00:00,32.69613,38.675713,27.078682
2031-06-26 00:00:00+00:00,32.270454,37.528793,27.583174
2031-06-27 00:00:00+00:00,31.74478,37.831867,26.987663
2031-06-28 00:00:00+00:00,31.319107,36.184944,26.942148
2031-06-29 00:00:00+00:00,31.993439,37.58802,27.296637
2031-06-30 00:00:00+00:00,32.917763,38.5411,27.451126
2031-07-01 00:00:00+00:00,32.39209,38.444176,26.105614
2031-07-02 00:00:00+00:00,31.716421,36.647255,26.810102
2031-07-03 00:00:00+00:00,31.540085,37.45114,27.11131
2031-07-04 00:00:00+00:00,31.859114,37.36072,27.489534
2031-07-05 00:00:00+00:00,31.628136,37.120304,26.167759
2031-07-06 00:00:00+00:00,30.747158,35.579884,26.695984
2031-07-07 00:00:00+00:00,30.716183,36.339462,26.274212
2031-07-08 00:00:00+00:00,32.285206,37.99904,26.452438
2031-07-09 00:00:00+00:00,32.20423,39.15862,26.230663
2031-07-10 00:00:00+00:00,31.223255,35.668198,27.408886
2031-07-11 00:00:00+00:00,31.042278,36.22778,26.43711
2031-07-12 00:00:00+00:00,31.061302,37.38736,27.06534
2031-07-13 00:00:00+00:00,30.180325,35.54694,26.843565
2031-07-14 00:00:00+00:00,30.549347,35.156517,26.67179
2031-07-15 00:00:00+00:00,31.168371,35.916103,26.500015
2031-07-16 00:00:00+00:00,30.137396,34.375683,26.07824
2031-07-17 00:00:00+00:00,30.256418,35.285255,25.606464
2031-07-18 00:00:00+00:00,29.825443,35.244835,25.984692
2031-07-19 00:00:00+00:00,29.894466,35.054417,25.712917
2031-07-20 00:00:00+00:00,29.41349,33.813995,25.991142
2031-07-21 00:00:00+00:00,29.432512,34.273575,24.969366
2031-07-22 00:00:00+00:00,28.851536,32.883156,25.897593
2031-07-23 00:00:00+00:00,28.820562,33.642735,25.12582
2031-07-24 00:00:00+00:00,29.389584,34.452324,25.054045
2031-07-25 00:00:00+00:00,29.90861,35.511898,25.93227
2031-07-26 00:00:00+00:00,30.877634,36.821476,25.960497
2031-07-27 00:00:00+00:00,30.146656,36.231056,26.288723
2031-07-28 00:00:00+00:00,29.91568,34.74064,25.816946
2031-07-29 00:00:00+00:00,30.634706,35.600216,26.495173
2031-07-30 00:00:00+00:00,31.153728,36.809795,26.773396
2031-07-31 00:00:00+00:00,29.472752,33.919376,26.001623
2031-08-01 00:00:00+00:00,28.291775,31.328957,25.87985
2031-08-02 00:00:00+00:00,30.060799,34.788536,25.308073
2031-08-03 00:00:00+00:00,32.529823,37.79812,27.1863
2031-08-04 00:00:00+00:00,32.348846,38.107697,27.064526
2031-08-05 00:00:00+00:00,30.86787,36.017273,26.04275
2031-08-06 00:00:00+00:00,26.886896,30.976856,23.670975
2031-08-07 00:00:00+00:00,26.155916,28.836432,23.549204
2031-08-08 00:00:00+00:00,28.124943,32.246014,23.67743
2031-08-09 00:00:00+00:00,28.943968,32.805595,24.255651
2031-08-10 00:00:00+00:00,30.51299,35.165176,26.783878
2031-08-11 00:00:00+00:00,29.132015,34.17475,24.912104
2031-08-12 00:00:00+00:00,26.001036,29.034332,23.29033
2031-08-13 00:00:00+00:00,28.420063,32.793915,23.768555
2031-08-14 00:00:00+00:00,30.789083,36.153496,26.196781
2031-08-15 00:00:00+00:00,27.308105,30.813072,23.375008
2031-08-16 00:00:00+00:00,26.777132,30.872652,23.003231
2031-08-17 00:00:00+00:00,29.046156,33.58223,24.481457
2031-08-18 00:00:00+00:00,31.36518,36.29181,26.509682
2031-08-19 00:00:00+00:00,29.684204,35.35139,25.337908
2031-08-20 00:00:00+00:00,27.203228,32.16097,24.666134
2031-08-21 00:00:00+00:00,25.272253,26.870548,23.59436
2031-08-22 00:00:00+00:00,26.891275,31.98013,23.372583
2031-08-23 00:00:00+00:00,27.9103,33.289715,24.250809
2031-08-24 00:00:00+00:00,28.329323,33.049294,25.129036
2031-08-25 00:00:00+00:00,28.448347,31.858871,25.35726
2031-08-26 00:00:00+00:00,27.76737,31.81845,24.235485
2031-08-27 00:00:00+00:00,28.336397,32.02803,24.913712
2031-08-28 00:00:00+00:00,28.405416,33.437607,24.991936
2031-08-29 00:00:00+00:00,27.024443,30.64719,24.520164
2031-08-30 00:00:00+00:00,26.243467,29.206768,24.04839
2031-08-31 00:00:00+00:00,27.06249,31.266348,23.326614
2031-09-01 00:00:00+00:00,27.831512,32.075928,24.75484
2031-09-02 00:00:00+00:00,26.695822,29.434364,24.622568
2031-09-03 00:00:00+00:00,25.945974,28.489376,23.758806
2031-09-04 00:00:00+00:00,28.346125,33.144394,23.495043
2031-09-05 00:00:00+00:00,29.896276,34.549408,26.331278
2031-09-06 00:00:00+00:00,29.04643,33.95442,25.917517
2031-09-07 00:00:00+00:00,27.796585,31.70943,24.853754
2031-09-08 00:00:00+00:00,27.846737,32.814445,24.23999
2031-09-09 00:00:00+00:00,27.596891,31.56946,24.626228
2031-09-10 00:00:00+00:00,27.447042,31.724472,24.462467
2031-09-11 00:00:00+00:00,26.397194,29.42949,23.998703
2031-09-12 00:00:00+00:00,26.09735,30.084501,23.43494
2031-09-13 00:00:00+00:00,26.4475,29.689514,23.771175
2031-09-14 00:00:00+00:00,27.647654,32.244526,23.657412
2031-09-15 00:00:00+00:00,28.297808,33.099537,24.49365
2031-09-16 00:00:00+00:00,28.447962,32.404556,24.67989
2031-09-17 00:00:00+00:00,29.148111,34.359566,24.616125
2031-09-18 00:00:00+00:00,28.498264,32.814583,24.952364
2031-09-19 00:00:00+00:00,27.44842,30.719597,24.388601
2031-09-20 00:00:00+00:00,27.698572,31.274609,23.674837
2031-09-21 00:00:00+00:00,28.298727,33.02962,24.161076
2031-09-22 00:00:00+00:00,29.29888,34.734634,24.147312
2031-09-23 00:00:00+00:00,29.849028,35.08965,24.833551
2031-09-24 00:00:00+00:00,28.749182,32.894657,25.169786
2031-09-25 00:00:00+00:00,26.949335,30.749676,24.206026
2031-09-26 00:00:00+00:00,27.29949,31.854687,23.792263
2031-09-27 00:00:00+00:00,28.14964,33.409702,22.928497
2031-09-28 00:00:00+00:00,29.199793,34.264717,23.964735
2031-09-29 00:00:00+00:00,29.349947,34.069733,24.850975
2031-09-30 00:00:00+00:00,29.850101,36.274746,24.287209
2031-10-01 00:00:00+00:00,30.200253,36.079754,24.673447
2031-10-02 00:00:00+00:00,29.350407,33.98477,25.159683
2031-10-03 00:00:00+00:00,28.10056,30.439783,25.245922
2031-10-04 00:00:00+00:00,28.000708,31.544796,24.782158
2031-10-05 00:00:00+00:00,28.750864,33.199806,24.668396
2031-10-06 00:00:00+00:00,29.201017,34.70482,23.804634
2031-10-07 00:00:00+00:00,29.20117,34.95983,23.590872
2031-10-08 00:00:00+00:00,28.451324,33.56485,24.02711
2031-10-09 00:00:00+00:00,27.351473,31.969862,23.813345
2031-10-10 00:00:00+00:00,26.701628,30.824875,23.249582
2031-10-11 00:00:00+00:00,26.30178,30.579891,22.835821
2031-10-12 00:00:00+00:00,26.601933,30.834904,23.072058
2031-10-13 00:00:00+00:00,26.952087,31.189915,23.40829
2031-10-14 00:00:00+00:00,27.00224,30.444927,23.394531
2031-10-15 00:00:00+00:00,27.902393,32.749943,23.53077
2031-10-16 00:00:00+00:00,27.802547,33.00495,23.267008
2031-10-17 00:00:00+00:00,27.452702,32.35997,22.453241
2031-10-18 00:00:00+00:00,28.552853,33.614983,23.33948
2031-10-19 00:00:00+00:00,28.853004,34.069996,23.025717
2031-10-20 00:00:00+00:00,28.103159,33.42501,22.911955
2031-10-21 00:00:00+00:00,27.453312,31.480022,23.198193
2031-10-22 00:00:00+00:00,27.653461,32.135036,22.63443
2031-10-23 00:00:00+00:00,27.653614,31.490051,23.220667
2031-10-24 00:00:00+00:00,27.60377,32.545063,23.506903
2031-10-25 00:00:00+00:00,27.753922,31.900074,23.643143
2031-10-26 00:00:00+00:00,28.704075,34.45509,23.929379
2031-10-27 00:00:00+00:00,29.054228,35.360104,23.565615
2031-10-28 00:00:00+00:00,29.154379,36.46512,22.551853
2031-10-29 00:00:00+00:00,29.454535,37.07013,22.23809
2031-10-30 00:00:00+00:00,29.554686,38.175148,21.974325
2031-10-31 00:00:00+00:00,29.154839,37.030155,21.610563
2031-11-01 00:00:00+00:00,29.454992,37.58517,22.046803
2031-11-02 00:00:00+00:00,29.893803,37.9349,22.671577
2031-11-03 00:00:00+00:00,29.713718,38.17582,22.927256
2031-11-04 00:00:00+00:00,29.233635,37.616737,22.332933
2031-11-05 00:00:00+00:00,28.803547,38.10766,20.538612
2031-11-06 00:00:00+00:00,28.473463,37.698574,20.244287
2031-11-07 00:00:00+00:00,28.543379,37.48949,20.299965
2031-11-08 00:00:00+00:00,28.513294,36.830418,20.355642
2031-11-09 00:00:00+00:00,28.48321,35.921333,20.961323
2031-11-10 00:00:00+00:00,28.303123,35.76225,21.866999
2031-11-11 00:00:00+00:00,27.773037,35.25317,21.322674
2031-11-12 00:00:00+00:00,28.042952,35.29409,21.57835
2031-11-13 00:00:00+00:00,28.562866,34.685005,22.98403
2031-11-14 00:00:00+00:00,28.782778,35.875927,22.03971
2031-11-15 00:00:00+00:00,29.602694,35.716843,23.995384
2031-11-16 00:00:00+00:00,28.67261,33.407764,25.001059
2031-11-17 00:00:00+00:00,29.142525,36.448685,23.15674
2031-11-18 00:00:00+00:00,28.01244,36.189598,19.812416
2031-11-19 00:00:00+00:00,27.782354,36.13052,19.218094
2031-11-20 00:00:00+00:00,28.302267,35.971443,20.423773
2031-11-21 00:00:00+00:00,28.022184,35.61236,20.429447
2031-11-22 00:00:00+00:00,28.6921,36.603275,21.085127
2031-11-23 00:00:00+00:00,29.262012,36.794197,22.040804
2031-11-24 00:00:00+00:00,28.931927,34.685116,24.09648
2031-11-25 00:00:00+00:00,26.951843,32.976032,21.452158
2031-11-26 00:00:00+00:00,25.871756,32.81695,19.657835
2031-11-27 00:00:00+00:00,25.441671,33.757874,17.513512
2031-11-28 00:00:00+00:00,27.561583,35.19879,19.91919
2031-11-29 00:00:00+00:00,28.9315,35.439713,23.274866
2031-11-30 00:00:00+00:00,28.001415,34.33063,22.330545
2031-12-01 00:00:00+00:00,26.871326,33.77155,20.736221
2031-12-02 00:00:00+00:00,26.241243,33.712467,18.691902
2031-12-03 00:00:00+00:00,27.211157,34.553387,20.047577
2031-12-04 00:00:00+00:00,27.531075,35.34431,20.403254
2031-12-05 00:00:00+00:00,28.400988,35.835224,22.208933
2031-12-06 00:00:00+00:00,28.520905,35.676144,21.914608
2031-12-07 00:00:00+00:00,28.540817,35.767063,22.620287
2031-12-08 00:00:00+00:00,28.860733,36.607986,21.525963
2031-12-09 00:00:00+00:00,28.480646,36.298904,21.33164
2031-12-10 00:00:00+00:00,28.70056,36.48982,21.337318
2031-12-11 00:00:00+00:00,28.420475,36.18074,21.742994
2031-12-12 00:00:00+00:00,27.640388,35.27166,20.898674
2031-12-13 00:00:00+00:00,28.160303,34.26258,22.054348
2031-12-14 00:00:00+00:00,28.73022,34.753498,23.21003
2031-12-15 00:00:00+00:00,28.150135,34.194412,23.465704
2031-12-16 00:00:00+00:00,27.520048,34.935333,21.071384
2031-12-17 00:00:00+00:00,26.589962,33.826252,20.327059
2031-12-18 00:00:00+00:00,25.009878,32.167168,18.432735
2031-12-19 00:00:00+00:00,25.129793,32.90809,17.788412
2031-12-20 00:00:00+00:00,26.599709,34.54901,19.594091
2031-12-21 00:00:00+00:00,26.619621,34.23993,19.69977
2031-12-22 00:00:00+00:00,26.689537,33.930847,19.905445
2031-12-23 00:00:00+00:00,26.259453,33.621765,19.761124
2031-12-24 00:00:00+00:00,25.579367,33.612682,18.216803
2031-12-25 00:00:00+00:00,25.84928,34.5536,17.67248
2031-12-26 00:00:00+00:00,27.069193,35.144527,20.078156
2031-12-27 00:00:00+00:00,26.889109,34.685444,19.933832
2031-12-28 00:00:00+00:00,25.709024,33.526363,18.489511
2031-12-29 00:00:00+00:00,25.428938,33.867283,17.895187
2031-12-30 00:00:00+00:00,26.248852,34.7582,18.650864
2031-12-31 00:00:00+00:00,27.218767,35.44912,19.306543
2032-01-01 00:00:00+00:00,28.738682,35.84004,22.162222
2032-01-02 00:00:00+00:00,27.810179,34.129116,22.06874
2032-01-03 00:00:00+00:00,28.333258,35.96636,21.326101
2032-01-04 00:00:00+00:00,29.306337,35.903595,23.633465
2032-01-05 00:00:00+00:00,28.029415,35.790836,20.490826
2032-01-06 00:00:00+00:00,27.652494,35.22807,20.848192
2032-01-07 00:00:00+00:00,25.975573,33.865314,18.955551
2032-01-08 00:00:00+00:00,25.69865,33.80255,17.862915
2032-01-09 00:00:00+00:00,26.72173,34.589787,19.220278
2032-01-10 00:00:00+00:00,27.444809,34.977028,20.67764
2032-01-11 00:00:00+00:00,27.767889,33.314262,22.735004
2032-01-12 00:00:00+00:00,28.440968,35.701504,21.842365
2032-01-13 00:00:00+00:00,27.664045,35.33874,20.34973
2032-01-14 00:00:00+00:00,27.237123,35.175983,19.707094
2032-01-15 00:00:00+00:00,27.660204,35.61322,19.564453
2032-01-16 00:00:00+00:00,28.583282,35.800457,21.321815
2032-01-17 00:00:00+00:00,28.05636,33.4377,23.129179
2032-01-18 00:00:00+00:00,28.229437,34.724934,22.086542
2032-01-19 00:00:00+00:00,29.202517,36.362175,22.143906
2032-01-20 00:00:00+00:00,30.525599,38.149414,23.55127
2032-01-21 00:00:00+00:00,27.948675,32.336655,22.85863
2032-01-22 00:00:00+00:00,29.871756,36.82389,24.215994
2032-01-23 00:00:00+00:00,29.594833,37.41113,22.623356
2032-01-24 00:00:00+00:00,28.817911,36.39837,22.43072
2032-01-25 00:00:00+00:00,27.540989,34.185608,20.88808
2032-01-26 00:00:00+00:00,27.864069,33.672844,21.645443
2032-01-27 00:00:00+00:00,27.337147,35.260086,20.052807
2032-01-28 00:00:00+00:00,27.210228,34.747326,19.66017
2032-01-29 00:00:00+00:00,28.133305,36.184555,20.317532
2032-01-30 00:00:00+00:00,30.056381,38.6718,22.174892
2032-01-31 00:00:00+00:00,30.57946,38.559036,23.082258
2032-02-01 00:00:00+00:00,30.102541,37.64628,22.98962
2032-02-02 00:00:00+00:00,29.67562,37.383514,22.446981
2032-02-03 00:00:00+00:00,29.248697,37.320755,21.854347
2032-02-04 00:00:00+00:00,29.471777,37.707993,21.41171
2032-02-05 00:00:00+00:00,29.644855,38.09523,20.669071
2032-02-06 00:00:00+00:00,29.667934,38.08247,21.326435
2032-02-07 00:00:00+00:00,30.041012,38.069706,22.633795
2032-02-08 00:00:00+00:00,29.414093,36.85695,22.59116
2032-02-09 00:00:00+00:00,28.387169,33.44419,23.348522
2032-02-10 00:00:00+00:00,26.81025,31.681427,21.705883
2032-02-11 00:00:00+00:00,23.533327,29.818663,15.863246
2032-02-12 00:00:00+00:00,22.706408,30.055902,15.270608
2032-02-13 00:00:00+00:00,26.479485,34.293144,18.827972
2032-02-14 00:00:00+00:00,28.852566,36.930378,21.135336
2032-02-15 00:00:00+00:00,29.625643,37.76762,22.192698
2032-02-16 00:00:00+00:00,30.298721,39.004864,22.55006
2032-02-17 00:00:00+00:00,30.571798,39.392094,22.157423
2032-02-18 00:00:00+00:00,30.94488,39.329338,22.664783
2032-02-19 00:00:00+00:00,29.41796,36.866573,21.772152
2032-02-20 00:00:00+00:00,28.391039,35.50381,20.479511
2032-02-21 00:00:00+00:00,26.61412,33.541054,20.086876
2032-02-22 00:00:00+00:00,26.537193,34.178288,18.644238
2032-02-23 00:00:00+00:00,28.460272,36.76553,20.201597
2032-02-24 00:00:00+00:00,30.283354,38.752766,21.508963
2032-02-25 00:00:00+00:00,32.30643,41.090004,23.666323
2032-02-26 00:00:00+00:00,31.929512,40.427246,23.123688
2032-02-27 00:00:00+00:00,30.602589,37.814484,23.281048
2032-02-28 00:00:00+00:00,30.37567,38.20173,22.388414
2032-02-29 00:00:00+00:00,30.498745,38.53896,22.195774
2032-03-01 00:00:00+00:00,29.921822,38.1762,21.803137
2032-03-02 00:00:00+00:00,29.194902,37.863438,20.610502
2032-03-03 00:00:00+00:00,30.143244,39.21126,21.155767
2032-03-04 00:00:00+00:00,31.106747,38.465435,23.323774
2032-03-05 00:00:00+00:00,26.57025,34.719604,17.891785
2032-03-06 00:00:00+00:00,28.98375,36.273777,21.459793
2032-03-07 00:00:00+00:00,29.447254,36.977947,22.427803
2032-03-08 00:00:00+00:00,27.110754,34.382122,19.94581
2032-03-09 00:00:00+00:00,27.374258,35.286293,18.96382
2032-03-10 00:00:00+00:00,28.787758,36.89047,20.481829
2032-03-11 00:00:00+00:00,31.201262,39.494637,22.749836
2032-03-12 00:00:00+00:00,33.064762,42.098816,24.117846
2032-03-13 00:00:00+00:00,35.67827,44.202988,27.385859
2032-03-14 00:00:00+00:00,36.291763,44.307156,28.60386
2032-03-15 00:00:00+00:00,34.505272,41.961334,26.821873
2032-03-16 00:00:00+00:00,33.468773,41.315502,25.28988
2032-03-17 00:00:00+00:00,33.682274,41.419674,25.457891
2032-03-18 00:00:00+00:00,33.845776,41.67385,25.7759
2032-03-19 00:00:00+00:00,34.70928,42.47802,26.593908
2032-03-20 00:00:00+00:00,34.37278,42.33219,26.261917
2032-03-21 00:00:00+00:00,33.886284,41.886368,25.729923
2032-03-22 00:00:00+00:00,33.34978,41.590538,24.697933
2032-03-23 00:00:00+00:00,34.013283,42.34471,25.615944
2032-03-24 00:00:00+00:00,33.626785,41.34888,25.333954
2032-03-25 00:00:00+00:00,35.290287,43.603054,27.05196
2032-03-26 00:00:00+00:00,34.853794,42.357224,26.96997
2032-03-27 00:00:00+00:00,33.967293,41.9114,25.837978
2032-03-28 00:00:00+00:00,33.730793,41.61557,25.555988
2032-03-29 00:00:00+00:00,32.6443,40.269745,24.773996
2032-03-30 00:00:00+00:00,33.007797,41.47392,24.292006
2032-03-31 00:00:00+00:00,34.1213,42.278088,25.610014
2032-04-01 00:00:00+00:00,34.3348,42.88226,25.478024
2032-04-02 00:00:00+00:00,33.848305,41.886436,25.596031
2032-04-03 00:00:00+00:00,33.761806,41.890606,25.714037
2032-04-04 00:00:00+00:00,35.07531,43.394775,26.582048
2032-04-05 00:00:00+00:00,33.48881,40.69895,25.850058
2032-04-06 00:00:00+00:00,30.60231,36.153126,24.368067
2032-04-07 00:00:00+00:00,31.665813,39.557297,23.636076
2032-04-08 00:00:00+00:00,32.179317,39.76147,24.154085
2032-04-09 00:00:00+00:00,33.042816,40.815643,24.722092
2032-04-10 00:00:00+00:00,34.15632,42.019817,25.890102
2032-04-11 00:00:00+00:00,36.019817,43.973988,28.008108
2032-04-12 00:00:00+00:00,37.083324,44.978157,28.576115
2032-04-13 00:00:00+00:00,36.696827,44.782333,27.994127
2032-04-14 00:00:00+00:00,35.61033,44.1865,26.912132
2032-04-15 00:00:00+00:00,36.023827,44.59068,27.080143
2032-04-16 00:00:00+00:00,34.937332,42.34485,26.798155
2032-04-17 00:00:00+00:00,33.850834,42.19902,25.16616
2032-04-18 00:00:00+00:00,33.714333,41.303192,24.88417
2032-04-19 00:00:00+00:00,33.27784,41.10736,24.40218
2032-04-20 00:00:00+00:00,32.191338,40.76154,22.12019
2032-04-21 00:00:00+00:00,32.20484,40.465706,23.138199
2032-04-22 00:00:00+00:00,31.718342,39.369884,22.656206
2032-04-23 00:00:00+00:00,32.231846,40.024055,23.524216
2032-04-24 00:00:00+00:00,31.49535,39.678226,22.342224
2032-04-25 00:00:00+00:00,31.208845,39.3824,22.210234
2032-04-26 00:00:00+00:00,32.17235,39.886574,24.428242
2032-04-27 00:00:00+00:00,33.735847,41.940742,25.79625
2032-04-28 00:00:00+00:00,35.599358,43.74492,27.464258
2032-04-29 00:00:00+00:00,36.762856,45.049088,28.582268
2032-04-30 00:00:00+00:00,37.52636,45.603264,29.050278
2032-05-01 00:00:00+00:00,34.839863,41.607433,26.918285
2032-05-02 00:00:00+00:00,33.95336,41.661606,25.436295
2032-05-03 00:00:00+00:00,33.674984,41.664955,24.781662
2032-05-04 00:00:00+00:00,33.64931,41.668037,24.28615
2032-05-05 00:00:00+00:00,32.42364,40.671112,22.74064
2032-05-06 00:00:00+00:00,32.597965,41.224186,23.095127
2032-05-07 00:00:00+00:00,34.072292,42.377266,25.099615
2032-05-08 00:00:00+00:00,33.096622,40.83034,24.354103
2032-05-09 00:00:00+00:00,32.570953,40.03342,24.108593
2032-05-10 00:00:00+00:00,33.14528,41.8365,24.01308
2032-05-11 00:00:00+00:00,34.41961,42.139572,25.717571
2032-05-12 00:00:00+00:00,32.793934,40.84265,23.722057
2032-05-13 00:00:00+00:00,33.418266,41.99572,24.626547
2032-05-14 00:00:00+00:00,33.29259,41.0488,24.581036
2032-05-15 00:00:00+00:00,32.71692,39.101883,26.185524
2032-05-16 00:00:00+00:00,32.091248,38.104958,25.740011
2032-05-17 00:00:00+00:00,31.21558,36.808033,25.4445
2032-05-18 00:00:00+00:00,32.989906,38.711113,26.34899
2032-05-19 00:00:00+00:00,35.01423,40.814186,28.70348
2032-05-20 00:00:00+00:00,35.88856,42.917263,28.457962
2032-05-21 00:00:00+00:00,35.81289,43.22034,28.412455
2032-05-22 00:00:00+00:00,35.38722,42.973415,27.216946
2032-05-23 00:00:00+00:00,34.761543,41.926495,27.171432
2032-05-24 00:00:00+00:00,33.685875,40.92957,25.97592
2032-05-25 00:00:00+00:00,33.060196,40.682648,24.780409
2032-05-26 00:00:00+00:00,33.98453,42.385723,25.484898
2032-05-27 00:00:00+00:00,35.758858,44.4888,27.089384
2032-05-28 00:00:00+00:00,34.033188,40.841873,25.993876
2032-05-29 00:00:00+00:00,32.507515,40.34495,24.098362
2032-05-30 00:00:00+00:00,34.08184,41.69803,25.80285
2032-05-31 00:00:00+00:00,34.256165,41.451107,26.70734
2032-06-01 00:00:00+00:00,33.780495,41.05418,25.961828
2032-06-02 00:00:00+00:00,33.154823,40.057255,25.866316
2032-06-03 00:00:00+00:00,33.929153,41.560333,26.070805
2032-06-04 00:00:00+00:00,34.15348,41.463413,26.075293
2032-06-05 00:00:00+00:00,34.72781,40.566486,28.179781
2032-06-06 00:00:00+00:00,35.402138,42.26956,28.084269
2032-06-07 00:00:00+00:00,35.726467,42.922646,27.888758
2032-06-08 00:00:00+00:00,34.550797,41.42572,26.943247
2032-06-09 00:00:00+00:00,34.075123,40.328793,27.047735
2032-06-10 00:00:00+00:00,33.99945,40.98187,26.702225
2032-06-11 00:00:00+00:00,34.57378,41.334953,27.006714
2032-06-12 00:00:00+00:00,34.898106,41.23803,27.811201
2032-06-13 00:00:00+00:00,34.822433,41.841103,27.11569
2032-06-14 00:00:00+00:00,34.49676,41.594177,27.020174
2032-06-15 00:00:00+00:00,32.821087,39.89726,25.324665
2032-06-16 00:00:00+00:00,32.94542,39.950336,25.729155
2032-06-17 00:00:00+00:00,33.01975,40.653408,26.483644
2032-06-18 00:00:00+00:00,34.544075,40.95649,28.28813
2032-06-19 00:00:00+00:00,35.818405,42.459564,28.992619
2032-06-20 00:00:00+00:00,33.69273,40.36264,26.097107
2032-06-21 00:00:00+00:00,32.96706,39.365715,27.501596
2032-06-22 00:00:00+00:00,33.141388,39.618793,27.006086
2032-06-23 00:00:00+00:00,32.665718,39.57187,25.910576
2032-06-24 00:00:00+00:00,31.890043,36.174946,26.865063
2032-06-25 00:00:00+00:00,33.51437,40.228024,26.869549
2032-06-26 00:00:00+00:00,32.688698,39.6311,25.374039
2032-06-27 00:00:00+00:00,31.963028,38.434174,25.32853
2032-06-28 00:00:00+00:00,31.437353,37.737255,26.183018
2032-06-29 00:00:00+00:00,29.961685,37.29033,25.237505
2032-06-30 00:00:00+00:00,30.78601,36.743412,24.441994
2032-07-01 00:00:00+00:00,31.66034,36.94648,26.196482
2032-07-02 00:00:00+00:00,32.83467,38.999565,26.500969
2032-07-03 00:00:00+00:00,33.654358,39.65833,27.632477
2032-07-04 00:00:00+00:00,33.87338,40.86791,26.810703
2032-07-05 00:00:00+00:00,33.2424,39.177486,27.588928
2032-07-06 00:00:00+00:00,32.861423,38.687065,26.967155
2032-07-07 00:00:00+00:00,32.83045,38.996643,26.595379
2032-07-08 00:00:00+00:00,31.099472,39.006226,25.873606
2032-07-09 00:00:00+00:00,28.868496,33.715805,25.751831
2032-07-10 00:00:00+00:00,30.787523,36.525387,25.230055
2032-07-11 00:00:00+00:00,32.40654,38.084965,26.708282
2032-07-12 00:00:00+00:00,31.975567,37.794544,25.936508
2032-07-13 00:00:00+00:00,29.544592,33.754124,23.914736
2032-07-14 00:00:00+00:00,27.413614,31.713703,23.49296
2032-07-15 00:00:00+00:00,28.23264,33.723286,24.271185
2032-07-16 00:00:00+00:00,27.201664,30.782867,24.09941
2032-07-17 00:00:00+00:00,29.670689,34.242443,25.477634
2032-07-18 00:00:00+00:00,31.23971,36.60202,25.95586
2032-07-19 00:00:00+00:00,32.108734,37.8616,26.434086
2032-07-20 00:00:00+00:00,29.877758,32.671185,26.26231
2032-07-21 00:00:00+00:00,32.24678,37.430767,27.140537
2032-07-22 00:00:00+00:00,33.415806,39.09034,27.918762
2032-07-23 00:00:00+00:00,31.684826,38.099922,24.14699
2032-07-24 00:00:00+00:00,26.453854,29.759502,23.525213
2032-07-25 00:00:00+00:00,28.572878,32.81908,24.20344
2032-07-26 00:00:00+00:00,29.5419,34.578663,25.131664
2032-07-27 00:00:00+00:00,30.060923,35.13824,25.059889
2032-07-28 00:00:00+00:00,30.929949,36.397823,26.288116
2032-07-29 00:00:00+00:00,29.698975,34.7574,26.566343
2032-07-30 00:00:00+00:00,29.017996,33.566982,25.244564
2032-07-31 00:00:00+00:00,30.437021,34.97656,26.122791
2032-08-01 00:00:00+00:00,31.456043,36.33614,26.451017
2032-08-02 00:00:00+00:00,29.02507,31.645718,26.429243
2032-08-03 00:00:00+00:00,29.244091,33.9553,24.907467
2032-08-04 00:00:00+00:00,29.263117,34.164883,22.935696
2032-08-05 00:00:00+00:00,25.88214,29.874462,23.013922
2032-08-06 00:00:00+00:00,28.451162,33.28404,23.492144
2032-08-07 00:00:00+00:00,28.970186,33.59362,25.570372
2032-08-08 00:00:00+00:00,27.63921,32.4032,24.498596
2032-08-09 00:00:00+00:00,27.958233,33.012775,24.126822
2032-08-10 00:00:00+00:00,27.727259,33.62236,24.955046
2032-08-11 00:00:00+00:00,27.74628,31.331938,24.833271
2032-08-12 00:00:00+00:00,28.765305,33.141518,24.5615
2032-08-13 00:00:00+00:00,27.784328,32.801094,24.789724
2032-08-14 00:00:00+00:00,26.403353,29.610682,24.117949
2032-08-15 00:00:00+00:00,27.222378,30.12026,24.246174
2032-08-16 00:00:00+00:00,26.891401,31.179838,23.4244
2032-08-17 00:00:00+00:00,25.010426,26.939417,23.202625
2032-08-18 00:00:00+00:00,26.229448,29.348995,23.38085
2032-08-19 00:00:00+00:00,27.698473,32.308575,23.959076
2032-08-20 00:00:00+00:00,27.617496,31.768158,25.037304
2032-08-21 00:00:00+00:00,28.336523,33.427734,24.765528
2032-08-22 00:00:00+00:00,27.255543,30.537315,24.593756
2032-08-23 00:00:00+00:00,26.324568,30.396893,23.47198
2032-08-24 00:00:00+00:00,27.043589,31.006475,23.050203
2032-08-25 00:00:00+00:00,27.762613,33.86606,23.478428
2032-08-26 00:00:00+00:00,25.73164,29.125633,23.106655
2032-08-27 00:00:00+00:00,26.850664,30.485216,23.684881
2032-08-28 00:00:00+00:00,27.419687,31.144794,24.213106
2032-08-29 00:00:00+00:00,27.588709,31.804373,24.09133
2032-08-30 00:00:00+00:00,27.557735,32.463955,23.469557
2032-08-31 00:00:00+00:00,28.526756,32.473534,24.547783
2032-09-01 00:00:00+00:00,28.045782,32.633114,23.926008
2032-09-02 00:00:00+00:00,25.795935,29.588125,23.262247
2032-09-03 00:00:00+00:00,26.596087,30.893139,22.598482
2032-09-04 00:00:00+00:00,28.746239,33.448154,24.83472
2032-09-05 00:00:00+00:00,29.346395,34.453163,25.720959
2032-09-06 00:00:00+00:00,27.846546,31.058184,24.757193
2032-09-07 00:00:00+00:00,26.496696,31.013191,23.443432
2032-09-08 00:00:00+00:00,26.196852,30.368208,23.379667
2032-09-09 00:00:00+00:00,26.047003,29.423222,23.615904
2032-09-10 00:00:00+00:00,26.29716,30.828234,23.252144
2032-09-11 00:00:00+00:00,27.047312,31.683247,23.238382
2032-09-12 00:00:00+00:00,26.897463,30.488262,23.924618
2032-09-13 00:00:00+00:00,26.697617,30.643274,23.510855
2032-09-14 00:00:00+00:00,27.097769,31.698288,23.29709
2032-09-15 00:00:00+00:00,27.99792,32.753304,23.833328
2032-09-16 00:00:00+00:00,28.698072,34.05831,24.069565
2032-09-17 00:00:00+00:00,28.998226,33.813328,24.455803
2032-09-18 00:00:00+00:00,28.948381,33.51834,24.442041
2032-09-19 00:00:00+00:00,29.198534,33.323357,24.828276
2032-09-20 00:00:00+00:00,28.598686,32.178368,24.864517
2032-09-21 00:00:00+00:00,29.34884,34.383377,24.150755
2032-09-22 00:00:00+00:00,29.898993,34.688396,25.83699
2032-09-23 00:00:00+00:00,29.499146,34.74341,24.873226
2032-09-24 00:00:00+00:00,28.949297,33.548424,24.859465
2032-09-25 00:00:00+00:00,28.749449,33.053432,24.395702
2032-09-26 00:00:00+00:00,29.249603,33.95845,25.131939
2032-09-27 00:00:00+00:00,29.649755,34.41346,25.168175
2032-09-28 00:00:00+00:00,28.899908,34.46848,23.504414
2032-09-29 00:00:00+00:00,29.050064,34.223488,24.490652
2032-09-30 00:00:00+00:00,28.850214,33.678505,24.02689
2032-10-01 00:00:00+00:00,28.80037,33.683517,23.913122
2032-10-02 00:00:00+00:00,28.85052,34.088528,23.849363
2032-10-03 00:00:00+00:00,29.950672,36.393543,24.435598
2032-10-04 00:00:00+00:00,30.850826,39.548557,23.321836
2032-10-05 00:00:00+00:00,29.70098,36.50357,22.958073
2032-10-06 00:00:00+00:00,29.551132,34.65858,24.44431
2032-10-07 00:00:00+00:00,29.501284,35.263596,24.030548
2032-10-08 00:00:00+00:00,29.851439,36.51861,24.366787
2032-10-09 00:00:00+00:00,30.101591,37.023624,24.203022
2032-10-10 00:00:00+00:00,30.451744,36.328636,24.88926
2032-10-11 00:00:00+00:00,30.301897,35.28365,25.925499
2032-10-12 00:00:00+00:00,29.65205,36.088665,24.811737
2032-10-13 00:00:00+00:00,29.902203,36.643677,23.647972
2032-10-14 00:00:00+00:00,30.702356,36.748688,24.98421
2032-10-15 00:00:00+00:00,30.602509,36.7537,25.270447
2032-10-16 00:00:00+00:00,29.402658,35.65872,24.106682
2032-10-17 00:00:00+00:00,28.902813,35.913727,22.992922
2032-10-18 00:00:00+00:00,29.502966,35.168743,23.52916
2032-10-19 00:00:00+00:00,30.153118,36.473755,25.215395
2032-10-20 00:00:00+00:00,30.353271,39.12877,23.201633
2032-10-21 00:00:00+00:00,30.103424,38.033783,22.887869
2032-10-22 00:00:00+00:00,29.653576,37.388798,22.474106
2032-10-23 00:00:00+00:00,29.203732,36.44381,22.610344
2032-10-24 00:00:00+00:00,29.053883,36.198826,22.346582
2032-10-25 00:00:00+00:00,29.504036,36.70384,22.28282
2032-10-26 00:00:00+00:00,30.104189,36.658848,22.919056
2032-10-27 00:00:00+00:00,30.854343,36.863865,24.655294
2032-10-28 00:00:00+00:00,31.154495,38.61888,23.94153
2032-10-29 00:00:00+00:00,31.254648,37.373894,24.527767
2032-10-30 00:00:00+00:00,31.304802,38.078903,25.164005
2032-10-31 00:00:00+00:00,30.654951,38.583916,23.40024
2032-11-01 00:00:00+00:00,30.901325,38.037167,23.43266
2032-11-02 00:00:00+00:00,31.171242,38.22809,24.088337
2032-11-03 00:00:00+00:00,31.441156,38.419006,25.194016
2032-11-04 00:00:00+00:00,31.261068,37.759922,25.84969
2032-11-05 00:00:00+00:00,30.580982,37.200848,24.855368
2032-11-06 00:00:00+00:00,29.900902,36.941765,23.861046
2032-11-07 00:00:00+00:00,29.520815,36.782684,23.316725
2032-11-08 00:00:00+00:00,29.090729,37.2736,21.9724
2032-11-09 00:00:00+00:00,29.010643,37.16452,20.878077
2032-11-10 00:00:00+00:00,29.830559,35.805443,22.783756
2032-11-11 00:00:00+00:00,30.550472,34.546364,26.439434
2032-11-12 00:00:00+00:00,28.720387,33.88728,23.445112
2032-11-13 00:00:00+00:00,27.3903,32.7782,21.950787
2032-11-14 00:00:00+00:00,27.960215,34.76912,21.056461
2032-11-15 00:00:00+00:00,28.430134,34.360035,22.062143
2032-11-16 00:00:00+00:00,29.750048,36.700954,22.41782
2032-11-17 00:00:00+00:00,30.11996,35.39187,25.173496
2032-11-18 00:00:00+00:00,29.489874,32.782795,25.779175
2032-11-19 00:00:00+00:00,30.459791,37.173706,25.134851
2032-11-20 00:00:00+00:00,29.679705,37.164627,22.74053
2032-11-21 00:00:00+00:00,29.69962,37.80555,22.246206
2032-11-22 00:00:00+00:00,29.469532,37.346466,22.501886
2032-11-23 00:00:00+00:00,29.13945,37.787388,20.957561
2032-11-24 00:00:00+00:00,29.359364,37.628304,21.863237
2032-11-25 00:00:00+00:00,31.129276,37.81922,25.468918
2032-11-26 00:00:00+00:00,30.94919,37.76014,25.074593
2032-11-27 00:00:00+00:00,29.469109,35.901062,22.88027
2032-11-28 00:00:00+00:00,29.28902,36.441982,22.485947
2032-11-29 00:00:00+00:00,28.308935,35.782898,21.491625
2032-11-30 00:00:00+00:00,28.22885,35.97382,21.047302
2032-12-01 00:00:00+00:00,28.348764,35.96474,21.302979
2032-12-02 00:00:00+00:00,28.76868,36.605656,21.758657
2032-12-03 00:00:00+00:00,28.588596,36.94658,20.964333
2032-12-04 00:00:00+00:00,29.30851,37.437496,21.170012
2032-12-05 00:00:00+00:00,29.128422,36.428413,22.275692
2032-12-06 00:00:00+00:00,28.148336,36.66933,20.231365
2032-12-07 00:00:00+00:00,28.118252,36.810257,21.087046
2032-12-08 00:00:00+00:00,27.838165,36.20117,20.742722
2032-12-09 00:00:00+00:00,27.358082,34.79209,19.6484
2032-12-10 00:00:00+00:00,28.227995,36.18301,21.154076
2032-12-11 00:00:00+00:00,27.647911,35.47393,20.459751
2032-12-12 00:00:00+00:00,25.467825,30.46485,20.26543
2032-12-13 00:00:00+00:00,24.187742,31.505766,18.221107
2032-12-14 00:00:00+00:00,25.357655,33.346687,18.126785
2032-12-15 00:00:00+00:00,26.727571,33.937603,20.082464
2032-12-16 00:00:00+00:00,26.097485,31.428522,20.838139
2032-12-17 00:00:00+00:00,24.517397,29.419443,18.693819
2032-12-18 00:00:00+00:00,24.187313,30.16036,19.299496
2032-12-19 00:00:00+00:00,24.657228,32.201283,17.25517
2032-12-20 00:00:00+00:00,25.877142,32.142197,20.01085
2032-12-21 00:00:00+00:00,26.697058,32.533115,21.866526
2032-12-22 00:00:00+00:00,26.616972,33.774036,20.172205
2032-12-23 00:00:00+00:00,26.036888,33.014954,19.527884
2032-12-24 00:00:00+00:00,26.106802,33.405876,19.583559
2032-12-25 00:00:00+00:00,25.826715,33.29679,19.039236
2032-12-26 00:00:00+00:00,25.84663,33.83771,18.844913
2032-12-27 00:00:00+00:00,25.816545,34.128635,18.550592
2032-12-28 00:00:00+00:00,25.736462,34.119553,18.406271
2032-12-29 00:00:00+00:00,24.956375,33.11047,17.561945
2032-12-30 00:00:00+00:00,24.02629,32.20139,16.717623
2032-12-31 00:00:00+00:00,24.196205,32.09231,17.0733
2033-01-01 00:00:00+00:00,24.416908,32.382305,16.8794
2033-01-02 00:00:00+00:00,24.33999,30.369545,18.986761
2033-01-03 00:00:00+00:00,20.913065,25.706783,15.644124
2033-01-04 00:00:00+00:00,20.686146,26.344025,15.201486
2033-01-05 00:00:00+00:00,22.159224,28.031263,17.10885
2033-01-06 00:00:00+00:00,24.432302,30.418499,18.966213
2033-01-07 00:00:00+00:00,25.205381,31.755741,19.623577
2033-01-08 00:00:00+00:00,26.128458,33.54298,19.18094
2033-01-09 00:00:00+00:00,26.401539,33.430214,19.9383
2033-01-10 00:00:00+00:00,26.574617,34.417454,19.045664
2033-01-11 00:00:00+00:00,27.6977,35.304695,20.353025
2033-01-12 00:00:00+00:00,29.220776,37.741932,21.21039
2033-01-13 00:00:00+00:00,29.993855,38.52917,22.567753
2033-01-14 00:00:00+00:00,29.966932,38.066406,22.575115
2033-01-15 00:00:00+00:00,29.690012,38.303646,21.582478
2033-01-16 00:00:00+00:00,29.513092,37.54089,22.289837
2033-01-17 00:00:00+00:00,30.086168,37.478127,22.697203
2033-01-18 00:00:00+00:00,30.159246,37.915363,22.404564
2033-01-19 00:00:00+00:00,29.982328,37.602608,22.761927
2033-01-20 00:00:00+00:00,29.405407,37.189842,21.51929
2033-01-21 00:00:00+00:00,28.77848,36.02708,22.176653
2033-01-22 00:00:00+00:00,29.401564,38.61432,21.184015
2033-01-23 00:00:00+00:00,30.97464,39.35156,23.191376
2033-01-24 00:00:00+00:00,30.997719,38.3388,24.64874
2033-01-25 00:00:00+00:00,29.320799,37.27604,21.956106
2033-01-26 00:00:00+00:00,28.99388,36.963272,21.463465
2033-01-27 00:00:00+00:00,29.116955,37.20051,21.320827
2033-01-28 00:00:00+00:00,29.290035,37.38775,21.578192
2033-01-29 00:00:00+00:00,29.613111,37.374992,22.235554
2033-01-30 00:00:00+00:00,29.436193,38.162228,20.642916
2033-01-31 00:00:00+00:00,29.709272,37.649467,22.10028
2033-02-01 00:00:00+00:00,30.38235,38.586704,22.707644
2033-02-02 00:00:00+00:00,32.15543,39.92395,24.465008
2033-02-03 00:00:00+00:00,32.478508,39.411186,26.022366
2033-02-04 00:00:00+00:00,30.251589,37.598423,23.479729
2033-02-05 00:00:00+00:00,29.124664,37.535656,21.187094
2033-02-06 00:00:00+00:00,28.947746,36.4729,21.794456
2033-02-07 00:00:00+00:00,29.87082,39.810135,19.851818
2033-02-08 00:00:00+00:00,29.443901,38.897377,20.109182
2033-02-09 00:00:00+00:00,30.066978,38.734615,21.216543
2033-02-10 00:00:00+00:00,30.140059,38.071857,22.523909
2033-02-11 00:00:00+00:00,29.963139,37.659096,22.33127
2033-02-12 00:00:00+00:00,28.486217,35.24633,21.23863
2033-02-13 00:00:00+00:00,27.559294,34.78357,20.245996
2033-02-14 00:00:00+00:00,28.432375,35.32081,21.603357
2033-02-15 00:00:00+00:00,28.755453,35.908047,21.71072
2033-02-16 00:00:00+00:00,28.628529,34.945282,22.168083
2033-02-17 00:00:00+00:00,26.401608,33.48253,19.575445
2033-02-18 00:00:00+00:00,21.774689,28.969767,14.0828085
2033-02-19 00:00:00+00:00,22.547766,30.207003,14.64017
2033-02-20 00:00:00+00:00,25.120848,33.144238,17.047533
2033-02-21 00:00:00+00:00,28.243923,36.581482,20.054895
2033-02-22 00:00:00+00:00,29.817003,37.868717,21.962257
2033-02-23 00:00:00+00:00,30.990084,38.805958,23.819622
2033-02-24 00:00:00+00:00,30.76316,38.043198,21.976984
2033-02-25 00:00:00+00:00,22.98624,29.980434,16.434347
2033-02-26 00:00:00+00:00,22.10932,28.167675,15.991708
2033-02-27 00:00:00+00:00,24.482395,29.80491,18.849072
2033-02-28 00:00:00+00:00,25.805477,32.992153,19.056435
2033-03-01 00:00:00+00:00,25.778551,31.529388,20.363796
2033-03-02 00:00:00+00:00,25.601633,33.91663,17.37116
2033-03-03 00:00:00+00:00,27.18987,34.260216,19.751266
2033-03-04 00:00:00+00:00,27.103374,34.51439,20.169275
2033-03-05 00:00:00+00:00,29.766872,37.868565,21.487282
2033-03-06 00:00:00+00:00,28.33038,34.82274,21.555292
2033-03-07 00:00:00+00:00,29.443878,36.076912,22.123299
2033-03-08 00:00:00+00:00,31.80738,40.231075,23.691307
2033-03-09 00:00:00+00:00,32.620888,40.235252,25.259315
2033-03-10 00:00:00+00:00,30.934387,38.639423,23.527327
2033-03-11 00:00:00+00:00,31.097883,38.243595,23.995333
2033-03-12 00:00:00+00:00,31.311388,38.84777,23.563345
2033-03-13 00:00:00+00:00,32.874893,41.30194,24.381353
2033-03-14 00:00:00+00:00,34.338394,42.606117,26.199364
2033-03-15 00:00:00+00:00,35.301895,43.160286,28.467373
2033-03-16 00:00:00+00:00,34.615395,42.814457,25.835379
2033-03-17 00:00:00+00:00,33.2289,41.51863,24.553387
2033-03-18 00:00:00+00:00,33.3924,41.472805,24.921396
2033-03-19 00:00:00+00:00,33.2559,41.22698,24.689405
2033-03-20 00:00:00+00:00,33.569405,40.781147,25.907413
2033-03-21 00:00:00+00:00,32.982903,40.635323,24.975424
2033-03-22 00:00:00+00:00,32.996407,40.639496,25.443432
2033-03-23 00:00:00+00:00,31.959908,39.743668,24.061441
2033-03-24 00:00:00+00:00,30.923409,38.24784,23.679451
2033-03-25 00:00:00+00:00,29.586914,36.952015,22.197458
2033-03-26 00:00:00+00:00,29.100418,36.806187,21.265467
2033-03-27 00:00:00+00:00,29.313915,37.110355,21.333477
2033-03-28 00:00:00+00:00,30.577417,38.614525,22.251486
2033-03-29 00:00:00+00:00,32.74092,40.91871,24.269491
2033-03-30 00:00:00+00:00,33.704422,41.67288,25.587502
2033-03-31 00:00:00+00:00,32.917923,40.177048,25.355509
2033-04-01 00:00:00+00:00,32.33143,39.631218,24.573519
2033-04-02 00:00:00+00:00,31.944927,39.535393,23.791527
2033-04-03 00:00:00+00:00,32.10843,40.23956,23.859535
2033-04-04 00:00:00+00:00,32.421932,40.143734,24.177546
2033-04-05 00:00:00+00:00,31.98544,39.79791,23.845556
2033-04-06 00:00:00+00:00,32.598938,40.552086,24.063564
2033-04-07 00:00:00+00:00,32.76244,40.656254,24.581573
2033-04-08 00:00:00+00:00,31.325943,39.010426,23.349583
2033-04-09 00:00:00+00:00,30.139444,38.514603,21.51759
2033-04-10 00:00:00+00:00,29.152943,37.218773,20.785597
2033-04-11 00:00:00+00:00,26.566442,32.022945,20.503607
2033-04-12 00:00:00+00:00,27.429949,35.027115,19.671616
2033-04-13 00:00:00+00:00,29.94345,37.63129,21.939625
2033-04-14 00:00:00+00:00,32.15695,40.235462,23.807632
2033-04-15 00:00:00+00:00,34.020454,41.78963,25.675642
2033-04-16 00:00:00+00:00,34.583954,41.893803,26.793652
2033-04-17 00:00:00+00:00,34.79746,42.097977,26.91166
2033-04-18 00:00:00+00:00,34.260963,41.852154,26.02967
2033-04-19 00:00:00+00:00,34.224464,41.95632,25.997677
2033-04-20 00:00:00+00:00,33.487965,41.060497,25.215687
2033-04-21 00:00:00+00:00,33.551468,41.76467,24.933695
2033-04-22 00:00:00+00:00,34.614967,42.718838,25.851707
2033-04-23 00:00:00+00:00,34.07847,41.47301,26.119715
2033-04-24 00:00:00+00:00,31.841972,39.077183,23.787722
2033-04-25 00:00:00+00:00,31.20547,38.231358,23.605732
2033-04-26 00:00:00+00:00,34.01898,41.63553,26.473742
2033-04-27 00:00:00+00:00,35.68248,43.339703,28.341745
2033-04-28 00:00:00+00:00,35.845978,42.593876,28.609756
2033-04-29 00:00:00+00:00,33.659477,40.498043,25.627764
2033-04-30 00:00:00+00:00,34.97298,42.152218,27.295774
2033-05-01 00:00:00+00:00,33.686485,41.256393,26.413784
2033-05-02 00:00:00+00:00,34.599987,42.110565,26.531794
2033-05-03 00:00:00+00:00,34.168903,40.914192,26.818043
2033-05-04 00:00:00+00:00,32.793232,39.81727,24.27253
2033-05-05 00:00:00+00:00,32.367554,39.72034,24.327017
2033-05-06 00:00:00+00:00,33.291885,41.623417,24.231506
2033-05-07 00:00:00+00:00,34.766216,42.076496,27.735992
2033-05-08 00:00:00+00:00,35.94054,42.479572,29.49048
2033-05-09 00:00:00+00:00,33.714867,37.98265,28.194971
2033-05-10 00:00:00+00:00,32.239197,38.085728,26.249462
2033-05-11 00:00:00+00:00,35.463524,42.2888,28.703947
2033-05-12 00:00:00+00:00,37.03785,44.14188,29.55844
2033-05-13 00:00:00+00:00,36.31218,43.09496,28.212927
2033-05-14 00:00:00+00:00,35.48651,41.99803,28.617413
2033-05-15 00:00:00+00:00,36.860836,44.351112,29.071903
2033-05-16 00:00:00+00:00,36.385162,43.404186,28.17639
2033-05-17 00:00:00+00:00,35.5095,43.407265,26.730879
2033-05-18 00:00:00+00:00,34.583824,42.310337,26.835365
2033-05-19 00:00:00+00:00,33.858147,41.313416,25.839855
2033-05-20 00:00:00+00:00,33.13248,40.266495,25.444345
2033-05-21 00:00:00+00:00,31.506805,39.01957,23.848833
2033-05-22 00:00:00+00:00,31.131134,39.272648,22.653324
2033-05-23 00:00:00+00:00,34.105465,42.725723,25.70781
2033-05-24 00:00:00+00:00,37.279785,45.0788,28.7123
2033-05-25 00:00:00+00:00,36.304115,44.381878,27.516788
2033-05-26 00:00:00+00:00,35.628445,42.634956,27.871275
2033-05-27 00:00:00+00:00,34.302773,41.438026,26.225763
2033-05-28 00:00:00+00:00,33.827103,41.691113,25.530252
2033-05-29 00:00:00+00:00,34.851433,42.544178,26.784742
2033-05-30 00:00:00+00:00,35.225758,41.997257,27.68923
2033-05-31 00:00:00+00:00,32.45009,36.900337,26.693718
2033-06-01 00:00:00+00:00,29.924414,34.653416,24.298203
2033-06-02 00:00:00+00:00,30.498741,36.75649,26.152695
2033-06-03 00:00:00+00:00,32.223072,38.559563,26.757183
2033-06-04 00:00:00+00:00,35.097397,42.012646,28.51167
2033-06-05 00:00:00+00:00,35.721725,41.865723,29.41616
2033-06-06 00:00:00+00:00,34.346058,41.0188,27.120647
2033-06-07 00:00:00+00:00,33.070385,39.471874,26.625135
2033-06-08 00:00:00+00:00,32.04471,37.224953,27.179623
2033-06-09 00:00:00+00:00,33.86904,39.87803,27.734112
2033-06-10 00:00:00+00:00,33.643368,40.081104,26.638603
2033-06-11 00:00:00+00:00,32.517693,38.98418,25.343088
2033-06-12 00:00:00+00:00,32.042023,39.03726,24.24758
2033-06-13 00:00:00+00:00,31.466354,37.390335,24.752066
2033-06-14 00:00:00+00:00,31.740677,38.14341,25.106556
2033-06-15 00:00:00+00:00,33.315006,40.196487,26.061043
2033-06-16 00:00:00+00:00,33.489338,40.249565,26.465532
2033-06-17 00:00:00+00:00,32.813663,39.552643,25.670021
2033-06-18 00:00:00+00:00,33.287994,40.305717,25.62451
2033-06-19 00:00:00+00:00,34.01232,40.458794,27.029
2033-06-20 00:00:00+00:00,32.936646,38.76187,26.983486
2033-06-21 00:00:00+00:00,32.46097,39.21495,25.587973
2033-06-22 00:00:00+00:00,31.335306,38.268024,26.092464
2033-06-23 00:00:00+00:00,28.959631,34.1711,25.146954
2033-06-24 00:00:00+00:00,29.683958,35.424175,23.95144
2033-06-25 00:00:00+00:00,30.75829,37.077255,24.555927
2033-06-26 00:00:00+00:00,29.782614,36.68033,25.160416
2033-06-27 00:00:00+00:00,27.656944,30.983404,24.814903
2033-06-28 00:00:00+00:00,27.881271,32.986485,23.969393
2033-06-29 00:00:00+00:00,28.805603,34.289562,24.173883
2033-06-30 00:00:00+00:00,29.879929,35.99264,24.878368
2033-07-01 00:00:00+00:00,30.204256,36.145714,25.532858
2033-07-02 00:00:00+00:00,29.828585,34.848793,25.737347
2033-07-03 00:00:00+00:00,30.2996,35.40593,26.175423
2033-07-04 00:00:00+00:00,31.418623,36.96551,25.703651
2033-07-05 00:00:00+00:00,32.537643,38.92509,26.131872
2033-07-06 00:00:00+00:00,31.70667,38.234673,25.810097
2033-07-07 00:00:00+00:00,29.875694,38.194252,22.938324
2033-07-08 00:00:00+00:00,25.494719,28.253832,23.216549
2033-07-09 00:00:00+00:00,27.463741,32.013412,22.844776
2033-07-10 00:00:00+00:00,31.282766,36.82299,26.173002
2033-07-11 00:00:00+00:00,31.451786,37.28257,25.851227
2033-07-12 00:00:00+00:00,29.620813,35.592148,26.27945
2033-07-13 00:00:00+00:00,28.639835,32.85173,24.907675
2033-07-14 00:00:00+00:00,28.85886,33.76131,24.185902
2033-07-15 00:00:00+00:00,29.227884,34.220886,25.464127
2033-07-16 00:00:00+00:00,27.896908,32.730473,24.842354
2033-07-17 00:00:00+00:00,27.415932,31.990047,23.97058
2033-07-18 00:00:00+00:00,28.734955,33.59963,23.948801
2033-07-19 00:00:00+00:00,29.403978,34.359207,24.22703
2033-07-20 00:00:00+00:00,29.923,35.01879,24.955256
2033-07-21 00:00:00+00:00,28.442026,32.528366,25.183481
2033-07-22 00:00:00+00:00,27.61105,31.437948,24.311707
2033-07-23 00:00:00+00:00,28.230074,32.747528,24.089931
2033-07-24 00:00:00+00:00,29.599096,34.307106,24.918158
2033-07-25 00:00:00+00:00,29.91812,35.416683,25.796383
2033-07-26 00:00:00+00:00,29.337147,34.726265,25.374607
2033-07-27 00:00:00+00:00,28.05617,32.98585,25.152834
2033-07-28 00:00:00+00:00,27.425192,32.24543,24.131062
2033-07-29 00:00:00+00:00,27.394218,32.305008,24.109282
2033-07-30 00:00:00+00:00,27.363237,31.814587,24.437511
2033-07-31 00:00:00+00:00,28.332264,33.424164,24.115736
2033-08-01 00:00:00+00:00,28.201288,34.133743,24.69396
2033-08-02 00:00:00+00:00,27.770311,31.693325,24.572187
2033-08-03 00:00:00+00:00,28.039335,33.052902,24.650414
2033-08-04 00:00:00+00:00,27.258362,31.862488,24.278639
2033-08-05 00:00:00+00:00,27.927382,32.422066,23.256863
2033-08-06 00:00:00+00:00,28.646406,33.681644,25.335089
2033-08-07 00:00:00+00:00,28.01543,32.741226,24.813314
2033-08-08 00:00:00+00:00,28.184452,33.150806,24.391539
2033-08-09 00:00:00+00:00,29.953478,34.560383,25.519764
2033-08-10 00:00:00+00:00,30.622503,34.81996,26.44799
2033-08-11 00:00:00+00:00,29.391525,34.429543,26.226217
2033-08-12 00:00:00+00:00,28.510551,33.18912,25.354443
2033-08-13 00:00:00+00:00,28.379574,32.448704,24.78267
2033-08-14 00:00:00+00:00,29.398598,34.35828,24.760893
2033-08-15 00:00:00+00:00,29.517624,34.61786,25.739119
2033-08-16 00:00:00+00:00,29.286644,34.127438,26.267344
2033-08-17 00:00:00+00:00,29.155668,34.78702,25.895567
2033-08-18 00:00:00+00:00,28.27469,33.2966,25.373795
2033-08-19 00:00:00+00:00,27.693716,31.456182,24.75202
2033-08-20 00:00:00+00:00,27.06274,31.265762,23.980244
2033-08-21 00:00:00+00:00,27.981764,32.32534,24.358473
2033-08-22 00:00:00+00:00,28.300787,31.78492,25.236698
2033-08-23 00:00:00+00:00,28.169811,32.8445,25.064922
2033-08-24 00:00:00+00:00,28.388836,32.65408,24.493147
2033-08-25 00:00:00+00:00,28.357859,32.66366,24.971373
2033-08-26 00:00:00+00:00,28.226883,32.87324,24.449598
2033-08-27 00:00:00+00:00,29.345907,33.932816,24.927826
2033-08-28 00:00:00+00:00,30.11493,34.492397,26.056051
2033-08-29 00:00:00+00:00,29.083952,33.75198,26.084274
2033-08-30 00:00:00+00:00,27.952978,32.46156,25.062502
2033-08-31 00:00:00+00:00,28.722002,33.721138,24.040726
2033-09-01 00:00:00+00:00,30.191027,34.880722,26.268951
2033-09-02 00:00:00+00:00,29.545897,34.586876,26.265688
2033-09-03 00:00:00+00:00,28.096048,30.541887,26.051922
2033-09-04 00:00:00+00:00,28.996202,33.8969,24.838161
2033-09-05 00:00:00+00:00,30.296356,34.651917,26.2244
2033-09-06 00:00:00+00:00,30.496506,34.506927,26.010635
2033-09-07 00:00:00+00:00,30.696661,34.66194,26.396872
2033-09-08 00:00:00+00:00,30.646812,35.466957,26.533108
2033-09-09 00:00:00+00:00,29.446966,32.571964,27.069347
2033-09-10 00:00:00+00:00,29.797117,33.876984,25.455582
2033-09-11 00:00:00+00:00,28.997272,33.881996,25.39182
2033-09-12 00:00:00+00:00,27.147423,29.287006,25.428059
2033-09-13 00:00:00+00:00,27.147577,31.19202,24.614296
2033-09-14 00:00:00+00:00,26.84773,29.497036,24.450535
2033-09-15 00:00:00+00:00,27.497885,31.352049,24.28677
2033-09-16 00:00:00+00:00,27.598036,31.107061,24.57301
2033-09-17 00:00:00+00:00,27.648188,31.612078,24.309246
2033-09-18 00:00:00+00:00,26.998343,30.06709,24.59548
2033-09-19 00:00:00+00:00,26.598495,30.2221,23.88172
2033-09-20 00:00:00+00:00,26.798647,31.177114,23.667955
2033-09-21 00:00:00+00:00,26.948801,31.032131,23.904192
2033-09-22 00:00:00+00:00,27.048954,30.08714,24.04043
2033-09-23 00:00:00+00:00,26.899107,31.092155,23.576668
2033-09-24 00:00:00+00:00,27.54926,32.647167,23.762903
2033-09-25 00:00:00+00:00,28.799412,33.05218,24.54914
2033-09-26 00:00:00+00:00,29.149565,33.9572,25.885378
2033-09-27 00:00:00+00:00,28.099716,31.36221,25.071617
2033-09-28 00:00:00+00:00,27.34987,30.867222,24.807854
2033-09-29 00:00:00+00:00,27.65002,31.922235,23.94409
2033-09-30 00:00:00+00:00,28.750175,33.227253,24.83033
2033-10-01 00:00:00+00:00,28.850328,32.73226,24.466568
2033-10-02 00:00:00+00:00,29.000483,33.037277,24.552803
2033-10-03 00:00:00+00:00,28.700636,33.74229,24.98904
2033-10-04 00:00:00+00:00,28.600786,32.797302,24.525276
2033-10-05 00:00:00+00:00,28.60094,32.402317,24.511515
2033-10-06 00:00:00+00:00,28.551094,31.95733,25.29775
2033-10-07 00:00:00+00:00,27.151245,30.262342,24.183987
2033-10-08 00:00:00+00:00,27.0514,31.017355,23.770227
2033-10-09 00:00:00+00:00,27.101553,30.722368,23.706463
2033-10-10 00:00:00+00:00,26.801706,30.12738,23.4427
2033-10-11 00:00:00+00:00,27.251856,30.4824,24.178936
2033-10-12 00:00:00+00:00,26.902008,29.98741,24.065176
2033-10-13 00:00:00+00:00,26.552164,28.392422,24.201414
2033-10-14 00:00:00+00:00,27.452318,31.047438,23.68765
2033-10-15 00:00:00+00:00,27.952469,33.802452,22.623886
2033-10-16 00:00:00+00:00,27.802624,32.707462,22.810125
2033-10-17 00:00:00+00:00,27.202776,32.062477,21.996365
2033-10-18 00:00:00+00:00,27.202929,33.16749,20.6826
2033-10-19 00:00:00+00:00,28.053082,34.0225,21.718836
2033-10-20 00:00:00+00:00,29.003233,34.427517,23.355074
2033-10-21 00:00:00+00:00,28.703388,32.38253,24.891312
2033-10-22 00:00:00+00:00,29.553541,35.53754,23.477549
2033-10-23 00:00:00+00:00,29.453693,35.69256,23.313786
2033-10-24 00:00:00+00:00,29.953846,36.24757,23.65002
2033-10-25 00:00:00+00:00,30.503996,37.702583,24.936258
2033-10-26 00:00:00+00:00,30.204151,37.7576,23.372498
2033-10-27 00:00:00+00:00,29.704304,37.912613,22.108734
2033-10-28 00:00:00+00:00,29.404455,37.16762,21.644968
2033-10-29 00:00:00+00:00,29.654608,37.272636,22.781208
2033-10-30 00:00:00+00:00,30.204763,37.97765,22.867447
2033-10-31 00:00:00+00:00,30.054918,38.232666,23.153683
2033-11-01 00:00:00+00:00,29.705069,38.337673,21.43992
2033-11-02 00:00:00+00:00,29.328762,37.48036,21.599417
2033-11-03 00:00:00+00:00,29.348675,35.971275,22.855095
2033-11-04 00:00:00+00:00,29.368591,36.612198,22.310772
2033-11-05 00:00:00+00:00,29.738506,36.40312,24.51645
2033-11-06 00:00:00+00:00,29.158422,36.444035,22.672127
2033-11-07 00:00:00+00:00,27.878338,36.134953,20.477802
2033-11-08 00:00:00+00:00,27.89825,36.425873,19.433481
2033-11-09 00:00:00+00:00,28.068167,36.31679,19.739159
2033-11-10 00:00:00+00:00,29.088081,35.15771,22.894836
2033-11-11 00:00:00+00:00,29.107994,33.69863,24.950512
2033-11-12 00:00:00+00:00,29.72791,36.58955,24.006191
2033-11-13 00:00:00+00:00,29.697823,37.430466,23.26187
2033-11-14 00:00:00+00:00,28.867737,36.52139,22.367546
2033-11-15 00:00:00+00:00,27.937653,35.812305,21.723223
2033-11-16 00:00:00+00:00,27.457565,35.953224,19.178902
2033-11-17 00:00:00+00:00,27.627481,36.69414,20.384575
2033-11-18 00:00:00+00:00,27.847397,36.28506,19.940254
2033-11-19 00:00:00+00:00,28.367311,36.62598,21.29593
2033-11-20 00:00:00+00:00,28.537226,36.6169,22.05161
2033-11-21 00:00:00+00:00,27.957142,35.657818,21.307287
2033-11-22 00:00:00+00:00,28.027058,34.548737,22.312963
2033-11-23 00:00:00+00:00,27.296968,34.48966,20.66864
2033-11-24 00:00:00+00:00,26.316883,34.580574,17.624317
2033-11-25 00:00:00+00:00,27.436798,35.771492,19.079996
2033-11-26 00:00:00+00:00,28.806715,37.062412,22.135674
2033-11-27 00:00:00+00:00,29.376627,37.55333,22.391352
2033-11-28 00:00:00+00:00,28.596542,35.944252,22.59703
2033-11-29 00:00:00+00:00,27.516457,34.83517,21.102705
2033-11-30 00:00:00+00:00,26.636374,34.326088,20.058384
2033-12-01 00:00:00+00:00,26.206285,34.06701,19.66406
2033-12-02 00:00:00+00:00,25.776201,33.557926,19.019735
2033-12-03 00:00:00+00:00,25.696114,33.79885,18.225414
2033-12-04 00:00:00+00:00,26.666029,34.339767,19.831093
2033-12-05 00:00:00+00:00,27.485943,34.730682,21.38677
2033-12-06 00:00:00+00:00,25.65586,32.671604,19.642447
2033-12-07 00:00:00+00:00,25.425774,32.66252,18.848125
2033-12-08 00:00:00+00:00,25.945688,33.253445,19.303804
2033-12-09 00:00:00+00:00,26.3656,33.794365,19.559477
2033-12-10 00:00:00+00:00,26.13552,30.235281,22.215157
2033-12-11 00:00:00+00:00,26.155434,32.4762,19.370834
2033-12-12 00:00:00+00:00,26.725348,34.11712,20.776512
2033-12-13 00:00:00+00:00,25.84526,34.308037,18.282188
2033-12-14 00:00:00+00:00,26.065176,34.74896,18.387867
2033-12-15 00:00:00+00:00,25.685091,34.089874,18.393543
2033-12-16 00:00:00+00:00,25.505005,34.030796,17.89922
2033-12-17 00:00:00+00:00,25.324919,34.521713,16.704899
2033-12-18 00:00:00+00:00,25.194836,34.46263,16.510576
2033-12-19 00:00:00+00:00,24.91475,32.80355,16.916252
2033-12-20 00:00:00+00:00,27.784664,35.544468,20.77193
2033-12-21 00:00:00+00:00,28.904577,35.785385,23.427607
2033-12-22 00:00:00+00:00,28.174496,35.226307,21.583284
2033-12-23 00:00:00+00:00,27.094408,33.567226,21.038963
2033-12-24 00:00:00+00:00,26.364323,31.758144,21.144638
2033-12-25 00:00:00+00:00,26.684238,32.699062,21.050318
2033-12-26 00:00:00+00:00,26.854153,32.839985,21.455994
2033-12-27 00:00:00+00:00,26.224066,32.980904,19.91167
2033-12-28 00:00:00+00:00,25.49398,32.871822,18.817348
2033-12-29 00:00:00+00:00,25.963894,33.412743,19.773026
2033-12-30 00:00:00+00:00,26.433811,34.553658,19.028706
2033-12-31 00:00:00+00:00,26.803726,33.54458,21.084381
2034-01-01 00:00:00+00:00,26.073639,33.135498,19.440058
2034-01-02 00:00:00+00:00,25.59672,33.322735,18.197422
2034-01-03 00:00:00+00:00,25.019798,32.659977,17.754786
2034-01-04 00:00:00+00:00,24.692875,32.547215,17.462147
2034-01-05 00:00:00+00:00,25.065954,32.634453,18.269508
2034-01-06 00:00:00+00:00,24.289032,31.77169,17.476871
2034-01-07 00:00:00+00:00,24.162111,31.908932,16.984236
2034-01-08 00:00:00+00:00,24.235191,32.04617,16.741598
2034-01-09 00:00:00+00:00,25.358267,32.48341,18.74896
2034-01-10 00:00:00+00:00,25.331347,33.320644,18.006323
2034-01-11 00:00:00+00:00,26.204428,34.307884,18.313686
2034-01-12 00:00:00+00:00,25.577507,34.09512,17.571047
2034-01-13 00:00:00+00:00,24.900585,30.18236,19.878412
2034-01-14 00:00:00+00:00,24.973663,32.1696,18.585773
2034-01-15 00:00:00+00:00,25.496742,33.05684,18.443136
2034-01-16 00:00:00+00:00,24.919819,32.24408,18.6505
2034-01-17 00:00:00+00:00,24.342897,31.431316,18.10786
2034-01-18 00:00:00+00:00,24.715979,32.968555,16.965223
2034-01-19 00:00:00+00:00,25.439054,34.155796,17.572586
2034-01-20 00:00:00+00:00,26.562136,35.393036,18.479948
2034-01-21 00:00:00+00:00,27.535213,36.280266,19.787313
2034-01-22 00:00:00+00:00,27.558292,35.81751,19.844675
2034-01-23 00:00:00+00:00,26.931374,35.35475,19.102037
2034-01-24 00:00:00+00:00,27.10445,35.541992,19.2594
2034-01-25 00:00:00+00:00,26.97753,34.729225,19.766764
2034-01-26 00:00:00+00:00,26.95061,34.916462,19.424128
2034-01-27 00:00:00+00:00,27.723686,36.2037,20.031488
2034-01-28 00:00:00+00:00,27.146765,34.990944,19.73885
2034-01-29 00:00:00+00:00,26.819843,35.42818,18.896214
2034-01-30 00:00:00+00:00,27.242922,35.81542,19.303577
2034-01-31 00:00:00+00:00,27.566004,36.102657,19.860939
2034-02-01 00:00:00+00:00,27.789082,36.1899,19.968302
2034-02-02 00:00:00+00:00,28.212156,36.527138,20.325663
2034-02-03 00:00:00+00:00,28.435238,37.064373,20.433027
2034-02-04 00:00:00+00:00,28.708317,37.251614,20.690392
2034-02-05 00:00:00+00:00,28.481396,36.78885,20.497753
2034-02-06 00:00:00+00:00,28.004475,36.176094,19.905115
2034-02-07 00:00:00+00:00,27.827553,36.21333,19.612476
2034-02-08 00:00:00+00:00,28.50063,37.200565,19.66984
2034-02-09 00:00:00+00:00,30.07371,38.18781,22.627203
2034-02-10 00:00:00+00:00,29.796785,38.025043,21.884565
2034-02-11 00:00:00+00:00,28.369871,36.312286,20.841928
2034-02-12 00:00:00+00:00,27.542948,36.09952,19.449291
2034-02-13 00:00:00+00:00,28.416025,37.236763,20.206654
2034-02-14 00:00:00+00:00,29.439102,37.324,21.714016
2034-02-15 00:00:00+00:00,29.612183,36.86124,21.821379
2034-02-16 00:00:00+00:00,29.935263,38.248478,21.72874
2034-02-17 00:00:00+00:00,29.75834,37.985718,21.436102
2034-02-18 00:00:00+00:00,30.131422,38.422955,21.643469
2034-02-19 00:00:00+00:00,30.704498,39.360195,22.250832
2034-02-20 00:00:00+00:00,31.177574,39.89743,22.808193
2034-02-21 00:00:00+00:00,29.900656,38.28467,21.815556
2034-02-22 00:00:00+00:00,27.873734,35.171913,20.472916
2034-02-23 00:00:00+00:00,27.546814,36.209152,19.580282
2034-02-24 00:00:00+00:00,28.719894,37.24639,20.387642
2034-02-25 00:00:00+00:00,30.14297,38.933628,21.295006
2034-02-26 00:00:00+00:00,30.616047,39.22086,22.20237
2034-02-27 00:00:00+00:00,31.589127,39.858105,23.00973
2034-02-28 00:00:00+00:00,33.312202,41.74534,25.117094
2034-03-01 00:00:00+00:00,33.385284,41.382576,25.874454
2034-03-02 00:00:00+00:00,31.808367,40.569824,22.73182
2034-03-03 00:00:00+00:00,33.336494,41.659176,25.396763
2034-03-04 00:00:00+00:00,31.099998,39.063347,23.464771
2034-03-05 00:00:00+00:00,30.763498,38.91752,23.332779
2034-03-06 00:00:00+00:00,29.627005,36.871693,22.850788
2034-03-07 00:00:00+00:00,28.5405,34.475864,22.418797
2034-03-08 00:00:00+00:00,29.154007,37.13004,21.136806
2034-03-09 00:00:00+00:00,28.167505,36.284214,19.954815
2034-03-10 00:00:00+00:00,28.38101,36.58838,20.122826
2034-03-11 00:00:00+00:00,29.49451,37.792553,20.990833
2034-03-12 00:00:00+00:00,30.358011,39.196724,21.208843
2034-03-13 00:00:00+00:00,31.821516,39.7509,23.87685
2034-03-14 00:00:00+00:00,29.135014,37.00507,20.944862
2034-03-15 00:00:00+00:00,27.198517,34.70924,19.412868
2034-03-16 00:00:00+00:00,29.31202,37.213417,21.23088
2034-03-17 00:00:00+00:00,31.925522,40.06759,24.148886
2034-03-18 00:00:00+00:00,30.589024,38.521763,22.816893
2034-03-19 00:00:00+00:00,29.252527,37.175934,21.084904
2034-03-20 00:00:00+00:00,30.26603,37.430107,23.602911
2034-03-21 00:00:00+00:00,30.979527,38.58428,24.220922
2034-03-22 00:00:00+00:00,30.643036,38.43845,22.738928
2034-03-23 00:00:00+00:00,31.906532,40.54262,23.60694
2034-03-24 00:00:00+00:00,32.520035,40.646797,24.624949
2034-03-25 00:00:00+00:00,32.683537,40.80097,24.192957
2034-03-26 00:00:00+00:00,32.74704,40.905144,25.160967
2034-03-27 00:00:00+00:00,32.31054,40.709312,23.878975
2034-03-28 00:00:00+00:00,32.074043,40.41349,23.746984
2034-03-29 00:00:00+00:00,32.237545,40.817654,23.564991
2034-03-30 00:00:00+00:00,34.251045,42.07183,25.933002
2034-03-31 00:00:00+00:00,33.86455,39.876,27.45101
2034-04-01 00:00:00+00:00,32.87805,40.080173,25.969019
2034-04-02 00:00:00+00:00,30.241552,36.63435,24.087027
2034-04-03 00:00:00+00:00,31.055054,38.28852,23.955034
2034-04-04 00:00:00+00:00,31.768559,39.492695,23.873043
2034-04-05 00:00:00+00:00,32.882057,40.996864,24.441051
2034-04-06 00:00:00+00:00,32.94556,40.601032,25.059061
2034-04-07 00:00:00+00:00,32.809063,40.70521,24.67707
2034-04-08 00:00:00+00:00,33.172565,40.859383,25.44508
2034-04-09 00:00:00+00:00,33.78607,41.263557,26.213089
2034-04-10 00:00:00+00:00,34.099567,41.66773,26.1311
2034-04-11 00:00:00+00:00,34.563072,42.0719,26.899107
2034-04-12 00:00:00+00:00,34.97657,42.576073,26.917116
2034-04-13 00:00:00+00:00,35.540073,43.280247,27.535122
2034-04-14 00:00:00+00:00,36.35358,44.13442,28.553133
2034-04-15 00:00:00+00:00,35.76708,43.438587,27.87114
2034-04-16 00:00:00+00:00,35.43058,43.392765,27.48915
2034-04-17 00:00:00+00:00,34.444084,41.996937,26.257158
2034-04-18 00:00:00+00:00,33.907585,41.851105,25.975164
2034-04-19 00:00:00+00:00,34.321083,42.455276,25.693174
2034-04-20 00:00:00+00:00,35.834583,42.95945,27.861185
2034-04-21 00:00:00+00:00,36.798088,43.813625,29.379194
2034-04-22 00:00:00+00:00,36.011593,43.667793,28.2472
2034-04-23 00:00:00+00:00,36.075092,43.521973,28.56521
2034-04-24 00:00:00+00:00,34.988598,42.376144,27.533218
2034-04-25 00:00:00+00:00,34.052094,40.930313,26.901228
2034-04-26 00:00:00+00:00,33.4656,40.134487,26.169237
2034-04-27 00:00:00+00:00,34.179104,40.888657,26.637243
2034-04-28 00:00:00+00:00,35.4926,42.742832,27.755255
2034-04-29 00:00:00+00:00,34.906105,41.947,27.273262
2034-04-30 00:00:00+00:00,34.269604,41.701176,26.491274
2034-05-01 00:00:00+00:00,34.23311,41.75535,26.409279
2034-05-02 00:00:00+00:00,35.09661,43.05952,26.627289
2034-05-03 00:00:00+00:00,36.21282,44.763416,26.85442
2034-05-04 00:00:00+00:00,35.38715,41.216496,28.408909
2034-05-05 00:00:00+00:00,36.46148,43.71957,29.013395
2034-05-06 00:00:00+00:00,34.685806,42.922646,25.667885
2034-05-07 00:00:00+00:00,34.410133,42.275726,26.272373
2034-05-08 00:00:00+00:00,32.884457,40.328804,25.12686
2034-05-09 00:00:00+00:00,33.80879,41.631886,25.531347
2034-05-10 00:00:00+00:00,35.383114,42.934956,27.535837
2034-05-11 00:00:00+00:00,35.607445,43.388035,27.740326
2034-05-12 00:00:00+00:00,36.231773,44.69111,27.894815
2034-05-13 00:00:00+00:00,37.756096,46.24419,29.149303
2034-05-14 00:00:00+00:00,34.380432,42.097263,25.853792
2034-05-15 00:00:00+00:00,33.054756,40.700344,24.90828
2034-05-16 00:00:00+00:00,31.379086,39.203415,22.962767
2034-05-17 00:00:00+00:00,31.803411,40.606495,22.817255
2034-05-18 00:00:00+00:00,33.02774,41.009567,24.871744
2034-05-19 00:00:00+00:00,34.00207,42.312645,25.826233
2034-05-20 00:00:00+00:00,38.026398,46.115726,29.83072
2034-05-21 00:00:00+00:00,37.550724,44.368805,29.88521
2034-05-22 00:00:00+00:00,35.175053,43.37188,26.289701
2034-05-23 00:00:00+00:00,34.69938,42.274952,26.244186
2034-05-24 00:00:00+00:00,33.77371,41.678032,25.298676
2034-05-25 00:00:00+00:00,33.598034,41.38111,25.203165
2034-05-26 00:00:00+00:00,34.022366,40.584183,26.357655
2034-05-27 00:00:00+00:00,34.696693,41.037262,27.06214
2034-05-28 00:00:00+00:00,36.17102,43.14034,28.366629
2034-05-29 00:00:00+00:00,36.245346,43.143417,29.32112
2034-05-30 00:00:00+00:00,35.26968,42.24649,28.125607
2034-05-31 00:00:00+00:00,34.894005,42.199566,27.130095
2034-06-01 00:00:00+00:00,33.818333,41.702644,25.834585
2034-06-02 00:00:00+00:00,32.942665,40.955723,24.539072
2034-06-03 00:00:00+00:00,32.416985,40.608795,23.743559
2034-06-04 00:00:00+00:00,32.091316,40.461872,23.148048
2034-06-05 00:00:00+00:00,32.765648,40.66495,23.952538
2034-06-06 00:00:00+00:00,32.839973,40.368027,24.557022
2034-06-07 00:00:00+00:00,31.8643,39.321102,24.111515
2034-06-08 00:00:00+00:00,30.788631,38.374176,23.116003
2034-06-09 00:00:00+00:00,30.462955,37.627254,23.17049
2034-06-10 00:00:00+00:00,31.587284,38.780334,24.17498
2034-06-11 00:00:00+00:00,32.061615,39.28341,24.02947
2034-06-12 00:00:00+00:00,31.585945,37.036488,25.883957
2034-06-13 00:00:00+00:00,32.06027,38.389565,25.838446
2034-06-14 00:00:00+00:00,33.734596,40.592644,26.342934
2034-06-15 00:00:00+00:00,34.558926,41.145718,27.597424
2034-06-16 00:00:00+00:00,33.533253,40.348793,26.10191
2034-06-17 00:00:00+00:00,32.20758,38.951874,24.906397
2034-06-18 00:00:00+00:00,32.33191,39.40495,25.510887
2034-06-19 00:00:00+00:00,31.656237,38.458027,24.665377
2034-06-20 00:00:00+00:00,33.330566,40.4111,25.969866
2034-06-21 00:00:00+00:00,33.904892,40.56418,26.974354
2034-06-22 00:00:00+00:00,34.12922,40.367256,27.82884
2034-06-23 00:00:00+00:00,33.453552,39.17033,27.38333
2034-06-24 00:00:00+00:00,32.227875,36.92341,26.93782
2034-06-25 00:00:00+00:00,33.602207,39.226486,27.64231
2034-06-26 00:00:00+00:00,33.926537,40.92956,27.396793
2034-06-27 00:00:00+00:00,32.200867,38.73264,25.151283
2034-06-28 00:00:00+00:00,31.475193,37.985718,24.855772
2034-06-29 00:00:00+00:00,31.599518,38.238796,25.01026
2034-06-30 00:00:00+00:00,31.423847,38.141865,24.91475
2034-07-01 00:00:00+00:00,31.748173,38.194946,25.51924
2034-07-02 00:00:00+00:00,31.322504,37.79802,24.873726
2034-07-03 00:00:00+00:00,31.794842,37.703537,25.518364
2034-07-04 00:00:00+00:00,33.513866,39.663116,27.146591
2034-07-05 00:00:00+00:00,32.832886,39.0727,26.324816
2034-07-06 00:00:00+00:00,33.801914,39.432278,27.603043
2034-07-07 00:00:00+00:00,33.52094,38.291855,28.931269
2034-07-08 00:00:00+00:00,33.38996,38.651436,28.559492
2034-07-09 00:00:00+00:00,33.40898,39.511013,27.487719
2034-07-10 00:00:00+00:00,31.12801,37.470596,24.765944
2034-07-11 00:00:00+00:00,32.89703,38.380177,27.39417
2034-07-12 00:00:00+00:00,32.86606,38.889755,27.372396
2034-07-13 00:00:00+00:00,32.135082,38.899334,25.45062
2034-07-14 00:00:00+00:00,30.854103,35.308914,26.928846
2034-07-15 00:00:00+00:00,30.423128,36.018494,25.85707
2034-07-16 00:00:00+00:00,27.942152,32.228077,23.2853
2034-07-17 00:00:00+00:00,30.661177,35.737656,25.563524
2034-07-18 00:00:00+00:00,30.580198,35.497234,25.741749
2034-07-19 00:00:00+00:00,30.749224,35.956814,26.069973
2034-07-20 00:00:00+00:00,28.218248,31.766392,23.6482
2034-07-21 00:00:00+00:00,31.03727,36.125973,26.376425
2034-07-22 00:00:00+00:00,33.556293,39.085552,28.15465
2034-07-23 00:00:00+00:00,32.72532,38.595135,26.632875
2034-07-24 00:00:00+00:00,31.99434,38.15471,25.7111
2034-07-25 00:00:00+00:00,31.963364,37.76429,25.93933
2034-07-26 00:00:00+00:00,32.68239,38.773872,27.017551
2034-07-27 00:00:00+00:00,31.751411,38.433453,25.395777
2034-07-28 00:00:00+00:00,29.970436,34.04303,24.574001
2034-07-29 00:00:00+00:00,32.13946,37.35261,27.102228
2034-07-30 00:00:00+00:00,32.958485,38.31219,27.580456
2034-07-31 00:00:00+00:00,32.42751,37.42177,27.30868
2034-08-01 00:00:00+00:00,32.59653,38.331352,26.786905
2034-08-02 00:00:00+00:00,32.465553,38.24093,26.465132
2034-08-03 00:00:00+00:00,31.83458,37.70051,25.393354
2034-08-04 00:00:00+00:00,31.603601,36.160088,26.62158
2034-08-05 00:00:00+00:00,32.222626,37.46967,26.799809
2034-08-06 00:00:00+00:00,31.741653,37.229248,26.278032
2034-08-07 00:00:00+00:00,32.310677,38.68883,25.906258
2034-08-08 00:00:00+00:00,32.4797,38.69841,26.284483
2034-08-09 00:00:00+00:00,32.348724,38.607994,26.21271
2034-08-10 00:00:00+00:00,31.967743,37.517563,26.490936
2034-08-11 00:00:00+00:00,32.386772,38.47715,26.01916
2034-08-12 00:00:00+00:00,32.355797,37.68673,26.647383
2034-08-13 00:00:00+00:00,32.324814,37.19631,28.075611
2034-08-14 00:00:00+00:00,32.04384,36.655888,27.953835
2034-08-15 00:00:00+00:00,31.312862,36.96547,27.282063
2034-08-16 00:00:00+00:00,32.731888,37.675045,28.460287
2034-08-17 00:00:00+00:00,31.800915,36.734627,27.238512
2034-08-18 00:00:00+00:00,31.869934,36.94421,27.016739
2034-08-19 00:00:00+00:00,33.33896,38.603783,28.244965
2034-08-20 00:00:00+00:00,35.15798,41.113365,29.02319
2034-08-21 00:00:00+00:00,33.727005,39.82295,27.701416
2034-08-22 00:00:00+00:00,32.59603,38.932526,27.57964
2034-08-23 00:00:00+00:00,31.265057,36.192104,27.957865
2034-08-24 00:00:00+00:00,32.134083,37.251686,27.986092
2034-08-25 00:00:00+00:00,33.2531,38.511265,28.364317
2034-08-26 00:00:00+00:00,32.72213,38.270847,27.692543
2034-08-27 00:00:00+00:00,33.09115,38.580425,27.320766
2034-08-28 00:00:00+00:00,31.660175,38.090004,27.098993
2034-08-29 00:00:00+00:00,29.8792,34.99958,26.52722
2034-08-30 00:00:00+00:00,31.498222,36.359165,26.655445
2034-08-31 00:00:00+00:00,32.467247,37.118744,27.68367
2034-09-01 00:00:00+00:00,31.036268,35.17832,26.711893
2034-09-02 00:00:00+00:00,31.99586,37.13562,27.719124
2034-09-03 00:00:00+00:00,30.546013,36.990635,26.455364
2034-09-04 00:00:00+00:00,26.546164,28.995644,24.241602
2034-09-05 00:00:00+00:00,26.596317,30.000656,23.727839
2034-09-06 00:00:00+00:00,29.096468,32.755672,25.264076
2034-09-07 00:00:00+00:00,30.39662,35.560684,27.100313
2034-09-08 00:00:00+00:00,29.846775,34.3157,26.78655
2034-09-09 00:00:00+00:00,28.69693,32.320713,25.872787
2034-09-10 00:00:00+00:00,27.497082,30.62573,25.109024
2034-09-11 00:00:00+00:00,28.747234,33.43074,24.14526
2034-09-12 00:00:00+00:00,30.897385,35.435757,26.0315
2034-09-13 00:00:00+00:00,32.04754,36.64077,27.617737
2034-09-14 00:00:00+00:00,30.49769,35.845776,26.903973
2034-09-15 00:00:00+00:00,29.547848,33.400795,25.940212
2034-09-16 00:00:00+00:00,30.097998,34.95581,25.776447
2034-09-17 00:00:00+00:00,30.748152,35.510822,27.062685
2034-09-18 00:00:00+00:00,29.898302,33.715836,26.298923
2034-09-19 00:00:00+00:00,30.948456,35.62085,25.935162
2034-09-20 00:00:00+00:00,32.048607,38.175865,27.071398
2034-09-21 00:00:00+00:00,32.848763,38.380875,28.357634
2034-09-22 00:00:00+00:00,32.098915,36.585888,27.59387
2034-09-23 00:00:00+00:00,31.949066,37.2909,26.73011
2034-09-24 00:00:00+00:00,31.299221,36.645912,27.616344
2034-09-25 00:00:00+00:00,32.399372,37.800926,27.302586
2034-09-26 00:00:00+00:00,32.899525,38.15594,27.738821
2034-09-27 00:00:00+00:00,32.39968,37.660957,27.075058
2034-09-28 00:00:00+00:00,33.09983,38.765972,27.361294
2034-09-29 00:00:00+00:00,33.999985,38.670982,29.247532
2034-09-30 00:00:00+00:00,34.40014,40.675995,28.883768
2034-10-01 00:00:00+00:00,34.300293,39.83101,28.670008
2034-10-02 00:00:00+00:00,34.400444,40.036026,29.056244
2034-10-03 00:00:00+00:00,34.450592,40.191032,28.692482
2034-10-04 00:00:00+00:00,35.55075,41.346046,29.92872
2034-10-05 00:00:00+00:00,35.850903,40.601063,30.864958
2034-10-06 00:00:00+00:00,35.251057,40.856075,30.251194
2034-10-07 00:00:00+00:00,33.901207,39.01109,29.83743
2034-10-08 00:00:00+00:00,32.251366,37.266106,27.973665
2034-10-09 00:00:00+00:00,32.851517,38.27112,27.459904
2034-10-10 00:00:00+00:00,34.201664,39.426125,28.646141
2034-10-11 00:00:00+00:00,35.55182,41.481144,29.53238
2034-10-12 00:00:00+00:00,35.601974,41.186153,30.068617
2034-10-13 00:00:00+00:00,33.602127,40.19117,29.854853
2034-10-14 00:00:00+00:00,33.95228,39.546185,28.841091
2034-10-15 00:00:00+00:00,34.95243,40.601196,29.327328
2034-10-16 00:00:00+00:00,33.852585,38.55621,28.263565
2034-10-17 00:00:00+00:00,35.352737,41.061226,29.4498
2034-10-18 00:00:00+00:00,35.90289,41.866238,29.586039
2034-10-19 00:00:00+00:00,35.45304,42.07125,28.722279
2034-10-20 00:00:00+00:00,35.353195,42.076263,28.108517
2034-10-21 00:00:00+00:00,34.903347,41.481274,27.694752
2034-10-22 00:00:00+00:00,35.4535,41.836292,28.630987
2034-10-23 00:00:00+00:00,36.053658,42.5413,28.967226
2034-10-24 00:00:00+00:00,36.003807,42.546314,28.903463
2034-10-25 00:00:00+00:00,35.20396,42.001328,28.639702
2034-10-26 00:00:00+00:00,34.504116,42.156345,25.92594
2034-10-27 00:00:00+00:00,33.804264,39.86136,28.012173
2034-10-28 00:00:00+00:00,34.05442,40.96637,27.748411
2034-10-29 00:00:00+00:00,34.85457,43.171387,26.73465
2034-10-30 00:00:00+00:00,35.004726,43.276394,26.220888
2034-10-31 00:00:00+00:00,34.30488,40.83141,27.457123
2034-11-01 00:00:00+00:00,34.90503,41.186424,28.59336
2034-11-02 00:00:00+00:00,35.036285,43.032627,27.610497
2034-11-03 00:00:00+00:00,33.7562,42.073544,25.166176
2034-11-04 00:00:00+00:00,33.476112,41.46447,25.02185
2034-11-05 00:00:00+00:00,33.99603,42.205383,25.57753
2034-11-06 00:00:00+00:00,33.665943,41.296303,26.583208
2034-11-07 00:00:00+00:00,32.785854,39.73722,26.388885
2034-11-08 00:00:00+00:00,33.505768,39.828144,27.494562
2034-11-09 00:00:00+00:00,34.27569,41.619064,26.700241
2034-11-10 00:00:00+00:00,33.1456,41.40998,25.105915
2034-11-11 00:00:00+00:00,33.365517,41.300903,26.011595
2034-11-12 00:00:00+00:00,33.03543,40.491817,25.867271
2034-11-13 00:00:00+00:00,32.655346,41.282738,25.07295
2034-11-14 00:00:00+00:00,32.77526,42.02366,24.278625
2034-11-15 00:00:00+00:00,33.295174,42.064575,26.084305
2034-11-16 00:00:00+00:00,31.215088,38.805496,24.089981
2034-11-17 00:00:00+00:00,30.235004,39.496414,22.145658
2034-11-18 00:00:00+00:00,31.704918,40.587334,23.601336
2034-11-19 00:00:00+00:00,32.074833,40.228252,25.357014
2034-11-20 00:00:00+00:00,31.144745,39.369167,24.062689
2034-11-21 00:00:00+00:00,30.41466,39.26009,22.318369
2034-11-22 00:00:00+00:00,30.134575,38.90101,22.224045
2034-11-23 00:00:00+00:00,30.054491,38.641926,21.579723
2034-11-24 00:00:00+00:00,30.274405,38.682846,21.7354
2034-11-25 00:00:00+00:00,30.444319,36.37376,24.99108
2034-11-26 00:00:00+00:00,30.464235,38.414684,22.196756
2034-11-27 00:00:00+00:00,30.88415,38.5556,24.102432
2034-11-28 00:00:00+00:00,30.954065,38.746525,23.458107
2034-11-29 00:00:00+00:00,29.97398,37.737442,22.313787
2034-11-30 00:00:00+00:00,29.793892,37.47836,22.569464
2034-12-01 00:00:00+00:00,29.363806,37.06928,22.175142
2034-12-02 00:00:00+00:00,30.13372,38.060196,22.33082
2034-12-03 00:00:00+00:00,30.953638,37.45112,24.936497
2034-12-04 00:00:00+00:00,31.923552,39.542038,24.992174
2034-12-05 00:00:00+00:00,31.643467,38.982952,24.89785
2034-12-06 00:00:00+00:00,30.91338,38.62387,23.603527
2034-12-07 00:00:00+00:00,29.233297,35.71479,22.459206
2034-12-08 00:00:00+00:00,29.603212,36.355717,24.264883
2034-12-09 00:00:00+00:00,29.573126,37.046635,23.270561
2034-12-10 00:00:00+00:00,29.89304,36.78755,24.126236
2034-12-11 00:00:00+00:00,29.162954,36.22847,22.881914
2034-12-12 00:00:00+00:00,26.88287,33.419388,21.037592
2034-12-13 00:00:00+00:00,25.602785,33.110306,18.69327
2034-12-14 00:00:00+00:00,26.2727,34.351227,18.498945
2034-12-15 00:00:00+00:00,27.49261,35.49215,19.754623
2034-12-16 00:00:00+00:00,28.312523,36.233067,21.110302
2034-12-17 00:00:00+00:00,27.632444,34.823982,21.41598
2034-12-18 00:00:00+00:00,26.702358,34.714905,19.471657
2034-12-19 00:00:00+00:00,27.072271,35.60582,19.427334
2034-12-20 00:00:00+00:00,27.792185,35.896736,20.43301
2034-12-21 00:00:00+00:00,27.312101,35.087658,20.13869
2034-12-22 00:00:00+00:00,26.982016,34.678577,19.794365
2034-12-23 00:00:00+00:00,27.50193,34.369495,21.300043
2034-12-24 00:00:00+00:00,26.721844,31.660414,21.85572
2034-12-25 00:00:00+00:00,27.491756,33.651333,22.1614
2034-12-26 00:00:00+00:00,25.911674,31.592257,20.967075
2034-12-27 00:00:00+00:00,26.63159,33.983173,20.52275
2034-12-28 00:00:00+00:00,26.701502,33.724094,20.17843
2034-12-29 00:00:00+00:00,27.121416,35.115013,19.834106
2034-12-30 00:00:00+00:00,27.491331,35.70593,19.989784
2034-12-31 00:00:00+00:00,27.961248,35.54685,21.74546
2035-01-01 00:00:00+00:00,27.781162,35.237766,20.65114
2035-01-02 00:00:00+00:00,27.503448,35.525925,20.40808
2035-01-03 00:00:00+00:00,27.476528,35.613167,20.165443
2035-01-04 00:00:00+00:00,27.449606,35.4504,20.072805
2035-01-05 00:00:00+00:00,26.772686,33.38764,20.93017
2035-01-06 00:00:00+00:00,25.245764,31.72488,18.887531
2035-01-07 00:00:00+00:00,23.368843,30.262121,16.444891
2035-01-08 00:00:00+00:00,21.991919,28.899357,15.602256
2035-01-09 00:00:00+00:00,21.265001,27.586597,14.759618
2035-01-10 00:00:00+00:00,21.188078,28.073837,14.616981
2035-01-11 00:00:00+00:00,21.211159,28.861073,14.174344
2035-01-12 00:00:00+00:00,21.884235,29.298313,14.831706
2035-01-13 00:00:00+00:00,21.707315,28.985554,14.83907
2035-01-14 00:00:00+00:00,22.030394,29.822788,14.696431
2035-01-15 00:00:00+00:00,22.903473,31.010033,15.253797
2035-01-16 00:00:00+00:00,23.976551,31.797268,16.511158
2035-01-17 00:00:00+00:00,26.999628,36.334507,18.518518
2035-01-18 00:00:00+00:00,28.122707,36.671745,20.025885
2035-01-19 00:00:00+00:00,28.045788,36.408985,20.183243
2035-01-20 00:00:00+00:00,27.718868,35.146225,20.440609
2035-01-21 00:00:00+00:00,27.391945,33.883465,21.347971
2035-01-22 00:00:00+00:00,26.415024,33.7707,19.405334
2035-01-23 00:00:00+00:00,26.238102,33.95794,19.062698
2035-01-24 00:00:00+00:00,27.061182,35.04518,19.420057
2035-01-25 00:00:00+00:00,27.184258,35.232418,19.377422
2035-01-26 00:00:00+00:00,27.307339,34.019657,20.684786
2035-01-27 00:00:00+00:00,27.430418,33.10689,21.492147
2035-01-28 00:00:00+00:00,27.603495,35.744133,20.09951
2035-01-29 00:00:00+00:00,27.576572,35.531372,20.206875
2035-01-30 00:00:00+00:00,27.749655,35.468616,21.014236
2035-01-31 00:00:00+00:00,26.77273,33.805847,20.371597
2035-02-01 00:00:00+00:00,25.24581,32.39309,18.17896
2035-02-02 00:00:00+00:00,24.91889,32.580326,17.336325
2035-02-03 00:00:00+00:00,25.991968,34.217564,17.893686
2035-02-04 00:00:00+00:00,26.615047,33.6048,20.65105
2035-02-05 00:00:00+00:00,26.488127,33.39204,20.308409
2035-02-06 00:00:00+00:00,25.561205,32.729282,18.815777
2035-02-07 00:00:00+00:00,23.884283,30.66652,17.573137
2035-02-08 00:00:00+00:00,23.307362,30.503757,16.2305
2035-02-09 00:00:00+00:00,24.08044,30.690998,17.637863
2035-02-10 00:00:00+00:00,24.80352,31.928238,18.295227
2035-02-11 00:00:00+00:00,25.476595,33.115475,18.402588
2035-02-12 00:00:00+00:00,24.84968,32.70271,17.309952
2035-02-13 00:00:00+00:00,24.172754,31.58995,17.067314
2035-02-14 00:00:00+00:00,24.545837,32.627193,16.774675
2035-02-15 00:00:00+00:00,25.218912,32.76443,17.632038
2035-02-16 00:00:00+00:00,26.691992,33.951668,19.639402
2035-02-17 00:00:00+00:00,28.16507,36.688908,19.746763
2035-02-18 00:00:00+00:00,29.788149,38.176144,21.154129
2035-02-19 00:00:00+00:00,30.41123,38.213387,23.26149
2035-02-20 00:00:00+00:00,30.484304,38.60062,22.968853
2035-02-21 00:00:00+00:00,29.007383,35.587864,22.776215
2035-02-22 00:00:00+00:00,27.380465,34.2251,19.833578
2035-02-23 00:00:00+00:00,27.803545,35.16234,20.54094
2035-02-24 00:00:00+00:00,27.726624,35.449577,19.998302
2035-02-25 00:00:00+00:00,28.9997,37.18682,21.405666
2035-02-26 00:00:00+00:00,29.37278,37.674057,20.96303
2035-02-27 00:00:00+00:00,30.395859,39.01129,21.670391
2035-02-28 00:00:00+00:00,30.16894,38.148533,22.377754
2035-03-01 00:00:00+00:00,28.442015,36.43577,20.685116
2035-03-02 00:00:00+00:00,29.165092,37.57301,20.942476
2035-03-03 00:00:00+00:00,31.338175,40.010246,22.999844
2035-03-04 00:00:00+00:00,31.746622,39.512306,24.210268
2035-03-05 00:00:00+00:00,31.460121,38.966473,24.078276
2035-03-06 00:00:00+00:00,30.873625,39.170647,22.946287
2035-03-07 00:00:00+00:00,31.687126,40.17482,23.564295
2035-03-08 00:00:00+00:00,32.15063,40.328995,23.932302
2035-03-09 00:00:00+00:00,32.06413,40.383163,23.850313
2035-03-10 00:00:00+00:00,31.377634,39.18734,23.868322
2035-03-11 00:00:00+00:00,31.241135,39.34151,23.736332
2035-03-12 00:00:00+00:00,31.204636,37.695686,23.70434
2035-03-13 00:00:00+00:00,32.018143,39.84986,24.52235
2035-03-14 00:00:00+00:00,31.48164,39.804028,23.19036
2035-03-15 00:00:00+00:00,30.645142,39.358204,22.308367
2035-03-16 00:00:00+00:00,29.658644,38.262375,20.97638
2035-03-17 00:00:00+00:00,31.922146,40.616547,23.344381
2035-03-18 00:00:00+00:00,33.435646,41.370716,25.212393
2035-03-19 00:00:00+00:00,33.499153,41.02489,26.080399
2035-03-20 00:00:00+00:00,33.512653,41.779064,25.34841
2035-03-21 00:00:00+00:00,32.72615,41.48324,23.916418
2035-03-22 00:00:00+00:00,32.989655,41.987408,24.034426
2035-03-23 00:00:00+00:00,35.25316,44.291576,26.652437
2035-03-24 00:00:00+00:00,33.86666,41.245754,25.270443
2035-03-25 00:00:00+00:00,34.330166,42.249924,26.138456
2035-03-26 00:00:00+00:00,31.643665,39.704098,22.506462
2035-03-27 00:00:00+00:00,32.057167,40.20827,23.024471
2035-03-28 00:00:00+00:00,31.92067,40.262444,22.49248
2035-03-29 00:00:00+00:00,31.234173,39.36661,21.810488
2035-03-30 00:00:00+00:00,32.747673,40.670788,23.978498
2035-03-31 00:00:00+00:00,33.061172,40.62496,24.996506
2035-04-01 00:00:00+00:00,33.474678,41.579136,24.714514
2035-04-02 00:00:00+00:00,33.93818,41.233303,25.982525
2035-04-03 00:00:00+00:00,31.75168,39.487476,22.750532
2035-04-04 00:00:00+00:00,31.265182,39.49165,21.918541
2035-04-05 00:00:00+00:00,31.228687,39.945824,21.88655
2035-04-06 00:00:00+00:00,32.342186,40.999996,23.50456
2035-04-07 00:00:00+00:00,33.905685,42.20417,25.072569
2035-04-08 00:00:00+00:00,33.41919,41.308342,24.540579
2035-04-09 00:00:00+00:00,32.832695,41.41251,24.108587
2035-04-10 00:00:00+00:00,31.246191,39.066685,23.276594
2035-04-11 00:00:00+00:00,29.25969,36.820858,21.394604
2035-04-12 00:00:00+00:00,29.373198,37.17503,21.262613
2035-04-13 00:00:00+00:00,31.186699,38.629204,23.530622
2035-04-14 00:00:00+00:00,32.8502,40.633373,24.598629
2035-04-15 00:00:00+00:00,34.963703,42.98755,26.66664
2035-04-16 00:00:00+00:00,35.6772,43.24172,27.684647
2035-04-17 00:00:00+00:00,34.39071,41.59589,26.952654
2035-04-18 00:00:00+00:00,35.30421,42.500065,28.170664
2035-04-19 00:00:00+00:00,34.91771,42.504242,26.988672
2035-04-20 00:00:00+00:00,32.681213,40.208412,24.756683
2035-04-21 00:00:00+00:00,32.244713,40.31258,23.874693
2035-04-22 00:00:00+00:00,36.508217,44.766754,28.2427
2035-04-23 00:00:00+00:00,38.32172,45.670925,31.210709
2035-04-24 00:00:00+00:00,34.23522,41.3251,26.078716
2035-04-25 00:00:00+00:00,33.89872,40.87927,25.296728
2035-04-26 00:00:00+00:00,32.162224,39.833447,23.414736
2035-04-27 00:00:00+00:00,32.27573,39.937614,23.282742
2035-04-28 00:00:00+00:00,33.339226,41.241787,25.150751
2035-04-29 00:00:00+00:00,32.25273,39.445957,24.568762
2035-04-30 00:00:00+00:00,33.41623,40.550133,25.83677
2035-05-01 00:00:00+00:00,32.77973,38.454308,26.854778
2035-05-02 00:00:00+00:00,33.84324,40.708473,26.272789
2035-05-03 00:00:00+00:00,35.85674,43.812653,27.290798
2035-05-04 00:00:00+00:00,35.88107,42.615726,28.345287
2035-05-05 00:00:00+00:00,32.35539,40.268803,23.599773
2035-05-06 00:00:00+00:00,32.12972,40.22188,22.754263
2035-05-07 00:00:00+00:00,33.204052,41.274956,24.608751
2035-05-08 00:00:00+00:00,34.278374,42.928036,25.463236
2035-05-09 00:00:00+00:00,33.702705,42.13111,24.617725
2035-05-10 00:00:00+00:00,32.77704,40.68419,23.622215
2035-05-11 00:00:00+00:00,32.20136,40.237263,23.226706
2035-05-12 00:00:00+00:00,32.47569,40.890347,23.181192
2035-05-13 00:00:00+00:00,33.20002,41.143417,24.335682
2035-05-14 00:00:00+00:00,32.774345,40.496494,23.79017
2035-05-15 00:00:00+00:00,32.998672,40.24957,24.894659
2035-05-16 00:00:00+00:00,33.523003,40.752647,25.849146
2035-05-17 00:00:00+00:00,35.59733,44.155724,26.703634
2035-05-18 00:00:00+00:00,35.671658,43.858803,27.30812
2035-05-19 00:00:00+00:00,34.64599,42.16188,26.612612
2035-05-20 00:00:00+00:00,34.820312,42.46495,26.3671
2035-05-21 00:00:00+00:00,34.54464,42.118034,26.071592
2035-05-22 00:00:00+00:00,34.268967,41.37111,26.27608
2035-05-23 00:00:00+00:00,33.893303,41.024185,25.980568
2035-05-24 00:00:00+00:00,33.967625,41.627262,25.985054
2035-05-25 00:00:00+00:00,34.491955,42.38034,26.589544
2035-05-26 00:00:00+00:00,34.266285,41.983418,26.29403
2035-05-27 00:00:00+00:00,34.84061,42.28649,26.94852
2035-05-28 00:00:00+00:00,34.81494,41.839565,27.253008
2035-05-29 00:00:00+00:00,33.73927,41.242645,25.407495
2035-05-30 00:00:00+00:00,33.163593,41.045723,25.461987
2035-05-31 00:00:00+00:00,33.787926,41.048794,26.016474
2035-06-01 00:00:00+00:00,32.51225,39.801876,24.120962
2035-06-02 00:00:00+00:00,32.88658,39.804955,25.175451
2035-06-03 00:00:00+00:00,33.560905,40.30803,26.529942
2035-06-04 00:00:00+00:00,33.485237,40.761105,25.884426
2035-06-05 00:00:00+00:00,32.859566,40.564182,24.788916
2035-06-06 00:00:00+00:00,33.033894,40.567257,24.893404
2035-06-07 00:00:00+00:00,33.25822,40.77034,25.297892
2035-06-08 00:00:00+00:00,34.082546,41.123413,26.302383
2035-06-09 00:00:00+00:00,34.956875,41.876488,27.456867
2035-06-10 00:00:00+00:00,34.581203,41.629566,26.811357
2035-06-11 00:00:00+00:00,33.205532,39.88264,25.515844
2035-06-12 00:00:00+00:00,33.12986,40.435722,25.520336
2035-06-13 00:00:00+00:00,33.75419,40.988796,25.87482
2035-06-14 00:00:00+00:00,33.678516,40.841873,25.67931
2035-06-15 00:00:00+00:00,33.80284,40.494953,26.683802
2035-06-16 00:00:00+00:00,32.82717,37.748028,27.188288
2035-06-17 00:00:00+00:00,34.0015,40.6011,27.342777
2035-06-18 00:00:00+00:00,33.27583,40.30418,25.997263
2035-06-19 00:00:00+00:00,31.900156,38.25726,25.601753
2035-06-20 00:00:00+00:00,31.074488,37.810333,25.006245
2035-06-21 00:00:00+00:00,30.74881,36.113407,25.16073
2035-06-22 00:00:00+00:00,31.823141,37.016487,26.715221
2035-06-23 00:00:00+00:00,31.64747,36.76956,26.869707
2035-06-24 00:00:00+00:00,32.021797,38.72264,25.674196
2035-06-25 00:00:00+00:00,31.346127,37.925713,24.278683
2035-06-26 00:00:00+00:00,31.420456,37.778793,25.683174
2035-06-27 00:00:00+00:00,30.844778,35.181866,26.687662
2035-06-28 00:00:00+00:00,31.769108,36.784946,26.842148
2035-06-29 00:00:00+00:00,33.343437,39.63802,28.096638
2035-06-30 00:00:00+00:00,32.917763,38.891098,27.801126
2035-07-01 00:00:00+00:00,33.342094,39.444176,27.705614
2035-07-02 00:00:00+00:00,31.316423,35.497257,26.560102
2035-07-03 00:00:00+00:00,31.540085,37.851143,25.86131
2035-07-04 00:00:00+00:00,30.659113,35.36072,26.789534
2035-07-05 00:00:00+00:00,26.428135,29.470304,23.26776
2035-07-06 00:00:00+00:00,26.397158,29.929882,23.295984
2035-07-07 00:00:00+00:00,28.316181,32.88946,23.674212
2035-07-08 00:00:00+00:00,30.085205,35.14904,25.152437
2035-07-09 00:00:00+00:00,29.754229,34.45862,25.230663
2035-07-10 00:00:00+00:00,28.473253,31.868198,25.058886
2035-07-11 00:00:00+00:00,27.442278,32.12778,24.037111
2035-07-12 00:00:00+00:00,29.061302,34.13736,24.81534
2035-07-13 00:00:00+00:00,29.680325,34.79694,24.693565
2035-07-14 00:00:00+00:00,28.899347,34.056515,25.571789
2035-07-15 00:00:00+00:00,28.31837,34.0661,24.500015
2035-07-16 00:00:00+00:00,29.837395,35.72568,25.42824
2035-07-17 00:00:00+00:00,30.756418,36.535255,25.856464
2035-07-18 00:00:00+00:00,29.025442,34.894836,25.334692
2035-07-19 00:00:00+00:00,26.094467,29.004417,23.912918
2035-07-20 00:00:00+00:00,27.01349,31.263996,23.441143
2035-07-21 00:00:00+00:00,27.982513,34.023575,23.969366
2035-07-22 00:00:00+00:00,28.601536,33.383156,24.647593
2035-07-23 00:00:00+00:00,28.370562,33.392735,24.97582
2035-07-24 00:00:00+00:00,26.389584,30.252323,23.904045
2035-07-25 00:00:00+00:00,26.75861,32.061897,23.03227
2035-07-26 00:00:00+00:00,28.277634,33.621475,23.760496
2035-07-27 00:00:00+00:00,30.396656,35.181053,25.638723
2035-07-28 00:00:00+00:00,30.71568,35.390636,25.966946
2035-07-29 00:00:00+00:00,28.034706,33.350216,24.045174
2035-07-30 00:00:00+00:00,27.203728,31.359795,23.073397
2035-07-31 00:00:00+00:00,29.77275,34.619377,24.651623
2035-08-01 00:00:00+00:00,31.641777,35.978954,26.77985
2035-08-02 00:00:00+00:00,30.7108,34.938534,26.658073
2035-08-03 00:00:00+00:00,28.829823,33.698116,23.5863
2035-08-04 00:00:00+00:00,26.598846,29.607697,23.664524
2035-08-05 00:00:00+00:00,24.667871,26.617275,22.59275
2035-08-06 00:00:00+00:00,26.136896,30.526857,22.670975
2035-08-07 00:00:00+00:00,27.055918,31.736431,23.599203
2035-08-08 00:00:00+00:00,26.274942,28.696014,23.777428
2035-08-09 00:00:00+00:00,27.243969,31.955597,22.955652
2035-08-10 00:00:00+00:00,28.16299,33.215176,23.98388
2035-08-11 00:00:00+00:00,29.482014,33.82475,25.112103
2035-08-12 00:00:00+00:00,27.451036,29.534332,25.59033
2035-08-13 00:00:00+00:00,28.420063,32.643917,24.418554
2035-08-14 00:00:00+00:00,28.889084,33.753494,25.196781
2035-08-15 00:00:00+00:00,28.858107,34.86307,25.625008
2035-08-16 00:00:00+00:00,26.227133,27.82265,24.303232
2035-08-17 00:00:00+00:00,27.746157,31.58223,23.931458
2035-08-18 00:00:00+00:00,28.01518,31.841808,24.759682
2035-08-19 00:00:00+00:00,26.334204,29.001392,24.037909
2035-08-20 00:00:00+00:00,26.053228,28.31097,23.916134
2035-08-21 00:00:00+00:00,26.922253,30.970549,23.44436
2035-08-22 00:00:00+00:00,25.941275,30.380127,22.972584
2035-08-23 00:00:00+00:00,25.710299,28.239714,23.150808
2035-08-24 00:00:00+00:00,26.579323,30.949293,23.279036
2035-08-25 00:00:00+00:00,26.698347,30.108871,23.70726
2035-08-26 00:00:00+00:00,27.01737,30.66845,23.485485
2035-08-27 00:00:00+00:00,27.486397,31.978027,24.713713
2035-08-28 00:00:00+00:00,25.805416,28.487608,23.691935
2035-08-29 00:00:00+00:00,26.324442,30.69719,22.920164
2035-08-30 00:00:00+00:00,26.043467,29.156769,23.69839
2035-08-31 00:00:00+00:00,26.262491,30.416348,23.526613
2035-09-01 00:00:00+00:00,27.731512,32.425926,23.40484
2035-09-02 00:00:00+00:00,28.745821,33.434364,24.472567
2035-09-03 00:00:00+00:00,28.545975,33.289375,25.508806
2035-09-04 00:00:00+00:00,27.446125,30.544394,25.095043
2035-09-05 00:00:00+00:00,28.346277,32.299408,25.031277
2035-09-06 00:00:00+00:00,28.49643,33.15442,24.417517
2035-09-07 00:00:00+00:00,25.896584,28.559431,23.653753
2035-09-08 00:00:00+00:00,26.446737,30.164448,23.13999
2035-09-09 00:00:00+00:00,28.446892,32.71946,23.92623
2035-09-10 00:00:00+00:00,28.947042,34.07447,24.862467
2035-09-11 00:00:00+00:00,27.947195,32.279488,24.898703
2035-09-12 00:00:00+00:00,25.94735,29.584501,23.734941
2035-09-13 00:00:00+00:00,26.2975,30.689514,23.121176
2035-09-14 00:00:00+00:00,27.497654,31.644526,23.357412
2035-09-15 00:00:00+00:00,28.997807,34.049538,24.54365
2035-09-16 00:00:00+00:00,29.497961,34.704556,25.17989
2035-09-17 00:00:00+00:00,29.448112,34.309566,24.866125
2035-09-18 00:00:00+00:00,29.298265,33.564583,25.052364
2035-09-19 00:00:00+00:00,28.898418,33.569595,24.9386
2035-09-20 00:00:00+00:00,28.498571,33.27461,24.974836
2035-09-21 00:00:00+00:00,27.648726,31.979622,24.611076
2035-09-22 00:00:00+00:00,27.148878,31.384634,24.197311
2035-09-23 00:00:00+00:00,26.949028,30.83965,23.28355
2035-09-24 00:00:00+00:00,27.699183,32.594658,24.169786
2035-09-25 00:00:00+00:00,28.249334,32.649673,24.406025
2035-09-26 00:00:00+00:00,29.04949,34.154686,24.042263
2035-09-27 00:00:00+00:00,29.49964,34.359703,25.228497
2035-09-28 00:00:00+00:00,28.849792,33.014717,25.114735
2035-09-29 00:00:00+00:00,26.449947,27.919733,23.650976
2035-09-30 00:00:00+00:00,26.250101,30.624744,23.037209
2035-10-01 00:00:00+00:00,26.650251,30.679754,22.873447
2035-10-02 00:00:00+00:00,28.250406,33.13477,23.409683
2035-10-03 00:00:00+00:00,28.70056,33.289783,24.295921
2035-10-04 00:00:00+00:00,28.650707,33.494797,24.232159
2035-10-05 00:00:00+00:00,27.750864,32.29981,24.118395
2035-10-06 00:00:00+00:00,27.351017,31.40482,24.004633
2035-10-07 00:00:00+00:00,27.45117,31.609833,23.490871
2035-10-08 00:00:00+00:00,27.251324,31.46485,23.727108
2035-10-09 00:00:00+00:00,27.401472,31.219862,23.613346
2035-10-10 00:00:00+00:00,27.751627,31.274874,24.349583
2035-10-11 00:00:00+00:00,28.35178,32.87989,24.23582
2035-10-12 00:00:00+00:00,28.751932,33.834904,23.722057
2035-10-13 00:00:00+00:00,29.402086,35.189915,23.508291
2035-10-14 00:00:00+00:00,29.00224,32.84493,25.294533
2035-10-15 00:00:00+00:00,28.702394,32.849945,24.430769
2035-10-16 00:00:00+00:00,27.852547,32.75495,23.417007
2035-10-17 00:00:00+00:00,26.802702,30.40997,23.453241
2035-10-18 00:00:00+00:00,27.052853,31.764982,23.08948
2035-10-19 00:00:00+00:00,27.803005,32.569996,22.525717
2035-10-20 00:00:00+00:00,28.45316,33.325012,23.761955
2035-10-21 00:00:00+00:00,28.603312,34.080025,23.148191
2035-10-22 00:00:00+00:00,28.653461,34.985035,22.88443
2035-10-23 00:00:00+00:00,29.253614,35.690052,22.120667
2035-10-24 00:00:00+00:00,29.45377,33.145065,25.806904
2035-10-25 00:00:00+00:00,28.803923,32.950073,24.943142
2035-10-26 00:00:00+00:00,29.004074,34.055088,23.829378
2035-10-27 00:00:00+00:00,30.354227,36.860104,24.365616
2035-10-28 00:00:00+00:00,30.30438,36.815117,24.501854
2035-10-29 00:00:00+00:00,30.454535,37.67013,23.88809
2035-10-30 00:00:00+00:00,30.004684,37.525146,23.124325
2035-10-31 00:00:00+00:00,29.404839,36.930157,22.160563
2035-11-01 00:00:00+00:00,29.504992,37.58517,21.846802
2035-11-02 00:00:00+00:00,29.693804,37.4349,22.771578
2035-11-03 00:00:00+00:00,29.76372,37.17582,22.977257
2035-11-04 00:00:00+00:00,29.083633,36.916737,22.582933
2035-11-05 00:00:00+00:00,28.853548,37.557655,20.438612
2035-11-06 00:00:00+00:00,29.223463,38.198574,20.944286
2035-11-07 00:00:00+00:00,29.493378,37.43949,22.549965
2035-11-08 00:00:00+00:00,29.413294,36.780415,22.255644
2035-11-09 00:00:00+00:00,29.08321,37.221333,21.361322
2035-11-10 00:00:00+00:00,29.753122,37.71225,22.917
2035-11-11 00:00:00+00:00,30.073036,37.50317,23.772675
2035-11-12 00:00:00+00:00,29.542952,36.54409,22.87835
2035-11-13 00:00:00+00:00,28.812866,35.785007,21.38403
2035-11-14 00:00:00+00:00,28.782778,35.575928,22.38971
2035-11-15 00:00:00+00:00,28.252693,35.466843,20.995384
2035-11-16 00:00:00+00:00,27.62261,35.157764,20.251059
2035-11-17 00:00:00+00:00,27.142525,35.548687,19.85674
2035-11-18 00:00:00+00:00,27.11244,35.2896,19.562416
2035-11-19 00:00:00+00:00,26.732353,34.980522,19.118093
2035-11-20 00:00:00+00:00,26.302267,34.67144,18.273773
2035-11-21 00:00:00+00:00,26.672184,35.11236,18.329447
2035-11-22 00:00:00+00:00,27.3421,35.153275,20.185127
2035-11-23 00:00:00+00:00,26.962013,34.744198,19.740805
2035-11-24 00:00:00+00:00,27.081926,35.085114,19.19648
2035-11-25 00:00:00+00:00,27.051844,34.82603,19.702158
2035-11-26 00:00:00+00:00,27.121756,34.31695,20.857836
2035-11-27 00:00:00+00:00,27.74167,34.957874,22.013512
2035-11-28 00:00:00+00:00,26.811583,34.398792,20.16919
2035-11-29 00:00:00+00:00,26.1815,34.689713,17.824867
2035-11-30 00:00:00+00:00,27.051414,34.980633,20.130545
2035-12-01 00:00:00+00:00,26.621326,34.62155,19.43622
2035-12-02 00:00:00+00:00,25.591244,34.012466,17.491901
2035-12-03 00:00:00+00:00,25.461157,33.95339,16.797577
2035-12-04 00:00:00+00:00,25.531075,34.34431,16.853254
2035-12-05 00:00:00+00:00,26.200989,35.03522,17.658932
2035-12-06 00:00:00+00:00,26.170904,34.626144,18.114607
2035-12-07 00:00:00+00:00,26.140818,34.217064,19.320286
2035-12-08 00:00:00+00:00,26.710733,35.057987,19.675964
2035-12-09 00:00:00+00:00,26.680647,34.598904,19.68164
2035-12-10 00:00:00+00:00,27.05056,35.33982,19.337318
2035-12-11 00:00:00+00:00,27.170475,34.23074,20.992994
2035-12-12 00:00:00+00:00,26.290388,33.02166,20.198673
2035-12-13 00:00:00+00:00,26.760303,33.61258,21.10435
2035-12-14 00:00:00+00:00,27.13022,33.603497,21.510029
2035-12-15 00:00:00+00:00,27.500135,34.144413,21.715704
2035-12-16 00:00:00+00:00,27.520048,35.385334,20.321384
2035-12-17 00:00:00+00:00,27.589962,35.17625,20.52706
2035-12-18 00:00:00+00:00,27.55988,35.11717,20.382736
2035-12-19 00:00:00+00:00,26.779793,31.758091,21.838413
2035-12-20 00:00:00+00:00,26.799707,33.449013,20.944092
2035-12-21 00:00:00+00:00,26.619621,34.089928,19.04977
2035-12-22 00:00:00+00:00,26.589537,33.630844,20.255445
2035-12-23 00:00:00+00:00,26.909452,33.92177,20.561123
2035-12-24 00:00:00+00:00,27.229368,34.462685,19.266802
2035-12-25 00:00:00+00:00,27.84928,34.6036,22.272478
2035-12-26 00:00:00+00:00,27.369192,33.644527,20.778156
2035-12-27 00:00:00+00:00,27.989107,34.33544,21.833834
2035-12-28 00:00:00+00:00,27.309025,33.076363,21.639511
2035-12-29 00:00:00+00:00,28.128939,35.46728,21.195187
2035-12-30 00:00:00+00:00,27.998852,35.5082,21.650864
2035-12-31 00:00:00+00:00,28.968767,36.049118,22.506542
2036-01-01 00:00:00+00:00,28.43868,34.640038,22.262222
2036-01-02 00:00:00+00:00,27.71018,34.479115,21.36874
2036-01-03 00:00:00+00:00,26.783257,33.96636,20.1261
2036-01-04 00:00:00+00:00,26.756336,34.553596,19.483465
2036-01-05 00:00:00+00:00,26.629416,34.890835,18.540825
2036-01-06 00:00:00+00:00,28.152494,35.22807,22.048193
2036-01-07 00:00:00+00:00,27.675571,34.315315,21.755552
2036-01-08 00:00:00+00:00,27.34865,33.55255,21.662914
2036-01-09 00:00:00+00:00,27.121729,33.389786,21.470278
2036-01-10 00:00:00+00:00,25.99481,33.277027,18.977642
2036-01-11 00:00:00+00:00,26.11789,33.61426,18.935005
2036-01-12 00:00:00+00:00,26.690968,33.551502,19.892366
2036-01-13 00:00:00+00:00,27.064045,34.788742,19.49973
2036-01-14 00:00:00+00:00,27.237123,35.02598,20.407093
2036-01-15 00:00:00+00:00,27.710203,35.61322,20.014454
2036-01-16 00:00:00+00:00,28.383282,36.40046,20.671816
2036-01-17 00:00:00+00:00,28.75636,36.3877,21.279179
2036-01-18 00:00:00+00:00,28.279438,35.474934,21.186543
2036-01-19 00:00:00+00:00,28.202517,36.362175,19.943905
2036-01-20 00:00:00+00:00,27.325598,33.899414,20.80127
2036-01-21 00:00:00+00:00,28.748674,37.486652,20.70863
2036-01-22 00:00:00+00:00,29.571753,37.67389,22.165993
2036-01-23 00:00:00+00:00,28.694832,36.21113,21.823357
2036-01-24 00:00:00+00:00,27.567911,35.09837,20.830719
2036-01-25 00:00:00+00:00,27.440989,36.03561,19.68808
2036-01-26 00:00:00+00:00,27.914068,36.972843,19.145443
2036-01-27 00:00:00+00:00,28.537148,37.060085,20.502808
2036-01-28 00:00:00+00:00,29.110228,36.797325,22.61017
2036-01-29 00:00:00+00:00,28.433304,36.384556,21.067532
2036-01-30 00:00:00+00:00,28.506382,35.7218,22.324892
2036-01-31 00:00:00+00:00,26.929462,32.159035,21.732258
2036-02-01 00:00:00+00:00,26.95254,32.69628,21.38962
2036-02-02 00:00:00+00:00,27.87562,34.933517,21.296982
2036-02-03 00:00:00+00:00,27.3487,35.170757,19.754347
2036-02-04 00:00:00+00:00,27.121778,35.10799,19.51171
2036-02-05 00:00:00+00:00,27.594856,35.895233,19.869072
2036-02-06 00:00:00+00:00,28.267937,36.882473,20.126434
2036-02-07 00:00:00+00:00,28.541012,36.769707,20.783796
2036-02-08 00:00:00+00:00,28.114092,36.10695,20.241161
2036-02-09 00:00:00+00:00,28.637169,36.94419,20.398521
2036-02-10 00:00:00+00:00,29.11025,37.33143,21.355883
2036-02-11 00:00:00+00:00,29.133327,37.218662,21.263247
2036-02-12 00:00:00+00:00,28.956408,36.905903,21.32061
2036-02-13 00:00:00+00:00,28.979483,36.99314,21.077972
2036-02-14 00:00:00+00:00,29.802567,37.980377,21.735336
2036-02-15 00:00:00+00:00,30.575644,38.56762,22.692698
2036-02-16 00:00:00+00:00,30.498722,38.604862,22.60006
2036-02-17 00:00:00+00:00,29.9218,37.842094,22.307423
2036-02-18 00:00:00+00:00,29.44488,37.629337,21.564785
2036-02-19 00:00:00+00:00,29.467958,38.166573,21.422152
2036-02-20 00:00:00+00:00,29.941038,38.20381,22.37951
2036-02-21 00:00:00+00:00,30.814121,39.291054,22.586876
2036-02-22 00:00:00+00:00,31.237192,39.228287,23.344236
2036-02-23 00:00:00+00:00,30.760275,38.71553,23.201597
2036-02-24 00:00:00+00:00,30.333353,38.052765,23.158962
2036-02-25 00:00:00+00:00,29.506432,36.790005,22.716322
2036-02-26 00:00:00+00:00,28.929512,37.377247,20.873688
2036-02-27 00:00:00+00:00,29.402592,37.864487,21.43105
2036-02-28 00:00:00+00:00,29.675669,38.20173,21.488413
2036-02-29 00:00:00+00:00,29.498745,37.78896,21.445774
2036-03-01 00:00:00+00:00,29.22182,37.6762,20.953136
2036-03-02 00:00:00+00:00,29.894903,38.463436,21.360502
2036-03-03 00:00:00+00:00,31.193243,40.061264,22.405767
2036-03-04 00:00:00+00:00,32.106747,40.815437,23.973774
2036-03-05 00:00:00+00:00,32.47025,40.819607,24.391785
2036-03-06 00:00:00+00:00,32.63375,40.82378,24.659792
2036-03-07 00:00:00+00:00,32.397255,40.37795,24.677803
2036-03-08 00:00:00+00:00,32.110756,40.03212,24.095812
2036-03-09 00:00:00+00:00,31.774258,39.536293,24.113821
2036-03-10 00:00:00+00:00,31.037758,38.84047,23.43183
2036-03-11 00:00:00+00:00,30.55126,38.694637,22.399837
2036-03-12 00:00:00+00:00,31.064762,39.348816,22.667847
2036-03-13 00:00:00+00:00,32.128265,40.302986,23.685858
2036-03-14 00:00:00+00:00,33.041763,41.257156,24.553862
2036-03-15 00:00:00+00:00,33.205273,41.161335,25.271873
2036-03-16 00:00:00+00:00,32.61877,40.515503,24.739882
2036-03-17 00:00:00+00:00,31.982277,39.719673,24.25789
2036-03-18 00:00:00+00:00,32.195774,40.07385,24.375898
2036-03-19 00:00:00+00:00,32.75928,40.02802,25.443907
2036-03-20 00:00:00+00:00,32.27278,40.232193,24.311916
2036-03-21 00:00:00+00:00,32.236282,40.336365,24.179924
2036-03-22 00:00:00+00:00,31.599781,40.29054,22.097935
2036-03-23 00:00:00+00:00,33.013283,40.994713,24.915943
2036-03-24 00:00:00+00:00,32.826786,40.998882,24.583952
2036-03-25 00:00:00+00:00,33.59029,41.853054,25.401962
2036-03-26 00:00:00+00:00,35.00379,43.907227,26.31997
2036-03-27 00:00:00+00:00,35.867294,43.7114,28.03798
2036-03-28 00:00:00+00:00,34.08079,41.715572,26.25599
2036-03-29 00:00:00+00:00,33.494297,41.219746,25.473997
2036-03-30 00:00:00+00:00,33.4578,41.623917,25.592005
2036-03-31 00:00:00+00:00,34.421303,43.578087,24.810015
2036-04-01 00:00:00+00:00,33.1848,41.13226,25.328022
2036-04-02 00:00:00+00:00,31.798304,39.48644,23.49603
2036-04-03 00:00:00+00:00,31.161804,39.290607,22.214039
2036-04-04 00:00:00+00:00,31.175308,39.94478,22.282047
2036-04-05 00:00:00+00:00,31.238811,39.69895,22.700056
2036-04-06 00:00:00+00:00,32.20231,40.853127,23.668066
2036-04-07 00:00:00+00:00,32.915813,40.557297,25.036076
2036-04-08 00:00:00+00:00,32.62932,40.46147,24.404085
2036-04-09 00:00:00+00:00,33.34282,40.565643,26.122093
2036-04-10 00:00:00+00:00,34.15632,42.419815,25.7901
2036-04-11 00:00:00+00:00,34.11982,42.423985,25.758108
2036-04-12 00:00:00+00:00,33.53332,41.928154,25.176115
2036-04-13 00:00:00+00:00,31.946827,39.93233,23.494127
2036-04-14 00:00:00+00:00,30.260326,38.4365,21.612133
2036-04-15 00:00:00+00:00,30.223827,38.34068,21.730143
2036-04-16 00:00:00+00:00,29.887333,37.644848,21.748154
2036-04-17 00:00:00+00:00,29.750835,37.94902,21.41616
2036-04-18 00:00:00+00:00,31.814333,39.003193,24.98417
2036-04-19 00:00:00+00:00,32.977837,41.007362,24.75218
2036-04-20 00:00:00+00:00,33.441338,41.111538,25.170189
2036-04-21 00:00:00+00:00,33.45484,41.715706,25.238197
2036-04-22 00:00:00+00:00,33.11834,41.369884,24.356205
2036-04-23 00:00:00+00:00,33.731846,42.274055,25.574217
2036-04-24 00:00:00+00:00,35.445347,43.02823,27.392225
2036-04-25 00:00:00+00:00,33.708847,39.282402,27.710234
2036-04-26 00:00:00+00:00,34.622353,42.486572,27.078241
2036-04-27 00:00:00+00:00,36.085854,43.590744,28.396248
2036-04-28 00:00:00+00:00,36.099358,42.34492,28.714258
2036-04-29 00:00:00+00:00,35.662857,42.949085,28.23227
2036-04-30 00:00:00+00:00,35.17636,43.053265,27.100277
2036-05-01 00:00:00+00:00,36.389862,44.557434,28.068287
2036-05-02 00:00:00+00:00,37.45336,45.411606,29.086296
2036-05-03 00:00:00+00:00,34.924984,42.264954,26.631662
2036-05-04 00:00:00+00:00,31.099308,38.668037,22.836151
2036-05-05 00:00:00+00:00,28.77364,35.921112,20.74064
2036-05-06 00:00:00+00:00,28.647966,35.974186,20.645126
2036-05-07 00:00:00+00:00,29.122292,36.527264,20.999615
2036-05-08 00:00:00+00:00,29.69662,36.18034,22.854103
2036-05-09 00:00:00+00:00,31.520954,38.583424,24.008593
2036-05-10 00:00:00+00:00,33.04528,39.8365,25.56308
2036-05-11 00:00:00+00:00,34.66961,41.68957,27.067572
2036-05-12 00:00:00+00:00,34.943935,42.24265,27.07206
2036-05-13 00:00:00+00:00,34.96826,41.89572,27.476547
2036-05-14 00:00:00+00:00,32.942593,40.598804,24.981037
2036-05-15 00:00:00+00:00,32.766922,40.55188,24.735523
2036-05-16 00:00:00+00:00,33.091248,40.954956,25.090012
2036-05-17 00:00:00+00:00,34.31558,41.958035,25.9445
2036-05-18 00:00:00+00:00,35.639904,40.461113,29.24899
2036-05-19 00:00:00+00:00,34.26423,39.61419,28.103477
2036-05-20 00:00:00+00:00,34.038563,39.56726,28.357964
2036-05-21 00:00:00+00:00,34.86289,41.370342,27.962454
2036-05-22 00:00:00+00:00,36.437218,45.023415,27.516945
2036-05-23 00:00:00+00:00,35.311546,42.326492,27.671432
2036-05-24 00:00:00+00:00,34.635876,41.67957,26.52592
2036-05-25 00:00:00+00:00,33.610195,41.532646,25.33041
2036-05-26 00:00:00+00:00,33.78453,42.03572,25.184898
2036-05-27 00:00:00+00:00,34.058857,41.6888,25.689384
2036-05-28 00:00:00+00:00,34.133186,41.991875,25.593874
2036-05-29 00:00:00+00:00,32.807514,40.194954,24.048363
2036-05-30 00:00:00+00:00,33.63184,41.348026,25.05285
2036-05-31 00:00:00+00:00,33.70617,41.801105,25.407341
2036-06-01 00:00:00+00:00,33.080498,41.00418,24.361828
2036-06-02 00:00:00+00:00,33.50482,40.807255,25.366316
2036-06-03 00:00:00+00:00,32.729156,39.910336,24.920803
2036-06-04 00:00:00+00:00,33.203484,38.763412,26.925293
2036-06-05 00:00:00+00:00,35.52781,42.216488,29.77978
2036-06-06 00:00:00+00:00,32.95214,39.56956,25.63427
2036-06-07 00:00:00+00:00,32.326466,39.372643,24.888758
2036-06-08 00:00:00+00:00,32.550797,39.22572,25.293247
2036-06-09 00:00:00+00:00,32.875122,39.62879,26.197735
2036-06-10 00:00:00+00:00,32.899452,40.031868,25.302223
2036-06-11 00:00:00+00:00,32.523777,37.884953,25.956713
2036-06-12 00:00:00+00:00,34.248104,40.53803,27.561201
2036-06-13 00:00:00+00:00,35.022434,42.091103,27.86569
2036-06-14 00:00:00+00:00,35.146763,41.894176,28.070175
2036-06-15 00:00:00+00:00,33.47109,40.44726,25.674665
2036-06-16 00:00:00+00:00,32.94542,39.800335,25.479155
2036-06-17 00:00:00+00:00,33.569748,40.55341,26.183643
2036-06-18 00:00:00+00:00,34.24408,41.156487,26.738129
2036-06-19 00:00:00+00:00,34.2184,40.609562,27.142618
2036-06-20 00:00:00+00:00,33.14273,39.56264,26.347107
2036-06-21 00:00:00+00:00,32.46706,38.065716,26.701597
2036-06-22 00:00:00+00:00,33.191383,40.018795,26.606087
2036-06-23 00:00:00+00:00,33.215714,40.12187,26.110575
2036-06-24 00:00:00+00:00,32.840042,39.624947,27.365063
2036-06-25 00:00:00+00:00,31.864368,37.078022,27.91955
2036-06-26 00:00:00+00:00,31.738699,37.4311,26.97404
2036-06-27 00:00:00+00:00,33.313026,39.334175,27.42853
2036-06-28 00:00:00+00:00,33.187355,39.637253,26.683018
2036-06-29 00:00:00+00:00,31.161684,36.140327,27.037504
2036-06-30 00:00:00+00:00,31.186008,36.29341,25.891993
2036-07-01 00:00:00+00:00,33.56034,39.046482,27.896482
2036-07-02 00:00:00+00:00,33.034668,39.799564,26.35097
2036-07-03 00:00:00+00:00,32.404358,38.40833,27.282476
2036-07-04 00:00:00+00:00,31.023376,35.967907,27.810703
2036-07-05 00:00:00+00:00,29.692404,35.477486,26.13893
2036-07-06 00:00:00+00:00,30.961426,36.537067,25.767157
2036-07-07 00:00:00+00:00,32.43045,38.346645,26.19538
2036-07-08 00:00:00+00:00,30.849472,36.80623,26.073606
2036-07-09 00:00:00+00:00,29.968496,35.415806,25.001831
2036-07-10 00:00:00+00:00,30.637522,37.37539,25.830055
2036-07-11 00:00:00+00:00,26.956543,30.134964,23.508282
2036-07-12 00:00:00+00:00,27.525568,31.944546,24.586508
2036-07-13 00:00:00+00:00,26.394592,29.954124,23.364737
2036-07-14 00:00:00+00:00,26.113615,29.963703,22.89296
2036-07-15 00:00:00+00:00,27.13264,31.473286,22.671185
2036-07-16 00:00:00+00:00,29.651665,34.782867,24.54941
2036-07-17 00:00:00+00:00,29.320688,34.34244,24.127634
2036-07-18 00:00:00+00:00,26.23971,29.752022,23.65586
2036-07-19 00:00:00+00:00,26.508736,30.9116,23.234085
2036-07-20 00:00:00+00:00,28.477758,33.421185,23.312311
2036-07-21 00:00:00+00:00,29.796782,34.830765,25.740538
2036-07-22 00:00:00+00:00,29.665808,34.440342,25.218763
2036-07-23 00:00:00+00:00,25.384827,28.449923,22.39699
2036-07-24 00:00:00+00:00,24.353853,26.6095,22.225212
2036-07-25 00:00:00+00:00,27.772877,32.16908,23.30344
2036-07-26 00:00:00+00:00,29.141901,35.128662,25.531664
2036-07-27 00:00:00+00:00,27.960922,32.038242,25.00989
2036-07-28 00:00:00+00:00,27.179949,31.647823,24.288116
2036-07-29 00:00:00+00:00,27.748974,32.6574,23.516342
2036-07-30 00:00:00+00:00,27.867996,33.11698,24.044563
2036-07-31 00:00:00+00:00,29.937021,35.02656,24.92279
2036-08-01 00:00:00+00:00,29.706043,34.33614,25.901018
2036-08-02 00:00:00+00:00,27.17507,31.545717,24.229242
2036-08-03 00:00:00+00:00,26.29409,29.8053,23.657467
2036-08-04 00:00:00+00:00,26.113115,30.114883,23.535696
2036-08-05 00:00:00+00:00,26.83214,32.17446,22.763922
2036-08-06 00:00:00+00:00,26.501162,30.43404,23.842144
2036-08-07 00:00:00+00:00,27.570187,32.793617,23.970371
2036-08-08 00:00:00+00:00,25.88921,29.653198,23.498596
2036-08-09 00:00:00+00:00,26.208233,30.862776,22.476822
2036-08-10 00:00:00+00:00,25.37726,28.32236,23.205046
2036-08-11 00:00:00+00:00,24.546282,27.381937,22.73327
2036-08-12 00:00:00+00:00,26.265305,30.541515,22.5615
2036-08-13 00:00:00+00:00,27.83433,31.751095,23.889725
2036-08-14 00:00:00+00:00,27.053352,30.610682,24.217947
2036-08-15 00:00:00+00:00,27.722378,32.87026,23.996174
2036-08-16 00:00:00+00:00,27.5414,32.02984,24.1244
2036-08-17 00:00:00+00:00,27.010426,31.139418,24.002625
2036-08-18 00:00:00+00:00,27.379448,31.498997,23.48085
2036-08-19 00:00:00+00:00,28.948473,33.408573,24.359076
2036-08-20 00:00:00+00:00,30.217497,35.368156,26.637302
2036-08-21 00:00:00+00:00,29.436522,34.477737,26.015528
2036-08-22 00:00:00+00:00,28.905542,33.737316,25.793755
2036-08-23 00:00:00+00:00,29.874569,34.796894,24.97198
2036-08-24 00:00:00+00:00,31.293589,35.256477,27.300203
2036-08-25 00:00:00+00:00,26.912615,30.366058,23.478428
2036-08-26 00:00:00+00:00,28.48164,33.025635,24.156654
2036-08-27 00:00:00+00:00,29.350664,33.835217,25.734882
2036-08-28 00:00:00+00:00,30.019688,34.844795,26.213106
2036-08-29 00:00:00+00:00,28.53871,32.904373,25.641329
2036-08-30 00:00:00+00:00,28.007736,31.613956,25.169556
2036-08-31 00:00:00+00:00,29.426756,34.323536,25.447783
2036-09-01 00:00:00+00:00,29.595781,34.78311,26.626009
2036-09-02 00:00:00+00:00,29.195934,33.488125,25.912247
2036-09-03 00:00:00+00:00,28.946087,34.34314,25.398481
2036-09-04 00:00:00+00:00,28.496239,32.948154,25.13472
2036-09-05 00:00:00+00:00,27.546396,32.753162,24.57096
2036-09-06 00:00:00+00:00,27.846546,32.508183,23.407192
2036-09-07 00:00:00+00:00,29.696697,34.56319,25.64343
2036-09-08 00:00:00+00:00,29.596851,34.318207,26.129667
2036-09-09 00:00:00+00:00,28.797003,34.17322,25.115904
2036-09-10 00:00:00+00:00,27.947159,32.028233,24.902143
2036-09-11 00:00:00+00:00,27.697311,31.483246,24.438381
2036-09-12 00:00:00+00:00,29.247463,33.33826,24.924618
2036-09-13 00:00:00+00:00,28.397615,31.943275,24.410854
2036-09-14 00:00:00+00:00,26.69777,31.098288,23.697092
2036-09-15 00:00:00+00:00,26.69792,30.403303,23.583328
2036-09-16 00:00:00+00:00,27.448072,31.808311,23.919565
2036-09-17 00:00:00+00:00,28.348227,33.01333,24.005802
2036-09-18 00:00:00+00:00,28.698381,32.668343,25.142042
2036-09-19 00:00:00+00:00,28.798534,32.273357,24.928276
2036-09-20 00:00:00+00:00,29.598686,34.578365,24.564516
2036-09-21 00:00:00+00:00,29.74884,34.53338,25.650755
2036-09-22 00:00:00+00:00,27.898993,31.488396,24.73699
2036-09-23 00:00:00+00:00,26.649145,30.593407,24.273226
2036-09-24 00:00:00+00:00,26.649296,29.598423,23.209465
2036-09-25 00:00:00+00:00,28.149448,33.003433,24.145702
2036-09-26 00:00:00+00:00,28.149603,32.80845,23.43194
2036-09-27 00:00:00+00:00,28.799757,33.013462,24.268175
2036-09-28 00:00:00+00:00,28.249908,31.318478,24.754414
2036-09-29 00:00:00+00:00,28.800064,33.623486,24.740652
2036-09-30 00:00:00+00:00,29.000214,33.428505,24.326889
2036-10-01 00:00:00+00:00,28.80037,33.78352,24.013123
2036-10-02 00:00:00+00:00,28.80052,32.98853,24.599363
2036-10-03 00:00:00+00:00,29.450672,35.193542,23.635597
2036-10-04 00:00:00+00:00,29.300827,33.448555,24.571836
2036-10-05 00:00:00+00:00,29.600979,34.953568,24.208073
2036-10-06 00:00:00+00:00,29.90113,35.45858,24.344309
2036-10-07 00:00:00+00:00,30.651283,37.013596,24.630548
2036-10-08 00:00:00+00:00,29.901438,35.26861,24.816786
2036-10-09 00:00:00+00:00,28.951591,33.123623,24.653023
2036-10-10 00:00:00+00:00,28.551744,33.978634,23.63926
2036-10-11 00:00:00+00:00,29.351896,34.183647,24.1255
2036-10-12 00:00:00+00:00,28.952051,34.488663,23.811737
2036-10-13 00:00:00+00:00,29.502203,35.093678,24.497972
2036-10-14 00:00:00+00:00,30.402355,37.29869,23.884209
2036-10-15 00:00:00+00:00,30.752508,37.7037,24.220446
2036-10-16 00:00:00+00:00,31.002659,38.258717,24.156683
2036-10-17 00:00:00+00:00,29.802814,35.56373,23.992922
2036-10-18 00:00:00+00:00,28.852966,34.968742,24.22916
2036-10-19 00:00:00+00:00,28.103119,33.223755,23.515394
2036-10-20 00:00:00+00:00,28.103271,32.228767,23.851633
2036-10-21 00:00:00+00:00,28.253424,32.383785,24.137869
2036-10-22 00:00:00+00:00,28.903576,34.388798,23.974106
2036-10-23 00:00:00+00:00,28.803732,34.293808,23.860344
2036-10-24 00:00:00+00:00,28.653881,36.348827,21.496582
2036-10-25 00:00:00+00:00,29.554037,37.303837,22.332819
2036-10-26 00:00:00+00:00,29.80419,38.258846,21.619057
2036-10-27 00:00:00+00:00,29.254343,37.363865,21.805294
2036-10-28 00:00:00+00:00,28.954496,37.21888,21.141531
2036-10-29 00:00:00+00:00,29.954649,37.123894,23.877768
2036-10-30 00:00:00+00:00,30.104801,35.678905,25.364006
2036-10-31 00:00:00+00:00,31.454952,36.333916,26.950241
2036-11-01 00:00:00+00:00,30.901325,37.737167,24.582659
2036-11-02 00:00:00+00:00,29.171242,37.47809,21.088337
2036-11-03 00:00:00+00:00,29.091156,37.969006,21.194016
2036-11-04 00:00:00+00:00,28.511068,36.759922,19.99969
2036-11-05 00:00:00+00:00,28.430983,36.60085,20.155367
2036-11-06 00:00:00+00:00,28.2509,36.541763,20.061047
2036-11-07 00:00:00+00:00,28.570814,37.282684,20.266726
2036-11-08 00:00:00+00:00,28.290728,37.073605,21.1224
2036-11-09 00:00:00+00:00,27.960644,35.56452,22.128077
2036-11-10 00:00:00+00:00,26.93056,35.305443,20.083755
2036-11-11 00:00:00+00:00,26.850471,34.99636,19.289434
2036-11-12 00:00:00+00:00,27.770386,34.68728,21.595112
2036-11-13 00:00:00+00:00,28.2903,34.428196,22.600786
2036-11-14 00:00:00+00:00,29.460215,35.619118,24.706463
2036-11-15 00:00:00+00:00,28.780134,33.560036,24.762142
2036-11-16 00:00:00+00:00,27.300047,33.350956,22.16782
2036-11-17 00:00:00+00:00,26.969961,34.441868,20.823498
2036-11-18 00:00:00+00:00,27.689875,35.732796,20.879173
2036-11-19 00:00:00+00:00,28.009792,35.823708,21.284851
2036-11-20 00:00:00+00:00,28.179705,36.06463,20.74053
2036-11-21 00:00:00+00:00,27.94962,34.15555,21.446207
2036-11-22 00:00:00+00:00,28.719532,36.19647,22.001886
2036-11-23 00:00:00+00:00,29.489449,37.48739,22.207561
2036-11-24 00:00:00+00:00,29.209362,37.428307,21.563238
2036-11-25 00:00:00+00:00,28.129276,36.86922,19.568916
2036-11-26 00:00:00+00:00,27.949192,37.06014,19.674593
2036-11-27 00:00:00+00:00,27.719109,36.75106,19.63027
2036-11-28 00:00:00+00:00,27.43902,37.09198,19.085947
2036-11-29 00:00:00+00:00,27.958937,37.582897,18.591625
2036-11-30 00:00:00+00:00,28.97885,38.47382,19.997303
2036-12-01 00:00:00+00:00,29.598764,37.46474,23.10298
2036-12-02 00:00:00+00:00,28.96868,36.955654,22.658659
2036-12-03 00:00:00+00:00,28.638596,36.69658,21.964333
2036-12-04 00:00:00+00:00,28.258509,36.037495,21.770012
2036-12-05 00:00:00+00:00,27.978422,35.628414,21.825691
2036-12-06 00:00:00+00:00,27.198336,35.51933,20.181364
2036-12-07 00:00:00+00:00,26.81825,36.060257,18.887045
2036-12-08 00:00:00+00:00,27.088165,36.151173,19.342722
2036-12-09 00:00:00+00:00,27.208082,36.29209,19.5984
2036-12-10 00:00:00+00:00,27.227995,35.58301,19.754076
2036-12-11 00:00:00+00:00,28.347912,36.023933,21.809752
2036-12-12 00:00:00+00:00,27.967825,35.51485,21.41543
2036-12-13 00:00:00+00:00,28.237741,35.955765,21.471107
2036-12-14 00:00:00+00:00,27.407656,33.896687,21.926785
2036-12-15 00:00:00+00:00,26.57757,32.837605,21.032463
2036-12-16 00:00:00+00:00,26.047483,32.778522,19.838139
2036-12-17 00:00:00+00:00,24.817398,32.019444,18.39382
2036-12-18 00:00:00+00:00,24.387314,32.31036,16.899496
2036-12-19 00:00:00+00:00,24.757229,32.701283,17.355171
2036-12-20 00:00:00+00:00,25.127142,33.342197,17.31085
2036-12-21 00:00:00+00:00,25.747057,33.683117,17.866526
2036-12-22 00:00:00+00:00,26.916973,34.874035,19.472204
2036-12-23 00:00:00+00:00,26.036888,33.314953,19.577883
2036-12-24 00:00:00+00:00,24.956802,32.905876,17.383558
2036-12-25 00:00:00+00:00,24.176716,31.946793,17.239235
2036-12-26 00:00:00+00:00,23.79663,31.987713,16.444912
2036-12-27 00:00:00+00:00,24.416546,32.678635,16.750591
2036-12-28 00:00:00+00:00,25.486462,32.96955,19.006271
2036-12-29 00:00:00+00:00,25.156374,31.86047,19.261946
2036-12-30 00:00:00+00:00,23.42629,29.90139,17.267622
2036-12-31 00:00:00+00:00,22.546206,29.34231,16.0233
2037-01-01 00:00:00+00:00,22.916908,29.382305,17.1794
2037-01-02 00:00:00+00:00,24.03999,31.319544,17.936762
2037-01-03 00:00:00+00:00,24.113064,30.506784,18.094124
2037-01-04 00:00:00+00:00,25.086145,32.394024,18.601486
2037-01-05 00:00:00+00:00,26.059223,31.781265,20.70885
2037-01-06 00:00:00+00:00,24.882303,31.0185,19.466213
2037-01-07 00:00:00+00:00,23.305382,30.05574,17.273577
2037-01-08 00:00:00+00:00,22.578459,29.49298,16.73094
2037-01-09 00:00:00+00:00,22.851538,29.880215,16.7383
2037-01-10 00:00:00+00:00,23.074617,28.617455,17.795664
2037-01-11 00:00:00+00:00,24.0977,32.904694,16.053026
2037-01-12 00:00:00+00:00,25.270775,32.84193,18.260391
2037-01-13 00:00:00+00:00,26.743855,35.179173,18.867752
2037-01-14 00:00:00+00:00,26.716932,35.016407,19.225115
2037-01-15 00:00:00+00:00,26.240013,32.953648,19.432478
2037-01-16 00:00:00+00:00,26.563091,32.54089,20.889837
2037-01-17 00:00:00+00:00,26.086168,31.328127,21.397203
2037-01-18 00:00:00+00:00,25.209248,30.015362,20.804564
2037-01-19 00:00:00+00:00,25.882328,32.802605,19.661926
2037-01-20 00:00:00+00:00,26.755405,32.98984,20.91929
2037-01-21 00:00:00+00:00,26.978481,33.47708,20.326653
2037-01-22 00:00:00+00:00,27.151564,33.86432,20.884014
2037-01-23 00:00:00+00:00,26.774641,34.55156,19.791376
2037-01-24 00:00:00+00:00,26.79772,34.7888,18.89874
2037-01-25 00:00:00+00:00,27.170797,35.32604,19.406105
2037-01-26 00:00:00+00:00,26.69388,34.063274,20.263466
2037-01-27 00:00:00+00:00,26.716955,34.50051,20.020828
2037-01-28 00:00:00+00:00,26.740036,34.437748,19.478191
2037-01-29 00:00:00+00:00,26.513113,32.574993,21.135555
2037-01-30 00:00:00+00:00,23.686193,28.362228,17.592916
2037-01-31 00:00:00+00:00,22.659273,29.89947,15.550281
2037-02-01 00:00:00+00:00,24.23235,31.836704,16.907644
2037-02-02 00:00:00+00:00,25.35543,33.623947,17.165007
2037-02-03 00:00:00+00:00,26.778507,35.211185,18.572367
2037-02-04 00:00:00+00:00,27.751587,34.898426,20.42973
2037-02-05 00:00:00+00:00,26.974665,31.685658,22.137094
2037-02-06 00:00:00+00:00,26.097744,31.372902,20.744455
2037-02-07 00:00:00+00:00,22.92082,27.660137,15.751819
2037-02-08 00:00:00+00:00,18.2439,21.897377,14.30918
2037-02-09 00:00:00+00:00,19.61698,25.984615,14.5165415
2037-02-10 00:00:00+00:00,23.490057,31.821857,15.7239065
2037-02-11 00:00:00+00:00,24.313139,29.709095,19.13127
2037-02-12 00:00:00+00:00,26.736217,35.796333,18.08863
2037-02-13 00:00:00+00:00,28.459293,36.133568,21.095995
2037-02-14 00:00:00+00:00,28.882374,37.02081,21.653357
2037-02-15 00:00:00+00:00,29.205454,37.608047,21.16072
2037-02-16 00:00:00+00:00,29.378529,37.345284,21.168083
2037-02-17 00:00:00+00:00,29.201609,37.082527,21.325445
2037-02-18 00:00:00+00:00,27.524689,34.919765,20.53281
2037-02-19 00:00:00+00:00,25.347765,32.957005,17.490171
2037-02-20 00:00:00+00:00,28.520845,37.79424,19.397533
2037-02-21 00:00:00+00:00,31.793924,40.88148,23.504894
2037-02-22 00:00:00+00:00,32.867004,41.068718,25.31226
2037-02-23 00:00:00+00:00,31.69008,39.055958,24.719622
2037-02-24 00:00:00+00:00,29.81316,37.343197,22.226984
2037-02-25 00:00:00+00:00,29.586239,37.680435,21.584347
2037-02-26 00:00:00+00:00,30.65932,39.617676,22.09171
2037-02-27 00:00:00+00:00,30.882397,38.85491,22.999071
2037-02-28 00:00:00+00:00,30.605478,38.392155,23.356436
2037-03-01 00:00:00+00:00,30.27855,38.72939,21.813797
2037-03-02 00:00:00+00:00,31.101633,39.41663,22.62116
2037-03-03 00:00:00+00:00,32.189873,40.81022,23.651266
2037-03-04 00:00:00+00:00,32.903374,41.564392,24.469275
2037-03-05 00:00:00+00:00,32.766872,40.968563,24.587282
2037-03-06 00:00:00+00:00,28.980377,36.07274,21.355291
2037-03-07 00:00:00+00:00,25.043879,31.876911,17.623299
2037-03-08 00:00:00+00:00,27.107382,34.481075,20.191307
2037-03-09 00:00:00+00:00,28.070885,34.885254,21.159317
2037-03-10 00:00:00+00:00,27.634386,33.439423,22.827326
2037-03-11 00:00:00+00:00,27.347885,32.443596,22.145334
2037-03-12 00:00:00+00:00,29.811388,38.14777,22.413345
2037-03-13 00:00:00+00:00,31.024895,38.75194,23.831354
2037-03-14 00:00:00+00:00,31.988394,40.256115,23.749363
2037-03-15 00:00:00+00:00,32.901894,41.010284,24.667372
2037-03-16 00:00:00+00:00,33.615395,41.41446,25.335379
2037-03-17 00:00:00+00:00,33.428898,41.26863,25.303387
2037-03-18 00:00:00+00:00,33.0424,41.322803,24.521397
2037-03-19 00:00:00+00:00,33.4059,42.026978,24.639404
2037-03-20 00:00:00+00:00,34.169403,43.18115,25.457413
2037-03-21 00:00:00+00:00,32.932907,41.78532,24.125423
2037-03-22 00:00:00+00:00,34.54641,42.489494,27.043434
2037-03-23 00:00:00+00:00,34.709908,42.993668,26.361443
2037-03-24 00:00:00+00:00,34.87341,43.04784,26.879452
2037-03-25 00:00:00+00:00,32.186913,39.602013,24.297459
2037-03-26 00:00:00+00:00,30.250416,38.006187,22.015467
2037-03-27 00:00:00+00:00,28.713917,36.260357,20.583477
2037-03-28 00:00:00+00:00,30.777418,38.664528,22.701487
2037-03-29 00:00:00+00:00,32.09092,39.91871,24.119492
2037-03-30 00:00:00+00:00,32.05442,39.272877,24.387503
2037-03-31 00:00:00+00:00,32.667923,40.727047,24.55551
2037-04-01 00:00:00+00:00,33.131424,41.03122,25.17352
2037-04-02 00:00:00+00:00,33.794926,42.035393,25.541527
2037-04-03 00:00:00+00:00,33.85843,42.089558,25.409534
2037-04-04 00:00:00+00:00,34.621933,43.343735,25.877546
2037-04-05 00:00:00+00:00,34.53544,43.69791,24.945555
2037-04-06 00:00:00+00:00,34.148937,43.352085,24.513565
2037-04-07 00:00:00+00:00,35.36244,44.506256,26.431574
2037-04-08 00:00:00+00:00,35.125942,40.510426,29.699583
2037-04-09 00:00:00+00:00,33.289444,40.6146,25.26759
2037-04-10 00:00:00+00:00,32.95294,41.31877,23.935598
2037-04-11 00:00:00+00:00,32.416443,41.172943,23.103607
2037-04-12 00:00:00+00:00,33.12995,41.177113,24.871616
2037-04-13 00:00:00+00:00,32.29345,40.031292,24.239626
2037-04-14 00:00:00+00:00,31.706951,39.68546,23.257633
2037-04-15 00:00:00+00:00,31.620457,39.68963,23.275644
2037-04-16 00:00:00+00:00,32.583954,41.093803,23.74365
2037-04-17 00:00:00+00:00,33.44746,41.397976,25.06166
2037-04-18 00:00:00+00:00,33.81096,41.352154,26.12967
2037-04-19 00:00:00+00:00,33.92446,41.306324,26.197678
2037-04-20 00:00:00+00:00,34.637962,41.860497,26.765686
2037-04-21 00:00:00+00:00,35.001465,42.46467,27.083696
2037-04-22 00:00:00+00:00,35.46497,43.41884,26.651707
2037-04-23 00:00:00+00:00,34.128468,41.023014,26.519712
2037-04-24 00:00:00+00:00,31.291973,38.17718,23.837723
2037-04-25 00:00:00+00:00,31.555471,38.08136,24.905731
2037-04-26 00:00:00+00:00,32.568977,39.63553,25.07374
2037-04-27 00:00:00+00:00,33.83248,41.539703,25.791746
2037-04-28 00:00:00+00:00,34.64598,42.543877,26.559757
2037-04-29 00:00:00+00:00,35.259476,42.798046,27.227766
2037-04-30 00:00:00+00:00,35.77298,42.902218,28.095774
2037-05-01 00:00:00+00:00,36.636486,43.206394,29.313786
2037-05-02 00:00:00+00:00,36.799984,44.110565,28.23179
2037-05-03 00:00:00+00:00,36.0189,41.914192,29.918041
2037-05-04 00:00:00+00:00,36.743233,43.967266,29.77253
2037-05-05 00:00:00+00:00,34.067554,41.02034,26.327017
2037-05-06 00:00:00+00:00,32.841885,39.373417,25.481506
2037-05-07 00:00:00+00:00,32.666214,39.726494,24.735994
2037-05-08 00:00:00+00:00,34.84054,42.729572,25.99048
2037-05-09 00:00:00+00:00,35.01487,42.23265,27.49497
2037-05-10 00:00:00+00:00,34.989197,41.585728,27.199463
2037-05-11 00:00:00+00:00,34.713524,41.8888,26.403948
2037-05-12 00:00:00+00:00,34.487854,41.59188,26.358438
2037-05-13 00:00:00+00:00,32.81218,38.444958,27.362928
2037-05-14 00:00:00+00:00,34.53651,42.698032,26.317413
2037-05-15 00:00:00+00:00,37.510838,44.80111,29.571903
2037-05-16 00:00:00+00:00,37.435165,44.404186,29.62639
2037-05-17 00:00:00+00:00,35.809494,43.757263,27.38088
2037-05-18 00:00:00+00:00,36.033825,44.560337,27.735367
2037-05-19 00:00:00+00:00,35.00815,43.063416,26.039856
2037-05-20 00:00:00+00:00,34.13248,42.216496,24.794346
2037-05-21 00:00:00+00:00,33.256805,41.16957,24.648832
2037-05-22 00:00:00+00:00,34.181133,42.022648,25.753323
2037-05-23 00:00:00+00:00,36.255463,45.025723,27.65781
2037-05-24 00:00:00+00:00,37.62979,45.928802,29.262299
2037-05-25 00:00:00+00:00,37.954117,45.231876,30.116787
2037-05-26 00:00:00+00:00,36.828445,44.134956,28.521273
2037-05-27 00:00:00+00:00,34.952774,41.438026,27.175764
2037-05-28 00:00:00+00:00,33.1771,39.891113,25.530252
2037-05-29 00:00:00+00:00,33.501434,39.844177,26.734741
2037-05-30 00:00:00+00:00,34.07576,40.847256,26.53923
2037-05-31 00:00:00+00:00,33.800087,40.800335,26.143719
2037-06-01 00:00:00+00:00,33.624413,41.353413,25.398203
2037-06-02 00:00:00+00:00,33.24874,40.50649,25.002695
2037-06-03 00:00:00+00:00,33.27307,39.959564,25.857183
2037-06-04 00:00:00+00:00,29.247396,34.562645,24.011671
2037-06-05 00:00:00+00:00,32.92173,39.665726,26.66616
2037-06-06 00:00:00+00:00,34.646057,42.1688,27.420647
2037-06-07 00:00:00+00:00,34.720387,41.171875,28.375135
2037-06-08 00:00:00+00:00,33.644707,41.07495,27.329624
2037-06-09 00:00:00+00:00,34.319042,40.77803,27.684113
2037-06-10 00:00:00+00:00,34.143368,40.931107,26.638603
2037-06-11 00:00:00+00:00,33.117695,39.93418,27.74309
2037-06-12 00:00:00+00:00,32.492023,38.78726,26.44758
2037-06-13 00:00:00+00:00,32.866356,40.040337,25.452065
2037-06-14 00:00:00+00:00,32.14068,38.79341,25.156557
2037-06-15 00:00:00+00:00,31.365005,37.646484,24.611044
2037-06-16 00:00:00+00:00,32.089336,38.149563,25.715532
2037-06-17 00:00:00+00:00,32.063663,38.102642,26.070023
2037-06-18 00:00:00+00:00,31.38799,37.305717,24.87451
2037-06-19 00:00:00+00:00,34.26232,40.90879,28.129
2037-06-20 00:00:00+00:00,34.436646,41.16187,27.633486
2037-06-21 00:00:00+00:00,33.410973,40.31495,26.387972
2037-06-22 00:00:00+00:00,33.185303,39.618023,27.042463
2037-06-23 00:00:00+00:00,33.50963,40.221104,28.146954
2037-06-24 00:00:00+00:00,33.53396,39.674175,27.95144
2037-06-25 00:00:00+00:00,34.05829,39.877254,28.005928
2037-06-26 00:00:00+00:00,33.782616,38.58033,28.610416
2037-06-27 00:00:00+00:00,33.35694,37.383404,28.614904
2037-06-28 00:00:00+00:00,34.081272,39.586483,29.019392
2037-06-29 00:00:00+00:00,34.4056,40.68956,28.623884
2037-06-30 00:00:00+00:00,33.07993,38.09264,27.978369
2037-07-01 00:00:00+00:00,33.104256,39.595715,28.432858
2037-07-02 00:00:00+00:00,33.128586,38.19879,27.887348
2037-07-03 00:00:00+00:00,33.1996,39.15593,27.125422
2037-07-04 00:00:00+00:00,32.168625,38.815514,26.80365
2037-07-05 00:00:00+00:00,31.387648,36.97509,27.081871
2037-07-06 00:00:00+00:00,31.05667,35.884674,27.110096
2037-07-07 00:00:00+00:00,28.825693,32.544254,25.038324
2037-07-08 00:00:00+00:00,30.294718,35.75383,26.366549
2037-07-09 00:00:00+00:00,31.11374,36.763412,26.494776
2037-07-10 00:00:00+00:00,31.632765,37.522987,26.473001
2037-07-11 00:00:00+00:00,31.75179,37.43257,26.001226
2037-07-12 00:00:00+00:00,32.420815,38.592148,27.02945
2037-07-13 00:00:00+00:00,31.289837,38.001728,26.657675
2037-07-14 00:00:00+00:00,30.308859,35.56131,25.685902
2037-07-15 00:00:00+00:00,30.177885,36.370888,26.014128
2037-07-16 00:00:00+00:00,29.396908,35.180473,25.792355
2037-07-17 00:00:00+00:00,28.71593,34.94005,25.270578
2037-07-18 00:00:00+00:00,27.884954,33.44963,24.948801
2037-07-19 00:00:00+00:00,28.35398,33.609207,24.67703
2037-07-20 00:00:00+00:00,30.923002,36.11879,25.955256
2037-07-21 00:00:00+00:00,31.242027,36.628365,26.13348
2037-07-22 00:00:00+00:00,30.21105,35.68795,26.411707
2037-07-23 00:00:00+00:00,29.330074,35.247528,24.239933
2037-07-24 00:00:00+00:00,27.049097,32.107105,23.368156
2037-07-25 00:00:00+00:00,28.568121,33.466686,24.696383
2037-07-26 00:00:00+00:00,27.737146,31.526264,24.374607
2037-07-27 00:00:00+00:00,28.40617,33.08585,23.702833
2037-07-28 00:00:00+00:00,31.325193,36.34543,26.031061
2037-07-29 00:00:00+00:00,32.14422,37.055008,27.509281
2037-07-30 00:00:00+00:00,29.213238,31.864586,26.53751
2037-07-31 00:00:00+00:00,28.932264,35.874165,25.265736
2037-08-01 00:00:00+00:00,29.701288,35.083744,24.54396
2037-08-02 00:00:00+00:00,31.170313,36.743324,26.972187
2037-08-03 00:00:00+00:00,29.889336,34.9529,26.000414
2037-08-04 00:00:00+00:00,28.408361,33.962486,24.428638
2037-08-05 00:00:00+00:00,27.327381,31.222065,23.806862
2037-08-06 00:00:00+00:00,29.496407,34.231644,24.63509
2037-08-07 00:00:00+00:00,32.265434,37.34123,27.213314
2037-08-08 00:00:00+00:00,30.634453,37.050804,27.19154
2037-08-09 00:00:00+00:00,30.403479,35.160385,25.519764
2037-08-10 00:00:00+00:00,32.2725,37.019962,27.94799
2037-08-11 00:00:00+00:00,25.441525,30.979542,22.976217
2037-08-12 00:00:00+00:00,26.960552,31.33912,23.054443
2037-08-13 00:00:00+00:00,28.879574,34.498703,24.53267
2037-08-14 00:00:00+00:00,28.648598,35.05828,24.860893
2037-08-15 00:00:00+00:00,26.617624,29.91786,24.739119
2037-08-16 00:00:00+00:00,27.836643,32.67744,24.117344
2037-08-17 00:00:00+00:00,28.305668,32.737022,25.445568
2037-08-18 00:00:00+00:00,29.72469,35.0966,26.273794
2037-08-19 00:00:00+00:00,28.193716,32.65618,24.55202
2037-08-20 00:00:00+00:00,28.06274,31.86576,24.680244
2037-08-21 00:00:00+00:00,27.881763,31.07534,24.758472
2037-08-22 00:00:00+00:00,27.700787,31.934917,24.536697
2037-08-23 00:00:00+00:00,28.31981,32.494503,23.964922
2037-08-24 00:00:00+00:00,28.988834,34.35408,25.743147
2037-08-25 00:00:00+00:00,28.007858,32.56366,25.321373
2037-08-26 00:00:00+00:00,27.276882,30.723242,24.499598
2037-08-27 00:00:00+00:00,27.595907,30.932816,24.677826
2037-08-28 00:00:00+00:00,28.314928,32.742397,25.006052
2037-08-29 00:00:00+00:00,28.783953,33.75198,24.984274
2037-08-30 00:00:00+00:00,28.102978,31.26156,25.362501
2037-08-31 00:00:00+00:00,27.472002,30.77114,24.590727
2037-09-01 00:00:00+00:00,27.441027,32.03072,24.668951
2037-09-02 00:00:00+00:00,27.695896,32.086876,24.315687
2037-09-03 00:00:00+00:00,28.596048,33.691887,24.201921
2037-09-04 00:00:00+00:00,29.346203,34.2469,25.38816
2037-09-05 00:00:00+00:00,28.796356,33.851917,25.1244
2037-09-06 00:00:00+00:00,28.296507,33.40693,24.810637
2037-09-07 00:00:00+00:00,28.74666,32.66194,25.096872
2037-09-08 00:00:00+00:00,28.846813,34.066956,25.733107
2037-09-09 00:00:00+00:00,28.046967,32.071964,24.969347
2037-09-10 00:00:00+00:00,27.947117,32.52698,24.405582
2037-09-11 00:00:00+00:00,28.247272,33.181995,24.64182
2037-09-12 00:00:00+00:00,28.547424,33.63701,24.828058
2037-09-13 00:00:00+00:00,27.947578,31.64202,25.214296
2037-09-14 00:00:00+00:00,27.89773,32.997036,24.150534
2037-09-15 00:00:00+00:00,28.497885,33.25205,24.086771
2037-09-16 00:00:00+00:00,29.798037,34.10706,25.72301
2037-09-17 00:00:00+00:00,28.898188,32.91208,25.659246
2037-09-18 00:00:00+00:00,28.748343,34.11709,24.94548
2037-09-19 00:00:00+00:00,28.748495,32.4221,24.931719
2037-09-20 00:00:00+00:00,29.198647,34.327114,24.667955
2037-09-21 00:00:00+00:00,29.548801,34.182133,25.054192
2037-09-22 00:00:00+00:00,29.198954,33.73714,25.64043
2037-09-23 00:00:00+00:00,28.099108,32.042156,24.226667
2037-09-24 00:00:00+00:00,27.849258,31.947168,24.562904
2037-09-25 00:00:00+00:00,27.699411,31.70218,24.39914
2037-09-26 00:00:00+00:00,28.449566,32.857197,24.53538
2037-09-27 00:00:00+00:00,29.549717,34.91221,24.471617
2037-09-28 00:00:00+00:00,29.549871,34.017223,24.857853
2037-09-29 00:00:00+00:00,29.550022,34.322235,24.89409
2037-09-30 00:00:00+00:00,29.550177,35.12725,24.53033
2037-10-01 00:00:00+00:00,29.30033,34.38226,24.066566
2037-10-02 00:00:00+00:00,28.750483,34.537277,23.752804
2037-10-03 00:00:00+00:00,28.400635,34.192287,22.939041
2037-10-04 00:00:00+00:00,28.750786,33.8973,23.475277
2037-10-05 00:00:00+00:00,29.50094,35.602318,24.061516
2037-10-06 00:00:00+00:00,29.651093,35.15733,24.54775
2037-10-07 00:00:00+00:00,29.751245,36.562344,24.483986
2037-10-08 00:00:00+00:00,29.601398,35.067356,23.820227
2037-10-09 00:00:00+00:00,30.201553,35.372368,24.806463
2037-10-10 00:00:00+00:00,30.701706,36.17738,25.8927
2037-10-11 00:00:00+00:00,30.551857,35.5824,26.128937
2037-10-12 00:00:00+00:00,30.95201,37.487408,24.915174
2037-10-13 00:00:00+00:00,30.852163,37.64242,25.051414
2037-10-14 00:00:00+00:00,29.652317,35.147438,25.23765
2037-10-15 00:00:00+00:00,28.05247,33.10245,23.523888
2037-10-16 00:00:00+00:00,27.952623,34.25746,22.460125
2037-10-17 00:00:00+00:00,29.302776,35.81248,23.546364
2037-10-18 00:00:00+00:00,29.102928,35.767487,23.1826
2037-10-19 00:00:00+00:00,29.15308,36.4225,22.718836
2037-10-20 00:00:00+00:00,29.253233,37.027515,22.305073
2037-10-21 00:00:00+00:00,28.503387,35.282528,22.341312
2037-10-22 00:00:00+00:00,28.50354,35.28754,22.67755
2037-10-23 00:00:00+00:00,29.103693,37.19256,23.013784
2037-10-24 00:00:00+00:00,30.903845,39.49757,23.30002
2037-10-25 00:00:00+00:00,30.603996,39.702583,22.88626
2037-10-26 00:00:00+00:00,29.60415,37.6076,21.872498
2037-10-27 00:00:00+00:00,29.704304,36.462612,23.108734
2037-10-28 00:00:00+00:00,30.204456,38.76762,23.094969
2037-10-29 00:00:00+00:00,30.55461,40.072636,22.33121
2037-10-30 00:00:00+00:00,30.204763,39.47765,21.817448
2037-10-31 00:00:00+00:00,29.704918,38.382668,21.653683
2037-11-01 00:00:00+00:00,29.605068,38.337673,21.58992
2037-11-02 00:00:00+00:00,29.778763,38.080357,22.349417
2037-11-03 00:00:00+00:00,30.298676,38.821274,22.505095
2037-11-04 00:00:00+00:00,30.56859,38.362198,23.710772
2037-11-05 00:00:00+00:00,30.388506,36.753117,24.76645
2037-11-06 00:00:00+00:00,29.00842,36.494034,22.972128
2037-11-07 00:00:00+00:00,28.628338,36.68495,21.677803
2037-11-08 00:00:00+00:00,29.44825,38.075874,22.83348
2037-11-09 00:00:00+00:00,29.868166,38.36679,22.989159
2037-11-10 00:00:00+00:00,30.438082,39.25771,23.544836
2037-11-11 00:00:00+00:00,30.807995,38.798634,23.600513
2037-11-12 00:00:00+00:00,29.877909,36.88955,22.506191
2037-11-13 00:00:00+00:00,30.147821,37.880466,22.211868
2037-11-14 00:00:00+00:00,30.367737,39.52139,21.917545
2037-11-15 00:00:00+00:00,29.687653,38.812305,21.173223
2037-11-16 00:00:00+00:00,28.607567,38.153225,20.528902
2037-11-17 00:00:00+00:00,27.877481,37.19414,19.934574
2037-11-18 00:00:00+00:00,27.197397,37.13506,18.340254
2037-11-19 00:00:00+00:00,27.367311,37.37598,17.54593
2037-11-20 00:00:00+00:00,27.987226,37.566902,18.501612
2037-11-21 00:00:00+00:00,28.207142,37.95782,19.157288
2037-11-22 00:00:00+00:00,28.727058,37.598736,21.162964
2037-11-23 00:00:00+00:00,29.896969,37.73966,22.818642
2037-11-24 00:00:00+00:00,31.216883,39.380573,24.374317
2037-11-25 00:00:00+00:00,30.4868,38.221493,23.829996
2037-11-26 00:00:00+00:00,28.756714,36.962414,21.285673
2037-11-27 00:00:00+00:00,27.476627,36.05333,18.99135
2037-11-28 00:00:00+00:00,27.846542,36.99425,18.74703
2037-11-29 00:00:00+00:00,28.466457,37.185173,20.152704
2037-11-30 00:00:00+00:00,28.686375,36.826088,21.408384
2037-12-01 00:00:00+00:00,28.406286,35.867012,21.714062
2037-12-02 00:00:00+00:00,27.8262,34.757927,21.669737
2037-12-03 00:00:00+00:00,26.746115,33.848854,20.175415
2037-12-04 00:00:00+00:00,27.76603,35.189766,21.331093
2037-12-05 00:00:00+00:00,28.185944,36.130684,20.936771
2037-12-06 00:00:00+00:00,28.255861,35.371605,21.642447
2037-12-07 00:00:00+00:00,28.325773,35.612522,21.448126
2037-12-08 00:00:00+00:00,27.195688,34.853447,20.153805
2037-12-09 00:00:00+00:00,27.065601,35.044365,19.759478
2037-12-10 00:00:00+00:00,27.08552,35.13528,19.715157
2037-12-11 00:00:00+00:00,26.855434,34.826202,19.820835
2037-12-12 00:00:00+00:00,26.675346,34.76712,18.876513
2037-12-13 00:00:00+00:00,27.39526,35.458035,20.48219
2037-12-14 00:00:00+00:00,26.765177,34.148956,20.787867
2037-12-15 00:00:00+00:00,26.785091,34.589874,19.843544
2037-12-16 00:00:00+00:00,27.155005,34.630795,20.299221
2037-12-17 00:00:00+00:00,27.124918,35.521713,19.354898
2037-12-18 00:00:00+00:00,27.544836,36.06263,19.560575
2037-12-19 00:00:00+00:00,28.51475,35.85355,22.466251
2037-12-20 00:00:00+00:00,26.884665,33.99447,20.371931
2037-12-21 00:00:00+00:00,25.804579,32.835384,19.177607
2037-12-22 00:00:00+00:00,25.724495,33.926308,17.983284
2037-12-23 00:00:00+00:00,27.044409,34.41723,20.288963
2037-12-24 00:00:00+00:00,27.414322,34.908146,20.594639
2037-12-25 00:00:00+00:00,26.784237,34.24906,19.950317
2037-12-26 00:00:00+00:00,26.404154,34.089985,18.955994
2037-12-27 00:00:00+00:00,26.224066,33.930904,19.211672
2037-12-28 00:00:00+00:00,27.19398,33.22182,22.067348
2037-12-29 00:00:00+00:00,27.813894,34.412743,22.473026
2037-12-30 00:00:00+00:00,28.033812,35.20366,21.578707
2037-12-31 00:00:00+00:00,26.453726,32.69458,20.184381
2038-01-01 00:00:00+00:00,26.37364,33.535496,20.140059
2038-01-02 00:00:00+00:00,27.34672,35.872734,19.497421
2038-01-03 00:00:00+00:00,27.6698,36.359978,20.254786
2038-01-04 00:00:00+00:00,27.792875,35.697212,20.862146
2038-01-05 00:00:00+00:00,27.315954,34.48445,21.41951
2038-01-06 00:00:00+00:00,26.189032,32.02169,20.326872
2038-01-07 00:00:00+00:00,26.962112,34.608932,20.034235
2038-01-08 00:00:00+00:00,27.235191,34.49617,19.941599
2038-01-09 00:00:00+00:00,27.508268,33.33341,22.14896
2038-01-10 00:00:00+00:00,27.781347,34.520645,21.806322
2038-01-11 00:00:00+00:00,26.654427,32.157883,21.813686
2038-01-12 00:00:00+00:00,25.877506,30.64512,21.071047
2038-01-13 00:00:00+00:00,25.750584,30.58236,20.928411
2038-01-14 00:00:00+00:00,26.923664,35.2696,19.135773
2038-01-15 00:00:00+00:00,27.146742,34.85684,19.343136
2038-01-16 00:00:00+00:00,26.81982,32.39408,21.2005
2038-01-17 00:00:00+00:00,26.842897,33.081314,21.10786
2038-01-18 00:00:00+00:00,26.66598,32.168556,20.915224
2038-01-19 00:00:00+00:00,27.639055,35.105797,20.622585
2038-01-20 00:00:00+00:00,26.912136,34.493034,19.479948
2038-01-21 00:00:00+00:00,26.785213,32.13027,21.637314
2038-01-22 00:00:00+00:00,27.858292,34.917507,22.044674
2038-01-23 00:00:00+00:00,27.381374,35.50475,19.852037
2038-01-24 00:00:00+00:00,27.90445,36.34199,20.209398
2038-01-25 00:00:00+00:00,28.37753,36.77923,20.616764
2038-01-26 00:00:00+00:00,28.900608,37.21646,21.124126
2038-01-27 00:00:00+00:00,28.523687,36.253704,21.331488
2038-01-28 00:00:00+00:00,27.546764,34.240944,21.18885
2038-01-29 00:00:00+00:00,26.519844,32.828182,20.546213
2038-01-30 00:00:00+00:00,27.542921,35.51542,19.603579
2038-01-31 00:00:00+00:00,27.216003,34.20266,20.260939
2038-02-01 00:00:00+00:00,27.939081,35.089897,21.268303
2038-02-02 00:00:00+00:00,28.012157,34.47714,21.875664
2038-02-03 00:00:00+00:00,27.885239,33.764374,21.983027
2038-02-04 00:00:00+00:00,28.208317,35.701614,21.090391
2038-02-05 00:00:00+00:00,29.181395,37.33885,21.197752
2038-02-06 00:00:00+00:00,29.904472,37.976093,22.155115
2038-02-07 00:00:00+00:00,30.777554,39.16333,23.062477
2038-02-08 00:00:00+00:00,30.70063,38.200565,24.06984
2038-02-09 00:00:00+00:00,30.57371,38.787807,23.077204
2038-02-10 00:00:00+00:00,31.396788,39.175045,23.984564
2038-02-11 00:00:00+00:00,31.41987,38.912285,23.791927
2038-02-12 00:00:00+00:00,29.992947,37.99952,22.39929
2038-02-13 00:00:00+00:00,31.866026,39.686764,24.956654
2038-02-14 00:00:00+00:00,31.289104,38.374,24.814014
2038-02-15 00:00:00+00:00,30.762184,37.16124,24.67138
2038-02-16 00:00:00+00:00,28.485262,33.898476,22.528742
2038-02-17 00:00:00+00:00,27.05834,32.285717,21.236103
2038-02-18 00:00:00+00:00,26.83142,33.672955,20.143469
2038-02-19 00:00:00+00:00,25.754498,30.110195,21.10083
2038-02-20 00:00:00+00:00,26.627575,33.747433,20.308193
2038-02-21 00:00:00+00:00,27.600657,34.53467,21.215555
2038-02-22 00:00:00+00:00,27.823734,35.421913,20.422916
2038-02-23 00:00:00+00:00,28.446812,36.409153,20.68028
2038-02-24 00:00:00+00:00,28.569893,35.29639,21.887642
2038-02-25 00:00:00+00:00,28.04297,35.033627,19.595005
2038-02-26 00:00:00+00:00,24.71605,31.17086,17.552368
2038-02-27 00:00:00+00:00,24.639128,30.558104,16.95973
2038-02-28 00:00:00+00:00,22.262205,28.495338,16.467093
2038-03-01 00:00:00+00:00,25.285284,33.382576,17.124454
2038-03-02 00:00:00+00:00,26.108366,33.01982,18.881819
2038-03-03 00:00:00+00:00,25.986496,32.809177,18.746765
2038-03-04 00:00:00+00:00,24.899998,33.113346,16.814772
2038-03-05 00:00:00+00:00,25.3135,33.31752,17.082779
2038-03-06 00:00:00+00:00,27.427004,35.871693,18.800789
2038-03-07 00:00:00+00:00,29.390503,37.725864,20.668797
2038-03-08 00:00:00+00:00,31.854008,40.58004,22.836807
2038-03-09 00:00:00+00:00,32.967506,40.734215,26.254814
2038-03-10 00:00:00+00:00,34.131012,42.13838,26.522823
2038-03-11 00:00:00+00:00,33.894512,41.242554,26.590836
2038-03-12 00:00:00+00:00,33.60801,41.946724,25.808842
2038-03-13 00:00:00+00:00,34.171516,41.850903,26.426851
2038-03-14 00:00:00+00:00,33.785015,41.20507,26.394863
2038-03-15 00:00:00+00:00,32.398514,39.85924,24.812868
2038-03-16 00:00:00+00:00,32.06202,39.913418,24.13088
2038-03-17 00:00:00+00:00,32.725525,40.61759,24.698885
2038-03-18 00:00:00+00:00,33.289024,41.271763,25.266893
2038-03-19 00:00:00+00:00,33.602524,41.57593,25.584904
2038-03-20 00:00:00+00:00,33.666027,41.180107,25.802912
2038-03-21 00:00:00+00:00,33.07953,40.48428,25.47092
2038-03-22 00:00:00+00:00,32.993034,40.73845,24.588928
2038-03-23 00:00:00+00:00,33.606533,41.54262,25.156939
2038-03-24 00:00:00+00:00,33.670036,41.346794,26.07495
2038-03-25 00:00:00+00:00,33.583538,41.30097,25.242956
2038-03-26 00:00:00+00:00,32.49704,40.60514,24.210966
2038-03-27 00:00:00+00:00,33.360542,41.459312,25.028975
2038-03-28 00:00:00+00:00,33.474045,41.41349,25.596983
2038-03-29 00:00:00+00:00,34.487545,43.217655,25.714993
2038-03-30 00:00:00+00:00,36.05105,45.12183,26.683002
2038-03-31 00:00:00+00:00,37.964554,46.976,29.301008
2038-04-01 00:00:00+00:00,35.578053,43.430176,27.269018
2038-04-02 00:00:00+00:00,33.991554,42.184353,25.337027
2038-04-03 00:00:00+00:00,33.855053,41.438522,25.955032
2038-04-04 00:00:00+00:00,34.71856,42.892693,26.123043
2038-04-05 00:00:00+00:00,36.882057,45.246864,28.141052
2038-04-06 00:00:00+00:00,37.245564,44.15103,29.559063
2038-04-07 00:00:00+00:00,33.90906,41.90521,24.72707
2038-04-08 00:00:00+00:00,33.122566,40.90938,23.79508
2038-04-09 00:00:00+00:00,31.83607,40.113556,22.213089
2038-04-10 00:00:00+00:00,31.899567,40.36773,22.281097
2038-04-11 00:00:00+00:00,32.71307,40.7219,24.099106
2038-04-12 00:00:00+00:00,33.62657,41.976074,24.367115
2038-04-13 00:00:00+00:00,33.540073,41.130245,25.385122
2038-04-14 00:00:00+00:00,34.20358,42.88442,25.653131
2038-04-15 00:00:00+00:00,34.51708,42.888588,25.47114
2038-04-16 00:00:00+00:00,35.330574,44.442764,25.689146
2038-04-17 00:00:00+00:00,34.494083,42.396935,25.457157
2038-04-18 00:00:00+00:00,33.557587,43.001106,23.475166
2038-04-19 00:00:00+00:00,35.371086,44.00528,26.543177
2038-04-20 00:00:00+00:00,35.134583,43.059452,27.161184
2038-04-21 00:00:00+00:00,33.848087,42.813625,23.829193
2038-04-22 00:00:00+00:00,34.16159,43.517796,24.4972
2038-04-23 00:00:00+00:00,34.92509,43.47197,26.365213
2038-04-24 00:00:00+00:00,33.538597,41.776146,24.93322
2038-04-25 00:00:00+00:00,33.152092,41.880314,23.751226
2038-04-26 00:00:00+00:00,32.3156,40.684486,23.069235
2038-04-27 00:00:00+00:00,31.779106,40.53866,22.037245
2038-04-28 00:00:00+00:00,32.692604,42.192833,22.455254
2038-04-29 00:00:00+00:00,35.356102,44.246998,25.973263
2038-04-30 00:00:00+00:00,34.619606,42.401176,26.291273
2038-05-01 00:00:00+00:00,33.58311,41.50535,25.00928
2038-05-02 00:00:00+00:00,33.19661,41.70952,24.427288
2038-05-03 00:00:00+00:00,33.812817,42.56342,25.00442
2038-05-04 00:00:00+00:00,33.537148,40.766495,25.558908
2038-05-05 00:00:00+00:00,32.16148,39.01957,24.813395
2038-05-06 00:00:00+00:00,32.935806,40.772644,24.717884
2038-05-07 00:00:00+00:00,34.110134,41.925728,26.22237
2038-05-08 00:00:00+00:00,35.084457,42.7788,26.926859
2038-05-09 00:00:00+00:00,34.658787,41.731884,27.231348
2038-05-10 00:00:00+00:00,33.133114,41.084957,24.935837
2038-05-11 00:00:00+00:00,32.857445,40.488033,25.040325
2038-05-12 00:00:00+00:00,33.33177,40.44111,26.394815
2038-05-13 00:00:00+00:00,36.006096,44.99419,26.899303
2038-05-14 00:00:00+00:00,38.630432,46.94726,31.003792
2038-05-15 00:00:00+00:00,34.554756,41.600346,26.108278
2038-05-16 00:00:00+00:00,32.129086,39.653416,23.812767
2038-05-17 00:00:00+00:00,32.35341,39.856495,24.267256
2038-05-18 00:00:00+00:00,32.22774,39.509567,23.971745
2038-05-19 00:00:00+00:00,31.452068,39.712646,22.126234
2038-05-20 00:00:00+00:00,31.226395,38.715725,22.63072
2038-05-21 00:00:00+00:00,32.95072,41.018803,24.63521
2038-05-22 00:00:00+00:00,33.825054,43.471878,23.8397
2038-05-23 00:00:00+00:00,35.49938,43.974953,26.644186
2038-05-24 00:00:00+00:00,33.073708,41.428032,24.198675
2038-05-25 00:00:00+00:00,33.048035,40.83111,24.403164
2038-05-26 00:00:00+00:00,32.272366,38.884186,24.757654
2038-05-27 00:00:00+00:00,34.14669,42.287262,25.862139
2038-05-28 00:00:00+00:00,34.521023,41.790337,26.31663
2038-05-29 00:00:00+00:00,34.195343,41.193417,26.471119
2038-05-30 00:00:00+00:00,34.56968,43.54649,25.275606
2038-05-31 00:00:00+00:00,36.744003,44.999565,28.280092
2038-06-01 00:00:00+00:00,36.51833,44.102642,28.384586
2038-06-02 00:00:00+00:00,34.592667,42.405724,26.289072
2038-06-03 00:00:00+00:00,34.316986,42.558796,25.643559
2038-06-04 00:00:00+00:00,33.841316,41.461872,25.498049
2038-06-05 00:00:00+00:00,33.615646,41.11495,25.552538
2038-06-06 00:00:00+00:00,33.739975,40.96803,25.707024
2038-06-07 00:00:00+00:00,33.4143,38.721104,27.161516
2038-06-08 00:00:00+00:00,32.43863,38.42418,26.316004
2038-06-09 00:00:00+00:00,32.76296,40.377254,24.870491
2038-06-10 00:00:00+00:00,31.637283,37.580334,25.274979
2038-06-11 00:00:00+00:00,30.811615,35.58341,25.42947
2038-06-12 00:00:00+00:00,31.085945,34.786488,26.983957
2038-06-13 00:00:00+00:00,34.16027,42.539566,26.638445
2038-06-14 00:00:00+00:00,34.684597,41.642643,26.942934
2038-06-15 00:00:00+00:00,33.558926,40.19572,26.497423
2038-06-16 00:00:00+00:00,32.783253,39.198795,25.65191
2038-06-17 00:00:00+00:00,33.10758,39.35187,27.206398
2038-06-18 00:00:00+00:00,33.33191,40.80495,25.960886
2038-06-19 00:00:00+00:00,33.706238,40.408024,26.315376
2038-06-20 00:00:00+00:00,33.080566,39.9611,25.819864
2038-06-21 00:00:00+00:00,33.154892,40.21418,25.924355
2038-06-22 00:00:00+00:00,33.079224,40.067257,25.57884
2038-06-23 00:00:00+00:00,32.90355,39.57033,26.13333
2038-06-24 00:00:00+00:00,32.92788,39.57341,26.13782
2038-06-25 00:00:00+00:00,33.15221,39.526485,26.692308
2038-06-26 00:00:00+00:00,34.626534,41.379562,27.996794
2038-06-27 00:00:00+00:00,35.35086,42.182636,28.251284
2038-06-28 00:00:00+00:00,34.525192,41.535717,27.155773
2038-06-29 00:00:00+00:00,33.54952,39.538795,27.26026
2038-06-30 00:00:00+00:00,33.923847,40.841866,26.66475
2038-07-01 00:00:00+00:00,32.598175,39.444946,25.36924
2038-07-02 00:00:00+00:00,31.972502,38.148018,25.873726
2038-07-03 00:00:00+00:00,33.244843,39.10354,27.218365
2038-07-04 00:00:00+00:00,33.963867,41.063118,26.896591
2038-07-05 00:00:00+00:00,32.93289,39.0227,26.424816
2038-07-06 00:00:00+00:00,31.551914,36.28228,26.653044
2038-07-07 00:00:00+00:00,31.72094,37.291855,26.231268
2038-07-08 00:00:00+00:00,32.73996,39.351437,26.259491
2038-07-09 00:00:00+00:00,32.758987,39.411015,25.937717
2038-07-10 00:00:00+00:00,30.87801,35.520596,27.165943
2038-07-11 00:00:00+00:00,29.84703,35.130177,25.94417
2038-07-12 00:00:00+00:00,30.966055,36.239754,26.622396
2038-07-13 00:00:00+00:00,31.23508,37.599335,24.95062
2038-07-14 00:00:00+00:00,31.5041,37.858917,25.078846
2038-07-15 00:00:00+00:00,29.973127,35.968494,25.507072
2038-07-16 00:00:00+00:00,29.192152,34.528076,24.935299
2038-07-17 00:00:00+00:00,30.261175,35.087654,25.813524
2038-07-18 00:00:00+00:00,30.430199,35.447235,25.09175
2038-07-19 00:00:00+00:00,31.849222,36.706814,27.019974
2038-07-20 00:00:00+00:00,32.718246,37.86639,27.548199
2038-07-21 00:00:00+00:00,32.78727,38.575974,27.026424
2038-07-22 00:00:00+00:00,31.706295,37.88555,25.45465
2038-07-23 00:00:00+00:00,32.325317,38.045135,26.182875
2038-07-24 00:00:00+00:00,31.34434,37.00471,27.5611
2038-07-25 00:00:00+00:00,28.763365,33.81429,25.889328
2038-07-26 00:00:00+00:00,26.732391,30.323872,23.867552
2038-07-27 00:00:00+00:00,27.351414,32.583454,24.345778
2038-07-28 00:00:00+00:00,29.220436,34.54303,24.524002
2038-07-29 00:00:00+00:00,30.48946,35.252613,26.502228
2038-07-30 00:00:00+00:00,28.408485,31.61219,25.680456
2038-07-31 00:00:00+00:00,30.827509,36.87177,25.75868
2038-08-01 00:00:00+00:00,33.396534,38.831352,28.136906
2038-08-02 00:00:00+00:00,32.465553,38.54093,26.465132
2038-08-03 00:00:00+00:00,31.58458,36.90051,26.343355
2038-08-04 00:00:00+00:00,31.553602,38.06009,26.92158
2038-08-05 00:00:00+00:00,29.272627,32.41967,26.699808
2038-08-06 00:00:00+00:00,28.641651,33.07925,23.778032
2038-08-07 00:00:00+00:00,24.910675,26.538832,23.256256
2038-08-08 00:00:00+00:00,27.8297,32.39841,23.234484
2038-08-09 00:00:00+00:00,31.348724,36.357994,26.412708
2038-08-10 00:00:00+00:00,32.567745,38.467564,26.990936
2038-08-11 00:00:00+00:00,31.13677,35.62715,26.569159
2038-08-12 00:00:00+00:00,30.305796,35.836727,27.097383
2038-08-13 00:00:00+00:00,29.824816,35.046307,26.47561
2038-08-14 00:00:00+00:00,30.443842,36.455887,27.103836
2038-08-15 00:00:00+00:00,30.462864,35.51547,26.232061
2038-08-16 00:00:00+00:00,30.88189,36.525043,26.760286
2038-08-17 00:00:00+00:00,28.400915,32.284626,25.388512
2038-08-18 00:00:00+00:00,28.519936,32.54421,24.416739
2038-08-19 00:00:00+00:00,30.33896,35.753784,25.544964
2038-08-20 00:00:00+00:00,28.007982,30.913366,23.823189
2038-08-21 00:00:00+00:00,26.227007,30.222948,23.701416
2038-08-22 00:00:00+00:00,26.546028,29.582527,23.679638
2038-08-23 00:00:00+00:00,29.165056,34.142105,23.857866
2038-08-24 00:00:00+00:00,31.984081,37.001686,26.736092
2038-08-25 00:00:00+00:00,31.053102,36.21126,25.814318
2038-08-26 00:00:00+00:00,28.722128,32.720844,25.442543
2038-08-27 00:00:00+00:00,29.14115,33.830425,25.570766
2038-08-28 00:00:00+00:00,30.510174,36.440002,25.548994
2038-08-29 00:00:00+00:00,29.1292,32.799583,25.627218
2038-08-30 00:00:00+00:00,28.448221,32.759163,24.405445
2038-08-31 00:00:00+00:00,30.167246,34.818745,26.03367
2038-09-01 00:00:00+00:00,29.736267,34.878323,26.461893
2038-09-02 00:00:00+00:00,27.445858,30.88562,24.319124
2038-09-03 00:00:00+00:00,26.946012,30.790636,23.355366
2038-09-04 00:00:00+00:00,28.496162,33.095646,24.6916
2038-09-05 00:00:00+00:00,27.896317,31.500656,25.327839
2038-09-06 00:00:00+00:00,27.346468,30.555674,24.464077
2038-09-07 00:00:00+00:00,28.14662,32.310684,24.300314
2038-09-08 00:00:00+00:00,28.746775,33.365704,24.83655
2038-09-09 00:00:00+00:00,29.34693,33.520714,25.472788
2038-09-10 00:00:00+00:00,28.797083,33.67573,26.259026
2038-09-11 00:00:00+00:00,27.397234,30.88074,24.44526
2038-09-12 00:00:00+00:00,25.947386,29.385756,23.7315
2038-09-13 00:00:00+00:00,26.797539,31.990768,22.917736
2038-09-14 00:00:00+00:00,27.24769,31.545776,24.153973
2038-09-15 00:00:00+00:00,28.897846,33.900795,24.440212
2038-09-16 00:00:00+00:00,30.197998,34.35581,26.076448
2038-09-17 00:00:00+00:00,28.448153,32.210823,25.362684
2038-09-18 00:00:00+00:00,27.098303,29.715836,24.598923
2038-09-19 00:00:00+00:00,28.448456,33.420853,24.885162
2038-09-20 00:00:00+00:00,28.198608,33.325863,24.321398
2038-09-21 00:00:00+00:00,28.14876,32.830875,24.157633
2038-09-22 00:00:00+00:00,28.848915,33.68589,23.99387
2038-09-23 00:00:00+00:00,30.249067,35.2909,25.33011
2038-09-24 00:00:00+00:00,31.049221,36.195915,26.666344
2038-09-25 00:00:00+00:00,30.649372,35.550926,26.402584
2038-09-26 00:00:00+00:00,29.249525,34.455944,25.88882
2038-09-27 00:00:00+00:00,28.549683,33.96096,24.975058
2038-09-28 00:00:00+00:00,27.89983,32.16597,24.511295
2038-09-29 00:00:00+00:00,27.149982,30.570984,24.09753
2038-09-30 00:00:00+00:00,28.150137,32.275997,24.083767
2038-10-01 00:00:00+00:00,28.250292,32.58101,24.420008
2038-10-02 00:00:00+00:00,27.600445,31.986025,23.706245
2038-10-03 00:00:00+00:00,28.500595,34.041035,23.442482
2038-10-04 00:00:00+00:00,29.50075,35.146046,24.278719
2038-10-05 00:00:00+00:00,29.600903,35.45106,24.664957
2038-10-06 00:00:00+00:00,29.851055,35.206074,24.351194
2038-10-07 00:00:00+00:00,30.151209,35.461086,24.78743
2038-10-08 00:00:00+00:00,30.501364,36.916103,24.973665
2038-10-09 00:00:00+00:00,30.651516,36.27112,25.559904
2038-10-10 00:00:00+00:00,30.651665,36.026127,25.54614
2038-10-11 00:00:00+00:00,30.651817,36.481144,25.53238
2038-10-12 00:00:00+00:00,30.501972,36.786156,25.368616
2038-10-13 00:00:00+00:00,30.052128,34.791172,24.804853
2038-10-14 00:00:00+00:00,30.352278,35.74618,25.041092
2038-10-15 00:00:00+00:00,30.552431,36.101196,25.427328
2038-10-16 00:00:00+00:00,32.002586,38.406208,26.613564
2038-10-17 00:00:00+00:00,31.602736,38.961224,24.9498
2038-10-18 00:00:00+00:00,31.60289,37.966236,25.686039
2038-10-19 00:00:00+00:00,31.803043,37.521248,26.972279
2038-10-20 00:00:00+00:00,31.653193,37.22626,27.308516
2038-10-21 00:00:00+00:00,31.453348,38.681274,24.39475
2038-10-22 00:00:00+00:00,31.003502,38.28629,24.180988
2038-10-23 00:00:00+00:00,31.453655,38.691303,24.617226
2038-10-24 00:00:00+00:00,32.103806,38.896317,25.853462
2038-10-25 00:00:00+00:00,31.053963,38.10133,24.939701
2038-10-26 00:00:00+00:00,30.504114,38.856346,23.92594
2038-10-27 00:00:00+00:00,30.054264,39.211357,21.562172
2038-10-28 00:00:00+00:00,30.504417,37.81637,22.348412
2038-10-29 00:00:00+00:00,30.85457,37.471386,24.184649
2038-10-30 00:00:00+00:00,31.354725,38.676395,24.570889
2038-10-31 00:00:00+00:00,31.854876,38.83141,25.607122
2038-11-01 00:00:00+00:00,31.35503,37.686424,24.74336
2038-11-02 00:00:00+00:00,32.186283,37.832626,26.710497
2038-11-03 00:00:00+00:00,31.406199,37.573544,25.816175
2038-11-04 00:00:00+00:00,30.226112,38.01447,22.821852
2038-11-05 00:00:00+00:00,30.246029,38.205383,23.07753
2038-11-06 00:00:00+00:00,30.815943,38.646305,24.183207
2038-11-07 00:00:00+00:00,30.835855,38.78722,24.038887
2038-11-08 00:00:00+00:00,31.05577,39.27814,23.59456
2038-11-09 00:00:00+00:00,31.375687,38.819065,25.450241
2038-11-10 00:00:00+00:00,31.1456,38.50998,24.505915
2038-11-11 00:00:00+00:00,30.965515,38.4009,23.261595
2038-11-12 00:00:00+00:00,30.935429,39.04182,23.567272
2038-11-13 00:00:00+00:00,30.855345,38.382736,24.22295
2038-11-14 00:00:00+00:00,30.225262,37.723656,23.978626
2038-11-15 00:00:00+00:00,29.595175,37.314575,22.684305
2038-11-16 00:00:00+00:00,28.965088,37.105495,21.339981
2038-11-17 00:00:00+00:00,28.835005,37.046413,21.145658
2038-11-18 00:00:00+00:00,29.154919,37.287334,22.151335
2038-11-19 00:00:00+00:00,29.224833,36.92825,22.457014
2038-11-20 00:00:00+00:00,28.944746,37.069168,21.36269
2038-11-21 00:00:00+00:00,29.26466,36.71009,22.018368
2038-11-22 00:00:00+00:00,28.234575,33.45101,22.674046
2038-11-23 00:00:00+00:00,28.60449,36.041927,21.229723
2038-11-24 00:00:00+00:00,27.874405,35.082844,21.6854
2038-11-25 00:00:00+00:00,27.54432,35.173763,20.24108
2038-11-26 00:00:00+00:00,28.014235,35.564682,20.646755
2038-11-27 00:00:00+00:00,28.83415,36.2056,21.552433
2038-11-28 00:00:00+00:00,30.204063,37.046524,24.558107
2038-11-29 00:00:00+00:00,29.923979,37.737442,22.363787
2038-11-30 00:00:00+00:00,30.493893,37.77836,23.669464
2038-12-01 00:00:00+00:00,31.013805,37.71928,24.375143
2038-12-02 00:00:00+00:00,30.58372,37.810196,23.280819
2038-12-03 00:00:00+00:00,31.05364,38.251118,23.736496
2038-12-04 00:00:00+00:00,30.72355,38.34204,22.942173
2038-12-05 00:00:00+00:00,31.043468,38.232952,24.547852
2038-12-06 00:00:00+00:00,28.313381,33.47387,23.203527
2038-12-07 00:00:00+00:00,28.733297,37.96479,20.559204
2038-12-08 00:00:00+00:00,30.103212,38.455715,22.664885
2038-12-09 00:00:00+00:00,29.623125,35.396633,24.17056
2038-12-10 00:00:00+00:00,26.29304,32.18755,20.476236
2038-12-11 00:00:00+00:00,27.012955,34.47847,20.031916
2038-12-12 00:00:00+00:00,27.682869,35.219387,20.837591
2038-12-13 00:00:00+00:00,26.052786,32.310307,20.143269
2038-12-14 00:00:00+00:00,24.5227,31.301228,17.798946
2038-12-15 00:00:00+00:00,24.79261,31.642147,18.004623
2038-12-16 00:00:00+00:00,24.712524,31.133064,18.010302
2038-12-17 00:00:00+00:00,25.032444,31.623981,19.16598
2038-12-18 00:00:00+00:00,24.852358,32.364902,17.921656
2038-12-19 00:00:00+00:00,24.922272,32.05582,18.227333
2038-12-20 00:00:00+00:00,25.492186,33.19674,18.53301
2038-12-21 00:00:00+00:00,25.8621,33.53766,18.838692
2038-12-22 00:00:00+00:00,26.082016,33.428577,19.344364
2038-12-23 00:00:00+00:00,25.65193,32.9195,18.900043
2038-12-24 00:00:00+00:00,25.571842,32.760414,19.30572
2038-12-25 00:00:00+00:00,25.441757,31.30133,20.011398
2038-12-26 00:00:00+00:00,25.511673,33.092255,18.467075
2038-12-27 00:00:00+00:00,25.581589,33.233173,18.872751
2038-12-28 00:00:00+00:00,25.901503,33.474094,18.97843
2038-12-29 00:00:00+00:00,25.671415,34.665012,17.484108
2038-12-30 00:00:00+00:00,26.041332,35.15593,17.439785
2038-12-31 00:00:00+00:00,27.461248,35.79685,19.895462
2039-01-01 00:00:00+00:00,27.281162,35.137768,19.95114
2039-01-02 00:00:00+00:00,27.553448,35.375927,20.70808
2039-01-03 00:00:00+00:00,27.926529,36.913166,19.565443
2039-01-04 00:00:00+00:00,27.599606,36.7004,19.122807
2039-01-05 00:00:00+00:00,27.722685,36.38764,19.530169
2039-01-06 00:00:00+00:00,27.745764,36.774883,19.18753
2039-01-07 00:00:00+00:00,28.368843,37.36212,19.894892
2039-01-08 00:00:00+00:00,28.79192,35.649357,21.702257
2039-01-09 00:00:00+00:00,28.815,35.886597,22.859617
2039-01-10 00:00:00+00:00,26.638079,33.623837,20.116982
2039-01-11 00:00:00+00:00,24.811157,31.711075,18.274343
2039-01-12 00:00:00+00:00,24.734236,32.298313,17.931707
2039-01-13 00:00:00+00:00,25.207315,32.735554,18.43907
2039-01-14 00:00:00+00:00,25.380394,32.72279,18.146431
2039-01-15 00:00:00+00:00,25.953472,32.86003,19.303797
2039-01-16 00:00:00+00:00,25.02655,29.647268,20.411158
2039-01-17 00:00:00+00:00,25.899628,33.584507,19.71852
2039-01-18 00:00:00+00:00,25.872707,34.221745,18.325884
2039-01-19 00:00:00+00:00,25.795788,33.658985,18.683243
2039-01-20 00:00:00+00:00,25.368868,32.696224,18.640608
2039-01-21 00:00:00+00:00,25.341946,33.083466,18.447971
2039-01-22 00:00:00+00:00,25.165024,32.7207,18.255335
2039-01-23 00:00:00+00:00,24.688103,31.557941,18.212698
2039-01-24 00:00:00+00:00,25.711182,33.84518,18.770058
2039-01-25 00:00:00+00:00,26.334259,34.63242,18.627422
2039-01-26 00:00:00+00:00,27.157337,35.019657,19.534786
2039-01-27 00:00:00+00:00,27.330418,33.256893,21.742147
2039-01-28 00:00:00+00:00,28.053495,35.744133,20.79951
2039-01-29 00:00:00+00:00,27.476574,35.63137,19.606874
2039-01-30 00:00:00+00:00,27.499655,35.868614,19.714235
2039-01-31 00:00:00+00:00,27.37273,35.755848,19.571598
2039-02-01 00:00:00+00:00,27.59581,36.443092,19.42896
2039-02-02 00:00:00+00:00,27.86889,36.380325,19.986326
2039-02-03 00:00:00+00:00,27.941967,36.61756,19.593687
2039-02-04 00:00:00+00:00,28.215048,36.8548,19.90105
2039-02-05 00:00:00+00:00,28.588127,37.542038,19.60841
2039-02-06 00:00:00+00:00,28.711205,37.229282,20.515776
2039-02-07 00:00:00+00:00,28.834282,37.91652,20.223137
2039-02-08 00:00:00+00:00,29.35736,37.90376,21.330498
2039-02-09 00:00:00+00:00,29.330439,37.490997,21.837864
2039-02-10 00:00:00+00:00,29.053518,37.228237,21.395227
2039-02-11 00:00:00+00:00,28.776594,37.015472,21.102589
2039-02-12 00:00:00+00:00,28.64968,36.85271,20.709951
2039-02-13 00:00:00+00:00,29.372755,38.03995,20.917315
2039-02-14 00:00:00+00:00,29.895836,38.177193,21.874676
2039-02-15 00:00:00+00:00,29.618912,38.01443,21.332039
2039-02-16 00:00:00+00:00,30.441994,38.90167,22.089401
2039-02-17 00:00:00+00:00,31.21507,39.03891,24.046762
2039-02-18 00:00:00+00:00,30.838148,38.626144,23.70413
2039-02-19 00:00:00+00:00,30.96123,38.613384,23.66149
2039-02-20 00:00:00+00:00,30.984304,38.90062,23.418852
2039-02-21 00:00:00+00:00,31.407385,39.587864,23.876215
2039-02-22 00:00:00+00:00,30.780466,38.5751,23.483578
2039-02-23 00:00:00+00:00,31.253546,39.462337,23.29094
2039-02-24 00:00:00+00:00,32.126625,40.349575,24.298304
2039-02-25 00:00:00+00:00,32.249702,40.28682,24.555666
2039-02-26 00:00:00+00:00,32.07278,40.274055,23.76303
2039-02-27 00:00:00+00:00,32.195858,40.51129,23.72039
2039-02-28 00:00:00+00:00,31.268938,38.698532,24.027754
2039-03-01 00:00:00+00:00,28.142015,35.985767,20.385117
2039-03-02 00:00:00+00:00,27.565092,35.923008,19.242476
2039-03-03 00:00:00+00:00,27.338175,35.210247,19.949842
2039-03-04 00:00:00+00:00,28.696623,37.512306,19.910269
2039-03-05 00:00:00+00:00,30.610123,39.416473,21.928276
2039-03-06 00:00:00+00:00,31.523623,39.970646,23.146286
2039-03-07 00:00:00+00:00,31.537125,39.42482,23.614294
2039-03-08 00:00:00+00:00,31.350632,39.52899,23.332304
2039-03-09 00:00:00+00:00,32.31413,40.983162,23.950312
2039-03-10 00:00:00+00:00,33.277634,41.48734,25.318323
2039-03-11 00:00:00+00:00,33.091133,41.34151,25.036331
2039-03-12 00:00:00+00:00,32.554634,40.395687,24.65434
2039-03-13 00:00:00+00:00,31.76814,39.04986,24.922352
2039-03-14 00:00:00+00:00,30.93164,38.25403,23.990358
2039-03-15 00:00:00+00:00,31.745144,40.108204,23.458368
2039-03-16 00:00:00+00:00,31.508646,39.412376,23.326378
2039-03-17 00:00:00+00:00,29.472149,36.766544,22.594381
2039-03-18 00:00:00+00:00,29.585648,37.320713,21.912392
2039-03-19 00:00:00+00:00,28.999153,36.624893,21.230398
2039-03-20 00:00:00+00:00,30.262653,37.879066,22.94841
2039-03-21 00:00:00+00:00,29.826153,37.583237,22.31642
2039-03-22 00:00:00+00:00,31.089657,38.787407,23.184425
2039-03-23 00:00:00+00:00,33.30316,40.39158,26.402437
2039-03-24 00:00:00+00:00,33.066658,39.245754,27.570446
2039-03-25 00:00:00+00:00,33.430164,40.949924,25.988455
2039-03-26 00:00:00+00:00,33.643665,40.754097,25.906464
2039-03-27 00:00:00+00:00,31.207169,38.65827,23.224472
2039-03-28 00:00:00+00:00,30.17067,38.762444,21.74248
2039-03-29 00:00:00+00:00,30.734173,39.016613,22.410488
2039-03-30 00:00:00+00:00,31.497671,40.120785,23.028498
2039-03-31 00:00:00+00:00,31.061174,39.324963,22.746506
2039-04-01 00:00:00+00:00,30.374676,39.329136,21.564514
2039-04-02 00:00:00+00:00,30.838175,39.533302,22.232523
2039-04-03 00:00:00+00:00,32.90168,41.787476,24.250532
2039-04-04 00:00:00+00:00,36.56518,45.59165,27.418541
2039-04-05 00:00:00+00:00,38.078686,45.34582,30.836552
2039-04-06 00:00:00+00:00,34.942184,42.849995,26.254559
2039-04-07 00:00:00+00:00,36.405685,44.904167,27.37257
2039-04-08 00:00:00+00:00,37.01919,44.458344,29.190578
2039-04-09 00:00:00+00:00,35.532696,42.56251,28.408588
2039-04-10 00:00:00+00:00,31.996191,39.366684,24.226595
2039-04-11 00:00:00+00:00,31.40969,38.870857,23.794603
2039-04-12 00:00:00+00:00,32.523193,40.275032,24.662613
2039-04-13 00:00:00+00:00,34.3867,42.029205,26.430624
2039-04-14 00:00:00+00:00,35.2502,42.733376,27.24863
2039-04-15 00:00:00+00:00,35.363705,43.087547,27.016642
2039-04-16 00:00:00+00:00,35.0772,42.891716,27.084648
2039-04-17 00:00:00+00:00,32.790707,40.14589,25.202656
2039-04-18 00:00:00+00:00,30.454212,37.95006,22.970665
2039-04-19 00:00:00+00:00,30.617708,38.85424,21.788673
2039-04-20 00:00:00+00:00,33.33121,41.208412,25.256683
2039-04-21 00:00:00+00:00,35.194714,42.11258,27.624693
2039-04-22 00:00:00+00:00,35.40822,40.91675,29.842703
2039-04-23 00:00:00+00:00,36.22172,43.270927,29.760708
2039-04-24 00:00:00+00:00,36.08522,42.6751,29.12872
2039-04-25 00:00:00+00:00,35.29872,42.52927,27.746729
2039-04-26 00:00:00+00:00,34.012226,41.533447,26.114735
2039-04-27 00:00:00+00:00,32.57573,40.237614,24.33274
2039-04-28 00:00:00+00:00,32.339226,39.691788,24.45075
2039-04-29 00:00:00+00:00,32.35273,40.145958,24.268763
2039-04-30 00:00:00+00:00,33.66623,42.050133,25.28677
2039-05-01 00:00:00+00:00,34.729733,42.65431,26.604778
2039-05-02 00:00:00+00:00,35.893238,43.958473,27.672787
2039-05-03 00:00:00+00:00,37.90674,44.46265,31.290798
2039-05-04 00:00:00+00:00,36.63107,43.465725,30.145287
2039-05-05 00:00:00+00:00,35.05539,42.118805,27.549772
2039-05-06 00:00:00+00:00,34.22972,41.071884,26.804262
2039-05-07 00:00:00+00:00,34.204052,41.57496,26.058752
2039-05-08 00:00:00+00:00,33.878372,41.528034,25.463236
2039-05-09 00:00:00+00:00,34.852707,42.98111,25.667727
2039-05-10 00:00:00+00:00,36.077034,43.58419,27.972216
2039-05-11 00:00:00+00:00,36.10136,43.287262,28.626705
2039-05-12 00:00:00+00:00,34.97569,42.390347,27.381193
2039-05-13 00:00:00+00:00,33.250015,40.743416,25.485682
2039-05-14 00:00:00+00:00,32.324345,39.696495,24.890171
2039-05-15 00:00:00+00:00,34.248672,41.44957,26.94466
2039-05-16 00:00:00+00:00,32.373,38.252647,25.799147
2039-05-17 00:00:00+00:00,31.597328,36.405724,26.603636
2039-05-18 00:00:00+00:00,33.87166,39.608803,27.908123
2039-05-19 00:00:00+00:00,34.04599,39.11188,28.81261
2039-05-20 00:00:00+00:00,35.37031,42.66495,28.267101
2039-05-21 00:00:00+00:00,36.494637,44.018032,28.92159
2039-05-22 00:00:00+00:00,38.11897,44.821106,30.776077
2039-05-23 00:00:00+00:00,37.093304,43.224186,30.080566
2039-05-24 00:00:00+00:00,36.067623,42.877262,28.535053
2039-05-25 00:00:00+00:00,35.641956,43.43034,27.039545
2039-05-26 00:00:00+00:00,35.316284,42.833416,27.244028
2039-05-27 00:00:00+00:00,34.34061,41.53649,27.398521
2039-05-28 00:00:00+00:00,34.01494,40.13957,28.553007
2039-05-29 00:00:00+00:00,35.089268,42.092644,28.257496
2039-05-30 00:00:00+00:00,34.663593,40.945724,27.311987
2039-05-31 00:00:00+00:00,34.137924,39.998795,27.866474
2039-06-01 00:00:00+00:00,34.062252,40.201878,27.120962
2039-06-02 00:00:00+00:00,33.88658,40.954956,26.525452
2039-06-03 00:00:00+00:00,34.910904,41.65803,27.279942
2039-06-04 00:00:00+00:00,35.035233,42.011105,27.184425
2039-06-05 00:00:00+00:00,34.15957,41.814182,25.588915
2039-06-06 00:00:00+00:00,34.083893,41.267258,26.193405
2039-06-07 00:00:00+00:00,33.20822,40.57034,25.147892
2039-06-08 00:00:00+00:00,32.632545,39.523415,24.952383
2039-06-09 00:00:00+00:00,32.406876,38.876488,25.406868
2039-06-10 00:00:00+00:00,32.931202,39.17957,26.511356
2039-06-11 00:00:00+00:00,34.605534,41.982643,27.315844
2039-06-12 00:00:00+00:00,36.72986,44.13572,28.770336
2039-06-13 00:00:00+00:00,34.554188,41.588795,26.67482
2039-06-14 00:00:00+00:00,32.628517,39.491875,25.22931
2039-06-15 00:00:00+00:00,32.452843,39.39495,24.8838
2039-06-16 00:00:00+00:00,32.32717,38.94803,25.288288
2039-06-17 00:00:00+00:00,33.401497,40.1011,26.842777
2039-06-18 00:00:00+00:00,31.925827,39.30418,24.497263
2039-06-19 00:00:00+00:00,31.150156,37.55726,24.351753
2039-06-20 00:00:00+00:00,31.024488,36.960335,25.106245
2039-06-21 00:00:00+00:00,29.848812,34.96341,25.06073
2039-06-22 00:00:00+00:00,32.323143,38.616486,26.51522
2039-06-23 00:00:00+00:00,33.39747,40.06956,26.569706
2039-06-24 00:00:00+00:00,31.771795,37.87264,25.874195
2039-06-25 00:00:00+00:00,31.096127,36.575714,26.228683
2039-06-26 00:00:00+00:00,32.620453,38.078793,27.583174
2039-06-27 00:00:00+00:00,32.94478,39.881866,26.037663
2039-06-28 00:00:00+00:00,32.46911,38.884945,25.642149
2039-06-29 00:00:00+00:00,31.343437,37.23802,26.496637
2039-06-30 00:00:00+00:00,30.767767,35.641098,26.751127
2039-07-01 00:00:00+00:00,30.542093,35.444176,25.805614
2039-07-02 00:00:00+00:00,31.26642,36.597256,25.660103
2039-07-03 00:00:00+00:00,29.890087,36.601143,25.96131
2039-07-04 00:00:00+00:00,29.709112,35.36072,23.789534
2039-07-05 00:00:00+00:00,26.878134,31.570305,23.11776
2039-07-06 00:00:00+00:00,25.747158,28.329884,23.245985
2039-07-07 00:00:00+00:00,27.366182,31.93946,22.97421
2039-07-08 00:00:00+00:00,30.435205,35.84904,25.202438
2039-07-09 00:00:00+00:00,30.95423,36.60862,25.230663
2039-07-10 00:00:00+00:00,30.373253,35.8182,25.108887
2039-07-11 00:00:00+00:00,28.542278,31.32778,25.18711
2039-07-12 00:00:00+00:00,28.861301,34.18736,24.46534
2039-07-13 00:00:00+00:00,30.030325,34.74694,25.943565
2039-07-14 00:00:00+00:00,29.749348,35.206516,24.87179
2039-07-15 00:00:00+00:00,28.018372,33.2661,24.400015
2039-07-16 00:00:00+00:00,28.187395,32.82568,24.07824
2039-07-17 00:00:00+00:00,30.206419,36.035255,25.206465
2039-07-18 00:00:00+00:00,30.075443,35.194836,25.334692
2039-07-19 00:00:00+00:00,28.694468,34.504417,23.762918
2039-07-20 00:00:00+00:00,26.01349,29.713997,22.941143
2039-07-21 00:00:00+00:00,27.482513,33.323574,23.769365
2039-07-22 00:00:00+00:00,28.451536,32.98316,24.447594
2039-07-23 00:00:00+00:00,28.320562,34.292736,24.72582
2039-07-24 00:00:00+00:00,27.089584,30.552322,23.654045
2039-07-25 00:00:00+00:00,28.20861,33.361897,24.58227
2039-07-26 00:00:00+00:00,27.427633,31.371475,23.960497
2039-07-27 00:00:00+00:00,26.496656,31.231054,23.388723
2039-07-28 00:00:00+00:00,27.66568,32.24064,23.216946
2039-07-29 00:00:00+00:00,29.284706,33.900215,24.645174
2039-07-30 00:00:00+00:00,29.803728,33.309795,26.073397
2039-07-31 00:00:00+00:00,29.622751,35.369377,25.601624
2039-08-01 00:00:00+00:00,29.891775,34.528957,25.87985
2039-08-02 00:00:00+00:00,28.6108,32.938534,26.158073
2039-08-03 00:00:00+00:00,28.779823,33.898117,25.6363
2039-08-04 00:00:00+00:00,28.298847,32.657696,24.664524
2039-08-05 00:00:00+00:00,29.417871,33.767273,25.09275
2039-08-06 00:00:00+00:00,31.436895,36.176857,26.870975
2039-08-07 00:00:00+00:00,30.555918,34.836433,25.599203
2039-08-08 00:00:00+00:00,31.174942,36.396015,26.777428
2039-08-09 00:00:00+00:00,31.493967,36.6056,26.505651
2039-08-10 00:00:00+00:00,30.76299,35.765175,26.683878
2039-08-11 00:00:00+00:00,29.882015,34.42475,25.562103
2039-08-12 00:00:00+00:00,29.201036,33.83433,24.94033
2039-08-13 00:00:00+00:00,27.020061,31.193916,24.218555
2039-08-14 00:00:00+00:00,28.289083,33.153496,24.846783
2039-08-15 00:00:00+00:00,28.058105,32.213074,25.375008
2039-08-16 00:00:00+00:00,27.277132,30.57265,24.753231
2039-08-17 00:00:00+00:00,27.146156,31.68223,23.781456
2039-08-18 00:00:00+00:00,28.91518,33.99181,24.209682
2039-08-19 00:00:00+00:00,29.534204,34.65139,26.23791
2039-08-20 00:00:00+00:00,27.653227,31.36097,25.216133
2039-08-21 00:00:00+00:00,27.572254,31.97055,23.794361
2039-08-22 00:00:00+00:00,27.741276,32.580128,24.422583
2039-08-23 00:00:00+00:00,28.810299,33.539715,24.550808
2039-08-24 00:00:00+00:00,29.229322,33.649292,26.179035
2039-08-25 00:00:00+00:00,27.748346,30.308872,25.20726
2039-08-26 00:00:00+00:00,27.717371,31.76845,24.485485
2039-08-27 00:00:00+00:00,28.586397,32.87803,24.213713
2039-08-28 00:00:00+00:00,28.655416,31.337608,25.791935
2039-08-29 00:00:00+00:00,27.374443,31.09719,24.370163
2039-08-30 00:00:00+00:00,26.693466,29.85677,24.44839
2039-08-31 00:00:00+00:00,27.21249,32.016346,23.776613
2039-09-01 00:00:00+00:00,27.481512,31.425926,24.40484
2039-09-02 00:00:00+00:00,27.495821,31.984364,23.922567
2039-09-03 00:00:00+00:00,27.345974,31.939377,24.208805
2039-09-04 00:00:00+00:00,27.896124,32.744392,23.945042
2039-09-05 00:00:00+00:00,28.646276,33.64941,24.781277
2039-09-06 00:00:00+00:00,28.89643,33.60442,25.267517
2039-09-07 00:00:00+00:00,28.196585,32.70943,25.353754
2039-09-08 00:00:00+00:00,27.846737,32.564445,24.539991
2039-09-09 00:00:00+00:00,27.89689,31.66946,25.126228
2039-09-10 00:00:00+00:00,27.597042,32.02447,24.012468
2039-09-11 00:00:00+00:00,26.347195,28.629488,24.198702
2039-09-12 00:00:00+00:00,27.29735,31.684502,23.18494
2039-09-13 00:00:00+00:00,29.2475,33.389515,25.171175
2039-09-14 00:00:00+00:00,30.647654,34.694527,26.507412
2039-09-15 00:00:00+00:00,30.597807,34.799538,26.59365
2039-09-16 00:00:00+00:00,29.597961,34.254555,26.67989
2039-09-17 00:00:00+00:00,28.498112,32.859566,25.716125
2039-09-18 00:00:00+00:00,27.898264,31.314583,24.952364
2039-09-19 00:00:00+00:00,28.04842,31.919596,24.3386
2039-09-20 00:00:00+00:00,27.698572,30.72461,24.924837
2039-09-21 00:00:00+00:00,27.498726,31.879622,24.711075
2039-09-22 00:00:00+00:00,26.54888,30.084633,23.597313
2039-09-23 00:00:00+00:00,27.499027,31.33965,23.983551
2039-09-24 00:00:00+00:00,27.899181,32.644657,24.619787
2039-09-25 00:00:00+00:00,28.649334,33.799675,24.456026
2039-09-26 00:00:00+00:00,28.84949,33.75469,24.292263
2039-09-27 00:00:00+00:00,28.44964,33.209705,23.678497
2039-09-28 00:00:00+00:00,28.449793,34.164715,23.014736
2039-09-29 00:00:00+00:00,29.199947,33.66973,24.300976
2039-09-30 00:00:00+00:00,30.100101,35.524746,25.637209
2039-10-01 00:00:00+00:00,30.400251,35.579754,25.473448
2039-10-02 00:00:00+00:00,30.200407,34.48477,25.559683
2039-10-03 00:00:00+00:00,30.55056,35.739784,25.195923
2039-10-04 00:00:00+00:00,30.200708,35.294796,26.732159
2039-10-05 00:00:00+00:00,29.950865,35.349808,25.418396
2039-10-06 00:00:00+00:00,29.101017,33.85482,24.754633
2039-10-07 00:00:00+00:00,28.50117,33.259834,23.890873
2039-10-08 00:00:00+00:00,28.201324,33.11485,23.27711
2039-10-09 00:00:00+00:00,28.751472,33.86986,24.013346
2039-10-10 00:00:00+00:00,30.051628,36.574875,23.899582
2039-10-11 00:00:00+00:00,30.65178,35.67989,25.18582
2039-10-12 00:00:00+00:00,30.501932,35.2349,25.472057
2039-10-13 00:00:00+00:00,30.352087,35.539917,25.458292
2039-10-14 00:00:00+00:00,30.152239,35.744926,25.094532
2039-10-15 00:00:00+00:00,31.552395,37.599945,25.730768
2039-10-16 00:00:00+00:00,31.652546,37.604954,26.867006
2039-10-17 00:00:00+00:00,29.4027,35.15997,25.103241
2039-10-18 00:00:00+00:00,28.402851,33.41498,23.38948
2039-10-19 00:00:00+00:00,29.303005,35.069996,24.875717
2039-10-20 00:00:00+00:00,29.153158,35.27501,24.111956
2039-10-21 00:00:00+00:00,28.90331,34.230022,24.398191
2039-10-22 00:00:00+00:00,28.303463,33.835037,23.23443
2039-10-23 00:00:00+00:00,27.703615,33.640053,22.870667
2039-10-24 00:00:00+00:00,28.403769,34.445065,22.906904
2039-10-25 00:00:00+00:00,29.503922,35.350075,23.643143
2039-10-26 00:00:00+00:00,28.904074,32.95509,24.579378
2039-10-27 00:00:00+00:00,28.454227,33.110104,23.765615
2039-10-28 00:00:00+00:00,28.654379,34.61512,23.101854
2039-10-29 00:00:00+00:00,29.704535,36.82013,22.88809
2039-10-30 00:00:00+00:00,29.954685,36.775146,24.174324
2039-10-31 00:00:00+00:00,29.35484,35.730156,24.060564
2039-11-01 00:00:00+00:00,28.754992,35.78517,22.846802
2039-11-02 00:00:00+00:00,27.843803,35.034897,21.721577
2039-11-03 00:00:00+00:00,27.41372,33.775818,20.827255
2039-11-04 00:00:00+00:00,27.983635,33.766735,21.982933
2039-11-05 00:00:00+00:00,29.453548,37.507656,23.038612
2039-11-06 00:00:00+00:00,29.523462,36.448574,22.994287
2039-11-07 00:00:00+00:00,28.943378,35.43949,22.949965
2039-11-08 00:00:00+00:00,28.313293,36.680416,20.905643
2039-11-09 00:00:00+00:00,28.23321,35.571335,20.211323
2039-11-10 00:00:00+00:00,28.753122,35.86225,21.067
2039-11-11 00:00:00+00:00,29.023037,36.603172,21.572674
2039-11-12 00:00:00+00:00,29.042952,36.194088,22.62835
2039-11-13 00:00:00+00:00,29.812866,37.735004,22.88403
2039-11-14 00:00:00+00:00,28.732779,37.075928,21.23971
2039-11-15 00:00:00+00:00,27.752693,37.016846,19.195385
2039-11-16 00:00:00+00:00,27.322609,37.307766,18.55106
2039-11-17 00:00:00+00:00,26.942524,36.748688,19.35674
2039-11-18 00:00:00+00:00,27.31244,36.1396,20.512415
2039-11-19 00:00:00+00:00,27.732353,34.68052,21.568094
2039-11-20 00:00:00+00:00,27.702267,34.37144,22.423773
2039-11-21 00:00:00+00:00,28.772184,36.11236,22.979446
2039-11-22 00:00:00+00:00,29.3421,36.653275,23.885128
2039-11-23 00:00:00+00:00,29.112013,36.394196,23.640804
2039-11-24 00:00:00+00:00,29.331926,35.785114,24.246479
2039-11-25 00:00:00+00:00,29.051844,35.676033,23.352158
2039-11-26 00:00:00+00:00,28.221756,35.31695,22.407835
2039-11-27 00:00:00+00:00,27.691671,35.607872,20.713512
2039-11-28 00:00:00+00:00,28.111582,36.44879,21.66919
2039-11-29 00:00:00+00:00,28.1815,36.73971,21.424866
2039-11-30 00:00:00+00:00,27.901415,36.230633,21.480545
2039-12-01 00:00:00+00:00,27.071327,35.47155,19.43622
2039-12-02 00:00:00+00:00,27.041245,35.212467,19.391901
2039-12-03 00:00:00+00:00,26.461157,34.503387,19.547577
2039-12-04 00:00:00+00:00,25.931074,34.64431,17.353254
2039-12-05 00:00:00+00:00,26.900988,35.28522,20.058933
2039-12-06 00:00:00+00:00,26.320904,34.376144,20.114607
2039-12-07 00:00:00+00:00,25.890818,34.567066,18.370287
2039-12-08 00:00:00+00:00,26.160732,35.307987,17.975964
2039-12-09 00:00:00+00:00,26.380646,35.898903,18.131641
2039-12-10 00:00:00+00:00,26.750559,36.03982,18.137318
2039-12-11 00:00:00+00:00,27.270475,34.48074,20.292995
2039-12-12 00:00:00+00:00,27.990389,35.221657,21.348673
2039-12-13 00:00:00+00:00,27.310305,33.712578,22.10435
2039-12-14 00:00:00+00:00,26.930222,34.653496,20.010029
2039-12-15 00:00:00+00:00,27.800135,35.094414,21.065704
2039-12-16 00:00:00+00:00,27.720049,33.835335,21.821384
2039-12-17 00:00:00+00:00,24.889961,30.526253,19.577059
2039-12-18 00:00:00+00:00,23.259878,29.41717,17.632736
2039-12-19 00:00:00+00:00,22.979792,30.15809,16.188414
2039-12-20 00:00:00+00:00,24.099709,31.799011,16.744091
2039-12-21 00:00:00+00:00,25.219622,33.089928,18.19977
2039-12-22 00:00:00+00:00,25.289537,31.580845,20.205446
2039-12-23 00:00:00+00:00,25.359451,32.721767,18.911123
2039-12-24 00:00:00+00:00,26.229368,34.262684,18.466803
2039-12-25 00:00:00+00:00,27.19928,36.153603,18.92248
2039-12-26 00:00:00+00:00,28.069193,36.444527,20.628157
2039-12-27 00:00:00+00:00,27.889109,34.985443,21.683832
2039-12-28 00:00:00+00:00,27.009026,33.176365,21.389511
2039-12-29 00:00:00+00:00,26.428938,33.917282,19.595186
2039-12-30 00:00:00+00:00,25.898851,32.608204,19.050863
2039-12-31 00:00:00+00:00,25.418768,32.549118,19.106543
2040-01-01 00:00:00+00:00,25.08868,31.940037,19.062222
2040-01-02 00:00:00+00:00,24.51018,32.429115,17.66874
2040-01-03 00:00:00+00:00,24.983257,33.266357,17.576101
2040-01-04 00:00:00+00:00,24.506336,30.153595,18.783464
2040-01-05 00:00:00+00:00,24.979414,30.090836,20.190826
2040-01-06 00:00:00+00:00,25.552494,33.47807,18.448193
2040-01-07 00:00:00+00:00,25.375572,32.965313,18.555552
2040-01-08 00:00:00+00:00,25.14865,32.85255,18.262915
2040-01-09 00:00:00+00:00,25.32173,33.839787,17.820278
2040-01-10 00:00:00+00:00,25.844809,34.677025,17.877642
2040-01-11 00:00:00+00:00,26.817888,35.41426,18.885004
2040-01-12 00:00:00+00:00,27.090967,35.251503,19.392366
2040-01-13 00:00:00+00:00,27.114044,35.738743,19.199728
2040-01-14 00:00:00+00:00,27.387125,36.12598,19.657093
2040-01-15 00:00:00+00:00,27.210203,36.06322,19.214453
2040-01-16 00:00:00+00:00,26.93328,35.550457,18.871817
2040-01-17 00:00:00+00:00,27.60636,36.087696,19.67918
2040-01-18 00:00:00+00:00,28.579437,36.974934,21.186543
2040-01-19 00:00:00+00:00,28.652517,37.362175,20.643906
2040-01-20 00:00:00+00:00,29.125599,37.649414,21.501268
2040-01-21 00:00:00+00:00,28.248674,36.03665,21.60863
2040-01-22 00:00:00+00:00,27.671755,35.92389,20.265993
2040-01-23 00:00:00+00:00,27.494831,36.36113,19.473356
2040-01-24 00:00:00+00:00,27.517912,35.89837,20.080719
2040-01-25 00:00:00+00:00,27.09099,35.28561,19.838081
2040-01-26 00:00:00+00:00,27.06407,35.372845,19.545444
2040-01-27 00:00:00+00:00,26.837147,35.460083,18.452806
2040-01-28 00:00:00+00:00,26.310228,34.097324,18.81017
2040-01-29 00:00:00+00:00,24.183304,32.134556,16.51753
2040-01-30 00:00:00+00:00,25.006382,32.7218,17.274893
2040-01-31 00:00:00+00:00,25.479462,33.459038,17.832258
2040-02-01 00:00:00+00:00,26.10254,33.99628,18.689621
2040-02-02 00:00:00+00:00,27.62562,35.083515,20.296982
2040-02-03 00:00:00+00:00,28.0987,34.920757,21.654346
2040-02-04 00:00:00+00:00,29.421778,37.10799,22.31171
2040-02-05 00:00:00+00:00,28.994858,36.74523,21.31907
2040-02-06 00:00:00+00:00,29.667934,37.632473,21.776434
2040-02-07 00:00:00+00:00,29.491013,37.41971,22.033796
2040-02-08 00:00:00+00:00,28.164091,35.956947,20.641161
2040-02-09 00:00:00+00:00,27.637169,35.44419,20.348522
2040-02-10 00:00:00+00:00,28.510248,36.931427,20.405884
2040-02-11 00:00:00+00:00,29.633327,38.218662,21.513247
2040-02-12 00:00:00+00:00,29.656408,37.805904,21.97061
2040-02-13 00:00:00+00:00,29.229483,36.843143,21.977972
2040-02-14 00:00:00+00:00,28.052567,35.53038,20.685335
2040-02-15 00:00:00+00:00,27.875643,36.217617,19.492697
2040-02-16 00:00:00+00:00,28.498722,37.554863,19.40006
2040-02-17 00:00:00+00:00,29.071798,37.042095,21.357424
2040-02-18 00:00:00+00:00,29.044878,37.379337,20.764784
2040-02-19 00:00:00+00:00,29.61796,37.766575,21.572151
2040-02-20 00:00:00+00:00,30.891039,38.50381,23.37951
2040-02-21 00:00:00+00:00,28.964119,35.791054,22.636875
2040-02-22 00:00:00+00:00,27.637194,33.478287,22.094236
2040-02-23 00:00:00+00:00,29.360273,36.61553,22.601599
2040-02-24 00:00:00+00:00,31.033354,39.002766,22.558964
2040-02-25 00:00:00+00:00,31.90643,39.640007,24.066322
2040-02-26 00:00:00+00:00,32.179512,40.077244,24.323687
2040-02-27 00:00:00+00:00,31.75259,39.414486,23.881048
2040-02-28 00:00:00+00:00,31.525667,39.251728,23.388414
2040-02-29 00:00:00+00:00,31.398746,39.18896,23.145775
2040-03-01 00:00:00+00:00,31.22182,39.326202,23.303137
2040-03-02 00:00:00+00:00,31.144903,39.513435,22.760504
2040-03-03 00:00:00+00:00,31.893244,40.01126,23.355766
2040-03-04 00:00:00+00:00,30.856747,38.615437,22.973774
2040-03-05 00:00:00+00:00,29.520248,36.969604,22.391785
2040-03-06 00:00:00+00:00,30.033749,38.473778,21.459793
2040-03-07 00:00:00+00:00,31.197254,39.777946,22.627804
2040-03-08 00:00:00+00:00,31.910755,40.48212,23.395811
2040-03-09 00:00:00+00:00,31.974258,39.986294,23.863821
2040-03-10 00:00:00+00:00,31.537758,39.940468,23.18183
2040-03-11 00:00:00+00:00,31.451262,39.494637,23.599836
2040-03-12 00:00:00+00:00,30.564762,38.648815,22.317846
2040-03-13 00:00:00+00:00,28.528269,35.90299,20.335857
2040-03-14 00:00:00+00:00,27.591764,35.457157,19.503862
2040-03-15 00:00:00+00:00,28.555271,36.211334,20.871874
2040-03-16 00:00:00+00:00,29.068771,36.815502,21.18988
2040-03-17 00:00:00+00:00,29.932274,37.769672,22.10789
2040-03-18 00:00:00+00:00,30.895775,38.47385,22.975899
2040-03-19 00:00:00+00:00,31.759281,39.37802,23.993908
2040-03-20 00:00:00+00:00,31.972776,39.532192,24.161915
2040-03-21 00:00:00+00:00,31.836283,39.086365,23.929924
2040-03-22 00:00:00+00:00,30.44978,38.44054,22.347935
2040-03-23 00:00:00+00:00,29.313288,37.84471,20.915943
2040-03-24 00:00:00+00:00,29.826786,38.29888,21.233952
2040-03-25 00:00:00+00:00,30.240288,38.803055,21.601961
2040-03-26 00:00:00+00:00,30.803791,39.107224,22.11997
2040-03-27 00:00:00+00:00,31.317291,39.811398,22.58798
2040-03-28 00:00:00+00:00,32.380795,40.81557,23.805988
2040-03-29 00:00:00+00:00,34.3943,42.819744,25.873995
2040-03-30 00:00:00+00:00,36.1578,44.77392,28.092005
2040-03-31 00:00:00+00:00,34.6213,42.628086,26.560015
2040-04-01 00:00:00+00:00,33.384796,41.53226,24.728022
2040-04-02 00:00:00+00:00,35.5483,44.136436,27.046032
2040-04-03 00:00:00+00:00,35.911804,43.290607,28.214037
2040-04-04 00:00:00+00:00,34.62531,42.394775,25.932047
2040-04-05 00:00:00+00:00,33.48881,41.79895,25.450056
2040-04-06 00:00:00+00:00,33.70231,40.503128,26.318068
2040-04-07 00:00:00+00:00,33.115814,40.007298,25.836077
2040-04-08 00:00:00+00:00,32.82932,39.31147,26.004084
2040-04-09 00:00:00+00:00,32.142815,38.765644,25.722092
2040-04-10 00:00:00+00:00,31.906319,39.869816,23.690102
2040-04-11 00:00:00+00:00,33.16982,40.523987,25.90811
2040-04-12 00:00:00+00:00,33.583324,40.678154,25.926117
2040-04-13 00:00:00+00:00,33.696827,41.082333,25.544127
2040-04-14 00:00:00+00:00,33.060326,40.9365,24.562134
2040-04-15 00:00:00+00:00,33.523827,40.49068,25.880142
2040-04-16 00:00:00+00:00,36.137333,43.894848,27.898153
2040-04-17 00:00:00+00:00,37.450836,44.749023,30.21616
2040-04-18 00:00:00+00:00,37.114334,44.053192,29.984169
2040-04-19 00:00:00+00:00,36.227837,42.85736,29.252178
2040-04-20 00:00:00+00:00,35.241337,42.06154,28.220188
2040-04-21 00:00:00+00:00,35.20484,42.26571,27.5882
2040-04-22 00:00:00+00:00,34.51834,41.719883,27.056204
2040-04-23 00:00:00+00:00,32.731846,40.874054,24.474216
2040-04-24 00:00:00+00:00,31.395348,39.078228,23.242224
2040-04-25 00:00:00+00:00,31.008848,38.4324,23.610233
2040-04-26 00:00:00+00:00,30.572353,38.736572,22.228243
2040-04-27 00:00:00+00:00,32.985847,40.690742,25.096249
2040-04-28 00:00:00+00:00,34.799355,42.64492,26.814257
2040-04-29 00:00:00+00:00,37.412857,45.499084,28.932266
2040-04-30 00:00:00+00:00,37.27636,44.603264,28.700275
2040-05-01 00:00:00+00:00,35.98986,43.557434,27.368286
2040-05-02 00:00:00+00:00,35.30336,43.361607,26.486294
2040-05-03 00:00:00+00:00,35.674984,43.764954,27.23166
2040-05-04 00:00:00+00:00,34.69931,42.518036,26.53615
2040-05-05 00:00:00+00:00,34.17364,41.621113,26.59064
2040-05-06 00:00:00+00:00,31.547966,38.82419,23.995127
2040-05-07 00:00:00+00:00,30.92229,38.727264,22.849615
2040-05-08 00:00:00+00:00,31.396622,38.93034,23.354103
2040-05-09 00:00:00+00:00,32.820953,40.433422,24.508593
2040-05-10 00:00:00+00:00,33.64528,41.536495,25.21308
2040-05-11 00:00:00+00:00,34.269608,42.43957,25.717571
2040-05-12 00:00:00+00:00,36.243935,45.09265,27.122059
2040-05-13 00:00:00+00:00,36.118263,44.44572,26.926548
2040-05-14 00:00:00+00:00,35.04259,42.2988,27.081036
2040-05-15 00:00:00+00:00,32.166924,39.351883,24.335524
2040-05-16 00:00:00+00:00,31.591246,39.504955,22.990011
2040-05-17 00:00:00+00:00,31.865578,39.808033,23.2945
2040-05-18 00:00:00+00:00,32.439903,40.661114,23.59899
2040-05-19 00:00:00+00:00,32.16423,40.11419,23.603477
2040-05-20 00:00:00+00:00,32.13856,39.667263,24.107964
2040-05-21 00:00:00+00:00,32.712887,41.07034,24.012455
2040-05-22 00:00:00+00:00,33.38722,41.723415,24.616945
2040-05-23 00:00:00+00:00,36.36155,46.376495,26.721432
2040-05-24 00:00:00+00:00,32.585873,39.67957,23.67592
2040-05-25 00:00:00+00:00,31.760197,38.88265,23.930408
2040-05-26 00:00:00+00:00,31.984531,38.435722,24.8849
2040-05-27 00:00:00+00:00,34.558857,41.1888,27.689384
2040-05-28 00:00:00+00:00,35.983185,44.141876,28.443876
2040-05-29 00:00:00+00:00,39.307514,47.644955,31.248363
2040-05-30 00:00:00+00:00,33.78184,40.69803,26.352852
2040-05-31 00:00:00+00:00,32.406166,38.201107,26.25734
2040-06-01 00:00:00+00:00,32.680496,39.20418,25.511827
2040-06-02 00:00:00+00:00,33.25482,40.557255,25.616316
2040-06-03 00:00:00+00:00,33.229156,40.510334,25.570805
2040-06-04 00:00:00+00:00,32.953484,40.263412,25.125294
2040-06-05 00:00:00+00:00,33.42781,40.816486,25.82978
2040-06-06 00:00:00+00:00,34.902138,42.36956,27.38427
2040-06-07 00:00:00+00:00,34.776466,42.172646,27.088758
2040-06-08 00:00:00+00:00,32.800797,39.72572,24.793247
2040-06-09 00:00:00+00:00,32.825123,39.928795,25.497734
2040-06-10 00:00:00+00:00,32.69945,40.281868,24.802223
2040-06-11 00:00:00+00:00,31.62378,38.884953,24.156713
2040-06-12 00:00:00+00:00,31.398106,38.68803,23.7112
2040-06-13 00:00:00+00:00,32.622437,39.491104,25.06569
2040-06-14 00:00:00+00:00,33.646763,40.344177,26.370174
2040-06-15 00:00:00+00:00,33.67109,40.69726,26.124666
2040-06-16 00:00:00+00:00,34.095417,41.150333,26.779156
2040-06-17 00:00:00+00:00,33.869747,41.05341,26.283644
2040-06-18 00:00:00+00:00,33.844078,40.95649,25.988129
2040-06-19 00:00:00+00:00,33.518402,40.509563,25.94262
2040-06-20 00:00:00+00:00,33.542732,40.01264,26.897108
2040-06-21 00:00:00+00:00,33.66706,39.965717,27.101597
2040-06-22 00:00:00+00:00,32.391388,38.768795,26.506086
2040-06-23 00:00:00+00:00,31.715715,37.671867,25.910576
2040-06-24 00:00:00+00:00,32.79004,39.02495,26.565062
2040-06-25 00:00:00+00:00,33.01437,39.578022,26.51955
2040-06-26 00:00:00+00:00,32.9887,39.8811,25.97404
2040-06-27 00:00:00+00:00,32.363026,39.234177,25.62853
2040-06-28 00:00:00+00:00,31.387354,37.787254,25.183018
2040-06-29 00:00:00+00:00,30.211685,35.440327,26.587503
2040-06-30 00:00:00+00:00,29.33601,34.14341,24.991993
2040-07-01 00:00:00+00:00,31.760338,37.496483,27.046482
2040-07-02 00:00:00+00:00,33.08467,38.949562,27.35097
2040-07-03 00:00:00+00:00,31.754354,36.15833,26.832478
2040-07-04 00:00:00+00:00,33.973377,39.76791,28.510704
2040-07-05 00:00:00+00:00,34.042404,40.427486,27.588928
2040-07-06 00:00:00+00:00,32.661427,38.937065,26.267157
2040-07-07 00:00:00+00:00,32.130447,37.696644,27.04538
2040-07-08 00:00:00+00:00,29.799473,35.80623,26.573606
2040-07-09 00:00:00+00:00,31.768497,37.865807,26.20183
2040-07-10 00:00:00+00:00,32.687523,38.32539,27.530056
2040-07-11 00:00:00+00:00,30.756544,36.53496,26.858282
2040-07-12 00:00:00+00:00,29.125568,34.994545,25.986507
2040-07-13 00:00:00+00:00,30.844593,36.254124,25.614737
2040-07-14 00:00:00+00:00,31.913614,37.5637,26.24296
2040-07-15 00:00:00+00:00,30.03264,36.023285,26.321184
2040-07-16 00:00:00+00:00,26.201664,28.232868,23.69941
2040-07-17 00:00:00+00:00,27.720688,32.84244,23.477634
2040-07-18 00:00:00+00:00,27.48971,32.202023,23.80586
2040-07-19 00:00:00+00:00,29.508736,33.8116,25.334085
2040-07-20 00:00:00+00:00,30.677757,35.471184,25.562311
2040-07-21 00:00:00+00:00,29.696781,36.480766,23.340538
2040-07-22 00:00:00+00:00,26.815807,31.44034,23.468763
2040-07-23 00:00:00+00:00,28.884827,33.799923,24.14699
2040-07-24 00:00:00+00:00,31.003855,36.1595,25.775213
2040-07-25 00:00:00+00:00,30.772877,35.36908,25.85344
2040-07-26 00:00:00+00:00,31.4419,36.878662,26.131664
2040-07-27 00:00:00+00:00,30.160923,34.13824,25.209888
2040-07-28 00:00:00+00:00,27.02995,30.097824,24.138117
2040-07-29 00:00:00+00:00,29.298975,34.5074,24.116343
2040-07-30 00:00:00+00:00,30.367996,35.766983,27.044563
2040-07-31 00:00:00+00:00,31.437021,36.82656,25.67279
2040-08-01 00:00:00+00:00,32.656044,37.78614,27.201017
2040-08-02 00:00:00+00:00,28.37507,32.84572,23.729242
2040-08-03 00:00:00+00:00,27.69409,31.6553,23.857468
2040-08-04 00:00:00+00:00,29.513117,35.564884,25.385696
2040-08-05 00:00:00+00:00,30.48214,35.02446,25.663921
2040-08-06 00:00:00+00:00,31.101162,35.58404,26.242144
2040-08-07 00:00:00+00:00,30.520185,35.043617,26.970371
2040-08-08 00:00:00+00:00,31.08921,36.6532,26.148596
2040-08-09 00:00:00+00:00,30.658234,37.012775,27.026821
2040-08-10 00:00:00+00:00,28.82726,33.772358,25.205046
2040-08-11 00:00:00+00:00,26.396282,29.381937,23.783272
2040-08-12 00:00:00+00:00,28.065306,32.491516,24.911499
2040-08-13 00:00:00+00:00,29.73433,35.001095,25.489725
2040-08-14 00:00:00+00:00,31.003353,35.36068,26.517948
2040-08-15 00:00:00+00:00,29.672377,35.17026,24.896175
2040-08-16 00:00:00+00:00,27.5914,30.779839,24.774399
2040-08-17 00:00:00+00:00,27.010426,30.289417,24.002625
2040-08-18 00:00:00+00:00,27.979448,31.548996,24.68085
2040-08-19 00:00:00+00:00,28.198473,32.658573,24.659077
2040-08-20 00:00:00+00:00,25.617496,27.768158,23.237303
2040-08-21 00:00:00+00:00,27.236523,31.777737,23.765528
2040-08-22 00:00:00+00:00,28.755543,33.237316,25.043755
2040-08-23 00:00:00+00:00,29.474567,34.996895,25.52198
2040-08-24 00:00:00+00:00,29.843588,34.706474,25.850203
2040-08-25 00:00:00+00:00,28.162615,32.166058,25.078428
2040-08-26 00:00:00+00:00,29.03164,33.72563,24.256655
2040-08-27 00:00:00+00:00,30.750664,35.635216,27.234882
2040-08-28 00:00:00+00:00,29.219688,32.794796,26.663107
2040-08-29 00:00:00+00:00,28.53871,32.904373,26.04133
2040-08-30 00:00:00+00:00,26.557735,28.513956,24.469557
2040-08-31 00:00:00+00:00,26.526756,30.423534,23.847784
2040-09-01 00:00:00+00:00,26.095781,29.333113,23.926008
2040-09-02 00:00:00+00:00,26.545935,30.538126,23.512247
2040-09-03 00:00:00+00:00,28.146086,33.44314,24.19848
2040-09-04 00:00:00+00:00,28.44624,31.848154,25.18472
2040-09-05 00:00:00+00:00,27.446396,30.553164,24.670958
2040-09-06 00:00:00+00:00,26.846546,30.908184,24.157192
2040-09-07 00:00:00+00:00,26.746696,29.863192,24.093431
2040-09-08 00:00:00+00:00,28.246851,33.018208,23.879667
2040-09-09 00:00:00+00:00,29.547003,34.02322,24.915905
2040-09-10 00:00:00+00:00,29.747158,33.878235,25.552143
2040-09-11 00:00:00+00:00,30.347311,34.583244,26.488382
2040-09-12 00:00:00+00:00,29.497463,32.938263,25.974619
2040-09-13 00:00:00+00:00,29.147615,33.293274,25.860855
2040-09-14 00:00:00+00:00,28.94777,33.198288,25.39709
2040-09-15 00:00:00+00:00,28.84792,33.603302,24.433329
2040-09-16 00:00:00+00:00,30.298073,35.35831,25.869564
2040-09-17 00:00:00+00:00,30.748226,35.113327,27.005802
2040-09-18 00:00:00+00:00,29.948381,34.61834,26.642042
2040-09-19 00:00:00+00:00,29.598534,33.67336,25.978275
2040-09-20 00:00:00+00:00,27.948687,31.478367,24.664516
2040-09-21 00:00:00+00:00,28.548841,33.883377,23.950754
2040-09-22 00:00:00+00:00,29.298994,35.388393,24.58699
2040-09-23 00:00:00+00:00,29.999146,35.393406,25.173225
2040-09-24 00:00:00+00:00,30.699297,35.948425,25.609465
2040-09-25 00:00:00+00:00,31.04945,36.15343,26.795704
2040-09-26 00:00:00+00:00,31.749605,37.25845,26.58194
2040-09-27 00:00:00+00:00,31.849756,37.11346,27.068174
2040-09-28 00:00:00+00:00,31.04991,35.51848,26.804413
2040-09-29 00:00:00+00:00,30.800064,35.773487,26.44065
2040-09-30 00:00:00+00:00,30.850214,35.678505,26.576889
2040-10-01 00:00:00+00:00,31.30037,37.63352,25.913122
2040-10-02 00:00:00+00:00,31.20052,36.28853,26.199364
2040-10-03 00:00:00+00:00,31.150671,36.343544,25.735598
2040-10-04 00:00:00+00:00,31.350826,36.648556,26.621836
2040-10-05 00:00:00+00:00,31.05098,35.703568,26.458073
2040-10-06 00:00:00+00:00,31.751133,35.95858,27.79431
2040-10-07 00:00:00+00:00,32.151283,37.863594,26.880548
2040-10-08 00:00:00+00:00,31.651438,36.718605,27.016787
2040-10-09 00:00:00+00:00,31.00159,35.773624,25.853024
2040-10-10 00:00:00+00:00,30.551744,34.828636,25.88926
2040-10-11 00:00:00+00:00,29.851896,33.183647,26.8255
2040-10-12 00:00:00+00:00,29.302052,33.538666,26.311737
2040-10-13 00:00:00+00:00,30.302204,35.643677,25.247972
2040-10-14 00:00:00+00:00,30.752356,35.84869,25.28421
2040-10-15 00:00:00+00:00,29.55251,34.553703,26.170446
2040-10-16 00:00:00+00:00,28.80266,32.55872,25.206682
2040-10-17 00:00:00+00:00,28.802814,31.463726,25.59292
2040-10-18 00:00:00+00:00,28.652966,32.218742,25.42916
2040-10-19 00:00:00+00:00,28.503119,32.273754,24.315393
2040-10-20 00:00:00+00:00,29.40327,35.028767,24.501633
2040-10-21 00:00:00+00:00,29.203424,35.533783,23.887869
2040-10-22 00:00:00+00:00,28.803577,33.688797,23.424107
2040-10-23 00:00:00+00:00,28.65373,33.89381,22.860344
2040-10-24 00:00:00+00:00,29.753881,36.648827,23.596582
2040-10-25 00:00:00+00:00,29.854036,38.253838,22.332819
2040-10-26 00:00:00+00:00,30.55419,38.658848,23.219055
2040-10-27 00:00:00+00:00,30.304344,37.763863,23.255295
2040-10-28 00:00:00+00:00,29.954496,37.66888,23.29153
2040-10-29 00:00:00+00:00,29.604649,37.973892,23.327768
2040-10-30 00:00:00+00:00,29.454802,38.578903,21.864006
2040-10-31 00:00:00+00:00,29.954952,38.483917,21.65024
2040-11-01 00:00:00+00:00,30.101326,37.737167,23.082659
2040-11-02 00:00:00+00:00,30.771242,38.778088,23.238338
2040-11-03 00:00:00+00:00,31.191156,38.919006,25.044014
2040-11-04 00:00:00+00:00,30.911068,39.409924,24.29969
2040-11-05 00:00:00+00:00,30.130981,38.65085,21.655367
2040-11-06 00:00:00+00:00,30.400902,37.791763,23.511045
2040-11-07 00:00:00+00:00,29.620815,37.632687,22.316725
2040-11-08 00:00:00+00:00,29.040728,37.173603,22.8224
2040-11-09 00:00:00+00:00,28.060644,35.11452,22.278076
2040-11-10 00:00:00+00:00,28.980558,35.055443,23.933756
2040-11-11 00:00:00+00:00,28.400473,35.94636,21.139435
2040-11-12 00:00:00+00:00,29.020386,36.38728,23.195112
2040-11-13 00:00:00+00:00,28.3903,36.928196,20.950787
2040-11-14 00:00:00+00:00,28.560215,37.51912,21.056461
2040-11-15 00:00:00+00:00,28.680134,37.860035,21.262142
2040-11-16 00:00:00+00:00,29.150047,37.150955,21.61782
2040-11-17 00:00:00+00:00,29.969961,37.74187,21.923496
2040-11-18 00:00:00+00:00,30.389874,38.332794,22.629173
2040-11-19 00:00:00+00:00,30.709791,38.173706,24.384851
2040-11-20 00:00:00+00:00,30.379705,38.46463,23.49053
2040-11-21 00:00:00+00:00,30.899618,38.50555,24.546207
2040-11-22 00:00:00+00:00,30.619532,37.496468,25.001886
2040-11-23 00:00:00+00:00,29.68945,37.137386,22.957561
2040-11-24 00:00:00+00:00,29.459362,36.678307,22.913239
2040-11-25 00:00:00+00:00,29.079277,37.11922,22.068916
2040-11-26 00:00:00+00:00,29.449192,37.81014,21.374592
2040-11-27 00:00:00+00:00,29.619108,37.55106,23.080269
2040-11-28 00:00:00+00:00,29.68902,35.84198,23.935946
2040-11-29 00:00:00+00:00,31.308935,37.7329,25.791626
2040-11-30 00:00:00+00:00,30.47885,37.92382,23.547302
2040-12-01 00:00:00+00:00,31.098766,38.66474,24.302979
2040-12-02 00:00:00+00:00,31.018679,38.955654,24.258657
2040-12-03 00:00:00+00:00,30.588596,35.69658,26.114334
2040-12-04 00:00:00+00:00,30.55851,37.987495,23.670012
2040-12-05 00:00:00+00:00,29.578423,37.078415,22.97569
2040-12-06 00:00:00+00:00,29.748337,37.01933,22.681364
2040-12-07 00:00:00+00:00,30.56825,36.810257,24.637045
2040-12-08 00:00:00+00:00,30.588163,37.20117,24.592722
2040-12-09 00:00:00+00:00,30.758081,38.29209,23.9984
2040-12-10 00:00:00+00:00,30.327995,38.43301,23.254076
2040-12-11 00:00:00+00:00,30.29791,38.22393,23.10975
2040-12-12 00:00:00+00:00,30.167824,37.91485,23.465431
2040-12-13 00:00:00+00:00,30.487743,38.155766,23.821108
2040-12-14 00:00:00+00:00,31.007656,38.846687,23.976784
2040-12-15 00:00:00+00:00,31.12757,38.287605,24.582464
2040-12-16 00:00:00+00:00,30.747484,38.57852,23.53814
2040-12-17 00:00:00+00:00,30.417398,37.719444,23.24382
2040-12-18 00:00:00+00:00,29.387314,36.41036,22.749496
2040-12-19 00:00:00+00:00,28.307228,34.80128,22.055172
2040-12-20 00:00:00+00:00,28.527142,36.2922,21.26085
2040-12-21 00:00:00+00:00,28.897057,37.033115,21.066526
2040-12-22 00:00:00+00:00,28.916973,36.274036,22.072205
2040-12-23 00:00:00+00:00,28.636889,35.914955,21.927883
2040-12-24 00:00:00+00:00,28.706802,36.755875,21.18356
2040-12-25 00:00:00+00:00,29.976715,38.34679,22.339235
2040-12-26 00:00:00+00:00,31.396631,39.787712,23.994913
2040-12-27 00:00:00+00:00,31.266544,39.528633,24.15059
2040-12-28 00:00:00+00:00,30.786463,39.119553,23.55627
2040-12-29 00:00:00+00:00,30.356375,38.510468,23.011946
2040-12-30 00:00:00+00:00,29.976292,37.65139,23.417624
2040-12-31 00:00:00+00:00,28.946205,36.89231,21.473299
2041-01-01 00:00:00+00:00,28.71691,36.382305,21.9794
2041-01-02 00:00:00+00:00,26.38999,33.019543,20.086761
2041-01-03 00:00:00+00:00,23.713064,30.656784,16.944124
2041-01-04 00:00:00+00:00,24.286146,32.744022,16.551485
2041-01-05 00:00:00+00:00,25.959223,34.531265,17.60885
2041-01-06 00:00:00+00:00,27.182302,34.2685,20.666214
2041-01-07 00:00:00+00:00,27.65538,35.75574,20.573578
2041-01-08 00:00:00+00:00,27.228458,35.39298,19.73094
2041-01-09 00:00:00+00:00,26.651539,34.780216,18.9383
2041-01-10 00:00:00+00:00,26.574617,34.817455,18.745665
2041-01-11 00:00:00+00:00,26.6477,34.354694,18.753025
2041-01-12 00:00:00+00:00,27.270775,34.241932,21.21039
2041-01-13 00:00:00+00:00,26.243855,34.32917,18.867752
2041-01-14 00:00:00+00:00,26.816933,34.866405,19.075115
2041-01-15 00:00:00+00:00,28.540012,36.003647,21.582478
2041-01-16 00:00:00+00:00,27.36309,35.390892,19.739838
2041-01-17 00:00:00+00:00,26.886168,34.678127,19.647203
2041-01-18 00:00:00+00:00,26.159248,33.215363,19.304564
2041-01-19 00:00:00+00:00,24.782328,29.252605,20.161926
2041-01-20 00:00:00+00:00,25.155405,30.489841,19.81929
2041-01-21 00:00:00+00:00,25.428482,32.377083,18.026653
2041-01-22 00:00:00+00:00,25.401564,32.36432,18.634014
2041-01-23 00:00:00+00:00,26.374641,33.35156,19.491375
2041-01-24 00:00:00+00:00,27.44772,33.5888,21.848742
2041-01-25 00:00:00+00:00,27.570799,34.02604,21.606106
2041-01-26 00:00:00+00:00,26.99388,32.563274,21.613464
2041-01-27 00:00:00+00:00,26.766956,32.20051,21.370829
2041-01-28 00:00:00+00:00,24.290035,29.637749,19.428192
2041-01-29 00:00:00+00:00,24.463114,31.624992,17.835554
2041-01-30 00:00:00+00:00,26.386192,34.21223,18.542915
2041-01-31 00:00:00+00:00,28.659273,36.44947,21.25028
2041-02-01 00:00:00+00:00,30.18235,38.136703,23.507645
2041-02-02 00:00:00+00:00,31.60543,39.823948,23.765007
2041-02-03 00:00:00+00:00,31.128508,39.561184,22.922367
2041-02-04 00:00:00+00:00,32.101585,39.798424,24.82973
2041-02-05 00:00:00+00:00,31.224667,37.935658,24.687094
2041-02-06 00:00:00+00:00,29.897743,36.9229,22.944456
2041-02-07 00:00:00+00:00,29.57082,36.960136,21.801819
2041-02-08 00:00:00+00:00,30.0439,37.247375,22.859182
2041-02-09 00:00:00+00:00,30.26698,38.084618,22.516542
2041-02-10 00:00:00+00:00,30.890059,38.871857,22.923908
2041-02-11 00:00:00+00:00,31.11314,38.859097,23.78127
2041-02-12 00:00:00+00:00,31.036219,38.846333,23.63863
2041-02-13 00:00:00+00:00,29.909292,38.03357,21.745996
2041-02-14 00:00:00+00:00,21.682375,30.220808,16.903357
2041-02-15 00:00:00+00:00,19.855452,22.908047,16.21072
2041-02-16 00:00:00+00:00,21.92853,28.945284,15.018083
2041-02-17 00:00:00+00:00,22.201609,28.682528,15.625443
2041-02-18 00:00:00+00:00,22.47469,30.069767,15.3328085
2041-02-19 00:00:00+00:00,23.897766,32.057003,16.240171
2041-02-20 00:00:00+00:00,26.070847,34.44424,17.847534
2041-02-21 00:00:00+00:00,26.343924,34.181484,18.854895
2041-02-22 00:00:00+00:00,26.917002,35.26872,18.862259
2041-02-23 00:00:00+00:00,29.790083,38.20596,21.41962
2041-02-24 00:00:00+00:00,32.06316,40.543198,23.526985
2041-02-25 00:00:00+00:00,33.63624,41.480434,26.534348
2041-02-26 00:00:00+00:00,34.05932,41.817673,26.64171
2041-02-27 00:00:00+00:00,32.832394,39.80491,24.999071
2041-02-28 00:00:00+00:00,32.055473,39.692154,23.806435
2041-03-01 00:00:00+00:00,31.27855,38.27939,24.013796
2041-03-02 00:00:00+00:00,32.551636,41.36663,23.87116
2041-03-03 00:00:00+00:00,34.689873,43.160217,26.651264
2041-03-04 00:00:00+00:00,35.203373,42.71439,27.519276
2041-03-05 00:00:00+00:00,32.716873,39.318565,26.337282
2041-03-06 00:00:00+00:00,31.58038,38.272736,24.305292
2041-03-07 00:00:00+00:00,31.193878,38.97691,23.173298
2041-03-08 00:00:00+00:00,32.357384,40.681076,23.691307
2041-03-09 00:00:00+00:00,33.77088,41.685253,25.509315
2041-03-10 00:00:00+00:00,33.834385,41.839424,25.877327
2041-03-11 00:00:00+00:00,33.947884,41.843597,26.145334
2041-03-12 00:00:00+00:00,34.211388,42.19777,26.663345
2041-03-13 00:00:00+00:00,33.474895,41.701942,25.131355
2041-03-14 00:00:00+00:00,33.988396,41.506115,26.449364
2041-03-15 00:00:00+00:00,34.051895,40.810284,26.86737
2041-03-16 00:00:00+00:00,32.715397,39.814457,25.28538
2041-03-17 00:00:00+00:00,31.3289,38.31863,24.403387
2041-03-18 00:00:00+00:00,32.2424,40.422806,24.271397
2041-03-19 00:00:00+00:00,34.4059,42.576977,26.139404
2041-03-20 00:00:00+00:00,35.669403,43.781147,27.707413
2041-03-21 00:00:00+00:00,36.182907,43.48532,28.925423
2041-03-22 00:00:00+00:00,35.19641,43.389496,26.093433
2041-03-23 00:00:00+00:00,35.459908,42.94367,27.51144
2041-03-24 00:00:00+00:00,34.473408,41.99784,26.47945
2041-03-25 00:00:00+00:00,33.586914,41.352013,25.497458
2041-03-26 00:00:00+00:00,33.750416,41.556187,25.615469
2041-03-27 00:00:00+00:00,34.963917,42.810356,26.783476
2041-03-28 00:00:00+00:00,34.77742,42.214527,27.151487
2041-03-29 00:00:00+00:00,33.44092,41.16871,25.519491
2041-03-30 00:00:00+00:00,32.904427,40.522877,25.087502
2041-03-31 00:00:00+00:00,32.567924,40.327045,24.80551
2041-04-01 00:00:00+00:00,32.781425,40.53122,24.823519
2041-04-02 00:00:00+00:00,34.694927,41.935394,26.341526
2041-04-03 00:00:00+00:00,34.45843,40.28956,27.009537
2041-04-04 00:00:00+00:00,34.971935,42.343735,27.427546
2041-04-05 00:00:00+00:00,34.98544,42.44791,26.645555
2041-04-06 00:00:00+00:00,34.698936,42.152084,26.713564
2041-04-07 00:00:00+00:00,34.962437,42.656254,26.931574
2041-04-08 00:00:00+00:00,35.075943,43.060425,26.899584
2041-04-09 00:00:00+00:00,34.789444,42.5646,26.617592
2041-04-10 00:00:00+00:00,33.802944,41.768772,25.535597
2041-04-11 00:00:00+00:00,31.716442,39.372944,23.703608
2041-04-12 00:00:00+00:00,30.229948,37.927113,22.071615
2041-04-13 00:00:00+00:00,31.04345,37.88129,24.839624
2041-04-14 00:00:00+00:00,32.25695,40.235462,24.107632
2041-04-15 00:00:00+00:00,34.020454,40.58963,27.125643
2041-04-16 00:00:00+00:00,33.883957,40.9438,26.34365
2041-04-17 00:00:00+00:00,33.29746,40.74798,25.21166
2041-04-18 00:00:00+00:00,32.21096,39.602154,24.32967
2041-04-19 00:00:00+00:00,35.724464,43.056324,28.197678
2041-04-20 00:00:00+00:00,37.237965,43.510498,30.415688
2041-04-21 00:00:00+00:00,36.45147,42.36467,30.533693
2041-04-22 00:00:00+00:00,37.21497,43.218838,30.401707
2041-04-23 00:00:00+00:00,37.07847,42.823013,30.719713
2041-04-24 00:00:00+00:00,36.991974,43.027184,30.33772
2041-04-25 00:00:00+00:00,35.75547,42.731358,27.85573
2041-04-26 00:00:00+00:00,35.618977,42.485527,27.923742
2041-04-27 00:00:00+00:00,35.43248,42.4397,27.741747
2041-04-28 00:00:00+00:00,35.795982,44.143875,26.109756
2041-04-29 00:00:00+00:00,36.509476,43.048046,28.527765
2041-04-30 00:00:00+00:00,35.122982,42.30222,26.645773
2041-05-01 00:00:00+00:00,34.886486,43.056396,25.813786
2041-05-02 00:00:00+00:00,33.499985,42.360565,24.131792
2041-05-03 00:00:00+00:00,32.868904,40.76419,24.21804
2041-05-04 00:00:00+00:00,32.893234,40.017265,24.82253
2041-05-05 00:00:00+00:00,33.517555,40.47034,26.027018
2041-05-06 00:00:00+00:00,33.491886,39.723415,26.431505
2041-05-07 00:00:00+00:00,33.466217,39.626495,26.835995
2041-05-08 00:00:00+00:00,33.19054,39.77957,26.590483
2041-05-09 00:00:00+00:00,31.514872,38.23265,25.04497
2041-05-10 00:00:00+00:00,31.8392,38.235725,24.84946
2041-05-11 00:00:00+00:00,33.06353,39.7388,26.703947
2041-05-12 00:00:00+00:00,34.28785,41.44188,26.858438
2041-05-13 00:00:00+00:00,36.012184,44.494957,27.212927
2041-05-14 00:00:00+00:00,38.53651,47.448032,29.517414
2041-05-15 00:00:00+00:00,37.560837,44.70111,29.371902
2041-05-16 00:00:00+00:00,35.285164,42.454185,26.67639
2041-05-17 00:00:00+00:00,33.809494,41.857265,24.980879
2041-05-18 00:00:00+00:00,33.233826,41.16034,25.535366
2041-05-19 00:00:00+00:00,33.30815,40.263416,26.439856
2041-05-20 00:00:00+00:00,32.032482,36.816494,26.394344
2041-05-21 00:00:00+00:00,31.206806,35.51957,26.298832
2041-05-22 00:00:00+00:00,32.731133,39.272648,26.103323
2041-05-23 00:00:00+00:00,33.80546,41.475723,25.807808
2041-05-24 00:00:00+00:00,34.029785,41.8288,25.562298
2041-05-25 00:00:00+00:00,34.204117,41.531876,26.066788
2041-05-26 00:00:00+00:00,34.028446,41.634956,25.821274
2041-05-27 00:00:00+00:00,34.702774,42.038025,26.775763
2041-05-28 00:00:00+00:00,34.8771,42.34111,26.880253
2041-05-29 00:00:00+00:00,35.65143,43.544178,27.484743
2041-05-30 00:00:00+00:00,37.725758,46.697258,28.73923
2041-05-31 00:00:00+00:00,38.45009,46.250336,30.693718
2041-06-01 00:00:00+00:00,34.874413,42.253414,26.748203
2041-06-02 00:00:00+00:00,33.99874,41.25649,26.202694
2041-06-03 00:00:00+00:00,33.77307,41.359562,25.657183
2041-06-04 00:00:00+00:00,34.047394,41.612644,26.16167
2041-06-05 00:00:00+00:00,33.821724,41.515724,26.06616
2041-06-06 00:00:00+00:00,34.096058,41.368797,26.220648
2041-06-07 00:00:00+00:00,34.120384,41.321873,26.625135
2041-06-08 00:00:00+00:00,34.244713,41.12495,26.929623
2041-06-09 00:00:00+00:00,35.069042,41.32803,27.984112
2041-06-10 00:00:00+00:00,35.79337,42.781105,28.038603
2041-06-11 00:00:00+00:00,35.617695,42.43418,27.99309
2041-06-12 00:00:00+00:00,34.342026,41.23726,27.09758
2041-06-13 00:00:00+00:00,33.616356,40.44034,26.552065
2041-06-14 00:00:00+00:00,33.64068,40.59341,27.056557
2041-06-15 00:00:00+00:00,33.315006,40.396484,26.161043
2041-06-16 00:00:00+00:00,32.839336,39.399563,25.965532
2041-06-17 00:00:00+00:00,32.913662,38.602642,26.770021
2041-06-18 00:00:00+00:00,32.48799,39.605717,27.27451
2041-06-19 00:00:00+00:00,33.062325,39.40879,27.479
2041-06-20 00:00:00+00:00,33.63665,39.41187,27.883486
2041-06-21 00:00:00+00:00,32.610973,39.26495,27.337973
2041-06-22 00:00:00+00:00,31.585306,37.268024,27.142464
2041-06-23 00:00:00+00:00,30.80963,36.8711,26.596952
2041-06-24 00:00:00+00:00,28.633957,31.274178,26.05144
2041-06-25 00:00:00+00:00,29.60829,34.027256,25.305927
2041-06-26 00:00:00+00:00,31.282614,36.43033,25.910416
2041-06-27 00:00:00+00:00,32.35694,38.233406,26.314903
2041-06-28 00:00:00+00:00,30.981274,36.586483,26.519392
2041-06-29 00:00:00+00:00,27.255602,30.489561,23.473885
2041-06-30 00:00:00+00:00,30.179928,35.64264,25.32837
2041-07-01 00:00:00+00:00,33.104256,38.795715,28.182858
2041-07-02 00:00:00+00:00,32.928585,39.048794,26.937347
2041-07-03 00:00:00+00:00,32.0996,37.95593,27.175423
2041-07-04 00:00:00+00:00,28.468622,32.71551,25.203651
2041-07-05 00:00:00+00:00,30.537645,35.575092,25.431871
2041-07-06 00:00:00+00:00,32.756668,38.484673,27.160097
2041-07-07 00:00:00+00:00,33.07569,39.344254,27.438324
2041-07-08 00:00:00+00:00,30.294718,37.00383,24.31655
2041-07-09 00:00:00+00:00,27.213741,31.063414,24.394775
2041-07-10 00:00:00+00:00,28.632765,34.022987,24.623003
2041-07-11 00:00:00+00:00,29.801788,34.882572,26.201227
2041-07-12 00:00:00+00:00,30.170813,34.842148,26.32945
2041-07-13 00:00:00+00:00,29.939835,34.801727,25.957676
2041-07-14 00:00:00+00:00,31.208858,36.411312,26.435902
2041-07-15 00:00:00+00:00,32.277885,37.770885,27.114126
2041-07-16 00:00:00+00:00,29.846907,35.730473,26.392353
2041-07-17 00:00:00+00:00,28.61593,33.490047,25.32058
2041-07-18 00:00:00+00:00,28.334955,34.04963,25.148802
2041-07-19 00:00:00+00:00,28.60398,33.65921,25.07703
2041-07-20 00:00:00+00:00,28.723001,34.01879,25.105255
2041-07-21 00:00:00+00:00,27.792027,32.378365,24.23348
2041-07-22 00:00:00+00:00,29.21105,34.087948,24.061707
2041-07-23 00:00:00+00:00,31.330074,36.247528,26.689932
2041-07-24 00:00:00+00:00,30.449097,35.557106,26.618156
2041-07-25 00:00:00+00:00,29.46812,33.966686,25.246382
2041-07-26 00:00:00+00:00,30.037146,35.226265,25.824608
2041-07-27 00:00:00+00:00,31.056171,36.83585,26.652834
2041-07-28 00:00:00+00:00,30.525192,35.74543,25.83106
2041-07-29 00:00:00+00:00,30.994217,36.155006,26.359282
2041-07-30 00:00:00+00:00,29.613237,35.464584,25.88751
2041-07-31 00:00:00+00:00,27.832264,32.624165,24.365736
2041-08-01 00:00:00+00:00,27.951288,31.833744,24.29396
2041-08-02 00:00:00+00:00,28.32031,31.843327,24.872187
2041-08-03 00:00:00+00:00,28.539335,33.2029,24.400414
2041-08-04 00:00:00+00:00,27.70836,32.862488,24.37864
2041-08-05 00:00:00+00:00,27.72738,32.822067,24.556862
2041-08-06 00:00:00+00:00,26.896406,30.081644,23.53509
2041-08-07 00:00:00+00:00,27.76543,31.741226,24.613314
2041-08-08 00:00:00+00:00,27.634453,31.900806,24.741539
2041-08-09 00:00:00+00:00,26.503479,29.510384,23.869764
2041-08-10 00:00:00+00:00,26.272503,31.019962,23.497992
2041-08-11 00:00:00+00:00,25.441525,28.379541,23.476217
2041-08-12 00:00:00+00:00,26.660553,30.58912,22.654442
2041-08-13 00:00:00+00:00,27.779573,30.698704,24.88267
2041-08-14 00:00:00+00:00,26.398598,29.108282,23.460892
2041-08-15 00:00:00+00:00,27.867624,31.76786,23.989119
2041-08-16 00:00:00+00:00,27.586643,30.827438,24.067345
2041-08-17 00:00:00+00:00,29.205667,33.13702,25.445568
2041-08-18 00:00:00+00:00,28.82469,34.2466,25.323793
2041-08-19 00:00:00+00:00,26.343716,29.006184,23.90202
2041-08-20 00:00:00+00:00,27.36274,32.56576,23.780245
2041-08-21 00:00:00+00:00,26.531763,29.17534,24.408472
2041-08-22 00:00:00+00:00,27.900787,31.734919,23.936697
2041-08-23 00:00:00+00:00,28.419811,33.544502,25.514923
2041-08-24 00:00:00+00:00,27.538836,31.75408,25.293148
2041-08-25 00:00:00+00:00,27.15786,30.31366,24.671373
2041-08-26 00:00:00+00:00,27.276882,30.073242,24.799597
2041-08-27 00:00:00+00:00,27.245907,30.782816,24.827826
2041-08-28 00:00:00+00:00,27.264929,31.2424,24.556051
2041-08-29 00:00:00+00:00,26.883953,31.45198,23.834274
2041-08-30 00:00:00+00:00,26.25298,29.71156,23.812502
2041-08-31 00:00:00+00:00,26.872002,31.421139,23.740726
2041-09-01 00:00:00+00:00,27.741026,32.080723,23.46895
2041-09-02 00:00:00+00:00,28.345896,32.386875,26.065687
2041-09-03 00:00:00+00:00,26.846048,29.741886,24.451921
2041-09-04 00:00:00+00:00,26.796204,31.6469,23.838161
2041-09-05 00:00:00+00:00,27.146355,31.951916,23.924398
2041-09-06 00:00:00+00:00,26.646505,29.906929,24.110636
2041-09-07 00:00:00+00:00,27.14666,31.061941,23.546873
2041-09-08 00:00:00+00:00,27.846813,31.316957,24.833107
2041-09-09 00:00:00+00:00,28.346966,32.521965,24.719347
2041-09-10 00:00:00+00:00,26.647116,29.326982,24.255583
2041-09-11 00:00:00+00:00,26.547274,31.181995,23.39182
2041-09-12 00:00:00+00:00,27.947424,32.087006,23.678059
2041-09-13 00:00:00+00:00,29.047579,33.29202,25.064295
2041-09-14 00:00:00+00:00,29.34773,33.947037,24.800533
2041-09-15 00:00:00+00:00,27.147884,31.652048,24.03677
2041-09-16 00:00:00+00:00,26.248035,29.857061,23.523008
2041-09-17 00:00:00+00:00,27.54819,31.962078,24.259245
2041-09-18 00:00:00+00:00,27.848343,31.51709,24.44548
2041-09-19 00:00:00+00:00,28.098495,32.9221,24.731718
2041-09-20 00:00:00+00:00,28.248646,31.877115,25.117956
2041-09-21 00:00:00+00:00,26.8488,28.58213,24.504192
2041-09-22 00:00:00+00:00,28.548954,33.48714,23.64043
2041-09-23 00:00:00+00:00,29.149107,33.642155,24.726667
2041-09-24 00:00:00+00:00,28.899258,33.29717,24.562904
2041-09-25 00:00:00+00:00,29.049412,33.10218,25.49914
2041-09-26 00:00:00+00:00,29.349566,34.0072,25.03538
2041-09-27 00:00:00+00:00,30.099716,35.11221,25.121616
2041-09-28 00:00:00+00:00,30.14987,34.317223,25.657854
2041-09-29 00:00:00+00:00,29.800022,34.322235,25.19409
2041-09-30 00:00:00+00:00,28.650175,32.82725,24.880331
2041-10-01 00:00:00+00:00,28.150328,32.33226,23.916567
2041-10-02 00:00:00+00:00,28.600483,32.787277,24.652803
2041-10-03 00:00:00+00:00,29.100636,33.49229,25.13904
2041-10-04 00:00:00+00:00,29.750786,35.297302,24.225277
2041-10-05 00:00:00+00:00,30.550941,36.652317,24.961515
2041-10-06 00:00:00+00:00,31.401093,38.45733,25.04775
2041-10-07 00:00:00+00:00,31.601246,38.112343,25.733986
2041-10-08 00:00:00+00:00,31.901398,38.917355,25.720226
2041-10-09 00:00:00+00:00,31.601553,37.922367,25.556463
2041-10-10 00:00:00+00:00,30.401705,35.77738,25.592701
2041-10-11 00:00:00+00:00,29.851856,34.1824,24.928936
2041-10-12 00:00:00+00:00,29.402008,34.237408,24.865175
2041-10-13 00:00:00+00:00,29.352163,35.64242,23.801414
2041-10-14 00:00:00+00:00,30.402317,36.897438,23.98765
2041-10-15 00:00:00+00:00,31.30247,37.95245,25.123886
2041-10-16 00:00:00+00:00,31.752625,38.857464,25.310125
2041-10-17 00:00:00+00:00,31.752777,39.762478,24.296364
2041-10-18 00:00:00+00:00,31.252928,36.81749,26.0326
2041-10-19 00:00:00+00:00,30.303082,35.9725,24.718836
2041-10-20 00:00:00+00:00,30.353233,35.027515,25.455074
2041-10-21 00:00:00+00:00,30.503387,35.38253,25.441313
2041-10-22 00:00:00+00:00,31.15354,36.937542,25.527548
2041-10-23 00:00:00+00:00,31.953691,37.09256,26.563786
2041-10-24 00:00:00+00:00,31.903845,37.24757,26.45002
2041-10-25 00:00:00+00:00,31.603996,37.002583,26.086258
2041-10-26 00:00:00+00:00,31.95415,38.1576,25.972496
2041-10-27 00:00:00+00:00,31.204304,37.212612,24.758734
2041-10-28 00:00:00+00:00,30.704456,36.66762,24.244968
2041-10-29 00:00:00+00:00,31.204609,37.972637,24.481209
2041-10-30 00:00:00+00:00,32.054764,39.57765,25.167446
2041-10-31 00:00:00+00:00,31.75492,38.932667,24.253683
2041-11-01 00:00:00+00:00,31.805069,39.287674,24.78992
2041-11-02 00:00:00+00:00,31.578762,39.080357,24.149418
2041-11-03 00:00:00+00:00,31.698677,38.871277,24.455095
2041-11-04 00:00:00+00:00,31.56859,40.262196,23.660772
2041-11-05 00:00:00+00:00,31.388506,39.953117,23.366451
2041-11-06 00:00:00+00:00,31.058422,39.794033,22.872128
2041-11-07 00:00:00+00:00,31.078337,39.584953,22.977802
2041-11-08 00:00:00+00:00,31.49825,38.77587,25.383482
2041-11-09 00:00:00+00:00,30.468166,37.61679,24.539158
2041-11-10 00:00:00+00:00,29.538082,36.75771,22.994835
2041-11-11 00:00:00+00:00,29.557995,37.19863,22.100513
2041-11-12 00:00:00+00:00,30.927908,38.18955,23.256191
2041-11-13 00:00:00+00:00,32.147823,39.280468,25.561869
2041-11-14 00:00:00+00:00,31.767736,39.27139,25.017546
2041-11-15 00:00:00+00:00,30.437653,37.962303,23.423223
2041-11-16 00:00:00+00:00,29.607567,37.553226,21.378902
2041-11-17 00:00:00+00:00,30.077482,38.094143,22.634575
2041-11-18 00:00:00+00:00,30.697397,37.88506,24.290255
2041-11-19 00:00:00+00:00,30.317312,37.12598,23.84593
2041-11-20 00:00:00+00:00,30.037226,36.9169,23.501612
2041-11-21 00:00:00+00:00,29.757141,36.60782,23.507286
2041-11-22 00:00:00+00:00,29.127058,36.098736,22.812963
2041-11-23 00:00:00+00:00,28.546968,35.68966,21.76864
2041-11-24 00:00:00+00:00,28.216883,35.780575,21.024319
2041-11-25 00:00:00+00:00,28.2368,36.171494,20.979998
2041-11-26 00:00:00+00:00,28.256714,36.11241,20.935675
2041-11-27 00:00:00+00:00,28.676628,36.10333,21.541351
2041-11-28 00:00:00+00:00,29.146544,36.894253,21.74703
2041-11-29 00:00:00+00:00,30.216457,37.985172,22.452705
2041-11-30 00:00:00+00:00,31.136375,38.72609,24.108383
2041-12-01 00:00:00+00:00,30.556286,38.71701,22.81406
2041-12-02 00:00:00+00:00,29.876202,38.10793,21.919737
2041-12-03 00:00:00+00:00,29.646114,37.74885,21.825415
2041-12-04 00:00:00+00:00,29.61603,36.789764,22.431091
2041-12-05 00:00:00+00:00,29.835943,36.830685,22.686771
2041-12-06 00:00:00+00:00,29.70586,37.421604,22.342445
2041-12-07 00:00:00+00:00,29.575773,37.562523,22.498125
2041-12-08 00:00:00+00:00,29.345688,36.953445,22.803804
2041-12-09 00:00:00+00:00,28.815601,36.144363,22.159477
2041-12-10 00:00:00+00:00,28.23552,35.83528,21.315157
2041-12-11 00:00:00+00:00,27.405434,35.826202,19.870834
2041-12-12 00:00:00+00:00,27.425346,35.81712,19.976513
2041-12-13 00:00:00+00:00,27.09526,34.958035,20.032188
2041-12-14 00:00:00+00:00,26.665176,34.548958,20.037867
2041-12-15 00:00:00+00:00,25.885092,33.239876,19.293543
2041-12-16 00:00:00+00:00,26.055004,33.980797,18.69922
2041-12-17 00:00:00+00:00,25.974918,33.521713,18.604898
2041-12-18 00:00:00+00:00,25.394836,32.61263,18.660576
2041-12-19 00:00:00+00:00,24.564749,32.15355,17.366251
2041-12-20 00:00:00+00:00,24.834665,32.49447,18.42193
2041-12-21 00:00:00+00:00,24.304579,31.985386,17.377607
2041-12-22 00:00:00+00:00,24.374495,31.126307,18.233284
2041-12-23 00:00:00+00:00,25.64441,31.667227,20.488964
2041-12-24 00:00:00+00:00,26.914322,34.008144,20.844639
2041-12-25 00:00:00+00:00,28.634237,36.29906,21.900318
2041-12-26 00:00:00+00:00,28.654154,36.489986,21.555994
2041-12-27 00:00:00+00:00,28.424067,35.080902,21.761671
2041-12-28 00:00:00+00:00,27.89398,35.02182,22.01735
2041-12-29 00:00:00+00:00,26.963894,34.46274,19.873026
2041-12-30 00:00:00+00:00,24.933811,30.003658,19.778706
2041-12-31 00:00:00+00:00,23.053726,29.49458,16.934381
2042-01-01 00:00:00+00:00,22.573639,28.885498,16.190058
2042-01-02 00:00:00+00:00,23.646719,31.522734,16.297422
2042-01-03 00:00:00+00:00,24.9198,32.55998,18.004786
2042-01-04 00:00:00+00:00,25.442875,32.24721,19.012146
2042-01-05 00:00:00+00:00,23.965954,30.834454,17.519508
2042-01-06 00:00:00+00:00,23.139032,31.07169,15.826871
2042-01-07 00:00:00+00:00,23.662111,31.808933,16.134235
2042-01-08 00:00:00+00:00,25.085192,33.196167,17.691599
2042-01-09 00:00:00+00:00,23.808268,28.983408,18.79896
2042-01-10 00:00:00+00:00,22.831347,28.370644,17.606323
2042-01-11 00:00:00+00:00,23.804426,32.407883,16.113686
2042-01-12 00:00:00+00:00,26.027506,34.69512,17.821047
2042-01-13 00:00:00+00:00,26.000584,33.13236,19.428411
2042-01-14 00:00:00+00:00,24.823664,29.9696,20.185774
2042-01-15 00:00:00+00:00,24.646742,32.05684,16.943136
2042-01-16 00:00:00+00:00,25.86982,33.44408,19.050499
2042-01-17 00:00:00+00:00,25.492897,33.131317,18.807861
2042-01-18 00:00:00+00:00,27.41598,34.368557,21.515224
2042-01-19 00:00:00+00:00,28.439054,35.355797,21.972586
2042-01-20 00:00:00+00:00,29.362135,36.243034,22.829948
2042-01-21 00:00:00+00:00,28.635214,34.980267,23.087313
2042-01-22 00:00:00+00:00,26.758291,33.167507,20.694675
2042-01-23 00:00:00+00:00,25.531374,30.30475,20.852037
2042-01-24 00:00:00+00:00,25.85445,32.09199,20.059399
2042-01-25 00:00:00+00:00,25.427528,32.379227,18.766764
2042-01-26 00:00:00+00:00,26.000608,33.366463,18.874126
2042-01-27 00:00:00+00:00,26.573687,34.1537,19.331488
2042-01-28 00:00:00+00:00,26.746765,34.740944,19.38885
2042-01-29 00:00:00+00:00,27.119844,34.62818,20.146214
2042-01-30 00:00:00+00:00,26.942923,34.865417,19.503578
2042-01-31 00:00:00+00:00,27.316004,34.852657,20.010939
2042-02-01 00:00:00+00:00,26.439081,32.639896,19.868301
2042-02-02 00:00:00+00:00,26.762157,33.327137,21.225664
2042-02-03 00:00:00+00:00,27.83524,36.714375,19.533026
2042-02-04 00:00:00+00:00,29.258318,37.601612,21.340391
2042-02-05 00:00:00+00:00,29.781397,37.73885,22.997753
2042-02-06 00:00:00+00:00,29.704475,37.626095,21.955116
2042-02-07 00:00:00+00:00,28.727554,35.91333,22.112476
2042-02-08 00:00:00+00:00,29.15063,37.000565,20.76984
2042-02-09 00:00:00+00:00,30.423712,37.83781,22.427204
2042-02-10 00:00:00+00:00,30.746786,37.675045,25.034565
2042-02-11 00:00:00+00:00,30.96987,38.212284,24.041927
2042-02-12 00:00:00+00:00,29.492947,36.44952,22.549292
2042-02-13 00:00:00+00:00,28.616026,36.236763,20.806654
2042-02-14 00:00:00+00:00,29.089104,36.974,21.064014
2042-02-15 00:00:00+00:00,30.212185,38.46124,21.92138
2042-02-16 00:00:00+00:00,31.13526,39.048477,23.578741
2042-02-17 00:00:00+00:00,31.00834,38.835716,23.486103
2042-02-18 00:00:00+00:00,30.48142,38.272957,22.79347
2042-02-19 00:00:00+00:00,29.6045,36.160194,23.000832
2042-02-20 00:00:00+00:00,29.427574,36.59743,23.208195
2042-02-21 00:00:00+00:00,30.100657,37.434673,23.815556
2042-02-22 00:00:00+00:00,30.223732,38.27191,22.122917
2042-02-23 00:00:00+00:00,31.796814,40.35915,23.580282
2042-02-24 00:00:00+00:00,32.719894,40.99639,24.487642
2042-02-25 00:00:00+00:00,32.392967,40.38363,24.245007
2042-02-26 00:00:00+00:00,31.866047,39.92086,23.652369
2042-02-27 00:00:00+00:00,31.63913,39.608105,23.55973
2042-02-28 00:00:00+00:00,31.312204,38.84534,23.467093
2042-03-01 00:00:00+00:00,31.635284,39.632576,23.224455
2042-03-02 00:00:00+00:00,31.608366,39.319824,23.58182
2042-03-03 00:00:00+00:00,30.886496,37.809177,24.546764
2042-03-04 00:00:00+00:00,29.649998,34.263344,24.414772
2042-03-05 00:00:00+00:00,30.313501,37.81752,22.93278
2042-03-06 00:00:00+00:00,30.627005,37.52169,24.550789
2042-03-07 00:00:00+00:00,31.640503,40.375866,23.118797
2042-03-08 00:00:00+00:00,31.304005,39.18004,24.236807
2042-03-09 00:00:00+00:00,30.567503,38.134216,23.154816
2042-03-10 00:00:00+00:00,31.38101,39.08838,23.772825
2042-03-11 00:00:00+00:00,32.29451,39.642555,24.740833
2042-03-12 00:00:00+00:00,32.10801,38.746723,25.108845
2042-03-13 00:00:00+00:00,31.921518,38.5509,24.676851
2042-03-14 00:00:00+00:00,32.485016,39.75507,25.54486
2042-03-15 00:00:00+00:00,32.34852,39.70924,25.362867
2042-03-16 00:00:00+00:00,32.11202,38.713417,25.380878
2042-03-17 00:00:00+00:00,30.425522,36.76759,23.898886
2042-03-18 00:00:00+00:00,30.389023,37.321762,23.616892
2042-03-19 00:00:00+00:00,30.002527,37.925934,21.934904
2042-03-20 00:00:00+00:00,31.216026,39.130108,23.302912
2042-03-21 00:00:00+00:00,32.929527,40.53428,25.72092
2042-03-22 00:00:00+00:00,33.593037,41.43845,25.238926
2042-03-23 00:00:00+00:00,34.306534,41.84262,26.60694
2042-03-24 00:00:00+00:00,34.220036,41.146797,25.974947
2042-03-25 00:00:00+00:00,34.183537,40.95097,27.642958
2042-03-26 00:00:00+00:00,32.89704,41.005142,24.510965
2042-03-27 00:00:00+00:00,32.31054,40.159313,24.078976
2042-03-28 00:00:00+00:00,33.224045,41.26349,25.246984
2042-03-29 00:00:00+00:00,34.587543,42.417656,26.814991
2042-03-30 00:00:00+00:00,35.151047,42.721832,27.583
2042-03-31 00:00:00+00:00,34.464554,42.626,26.651007
2042-04-01 00:00:00+00:00,33.62805,41.830173,24.719017
2042-04-02 00:00:00+00:00,34.741554,42.08435,27.737028
2042-04-03 00:00:00+00:00,33.455055,40.48852,26.005035
2042-04-04 00:00:00+00:00,33.318558,40.742695,25.523045
2042-04-05 00:00:00+00:00,33.132057,40.596863,25.191051
2042-04-06 00:00:00+00:00,33.64556,41.451035,25.45906
2042-04-07 00:00:00+00:00,33.95906,42.55521,24.47707
2042-04-08 00:00:00+00:00,34.472565,43.609383,24.64508
2042-04-09 00:00:00+00:00,35.13607,44.113556,25.713089
2042-04-10 00:00:00+00:00,34.699566,43.81773,25.6311
2042-04-11 00:00:00+00:00,34.563072,43.5219,25.899107
2042-04-12 00:00:00+00:00,34.526573,43.476074,26.117113
2042-04-13 00:00:00+00:00,35.290073,43.980247,26.185123
2042-04-14 00:00:00+00:00,35.00358,42.58442,26.953135
2042-04-15 00:00:00+00:00,33.11708,40.888588,25.47114
2042-04-16 00:00:00+00:00,30.730577,38.342766,22.689148
2042-04-17 00:00:00+00:00,32.84408,40.396935,25.007156
2042-04-18 00:00:00+00:00,33.907585,41.401104,26.075167
2042-04-19 00:00:00+00:00,34.721085,41.905277,26.993174
2042-04-20 00:00:00+00:00,35.034584,42.40945,27.211184
2042-04-21 00:00:00+00:00,33.798088,41.913624,25.429193
2042-04-22 00:00:00+00:00,35.66159,44.217793,26.7472
2042-04-23 00:00:00+00:00,36.92509,44.72197,28.465212
2042-04-24 00:00:00+00:00,36.938595,45.476143,27.93322
2042-04-25 00:00:00+00:00,35.302094,42.980312,26.451227
2042-04-26 00:00:00+00:00,34.7156,42.484486,26.519236
2042-04-27 00:00:00+00:00,33.479103,41.988655,24.387245
2042-04-28 00:00:00+00:00,32.8926,41.842834,23.105253
2042-04-29 00:00:00+00:00,32.606102,40.647,23.37326
2042-04-30 00:00:00+00:00,32.119606,40.051178,23.191273
2042-05-01 00:00:00+00:00,33.73311,42.30535,24.409279
2042-05-02 00:00:00+00:00,36.24661,44.65952,27.477287
2042-05-03 00:00:00+00:00,33.46282,41.06342,24.704418
2042-05-04 00:00:00+00:00,32.037148,38.766495,24.158909
2042-05-05 00:00:00+00:00,32.66148,40.41957,24.063395
2042-05-06 00:00:00+00:00,32.685806,41.272644,23.317884
2042-05-07 00:00:00+00:00,33.160133,41.725727,23.772371
2042-05-08 00:00:00+00:00,34.134457,42.2788,25.426859
2042-05-09 00:00:00+00:00,37.358788,45.831886,28.731348
2042-05-10 00:00:00+00:00,36.733112,44.534954,28.385836
2042-05-11 00:00:00+00:00,36.057446,43.038033,28.790325
2042-05-12 00:00:00+00:00,35.631775,43.14111,27.044817
2042-05-13 00:00:00+00:00,36.5561,43.79419,28.499302
2042-05-14 00:00:00+00:00,35.08043,41.74726,27.60379
2042-05-15 00:00:00+00:00,34.35475,41.000343,26.50828
2042-05-16 00:00:00+00:00,33.779087,40.553413,27.012768
2042-05-17 00:00:00+00:00,35.10341,42.80649,27.417255
2042-05-18 00:00:00+00:00,35.97774,44.059566,26.871746
2042-05-19 00:00:00+00:00,33.95207,41.662647,24.676233
2042-05-20 00:00:00+00:00,33.626396,41.815723,24.88072
2042-05-21 00:00:00+00:00,34.900723,43.3188,26.08521
2042-05-22 00:00:00+00:00,33.875053,41.971878,24.939701
2042-05-23 00:00:00+00:00,33.09938,41.024952,24.244186
2042-05-24 00:00:00+00:00,33.67371,41.77803,25.098675
2042-05-25 00:00:00+00:00,34.648037,42.63111,26.153164
2042-05-26 00:00:00+00:00,37.072365,45.484184,28.307655
2042-05-27 00:00:00+00:00,35.246696,42.437263,26.762138
2042-05-28 00:00:00+00:00,35.221024,42.89034,27.16663
2042-05-29 00:00:00+00:00,34.795345,42.593414,26.42112
2042-05-30 00:00:00+00:00,33.56968,41.54649,24.675606
2042-05-31 00:00:00+00:00,33.294006,40.449566,25.380095
2042-06-01 00:00:00+00:00,33.21833,39.952644,25.884584
2042-06-02 00:00:00+00:00,33.742664,41.755722,27.139072
2042-06-03 00:00:00+00:00,33.216988,40.708797,25.59356
2042-06-04 00:00:00+00:00,33.64132,40.711872,25.998049
2042-06-05 00:00:00+00:00,33.66565,40.66495,26.302538
2042-06-06 00:00:00+00:00,34.289974,41.41803,26.557022
2042-06-07 00:00:00+00:00,34.1643,40.6211,26.461515
2042-06-08 00:00:00+00:00,33.08863,37.574177,28.216002
2042-06-09 00:00:00+00:00,34.712955,41.127254,28.520489
2042-06-10 00:00:00+00:00,34.287285,41.680336,26.67498
2042-06-11 00:00:00+00:00,32.411613,39.48341,25.229471
2042-06-12 00:00:00+00:00,31.685944,38.68649,24.533958
2042-06-13 00:00:00+00:00,31.810268,39.089565,25.438444
2042-06-14 00:00:00+00:00,33.234596,39.942646,27.092934
2042-06-15 00:00:00+00:00,32.208927,39.44572,27.397423
2042-06-16 00:00:00+00:00,30.683254,36.498795,26.501911
2042-06-17 00:00:00+00:00,28.357578,32.90187,24.256397
2042-06-18 00:00:00+00:00,27.481909,31.40495,23.660887
2042-06-19 00:00:00+00:00,27.106237,31.258026,22.615376
2042-06-20 00:00:00+00:00,29.280567,34.4611,24.519865
2042-06-21 00:00:00+00:00,30.604893,36.164177,25.774355
2042-06-22 00:00:00+00:00,29.629221,36.167255,25.52884
2042-06-23 00:00:00+00:00,28.80355,34.520332,25.183329
2042-06-24 00:00:00+00:00,29.127876,35.22341,25.23782
2042-06-25 00:00:00+00:00,30.40221,36.276485,25.24231
2042-06-26 00:00:00+00:00,32.426537,38.92956,26.346794
2042-06-27 00:00:00+00:00,33.10086,39.73264,26.601284
2042-06-28 00:00:00+00:00,33.42519,39.435715,27.405773
2042-06-29 00:00:00+00:00,33.949516,39.538795,27.96026
2042-06-30 00:00:00+00:00,34.673847,40.141865,28.814749
2042-07-01 00:00:00+00:00,34.848175,40.49495,29.31924
2042-07-02 00:00:00+00:00,33.7725,39.648018,28.873726
2042-07-03 00:00:00+00:00,33.994843,40.05354,28.918365
2042-07-04 00:00:00+00:00,31.863869,38.26312,27.496592
2042-07-05 00:00:00+00:00,30.23289,34.9227,25.824816
2042-07-06 00:00:00+00:00,33.051914,38.08228,28.103043
2042-07-07 00:00:00+00:00,33.370937,39.041855,27.881268
2042-07-08 00:00:00+00:00,32.33996,38.651436,26.559492
2042-07-09 00:00:00+00:00,31.708986,37.461014,27.637718
2042-07-10 00:00:00+00:00,30.528011,35.970596,25.615944
2042-07-11 00:00:00+00:00,32.04703,36.880177,27.79417
2042-07-12 00:00:00+00:00,32.86606,38.189754,27.572397
2042-07-13 00:00:00+00:00,32.43508,38.749332,27.25062
2042-07-14 00:00:00+00:00,29.454102,33.158916,25.678846
2042-07-15 00:00:00+00:00,29.123129,34.268494,24.407072
2042-07-16 00:00:00+00:00,30.592152,35.678078,26.0353
2042-07-17 00:00:00+00:00,30.961176,37.037655,25.963524
2042-07-18 00:00:00+00:00,30.480198,37.197235,25.391748
2042-07-19 00:00:00+00:00,26.499224,29.256813,24.219973
2042-07-20 00:00:00+00:00,27.918247,32.26639,23.698198
2042-07-21 00:00:00+00:00,28.63727,34.125973,25.476425
2042-07-22 00:00:00+00:00,28.806293,33.535553,25.05465
2042-07-23 00:00:00+00:00,28.875317,33.495136,25.182875
2042-07-24 00:00:00+00:00,27.54434,30.95471,24.6611
2042-07-25 00:00:00+00:00,27.713366,32.06429,24.239328
2042-07-26 00:00:00+00:00,27.882391,32.773872,23.667551
2042-07-27 00:00:00+00:00,27.851414,32.233456,24.695776
2042-07-28 00:00:00+00:00,28.420437,32.89303,23.974
2042-07-29 00:00:00+00:00,30.08946,34.90261,25.552229
2042-07-30 00:00:00+00:00,29.708485,34.56219,26.680456
2042-07-31 00:00:00+00:00,29.92751,34.52177,25.708681
2042-08-01 00:00:00+00:00,29.896532,34.73135,25.086905
2042-08-02 00:00:00+00:00,28.865555,31.740929,25.915133
2042-08-03 00:00:00+00:00,29.484581,34.05051,24.893354
2042-08-04 00:00:00+00:00,30.703602,36.56009,25.37158
2042-08-05 00:00:00+00:00,28.972626,34.66967,25.24981
2042-08-06 00:00:00+00:00,29.441652,33.57925,25.478031
2042-08-07 00:00:00+00:00,27.910675,31.388832,25.306257
2042-08-08 00:00:00+00:00,28.3797,32.19841,24.984484
2042-08-09 00:00:00+00:00,28.598724,31.757992,26.162708
2042-08-10 00:00:00+00:00,29.067743,33.067562,24.990936
2042-08-11 00:00:00+00:00,29.236769,33.92715,25.51916
2042-08-12 00:00:00+00:00,29.405796,33.88673,26.147383
2042-08-13 00:00:00+00:00,29.774815,33.996307,25.72561
2042-08-14 00:00:00+00:00,29.593842,34.105885,25.303835
2042-08-15 00:00:00+00:00,28.012863,32.26547,23.682062
2042-08-16 00:00:00+00:00,25.781889,30.025043,23.360287
2042-08-17 00:00:00+00:00,27.250916,31.084625,23.588512
2042-08-18 00:00:00+00:00,29.669935,33.79421,26.21674
2042-08-19 00:00:00+00:00,28.288961,30.803783,24.594963
2042-08-20 00:00:00+00:00,26.707983,30.613365,23.323189
2042-08-21 00:00:00+00:00,29.227007,33.47295,24.651415
2042-08-22 00:00:00+00:00,28.046028,32.032528,25.129639
2042-08-23 00:00:00+00:00,27.765057,32.242107,24.507866
2042-08-24 00:00:00+00:00,26.534082,30.151684,23.936092
2042-08-25 00:00:00+00:00,27.253101,31.061264,23.514317
2042-08-26 00:00:00+00:00,28.822128,32.670845,25.492542
2042-08-27 00:00:00+00:00,28.64115,33.280426,25.670767
2042-08-28 00:00:00+00:00,29.060173,32.690002,25.998995
2042-08-29 00:00:00+00:00,28.8792,33.399582,25.577219
2042-08-30 00:00:00+00:00,27.998222,32.559166,25.055447
2042-08-31 00:00:00+00:00,27.617245,31.118744,24.63367
2042-09-01 00:00:00+00:00,28.136267,32.47832,24.861895
2042-09-02 00:00:00+00:00,27.645857,31.88562,24.819124
2042-09-03 00:00:00+00:00,28.596012,32.990635,24.755365
2042-09-04 00:00:00+00:00,28.496162,31.545645,25.491602
2042-09-05 00:00:00+00:00,27.496317,30.350657,25.227839
2042-09-06 00:00:00+00:00,26.596468,29.455673,24.214077
2042-09-07 00:00:00+00:00,27.046621,30.860685,24.500313
2042-09-08 00:00:00+00:00,27.446775,30.715702,23.83655
2042-09-09 00:00:00+00:00,28.396929,33.220715,24.622787
2042-09-10 00:00:00+00:00,28.547083,33.47573,24.909025
2042-09-11 00:00:00+00:00,27.747234,31.63074,24.69526
2042-09-12 00:00:00+00:00,26.797386,29.885756,24.2815
2042-09-13 00:00:00+00:00,27.347538,31.740768,23.717737
2042-09-14 00:00:00+00:00,27.39769,30.595778,24.253973
2042-09-15 00:00:00+00:00,27.647846,31.700794,24.29021
2042-09-16 00:00:00+00:00,28.097998,32.65581,24.826448
2042-09-17 00:00:00+00:00,27.648151,32.160824,24.062685
2042-09-18 00:00:00+00:00,28.198303,32.865833,23.998922
2042-09-19 00:00:00+00:00,28.248455,31.620852,24.435162
2042-09-20 00:00:00+00:00,28.498608,32.675865,24.971397
2042-09-21 00:00:00+00:00,29.24876,33.730877,24.657633
2042-09-22 00:00:00+00:00,29.798916,34.53589,25.39387
2042-09-23 00:00:00+00:00,29.849068,34.5909,24.98011
2042-09-24 00:00:00+00:00,29.59922,34.245914,25.016344
2042-09-25 00:00:00+00:00,30.249372,36.650925,24.702585
2042-09-26 00:00:00+00:00,30.699526,36.40594,24.88882
2042-09-27 00:00:00+00:00,30.249681,36.160957,24.825058
2042-09-28 00:00:00+00:00,29.949831,35.31597,24.861294
2042-09-29 00:00:00+00:00,29.449984,34.320984,25.047531
2042-09-30 00:00:00+00:00,29.850138,35.825996,24.433767
2042-10-01 00:00:00+00:00,30.100292,36.38101,24.870008
2042-10-02 00:00:00+00:00,30.400444,36.886024,24.706245
2042-10-03 00:00:00+00:00,31.400595,37.391033,25.192482
2042-10-04 00:00:00+00:00,31.750751,36.896046,26.62872
2042-10-05 00:00:00+00:00,31.250902,36.551064,26.264956
2042-10-06 00:00:00+00:00,30.301056,36.606075,25.651196
2042-10-07 00:00:00+00:00,30.25121,35.861088,24.83743
2042-10-08 00:00:00+00:00,29.951365,34.716103,25.823666
2042-10-09 00:00:00+00:00,29.251516,32.52112,25.759905
2042-10-10 00:00:00+00:00,30.051666,35.026127,26.396141
2042-10-11 00:00:00+00:00,30.901817,37.081146,25.28238
2042-10-12 00:00:00+00:00,30.451973,35.236153,24.968616
2042-10-13 00:00:00+00:00,30.702127,35.99117,26.404852
2042-10-14 00:00:00+00:00,29.452278,33.146183,25.39109
2042-10-15 00:00:00+00:00,30.40243,35.651196,25.527328
2042-10-16 00:00:00+00:00,31.052586,37.506207,24.663565
2042-10-17 00:00:00+00:00,31.102736,38.811226,23.999802
2042-10-18 00:00:00+00:00,30.20289,36.966236,23.836039
2042-10-19 00:00:00+00:00,30.003042,35.67125,25.022278
2042-10-20 00:00:00+00:00,29.353193,36.22626,23.508516
2042-10-21 00:00:00+00:00,29.353348,35.581276,23.494751
2042-10-22 00:00:00+00:00,29.503502,34.836292,24.580988
2042-10-23 00:00:00+00:00,29.853655,36.141304,23.617226
2042-10-24 00:00:00+00:00,30.853807,37.896317,24.803463
2042-10-25 00:00:00+00:00,31.653961,39.45133,24.4897
2042-10-26 00:00:00+00:00,29.504114,37.056343,24.17594
2042-10-27 00:00:00+00:00,28.654263,34.661358,22.662172
2042-10-28 00:00:00+00:00,29.504417,34.61637,23.79841
2042-10-29 00:00:00+00:00,30.00457,34.621387,25.284649
2042-10-30 00:00:00+00:00,29.054726,31.776394,25.820889
2042-10-31 00:00:00+00:00,29.904875,34.03141,26.457123
2042-11-01 00:00:00+00:00,29.40503,35.186424,23.64336
2042-11-02 00:00:00+00:00,28.336285,35.282627,22.710497
2042-11-03 00:00:00+00:00,28.206198,36.023544,21.016176
2042-11-04 00:00:00+00:00,28.626112,35.86447,22.52185
2042-11-05 00:00:00+00:00,28.746029,35.80538,21.627531
2042-11-06 00:00:00+00:00,30.015942,36.246304,23.783207
2042-11-07 00:00:00+00:00,30.085855,35.43722,26.388885
2042-11-08 00:00:00+00:00,29.255772,34.328144,24.744562
2042-11-09 00:00:00+00:00,29.625687,36.969063,22.50024
2042-11-10 00:00:00+00:00,28.9456,33.70998,23.305916
2042-11-11 00:00:00+00:00,30.115515,36.9009,23.111595
2042-11-12 00:00:00+00:00,31.43543,37.79182,24.767271
2042-11-13 00:00:00+00:00,31.255344,38.232735,24.57295
2042-11-14 00:00:00+00:00,31.075262,38.52366,25.178625
2042-11-15 00:00:00+00:00,30.645176,38.414574,24.084305
2042-11-16 00:00:00+00:00,30.065088,37.505497,24.039982
2042-11-17 00:00:00+00:00,29.185003,37.246414,21.395658
2042-11-18 00:00:00+00:00,29.30492,37.937332,21.151335
2042-11-19 00:00:00+00:00,29.624832,38.02825,22.007015
2042-11-20 00:00:00+00:00,29.994747,37.569168,23.062689
2042-11-21 00:00:00+00:00,29.16466,35.96009,22.968369
2042-11-22 00:00:00+00:00,29.384575,36.10101,23.124046
2042-11-23 00:00:00+00:00,29.45449,36.341927,22.729723
2042-11-24 00:00:00+00:00,29.524405,35.382843,24.9854
2042-11-25 00:00:00+00:00,28.64432,35.673763,21.791079
2042-11-26 00:00:00+00:00,27.814236,34.964684,21.446756
2042-11-27 00:00:00+00:00,27.18415,34.4056,20.452433
2042-11-28 00:00:00+00:00,27.504065,34.346523,21.258108
2042-11-29 00:00:00+00:00,27.173979,33.987442,20.813787
2042-11-30 00:00:00+00:00,27.643892,34.37836,21.569464
2042-12-01 00:00:00+00:00,28.113806,33.66928,22.275143
2042-12-02 00:00:00+00:00,29.38372,35.710197,22.780819
2042-12-03 00:00:00+00:00,29.85364,36.95112,23.086496
2042-12-04 00:00:00+00:00,29.623552,36.89204,22.592175
2042-12-05 00:00:00+00:00,29.443468,36.482952,23.197851
2042-12-06 00:00:00+00:00,29.663382,37.52387,22.653528
2042-12-07 00:00:00+00:00,29.783297,37.51479,22.709206
2042-12-08 00:00:00+00:00,29.853212,37.755714,22.464884
2042-12-09 00:00:00+00:00,30.023125,37.896633,23.020561
2042-12-10 00:00:00+00:00,29.993038,37.28755,23.476236
2042-12-11 00:00:00+00:00,29.912954,36.42847,24.431915
2042-12-12 00:00:00+00:00,28.58287,34.56939,22.937592
2042-12-13 00:00:00+00:00,25.002785,30.510305,19.59327
2042-12-14 00:00:00+00:00,23.322699,29.701227,17.048946
2042-12-15 00:00:00+00:00,23.94261,31.192148,17.354624
2042-12-16 00:00:00+00:00,24.962524,32.883064,17.910301
2042-12-17 00:00:00+00:00,25.982445,34.37398,18.16598
2042-12-18 00:00:00+00:00,27.402359,35.064903,20.121656
2042-12-19 00:00:00+00:00,27.122272,34.60582,20.227333
2042-12-20 00:00:00+00:00,27.042185,34.69674,19.43301
2042-12-21 00:00:00+00:00,27.5121,33.48766,22.238691
2042-12-22 00:00:00+00:00,28.532017,36.278576,21.294365
2042-12-23 00:00:00+00:00,29.05193,35.569496,23.300043
2042-12-24 00:00:00+00:00,28.271843,33.560413,23.35572
2042-12-25 00:00:00+00:00,27.391756,34.05133,21.5614
2042-12-26 00:00:00+00:00,26.261673,32.792255,20.267076
2042-12-27 00:00:00+00:00,25.18159,31.733173,18.822752
2042-12-28 00:00:00+00:00,24.101503,30.124094,18.12843
2042-12-29 00:00:00+00:00,25.771416,33.365013,18.634108
2042-12-30 00:00:00+00:00,26.541332,33.505928,20.939785
2042-12-31 00:00:00+00:00,27.811249,36.09685,20.545462
2043-01-01 00:00:00+00:00,28.781162,36.487766,21.601141
2043-01-02 00:00:00+00:00,29.103449,35.875927,22.75808
2043-01-03 00:00:00+00:00,28.476528,34.863167,21.565443
2043-01-04 00:00:00+00:00,26.949606,32.300404,22.222807
2043-01-05 00:00:00+00:00,25.422686,31.587643,19.98017
2043-01-06 00:00:00+00:00,25.595764,33.324883,17.83753
2043-01-07 00:00:00+00:00,28.018843,36.86212,19.694891
2043-01-08 00:00:00+00:00,29.141918,37.449356,21.452257
2043-01-09 00:00:00+00:00,28.715,37.4866,20.509619
2043-01-10 00:00:00+00:00,28.338078,37.173836,20.06698
2043-01-11 00:00:00+00:00,28.111158,36.761074,19.974344
2043-01-12 00:00:00+00:00,28.584236,37.64831,20.081707
2043-01-13 00:00:00+00:00,29.257315,37.985554,21.38907
2043-01-14 00:00:00+00:00,28.380394,36.82279,20.646431
2043-01-15 00:00:00+00:00,27.753473,36.210033,20.103796
2043-01-16 00:00:00+00:00,27.976551,36.89727,19.811157
2043-01-17 00:00:00+00:00,28.399628,37.034508,20.41852
2043-01-18 00:00:00+00:00,28.522709,37.221745,20.325884
2043-01-19 00:00:00+00:00,28.645788,37.258984,20.683243
2043-01-20 00:00:00+00:00,28.718868,37.596226,20.840609
2043-01-21 00:00:00+00:00,28.791945,37.783463,20.097971
2043-01-22 00:00:00+00:00,28.665024,36.8707,21.005335
2043-01-23 00:00:00+00:00,27.438103,35.85794,19.012697
2043-01-24 00:00:00+00:00,27.411182,36.24518,18.620058
2043-01-25 00:00:00+00:00,27.834259,36.63242,19.677422
2043-01-26 00:00:00+00:00,28.257338,36.969654,19.784786
2043-01-27 00:00:00+00:00,27.930418,35.95689,20.492147
2043-01-28 00:00:00+00:00,27.553495,35.84413,19.89951
2043-01-29 00:00:00+00:00,27.576572,35.781372,19.956875
2043-01-30 00:00:00+00:00,27.099655,35.118614,19.364237
2043-01-31 00:00:00+00:00,26.922731,34.95585,18.921597
2043-02-01 00:00:00+00:00,27.145811,35.14309,19.37896
2043-02-02 00:00:00+00:00,27.56889,35.580326,19.536325
2043-02-03 00:00:00+00:00,27.591969,35.267563,20.093687
2043-02-04 00:00:00+00:00,26.865047,34.404804,19.251049
2043-02-05 00:00:00+00:00,27.538128,35.69204,19.60841
2043-02-06 00:00:00+00:00,28.761206,37.02928,20.765776
2043-02-07 00:00:00+00:00,30.884281,39.516518,22.723137
2043-02-08 00:00:00+00:00,31.707363,38.70376,25.380499
2043-02-09 00:00:00+00:00,30.73044,38.290997,23.487864
2043-02-10 00:00:00+00:00,29.803518,36.678238,22.995226
2043-02-11 00:00:00+00:00,28.976595,36.165474,21.902588
2043-02-12 00:00:00+00:00,28.89968,36.55271,21.25995
2043-02-13 00:00:00+00:00,29.372755,37.23995,21.767315
2043-02-14 00:00:00+00:00,29.845837,37.877193,22.024675
2043-02-15 00:00:00+00:00,30.068913,38.31443,22.082039
2043-02-16 00:00:00+00:00,30.14199,38.10167,22.139402
2043-02-17 00:00:00+00:00,30.115068,38.23891,22.196762
2043-02-18 00:00:00+00:00,30.388151,38.826145,22.404129
2043-02-19 00:00:00+00:00,30.561228,38.113384,23.66149
2043-02-20 00:00:00+00:00,30.284304,38.30062,22.018852
2043-02-21 00:00:00+00:00,30.507383,38.487865,22.576216
2043-02-22 00:00:00+00:00,30.530466,38.7751,22.283579
2043-02-23 00:00:00+00:00,30.903543,38.862335,22.99094
2043-02-24 00:00:00+00:00,30.726625,38.499577,22.748302
2043-02-25 00:00:00+00:00,27.3997,32.03682,22.255667
2043-02-26 00:00:00+00:00,25.972782,32.124058,20.01303
2043-02-27 00:00:00+00:00,24.595858,30.161293,18.77039
2043-02-28 00:00:00+00:00,27.06894,35.148533,18.827753
2043-03-01 00:00:00+00:00,28.742014,34.68577,22.185116
2043-03-02 00:00:00+00:00,29.465092,35.773006,22.642475
2043-03-03 00:00:00+00:00,29.888174,36.31025,23.399843
2043-03-04 00:00:00+00:00,30.696623,38.31231,23.160269
2043-03-05 00:00:00+00:00,31.310123,39.416473,23.028276
2043-03-06 00:00:00+00:00,31.123625,38.82065,23.346287
2043-03-07 00:00:00+00:00,29.637127,37.12482,21.814295
2043-03-08 00:00:00+00:00,30.95063,39.178993,22.432302
2043-03-09 00:00:00+00:00,31.71413,39.78316,23.450312
2043-03-10 00:00:00+00:00,32.427635,40.93734,24.118322
2043-03-11 00:00:00+00:00,32.791134,41.19151,24.386333
2043-03-12 00:00:00+00:00,33.304634,41.495686,24.80434
2043-03-13 00:00:00+00:00,33.61814,41.44986,25.82235
2043-03-14 00:00:00+00:00,33.83164,42.00403,25.490358
2043-03-15 00:00:00+00:00,33.945145,42.0582,25.808367
2043-03-16 00:00:00+00:00,34.45865,42.812374,26.17638
2043-03-17 00:00:00+00:00,34.572147,43.416546,25.044382
2043-03-18 00:00:00+00:00,35.53565,44.170715,26.562391
2043-03-19 00:00:00+00:00,34.749153,42.27489,27.0304
2043-03-20 00:00:00+00:00,34.062653,41.729065,25.29841
2043-03-21 00:00:00+00:00,32.97615,40.533237,24.616419
2043-03-22 00:00:00+00:00,32.789658,40.537407,24.734426
2043-03-23 00:00:00+00:00,33.60316,42.14158,24.652437
2043-03-24 00:00:00+00:00,34.916656,43.095753,26.670444
2043-03-25 00:00:00+00:00,35.580166,43.599922,27.688456
2043-03-26 00:00:00+00:00,35.943665,43.1541,28.606464
2043-03-27 00:00:00+00:00,35.10717,42.70827,26.974472
2043-03-28 00:00:00+00:00,35.070667,43.262444,26.74248
2043-03-29 00:00:00+00:00,35.484173,43.566612,26.860487
2043-03-30 00:00:00+00:00,34.84767,42.170788,27.128496
2043-03-31 00:00:00+00:00,33.311172,41.024963,25.996506
2043-04-01 00:00:00+00:00,34.824677,43.579136,25.514515
2043-04-02 00:00:00+00:00,35.588173,43.033302,27.732525
2043-04-03 00:00:00+00:00,35.55168,43.237476,27.850533
2043-04-04 00:00:00+00:00,35.56518,43.44165,26.96854
2043-04-05 00:00:00+00:00,34.578686,41.695824,27.13655
2043-04-06 00:00:00+00:00,34.392185,42.449997,26.20456
2043-04-07 00:00:00+00:00,35.105682,43.05417,27.272568
2043-04-08 00:00:00+00:00,35.66919,43.35834,27.990578
2043-04-09 00:00:00+00:00,34.582695,43.012512,25.358587
2043-04-10 00:00:00+00:00,34.796196,43.616684,26.276594
2043-04-11 00:00:00+00:00,35.059692,43.120857,26.794603
2043-04-12 00:00:00+00:00,34.973198,43.32503,26.012613
2043-04-13 00:00:00+00:00,37.0867,45.279205,28.130621
2043-04-14 00:00:00+00:00,37.800198,45.333374,29.898628
2043-04-15 00:00:00+00:00,35.263702,42.887547,27.266642
2043-04-16 00:00:00+00:00,33.627205,41.74172,24.784649
2043-04-17 00:00:00+00:00,32.840706,41.34589,24.102655
2043-04-18 00:00:00+00:00,34.454212,43.050064,25.920664
2043-04-19 00:00:00+00:00,35.117706,43.40424,26.388674
2043-04-20 00:00:00+00:00,35.431213,43.508415,26.956682
2043-04-21 00:00:00+00:00,35.494713,43.712578,27.124693
2043-04-22 00:00:00+00:00,33.608215,41.816753,25.192701
2043-04-23 00:00:00+00:00,33.12172,41.220924,24.66071
2043-04-24 00:00:00+00:00,35.13522,43.3251,26.62872
2043-04-25 00:00:00+00:00,34.89872,41.179268,27.44673
2043-04-26 00:00:00+00:00,35.462223,42.633446,28.014736
2043-04-27 00:00:00+00:00,34.12573,41.287617,26.782742
2043-04-28 00:00:00+00:00,33.189224,40.941788,25.000751
2043-04-29 00:00:00+00:00,32.402733,40.195957,24.118761
2043-04-30 00:00:00+00:00,32.11623,39.550133,24.18677
2043-05-01 00:00:00+00:00,32.329735,40.004307,24.254778
2043-05-02 00:00:00+00:00,34.493237,42.258472,26.322788
2043-05-03 00:00:00+00:00,35.056736,42.36265,27.140797
2043-05-04 00:00:00+00:00,35.731068,43.115726,27.595287
2043-05-05 00:00:00+00:00,35.95539,43.618805,27.449774
2043-05-06 00:00:00+00:00,35.97972,42.97188,28.554262
2043-05-07 00:00:00+00:00,34.65405,42.524956,25.75875
2043-05-08 00:00:00+00:00,35.378372,43.028034,27.513235
2043-05-09 00:00:00+00:00,35.25271,42.98111,27.167727
2043-05-10 00:00:00+00:00,35.977036,43.08419,28.522215
2043-05-11 00:00:00+00:00,36.20136,43.737263,28.076706
2043-05-12 00:00:00+00:00,37.32569,45.340347,28.931192
2043-05-13 00:00:00+00:00,38.30002,46.143417,29.835684
2043-05-14 00:00:00+00:00,37.174347,44.346497,28.140173
2043-05-15 00:00:00+00:00,36.048676,43.29957,27.844658
2043-05-16 00:00:00+00:00,33.523003,41.40265,24.549147
2043-05-17 00:00:00+00:00,33.897327,43.155724,24.603636
2043-05-18 00:00:00+00:00,35.921658,44.7088,27.008121
2043-05-19 00:00:00+00:00,35.59599,43.06188,27.762611
2043-05-20 00:00:00+00:00,34.070312,41.26495,26.0671
2043-05-21 00:00:00+00:00,32.94464,40.56803,24.871592
2043-05-22 00:00:00+00:00,33.31897,40.67111,25.726078
2043-05-23 00:00:00+00:00,33.693302,41.874187,25.280567
2043-05-24 00:00:00+00:00,35.617626,43.32726,28.185055
2043-05-25 00:00:00+00:00,35.491955,42.73034,27.639544
2043-05-26 00:00:00+00:00,34.716286,42.483418,26.444029
2043-05-27 00:00:00+00:00,35.440613,42.986492,27.49852
2043-05-28 00:00:00+00:00,34.66494,41.789566,26.453009
2043-05-29 00:00:00+00:00,34.339268,41.792645,26.607494
2043-05-30 00:00:00+00:00,33.513596,41.545723,24.911985
2043-05-31 00:00:00+00:00,31.437922,39.398796,22.916473
2043-06-01 00:00:00+00:00,30.762249,38.451878,23.170963
2043-06-02 00:00:00+00:00,31.18658,38.304955,23.82545
2043-06-03 00:00:00+00:00,32.060905,39.30803,25.22994
2043-06-04 00:00:00+00:00,32.185234,39.961105,23.934425
2043-06-05 00:00:00+00:00,31.909567,39.514183,23.488914
2043-06-06 00:00:00+00:00,32.433895,40.46726,24.093405
2043-06-07 00:00:00+00:00,33.70822,41.37034,25.947891
2043-06-08 00:00:00+00:00,33.332546,40.723415,25.252382
2043-06-09 00:00:00+00:00,33.256878,40.72649,25.206867
2043-06-10 00:00:00+00:00,32.531204,40.129566,24.461357
2043-06-11 00:00:00+00:00,32.50553,39.782642,24.965845
2043-06-12 00:00:00+00:00,31.92986,39.13572,24.320335
2043-06-13 00:00:00+00:00,31.70419,38.838795,24.12482
2043-06-14 00:00:00+00:00,32.028515,38.941875,24.77931
2043-06-15 00:00:00+00:00,31.902843,38.694954,25.333801
2043-06-16 00:00:00+00:00,32.027172,39.498028,24.738289
2043-06-17 00:00:00+00:00,32.151497,39.3011,24.692778
2043-06-18 00:00:00+00:00,32.77583,38.50418,26.647263
2043-06-19 00:00:00+00:00,32.25016,39.20726,25.301754
2043-06-20 00:00:00+00:00,32.224487,39.260334,25.306244
2043-06-21 00:00:00+00:00,31.49881,37.663406,24.96073
2043-06-22 00:00:00+00:00,31.87314,37.866486,25.965221
2043-06-23 00:00:00+00:00,32.747467,39.11956,27.069706
2043-06-24 00:00:00+00:00,33.121796,38.62264,27.924196
2043-06-25 00:00:00+00:00,34.096127,40.425713,27.428682
2043-06-26 00:00:00+00:00,34.220455,40.87879,27.233173
2043-06-27 00:00:00+00:00,34.044777,40.681866,27.137663
2043-06-28 00:00:00+00:00,33.069107,39.584946,26.592148
2043-06-29 00:00:00+00:00,32.24344,38.38802,26.096638
2043-06-30 00:00:00+00:00,32.667763,39.2911,26.001127
2043-07-01 00:00:00+00:00,31.49209,38.49418,24.755613
2043-07-02 00:00:00+00:00,30.366423,37.147255,23.810102
2043-07-03 00:00:00+00:00,30.990086,36.95114,24.66131
2043-07-04 00:00:00+00:00,32.75911,38.41072,27.089535
2043-07-05 00:00:00+00:00,33.728134,39.220303,27.667759
2043-07-06 00:00:00+00:00,33.89716,39.529884,27.645985
2043-07-07 00:00:00+00:00,33.06618,39.789463,26.924212
2043-07-08 00:00:00+00:00,31.685207,38.24904,25.052439
2043-07-09 00:00:00+00:00,31.304228,37.45862,26.830664
2043-07-10 00:00:00+00:00,31.823254,37.168198,26.658886
2043-07-11 00:00:00+00:00,30.042278,36.02778,24.23711
2043-07-12 00:00:00+00:00,29.361301,35.037357,24.41534
2043-07-13 00:00:00+00:00,30.030325,35.74694,26.293564
2043-07-14 00:00:00+00:00,29.699347,34.856518,25.321789
2043-07-15 00:00:00+00:00,29.918371,36.216103,26.600014
2043-07-16 00:00:00+00:00,29.037395,34.57568,25.32824
2043-07-17 00:00:00+00:00,29.456419,35.435257,25.756464
2043-07-18 00:00:00+00:00,30.575443,35.694836,25.734692
2043-07-19 00:00:00+00:00,30.294466,36.45442,26.162918
2043-07-20 00:00:00+00:00,28.81349,33.613995,25.291143
2043-07-21 00:00:00+00:00,30.182512,35.423576,24.669367
2043-07-22 00:00:00+00:00,32.601536,37.883156,27.297592
2043-07-23 00:00:00+00:00,32.570564,38.742737,26.325819
2043-07-24 00:00:00+00:00,32.889584,38.35232,28.454044
2043-07-25 00:00:00+00:00,28.15861,33.061897,24.18227
2043-07-26 00:00:00+00:00,30.427633,35.121475,25.810497
2043-07-27 00:00:00+00:00,31.996655,37.631054,26.638723
2043-07-28 00:00:00+00:00,32.01568,37.140636,27.416946
2043-07-29 00:00:00+00:00,27.484705,31.450216,24.945173
2043-07-30 00:00:00+00:00,27.053728,30.759794,24.073397
2043-07-31 00:00:00+00:00,28.02275,32.51938,24.251623
2043-08-01 00:00:00+00:00,28.941776,34.028957,25.07985
2043-08-02 00:00:00+00:00,29.4608,34.638535,25.308073
2043-08-03 00:00:00+00:00,29.229824,34.148117,25.7363
2043-08-04 00:00:00+00:00,30.198847,35.007694,25.414524
2043-08-05 00:00:00+00:00,29.71787,34.067276,25.64275
2043-08-06 00:00:00+00:00,28.086897,32.07686,25.170975
2043-08-07 00:00:00+00:00,28.255917,32.78643,24.399204
2043-08-08 00:00:00+00:00,29.224943,34.296013,25.477428
2043-08-09 00:00:00+00:00,29.493969,34.3556,25.505651
2043-08-10 00:00:00+00:00,29.56299,33.465176,26.23388
2043-08-11 00:00:00+00:00,28.982014,34.374752,25.412104
2043-08-12 00:00:00+00:00,28.051037,33.134335,25.24033
2043-08-13 00:00:00+00:00,28.270061,33.793915,25.068556
2043-08-14 00:00:00+00:00,28.389084,33.903496,24.846783
2043-08-15 00:00:00+00:00,28.008106,32.013073,25.525007
2043-08-16 00:00:00+00:00,28.427132,33.37265,25.703232
2043-08-17 00:00:00+00:00,28.496157,33.48223,25.131456
2043-08-18 00:00:00+00:00,29.81518,34.49181,25.109682
2043-08-19 00:00:00+00:00,31.334204,35.60139,27.48791
2043-08-20 00:00:00+00:00,29.253227,34.26097,25.716133
2043-08-21 00:00:00+00:00,27.072254,30.820549,24.14436
2043-08-22 00:00:00+00:00,27.441275,31.080128,23.822584
2043-08-23 00:00:00+00:00,30.0103,34.839714,25.050808
2043-08-24 00:00:00+00:00,30.579323,36.69929,26.529036
2043-08-25 00:00:00+00:00,28.098347,31.858871,25.30726
2043-08-26 00:00:00+00:00,27.217371,30.71845,24.635485
2043-08-27 00:00:00+00:00,27.536396,31.278028,24.313711
2043-08-28 00:00:00+00:00,29.105417,34.03761,24.741936
2043-08-29 00:00:00+00:00,28.924442,33.44719,25.920164
2043-08-30 00:00:00+00:00,28.043467,30.85677,25.04839
2043-08-31 00:00:00+00:00,30.31249,34.81635,25.976614
2043-09-01 00:00:00+00:00,31.131512,35.275925,27.854841
2043-09-02 00:00:00+00:00,29.695822,32.484364,26.622568
2043-09-03 00:00:00+00:00,28.645973,32.58938,26.058805
2043-09-04 00:00:00+00:00,27.546125,32.094395,25.145042
2043-09-05 00:00:00+00:00,27.896276,31.54941,24.931276
2043-09-06 00:00:00+00:00,27.99643,33.40442,24.417517
2043-09-07 00:00:00+00:00,28.296585,33.359432,25.003754
2043-09-08 00:00:00+00:00,27.746737,31.064447,24.939991
2043-09-09 00:00:00+00:00,27.696892,32.36946,23.976229
2043-09-10 00:00:00+00:00,28.497042,32.424473,24.762468
2043-09-11 00:00:00+00:00,28.297195,33.279488,24.798702
2043-09-12 00:00:00+00:00,25.94735,28.834501,24.134941
2043-09-13 00:00:00+00:00,26.6975,30.239513,23.421175
2043-09-14 00:00:00+00:00,27.647654,32.394527,24.207413
2043-09-15 00:00:00+00:00,28.947807,33.549538,24.59365
2043-09-16 00:00:00+00:00,29.14796,33.054554,25.129889
2043-09-17 00:00:00+00:00,28.448112,32.459568,25.366125
2043-09-18 00:00:00+00:00,27.548265,31.214584,24.152365
2043-09-19 00:00:00+00:00,28.34842,32.369595,24.2886
2043-09-20 00:00:00+00:00,29.598572,34.624607,25.174837
2043-09-21 00:00:00+00:00,30.398726,35.52962,25.711075
2043-09-22 00:00:00+00:00,30.848879,35.584633,26.247313
2043-09-23 00:00:00+00:00,30.999027,35.83965,26.333551
2043-09-24 00:00:00+00:00,31.149181,35.594658,26.569788
2043-09-25 00:00:00+00:00,30.849335,34.549675,27.056026
2043-09-26 00:00:00+00:00,30.749489,35.804688,26.392262
2043-09-27 00:00:00+00:00,31.04964,37.109703,25.678497
2043-09-28 00:00:00+00:00,30.799793,36.814716,25.914736
2043-09-29 00:00:00+00:00,29.899946,34.819733,25.300976
2043-09-30 00:00:00+00:00,30.100101,36.474747,23.537209
2043-10-01 00:00:00+00:00,31.450253,38.079754,24.923447
2043-10-02 00:00:00+00:00,32.350407,39.88477,25.459684
2043-10-03 00:00:00+00:00,32.200558,38.989784,26.395922
2043-10-04 00:00:00+00:00,32.00071,38.744797,26.132158
2043-10-05 00:00:00+00:00,31.100864,36.04981,26.368395
2043-10-06 00:00:00+00:00,32.00102,38.10482,26.604633
2043-10-07 00:00:00+00:00,32.90117,40.109833,26.490871
2043-10-08 00:00:00+00:00,32.40132,39.81485,26.37711
2043-10-09 00:00:00+00:00,32.20147,39.61986,26.313345
2043-10-10 00:00:00+00:00,31.951626,39.974873,25.049582
2043-10-11 00:00:00+00:00,32.20178,40.42989,25.93582
2043-10-12 00:00:00+00:00,32.351933,40.384903,24.922056
2043-10-13 00:00:00+00:00,32.152084,39.739914,26.058292
2043-10-14 00:00:00+00:00,31.902239,39.944927,25.944532
2043-10-15 00:00:00+00:00,31.102394,40.099945,23.380768
2043-10-16 00:00:00+00:00,32.102547,39.354954,25.317007
2043-10-17 00:00:00+00:00,32.652702,37.95997,27.453241
2043-10-18 00:00:00+00:00,32.002853,37.76498,26.58948
2043-10-19 00:00:00+00:00,31.753006,36.819996,27.075716
2043-10-20 00:00:00+00:00,32.50316,39.22501,26.661955
2043-10-21 00:00:00+00:00,32.403313,40.28002,25.298191
2043-10-22 00:00:00+00:00,32.95346,39.685036,26.08443
2043-10-23 00:00:00+00:00,33.303616,39.79005,26.620667
2043-10-24 00:00:00+00:00,33.15377,39.245064,26.856903
2043-10-25 00:00:00+00:00,32.653923,38.450073,26.743141
2043-10-26 00:00:00+00:00,32.554077,38.805088,26.179379
2043-10-27 00:00:00+00:00,33.15423,40.5101,25.715614
2043-10-28 00:00:00+00:00,33.954376,40.515118,28.351854
2043-10-29 00:00:00+00:00,33.454533,40.42013,27.03809
2043-10-30 00:00:00+00:00,33.804688,40.775146,27.774324
2043-10-31 00:00:00+00:00,33.454838,40.230156,27.260563
2043-11-01 00:00:00+00:00,32.354992,39.735172,25.196802
2043-11-02 00:00:00+00:00,31.743805,39.3849,24.121576
2043-11-03 00:00:00+00:00,31.76372,40.075817,23.477257
2043-11-04 00:00:00+00:00,31.033634,38.766735,22.732933
2043-11-05 00:00:00+00:00,30.803547,39.257656,23.238611
2043-11-06 00:00:00+00:00,30.873463,39.698574,22.094288
2043-11-07 00:00:00+00:00,31.093378,39.43949,23.149963
2043-11-08 00:00:00+00:00,32.063293,40.080418,23.755644
2043-11-09 00:00:00+00:00,32.53321,39.721333,25.211323
2043-11-10 00:00:00+00:00,33.603123,38.51225,28.917
2043-11-11 00:00:00+00:00,32.273037,37.65317,26.772675
2043-11-12 00:00:00+00:00,31.742952,38.09409,26.028349
2043-11-13 00:00:00+00:00,30.612867,38.735004,22.83403
2043-11-14 00:00:00+00:00,31.63278,40.425926,23.589708
2043-11-15 00:00:00+00:00,32.002693,39.716843,25.245384
2043-11-16 00:00:00+00:00,30.52261,38.557766,22.40106
2043-11-17 00:00:00+00:00,30.642525,39.548687,21.90674
2043-11-18 00:00:00+00:00,31.712439,39.5896,24.512415
2043-11-19 00:00:00+00:00,30.982353,38.13052,24.418095
2043-11-20 00:00:00+00:00,30.002268,36.87144,23.723774
2043-11-21 00:00:00+00:00,28.972185,36.01236,22.429447
2043-11-22 00:00:00+00:00,28.4921,36.353275,20.985126
2043-11-23 00:00:00+00:00,29.362013,37.094196,21.590805
2043-11-24 00:00:00+00:00,30.931927,38.335114,23.79648
2043-11-25 00:00:00+00:00,30.701843,38.07603,23.852158
2043-11-26 00:00:00+00:00,30.271755,37.266953,24.207836
2043-11-27 00:00:00+00:00,30.041672,37.657875,22.913513
2043-11-28 00:00:00+00:00,30.511583,37.99879,24.41919
2043-11-29 00:00:00+00:00,29.4815,37.58971,21.824867
2043-11-30 00:00:00+00:00,29.201416,38.030632,20.930546
2043-12-01 00:00:00+00:00,28.621326,36.12155,21.236221
2043-12-02 00:00:00+00:00,29.141245,36.962467,21.641901
2043-12-03 00:00:00+00:00,30.111158,38.15339,22.897577
2043-12-04 00:00:00+00:00,30.181074,37.84431,23.503254
2043-12-05 00:00:00+00:00,29.350988,37.435223,22.208933
2043-12-06 00:00:00+00:00,29.470903,37.126144,22.814608
2043-12-07 00:00:00+00:00,29.040817,37.017063,21.720287
2043-12-08 00:00:00+00:00,29.160732,37.457985,21.825964
2043-12-09 00:00:00+00:00,28.580647,36.598904,21.23164
2043-12-10 00:00:00+00:00,28.250559,36.18982,21.037317
2043-12-11 00:00:00+00:00,27.820475,35.38074,21.092995
2043-12-12 00:00:00+00:00,27.59039,35.52166,20.548674
2043-12-13 00:00:00+00:00,27.710304,35.41258,21.004349
2043-12-14 00:00:00+00:00,27.680222,35.503498,21.31003
2043-12-15 00:00:00+00:00,27.650135,35.644413,20.315704
2043-12-16 00:00:00+00:00,27.820047,35.385334,21.221384
2043-12-17 00:00:00+00:00,27.689962,35.326252,20.27706
2043-12-18 00:00:00+00:00,27.80988,35.86717,20.032736
2043-12-19 00:00:00+00:00,28.179792,34.40809,21.988413
2043-12-20 00:00:00+00:00,28.949707,36.29901,21.594091
2043-12-21 00:00:00+00:00,28.719622,35.889927,22.249771
2043-12-22 00:00:00+00:00,28.739536,34.430847,24.005445
2043-12-23 00:00:00+00:00,29.409452,35.821766,23.761124
2043-12-24 00:00:00+00:00,29.729368,35.862682,24.516802
2043-12-25 00:00:00+00:00,27.549278,34.2536,21.022478
2043-12-26 00:00:00+00:00,26.969193,33.094524,21.178156
2043-12-27 00:00:00+00:00,26.339108,32.83544,20.883833
2043-12-28 00:00:00+00:00,25.659025,33.526363,18.339512
2043-12-29 00:00:00+00:00,25.878939,34.167282,18.345186
2043-12-30 00:00:00+00:00,26.048853,34.358204,18.400864
2043-12-31 00:00:00+00:00,26.268768,34.549118,18.406544
2044-01-01 00:00:00+00:00,26.288681,34.490036,18.712221
2044-01-02 00:00:00+00:00,26.91018,34.779114,19.76874
2044-01-03 00:00:00+00:00,26.983257,34.56636,20.276102
2044-01-04 00:00:00+00:00,25.706337,33.253593,18.633465
2044-01-05 00:00:00+00:00,25.729414,34.040836,18.290825
2044-01-06 00:00:00+00:00,27.302494,35.12807,20.098192
2044-01-07 00:00:00+00:00,27.275572,33.015316,22.005552
2044-01-08 00:00:00+00:00,27.54865,34.30255,21.512915
2044-01-09 00:00:00+00:00,26.57173,31.389786,21.870277
2044-01-10 00:00:00+00:00,26.99481,33.377026,21.57764
2044-01-11 00:00:00+00:00,27.167889,35.214264,19.635004
2044-01-12 00:00:00+00:00,27.140966,34.8515,20.042366
2044-01-13 00:00:00+00:00,26.714045,34.58874,19.59973
2044-01-14 00:00:00+00:00,27.087124,34.77598,19.857094
2044-01-15 00:00:00+00:00,27.010204,34.713223,19.814453
2044-01-16 00:00:00+00:00,26.633282,34.95046,18.721817
2044-01-17 00:00:00+00:00,27.00636,35.587696,19.17918
2044-01-18 00:00:00+00:00,27.029438,35.324932,19.386543
2044-01-19 00:00:00+00:00,26.652517,34.612175,19.293905
2044-01-20 00:00:00+00:00,26.525599,35.099415,18.55127
2044-01-21 00:00:00+00:00,27.248674,35.986652,19.00863
2044-01-22 00:00:00+00:00,28.071754,36.37389,20.215994
2044-01-23 00:00:00+00:00,28.194832,36.06113,21.173357
2044-01-24 00:00:00+00:00,28.367912,36.29837,20.730719
2044-01-25 00:00:00+00:00,28.290989,35.33561,21.63808
2044-01-26 00:00:00+00:00,27.514069,34.522846,21.145443
2044-01-27 00:00:00+00:00,26.837147,34.310085,19.702806
2044-01-28 00:00:00+00:00,26.76023,34.897324,19.31017
2044-01-29 00:00:00+00:00,27.183304,35.284557,19.417532
2044-01-30 00:00:00+00:00,27.406382,35.4218,19.624893
2044-01-31 00:00:00+00:00,27.829462,35.809036,20.082258
2044-02-01 00:00:00+00:00,27.60254,35.44628,20.23962
2044-02-02 00:00:00+00:00,26.67562,34.383514,19.346981
2044-02-03 00:00:00+00:00,25.898699,33.570755,18.654346
2044-02-04 00:00:00+00:00,25.721779,33.60799,18.11171
2044-02-05 00:00:00+00:00,26.494856,34.695232,18.619072
2044-02-06 00:00:00+00:00,26.867935,34.33247,19.776434
2044-02-07 00:00:00+00:00,26.391012,33.969707,19.133795
2044-02-08 00:00:00+00:00,25.964092,33.756947,18.44116
2044-02-09 00:00:00+00:00,26.287169,34.29419,18.748522
2044-02-10 00:00:00+00:00,26.06025,33.681427,18.605883
2044-02-11 00:00:00+00:00,26.183327,33.618664,19.263247
2044-02-12 00:00:00+00:00,27.706408,36.455902,19.770609
2044-02-13 00:00:00+00:00,28.379484,36.343143,21.227972
2044-02-14 00:00:00+00:00,27.852566,35.730377,20.285336
2044-02-15 00:00:00+00:00,27.725643,35.917618,19.992697
2044-02-16 00:00:00+00:00,28.398722,36.804863,20.55006
2044-02-17 00:00:00+00:00,28.2218,36.192093,20.607424
2044-02-18 00:00:00+00:00,28.44488,36.829338,20.114784
2044-02-19 00:00:00+00:00,29.41796,38.166573,20.772152
2044-02-20 00:00:00+00:00,30.741037,39.65381,22.229511
2044-02-21 00:00:00+00:00,31.464119,39.741055,23.336876
2044-02-22 00:00:00+00:00,31.887194,40.028286,23.694237
2044-02-23 00:00:00+00:00,31.610273,39.86553,23.501598
2044-02-24 00:00:00+00:00,31.583353,40.002766,23.458963
2044-02-25 00:00:00+00:00,31.456432,39.640007,23.516323
2044-02-26 00:00:00+00:00,31.02951,38.927246,23.573687
2044-02-27 00:00:00+00:00,30.45259,38.414486,22.881048
2044-02-28 00:00:00+00:00,30.475668,38.751728,22.338413
2044-02-29 00:00:00+00:00,30.798744,38.338963,24.095776
2044-03-01 00:00:00+00:00,29.371822,37.7262,21.303137
2044-03-02 00:00:00+00:00,29.244902,37.513435,21.010504
2044-03-03 00:00:00+00:00,29.143244,37.46126,20.605766
2044-03-04 00:00:00+00:00,30.056747,38.615437,21.623774
2044-03-05 00:00:00+00:00,31.320251,40.319607,22.591785
2044-03-06 00:00:00+00:00,32.18375,40.523777,24.559793
2044-03-07 00:00:00+00:00,32.747253,40.37795,25.327805
2044-03-08 00:00:00+00:00,32.760754,40.582123,25.295813
2044-03-09 00:00:00+00:00,31.824257,39.736294,23.96382
2044-03-10 00:00:00+00:00,32.037758,40.540466,23.38183
2044-03-11 00:00:00+00:00,33.601257,42.84464,24.449837
2044-03-12 00:00:00+00:00,34.514763,43.198814,25.817844
2044-03-13 00:00:00+00:00,33.778267,42.002987,25.285856
2044-03-14 00:00:00+00:00,32.441765,41.257156,23.303862
2044-03-15 00:00:00+00:00,32.755272,41.561333,23.171873
2044-03-16 00:00:00+00:00,32.218773,39.365505,24.83988
2044-03-17 00:00:00+00:00,30.682274,38.019672,23.35789
2044-03-18 00:00:00+00:00,28.995777,35.12385,22.375898
2044-03-19 00:00:00+00:00,29.55928,36.62802,22.843908
2044-03-20 00:00:00+00:00,31.422777,39.182194,23.611916
2044-03-21 00:00:00+00:00,32.886284,40.686367,25.679924
2044-03-22 00:00:00+00:00,33.49978,41.74054,25.247932
2044-03-23 00:00:00+00:00,33.963287,41.544712,25.915943
2044-03-24 00:00:00+00:00,33.626785,40.748882,25.78395
2044-03-25 00:00:00+00:00,32.64029,40.153057,24.00196
2044-03-26 00:00:00+00:00,32.703793,40.607224,24.21997
2044-03-27 00:00:00+00:00,31.667294,38.811398,24.93798
2044-03-28 00:00:00+00:00,31.780792,39.31557,24.00599
2044-03-29 00:00:00+00:00,32.1443,40.019745,24.123997
2044-03-30 00:00:00+00:00,32.7078,40.67392,24.242006
2044-03-31 00:00:00+00:00,33.2713,41.578087,24.710014
2044-04-01 00:00:00+00:00,32.734802,40.63226,24.728022
2044-04-02 00:00:00+00:00,33.1483,41.036438,25.096031
2044-04-03 00:00:00+00:00,33.711807,41.74061,25.114038
2044-04-04 00:00:00+00:00,34.42531,41.844776,26.632048
2044-04-05 00:00:00+00:00,34.03881,41.44895,26.150057
2044-04-06 00:00:00+00:00,34.45231,41.95313,26.518064
2044-04-07 00:00:00+00:00,35.215813,42.857296,26.936075
2044-04-08 00:00:00+00:00,35.57932,43.16147,27.404085
2044-04-09 00:00:00+00:00,35.892815,43.565643,28.32209
2044-04-10 00:00:00+00:00,35.956318,43.069817,28.7901
2044-04-11 00:00:00+00:00,35.31982,42.523987,27.808107
2044-04-12 00:00:00+00:00,34.483322,41.528156,25.926117
2044-04-13 00:00:00+00:00,33.196827,40.43233,25.444126
2044-04-14 00:00:00+00:00,31.360329,39.036503,23.262135
2044-04-15 00:00:00+00:00,30.773827,38.79068,22.480143
2044-04-16 00:00:00+00:00,31.687332,39.79485,23.648153
2044-04-17 00:00:00+00:00,33.900837,42.049023,25.566162
2044-04-18 00:00:00+00:00,34.764336,42.85319,26.484169
2044-04-19 00:00:00+00:00,32.727837,40.257362,24.90218
2044-04-20 00:00:00+00:00,30.441338,38.211536,22.070189
2044-04-21 00:00:00+00:00,29.204844,36.915707,20.338198
2044-04-22 00:00:00+00:00,30.06834,37.119884,22.606205
2044-04-23 00:00:00+00:00,31.281845,38.374054,23.924217
2044-04-24 00:00:00+00:00,32.09535,39.27823,24.342224
2044-04-25 00:00:00+00:00,32.75885,40.3324,24.910233
2044-04-26 00:00:00+00:00,34.022354,42.536575,25.478243
2044-04-27 00:00:00+00:00,35.485847,44.24074,27.54625
2044-04-28 00:00:00+00:00,34.949356,42.14492,27.664255
2044-04-29 00:00:00+00:00,33.712856,40.349087,26.98227
2044-04-30 00:00:00+00:00,34.47636,41.553265,26.800278
2044-05-01 00:00:00+00:00,34.889862,41.807434,28.518288
2044-05-02 00:00:00+00:00,34.25336,39.661606,28.286297
2044-05-03 00:00:00+00:00,34.774982,42.364956,26.73166
2044-05-04 00:00:00+00:00,34.24931,40.518036,27.33615
2044-05-05 00:00:00+00:00,34.22364,41.171112,27.04064
2044-05-06 00:00:00+00:00,36.297966,43.82419,28.345127
2044-05-07 00:00:00+00:00,36.37229,43.577267,28.599615
2044-05-08 00:00:00+00:00,35.546623,42.58034,27.204103
2044-05-09 00:00:00+00:00,35.72095,43.833424,27.358591
2044-05-10 00:00:00+00:00,37.195274,45.886497,27.963081
2044-05-11 00:00:00+00:00,37.519608,45.98957,27.66757
2044-05-12 00:00:00+00:00,35.793934,43.49265,26.972057
2044-05-13 00:00:00+00:00,34.668266,42.24572,26.076548
2044-05-14 00:00:00+00:00,33.74259,41.7988,24.581036
2044-05-15 00:00:00+00:00,33.516922,42.05188,24.085524
2044-05-16 00:00:00+00:00,33.791245,41.904957,24.69001
2044-05-17 00:00:00+00:00,34.665577,43.008034,25.8445
2044-05-18 00:00:00+00:00,36.089905,44.261112,27.548988
2044-05-19 00:00:00+00:00,36.76423,46.514187,27.053478
2044-05-20 00:00:00+00:00,37.838562,46.117264,29.157963
2044-05-21 00:00:00+00:00,35.86289,42.77034,28.912455
2044-05-22 00:00:00+00:00,35.937218,42.973415,28.716946
2044-05-23 00:00:00+00:00,36.511543,44.426495,28.171432
2044-05-24 00:00:00+00:00,38.485874,46.87957,29.975922
2044-05-25 00:00:00+00:00,37.610195,43.032646,31.38041
2044-05-26 00:00:00+00:00,34.03453,40.635723,26.584898
2044-05-27 00:00:00+00:00,33.008858,40.5888,24.489384
2044-05-28 00:00:00+00:00,33.833183,41.691875,24.943874
2044-05-29 00:00:00+00:00,34.807514,42.59495,26.098362
2044-05-30 00:00:00+00:00,33.83184,41.348026,25.30285
2044-05-31 00:00:00+00:00,33.906166,41.101105,26.00734
2044-06-01 00:00:00+00:00,35.280495,42.95418,27.411827
2044-06-02 00:00:00+00:00,33.25482,40.407257,25.166317
2044-06-03 00:00:00+00:00,32.129158,39.460335,24.320805
2044-06-04 00:00:00+00:00,31.403482,38.663414,25.875294
2044-06-05 00:00:00+00:00,31.377808,36.66649,25.929781
2044-06-06 00:00:00+00:00,33.55214,40.86956,26.38427
2044-06-07 00:00:00+00:00,33.826466,40.272644,26.238758
2044-06-08 00:00:00+00:00,33.750793,39.67572,27.293247
2044-06-09 00:00:00+00:00,33.825123,40.12879,27.047735
2044-06-10 00:00:00+00:00,34.49945,41.43187,27.102224
2044-06-11 00:00:00+00:00,35.723778,42.334953,28.606712
2044-06-12 00:00:00+00:00,34.298103,40.78803,27.1112
2044-06-13 00:00:00+00:00,32.472435,37.941105,26.215689
2044-06-14 00:00:00+00:00,33.896763,40.044178,27.370174
2044-06-15 00:00:00+00:00,33.47109,40.29726,26.574665
2044-06-16 00:00:00+00:00,33.19542,39.550335,26.329155
2044-06-17 00:00:00+00:00,34.21975,40.00341,27.483644
2044-06-18 00:00:00+00:00,33.99408,40.50649,27.03813
2044-06-19 00:00:00+00:00,33.168404,39.859562,25.94262
2044-06-20 00:00:00+00:00,33.49273,38.51264,29.097107
2044-06-21 00:00:00+00:00,33.96706,40.365715,27.451597
2044-06-22 00:00:00+00:00,33.04138,39.268795,26.556086
2044-06-23 00:00:00+00:00,31.965715,37.47187,27.310575
2044-06-24 00:00:00+00:00,32.04004,36.97495,27.515062
2044-06-25 00:00:00+00:00,32.96437,38.228024,28.21955
2044-06-26 00:00:00+00:00,33.138695,37.6811,28.374039
2044-06-27 00:00:00+00:00,33.513027,39.134174,27.62853
2044-06-28 00:00:00+00:00,33.98736,39.887253,27.683018
2044-06-29 00:00:00+00:00,34.26169,39.74033,28.137505
2044-06-30 00:00:00+00:00,34.38601,40.79341,27.591993
2044-07-01 00:00:00+00:00,33.41034,39.64648,26.846483
2044-07-02 00:00:00+00:00,34.284668,40.599564,27.750969
2044-07-03 00:00:00+00:00,33.604355,39.90833,27.332478
2044-07-04 00:00:00+00:00,32.973377,38.81791,26.960705
2044-07-05 00:00:00+00:00,32.942406,39.627487,27.188929
2044-07-06 00:00:00+00:00,32.761425,38.137066,28.017157
2044-07-07 00:00:00+00:00,33.93045,39.646645,28.595379
2044-07-08 00:00:00+00:00,33.249474,39.55623,27.373606
2044-07-09 00:00:00+00:00,32.818497,39.215805,26.45183
2044-07-10 00:00:00+00:00,31.687521,37.475388,26.880056
2044-07-11 00:00:00+00:00,29.556543,35.234962,25.608282
2044-07-12 00:00:00+00:00,29.57557,36.444546,25.986507
2044-07-13 00:00:00+00:00,30.094593,35.654125,25.464737
2044-07-14 00:00:00+00:00,32.063614,37.613705,26.54296
2044-07-15 00:00:00+00:00,33.38264,38.823284,27.871183
2044-07-16 00:00:00+00:00,31.651665,38.18287,26.94941
2044-07-17 00:00:00+00:00,29.270687,33.542442,26.177633
2044-07-18 00:00:00+00:00,29.58971,34.60202,25.45586
2044-07-19 00:00:00+00:00,29.958736,36.0616,24.484085
2044-07-20 00:00:00+00:00,28.577757,33.62118,24.562311
2044-07-21 00:00:00+00:00,27.046782,29.280766,24.040537
2044-07-22 00:00:00+00:00,28.015808,32.84034,23.168762
2044-07-23 00:00:00+00:00,30.984829,36.349922,25.39699
2044-07-24 00:00:00+00:00,30.603853,35.0595,26.125212
2044-07-25 00:00:00+00:00,31.022879,35.91908,26.503439
2044-07-26 00:00:00+00:00,30.491901,35.42866,25.981665
2044-07-27 00:00:00+00:00,32.060925,37.238243,26.65989
2044-07-28 00:00:00+00:00,31.729948,37.447823,25.838116
2044-07-29 00:00:00+00:00,29.748974,32.1574,26.216343
2044-07-30 00:00:00+00:00,28.667997,34.266983,24.644564
2044-07-31 00:00:00+00:00,27.23702,31.17656,23.67279
2044-08-01 00:00:00+00:00,27.906042,31.536139,24.801018
2044-08-02 00:00:00+00:00,27.67507,31.295717,24.779243
2044-08-03 00:00:00+00:00,28.64409,33.0553,24.007467
2044-08-04 00:00:00+00:00,30.463116,35.26488,25.785696
2044-08-05 00:00:00+00:00,29.78214,34.42446,25.71392
2044-08-06 00:00:00+00:00,29.551163,34.48404,25.842144
2044-08-07 00:00:00+00:00,28.320187,33.59362,25.170372
2044-08-08 00:00:00+00:00,27.23921,31.353197,24.348597
2044-08-09 00:00:00+00:00,27.658234,31.912777,23.976822
2044-08-10 00:00:00+00:00,28.32726,33.22236,24.805046
2044-08-11 00:00:00+00:00,28.096281,32.831936,24.783272
2044-08-12 00:00:00+00:00,26.715305,28.791515,24.6115
2044-08-13 00:00:00+00:00,28.034328,31.601095,25.039724
2044-08-14 00:00:00+00:00,29.403353,33.61068,25.217947
2044-08-15 00:00:00+00:00,31.522377,36.32026,27.296175
2044-08-16 00:00:00+00:00,31.0914,35.129837,27.774399
2044-08-17 00:00:00+00:00,28.610424,32.739418,26.302624
2044-08-18 00:00:00+00:00,29.829449,34.098995,25.68085
2044-08-19 00:00:00+00:00,31.848473,36.508575,27.109076
2044-08-20 00:00:00+00:00,31.267496,35.568157,26.587303
2044-08-21 00:00:00+00:00,31.73652,36.077736,27.265528
2044-08-22 00:00:00+00:00,29.955542,33.737316,26.243755
2044-08-23 00:00:00+00:00,27.224567,29.396893,24.82198
2044-08-24 00:00:00+00:00,27.293589,30.206476,24.600203
2044-08-25 00:00:00+00:00,28.612614,32.11606,25.478428
2044-08-26 00:00:00+00:00,30.48164,34.275635,26.606655
2044-08-27 00:00:00+00:00,32.100662,36.135216,27.784882
2044-08-28 00:00:00+00:00,32.319687,36.994793,28.013107
2044-08-29 00:00:00+00:00,32.13871,36.204372,27.74133
2044-08-30 00:00:00+00:00,31.957737,36.063957,27.469557
2044-08-31 00:00:00+00:00,31.426756,35.473534,26.197783
2044-09-01 00:00:00+00:00,28.545782,32.433113,25.126009
2044-09-02 00:00:00+00:00,29.345934,32.938126,26.412247
2044-09-03 00:00:00+00:00,30.396086,34.44314,26.398481
2044-09-04 00:00:00+00:00,30.79624,35.198154,26.58472
2044-09-05 00:00:00+00:00,30.996395,35.30316,26.970959
2044-09-06 00:00:00+00:00,29.896545,33.958183,25.607193
2044-09-07 00:00:00+00:00,27.096697,30.163193,24.89343
2044-09-08 00:00:00+00:00,28.096851,32.36821,24.229668
2044-09-09 00:00:00+00:00,29.447002,32.97322,25.365904
2044-09-10 00:00:00+00:00,30.497158,34.378235,26.502144
2044-09-11 00:00:00+00:00,29.39731,33.433247,26.238382
2044-09-12 00:00:00+00:00,27.997463,32.988262,24.474619
2044-09-13 00:00:00+00:00,26.997616,31.593275,24.160854
2044-09-14 00:00:00+00:00,28.097769,32.39829,23.947092
2044-09-15 00:00:00+00:00,29.59792,33.653305,25.583328
2044-09-16 00:00:00+00:00,28.948072,33.30831,24.969564
2044-09-17 00:00:00+00:00,26.148226,28.413328,24.305803
2044-09-18 00:00:00+00:00,27.24838,30.968342,23.542042
2044-09-19 00:00:00+00:00,28.648533,32.873356,24.278276
2044-09-20 00:00:00+00:00,30.098686,34.728367,26.064516
2044-09-21 00:00:00+00:00,29.798841,34.28338,26.400755
2044-09-22 00:00:00+00:00,29.998993,34.838394,26.58699
2044-09-23 00:00:00+00:00,29.649145,34.49341,25.923225
2044-09-24 00:00:00+00:00,29.449297,34.198425,25.859465
2044-09-25 00:00:00+00:00,29.79945,34.253433,25.395702
2044-09-26 00:00:00+00:00,30.699604,34.908447,26.381939
2044-09-27 00:00:00+00:00,31.399755,35.91346,26.618174
2044-09-28 00:00:00+00:00,31.54991,35.618477,27.154413
2044-09-29 00:00:00+00:00,31.600063,35.823486,27.040651
2044-09-30 00:00:00+00:00,31.500214,35.778507,26.87689
2044-10-01 00:00:00+00:00,30.350368,35.73352,26.963123
2044-10-02 00:00:00+00:00,28.95052,32.98853,25.599363
2044-10-03 00:00:00+00:00,28.650671,33.043545,25.535597
2044-10-04 00:00:00+00:00,28.850826,32.698555,24.771835
2044-10-05 00:00:00+00:00,27.80098,29.653568,25.258072
2044-10-06 00:00:00+00:00,26.65113,29.808582,23.79431
2044-10-07 00:00:00+00:00,26.401283,31.463594,23.180548
2044-10-08 00:00:00+00:00,26.451439,30.318607,23.266787
2044-10-09 00:00:00+00:00,26.101591,28.823624,23.553022
2044-10-10 00:00:00+00:00,27.251743,31.378635,22.88926
2044-10-11 00:00:00+00:00,28.451897,32.383648,24.2255
2044-10-12 00:00:00+00:00,29.15205,32.938663,25.111736
2044-10-13 00:00:00+00:00,29.402203,34.243675,24.997972
2044-10-14 00:00:00+00:00,29.252356,33.19869,25.33421
2044-10-15 00:00:00+00:00,27.352509,31.653702,24.320446
2044-10-16 00:00:00+00:00,27.152658,30.958717,23.556683
2044-10-17 00:00:00+00:00,27.302814,30.863728,23.492922
2044-10-18 00:00:00+00:00,27.202967,30.418743,23.97916
2044-10-19 00:00:00+00:00,26.653118,29.623756,23.615395
2044-10-20 00:00:00+00:00,26.853271,30.528769,23.651632
2044-10-21 00:00:00+00:00,27.653423,31.483784,23.93787
2044-10-22 00:00:00+00:00,27.603577,31.688797,23.374105
2044-10-23 00:00:00+00:00,28.15373,32.99381,22.760344
2044-10-24 00:00:00+00:00,28.853882,33.698826,23.796583
2044-10-25 00:00:00+00:00,29.604036,34.303837,24.38282
2044-10-26 00:00:00+00:00,30.05419,34.408848,25.569056
2044-10-27 00:00:00+00:00,29.804344,33.463863,25.505295
2044-10-28 00:00:00+00:00,29.854496,34.91888,25.591532
2044-10-29 00:00:00+00:00,30.30465,36.123894,25.377768
2044-10-30 00:00:00+00:00,30.704802,36.928905,24.564007
2044-10-31 00:00:00+00:00,29.004951,35.683918,24.10024
2044-11-01 00:00:00+00:00,27.301327,30.887167,23.78266
2044-11-02 00:00:00+00:00,28.12124,32.92809,23.138338
2044-11-03 00:00:00+00:00,28.891157,34.069004,24.344015
2044-11-04 00:00:00+00:00,29.111069,35.05992,23.49969
2044-11-05 00:00:00+00:00,28.930983,34.60085,23.805367
2044-11-06 00:00:00+00:00,27.8509,34.691765,22.011045
2044-11-07 00:00:00+00:00,27.170815,34.432686,19.316725
2044-11-08 00:00:00+00:00,28.240728,34.723602,21.2224
2044-11-09 00:00:00+00:00,29.060644,35.41452,22.828077
2044-11-10 00:00:00+00:00,28.93056,36.105442,22.483755
2044-11-11 00:00:00+00:00,28.650473,36.046364,21.989435
2044-11-12 00:00:00+00:00,27.620386,34.68728,21.795113
2044-11-13 00:00:00+00:00,26.740301,33.628197,21.200787
2044-11-14 00:00:00+00:00,26.910215,34.119118,20.256462
2044-11-15 00:00:00+00:00,27.930134,34.760036,21.612143
2044-11-16 00:00:00+00:00,27.950047,35.350956,20.46782
2044-11-17 00:00:00+00:00,28.86996,35.691868,21.273497
2044-11-18 00:00:00+00:00,29.189875,35.782795,22.679174
2044-11-19 00:00:00+00:00,28.409792,35.27371,22.43485
2044-11-20 00:00:00+00:00,27.879705,35.21463,21.34053
2044-11-21 00:00:00+00:00,28.549618,36.05555,21.546207
2044-11-22 00:00:00+00:00,29.319532,36.396465,22.751886
2044-11-23 00:00:00+00:00,28.93945,35.98739,23.00756
2044-11-24 00:00:00+00:00,27.559362,34.728306,21.513239
2044-11-25 00:00:00+00:00,27.879276,35.86922,20.618917
2044-11-26 00:00:00+00:00,29.099192,36.51014,22.124592
2044-11-27 00:00:00+00:00,28.569109,35.10106,22.78027
2044-11-28 00:00:00+00:00,26.63902,33.191982,21.085947
2044-11-29 00:00:00+00:00,25.658936,32.6829,19.291626
2044-11-30 00:00:00+00:00,25.878849,33.27382,19.247303
2044-12-01 00:00:00+00:00,26.698765,33.81474,20.652979
2044-12-02 00:00:00+00:00,26.368681,32.955654,20.458658
2044-12-03 00:00:00+00:00,25.388596,32.69658,18.514334
2044-12-04 00:00:00+00:00,25.658508,32.987495,19.020012
2044-12-05 00:00:00+00:00,25.378422,32.178413,18.675692
2044-12-06 00:00:00+00:00,25.748337,32.01933,19.731365
2044-12-07 00:00:00+00:00,25.81825,31.210255,20.687046
2044-12-08 00:00:00+00:00,24.938166,29.851173,20.492722
2044-12-09 00:00:00+00:00,25.708082,31.89209,20.2484
2044-12-10 00:00:00+00:00,25.977995,32.33301,20.704077
2044-12-11 00:00:00+00:00,24.997911,29.623932,21.009752
2044-12-12 00:00:00+00:00,24.167824,30.164848,18.51543
2044-12-13 00:00:00+00:00,24.137741,31.105766,18.021107
2044-12-14 00:00:00+00:00,23.857655,30.046688,17.876785
2044-12-15 00:00:00+00:00,22.82757,28.237604,17.582464
2044-12-16 00:00:00+00:00,22.097485,27.878521,16.738138
2044-12-17 00:00:00+00:00,22.017397,28.919443,15.893819
2044-12-18 00:00:00+00:00,22.637314,30.21036,15.7494955
2044-12-19 00:00:00+00:00,24.10723,32.15128,16.805172
2044-12-20 00:00:00+00:00,25.727142,33.4922,18.51085
2044-12-21 00:00:00+00:00,26.897057,34.333115,20.166525
2044-12-22 00:00:00+00:00,27.116972,34.574036,20.522205
2044-12-23 00:00:00+00:00,27.186888,34.514954,20.677883
2044-12-24 00:00:00+00:00,26.656801,33.805874,20.083559
2044-12-25 00:00:00+00:00,25.826715,33.09679,18.989235
2044-12-26 00:00:00+00:00,26.146631,33.83771,18.994913
2044-12-27 00:00:00+00:00,26.816545,34.178635,20.200592
2044-12-28 00:00:00+00:00,27.086462,34.369553,20.406271
2044-12-29 00:00:00+00:00,27.156374,33.96047,21.261946
2044-12-30 00:00:00+00:00,26.02629,32.45139,19.917624
2044-12-31 00:00:00+00:00,25.846205,32.14231,20.5733
2045-01-01 00:00:00+00:00,25.616909,32.832306,18.9294
2045-01-02 00:00:00+00:00,25.73999,33.319546,18.63676
2045-01-03 00:00:00+00:00,26.013063,33.706783,18.794125
2045-01-04 00:00:00+00:00,25.786146,31.444023,20.351486
2045-01-05 00:00:00+00:00,24.809223,29.531263,20.308851
2045-01-06 00:00:00+00:00,23.982304,28.3185,19.566214
2045-01-07 00:00:00+00:00,22.805382,26.905739,18.873577
2045-01-08 00:00:00+00:00,24.27846,30.94298,18.08094
2045-01-09 00:00:00+00:00,26.25154,33.730217,18.9883
2045-01-10 00:00:00+00:00,27.974619,35.417454,20.945665
2045-01-11 00:00:00+00:00,27.5977,35.204697,20.303026
2045-01-12 00:00:00+00:00,28.270775,36.191933,20.860392
2045-01-13 00:00:00+00:00,28.043856,35.22917,21.517752
2045-01-14 00:00:00+00:00,26.416933,33.716408,19.725115
2045-01-15 00:00:00+00:00,25.690012,33.90365,17.932478
2045-01-16 00:00:00+00:00,26.66309,35.04089,18.839838
2045-01-17 00:00:00+00:00,28.236168,35.928127,20.797203
2045-01-18 00:00:00+00:00,27.809248,34.665363,21.354565
2045-01-19 00:00:00+00:00,25.832327,33.202606,18.961927
2045-01-20 00:00:00+00:00,25.155405,32.689842,17.96929
2045-01-21 00:00:00+00:00,25.078482,32.927082,17.676653
2045-01-22 00:00:00+00:00,25.051563,32.914318,17.034014
2045-01-23 00:00:00+00:00,25.32464,33.30156,17.891376
2045-01-24 00:00:00+00:00,25.097721,32.7888,18.04874
2045-01-25 00:00:00+00:00,25.570799,33.82604,17.456106
2045-01-26 00:00:00+00:00,26.69388,35.163273,18.613464
2045-01-27 00:00:00+00:00,27.516956,35.75051,19.920828
2045-01-28 00:00:00+00:00,27.340034,34.73775,20.578192
2045-01-29 00:00:00+00:00,26.563112,34.42499,18.635555
2045-01-30 00:00:00+00:00,26.886192,34.81223,19.192915
2045-01-31 00:00:00+00:00,27.709272,35.59947,20.050282
2045-02-01 00:00:00+00:00,28.08235,35.836704,21.207644
2045-02-02 00:00:00+00:00,27.65543,35.323948,19.865007
2045-02-03 00:00:00+00:00,27.778507,35.511185,20.172367
2045-02-04 00:00:00+00:00,27.901587,35.948425,19.92973
2045-02-05 00:00:00+00:00,28.224665,36.285656,20.437094
2045-02-06 00:00:00+00:00,27.947744,36.122902,19.594456
2045-02-07 00:00:00+00:00,28.57082,36.260136,21.50182
2045-02-08 00:00:00+00:00,28.3939,36.147377,20.859182
2045-02-09 00:00:00+00:00,28.11698,35.884617,21.216543
2045-02-10 00:00:00+00:00,27.390059,35.121857,19.923908
2045-02-11 00:00:00+00:00,26.86314,34.259094,19.53127
2045-02-12 00:00:00+00:00,27.036217,35.74633,18.83863
2045-02-13 00:00:00+00:00,28.009293,36.733566,19.745996
2045-02-14 00:00:00+00:00,28.632374,37.170807,20.353357
2045-02-15 00:00:00+00:00,29.40545,37.658047,21.76072
2045-02-16 00:00:00+00:00,29.47853,37.645283,21.918083
2045-02-17 00:00:00+00:00,29.801607,37.932526,21.925444
2045-02-18 00:00:00+00:00,30.374691,38.619766,22.43281
2045-02-19 00:00:00+00:00,30.397766,38.507004,22.69017
2045-02-20 00:00:00+00:00,30.120848,38.144238,22.297533
2045-02-21 00:00:00+00:00,29.643923,38.031483,21.404896
2045-02-22 00:00:00+00:00,29.817003,38.41872,21.662258
2045-02-23 00:00:00+00:00,29.94008,38.15596,21.76962
2045-02-24 00:00:00+00:00,30.61316,39.293198,22.176985
2045-02-25 00:00:00+00:00,31.636238,40.280434,23.084347
2045-02-26 00:00:00+00:00,31.859318,39.917675,24.241709
2045-02-27 00:00:00+00:00,31.482395,39.30491,24.099072
2045-02-28 00:00:00+00:00,30.705477,38.242153,23.256435
2045-03-01 00:00:00+00:00,29.77855,37.42939,22.213797
2045-03-02 00:00:00+00:00,28.25163,35.41663,21.571161
2045-03-03 00:00:00+00:00,26.339872,34.110218,18.751266
2045-03-04 00:00:00+00:00,26.103374,34.46439,17.969275
2045-03-05 00:00:00+00:00,27.116875,35.768562,18.787283
2045-03-06 00:00:00+00:00,28.280376,37.222736,19.555292
2045-03-07 00:00:00+00:00,30.293877,39.27691,21.223299
2045-03-08 00:00:00+00:00,31.30738,39.631077,23.441307
2045-03-09 00:00:00+00:00,30.770884,38.935253,22.809317
2045-03-10 00:00:00+00:00,31.034386,39.53942,22.677326
2045-03-11 00:00:00+00:00,31.647886,40.193596,23.395334
2045-03-12 00:00:00+00:00,31.861387,40.39777,23.363344
2045-03-13 00:00:00+00:00,32.424896,40.80194,24.031353
2045-03-14 00:00:00+00:00,32.838394,40.706116,24.849363
2045-03-15 00:00:00+00:00,33.351894,41.560284,25.417374
2045-03-16 00:00:00+00:00,33.065395,40.96446,25.18538
2045-03-17 00:00:00+00:00,32.928898,40.56863,25.253387
2045-03-18 00:00:00+00:00,32.942398,40.622807,25.071396
2045-03-19 00:00:00+00:00,33.3059,41.62698,24.289406
2045-03-20 00:00:00+00:00,34.469402,42.731148,26.257416
2045-03-21 00:00:00+00:00,35.182907,43.18532,27.275425
2045-03-22 00:00:00+00:00,35.146408,42.939495,27.243431
2045-03-23 00:00:00+00:00,34.709908,43.593666,24.961441
2045-03-24 00:00:00+00:00,35.57341,43.647842,27.629452
2045-03-25 00:00:00+00:00,35.53691,43.902016,27.297457
2045-03-26 00:00:00+00:00,34.350418,42.45619,26.165468
2045-03-27 00:00:00+00:00,33.86392,42.060356,25.633478
2045-03-28 00:00:00+00:00,33.077415,41.714527,24.301485
2045-03-29 00:00:00+00:00,33.79092,42.968708,24.66949
2045-03-30 00:00:00+00:00,31.904425,40.522877,23.587502
2045-03-31 00:00:00+00:00,30.117922,38.277046,21.55551
2045-04-01 00:00:00+00:00,30.131426,38.68122,21.223518
2045-04-02 00:00:00+00:00,30.994926,39.785393,22.291527
2045-04-03 00:00:00+00:00,32.85843,41.389557,24.159534
2045-04-04 00:00:00+00:00,33.271935,41.393734,25.027546
2045-04-05 00:00:00+00:00,33.435436,41.847908,25.195555
2045-04-06 00:00:00+00:00,33.698936,42.602085,25.313564
2045-04-07 00:00:00+00:00,34.61244,43.356255,25.431574
2045-04-08 00:00:00+00:00,37.125942,46.510426,28.149584
2045-04-09 00:00:00+00:00,35.889442,43.6146,27.317589
2045-04-10 00:00:00+00:00,34.802944,42.66877,26.6356
2045-04-11 00:00:00+00:00,33.216442,41.122944,24.703608
2045-04-12 00:00:00+00:00,32.779945,41.127113,24.171616
2045-04-13 00:00:00+00:00,32.79345,40.731293,24.389626
2045-04-14 00:00:00+00:00,33.55695,41.38546,25.357632
2045-04-15 00:00:00+00:00,34.170456,42.18963,26.075644
2045-04-16 00:00:00+00:00,34.483955,42.9438,25.69365
2045-04-17 00:00:00+00:00,35.597458,44.297977,26.56166
2045-04-18 00:00:00+00:00,38.010963,46.852154,29.12967
2045-04-19 00:00:00+00:00,36.474464,44.656322,28.29768
2045-04-20 00:00:00+00:00,35.537964,44.760498,26.615688
2045-04-21 00:00:00+00:00,35.551468,44.76467,26.683695
2045-04-22 00:00:00+00:00,36.31497,45.56884,26.951706
2045-04-23 00:00:00+00:00,38.378468,46.873013,29.419714
2045-04-24 00:00:00+00:00,39.291973,47.627182,30.987722
2045-04-25 00:00:00+00:00,37.10547,45.13136,28.755732
2045-04-26 00:00:00+00:00,33.968975,41.88553,24.92374
2045-04-27 00:00:00+00:00,32.58248,40.4897,23.641747
2045-04-28 00:00:00+00:00,32.64598,41.393875,23.609756
2045-04-29 00:00:00+00:00,32.55948,40.598045,24.477764
2045-04-30 00:00:00+00:00,33.52298,42.60222,23.995773
2045-05-01 00:00:00+00:00,33.236485,41.456394,24.263784
2045-05-02 00:00:00+00:00,32.949986,41.260563,23.481792
2045-05-03 00:00:00+00:00,33.218903,41.864193,23.868042
2045-05-04 00:00:00+00:00,33.643234,42.217266,24.62253
2045-05-05 00:00:00+00:00,34.367554,42.77034,25.427017
2045-05-06 00:00:00+00:00,34.841885,43.173416,25.881506
2045-05-07 00:00:00+00:00,34.416214,41.676495,26.185993
2045-05-08 00:00:00+00:00,33.490543,42.829575,23.890482
2045-05-09 00:00:00+00:00,35.91487,44.632652,25.944971
2045-05-10 00:00:00+00:00,36.3892,43.935726,28.39946
2045-05-11 00:00:00+00:00,33.713524,41.9888,24.503948
2045-05-12 00:00:00+00:00,33.78785,42.791878,24.308437
2045-05-13 00:00:00+00:00,35.912186,44.09496,27.362928
2045-05-14 00:00:00+00:00,34.58651,42.29803,26.467415
2045-05-15 00:00:00+00:00,32.91084,41.05111,23.771904
2045-05-16 00:00:00+00:00,32.23517,40.904186,22.77639
2045-05-17 00:00:00+00:00,33.059494,41.457264,24.230879
2045-05-18 00:00:00+00:00,34.483826,42.61034,25.785366
2045-05-19 00:00:00+00:00,32.40815,40.563416,23.239857
2045-05-20 00:00:00+00:00,31.98248,40.666496,22.744345
2045-05-21 00:00:00+00:00,34.756805,43.26957,26.448832
2045-05-22 00:00:00+00:00,34.78113,42.272648,26.853323
2045-05-23 00:00:00+00:00,33.05546,40.675724,24.507809
2045-05-24 00:00:00+00:00,33.32979,40.128803,25.262299
2045-05-25 00:00:00+00:00,34.204117,41.631878,25.816788
2045-05-26 00:00:00+00:00,34.878445,42.684956,26.921274
2045-05-27 00:00:00+00:00,34.102776,41.938026,25.275763
2045-05-28 00:00:00+00:00,33.3771,41.04111,24.880253
2045-05-29 00:00:00+00:00,32.251434,38.14418,25.334742
2045-05-30 00:00:00+00:00,31.62576,36.697258,25.53923
2045-05-31 00:00:00+00:00,33.000084,39.900337,25.193718
2045-06-01 00:00:00+00:00,33.324417,41.003414,24.698204
2045-06-02 00:00:00+00:00,32.848743,40.306488,24.902695
2045-06-03 00:00:00+00:00,32.02307,40.159565,23.457184
2045-06-04 00:00:00+00:00,32.3974,40.812645,23.361671
2045-06-05 00:00:00+00:00,33.621727,41.015724,25.51616
2045-06-06 00:00:00+00:00,32.99606,40.618797,24.770647
2045-06-07 00:00:00+00:00,32.220387,39.571873,24.275137
2045-06-08 00:00:00+00:00,32.29471,39.174953,25.029623
2045-06-09 00:00:00+00:00,31.819042,37.37803,26.084112
2045-06-10 00:00:00+00:00,30.993366,34.731106,26.338604
2045-06-11 00:00:00+00:00,33.567696,39.88418,28.043089
2045-06-12 00:00:00+00:00,33.392025,39.837257,27.34758
2045-06-13 00:00:00+00:00,33.516354,40.44034,26.952065
2045-06-14 00:00:00+00:00,34.090675,40.54341,26.756556
2045-06-15 00:00:00+00:00,33.815006,39.596485,27.111044
2045-06-16 00:00:00+00:00,33.339336,40.399563,26.065533
2045-06-17 00:00:00+00:00,32.463665,39.502644,24.870022
2045-06-18 00:00:00+00:00,31.88799,37.105717,25.974508
2045-06-19 00:00:00+00:00,31.162321,34.90879,27.429
2045-06-20 00:00:00+00:00,33.88665,41.211872,26.783485
2045-06-21 00:00:00+00:00,32.910973,39.61495,25.787973
2045-06-22 00:00:00+00:00,32.835304,38.568024,26.342464
2045-06-23 00:00:00+00:00,32.359634,40.1711,24.146954
2045-06-24 00:00:00+00:00,31.433958,38.174175,24.25144
2045-06-25 00:00:00+00:00,32.55829,38.927254,25.755928
2045-06-26 00:00:00+00:00,33.532616,40.38033,26.910416
2045-06-27 00:00:00+00:00,32.506943,39.483406,25.614904
2045-06-28 00:00:00+00:00,31.881271,38.486485,25.919394
2045-06-29 00:00:00+00:00,32.555603,36.68956,28.273884
2045-06-30 00:00:00+00:00,34.12993,40.24264,28.52837
2045-07-01 00:00:00+00:00,34.504257,40.545715,28.332859
2045-07-02 00:00:00+00:00,33.578587,40.19879,27.037348
2045-07-03 00:00:00+00:00,32.9496,39.05593,26.425423
2045-07-04 00:00:00+00:00,31.168623,35.46551,27.603651
2045-07-05 00:00:00+00:00,31.337645,36.37509,26.231873
2045-07-06 00:00:00+00:00,33.256668,38.684673,27.660097
2045-07-07 00:00:00+00:00,33.125694,39.194252,26.888323
2045-07-08 00:00:00+00:00,32.644714,39.20383,28.166548
2045-07-09 00:00:00+00:00,31.61374,37.313416,27.794775
2045-07-10 00:00:00+00:00,32.182762,36.82299,28.173002
2045-07-11 00:00:00+00:00,32.901787,38.28257,28.151228
2045-07-12 00:00:00+00:00,32.37081,37.742146,28.32945
2045-07-13 00:00:00+00:00,32.489834,37.70173,27.407675
2045-07-14 00:00:00+00:00,32.80886,38.46131,26.835901
2045-07-15 00:00:00+00:00,32.777885,38.670887,27.414127
2045-07-16 00:00:00+00:00,33.196907,39.430473,27.142353
2045-07-17 00:00:00+00:00,31.21593,36.240047,26.47058
2045-07-18 00:00:00+00:00,31.684956,36.64963,26.498802
2045-07-19 00:00:00+00:00,31.353977,36.90921,25.57703
2045-07-20 00:00:00+00:00,33.373,38.81879,28.055256
2045-07-21 00:00:00+00:00,32.842026,38.528366,26.88348
2045-07-22 00:00:00+00:00,32.01105,37.53795,25.961708
2045-07-23 00:00:00+00:00,28.430075,34.297527,25.489933
2045-07-24 00:00:00+00:00,27.499096,31.507107,23.868156
2045-07-25 00:00:00+00:00,27.21812,32.266685,23.496382
2045-07-26 00:00:00+00:00,28.387146,33.726265,25.274607
2045-07-27 00:00:00+00:00,29.35617,34.28585,25.202833
2045-07-28 00:00:00+00:00,30.525192,34.49543,26.531061
2045-07-29 00:00:00+00:00,30.894218,36.055008,27.059282
2045-07-30 00:00:00+00:00,29.263237,34.714584,25.63751
2045-07-31 00:00:00+00:00,27.382263,33.274166,23.265736
2045-08-01 00:00:00+00:00,26.801287,32.283745,23.29396
2045-08-02 00:00:00+00:00,27.32031,32.243324,24.472187
2045-08-03 00:00:00+00:00,27.839334,33.1529,24.500414
2045-08-04 00:00:00+00:00,29.508362,34.06249,24.72864
2045-08-05 00:00:00+00:00,31.37738,35.822067,26.656862
2045-08-06 00:00:00+00:00,31.196405,36.031643,27.235088
2045-08-07 00:00:00+00:00,29.715431,35.59123,26.713314
2045-08-08 00:00:00+00:00,28.934452,33.350807,25.641539
2045-08-09 00:00:00+00:00,28.35348,33.260384,25.269764
2045-08-10 00:00:00+00:00,28.472502,34.06996,24.997992
2045-08-11 00:00:00+00:00,28.141525,32.27954,25.576218
2045-08-12 00:00:00+00:00,26.910553,30.73912,23.854443
2045-08-13 00:00:00+00:00,27.579575,31.898705,23.182669
2045-08-14 00:00:00+00:00,27.298597,31.458282,24.360893
2045-08-15 00:00:00+00:00,27.767624,32.76786,24.28912
2045-08-16 00:00:00+00:00,28.186644,33.22744,25.067345
2045-08-17 00:00:00+00:00,28.105667,32.28702,24.895567
2045-08-18 00:00:00+00:00,27.87469,32.4466,24.673794
2045-08-19 00:00:00+00:00,27.943716,32.256184,24.702019
2045-08-20 00:00:00+00:00,27.412739,29.86576,24.830244
2045-08-21 00:00:00+00:00,28.681763,32.77534,24.658472
2045-08-22 00:00:00+00:00,29.300787,34.38492,26.036697
2045-08-23 00:00:00+00:00,29.31981,33.3445,25.314922
2045-08-24 00:00:00+00:00,29.888836,33.50408,26.643148
2045-08-25 00:00:00+00:00,29.40786,32.81366,26.871372
2045-08-26 00:00:00+00:00,30.026882,34.073242,25.799597
2045-08-27 00:00:00+00:00,28.945908,33.332817,25.477827
2045-08-28 00:00:00+00:00,27.36493,31.992397,24.85605
2045-08-29 00:00:00+00:00,27.883953,32.601982,24.584274
2045-08-30 00:00:00+00:00,27.452978,31.11156,24.7625
2045-08-31 00:00:00+00:00,27.222002,31.02114,24.240726
2045-09-01 00:00:00+00:00,28.191027,32.580723,25.06895
2045-09-02 00:00:00+00:00,27.145895,29.986874,24.915688
2045-09-03 00:00:00+00:00,28.496048,33.641888,24.251923
2045-09-04 00:00:00+00:00,29.196203,34.546898,25.088161
2045-09-05 00:00:00+00:00,29.696356,34.501915,26.3244
2045-09-06 00:00:00+00:00,29.796507,34.306927,25.860636
2045-09-07 00:00:00+00:00,29.39666,34.31194,26.246872
2045-09-08 00:00:00+00:00,28.546814,32.916958,25.533108
2045-09-09 00:00:00+00:00,29.196966,34.221966,24.769348
2045-09-10 00:00:00+00:00,29.447117,34.52698,25.655582
2045-09-11 00:00:00+00:00,29.047274,34.031994,25.79182
2045-09-12 00:00:00+00:00,27.647423,30.987007,25.12806
2045-09-13 00:00:00+00:00,27.697578,32.34202,24.514296
2045-09-14 00:00:00+00:00,27.39773,32.147038,24.300533
2045-09-15 00:00:00+00:00,28.297886,33.65205,24.186771
2045-09-16 00:00:00+00:00,28.748035,33.60706,24.72301
2045-09-17 00:00:00+00:00,28.448189,32.112076,25.509245
2045-09-18 00:00:00+00:00,28.248343,32.56709,24.94548
2045-09-19 00:00:00+00:00,29.148495,33.872097,24.53172
2045-09-20 00:00:00+00:00,30.248646,35.177116,25.517956
2045-09-21 00:00:00+00:00,30.6488,35.08213,26.254192
2045-09-22 00:00:00+00:00,30.748953,34.98714,26.64043
2045-09-23 00:00:00+00:00,29.949108,34.392155,26.726667
2045-09-24 00:00:00+00:00,29.29926,32.897167,25.612904
2045-09-25 00:00:00+00:00,29.049412,33.80218,25.59914
2045-09-26 00:00:00+00:00,29.649565,34.907196,25.185379
2045-09-27 00:00:00+00:00,30.699717,35.16221,26.471617
2045-09-28 00:00:00+00:00,29.699871,33.967224,26.607853
2045-09-29 00:00:00+00:00,29.200022,33.272236,25.84409
2045-09-30 00:00:00+00:00,29.850176,34.527252,24.83033
2045-10-01 00:00:00+00:00,29.55033,34.98226,25.316566
2045-10-02 00:00:00+00:00,30.050484,35.587276,24.402803
2045-10-03 00:00:00+00:00,30.350636,35.39229,25.03904
2045-10-04 00:00:00+00:00,30.550787,35.8973,25.325277
2045-10-05 00:00:00+00:00,31.050941,36.852318,25.761515
2045-10-06 00:00:00+00:00,31.251093,37.70733,26.29775
2045-10-07 00:00:00+00:00,30.451246,35.562344,26.633987
2045-10-08 00:00:00+00:00,30.151398,35.467354,25.170227
2045-10-09 00:00:00+00:00,30.751553,36.872368,25.056463
2045-10-10 00:00:00+00:00,30.601706,37.22738,24.6427
2045-10-11 00:00:00+00:00,30.551857,36.4324,24.578938
2045-10-12 00:00:00+00:00,30.752008,37.08741,25.065176
2045-10-13 00:00:00+00:00,30.902163,37.24242,24.801414
2045-10-14 00:00:00+00:00,30.152317,36.09744,24.93765
2045-10-15 00:00:00+00:00,30.55247,36.65245,25.473886
2045-10-16 00:00:00+00:00,31.252623,38.957462,24.260126
2045-10-17 00:00:00+00:00,31.252775,38.71248,24.596363
2045-10-18 00:00:00+00:00,30.302929,36.217487,24.8826
2045-10-19 00:00:00+00:00,30.803082,38.0225,23.868835
2045-10-20 00:00:00+00:00,30.153233,36.777515,24.105074
2045-10-21 00:00:00+00:00,29.953388,36.532528,23.741312
2045-10-22 00:00:00+00:00,30.50354,37.587543,23.627548
2045-10-23 00:00:00+00:00,31.353693,40.14256,24.363785
2045-10-24 00:00:00+00:00,30.603846,39.64757,22.40002
2045-10-25 00:00:00+00:00,30.903996,38.952583,23.786259
2045-10-26 00:00:00+00:00,30.10415,37.8576,22.372498
2045-10-27 00:00:00+00:00,30.454304,37.712612,23.258734
2045-10-28 00:00:00+00:00,30.354456,37.16762,23.244968
2045-10-29 00:00:00+00:00,30.154608,35.672638,25.431208
2045-10-30 00:00:00+00:00,31.554764,39.62765,23.717447
2045-10-31 00:00:00+00:00,32.60492,39.682667,25.703684
2045-11-01 00:00:00+00:00,31.605068,38.287674,24.78992
2045-11-02 00:00:00+00:00,31.67876,39.280357,24.699417
2045-11-03 00:00:00+00:00,31.398676,40.521275,23.755095
2045-11-04 00:00:00+00:00,31.668592,39.912197,24.01077
2045-11-05 00:00:00+00:00,31.738506,38.203117,25.51645
2045-11-06 00:00:00+00:00,30.75842,38.144035,24.522127
2045-11-07 00:00:00+00:00,30.228336,38.884953,23.027803
2045-11-08 00:00:00+00:00,30.748251,38.625874,23.733482
2045-11-09 00:00:00+00:00,30.818167,38.66679,23.789158
2045-11-10 00:00:00+00:00,30.88808,39.20771,22.494835
2045-11-11 00:00:00+00:00,31.757996,40.098633,23.800512
2045-11-12 00:00:00+00:00,31.577908,40.03955,23.756191
2045-11-13 00:00:00+00:00,31.447823,39.530468,24.811869
2045-11-14 00:00:00+00:00,30.967737,38.371387,24.417545
2045-11-15 00:00:00+00:00,30.687653,38.262306,23.923223
2045-11-16 00:00:00+00:00,30.757566,38.503227,24.028902
2045-11-17 00:00:00+00:00,30.477482,38.144142,23.684574
2045-11-18 00:00:00+00:00,29.947397,37.53506,23.290255
2045-11-19 00:00:00+00:00,29.767313,38.27598,22.245932
2045-11-20 00:00:00+00:00,30.787226,38.8669,23.351612
2045-11-21 00:00:00+00:00,31.457142,39.157818,24.707287
2045-11-22 00:00:00+00:00,31.327057,38.19874,25.162964
2045-11-23 00:00:00+00:00,29.296968,34.639656,23.968641
2045-11-24 00:00:00+00:00,28.516884,35.480576,21.774319
2045-11-25 00:00:00+00:00,28.386799,36.921494,20.679996
2045-11-26 00:00:00+00:00,28.856714,37.712414,21.735674
2045-11-27 00:00:00+00:00,29.476627,38.75333,21.24135
2045-11-28 00:00:00+00:00,30.746544,38.99425,23.64703
2045-11-29 00:00:00+00:00,30.616457,38.385174,23.802706
2045-11-30 00:00:00+00:00,29.436375,37.27609,22.608383
2045-12-01 00:00:00+00:00,28.856285,37.16701,21.16406
2045-12-02 00:00:00+00:00,29.8262,38.307926,22.119736
2045-12-03 00:00:00+00:00,30.896114,38.99885,23.325415
2045-12-04 00:00:00+00:00,30.916029,38.839767,23.631092
2045-12-05 00:00:00+00:00,29.835943,37.78068,22.436771
2045-12-06 00:00:00+00:00,29.60586,37.921604,22.092445
2045-12-07 00:00:00+00:00,29.275774,37.76252,21.898125
2045-12-08 00:00:00+00:00,28.645687,37.003445,21.103804
2045-12-09 00:00:00+00:00,27.815601,36.24436,19.809477
2045-12-10 00:00:00+00:00,27.88552,36.035282,20.565157
2045-12-11 00:00:00+00:00,27.555433,36.3762,20.120834
2045-12-12 00:00:00+00:00,27.575348,36.167118,20.176512
2045-12-13 00:00:00+00:00,27.74526,35.608036,20.782188
2045-12-14 00:00:00+00:00,28.265177,35.448956,21.587866
2045-12-15 00:00:00+00:00,27.785091,34.689873,20.793543
2045-12-16 00:00:00+00:00,27.055004,35.280796,19.19922
2045-12-17 00:00:00+00:00,27.474918,35.42171,21.104898
2045-12-18 00:00:00+00:00,26.244835,35.06263,19.010576
2045-12-19 00:00:00+00:00,26.464748,35.75355,18.166252
2045-12-20 00:00:00+00:00,27.434664,36.144466,19.47193
2045-12-21 00:00:00+00:00,29.004578,35.985386,23.427607
2045-12-22 00:00:00+00:00,28.824495,35.926308,22.033285
2045-12-23 00:00:00+00:00,28.49441,35.91723,21.938963
2045-12-24 00:00:00+00:00,28.064322,35.558144,22.294638
2045-12-25 00:00:00+00:00,28.084238,35.59906,21.450317
2045-12-26 00:00:00+00:00,28.654154,35.289986,22.505995
2045-12-27 00:00:00+00:00,29.224066,36.380905,23.41167
2045-12-28 00:00:00+00:00,28.09398,35.82182,21.367348
2045-12-29 00:00:00+00:00,28.013893,35.912743,20.923025
2045-12-30 00:00:00+00:00,28.58381,36.60366,21.478706
2045-12-31 00:00:00+00:00,28.503727,36.04458,21.98438
2046-01-01 00:00:00+00:00,27.67364,35.185497,20.990059
2046-01-02 00:00:00+00:00,27.146719,34.172733,20.697422
2046-01-03 00:00:00+00:00,26.119799,30.909977,21.954784
2046-01-04 00:00:00+00:00,26.342875,33.297215,20.662146
2046-01-05 00:00:00+00:00,25.865955,31.184452,20.31951
2046-01-06 00:00:00+00:00,27.739033,34.421688,21.826872
2046-01-07 00:00:00+00:00,27.812113,34.858932,21.634235
2046-01-08 00:00:00+00:00,27.735191,35.59617,20.441599
2046-01-09 00:00:00+00:00,27.208267,34.28341,20.64896
2046-01-10 00:00:00+00:00,26.431347,33.820644,19.406322
2046-01-11 00:00:00+00:00,26.354427,34.157883,19.213686
2046-01-12 00:00:00+00:00,26.327507,34.59512,18.971046
2046-01-13 00:00:00+00:00,26.500584,34.98236,18.878412
2046-01-14 00:00:00+00:00,26.973663,35.7196,18.935774
2046-01-15 00:00:00+00:00,27.346743,36.10684,18.993137
2046-01-16 00:00:00+00:00,27.96982,36.54408,20.3505
2046-01-17 00:00:00+00:00,28.142897,36.531315,20.807861
2046-01-18 00:00:00+00:00,28.01598,36.118557,20.665224
2046-01-19 00:00:00+00:00,27.939054,36.155796,20.272585
2046-01-20 00:00:00+00:00,27.412136,35.843037,19.879948
2046-01-21 00:00:00+00:00,27.335215,35.980267,19.637314
2046-01-22 00:00:00+00:00,27.558292,36.367508,19.444675
2046-01-23 00:00:00+00:00,27.681374,36.85475,19.252037
2046-01-24 00:00:00+00:00,28.00445,36.94199,19.6094
2046-01-25 00:00:00+00:00,27.777529,34.52923,21.766764
2046-01-26 00:00:00+00:00,28.55061,37.816463,20.024128
2046-01-27 00:00:00+00:00,30.823687,39.553703,22.681488
2046-01-28 00:00:00+00:00,30.396763,38.39094,23.18885
2046-01-29 00:00:00+00:00,29.619843,36.978184,22.546213
2046-01-30 00:00:00+00:00,27.342922,34.51542,20.253578
2046-01-31 00:00:00+00:00,27.216003,35.20266,19.910938
2046-02-01 00:00:00+00:00,27.789082,35.9399,19.818302
2046-02-02 00:00:00+00:00,28.112158,35.92714,20.175663
2046-02-03 00:00:00+00:00,28.535238,36.814373,20.733027
2046-02-04 00:00:00+00:00,28.558317,37.201614,19.590391
2046-02-05 00:00:00+00:00,25.231396,29.63885,20.447752
2046-02-06 00:00:00+00:00,26.254475,33.976093,18.805117
2046-02-07 00:00:00+00:00,27.127554,33.01333,21.662477
2046-02-08 00:00:00+00:00,27.20063,32.050564,22.16984
2046-02-09 00:00:00+00:00,26.723711,33.48781,19.777203
2046-02-10 00:00:00+00:00,29.446787,37.875046,21.384565
2046-02-11 00:00:00+00:00,31.46987,40.012283,23.841928
2046-02-12 00:00:00+00:00,32.59295,40.34952,25.449291
2046-02-13 00:00:00+00:00,32.366028,39.936764,25.256655
2046-02-14 00:00:00+00:00,32.989105,41.274002,24.814014
2046-02-15 00:00:00+00:00,34.212185,42.41124,26.471378
2046-02-16 00:00:00+00:00,32.63526,41.348476,23.778742
2046-02-17 00:00:00+00:00,32.058342,40.785717,23.736103
2046-02-18 00:00:00+00:00,33.231422,41.922955,24.59347
2046-02-19 00:00:00+00:00,33.4045,41.610195,24.80083
2046-02-20 00:00:00+00:00,33.277573,40.747433,25.508194
2046-02-21 00:00:00+00:00,32.900658,41.08467,25.115555
2046-02-22 00:00:00+00:00,31.973732,39.32191,24.722916
2046-02-23 00:00:00+00:00,32.19681,39.75915,24.980282
2046-02-24 00:00:00+00:00,32.66989,39.59639,26.287643
2046-02-25 00:00:00+00:00,33.392967,40.683628,26.295006
2046-02-26 00:00:00+00:00,33.46605,41.67086,25.502369
2046-02-27 00:00:00+00:00,33.789127,41.658104,26.559729
2046-02-28 00:00:00+00:00,33.16221,39.94534,26.867094
2046-03-01 00:00:00+00:00,32.885284,41.282574,24.624454
2046-03-02 00:00:00+00:00,34.50836,42.619823,27.08182
2046-03-03 00:00:00+00:00,33.7865,42.059177,25.946766
2046-03-04 00:00:00+00:00,32.749996,40.863346,24.36477
2046-03-05 00:00:00+00:00,31.7135,39.517517,23.332779
2046-03-06 00:00:00+00:00,32.927002,41.621693,24.350788
2046-03-07 00:00:00+00:00,35.0405,44.825867,26.168797
2046-03-08 00:00:00+00:00,34.354008,43.480038,24.686806
2046-03-09 00:00:00+00:00,35.367508,43.734215,27.204815
2046-03-10 00:00:00+00:00,35.681007,44.08838,27.422825
2046-03-11 00:00:00+00:00,35.84451,44.042553,27.640835
2046-03-12 00:00:00+00:00,35.00801,42.546722,27.508842
2046-03-13 00:00:00+00:00,34.771515,42.5009,27.02685
2046-03-14 00:00:00+00:00,32.935017,40.70507,25.29486
2046-03-15 00:00:00+00:00,30.098516,38.05924,22.262869
2046-03-16 00:00:00+00:00,28.71202,36.963417,20.33088
2046-03-17 00:00:00+00:00,30.375523,38.96759,21.948885
2046-03-18 00:00:00+00:00,33.189022,41.571762,25.116892
2046-03-19 00:00:00+00:00,34.102524,42.925934,25.284904
2046-03-20 00:00:00+00:00,35.166027,45.030106,25.45291
2046-03-21 00:00:00+00:00,37.729527,46.88428,29.320923
2046-03-22 00:00:00+00:00,38.043037,46.28845,30.238926
2046-03-23 00:00:00+00:00,36.306534,44.742622,28.156939
2046-03-24 00:00:00+00:00,34.970036,43.046795,25.474947
2046-03-25 00:00:00+00:00,35.383537,44.90097,25.592958
2046-03-26 00:00:00+00:00,36.99704,44.655144,29.560965
2046-03-27 00:00:00+00:00,35.76054,43.05931,28.178976
2046-03-28 00:00:00+00:00,35.024044,43.21349,25.896986
2046-03-29 00:00:00+00:00,35.837543,44.467655,26.714993
2046-03-30 00:00:00+00:00,36.80105,44.57183,28.883
2046-03-31 00:00:00+00:00,35.86455,43.926003,27.801008
2046-04-01 00:00:00+00:00,34.928055,43.280174,26.169016
2046-04-02 00:00:00+00:00,34.591553,42.53435,26.287027
2046-04-03 00:00:00+00:00,34.105053,42.438522,25.605034
2046-04-04 00:00:00+00:00,33.368557,41.092693,25.123043
2046-04-05 00:00:00+00:00,33.582058,41.546864,25.291052
2046-04-06 00:00:00+00:00,34.245564,42.201035,25.809063
2046-04-07 00:00:00+00:00,32.70906,40.40521,24.527071
2046-04-08 00:00:00+00:00,32.672565,39.65938,25.44508
2046-04-09 00:00:00+00:00,32.03607,39.063557,24.613089
2046-04-10 00:00:00+00:00,31.799568,37.66773,25.781097
2046-04-11 00:00:00+00:00,33.563072,40.8719,25.799105
2046-04-12 00:00:00+00:00,35.676575,43.276073,27.617113
2046-04-13 00:00:00+00:00,36.140076,43.530247,28.285122
2046-04-14 00:00:00+00:00,36.053577,43.38442,27.453135
2046-04-15 00:00:00+00:00,36.067078,43.73859,27.171139
2046-04-16 00:00:00+00:00,36.480576,44.292767,28.289148
2046-04-17 00:00:00+00:00,37.09408,45.496937,28.207155
2046-04-18 00:00:00+00:00,38.257584,46.201103,30.025167
2046-04-19 00:00:00+00:00,38.871086,46.355278,30.943174
2046-04-20 00:00:00+00:00,38.984585,46.20945,31.211184
2046-04-21 00:00:00+00:00,38.798088,46.013626,31.179193
2046-04-22 00:00:00+00:00,38.261593,45.317795,30.647202
2046-04-23 00:00:00+00:00,37.17509,44.42197,29.415213
2046-04-24 00:00:00+00:00,37.488598,45.176144,28.93322
2046-04-25 00:00:00+00:00,37.702095,45.280315,29.851225
2046-04-26 00:00:00+00:00,36.5656,44.084488,28.569235
2046-04-27 00:00:00+00:00,34.029106,41.338657,26.637243
2046-04-28 00:00:00+00:00,32.092606,38.992832,25.355253
2046-04-29 00:00:00+00:00,33.356102,40.797,25.22326
2046-04-30 00:00:00+00:00,34.869606,41.701176,27.44127
2046-05-01 00:00:00+00:00,35.88311,43.20535,27.409279
2046-05-02 00:00:00+00:00,37.046608,43.60952,29.927288
2046-05-03 00:00:00+00:00,37.512817,44.513416,29.454418
2046-05-04 00:00:00+00:00,38.587147,46.066498,30.258907
2046-05-05 00:00:00+00:00,39.311478,46.41957,31.663397
2046-05-06 00:00:00+00:00,36.685806,43.722645,29.217886
2046-05-07 00:00:00+00:00,35.260136,41.57573,28.822372
2046-05-08 00:00:00+00:00,35.73446,41.828804,29.87686
2046-05-09 00:00:00+00:00,35.858788,42.481884,29.181349
2046-05-10 00:00:00+00:00,37.333115,44.884956,29.635836
2046-05-11 00:00:00+00:00,37.157444,44.788033,28.490326
2046-05-12 00:00:00+00:00,35.08177,43.34111,26.094816
2046-05-13 00:00:00+00:00,34.256096,42.54419,25.349302
2046-05-14 00:00:00+00:00,33.93043,42.097263,24.903791
2046-05-15 00:00:00+00:00,33.904755,42.350346,24.808279
2046-05-16 00:00:00+00:00,34.029087,43.253414,24.362766
2046-05-17 00:00:00+00:00,33.203415,41.30649,24.117256
2046-05-18 00:00:00+00:00,32.77774,40.559566,24.371744
2046-05-19 00:00:00+00:00,33.10207,40.662647,25.026234
2046-05-20 00:00:00+00:00,33.026398,41.065723,24.88072
2046-05-21 00:00:00+00:00,34.50072,43.218803,25.78521
2046-05-22 00:00:00+00:00,35.925053,44.12188,27.589703
2046-05-23 00:00:00+00:00,36.19938,43.57495,27.994186
2046-05-24 00:00:00+00:00,35.67371,43.878033,27.198677
2046-05-25 00:00:00+00:00,34.948036,42.68111,26.303165
2046-05-26 00:00:00+00:00,34.472366,42.584183,26.007654
2046-05-27 00:00:00+00:00,34.79669,42.33726,26.66214
2046-05-28 00:00:00+00:00,35.62102,42.290337,28.366629
2046-05-29 00:00:00+00:00,34.945343,42.093414,26.971119
2046-05-30 00:00:00+00:00,35.969677,43.74649,27.625607
2046-05-31 00:00:00+00:00,35.544006,43.899567,26.730093
2046-06-01 00:00:00+00:00,33.76833,41.602642,25.184586
2046-06-02 00:00:00+00:00,33.792664,41.35572,25.589071
2046-06-03 00:00:00+00:00,34.316986,42.008797,26.19356
2046-06-04 00:00:00+00:00,34.741318,41.661873,26.648048
2046-06-05 00:00:00+00:00,35.765648,42.16495,28.60254
2046-06-06 00:00:00+00:00,35.789974,43.368027,27.657022
2046-06-07 00:00:00+00:00,34.214302,41.471104,26.311516
2046-06-08 00:00:00+00:00,33.88863,40.824177,26.316004
2046-06-09 00:00:00+00:00,35.062958,40.727257,28.520489
2046-06-10 00:00:00+00:00,34.98728,41.630333,28.274979
2046-06-11 00:00:00+00:00,34.061615,41.53341,26.52947
2046-06-12 00:00:00+00:00,33.785942,41.136486,26.233957
2046-06-13 00:00:00+00:00,33.61027,39.939568,26.638445
2046-06-14 00:00:00+00:00,33.634598,39.642643,27.692934
2046-06-15 00:00:00+00:00,34.708927,41.395718,27.947424
2046-06-16 00:00:00+00:00,35.183254,42.098793,28.15191
2046-06-17 00:00:00+00:00,34.25758,41.001873,26.756397
2046-06-18 00:00:00+00:00,35.13191,41.40495,28.310886
2046-06-19 00:00:00+00:00,34.60624,41.058025,28.165377
2046-06-20 00:00:00+00:00,34.03057,40.9111,27.019865
2046-06-21 00:00:00+00:00,33.854893,39.914177,27.324354
2046-06-22 00:00:00+00:00,33.429222,38.417255,28.12884
2046-06-23 00:00:00+00:00,34.90355,41.270332,28.83333
2046-06-24 00:00:00+00:00,34.627876,41.37341,27.63782
2046-06-25 00:00:00+00:00,33.75221,40.226486,26.942308
2046-06-26 00:00:00+00:00,33.82653,40.67956,26.846794
2046-06-27 00:00:00+00:00,33.550865,40.582638,26.701283
2046-06-28 00:00:00+00:00,32.17519,39.285717,25.155773
2046-06-29 00:00:00+00:00,32.24952,38.438793,25.71026
2046-06-30 00:00:00+00:00,33.173847,39.141865,26.91475
2046-07-01 00:00:00+00:00,33.848175,40.194946,27.61924
2046-07-02 00:00:00+00:00,33.122505,39.948017,26.823725
2046-07-03 00:00:00+00:00,31.994843,37.703537,25.718365
2046-07-04 00:00:00+00:00,33.663868,39.813118,27.146591
2046-07-05 00:00:00+00:00,34.38289,41.0227,28.274817
2046-07-06 00:00:00+00:00,32.801914,39.58228,26.403044
2046-07-07 00:00:00+00:00,32.370937,38.641853,25.881268
2046-07-08 00:00:00+00:00,31.239962,34.301437,26.809492
2046-07-09 00:00:00+00:00,30.658983,35.611015,26.337719
2046-07-10 00:00:00+00:00,33.32801,39.170597,27.515944
2046-07-11 00:00:00+00:00,31.547031,38.030174,27.49417
2046-07-12 00:00:00+00:00,29.466057,33.589756,26.522396
2046-07-13 00:00:00+00:00,29.835083,36.04933,26.45062
2046-07-14 00:00:00+00:00,31.154102,36.758915,25.428846
2046-07-15 00:00:00+00:00,32.423126,38.018494,26.657072
2046-07-16 00:00:00+00:00,32.64215,38.87808,26.135298
2046-07-17 00:00:00+00:00,33.011177,39.187656,26.513523
2046-07-18 00:00:00+00:00,34.530197,40.297234,28.441748
2046-07-19 00:00:00+00:00,34.399223,39.706814,28.919973
2046-07-20 00:00:00+00:00,33.718246,39.966393,27.998198
2046-07-21 00:00:00+00:00,32.637268,38.925976,26.376425
2046-07-22 00:00:00+00:00,32.906292,38.63555,27.90465
2046-07-23 00:00:00+00:00,32.175316,38.945137,26.582874
2046-07-24 00:00:00+00:00,31.09434,35.65471,26.7611
2046-07-25 00:00:00+00:00,32.463364,37.914288,28.139328
2046-07-26 00:00:00+00:00,33.43239,38.87387,28.767551
2046-07-27 00:00:00+00:00,33.201412,38.883453,28.145777
2046-07-28 00:00:00+00:00,32.420437,37.99303,26.724
2046-07-29 00:00:00+00:00,30.889462,35.252613,26.802229
2046-07-30 00:00:00+00:00,32.308483,37.51219,27.580456
2046-07-31 00:00:00+00:00,31.12751,36.82177,24.80868
2046-08-01 00:00:00+00:00,27.846533,31.481352,24.686905
2046-08-02 00:00:00+00:00,28.465555,33.64093,25.465132
2046-08-03 00:00:00+00:00,28.83458,34.30051,25.393354
2046-08-04 00:00:00+00:00,29.953602,34.36009,25.82158
2046-08-05 00:00:00+00:00,31.022627,35.76967,26.049809
2046-08-06 00:00:00+00:00,29.791653,32.17925,27.428032
2046-08-07 00:00:00+00:00,30.960676,35.93883,26.506256
2046-08-08 00:00:00+00:00,31.779701,37.39841,26.684484
2046-08-09 00:00:00+00:00,31.698723,36.207993,28.21271
2046-08-10 00:00:00+00:00,32.267742,37.667564,28.240936
2046-08-11 00:00:00+00:00,28.736769,31.47715,25.719158
2046-08-12 00:00:00+00:00,28.705795,32.98673,24.697384
2046-08-13 00:00:00+00:00,30.024815,36.046307,25.02561
2046-08-14 00:00:00+00:00,27.243841,30.505886,24.853836
2046-08-15 00:00:00+00:00,28.662863,33.01547,24.482061
2046-08-16 00:00:00+00:00,30.63189,35.575043,26.360287
2046-08-17 00:00:00+00:00,32.450916,37.234627,27.788511
2046-08-18 00:00:00+00:00,31.319935,35.44421,27.61674
2046-08-19 00:00:00+00:00,30.688961,34.65378,27.894964
2046-08-20 00:00:00+00:00,28.507982,31.763367,25.77319
2046-08-21 00:00:00+00:00,28.127007,32.422947,25.001415
2046-08-22 00:00:00+00:00,27.996029,33.23253,24.879639
2046-08-23 00:00:00+00:00,26.315056,29.192106,24.407866
2046-08-24 00:00:00+00:00,27.534082,32.051685,23.436092
2046-08-25 00:00:00+00:00,27.753101,30.661263,25.164318
2046-08-26 00:00:00+00:00,30.422129,34.770847,26.192543
2046-08-27 00:00:00+00:00,32.34115,36.230423,28.120768
2046-08-28 00:00:00+00:00,32.460175,36.140003,28.098993
2046-08-29 00:00:00+00:00,31.7792,34.99958,28.17722
2046-08-30 00:00:00+00:00,30.498222,32.359165,28.655445
2046-08-31 00:00:00+00:00,30.017246,33.51874,27.083672
2046-09-01 00:00:00+00:00,30.486267,34.97832,26.961893
2046-09-02 00:00:00+00:00,30.445858,34.38562,26.619125
2046-09-03 00:00:00+00:00,29.696012,34.140636,26.755365
2046-09-04 00:00:00+00:00,27.996162,32.745644,25.391602
2046-09-05 00:00:00+00:00,27.696318,32.200657,24.527838
2046-09-06 00:00:00+00:00,28.196468,32.755672,24.714077
2046-09-07 00:00:00+00:00,28.296621,32.460686,25.000313
2046-09-08 00:00:00+00:00,28.946775,33.0157,25.48655
2046-09-09 00:00:00+00:00,28.84693,33.670715,25.522789
2046-09-10 00:00:00+00:00,28.797083,33.47573,25.409025
2046-09-11 00:00:00+00:00,28.297235,33.18074,24.99526
2046-09-12 00:00:00+00:00,28.047386,31.385756,25.1815
2046-09-13 00:00:00+00:00,29.547539,34.590767,25.067736
2046-09-14 00:00:00+00:00,30.14769,34.945778,25.703974
2046-09-15 00:00:00+00:00,31.047848,35.250793,26.79021
2046-09-16 00:00:00+00:00,30.947998,34.55581,27.076448
2046-09-17 00:00:00+00:00,30.898151,34.960823,27.112684
2046-09-18 00:00:00+00:00,30.948303,35.865833,26.898924
2046-09-19 00:00:00+00:00,29.798456,34.02085,25.98516
2046-09-20 00:00:00+00:00,29.848608,34.675865,25.571398
2046-09-21 00:00:00+00:00,30.048761,34.630875,26.307632
2046-09-22 00:00:00+00:00,30.298916,34.885887,25.84387
2046-09-23 00:00:00+00:00,31.049068,35.940903,26.28011
2046-09-24 00:00:00+00:00,31.64922,36.695915,26.766344
2046-09-25 00:00:00+00:00,31.749374,36.550926,26.802586
2046-09-26 00:00:00+00:00,31.749527,36.90594,26.688822
2046-09-27 00:00:00+00:00,31.799683,36.81096,26.925058
2046-09-28 00:00:00+00:00,32.14983,37.015972,27.311295
2046-09-29 00:00:00+00:00,31.949982,35.820984,28.397532
2046-09-30 00:00:00+00:00,30.950138,34.675995,28.033768
2046-10-01 00:00:00+00:00,30.800293,34.931007,27.220009
2046-10-02 00:00:00+00:00,30.250444,35.136024,26.256245
2046-10-03 00:00:00+00:00,30.150595,35.041035,26.29248
2046-10-04 00:00:00+00:00,29.90075,34.246048,25.87872
2046-10-05 00:00:00+00:00,30.250902,35.551064,25.664957
2046-10-06 00:00:00+00:00,31.551056,38.156075,25.401196
2046-10-07 00:00:00+00:00,31.25121,35.31109,27.43743
2046-10-08 00:00:00+00:00,28.001364,29.716105,26.173666
2046-10-09 00:00:00+00:00,30.151516,35.02112,25.309904
2046-10-10 00:00:00+00:00,31.751667,38.276127,25.29614
2046-10-11 00:00:00+00:00,32.55182,39.281147,26.88238
2046-10-12 00:00:00+00:00,32.90197,39.736153,27.968616
2046-10-13 00:00:00+00:00,33.302128,39.541172,28.154852
2046-10-14 00:00:00+00:00,33.60228,39.146183,28.49109
2046-10-15 00:00:00+00:00,33.20243,38.351196,28.377327
2046-10-16 00:00:00+00:00,33.102585,37.656208,28.463564
2046-10-17 00:00:00+00:00,33.102737,38.961224,28.149801
2046-10-18 00:00:00+00:00,33.15289,39.266235,27.23604
2046-10-19 00:00:00+00:00,33.20304,39.87125,27.172277
2046-10-20 00:00:00+00:00,32.603195,39.47626,26.258516
2046-10-21 00:00:00+00:00,32.203346,40.081276,24.444752
2046-10-22 00:00:00+00:00,32.2535,39.086292,25.280987
2046-10-23 00:00:00+00:00,32.103653,38.2913,25.117226
2046-10-24 00:00:00+00:00,32.003807,38.596317,24.553463
2046-10-25 00:00:00+00:00,32.20396,39.10133,25.3397
2046-10-26 00:00:00+00:00,32.104115,39.306343,24.77594
2046-10-27 00:00:00+00:00,32.104263,38.811356,25.062172
2046-10-28 00:00:00+00:00,31.804419,39.66637,24.348412
2046-10-29 00:00:00+00:00,31.45457,38.871387,24.83465
2046-10-30 00:00:00+00:00,32.254726,39.726395,24.520887
2046-10-31 00:00:00+00:00,33.30488,40.58141,26.457123
2046-11-01 00:00:00+00:00,33.70503,38.936424,29.24336
2046-11-02 00:00:00+00:00,33.536285,40.532627,26.260498
2046-11-03 00:00:00+00:00,32.0562,37.073544,26.666176
2046-11-04 00:00:00+00:00,32.476112,36.86447,27.871851
2046-11-05 00:00:00+00:00,31.69603,36.005383,27.77753
2046-11-06 00:00:00+00:00,31.215942,34.996304,27.183207
2046-11-07 00:00:00+00:00,33.585857,39.73722,28.388885
2046-11-08 00:00:00+00:00,32.855774,39.628143,26.84456
2046-11-09 00:00:00+00:00,31.775688,39.669064,23.85024
2046-11-10 00:00:00+00:00,32.2456,40.25998,24.005915
2046-11-11 00:00:00+00:00,31.865515,39.5009,25.161594
2046-11-12 00:00:00+00:00,31.335428,39.64182,23.317272
2046-11-13 00:00:00+00:00,31.855343,39.132736,24.32295
2046-11-14 00:00:00+00:00,31.82526,39.323658,24.478626
2046-11-15 00:00:00+00:00,33.095177,39.314575,27.634304
2046-11-16 00:00:00+00:00,29.915089,34.655495,25.039982
2046-11-17 00:00:00+00:00,28.285004,35.39641,21.395658
2046-11-18 00:00:00+00:00,29.154919,36.337334,22.501335
2046-11-19 00:00:00+00:00,29.674833,35.82825,23.757015
2046-11-20 00:00:00+00:00,29.444746,35.01917,24.16269
2046-11-21 00:00:00+00:00,28.36466,34.56009,22.968369
2046-11-22 00:00:00+00:00,27.584576,33.85101,21.574045
2046-11-23 00:00:00+00:00,26.904491,34.341927,20.179722
2046-11-24 00:00:00+00:00,27.224403,35.182846,19.8354
2046-11-25 00:00:00+00:00,28.09432,36.473763,20.091078
2046-11-26 00:00:00+00:00,29.164234,37.264683,20.896755
2046-11-27 00:00:00+00:00,29.93415,37.0556,23.252432
2046-11-28 00:00:00+00:00,30.604063,37.946526,23.008108
2046-11-29 00:00:00+00:00,30.72398,38.687443,22.663786
2046-11-30 00:00:00+00:00,31.543892,38.828358,25.169464
2046-12-01 00:00:00+00:00,31.913807,38.61928,26.375143
2046-12-02 00:00:00+00:00,31.533718,38.6102,25.33082
2046-12-03 00:00:00+00:00,31.203638,38.051117,24.686497
2046-12-04 00:00:00+00:00,30.273552,36.99204,24.292173
2046-12-05 00:00:00+00:00,28.693468,35.582954,22.84785
2046-12-06 00:00:00+00:00,29.263382,36.87387,22.003529
2046-12-07 00:00:00+00:00,29.633297,37.26479,22.509205
2046-12-08 00:00:00+00:00,29.553211,37.755714,21.964884
2046-12-09 00:00:00+00:00,29.923126,38.24663,22.22056
2046-12-10 00:00:00+00:00,30.89304,38.88755,23.176235
2046-12-11 00:00:00+00:00,31.862955,39.62847,24.431915
2046-12-12 00:00:00+00:00,32.68287,40.31939,25.237593
2046-12-13 00:00:00+00:00,33.152786,40.060307,26.94327
2046-12-14 00:00:00+00:00,32.222702,38.651226,26.298946
2046-12-15 00:00:00+00:00,31.392609,38.74215,24.304623
2046-12-16 00:00:00+00:00,31.462524,39.083065,23.960302
2046-12-17 00:00:00+00:00,31.332443,37.823982,25.615978
2046-12-18 00:00:00+00:00,28.402359,34.314903,22.321655
2046-12-19 00:00:00+00:00,25.972271,33.55582,19.077333
2046-12-20 00:00:00+00:00,27.092186,36.046738,19.08301
2046-12-21 00:00:00+00:00,29.312101,37.93766,22.03869
2046-12-22 00:00:00+00:00,29.782017,37.378574,23.344364
2046-12-23 00:00:00+00:00,29.30193,37.069496,22.350042
2046-12-24 00:00:00+00:00,28.971844,36.560413,21.70572
2046-12-25 00:00:00+00:00,29.441757,37.60133,22.0614
2046-12-26 00:00:00+00:00,29.761673,37.492256,23.017076
2046-12-27 00:00:00+00:00,29.331589,37.133175,22.42275
2046-12-28 00:00:00+00:00,29.501503,37.274094,22.82843
2046-12-29 00:00:00+00:00,27.971416,34.56501,21.984108
2046-12-30 00:00:00+00:00,25.14133,31.105928,18.789783
2046-12-31 00:00:00+00:00,23.01125,26.94685,18.59546
2047-01-01 00:00:00+00:00,25.681162,33.487766,18.50114
2047-01-02 00:00:00+00:00,28.553448,35.475925,22.55808
2047-01-03 00:00:00+00:00,29.126528,35.313168,23.565443
2047-01-04 00:00:00+00:00,28.149607,35.150402,21.672806
2047-01-05 00:00:00+00:00,27.372686,34.18764,20.93017
2047-01-06 00:00:00+00:00,24.995764,31.324883,18.68753
2047-01-07 00:00:00+00:00,24.218843,31.562122,17.194891
2047-01-08 00:00:00+00:00,25.591919,33.349358,18.302258
2047-01-09 00:00:00+00:00,26.465,31.686596,21.809618
2047-01-10 00:00:00+00:00,24.038078,28.023838,20.16698
2047-01-11 00:00:00+00:00,24.761158,31.211073,19.524343
2047-01-12 00:00:00+00:00,23.484236,29.048313,18.531708
2047-01-13 00:00:00+00:00,24.007315,32.035553,16.78907
2047-01-14 00:00:00+00:00,25.280394,33.82279,17.446432
2047-01-15 00:00:00+00:00,26.503473,35.11003,18.653797
2047-01-16 00:00:00+00:00,26.77655,33.94727,20.411158
2047-01-17 00:00:00+00:00,26.849628,33.284508,21.118519
2047-01-18 00:00:00+00:00,27.122707,34.621746,20.375885
2047-01-19 00:00:00+00:00,28.345787,36.158985,20.833244
2047-01-20 00:00:00+00:00,29.868866,38.696224,21.590609
2047-01-21 00:00:00+00:00,29.441946,36.683464,22.547972
2047-01-22 00:00:00+00:00,28.565023,34.3707,23.205336
2047-01-23 00:00:00+00:00,28.838102,35.40794,22.012697
2047-01-24 00:00:00+00:00,29.461182,35.69518,23.170057
2047-01-25 00:00:00+00:00,27.384258,33.08242,22.327423
2047-01-26 00:00:00+00:00,27.607338,35.119656,20.184786
2047-01-27 00:00:00+00:00,29.830418,37.65689,22.142147
2047-01-28 00:00:00+00:00,31.603495,39.994133,23.74951
2047-01-29 00:00:00+00:00,31.976574,40.281372,23.806875
2047-01-30 00:00:00+00:00,31.949656,39.718616,24.964235
2047-01-31 00:00:00+00:00,30.82273,38.355846,22.421597
2047-02-01 00:00:00+00:00,29.895811,36.49309,24.12896
2047-02-02 00:00:00+00:00,30.36889,38.280327,22.836325
2047-02-03 00:00:00+00:00,28.891968,35.667564,22.093687
2047-02-04 00:00:00+00:00,28.165047,36.054802,20.55105
2047-02-05 00:00:00+00:00,28.688128,36.592037,20.75841
2047-02-06 00:00:00+00:00,28.861204,36.52928,21.365776
2047-02-07 00:00:00+00:00,27.934282,35.21652,20.573137
2047-02-08 00:00:00+00:00,27.507362,34.90376,20.080498
2047-02-09 00:00:00+00:00,28.38044,36.190998,20.887863
2047-02-10 00:00:00+00:00,29.45352,37.57824,21.595226
2047-02-11 00:00:00+00:00,30.026594,37.915474,22.252588
2047-02-12 00:00:00+00:00,30.249678,38.20271,22.109951
2047-02-13 00:00:00+00:00,29.372755,36.43995,22.667315
2047-02-14 00:00:00+00:00,27.945837,35.277195,20.624676
2047-02-15 00:00:00+00:00,27.168913,34.86443,19.782038
2047-02-16 00:00:00+00:00,28.191992,36.50167,19.9894
2047-02-17 00:00:00+00:00,29.46507,38.03891,20.946762
2047-02-18 00:00:00+00:00,31.23815,40.076145,22.654129
2047-02-19 00:00:00+00:00,32.86123,41.813385,24.461489
2047-02-20 00:00:00+00:00,33.184303,41.75062,25.568851
2047-02-21 00:00:00+00:00,33.55739,41.837864,25.176216
2047-02-22 00:00:00+00:00,33.630463,41.675102,25.783577
2047-02-23 00:00:00+00:00,33.353546,41.462337,25.64094
2047-02-24 00:00:00+00:00,32.576622,40.699577,24.548304
2047-02-25 00:00:00+00:00,31.7997,39.38682,24.255667
2047-02-26 00:00:00+00:00,31.472782,40.324055,22.76303
2047-02-27 00:00:00+00:00,33.095856,42.06129,24.87039
2047-02-28 00:00:00+00:00,32.96894,41.99853,23.827753
2047-03-01 00:00:00+00:00,34.042015,42.08577,26.685116
2047-03-02 00:00:00+00:00,32.615093,40.32301,24.692476
2047-03-03 00:00:00+00:00,31.788176,39.760246,23.599842
2047-03-04 00:00:00+00:00,30.996622,38.962307,22.960268
2047-03-05 00:00:00+00:00,30.460121,38.816475,22.128275
2047-03-06 00:00:00+00:00,31.373625,39.57065,23.546288
2047-03-07 00:00:00+00:00,30.587128,37.47482,24.464294
2047-03-08 00:00:00+00:00,29.20063,36.52899,22.132303
2047-03-09 00:00:00+00:00,28.46413,36.583164,20.350313
2047-03-10 00:00:00+00:00,29.177633,37.33734,20.818321
2047-03-11 00:00:00+00:00,30.041134,38.09151,22.186333
2047-03-12 00:00:00+00:00,30.954636,39.245686,22.70434
2047-03-13 00:00:00+00:00,31.26814,39.39986,23.072351
2047-03-14 00:00:00+00:00,31.68164,40.304028,23.240358
2047-03-15 00:00:00+00:00,32.945145,41.658203,24.258368
2047-03-16 00:00:00+00:00,33.95865,42.512375,25.526379
2047-03-17 00:00:00+00:00,34.672146,43.166546,26.14438
2047-03-18 00:00:00+00:00,35.435646,43.870716,27.062391
2047-03-19 00:00:00+00:00,36.14915,44.374893,27.880398
2047-03-20 00:00:00+00:00,36.21265,44.129066,28.148409
2047-03-21 00:00:00+00:00,34.47615,42.333237,26.366419
2047-03-22 00:00:00+00:00,32.189655,40.43741,23.934425
2047-03-23 00:00:00+00:00,32.35316,40.441578,24.202436
2047-03-24 00:00:00+00:00,34.71666,44.045753,25.420444
2047-03-25 00:00:00+00:00,36.880165,44.999924,29.088457
2047-03-26 00:00:00+00:00,35.293663,42.504097,27.756462
2047-03-27 00:00:00+00:00,33.507168,41.30827,24.824472
2047-03-28 00:00:00+00:00,33.12067,41.512444,24.542479
2047-03-29 00:00:00+00:00,34.784172,43.316612,26.16049
2047-03-30 00:00:00+00:00,36.54767,44.520786,27.978498
2047-03-31 00:00:00+00:00,35.811172,43.574963,27.646503
2047-04-01 00:00:00+00:00,32.274677,39.17914,25.364513
2047-04-02 00:00:00+00:00,31.038176,38.3333,23.382523
2047-04-03 00:00:00+00:00,27.95168,35.637474,19.900532
2047-04-04 00:00:00+00:00,28.865181,37.09165,20.418541
2047-04-05 00:00:00+00:00,30.428684,38.245823,22.336552
2047-04-06 00:00:00+00:00,31.542187,39.499996,23.20456
2047-04-07 00:00:00+00:00,31.305685,39.45417,23.42257
2047-04-08 00:00:00+00:00,30.569191,38.458344,22.840578
2047-04-09 00:00:00+00:00,30.832695,38.66251,23.058588
2047-04-10 00:00:00+00:00,31.296194,38.666683,23.476595
2047-04-11 00:00:00+00:00,30.109692,36.02086,23.344604
2047-04-12 00:00:00+00:00,31.223196,38.62503,23.462614
2047-04-13 00:00:00+00:00,31.8367,39.229206,24.080622
2047-04-14 00:00:00+00:00,31.2002,38.633373,23.14863
2047-04-15 00:00:00+00:00,30.863705,38.73755,23.06664
2047-04-16 00:00:00+00:00,29.0772,36.49172,21.184649
2047-04-17 00:00:00+00:00,31.040707,39.44589,22.702656
2047-04-18 00:00:00+00:00,33.80421,41.600063,25.220665
2047-04-19 00:00:00+00:00,34.017708,41.60424,25.538673
2047-04-20 00:00:00+00:00,33.08121,41.008415,24.406683
2047-04-21 00:00:00+00:00,35.244713,43.66258,26.174692
2047-04-22 00:00:00+00:00,35.70822,42.866753,27.9927
2047-04-23 00:00:00+00:00,34.57172,41.970924,27.060707
2047-04-24 00:00:00+00:00,34.63522,41.975098,26.87872
2047-04-25 00:00:00+00:00,35.24872,42.679268,27.64673
2047-04-26 00:00:00+00:00,34.412224,41.533447,26.964737
2047-04-27 00:00:00+00:00,33.57573,40.387615,25.982742
2047-04-28 00:00:00+00:00,33.78923,40.59179,25.950752
2047-04-29 00:00:00+00:00,33.802734,41.745956,24.418762
2047-04-30 00:00:00+00:00,33.46623,41.15013,24.886768
2047-05-01 00:00:00+00:00,33.52973,41.004307,25.55478
2047-05-02 00:00:00+00:00,34.193237,42.408474,25.622787
2047-05-03 00:00:00+00:00,34.806736,43.312653,25.190796
2047-05-04 00:00:00+00:00,35.18107,43.165726,25.995285
2047-05-05 00:00:00+00:00,35.30539,44.218803,26.049772
2047-05-06 00:00:00+00:00,35.77972,45.22188,26.40426
2047-05-07 00:00:00+00:00,35.454052,43.724957,26.95875
2047-05-08 00:00:00+00:00,34.828373,43.928036,24.913237
2047-05-09 00:00:00+00:00,32.202705,39.831112,23.517725
2047-05-10 00:00:00+00:00,32.477036,40.13419,23.722216
2047-05-11 00:00:00+00:00,32.80136,40.787262,24.326706
2047-05-12 00:00:00+00:00,33.77569,41.990345,25.331194
2047-05-13 00:00:00+00:00,33.60002,41.193417,24.735682
2047-05-14 00:00:00+00:00,33.074345,41.046494,23.940172
2047-05-15 00:00:00+00:00,34.198677,41.94957,25.594658
2047-05-16 00:00:00+00:00,33.623,41.15265,25.299147
2047-05-17 00:00:00+00:00,33.34733,41.355724,24.303635
2047-05-18 00:00:00+00:00,33.32166,40.408802,25.008121
2047-05-19 00:00:00+00:00,33.79599,40.81188,26.262611
2047-05-20 00:00:00+00:00,34.72031,42.46495,26.6171
2047-05-21 00:00:00+00:00,35.44464,43.368034,27.42159
2047-05-22 00:00:00+00:00,35.718967,43.321106,27.82608
2047-05-23 00:00:00+00:00,34.643303,42.024185,26.480568
2047-05-24 00:00:00+00:00,34.117626,42.22726,25.435053
2047-05-25 00:00:00+00:00,34.141956,42.03034,25.739544
2047-05-26 00:00:00+00:00,34.116283,41.93342,25.74403
2047-05-27 00:00:00+00:00,33.79061,41.33649,25.44852
2047-05-28 00:00:00+00:00,33.76494,40.88957,25.803007
2047-05-29 00:00:00+00:00,33.089268,40.642647,24.707495
2047-05-30 00:00:00+00:00,34.213593,41.345722,26.511986
2047-05-31 00:00:00+00:00,36.137924,43.498795,28.966473
2047-06-01 00:00:00+00:00,33.61225,41.001877,25.420963
2047-06-02 00:00:00+00:00,32.43658,39.904957,24.875452
2047-06-03 00:00:00+00:00,32.060905,39.55803,24.029942
2047-06-04 00:00:00+00:00,32.485237,39.811104,24.534426
2047-06-05 00:00:00+00:00,32.309563,38.414185,25.838915
2047-06-06 00:00:00+00:00,32.983894,39.567257,25.843405
2047-06-07 00:00:00+00:00,33.25822,40.37034,25.84789
2047-06-08 00:00:00+00:00,33.732548,40.273415,26.652382
2047-06-09 00:00:00+00:00,34.106876,40.67649,27.006868
2047-06-10 00:00:00+00:00,33.631203,40.22957,26.111357
2047-06-11 00:00:00+00:00,34.055534,40.732643,26.665844
2047-06-12 00:00:00+00:00,34.029858,40.88572,26.820335
2047-06-13 00:00:00+00:00,33.15419,40.288795,25.474821
2047-06-14 00:00:00+00:00,33.528515,40.391872,26.62931
2047-06-15 00:00:00+00:00,34.202843,41.34495,26.9838
2047-06-16 00:00:00+00:00,34.477173,41.148026,27.638288
2047-06-17 00:00:00+00:00,34.401497,40.701103,28.042778
2047-06-18 00:00:00+00:00,33.925827,40.75418,26.997263
2047-06-19 00:00:00+00:00,34.200157,39.25726,28.551752
2047-06-20 00:00:00+00:00,34.724487,39.960335,29.156246
2047-06-21 00:00:00+00:00,34.798813,41.413406,27.86073
2047-06-22 00:00:00+00:00,34.073143,40.016487,27.51522
2047-06-23 00:00:00+00:00,34.347473,39.86956,28.319706
2047-06-24 00:00:00+00:00,34.071793,40.37264,27.624195
2047-06-25 00:00:00+00:00,33.796127,40.225716,26.978683
2047-06-26 00:00:00+00:00,33.570454,39.42879,27.233173
2047-06-27 00:00:00+00:00,33.894775,39.681866,28.037663
2047-06-28 00:00:00+00:00,33.769108,40.384945,27.992147
2047-06-29 00:00:00+00:00,34.093437,40.13802,27.946638
2047-06-30 00:00:00+00:00,33.51777,39.7911,27.551126
2047-07-01 00:00:00+00:00,32.192093,39.094177,25.755613
2047-07-02 00:00:00+00:00,32.466423,38.997257,26.460102
2047-07-03 00:00:00+00:00,30.390087,34.651142,24.96131
2047-07-04 00:00:00+00:00,26.759111,31.46072,23.539534
2047-07-05 00:00:00+00:00,27.628134,31.170303,24.21776
2047-07-06 00:00:00+00:00,29.647158,33.879883,25.845984
2047-07-07 00:00:00+00:00,31.216183,36.43946,26.074211
2047-07-08 00:00:00+00:00,29.035206,31.94904,25.502438
2047-07-09 00:00:00+00:00,29.654228,33.258617,25.880663
2047-07-10 00:00:00+00:00,30.423254,35.918198,25.808886
2047-07-11 00:00:00+00:00,30.99228,36.52778,26.43711
2047-07-12 00:00:00+00:00,30.6613,36.13736,25.66534
2047-07-13 00:00:00+00:00,30.480326,36.99694,26.643564
2047-07-14 00:00:00+00:00,31.099348,36.506516,26.12179
2047-07-15 00:00:00+00:00,30.168371,37.2661,25.150015
2047-07-16 00:00:00+00:00,29.187395,33.72568,24.72824
2047-07-17 00:00:00+00:00,31.256418,36.985256,26.556465
2047-07-18 00:00:00+00:00,31.875444,37.144836,27.834692
2047-07-19 00:00:00+00:00,30.644466,37.004417,25.962917
2047-07-20 00:00:00+00:00,31.11349,37.163998,25.991142
2047-07-21 00:00:00+00:00,32.732513,38.423576,28.119366
2047-07-22 00:00:00+00:00,32.851536,38.133156,27.697594
2047-07-23 00:00:00+00:00,31.070562,36.192738,25.97582
2047-07-24 00:00:00+00:00,27.089584,30.802322,24.154045
2047-07-25 00:00:00+00:00,29.00861,33.9619,23.93227
2047-07-26 00:00:00+00:00,32.577637,37.671474,27.510496
2047-07-27 00:00:00+00:00,28.946655,33.631054,25.138723
2047-07-28 00:00:00+00:00,29.06568,34.540638,24.316946
2047-07-29 00:00:00+00:00,30.334705,37.750217,26.045174
2047-07-30 00:00:00+00:00,31.453728,37.309795,25.823397
2047-07-31 00:00:00+00:00,32.77275,37.76938,28.051622
2047-08-01 00:00:00+00:00,30.641775,36.278957,27.32985
2047-08-02 00:00:00+00:00,30.7608,36.188534,26.458073
2047-08-03 00:00:00+00:00,31.829823,37.29812,27.5863
2047-08-04 00:00:00+00:00,31.548847,36.857697,27.714525
2047-08-05 00:00:00+00:00,30.917871,36.367275,26.54275
2047-08-06 00:00:00+00:00,31.236898,36.376858,26.520975
2047-08-07 00:00:00+00:00,29.605917,34.03643,24.649204
2047-08-08 00:00:00+00:00,27.824944,31.746014,24.577429
2047-08-09 00:00:00+00:00,29.693968,34.205597,25.255651
2047-08-10 00:00:00+00:00,31.862991,37.115177,26.833878
2047-08-11 00:00:00+00:00,30.482014,35.92475,25.962103
2047-08-12 00:00:00+00:00,28.501036,32.434334,25.04033
2047-08-13 00:00:00+00:00,29.670063,34.293915,25.768555
2047-08-14 00:00:00+00:00,30.189085,35.753494,26.046782
2047-08-15 00:00:00+00:00,30.108107,34.713074,26.375008
2047-08-16 00:00:00+00:00,28.327131,32.672653,24.803232
2047-08-17 00:00:00+00:00,27.246157,30.38223,23.931458
2047-08-18 00:00:00+00:00,27.96518,32.59181,24.859682
2047-08-19 00:00:00+00:00,27.484203,31.251392,24.637909
2047-08-20 00:00:00+00:00,27.553228,31.760971,24.516134
2047-08-21 00:00:00+00:00,27.972254,32.37055,24.14436
2047-08-22 00:00:00+00:00,29.041275,34.130127,24.922583
2047-08-23 00:00:00+00:00,30.0103,34.289715,25.700808
2047-08-24 00:00:00+00:00,29.529324,32.94929,26.429035
2047-08-25 00:00:00+00:00,28.048347,31.358871,25.60726
2047-08-26 00:00:00+00:00,28.217371,32.31845,24.435486
2047-08-27 00:00:00+00:00,29.036396,33.52803,25.963713
2047-08-28 00:00:00+00:00,29.855417,35.08761,25.141935
2047-08-29 00:00:00+00:00,31.024443,35.89719,27.120163
2047-08-30 00:00:00+00:00,30.393467,34.90677,26.998388
2047-08-31 00:00:00+00:00,29.81249,35.166348,26.026613
2047-09-01 00:00:00+00:00,30.231512,34.425926,26.75484
2047-09-02 00:00:00+00:00,30.295822,34.184364,27.372568
2047-09-03 00:00:00+00:00,30.295975,35.689377,27.308805
2047-09-04 00:00:00+00:00,30.046125,35.244392,26.295042
2047-09-05 00:00:00+00:00,30.646276,35.549408,26.581278
2047-09-06 00:00:00+00:00,30.04643,35.45442,26.367517
2047-09-07 00:00:00+00:00,29.296585,33.859432,25.903753
2047-09-08 00:00:00+00:00,28.496737,32.664448,25.88999
2047-09-09 00:00:00+00:00,28.89689,32.91946,25.226229
2047-09-10 00:00:00+00:00,30.147041,34.57447,25.862467
2047-09-11 00:00:00+00:00,29.997194,34.87949,26.598701
2047-09-12 00:00:00+00:00,29.94735,34.2845,25.83494
2047-09-13 00:00:00+00:00,29.0975,31.689514,26.571175
2047-09-14 00:00:00+00:00,29.497654,34.094524,25.657412
2047-09-15 00:00:00+00:00,29.797808,34.299538,25.09365
2047-09-16 00:00:00+00:00,31.197962,35.454556,26.979889
2047-09-17 00:00:00+00:00,30.898111,35.709568,27.416126
2047-09-18 00:00:00+00:00,28.598265,31.264584,25.752363
2047-09-19 00:00:00+00:00,28.998419,33.719597,24.6886
2047-09-20 00:00:00+00:00,29.898571,34.074608,26.074837
2047-09-21 00:00:00+00:00,30.348726,34.62962,25.961075
2047-09-22 00:00:00+00:00,30.748878,34.734634,26.397312
2047-09-23 00:00:00+00:00,31.349028,35.48965,27.13355
2047-09-24 00:00:00+00:00,30.949183,35.44466,27.569788
2047-09-25 00:00:00+00:00,28.999334,32.499676,25.406025
2047-09-26 00:00:00+00:00,27.19949,29.704687,24.792263
2047-09-27 00:00:00+00:00,28.04964,32.859703,24.678497
2047-09-28 00:00:00+00:00,27.449793,31.014717,24.464735
2047-09-29 00:00:00+00:00,28.549948,33.41973,24.600975
2047-09-30 00:00:00+00:00,29.1501,33.624744,24.73721
2047-10-01 00:00:00+00:00,29.200253,33.179752,24.573446
2047-10-02 00:00:00+00:00,29.250406,33.83477,25.309683
2047-10-03 00:00:00+00:00,29.000559,33.639782,24.695923
2047-10-04 00:00:00+00:00,29.250708,33.844795,24.532158
2047-10-05 00:00:00+00:00,29.400864,33.649807,25.068396
2047-10-06 00:00:00+00:00,29.601017,34.25482,24.904634
2047-10-07 00:00:00+00:00,29.30117,33.859833,25.190872
2047-10-08 00:00:00+00:00,29.401323,34.86485,25.177109
2047-10-09 00:00:00+00:00,29.801474,35.069862,24.563345
2047-10-10 00:00:00+00:00,29.751627,34.924873,25.199581
2047-10-11 00:00:00+00:00,28.70178,31.97989,25.13582
2047-10-12 00:00:00+00:00,28.451933,32.184902,24.522057
2047-10-13 00:00:00+00:00,28.752087,33.639915,24.858292
2047-10-14 00:00:00+00:00,28.652239,33.79493,23.944532
2047-10-15 00:00:00+00:00,28.902393,34.649944,23.080769
2047-10-16 00:00:00+00:00,29.252546,34.554955,24.417007
2047-10-17 00:00:00+00:00,29.102701,34.15997,24.253242
2047-10-18 00:00:00+00:00,29.202852,34.614983,23.88948
2047-10-19 00:00:00+00:00,29.103004,34.269993,24.825716
2047-10-20 00:00:00+00:00,28.853159,33.87501,24.411955
2047-10-21 00:00:00+00:00,29.65331,35.730022,24.498192
2047-10-22 00:00:00+00:00,30.403461,36.835037,24.13443
2047-10-23 00:00:00+00:00,30.703615,36.29005,24.820667
2047-10-24 00:00:00+00:00,30.80377,36.895065,24.856903
2047-10-25 00:00:00+00:00,30.203922,34.80007,25.193142
2047-10-26 00:00:00+00:00,30.204075,35.50509,25.729378
2047-10-27 00:00:00+00:00,30.204227,35.8101,24.965614
2047-10-28 00:00:00+00:00,30.75438,37.315117,24.401854
2047-10-29 00:00:00+00:00,30.404533,36.52013,23.78809
2047-10-30 00:00:00+00:00,29.904684,36.725147,23.374325
2047-10-31 00:00:00+00:00,30.404839,37.780155,23.060564
2047-11-01 00:00:00+00:00,31.454992,37.685173,25.146801
2047-11-02 00:00:00+00:00,31.993805,39.034897,26.721577
2047-11-03 00:00:00+00:00,31.01372,38.87582,23.577255
2047-11-04 00:00:00+00:00,30.183634,38.216736,22.832933
2047-11-05 00:00:00+00:00,30.403547,39.257656,22.888613
2047-11-06 00:00:00+00:00,30.423464,37.648575,22.794287
2047-11-07 00:00:00+00:00,30.64338,38.139492,23.349964
2047-11-08 00:00:00+00:00,30.413294,37.530415,24.405643
2047-11-09 00:00:00+00:00,30.48321,38.321335,24.811321
2047-11-10 00:00:00+00:00,30.053123,38.41225,22.317
2047-11-11 00:00:00+00:00,30.073036,38.25317,22.472673
2047-11-12 00:00:00+00:00,30.642952,37.84409,24.32835
2047-11-13 00:00:00+00:00,29.012867,37.335007,21.63403
2047-11-14 00:00:00+00:00,28.532778,37.02593,20.78971
2047-11-15 00:00:00+00:00,28.752693,36.666843,22.645384
2047-11-16 00:00:00+00:00,29.072609,35.757767,23.90106
2047-11-17 00:00:00+00:00,28.242525,34.948685,22.15674
2047-11-18 00:00:00+00:00,28.06244,35.3396,22.062416
2047-11-19 00:00:00+00:00,28.232353,35.68052,22.318094
2047-11-20 00:00:00+00:00,28.002268,34.971443,22.323772
2047-11-21 00:00:00+00:00,27.172184,34.76236,21.079447
2047-11-22 00:00:00+00:00,26.4921,35.303276,19.135128
2047-11-23 00:00:00+00:00,26.862013,35.294197,19.740805
2047-11-24 00:00:00+00:00,26.681927,35.185116,19.146479
2047-11-25 00:00:00+00:00,26.951843,35.476032,19.402159
2047-11-26 00:00:00+00:00,26.521755,34.716953,19.107836
2047-11-27 00:00:00+00:00,26.091671,34.357872,17.913513
2047-11-28 00:00:00+00:00,26.861582,34.19879,20.26919
2047-11-29 00:00:00+00:00,25.9815,32.639713,20.174866
2047-11-30 00:00:00+00:00,24.701416,31.530632,18.680546
2047-12-01 00:00:00+00:00,24.021326,31.42155,17.03622
2047-12-02 00:00:00+00:00,24.541245,32.712467,16.991901
2047-12-03 00:00:00+00:00,25.861158,33.303387,19.247576
2047-12-04 00:00:00+00:00,26.131075,33.39431,19.403254
2047-12-05 00:00:00+00:00,26.350988,33.635223,19.758932
2047-12-06 00:00:00+00:00,27.170904,34.826145,20.114607
2047-12-07 00:00:00+00:00,28.140818,35.917065,20.870287
2047-12-08 00:00:00+00:00,28.410732,36.557987,20.625963
2047-12-09 00:00:00+00:00,28.830647,36.9989,21.381641
2047-12-10 00:00:00+00:00,28.95056,36.78982,22.287317
2047-12-11 00:00:00+00:00,29.270475,37.48074,22.092995
2047-12-12 00:00:00+00:00,29.190388,37.32166,22.198673
2047-12-13 00:00:00+00:00,28.810305,37.26258,21.35435
2047-12-14 00:00:00+00:00,29.280222,37.253498,22.06003
2047-12-15 00:00:00+00:00,28.450134,35.544415,21.915705
2047-12-16 00:00:00+00:00,27.470049,36.335335,19.671383
2047-12-17 00:00:00+00:00,27.689962,36.276253,19.52706
2047-12-18 00:00:00+00:00,27.259878,34.51717,20.532736
2047-12-19 00:00:00+00:00,26.729792,34.00809,20.188414
2047-12-20 00:00:00+00:00,25.349709,32.999012,18.644093
2047-12-21 00:00:00+00:00,24.969622,33.18993,17.64977
2047-12-22 00:00:00+00:00,25.739536,33.830845,18.605446
2047-12-23 00:00:00+00:00,25.459452,32.971767,18.661123
2047-12-24 00:00:00+00:00,25.529367,32.962685,18.316801
2047-12-25 00:00:00+00:00,25.399279,31.8036,19.522478
2047-12-26 00:00:00+00:00,25.069193,32.344524,18.728155
2047-12-27 00:00:00+00:00,24.789108,31.385443,18.983833
2047-12-28 00:00:00+00:00,24.509026,32.376366,17.139511
2047-12-29 00:00:00+00:00,24.378939,31.01728,18.395187
2047-12-30 00:00:00+00:00,24.548853,30.458202,19.900864
2047-12-31 00:00:00+00:00,25.068768,32.64912,18.056543
2048-01-01 00:00:00+00:00,26.238682,34.640038,18.612223
2048-01-02 00:00:00+00:00,26.51018,34.579117,19.91874
2048-01-03 00:00:00+00:00,25.683258,33.516357,18.776102
2048-01-04 00:00:00+00:00,25.406338,33.053596,18.183464
2048-01-05 00:00:00+00:00,25.679415,33.540836,18.790825
2048-01-06 00:00:00+00:00,25.552494,33.32807,18.498192
2048-01-07 00:00:00+00:00,25.075573,32.615314,18.255552
2048-01-08 00:00:00+00:00,23.79865,31.25255,17.112915
2048-01-09 00:00:00+00:00,22.77173,30.389786,15.820277
2048-01-10 00:00:00+00:00,22.64481,30.477026,15.57764
2048-01-11 00:00:00+00:00,22.767889,30.714262,15.635003
2048-01-12 00:00:00+00:00,22.990967,31.551502,15.242364
2048-01-13 00:00:00+00:00,23.714045,32.288742,16.09973
2048-01-14 00:00:00+00:00,23.687124,31.475983,16.707094
2048-01-15 00:00:00+00:00,23.260204,31.313221,15.914453
2048-01-16 00:00:00+00:00,23.233282,31.400457,15.771815
2048-01-17 00:00:00+00:00,23.35636,30.737698,16.47918
2048-01-18 00:00:00+00:00,23.129436,30.274933,16.436543
2048-01-19 00:00:00+00:00,22.802517,30.012173,15.893905
2048-01-20 00:00:00+00:00,23.175598,30.249413,16.80127
2048-01-21 00:00:00+00:00,24.048674,32.586655,16.00863
2048-01-22 00:00:00+00:00,25.321754,32.72389,18.165993
2048-01-23 00:00:00+00:00,26.644833,34.761127,19.123356
2048-01-24 00:00:00+00:00,26.867912,35.39837,19.03072
2048-01-25 00:00:00+00:00,27.24099,35.735607,19.28808
2048-01-26 00:00:00+00:00,27.514069,35.922844,19.945444
2048-01-27 00:00:00+00:00,27.437147,34.910084,21.102806
2048-01-28 00:00:00+00:00,26.01023,32.447323,19.36017
2048-01-29 00:00:00+00:00,26.683304,34.784557,18.917532
2048-01-30 00:00:00+00:00,26.756382,35.3718,18.674892
2048-01-31 00:00:00+00:00,27.329462,35.509037,19.482258
2048-02-01 00:00:00+00:00,27.40254,35.04628,19.88962
2048-02-02 00:00:00+00:00,28.42562,35.633514,20.946981
2048-02-03 00:00:00+00:00,28.548698,35.020756,22.204348
2048-02-04 00:00:00+00:00,27.721779,32.30799,23.01171
2048-02-05 00:00:00+00:00,28.294857,35.59523,21.71907
2048-02-06 00:00:00+00:00,27.817936,33.78247,22.326435
2048-02-07 00:00:00+00:00,27.991013,35.819706,20.983795
2048-02-08 00:00:00+00:00,28.514091,36.056946,21.391161
2048-02-09 00:00:00+00:00,26.08717,31.894192,19.948523
2048-02-10 00:00:00+00:00,25.010248,31.831429,19.605883
2048-02-11 00:00:00+00:00,26.233326,33.818665,19.413246
2048-02-12 00:00:00+00:00,28.956408,36.205902,23.020609
2048-02-13 00:00:00+00:00,29.479483,36.393143,23.177973
2048-02-14 00:00:00+00:00,27.502565,34.08038,21.435335
2048-02-15 00:00:00+00:00,27.725643,35.31762,20.042696
2048-02-16 00:00:00+00:00,28.548721,35.804863,21.20006
2048-02-17 00:00:00+00:00,27.7218,33.642094,22.407423
2048-02-18 00:00:00+00:00,28.144878,35.72934,20.964785
2048-02-19 00:00:00+00:00,28.017958,35.866573,20.22215
2048-02-20 00:00:00+00:00,28.84104,36.85381,21.12951
2048-02-21 00:00:00+00:00,29.714119,38.041054,21.536875
2048-02-22 00:00:00+00:00,30.687193,38.978287,22.744236
2048-02-23 00:00:00+00:00,31.260275,38.51553,23.901598
2048-02-24 00:00:00+00:00,30.583353,37.952766,22.858963
2048-02-25 00:00:00+00:00,30.40643,38.240005,22.966322
2048-02-26 00:00:00+00:00,30.629509,39.077244,22.423687
2048-02-27 00:00:00+00:00,31.20259,39.564484,23.18105
2048-02-28 00:00:00+00:00,31.675669,39.95173,23.788414
2048-02-29 00:00:00+00:00,31.948746,39.98896,24.395775
2048-03-01 00:00:00+00:00,31.72182,39.6762,24.053137
2048-03-02 00:00:00+00:00,31.094904,39.06344,23.260504
2048-03-03 00:00:00+00:00,30.793245,38.911263,22.805767
2048-03-04 00:00:00+00:00,31.356747,40.265434,22.673775
2048-03-05 00:00:00+00:00,32.82025,41.269604,24.591785
2048-03-06 00:00:00+00:00,32.68375,40.57378,25.409792
2048-03-07 00:00:00+00:00,32.297253,40.177948,24.577805
2048-03-08 00:00:00+00:00,31.560753,39.43212,23.995811
2048-03-09 00:00:00+00:00,31.17426,39.536293,22.863821
2048-03-10 00:00:00+00:00,32.287758,40.84047,24.08183
2048-03-11 00:00:00+00:00,33.101257,41.494637,24.899837
2048-03-12 00:00:00+00:00,33.414764,41.648815,25.167847
2048-03-13 00:00:00+00:00,33.67827,41.85299,25.485857
2048-03-14 00:00:00+00:00,33.64176,41.757156,25.85386
2048-03-15 00:00:00+00:00,33.455273,41.711334,25.171875
2048-03-16 00:00:00+00:00,33.468773,41.765503,25.439882
2048-03-17 00:00:00+00:00,32.232277,40.769672,23.40789
2048-03-18 00:00:00+00:00,33.395775,42.72385,23.2759
2048-03-19 00:00:00+00:00,35.10928,43.47802,26.343908
2048-03-20 00:00:00+00:00,35.072777,42.882195,27.611916
2048-03-21 00:00:00+00:00,33.036285,41.486366,24.279924
2048-03-22 00:00:00+00:00,33.34978,42.19054,24.247934
2048-03-23 00:00:00+00:00,35.11329,43.394714,27.115944
2048-03-24 00:00:00+00:00,35.726784,43.698883,27.583954
2048-03-25 00:00:00+00:00,35.64029,43.353054,27.75196
2048-03-26 00:00:00+00:00,35.203793,42.707226,27.619972
2048-03-27 00:00:00+00:00,34.467293,41.9114,26.98798
2048-03-28 00:00:00+00:00,34.430794,42.36557,26.355988
2048-03-29 00:00:00+00:00,34.344296,41.519745,26.923998
2048-03-30 00:00:00+00:00,35.107796,43.02392,27.042006
2048-03-31 00:00:00+00:00,33.321304,41.22809,24.760015
2048-04-01 00:00:00+00:00,32.8348,41.182262,24.128021
2048-04-02 00:00:00+00:00,35.948303,44.286438,27.296032
2048-04-03 00:00:00+00:00,35.761806,43.390606,28.214037
2048-04-04 00:00:00+00:00,33.62531,40.544777,26.482046
2048-04-05 00:00:00+00:00,32.88881,40.04895,25.150057
2048-04-06 00:00:00+00:00,33.30231,41.303127,24.968065
2048-04-07 00:00:00+00:00,33.615814,41.307297,25.886076
2048-04-08 00:00:00+00:00,34.27932,42.01147,26.154085
2048-04-09 00:00:00+00:00,35.042816,42.765644,27.122093
2048-04-10 00:00:00+00:00,35.05632,42.369816,27.4901
2048-04-11 00:00:00+00:00,35.96982,43.773987,27.758108
2048-04-12 00:00:00+00:00,36.383324,44.078156,28.976116
2048-04-13 00:00:00+00:00,36.34683,44.18233,28.294127
2048-04-14 00:00:00+00:00,37.260326,45.736504,28.012135
2048-04-15 00:00:00+00:00,36.323826,44.74068,27.030144
2048-04-16 00:00:00+00:00,34.437332,42.09485,25.848154
2048-04-17 00:00:00+00:00,33.100834,40.999023,24.116161
2048-04-18 00:00:00+00:00,32.464333,40.65319,23.63417
2048-04-19 00:00:00+00:00,33.827835,42.20736,24.702179
2048-04-20 00:00:00+00:00,34.641335,42.111538,26.32019
2048-04-21 00:00:00+00:00,32.55484,40.31571,23.638199
2048-04-22 00:00:00+00:00,32.66834,41.719883,23.356205
2048-04-23 00:00:00+00:00,34.481846,42.724052,26.024216
2048-04-24 00:00:00+00:00,35.945347,45.128227,26.692225
2048-04-25 00:00:00+00:00,37.208847,45.4824,28.360231
2048-04-26 00:00:00+00:00,36.772354,45.136574,28.37824
2048-04-27 00:00:00+00:00,36.235847,43.640743,28.096249
2048-04-28 00:00:00+00:00,35.649353,43.99492,26.314257
2048-04-29 00:00:00+00:00,36.262856,43.449085,28.032269
2048-04-30 00:00:00+00:00,35.826363,44.153263,26.850277
2048-05-01 00:00:00+00:00,34.839863,43.057434,25.868286
2048-05-02 00:00:00+00:00,32.55336,41.661606,23.486296
2048-05-03 00:00:00+00:00,34.524982,43.464954,25.73166
2048-05-04 00:00:00+00:00,34.44931,42.668037,26.03615
2048-05-05 00:00:00+00:00,33.32364,41.72111,23.89064
2048-05-06 00:00:00+00:00,33.247967,41.07419,24.445127
2048-05-07 00:00:00+00:00,32.222294,40.377266,23.099615
2048-05-08 00:00:00+00:00,31.746624,40.18034,22.554104
2048-05-09 00:00:00+00:00,32.42095,40.933422,23.658592
2048-05-10 00:00:00+00:00,33.695274,41.536495,25.76308
2048-05-11 00:00:00+00:00,34.91961,42.53957,27.017572
2048-05-12 00:00:00+00:00,34.693935,41.94265,27.172058
2048-05-13 00:00:00+00:00,33.618263,40.49572,26.126547
2048-05-14 00:00:00+00:00,32.24259,39.698803,24.031036
2048-05-15 00:00:00+00:00,32.21692,39.95188,24.185524
2048-05-16 00:00:00+00:00,31.191248,39.254955,22.840012
2048-05-17 00:00:00+00:00,30.915577,39.208035,22.0445
2048-05-18 00:00:00+00:00,31.889904,39.961113,23.24899
2048-05-19 00:00:00+00:00,32.464226,40.264187,23.853477
2048-05-20 00:00:00+00:00,32.588562,40.917263,23.757963
2048-05-21 00:00:00+00:00,34.012886,43.27034,24.612455
2048-05-22 00:00:00+00:00,33.737217,41.223415,25.566946
2048-05-23 00:00:00+00:00,34.061546,41.776493,25.771431
2048-05-24 00:00:00+00:00,32.785873,40.62957,24.27592
2048-05-25 00:00:00+00:00,31.910198,39.682648,23.530409
2048-05-26 00:00:00+00:00,32.63453,40.98572,23.984898
2048-05-27 00:00:00+00:00,33.008858,41.1388,24.339384
2048-05-28 00:00:00+00:00,33.333183,41.591873,24.993876
2048-05-29 00:00:00+00:00,33.657513,41.744953,24.998362
2048-05-30 00:00:00+00:00,33.03184,41.19803,24.402851
2048-05-31 00:00:00+00:00,33.45617,41.501106,24.907341
2048-06-01 00:00:00+00:00,33.480495,40.75418,25.161827
2048-06-02 00:00:00+00:00,33.654823,40.307255,26.316317
2048-06-03 00:00:00+00:00,34.929153,41.910336,27.770805
2048-06-04 00:00:00+00:00,34.303482,42.713413,25.575293
2048-06-05 00:00:00+00:00,32.627808,40.16649,24.32978
2048-06-06 00:00:00+00:00,32.30214,39.719563,24.434269
2048-06-07 00:00:00+00:00,32.926464,39.972645,25.53876
2048-06-08 00:00:00+00:00,33.45079,40.825718,25.743248
2048-06-09 00:00:00+00:00,33.22512,40.678795,25.347734
2048-06-10 00:00:00+00:00,33.49945,40.93187,25.602224
2048-06-11 00:00:00+00:00,33.57378,40.884953,26.006714
2048-06-12 00:00:00+00:00,34.098106,41.338028,26.3612
2048-06-13 00:00:00+00:00,33.272434,40.291103,25.965689
2048-06-14 00:00:00+00:00,32.49676,39.544178,25.170176
2048-06-15 00:00:00+00:00,32.771088,39.84726,25.474667
2048-06-16 00:00:00+00:00,33.145416,40.250336,25.779156
2048-06-17 00:00:00+00:00,33.46975,40.50341,26.033644
2048-06-18 00:00:00+00:00,33.694077,41.106487,26.588129
2048-06-19 00:00:00+00:00,32.818405,39.809563,25.142618
2048-06-20 00:00:00+00:00,33.292732,39.56264,27.297108
2048-06-21 00:00:00+00:00,34.21706,41.215717,27.701597
2048-06-22 00:00:00+00:00,32.691383,39.968796,25.606087
2048-06-23 00:00:00+00:00,30.965715,36.27187,25.560575
2048-06-24 00:00:00+00:00,30.790041,36.324947,26.115063
2048-06-25 00:00:00+00:00,31.26437,37.478024,26.01955
2048-06-26 00:00:00+00:00,33.538696,39.1311,28.07404
2048-06-27 00:00:00+00:00,33.513027,39.284176,27.67853
2048-06-28 00:00:00+00:00,33.48736,39.737255,27.033016
2048-06-29 00:00:00+00:00,33.361687,39.79033,26.537504
2048-06-30 00:00:00+00:00,33.08601,38.94341,27.991993
2048-07-01 00:00:00+00:00,32.760338,37.69648,28.346483
2048-07-02 00:00:00+00:00,33.034668,39.049564,27.000969
2048-07-03 00:00:00+00:00,32.254356,38.35833,26.032476
2048-07-04 00:00:00+00:00,30.723377,37.167908,24.660704
2048-07-05 00:00:00+00:00,26.892403,32.02749,23.48893
2048-07-06 00:00:00+00:00,27.211426,31.337067,23.917156
2048-07-07 00:00:00+00:00,27.830448,33.446644,24.095379
2048-07-08 00:00:00+00:00,28.199472,33.356228,24.723606
2048-07-09 00:00:00+00:00,29.518497,34.365807,24.95183
2048-07-10 00:00:00+00:00,30.537523,35.42539,25.630056
2048-07-11 00:00:00+00:00,29.506542,34.78496,25.308283
2048-07-12 00:00:00+00:00,27.675568,32.344547,24.686508
2048-07-13 00:00:00+00:00,28.394592,33.454124,24.764736
2048-07-14 00:00:00+00:00,29.113615,34.263702,24.04296
2048-07-15 00:00:00+00:00,30.43264,36.623287,25.321184
2048-07-16 00:00:00+00:00,31.101665,36.18287,26.69941
2048-07-17 00:00:00+00:00,30.87069,37.392445,26.327635
2048-07-18 00:00:00+00:00,31.389711,37.00202,25.90586
2048-07-19 00:00:00+00:00,31.058735,36.3616,25.684086
2048-07-20 00:00:00+00:00,30.477758,36.12118,25.062311
2048-07-21 00:00:00+00:00,29.946781,34.680767,26.140537
2048-07-22 00:00:00+00:00,28.265808,31.59034,24.718763
2048-07-23 00:00:00+00:00,29.134827,34.249924,24.54699
2048-07-24 00:00:00+00:00,31.253855,36.4095,26.475212
2048-07-25 00:00:00+00:00,31.722876,37.06908,26.70344
2048-07-26 00:00:00+00:00,30.491901,35.92866,26.131664
2048-07-27 00:00:00+00:00,29.610924,33.538242,25.65989
2048-07-28 00:00:00+00:00,30.679949,34.747826,26.488115
2048-07-29 00:00:00+00:00,26.048975,31.3074,23.316343
2048-07-30 00:00:00+00:00,26.167997,29.41698,23.094564
2048-07-31 00:00:00+00:00,27.937021,31.776562,24.32279
2048-08-01 00:00:00+00:00,25.706043,27.58614,23.601017
2048-08-02 00:00:00+00:00,26.87507,30.695717,23.729242
2048-08-03 00:00:00+00:00,29.19409,34.0553,25.357468
2048-08-04 00:00:00+00:00,26.713116,30.414883,23.635696
2048-08-05 00:00:00+00:00,26.88214,30.874462,23.46392
2048-08-06 00:00:00+00:00,28.651161,32.78404,24.192144
2048-08-07 00:00:00+00:00,26.520185,30.593618,24.070372
2048-08-08 00:00:00+00:00,27.13921,30.603197,23.248596
2048-08-09 00:00:00+00:00,29.558233,33.812775,25.026821
2048-08-10 00:00:00+00:00,30.92726,35.17236,26.355045
2048-08-11 00:00:00+00:00,29.49628,32.68194,26.283272
2048-08-12 00:00:00+00:00,29.415306,32.841515,26.2615
2048-08-13 00:00:00+00:00,30.18433,34.801094,25.389725
2048-08-14 00:00:00+00:00,28.653353,32.56068,25.317947
2048-08-15 00:00:00+00:00,28.222378,33.67026,25.046175
2048-08-16 00:00:00+00:00,27.3414,29.879839,24.9244
2048-08-17 00:00:00+00:00,27.360424,31.189417,24.702625
2048-08-18 00:00:00+00:00,27.979448,31.798996,24.080849
2048-08-19 00:00:00+00:00,29.948473,33.908573,25.909077
2048-08-20 00:00:00+00:00,30.517496,35.318157,26.637302
2048-08-21 00:00:00+00:00,30.886522,35.527737,26.615528
2048-08-22 00:00:00+00:00,31.405542,35.537315,26.943754
2048-08-23 00:00:00+00:00,29.524569,32.69689,26.22198
2048-08-24 00:00:00+00:00,30.493587,34.256477,26.900204
2048-08-25 00:00:00+00:00,30.912615,35.06606,26.478428
2048-08-26 00:00:00+00:00,30.88164,33.075634,26.706656
2048-08-27 00:00:00+00:00,29.050663,33.635216,25.634882
2048-08-28 00:00:00+00:00,28.969688,34.394794,25.513107
2048-08-29 00:00:00+00:00,28.78871,33.204372,25.44133
2048-08-30 00:00:00+00:00,29.557735,33.563957,26.269556
2048-08-31 00:00:00+00:00,30.376755,35.473534,26.897783
2048-09-01 00:00:00+00:00,28.845781,34.083115,26.376009
2048-09-02 00:00:00+00:00,27.445934,29.488125,25.712246
2048-09-03 00:00:00+00:00,27.296087,30.143139,24.898481
2048-09-04 00:00:00+00:00,28.09624,32.448154,24.48472
2048-09-05 00:00:00+00:00,26.996395,30.053164,24.370958
2048-09-06 00:00:00+00:00,25.846546,28.208183,24.257193
2048-09-07 00:00:00+00:00,27.646696,31.663193,23.743431
2048-09-08 00:00:00+00:00,28.096851,32.91821,25.079668
2048-09-09 00:00:00+00:00,28.297003,33.57322,25.415905
2048-09-10 00:00:00+00:00,28.447159,33.278233,25.052143
2048-09-11 00:00:00+00:00,28.097311,32.133247,24.58838
2048-09-12 00:00:00+00:00,27.747463,30.738262,25.274618
2048-09-13 00:00:00+00:00,28.347616,31.943275,25.060854
2048-09-14 00:00:00+00:00,28.94777,32.798286,25.39709
2048-09-15 00:00:00+00:00,28.24792,32.703304,25.333328
2048-09-16 00:00:00+00:00,27.498072,30.908312,24.819565
2048-09-17 00:00:00+00:00,27.498226,31.863329,23.955803
2048-09-18 00:00:00+00:00,28.24838,33.01834,24.442041
2048-09-19 00:00:00+00:00,28.398533,32.273357,25.278276
2048-09-20 00:00:00+00:00,27.248686,30.378366,24.214516
2048-09-21 00:00:00+00:00,28.948841,33.28338,24.550755
2048-09-22 00:00:00+00:00,30.298994,34.888393,25.53699
2048-09-23 00:00:00+00:00,30.249146,34.49341,27.073227
2048-09-24 00:00:00+00:00,28.799297,31.548424,25.909464
2048-09-25 00:00:00+00:00,28.34945,32.203434,25.095703
2048-09-26 00:00:00+00:00,29.249603,34.70845,24.43194
2048-09-27 00:00:00+00:00,29.649755,34.86346,24.968174
2048-09-28 00:00:00+00:00,30.649908,35.868477,25.554413
2048-09-29 00:00:00+00:00,31.000063,35.823486,26.290651
2048-09-30 00:00:00+00:00,30.500214,34.478508,26.42689
2048-10-01 00:00:00+00:00,29.900368,34.83352,25.713123
2048-10-02 00:00:00+00:00,30.250519,35.888527,25.599363
2048-10-03 00:00:00+00:00,30.350672,35.293545,25.685598
2048-10-04 00:00:00+00:00,30.050827,34.448555,25.771835
2048-10-05 00:00:00+00:00,30.70098,36.40357,25.358072
2048-10-06 00:00:00+00:00,30.65113,35.508583,25.994308
2048-10-07 00:00:00+00:00,30.201284,34.963593,26.630548
2048-10-08 00:00:00+00:00,30.05144,34.618607,25.516787
2048-10-09 00:00:00+00:00,31.15159,36.923622,26.053022
2048-10-10 00:00:00+00:00,30.701744,35.428635,26.88926
2048-10-11 00:00:00+00:00,30.401896,36.383648,25.3755
2048-10-12 00:00:00+00:00,30.452051,36.588665,25.561737
2048-10-13 00:00:00+00:00,30.552204,36.893677,24.197973
2048-10-14 00:00:00+00:00,32.052357,39.248688,25.98421
2048-10-15 00:00:00+00:00,31.902508,37.9537,26.170446
2048-10-16 00:00:00+00:00,31.75266,37.708717,26.156683
2048-10-17 00:00:00+00:00,31.302814,36.713726,26.292921
2048-10-18 00:00:00+00:00,30.652966,35.868744,25.67916
2048-10-19 00:00:00+00:00,30.403118,35.073757,25.265394
2048-10-20 00:00:00+00:00,30.253271,33.57877,26.401632
2048-10-21 00:00:00+00:00,29.753424,34.083786,25.83787
2048-10-22 00:00:00+00:00,29.903576,35.3388,25.224106
2048-10-23 00:00:00+00:00,30.25373,36.64381,24.210344
2048-10-24 00:00:00+00:00,30.603882,36.648827,24.546583
2048-10-25 00:00:00+00:00,31.004036,38.253838,24.732819
2048-10-26 00:00:00+00:00,31.20419,39.258846,23.919056
2048-10-27 00:00:00+00:00,29.954344,34.763863,25.505295
2048-10-28 00:00:00+00:00,30.704496,36.66888,24.491531
2048-10-29 00:00:00+00:00,30.904648,37.673893,24.427767
2048-10-30 00:00:00+00:00,31.354801,39.328903,24.264006
2048-10-31 00:00:00+00:00,30.854952,37.933918,23.75024
2048-11-01 00:00:00+00:00,31.051327,38.987167,23.93266
2048-11-02 00:00:00+00:00,31.521242,39.778088,24.088337
2048-11-03 00:00:00+00:00,31.391157,38.919006,23.894014
2048-11-04 00:00:00+00:00,31.011068,38.80992,23.59969
2048-11-05 00:00:00+00:00,30.180983,36.750847,23.855368
2048-11-06 00:00:00+00:00,28.800901,36.091766,23.011045
2048-11-07 00:00:00+00:00,28.220814,36.182686,20.766726
2048-11-08 00:00:00+00:00,29.240728,37.2736,21.3724
2048-11-09 00:00:00+00:00,31.060644,38.36452,23.578077
2048-11-10 00:00:00+00:00,31.98056,38.40544,25.583755
2048-11-11 00:00:00+00:00,32.000473,39.296364,25.239435
2048-11-12 00:00:00+00:00,32.170387,39.13728,26.395111
2048-11-13 00:00:00+00:00,31.690302,38.228195,26.200787
2048-11-14 00:00:00+00:00,31.060215,39.169117,24.406462
2048-11-15 00:00:00+00:00,30.530134,38.960033,22.762142
2048-11-16 00:00:00+00:00,30.650047,38.850956,22.26782
2048-11-17 00:00:00+00:00,31.01996,39.54187,22.773497
2048-11-18 00:00:00+00:00,31.839874,38.732796,26.279175
2048-11-19 00:00:00+00:00,31.209793,38.47371,24.784851
2048-11-20 00:00:00+00:00,31.429707,38.414627,24.49053
2048-11-21 00:00:00+00:00,32.19962,38.55555,26.746206
2048-11-22 00:00:00+00:00,32.26953,39.246468,25.801886
2048-11-23 00:00:00+00:00,30.63945,38.43739,23.457561
2048-11-24 00:00:00+00:00,30.209362,38.378304,22.363237
2048-11-25 00:00:00+00:00,30.179276,38.919224,21.968918
2048-11-26 00:00:00+00:00,30.449192,38.51014,23.824593
2048-11-27 00:00:00+00:00,29.369108,37.95106,21.88027
2048-11-28 00:00:00+00:00,28.38902,37.391983,19.885946
2048-11-29 00:00:00+00:00,28.708937,37.4329,20.791626
2048-11-30 00:00:00+00:00,29.128849,37.07382,21.947302
2048-12-01 00:00:00+00:00,28.498764,36.31474,21.552979
2048-12-02 00:00:00+00:00,27.868681,35.105656,21.358658
2048-12-03 00:00:00+00:00,26.938595,34.39658,20.364334
2048-12-04 00:00:00+00:00,27.20851,34.287495,20.270012
2048-12-05 00:00:00+00:00,27.428423,33.178413,22.275692
2048-12-06 00:00:00+00:00,27.698336,34.96933,20.681364
2048-12-07 00:00:00+00:00,29.06825,37.060257,21.537045
2048-12-08 00:00:00+00:00,28.938166,34.651173,23.792723
2048-12-09 00:00:00+00:00,27.358082,33.04209,21.9984
2048-12-10 00:00:00+00:00,26.777996,32.73301,21.054077
2048-12-11 00:00:00+00:00,27.04791,34.12393,20.509752
2048-12-12 00:00:00+00:00,27.717825,35.11485,21.215431
2048-12-13 00:00:00+00:00,27.887741,35.255768,21.271107
2048-12-14 00:00:00+00:00,26.907656,34.146687,20.226784
2048-12-15 00:00:00+00:00,26.227571,33.737606,19.382463
2048-12-16 00:00:00+00:00,25.897484,33.57852,18.78814
2048-12-17 00:00:00+00:00,25.067398,32.719444,17.99382
2048-12-18 00:00:00+00:00,24.387314,32.41036,16.999496
2048-12-19 00:00:00+00:00,24.10723,32.90128,15.805171
2048-12-20 00:00:00+00:00,24.527142,33.592197,16.31085
2048-12-21 00:00:00+00:00,24.847057,34.133114,16.616526
2048-12-22 00:00:00+00:00,25.166973,33.974037,16.722204
2048-12-23 00:00:00+00:00,25.986889,35.314953,17.877884
2048-12-24 00:00:00+00:00,26.8068,35.555874,19.283558
2048-12-25 00:00:00+00:00,26.726715,35.396793,18.539236
2048-12-26 00:00:00+00:00,26.896631,35.287712,19.394913
2048-12-27 00:00:00+00:00,27.516546,35.428635,20.500591
2048-12-28 00:00:00+00:00,28.136461,36.21955,20.756271
2048-12-29 00:00:00+00:00,28.406374,36.21047,21.011946
2048-12-30 00:00:00+00:00,27.47629,34.70139,20.417624
2048-12-31 00:00:00+00:00,26.996206,35.09231,19.5733
2049-01-01 00:00:00+00:00,27.166908,35.232304,19.8794
2049-01-02 00:00:00+00:00,26.73999,34.469543,19.286762
2049-01-03 00:00:00+00:00,26.913065,33.906784,19.494125
2049-01-04 00:00:00+00:00,27.586145,34.594025,20.401485
2049-01-05 00:00:00+00:00,27.359224,32.331264,21.658852
2049-01-06 00:00:00+00:00,28.282303,36.1685,21.866215
2049-01-07 00:00:00+00:00,28.055382,36.55574,20.273577
2049-01-08 00:00:00+00:00,28.52846,37.442978,19.93094
2049-01-09 00:00:00+00:00,28.651539,35.530216,22.1883
2049-01-10 00:00:00+00:00,28.324617,36.717457,20.395664
2049-01-11 00:00:00+00:00,28.5977,36.904694,20.353025
2049-01-12 00:00:00+00:00,29.420776,37.64193,21.760391
2049-01-13 00:00:00+00:00,29.293856,37.82917,21.467752
2049-01-14 00:00:00+00:00,29.266933,38.066406,20.975115
2049-01-15 00:00:00+00:00,29.090014,38.203648,20.48248
2049-01-16 00:00:00+00:00,28.91309,37.94089,20.089838
2049-01-17 00:00:00+00:00,29.53617,38.128128,21.597202
2049-01-18 00:00:00+00:00,27.759249,34.465363,21.404564
2049-01-19 00:00:00+00:00,27.582327,35.302605,20.061928
2049-01-20 00:00:00+00:00,28.505405,34.639843,22.51929
2049-01-21 00:00:00+00:00,27.37848,33.47708,22.076653
2049-01-22 00:00:00+00:00,27.501562,34.664318,20.384014
2049-01-23 00:00:00+00:00,28.024641,35.60156,21.291376
2049-01-24 00:00:00+00:00,27.64772,35.2888,20.54874
2049-01-25 00:00:00+00:00,28.070799,36.126038,20.456106
2049-01-26 00:00:00+00:00,29.243881,37.363274,21.513466
2049-01-27 00:00:00+00:00,29.766956,37.55051,22.520828
2049-01-28 00:00:00+00:00,29.590034,36.98775,22.428192
2049-01-29 00:00:00+00:00,28.913113,34.024994,23.585554
2049-01-30 00:00:00+00:00,28.836193,34.912228,23.342916
2049-01-31 00:00:00+00:00,27.959272,33.24947,22.800282
2049-02-01 00:00:00+00:00,28.68235,36.686707,21.357643
2049-02-02 00:00:00+00:00,29.555431,37.67395,21.965008
2049-02-03 00:00:00+00:00,29.878508,38.111183,22.222366
2049-02-04 00:00:00+00:00,29.551588,37.198425,22.32973
2049-02-05 00:00:00+00:00,29.074665,37.38566,21.487095
2049-02-06 00:00:00+00:00,28.997746,36.7729,21.694456
2049-02-07 00:00:00+00:00,28.720821,36.010136,21.951818
2049-02-08 00:00:00+00:00,28.6439,35.947376,21.509182
2049-02-09 00:00:00+00:00,28.91698,36.384617,21.766542
2049-02-10 00:00:00+00:00,29.290056,37.571857,22.023909
2049-02-11 00:00:00+00:00,29.91314,37.309097,23.48127
2049-02-12 00:00:00+00:00,29.686216,37.64633,21.88863
2049-02-13 00:00:00+00:00,29.959291,38.08357,21.995996
2049-02-14 00:00:00+00:00,29.832375,38.52081,21.453358
2049-02-15 00:00:00+00:00,29.055452,36.608047,22.01072
2049-02-16 00:00:00+00:00,29.32853,37.445282,21.218082
2049-02-17 00:00:00+00:00,30.701609,38.782528,22.975445
2049-02-18 00:00:00+00:00,30.874691,39.21977,22.83281
2049-02-19 00:00:00+00:00,32.097767,40.507004,23.94017
2049-02-20 00:00:00+00:00,32.070847,40.394238,24.047533
2049-02-21 00:00:00+00:00,31.793924,40.031483,23.854895
2049-02-22 00:00:00+00:00,31.717001,40.068718,23.662258
2049-02-23 00:00:00+00:00,32.09008,40.25596,23.66962
2049-02-24 00:00:00+00:00,30.81316,38.7432,23.276985
2049-02-25 00:00:00+00:00,28.586239,36.080433,20.734348
2049-02-26 00:00:00+00:00,28.809319,36.217674,21.041708
2049-02-27 00:00:00+00:00,29.432396,37.75491,21.149073
2049-02-28 00:00:00+00:00,29.805475,38.492153,21.306435
2049-03-01 00:00:00+00:00,31.27855,40.17939,22.613796
2049-03-02 00:00:00+00:00,32.251633,41.01663,23.671162
2049-03-03 00:00:00+00:00,32.839874,41.610218,24.301266
2049-03-04 00:00:00+00:00,32.153374,40.36439,23.969275
2049-03-05 00:00:00+00:00,31.716873,39.918564,23.287283
2049-03-06 00:00:00+00:00,32.280376,40.472736,24.105291
2049-03-07 00:00:00+00:00,32.793877,41.02691,24.473299
2049-03-08 00:00:00+00:00,32.75738,40.781075,25.04131
2049-03-09 00:00:00+00:00,33.920883,41.735252,26.659317
2049-03-10 00:00:00+00:00,31.734386,39.28942,24.027327
2049-03-11 00:00:00+00:00,31.147886,37.443596,24.845333
2049-03-12 00:00:00+00:00,32.411392,40.69777,24.913345
2049-03-13 00:00:00+00:00,31.624893,40.151943,22.581354
2049-03-14 00:00:00+00:00,32.53839,40.906116,23.999363
2049-03-15 00:00:00+00:00,33.401894,41.310284,25.517372
2049-03-16 00:00:00+00:00,34.515396,42.264458,26.585379
2049-03-17 00:00:00+00:00,35.3789,43.26863,27.303387
2049-03-18 00:00:00+00:00,35.4924,43.422806,27.271397
2049-03-19 00:00:00+00:00,35.9559,43.776978,27.789406
2049-03-20 00:00:00+00:00,36.219402,44.18115,28.407413
2049-03-21 00:00:00+00:00,35.132904,42.33532,28.025425
2049-03-22 00:00:00+00:00,33.94641,41.839493,26.193432
2049-03-23 00:00:00+00:00,33.10991,40.493668,25.76144
2049-03-24 00:00:00+00:00,32.17341,39.84784,24.32945
2049-03-25 00:00:00+00:00,32.686913,40.952015,24.047459
2049-03-26 00:00:00+00:00,33.700417,41.756187,25.765467
2049-03-27 00:00:00+00:00,32.763916,40.710358,24.733477
2049-03-28 00:00:00+00:00,31.777418,39.964527,23.351486
2049-03-29 00:00:00+00:00,34.640923,42.818707,26.36949
2049-03-30 00:00:00+00:00,35.454422,42.972878,28.237503
2049-03-31 00:00:00+00:00,35.86792,43.977047,27.75551
2049-04-01 00:00:00+00:00,35.98143,43.48122,27.623518
2049-04-02 00:00:00+00:00,35.894924,43.785393,27.291527
2049-04-03 00:00:00+00:00,35.55843,43.589558,27.159534
2049-04-04 00:00:00+00:00,35.021935,42.943737,26.927546
2049-04-05 00:00:00+00:00,35.78544,44.24791,26.295557
2049-04-06 00:00:00+00:00,35.74894,43.202087,28.063566
2049-04-07 00:00:00+00:00,35.31244,43.206257,27.231573
2049-04-08 00:00:00+00:00,35.47594,43.260426,27.249582
2049-04-09 00:00:00+00:00,35.389442,43.214603,27.51759
2049-04-10 00:00:00+00:00,35.602943,43.86877,27.435598
2049-04-11 00:00:00+00:00,36.116444,44.372944,27.603605
2049-04-12 00:00:00+00:00,36.37995,44.027115,27.721617
2049-04-13 00:00:00+00:00,35.94345,43.33129,28.039625
2049-04-14 00:00:00+00:00,35.65695,43.43546,27.357632
2049-04-15 00:00:00+00:00,36.370457,45.58963,27.075644
2049-04-16 00:00:00+00:00,37.53395,45.243805,29.59365
2049-04-17 00:00:00+00:00,36.39746,43.74798,28.66166
2049-04-18 00:00:00+00:00,33.910965,41.552155,25.179668
2049-04-19 00:00:00+00:00,35.37446,43.606323,27.09768
2049-04-20 00:00:00+00:00,38.587963,47.660496,29.515686
2049-04-21 00:00:00+00:00,36.45147,43.11467,29.483694
2049-04-22 00:00:00+00:00,33.96497,41.218838,25.401707
2049-04-23 00:00:00+00:00,32.57847,40.073013,23.769712
2049-04-24 00:00:00+00:00,33.841972,42.92718,24.637722
2049-04-25 00:00:00+00:00,35.705467,44.03136,26.35573
2049-04-26 00:00:00+00:00,34.468975,42.33553,25.42374
2049-04-27 00:00:00+00:00,33.33248,41.6897,24.191746
2049-04-28 00:00:00+00:00,35.74598,44.643875,26.709759
2049-04-29 00:00:00+00:00,36.709476,44.448044,28.277765
2049-04-30 00:00:00+00:00,35.72298,43.702217,27.045774
2049-05-01 00:00:00+00:00,35.436485,43.306396,27.263786
2049-05-02 00:00:00+00:00,35.299984,43.760563,26.931791
2049-05-03 00:00:00+00:00,38.0689,46.814194,28.96804
2049-05-04 00:00:00+00:00,39.34323,47.017265,31.172531
2049-05-05 00:00:00+00:00,37.767555,45.17034,29.17702
2049-05-06 00:00:00+00:00,35.741886,43.473415,26.881506
2049-05-07 00:00:00+00:00,34.266216,42.226494,25.435993
2049-05-08 00:00:00+00:00,34.14054,42.379574,25.24048
2049-05-09 00:00:00+00:00,33.564873,41.73265,24.64497
2049-05-10 00:00:00+00:00,31.7892,39.785725,22.899462
2049-05-11 00:00:00+00:00,31.263525,39.3888,22.353949
2049-05-12 00:00:00+00:00,32.487854,40.791878,24.058437
2049-05-13 00:00:00+00:00,34.762184,43.59496,25.862926
2049-05-14 00:00:00+00:00,34.78651,41.79803,26.867413
2049-05-15 00:00:00+00:00,33.66084,41.30111,25.121902
2049-05-16 00:00:00+00:00,33.585167,40.454185,25.97639
2049-05-17 00:00:00+00:00,34.359497,42.257263,26.58088
2049-05-18 00:00:00+00:00,34.733826,42.810337,25.885366
2049-05-19 00:00:00+00:00,34.00815,41.36342,25.639856
2049-05-20 00:00:00+00:00,33.68248,40.766495,25.544346
2049-05-21 00:00:00+00:00,34.05681,42.26957,25.248833
2049-05-22 00:00:00+00:00,33.631134,42.022648,24.553324
2049-05-23 00:00:00+00:00,33.755463,41.225723,25.157808
2049-05-24 00:00:00+00:00,33.47979,40.5788,25.412298
2049-05-25 00:00:00+00:00,33.804115,41.631878,25.816788
2049-05-26 00:00:00+00:00,33.878445,41.584953,25.421274
2049-05-27 00:00:00+00:00,34.002777,40.538025,26.875763
2049-05-28 00:00:00+00:00,34.4271,41.191113,27.280252
2049-05-29 00:00:00+00:00,34.101433,41.99418,25.88474
2049-05-30 00:00:00+00:00,33.82576,40.947258,25.93923
2049-05-31 00:00:00+00:00,34.900085,41.900337,27.193718
2049-06-01 00:00:00+00:00,35.274414,44.453415,26.948204
2049-06-02 00:00:00+00:00,36.898743,44.806488,28.202696
2049-06-03 00:00:00+00:00,34.77307,42.359562,26.757183
2049-06-04 00:00:00+00:00,36.2474,43.462646,28.561672
2049-06-05 00:00:00+00:00,37.071724,43.415726,30.116161
2049-06-06 00:00:00+00:00,36.096058,43.6688,27.870646
2049-06-07 00:00:00+00:00,35.320385,42.471874,27.325136
2049-06-08 00:00:00+00:00,34.744713,41.474953,27.229624
2049-06-09 00:00:00+00:00,34.41904,41.47803,26.684113
2049-06-10 00:00:00+00:00,34.84337,42.731106,26.938604
2049-06-11 00:00:00+00:00,34.617695,40.48418,27.543089
2049-06-12 00:00:00+00:00,36.242023,42.837257,29.14758
2049-06-13 00:00:00+00:00,37.266354,45.790337,28.952065
2049-06-14 00:00:00+00:00,34.090675,40.943413,26.906557
2049-06-15 00:00:00+00:00,33.565006,40.496487,26.311043
2049-06-16 00:00:00+00:00,34.339336,41.449566,27.115532
2049-06-17 00:00:00+00:00,33.563663,39.602642,26.520021
2049-06-18 00:00:00+00:00,33.287994,38.95572,27.17451
2049-06-19 00:00:00+00:00,33.21232,39.35879,27.329
2049-06-20 00:00:00+00:00,34.086647,40.51187,27.883486
2049-06-21 00:00:00+00:00,34.910973,41.414948,28.187973
2049-06-22 00:00:00+00:00,35.085304,41.418022,28.342464
2049-06-23 00:00:00+00:00,34.15963,40.6211,27.346952
2049-06-24 00:00:00+00:00,33.983955,40.624176,27.10144
2049-06-25 00:00:00+00:00,33.65829,40.777256,28.205927
2049-06-26 00:00:00+00:00,32.232613,38.58033,26.760416
2049-06-27 00:00:00+00:00,34.206947,40.233406,28.714903
2049-06-28 00:00:00+00:00,34.43127,40.536484,28.469393
2049-06-29 00:00:00+00:00,34.4556,41.13956,27.623884
2049-06-30 00:00:00+00:00,34.179928,40.74264,27.228369
2049-07-01 00:00:00+00:00,34.55426,41.295715,27.432858
2049-07-02 00:00:00+00:00,33.278584,40.148792,26.237347
2049-07-03 00:00:00+00:00,32.7496,38.55593,27.475422
2049-07-04 00:00:00+00:00,31.918623,37.815514,28.25365
2049-07-05 00:00:00+00:00,32.687645,39.025093,26.481873
2049-07-06 00:00:00+00:00,32.856667,39.084675,26.560097
2049-07-07 00:00:00+00:00,32.625694,37.844254,27.938324
2049-07-08 00:00:00+00:00,32.544716,38.103832,27.216549
2049-07-09 00:00:00+00:00,33.01374,38.913414,27.294775
2049-07-10 00:00:00+00:00,32.53277,38.772987,26.323002
2049-07-11 00:00:00+00:00,28.001787,33.23257,24.551228
2049-07-12 00:00:00+00:00,27.820814,32.592148,24.52945
2049-07-13 00:00:00+00:00,28.489836,34.001728,24.657675
2049-07-14 00:00:00+00:00,28.50886,32.46131,25.085901
2049-07-15 00:00:00+00:00,27.877886,31.720886,24.514128
2049-07-16 00:00:00+00:00,28.896908,34.03047,24.442354
2049-07-17 00:00:00+00:00,29.96593,34.740047,26.07058
2049-07-18 00:00:00+00:00,29.534954,34.69963,25.648802
2049-07-19 00:00:00+00:00,27.403978,32.00921,23.72703
2049-07-20 00:00:00+00:00,29.123001,34.468792,24.405256
2049-07-21 00:00:00+00:00,31.092026,36.378365,26.433481
2049-07-22 00:00:00+00:00,30.21105,35.78795,25.211708
2049-07-23 00:00:00+00:00,30.380074,35.397526,26.639933
2049-07-24 00:00:00+00:00,30.299097,35.707108,26.318157
2049-07-25 00:00:00+00:00,31.518122,37.166683,26.546383
2049-07-26 00:00:00+00:00,32.937145,38.326263,27.824608
2049-07-27 00:00:00+00:00,31.806171,37.18585,26.802834
2049-07-28 00:00:00+00:00,30.975191,36.54543,26.48106
2049-07-29 00:00:00+00:00,28.244217,31.305008,25.309282
2049-07-30 00:00:00+00:00,29.213238,33.914585,24.53751
2049-07-31 00:00:00+00:00,31.432264,36.124165,26.565735
2049-08-01 00:00:00+00:00,33.201286,38.333744,28.19396
2049-08-02 00:00:00+00:00,32.470314,37.693325,27.922188
2049-08-03 00:00:00+00:00,30.489336,35.4529,26.300415
2049-08-04 00:00:00+00:00,26.35836,28.512487,23.278639
2049-08-05 00:00:00+00:00,23.927382,24.822065,22.556862
2049-08-06 00:00:00+00:00,25.046408,28.131645,22.235088
2049-08-07 00:00:00+00:00,28.215431,32.84123,23.663315
2049-08-08 00:00:00+00:00,28.534452,31.500805,24.141539
2049-08-09 00:00:00+00:00,24.35348,25.660385,23.019764
2049-08-10 00:00:00+00:00,25.472502,28.819963,22.84799
2049-08-11 00:00:00+00:00,27.891525,31.979542,23.426218
2049-08-12 00:00:00+00:00,29.810553,35.33912,26.504442
2049-08-13 00:00:00+00:00,26.379574,28.298702,23.78267
2049-08-14 00:00:00+00:00,26.698599,30.708282,23.260893
2049-08-15 00:00:00+00:00,28.817623,33.417862,24.68912
2049-08-16 00:00:00+00:00,31.536644,36.377438,27.517344
2049-08-17 00:00:00+00:00,30.405668,35.237022,26.745567
2049-08-18 00:00:00+00:00,28.67469,32.7966,26.073793
2049-08-19 00:00:00+00:00,29.093716,32.956184,25.65202
2049-08-20 00:00:00+00:00,29.56274,35.265762,26.030245
2049-08-21 00:00:00+00:00,28.331764,32.47534,25.408472
2049-08-22 00:00:00+00:00,27.750788,32.33492,24.286697
2049-08-23 00:00:00+00:00,27.869812,32.6445,24.664923
2049-08-24 00:00:00+00:00,28.038836,32.80408,23.993147
2049-08-25 00:00:00+00:00,28.30786,31.56366,25.421373
2049-08-26 00:00:00+00:00,28.226883,32.273243,24.399597
2049-08-27 00:00:00+00:00,29.995907,34.132816,25.627827
2049-08-28 00:00:00+00:00,31.91493,35.8924,27.756052
2049-08-29 00:00:00+00:00,32.333954,36.45198,28.234274
2049-08-30 00:00:00+00:00,31.202978,35.71156,27.7625
2049-08-31 00:00:00+00:00,28.372002,29.821138,26.540726
2049-09-01 00:00:00+00:00,29.391026,33.580723,25.618952
2049-09-02 00:00:00+00:00,30.095896,33.886875,27.065687
2049-09-03 00:00:00+00:00,29.196049,31.691887,26.801922
2049-09-04 00:00:00+00:00,29.096203,32.8469,26.03816
2049-09-05 00:00:00+00:00,29.096355,32.651917,25.674398
2049-09-06 00:00:00+00:00,29.896505,33.95693,26.010635
2049-09-07 00:00:00+00:00,29.546661,34.81194,25.246872
2049-09-08 00:00:00+00:00,27.396812,30.416958,24.933107
2049-09-09 00:00:00+00:00,27.646965,32.421967,24.719347
2049-09-10 00:00:00+00:00,27.197117,30.826982,24.605581
2049-09-11 00:00:00+00:00,26.797274,30.131994,24.19182
2049-09-12 00:00:00+00:00,27.347424,31.937008,23.72806
2049-09-13 00:00:00+00:00,27.247578,31.14202,24.414295
2049-09-14 00:00:00+00:00,27.047731,29.947037,24.400534
2049-09-15 00:00:00+00:00,27.797886,31.252048,24.38677
2049-09-16 00:00:00+00:00,28.848036,33.25706,24.623009
2049-09-17 00:00:00+00:00,29.398188,33.862076,24.809246
2049-09-18 00:00:00+00:00,29.298344,33.26709,25.04548
2049-09-19 00:00:00+00:00,29.148495,33.9721,24.181719
2049-09-20 00:00:00+00:00,28.298647,31.727116,24.567955
2049-09-21 00:00:00+00:00,27.4988,31.882132,23.904192
2049-09-22 00:00:00+00:00,29.398952,34.03714,24.64043
2049-09-23 00:00:00+00:00,30.349108,35.442158,25.626667
2049-09-24 00:00:00+00:00,30.449259,34.99717,25.912903
2049-09-25 00:00:00+00:00,30.74941,35.452183,25.79914
2049-09-26 00:00:00+00:00,31.449566,35.907196,26.935379
2049-09-27 00:00:00+00:00,31.199717,36.11221,27.071617
2049-09-28 00:00:00+00:00,30.39987,34.36722,27.357853
2049-09-29 00:00:00+00:00,30.450022,35.272236,26.79409
2049-09-30 00:00:00+00:00,30.300177,35.37725,25.980331
2049-10-01 00:00:00+00:00,30.200329,36.08226,25.066566
2049-10-02 00:00:00+00:00,30.600483,35.837276,25.952805
2049-10-03 00:00:00+00:00,30.100636,35.192287,25.939041
2049-10-04 00:00:00+00:00,29.600786,34.247303,25.875277
2049-10-05 00:00:00+00:00,29.90094,35.00232,24.961515
2049-10-06 00:00:00+00:00,29.901093,35.10733,25.14775
2049-10-07 00:00:00+00:00,29.501245,35.112343,24.583986
2049-10-08 00:00:00+00:00,29.901398,36.067356,23.870228
2049-10-09 00:00:00+00:00,29.551554,34.472366,24.706463
2049-10-10 00:00:00+00:00,29.451706,34.47738,24.2927
2049-10-11 00:00:00+00:00,29.001856,34.3824,23.778936
2049-10-12 00:00:00+00:00,29.352009,34.18741,24.215176
2049-10-13 00:00:00+00:00,30.202164,36.44242,24.101414
2049-10-14 00:00:00+00:00,31.652317,38.84744,24.98765
2049-10-15 00:00:00+00:00,31.002468,36.552452,25.173887
2049-10-16 00:00:00+00:00,30.702623,36.607464,25.560125
2049-10-17 00:00:00+00:00,30.752775,36.66248,25.246365
2049-10-18 00:00:00+00:00,31.352928,38.56749,24.982601
2049-10-19 00:00:00+00:00,31.753082,39.9725,24.568834
2049-10-20 00:00:00+00:00,31.253233,37.777515,24.805073
2049-10-21 00:00:00+00:00,31.253387,37.68253,24.391312
2049-10-22 00:00:00+00:00,31.10354,37.337543,24.877548
2049-10-23 00:00:00+00:00,31.253693,38.242558,24.813786
2049-10-24 00:00:00+00:00,31.153845,38.19757,25.30002
2049-10-25 00:00:00+00:00,30.953997,38.002583,24.286259
2049-10-26 00:00:00+00:00,30.454151,37.7576,23.822496
2049-10-27 00:00:00+00:00,29.954304,37.862614,23.258734
2049-10-28 00:00:00+00:00,29.854456,38.91762,22.594969
2049-10-29 00:00:00+00:00,29.704609,37.87264,21.33121
2049-10-30 00:00:00+00:00,29.304764,37.52765,20.717447
2049-10-31 00:00:00+00:00,29.604918,36.932667,21.403683
2049-11-01 00:00:00+00:00,30.105068,37.637676,22.53992
2049-11-02 00:00:00+00:00,29.828762,37.530357,22.599417
2049-11-03 00:00:00+00:00,29.448675,37.321274,22.255095
2049-11-04 00:00:00+00:00,30.968592,38.662197,24.560772
2049-11-05 00:00:00+00:00,31.938507,40.10312,25.21645
2049-11-06 00:00:00+00:00,32.10842,40.744034,24.272127
2049-11-07 00:00:00+00:00,32.178337,40.084953,24.577803
2049-11-08 00:00:00+00:00,32.14825,39.675873,25.683481
2049-11-09 00:00:00+00:00,31.018166,38.26679,25.339159
2049-11-10 00:00:00+00:00,30.338081,37.70771,24.794836
2049-11-11 00:00:00+00:00,29.707994,37.24863,23.050512
2049-11-12 00:00:00+00:00,29.677908,37.63955,22.356192
2049-11-13 00:00:00+00:00,30.297821,38.180466,23.211868
2049-11-14 00:00:00+00:00,30.717737,38.221386,24.467546
2049-11-15 00:00:00+00:00,30.587652,38.212303,23.623222
2049-11-16 00:00:00+00:00,31.007566,38.403225,23.028902
2049-11-17 00:00:00+00:00,31.027481,38.494144,23.784575
2049-11-18 00:00:00+00:00,30.697397,38.18506,22.990253
2049-11-19 00:00:00+00:00,31.067312,38.82598,23.995932
2049-11-20 00:00:00+00:00,31.337225,39.066902,25.05161
2049-11-21 00:00:00+00:00,30.80714,38.657818,24.157288
2049-11-22 00:00:00+00:00,30.627058,38.498737,23.662964
2049-11-23 00:00:00+00:00,30.796968,38.43966,24.26864
2049-11-24 00:00:00+00:00,30.166883,37.930576,22.974318
2049-11-25 00:00:00+00:00,29.536798,37.721493,21.729998
2049-11-26 00:00:00+00:00,29.756714,37.812412,22.485674
2049-11-27 00:00:00+00:00,29.526628,37.70333,21.94135
2049-11-28 00:00:00+00:00,29.146544,37.34425,20.99703
2049-11-29 00:00:00+00:00,29.916456,37.485172,23.002705
2049-11-30 00:00:00+00:00,29.436375,36.02609,23.258385
2049-12-01 00:00:00+00:00,28.906286,35.81701,22.514061
2049-12-02 00:00:00+00:00,28.626202,35.307926,22.369736
2049-12-03 00:00:00+00:00,28.196114,34.948853,21.825415
2049-12-04 00:00:00+00:00,27.96603,35.289764,21.281092
2049-12-05 00:00:00+00:00,28.685944,36.680683,21.336771
2049-12-06 00:00:00+00:00,29.20586,36.971603,22.342445
2049-12-07 00:00:00+00:00,28.725775,35.862522,22.548124
2049-12-08 00:00:00+00:00,27.445688,34.703445,20.803804
2049-12-09 00:00:00+00:00,26.6156,34.094364,19.609478
2049-12-10 00:00:00+00:00,26.68552,34.68528,19.115156
2049-12-11 00:00:00+00:00,27.855434,36.076202,20.320835
2049-12-12 00:00:00+00:00,29.525347,36.917118,22.926512
2049-12-13 00:00:00+00:00,30.09526,37.058037,23.93219
2049-12-14 00:00:00+00:00,28.665176,35.398956,22.287867
2049-12-15 00:00:00+00:00,27.33509,34.489876,20.893543
2049-12-16 00:00:00+00:00,27.055004,34.880795,19.74922
2049-12-17 00:00:00+00:00,28.074919,35.271713,21.7549
2049-12-18 00:00:00+00:00,27.844835,34.06263,21.760576
2049-12-19 00:00:00+00:00,28.464748,33.90355,23.51625
2049-12-20 00:00:00+00:00,27.784664,33.144466,22.67193
2049-12-21 00:00:00+00:00,29.154577,35.835384,23.477608
2049-12-22 00:00:00+00:00,29.424496,36.426308,22.933285
2049-12-23 00:00:00+00:00,28.64441,36.16723,21.938963
2049-12-24 00:00:00+00:00,26.864323,34.308144,19.744638
2049-12-25 00:00:00+00:00,26.184238,34.59906,18.400318
2049-12-26 00:00:00+00:00,26.954153,35.489986,19.105995
2049-12-27 00:00:00+00:00,27.224066,35.330902,19.711672
2049-12-28 00:00:00+00:00,26.59398,34.871822,19.367348
2049-12-29 00:00:00+00:00,26.613894,34.81274,19.123026
2049-12-30 00:00:00+00:00,26.98381,35.60366,19.478706
2049-12-31 00:00:00+00:00,26.903727,35.14458,19.684381
2050-01-01 00:00:00+00:00,26.323639,34.285496,19.09006
2050-01-02 00:00:00+00:00,26.49672,34.822735,19.247421
2050-01-03 00:00:00+00:00,26.619799,35.659977,18.404785
2050-01-04 00:00:00+00:00,27.492874,35.547215,20.012146
2050-01-05 00:00:00+00:00,28.665955,36.034454,22.06951
2050-01-06 00:00:00+00:00,28.889032,36.32169,22.226871
2050-01-07 00:00:00+00:00,28.462112,35.40893,22.034235
2050-01-08 00:00:00+00:00,27.785192,33.99617,21.841599
2050-01-09 00:00:00+00:00,26.958267,34.183407,20.29896
2050-01-10 00:00:00+00:00,26.331347,34.070644,18.806322
2050-01-11 00:00:00+00:00,26.104427,34.357883,18.663687
2050-01-12 00:00:00+00:00,27.627506,36.04512,19.271048
2050-01-13 00:00:00+00:00,28.900585,37.03236,20.878412
2050-01-14 00:00:00+00:00,29.923664,38.0196,22.535774
2050-01-15 00:00:00+00:00,30.49674,38.65684,22.493137
2050-01-16 00:00:00+00:00,30.31982,38.19408,23.1505
2050-01-17 00:00:00+00:00,30.592897,38.381317,23.35786
2050-01-18 00:00:00+00:00,30.46598,38.218555,23.465223
2050-01-19 00:00:00+00:00,29.939056,37.855797,22.672585
2050-01-20 00:00:00+00:00,29.712137,38.043034,22.229948
2050-01-21 00:00:00+00:00,29.985214,38.680267,21.737314
2050-01-22 00:00:00+00:00,30.958292,39.617508,22.694675
2050-01-23 00:00:00+00:00,31.781372,40.25475,23.952038
2050-01-24 00:00:00+00:00,32.004448,40.541992,24.0094
2050-01-25 00:00:00+00:00,31.57753,40.079227,23.566765
2050-01-26 00:00:00+00:00,31.400608,39.516464,23.674128
2050-01-27 00:00:00+00:00,30.873686,39.303703,23.031488
2050-01-28 00:00:00+00:00,30.546764,39.090942,23.18885
2050-01-29 00:00:00+00:00,29.869843,38.12818,22.396214
2050-01-30 00:00:00+00:00,28.842922,36.26542,21.503578
2050-01-31 00:00:00+00:00,27.716003,35.45266,20.610939
2050-02-01 00:00:00+00:00,26.73908,34.9399,19.118301
2050-02-02 00:00:00+00:00,27.812157,36.777138,19.175663
2050-02-03 00:00:00+00:00,28.33524,36.364372,20.533026
2050-02-04 00:00:00+00:00,29.258318,37.251614,21.190392
2050-02-05 00:00:00+00:00,30.281397,37.98885,22.547752
2050-02-06 00:00:00+00:00,31.454475,39.57609,23.255116
2050-02-07 00:00:00+00:00,31.527554,39.26333,23.862476
2050-02-08 00:00:00+00:00,31.45063,39.300564,23.969841
2050-02-09 00:00:00+00:00,31.77371,39.63781,24.077204
2050-02-10 00:00:00+00:00,31.646788,39.125046,24.234564
2050-02-11 00:00:00+00:00,31.21987,38.912285,23.841928
2050-02-12 00:00:00+00:00,29.892948,37.69952,22.24929
2050-02-13 00:00:00+00:00,30.216024,37.986763,22.406654
2050-02-14 00:00:00+00:00,31.139103,39.224,23.114016
2050-02-15 00:00:00+00:00,31.562183,39.261242,23.971378
2050-02-16 00:00:00+00:00,31.185263,38.798477,23.628742
2050-02-17 00:00:00+00:00,31.10834,39.135715,23.336103
2050-02-18 00:00:00+00:00,31.431421,39.172955,23.393469
2050-02-19 00:00:00+00:00,29.804497,37.610195,22.05083
2050-02-20 00:00:00+00:00,28.077574,35.997433,19.908194
2050-02-21 00:00:00+00:00,28.800657,36.63467,20.765554
2050-02-22 00:00:00+00:00,31.423733,40.221912,22.772917
2050-02-23 00:00:00+00:00,33.596813,41.909153,25.43028
2050-02-24 00:00:00+00:00,34.119892,42.54639,26.087643
2050-02-25 00:00:00+00:00,33.84297,42.033627,25.995007
2050-02-26 00:00:00+00:00,33.96605,42.27086,25.552368
2050-02-27 00:00:00+00:00,34.48913,42.758102,26.25973
2050-02-28 00:00:00+00:00,34.512207,42.69534,26.467093
2050-03-01 00:00:00+00:00,34.235283,42.982574,25.574455
2050-03-02 00:00:00+00:00,33.358368,41.51982,25.481821
2050-03-03 00:00:00+00:00,33.136497,40.959175,25.196766
2050-03-04 00:00:00+00:00,33.6,41.813347,25.514772
2050-03-05 00:00:00+00:00,33.763496,41.61752,26.182777
2050-03-06 00:00:00+00:00,33.177002,40.97169,25.00079
2050-03-07 00:00:00+00:00,33.0405,40.775864,25.068798
2050-03-08 00:00:00+00:00,31.754005,39.530037,23.786806
2050-03-09 00:00:00+00:00,30.567503,39.084217,22.304815
2050-03-10 00:00:00+00:00,30.63101,39.438377,21.872826
2050-03-11 00:00:00+00:00,32.24451,40.642555,23.940834
2050-03-12 00:00:00+00:00,33.458015,41.596725,25.308842
2050-03-13 00:00:00+00:00,33.621513,42.4509,24.72685
2050-03-14 00:00:00+00:00,34.835014,44.00507,25.84486
2050-03-15 00:00:00+00:00,34.548515,42.30924,26.312868
2050-03-16 00:00:00+00:00,32.61202,40.263416,24.23088
2050-03-17 00:00:00+00:00,33.775524,42.06759,24.748886
2050-03-18 00:00:00+00:00,34.289024,41.571762,26.966894
2050-03-19 00:00:00+00:00,33.252525,40.57593,26.184902
2050-03-20 00:00:00+00:00,32.616028,40.230106,24.15291
2050-03-21 00:00:00+00:00,32.379528,40.73428,23.770922
2050-03-22 00:00:00+00:00,33.043037,41.38845,24.838928
2050-03-23 00:00:00+00:00,32.70653,40.242622,24.956938
2050-03-24 00:00:00+00:00,33.170036,41.096794,25.32495
2050-03-25 00:00:00+00:00,32.083538,40.15097,23.492956
2050-03-26 00:00:00+00:00,33.54704,41.80514,25.260965
2050-03-27 00:00:00+00:00,35.41054,43.80931,26.978975
2050-03-28 00:00:00+00:00,36.924046,45.313488,28.846983
2050-03-29 00:00:00+00:00,35.237545,43.367653,27.264992
2050-03-30 00:00:00+00:00,34.601044,43.37183,25.333
2050-03-31 00:00:00+00:00,36.814552,44.526,29.101007
2050-04-01 00:00:00+00:00,35.678055,42.130173,28.769018
2050-04-02 00:00:00+00:00,34.14155,40.83435,26.887026
2050-04-03 00:00:00+00:00,34.505054,41.83852,26.755035
2050-04-04 00:00:00+00:00,33.568558,40.592693,26.723042
2050-04-05 00:00:00+00:00,32.332058,39.896862,24.291052
2050-04-06 00:00:00+00:00,32.845562,40.301033,24.759062
2050-04-07 00:00:00+00:00,34.259064,42.20521,25.827072
2050-04-08 00:00:00+00:00,35.472565,43.459385,27.295078
2050-04-09 00:00:00+00:00,35.836067,43.46356,27.763088
2050-04-10 00:00:00+00:00,34.79957,42.71773,26.6311
2050-04-11 00:00:00+00:00,35.91307,43.421898,27.549105
2050-04-12 00:00:00+00:00,35.72657,42.876072,28.117113
2050-04-13 00:00:00+00:00,36.890076,44.680244,29.185123
2050-04-14 00:00:00+00:00,36.50358,44.684418,28.653131
2050-04-15 00:00:00+00:00,36.26708,44.888588,27.87114
2050-04-16 00:00:00+00:00,37.730576,45.292767,29.639147
2050-04-17 00:00:00+00:00,37.694084,44.696934,30.057158
2050-04-18 00:00:00+00:00,37.007584,43.851105,29.725164
2050-04-19 00:00:00+00:00,36.42109,43.405277,29.043177
2050-04-20 00:00:00+00:00,35.584583,43.35945,27.261183
2050-04-21 00:00:00+00:00,35.348087,43.863625,26.679193
2050-04-22 00:00:00+00:00,35.86159,44.817795,26.847202
2050-04-23 00:00:00+00:00,36.525093,44.72197,27.915213
2050-04-24 00:00:00+00:00,35.938595,43.976143,27.48322
2050-04-25 00:00:00+00:00,33.852097,41.430313,25.851225
2050-04-26 00:00:00+00:00,31.6656,39.03449,23.469236
2050-04-27 00:00:00+00:00,30.529106,38.28866,22.087244
2050-04-28 00:00:00+00:00,32.292603,39.642834,24.355253
2050-04-29 00:00:00+00:00,34.856102,42.797,26.37326
2050-04-30 00:00:00+00:00,35.969604,43.051178,28.44127
2050-05-01 00:00:00+00:00,35.23311,41.75535,27.959278
2050-05-02 00:00:00+00:00,36.046608,43.15952,28.52729
2050-05-03 00:00:00+00:00,37.66282,45.163418,29.704418
2050-05-04 00:00:00+00:00,38.287148,45.416496,30.708908
2050-05-05 00:00:00+00:00,37.71148,44.569572,30.363394
2050-05-06 00:00:00+00:00,36.835804,43.772644,29.467886
2050-05-07 00:00:00+00:00,35.760136,42.925728,27.822372
2050-05-08 00:00:00+00:00,35.03446,42.678802,26.82686
2050-05-09 00:00:00+00:00,34.158787,41.781883,26.38135
2050-05-10 00:00:00+00:00,33.533115,41.334957,25.535837
2050-05-11 00:00:00+00:00,33.157444,41.088036,24.740324
2050-05-12 00:00:00+00:00,33.981773,41.541107,26.194815
2050-05-13 00:00:00+00:00,35.0561,42.24419,27.649303
2050-05-14 00:00:00+00:00,34.93043,42.04726,27.60379
2050-05-15 00:00:00+00:00,33.304756,40.600346,25.40828
2050-05-16 00:00:00+00:00,31.329086,38.553413,23.162766
2050-05-17 00:00:00+00:00,31.953413,39.706493,23.917255
2050-05-18 00:00:00+00:00,34.67774,42.85957,26.121744
2050-05-19 00:00:00+00:00,39.50207,47.812645,31.376232
2050-05-20 00:00:00+00:00,39.326397,47.365726,31.280722
2050-05-21 00:00:00+00:00,35.45072,44.118805,25.88521
2050-05-22 00:00:00+00:00,33.97505,41.12188,25.289701
2050-05-23 00:00:00+00:00,35.39938,43.57495,26.794186
2050-05-24 00:00:00+00:00,35.27371,42.878033,27.198677
2050-05-25 00:00:00+00:00,34.348034,41.93111,25.503164
2050-05-26 00:00:00+00:00,32.622364,40.234184,23.807653
2050-05-27 00:00:00+00:00,32.54669,40.787262,23.71214
2050-05-28 00:00:00+00:00,33.17102,40.790337,25.11663
2050-05-29 00:00:00+00:00,32.895344,40.743416,24.67112
2050-05-30 00:00:00+00:00,32.219677,40.09649,23.825607
2050-05-31 00:00:00+00:00,31.794006,39.399567,23.580093
2050-06-01 00:00:00+00:00,32.16833,39.352642,24.534584
2050-06-02 00:00:00+00:00,32.642666,40.005722,24.889072
2050-06-03 00:00:00+00:00,32.716988,40.208797,24.84356
2050-06-04 00:00:00+00:00,33.341316,41.161873,25.09805
2050-06-05 00:00:00+00:00,33.66565,41.41495,25.502537
2050-06-06 00:00:00+00:00,35.139973,42.568027,27.807022
2050-06-07 00:00:00+00:00,35.714302,42.571102,28.811516
2050-06-08 00:00:00+00:00,36.18863,42.874176,29.416002
2050-06-09 00:00:00+00:00,36.362957,43.377254,29.17049
2050-06-10 00:00:00+00:00,38.087284,47.080334,29.72498
2050-06-11 00:00:00+00:00,38.411613,45.53341,31.479471
2050-06-12 00:00:00+00:00,35.185944,42.536488,27.083958
2050-06-13 00:00:00+00:00,34.41027,41.539566,26.888445
2050-06-14 00:00:00+00:00,33.634598,40.542645,26.442934
2050-06-15 00:00:00+00:00,33.758926,40.59572,26.747423
2050-06-16 00:00:00+00:00,34.233253,40.948795,27.05191
2050-06-17 00:00:00+00:00,34.10758,40.801872,27.356398
2050-06-18 00:00:00+00:00,33.38191,40.00495,26.660887
2050-06-19 00:00:00+00:00,33.456238,39.508026,26.965376
2050-06-20 00:00:00+00:00,33.430565,37.7111,28.019865
2050-06-21 00:00:00+00:00,34.00489,39.664177,28.424355
2050-06-22 00:00:00+00:00,34.52922,41.21726,27.77884
2050-06-23 00:00:00+00:00,33.003548,39.32033,27.433329
2050-06-24 00:00:00+00:00,32.727875,39.62341,25.88782
2050-06-25 00:00:00+00:00,31.70221,35.826485,26.792309
2050-06-26 00:00:00+00:00,32.476532,38.379562,27.796795
2050-06-27 00:00:00+00:00,32.60086,37.832638,27.451283
2050-06-28 00:00:00+00:00,32.87519,38.685715,27.105772
2050-06-29 00:00:00+00:00,31.899517,36.988796,27.51026
2050-06-30 00:00:00+00:00,33.423847,39.741867,27.564749
2050-07-01 00:00:00+00:00,34.498173,40.344948,28.36924
2050-07-02 00:00:00+00:00,33.622505,39.59802,27.523726
2050-07-03 00:00:00+00:00,32.344845,38.35354,27.468365
2050-07-04 00:00:00+00:00,31.113869,36.063118,27.04659
2050-07-05 00:00:00+00:00,33.18289,38.8227,28.024817
2050-07-06 00:00:00+00:00,34.051914,39.03228,28.653044
2050-07-07 00:00:00+00:00,33.57094,39.141853,27.53127
2050-07-08 00:00:00+00:00,33.13996,39.001434,26.90949
2050-07-09 00:00:00+00:00,32.90898,38.911015,26.987719
2050-07-10 00:00:00+00:00,32.77801,38.770596,26.615944
2050-07-11 00:00:00+00:00,32.89703,39.630177,27.94417
2050-07-12 00:00:00+00:00,32.51606,37.089756,28.422398
2050-07-13 00:00:00+00:00,34.335083,39.899334,28.75062
2050-07-14 00:00:00+00:00,33.4541,39.308914,27.278847
2050-07-15 00:00:00+00:00,32.773125,37.268494,28.657072
2050-07-16 00:00:00+00:00,33.39215,38.87808,28.385298
2050-07-17 00:00:00+00:00,33.461174,39.637657,27.813524
2050-07-18 00:00:00+00:00,32.1802,38.297234,26.34175
2050-07-19 00:00:00+00:00,30.499224,34.956814,27.219973
2050-07-20 00:00:00+00:00,31.318247,36.966393,26.3982
2050-07-21 00:00:00+00:00,33.93727,39.275974,28.376425
2050-07-22 00:00:00+00:00,34.006294,39.735554,28.65465
2050-07-23 00:00:00+00:00,33.72532,38.995136,28.532875
2050-07-24 00:00:00+00:00,34.64434,39.80471,29.8111
2050-07-25 00:00:00+00:00,34.063366,39.76429,28.03933
2050-07-26 00:00:00+00:00,33.08239,39.723873,26.617552
2050-07-27 00:00:00+00:00,31.101414,36.083454,25.645777
2050-07-28 00:00:00+00:00,32.82044,37.64303,27.974
2050-07-29 00:00:00+00:00,32.339462,37.60261,27.65223
2050-07-30 00:00:00+00:00,31.008484,35.36219,27.080456
2050-07-31 00:00:00+00:00,32.077507,37.27177,27.30868
2050-08-01 00:00:00+00:00,30.446533,36.13135,27.036905
2050-08-02 00:00:00+00:00,29.465555,34.49093,26.015133
2050-08-03 00:00:00+00:00,30.38458,35.000507,25.793356
2050-08-04 00:00:00+00:00,31.253603,35.710087,26.82158
2050-08-05 00:00:00+00:00,31.472628,36.11967,27.149809
2050-08-06 00:00:00+00:00,27.841652,32.229248,25.028032
2050-08-07 00:00:00+00:00,28.310677,33.78883,24.456257
2050-08-08 00:00:00+00:00,29.8297,35.19841,25.834484
2050-08-09 00:00:00+00:00,30.598724,35.207993,26.562708
2050-08-10 00:00:00+00:00,28.217743,31.867565,25.740936
2050-08-11 00:00:00+00:00,28.38677,32.02715,25.419159
2050-08-12 00:00:00+00:00,28.755795,32.88673,25.647383
2050-08-13 00:00:00+00:00,29.674816,34.096306,25.12561
2050-08-14 00:00:00+00:00,30.343842,34.705887,26.253836
2050-08-15 00:00:00+00:00,30.512863,35.565468,26.132063
2050-08-16 00:00:00+00:00,30.681889,35.675045,26.010286
2050-08-17 00:00:00+00:00,32.900913,38.234627,27.738512
2050-08-18 00:00:00+00:00,32.019936,37.49421,26.916739
2050-08-19 00:00:00+00:00,30.48896,35.753784,26.744965
2050-08-20 00:00:00+00:00,29.407982,33.663364,26.17319
2050-08-21 00:00:00+00:00,29.827007,35.172947,26.001415
2050-08-22 00:00:00+00:00,28.146029,30.882526,25.57964
2050-08-23 00:00:00+00:00,26.965055,30.942106,24.157866
2050-08-24 00:00:00+00:00,26.084082,28.951685,24.086092
2050-08-25 00:00:00+00:00,27.753101,32.061264,23.564318
2050-08-26 00:00:00+00:00,28.322128,30.170845,25.942543
2050-08-27 00:00:00+00:00,30.64115,35.030426,26.470768
2050-08-28 00:00:00+00:00,29.760174,34.640003,24.648994
2050-08-29 00:00:00+00:00,25.1292,25.799582,23.977219
2050-08-30 00:00:00+00:00,27.248222,30.909164,23.755445
2050-08-31 00:00:00+00:00,29.117245,33.818745,24.88367
2050-09-01 00:00:00+00:00,28.086267,31.228321,25.611895
2050-09-02 00:00:00+00:00,28.595858,32.93562,25.169125
2050-09-03 00:00:00+00:00,29.746012,34.140636,25.505365
2050-09-04 00:00:00+00:00,29.896162,34.895645,26.6916
2050-09-05 00:00:00+00:00,29.146317,34.000656,25.577839
2050-09-06 00:00:00+00:00,29.996468,34.55567,25.264076
2050-09-07 00:00:00+00:00,31.49662,35.960686,27.150312
2050-09-08 00:00:00+00:00,29.846775,33.465702,25.48655
2050-09-09 00:00:00+00:00,28.94693,32.820713,24.822788
2050-09-10 00:00:00+00:00,29.747082,33.77573,26.859024
2050-09-11 00:00:00+00:00,29.197235,33.23074,26.89526
2050-09-12 00:00:00+00:00,28.947386,32.935757,26.2815
2050-09-13 00:00:00+00:00,29.397537,34.19077,25.717737
2050-09-14 00:00:00+00:00,31.14769,35.745777,26.603973
2050-09-15 00:00:00+00:00,31.747849,35.950794,28.04021
2050-09-16 00:00:00+00:00,29.647997,31.25581,26.826448
2050-09-17 00:00:00+00:00,28.348152,32.56082,25.412685
2050-09-18 00:00:00+00:00,28.648302,33.515835,25.098923
2050-09-19 00:00:00+00:00,29.198456,33.62085,25.335161
2050-09-20 00:00:00+00:00,29.748608,34.125862,25.621399
2050-09-21 00:00:00+00:00,29.64876,34.330875,26.107634
2050-09-22 00:00:00+00:00,29.948915,34.835888,25.793869
2050-09-23 00:00:00+00:00,30.449068,35.0909,26.28011
2050-09-24 00:00:00+00:00,30.19922,34.345913,26.116344
2050-09-25 00:00:00+00:00,30.049374,34.350925,26.402584
2050-09-26 00:00:00+00:00,30.149525,34.805943,25.63882
2050-09-27 00:00:00+00:00,30.749681,35.21096,26.075058
2050-09-28 00:00:00+00:00,31.09983,35.91597,26.811295
2050-09-29 00:00:00+00:00,30.499983,35.870983,26.297531
2050-09-30 00:00:00+00:00,30.150137,36.125996,26.083767
2050-10-01 00:00:00+00:00,29.000292,33.181007,25.470009
2050-10-02 00:00:00+00:00,27.800446,32.136024,24.356245
2050-10-03 00:00:00+00:00,28.050596,31.391033,24.79248
2050-10-04 00:00:00+00:00,29.75075,34.596046,24.67872
2050-10-05 00:00:00+00:00,30.900902,35.251064,26.014956
2050-10-06 00:00:00+00:00,32.051056,39.006077,26.151196
2050-10-07 00:00:00+00:00,32.251213,38.711086,26.83743
2050-10-08 00:00:00+00:00,32.451363,39.666103,25.573666
2050-10-09 00:00:00+00:00,32.25152,36.721115,27.859905
2050-10-10 00:00:00+00:00,31.951664,37.026127,26.996141
2050-10-11 00:00:00+00:00,33.30182,39.081146,28.432379
2050-10-12 00:00:00+00:00,32.201973,38.286156,26.618616
2050-10-13 00:00:00+00:00,31.852127,37.541172,26.654852
2050-10-14 00:00:00+00:00,32.302277,37.146183,27.39109
2050-10-15 00:00:00+00:00,32.95243,37.851196,28.777328
2050-10-16 00:00:00+00:00,32.302586,37.30621,27.363564
2050-10-17 00:00:00+00:00,32.802734,38.811226,27.5498
2050-10-18 00:00:00+00:00,33.05289,38.81624,28.086039
2050-10-19 00:00:00+00:00,32.803043,38.271248,27.922277
2050-10-20 00:00:00+00:00,32.603195,38.126263,27.008516
2050-10-21 00:00:00+00:00,31.75335,37.631275,26.694752
2050-10-22 00:00:00+00:00,31.7035,37.13629,27.380987
2050-10-23 00:00:00+00:00,32.503654,38.2913,27.217226
2050-10-24 00:00:00+00:00,32.503807,38.546314,26.253462
2050-10-25 00:00:00+00:00,32.803963,39.501328,25.7397
2050-10-26 00:00:00+00:00,33.204113,39.306343,26.92594
2050-10-27 00:00:00+00:00,33.554264,39.661358,27.012173
2050-10-28 00:00:00+00:00,33.254417,39.21637,26.89841
2050-10-29 00:00:00+00:00,33.554573,39.271385,27.534649
2050-10-30 00:00:00+00:00,33.754726,39.726395,28.270887
2050-10-31 00:00:00+00:00,34.104874,40.631413,27.157122
2050-11-01 00:00:00+00:00,33.85503,40.586422,27.293362
2050-11-02 00:00:00+00:00,33.636284,41.082626,26.810497
2050-11-03 00:00:00+00:00,33.2562,40.523544,26.066175
2050-11-04 00:00:00+00:00,33.176113,39.11447,27.121851
2050-11-05 00:00:00+00:00,32.99603,38.955383,26.77753
2050-11-06 00:00:00+00:00,33.76594,39.746304,27.283207
2050-11-07 00:00:00+00:00,34.385857,41.78722,27.738886
2050-11-08 00:00:00+00:00,32.505768,40.77814,25.244562
2050-11-09 00:00:00+00:00,31.575687,40.219063,24.50024
2050-11-10 00:00:00+00:00,31.745602,41.40998,23.455915
2050-11-11 00:00:00+00:00,32.01552,40.4009,23.161594
2050-11-12 00:00:00+00:00,31.68543,39.69182,23.767271
2050-11-13 00:00:00+00:00,31.355343,40.082737,23.97295
2050-11-14 00:00:00+00:00,31.875263,40.573658,23.928625
2050-11-15 00:00:00+00:00,32.645176,40.014576,26.334305
2050-11-16 00:00:00+00:00,32.765087,39.555496,26.889982
2050-11-17 00:00:00+00:00,32.735,38.746414,27.395658
2050-11-18 00:00:00+00:00,30.60492,36.337334,25.501335
2050-11-19 00:00:00+00:00,30.074833,37.32825,24.057014
2050-11-20 00:00:00+00:00,30.094746,37.669167,23.062689
2050-11-21 00:00:00+00:00,30.66466,37.76009,24.518368
2050-11-22 00:00:00+00:00,30.784575,37.95101,24.174046
2050-11-23 00:00:00+00:00,30.654491,37.891926,23.979723
2050-11-24 00:00:00+00:00,31.374405,37.982845,25.7354
2050-11-25 00:00:00+00:00,31.494318,38.37376,24.99108
2050-11-26 00:00:00+00:00,31.464233,38.914684,24.296755
2050-11-27 00:00:00+00:00,31.63415,39.2556,24.452433
2050-11-28 00:00:00+00:00,31.804064,39.746525,24.858109
2050-11-29 00:00:00+00:00,30.873978,39.28744,22.713787
2050-11-30 00:00:00+00:00,30.893894,39.02836,22.619463
2050-12-01 00:00:00+00:00,30.813805,37.41928,23.475143
2050-12-02 00:00:00+00:00,30.33372,38.4102,22.58082
2050-12-03 00:00:00+00:00,29.60364,37.95112,21.936497
2050-12-04 00:00:00+00:00,30.173552,38.59204,21.942173
2050-12-05 00:00:00+00:00,30.543468,38.082954,23.84785
2050-12-06 00:00:00+00:00,29.263382,35.97387,22.803528
2050-12-07 00:00:00+00:00,28.233297,34.41479,22.259205
2050-12-08 00:00:00+00:00,27.653212,33.955715,21.464884
2050-12-09 00:00:00+00:00,27.673126,35.196632,20.57056
2050-12-10 00:00:00+00:00,27.493038,34.48755,21.026236
2050-12-11 00:00:00+00:00,26.762955,34.078472,19.781916
2050-12-12 00:00:00+00:00,26.98287,34.469387,20.387592
2050-12-13 00:00:00+00:00,27.302786,35.010307,20.34327
2050-12-14 00:00:00+00:00,26.722698,33.651226,20.198946
2050-12-15 00:00:00+00:00,25.69261,32.892147,18.954622
2050-12-16 00:00:00+00:00,25.262524,32.733067,18.810303
2050-12-17 00:00:00+00:00,26.582445,34.12398,19.465979
2050-12-18 00:00:00+00:00,28.202358,35.764904,21.871656
2050-12-19 00:00:00+00:00,29.222271,37.05582,22.027332
2050-12-20 00:00:00+00:00,29.792185,36.896736,23.18301
2050-12-21 00:00:00+00:00,30.1121,37.73766,23.28869
2050-12-22 00:00:00+00:00,29.582016,37.328575,22.594364
2050-12-23 00:00:00+00:00,29.45193,36.969498,22.850042
2050-12-24 00:00:00+00:00,28.921843,34.760414,23.35572
2050-12-25 00:00:00+00:00,29.141756,36.55133,21.8114
2050-12-26 00:00:00+00:00,28.311674,35.942257,21.217075
2050-12-27 00:00:00+00:00,28.731588,35.683174,22.77275
2050-12-28 00:00:00+00:00,28.751503,36.524094,21.77843
2050-12-29 00:00:00+00:00,29.221416,37.76501,21.134108
2050-12-30 00:00:00+00:00,29.39133,37.305927,21.889784
2050-12-31 00:00:00+00:00,30.161247,38.59685,22.84546
