date,temperature_2m_mean,temperature_2m_max,temperature_2m_min
2025-01-01 00:00:00+00:00,25.159895,32.306175,19.347647
2025-01-02 00:00:00+00:00,24.66058,32.053448,18.348867
2025-01-03 00:00:00+00:00,24.711258,32.20072,18.55009
2025-01-04 00:00:00+00:00,24.96194,33.148,18.051313
2025-01-05 00:00:00+00:00,25.362623,33.345276,17.752535
2025-01-06 00:00:00+00:00,24.813307,31.742548,18.803759
2025-01-07 00:00:00+00:00,24.213987,32.48982,17.45498
2025-01-08 00:00:00+00:00,23.71467,32.0871,15.556203
2025-01-09 00:00:00+00:00,24.915352,33.584373,15.907422
2025-01-10 00:00:00+00:00,25.966034,35.231644,16.508648
2025-01-11 00:00:00+00:00,26.216719,35.37892,17.009869
2025-01-12 00:00:00+00:00,25.067398,32.476196,17.861092
2025-01-13 00:00:00+00:00,26.46808,36.62347,16.312313
2025-01-14 00:00:00+00:00,27.768764,36.770744,20.163536
2025-01-15 00:00:00+00:00,27.719446,36.66802,20.464758
2025-01-16 00:00:00+00:00,27.670128,35.565296,21.815979
2025-01-17 00:00:00+00:00,26.920809,34.712566,19.717201
2025-01-18 00:00:00+00:00,27.321491,33.95984,21.668423
2025-01-19 00:00:00+00:00,25.172173,30.95712,19.519648
2025-01-20 00:00:00+00:00,23.972855,30.904388,18.120865
2025-01-21 00:00:00+00:00,24.273537,32.40167,17.27209
2025-01-22 00:00:00+00:00,24.124216,30.348942,18.323313
2025-01-23 00:00:00+00:00,25.6249,31.146217,21.574533
2025-01-24 00:00:00+00:00,24.025585,28.59349,19.375755
2025-01-25 00:00:00+00:00,22.926266,26.440767,19.12698
2025-01-26 00:00:00+00:00,22.526949,28.83804,17.428202
2025-01-27 00:00:00+00:00,22.877628,28.385311,17.629421
2025-01-28 00:00:00+00:00,23.228312,28.532589,18.580643
2025-01-29 00:00:00+00:00,23.128994,28.779861,18.031868
2025-01-30 00:00:00+00:00,24.779676,33.327137,17.033089
2025-01-31 00:00:00+00:00,26.480358,34.524418,19.63431
2025-02-01 00:00:00+00:00,27.881042,36.37169,20.935534
2025-02-02 00:00:00+00:00,28.281725,35.568962,22.436758
2025-02-03 00:00:00+00:00,26.832405,32.716236,20.937977
2025-02-04 00:00:00+00:00,28.433088,37.213512,20.5392
2025-02-05 00:00:00+00:00,29.333769,37.860783,21.540422
2025-02-06 00:00:00+00:00,28.784452,35.10806,23.091644
2025-02-07 00:00:00+00:00,28.285133,35.005333,21.592867
2025-02-08 00:00:00+00:00,26.635813,33.05261,21.044088
2025-02-09 00:00:00+00:00,27.236496,34.799885,20.59531
2025-02-10 00:00:00+00:00,29.18718,37.397156,22.096533
2025-02-11 00:00:00+00:00,30.387863,38.294434,23.097754
2025-02-12 00:00:00+00:00,30.788544,38.491707,23.348976
2025-02-13 00:00:00+00:00,28.739223,34.28898,25.2502
2025-02-14 00:00:00+00:00,27.689909,35.03626,21.501421
2025-02-15 00:00:00+00:00,29.24059,38.13353,20.052643
2025-02-16 00:00:00+00:00,30.19127,37.680805,22.753866
2025-02-17 00:00:00+00:00,30.241953,37.578083,22.705088
2025-02-18 00:00:00+00:00,30.442638,38.275356,21.95631
2025-02-19 00:00:00+00:00,28.843317,36.27263,20.957531
2025-02-20 00:00:00+00:00,28.844,35.569904,21.858753
2025-02-21 00:00:00+00:00,29.844683,36.81718,22.109974
2025-02-22 00:00:00+00:00,29.495365,34.764454,23.511198
2025-02-23 00:00:00+00:00,28.496046,33.71173,23.11242
2025-02-24 00:00:00+00:00,29.04673,34.059006,23.163643
2025-02-25 00:00:00+00:00,30.247412,37.80628,22.064865
2025-02-26 00:00:00+00:00,27.748093,33.153553,22.616085
2025-02-27 00:00:00+00:00,25.448774,32.90083,17.867308
2025-02-28 00:00:00+00:00,25.599459,33.0981,18.11853
2025-03-01 00:00:00+00:00,25.650137,33.295372,18.769753
2025-03-02 00:00:00+00:00,26.850822,35.442654,18.670975
2025-03-03 00:00:00+00:00,28.958088,37.54397,21.328325
2025-03-04 00:00:00+00:00,30.026325,37.95202,22.195887
2025-03-05 00:00:00+00:00,30.344564,38.86007,22.56345
2025-03-06 00:00:00+00:00,30.712801,39.318127,21.98101
2025-03-07 00:00:00+00:00,31.181042,39.47618,22.798576
2025-03-08 00:00:00+00:00,29.69928,37.534233,21.616137
2025-03-09 00:00:00+00:00,29.767515,36.292286,22.783699
2025-03-10 00:00:00+00:00,27.985758,32.550335,24.301262
2025-03-11 00:00:00+00:00,29.103994,38.65839,19.418823
2025-03-12 00:00:00+00:00,29.822231,36.316444,23.386389
2025-03-13 00:00:00+00:00,30.540472,39.524498,21.10395
2025-03-14 00:00:00+00:00,31.05871,39.43255,22.621513
2025-03-15 00:00:00+00:00,29.976948,37.590603,23.039076
2025-03-16 00:00:00+00:00,29.095184,36.748657,21.806639
2025-03-17 00:00:00+00:00,31.663424,39.75671,23.274199
2025-03-18 00:00:00+00:00,33.481663,41.314762,25.191763
2025-03-19 00:00:00+00:00,33.9499,42.32282,25.159325
2025-03-20 00:00:00+00:00,34.11814,43.480865,25.026888
2025-03-21 00:00:00+00:00,31.886377,41.68892,21.69445
2025-03-22 00:00:00+00:00,32.70462,40.896976,25.112013
2025-03-23 00:00:00+00:00,30.922855,35.555027,24.429577
2025-03-24 00:00:00+00:00,31.091093,36.26308,25.69714
2025-03-25 00:00:00+00:00,35.10933,41.271133,28.464703
2025-03-26 00:00:00+00:00,34.727573,41.029186,28.832262
2025-03-27 00:00:00+00:00,34.995808,42.03724,27.699827
2025-03-28 00:00:00+00:00,35.06405,42.19529,28.217388
2025-03-29 00:00:00+00:00,33.23229,40.603348,24.284952
2025-03-30 00:00:00+00:00,32.05052,38.6614,25.102512
2025-03-31 00:00:00+00:00,32.568764,40.26945,23.820076
2025-04-01 00:00:00+00:00,34.387,42.0775,24.487638
2025-04-02 00:00:00+00:00,35.45524,42.035557,28.355202
2025-04-03 00:00:00+00:00,33.523476,40.193607,26.222763
2025-04-04 00:00:00+00:00,32.941715,41.10166,24.340326
2025-04-05 00:00:00+00:00,31.659954,39.759716,22.55789
2025-04-06 00:00:00+00:00,36.128193,43.51777,26.975452
2025-04-07 00:00:00+00:00,34.596428,42.07582,25.843016
2025-04-08 00:00:00+00:00,32.214672,41.13387,23.060577
2025-04-09 00:00:00+00:00,32.08291,40.841927,23.478142
2025-04-10 00:00:00+00:00,34.301144,42.64998,24.195702
2025-04-11 00:00:00+00:00,33.31938,41.90803,23.913265
2025-04-12 00:00:00+00:00,33.437622,42.36608,22.780828
2025-04-13 00:00:00+00:00,33.505863,42.124138,22.99839
2025-04-14 00:00:00+00:00,33.8241,42.68219,23.815952
2025-04-15 00:00:00+00:00,34.392338,42.44024,25.633516
2025-04-16 00:00:00+00:00,32.910576,40.69829,23.751078
2025-04-17 00:00:00+00:00,32.028816,39.90635,24.11864
2025-04-18 00:00:00+00:00,31.197054,40.314407,21.286203
2025-04-19 00:00:00+00:00,31.415293,39.522457,23.253765
2025-04-20 00:00:00+00:00,32.68353,41.63051,22.42133
2025-04-21 00:00:00+00:00,34.85177,44.08856,25.288889
2025-04-22 00:00:00+00:00,35.120003,43.496613,25.306454
2025-04-23 00:00:00+00:00,32.638245,39.854668,25.324015
2025-04-24 00:00:00+00:00,29.056482,37.31272,22.091578
2025-04-25 00:00:00+00:00,31.97472,42.020775,21.759142
2025-04-26 00:00:00+00:00,32.89296,41.17883,21.926704
2025-04-27 00:00:00+00:00,32.5612,41.436882,22.494265
2025-04-28 00:00:00+00:00,31.829437,41.04493,23.26183
2025-04-29 00:00:00+00:00,32.647675,40.85298,23.479391
2025-04-30 00:00:00+00:00,33.665913,39.61104,27.496954
2025-05-01 00:00:00+00:00,33.084152,40.519093,25.214518
2025-05-02 00:00:00+00:00,33.352386,41.177143,24.232079
2025-05-03 00:00:00+00:00,34.10473,41.629295,25.533766
2025-05-04 00:00:00+00:00,33.39117,41.32554,25.419575
2025-05-05 00:00:00+00:00,31.07761,40.771782,22.15538
2025-05-06 00:00:00+00:00,32.56405,41.51802,23.19119
2025-05-07 00:00:00+00:00,31.100492,39.11427,22.126997
2025-05-08 00:00:00+00:00,30.936932,39.86052,22.662806
2025-05-09 00:00:00+00:00,32.07337,41.906765,22.198614
2025-05-10 00:00:00+00:00,34.159813,43.053005,24.734425
2025-05-11 00:00:00+00:00,32.246254,42.19925,22.82023
2025-05-12 00:00:00+00:00,31.232693,41.195496,22.10604
2025-05-13 00:00:00+00:00,29.619135,39.94174,21.24185
2025-05-14 00:00:00+00:00,29.555574,39.28798,21.327656
2025-05-15 00:00:00+00:00,32.992012,43.384228,21.863464
2025-05-16 00:00:00+00:00,34.128456,43.380474,24.149271
2025-05-17 00:00:00+00:00,35.114895,43.876717,25.835081
2025-05-18 00:00:00+00:00,34.351337,42.97296,25.970888
2025-05-19 00:00:00+00:00,35.337772,43.969204,26.706697
2025-05-20 00:00:00+00:00,34.624218,41.315453,27.292507
2025-05-21 00:00:00+00:00,33.41066,39.861694,26.128315
2025-05-22 00:00:00+00:00,33.797096,42.90794,26.264124
2025-05-23 00:00:00+00:00,35.383537,45.45418,24.249931
2025-05-24 00:00:00+00:00,33.21998,42.60043,22.83574
2025-05-25 00:00:00+00:00,33.756416,40.89667,26.321548
2025-05-26 00:00:00+00:00,33.44286,40.992912,25.307356
2025-05-27 00:00:00+00:00,32.8293,41.73916,24.893162
2025-05-28 00:00:00+00:00,33.66574,44.335407,23.078972
2025-05-29 00:00:00+00:00,32.55218,41.231647,23.764782
2025-05-30 00:00:00+00:00,31.93862,39.72789,24.55059
2025-05-31 00:00:00+00:00,32.32506,40.22414,24.886398
2025-06-01 00:00:00+00:00,32.461502,38.470383,25.722206
2025-06-02 00:00:00+00:00,32.547943,39.36663,25.808014
2025-06-03 00:00:00+00:00,32.634384,40.86287,26.293823
2025-06-04 00:00:00+00:00,32.420822,40.40912,24.87963
2025-06-05 00:00:00+00:00,33.307266,40.055363,26.465439
2025-06-06 00:00:00+00:00,33.843704,41.151608,27.451248
2025-06-07 00:00:00+00:00,33.280144,43.097847,23.987055
2025-06-08 00:00:00+00:00,33.866585,39.9941,26.422863
2025-06-09 00:00:00+00:00,34.053024,40.29034,27.458672
2025-06-10 00:00:00+00:00,32.889465,41.386585,26.394482
2025-06-11 00:00:00+00:00,32.925907,40.632824,25.83029
2025-06-12 00:00:00+00:00,33.812347,41.829075,26.466099
2025-06-13 00:00:00+00:00,35.59879,44.22532,25.601906
2025-06-14 00:00:00+00:00,32.285225,36.421562,28.387714
2025-06-15 00:00:00+00:00,33.271667,39.267807,27.473524
2025-06-16 00:00:00+00:00,35.10811,44.464054,25.80933
2025-06-17 00:00:00+00:00,33.044548,38.610294,26.79514
2025-06-18 00:00:00+00:00,31.68099,37.006542,27.880947
2025-06-19 00:00:00+00:00,30.66743,36.052784,26.966759
2025-06-20 00:00:00+00:00,29.75387,36.94903,22.752565
2025-06-21 00:00:00+00:00,29.29031,34.345276,24.488373
2025-06-22 00:00:00+00:00,29.226751,32.79152,25.524181
2025-06-23 00:00:00+00:00,30.56319,36.087765,26.05999
2025-06-24 00:00:00+00:00,31.299631,37.384007,25.1458
2025-06-25 00:00:00+00:00,31.086075,36.330254,25.481604
2025-06-26 00:00:00+00:00,31.87251,38.076496,25.567415
2025-06-27 00:00:00+00:00,31.758951,36.872738,26.45322
2025-06-28 00:00:00+00:00,31.995394,37.468987,26.38903
2025-06-29 00:00:00+00:00,28.931835,31.765232,25.074842
2025-06-30 00:00:00+00:00,29.518274,34.111473,25.810646
2025-07-01 00:00:00+00:00,32.104713,38.057716,26.646454
2025-07-02 00:00:00+00:00,31.291155,36.453968,26.332266
2025-07-03 00:00:00+00:00,30.569181,35.939835,25.360281
2025-07-04 00:00:00+00:00,31.092155,33.56948,28.133627
2025-07-05 00:00:00+00:00,31.11513,37.39913,25.606972
2025-07-06 00:00:00+00:00,31.088106,36.728775,25.980312
2025-07-07 00:00:00+00:00,30.761082,35.50842,26.103659
2025-07-08 00:00:00+00:00,30.234056,35.98807,26.027
2025-07-09 00:00:00+00:00,29.607033,34.867718,26.500347
2025-07-10 00:00:00+00:00,29.730005,35.197365,25.37369
2025-07-11 00:00:00+00:00,29.002981,31.37701,25.897034
2025-07-12 00:00:00+00:00,29.675957,33.90666,24.720377
2025-07-13 00:00:00+00:00,32.34893,38.536304,26.393719
2025-07-14 00:00:00+00:00,31.871904,37.015953,26.667065
2025-07-15 00:00:00+00:00,30.444883,35.595596,25.890408
2025-07-16 00:00:00+00:00,30.96786,36.07525,25.163754
2025-07-17 00:00:00+00:00,30.440834,34.304893,25.887096
2025-07-18 00:00:00+00:00,29.413809,32.984543,26.11044
2025-07-19 00:00:00+00:00,29.386784,33.51419,25.533785
2025-07-20 00:00:00+00:00,28.659758,31.943836,25.207129
2025-07-21 00:00:00+00:00,30.082735,35.773483,25.73047
2025-07-22 00:00:00+00:00,30.70571,36.95313,25.403814
2025-07-23 00:00:00+00:00,28.528685,31.782776,24.42716
2025-07-24 00:00:00+00:00,29.101656,32.512424,25.200504
2025-07-25 00:00:00+00:00,30.424635,37.59207,24.92385
2025-07-26 00:00:00+00:00,31.147612,37.221718,25.64719
2025-07-27 00:00:00+00:00,30.770584,35.901367,26.220535
2025-07-28 00:00:00+00:00,30.44356,34.281013,26.49388
2025-07-29 00:00:00+00:00,31.316536,36.810658,26.817223
2025-07-30 00:00:00+00:00,31.139507,37.64031,25.29057
2025-07-31 00:00:00+00:00,29.212484,34.169952,25.513912
2025-08-01 00:00:00+00:00,30.285461,36.2996,25.187254
2025-08-02 00:00:00+00:00,29.358435,32.329247,26.7106
2025-08-03 00:00:00+00:00,27.981411,30.508894,25.283943
2025-08-04 00:00:00+00:00,28.404387,33.93854,23.557287
2025-08-05 00:00:00+00:00,29.12736,33.318188,24.730629
2025-08-06 00:00:00+00:00,29.800339,35.447838,25.803974
2025-08-07 00:00:00+00:00,30.773314,36.777485,25.72732
2025-08-08 00:00:00+00:00,30.696285,35.407135,25.950663
2025-08-09 00:00:00+00:00,28.869263,33.036777,25.324005
2025-08-10 00:00:00+00:00,27.442238,30.116423,25.59735
2025-08-11 00:00:00+00:00,28.565212,31.896072,25.470695
2025-08-12 00:00:00+00:00,28.63819,32.375717,26.194038
2025-08-13 00:00:00+00:00,26.911163,28.455368,25.467382
2025-08-14 00:00:00+00:00,27.18414,29.485014,25.190725
2025-08-15 00:00:00+00:00,28.157116,31.664661,25.314068
2025-08-16 00:00:00+00:00,27.430088,30.894306,24.837414
2025-08-17 00:00:00+00:00,27.203064,30.223951,25.960754
2025-08-18 00:00:00+00:00,28.226038,32.703606,24.834099
2025-08-19 00:00:00+00:00,28.749014,33.133247,24.707445
2025-08-20 00:00:00+00:00,28.421991,31.612896,25.380787
2025-08-21 00:00:00+00:00,29.144964,33.242542,25.454136
2025-08-22 00:00:00+00:00,28.61794,32.22219,25.377476
2025-08-23 00:00:00+00:00,26.990915,28.85184,25.25082
2025-08-24 00:00:00+00:00,27.51389,31.131485,25.224163
2025-08-25 00:00:00+00:00,27.786867,30.961132,25.09751
2025-08-26 00:00:00+00:00,27.809841,31.24078,25.170849
2025-08-27 00:00:00+00:00,28.332819,32.470425,25.294197
2025-08-28 00:00:00+00:00,28.90579,33.850075,25.617538
2025-08-29 00:00:00+00:00,26.678766,27.77972,26.140882
2025-08-30 00:00:00+00:00,27.251741,29.809368,25.414225
2025-08-31 00:00:00+00:00,28.624716,32.789013,25.487572
2025-09-01 00:00:00+00:00,29.647692,33.81866,25.860914
2025-09-02 00:00:00+00:00,28.748095,31.665993,25.963062
2025-09-03 00:00:00+00:00,28.857643,31.869213,26.174809
2025-09-04 00:00:00+00:00,26.96719,28.772442,25.836557
2025-09-05 00:00:00+00:00,26.876736,29.575665,25.648304
2025-09-06 00:00:00+00:00,27.53628,30.078888,25.510052
2025-09-07 00:00:00+00:00,27.645828,30.332115,25.5218
2025-09-08 00:00:00+00:00,27.455372,30.185339,25.383543
2025-09-09 00:00:00+00:00,27.91492,31.188564,25.595291
2025-09-10 00:00:00+00:00,27.624462,30.64179,25.407038
2025-09-11 00:00:00+00:00,27.234013,29.795017,25.518785
2025-09-12 00:00:00+00:00,26.593557,28.998241,25.330532
2025-09-13 00:00:00+00:00,27.403105,30.551464,24.64228
2025-09-14 00:00:00+00:00,28.112652,32.05469,24.354029
2025-09-15 00:00:00+00:00,28.522198,32.957916,24.215776
2025-09-16 00:00:00+00:00,27.981743,30.911137,25.177523
2025-09-17 00:00:00+00:00,29.49129,33.614365,25.539272
2025-09-18 00:00:00+00:00,31.050837,36.81759,25.951015
2025-09-19 00:00:00+00:00,30.810383,35.92081,25.162766
2025-09-20 00:00:00+00:00,27.619928,28.824036,26.324512
2025-09-21 00:00:00+00:00,26.079473,26.677263,26.086258
2025-09-22 00:00:00+00:00,27.239021,29.280483,25.848007
2025-09-23 00:00:00+00:00,27.948568,31.633717,26.059755
2025-09-24 00:00:00+00:00,29.00811,32.586937,25.4715
2025-09-25 00:00:00+00:00,29.117659,31.540161,26.733248
2025-09-26 00:00:00+00:00,29.227205,33.143387,26.194996
2025-09-27 00:00:00+00:00,29.286753,33.64661,25.656744
2025-09-28 00:00:00+00:00,27.746298,30.399834,25.96849
2025-09-29 00:00:00+00:00,28.405844,32.15306,25.830235
2025-09-30 00:00:00+00:00,26.81539,28.806286,25.391987
2025-10-01 00:00:00+00:00,29.874937,35.85951,25.053732
2025-10-02 00:00:00+00:00,29.784483,35.312737,25.965479
2025-10-03 00:00:00+00:00,27.69403,29.11596,26.527227
2025-10-04 00:00:00+00:00,26.903576,28.769182,25.338974
2025-10-05 00:00:00+00:00,25.913122,28.67241,24.000723
2025-10-06 00:00:00+00:00,27.022669,30.025633,23.762468
2025-10-07 00:00:00+00:00,27.232212,30.028856,25.674213
2025-10-08 00:00:00+00:00,27.691761,30.332085,25.385965
2025-10-09 00:00:00+00:00,28.101307,31.285309,25.547712
2025-10-10 00:00:00+00:00,28.41085,32.83853,24.359459
2025-10-11 00:00:00+00:00,29.420399,33.841763,25.421204
2025-10-12 00:00:00+00:00,29.179943,32.44498,25.932953
2025-10-13 00:00:00+00:00,28.23949,31.948208,24.7947
2025-10-14 00:00:00+00:00,27.549038,29.951435,25.556448
2025-10-15 00:00:00+00:00,27.608585,29.604656,26.368193
2025-10-16 00:00:00+00:00,28.118132,31.407883,25.72994
2025-10-17 00:00:00+00:00,26.727676,28.961105,24.59169
2025-10-18 00:00:00+00:00,27.73722,30.214333,25.303434
2025-10-19 00:00:00+00:00,27.54677,29.617558,26.265182
2025-10-20 00:00:00+00:00,26.556316,27.57078,26.02693
2025-10-21 00:00:00+00:00,27.615862,30.424007,25.23868
2025-10-22 00:00:00+00:00,26.42541,28.07723,25.450424
2025-10-23 00:00:00+00:00,27.284952,30.630459,24.362173
2025-10-24 00:00:00+00:00,27.544498,29.583681,25.723917
2025-10-25 00:00:00+00:00,26.154045,26.0869,26.335667
2025-10-26 00:00:00+00:00,26.313593,27.340132,25.197414
2025-10-27 00:00:00+00:00,25.773138,26.843351,25.40916
2025-10-28 00:00:00+00:00,26.332685,28.246578,25.120909
2025-10-29 00:00:00+00:00,27.142231,29.349798,24.932655
2025-10-30 00:00:00+00:00,28.501778,31.90303,25.744406
2025-10-31 00:00:00+00:00,28.311325,31.756252,24.90615
2025-11-01 00:00:00+00:00,26.07087,27.609472,25.6179
2025-11-02 00:00:00+00:00,27.732666,30.77349,24.678392
2025-11-03 00:00:00+00:00,28.344782,31.089046,25.488708
2025-11-04 00:00:00+00:00,28.6569,32.95461,24.249023
2025-11-05 00:00:00+00:00,28.319021,32.470158,23.75934
2025-11-06 00:00:00+00:00,29.181135,33.93572,24.319656
2025-11-07 00:00:00+00:00,29.393255,33.951275,25.27997
2025-11-08 00:00:00+00:00,28.605373,31.866829,25.090288
2025-11-09 00:00:00+00:00,28.16749,31.632385,24.850605
2025-11-10 00:00:00+00:00,27.479609,33.547943,22.560919
2025-11-11 00:00:00+00:00,27.691727,34.5635,21.271235
2025-11-12 00:00:00+00:00,28.103842,35.87905,20.58155
2025-11-13 00:00:00+00:00,29.21596,36.644608,22.24187
2025-11-14 00:00:00+00:00,30.128078,37.660168,22.902184
2025-11-15 00:00:00+00:00,29.990194,37.27572,22.8625
2025-11-16 00:00:00+00:00,29.252314,36.691277,21.772816
2025-11-17 00:00:00+00:00,29.014433,36.206833,21.03313
2025-11-18 00:00:00+00:00,28.726547,35.17239,22.943445
2025-11-19 00:00:00+00:00,28.438667,35.487946,21.253761
2025-11-20 00:00:00+00:00,27.550785,34.453503,20.364079
2025-11-21 00:00:00+00:00,27.512901,33.96906,20.524393
2025-11-22 00:00:00+00:00,27.72502,34.584614,21.284708
2025-11-23 00:00:00+00:00,27.987135,35.150166,20.795023
2025-11-24 00:00:00+00:00,27.999254,34.265728,21.95534
2025-11-25 00:00:00+00:00,27.911373,34.58128,21.815657
2025-11-26 00:00:00+00:00,27.37349,33.64684,22.025974
2025-11-27 00:00:00+00:00,27.635607,34.96239,21.686289
2025-11-28 00:00:00+00:00,28.047726,35.57795,21.146606
2025-11-29 00:00:00+00:00,28.509844,36.19351,21.70692
2025-11-30 00:00:00+00:00,28.521963,36.25906,21.067236
2025-12-01 00:00:00+00:00,28.834076,36.224617,21.627552
2025-12-02 00:00:00+00:00,29.746195,36.140175,23.737867
2025-12-03 00:00:00+00:00,27.858313,33.255733,23.548182
2025-12-04 00:00:00+00:00,26.320429,32.971287,19.658499
2025-12-05 00:00:00+00:00,26.682549,34.18684,19.468819
2025-12-06 00:00:00+00:00,25.844667,31.4524,19.97913
2025-12-07 00:00:00+00:00,28.656784,33.667957,23.839447
2025-12-08 00:00:00+00:00,27.568901,31.733513,23.249763
2025-12-09 00:00:00+00:00,27.831018,33.04907,22.960077
2025-12-10 00:00:00+00:00,27.493137,33.964626,21.570395
2025-12-11 00:00:00+00:00,25.855255,32.38018,20.230711
2025-12-12 00:00:00+00:00,25.217373,32.595734,18.741026
2025-12-13 00:00:00+00:00,25.929491,34.11129,18.25134
2025-12-14 00:00:00+00:00,27.041607,35.27685,19.711658
2025-12-15 00:00:00+00:00,27.403725,35.842403,19.521973
2025-12-16 00:00:00+00:00,28.36584,36.45796,20.63229
2025-12-17 00:00:00+00:00,28.177958,35.273514,22.492605
2025-12-18 00:00:00+00:00,25.79008,32.43907,20.102922
2025-12-19 00:00:00+00:00,24.702196,30.704628,19.913237
2025-12-20 00:00:00+00:00,23.564312,29.470184,18.723553
2025-12-21 00:00:00+00:00,23.12643,29.985737,17.483868
2025-12-22 00:00:00+00:00,23.938549,31.551296,17.844183
2025-12-23 00:00:00+00:00,24.400667,31.866852,17.8545
2025-12-24 00:00:00+00:00,24.362783,31.68241,18.414816
2025-12-25 00:00:00+00:00,23.824903,31.547962,17.47513
2025-12-26 00:00:00+00:00,23.987019,31.863522,17.735447
2025-12-27 00:00:00+00:00,25.049135,32.47908,18.595764
2025-12-28 00:00:00+00:00,26.161253,33.14463,19.806078
2025-12-29 00:00:00+00:00,24.873371,31.610188,19.166395
2025-12-30 00:00:00+00:00,25.28549,30.975744,20.226713
2025-12-31 00:00:00+00:00,24.797607,29.0413,19.787027
2026-01-01 00:00:00+00:00,24.709724,33.256855,17.047342
2026-01-02 00:00:00+00:00,26.01041,33.15413,19.598564
2026-01-03 00:00:00+00:00,25.461088,32.551407,19.199787
2026-01-04 00:00:00+00:00,25.161772,33.24868,17.70101
2026-01-05 00:00:00+00:00,25.512455,33.245953,18.20223
2026-01-06 00:00:00+00:00,25.863132,32.89323,19.603455
2026-01-07 00:00:00+00:00,25.313818,32.490505,18.804676
2026-01-08 00:00:00+00:00,25.5145,33.58778,17.705898
2026-01-09 00:00:00+00:00,25.96518,33.835056,18.55712
2026-01-10 00:00:00+00:00,26.315863,34.482327,18.80834
2026-01-11 00:00:00+00:00,26.766548,34.8796,18.809565
2026-01-12 00:00:00+00:00,27.167227,35.22687,18.960785
2026-01-13 00:00:00+00:00,26.717909,34.524155,19.11201
2026-01-14 00:00:00+00:00,26.968592,34.571426,19.763231
2026-01-15 00:00:00+00:00,25.969275,32.1687,20.46445
2026-01-16 00:00:00+00:00,26.069956,31.165974,21.815676
2026-01-17 00:00:00+00:00,24.720636,30.313251,19.766895
2026-01-18 00:00:00+00:00,22.12132,26.410526,18.56812
2026-01-19 00:00:00+00:00,22.472002,28.0078,17.66934
2026-01-20 00:00:00+00:00,24.222685,30.705076,18.22056
2026-01-21 00:00:00+00:00,23.023369,28.752344,18.021786
2026-01-22 00:00:00+00:00,22.77405,26.49962,18.873007
2026-01-23 00:00:00+00:00,23.574734,29.0969,18.77423
2026-01-24 00:00:00+00:00,24.675413,29.844173,20.37545
2026-01-25 00:00:00+00:00,27.076096,32.991447,22.176674
2026-01-26 00:00:00+00:00,25.726778,32.38872,19.227896
2026-01-27 00:00:00+00:00,25.877459,32.335995,19.579117
2026-01-28 00:00:00+00:00,26.228142,34.78327,18.680338
2026-01-29 00:00:00+00:00,27.128822,35.080547,19.831562
2026-01-30 00:00:00+00:00,27.679506,35.67782,20.282785
2026-01-31 00:00:00+00:00,27.580189,35.275097,20.434006
2026-02-01 00:00:00+00:00,27.23087,34.022373,19.785229
2026-02-02 00:00:00+00:00,27.981552,33.66964,22.73645
2026-02-03 00:00:00+00:00,27.182236,33.26692,22.087671
2026-02-04 00:00:00+00:00,25.382915,32.51419,18.238895
2026-02-05 00:00:00+00:00,25.7836,32.11146,19.290117
2026-02-06 00:00:00+00:00,25.834282,31.758743,21.241339
2026-02-07 00:00:00+00:00,26.13496,33.056015,20.04256
2026-02-08 00:00:00+00:00,25.835644,32.25329,19.84378
2026-02-09 00:00:00+00:00,26.236328,33.150566,19.645004
2026-02-10 00:00:00+00:00,26.887009,34.74784,19.946226
2026-02-11 00:00:00+00:00,27.087692,35.59511,19.597446
2026-02-12 00:00:00+00:00,27.938375,35.69239,20.548672
2026-02-13 00:00:00+00:00,29.239054,36.839664,22.449894
2026-02-14 00:00:00+00:00,29.089739,37.336937,21.251114
2026-02-15 00:00:00+00:00,28.99042,37.584213,20.902338
2026-02-16 00:00:00+00:00,29.3411,38.181488,21.10356
2026-02-17 00:00:00+00:00,30.141783,38.178764,22.604782
2026-02-18 00:00:00+00:00,30.142466,37.57604,23.856005
2026-02-19 00:00:00+00:00,29.44315,37.77331,21.257225
2026-02-20 00:00:00+00:00,28.693829,37.020584,19.158447
2026-02-21 00:00:00+00:00,29.494513,37.667866,21.20967
2026-02-22 00:00:00+00:00,26.945194,31.315136,22.810892
2026-02-23 00:00:00+00:00,29.445877,36.16241,22.862114
2026-02-24 00:00:00+00:00,26.44656,30.85969,22.563335
2026-02-25 00:00:00+00:00,25.397238,32.206963,19.214558
2026-02-26 00:00:00+00:00,24.697922,33.35423,16.56578
2026-02-27 00:00:00+00:00,24.748604,32.601505,16.617002
2026-02-28 00:00:00+00:00,26.599287,35.448784,17.568226
2026-03-01 00:00:00+00:00,29.299969,38.346054,20.019445
2026-03-02 00:00:00+00:00,31.00065,37.393333,24.320671
2026-03-03 00:00:00+00:00,33.00353,39.991955,26.473934
2026-03-04 00:00:00+00:00,33.621765,42.40001,24.541496
2026-03-05 00:00:00+00:00,32.590004,41.958057,22.55906
2026-03-06 00:00:00+00:00,32.858246,41.266113,24.476622
2026-03-07 00:00:00+00:00,29.42648,37.424168,21.244183
2026-03-08 00:00:00+00:00,29.394722,38.58222,20.311749
2026-03-09 00:00:00+00:00,31.762957,40.890274,22.279308
2026-03-10 00:00:00+00:00,33.231194,43.09832,22.496872
2026-03-11 00:00:00+00:00,33.549435,40.25638,26.914434
2026-03-12 00:00:00+00:00,32.01767,40.71443,24.031998
2026-03-13 00:00:00+00:00,32.78591,41.772484,23.149559
2026-03-14 00:00:00+00:00,32.55415,41.180534,22.567123
2026-03-15 00:00:00+00:00,33.922386,42.08859,25.784685
2026-03-16 00:00:00+00:00,32.940624,41.44664,24.35225
2026-03-17 00:00:00+00:00,33.008865,41.654694,23.56981
2026-03-18 00:00:00+00:00,33.377106,42.06275,24.087374
2026-03-19 00:00:00+00:00,31.845343,40.5208,22.154934
2026-03-20 00:00:00+00:00,32.463577,40.028854,25.172499
2026-03-21 00:00:00+00:00,30.431818,37.986908,23.79006
2026-03-22 00:00:00+00:00,28.850058,36.694958,20.907623
2026-03-23 00:00:00+00:00,30.418295,38.553017,21.325186
2026-03-24 00:00:00+00:00,31.836533,39.761063,23.192749
2026-03-25 00:00:00+00:00,32.354774,39.869118,24.81031
2026-03-26 00:00:00+00:00,32.27301,40.127174,24.627874
2026-03-27 00:00:00+00:00,32.99125,40.78522,25.695436
2026-03-28 00:00:00+00:00,33.609486,41.69328,25.063
2026-03-29 00:00:00+00:00,32.877724,40.701332,24.630562
2026-03-30 00:00:00+00:00,33.69596,41.409386,25.248123
2026-03-31 00:00:00+00:00,34.614204,42.26743,26.315687
2026-04-01 00:00:00+00:00,33.68244,42.075485,24.333248
2026-04-02 00:00:00+00:00,31.60068,38.983543,24.250813
2026-04-03 00:00:00+00:00,29.818916,36.8916,22.718372
2026-04-04 00:00:00+00:00,30.287155,38.49965,22.935936
2026-04-05 00:00:00+00:00,33.755394,43.207703,23.4035
2026-04-06 00:00:00+00:00,34.023636,42.365753,25.77106
2026-04-07 00:00:00+00:00,33.141876,41.22381,24.238625
2026-04-08 00:00:00+00:00,31.960114,40.38186,23.056187
2026-04-09 00:00:00+00:00,32.328346,41.689915,22.473751
2026-04-10 00:00:00+00:00,30.796585,40.147964,21.941313
2026-04-11 00:00:00+00:00,32.46482,42.20602,22.208874
2026-04-12 00:00:00+00:00,34.633064,42.764072,25.376436
2026-04-13 00:00:00+00:00,33.5013,41.822124,24.743998
2026-04-14 00:00:00+00:00,33.16954,41.98018,24.361563
2026-04-15 00:00:00+00:00,34.68778,42.68823,24.629124
2026-04-16 00:00:00+00:00,33.406013,39.346283,26.846687
2026-04-17 00:00:00+00:00,32.574257,40.904335,23.964249
2026-04-18 00:00:00+00:00,33.842495,43.51239,23.731812
2026-04-19 00:00:00+00:00,33.46073,42.67044,24.449375
2026-04-20 00:00:00+00:00,32.378967,40.928493,22.416939
2026-04-21 00:00:00+00:00,32.497208,41.386547,24.184502
2026-04-22 00:00:00+00:00,32.615448,42.5446,22.902061
2026-04-23 00:00:00+00:00,34.48369,43.452656,25.719627
2026-04-24 00:00:00+00:00,34.951927,43.010704,25.93719
2026-04-25 00:00:00+00:00,34.57016,43.21876,25.65475
2026-04-26 00:00:00+00:00,33.488403,42.476814,23.672314
2026-04-27 00:00:00+00:00,33.45664,41.284866,24.889875
2026-04-28 00:00:00+00:00,32.774876,40.342926,25.107439
2026-04-29 00:00:00+00:00,32.893116,41.000965,24.125
2026-04-30 00:00:00+00:00,33.811356,41.859024,25.192564
2026-05-01 00:00:00+00:00,34.629593,42.76708,25.410126
2026-05-02 00:00:00+00:00,34.147835,43.525127,23.577688
2026-05-03 00:00:00+00:00,34.60812,44.130234,24.23731
2026-05-04 00:00:00+00:00,33.59456,43.026474,23.823122
2026-05-05 00:00:00+00:00,34.431004,44.17272,23.65893
2026-05-06 00:00:00+00:00,32.817444,41.96896,24.044739
2026-05-07 00:00:00+00:00,32.503883,39.265205,26.030546
2026-05-08 00:00:00+00:00,31.490322,40.611454,24.066353
2026-05-09 00:00:00+00:00,32.626762,42.0577,22.652163
2026-05-10 00:00:00+00:00,30.963202,39.653946,21.68797
2026-05-11 00:00:00+00:00,30.199642,38.90019,21.47378
2026-05-12 00:00:00+00:00,29.786085,38.046432,21.80959
2026-05-13 00:00:00+00:00,30.072523,39.29268,21.195395
2026-05-14 00:00:00+00:00,32.308968,41.788918,22.281204
2026-05-15 00:00:00+00:00,32.545403,41.23517,24.117012
2026-05-16 00:00:00+00:00,32.931847,41.281406,23.70282
2026-05-17 00:00:00+00:00,31.518286,37.127655,25.68863
2026-05-18 00:00:00+00:00,28.654726,29.773897,25.874437
2026-05-19 00:00:00+00:00,33.44117,40.77014,25.310247
2026-05-20 00:00:00+00:00,35.177605,40.466385,28.746054
2026-05-21 00:00:00+00:00,35.914047,42.162636,28.181862
2026-05-22 00:00:00+00:00,37.45049,44.80888,29.31767
2026-05-23 00:00:00+00:00,35.936928,42.50512,27.90348
2026-05-24 00:00:00+00:00,35.27337,42.30137,27.489286
2026-05-25 00:00:00+00:00,34.509808,41.147614,27.225098
2026-05-26 00:00:00+00:00,32.496246,41.043858,24.210905
2026-05-27 00:00:00+00:00,30.682688,36.040104,25.396711
2026-05-28 00:00:00+00:00,34.76913,42.33635,28.032522
2026-05-29 00:00:00+00:00,37.705566,45.48259,28.268332
2026-05-30 00:00:00+00:00,36.69201,43.978836,28.354136
2026-05-31 00:00:00+00:00,33.328453,38.825077,27.789946
2026-06-01 00:00:00+00:00,31.564892,38.171326,24.625753
2026-06-02 00:00:00+00:00,31.001335,38.86757,23.411564
2026-06-03 00:00:00+00:00,31.587772,37.21381,25.797369
2026-06-04 00:00:00+00:00,30.774214,36.260056,25.13318
2026-06-05 00:00:00+00:00,32.460655,38.656303,26.118986
2026-06-06 00:00:00+00:00,32.397095,39.202545,25.654795
2026-06-07 00:00:00+00:00,32.483536,41.84879,24.190605
2026-06-08 00:00:00+00:00,33.669975,41.795033,25.926413
2026-06-09 00:00:00+00:00,28.606417,30.041279,26.81222
2026-06-10 00:00:00+00:00,30.392857,35.137524,27.198029
2026-06-11 00:00:00+00:00,33.4293,39.533768,26.483839
2026-06-12 00:00:00+00:00,31.815737,37.03001,27.119646
2026-06-13 00:00:00+00:00,32.752174,38.27626,27.205454
2026-06-14 00:00:00+00:00,30.388617,36.972504,25.291264
2026-06-15 00:00:00+00:00,29.975058,36.018745,24.927073
2026-06-16 00:00:00+00:00,30.311499,35.164986,25.112879
2026-06-17 00:00:00+00:00,31.497938,37.311237,25.748688
2026-06-18 00:00:00+00:00,32.23438,39.00748,25.734495
2026-06-19 00:00:00+00:00,32.27082,38.553726,25.870304
2026-06-20 00:00:00+00:00,29.80726,35.099964,25.356113
2026-06-21 00:00:00+00:00,31.343697,37.946217,25.091923
2026-06-22 00:00:00+00:00,31.38014,36.34246,26.627728
2026-06-23 00:00:00+00:00,31.66658,39.638702,24.413538
2026-06-24 00:00:00+00:00,30.603022,37.934948,23.749344
2026-06-25 00:00:00+00:00,30.489464,35.781193,25.535156
2026-06-26 00:00:00+00:00,30.975903,35.077435,26.270962
2026-06-27 00:00:00+00:00,30.812344,36.67368,25.55677
2026-06-28 00:00:00+00:00,30.348783,37.569927,23.59258
2026-06-29 00:00:00+00:00,29.585224,34.81617,24.578386
2026-06-30 00:00:00+00:00,29.171665,32.912415,25.914196
2026-07-01 00:00:00+00:00,30.158104,35.358658,26.050005
2026-07-02 00:00:00+00:00,30.444544,36.904903,24.985811
2026-07-03 00:00:00+00:00,31.475937,38.394928,25.666948
2026-07-04 00:00:00+00:00,31.848913,38.27457,25.69029
2026-07-05 00:00:00+00:00,31.821886,38.254215,26.063633
2026-07-06 00:00:00+00:00,30.79486,36.983868,25.886978
2026-07-07 00:00:00+00:00,29.617838,35.013508,24.960323
2026-07-08 00:00:00+00:00,28.34081,33.293156,23.083664
2026-07-09 00:00:00+00:00,30.013786,35.572807,24.30701
2026-07-10 00:00:00+00:00,31.186764,37.552452,25.680351
2026-07-11 00:00:00+00:00,31.209736,37.782104,25.2037
2026-07-12 00:00:00+00:00,28.332714,30.51175,26.277042
2026-07-13 00:00:00+00:00,28.85569,33.241394,25.750385
2026-07-14 00:00:00+00:00,30.128662,33.77104,27.12373
2026-07-15 00:00:00+00:00,32.901634,41.10069,26.347073
2026-07-16 00:00:00+00:00,30.174614,32.88034,27.92042
2026-07-17 00:00:00+00:00,27.84759,29.00998,26.74376
2026-07-18 00:00:00+00:00,26.870564,27.239628,26.717104
2026-07-19 00:00:00+00:00,27.243538,28.669277,26.590448
2026-07-20 00:00:00+00:00,26.616516,27.498922,25.963795
2026-07-21 00:00:00+00:00,27.53949,30.128574,25.337137
2026-07-22 00:00:00+00:00,27.712465,30.408218,25.11048
2026-07-23 00:00:00+00:00,28.485441,32.437866,24.883823
2026-07-24 00:00:00+00:00,28.408415,30.217512,26.607166
2026-07-25 00:00:00+00:00,28.631392,31.497158,26.780512
2026-07-26 00:00:00+00:00,28.604368,30.876806,26.553858
2026-07-27 00:00:00+00:00,28.57734,31.656456,25.527199
2026-07-28 00:00:00+00:00,29.600317,34.086098,25.750544
2026-07-29 00:00:00+00:00,29.623295,33.66575,26.223886
2026-07-30 00:00:00+00:00,29.696266,33.745396,26.14723
2026-07-31 00:00:00+00:00,28.41924,29.97504,26.770575
2026-08-01 00:00:00+00:00,27.59222,29.85469,25.893917
2026-08-02 00:00:00+00:00,28.365192,32.03434,25.56726
2026-08-03 00:00:00+00:00,28.838167,33.113983,26.290604
2026-08-04 00:00:00+00:00,30.161142,35.29363,26.563948
2026-08-05 00:00:00+00:00,27.034117,28.173273,26.587296
2026-08-06 00:00:00+00:00,27.607096,29.552925,26.11064
2026-08-07 00:00:00+00:00,26.83007,28.032574,26.233982
2026-08-08 00:00:00+00:00,27.553041,30.262218,25.257326
2026-08-09 00:00:00+00:00,27.126019,30.191868,25.580667
2026-08-10 00:00:00+00:00,28.198992,31.071512,26.204012
2026-08-11 00:00:00+00:00,28.12197,30.75116,26.127356
2026-08-12 00:00:00+00:00,27.694946,29.430809,26.2507
2026-08-13 00:00:00+00:00,27.96792,31.010454,25.724047
2026-08-14 00:00:00+00:00,28.840897,31.040102,26.597387
2026-08-15 00:00:00+00:00,29.113867,32.21975,26.870733
2026-08-16 00:00:00+00:00,28.636845,31.19939,26.544075
2026-08-17 00:00:00+00:00,27.95982,30.979044,25.867418
2026-08-18 00:00:00+00:00,28.532793,31.608688,26.290764
2026-08-19 00:00:00+00:00,28.855772,32.18834,26.064106
2026-08-20 00:00:00+00:00,28.478746,30.867987,26.537453
2026-08-21 00:00:00+00:00,26.301722,27.597635,25.910795
2026-08-22 00:00:00+00:00,25.924696,28.32728,24.834139
2026-08-23 00:00:00+00:00,26.997671,30.456924,24.957483
2026-08-24 00:00:00+00:00,27.520647,30.036573,25.130829
2026-08-25 00:00:00+00:00,28.293621,32.516216,25.754171
2026-08-26 00:00:00+00:00,28.066597,32.19587,24.077515
2026-08-27 00:00:00+00:00,28.789572,32.675514,25.20086
2026-08-28 00:00:00+00:00,28.962547,32.15516,25.724203
2026-08-29 00:00:00+00:00,27.935524,30.284805,25.897549
2026-08-30 00:00:00+00:00,26.058498,27.664457,25.32089
2026-08-31 00:00:00+00:00,27.181473,30.5941,23.994234
2026-09-01 00:00:00+00:00,28.204449,32.32375,24.917578
2026-09-02 00:00:00+00:00,28.64571,32.415184,25.11012
2026-09-03 00:00:00+00:00,29.455257,34.56841,25.07187
2026-09-04 00:00:00+00:00,28.764801,32.921635,25.833618
2026-09-05 00:00:00+00:00,26.624348,28.324856,25.095366
2026-09-06 00:00:00+00:00,26.983896,29.678083,24.457113
2026-09-07 00:00:00+00:00,28.94344,34.631306,24.56886
2026-09-08 00:00:00+00:00,28.202986,32.834534,24.780607
2026-09-09 00:00:00+00:00,27.962532,30.237759,25.892355
2026-09-10 00:00:00+00:00,28.522081,32.690987,25.654104
2026-09-11 00:00:00+00:00,28.631624,32.844208,25.215847
2026-09-12 00:00:00+00:00,27.691172,29.997433,25.427599
2026-09-13 00:00:00+00:00,27.900717,30.900658,26.039345
2026-09-14 00:00:00+00:00,28.110264,31.603878,25.101091
2026-09-15 00:00:00+00:00,28.369812,31.407108,25.56284
2026-09-16 00:00:00+00:00,27.979357,31.310333,24.674585
2026-09-17 00:00:00+00:00,27.588903,31.763557,23.936333
2026-09-18 00:00:00+00:00,27.548449,31.81678,23.498081
2026-09-19 00:00:00+00:00,25.557993,27.970007,24.40983
2026-09-20 00:00:00+00:00,27.117542,29.673231,25.721575
2026-09-21 00:00:00+00:00,27.777086,30.926453,25.133324
2026-09-22 00:00:00+00:00,26.336636,27.529682,25.295069
2026-09-23 00:00:00+00:00,26.84618,29.082905,25.306818
2026-09-24 00:00:00+00:00,27.255726,29.536129,25.368563
2026-09-25 00:00:00+00:00,28.01527,31.239357,25.330313
2026-09-26 00:00:00+00:00,28.224817,31.092579,26.342062
2026-09-27 00:00:00+00:00,27.234367,29.095806,25.903807
2026-09-28 00:00:00+00:00,26.393911,27.44903,25.365553
2026-09-29 00:00:00+00:00,27.303455,29.652252,25.927301
2026-09-30 00:00:00+00:00,27.813004,30.305477,26.289047
2026-10-01 00:00:00+00:00,28.32255,31.958702,25.700796
2026-10-02 00:00:00+00:00,29.282097,33.46193,25.812542
2026-10-03 00:00:00+00:00,30.641642,36.16515,25.92429
2026-10-04 00:00:00+00:00,31.201187,35.668377,26.986038
2026-10-05 00:00:00+00:00,28.210735,31.021606,25.347784
2026-10-06 00:00:00+00:00,27.570282,30.474829,25.759531
2026-10-07 00:00:00+00:00,28.579828,32.078053,25.621279
2026-10-08 00:00:00+00:00,28.689377,32.231274,25.983027
2026-10-09 00:00:00+00:00,29.198921,34.134502,25.444773
2026-10-10 00:00:00+00:00,30.108467,36.637726,24.20652
2026-10-11 00:00:00+00:00,31.268011,38.24095,24.818268
2026-10-12 00:00:00+00:00,31.177557,38.094177,25.680016
2026-10-13 00:00:00+00:00,28.737106,32.047398,25.941763
2026-10-14 00:00:00+00:00,27.846653,31.350628,25.35351
2026-10-15 00:00:00+00:00,28.506197,32.15385,25.465258
2026-10-16 00:00:00+00:00,27.765743,30.907074,25.677006
2026-10-17 00:00:00+00:00,27.675291,31.560303,24.23875
2026-10-18 00:00:00+00:00,28.034838,31.013523,25.2505
2026-10-19 00:00:00+00:00,28.444382,33.06675,24.86225
2026-10-20 00:00:00+00:00,30.303928,36.169975,23.773996
2026-10-21 00:00:00+00:00,29.763474,34.6732,24.28574
2026-10-22 00:00:00+00:00,28.27302,31.476421,25.647488
2026-10-23 00:00:00+00:00,28.58257,32.87965,25.009237
2026-10-24 00:00:00+00:00,29.892113,35.582874,24.070984
2026-10-25 00:00:00+00:00,30.401659,38.886097,22.282732
2026-10-26 00:00:00+00:00,30.361208,38.03932,21.54448
2026-10-27 00:00:00+00:00,31.220753,37.192547,25.256224
2026-10-28 00:00:00+00:00,30.080297,35.49577,24.567972
2026-10-29 00:00:00+00:00,30.689844,36.498997,25.079721
2026-10-30 00:00:00+00:00,31.499392,38.352222,25.691465
2026-10-31 00:00:00+00:00,32.70894,39.055447,26.353212
2026-11-01 00:00:00+00:00,33.218483,39.508667,27.71496
2026-11-02 00:00:00+00:00,31.229637,37.469604,24.875814
2026-11-03 00:00:00+00:00,29.991755,33.485157,26.18613
2026-11-04 00:00:00+00:00,30.103872,35.65072,25.446445
2026-11-05 00:00:00+00:00,31.265991,38.916275,24.00676
2026-11-06 00:00:00+00:00,31.478106,40.13182,23.46708
2026-11-07 00:00:00+00:00,30.090225,39.34738,21.077396
2026-11-08 00:00:00+00:00,30.652344,38.11294,23.73771
2026-11-09 00:00:00+00:00,31.41446,39.028496,23.198027
2026-11-10 00:00:00+00:00,31.276577,40.044052,21.708342
2026-11-11 00:00:00+00:00,30.138699,39.159607,19.818657
2026-11-12 00:00:00+00:00,32.700813,39.875164,25.978973
2026-11-13 00:00:00+00:00,32.412933,40.04072,25.089289
2026-11-14 00:00:00+00:00,32.375053,39.906277,25.249603
2026-11-15 00:00:00+00:00,31.437168,38.77183,24.90992
2026-11-16 00:00:00+00:00,29.249285,36.287388,22.320236
2026-11-17 00:00:00+00:00,28.561401,35.052944,23.13055
2026-11-18 00:00:00+00:00,29.92352,36.968502,23.290867
2026-11-19 00:00:00+00:00,31.23564,37.68406,25.251183
2026-11-20 00:00:00+00:00,31.447754,38.49961,25.161497
2026-11-21 00:00:00+00:00,30.659872,37.765167,24.121815
2026-11-22 00:00:00+00:00,29.52199,37.280727,22.432129
2026-11-23 00:00:00+00:00,28.184107,35.39628,21.442446
2026-11-24 00:00:00+00:00,28.596226,36.011837,21.70276
2026-11-25 00:00:00+00:00,27.758343,33.92739,21.763079
2026-11-26 00:00:00+00:00,28.22046,35.09295,22.473394
2026-11-27 00:00:00+00:00,27.932577,35.808506,20.28371
2026-11-28 00:00:00+00:00,27.994696,35.324062,20.944025
2026-11-29 00:00:00+00:00,27.906813,35.28962,20.65434
2026-11-30 00:00:00+00:00,27.56893,34.90517,20.06466
2026-12-01 00:00:00+00:00,27.03105,34.820732,19.124971
2026-12-02 00:00:00+00:00,28.393166,37.436283,19.63529
2026-12-03 00:00:00+00:00,29.855284,38.10184,21.195604
2026-12-04 00:00:00+00:00,31.217402,38.567398,24.15592
2026-12-05 00:00:00+00:00,30.37952,36.982952,24.466238
2026-12-06 00:00:00+00:00,28.091639,33.048504,23.42655
2026-12-07 00:00:00+00:00,28.553755,35.614063,21.686869
2026-12-08 00:00:00+00:00,28.415873,34.929626,21.747185
2026-12-09 00:00:00+00:00,27.67799,34.49518,20.757502
2026-12-10 00:00:00+00:00,27.190107,35.21073,19.117813
2026-12-11 00:00:00+00:00,26.402224,33.57629,19.928133
2026-12-12 00:00:00+00:00,25.714342,33.341846,18.788448
2026-12-13 00:00:00+00:00,25.72646,33.707397,18.898762
2026-12-14 00:00:00+00:00,25.988579,33.92296,19.259079
2026-12-15 00:00:00+00:00,27.450695,35.78852,19.619394
2026-12-16 00:00:00+00:00,27.662811,35.45407,20.57971
2026-12-17 00:00:00+00:00,26.524931,32.469624,20.940025
2026-12-18 00:00:00+00:00,25.43705,30.885185,21.650343
2026-12-19 00:00:00+00:00,23.849167,28.100737,20.310656
2026-12-20 00:00:00+00:00,22.361284,27.716293,17.870974
2026-12-21 00:00:00+00:00,22.373402,29.231853,15.981291
2026-12-22 00:00:00+00:00,23.13552,30.997406,16.441605
2026-12-23 00:00:00+00:00,23.997635,32.262966,17.201921
2026-12-24 00:00:00+00:00,24.509754,32.828518,16.612236
2026-12-25 00:00:00+00:00,25.52187,34.094074,16.922554
2026-12-26 00:00:00+00:00,25.83399,33.85963,18.882868
2026-12-27 00:00:00+00:00,25.646109,32.97519,19.093184
2026-12-28 00:00:00+00:00,25.258226,32.390743,18.8035
2026-12-29 00:00:00+00:00,25.920341,34.7563,18.313816
2026-12-30 00:00:00+00:00,26.132462,33.72185,20.12413
2026-12-31 00:00:00+00:00,26.044579,32.98741,18.134445
2027-01-01 00:00:00+00:00,24.456696,32.102966,17.444763
2027-01-02 00:00:00+00:00,23.660236,30.804811,17.64826
2027-01-03 00:00:00+00:00,23.560919,31.052088,17.04948
2027-01-04 00:00:00+00:00,23.5116,30.94936,17.300703
2027-01-05 00:00:00+00:00,23.412285,31.646637,16.601925
2027-01-06 00:00:00+00:00,24.212963,31.943909,17.953146
2027-01-07 00:00:00+00:00,24.613647,31.49119,18.804369
2027-01-08 00:00:00+00:00,24.76433,32.538464,18.10559
2027-01-09 00:00:00+00:00,25.26501,33.735733,17.706814
2027-01-10 00:00:00+00:00,24.965693,33.08301,17.808037
2027-01-11 00:00:00+00:00,26.116377,34.280285,18.709257
2027-01-12 00:00:00+00:00,26.367056,35.177555,17.96048
2027-01-13 00:00:00+00:00,26.81774,35.624832,17.811703
2027-01-14 00:00:00+00:00,27.368422,35.62211,19.462923
2027-01-15 00:00:00+00:00,25.519104,31.619385,20.414148
2027-01-16 00:00:00+00:00,24.969786,30.816658,20.01537
2027-01-17 00:00:00+00:00,22.570469,29.263933,17.01659
2027-01-18 00:00:00+00:00,22.871147,30.261206,16.217813
2027-01-19 00:00:00+00:00,24.421831,30.608479,19.869034
2027-01-20 00:00:00+00:00,24.422518,30.255754,18.670258
2027-01-21 00:00:00+00:00,26.273197,32.20303,21.32148
2027-01-22 00:00:00+00:00,25.27388,32.650307,18.8727
2027-01-23 00:00:00+00:00,24.97456,33.04758,17.573925
2027-01-24 00:00:00+00:00,24.125242,32.044857,17.425144
2027-01-25 00:00:00+00:00,23.425924,30.392128,17.676367
2027-01-26 00:00:00+00:00,22.876606,29.6394,15.87759
2027-01-27 00:00:00+00:00,22.27729,29.886677,14.428811
2027-01-28 00:00:00+00:00,22.67797,30.08395,16.430033
2027-01-29 00:00:00+00:00,24.87865,30.381226,20.181257
2027-01-30 00:00:00+00:00,22.179337,28.378506,15.182479
2027-01-31 00:00:00+00:00,22.880016,29.975775,16.4837
2027-02-01 00:00:00+00:00,23.680698,32.07305,17.234922
2027-02-02 00:00:00+00:00,25.781382,34.920326,17.536146
2027-02-03 00:00:00+00:00,27.182066,35.467598,19.237366
2027-02-04 00:00:00+00:00,27.482746,35.814873,19.38859
2027-02-05 00:00:00+00:00,28.233427,37.362144,20.18981
2027-02-06 00:00:00+00:00,28.98411,37.709423,21.641033
2027-02-07 00:00:00+00:00,29.034792,38.156696,19.692255
2027-02-08 00:00:00+00:00,29.285473,38.05397,20.193476
2027-02-09 00:00:00+00:00,29.836157,39.051247,20.8447
2027-02-10 00:00:00+00:00,30.086838,38.64852,21.94592
2027-02-11 00:00:00+00:00,29.93752,37.795795,22.497143
2027-02-12 00:00:00+00:00,29.188204,36.593067,22.748367
2027-02-13 00:00:00+00:00,28.888884,37.190346,19.899588
2027-02-14 00:00:00+00:00,28.989567,37.58762,20.800812
2027-02-15 00:00:00+00:00,29.440248,39.234894,19.402033
2027-02-16 00:00:00+00:00,29.99093,39.432175,21.103254
2027-02-17 00:00:00+00:00,29.941614,39.979446,20.104477
2027-02-18 00:00:00+00:00,30.192293,39.67672,19.3557
2027-02-19 00:00:00+00:00,29.492977,38.323994,19.906918
2027-02-20 00:00:00+00:00,28.29366,37.271267,20.308144
2027-02-21 00:00:00+00:00,27.744343,36.818542,19.659365
2027-02-22 00:00:00+00:00,27.595022,36.865818,19.160587
2027-02-23 00:00:00+00:00,29.145706,37.763092,21.111809
2027-02-24 00:00:00+00:00,31.34639,40.360363,22.113031
2027-02-25 00:00:00+00:00,32.59707,40.907642,24.214252
2027-02-26 00:00:00+00:00,30.64775,37.554916,23.765476
2027-02-27 00:00:00+00:00,31.098434,40.75219,21.116697
2027-02-28 00:00:00+00:00,31.249117,40.84946,21.61792
2027-03-01 00:00:00+00:00,31.049799,40.89674,21.419144
2027-03-02 00:00:00+00:00,30.400478,39.094013,21.67036
2027-03-03 00:00:00+00:00,31.351162,40.341286,22.171585
2027-03-04 00:00:00+00:00,30.167206,38.747993,21.587107
2027-03-05 00:00:00+00:00,29.385445,37.756046,21.654667
2027-03-06 00:00:00+00:00,29.603685,38.0641,21.422232
2027-03-07 00:00:00+00:00,31.371922,39.272152,22.889793
2027-03-08 00:00:00+00:00,31.04016,40.080204,21.557354
2027-03-09 00:00:00+00:00,28.708399,37.338257,20.324919
2027-03-10 00:00:00+00:00,27.276636,36.696312,18.792479
2027-03-11 00:00:00+00:00,27.894875,37.504364,18.760046
2027-03-12 00:00:00+00:00,30.763111,39.56242,21.227606
2027-03-13 00:00:00+00:00,29.781353,37.620472,23.44517
2027-03-14 00:00:00+00:00,26.89959,34.878525,19.31273
2027-03-15 00:00:00+00:00,25.867826,33.28658,18.080294
2027-03-16 00:00:00+00:00,27.636066,36.59463,18.04786
2027-03-17 00:00:00+00:00,29.104305,38.00268,19.265419
2027-03-18 00:00:00+00:00,30.272543,37.760735,22.132982
2027-03-19 00:00:00+00:00,29.69078,35.86879,22.800543
2027-03-20 00:00:00+00:00,28.659021,32.02684,24.718107
2027-03-21 00:00:00+00:00,30.327257,36.784897,24.585669
2027-03-22 00:00:00+00:00,29.3955,34.79295,23.303232
2027-03-23 00:00:00+00:00,28.913734,33.700996,24.370794
2027-03-24 00:00:00+00:00,26.881973,33.60906,20.438358
2027-03-25 00:00:00+00:00,28.600214,37.367107,19.40592
2027-03-26 00:00:00+00:00,30.668451,38.67516,22.623484
2027-03-27 00:00:00+00:00,31.18669,39.03321,23.091045
2027-03-28 00:00:00+00:00,30.904928,38.29126,24.258608
2027-03-29 00:00:00+00:00,29.623167,36.999313,21.67617
2027-03-30 00:00:00+00:00,29.741404,37.30737,21.443733
2027-03-31 00:00:00+00:00,30.409643,38.965424,21.161293
2027-04-01 00:00:00+00:00,31.07788,40.62348,20.478857
2027-04-02 00:00:00+00:00,32.69612,41.48153,23.09642
2027-04-03 00:00:00+00:00,33.06436,41.08958,24.813982
2027-04-04 00:00:00+00:00,31.882599,41.097633,21.131546
2027-04-05 00:00:00+00:00,30.000835,37.90569,22.149109
2027-04-06 00:00:00+00:00,29.019073,36.813744,21.11667
2027-04-07 00:00:00+00:00,30.23731,39.521797,21.434235
2027-04-08 00:00:00+00:00,34.45555,43.779846,23.601797
2027-04-09 00:00:00+00:00,37.323788,44.2379,29.819359
2027-04-10 00:00:00+00:00,33.592026,42.045956,25.486921
2027-04-11 00:00:00+00:00,31.910265,38.904003,25.154484
2027-04-12 00:00:00+00:00,28.778505,36.912056,21.222046
2027-04-13 00:00:00+00:00,28.096743,38.220116,19.83961
2027-04-14 00:00:00+00:00,28.61498,38.828163,18.75717
2027-04-15 00:00:00+00:00,32.13322,42.736217,20.824736
2027-04-16 00:00:00+00:00,34.501457,43.49427,23.742298
2027-04-17 00:00:00+00:00,33.969696,43.002323,23.159859
2027-04-18 00:00:00+00:00,33.187935,42.110374,22.377422
2027-04-19 00:00:00+00:00,32.30617,40.91843,21.744984
2027-04-20 00:00:00+00:00,32.674408,42.176483,21.012547
2027-04-21 00:00:00+00:00,33.39265,43.084534,21.03011
2027-04-22 00:00:00+00:00,34.31089,42.742584,24.797672
2027-04-23 00:00:00+00:00,33.529125,42.650642,23.065233
2027-04-24 00:00:00+00:00,33.597366,43.008694,22.132797
2027-04-25 00:00:00+00:00,34.215603,42.916748,24.700361
2027-04-26 00:00:00+00:00,34.83384,43.324806,25.617922
2027-04-27 00:00:00+00:00,35.35208,43.93285,26.785484
2027-04-28 00:00:00+00:00,32.120316,41.79091,22.703047
2027-04-29 00:00:00+00:00,32.138557,41.64896,22.370611
2027-04-30 00:00:00+00:00,34.356796,43.85701,25.388172
2027-05-01 00:00:00+00:00,34.025032,43.315063,24.105736
2027-05-02 00:00:00+00:00,31.893272,37.523113,26.323298
2027-05-03 00:00:00+00:00,30.41151,39.03117,22.390862
2027-05-04 00:00:00+00:00,31.24795,40.777412,22.426668
2027-05-05 00:00:00+00:00,33.034393,42.62366,23.612478
2027-05-06 00:00:00+00:00,32.32083,39.869907,25.098286
2027-05-07 00:00:00+00:00,31.30727,39.11615,22.234097
2027-05-08 00:00:00+00:00,30.943708,38.962395,21.8199
2027-05-09 00:00:00+00:00,32.53015,40.708637,23.555712
2027-05-10 00:00:00+00:00,34.266594,43.254883,24.341518
2027-05-11 00:00:00+00:00,35.20303,43.35113,27.627327
2027-05-12 00:00:00+00:00,35.08947,43.547375,27.213137
2027-05-13 00:00:00+00:00,35.775917,44.643616,25.548944
2027-05-14 00:00:00+00:00,35.062355,44.58986,24.934752
2027-05-15 00:00:00+00:00,32.298798,38.786102,25.57056
2027-05-16 00:00:00+00:00,30.885235,38.03235,23.306366
2027-05-17 00:00:00+00:00,29.621675,38.628593,21.942179
2027-05-18 00:00:00+00:00,30.258116,41.17484,20.827984
2027-05-19 00:00:00+00:00,30.994558,39.821087,22.363792
2027-05-20 00:00:00+00:00,30.730997,40.117325,22.949602
2027-05-21 00:00:00+00:00,28.567436,34.113575,22.98541
2027-05-22 00:00:00+00:00,29.903877,37.459816,22.12122
2027-05-23 00:00:00+00:00,31.89032,39.856064,23.707027
2027-05-24 00:00:00+00:00,31.376759,38.552307,24.492834
2027-05-25 00:00:00+00:00,31.413198,38.89855,24.028645
2027-05-26 00:00:00+00:00,32.049637,39.0948,24.964453
2027-05-27 00:00:00+00:00,32.236076,39.59104,24.800262
2027-05-28 00:00:00+00:00,32.972523,42.137283,23.236067
2027-05-29 00:00:00+00:00,32.05896,39.083527,24.621876
2027-05-30 00:00:00+00:00,32.4954,40.079773,25.207684
2027-05-31 00:00:00+00:00,32.481842,41.776016,23.993494
2027-06-01 00:00:00+00:00,33.168278,42.37226,24.379301
2027-06-02 00:00:00+00:00,33.454727,42.81851,25.015114
2027-06-03 00:00:00+00:00,31.291162,38.164753,24.20092
2027-06-04 00:00:00+00:00,33.527603,42.010998,24.986729
2027-06-05 00:00:00+00:00,34.31404,42.50724,26.272533
2027-06-06 00:00:00+00:00,32.450485,39.753483,24.808344
2027-06-07 00:00:00+00:00,33.036926,40.84973,25.44415
2027-06-08 00:00:00+00:00,32.673367,40.245975,26.079962
2027-06-09 00:00:00+00:00,32.609802,41.692215,24.865768
2027-06-10 00:00:00+00:00,32.746246,40.538464,25.251577
2027-06-11 00:00:00+00:00,32.982685,41.23471,24.987385
2027-06-12 00:00:00+00:00,32.619125,39.18095,25.923193
2027-06-13 00:00:00+00:00,32.855568,40.477196,25.659
2027-06-14 00:00:00+00:00,31.892008,38.723442,25.744808
2027-06-15 00:00:00+00:00,31.428448,36.869686,25.080618
2027-06-16 00:00:00+00:00,31.914886,40.61593,23.916428
2027-06-17 00:00:00+00:00,30.801327,40.91217,22.652235
2027-06-18 00:00:00+00:00,30.28777,36.85842,23.138044
2027-06-19 00:00:00+00:00,30.92421,37.454666,24.973852
2027-06-20 00:00:00+00:00,31.66065,37.20091,26.209663
2027-06-21 00:00:00+00:00,34.29709,43.89715,25.995468
2027-06-22 00:00:00+00:00,29.983532,34.7434,24.631277
2027-06-23 00:00:00+00:00,30.869972,36.48964,26.067085
2027-06-24 00:00:00+00:00,30.006413,34.585884,26.602892
2027-06-25 00:00:00+00:00,30.592855,37.18213,25.188702
2027-06-26 00:00:00+00:00,30.979294,37.878376,23.47451
2027-06-27 00:00:00+00:00,31.46573,36.824615,25.610321
2027-06-28 00:00:00+00:00,29.952171,35.62086,24.296125
2027-06-29 00:00:00+00:00,30.588614,37.16711,24.581936
2027-06-30 00:00:00+00:00,31.475054,38.01335,25.417742
2027-07-01 00:00:00+00:00,31.411493,40.159603,23.753551
2027-07-02 00:00:00+00:00,30.647936,36.755844,25.339361
2027-07-03 00:00:00+00:00,30.43269,37.40001,24.323612
2027-07-04 00:00:00+00:00,30.355667,37.479664,23.996954
2027-07-05 00:00:00+00:00,30.978642,36.35931,25.670298
2027-07-06 00:00:00+00:00,31.451618,37.03895,25.843641
2027-07-07 00:00:00+00:00,30.374594,36.4686,25.066986
2027-07-08 00:00:00+00:00,30.197569,34.09825,25.84033
2027-07-09 00:00:00+00:00,28.920544,32.477894,24.713673
2027-07-10 00:00:00+00:00,29.84352,35.65754,24.237019
2027-07-11 00:00:00+00:00,29.816494,36.73719,23.81036
2027-07-12 00:00:00+00:00,30.63947,36.116837,25.133707
2027-07-13 00:00:00+00:00,30.212444,35.846485,24.707048
2027-07-14 00:00:00+00:00,30.235418,36.67613,23.880392
2027-07-15 00:00:00+00:00,28.858393,35.05578,23.653736
2027-07-16 00:00:00+00:00,29.93137,35.635426,23.927082
2027-07-17 00:00:00+00:00,30.204346,36.61507,24.900425
2027-07-18 00:00:00+00:00,29.07732,36.09472,23.173769
2027-07-19 00:00:00+00:00,27.600296,33.874367,22.597113
2027-07-20 00:00:00+00:00,28.773272,35.10401,22.320457
2027-07-21 00:00:00+00:00,28.996244,34.133656,23.293798
2027-07-22 00:00:00+00:00,29.069221,33.363304,25.417145
2027-07-23 00:00:00+00:00,29.592197,34.042953,25.99049
2027-07-24 00:00:00+00:00,29.61517,35.722603,24.663832
2027-07-25 00:00:00+00:00,30.538147,36.25225,24.787174
2027-07-26 00:00:00+00:00,31.511124,38.531895,26.010519
2027-07-27 00:00:00+00:00,30.284096,35.06154,25.483864
2027-07-28 00:00:00+00:00,29.907074,33.591187,26.207207
2027-07-29 00:00:00+00:00,30.53005,34.37084,27.480553
2027-07-30 00:00:00+00:00,27.453022,29.350481,26.603893
2027-07-31 00:00:00+00:00,27.975998,30.98013,25.07724
2027-08-01 00:00:00+00:00,27.948973,30.709778,25.100582
2027-08-02 00:00:00+00:00,28.971949,32.639427,25.323925
2027-08-03 00:00:00+00:00,29.094925,33.66907,25.64727
2027-08-04 00:00:00+00:00,29.2179,33.548717,24.920616
2027-08-05 00:00:00+00:00,28.240875,31.028366,26.393959
2027-08-06 00:00:00+00:00,28.713852,33.258015,25.2173
2027-08-07 00:00:00+00:00,28.536825,33.137657,24.990648
2027-08-08 00:00:00+00:00,28.2598,32.517307,24.213991
2027-08-09 00:00:00+00:00,28.832777,34.896957,23.687334
2027-08-10 00:00:00+00:00,29.255749,35.626602,24.160679
2027-08-11 00:00:00+00:00,30.378727,37.60625,24.634024
2027-08-12 00:00:00+00:00,30.751701,36.385895,25.107367
2027-08-13 00:00:00+00:00,29.874678,35.915546,25.630707
2027-08-14 00:00:00+00:00,30.697653,36.345192,26.154057
2027-08-15 00:00:00+00:00,30.620626,36.924835,24.927399
2027-08-16 00:00:00+00:00,29.7436,35.204483,25.00074
2027-08-17 00:00:00+00:00,30.666576,37.434128,24.824087
2027-08-18 00:00:00+00:00,30.43955,36.113777,25.497427
2027-08-19 00:00:00+00:00,29.362526,34.743427,25.270775
2027-08-20 00:00:00+00:00,28.685503,34.473072,24.044115
2027-08-21 00:00:00+00:00,28.858479,32.60272,25.167461
2027-08-22 00:00:00+00:00,30.13145,36.232365,24.790802
2027-08-23 00:00:00+00:00,28.854427,34.462017,24.91415
2027-08-24 00:00:00+00:00,27.127401,29.141663,24.937492
2027-08-25 00:00:00+00:00,27.45038,32.071312,24.210835
2027-08-26 00:00:00+00:00,28.623354,32.800957,25.18418
2027-08-27 00:00:00+00:00,28.39633,31.9306,25.407522
2027-08-28 00:00:00+00:00,27.219303,31.360245,24.730865
2027-08-29 00:00:00+00:00,27.44228,30.639896,24.454212
2027-08-30 00:00:00+00:00,26.715254,29.219545,24.677555
2027-08-31 00:00:00+00:00,25.88823,27.64919,24.300898
2027-09-01 00:00:00+00:00,27.861204,31.278835,24.724243
2027-09-02 00:00:00+00:00,27.443325,30.214378,24.757187
2027-09-03 00:00:00+00:00,28.20287,31.8176,25.768934
2027-09-04 00:00:00+00:00,26.312412,27.970833,25.630682
2027-09-05 00:00:00+00:00,26.721962,29.424055,25.292427
2027-09-06 00:00:00+00:00,26.781507,29.027279,25.504175
2027-09-07 00:00:00+00:00,27.141056,29.930502,24.615925
2027-09-08 00:00:00+00:00,26.9006,30.28373,23.77767
2027-09-09 00:00:00+00:00,26.960148,29.986954,24.839418
2027-09-10 00:00:00+00:00,27.069693,29.190176,25.451166
2027-09-11 00:00:00+00:00,27.329237,30.793404,24.312914
2027-09-12 00:00:00+00:00,26.388783,27.746628,25.47466
2027-09-13 00:00:00+00:00,26.748331,28.149855,26.186409
2027-09-14 00:00:00+00:00,27.10788,29.903078,24.998154
2027-09-15 00:00:00+00:00,27.467424,30.8563,24.359903
2027-09-16 00:00:00+00:00,27.726973,30.709524,25.021648
2027-09-17 00:00:00+00:00,26.886517,29.662752,25.733397
2027-09-18 00:00:00+00:00,26.54606,28.365974,25.095146
2027-09-19 00:00:00+00:00,27.15561,30.369202,25.656889
2027-09-20 00:00:00+00:00,26.965157,28.372425,25.818638
2027-09-21 00:00:00+00:00,27.474703,30.07565,25.530386
2027-09-22 00:00:00+00:00,27.684248,29.578873,26.792133
2027-09-23 00:00:00+00:00,27.593792,28.8321,26.70388
2027-09-24 00:00:00+00:00,28.253338,32.18532,25.665628
2027-09-25 00:00:00+00:00,27.662886,29.638546,25.977375
2027-09-26 00:00:00+00:00,26.972433,28.891773,25.739122
2027-09-27 00:00:00+00:00,27.781975,30.694998,25.550869
2027-09-28 00:00:00+00:00,28.791523,32.148224,26.062618
2027-09-29 00:00:00+00:00,30.051071,35.601448,25.824364
2027-09-30 00:00:00+00:00,29.510618,34.454674,25.23611
2027-10-01 00:00:00+00:00,28.320162,32.107895,25.24786
2027-10-02 00:00:00+00:00,29.22971,34.311123,24.859606
2027-10-03 00:00:00+00:00,29.139257,33.564346,25.621353
2027-10-04 00:00:00+00:00,28.898802,34.16757,24.8331
2027-10-05 00:00:00+00:00,28.30835,33.820797,23.544847
2027-10-06 00:00:00+00:00,28.167896,32.67402,23.456596
2027-10-07 00:00:00+00:00,30.67744,38.47724,24.368343
2027-10-08 00:00:00+00:00,32.286987,40.13047,23.780088
2027-10-09 00:00:00+00:00,29.696533,34.483692,23.941837
2027-10-10 00:00:00+00:00,27.85608,29.336918,25.853586
2027-10-11 00:00:00+00:00,29.165627,33.590145,25.315332
2027-10-12 00:00:00+00:00,30.725172,37.29337,25.627079
2027-10-13 00:00:00+00:00,30.434717,35.74659,24.538826
2027-10-14 00:00:00+00:00,28.994267,32.39982,25.850573
2027-10-15 00:00:00+00:00,28.203812,33.20304,25.11232
2027-10-16 00:00:00+00:00,31.313356,38.806267,25.524067
2027-10-17 00:00:00+00:00,30.672905,36.359497,25.935816
2027-10-18 00:00:00+00:00,32.33245,40.412716,23.747562
2027-10-19 00:00:00+00:00,34.391994,41.765938,27.059309
2027-10-20 00:00:00+00:00,31.351543,37.41917,24.921057
2027-10-21 00:00:00+00:00,30.511087,35.07239,25.332804
2027-10-22 00:00:00+00:00,30.570635,35.675617,25.594551
2027-10-23 00:00:00+00:00,31.83018,39.17884,24.856298
2027-10-24 00:00:00+00:00,30.239727,35.282066,25.918047
2027-10-25 00:00:00+00:00,31.649273,38.48529,24.879793
2027-10-26 00:00:00+00:00,32.358818,39.33852,24.541544
2027-10-27 00:00:00+00:00,32.96837,39.441742,25.753288
2027-10-28 00:00:00+00:00,32.92791,40.74496,24.415037
2027-10-29 00:00:00+00:00,32.63746,40.148193,24.326784
2027-10-30 00:00:00+00:00,33.247005,40.95142,25.03853
2027-10-31 00:00:00+00:00,32.30655,38.85464,25.550278
2027-11-01 00:00:00+00:00,32.366096,40.707867,23.762028
2027-11-02 00:00:00+00:00,31.276608,40.115715,22.073235
2027-11-03 00:00:00+00:00,30.888723,39.431267,22.333551
2027-11-04 00:00:00+00:00,31.250841,39.696827,22.693867
2027-11-05 00:00:00+00:00,31.26296,39.762383,22.304184
2027-11-06 00:00:00+00:00,31.325079,39.72794,23.064499
2027-11-07 00:00:00+00:00,30.437195,39.443493,21.424814
2027-11-08 00:00:00+00:00,29.399313,38.959053,19.33513
2027-11-09 00:00:00+00:00,29.41143,37.674606,21.095448
2027-11-10 00:00:00+00:00,28.973549,38.34016,17.605762
2027-11-11 00:00:00+00:00,29.685667,38.85572,19.666077
2027-11-12 00:00:00+00:00,30.397783,38.321274,22.276392
2027-11-13 00:00:00+00:00,30.8099,37.53683,24.48671
2027-11-14 00:00:00+00:00,29.822018,36.90239,22.797026
2027-11-15 00:00:00+00:00,29.884134,37.41794,22.55734
2027-11-16 00:00:00+00:00,28.896254,36.183502,21.917656
2027-11-17 00:00:00+00:00,28.80837,37.19906,21.477974
2027-11-18 00:00:00+00:00,28.67049,36.564606,20.938288
2027-11-19 00:00:00+00:00,26.832607,32.830166,21.698605
2027-11-20 00:00:00+00:00,25.644726,32.745728,19.15892
2027-11-21 00:00:00+00:00,25.656843,34.31128,17.019234
2027-11-22 00:00:00+00:00,27.268963,35.57683,19.12955
2027-11-23 00:00:00+00:00,28.28108,36.492393,20.58987
2027-11-24 00:00:00+00:00,28.943195,35.95795,22.650183
2027-11-25 00:00:00+00:00,29.105314,37.1735,20.3605
2027-11-26 00:00:00+00:00,29.817434,37.839058,21.270815
2027-11-27 00:00:00+00:00,29.379547,37.75462,20.93113
2027-11-28 00:00:00+00:00,29.541664,37.070175,21.791447
2027-11-29 00:00:00+00:00,29.003784,36.63573,21.301762
2027-11-30 00:00:00+00:00,27.865902,35.751286,19.862078
2027-12-01 00:00:00+00:00,26.978016,34.96684,18.572393
2027-12-02 00:00:00+00:00,25.840137,31.882397,20.032711
2027-12-03 00:00:00+00:00,26.452253,33.99795,19.593025
2027-12-04 00:00:00+00:00,27.014374,34.863506,19.903341
2027-12-05 00:00:00+00:00,28.37649,36.229065,20.613657
2027-12-06 00:00:00+00:00,29.588608,37.54462,21.923973
2027-12-07 00:00:00+00:00,29.450726,37.11018,22.23429
2027-12-08 00:00:00+00:00,28.362843,36.475735,21.394606
2027-12-09 00:00:00+00:00,28.52496,36.94129,20.254921
2027-12-10 00:00:00+00:00,28.437075,37.056843,19.915236
2027-12-11 00:00:00+00:00,27.999195,36.672398,19.725552
2027-12-12 00:00:00+00:00,27.661312,35.787956,18.885868
2027-12-13 00:00:00+00:00,27.973429,36.253517,19.296185
2027-12-14 00:00:00+00:00,27.835552,35.01907,21.1065
2027-12-15 00:00:00+00:00,26.547667,33.284626,20.666815
2027-12-16 00:00:00+00:00,24.159782,30.000185,18.977133
2027-12-17 00:00:00+00:00,23.071901,30.215736,16.687447
2027-12-18 00:00:00+00:00,24.63402,33.83129,16.697762
2027-12-19 00:00:00+00:00,26.446136,35.24685,18.058079
2027-12-20 00:00:00+00:00,27.308252,35.662407,18.968393
2027-12-21 00:00:00+00:00,26.670372,34.877964,18.628712
2027-12-22 00:00:00+00:00,25.832489,33.793514,17.689026
2027-12-23 00:00:00+00:00,25.04461,33.059074,17.299343
2027-12-24 00:00:00+00:00,24.606726,32.024628,17.509657
2027-12-25 00:00:00+00:00,23.818842,31.840183,16.819975
2027-12-26 00:00:00+00:00,23.330957,31.505745,16.68029
2027-12-27 00:00:00+00:00,23.943079,32.2213,16.890606
2027-12-28 00:00:00+00:00,23.705196,31.786858,16.90092
2027-12-29 00:00:00+00:00,23.867311,32.75241,15.911235
2027-12-30 00:00:00+00:00,26.229431,34.617966,17.82155
2027-12-31 00:00:00+00:00,26.99155,33.23352,19.931868
2028-01-01 00:00:00+00:00,24.903666,32.19908,18.542185
2028-01-02 00:00:00+00:00,24.960066,32.505493,18.547955
2028-01-03 00:00:00+00:00,24.960747,33.25277,17.149174
2028-01-04 00:00:00+00:00,25.16143,33.350044,17.700397
2028-01-05 00:00:00+00:00,24.21211,31.49732,17.601618
2028-01-06 00:00:00+00:00,24.812794,33.69459,16.702843
2028-01-07 00:00:00+00:00,25.213476,34.14187,16.954063
2028-01-08 00:00:00+00:00,26.014158,33.839146,19.055285
2028-01-09 00:00:00+00:00,26.164839,34.58642,18.40651
2028-01-10 00:00:00+00:00,26.215523,34.58369,19.05773
2028-01-11 00:00:00+00:00,26.316206,34.130962,19.958952
2028-01-12 00:00:00+00:00,25.766888,34.228237,18.060175
2028-01-13 00:00:00+00:00,25.66757,34.425514,17.111395
2028-01-14 00:00:00+00:00,25.36825,33.472786,17.562618
2028-01-15 00:00:00+00:00,25.368933,33.82007,16.06384
2028-01-16 00:00:00+00:00,26.419617,34.767338,18.065063
2028-01-17 00:00:00+00:00,27.470297,35.96461,19.216286
2028-01-18 00:00:00+00:00,28.170979,35.76189,20.667507
2028-01-19 00:00:00+00:00,28.22166,34.70916,22.118729
2028-01-20 00:00:00+00:00,26.422344,32.55644,20.519953
2028-01-21 00:00:00+00:00,25.223024,31.803715,19.571173
2028-01-22 00:00:00+00:00,23.773708,31.200987,16.872395
2028-01-23 00:00:00+00:00,23.97439,31.79826,16.37362
2028-01-24 00:00:00+00:00,24.925072,33.145535,16.62484
2028-01-25 00:00:00+00:00,25.825754,35.34281,16.22606
2028-01-26 00:00:00+00:00,27.726435,36.340084,20.177286
2028-01-27 00:00:00+00:00,26.52712,33.08736,20.478506
2028-01-28 00:00:00+00:00,26.3278,33.48464,20.179728
2028-01-29 00:00:00+00:00,25.578482,33.031906,18.43095
2028-01-30 00:00:00+00:00,25.279163,32.029182,18.782173
2028-01-31 00:00:00+00:00,24.979845,32.376457,18.383394
2028-02-01 00:00:00+00:00,24.78053,32.623734,18.284616
2028-02-02 00:00:00+00:00,23.081211,27.771008,19.635838
2028-02-03 00:00:00+00:00,22.781895,29.16828,17.937063
2028-02-04 00:00:00+00:00,23.682577,32.915554,14.588283
2028-02-05 00:00:00+00:00,25.433256,34.812828,15.189504
2028-02-06 00:00:00+00:00,26.633938,34.010105,18.94073
2028-02-07 00:00:00+00:00,26.834621,33.157375,19.941948
2028-02-08 00:00:00+00:00,25.685305,32.104652,19.843172
2028-02-09 00:00:00+00:00,27.335983,35.25193,19.494392
2028-02-10 00:00:00+00:00,30.736668,38.3992,24.695616
2028-02-11 00:00:00+00:00,30.237349,38.19648,23.996838
2028-02-12 00:00:00+00:00,31.188036,39.09375,24.19806
2028-02-13 00:00:00+00:00,31.988712,39.091026,25.449282
2028-02-14 00:00:00+00:00,30.839397,37.2383,25.550507
2028-02-15 00:00:00+00:00,28.94008,36.785576,21.901726
2028-02-16 00:00:00+00:00,28.74076,36.682854,21.902946
2028-02-17 00:00:00+00:00,28.891441,37.080124,21.354172
2028-02-18 00:00:00+00:00,28.792126,36.4774,21.805391
2028-02-19 00:00:00+00:00,27.892807,34.674675,21.956617
2028-02-20 00:00:00+00:00,26.64349,34.67195,19.607836
2028-02-21 00:00:00+00:00,27.494173,34.869225,20.90906
2028-02-22 00:00:00+00:00,27.194853,34.566494,19.810282
2028-02-23 00:00:00+00:00,28.645535,36.913776,20.361502
2028-02-24 00:00:00+00:00,28.946218,36.361046,22.562727
2028-02-25 00:00:00+00:00,30.5469,39.258324,21.513945
2028-02-26 00:00:00+00:00,31.297583,38.555595,22.915169
2028-02-27 00:00:00+00:00,28.098265,30.552872,24.716393
2028-02-28 00:00:00+00:00,27.398945,34.600147,21.317616
2028-02-29 00:00:00+00:00,27.699627,34.39742,21.168837
2028-03-01 00:00:00+00:00,28.600307,36.044697,21.120058
2028-03-02 00:00:00+00:00,27.600992,36.44197,17.87128
2028-03-03 00:00:00+00:00,29.762648,37.995983,20.632715
2028-03-04 00:00:00+00:00,28.680883,36.60403,20.100277
2028-03-05 00:00:00+00:00,27.999123,36.362083,18.867842
2028-03-06 00:00:00+00:00,28.21736,37.420143,18.235401
2028-03-07 00:00:00+00:00,29.9856,39.378193,19.052967
2028-03-08 00:00:00+00:00,32.65384,41.386242,21.920528
2028-03-09 00:00:00+00:00,33.722076,40.2943,29.03809
2028-03-10 00:00:00+00:00,33.040314,40.202354,25.455654
2028-03-11 00:00:00+00:00,32.408554,39.960403,24.323215
2028-03-12 00:00:00+00:00,31.776794,40.118458,23.49078
2028-03-13 00:00:00+00:00,33.295033,41.526512,24.25834
2028-03-14 00:00:00+00:00,34.66327,42.68456,26.375902
2028-03-15 00:00:00+00:00,33.03151,41.04262,24.693466
2028-03-16 00:00:00+00:00,33.699745,42.55067,24.96103
2028-03-17 00:00:00+00:00,34.517986,42.758724,26.42859
2028-03-18 00:00:00+00:00,33.436222,41.66678,24.996155
2028-03-19 00:00:00+00:00,32.654465,40.87483,24.313717
2028-03-20 00:00:00+00:00,29.6227,37.63288,21.681278
2028-03-21 00:00:00+00:00,30.740936,39.34094,21.84884
2028-03-22 00:00:00+00:00,32.909176,40.94899,23.916405
2028-03-23 00:00:00+00:00,31.127415,34.40704,27.083967
2028-03-24 00:00:00+00:00,25.745653,29.765093,22.00153
2028-03-25 00:00:00+00:00,28.71389,37.023144,20.269093
2028-03-26 00:00:00+00:00,31.582129,38.231194,23.886656
2028-03-27 00:00:00+00:00,33.45037,39.639256,26.25422
2028-03-28 00:00:00+00:00,34.01861,39.597305,28.071781
2028-03-29 00:00:00+00:00,33.786846,39.005356,27.139341
2028-03-30 00:00:00+00:00,33.45508,38.563408,27.906904
2028-03-31 00:00:00+00:00,34.823326,41.271458,27.774467
2028-04-01 00:00:00+00:00,34.94156,41.079517,28.392029
2028-04-02 00:00:00+00:00,33.759796,40.687572,25.809591
2028-04-03 00:00:00+00:00,33.378036,41.245625,24.627155
2028-04-04 00:00:00+00:00,33.246277,41.103676,25.194717
2028-04-05 00:00:00+00:00,32.414513,40.611725,25.71228
2028-04-06 00:00:00+00:00,35.582752,42.269783,28.479843
2028-04-07 00:00:00+00:00,36.35099,44.377834,28.197407
2028-04-08 00:00:00+00:00,34.51923,43.985886,24.61497
2028-04-09 00:00:00+00:00,34.18747,42.89394,23.882532
2028-04-10 00:00:00+00:00,34.605705,43.701996,25.500095
2028-04-11 00:00:00+00:00,36.173943,44.610043,27.167656
2028-04-12 00:00:00+00:00,34.94218,43.468098,25.735216
2028-04-13 00:00:00+00:00,34.41042,42.476154,25.102781
2028-04-14 00:00:00+00:00,33.978657,42.3342,24.920341
2028-04-15 00:00:00+00:00,32.1969,41.84226,23.037905
2028-04-16 00:00:00+00:00,32.41514,42.10031,23.85547
2028-04-17 00:00:00+00:00,33.083374,43.508366,22.72303
2028-04-18 00:00:00+00:00,34.701614,45.116413,23.290594
2028-04-19 00:00:00+00:00,34.81985,44.624466,23.858156
2028-04-20 00:00:00+00:00,33.038086,40.73252,25.025719
2028-04-21 00:00:00+00:00,33.156326,42.49057,24.043282
2028-04-22 00:00:00+00:00,32.274567,41.09863,23.860844
2028-04-23 00:00:00+00:00,30.992805,38.35668,23.878408
2028-04-24 00:00:00+00:00,32.91104,41.564735,24.49597
2028-04-25 00:00:00+00:00,32.97928,41.22279,24.663532
2028-04-26 00:00:00+00:00,33.84752,42.230843,25.681095
2028-04-27 00:00:00+00:00,32.61576,40.68889,24.098658
2028-04-28 00:00:00+00:00,31.433996,40.496944,23.416218
2028-04-29 00:00:00+00:00,30.102234,38.354996,22.533783
2028-04-30 00:00:00+00:00,29.220476,38.163055,21.151346
2028-05-01 00:00:00+00:00,29.58871,38.6711,20.618908
2028-05-02 00:00:00+00:00,32.05695,39.729156,23.98647
2028-05-03 00:00:00+00:00,32.901344,40.02835,25.230215
2028-05-04 00:00:00+00:00,33.28778,40.674603,26.716024
2028-05-05 00:00:00+00:00,31.224218,38.520844,24.801834
2028-05-06 00:00:00+00:00,31.01066,39.467083,23.237642
2028-05-07 00:00:00+00:00,30.597101,38.963333,22.62345
2028-05-08 00:00:00+00:00,30.583542,39.059574,23.409258
2028-05-09 00:00:00+00:00,31.269983,40.355827,22.495066
2028-05-10 00:00:00+00:00,31.756422,41.10207,23.380875
2028-05-11 00:00:00+00:00,33.742867,43.648315,24.266684
2028-05-12 00:00:00+00:00,34.829308,43.644554,24.702492
2028-05-13 00:00:00+00:00,33.565742,42.190796,23.6883
2028-05-14 00:00:00+00:00,32.80218,41.337044,23.22411
2028-05-15 00:00:00+00:00,31.888626,41.63329,21.759916
2028-05-16 00:00:00+00:00,32.425064,40.97953,23.695724
2028-05-17 00:00:00+00:00,29.561506,34.025776,24.981533
2028-05-18 00:00:00+00:00,31.147947,36.522022,24.917343
2028-05-19 00:00:00+00:00,33.034386,39.168266,27.85315
2028-05-20 00:00:00+00:00,34.570827,41.464508,27.838957
2028-05-21 00:00:00+00:00,36.557266,45.660755,26.824766
2028-05-22 00:00:00+00:00,34.94371,41.107,26.910576
2028-05-23 00:00:00+00:00,34.93015,41.153244,29.996384
2028-05-24 00:00:00+00:00,33.166588,39.44949,26.68219
2028-05-25 00:00:00+00:00,31.503027,38.74573,24.168
2028-05-26 00:00:00+00:00,32.63947,41.29198,24.503809
2028-05-27 00:00:00+00:00,32.77591,40.338223,25.639614
2028-05-28 00:00:00+00:00,30.562353,38.184467,22.975426
2028-05-29 00:00:00+00:00,31.14879,37.73071,24.261232
2028-05-30 00:00:00+00:00,30.535229,38.02696,22.947042
2028-05-31 00:00:00+00:00,30.721672,39.0732,21.53285
2028-06-01 00:00:00+00:00,32.15811,39.819443,24.46866
2028-06-02 00:00:00+00:00,34.34455,43.015686,24.654467
2028-06-03 00:00:00+00:00,33.580994,43.011936,25.240276
2028-06-04 00:00:00+00:00,31.067432,38.958176,24.176085
2028-06-05 00:00:00+00:00,31.903875,37.954422,26.461891
2028-06-06 00:00:00+00:00,31.840315,36.500668,26.697699
2028-06-07 00:00:00+00:00,34.326756,41.796917,27.18351
2028-06-08 00:00:00+00:00,34.26319,43.243156,25.319315
2028-06-09 00:00:00+00:00,36.19964,44.5894,26.605125
2028-06-10 00:00:00+00:00,33.58608,39.385643,27.740932
2028-06-11 00:00:00+00:00,32.772514,36.681892,28.226742
2028-06-12 00:00:00+00:00,32.708954,40.978134,25.46255
2028-06-13 00:00:00+00:00,31.895397,35.77438,27.14836
2028-06-14 00:00:00+00:00,32.331837,37.32062,27.984163
2028-06-15 00:00:00+00:00,31.418278,36.966873,26.869974
2028-06-16 00:00:00+00:00,30.204718,36.363113,24.055784
2028-06-17 00:00:00+00:00,30.241158,37.009357,23.491592
2028-06-18 00:00:00+00:00,30.777601,34.755604,26.277397
2028-06-19 00:00:00+00:00,30.914042,34.551846,27.163206
2028-06-20 00:00:00+00:00,30.15048,35.998093,24.899015
2028-06-21 00:00:00+00:00,31.286922,38.244335,24.234823
2028-06-22 00:00:00+00:00,28.37336,30.490582,26.270632
2028-06-23 00:00:00+00:00,31.059801,37.88682,24.806444
2028-06-24 00:00:00+00:00,34.14624,41.93307,26.79225
2028-06-25 00:00:00+00:00,32.782684,39.37931,25.778059
2028-06-26 00:00:00+00:00,32.61912,39.225563,27.063866
2028-06-27 00:00:00+00:00,31.405563,37.821804,25.949675
2028-06-28 00:00:00+00:00,30.992004,37.818047,24.435484
2028-06-29 00:00:00+00:00,30.978445,37.664295,24.97129
2028-06-30 00:00:00+00:00,29.664883,35.36054,24.8071
2028-07-01 00:00:00+00:00,28.651325,34.60678,24.54291
2028-07-02 00:00:00+00:00,28.737764,33.903027,24.278717
2028-07-03 00:00:00+00:00,28.812424,34.98475,22.953619
2028-07-04 00:00:00+00:00,30.385397,36.6144,23.926962
2028-07-05 00:00:00+00:00,28.758375,31.544039,25.600306
2028-07-06 00:00:00+00:00,30.28135,37.773685,23.67365
2028-07-07 00:00:00+00:00,30.604324,35.753334,24.896994
2028-07-08 00:00:00+00:00,31.027298,36.93298,25.570337
2028-07-09 00:00:00+00:00,29.850273,33.86263,27.043682
2028-07-10 00:00:00+00:00,29.923252,35.642277,25.417025
2028-07-11 00:00:00+00:00,31.096226,37.62192,25.59037
2028-07-12 00:00:00+00:00,29.269201,32.451572,25.61371
2028-07-13 00:00:00+00:00,28.292177,31.581219,24.38706
2028-07-14 00:00:00+00:00,29.01515,33.860863,24.4104
2028-07-15 00:00:00+00:00,30.288126,36.09051,24.233746
2028-07-16 00:00:00+00:00,29.5111,34.920162,24.107088
2028-07-17 00:00:00+00:00,29.734076,36.799805,23.430431
2028-07-18 00:00:00+00:00,30.35705,37.229454,23.503777
2028-07-19 00:00:00+00:00,28.88003,33.8591,24.37712
2028-07-20 00:00:00+00:00,29.353004,35.13875,24.550465
2028-07-21 00:00:00+00:00,28.425976,33.418396,23.923807
2028-07-22 00:00:00+00:00,29.398952,35.09804,23.797152
2028-07-23 00:00:00+00:00,29.471926,32.227688,25.320498
2028-07-24 00:00:00+00:00,29.344902,33.557335,25.093842
2028-07-25 00:00:00+00:00,29.467878,33.686985,25.217184
2028-07-26 00:00:00+00:00,30.790852,37.516632,24.940527
2028-07-27 00:00:00+00:00,30.813828,36.296276,25.71387
2028-07-28 00:00:00+00:00,29.736803,34.225925,25.487213
2028-07-29 00:00:00+00:00,27.60978,29.95557,25.760557
2028-07-30 00:00:00+00:00,29.632753,34.685215,24.9339
2028-07-31 00:00:00+00:00,30.155727,34.664864,25.657248
2028-08-01 00:00:00+00:00,29.628704,35.044514,24.78059
2028-08-02 00:00:00+00:00,29.85168,35.77416,26.403934
2028-08-03 00:00:00+00:00,28.324654,32.253807,26.277275
2028-08-04 00:00:00+00:00,27.14763,30.433458,23.850622
2028-08-05 00:00:00+00:00,27.320606,31.713104,23.373966
2028-08-06 00:00:00+00:00,28.543581,33.592747,24.59731
2028-08-07 00:00:00+00:00,30.116558,36.272396,24.470654
2028-08-08 00:00:00+00:00,31.33953,39.70204,24.093996
2028-08-09 00:00:00+00:00,29.712507,32.98169,26.467342
2028-08-10 00:00:00+00:00,28.63548,32.011333,24.990685
2028-08-11 00:00:00+00:00,29.558456,34.940983,25.114027
2028-08-12 00:00:00+00:00,30.831432,38.570633,24.737375
2028-08-13 00:00:00+00:00,29.704409,34.150276,25.360716
2028-08-14 00:00:00+00:00,29.87738,34.27993,25.28406
2028-08-15 00:00:00+00:00,29.150358,33.20957,25.257404
2028-08-16 00:00:00+00:00,27.873333,31.93922,23.73075
2028-08-17 00:00:00+00:00,28.446308,33.168865,25.15409
2028-08-18 00:00:00+00:00,29.569286,35.098515,24.077435
2028-08-19 00:00:00+00:00,29.842258,36.37816,24.40078
2028-08-20 00:00:00+00:00,30.465235,36.607807,25.774124
2028-08-21 00:00:00+00:00,29.438211,33.63746,25.797466
2028-08-22 00:00:00+00:00,27.161182,29.917103,25.520811
2028-08-23 00:00:00+00:00,31.08416,39.29675,25.444155
2028-08-24 00:00:00+00:00,30.507132,37.5764,24.467499
2028-08-25 00:00:00+00:00,30.63011,36.356045,25.690842
2028-08-26 00:00:00+00:00,29.653086,34.98569,26.06419
2028-08-27 00:00:00+00:00,28.876062,34.915337,23.93753
2028-08-28 00:00:00+00:00,31.099037,37.644985,24.210875
2028-08-29 00:00:00+00:00,32.92201,40.67463,25.834217
2028-08-30 00:00:00+00:00,32.344986,39.55428,25.957563
2028-08-31 00:00:00+00:00,32.06796,38.633926,26.280907
2028-09-01 00:00:00+00:00,31.390938,38.463573,25.654251
2028-09-02 00:00:00+00:00,29.700481,34.866795,26.365997
2028-09-03 00:00:00+00:00,28.660028,33.770023,24.777744
2028-09-04 00:00:00+00:00,29.119574,35.623245,24.989492
2028-09-05 00:00:00+00:00,29.979124,35.82647,24.651241
2028-09-06 00:00:00+00:00,31.238668,39.129696,24.112986
2028-09-07 00:00:00+00:00,28.148214,31.63292,25.124735
2028-09-08 00:00:00+00:00,25.40776,26.736145,24.936481
2028-09-09 00:00:00+00:00,27.017305,30.189371,24.49823
2028-09-10 00:00:00+00:00,27.826853,30.6426,24.859976
2028-09-11 00:00:00+00:00,29.5364,35.24582,25.021725
2028-09-12 00:00:00+00:00,29.295948,33.29905,25.78347
2028-09-13 00:00:00+00:00,27.355492,29.00227,25.495218
2028-09-14 00:00:00+00:00,28.215038,32.055492,25.306965
2028-09-15 00:00:00+00:00,28.274584,31.55872,24.76871
2028-09-16 00:00:00+00:00,27.634129,29.761944,26.23046
2028-09-17 00:00:00+00:00,24.743675,25.31517,24.442205
2028-09-18 00:00:00+00:00,26.853222,30.468393,23.503954
2028-09-19 00:00:00+00:00,28.91277,34.37162,25.0657
2028-09-20 00:00:00+00:00,31.072315,35.92484,26.27745
2028-09-21 00:00:00+00:00,30.931864,35.22807,27.339197
2028-09-22 00:00:00+00:00,27.94141,30.481295,26.300943
2028-09-23 00:00:00+00:00,27.200954,29.834518,25.06269
2028-09-24 00:00:00+00:00,29.9105,35.437744,25.37444
2028-09-25 00:00:00+00:00,30.470043,37.34097,25.786186
2028-09-26 00:00:00+00:00,30.479595,36.74419,25.147932
2028-09-27 00:00:00+00:00,29.33914,33.49742,25.359678
2028-09-28 00:00:00+00:00,32.598682,42.150642,25.621428
2028-09-29 00:00:00+00:00,30.808231,37.903866,26.333174
2028-09-30 00:00:00+00:00,29.067778,32.007095,26.544922
2028-10-01 00:00:00+00:00,27.877323,31.010319,24.706667
2028-10-02 00:00:00+00:00,29.88687,34.96354,24.868418
2028-10-03 00:00:00+00:00,32.096413,39.916767,25.330164
2028-10-04 00:00:00+00:00,32.255966,41.019993,24.441912
2028-10-05 00:00:00+00:00,30.66551,38.023216,24.453657
2028-10-06 00:00:00+00:00,31.425053,39.076443,24.315405
2028-10-07 00:00:00+00:00,32.634598,39.029667,25.577154
2028-10-08 00:00:00+00:00,32.344147,38.482887,27.1889
2028-10-09 00:00:00+00:00,28.853695,32.636116,24.850647
2028-10-10 00:00:00+00:00,31.11324,39.489338,24.962393
2028-10-11 00:00:00+00:00,33.222786,41.792564,25.424145
2028-10-12 00:00:00+00:00,33.23233,42.89579,23.885891
2028-10-13 00:00:00+00:00,31.39188,38.549015,24.547636
2028-10-14 00:00:00+00:00,31.001425,37.352238,24.759382
2028-10-15 00:00:00+00:00,30.41097,34.905464,25.82113
2028-10-16 00:00:00+00:00,31.220516,38.55869,24.932878
2028-10-17 00:00:00+00:00,32.980064,40.71191,25.194626
2028-10-18 00:00:00+00:00,32.73961,40.81514,25.756374
2028-10-19 00:00:00+00:00,29.799156,35.118362,23.418121
2028-10-20 00:00:00+00:00,33.2587,41.771584,24.77987
2028-10-21 00:00:00+00:00,31.768248,37.97481,24.691614
2028-10-22 00:00:00+00:00,31.277794,36.278034,26.153362
2028-10-23 00:00:00+00:00,30.337341,35.88126,25.01511
2028-10-24 00:00:00+00:00,33.14689,40.134487,26.02686
2028-10-25 00:00:00+00:00,31.506435,37.93771,23.988604
2028-10-26 00:00:00+00:00,32.66598,39.190933,25.95035
2028-10-27 00:00:00+00:00,33.825523,41.69416,26.162098
2028-10-28 00:00:00+00:00,32.485073,41.447384,22.773844
2028-10-29 00:00:00+00:00,30.894619,40.050613,21.635593
2028-10-30 00:00:00+00:00,31.654161,40.203835,23.29734
2028-10-31 00:00:00+00:00,32.11371,40.957058,23.659086
2028-11-01 00:00:00+00:00,32.073578,40.361824,24.070656
2028-11-02 00:00:00+00:00,30.935698,39.82738,21.780973
2028-11-03 00:00:00+00:00,31.797815,40.142937,23.341288
2028-11-04 00:00:00+00:00,30.70993,40.008488,20.201603
2028-11-05 00:00:00+00:00,30.422047,39.424053,20.311918
2028-11-06 00:00:00+00:00,32.084167,39.289604,24.872236
2028-11-07 00:00:00+00:00,30.796284,39.555164,21.382551
2028-11-08 00:00:00+00:00,30.658401,38.120716,22.642866
2028-11-09 00:00:00+00:00,29.52052,34.136272,24.30318
2028-11-10 00:00:00+00:00,33.932636,40.451828,28.1635
2028-11-11 00:00:00+00:00,32.444756,38.71739,26.573814
2028-11-12 00:00:00+00:00,31.35687,38.73294,24.13413
2028-11-13 00:00:00+00:00,30.61899,38.898495,22.294445
2028-11-14 00:00:00+00:00,30.231106,38.614056,22.00476
2028-11-15 00:00:00+00:00,29.943226,38.22961,22.115076
2028-11-16 00:00:00+00:00,29.705345,37.045166,22.475393
2028-11-17 00:00:00+00:00,31.31746,37.31072,24.585709
2028-11-18 00:00:00+00:00,30.529577,35.77628,25.596025
2028-11-19 00:00:00+00:00,28.841698,35.34183,22.556341
2028-11-20 00:00:00+00:00,27.453812,35.30739,20.416656
2028-11-21 00:00:00+00:00,27.86593,36.17295,20.426971
2028-11-22 00:00:00+00:00,28.67805,37.3385,20.787289
2028-11-23 00:00:00+00:00,29.340164,37.95406,21.247604
2028-11-24 00:00:00+00:00,30.502283,38.619614,22.70792
2028-11-25 00:00:00+00:00,30.464401,38.235172,22.518236
2028-11-26 00:00:00+00:00,29.37652,37.000725,22.078552
2028-11-27 00:00:00+00:00,28.138638,37.36628,19.288866
2028-11-28 00:00:00+00:00,28.900753,36.98184,21.399183
2028-11-29 00:00:00+00:00,28.312872,36.147396,21.009499
2028-11-30 00:00:00+00:00,28.474989,37.162952,19.669815
2028-12-01 00:00:00+00:00,28.837107,35.82851,22.080132
2028-12-02 00:00:00+00:00,28.549227,35.99406,21.640446
2028-12-03 00:00:00+00:00,28.161343,35.509617,21.500763
2028-12-04 00:00:00+00:00,27.27346,34.675175,21.161077
2028-12-05 00:00:00+00:00,26.935577,35.09073,19.121397
2028-12-06 00:00:00+00:00,27.547695,36.15629,19.131708
2028-12-07 00:00:00+00:00,27.659811,35.321842,20.242027
2028-12-08 00:00:00+00:00,27.37193,35.3374,20.102343
2028-12-09 00:00:00+00:00,27.284048,35.752956,19.162657
2028-12-10 00:00:00+00:00,27.696167,36.16851,19.072973
2028-12-11 00:00:00+00:00,27.008284,33.53407,21.083288
2028-12-12 00:00:00+00:00,25.820402,32.099625,20.343605
2028-12-13 00:00:00+00:00,24.58252,32.96518,16.85392
2028-12-14 00:00:00+00:00,25.894636,35.230736,17.814238
2028-12-15 00:00:00+00:00,26.756754,34.596294,20.124552
2028-12-16 00:00:00+00:00,26.968874,34.061848,21.134869
2028-12-17 00:00:00+00:00,25.08099,32.327408,18.595184
2028-12-18 00:00:00+00:00,24.743107,30.992958,19.355501
2028-12-19 00:00:00+00:00,25.705223,32.35852,21.265816
2028-12-20 00:00:00+00:00,26.417341,33.624073,20.826132
2028-12-21 00:00:00+00:00,27.02946,34.43963,22.036448
2028-12-22 00:00:00+00:00,25.64158,31.505184,21.896763
2028-12-23 00:00:00+00:00,25.203695,33.27074,18.10708
2028-12-24 00:00:00+00:00,25.565813,33.9363,17.917397
2028-12-25 00:00:00+00:00,26.32793,35.201855,17.927711
2028-12-26 00:00:00+00:00,25.94005,31.26741,20.588028
2028-12-27 00:00:00+00:00,24.952168,29.732965,21.948343
2028-12-28 00:00:00+00:00,24.014284,29.398521,20.908659
2028-12-29 00:00:00+00:00,24.0764,30.814075,18.068974
2028-12-30 00:00:00+00:00,24.58852,31.479631,18.079288
2028-12-31 00:00:00+00:00,25.650637,31.095192,19.089605
2029-01-01 00:00:00+00:00,23.859894,30.406174,18.047647
2029-01-02 00:00:00+00:00,23.01058,30.203445,16.998867
2029-01-03 00:00:00+00:00,22.661259,30.100723,16.250092
2029-01-04 00:00:00+00:00,23.71194,32.197998,16.451313
2029-01-05 00:00:00+00:00,25.112623,33.345276,18.052534
2029-01-06 00:00:00+00:00,25.913307,33.392548,19.903759
2029-01-07 00:00:00+00:00,25.713987,33.58982,18.95498
2029-01-08 00:00:00+00:00,24.21467,30.4871,19.306204
2029-01-09 00:00:00+00:00,22.815351,30.634373,16.357422
2029-01-10 00:00:00+00:00,23.616034,32.581646,15.958646
2029-01-11 00:00:00+00:00,25.91672,35.22892,18.00987
2029-01-12 00:00:00+00:00,26.367397,35.0762,18.661093
2029-01-13 00:00:00+00:00,26.56808,35.07347,18.862312
2029-01-14 00:00:00+00:00,27.668764,35.370743,20.913536
2029-01-15 00:00:00+00:00,28.869446,35.76802,23.26476
2029-01-16 00:00:00+00:00,26.370127,32.365295,21.215979
2029-01-17 00:00:00+00:00,24.420809,30.862568,19.1172
2029-01-18 00:00:00+00:00,22.72149,30.15984,16.368423
2029-01-19 00:00:00+00:00,23.672173,32.65712,16.569647
2029-01-20 00:00:00+00:00,24.372854,32.35439,17.870865
2029-01-21 00:00:00+00:00,24.473536,32.05167,18.47209
2029-01-22 00:00:00+00:00,25.074217,33.69894,17.373312
2029-01-23 00:00:00+00:00,25.324902,33.09622,18.824533
2029-01-24 00:00:00+00:00,24.275585,31.39349,17.775757
2029-01-25 00:00:00+00:00,24.176266,31.890766,17.176981
2029-01-26 00:00:00+00:00,23.526949,32.53804,14.5782
2029-01-27 00:00:00+00:00,24.377628,32.63531,15.979421
2029-01-28 00:00:00+00:00,25.528313,33.882587,17.030643
2029-01-29 00:00:00+00:00,25.628994,32.729862,18.181868
2029-01-30 00:00:00+00:00,25.179676,32.877136,17.43309
2029-01-31 00:00:00+00:00,24.630358,32.874416,15.83431
2029-02-01 00:00:00+00:00,25.131042,32.72169,18.685534
2029-02-02 00:00:00+00:00,24.631723,32.41896,18.136757
2029-02-03 00:00:00+00:00,24.632404,30.116234,20.187977
2029-02-04 00:00:00+00:00,24.433088,31.21351,20.6892
2029-02-05 00:00:00+00:00,24.733768,32.16078,19.840422
2029-02-06 00:00:00+00:00,24.63445,32.70806,16.841644
2029-02-07 00:00:00+00:00,22.735132,29.105331,16.942867
2029-02-08 00:00:00+00:00,20.885813,25.852608,16.644089
2029-02-09 00:00:00+00:00,22.336496,29.599884,15.495309
2029-02-10 00:00:00+00:00,25.53718,33.94716,17.646532
2029-02-11 00:00:00+00:00,27.187864,35.844433,19.747753
2029-02-12 00:00:00+00:00,27.588543,36.041706,19.848976
2029-02-13 00:00:00+00:00,27.489223,35.78898,19.700201
2029-02-14 00:00:00+00:00,27.739908,35.48626,20.601421
2029-02-15 00:00:00+00:00,28.79059,38.03353,20.602642
2029-02-16 00:00:00+00:00,30.64127,38.430805,23.653866
2029-02-17 00:00:00+00:00,30.441954,38.078083,23.805088
2029-02-18 00:00:00+00:00,30.242638,38.075356,21.85631
2029-02-19 00:00:00+00:00,29.593317,36.52263,22.15753
2029-02-20 00:00:00+00:00,27.744,32.769905,23.008753
2029-02-21 00:00:00+00:00,29.294683,38.467182,19.409973
2029-02-22 00:00:00+00:00,30.345366,38.614452,22.761198
2029-02-23 00:00:00+00:00,29.696047,39.01173,20.81242
2029-02-24 00:00:00+00:00,30.84673,38.459007,22.363644
2029-02-25 00:00:00+00:00,30.897411,39.80628,21.514864
2029-02-26 00:00:00+00:00,32.09809,40.25355,24.166084
2029-02-27 00:00:00+00:00,32.048775,38.65083,25.367308
2029-02-28 00:00:00+00:00,27.94946,33.3481,23.71853
2029-03-01 00:00:00+00:00,24.650137,32.295372,17.719753
2029-03-02 00:00:00+00:00,25.300823,34.142654,16.920975
2029-03-03 00:00:00+00:00,27.358088,36.343967,18.978325
2029-03-04 00:00:00+00:00,28.126326,37.352016,18.345888
2029-03-05 00:00:00+00:00,27.944563,37.06007,18.06345
2029-03-06 00:00:00+00:00,28.362803,38.16813,18.631012
2029-03-07 00:00:00+00:00,28.081041,39.07618,16.598576
2029-03-08 00:00:00+00:00,31.14928,39.684235,22.316137
2029-03-09 00:00:00+00:00,29.367516,35.292286,24.033699
2029-03-10 00:00:00+00:00,27.485758,34.850334,20.851263
2029-03-11 00:00:00+00:00,27.303993,35.258392,19.968824
2029-03-12 00:00:00+00:00,27.472233,35.366444,20.036388
2029-03-13 00:00:00+00:00,28.690472,37.074497,20.653952
2029-03-14 00:00:00+00:00,30.50871,38.58255,22.721514
2029-03-15 00:00:00+00:00,30.476948,38.490604,23.489075
2029-03-16 00:00:00+00:00,31.195185,40.148655,22.556639
2029-03-17 00:00:00+00:00,32.713425,42.35671,22.8242
2029-03-18 00:00:00+00:00,32.381664,41.71476,22.091764
2029-03-19 00:00:00+00:00,31.749903,40.27282,25.659325
2029-03-20 00:00:00+00:00,32.46814,40.430866,23.876888
2029-03-21 00:00:00+00:00,33.786377,42.43892,24.34445
2029-03-22 00:00:00+00:00,33.904617,41.546978,27.262012
2029-03-23 00:00:00+00:00,31.072855,39.705025,21.279575
2029-03-24 00:00:00+00:00,31.591093,39.01308,23.84714
2029-03-25 00:00:00+00:00,30.959332,40.021133,20.864702
2029-03-26 00:00:00+00:00,31.827572,39.82919,23.582262
2029-03-27 00:00:00+00:00,32.19581,39.98724,24.349827
2029-03-28 00:00:00+00:00,33.114044,41.59529,25.217388
2029-03-29 00:00:00+00:00,34.332287,43.203346,24.484951
2029-03-30 00:00:00+00:00,33.500526,42.561398,24.302513
2029-03-31 00:00:00+00:00,32.61876,41.96945,23.070076
2029-04-01 00:00:00+00:00,31.887001,42.0275,22.037638
2029-04-02 00:00:00+00:00,32.85524,42.285557,21.855202
2029-04-03 00:00:00+00:00,34.57348,42.743607,25.572763
2029-04-04 00:00:00+00:00,33.941715,42.251663,25.640327
2029-04-05 00:00:00+00:00,32.80995,40.459717,24.55789
2029-04-06 00:00:00+00:00,31.878191,41.26777,21.625452
2029-04-07 00:00:00+00:00,33.99643,43.32582,23.993015
2029-04-08 00:00:00+00:00,32.81467,43.183872,21.760578
2029-04-09 00:00:00+00:00,34.23291,44.041927,23.92814
2029-04-10 00:00:00+00:00,34.701145,42.99998,26.045702
2029-04-11 00:00:00+00:00,34.81938,43.15803,26.213264
2029-04-12 00:00:00+00:00,33.387623,41.066082,24.730827
2029-04-13 00:00:00+00:00,34.005863,42.47414,24.048391
2029-04-14 00:00:00+00:00,35.0741,43.93219,25.215952
2029-04-15 00:00:00+00:00,35.04234,44.34024,24.683516
2029-04-16 00:00:00+00:00,34.360573,43.798294,25.251078
2029-04-17 00:00:00+00:00,34.678818,43.00635,26.11864
2029-04-18 00:00:00+00:00,34.947052,42.51441,27.186203
2029-04-19 00:00:00+00:00,33.41529,39.372456,26.053766
2029-04-20 00:00:00+00:00,32.23353,38.63051,26.07133
2029-04-21 00:00:00+00:00,33.85177,40.638557,27.33889
2029-04-22 00:00:00+00:00,36.22001,44.196613,27.956455
2029-04-23 00:00:00+00:00,34.788246,44.104668,25.174015
2029-04-24 00:00:00+00:00,33.706482,42.16272,25.341578
2029-04-25 00:00:00+00:00,32.92472,41.670776,24.259142
2029-04-26 00:00:00+00:00,33.492966,41.92883,24.826704
2029-04-27 00:00:00+00:00,34.2612,42.836884,24.994265
2029-04-28 00:00:00+00:00,34.979435,44.19493,25.51183
2029-04-29 00:00:00+00:00,32.797676,42.25298,23.87939
2029-04-30 00:00:00+00:00,32.865913,41.86104,24.346954
2029-05-01 00:00:00+00:00,33.68415,41.31909,26.164518
2029-05-02 00:00:00+00:00,33.40239,41.57714,24.982079
2029-05-03 00:00:00+00:00,33.30473,41.379295,24.483765
2029-05-04 00:00:00+00:00,32.09117,40.12554,23.019575
2029-05-05 00:00:00+00:00,31.77761,40.57178,22.90538
2029-05-06 00:00:00+00:00,32.41405,41.56802,22.69119
2029-05-07 00:00:00+00:00,30.300491,38.11427,22.526997
2029-05-08 00:00:00+00:00,29.586933,38.86052,20.862806
2029-05-09 00:00:00+00:00,30.773373,41.356766,20.098614
2029-05-10 00:00:00+00:00,31.909811,39.85301,23.634424
2029-05-11 00:00:00+00:00,31.796253,39.84925,23.57023
2029-05-12 00:00:00+00:00,34.232697,40.795494,26.50604
2029-05-13 00:00:00+00:00,32.419136,38.791737,26.091848
2029-05-14 00:00:00+00:00,33.555573,40.43798,26.227657
2029-05-15 00:00:00+00:00,34.692017,41.58423,27.463465
2029-05-16 00:00:00+00:00,36.628456,41.880474,30.099272
2029-05-17 00:00:00+00:00,35.114895,40.676716,29.835081
2029-05-18 00:00:00+00:00,35.55134,41.922962,28.820889
2029-05-19 00:00:00+00:00,35.487774,42.769203,26.906698
2029-05-20 00:00:00+00:00,35.124218,42.91545,26.592506
2029-05-21 00:00:00+00:00,33.860657,41.111694,26.028315
2029-05-22 00:00:00+00:00,32.447098,36.85794,27.414124
2029-05-23 00:00:00+00:00,33.733536,39.95418,26.749931
2029-05-24 00:00:00+00:00,36.21998,45.200428,27.485739
2029-05-25 00:00:00+00:00,38.406418,44.64667,31.021547
2029-05-26 00:00:00+00:00,35.09286,40.542915,29.507355
2029-05-27 00:00:00+00:00,34.279305,41.73916,26.693163
2029-05-28 00:00:00+00:00,34.41574,42.385406,25.078972
2029-05-29 00:00:00+00:00,34.40218,41.68165,26.064781
2029-05-30 00:00:00+00:00,33.53862,41.47789,24.80059
2029-05-31 00:00:00+00:00,32.97506,41.62414,23.536398
2029-06-01 00:00:00+00:00,33.0615,40.270386,25.322205
2029-06-02 00:00:00+00:00,33.24794,40.266632,25.408014
2029-06-03 00:00:00+00:00,33.484386,41.66287,26.343824
2029-06-04 00:00:00+00:00,34.070824,41.459118,26.32963
2029-06-05 00:00:00+00:00,33.707268,41.005363,27.41544
2029-06-06 00:00:00+00:00,32.443707,38.85161,26.051249
2029-06-07 00:00:00+00:00,30.280144,37.597847,23.237055
2029-06-08 00:00:00+00:00,30.316584,38.144096,22.622864
2029-06-09 00:00:00+00:00,29.603025,34.34034,23.908672
2029-06-10 00:00:00+00:00,28.389467,33.686584,23.894482
2029-06-11 00:00:00+00:00,28.975906,36.482826,21.98029
2029-06-12 00:00:00+00:00,29.412346,33.629074,25.266098
2029-06-13 00:00:00+00:00,32.698788,37.625317,26.451906
2029-06-14 00:00:00+00:00,33.485226,40.271564,26.687716
2029-06-15 00:00:00+00:00,31.271667,37.267807,25.273525
2029-06-16 00:00:00+00:00,31.158106,37.66405,25.15933
2029-06-17 00:00:00+00:00,30.644547,36.010296,27.04514
2029-06-18 00:00:00+00:00,31.23099,38.60654,25.280947
2029-06-19 00:00:00+00:00,29.66743,32.202785,26.216759
2029-06-20 00:00:00+00:00,31.25387,36.24903,25.952566
2029-06-21 00:00:00+00:00,32.84031,38.44528,27.588373
2029-06-22 00:00:00+00:00,33.226753,38.79152,27.224182
2029-06-23 00:00:00+00:00,32.51319,38.337765,26.60999
2029-06-24 00:00:00+00:00,31.599632,35.584007,26.995798
2029-06-25 00:00:00+00:00,32.236076,39.080254,26.131605
2029-06-26 00:00:00+00:00,31.422512,37.826496,24.817415
2029-06-27 00:00:00+00:00,30.608952,36.122738,25.103222
2029-06-28 00:00:00+00:00,30.645395,36.868984,24.38903
2029-06-29 00:00:00+00:00,29.881836,36.765232,22.92484
2029-06-30 00:00:00+00:00,29.468273,36.811474,22.860645
2029-07-01 00:00:00+00:00,29.204714,36.007717,22.346455
2029-07-02 00:00:00+00:00,32.841156,40.353966,25.682266
2029-07-03 00:00:00+00:00,32.51918,39.739834,25.710281
2029-07-04 00:00:00+00:00,32.592155,38.469482,27.533627
2029-07-05 00:00:00+00:00,31.66513,37.14913,26.706972
2029-07-06 00:00:00+00:00,31.688107,40.928776,24.080313
2029-07-07 00:00:00+00:00,31.06108,38.808422,24.853659
2029-07-08 00:00:00+00:00,29.684057,35.438072,25.627
2029-07-09 00:00:00+00:00,29.257032,36.117718,23.750347
2029-07-10 00:00:00+00:00,31.330006,38.197365,24.37369
2029-07-11 00:00:00+00:00,31.95298,38.42701,25.597034
2029-07-12 00:00:00+00:00,31.875957,39.25666,24.820377
2029-07-13 00:00:00+00:00,30.748932,36.286304,25.893719
2029-07-14 00:00:00+00:00,30.421906,36.415955,26.517065
2029-07-15 00:00:00+00:00,32.094883,38.295597,25.940409
2029-07-16 00:00:00+00:00,32.317856,38.17525,27.713753
2029-07-17 00:00:00+00:00,31.390833,37.204895,26.187096
2029-07-18 00:00:00+00:00,30.713808,36.484543,25.260439
2029-07-19 00:00:00+00:00,30.186783,35.01419,25.083786
2029-07-20 00:00:00+00:00,29.559757,34.143837,25.657127
2029-07-21 00:00:00+00:00,29.782734,33.573483,25.780472
2029-07-22 00:00:00+00:00,28.45571,30.053131,26.203814
2029-07-23 00:00:00+00:00,30.178684,35.882774,24.77716
2029-07-24 00:00:00+00:00,31.801657,36.312424,27.650503
2029-07-25 00:00:00+00:00,32.024635,39.042072,25.523848
2029-07-26 00:00:00+00:00,30.947613,35.271717,26.39719
2029-07-27 00:00:00+00:00,30.570585,37.151367,26.020536
2029-07-28 00:00:00+00:00,29.993559,32.481014,27.49388
2029-07-29 00:00:00+00:00,31.016537,36.16066,26.567223
2029-07-30 00:00:00+00:00,31.839508,38.34031,25.490568
2029-07-31 00:00:00+00:00,29.262484,32.169952,26.813911
2029-08-01 00:00:00+00:00,30.285461,36.599598,25.587254
2029-08-02 00:00:00+00:00,29.958435,35.829247,24.7106
2029-08-03 00:00:00+00:00,31.33141,38.808895,24.633944
2029-08-04 00:00:00+00:00,31.904388,38.388542,25.957287
2029-08-05 00:00:00+00:00,29.22736,34.01819,25.730629
2029-08-06 00:00:00+00:00,30.200338,36.047836,24.953974
2029-08-07 00:00:00+00:00,29.623314,34.327484,24.427319
2029-08-08 00:00:00+00:00,30.596287,36.807133,25.300663
2029-08-09 00:00:00+00:00,30.919262,34.98678,26.424006
2029-08-10 00:00:00+00:00,27.742237,29.816423,25.74735
2029-08-11 00:00:00+00:00,27.265213,29.49607,25.270695
2029-08-12 00:00:00+00:00,27.038189,28.825716,25.544037
2029-08-13 00:00:00+00:00,27.961164,30.25537,25.967382
2029-08-14 00:00:00+00:00,27.084139,28.785013,25.890726
2029-08-15 00:00:00+00:00,27.407116,30.014662,25.464067
2029-08-16 00:00:00+00:00,26.930088,28.994307,25.437412
2029-08-17 00:00:00+00:00,26.703064,28.873951,24.410753
2029-08-18 00:00:00+00:00,27.876038,30.703604,25.5341
2029-08-19 00:00:00+00:00,26.449015,27.23325,25.707445
2029-08-20 00:00:00+00:00,26.22199,28.112898,25.130787
2029-08-21 00:00:00+00:00,27.094963,29.442543,25.054134
2029-08-22 00:00:00+00:00,27.217941,30.37219,25.227476
2029-08-23 00:00:00+00:00,27.690916,31.301838,24.50082
2029-08-24 00:00:00+00:00,27.36389,30.481483,26.074163
2029-08-25 00:00:00+00:00,26.936867,29.211132,24.747509
2029-08-26 00:00:00+00:00,27.509842,30.540781,25.52085
2029-08-27 00:00:00+00:00,27.532818,31.370426,24.294197
2029-08-28 00:00:00+00:00,26.50579,27.850075,25.617538
2029-08-29 00:00:00+00:00,26.178766,28.67972,24.140882
2029-08-30 00:00:00+00:00,26.20174,28.309368,24.614225
2029-08-31 00:00:00+00:00,24.924715,26.239014,24.28757
2029-09-01 00:00:00+00:00,26.447693,29.968662,23.360914
2029-09-02 00:00:00+00:00,26.698095,29.365992,24.263062
2029-09-03 00:00:00+00:00,27.157642,29.919214,24.574808
2029-09-04 00:00:00+00:00,26.317188,28.422441,24.686558
2029-09-05 00:00:00+00:00,26.726736,29.825665,25.048304
2029-09-06 00:00:00+00:00,27.336279,30.72889,23.860052
2029-09-07 00:00:00+00:00,27.545828,29.732117,25.7718
2029-09-08 00:00:00+00:00,27.255373,29.585339,25.633543
2029-09-09 00:00:00+00:00,27.86492,30.638563,25.395292
2029-09-10 00:00:00+00:00,25.424463,26.19179,24.407038
2029-09-11 00:00:00+00:00,26.084013,29.995018,23.168785
2029-09-12 00:00:00+00:00,27.643557,31.04824,24.630531
2029-09-13 00:00:00+00:00,27.053106,30.351463,24.042282
2029-09-14 00:00:00+00:00,27.212652,29.654692,24.754028
2029-09-15 00:00:00+00:00,27.522198,30.157915,25.165775
2029-09-16 00:00:00+00:00,27.081743,30.011139,25.127523
2029-09-17 00:00:00+00:00,27.09129,30.614365,23.989273
2029-09-18 00:00:00+00:00,25.400837,26.41759,25.201015
2029-09-19 00:00:00+00:00,27.310383,30.420813,24.612766
2029-09-20 00:00:00+00:00,26.869928,30.874035,23.874514
2029-09-21 00:00:00+00:00,27.529474,31.577263,24.836258
2029-09-22 00:00:00+00:00,27.189022,28.880482,25.898008
2029-09-23 00:00:00+00:00,26.048569,26.533718,26.009754
2029-09-24 00:00:00+00:00,26.058111,27.486937,25.3715
2029-09-25 00:00:00+00:00,27.31766,32.14016,23.983248
2029-09-26 00:00:00+00:00,28.477205,32.54339,25.544994
2029-09-27 00:00:00+00:00,27.836754,31.64661,25.356745
2029-09-28 00:00:00+00:00,27.946299,30.749834,26.01849
2029-09-29 00:00:00+00:00,28.355844,31.603062,25.930235
2029-09-30 00:00:00+00:00,27.56539,32.806286,23.891987
2029-10-01 00:00:00+00:00,26.374937,27.459509,26.103731
2029-10-02 00:00:00+00:00,25.534483,26.262735,25.06548
2029-10-03 00:00:00+00:00,25.59403,27.665958,24.827227
2029-10-04 00:00:00+00:00,26.853575,28.919182,25.188974
2029-10-05 00:00:00+00:00,25.613121,26.92241,24.800724
2029-10-06 00:00:00+00:00,26.972668,30.475634,24.412468
2029-10-07 00:00:00+00:00,26.832212,30.678856,23.174213
2029-10-08 00:00:00+00:00,27.791761,32.682083,24.185965
2029-10-09 00:00:00+00:00,27.801308,31.435307,25.247713
2029-10-10 00:00:00+00:00,25.960852,27.338531,25.609459
2029-10-11 00:00:00+00:00,26.6204,29.941761,23.221203
2029-10-12 00:00:00+00:00,28.679943,34.14498,23.182953
2029-10-13 00:00:00+00:00,28.18949,30.248209,26.2447
2029-10-14 00:00:00+00:00,29.299038,33.451435,25.906448
2029-10-15 00:00:00+00:00,30.408585,36.704655,24.868193
2029-10-16 00:00:00+00:00,30.868132,37.707882,24.57994
2029-10-17 00:00:00+00:00,28.327677,33.411106,22.69169
2029-10-18 00:00:00+00:00,27.98722,31.214333,26.303434
2029-10-19 00:00:00+00:00,27.34677,29.767557,25.765182
2029-10-20 00:00:00+00:00,27.106316,29.62078,25.02693
2029-10-21 00:00:00+00:00,27.815863,30.824007,24.688679
2029-10-22 00:00:00+00:00,26.125408,29.377232,24.200424
2029-10-23 00:00:00+00:00,27.234953,32.280457,22.512175
2029-10-24 00:00:00+00:00,29.2445,34.333683,24.473917
2029-10-25 00:00:00+00:00,29.804045,34.9869,24.935667
2029-10-26 00:00:00+00:00,30.863594,38.24013,23.797415
2029-10-27 00:00:00+00:00,31.173138,39.29335,23.65916
2029-10-28 00:00:00+00:00,31.382687,38.14658,24.420908
2029-10-29 00:00:00+00:00,30.142231,35.3998,25.582657
2029-10-30 00:00:00+00:00,27.951777,29.70303,26.494406
2029-10-31 00:00:00+00:00,28.761326,32.256252,25.606152
2029-11-01 00:00:00+00:00,28.620869,34.859474,22.5679
2029-11-02 00:00:00+00:00,29.332666,36.52349,22.378393
2029-11-03 00:00:00+00:00,25.344782,29.489048,22.68871
2029-11-04 00:00:00+00:00,28.6569,34.50461,23.999023
2029-11-05 00:00:00+00:00,29.36902,35.42016,23.909342
2029-11-06 00:00:00+00:00,29.181135,35.285717,24.269655
2029-11-07 00:00:00+00:00,29.793255,35.301273,24.77997
2029-11-08 00:00:00+00:00,28.805372,34.76683,22.890287
2029-11-09 00:00:00+00:00,28.96749,33.032387,24.900604
2029-11-10 00:00:00+00:00,30.079609,34.89794,25.91092
2029-11-11 00:00:00+00:00,30.341726,35.213497,25.521235
2029-11-12 00:00:00+00:00,31.453842,37.17905,26.181551
2029-11-13 00:00:00+00:00,31.36596,37.04461,25.64187
2029-11-14 00:00:00+00:00,31.278078,36.960167,25.652184
2029-11-15 00:00:00+00:00,31.040194,37.37572,24.7625
2029-11-16 00:00:00+00:00,30.752314,37.091278,24.272816
2029-11-17 00:00:00+00:00,30.214434,35.906834,25.08313
2029-11-18 00:00:00+00:00,28.376547,34.572388,23.543446
2029-11-19 00:00:00+00:00,28.638668,33.487946,24.253761
2029-11-20 00:00:00+00:00,27.550785,33.1035,22.31408
2029-11-21 00:00:00+00:00,25.4129,30.969059,20.274393
2029-11-22 00:00:00+00:00,24.07502,32.084614,16.884708
2029-11-23 00:00:00+00:00,25.637135,34.650166,17.195023
2029-11-24 00:00:00+00:00,27.599255,36.615726,19.15534
2029-11-25 00:00:00+00:00,28.611374,37.28128,21.215656
2029-11-26 00:00:00+00:00,28.87349,37.34684,20.675974
2029-11-27 00:00:00+00:00,29.385607,36.96239,22.28629
2029-11-28 00:00:00+00:00,29.297726,37.32795,21.446606
2029-11-29 00:00:00+00:00,28.659843,37.54351,19.906921
2029-11-30 00:00:00+00:00,28.921963,37.65906,19.967236
2029-12-01 00:00:00+00:00,28.484076,36.724617,20.227552
2029-12-02 00:00:00+00:00,28.596195,35.340176,22.737867
2029-12-03 00:00:00+00:00,27.458313,33.555733,22.548182
2029-12-04 00:00:00+00:00,24.67043,31.971287,18.3585
2029-12-05 00:00:00+00:00,24.632547,32.98684,17.018818
2029-12-06 00:00:00+00:00,25.644667,34.602398,16.279129
2029-12-07 00:00:00+00:00,26.256784,35.617954,17.589447
2029-12-08 00:00:00+00:00,28.568901,37.783512,19.349762
2029-12-09 00:00:00+00:00,29.13102,37.649067,20.110077
2029-12-10 00:00:00+00:00,27.943136,34.664623,20.670395
2029-12-11 00:00:00+00:00,28.455256,35.18018,22.030712
2029-12-12 00:00:00+00:00,27.367373,34.995735,20.191027
2029-12-13 00:00:00+00:00,26.97949,33.56129,21.601341
2029-12-14 00:00:00+00:00,26.041607,32.77685,20.011658
2029-12-15 00:00:00+00:00,25.303726,32.042404,19.571974
2029-12-16 00:00:00+00:00,24.91584,32.257957,18.83229
2029-12-17 00:00:00+00:00,24.32796,32.123516,17.542604
2029-12-18 00:00:00+00:00,25.59008,34.339073,17.20292
2029-12-19 00:00:00+00:00,25.602198,34.704628,16.563236
2029-12-20 00:00:00+00:00,26.814312,34.770184,18.473553
2029-12-21 00:00:00+00:00,28.476429,36.685738,19.833868
2029-12-22 00:00:00+00:00,29.13855,36.051296,22.644184
2029-12-23 00:00:00+00:00,28.300667,35.166855,22.2545
2029-12-24 00:00:00+00:00,25.462784,30.88241,20.714815
2029-12-25 00:00:00+00:00,23.774902,29.997963,18.42513
2029-12-26 00:00:00+00:00,22.987019,30.363522,16.585447
2029-12-27 00:00:00+00:00,24.049135,32.27908,16.045765
2029-12-28 00:00:00+00:00,24.111254,32.044632,16.256079
2029-12-29 00:00:00+00:00,24.473372,33.06019,16.716396
2029-12-30 00:00:00+00:00,25.83549,34.275745,17.976713
2029-12-31 00:00:00+00:00,27.297607,34.5913,19.237028
2030-01-01 00:00:00+00:00,27.159725,36.156857,18.547342
2030-01-02 00:00:00+00:00,27.51041,35.65413,19.148565
2030-01-03 00:00:00+00:00,26.311089,34.401405,18.349787
2030-01-04 00:00:00+00:00,24.86177,32.798683,17.55101
2030-01-05 00:00:00+00:00,24.862453,32.095955,18.752232
2030-01-06 00:00:00+00:00,25.563133,33.94323,19.153456
2030-01-07 00:00:00+00:00,26.963818,36.190506,18.354675
2030-01-08 00:00:00+00:00,27.4145,35.78778,19.855898
2030-01-09 00:00:00+00:00,26.76518,35.235054,19.40712
2030-01-10 00:00:00+00:00,26.965862,35.53233,19.40834
2030-01-11 00:00:00+00:00,27.016548,35.8796,18.309565
2030-01-12 00:00:00+00:00,27.217226,35.126873,19.210785
2030-01-13 00:00:00+00:00,26.31791,33.324154,19.91201
2030-01-14 00:00:00+00:00,26.168592,33.521427,19.763231
2030-01-15 00:00:00+00:00,25.969275,34.118702,18.514452
2030-01-16 00:00:00+00:00,26.669956,35.065975,18.515676
2030-01-17 00:00:00+00:00,27.120636,35.61325,19.266895
2030-01-18 00:00:00+00:00,27.471321,35.860527,19.218119
2030-01-19 00:00:00+00:00,27.672003,36.1078,20.41934
2030-01-20 00:00:00+00:00,27.372684,35.955074,19.47056
2030-01-21 00:00:00+00:00,27.123367,35.302345,19.871784
2030-01-22 00:00:00+00:00,26.67405,34.64962,19.873007
2030-01-23 00:00:00+00:00,27.024734,34.0969,21.724228
2030-01-24 00:00:00+00:00,26.525414,34.744175,19.22545
2030-01-25 00:00:00+00:00,28.076096,35.341446,21.976673
2030-01-26 00:00:00+00:00,28.176779,35.93872,20.377895
2030-01-27 00:00:00+00:00,28.127459,34.485996,22.429117
2030-01-28 00:00:00+00:00,26.378141,32.93327,20.230337
2030-01-29 00:00:00+00:00,25.578823,32.73055,19.081562
2030-01-30 00:00:00+00:00,25.429506,32.12782,19.532785
2030-01-31 00:00:00+00:00,24.980188,32.325096,18.584005
2030-02-01 00:00:00+00:00,26.03087,34.67237,17.985228
2030-02-02 00:00:00+00:00,27.481552,34.36964,21.23645
2030-02-03 00:00:00+00:00,28.332235,34.666916,23.037672
2030-02-04 00:00:00+00:00,27.532917,34.76419,21.088896
2030-02-05 00:00:00+00:00,27.5336,35.011463,20.540117
2030-02-06 00:00:00+00:00,27.884281,35.40874,20.991339
2030-02-07 00:00:00+00:00,28.034962,35.706017,20.94256
2030-02-08 00:00:00+00:00,28.435644,35.70329,21.59378
2030-02-09 00:00:00+00:00,28.336329,36.45057,20.695005
2030-02-10 00:00:00+00:00,28.03701,36.39784,19.796227
2030-02-11 00:00:00+00:00,28.187693,36.545113,19.647446
2030-02-12 00:00:00+00:00,28.038376,36.84239,19.548672
2030-02-13 00:00:00+00:00,28.689054,37.589664,20.249893
2030-02-14 00:00:00+00:00,28.93974,36.98694,21.351114
2030-02-15 00:00:00+00:00,27.19042,33.884212,20.95234
2030-02-16 00:00:00+00:00,25.3911,31.231487,19.653559
2030-02-17 00:00:00+00:00,25.841784,33.178764,17.554783
2030-02-18 00:00:00+00:00,26.642466,33.17604,21.256004
2030-02-19 00:00:00+00:00,26.84315,34.87331,19.707226
2030-02-20 00:00:00+00:00,27.993828,35.470585,21.458448
2030-02-21 00:00:00+00:00,28.594513,37.217865,20.30967
2030-02-22 00:00:00+00:00,29.895193,38.865135,21.91089
2030-02-23 00:00:00+00:00,30.795877,40.21241,21.662113
2030-02-24 00:00:00+00:00,31.29656,40.30969,22.263334
2030-02-25 00:00:00+00:00,31.147238,39.706963,22.414557
2030-02-26 00:00:00+00:00,30.747921,39.55423,22.26578
2030-02-27 00:00:00+00:00,29.998604,38.451508,21.517002
2030-02-28 00:00:00+00:00,30.399286,38.798782,21.068226
2030-03-01 00:00:00+00:00,30.549969,37.346054,23.219446
2030-03-02 00:00:00+00:00,30.050652,36.79333,23.27067
2030-03-03 00:00:00+00:00,29.653526,37.541954,21.373934
2030-03-04 00:00:00+00:00,30.421762,36.95001,24.291496
2030-03-05 00:00:00+00:00,28.490004,35.258057,22.30906
2030-03-06 00:00:00+00:00,27.758244,36.11611,19.426622
2030-03-07 00:00:00+00:00,28.826479,37.574165,20.694183
2030-03-08 00:00:00+00:00,29.74472,38.73222,20.761747
2030-03-09 00:00:00+00:00,29.562958,38.140274,21.029308
2030-03-10 00:00:00+00:00,32.531197,41.24832,23.446873
2030-03-11 00:00:00+00:00,32.049435,40.856377,22.964436
2030-03-12 00:00:00+00:00,33.11767,39.91443,26.181997
2030-03-13 00:00:00+00:00,33.13591,41.022484,24.699558
2030-03-14 00:00:00+00:00,32.25415,40.630535,24.167124
2030-03-15 00:00:00+00:00,31.97239,40.48859,23.834684
2030-03-16 00:00:00+00:00,31.040627,39.796642,21.402248
2030-03-17 00:00:00+00:00,30.508865,35.554695,25.66981
2030-03-18 00:00:00+00:00,29.377104,35.06275,23.137373
2030-03-19 00:00:00+00:00,30.495342,36.0208,26.304934
2030-03-20 00:00:00+00:00,29.56358,36.47885,22.172499
2030-03-21 00:00:00+00:00,30.231817,36.53691,24.59006
2030-03-22 00:00:00+00:00,32.10006,38.244957,26.057623
2030-03-23 00:00:00+00:00,32.118294,38.953014,25.525185
2030-03-24 00:00:00+00:00,32.43653,39.661064,25.192749
2030-03-25 00:00:00+00:00,32.004772,39.969116,23.56031
2030-03-26 00:00:00+00:00,31.723011,38.677174,24.927874
2030-03-27 00:00:00+00:00,30.74125,39.73522,20.695436
2030-03-28 00:00:00+00:00,25.059486,31.243279,18.913
2030-03-29 00:00:00+00:00,24.877726,32.951332,17.280563
2030-03-30 00:00:00+00:00,25.895964,33.709385,17.548122
2030-03-31 00:00:00+00:00,26.864204,34.31743,18.715687
2030-04-01 00:00:00+00:00,30.63244,39.225487,22.183247
2030-04-02 00:00:00+00:00,33.40068,41.133545,23.850813
2030-04-03 00:00:00+00:00,34.268913,40.3916,27.868374
2030-04-04 00:00:00+00:00,35.137154,41.14965,28.235935
2030-04-05 00:00:00+00:00,35.505394,41.5577,28.1535
2030-04-06 00:00:00+00:00,34.32363,40.615753,28.02106
2030-04-07 00:00:00+00:00,32.04187,38.47381,25.038624
2030-04-08 00:00:00+00:00,30.410112,38.78186,21.906187
2030-04-09 00:00:00+00:00,29.22835,37.189915,20.17375
2030-04-10 00:00:00+00:00,29.796585,38.797966,19.941313
2030-04-11 00:00:00+00:00,30.464823,38.906017,21.108873
2030-04-12 00:00:00+00:00,30.183064,38.66407,21.276438
2030-04-13 00:00:00+00:00,31.001299,39.772125,21.343998
2030-04-14 00:00:00+00:00,32.51954,42.330177,21.911562
2030-04-15 00:00:00+00:00,34.737778,43.73823,24.129124
2030-04-16 00:00:00+00:00,34.856018,41.94628,26.146687
2030-04-17 00:00:00+00:00,35.924255,43.304337,27.464249
2030-04-18 00:00:00+00:00,36.442493,44.11239,28.231812
2030-04-19 00:00:00+00:00,35.360733,43.520443,27.249374
2030-04-20 00:00:00+00:00,35.328968,43.778496,25.566938
2030-04-21 00:00:00+00:00,35.997208,43.586548,27.334501
2030-04-22 00:00:00+00:00,33.815445,40.0446,26.552061
2030-04-23 00:00:00+00:00,32.783684,39.402657,25.719627
2030-04-24 00:00:00+00:00,32.101925,39.060707,24.68719
2030-04-25 00:00:00+00:00,32.670162,40.318764,23.55475
2030-04-26 00:00:00+00:00,33.5884,40.376816,25.672314
2030-04-27 00:00:00+00:00,34.25664,42.33487,24.689877
2030-04-28 00:00:00+00:00,34.27488,42.742924,24.357439
2030-04-29 00:00:00+00:00,33.693115,42.750965,23.625
2030-04-30 00:00:00+00:00,33.96135,42.609024,24.392565
2030-05-01 00:00:00+00:00,33.879593,41.817078,25.360126
2030-05-02 00:00:00+00:00,33.997833,42.12513,25.727688
2030-05-03 00:00:00+00:00,32.20812,41.130234,24.48731
2030-05-04 00:00:00+00:00,33.544556,41.226475,25.123123
2030-05-05 00:00:00+00:00,33.781002,39.52272,28.15893
2030-05-06 00:00:00+00:00,35.917442,40.86896,29.544739
2030-05-07 00:00:00+00:00,33.90388,37.965206,29.730547
2030-05-08 00:00:00+00:00,32.840324,36.361454,29.416351
2030-05-09 00:00:00+00:00,35.97676,43.5077,27.602163
2030-05-10 00:00:00+00:00,34.513203,40.853947,26.987968
2030-05-11 00:00:00+00:00,34.94964,40.700188,27.62378
2030-05-12 00:00:00+00:00,34.886086,40.796432,29.459589
2030-05-13 00:00:00+00:00,35.62252,43.04268,26.095394
2030-05-14 00:00:00+00:00,36.608963,42.13892,30.981205
2030-05-15 00:00:00+00:00,33.945404,40.83517,28.06701
2030-05-16 00:00:00+00:00,32.681847,40.781406,23.902819
2030-05-17 00:00:00+00:00,32.868286,41.227654,24.538628
2030-05-18 00:00:00+00:00,35.454727,44.973896,25.424438
2030-05-19 00:00:00+00:00,35.19117,43.470142,26.410248
2030-05-20 00:00:00+00:00,33.727608,40.816387,25.696054
2030-05-21 00:00:00+00:00,33.664047,40.462635,26.281862
2030-05-22 00:00:00+00:00,34.65049,41.40888,27.767672
2030-05-23 00:00:00+00:00,34.13693,42.25512,25.75348
2030-05-24 00:00:00+00:00,34.42337,41.951366,25.989286
2030-05-25 00:00:00+00:00,33.60981,40.147614,27.075098
2030-05-26 00:00:00+00:00,32.79625,40.943855,25.010904
2030-05-27 00:00:00+00:00,33.88269,43.340103,24.096712
2030-05-28 00:00:00+00:00,34.16913,40.08635,27.582521
2030-05-29 00:00:00+00:00,35.355568,42.48259,28.31833
2030-05-30 00:00:00+00:00,37.242012,45.02884,29.554136
2030-05-31 00:00:00+00:00,34.578453,40.925076,27.039946
2030-06-01 00:00:00+00:00,32.96489,39.171326,26.725754
2030-06-02 00:00:00+00:00,32.701332,38.91757,25.861565
2030-06-03 00:00:00+00:00,32.13777,39.61381,25.19737
2030-06-04 00:00:00+00:00,32.124214,40.560055,24.933182
2030-06-05 00:00:00+00:00,31.360653,38.656303,24.768986
2030-06-06 00:00:00+00:00,31.547094,38.052547,25.004793
2030-06-07 00:00:00+00:00,31.783535,40.39879,23.990604
2030-06-08 00:00:00+00:00,33.269974,41.94503,24.526413
2030-06-09 00:00:00+00:00,32.906418,41.24128,24.86222
2030-06-10 00:00:00+00:00,31.392857,38.237526,24.798029
2030-06-11 00:00:00+00:00,31.979298,36.933765,26.83384
2030-06-12 00:00:00+00:00,31.265738,36.930008,26.419645
2030-06-13 00:00:00+00:00,31.602177,38.12626,25.555454
2030-06-14 00:00:00+00:00,33.238617,39.9225,26.541264
2030-06-15 00:00:00+00:00,31.975058,38.818745,25.977072
2030-06-16 00:00:00+00:00,30.561499,36.71499,26.31288
2030-06-17 00:00:00+00:00,30.897938,37.161236,23.898687
2030-06-18 00:00:00+00:00,32.984383,38.95748,27.034494
2030-06-19 00:00:00+00:00,30.770823,39.153725,24.070303
2030-06-20 00:00:00+00:00,32.65726,37.749966,26.956114
2030-06-21 00:00:00+00:00,28.493698,30.446215,26.541922
2030-06-22 00:00:00+00:00,30.78014,34.89246,27.027727
2030-06-23 00:00:00+00:00,31.31658,36.988705,25.313538
2030-06-24 00:00:00+00:00,32.00302,37.984947,25.449345
2030-06-25 00:00:00+00:00,31.739464,37.431194,26.385157
2030-06-26 00:00:00+00:00,32.575905,37.577435,27.47096
2030-06-27 00:00:00+00:00,32.81234,39.92368,25.80677
2030-06-28 00:00:00+00:00,33.698784,40.569927,27.54258
2030-06-29 00:00:00+00:00,31.435225,37.01617,27.478386
2030-06-30 00:00:00+00:00,31.271666,37.962414,26.964197
2030-07-01 00:00:00+00:00,31.758104,37.45866,26.150003
2030-07-02 00:00:00+00:00,30.744545,34.204903,26.935812
2030-07-03 00:00:00+00:00,30.825937,36.294926,25.266949
2030-07-04 00:00:00+00:00,31.098913,37.22457,25.490292
2030-07-05 00:00:00+00:00,29.021887,32.704216,24.063633
2030-07-06 00:00:00+00:00,29.94486,35.233868,24.68698
2030-07-07 00:00:00+00:00,31.267838,36.96351,25.560324
2030-07-08 00:00:00+00:00,30.64081,35.543156,26.083664
2030-07-09 00:00:00+00:00,30.713787,35.522808,26.95701
2030-07-10 00:00:00+00:00,31.286764,36.752453,25.480352
2030-07-11 00:00:00+00:00,30.959736,36.232105,25.653698
2030-07-12 00:00:00+00:00,29.482714,33.411747,25.777042
2030-07-13 00:00:00+00:00,29.75569,33.191395,26.300385
2030-07-14 00:00:00+00:00,29.578663,34.37104,24.823729
2030-07-15 00:00:00+00:00,30.901638,36.75069,26.047071
2030-07-16 00:00:00+00:00,30.424614,36.88034,25.470419
2030-07-17 00:00:00+00:00,29.897589,35.80998,23.89376
2030-07-18 00:00:00+00:00,31.720564,38.08963,25.517105
2030-07-19 00:00:00+00:00,31.493538,37.919277,25.540447
2030-07-20 00:00:00+00:00,30.316515,35.148922,26.063795
2030-07-21 00:00:00+00:00,27.28949,29.678574,25.687138
2030-07-22 00:00:00+00:00,28.112465,31.958218,25.46048
2030-07-23 00:00:00+00:00,28.335442,30.487867,25.833822
2030-07-24 00:00:00+00:00,29.108414,33.61751,24.807165
2030-07-25 00:00:00+00:00,30.281391,34.997158,26.680513
2030-07-26 00:00:00+00:00,29.104368,32.126804,25.653858
2030-07-27 00:00:00+00:00,30.32734,34.506454,26.577198
2030-07-28 00:00:00+00:00,30.000317,32.7361,27.400543
2030-07-29 00:00:00+00:00,28.673294,32.515747,25.723886
2030-07-30 00:00:00+00:00,28.996267,33.245396,25.24723
2030-07-31 00:00:00+00:00,29.769241,34.27504,25.970573
2030-08-01 00:00:00+00:00,29.292221,33.35469,25.393917
2030-08-02 00:00:00+00:00,29.365192,34.28434,24.617262
2030-08-03 00:00:00+00:00,29.788168,35.46398,24.890604
2030-08-04 00:00:00+00:00,29.511143,35.443626,23.763947
2030-08-05 00:00:00+00:00,29.084118,35.073273,23.087296
2030-08-06 00:00:00+00:00,29.307096,35.152924,24.11064
2030-08-07 00:00:00+00:00,30.68007,37.582573,25.283981
2030-08-08 00:00:00+00:00,29.753042,34.21222,25.857327
2030-08-09 00:00:00+00:00,29.726019,35.041866,26.180668
2030-08-10 00:00:00+00:00,30.798992,36.02151,26.254013
2030-08-11 00:00:00+00:00,29.07197,33.25116,25.327354
2030-08-12 00:00:00+00:00,27.994947,30.78081,25.2507
2030-08-13 00:00:00+00:00,28.21792,31.510452,24.974047
2030-08-14 00:00:00+00:00,27.690897,31.440102,25.497387
2030-08-15 00:00:00+00:00,28.813868,32.31975,25.770733
2030-08-16 00:00:00+00:00,28.636845,32.799393,24.644075
2030-08-17 00:00:00+00:00,29.30982,33.129044,25.717419
2030-08-18 00:00:00+00:00,28.032793,31.20869,25.490763
2030-08-19 00:00:00+00:00,28.455772,33.788338,23.814106
2030-08-20 00:00:00+00:00,28.328747,32.417988,25.487453
2030-08-21 00:00:00+00:00,28.901722,33.447636,25.060795
2030-08-22 00:00:00+00:00,27.524696,30.32728,25.484138
2030-08-23 00:00:00+00:00,27.347672,30.556925,24.707483
2030-08-24 00:00:00+00:00,28.720648,32.53657,25.330828
2030-08-25 00:00:00+00:00,29.19362,34.466217,25.004171
2030-08-26 00:00:00+00:00,29.216597,32.74587,26.027514
2030-08-27 00:00:00+00:00,28.889572,32.025517,25.95086
2030-08-28 00:00:00+00:00,28.812548,32.15516,25.724203
2030-08-29 00:00:00+00:00,27.885523,30.734804,25.347548
2030-08-30 00:00:00+00:00,28.308498,32.064457,25.220892
2030-08-31 00:00:00+00:00,28.181473,30.444101,25.844234
2030-09-01 00:00:00+00:00,28.004448,31.52375,25.467577
2030-09-02 00:00:00+00:00,29.59571,33.61518,25.76012
2030-09-03 00:00:00+00:00,28.405256,31.96841,24.87187
2030-09-04 00:00:00+00:00,30.014801,35.921635,25.283617
2030-09-05 00:00:00+00:00,30.624348,35.824856,26.345366
2030-09-06 00:00:00+00:00,31.333895,39.628082,25.257113
2030-09-07 00:00:00+00:00,31.09344,37.781307,25.96886
2030-09-08 00:00:00+00:00,28.852985,34.184536,25.130608
2030-09-09 00:00:00+00:00,28.762533,33.637756,23.642355
2030-09-10 00:00:00+00:00,31.82208,38.990986,25.754105
2030-09-11 00:00:00+00:00,33.431625,42.04421,26.015848
2030-09-12 00:00:00+00:00,31.991173,37.197433,26.127598
2030-09-13 00:00:00+00:00,29.900717,34.75066,26.339344
2030-09-14 00:00:00+00:00,30.910263,37.45388,25.751091
2030-09-15 00:00:00+00:00,31.069813,38.10711,25.162838
2030-09-16 00:00:00+00:00,29.629356,35.210335,25.424585
2030-09-17 00:00:00+00:00,27.438902,29.113556,26.036333
2030-09-18 00:00:00+00:00,26.34845,27.71678,25.69808
2030-09-19 00:00:00+00:00,27.857994,30.520008,26.00983
2030-09-20 00:00:00+00:00,28.117542,30.273232,26.321575
2030-09-21 00:00:00+00:00,27.727085,30.126453,25.533323
2030-09-22 00:00:00+00:00,26.936636,28.479681,25.595068
2030-09-23 00:00:00+00:00,27.79618,30.582905,25.056818
2030-09-24 00:00:00+00:00,27.855726,30.236128,25.118563
2030-09-25 00:00:00+00:00,27.36527,30.389355,25.330313
2030-09-26 00:00:00+00:00,27.074818,30.79258,23.942062
2030-09-27 00:00:00+00:00,28.484367,32.245808,25.503807
2030-09-28 00:00:00+00:00,27.843912,30.44903,26.115553
2030-09-29 00:00:00+00:00,28.653456,32.402252,25.927301
2030-09-30 00:00:00+00:00,27.563004,29.155476,26.339046
2030-10-01 00:00:00+00:00,27.42255,29.308704,26.150797
2030-10-02 00:00:00+00:00,27.432096,29.66193,26.362541
2030-10-03 00:00:00+00:00,27.791641,30.36515,25.82429
2030-10-04 00:00:00+00:00,28.301188,31.368378,26.336039
2030-10-05 00:00:00+00:00,29.160736,32.171604,26.497784
2030-10-06 00:00:00+00:00,28.070282,30.624828,26.209532
2030-10-07 00:00:00+00:00,29.429829,34.12805,25.421278
2030-10-08 00:00:00+00:00,28.389376,30.231276,26.733027
2030-10-09 00:00:00+00:00,28.298922,32.284504,25.844774
2030-10-10 00:00:00+00:00,30.858467,36.037727,26.65652
2030-10-11 00:00:00+00:00,30.568012,35.640953,26.818268
2030-10-12 00:00:00+00:00,29.777557,34.444176,25.530016
2030-10-13 00:00:00+00:00,25.987106,26.797396,26.091763
2030-10-14 00:00:00+00:00,25.646652,26.800627,25.403511
2030-10-15 00:00:00+00:00,26.656197,29.103851,25.315258
2030-10-16 00:00:00+00:00,27.465742,30.407074,25.277004
2030-10-17 00:00:00+00:00,27.275291,30.7103,24.48875
2030-10-18 00:00:00+00:00,29.234837,34.013523,24.4005
2030-10-19 00:00:00+00:00,30.544382,35.516747,25.71225
2030-10-20 00:00:00+00:00,31.353928,36.819977,25.873997
2030-10-21 00:00:00+00:00,30.763474,35.723198,26.13574
2030-10-22 00:00:00+00:00,29.37302,32.676422,26.647488
2030-10-23 00:00:00+00:00,29.532568,33.32965,26.559237
2030-10-24 00:00:00+00:00,27.892113,30.032873,26.220984
2030-10-25 00:00:00+00:00,28.901659,32.436096,26.182732
2030-10-26 00:00:00+00:00,29.311207,32.939323,25.244478
2030-10-27 00:00:00+00:00,30.720753,35.392548,26.406223
2030-10-28 00:00:00+00:00,29.580297,32.29577,26.66797
2030-10-29 00:00:00+00:00,29.139845,32.448997,26.329721
2030-10-30 00:00:00+00:00,29.499392,34.00222,25.241467
2030-10-31 00:00:00+00:00,30.158937,33.65545,26.403212
2030-11-01 00:00:00+00:00,29.168484,32.958668,25.764961
2030-11-02 00:00:00+00:00,28.079638,32.719604,23.625814
2030-11-03 00:00:00+00:00,28.091755,32.435158,23.73613
2030-11-04 00:00:00+00:00,27.903872,34.100716,21.996445
2030-11-05 00:00:00+00:00,27.465992,33.816273,21.45676
2030-11-06 00:00:00+00:00,28.528105,35.531822,21.767078
2030-11-07 00:00:00+00:00,28.690224,36.64738,20.227396
2030-11-08 00:00:00+00:00,29.952343,36.61294,22.78771
2030-11-09 00:00:00+00:00,30.01446,36.878494,23.098026
2030-11-10 00:00:00+00:00,29.826576,36.64405,22.40834
2030-11-11 00:00:00+00:00,29.838697,35.50961,24.568657
2030-11-12 00:00:00+00:00,28.450813,34.575165,22.678972
2030-11-13 00:00:00+00:00,27.01293,33.74072,20.589289
2030-11-14 00:00:00+00:00,27.07505,34.856277,19.599602
2030-11-15 00:00:00+00:00,28.187168,36.121834,20.609919
2030-11-16 00:00:00+00:00,29.299284,37.43739,20.670237
2030-11-17 00:00:00+00:00,30.211403,37.852947,22.580551
2030-11-18 00:00:00+00:00,30.02352,37.5185,23.390865
2030-11-19 00:00:00+00:00,29.63564,37.284058,21.651182
2030-11-20 00:00:00+00:00,30.097754,37.74961,22.661497
2030-11-21 00:00:00+00:00,30.959871,38.66517,22.971815
2030-11-22 00:00:00+00:00,30.621988,38.68073,22.08213
2030-11-23 00:00:00+00:00,31.434107,39.69628,22.942446
2030-11-24 00:00:00+00:00,30.596226,38.361835,23.502762
2030-11-25 00:00:00+00:00,30.208344,37.477394,22.513079
2030-11-26 00:00:00+00:00,29.320461,35.64295,23.473394
2030-11-27 00:00:00+00:00,27.932577,33.708504,22.63371
2030-11-28 00:00:00+00:00,26.794695,33.67406,21.444025
2030-11-29 00:00:00+00:00,27.056812,35.689617,19.00434
2030-11-30 00:00:00+00:00,28.51893,37.70517,19.66466
2030-12-01 00:00:00+00:00,29.03105,37.47073,21.474972
2030-12-02 00:00:00+00:00,28.443165,37.086285,19.685291
2030-12-03 00:00:00+00:00,28.705284,37.20184,20.595604
2030-12-04 00:00:00+00:00,29.417402,37.1674,21.90592
2030-12-05 00:00:00+00:00,28.929522,36.632954,20.966238
2030-12-06 00:00:00+00:00,27.991638,35.648506,20.976551
2030-12-07 00:00:00+00:00,27.553755,35.664066,19.586868
2030-12-08 00:00:00+00:00,27.665873,35.779625,19.547184
2030-12-09 00:00:00+00:00,27.52799,35.845177,19.3575
2030-12-10 00:00:00+00:00,25.740108,33.96073,17.967813
2030-12-11 00:00:00+00:00,23.502224,29.27629,18.378132
2030-12-12 00:00:00+00:00,23.664343,31.141846,16.388447
2030-12-13 00:00:00+00:00,23.67646,30.2074,17.348763
2030-12-14 00:00:00+00:00,24.08858,30.922958,17.509079
2030-12-15 00:00:00+00:00,23.800695,30.73852,16.869394
2030-12-16 00:00:00+00:00,24.712812,32.50407,17.179708
2030-12-17 00:00:00+00:00,25.974932,32.569626,19.940025
2030-12-18 00:00:00+00:00,22.737051,27.785185,17.950342
2030-12-19 00:00:00+00:00,21.949165,30.300737,14.710655
2030-12-20 00:00:00+00:00,23.311283,29.866293,17.720972
2030-12-21 00:00:00+00:00,24.0734,29.331854,20.381292
2030-12-22 00:00:00+00:00,22.93552,28.397406,17.941605
2030-12-23 00:00:00+00:00,22.147636,27.212967,16.65192
2030-12-24 00:00:00+00:00,23.559755,31.028519,15.762236
2030-12-25 00:00:00+00:00,24.07187,32.544075,15.472552
2030-12-26 00:00:00+00:00,22.93399,30.459631,15.832868
2030-12-27 00:00:00+00:00,22.69611,30.425188,14.693182
2030-12-28 00:00:00+00:00,22.508226,29.590744,16.2535
2030-12-29 00:00:00+00:00,22.970343,31.1563,15.863816
2030-12-30 00:00:00+00:00,26.382462,35.421852,18.37413
2030-12-31 00:00:00+00:00,27.944578,34.037415,20.134445
2031-01-01 00:00:00+00:00,26.256697,33.652966,20.244764
2031-01-02 00:00:00+00:00,23.710236,30.004812,18.598259
2031-01-03 00:00:00+00:00,23.76092,30.502089,19.59948
2031-01-04 00:00:00+00:00,24.8116,33.49936,17.500704
2031-01-05 00:00:00+00:00,25.412285,33.79664,18.001926
2031-01-06 00:00:00+00:00,26.062963,34.64391,17.553146
2031-01-07 00:00:00+00:00,24.663649,32.241188,17.704369
2031-01-08 00:00:00+00:00,23.81433,31.938461,15.405591
2031-01-09 00:00:00+00:00,23.76501,30.285734,16.756813
2031-01-10 00:00:00+00:00,23.415693,28.93301,18.008038
2031-01-11 00:00:00+00:00,23.966377,29.280283,19.159258
2031-01-12 00:00:00+00:00,24.067057,30.577557,17.91048
2031-01-13 00:00:00+00:00,25.41774,32.374832,19.461702
2031-01-14 00:00:00+00:00,26.868422,34.222107,21.012924
2031-01-15 00:00:00+00:00,27.369102,35.669384,20.514149
2031-01-16 00:00:00+00:00,28.369785,36.666656,21.415369
2031-01-17 00:00:00+00:00,28.220469,36.263935,19.966589
2031-01-18 00:00:00+00:00,27.771149,34.911205,21.117813
2031-01-19 00:00:00+00:00,27.32183,33.35848,21.969034
2031-01-20 00:00:00+00:00,24.422518,30.155754,18.920258
2031-01-21 00:00:00+00:00,22.823196,29.803032,16.97148
2031-01-22 00:00:00+00:00,22.723879,27.200308,18.4227
2031-01-23 00:00:00+00:00,23.47456,28.29758,19.623924
2031-01-24 00:00:00+00:00,22.275244,28.594856,16.225143
2031-01-25 00:00:00+00:00,21.675924,28.242128,15.826365
2031-01-26 00:00:00+00:00,21.226606,27.9894,15.07759
2031-01-27 00:00:00+00:00,20.97729,26.336678,16.028812
2031-01-28 00:00:00+00:00,21.92797,27.63395,16.730032
2031-01-29 00:00:00+00:00,23.228651,32.231228,16.281258
2031-01-30 00:00:00+00:00,25.179337,34.078506,17.032478
2031-01-31 00:00:00+00:00,26.330017,33.475777,19.1337
2031-02-01 00:00:00+00:00,27.280699,35.62305,19.034924
2031-02-02 00:00:00+00:00,28.38138,36.870327,19.186146
2031-02-03 00:00:00+00:00,28.832066,36.567596,20.037367
2031-02-04 00:00:00+00:00,29.782747,37.264874,23.23859
2031-02-05 00:00:00+00:00,28.883427,36.712147,21.58981
2031-02-06 00:00:00+00:00,28.68411,37.10942,21.291035
2031-02-07 00:00:00+00:00,30.284792,37.7567,23.292255
2031-02-08 00:00:00+00:00,27.885471,31.40397,25.293476
2031-02-09 00:00:00+00:00,26.586157,30.051247,24.5947
2031-02-10 00:00:00+00:00,25.186838,29.248524,23.14592
2031-02-11 00:00:00+00:00,27.53752,34.795795,19.947144
2031-02-12 00:00:00+00:00,29.638203,38.69307,20.598368
2031-02-13 00:00:00+00:00,28.788885,35.490345,21.849588
2031-02-14 00:00:00+00:00,28.389566,36.08762,21.75081
2031-02-15 00:00:00+00:00,28.240248,34.484894,22.252033
2031-02-16 00:00:00+00:00,28.34093,34.482174,23.603254
2031-02-17 00:00:00+00:00,27.841614,35.429447,21.204477
2031-02-18 00:00:00+00:00,27.992292,35.876717,21.2557
2031-02-19 00:00:00+00:00,28.792978,37.873993,20.80692
2031-02-20 00:00:00+00:00,29.743658,38.471268,21.808144
2031-02-21 00:00:00+00:00,30.444344,38.468544,22.359365
2031-02-22 00:00:00+00:00,29.695023,37.71582,21.460588
2031-02-23 00:00:00+00:00,29.795708,37.513092,23.111809
2031-02-24 00:00:00+00:00,30.49639,39.060364,22.713032
2031-02-25 00:00:00+00:00,30.897066,39.30764,22.464252
2031-02-26 00:00:00+00:00,31.197752,39.604916,22.665476
2031-02-27 00:00:00+00:00,30.748434,39.65219,21.766697
2031-02-28 00:00:00+00:00,30.649117,38.999462,22.86792
2031-03-01 00:00:00+00:00,30.149797,38.64674,22.519144
2031-03-02 00:00:00+00:00,30.750479,40.094013,21.970362
2031-03-03 00:00:00+00:00,31.401161,39.841286,23.221586
2031-03-04 00:00:00+00:00,31.417206,40.797993,21.737106
2031-03-05 00:00:00+00:00,32.135445,40.706047,24.254667
2031-03-06 00:00:00+00:00,31.053684,40.1641,22.022232
2031-03-07 00:00:00+00:00,30.371922,39.972153,21.789793
2031-03-08 00:00:00+00:00,30.490158,39.480206,20.407354
2031-03-09 00:00:00+00:00,29.008398,36.788258,20.274918
2031-03-10 00:00:00+00:00,26.276636,34.59631,18.142479
2031-03-11 00:00:00+00:00,28.094875,37.90436,17.210045
2031-03-12 00:00:00+00:00,30.463112,39.26242,21.027605
2031-03-13 00:00:00+00:00,31.131353,39.770473,21.74517
2031-03-14 00:00:00+00:00,31.79959,40.328526,22.81273
2031-03-15 00:00:00+00:00,32.417828,40.98658,23.630293
2031-03-16 00:00:00+00:00,33.136066,40.94463,25.447859
2031-03-17 00:00:00+00:00,32.704304,40.60268,24.515419
2031-03-18 00:00:00+00:00,31.872543,40.060734,22.982983
2031-03-19 00:00:00+00:00,33.290783,41.71879,24.100544
2031-03-20 00:00:00+00:00,32.80902,40.87684,23.968107
2031-03-21 00:00:00+00:00,31.127258,38.634895,23.53567
2031-03-22 00:00:00+00:00,31.1955,39.942947,21.803232
2031-03-23 00:00:00+00:00,31.213734,40.600998,20.420795
2031-03-24 00:00:00+00:00,32.581974,41.459057,22.138357
2031-03-25 00:00:00+00:00,32.950214,40.417107,25.10592
2031-03-26 00:00:00+00:00,34.81845,42.57516,26.223484
2031-03-27 00:00:00+00:00,34.43669,43.083214,24.791046
2031-03-28 00:00:00+00:00,34.20493,42.891262,25.758608
2031-03-29 00:00:00+00:00,33.12317,42.049313,23.77617
2031-03-30 00:00:00+00:00,30.991404,39.90737,22.643732
2031-03-31 00:00:00+00:00,30.909643,40.515423,22.161293
2031-04-01 00:00:00+00:00,32.67788,41.02348,23.778856
2031-04-02 00:00:00+00:00,34.246117,43.43153,23.64642
2031-04-03 00:00:00+00:00,34.464355,43.889584,24.113983
2031-04-04 00:00:00+00:00,33.3326,42.047634,24.181545
2031-04-05 00:00:00+00:00,32.450836,40.805687,23.499107
2031-04-06 00:00:00+00:00,30.969074,40.563744,22.11667
2031-04-07 00:00:00+00:00,32.487312,41.1718,23.384233
2031-04-08 00:00:00+00:00,33.75555,41.229847,25.401796
2031-04-09 00:00:00+00:00,33.42379,41.0379,25.41936
2031-04-10 00:00:00+00:00,34.092026,42.245956,25.236921
2031-04-11 00:00:00+00:00,34.660263,43.204006,25.454483
2031-04-12 00:00:00+00:00,35.178505,42.912056,27.172047
2031-04-13 00:00:00+00:00,34.546745,42.720116,25.989609
2031-04-14 00:00:00+00:00,33.31498,42.728165,22.45717
2031-04-15 00:00:00+00:00,34.58322,43.886215,23.974735
2031-04-16 00:00:00+00:00,35.001457,44.04427,25.142298
2031-04-17 00:00:00+00:00,33.5697,42.85232,24.559858
2031-04-18 00:00:00+00:00,33.837936,42.410374,24.97742
2031-04-19 00:00:00+00:00,34.306168,42.06843,26.694984
2031-04-20 00:00:00+00:00,35.424408,43.626484,26.812548
2031-04-21 00:00:00+00:00,36.24265,44.884533,27.48011
2031-04-22 00:00:00+00:00,33.260887,41.142586,25.947674
2031-04-23 00:00:00+00:00,32.429123,39.70064,25.715235
2031-04-24 00:00:00+00:00,30.997366,37.658695,23.732798
2031-04-25 00:00:00+00:00,30.815601,39.166748,22.950361
2031-04-26 00:00:00+00:00,31.833841,40.624805,23.067923
2031-04-27 00:00:00+00:00,33.40208,41.93285,24.035484
2031-04-28 00:00:00+00:00,33.67032,41.74091,25.503046
2031-04-29 00:00:00+00:00,33.83856,42.39896,24.820612
2031-04-30 00:00:00+00:00,33.856796,41.807007,26.138172
2031-05-01 00:00:00+00:00,35.075035,43.915066,25.605736
2031-05-02 00:00:00+00:00,36.093273,44.073112,26.923298
2031-05-03 00:00:00+00:00,36.56151,45.23117,27.44086
2031-05-04 00:00:00+00:00,36.097954,45.227413,26.626669
2031-05-05 00:00:00+00:00,35.93439,44.323658,27.162477
2031-05-06 00:00:00+00:00,34.52083,42.719906,26.648285
2031-05-07 00:00:00+00:00,31.45727,39.71615,23.134096
2031-05-08 00:00:00+00:00,31.043709,39.012394,24.5699
2031-05-09 00:00:00+00:00,30.880154,39.008636,24.00571
2031-05-10 00:00:00+00:00,32.066597,40.804882,24.04152
2031-05-11 00:00:00+00:00,34.753033,44.55113,24.977327
2031-05-12 00:00:00+00:00,32.539474,38.697376,24.963137
2031-05-13 00:00:00+00:00,31.825914,38.493614,26.498945
2031-05-14 00:00:00+00:00,32.462357,39.489857,26.734753
2031-05-15 00:00:00+00:00,32.348793,38.286102,25.82056
2031-05-16 00:00:00+00:00,30.885235,38.23235,23.606367
2031-05-17 00:00:00+00:00,32.821674,40.728592,24.592178
2031-05-18 00:00:00+00:00,35.258118,43.37484,26.927984
2031-05-19 00:00:00+00:00,34.59456,42.221085,27.463793
2031-05-20 00:00:00+00:00,32.580997,40.817326,24.599602
2031-05-21 00:00:00+00:00,32.067436,38.213573,26.085411
2031-05-22 00:00:00+00:00,32.30388,38.959816,26.321218
2031-05-23 00:00:00+00:00,32.39032,38.706062,25.657028
2031-05-24 00:00:00+00:00,33.12676,40.152306,26.442833
2031-05-25 00:00:00+00:00,34.213196,43.34855,25.728645
2031-05-26 00:00:00+00:00,33.44964,40.8948,26.114452
2031-05-27 00:00:00+00:00,32.436077,38.24104,26.700262
2031-05-28 00:00:00+00:00,33.272522,41.137283,25.286068
2031-05-29 00:00:00+00:00,33.80896,42.883526,25.471876
2031-05-30 00:00:00+00:00,32.3954,38.47977,26.357683
2031-05-31 00:00:00+00:00,31.831842,37.426014,26.093493
2031-06-01 00:00:00+00:00,32.86828,38.67226,26.7793
2031-06-02 00:00:00+00:00,33.404724,39.418507,26.865114
2031-06-03 00:00:00+00:00,33.491165,41.414753,26.050919
2031-06-04 00:00:00+00:00,32.277603,37.760998,26.286728
2031-06-05 00:00:00+00:00,29.064043,31.45724,27.122534
2031-06-06 00:00:00+00:00,30.850487,35.303482,26.308344
2031-06-07 00:00:00+00:00,33.486923,39.14973,27.69415
2031-06-08 00:00:00+00:00,36.273365,44.245975,28.179962
2031-06-09 00:00:00+00:00,38.209805,43.342216,32.965767
2031-06-10 00:00:00+00:00,34.296246,39.538464,29.551577
2031-06-11 00:00:00+00:00,33.932686,37.78471,29.887384
2031-06-12 00:00:00+00:00,32.91913,37.030952,28.573195
2031-06-13 00:00:00+00:00,29.955566,31.727194,27.759
2031-06-14 00:00:00+00:00,30.092009,34.52344,26.744808
2031-06-15 00:00:00+00:00,32.52845,37.769688,27.530619
2031-06-16 00:00:00+00:00,33.314888,37.51593,28.816427
2031-06-17 00:00:00+00:00,33.451324,40.36217,27.802235
2031-06-18 00:00:00+00:00,33.58777,39.008423,28.738045
2031-06-19 00:00:00+00:00,31.874208,34.654663,28.273851
2031-06-20 00:00:00+00:00,31.41065,36.900906,26.959663
2031-06-21 00:00:00+00:00,32.49709,35.34715,28.945469
2031-06-22 00:00:00+00:00,31.533531,34.8434,28.231277
2031-06-23 00:00:00+00:00,32.81997,38.18964,27.967085
2031-06-24 00:00:00+00:00,31.706413,38.035885,26.452892
2031-06-25 00:00:00+00:00,32.242855,37.782127,27.338701
2031-06-26 00:00:00+00:00,32.229294,37.628376,27.72451
2031-06-27 00:00:00+00:00,31.71573,37.874615,26.51032
2031-06-28 00:00:00+00:00,31.202171,36.82086,27.246126
2031-06-29 00:00:00+00:00,32.638615,38.56711,27.431934
2031-06-30 00:00:00+00:00,29.225054,31.663351,27.367743
2031-07-01 00:00:00+00:00,28.861494,31.609602,26.153551
2031-07-02 00:00:00+00:00,30.147936,32.905846,27.589361
2031-07-03 00:00:00+00:00,30.832691,35.800007,26.423613
2031-07-04 00:00:00+00:00,30.305668,33.729664,27.446953
2031-07-05 00:00:00+00:00,29.528643,31.559309,27.570297
2031-07-06 00:00:00+00:00,30.651619,34.28895,27.093641
2031-07-07 00:00:00+00:00,31.574593,36.668602,27.316986
2031-07-08 00:00:00+00:00,30.997568,36.39825,26.890331
2031-07-09 00:00:00+00:00,30.920544,33.877895,28.563673
2031-07-10 00:00:00+00:00,29.54352,32.05754,26.887018
2031-07-11 00:00:00+00:00,30.216494,33.437187,27.36036
2031-07-12 00:00:00+00:00,28.98947,31.366837,27.483707
2031-07-13 00:00:00+00:00,30.812445,35.446487,26.50705
2031-07-14 00:00:00+00:00,29.18542,32.626125,27.230392
2031-07-15 00:00:00+00:00,29.008394,31.95578,26.703737
2031-07-16 00:00:00+00:00,30.63137,36.435425,26.02708
2031-07-17 00:00:00+00:00,29.704346,32.765068,26.600424
2031-07-18 00:00:00+00:00,29.72732,31.844719,28.173769
2031-07-19 00:00:00+00:00,28.450296,30.724365,27.097113
2031-07-20 00:00:00+00:00,28.57327,30.504011,26.520456
2031-07-21 00:00:00+00:00,28.546244,31.383656,25.443798
2031-07-22 00:00:00+00:00,27.719221,30.413303,25.817144
2031-07-23 00:00:00+00:00,29.642197,33.342953,26.24049
2031-07-24 00:00:00+00:00,28.91517,31.072601,27.313831
2031-07-25 00:00:00+00:00,29.338146,32.60225,26.987175
2031-07-26 00:00:00+00:00,28.511124,32.081894,25.46052
2031-07-27 00:00:00+00:00,26.984097,28.26154,26.333864
2031-07-28 00:00:00+00:00,27.207073,29.991188,25.207207
2031-07-29 00:00:00+00:00,29.08005,31.820835,26.430552
2031-07-30 00:00:00+00:00,29.103024,32.80048,25.253893
2031-07-31 00:00:00+00:00,28.825998,31.23013,27.12724
2031-08-01 00:00:00+00:00,29.298973,31.909779,26.500584
2031-08-02 00:00:00+00:00,28.621948,30.589428,26.773926
2031-08-03 00:00:00+00:00,29.194925,33.019073,25.097271
2031-08-04 00:00:00+00:00,30.667898,34.548717,26.920616
2031-08-05 00:00:00+00:00,31.590876,36.778366,27.393959
2031-08-06 00:00:00+00:00,30.013851,33.858013,26.267302
2031-08-07 00:00:00+00:00,29.436825,33.93766,26.140648
2031-08-08 00:00:00+00:00,28.459799,31.667309,25.563992
2031-08-09 00:00:00+00:00,28.532776,32.796955,24.787334
2031-08-10 00:00:00+00:00,28.005749,31.4766,25.710678
2031-08-11 00:00:00+00:00,27.728727,30.506248,25.184023
2031-08-12 00:00:00+00:00,28.901701,32.185894,25.907366
2031-08-13 00:00:00+00:00,28.824677,31.915546,25.580708
2031-08-14 00:00:00+00:00,27.197653,28.745192,26.304056
2031-08-15 00:00:00+00:00,27.420628,30.424835,25.5274
2031-08-16 00:00:00+00:00,26.843601,28.554485,25.80074
2031-08-17 00:00:00+00:00,27.216576,28.884129,25.824087
2031-08-18 00:00:00+00:00,27.53955,29.313778,26.197428
2031-08-19 00:00:00+00:00,26.112526,26.893427,25.670774
2031-08-20 00:00:00+00:00,27.535503,30.373072,25.294115
2031-08-21 00:00:00+00:00,27.55848,31.352718,24.917461
2031-08-22 00:00:00+00:00,27.63145,30.582365,24.990803
2031-08-23 00:00:00+00:00,27.704428,30.362017,25.71415
2031-08-24 00:00:00+00:00,27.177402,29.291662,25.687492
2031-08-25 00:00:00+00:00,27.45038,30.621311,25.760836
2031-08-26 00:00:00+00:00,27.623354,29.950954,26.13418
2031-08-27 00:00:00+00:00,27.64633,30.0806,25.957523
2031-08-28 00:00:00+00:00,28.019302,30.160244,26.030867
2031-08-29 00:00:00+00:00,27.142279,28.689898,26.104212
2031-08-30 00:00:00+00:00,26.665255,28.269547,25.727556
2031-08-31 00:00:00+00:00,25.588228,26.249191,25.350899
2031-09-01 00:00:00+00:00,25.511204,26.978836,25.074244
2031-09-02 00:00:00+00:00,26.493324,28.564377,25.107187
2031-09-03 00:00:00+00:00,27.152868,28.767601,25.968935
2031-09-04 00:00:00+00:00,26.712414,28.420832,25.530682
2031-09-05 00:00:00+00:00,27.32196,29.274055,25.642427
2031-09-06 00:00:00+00:00,26.981508,28.37728,25.904175
2031-09-07 00:00:00+00:00,26.291056,27.730503,25.615925
2031-09-08 00:00:00+00:00,25.6506,26.53373,25.27767
2031-09-09 00:00:00+00:00,26.310148,28.036953,24.78942
2031-09-10 00:00:00+00:00,26.919693,29.340176,25.001167
2031-09-11 00:00:00+00:00,27.379236,30.293404,24.512915
2031-09-12 00:00:00+00:00,27.088783,29.046627,25.62466
2031-09-13 00:00:00+00:00,27.448332,29.949854,25.886408
2031-09-14 00:00:00+00:00,27.907879,30.753078,25.848154
2031-09-15 00:00:00+00:00,27.067425,28.7063,26.159903
2031-09-16 00:00:00+00:00,26.576973,27.759525,25.57165
2031-09-17 00:00:00+00:00,27.586517,30.612751,25.083397
2031-09-18 00:00:00+00:00,28.19606,30.365974,26.695145
2031-09-19 00:00:00+00:00,28.455608,31.119202,26.25689
2031-09-20 00:00:00+00:00,27.215157,28.922426,25.768639
2031-09-21 00:00:00+00:00,27.824703,29.625648,26.630386
2031-09-22 00:00:00+00:00,28.184248,30.778873,26.292133
2031-09-23 00:00:00+00:00,27.343792,29.3821,25.10388
2031-09-24 00:00:00+00:00,26.353338,27.385323,26.215628
2031-09-25 00:00:00+00:00,25.862885,26.588547,25.377375
2031-09-26 00:00:00+00:00,25.672434,26.291775,25.239122
2031-09-27 00:00:00+00:00,25.981976,28.294998,25.00087
2031-09-28 00:00:00+00:00,27.141523,29.648224,25.262619
2031-09-29 00:00:00+00:00,27.351072,29.101448,26.174364
2031-09-30 00:00:00+00:00,27.310617,29.554676,25.58611
2031-10-01 00:00:00+00:00,26.070162,26.857895,25.597858
2031-10-02 00:00:00+00:00,26.329708,28.261122,24.759607
2031-10-03 00:00:00+00:00,26.289257,27.664345,25.121353
2031-10-04 00:00:00+00:00,25.148802,25.517569,25.2831
2031-10-05 00:00:00+00:00,26.50835,29.270796,24.894846
2031-10-06 00:00:00+00:00,26.467896,29.12402,24.256596
2031-10-07 00:00:00+00:00,26.72744,28.177242,25.468344
2031-10-08 00:00:00+00:00,26.386986,27.48047,25.280088
2031-10-09 00:00:00+00:00,25.996532,27.133694,25.041838
2031-10-10 00:00:00+00:00,26.60608,29.086918,24.753586
2031-10-11 00:00:00+00:00,27.215628,31.040146,23.815332
2031-10-12 00:00:00+00:00,28.775171,32.29337,25.677078
2031-10-13 00:00:00+00:00,27.934717,30.146591,25.838825
2031-10-14 00:00:00+00:00,26.394266,27.249819,25.550573
2031-10-15 00:00:00+00:00,26.103813,27.553041,25.56232
2031-10-16 00:00:00+00:00,26.613358,30.006266,23.874067
2031-10-17 00:00:00+00:00,28.272905,32.159496,24.735815
2031-10-18 00:00:00+00:00,29.38245,32.662716,26.397562
2031-10-19 00:00:00+00:00,28.891994,32.21594,25.70931
2031-10-20 00:00:00+00:00,26.651545,27.46917,25.821056
2031-10-21 00:00:00+00:00,26.761087,29.22239,25.932804
2031-10-22 00:00:00+00:00,27.670635,29.525618,25.794552
2031-10-23 00:00:00+00:00,26.430182,26.628841,26.3063
2031-10-24 00:00:00+00:00,26.689728,29.082067,25.568047
2031-10-25 00:00:00+00:00,27.29927,29.83529,24.729794
2031-10-26 00:00:00+00:00,27.70882,30.88852,24.491543
2031-10-27 00:00:00+00:00,27.568365,30.541742,24.653288
2031-10-28 00:00:00+00:00,27.87791,31.444962,24.365038
2031-10-29 00:00:00+00:00,27.88746,31.848194,24.126783
2031-10-30 00:00:00+00:00,28.147005,32.45142,24.13853
2031-10-31 00:00:00+00:00,28.256552,33.45464,23.350279
2031-11-01 00:00:00+00:00,29.416098,36.157867,23.562027
2031-11-02 00:00:00+00:00,29.276608,36.465714,22.923235
2031-11-03 00:00:00+00:00,29.088724,36.331264,22.733551
2031-11-04 00:00:00+00:00,29.450842,35.846825,23.243866
2031-11-05 00:00:00+00:00,29.212961,35.412384,22.904184
2031-11-06 00:00:00+00:00,29.675077,34.42794,24.764498
2031-11-07 00:00:00+00:00,29.937195,36.243492,23.574814
2031-11-08 00:00:00+00:00,29.799313,36.15905,23.83513
2031-11-09 00:00:00+00:00,29.41143,35.624607,23.695448
2031-11-10 00:00:00+00:00,29.42355,35.04016,23.955763
2031-11-11 00:00:00+00:00,29.485666,36.005722,23.216078
2031-11-12 00:00:00+00:00,29.797783,35.871273,24.526392
2031-11-13 00:00:00+00:00,29.3099,34.43683,24.13671
2031-11-14 00:00:00+00:00,31.022017,38.20239,23.447025
2031-11-15 00:00:00+00:00,30.834135,38.267937,23.507341
2031-11-16 00:00:00+00:00,30.246254,38.383503,22.367655
2031-11-17 00:00:00+00:00,28.508371,34.94906,23.227974
2031-11-18 00:00:00+00:00,27.220491,30.914608,23.488287
2031-11-19 00:00:00+00:00,28.132608,32.530167,23.198605
2031-11-20 00:00:00+00:00,30.044725,35.595726,25.15892
2031-11-21 00:00:00+00:00,30.856842,37.16128,24.519234
2031-11-22 00:00:00+00:00,30.318962,36.026833,24.42955
2031-11-23 00:00:00+00:00,29.381079,34.64239,25.08987
2031-11-24 00:00:00+00:00,29.193195,37.05795,21.600183
2031-11-25 00:00:00+00:00,28.955315,36.6735,21.8105
2031-11-26 00:00:00+00:00,29.667433,36.73906,22.770815
2031-11-27 00:00:00+00:00,29.329548,36.654617,22.18113
2031-11-28 00:00:00+00:00,28.991665,36.420174,21.691446
2031-11-29 00:00:00+00:00,29.453783,36.43573,22.85176
2031-11-30 00:00:00+00:00,29.265902,36.05129,23.012077
2031-12-01 00:00:00+00:00,29.128017,36.36684,22.022392
2031-12-02 00:00:00+00:00,28.940138,35.482395,22.582712
2031-12-03 00:00:00+00:00,27.552254,33.24795,22.443026
2031-12-04 00:00:00+00:00,27.114374,33.313503,23.253342
2031-12-05 00:00:00+00:00,27.37649,34.929066,20.463657
2031-12-06 00:00:00+00:00,27.638607,33.09462,23.073973
2031-12-07 00:00:00+00:00,26.800724,31.410181,22.48429
2031-12-08 00:00:00+00:00,27.612843,33.075733,22.994606
2031-12-09 00:00:00+00:00,25.17496,28.14129,21.90492
2031-12-10 00:00:00+00:00,24.037075,28.256844,20.665236
2031-12-11 00:00:00+00:00,24.549194,31.5224,18.125551
2031-12-12 00:00:00+00:00,26.061312,33.037956,20.43587
2031-12-13 00:00:00+00:00,25.973429,32.903515,20.146183
2031-12-14 00:00:00+00:00,25.935553,33.26907,19.306501
2031-12-15 00:00:00+00:00,26.347666,34.184624,18.816816
2031-12-16 00:00:00+00:00,27.859783,35.850185,20.227133
2031-12-17 00:00:00+00:00,27.7719,35.31574,20.737448
2031-12-18 00:00:00+00:00,27.33402,34.53129,21.097763
2031-12-19 00:00:00+00:00,27.346138,34.59685,20.40808
2031-12-20 00:00:00+00:00,27.008253,33.862408,20.418394
2031-12-21 00:00:00+00:00,26.570372,33.77796,19.47871
2031-12-22 00:00:00+00:00,25.78249,30.943516,20.739025
2031-12-23 00:00:00+00:00,24.694609,28.959076,21.149343
2031-12-24 00:00:00+00:00,23.706726,27.324627,21.159658
2031-12-25 00:00:00+00:00,23.01884,29.340183,17.169975
2031-12-26 00:00:00+00:00,22.080957,28.755745,16.88029
2031-12-27 00:00:00+00:00,21.993078,28.421297,16.140606
2031-12-28 00:00:00+00:00,23.405195,28.936857,18.750921
2031-12-29 00:00:00+00:00,22.91731,28.05241,20.011236
2031-12-30 00:00:00+00:00,23.07943,29.767965,17.17155
2031-12-31 00:00:00+00:00,23.591549,28.433521,18.081867
2032-01-01 00:00:00+00:00,23.303665,28.799082,18.492186
2032-01-02 00:00:00+00:00,22.810066,28.905495,16.497955
2032-01-03 00:00:00+00:00,23.510748,31.002771,16.099174
2032-01-04 00:00:00+00:00,22.91143,28.750044,16.950397
2032-01-05 00:00:00+00:00,23.56211,29.39732,18.50162
2032-01-06 00:00:00+00:00,21.462793,24.294592,19.452843
2032-01-07 00:00:00+00:00,21.063477,25.791868,16.804064
2032-01-08 00:00:00+00:00,21.314157,26.989145,16.305285
2032-01-09 00:00:00+00:00,21.364838,26.436417,16.65651
2032-01-10 00:00:00+00:00,20.315523,22.38369,19.107729
2032-01-11 00:00:00+00:00,21.516207,26.330963,16.808952
2032-01-12 00:00:00+00:00,22.816887,28.278238,17.860174
2032-01-13 00:00:00+00:00,23.41757,31.175514,16.111397
2032-01-14 00:00:00+00:00,23.668251,30.072788,18.662619
2032-01-15 00:00:00+00:00,22.968933,29.470068,17.663841
2032-01-16 00:00:00+00:00,23.019617,30.317337,16.665064
2032-01-17 00:00:00+00:00,23.770298,32.064613,16.766285
2032-01-18 00:00:00+00:00,25.070978,33.91189,17.767508
2032-01-19 00:00:00+00:00,25.87166,33.85916,19.16873
2032-01-20 00:00:00+00:00,26.372343,34.906437,19.219952
2032-01-21 00:00:00+00:00,27.273026,35.553715,21.471172
2032-01-22 00:00:00+00:00,27.423708,35.400986,21.172396
2032-01-23 00:00:00+00:00,27.67439,35.84826,20.723618
2032-01-24 00:00:00+00:00,26.72507,34.195534,20.224838
2032-01-25 00:00:00+00:00,25.425755,32.44281,19.676062
2032-01-26 00:00:00+00:00,25.426435,32.790085,19.727285
2032-01-27 00:00:00+00:00,25.02712,32.88736,18.678507
2032-01-28 00:00:00+00:00,24.927801,32.934635,18.079727
2032-01-29 00:00:00+00:00,26.728481,34.731907,19.78095
2032-01-30 00:00:00+00:00,27.379162,35.62918,19.732172
2032-01-31 00:00:00+00:00,27.679846,36.22646,19.483395
2032-02-01 00:00:00+00:00,28.63053,37.223736,20.384615
2032-02-02 00:00:00+00:00,29.081211,37.821007,21.135838
2032-02-03 00:00:00+00:00,29.181894,37.918278,20.737062
2032-02-04 00:00:00+00:00,29.182577,36.515556,22.438284
2032-02-05 00:00:00+00:00,28.333256,35.112827,22.739504
2032-02-06 00:00:00+00:00,27.28394,34.310104,20.79073
2032-02-07 00:00:00+00:00,26.834621,33.257378,21.541948
2032-02-08 00:00:00+00:00,27.285305,34.954655,20.193172
2032-02-09 00:00:00+00:00,27.535984,36.05193,19.344393
2032-02-10 00:00:00+00:00,29.336668,37.949203,21.195616
2032-02-11 00:00:00+00:00,28.93735,36.74648,21.546839
2032-02-12 00:00:00+00:00,25.988035,29.493752,23.54806
2032-02-13 00:00:00+00:00,26.888712,34.591026,19.14928
2032-02-14 00:00:00+00:00,29.089397,36.4383,21.850506
2032-02-15 00:00:00+00:00,29.34008,36.935577,22.201727
2032-02-16 00:00:00+00:00,29.89076,37.83285,21.852947
2032-02-17 00:00:00+00:00,30.391441,38.330124,22.354172
2032-02-18 00:00:00+00:00,30.842125,39.2774,23.305391
2032-02-19 00:00:00+00:00,30.142807,39.324673,20.206617
2032-02-20 00:00:00+00:00,29.74349,38.87195,20.607836
2032-02-21 00:00:00+00:00,29.344173,35.569225,21.75906
2032-02-22 00:00:00+00:00,28.194853,34.166496,23.210281
2032-02-23 00:00:00+00:00,27.795536,34.813774,22.011501
2032-02-24 00:00:00+00:00,26.396217,30.611048,22.462727
2032-02-25 00:00:00+00:00,26.496899,34.358322,20.963945
2032-02-26 00:00:00+00:00,30.847582,39.855595,22.165169
2032-02-27 00:00:00+00:00,31.398264,38.752872,24.216393
2032-02-28 00:00:00+00:00,31.648945,38.550148,24.917614
2032-02-29 00:00:00+00:00,31.549627,38.597416,24.918837
2032-03-01 00:00:00+00:00,30.950308,36.994698,25.970058
2032-03-02 00:00:00+00:00,28.800993,34.24197,23.62128
2032-03-03 00:00:00+00:00,27.862648,32.895985,22.882715
2032-03-04 00:00:00+00:00,29.480885,37.204033,22.300276
2032-03-05 00:00:00+00:00,30.449121,38.762085,22.417841
2032-03-06 00:00:00+00:00,30.16736,37.720142,22.085402
2032-03-07 00:00:00+00:00,30.6856,37.328194,24.302967
2032-03-08 00:00:00+00:00,32.70384,39.486244,26.720528
2032-03-09 00:00:00+00:00,32.472076,39.8443,25.78809
2032-03-10 00:00:00+00:00,32.940315,40.752354,24.905653
2032-03-11 00:00:00+00:00,32.808556,40.760403,24.573215
2032-03-12 00:00:00+00:00,33.426796,41.21846,25.39078
2032-03-13 00:00:00+00:00,32.145035,36.976513,27.70834
2032-03-14 00:00:00+00:00,32.91327,38.734562,27.925903
2032-03-15 00:00:00+00:00,30.381508,37.44262,22.693466
2032-03-16 00:00:00+00:00,31.299747,39.90067,22.511028
2032-03-17 00:00:00+00:00,31.567986,40.258724,22.478592
2032-03-18 00:00:00+00:00,31.036222,40.466778,20.146154
2032-03-19 00:00:00+00:00,32.254463,41.224827,22.063717
2032-03-20 00:00:00+00:00,32.6727,40.63288,24.481277
2032-03-21 00:00:00+00:00,31.690937,38.890938,24.84884
2032-03-22 00:00:00+00:00,31.009174,38.69899,23.716404
2032-03-23 00:00:00+00:00,30.927416,39.15704,23.083967
2032-03-24 00:00:00+00:00,31.095654,39.21509,23.051529
2032-03-25 00:00:00+00:00,30.71389,39.023144,22.119093
2032-03-26 00:00:00+00:00,31.13213,39.231194,22.736656
2032-03-27 00:00:00+00:00,32.30037,40.789253,23.354218
2032-03-28 00:00:00+00:00,31.418608,39.997303,21.87178
2032-03-29 00:00:00+00:00,31.086845,40.35536,20.339342
2032-03-30 00:00:00+00:00,30.805082,39.41341,21.256905
2032-03-31 00:00:00+00:00,31.173323,40.17146,21.024467
2032-04-01 00:00:00+00:00,30.491562,38.77952,22.142029
2032-04-02 00:00:00+00:00,29.5598,37.387573,21.659592
2032-04-03 00:00:00+00:00,29.728035,37.895626,20.527155
2032-04-04 00:00:00+00:00,29.346275,37.553677,20.394718
2032-04-05 00:00:00+00:00,30.014513,38.561726,21.26228
2032-04-06 00:00:00+00:00,31.232754,38.719784,22.829844
2032-04-07 00:00:00+00:00,32.400993,41.177837,22.847406
2032-04-08 00:00:00+00:00,33.16923,42.135883,23.514969
2032-04-09 00:00:00+00:00,32.287468,40.04394,24.182531
2032-04-10 00:00:00+00:00,33.805706,42.601994,24.250095
2032-04-11 00:00:00+00:00,36.223946,45.060043,26.367655
2032-04-12 00:00:00+00:00,35.342182,43.018097,26.985216
2032-04-13 00:00:00+00:00,32.91042,40.67615,24.802782
2032-04-14 00:00:00+00:00,32.428658,39.484203,25.020342
2032-04-15 00:00:00+00:00,33.546898,41.99226,24.037905
2032-04-16 00:00:00+00:00,33.56514,42.000313,23.50547
2032-04-17 00:00:00+00:00,34.03337,42.958363,24.273031
2032-04-18 00:00:00+00:00,32.451614,41.916412,23.440594
2032-04-19 00:00:00+00:00,32.11985,41.674465,22.908157
2032-04-20 00:00:00+00:00,31.788088,41.282524,21.57572
2032-04-21 00:00:00+00:00,34.50633,42.69057,24.743282
2032-04-22 00:00:00+00:00,33.824566,40.09863,25.610844
2032-04-23 00:00:00+00:00,33.142807,40.806683,24.478409
2032-04-24 00:00:00+00:00,32.311043,41.514732,21.39597
2032-04-25 00:00:00+00:00,34.27928,43.27279,24.263533
2032-04-26 00:00:00+00:00,32.99752,42.53084,22.931095
2032-04-27 00:00:00+00:00,32.71576,39.988888,25.598658
2032-04-28 00:00:00+00:00,30.583998,36.896946,24.81622
2032-04-29 00:00:00+00:00,28.452232,35.804993,21.783783
2032-04-30 00:00:00+00:00,30.070477,39.513054,21.401346
2032-05-01 00:00:00+00:00,32.73871,42.1711,23.118908
2032-05-02 00:00:00+00:00,34.706947,42.529156,25.38647
2032-05-03 00:00:00+00:00,35.30134,41.878353,28.780216
2032-05-04 00:00:00+00:00,31.03778,38.624603,24.316025
2032-05-05 00:00:00+00:00,30.02422,35.820843,25.201834
2032-05-06 00:00:00+00:00,32.16066,38.867085,25.937641
2032-05-07 00:00:00+00:00,33.147102,40.413334,26.12345
2032-05-08 00:00:00+00:00,34.38354,43.309574,26.409258
2032-05-09 00:00:00+00:00,33.169983,41.505825,25.095066
2032-05-10 00:00:00+00:00,33.356422,41.002068,26.230875
2032-05-11 00:00:00+00:00,33.542862,40.098316,26.916683
2032-05-12 00:00:00+00:00,32.929306,40.344555,25.552492
2032-05-13 00:00:00+00:00,31.315744,39.140797,22.7383
2032-05-14 00:00:00+00:00,32.35218,40.78704,22.72411
2032-05-15 00:00:00+00:00,34.638626,43.533287,24.709917
2032-05-16 00:00:00+00:00,36.025063,44.92953,25.695724
2032-05-17 00:00:00+00:00,34.06151,41.775776,26.231533
2032-05-18 00:00:00+00:00,34.547947,41.122025,28.267342
2032-05-19 00:00:00+00:00,33.584385,40.368267,26.40315
2032-05-20 00:00:00+00:00,32.17083,39.464508,25.588957
2032-05-21 00:00:00+00:00,32.757263,39.310757,26.224766
2032-05-22 00:00:00+00:00,34.79371,42.057,28.110577
2032-05-23 00:00:00+00:00,33.93015,40.853245,26.996384
2032-05-24 00:00:00+00:00,32.81659,37.39949,29.082191
2032-05-25 00:00:00+00:00,32.903027,37.445732,28.218
2032-05-26 00:00:00+00:00,33.18947,39.09198,27.153809
2032-05-27 00:00:00+00:00,33.125908,41.338223,25.639614
2032-05-28 00:00:00+00:00,31.862352,34.234467,29.725426
2032-05-29 00:00:00+00:00,31.298792,35.13071,27.061232
2032-05-30 00:00:00+00:00,31.735228,35.226955,28.647043
2032-05-31 00:00:00+00:00,32.32167,40.1232,26.13285
2032-06-01 00:00:00+00:00,32.958115,41.619442,24.068659
2032-06-02 00:00:00+00:00,32.59455,37.665684,26.454468
2032-06-03 00:00:00+00:00,32.380993,35.211933,29.090277
2032-06-04 00:00:00+00:00,32.917435,40.158176,26.976084
2032-06-05 00:00:00+00:00,32.853874,41.904423,24.26189
2032-06-06 00:00:00+00:00,33.690315,40.700665,26.497698
2032-06-07 00:00:00+00:00,32.276756,36.996918,27.03351
2032-06-08 00:00:00+00:00,31.963194,37.193153,26.169315
2032-06-09 00:00:00+00:00,32.749634,40.3894,26.255125
2032-06-10 00:00:00+00:00,32.886078,37.135643,27.040932
2032-06-11 00:00:00+00:00,33.622517,39.281895,27.776741
2032-06-12 00:00:00+00:00,33.458954,38.42813,28.21255
2032-06-13 00:00:00+00:00,31.895397,37.22438,26.89836
2032-06-14 00:00:00+00:00,31.431835,38.62062,24.484163
2032-06-15 00:00:00+00:00,32.11828,38.86687,25.769976
2032-06-16 00:00:00+00:00,32.954716,40.013115,25.705784
2032-06-17 00:00:00+00:00,33.04116,41.259357,25.991592
2032-06-18 00:00:00+00:00,32.3776,39.105602,25.777397
2032-06-19 00:00:00+00:00,32.11404,38.351845,27.013206
2032-06-20 00:00:00+00:00,32.30048,37.59809,26.449017
2032-06-21 00:00:00+00:00,32.986923,40.444336,26.234823
2032-06-22 00:00:00+00:00,31.62336,39.99058,23.920633
2032-06-23 00:00:00+00:00,32.6598,36.936825,28.256443
2032-06-24 00:00:00+00:00,33.79624,42.53307,26.79225
2032-06-25 00:00:00+00:00,31.582684,38.82931,24.278059
2032-06-26 00:00:00+00:00,32.319122,38.025562,26.913866
2032-06-27 00:00:00+00:00,33.55556,39.821804,26.549675
2032-06-28 00:00:00+00:00,32.492004,38.66805,27.335485
2032-06-29 00:00:00+00:00,30.878447,36.164295,26.62129
2032-06-30 00:00:00+00:00,30.014883,34.26054,26.0071
2032-07-01 00:00:00+00:00,30.551325,37.85678,23.242908
2032-07-02 00:00:00+00:00,32.237762,38.503025,25.528717
2032-07-03 00:00:00+00:00,32.162422,37.63475,26.75362
2032-07-04 00:00:00+00:00,31.985397,39.064396,24.826962
2032-07-05 00:00:00+00:00,31.558374,38.39404,25.050304
2032-07-06 00:00:00+00:00,32.881348,39.373688,27.62365
2032-07-07 00:00:00+00:00,31.504324,37.053337,26.146994
2032-07-08 00:00:00+00:00,31.4273,37.58298,25.670338
2032-07-09 00:00:00+00:00,32.350273,41.01263,25.243683
2032-07-10 00:00:00+00:00,31.323252,34.29228,28.817026
2032-07-11 00:00:00+00:00,30.846226,36.821922,25.69037
2032-07-12 00:00:00+00:00,31.019201,37.25157,24.96371
2032-07-13 00:00:00+00:00,31.192177,36.881218,26.23706
2032-07-14 00:00:00+00:00,29.76515,34.410866,25.360401
2032-07-15 00:00:00+00:00,32.338127,39.84051,25.783745
2032-07-16 00:00:00+00:00,32.3111,37.920162,26.807089
2032-07-17 00:00:00+00:00,32.284073,37.499805,27.180431
2032-07-18 00:00:00+00:00,31.10705,35.479454,28.303776
2032-07-19 00:00:00+00:00,27.930029,29.209099,27.427118
2032-07-20 00:00:00+00:00,29.153004,34.08875,24.800465
2032-07-21 00:00:00+00:00,29.575977,33.718395,26.423807
2032-07-22 00:00:00+00:00,30.598953,36.548042,26.647152
2032-07-23 00:00:00+00:00,30.471926,35.627686,25.070498
2032-07-24 00:00:00+00:00,30.844902,37.357334,24.64384
2032-07-25 00:00:00+00:00,29.767878,34.686985,25.017183
2032-07-26 00:00:00+00:00,30.040852,34.11663,25.490526
2032-07-27 00:00:00+00:00,29.763826,35.64628,25.51387
2032-07-28 00:00:00+00:00,29.286804,33.275925,25.387213
2032-07-29 00:00:00+00:00,30.459778,36.50557,25.260557
2032-07-30 00:00:00+00:00,28.282753,31.385216,25.0839
2032-07-31 00:00:00+00:00,25.805729,26.814863,24.557247
2032-08-01 00:00:00+00:00,28.978704,34.24451,23.93059
2032-08-02 00:00:00+00:00,30.051682,35.124157,25.403934
2032-08-03 00:00:00+00:00,29.374655,33.253807,26.227276
2032-08-04 00:00:00+00:00,29.747631,34.833458,25.150623
2032-08-05 00:00:00+00:00,28.270605,30.263103,26.423965
2032-08-06 00:00:00+00:00,25.94358,26.142748,25.947308
2032-08-07 00:00:00+00:00,27.816557,30.322395,25.770653
2032-08-08 00:00:00+00:00,29.43953,33.152042,26.643995
2032-08-09 00:00:00+00:00,29.462507,33.43169,25.917343
2032-08-10 00:00:00+00:00,28.085482,29.611334,26.540684
2032-08-11 00:00:00+00:00,27.608456,30.640984,26.114027
2032-08-12 00:00:00+00:00,27.331432,28.97063,25.887375
2032-08-13 00:00:00+00:00,27.104408,29.050276,25.310717
2032-08-14 00:00:00+00:00,27.77738,30.279928,25.78406
2032-08-15 00:00:00+00:00,28.500357,31.509575,25.757404
2032-08-16 00:00:00+00:00,28.023333,30.639221,26.380749
2032-08-17 00:00:00+00:00,27.24631,29.568867,25.704092
2032-08-18 00:00:00+00:00,26.169285,28.898516,24.677435
2032-08-19 00:00:00+00:00,27.442259,30.12816,25.15078
2032-08-20 00:00:00+00:00,28.865234,33.15781,25.724125
2032-08-21 00:00:00+00:00,28.238213,31.387459,25.347467
2032-08-22 00:00:00+00:00,28.761183,31.767101,26.070812
2032-08-23 00:00:00+00:00,28.33416,30.546751,26.844154
2032-08-24 00:00:00+00:00,29.257132,32.9264,26.1175
2032-08-25 00:00:00+00:00,28.28011,31.956043,25.340843
2032-08-26 00:00:00+00:00,28.053085,31.085693,26.11419
2032-08-27 00:00:00+00:00,28.026062,31.815338,25.53753
2032-08-28 00:00:00+00:00,28.149036,31.494987,25.210875
2032-08-29 00:00:00+00:00,26.82201,29.174631,25.584217
2032-08-30 00:00:00+00:00,28.294987,32.35428,24.557562
2032-08-31 00:00:00+00:00,29.51796,33.93393,25.580908
2032-09-01 00:00:00+00:00,28.640936,31.813572,25.654251
2032-09-02 00:00:00+00:00,27.950481,31.866795,24.965998
2032-09-03 00:00:00+00:00,30.160028,35.470024,26.127745
2032-09-04 00:00:00+00:00,28.619574,32.023247,25.339493
2032-09-05 00:00:00+00:00,28.829123,33.17647,25.951242
2032-09-06 00:00:00+00:00,28.488668,33.9797,23.962986
2032-09-07 00:00:00+00:00,29.048214,34.182922,25.774734
2032-09-08 00:00:00+00:00,30.85776,38.786144,24.186481
2032-09-09 00:00:00+00:00,28.517305,32.03937,25.24823
2032-09-10 00:00:00+00:00,27.326853,30.2426,24.659977
2032-09-11 00:00:00+00:00,28.636398,33.44582,25.171724
2032-09-12 00:00:00+00:00,29.095947,33.99905,24.78347
2032-09-13 00:00:00+00:00,27.755491,29.852268,25.895218
2032-09-14 00:00:00+00:00,28.065039,32.055492,24.606964
2032-09-15 00:00:00+00:00,27.824585,31.25872,24.26871
2032-09-16 00:00:00+00:00,27.484129,29.861942,26.23046
2032-09-17 00:00:00+00:00,29.543674,34.51517,25.542206
2032-09-18 00:00:00+00:00,29.05322,33.718395,25.453953
2032-09-19 00:00:00+00:00,28.712769,32.12162,25.9657
2032-09-20 00:00:00+00:00,29.422316,34.02484,25.77745
2032-09-21 00:00:00+00:00,29.031864,31.928066,26.689198
2032-09-22 00:00:00+00:00,29.64141,34.531296,25.400944
2032-09-23 00:00:00+00:00,30.350954,35.684517,26.61269
2032-09-24 00:00:00+00:00,27.5605,28.937746,26.32444
2032-09-25 00:00:00+00:00,26.670044,28.44097,25.786186
2032-09-26 00:00:00+00:00,27.179596,28.844189,26.447933
2032-09-27 00:00:00+00:00,28.08914,31.59742,26.359678
2032-09-28 00:00:00+00:00,28.198685,31.750645,25.571426
2032-09-29 00:00:00+00:00,29.008232,33.103867,26.083174
2032-09-30 00:00:00+00:00,29.767778,34.057095,26.294922
2032-10-01 00:00:00+00:00,29.877323,34.110317,27.106667
2032-10-02 00:00:00+00:00,29.936869,32.61354,27.218418
2032-10-03 00:00:00+00:00,29.046413,32.166767,26.830164
2032-10-04 00:00:00+00:00,27.405964,28.869991,26.49191
2032-10-05 00:00:00+00:00,27.31551,28.673214,26.053658
2032-10-06 00:00:00+00:00,29.775055,34.376442,25.165403
2032-10-07 00:00:00+00:00,30.2346,34.379665,26.377153
2032-10-08 00:00:00+00:00,29.094149,31.632889,26.738901
2032-10-09 00:00:00+00:00,28.653694,31.986115,27.050646
2032-10-10 00:00:00+00:00,28.06324,32.33934,25.712393
2032-10-11 00:00:00+00:00,28.872786,33.292564,24.924145
2032-10-12 00:00:00+00:00,30.982334,38.64579,25.43589
2032-10-13 00:00:00+00:00,29.04188,32.099014,26.397636
2032-10-14 00:00:00+00:00,29.651424,33.852238,26.659384
2032-10-15 00:00:00+00:00,32.86097,41.555466,26.02113
2032-10-16 00:00:00+00:00,28.920517,33.208687,24.582878
2032-10-17 00:00:00+00:00,28.680065,32.86191,25.944626
2032-10-18 00:00:00+00:00,28.239609,30.365139,26.256374
2032-10-19 00:00:00+00:00,31.649157,39.46836,25.068121
2032-10-20 00:00:00+00:00,30.408703,38.071587,24.579868
2032-10-21 00:00:00+00:00,30.118248,34.624813,25.641615
2032-10-22 00:00:00+00:00,31.627796,39.278034,24.453362
2032-10-23 00:00:00+00:00,29.78734,34.23126,24.615108
2032-10-24 00:00:00+00:00,30.546885,36.184486,26.02686
2032-10-25 00:00:00+00:00,31.956436,40.23771,24.588604
2032-10-26 00:00:00+00:00,32.61598,41.29093,24.650349
2032-10-27 00:00:00+00:00,32.575523,40.54416,24.8121
2032-10-28 00:00:00+00:00,29.885073,34.747383,24.023844
2032-10-29 00:00:00+00:00,28.444618,30.500614,26.385593
2032-10-30 00:00:00+00:00,28.904163,34.153835,25.14734
2032-10-31 00:00:00+00:00,30.66371,38.207058,22.609087
2032-11-01 00:00:00+00:00,31.073578,38.611824,23.820656
2032-11-02 00:00:00+00:00,31.685696,40.477383,22.880974
2032-11-03 00:00:00+00:00,31.947813,40.892937,22.941288
2032-11-04 00:00:00+00:00,31.90993,40.70849,22.651604
2032-11-05 00:00:00+00:00,31.972046,40.32405,24.061918
2032-11-06 00:00:00+00:00,30.534164,39.439606,22.772236
2032-11-07 00:00:00+00:00,30.396284,39.255165,21.732552
2032-11-08 00:00:00+00:00,31.7084,39.820717,23.442867
2032-11-09 00:00:00+00:00,31.670519,40.486275,21.903181
2032-11-10 00:00:00+00:00,31.632637,40.451828,22.8135
2032-11-11 00:00:00+00:00,30.644756,37.91739,25.123816
2032-11-12 00:00:00+00:00,26.75687,29.632942,24.28413
2032-11-13 00:00:00+00:00,26.11899,29.248495,23.144445
2032-11-14 00:00:00+00:00,27.581106,34.814056,21.95476
2032-11-15 00:00:00+00:00,30.543224,37.379612,23.515078
2032-11-16 00:00:00+00:00,30.305344,35.495167,25.375393
2032-11-17 00:00:00+00:00,28.31746,34.51072,22.235708
2032-11-18 00:00:00+00:00,28.329576,35.52628,21.246025
2032-11-19 00:00:00+00:00,28.291698,35.941833,20.806341
2032-11-20 00:00:00+00:00,28.803812,35.90739,21.216658
2032-11-21 00:00:00+00:00,29.515932,34.622948,23.776972
2032-11-22 00:00:00+00:00,32.07805,38.188503,26.08729
2032-11-23 00:00:00+00:00,32.090164,38.354057,25.547604
2032-11-24 00:00:00+00:00,30.302284,34.919613,26.007921
2032-11-25 00:00:00+00:00,31.2644,36.58517,26.718235
2032-11-26 00:00:00+00:00,29.57652,36.350723,22.528553
2032-11-27 00:00:00+00:00,28.838638,36.66628,21.438866
2032-11-28 00:00:00+00:00,28.700752,36.78184,20.949183
2032-11-29 00:00:00+00:00,28.362873,36.697395,20.359499
2032-11-30 00:00:00+00:00,28.07499,36.412952,19.469814
2032-12-01 00:00:00+00:00,28.887108,36.778507,20.28013
2032-12-02 00:00:00+00:00,29.399227,37.29406,21.590446
2032-12-03 00:00:00+00:00,28.511341,36.35962,20.650763
2032-12-04 00:00:00+00:00,28.223461,35.825172,21.011078
2032-12-05 00:00:00+00:00,27.735577,34.79073,21.271397
2032-12-06 00:00:00+00:00,26.797695,34.856285,18.881708
2032-12-07 00:00:00+00:00,27.259811,35.221844,19.992027
2032-12-08 00:00:00+00:00,27.521929,35.6874,19.702343
2032-12-09 00:00:00+00:00,27.884048,35.652954,20.362656
2032-12-10 00:00:00+00:00,27.796167,35.468513,19.922974
2032-12-11 00:00:00+00:00,27.358282,34.434067,20.683289
2032-12-12 00:00:00+00:00,26.570402,33.749626,19.743605
2032-12-13 00:00:00+00:00,26.632519,34.515182,19.20392
2032-12-14 00:00:00+00:00,26.044638,33.980736,18.164236
2032-12-15 00:00:00+00:00,25.656754,33.296295,18.674551
2032-12-16 00:00:00+00:00,25.418873,31.761845,19.934868
2032-12-17 00:00:00+00:00,24.23099,30.327406,18.945183
2032-12-18 00:00:00+00:00,23.593107,31.14296,16.1055
2032-12-19 00:00:00+00:00,27.155224,35.70852,19.265816
2032-12-20 00:00:00+00:00,27.46734,34.124073,21.326132
2032-12-21 00:00:00+00:00,27.82946,34.089626,22.236446
2032-12-22 00:00:00+00:00,26.14158,32.405186,20.146763
2032-12-23 00:00:00+00:00,25.453695,32.62074,19.057081
2032-12-24 00:00:00+00:00,25.115812,32.986298,18.117395
2032-12-25 00:00:00+00:00,25.42793,33.501854,18.62771
2032-12-26 00:00:00+00:00,26.140049,33.61741,19.688028
2032-12-27 00:00:00+00:00,26.852167,34.382965,19.448343
2032-12-28 00:00:00+00:00,26.364285,32.848522,21.658659
2032-12-29 00:00:00+00:00,25.226402,33.014076,18.568974
2032-12-30 00:00:00+00:00,25.388521,33.47963,18.77929
2032-12-31 00:00:00+00:00,26.650637,33.845192,18.739607
2033-01-01 00:00:00+00:00,25.309895,33.156174,18.497648
2033-01-02 00:00:00+00:00,25.460579,33.503445,18.748869
2033-01-03 00:00:00+00:00,24.861258,32.350723,18.70009
2033-01-04 00:00:00+00:00,25.511942,32.348,20.251314
2033-01-05 00:00:00+00:00,23.312624,28.445274,19.352533
2033-01-06 00:00:00+00:00,22.613306,27.192547,19.403759
2033-01-07 00:00:00+00:00,22.263988,27.58982,18.20498
2033-01-08 00:00:00+00:00,22.41467,27.9371,18.406204
2033-01-09 00:00:00+00:00,21.965351,26.034372,18.557423
2033-01-10 00:00:00+00:00,22.866034,28.631645,18.658648
2033-01-11 00:00:00+00:00,23.91672,27.778921,21.109869
2033-01-12 00:00:00+00:00,23.617397,28.326199,20.361092
2033-01-13 00:00:00+00:00,24.96808,30.97347,20.212313
2033-01-14 00:00:00+00:00,24.018764,30.520742,18.363535
2033-01-15 00:00:00+00:00,24.619446,31.81802,17.76476
2033-01-16 00:00:00+00:00,25.020128,31.515295,19.815979
2033-01-17 00:00:00+00:00,25.620808,33.162567,18.317202
2033-01-18 00:00:00+00:00,26.771492,33.05984,21.468422
2033-01-19 00:00:00+00:00,25.772173,33.10712,18.719646
2033-01-20 00:00:00+00:00,25.972855,33.35439,19.120865
2033-01-21 00:00:00+00:00,25.873535,33.90167,18.32209
2033-01-22 00:00:00+00:00,26.824217,34.498943,19.873312
2033-01-23 00:00:00+00:00,27.424902,34.946217,21.424534
2033-01-24 00:00:00+00:00,27.425585,35.04349,21.025757
2033-01-25 00:00:00+00:00,26.126265,34.040768,18.82698
2033-01-26 00:00:00+00:00,26.926949,35.83804,18.6282
2033-01-27 00:00:00+00:00,27.42763,36.33531,19.029423
2033-01-28 00:00:00+00:00,27.328312,34.432587,21.830643
2033-01-29 00:00:00+00:00,28.128994,36.229862,20.731867
2033-01-30 00:00:00+00:00,27.879675,36.22714,20.13309
2033-01-31 00:00:00+00:00,28.380358,35.924416,20.93431
2033-02-01 00:00:00+00:00,28.831043,37.27169,21.485533
2033-02-02 00:00:00+00:00,28.731724,37.41896,20.786758
2033-02-03 00:00:00+00:00,29.482405,37.866234,20.937977
2033-02-04 00:00:00+00:00,29.933088,37.86351,21.8392
2033-02-05 00:00:00+00:00,30.133768,37.710785,23.540422
2033-02-06 00:00:00+00:00,29.534452,38.50806,20.141644
2033-02-07 00:00:00+00:00,30.535133,38.255333,23.092867
2033-02-08 00:00:00+00:00,28.535814,33.152607,24.844088
2033-02-09 00:00:00+00:00,28.936497,34.399883,23.39531
2033-02-10 00:00:00+00:00,28.387178,35.297157,23.246532
2033-02-11 00:00:00+00:00,27.387863,35.494434,18.647753
2033-02-12 00:00:00+00:00,28.988543,36.091705,21.748976
2033-02-13 00:00:00+00:00,27.589224,35.588978,20.4002
2033-02-14 00:00:00+00:00,25.639908,32.23626,19.451422
2033-02-15 00:00:00+00:00,26.49059,35.183533,17.602642
2033-02-16 00:00:00+00:00,27.19127,35.630802,18.453867
2033-02-17 00:00:00+00:00,28.041954,36.028084,19.805088
2033-02-18 00:00:00+00:00,27.442638,33.775356,21.35631
2033-02-19 00:00:00+00:00,25.343317,30.572628,21.35753
2033-02-20 00:00:00+00:00,26.344,34.369904,18.008753
2033-02-21 00:00:00+00:00,27.594683,35.667183,19.759974
2033-02-22 00:00:00+00:00,22.795366,26.264454,20.611198
2033-02-23 00:00:00+00:00,23.696047,28.711731,18.96242
2033-02-24 00:00:00+00:00,26.09673,33.859005,19.663643
2033-02-25 00:00:00+00:00,28.747412,34.55628,22.914864
2033-02-26 00:00:00+00:00,26.248093,30.603552,21.366085
2033-02-27 00:00:00+00:00,26.998774,32.95083,21.167307
2033-02-28 00:00:00+00:00,30.249458,36.7981,23.26853
2033-03-01 00:00:00+00:00,30.450138,36.195374,25.069754
2033-03-02 00:00:00+00:00,27.200823,32.84265,21.170975
2033-03-03 00:00:00+00:00,26.108088,32.44397,19.028324
2033-03-04 00:00:00+00:00,26.226326,31.302017,20.095888
2033-03-05 00:00:00+00:00,29.594564,36.86007,21.91345
2033-03-06 00:00:00+00:00,30.712801,36.818127,24.58101
2033-03-07 00:00:00+00:00,31.931042,39.07618,24.448576
2033-03-08 00:00:00+00:00,32.44928,39.484234,25.116137
2033-03-09 00:00:00+00:00,31.417517,38.342285,24.7337
2033-03-10 00:00:00+00:00,32.135757,39.150333,24.801262
2033-03-11 00:00:00+00:00,32.503994,39.958393,24.868824
2033-03-12 00:00:00+00:00,32.972233,40.166443,25.636389
2033-03-13 00:00:00+00:00,32.74047,39.4745,25.85395
2033-03-14 00:00:00+00:00,31.10871,39.08255,23.121513
2033-03-15 00:00:00+00:00,30.276949,39.240604,20.839075
2033-03-16 00:00:00+00:00,29.795185,38.548656,21.556639
2033-03-17 00:00:00+00:00,29.313425,37.956707,20.774199
2033-03-18 00:00:00+00:00,29.431664,37.86476,20.991764
2033-03-19 00:00:00+00:00,31.099903,38.922817,23.109325
2033-03-20 00:00:00+00:00,33.01814,41.730865,22.376888
2033-03-21 00:00:00+00:00,34.886375,41.33892,27.54445
2033-03-22 00:00:00+00:00,33.05462,37.046978,30.212013
2033-03-23 00:00:00+00:00,32.022854,35.505024,28.279575
2033-03-24 00:00:00+00:00,32.991093,39.913082,26.047138
2033-03-25 00:00:00+00:00,35.00933,42.171135,26.814701
2033-03-26 00:00:00+00:00,34.027573,42.12919,25.082262
2033-03-27 00:00:00+00:00,33.245808,41.587242,24.149828
2033-03-28 00:00:00+00:00,32.96405,41.045288,24.51739
2033-03-29 00:00:00+00:00,32.482285,41.253345,22.684952
2033-03-30 00:00:00+00:00,32.750523,41.2114,23.502512
2033-03-31 00:00:00+00:00,31.968761,41.51945,21.320076
2033-04-01 00:00:00+00:00,32.037003,42.3275,21.137638
2033-04-02 00:00:00+00:00,32.75524,43.63556,21.105202
2033-04-03 00:00:00+00:00,32.57348,42.193607,23.522764
2033-04-04 00:00:00+00:00,32.191715,42.10166,23.440327
2033-04-05 00:00:00+00:00,31.559954,41.659718,22.05789
2033-04-06 00:00:00+00:00,30.878191,41.16777,22.075453
2033-04-07 00:00:00+00:00,30.996431,41.12582,20.993015
2033-04-08 00:00:00+00:00,33.61467,41.88387,24.710579
2033-04-09 00:00:00+00:00,31.182907,38.69193,22.778141
2033-04-10 00:00:00+00:00,33.901142,42.14998,24.895702
2033-04-11 00:00:00+00:00,33.719383,42.708035,24.763266
2033-04-12 00:00:00+00:00,34.537624,40.11608,28.780828
2033-04-13 00:00:00+00:00,33.15586,37.52414,28.448391
2033-04-14 00:00:00+00:00,33.5741,40.282192,26.365952
2033-04-15 00:00:00+00:00,33.442337,41.240242,25.083517
2033-04-16 00:00:00+00:00,34.21057,42.598293,24.851078
2033-04-17 00:00:00+00:00,35.07882,41.10635,28.36864
2033-04-18 00:00:00+00:00,34.54705,40.064407,28.036203
2033-04-19 00:00:00+00:00,31.315292,37.722454,24.453766
2033-04-20 00:00:00+00:00,32.88353,41.88051,24.17133
2033-04-21 00:00:00+00:00,34.551765,43.388557,24.38889
2033-04-22 00:00:00+00:00,35.870003,43.196613,27.506454
2033-04-23 00:00:00+00:00,35.58824,43.204666,27.574015
2033-04-24 00:00:00+00:00,35.506485,42.11272,27.391579
2033-04-25 00:00:00+00:00,35.374718,42.770775,27.309141
2033-04-26 00:00:00+00:00,37.54296,45.32883,28.476704
2033-04-27 00:00:00+00:00,37.8612,45.936882,29.744265
2033-04-28 00:00:00+00:00,35.529438,43.74493,27.161829
2033-04-29 00:00:00+00:00,34.597675,42.55298,26.62939
2033-04-30 00:00:00+00:00,36.615913,44.661037,27.596954
2033-05-01 00:00:00+00:00,36.68415,43.369095,28.564518
2033-05-02 00:00:00+00:00,34.35239,42.227142,26.68208
2033-05-03 00:00:00+00:00,34.75473,43.179295,25.483765
2033-05-04 00:00:00+00:00,34.94117,42.87554,26.669575
2033-05-05 00:00:00+00:00,36.12761,45.221783,26.30538
2033-05-06 00:00:00+00:00,31.364052,36.31802,25.041191
2033-05-07 00:00:00+00:00,26.650492,29.214268,23.376997
2033-05-08 00:00:00+00:00,26.736933,29.260517,24.112806
2033-05-09 00:00:00+00:00,30.773373,35.556763,25.648613
2033-05-10 00:00:00+00:00,33.909813,38.903008,27.634424
2033-05-11 00:00:00+00:00,36.096252,40.39925,30.22023
2033-05-12 00:00:00+00:00,37.082695,41.645496,32.10604
2033-05-13 00:00:00+00:00,37.519135,42.09174,32.39185
2033-05-14 00:00:00+00:00,37.355576,42.837982,30.627657
2033-05-15 00:00:00+00:00,35.042015,41.884228,28.113464
2033-05-16 00:00:00+00:00,35.728455,42.430473,28.199272
2033-05-17 00:00:00+00:00,33.614895,40.526714,26.73508
2033-05-18 00:00:00+00:00,33.50134,41.22296,25.720888
2033-05-19 00:00:00+00:00,33.087776,41.119205,25.156698
2033-05-20 00:00:00+00:00,32.124214,39.71545,24.592506
2033-05-21 00:00:00+00:00,33.360657,38.261692,28.178314
2033-05-22 00:00:00+00:00,35.047096,42.20794,29.414124
2033-05-23 00:00:00+00:00,36.883537,44.354183,28.399931
2033-05-24 00:00:00+00:00,32.96998,38.35043,27.635738
2033-05-25 00:00:00+00:00,31.456417,37.69667,25.721548
2033-05-26 00:00:00+00:00,32.24286,39.992912,24.507355
2033-05-27 00:00:00+00:00,33.5793,41.18916,26.193163
2033-05-28 00:00:00+00:00,36.115738,41.335407,29.728971
2033-05-29 00:00:00+00:00,34.55218,40.88165,27.264782
2033-05-30 00:00:00+00:00,31.43862,38.827892,25.35059
2033-05-31 00:00:00+00:00,29.125061,36.12414,22.736399
2033-06-01 00:00:00+00:00,30.211502,37.620384,23.172205
2033-06-02 00:00:00+00:00,30.19794,37.96663,22.508015
2033-06-03 00:00:00+00:00,31.034386,40.11287,22.443825
2033-06-04 00:00:00+00:00,31.520823,36.25912,26.47963
2033-06-05 00:00:00+00:00,31.857265,36.95536,26.91544
2033-06-06 00:00:00+00:00,34.243706,41.50161,27.051249
2033-06-07 00:00:00+00:00,35.630146,44.74785,26.787056
2033-06-08 00:00:00+00:00,32.31658,37.794098,26.872864
2033-06-09 00:00:00+00:00,31.853025,38.74034,25.208672
2033-06-10 00:00:00+00:00,32.539467,40.986588,25.744482
2033-06-11 00:00:00+00:00,32.02591,38.332825,25.930288
2033-06-12 00:00:00+00:00,31.512346,38.079075,24.266098
2033-06-13 00:00:00+00:00,30.048788,35.375317,24.101906
2033-06-14 00:00:00+00:00,29.435226,36.171562,24.487715
2033-06-15 00:00:00+00:00,31.821669,38.467808,25.373524
2033-06-16 00:00:00+00:00,31.758106,37.814053,25.75933
2033-06-17 00:00:00+00:00,31.694548,38.510296,25.24514
2033-06-18 00:00:00+00:00,31.18099,36.65654,26.230947
2033-06-19 00:00:00+00:00,30.31743,34.852783,26.366758
2033-06-20 00:00:00+00:00,32.65387,39.49903,26.052565
2033-06-21 00:00:00+00:00,34.74031,41.545277,27.838373
2033-06-22 00:00:00+00:00,34.17675,42.09152,27.424183
2033-06-23 00:00:00+00:00,32.36319,37.537766,27.35999
2033-06-24 00:00:00+00:00,31.099632,36.034008,26.845798
2033-06-25 00:00:00+00:00,30.586075,36.080254,25.181604
2033-06-26 00:00:00+00:00,29.472511,36.276497,23.067415
2033-06-27 00:00:00+00:00,30.458952,37.27274,24.05322
2033-06-28 00:00:00+00:00,30.595394,35.818985,25.68903
2033-06-29 00:00:00+00:00,30.081835,36.11523,24.474842
2033-06-30 00:00:00+00:00,31.168274,38.461475,25.210646
2033-07-01 00:00:00+00:00,32.454712,39.007717,26.446455
2033-07-02 00:00:00+00:00,32.591156,38.603966,27.082266
2033-07-03 00:00:00+00:00,32.36918,38.289833,26.910282
2033-07-04 00:00:00+00:00,31.792156,38.81948,24.933626
2033-07-05 00:00:00+00:00,32.965134,39.79913,26.456972
2033-07-06 00:00:00+00:00,32.238106,38.128777,26.730312
2033-07-07 00:00:00+00:00,30.911081,37.40842,25.503658
2033-07-08 00:00:00+00:00,30.734056,37.73807,26.077
2033-07-09 00:00:00+00:00,32.307034,38.917717,25.750347
2033-07-10 00:00:00+00:00,32.780006,39.447365,26.47369
2033-07-11 00:00:00+00:00,31.70298,39.37701,25.197035
2033-07-12 00:00:00+00:00,31.325958,37.90666,26.520378
2033-07-13 00:00:00+00:00,29.898932,36.986305,23.24372
2033-07-14 00:00:00+00:00,30.571905,36.665955,24.117065
2033-07-15 00:00:00+00:00,29.994884,33.6956,26.190409
2033-07-16 00:00:00+00:00,28.367859,31.32525,24.663754
2033-07-17 00:00:00+00:00,28.940834,32.004894,25.887096
2033-07-18 00:00:00+00:00,28.413809,30.584543,26.160439
2033-07-19 00:00:00+00:00,28.986782,33.164192,25.133785
2033-07-20 00:00:00+00:00,29.209757,32.943836,25.657127
2033-07-21 00:00:00+00:00,30.182734,36.12348,25.430471
2033-07-22 00:00:00+00:00,29.60571,35.80313,23.753815
2033-07-23 00:00:00+00:00,30.378683,36.932774,23.877161
2033-07-24 00:00:00+00:00,31.401657,35.912422,27.950504
2033-07-25 00:00:00+00:00,30.174635,35.742073,26.023848
2033-07-26 00:00:00+00:00,29.897612,35.521717,25.79719
2033-07-27 00:00:00+00:00,30.820585,36.001366,25.870537
2033-07-28 00:00:00+00:00,30.89356,35.631016,26.84388
2033-07-29 00:00:00+00:00,30.966536,36.91066,25.717222
2033-07-30 00:00:00+00:00,29.639507,36.84031,22.590569
2033-07-31 00:00:00+00:00,30.362484,35.01995,25.563911
2033-08-01 00:00:00+00:00,30.535461,34.749596,27.337254
2033-08-02 00:00:00+00:00,30.708435,35.379246,26.4606
2033-08-03 00:00:00+00:00,31.13141,38.358894,24.783943
2033-08-04 00:00:00+00:00,30.054386,35.238544,24.407288
2033-08-05 00:00:00+00:00,28.92736,32.26819,25.08063
2033-08-06 00:00:00+00:00,29.250338,32.347836,26.103975
2033-08-07 00:00:00+00:00,29.773314,35.327484,24.97732
2033-08-08 00:00:00+00:00,28.896286,34.307133,25.300663
2033-08-09 00:00:00+00:00,29.869263,36.036777,23.374004
2033-08-10 00:00:00+00:00,30.942238,36.81642,25.69735
2033-08-11 00:00:00+00:00,29.365211,35.54607,23.820694
2033-08-12 00:00:00+00:00,29.288189,35.725716,23.694038
2033-08-13 00:00:00+00:00,31.011164,36.35537,25.917383
2033-08-14 00:00:00+00:00,30.234138,34.135014,26.190725
2033-08-15 00:00:00+00:00,28.907116,31.414661,26.364069
2033-08-16 00:00:00+00:00,28.480087,31.594307,26.137413
2033-08-17 00:00:00+00:00,29.853065,34.523952,26.260754
2033-08-18 00:00:00+00:00,29.576038,34.803604,25.0341
2033-08-19 00:00:00+00:00,30.849014,37.03325,26.407446
2033-08-20 00:00:00+00:00,31.021992,35.9129,26.980787
2033-08-21 00:00:00+00:00,30.744965,36.59254,25.154135
2033-08-22 00:00:00+00:00,31.617939,37.67219,25.827477
2033-08-23 00:00:00+00:00,30.590916,36.50184,25.050821
2033-08-24 00:00:00+00:00,30.41389,37.081486,25.024164
2033-08-25 00:00:00+00:00,30.436867,35.961132,25.197508
2033-08-26 00:00:00+00:00,29.759842,33.99078,26.02085
2033-08-27 00:00:00+00:00,31.182817,39.520428,24.644196
2033-08-28 00:00:00+00:00,32.25579,38.350075,27.66754
2033-08-29 00:00:00+00:00,31.128765,35.77972,26.990883
2033-08-30 00:00:00+00:00,29.85174,34.80937,26.114225
2033-08-31 00:00:00+00:00,30.274715,34.839012,26.53757
2033-09-01 00:00:00+00:00,29.397692,33.718662,25.810915
2033-09-02 00:00:00+00:00,29.448095,35.36599,24.913063
2033-09-03 00:00:00+00:00,31.157644,36.869213,26.224808
2033-09-04 00:00:00+00:00,31.71719,38.57244,25.986557
2033-09-05 00:00:00+00:00,28.976736,33.525665,26.298304
2033-09-06 00:00:00+00:00,26.93628,29.678888,25.210052
2033-09-07 00:00:00+00:00,28.345827,32.232117,24.6218
2033-09-08 00:00:00+00:00,28.305372,33.73534,25.733543
2033-09-09 00:00:00+00:00,29.86492,36.88856,24.845291
2033-09-10 00:00:00+00:00,29.724463,33.34179,26.007038
2033-09-11 00:00:00+00:00,29.384012,35.44502,25.418785
2033-09-12 00:00:00+00:00,30.543558,36.448242,25.080532
2033-09-13 00:00:00+00:00,31.453104,38.801464,26.042282
2033-09-14 00:00:00+00:00,31.262653,39.004692,25.70403
2033-09-15 00:00:00+00:00,29.572199,33.457916,26.115776
2033-09-16 00:00:00+00:00,29.681742,35.26114,24.927523
2033-09-17 00:00:00+00:00,30.141289,33.964367,26.389273
2033-09-18 00:00:00+00:00,30.650837,35.31759,26.601017
2033-09-19 00:00:00+00:00,30.010384,33.970814,26.112766
2033-09-20 00:00:00+00:00,28.119928,30.674036,25.624514
2033-09-21 00:00:00+00:00,28.479473,31.627262,25.936258
2033-09-22 00:00:00+00:00,29.289022,34.13048,26.648008
2033-09-23 00:00:00+00:00,31.298567,37.23372,27.259754
2033-09-24 00:00:00+00:00,31.608112,38.23694,27.1215
2033-09-25 00:00:00+00:00,30.91766,36.89016,25.583248
2033-09-26 00:00:00+00:00,30.277205,36.443386,24.844995
2033-09-27 00:00:00+00:00,30.186754,36.64661,24.456745
2033-09-28 00:00:00+00:00,31.796297,39.849834,24.36849
2033-09-29 00:00:00+00:00,32.955845,42.35306,24.080235
2033-09-30 00:00:00+00:00,34.115387,43.156284,24.691986
2033-10-01 00:00:00+00:00,33.524937,39.00951,27.903732
2033-10-02 00:00:00+00:00,29.134483,32.912735,26.31548
2033-10-03 00:00:00+00:00,31.794031,39.31596,25.377226
2033-10-04 00:00:00+00:00,31.353575,35.91918,26.738974
2033-10-05 00:00:00+00:00,31.963123,38.87241,25.800724
2033-10-06 00:00:00+00:00,35.82267,44.575634,27.112469
2033-10-07 00:00:00+00:00,31.582212,37.628857,26.974215
2033-10-08 00:00:00+00:00,31.44176,36.532085,27.085966
2033-10-09 00:00:00+00:00,30.851307,37.53531,26.297712
2033-10-10 00:00:00+00:00,31.810852,37.73853,26.759459
2033-10-11 00:00:00+00:00,32.4204,39.791763,25.471203
2033-10-12 00:00:00+00:00,32.529945,41.044983,24.582952
2033-10-13 00:00:00+00:00,33.03949,41.998207,23.7447
2033-10-14 00:00:00+00:00,29.84904,36.801437,23.406448
2033-10-15 00:00:00+00:00,30.608585,35.954655,25.468193
2033-10-16 00:00:00+00:00,31.16813,37.907883,24.52994
2033-10-17 00:00:00+00:00,32.527676,38.911106,26.64169
2033-10-18 00:00:00+00:00,33.387222,41.414333,24.853436
2033-10-19 00:00:00+00:00,33.64677,42.56756,23.065182
2033-10-20 00:00:00+00:00,32.706314,38.32078,26.52693
2033-10-21 00:00:00+00:00,32.965862,39.774006,26.28868
2033-10-22 00:00:00+00:00,29.975409,31.77723,28.850424
2033-10-23 00:00:00+00:00,28.684954,30.730457,27.212173
2033-10-24 00:00:00+00:00,29.144499,33.93368,24.523918
2033-10-25 00:00:00+00:00,32.45405,39.586903,25.235666
2033-10-26 00:00:00+00:00,33.513596,40.340134,25.597414
2033-10-27 00:00:00+00:00,33.02314,36.843353,29.509161
2033-10-28 00:00:00+00:00,31.832685,38.14658,26.170908
2033-10-29 00:00:00+00:00,33.69223,41.3998,26.582657
2033-10-30 00:00:00+00:00,32.901775,40.30303,25.744406
2033-10-31 00:00:00+00:00,33.911324,41.05625,26.40615
2033-11-01 00:00:00+00:00,32.670868,38.609474,26.2179
2033-11-02 00:00:00+00:00,29.132666,32.47349,26.228392
2033-11-03 00:00:00+00:00,27.094782,27.639048,26.53871
2033-11-04 00:00:00+00:00,27.956902,31.90461,25.449024
2033-11-05 00:00:00+00:00,31.569021,37.570156,25.909342
2033-11-06 00:00:00+00:00,31.781137,39.93572,23.169657
2033-11-07 00:00:00+00:00,30.743256,39.601273,21.329971
2033-11-08 00:00:00+00:00,30.655373,37.16683,23.390287
2033-11-09 00:00:00+00:00,31.46749,37.232388,26.100605
2033-11-10 00:00:00+00:00,32.62961,39.047943,26.01092
2033-11-11 00:00:00+00:00,32.791725,38.0635,27.571234
2033-11-12 00:00:00+00:00,31.153843,39.079052,23.031551
2033-11-13 00:00:00+00:00,30.41596,37.494606,23.94187
2033-11-14 00:00:00+00:00,28.728079,35.410168,22.252184
2033-11-15 00:00:00+00:00,27.390194,35.42572,19.1625
2033-11-16 00:00:00+00:00,27.502314,36.141277,19.072815
2033-11-17 00:00:00+00:00,28.714434,37.706833,19.83313
2033-11-18 00:00:00+00:00,30.826546,38.47239,22.993444
2033-11-19 00:00:00+00:00,31.238668,38.787945,23.453762
2033-11-20 00:00:00+00:00,30.250786,37.5035,23.714079
2033-11-21 00:00:00+00:00,29.0629,37.26906,21.774393
2033-11-22 00:00:00+00:00,27.97502,36.634613,18.984709
2033-11-23 00:00:00+00:00,27.587135,36.650166,18.045023
2033-11-24 00:00:00+00:00,28.749254,38.415726,19.15534
2033-11-25 00:00:00+00:00,30.511374,38.78128,21.965656
2033-11-26 00:00:00+00:00,32.67349,40.44684,24.825974
2033-11-27 00:00:00+00:00,31.985605,40.762394,22.486288
2033-11-28 00:00:00+00:00,32.697723,40.87795,24.146606
2033-11-29 00:00:00+00:00,31.509844,39.69351,24.406921
2033-11-30 00:00:00+00:00,29.671963,38.859062,19.617235
2033-12-01 00:00:00+00:00,29.384077,38.274616,20.577553
2033-12-02 00:00:00+00:00,30.946196,38.640175,23.637867
2033-12-03 00:00:00+00:00,31.458313,37.805733,26.148182
2033-12-04 00:00:00+00:00,29.92043,36.571285,24.1085
2033-12-05 00:00:00+00:00,29.032547,36.336838,22.768818
2033-12-06 00:00:00+00:00,29.294666,37.4524,21.829128
2033-12-07 00:00:00+00:00,30.006784,37.667957,22.589447
2033-12-08 00:00:00+00:00,30.118902,37.08351,24.199762
2033-12-09 00:00:00+00:00,29.081018,35.54907,23.060078
2033-12-10 00:00:00+00:00,27.243137,34.014626,21.420395
2033-12-11 00:00:00+00:00,27.005257,35.28018,19.030712
2033-12-12 00:00:00+00:00,26.917374,33.845734,20.541027
2033-12-13 00:00:00+00:00,27.279491,33.71129,22.15134
2033-12-14 00:00:00+00:00,24.841606,29.92685,19.861658
2033-12-15 00:00:00+00:00,23.553726,29.992403,17.471973
2033-12-16 00:00:00+00:00,25.66584,34.10796,18.13229
2033-12-17 00:00:00+00:00,27.177958,36.023514,19.242605
2033-12-18 00:00:00+00:00,27.84008,36.139072,19.652922
2033-12-19 00:00:00+00:00,28.202196,35.754627,20.863237
2033-12-20 00:00:00+00:00,26.964312,34.020184,20.623554
2033-12-21 00:00:00+00:00,25.976429,32.88574,19.283869
2033-12-22 00:00:00+00:00,26.738548,33.201298,20.494183
2033-12-23 00:00:00+00:00,25.300667,31.166853,20.0545
2033-12-24 00:00:00+00:00,24.012783,29.98241,19.164816
2033-12-25 00:00:00+00:00,23.074903,30.547962,17.32513
2033-12-26 00:00:00+00:00,25.787018,35.91352,16.035446
2033-12-27 00:00:00+00:00,28.449137,37.879078,18.445765
2033-12-28 00:00:00+00:00,30.661253,38.544632,23.256079
2033-12-29 00:00:00+00:00,29.873371,36.860188,24.216396
2033-12-30 00:00:00+00:00,27.58549,34.375744,22.426712
2033-12-31 00:00:00+00:00,28.247608,34.7413,20.137028
2034-01-01 00:00:00+00:00,28.409725,36.306858,20.697342
2034-01-02 00:00:00+00:00,28.06041,36.05413,20.548565
2034-01-03 00:00:00+00:00,27.51109,35.951405,19.399788
2034-01-04 00:00:00+00:00,27.161772,35.548683,19.20101
2034-01-05 00:00:00+00:00,26.212454,34.945953,17.80223
2034-01-06 00:00:00+00:00,26.913134,36.293232,17.803455
2034-01-07 00:00:00+00:00,27.663818,36.140507,19.654676
2034-01-08 00:00:00+00:00,27.364498,35.237778,20.4059
2034-01-09 00:00:00+00:00,26.96518,34.985054,19.65712
2034-01-10 00:00:00+00:00,26.565863,34.78233,17.80834
2034-01-11 00:00:00+00:00,26.616547,31.1296,22.859564
2034-01-12 00:00:00+00:00,25.467226,30.176872,21.910786
2034-01-13 00:00:00+00:00,24.367908,29.624153,19.91201
2034-01-14 00:00:00+00:00,24.868591,33.021427,16.66323
2034-01-15 00:00:00+00:00,25.119274,32.1687,18.514452
2034-01-16 00:00:00+00:00,24.319956,31.265974,18.165676
2034-01-17 00:00:00+00:00,23.370636,30.11325,17.266895
2034-01-18 00:00:00+00:00,23.171322,30.310528,16.868118
2034-01-19 00:00:00+00:00,23.372002,31.407799,16.16934
2034-01-20 00:00:00+00:00,24.722685,33.555077,16.32056
2034-01-21 00:00:00+00:00,25.873367,34.652344,17.971785
2034-01-22 00:00:00+00:00,25.124048,33.94962,17.973007
2034-01-23 00:00:00+00:00,26.474733,35.1969,19.374228
2034-01-24 00:00:00+00:00,26.125412,33.994175,19.32545
2034-01-25 00:00:00+00:00,26.426096,34.041447,19.726673
2034-01-26 00:00:00+00:00,26.376778,33.93872,20.427896
2034-01-27 00:00:00+00:00,24.17746,28.185995,20.479116
2034-01-28 00:00:00+00:00,24.628141,31.683271,19.980337
2034-01-29 00:00:00+00:00,26.878822,35.580547,18.131561
2034-01-30 00:00:00+00:00,27.729506,35.82782,20.382784
2034-01-31 00:00:00+00:00,28.03019,36.025097,21.334005
2034-02-01 00:00:00+00:00,28.78087,36.472374,22.535229
2034-02-02 00:00:00+00:00,29.181553,37.66964,21.83645
2034-02-03 00:00:00+00:00,29.632235,38.366917,21.537672
2034-02-04 00:00:00+00:00,30.882915,39.16419,22.488895
2034-02-05 00:00:00+00:00,30.4336,38.461464,21.790117
2034-02-06 00:00:00+00:00,31.234282,39.15874,24.141338
2034-02-07 00:00:00+00:00,31.38496,39.556015,24.09256
2034-02-08 00:00:00+00:00,31.435644,39.70329,24.34378
2034-02-09 00:00:00+00:00,30.53633,38.150566,23.245005
2034-02-10 00:00:00+00:00,31.137009,39.19784,23.696226
2034-02-11 00:00:00+00:00,31.837692,41.34511,22.397446
2034-02-12 00:00:00+00:00,32.238373,41.54239,23.74867
2034-02-13 00:00:00+00:00,30.839054,40.039665,21.999893
2034-02-14 00:00:00+00:00,31.089739,39.286938,22.651114
2034-02-15 00:00:00+00:00,30.04042,39.084213,21.652338
2034-02-16 00:00:00+00:00,29.9911,39.431488,20.10356
2034-02-17 00:00:00+00:00,31.841784,40.528763,22.254782
2034-02-18 00:00:00+00:00,32.59247,41.72604,22.806005
2034-02-19 00:00:00+00:00,35.193146,43.723312,26.657225
2034-02-20 00:00:00+00:00,35.193825,42.770584,28.208448
2034-02-21 00:00:00+00:00,33.594513,42.617863,24.05967
2034-02-22 00:00:00+00:00,33.345192,41.91514,25.16089
2034-02-23 00:00:00+00:00,32.49588,40.91241,25.112114
2034-02-24 00:00:00+00:00,32.946556,41.359688,24.763334
2034-02-25 00:00:00+00:00,32.947235,41.956963,24.214558
2034-02-26 00:00:00+00:00,32.89792,41.95423,23.66578
2034-02-27 00:00:00+00:00,32.298607,40.601505,24.567003
2034-02-28 00:00:00+00:00,31.349287,40.548782,21.268225
2034-03-01 00:00:00+00:00,31.749968,40.596054,22.069447
2034-03-02 00:00:00+00:00,33.55065,41.693333,24.77067
2034-03-03 00:00:00+00:00,33.453526,41.141956,25.273933
2034-03-04 00:00:00+00:00,32.871765,41.95001,22.841497
2034-03-05 00:00:00+00:00,32.840004,42.008057,23.55906
2034-03-06 00:00:00+00:00,33.50824,42.516113,23.826622
2034-03-07 00:00:00+00:00,33.72648,42.324165,24.944183
2034-03-08 00:00:00+00:00,32.894722,42.03222,24.061749
2034-03-09 00:00:00+00:00,31.862957,41.590275,21.67931
2034-03-10 00:00:00+00:00,30.081196,38.14832,22.096872
2034-03-11 00:00:00+00:00,27.149435,34.70638,19.414434
2034-03-12 00:00:00+00:00,27.81767,36.51443,18.681997
2034-03-13 00:00:00+00:00,29.335913,37.972485,19.449558
2034-03-14 00:00:00+00:00,32.55415,40.580536,23.767124
2034-03-15 00:00:00+00:00,33.572388,42.08859,23.934685
2034-03-16 00:00:00+00:00,34.140625,42.64664,24.502249
2034-03-17 00:00:00+00:00,34.658867,43.204693,25.76981
2034-03-18 00:00:00+00:00,35.027107,43.66275,26.237373
2034-03-19 00:00:00+00:00,33.79534,42.8708,23.554934
2034-03-20 00:00:00+00:00,33.66358,42.928852,23.2725
2034-03-21 00:00:00+00:00,34.081818,43.28691,24.34006
2034-03-22 00:00:00+00:00,34.300056,43.04496,25.107622
2034-03-23 00:00:00+00:00,33.868294,42.753014,24.075186
2034-03-24 00:00:00+00:00,33.486534,42.011063,24.192749
2034-03-25 00:00:00+00:00,33.80477,40.619118,26.210312
2034-03-26 00:00:00+00:00,32.12301,39.977173,24.377874
2034-03-27 00:00:00+00:00,31.99125,39.685223,23.745438
2034-03-28 00:00:00+00:00,32.159485,39.84328,23.713
2034-03-29 00:00:00+00:00,32.82773,39.701332,25.880562
2034-03-30 00:00:00+00:00,33.545967,40.459385,25.948124
2034-03-31 00:00:00+00:00,33.764206,38.51743,28.415686
2034-04-01 00:00:00+00:00,35.88244,44.325485,25.833248
2034-04-02 00:00:00+00:00,37.050682,43.58354,29.050812
2034-04-03 00:00:00+00:00,37.418915,44.1416,30.968372
2034-04-04 00:00:00+00:00,36.287155,45.599648,25.785936
2034-04-05 00:00:00+00:00,36.355396,45.207703,26.5535
2034-04-06 00:00:00+00:00,34.623634,42.315754,26.671062
2034-04-07 00:00:00+00:00,35.391876,44.023808,26.238625
2034-04-08 00:00:00+00:00,36.010113,44.18186,27.206188
2034-04-09 00:00:00+00:00,36.178352,45.289913,25.87375
2034-04-10 00:00:00+00:00,36.996586,44.997967,28.141314
2034-04-11 00:00:00+00:00,36.564823,44.30602,29.008875
2034-04-12 00:00:00+00:00,36.533066,44.86407,27.776438
2034-04-13 00:00:00+00:00,37.201298,45.972126,28.093998
2034-04-14 00:00:00+00:00,37.369537,45.530178,27.511562
2034-04-15 00:00:00+00:00,35.33778,43.73823,26.279123
2034-04-16 00:00:00+00:00,31.756016,37.94628,24.496687
2034-04-17 00:00:00+00:00,32.524258,38.904335,26.36425
2034-04-18 00:00:00+00:00,30.892494,38.01239,22.531813
2034-04-19 00:00:00+00:00,30.710732,38.37044,23.049376
2034-04-20 00:00:00+00:00,31.12897,39.528496,21.916939
2034-04-21 00:00:00+00:00,33.347206,40.636547,25.1345
2034-04-22 00:00:00+00:00,33.915447,41.9946,24.402061
2034-04-23 00:00:00+00:00,34.73369,42.752655,25.819626
2034-04-24 00:00:00+00:00,35.651924,43.810707,26.38719
2034-04-25 00:00:00+00:00,35.82016,44.368763,25.90475
2034-04-26 00:00:00+00:00,34.6884,42.576817,25.972313
2034-04-27 00:00:00+00:00,34.00664,41.784866,25.489876
2034-04-28 00:00:00+00:00,34.674873,42.642925,25.55744
2034-04-29 00:00:00+00:00,33.843117,42.050964,24.425
2034-04-30 00:00:00+00:00,33.661354,40.409023,26.692564
2034-05-01 00:00:00+00:00,31.079592,36.96708,25.610126
2034-05-02 00:00:00+00:00,32.09783,38.575127,25.777689
2034-05-03 00:00:00+00:00,33.808117,40.680233,25.437311
2034-05-04 00:00:00+00:00,35.64456,42.176476,27.773123
2034-05-05 00:00:00+00:00,36.631004,43.67272,28.00893
2034-05-06 00:00:00+00:00,37.26744,44.36896,29.09474
2034-05-07 00:00:00+00:00,37.00388,42.165207,30.480547
2034-05-08 00:00:00+00:00,37.64032,43.961452,30.066353
2034-05-09 00:00:00+00:00,36.626762,43.707703,29.052164
2034-05-10 00:00:00+00:00,31.7632,35.253944,27.93797
2034-05-11 00:00:00+00:00,27.949642,30.450188,24.97378
2034-05-12 00:00:00+00:00,33.336082,41.646435,25.859589
2034-05-13 00:00:00+00:00,36.072525,43.14268,28.945395
2034-05-14 00:00:00+00:00,38.158966,44.43892,31.581203
2034-05-15 00:00:00+00:00,38.745407,44.88517,31.867012
2034-05-16 00:00:00+00:00,38.58185,43.88141,32.50282
2034-05-17 00:00:00+00:00,38.368286,43.927654,31.68863
2034-05-18 00:00:00+00:00,37.004726,42.8239,31.274437
2034-05-19 00:00:00+00:00,35.491165,40.570145,29.660248
2034-05-20 00:00:00+00:00,32.777603,37.816387,26.846054
2034-05-21 00:00:00+00:00,32.414047,39.512634,25.781862
2034-05-22 00:00:00+00:00,35.45049,42.40888,27.617672
2034-05-23 00:00:00+00:00,38.08693,44.20512,30.50348
2034-05-24 00:00:00+00:00,38.92337,43.651367,33.139286
2034-05-25 00:00:00+00:00,37.20981,42.447613,30.725098
2034-05-26 00:00:00+00:00,36.84625,43.043858,30.610905
2034-05-27 00:00:00+00:00,35.832687,42.1901,29.346712
2034-05-28 00:00:00+00:00,33.019127,41.236347,25.832521
2034-05-29 00:00:00+00:00,31.305569,39.082592,24.31833
2034-05-30 00:00:00+00:00,31.94201,38.728836,25.354136
2034-05-31 00:00:00+00:00,31.928453,39.075077,24.189945
2034-06-01 00:00:00+00:00,32.46489,39.771328,25.275753
2034-06-02 00:00:00+00:00,34.651333,42.86757,25.211565
2034-06-03 00:00:00+00:00,36.13777,44.813812,27.24737
2034-06-04 00:00:00+00:00,34.624214,41.860054,27.083181
2034-06-05 00:00:00+00:00,31.710653,37.706303,26.868986
2034-06-06 00:00:00+00:00,33.147095,41.302547,25.604794
2034-06-07 00:00:00+00:00,32.383537,41.09879,25.490604
2034-06-08 00:00:00+00:00,31.169977,37.69503,25.676413
2034-06-09 00:00:00+00:00,30.706417,36.091278,25.06222
2034-06-10 00:00:00+00:00,30.342855,34.737526,25.698029
2034-06-11 00:00:00+00:00,30.479298,36.783768,23.433838
2034-06-12 00:00:00+00:00,31.365738,39.58001,23.569647
2034-06-13 00:00:00+00:00,31.902176,39.07626,24.055454
2034-06-14 00:00:00+00:00,32.488617,39.1725,26.741262
2034-06-15 00:00:00+00:00,33.125057,39.218746,26.727072
2034-06-16 00:00:00+00:00,32.0615,38.864986,24.862879
2034-06-17 00:00:00+00:00,30.29794,35.46124,24.498688
2034-06-18 00:00:00+00:00,33.284378,39.60748,27.534494
2034-06-19 00:00:00+00:00,33.87082,39.603725,28.770304
2034-06-20 00:00:00+00:00,31.55726,38.299965,25.506113
2034-06-21 00:00:00+00:00,29.793697,35.296215,24.541922
2034-06-22 00:00:00+00:00,29.33014,34.492462,26.377728
2034-06-23 00:00:00+00:00,30.866581,37.288704,24.863537
2034-06-24 00:00:00+00:00,32.10302,37.734947,26.949345
2034-06-25 00:00:00+00:00,31.939465,37.431194,26.485155
2034-06-26 00:00:00+00:00,32.475903,38.177437,27.120962
2034-06-27 00:00:00+00:00,31.212343,36.623676,25.80677
2034-06-28 00:00:00+00:00,30.048784,35.91993,24.14258
2034-06-29 00:00:00+00:00,30.185225,37.86617,22.478386
2034-06-30 00:00:00+00:00,30.571665,37.762413,24.014196
2034-07-01 00:00:00+00:00,30.758104,37.608658,24.050005
2034-07-02 00:00:00+00:00,29.444544,35.654903,23.235811
2034-07-03 00:00:00+00:00,30.125937,37.094925,23.616947
2034-07-04 00:00:00+00:00,31.198914,35.924572,25.79029
2034-07-05 00:00:00+00:00,30.621885,36.854218,25.263634
2034-07-06 00:00:00+00:00,30.34486,35.983868,25.786978
2034-07-07 00:00:00+00:00,29.567837,35.763508,24.260323
2034-07-08 00:00:00+00:00,30.99081,37.493153,24.183664
2034-07-09 00:00:00+00:00,31.713787,38.172806,25.657011
2034-07-10 00:00:00+00:00,31.986763,38.65245,26.030352
2034-07-11 00:00:00+00:00,31.109737,37.032104,25.153698
2034-07-12 00:00:00+00:00,30.232714,37.26175,23.727041
2034-07-13 00:00:00+00:00,29.20569,34.691395,24.100384
2034-07-14 00:00:00+00:00,27.828663,34.171043,21.87373
2034-07-15 00:00:00+00:00,27.601637,34.85069,21.247072
2034-07-16 00:00:00+00:00,28.324614,34.63034,21.870419
2034-07-17 00:00:00+00:00,29.647589,37.00998,23.19376
2034-07-18 00:00:00+00:00,28.620564,34.43963,23.517105
2034-07-19 00:00:00+00:00,28.54354,34.81928,25.040447
2034-07-20 00:00:00+00:00,29.716515,34.048923,25.013794
2034-07-21 00:00:00+00:00,27.93949,32.128574,24.487137
2034-07-22 00:00:00+00:00,29.662464,34.60822,24.86048
2034-07-23 00:00:00+00:00,31.235441,37.187866,26.083822
2034-07-24 00:00:00+00:00,30.558414,36.36751,24.857166
2034-07-25 00:00:00+00:00,30.031391,34.647156,25.380512
2034-07-26 00:00:00+00:00,30.754368,35.426807,26.203857
2034-07-27 00:00:00+00:00,28.627338,34.106453,24.8772
2034-07-28 00:00:00+00:00,28.450317,33.4361,25.100544
2034-07-29 00:00:00+00:00,28.873295,34.715748,23.123886
2034-07-30 00:00:00+00:00,27.546267,33.445396,21.99723
2034-07-31 00:00:00+00:00,27.869242,34.125042,21.620573
2034-08-01 00:00:00+00:00,27.89222,34.10469,23.143917
2034-08-02 00:00:00+00:00,27.365192,32.234337,23.31726
2034-08-03 00:00:00+00:00,26.988169,32.313984,21.490604
2034-08-04 00:00:00+00:00,27.511143,33.843628,21.013947
2034-08-05 00:00:00+00:00,27.684118,33.92327,21.637297
2034-08-06 00:00:00+00:00,28.207096,34.152924,22.160639
2034-08-07 00:00:00+00:00,27.98007,35.182575,20.483982
2034-08-08 00:00:00+00:00,27.853043,31.91222,23.007326
2034-08-09 00:00:00+00:00,27.226019,31.291866,24.380667
2034-08-10 00:00:00+00:00,29.098991,36.32151,24.054012
2034-08-11 00:00:00+00:00,29.72197,37.15116,22.827354
2034-08-12 00:00:00+00:00,29.894947,36.38081,23.8007
2034-08-13 00:00:00+00:00,29.41792,35.010452,24.724047
2034-08-14 00:00:00+00:00,29.240896,33.9901,24.847387
2034-08-15 00:00:00+00:00,30.463867,36.269753,25.620733
2034-08-16 00:00:00+00:00,30.236843,35.999393,24.444075
2034-08-17 00:00:00+00:00,30.30982,35.279045,26.767418
2034-08-18 00:00:00+00:00,29.382793,33.05869,26.340763
2034-08-19 00:00:00+00:00,28.455772,31.538338,26.064106
2034-08-20 00:00:00+00:00,27.978746,31.717987,24.487453
2034-08-21 00:00:00+00:00,28.251722,31.797634,25.760796
2034-08-22 00:00:00+00:00,29.374697,35.67728,24.884138
2034-08-23 00:00:00+00:00,31.34767,38.056923,25.707483
2034-08-24 00:00:00+00:00,30.620647,35.836575,26.280828
2034-08-25 00:00:00+00:00,31.19362,37.86622,25.30417
2034-08-26 00:00:00+00:00,32.016594,37.89587,27.027514
2034-08-27 00:00:00+00:00,30.389572,34.725513,25.95086
2034-08-28 00:00:00+00:00,30.512547,36.85516,25.474203
2034-08-29 00:00:00+00:00,32.935524,41.934803,26.197548
2034-08-30 00:00:00+00:00,30.358498,36.764458,25.67089
2034-08-31 00:00:00+00:00,31.081472,37.994102,25.594234
2034-09-01 00:00:00+00:00,31.504448,37.62375,25.817577
2034-09-02 00:00:00+00:00,32.59571,39.36518,26.410122
2034-09-03 00:00:00+00:00,32.255257,37.46841,27.37187
2034-09-04 00:00:00+00:00,31.1148,35.521633,26.633617
2034-09-05 00:00:00+00:00,30.174347,34.324856,26.595366
2034-09-06 00:00:00+00:00,30.283895,34.128082,26.057112
2034-09-07 00:00:00+00:00,29.04344,32.631306,25.31886
2034-09-08 00:00:00+00:00,30.102985,36.384533,24.280607
2034-09-09 00:00:00+00:00,31.062532,36.23776,25.692354
2034-09-10 00:00:00+00:00,30.82208,35.540985,26.404104
2034-09-11 00:00:00+00:00,30.231625,35.894207,24.915848
2034-09-12 00:00:00+00:00,32.44117,40.747433,26.5276
2034-09-13 00:00:00+00:00,30.900717,35.20066,26.139343
2034-09-14 00:00:00+00:00,30.910263,34.853878,26.951092
2034-09-15 00:00:00+00:00,30.169811,35.15711,25.612839
2034-09-16 00:00:00+00:00,29.529356,34.610332,25.724586
2034-09-17 00:00:00+00:00,27.638903,29.063557,26.286333
2034-09-18 00:00:00+00:00,27.99845,31.916779,26.19808
2034-09-19 00:00:00+00:00,29.457993,34.170006,26.30983
2034-09-20 00:00:00+00:00,30.867542,34.82323,27.721575
2034-09-21 00:00:00+00:00,30.677086,38.376453,25.583323
2034-09-22 00:00:00+00:00,29.936636,34.529682,25.745068
2034-09-23 00:00:00+00:00,27.79618,30.032906,26.556818
2034-09-24 00:00:00+00:00,28.555727,31.836128,26.718563
2034-09-25 00:00:00+00:00,29.065271,32.389355,26.480312
2034-09-26 00:00:00+00:00,30.424818,36.442577,25.442062
2034-09-27 00:00:00+00:00,28.834368,31.745808,26.553806
2034-09-28 00:00:00+00:00,27.843912,29.44903,26.565552
2034-09-29 00:00:00+00:00,30.953457,36.852253,25.677301
2034-09-30 00:00:00+00:00,27.963005,29.805477,26.539047
2034-10-01 00:00:00+00:00,28.27255,32.558704,25.350796
2034-10-02 00:00:00+00:00,29.732098,33.761932,26.162542
2034-10-03 00:00:00+00:00,29.59164,33.56515,25.82429
2034-10-04 00:00:00+00:00,31.201187,37.76838,25.78604
2034-10-05 00:00:00+00:00,32.260735,38.371605,26.297785
2034-10-06 00:00:00+00:00,31.770283,37.724827,28.309532
2034-10-07 00:00:00+00:00,31.47983,38.42805,24.771278
2034-10-08 00:00:00+00:00,31.789377,37.581276,26.483027
2034-10-09 00:00:00+00:00,31.34892,37.634502,26.344774
2034-10-10 00:00:00+00:00,31.608467,39.537727,26.65652
2034-10-11 00:00:00+00:00,31.41801,38.040955,25.818268
2034-10-12 00:00:00+00:00,32.17756,39.544178,25.530016
2034-10-13 00:00:00+00:00,32.937103,40.297398,25.641764
2034-10-14 00:00:00+00:00,33.49665,40.200626,25.25351
2034-10-15 00:00:00+00:00,27.856197,30.353851,25.965258
2034-10-16 00:00:00+00:00,29.265743,33.557076,25.577005
2034-10-17 00:00:00+00:00,28.97529,32.310303,25.28875
2034-10-18 00:00:00+00:00,29.834837,33.613525,26.2505
2034-10-19 00:00:00+00:00,30.74438,35.56675,26.512249
2034-10-20 00:00:00+00:00,32.703926,38.519974,27.573996
2034-10-21 00:00:00+00:00,31.963474,37.1732,26.33574
2034-10-22 00:00:00+00:00,31.12302,35.826424,26.647488
2034-10-23 00:00:00+00:00,31.832567,37.42965,26.959236
2034-10-24 00:00:00+00:00,33.442116,40.332874,27.120983
2034-10-25 00:00:00+00:00,33.40166,40.836098,25.88273
2034-10-26 00:00:00+00:00,33.311207,41.889324,26.04448
2034-10-27 00:00:00+00:00,32.670753,39.942547,24.406223
2034-10-28 00:00:00+00:00,30.680298,34.74577,27.567972
2034-10-29 00:00:00+00:00,30.839844,35.599,26.92972
2034-10-30 00:00:00+00:00,32.34939,39.55222,26.641466
2034-10-31 00:00:00+00:00,32.608936,41.15545,24.95321
2034-11-01 00:00:00+00:00,32.81848,41.008667,23.71496
2034-11-02 00:00:00+00:00,31.929636,40.819603,22.475813
2034-11-03 00:00:00+00:00,30.291756,35.735157,24.83613
2034-11-04 00:00:00+00:00,27.053873,28.300716,26.796446
2034-11-05 00:00:00+00:00,29.115992,34.816273,24.406761
2034-11-06 00:00:00+00:00,29.328106,35.83182,22.767078
2034-11-07 00:00:00+00:00,29.740225,37.64738,22.077396
2034-11-08 00:00:00+00:00,28.252344,36.16294,21.437712
2034-11-09 00:00:00+00:00,28.16446,33.578495,23.148026
2034-11-10 00:00:00+00:00,27.976576,33.69405,22.15834
2034-11-11 00:00:00+00:00,30.888699,37.709606,23.468658
2034-11-12 00:00:00+00:00,33.450813,40.375164,27.328972
2034-11-13 00:00:00+00:00,32.21293,38.74072,26.089289
2034-11-14 00:00:00+00:00,31.92505,37.456276,26.249603
2034-11-15 00:00:00+00:00,31.987167,36.621834,27.25992
2034-11-16 00:00:00+00:00,32.249283,37.08739,27.420237
2034-11-17 00:00:00+00:00,33.711403,40.302944,27.98055
2034-11-18 00:00:00+00:00,31.42352,39.218502,24.240866
2034-11-19 00:00:00+00:00,31.63564,38.68406,24.851183
2034-11-20 00:00:00+00:00,31.597754,37.84961,25.861498
2034-11-21 00:00:00+00:00,32.55987,39.515167,25.821815
2034-11-22 00:00:00+00:00,32.92199,40.43073,25.38213
2034-11-23 00:00:00+00:00,31.484106,39.59628,24.292446
2034-11-24 00:00:00+00:00,30.696226,38.361835,23.652761
2034-11-25 00:00:00+00:00,32.458344,39.42739,25.11308
2034-11-26 00:00:00+00:00,32.270462,39.09295,25.273396
2034-11-27 00:00:00+00:00,30.932577,38.258507,24.13371
2034-11-28 00:00:00+00:00,29.144695,37.47406,20.544025
2034-11-29 00:00:00+00:00,29.856813,37.689617,22.60434
2034-11-30 00:00:00+00:00,30.26893,38.00517,22.06466
2034-12-01 00:00:00+00:00,30.731049,38.02073,24.724972
2034-12-02 00:00:00+00:00,29.393166,36.186283,23.83529
2034-12-03 00:00:00+00:00,28.355284,35.70184,22.395603
2034-12-04 00:00:00+00:00,28.117401,35.8674,20.85592
2034-12-05 00:00:00+00:00,28.579521,36.482952,20.816236
2034-12-06 00:00:00+00:00,28.491638,35.798504,21.27655
2034-12-07 00:00:00+00:00,28.153755,35.014065,22.186869
2034-12-08 00:00:00+00:00,27.615873,32.679626,22.897184
2034-12-09 00:00:00+00:00,26.77799,33.795177,20.4575
2034-12-10 00:00:00+00:00,27.090107,31.76073,22.417814
2034-12-11 00:00:00+00:00,25.952223,30.47629,22.278133
2034-12-12 00:00:00+00:00,25.314342,31.641846,19.788448
2034-12-13 00:00:00+00:00,28.62646,36.207397,21.298763
2034-12-14 00:00:00+00:00,30.28858,36.972958,24.35908
2034-12-15 00:00:00+00:00,30.650694,36.88852,25.119394
2034-12-16 00:00:00+00:00,29.162811,36.65407,21.929708
2034-12-17 00:00:00+00:00,28.824932,36.119625,22.040026
2034-12-18 00:00:00+00:00,28.63705,35.635185,21.850344
2034-12-19 00:00:00+00:00,28.249166,35.400738,20.860657
2034-12-20 00:00:00+00:00,27.861284,35.266293,21.170973
2034-12-21 00:00:00+00:00,27.2234,34.581852,20.881292
2034-12-22 00:00:00+00:00,26.38552,34.447407,19.041605
2034-12-23 00:00:00+00:00,27.047636,35.812965,18.801922
2034-12-24 00:00:00+00:00,28.309755,36.578518,21.962236
2034-12-25 00:00:00+00:00,29.47187,36.944077,22.772552
2034-12-26 00:00:00+00:00,28.18399,34.65963,22.732868
2034-12-27 00:00:00+00:00,24.94611,31.075188,20.393183
2034-12-28 00:00:00+00:00,23.308226,32.140743,15.353499
2034-12-29 00:00:00+00:00,25.770342,33.1063,19.563816
2034-12-30 00:00:00+00:00,26.132462,30.971853,22.07413
2034-12-31 00:00:00+00:00,25.844578,31.137413,19.684444
2035-01-01 00:00:00+00:00,24.756697,31.852966,18.544764
2035-01-02 00:00:00+00:00,25.510237,33.304813,18.69826
2035-01-03 00:00:00+00:00,26.610918,35.05209,18.09948
2035-01-04 00:00:00+00:00,27.5616,34.89936,21.000704
2035-01-05 00:00:00+00:00,27.112284,34.246635,21.151926
2035-01-06 00:00:00+00:00,27.062963,33.79391,21.103146
2035-01-07 00:00:00+00:00,26.163649,33.44119,19.65437
2035-01-08 00:00:00+00:00,26.214329,33.138462,20.305592
2035-01-09 00:00:00+00:00,25.86501,33.135735,19.956814
2035-01-10 00:00:00+00:00,25.515694,33.88301,17.908037
2035-01-11 00:00:00+00:00,26.266378,34.880283,18.659258
2035-01-12 00:00:00+00:00,27.067057,35.527557,18.61048
2035-01-13 00:00:00+00:00,26.46774,33.024834,20.061703
2035-01-14 00:00:00+00:00,26.368422,35.07211,19.112923
2035-01-15 00:00:00+00:00,27.169104,35.669384,19.914148
2035-01-16 00:00:00+00:00,27.319786,35.76666,20.215368
2035-01-17 00:00:00+00:00,27.720469,36.763935,19.51659
2035-01-18 00:00:00+00:00,26.021149,34.311207,18.567814
2035-01-19 00:00:00+00:00,27.021832,34.908478,18.769035
2035-01-20 00:00:00+00:00,27.622517,35.505756,19.770258
2035-01-21 00:00:00+00:00,28.773197,38.10303,19.22148
2035-01-22 00:00:00+00:00,29.873878,37.75031,22.6227
2035-01-23 00:00:00+00:00,30.17456,37.99758,23.123924
2035-01-24 00:00:00+00:00,27.975243,34.794857,21.325144
2035-01-25 00:00:00+00:00,28.025925,34.442127,22.126366
2035-01-26 00:00:00+00:00,24.876606,29.539402,20.677591
2035-01-27 00:00:00+00:00,24.32729,32.03668,17.178812
2035-01-28 00:00:00+00:00,24.027971,31.78395,16.180033
2035-01-29 00:00:00+00:00,23.678652,31.981228,15.631256
2035-01-30 00:00:00+00:00,24.579336,32.078506,17.28248
2035-01-31 00:00:00+00:00,24.580017,30.375774,19.1337
2035-02-01 00:00:00+00:00,25.530699,33.37305,17.634922
2035-02-02 00:00:00+00:00,27.931381,33.870327,22.786146
2035-02-03 00:00:00+00:00,29.232065,36.767597,22.337366
2035-02-04 00:00:00+00:00,30.082747,37.064873,21.98859
2035-02-05 00:00:00+00:00,30.983427,38.412144,23.93981
2035-02-06 00:00:00+00:00,31.88411,40.05942,24.441034
2035-02-07 00:00:00+00:00,30.88479,39.156696,23.292255
2035-02-08 00:00:00+00:00,29.685472,37.30397,22.093475
2035-02-09 00:00:00+00:00,29.886156,37.70125,21.2947
2035-02-10 00:00:00+00:00,30.086838,37.698524,21.94592
2035-02-11 00:00:00+00:00,31.637518,38.545795,24.597143
2035-02-12 00:00:00+00:00,32.238205,38.19307,27.648367
2035-02-13 00:00:00+00:00,31.738884,37.640343,26.899588
2035-02-14 00:00:00+00:00,31.039568,39.13762,23.90081
2035-02-15 00:00:00+00:00,30.240248,39.484894,21.502033
2035-02-16 00:00:00+00:00,32.59093,41.38217,23.103254
2035-02-17 00:00:00+00:00,32.591614,39.729446,26.754477
2035-02-18 00:00:00+00:00,31.242292,38.47672,24.3057
2035-02-19 00:00:00+00:00,32.09298,39.723995,25.05692
2035-02-20 00:00:00+00:00,31.143658,40.021267,21.058144
2035-02-21 00:00:00+00:00,32.794342,40.36854,25.859365
2035-02-22 00:00:00+00:00,32.64502,39.615818,26.360588
2035-02-23 00:00:00+00:00,30.845707,39.413094,20.861809
2035-02-24 00:00:00+00:00,31.94639,40.610363,22.263031
2035-02-25 00:00:00+00:00,32.247066,39.20764,25.664251
2035-02-26 00:00:00+00:00,30.197752,37.65492,22.365477
2035-02-27 00:00:00+00:00,29.598434,37.25219,22.016697
2035-02-28 00:00:00+00:00,29.849117,37.499462,22.41792
2035-03-01 00:00:00+00:00,29.999798,37.546738,22.619144
2035-03-02 00:00:00+00:00,29.55048,37.694016,21.17036
2035-03-03 00:00:00+00:00,29.701162,38.191288,21.521585
2035-03-04 00:00:00+00:00,30.167206,37.847992,23.337107
2035-03-05 00:00:00+00:00,29.535444,37.106045,22.604668
2035-03-06 00:00:00+00:00,29.053684,36.1641,22.322231
2035-03-07 00:00:00+00:00,28.371922,35.522152,21.339792
2035-03-08 00:00:00+00:00,27.490158,34.480206,20.857353
2035-03-09 00:00:00+00:00,27.758398,35.888256,19.374918
2035-03-10 00:00:00+00:00,29.276636,38.49631,19.542479
2035-03-11 00:00:00+00:00,30.544874,39.504364,20.810045
2035-03-12 00:00:00+00:00,31.91311,40.31242,23.477606
2035-03-13 00:00:00+00:00,32.531353,40.770473,23.94517
2035-03-14 00:00:00+00:00,33.099586,40.528526,25.262732
2035-03-15 00:00:00+00:00,31.967827,38.48658,25.580294
2035-03-16 00:00:00+00:00,30.236067,37.84463,22.747858
2035-03-17 00:00:00+00:00,30.604305,38.60268,22.765419
2035-03-18 00:00:00+00:00,31.472544,39.010735,24.532982
2035-03-19 00:00:00+00:00,32.44078,40.46879,25.200542
2035-03-20 00:00:00+00:00,32.80902,41.77684,23.368109
2035-03-21 00:00:00+00:00,32.87726,40.834896,24.985668
2035-03-22 00:00:00+00:00,32.795498,40.442947,25.803232
2035-03-23 00:00:00+00:00,32.713734,40.400997,25.770794
2035-03-24 00:00:00+00:00,32.48197,40.80906,24.388357
2035-03-25 00:00:00+00:00,32.750214,41.467106,23.50592
2035-03-26 00:00:00+00:00,32.76845,40.87516,24.173483
2035-03-27 00:00:00+00:00,32.38669,40.48321,24.191046
2035-03-28 00:00:00+00:00,31.404928,41.24126,20.208607
2035-03-29 00:00:00+00:00,33.02317,41.749313,23.72617
2035-03-30 00:00:00+00:00,33.691402,41.50737,25.493732
2035-03-31 00:00:00+00:00,33.659645,40.015423,28.261293
2035-04-01 00:00:00+00:00,32.277878,39.87348,25.178856
2035-04-02 00:00:00+00:00,32.94612,41.13153,25.29642
2035-04-03 00:00:00+00:00,33.66436,41.239582,26.213982
2035-04-04 00:00:00+00:00,31.332598,38.347633,22.381546
2035-04-05 00:00:00+00:00,32.350838,39.855686,23.499107
2035-04-06 00:00:00+00:00,34.069073,40.213745,27.416672
2035-04-07 00:00:00+00:00,35.487312,42.471798,27.034233
2035-04-08 00:00:00+00:00,36.35555,43.129845,29.701797
2035-04-09 00:00:00+00:00,35.373787,42.5879,27.16936
2035-04-10 00:00:00+00:00,35.642025,43.045956,28.28692
2035-04-11 00:00:00+00:00,32.210266,40.454006,24.354483
2035-04-12 00:00:00+00:00,30.478504,39.412056,21.922047
2035-04-13 00:00:00+00:00,30.396742,38.870113,21.889608
2035-04-14 00:00:00+00:00,32.31498,40.628162,23.40717
2035-04-15 00:00:00+00:00,33.13322,41.486217,23.874735
2035-04-16 00:00:00+00:00,32.451454,40.394268,23.492298
2035-04-17 00:00:00+00:00,31.819696,40.002323,22.409859
2035-04-18 00:00:00+00:00,33.487934,43.110374,22.72742
2035-04-19 00:00:00+00:00,35.35617,43.66843,26.644985
2035-04-20 00:00:00+00:00,35.62441,43.526485,26.462547
2035-04-21 00:00:00+00:00,34.842648,44.23453,25.18011
2035-04-22 00:00:00+00:00,32.86089,40.992584,24.647673
2035-04-23 00:00:00+00:00,32.079124,40.100643,24.215235
2035-04-24 00:00:00+00:00,29.047365,37.308697,20.682796
2035-04-25 00:00:00+00:00,28.015602,35.966747,20.550362
2035-04-26 00:00:00+00:00,29.283842,39.674805,18.917923
2035-04-27 00:00:00+00:00,31.25208,40.48285,20.835484
2035-04-28 00:00:00+00:00,30.570318,39.84091,21.403046
2035-04-29 00:00:00+00:00,33.938557,43.64896,22.27061
2035-04-30 00:00:00+00:00,36.056793,44.507008,26.888172
2035-05-01 00:00:00+00:00,35.37503,42.615067,26.955734
2035-05-02 00:00:00+00:00,33.79327,40.023113,26.623299
2035-05-03 00:00:00+00:00,33.01151,41.28117,25.390862
2035-05-04 00:00:00+00:00,30.69795,39.977413,21.876669
2035-05-05 00:00:00+00:00,29.434391,37.87366,20.662477
2035-05-06 00:00:00+00:00,27.970829,37.619907,18.998285
2035-05-07 00:00:00+00:00,28.25727,38.96615,18.584097
2035-05-08 00:00:00+00:00,27.59371,35.412395,19.1199
2035-05-09 00:00:00+00:00,26.530153,34.708637,19.00571
2035-05-10 00:00:00+00:00,26.916594,35.354885,18.691519
2035-05-11 00:00:00+00:00,28.353031,37.35113,19.827328
2035-05-12 00:00:00+00:00,30.639471,40.447376,21.363136
2035-05-13 00:00:00+00:00,33.375916,42.243614,23.698944
2035-05-14 00:00:00+00:00,33.662354,41.439857,25.684752
2035-05-15 00:00:00+00:00,34.098793,41.836105,26.57056
2035-05-16 00:00:00+00:00,35.085236,42.18235,28.056366
2035-05-17 00:00:00+00:00,33.321674,39.77859,26.092178
2035-05-18 00:00:00+00:00,31.258116,40.024837,23.577984
2035-05-19 00:00:00+00:00,33.694557,41.921085,24.663794
2035-05-20 00:00:00+00:00,33.181,40.667324,24.949602
2035-05-21 00:00:00+00:00,32.967438,41.463573,24.335411
2035-05-22 00:00:00+00:00,33.153877,42.05982,23.62122
2035-05-23 00:00:00+00:00,36.790318,43.556065,28.957027
2035-05-24 00:00:00+00:00,35.676758,42.752304,27.792833
2035-05-25 00:00:00+00:00,34.363197,40.64855,28.078646
2035-05-26 00:00:00+00:00,32.89964,39.194798,25.264452
2035-05-27 00:00:00+00:00,31.936077,38.291042,25.300262
2035-05-28 00:00:00+00:00,31.872522,40.137283,23.636066
2035-05-29 00:00:00+00:00,33.90896,43.433525,23.621876
2035-05-30 00:00:00+00:00,34.4454,43.279774,24.657684
2035-05-31 00:00:00+00:00,31.681843,37.826015,25.393494
2035-06-01 00:00:00+00:00,31.368279,41.67226,23.229301
2035-06-02 00:00:00+00:00,29.704723,35.26851,23.965115
2035-06-03 00:00:00+00:00,29.741163,35.814754,23.60092
2035-06-04 00:00:00+00:00,30.877602,37.660995,23.736729
2035-06-05 00:00:00+00:00,32.014046,38.60724,24.722534
2035-06-06 00:00:00+00:00,33.600487,40.40348,26.008343
2035-06-07 00:00:00+00:00,33.486923,41.59973,25.544151
2035-06-08 00:00:00+00:00,36.073364,43.845974,27.879963
2035-06-09 00:00:00+00:00,35.409805,43.292217,27.115768
2035-06-10 00:00:00+00:00,32.946247,37.638462,29.151577
2035-06-11 00:00:00+00:00,31.432686,37.58471,25.687384
2035-06-12 00:00:00+00:00,33.719124,40.230953,26.923193
2035-06-13 00:00:00+00:00,33.05557,39.077194,27.359001
2035-06-14 00:00:00+00:00,35.292007,43.42344,27.394808
2035-06-15 00:00:00+00:00,35.37845,42.769688,28.180618
2035-06-16 00:00:00+00:00,32.314888,35.76593,27.966427
2035-06-17 00:00:00+00:00,31.651325,36.712173,26.802235
2035-06-18 00:00:00+00:00,33.28777,40.558422,26.588043
2035-06-19 00:00:00+00:00,30.82421,36.504665,24.773851
2035-06-20 00:00:00+00:00,33.51065,39.550907,27.159662
2035-06-21 00:00:00+00:00,33.897087,39.89715,28.495468
2035-06-22 00:00:00+00:00,34.03353,40.8934,26.681278
2035-06-23 00:00:00+00:00,35.019974,41.139637,29.467085
2035-06-24 00:00:00+00:00,33.406414,39.985886,26.952892
2035-06-25 00:00:00+00:00,33.792854,40.532127,27.038702
2035-06-26 00:00:00+00:00,31.229294,33.378376,29.374512
2035-06-27 00:00:00+00:00,31.415731,37.174618,26.46032
2035-06-28 00:00:00+00:00,32.95217,39.920864,25.946125
2035-06-29 00:00:00+00:00,31.638615,37.867107,25.231936
2035-06-30 00:00:00+00:00,30.375055,35.413353,24.267742
2035-07-01 00:00:00+00:00,30.211493,34.409603,26.103552
2035-07-02 00:00:00+00:00,31.197935,36.755844,25.939362
2035-07-03 00:00:00+00:00,31.082691,37.20001,25.323612
2035-07-04 00:00:00+00:00,32.605667,40.229664,25.746954
2035-07-05 00:00:00+00:00,32.47864,39.60931,26.520298
2035-07-06 00:00:00+00:00,31.901619,38.238953,25.74364
2035-07-07 00:00:00+00:00,31.924593,37.4686,27.416986
2035-07-08 00:00:00+00:00,32.54757,38.14825,27.09033
2035-07-09 00:00:00+00:00,31.820543,36.727894,27.613674
2035-07-10 00:00:00+00:00,29.54352,33.90754,24.937017
2035-07-11 00:00:00+00:00,27.066494,27.93719,25.81036
2035-07-12 00:00:00+00:00,28.23947,30.466837,25.833708
2035-07-13 00:00:00+00:00,29.412443,33.646484,26.107048
2035-07-14 00:00:00+00:00,28.985418,31.626127,26.33039
2035-07-15 00:00:00+00:00,28.258394,31.155779,25.953737
2035-07-16 00:00:00+00:00,28.63137,30.835424,26.177082
2035-07-17 00:00:00+00:00,30.004345,34.765068,26.200424
2035-07-18 00:00:00+00:00,31.37732,37.044716,26.62377
2035-07-19 00:00:00+00:00,30.850296,35.824368,26.647112
2035-07-20 00:00:00+00:00,30.423271,33.804012,27.270456
2035-07-21 00:00:00+00:00,31.296244,35.583656,26.643797
2035-07-22 00:00:00+00:00,31.66922,35.163303,27.917145
2035-07-23 00:00:00+00:00,31.142197,35.242954,28.14049
2035-07-24 00:00:00+00:00,29.81517,34.3226,26.513832
2035-07-25 00:00:00+00:00,28.038147,32.75225,25.637175
2035-07-26 00:00:00+00:00,29.061123,32.231895,25.760519
2035-07-27 00:00:00+00:00,27.484097,28.61154,26.483864
2035-07-28 00:00:00+00:00,29.507072,33.69119,26.157207
2035-07-29 00:00:00+00:00,31.18005,36.37084,26.580553
2035-07-30 00:00:00+00:00,28.853024,30.100481,27.603893
2035-07-31 00:00:00+00:00,26.725998,28.78013,25.17724
2035-08-01 00:00:00+00:00,28.398972,32.05978,24.400583
2035-08-02 00:00:00+00:00,30.02195,35.089428,25.573925
2035-08-03 00:00:00+00:00,29.244926,33.46907,25.89727
2035-08-04 00:00:00+00:00,28.867899,32.398716,25.820616
2035-08-05 00:00:00+00:00,28.440876,31.828365,26.043959
2035-08-06 00:00:00+00:00,28.113852,31.758015,25.767302
2035-08-07 00:00:00+00:00,26.786825,28.787659,25.540648
2035-08-08 00:00:00+00:00,26.1598,27.617308,25.16399
2035-08-09 00:00:00+00:00,26.932775,29.996956,24.287334
2035-08-10 00:00:00+00:00,26.905748,28.826601,24.910679
2035-08-11 00:00:00+00:00,28.028728,31.20625,24.784023
2035-08-12 00:00:00+00:00,28.401701,32.235893,24.757366
2035-08-13 00:00:00+00:00,26.774677,28.365547,25.230707
2035-08-14 00:00:00+00:00,27.047651,29.69519,25.504055
2035-08-15 00:00:00+00:00,28.320627,31.574837,25.177399
2035-08-16 00:00:00+00:00,29.143602,32.854485,26.00074
2035-08-17 00:00:00+00:00,28.616577,32.03413,26.274086
2035-08-18 00:00:00+00:00,28.389551,32.613777,25.147427
2035-08-19 00:00:00+00:00,27.662525,30.843426,25.120773
2035-08-20 00:00:00+00:00,27.735502,31.423073,23.794115
2035-08-21 00:00:00+00:00,28.00848,31.55272,25.867462
2035-08-22 00:00:00+00:00,28.28145,32.032364,24.940804
2035-08-23 00:00:00+00:00,27.854427,32.762016,23.31415
2035-08-24 00:00:00+00:00,28.327402,33.141663,24.287493
2035-08-25 00:00:00+00:00,27.900381,30.77131,25.010836
2035-08-26 00:00:00+00:00,28.673353,33.600956,24.98418
2035-08-27 00:00:00+00:00,28.59633,33.6306,24.207523
2035-08-28 00:00:00+00:00,28.019302,31.760246,24.480865
2035-08-29 00:00:00+00:00,26.59228,28.839897,25.054213
2035-08-30 00:00:00+00:00,27.315254,31.019547,24.677555
2035-08-31 00:00:00+00:00,26.838228,29.14919,25.000898
2035-09-01 00:00:00+00:00,25.511204,26.428835,24.974243
2035-09-02 00:00:00+00:00,27.193325,30.214378,24.907188
2035-09-03 00:00:00+00:00,27.602869,30.367601,25.218935
2035-09-04 00:00:00+00:00,26.612413,29.670832,24.530682
2035-09-05 00:00:00+00:00,27.07196,31.174057,24.242428
2035-09-06 00:00:00+00:00,27.931507,31.42728,25.004175
2035-09-07 00:00:00+00:00,27.991056,31.1305,25.415924
2035-09-08 00:00:00+00:00,27.0006,29.083729,25.87767
2035-09-09 00:00:00+00:00,27.710148,31.036953,25.839418
2035-09-10 00:00:00+00:00,27.019693,29.140177,26.001167
2035-09-11 00:00:00+00:00,25.579237,25.943403,25.562914
2035-09-12 00:00:00+00:00,26.188784,28.646627,25.174662
2035-09-13 00:00:00+00:00,27.64833,31.799854,24.03641
2035-09-14 00:00:00+00:00,28.10788,31.253078,25.048155
2035-09-15 00:00:00+00:00,28.317425,32.0563,25.409903
2035-09-16 00:00:00+00:00,27.876972,30.959526,25.22165
2035-09-17 00:00:00+00:00,26.536516,29.012753,24.733397
2035-09-18 00:00:00+00:00,27.89606,31.965977,24.295145
2035-09-19 00:00:00+00:00,27.705608,30.069202,25.60689
2035-09-20 00:00:00+00:00,26.915157,29.122425,25.168638
2035-09-21 00:00:00+00:00,27.724703,30.52565,25.380386
2035-09-22 00:00:00+00:00,28.134249,31.578873,25.992132
2035-09-23 00:00:00+00:00,28.493792,31.2821,26.30388
2035-09-24 00:00:00+00:00,28.15334,31.235325,25.115627
2035-09-25 00:00:00+00:00,28.262884,31.338547,25.827375
2035-09-26 00:00:00+00:00,30.422434,37.041775,25.439123
2035-09-27 00:00:00+00:00,29.031975,33.594997,25.95087
2035-09-28 00:00:00+00:00,26.391523,26.898224,25.86262
2035-09-29 00:00:00+00:00,27.051071,29.801449,24.974365
2035-09-30 00:00:00+00:00,29.060617,33.354675,25.23611
2035-10-01 00:00:00+00:00,30.120163,36.257896,25.39786
2035-10-02 00:00:00+00:00,29.329708,33.111122,27.059607
2035-10-03 00:00:00+00:00,29.789257,35.614346,26.171354
2035-10-04 00:00:00+00:00,28.898802,34.31757,25.883099
2035-10-05 00:00:00+00:00,30.108349,35.270798,25.044847
2035-10-06 00:00:00+00:00,28.217896,30.974018,25.506596
2035-10-07 00:00:00+00:00,29.37744,34.22724,24.468344
2035-10-08 00:00:00+00:00,30.736986,37.38047,24.780088
2035-10-09 00:00:00+00:00,31.996534,39.133694,25.991838
2035-10-10 00:00:00+00:00,32.10608,40.886917,23.653585
2035-10-11 00:00:00+00:00,30.965628,38.440144,23.965332
2035-10-12 00:00:00+00:00,30.17517,36.943367,25.427078
2035-10-13 00:00:00+00:00,31.484716,38.796593,25.538826
2035-10-14 00:00:00+00:00,31.294266,37.34982,25.500572
2035-10-15 00:00:00+00:00,29.953812,34.853043,25.86232
2035-10-16 00:00:00+00:00,29.813356,36.306267,26.174068
2035-10-17 00:00:00+00:00,31.772903,39.259495,25.535814
2035-10-18 00:00:00+00:00,32.98245,41.212715,25.847563
2035-10-19 00:00:00+00:00,32.191994,40.21594,24.85931
2035-10-20 00:00:00+00:00,31.801542,39.86917,24.371058
2035-10-21 00:00:00+00:00,32.56109,41.47239,23.732805
2035-10-22 00:00:00+00:00,32.670635,40.925617,24.644552
2035-10-23 00:00:00+00:00,33.28018,39.47884,26.5563
2035-10-24 00:00:00+00:00,30.689728,36.682068,26.168047
2035-10-25 00:00:00+00:00,29.79927,33.73529,26.029795
2035-10-26 00:00:00+00:00,27.50882,29.788519,25.241543
2035-10-27 00:00:00+00:00,28.318365,31.941742,24.653288
2035-10-28 00:00:00+00:00,29.727911,37.29496,25.365038
2035-10-29 00:00:00+00:00,32.53746,39.99819,25.126783
2035-10-30 00:00:00+00:00,31.447004,37.95142,25.68853
2035-10-31 00:00:00+00:00,33.106552,40.304638,26.550278
2035-11-01 00:00:00+00:00,32.516098,38.707867,26.112028
2035-11-02 00:00:00+00:00,33.326607,39.815712,26.823235
2035-11-03 00:00:00+00:00,33.68872,40.581264,26.833551
2035-11-04 00:00:00+00:00,33.60084,40.896828,25.843866
2035-11-05 00:00:00+00:00,33.31296,41.36238,24.704184
2035-11-06 00:00:00+00:00,32.625076,41.327938,23.364498
2035-11-07 00:00:00+00:00,31.787197,40.34349,23.074814
2035-11-08 00:00:00+00:00,31.149313,39.85905,21.63513
2035-11-09 00:00:00+00:00,31.361431,40.074608,21.845448
2035-11-10 00:00:00+00:00,31.27355,39.94016,23.255762
2035-11-11 00:00:00+00:00,30.335667,39.70572,21.766077
2035-11-12 00:00:00+00:00,30.697783,39.421272,22.176392
2035-11-13 00:00:00+00:00,30.3099,38.63683,21.98671
2035-11-14 00:00:00+00:00,30.472017,38.90239,22.047026
2035-11-15 00:00:00+00:00,29.584135,38.767937,19.35734
2035-11-16 00:00:00+00:00,29.946255,37.5335,22.667656
2035-11-17 00:00:00+00:00,29.05837,36.549057,21.927975
2035-11-18 00:00:00+00:00,28.67049,36.414608,20.988287
2035-11-19 00:00:00+00:00,28.682608,37.13017,19.898603
2035-11-20 00:00:00+00:00,29.044725,37.245728,21.358921
2035-11-21 00:00:00+00:00,28.606842,36.06128,21.169233
2035-11-22 00:00:00+00:00,28.068962,36.676834,19.37955
2035-11-23 00:00:00+00:00,27.83108,36.242393,19.28987
2035-11-24 00:00:00+00:00,28.443195,35.95795,20.900183
2035-11-25 00:00:00+00:00,29.405313,37.5735,21.5105
2035-11-26 00:00:00+00:00,29.717434,38.03906,20.770815
2035-11-27 00:00:00+00:00,29.979548,38.50462,22.03113
2035-11-28 00:00:00+00:00,30.591665,39.620174,21.841446
2035-11-29 00:00:00+00:00,31.403784,39.43573,23.801762
2035-11-30 00:00:00+00:00,33.4159,38.851288,28.462078
2035-12-01 00:00:00+00:00,33.128017,39.766838,26.672394
2035-12-02 00:00:00+00:00,31.790138,37.082397,27.132711
2035-12-03 00:00:00+00:00,31.802254,39.847954,22.993025
2035-12-04 00:00:00+00:00,29.514374,37.863506,20.80334
2035-12-05 00:00:00+00:00,29.67649,37.479065,22.613657
2035-12-06 00:00:00+00:00,30.288607,37.29462,24.573973
2035-12-07 00:00:00+00:00,29.900724,35.910183,24.384289
2035-12-08 00:00:00+00:00,28.662842,35.325733,22.844604
2035-12-09 00:00:00+00:00,27.324959,34.29129,21.40492
2035-12-10 00:00:00+00:00,28.287075,35.956844,22.415236
2035-12-11 00:00:00+00:00,28.549194,36.7224,20.025553
2035-12-12 00:00:00+00:00,28.661312,36.487957,21.135868
2035-12-13 00:00:00+00:00,28.123428,35.653515,20.696184
2035-12-14 00:00:00+00:00,27.485552,35.06907,20.306501
2035-12-15 00:00:00+00:00,27.497665,34.634624,21.166815
2035-12-16 00:00:00+00:00,26.859783,33.650185,20.677132
2035-12-17 00:00:00+00:00,25.4719,32.515736,19.587448
2035-12-18 00:00:00+00:00,25.58402,33.68129,18.247763
2035-12-19 00:00:00+00:00,26.396137,34.29685,19.35808
2035-12-20 00:00:00+00:00,26.008253,33.562405,19.168394
2035-12-21 00:00:00+00:00,24.870373,31.527962,18.628712
2035-12-22 00:00:00+00:00,25.082489,30.543514,20.089025
2035-12-23 00:00:00+00:00,25.094608,31.459076,19.799343
2035-12-24 00:00:00+00:00,24.756725,32.524628,17.709658
2035-12-25 00:00:00+00:00,25.468842,32.490185,19.769974
2035-12-26 00:00:00+00:00,23.980957,31.255745,17.530289
2035-12-27 00:00:00+00:00,23.793077,30.921297,17.590607
2035-12-28 00:00:00+00:00,24.105196,31.786858,17.750921
2035-12-29 00:00:00+00:00,25.117311,32.80241,18.661236
2035-12-30 00:00:00+00:00,25.12943,32.167965,19.271551
2035-12-31 00:00:00+00:00,25.44155,32.383522,17.581867
2036-01-01 00:00:00+00:00,26.053665,34.099083,19.092184
2036-01-02 00:00:00+00:00,27.610065,35.705494,20.847954
2036-01-03 00:00:00+00:00,27.610746,35.10277,21.549173
2036-01-04 00:00:00+00:00,27.16143,35.200043,20.150398
2036-01-05 00:00:00+00:00,26.56211,34.04732,20.651619
2036-01-06 00:00:00+00:00,26.012794,34.294594,18.752844
2036-01-07 00:00:00+00:00,25.913477,33.64187,19.104063
2036-01-08 00:00:00+00:00,25.464157,32.839146,19.355284
2036-01-09 00:00:00+00:00,22.864838,28.936417,17.856508
2036-01-10 00:00:00+00:00,22.115522,29.38369,16.30773
2036-01-11 00:00:00+00:00,22.116205,29.780962,15.658952
2036-01-12 00:00:00+00:00,22.416887,28.878239,16.660175
2036-01-13 00:00:00+00:00,22.46757,29.175514,16.561396
2036-01-14 00:00:00+00:00,23.11825,30.772787,16.612617
2036-01-15 00:00:00+00:00,24.318933,32.670067,17.01384
2036-01-16 00:00:00+00:00,25.719616,33.817337,18.715063
2036-01-17 00:00:00+00:00,26.320297,34.264614,19.316286
2036-01-18 00:00:00+00:00,26.370977,33.961887,20.167507
2036-01-19 00:00:00+00:00,25.97166,33.15916,19.91873
2036-01-20 00:00:00+00:00,25.272345,32.356438,19.269953
2036-01-21 00:00:00+00:00,24.673025,33.353714,17.121172
2036-01-22 00:00:00+00:00,25.723707,34.600986,17.472395
2036-01-23 00:00:00+00:00,27.42439,36.448257,18.973618
2036-01-24 00:00:00+00:00,27.72507,36.395535,19.874838
2036-01-25 00:00:00+00:00,27.325754,35.792812,19.776062
2036-01-26 00:00:00+00:00,26.676435,34.990086,19.627285
2036-01-27 00:00:00+00:00,26.37712,34.53736,19.078506
2036-01-28 00:00:00+00:00,26.4778,35.434635,18.379726
2036-01-29 00:00:00+00:00,27.228481,35.681904,18.98095
2036-01-30 00:00:00+00:00,27.079163,35.62918,18.282173
2036-01-31 00:00:00+00:00,27.079845,35.376457,18.583395
2036-02-01 00:00:00+00:00,27.43053,36.173733,18.484615
2036-02-02 00:00:00+00:00,27.581211,36.371006,18.685839
2036-02-03 00:00:00+00:00,27.631893,35.918278,19.787064
2036-02-04 00:00:00+00:00,27.882576,35.415554,21.038284
2036-02-05 00:00:00+00:00,27.433256,34.562828,21.039505
2036-02-06 00:00:00+00:00,26.933939,34.360104,20.340729
2036-02-07 00:00:00+00:00,26.684622,34.157375,20.191948
2036-02-08 00:00:00+00:00,26.185305,34.40465,18.393171
2036-02-09 00:00:00+00:00,26.935984,35.80193,18.644392
2036-02-10 00:00:00+00:00,28.136667,37.699203,18.145615
2036-02-11 00:00:00+00:00,28.68735,38.096478,18.696838
2036-02-12 00:00:00+00:00,30.638035,38.693752,22.248058
2036-02-13 00:00:00+00:00,30.438713,39.44103,20.449282
2036-02-14 00:00:00+00:00,31.089397,38.4383,24.400505
2036-02-15 00:00:00+00:00,29.89008,36.285576,23.551727
2036-02-16 00:00:00+00:00,27.440762,33.08285,22.052948
2036-02-17 00:00:00+00:00,25.791443,32.980125,19.304173
2036-02-18 00:00:00+00:00,25.192125,33.2774,17.75539
2036-02-19 00:00:00+00:00,24.942808,32.574673,18.456617
2036-02-20 00:00:00+00:00,25.64349,33.62195,18.907835
2036-02-21 00:00:00+00:00,26.094173,34.669228,18.10906
2036-02-22 00:00:00+00:00,27.144852,35.966496,18.51028
2036-02-23 00:00:00+00:00,27.795536,36.313774,18.6615
2036-02-24 00:00:00+00:00,29.446218,38.361046,20.812727
2036-02-25 00:00:00+00:00,29.896898,38.208324,22.263945
2036-02-26 00:00:00+00:00,28.497581,36.205597,21.415169
2036-02-27 00:00:00+00:00,26.798265,34.702873,19.716393
2036-02-28 00:00:00+00:00,26.948946,35.65015,18.967615
2036-02-29 00:00:00+00:00,26.949627,35.64742,18.968838
2036-03-01 00:00:00+00:00,27.650307,35.8947,19.820059
2036-03-02 00:00:00+00:00,28.050993,36.24197,19.721281
2036-03-03 00:00:00+00:00,28.512648,36.645985,21.232716
2036-03-04 00:00:00+00:00,28.330885,37.254032,20.050276
2036-03-05 00:00:00+00:00,30.299122,39.512085,20.767841
2036-03-06 00:00:00+00:00,32.46736,40.970142,23.585402
2036-03-07 00:00:00+00:00,32.2856,39.878193,24.552967
2036-03-08 00:00:00+00:00,31.803839,39.086243,24.820528
2036-03-09 00:00:00+00:00,31.572077,39.4443,24.63809
2036-03-10 00:00:00+00:00,31.790314,39.802353,24.355654
2036-03-11 00:00:00+00:00,31.708555,39.710403,23.773216
2036-03-12 00:00:00+00:00,31.226795,39.618458,22.79078
2036-03-13 00:00:00+00:00,30.845032,39.726513,21.90834
2036-03-14 00:00:00+00:00,30.613268,40.08456,19.625902
2036-03-15 00:00:00+00:00,31.931509,40.94262,22.193466
2036-03-16 00:00:00+00:00,32.399746,40.85067,23.661028
2036-03-17 00:00:00+00:00,31.817986,39.808723,24.228592
2036-03-18 00:00:00+00:00,30.436222,38.716778,22.446154
2036-03-19 00:00:00+00:00,30.004463,38.82483,20.713717
2036-03-20 00:00:00+00:00,29.472698,39.38288,18.631279
2036-03-21 00:00:00+00:00,31.340937,40.84094,20.74884
2036-03-22 00:00:00+00:00,32.009174,39.34899,23.066404
2036-03-23 00:00:00+00:00,33.527412,39.30704,27.633966
2036-03-24 00:00:00+00:00,33.59565,39.46509,27.85153
2036-03-25 00:00:00+00:00,31.663889,38.123146,25.169092
2036-03-26 00:00:00+00:00,30.432129,37.481194,23.486656
2036-03-27 00:00:00+00:00,30.80037,38.389256,22.854218
2036-03-28 00:00:00+00:00,31.368607,39.097305,23.771782
2036-03-29 00:00:00+00:00,31.886845,40.005356,23.539343
2036-03-30 00:00:00+00:00,31.705082,39.86341,23.306906
2036-03-31 00:00:00+00:00,31.623323,40.521458,22.374468
2036-04-01 00:00:00+00:00,32.891563,41.67952,23.49203
2036-04-02 00:00:00+00:00,32.8098,40.137573,24.759592
2036-04-03 00:00:00+00:00,32.828033,38.995625,25.077154
2036-04-04 00:00:00+00:00,30.946276,36.503677,26.694717
2036-04-05 00:00:00+00:00,31.364513,38.511726,23.412281
2036-04-06 00:00:00+00:00,33.132755,41.419785,24.629843
2036-04-07 00:00:00+00:00,33.05099,42.677837,21.697407
2036-04-08 00:00:00+00:00,33.16923,42.885883,22.21497
2036-04-09 00:00:00+00:00,33.237465,41.743942,24.582531
2036-04-10 00:00:00+00:00,34.055706,43.051994,25.050095
2036-04-11 00:00:00+00:00,34.823944,43.810043,25.267656
2036-04-12 00:00:00+00:00,33.89218,42.968098,24.185217
2036-04-13 00:00:00+00:00,32.91042,43.17615,21.452782
2036-04-14 00:00:00+00:00,33.27866,43.234203,22.870342
2036-04-15 00:00:00+00:00,32.546898,42.04226,22.437904
2036-04-16 00:00:00+00:00,28.265137,35.750313,20.65547
2036-04-17 00:00:00+00:00,29.233374,37.708363,21.773031
2036-04-18 00:00:00+00:00,30.601612,39.316414,22.340593
2036-04-19 00:00:00+00:00,32.919853,41.074467,23.608156
2036-04-20 00:00:00+00:00,34.33809,42.23252,25.72572
2036-04-21 00:00:00+00:00,35.056328,42.39057,26.993282
2036-04-22 00:00:00+00:00,35.274567,43.498627,25.810843
2036-04-23 00:00:00+00:00,35.792805,43.95668,26.328407
2036-04-24 00:00:00+00:00,36.011044,43.314735,28.045969
2036-04-25 00:00:00+00:00,35.72928,42.52279,28.513533
2036-04-26 00:00:00+00:00,35.49752,42.230843,28.431095
2036-04-27 00:00:00+00:00,33.765762,41.08889,25.248657
2036-04-28 00:00:00+00:00,35.184,41.396946,28.966219
2036-04-29 00:00:00+00:00,36.652233,43.904995,28.833784
2036-04-30 00:00:00+00:00,37.220474,43.713055,29.801346
2036-05-01 00:00:00+00:00,34.63871,41.7711,26.468906
2036-05-02 00:00:00+00:00,33.05695,40.379158,25.23647
2036-05-03 00:00:00+00:00,34.901344,42.77835,25.280216
2036-05-04 00:00:00+00:00,35.587784,43.674603,26.266026
2036-05-05 00:00:00+00:00,35.07422,43.170845,26.751835
2036-05-06 00:00:00+00:00,31.06066,39.467083,22.387642
2036-05-07 00:00:00+00:00,29.1971,37.613335,21.62345
2036-05-08 00:00:00+00:00,29.983541,38.359577,22.109259
2036-05-09 00:00:00+00:00,33.419983,41.655827,23.745066
2036-05-10 00:00:00+00:00,32.506424,38.90207,25.730875
2036-05-11 00:00:00+00:00,31.892862,41.348316,23.066683
2036-05-12 00:00:00+00:00,35.129303,44.144554,26.852491
2036-05-13 00:00:00+00:00,32.465744,39.440796,24.5383
2036-05-14 00:00:00+00:00,33.05218,38.837044,27.12411
2036-05-15 00:00:00+00:00,31.438625,36.33329,25.909916
2036-05-16 00:00:00+00:00,34.12506,42.079533,26.145723
2036-05-17 00:00:00+00:00,38.161507,46.07578,29.281532
2036-05-18 00:00:00+00:00,36.597946,44.772022,27.967342
2036-05-19 00:00:00+00:00,33.834385,39.718266,28.70315
2036-05-20 00:00:00+00:00,32.97083,38.214508,27.088957
2036-05-21 00:00:00+00:00,32.907265,38.360756,26.674767
2036-05-22 00:00:00+00:00,32.243706,37.357,26.410576
2036-05-23 00:00:00+00:00,33.03015,38.353245,28.046383
2036-05-24 00:00:00+00:00,31.56659,35.34949,27.732191
2036-05-25 00:00:00+00:00,30.303026,33.295734,27.218
2036-05-26 00:00:00+00:00,32.83947,38.64198,27.253809
2036-05-27 00:00:00+00:00,33.125908,40.88822,26.489614
2036-05-28 00:00:00+00:00,32.312355,40.384468,24.775427
2036-05-29 00:00:00+00:00,28.948792,32.23071,24.761232
2036-05-30 00:00:00+00:00,28.635227,32.376957,25.747044
2036-05-31 00:00:00+00:00,30.921673,36.0732,25.03285
2036-06-01 00:00:00+00:00,31.358112,35.369442,28.068659
2036-06-02 00:00:00+00:00,30.744555,36.065685,24.604467
2036-06-03 00:00:00+00:00,30.980993,38.211933,24.290276
2036-06-04 00:00:00+00:00,31.567432,37.908176,25.276083
2036-06-05 00:00:00+00:00,32.403877,38.104424,26.461891
2036-06-06 00:00:00+00:00,31.990314,36.300667,26.697699
2036-06-07 00:00:00+00:00,31.926758,35.396915,28.13351
2036-06-08 00:00:00+00:00,30.713194,35.143154,26.469315
2036-06-09 00:00:00+00:00,32.999634,39.239403,26.705124
2036-06-10 00:00:00+00:00,33.986076,40.585644,27.240932
2036-06-11 00:00:00+00:00,35.122517,42.381893,28.576742
2036-06-12 00:00:00+00:00,32.058956,37.978134,27.012548
2036-06-13 00:00:00+00:00,30.995398,35.77438,26.39836
2036-06-14 00:00:00+00:00,30.881836,35.92062,25.934164
2036-06-15 00:00:00+00:00,29.918278,34.216873,26.319975
2036-06-16 00:00:00+00:00,32.004715,37.963116,25.705784
2036-06-17 00:00:00+00:00,34.241158,42.059357,27.141592
2036-06-18 00:00:00+00:00,32.3776,39.505604,26.027397
2036-06-19 00:00:00+00:00,31.36404,34.601845,27.413206
2036-06-20 00:00:00+00:00,30.70048,33.698093,28.249016
2036-06-21 00:00:00+00:00,31.436922,34.944336,27.134823
2036-06-22 00:00:00+00:00,32.12336,37.04058,27.020632
2036-06-23 00:00:00+00:00,31.259802,36.486824,26.756443
2036-06-24 00:00:00+00:00,31.79624,38.633068,25.64225
2036-06-25 00:00:00+00:00,32.182686,37.12931,26.528059
2036-06-26 00:00:00+00:00,31.169123,34.82556,27.063866
2036-06-27 00:00:00+00:00,28.405563,31.071804,26.849676
2036-06-28 00:00:00+00:00,30.042006,34.96805,25.185484
2036-06-29 00:00:00+00:00,31.328445,36.814293,25.87129
2036-06-30 00:00:00+00:00,32.71488,38.76054,27.3071
2036-07-01 00:00:00+00:00,31.701324,37.656784,24.842909
2036-07-02 00:00:00+00:00,29.987764,32.803024,27.828716
2036-07-03 00:00:00+00:00,28.212423,29.284748,27.55362
2036-07-04 00:00:00+00:00,30.385397,35.9144,26.276962
2036-07-05 00:00:00+00:00,29.308374,31.044039,27.400305
2036-07-06 00:00:00+00:00,29.03135,31.873688,27.17365
2036-07-07 00:00:00+00:00,29.854324,34.253334,26.246992
2036-07-08 00:00:00+00:00,28.4273,30.78298,25.570337
2036-07-09 00:00:00+00:00,30.400274,34.962627,26.493683
2036-07-10 00:00:00+00:00,30.323252,34.24228,26.717026
2036-07-11 00:00:00+00:00,29.246225,31.871922,26.74037
2036-07-12 00:00:00+00:00,28.519201,30.95157,26.46371
2036-07-13 00:00:00+00:00,28.792177,33.03122,24.73706
2036-07-14 00:00:00+00:00,28.81515,31.510864,25.610401
2036-07-15 00:00:00+00:00,28.438126,30.440514,26.533745
2036-07-16 00:00:00+00:00,31.3111,38.72016,25.257088
2036-07-17 00:00:00+00:00,31.234076,36.949806,26.23043
2036-07-18 00:00:00+00:00,30.00705,34.179455,26.803776
2036-07-19 00:00:00+00:00,30.03003,34.2091,27.57712
2036-07-20 00:00:00+00:00,29.953003,33.188747,27.150463
2036-07-21 00:00:00+00:00,31.125977,37.468395,26.473806
2036-07-22 00:00:00+00:00,30.098953,33.798042,26.197151
2036-07-23 00:00:00+00:00,28.121925,30.377686,26.220499
2036-07-24 00:00:00+00:00,27.594902,30.207335,24.593842
2036-07-25 00:00:00+00:00,29.717878,34.386982,25.567184
2036-07-26 00:00:00+00:00,29.640852,33.31663,25.390528
2036-07-27 00:00:00+00:00,27.263826,29.446278,26.46387
2036-07-28 00:00:00+00:00,28.386805,32.725925,23.287212
2036-07-29 00:00:00+00:00,29.60978,34.00557,25.610558
2036-07-30 00:00:00+00:00,29.132753,33.085217,26.5839
2036-07-31 00:00:00+00:00,29.805729,32.864864,26.557247
2036-08-01 00:00:00+00:00,28.828705,30.694511,27.53059
2036-08-02 00:00:00+00:00,28.951681,32.324158,25.653934
2036-08-03 00:00:00+00:00,27.574654,28.703806,26.327276
2036-08-04 00:00:00+00:00,27.597631,29.533459,26.250622
2036-08-05 00:00:00+00:00,27.020605,28.313103,25.773966
2036-08-06 00:00:00+00:00,28.59358,32.74275,24.447308
2036-08-07 00:00:00+00:00,30.266558,35.272396,25.570654
2036-08-08 00:00:00+00:00,30.13953,32.55204,27.493996
2036-08-09 00:00:00+00:00,29.612507,33.081688,26.167343
2036-08-10 00:00:00+00:00,29.735481,33.061333,26.890684
2036-08-11 00:00:00+00:00,29.808456,33.590984,26.414026
2036-08-12 00:00:00+00:00,29.131433,31.820633,26.987375
2036-08-13 00:00:00+00:00,28.454409,31.600277,25.860716
2036-08-14 00:00:00+00:00,28.22738,30.979929,26.28406
2036-08-15 00:00:00+00:00,27.600357,30.859573,24.857405
2036-08-16 00:00:00+00:00,29.423332,33.589222,25.880749
2036-08-17 00:00:00+00:00,28.196308,30.468866,25.954092
2036-08-18 00:00:00+00:00,27.219286,29.348515,25.127434
2036-08-19 00:00:00+00:00,28.442259,32.27816,25.30078
2036-08-20 00:00:00+00:00,29.015236,35.307808,25.924124
2036-08-21 00:00:00+00:00,27.788212,29.737457,25.697468
2036-08-22 00:00:00+00:00,28.311182,32.117104,26.220812
2036-08-23 00:00:00+00:00,29.13416,33.04675,25.644156
2036-08-24 00:00:00+00:00,28.257132,30.3764,26.5175
2036-08-25 00:00:00+00:00,27.830109,31.406044,25.090843
2036-08-26 00:00:00+00:00,28.153086,32.385693,25.914188
2036-08-27 00:00:00+00:00,27.876062,32.76534,24.03753
2036-08-28 00:00:00+00:00,29.549038,34.244987,25.510876
2036-08-29 00:00:00+00:00,28.12201,30.674631,25.984219
2036-08-30 00:00:00+00:00,27.594986,29.80428,25.757563
2036-08-31 00:00:00+00:00,28.067959,30.233929,25.980907
2036-09-01 00:00:00+00:00,28.790936,31.363571,26.85425
2036-09-02 00:00:00+00:00,25.90048,27.266796,25.865997
2036-09-03 00:00:00+00:00,27.260029,31.120022,24.777744
2036-09-04 00:00:00+00:00,28.119574,31.123245,25.189493
2036-09-05 00:00:00+00:00,26.879124,28.67647,26.201242
2036-09-06 00:00:00+00:00,25.788668,26.579697,25.612986
2036-09-07 00:00:00+00:00,27.148214,30.632921,24.824734
2036-09-08 00:00:00+00:00,27.55776,30.536144,24.486483
2036-09-09 00:00:00+00:00,28.667305,32.13937,26.198229
2036-09-10 00:00:00+00:00,29.876852,35.092598,26.159977
2036-09-11 00:00:00+00:00,26.6864,27.99582,26.571724
2036-09-12 00:00:00+00:00,27.145947,30.49905,25.43347
2036-09-13 00:00:00+00:00,27.15549,29.452269,25.04522
2036-09-14 00:00:00+00:00,27.515038,30.305492,25.606964
2036-09-15 00:00:00+00:00,26.274584,27.30872,25.96871
2036-09-16 00:00:00+00:00,27.08413,29.761944,25.08046
2036-09-17 00:00:00+00:00,27.643675,30.86517,24.892206
2036-09-18 00:00:00+00:00,26.70322,29.068394,24.803953
2036-09-19 00:00:00+00:00,27.01277,30.271622,24.765701
2036-09-20 00:00:00+00:00,26.622316,28.62484,24.62745
2036-09-21 00:00:00+00:00,26.231863,27.228067,25.589197
2036-09-22 00:00:00+00:00,27.14141,30.131294,24.800943
2036-09-23 00:00:00+00:00,26.900955,29.584518,24.162691
2036-09-24 00:00:00+00:00,27.0605,29.687746,24.274439
2036-09-25 00:00:00+00:00,27.420044,30.640968,25.336187
2036-09-26 00:00:00+00:00,27.729595,30.494188,25.197933
2036-09-27 00:00:00+00:00,25.63914,26.19742,25.259678
2036-09-28 00:00:00+00:00,26.198685,29.400642,24.821426
2036-09-29 00:00:00+00:00,26.658232,29.403866,24.833174
2036-09-30 00:00:00+00:00,25.617779,25.907093,25.794922
2036-10-01 00:00:00+00:00,26.977324,29.760317,25.006668
2036-10-02 00:00:00+00:00,27.78687,30.813541,25.01842
2036-10-03 00:00:00+00:00,27.946413,31.316769,24.730164
2036-10-04 00:00:00+00:00,27.855963,32.11999,25.591911
2036-10-05 00:00:00+00:00,28.41551,31.423214,26.553658
2036-10-06 00:00:00+00:00,28.475054,31.076443,26.765404
2036-10-07 00:00:00+00:00,28.8846,32.529667,26.477154
2036-10-08 00:00:00+00:00,28.54415,30.632889,27.1889
2036-10-09 00:00:00+00:00,27.353695,28.336117,26.650646
2036-10-10 00:00:00+00:00,26.86324,28.38934,25.462393
2036-10-11 00:00:00+00:00,27.872786,30.542562,26.424145
2036-10-12 00:00:00+00:00,29.282333,33.64579,25.98589
2036-10-13 00:00:00+00:00,28.84188,32.599014,25.347635
2036-10-14 00:00:00+00:00,28.051424,31.502235,25.859383
2036-10-15 00:00:00+00:00,28.81097,32.155464,26.12113
2036-10-16 00:00:00+00:00,28.370518,30.608688,27.182878
2036-10-17 00:00:00+00:00,26.430065,27.21191,26.194626
2036-10-18 00:00:00+00:00,28.239609,31.015137,25.806374
2036-10-19 00:00:00+00:00,27.699156,31.21836,25.318121
2036-10-20 00:00:00+00:00,28.508701,32.121586,24.97987
2036-10-21 00:00:00+00:00,28.66825,32.874813,24.891615
2036-10-22 00:00:00+00:00,29.027794,33.828037,24.603361
2036-10-23 00:00:00+00:00,28.73734,32.18126,25.715109
2036-10-24 00:00:00+00:00,28.796885,32.834488,25.676859
2036-10-25 00:00:00+00:00,29.656435,34.28771,25.288605
2036-10-26 00:00:00+00:00,29.01598,34.390934,23.750349
2036-10-27 00:00:00+00:00,29.275526,35.39416,24.262098
2036-10-28 00:00:00+00:00,30.535072,35.847385,26.373844
2036-10-29 00:00:00+00:00,31.144619,36.750614,25.885593
2036-10-30 00:00:00+00:00,30.204163,36.603836,24.247341
2036-10-31 00:00:00+00:00,28.76371,35.757057,21.609087
2036-11-01 00:00:00+00:00,28.723577,36.01182,22.070656
2036-11-02 00:00:00+00:00,29.385696,37.377384,21.180973
2036-11-03 00:00:00+00:00,30.447815,37.292934,23.291288
2036-11-04 00:00:00+00:00,30.10993,34.65849,24.951603
2036-11-05 00:00:00+00:00,31.222048,36.57405,26.411919
2036-11-06 00:00:00+00:00,30.384165,35.639603,25.422237
2036-11-07 00:00:00+00:00,28.496284,33.255165,24.632551
2036-11-08 00:00:00+00:00,29.4584,37.320717,21.242867
2036-11-09 00:00:00+00:00,30.320518,36.786274,24.653181
2036-11-10 00:00:00+00:00,29.682636,36.25183,24.1135
2036-11-11 00:00:00+00:00,29.094755,36.31739,22.523815
2036-11-12 00:00:00+00:00,27.60687,31.98294,23.43413
2036-11-13 00:00:00+00:00,27.86899,35.198494,21.144445
2036-11-14 00:00:00+00:00,28.681107,37.064056,20.35476
2036-11-15 00:00:00+00:00,28.893225,37.42961,20.615076
2036-11-16 00:00:00+00:00,28.505344,36.945168,20.475393
2036-11-17 00:00:00+00:00,29.01746,36.11072,22.835709
2036-11-18 00:00:00+00:00,28.079576,35.17628,21.896025
2036-11-19 00:00:00+00:00,27.441698,34.84183,21.056341
2036-11-20 00:00:00+00:00,28.303812,36.90739,20.516657
2036-11-21 00:00:00+00:00,29.665932,37.67295,21.226973
2036-11-22 00:00:00+00:00,31.578049,38.238503,25.33729
2036-11-23 00:00:00+00:00,30.740164,37.75406,24.997604
2036-11-24 00:00:00+00:00,28.952284,33.969616,25.05792
2036-11-25 00:00:00+00:00,27.714401,32.18517,23.818235
2036-11-26 00:00:00+00:00,26.62652,32.350723,22.128553
2036-11-27 00:00:00+00:00,25.538637,31.21628,19.938866
2036-11-28 00:00:00+00:00,26.000753,33.13184,19.749182
2036-11-29 00:00:00+00:00,26.712872,34.597397,19.609499
2036-11-30 00:00:00+00:00,27.474989,35.562954,19.919815
2036-12-01 00:00:00+00:00,28.337107,36.67851,20.78013
2036-12-02 00:00:00+00:00,28.399227,37.394062,19.640446
2036-12-03 00:00:00+00:00,29.511341,37.60962,22.400763
2036-12-04 00:00:00+00:00,30.02346,37.975174,22.011078
2036-12-05 00:00:00+00:00,29.435577,36.59073,22.671396
2036-12-06 00:00:00+00:00,29.747696,36.40629,23.681707
2036-12-07 00:00:00+00:00,29.259811,36.771843,21.942026
2036-12-08 00:00:00+00:00,27.571928,35.137398,20.302343
2036-12-09 00:00:00+00:00,27.034048,34.952957,18.962656
2036-12-10 00:00:00+00:00,27.096167,34.86851,19.372972
2036-12-11 00:00:00+00:00,27.208282,35.33407,19.033289
2036-12-12 00:00:00+00:00,27.870401,36.099625,20.343605
2036-12-13 00:00:00+00:00,27.632519,34.66518,21.45392
2036-12-14 00:00:00+00:00,26.744637,34.130737,20.514236
2036-12-15 00:00:00+00:00,26.356754,34.546295,18.224552
2036-12-16 00:00:00+00:00,26.418873,33.011845,20.434868
2036-12-17 00:00:00+00:00,26.280989,32.777405,21.095184
2036-12-18 00:00:00+00:00,25.443106,31.14296,21.355501
2036-12-19 00:00:00+00:00,23.705223,28.708519,18.815815
2036-12-20 00:00:00+00:00,24.117342,28.574072,20.426132
2036-12-21 00:00:00+00:00,24.52946,30.589628,18.436447
2036-12-22 00:00:00+00:00,25.19158,32.355183,18.746761
2036-12-23 00:00:00+00:00,24.903696,30.87074,19.95708
2036-12-24 00:00:00+00:00,25.115812,32.4363,18.667397
2036-12-25 00:00:00+00:00,25.62793,33.351852,18.52771
2036-12-26 00:00:00+00:00,25.69005,31.367409,21.188028
2036-12-27 00:00:00+00:00,23.302166,29.732965,18.148342
2036-12-28 00:00:00+00:00,25.364285,33.298523,18.50866
2036-12-29 00:00:00+00:00,26.426401,34.364075,18.968975
2036-12-30 00:00:00+00:00,26.138521,33.97963,19.02929
2036-12-31 00:00:00+00:00,28.850636,36.345192,19.039606
2037-01-01 00:00:00+00:00,28.209894,35.706173,20.797647
2037-01-02 00:00:00+00:00,27.56058,35.303448,20.298868
2037-01-03 00:00:00+00:00,26.76126,33.300724,21.05009
2037-01-04 00:00:00+00:00,25.36194,32.548,19.301313
2037-01-05 00:00:00+00:00,24.962624,32.995274,18.002535
2037-01-06 00:00:00+00:00,25.563307,34.29255,17.303759
2037-01-07 00:00:00+00:00,25.763988,33.98982,17.70498
2037-01-08 00:00:00+00:00,25.514671,32.9371,17.956203
2037-01-09 00:00:00+00:00,25.165352,32.134373,18.857422
2037-01-10 00:00:00+00:00,26.516035,34.281647,20.358646
2037-01-11 00:00:00+00:00,26.76672,34.47892,19.15987
2037-01-12 00:00:00+00:00,25.517399,32.876198,18.561092
2037-01-13 00:00:00+00:00,25.768082,32.72347,20.162313
2037-01-14 00:00:00+00:00,25.768764,32.370743,20.313536
2037-01-15 00:00:00+00:00,24.969446,31.968018,19.114758
2037-01-16 00:00:00+00:00,24.720127,31.465296,19.26598
2037-01-17 00:00:00+00:00,24.27081,31.462568,17.817202
2037-01-18 00:00:00+00:00,24.47149,31.20984,18.768423
2037-01-19 00:00:00+00:00,23.722172,29.807121,18.319647
2037-01-20 00:00:00+00:00,24.972855,30.404388,19.970865
2037-01-21 00:00:00+00:00,23.923536,29.95167,18.02209
2037-01-22 00:00:00+00:00,24.674217,31.048943,19.223312
2037-01-23 00:00:00+00:00,24.474901,31.196218,18.124533
2037-01-24 00:00:00+00:00,24.075584,29.74349,19.675756
2037-01-25 00:00:00+00:00,22.126265,29.290768,16.426981
2037-01-26 00:00:00+00:00,24.026949,31.638039,17.278202
2037-01-27 00:00:00+00:00,25.57763,33.485313,19.079422
2037-01-28 00:00:00+00:00,25.678312,33.58259,19.680643
2037-01-29 00:00:00+00:00,26.728994,34.37986,20.081867
2037-01-30 00:00:00+00:00,26.879675,34.527138,20.23309
2037-01-31 00:00:00+00:00,27.230358,35.124416,19.38431
2037-02-01 00:00:00+00:00,27.381042,35.52169,19.835533
2037-02-02 00:00:00+00:00,28.731724,36.16896,22.536758
2037-02-03 00:00:00+00:00,28.982405,35.766235,22.787977
2037-02-04 00:00:00+00:00,28.133087,36.06351,20.0892
2037-02-05 00:00:00+00:00,28.333769,36.460785,20.090422
2037-02-06 00:00:00+00:00,28.834452,37.20806,20.841644
2037-02-07 00:00:00+00:00,29.585133,38.055332,21.342867
2037-02-08 00:00:00+00:00,30.035814,37.45261,22.994087
2037-02-09 00:00:00+00:00,28.886496,35.899883,22.64531
2037-02-10 00:00:00+00:00,27.987179,35.047157,21.496532
2037-02-11 00:00:00+00:00,27.237864,34.394432,21.047754
2037-02-12 00:00:00+00:00,26.488543,34.191708,19.698977
2037-02-13 00:00:00+00:00,27.589224,36.28898,19.1002
2037-02-14 00:00:00+00:00,29.089909,37.386257,21.551422
2037-02-15 00:00:00+00:00,29.54059,37.733532,21.452642
2037-02-16 00:00:00+00:00,29.44127,35.580803,24.103867
2037-02-17 00:00:00+00:00,25.141953,29.428083,21.955088
2037-02-18 00:00:00+00:00,27.192638,33.875355,19.90631
2037-02-19 00:00:00+00:00,27.343317,34.122627,21.40753
2037-02-20 00:00:00+00:00,27.394,34.919907,19.958754
2037-02-21 00:00:00+00:00,25.344683,32.51718,18.359974
2037-02-22 00:00:00+00:00,25.795366,35.214455,16.911198
2037-02-23 00:00:00+00:00,27.796047,36.11173,18.56242
2037-02-24 00:00:00+00:00,28.09673,35.109005,20.413643
2037-02-25 00:00:00+00:00,28.447412,35.00628,22.714865
2037-02-26 00:00:00+00:00,27.498093,34.55355,21.216085
2037-02-27 00:00:00+00:00,27.048775,34.600826,20.417307
2037-02-28 00:00:00+00:00,27.499458,35.5981,19.66853
2037-03-01 00:00:00+00:00,27.700138,35.295372,20.519753
2037-03-02 00:00:00+00:00,27.800823,35.892654,19.920975
2037-03-03 00:00:00+00:00,29.208088,37.29397,21.228325
2037-03-04 00:00:00+00:00,31.476326,39.752018,24.045887
2037-03-05 00:00:00+00:00,31.644564,38.81007,25.363451
2037-03-06 00:00:00+00:00,31.462801,39.268127,23.98101
2037-03-07 00:00:00+00:00,31.431042,39.72618,23.398577
2037-03-08 00:00:00+00:00,31.249279,39.484234,22.866137
2037-03-09 00:00:00+00:00,31.217516,39.742287,22.9337
2037-03-10 00:00:00+00:00,30.835758,38.850334,22.901262
2037-03-11 00:00:00+00:00,31.353994,39.958393,22.918823
2037-03-12 00:00:00+00:00,31.822231,40.466446,23.48639
2037-03-13 00:00:00+00:00,31.740473,40.924496,22.20395
2037-03-14 00:00:00+00:00,30.95871,40.48255,21.171515
2037-03-15 00:00:00+00:00,32.32695,41.140602,22.339075
2037-03-16 00:00:00+00:00,31.845184,40.198654,22.456638
2037-03-17 00:00:00+00:00,31.963425,40.156708,22.9742
2037-03-18 00:00:00+00:00,31.681664,40.314762,22.441763
2037-03-19 00:00:00+00:00,31.499903,40.32282,21.709324
2037-03-20 00:00:00+00:00,30.66814,40.080868,19.976887
2037-03-21 00:00:00+00:00,29.736376,38.83892,19.54445
2037-03-22 00:00:00+00:00,30.204618,38.646976,21.862013
2037-03-23 00:00:00+00:00,29.922855,38.955025,20.529575
2037-03-24 00:00:00+00:00,30.691093,38.563084,21.897139
2037-03-25 00:00:00+00:00,29.25933,37.071136,20.714703
2037-03-26 00:00:00+00:00,29.277573,35.87919,22.832262
2037-03-27 00:00:00+00:00,30.145807,38.78724,20.749828
2037-03-28 00:00:00+00:00,32.014046,40.74529,22.717388
2037-03-29 00:00:00+00:00,32.732285,41.353348,23.584951
2037-03-30 00:00:00+00:00,34.05052,42.561398,25.152512
2037-03-31 00:00:00+00:00,33.818764,41.619453,25.770075
2037-04-01 00:00:00+00:00,33.437,42.3275,23.637638
2037-04-02 00:00:00+00:00,33.55524,42.335556,23.505201
2037-04-03 00:00:00+00:00,33.57348,42.39361,23.572763
2037-04-04 00:00:00+00:00,32.941715,42.451664,21.790327
2037-04-05 00:00:00+00:00,32.709953,42.359715,21.80789
2037-04-06 00:00:00+00:00,34.128193,44.01777,23.375452
2037-04-07 00:00:00+00:00,34.39643,45.225822,22.743015
2037-04-08 00:00:00+00:00,34.664673,44.88387,24.560577
2037-04-09 00:00:00+00:00,34.98291,44.841927,24.82814
2037-04-10 00:00:00+00:00,34.551144,43.69998,25.095701
2037-04-11 00:00:00+00:00,34.219383,43.358032,25.013266
2037-04-12 00:00:00+00:00,35.087624,43.266083,26.680828
2037-04-13 00:00:00+00:00,34.15586,42.32414,25.198391
2037-04-14 00:00:00+00:00,34.8241,43.43219,26.015951
2037-04-15 00:00:00+00:00,34.442337,43.29024,25.083517
2037-04-16 00:00:00+00:00,33.560577,42.098293,24.251078
2037-04-17 00:00:00+00:00,33.478817,42.55635,23.71864
2037-04-18 00:00:00+00:00,33.79705,42.76441,23.986202
2037-04-19 00:00:00+00:00,34.91529,44.272457,24.453766
2037-04-20 00:00:00+00:00,34.033527,43.230507,24.271328
2037-04-21 00:00:00+00:00,32.60177,39.988556,24.68889
2037-04-22 00:00:00+00:00,32.170006,39.846615,23.706455
2037-04-23 00:00:00+00:00,32.33824,39.454666,23.874016
2037-04-24 00:00:00+00:00,33.156483,41.71272,23.191578
2037-04-25 00:00:00+00:00,34.374718,42.970776,24.159142
2037-04-26 00:00:00+00:00,34.742966,42.028828,26.376703
2037-04-27 00:00:00+00:00,34.161198,40.886883,26.994265
2037-04-28 00:00:00+00:00,33.329437,41.094933,24.56183
2037-04-29 00:00:00+00:00,32.047676,41.10298,21.52939
2037-04-30 00:00:00+00:00,31.515913,40.661037,20.996954
2037-05-01 00:00:00+00:00,30.68415,39.269093,21.064518
2037-05-02 00:00:00+00:00,31.952389,41.127144,21.68208
2037-05-03 00:00:00+00:00,31.854729,40.429295,22.683765
2037-05-04 00:00:00+00:00,33.79117,42.52554,23.869576
2037-05-05 00:00:00+00:00,34.37761,42.471783,25.75538
2037-05-06 00:00:00+00:00,32.66405,41.368023,23.091192
2037-05-07 00:00:00+00:00,30.400492,39.91427,21.726997
2037-05-08 00:00:00+00:00,31.336933,40.210518,23.412806
2037-05-09 00:00:00+00:00,31.523373,40.056763,23.498613
2037-05-10 00:00:00+00:00,32.059814,40.153008,24.234425
2037-05-11 00:00:00+00:00,34.846252,42.299248,25.82023
2037-05-12 00:00:00+00:00,35.332695,42.545494,27.40604
2037-05-13 00:00:00+00:00,33.519135,42.741737,22.74185
2037-05-14 00:00:00+00:00,33.105576,42.93798,22.227657
2037-05-15 00:00:00+00:00,33.84201,43.884228,23.463465
2037-05-16 00:00:00+00:00,32.128456,39.78047,23.449272
2037-05-17 00:00:00+00:00,33.064896,39.226715,26.13508
2037-05-18 00:00:00+00:00,33.05134,35.672962,29.220888
2037-05-19 00:00:00+00:00,34.037773,39.269203,28.106697
2037-05-20 00:00:00+00:00,36.324215,42.51545,29.142508
2037-05-21 00:00:00+00:00,37.960655,44.311695,30.678314
2037-05-22 00:00:00+00:00,35.947098,42.80794,28.714123
2037-05-23 00:00:00+00:00,33.733536,41.054184,25.849932
2037-05-24 00:00:00+00:00,33.11998,41.15043,26.135738
2037-05-25 00:00:00+00:00,32.256416,40.24667,25.271547
2037-05-26 00:00:00+00:00,32.34286,39.342915,25.307356
2037-05-27 00:00:00+00:00,32.4293,38.68916,26.243162
2037-05-28 00:00:00+00:00,33.66574,39.235405,28.328972
2037-05-29 00:00:00+00:00,33.002182,40.481647,26.664782
2037-05-30 00:00:00+00:00,32.83862,41.22789,25.55059
2037-05-31 00:00:00+00:00,32.32506,38.324142,26.236399
2037-06-01 00:00:00+00:00,32.0615,38.420383,26.022205
2037-06-02 00:00:00+00:00,31.59794,37.06663,25.458015
2037-06-03 00:00:00+00:00,30.634386,34.56287,26.843824
2037-06-04 00:00:00+00:00,33.070824,39.959118,27.279629
2037-06-05 00:00:00+00:00,36.657265,44.305363,29.015438
2037-06-06 00:00:00+00:00,35.193707,41.901608,28.601248
2037-06-07 00:00:00+00:00,34.780144,40.24785,28.837055
2037-06-08 00:00:00+00:00,35.016582,42.9941,27.622864
2037-06-09 00:00:00+00:00,34.803024,42.44034,27.308672
2037-06-10 00:00:00+00:00,33.139465,40.786587,25.794481
2037-06-11 00:00:00+00:00,33.025906,40.932823,25.280289
2037-06-12 00:00:00+00:00,33.562347,41.579075,26.216099
2037-06-13 00:00:00+00:00,33.948788,41.27532,27.751905
2037-06-14 00:00:00+00:00,32.185226,38.471565,26.287716
2037-06-15 00:00:00+00:00,31.221668,37.767807,25.323524
2037-06-16 00:00:00+00:00,31.108107,37.814053,24.45933
2037-06-17 00:00:00+00:00,32.844547,40.660294,25.845139
2037-06-18 00:00:00+00:00,33.18099,38.55654,27.330946
2037-06-19 00:00:00+00:00,33.71743,42.202785,26.316757
2037-06-20 00:00:00+00:00,32.00387,38.19903,26.202566
2037-06-21 00:00:00+00:00,31.94031,38.19528,27.088373
2037-06-22 00:00:00+00:00,27.67675,30.591518,25.924183
2037-06-23 00:00:00+00:00,27.463192,28.537766,26.15999
2037-06-24 00:00:00+00:00,28.849632,32.48401,26.445799
2037-06-25 00:00:00+00:00,29.086075,33.480255,25.581604
2037-06-26 00:00:00+00:00,30.52251,35.576496,26.917416
2037-06-27 00:00:00+00:00,31.558952,36.07274,27.30322
2037-06-28 00:00:00+00:00,31.145395,34.768986,27.88903
2037-06-29 00:00:00+00:00,31.281836,36.215233,26.42484
2037-06-30 00:00:00+00:00,32.168274,36.161476,28.360645
2037-07-01 00:00:00+00:00,31.104715,33.507717,28.296455
2037-07-02 00:00:00+00:00,31.941154,37.353966,26.582266
2037-07-03 00:00:00+00:00,31.41918,36.389835,27.160282
2037-07-04 00:00:00+00:00,30.642155,34.219482,28.283627
2037-07-05 00:00:00+00:00,32.41513,37.24913,28.106972
2037-07-06 00:00:00+00:00,32.93811,38.228775,28.330313
2037-07-07 00:00:00+00:00,30.761082,35.15842,27.05366
2037-07-08 00:00:00+00:00,30.334057,33.788074,26.127
2037-07-09 00:00:00+00:00,31.807034,36.51772,28.000347
2037-07-10 00:00:00+00:00,32.280006,36.797367,28.57369
2037-07-11 00:00:00+00:00,31.102982,35.77701,27.297035
2037-07-12 00:00:00+00:00,29.625957,35.00666,25.720377
2037-07-13 00:00:00+00:00,27.698933,29.886305,25.193718
2037-07-14 00:00:00+00:00,29.321905,31.765953,26.767065
2037-07-15 00:00:00+00:00,29.944883,34.995598,25.740408
2037-07-16 00:00:00+00:00,29.567858,35.07525,25.413754
2037-07-17 00:00:00+00:00,29.840834,33.754894,25.787096
2037-07-18 00:00:00+00:00,28.263807,31.584543,26.460438
2037-07-19 00:00:00+00:00,30.286783,35.01419,25.633785
2037-07-20 00:00:00+00:00,31.109758,35.143837,26.957129
2037-07-21 00:00:00+00:00,30.432734,35.273483,26.280472
2037-07-22 00:00:00+00:00,28.60571,31.65313,25.953814
2037-07-23 00:00:00+00:00,29.228683,31.732777,27.07716
2037-07-24 00:00:00+00:00,27.551657,29.412424,25.900503
2037-07-25 00:00:00+00:00,28.974636,32.542072,26.273848
2037-07-26 00:00:00+00:00,29.547611,33.521717,26.097189
2037-07-27 00:00:00+00:00,29.820585,33.801365,26.020536
2037-07-28 00:00:00+00:00,28.79356,31.181015,26.84388
2037-07-29 00:00:00+00:00,28.916536,31.86066,26.667221
2037-07-30 00:00:00+00:00,29.489508,32.690308,26.79057
2037-07-31 00:00:00+00:00,29.212484,32.76995,26.61391
2037-08-01 00:00:00+00:00,29.08546,33.2996,26.287254
2037-08-02 00:00:00+00:00,28.708435,33.479244,24.6106
2037-08-03 00:00:00+00:00,28.93141,33.308895,24.183945
2037-08-04 00:00:00+00:00,29.204388,33.838543,25.107286
2037-08-05 00:00:00+00:00,28.67736,31.46819,26.43063
2037-08-06 00:00:00+00:00,28.850338,31.897835,26.003975
2037-08-07 00:00:00+00:00,28.773314,31.577484,26.57732
2037-08-08 00:00:00+00:00,29.446285,33.057133,26.500662
2037-08-09 00:00:00+00:00,30.119263,33.286777,27.424006
2037-08-10 00:00:00+00:00,30.392237,34.716423,26.99735
2037-08-11 00:00:00+00:00,31.065212,37.29607,25.920694
2037-08-12 00:00:00+00:00,30.788189,36.175716,25.844038
2037-08-13 00:00:00+00:00,29.961164,34.255367,25.917383
2037-08-14 00:00:00+00:00,28.484138,29.635014,27.740725
2037-08-15 00:00:00+00:00,27.457115,29.114662,26.664068
2037-08-16 00:00:00+00:00,27.080088,28.844307,25.937412
2037-08-17 00:00:00+00:00,28.103065,32.57395,24.310755
2037-08-18 00:00:00+00:00,28.676037,31.653603,25.834099
2037-08-19 00:00:00+00:00,28.449015,31.583248,26.507446
2037-08-20 00:00:00+00:00,26.22199,27.062897,25.630787
2037-08-21 00:00:00+00:00,25.394964,27.042542,24.654135
2037-08-22 00:00:00+00:00,28.217941,31.372192,25.577477
2037-08-23 00:00:00+00:00,28.640915,32.50184,25.35082
2037-08-24 00:00:00+00:00,27.86389,29.681484,26.124165
2037-08-25 00:00:00+00:00,28.586866,32.111134,25.547508
2037-08-26 00:00:00+00:00,28.20984,32.090782,25.670849
2037-08-27 00:00:00+00:00,27.682817,29.820427,25.994196
2037-08-28 00:00:00+00:00,29.205791,31.800076,26.867538
2037-08-29 00:00:00+00:00,29.128765,31.679718,27.040882
2037-08-30 00:00:00+00:00,27.35174,28.759369,26.314224
2037-08-31 00:00:00+00:00,27.624716,29.739014,26.437572
2037-09-01 00:00:00+00:00,27.347692,28.81866,26.110914
2037-09-02 00:00:00+00:00,25.498095,25.765991,25.513062
2037-09-03 00:00:00+00:00,26.407642,28.719215,25.374807
2037-09-04 00:00:00+00:00,27.21719,29.472443,25.786556
2037-09-05 00:00:00+00:00,26.426735,27.225666,25.898304
2037-09-06 00:00:00+00:00,25.836279,28.428888,24.160051
2037-09-07 00:00:00+00:00,26.545828,29.632116,24.171799
2037-09-08 00:00:00+00:00,27.155373,29.53534,25.183542
2037-09-09 00:00:00+00:00,27.81492,30.238564,26.095291
2037-09-10 00:00:00+00:00,27.774464,30.59179,25.707037
2037-09-11 00:00:00+00:00,27.634012,30.395018,25.518785
2037-09-12 00:00:00+00:00,26.393557,28.69824,25.280533
2037-09-13 00:00:00+00:00,26.603106,28.501465,25.292282
2037-09-14 00:00:00+00:00,27.112652,30.20469,24.004028
2037-09-15 00:00:00+00:00,26.872198,28.607914,25.265776
2037-09-16 00:00:00+00:00,27.481743,29.661139,25.727524
2037-09-17 00:00:00+00:00,26.59129,27.614365,25.889273
2037-09-18 00:00:00+00:00,26.150837,27.467588,25.601017
2037-09-19 00:00:00+00:00,26.060383,27.470812,25.162766
2037-09-20 00:00:00+00:00,27.019928,29.924036,25.124514
2037-09-21 00:00:00+00:00,26.779474,28.427263,25.486258
2037-09-22 00:00:00+00:00,26.289022,27.230482,26.298008
2037-09-23 00:00:00+00:00,27.39857,30.883717,25.409756
2037-09-24 00:00:00+00:00,28.658112,31.686935,26.1215
2037-09-25 00:00:00+00:00,28.16766,31.190159,25.633247
2037-09-26 00:00:00+00:00,27.227205,29.343388,25.944996
2037-09-27 00:00:00+00:00,27.586754,30.64661,24.906744
2037-09-28 00:00:00+00:00,27.796297,31.049835,25.51849
2037-09-29 00:00:00+00:00,29.205845,34.40306,25.480236
2037-09-30 00:00:00+00:00,30.31539,35.406284,25.291986
2037-10-01 00:00:00+00:00,29.824936,32.55951,27.353731
2037-10-02 00:00:00+00:00,29.184483,32.712734,26.51548
2037-10-03 00:00:00+00:00,29.59403,33.465958,26.577227
2037-10-04 00:00:00+00:00,31.153576,36.41918,26.938974
2037-10-05 00:00:00+00:00,32.463123,40.22241,26.750723
2037-10-06 00:00:00+00:00,29.272669,33.22563,27.512468
2037-10-07 00:00:00+00:00,29.382212,32.078857,27.074215
2037-10-08 00:00:00+00:00,30.24176,33.882084,27.335966
2037-10-09 00:00:00+00:00,30.101307,34.03531,26.647713
2037-10-10 00:00:00+00:00,30.610851,36.038532,26.159458
2037-10-11 00:00:00+00:00,29.0704,33.19176,25.121204
2037-10-12 00:00:00+00:00,29.579945,35.69498,24.732952
2037-10-13 00:00:00+00:00,28.53949,32.248207,24.4947
2037-10-14 00:00:00+00:00,27.34904,30.351437,26.106447
2037-10-15 00:00:00+00:00,26.058584,27.104656,25.768192
2037-10-16 00:00:00+00:00,28.768131,32.157883,26.07994
2037-10-17 00:00:00+00:00,27.127678,28.311106,26.64169
2037-10-18 00:00:00+00:00,28.187222,31.664333,25.303434
2037-10-19 00:00:00+00:00,29.14677,32.56756,26.315182
2037-10-20 00:00:00+00:00,28.506315,32.62078,23.97693
2037-10-21 00:00:00+00:00,28.765862,33.974007,24.78868
2037-10-22 00:00:00+00:00,29.275408,33.327232,25.250425
2037-10-23 00:00:00+00:00,29.684954,34.230457,25.412174
2037-10-24 00:00:00+00:00,29.9445,34.18368,26.973917
2037-10-25 00:00:00+00:00,30.304045,33.8869,26.685667
2037-10-26 00:00:00+00:00,27.063593,27.890133,27.147413
2037-10-27 00:00:00+00:00,28.073137,30.793352,25.65916
2037-10-28 00:00:00+00:00,29.232687,33.49658,24.97091
2037-10-29 00:00:00+00:00,28.69223,34.0998,23.532656
2037-10-30 00:00:00+00:00,28.501778,33.65303,23.494406
2037-10-31 00:00:00+00:00,29.261326,32.606255,25.70615
2037-11-01 00:00:00+00:00,30.620869,34.859474,26.0679
2037-11-02 00:00:00+00:00,32.28267,37.47349,27.278393
2037-11-03 00:00:00+00:00,31.094782,36.489048,26.03871
2037-11-04 00:00:00+00:00,31.0069,38.00461,24.599024
2037-11-05 00:00:00+00:00,28.569021,33.520157,23.60934
2037-11-06 00:00:00+00:00,28.431135,34.235718,23.319656
2037-11-07 00:00:00+00:00,29.893255,38.101273,22.52997
2037-11-08 00:00:00+00:00,29.805372,38.36683,22.190289
2037-11-09 00:00:00+00:00,29.36749,36.782387,22.350605
2037-11-10 00:00:00+00:00,30.729609,38.347942,23.96092
2037-11-11 00:00:00+00:00,30.741726,38.213497,23.521235
2037-11-12 00:00:00+00:00,31.353842,39.329052,23.931551
2037-11-13 00:00:00+00:00,30.16596,38.29461,21.99187
2037-11-14 00:00:00+00:00,29.32808,37.260166,22.252184
2037-11-15 00:00:00+00:00,30.090195,38.27572,21.9625
2037-11-16 00:00:00+00:00,30.052313,38.341278,22.172815
2037-11-17 00:00:00+00:00,30.314432,37.756832,23.13313
2037-11-18 00:00:00+00:00,28.826546,35.92239,22.493444
2037-11-19 00:00:00+00:00,27.988668,36.487946,20.353762
2037-11-20 00:00:00+00:00,28.300785,37.8535,18.664078
2037-11-21 00:00:00+00:00,29.3629,38.41906,20.424393
2037-11-22 00:00:00+00:00,29.87502,38.134613,21.734709
2037-11-23 00:00:00+00:00,29.287136,37.45017,21.245024
2037-11-24 00:00:00+00:00,28.549255,37.265728,20.105341
2037-11-25 00:00:00+00:00,29.511374,37.73128,21.865658
2037-11-26 00:00:00+00:00,28.773489,36.54684,20.075974
2037-11-27 00:00:00+00:00,28.485607,35.512394,21.936289
2037-11-28 00:00:00+00:00,27.047726,33.77795,20.996605
2037-11-29 00:00:00+00:00,25.709843,34.04351,18.50692
2037-11-30 00:00:00+00:00,27.471962,36.15906,19.617235
2037-12-01 00:00:00+00:00,28.034077,36.32462,19.827553
2037-12-02 00:00:00+00:00,28.096195,36.590176,20.037867
2037-12-03 00:00:00+00:00,28.758312,37.055733,20.348183
2037-12-04 00:00:00+00:00,28.020428,36.421288,20.058498
2037-12-05 00:00:00+00:00,27.532547,35.13684,21.018818
2037-12-06 00:00:00+00:00,27.144667,35.7024,18.529129
2037-12-07 00:00:00+00:00,27.506784,36.767956,18.939447
2037-12-08 00:00:00+00:00,28.368902,36.433514,20.549763
2037-12-09 00:00:00+00:00,27.28102,35.19907,19.210077
2037-12-10 00:00:00+00:00,25.593136,32.214626,20.570395
2037-12-11 00:00:00+00:00,24.605255,31.430182,18.830711
2037-12-12 00:00:00+00:00,24.367373,31.945732,18.291027
2037-12-13 00:00:00+00:00,24.429491,32.11129,17.801342
2037-12-14 00:00:00+00:00,25.441607,32.97685,18.711658
2037-12-15 00:00:00+00:00,24.953726,32.392403,18.771973
2037-12-16 00:00:00+00:00,25.51584,33.45796,18.28229
2037-12-17 00:00:00+00:00,25.227959,32.273514,18.592606
2037-12-18 00:00:00+00:00,26.09008,33.78907,19.252922
2037-12-19 00:00:00+00:00,25.702196,31.904629,20.363237
2037-12-20 00:00:00+00:00,23.714312,28.670185,20.773554
2037-12-21 00:00:00+00:00,23.57643,31.735737,16.433868
2037-12-22 00:00:00+00:00,24.88855,32.851295,17.944183
2037-12-23 00:00:00+00:00,25.600666,33.11685,19.7545
2037-12-24 00:00:00+00:00,25.462784,33.13241,18.864815
2037-12-25 00:00:00+00:00,25.324903,33.547962,17.92513
2037-12-26 00:00:00+00:00,25.137018,33.61352,17.585447
2037-12-27 00:00:00+00:00,25.149136,33.02908,17.795763
2037-12-28 00:00:00+00:00,25.411253,32.89463,18.756079
2037-12-29 00:00:00+00:00,25.973372,33.31019,20.116396
2037-12-30 00:00:00+00:00,25.03549,32.925743,17.876713
2037-12-31 00:00:00+00:00,26.047607,31.2413,19.037027
2038-01-01 00:00:00+00:00,25.259726,31.406857,19.047342
2038-01-02 00:00:00+00:00,26.71041,33.95413,19.998566
2038-01-03 00:00:00+00:00,26.361088,32.901405,20.649788
2038-01-04 00:00:00+00:00,25.161772,31.098682,21.35101
2038-01-05 00:00:00+00:00,24.462454,32.045956,18.45223
2038-01-06 00:00:00+00:00,25.063133,32.09323,19.753456
2038-01-07 00:00:00+00:00,24.413818,31.990505,18.204676
2038-01-08 00:00:00+00:00,24.864498,32.987778,17.855898
2038-01-09 00:00:00+00:00,26.21518,33.085056,20.357119
2038-01-10 00:00:00+00:00,24.865862,32.53233,17.50834
2038-01-11 00:00:00+00:00,25.466547,33.8796,17.609564
2038-01-12 00:00:00+00:00,25.317226,33.576874,17.160786
2038-01-13 00:00:00+00:00,25.617908,34.124153,17.41201
2038-01-14 00:00:00+00:00,26.068592,34.271427,18.36323
2038-01-15 00:00:00+00:00,26.769276,35.068703,18.814451
2038-01-16 00:00:00+00:00,27.069956,34.965973,20.015676
2038-01-17 00:00:00+00:00,26.720636,34.11325,20.066895
2038-01-18 00:00:00+00:00,26.721321,33.860527,20.91812
2038-01-19 00:00:00+00:00,25.472002,32.707798,19.51934
2038-01-20 00:00:00+00:00,25.872684,33.455074,19.42056
2038-01-21 00:00:00+00:00,25.673368,33.202343,19.521786
2038-01-22 00:00:00+00:00,24.974049,32.84962,17.823008
2038-01-23 00:00:00+00:00,25.074734,32.8969,18.424229
2038-01-24 00:00:00+00:00,25.175413,33.644173,18.72545
2038-01-25 00:00:00+00:00,25.976095,34.141445,18.176674
2038-01-26 00:00:00+00:00,26.226778,33.288723,20.077896
2038-01-27 00:00:00+00:00,26.02746,32.535995,20.179117
2038-01-28 00:00:00+00:00,24.728142,32.08327,18.680338
2038-01-29 00:00:00+00:00,23.528824,30.880547,17.331562
2038-01-30 00:00:00+00:00,27.129505,36.32782,19.282785
2038-01-31 00:00:00+00:00,27.880188,36.525097,20.634005
2038-02-01 00:00:00+00:00,27.130869,34.472374,21.435228
2038-02-02 00:00:00+00:00,25.931553,34.219643,18.33645
2038-02-03 00:00:00+00:00,26.532236,35.666916,17.537672
2038-02-04 00:00:00+00:00,27.832916,37.16419,18.538897
2038-02-05 00:00:00+00:00,29.0336,37.11146,21.540117
2038-02-06 00:00:00+00:00,28.234282,35.90874,22.04134
2038-02-07 00:00:00+00:00,26.73496,35.206017,19.29256
2038-02-08 00:00:00+00:00,27.235643,36.153286,19.19378
2038-02-09 00:00:00+00:00,28.886328,38.150566,19.745005
2038-02-10 00:00:00+00:00,29.58701,38.29784,20.996225
2038-02-11 00:00:00+00:00,28.937693,36.995113,21.497446
2038-02-12 00:00:00+00:00,27.638374,36.04239,20.198671
2038-02-13 00:00:00+00:00,27.989054,37.139664,18.999893
2038-02-14 00:00:00+00:00,28.93974,37.786938,20.451115
2038-02-15 00:00:00+00:00,29.140419,36.884212,22.152338
2038-02-16 00:00:00+00:00,27.441101,34.981487,20.75356
2038-02-17 00:00:00+00:00,26.791784,34.528763,20.254782
2038-02-18 00:00:00+00:00,26.642466,35.07604,19.156004
2038-02-19 00:00:00+00:00,27.04315,35.673313,18.607225
2038-02-20 00:00:00+00:00,28.043829,35.870583,20.308449
2038-02-21 00:00:00+00:00,28.894512,37.117863,21.30967
2038-02-22 00:00:00+00:00,30.295195,38.715137,21.66089
2038-02-23 00:00:00+00:00,29.695877,37.51241,21.712114
2038-02-24 00:00:00+00:00,29.646559,35.75969,23.263334
2038-02-25 00:00:00+00:00,28.897238,34.206963,23.664557
2038-02-26 00:00:00+00:00,30.89792,38.05423,23.86578
2038-02-27 00:00:00+00:00,30.148603,37.701508,22.567003
2038-02-28 00:00:00+00:00,30.099287,38.498783,21.618225
2038-03-01 00:00:00+00:00,28.199968,34.746056,22.119446
2038-03-02 00:00:00+00:00,30.50065,37.29333,23.12067
2038-03-03 00:00:00+00:00,32.703526,39.491955,26.773933
2038-03-04 00:00:00+00:00,31.021763,38.250008,23.241497
2038-03-05 00:00:00+00:00,31.440002,40.058056,22.709059
2038-03-06 00:00:00+00:00,30.508244,40.016113,20.876623
2038-03-07 00:00:00+00:00,30.92648,40.324165,20.844183
2038-03-08 00:00:00+00:00,33.24472,41.632217,24.561749
2038-03-09 00:00:00+00:00,33.912956,42.240276,25.57931
2038-03-10 00:00:00+00:00,33.031197,41.698322,23.696873
2038-03-11 00:00:00+00:00,32.849434,41.70638,24.314434
2038-03-12 00:00:00+00:00,31.06767,39.21443,22.981998
2038-03-13 00:00:00+00:00,30.935913,38.92248,22.099558
2038-03-14 00:00:00+00:00,30.104149,37.130535,22.817123
2038-03-15 00:00:00+00:00,29.372389,36.638588,22.034685
2038-03-16 00:00:00+00:00,28.190626,36.09664,20.45225
2038-03-17 00:00:00+00:00,27.708866,37.204693,18.26981
2038-03-18 00:00:00+00:00,28.827105,37.96275,19.337374
2038-03-19 00:00:00+00:00,27.945341,36.7208,19.854935
2038-03-20 00:00:00+00:00,29.66358,39.22885,19.822498
2038-03-21 00:00:00+00:00,32.781815,42.13691,22.59006
2038-03-22 00:00:00+00:00,34.65006,43.34496,25.107622
2038-03-23 00:00:00+00:00,33.018295,41.953014,23.425186
2038-03-24 00:00:00+00:00,33.236534,41.061066,24.992748
2038-03-25 00:00:00+00:00,32.954773,41.81912,24.260311
2038-03-26 00:00:00+00:00,34.02301,43.177174,24.127874
2038-03-27 00:00:00+00:00,34.79125,44.185223,24.945436
2038-03-28 00:00:00+00:00,34.909485,43.94328,26.263
2038-03-29 00:00:00+00:00,34.277725,43.80133,24.430563
2038-03-30 00:00:00+00:00,33.94596,43.059383,25.098124
2038-03-31 00:00:00+00:00,35.064205,43.66743,24.615686
2038-04-01 00:00:00+00:00,34.482437,42.975487,24.633247
2038-04-02 00:00:00+00:00,34.00068,42.783543,23.600813
2038-04-03 00:00:00+00:00,33.318916,42.1416,23.368374
2038-04-04 00:00:00+00:00,32.637154,42.24965,21.485935
2038-04-05 00:00:00+00:00,32.455395,41.3077,23.753498
2038-04-06 00:00:00+00:00,33.273636,42.815754,23.27106
2038-04-07 00:00:00+00:00,34.54187,43.92381,24.038624
2038-04-08 00:00:00+00:00,32.41011,40.98186,23.856188
2038-04-09 00:00:00+00:00,31.47835,39.589912,23.17375
2038-04-10 00:00:00+00:00,29.946585,38.347965,20.991314
2038-04-11 00:00:00+00:00,29.714823,37.70602,21.608873
2038-04-12 00:00:00+00:00,29.533064,36.264072,22.826437
2038-04-13 00:00:00+00:00,30.901299,38.072124,23.593998
2038-04-14 00:00:00+00:00,31.519539,39.23018,24.111563
2038-04-15 00:00:00+00:00,33.08778,41.53823,23.429123
2038-04-16 00:00:00+00:00,33.956017,41.396282,26.196686
2038-04-17 00:00:00+00:00,33.62426,39.304337,26.51425
2038-04-18 00:00:00+00:00,36.492493,42.912388,29.281813
2038-04-19 00:00:00+00:00,37.31073,44.320442,28.499374
2038-04-20 00:00:00+00:00,36.37897,43.828495,27.666939
2038-04-21 00:00:00+00:00,37.097206,44.236546,28.2345
2038-04-22 00:00:00+00:00,36.965446,43.7446,29.902061
2038-04-23 00:00:00+00:00,35.933685,43.052658,27.569626
2038-04-24 00:00:00+00:00,34.651924,41.510704,27.087189
2038-04-25 00:00:00+00:00,33.57016,40.118763,26.754751
2038-04-26 00:00:00+00:00,32.288403,40.076817,24.522314
2038-04-27 00:00:00+00:00,33.70664,41.984867,25.039877
2038-04-28 00:00:00+00:00,37.77488,45.092926,29.407438
2038-04-29 00:00:00+00:00,35.943115,41.850967,30.275
2038-04-30 00:00:00+00:00,32.11135,40.409023,22.442564
2038-05-01 00:00:00+00:00,32.22959,41.067078,21.660126
2038-05-02 00:00:00+00:00,34.04783,42.62513,23.37769
2038-05-03 00:00:00+00:00,34.758118,42.980232,24.73731
2038-05-04 00:00:00+00:00,35.09456,44.376476,25.223122
2038-05-05 00:00:00+00:00,34.431004,43.42272,25.30893
2038-05-06 00:00:00+00:00,30.917442,39.81896,23.14474
2038-05-07 00:00:00+00:00,30.653881,39.765205,21.980547
2038-05-08 00:00:00+00:00,31.840322,41.361454,22.116352
2038-05-09 00:00:00+00:00,33.176758,41.5077,24.702164
2038-05-10 00:00:00+00:00,32.3132,40.353947,23.93797
2038-05-11 00:00:00+00:00,30.699642,36.65019,24.87378
2038-05-12 00:00:00+00:00,31.336084,37.596436,24.40959
2038-05-13 00:00:00+00:00,31.322523,38.44268,23.195395
2038-05-14 00:00:00+00:00,32.058968,39.18892,23.781204
2038-05-15 00:00:00+00:00,33.695404,41.43517,24.717012
2038-05-16 00:00:00+00:00,34.781845,42.08141,26.802818
2038-05-17 00:00:00+00:00,34.66829,42.777653,25.93863
2038-05-18 00:00:00+00:00,34.904728,44.023895,25.124437
2038-05-19 00:00:00+00:00,35.891167,44.470142,26.810247
2038-05-20 00:00:00+00:00,32.077606,38.116386,26.146055
2038-05-21 00:00:00+00:00,29.564047,37.462635,22.981861
2038-05-22 00:00:00+00:00,28.30049,36.60888,20.517672
2038-05-23 00:00:00+00:00,29.836927,37.85512,22.75348
2038-05-24 00:00:00+00:00,31.873371,39.251366,24.639286
2038-05-25 00:00:00+00:00,31.459808,39.097614,24.225098
2038-05-26 00:00:00+00:00,32.196247,41.143856,24.610905
2038-05-27 00:00:00+00:00,30.982689,37.540104,24.796713
2038-05-28 00:00:00+00:00,31.269129,37.78635,24.182522
2038-05-29 00:00:00+00:00,31.155567,37.63259,24.86833
2038-05-30 00:00:00+00:00,31.34201,39.878838,22.904137
2038-05-31 00:00:00+00:00,30.928453,39.775078,22.289946
2038-06-01 00:00:00+00:00,35.56489,45.521328,26.075752
2038-06-02 00:00:00+00:00,34.451336,41.26757,27.361565
2038-06-03 00:00:00+00:00,34.037773,40.91381,27.24737
2038-06-04 00:00:00+00:00,33.874214,41.260056,26.433182
2038-06-05 00:00:00+00:00,31.560652,38.456303,23.668987
2038-06-06 00:00:00+00:00,31.997095,38.25255,25.354794
2038-06-07 00:00:00+00:00,32.083534,40.14879,25.240604
2038-06-08 00:00:00+00:00,33.96998,43.84503,24.376413
2038-06-09 00:00:00+00:00,34.006416,43.79128,24.91222
2038-06-10 00:00:00+00:00,31.842855,37.187523,27.09803
2038-06-11 00:00:00+00:00,31.179298,37.833767,24.683838
2038-06-12 00:00:00+00:00,29.565737,32.88001,25.169645
2038-06-13 00:00:00+00:00,29.952175,35.27626,24.505453
2038-06-14 00:00:00+00:00,31.138617,36.1725,25.891262
2038-06-15 00:00:00+00:00,33.175056,40.518745,27.577072
2038-06-16 00:00:00+00:00,31.811499,38.764988,24.41288
2038-06-17 00:00:00+00:00,32.147938,37.911236,26.348686
2038-06-18 00:00:00+00:00,32.48438,39.15748,25.734495
2038-06-19 00:00:00+00:00,32.52082,40.303726,26.220304
2038-06-20 00:00:00+00:00,34.407257,44.099964,25.456114
2038-06-21 00:00:00+00:00,32.193695,39.196217,25.591923
2038-06-22 00:00:00+00:00,32.130142,38.59246,26.077728
2038-06-23 00:00:00+00:00,31.866581,39.638702,25.013536
2038-06-24 00:00:00+00:00,30.203022,35.784946,24.149345
2038-06-25 00:00:00+00:00,28.889463,33.431194,24.935156
2038-06-26 00:00:00+00:00,29.575903,36.877434,23.020962
2038-06-27 00:00:00+00:00,30.412344,36.623676,23.90677
2038-06-28 00:00:00+00:00,30.948784,37.71993,25.69258
2038-06-29 00:00:00+00:00,31.085224,37.666172,24.928385
2038-06-30 00:00:00+00:00,31.871666,38.512413,25.864197
2038-07-01 00:00:00+00:00,33.208103,39.858658,26.900003
2038-07-02 00:00:00+00:00,31.994545,39.8549,25.085812
2038-07-03 00:00:00+00:00,30.875937,39.494926,25.116947
2038-07-04 00:00:00+00:00,30.598913,35.82457,25.990292
2038-07-05 00:00:00+00:00,30.771887,36.954216,25.163633
2038-07-06 00:00:00+00:00,30.09486,37.58387,24.18698
2038-07-07 00:00:00+00:00,31.167837,38.36351,24.560324
2038-07-08 00:00:00+00:00,31.64081,37.693153,26.233664
2038-07-09 00:00:00+00:00,31.263786,38.472805,24.80701
2038-07-10 00:00:00+00:00,29.686764,34.752453,24.630352
2038-07-11 00:00:00+00:00,28.659737,31.532104,24.753698
2038-07-12 00:00:00+00:00,30.332714,35.56175,25.677042
2038-07-13 00:00:00+00:00,30.90569,37.841393,25.500385
2038-07-14 00:00:00+00:00,29.128662,35.671043,23.62373
2038-07-15 00:00:00+00:00,29.501638,36.10069,23.947073
2038-07-16 00:00:00+00:00,30.274614,35.63034,24.970419
2038-07-17 00:00:00+00:00,29.09759,34.95998,24.69376
2038-07-18 00:00:00+00:00,30.170565,36.43963,25.217104
2038-07-19 00:00:00+00:00,30.943539,36.019276,25.540447
2038-07-20 00:00:00+00:00,27.816515,30.148922,25.813795
2038-07-21 00:00:00+00:00,29.23949,34.478573,24.937138
2038-07-22 00:00:00+00:00,30.862465,36.35822,26.26048
2038-07-23 00:00:00+00:00,30.835442,36.28787,26.133823
2038-07-24 00:00:00+00:00,28.758415,33.86751,24.957167
2038-07-25 00:00:00+00:00,28.031391,33.847157,23.480513
2038-07-26 00:00:00+00:00,28.954369,35.576805,23.703857
2038-07-27 00:00:00+00:00,29.477339,35.956455,24.527199
2038-07-28 00:00:00+00:00,29.350317,34.7361,24.600544
2038-07-29 00:00:00+00:00,29.673294,35.16575,24.373886
2038-07-30 00:00:00+00:00,27.996267,33.945396,23.197231
2038-07-31 00:00:00+00:00,29.119242,36.575043,22.170574
2038-08-01 00:00:00+00:00,29.59222,37.50469,22.993917
2038-08-02 00:00:00+00:00,28.565193,35.434338,22.467262
2038-08-03 00:00:00+00:00,28.838167,33.96398,24.090605
2038-08-04 00:00:00+00:00,29.811142,35.693626,24.513947
2038-08-05 00:00:00+00:00,29.384117,34.073273,24.937296
2038-08-06 00:00:00+00:00,28.307096,32.402924,24.910639
2038-08-07 00:00:00+00:00,28.43007,34.732574,23.333982
2038-08-08 00:00:00+00:00,30.553041,36.812218,24.357327
2038-08-09 00:00:00+00:00,29.926018,33.091866,27.080667
2038-08-10 00:00:00+00:00,27.498991,30.321512,26.004013
2038-08-11 00:00:00+00:00,29.77197,35.70116,25.027355
2038-08-12 00:00:00+00:00,29.194946,33.83081,25.5007
2038-08-13 00:00:00+00:00,27.817919,31.560455,25.074047
2038-08-14 00:00:00+00:00,28.390896,32.540104,25.397388
2038-08-15 00:00:00+00:00,29.813868,34.56975,24.920732
2038-08-16 00:00:00+00:00,29.886845,34.049393,25.394075
2038-08-17 00:00:00+00:00,30.109821,35.629044,25.617418
2038-08-18 00:00:00+00:00,28.632793,31.30869,25.790764
2038-08-19 00:00:00+00:00,29.205772,33.288338,25.764107
2038-08-20 00:00:00+00:00,30.328747,36.267986,25.337452
2038-08-21 00:00:00+00:00,28.10172,31.547634,24.710796
2038-08-22 00:00:00+00:00,29.524696,34.17728,25.234138
2038-08-23 00:00:00+00:00,29.697672,33.756924,26.057484
2038-08-24 00:00:00+00:00,30.270647,37.28657,25.280828
2038-08-25 00:00:00+00:00,29.99362,36.416218,24.70417
2038-08-26 00:00:00+00:00,29.116598,34.89587,24.527514
2038-08-27 00:00:00+00:00,29.439571,35.625515,23.900858
2038-08-28 00:00:00+00:00,28.112547,32.40516,24.774204
2038-08-29 00:00:00+00:00,26.485523,28.834805,24.947548
2038-08-30 00:00:00+00:00,26.108498,27.964457,24.620892
2038-08-31 00:00:00+00:00,26.831472,29.0941,25.494234
2038-09-01 00:00:00+00:00,27.404448,30.17375,24.767576
2038-09-02 00:00:00+00:00,26.79571,29.015182,25.560122
2038-09-03 00:00:00+00:00,26.705257,29.16841,25.37187
2038-09-04 00:00:00+00:00,27.214802,29.071632,26.083618
2038-09-05 00:00:00+00:00,27.524347,30.124857,24.945366
2038-09-06 00:00:00+00:00,27.683895,29.928083,25.707113
2038-09-07 00:00:00+00:00,27.24344,29.481308,25.96886
2038-09-08 00:00:00+00:00,27.602985,30.434534,25.530607
2038-09-09 00:00:00+00:00,27.012533,29.187757,24.642355
2038-09-10 00:00:00+00:00,26.97208,30.440985,23.904104
2038-09-11 00:00:00+00:00,26.831625,29.194208,25.315847
2038-09-12 00:00:00+00:00,27.191172,30.797432,24.827599
2038-09-13 00:00:00+00:00,28.800718,32.650658,24.889343
2038-09-14 00:00:00+00:00,27.910263,30.203878,26.101091
2038-09-15 00:00:00+00:00,27.019812,28.55711,26.06284
2038-09-16 00:00:00+00:00,27.229357,29.710333,25.874586
2038-09-17 00:00:00+00:00,27.988903,31.063557,25.186333
2038-09-18 00:00:00+00:00,27.34845,29.46678,25.19808
2038-09-19 00:00:00+00:00,26.557993,28.470007,25.40983
2038-09-20 00:00:00+00:00,27.267542,30.22323,24.871576
2038-09-21 00:00:00+00:00,27.027086,29.676455,24.733322
2038-09-22 00:00:00+00:00,26.936636,28.679682,25.345068
2038-09-23 00:00:00+00:00,26.69618,28.382904,25.306818
2038-09-24 00:00:00+00:00,26.905727,28.586128,26.268562
2038-09-25 00:00:00+00:00,27.715271,29.739355,26.080313
2038-09-26 00:00:00+00:00,27.474817,29.592579,26.54206
2038-09-27 00:00:00+00:00,28.134367,31.245808,26.003807
2038-09-28 00:00:00+00:00,29.793911,33.89903,26.415552
2038-09-29 00:00:00+00:00,31.103456,36.002254,26.427301
2038-09-30 00:00:00+00:00,30.463005,35.455475,25.589046
2038-10-01 00:00:00+00:00,29.17255,32.858704,26.700796
2038-10-02 00:00:00+00:00,27.732098,31.11193,25.762543
2038-10-03 00:00:00+00:00,27.541641,29.815151,25.42429
2038-10-04 00:00:00+00:00,29.551188,35.76838,25.53604
2038-10-05 00:00:00+00:00,29.010736,33.821606,25.647783
2038-10-06 00:00:00+00:00,29.520283,34.974827,25.259531
2038-10-07 00:00:00+00:00,29.979828,37.828053,23.32128
2038-10-08 00:00:00+00:00,29.139376,36.931274,23.083027
2038-10-09 00:00:00+00:00,29.798922,37.334503,24.144773
2038-10-10 00:00:00+00:00,28.658466,33.887726,24.006521
2038-10-11 00:00:00+00:00,29.368011,36.840954,24.068268
2038-10-12 00:00:00+00:00,29.527557,36.694176,24.230015
2038-10-13 00:00:00+00:00,28.637106,33.747395,24.791763
2038-10-14 00:00:00+00:00,28.646652,34.100628,24.20351
2038-10-15 00:00:00+00:00,27.956196,33.85385,23.065258
2038-10-16 00:00:00+00:00,28.715742,35.357075,23.777004
2038-10-17 00:00:00+00:00,29.375292,36.860302,23.48875
2038-10-18 00:00:00+00:00,29.084837,36.013523,24.2005
2038-10-19 00:00:00+00:00,29.544382,36.06675,23.762249
2038-10-20 00:00:00+00:00,31.403929,38.969975,24.723997
2038-10-21 00:00:00+00:00,31.713474,40.023197,23.68574
2038-10-22 00:00:00+00:00,31.02302,36.926422,24.447487
2038-10-23 00:00:00+00:00,31.382568,37.279648,25.259237
2038-10-24 00:00:00+00:00,32.142113,38.132874,25.870983
2038-10-25 00:00:00+00:00,32.30166,39.336098,25.63273
2038-10-26 00:00:00+00:00,31.461208,37.389324,25.844479
2038-10-27 00:00:00+00:00,29.170752,32.992546,25.606224
2038-10-28 00:00:00+00:00,31.6803,38.64577,25.767971
2038-10-29 00:00:00+00:00,32.189846,40.099,24.27972
2038-10-30 00:00:00+00:00,31.84939,40.75222,22.391466
2038-10-31 00:00:00+00:00,30.858936,39.805447,21.45321
2038-11-01 00:00:00+00:00,31.418484,40.40867,22.16496
2038-11-02 00:00:00+00:00,31.079638,40.169605,22.175814
2038-11-03 00:00:00+00:00,30.141754,36.38516,23.18613
2038-11-04 00:00:00+00:00,31.503872,36.750717,26.046446
2038-11-05 00:00:00+00:00,30.215992,36.416275,25.10676
2038-11-06 00:00:00+00:00,27.978106,32.83182,24.46708
2038-11-07 00:00:00+00:00,28.840225,34.84738,23.077396
2038-11-08 00:00:00+00:00,28.652344,33.812943,24.337711
2038-11-09 00:00:00+00:00,29.064459,35.228497,22.848026
2038-11-10 00:00:00+00:00,29.976576,36.244053,23.25834
2038-11-11 00:00:00+00:00,31.338697,37.459606,24.118658
2038-11-12 00:00:00+00:00,32.850815,39.475163,25.378973
2038-11-13 00:00:00+00:00,33.312927,40.39072,26.03929
2038-11-14 00:00:00+00:00,32.525047,40.156277,25.549603
2038-11-15 00:00:00+00:00,32.737167,40.02183,25.609919
2038-11-16 00:00:00+00:00,31.699286,39.48739,24.370235
2038-11-17 00:00:00+00:00,30.611403,39.302944,21.88055
2038-11-18 00:00:00+00:00,30.17352,38.368504,22.490866
2038-11-19 00:00:00+00:00,30.48564,38.98406,21.951183
2038-11-20 00:00:00+00:00,29.697754,38.09961,21.161497
2038-11-21 00:00:00+00:00,29.959871,36.715168,23.121815
2038-11-22 00:00:00+00:00,31.02199,37.48073,23.98213
2038-11-23 00:00:00+00:00,31.634106,38.24628,25.192446
2038-11-24 00:00:00+00:00,29.796227,37.361835,22.352762
2038-11-25 00:00:00+00:00,29.858343,36.577393,24.213078
2038-11-26 00:00:00+00:00,28.820461,36.442947,22.173395
2038-11-27 00:00:00+00:00,29.582579,37.858505,21.18371
2038-11-28 00:00:00+00:00,30.544695,37.42406,23.994024
2038-11-29 00:00:00+00:00,29.856813,36.239616,24.20434
2038-11-30 00:00:00+00:00,28.46893,35.15517,22.214659
2038-12-01 00:00:00+00:00,27.38105,34.070732,20.524971
2038-12-02 00:00:00+00:00,27.643166,35.086285,19.73529
2038-12-03 00:00:00+00:00,27.755283,35.801838,19.195604
2038-12-04 00:00:00+00:00,28.5174,36.2174,20.955921
2038-12-05 00:00:00+00:00,28.77952,36.482952,21.466238
2038-12-06 00:00:00+00:00,29.291637,36.548504,22.12655
2038-12-07 00:00:00+00:00,28.403755,35.314064,21.63687
2038-12-08 00:00:00+00:00,28.015873,36.279625,20.247185
2038-12-09 00:00:00+00:00,28.12799,35.045177,21.2075
2038-12-10 00:00:00+00:00,28.090107,33.61073,24.167814
2038-12-11 00:00:00+00:00,26.352222,33.77629,20.078133
2038-12-12 00:00:00+00:00,26.364342,33.591846,20.238447
2038-12-13 00:00:00+00:00,25.77646,33.1074,19.248762
2038-12-14 00:00:00+00:00,25.53858,33.222958,18.409079
2038-12-15 00:00:00+00:00,25.550695,33.08852,18.469395
2038-12-16 00:00:00+00:00,26.212812,33.304073,20.179708
2038-12-17 00:00:00+00:00,24.92493,31.869625,19.240026
2038-12-18 00:00:00+00:00,24.63705,32.935184,16.900343
2038-12-19 00:00:00+00:00,25.299166,33.750736,17.410656
2038-12-20 00:00:00+00:00,25.511284,33.666294,17.670973
2038-12-21 00:00:00+00:00,25.2234,32.631855,18.73129
2038-12-22 00:00:00+00:00,24.48552,32.997406,17.241604
2038-12-23 00:00:00+00:00,24.747635,33.162968,17.151922
2038-12-24 00:00:00+00:00,24.709755,32.67852,17.662237
2038-12-25 00:00:00+00:00,23.82187,31.094074,16.822554
2038-12-26 00:00:00+00:00,23.58399,30.60963,17.932869
2038-12-27 00:00:00+00:00,24.246109,32.27519,17.793182
2038-12-28 00:00:00+00:00,23.658226,31.790745,16.2535
2038-12-29 00:00:00+00:00,23.670341,32.8563,15.313816
2038-12-30 00:00:00+00:00,24.282461,32.771854,16.224129
2038-12-31 00:00:00+00:00,25.644579,32.687412,17.434444
2039-01-01 00:00:00+00:00,25.056696,32.752964,18.444763
2039-01-02 00:00:00+00:00,25.360235,32.854813,19.14826
2039-01-03 00:00:00+00:00,24.810919,31.902088,18.499481
2039-01-04 00:00:00+00:00,24.0116,30.89936,18.050703
2039-01-05 00:00:00+00:00,23.312284,31.246637,16.701925
2039-01-06 00:00:00+00:00,24.112963,32.19391,16.703146
2039-01-07 00:00:00+00:00,23.913649,32.09119,15.904368
2039-01-08 00:00:00+00:00,23.06433,29.538462,16.455591
2039-01-09 00:00:00+00:00,24.41501,29.985735,19.856813
2039-01-10 00:00:00+00:00,24.365692,32.533012,17.058037
2039-01-11 00:00:00+00:00,24.766378,33.780285,16.209257
2039-01-12 00:00:00+00:00,24.917057,32.977554,16.71048
2039-01-13 00:00:00+00:00,23.367739,29.924831,17.911703
2039-01-14 00:00:00+00:00,22.968422,31.722109,15.362923
2039-01-15 00:00:00+00:00,24.419104,32.669384,17.464148
2039-01-16 00:00:00+00:00,24.119785,32.76666,16.315369
2039-01-17 00:00:00+00:00,24.720469,32.513935,18.56659
2039-01-18 00:00:00+00:00,25.921148,33.411205,20.067814
2039-01-19 00:00:00+00:00,26.97183,34.708477,20.619034
2039-01-20 00:00:00+00:00,26.772518,34.755756,19.520258
2039-01-21 00:00:00+00:00,27.673197,36.35303,18.97148
2039-01-22 00:00:00+00:00,27.373878,36.100307,18.8727
2039-01-23 00:00:00+00:00,26.82456,34.04758,18.623924
2039-01-24 00:00:00+00:00,28.475243,37.094856,20.175144
2039-01-25 00:00:00+00:00,27.925924,35.642128,21.826366
2039-01-26 00:00:00+00:00,27.626606,34.6894,22.37759
2039-01-27 00:00:00+00:00,27.67729,36.886677,18.278812
2039-01-28 00:00:00+00:00,29.72797,38.63395,20.930033
2039-01-29 00:00:00+00:00,28.978651,36.131226,21.581257
2039-01-30 00:00:00+00:00,28.229336,35.428505,20.98248
2039-01-31 00:00:00+00:00,26.480017,32.825775,20.3337
2039-02-01 00:00:00+00:00,27.280699,36.473053,17.084923
2039-02-02 00:00:00+00:00,26.88138,33.320328,20.736145
2039-02-03 00:00:00+00:00,27.182066,34.467598,21.087366
2039-02-04 00:00:00+00:00,27.932747,36.964874,18.688591
2039-02-05 00:00:00+00:00,28.783428,36.712147,21.239809
2039-02-06 00:00:00+00:00,30.18411,38.509422,22.191034
2039-02-07 00:00:00+00:00,30.784792,37.656696,24.492254
2039-02-08 00:00:00+00:00,30.435472,37.65397,23.343475
2039-02-09 00:00:00+00:00,29.736156,37.051247,23.0447
2039-02-10 00:00:00+00:00,29.036839,35.198524,24.09592
2039-02-11 00:00:00+00:00,28.53752,35.645794,21.347143
2039-02-12 00:00:00+00:00,29.038204,36.49307,21.548368
2039-02-13 00:00:00+00:00,28.838884,37.140343,20.499588
2039-02-14 00:00:00+00:00,28.489567,36.687622,20.40081
2039-02-15 00:00:00+00:00,28.340248,36.284893,20.202034
2039-02-16 00:00:00+00:00,29.74093,38.182175,21.803255
2039-02-17 00:00:00+00:00,28.491613,35.479446,22.854477
2039-02-18 00:00:00+00:00,28.642292,35.52672,22.655699
2039-02-19 00:00:00+00:00,30.042978,38.723995,21.006918
2039-02-20 00:00:00+00:00,30.29366,39.521267,20.608143
2039-02-21 00:00:00+00:00,31.494343,40.61854,22.109365
2039-02-22 00:00:00+00:00,31.395021,40.71582,21.360588
2039-02-23 00:00:00+00:00,29.845707,36.81309,20.861809
2039-02-24 00:00:00+00:00,32.29639,40.560364,23.313032
2039-02-25 00:00:00+00:00,30.647066,39.157642,21.764252
2039-02-26 00:00:00+00:00,30.947752,39.054916,23.065477
2039-02-27 00:00:00+00:00,29.698435,37.85219,22.066698
2039-02-28 00:00:00+00:00,29.449118,37.699463,21.16792
2039-03-01 00:00:00+00:00,28.899797,37.69674,20.319145
2039-03-02 00:00:00+00:00,29.10048,38.644016,19.070362
2039-03-03 00:00:00+00:00,30.051163,40.191288,19.071587
2039-03-04 00:00:00+00:00,31.417206,40.697994,21.887106
2039-03-05 00:00:00+00:00,32.085445,40.556046,23.854668
2039-03-06 00:00:00+00:00,33.153687,41.5141,24.422232
2039-03-07 00:00:00+00:00,32.821922,41.022152,25.239792
2039-03-08 00:00:00+00:00,31.590158,38.580204,24.307354
2039-03-09 00:00:00+00:00,29.3084,36.138256,22.92492
2039-03-10 00:00:00+00:00,28.676638,35.946312,21.99248
2039-03-11 00:00:00+00:00,29.094875,36.65436,22.510046
2039-03-12 00:00:00+00:00,29.763111,37.81242,22.077604
2039-03-13 00:00:00+00:00,29.781353,38.67047,20.59517
2039-03-14 00:00:00+00:00,31.099588,39.828526,21.81273
2039-03-15 00:00:00+00:00,31.617826,39.78658,23.930294
2039-03-16 00:00:00+00:00,32.686066,41.14463,24.597858
2039-03-17 00:00:00+00:00,33.004307,38.70268,27.56542
2039-03-18 00:00:00+00:00,31.522543,37.71073,25.582983
2039-03-19 00:00:00+00:00,31.090782,38.41879,24.200542
2039-03-20 00:00:00+00:00,29.95902,38.02684,21.568108
2039-03-21 00:00:00+00:00,30.527258,39.634895,20.835669
2039-03-22 00:00:00+00:00,31.5455,39.79295,22.303232
2039-03-23 00:00:00+00:00,32.713734,40.450996,25.120794
2039-03-24 00:00:00+00:00,32.73197,41.009056,23.988358
2039-03-25 00:00:00+00:00,33.400215,42.017105,24.55592
2039-03-26 00:00:00+00:00,34.168453,42.97516,24.973484
2039-03-27 00:00:00+00:00,34.03669,42.933212,25.091045
2039-03-28 00:00:00+00:00,33.354927,41.79126,23.208607
2039-03-29 00:00:00+00:00,35.02317,43.999313,24.82617
2039-03-30 00:00:00+00:00,35.691402,43.95737,26.543734
2039-03-31 00:00:00+00:00,33.20964,40.365425,26.061295
2039-04-01 00:00:00+00:00,31.87788,39.22348,24.378857
2039-04-02 00:00:00+00:00,33.39612,42.93153,23.64642
2039-04-03 00:00:00+00:00,33.26436,42.03958,23.963982
2039-04-04 00:00:00+00:00,35.0826,43.797634,25.931545
2039-04-05 00:00:00+00:00,32.750835,41.70569,23.449108
2039-04-06 00:00:00+00:00,30.169075,38.463745,22.666672
2039-04-07 00:00:00+00:00,27.28731,36.1718,18.734234
2039-04-08 00:00:00+00:00,26.30555,35.679848,18.751797
2039-04-09 00:00:00+00:00,29.873789,38.8379,19.819359
2039-04-10 00:00:00+00:00,31.442026,39.995956,22.486921
2039-04-11 00:00:00+00:00,32.160263,40.404003,23.304483
2039-04-12 00:00:00+00:00,29.178505,37.46206,21.072046
2039-04-13 00:00:00+00:00,29.146742,37.170113,21.43961
2039-04-14 00:00:00+00:00,30.814981,38.978165,22.85717
2039-04-15 00:00:00+00:00,31.78322,38.836216,24.724735
2039-04-16 00:00:00+00:00,32.15146,39.24427,24.492298
2039-04-17 00:00:00+00:00,33.619698,41.45232,24.559858
2039-04-18 00:00:00+00:00,33.787933,41.110374,24.97742
2039-04-19 00:00:00+00:00,32.656174,40.518433,24.194984
2039-04-20 00:00:00+00:00,32.924408,41.276485,24.062548
2039-04-21 00:00:00+00:00,33.94265,42.784534,24.43011
2039-04-22 00:00:00+00:00,35.31089,43.492584,27.397673
2039-04-23 00:00:00+00:00,37.929127,45.50064,29.265234
2039-04-24 00:00:00+00:00,38.89736,45.658695,31.032797
2039-04-25 00:00:00+00:00,35.965603,43.466747,28.950361
2039-04-26 00:00:00+00:00,38.433838,46.274803,29.717922
2039-04-27 00:00:00+00:00,37.052082,44.78285,27.385483
2039-04-28 00:00:00+00:00,36.620316,46.39091,27.403046
2039-04-29 00:00:00+00:00,34.638557,41.39896,28.070612
2039-04-30 00:00:00+00:00,33.606796,39.307007,27.888172
2039-05-01 00:00:00+00:00,32.32503,38.965065,25.005735
2039-05-02 00:00:00+00:00,29.593271,34.623116,24.473297
2039-05-03 00:00:00+00:00,30.21151,36.131172,24.84086
2039-05-04 00:00:00+00:00,31.29795,39.877415,24.226667
2039-05-05 00:00:00+00:00,33.73439,42.823658,25.362478
2039-05-06 00:00:00+00:00,35.02083,41.669907,28.548285
2039-05-07 00:00:00+00:00,34.307274,41.11615,27.484097
2039-05-08 00:00:00+00:00,35.09371,42.662395,27.4699
2039-05-09 00:00:00+00:00,36.930153,44.658638,28.455711
2039-05-10 00:00:00+00:00,36.866592,44.254883,28.79152
2039-05-11 00:00:00+00:00,36.90303,44.40113,27.827328
2039-05-12 00:00:00+00:00,36.289474,43.397377,27.813137
2039-05-13 00:00:00+00:00,35.275917,42.743614,26.748945
2039-05-14 00:00:00+00:00,34.01236,42.13986,24.934752
2039-05-15 00:00:00+00:00,31.998796,40.136105,23.870562
2039-05-16 00:00:00+00:00,31.535234,40.63235,23.506367
2039-05-17 00:00:00+00:00,33.971676,43.978592,23.692179
2039-05-18 00:00:00+00:00,35.258118,43.07484,27.427984
2039-05-19 00:00:00+00:00,33.294556,41.121086,24.863792
2039-05-20 00:00:00+00:00,32.931,41.217323,25.149603
2039-05-21 00:00:00+00:00,33.817436,40.463573,25.73541
2039-05-22 00:00:00+00:00,38.103878,45.30982,29.971218
2039-05-23 00:00:00+00:00,36.94032,41.356064,32.55703
2039-05-24 00:00:00+00:00,33.676758,37.752304,29.492834
2039-05-25 00:00:00+00:00,33.863197,39.54855,27.478645
2039-05-26 00:00:00+00:00,33.19964,38.494797,27.664452
2039-05-27 00:00:00+00:00,33.08608,40.541042,27.000261
2039-05-28 00:00:00+00:00,35.072525,43.137283,26.886066
2039-05-29 00:00:00+00:00,32.65896,40.433525,24.771877
2039-05-30 00:00:00+00:00,30.495401,36.72977,25.057684
2039-05-31 00:00:00+00:00,28.681843,34.676014,23.443493
2039-06-01 00:00:00+00:00,28.56828,35.47226,21.6793
2039-06-02 00:00:00+00:00,29.054724,35.718506,22.415113
2039-06-03 00:00:00+00:00,29.691162,37.264755,21.800919
2039-06-04 00:00:00+00:00,30.727602,37.210995,24.18673
2039-06-05 00:00:00+00:00,30.814043,37.35724,23.772533
2039-06-06 00:00:00+00:00,30.900486,39.20348,23.508343
2039-06-07 00:00:00+00:00,30.636925,38.34973,23.69415
2039-06-08 00:00:00+00:00,30.873365,37.245975,23.629963
2039-06-09 00:00:00+00:00,31.159805,38.692215,23.865768
2039-06-10 00:00:00+00:00,30.996246,38.988464,23.951576
2039-06-11 00:00:00+00:00,30.182686,35.98471,24.187384
2039-06-12 00:00:00+00:00,30.569126,37.13095,23.973194
2039-06-13 00:00:00+00:00,30.805567,35.877193,25.359001
2039-06-14 00:00:00+00:00,30.692007,33.52344,27.04481
2039-06-15 00:00:00+00:00,32.178448,37.669685,26.630617
2039-06-16 00:00:00+00:00,31.964888,40.26593,25.416428
2039-06-17 00:00:00+00:00,30.601326,37.562172,24.652235
2039-06-18 00:00:00+00:00,30.087769,35.958424,25.488045
2039-06-19 00:00:00+00:00,31.124208,37.054665,25.123852
2039-06-20 00:00:00+00:00,31.46065,34.850906,27.509663
2039-06-21 00:00:00+00:00,31.797089,37.44715,25.995468
2039-06-22 00:00:00+00:00,31.733532,37.6934,25.831278
2039-06-23 00:00:00+00:00,30.269972,37.68964,24.767084
2039-06-24 00:00:00+00:00,30.806412,37.485886,24.902893
2039-06-25 00:00:00+00:00,31.842855,38.832127,25.538702
2039-06-26 00:00:00+00:00,31.729294,36.128376,26.674511
2039-06-27 00:00:00+00:00,31.51573,38.974617,25.31032
2039-06-28 00:00:00+00:00,32.00217,38.12086,26.246126
2039-06-29 00:00:00+00:00,31.538614,35.867107,27.231936
2039-06-30 00:00:00+00:00,30.425055,33.86335,26.967743
2039-07-01 00:00:00+00:00,30.061493,35.209602,25.553553
2039-07-02 00:00:00+00:00,32.547935,40.355843,24.38936
2039-07-03 00:00:00+00:00,32.88269,41.250008,26.173613
2039-07-04 00:00:00+00:00,31.355667,39.479664,24.696953
2039-07-05 00:00:00+00:00,30.778643,36.65931,25.870298
2039-07-06 00:00:00+00:00,30.551619,37.78895,24.29364
2039-07-07 00:00:00+00:00,29.624594,36.4686,23.866985
2039-07-08 00:00:00+00:00,29.247568,35.14825,24.84033
2039-07-09 00:00:00+00:00,29.620543,35.077896,26.063673
2039-07-10 00:00:00+00:00,30.29352,35.80754,25.037018
2039-07-11 00:00:00+00:00,30.766495,35.23719,25.910358
2039-07-12 00:00:00+00:00,31.33947,36.616837,26.433708
2039-07-13 00:00:00+00:00,32.162445,38.546486,26.25705
2039-07-14 00:00:00+00:00,31.68542,38.17613,25.730392
2039-07-15 00:00:00+00:00,29.958393,34.50578,26.953737
2039-07-16 00:00:00+00:00,30.78137,35.735424,26.327082
2039-07-17 00:00:00+00:00,31.004345,34.66507,27.450424
2039-07-18 00:00:00+00:00,29.527319,32.84472,25.673769
2039-07-19 00:00:00+00:00,29.800297,34.774364,24.347113
2039-07-20 00:00:00+00:00,30.07327,35.10401,24.670456
2039-07-21 00:00:00+00:00,29.646244,33.483654,24.993797
2039-07-22 00:00:00+00:00,27.719221,31.013304,25.517145
2039-07-23 00:00:00+00:00,28.692198,31.242952,25.89049
2039-07-24 00:00:00+00:00,29.61517,34.272602,25.913832
2039-07-25 00:00:00+00:00,29.938147,34.10225,26.187176
2039-07-26 00:00:00+00:00,29.611124,33.181896,27.16052
2039-07-27 00:00:00+00:00,29.534096,32.21154,27.433865
2039-07-28 00:00:00+00:00,30.007072,34.591187,27.157207
2039-07-29 00:00:00+00:00,30.58005,34.270836,27.380552
2039-07-30 00:00:00+00:00,30.553022,33.900482,27.253893
2039-07-31 00:00:00+00:00,30.575998,33.73013,27.27724
2039-08-01 00:00:00+00:00,30.598972,35.509777,26.650583
2039-08-02 00:00:00+00:00,30.571949,34.239426,27.173925
2039-08-03 00:00:00+00:00,31.544926,36.769073,27.24727
2039-08-04 00:00:00+00:00,31.017899,35.99872,26.620615
2039-08-05 00:00:00+00:00,30.690876,36.778366,26.193958
2039-08-06 00:00:00+00:00,29.963852,35.758015,24.7173
2039-08-07 00:00:00+00:00,30.036825,35.837658,24.490648
2039-08-08 00:00:00+00:00,29.9098,36.16731,25.063992
2039-08-09 00:00:00+00:00,29.382776,35.446957,24.787334
2039-08-10 00:00:00+00:00,29.20575,36.2266,22.110678
2039-08-11 00:00:00+00:00,30.678728,36.10625,25.484024
2039-08-12 00:00:00+00:00,31.8017,38.335896,25.057365
2039-08-13 00:00:00+00:00,31.524677,37.265545,25.880707
2039-08-14 00:00:00+00:00,31.647654,37.89519,26.304056
2039-08-15 00:00:00+00:00,30.870626,35.924835,26.1274
2039-08-16 00:00:00+00:00,30.643602,34.704483,26.25074
2039-08-17 00:00:00+00:00,26.466576,27.93413,25.724087
2039-08-18 00:00:00+00:00,26.839552,28.363777,25.797428
2039-08-19 00:00:00+00:00,28.862526,32.593426,25.520775
2039-08-20 00:00:00+00:00,29.085503,31.473072,26.944115
2039-08-21 00:00:00+00:00,29.75848,34.70272,25.717463
2039-08-22 00:00:00+00:00,27.83145,29.032364,26.840803
2039-08-23 00:00:00+00:00,26.954428,29.062017,25.61415
2039-08-24 00:00:00+00:00,27.177402,29.241661,25.237492
2039-08-25 00:00:00+00:00,28.10038,30.67131,26.110836
2039-08-26 00:00:00+00:00,25.723352,26.350956,25.58418
2039-08-27 00:00:00+00:00,26.94633,29.1306,25.257523
2039-08-28 00:00:00+00:00,27.569304,29.410244,25.880865
2039-08-29 00:00:00+00:00,28.09228,30.539898,26.004213
2039-08-30 00:00:00+00:00,28.565254,31.669544,26.127556
2039-08-31 00:00:00+00:00,27.938229,30.44919,25.750898
2039-09-01 00:00:00+00:00,28.411203,30.228836,26.824244
2039-09-02 00:00:00+00:00,28.343325,30.664377,26.057188
2039-09-03 00:00:00+00:00,28.352869,32.0176,25.568935
2039-09-04 00:00:00+00:00,28.362413,31.670834,25.930683
2039-09-05 00:00:00+00:00,28.221962,30.774055,26.492428
2039-09-06 00:00:00+00:00,28.081507,30.677279,26.504175
2039-09-07 00:00:00+00:00,27.891056,30.180502,26.165924
2039-09-08 00:00:00+00:00,28.0006,30.48373,26.37767
2039-09-09 00:00:00+00:00,27.660149,29.886953,25.689419
2039-09-10 00:00:00+00:00,29.369692,33.690178,25.601166
2039-09-11 00:00:00+00:00,31.329237,35.943405,27.112913
2039-09-12 00:00:00+00:00,30.138783,33.996628,26.774662
2039-09-13 00:00:00+00:00,28.348331,30.199854,27.486408
2039-09-14 00:00:00+00:00,27.657879,29.653078,26.498154
2039-09-15 00:00:00+00:00,28.217424,31.3563,26.159903
2039-09-16 00:00:00+00:00,28.426971,31.309525,26.621649
2039-09-17 00:00:00+00:00,26.436516,26.912752,26.333397
2039-09-18 00:00:00+00:00,27.64606,30.815975,25.145145
2039-09-19 00:00:00+00:00,28.35561,31.1692,25.956888
2039-09-20 00:00:00+00:00,29.015158,32.872425,26.468637
2039-09-21 00:00:00+00:00,30.224703,36.52565,25.480385
2039-09-22 00:00:00+00:00,29.334248,32.528873,25.642134
2039-09-23 00:00:00+00:00,28.093792,30.0321,26.60388
2039-09-24 00:00:00+00:00,28.253338,29.985323,26.665628
2039-09-25 00:00:00+00:00,28.012884,29.638546,27.177376
2039-09-26 00:00:00+00:00,27.522432,28.841774,26.589123
2039-09-27 00:00:00+00:00,28.831976,32.144997,26.20087
2039-09-28 00:00:00+00:00,27.841524,29.348225,26.912619
2039-09-29 00:00:00+00:00,28.601072,31.051449,26.674364
2039-09-30 00:00:00+00:00,28.610619,31.704674,26.73611
2039-10-01 00:00:00+00:00,27.520163,29.307896,25.79786
2039-10-02 00:00:00+00:00,27.97971,30.261122,26.359606
2039-10-03 00:00:00+00:00,28.389257,30.964344,25.921354
2039-10-04 00:00:00+00:00,28.3488,32.36757,25.233099
2039-10-05 00:00:00+00:00,28.108349,31.120796,26.994846
2039-10-06 00:00:00+00:00,29.767897,35.37402,25.506596
2039-10-07 00:00:00+00:00,29.67744,35.177242,25.668343
2039-10-08 00:00:00+00:00,29.486986,33.03047,27.180088
2039-10-09 00:00:00+00:00,29.296534,34.033695,26.141838
2039-10-10 00:00:00+00:00,30.95608,35.836918,26.553585
2039-10-11 00:00:00+00:00,30.065628,32.690144,27.965332
2039-10-12 00:00:00+00:00,29.625172,34.443367,25.927078
2039-10-13 00:00:00+00:00,30.384718,34.296593,26.688826
2039-10-14 00:00:00+00:00,30.044266,34.79982,26.550573
2039-10-15 00:00:00+00:00,29.953812,34.103043,26.11232
2039-10-16 00:00:00+00:00,28.263357,30.156265,26.824068
2039-10-17 00:00:00+00:00,28.772905,32.109497,26.035814
2039-10-18 00:00:00+00:00,27.832449,29.612717,26.097563
2039-10-19 00:00:00+00:00,27.991993,30.315939,26.059309
2039-10-20 00:00:00+00:00,28.651545,32.76917,26.371058
2039-10-21 00:00:00+00:00,29.161089,33.12239,25.782804
2039-10-22 00:00:00+00:00,28.970634,32.57562,26.644552
2039-10-23 00:00:00+00:00,30.180182,35.02884,25.9063
2039-10-24 00:00:00+00:00,31.689728,38.532066,26.268047
2039-10-25 00:00:00+00:00,30.349272,37.53529,22.829794
2039-10-26 00:00:00+00:00,30.40882,37.08852,23.741543
2039-10-27 00:00:00+00:00,30.918365,36.641743,25.853289
2039-10-28 00:00:00+00:00,32.477913,39.94496,25.665037
2039-10-29 00:00:00+00:00,31.937462,40.648193,23.426783
2039-10-30 00:00:00+00:00,30.897005,40.00142,22.588531
2039-10-31 00:00:00+00:00,31.256552,38.95464,24.000278
2039-11-01 00:00:00+00:00,31.516098,38.757866,23.912027
2039-11-02 00:00:00+00:00,31.176607,38.165714,24.673235
2039-11-03 00:00:00+00:00,29.538725,37.031265,22.483551
2039-11-04 00:00:00+00:00,28.90084,36.646828,21.643867
2039-11-05 00:00:00+00:00,28.712961,36.762383,20.254183
2039-11-06 00:00:00+00:00,28.825079,35.52794,21.464499
2039-11-07 00:00:00+00:00,32.087196,37.89349,25.924814
2039-11-08 00:00:00+00:00,32.749313,40.65905,25.23513
2039-11-09 00:00:00+00:00,32.16143,39.924606,24.495447
2039-11-10 00:00:00+00:00,30.67355,38.74016,23.405762
2039-11-11 00:00:00+00:00,30.535667,35.85572,25.366077
2039-11-12 00:00:00+00:00,30.347782,36.421272,25.026392
2039-11-13 00:00:00+00:00,31.4099,38.236828,25.086708
2039-11-14 00:00:00+00:00,32.372017,40.40239,24.197025
2039-11-15 00:00:00+00:00,32.684135,40.517937,24.60734
2039-11-16 00:00:00+00:00,32.346252,39.333504,26.067656
2039-11-17 00:00:00+00:00,32.358368,39.299057,25.677975
2039-11-18 00:00:00+00:00,30.67049,38.964607,21.988287
2039-11-19 00:00:00+00:00,29.432608,38.230167,20.198605
2039-11-20 00:00:00+00:00,30.144726,38.295727,22.458921
2039-11-21 00:00:00+00:00,30.156843,38.11128,22.469234
2039-11-22 00:00:00+00:00,29.368961,36.476833,22.229551
2039-11-23 00:00:00+00:00,29.68108,37.792393,22.23987
2039-11-24 00:00:00+00:00,29.593195,37.75795,21.800182
2039-11-25 00:00:00+00:00,29.855314,38.6235,20.5605
2039-11-26 00:00:00+00:00,30.317434,38.689056,21.470814
2039-11-27 00:00:00+00:00,29.529547,36.204617,23.28113
2039-11-28 00:00:00+00:00,27.741665,35.120174,20.791447
2039-11-29 00:00:00+00:00,27.553783,35.43573,19.50176
2039-11-30 00:00:00+00:00,28.265902,36.751286,19.462078
2039-12-01 00:00:00+00:00,28.878017,37.46684,19.622393
2039-12-02 00:00:00+00:00,30.340137,38.582397,22.832712
2039-12-03 00:00:00+00:00,30.002253,36.647953,23.993025
2039-12-04 00:00:00+00:00,29.164375,36.063503,23.30334
2039-12-05 00:00:00+00:00,28.07649,34.929066,22.163656
2039-12-06 00:00:00+00:00,26.988607,35.194622,19.573973
2039-12-07 00:00:00+00:00,28.050724,36.11018,20.48429
2039-12-08 00:00:00+00:00,27.962843,35.325733,20.844604
2039-12-09 00:00:00+00:00,26.574959,33.34129,19.504921
2039-12-10 00:00:00+00:00,28.137075,35.40684,21.315235
2039-12-11 00:00:00+00:00,26.649195,33.8724,20.475552
2039-12-12 00:00:00+00:00,27.311312,35.287956,20.085869
2039-12-13 00:00:00+00:00,27.723429,34.703514,22.096184
2039-12-14 00:00:00+00:00,25.885551,33.06907,19.2565
2039-12-15 00:00:00+00:00,25.497665,32.734623,19.366816
2039-12-16 00:00:00+00:00,25.359783,32.550186,18.827133
2039-12-17 00:00:00+00:00,25.7219,32.365738,20.237448
2039-12-18 00:00:00+00:00,25.38402,33.13129,18.297762
2039-12-19 00:00:00+00:00,25.446136,32.84685,18.458078
2039-12-20 00:00:00+00:00,24.458252,31.612406,17.918394
2039-12-21 00:00:00+00:00,24.720371,32.477962,17.528711
2039-12-22 00:00:00+00:00,25.232489,34.243515,16.739025
2039-12-23 00:00:00+00:00,24.844608,33.259075,16.749344
2039-12-24 00:00:00+00:00,26.356726,35.024628,17.709658
2039-12-25 00:00:00+00:00,28.168842,36.840183,19.469975
2039-12-26 00:00:00+00:00,28.280956,37.255745,18.93029
2039-12-27 00:00:00+00:00,28.693079,36.521297,21.090607
2039-12-28 00:00:00+00:00,28.755196,36.73686,20.90092
2039-12-29 00:00:00+00:00,27.717312,35.65241,20.161236
2039-12-30 00:00:00+00:00,27.77943,35.417965,20.771551
2039-12-31 00:00:00+00:00,28.19155,35.333523,19.581867
2040-01-01 00:00:00+00:00,27.703665,36.349083,19.292185
2040-01-02 00:00:00+00:00,28.560066,37.105495,20.797955
2040-01-03 00:00:00+00:00,29.260748,37.70277,20.649174
2040-01-04 00:00:00+00:00,29.51143,37.200043,22.000399
2040-01-05 00:00:00+00:00,28.86211,36.54732,21.301619
2040-01-06 00:00:00+00:00,28.362793,36.49459,21.302843
2040-01-07 00:00:00+00:00,28.213476,35.89187,20.254065
2040-01-08 00:00:00+00:00,27.864157,36.289146,19.705284
2040-01-09 00:00:00+00:00,28.714838,37.28642,20.25651
2040-01-10 00:00:00+00:00,29.065523,36.68369,21.75773
2040-01-11 00:00:00+00:00,27.516207,32.18096,23.608952
2040-01-12 00:00:00+00:00,28.666887,35.02824,24.360174
2040-01-13 00:00:00+00:00,27.41757,35.375515,20.711395
2040-01-14 00:00:00+00:00,26.71825,34.07279,20.562618
2040-01-15 00:00:00+00:00,25.568933,31.970066,20.06384
2040-01-16 00:00:00+00:00,24.869616,32.317337,18.515064
2040-01-17 00:00:00+00:00,25.120296,32.96461,18.316286
2040-01-18 00:00:00+00:00,24.870977,32.76189,18.167507
2040-01-19 00:00:00+00:00,25.821661,33.70916,19.81873
2040-01-20 00:00:00+00:00,25.772345,34.106438,19.069952
2040-01-21 00:00:00+00:00,25.923025,34.453712,18.021173
2040-01-22 00:00:00+00:00,26.823708,34.350986,20.622395
2040-01-23 00:00:00+00:00,26.87439,34.198257,20.523619
2040-01-24 00:00:00+00:00,25.97507,32.745537,20.02484
2040-01-25 00:00:00+00:00,25.575754,31.992813,20.576061
2040-01-26 00:00:00+00:00,26.076435,34.440083,18.827286
2040-01-27 00:00:00+00:00,26.57712,34.18736,20.378506
2040-01-28 00:00:00+00:00,26.2278,33.184635,21.079727
2040-01-29 00:00:00+00:00,26.828482,35.831905,18.93095
2040-01-30 00:00:00+00:00,28.629162,36.62918,20.332172
2040-01-31 00:00:00+00:00,29.279846,36.926456,22.033396
2040-02-01 00:00:00+00:00,28.73053,36.073734,22.284616
2040-02-02 00:00:00+00:00,27.63121,35.47101,20.935839
2040-02-03 00:00:00+00:00,27.931894,36.56828,19.537064
2040-02-04 00:00:00+00:00,28.282578,35.215557,20.788284
2040-02-05 00:00:00+00:00,27.283257,31.062828,23.239504
2040-02-06 00:00:00+00:00,29.233938,35.760105,22.79073
2040-02-07 00:00:00+00:00,28.63462,34.557377,23.541948
2040-02-08 00:00:00+00:00,27.385303,34.704655,19.943172
2040-02-09 00:00:00+00:00,26.385983,33.05193,20.244392
2040-02-10 00:00:00+00:00,27.086668,34.8492,20.245615
2040-02-11 00:00:00+00:00,28.387348,36.096478,20.846838
2040-02-12 00:00:00+00:00,29.588036,37.09375,22.69806
2040-02-13 00:00:00+00:00,30.388712,37.94103,23.049282
2040-02-14 00:00:00+00:00,29.889397,37.2383,22.950506
2040-02-15 00:00:00+00:00,27.09008,32.285576,22.701727
2040-02-16 00:00:00+00:00,25.040762,32.08285,17.852947
2040-02-17 00:00:00+00:00,24.941442,32.580124,16.604172
2040-02-18 00:00:00+00:00,25.942125,32.9774,18.75539
2040-02-19 00:00:00+00:00,24.742807,29.874674,19.556618
2040-02-20 00:00:00+00:00,28.64349,36.37195,20.557837
2040-02-21 00:00:00+00:00,29.744173,38.019226,21.50906
2040-02-22 00:00:00+00:00,30.894852,39.516495,21.710281
2040-02-23 00:00:00+00:00,31.945536,39.863773,24.311502
2040-02-24 00:00:00+00:00,32.946217,40.061047,26.812727
2040-02-25 00:00:00+00:00,32.896896,40.058323,26.213945
2040-02-26 00:00:00+00:00,31.297583,38.055595,25.61517
2040-02-27 00:00:00+00:00,29.248264,36.85287,21.616392
2040-02-28 00:00:00+00:00,28.748945,36.75015,20.017614
2040-02-29 00:00:00+00:00,28.699627,36.747417,20.018837
2040-03-01 00:00:00+00:00,29.050308,38.494698,19.520058
2040-03-02 00:00:00+00:00,31.050993,40.24197,21.87128
2040-03-03 00:00:00+00:00,31.812649,40.895985,22.682714
2040-03-04 00:00:00+00:00,32.030884,40.004032,24.900276
2040-03-05 00:00:00+00:00,31.499123,39.312084,23.867842
2040-03-06 00:00:00+00:00,31.06736,38.170143,25.335402
2040-03-07 00:00:00+00:00,30.135601,36.678196,23.552967
2040-03-08 00:00:00+00:00,28.453838,33.286243,24.220528
2040-03-09 00:00:00+00:00,28.522076,36.5443,20.98809
2040-03-10 00:00:00+00:00,28.990314,37.102352,21.805653
2040-03-11 00:00:00+00:00,30.158554,37.260403,23.723217
2040-03-12 00:00:00+00:00,28.676794,34.31846,22.29078
2040-03-13 00:00:00+00:00,28.995033,33.476513,23.75834
2040-03-14 00:00:00+00:00,27.813269,31.68456,23.975903
2040-03-15 00:00:00+00:00,26.331509,34.04262,20.343466
2040-03-16 00:00:00+00:00,28.699747,35.95067,21.761028
2040-03-17 00:00:00+00:00,28.317986,35.608723,20.978592
2040-03-18 00:00:00+00:00,28.186222,35.11678,21.096155
2040-03-19 00:00:00+00:00,30.204462,38.174828,22.113718
2040-03-20 00:00:00+00:00,31.922699,37.832882,27.231277
2040-03-21 00:00:00+00:00,29.990936,34.140938,25.84884
2040-03-22 00:00:00+00:00,32.559174,40.34899,24.366404
2040-03-23 00:00:00+00:00,31.427416,39.40704,23.083967
2040-03-24 00:00:00+00:00,31.345654,40.71509,22.301529
2040-03-25 00:00:00+00:00,30.563889,39.573147,21.569092
2040-03-26 00:00:00+00:00,31.332129,40.681194,22.286655
2040-03-27 00:00:00+00:00,32.650368,41.989254,22.75422
2040-03-28 00:00:00+00:00,33.71861,43.197304,23.671782
2040-03-29 00:00:00+00:00,33.286846,41.905357,24.089342
2040-03-30 00:00:00+00:00,33.10508,40.61341,25.856905
2040-03-31 00:00:00+00:00,33.423325,41.62146,24.874468
2040-04-01 00:00:00+00:00,35.09156,43.27952,26.442028
2040-04-02 00:00:00+00:00,35.0598,43.83757,25.909592
2040-04-03 00:00:00+00:00,33.178036,43.545624,21.927155
2040-04-04 00:00:00+00:00,33.246277,43.20368,21.994717
2040-04-05 00:00:00+00:00,33.464516,43.611725,22.06228
2040-04-06 00:00:00+00:00,33.482754,43.769783,21.779842
2040-04-07 00:00:00+00:00,32.75099,43.277836,22.897406
2040-04-08 00:00:00+00:00,32.96923,43.135883,21.814968
2040-04-09 00:00:00+00:00,33.087463,43.29394,21.482533
2040-04-10 00:00:00+00:00,32.305706,42.251995,22.600094
2040-04-11 00:00:00+00:00,32.573944,42.010044,23.367655
2040-04-12 00:00:00+00:00,31.942183,40.968098,23.085217
2040-04-13 00:00:00+00:00,33.26042,42.776154,22.302782
2040-04-14 00:00:00+00:00,33.028656,43.0842,21.170341
2040-04-15 00:00:00+00:00,32.896896,42.54226,21.687904
2040-04-16 00:00:00+00:00,33.615135,42.95031,22.25547
2040-04-17 00:00:00+00:00,33.733376,42.208363,24.023031
2040-04-18 00:00:00+00:00,33.551613,42.46641,24.190594
2040-04-19 00:00:00+00:00,33.51985,42.674465,23.758156
2040-04-20 00:00:00+00:00,34.58809,43.132523,24.72572
2040-04-21 00:00:00+00:00,36.75633,45.39057,26.293282
2040-04-22 00:00:00+00:00,34.67457,44.29863,23.110844
2040-04-23 00:00:00+00:00,33.742805,40.20668,26.428408
2040-04-24 00:00:00+00:00,32.511044,41.114735,24.195969
2040-04-25 00:00:00+00:00,33.079277,42.572792,24.063532
2040-04-26 00:00:00+00:00,32.397522,41.78084,22.481094
2040-04-27 00:00:00+00:00,32.01576,41.88889,22.398657
2040-04-28 00:00:00+00:00,33.983994,41.946945,23.966219
2040-04-29 00:00:00+00:00,38.25223,45.404995,29.833784
2040-04-30 00:00:00+00:00,35.17048,42.263054,28.501347
2040-05-01 00:00:00+00:00,33.688713,41.7211,25.518908
2040-05-02 00:00:00+00:00,34.25695,44.179157,23.88647
2040-05-03 00:00:00+00:00,36.45134,46.128353,24.380217
2040-05-04 00:00:00+00:00,36.53778,45.5746,27.866026
2040-05-05 00:00:00+00:00,34.07422,41.220844,27.001835
2040-05-06 00:00:00+00:00,33.91066,42.017082,26.387642
2040-05-07 00:00:00+00:00,36.147102,45.013332,26.72345
2040-05-08 00:00:00+00:00,35.88354,44.209576,26.80926
2040-05-09 00:00:00+00:00,33.119984,39.005825,26.795067
2040-05-10 00:00:00+00:00,32.20642,39.15207,25.430876
2040-05-11 00:00:00+00:00,29.642862,38.398315,21.866682
2040-05-12 00:00:00+00:00,31.779306,40.844555,22.452492
2040-05-13 00:00:00+00:00,31.965744,39.140797,24.9383
2040-05-14 00:00:00+00:00,32.05218,40.687042,23.324108
2040-05-15 00:00:00+00:00,33.288628,41.38329,24.709917
2040-05-16 00:00:00+00:00,33.025063,40.17953,26.145723
2040-05-17 00:00:00+00:00,32.161507,39.975777,24.381533
2040-05-18 00:00:00+00:00,30.947948,39.122025,22.617342
2040-05-19 00:00:00+00:00,31.884386,40.118267,23.70315
2040-05-20 00:00:00+00:00,33.570827,41.86451,23.788958
2040-05-21 00:00:00+00:00,36.757263,45.260754,27.274767
2040-05-22 00:00:00+00:00,36.743706,46.057,26.410576
2040-05-23 00:00:00+00:00,34.43015,42.403244,25.796383
2040-05-24 00:00:00+00:00,33.01659,39.49949,26.232191
2040-05-25 00:00:00+00:00,32.603027,41.74573,24.718
2040-05-26 00:00:00+00:00,34.08947,44.241978,22.95381
2040-05-27 00:00:00+00:00,35.52591,43.838223,26.339615
2040-05-28 00:00:00+00:00,33.21235,40.58447,25.475426
2040-05-29 00:00:00+00:00,32.39879,41.43071,24.311232
2040-05-30 00:00:00+00:00,30.085228,39.126957,21.447042
2040-05-31 00:00:00+00:00,28.771673,36.3732,21.78285
2040-06-01 00:00:00+00:00,28.508114,35.319443,21.818659
2040-06-02 00:00:00+00:00,28.394554,35.265686,21.554466
2040-06-03 00:00:00+00:00,28.380993,34.811935,21.190277
2040-06-04 00:00:00+00:00,29.517433,36.75818,22.126083
2040-06-05 00:00:00+00:00,30.553875,36.304424,24.661892
2040-06-06 00:00:00+00:00,32.490314,39.550667,25.8977
2040-06-07 00:00:00+00:00,33.176758,40.646915,26.18351
2040-06-08 00:00:00+00:00,31.213194,37.793156,26.119316
2040-06-09 00:00:00+00:00,30.999636,37.1394,25.605125
2040-06-10 00:00:00+00:00,29.686077,35.535645,24.840933
2040-06-11 00:00:00+00:00,30.572515,37.031895,24.076742
2040-06-12 00:00:00+00:00,31.558956,37.028133,25.96255
2040-06-13 00:00:00+00:00,32.795395,41.72438,25.09836
2040-06-14 00:00:00+00:00,32.581837,41.020622,25.384163
2040-06-15 00:00:00+00:00,32.418278,38.56687,26.369974
2040-06-16 00:00:00+00:00,33.00472,38.663113,27.505785
2040-06-17 00:00:00+00:00,32.79116,38.809357,27.041592
2040-06-18 00:00:00+00:00,29.8276,34.755604,25.827396
2040-06-19 00:00:00+00:00,31.314041,38.701847,25.463207
2040-06-20 00:00:00+00:00,32.05048,38.29809,26.249016
2040-06-21 00:00:00+00:00,31.936922,36.994335,27.134823
2040-06-22 00:00:00+00:00,30.22336,35.59058,24.470633
2040-06-23 00:00:00+00:00,28.859802,32.836823,26.506443
2040-06-24 00:00:00+00:00,29.54624,33.78307,25.092249
2040-06-25 00:00:00+00:00,31.032682,34.679314,26.578058
2040-06-26 00:00:00+00:00,32.469124,38.62556,26.513866
2040-06-27 00:00:00+00:00,33.455563,40.471806,26.449675
2040-06-28 00:00:00+00:00,31.592005,36.16805,27.085485
2040-06-29 00:00:00+00:00,31.328445,34.664295,27.47129
2040-06-30 00:00:00+00:00,31.314882,36.21054,26.5571
2040-07-01 00:00:00+00:00,29.951324,33.406784,26.092909
2040-07-02 00:00:00+00:00,29.537764,33.853024,24.878716
2040-07-03 00:00:00+00:00,29.012423,31.08475,27.55362
2040-07-04 00:00:00+00:00,28.985397,33.014397,26.276962
2040-07-05 00:00:00+00:00,28.858374,32.744038,25.300304
2040-07-06 00:00:00+00:00,30.63135,35.07369,26.17365
2040-07-07 00:00:00+00:00,31.754324,35.653336,27.846992
2040-07-08 00:00:00+00:00,29.6773,33.48298,26.670338
2040-07-09 00:00:00+00:00,29.400274,31.912628,26.493683
2040-07-10 00:00:00+00:00,28.673252,31.742277,26.767025
2040-07-11 00:00:00+00:00,30.796225,35.92192,26.29037
2040-07-12 00:00:00+00:00,29.6692,33.50157,25.513712
2040-07-13 00:00:00+00:00,29.342176,31.831219,26.23706
2040-07-14 00:00:00+00:00,30.965149,35.810863,26.110401
2040-07-15 00:00:00+00:00,30.938126,37.09051,25.883745
2040-07-16 00:00:00+00:00,30.6611,36.77016,25.557089
2040-07-17 00:00:00+00:00,30.584076,35.649807,26.080431
2040-07-18 00:00:00+00:00,30.657051,35.479454,25.803776
2040-07-19 00:00:00+00:00,29.230028,34.5591,24.97712
2040-07-20 00:00:00+00:00,30.103004,37.38875,22.850464
2040-07-21 00:00:00+00:00,29.975977,36.468395,23.773808
2040-07-22 00:00:00+00:00,29.898952,36.548042,23.947151
2040-07-23 00:00:00+00:00,30.321926,37.927685,23.470499
2040-07-24 00:00:00+00:00,31.044903,37.907333,24.843842
2040-07-25 00:00:00+00:00,31.717878,38.086983,26.167185
2040-07-26 00:00:00+00:00,30.190853,35.016632,26.040527
2040-07-27 00:00:00+00:00,30.713827,37.796276,24.16387
2040-07-28 00:00:00+00:00,31.036804,37.525925,25.187212
2040-07-29 00:00:00+00:00,29.059778,33.90557,24.810558
2040-07-30 00:00:00+00:00,29.732754,35.685215,25.5839
2040-07-31 00:00:00+00:00,29.305729,32.914864,25.907248
2040-08-01 00:00:00+00:00,28.778706,31.99451,25.78059
2040-08-02 00:00:00+00:00,27.401682,29.924156,26.103935
2040-08-03 00:00:00+00:00,27.774654,31.803806,25.027275
2040-08-04 00:00:00+00:00,29.097631,31.933456,26.300623
2040-08-05 00:00:00+00:00,29.420607,33.363102,26.373966
2040-08-06 00:00:00+00:00,31.24358,36.142746,26.947308
2040-08-07 00:00:00+00:00,31.916557,36.422398,27.870653
2040-08-08 00:00:00+00:00,31.989529,38.70204,26.543997
2040-08-09 00:00:00+00:00,29.112507,32.581688,27.167343
2040-08-10 00:00:00+00:00,28.485481,32.011333,27.240685
2040-08-11 00:00:00+00:00,28.108456,31.640984,26.464027
2040-08-12 00:00:00+00:00,30.031433,35.570633,26.387375
2040-08-13 00:00:00+00:00,29.804407,35.450275,26.060717
2040-08-14 00:00:00+00:00,29.12738,32.729927,25.834059
2040-08-15 00:00:00+00:00,29.350357,33.909573,25.957403
2040-08-16 00:00:00+00:00,29.173332,32.739223,25.780748
2040-08-17 00:00:00+00:00,31.196308,37.418865,25.954092
2040-08-18 00:00:00+00:00,31.969284,38.398514,26.427435
2040-08-19 00:00:00+00:00,29.242258,33.62816,25.600779
2040-08-20 00:00:00+00:00,29.665236,34.857807,26.624125
2040-08-21 00:00:00+00:00,30.188211,33.88746,26.297466
2040-08-22 00:00:00+00:00,29.261183,33.7671,26.170813
2040-08-23 00:00:00+00:00,31.284159,38.346752,24.694155
2040-08-24 00:00:00+00:00,30.907133,35.276398,26.9175
2040-08-25 00:00:00+00:00,27.78011,31.906044,25.140842
2040-08-26 00:00:00+00:00,27.603086,30.235693,25.764189
2040-08-27 00:00:00+00:00,29.426062,35.01534,24.33753
2040-08-28 00:00:00+00:00,30.399036,36.544987,26.210875
2040-08-29 00:00:00+00:00,28.42201,32.974632,26.184217
2040-08-30 00:00:00+00:00,28.394987,32.154278,26.157562
2040-08-31 00:00:00+00:00,28.36796,32.783928,25.130907
2040-09-01 00:00:00+00:00,28.990936,32.813572,25.20425
2040-09-02 00:00:00+00:00,27.80048,31.566795,25.715998
2040-09-03 00:00:00+00:00,26.36003,28.870024,24.627745
2040-09-04 00:00:00+00:00,26.419573,29.673246,23.989492
2040-09-05 00:00:00+00:00,27.029123,29.77647,23.951242
2040-09-06 00:00:00+00:00,28.388668,32.029697,25.262985
2040-09-07 00:00:00+00:00,28.198214,32.08292,25.424734
2040-09-08 00:00:00+00:00,26.95776,28.736145,25.986483
2040-09-09 00:00:00+00:00,28.617304,33.28937,24.198229
2040-09-10 00:00:00+00:00,28.476852,31.092598,25.809977
2040-09-11 00:00:00+00:00,27.636398,30.795818,25.921724
2040-09-12 00:00:00+00:00,27.145947,29.24905,25.28347
2040-09-13 00:00:00+00:00,26.955492,28.90227,25.29522
2040-09-14 00:00:00+00:00,26.865038,29.205492,25.356964
2040-09-15 00:00:00+00:00,28.424583,31.608719,25.71871
2040-09-16 00:00:00+00:00,28.184128,31.911942,25.030458
2040-09-17 00:00:00+00:00,27.493675,30.41517,26.242207
2040-09-18 00:00:00+00:00,27.403221,29.518394,26.603954
2040-09-19 00:00:00+00:00,28.01277,30.57162,25.8157
2040-09-20 00:00:00+00:00,28.122316,31.32484,25.67745
2040-09-21 00:00:00+00:00,28.481863,32.328068,24.989197
2040-09-22 00:00:00+00:00,27.89141,30.431295,25.500942
2040-09-23 00:00:00+00:00,27.800955,30.584518,25.96269
2040-09-24 00:00:00+00:00,27.6605,30.487745,25.62444
2040-09-25 00:00:00+00:00,27.170044,29.640968,25.986187
2040-09-26 00:00:00+00:00,27.929596,30.99419,24.947933
2040-09-27 00:00:00+00:00,28.539139,31.897419,26.509678
2040-09-28 00:00:00+00:00,29.448685,32.95064,26.221428
2040-09-29 00:00:00+00:00,31.058231,36.853867,26.583174
2040-09-30 00:00:00+00:00,29.867779,33.557095,27.044922
2040-10-01 00:00:00+00:00,29.527323,32.410316,26.806667
2040-10-02 00:00:00+00:00,25.88687,27.01354,25.818419
2040-10-03 00:00:00+00:00,26.796413,29.116768,25.880163
2040-10-04 00:00:00+00:00,27.905964,30.66999,25.941912
2040-10-05 00:00:00+00:00,27.31551,28.823215,25.853657
2040-10-06 00:00:00+00:00,27.775055,30.076443,25.565405
2040-10-07 00:00:00+00:00,26.8846,27.729666,26.177153
2040-10-08 00:00:00+00:00,25.694149,26.182888,25.1889
2040-10-09 00:00:00+00:00,25.753695,27.086117,25.150646
2040-10-10 00:00:00+00:00,27.413239,30.03934,24.862394
2040-10-11 00:00:00+00:00,27.222786,29.192562,25.674145
2040-10-12 00:00:00+00:00,26.732334,28.29579,25.68589
2040-10-13 00:00:00+00:00,25.39188,28.299013,22.397636
2040-10-14 00:00:00+00:00,26.051424,29.852238,22.559383
2040-10-15 00:00:00+00:00,26.81097,29.755465,23.62113
2040-10-16 00:00:00+00:00,27.670517,30.008688,25.982878
2040-10-17 00:00:00+00:00,26.130066,26.46191,26.394625
2040-10-18 00:00:00+00:00,26.88961,28.665138,25.956375
2040-10-19 00:00:00+00:00,27.649157,30.268362,25.618122
2040-10-20 00:00:00+00:00,27.358702,29.521585,25.22987
2040-10-21 00:00:00+00:00,28.268248,30.874813,26.241615
2040-10-22 00:00:00+00:00,29.127794,32.628036,25.653362
2040-10-23 00:00:00+00:00,28.73734,31.781258,25.76511
2040-10-24 00:00:00+00:00,28.596886,31.834488,25.576859
2040-10-25 00:00:00+00:00,28.006435,31.43771,24.638603
2040-10-26 00:00:00+00:00,27.815979,32.340935,22.900349
2040-10-27 00:00:00+00:00,28.075525,33.99416,22.362099
2040-10-28 00:00:00+00:00,28.335072,33.097385,23.323845
2040-10-29 00:00:00+00:00,28.944618,32.450615,25.285593
2040-10-30 00:00:00+00:00,29.804163,34.253834,25.54734
2040-10-31 00:00:00+00:00,29.213709,32.707058,25.159086
2040-11-01 00:00:00+00:00,28.973577,32.611824,26.520657
2040-11-02 00:00:00+00:00,29.785698,34.77738,25.030973
2040-11-03 00:00:00+00:00,29.147814,35.242935,23.341288
2040-11-04 00:00:00+00:00,28.90993,35.558487,21.951603
2040-11-05 00:00:00+00:00,28.422047,34.57405,21.961918
2040-11-06 00:00:00+00:00,30.484165,36.939606,24.072237
2040-11-07 00:00:00+00:00,31.296284,37.655163,25.03255
2040-11-08 00:00:00+00:00,30.158401,36.070717,24.492867
2040-11-09 00:00:00+00:00,29.820518,37.336273,23.103182
2040-11-10 00:00:00+00:00,29.282637,37.25183,22.213501
2040-11-11 00:00:00+00:00,29.944756,37.51739,22.273815
2040-11-12 00:00:00+00:00,29.556871,37.382942,22.08413
2040-11-13 00:00:00+00:00,28.76899,36.698494,21.044445
2040-11-14 00:00:00+00:00,29.581106,37.064056,22.55476
2040-11-15 00:00:00+00:00,31.343225,38.42961,24.465076
2040-11-16 00:00:00+00:00,31.255344,38.64517,24.325394
2040-11-17 00:00:00+00:00,29.71746,37.51072,22.385708
2040-11-18 00:00:00+00:00,29.079576,37.52628,20.746025
2040-11-19 00:00:00+00:00,29.341698,37.541832,21.50634
2040-11-20 00:00:00+00:00,29.603811,37.05739,22.166656
2040-11-21 00:00:00+00:00,30.11593,37.67295,23.526972
2040-11-22 00:00:00+00:00,29.578049,37.0385,22.33729
2040-11-23 00:00:00+00:00,29.540165,36.804058,22.397604
2040-11-24 00:00:00+00:00,28.802284,35.969616,22.55792
2040-11-25 00:00:00+00:00,29.064402,36.38517,22.418236
2040-11-26 00:00:00+00:00,28.07652,33.500725,22.978552
2040-11-27 00:00:00+00:00,28.238638,34.61628,22.688866
2040-11-28 00:00:00+00:00,28.450752,35.83184,21.649183
2040-11-29 00:00:00+00:00,28.212872,35.697395,20.509499
2040-11-30 00:00:00+00:00,28.724989,35.71295,22.269814
2040-12-01 00:00:00+00:00,28.387108,35.32851,21.730131
2040-12-02 00:00:00+00:00,28.399227,35.394062,21.690447
2040-12-03 00:00:00+00:00,27.611341,34.509617,20.550762
2040-12-04 00:00:00+00:00,26.173462,31.975174,20.861078
2040-12-05 00:00:00+00:00,25.035576,32.24073,19.121397
2040-12-06 00:00:00+00:00,26.097696,33.756287,19.531708
2040-12-07 00:00:00+00:00,26.80981,33.471844,21.292027
2040-12-08 00:00:00+00:00,26.47193,33.8374,20.302343
2040-12-09 00:00:00+00:00,25.534048,32.802956,19.062656
2040-12-10 00:00:00+00:00,26.046167,34.768513,18.122972
2040-12-11 00:00:00+00:00,27.358282,35.634068,19.583288
2040-12-12 00:00:00+00:00,29.020403,36.349625,21.893604
2040-12-13 00:00:00+00:00,27.632519,34.06518,22.10392
2040-12-14 00:00:00+00:00,26.394636,33.080738,20.964237
2040-12-15 00:00:00+00:00,26.106754,32.846294,20.674551
2040-12-16 00:00:00+00:00,25.868874,32.711845,19.984869
2040-12-17 00:00:00+00:00,25.63099,32.877407,19.195183
2040-12-18 00:00:00+00:00,25.093107,32.242958,19.105501
2040-12-19 00:00:00+00:00,24.455223,32.25852,17.165815
2040-12-20 00:00:00+00:00,24.71734,32.32407,17.226131
2040-12-21 00:00:00+00:00,25.47946,33.239628,18.736446
2040-12-22 00:00:00+00:00,26.19158,33.955185,19.646763
2040-12-23 00:00:00+00:00,27.203695,33.920742,20.807081
2040-12-24 00:00:00+00:00,25.515812,31.836296,20.667397
2040-12-25 00:00:00+00:00,24.82793,31.751854,20.327711
2040-12-26 00:00:00+00:00,24.49005,32.81741,17.388027
2040-12-27 00:00:00+00:00,25.552166,32.682964,19.848343
2040-12-28 00:00:00+00:00,24.964285,32.848522,18.50866
2040-12-29 00:00:00+00:00,25.726402,33.314075,19.268974
2040-12-30 00:00:00+00:00,25.53852,33.07963,19.12929
2040-12-31 00:00:00+00:00,26.150637,32.49519,19.339605
2041-01-01 00:00:00+00:00,25.459894,32.006172,20.047647
2041-01-02 00:00:00+00:00,24.26058,30.553446,18.748869
2041-01-03 00:00:00+00:00,23.661259,30.200722,18.250092
2041-01-04 00:00:00+00:00,23.96194,30.397999,18.201313
2041-01-05 00:00:00+00:00,24.162624,30.045275,18.602533
2041-01-06 00:00:00+00:00,24.213306,30.742548,18.303759
2041-01-07 00:00:00+00:00,23.863987,30.08982,19.304981
2041-01-08 00:00:00+00:00,23.764671,30.5371,16.956203
2041-01-09 00:00:00+00:00,24.61535,32.73437,16.907423
2041-01-10 00:00:00+00:00,23.516035,27.681644,19.158648
2041-01-11 00:00:00+00:00,25.16672,30.778921,20.95987
2041-01-12 00:00:00+00:00,25.317398,30.126198,21.161093
2041-01-13 00:00:00+00:00,24.918081,30.12347,21.112312
2041-01-14 00:00:00+00:00,24.768764,30.820744,18.913536
2041-01-15 00:00:00+00:00,25.169447,32.41802,18.76476
2041-01-16 00:00:00+00:00,25.620127,33.265297,18.615978
2041-01-17 00:00:00+00:00,25.920809,33.26257,19.567202
2041-01-18 00:00:00+00:00,25.921492,33.259842,19.118422
2041-01-19 00:00:00+00:00,25.722172,33.05712,18.969646
2041-01-20 00:00:00+00:00,25.922855,33.704388,19.270866
2041-01-21 00:00:00+00:00,26.873535,34.80167,20.27209
2041-01-22 00:00:00+00:00,27.124216,34.89894,20.523314
2041-01-23 00:00:00+00:00,27.724901,35.896217,20.524534
2041-01-24 00:00:00+00:00,27.675585,35.59349,21.325756
2041-01-25 00:00:00+00:00,27.676266,36.040768,20.276981
2041-01-26 00:00:00+00:00,27.576948,35.53804,20.328201
2041-01-27 00:00:00+00:00,28.127628,36.535313,20.879421
2041-01-28 00:00:00+00:00,27.628311,36.23259,19.630642
2041-01-29 00:00:00+00:00,26.928995,34.82986,20.081867
2041-01-30 00:00:00+00:00,26.679676,35.127136,19.83309
2041-01-31 00:00:00+00:00,26.53036,34.824417,19.88431
2041-02-01 00:00:00+00:00,26.281044,34.171688,19.485533
2041-02-02 00:00:00+00:00,26.081724,34.718964,18.386757
2041-02-03 00:00:00+00:00,26.982405,35.316235,19.687977
2041-02-04 00:00:00+00:00,26.283089,32.463512,20.3392
2041-02-05 00:00:00+00:00,26.28377,32.960785,19.790422
2041-02-06 00:00:00+00:00,27.284452,34.65806,19.891644
2041-02-07 00:00:00+00:00,28.035133,36.255333,20.442867
2041-02-08 00:00:00+00:00,28.535814,37.00261,20.194088
2041-02-09 00:00:00+00:00,29.136496,36.949886,22.545311
2041-02-10 00:00:00+00:00,28.18718,36.397156,20.646532
2041-02-11 00:00:00+00:00,28.387863,36.194435,20.997753
2041-02-12 00:00:00+00:00,29.388542,36.941708,23.248976
2041-02-13 00:00:00+00:00,26.789225,33.03898,21.450201
2041-02-14 00:00:00+00:00,27.589909,34.53626,22.001421
2041-02-15 00:00:00+00:00,27.34059,35.78353,19.652641
2041-02-16 00:00:00+00:00,28.791271,37.980804,19.803867
2041-02-17 00:00:00+00:00,30.041954,36.828083,23.755087
2041-02-18 00:00:00+00:00,30.842638,36.675358,26.55631
2041-02-19 00:00:00+00:00,30.143316,38.072628,22.957531
2041-02-20 00:00:00+00:00,29.994,38.069904,23.258753
2041-02-21 00:00:00+00:00,30.594683,39.667183,22.259974
2041-02-22 00:00:00+00:00,30.895365,39.714455,22.211199
2041-02-23 00:00:00+00:00,30.246046,39.81173,21.61242
2041-02-24 00:00:00+00:00,31.19673,40.659008,21.813644
2041-02-25 00:00:00+00:00,30.297413,38.70628,22.864864
2041-02-26 00:00:00+00:00,29.298094,35.75355,23.666084
2041-02-27 00:00:00+00:00,28.498774,35.70083,22.417307
2041-02-28 00:00:00+00:00,27.29946,35.3481,18.86853
2041-03-01 00:00:00+00:00,27.600138,35.695374,18.969753
2041-03-02 00:00:00+00:00,28.450823,36.642654,20.870975
2041-03-03 00:00:00+00:00,28.758087,37.49397,19.928324
2041-03-04 00:00:00+00:00,29.926325,37.70202,22.345888
2041-03-05 00:00:00+00:00,30.494564,37.61007,24.26345
2041-03-06 00:00:00+00:00,29.162802,36.268127,22.58101
2041-03-07 00:00:00+00:00,29.531042,36.97618,22.398577
2041-03-08 00:00:00+00:00,29.69928,38.034233,21.166138
2041-03-09 00:00:00+00:00,30.117516,38.842285,21.4337
2041-03-10 00:00:00+00:00,31.585758,40.400333,23.051262
2041-03-11 00:00:00+00:00,33.753994,40.90839,27.818823
2041-03-12 00:00:00+00:00,32.472233,39.766445,26.436388
2041-03-13 00:00:00+00:00,31.290472,39.124496,23.85395
2041-03-14 00:00:00+00:00,30.90871,40.13255,21.521515
2041-03-15 00:00:00+00:00,31.976948,41.490604,21.489075
2041-03-16 00:00:00+00:00,32.345184,41.948654,21.656637
2041-03-17 00:00:00+00:00,32.713425,42.406708,22.3242
2041-03-18 00:00:00+00:00,31.381664,41.314762,22.141764
2041-03-19 00:00:00+00:00,31.099903,41.422817,21.159325
2041-03-20 00:00:00+00:00,31.96814,42.28087,20.326887
2041-03-21 00:00:00+00:00,32.536377,42.73892,21.44445
2041-03-22 00:00:00+00:00,33.154617,42.296978,24.662014
2041-03-23 00:00:00+00:00,33.422855,42.155025,25.429577
2041-03-24 00:00:00+00:00,33.09109,42.51308,23.34714
2041-03-25 00:00:00+00:00,34.00933,42.471134,25.464703
2041-03-26 00:00:00+00:00,33.12757,41.479187,24.832262
2041-03-27 00:00:00+00:00,31.945807,40.23724,23.599827
2041-03-28 00:00:00+00:00,31.864046,41.44529,21.617388
2041-03-29 00:00:00+00:00,31.582287,40.953346,20.88495
2041-03-30 00:00:00+00:00,35.750526,43.311398,28.252512
2041-03-31 00:00:00+00:00,35.568764,43.51945,27.520075
2041-04-01 00:00:00+00:00,34.487,42.9775,26.237638
2041-04-02 00:00:00+00:00,33.80524,43.43556,23.8052
2041-04-03 00:00:00+00:00,32.173477,42.493607,22.022764
2041-04-04 00:00:00+00:00,32.791718,42.651665,22.840326
2041-04-05 00:00:00+00:00,33.759953,43.059715,23.45789
2041-04-06 00:00:00+00:00,33.72819,43.66777,22.475452
2041-04-07 00:00:00+00:00,32.946434,43.27582,21.943016
2041-04-08 00:00:00+00:00,34.11467,43.78387,22.760578
2041-04-09 00:00:00+00:00,35.282906,44.641926,25.028141
2041-04-10 00:00:00+00:00,34.751144,43.84998,24.945702
2041-04-11 00:00:00+00:00,35.219383,44.058033,25.863264
2041-04-12 00:00:00+00:00,35.787624,44.66608,26.730827
2041-04-13 00:00:00+00:00,33.40586,41.27414,25.948391
2041-04-14 00:00:00+00:00,34.5241,43.33219,24.765951
2041-04-15 00:00:00+00:00,36.54234,44.94024,26.383516
2041-04-16 00:00:00+00:00,34.260574,43.148293,25.251078
2041-04-17 00:00:00+00:00,33.478817,43.15635,22.11864
2041-04-18 00:00:00+00:00,34.097054,42.864407,24.736202
2041-04-19 00:00:00+00:00,33.315292,42.572456,23.053766
2041-04-20 00:00:00+00:00,32.533527,42.28051,22.17133
2041-04-21 00:00:00+00:00,33.151768,43.388557,21.538889
2041-04-22 00:00:00+00:00,33.820007,44.046616,22.606455
2041-04-23 00:00:00+00:00,34.188248,44.254665,23.074015
2041-04-24 00:00:00+00:00,33.756485,43.71272,24.041578
2041-04-25 00:00:00+00:00,33.52472,41.170776,26.259142
2041-04-26 00:00:00+00:00,32.14296,39.12883,25.076704
2041-04-27 00:00:00+00:00,33.1112,41.386883,26.144264
2041-04-28 00:00:00+00:00,36.779438,44.94493,27.56183
2041-04-29 00:00:00+00:00,35.947674,43.85298,26.62939
2041-04-30 00:00:00+00:00,36.365913,44.11104,27.796953
2041-05-01 00:00:00+00:00,35.334152,43.219093,25.914518
2041-05-02 00:00:00+00:00,34.90239,43.07714,26.082079
2041-05-03 00:00:00+00:00,36.10473,44.079292,26.383766
2041-05-04 00:00:00+00:00,37.99117,44.17554,31.469574
2041-05-05 00:00:00+00:00,37.52761,44.021782,31.00538
2041-05-06 00:00:00+00:00,36.46405,44.21802,27.641191
2041-05-07 00:00:00+00:00,35.65049,43.36427,27.076998
2041-05-08 00:00:00+00:00,35.23693,43.41052,26.612806
2041-05-09 00:00:00+00:00,35.723373,44.506763,25.648613
2041-05-10 00:00:00+00:00,34.70981,41.003006,28.334425
2041-05-11 00:00:00+00:00,34.546253,41.84925,27.32023
2041-05-12 00:00:00+00:00,36.732697,44.345497,28.25604
2041-05-13 00:00:00+00:00,36.619133,44.241737,27.74185
2041-05-14 00:00:00+00:00,34.455574,42.23798,26.027657
2041-05-15 00:00:00+00:00,32.442013,39.934227,24.713465
2041-05-16 00:00:00+00:00,32.228455,39.930473,24.849272
2041-05-17 00:00:00+00:00,31.114897,38.426716,24.185081
2041-05-18 00:00:00+00:00,33.20134,40.422962,26.520887
2041-05-19 00:00:00+00:00,34.937775,42.219204,27.406698
2041-05-20 00:00:00+00:00,37.074215,45.01545,27.792507
2041-05-21 00:00:00+00:00,39.51066,47.411694,30.878315
2041-05-22 00:00:00+00:00,35.497097,40.55794,30.114124
2041-05-23 00:00:00+00:00,34.18354,40.554184,28.79993
2041-05-24 00:00:00+00:00,32.61998,39.15043,26.685738
2041-05-25 00:00:00+00:00,32.906418,42.046673,24.821548
2041-05-26 00:00:00+00:00,33.84286,40.942913,26.857355
2041-05-27 00:00:00+00:00,33.1793,40.48916,25.793163
2041-05-28 00:00:00+00:00,34.315742,39.685406,27.928972
2041-05-29 00:00:00+00:00,32.15218,35.93165,28.21478
2041-05-30 00:00:00+00:00,32.988617,39.67789,26.500591
2041-05-31 00:00:00+00:00,35.07506,44.92414,25.336397
2041-06-01 00:00:00+00:00,35.961502,42.770386,28.222206
2041-06-02 00:00:00+00:00,33.89794,40.016632,28.058014
2041-06-03 00:00:00+00:00,34.784386,40.81287,28.893824
2041-06-04 00:00:00+00:00,34.170822,42.15912,26.82963
2041-06-05 00:00:00+00:00,34.407265,41.805363,27.515438
2041-06-06 00:00:00+00:00,33.843704,40.451607,28.151249
2041-06-07 00:00:00+00:00,32.480145,38.597847,26.887056
2041-06-08 00:00:00+00:00,30.916584,37.394096,25.722862
2041-06-09 00:00:00+00:00,29.603025,32.39034,27.308672
2041-06-10 00:00:00+00:00,30.939466,36.036587,25.344482
2041-06-11 00:00:00+00:00,33.875908,40.332825,27.430288
2041-06-12 00:00:00+00:00,34.212345,42.879074,27.0661
2041-06-13 00:00:00+00:00,33.39879,38.97532,27.901905
2041-06-14 00:00:00+00:00,33.385227,38.371563,28.437716
2041-06-15 00:00:00+00:00,33.621666,39.267807,27.523525
2041-06-16 00:00:00+00:00,33.50811,39.41405,28.50933
2041-06-17 00:00:00+00:00,33.24455,38.610294,27.24514
2041-06-18 00:00:00+00:00,32.03099,34.706543,28.430946
2041-06-19 00:00:00+00:00,32.86743,39.802784,27.266758
2041-06-20 00:00:00+00:00,32.90387,38.69903,27.602566
2041-06-21 00:00:00+00:00,33.24031,39.145275,27.688374
2041-06-22 00:00:00+00:00,33.77675,39.09152,28.524181
2041-06-23 00:00:00+00:00,33.11319,37.737766,28.509989
2041-06-24 00:00:00+00:00,32.69963,38.93401,26.445799
2041-06-25 00:00:00+00:00,30.836075,33.230255,27.681604
2041-06-26 00:00:00+00:00,31.27251,36.4265,26.317415
2041-06-27 00:00:00+00:00,33.00895,38.72274,27.403221
2041-06-28 00:00:00+00:00,32.695396,36.368984,28.73903
2041-06-29 00:00:00+00:00,31.631836,34.81523,28.474842
2041-06-30 00:00:00+00:00,32.818275,38.011475,28.110645
2041-07-01 00:00:00+00:00,33.054718,40.15772,27.746454
2041-07-02 00:00:00+00:00,32.441154,38.253967,26.582266
2041-07-03 00:00:00+00:00,33.319183,39.589832,27.160282
2041-07-04 00:00:00+00:00,31.242155,32.76948,29.083626
2041-07-05 00:00:00+00:00,31.61513,37.599133,26.756971
2041-07-06 00:00:00+00:00,32.488106,37.778774,26.830313
2041-07-07 00:00:00+00:00,28.81108,30.70842,27.353659
2041-07-08 00:00:00+00:00,29.634056,31.638073,27.727
2041-07-09 00:00:00+00:00,30.007032,34.117718,26.600348
2041-07-10 00:00:00+00:00,31.080006,36.097366,26.57369
2041-07-11 00:00:00+00:00,31.55298,35.77701,27.547035
2041-07-12 00:00:00+00:00,29.975958,31.75666,28.220377
2041-07-13 00:00:00+00:00,30.148932,33.936306,26.293718
2041-07-14 00:00:00+00:00,30.671906,34.465954,26.917065
2041-07-15 00:00:00+00:00,30.494884,33.4456,27.140408
2041-07-16 00:00:00+00:00,27.917858,28.37525,27.513752
2041-07-17 00:00:00+00:00,29.440834,33.154896,26.837095
2041-07-18 00:00:00+00:00,30.963808,36.284542,26.61044
2041-07-19 00:00:00+00:00,31.236782,36.114193,26.683784
2041-07-20 00:00:00+00:00,30.709757,33.04384,28.407127
2041-07-21 00:00:00+00:00,30.832735,33.67348,27.73047
2041-07-22 00:00:00+00:00,30.60571,34.45313,27.603813
2041-07-23 00:00:00+00:00,30.678684,33.032776,27.627161
2041-07-24 00:00:00+00:00,29.701656,31.262424,28.050503
2041-07-25 00:00:00+00:00,28.724636,30.492073,27.073849
2041-07-26 00:00:00+00:00,29.197613,32.071716,26.94719
2041-07-27 00:00:00+00:00,30.070585,34.451366,26.670536
2041-07-28 00:00:00+00:00,30.243559,36.081013,25.84388
2041-07-29 00:00:00+00:00,30.116537,33.86066,26.617222
2041-07-30 00:00:00+00:00,30.339508,33.290306,27.54057
2041-07-31 00:00:00+00:00,30.062485,34.46995,26.663912
2041-08-01 00:00:00+00:00,30.48546,34.699596,26.687254
2041-08-02 00:00:00+00:00,30.808435,35.629246,26.2106
2041-08-03 00:00:00+00:00,30.03141,33.658894,27.333944
2041-08-04 00:00:00+00:00,29.554386,33.488544,27.057287
2041-08-05 00:00:00+00:00,29.37736,33.818188,26.33063
2041-08-06 00:00:00+00:00,27.350338,29.497837,25.203974
2041-08-07 00:00:00+00:00,27.923313,31.277485,24.527319
2041-08-08 00:00:00+00:00,28.146286,30.757133,25.750662
2041-08-09 00:00:00+00:00,30.319263,35.786777,25.224005
2041-08-10 00:00:00+00:00,30.742237,34.716423,26.44735
2041-08-11 00:00:00+00:00,30.715212,35.19607,26.620695
2041-08-12 00:00:00+00:00,29.338188,32.725716,26.494038
2041-08-13 00:00:00+00:00,29.911163,33.60537,26.667383
2041-08-14 00:00:00+00:00,28.18414,30.785013,25.240725
2041-08-15 00:00:00+00:00,27.007114,29.564663,25.914068
2041-08-16 00:00:00+00:00,27.980087,32.594307,24.037413
2041-08-17 00:00:00+00:00,28.703064,31.573952,25.610754
2041-08-18 00:00:00+00:00,28.826038,32.153603,26.134098
2041-08-19 00:00:00+00:00,27.949015,29.63325,26.107445
2041-08-20 00:00:00+00:00,28.321991,31.262897,25.780787
2041-08-21 00:00:00+00:00,29.294964,32.992542,26.404135
2041-08-22 00:00:00+00:00,29.26794,32.32219,26.677477
2041-08-23 00:00:00+00:00,29.640915,34.25184,26.550821
2041-08-24 00:00:00+00:00,29.21389,32.831486,25.524164
2041-08-25 00:00:00+00:00,27.136868,28.111134,26.747509
2041-08-26 00:00:00+00:00,28.009842,31.040783,25.57085
2041-08-27 00:00:00+00:00,29.082819,33.720425,25.544197
2041-08-28 00:00:00+00:00,28.25579,31.900074,26.117538
2041-08-29 00:00:00+00:00,27.628765,30.02972,25.090881
2041-08-30 00:00:00+00:00,27.401741,30.159369,26.364225
2041-08-31 00:00:00+00:00,27.474716,30.389013,25.087572
2041-09-01 00:00:00+00:00,26.847692,28.968662,24.960915
2041-09-02 00:00:00+00:00,27.448095,30.265991,25.613062
2041-09-03 00:00:00+00:00,28.707644,33.369213,24.924809
2041-09-04 00:00:00+00:00,29.067188,32.37244,26.536556
2041-09-05 00:00:00+00:00,28.226736,31.475666,25.498304
2041-09-06 00:00:00+00:00,28.836279,32.97889,26.260052
2041-09-07 00:00:00+00:00,26.995829,28.382116,25.7718
2041-09-08 00:00:00+00:00,25.655373,26.085339,25.533543
2041-09-09 00:00:00+00:00,26.36492,28.538563,24.795292
2041-09-10 00:00:00+00:00,28.124462,30.941792,25.657038
2041-09-11 00:00:00+00:00,27.784014,30.695017,24.718784
2041-09-12 00:00:00+00:00,28.193558,31.248241,25.580532
2041-09-13 00:00:00+00:00,26.453106,28.001465,25.39228
2041-09-14 00:00:00+00:00,27.512651,30.154692,25.354029
2041-09-15 00:00:00+00:00,27.972198,30.957916,25.265776
2041-09-16 00:00:00+00:00,28.481743,32.161137,25.627523
2041-09-17 00:00:00+00:00,28.49129,31.914364,26.039272
2041-09-18 00:00:00+00:00,28.050837,31.367588,25.951015
2041-09-19 00:00:00+00:00,29.060383,33.220814,25.812765
2041-09-20 00:00:00+00:00,28.369928,30.524036,26.574512
2041-09-21 00:00:00+00:00,28.679474,31.877262,26.436258
2041-09-22 00:00:00+00:00,28.039022,30.380482,25.998007
2041-09-23 00:00:00+00:00,28.448568,30.783718,26.359755
2041-09-24 00:00:00+00:00,28.10811,30.536938,25.7215
2041-09-25 00:00:00+00:00,28.117659,30.49016,26.033247
2041-09-26 00:00:00+00:00,27.727205,29.943388,25.994995
2041-09-27 00:00:00+00:00,27.986753,30.546612,25.856745
2041-09-28 00:00:00+00:00,27.496298,29.199835,26.16849
2041-09-29 00:00:00+00:00,26.155844,26.803062,25.830235
2041-09-30 00:00:00+00:00,27.76539,30.356285,24.991987
2041-10-01 00:00:00+00:00,28.074936,30.259508,26.003733
2041-10-02 00:00:00+00:00,27.984484,31.262737,25.465479
2041-10-03 00:00:00+00:00,28.394032,31.465958,25.627226
2041-10-04 00:00:00+00:00,28.853575,31.519184,26.288975
2041-10-05 00:00:00+00:00,27.313122,29.87241,25.100723
2041-10-06 00:00:00+00:00,27.872667,31.225632,24.96247
2041-10-07 00:00:00+00:00,28.382212,31.978855,24.974215
2041-10-08 00:00:00+00:00,28.441761,32.682083,24.735966
2041-10-09 00:00:00+00:00,28.401306,31.635307,25.347713
2041-10-10 00:00:00+00:00,28.76085,31.088531,26.109459
2041-10-11 00:00:00+00:00,29.1204,32.041763,26.271204
2041-10-12 00:00:00+00:00,29.379944,34.24498,26.532953
2041-10-13 00:00:00+00:00,28.48949,30.34821,26.9947
2041-10-14 00:00:00+00:00,28.499039,31.501434,26.606447
2041-10-15 00:00:00+00:00,28.058584,29.904655,26.468193
2041-10-16 00:00:00+00:00,27.31813,28.357883,26.52994
2041-10-17 00:00:00+00:00,28.827677,32.511105,26.49169
2041-10-18 00:00:00+00:00,27.387222,28.364334,26.853436
2041-10-19 00:00:00+00:00,27.746769,30.717556,26.365183
2041-10-20 00:00:00+00:00,28.406317,30.97078,26.02693
2041-10-21 00:00:00+00:00,26.315863,26.274008,26.48868
2041-10-22 00:00:00+00:00,26.875408,28.57723,25.150425
2041-10-23 00:00:00+00:00,26.984953,29.880459,25.912174
2041-10-24 00:00:00+00:00,27.1945,28.283682,26.473917
2041-10-25 00:00:00+00:00,27.154045,28.386902,26.085667
2041-10-26 00:00:00+00:00,28.013594,30.490131,25.847414
2041-10-27 00:00:00+00:00,27.873138,30.293352,25.90916
2041-10-28 00:00:00+00:00,28.032686,31.39658,25.32091
2041-10-29 00:00:00+00:00,27.242231,28.449799,26.232656
2041-10-30 00:00:00+00:00,28.351776,30.45303,26.244406
2041-10-31 00:00:00+00:00,29.111324,32.30625,26.606152
2041-11-01 00:00:00+00:00,29.22087,32.159473,26.2679
2041-11-02 00:00:00+00:00,28.132666,30.27349,26.528393
2041-11-03 00:00:00+00:00,26.494781,27.939049,25.78871
2041-11-04 00:00:00+00:00,27.706902,31.454609,24.249023
2041-11-05 00:00:00+00:00,28.91902,33.42016,25.159342
2041-11-06 00:00:00+00:00,28.081137,30.735718,25.769655
2041-11-07 00:00:00+00:00,27.643255,30.551273,24.72997
2041-11-08 00:00:00+00:00,28.605373,34.41683,23.290287
2041-11-09 00:00:00+00:00,29.56749,36.082386,23.550604
2041-11-10 00:00:00+00:00,29.27961,35.597942,23.060919
2041-11-11 00:00:00+00:00,29.591726,35.213497,24.221235
2041-11-12 00:00:00+00:00,28.553843,33.22905,24.33155
2041-11-13 00:00:00+00:00,29.61596,34.79461,25.14187
2041-11-14 00:00:00+00:00,30.07808,34.61017,25.402184
2041-11-15 00:00:00+00:00,31.090195,36.22572,25.8125
2041-11-16 00:00:00+00:00,31.402313,35.791275,27.322815
2041-11-17 00:00:00+00:00,30.564432,35.006832,25.93313
2041-11-18 00:00:00+00:00,31.026546,37.02239,24.593445
2041-11-19 00:00:00+00:00,31.93867,37.287945,26.603762
2041-11-20 00:00:00+00:00,31.650785,38.1035,25.264078
2041-11-21 00:00:00+00:00,30.4629,37.369057,23.624393
2041-11-22 00:00:00+00:00,30.17502,37.134613,23.634708
2041-11-23 00:00:00+00:00,29.537136,35.150166,23.745024
2041-11-24 00:00:00+00:00,29.899254,36.515728,23.70534
2041-11-25 00:00:00+00:00,29.511374,36.48128,22.765657
2041-11-26 00:00:00+00:00,29.523489,36.99684,22.125975
2041-11-27 00:00:00+00:00,29.085608,36.312393,21.836288
2041-11-28 00:00:00+00:00,29.097727,36.32795,21.996605
2041-11-29 00:00:00+00:00,28.009844,35.493507,21.25692
2041-11-30 00:00:00+00:00,28.221962,34.859062,21.317236
2041-12-01 00:00:00+00:00,30.134077,36.674618,23.327553
2041-12-02 00:00:00+00:00,30.096195,36.790173,23.287867
2041-12-03 00:00:00+00:00,29.058313,34.705734,23.798182
2041-12-04 00:00:00+00:00,28.020428,33.771286,22.6085
2041-12-05 00:00:00+00:00,26.732548,32.38684,21.418818
2041-12-06 00:00:00+00:00,24.944668,30.2024,20.529129
2041-12-07 00:00:00+00:00,25.956785,32.617954,20.239449
2041-12-08 00:00:00+00:00,26.768902,33.33351,21.049763
2041-12-09 00:00:00+00:00,26.181019,32.54907,20.560078
2041-12-10 00:00:00+00:00,26.643137,33.264626,20.820395
2041-12-11 00:00:00+00:00,27.155256,32.53018,22.580711
2041-12-12 00:00:00+00:00,26.617373,32.145733,22.141026
2041-12-13 00:00:00+00:00,25.72949,31.26129,21.551342
2041-12-14 00:00:00+00:00,25.741606,31.27685,21.311659
2041-12-15 00:00:00+00:00,24.853725,30.592403,20.421972
2041-12-16 00:00:00+00:00,26.41584,32.35796,21.43229
2041-12-17 00:00:00+00:00,25.677958,33.073517,19.092606
2041-12-18 00:00:00+00:00,26.04008,32.589073,20.002922
2041-12-19 00:00:00+00:00,25.952196,32.704628,19.813236
2041-12-20 00:00:00+00:00,25.364313,32.320183,18.823553
2041-12-21 00:00:00+00:00,25.226429,32.38574,18.283869
2041-12-22 00:00:00+00:00,23.63855,29.701298,18.144184
2041-12-23 00:00:00+00:00,22.700666,29.316853,16.3045
2041-12-24 00:00:00+00:00,23.262783,29.332409,17.864815
2041-12-25 00:00:00+00:00,23.424904,30.297962,17.67513
2041-12-26 00:00:00+00:00,24.637018,32.41352,18.485447
2041-12-27 00:00:00+00:00,25.549135,34.32908,17.545763
2041-12-28 00:00:00+00:00,26.261253,33.14463,19.85608
2041-12-29 00:00:00+00:00,26.42337,32.960186,20.366396
2041-12-30 00:00:00+00:00,24.68549,31.025743,18.626713
2041-12-31 00:00:00+00:00,26.097607,32.7413,18.337027
2042-01-01 00:00:00+00:00,26.109724,33.306858,18.797342
2042-01-02 00:00:00+00:00,24.26041,29.204128,19.798565
2042-01-03 00:00:00+00:00,23.26109,26.651405,20.449787
2042-01-04 00:00:00+00:00,24.061771,30.248682,19.60101
2042-01-05 00:00:00+00:00,25.212454,31.245955,20.55223
2042-01-06 00:00:00+00:00,25.513134,32.94323,19.503456
2042-01-07 00:00:00+00:00,25.313818,31.390507,19.604675
2042-01-08 00:00:00+00:00,25.814499,32.987778,19.055899
2042-01-09 00:00:00+00:00,24.51518,28.735056,20.457119
2042-01-10 00:00:00+00:00,24.365862,27.632328,20.85834
2042-01-11 00:00:00+00:00,21.966547,24.6796,19.859564
2042-01-12 00:00:00+00:00,21.817226,27.376873,17.160786
2042-01-13 00:00:00+00:00,22.01791,27.974154,16.81201
2042-01-14 00:00:00+00:00,23.468592,29.971426,17.96323
2042-01-15 00:00:00+00:00,25.769276,33.4687,18.71445
2042-01-16 00:00:00+00:00,26.069956,33.165974,20.215675
2042-01-17 00:00:00+00:00,25.620636,32.96325,19.666895
2042-01-18 00:00:00+00:00,25.171322,33.160526,18.31812
2042-01-19 00:00:00+00:00,26.072002,34.0578,19.01934
2042-01-20 00:00:00+00:00,26.172686,33.555077,19.57056
2042-01-21 00:00:00+00:00,25.273369,31.952343,19.571785
2042-01-22 00:00:00+00:00,24.52405,31.34962,18.773008
2042-01-23 00:00:00+00:00,24.124733,30.046902,19.974228
2042-01-24 00:00:00+00:00,25.825413,32.494175,20.62545
2042-01-25 00:00:00+00:00,24.776096,31.691446,18.676674
2042-01-26 00:00:00+00:00,24.476778,32.68872,17.777897
2042-01-27 00:00:00+00:00,25.02746,33.235996,17.379116
2042-01-28 00:00:00+00:00,24.628141,28.63327,21.330338
2042-01-29 00:00:00+00:00,25.828823,30.980547,22.631561
2042-01-30 00:00:00+00:00,25.629505,31.07782,20.332785
2042-01-31 00:00:00+00:00,27.03019,33.975098,20.384005
2042-02-01 00:00:00+00:00,27.03087,33.87237,20.635227
2042-02-02 00:00:00+00:00,26.881552,34.66964,18.936451
2042-02-03 00:00:00+00:00,28.082235,36.616917,20.187672
2042-02-04 00:00:00+00:00,29.082916,37.46419,21.238895
2042-02-05 00:00:00+00:00,29.7836,38.761463,20.690117
2042-02-06 00:00:00+00:00,30.384281,38.558743,22.141338
2042-02-07 00:00:00+00:00,30.684961,37.506016,23.79256
2042-02-08 00:00:00+00:00,30.185644,37.20329,24.19378
2042-02-09 00:00:00+00:00,30.086329,37.600567,22.945005
2042-02-10 00:00:00+00:00,28.78701,36.14784,21.796227
2042-02-11 00:00:00+00:00,28.037693,35.495113,21.247446
2042-02-12 00:00:00+00:00,27.588375,35.49239,20.14867
2042-02-13 00:00:00+00:00,27.139053,35.239666,19.499893
2042-02-14 00:00:00+00:00,27.28974,35.836937,19.201115
2042-02-15 00:00:00+00:00,27.59042,35.684216,20.252338
2042-02-16 00:00:00+00:00,28.441101,36.881485,20.10356
2042-02-17 00:00:00+00:00,29.641783,38.228764,20.554783
2042-02-18 00:00:00+00:00,30.342466,38.02604,23.006004
2042-02-19 00:00:00+00:00,29.643148,36.62331,23.357225
2042-02-20 00:00:00+00:00,27.443829,35.870583,20.008448
2042-02-21 00:00:00+00:00,28.894512,38.017864,20.05967
2042-02-22 00:00:00+00:00,29.595194,37.465137,22.41089
2042-02-23 00:00:00+00:00,29.145876,37.51241,21.712114
2042-02-24 00:00:00+00:00,29.19656,38.109688,20.463335
2042-02-25 00:00:00+00:00,30.247238,39.85696,20.214558
2042-02-26 00:00:00+00:00,30.14792,38.80423,21.11578
2042-02-27 00:00:00+00:00,31.198605,38.201508,24.667002
2042-02-28 00:00:00+00:00,29.249287,36.548782,22.418224
2042-03-01 00:00:00+00:00,29.649967,38.946056,21.019445
2042-03-02 00:00:00+00:00,31.00065,40.743332,21.17067
2042-03-03 00:00:00+00:00,32.50353,41.541954,23.223934
2042-03-04 00:00:00+00:00,32.271763,40.050007,24.541496
2042-03-05 00:00:00+00:00,31.840004,40.108055,24.10906
2042-03-06 00:00:00+00:00,31.758244,40.566113,23.076622
2042-03-07 00:00:00+00:00,31.576479,39.274166,23.944183
2042-03-08 00:00:00+00:00,32.044724,40.23222,23.811749
2042-03-09 00:00:00+00:00,31.912958,40.290276,23.67931
2042-03-10 00:00:00+00:00,32.481194,40.89832,24.046871
2042-03-11 00:00:00+00:00,32.499435,39.95638,24.714436
2042-03-12 00:00:00+00:00,34.567673,41.41443,28.131998
2042-03-13 00:00:00+00:00,32.585915,40.072483,24.649559
2042-03-14 00:00:00+00:00,31.50415,40.080536,22.967123
2042-03-15 00:00:00+00:00,31.77239,40.188587,22.384684
2042-03-16 00:00:00+00:00,33.490627,42.246643,24.252249
2042-03-17 00:00:00+00:00,33.30887,41.854694,24.41981
2042-03-18 00:00:00+00:00,32.077103,41.012753,22.787373
2042-03-19 00:00:00+00:00,32.54534,40.3708,24.404934
2042-03-20 00:00:00+00:00,32.16358,39.878853,23.922499
2042-03-21 00:00:00+00:00,32.03182,40.736908,23.09006
2042-03-22 00:00:00+00:00,32.65006,40.89496,25.057623
2042-03-23 00:00:00+00:00,32.418297,38.953014,24.875185
2042-03-24 00:00:00+00:00,29.236532,32.011063,25.942749
2042-03-25 00:00:00+00:00,27.754772,31.069117,24.260311
2042-03-26 00:00:00+00:00,27.82301,30.227173,24.977875
2042-03-27 00:00:00+00:00,30.791248,38.98522,22.495438
2042-03-28 00:00:00+00:00,33.209488,40.543278,25.313
2042-03-29 00:00:00+00:00,34.32773,41.601334,26.330563
2042-03-30 00:00:00+00:00,33.745964,41.059383,25.348124
2042-03-31 00:00:00+00:00,33.364204,41.01743,25.165686
2042-04-01 00:00:00+00:00,32.43244,39.275486,25.083248
2042-04-02 00:00:00+00:00,32.25068,39.283543,25.250813
2042-04-03 00:00:00+00:00,32.018917,39.0416,25.218372
2042-04-04 00:00:00+00:00,32.587154,39.849648,25.435936
2042-04-05 00:00:00+00:00,32.955395,39.8577,25.9035
2042-04-06 00:00:00+00:00,32.823635,40.015755,25.52106
2042-04-07 00:00:00+00:00,33.241875,41.17381,24.538624
2042-04-08 00:00:00+00:00,33.510113,41.53186,24.756187
2042-04-09 00:00:00+00:00,33.62835,41.739914,25.223751
2042-04-10 00:00:00+00:00,33.796585,41.597965,25.891314
2042-04-11 00:00:00+00:00,33.66482,41.50602,25.608873
2042-04-12 00:00:00+00:00,33.43306,42.514072,23.526438
2042-04-13 00:00:00+00:00,31.8013,39.822124,23.893997
2042-04-14 00:00:00+00:00,32.51954,40.48018,23.811563
2042-04-15 00:00:00+00:00,32.88778,41.88823,23.579124
2042-04-16 00:00:00+00:00,34.506012,43.69628,23.246687
2042-04-17 00:00:00+00:00,33.324257,42.704334,22.01425
2042-04-18 00:00:00+00:00,32.84249,42.162388,22.031813
2042-04-19 00:00:00+00:00,33.860733,43.070442,23.449375
2042-04-20 00:00:00+00:00,33.128967,41.428493,24.716938
2042-04-21 00:00:00+00:00,34.497208,43.186546,25.084501
2042-04-22 00:00:00+00:00,34.415447,43.1446,25.402061
2042-04-23 00:00:00+00:00,33.73369,43.302658,23.769627
2042-04-24 00:00:00+00:00,34.251926,43.960705,22.63719
2042-04-25 00:00:00+00:00,33.47016,42.868763,23.35475
2042-04-26 00:00:00+00:00,33.5884,41.576817,25.122313
2042-04-27 00:00:00+00:00,31.90664,37.284866,24.139875
2042-04-28 00:00:00+00:00,34.074875,39.942924,27.357439
2042-04-29 00:00:00+00:00,36.743114,41.450966,31.075
2042-04-30 00:00:00+00:00,33.46135,36.909023,28.742565
2042-05-01 00:00:00+00:00,32.429592,36.21708,27.710125
2042-05-02 00:00:00+00:00,36.04783,42.97513,27.677689
2042-05-03 00:00:00+00:00,37.058117,45.03023,27.48731
2042-05-04 00:00:00+00:00,35.444557,43.426476,27.023123
2042-05-05 00:00:00+00:00,36.981003,45.02272,27.15893
2042-05-06 00:00:00+00:00,38.067444,45.76896,30.544739
2042-05-07 00:00:00+00:00,35.803883,41.915207,28.130547
2042-05-08 00:00:00+00:00,33.99032,41.31145,27.716352
2042-05-09 00:00:00+00:00,33.376762,41.907703,25.502163
2042-05-10 00:00:00+00:00,33.8632,40.053944,27.137968
2042-05-11 00:00:00+00:00,33.69964,40.800186,26.77378
2042-05-12 00:00:00+00:00,31.786085,37.196434,26.109589
2042-05-13 00:00:00+00:00,31.522524,38.24268,25.195395
2042-05-14 00:00:00+00:00,32.208965,39.038918,25.031204
2042-05-15 00:00:00+00:00,31.395405,37.23517,24.967012
2042-05-16 00:00:00+00:00,30.381847,35.531406,24.402819
2042-05-17 00:00:00+00:00,29.568285,33.627655,25.538628
2042-05-18 00:00:00+00:00,30.804726,38.873898,23.074438
2042-05-19 00:00:00+00:00,30.991167,37.320145,24.260246
2042-05-20 00:00:00+00:00,30.227606,36.316387,24.246054
2042-05-21 00:00:00+00:00,30.664047,37.812637,24.331861
2042-05-22 00:00:00+00:00,31.90049,40.40888,22.767672
2042-05-23 00:00:00+00:00,32.736927,40.70512,24.40348
2042-05-24 00:00:00+00:00,32.22337,41.951366,22.639286
2042-05-25 00:00:00+00:00,35.15981,45.247612,24.275097
2042-05-26 00:00:00+00:00,37.146248,43.343857,30.310905
2042-05-27 00:00:00+00:00,34.63269,41.040104,29.996712
2042-05-28 00:00:00+00:00,35.41913,43.186348,27.982521
2042-05-29 00:00:00+00:00,35.25557,43.23259,27.168331
2042-05-30 00:00:00+00:00,36.39201,45.228836,28.404137
2042-05-31 00:00:00+00:00,34.778454,40.825077,29.089945
2042-06-01 00:00:00+00:00,33.964893,38.271328,28.175753
2042-06-02 00:00:00+00:00,34.251335,40.56757,27.861565
2042-06-03 00:00:00+00:00,35.337772,42.46381,27.84737
2042-06-04 00:00:00+00:00,38.474213,46.510056,31.083181
2042-06-05 00:00:00+00:00,35.26065,38.706303,31.118986
2042-06-06 00:00:00+00:00,32.897095,35.952545,29.154795
2042-06-07 00:00:00+00:00,32.083534,37.29879,27.090605
2042-06-08 00:00:00+00:00,33.169975,41.19503,25.676413
2042-06-09 00:00:00+00:00,28.956417,31.541279,27.16222
2042-06-10 00:00:00+00:00,31.342855,36.987526,26.948029
2042-06-11 00:00:00+00:00,35.6793,43.333767,28.633839
2042-06-12 00:00:00+00:00,38.765736,46.33001,31.169645
2042-06-13 00:00:00+00:00,34.702175,39.77626,29.755453
2042-06-14 00:00:00+00:00,31.838617,33.8725,29.241262
2042-06-15 00:00:00+00:00,30.625057,33.718746,27.527073
2042-06-16 00:00:00+00:00,33.4115,39.364986,28.31288
2042-06-17 00:00:00+00:00,34.197937,39.21124,28.198687
2042-06-18 00:00:00+00:00,34.134377,38.90748,29.734495
2042-06-19 00:00:00+00:00,33.27082,38.253727,28.870304
2042-06-20 00:00:00+00:00,32.55726,38.899963,27.206114
2042-06-21 00:00:00+00:00,32.793697,38.146214,27.341923
2042-06-22 00:00:00+00:00,32.58014,38.242462,27.427729
2042-06-23 00:00:00+00:00,33.466583,39.238705,28.363537
2042-06-24 00:00:00+00:00,31.80302,36.284946,26.999344
2042-06-25 00:00:00+00:00,31.389463,37.781193,25.535156
2042-06-26 00:00:00+00:00,31.025902,34.577435,28.120962
2042-06-27 00:00:00+00:00,31.512342,37.17368,26.356771
2042-06-28 00:00:00+00:00,32.098785,38.21993,26.19258
2042-06-29 00:00:00+00:00,32.585224,39.416172,26.028385
2042-06-30 00:00:00+00:00,32.721664,38.262413,27.564198
2042-07-01 00:00:00+00:00,32.258102,37.50866,27.900003
2042-07-02 00:00:00+00:00,32.694542,40.6049,25.085812
2042-07-03 00:00:00+00:00,33.225937,41.544926,26.066948
2042-07-04 00:00:00+00:00,33.448914,38.624573,28.79029
2042-07-05 00:00:00+00:00,33.421883,39.054214,28.213634
2042-07-06 00:00:00+00:00,30.84486,38.283867,23.986979
2042-07-07 00:00:00+00:00,29.267838,35.56351,23.810324
2042-07-08 00:00:00+00:00,28.89081,35.793156,22.333664
2042-07-09 00:00:00+00:00,29.213787,35.822807,23.157011
2042-07-10 00:00:00+00:00,29.536764,35.90245,22.830353
2042-07-11 00:00:00+00:00,30.409737,37.232105,24.2037
2042-07-12 00:00:00+00:00,31.182713,38.71175,24.027042
2042-07-13 00:00:00+00:00,31.10569,37.441395,24.500385
2042-07-14 00:00:00+00:00,32.628662,38.971043,26.573729
2042-07-15 00:00:00+00:00,31.851637,38.650692,25.947073
2042-07-16 00:00:00+00:00,30.274614,33.98034,26.07042
2042-07-17 00:00:00+00:00,30.797588,34.40998,26.69376
2042-07-18 00:00:00+00:00,30.920565,34.68963,26.767105
2042-07-19 00:00:00+00:00,29.693539,32.369278,27.040447
2042-07-20 00:00:00+00:00,28.666515,30.548922,26.563795
2042-07-21 00:00:00+00:00,28.88949,32.528576,25.487137
2042-07-22 00:00:00+00:00,29.662464,34.30822,25.96048
2042-07-23 00:00:00+00:00,29.285442,31.187868,26.983824
2042-07-24 00:00:00+00:00,29.258415,32.16751,26.207167
2042-07-25 00:00:00+00:00,29.231392,32.047157,26.530512
2042-07-26 00:00:00+00:00,29.504368,33.526806,25.653858
2042-07-27 00:00:00+00:00,30.17734,36.706455,25.677198
2042-07-28 00:00:00+00:00,31.500317,37.5361,27.050543
2042-07-29 00:00:00+00:00,32.223293,37.065746,27.923885
2042-07-30 00:00:00+00:00,31.946266,35.945396,28.34723
2042-07-31 00:00:00+00:00,30.91924,34.125042,28.020575
2042-08-01 00:00:00+00:00,30.792221,36.60469,26.643917
2042-08-02 00:00:00+00:00,31.815193,39.13434,26.267262
2042-08-03 00:00:00+00:00,30.438168,36.113983,26.340605
2042-08-04 00:00:00+00:00,29.911142,34.99363,25.913948
2042-08-05 00:00:00+00:00,30.234118,35.67327,25.537296
2042-08-06 00:00:00+00:00,30.407097,35.802925,25.51064
2042-08-07 00:00:00+00:00,30.23007,34.482574,26.133982
2042-08-08 00:00:00+00:00,28.753042,31.21222,26.107327
2042-08-09 00:00:00+00:00,28.426018,31.391869,26.180668
2042-08-10 00:00:00+00:00,26.848991,27.971512,26.504013
2042-08-11 00:00:00+00:00,29.02197,33.40116,25.727356
2042-08-12 00:00:00+00:00,28.894947,31.930809,26.4007
2042-08-13 00:00:00+00:00,26.11792,26.760454,25.824047
2042-08-14 00:00:00+00:00,25.840897,26.840103,24.997387
2042-08-15 00:00:00+00:00,26.213867,28.069752,24.820732
2042-08-16 00:00:00+00:00,27.936844,30.649391,25.844076
2042-08-17 00:00:00+00:00,29.00982,32.829044,26.367418
2042-08-18 00:00:00+00:00,28.932793,32.35869,26.240763
2042-08-19 00:00:00+00:00,29.805773,34.338337,26.464106
2042-08-20 00:00:00+00:00,28.128746,29.167986,27.337452
2042-08-21 00:00:00+00:00,28.751722,32.247635,25.860796
2042-08-22 00:00:00+00:00,29.074696,31.777279,27.334139
2042-08-23 00:00:00+00:00,27.597672,30.956924,25.657484
2042-08-24 00:00:00+00:00,28.020647,30.736572,25.530828
2042-08-25 00:00:00+00:00,27.19362,30.166218,25.654171
2042-08-26 00:00:00+00:00,27.516598,30.54587,25.227514
2042-08-27 00:00:00+00:00,29.289572,33.425514,26.05086
2042-08-28 00:00:00+00:00,29.062548,31.905159,26.674204
2042-08-29 00:00:00+00:00,29.085524,32.984806,26.347548
2042-08-30 00:00:00+00:00,28.0085,30.214457,26.17089
2042-08-31 00:00:00+00:00,26.431473,29.144102,24.544233
2042-09-01 00:00:00+00:00,26.954449,29.27375,24.917578
2042-09-02 00:00:00+00:00,27.79571,31.365181,24.960121
2042-09-03 00:00:00+00:00,26.855257,28.66841,25.72187
2042-09-04 00:00:00+00:00,26.714802,28.671633,25.533617
2042-09-05 00:00:00+00:00,26.474348,27.874857,25.545364
2042-09-06 00:00:00+00:00,27.233896,30.328083,24.907112
2042-09-07 00:00:00+00:00,28.39344,32.631306,24.71886
2042-09-08 00:00:00+00:00,27.602985,29.684534,25.380608
2042-09-09 00:00:00+00:00,26.212532,28.037758,25.692354
2042-09-10 00:00:00+00:00,27.37208,30.140985,24.904104
2042-09-11 00:00:00+00:00,26.981625,28.294209,26.115847
2042-09-12 00:00:00+00:00,28.191172,30.747433,25.927599
2042-09-13 00:00:00+00:00,29.150717,32.30066,27.139343
2042-09-14 00:00:00+00:00,28.910263,31.403877,27.001091
2042-09-15 00:00:00+00:00,30.769812,34.95711,27.31284
2042-09-16 00:00:00+00:00,31.629356,36.110332,28.274586
2042-09-17 00:00:00+00:00,30.588903,33.063557,28.786333
2042-09-18 00:00:00+00:00,28.898449,32.16678,26.94808
2042-09-19 00:00:00+00:00,29.107994,32.420006,26.45983
2042-09-20 00:00:00+00:00,28.46754,30.773232,26.221575
2042-09-21 00:00:00+00:00,27.827085,29.876453,25.883324
2042-09-22 00:00:00+00:00,28.236635,30.479681,26.345068
2042-09-23 00:00:00+00:00,28.146181,31.182903,26.156818
2042-09-24 00:00:00+00:00,28.955727,31.886127,26.568563
2042-09-25 00:00:00+00:00,29.565271,33.139355,27.330313
2042-09-26 00:00:00+00:00,30.424818,33.74258,27.392061
2042-09-27 00:00:00+00:00,29.984367,32.695805,28.053806
2042-09-28 00:00:00+00:00,28.593912,29.69903,27.965553
2042-09-29 00:00:00+00:00,28.153456,29.302254,27.177301
2042-09-30 00:00:00+00:00,28.013004,29.455477,27.539047
2042-10-01 00:00:00+00:00,29.92255,33.558704,26.400797
2042-10-02 00:00:00+00:00,29.982098,34.06193,26.412542
2042-10-03 00:00:00+00:00,29.291641,32.765152,27.32429
2042-10-04 00:00:00+00:00,29.301188,33.01838,26.78604
2042-10-05 00:00:00+00:00,30.810736,35.371605,25.947784
2042-10-06 00:00:00+00:00,30.270283,32.87483,27.90953
2042-10-07 00:00:00+00:00,30.579828,34.87805,27.271278
2042-10-08 00:00:00+00:00,31.089376,37.531277,26.683025
2042-10-09 00:00:00+00:00,30.89892,36.084503,26.044773
2042-10-10 00:00:00+00:00,32.25847,37.037727,27.65652
2042-10-11 00:00:00+00:00,32.71801,39.690952,26.768269
2042-10-12 00:00:00+00:00,30.927557,35.944176,25.580015
2042-10-13 00:00:00+00:00,28.337107,29.797396,26.741762
2042-10-14 00:00:00+00:00,30.296652,35.450626,26.25351
2042-10-15 00:00:00+00:00,32.606197,39.60385,26.565258
2042-10-16 00:00:00+00:00,29.415743,35.107075,23.227005
2042-10-17 00:00:00+00:00,30.57529,35.5103,26.98875
2042-10-18 00:00:00+00:00,30.734837,37.313526,26.050499
2042-10-19 00:00:00+00:00,29.344381,33.166748,25.012249
2042-10-20 00:00:00+00:00,31.253927,37.869976,26.273996
2042-10-21 00:00:00+00:00,32.263474,39.273197,26.83574
2042-10-22 00:00:00+00:00,32.223022,40.52642,24.247488
2042-10-23 00:00:00+00:00,29.93257,34.47965,26.209236
2042-10-24 00:00:00+00:00,31.042112,38.382874,24.970984
2042-10-25 00:00:00+00:00,31.601658,39.786095,24.682732
2042-10-26 00:00:00+00:00,32.41121,40.589325,24.644478
2042-10-27 00:00:00+00:00,29.020752,33.892548,24.756224
2042-10-28 00:00:00+00:00,29.930298,35.79577,25.317972
2042-10-29 00:00:00+00:00,29.589844,36.948997,22.829721
2042-10-30 00:00:00+00:00,28.79939,34.50222,22.691465
2042-10-31 00:00:00+00:00,29.158937,33.40545,24.803211
2042-11-01 00:00:00+00:00,30.468483,36.708668,25.264961
2042-11-02 00:00:00+00:00,31.679636,39.369606,24.125814
2042-11-03 00:00:00+00:00,31.091755,39.235157,23.68613
2042-11-04 00:00:00+00:00,31.053873,39.750717,23.046446
2042-11-05 00:00:00+00:00,30.515991,39.216274,22.30676
2042-11-06 00:00:00+00:00,30.478106,39.481823,21.81708
2042-11-07 00:00:00+00:00,30.340225,39.89738,20.577396
2042-11-08 00:00:00+00:00,29.352345,37.91294,20.98771
2042-11-09 00:00:00+00:00,29.86446,36.778496,23.448027
2042-11-10 00:00:00+00:00,28.176577,35.34405,21.458342
2042-11-11 00:00:00+00:00,27.388699,34.959606,20.918657
2042-11-12 00:00:00+00:00,27.600813,35.575165,19.878973
2042-11-13 00:00:00+00:00,29.11293,37.14072,21.339289
2042-11-14 00:00:00+00:00,29.67505,38.106277,21.149603
2042-11-15 00:00:00+00:00,31.887169,39.921833,24.15992
2042-11-16 00:00:00+00:00,32.049286,39.18739,24.370235
2042-11-17 00:00:00+00:00,32.211403,39.052944,25.830551
2042-11-18 00:00:00+00:00,29.47352,35.418503,24.940866
2042-11-19 00:00:00+00:00,26.285639,34.584057,18.901182
2042-11-20 00:00:00+00:00,27.747755,37.49961,18.311499
2042-11-21 00:00:00+00:00,29.60987,39.065166,20.421814
2042-11-22 00:00:00+00:00,30.221989,38.830727,21.58213
2042-11-23 00:00:00+00:00,30.134106,37.89628,22.942446
2042-11-24 00:00:00+00:00,29.746225,36.961838,22.70276
2042-11-25 00:00:00+00:00,29.408342,35.827393,23.213078
2042-11-26 00:00:00+00:00,27.42046,35.04295,20.273396
2042-11-27 00:00:00+00:00,27.782578,35.608505,20.13371
2042-11-28 00:00:00+00:00,27.744696,34.72406,20.894026
2042-11-29 00:00:00+00:00,27.006813,33.58962,21.35434
2042-11-30 00:00:00+00:00,27.06893,34.20517,20.66466
2042-12-01 00:00:00+00:00,27.481049,35.02073,20.824972
2042-12-02 00:00:00+00:00,27.793165,35.636284,20.78529
2042-12-03 00:00:00+00:00,26.705284,34.65184,19.245604
2042-12-04 00:00:00+00:00,27.117401,35.6174,18.955921
2042-12-05 00:00:00+00:00,27.679522,36.08295,19.466238
2042-12-06 00:00:00+00:00,28.141638,36.498505,20.27655
2042-12-07 00:00:00+00:00,28.953756,36.914066,21.78687
2042-12-08 00:00:00+00:00,27.915873,34.229626,21.597183
2042-12-09 00:00:00+00:00,27.12799,34.145176,20.257502
2042-12-10 00:00:00+00:00,27.490108,34.96073,20.367813
2042-12-11 00:00:00+00:00,27.252224,35.57629,19.128132
2042-12-12 00:00:00+00:00,27.164343,34.741848,19.688448
2042-12-13 00:00:00+00:00,26.87646,34.6074,19.848763
2042-12-14 00:00:00+00:00,26.28858,34.972958,17.759079
2042-12-15 00:00:00+00:00,26.850695,34.63852,19.869394
2042-12-16 00:00:00+00:00,25.162811,28.804071,22.22971
2042-12-17 00:00:00+00:00,23.824932,29.819624,17.440025
2042-12-18 00:00:00+00:00,26.68705,34.785183,18.850344
2042-12-19 00:00:00+00:00,27.799166,35.450737,20.260656
2042-12-20 00:00:00+00:00,25.861284,30.266293,22.970972
2042-12-21 00:00:00+00:00,25.2234,31.831852,19.73129
2042-12-22 00:00:00+00:00,24.23552,31.097406,18.441605
2042-12-23 00:00:00+00:00,23.197636,29.412966,17.551922
2042-12-24 00:00:00+00:00,25.409756,33.77852,17.212236
2042-12-25 00:00:00+00:00,26.12187,34.694077,18.272552
2042-12-26 00:00:00+00:00,25.83399,33.759632,18.982868
2042-12-27 00:00:00+00:00,25.396109,32.325188,19.593184
2042-12-28 00:00:00+00:00,22.908226,27.640743,18.8035
2042-12-29 00:00:00+00:00,23.870342,30.806301,17.313816
2042-12-30 00:00:00+00:00,22.032461,25.571854,18.87413
2042-12-31 00:00:00+00:00,23.644579,29.337414,16.534445
2043-01-01 00:00:00+00:00,22.056696,26.002966,19.594763
2043-01-02 00:00:00+00:00,21.710236,28.304811,15.048259
2043-01-03 00:00:00+00:00,21.110918,27.652088,14.749479
2043-01-04 00:00:00+00:00,22.361599,30.14936,15.950702
2043-01-05 00:00:00+00:00,23.012285,30.696636,16.551926
2043-01-06 00:00:00+00:00,24.212963,32.89391,16.853146
2043-01-07 00:00:00+00:00,25.913649,34.29119,19.50437
2043-01-08 00:00:00+00:00,26.56433,32.888462,20.455591
2043-01-09 00:00:00+00:00,28.31501,35.335735,21.406815
2043-01-10 00:00:00+00:00,28.515694,36.283012,21.408037
2043-01-11 00:00:00+00:00,28.516378,36.680283,20.959257
2043-01-12 00:00:00+00:00,29.417057,36.977554,22.56048
2043-01-13 00:00:00+00:00,29.31774,36.874832,22.361702
2043-01-14 00:00:00+00:00,28.368422,35.57211,22.012924
2043-01-15 00:00:00+00:00,27.619102,35.369385,20.514149
2043-01-16 00:00:00+00:00,27.419786,35.166656,20.365368
2043-01-17 00:00:00+00:00,27.02047,35.213932,19.66659
2043-01-18 00:00:00+00:00,26.721148,35.261208,18.667814
2043-01-19 00:00:00+00:00,26.37183,35.158478,17.619034
2043-01-20 00:00:00+00:00,26.722517,35.405754,18.970257
2043-01-21 00:00:00+00:00,26.723196,34.85303,19.121479
2043-01-22 00:00:00+00:00,26.67388,33.100307,20.4227
2043-01-23 00:00:00+00:00,26.52456,33.64758,19.923925
2043-01-24 00:00:00+00:00,26.475243,34.444855,19.825144
2043-01-25 00:00:00+00:00,26.175924,34.192127,18.776367
2043-01-26 00:00:00+00:00,26.926607,35.539402,18.177591
2043-01-27 00:00:00+00:00,29.72729,38.48668,20.62881
2043-01-28 00:00:00+00:00,30.277971,37.68395,24.080032
2043-01-29 00:00:00+00:00,28.728651,36.531227,22.081257
2043-01-30 00:00:00+00:00,29.129335,36.578506,22.132479
2043-01-31 00:00:00+00:00,28.130016,34.625774,22.9837
2043-02-01 00:00:00+00:00,28.280699,35.273052,21.834923
2043-02-02 00:00:00+00:00,27.781382,34.170326,21.236145
2043-02-03 00:00:00+00:00,27.982065,34.667595,20.287367
2043-02-04 00:00:00+00:00,24.382746,28.064873,20.58859
2043-02-05 00:00:00+00:00,24.583427,34.362144,16.03981
2043-02-06 00:00:00+00:00,26.73411,35.209423,19.041035
2043-02-07 00:00:00+00:00,28.284792,35.406696,21.742254
2043-02-08 00:00:00+00:00,27.585472,33.80397,22.043476
2043-02-09 00:00:00+00:00,26.436157,32.20125,21.9947
2043-02-10 00:00:00+00:00,26.686838,33.198524,20.545921
2043-02-11 00:00:00+00:00,28.637518,37.395794,19.797144
2043-02-12 00:00:00+00:00,30.338203,38.893066,21.648367
2043-02-13 00:00:00+00:00,30.388884,39.140343,21.79959
2043-02-14 00:00:00+00:00,31.389566,39.88762,23.100811
2043-02-15 00:00:00+00:00,30.740248,36.184895,25.752033
2043-02-16 00:00:00+00:00,30.89093,37.082172,24.053255
2043-02-17 00:00:00+00:00,30.241613,34.979446,25.804478
2043-02-18 00:00:00+00:00,29.792294,37.47672,21.655699
2043-02-19 00:00:00+00:00,29.792978,38.673996,20.506918
2043-02-20 00:00:00+00:00,30.693659,39.621265,21.408142
2043-02-21 00:00:00+00:00,32.044342,39.718544,24.809366
2043-02-22 00:00:00+00:00,31.445023,39.56582,23.910587
2043-02-23 00:00:00+00:00,31.095707,39.06309,24.31181
2043-02-24 00:00:00+00:00,30.29639,38.110363,22.363031
2043-02-25 00:00:00+00:00,28.347067,34.75764,21.964252
2043-02-26 00:00:00+00:00,27.797752,33.554916,22.315477
2043-02-27 00:00:00+00:00,29.198435,35.95219,23.266697
2043-02-28 00:00:00+00:00,29.949118,37.899464,22.76792
2043-03-01 00:00:00+00:00,30.499798,38.096737,22.469145
2043-03-02 00:00:00+00:00,31.55048,38.544014,23.870361
2043-03-03 00:00:00+00:00,31.901161,38.64129,24.221586
2043-03-04 00:00:00+00:00,32.367207,38.447994,26.137106
2043-03-05 00:00:00+00:00,32.485443,39.056046,26.154667
2043-03-06 00:00:00+00:00,32.303684,39.7141,24.922232
2043-03-07 00:00:00+00:00,31.67192,38.07215,26.039793
2043-03-08 00:00:00+00:00,30.090158,37.680206,23.557354
2043-03-09 00:00:00+00:00,30.008398,37.888256,22.42492
2043-03-10 00:00:00+00:00,29.826637,39.696312,18.34248
2043-03-11 00:00:00+00:00,32.894875,41.604362,23.360046
2043-03-12 00:00:00+00:00,34.81311,41.41242,28.477606
2043-03-13 00:00:00+00:00,32.131355,39.020473,25.49517
2043-03-14 00:00:00+00:00,31.39959,39.278526,23.46273
2043-03-15 00:00:00+00:00,31.717827,39.436577,24.380293
2043-03-16 00:00:00+00:00,30.886066,37.34463,24.097858
2043-03-17 00:00:00+00:00,32.454308,38.70268,26.81542
2043-03-18 00:00:00+00:00,30.672543,37.910732,23.382982
2043-03-19 00:00:00+00:00,30.590782,39.31879,21.650543
2043-03-20 00:00:00+00:00,31.909021,40.676838,22.818108
2043-03-21 00:00:00+00:00,33.677258,41.834896,25.085669
2043-03-22 00:00:00+00:00,34.4455,42.192947,26.403233
2043-03-23 00:00:00+00:00,32.513733,40.551,24.070795
2043-03-24 00:00:00+00:00,33.23197,41.35906,24.338358
2043-03-25 00:00:00+00:00,33.750214,42.217106,24.55592
2043-03-26 00:00:00+00:00,31.668451,39.92516,23.023483
2043-03-27 00:00:00+00:00,33.08669,41.883213,23.541046
2043-03-28 00:00:00+00:00,34.354927,42.99126,25.108606
2043-03-29 00:00:00+00:00,34.52317,42.199314,26.62617
2043-03-30 00:00:00+00:00,34.241405,42.75737,25.143732
2043-03-31 00:00:00+00:00,34.059647,41.165424,27.511293
2043-04-01 00:00:00+00:00,33.82788,42.32348,25.328857
2043-04-02 00:00:00+00:00,34.39612,42.831528,25.99642
2043-04-03 00:00:00+00:00,33.964355,41.889584,24.663982
2043-04-04 00:00:00+00:00,33.5826,41.047634,27.581545
2043-04-05 00:00:00+00:00,32.450836,40.40569,23.249107
2043-04-06 00:00:00+00:00,33.769073,42.013744,25.416672
2043-04-07 00:00:00+00:00,34.887314,43.371796,25.534233
2043-04-08 00:00:00+00:00,35.905552,43.929848,27.651796
2043-04-09 00:00:00+00:00,33.97379,41.387897,26.91936
2043-04-10 00:00:00+00:00,31.292027,39.045956,23.736921
2043-04-11 00:00:00+00:00,27.810265,36.204006,20.454483
2043-04-12 00:00:00+00:00,29.528505,38.062057,20.672047
2043-04-13 00:00:00+00:00,31.946743,40.120113,23.18961
2043-04-14 00:00:00+00:00,34.71498,44.028164,24.65717
2043-04-15 00:00:00+00:00,34.68322,42.886215,24.424734
2043-04-16 00:00:00+00:00,33.15146,40.944267,26.242298
2043-04-17 00:00:00+00:00,30.069696,35.40232,24.459858
2043-04-18 00:00:00+00:00,30.637936,38.660374,22.527422
2043-04-19 00:00:00+00:00,31.25617,38.31843,23.844984
2043-04-20 00:00:00+00:00,35.62441,42.876484,27.362547
2043-04-21 00:00:00+00:00,35.94265,45.134533,26.33011
2043-04-22 00:00:00+00:00,36.010887,44.592587,26.347673
2043-04-23 00:00:00+00:00,34.029125,41.300644,26.565233
2043-04-24 00:00:00+00:00,32.797363,39.808697,25.232798
2043-04-25 00:00:00+00:00,34.8656,41.416748,26.650362
2043-04-26 00:00:00+00:00,35.98384,42.124805,28.917923
2043-04-27 00:00:00+00:00,35.502083,42.73285,27.735483
2043-04-28 00:00:00+00:00,36.92032,45.59091,26.103046
2043-04-29 00:00:00+00:00,35.988556,44.44896,27.070612
2043-04-30 00:00:00+00:00,33.706795,40.15701,26.288172
2043-05-01 00:00:00+00:00,32.525032,39.965065,24.805735
2043-05-02 00:00:00+00:00,32.94327,40.473114,24.623299
2043-05-03 00:00:00+00:00,33.16151,39.83117,26.040861
2043-05-04 00:00:00+00:00,34.347954,42.177414,25.226667
2043-05-05 00:00:00+00:00,34.88439,42.42366,26.512478
2043-05-06 00:00:00+00:00,35.37083,43.619907,26.848286
2043-05-07 00:00:00+00:00,34.907272,43.36615,23.984097
2043-05-08 00:00:00+00:00,33.79371,40.862396,26.3699
2043-05-09 00:00:00+00:00,31.530153,39.208637,23.50571
2043-05-10 00:00:00+00:00,31.016594,39.104885,23.79152
2043-05-11 00:00:00+00:00,32.50303,41.00113,23.477327
2043-05-12 00:00:00+00:00,32.23947,40.697376,23.163137
2043-05-13 00:00:00+00:00,33.575912,42.893616,23.048944
2043-05-14 00:00:00+00:00,34.312355,42.989857,25.084751
2043-05-15 00:00:00+00:00,31.798796,40.186104,23.470562
2043-05-16 00:00:00+00:00,31.035234,39.58235,23.156366
2043-05-17 00:00:00+00:00,32.721676,42.228592,23.642178
2043-05-18 00:00:00+00:00,35.258118,41.024837,29.277983
2043-05-19 00:00:00+00:00,36.74456,43.421085,31.063793
2043-05-20 00:00:00+00:00,36.230995,45.117325,27.099602
2043-05-21 00:00:00+00:00,34.717438,43.013573,26.385412
2043-05-22 00:00:00+00:00,34.053875,41.209816,27.12122
2043-05-23 00:00:00+00:00,31.79032,40.906063,24.207027
2043-05-24 00:00:00+00:00,31.626759,37.152306,25.442833
2043-05-25 00:00:00+00:00,31.813198,36.448547,28.428644
2043-05-26 00:00:00+00:00,33.499638,39.444798,26.814453
2043-05-27 00:00:00+00:00,34.386078,41.14104,26.65026
2043-05-28 00:00:00+00:00,35.072525,41.437283,28.136066
2043-05-29 00:00:00+00:00,34.80896,39.183525,29.971876
2043-05-30 00:00:00+00:00,33.3454,41.579773,26.257685
2043-05-31 00:00:00+00:00,31.331842,41.126015,22.893494
2043-06-01 00:00:00+00:00,30.26828,38.22226,22.1793
2043-06-02 00:00:00+00:00,28.804724,35.418507,22.815113
2043-06-03 00:00:00+00:00,29.691162,38.664753,21.550919
2043-06-04 00:00:00+00:00,29.977602,39.360996,23.286728
2043-06-05 00:00:00+00:00,32.06404,40.30724,24.372534
2043-06-06 00:00:00+00:00,31.550486,39.20348,24.208344
2043-06-07 00:00:00+00:00,32.736923,40.84973,25.09415
2043-06-08 00:00:00+00:00,34.073364,42.445972,26.079962
2043-06-09 00:00:00+00:00,32.859802,39.942215,25.615768
2043-06-10 00:00:00+00:00,35.546246,44.288464,27.101578
2043-06-11 00:00:00+00:00,37.132687,45.98471,28.487385
2043-06-12 00:00:00+00:00,34.81913,42.33095,26.773193
2043-06-13 00:00:00+00:00,34.105568,40.227196,27.859001
2043-06-14 00:00:00+00:00,33.492004,41.67344,26.194809
2043-06-15 00:00:00+00:00,31.778448,39.71969,24.680618
2043-06-16 00:00:00+00:00,31.114887,37.96593,24.166428
2043-06-17 00:00:00+00:00,32.051327,40.012173,25.102234
2043-06-18 00:00:00+00:00,31.687769,38.458424,24.338043
2043-06-19 00:00:00+00:00,30.42421,36.404663,24.923851
2043-06-20 00:00:00+00:00,29.96065,35.45091,24.709663
2043-06-21 00:00:00+00:00,29.597088,36.09715,23.695469
2043-06-22 00:00:00+00:00,28.43353,34.8434,22.131277
2043-06-23 00:00:00+00:00,29.619972,37.18964,21.967085
2043-06-24 00:00:00+00:00,29.106413,34.985886,23.352892
2043-06-25 00:00:00+00:00,29.442856,37.93213,22.4887
2043-06-26 00:00:00+00:00,30.229294,38.42838,23.024511
2043-06-27 00:00:00+00:00,30.26573,36.874615,23.16032
2043-06-28 00:00:00+00:00,30.302172,37.420864,23.746126
2043-06-29 00:00:00+00:00,27.338614,34.31711,20.231936
2043-06-30 00:00:00+00:00,27.875055,36.11335,21.217743
2043-07-01 00:00:00+00:00,29.711493,37.959602,22.003551
2043-07-02 00:00:00+00:00,30.747936,37.105843,24.73936
2043-07-03 00:00:00+00:00,30.73269,37.300007,24.573612
2043-07-04 00:00:00+00:00,29.955667,36.529663,24.046953
2043-07-05 00:00:00+00:00,29.828642,36.20931,24.170298
2043-07-06 00:00:00+00:00,29.151619,34.138954,24.943642
2043-07-07 00:00:00+00:00,28.174593,33.7686,23.366985
2043-07-08 00:00:00+00:00,28.847569,35.89825,21.890331
2043-07-09 00:00:00+00:00,29.820543,36.927895,23.013674
2043-07-10 00:00:00+00:00,30.29352,36.65754,23.987019
2043-07-11 00:00:00+00:00,30.066494,36.687187,23.71036
2043-07-12 00:00:00+00:00,29.98947,34.116837,25.733707
2043-07-13 00:00:00+00:00,29.312445,33.796486,25.957048
2043-07-14 00:00:00+00:00,30.43542,35.226128,26.030392
2043-07-15 00:00:00+00:00,32.10839,38.20578,27.003736
2043-07-16 00:00:00+00:00,30.73137,34.935425,26.427082
2043-07-17 00:00:00+00:00,29.804344,33.21507,26.400425
2043-07-18 00:00:00+00:00,30.277319,34.994717,26.02377
2043-07-19 00:00:00+00:00,29.800297,33.824368,24.847113
2043-07-20 00:00:00+00:00,30.22327,35.35401,25.970457
2043-07-21 00:00:00+00:00,32.496243,38.783657,26.943798
2043-07-22 00:00:00+00:00,31.819221,37.713303,26.617144
2043-07-23 00:00:00+00:00,30.742197,36.542953,24.940489
2043-07-24 00:00:00+00:00,30.36517,34.3726,25.913832
2043-07-25 00:00:00+00:00,28.988148,31.40225,26.837175
2043-07-26 00:00:00+00:00,30.461124,36.231895,26.11052
2043-07-27 00:00:00+00:00,31.434097,38.91154,25.433865
2043-07-28 00:00:00+00:00,29.257072,36.14119,24.507208
2043-07-29 00:00:00+00:00,29.78005,35.070835,25.580553
2043-07-30 00:00:00+00:00,29.203022,33.95048,25.803894
2043-07-31 00:00:00+00:00,28.725998,33.93013,23.72724
2043-08-01 00:00:00+00:00,29.198973,35.65978,23.500584
2043-08-02 00:00:00+00:00,29.621948,35.78943,23.423925
2043-08-03 00:00:00+00:00,29.794926,35.869072,24.597271
2043-08-04 00:00:00+00:00,29.4679,33.048717,26.020615
2043-08-05 00:00:00+00:00,29.440876,33.078365,25.743958
2043-08-06 00:00:00+00:00,29.163853,32.508015,25.417301
2043-08-07 00:00:00+00:00,30.636826,35.587658,25.340649
2043-08-08 00:00:00+00:00,30.2598,33.41731,26.76399
2043-08-09 00:00:00+00:00,29.832777,34.146957,26.037334
2043-08-10 00:00:00+00:00,28.655748,32.1766,25.76068
2043-08-11 00:00:00+00:00,30.378727,36.45625,25.334023
2043-08-12 00:00:00+00:00,29.251701,33.135895,25.107367
2043-08-13 00:00:00+00:00,28.024677,30.465546,25.680708
2043-08-14 00:00:00+00:00,28.447653,31.99519,25.804056
2043-08-15 00:00:00+00:00,28.170628,32.224834,25.827398
2043-08-16 00:00:00+00:00,28.193602,30.354485,26.15074
2043-08-17 00:00:00+00:00,28.866577,32.28413,26.524086
2043-08-18 00:00:00+00:00,29.68955,36.063778,24.597427
2043-08-19 00:00:00+00:00,30.812527,36.243427,26.120773
2043-08-20 00:00:00+00:00,29.835503,32.82307,26.244116
2043-08-21 00:00:00+00:00,30.25848,36.05272,25.367462
2043-08-22 00:00:00+00:00,30.43145,35.932365,25.190804
2043-08-23 00:00:00+00:00,28.804426,32.662018,24.66415
2043-08-24 00:00:00+00:00,28.827402,32.091663,25.337492
2043-08-25 00:00:00+00:00,29.25038,32.321312,26.010836
2043-08-26 00:00:00+00:00,27.773354,30.500956,26.08418
2043-08-27 00:00:00+00:00,27.14633,30.0806,25.007523
2043-08-28 00:00:00+00:00,28.669302,31.510246,26.380865
2043-08-29 00:00:00+00:00,28.54228,31.689896,26.504213
2043-08-30 00:00:00+00:00,27.965254,31.719547,24.827555
2043-08-31 00:00:00+00:00,26.538229,28.499191,25.900898
2043-09-01 00:00:00+00:00,27.061203,29.528835,25.674244
2043-09-02 00:00:00+00:00,27.343325,29.564377,25.507187
2043-09-03 00:00:00+00:00,27.402868,30.217602,25.118935
2043-09-04 00:00:00+00:00,26.312412,28.520832,25.230682
2043-09-05 00:00:00+00:00,27.021961,29.374056,25.842428
2043-09-06 00:00:00+00:00,27.131508,29.22728,25.754175
2043-09-07 00:00:00+00:00,26.041056,26.830502,25.765924
2043-09-08 00:00:00+00:00,26.3006,27.78373,25.52767
2043-09-09 00:00:00+00:00,27.210148,29.386953,25.38942
2043-09-10 00:00:00+00:00,27.519693,29.290176,26.101166
2043-09-11 00:00:00+00:00,27.329237,29.843403,25.412914
2043-09-12 00:00:00+00:00,25.038784,25.696627,25.074661
2043-09-13 00:00:00+00:00,26.248331,27.149855,25.636408
2043-09-14 00:00:00+00:00,26.80788,27.903078,25.748154
2043-09-15 00:00:00+00:00,28.017424,30.6063,25.859903
2043-09-16 00:00:00+00:00,28.176971,31.059525,25.57165
2043-09-17 00:00:00+00:00,27.286516,29.412752,26.133396
2043-09-18 00:00:00+00:00,27.19606,29.815975,25.395145
2043-09-19 00:00:00+00:00,26.90561,29.419203,24.956888
2043-09-20 00:00:00+00:00,27.215157,29.272427,25.368639
2043-09-21 00:00:00+00:00,26.024704,27.02565,25.780386
2043-09-22 00:00:00+00:00,27.784248,30.178873,25.842133
2043-09-23 00:00:00+00:00,27.093792,29.7821,26.10388
2043-09-24 00:00:00+00:00,27.503338,30.135323,24.765627
2043-09-25 00:00:00+00:00,28.012884,30.388546,26.377375
2043-09-26 00:00:00+00:00,27.572433,29.641773,25.639122
2043-09-27 00:00:00+00:00,27.581976,30.144997,25.70087
2043-09-28 00:00:00+00:00,28.691525,33.148224,24.662619
2043-09-29 00:00:00+00:00,29.901072,33.55145,26.474365
2043-09-30 00:00:00+00:00,29.460619,33.504677,26.63611
2043-10-01 00:00:00+00:00,30.470163,35.807896,26.347858
2043-10-02 00:00:00+00:00,31.67971,37.71112,26.909607
2043-10-03 00:00:00+00:00,29.989258,33.714344,27.121353
2043-10-04 00:00:00+00:00,29.5988,34.76757,25.883099
2043-10-05 00:00:00+00:00,30.70835,35.070797,27.244846
2043-10-06 00:00:00+00:00,32.067894,37.47402,27.206596
2043-10-07 00:00:00+00:00,29.97744,32.877243,27.118343
2043-10-08 00:00:00+00:00,29.636986,34.78047,24.98009
2043-10-09 00:00:00+00:00,30.096533,36.183693,25.441837
2043-10-10 00:00:00+00:00,31.706078,38.986916,26.203585
2043-10-11 00:00:00+00:00,31.465626,39.390144,24.215332
2043-10-12 00:00:00+00:00,29.825172,37.643368,23.327078
2043-10-13 00:00:00+00:00,30.284718,37.39659,24.338825
2043-10-14 00:00:00+00:00,30.294266,37.499817,25.800573
2043-10-15 00:00:00+00:00,31.803814,38.40304,24.31232
2043-10-16 00:00:00+00:00,31.963356,38.056267,25.574068
2043-10-17 00:00:00+00:00,30.172905,34.709496,25.035814
2043-10-18 00:00:00+00:00,28.332449,30.912716,26.597563
2043-10-19 00:00:00+00:00,26.091993,26.11594,26.40931
2043-10-20 00:00:00+00:00,27.451544,30.01917,25.271057
2043-10-21 00:00:00+00:00,29.061089,32.42239,26.432804
2043-10-22 00:00:00+00:00,28.870634,32.975616,25.194551
2043-10-23 00:00:00+00:00,28.680182,34.87884,23.0063
2043-10-24 00:00:00+00:00,29.789726,36.182068,23.568047
2043-10-25 00:00:00+00:00,30.249271,36.18529,24.379793
2043-10-26 00:00:00+00:00,30.058819,36.68852,25.741543
2043-10-27 00:00:00+00:00,30.868366,36.24174,25.503288
2043-10-28 00:00:00+00:00,28.62791,33.394962,25.015038
2043-10-29 00:00:00+00:00,29.93746,35.04819,25.226784
2043-10-30 00:00:00+00:00,28.197004,30.55142,26.03853
2043-10-31 00:00:00+00:00,27.95655,30.10464,26.200277
2043-11-01 00:00:00+00:00,29.566097,33.557865,26.062027
2043-11-02 00:00:00+00:00,30.876606,35.665714,26.823235
2043-11-03 00:00:00+00:00,31.388723,36.931267,25.983551
2043-11-04 00:00:00+00:00,32.300842,37.546825,27.743866
2043-11-05 00:00:00+00:00,30.962961,37.81238,24.354183
2043-11-06 00:00:00+00:00,30.725079,37.17794,25.014498
2043-11-07 00:00:00+00:00,32.087196,39.243492,25.274813
2043-11-08 00:00:00+00:00,31.799314,39.40905,24.73513
2043-11-09 00:00:00+00:00,31.06143,38.27461,24.295446
2043-11-10 00:00:00+00:00,30.723549,38.04016,23.755762
2043-11-11 00:00:00+00:00,30.035667,37.80572,22.366077
2043-11-12 00:00:00+00:00,27.497782,35.021275,20.776392
2043-11-13 00:00:00+00:00,26.4599,32.03683,21.686708
2043-11-14 00:00:00+00:00,26.222017,31.85239,20.947025
2043-11-15 00:00:00+00:00,26.434135,32.61794,20.35734
2043-11-16 00:00:00+00:00,27.296253,33.2835,21.317656
2043-11-17 00:00:00+00:00,29.608372,36.64906,22.477974
2043-11-18 00:00:00+00:00,30.77049,38.564606,23.838287
2043-11-19 00:00:00+00:00,29.732609,38.030167,21.698605
2043-11-20 00:00:00+00:00,30.394726,38.845726,21.808922
2043-11-21 00:00:00+00:00,29.406843,37.76128,20.769234
2043-11-22 00:00:00+00:00,29.818962,37.526833,23.229551
2043-11-23 00:00:00+00:00,31.08108,37.442394,25.33987
2043-11-24 00:00:00+00:00,29.993195,35.907948,24.950182
2043-11-25 00:00:00+00:00,27.955315,33.723503,22.7605
2043-11-26 00:00:00+00:00,24.867434,30.989058,19.670815
2043-11-27 00:00:00+00:00,26.079548,35.454617,17.731129
2043-11-28 00:00:00+00:00,28.041664,37.320175,18.991446
2043-11-29 00:00:00+00:00,29.253784,36.63573,22.451761
2043-11-30 00:00:00+00:00,27.2159,33.451286,22.112078
2043-12-01 00:00:00+00:00,25.978016,32.56684,20.422394
2043-12-02 00:00:00+00:00,25.590137,32.932396,19.182713
2043-12-03 00:00:00+00:00,25.502253,32.54795,19.243025
2043-12-04 00:00:00+00:00,24.914375,32.263504,18.003342
2043-12-05 00:00:00+00:00,25.02649,32.579063,18.163656
2043-12-06 00:00:00+00:00,24.638607,30.744621,18.823973
2043-12-07 00:00:00+00:00,25.800724,33.460182,18.73429
2043-12-08 00:00:00+00:00,25.912842,33.575733,19.244606
2043-12-09 00:00:00+00:00,25.97496,31.741291,20.70492
2043-12-10 00:00:00+00:00,23.937075,27.556843,21.365234
2043-12-11 00:00:00+00:00,24.849194,33.422398,17.225552
2043-12-12 00:00:00+00:00,25.811312,33.537956,19.18587
2043-12-13 00:00:00+00:00,26.973429,34.503517,20.546185
2043-12-14 00:00:00+00:00,26.335552,33.219067,19.9065
2043-12-15 00:00:00+00:00,24.747665,32.534626,16.866816
2043-12-16 00:00:00+00:00,27.059784,34.800186,18.777132
2043-12-17 00:00:00+00:00,27.2219,34.865738,19.587448
2043-12-18 00:00:00+00:00,27.13402,34.58129,19.347763
2043-12-19 00:00:00+00:00,29.846138,36.49685,24.208078
2043-12-20 00:00:00+00:00,28.558252,36.512405,21.718393
2043-12-21 00:00:00+00:00,27.670372,34.57796,21.67871
2043-12-22 00:00:00+00:00,25.832489,31.743515,20.789026
2043-12-23 00:00:00+00:00,24.194609,32.109074,18.149343
2043-12-24 00:00:00+00:00,24.556726,32.42463,17.509657
2043-12-25 00:00:00+00:00,25.168842,32.440186,18.669975
2043-12-26 00:00:00+00:00,24.530956,30.855743,20.33029
2043-12-27 00:00:00+00:00,22.693079,28.971296,17.090607
2043-12-28 00:00:00+00:00,23.255196,29.786858,17.350922
2043-12-29 00:00:00+00:00,23.867311,30.30241,19.611237
2043-12-30 00:00:00+00:00,23.729431,32.267967,16.17155
2043-12-31 00:00:00+00:00,26.14155,33.68352,16.631868
2044-01-01 00:00:00+00:00,24.753666,32.99908,16.942184
2044-01-02 00:00:00+00:00,25.760067,33.255493,18.347954
2044-01-03 00:00:00+00:00,25.160748,32.45277,17.849173
2044-01-04 00:00:00+00:00,24.51143,32.450043,17.350397
2044-01-05 00:00:00+00:00,24.512112,32.39732,17.25162
2044-01-06 00:00:00+00:00,24.262794,31.694592,17.802843
2044-01-07 00:00:00+00:00,23.763477,31.541868,16.704063
2044-01-08 00:00:00+00:00,24.064157,31.139145,17.955284
2044-01-09 00:00:00+00:00,24.314838,31.686417,17.956509
2044-01-10 00:00:00+00:00,23.515524,31.33369,16.60773
2044-01-11 00:00:00+00:00,23.666206,31.830963,16.408953
2044-01-12 00:00:00+00:00,24.416887,33.07824,16.710175
2044-01-13 00:00:00+00:00,26.21757,36.075516,15.5113945
2044-01-14 00:00:00+00:00,27.168251,33.722786,22.462618
2044-01-15 00:00:00+00:00,27.468933,35.220066,20.71384
2044-01-16 00:00:00+00:00,27.569616,35.017338,20.415064
2044-01-17 00:00:00+00:00,27.720297,36.764614,19.116285
2044-01-18 00:00:00+00:00,28.270979,37.26189,18.667507
2044-01-19 00:00:00+00:00,28.571661,37.65916,19.01873
2044-01-20 00:00:00+00:00,28.872343,37.00644,21.119951
2044-01-21 00:00:00+00:00,28.073025,34.703712,22.721172
2044-01-22 00:00:00+00:00,27.523708,33.800987,21.922396
2044-01-23 00:00:00+00:00,25.57439,31.04826,20.623617
2044-01-24 00:00:00+00:00,25.12507,31.895535,18.924839
2044-01-25 00:00:00+00:00,24.925755,31.092812,19.87606
2044-01-26 00:00:00+00:00,24.176435,30.040085,19.477285
2044-01-27 00:00:00+00:00,24.87712,32.33736,17.678507
2044-01-28 00:00:00+00:00,25.677801,33.034637,19.179728
2044-01-29 00:00:00+00:00,27.178482,35.231907,19.53095
2044-01-30 00:00:00+00:00,27.329163,34.529182,20.132172
2044-01-31 00:00:00+00:00,27.429846,34.826458,20.033396
2044-02-01 00:00:00+00:00,27.48053,34.723736,20.584616
2044-02-02 00:00:00+00:00,27.48121,34.97101,20.135838
2044-02-03 00:00:00+00:00,27.981894,36.21828,19.787064
2044-02-04 00:00:00+00:00,28.782578,36.565556,22.038284
2044-02-05 00:00:00+00:00,28.133255,35.562828,21.939505
2044-02-06 00:00:00+00:00,26.833939,33.260105,20.840729
2044-02-07 00:00:00+00:00,25.88462,32.157375,19.691948
2044-02-08 00:00:00+00:00,23.735304,28.704653,19.493172
2044-02-09 00:00:00+00:00,23.485983,30.101929,17.444393
2044-02-10 00:00:00+00:00,23.636667,30.849201,16.495615
2044-02-11 00:00:00+00:00,25.137348,33.596478,17.496838
2044-02-12 00:00:00+00:00,25.488035,33.943752,17.29806
2044-02-13 00:00:00+00:00,25.538713,33.991028,17.099281
2044-02-14 00:00:00+00:00,25.989397,34.7383,17.450506
2044-02-15 00:00:00+00:00,26.540081,35.435577,18.301727
2044-02-16 00:00:00+00:00,26.540762,34.38285,19.852947
2044-02-17 00:00:00+00:00,25.491442,33.280125,16.904171
2044-02-18 00:00:00+00:00,25.642124,32.0274,19.90539
2044-02-19 00:00:00+00:00,24.442808,32.374672,16.956617
2044-02-20 00:00:00+00:00,25.99349,34.67195,17.357836
2044-02-21 00:00:00+00:00,27.194174,34.169228,21.10906
2044-02-22 00:00:00+00:00,25.794853,33.316494,18.810282
2044-02-23 00:00:00+00:00,24.745535,32.613773,17.4115
2044-02-24 00:00:00+00:00,25.146217,34.061047,16.912727
2044-02-25 00:00:00+00:00,27.346899,36.808323,18.913944
2044-02-26 00:00:00+00:00,29.897581,38.855595,21.56517
2044-02-27 00:00:00+00:00,31.898264,40.55287,22.766392
2044-02-28 00:00:00+00:00,32.248947,40.50015,24.217615
2044-02-29 00:00:00+00:00,32.199627,40.547417,24.218838
2044-03-01 00:00:00+00:00,31.300308,39.294697,23.570059
2044-03-02 00:00:00+00:00,30.900991,38.89197,23.571281
2044-03-03 00:00:00+00:00,30.112648,38.295982,22.282715
2044-03-04 00:00:00+00:00,29.630884,37.504032,22.200275
2044-03-05 00:00:00+00:00,29.249123,37.312084,21.56784
2044-03-06 00:00:00+00:00,29.367361,37.82014,21.135403
2044-03-07 00:00:00+00:00,30.135601,38.728195,21.502966
2044-03-08 00:00:00+00:00,30.203838,39.836243,19.870527
2044-03-09 00:00:00+00:00,30.472076,39.7443,20.688091
2044-03-10 00:00:00+00:00,30.690315,40.552353,21.405653
2044-03-11 00:00:00+00:00,31.208555,40.8604,21.473217
2044-03-12 00:00:00+00:00,34.176796,42.618458,25.49078
2044-03-13 00:00:00+00:00,33.39503,41.92651,24.30834
2044-03-14 00:00:00+00:00,33.863266,40.18456,28.425903
2044-03-15 00:00:00+00:00,33.131508,39.14262,26.893465
2044-03-16 00:00:00+00:00,32.449745,39.50067,24.761028
2044-03-17 00:00:00+00:00,31.417984,38.558723,24.278591
2044-03-18 00:00:00+00:00,31.086224,39.11678,23.446154
2044-03-19 00:00:00+00:00,32.054462,40.924828,23.363718
2044-03-20 00:00:00+00:00,32.6227,41.782883,22.831278
2044-03-21 00:00:00+00:00,33.190937,42.09094,23.948841
2044-03-22 00:00:00+00:00,33.309174,42.048992,24.516403
2044-03-23 00:00:00+00:00,33.527412,42.60704,24.033966
2044-03-24 00:00:00+00:00,34.195656,42.615093,25.10153
2044-03-25 00:00:00+00:00,33.56389,41.873146,24.919092
2044-03-26 00:00:00+00:00,33.032127,42.881195,22.886656
2044-03-27 00:00:00+00:00,33.60037,42.189255,24.804218
2044-03-28 00:00:00+00:00,33.618607,41.497303,25.821781
2044-03-29 00:00:00+00:00,34.486847,43.10536,24.889341
2044-03-30 00:00:00+00:00,33.905083,42.86341,23.556906
2044-03-31 00:00:00+00:00,32.923325,42.521458,22.474468
2044-04-01 00:00:00+00:00,31.391562,40.97952,21.892029
2044-04-02 00:00:00+00:00,31.709799,40.23757,23.909592
2044-04-03 00:00:00+00:00,30.778036,39.745625,22.477154
2044-04-04 00:00:00+00:00,32.14628,41.003677,23.394718
2044-04-05 00:00:00+00:00,35.064514,43.661728,25.21228
2044-04-06 00:00:00+00:00,36.432755,44.61978,29.029842
2044-04-07 00:00:00+00:00,33.450993,41.677837,25.747406
2044-04-08 00:00:00+00:00,33.71923,41.885883,25.814968
2044-04-09 00:00:00+00:00,35.387466,43.693943,25.882532
2044-04-10 00:00:00+00:00,34.655704,42.351994,26.750095
2044-04-11 00:00:00+00:00,32.623943,42.060043,23.017656
2044-04-12 00:00:00+00:00,32.74218,42.018097,20.935217
2044-04-13 00:00:00+00:00,32.51042,40.526154,23.15278
2044-04-14 00:00:00+00:00,33.82866,41.984203,24.520342
2044-04-15 00:00:00+00:00,33.796898,40.942257,25.787905
2044-04-16 00:00:00+00:00,32.465134,41.250313,23.80547
2044-04-17 00:00:00+00:00,32.433372,42.008366,21.72303
2044-04-18 00:00:00+00:00,33.40161,42.066414,23.490593
2044-04-19 00:00:00+00:00,35.369854,44.374466,25.558157
2044-04-20 00:00:00+00:00,35.688087,45.282524,24.12572
2044-04-21 00:00:00+00:00,33.70633,41.94057,24.843283
2044-04-22 00:00:00+00:00,32.474567,41.34863,23.510843
2044-04-23 00:00:00+00:00,32.242805,38.15668,25.278408
2044-04-24 00:00:00+00:00,34.561043,43.064735,27.195969
2044-04-25 00:00:00+00:00,34.829277,43.72279,25.613531
2044-04-26 00:00:00+00:00,34.647522,44.230843,25.331095
2044-04-27 00:00:00+00:00,32.665756,42.88889,22.898657
2044-04-28 00:00:00+00:00,28.683996,35.696945,22.016218
2044-04-29 00:00:00+00:00,28.502234,35.954994,21.033783
2044-04-30 00:00:00+00:00,29.470476,36.413055,23.051346
2044-05-01 00:00:00+00:00,30.888712,39.4711,22.468906
2044-05-02 00:00:00+00:00,31.45695,38.929157,24.88647
2044-05-03 00:00:00+00:00,30.25134,32.628353,28.080215
2044-05-04 00:00:00+00:00,31.18778,33.424603,28.116026
2044-05-05 00:00:00+00:00,32.32422,35.470844,28.801834
2044-05-06 00:00:00+00:00,34.26066,38.717083,29.237642
2044-05-07 00:00:00+00:00,35.647102,41.363335,28.523449
2044-05-08 00:00:00+00:00,35.533543,41.659576,28.359259
2044-05-09 00:00:00+00:00,34.769985,42.255825,26.345066
2044-05-10 00:00:00+00:00,33.606422,41.552067,23.830875
2044-05-11 00:00:00+00:00,34.192863,42.298313,24.466682
2044-05-12 00:00:00+00:00,34.47931,41.994553,25.602491
2044-05-13 00:00:00+00:00,33.565742,42.190796,23.4383
2044-05-14 00:00:00+00:00,33.10218,42.187042,24.37411
2044-05-15 00:00:00+00:00,33.788628,42.783287,24.609917
2044-05-16 00:00:00+00:00,33.575066,40.829533,26.395723
2044-05-17 00:00:00+00:00,34.111504,40.425777,27.481533
2044-05-18 00:00:00+00:00,34.597946,40.272022,28.867342
2044-05-19 00:00:00+00:00,35.834385,40.818268,29.60315
2044-05-20 00:00:00+00:00,35.070827,40.06451,29.738956
2044-05-21 00:00:00+00:00,37.057266,45.660755,26.974766
2044-05-22 00:00:00+00:00,35.69371,43.256996,28.260576
2044-05-23 00:00:00+00:00,35.58015,41.703243,29.746384
2044-05-24 00:00:00+00:00,35.116592,42.29949,27.832191
2044-05-25 00:00:00+00:00,34.703026,43.095734,27.418
2044-05-26 00:00:00+00:00,34.33947,41.04198,27.20381
2044-05-27 00:00:00+00:00,35.325912,42.838223,27.339615
2044-05-28 00:00:00+00:00,36.11235,43.58447,28.725426
2044-05-29 00:00:00+00:00,36.19879,45.030712,27.761232
2044-05-30 00:00:00+00:00,33.635227,42.126957,24.897043
2044-05-31 00:00:00+00:00,33.871674,43.5232,25.53285
2044-06-01 00:00:00+00:00,34.608112,42.569443,26.568659
2044-06-02 00:00:00+00:00,32.59455,38.365685,26.604467
2044-06-03 00:00:00+00:00,31.430992,36.011936,26.790276
2044-06-04 00:00:00+00:00,32.767433,39.108177,27.176085
2044-06-05 00:00:00+00:00,28.053875,30.454424,27.11189
2044-06-06 00:00:00+00:00,28.240314,29.900665,26.3977
2044-06-07 00:00:00+00:00,30.276756,34.996918,27.23351
2044-06-08 00:00:00+00:00,33.713196,39.943153,27.719315
2044-06-09 00:00:00+00:00,34.149635,40.0894,28.055124
2044-06-10 00:00:00+00:00,36.58608,43.485645,29.840933
2044-06-11 00:00:00+00:00,35.222515,42.231895,28.976742
2044-06-12 00:00:00+00:00,35.608955,42.92813,28.912548
2044-06-13 00:00:00+00:00,33.095398,36.02438,29.34836
2044-06-14 00:00:00+00:00,32.731834,37.720623,28.934164
2044-06-15 00:00:00+00:00,33.81828,41.61687,27.369974
2044-06-16 00:00:00+00:00,34.25472,43.213116,26.555784
2044-06-17 00:00:00+00:00,32.491158,39.309357,26.191591
2044-06-18 00:00:00+00:00,32.027603,37.305603,27.177397
2044-06-19 00:00:00+00:00,32.81404,39.101845,26.563206
2044-06-20 00:00:00+00:00,32.200478,37.29809,26.349016
2044-06-21 00:00:00+00:00,32.136925,38.594334,26.384823
2044-06-22 00:00:00+00:00,31.47336,38.54058,25.820633
2044-06-23 00:00:00+00:00,29.559801,32.986824,26.106443
2044-06-24 00:00:00+00:00,30.446241,34.78307,27.092249
2044-06-25 00:00:00+00:00,30.232683,34.37931,26.978058
2044-06-26 00:00:00+00:00,31.119122,35.425564,27.163866
2044-06-27 00:00:00+00:00,33.25556,37.721806,28.999676
2044-06-28 00:00:00+00:00,35.492004,41.618046,29.985485
2044-06-29 00:00:00+00:00,36.478447,44.814293,28.02129
2044-06-30 00:00:00+00:00,34.96488,39.76054,30.2571
2044-07-01 00:00:00+00:00,33.501324,37.30678,29.79291
2044-07-02 00:00:00+00:00,29.437763,31.003025,28.478716
2044-07-03 00:00:00+00:00,29.812424,33.784748,26.50362
2044-07-04 00:00:00+00:00,30.835398,33.964397,27.726963
2044-07-05 00:00:00+00:00,32.108376,38.794037,27.550304
2044-07-06 00:00:00+00:00,28.581348,30.823687,27.62365
2044-07-07 00:00:00+00:00,28.004324,29.653336,26.596992
2044-07-08 00:00:00+00:00,28.227299,29.582981,27.170338
2044-07-09 00:00:00+00:00,30.150274,36.06263,26.543682
2044-07-10 00:00:00+00:00,29.173252,32.192276,26.567026
2044-07-11 00:00:00+00:00,30.796225,34.971924,26.74037
2044-07-12 00:00:00+00:00,30.469202,34.451572,26.71371
2044-07-13 00:00:00+00:00,30.492176,34.08122,27.53706
2044-07-14 00:00:00+00:00,31.215149,36.010864,27.2604
2044-07-15 00:00:00+00:00,31.938126,36.690514,27.833746
2044-07-16 00:00:00+00:00,30.0111,33.120163,27.807089
2044-07-17 00:00:00+00:00,31.134075,35.849808,26.48043
2044-07-18 00:00:00+00:00,31.45705,35.729454,27.703775
2044-07-19 00:00:00+00:00,28.930029,30.2591,28.12712
2044-07-20 00:00:00+00:00,29.603004,33.13875,26.600464
2044-07-21 00:00:00+00:00,31.375977,36.068398,27.173807
2044-07-22 00:00:00+00:00,31.498953,34.748043,28.197151
2044-07-23 00:00:00+00:00,29.571926,33.027687,26.720499
2044-07-24 00:00:00+00:00,29.594902,32.057335,27.443842
2044-07-25 00:00:00+00:00,29.167877,31.536983,26.417185
2044-07-26 00:00:00+00:00,30.240852,34.36663,26.490526
2044-07-27 00:00:00+00:00,30.113827,34.14628,26.86387
2044-07-28 00:00:00+00:00,29.986803,32.575924,27.087214
2044-07-29 00:00:00+00:00,29.009779,32.30557,27.310558
2044-07-30 00:00:00+00:00,29.582754,32.835217,26.6839
2044-07-31 00:00:00+00:00,29.605728,32.464863,27.107246
2044-08-01 00:00:00+00:00,30.378704,35.544514,25.13059
2044-08-02 00:00:00+00:00,31.051682,35.424156,26.603935
2044-08-03 00:00:00+00:00,31.124655,36.153805,26.527275
2044-08-04 00:00:00+00:00,29.89763,34.98346,26.100622
2044-08-05 00:00:00+00:00,28.570606,31.863102,26.173965
2044-08-06 00:00:00+00:00,29.34358,32.19275,26.547308
2044-08-07 00:00:00+00:00,28.416557,31.122396,25.920652
2044-08-08 00:00:00+00:00,27.63953,29.952042,26.493996
2044-08-09 00:00:00+00:00,29.462507,34.23169,25.517344
2044-08-10 00:00:00+00:00,29.735481,33.661335,26.040684
2044-08-11 00:00:00+00:00,29.058456,31.790981,26.864027
2044-08-12 00:00:00+00:00,30.331432,34.070633,26.937376
2044-08-13 00:00:00+00:00,29.304407,31.550278,27.010715
2044-08-14 00:00:00+00:00,28.577381,31.629929,25.43406
2044-08-15 00:00:00+00:00,29.150358,33.70957,25.607405
2044-08-16 00:00:00+00:00,28.873333,32.13922,24.98075
2044-08-17 00:00:00+00:00,30.34631,36.318867,24.65409
2044-08-18 00:00:00+00:00,28.719286,32.348515,25.027435
2044-08-19 00:00:00+00:00,28.092258,31.57816,25.55078
2044-08-20 00:00:00+00:00,30.265236,36.15781,25.374125
2044-08-21 00:00:00+00:00,29.988213,34.13746,25.647467
2044-08-22 00:00:00+00:00,29.411182,34.8171,24.870811
2044-08-23 00:00:00+00:00,29.33416,34.39675,25.244154
2044-08-24 00:00:00+00:00,29.007132,32.4764,24.8675
2044-08-25 00:00:00+00:00,30.830109,37.206043,25.090843
2044-08-26 00:00:00+00:00,30.053085,34.085693,26.31419
2044-08-27 00:00:00+00:00,28.526062,31.565338,25.68753
2044-08-28 00:00:00+00:00,27.449038,30.294987,25.810875
2044-08-29 00:00:00+00:00,28.07201,31.42463,25.434217
2044-08-30 00:00:00+00:00,28.844986,33.10428,25.757563
2044-08-31 00:00:00+00:00,28.51796,32.083927,25.630907
2044-09-01 00:00:00+00:00,26.990936,29.163572,25.60425
2044-09-02 00:00:00+00:00,26.05048,27.016796,25.565998
2044-09-03 00:00:00+00:00,27.36003,30.720024,25.027744
2044-09-04 00:00:00+00:00,28.369574,31.273247,25.339493
2044-09-05 00:00:00+00:00,28.479124,31.02647,26.601242
2044-09-06 00:00:00+00:00,28.138668,30.479698,26.912985
2044-09-07 00:00:00+00:00,27.948214,30.58292,25.624735
2044-09-08 00:00:00+00:00,27.45776,28.986145,26.486483
2044-09-09 00:00:00+00:00,27.717304,29.689371,26.14823
2044-09-10 00:00:00+00:00,27.676853,30.6426,25.109976
2044-09-11 00:00:00+00:00,26.5864,28.49582,25.121723
2044-09-12 00:00:00+00:00,27.095947,29.89905,25.33347
2044-09-13 00:00:00+00:00,27.40549,30.702269,24.395218
2044-09-14 00:00:00+00:00,27.315039,29.605492,25.406963
2044-09-15 00:00:00+00:00,28.474585,31.908718,25.21871
2044-09-16 00:00:00+00:00,27.284128,28.811943,25.930458
2044-09-17 00:00:00+00:00,27.393675,29.81517,25.792206
2044-09-18 00:00:00+00:00,28.103222,30.168394,26.603954
2044-09-19 00:00:00+00:00,27.36277,28.921621,26.3157
2044-09-20 00:00:00+00:00,28.422316,31.82484,24.92745
2044-09-21 00:00:00+00:00,28.731863,32.428066,25.889198
2044-09-22 00:00:00+00:00,28.09141,30.881294,26.300943
2044-09-23 00:00:00+00:00,26.750954,27.484518,26.662691
2044-09-24 00:00:00+00:00,26.9105,28.887745,25.524439
2044-09-25 00:00:00+00:00,28.220043,31.140968,26.286186
2044-09-26 00:00:00+00:00,28.929596,32.644188,25.897932
2044-09-27 00:00:00+00:00,28.48914,31.197418,26.659678
2044-09-28 00:00:00+00:00,28.948685,31.250645,26.721428
2044-09-29 00:00:00+00:00,29.758232,34.103867,26.783175
2044-09-30 00:00:00+00:00,30.067778,34.207092,26.894922
2044-10-01 00:00:00+00:00,29.227324,30.960316,27.706667
2044-10-02 00:00:00+00:00,30.336868,34.36354,26.51842
2044-10-03 00:00:00+00:00,29.596413,32.666767,26.880163
2044-10-04 00:00:00+00:00,29.605963,33.069992,26.39191
2044-10-05 00:00:00+00:00,29.16551,31.623215,27.503656
2044-10-06 00:00:00+00:00,29.725054,34.126442,25.365404
2044-10-07 00:00:00+00:00,28.4346,30.279665,26.727154
2044-10-08 00:00:00+00:00,28.744148,32.53289,26.738901
2044-10-09 00:00:00+00:00,31.203695,36.136116,26.750647
2044-10-10 00:00:00+00:00,31.263239,36.38934,26.212393
2044-10-11 00:00:00+00:00,31.422785,37.192562,26.524145
2044-10-12 00:00:00+00:00,31.882334,38.34579,26.58589
2044-10-13 00:00:00+00:00,32.39188,39.699013,26.897636
2044-10-14 00:00:00+00:00,30.801424,35.952236,27.109383
2044-10-15 00:00:00+00:00,31.06097,36.155464,26.72113
2044-10-16 00:00:00+00:00,31.120518,37.408688,26.132877
2044-10-17 00:00:00+00:00,31.630066,39.01191,26.394625
2044-10-18 00:00:00+00:00,30.989609,37.86514,24.806374
2044-10-19 00:00:00+00:00,31.049156,35.368362,26.418121
2044-10-20 00:00:00+00:00,33.0087,42.071587,26.27987
2044-10-21 00:00:00+00:00,30.618248,36.924812,24.991615
2044-10-22 00:00:00+00:00,27.477795,28.678036,26.353361
2044-10-23 00:00:00+00:00,28.53734,30.88126,26.865108
2044-10-24 00:00:00+00:00,29.596886,32.534485,26.676859
2044-10-25 00:00:00+00:00,30.256435,35.53771,25.688604
2044-10-26 00:00:00+00:00,30.11598,36.690933,24.05035
2044-10-27 00:00:00+00:00,31.175526,37.79416,24.662098
2044-10-28 00:00:00+00:00,30.885073,38.547382,23.123844
2044-10-29 00:00:00+00:00,27.594618,31.000614,23.885593
2044-10-30 00:00:00+00:00,29.904163,34.003834,25.597342
2044-10-31 00:00:00+00:00,30.31371,37.707058,23.709085
2044-11-01 00:00:00+00:00,29.723577,34.961823,25.320656
2044-11-02 00:00:00+00:00,31.235697,37.877384,25.230972
2044-11-03 00:00:00+00:00,31.897814,39.142937,25.541288
2044-11-04 00:00:00+00:00,30.90993,38.308487,24.351603
2044-11-05 00:00:00+00:00,30.372047,36.77405,23.811918
2044-11-06 00:00:00+00:00,31.884165,39.489605,25.272236
2044-11-07 00:00:00+00:00,31.696283,39.555164,23.332552
2044-11-08 00:00:00+00:00,32.358402,39.620716,25.342867
2044-11-09 00:00:00+00:00,31.770517,39.43627,24.353182
2044-11-10 00:00:00+00:00,31.082636,39.10183,23.0635
2044-11-11 00:00:00+00:00,30.994755,39.76739,21.573814
2044-11-12 00:00:00+00:00,32.45687,40.082943,25.33413
2044-11-13 00:00:00+00:00,32.01899,40.048496,24.194445
2044-11-14 00:00:00+00:00,30.631105,38.464054,23.70476
2044-11-15 00:00:00+00:00,30.093225,37.77961,22.515078
2044-11-16 00:00:00+00:00,30.055344,37.14517,23.725393
2044-11-17 00:00:00+00:00,29.21746,37.16072,21.935709
2044-11-18 00:00:00+00:00,29.029577,36.67628,21.796026
2044-11-19 00:00:00+00:00,29.191698,36.891834,22.056341
2044-11-20 00:00:00+00:00,29.153812,36.95739,21.916656
2044-11-21 00:00:00+00:00,29.065931,36.77295,21.926971
2044-11-22 00:00:00+00:00,28.728048,36.988503,20.63729
2044-11-23 00:00:00+00:00,29.190165,37.25406,21.247604
2044-11-24 00:00:00+00:00,30.202284,38.069614,23.257921
2044-11-25 00:00:00+00:00,29.814402,37.28517,22.718235
2044-11-26 00:00:00+00:00,29.27652,37.20072,21.378553
2044-11-27 00:00:00+00:00,28.988638,37.01628,21.038866
2044-11-28 00:00:00+00:00,29.500753,36.93184,22.849182
2044-11-29 00:00:00+00:00,28.812872,36.947395,21.259499
2044-11-30 00:00:00+00:00,28.92499,36.46295,21.669815
2044-12-01 00:00:00+00:00,28.587107,36.278507,21.03013
2044-12-02 00:00:00+00:00,28.499226,36.24406,20.990446
2044-12-03 00:00:00+00:00,28.511341,35.90962,21.600763
2044-12-04 00:00:00+00:00,27.923462,33.925175,22.861078
2044-12-05 00:00:00+00:00,26.685577,32.19073,21.721397
2044-12-06 00:00:00+00:00,26.297695,34.106285,18.831707
2044-12-07 00:00:00+00:00,27.159811,35.12184,19.842026
2044-12-08 00:00:00+00:00,27.671928,35.5874,20.152344
2044-12-09 00:00:00+00:00,27.834047,35.002956,21.012657
2044-12-10 00:00:00+00:00,29.096167,36.61851,22.272974
2044-12-11 00:00:00+00:00,28.908283,34.684067,24.583288
2044-12-12 00:00:00+00:00,28.720402,34.599625,24.293606
2044-12-13 00:00:00+00:00,27.73252,34.71518,21.15392
2044-12-14 00:00:00+00:00,27.794638,36.430737,19.314238
2044-12-15 00:00:00+00:00,27.056755,36.246292,17.974552
2044-12-16 00:00:00+00:00,26.418873,35.811848,17.534868
2044-12-17 00:00:00+00:00,27.08099,36.277405,18.095184
2044-12-18 00:00:00+00:00,28.493107,37.742958,18.7555
2044-12-19 00:00:00+00:00,29.205223,37.65852,20.515816
2044-12-20 00:00:00+00:00,28.71734,34.97407,23.576132
2044-12-21 00:00:00+00:00,25.47946,31.439629,20.536448
2044-12-22 00:00:00+00:00,24.94158,31.105185,19.646763
2044-12-23 00:00:00+00:00,23.003695,29.220741,17.407082
2044-12-24 00:00:00+00:00,22.865812,29.986298,16.667397
2044-12-25 00:00:00+00:00,24.27793,32.801853,16.52771
2044-12-26 00:00:00+00:00,26.040049,33.96741,19.238028
2044-12-27 00:00:00+00:00,25.352167,32.632965,18.198343
2044-12-28 00:00:00+00:00,25.214285,31.048523,20.908659
2044-12-29 00:00:00+00:00,23.976402,30.114075,18.468975
2044-12-30 00:00:00+00:00,23.988522,29.17963,19.77929
2044-12-31 00:00:00+00:00,24.350636,26.995192,21.139606
2045-01-01 00:00:00+00:00,20.059895,21.256174,18.047647
2045-01-02 00:00:00+00:00,20.76058,26.103447,16.34887
2045-01-03 00:00:00+00:00,23.911259,30.650723,18.000092
2045-01-04 00:00:00+00:00,24.761942,32.098,18.451313
2045-01-05 00:00:00+00:00,26.712624,34.095276,20.152534
2045-01-06 00:00:00+00:00,27.663307,34.892548,20.803759
2045-01-07 00:00:00+00:00,29.413988,37.33982,22.904982
2045-01-08 00:00:00+00:00,30.16467,37.5371,22.956203
2045-01-09 00:00:00+00:00,31.215351,38.634373,24.407423
2045-01-10 00:00:00+00:00,30.716034,38.431644,23.358646
2045-01-11 00:00:00+00:00,30.26672,38.078922,22.95987
2045-01-12 00:00:00+00:00,28.517399,34.726196,22.861092
2045-01-13 00:00:00+00:00,26.21808,31.92347,20.862312
2045-01-14 00:00:00+00:00,26.268764,31.970741,20.763536
2045-01-15 00:00:00+00:00,25.719446,31.21802,20.714758
2045-01-16 00:00:00+00:00,23.920128,29.465296,19.115978
2045-01-17 00:00:00+00:00,23.670809,31.212568,17.1172
2045-01-18 00:00:00+00:00,25.72149,35.009842,17.168423
2045-01-19 00:00:00+00:00,28.272173,37.40712,19.519648
2045-01-20 00:00:00+00:00,28.722855,37.204388,20.520866
2045-01-21 00:00:00+00:00,28.973536,37.35167,20.32209
2045-01-22 00:00:00+00:00,28.524218,36.548943,20.073313
2045-01-23 00:00:00+00:00,28.174902,36.54622,19.724533
2045-01-24 00:00:00+00:00,28.125584,36.89349,19.475756
2045-01-25 00:00:00+00:00,28.726265,36.790768,21.026981
2045-01-26 00:00:00+00:00,28.476948,36.38804,21.1282
2045-01-27 00:00:00+00:00,28.32763,36.43531,20.979422
2045-01-28 00:00:00+00:00,28.528313,36.28259,21.980642
2045-01-29 00:00:00+00:00,28.078995,36.12986,20.781868
2045-01-30 00:00:00+00:00,27.729675,35.127136,21.38309
2045-01-31 00:00:00+00:00,27.580359,35.72442,20.534311
2045-02-01 00:00:00+00:00,28.181044,36.87169,19.785534
2045-02-02 00:00:00+00:00,28.181725,37.268963,19.186758
2045-02-03 00:00:00+00:00,29.032406,38.066235,19.787977
2045-02-04 00:00:00+00:00,29.233088,36.713512,22.0892
2045-02-05 00:00:00+00:00,28.233768,34.710785,22.39042
2045-02-06 00:00:00+00:00,26.434452,33.10806,20.641644
2045-02-07 00:00:00+00:00,25.685133,33.805332,17.742867
2045-02-08 00:00:00+00:00,26.885813,35.75261,17.644087
2045-02-09 00:00:00+00:00,27.836496,37.349884,17.99531
2045-02-10 00:00:00+00:00,30.43718,38.797157,22.246532
2045-02-11 00:00:00+00:00,30.537865,38.344433,21.997753
2045-02-12 00:00:00+00:00,28.438543,35.091705,22.498976
2045-02-13 00:00:00+00:00,27.789225,35.338978,21.2502
2045-02-14 00:00:00+00:00,28.53991,36.73626,20.90142
2045-02-15 00:00:00+00:00,28.44059,36.233532,20.752642
2045-02-16 00:00:00+00:00,28.09127,36.680805,19.503866
2045-02-17 00:00:00+00:00,28.941954,37.228085,20.755087
2045-02-18 00:00:00+00:00,29.792639,37.825356,21.95631
2045-02-19 00:00:00+00:00,29.493317,37.92263,21.35753
2045-02-20 00:00:00+00:00,29.794,38.269905,21.358753
2045-02-21 00:00:00+00:00,29.944683,39.01718,21.209974
2045-02-22 00:00:00+00:00,30.245365,39.364452,21.361198
2045-02-23 00:00:00+00:00,29.746046,39.26173,20.21242
2045-02-24 00:00:00+00:00,31.496729,40.309006,22.363644
2045-02-25 00:00:00+00:00,31.547413,39.65628,23.464865
2045-02-26 00:00:00+00:00,31.448093,39.953552,23.666084
2045-02-27 00:00:00+00:00,32.048775,40.40083,24.767307
2045-02-28 00:00:00+00:00,31.849459,40.3481,23.41853
2045-03-01 00:00:00+00:00,30.850138,39.645374,21.969753
2045-03-02 00:00:00+00:00,30.200823,39.59265,20.670975
2045-03-03 00:00:00+00:00,31.008087,39.89397,23.228325
2045-03-04 00:00:00+00:00,33.326324,41.302017,25.695887
2045-03-05 00:00:00+00:00,33.094566,40.36007,25.81345
2045-03-06 00:00:00+00:00,30.912802,38.21813,24.131012
2045-03-07 00:00:00+00:00,31.731041,40.47618,23.398577
2045-03-08 00:00:00+00:00,32.69928,41.334232,24.066137
2045-03-09 00:00:00+00:00,32.217514,40.892284,23.3337
2045-03-10 00:00:00+00:00,32.53576,41.550335,23.401262
2045-03-11 00:00:00+00:00,31.453995,41.008392,22.118824
2045-03-12 00:00:00+00:00,31.772232,41.766445,21.086388
2045-03-13 00:00:00+00:00,32.34047,42.324497,22.653952
2045-03-14 00:00:00+00:00,34.008713,43.58255,23.921515
2045-03-15 00:00:00+00:00,32.82695,41.9406,23.939075
2045-03-16 00:00:00+00:00,30.745184,40.148655,21.306639
2045-03-17 00:00:00+00:00,32.013424,42.206707,20.174198
2045-03-18 00:00:00+00:00,33.781666,42.96476,23.841764
2045-03-19 00:00:00+00:00,32.349903,41.27282,23.259325
2045-03-20 00:00:00+00:00,30.618141,40.580868,20.926888
2045-03-21 00:00:00+00:00,31.736376,41.73892,21.84445
2045-03-22 00:00:00+00:00,33.35462,42.946976,22.612013
2045-03-23 00:00:00+00:00,33.172855,43.305027,21.129576
2045-03-24 00:00:00+00:00,32.64109,42.613083,20.747139
2045-03-25 00:00:00+00:00,32.70933,41.971134,23.164701
2045-03-26 00:00:00+00:00,32.277573,41.729187,21.782263
2045-03-27 00:00:00+00:00,33.345806,43.087242,21.799828
2045-03-28 00:00:00+00:00,34.06405,42.59529,25.01739
2045-03-29 00:00:00+00:00,33.632286,40.653347,26.834951
2045-03-30 00:00:00+00:00,32.200523,40.8614,23.302513
2045-03-31 00:00:00+00:00,31.568762,42.06945,21.220076
2045-04-01 00:00:00+00:00,31.737001,40.6775,22.737638
2045-04-02 00:00:00+00:00,32.50524,41.735558,22.9552
2045-04-03 00:00:00+00:00,33.673477,43.043606,22.372765
2045-04-04 00:00:00+00:00,33.641716,41.001663,26.840326
2045-04-05 00:00:00+00:00,33.859955,42.559715,24.40789
2045-04-06 00:00:00+00:00,34.02819,43.367767,24.025452
2045-04-07 00:00:00+00:00,33.89643,43.32582,24.193016
2045-04-08 00:00:00+00:00,34.81467,44.23387,24.410578
2045-04-09 00:00:00+00:00,35.032906,43.44193,26.92814
2045-04-10 00:00:00+00:00,34.451145,42.84998,25.845701
2045-04-11 00:00:00+00:00,33.219383,43.15803,21.963264
2045-04-12 00:00:00+00:00,34.237625,44.16608,22.180828
2045-04-13 00:00:00+00:00,35.505863,43.97414,25.548391
2045-04-14 00:00:00+00:00,35.4741,43.032192,27.865952
2045-04-15 00:00:00+00:00,31.792337,40.490242,22.883516
2045-04-16 00:00:00+00:00,30.560574,39.548294,22.401077
2045-04-17 00:00:00+00:00,30.578817,39.00635,21.96864
2045-04-18 00:00:00+00:00,29.897055,38.364407,21.986202
2045-04-19 00:00:00+00:00,30.015291,38.322456,21.803766
2045-04-20 00:00:00+00:00,29.233528,37.58051,20.521328
2045-04-21 00:00:00+00:00,28.601768,37.53856,19.93889
2045-04-22 00:00:00+00:00,29.970007,39.296616,20.056454
2045-04-23 00:00:00+00:00,33.33824,43.504665,21.524015
2045-04-24 00:00:00+00:00,34.356483,43.66272,23.841578
2045-04-25 00:00:00+00:00,34.624718,42.970776,25.809141
2045-04-26 00:00:00+00:00,35.342964,43.47883,26.526705
2045-04-27 00:00:00+00:00,35.3612,44.336884,25.644264
2045-04-28 00:00:00+00:00,33.779438,41.89493,26.21183
2045-04-29 00:00:00+00:00,33.047676,42.30298,23.67939
2045-04-30 00:00:00+00:00,34.365913,44.261036,24.396954
2045-05-01 00:00:00+00:00,33.88415,40.769093,25.514519
2045-05-02 00:00:00+00:00,32.20239,38.377144,25.982079
2045-05-03 00:00:00+00:00,33.10473,42.679295,24.983765
2045-05-04 00:00:00+00:00,36.09117,46.02554,26.819574
2045-05-05 00:00:00+00:00,31.377611,37.771782,24.80538
2045-05-06 00:00:00+00:00,30.06405,37.418022,23.391191
2045-05-07 00:00:00+00:00,30.300491,39.814266,22.426996
2045-05-08 00:00:00+00:00,30.986933,40.41052,22.262806
2045-05-09 00:00:00+00:00,31.273373,41.456764,21.798615
2045-05-10 00:00:00+00:00,30.359812,38.553005,22.934425
2045-05-11 00:00:00+00:00,29.446253,38.64925,21.57023
2045-05-12 00:00:00+00:00,30.282694,38.495495,21.60604
2045-05-13 00:00:00+00:00,29.919136,37.791737,22.39185
2045-05-14 00:00:00+00:00,31.305574,38.837982,23.377657
2045-05-15 00:00:00+00:00,35.192017,43.034225,27.063463
2045-05-16 00:00:00+00:00,37.578453,44.680473,29.649271
2045-05-17 00:00:00+00:00,38.464897,45.426716,31.085081
2045-05-18 00:00:00+00:00,34.851337,42.27296,27.570889
2045-05-19 00:00:00+00:00,31.187775,37.319206,25.006697
2045-05-20 00:00:00+00:00,29.074217,35.66545,22.442507
2045-05-21 00:00:00+00:00,28.410658,35.461693,21.378315
2045-05-22 00:00:00+00:00,29.197098,37.55794,20.714123
2045-05-23 00:00:00+00:00,33.18354,43.054184,22.899931
2045-05-24 00:00:00+00:00,34.069977,40.90043,26.785738
2045-05-25 00:00:00+00:00,33.10642,39.846672,25.671547
2045-05-26 00:00:00+00:00,33.49286,39.392914,26.057356
2045-05-27 00:00:00+00:00,33.879303,40.83916,28.143162
2045-05-28 00:00:00+00:00,35.76574,44.135406,26.878971
2045-05-29 00:00:00+00:00,37.35218,45.28165,27.314781
2045-05-30 00:00:00+00:00,36.08862,44.12789,28.15059
2045-05-31 00:00:00+00:00,32.275063,40.72414,24.986399
2045-06-01 00:00:00+00:00,32.161503,42.820385,22.972206
2045-06-02 00:00:00+00:00,33.89794,43.16663,23.858015
2045-06-03 00:00:00+00:00,33.934387,41.11287,26.993824
2045-06-04 00:00:00+00:00,33.02082,39.209118,26.57963
2045-06-05 00:00:00+00:00,32.607265,40.505363,24.615438
2045-06-06 00:00:00+00:00,32.243706,40.701607,24.351248
2045-06-07 00:00:00+00:00,32.430145,40.847847,24.637056
2045-06-08 00:00:00+00:00,32.81658,41.894096,25.272863
2045-06-09 00:00:00+00:00,32.503025,40.84034,24.908672
2045-06-10 00:00:00+00:00,33.639465,41.736588,26.094482
2045-06-11 00:00:00+00:00,33.775906,41.582825,27.23029
2045-06-12 00:00:00+00:00,34.212345,42.079075,26.266098
2045-06-13 00:00:00+00:00,32.64879,40.22532,25.601906
2045-06-14 00:00:00+00:00,31.635227,39.171562,25.037716
2045-06-15 00:00:00+00:00,31.971668,39.117805,25.573524
2045-06-16 00:00:00+00:00,31.358107,38.814053,24.55933
2045-06-17 00:00:00+00:00,29.344547,36.860294,23.99514
2045-06-18 00:00:00+00:00,28.83099,34.756542,24.180946
2045-06-19 00:00:00+00:00,30.56743,36.652782,25.116758
2045-06-20 00:00:00+00:00,33.05387,39.44903,26.702566
2045-06-21 00:00:00+00:00,33.64031,40.745277,27.238373
2045-06-22 00:00:00+00:00,32.92675,39.19152,26.374182
2045-06-23 00:00:00+00:00,33.163193,39.287766,27.15999
2045-06-24 00:00:00+00:00,33.849632,39.784008,27.945799
2045-06-25 00:00:00+00:00,33.03607,37.580254,28.931604
2045-06-26 00:00:00+00:00,31.37251,36.726498,26.267416
2045-06-27 00:00:00+00:00,31.158953,35.52274,26.45322
2045-06-28 00:00:00+00:00,29.995394,32.268986,26.68903
2045-06-29 00:00:00+00:00,32.231834,37.81523,26.624842
2045-06-30 00:00:00+00:00,35.468273,45.061474,26.710646
2045-07-01 00:00:00+00:00,33.304718,38.90772,26.846455
2045-07-02 00:00:00+00:00,33.691154,39.203968,28.482265
2045-07-03 00:00:00+00:00,31.569181,34.589832,29.360281
2045-07-04 00:00:00+00:00,31.842155,38.06948,27.033627
2045-07-05 00:00:00+00:00,31.06513,38.19913,24.606972
2045-07-06 00:00:00+00:00,32.488106,39.178776,25.880312
2045-07-07 00:00:00+00:00,33.11108,39.808422,26.753658
2045-07-08 00:00:00+00:00,32.43406,41.288074,24.827
2045-07-09 00:00:00+00:00,31.507032,37.06772,27.300346
2045-07-10 00:00:00+00:00,31.380007,36.697365,26.47369
2045-07-11 00:00:00+00:00,31.602982,38.727013,25.147034
2045-07-12 00:00:00+00:00,30.075958,37.55666,22.470377
2045-07-13 00:00:00+00:00,28.948933,31.436304,25.74372
2045-07-14 00:00:00+00:00,28.371904,31.165953,26.867065
2045-07-15 00:00:00+00:00,29.844883,35.245598,25.640408
2045-07-16 00:00:00+00:00,29.817858,34.07525,25.263752
2045-07-17 00:00:00+00:00,30.840834,35.204895,26.437096
2045-07-18 00:00:00+00:00,31.813808,37.284542,26.660439
2045-07-19 00:00:00+00:00,32.386784,37.46419,27.983786
2045-07-20 00:00:00+00:00,31.559757,35.493835,28.107128
2045-07-21 00:00:00+00:00,31.932734,36.273483,27.98047
2045-07-22 00:00:00+00:00,31.95571,36.80313,27.453814
2045-07-23 00:00:00+00:00,30.878683,34.282776,28.32716
2045-07-24 00:00:00+00:00,31.101656,36.162422,26.600504
2045-07-25 00:00:00+00:00,31.674635,37.742073,26.273848
2045-07-26 00:00:00+00:00,30.797611,34.471718,27.54719
2045-07-27 00:00:00+00:00,30.820585,34.201366,26.870537
2045-07-28 00:00:00+00:00,28.04356,29.481014,26.74388
2045-07-29 00:00:00+00:00,28.616537,32.26066,25.167221
2045-07-30 00:00:00+00:00,29.789507,33.34031,26.04057
2045-07-31 00:00:00+00:00,31.412483,36.069954,26.913912
2045-08-01 00:00:00+00:00,30.435461,35.0496,26.437254
2045-08-02 00:00:00+00:00,29.708435,34.579247,25.4606
2045-08-03 00:00:00+00:00,29.88141,35.258896,25.533943
2045-08-04 00:00:00+00:00,29.704388,33.238544,26.407288
2045-08-05 00:00:00+00:00,28.62736,31.418186,26.63063
2045-08-06 00:00:00+00:00,27.950338,29.997837,26.503975
2045-08-07 00:00:00+00:00,28.473312,30.877485,26.677319
2045-08-08 00:00:00+00:00,27.846287,30.457134,25.350662
2045-08-09 00:00:00+00:00,29.119263,33.63678,25.674006
2045-08-10 00:00:00+00:00,28.992237,32.266422,26.04735
2045-08-11 00:00:00+00:00,30.665213,35.846073,26.620695
2045-08-12 00:00:00+00:00,30.538189,34.425716,27.344038
2045-08-13 00:00:00+00:00,29.911163,33.60537,27.517382
2045-08-14 00:00:00+00:00,28.18414,29.435013,27.090725
2045-08-15 00:00:00+00:00,28.507114,30.514662,26.664068
2045-08-16 00:00:00+00:00,28.730087,31.294308,26.487413
2045-08-17 00:00:00+00:00,28.153065,30.573952,26.360754
2045-08-18 00:00:00+00:00,28.926037,32.553604,26.1841
2045-08-19 00:00:00+00:00,29.049015,31.333248,27.157446
2045-08-20 00:00:00+00:00,29.521992,33.1629,26.530787
2045-08-21 00:00:00+00:00,29.194963,32.54254,26.354136
2045-08-22 00:00:00+00:00,29.86794,35.42219,26.327477
2045-08-23 00:00:00+00:00,29.940916,33.801838,26.400822
2045-08-24 00:00:00+00:00,30.11389,32.931484,27.574163
2045-08-25 00:00:00+00:00,29.436867,33.661133,26.697508
2045-08-26 00:00:00+00:00,28.95984,30.740782,27.47085
2045-08-27 00:00:00+00:00,28.182817,31.020428,26.794197
2045-08-28 00:00:00+00:00,30.15579,35.900074,25.81754
2045-08-29 00:00:00+00:00,29.578766,33.02972,26.440882
2045-08-30 00:00:00+00:00,28.45174,30.459368,26.814224
2045-08-31 00:00:00+00:00,27.024715,28.839012,25.137571
2045-09-01 00:00:00+00:00,25.847692,26.868662,25.410915
2045-09-02 00:00:00+00:00,27.648094,30.81599,25.113062
2045-09-03 00:00:00+00:00,28.007643,31.069214,25.624807
2045-09-04 00:00:00+00:00,28.817188,32.172443,25.986557
2045-09-05 00:00:00+00:00,29.076735,32.075665,26.448305
2045-09-06 00:00:00+00:00,29.43628,32.42889,27.010052
2045-09-07 00:00:00+00:00,28.595827,31.382114,25.921799
2045-09-08 00:00:00+00:00,28.505373,31.53534,25.983543
2045-09-09 00:00:00+00:00,28.014921,30.138563,25.845291
2045-09-10 00:00:00+00:00,29.424463,33.74179,25.857037
2045-09-11 00:00:00+00:00,28.234013,30.045017,26.868784
2045-09-12 00:00:00+00:00,27.943558,30.59824,25.830532
2045-09-13 00:00:00+00:00,28.303106,30.451464,26.542282
2045-09-14 00:00:00+00:00,29.012651,32.80469,26.254028
2045-09-15 00:00:00+00:00,29.872198,33.807915,26.415775
2045-09-16 00:00:00+00:00,28.681742,31.261139,27.227524
2045-09-17 00:00:00+00:00,28.49129,31.714367,26.489273
2045-09-18 00:00:00+00:00,29.750837,34.26759,26.551016
2045-09-19 00:00:00+00:00,31.760382,37.220814,26.912766
2045-09-20 00:00:00+00:00,30.369928,33.474037,27.724512
2045-09-21 00:00:00+00:00,28.179474,29.877262,26.686258
2045-09-22 00:00:00+00:00,27.689022,29.880482,26.248007
2045-09-23 00:00:00+00:00,28.64857,32.583717,25.159756
2045-09-24 00:00:00+00:00,31.058111,37.536938,25.5715
2045-09-25 00:00:00+00:00,33.71766,42.99016,26.183249
2045-09-26 00:00:00+00:00,31.127205,36.693386,26.144995
2045-09-27 00:00:00+00:00,29.786753,33.54661,26.806744
2045-09-28 00:00:00+00:00,29.446299,33.399834,25.71849
2045-09-29 00:00:00+00:00,29.755844,34.303062,25.130236
2045-09-30 00:00:00+00:00,30.86539,37.406284,25.791986
2045-10-01 00:00:00+00:00,31.024937,36.209507,26.353731
2045-10-02 00:00:00+00:00,29.334482,35.212734,24.965479
2045-10-03 00:00:00+00:00,30.294031,36.16596,25.427227
2045-10-04 00:00:00+00:00,31.403574,39.16918,24.988974
2045-10-05 00:00:00+00:00,30.613121,34.87241,26.250723
2045-10-06 00:00:00+00:00,30.722668,38.97563,25.262468
2045-10-07 00:00:00+00:00,31.082212,36.978855,26.274214
2045-10-08 00:00:00+00:00,30.941761,36.282085,27.085966
2045-10-09 00:00:00+00:00,34.351307,42.185307,27.597713
2045-10-10 00:00:00+00:00,31.71085,38.43853,25.459457
2045-10-11 00:00:00+00:00,29.2204,32.791763,27.421204
2045-10-12 00:00:00+00:00,30.229944,35.49498,25.732952
2045-10-13 00:00:00+00:00,30.58949,36.198208,25.894701
2045-10-14 00:00:00+00:00,31.84904,38.651436,25.356447
2045-10-15 00:00:00+00:00,33.008583,39.904655,26.918194
2045-10-16 00:00:00+00:00,33.91813,41.157883,28.12994
2045-10-17 00:00:00+00:00,33.427677,40.011105,27.24169
2045-10-18 00:00:00+00:00,33.93722,40.714333,27.353436
2045-10-19 00:00:00+00:00,34.74677,42.767555,27.265182
2045-10-20 00:00:00+00:00,31.406317,36.82078,25.77693
2045-10-21 00:00:00+00:00,29.165863,31.624008,26.98868
2045-10-22 00:00:00+00:00,30.375408,34.97723,27.450424
2045-10-23 00:00:00+00:00,31.484953,38.480457,26.162174
2045-10-24 00:00:00+00:00,32.1445,38.883682,25.523918
2045-10-25 00:00:00+00:00,32.504044,38.7869,25.585667
2045-10-26 00:00:00+00:00,33.56359,40.54013,27.497414
2045-10-27 00:00:00+00:00,34.17314,41.44335,26.809162
2045-10-28 00:00:00+00:00,34.132683,41.59658,26.72091
2045-10-29 00:00:00+00:00,33.892227,41.299797,27.132656
2045-10-30 00:00:00+00:00,33.251778,40.15303,27.194405
2045-10-31 00:00:00+00:00,32.911324,40.456253,25.006151
2045-11-01 00:00:00+00:00,31.870869,39.859474,25.4679
2045-11-02 00:00:00+00:00,33.53267,41.673492,25.178392
2045-11-03 00:00:00+00:00,32.99478,40.289047,25.988708
2045-11-04 00:00:00+00:00,34.1569,41.804607,27.149025
2045-11-05 00:00:00+00:00,32.66902,40.970158,24.25934
2045-11-06 00:00:00+00:00,31.331137,37.285717,25.869656
2045-11-07 00:00:00+00:00,31.743254,38.601273,25.27997
2045-11-08 00:00:00+00:00,32.305374,39.41683,25.690289
2045-11-09 00:00:00+00:00,33.66749,40.132385,25.950605
2045-11-10 00:00:00+00:00,34.02961,40.89794,27.66092
2045-11-11 00:00:00+00:00,32.59173,40.8635,23.921234
2045-11-12 00:00:00+00:00,31.80384,40.62905,23.431551
2045-11-13 00:00:00+00:00,31.16596,40.09461,22.89187
2045-11-14 00:00:00+00:00,31.028078,39.660168,22.352182
2045-11-15 00:00:00+00:00,30.590195,39.57572,20.7625
2045-11-16 00:00:00+00:00,31.002314,40.091278,22.222815
2045-11-17 00:00:00+00:00,29.814432,36.506832,24.03313
2045-11-18 00:00:00+00:00,31.576546,38.97239,23.793446
2045-11-19 00:00:00+00:00,30.788668,37.487946,24.553762
2045-11-20 00:00:00+00:00,31.550785,36.153503,25.664078
2045-11-21 00:00:00+00:00,30.7129,34.41906,27.324394
2045-11-22 00:00:00+00:00,30.22502,35.134613,25.234709
2045-11-23 00:00:00+00:00,28.287136,34.20017,22.545023
2045-11-24 00:00:00+00:00,28.149254,34.115726,22.355341
2045-11-25 00:00:00+00:00,29.361374,36.08128,23.415657
2045-11-26 00:00:00+00:00,28.62349,35.59684,22.625975
2045-11-27 00:00:00+00:00,28.285606,34.16239,23.686289
2045-11-28 00:00:00+00:00,26.897726,34.07795,20.146606
2045-11-29 00:00:00+00:00,26.409843,33.59351,20.45692
2045-11-30 00:00:00+00:00,27.071962,34.95906,19.717236
2045-12-01 00:00:00+00:00,28.784077,35.57462,22.027552
2045-12-02 00:00:00+00:00,29.996195,37.290173,23.387867
2045-12-03 00:00:00+00:00,28.908314,36.605736,21.748182
2045-12-04 00:00:00+00:00,27.520428,35.471287,20.558498
2045-12-05 00:00:00+00:00,26.982548,34.38684,20.318817
2045-12-06 00:00:00+00:00,26.444668,33.4024,20.22913
2045-12-07 00:00:00+00:00,27.206785,34.167957,20.939447
2045-12-08 00:00:00+00:00,26.668901,34.283512,19.399763
2045-12-09 00:00:00+00:00,26.63102,34.74907,18.810078
2045-12-10 00:00:00+00:00,26.943136,35.164623,18.570395
2045-12-11 00:00:00+00:00,27.155256,35.18018,18.730711
2045-12-12 00:00:00+00:00,27.117373,35.045734,18.791027
2045-12-13 00:00:00+00:00,26.929491,33.21129,21.40134
2045-12-14 00:00:00+00:00,26.691607,32.52685,21.261658
2045-12-15 00:00:00+00:00,26.053726,33.2424,19.521973
2045-12-16 00:00:00+00:00,26.41584,33.257957,20.83229
2045-12-17 00:00:00+00:00,26.977959,34.223515,21.042604
2045-12-18 00:00:00+00:00,27.89008,36.43907,20.20292
2045-12-19 00:00:00+00:00,29.452196,37.454628,22.013237
2045-12-20 00:00:00+00:00,29.264313,36.970184,21.373554
2045-12-21 00:00:00+00:00,28.37643,35.335735,21.88387
2045-12-22 00:00:00+00:00,27.588549,34.501297,21.644184
2045-12-23 00:00:00+00:00,27.250666,35.36685,20.3545
2045-12-24 00:00:00+00:00,28.012783,35.83241,20.814816
2045-12-25 00:00:00+00:00,27.674904,35.497963,20.12513
2045-12-26 00:00:00+00:00,27.087019,35.313522,19.235447
2045-12-27 00:00:00+00:00,26.999136,35.27908,19.295763
2045-12-28 00:00:00+00:00,27.011253,34.89463,19.20608
2045-12-29 00:00:00+00:00,26.77337,34.360188,20.666395
2045-12-30 00:00:00+00:00,27.83549,36.675743,18.926712
2045-12-31 00:00:00+00:00,30.047607,36.8413,21.937027
2046-01-01 00:00:00+00:00,28.009726,35.656857,20.897343
2046-01-02 00:00:00+00:00,27.21041,35.60413,18.598564
2046-01-03 00:00:00+00:00,25.911089,34.051407,17.899788
2046-01-04 00:00:00+00:00,23.811771,29.598682,17.75101
2046-01-05 00:00:00+00:00,27.112453,35.545956,18.60223
2046-01-06 00:00:00+00:00,28.913134,36.99323,22.103455
2046-01-07 00:00:00+00:00,28.263819,35.240505,22.404676
2046-01-08 00:00:00+00:00,26.314499,33.737778,19.955898
2046-01-09 00:00:00+00:00,26.21518,34.485054,18.357119
2046-01-10 00:00:00+00:00,27.565863,36.78233,18.50834
2046-01-11 00:00:00+00:00,27.766548,36.4796,19.109564
2046-01-12 00:00:00+00:00,29.117226,37.626873,20.710785
2046-01-13 00:00:00+00:00,28.16791,34.72415,22.31201
2046-01-14 00:00:00+00:00,26.368591,31.671425,21.46323
2046-01-15 00:00:00+00:00,25.219275,31.418701,19.71445
2046-01-16 00:00:00+00:00,24.469955,31.515974,18.265676
2046-01-17 00:00:00+00:00,24.420637,31.813251,18.466894
2046-01-18 00:00:00+00:00,24.571321,34.060528,16.218119
2046-01-19 00:00:00+00:00,25.872002,35.6078,16.619339
2046-01-20 00:00:00+00:00,27.522686,36.305077,19.770561
2046-01-21 00:00:00+00:00,27.673368,34.302345,22.421785
2046-01-22 00:00:00+00:00,25.824049,31.449621,19.923008
2046-01-23 00:00:00+00:00,25.324734,29.6469,21.724228
2046-01-24 00:00:00+00:00,26.025414,31.144173,21.47545
2046-01-25 00:00:00+00:00,27.326096,34.841446,20.476673
2046-01-26 00:00:00+00:00,28.226778,37.038723,20.177896
2046-01-27 00:00:00+00:00,28.67746,33.785995,23.979116
2046-01-28 00:00:00+00:00,29.078142,34.83327,24.630337
2046-01-29 00:00:00+00:00,27.678823,36.28055,18.931562
2046-01-30 00:00:00+00:00,28.329506,37.27782,19.182785
2046-01-31 00:00:00+00:00,29.380188,37.725098,21.284006
2046-02-01 00:00:00+00:00,29.43087,35.722374,24.085228
2046-02-02 00:00:00+00:00,27.281553,33.16964,22.536451
2046-02-03 00:00:00+00:00,27.082235,33.116917,20.587671
2046-02-04 00:00:00+00:00,28.132915,35.66419,21.138895
2046-02-05 00:00:00+00:00,27.633598,36.061462,19.290117
2046-02-06 00:00:00+00:00,28.084282,35.308743,20.44134
2046-02-07 00:00:00+00:00,28.98496,36.956017,20.74256
2046-02-08 00:00:00+00:00,30.335644,37.803288,23.49378
2046-02-09 00:00:00+00:00,28.636328,33.70057,24.595005
2046-02-10 00:00:00+00:00,27.78701,35.84784,21.746225
2046-02-11 00:00:00+00:00,28.637691,34.34511,22.997446
2046-02-12 00:00:00+00:00,30.888374,37.94239,24.198671
2046-02-13 00:00:00+00:00,30.539055,37.039665,23.899893
2046-02-14 00:00:00+00:00,31.389738,39.136936,24.201115
2046-02-15 00:00:00+00:00,30.79042,39.434216,21.902338
2046-02-16 00:00:00+00:00,31.6411,40.931488,22.30356
2046-02-17 00:00:00+00:00,32.09178,41.428764,21.954782
2046-02-18 00:00:00+00:00,30.942467,39.42604,22.006004
2046-02-19 00:00:00+00:00,32.64315,41.223312,24.107225
2046-02-20 00:00:00+00:00,32.79383,40.620583,25.408447
2046-02-21 00:00:00+00:00,31.744513,39.667866,23.759668
2046-02-22 00:00:00+00:00,28.695194,34.865135,22.060892
2046-02-23 00:00:00+00:00,27.095877,31.36241,22.412113
2046-02-24 00:00:00+00:00,28.74656,36.95969,21.613335
2046-02-25 00:00:00+00:00,30.847239,38.25696,23.314558
2046-02-26 00:00:00+00:00,32.89792,40.654232,25.21578
2046-02-27 00:00:00+00:00,32.9486,40.90151,24.817003
2046-02-28 00:00:00+00:00,32.949287,40.59878,25.218225
2046-03-01 00:00:00+00:00,33.699966,41.346054,26.019445
2046-03-02 00:00:00+00:00,32.15065,41.09333,23.070671
2046-03-03 00:00:00+00:00,28.753527,35.091953,22.473934
2046-03-04 00:00:00+00:00,27.721764,34.90001,21.541496
2046-03-05 00:00:00+00:00,29.040003,36.808056,21.55906
2046-03-06 00:00:00+00:00,32.208244,39.516113,24.476622
2046-03-07 00:00:00+00:00,33.32648,39.524166,27.194183
2046-03-08 00:00:00+00:00,35.644722,42.53222,28.711748
2046-03-09 00:00:00+00:00,36.062958,43.890274,28.67931
2046-03-10 00:00:00+00:00,34.1812,42.39832,26.046871
2046-03-11 00:00:00+00:00,33.049435,41.856377,23.914434
2046-03-12 00:00:00+00:00,32.317673,41.26443,23.231998
2046-03-13 00:00:00+00:00,32.735916,41.522484,23.849558
2046-03-14 00:00:00+00:00,34.40415,42.030537,27.117123
2046-03-15 00:00:00+00:00,33.47239,40.03859,27.784685
2046-03-16 00:00:00+00:00,32.290627,37.996643,27.252249
2046-03-17 00:00:00+00:00,30.408865,37.454693,24.11981
2046-03-18 00:00:00+00:00,31.227104,39.81275,22.787373
2046-03-19 00:00:00+00:00,33.39534,42.3708,24.104935
2046-03-20 00:00:00+00:00,34.813583,43.47885,25.822498
2046-03-21 00:00:00+00:00,35.581818,43.33691,26.740059
2046-03-22 00:00:00+00:00,34.85006,42.54496,26.157623
2046-03-23 00:00:00+00:00,33.868294,41.853016,25.775185
2046-03-24 00:00:00+00:00,33.836533,41.611065,26.292747
2046-03-25 00:00:00+00:00,34.154774,43.019115,24.710312
2046-03-26 00:00:00+00:00,34.42301,42.427174,26.027874
2046-03-27 00:00:00+00:00,33.49125,41.635223,24.645437
2046-03-28 00:00:00+00:00,33.509487,42.19328,23.463
2046-03-29 00:00:00+00:00,33.47773,42.00133,23.980562
2046-03-30 00:00:00+00:00,31.495964,39.359386,22.498123
2046-03-31 00:00:00+00:00,29.614204,37.81743,21.565687
2046-04-01 00:00:00+00:00,31.582441,40.775486,21.183247
2046-04-02 00:00:00+00:00,35.050682,43.533543,25.600813
2046-04-03 00:00:00+00:00,37.318916,44.9916,28.918373
2046-04-04 00:00:00+00:00,39.387154,45.89965,33.535934
2046-04-05 00:00:00+00:00,35.655396,42.407703,28.3035
2046-04-06 00:00:00+00:00,36.223633,43.865753,28.971062
2046-04-07 00:00:00+00:00,36.641876,45.42381,27.238625
2046-04-08 00:00:00+00:00,36.660114,45.48186,26.406187
2046-04-09 00:00:00+00:00,35.828346,44.789913,25.92375
2046-04-10 00:00:00+00:00,35.096584,44.747967,25.341312
2046-04-11 00:00:00+00:00,34.464825,43.00602,25.908875
2046-04-12 00:00:00+00:00,34.883064,42.81407,25.876436
2046-04-13 00:00:00+00:00,33.9013,41.172123,25.193998
2046-04-14 00:00:00+00:00,35.469536,43.330177,26.911562
2046-04-15 00:00:00+00:00,36.28778,45.38823,26.829124
2046-04-16 00:00:00+00:00,36.056015,44.996284,26.346687
2046-04-17 00:00:00+00:00,35.674255,44.554337,26.26425
2046-04-18 00:00:00+00:00,36.192493,44.662388,26.681812
2046-04-19 00:00:00+00:00,34.96073,40.320442,28.549376
2046-04-20 00:00:00+00:00,35.578968,43.978493,26.816938
2046-04-21 00:00:00+00:00,37.847206,45.436546,30.334501
2046-04-22 00:00:00+00:00,35.315445,43.8946,26.852062
2046-04-23 00:00:00+00:00,35.583687,43.352657,27.969627
2046-04-24 00:00:00+00:00,34.851925,42.710705,27.587189
2046-04-25 00:00:00+00:00,33.870163,42.818764,25.65475
2046-04-26 00:00:00+00:00,36.238403,45.726814,25.872313
2046-04-27 00:00:00+00:00,36.95664,46.63487,26.689877
2046-04-28 00:00:00+00:00,35.824875,43.792923,27.857439
2046-04-29 00:00:00+00:00,35.693115,43.350967,27.175
2046-04-30 00:00:00+00:00,35.061356,42.909023,27.042564
2046-05-01 00:00:00+00:00,34.02959,42.41708,25.460125
2046-05-02 00:00:00+00:00,34.69783,42.97513,25.87769
2046-05-03 00:00:00+00:00,35.008118,43.180233,27.08731
2046-05-04 00:00:00+00:00,33.04456,41.976475,24.723122
2046-05-05 00:00:00+00:00,32.331,39.52272,25.70893
2046-05-06 00:00:00+00:00,34.117443,41.31896,25.74474
2046-05-07 00:00:00+00:00,36.303883,43.515205,27.980547
2046-05-08 00:00:00+00:00,36.04032,42.711452,30.066353
2046-05-09 00:00:00+00:00,37.276764,45.907703,27.502163
2046-05-10 00:00:00+00:00,38.4632,46.203945,29.43797
2046-05-11 00:00:00+00:00,38.149643,45.85019,28.87378
2046-05-12 00:00:00+00:00,38.486084,45.746433,29.859589
2046-05-13 00:00:00+00:00,37.272522,44.79268,28.595394
2046-05-14 00:00:00+00:00,36.258965,44.33892,27.381205
2046-05-15 00:00:00+00:00,36.345406,44.33517,27.56701
2046-05-16 00:00:00+00:00,36.131844,43.231407,29.802818
2046-05-17 00:00:00+00:00,32.768288,41.727654,25.138628
2046-05-18 00:00:00+00:00,29.804726,35.723896,23.724438
2046-05-19 00:00:00+00:00,28.291166,34.920143,22.010246
2046-05-20 00:00:00+00:00,28.527605,35.916386,21.596054
2046-05-21 00:00:00+00:00,28.814047,36.662636,21.331861
2046-05-22 00:00:00+00:00,29.55049,37.05888,21.81767
2046-05-23 00:00:00+00:00,29.536928,37.50512,21.853481
2046-05-24 00:00:00+00:00,31.123371,39.351368,23.189285
2046-05-25 00:00:00+00:00,33.20981,40.647614,26.225098
2046-05-26 00:00:00+00:00,34.196247,40.993855,27.360905
2046-05-27 00:00:00+00:00,34.532692,41.790104,27.596712
2046-05-28 00:00:00+00:00,34.56913,40.53635,27.88252
2046-05-29 00:00:00+00:00,32.25557,38.73259,27.46833
2046-05-30 00:00:00+00:00,30.542011,35.878838,26.754137
2046-05-31 00:00:00+00:00,32.628452,39.025078,25.939945
2046-06-01 00:00:00+00:00,33.214893,37.971325,27.475754
2046-06-02 00:00:00+00:00,33.551334,38.61757,27.861565
2046-06-03 00:00:00+00:00,32.587772,37.11381,27.59737
2046-06-04 00:00:00+00:00,34.024216,40.210052,28.433182
2046-06-05 00:00:00+00:00,34.460655,40.656303,27.968987
2046-06-06 00:00:00+00:00,33.747093,40.852547,26.904795
2046-06-07 00:00:00+00:00,33.833534,41.74879,25.590605
2046-06-08 00:00:00+00:00,35.61998,42.64503,29.526413
2046-06-09 00:00:00+00:00,33.806416,37.29128,29.21222
2046-06-10 00:00:00+00:00,32.792854,39.837524,27.39803
2046-06-11 00:00:00+00:00,33.6293,39.183765,28.683838
2046-06-12 00:00:00+00:00,34.81574,41.430008,27.769646
2046-06-13 00:00:00+00:00,35.202175,43.32626,27.405453
2046-06-14 00:00:00+00:00,34.488617,40.9225,28.391262
2046-06-15 00:00:00+00:00,32.325058,36.718746,27.277073
2046-06-16 00:00:00+00:00,33.711494,40.614986,26.76288
2046-06-17 00:00:00+00:00,35.647938,44.911236,28.098686
2046-06-18 00:00:00+00:00,37.134377,46.25748,27.084494
2046-06-19 00:00:00+00:00,33.820824,38.203728,29.370304
2046-06-20 00:00:00+00:00,32.45726,36.599964,28.306112
2046-06-21 00:00:00+00:00,32.793697,39.296215,27.191923
2046-06-22 00:00:00+00:00,32.630142,39.04246,26.477728
2046-06-23 00:00:00+00:00,32.66658,39.038704,25.713537
2046-06-24 00:00:00+00:00,32.653023,36.734947,27.949345
2046-06-25 00:00:00+00:00,31.739464,35.031193,28.085155
2046-06-26 00:00:00+00:00,31.975903,37.827435,26.320961
2046-06-27 00:00:00+00:00,32.71234,39.273678,26.65677
2046-06-28 00:00:00+00:00,31.798784,36.519928,26.69258
2046-06-29 00:00:00+00:00,33.135223,40.26617,26.978386
2046-06-30 00:00:00+00:00,32.471664,39.462414,27.264196
2046-07-01 00:00:00+00:00,31.858105,38.45866,25.750004
2046-07-02 00:00:00+00:00,30.344545,36.654903,24.13581
2046-07-03 00:00:00+00:00,30.975937,38.794926,23.466948
2046-07-04 00:00:00+00:00,31.798914,38.97457,24.59029
2046-07-05 00:00:00+00:00,32.471886,39.104218,26.063633
2046-07-06 00:00:00+00:00,31.59486,36.88387,26.68698
2046-07-07 00:00:00+00:00,30.817837,33.36351,27.960323
2046-07-08 00:00:00+00:00,30.79081,33.943153,27.433664
2046-07-09 00:00:00+00:00,31.463787,36.522808,26.607012
2046-07-10 00:00:00+00:00,31.536764,35.802452,26.930351
2046-07-11 00:00:00+00:00,31.459736,37.482105,26.103699
2046-07-12 00:00:00+00:00,29.632713,35.46175,25.277042
2046-07-13 00:00:00+00:00,31.90569,37.39139,26.100384
2046-07-14 00:00:00+00:00,30.828663,34.221043,27.173729
2046-07-15 00:00:00+00:00,26.701637,26.90069,26.947073
2046-07-16 00:00:00+00:00,28.124615,30.73034,26.57042
2046-07-17 00:00:00+00:00,29.147589,31.809978,26.69376
2046-07-18 00:00:00+00:00,30.470564,35.08963,26.767105
2046-07-19 00:00:00+00:00,28.943539,31.869278,26.040447
2046-07-20 00:00:00+00:00,30.016516,35.24892,26.213795
2046-07-21 00:00:00+00:00,30.58949,34.778576,27.487137
2046-07-22 00:00:00+00:00,30.662464,33.60822,27.86048
2046-07-23 00:00:00+00:00,30.535442,33.28787,28.333822
2046-07-24 00:00:00+00:00,29.258415,31.717514,27.907166
2046-07-25 00:00:00+00:00,29.83139,33.047157,27.430513
2046-07-26 00:00:00+00:00,30.254368,33.426807,27.403858
2046-07-27 00:00:00+00:00,30.42734,33.956455,27.3772
2046-07-28 00:00:00+00:00,30.350317,35.1861,26.450542
2046-07-29 00:00:00+00:00,30.673294,33.11575,28.123886
2046-07-30 00:00:00+00:00,30.146267,33.045395,27.39723
2046-07-31 00:00:00+00:00,29.91924,32.92504,27.620573
2046-08-01 00:00:00+00:00,29.69222,33.10469,27.543917
2046-08-02 00:00:00+00:00,30.015194,34.63434,25.81726
2046-08-03 00:00:00+00:00,27.338167,28.613983,27.090605
2046-08-04 00:00:00+00:00,28.261143,30.493628,26.463947
2046-08-05 00:00:00+00:00,29.184118,32.223274,26.737295
2046-08-06 00:00:00+00:00,27.857096,29.702925,27.160639
2046-08-07 00:00:00+00:00,28.130072,30.732574,26.083982
2046-08-08 00:00:00+00:00,27.803041,30.46222,26.107327
2046-08-09 00:00:00+00:00,28.126019,31.941868,25.080667
2046-08-10 00:00:00+00:00,26.848991,27.921513,26.004013
2046-08-11 00:00:00+00:00,27.47197,29.901161,25.927355
2046-08-12 00:00:00+00:00,27.794947,30.680809,25.9007
2046-08-13 00:00:00+00:00,26.91792,28.810453,25.374046
2046-08-14 00:00:00+00:00,27.340897,29.990103,24.947388
2046-08-15 00:00:00+00:00,28.413868,31.71975,25.420732
2046-08-16 00:00:00+00:00,29.136845,31.849392,26.844076
2046-08-17 00:00:00+00:00,28.55982,31.379044,26.467419
2046-08-18 00:00:00+00:00,29.382793,33.55869,26.540764
2046-08-19 00:00:00+00:00,30.955772,36.68834,26.764107
2046-08-20 00:00:00+00:00,29.178747,31.517986,27.237453
2046-08-21 00:00:00+00:00,28.701721,30.997635,26.760796
2046-08-22 00:00:00+00:00,28.124697,30.527279,25.834139
2046-08-23 00:00:00+00:00,28.04767,29.556925,27.107483
2046-08-24 00:00:00+00:00,27.420649,30.036573,25.680828
2046-08-25 00:00:00+00:00,27.793621,30.966217,25.70417
2046-08-26 00:00:00+00:00,29.566597,35.19587,25.227514
2046-08-27 00:00:00+00:00,27.989573,30.575516,25.600859
2046-08-28 00:00:00+00:00,29.112547,32.80516,25.974203
2046-08-29 00:00:00+00:00,29.135523,32.634804,26.397549
2046-08-30 00:00:00+00:00,30.108498,35.314457,25.57089
2046-08-31 00:00:00+00:00,29.781473,33.194103,27.144234
2046-09-01 00:00:00+00:00,29.104448,32.82375,26.017576
2046-09-02 00:00:00+00:00,28.29571,31.365181,26.160122
2046-09-03 00:00:00+00:00,27.405256,30.16841,25.37187
2046-09-04 00:00:00+00:00,27.864801,30.871632,26.083618
2046-09-05 00:00:00+00:00,28.524347,31.524857,25.945366
2046-09-06 00:00:00+00:00,28.183895,30.578083,26.007113
2046-09-07 00:00:00+00:00,27.89344,31.181309,25.01886
2046-09-08 00:00:00+00:00,28.252987,31.634533,26.630608
2046-09-09 00:00:00+00:00,29.812532,34.387756,26.142355
2046-09-10 00:00:00+00:00,30.172081,34.940987,26.704103
2046-09-11 00:00:00+00:00,29.981625,34.844208,25.315847
2046-09-12 00:00:00+00:00,30.24117,34.797432,26.577599
2046-09-13 00:00:00+00:00,29.300718,32.80066,25.939344
2046-09-14 00:00:00+00:00,29.410263,33.853878,25.101091
2046-09-15 00:00:00+00:00,30.619812,35.25711,26.81284
2046-09-16 00:00:00+00:00,29.179356,32.16033,26.724586
2046-09-17 00:00:00+00:00,29.588903,33.863556,26.686333
2046-09-18 00:00:00+00:00,28.798449,32.76678,26.54808
2046-09-19 00:00:00+00:00,27.757994,31.270008,24.80983
2046-09-20 00:00:00+00:00,28.417542,32.02323,25.171576
2046-09-21 00:00:00+00:00,30.577085,38.576454,24.933323
2046-09-22 00:00:00+00:00,28.336636,31.229683,26.445068
2046-09-23 00:00:00+00:00,26.94618,29.932905,25.356817
2046-09-24 00:00:00+00:00,27.905727,33.186127,23.468563
2046-09-25 00:00:00+00:00,30.26527,36.739357,25.230312
2046-09-26 00:00:00+00:00,32.224815,39.34258,25.892061
2046-09-27 00:00:00+00:00,31.384369,37.845806,26.853807
2046-09-28 00:00:00+00:00,28.943913,31.59903,26.265553
2046-09-29 00:00:00+00:00,28.303455,31.052254,25.977303
2046-09-30 00:00:00+00:00,28.613005,32.405476,25.839046
2046-10-01 00:00:00+00:00,30.67255,36.708702,25.350796
2046-10-02 00:00:00+00:00,32.532097,39.011932,26.512543
2046-10-03 00:00:00+00:00,32.491642,38.91515,27.02429
2046-10-04 00:00:00+00:00,27.751188,28.818378,27.636038
2046-10-05 00:00:00+00:00,26.460735,26.871605,26.547785
2046-10-06 00:00:00+00:00,27.520283,30.32483,25.759531
2046-10-07 00:00:00+00:00,27.829828,30.728052,24.921278
2046-10-08 00:00:00+00:00,28.989376,34.281277,24.933025
2046-10-09 00:00:00+00:00,30.448921,35.884502,24.744774
2046-10-10 00:00:00+00:00,32.00847,38.037727,27.106522
2046-10-11 00:00:00+00:00,32.36801,37.840954,26.718267
2046-10-12 00:00:00+00:00,33.17756,38.744175,28.530016
2046-10-13 00:00:00+00:00,33.237106,39.047398,27.341763
2046-10-14 00:00:00+00:00,32.94665,38.900627,27.30351
2046-10-15 00:00:00+00:00,33.456196,40.10385,26.565258
2046-10-16 00:00:00+00:00,32.51574,38.957073,26.127005
2046-10-17 00:00:00+00:00,32.62529,39.560303,26.188751
2046-10-18 00:00:00+00:00,32.13484,40.013523,24.1005
2046-10-19 00:00:00+00:00,30.294382,36.31675,25.162249
2046-10-20 00:00:00+00:00,29.553928,32.869976,26.973997
2046-10-21 00:00:00+00:00,31.013474,35.9232,27.28574
2046-10-22 00:00:00+00:00,31.12302,38.876423,25.397488
2046-10-23 00:00:00+00:00,29.83257,39.12965,21.359236
2046-10-24 00:00:00+00:00,30.192114,39.482872,20.920984
2046-10-25 00:00:00+00:00,29.95166,39.186096,21.182732
2046-10-26 00:00:00+00:00,30.161207,39.489323,21.494478
2046-10-27 00:00:00+00:00,30.620752,39.542545,21.606224
2046-10-28 00:00:00+00:00,31.880297,39.59577,24.717972
2046-10-29 00:00:00+00:00,32.739845,40.498997,24.729721
2046-10-30 00:00:00+00:00,32.549393,40.80222,25.191465
2046-10-31 00:00:00+00:00,32.308937,40.95545,23.803211
2046-11-01 00:00:00+00:00,31.168484,39.708668,21.764961
2046-11-02 00:00:00+00:00,31.879637,40.119606,23.375814
2046-11-03 00:00:00+00:00,31.141754,38.585155,23.93613
2046-11-04 00:00:00+00:00,29.403872,38.600716,19.646446
2046-11-05 00:00:00+00:00,29.815992,37.616272,21.20676
2046-11-06 00:00:00+00:00,28.128105,32.481823,24.867079
2046-11-07 00:00:00+00:00,28.540224,35.89738,22.227396
2046-11-08 00:00:00+00:00,28.702343,35.262943,21.48771
2046-11-09 00:00:00+00:00,30.11446,37.128494,23.348026
2046-11-10 00:00:00+00:00,29.376577,38.39405,19.708342
2046-11-11 00:00:00+00:00,29.938698,39.30961,20.218658
2046-11-12 00:00:00+00:00,31.400814,39.225163,24.278973
2046-11-13 00:00:00+00:00,31.662931,39.94072,23.839289
2046-11-14 00:00:00+00:00,32.17505,39.206276,26.649603
2046-11-15 00:00:00+00:00,31.487167,40.371834,22.30992
2046-11-16 00:00:00+00:00,31.849283,39.73739,23.420237
2046-11-17 00:00:00+00:00,32.411404,39.552944,24.98055
2046-11-18 00:00:00+00:00,32.37352,40.0685,23.690866
2046-11-19 00:00:00+00:00,32.035637,39.73406,23.851183
2046-11-20 00:00:00+00:00,31.397755,38.79961,23.661497
2046-11-21 00:00:00+00:00,30.309872,38.16517,23.421814
2046-11-22 00:00:00+00:00,31.07199,39.580727,22.78213
2046-11-23 00:00:00+00:00,31.784107,39.69628,24.342447
2046-11-24 00:00:00+00:00,31.446226,39.211838,24.052761
2046-11-25 00:00:00+00:00,30.858343,38.727394,22.913078
2046-11-26 00:00:00+00:00,29.92046,37.692947,22.623396
2046-11-27 00:00:00+00:00,30.032578,38.208504,21.93371
2046-11-28 00:00:00+00:00,29.994696,37.074062,23.444025
2046-11-29 00:00:00+00:00,28.256813,34.639618,22.40434
2046-11-30 00:00:00+00:00,27.66893,34.15517,21.91466
2046-12-01 00:00:00+00:00,27.53105,35.17073,20.774971
2046-12-02 00:00:00+00:00,29.143166,38.336285,20.33529
2046-12-03 00:00:00+00:00,29.405285,35.95184,24.045603
2046-12-04 00:00:00+00:00,28.067402,34.1674,22.65592
2046-12-05 00:00:00+00:00,27.02952,33.682953,20.666237
2046-12-06 00:00:00+00:00,25.991638,30.598505,21.726551
2046-12-07 00:00:00+00:00,25.703756,30.464066,22.686869
2046-12-08 00:00:00+00:00,25.115873,30.529625,21.447184
2046-12-09 00:00:00+00:00,26.477991,31.745178,22.907501
2046-12-10 00:00:00+00:00,27.540108,33.06073,22.967813
2046-12-11 00:00:00+00:00,26.852222,33.52629,21.528133
2046-12-12 00:00:00+00:00,26.214342,31.141846,21.088448
2046-12-13 00:00:00+00:00,25.22646,28.3074,23.448763
2046-12-14 00:00:00+00:00,25.28858,30.772959,21.70908
2046-12-15 00:00:00+00:00,24.850695,31.83852,18.119394
2046-12-16 00:00:00+00:00,25.662811,30.954071,21.97971
2046-12-17 00:00:00+00:00,25.92493,33.469624,19.240026
2046-12-18 00:00:00+00:00,27.03705,34.435184,20.200342
2046-12-19 00:00:00+00:00,25.649166,30.700737,20.310656
2046-12-20 00:00:00+00:00,28.911283,35.466293,21.870974
2046-12-21 00:00:00+00:00,29.5734,36.731853,21.931292
2046-12-22 00:00:00+00:00,29.48552,36.797405,21.841604
2046-12-23 00:00:00+00:00,27.997635,32.962967,23.201921
2046-12-24 00:00:00+00:00,26.609755,32.22852,20.612236
2046-12-25 00:00:00+00:00,24.52187,29.294075,19.522552
2046-12-26 00:00:00+00:00,25.533989,30.759632,20.632868
2046-12-27 00:00:00+00:00,24.396109,30.025188,19.193184
2046-12-28 00:00:00+00:00,24.458227,30.190744,19.1535
2046-12-29 00:00:00+00:00,24.770342,31.9063,18.613817
2046-12-30 00:00:00+00:00,25.58246,32.771854,19.02413
2046-12-31 00:00:00+00:00,25.74458,32.73741,18.234446
2047-01-01 00:00:00+00:00,25.556696,31.252966,20.294764
2047-01-02 00:00:00+00:00,26.660236,33.554813,20.74826
2047-01-03 00:00:00+00:00,26.060919,32.702087,20.64948
2047-01-04 00:00:00+00:00,25.1616,32.94936,18.050703
2047-01-05 00:00:00+00:00,25.512285,33.346638,18.301926
2047-01-06 00:00:00+00:00,25.612963,33.44391,18.503147
2047-01-07 00:00:00+00:00,26.513649,34.84119,19.00437
2047-01-08 00:00:00+00:00,27.81433,36.18846,19.905592
2047-01-09 00:00:00+00:00,28.86501,36.435734,22.006815
2047-01-10 00:00:00+00:00,28.915693,35.283012,24.158037
2047-01-11 00:00:00+00:00,28.666378,35.73028,22.109257
2047-01-12 00:00:00+00:00,27.517057,33.677555,22.36048
2047-01-13 00:00:00+00:00,26.867739,32.47483,22.611702
2047-01-14 00:00:00+00:00,26.718422,33.52211,21.462923
2047-01-15 00:00:00+00:00,26.919104,35.119385,19.714148
2047-01-16 00:00:00+00:00,28.119785,36.366657,21.01537
2047-01-17 00:00:00+00:00,28.42047,35.213932,22.76659
2047-01-18 00:00:00+00:00,28.071148,35.111206,22.067814
2047-01-19 00:00:00+00:00,26.72183,33.908478,20.669035
2047-01-20 00:00:00+00:00,25.072517,33.005756,18.470257
2047-01-21 00:00:00+00:00,24.673197,33.253033,17.27148
2047-01-22 00:00:00+00:00,25.77388,33.700306,19.272701
2047-01-23 00:00:00+00:00,25.57456,33.19758,18.973925
2047-01-24 00:00:00+00:00,24.875242,31.844856,18.375143
2047-01-25 00:00:00+00:00,27.025925,34.392128,20.576366
2047-01-26 00:00:00+00:00,27.576607,34.6394,21.82759
2047-01-27 00:00:00+00:00,26.97729,34.136677,20.928812
2047-01-28 00:00:00+00:00,27.17797,34.33395,21.030033
2047-01-29 00:00:00+00:00,26.428652,34.131226,19.431257
2047-01-30 00:00:00+00:00,25.929337,33.828506,19.132479
2047-01-31 00:00:00+00:00,26.780018,35.225777,20.2337
2047-02-01 00:00:00+00:00,26.980698,35.07305,19.834923
2047-02-02 00:00:00+00:00,28.431381,38.170326,18.936146
2047-02-03 00:00:00+00:00,30.032066,39.117596,20.437366
2047-02-04 00:00:00+00:00,30.382746,37.91487,23.58859
2047-02-05 00:00:00+00:00,27.883427,35.362144,20.389809
2047-02-06 00:00:00+00:00,27.33411,33.90942,19.791035
2047-02-07 00:00:00+00:00,28.73479,35.7067,22.292255
2047-02-08 00:00:00+00:00,28.535473,35.85397,22.393475
2047-02-09 00:00:00+00:00,27.836157,35.301247,20.8947
2047-02-10 00:00:00+00:00,27.936838,35.39852,20.84592
2047-02-11 00:00:00+00:00,28.337519,35.845795,21.497143
2047-02-12 00:00:00+00:00,28.288204,36.19307,21.548368
2047-02-13 00:00:00+00:00,27.188885,33.340343,21.04959
2047-02-14 00:00:00+00:00,27.889566,35.937622,21.050812
2047-02-15 00:00:00+00:00,28.990248,37.034893,21.752033
2047-02-16 00:00:00+00:00,30.190931,37.932175,23.103254
2047-02-17 00:00:00+00:00,31.691614,39.529446,24.354477
2047-02-18 00:00:00+00:00,31.592293,39.17672,24.7557
2047-02-19 00:00:00+00:00,30.792978,39.173996,22.80692
2047-02-20 00:00:00+00:00,30.093658,37.971268,23.008142
2047-02-21 00:00:00+00:00,31.344343,38.818542,24.459366
2047-02-22 00:00:00+00:00,31.195023,38.41582,24.760588
2047-02-23 00:00:00+00:00,30.795708,38.263092,23.81181
2047-02-24 00:00:00+00:00,31.19639,38.810364,24.263031
2047-02-25 00:00:00+00:00,30.947067,37.95764,24.264252
2047-02-26 00:00:00+00:00,29.89775,38.204918,20.415476
2047-02-27 00:00:00+00:00,32.048435,38.70219,25.566698
2047-02-28 00:00:00+00:00,30.199118,36.149464,24.46792
2047-03-01 00:00:00+00:00,29.499798,37.14674,22.219145
2047-03-02 00:00:00+00:00,29.650478,37.494015,22.470362
2047-03-03 00:00:00+00:00,29.851162,37.441288,22.971586
2047-03-04 00:00:00+00:00,28.517206,35.297993,22.587107
2047-03-05 00:00:00+00:00,28.185444,35.806046,21.354668
2047-03-06 00:00:00+00:00,28.653685,36.9141,20.522232
2047-03-07 00:00:00+00:00,29.72192,38.772152,20.339792
2047-03-08 00:00:00+00:00,30.89016,40.380203,20.457354
2047-03-09 00:00:00+00:00,32.3084,41.638256,22.92492
2047-03-10 00:00:00+00:00,32.176636,40.64631,22.792479
2047-03-11 00:00:00+00:00,34.044876,41.854362,26.660046
2047-03-12 00:00:00+00:00,34.31311,42.06242,27.127605
2047-03-13 00:00:00+00:00,34.63135,41.42047,28.29517
2047-03-14 00:00:00+00:00,32.44959,38.178524,27.412731
2047-03-15 00:00:00+00:00,30.317827,36.58658,24.730293
2047-03-16 00:00:00+00:00,30.586067,38.19463,23.397858
2047-03-17 00:00:00+00:00,31.354305,40.10268,22.915419
2047-03-18 00:00:00+00:00,32.622543,40.96073,24.482983
2047-03-19 00:00:00+00:00,32.39078,41.56879,22.650543
2047-03-20 00:00:00+00:00,32.609024,42.52684,22.268108
2047-03-21 00:00:00+00:00,32.577255,42.984894,21.78567
2047-03-22 00:00:00+00:00,33.545498,42.39295,23.853231
2047-03-23 00:00:00+00:00,35.163734,44.150997,24.870794
2047-03-24 00:00:00+00:00,35.48197,42.60906,28.038357
2047-03-25 00:00:00+00:00,35.200214,40.117107,31.05592
2047-03-26 00:00:00+00:00,33.06845,41.525158,24.523483
2047-03-27 00:00:00+00:00,32.78669,40.883213,25.241047
2047-03-28 00:00:00+00:00,33.154926,42.341263,23.558607
2047-03-29 00:00:00+00:00,34.723167,42.449314,27.27617
2047-03-30 00:00:00+00:00,33.841404,42.107372,24.793734
2047-03-31 00:00:00+00:00,32.559647,40.765423,23.411293
2047-04-01 00:00:00+00:00,32.477882,41.42348,22.478857
2047-04-02 00:00:00+00:00,32.39612,42.38153,21.14642
2047-04-03 00:00:00+00:00,34.26436,43.78958,23.663982
2047-04-04 00:00:00+00:00,34.8326,43.247635,25.881546
2047-04-05 00:00:00+00:00,34.850838,43.555687,26.149109
2047-04-06 00:00:00+00:00,33.419075,43.063744,23.166672
2047-04-07 00:00:00+00:00,33.08731,42.771797,23.334234
2047-04-08 00:00:00+00:00,34.45555,44.329845,22.151796
2047-04-09 00:00:00+00:00,33.92379,43.2879,23.96936
2047-04-10 00:00:00+00:00,32.742027,40.545956,24.63692
2047-04-11 00:00:00+00:00,30.510265,39.154003,22.604483
2047-04-12 00:00:00+00:00,29.678505,37.96206,21.672047
2047-04-13 00:00:00+00:00,29.196743,39.120113,19.33961
2047-04-14 00:00:00+00:00,29.964981,38.728165,20.75717
2047-04-15 00:00:00+00:00,28.63322,35.986217,21.574736
2047-04-16 00:00:00+00:00,28.451456,37.04427,20.192297
2047-04-17 00:00:00+00:00,30.419697,40.45232,20.959858
2047-04-18 00:00:00+00:00,34.687935,43.460373,24.927422
2047-04-19 00:00:00+00:00,36.156174,44.96843,26.744984
2047-04-20 00:00:00+00:00,35.674408,44.076485,26.412548
2047-04-21 00:00:00+00:00,33.24265,41.73453,25.23011
2047-04-22 00:00:00+00:00,30.310888,38.742584,22.447674
2047-04-23 00:00:00+00:00,30.929125,39.900642,21.715235
2047-04-24 00:00:00+00:00,31.947365,38.958694,25.682796
2047-04-25 00:00:00+00:00,32.1156,39.666748,24.650362
2047-04-26 00:00:00+00:00,34.133842,41.474804,26.417923
2047-04-27 00:00:00+00:00,33.752083,41.18285,25.685484
2047-04-28 00:00:00+00:00,35.220314,42.34091,27.803047
2047-04-29 00:00:00+00:00,34.988556,41.84896,27.620611
2047-04-30 00:00:00+00:00,34.356796,40.45701,27.488173
2047-05-01 00:00:00+00:00,34.22503,43.065063,26.755735
2047-05-02 00:00:00+00:00,32.59327,40.323112,24.223297
2047-05-03 00:00:00+00:00,32.01151,39.73117,23.84086
2047-05-04 00:00:00+00:00,33.79795,41.477413,24.776669
2047-05-05 00:00:00+00:00,33.53439,41.12366,25.312477
2047-05-06 00:00:00+00:00,35.12083,43.319904,25.798285
2047-05-07 00:00:00+00:00,34.457268,42.61615,25.434095
2047-05-08 00:00:00+00:00,33.143707,41.312393,24.3699
2047-05-09 00:00:00+00:00,31.530153,40.458637,23.00571
2047-05-10 00:00:00+00:00,31.266594,39.554882,23.341518
2047-05-11 00:00:00+00:00,33.25303,42.80113,23.877327
2047-05-12 00:00:00+00:00,34.18947,43.147377,25.163137
2047-05-13 00:00:00+00:00,35.075912,43.893616,25.898945
2047-05-14 00:00:00+00:00,36.062355,43.739857,28.084751
2047-05-15 00:00:00+00:00,35.348793,42.586105,28.620562
2047-05-16 00:00:00+00:00,37.735237,45.93235,29.156366
2047-05-17 00:00:00+00:00,34.421677,40.77859,27.892178
2047-05-18 00:00:00+00:00,34.40812,41.17484,29.227983
2047-05-19 00:00:00+00:00,34.89456,43.571087,26.763792
2047-05-20 00:00:00+00:00,35.681,45.567326,26.799603
2047-05-21 00:00:00+00:00,33.967438,42.563576,26.335411
2047-05-22 00:00:00+00:00,34.053875,43.55982,25.471218
2047-05-23 00:00:00+00:00,32.54032,38.656063,26.607029
2047-05-24 00:00:00+00:00,33.726757,40.652306,25.942833
2047-05-25 00:00:00+00:00,32.063198,34.54855,28.178644
2047-05-26 00:00:00+00:00,32.69964,38.994797,27.714453
2047-05-27 00:00:00+00:00,31.836079,35.99104,26.750261
2047-05-28 00:00:00+00:00,31.572523,36.087284,27.586067
2047-05-29 00:00:00+00:00,33.85896,39.533527,28.571877
2047-05-30 00:00:00+00:00,36.5954,44.779774,27.707684
2047-05-31 00:00:00+00:00,37.58184,44.976013,29.593493
2047-06-01 00:00:00+00:00,34.36828,41.272263,26.629301
2047-06-02 00:00:00+00:00,33.454727,41.868507,25.315113
2047-06-03 00:00:00+00:00,34.091164,41.714752,26.60092
2047-06-04 00:00:00+00:00,34.8276,43.110996,26.486729
2047-06-05 00:00:00+00:00,36.06404,43.907238,26.172535
2047-06-06 00:00:00+00:00,34.200485,40.253483,28.258343
2047-06-07 00:00:00+00:00,34.236923,41.09973,27.34415
2047-06-08 00:00:00+00:00,34.123367,40.495975,27.829962
2047-06-09 00:00:00+00:00,32.359802,36.792217,27.615768
2047-06-10 00:00:00+00:00,33.496246,41.588463,27.151577
2047-06-11 00:00:00+00:00,33.382687,39.33471,26.687384
2047-06-12 00:00:00+00:00,33.869125,40.13095,27.773193
2047-06-13 00:00:00+00:00,30.855568,35.677193,26.559002
2047-06-14 00:00:00+00:00,31.292007,37.87344,25.194809
2047-06-15 00:00:00+00:00,32.37845,39.269688,26.080618
2047-06-16 00:00:00+00:00,30.964888,38.415928,24.616426
2047-06-17 00:00:00+00:00,30.301327,34.262173,25.852234
2047-06-18 00:00:00+00:00,31.637768,36.708424,26.888044
2047-06-19 00:00:00+00:00,28.92421,30.004665,28.07385
2047-06-20 00:00:00+00:00,30.81065,35.300907,26.859663
2047-06-21 00:00:00+00:00,31.897089,35.04715,28.745468
2047-06-22 00:00:00+00:00,33.03353,38.3434,27.631277
2047-06-23 00:00:00+00:00,34.06997,38.839638,29.367085
2047-06-24 00:00:00+00:00,32.65641,37.635883,28.002892
2047-06-25 00:00:00+00:00,31.342855,36.18213,27.288702
2047-06-26 00:00:00+00:00,30.379293,34.828377,27.624512
2047-06-27 00:00:00+00:00,33.065727,39.374615,27.31032
2047-06-28 00:00:00+00:00,33.95217,38.07086,29.196125
2047-06-29 00:00:00+00:00,31.538614,34.46711,28.331936
2047-06-30 00:00:00+00:00,30.825054,34.61335,27.567743
2047-07-01 00:00:00+00:00,33.111496,39.459602,28.003551
2047-07-02 00:00:00+00:00,33.897934,40.805843,28.339361
2047-07-03 00:00:00+00:00,31.13269,34.15001,28.073612
2047-07-04 00:00:00+00:00,32.75567,37.379665,28.396954
2047-07-05 00:00:00+00:00,33.228645,39.15931,27.470299
2047-07-06 00:00:00+00:00,29.25162,30.988953,27.29364
2047-07-07 00:00:00+00:00,29.524593,32.9686,27.366985
2047-07-08 00:00:00+00:00,31.897568,38.09825,26.890331
2047-07-09 00:00:00+00:00,30.820543,37.527897,25.063673
2047-07-10 00:00:00+00:00,30.79352,35.45754,25.537018
2047-07-11 00:00:00+00:00,31.866495,38.83719,26.260359
2047-07-12 00:00:00+00:00,32.38947,37.316837,27.483707
2047-07-13 00:00:00+00:00,28.612444,30.296486,26.90705
2047-07-14 00:00:00+00:00,29.835419,34.976128,25.730392
2047-07-15 00:00:00+00:00,31.208393,36.05578,26.803736
2047-07-16 00:00:00+00:00,32.23137,37.435425,28.12708
2047-07-17 00:00:00+00:00,30.754345,32.96507,28.600424
2047-07-18 00:00:00+00:00,29.777319,32.244717,27.673769
2047-07-19 00:00:00+00:00,28.800297,30.324366,27.347113
2047-07-20 00:00:00+00:00,30.673271,35.054012,26.670456
2047-07-21 00:00:00+00:00,31.796244,36.933655,27.443798
2047-07-22 00:00:00+00:00,31.11922,35.513306,27.517145
2047-07-23 00:00:00+00:00,31.142197,35.792953,28.04049
2047-07-24 00:00:00+00:00,30.515171,34.8726,27.213833
2047-07-25 00:00:00+00:00,29.938147,34.30225,26.637175
2047-07-26 00:00:00+00:00,31.061123,36.781895,26.510519
2047-07-27 00:00:00+00:00,30.834097,33.41154,27.533865
2047-07-28 00:00:00+00:00,29.857073,32.341187,28.457207
2047-07-29 00:00:00+00:00,28.23005,29.770836,27.380552
2047-07-30 00:00:00+00:00,27.003023,28.100481,26.453894
2047-07-31 00:00:00+00:00,28.925997,32.78013,26.12724
2047-08-01 00:00:00+00:00,30.398972,34.05978,26.850582
2047-08-02 00:00:00+00:00,30.27195,34.189426,26.423925
2047-08-03 00:00:00+00:00,30.194925,33.66907,27.347271
2047-08-04 00:00:00+00:00,30.367899,33.598717,27.270615
2047-08-05 00:00:00+00:00,28.990875,30.728365,27.843958
2047-08-06 00:00:00+00:00,27.213852,28.008015,26.667301
2047-08-07 00:00:00+00:00,28.836824,32.23766,25.790648
2047-08-08 00:00:00+00:00,29.8598,33.267307,26.91399
2047-08-09 00:00:00+00:00,30.782776,35.446957,26.837334
2047-08-10 00:00:00+00:00,30.70575,35.3266,27.210678
2047-08-11 00:00:00+00:00,29.978727,32.75625,27.484024
2047-08-12 00:00:00+00:00,30.001701,32.585896,27.257366
2047-08-13 00:00:00+00:00,30.024677,34.415546,27.480707
2047-08-14 00:00:00+00:00,28.447653,30.54519,27.304056
2047-08-15 00:00:00+00:00,28.320627,30.424835,26.7774
2047-08-16 00:00:00+00:00,28.593601,31.404484,25.60074
2047-08-17 00:00:00+00:00,28.766577,31.634129,26.924086
2047-08-18 00:00:00+00:00,28.18955,29.963778,26.497427
2047-08-19 00:00:00+00:00,29.312527,32.843426,26.170774
2047-08-20 00:00:00+00:00,28.885502,32.02307,25.444115
2047-08-21 00:00:00+00:00,29.208479,32.30272,26.167461
2047-08-22 00:00:00+00:00,30.13145,33.782364,26.790802
2047-08-23 00:00:00+00:00,27.954428,30.612017,26.71415
2047-08-24 00:00:00+00:00,27.377401,29.741661,25.887493
2047-08-25 00:00:00+00:00,28.150381,31.121311,25.460835
2047-08-26 00:00:00+00:00,26.373354,27.600956,25.78418
2047-08-27 00:00:00+00:00,26.79633,29.1306,25.457523
2047-08-28 00:00:00+00:00,27.219303,30.510244,25.080866
2047-08-29 00:00:00+00:00,27.69228,30.639896,24.704212
2047-08-30 00:00:00+00:00,26.765255,28.469545,25.477556
2047-08-31 00:00:00+00:00,26.38823,28.749191,24.400898
2047-09-01 00:00:00+00:00,28.411203,32.328835,25.224243
2047-09-02 00:00:00+00:00,28.843325,32.564377,26.157188
2047-09-03 00:00:00+00:00,28.902868,32.8676,26.668936
2047-09-04 00:00:00+00:00,27.262413,29.220833,25.430683
2047-09-05 00:00:00+00:00,27.92196,31.224056,24.392427
2047-09-06 00:00:00+00:00,28.781507,32.32728,25.554174
2047-09-07 00:00:00+00:00,27.741056,30.130503,26.215925
2047-09-08 00:00:00+00:00,28.3506,31.183731,25.72767
2047-09-09 00:00:00+00:00,27.010149,28.736954,25.589418
2047-09-10 00:00:00+00:00,27.419693,29.790176,25.551167
2047-09-11 00:00:00+00:00,26.029238,26.993404,25.862913
2047-09-12 00:00:00+00:00,26.088783,26.896627,25.674662
2047-09-13 00:00:00+00:00,27.448332,30.749855,24.53641
2047-09-14 00:00:00+00:00,28.05788,32.053078,24.648153
2047-09-15 00:00:00+00:00,28.567425,33.706303,25.609903
2047-09-16 00:00:00+00:00,29.126972,31.609524,26.871649
2047-09-17 00:00:00+00:00,28.186516,30.162752,27.083397
2047-09-18 00:00:00+00:00,27.64606,29.215975,26.695145
2047-09-19 00:00:00+00:00,27.50561,29.519203,26.35689
2047-09-20 00:00:00+00:00,27.815157,29.872425,26.118639
2047-09-21 00:00:00+00:00,28.624704,32.175648,26.130386
2047-09-22 00:00:00+00:00,28.884249,32.628872,26.042133
2047-09-23 00:00:00+00:00,29.943792,33.8821,26.403881
2047-09-24 00:00:00+00:00,28.40334,30.785324,26.665628
2047-09-25 00:00:00+00:00,27.462885,29.238546,26.177376
2047-09-26 00:00:00+00:00,26.272432,26.991774,25.889122
2047-09-27 00:00:00+00:00,26.031975,26.944998,25.40087
2047-09-28 00:00:00+00:00,26.191525,27.248224,25.562618
2047-09-29 00:00:00+00:00,27.551071,29.651447,25.574364
2047-09-30 00:00:00+00:00,28.210619,30.654675,26.18611
2047-10-01 00:00:00+00:00,28.820162,32.407894,25.847858
2047-10-02 00:00:00+00:00,29.22971,32.21112,26.309607
2047-10-03 00:00:00+00:00,29.889257,33.764347,26.821354
2047-10-04 00:00:00+00:00,29.148802,31.717567,26.9331
2047-10-05 00:00:00+00:00,28.20835,30.070797,26.994846
2047-10-06 00:00:00+00:00,28.317896,30.82402,26.706596
2047-10-07 00:00:00+00:00,29.37744,32.927242,26.468344
2047-10-08 00:00:00+00:00,30.236986,34.43047,26.58009
2047-10-09 00:00:00+00:00,29.846533,35.083694,25.741838
2047-10-10 00:00:00+00:00,30.55608,36.78692,25.253586
2047-10-11 00:00:00+00:00,31.415627,38.390144,25.665333
2047-10-12 00:00:00+00:00,30.575172,34.643368,26.777079
2047-10-13 00:00:00+00:00,29.234718,30.846592,27.888826
2047-10-14 00:00:00+00:00,30.294266,34.449818,27.600573
2047-10-15 00:00:00+00:00,30.403812,35.25304,26.01232
2047-10-16 00:00:00+00:00,31.263357,35.906265,27.074068
2047-10-17 00:00:00+00:00,30.722904,34.809498,27.035814
2047-10-18 00:00:00+00:00,29.082449,32.112717,27.397562
2047-10-19 00:00:00+00:00,28.591993,32.265938,26.75931
2047-10-20 00:00:00+00:00,29.101543,32.61917,26.271057
2047-10-21 00:00:00+00:00,30.511087,36.72239,25.782804
2047-10-22 00:00:00+00:00,30.820635,36.475616,24.844551
2047-10-23 00:00:00+00:00,31.23018,37.22884,25.5563
2047-10-24 00:00:00+00:00,30.139727,33.482067,27.768047
2047-10-25 00:00:00+00:00,29.999271,34.335293,27.079794
2047-10-26 00:00:00+00:00,30.20882,34.58852,26.341543
2047-10-27 00:00:00+00:00,29.668365,32.091743,27.203289
2047-10-28 00:00:00+00:00,29.62791,33.644962,26.115038
2047-10-29 00:00:00+00:00,28.83746,33.348194,24.876783
2047-10-30 00:00:00+00:00,28.947004,34.40142,24.03853
2047-10-31 00:00:00+00:00,28.60655,33.304638,24.600279
2047-11-01 00:00:00+00:00,29.366096,35.007866,23.462027
2047-11-02 00:00:00+00:00,29.276608,32.665714,26.023235
2047-11-03 00:00:00+00:00,29.788725,33.981266,25.833551
2047-11-04 00:00:00+00:00,29.65084,33.596825,26.043867
2047-11-05 00:00:00+00:00,29.812962,36.162384,23.154184
2047-11-06 00:00:00+00:00,29.225079,36.17794,21.564499
2047-11-07 00:00:00+00:00,29.437195,35.993492,22.474813
2047-11-08 00:00:00+00:00,29.249313,34.65905,23.78513
2047-11-09 00:00:00+00:00,29.361431,35.52461,22.995447
2047-11-10 00:00:00+00:00,29.973549,36.09016,25.405762
2047-11-11 00:00:00+00:00,30.385668,36.90572,24.816076
2047-11-12 00:00:00+00:00,29.697783,37.121273,22.526392
2047-11-13 00:00:00+00:00,29.9599,37.03683,22.73671
2047-11-14 00:00:00+00:00,29.922018,36.60239,23.397026
2047-11-15 00:00:00+00:00,29.584135,37.11794,21.95734
2047-11-16 00:00:00+00:00,29.896254,37.083504,22.667656
2047-11-17 00:00:00+00:00,31.158371,37.999058,24.577974
2047-11-18 00:00:00+00:00,31.07049,37.964607,24.038288
2047-11-19 00:00:00+00:00,30.232609,37.63017,22.148603
2047-11-20 00:00:00+00:00,28.844725,36.39573,21.958921
2047-11-21 00:00:00+00:00,29.406843,37.16128,21.269234
2047-11-22 00:00:00+00:00,30.468962,37.426834,24.17955
2047-11-23 00:00:00+00:00,30.381079,37.742393,22.98987
2047-11-24 00:00:00+00:00,29.043196,36.05795,22.050182
2047-11-25 00:00:00+00:00,29.905313,36.5735,23.2605
2047-11-26 00:00:00+00:00,30.317434,36.73906,25.020815
2047-11-27 00:00:00+00:00,28.229548,34.75462,21.93113
2047-11-28 00:00:00+00:00,27.541664,35.170174,20.241446
2047-11-29 00:00:00+00:00,27.753784,35.13573,21.201761
2047-11-30 00:00:00+00:00,27.615902,35.151287,20.862078
2047-12-01 00:00:00+00:00,28.028017,36.11684,20.472393
2047-12-02 00:00:00+00:00,28.740137,36.332397,22.082712
2047-12-03 00:00:00+00:00,28.352253,34.597954,22.193026
2047-12-04 00:00:00+00:00,27.814375,33.413506,23.30334
2047-12-05 00:00:00+00:00,26.47649,31.079065,22.663656
2047-12-06 00:00:00+00:00,26.838608,31.84462,22.123974
2047-12-07 00:00:00+00:00,27.100725,34.11018,20.184288
2047-12-08 00:00:00+00:00,26.412842,33.075733,20.344604
2047-12-09 00:00:00+00:00,25.92496,33.39129,19.20492
2047-12-10 00:00:00+00:00,26.037075,33.306843,19.315235
2047-12-11 00:00:00+00:00,25.599194,32.5224,19.525553
2047-12-12 00:00:00+00:00,25.411312,32.787956,18.53587
2047-12-13 00:00:00+00:00,25.27343,32.453514,18.346184
2047-12-14 00:00:00+00:00,25.635551,32.169067,19.706501
2047-12-15 00:00:00+00:00,26.147665,32.734623,20.366816
2047-12-16 00:00:00+00:00,25.159782,31.250185,19.127132
2047-12-17 00:00:00+00:00,25.071901,31.515738,19.587448
2047-12-18 00:00:00+00:00,24.58402,31.93129,17.697762
2047-12-19 00:00:00+00:00,25.296137,33.19685,17.208078
2047-12-20 00:00:00+00:00,25.808252,33.362408,18.418394
2047-12-21 00:00:00+00:00,26.120373,33.677963,19.17871
2047-12-22 00:00:00+00:00,25.63249,32.593513,18.939026
2047-12-23 00:00:00+00:00,24.79461,32.759075,17.349342
2047-12-24 00:00:00+00:00,24.706726,32.574627,17.609657
2047-12-25 00:00:00+00:00,26.068842,34.440186,18.019974
2047-12-26 00:00:00+00:00,26.830957,35.055744,18.58029
2047-12-27 00:00:00+00:00,26.843079,34.871296,19.140606
2047-12-28 00:00:00+00:00,27.105196,35.386856,19.30092
2047-12-29 00:00:00+00:00,27.267311,34.90241,19.611237
2047-12-30 00:00:00+00:00,28.02943,35.067966,21.021551
2047-12-31 00:00:00+00:00,28.841549,34.533524,21.931868
2048-01-01 00:00:00+00:00,25.803665,32.899082,20.092184
2048-01-02 00:00:00+00:00,26.210066,32.405495,21.447954
2048-01-03 00:00:00+00:00,24.960747,30.80277,20.049173
2048-01-04 00:00:00+00:00,22.61143,29.750044,16.100399
2048-01-05 00:00:00+00:00,23.61211,32.09732,15.801618
2048-01-06 00:00:00+00:00,24.962793,32.294594,19.002844
2048-01-07 00:00:00+00:00,25.513477,33.09187,19.754065
2048-01-08 00:00:00+00:00,24.664158,32.789146,18.055285
2048-01-09 00:00:00+00:00,24.76484,32.78642,17.456509
2048-01-10 00:00:00+00:00,25.315523,33.38369,17.75773
2048-01-11 00:00:00+00:00,26.016207,33.530964,18.708952
2048-01-12 00:00:00+00:00,25.666887,33.678238,18.010176
2048-01-13 00:00:00+00:00,25.867569,33.975513,18.061396
2048-01-14 00:00:00+00:00,25.768251,33.622787,18.312618
2048-01-15 00:00:00+00:00,25.968933,34.220066,18.06384
2048-01-16 00:00:00+00:00,25.869616,33.717335,18.165064
2048-01-17 00:00:00+00:00,24.820297,32.514614,17.566286
2048-01-18 00:00:00+00:00,24.220978,31.761889,17.017506
2048-01-19 00:00:00+00:00,24.421661,31.859161,18.118729
2048-01-20 00:00:00+00:00,25.272345,33.55644,17.319952
2048-01-21 00:00:00+00:00,25.973024,34.303715,18.121172
2048-01-22 00:00:00+00:00,25.673708,33.850986,18.222395
2048-01-23 00:00:00+00:00,25.62439,33.24826,18.823618
2048-01-24 00:00:00+00:00,24.97507,31.945534,18.574839
2048-01-25 00:00:00+00:00,24.475754,31.592812,17.776062
2048-01-26 00:00:00+00:00,23.926435,30.740084,17.477285
2048-01-27 00:00:00+00:00,23.62712,30.68736,17.678507
2048-01-28 00:00:00+00:00,23.3278,30.584637,16.229727
2048-01-29 00:00:00+00:00,24.37848,31.981907,16.780949
2048-01-30 00:00:00+00:00,24.679163,32.57918,16.532173
2048-01-31 00:00:00+00:00,24.879845,33.576458,16.033394
2048-02-01 00:00:00+00:00,25.88053,34.823734,17.184616
2048-02-02 00:00:00+00:00,26.13121,34.47101,18.185839
2048-02-03 00:00:00+00:00,27.131893,35.36828,19.537064
2048-02-04 00:00:00+00:00,26.632576,34.615555,20.038284
2048-02-05 00:00:00+00:00,26.983255,35.612827,19.139503
2048-02-06 00:00:00+00:00,27.28394,34.960106,20.590729
2048-02-07 00:00:00+00:00,28.184622,34.557377,22.091948
2048-02-08 00:00:00+00:00,26.585304,33.254654,20.243172
2048-02-09 00:00:00+00:00,25.585983,32.75193,18.644392
2048-02-10 00:00:00+00:00,25.786669,33.049202,19.045616
2048-02-11 00:00:00+00:00,26.487349,33.94648,19.796839
2048-02-12 00:00:00+00:00,26.588036,34.193752,19.898058
2048-02-13 00:00:00+00:00,26.988712,34.891026,19.099281
2048-02-14 00:00:00+00:00,27.289398,35.1883,20.150505
2048-02-15 00:00:00+00:00,27.14008,35.485577,19.001726
2048-02-16 00:00:00+00:00,28.14076,36.38285,20.552948
2048-02-17 00:00:00+00:00,27.641441,35.080124,20.504171
2048-02-18 00:00:00+00:00,27.192125,36.0774,18.45539
2048-02-19 00:00:00+00:00,27.692808,36.424675,18.956617
2048-02-20 00:00:00+00:00,27.793491,36.77195,18.757835
2048-02-21 00:00:00+00:00,27.594173,35.969227,20.40906
2048-02-22 00:00:00+00:00,27.044853,35.616493,19.460281
2048-02-23 00:00:00+00:00,27.595535,37.013775,18.511501
2048-02-24 00:00:00+00:00,29.696218,39.511047,19.962727
2048-02-25 00:00:00+00:00,30.5469,39.208324,22.863945
2048-02-26 00:00:00+00:00,30.547583,39.455597,21.31517
2048-02-27 00:00:00+00:00,30.298265,38.702873,21.916391
2048-02-28 00:00:00+00:00,30.198946,38.90015,21.367615
2048-02-29 00:00:00+00:00,30.249626,38.89742,21.368837
2048-03-01 00:00:00+00:00,30.650307,38.9447,22.070059
2048-03-02 00:00:00+00:00,30.600992,39.19197,21.87128
2048-03-03 00:00:00+00:00,30.462648,39.395985,21.082716
2048-03-04 00:00:00+00:00,30.530884,39.504032,21.150276
2048-03-05 00:00:00+00:00,30.649122,39.512085,21.167841
2048-03-06 00:00:00+00:00,31.367361,40.12014,22.485401
2048-03-07 00:00:00+00:00,31.385601,40.578194,21.952967
2048-03-08 00:00:00+00:00,31.503838,41.036243,21.420528
2048-03-09 00:00:00+00:00,31.472076,41.2443,21.53809
2048-03-10 00:00:00+00:00,30.490314,40.90235,20.455654
2048-03-11 00:00:00+00:00,30.408554,40.3604,20.173216
2048-03-12 00:00:00+00:00,32.076794,41.71846,21.79078
2048-03-13 00:00:00+00:00,33.09503,41.476513,25.10834
2048-03-14 00:00:00+00:00,32.713272,40.58456,25.625902
2048-03-15 00:00:00+00:00,31.081509,41.14262,19.893465
2048-03-16 00:00:00+00:00,30.899746,39.85067,21.46103
2048-03-17 00:00:00+00:00,31.467985,40.658722,23.478592
2048-03-18 00:00:00+00:00,33.48622,41.86678,23.646154
2048-03-19 00:00:00+00:00,33.60446,40.724827,26.913717
2048-03-20 00:00:00+00:00,32.6727,39.93288,25.381279
2048-03-21 00:00:00+00:00,32.940937,39.79094,26.048841
2048-03-22 00:00:00+00:00,31.509174,38.34899,23.666405
2048-03-23 00:00:00+00:00,31.627415,39.25704,23.783966
2048-03-24 00:00:00+00:00,31.795652,40.365093,23.00153
2048-03-25 00:00:00+00:00,33.06389,41.523144,24.219093
2048-03-26 00:00:00+00:00,33.382126,39.581196,26.786655
2048-03-27 00:00:00+00:00,30.90037,35.089256,26.75422
2048-03-28 00:00:00+00:00,33.568607,39.647305,27.37178
2048-03-29 00:00:00+00:00,36.236847,43.10536,28.639341
2048-03-30 00:00:00+00:00,35.85508,42.313408,29.556906
2048-03-31 00:00:00+00:00,35.073326,42.12146,28.074469
2048-04-01 00:00:00+00:00,34.041565,41.17952,26.09203
2048-04-02 00:00:00+00:00,35.009796,42.387573,26.509592
2048-04-03 00:00:00+00:00,35.878036,42.545624,28.227154
2048-04-04 00:00:00+00:00,34.196274,42.253677,24.994717
2048-04-05 00:00:00+00:00,34.564514,42.361725,26.06228
2048-04-06 00:00:00+00:00,34.782753,42.469784,26.529842
2048-04-07 00:00:00+00:00,34.25099,41.277836,26.897406
2048-04-08 00:00:00+00:00,33.86923,41.535885,25.914968
2048-04-09 00:00:00+00:00,35.037468,40.64394,28.332531
2048-04-10 00:00:00+00:00,34.905704,41.201996,28.150095
2048-04-11 00:00:00+00:00,33.573944,41.610043,24.767656
2048-04-12 00:00:00+00:00,34.39218,42.068096,26.285217
2048-04-13 00:00:00+00:00,34.26042,43.126152,24.50278
2048-04-14 00:00:00+00:00,33.978657,42.6842,23.670341
2048-04-15 00:00:00+00:00,34.4469,43.942257,23.737906
2048-04-16 00:00:00+00:00,33.31514,42.20031,23.95547
2048-04-17 00:00:00+00:00,32.383377,41.458363,23.57303
2048-04-18 00:00:00+00:00,31.951612,40.96641,23.340593
2048-04-19 00:00:00+00:00,32.219852,41.574467,23.508156
2048-04-20 00:00:00+00:00,32.23809,42.18252,23.22572
2048-04-21 00:00:00+00:00,33.65633,42.39057,23.943283
2048-04-22 00:00:00+00:00,31.774567,40.54863,22.860844
2048-04-23 00:00:00+00:00,33.942806,43.70668,23.928408
2048-04-24 00:00:00+00:00,35.511044,44.814735,24.74597
2048-04-25 00:00:00+00:00,37.429276,44.37279,29.963531
2048-04-26 00:00:00+00:00,36.59752,43.930843,28.681095
2048-04-27 00:00:00+00:00,34.015762,43.13889,23.398657
2048-04-28 00:00:00+00:00,33.084,43.396946,23.466219
2048-04-29 00:00:00+00:00,32.952232,42.554993,23.833784
2048-04-30 00:00:00+00:00,32.320477,41.963055,23.651346
2048-05-01 00:00:00+00:00,32.38871,41.9711,24.068907
2048-05-02 00:00:00+00:00,32.40695,42.029156,23.83647
2048-05-03 00:00:00+00:00,31.50134,41.77835,22.380217
2048-05-04 00:00:00+00:00,31.48778,42.2246,22.366026
2048-05-05 00:00:00+00:00,31.12422,40.820843,22.601835
2048-05-06 00:00:00+00:00,33.01066,41.31708,25.187641
2048-05-07 00:00:00+00:00,29.9971,31.763332,27.673449
2048-05-08 00:00:00+00:00,32.68354,42.659576,22.909258
2048-05-09 00:00:00+00:00,36.419983,45.255825,26.195066
2048-05-10 00:00:00+00:00,36.756424,45.20207,27.630875
2048-05-11 00:00:00+00:00,34.942863,42.298313,27.616682
2048-05-12 00:00:00+00:00,34.579308,42.04455,27.202492
2048-05-13 00:00:00+00:00,33.965744,42.090797,27.338299
2048-05-14 00:00:00+00:00,34.30218,42.587044,27.774109
2048-05-15 00:00:00+00:00,31.638626,37.33329,25.159916
2048-05-16 00:00:00+00:00,31.075064,38.52953,22.995724
2048-05-17 00:00:00+00:00,30.861507,37.175777,24.231533
2048-05-18 00:00:00+00:00,30.697948,37.722023,23.117342
2048-05-19 00:00:00+00:00,30.284386,37.268265,24.35315
2048-05-20 00:00:00+00:00,33.47083,42.31451,24.938957
2048-05-21 00:00:00+00:00,34.757263,43.010754,26.024767
2048-05-22 00:00:00+00:00,34.893707,43.156998,26.660576
2048-05-23 00:00:00+00:00,35.18015,42.103245,29.196383
2048-05-24 00:00:00+00:00,32.71659,38.84949,26.43219
2048-05-25 00:00:00+00:00,31.903027,39.295734,24.818
2048-05-26 00:00:00+00:00,32.33947,40.44198,25.35381
2048-05-27 00:00:00+00:00,31.97591,38.88822,25.939615
2048-05-28 00:00:00+00:00,32.662354,38.134468,27.125425
2048-05-29 00:00:00+00:00,33.39879,39.13071,27.911232
2048-05-30 00:00:00+00:00,34.935226,43.02696,26.547043
2048-05-31 00:00:00+00:00,38.07167,45.473198,29.88285
2048-06-01 00:00:00+00:00,34.558113,41.069443,28.11866
2048-06-02 00:00:00+00:00,34.044556,40.315685,27.854467
2048-06-03 00:00:00+00:00,33.680992,40.911934,26.440277
2048-06-04 00:00:00+00:00,34.967434,44.00818,26.476084
2048-06-05 00:00:00+00:00,34.803875,42.504425,26.911892
2048-06-06 00:00:00+00:00,34.090313,40.850666,26.847698
2048-06-07 00:00:00+00:00,35.576756,42.996918,28.53351
2048-06-08 00:00:00+00:00,35.01319,41.393154,29.169315
2048-06-09 00:00:00+00:00,36.34964,45.289402,28.755125
2048-06-10 00:00:00+00:00,36.186077,45.035645,26.640932
2048-06-11 00:00:00+00:00,34.572517,40.431892,28.226742
2048-06-12 00:00:00+00:00,33.65896,39.92813,27.56255
2048-06-13 00:00:00+00:00,33.395397,40.97438,26.94836
2048-06-14 00:00:00+00:00,32.481834,42.07062,24.184164
2048-06-15 00:00:00+00:00,30.31828,37.81687,24.069975
2048-06-16 00:00:00+00:00,32.254715,38.863113,26.105783
2048-06-17 00:00:00+00:00,33.691154,41.159355,26.941591
2048-06-18 00:00:00+00:00,33.677597,38.355602,28.427397
2048-06-19 00:00:00+00:00,34.06404,41.651844,28.263206
2048-06-20 00:00:00+00:00,33.30048,42.04809,25.149015
2048-06-21 00:00:00+00:00,33.686924,39.844334,27.434824
2048-06-22 00:00:00+00:00,31.27336,32.99058,28.770632
2048-06-23 00:00:00+00:00,28.509802,30.236824,26.056444
2048-06-24 00:00:00+00:00,30.39624,37.53307,26.092249
2048-06-25 00:00:00+00:00,31.532682,37.679314,26.228058
2048-06-26 00:00:00+00:00,32.66912,37.57556,28.663866
2048-06-27 00:00:00+00:00,33.05556,37.621803,28.599676
2048-06-28 00:00:00+00:00,30.342005,31.868048,28.935484
2048-06-29 00:00:00+00:00,30.778446,35.164295,26.77129
2048-06-30 00:00:00+00:00,31.564882,37.41054,26.7571
2048-07-01 00:00:00+00:00,30.251326,34.206783,27.04291
2048-07-02 00:00:00+00:00,30.737764,34.803024,27.178717
2048-07-03 00:00:00+00:00,31.462423,36.48475,27.50362
2048-07-04 00:00:00+00:00,32.3854,39.6144,26.476963
2048-07-05 00:00:00+00:00,29.958374,33.09404,27.000305
2048-07-06 00:00:00+00:00,30.431349,33.173687,27.17365
2048-07-07 00:00:00+00:00,28.704325,30.253336,27.346992
2048-07-08 00:00:00+00:00,26.727299,27.38298,25.820337
2048-07-09 00:00:00+00:00,29.800274,34.41263,25.593683
2048-07-10 00:00:00+00:00,31.623253,36.342278,27.517025
2048-07-11 00:00:00+00:00,28.896225,32.071922,26.49037
2048-07-12 00:00:00+00:00,27.719202,30.651571,25.86371
2048-07-13 00:00:00+00:00,28.742176,33.08122,24.68706
2048-07-14 00:00:00+00:00,31.51515,36.510864,26.960402
2048-07-15 00:00:00+00:00,31.388126,35.490513,27.533745
2048-07-16 00:00:00+00:00,29.3111,33.22016,26.15709
2048-07-17 00:00:00+00:00,30.834076,34.849808,26.580431
2048-07-18 00:00:00+00:00,32.60705,36.979454,28.653776
2048-07-19 00:00:00+00:00,31.13003,33.509098,29.277119
2048-07-20 00:00:00+00:00,28.853004,31.138748,27.050465
2048-07-21 00:00:00+00:00,29.625977,32.218395,27.073807
2048-07-22 00:00:00+00:00,30.348953,33.94804,26.997152
2048-07-23 00:00:00+00:00,31.271927,36.427685,26.920498
2048-07-24 00:00:00+00:00,32.094902,37.257336,27.54384
2048-07-25 00:00:00+00:00,30.417877,33.286983,27.317184
2048-07-26 00:00:00+00:00,30.540852,35.81663,26.590527
2048-07-27 00:00:00+00:00,31.863827,37.946278,26.51387
2048-07-28 00:00:00+00:00,30.536804,35.975925,26.587214
2048-07-29 00:00:00+00:00,29.459778,32.95557,25.210558
2048-07-30 00:00:00+00:00,28.882753,31.235214,26.9839
2048-07-31 00:00:00+00:00,30.255728,34.714863,26.207247
2048-08-01 00:00:00+00:00,30.628704,34.894512,27.68059
2048-08-02 00:00:00+00:00,28.10168,32.724155,24.353935
2048-08-03 00:00:00+00:00,29.524654,35.553806,24.477276
2048-08-04 00:00:00+00:00,31.29763,36.833458,26.500622
2048-08-05 00:00:00+00:00,31.470606,36.6631,26.623966
2048-08-06 00:00:00+00:00,30.393581,33.542747,28.197308
2048-08-07 00:00:00+00:00,31.116558,37.222397,26.020653
2048-08-08 00:00:00+00:00,32.08953,37.902042,26.593996
2048-08-09 00:00:00+00:00,29.112507,31.43169,27.167343
2048-08-10 00:00:00+00:00,27.685482,30.461334,25.840683
2048-08-11 00:00:00+00:00,27.908457,31.140984,25.414026
2048-08-12 00:00:00+00:00,28.381433,30.820631,25.487375
2048-08-13 00:00:00+00:00,29.004408,33.950275,23.960716
2048-08-14 00:00:00+00:00,29.47738,33.07993,25.984058
2048-08-15 00:00:00+00:00,26.850357,28.459574,25.457403
2048-08-16 00:00:00+00:00,27.123333,28.839222,25.430748
2048-08-17 00:00:00+00:00,28.196308,30.468866,25.954092
2048-08-18 00:00:00+00:00,28.569286,32.448517,25.127434
2048-08-19 00:00:00+00:00,28.442259,30.72816,26.75078
2048-08-20 00:00:00+00:00,27.265236,28.307808,26.524124
2048-08-21 00:00:00+00:00,27.738213,30.287457,25.147467
2048-08-22 00:00:00+00:00,28.511183,32.167103,25.470812
2048-08-23 00:00:00+00:00,27.83416,30.896751,25.494154
2048-08-24 00:00:00+00:00,27.807133,31.526398,24.7675
2048-08-25 00:00:00+00:00,28.980108,32.456043,26.140842
2048-08-26 00:00:00+00:00,29.753086,32.98569,26.56419
2048-08-27 00:00:00+00:00,27.326063,29.565338,25.83753
2048-08-28 00:00:00+00:00,27.599037,30.544987,25.610874
2048-08-29 00:00:00+00:00,27.27201,29.57463,25.634218
2048-08-30 00:00:00+00:00,27.994987,31.20428,25.707563
2048-08-31 00:00:00+00:00,28.91796,32.533928,25.880907
2048-09-01 00:00:00+00:00,28.490936,32.36357,26.70425
2048-09-02 00:00:00+00:00,28.850481,32.766796,25.465998
2048-09-03 00:00:00+00:00,27.71003,29.520023,26.227745
2048-09-04 00:00:00+00:00,27.169573,29.973248,25.389492
2048-09-05 00:00:00+00:00,27.729124,30.72647,24.951242
2048-09-06 00:00:00+00:00,27.988668,30.879696,25.312984
2048-09-07 00:00:00+00:00,27.998215,30.58292,26.124735
2048-09-08 00:00:00+00:00,27.507761,30.236145,25.436481
2048-09-09 00:00:00+00:00,28.567305,31.88937,25.14823
2048-09-10 00:00:00+00:00,29.376852,32.7426,27.109976
2048-09-11 00:00:00+00:00,30.0364,33.395817,27.221724
2048-09-12 00:00:00+00:00,29.695948,32.69905,27.18347
2048-09-13 00:00:00+00:00,31.605492,40.00227,25.495218
2048-09-14 00:00:00+00:00,29.615038,32.40549,26.506964
2048-09-15 00:00:00+00:00,28.924583,31.25872,26.71871
2048-09-16 00:00:00+00:00,29.634129,33.761944,26.530458
2048-09-17 00:00:00+00:00,28.543674,30.515171,26.592207
2048-09-18 00:00:00+00:00,28.80322,30.968395,27.053953
2048-09-19 00:00:00+00:00,27.16277,27.521622,27.265701
2048-09-20 00:00:00+00:00,28.072315,30.974842,26.67745
2048-09-21 00:00:00+00:00,28.981863,32.27807,26.389198
2048-09-22 00:00:00+00:00,28.54141,31.781296,26.250942
2048-09-23 00:00:00+00:00,30.200954,34.434517,27.06269
2048-09-24 00:00:00+00:00,29.4105,32.037746,27.57444
2048-09-25 00:00:00+00:00,29.570044,31.84097,28.286186
2048-09-26 00:00:00+00:00,30.729595,35.54419,27.047932
2048-09-27 00:00:00+00:00,32.18914,37.64742,27.559677
2048-09-28 00:00:00+00:00,30.598684,34.750645,28.171427
2048-09-29 00:00:00+00:00,29.858232,33.203865,26.683174
2048-09-30 00:00:00+00:00,29.767778,33.757095,26.694921
2048-10-01 00:00:00+00:00,29.277323,33.660316,25.306667
2048-10-02 00:00:00+00:00,29.88687,34.91354,25.318419
2048-10-03 00:00:00+00:00,30.746414,37.166767,25.480164
2048-10-04 00:00:00+00:00,31.305964,37.16999,26.24191
2048-10-05 00:00:00+00:00,29.76551,34.323215,26.453657
2048-10-06 00:00:00+00:00,32.575054,39.92644,26.915403
2048-10-07 00:00:00+00:00,30.4346,35.179665,27.227154
2048-10-08 00:00:00+00:00,30.54415,35.982887,25.838902
2048-10-09 00:00:00+00:00,30.803696,37.786118,25.450645
2048-10-10 00:00:00+00:00,31.913239,39.13934,25.712393
2048-10-11 00:00:00+00:00,32.27279,38.292564,26.374146
2048-10-12 00:00:00+00:00,29.632334,32.19579,26.93589
2048-10-13 00:00:00+00:00,28.74188,30.999012,26.547636
2048-10-14 00:00:00+00:00,30.551424,35.702236,26.059383
2048-10-15 00:00:00+00:00,31.66097,38.055466,25.421131
2048-10-16 00:00:00+00:00,31.670517,40.408688,22.332878
2048-10-17 00:00:00+00:00,33.130066,42.36191,23.544624
2048-10-18 00:00:00+00:00,32.98961,41.91514,23.706375
2048-10-19 00:00:00+00:00,32.449158,37.96836,26.568121
2048-10-20 00:00:00+00:00,33.8087,41.771584,26.429869
2048-10-21 00:00:00+00:00,34.16825,41.47481,27.441614
2048-10-22 00:00:00+00:00,33.027794,41.278034,24.603361
2048-10-23 00:00:00+00:00,33.237343,39.88126,26.06511
2048-10-24 00:00:00+00:00,31.146885,34.234486,27.426859
2048-10-25 00:00:00+00:00,29.356436,33.33771,25.688604
2048-10-26 00:00:00+00:00,32.26598,39.490932,25.250349
2048-10-27 00:00:00+00:00,30.925526,39.344162,22.862099
2048-10-28 00:00:00+00:00,30.985073,40.397385,21.673843
2048-10-29 00:00:00+00:00,31.844618,41.000614,22.335594
2048-10-30 00:00:00+00:00,31.804163,40.853836,23.497341
2048-10-31 00:00:00+00:00,30.81371,39.807056,22.559086
2048-11-01 00:00:00+00:00,32.52358,40.961823,24.570656
2048-11-02 00:00:00+00:00,34.035698,42.02738,26.130974
2048-11-03 00:00:00+00:00,32.597816,38.292934,26.741287
2048-11-04 00:00:00+00:00,31.85993,36.90849,26.901604
2048-11-05 00:00:00+00:00,27.472048,29.624052,25.511917
2048-11-06 00:00:00+00:00,27.934164,30.439604,25.422237
2048-11-07 00:00:00+00:00,28.746284,32.855164,25.28255
2048-11-08 00:00:00+00:00,31.608402,36.770718,25.942867
2048-11-09 00:00:00+00:00,32.82052,37.586273,28.203182
2048-11-10 00:00:00+00:00,32.482635,37.50183,28.0135
2048-11-11 00:00:00+00:00,30.994755,34.71739,27.473816
2048-11-12 00:00:00+00:00,31.35687,36.332943,26.43413
2048-11-13 00:00:00+00:00,32.71899,39.048496,26.344444
2048-11-14 00:00:00+00:00,33.131107,40.114056,26.15476
2048-11-15 00:00:00+00:00,33.393227,40.72961,27.115076
2048-11-16 00:00:00+00:00,32.355343,39.89517,25.275394
2048-11-17 00:00:00+00:00,31.61746,39.46072,23.685709
2048-11-18 00:00:00+00:00,31.879576,39.07628,24.846025
2048-11-19 00:00:00+00:00,30.691698,38.741833,23.90634
2048-11-20 00:00:00+00:00,31.453812,40.25739,23.066658
2048-11-21 00:00:00+00:00,31.315931,39.622948,23.576973
2048-11-22 00:00:00+00:00,31.328049,39.1385,23.13729
2048-11-23 00:00:00+00:00,31.240164,38.45406,23.747604
2048-11-24 00:00:00+00:00,30.852283,38.019615,23.90792
2048-11-25 00:00:00+00:00,29.5144,37.63517,21.418236
2048-11-26 00:00:00+00:00,29.42652,37.45072,21.328552
2048-11-27 00:00:00+00:00,29.888638,37.26628,22.788866
2048-11-28 00:00:00+00:00,28.750753,35.88184,22.699183
2048-11-29 00:00:00+00:00,27.812872,35.697395,21.0595
2048-11-30 00:00:00+00:00,28.02499,36.412952,19.969814
2048-12-01 00:00:00+00:00,28.537107,37.67851,19.580132
2048-12-02 00:00:00+00:00,29.249226,37.94406,21.040445
2048-12-03 00:00:00+00:00,30.011341,38.559616,22.350763
2048-12-04 00:00:00+00:00,30.173462,39.025173,21.361078
2048-12-05 00:00:00+00:00,29.685577,37.79073,21.271397
2048-12-06 00:00:00+00:00,30.147696,38.706287,20.631708
2048-12-07 00:00:00+00:00,29.109812,37.171844,21.192026
2048-12-08 00:00:00+00:00,28.821928,36.7374,21.202343
2048-12-09 00:00:00+00:00,27.634048,34.702957,20.912657
2048-12-10 00:00:00+00:00,27.296167,35.468513,19.822973
2048-12-11 00:00:00+00:00,28.308283,36.53407,20.683289
2048-12-12 00:00:00+00:00,28.670403,36.349625,21.293606
2048-12-13 00:00:00+00:00,27.93252,35.265182,20.65392
2048-12-14 00:00:00+00:00,27.294638,35.130737,18.964237
2048-12-15 00:00:00+00:00,27.206755,35.396294,18.674551
2048-12-16 00:00:00+00:00,27.818874,35.511845,20.234869
2048-12-17 00:00:00+00:00,27.88099,35.527405,20.845184
2048-12-18 00:00:00+00:00,27.643106,34.84296,21.105501
2048-12-19 00:00:00+00:00,26.105225,33.75852,19.165815
2048-12-20 00:00:00+00:00,25.517342,34.27407,17.326132
2048-12-21 00:00:00+00:00,26.22946,35.239628,17.386448
2048-12-22 00:00:00+00:00,24.59158,33.155186,15.696761
2048-12-23 00:00:00+00:00,25.103695,34.22074,15.80708
2048-12-24 00:00:00+00:00,26.065813,36.286297,15.067395
2048-12-25 00:00:00+00:00,28.72793,36.501854,21.827711
2048-12-26 00:00:00+00:00,28.890049,35.667408,23.238028
2048-12-27 00:00:00+00:00,26.352167,32.832966,20.898342
2048-12-28 00:00:00+00:00,24.964285,33.048523,17.50866
2048-12-29 00:00:00+00:00,24.8264,33.164074,17.518974
2048-12-30 00:00:00+00:00,26.08852,34.92963,17.329288
2048-12-31 00:00:00+00:00,28.450636,35.19519,20.089605
2049-01-01 00:00:00+00:00,27.659895,35.656174,19.597647
2049-01-02 00:00:00+00:00,28.460579,36.403446,21.748869
2049-01-03 00:00:00+00:00,27.811258,35.50072,20.500092
2049-01-04 00:00:00+00:00,27.161942,33.798,21.251314
2049-01-05 00:00:00+00:00,25.112623,31.745275,18.852533
2049-01-06 00:00:00+00:00,24.313307,31.792547,17.453758
2049-01-07 00:00:00+00:00,24.713987,31.68982,18.60498
2049-01-08 00:00:00+00:00,24.66467,32.0371,18.456203
2049-01-09 00:00:00+00:00,24.415352,32.284374,17.557423
2049-01-10 00:00:00+00:00,24.216034,32.931644,16.008646
2049-01-11 00:00:00+00:00,25.26672,33.37892,17.609869
2049-01-12 00:00:00+00:00,26.217398,35.726196,17.461092
2049-01-13 00:00:00+00:00,27.168081,36.07347,19.262314
2049-01-14 00:00:00+00:00,27.018764,34.070744,21.563536
2049-01-15 00:00:00+00:00,25.519447,32.468018,19.864758
2049-01-16 00:00:00+00:00,25.420128,34.365295,17.865978
2049-01-17 00:00:00+00:00,28.27081,37.612568,19.8672
2049-01-18 00:00:00+00:00,29.271492,36.90984,23.268423
2049-01-19 00:00:00+00:00,28.522173,36.70712,20.619646
2049-01-20 00:00:00+00:00,28.572855,36.75439,20.620865
2049-01-21 00:00:00+00:00,29.323536,36.701668,23.22209
2049-01-22 00:00:00+00:00,29.324217,37.548943,21.123312
2049-01-23 00:00:00+00:00,30.224901,37.896217,22.724533
2049-01-24 00:00:00+00:00,29.075584,35.04349,23.275757
2049-01-25 00:00:00+00:00,28.676266,34.290768,23.32698
2049-01-26 00:00:00+00:00,29.176949,37.63804,20.8782
2049-01-27 00:00:00+00:00,28.877628,35.63531,21.429422
2049-01-28 00:00:00+00:00,29.528313,35.882587,23.330643
2049-01-29 00:00:00+00:00,29.378994,36.479862,22.731867
2049-01-30 00:00:00+00:00,28.379675,35.177135,22.48309
2049-01-31 00:00:00+00:00,27.380358,34.674416,19.98431
2049-02-01 00:00:00+00:00,27.481043,33.57169,21.385532
2049-02-02 00:00:00+00:00,27.781725,33.468964,23.786758
2049-02-03 00:00:00+00:00,27.182405,32.366234,21.637976
2049-02-04 00:00:00+00:00,26.033089,30.81351,21.889198
2049-02-05 00:00:00+00:00,27.733768,36.060783,19.590422
2049-02-06 00:00:00+00:00,27.734451,35.75806,20.041645
2049-02-07 00:00:00+00:00,28.185133,35.90533,20.942867
2049-02-08 00:00:00+00:00,27.985813,35.30261,21.244087
2049-02-09 00:00:00+00:00,28.936497,37.549885,20.99531
2049-02-10 00:00:00+00:00,29.83718,38.647156,21.546534
2049-02-11 00:00:00+00:00,30.137863,38.044434,22.597754
2049-02-12 00:00:00+00:00,30.538544,38.191708,23.298977
2049-02-13 00:00:00+00:00,31.489223,38.93898,24.2502
2049-02-14 00:00:00+00:00,31.089909,38.636257,24.15142
2049-02-15 00:00:00+00:00,30.84059,38.53353,23.502642
2049-02-16 00:00:00+00:00,30.74127,38.480804,23.153866
2049-02-17 00:00:00+00:00,29.341953,36.928085,22.955088
2049-02-18 00:00:00+00:00,29.892637,36.375355,24.15631
2049-02-19 00:00:00+00:00,28.043318,33.872627,22.90753
2049-02-20 00:00:00+00:00,28.594,36.569904,20.458754
2049-02-21 00:00:00+00:00,29.394682,38.11718,21.359974
2049-02-22 00:00:00+00:00,29.845366,38.414455,22.0612
2049-02-23 00:00:00+00:00,31.346046,39.21173,24.61242
2049-02-24 00:00:00+00:00,31.396729,38.359005,24.663643
2049-02-25 00:00:00+00:00,29.597412,34.95628,24.914864
2049-02-26 00:00:00+00:00,28.098093,34.903553,21.416084
2049-02-27 00:00:00+00:00,26.998774,34.550827,20.017307
2049-02-28 00:00:00+00:00,28.149458,37.4481,19.71853
2049-03-01 00:00:00+00:00,30.250137,40.145374,21.469753
2049-03-02 00:00:00+00:00,31.600822,40.192654,23.170975
2049-03-03 00:00:00+00:00,32.40809,39.94397,25.128325
2049-03-04 00:00:00+00:00,31.626326,38.602016,24.895887
2049-03-05 00:00:00+00:00,30.394564,36.660072,24.863451
2049-03-06 00:00:00+00:00,30.412802,37.368126,23.681011
2049-03-07 00:00:00+00:00,30.831041,37.92618,24.148577
2049-03-08 00:00:00+00:00,30.749279,37.934235,24.566137
2049-03-09 00:00:00+00:00,30.967516,38.792286,22.8337
2049-03-10 00:00:00+00:00,31.635757,39.900333,22.801262
2049-03-11 00:00:00+00:00,33.003994,41.458393,23.918823
2049-03-12 00:00:00+00:00,33.672234,41.916443,25.73639
2049-03-13 00:00:00+00:00,35.040474,43.274498,26.85395
2049-03-14 00:00:00+00:00,34.85871,43.18255,26.071514
2049-03-15 00:00:00+00:00,33.876945,43.090603,25.089075
2049-03-16 00:00:00+00:00,33.595184,42.298656,24.256638
2049-03-17 00:00:00+00:00,32.66342,42.50671,23.4742
2049-03-18 00:00:00+00:00,34.231663,43.814762,24.091764
2049-03-19 00:00:00+00:00,33.9499,43.722816,24.409325
2049-03-20 00:00:00+00:00,34.41814,43.580868,25.376888
2049-03-21 00:00:00+00:00,34.886375,44.28892,25.04445
2049-03-22 00:00:00+00:00,34.55462,44.496975,23.812014
2049-03-23 00:00:00+00:00,33.222855,41.805027,25.029575
2049-03-24 00:00:00+00:00,35.491093,44.01308,26.397139
2049-03-25 00:00:00+00:00,35.409332,44.571136,25.664701
2049-03-26 00:00:00+00:00,35.677574,43.229187,29.382263
2049-03-27 00:00:00+00:00,35.045807,43.48724,25.999828
2049-03-28 00:00:00+00:00,36.364044,43.84529,28.667389
2049-03-29 00:00:00+00:00,33.932285,42.303345,25.584951
2049-03-30 00:00:00+00:00,35.700523,43.811398,25.902512
2049-03-31 00:00:00+00:00,36.01876,42.21945,29.520075
2049-04-01 00:00:00+00:00,35.437,40.9775,30.637638
2049-04-02 00:00:00+00:00,33.95524,42.93556,24.655201
2049-04-03 00:00:00+00:00,33.523476,43.543606,22.072763
2049-04-04 00:00:00+00:00,34.191715,44.151665,23.590326
2049-04-05 00:00:00+00:00,35.05995,44.109715,25.65789
2049-04-06 00:00:00+00:00,33.97819,42.21777,25.525452
2049-04-07 00:00:00+00:00,32.24643,42.32582,20.293015
2049-04-08 00:00:00+00:00,31.964672,41.683872,20.710579
2049-04-09 00:00:00+00:00,33.532906,43.141926,22.17814
2049-04-10 00:00:00+00:00,34.051144,43.44998,22.945702
2049-04-11 00:00:00+00:00,34.31938,43.208035,23.863264
2049-04-12 00:00:00+00:00,34.087624,42.216084,25.030828
2049-04-13 00:00:00+00:00,34.055862,42.82414,24.798391
2049-04-14 00:00:00+00:00,35.2241,43.88219,25.215952
2049-04-15 00:00:00+00:00,33.392338,41.44024,24.783516
2049-04-16 00:00:00+00:00,32.010574,39.848293,24.151077
2049-04-17 00:00:00+00:00,29.578817,38.00635,22.71864
2049-04-18 00:00:00+00:00,30.547054,39.214405,22.536203
2049-04-19 00:00:00+00:00,31.915293,41.172455,22.403767
2049-04-20 00:00:00+00:00,33.783527,42.03051,24.521328
2049-04-21 00:00:00+00:00,33.40177,41.488556,23.83889
2049-04-22 00:00:00+00:00,32.72001,41.046616,23.056454
2049-04-23 00:00:00+00:00,31.538244,39.80467,21.574015
2049-04-24 00:00:00+00:00,32.856483,41.01272,23.191578
2049-04-25 00:00:00+00:00,34.27472,42.170776,25.309141
2049-04-26 00:00:00+00:00,35.14296,41.97883,27.576704
2049-04-27 00:00:00+00:00,36.461197,44.086884,27.994265
2049-04-28 00:00:00+00:00,35.679436,44.24493,25.96183
2049-04-29 00:00:00+00:00,34.847675,44.00298,25.02939
2049-04-30 00:00:00+00:00,34.665913,43.261036,24.946953
2049-05-01 00:00:00+00:00,35.38415,43.06909,27.414518
2049-05-02 00:00:00+00:00,36.252388,44.227142,27.93208
2049-05-03 00:00:00+00:00,36.204727,44.129295,27.033766
2049-05-04 00:00:00+00:00,34.64117,42.27554,26.869576
2049-05-05 00:00:00+00:00,33.77761,41.971783,25.25538
2049-05-06 00:00:00+00:00,35.01405,43.21802,26.041191
2049-05-07 00:00:00+00:00,36.850494,45.61427,26.476997
2049-05-08 00:00:00+00:00,33.98693,41.66052,25.662806
2049-05-09 00:00:00+00:00,34.023376,41.006763,27.148613
2049-05-10 00:00:00+00:00,33.409813,41.753006,25.384424
2049-05-11 00:00:00+00:00,34.296253,43.549248,26.17023
2049-05-12 00:00:00+00:00,33.732697,42.095497,25.40604
2049-05-13 00:00:00+00:00,33.869133,42.041737,26.441849
2049-05-14 00:00:00+00:00,34.005577,43.03798,24.827656
2049-05-15 00:00:00+00:00,34.84201,44.33423,24.963465
2049-05-16 00:00:00+00:00,34.42846,43.380474,26.04927
2049-05-17 00:00:00+00:00,34.914898,44.476715,25.935081
2049-05-18 00:00:00+00:00,36.20134,47.02296,26.270887
2049-05-19 00:00:00+00:00,35.087772,44.069206,25.506697
2049-05-20 00:00:00+00:00,32.724216,39.66545,26.042507
2049-05-21 00:00:00+00:00,31.960657,38.961693,24.678314
2049-05-22 00:00:00+00:00,33.1471,41.95794,25.014124
2049-05-23 00:00:00+00:00,35.383537,44.104183,25.599932
2049-05-24 00:00:00+00:00,34.069977,42.500427,25.535738
2049-05-25 00:00:00+00:00,33.156418,40.546673,26.121548
2049-05-26 00:00:00+00:00,34.44286,42.742912,27.857355
2049-05-27 00:00:00+00:00,35.8293,43.48916,28.443163
2049-05-28 00:00:00+00:00,34.26574,41.485405,27.378971
2049-05-29 00:00:00+00:00,33.15218,41.731647,27.064781
2049-05-30 00:00:00+00:00,33.13862,40.027893,27.20059
2049-05-31 00:00:00+00:00,30.525063,35.87414,26.386398
2049-06-01 00:00:00+00:00,30.911503,37.320385,25.072205
2049-06-02 00:00:00+00:00,30.59794,36.81663,24.858015
2049-06-03 00:00:00+00:00,30.634386,39.16287,23.193825
2049-06-04 00:00:00+00:00,30.420822,36.75912,24.67963
2049-06-05 00:00:00+00:00,31.007265,37.105362,24.365438
2049-06-06 00:00:00+00:00,30.743706,37.35161,24.351248
2049-06-07 00:00:00+00:00,30.980145,38.097847,23.237055
2049-06-08 00:00:00+00:00,31.866583,39.844097,24.372864
2049-06-09 00:00:00+00:00,32.003025,40.64034,24.358673
2049-06-10 00:00:00+00:00,33.83947,43.986588,24.344482
2049-06-11 00:00:00+00:00,31.175907,36.932823,25.98029
2049-06-12 00:00:00+00:00,33.412346,40.679073,26.5661
2049-06-13 00:00:00+00:00,34.34879,41.875317,27.251905
2049-06-14 00:00:00+00:00,34.185226,42.571564,25.087715
2049-06-15 00:00:00+00:00,33.82167,39.817806,26.923525
2049-06-16 00:00:00+00:00,33.908104,38.764053,29.40933
2049-06-17 00:00:00+00:00,34.24455,40.810295,28.29514
2049-06-18 00:00:00+00:00,32.88099,39.006542,26.330946
2049-06-19 00:00:00+00:00,32.66743,40.152782,25.416758
2049-06-20 00:00:00+00:00,33.353867,40.29903,27.952566
2049-06-21 00:00:00+00:00,34.04031,42.145275,26.438374
2049-06-22 00:00:00+00:00,34.82675,42.141518,27.974182
2049-06-23 00:00:00+00:00,32.463192,36.137764,28.05999
2049-06-24 00:00:00+00:00,33.04963,39.134007,27.595798
2049-06-25 00:00:00+00:00,32.486076,39.430256,26.881605
2049-06-26 00:00:00+00:00,33.77251,40.576496,26.667416
2049-06-27 00:00:00+00:00,33.15895,37.82274,28.45322
2049-06-28 00:00:00+00:00,33.645393,41.118984,27.339031
2049-06-29 00:00:00+00:00,33.881836,40.61523,28.124842
2049-06-30 00:00:00+00:00,32.168274,37.961475,26.060646
2049-07-01 00:00:00+00:00,31.904715,36.307716,27.196455
2049-07-02 00:00:00+00:00,28.991156,31.503967,26.732265
2049-07-03 00:00:00+00:00,32.76918,39.989834,26.560282
2049-07-04 00:00:00+00:00,33.442154,39.369484,27.183626
2049-07-05 00:00:00+00:00,32.815132,38.19913,27.30697
2049-07-06 00:00:00+00:00,30.888107,33.478775,28.330313
2049-07-07 00:00:00+00:00,29.661081,31.608421,27.65366
2049-07-08 00:00:00+00:00,29.284056,33.088074,25.127
2049-07-09 00:00:00+00:00,28.707033,31.467718,26.900347
2049-07-10 00:00:00+00:00,30.680006,36.647366,26.173689
2049-07-11 00:00:00+00:00,28.65298,30.277012,26.947035
2049-07-12 00:00:00+00:00,29.375957,33.50666,25.420378
2049-07-13 00:00:00+00:00,31.598932,37.936306,26.443718
2049-07-14 00:00:00+00:00,30.921906,35.36595,27.067064
2049-07-15 00:00:00+00:00,30.294884,34.6456,27.940409
2049-07-16 00:00:00+00:00,31.517859,36.37525,27.563753
2049-07-17 00:00:00+00:00,32.790833,37.404896,28.437096
2049-07-18 00:00:00+00:00,33.16381,37.884544,29.210438
2049-07-19 00:00:00+00:00,31.286783,38.21419,26.083786
2049-07-20 00:00:00+00:00,30.859758,34.943836,28.107128
2049-07-21 00:00:00+00:00,31.282734,34.573483,27.780472
2049-07-22 00:00:00+00:00,32.35571,36.80313,28.053814
2049-07-23 00:00:00+00:00,32.328682,37.632774,27.77716
2049-07-24 00:00:00+00:00,31.951656,38.362423,26.500504
2049-07-25 00:00:00+00:00,31.224636,35.84207,27.17385
2049-07-26 00:00:00+00:00,32.147614,37.92172,26.69719
2049-07-27 00:00:00+00:00,32.270584,37.051365,28.220535
2049-07-28 00:00:00+00:00,28.29356,29.781013,27.49388
2049-07-29 00:00:00+00:00,29.466536,33.310658,26.717222
2049-07-30 00:00:00+00:00,30.189507,34.84031,27.190569
2049-07-31 00:00:00+00:00,30.762484,33.619953,27.913912
2049-08-01 00:00:00+00:00,32.03546,37.2996,27.587254
2049-08-02 00:00:00+00:00,29.608435,30.679245,28.310598
2049-08-03 00:00:00+00:00,29.03141,32.008896,25.883944
2049-08-04 00:00:00+00:00,30.704388,36.038544,26.357286
2049-08-05 00:00:00+00:00,30.37736,33.118187,27.83063
2049-08-06 00:00:00+00:00,31.100338,34.697838,26.953974
2049-08-07 00:00:00+00:00,30.773314,34.777485,27.677319
2049-08-08 00:00:00+00:00,30.846287,36.107132,27.050663
2049-08-09 00:00:00+00:00,31.019262,35.98678,27.124004
2049-08-10 00:00:00+00:00,30.242237,34.266422,27.59735
2049-08-11 00:00:00+00:00,30.215212,33.396072,27.070694
2049-08-12 00:00:00+00:00,28.23819,29.725716,26.444038
2049-08-13 00:00:00+00:00,27.411163,29.10537,26.367382
2049-08-14 00:00:00+00:00,27.68414,29.135014,26.340725
2049-08-15 00:00:00+00:00,28.507114,31.364662,26.064068
2049-08-16 00:00:00+00:00,28.180088,30.944307,25.937412
2049-08-17 00:00:00+00:00,27.853065,30.473951,26.160753
2049-08-18 00:00:00+00:00,27.926037,29.703604,26.734098
2049-08-19 00:00:00+00:00,27.899014,29.833248,26.407446
2049-08-20 00:00:00+00:00,28.421991,31.062897,26.430786
2049-08-21 00:00:00+00:00,28.544964,31.742542,25.754135
2049-08-22 00:00:00+00:00,29.11794,34.07219,26.127476
2049-08-23 00:00:00+00:00,29.340916,33.60184,26.50082
2049-08-24 00:00:00+00:00,28.21389,29.931484,26.724163
2049-08-25 00:00:00+00:00,27.686867,29.961132,25.797508
2049-08-26 00:00:00+00:00,27.109842,29.590782,25.72085
2049-08-27 00:00:00+00:00,28.132818,32.320427,24.494196
2049-08-28 00:00:00+00:00,28.455791,31.300076,25.76754
2049-08-29 00:00:00+00:00,28.078766,31.32972,25.790882
2049-08-30 00:00:00+00:00,27.80174,30.109367,25.914225
2049-08-31 00:00:00+00:00,28.174715,30.889011,25.487572
2049-09-01 00:00:00+00:00,27.047691,28.718662,26.110914
2049-09-02 00:00:00+00:00,26.948095,28.615992,25.763062
2049-09-03 00:00:00+00:00,26.057642,26.719215,25.624807
2049-09-04 00:00:00+00:00,27.86719,30.572441,25.086557
2049-09-05 00:00:00+00:00,28.276735,31.125664,25.848305
2049-09-06 00:00:00+00:00,27.38628,30.428888,24.360052
2049-09-07 00:00:00+00:00,28.145828,31.232117,25.671799
2049-09-08 00:00:00+00:00,29.305372,33.73534,25.733543
2049-09-09 00:00:00+00:00,28.61492,30.438562,27.195292
2049-09-10 00:00:00+00:00,26.224463,26.79179,26.057037
2049-09-11 00:00:00+00:00,26.584013,28.295017,25.718784
2049-09-12 00:00:00+00:00,27.543558,30.34824,25.830532
2049-09-13 00:00:00+00:00,28.553106,31.301464,26.192282
2049-09-14 00:00:00+00:00,29.012651,32.504692,25.904028
2049-09-15 00:00:00+00:00,28.772198,31.957916,25.315777
2049-09-16 00:00:00+00:00,28.131742,29.661139,26.627523
2049-09-17 00:00:00+00:00,28.34129,30.664366,26.739273
2049-09-18 00:00:00+00:00,28.100838,31.317589,24.901016
2049-09-19 00:00:00+00:00,28.610384,32.37081,25.262766
2049-09-20 00:00:00+00:00,28.219927,31.674034,25.174513
2049-09-21 00:00:00+00:00,28.379475,31.077263,26.186258
2049-09-22 00:00:00+00:00,29.239021,32.530483,26.048008
2049-09-23 00:00:00+00:00,28.948568,32.03372,26.309755
2049-09-24 00:00:00+00:00,29.45811,33.086937,27.2215
2049-09-25 00:00:00+00:00,30.217659,36.04016,25.533247
2049-09-26 00:00:00+00:00,29.927206,36.393387,24.844995
2049-09-27 00:00:00+00:00,29.086754,33.89661,24.006744
2049-09-28 00:00:00+00:00,29.546297,36.349834,25.06849
2049-09-29 00:00:00+00:00,29.555843,34.10306,25.530235
2049-09-30 00:00:00+00:00,29.465391,35.706284,24.191986
2049-10-01 00:00:00+00:00,27.924936,30.209509,25.803732
2049-10-02 00:00:00+00:00,28.634483,31.462734,26.215479
2049-10-03 00:00:00+00:00,29.19403,32.16596,26.977226
2049-10-04 00:00:00+00:00,29.653576,33.21918,26.788975
2049-10-05 00:00:00+00:00,29.813122,34.52241,27.050724
2049-10-06 00:00:00+00:00,27.472668,28.575634,26.762468
2049-10-07 00:00:00+00:00,27.982212,30.478857,26.324215
2049-10-08 00:00:00+00:00,29.691761,33.682083,26.635965
2049-10-09 00:00:00+00:00,31.101307,35.885307,27.997713
2049-10-10 00:00:00+00:00,31.560852,36.48853,27.309458
2049-10-11 00:00:00+00:00,30.3704,33.791763,28.421204
2049-10-12 00:00:00+00:00,31.479942,36.844982,26.782953
2049-10-13 00:00:00+00:00,32.38949,38.09821,27.644701
2049-10-14 00:00:00+00:00,29.449038,31.801437,28.056448
2049-10-15 00:00:00+00:00,30.408585,35.004654,27.718193
2049-10-16 00:00:00+00:00,30.268131,34.00788,27.87994
2049-10-17 00:00:00+00:00,31.177677,35.411106,27.041689
2049-10-18 00:00:00+00:00,31.98722,38.114334,27.153435
2049-10-19 00:00:00+00:00,30.69677,35.06756,28.015182
2049-10-20 00:00:00+00:00,30.456316,35.22078,26.57693
2049-10-21 00:00:00+00:00,30.615862,35.274006,25.73868
2049-10-22 00:00:00+00:00,31.825407,37.42723,25.650425
2049-10-23 00:00:00+00:00,33.53495,40.58046,26.962173
2049-10-24 00:00:00+00:00,32.7445,39.883682,25.873917
2049-10-25 00:00:00+00:00,33.054047,40.1869,26.085667
2049-10-26 00:00:00+00:00,34.363594,41.890133,27.147413
2049-10-27 00:00:00+00:00,35.17314,43.093353,27.359161
2049-10-28 00:00:00+00:00,33.432686,39.99658,26.870909
2049-10-29 00:00:00+00:00,32.79223,38.1998,27.532656
2049-10-30 00:00:00+00:00,33.101776,40.05303,26.894405
2049-10-31 00:00:00+00:00,31.961327,38.956253,25.256151
2049-11-01 00:00:00+00:00,33.22087,40.909473,25.8679
2049-11-02 00:00:00+00:00,32.982666,40.97349,25.428392
2049-11-03 00:00:00+00:00,33.044785,41.089046,24.738708
2049-11-04 00:00:00+00:00,32.2069,39.854607,24.299025
2049-11-05 00:00:00+00:00,30.36902,37.270157,22.709341
2049-11-06 00:00:00+00:00,30.581137,37.785717,23.619656
2049-11-07 00:00:00+00:00,30.293255,36.90127,23.47997
2049-11-08 00:00:00+00:00,30.205372,35.56683,25.640287
2049-11-09 00:00:00+00:00,31.51749,37.432384,25.250605
2049-11-10 00:00:00+00:00,29.37961,33.097942,26.060919
2049-11-11 00:00:00+00:00,31.041727,37.1135,26.021235
2049-11-12 00:00:00+00:00,31.503841,37.279053,27.031551
2049-11-13 00:00:00+00:00,31.31596,38.29461,24.19187
2049-11-14 00:00:00+00:00,31.128078,35.760166,26.402184
2049-11-15 00:00:00+00:00,31.690195,37.07572,27.3625
2049-11-16 00:00:00+00:00,29.752314,35.691277,24.222815
2049-11-17 00:00:00+00:00,28.564432,35.006832,22.48313
2049-11-18 00:00:00+00:00,28.576546,36.12239,21.293446
2049-11-19 00:00:00+00:00,29.388668,37.637947,21.353762
2049-11-20 00:00:00+00:00,30.700785,38.8535,22.164078
2049-11-21 00:00:00+00:00,31.962902,39.96906,23.724394
2049-11-22 00:00:00+00:00,33.12502,40.184616,26.684708
2049-11-23 00:00:00+00:00,32.337135,39.500168,25.095024
2049-11-24 00:00:00+00:00,32.299255,40.165726,24.45534
2049-11-25 00:00:00+00:00,31.311375,37.93128,24.615658
2049-11-26 00:00:00+00:00,30.023489,37.69684,21.575974
2049-11-27 00:00:00+00:00,29.535606,37.66239,20.986288
2049-11-28 00:00:00+00:00,29.247726,34.12795,24.246605
2049-11-29 00:00:00+00:00,30.409843,36.29351,24.25692
2049-11-30 00:00:00+00:00,31.421963,38.059063,24.417236
2049-12-01 00:00:00+00:00,30.884077,37.32462,25.227552
2049-12-02 00:00:00+00:00,28.196196,33.740173,22.137867
2049-12-03 00:00:00+00:00,27.058313,32.905735,21.698183
2049-12-04 00:00:00+00:00,25.970428,31.121286,21.5085
2049-12-05 00:00:00+00:00,26.232548,32.836838,20.418818
2049-12-06 00:00:00+00:00,25.644667,31.5024,20.679129
2049-12-07 00:00:00+00:00,25.006784,29.917955,19.439447
2049-12-08 00:00:00+00:00,24.818901,28.983513,21.699762
2049-12-09 00:00:00+00:00,23.081018,25.49907,20.360077
2049-12-10 00:00:00+00:00,23.893137,29.014626,19.570395
2049-12-11 00:00:00+00:00,21.755257,25.98018,18.080711
2049-12-12 00:00:00+00:00,21.467373,27.145733,17.941027
2049-12-13 00:00:00+00:00,22.07949,29.36129,15.50134
2049-12-14 00:00:00+00:00,23.291607,30.47685,17.311659
2049-12-15 00:00:00+00:00,23.803726,30.692402,17.921972
2049-12-16 00:00:00+00:00,23.715841,30.707958,17.58229
2049-12-17 00:00:00+00:00,23.82796,31.773514,16.942604
2049-12-18 00:00:00+00:00,25.940079,34.48907,18.45292
2049-12-19 00:00:00+00:00,28.602198,37.454628,20.413237
2049-12-20 00:00:00+00:00,30.314312,38.170185,22.773554
2049-12-21 00:00:00+00:00,30.726429,37.985737,23.13387
2049-12-22 00:00:00+00:00,29.938549,38.101295,22.394184
2049-12-23 00:00:00+00:00,30.150667,38.216854,22.5045
2049-12-24 00:00:00+00:00,29.962784,37.33241,22.514814
2049-12-25 00:00:00+00:00,31.324903,38.84796,23.62513
2049-12-26 00:00:00+00:00,29.987019,37.263523,22.885447
2049-12-27 00:00:00+00:00,27.049135,32.77908,21.895763
2049-12-28 00:00:00+00:00,25.061253,30.594631,19.85608
2049-12-29 00:00:00+00:00,25.223372,31.660187,19.166395
2049-12-30 00:00:00+00:00,25.38549,32.625744,19.176712
2049-12-31 00:00:00+00:00,27.197607,34.1413,20.137028
2050-01-01 00:00:00+00:00,26.659725,33.906857,20.897343
2050-01-02 00:00:00+00:00,25.56041,30.454128,20.398565
2050-01-03 00:00:00+00:00,22.361088,27.851406,17.299788
2050-01-04 00:00:00+00:00,20.911772,28.498682,13.90101
2050-01-05 00:00:00+00:00,22.512455,30.145954,14.75223
2050-01-06 00:00:00+00:00,23.663134,31.19323,15.953454
2050-01-07 00:00:00+00:00,25.113817,32.04051,18.804676
2050-01-08 00:00:00+00:00,27.864498,35.987778,19.555899
2050-01-09 00:00:00+00:00,27.71518,35.085056,21.25712
2050-01-10 00:00:00+00:00,27.915863,36.732327,19.25834
2050-01-11 00:00:00+00:00,28.416548,36.0796,20.409565
2050-01-12 00:00:00+00:00,29.217226,36.776875,21.810785
2050-01-13 00:00:00+00:00,27.41791,32.874153,21.86201
2050-01-14 00:00:00+00:00,27.918592,35.621426,20.56323
2050-01-15 00:00:00+00:00,27.469275,35.4187,20.314451
2050-01-16 00:00:00+00:00,29.819956,37.965973,22.965675
2050-01-17 00:00:00+00:00,29.170637,36.91325,20.866894
2050-01-18 00:00:00+00:00,30.271322,38.560528,20.56812
2050-01-19 00:00:00+00:00,31.622002,39.6078,23.26934
2050-01-20 00:00:00+00:00,30.872684,38.005077,25.82056
2050-01-21 00:00:00+00:00,29.173368,34.752346,24.071785
2050-01-22 00:00:00+00:00,30.074049,37.249622,23.023008
2050-01-23 00:00:00+00:00,29.074734,34.3469,24.724228
2050-01-24 00:00:00+00:00,28.925413,36.244175,22.57545
2050-01-25 00:00:00+00:00,28.526096,34.491447,22.976673
2050-01-26 00:00:00+00:00,27.52678,31.888721,25.027897
2050-01-27 00:00:00+00:00,26.82746,34.085995,20.429117
2050-01-28 00:00:00+00:00,28.228142,35.63327,22.230337
2050-01-29 00:00:00+00:00,28.628822,35.680546,23.481562
2050-01-30 00:00:00+00:00,30.779507,38.87782,24.082785
2050-01-31 00:00:00+00:00,29.830189,36.975098,24.084005
2050-02-01 00:00:00+00:00,30.03087,37.572372,22.835228
2050-02-02 00:00:00+00:00,29.681553,37.56964,22.63645
2050-02-03 00:00:00+00:00,29.432236,38.46692,21.13767
2050-02-04 00:00:00+00:00,30.232916,39.86419,20.988895
2050-02-05 00:00:00+00:00,31.733599,40.711464,21.990116
2050-02-06 00:00:00+00:00,31.884281,39.60874,24.141338
2050-02-07 00:00:00+00:00,30.48496,38.756016,22.49256
2050-02-08 00:00:00+00:00,30.435644,38.45329,22.84378
2050-02-09 00:00:00+00:00,30.436329,37.75057,24.045006
2050-02-10 00:00:00+00:00,30.08701,37.49784,23.146225
2050-02-11 00:00:00+00:00,29.287693,36.995113,21.247446
2050-02-12 00:00:00+00:00,29.338375,36.74239,22.348671
2050-02-13 00:00:00+00:00,29.789055,37.889664,20.849894
2050-02-14 00:00:00+00:00,31.389738,37.886936,25.551115
2050-02-15 00:00:00+00:00,30.94042,37.734215,24.752338
2050-02-16 00:00:00+00:00,29.0911,35.981487,23.00356
2050-02-17 00:00:00+00:00,29.141783,37.428764,21.654781
2050-02-18 00:00:00+00:00,29.992466,37.47604,22.956005
2050-02-19 00:00:00+00:00,30.59315,39.12331,22.757225
2050-02-20 00:00:00+00:00,31.143827,39.270584,24.108448
2050-02-21 00:00:00+00:00,31.544514,39.217865,24.409668
2050-02-22 00:00:00+00:00,31.595194,39.265137,24.610891
2050-02-23 00:00:00+00:00,31.395876,39.612408,23.912113
2050-02-24 00:00:00+00:00,31.146559,39.55969,23.563335
2050-02-25 00:00:00+00:00,31.647238,40.30696,23.064558
2050-02-26 00:00:00+00:00,32.847923,40.05423,25.81578
2050-02-27 00:00:00+00:00,32.298607,38.451508,25.267002
2050-02-28 00:00:00+00:00,30.949287,35.798782,26.118225
2050-03-01 00:00:00+00:00,31.849968,37.146057,27.319447
2050-03-02 00:00:00+00:00,29.050652,34.79333,24.37067
2050-03-03 00:00:00+00:00,28.803528,36.891956,21.273933
2050-03-04 00:00:00+00:00,29.521763,38.45001,19.741497
2050-03-05 00:00:00+00:00,29.840004,39.858055,18.50906
2050-03-06 00:00:00+00:00,32.208244,41.716114,22.926622
2050-03-07 00:00:00+00:00,34.526478,40.874165,28.244183
2050-03-08 00:00:00+00:00,31.894722,37.93222,25.961748
2050-03-09 00:00:00+00:00,30.112957,37.540276,22.97931
2050-03-10 00:00:00+00:00,30.131195,38.198322,22.346872
2050-03-11 00:00:00+00:00,31.049435,39.856377,22.864435
2050-03-12 00:00:00+00:00,31.517672,40.21443,22.931997
2050-03-13 00:00:00+00:00,32.53591,40.722485,24.549559
2050-03-14 00:00:00+00:00,32.75415,40.930534,24.817123
2050-03-15 00:00:00+00:00,32.97239,41.83859,23.684685
2050-03-16 00:00:00+00:00,32.190628,39.84664,24.30225
2050-03-17 00:00:00+00:00,32.658867,40.054695,24.86981
2050-03-18 00:00:00+00:00,32.527103,42.16275,22.037373
2050-03-19 00:00:00+00:00,33.79534,42.7708,24.454933
2050-03-20 00:00:00+00:00,34.213577,42.928852,25.7725
2050-03-21 00:00:00+00:00,34.181816,42.736908,25.19006
2050-03-22 00:00:00+00:00,32.050056,41.244957,21.807623
2050-03-23 00:00:00+00:00,32.568295,42.003014,22.175186
2050-03-24 00:00:00+00:00,33.086533,41.911064,23.042747
2050-03-25 00:00:00+00:00,34.004772,41.669117,25.91031
2050-03-26 00:00:00+00:00,33.42301,40.927174,24.927874
2050-03-27 00:00:00+00:00,33.24125,40.98522,24.545437
2050-03-28 00:00:00+00:00,30.309486,38.19328,21.313
2050-03-29 00:00:00+00:00,28.227726,37.101334,20.330563
2050-03-30 00:00:00+00:00,27.545965,35.009384,19.698124
2050-03-31 00:00:00+00:00,29.714205,38.06743,21.565687
2050-04-01 00:00:00+00:00,32.38244,40.575485,23.083248
2050-04-02 00:00:00+00:00,34.15068,42.633545,25.300812
2050-04-03 00:00:00+00:00,34.918915,43.1416,25.768373
2050-04-04 00:00:00+00:00,36.887154,45.24965,28.585936
2050-04-05 00:00:00+00:00,36.405396,44.407703,26.5535
2050-04-06 00:00:00+00:00,35.523636,42.065754,28.421062
2050-04-07 00:00:00+00:00,33.44187,41.67381,24.938625
2050-04-08 00:00:00+00:00,31.810112,40.58186,22.056187
2050-04-09 00:00:00+00:00,31.22835,39.339912,21.27375
2050-04-10 00:00:00+00:00,32.996586,41.797966,23.091312
2050-04-11 00:00:00+00:00,32.564823,41.156017,23.858873
2050-04-12 00:00:00+00:00,32.033066,39.264072,23.876436
2050-04-13 00:00:00+00:00,31.3013,39.172123,23.493998
2050-04-14 00:00:00+00:00,31.61954,39.780178,23.011562
2050-04-15 00:00:00+00:00,32.63778,40.38823,24.529123
2050-04-16 00:00:00+00:00,33.206017,42.146282,24.846687
2050-04-17 00:00:00+00:00,36.62426,44.854336,27.564249
2050-04-18 00:00:00+00:00,38.392494,46.86239,30.081812
2050-04-19 00:00:00+00:00,38.06073,44.92044,31.249374
2050-04-20 00:00:00+00:00,34.72897,42.028496,27.316938
2050-04-21 00:00:00+00:00,32.797207,39.936546,25.334501
2050-04-22 00:00:00+00:00,33.215446,42.7946,23.602062
2050-04-23 00:00:00+00:00,31.333685,40.902657,22.419626
2050-04-24 00:00:00+00:00,29.651926,36.960705,22.28719
2050-04-25 00:00:00+00:00,28.370161,34.068764,21.95475
2050-04-26 00:00:00+00:00,27.888401,34.726814,21.022314
2050-04-27 00:00:00+00:00,29.65664,38.934868,21.539877
2050-04-28 00:00:00+00:00,33.874878,42.242924,24.407438
2050-04-29 00:00:00+00:00,34.343117,42.400967,25.125
2050-04-30 00:00:00+00:00,35.96135,45.109024,25.492565
2050-05-01 00:00:00+00:00,37.52959,45.567078,27.410126
2050-05-02 00:00:00+00:00,38.34783,44.62513,30.87769
2050-05-03 00:00:00+00:00,38.058117,44.630234,30.58731
2050-05-04 00:00:00+00:00,36.544556,42.776474,30.473122
2050-05-05 00:00:00+00:00,34.531002,43.72272,26.15893
2050-05-06 00:00:00+00:00,33.817444,44.16896,24.34474
2050-05-07 00:00:00+00:00,33.60388,42.865208,24.430546
2050-05-08 00:00:00+00:00,31.990322,40.51145,24.066353
2050-05-09 00:00:00+00:00,31.076761,40.3077,22.702164
2050-05-10 00:00:00+00:00,32.463203,40.903946,24.337969
2050-05-11 00:00:00+00:00,35.049644,41.300186,27.72378
2050-05-12 00:00:00+00:00,36.136086,41.996433,29.55959
2050-05-13 00:00:00+00:00,37.272522,43.44268,30.245396
2050-05-14 00:00:00+00:00,36.558968,43.48892,28.831203
2050-05-15 00:00:00+00:00,37.3954,44.23517,29.267012
2050-05-16 00:00:00+00:00,35.181847,42.481407,27.35282
2050-05-17 00:00:00+00:00,34.368286,40.227654,28.588629
2050-05-18 00:00:00+00:00,32.504726,38.273895,25.874437
2050-05-19 00:00:00+00:00,33.241165,41.070145,24.610247
2050-05-20 00:00:00+00:00,36.677605,44.916386,27.346054
2050-05-21 00:00:00+00:00,37.214046,45.162636,28.181862
2050-05-22 00:00:00+00:00,35.65049,45.008877,26.017672
2050-05-23 00:00:00+00:00,39.536926,48.75512,30.25348
2050-05-24 00:00:00+00:00,36.32337,41.001366,31.489286
2050-05-25 00:00:00+00:00,34.85981,40.747612,28.875097
2050-05-26 00:00:00+00:00,34.496246,41.593857,27.710905
2050-05-27 00:00:00+00:00,34.782692,44.040104,25.996712
2050-05-28 00:00:00+00:00,35.31913,40.736347,28.832521
2050-05-29 00:00:00+00:00,34.905567,40.88259,28.31833
2050-05-30 00:00:00+00:00,33.69201,42.02884,26.404137
2050-05-31 00:00:00+00:00,32.578453,40.125076,24.839945
2050-06-01 00:00:00+00:00,32.664894,41.271328,24.725754
2050-06-02 00:00:00+00:00,31.451334,38.36757,25.261564
2050-06-03 00:00:00+00:00,32.38777,42.61381,23.797369
2050-06-04 00:00:00+00:00,32.07421,39.560055,24.183182
2050-06-05 00:00:00+00:00,31.110653,36.206303,26.718987
2050-06-06 00:00:00+00:00,33.247093,40.902546,25.204794
2050-06-07 00:00:00+00:00,34.133537,43.59879,25.840605
2050-06-08 00:00:00+00:00,33.61998,40.14503,26.326412
2050-06-09 00:00:00+00:00,32.106415,38.441277,25.81222
2050-06-10 00:00:00+00:00,31.742855,37.837524,25.39803
2050-06-11 00:00:00+00:00,31.3793,38.883766,23.83384
2050-06-12 00:00:00+00:00,32.865738,39.430008,26.469646
2050-06-13 00:00:00+00:00,33.552177,39.926258,26.755453
2050-06-14 00:00:00+00:00,34.588615,42.222504,28.191263
2050-06-15 00:00:00+00:00,33.475056,42.268745,25.777073
2050-06-16 00:00:00+00:00,34.861496,42.814987,27.31288
2050-06-17 00:00:00+00:00,34.79794,43.46124,27.148687
2050-06-18 00:00:00+00:00,34.034378,41.05748,27.234495
2050-06-19 00:00:00+00:00,35.070824,41.703728,28.470304
2050-06-20 00:00:00+00:00,34.757263,39.899963,29.056112
2050-06-21 00:00:00+00:00,34.093697,41.096214,26.691923
2050-06-22 00:00:00+00:00,32.93014,36.54246,29.027727
2050-06-23 00:00:00+00:00,32.06658,38.288704,27.163538
2050-06-24 00:00:00+00:00,31.40302,38.284946,24.599344
2050-06-25 00:00:00+00:00,34.289463,41.031193,27.535156
2050-06-26 00:00:00+00:00,35.975903,46.127434,27.320961
2050-06-27 00:00:00+00:00,37.31234,47.023678,26.256771
2050-06-28 00:00:00+00:00,32.948784,38.269928,28.29258
2050-06-29 00:00:00+00:00,32.635223,39.166172,27.178385
2050-06-30 00:00:00+00:00,33.621666,40.36241,27.214197
2050-07-01 00:00:00+00:00,34.508102,42.00866,27.600004
2050-07-02 00:00:00+00:00,31.744545,37.204903,27.935812
2050-07-03 00:00:00+00:00,32.37594,37.394928,27.566948
2050-07-04 00:00:00+00:00,32.048912,36.27457,28.04029
2050-07-05 00:00:00+00:00,32.921883,39.354218,27.063633
2050-07-06 00:00:00+00:00,34.14486,41.18387,27.386978
2050-07-07 00:00:00+00:00,31.667837,36.21351,27.310324
2050-07-08 00:00:00+00:00,30.04081,36.593155,26.383665
2050-07-09 00:00:00+00:00,30.813787,36.622807,24.95701
2050-07-10 00:00:00+00:00,33.536762,40.20245,27.580353
2050-07-11 00:00:00+00:00,31.659737,35.232105,27.3037
2050-07-12 00:00:00+00:00,31.432713,37.111748,26.62704
2050-07-13 00:00:00+00:00,29.85569,34.791393,27.150385
2050-07-14 00:00:00+00:00,31.028664,37.12104,25.62373
2050-07-15 00:00:00+00:00,31.101637,35.10069,26.547071
2050-07-16 00:00:00+00:00,30.674614,34.580338,27.17042
2050-07-17 00:00:00+00:00,30.34759,35.05998,26.34376
2050-07-18 00:00:00+00:00,31.420565,36.83963,26.667105
2050-07-19 00:00:00+00:00,32.243538,38.119278,26.890448
2050-07-20 00:00:00+00:00,32.316517,39.098923,26.763794
2050-07-21 00:00:00+00:00,30.23949,35.578575,26.037138
2050-07-22 00:00:00+00:00,29.512465,35.55822,24.01048
2050-07-23 00:00:00+00:00,30.335442,36.98787,23.983824
2050-07-24 00:00:00+00:00,29.808414,32.467514,26.157166
2050-07-25 00:00:00+00:00,31.131392,36.19716,25.930513
2050-07-26 00:00:00+00:00,31.754368,38.626804,25.853857
2050-07-27 00:00:00+00:00,31.32734,36.456455,25.977198
2050-07-28 00:00:00+00:00,31.450317,36.9361,26.800543
2050-07-29 00:00:00+00:00,30.973293,34.41575,27.423885
2050-07-30 00:00:00+00:00,29.646267,33.345398,26.547232
2050-07-31 00:00:00+00:00,27.41924,28.925041,25.970573
2050-08-01 00:00:00+00:00,27.94222,30.454689,25.593916
2050-08-02 00:00:00+00:00,28.065193,31.33434,25.81726
2050-08-03 00:00:00+00:00,29.088167,33.96398,24.490604
2050-08-04 00:00:00+00:00,29.811142,35.393627,25.963947
2050-08-05 00:00:00+00:00,29.834118,33.873272,25.087296
2050-08-06 00:00:00+00:00,30.107096,36.202927,25.060638
2050-08-07 00:00:00+00:00,30.880072,36.882572,25.833982
2050-08-08 00:00:00+00:00,29.503042,34.362217,24.907326
2050-08-09 00:00:00+00:00,29.776018,34.39187,25.180668
2050-08-10 00:00:00+00:00,28.348991,30.671513,26.704012
2050-08-11 00:00:00+00:00,28.37197,31.45116,25.877356
2050-08-12 00:00:00+00:00,30.194946,35.530807,25.2507
2050-08-13 00:00:00+00:00,29.71792,34.960453,25.074047
2050-08-14 00:00:00+00:00,29.890896,35.6901,25.997387
2050-08-15 00:00:00+00:00,29.413868,33.519753,26.520733
2050-08-16 00:00:00+00:00,29.336843,32.89939,25.294075
2050-08-17 00:00:00+00:00,29.05982,32.179043,25.867418
2050-08-18 00:00:00+00:00,29.382793,34.55869,24.440763
2050-08-19 00:00:00+00:00,28.405771,32.23834,25.014107
2050-08-20 00:00:00+00:00,28.078747,31.117985,25.837452
2050-08-21 00:00:00+00:00,27.10172,29.397635,25.460796
2050-08-22 00:00:00+00:00,28.824696,32.67728,25.284138
2050-08-23 00:00:00+00:00,29.747671,35.256924,25.407484
2050-08-24 00:00:00+00:00,28.370647,32.78657,24.930828
2050-08-25 00:00:00+00:00,28.69362,32.516216,25.70417
2050-08-26 00:00:00+00:00,27.966597,29.99587,26.327515
2050-08-27 00:00:00+00:00,27.839573,31.425514,24.850859
2050-08-28 00:00:00+00:00,28.262547,31.755161,25.274204
2050-08-29 00:00:00+00:00,28.735523,33.584805,25.697548
2050-08-30 00:00:00+00:00,28.708498,31.864456,26.220892
2050-08-31 00:00:00+00:00,28.331472,32.944103,24.744234
2050-09-01 00:00:00+00:00,28.404448,31.423752,25.717577
2050-09-02 00:00:00+00:00,28.04571,31.865181,24.810122
2050-09-03 00:00:00+00:00,29.355257,33.16841,25.97187
2050-09-04 00:00:00+00:00,29.614801,32.771633,26.083618
2050-09-05 00:00:00+00:00,29.224348,32.324856,26.545364
2050-09-06 00:00:00+00:00,27.933895,31.828083,25.757113
2050-09-07 00:00:00+00:00,27.84344,31.731308,25.71886
2050-09-08 00:00:00+00:00,27.152987,29.734535,24.730608
2050-09-09 00:00:00+00:00,29.112532,33.98776,24.992355
2050-09-10 00:00:00+00:00,28.772081,32.540985,25.554104
2050-09-11 00:00:00+00:00,28.681625,30.894207,26.515848
2050-09-12 00:00:00+00:00,29.591171,33.197433,27.077599
2050-09-13 00:00:00+00:00,31.700716,37.95066,26.239344
2050-09-14 00:00:00+00:00,33.010265,39.80388,27.15109
2050-09-15 00:00:00+00:00,31.119812,34.00711,28.56284
2050-09-16 00:00:00+00:00,30.329357,36.310333,25.674585
2050-09-17 00:00:00+00:00,30.038902,33.613556,26.836334
2050-09-18 00:00:00+00:00,29.09845,31.76678,26.94808
2050-09-19 00:00:00+00:00,29.057993,31.470009,26.95983
2050-09-20 00:00:00+00:00,30.517542,36.52323,25.621576
2050-09-21 00:00:00+00:00,30.827085,34.576454,27.033323
2050-09-22 00:00:00+00:00,30.736635,35.82968,26.295069
2050-09-23 00:00:00+00:00,31.346182,38.432903,25.256817
2050-09-24 00:00:00+00:00,32.005726,39.28613,25.368563
2050-09-25 00:00:00+00:00,32.615273,39.639355,26.780312
2050-09-26 00:00:00+00:00,32.824814,40.09258,26.392061
2050-09-27 00:00:00+00:00,32.334366,40.045807,25.903807
2050-09-28 00:00:00+00:00,30.793911,36.54903,25.765553
2050-09-29 00:00:00+00:00,29.753456,34.652252,25.927301
2050-09-30 00:00:00+00:00,28.413004,31.705475,25.789047
2050-10-01 00:00:00+00:00,31.82255,40.508705,26.100796
2050-10-02 00:00:00+00:00,33.332096,40.81193,26.212542
2050-10-03 00:00:00+00:00,32.89164,38.515152,27.974289
2050-10-04 00:00:00+00:00,30.851187,35.968376,26.336039
2050-10-05 00:00:00+00:00,30.410736,35.771606,26.197784
2050-10-06 00:00:00+00:00,31.220282,37.924828,27.209532
2050-10-07 00:00:00+00:00,31.879827,38.078053,26.97128
2050-10-08 00:00:00+00:00,34.33938,42.581276,27.333027
2050-10-09 00:00:00+00:00,33.098923,42.384502,23.344774
2050-10-10 00:00:00+00:00,31.208467,38.487724,25.20652
2050-10-11 00:00:00+00:00,32.91801,40.390953,25.818268
2050-10-12 00:00:00+00:00,33.477554,41.894176,26.130016
2050-10-13 00:00:00+00:00,32.03711,40.347397,25.891764
2050-10-14 00:00:00+00:00,30.446651,33.450626,27.20351
2050-10-15 00:00:00+00:00,30.706196,36.75385,25.865257
2050-10-16 00:00:00+00:00,31.965742,38.107075,26.377005
2050-10-17 00:00:00+00:00,33.47529,41.060303,24.98875
2050-10-18 00:00:00+00:00,33.284836,40.613525,25.300499
2050-10-19 00:00:00+00:00,34.24438,41.416748,26.912249
2050-10-20 00:00:00+00:00,34.703926,41.419975,27.223997
2050-10-21 00:00:00+00:00,34.513474,41.723198,26.33574
2050-10-22 00:00:00+00:00,32.92302,41.826424,22.347486
2050-10-23 00:00:00+00:00,32.03257,42.07965,20.409237
2050-10-24 00:00:00+00:00,32.34211,39.832874,25.720984
2050-10-25 00:00:00+00:00,33.601658,41.036095,26.182732
2050-10-26 00:00:00+00:00,31.461208,35.28932,27.644478
2050-10-27 00:00:00+00:00,31.420752,37.442547,26.406223
2050-10-28 00:00:00+00:00,31.730299,38.84577,26.317972
2050-10-29 00:00:00+00:00,33.689846,40.748997,27.12972
2050-10-30 00:00:00+00:00,33.199394,41.20222,25.491467
2050-10-31 00:00:00+00:00,32.558937,39.15545,25.353212
2050-11-01 00:00:00+00:00,31.968485,36.65867,26.864962
2050-11-02 00:00:00+00:00,31.079638,35.919605,26.975813
2050-11-03 00:00:00+00:00,32.741756,39.685158,25.68613
2050-11-04 00:00:00+00:00,32.353874,38.90072,26.296446
2050-11-05 00:00:00+00:00,31.96599,41.416275,22.00676
2050-11-06 00:00:00+00:00,32.428104,41.531822,23.41708
2050-11-07 00:00:00+00:00,32.990223,41.297382,23.877396
2050-11-08 00:00:00+00:00,33.602345,41.462944,25.03771
2050-11-09 00:00:00+00:00,33.36446,41.178493,24.148026
2050-11-10 00:00:00+00:00,32.12658,39.84405,23.708342
2050-11-11 00:00:00+00:00,30.988697,36.50961,25.818657
2050-11-12 00:00:00+00:00,32.05081,39.025166,26.278973
2050-11-13 00:00:00+00:00,32.412933,39.09072,25.339289
2050-11-14 00:00:00+00:00,32.22505,39.906277,24.549603
2050-11-15 00:00:00+00:00,31.037167,36.671833,24.75992
2050-11-16 00:00:00+00:00,32.399284,39.48739,25.270237
2050-11-17 00:00:00+00:00,31.911404,39.552944,24.030552
2050-11-18 00:00:00+00:00,31.47352,38.218502,24.890865
2050-11-19 00:00:00+00:00,30.63564,38.23406,23.101183
2050-11-20 00:00:00+00:00,29.347754,38.94961,19.011497
2050-11-21 00:00:00+00:00,31.459871,39.965168,22.221815
2050-11-22 00:00:00+00:00,31.371988,40.43073,22.48213
2050-11-23 00:00:00+00:00,31.834106,40.64628,22.292446
2050-11-24 00:00:00+00:00,31.196226,40.761837,20.70276
2050-11-25 00:00:00+00:00,32.258347,39.87739,24.36308
2050-11-26 00:00:00+00:00,31.37046,39.39295,23.273396
2050-11-27 00:00:00+00:00,32.18258,39.608505,23.98371
2050-11-28 00:00:00+00:00,33.594696,40.22406,26.544025
2050-11-29 00:00:00+00:00,32.556816,40.08962,24.95434
2050-11-30 00:00:00+00:00,31.01893,39.00517,22.66466
2050-12-01 00:00:00+00:00,31.13105,38.87073,22.574972
2050-12-02 00:00:00+00:00,31.243164,38.78628,23.33529
2050-12-03 00:00:00+00:00,30.205284,37.801838,23.145603
2050-12-04 00:00:00+00:00,29.5174,37.2174,22.35592
2050-12-05 00:00:00+00:00,29.62952,36.78295,22.616238
2050-12-06 00:00:00+00:00,28.841639,37.148506,19.92655
2050-12-07 00:00:00+00:00,29.153755,38.114063,20.086868
2050-12-08 00:00:00+00:00,30.715874,38.279625,23.147184
2050-12-09 00:00:00+00:00,30.37799,36.49518,24.6075
2050-12-10 00:00:00+00:00,29.740108,37.26073,22.917814
2050-12-11 00:00:00+00:00,29.202223,37.37629,21.478132
2050-12-12 00:00:00+00:00,28.464342,36.141846,21.288448
2050-12-13 00:00:00+00:00,28.67646,35.957397,22.348763
2050-12-14 00:00:00+00:00,29.18858,37.37296,21.35908
2050-12-15 00:00:00+00:00,29.450695,36.238518,23.219395
2050-12-16 00:00:00+00:00,27.962812,35.75407,20.87971
2050-12-17 00:00:00+00:00,27.67493,35.669624,20.490026
2050-12-18 00:00:00+00:00,28.18705,35.685184,21.350344
2050-12-19 00:00:00+00:00,27.699165,35.500736,20.010656
2050-12-20 00:00:00+00:00,28.261284,35.916294,20.770973
2050-12-21 00:00:00+00:00,28.1734,35.531853,21.23129
2050-12-22 00:00:00+00:00,27.38552,34.897408,20.491604
2050-12-23 00:00:00+00:00,27.347635,34.462967,20.75192
2050-12-24 00:00:00+00:00,26.409756,33.22852,19.712236
2050-12-25 00:00:00+00:00,25.77187,32.494076,19.872553
2050-12-26 00:00:00+00:00,25.43399,32.60963,19.082869
2050-12-27 00:00:00+00:00,25.44611,32.375187,18.993183
2050-12-28 00:00:00+00:00,25.308226,32.940742,17.9535
2050-12-29 00:00:00+00:00,25.320341,32.6063,18.363817
2050-12-30 00:00:00+00:00,26.282461,33.621853,19.72413
2050-12-31 00:00:00+00:00,27.894579,34.637413,20.084444
