date,temperature_2m_mean,temperature_2m_max,temperature_2m_min
2025-01-01 00:00:00+00:00,27.341616,34.28914,20.800966
2025-01-02 00:00:00+00:00,26.289486,33.789337,19.295092
2025-01-03 00:00:00+00:00,25.937351,33.139538,18.989223
2025-01-04 00:00:00+00:00,25.43522,33.139736,18.18335
2025-01-05 00:00:00+00:00,24.283087,31.489931,17.377481
2025-01-06 00:00:00+00:00,23.630957,30.740126,16.87161
2025-01-07 00:00:00+00:00,22.178825,28.590324,16.16574
2025-01-08 00:00:00+00:00,20.076693,25.640522,14.159867
2025-01-09 00:00:00+00:00,21.32456,28.29072,14.203994
2025-01-10 00:00:00+00:00,22.72243,29.540915,15.948127
2025-01-11 00:00:00+00:00,24.020298,31.041117,17.292255
2025-01-12 00:00:00+00:00,24.418165,31.69131,18.286386
2025-01-13 00:00:00+00:00,23.316034,30.291506,17.330513
2025-01-14 00:00:00+00:00,22.2639,30.641705,14.42464
2025-01-15 00:00:00+00:00,22.66177,30.991903,14.5687685
2025-01-16 00:00:00+00:00,23.309637,31.142101,15.7629
2025-01-17 00:00:00+00:00,25.007505,33.5923,17.007029
2025-01-18 00:00:00+00:00,26.855373,35.392494,19.051155
2025-01-19 00:00:00+00:00,26.653242,34.192696,19.795288
2025-01-20 00:00:00+00:00,26.351109,33.54289,19.239414
2025-01-21 00:00:00+00:00,25.598974,32.643085,18.733545
2025-01-22 00:00:00+00:00,26.696846,34.843285,18.977673
2025-01-23 00:00:00+00:00,28.144714,36.643486,19.971802
2025-01-24 00:00:00+00:00,28.142582,35.89368,20.66593
2025-01-25 00:00:00+00:00,27.840448,35.093876,20.910059
2025-01-26 00:00:00+00:00,25.538319,32.044075,19.404188
2025-01-27 00:00:00+00:00,22.786184,29.994268,15.648316
2025-01-28 00:00:00+00:00,23.334055,30.844467,15.992444
2025-01-29 00:00:00+00:00,24.33192,32.044666,16.836575
2025-01-30 00:00:00+00:00,25.379791,33.444862,17.730703
2025-01-31 00:00:00+00:00,26.47766,34.895065,18.324833
2025-02-01 00:00:00+00:00,27.525528,35.945255,19.568962
2025-02-02 00:00:00+00:00,27.673395,35.845455,20.363092
2025-02-03 00:00:00+00:00,26.971264,34.645653,19.907219
2025-02-04 00:00:00+00:00,26.469131,34.59585,19.051348
2025-02-05 00:00:00+00:00,27.566998,36.346046,19.445478
2025-02-06 00:00:00+00:00,28.064867,36.596245,19.839605
2025-02-07 00:00:00+00:00,28.162735,37.296444,19.933735
2025-02-08 00:00:00+00:00,28.360603,36.396637,20.727863
2025-02-09 00:00:00+00:00,28.108473,35.746834,20.72199
2025-02-10 00:00:00+00:00,27.75634,36.047035,19.666122
2025-02-11 00:00:00+00:00,28.35421,37.097233,19.71025
2025-02-12 00:00:00+00:00,29.252075,37.897427,21.00438
2025-02-13 00:00:00+00:00,29.099943,36.547623,22.04851
2025-02-14 00:00:00+00:00,28.047812,35.447823,21.092638
2025-02-15 00:00:00+00:00,28.24568,36.298023,20.736769
2025-02-16 00:00:00+00:00,28.293547,36.198215,20.880898
2025-02-17 00:00:00+00:00,28.791414,37.34842,20.825026
2025-02-18 00:00:00+00:00,29.089285,37.348614,21.619154
2025-02-19 00:00:00+00:00,29.08715,37.39881,21.41328
2025-02-20 00:00:00+00:00,28.83502,37.099007,21.20741
2025-02-21 00:00:00+00:00,29.032887,37.399204,21.001537
2025-02-22 00:00:00+00:00,29.330757,38.049404,21.695671
2025-02-23 00:00:00+00:00,29.128624,37.8996,21.289799
2025-02-24 00:00:00+00:00,29.326492,38.0498,20.783928
2025-02-25 00:00:00+00:00,29.574362,38.349995,21.278057
2025-02-26 00:00:00+00:00,30.922228,39.95019,22.272184
2025-02-27 00:00:00+00:00,31.670094,40.450386,23.166311
2025-02-28 00:00:00+00:00,30.867964,38.900585,21.810444
2025-03-01 00:00:00+00:00,30.265833,38.700783,21.904572
2025-03-02 00:00:00+00:00,29.6637,37.300983,22.198702
2025-03-03 00:00:00+00:00,29.764507,37.803967,21.645208
2025-03-04 00:00:00+00:00,30.170214,38.611576,21.84568
2025-03-05 00:00:00+00:00,30.575922,38.569202,22.746155
2025-03-06 00:00:00+00:00,30.18163,38.176823,22.24663
2025-03-07 00:00:00+00:00,29.587337,38.03444,21.2971
2025-03-08 00:00:00+00:00,30.393044,39.64206,21.297575
2025-03-09 00:00:00+00:00,31.598751,40.89968,22.748047
2025-03-10 00:00:00+00:00,32.30446,40.90729,23.748522
2025-03-11 00:00:00+00:00,32.260162,40.464916,24.098993
2025-03-12 00:00:00+00:00,31.765871,39.872536,23.599466
2025-03-13 00:00:00+00:00,31.171581,39.230156,23.149942
2025-03-14 00:00:00+00:00,31.077288,39.837772,22.550413
2025-03-15 00:00:00+00:00,31.332996,39.99539,22.400888
2025-03-16 00:00:00+00:00,30.588701,38.203014,23.00136
2025-03-17 00:00:00+00:00,30.14441,38.26063,22.251833
2025-03-18 00:00:00+00:00,30.750114,39.068253,22.602304
2025-03-19 00:00:00+00:00,31.255821,39.82587,22.752779
2025-03-20 00:00:00+00:00,31.261528,39.383488,22.853252
2025-03-21 00:00:00+00:00,30.567234,38.44111,22.953724
2025-03-22 00:00:00+00:00,30.222944,38.748734,21.604198
2025-03-23 00:00:00+00:00,30.97865,39.656345,22.404673
2025-03-24 00:00:00+00:00,31.384357,40.16397,22.205145
2025-03-25 00:00:00+00:00,31.340061,39.921585,22.405619
2025-03-26 00:00:00+00:00,31.395775,39.77921,22.85609
2025-03-27 00:00:00+00:00,32.35148,41.136826,23.706564
2025-03-28 00:00:00+00:00,32.357185,40.094444,24.30704
2025-03-29 00:00:00+00:00,31.712894,39.652065,23.557512
2025-03-30 00:00:00+00:00,31.718601,39.759686,23.457983
2025-03-31 00:00:00+00:00,31.524305,39.967304,22.658457
2025-04-01 00:00:00+00:00,31.330015,39.924923,22.30893
2025-04-02 00:00:00+00:00,31.735722,40.73254,22.259403
2025-04-03 00:00:00+00:00,32.391426,41.39016,23.359875
2025-04-04 00:00:00+00:00,32.99714,41.74778,23.81035
2025-04-05 00:00:00+00:00,33.502846,41.9554,24.910826
2025-04-06 00:00:00+00:00,35.35855,43.813023,26.7613
2025-04-07 00:00:00+00:00,34.71426,42.67064,26.36177
2025-04-08 00:00:00+00:00,32.019966,40.02826,23.762245
2025-04-09 00:00:00+00:00,32.025673,40.18588,23.412718
2025-04-10 00:00:00+00:00,33.031376,41.393497,24.01319
2025-04-11 00:00:00+00:00,32.387085,39.851116,24.613663
2025-04-12 00:00:00+00:00,32.592796,40.658737,24.364138
2025-04-13 00:00:00+00:00,32.2485,39.316353,24.66461
2025-04-14 00:00:00+00:00,31.554207,39.023975,23.615082
2025-04-15 00:00:00+00:00,31.659916,39.681595,22.915556
2025-04-16 00:00:00+00:00,31.315622,38.739212,22.866028
2025-04-17 00:00:00+00:00,30.721329,38.34683,22.6165
2025-04-18 00:00:00+00:00,30.327036,37.904457,21.716974
2025-04-19 00:00:00+00:00,29.782745,37.512074,21.56745
2025-04-20 00:00:00+00:00,27.988447,35.469692,19.817923
2025-04-21 00:00:00+00:00,28.194159,35.97731,19.868395
2025-04-22 00:00:00+00:00,29.199863,36.934933,20.468868
2025-04-23 00:00:00+00:00,31.655571,39.54255,23.219341
2025-04-24 00:00:00+00:00,33.011276,40.850166,25.169815
2025-04-25 00:00:00+00:00,34.11699,42.307793,25.920288
2025-04-26 00:00:00+00:00,35.122696,43.01541,26.770763
2025-04-27 00:00:00+00:00,35.7284,43.673023,26.971231
2025-04-28 00:00:00+00:00,35.584106,43.080647,27.67171
2025-04-29 00:00:00+00:00,34.739815,42.33826,27.722181
2025-04-30 00:00:00+00:00,32.89552,41.14588,24.672653
2025-05-01 00:00:00+00:00,32.90123,42.003506,23.373129
2025-05-02 00:00:00+00:00,35.306934,44.16112,25.9736
2025-05-03 00:00:00+00:00,34.862682,41.858788,27.539427
2025-05-04 00:00:00+00:00,33.26846,40.9965,25.420603
2025-05-05 00:00:00+00:00,32.574234,40.4342,23.101778
2025-05-06 00:00:00+00:00,32.830017,40.771904,24.782957
2025-05-07 00:00:00+00:00,30.685799,38.059612,22.96413
2025-05-08 00:00:00+00:00,31.741573,38.79732,24.295305
2025-05-09 00:00:00+00:00,32.947357,40.735035,24.426483
2025-05-10 00:00:00+00:00,33.00313,40.872738,24.807661
2025-05-11 00:00:00+00:00,32.908913,40.160442,24.838835
2025-05-12 00:00:00+00:00,35.56469,44.19815,26.320015
2025-05-13 00:00:00+00:00,37.070473,44.78586,28.951189
2025-05-14 00:00:00+00:00,34.026253,41.423565,25.282368
2025-05-15 00:00:00+00:00,33.23203,40.011272,24.613543
2025-05-16 00:00:00+00:00,34.28781,41.098984,26.644716
2025-05-17 00:00:00+00:00,34.793587,41.286682,26.825893
2025-05-18 00:00:00+00:00,35.64937,42.224392,29.607069
2025-05-19 00:00:00+00:00,35.75515,42.312103,28.988249
2025-05-20 00:00:00+00:00,35.56093,41.94981,28.319426
2025-05-21 00:00:00+00:00,34.26671,41.18751,26.850601
2025-05-22 00:00:00+00:00,33.22249,40.87522,24.931778
2025-05-23 00:00:00+00:00,33.078266,40.56293,25.112955
2025-05-24 00:00:00+00:00,32.28405,39.40064,24.794128
2025-05-25 00:00:00+00:00,32.889824,40.93834,24.575306
2025-05-26 00:00:00+00:00,36.945606,45.72605,27.556482
2025-05-27 00:00:00+00:00,37.451385,42.563755,32.587658
2025-05-28 00:00:00+00:00,32.45716,38.151466,26.268835
2025-05-29 00:00:00+00:00,34.362946,41.78917,26.450012
2025-05-30 00:00:00+00:00,34.21872,41.076878,26.48119
2025-05-31 00:00:00+00:00,35.124504,42.114582,27.262363
2025-06-01 00:00:00+00:00,36.28028,43.902298,28.24354
2025-06-02 00:00:00+00:00,36.436058,43.489998,28.674717
2025-06-03 00:00:00+00:00,35.69184,40.827705,29.455896
2025-06-04 00:00:00+00:00,29.59762,36.81541,23.287071
2025-06-05 00:00:00+00:00,32.4534,39.003124,26.018246
2025-06-06 00:00:00+00:00,35.65918,43.740826,27.799423
2025-06-07 00:00:00+00:00,34.86496,41.078537,27.480597
2025-06-08 00:00:00+00:00,35.67074,42.41624,28.261776
2025-06-09 00:00:00+00:00,35.276516,42.853954,26.99295
2025-06-10 00:00:00+00:00,36.3323,43.741653,28.67413
2025-06-11 00:00:00+00:00,34.438076,40.179363,28.655304
2025-06-12 00:00:00+00:00,34.343857,38.81707,29.286484
2025-06-13 00:00:00+00:00,32.849636,39.604782,26.767656
2025-06-14 00:00:00+00:00,32.305412,39.242485,25.398834
2025-06-15 00:00:00+00:00,33.211193,39.43019,26.580011
2025-06-16 00:00:00+00:00,31.416973,36.317898,26.111187
2025-06-17 00:00:00+00:00,31.572748,37.805607,25.842363
2025-06-18 00:00:00+00:00,32.67853,39.743313,25.72354
2025-06-19 00:00:00+00:00,32.28431,38.08102,26.654718
2025-06-20 00:00:00+00:00,32.54009,39.318726,25.335894
2025-06-21 00:00:00+00:00,33.145866,38.45644,27.917068
2025-06-22 00:00:00+00:00,33.201653,39.144142,27.598248
2025-06-23 00:00:00+00:00,32.15743,38.63185,25.679422
2025-06-24 00:00:00+00:00,30.963207,37.719555,24.110598
2025-06-25 00:00:00+00:00,32.06899,37.507263,25.491774
2025-06-26 00:00:00+00:00,33.674767,39.59497,26.122952
2025-06-27 00:00:00+00:00,34.880543,41.732677,27.904125
2025-06-28 00:00:00+00:00,33.036324,39.32039,26.135303
2025-06-29 00:00:00+00:00,33.69211,38.758095,28.066483
2025-06-30 00:00:00+00:00,26.147884,33.495796,21.297655
2025-07-01 00:00:00+00:00,28.603662,35.933506,22.328833
2025-07-02 00:00:00+00:00,30.409443,36.07122,24.960009
2025-07-03 00:00:00+00:00,30.060743,35.16099,24.726282
2025-07-04 00:00:00+00:00,31.459358,36.252007,26.283617
2025-07-05 00:00:00+00:00,31.50797,36.743027,25.740952
2025-07-06 00:00:00+00:00,31.756584,36.63404,26.348282
2025-07-07 00:00:00+00:00,25.605196,30.175058,21.805616
2025-07-08 00:00:00+00:00,28.50381,34.26608,23.262949
2025-07-09 00:00:00+00:00,30.402424,37.957096,23.270283
2025-07-10 00:00:00+00:00,28.951036,33.84811,24.427616
2025-07-11 00:00:00+00:00,27.09965,32.68913,23.28495
2025-07-12 00:00:00+00:00,28.798265,34.230145,23.242283
2025-07-13 00:00:00+00:00,31.696878,38.321163,25.149614
2025-07-14 00:00:00+00:00,30.645493,37.31218,25.106947
2025-07-15 00:00:00+00:00,29.594105,35.203197,21.714281
2025-07-16 00:00:00+00:00,23.342716,26.894213,20.321615
2025-07-17 00:00:00+00:00,25.241333,29.485233,22.378948
2025-07-18 00:00:00+00:00,26.389946,32.32625,22.386278
2025-07-19 00:00:00+00:00,26.188557,31.11727,22.943617
2025-07-20 00:00:00+00:00,25.237171,28.658283,23.150948
2025-07-21 00:00:00+00:00,24.335785,25.999302,23.25828
2025-07-22 00:00:00+00:00,24.984398,29.340319,23.215612
2025-07-23 00:00:00+00:00,24.333014,26.781336,22.822948
2025-07-24 00:00:00+00:00,27.781624,33.52235,23.080282
2025-07-25 00:00:00+00:00,26.630238,30.313372,24.237614
2025-07-26 00:00:00+00:00,29.078854,35.954384,23.744946
2025-07-27 00:00:00+00:00,29.327465,35.195408,23.702278
2025-07-28 00:00:00+00:00,29.626078,35.736423,23.859612
2025-07-29 00:00:00+00:00,29.174694,35.17744,24.566944
2025-07-30 00:00:00+00:00,24.123304,26.368458,21.92428
2025-07-31 00:00:00+00:00,23.72192,26.809475,21.731613
2025-08-01 00:00:00+00:00,23.720533,26.75049,21.738945
2025-08-02 00:00:00+00:00,26.169147,31.791508,22.19628
2025-08-03 00:00:00+00:00,27.31776,33.632523,22.103613
2025-08-04 00:00:00+00:00,26.766376,32.123543,22.960945
2025-08-05 00:00:00+00:00,27.764986,33.31456,23.168278
2025-08-06 00:00:00+00:00,28.563602,33.855576,23.675611
2025-08-07 00:00:00+00:00,24.612215,27.9466,23.132944
2025-08-08 00:00:00+00:00,22.960829,24.487614,21.940277
2025-08-09 00:00:00+00:00,23.109442,25.328629,21.747608
2025-08-10 00:00:00+00:00,23.358057,25.969646,22.154943
2025-08-11 00:00:00+00:00,24.156668,26.760666,21.362276
2025-08-12 00:00:00+00:00,25.805283,30.051678,23.819609
2025-08-13 00:00:00+00:00,25.703897,31.142702,22.826944
2025-08-14 00:00:00+00:00,26.052507,32.433716,21.734276
2025-08-15 00:00:00+00:00,27.351126,33.424736,23.441608
2025-08-16 00:00:00+00:00,28.399734,33.61575,24.248943
2025-08-17 00:00:00+00:00,26.49835,30.906769,24.006275
2025-08-18 00:00:00+00:00,25.296959,29.297789,22.763609
2025-08-19 00:00:00+00:00,26.745577,31.888805,24.070942
2025-08-20 00:00:00+00:00,26.84419,31.07982,23.328274
2025-08-21 00:00:00+00:00,25.242802,29.220837,23.235611
2025-08-22 00:00:00+00:00,26.041416,30.261854,21.99294
2025-08-23 00:00:00+00:00,27.940031,34.102875,24.100273
2025-08-24 00:00:00+00:00,29.738644,35.49389,24.80761
2025-08-25 00:00:00+00:00,27.68726,32.434906,24.81494
2025-08-26 00:00:00+00:00,23.88587,26.475927,21.022272
2025-08-27 00:00:00+00:00,26.334488,30.916939,23.129608
2025-08-28 00:00:00+00:00,25.533096,29.70796,23.186941
2025-08-29 00:00:00+00:00,26.73171,31.798977,23.044271
2025-08-30 00:00:00+00:00,28.730324,34.589993,24.801603
2025-08-31 00:00:00+00:00,28.878937,34.48101,24.30894
2025-09-01 00:00:00+00:00,29.077553,33.67203,25.066273
2025-09-02 00:00:00+00:00,28.178026,31.634335,24.800928
2025-09-03 00:00:00+00:00,25.12912,27.553745,23.328024
2025-09-04 00:00:00+00:00,26.880215,30.773142,24.405119
2025-09-05 00:00:00+00:00,27.831306,32.092552,23.782219
2025-09-06 00:00:00+00:00,27.332401,31.011957,24.759314
2025-09-07 00:00:00+00:00,27.183495,31.031359,23.78641
2025-09-08 00:00:00+00:00,26.534586,29.800764,23.713501
2025-09-09 00:00:00+00:00,27.235683,31.070166,24.590601
2025-09-10 00:00:00+00:00,25.436775,30.73957,21.667696
2025-09-11 00:00:00+00:00,26.48787,30.958977,22.39479
2025-09-12 00:00:00+00:00,26.388964,29.828384,23.071886
2025-09-13 00:00:00+00:00,27.190058,31.397785,23.448984
2025-09-14 00:00:00+00:00,25.94115,28.267193,24.02608
2025-09-15 00:00:00+00:00,25.792244,28.886597,23.853174
2025-09-16 00:00:00+00:00,25.893337,29.755999,22.630272
2025-09-17 00:00:00+00:00,26.39443,30.375404,22.25737
2025-09-18 00:00:00+00:00,27.295525,30.99481,23.684462
2025-09-19 00:00:00+00:00,27.04662,30.264215,24.011559
2025-09-20 00:00:00+00:00,26.847712,30.28362,22.638657
2025-09-21 00:00:00+00:00,25.748806,28.853022,23.465752
2025-09-22 00:00:00+00:00,27.349901,32.222427,23.292849
2025-09-23 00:00:00+00:00,27.950996,32.341835,24.269945
2025-09-24 00:00:00+00:00,28.202087,32.26124,24.597038
2025-09-25 00:00:00+00:00,28.30318,31.930645,25.074135
2025-09-26 00:00:00+00:00,27.004274,30.65005,22.35123
2025-09-27 00:00:00+00:00,24.255371,26.66945,22.328327
2025-09-28 00:00:00+00:00,23.606462,28.438852,20.605423
2025-09-29 00:00:00+00:00,24.507555,29.858261,20.332516
2025-09-30 00:00:00+00:00,26.05865,31.577667,19.459618
2025-10-01 00:00:00+00:00,28.159742,34.397068,22.98671
2025-10-02 00:00:00+00:00,28.410837,34.466473,22.963806
2025-10-03 00:00:00+00:00,28.611933,33.68588,23.690905
2025-10-04 00:00:00+00:00,27.563025,32.605286,22.767998
2025-10-05 00:00:00+00:00,28.76412,34.72469,23.645096
2025-10-06 00:00:00+00:00,29.015213,34.34409,23.572191
2025-10-07 00:00:00+00:00,29.016306,34.113495,23.999285
2025-10-08 00:00:00+00:00,27.617401,31.832905,22.976385
2025-10-09 00:00:00+00:00,28.818493,34.052307,23.203478
2025-10-10 00:00:00+00:00,29.46959,34.121708,25.630575
2025-10-11 00:00:00+00:00,28.47068,33.79112,23.857672
2025-10-12 00:00:00+00:00,28.171774,33.260525,23.134766
2025-10-13 00:00:00+00:00,27.422867,31.229921,23.811863
2025-10-14 00:00:00+00:00,27.623962,32.64933,23.038958
2025-10-15 00:00:00+00:00,28.225058,33.518734,23.966053
2025-10-16 00:00:00+00:00,28.476152,33.688137,23.29315
2025-10-17 00:00:00+00:00,28.427244,33.207542,23.420246
2025-10-18 00:00:00+00:00,28.578337,33.576946,24.497341
2025-10-19 00:00:00+00:00,28.929432,34.246353,23.824436
2025-10-20 00:00:00+00:00,29.980526,35.76576,24.901535
2025-10-21 00:00:00+00:00,29.98162,35.98516,24.628632
2025-10-22 00:00:00+00:00,29.632713,35.204567,23.955727
2025-10-23 00:00:00+00:00,29.733807,35.62397,24.782824
2025-10-24 00:00:00+00:00,27.2849,32.293377,23.209917
2025-10-25 00:00:00+00:00,25.435993,29.112778,21.187014
2025-10-26 00:00:00+00:00,27.387087,33.332188,22.76411
2025-10-27 00:00:00+00:00,27.888182,32.701588,23.141205
2025-10-28 00:00:00+00:00,27.939274,33.170994,22.868301
2025-10-29 00:00:00+00:00,28.24037,34.490395,23.145395
2025-10-30 00:00:00+00:00,27.441462,33.759804,21.122494
2025-10-31 00:00:00+00:00,27.892557,33.329205,22.54959
2025-11-01 00:00:00+00:00,31.543652,38.298607,24.526686
2025-11-02 00:00:00+00:00,33.335857,39.595833,27.114891
2025-11-03 00:00:00+00:00,33.526794,40.589886,27.004684
2025-11-04 00:00:00+00:00,32.117733,38.683945,25.794474
2025-11-05 00:00:00+00:00,32.30867,38.427998,26.134268
2025-11-06 00:00:00+00:00,32.399612,37.972054,26.87406
2025-11-07 00:00:00+00:00,30.84055,36.216106,25.963852
2025-11-08 00:00:00+00:00,30.331488,35.66016,24.903645
2025-11-09 00:00:00+00:00,29.572426,34.704216,24.493439
2025-11-10 00:00:00+00:00,28.763363,33.14827,23.68323
2025-11-11 00:00:00+00:00,29.954302,34.942326,24.773022
2025-11-12 00:00:00+00:00,29.845242,35.536377,23.862816
2025-11-13 00:00:00+00:00,31.136177,37.28043,24.50261
2025-11-14 00:00:00+00:00,32.077118,38.524487,25.742401
2025-11-15 00:00:00+00:00,30.968052,37.86854,25.382193
2025-11-16 00:00:00+00:00,30.608994,38.012596,23.221985
2025-11-17 00:00:00+00:00,31.599934,38.306652,24.861774
2025-11-18 00:00:00+00:00,31.090868,37.6507,25.151567
2025-11-19 00:00:00+00:00,29.48181,35.69476,24.04136
2025-11-20 00:00:00+00:00,27.872746,34.488815,21.881153
2025-11-21 00:00:00+00:00,26.963684,33.982864,20.120945
2025-11-22 00:00:00+00:00,27.354626,35.07692,20.060738
2025-11-23 00:00:00+00:00,28.545559,35.070976,22.30053
2025-11-24 00:00:00+00:00,28.9365,36.015034,22.190323
2025-11-25 00:00:00+00:00,28.02744,34.20908,22.080116
2025-11-26 00:00:00+00:00,28.718376,36.55314,21.319906
2025-11-27 00:00:00+00:00,29.35931,37.047195,21.6097
2025-11-28 00:00:00+00:00,29.300251,36.54125,22.649492
2025-11-29 00:00:00+00:00,30.941193,36.4353,24.739286
2025-11-30 00:00:00+00:00,30.132128,36.67935,24.079077
2025-12-01 00:00:00+00:00,28.573063,35.823406,21.768867
2025-12-02 00:00:00+00:00,26.514004,32.96747,21.108662
2025-12-03 00:00:00+00:00,26.45494,34.01152,19.898455
2025-12-04 00:00:00+00:00,25.69588,33.15557,19.188248
2025-12-05 00:00:00+00:00,26.036816,33.249626,19.728039
2025-12-06 00:00:00+00:00,25.177757,32.243683,18.817831
2025-12-07 00:00:00+00:00,25.518694,33.487736,18.507624
2025-12-08 00:00:00+00:00,25.659634,33.731792,18.647419
2025-12-09 00:00:00+00:00,26.10057,33.675846,19.237207
2025-12-10 00:00:00+00:00,25.64151,32.019897,19.877
2025-12-11 00:00:00+00:00,24.482449,30.763954,18.866795
2025-12-12 00:00:00+00:00,23.723385,30.758003,17.456585
2025-12-13 00:00:00+00:00,23.364325,30.85206,17.04638
2025-12-14 00:00:00+00:00,24.155262,32.39612,16.936172
2025-12-15 00:00:00+00:00,24.4962,31.790165,17.625963
2025-12-16 00:00:00+00:00,25.687138,33.384224,18.815756
2025-12-17 00:00:00+00:00,24.978075,31.82828,19.25555
2025-12-18 00:00:00+00:00,22.969015,28.072329,18.595339
2025-12-19 00:00:00+00:00,24.409952,32.316383,17.185131
2025-12-20 00:00:00+00:00,25.25089,32.760437,18.374926
2025-12-21 00:00:00+00:00,25.19183,32.15449,18.864717
2025-12-22 00:00:00+00:00,24.432768,31.798548,17.45451
2025-12-23 00:00:00+00:00,24.623707,32.292603,17.844301
2025-12-24 00:00:00+00:00,25.514645,33.83666,18.584095
2025-12-25 00:00:00+00:00,24.755583,31.63071,19.173887
2025-12-26 00:00:00+00:00,25.496521,34.124767,18.36368
2025-12-27 00:00:00+00:00,25.387459,32.71882,19.453472
2025-12-28 00:00:00+00:00,25.378397,34.21287,17.643265
2025-12-29 00:00:00+00:00,26.019333,35.15693,18.133059
2025-12-30 00:00:00+00:00,26.160275,34.45098,19.02285
2025-12-31 00:00:00+00:00,25.65121,33.64504,18.812641
2026-01-01 00:00:00+00:00,25.292149,32.43909,18.552433
2026-01-02 00:00:00+00:00,24.390018,31.18929,17.946562
2026-01-03 00:00:00+00:00,24.187887,31.789488,17.240692
2026-01-04 00:00:00+00:00,24.285753,31.889683,17.18482
2026-01-05 00:00:00+00:00,24.683622,32.83988,17.028948
2026-01-06 00:00:00+00:00,24.98149,32.940075,17.57308
2026-01-07 00:00:00+00:00,24.67936,32.690277,17.767206
2026-01-08 00:00:00+00:00,25.177227,33.790474,17.211336
2026-01-09 00:00:00+00:00,25.575094,33.59067,18.655464
2026-01-10 00:00:00+00:00,26.122961,34.84087,18.049593
2026-01-11 00:00:00+00:00,25.42083,32.541065,18.443724
2026-01-12 00:00:00+00:00,24.9187,32.34126,18.587852
2026-01-13 00:00:00+00:00,23.716566,30.89146,16.481981
2026-01-14 00:00:00+00:00,24.564436,32.691654,16.826109
2026-01-15 00:00:00+00:00,23.662302,30.541853,17.370235
2026-01-16 00:00:00+00:00,24.41017,32.14205,17.464369
2026-01-17 00:00:00+00:00,25.458036,33.49225,18.108494
2026-01-18 00:00:00+00:00,25.455908,32.942448,18.202623
2026-01-19 00:00:00+00:00,25.753773,33.49264,18.796753
2026-01-20 00:00:00+00:00,25.901646,33.842842,18.540882
2026-01-21 00:00:00+00:00,26.099508,34.043037,18.885012
2026-01-22 00:00:00+00:00,25.697378,32.693233,18.92914
2026-01-23 00:00:00+00:00,25.695248,33.293438,19.323269
2026-01-24 00:00:00+00:00,25.493114,33.24363,18.667397
2026-01-25 00:00:00+00:00,25.440983,33.44383,18.061527
2026-01-26 00:00:00+00:00,25.58885,34.144024,17.655655
2026-01-27 00:00:00+00:00,26.436718,34.744217,18.649784
2026-01-28 00:00:00+00:00,26.984587,35.594418,18.643911
2026-01-29 00:00:00+00:00,27.082455,35.59462,19.188042
2026-01-30 00:00:00+00:00,27.330322,35.694813,19.682173
2026-01-31 00:00:00+00:00,27.128193,35.24501,20.176302
2026-02-01 00:00:00+00:00,27.126059,36.24521,18.27043
2026-02-02 00:00:00+00:00,27.673927,36.495407,18.514557
2026-02-03 00:00:00+00:00,28.221794,36.795605,20.008686
2026-02-04 00:00:00+00:00,27.819662,35.695797,20.802816
2026-02-05 00:00:00+00:00,27.067532,35.295998,19.396946
2026-02-06 00:00:00+00:00,27.3154,35.946194,18.891075
2026-02-07 00:00:00+00:00,27.763266,36.096394,19.4852
2026-02-08 00:00:00+00:00,27.561136,35.446587,19.97933
2026-02-09 00:00:00+00:00,27.259005,34.89679,19.723461
2026-02-10 00:00:00+00:00,26.80687,34.046986,19.86759
2026-02-11 00:00:00+00:00,26.454742,34.49718,18.711718
2026-02-12 00:00:00+00:00,26.902609,35.497375,18.555847
2026-02-13 00:00:00+00:00,27.150475,35.94758,18.549976
2026-02-14 00:00:00+00:00,27.698345,37.04778,18.394104
2026-02-15 00:00:00+00:00,27.696213,36.197968,18.988235
2026-02-16 00:00:00+00:00,28.044079,37.54817,18.632364
2026-02-17 00:00:00+00:00,30.141947,40.048367,20.576492
2026-02-18 00:00:00+00:00,31.28982,40.698563,22.920622
2026-02-19 00:00:00+00:00,31.437685,40.548763,22.56475
2026-02-20 00:00:00+00:00,31.58555,40.748955,22.908876
2026-02-21 00:00:00+00:00,30.583422,39.89916,21.503006
2026-02-22 00:00:00+00:00,29.631289,38.449352,19.747135
2026-02-23 00:00:00+00:00,30.329159,39.39955,21.091267
2026-02-24 00:00:00+00:00,31.577026,40.29975,23.285395
2026-02-25 00:00:00+00:00,31.074892,38.89995,23.329523
2026-02-26 00:00:00+00:00,30.12276,38.05014,21.723652
2026-02-27 00:00:00+00:00,30.32063,39.05034,21.46778
2026-02-28 00:00:00+00:00,31.718496,40.600536,23.01191
2026-03-01 00:00:00+00:00,31.916363,39.95073,24.206038
2026-03-02 00:00:00+00:00,31.664232,39.600933,23.950169
2026-03-03 00:00:00+00:00,31.513083,39.60206,23.74509
2026-03-04 00:00:00+00:00,30.768787,38.759674,22.895565
2026-03-05 00:00:00+00:00,30.374496,38.417297,22.396036
2026-03-06 00:00:00+00:00,30.530205,38.874916,22.44651
2026-03-07 00:00:00+00:00,30.935907,39.03253,22.396982
2026-03-08 00:00:00+00:00,30.991617,38.940155,22.997458
2026-03-09 00:00:00+00:00,30.797323,39.397778,22.447927
2026-03-10 00:00:00+00:00,33.40303,42.40539,24.948402
2026-03-11 00:00:00+00:00,33.90874,41.513012,26.498878
2026-03-12 00:00:00+00:00,31.364445,38.620632,23.849348
2026-03-13 00:00:00+00:00,30.420153,38.02825,22.799822
2026-03-14 00:00:00+00:00,30.625858,38.23587,23.300295
2026-03-15 00:00:00+00:00,30.431568,38.593487,22.600767
2026-03-16 00:00:00+00:00,30.787271,39.65111,22.151243
2026-03-17 00:00:00+00:00,30.942982,39.45873,22.151714
2026-03-18 00:00:00+00:00,31.798687,40.66635,22.802187
2026-03-19 00:00:00+00:00,32.754395,40.973965,24.15266
2026-03-20 00:00:00+00:00,33.0601,41.03158,24.903135
2026-03-21 00:00:00+00:00,32.01581,39.639202,24.253609
2026-03-22 00:00:00+00:00,29.571516,36.596825,22.75408
2026-03-23 00:00:00+00:00,27.727222,34.604443,20.404554
2026-03-24 00:00:00+00:00,29.43293,37.762062,20.705027
2026-03-25 00:00:00+00:00,31.438637,39.919678,22.1055
2026-03-26 00:00:00+00:00,32.89435,40.9273,24.555973
2026-03-27 00:00:00+00:00,33.150055,40.934917,25.306448
2026-03-28 00:00:00+00:00,32.60576,40.642544,24.406921
2026-03-29 00:00:00+00:00,31.561466,39.200157,23.557394
2026-03-30 00:00:00+00:00,29.817175,36.35778,23.357866
2026-03-31 00:00:00+00:00,27.772884,33.715393,21.75834
2026-04-01 00:00:00+00:00,24.528587,31.023016,17.758812
2026-04-02 00:00:00+00:00,27.834295,36.53064,19.009287
2026-04-03 00:00:00+00:00,30.140001,38.43826,21.209757
2026-04-04 00:00:00+00:00,31.645706,39.745876,22.860231
2026-04-05 00:00:00+00:00,32.601414,40.353497,24.360706
2026-04-06 00:00:00+00:00,33.157124,41.01111,25.36118
2026-04-07 00:00:00+00:00,33.012833,39.268734,26.411654
2026-04-08 00:00:00+00:00,33.168537,40.076355,25.912127
2026-04-09 00:00:00+00:00,34.624245,41.73397,26.1626
2026-04-10 00:00:00+00:00,36.67995,44.691593,28.363071
2026-04-11 00:00:00+00:00,35.935658,44.69921,25.813545
2026-04-12 00:00:00+00:00,36.44137,45.20683,27.214016
2026-04-13 00:00:00+00:00,35.297073,42.71445,26.31449
2026-04-14 00:00:00+00:00,34.952778,42.97207,26.164967
2026-04-15 00:00:00+00:00,33.808487,41.529686,25.065435
2026-04-16 00:00:00+00:00,34.864197,42.58731,26.21591
2026-04-17 00:00:00+00:00,34.869904,42.744926,26.116383
2026-04-18 00:00:00+00:00,34.97561,43.052544,26.166857
2026-04-19 00:00:00+00:00,35.431313,43.160164,27.267332
2026-04-20 00:00:00+00:00,35.787025,43.117786,27.817804
2026-04-21 00:00:00+00:00,35.542732,43.875404,26.718277
2026-04-22 00:00:00+00:00,34.948437,42.783024,26.91875
2026-04-23 00:00:00+00:00,34.054146,42.490646,23.569225
2026-04-24 00:00:00+00:00,32.25985,39.798264,23.719698
2026-04-25 00:00:00+00:00,31.915556,39.105885,23.52017
2026-04-26 00:00:00+00:00,33.771267,40.9135,26.370644
2026-04-27 00:00:00+00:00,35.326977,43.17112,27.621115
2026-04-28 00:00:00+00:00,36.83268,45.17874,28.32159
2026-04-29 00:00:00+00:00,37.088387,44.886356,28.972065
2026-04-30 00:00:00+00:00,35.394093,42.99398,27.422537
2026-05-01 00:00:00+00:00,33.399803,40.8016,25.17301
2026-05-02 00:00:00+00:00,32.45551,39.759216,24.37348
2026-05-03 00:00:00+00:00,31.51123,39.81186,22.531631
2026-05-04 00:00:00+00:00,32.01701,40.199562,23.112808
2026-05-05 00:00:00+00:00,32.872795,41.337273,23.843987
2026-05-06 00:00:00+00:00,34.678574,42.924976,25.725163
2026-05-07 00:00:00+00:00,37.03435,44.912685,28.606339
2026-05-08 00:00:00+00:00,37.390133,44.650394,29.387516
2026-05-09 00:00:00+00:00,35.04591,42.238102,27.06869
2026-05-10 00:00:00+00:00,34.501686,41.72581,26.899864
2026-05-11 00:00:00+00:00,35.607468,43.913517,26.581043
2026-05-12 00:00:00+00:00,37.163254,43.601223,30.612219
2026-05-13 00:00:00+00:00,37.019028,43.488934,30.143394
2026-05-14 00:00:00+00:00,36.77481,43.42664,29.474571
2026-05-15 00:00:00+00:00,37.030586,44.464344,28.555748
2026-05-16 00:00:00+00:00,37.536366,44.45205,30.386925
2026-05-17 00:00:00+00:00,36.942146,43.38976,29.7681
2026-05-18 00:00:00+00:00,36.147923,42.777466,28.999279
2026-05-19 00:00:00+00:00,35.053707,41.96517,27.380453
2026-05-20 00:00:00+00:00,35.759483,43.10288,27.861631
2026-05-21 00:00:00+00:00,35.815266,42.99059,28.092808
2026-05-22 00:00:00+00:00,34.87104,41.828297,27.573984
2026-05-23 00:00:00+00:00,35.92682,43.665997,27.80516
2026-05-24 00:00:00+00:00,36.0826,43.15371,28.236336
2026-05-25 00:00:00+00:00,36.43838,43.64142,28.267511
2026-05-26 00:00:00+00:00,34.444157,41.529125,27.09869
2026-05-27 00:00:00+00:00,30.99994,36.11683,24.429865
2026-05-28 00:00:00+00:00,29.90572,33.80454,25.461042
2026-05-29 00:00:00+00:00,32.461494,38.592243,25.99222
2026-05-30 00:00:00+00:00,34.317276,40.729954,27.623396
2026-05-31 00:00:00+00:00,33.02306,38.367653,27.95457
2026-06-01 00:00:00+00:00,33.578835,40.505367,26.235746
2026-06-02 00:00:00+00:00,33.234615,39.743076,26.066923
2026-06-03 00:00:00+00:00,33.94039,41.33078,26.2481
2026-06-04 00:00:00+00:00,33.696175,41.368484,25.379276
2026-06-05 00:00:00+00:00,33.70195,40.956196,26.460451
2026-06-06 00:00:00+00:00,31.457733,37.993904,24.191628
2026-06-07 00:00:00+00:00,31.513512,38.33161,24.072805
2026-06-08 00:00:00+00:00,30.469292,34.76931,25.203981
2026-06-09 00:00:00+00:00,31.075073,36.557026,25.635157
2026-06-10 00:00:00+00:00,30.380852,36.644733,24.266335
2026-06-11 00:00:00+00:00,31.68663,37.08244,25.097511
2026-06-12 00:00:00+00:00,33.34241,39.470142,26.378689
2026-06-13 00:00:00+00:00,30.198189,35.45785,24.759863
2026-06-14 00:00:00+00:00,25.853968,29.595562,22.39104
2026-06-15 00:00:00+00:00,29.459747,36.133266,22.87222
2026-06-16 00:00:00+00:00,30.565527,36.570972,26.253393
2026-06-17 00:00:00+00:00,32.521305,40.008682,25.034567
2026-06-18 00:00:00+00:00,33.927086,39.54639,27.615746
2026-06-19 00:00:00+00:00,34.732864,42.034096,26.94692
2026-06-20 00:00:00+00:00,34.738647,40.9218,28.328098
2026-06-21 00:00:00+00:00,34.84442,40.40951,28.959278
2026-06-22 00:00:00+00:00,27.700203,33.79722,22.440449
2026-06-23 00:00:00+00:00,29.955984,37.984924,23.271627
2026-06-24 00:00:00+00:00,30.611763,37.172634,23.702805
2026-06-25 00:00:00+00:00,29.467543,33.86034,25.133982
2026-06-26 00:00:00+00:00,29.72332,35.49804,24.215157
2026-06-27 00:00:00+00:00,23.979101,26.185753,22.196333
2026-06-28 00:00:00+00:00,26.28488,33.02346,21.027512
2026-06-29 00:00:00+00:00,28.690659,36.361168,22.058685
2026-06-30 00:00:00+00:00,30.14644,37.298874,24.439863
2026-07-01 00:00:00+00:00,30.052217,36.63658,24.07104
2026-07-02 00:00:00+00:00,29.807997,35.77429,24.052214
2026-07-03 00:00:00+00:00,30.111088,34.713238,25.42445
2026-07-04 00:00:00+00:00,29.809706,34.054253,25.631784
2026-07-05 00:00:00+00:00,30.208315,35.945267,25.589117
2026-07-06 00:00:00+00:00,32.456932,38.63629,26.24645
2026-07-07 00:00:00+00:00,32.005547,38.227306,25.753784
2026-07-08 00:00:00+00:00,32.204155,37.61832,26.961115
2026-07-09 00:00:00+00:00,24.10277,31.209341,22.26845
2026-07-10 00:00:00+00:00,24.901386,29.350353,22.625782
2026-07-11 00:00:00+00:00,27.699995,35.041374,21.783115
2026-07-12 00:00:00+00:00,28.44861,34.08239,23.54045
2026-07-13 00:00:00+00:00,28.347225,34.623405,23.097782
2026-07-14 00:00:00+00:00,31.045837,37.864426,24.855114
2026-07-15 00:00:00+00:00,31.194452,37.205444,25.51245
2026-07-16 00:00:00+00:00,25.843065,31.34646,22.419783
2026-07-17 00:00:00+00:00,23.99168,27.787476,21.827114
2026-07-18 00:00:00+00:00,27.84029,35.028496,22.134447
2026-07-19 00:00:00+00:00,30.388906,36.619514,24.19178
2026-07-20 00:00:00+00:00,30.637518,37.310528,24.899115
2026-07-21 00:00:00+00:00,26.636131,31.15155,24.45645
2026-07-22 00:00:00+00:00,24.734745,27.192566,23.26378
2026-07-23 00:00:00+00:00,26.68336,32.28358,22.471113
2026-07-24 00:00:00+00:00,23.731972,26.8746,21.228445
2026-07-25 00:00:00+00:00,25.280588,30.415615,21.18578
2026-07-26 00:00:00+00:00,28.129202,34.75663,23.243114
2026-07-27 00:00:00+00:00,24.727812,28.147652,22.700445
2026-07-28 00:00:00+00:00,26.126429,30.388664,23.15778
2026-07-29 00:00:00+00:00,25.02504,28.779684,22.365112
2026-07-30 00:00:00+00:00,29.323652,36.4207,23.672447
2026-07-31 00:00:00+00:00,29.022268,35.361717,23.579779
2026-08-01 00:00:00+00:00,26.620882,30.852737,23.98711
2026-08-02 00:00:00+00:00,27.519493,32.49376,23.744446
2026-08-03 00:00:00+00:00,26.768108,32.63477,21.40178
2026-08-04 00:00:00+00:00,28.466722,33.275787,23.00911
2026-08-05 00:00:00+00:00,24.265335,28.266804,21.716446
2026-08-06 00:00:00+00:00,25.26395,28.607826,22.273777
2026-08-07 00:00:00+00:00,26.762562,31.448841,23.23111
2026-08-08 00:00:00+00:00,26.911173,31.78986,24.138443
2026-08-09 00:00:00+00:00,27.809788,32.28088,25.295774
2026-08-10 00:00:00+00:00,29.158401,35.421894,24.00311
2026-08-11 00:00:00+00:00,29.157015,35.01291,23.710443
2026-08-12 00:00:00+00:00,29.35563,35.00393,24.367779
2026-08-13 00:00:00+00:00,27.954243,33.144947,24.125109
2026-08-14 00:00:00+00:00,26.852858,32.28596,23.582441
2026-08-15 00:00:00+00:00,27.651468,33.376984,23.889778
2026-08-16 00:00:00+00:00,27.900082,33.417995,23.89711
2026-08-17 00:00:00+00:00,27.348698,34.109016,23.754442
2026-08-18 00:00:00+00:00,24.247309,26.150032,22.261776
2026-08-19 00:00:00+00:00,24.095924,26.941048,22.219107
2026-08-20 00:00:00+00:00,24.044535,26.832067,23.176443
2026-08-21 00:00:00+00:00,24.14315,27.373085,22.733774
2026-08-22 00:00:00+00:00,25.391762,28.514101,23.391106
2026-08-23 00:00:00+00:00,26.340378,31.405117,23.098442
2026-08-24 00:00:00+00:00,24.588993,27.296133,22.305775
2026-08-25 00:00:00+00:00,22.937605,25.18715,21.263107
2026-08-26 00:00:00+00:00,25.336218,29.67817,21.27044
2026-08-27 00:00:00+00:00,27.834831,33.619186,23.777775
2026-08-28 00:00:00+00:00,27.983444,34.4602,23.835108
2026-08-29 00:00:00+00:00,27.482058,33.90122,22.242441
2026-08-30 00:00:00+00:00,26.080673,29.79224,23.599775
2026-08-31 00:00:00+00:00,24.529284,27.383255,21.957104
2026-09-01 00:00:00+00:00,24.427898,27.674276,21.864439
2026-09-02 00:00:00+00:00,25.877752,29.979483,23.456652
2026-09-03 00:00:00+00:00,25.928848,29.898891,23.133749
2026-09-04 00:00:00+00:00,27.429941,31.818295,23.510847
2026-09-05 00:00:00+00:00,28.431034,32.287697,24.98794
2026-09-06 00:00:00+00:00,28.482126,32.057106,25.665037
2026-09-07 00:00:00+00:00,28.58322,32.326508,25.192135
2026-09-08 00:00:00+00:00,28.184315,31.895916,24.56923
2026-09-09 00:00:00+00:00,26.685411,31.265316,23.296326
2026-09-10 00:00:00+00:00,26.786503,30.534721,23.423424
2026-09-11 00:00:00+00:00,27.687597,33.90413,21.500517
2026-09-12 00:00:00+00:00,23.93869,26.47353,21.577614
2026-09-13 00:00:00+00:00,26.539783,31.242935,22.304708
2026-09-14 00:00:00+00:00,27.940876,31.362339,25.081806
2026-09-15 00:00:00+00:00,27.141972,31.181746,23.308903
2026-09-16 00:00:00+00:00,27.443066,31.051151,24.286
2026-09-17 00:00:00+00:00,27.39416,31.470554,24.263092
2026-09-18 00:00:00+00:00,27.995253,32.639957,24.090189
2026-09-19 00:00:00+00:00,29.696344,34.159367,25.417286
2026-09-20 00:00:00+00:00,29.647438,33.528767,26.694382
2026-09-21 00:00:00+00:00,28.598532,32.048172,24.921476
2026-09-22 00:00:00+00:00,27.799627,31.817577,24.098572
2026-09-23 00:00:00+00:00,29.40072,33.18698,26.12567
2026-09-24 00:00:00+00:00,29.001816,32.756386,25.402765
2026-09-25 00:00:00+00:00,28.552906,31.475792,25.929861
2026-09-26 00:00:00+00:00,28.504002,31.795197,25.45696
2026-09-27 00:00:00+00:00,29.305096,33.514603,25.434053
2026-09-28 00:00:00+00:00,29.20619,33.23401,25.16115
2026-09-29 00:00:00+00:00,28.757282,31.603409,25.888245
2026-09-30 00:00:00+00:00,28.708378,32.97281,25.065338
2026-10-01 00:00:00+00:00,30.509472,36.19222,25.94244
2026-10-02 00:00:00+00:00,29.960564,34.761623,25.519533
2026-10-03 00:00:00+00:00,27.861658,31.981026,23.89663
2026-10-04 00:00:00+00:00,26.262753,29.800428,22.623726
2026-10-05 00:00:00+00:00,27.163847,30.969837,23.35082
2026-10-06 00:00:00+00:00,28.11494,32.78924,23.277918
2026-10-07 00:00:00+00:00,29.916035,34.508644,25.855013
2026-10-08 00:00:00+00:00,29.81713,34.02805,25.782108
2026-10-09 00:00:00+00:00,29.468224,33.547455,25.759205
2026-10-10 00:00:00+00:00,28.669313,31.766861,25.5363
2026-10-11 00:00:00+00:00,28.070408,31.086266,25.163397
2026-10-12 00:00:00+00:00,28.871502,33.305668,25.040491
2026-10-13 00:00:00+00:00,29.272598,34.525074,24.717588
2026-10-14 00:00:00+00:00,29.323689,34.044483,24.944687
2026-10-15 00:00:00+00:00,29.474781,33.96388,25.021782
2026-10-16 00:00:00+00:00,29.375877,34.233284,25.048874
2026-10-17 00:00:00+00:00,28.37697,33.652695,22.925968
2026-10-18 00:00:00+00:00,27.128065,30.872095,23.553068
2026-10-19 00:00:00+00:00,25.879158,30.2415,21.930164
2026-10-20 00:00:00+00:00,26.33025,31.360907,21.60726
2026-10-21 00:00:00+00:00,27.581345,34.28031,20.334354
2026-10-22 00:00:00+00:00,26.582438,34.549713,19.611452
2026-10-23 00:00:00+00:00,27.633535,33.86912,21.388548
2026-10-24 00:00:00+00:00,27.784626,32.038525,24.015642
2026-10-25 00:00:00+00:00,28.685722,34.207924,23.192741
2026-10-26 00:00:00+00:00,29.036816,34.027336,25.019838
2026-10-27 00:00:00+00:00,29.687906,35.54674,24.54693
2026-10-28 00:00:00+00:00,29.289003,34.316143,24.674028
2026-10-29 00:00:00+00:00,28.590094,34.68555,23.001125
2026-10-30 00:00:00+00:00,29.891191,36.204952,24.128218
2026-10-31 00:00:00+00:00,29.842281,36.074356,24.605314
2026-11-01 00:00:00+00:00,30.49338,36.99376,26.382412
2026-11-02 00:00:00+00:00,29.488125,34.69732,24.167442
2026-11-03 00:00:00+00:00,30.579062,35.141376,26.207237
2026-11-04 00:00:00+00:00,32.369995,39.08543,26.19703
2026-11-05 00:00:00+00:00,33.01094,39.17948,27.28682
2026-11-06 00:00:00+00:00,32.801872,39.073536,27.276611
2026-11-07 00:00:00+00:00,32.192814,39.01759,23.766405
2026-11-08 00:00:00+00:00,30.283752,33.911648,26.706198
2026-11-09 00:00:00+00:00,30.774689,37.0057,24.545988
2026-11-10 00:00:00+00:00,30.615627,36.599754,26.63578
2026-11-11 00:00:00+00:00,31.356567,39.24381,23.725573
2026-11-12 00:00:00+00:00,30.947506,37.887863,23.415367
2026-11-13 00:00:00+00:00,30.238443,36.63192,24.405159
2026-11-14 00:00:00+00:00,29.179382,36.02597,22.34495
2026-11-15 00:00:00+00:00,29.52032,36.620026,22.384743
2026-11-16 00:00:00+00:00,30.711258,38.064083,23.124538
2026-11-17 00:00:00+00:00,30.152195,36.658134,24.664328
2026-11-18 00:00:00+00:00,30.593138,36.552193,24.60412
2026-11-19 00:00:00+00:00,31.534075,37.346245,26.143913
2026-11-20 00:00:00+00:00,28.47501,32.7903,24.983706
2026-11-21 00:00:00+00:00,28.565948,34.78435,22.273499
2026-11-22 00:00:00+00:00,28.706886,35.37841,21.81329
2026-11-23 00:00:00+00:00,27.947824,33.32246,23.853083
2026-11-24 00:00:00+00:00,30.338764,37.866516,23.492876
2026-11-25 00:00:00+00:00,30.529703,37.460567,24.03267
2026-11-26 00:00:00+00:00,29.870638,36.154625,23.92246
2026-11-27 00:00:00+00:00,28.361578,34.54868,22.862255
2026-11-28 00:00:00+00:00,26.852516,33.242737,20.602045
2026-11-29 00:00:00+00:00,27.643454,35.436787,20.291836
2026-11-30 00:00:00+00:00,29.134394,36.980843,21.58163
2026-12-01 00:00:00+00:00,30.22533,37.7249,22.921421
2026-12-02 00:00:00+00:00,28.71627,34.968952,22.361216
2026-12-03 00:00:00+00:00,27.957209,34.413002,22.151007
2026-12-04 00:00:00+00:00,26.498146,32.80706,20.740799
2026-12-05 00:00:00+00:00,25.839087,32.801113,19.530592
2026-12-06 00:00:00+00:00,25.380022,31.845165,19.920383
2026-12-07 00:00:00+00:00,24.720963,30.88922,19.310175
2026-12-08 00:00:00+00:00,25.711899,33.233276,19.199968
2026-12-09 00:00:00+00:00,25.552837,32.07733,20.53976
2026-12-10 00:00:00+00:00,24.743774,31.371386,18.479551
2026-12-11 00:00:00+00:00,25.584713,32.765438,19.369347
2026-12-12 00:00:00+00:00,24.075651,29.759491,19.30914
2026-12-13 00:00:00+00:00,24.06659,32.053547,16.74893
2026-12-14 00:00:00+00:00,24.557528,32.147602,17.538723
2026-12-15 00:00:00+00:00,24.848465,32.541656,18.228514
2026-12-16 00:00:00+00:00,24.889402,32.93571,17.868307
2026-12-17 00:00:00+00:00,24.980345,33.679764,17.4081
2026-12-18 00:00:00+00:00,24.67128,32.77382,17.747892
2026-12-19 00:00:00+00:00,24.16222,32.51787,17.037683
2026-12-20 00:00:00+00:00,24.053158,32.161926,17.077477
2026-12-21 00:00:00+00:00,23.844093,32.155983,16.267271
2026-12-22 00:00:00+00:00,23.885033,32.850037,15.85706
2026-12-23 00:00:00+00:00,23.175972,32.094093,14.946855
2026-12-24 00:00:00+00:00,23.01691,31.838144,14.836644
2026-12-25 00:00:00+00:00,25.157846,34.532196,16.576439
2026-12-26 00:00:00+00:00,27.548786,35.576252,20.86623
2026-12-27 00:00:00+00:00,24.789724,30.870308,19.356022
2026-12-28 00:00:00+00:00,20.030663,25.964363,14.595817
2026-12-29 00:00:00+00:00,19.7716,26.608418,13.835607
2026-12-30 00:00:00+00:00,21.512537,29.60247,14.525401
2026-12-31 00:00:00+00:00,23.053478,30.896526,16.165192
2027-01-01 00:00:00+00:00,23.144415,30.240576,16.454987
2027-01-02 00:00:00+00:00,22.490551,29.389236,15.998031
2027-01-03 00:00:00+00:00,21.938421,28.989439,15.392158
2027-01-04 00:00:00+00:00,22.686285,30.639633,15.386287
2027-01-05 00:00:00+00:00,22.834156,29.739832,16.33042
2027-01-06 00:00:00+00:00,23.282022,30.690025,16.124546
2027-01-07 00:00:00+00:00,22.179893,28.640228,16.518673
2027-01-08 00:00:00+00:00,22.377756,29.340427,16.112803
2027-01-09 00:00:00+00:00,21.675627,28.54062,15.40693
2027-01-10 00:00:00+00:00,21.373495,27.74082,15.35106
2027-01-11 00:00:00+00:00,22.521364,30.491014,15.095189
2027-01-12 00:00:00+00:00,24.71923,30.991213,19.23932
2027-01-13 00:00:00+00:00,23.917099,27.54141,20.733448
2027-01-14 00:00:00+00:00,26.964968,35.491608,18.927576
2027-01-15 00:00:00+00:00,28.362835,36.441807,20.771708
2027-01-16 00:00:00+00:00,27.160704,34.242,21.065834
2027-01-17 00:00:00+00:00,28.05857,36.142197,20.359962
2027-01-18 00:00:00+00:00,28.05644,35.942394,20.554094
2027-01-19 00:00:00+00:00,28.004307,35.942593,20.54822
2027-01-20 00:00:00+00:00,28.702177,36.792793,21.342348
2027-01-21 00:00:00+00:00,28.650045,37.04299,21.33648
2027-01-22 00:00:00+00:00,28.747913,37.243187,20.880608
2027-01-23 00:00:00+00:00,28.59578,36.943382,21.374739
2027-01-24 00:00:00+00:00,29.393648,38.19358,21.318865
2027-01-25 00:00:00+00:00,28.791515,37.74378,19.312994
2027-01-26 00:00:00+00:00,29.639385,38.843975,20.807123
2027-01-27 00:00:00+00:00,30.687252,39.544174,22.351254
2027-01-28 00:00:00+00:00,30.535118,39.094368,22.59538
2027-01-29 00:00:00+00:00,29.132988,37.044567,21.589512
2027-01-30 00:00:00+00:00,28.780857,37.194767,20.183641
2027-01-31 00:00:00+00:00,29.528725,38.394966,21.027767
2027-02-01 00:00:00+00:00,29.476591,36.44516,23.021896
2027-02-02 00:00:00+00:00,30.224459,37.69536,23.466028
2027-02-03 00:00:00+00:00,28.02233,35.595554,20.910156
2027-02-04 00:00:00+00:00,26.420197,33.74575,19.254284
2027-02-05 00:00:00+00:00,26.268064,33.795948,19.098412
2027-02-06 00:00:00+00:00,26.565933,34.446144,19.042543
2027-02-07 00:00:00+00:00,27.1138,35.546345,18.68667
2027-02-08 00:00:00+00:00,27.611668,36.746536,18.430798
2027-02-09 00:00:00+00:00,28.059536,36.84674,19.224928
2027-02-10 00:00:00+00:00,28.957405,37.696934,19.869059
2027-02-11 00:00:00+00:00,30.10527,39.347134,20.863188
2027-02-12 00:00:00+00:00,30.803143,39.59733,22.457315
2027-02-13 00:00:00+00:00,30.651009,39.347527,22.151443
2027-02-14 00:00:00+00:00,30.898878,39.747723,22.045572
2027-02-15 00:00:00+00:00,31.346745,39.897923,22.989702
2027-02-16 00:00:00+00:00,30.594614,37.398125,23.683832
2027-02-17 00:00:00+00:00,28.54248,35.748318,22.17796
2027-02-18 00:00:00+00:00,26.690348,34.098515,18.92209
2027-02-19 00:00:00+00:00,28.53822,36.94871,20.366217
2027-02-20 00:00:00+00:00,29.186083,37.398907,21.410345
2027-02-21 00:00:00+00:00,27.383953,34.29911,20.504475
2027-02-22 00:00:00+00:00,25.88182,31.599304,19.998604
2027-02-23 00:00:00+00:00,27.779692,36.349503,19.092733
2027-02-24 00:00:00+00:00,29.777557,38.399696,21.136862
2027-02-25 00:00:00+00:00,30.725422,38.8499,22.78099
2027-02-26 00:00:00+00:00,30.173294,37.950096,22.425121
2027-02-27 00:00:00+00:00,29.521162,37.45029,21.669249
2027-02-28 00:00:00+00:00,30.219028,38.400486,22.113377
2027-03-01 00:00:00+00:00,31.0669,39.350685,23.207508
2027-03-02 00:00:00+00:00,31.564766,40.100883,23.201635
2027-03-03 00:00:00+00:00,32.012634,40.701077,23.145765
2027-03-04 00:00:00+00:00,31.867361,41.00777,22.445446
2027-03-05 00:00:00+00:00,31.373068,39.96539,22.595915
2027-03-06 00:00:00+00:00,31.478775,39.57301,23.546392
2027-03-07 00:00:00+00:00,31.534485,39.680626,23.34686
2027-03-08 00:00:00+00:00,29.490189,36.88825,21.747337
2027-03-09 00:00:00+00:00,28.245897,35.845867,20.89781
2027-03-10 00:00:00+00:00,28.401606,36.203487,21.098282
2027-03-11 00:00:00+00:00,28.70731,36.661106,20.74876
2027-03-12 00:00:00+00:00,29.413017,37.36873,21.49923
2027-03-13 00:00:00+00:00,28.968725,36.27635,21.649706
2027-03-14 00:00:00+00:00,29.774431,37.783962,22.200176
2027-03-15 00:00:00+00:00,27.58014,34.891586,20.40065
2027-03-16 00:00:00+00:00,27.535849,35.649204,19.701124
2027-03-17 00:00:00+00:00,28.041553,36.156822,20.351595
2027-03-18 00:00:00+00:00,28.597261,37.46444,19.702068
2027-03-19 00:00:00+00:00,30.252968,39.022064,21.002544
2027-03-20 00:00:00+00:00,31.158676,40.229683,21.653015
2027-03-21 00:00:00+00:00,30.664383,38.9873,22.20349
2027-03-22 00:00:00+00:00,31.82009,40.544918,23.153961
2027-03-23 00:00:00+00:00,32.425797,40.902534,23.854435
2027-03-24 00:00:00+00:00,33.231506,41.91016,24.454908
2027-03-25 00:00:00+00:00,33.387215,41.917774,24.255384
2027-03-26 00:00:00+00:00,32.64292,41.125397,23.555855
2027-03-27 00:00:00+00:00,33.548622,42.583015,23.706327
2027-03-28 00:00:00+00:00,33.954334,42.790634,24.756804
2027-03-29 00:00:00+00:00,33.31004,41.89825,24.357275
2027-03-30 00:00:00+00:00,33.465744,41.855873,24.707748
2027-03-31 00:00:00+00:00,33.671455,41.763496,26.20822
2027-04-01 00:00:00+00:00,35.57716,44.721115,26.908693
2027-04-02 00:00:00+00:00,34.132866,42.67873,24.609165
2027-04-03 00:00:00+00:00,34.23858,43.43635,23.90964
2027-04-04 00:00:00+00:00,33.794285,42.493965,25.110113
2027-04-05 00:00:00+00:00,34.399986,42.801594,25.560587
2027-04-06 00:00:00+00:00,34.4557,43.159214,25.311062
2027-04-07 00:00:00+00:00,34.4114,43.166832,25.111534
2027-04-08 00:00:00+00:00,34.467113,42.674446,26.212008
2027-04-09 00:00:00+00:00,32.52282,40.532066,23.96248
2027-04-10 00:00:00+00:00,31.378523,39.08969,23.162952
2027-04-11 00:00:00+00:00,30.184233,38.247307,21.513428
2027-04-12 00:00:00+00:00,32.78994,41.004925,23.813898
2027-04-13 00:00:00+00:00,33.895645,41.962547,25.564375
2027-04-14 00:00:00+00:00,33.151356,40.770164,25.164845
2027-04-15 00:00:00+00:00,32.457058,39.977783,24.165321
2027-04-16 00:00:00+00:00,32.162766,40.0854,23.565794
2027-04-17 00:00:00+00:00,32.51848,40.543022,23.966265
2027-04-18 00:00:00+00:00,33.374184,41.850643,23.816738
2027-04-19 00:00:00+00:00,33.37989,41.30826,24.867212
2027-04-20 00:00:00+00:00,33.085594,40.665882,24.817684
2027-04-21 00:00:00+00:00,32.191303,39.6735,24.51816
2027-04-22 00:00:00+00:00,32.447014,40.68112,23.718634
2027-04-23 00:00:00+00:00,32.752716,41.038742,24.169104
2027-04-24 00:00:00+00:00,33.908424,41.89636,24.969578
2027-04-25 00:00:00+00:00,35.11413,42.45398,26.820053
2027-04-26 00:00:00+00:00,34.16984,41.361595,27.770525
2027-04-27 00:00:00+00:00,33.475548,40.369213,26.320997
2027-04-28 00:00:00+00:00,36.03125,43.22684,28.62147
2027-04-29 00:00:00+00:00,35.73696,42.83445,28.971947
2027-04-30 00:00:00+00:00,35.942665,43.892075,26.322416
2027-05-01 00:00:00+00:00,35.79837,44.049698,26.772892
2027-05-02 00:00:00+00:00,33.50408,41.10731,25.623362
2027-05-03 00:00:00+00:00,31.759789,39.21493,23.623837
2027-05-04 00:00:00+00:00,33.86557,42.35264,24.755013
2027-05-05 00:00:00+00:00,32.071346,39.49035,23.98619
2027-05-06 00:00:00+00:00,32.32712,40.228058,24.067366
2027-05-07 00:00:00+00:00,32.332905,40.115757,23.898544
2027-05-08 00:00:00+00:00,33.938686,42.00347,25.129717
2027-05-09 00:00:00+00:00,34.19447,42.641174,25.260895
2027-05-10 00:00:00+00:00,34.600243,43.428883,24.69207
2027-05-11 00:00:00+00:00,35.10602,43.366592,25.82325
2027-05-12 00:00:00+00:00,34.311802,41.9543,25.954424
2027-05-13 00:00:00+00:00,33.967583,42.142006,25.085602
2027-05-14 00:00:00+00:00,34.473366,42.22971,25.716778
2027-05-15 00:00:00+00:00,33.379143,40.567417,25.597954
2027-05-16 00:00:00+00:00,31.58492,39.305122,23.42913
2027-05-17 00:00:00+00:00,30.340698,38.59283,21.810307
2027-05-18 00:00:00+00:00,29.996479,38.03054,21.641483
2027-05-19 00:00:00+00:00,28.702261,36.668247,20.572659
2027-05-20 00:00:00+00:00,28.158041,35.75595,20.003836
2027-05-21 00:00:00+00:00,28.713818,36.543667,20.585014
2027-05-22 00:00:00+00:00,29.5196,37.68137,20.46619
2027-05-23 00:00:00+00:00,31.575378,40.119076,23.747366
2027-05-24 00:00:00+00:00,34.581158,42.506783,26.52854
2027-05-25 00:00:00+00:00,35.386936,41.24449,28.809717
2027-05-26 00:00:00+00:00,36.692715,43.2822,29.390894
2027-05-27 00:00:00+00:00,34.44849,40.369904,27.922071
2027-05-28 00:00:00+00:00,31.704271,37.75761,24.80325
2027-05-29 00:00:00+00:00,30.960052,37.895317,24.934422
2027-05-30 00:00:00+00:00,30.365833,37.933025,22.1156
2027-05-31 00:00:00+00:00,31.771612,38.57073,24.596775
2027-06-01 00:00:00+00:00,31.527393,37.00844,25.127953
2027-06-02 00:00:00+00:00,33.783173,40.746147,26.359133
2027-06-03 00:00:00+00:00,33.43895,38.733856,27.340305
2027-06-04 00:00:00+00:00,32.994728,38.27156,26.921484
2027-06-05 00:00:00+00:00,34.85051,40.459267,27.952658
2027-06-06 00:00:00+00:00,36.506287,42.89697,29.633835
2027-06-07 00:00:00+00:00,33.81207,40.384686,25.31501
2027-06-08 00:00:00+00:00,33.717846,40.12239,27.84619
2027-06-09 00:00:00+00:00,31.42363,37.010094,25.527363
2027-06-10 00:00:00+00:00,31.329407,38.297806,24.158539
2027-06-11 00:00:00+00:00,31.935184,38.185513,24.789717
2027-06-12 00:00:00+00:00,32.990963,39.87322,25.770895
2027-06-13 00:00:00+00:00,33.596745,40.410923,25.90207
2027-06-14 00:00:00+00:00,35.102524,41.648632,28.633244
2027-06-15 00:00:00+00:00,32.358307,39.036343,25.514423
2027-06-16 00:00:00+00:00,31.46408,38.47405,24.695599
2027-06-17 00:00:00+00:00,31.71986,38.761753,24.276775
2027-06-18 00:00:00+00:00,31.97564,38.34946,25.857952
2027-06-19 00:00:00+00:00,30.63142,35.08717,25.889128
2027-06-20 00:00:00+00:00,32.1372,39.274876,24.770306
2027-06-21 00:00:00+00:00,29.392977,35.21258,25.25148
2027-06-22 00:00:00+00:00,27.898758,32.05029,24.632658
2027-06-23 00:00:00+00:00,26.354538,30.787994,22.513832
2027-06-24 00:00:00+00:00,29.560316,36.725704,23.19501
2027-06-25 00:00:00+00:00,33.7161,43.46341,25.426188
2027-06-26 00:00:00+00:00,33.92188,39.551117,28.207365
2027-06-27 00:00:00+00:00,32.377655,38.338825,27.588541
2027-06-28 00:00:00+00:00,31.633432,36.87653,26.069714
2027-06-29 00:00:00+00:00,33.289215,39.164238,27.300892
2027-06-30 00:00:00+00:00,34.094994,40.651943,27.382069
2027-07-01 00:00:00+00:00,33.150772,40.539658,26.313244
2027-07-02 00:00:00+00:00,31.956554,37.92736,26.194424
2027-07-03 00:00:00+00:00,28.761435,33.26548,24.572618
2027-07-04 00:00:00+00:00,30.91005,37.8565,24.42995
2027-07-05 00:00:00+00:00,33.308662,39.497517,27.387283
2027-07-06 00:00:00+00:00,32.407272,38.188534,25.994616
2027-07-07 00:00:00+00:00,28.255892,33.979557,24.701952
2027-07-08 00:00:00+00:00,28.804502,34.670563,23.659283
2027-07-09 00:00:00+00:00,30.403116,33.86158,26.766617
2027-07-10 00:00:00+00:00,32.50173,38.8526,26.423948
2027-07-11 00:00:00+00:00,30.900341,36.14362,26.53128
2027-07-12 00:00:00+00:00,30.698957,35.134636,26.588617
2027-07-13 00:00:00+00:00,32.54757,37.575657,27.195948
2027-07-14 00:00:00+00:00,31.646183,37.56667,26.30328
2027-07-15 00:00:00+00:00,29.694796,35.85769,25.360615
2027-07-16 00:00:00+00:00,28.243414,35.39871,23.617947
2027-07-17 00:00:00+00:00,23.692024,25.389723,22.325281
2027-07-18 00:00:00+00:00,24.690636,28.430737,21.532614
2027-07-19 00:00:00+00:00,26.739254,32.521755,22.939947
2027-07-20 00:00:00+00:00,27.737865,35.362778,22.24728
2027-07-21 00:00:00+00:00,29.986477,36.65379,23.854612
2027-07-22 00:00:00+00:00,30.185091,36.34481,24.661947
2027-07-23 00:00:00+00:00,28.083706,31.835827,24.769281
2027-07-24 00:00:00+00:00,29.082317,34.826847,24.176613
2027-07-25 00:00:00+00:00,30.830933,36.567863,25.183945
2027-07-26 00:00:00+00:00,32.27955,37.708878,26.69128
2027-07-27 00:00:00+00:00,31.92816,37.649895,26.548613
2027-07-28 00:00:00+00:00,28.226774,32.740913,25.155947
2027-07-29 00:00:00+00:00,27.225388,32.73193,23.763279
2027-07-30 00:00:00+00:00,29.873999,35.57295,24.220612
2027-07-31 00:00:00+00:00,31.122612,37.163963,25.827944
2027-08-01 00:00:00+00:00,29.721226,35.954983,24.73528
2027-08-02 00:00:00+00:00,29.86984,35.446,24.542612
2027-08-03 00:00:00+00:00,29.018456,32.88702,25.999945
2027-08-04 00:00:00+00:00,29.267067,33.878036,25.20728
2027-08-05 00:00:00+00:00,29.265682,34.369053,25.314611
2027-08-06 00:00:00+00:00,28.114296,32.710068,24.821943
2027-08-07 00:00:00+00:00,25.562906,30.101086,22.879278
2027-08-08 00:00:00+00:00,28.01152,33.592106,22.48661
2027-08-09 00:00:00+00:00,31.010138,36.433125,26.293941
2027-08-10 00:00:00+00:00,29.658747,34.52414,25.101276
2027-08-11 00:00:00+00:00,30.057362,35.015156,25.808609
2027-08-12 00:00:00+00:00,28.555973,32.956173,24.715942
2027-08-13 00:00:00+00:00,27.95459,33.247192,24.173275
2027-08-14 00:00:00+00:00,27.803202,31.38821,24.580612
2027-08-15 00:00:00+00:00,31.151817,36.329224,26.787943
2027-08-16 00:00:00+00:00,31.550428,36.420242,26.645277
2027-08-17 00:00:00+00:00,30.599045,35.711258,26.502611
2027-08-18 00:00:00+00:00,29.297655,34.602276,24.609941
2027-08-19 00:00:00+00:00,30.146269,34.793293,26.667276
2027-08-20 00:00:00+00:00,30.244883,34.584312,26.374607
2027-08-21 00:00:00+00:00,28.143497,30.975327,25.88194
2027-08-22 00:00:00+00:00,25.542109,30.566347,22.739273
2027-08-23 00:00:00+00:00,28.690725,34.257362,23.396606
2027-08-24 00:00:00+00:00,30.839336,36.79838,25.703941
2027-08-25 00:00:00+00:00,30.737951,36.889397,25.561275
2027-08-26 00:00:00+00:00,30.836563,36.430416,25.818607
2027-08-27 00:00:00+00:00,30.735178,35.271435,26.52594
2027-08-28 00:00:00+00:00,26.48379,30.86245,23.883274
2027-08-29 00:00:00+00:00,24.732403,27.653465,23.04061
2027-08-30 00:00:00+00:00,27.53102,32.644485,22.99794
2027-08-31 00:00:00+00:00,26.829632,31.235504,22.855274
2027-09-01 00:00:00+00:00,27.678246,33.476517,22.512608
2027-09-02 00:00:00+00:00,27.32748,30.574635,23.71238
2027-09-03 00:00:00+00:00,27.078571,29.944036,24.439476
2027-09-04 00:00:00+00:00,26.179667,28.413445,24.516571
2027-09-05 00:00:00+00:00,26.280758,29.78285,24.193666
2027-09-06 00:00:00+00:00,26.53185,30.152252,23.220764
2027-09-07 00:00:00+00:00,27.932951,31.571655,24.297861
2027-09-08 00:00:00+00:00,26.084042,30.641064,22.624956
2027-09-09 00:00:00+00:00,23.535135,25.860464,22.00205
2027-09-10 00:00:00+00:00,25.036228,29.57987,20.629148
2027-09-11 00:00:00+00:00,27.337322,32.049274,23.406244
2027-09-12 00:00:00+00:00,28.038414,32.76868,24.23334
2027-09-13 00:00:00+00:00,24.23951,27.838085,20.810436
2027-09-14 00:00:00+00:00,25.940605,30.307487,22.087532
2027-09-15 00:00:00+00:00,27.3417,31.676891,23.664625
2027-09-16 00:00:00+00:00,26.392792,30.096298,22.941723
2027-09-17 00:00:00+00:00,27.093885,31.415703,23.26882
2027-09-18 00:00:00+00:00,25.444977,27.435104,22.995916
2027-09-19 00:00:00+00:00,26.746073,31.204514,22.32301
2027-09-20 00:00:00+00:00,28.747166,33.073917,24.550104
2027-09-21 00:00:00+00:00,28.74826,32.843323,24.877203
2027-09-22 00:00:00+00:00,26.649353,29.412724,24.3543
2027-09-23 00:00:00+00:00,27.200447,31.632133,22.881395
2027-09-24 00:00:00+00:00,27.40154,31.451534,22.908491
2027-09-25 00:00:00+00:00,28.102634,32.070934,23.485588
2027-09-26 00:00:00+00:00,28.65373,33.790344,24.462685
2027-09-27 00:00:00+00:00,26.35482,30.65975,21.989779
2027-09-28 00:00:00+00:00,28.455917,32.679153,24.516876
2027-09-29 00:00:00+00:00,29.50701,34.04856,25.493973
2027-09-30 00:00:00+00:00,28.708107,32.367966,25.071066
2027-10-01 00:00:00+00:00,29.2592,33.78737,24.89816
2027-10-02 00:00:00+00:00,29.660292,34.50677,25.22526
2027-10-03 00:00:00+00:00,28.411383,32.126175,24.752354
2027-10-04 00:00:00+00:00,27.862478,31.745579,24.679451
2027-10-05 00:00:00+00:00,28.113573,33.114986,23.206545
2027-10-06 00:00:00+00:00,30.064665,35.434387,25.283642
2027-10-07 00:00:00+00:00,28.515759,33.05379,24.310741
2027-10-08 00:00:00+00:00,28.666853,33.1232,23.837833
2027-10-09 00:00:00+00:00,27.267946,32.492603,21.66493
2027-10-10 00:00:00+00:00,29.269041,34.162003,25.042027
2027-10-11 00:00:00+00:00,26.370134,31.281414,21.369123
2027-10-12 00:00:00+00:00,27.171227,32.30082,22.19622
2027-10-13 00:00:00+00:00,28.472322,33.27022,23.923315
2027-10-14 00:00:00+00:00,28.373417,32.889626,24.20041
2027-10-15 00:00:00+00:00,27.474512,32.35903,22.127508
2027-10-16 00:00:00+00:00,28.625605,33.778435,23.604605
2027-10-17 00:00:00+00:00,28.8767,33.79784,24.281698
2027-10-18 00:00:00+00:00,29.32779,34.167244,23.658794
2027-10-19 00:00:00+00:00,29.228886,33.836647,25.53589
2027-10-20 00:00:00+00:00,28.329977,32.906055,24.062986
2027-10-21 00:00:00+00:00,28.331072,33.27546,23.09008
2027-10-22 00:00:00+00:00,28.432165,33.59486,22.86718
2027-10-23 00:00:00+00:00,28.98326,35.16427,23.894272
2027-10-24 00:00:00+00:00,28.834352,37.18367,21.42137
2027-10-25 00:00:00+00:00,27.685446,36.403076,19.948465
2027-10-26 00:00:00+00:00,28.086542,36.522484,20.075562
2027-10-27 00:00:00+00:00,27.787634,35.391884,21.35266
2027-10-28 00:00:00+00:00,27.888727,34.761288,21.479755
2027-10-29 00:00:00+00:00,28.689823,35.630695,20.80685
2027-10-30 00:00:00+00:00,29.040916,35.750103,22.183947
2027-10-31 00:00:00+00:00,28.19201,35.0695,22.711042
2027-11-01 00:00:00+00:00,29.793104,37.438908,21.38814
2027-11-02 00:00:00+00:00,30.440388,38.148808,22.319994
2027-11-03 00:00:00+00:00,31.431328,39.14286,22.609787
2027-11-04 00:00:00+00:00,31.872265,40.386917,22.749578
2027-11-05 00:00:00+00:00,32.163204,39.930973,24.539373
2027-11-06 00:00:00+00:00,30.904144,37.675026,23.479166
2027-11-07 00:00:00+00:00,30.845078,38.069077,23.468956
2027-11-08 00:00:00+00:00,31.786016,39.163136,24.65875
2027-11-09 00:00:00+00:00,31.076956,38.757187,23.398544
2027-11-10 00:00:00+00:00,31.117897,38.20124,24.588335
2027-11-11 00:00:00+00:00,29.208834,37.045296,21.428125
2027-11-12 00:00:00+00:00,29.04977,36.83935,20.667917
2027-11-13 00:00:00+00:00,29.090708,36.633408,21.157711
2027-11-14 00:00:00+00:00,29.281645,35.77746,22.547504
2027-11-15 00:00:00+00:00,29.522585,35.37151,23.487295
2027-11-16 00:00:00+00:00,30.463524,36.96557,24.027086
2027-11-17 00:00:00+00:00,29.754461,36.159622,23.366882
2027-11-18 00:00:00+00:00,29.495401,36.603672,22.35667
2027-11-19 00:00:00+00:00,30.136337,37.247726,23.096466
2027-11-20 00:00:00+00:00,30.977274,38.14179,23.78626
2027-11-21 00:00:00+00:00,30.768219,37.935837,23.626049
2027-11-22 00:00:00+00:00,30.509153,37.87989,22.965841
2027-11-23 00:00:00+00:00,30.600092,38.373947,23.205637
2027-11-24 00:00:00+00:00,31.591026,38.868,24.795427
2027-11-25 00:00:00+00:00,31.931967,38.462055,26.235222
2027-11-26 00:00:00+00:00,30.522907,37.90611,24.025013
2027-11-27 00:00:00+00:00,29.663843,37.20016,22.014805
2027-11-28 00:00:00+00:00,29.65478,36.59422,22.504597
2027-11-29 00:00:00+00:00,27.29572,33.13827,21.994389
2027-11-30 00:00:00+00:00,25.38666,32.48233,19.034182
2027-12-01 00:00:00+00:00,25.027596,32.17638,18.173973
2027-12-02 00:00:00+00:00,24.718534,31.220434,18.463768
2027-12-03 00:00:00+00:00,24.309471,30.564491,18.953558
2027-12-04 00:00:00+00:00,25.750412,33.158543,19.04335
2027-12-05 00:00:00+00:00,27.04135,34.752598,20.033144
2027-12-06 00:00:00+00:00,27.832289,35.046654,21.322937
2027-12-07 00:00:00+00:00,27.423225,34.54071,21.162727
2027-12-08 00:00:00+00:00,26.614164,33.834763,20.20252
2027-12-09 00:00:00+00:00,26.205101,33.728817,19.342314
2027-12-10 00:00:00+00:00,26.096039,33.42287,19.432104
2027-12-11 00:00:00+00:00,24.036978,30.966927,18.771898
2027-12-12 00:00:00+00:00,23.677916,31.410978,16.81169
2027-12-13 00:00:00+00:00,24.868855,32.505035,18.25148
2027-12-14 00:00:00+00:00,24.159794,31.69909,17.491274
2027-12-15 00:00:00+00:00,23.700731,31.39314,16.931067
2027-12-16 00:00:00+00:00,24.09167,32.587196,16.87086
2027-12-17 00:00:00+00:00,24.832607,33.48125,16.86065
2027-12-18 00:00:00+00:00,26.323547,36.175304,17.900444
2027-12-19 00:00:00+00:00,27.414484,36.319355,19.990238
2027-12-20 00:00:00+00:00,26.355423,33.61342,19.73003
2027-12-21 00:00:00+00:00,24.69636,31.60747,18.81982
2027-12-22 00:00:00+00:00,22.0873,28.30152,17.159615
2027-12-23 00:00:00+00:00,22.278238,28.695576,16.999407
2027-12-24 00:00:00+00:00,22.369175,30.289633,15.339196
2027-12-25 00:00:00+00:00,23.860111,32.53368,16.37899
2027-12-26 00:00:00+00:00,25.251049,33.92774,17.518782
2027-12-27 00:00:00+00:00,25.59199,33.571793,18.608576
2027-12-28 00:00:00+00:00,25.182926,33.56585,17.648369
2027-12-29 00:00:00+00:00,25.223866,33.809902,17.33816
2027-12-30 00:00:00+00:00,25.264803,34.35396,17.02795
2027-12-31 00:00:00+00:00,24.855743,33.49801,16.867744
2028-01-01 00:00:00+00:00,22.996681,29.442066,16.65754
2028-01-02 00:00:00+00:00,20.941086,26.88919,15.3495
2028-01-03 00:00:00+00:00,19.788952,26.739393,13.243625
2028-01-04 00:00:00+00:00,20.986818,28.439583,14.037753
2028-01-05 00:00:00+00:00,20.534685,25.239782,16.481886
2028-01-06 00:00:00+00:00,21.082556,26.38998,15.626014
2028-01-07 00:00:00+00:00,22.580425,28.540178,17.720142
2028-01-08 00:00:00+00:00,23.77829,31.640377,16.76427
2028-01-09 00:00:00+00:00,24.826159,33.14057,17.3584
2028-01-10 00:00:00+00:00,25.274027,33.09077,18.252527
2028-01-11 00:00:00+00:00,24.671898,32.040966,17.746658
2028-01-12 00:00:00+00:00,23.019764,29.741163,16.690788
2028-01-13 00:00:00+00:00,22.017632,28.991362,15.784915
2028-01-14 00:00:00+00:00,21.0655,28.191559,14.429044
2028-01-15 00:00:00+00:00,20.913372,27.891758,14.323173
2028-01-16 00:00:00+00:00,20.561237,27.491953,14.467299
2028-01-17 00:00:00+00:00,19.859104,26.592152,13.61143
2028-01-18 00:00:00+00:00,19.156973,26.192345,12.95556
2028-01-19 00:00:00+00:00,21.25484,29.292543,13.449687
2028-01-20 00:00:00+00:00,22.352707,30.242743,15.393819
2028-01-21 00:00:00+00:00,23.800575,32.292942,16.037947
2028-01-22 00:00:00+00:00,26.148447,35.293137,17.782076
2028-01-23 00:00:00+00:00,27.09631,35.693333,19.176205
2028-01-24 00:00:00+00:00,24.89418,32.24353,17.870335
2028-01-25 00:00:00+00:00,25.192049,33.44373,17.164461
2028-01-26 00:00:00+00:00,25.939917,34.343925,17.608591
2028-01-27 00:00:00+00:00,25.687786,33.49412,17.95272
2028-01-28 00:00:00+00:00,26.235653,34.044323,18.546848
2028-01-29 00:00:00+00:00,27.383522,34.944515,20.690979
2028-01-30 00:00:00+00:00,26.081388,33.594715,19.235106
2028-01-31 00:00:00+00:00,25.279257,33.14491,17.929237
2028-02-01 00:00:00+00:00,25.677126,33.99511,17.873363
2028-02-02 00:00:00+00:00,26.374994,35.34531,18.117493
2028-02-03 00:00:00+00:00,27.072863,36.145504,18.461624
2028-02-04 00:00:00+00:00,27.92073,36.845703,19.205751
2028-02-05 00:00:00+00:00,28.218597,36.995895,19.49988
2028-02-06 00:00:00+00:00,28.066465,36.7961,19.844011
2028-02-07 00:00:00+00:00,27.464333,36.146294,19.188137
2028-02-08 00:00:00+00:00,26.5622,35.196487,18.282267
2028-02-09 00:00:00+00:00,26.810068,35.94669,17.376396
2028-02-10 00:00:00+00:00,27.357939,36.54689,18.070524
2028-02-11 00:00:00+00:00,27.055803,35.697083,18.164654
2028-02-12 00:00:00+00:00,27.453674,36.29728,18.608784
2028-02-13 00:00:00+00:00,28.601542,37.54748,20.102911
2028-02-14 00:00:00+00:00,28.69941,36.74767,21.097042
2028-02-15 00:00:00+00:00,26.14728,32.897873,19.691168
2028-02-16 00:00:00+00:00,22.995146,29.398075,16.685299
2028-02-17 00:00:00+00:00,23.193012,31.048265,15.579429
2028-02-18 00:00:00+00:00,24.690882,32.79847,16.923553
2028-02-19 00:00:00+00:00,26.43875,34.648663,18.167686
2028-02-20 00:00:00+00:00,26.486618,34.098858,19.311813
2028-02-21 00:00:00+00:00,25.184488,33.29906,16.855944
2028-02-22 00:00:00+00:00,25.932354,34.14925,18.15007
2028-02-23 00:00:00+00:00,27.280222,36.49945,18.644201
2028-02-24 00:00:00+00:00,28.87809,37.899647,20.338331
2028-02-25 00:00:00+00:00,29.525959,37.89985,21.532457
2028-02-26 00:00:00+00:00,29.023827,36.950043,21.776588
2028-02-27 00:00:00+00:00,29.221695,37.95024,20.720715
2028-02-28 00:00:00+00:00,30.069565,39.350445,21.214848
2028-02-29 00:00:00+00:00,30.61743,39.900635,21.558975
2028-03-01 00:00:00+00:00,30.515299,39.400833,21.853104
2028-03-02 00:00:00+00:00,31.01317,40.301033,21.747234
2028-03-03 00:00:00+00:00,31.915936,41.35587,22.795328
2028-03-04 00:00:00+00:00,32.371643,41.513485,23.295797
2028-03-05 00:00:00+00:00,32.02735,40.821106,23.196274
2028-03-06 00:00:00+00:00,31.683054,40.778725,21.796743
2028-03-07 00:00:00+00:00,31.038765,38.836346,23.54722
2028-03-08 00:00:00+00:00,30.344473,38.84396,21.797693
2028-03-09 00:00:00+00:00,31.000175,40.501583,21.448164
2028-03-10 00:00:00+00:00,31.955885,40.159203,24.24864
2028-03-11 00:00:00+00:00,31.711592,39.76682,23.599112
2028-03-12 00:00:00+00:00,31.4173,40.02444,22.699585
2028-03-13 00:00:00+00:00,31.973007,40.58206,23.300058
2028-03-14 00:00:00+00:00,30.928713,37.18968,23.50053
2028-03-15 00:00:00+00:00,30.68442,37.7973,23.001005
2028-03-16 00:00:00+00:00,32.790127,40.154922,25.751478
2028-03-17 00:00:00+00:00,31.895836,39.512535,24.851952
2028-03-18 00:00:00+00:00,32.55154,40.470158,24.352425
2028-03-19 00:00:00+00:00,32.90725,40.77778,24.602898
2028-03-20 00:00:00+00:00,33.112957,41.785397,23.953371
2028-03-21 00:00:00+00:00,34.718666,42.793015,26.053843
2028-03-22 00:00:00+00:00,35.22437,42.150635,27.554317
2028-03-23 00:00:00+00:00,35.13008,42.958256,27.15479
2028-03-24 00:00:00+00:00,34.735786,42.965874,26.105263
2028-03-25 00:00:00+00:00,35.19149,42.973495,27.455736
2028-03-26 00:00:00+00:00,33.2472,40.98111,25.256212
2028-03-27 00:00:00+00:00,29.352907,36.68873,21.256683
2028-03-28 00:00:00+00:00,29.158613,36.64635,21.25716
2028-03-29 00:00:00+00:00,29.16432,37.50397,20.55763
2028-03-30 00:00:00+00:00,29.820028,38.111588,21.108103
2028-03-31 00:00:00+00:00,31.375734,39.919205,22.458576
2028-04-01 00:00:00+00:00,32.38144,40.926826,23.459047
2028-04-02 00:00:00+00:00,33.43715,41.584454,24.659521
2028-04-03 00:00:00+00:00,33.342854,41.392067,25.409994
2028-04-04 00:00:00+00:00,31.298561,39.399685,23.460468
2028-04-05 00:00:00+00:00,30.95427,37.607304,23.510944
2028-04-06 00:00:00+00:00,29.209978,36.264927,21.061417
2028-04-07 00:00:00+00:00,30.615685,37.822544,22.611889
2028-04-08 00:00:00+00:00,31.321392,39.580166,22.762363
2028-04-09 00:00:00+00:00,33.377098,42.03778,24.462835
2028-04-10 00:00:00+00:00,34.832806,43.645405,25.76331
2028-04-11 00:00:00+00:00,36.788513,45.953022,27.86378
2028-04-12 00:00:00+00:00,35.34422,42.76064,26.864254
2028-04-13 00:00:00+00:00,34.099926,41.418262,25.714727
2028-04-14 00:00:00+00:00,34.70563,42.92588,25.7152
2028-04-15 00:00:00+00:00,35.711338,44.183502,26.265675
2028-04-16 00:00:00+00:00,35.96705,43.14112,28.216148
2028-04-17 00:00:00+00:00,33.722755,41.89874,25.21662
2028-04-18 00:00:00+00:00,33.228462,40.806355,25.417095
2028-04-19 00:00:00+00:00,35.88417,44.013973,27.317566
2028-04-20 00:00:00+00:00,35.28988,43.321594,26.06804
2028-04-21 00:00:00+00:00,34.795586,42.529213,25.968515
2028-04-22 00:00:00+00:00,34.801292,43.036835,25.368984
2028-04-23 00:00:00+00:00,34.656998,42.594456,25.819462
2028-04-24 00:00:00+00:00,36.212704,44.252075,27.619932
2028-04-25 00:00:00+00:00,34.818413,42.609695,26.520407
2028-04-26 00:00:00+00:00,33.67412,40.51731,26.82088
2028-04-27 00:00:00+00:00,31.829828,39.27493,24.671354
2028-04-28 00:00:00+00:00,33.135536,40.73255,24.721825
2028-04-29 00:00:00+00:00,34.44124,43.390167,25.5223
2028-04-30 00:00:00+00:00,33.64695,42.09779,24.972775
2028-05-01 00:00:00+00:00,30.952652,37.655403,23.773245
2028-05-02 00:00:00+00:00,30.558361,38.56303,22.77372
2028-05-03 00:00:00+00:00,32.164124,40.05571,23.447218
2028-05-04 00:00:00+00:00,33.0699,40.94342,24.478397
2028-05-05 00:00:00+00:00,32.925682,40.98113,23.909573
2028-05-06 00:00:00+00:00,33.58146,41.968834,24.44075
2028-05-07 00:00:00+00:00,31.98724,38.80654,24.571924
2028-05-08 00:00:00+00:00,31.49302,39.194252,23.453102
2028-05-09 00:00:00+00:00,29.948803,37.68196,21.734278
2028-05-10 00:00:00+00:00,28.20458,34.919666,20.915455
2028-05-11 00:00:00+00:00,27.760357,34.457375,21.44663
2028-05-12 00:00:00+00:00,29.01614,35.74508,23.077808
2028-05-13 00:00:00+00:00,31.821917,39.932785,23.408983
2028-05-14 00:00:00+00:00,33.627693,41.620495,25.140162
2028-05-15 00:00:00+00:00,34.533478,42.4082,25.471336
2028-05-16 00:00:00+00:00,35.289253,42.895905,27.052511
2028-05-17 00:00:00+00:00,34.695038,42.483612,26.383688
2028-05-18 00:00:00+00:00,35.350815,43.221325,27.064867
2028-05-19 00:00:00+00:00,34.75659,42.05903,26.496042
2028-05-20 00:00:00+00:00,35.712376,43.296734,26.877216
2028-05-21 00:00:00+00:00,34.56815,40.784443,26.908396
2028-05-22 00:00:00+00:00,32.17393,39.22215,24.639572
2028-05-23 00:00:00+00:00,31.529715,39.309856,23.570745
2028-05-24 00:00:00+00:00,30.93549,38.747566,22.801924
2028-05-25 00:00:00+00:00,29.541267,36.08527,22.8831
2028-05-26 00:00:00+00:00,29.24705,37.672977,20.914278
2028-05-27 00:00:00+00:00,30.352829,37.910683,22.195454
2028-05-28 00:00:00+00:00,31.508612,39.24839,23.576632
2028-05-29 00:00:00+00:00,31.864388,39.4361,23.407804
2028-05-30 00:00:00+00:00,32.420166,39.47381,24.838984
2028-05-31 00:00:00+00:00,31.275946,38.511513,24.020157
2028-06-01 00:00:00+00:00,31.03173,38.14922,23.301334
2028-06-02 00:00:00+00:00,30.787508,38.236923,23.33251
2028-06-03 00:00:00+00:00,29.943285,37.424637,22.263689
2028-06-04 00:00:00+00:00,30.349066,38.31234,22.094864
2028-06-05 00:00:00+00:00,31.004845,38.900047,22.92604
2028-06-06 00:00:00+00:00,31.76062,39.43775,23.657217
2028-06-07 00:00:00+00:00,31.666405,39.57547,23.388395
2028-06-08 00:00:00+00:00,31.872179,38.96317,24.41957
2028-06-09 00:00:00+00:00,30.777962,37.200874,24.050745
2028-06-10 00:00:00+00:00,30.183743,36.93858,22.731924
2028-06-11 00:00:00+00:00,29.539518,35.676292,23.663101
2028-06-12 00:00:00+00:00,31.045296,37.463997,23.894274
2028-06-13 00:00:00+00:00,31.801079,38.151703,24.675451
2028-06-14 00:00:00+00:00,33.106857,40.189407,25.156626
2028-06-15 00:00:00+00:00,32.812637,40.17712,25.237803
2028-06-16 00:00:00+00:00,31.518415,39.21483,23.568983
2028-06-17 00:00:00+00:00,30.124193,37.452534,22.45016
2028-06-18 00:00:00+00:00,31.029976,37.990242,23.681332
2028-06-19 00:00:00+00:00,30.635756,36.377945,25.21251
2028-06-20 00:00:00+00:00,30.84153,36.865654,25.243687
2028-06-21 00:00:00+00:00,30.647314,36.80336,24.824862
2028-06-22 00:00:00+00:00,32.603092,39.64107,25.50604
2028-06-23 00:00:00+00:00,32.60887,39.478775,25.837217
2028-06-24 00:00:00+00:00,31.714651,38.616486,24.718391
2028-06-25 00:00:00+00:00,30.670433,35.05419,26.59957
2028-06-26 00:00:00+00:00,32.07621,37.541897,26.530745
2028-06-27 00:00:00+00:00,32.43199,37.929604,26.011923
2028-06-28 00:00:00+00:00,33.83777,40.46731,26.6931
2028-06-29 00:00:00+00:00,33.643547,39.00502,26.774273
2028-06-30 00:00:00+00:00,29.449326,35.342728,24.40545
2028-07-01 00:00:00+00:00,30.905107,37.530434,23.88663
2028-07-02 00:00:00+00:00,30.560886,36.518143,25.917805
2028-07-03 00:00:00+00:00,30.710396,34.958744,27.478119
2028-07-04 00:00:00+00:00,31.909006,37.449764,26.935452
2028-07-05 00:00:00+00:00,32.407623,38.99078,26.392782
2028-07-06 00:00:00+00:00,31.106236,36.88179,25.350117
2028-07-07 00:00:00+00:00,31.804848,37.67281,26.807447
2028-07-08 00:00:00+00:00,30.503466,35.213833,26.114784
2028-07-09 00:00:00+00:00,32.852074,38.404846,27.422115
2028-07-10 00:00:00+00:00,32.95069,40.095867,26.12945
2028-07-11 00:00:00+00:00,30.949305,36.88688,24.736784
2028-07-12 00:00:00+00:00,31.847916,37.7279,26.094112
2028-07-13 00:00:00+00:00,31.59653,37.818916,25.501451
2028-07-14 00:00:00+00:00,31.945145,37.359932,26.258783
2028-07-15 00:00:00+00:00,31.19376,35.80095,26.166115
2028-07-16 00:00:00+00:00,30.342371,36.44197,24.123447
2028-07-17 00:00:00+00:00,31.990986,38.232986,25.380781
2028-07-18 00:00:00+00:00,31.339598,35.574005,27.688114
2028-07-19 00:00:00+00:00,29.838211,35.36502,25.545448
2028-07-20 00:00:00+00:00,29.286827,35.20604,23.152779
2028-07-21 00:00:00+00:00,28.835438,33.197056,24.360113
2028-07-22 00:00:00+00:00,31.534052,36.188072,26.917448
2028-07-23 00:00:00+00:00,30.382666,35.62909,25.774782
2028-07-24 00:00:00+00:00,31.881277,37.42011,26.582113
2028-07-25 00:00:00+00:00,31.779892,36.91112,26.889446
2028-07-26 00:00:00+00:00,32.628506,38.952145,26.846779
2028-07-27 00:00:00+00:00,31.277119,37.793163,24.904112
2028-07-28 00:00:00+00:00,31.275732,36.78418,25.461443
2028-07-29 00:00:00+00:00,32.07435,37.275192,26.76878
2028-07-30 00:00:00+00:00,30.522959,33.91621,26.276112
2028-07-31 00:00:00+00:00,31.971573,38.00723,25.533445
2028-08-01 00:00:00+00:00,32.270187,37.148247,27.39078
2028-08-02 00:00:00+00:00,28.868803,33.88926,24.998112
2028-08-03 00:00:00+00:00,29.817413,35.38028,24.855444
2028-08-04 00:00:00+00:00,30.71603,36.3213,25.51278
2028-08-05 00:00:00+00:00,30.76464,36.112316,26.020111
2028-08-06 00:00:00+00:00,30.163256,35.203335,26.027443
2028-08-07 00:00:00+00:00,26.211868,31.644348,23.284777
2028-08-08 00:00:00+00:00,27.460482,33.435368,22.792109
2028-08-09 00:00:00+00:00,29.159094,34.82638,24.549444
2028-08-10 00:00:00+00:00,29.907707,35.4674,24.656775
2028-08-11 00:00:00+00:00,30.606321,35.65842,25.96411
2028-08-12 00:00:00+00:00,27.654936,30.59944,25.271442
2028-08-13 00:00:00+00:00,23.803549,27.590452,21.178776
2028-08-14 00:00:00+00:00,27.002163,33.231472,22.08611
2028-08-15 00:00:00+00:00,31.450779,38.822487,25.193441
2028-08-16 00:00:00+00:00,28.29939,33.66351,24.800776
2028-08-17 00:00:00+00:00,27.198004,32.20452,24.00811
2028-08-18 00:00:00+00:00,28.796616,33.495537,24.515442
2028-08-19 00:00:00+00:00,32.99523,39.036552,27.872774
2028-08-20 00:00:00+00:00,30.443844,34.277576,27.430109
2028-08-21 00:00:00+00:00,30.592459,36.068596,25.287441
2028-08-22 00:00:00+00:00,26.291069,32.15961,23.544777
2028-08-23 00:00:00+00:00,25.589685,32.350628,21.402105
2028-08-24 00:00:00+00:00,24.838295,27.791647,22.45944
2028-08-25 00:00:00+00:00,25.186913,27.782663,23.716774
2028-08-26 00:00:00+00:00,26.935526,31.37368,24.174109
2028-08-27 00:00:00+00:00,28.93414,34.814697,24.281439
2028-08-28 00:00:00+00:00,31.08275,36.905712,26.038773
2028-08-29 00:00:00+00:00,29.031364,34.64673,24.446106
2028-08-30 00:00:00+00:00,29.129978,33.78775,25.40344
2028-08-31 00:00:00+00:00,26.328592,28.528767,25.160774
2028-09-01 00:00:00+00:00,29.677206,35.819782,25.118107
2028-09-02 00:00:00+00:00,29.078299,32.689182,25.645203
2028-09-03 00:00:00+00:00,27.679394,31.158592,24.3723
2028-09-04 00:00:00+00:00,26.780485,29.977995,24.249395
2028-09-05 00:00:00+00:00,27.431581,30.3474,24.92649
2028-09-06 00:00:00+00:00,27.182676,30.766806,23.903584
2028-09-07 00:00:00+00:00,28.033766,32.186207,24.83068
2028-09-08 00:00:00+00:00,29.984861,35.205612,25.607779
2028-09-09 00:00:00+00:00,29.335955,32.77502,25.784872
2028-09-10 00:00:00+00:00,28.237051,32.044426,24.31197
2028-09-11 00:00:00+00:00,26.938143,29.263828,23.989065
2028-09-12 00:00:00+00:00,27.239237,32.633232,22.56616
2028-09-13 00:00:00+00:00,28.790329,32.85264,24.543257
2028-09-14 00:00:00+00:00,30.141422,34.77204,26.420353
2028-09-15 00:00:00+00:00,27.892515,31.041447,24.747448
2028-09-16 00:00:00+00:00,27.09361,30.810852,24.574545
2028-09-17 00:00:00+00:00,28.844704,33.230255,24.501642
2028-09-18 00:00:00+00:00,29.0958,32.99966,25.628736
2028-09-19 00:00:00+00:00,27.446896,31.169064,24.255833
2028-09-20 00:00:00+00:00,29.647987,34.38847,25.68293
2028-09-21 00:00:00+00:00,31.549082,37.607876,27.460026
2028-09-22 00:00:00+00:00,30.550175,35.07728,26.537123
2028-09-23 00:00:00+00:00,29.501268,34.04668,25.414215
2028-09-24 00:00:00+00:00,29.602362,34.11609,26.241314
2028-09-25 00:00:00+00:00,27.853455,31.435492,25.06841
2028-09-26 00:00:00+00:00,27.30455,31.904892,24.695505
2028-09-27 00:00:00+00:00,27.455643,31.424303,23.9226
2028-09-28 00:00:00+00:00,27.906736,31.843708,24.249697
2028-09-29 00:00:00+00:00,30.80783,37.86311,25.176794
2028-09-30 00:00:00+00:00,31.208925,37.332516,25.503891
2028-10-01 00:00:00+00:00,29.560017,34.601925,24.280983
2028-10-02 00:00:00+00:00,29.261112,34.621323,24.108082
2028-10-03 00:00:00+00:00,31.012203,36.54073,26.235174
2028-10-04 00:00:00+00:00,31.013302,37.76013,25.462273
2028-10-05 00:00:00+00:00,30.664392,37.979538,23.889368
2028-10-06 00:00:00+00:00,31.365482,38.948948,25.116463
2028-10-07 00:00:00+00:00,31.06658,37.51835,25.39356
2028-10-08 00:00:00+00:00,32.417675,39.28775,26.520657
2028-10-09 00:00:00+00:00,31.768768,38.55716,26.197752
2028-10-10 00:00:00+00:00,30.219862,35.976566,25.87485
2028-10-11 00:00:00+00:00,30.320955,36.345963,26.101946
2028-10-12 00:00:00+00:00,30.07205,36.66537,23.929043
2028-10-13 00:00:00+00:00,29.923143,35.934776,24.606134
2028-10-14 00:00:00+00:00,30.624237,36.60418,24.833231
2028-10-15 00:00:00+00:00,30.725332,37.223583,25.010328
2028-10-16 00:00:00+00:00,28.126425,31.44299,24.737423
2028-10-17 00:00:00+00:00,29.52752,36.212395,24.364521
2028-10-18 00:00:00+00:00,29.92861,36.7318,23.891617
2028-10-19 00:00:00+00:00,31.679707,39.0512,25.518713
2028-10-20 00:00:00+00:00,30.680798,37.370605,24.79581
2028-10-21 00:00:00+00:00,30.831894,37.84001,23.972906
2028-10-22 00:00:00+00:00,31.482986,38.359417,25.199999
2028-10-23 00:00:00+00:00,32.53408,39.87882,25.477095
2028-10-24 00:00:00+00:00,32.38517,39.148228,26.154194
2028-10-25 00:00:00+00:00,31.036268,37.81763,24.281288
2028-10-26 00:00:00+00:00,31.537361,37.787037,26.058382
2028-10-27 00:00:00+00:00,31.938457,38.50644,25.73548
2028-10-28 00:00:00+00:00,32.239548,38.775845,26.012575
2028-10-29 00:00:00+00:00,31.540644,38.895252,24.639671
2028-10-30 00:00:00+00:00,31.391733,38.36466,24.51677
2028-10-31 00:00:00+00:00,31.29283,38.98406,24.143864
2028-11-01 00:00:00+00:00,31.642653,36.00029,27.472548
2028-11-02 00:00:00+00:00,31.783592,38.44435,24.56234
2028-11-03 00:00:00+00:00,31.024532,35.738403,26.452131
2028-11-04 00:00:00+00:00,32.41547,39.83245,24.841923
2028-11-05 00:00:00+00:00,32.356403,39.476517,25.181717
2028-11-06 00:00:00+00:00,31.697346,38.620567,25.07151
2028-11-07 00:00:00+00:00,31.08828,37.964622,23.6613
2028-11-08 00:00:00+00:00,31.52922,39.158672,23.451094
2028-11-09 00:00:00+00:00,32.02016,39.65273,24.590885
2028-11-10 00:00:00+00:00,32.6611,39.74678,27.93068
2028-11-11 00:00:00+00:00,32.302032,39.540836,25.270472
2028-11-12 00:00:00+00:00,31.492971,39.334892,22.610264
2028-11-13 00:00:00+00:00,31.683912,39.578945,23.650055
2028-11-14 00:00:00+00:00,31.774847,38.973,24.239847
2028-11-15 00:00:00+00:00,31.16579,38.617054,23.529638
2028-11-16 00:00:00+00:00,30.306728,38.46111,21.819433
2028-11-17 00:00:00+00:00,30.247665,38.25516,21.609224
2028-11-18 00:00:00+00:00,31.738602,39.84922,23.849016
2028-11-19 00:00:00+00:00,31.779545,39.34327,24.838808
2028-11-20 00:00:00+00:00,30.12048,37.087322,23.578602
2028-11-21 00:00:00+00:00,28.71142,36.081383,21.818394
2028-11-22 00:00:00+00:00,27.952356,35.675434,20.608189
2028-11-23 00:00:00+00:00,27.943295,36.26949,19.49798
2028-11-24 00:00:00+00:00,30.234232,38.513546,21.837769
2028-11-25 00:00:00+00:00,31.325169,39.0576,24.577564
2028-11-26 00:00:00+00:00,30.31611,36.50165,24.417356
2028-11-27 00:00:00+00:00,30.557049,37.9457,23.507149
2028-11-28 00:00:00+00:00,30.397985,37.73976,22.89694
2028-11-29 00:00:00+00:00,30.938927,38.683815,23.086735
2028-11-30 00:00:00+00:00,31.479864,39.32787,23.876524
2028-12-01 00:00:00+00:00,30.870798,38.42192,23.966318
2028-12-02 00:00:00+00:00,28.711739,36.36597,21.20611
2028-12-03 00:00:00+00:00,28.102676,36.210033,21.045904
2028-12-04 00:00:00+00:00,27.943615,35.654083,21.335695
2028-12-05 00:00:00+00:00,28.584553,36.69814,21.52549
2028-12-06 00:00:00+00:00,28.02549,35.742195,21.16528
2028-12-07 00:00:00+00:00,25.516428,31.536247,20.155071
2028-12-08 00:00:00+00:00,24.757366,32.9803,16.444866
2028-12-09 00:00:00+00:00,22.998304,29.074352,17.134655
2028-12-10 00:00:00+00:00,22.589243,30.068409,15.22445
2028-12-11 00:00:00+00:00,24.130182,31.362467,17.814241
2028-12-12 00:00:00+00:00,26.07112,33.65652,18.854036
2028-12-13 00:00:00+00:00,26.11206,33.05057,19.293827
2028-12-14 00:00:00+00:00,27.352999,35.44463,19.633617
2028-12-15 00:00:00+00:00,28.293936,36.138683,21.073412
2028-12-16 00:00:00+00:00,27.634872,34.132736,21.663204
2028-12-17 00:00:00+00:00,27.77581,33.32679,23.602995
2028-12-18 00:00:00+00:00,27.81675,34.870846,21.242788
2028-12-19 00:00:00+00:00,27.707687,34.9149,21.232582
2028-12-20 00:00:00+00:00,27.548626,35.508953,20.822372
2028-12-21 00:00:00+00:00,27.089563,35.10301,20.212168
2028-12-22 00:00:00+00:00,26.6305,35.097065,19.201958
2028-12-23 00:00:00+00:00,26.27144,35.291115,18.241753
2028-12-24 00:00:00+00:00,25.812378,34.435173,17.831543
2028-12-25 00:00:00+00:00,25.753317,34.629227,17.371334
2028-12-26 00:00:00+00:00,25.044256,33.273277,16.961128
2028-12-27 00:00:00+00:00,24.785194,32.117336,17.85092
2028-12-28 00:00:00+00:00,26.07613,34.011387,19.640715
2028-12-29 00:00:00+00:00,26.017069,34.105442,19.780504
2028-12-30 00:00:00+00:00,27.008009,34.949497,20.720295
2028-12-31 00:00:00+00:00,28.098948,36.69355,20.410088
2029-01-01 00:00:00+00:00,28.691616,36.53914,21.700966
2029-01-02 00:00:00+00:00,27.689487,35.689335,20.345093
2029-01-03 00:00:00+00:00,27.28735,35.139538,20.639223
2029-01-04 00:00:00+00:00,27.28522,35.089737,20.03335
2029-01-05 00:00:00+00:00,26.583088,33.93993,20.17748
2029-01-06 00:00:00+00:00,26.080957,33.640125,19.67161
2029-01-07 00:00:00+00:00,26.628824,34.840324,19.16574
2029-01-08 00:00:00+00:00,26.576693,34.99052,18.359869
2029-01-09 00:00:00+00:00,25.67456,32.59072,19.903994
2029-01-10 00:00:00+00:00,24.92243,31.790915,18.198128
2029-01-11 00:00:00+00:00,24.4203,32.591118,16.142254
2029-01-12 00:00:00+00:00,25.918165,34.69131,17.236385
2029-01-13 00:00:00+00:00,27.816034,36.291508,19.480513
2029-01-14 00:00:00+00:00,28.5139,36.291706,21.024641
2029-01-15 00:00:00+00:00,29.46177,37.191902,22.118769
2029-01-16 00:00:00+00:00,30.109636,37.8921,22.6629
2029-01-17 00:00:00+00:00,29.557507,36.7923,22.757029
2029-01-18 00:00:00+00:00,27.405375,34.442493,20.501156
2029-01-19 00:00:00+00:00,26.203241,33.892696,18.795288
2029-01-20 00:00:00+00:00,25.851109,34.29289,17.689413
2029-01-21 00:00:00+00:00,26.098974,34.493084,18.183544
2029-01-22 00:00:00+00:00,26.746845,35.193283,18.027672
2029-01-23 00:00:00+00:00,25.244713,32.743484,18.121801
2029-01-24 00:00:00+00:00,27.24258,36.69368,17.71593
2029-01-25 00:00:00+00:00,28.940449,36.843876,20.560059
2029-01-26 00:00:00+00:00,31.488317,39.594074,23.70419
2029-01-27 00:00:00+00:00,32.486183,39.84427,26.498318
2029-01-28 00:00:00+00:00,30.334057,37.494465,23.892445
2029-01-29 00:00:00+00:00,28.48192,35.194664,22.186575
2029-01-30 00:00:00+00:00,29.22979,36.144863,22.880703
2029-01-31 00:00:00+00:00,29.17766,35.995064,22.624832
2029-02-01 00:00:00+00:00,28.425528,34.795258,21.818962
2029-02-02 00:00:00+00:00,28.023396,35.095455,21.613092
2029-02-03 00:00:00+00:00,27.221264,34.345654,20.357218
2029-02-04 00:00:00+00:00,26.869133,34.44585,19.251347
2029-02-05 00:00:00+00:00,28.416998,36.546047,20.295479
2029-02-06 00:00:00+00:00,30.514866,38.196243,22.789606
2029-02-07 00:00:00+00:00,29.762735,35.19644,25.383736
2029-02-08 00:00:00+00:00,29.360603,34.946636,24.727863
2029-02-09 00:00:00+00:00,30.108473,37.296837,24.47199
2029-02-10 00:00:00+00:00,27.206339,32.947033,22.116123
2029-02-11 00:00:00+00:00,25.804209,32.597233,19.760252
2029-02-12 00:00:00+00:00,26.552074,35.097427,18.00438
2029-02-13 00:00:00+00:00,28.099943,36.44762,19.24851
2029-02-14 00:00:00+00:00,29.447811,37.897823,20.642637
2029-02-15 00:00:00+00:00,29.79568,38.048023,21.436768
2029-02-16 00:00:00+00:00,29.443546,37.148216,22.030897
2029-02-17 00:00:00+00:00,30.741413,39.448418,22.425024
2029-02-18 00:00:00+00:00,30.389284,38.898613,21.819155
2029-02-19 00:00:00+00:00,31.037151,40.048813,22.313282
2029-02-20 00:00:00+00:00,32.03502,41.349007,23.00741
2029-02-21 00:00:00+00:00,32.432884,40.899204,23.901537
2029-02-22 00:00:00+00:00,31.880756,39.899403,23.39567
2029-02-23 00:00:00+00:00,31.778625,40.0996,23.239798
2029-02-24 00:00:00+00:00,32.576492,41.3498,24.133926
2029-02-25 00:00:00+00:00,32.724358,41.149994,24.628056
2029-02-26 00:00:00+00:00,31.52223,38.95019,23.922184
2029-02-27 00:00:00+00:00,29.970095,37.650387,22.56631
2029-02-28 00:00:00+00:00,28.567965,36.650585,21.460443
2029-03-01 00:00:00+00:00,29.115831,38.350784,19.154572
2029-03-02 00:00:00+00:00,30.063702,38.90098,21.048702
2029-03-03 00:00:00+00:00,29.814508,37.903965,21.595207
2029-03-04 00:00:00+00:00,29.770214,37.711575,21.895681
2029-03-05 00:00:00+00:00,29.325922,37.2192,21.696154
2029-03-06 00:00:00+00:00,30.13163,38.77682,22.046629
2029-03-07 00:00:00+00:00,30.537338,39.43444,22.3471
2029-03-08 00:00:00+00:00,30.593044,39.19206,22.697575
2029-03-09 00:00:00+00:00,31.098751,40.14968,22.648046
2029-03-10 00:00:00+00:00,31.204456,40.55729,22.298521
2029-03-11 00:00:00+00:00,30.960163,40.264915,20.648994
2029-03-12 00:00:00+00:00,31.815874,41.172535,22.199467
2029-03-13 00:00:00+00:00,32.821583,42.180157,23.449942
2029-03-14 00:00:00+00:00,33.027283,42.087772,23.600412
2029-03-15 00:00:00+00:00,33.532993,42.34539,23.850887
2029-03-16 00:00:00+00:00,34.388702,42.753014,26.50136
2029-03-17 00:00:00+00:00,33.44441,41.660633,25.501833
2029-03-18 00:00:00+00:00,31.850117,40.11825,23.202305
2029-03-19 00:00:00+00:00,27.605822,34.675873,19.752779
2029-03-20 00:00:00+00:00,26.111528,33.133488,18.103252
2029-03-21 00:00:00+00:00,29.417236,37.19111,21.553724
2029-03-22 00:00:00+00:00,31.672945,38.948734,25.7542
2029-03-23 00:00:00+00:00,33.37865,42.656345,24.354671
2029-03-24 00:00:00+00:00,33.884357,42.313972,25.655146
2029-03-25 00:00:00+00:00,33.290062,42.071587,24.405619
2029-03-26 00:00:00+00:00,32.795773,42.22921,23.056091
2029-03-27 00:00:00+00:00,32.35148,41.786827,21.006565
2029-03-28 00:00:00+00:00,32.557182,41.394444,23.607038
2029-03-29 00:00:00+00:00,31.962894,40.002068,23.357512
2029-03-30 00:00:00+00:00,29.8686,38.109684,21.157984
2029-03-31 00:00:00+00:00,28.924305,37.267307,20.008457
2029-04-01 00:00:00+00:00,29.280016,37.724922,20.20893
2029-04-02 00:00:00+00:00,29.235722,37.782543,20.159403
2029-04-03 00:00:00+00:00,29.041428,36.990158,21.009876
2029-04-04 00:00:00+00:00,28.197138,36.24778,19.81035
2029-04-05 00:00:00+00:00,27.902845,35.8554,19.560825
2029-04-06 00:00:00+00:00,30.158552,38.063023,22.411299
2029-04-07 00:00:00+00:00,32.71426,41.67064,23.36177
2029-04-08 00:00:00+00:00,32.069965,40.078262,24.512245
2029-04-09 00:00:00+00:00,28.37567,36.08588,20.912718
2029-04-10 00:00:00+00:00,26.881374,35.193497,18.463188
2029-04-11 00:00:00+00:00,27.137085,35.551113,18.313663
2029-04-12 00:00:00+00:00,28.642794,37.008736,19.814138
2029-04-13 00:00:00+00:00,29.5985,37.516354,21.364609
2029-04-14 00:00:00+00:00,28.504206,36.873978,19.665083
2029-04-15 00:00:00+00:00,29.209917,38.481594,19.565556
2029-04-16 00:00:00+00:00,30.66562,38.83921,22.216028
2029-04-17 00:00:00+00:00,31.37133,38.79683,23.816502
2029-04-18 00:00:00+00:00,29.827036,37.804455,21.216974
2029-04-19 00:00:00+00:00,31.082747,38.812073,22.81745
2029-04-20 00:00:00+00:00,32.53845,40.61969,23.917923
2029-04-21 00:00:00+00:00,32.94416,40.47731,24.818396
2029-04-22 00:00:00+00:00,33.449863,41.38493,25.118868
2029-04-23 00:00:00+00:00,33.805573,42.09255,24.919342
2029-04-24 00:00:00+00:00,34.961277,43.800167,25.319815
2029-04-25 00:00:00+00:00,36.566986,43.257793,29.620287
2029-04-26 00:00:00+00:00,34.172695,41.06541,25.920763
2029-04-27 00:00:00+00:00,34.4784,42.523026,25.921232
2029-04-28 00:00:00+00:00,33.784103,41.780647,25.02171
2029-04-29 00:00:00+00:00,31.639816,38.738262,23.922182
2029-04-30 00:00:00+00:00,32.89552,40.495884,24.572653
2029-05-01 00:00:00+00:00,32.051228,39.653503,23.47313
2029-05-02 00:00:00+00:00,33.556934,41.611122,24.5736
2029-05-03 00:00:00+00:00,33.91268,41.958786,25.139425
2029-05-04 00:00:00+00:00,34.51846,42.696495,25.670603
2029-05-05 00:00:00+00:00,34.474236,41.8842,26.801777
2029-05-06 00:00:00+00:00,35.43002,42.521904,27.082956
2029-05-07 00:00:00+00:00,34.1858,40.65961,27.01413
2029-05-08 00:00:00+00:00,32.941574,39.947323,25.445307
2029-05-09 00:00:00+00:00,31.547354,39.385033,23.326483
2029-05-10 00:00:00+00:00,31.60313,40.52274,22.307661
2029-05-11 00:00:00+00:00,35.558914,45.01044,25.788836
2029-05-12 00:00:00+00:00,36.21469,43.89815,27.870014
2029-05-13 00:00:00+00:00,35.42048,43.48586,26.451189
2029-05-14 00:00:00+00:00,35.926254,44.073563,27.332367
2029-05-15 00:00:00+00:00,35.23203,42.06127,26.913544
2029-05-16 00:00:00+00:00,34.937813,41.79898,27.244717
2029-05-17 00:00:00+00:00,35.69359,43.286682,27.475895
2029-05-18 00:00:00+00:00,34.39937,40.324394,27.50707
2029-05-19 00:00:00+00:00,34.155144,42.562103,25.538248
2029-05-20 00:00:00+00:00,34.06093,41.09981,26.469425
2029-05-21 00:00:00+00:00,32.916706,40.087513,24.9506
2029-05-22 00:00:00+00:00,32.72249,40.22522,24.781778
2029-05-23 00:00:00+00:00,31.778267,37.41293,25.462955
2029-05-24 00:00:00+00:00,33.38405,41.200638,25.59413
2029-05-25 00:00:00+00:00,32.989826,40.68834,24.975307
2029-05-26 00:00:00+00:00,31.99561,38.87605,24.656483
2029-05-27 00:00:00+00:00,31.801386,39.013756,23.637657
2029-05-28 00:00:00+00:00,34.257164,41.25147,26.768835
2029-05-29 00:00:00+00:00,34.362946,40.73917,27.000013
2029-05-30 00:00:00+00:00,32.91872,39.27688,26.83119
2029-05-31 00:00:00+00:00,34.9245,43.114582,26.662365
2029-06-01 00:00:00+00:00,32.830284,39.302296,26.44354
2029-06-02 00:00:00+00:00,27.886059,34.489998,22.324717
2029-06-03 00:00:00+00:00,31.091843,38.077705,23.805895
2029-06-04 00:00:00+00:00,33.14762,39.865414,25.88707
2029-06-05 00:00:00+00:00,35.153397,41.853127,27.618246
2029-06-06 00:00:00+00:00,36.95918,44.440826,29.149424
2029-06-07 00:00:00+00:00,35.514957,42.428535,27.530598
2029-06-08 00:00:00+00:00,34.07074,41.16624,26.711777
2029-06-09 00:00:00+00:00,32.676517,39.803955,25.692951
2029-06-10 00:00:00+00:00,30.832298,35.941654,27.07413
2029-06-11 00:00:00+00:00,30.838078,35.029366,26.555304
2029-06-12 00:00:00+00:00,32.143856,38.31707,25.886482
2029-06-13 00:00:00+00:00,32.749634,39.604782,25.567657
2029-06-14 00:00:00+00:00,31.855415,37.992485,25.598835
2029-06-15 00:00:00+00:00,32.711193,38.780193,26.330011
2029-06-16 00:00:00+00:00,32.366974,37.417896,26.661188
2029-06-17 00:00:00+00:00,32.222748,38.20561,26.442364
2029-06-18 00:00:00+00:00,31.77853,36.59331,26.773539
2029-06-19 00:00:00+00:00,31.734312,37.931023,25.554718
2029-06-20 00:00:00+00:00,32.590088,38.518726,26.185894
2029-06-21 00:00:00+00:00,32.895866,38.65644,26.86707
2029-06-22 00:00:00+00:00,32.751648,39.144142,25.698246
2029-06-23 00:00:00+00:00,32.957428,38.48185,27.379423
2029-06-24 00:00:00+00:00,31.813206,38.219555,26.760597
2029-06-25 00:00:00+00:00,34.91899,43.557262,27.341774
2029-06-26 00:00:00+00:00,33.274765,40.294968,25.972952
2029-06-27 00:00:00+00:00,31.480545,37.032677,26.704124
2029-06-28 00:00:00+00:00,31.886324,37.82039,26.135303
2029-06-29 00:00:00+00:00,24.942104,31.308096,20.766481
2029-06-30 00:00:00+00:00,27.747885,34.5458,21.847656
2029-07-01 00:00:00+00:00,30.403664,36.133507,24.678833
2029-07-02 00:00:00+00:00,30.859442,36.42122,25.460009
2029-07-03 00:00:00+00:00,30.460743,34.760994,26.326283
2029-07-04 00:00:00+00:00,28.359356,33.452003,24.533617
2029-07-05 00:00:00+00:00,28.20797,34.843025,23.340952
2029-07-06 00:00:00+00:00,30.456583,37.034042,24.29828
2029-07-07 00:00:00+00:00,32.605194,38.875057,26.355618
2029-07-08 00:00:00+00:00,32.65381,38.06608,27.012949
2029-07-09 00:00:00+00:00,31.452425,36.607094,26.270283
2029-07-10 00:00:00+00:00,31.751038,36.79811,26.277617
2029-07-11 00:00:00+00:00,32.599648,38.48913,26.33495
2029-07-12 00:00:00+00:00,32.898262,38.930145,27.042282
2029-07-13 00:00:00+00:00,28.646877,32.671165,25.099613
2029-07-14 00:00:00+00:00,27.895493,33.56218,24.306948
2029-07-15 00:00:00+00:00,30.044106,36.6532,24.964281
2029-07-16 00:00:00+00:00,26.742718,31.244213,22.621614
2029-07-17 00:00:00+00:00,25.991333,30.635233,22.67895
2029-07-18 00:00:00+00:00,26.989946,32.97625,22.236279
2029-07-19 00:00:00+00:00,28.138557,35.26727,22.843616
2029-07-20 00:00:00+00:00,30.03717,35.458282,25.350948
2029-07-21 00:00:00+00:00,31.335785,37.599304,25.55828
2029-07-22 00:00:00+00:00,31.184399,36.44032,26.865612
2029-07-23 00:00:00+00:00,28.183014,30.931335,25.372948
2029-07-24 00:00:00+00:00,29.081623,34.17235,24.530281
2029-07-25 00:00:00+00:00,31.480238,38.01337,26.087614
2029-07-26 00:00:00+00:00,33.178856,39.454384,26.944944
2029-07-27 00:00:00+00:00,29.877466,35.195408,26.50228
2029-07-28 00:00:00+00:00,29.276077,34.136425,25.55961
2029-07-29 00:00:00+00:00,26.574694,32.72744,23.066944
2029-07-30 00:00:00+00:00,28.673304,34.868458,22.77428
2029-07-31 00:00:00+00:00,29.02192,33.909473,24.281614
2029-08-01 00:00:00+00:00,30.870531,36.500492,25.988945
2029-08-02 00:00:00+00:00,27.469149,31.491508,25.496279
2029-08-03 00:00:00+00:00,28.967762,34.732525,24.203613
2029-08-04 00:00:00+00:00,30.216377,36.073544,24.760944
2029-08-05 00:00:00+00:00,30.314985,35.86456,25.418278
2029-08-06 00:00:00+00:00,25.913603,30.355576,24.175611
2029-08-07 00:00:00+00:00,26.562214,31.396599,22.882944
2029-08-08 00:00:00+00:00,27.810827,33.937614,23.190277
2029-08-09 00:00:00+00:00,28.709442,34.92863,23.997608
2029-08-10 00:00:00+00:00,25.808056,28.869646,24.104944
2029-08-11 00:00:00+00:00,28.556667,34.160667,23.462276
2029-08-12 00:00:00+00:00,26.155283,30.751678,21.069609
2029-08-13 00:00:00+00:00,28.053896,33.442703,24.076944
2029-08-14 00:00:00+00:00,28.902508,35.233715,23.184275
2029-08-15 00:00:00+00:00,30.751125,36.274734,26.091608
2029-08-16 00:00:00+00:00,30.749735,36.41575,25.248943
2029-08-17 00:00:00+00:00,25.54835,30.456768,22.406275
2029-08-18 00:00:00+00:00,25.19696,28.397789,22.213608
2029-08-19 00:00:00+00:00,27.195578,31.738804,24.570942
2029-08-20 00:00:00+00:00,28.29419,34.079823,24.178274
2029-08-21 00:00:00+00:00,28.7928,34.920837,23.63561
2029-08-22 00:00:00+00:00,29.091417,34.811855,23.74294
2029-08-23 00:00:00+00:00,29.54003,34.252872,25.450274
2029-08-24 00:00:00+00:00,29.138643,34.49389,25.357609
2029-08-25 00:00:00+00:00,29.237259,33.634907,24.664938
2029-08-26 00:00:00+00:00,24.73587,29.375927,22.522272
2029-08-27 00:00:00+00:00,24.534487,28.06694,22.029608
2029-08-28 00:00:00+00:00,26.733097,31.257961,23.986942
2029-08-29 00:00:00+00:00,30.08171,36.948975,24.394272
2029-08-30 00:00:00+00:00,29.480324,34.239994,25.501604
2029-08-31 00:00:00+00:00,29.228937,34.63101,24.258942
2029-09-01 00:00:00+00:00,28.677553,33.572033,24.816273
2029-09-02 00:00:00+00:00,28.278025,32.384335,22.60093
2029-09-03 00:00:00+00:00,25.179121,28.303745,22.878023
2029-09-04 00:00:00+00:00,26.830215,31.22314,22.75512
2029-09-05 00:00:00+00:00,29.131306,33.792553,25.032219
2029-09-06 00:00:00+00:00,26.9824,29.761957,24.509314
2029-09-07 00:00:00+00:00,25.683495,29.431358,22.03641
2029-09-08 00:00:00+00:00,27.784586,31.100763,24.463501
2029-09-09 00:00:00+00:00,28.985683,32.520164,25.7906
2029-09-10 00:00:00+00:00,25.886774,28.63957,23.717695
2029-09-11 00:00:00+00:00,24.637869,26.958977,22.44479
2029-09-12 00:00:00+00:00,26.338964,30.028385,23.071886
2029-09-13 00:00:00+00:00,28.640057,31.897785,25.498985
2029-09-14 00:00:00+00:00,28.89115,31.91719,25.52608
2029-09-15 00:00:00+00:00,28.292244,31.636597,24.953175
2029-09-16 00:00:00+00:00,28.393337,32.455997,24.630272
2029-09-17 00:00:00+00:00,28.54443,31.225405,26.40737
2029-09-18 00:00:00+00:00,27.445526,30.444809,24.634462
2029-09-19 00:00:00+00:00,26.89662,30.564215,23.411558
2029-09-20 00:00:00+00:00,27.54771,31.133621,24.638657
2029-09-21 00:00:00+00:00,28.498806,31.903023,25.665752
2029-09-22 00:00:00+00:00,28.2999,32.272427,24.692848
2029-09-23 00:00:00+00:00,28.450996,32.991837,24.469944
2029-09-24 00:00:00+00:00,29.202087,33.061237,25.597038
2029-09-25 00:00:00+00:00,28.80318,31.780643,25.374134
2029-09-26 00:00:00+00:00,27.754274,30.15005,25.00123
2029-09-27 00:00:00+00:00,27.90537,32.21945,24.678328
2029-09-28 00:00:00+00:00,28.706463,33.338852,24.655424
2029-09-29 00:00:00+00:00,27.207556,30.558262,24.882517
2029-09-30 00:00:00+00:00,27.20865,31.977665,22.309616
2029-10-01 00:00:00+00:00,28.359743,32.447067,24.98671
2029-10-02 00:00:00+00:00,28.610838,32.366474,25.113806
2029-10-03 00:00:00+00:00,28.611933,32.985878,24.190905
2029-10-04 00:00:00+00:00,28.513025,32.905285,24.567997
2029-10-05 00:00:00+00:00,24.16412,28.67469,21.395096
2029-10-06 00:00:00+00:00,25.765213,30.54409,21.62219
2029-10-07 00:00:00+00:00,27.316305,32.363495,23.399284
2029-10-08 00:00:00+00:00,24.5174,28.782906,20.576385
2029-10-09 00:00:00+00:00,23.868494,28.952307,20.103477
2029-10-10 00:00:00+00:00,26.519588,32.82171,20.080574
2029-10-11 00:00:00+00:00,28.320679,32.941116,24.207672
2029-10-12 00:00:00+00:00,28.321774,32.96052,23.234766
2029-10-13 00:00:00+00:00,28.772867,34.07992,23.961863
2029-10-14 00:00:00+00:00,27.423962,33.64933,23.038958
2029-10-15 00:00:00+00:00,25.725058,32.268734,19.866055
2029-10-16 00:00:00+00:00,25.07615,32.83814,16.04315
2029-10-17 00:00:00+00:00,25.927244,32.55754,19.570248
2029-10-18 00:00:00+00:00,27.128338,32.776947,21.64734
2029-10-19 00:00:00+00:00,25.979433,28.346354,23.724436
2029-10-20 00:00:00+00:00,28.530525,34.26576,23.001535
2029-10-21 00:00:00+00:00,30.43162,38.53516,24.878632
2029-10-22 00:00:00+00:00,29.882713,35.704567,24.005726
2029-10-23 00:00:00+00:00,30.533806,38.52397,24.882824
2029-10-24 00:00:00+00:00,30.734901,39.893375,23.359917
2029-10-25 00:00:00+00:00,30.135994,37.912777,23.587013
2029-10-26 00:00:00+00:00,29.087086,35.732185,22.81411
2029-10-27 00:00:00+00:00,27.488182,31.651588,22.741205
2029-10-28 00:00:00+00:00,25.689274,30.420994,22.1683
2029-10-29 00:00:00+00:00,27.940369,34.990395,21.995396
2029-10-30 00:00:00+00:00,28.391462,34.959805,23.022495
2029-10-31 00:00:00+00:00,27.842556,33.929207,21.89959
2029-11-01 00:00:00+00:00,26.443651,31.398607,22.876686
2029-11-02 00:00:00+00:00,29.085857,36.795834,22.26489
2029-11-03 00:00:00+00:00,31.876793,39.189888,24.854685
2029-11-04 00:00:00+00:00,31.817734,38.183945,24.844475
2029-11-05 00:00:00+00:00,32.158676,38.427998,26.834269
2029-11-06 00:00:00+00:00,31.199612,38.122055,24.27406
2029-11-07 00:00:00+00:00,31.740551,38.716106,24.013851
2029-11-08 00:00:00+00:00,32.181488,37.21016,27.203644
2029-11-09 00:00:00+00:00,32.922424,39.454216,26.743439
2029-11-10 00:00:00+00:00,32.763363,39.59827,25.983229
2029-11-11 00:00:00+00:00,33.254303,40.242325,26.32302
2029-11-12 00:00:00+00:00,32.545242,39.486378,25.112816
2029-11-13 00:00:00+00:00,26.386177,33.080433,20.00261
2029-11-14 00:00:00+00:00,27.277117,33.724487,22.0424
2029-11-15 00:00:00+00:00,30.518053,38.76854,23.182192
2029-11-16 00:00:00+00:00,30.808994,38.8626,22.621984
2029-11-17 00:00:00+00:00,30.799934,38.00665,23.661774
2029-11-18 00:00:00+00:00,29.890867,36.8007,23.401567
2029-11-19 00:00:00+00:00,29.58181,36.94476,22.24136
2029-11-20 00:00:00+00:00,30.222746,37.988815,22.181154
2029-11-21 00:00:00+00:00,31.113684,38.832867,23.570946
2029-11-22 00:00:00+00:00,31.004627,38.426918,24.210737
2029-11-23 00:00:00+00:00,30.945557,38.020977,24.15053
2029-11-24 00:00:00+00:00,30.0865,37.365032,23.490324
2029-11-25 00:00:00+00:00,29.477438,36.15908,23.180117
2029-11-26 00:00:00+00:00,29.068377,36.103138,22.419907
2029-11-27 00:00:00+00:00,27.30931,33.597195,21.509699
2029-11-28 00:00:00+00:00,25.10025,31.641247,18.849493
2029-11-29 00:00:00+00:00,25.44119,33.0853,18.139286
2029-11-30 00:00:00+00:00,26.682127,34.029354,19.229076
2029-12-01 00:00:00+00:00,28.073063,35.523407,20.818869
2029-12-02 00:00:00+00:00,28.264004,35.067467,21.808662
2029-12-03 00:00:00+00:00,28.35494,35.16152,22.198454
2029-12-04 00:00:00+00:00,28.34588,34.90557,22.338247
2029-12-05 00:00:00+00:00,28.286816,35.499626,21.728039
2029-12-06 00:00:00+00:00,28.577757,36.293682,22.017832
2029-12-07 00:00:00+00:00,28.868694,36.637733,21.757624
2029-12-08 00:00:00+00:00,28.859632,36.58179,21.84742
2029-12-09 00:00:00+00:00,28.200571,35.675846,21.437206
2029-12-10 00:00:00+00:00,27.491508,35.119896,20.977001
2029-12-11 00:00:00+00:00,27.43245,35.263954,20.416794
2029-12-12 00:00:00+00:00,28.173386,36.458004,20.756584
2029-12-13 00:00:00+00:00,28.114325,35.90206,20.846378
2029-12-14 00:00:00+00:00,28.155262,36.246117,20.586172
2029-12-15 00:00:00+00:00,27.9962,36.140167,20.375963
2029-12-16 00:00:00+00:00,28.387138,36.984222,20.365755
2029-12-17 00:00:00+00:00,28.678074,37.22828,20.55555
2029-12-18 00:00:00+00:00,29.169014,37.522327,21.345339
2029-12-19 00:00:00+00:00,28.759953,36.516384,21.485132
2029-12-20 00:00:00+00:00,26.200891,32.91044,19.674925
2029-12-21 00:00:00+00:00,24.741829,31.45449,18.414717
2029-12-22 00:00:00+00:00,24.932768,32.34855,18.85451
2029-12-23 00:00:00+00:00,26.023708,34.442604,17.944302
2029-12-24 00:00:00+00:00,27.314644,34.686657,20.134094
2029-12-25 00:00:00+00:00,27.105581,34.33071,20.773886
2029-12-26 00:00:00+00:00,26.246521,33.274765,19.71368
2029-12-27 00:00:00+00:00,24.23746,29.818819,19.403473
2029-12-28 00:00:00+00:00,23.128397,30.062872,16.493263
2029-12-29 00:00:00+00:00,23.119333,30.10693,16.283058
2029-12-30 00:00:00+00:00,23.460276,30.700981,16.57285
2029-12-31 00:00:00+00:00,24.101212,30.995039,17.46264
2030-01-01 00:00:00+00:00,24.94215,32.43909,18.802433
2030-01-02 00:00:00+00:00,22.890018,27.98929,18.896563
2030-01-03 00:00:00+00:00,22.587887,27.589489,17.940691
2030-01-04 00:00:00+00:00,24.535753,32.439682,17.13482
2030-01-05 00:00:00+00:00,26.183622,33.93988,19.078949
2030-01-06 00:00:00+00:00,24.531488,30.840076,18.423079
2030-01-07 00:00:00+00:00,21.17936,27.790277,14.767205
2030-01-08 00:00:00+00:00,20.227226,27.640472,13.261334
2030-01-09 00:00:00+00:00,20.675095,28.14067,13.805465
2030-01-10 00:00:00+00:00,22.872961,31.39087,15.549592
2030-01-11 00:00:00+00:00,22.870829,30.591064,15.743722
2030-01-12 00:00:00+00:00,23.518698,32.09126,15.637851
2030-01-13 00:00:00+00:00,24.716566,33.541462,16.481981
2030-01-14 00:00:00+00:00,26.064436,35.041656,17.77611
2030-01-15 00:00:00+00:00,26.6123,34.99185,18.770237
2030-01-16 00:00:00+00:00,26.31017,34.49205,18.464369
2030-01-17 00:00:00+00:00,26.508036,35.44225,18.008495
2030-01-18 00:00:00+00:00,27.105907,35.84245,19.002625
2030-01-19 00:00:00+00:00,27.153774,35.542645,19.346752
2030-01-20 00:00:00+00:00,27.051645,35.592842,19.190882
2030-01-21 00:00:00+00:00,27.29951,35.543037,19.68501
2030-01-22 00:00:00+00:00,27.097378,35.143234,19.67914
2030-01-23 00:00:00+00:00,26.595247,33.993435,19.62327
2030-01-24 00:00:00+00:00,25.793116,33.39363,18.617397
2030-01-25 00:00:00+00:00,25.540983,33.34383,18.211529
2030-01-26 00:00:00+00:00,26.138851,34.544025,18.255655
2030-01-27 00:00:00+00:00,26.986717,35.39422,19.449785
2030-01-28 00:00:00+00:00,27.434587,35.894417,19.593912
2030-01-29 00:00:00+00:00,27.082455,35.59462,19.03804
2030-01-30 00:00:00+00:00,26.280323,34.494812,18.232172
2030-01-31 00:00:00+00:00,26.078192,34.295013,18.226301
2030-02-01 00:00:00+00:00,26.426058,34.84521,18.57043
2030-02-02 00:00:00+00:00,27.723927,36.59541,19.264557
2030-02-03 00:00:00+00:00,28.721794,37.445602,20.608686
2030-02-04 00:00:00+00:00,29.069662,37.995796,20.652817
2030-02-05 00:00:00+00:00,28.367533,36.495995,20.696945
2030-02-06 00:00:00+00:00,27.4154,36.246193,18.691074
2030-02-07 00:00:00+00:00,27.563265,36.446392,19.135202
2030-02-08 00:00:00+00:00,27.711136,36.696587,18.82933
2030-02-09 00:00:00+00:00,26.559004,34.14679,19.173462
2030-02-10 00:00:00+00:00,25.60687,32.996983,18.26759
2030-02-11 00:00:00+00:00,25.154743,32.597183,17.811718
2030-02-12 00:00:00+00:00,26.402609,34.597378,18.405848
2030-02-13 00:00:00+00:00,28.900475,37.247578,21.149977
2030-02-14 00:00:00+00:00,29.698345,37.79778,22.244104
2030-02-15 00:00:00+00:00,29.846214,37.697968,22.738235
2030-02-16 00:00:00+00:00,29.84408,38.448166,21.732365
2030-02-17 00:00:00+00:00,30.141947,38.848366,21.326492
2030-02-18 00:00:00+00:00,30.689817,39.348564,22.470623
2030-02-19 00:00:00+00:00,30.587687,39.14876,22.21475
2030-02-20 00:00:00+00:00,29.88555,38.498955,21.508877
2030-02-21 00:00:00+00:00,29.38342,38.39916,20.103006
2030-02-22 00:00:00+00:00,29.431288,38.099354,20.247135
2030-02-23 00:00:00+00:00,29.079159,37.299553,20.891266
2030-02-24 00:00:00+00:00,28.727026,37.19975,20.285395
2030-02-25 00:00:00+00:00,28.974892,37.449947,20.829523
2030-02-26 00:00:00+00:00,29.072762,37.40014,21.223652
2030-02-27 00:00:00+00:00,29.32063,37.500336,21.26778
2030-02-28 00:00:00+00:00,29.868498,38.000534,21.76191
2030-03-01 00:00:00+00:00,30.566364,39.05073,22.006039
2030-03-02 00:00:00+00:00,31.714231,40.100933,23.25017
2030-03-03 00:00:00+00:00,30.66308,38.30206,23.74509
2030-03-04 00:00:00+00:00,27.968786,35.059677,20.595564
2030-03-05 00:00:00+00:00,26.974497,34.1173,20.246037
2030-03-06 00:00:00+00:00,29.530203,38.674915,20.646511
2030-03-07 00:00:00+00:00,30.185907,38.232533,22.346981
2030-03-08 00:00:00+00:00,29.24162,36.690155,21.797457
2030-03-09 00:00:00+00:00,27.247322,34.197777,20.297928
2030-03-10 00:00:00+00:00,26.90303,34.855392,18.798403
2030-03-11 00:00:00+00:00,28.30874,36.613014,20.348877
2030-03-12 00:00:00+00:00,29.264444,37.77063,21.049349
2030-03-13 00:00:00+00:00,29.920153,38.378254,21.349821
2030-03-14 00:00:00+00:00,30.525856,38.88587,22.200294
2030-03-15 00:00:00+00:00,29.931568,37.543488,22.100767
2030-03-16 00:00:00+00:00,29.337273,36.75111,22.251244
2030-03-17 00:00:00+00:00,28.992981,37.558727,20.351713
2030-03-18 00:00:00+00:00,30.198689,39.11635,21.002188
2030-03-19 00:00:00+00:00,31.054392,40.073963,22.05266
2030-03-20 00:00:00+00:00,31.510101,40.83158,22.053135
2030-03-21 00:00:00+00:00,33.16581,42.389202,24.003609
2030-03-22 00:00:00+00:00,34.271515,42.846825,25.704079
2030-03-23 00:00:00+00:00,33.927223,41.304443,25.654554
2030-03-24 00:00:00+00:00,33.68293,41.91206,25.155027
2030-03-25 00:00:00+00:00,34.788635,43.06968,26.7555
2030-03-26 00:00:00+00:00,32.794342,39.5273,25.755974
2030-03-27 00:00:00+00:00,31.050053,38.184917,24.006449
2030-03-28 00:00:00+00:00,30.355759,37.942543,22.60692
2030-03-29 00:00:00+00:00,31.011467,39.05016,22.707394
2030-03-30 00:00:00+00:00,31.517176,39.70778,22.707867
2030-03-31 00:00:00+00:00,32.172886,41.165394,22.15834
2030-04-01 00:00:00+00:00,31.678589,39.523018,23.408812
2030-04-02 00:00:00+00:00,31.834295,39.980637,23.509287
2030-04-03 00:00:00+00:00,33.940002,43.08826,24.709757
2030-04-04 00:00:00+00:00,35.19571,44.04588,26.860231
2030-04-05 00:00:00+00:00,34.451416,42.153496,26.110706
2030-04-06 00:00:00+00:00,32.857124,40.66111,24.46118
2030-04-07 00:00:00+00:00,34.86283,42.718735,26.611652
2030-04-08 00:00:00+00:00,35.31854,43.026352,27.362125
2030-04-09 00:00:00+00:00,34.374245,42.68397,26.1626
2030-04-10 00:00:00+00:00,34.029953,41.991592,26.113071
2030-04-11 00:00:00+00:00,33.98566,42.69921,25.063545
2030-04-12 00:00:00+00:00,34.69137,43.90683,24.214016
2030-04-13 00:00:00+00:00,35.19707,43.51445,25.76449
2030-04-14 00:00:00+00:00,35.05278,42.37207,26.514967
2030-04-15 00:00:00+00:00,34.608486,41.279686,26.665436
2030-04-16 00:00:00+00:00,33.364197,41.637314,24.515911
2030-04-17 00:00:00+00:00,34.569904,43.444927,25.516384
2030-04-18 00:00:00+00:00,35.825607,45.102543,25.316856
2030-04-19 00:00:00+00:00,35.581314,44.36016,26.017332
2030-04-20 00:00:00+00:00,34.587025,42.617786,25.017805
2030-04-21 00:00:00+00:00,34.89273,42.975407,25.868277
2030-04-22 00:00:00+00:00,33.198437,41.133022,24.81875
2030-04-23 00:00:00+00:00,32.004143,39.890644,23.419226
2030-04-24 00:00:00+00:00,34.20985,42.598263,25.169699
2030-04-25 00:00:00+00:00,35.865555,43.855885,27.57017
2030-04-26 00:00:00+00:00,35.57127,44.013504,27.470644
2030-04-27 00:00:00+00:00,34.426975,40.971123,26.921116
2030-04-28 00:00:00+00:00,33.18268,40.17874,25.521591
2030-04-29 00:00:00+00:00,27.838387,33.73636,23.922064
2030-04-30 00:00:00+00:00,32.49409,40.74398,24.322536
2030-05-01 00:00:00+00:00,35.399803,42.9516,27.27301
2030-05-02 00:00:00+00:00,36.10551,43.509216,28.023481
2030-05-03 00:00:00+00:00,34.31123,41.911858,25.48163
2030-05-04 00:00:00+00:00,35.71701,43.999565,26.712809
2030-05-05 00:00:00+00:00,36.622795,44.787273,27.943985
2030-05-06 00:00:00+00:00,34.978573,42.574978,26.975163
2030-05-07 00:00:00+00:00,32.28435,40.162685,23.756336
2030-05-08 00:00:00+00:00,32.890133,40.550396,24.237514
2030-05-09 00:00:00+00:00,36.145912,43.3381,28.01869
2030-05-10 00:00:00+00:00,36.551685,43.57581,29.049864
2030-05-11 00:00:00+00:00,36.30747,43.513515,28.281044
2030-05-12 00:00:00+00:00,35.913254,43.551224,27.56222
2030-05-13 00:00:00+00:00,34.969025,42.538933,26.743395
2030-05-14 00:00:00+00:00,33.27481,40.826637,25.074572
2030-05-15 00:00:00+00:00,32.83059,39.964344,24.905748
2030-05-16 00:00:00+00:00,34.436367,41.10205,26.236923
2030-05-17 00:00:00+00:00,35.792145,42.039757,28.8681
2030-05-18 00:00:00+00:00,36.597923,42.677467,30.549278
2030-05-19 00:00:00+00:00,36.253708,43.315174,29.630453
2030-05-20 00:00:00+00:00,34.309483,39.05288,28.611631
2030-05-21 00:00:00+00:00,27.165266,35.59059,22.442806
2030-05-22 00:00:00+00:00,30.571041,37.878296,23.323984
2030-05-23 00:00:00+00:00,33.52682,39.565998,26.75516
2030-05-24 00:00:00+00:00,33.6826,40.90371,26.386335
2030-05-25 00:00:00+00:00,32.68838,39.441418,25.367512
2030-05-26 00:00:00+00:00,32.34416,38.679123,25.44869
2030-05-27 00:00:00+00:00,34.299942,40.61683,27.029865
2030-05-28 00:00:00+00:00,34.95572,41.20454,28.061043
2030-05-29 00:00:00+00:00,34.511497,41.292244,27.79222
2030-05-30 00:00:00+00:00,34.317276,41.779953,26.373396
2030-05-31 00:00:00+00:00,34.27306,41.617653,26.50457
2030-06-01 00:00:00+00:00,32.178833,38.755367,24.785746
2030-06-02 00:00:00+00:00,31.134617,37.343075,24.816923
2030-06-03 00:00:00+00:00,31.740393,39.380783,23.7481
2030-06-04 00:00:00+00:00,33.14617,39.868484,26.029278
2030-06-05 00:00:00+00:00,33.651955,38.506195,28.060452
2030-06-06 00:00:00+00:00,32.907734,39.043903,26.841629
2030-06-07 00:00:00+00:00,34.713512,42.03161,27.072805
2030-06-08 00:00:00+00:00,35.369293,42.369312,27.853981
2030-06-09 00:00:00+00:00,32.97507,39.107025,25.935158
2030-06-10 00:00:00+00:00,33.13085,39.644733,26.416334
2030-06-11 00:00:00+00:00,34.18663,41.03244,26.797512
2030-06-12 00:00:00+00:00,34.84241,41.620144,27.72869
2030-06-13 00:00:00+00:00,33.998188,40.657852,26.909863
2030-06-14 00:00:00+00:00,32.753967,39.995564,25.79104
2030-06-15 00:00:00+00:00,33.309746,40.933266,25.922218
2030-06-16 00:00:00+00:00,32.715527,39.87097,25.403395
2030-06-17 00:00:00+00:00,30.971306,35.90868,26.434568
2030-06-18 00:00:00+00:00,33.627087,40.04639,27.115746
2030-06-19 00:00:00+00:00,34.232864,41.134094,27.59692
2030-06-20 00:00:00+00:00,32.688644,38.771797,26.178099
2030-06-21 00:00:00+00:00,32.544422,38.45951,26.159277
2030-06-22 00:00:00+00:00,31.8502,36.847218,26.84045
2030-06-23 00:00:00+00:00,33.905983,39.384926,27.871628
2030-06-24 00:00:00+00:00,35.361763,40.922634,29.502804
2030-06-25 00:00:00+00:00,34.067543,40.310337,27.833982
2030-06-26 00:00:00+00:00,32.47332,38.44804,26.615156
2030-06-27 00:00:00+00:00,32.0291,37.385754,25.996334
2030-06-28 00:00:00+00:00,33.28488,38.073463,28.62751
2030-06-29 00:00:00+00:00,32.09066,38.511166,25.858685
2030-06-30 00:00:00+00:00,31.79644,35.598873,27.589865
2030-07-01 00:00:00+00:00,27.852217,32.036583,25.62104
2030-07-02 00:00:00+00:00,29.907997,35.624287,24.602213
2030-07-03 00:00:00+00:00,32.361088,38.713238,25.774448
2030-07-04 00:00:00+00:00,33.859703,39.60425,27.831785
2030-07-05 00:00:00+00:00,33.408314,39.34527,27.189117
2030-07-06 00:00:00+00:00,34.206932,40.736294,27.39645
2030-07-07 00:00:00+00:00,34.105545,41.727306,26.753784
2030-07-08 00:00:00+00:00,31.454157,37.018322,26.361115
2030-07-09 00:00:00+00:00,30.402771,35.90934,26.568449
2030-07-10 00:00:00+00:00,31.651384,37.350353,26.375782
2030-07-11 00:00:00+00:00,32.399994,38.641373,27.033115
2030-07-12 00:00:00+00:00,32.99861,39.13239,26.99045
2030-07-13 00:00:00+00:00,32.747227,38.273407,27.497784
2030-07-14 00:00:00+00:00,31.745838,36.91443,26.555115
2030-07-15 00:00:00+00:00,32.894447,38.355442,27.312449
2030-07-16 00:00:00+00:00,33.093063,39.29646,27.669783
2030-07-17 00:00:00+00:00,31.24168,36.637478,25.427114
2030-07-18 00:00:00+00:00,30.09029,35.778496,26.284449
2030-07-19 00:00:00+00:00,31.388905,37.06951,25.49178
2030-07-20 00:00:00+00:00,32.887516,38.46053,26.999115
2030-07-21 00:00:00+00:00,33.436134,39.75155,27.10645
2030-07-22 00:00:00+00:00,33.184746,38.292564,28.41378
2030-07-23 00:00:00+00:00,32.73336,38.583584,27.971113
2030-07-24 00:00:00+00:00,32.431973,38.6746,26.178444
2030-07-25 00:00:00+00:00,31.580587,36.115616,27.335781
2030-07-26 00:00:00+00:00,31.8792,37.15663,26.893114
2030-07-27 00:00:00+00:00,33.127808,38.64765,28.000446
2030-07-28 00:00:00+00:00,25.626429,33.138664,20.90778
2030-07-29 00:00:00+00:00,28.17504,33.829685,23.71511
2030-07-30 00:00:00+00:00,30.873652,37.520702,24.772448
2030-07-31 00:00:00+00:00,32.072266,38.711716,25.52978
2030-08-01 00:00:00+00:00,30.170881,35.652737,25.08711
2030-08-02 00:00:00+00:00,29.869493,34.79376,25.444447
2030-08-03 00:00:00+00:00,27.318108,30.784771,24.751778
2030-08-04 00:00:00+00:00,26.716722,31.825787,23.10911
2030-08-05 00:00:00+00:00,29.365335,35.1668,23.866446
2030-08-06 00:00:00+00:00,31.913952,37.907825,26.423779
2030-08-07 00:00:00+00:00,31.662563,37.79884,27.08111
2030-08-08 00:00:00+00:00,29.361174,34.33986,26.188444
2030-08-09 00:00:00+00:00,27.059788,32.33088,23.545774
2030-08-10 00:00:00+00:00,28.958403,34.62189,23.50311
2030-08-11 00:00:00+00:00,30.857014,37.56291,25.460443
2030-08-12 00:00:00+00:00,30.25563,35.80393,25.267778
2030-08-13 00:00:00+00:00,30.604242,36.094944,25.775108
2030-08-14 00:00:00+00:00,29.552856,35.33596,24.782442
2030-08-15 00:00:00+00:00,31.65147,37.376984,25.839777
2030-08-16 00:00:00+00:00,28.650082,32.417995,25.69711
2030-08-17 00:00:00+00:00,27.748697,32.659016,23.704441
2030-08-18 00:00:00+00:00,29.997309,35.850033,24.861774
2030-08-19 00:00:00+00:00,30.195925,34.691048,26.319107
2030-08-20 00:00:00+00:00,30.494535,35.932068,25.876442
2030-08-21 00:00:00+00:00,29.49315,32.373085,26.433775
2030-08-22 00:00:00+00:00,28.441763,33.8641,24.591106
2030-08-23 00:00:00+00:00,30.390377,36.80512,24.948442
2030-08-24 00:00:00+00:00,31.638994,37.696133,26.105774
2030-08-25 00:00:00+00:00,30.937605,36.78715,25.563108
2030-08-26 00:00:00+00:00,29.986217,35.47817,25.47044
2030-08-27 00:00:00+00:00,26.834831,30.169186,23.977776
2030-08-28 00:00:00+00:00,25.483444,28.360203,23.785107
2030-08-29 00:00:00+00:00,24.782057,26.95122,23.242441
2030-08-30 00:00:00+00:00,24.030672,25.54224,22.649775
2030-08-31 00:00:00+00:00,26.979284,32.483257,23.007105
2030-09-01 00:00:00+00:00,28.727898,34.824276,23.914438
2030-09-02 00:00:00+00:00,25.127752,28.029484,22.306652
2030-09-03 00:00:00+00:00,26.478848,29.998892,23.783749
2030-09-04 00:00:00+00:00,27.47994,31.018293,24.010847
2030-09-05 00:00:00+00:00,28.281033,32.537697,24.537941
2030-09-06 00:00:00+00:00,28.032125,32.307106,23.765038
2030-09-07 00:00:00+00:00,26.73322,30.776506,23.742136
2030-09-08 00:00:00+00:00,28.084314,31.745914,24.16923
2030-09-09 00:00:00+00:00,29.03541,32.715317,26.196327
2030-09-10 00:00:00+00:00,28.186504,32.184723,24.723423
2030-09-11 00:00:00+00:00,26.937597,30.004128,24.150518
2030-09-12 00:00:00+00:00,27.388689,30.72353,24.827614
2030-09-13 00:00:00+00:00,26.389784,30.092934,23.904709
2030-09-14 00:00:00+00:00,27.390875,32.41234,23.031805
2030-09-15 00:00:00+00:00,28.491972,32.631744,24.758902
2030-09-16 00:00:00+00:00,29.393064,33.10115,26.235998
2030-09-17 00:00:00+00:00,28.09416,31.420555,25.163092
2030-09-18 00:00:00+00:00,28.645252,32.189957,25.19019
2030-09-19 00:00:00+00:00,28.596344,32.30937,25.167286
2030-09-20 00:00:00+00:00,28.797438,33.07877,24.444382
2030-09-21 00:00:00+00:00,26.348532,30.348173,23.921476
2030-09-22 00:00:00+00:00,26.849628,31.06758,23.748571
2030-09-23 00:00:00+00:00,27.05072,31.836979,22.675669
2030-09-24 00:00:00+00:00,28.401815,32.456387,25.252766
2030-09-25 00:00:00+00:00,28.802906,33.175793,25.529861
2030-09-26 00:00:00+00:00,28.404001,33.145195,24.25696
2030-09-27 00:00:00+00:00,29.155096,33.3646,25.234053
2030-09-28 00:00:00+00:00,30.10619,35.23401,26.16115
2030-09-29 00:00:00+00:00,29.807281,35.25341,25.438244
2030-09-30 00:00:00+00:00,30.458378,36.57281,24.96534
2030-10-01 00:00:00+00:00,30.509472,35.64222,25.34244
2030-10-02 00:00:00+00:00,30.660563,36.111626,25.719534
2030-10-03 00:00:00+00:00,30.111658,35.231026,25.64663
2030-10-04 00:00:00+00:00,26.412752,30.250427,22.623726
2030-10-05 00:00:00+00:00,26.813847,31.169838,22.450819
2030-10-06 00:00:00+00:00,27.01494,31.239243,23.227919
2030-10-07 00:00:00+00:00,27.866035,32.708645,23.655012
2030-10-08 00:00:00+00:00,25.81713,29.92805,22.432108
2030-10-09 00:00:00+00:00,27.068222,33.097454,21.309204
2030-10-10 00:00:00+00:00,28.869314,33.01686,25.386301
2030-10-11 00:00:00+00:00,27.72041,32.136265,24.163397
2030-10-12 00:00:00+00:00,28.171501,33.25567,23.190493
2030-10-13 00:00:00+00:00,30.322598,35.575073,25.91759
2030-10-14 00:00:00+00:00,30.27369,35.44448,26.144688
2030-10-15 00:00:00+00:00,29.77478,36.013878,24.071781
2030-10-16 00:00:00+00:00,30.475878,36.833286,25.048874
2030-10-17 00:00:00+00:00,30.67697,36.652695,25.425968
2030-10-18 00:00:00+00:00,30.428064,35.972095,25.203068
2030-10-19 00:00:00+00:00,31.42916,37.6915,26.330164
2030-10-20 00:00:00+00:00,29.68025,34.960907,25.40726
2030-10-21 00:00:00+00:00,28.031345,33.480312,23.884356
2030-10-22 00:00:00+00:00,26.282438,30.999714,22.261452
2030-10-23 00:00:00+00:00,26.133535,31.869122,20.938549
2030-10-24 00:00:00+00:00,27.784626,32.888523,22.915644
2030-10-25 00:00:00+00:00,25.485723,28.457926,22.49274
2030-10-26 00:00:00+00:00,26.086815,31.577335,21.769838
2030-10-27 00:00:00+00:00,27.187906,32.59674,22.79693
2030-10-28 00:00:00+00:00,29.089003,36.066143,22.72403
2030-10-29 00:00:00+00:00,28.790094,34.13555,24.151125
2030-10-30 00:00:00+00:00,28.641191,34.704952,23.378218
2030-10-31 00:00:00+00:00,28.842281,34.074356,24.205315
2030-11-01 00:00:00+00:00,32.39338,40.093758,24.932411
2030-11-02 00:00:00+00:00,33.088123,39.94732,26.067442
2030-11-03 00:00:00+00:00,28.979063,32.991375,25.007236
2030-11-04 00:00:00+00:00,28.569998,35.03543,23.597029
2030-11-05 00:00:00+00:00,28.010939,31.87948,24.936821
2030-11-06 00:00:00+00:00,30.001875,36.523537,23.426613
2030-11-07 00:00:00+00:00,28.892813,32.91759,25.366405
2030-11-08 00:00:00+00:00,27.783752,32.961647,23.506197
2030-11-09 00:00:00+00:00,27.57469,32.9557,23.895988
2030-11-10 00:00:00+00:00,30.215628,36.899754,23.68578
2030-11-11 00:00:00+00:00,27.006565,32.293808,20.775574
2030-11-12 00:00:00+00:00,27.747505,33.98786,22.615368
2030-11-13 00:00:00+00:00,29.038445,36.73192,22.955158
2030-11-14 00:00:00+00:00,29.829382,37.77597,22.644949
2030-11-15 00:00:00+00:00,30.67032,37.820026,24.284742
2030-11-16 00:00:00+00:00,29.461258,36.21408,23.374538
2030-11-17 00:00:00+00:00,28.852196,36.408134,21.964329
2030-11-18 00:00:00+00:00,27.793137,36.00219,20.25412
2030-11-19 00:00:00+00:00,28.484074,36.646244,20.893913
2030-11-20 00:00:00+00:00,29.57501,37.490295,22.383705
2030-11-21 00:00:00+00:00,29.965948,38.43435,22.123497
2030-11-22 00:00:00+00:00,30.406885,39.17841,21.31329
2030-11-23 00:00:00+00:00,30.197824,38.12246,22.703083
2030-11-24 00:00:00+00:00,30.088764,38.316517,22.392876
2030-11-25 00:00:00+00:00,30.029703,38.16057,21.28267
2030-11-26 00:00:00+00:00,29.820639,37.854626,21.122461
2030-11-27 00:00:00+00:00,30.561579,38.29868,22.762255
2030-11-28 00:00:00+00:00,30.702518,37.492737,23.852045
2030-11-29 00:00:00+00:00,31.043453,38.58679,23.341837
2030-11-30 00:00:00+00:00,31.584393,38.43084,25.48163
2030-12-01 00:00:00+00:00,29.87533,36.324898,24.07142
2030-12-02 00:00:00+00:00,26.11627,32.01895,20.561216
2030-12-03 00:00:00+00:00,25.507208,32.913002,18.701006
2030-12-04 00:00:00+00:00,26.198147,33.45706,19.5908
2030-12-05 00:00:00+00:00,27.039085,34.501114,20.130592
2030-12-06 00:00:00+00:00,27.780022,35.395164,20.420383
2030-12-07 00:00:00+00:00,28.770962,36.03922,21.010176
2030-12-08 00:00:00+00:00,29.211899,36.133274,23.24997
2030-12-09 00:00:00+00:00,30.452837,37.87733,23.739761
2030-12-10 00:00:00+00:00,29.643776,35.321384,24.52955
2030-12-11 00:00:00+00:00,27.484713,33.115437,21.919346
2030-12-12 00:00:00+00:00,25.175652,30.509491,20.159138
2030-12-13 00:00:00+00:00,23.81659,29.603548,18.34893
2030-12-14 00:00:00+00:00,22.507528,27.8976,17.438723
2030-12-15 00:00:00+00:00,23.598465,30.141657,17.528515
2030-12-16 00:00:00+00:00,25.039402,31.28571,19.768309
2030-12-17 00:00:00+00:00,23.730345,28.879763,18.9581
2030-12-18 00:00:00+00:00,23.821281,31.42382,16.947891
2030-12-19 00:00:00+00:00,22.212221,28.667873,16.587683
2030-12-20 00:00:00+00:00,21.903156,28.861925,15.427476
2030-12-21 00:00:00+00:00,22.744093,30.005981,16.467272
2030-12-22 00:00:00+00:00,22.985033,30.500034,16.15706
2030-12-23 00:00:00+00:00,23.825972,31.744091,16.746855
2030-12-24 00:00:00+00:00,23.56691,30.188145,17.336645
2030-12-25 00:00:00+00:00,23.707846,30.682198,17.726439
2030-12-26 00:00:00+00:00,23.398787,30.17625,17.81623
2030-12-27 00:00:00+00:00,22.639725,29.920307,16.006021
2030-12-28 00:00:00+00:00,22.830662,30.764364,15.445817
2030-12-29 00:00:00+00:00,24.721601,32.658417,17.685608
2030-12-30 00:00:00+00:00,25.362537,32.35247,19.175402
2030-12-31 00:00:00+00:00,26.153479,33.746525,19.365192
2031-01-01 00:00:00+00:00,25.294415,32.390575,18.654987
2031-01-02 00:00:00+00:00,23.490551,28.289236,19.54803
2031-01-03 00:00:00+00:00,25.13842,33.78944,17.142159
2031-01-04 00:00:00+00:00,27.236284,36.339634,18.536287
2031-01-05 00:00:00+00:00,28.584156,37.289833,20.680418
2031-01-06 00:00:00+00:00,28.632023,36.590027,21.374546
2031-01-07 00:00:00+00:00,28.229893,35.940228,21.018673
2031-01-08 00:00:00+00:00,27.177757,34.440426,19.912802
2031-01-09 00:00:00+00:00,25.975626,33.44062,19.506931
2031-01-10 00:00:00+00:00,26.623495,35.990818,17.75106
2031-01-11 00:00:00+00:00,27.971365,36.791016,19.24519
2031-01-12 00:00:00+00:00,28.51923,37.19121,19.839321
2031-01-13 00:00:00+00:00,29.467098,38.291412,20.53345
2031-01-14 00:00:00+00:00,30.114967,36.94161,23.977575
2031-01-15 00:00:00+00:00,28.762835,35.04181,22.921707
2031-01-16 00:00:00+00:00,27.960703,35.392002,21.265835
2031-01-17 00:00:00+00:00,27.00857,34.592197,20.059963
2031-01-18 00:00:00+00:00,26.25644,34.092396,19.604094
2031-01-19 00:00:00+00:00,27.254307,35.942593,19.19822
2031-01-20 00:00:00+00:00,28.352177,36.042793,21.192348
2031-01-21 00:00:00+00:00,25.650045,30.74299,20.28648
2031-01-22 00:00:00+00:00,25.997913,33.64319,18.730608
2031-01-23 00:00:00+00:00,26.89578,35.043385,18.97474
2031-01-24 00:00:00+00:00,26.843647,34.293583,19.768866
2031-01-25 00:00:00+00:00,25.741514,33.29378,18.612995
2031-01-26 00:00:00+00:00,24.839384,32.193974,18.107124
2031-01-27 00:00:00+00:00,24.087252,31.694172,16.851254
2031-01-28 00:00:00+00:00,24.68512,32.494366,17.445381
2031-01-29 00:00:00+00:00,25.582987,33.344566,18.689512
2031-01-30 00:00:00+00:00,25.680857,33.59477,19.13364
2031-01-31 00:00:00+00:00,26.028725,34.494965,18.027767
2031-02-01 00:00:00+00:00,26.526592,35.14516,18.371897
2031-02-02 00:00:00+00:00,26.42446,34.495358,18.566029
2031-02-03 00:00:00+00:00,25.172329,32.045555,18.510155
2031-02-04 00:00:00+00:00,24.770197,32.49575,17.154285
2031-02-05 00:00:00+00:00,25.118065,33.145947,17.348412
2031-02-06 00:00:00+00:00,24.965933,32.696144,17.692543
2031-02-07 00:00:00+00:00,24.1638,31.746344,16.83667
2031-02-08 00:00:00+00:00,24.511667,32.696537,16.730797
2031-02-09 00:00:00+00:00,25.309536,33.29674,17.87493
2031-02-10 00:00:00+00:00,26.207405,34.096935,18.719057
2031-02-11 00:00:00+00:00,25.85527,33.397133,18.863188
2031-02-12 00:00:00+00:00,26.45314,34.447327,18.907316
2031-02-13 00:00:00+00:00,27.35101,35.547527,19.751444
2031-02-14 00:00:00+00:00,28.648878,37.997723,19.695572
2031-02-15 00:00:00+00:00,29.696743,38.347923,22.089703
2031-02-16 00:00:00+00:00,29.894613,38.448124,21.883833
2031-02-17 00:00:00+00:00,30.64248,39.498318,22.12796
2031-02-18 00:00:00+00:00,30.640348,39.198513,22.622091
2031-02-19 00:00:00+00:00,30.68822,39.598713,22.066217
2031-02-20 00:00:00+00:00,30.786085,39.498905,22.260345
2031-02-21 00:00:00+00:00,29.683952,36.19911,23.704475
2031-02-22 00:00:00+00:00,28.88182,36.299305,21.798605
2031-02-23 00:00:00+00:00,27.429691,35.1495,19.892733
2031-02-24 00:00:00+00:00,27.277557,34.749695,20.086863
2031-02-25 00:00:00+00:00,28.975424,37.949898,20.83099
2031-02-26 00:00:00+00:00,28.423294,35.650097,21.675121
2031-02-27 00:00:00+00:00,28.921162,37.40029,20.819248
2031-02-28 00:00:00+00:00,28.81903,36.400486,21.363377
2031-03-01 00:00:00+00:00,28.0669,35.700684,20.807508
2031-03-02 00:00:00+00:00,28.914764,38.050884,20.151636
2031-03-03 00:00:00+00:00,28.812635,36.05108,21.745766
2031-03-04 00:00:00+00:00,30.067362,39.157772,21.295446
2031-03-05 00:00:00+00:00,31.423067,40.31539,22.445915
2031-03-06 00:00:00+00:00,30.378777,37.223007,23.496393
2031-03-07 00:00:00+00:00,29.284483,36.130627,22.246862
2031-03-08 00:00:00+00:00,30.590189,38.33825,22.697336
2031-03-09 00:00:00+00:00,32.695896,41.495865,24.29781
2031-03-10 00:00:00+00:00,33.151604,41.35349,24.998283
2031-03-11 00:00:00+00:00,32.557312,40.911106,24.098759
2031-03-12 00:00:00+00:00,32.113018,40.468727,23.39923
2031-03-13 00:00:00+00:00,33.018723,42.12635,23.649706
2031-03-14 00:00:00+00:00,34.47443,43.133965,25.600176
2031-03-15 00:00:00+00:00,35.030136,42.691586,27.25065
2031-03-16 00:00:00+00:00,34.68585,42.699203,26.151125
2031-03-17 00:00:00+00:00,34.391556,41.95682,25.701595
2031-03-18 00:00:00+00:00,34.597263,43.114437,26.50207
2031-03-19 00:00:00+00:00,33.65297,42.472065,24.752544
2031-03-20 00:00:00+00:00,32.858677,41.57968,23.803015
2031-03-21 00:00:00+00:00,33.614384,42.8373,23.90349
2031-03-22 00:00:00+00:00,32.120094,38.144917,26.20396
2031-03-23 00:00:00+00:00,33.875797,43.002537,25.304436
2031-03-24 00:00:00+00:00,33.181503,41.86016,24.15491
2031-03-25 00:00:00+00:00,33.387215,42.317776,25.105383
2031-03-26 00:00:00+00:00,33.24292,41.675396,24.955854
2031-03-27 00:00:00+00:00,34.048622,42.333015,26.056328
2031-03-28 00:00:00+00:00,32.654335,39.840633,25.506804
2031-03-29 00:00:00+00:00,31.51004,39.69825,23.357275
2031-03-30 00:00:00+00:00,32.465744,40.905872,24.107748
2031-03-31 00:00:00+00:00,32.671455,40.913494,24.15822
2031-04-01 00:00:00+00:00,33.22716,42.871117,23.208693
2031-04-02 00:00:00+00:00,34.782867,43.528732,26.009167
2031-04-03 00:00:00+00:00,35.588577,43.386353,28.00964
2031-04-04 00:00:00+00:00,34.394283,41.693966,26.910114
2031-04-05 00:00:00+00:00,34.049988,42.20159,26.160587
2031-04-06 00:00:00+00:00,32.905697,40.659214,24.611061
2031-04-07 00:00:00+00:00,32.461403,40.866833,22.711535
2031-04-08 00:00:00+00:00,33.36711,41.724445,24.062008
2031-04-09 00:00:00+00:00,34.172817,42.08207,26.162481
2031-04-10 00:00:00+00:00,33.42852,40.68969,25.862951
2031-04-11 00:00:00+00:00,31.784233,39.247307,24.113426
2031-04-12 00:00:00+00:00,31.18994,38.354927,23.513899
2031-04-13 00:00:00+00:00,30.795647,37.712547,22.914375
2031-04-14 00:00:00+00:00,30.301357,37.420166,22.464844
2031-04-15 00:00:00+00:00,28.55706,35.32778,21.21532
2031-04-16 00:00:00+00:00,28.962769,35.885403,21.015795
2031-04-17 00:00:00+00:00,30.218477,37.993023,21.716265
2031-04-18 00:00:00+00:00,33.124184,42.050644,23.466738
2031-04-19 00:00:00+00:00,34.179886,42.05826,27.117212
2031-04-20 00:00:00+00:00,34.585594,42.21588,26.467684
2031-04-21 00:00:00+00:00,33.941303,41.6735,26.218159
2031-04-22 00:00:00+00:00,33.047012,40.83112,24.868633
2031-04-23 00:00:00+00:00,32.452717,40.63874,23.719103
2031-04-24 00:00:00+00:00,31.358425,39.04636,22.669579
2031-04-25 00:00:00+00:00,31.764128,40.00398,22.420053
2031-04-26 00:00:00+00:00,35.51984,44.711597,26.070524
2031-04-27 00:00:00+00:00,36.12555,43.119213,26.820997
2031-04-28 00:00:00+00:00,35.78125,42.676838,28.22147
2031-04-29 00:00:00+00:00,34.43696,41.93445,26.171946
2031-04-30 00:00:00+00:00,35.492664,43.142075,27.622416
2031-05-01 00:00:00+00:00,34.74837,41.449696,27.422892
2031-05-02 00:00:00+00:00,34.50408,41.90731,26.423363
2031-05-03 00:00:00+00:00,34.809788,42.21493,27.073837
2031-05-04 00:00:00+00:00,35.565567,42.85264,28.355013
2031-05-05 00:00:00+00:00,36.67135,43.890347,28.486189
2031-05-06 00:00:00+00:00,35.57712,42.678055,28.167366
2031-05-07 00:00:00+00:00,35.432907,41.065758,29.148544
2031-05-08 00:00:00+00:00,35.588684,42.50347,27.829718
2031-05-09 00:00:00+00:00,36.344467,43.841175,28.360895
2031-05-10 00:00:00+00:00,36.45025,44.178883,27.84207
2031-05-11 00:00:00+00:00,36.456024,44.416595,26.82325
2031-05-12 00:00:00+00:00,33.6118,40.8043,26.704424
2031-05-13 00:00:00+00:00,31.817583,37.692005,25.4356
2031-05-14 00:00:00+00:00,30.273365,35.67971,25.61678
2031-05-15 00:00:00+00:00,28.879143,33.41742,25.547955
2031-05-16 00:00:00+00:00,31.63492,37.805122,25.57913
2031-05-17 00:00:00+00:00,29.6407,34.64283,24.860308
2031-05-18 00:00:00+00:00,28.746479,33.78054,23.391483
2031-05-19 00:00:00+00:00,25.10226,32.01825,21.122658
2031-05-20 00:00:00+00:00,24.80804,29.805952,21.003836
2031-05-21 00:00:00+00:00,24.963818,31.493666,20.535013
2031-05-22 00:00:00+00:00,25.5196,32.08137,19.96619
2031-05-23 00:00:00+00:00,25.27538,29.669075,20.747366
2031-05-24 00:00:00+00:00,27.881157,34.256783,20.77854
2031-05-25 00:00:00+00:00,29.736937,34.94449,23.409718
2031-05-26 00:00:00+00:00,30.492716,35.8322,24.290895
2031-05-27 00:00:00+00:00,31.348492,37.419903,24.822071
2031-05-28 00:00:00+00:00,31.104273,36.95761,24.953249
2031-05-29 00:00:00+00:00,29.910053,35.69532,23.734423
2031-05-30 00:00:00+00:00,28.865833,34.833023,22.8656
2031-05-31 00:00:00+00:00,28.471611,34.620728,21.996775
2031-06-01 00:00:00+00:00,28.977392,35.50844,22.077953
2031-06-02 00:00:00+00:00,29.133171,35.096146,22.559132
2031-06-03 00:00:00+00:00,30.78895,37.683857,23.440306
2031-06-04 00:00:00+00:00,33.944725,41.171562,26.321484
2031-06-05 00:00:00+00:00,35.35051,42.459267,27.902657
2031-06-06 00:00:00+00:00,35.506287,42.746967,27.683834
2031-06-07 00:00:00+00:00,34.462067,41.134686,26.81501
2031-06-08 00:00:00+00:00,34.167847,41.17239,26.74619
2031-06-09 00:00:00+00:00,33.32363,40.110096,26.077364
2031-06-10 00:00:00+00:00,33.179405,40.147804,25.85854
2031-06-11 00:00:00+00:00,33.435184,40.885513,25.389717
2031-06-12 00:00:00+00:00,33.090965,39.77322,25.720894
2031-06-13 00:00:00+00:00,33.146744,39.610924,25.95207
2031-06-14 00:00:00+00:00,32.652523,39.048634,26.033243
2031-06-15 00:00:00+00:00,32.708305,39.63634,26.164423
2031-06-16 00:00:00+00:00,31.26408,37.97405,25.1456
2031-06-17 00:00:00+00:00,31.21986,37.91175,24.676777
2031-06-18 00:00:00+00:00,31.275639,37.14946,25.357952
2031-06-19 00:00:00+00:00,32.031418,37.38717,26.289127
2031-06-20 00:00:00+00:00,31.9872,37.474876,25.770306
2031-06-21 00:00:00+00:00,32.592976,38.81258,25.85148
2031-06-22 00:00:00+00:00,32.348755,38.70029,26.332659
2031-06-23 00:00:00+00:00,31.704538,38.037994,25.71383
2031-06-24 00:00:00+00:00,30.410316,36.625706,26.19501
2031-06-25 00:00:00+00:00,27.866098,31.46341,25.126186
2031-06-26 00:00:00+00:00,24.471878,26.851118,22.807364
2031-06-27 00:00:00+00:00,24.877655,27.688824,22.738543
2031-06-28 00:00:00+00:00,28.433434,34.97653,23.319714
2031-06-29 00:00:00+00:00,25.739216,28.464237,23.700891
2031-06-30 00:00:00+00:00,25.744995,29.051943,22.382069
2031-07-01 00:00:00+00:00,26.60077,31.439655,23.713243
2031-07-02 00:00:00+00:00,24.156553,26.477362,22.244423
2031-07-03 00:00:00+00:00,26.261435,31.115479,21.572618
2031-07-04 00:00:00+00:00,29.160051,36.5065,23.57995
2031-07-05 00:00:00+00:00,28.608662,35.397514,22.237284
2031-07-06 00:00:00+00:00,29.607275,36.838535,23.944616
2031-07-07 00:00:00+00:00,29.255892,34.579556,24.55195
2031-07-08 00:00:00+00:00,31.554502,37.420563,26.409283
2031-07-09 00:00:00+00:00,31.553116,37.66158,24.816616
2031-07-10 00:00:00+00:00,32.25173,38.0526,27.37395
2031-07-11 00:00:00+00:00,30.350342,36.39362,24.18128
2031-07-12 00:00:00+00:00,30.448957,35.93464,24.338617
2031-07-13 00:00:00+00:00,24.34757,28.025658,22.495949
2031-07-14 00:00:00+00:00,28.496185,35.51667,23.45328
2031-07-15 00:00:00+00:00,27.144796,32.80769,23.010616
2031-07-16 00:00:00+00:00,27.493414,34.14871,21.067947
2031-07-17 00:00:00+00:00,30.542025,36.389725,24.325281
2031-07-18 00:00:00+00:00,32.890633,38.680737,27.082613
2031-07-19 00:00:00+00:00,31.289253,36.421757,26.839947
2031-07-20 00:00:00+00:00,26.887865,29.362776,25.09728
2031-07-21 00:00:00+00:00,27.536476,33.253788,23.504612
2031-07-22 00:00:00+00:00,28.885092,36.64481,23.811949
2031-07-23 00:00:00+00:00,30.283707,36.235825,25.319283
2031-07-24 00:00:00+00:00,28.182318,31.376846,25.076614
2031-07-25 00:00:00+00:00,25.080933,27.717861,22.533945
2031-07-26 00:00:00+00:00,26.029549,29.808878,23.29128
2031-07-27 00:00:00+00:00,24.528158,27.899895,20.348614
2031-07-28 00:00:00+00:00,25.226774,28.640915,20.655947
2031-07-29 00:00:00+00:00,26.475388,29.43193,24.163279
2031-07-30 00:00:00+00:00,27.273998,32.07295,23.820612
2031-07-31 00:00:00+00:00,29.272614,36.613964,23.777945
2031-08-01 00:00:00+00:00,28.221226,34.154984,23.98528
2031-08-02 00:00:00+00:00,26.36984,31.296001,23.892612
2031-08-03 00:00:00+00:00,27.768456,33.43702,22.999945
2031-08-04 00:00:00+00:00,30.617067,36.078037,26.007278
2031-08-05 00:00:00+00:00,29.365683,33.969055,25.11461
2031-08-06 00:00:00+00:00,27.764296,32.260067,23.721943
2031-08-07 00:00:00+00:00,26.812906,30.101086,24.329279
2031-08-08 00:00:00+00:00,29.01152,33.69211,24.686611
2031-08-09 00:00:00+00:00,28.660137,33.333122,24.843943
2031-08-10 00:00:00+00:00,28.458748,31.72414,25.251276
2031-08-11 00:00:00+00:00,27.607363,32.115154,25.15861
2031-08-12 00:00:00+00:00,26.305973,30.606173,23.81594
2031-08-13 00:00:00+00:00,27.50459,31.34719,24.173275
2031-08-14 00:00:00+00:00,26.653202,31.18821,24.830612
2031-08-15 00:00:00+00:00,29.101816,34.279224,24.237944
2031-08-16 00:00:00+00:00,28.900429,32.77024,24.295277
2031-08-17 00:00:00+00:00,24.249044,27.961258,23.002611
2031-08-18 00:00:00+00:00,24.397655,27.702274,22.509943
2031-08-19 00:00:00+00:00,26.19627,31.643295,22.867275
2031-08-20 00:00:00+00:00,26.844883,32.23431,23.874607
2031-08-21 00:00:00+00:00,24.393497,27.025328,23.38194
2031-08-22 00:00:00+00:00,24.042109,26.666348,22.589273
2031-08-23 00:00:00+00:00,26.940725,33.307365,23.196608
2031-08-24 00:00:00+00:00,28.689339,34.19838,24.203941
2031-08-25 00:00:00+00:00,28.087952,32.739395,24.211275
2031-08-26 00:00:00+00:00,24.436565,26.480417,23.168606
2031-08-27 00:00:00+00:00,24.435179,28.371433,21.77594
2031-08-28 00:00:00+00:00,27.283789,33.21245,22.483274
2031-08-29 00:00:00+00:00,29.932404,35.603466,25.54061
2031-08-30 00:00:00+00:00,24.68102,26.944487,22.74794
2031-08-31 00:00:00+00:00,23.02963,24.385502,22.255274
2031-09-01 00:00:00+00:00,24.728245,28.426516,21.612608
2031-09-02 00:00:00+00:00,25.87748,29.924635,23.26238
2031-09-03 00:00:00+00:00,25.22857,29.444036,21.289476
2031-09-04 00:00:00+00:00,27.429667,31.263447,24.066572
2031-09-05 00:00:00+00:00,26.780758,29.13285,25.093666
2031-09-06 00:00:00+00:00,24.581852,26.552252,21.920765
2031-09-07 00:00:00+00:00,24.83295,29.421654,21.547861
2031-09-08 00:00:00+00:00,26.38404,30.591063,22.924955
2031-09-09 00:00:00+00:00,26.035135,29.260464,24.00205
2031-09-10 00:00:00+00:00,25.136229,27.92987,22.82915
2031-09-11 00:00:00+00:00,26.337322,29.949276,22.906244
2031-09-12 00:00:00+00:00,27.838415,31.418682,24.93334
2031-09-13 00:00:00+00:00,27.33951,30.738087,24.560436
2031-09-14 00:00:00+00:00,26.390604,29.907488,24.03753
2031-09-15 00:00:00+00:00,26.4917,30.076893,23.414625
2031-09-16 00:00:00+00:00,26.442793,29.696299,23.341722
2031-09-17 00:00:00+00:00,26.393885,30.365704,22.968819
2031-09-18 00:00:00+00:00,26.444977,29.335106,23.895916
2031-09-19 00:00:00+00:00,26.846073,31.104515,23.32301
2031-09-20 00:00:00+00:00,26.547165,31.073915,22.400105
2031-09-21 00:00:00+00:00,24.99826,30.193321,20.977203
2031-09-22 00:00:00+00:00,25.899353,31.362722,20.5543
2031-09-23 00:00:00+00:00,25.900446,29.382132,23.781395
2031-09-24 00:00:00+00:00,24.701542,27.951534,21.508492
2031-09-25 00:00:00+00:00,26.452635,30.870935,21.885588
2031-09-26 00:00:00+00:00,28.103731,32.690346,23.812685
2031-09-27 00:00:00+00:00,27.55482,32.00975,23.339779
2031-09-28 00:00:00+00:00,25.555916,30.129154,22.516876
2031-09-29 00:00:00+00:00,22.307009,24.49856,19.943972
2031-09-30 00:00:00+00:00,24.458107,29.817966,19.771067
2031-10-01 00:00:00+00:00,23.559198,25.987368,21.04816
2031-10-02 00:00:00+00:00,24.460293,29.256773,20.37526
2031-10-03 00:00:00+00:00,25.511383,30.876175,21.552355
2031-10-04 00:00:00+00:00,27.662477,33.795578,22.32945
2031-10-05 00:00:00+00:00,28.813572,34.414986,23.906546
2031-10-06 00:00:00+00:00,28.464666,33.234386,24.783642
2031-10-07 00:00:00+00:00,27.815758,32.903793,23.460741
2031-10-08 00:00:00+00:00,28.266853,32.7732,24.087833
2031-10-09 00:00:00+00:00,28.267946,33.292603,24.06493
2031-10-10 00:00:00+00:00,26.969042,31.312004,23.942026
2031-10-11 00:00:00+00:00,28.320133,33.581413,23.169123
2031-10-12 00:00:00+00:00,29.671227,34.700817,24.94622
2031-10-13 00:00:00+00:00,29.622322,34.42022,25.473314
2031-10-14 00:00:00+00:00,28.773417,33.189625,24.650412
2031-10-15 00:00:00+00:00,28.124512,32.50903,23.727507
2031-10-16 00:00:00+00:00,28.675604,33.528435,23.454603
2031-10-17 00:00:00+00:00,29.9767,35.74784,25.0817
2031-10-18 00:00:00+00:00,30.07779,35.167244,25.608795
2031-10-19 00:00:00+00:00,29.628885,35.086647,24.53589
2031-10-20 00:00:00+00:00,29.229979,34.906055,24.212986
2031-10-21 00:00:00+00:00,27.581072,33.375458,22.09008
2031-10-22 00:00:00+00:00,27.732166,34.39486,21.91718
2031-10-23 00:00:00+00:00,25.883259,30.76427,21.994272
2031-10-24 00:00:00+00:00,27.384354,32.63367,21.971369
2031-10-25 00:00:00+00:00,28.285446,33.853077,23.048466
2031-10-26 00:00:00+00:00,27.886543,33.872482,22.425562
2031-10-27 00:00:00+00:00,26.037634,34.291885,18.302658
2031-10-28 00:00:00+00:00,26.538727,33.96129,18.979755
2031-10-29 00:00:00+00:00,27.189823,33.480694,20.60685
2031-10-30 00:00:00+00:00,27.190916,34.550102,19.683947
2031-10-31 00:00:00+00:00,26.042011,34.369503,18.261044
2031-11-01 00:00:00+00:00,29.493105,37.88891,19.838139
2031-11-02 00:00:00+00:00,29.840387,37.748806,22.519995
2031-11-03 00:00:00+00:00,30.231327,37.54286,23.009787
2031-11-04 00:00:00+00:00,29.922266,35.686916,24.799578
2031-11-05 00:00:00+00:00,29.513203,36.180973,25.289373
2031-11-06 00:00:00+00:00,30.454144,36.675026,25.129166
2031-11-07 00:00:00+00:00,31.095078,37.86908,24.768955
2031-11-08 00:00:00+00:00,31.886019,39.063133,24.85875
2031-11-09 00:00:00+00:00,31.876959,38.35719,25.548544
2031-11-10 00:00:00+00:00,31.367897,36.601242,25.838335
2031-11-11 00:00:00+00:00,30.708834,35.945297,25.378126
2031-11-12 00:00:00+00:00,29.29977,34.23935,24.517918
2031-11-13 00:00:00+00:00,22.240707,27.683407,19.607712
2031-11-14 00:00:00+00:00,22.481644,25.07746,19.547504
2031-11-15 00:00:00+00:00,23.672585,28.471508,20.237295
2031-11-16 00:00:00+00:00,25.963524,33.265568,20.377087
2031-11-17 00:00:00+00:00,27.254461,35.00962,20.566883
2031-11-18 00:00:00+00:00,27.745401,35.15367,21.056671
2031-11-19 00:00:00+00:00,27.236338,34.84773,20.396465
2031-11-20 00:00:00+00:00,27.777275,36.04179,19.68626
2031-11-21 00:00:00+00:00,29.068218,36.435837,22.32605
2031-11-22 00:00:00+00:00,27.659153,33.62989,22.215841
2031-11-23 00:00:00+00:00,24.950092,30.623947,19.405638
2031-11-24 00:00:00+00:00,23.891026,30.468,17.695427
2031-11-25 00:00:00+00:00,23.831968,30.962057,17.18522
2031-11-26 00:00:00+00:00,24.922907,32.65611,17.625013
2031-11-27 00:00:00+00:00,26.563843,34.20016,19.364805
2031-11-28 00:00:00+00:00,28.104778,35.24422,21.404596
2031-11-29 00:00:00+00:00,29.49572,36.238274,24.094389
2031-11-30 00:00:00+00:00,28.186659,34.432327,22.734182
2031-12-01 00:00:00+00:00,25.227596,30.826382,20.223972
2031-12-02 00:00:00+00:00,22.568533,28.770435,16.663769
2031-12-03 00:00:00+00:00,22.059471,28.414492,16.303558
2031-12-04 00:00:00+00:00,21.350412,27.608543,15.693349
2031-12-05 00:00:00+00:00,21.64135,27.652597,15.933143
2031-12-06 00:00:00+00:00,22.632288,29.596653,16.022938
2031-12-07 00:00:00+00:00,22.523224,29.09071,17.062727
2031-12-08 00:00:00+00:00,22.414165,29.234764,16.30252
2031-12-09 00:00:00+00:00,24.1051,30.878817,17.792313
2031-12-10 00:00:00+00:00,25.64604,32.872868,19.032104
2031-12-11 00:00:00+00:00,25.986977,33.016926,19.521898
2031-12-12 00:00:00+00:00,26.777916,34.21098,20.011688
2031-12-13 00:00:00+00:00,27.668854,35.105034,21.301481
2031-12-14 00:00:00+00:00,27.059793,34.14909,20.241274
2031-12-15 00:00:00+00:00,25.650732,32.143143,19.581066
2031-12-16 00:00:00+00:00,26.291668,33.237198,20.27086
2031-12-17 00:00:00+00:00,27.932606,34.631252,21.61065
2031-12-18 00:00:00+00:00,26.923546,33.675304,20.700443
2031-12-19 00:00:00+00:00,26.664484,33.169357,20.840237
2031-12-20 00:00:00+00:00,25.205423,31.263416,19.680029
2031-12-21 00:00:00+00:00,23.996359,30.90747,17.81982
2031-12-22 00:00:00+00:00,25.137299,32.801517,17.659615
2031-12-23 00:00:00+00:00,26.828238,34.145576,20.399406
2031-12-24 00:00:00+00:00,27.319176,33.589634,21.489197
2031-12-25 00:00:00+00:00,26.660112,33.98368,20.12899
2031-12-26 00:00:00+00:00,26.051048,33.37774,18.718782
2031-12-27 00:00:00+00:00,25.741991,31.72179,19.758575
2031-12-28 00:00:00+00:00,26.532927,34.215847,19.848368
2031-12-29 00:00:00+00:00,26.973866,33.7599,21.03816
2031-12-30 00:00:00+00:00,26.414803,32.953957,20.67795
2031-12-31 00:00:00+00:00,25.155743,31.24801,19.717743
2032-01-01 00:00:00+00:00,25.39668,31.642067,19.557539
2032-01-02 00:00:00+00:00,25.891085,33.48919,19.7495
2032-01-03 00:00:00+00:00,26.638952,34.089394,20.543625
2032-01-04 00:00:00+00:00,24.836819,31.189583,19.337755
2032-01-05 00:00:00+00:00,25.934687,34.089783,18.681885
2032-01-06 00:00:00+00:00,26.082556,33.63998,19.176014
2032-01-07 00:00:00+00:00,25.830425,33.940178,18.420141
2032-01-08 00:00:00+00:00,26.178291,34.390377,18.714272
2032-01-09 00:00:00+00:00,25.626158,33.540573,18.5084
2032-01-10 00:00:00+00:00,25.824028,33.74077,18.502527
2032-01-11 00:00:00+00:00,26.021896,33.940964,18.54666
2032-01-12 00:00:00+00:00,26.069765,33.791164,18.840788
2032-01-13 00:00:00+00:00,25.717632,33.39136,18.534916
2032-01-14 00:00:00+00:00,25.4155,32.44156,18.829044
2032-01-15 00:00:00+00:00,26.51337,34.691757,19.173174
2032-01-16 00:00:00+00:00,26.611237,34.391953,19.5673
2032-01-17 00:00:00+00:00,25.859104,33.39215,18.961432
2032-01-18 00:00:00+00:00,26.006971,34.292347,18.35556
2032-01-19 00:00:00+00:00,27.054842,35.742542,19.049688
2032-01-20 00:00:00+00:00,27.302708,35.342743,19.74382
2032-01-21 00:00:00+00:00,26.650576,34.042942,19.487947
2032-01-22 00:00:00+00:00,25.448446,32.743134,18.732077
2032-01-23 00:00:00+00:00,24.24631,31.643333,17.076204
2032-01-24 00:00:00+00:00,24.29418,31.593533,17.620335
2032-01-25 00:00:00+00:00,24.342049,31.59373,17.714462
2032-01-26 00:00:00+00:00,22.639917,28.443924,17.25859
2032-01-27 00:00:00+00:00,23.137787,30.944122,16.40272
2032-01-28 00:00:00+00:00,24.785654,33.69432,16.94685
2032-01-29 00:00:00+00:00,27.33352,36.294518,18.890978
2032-01-30 00:00:00+00:00,28.831388,37.244713,20.685106
2032-01-31 00:00:00+00:00,28.679256,36.994907,20.879236
2032-02-01 00:00:00+00:00,27.927126,36.49511,19.873363
2032-02-02 00:00:00+00:00,27.674994,35.89531,19.617493
2032-02-03 00:00:00+00:00,26.872864,33.845505,19.811625
2032-02-04 00:00:00+00:00,25.42073,32.045704,18.855751
2032-02-05 00:00:00+00:00,25.218597,32.745895,17.94988
2032-02-06 00:00:00+00:00,27.316465,35.6461,19.144012
2032-02-07 00:00:00+00:00,27.314333,32.746292,21.888138
2032-02-08 00:00:00+00:00,29.3122,36.84649,22.482265
2032-02-09 00:00:00+00:00,28.910069,35.74669,23.376396
2032-02-10 00:00:00+00:00,27.957937,34.64689,22.970524
2032-02-11 00:00:00+00:00,28.405804,36.147083,21.164654
2032-02-12 00:00:00+00:00,29.203674,36.997276,22.008783
2032-02-13 00:00:00+00:00,27.90154,34.24748,22.20291
2032-02-14 00:00:00+00:00,28.74941,36.89767,21.247042
2032-02-15 00:00:00+00:00,29.74728,37.797874,22.391169
2032-02-16 00:00:00+00:00,30.745144,38.648075,23.2853
2032-02-17 00:00:00+00:00,31.993011,39.598267,24.629429
2032-02-18 00:00:00+00:00,31.890882,39.148468,24.673553
2032-02-19 00:00:00+00:00,31.488749,39.19866,23.817688
2032-02-20 00:00:00+00:00,31.336618,39.098858,23.811813
2032-02-21 00:00:00+00:00,30.934488,38.499058,23.555944
2032-02-22 00:00:00+00:00,31.532356,39.59925,23.450071
2032-02-23 00:00:00+00:00,31.030224,38.799454,23.494202
2032-02-24 00:00:00+00:00,31.778091,40.699646,23.088331
2032-02-25 00:00:00+00:00,32.07596,39.94985,24.032457
2032-02-26 00:00:00+00:00,31.573828,39.150043,24.226587
2032-02-27 00:00:00+00:00,31.921694,39.75024,24.020716
2032-02-28 00:00:00+00:00,32.369564,40.950443,22.364847
2032-02-29 00:00:00+00:00,33.21743,41.850636,24.408976
2032-03-01 00:00:00+00:00,33.615295,41.700832,25.903105
2032-03-02 00:00:00+00:00,33.06317,41.25103,25.347233
2032-03-03 00:00:00+00:00,32.715935,40.85587,24.795328
2032-03-04 00:00:00+00:00,32.07164,41.163486,23.095797
2032-03-05 00:00:00+00:00,32.22735,41.021103,23.846273
2032-03-06 00:00:00+00:00,32.583054,41.328728,24.446743
2032-03-07 00:00:00+00:00,32.288765,41.136345,22.39722
2032-03-08 00:00:00+00:00,32.39447,41.89396,22.547693
2032-03-09 00:00:00+00:00,33.650177,42.051582,26.048164
2032-03-10 00:00:00+00:00,33.405884,42.0592,24.848639
2032-03-11 00:00:00+00:00,33.311592,41.86682,25.199112
2032-03-12 00:00:00+00:00,33.367302,41.77444,25.549585
2032-03-13 00:00:00+00:00,33.07301,41.382065,25.400059
2032-03-14 00:00:00+00:00,32.52871,40.68968,24.75053
2032-03-15 00:00:00+00:00,32.434418,40.4973,24.351004
2032-03-16 00:00:00+00:00,32.040127,40.35492,23.901478
2032-03-17 00:00:00+00:00,31.045834,38.862534,23.251953
2032-03-18 00:00:00+00:00,32.05154,41.470158,22.552425
2032-03-19 00:00:00+00:00,32.257248,40.577778,24.652899
2032-03-20 00:00:00+00:00,33.712955,42.835396,24.85337
2032-03-21 00:00:00+00:00,33.76866,42.043015,25.303843
2032-03-22 00:00:00+00:00,33.324368,42.000637,24.154318
2032-03-23 00:00:00+00:00,33.73008,42.458256,24.004791
2032-03-24 00:00:00+00:00,34.535786,42.86587,25.505264
2032-03-25 00:00:00+00:00,35.29149,44.473495,25.955736
2032-03-26 00:00:00+00:00,34.6472,42.631107,27.656212
2032-03-27 00:00:00+00:00,33.702908,42.38873,24.756683
2032-03-28 00:00:00+00:00,32.308613,40.09635,24.25716
2032-03-29 00:00:00+00:00,27.66432,34.80397,20.15763
2032-03-30 00:00:00+00:00,29.570028,38.211586,20.458103
2032-03-31 00:00:00+00:00,33.925735,44.119205,24.008577
2032-04-01 00:00:00+00:00,35.731445,43.576828,28.059048
2032-04-02 00:00:00+00:00,34.68715,42.73445,25.45952
2032-04-03 00:00:00+00:00,33.992855,42.892067,24.409994
2032-04-04 00:00:00+00:00,34.54856,43.299686,26.060469
2032-04-05 00:00:00+00:00,34.854267,43.607304,26.460943
2032-04-06 00:00:00+00:00,34.909977,43.714928,26.211416
2032-04-07 00:00:00+00:00,35.065685,43.572544,26.611889
2032-04-08 00:00:00+00:00,35.37139,44.580166,26.512363
2032-04-09 00:00:00+00:00,35.627098,43.73778,27.262836
2032-04-10 00:00:00+00:00,33.432804,40.795403,25.313309
2032-04-11 00:00:00+00:00,33.338512,41.603024,24.71378
2032-04-12 00:00:00+00:00,32.944218,41.56064,23.864254
2032-04-13 00:00:00+00:00,33.249928,40.668262,25.364727
2032-04-14 00:00:00+00:00,31.355633,39.12588,22.9652
2032-04-15 00:00:00+00:00,31.261341,39.0335,22.965673
2032-04-16 00:00:00+00:00,30.467049,37.49112,23.16615
2032-04-17 00:00:00+00:00,32.972755,40.798737,24.76662
2032-04-18 00:00:00+00:00,34.028465,41.806355,25.917095
2032-04-19 00:00:00+00:00,33.684166,40.61397,26.117565
2032-04-20 00:00:00+00:00,32.089878,39.171597,24.418041
2032-04-21 00:00:00+00:00,30.695585,38.029213,22.868515
2032-04-22 00:00:00+00:00,28.30129,35.886833,19.818985
2032-04-23 00:00:00+00:00,30.356998,38.494457,21.419462
2032-04-24 00:00:00+00:00,34.012703,41.602074,25.819933
2032-04-25 00:00:00+00:00,36.01841,43.559696,27.870405
2032-04-26 00:00:00+00:00,37.17412,44.01731,30.12088
2032-04-27 00:00:00+00:00,37.12983,44.02493,30.121353
2032-04-28 00:00:00+00:00,38.03553,44.53255,30.921824
2032-04-29 00:00:00+00:00,35.041237,41.79017,27.3223
2032-04-30 00:00:00+00:00,33.546947,40.99779,25.372774
2032-05-01 00:00:00+00:00,33.50265,40.805405,25.523245
2032-05-02 00:00:00+00:00,33.958363,42.213028,25.323719
2032-05-03 00:00:00+00:00,34.114124,41.455708,26.147217
2032-05-04 00:00:00+00:00,30.719902,37.89342,22.928396
2032-05-05 00:00:00+00:00,27.62568,34.831127,19.859573
2032-05-06 00:00:00+00:00,27.98146,35.768833,19.74075
2032-05-07 00:00:00+00:00,30.33724,37.60654,22.621923
2032-05-08 00:00:00+00:00,32.14302,39.39425,24.203102
2032-05-09 00:00:00+00:00,34.248802,41.83196,25.984278
2032-05-10 00:00:00+00:00,36.05458,43.419666,28.465454
2032-05-11 00:00:00+00:00,33.66036,38.507374,27.74663
2032-05-12 00:00:00+00:00,33.66614,40.74508,26.027807
2032-05-13 00:00:00+00:00,34.02192,40.982784,25.958982
2032-05-14 00:00:00+00:00,34.627693,41.470493,26.74016
2032-05-15 00:00:00+00:00,35.083473,41.8582,27.571337
2032-05-16 00:00:00+00:00,33.589256,39.095905,27.202513
2032-05-17 00:00:00+00:00,33.245037,40.483612,25.483688
2032-05-18 00:00:00+00:00,32.650814,39.871326,24.964867
2032-05-19 00:00:00+00:00,31.856592,38.859028,23.396042
2032-05-20 00:00:00+00:00,33.712376,39.796734,26.977217
2032-05-21 00:00:00+00:00,34.918148,41.534443,27.808395
2032-05-22 00:00:00+00:00,35.573933,41.37215,29.089573
2032-05-23 00:00:00+00:00,35.379715,40.909855,29.070744
2032-05-24 00:00:00+00:00,34.535492,40.447563,27.551924
2032-05-25 00:00:00+00:00,33.091267,40.13527,25.1831
2032-05-26 00:00:00+00:00,32.99705,40.62298,25.314278
2032-05-27 00:00:00+00:00,35.50283,42.960686,27.145452
2032-05-28 00:00:00+00:00,36.158607,41.04839,30.47663
2032-05-29 00:00:00+00:00,34.414387,39.7361,27.557804
2032-05-30 00:00:00+00:00,31.270168,35.873806,26.838984
2032-05-31 00:00:00+00:00,33.075943,39.561512,27.320158
2032-06-01 00:00:00+00:00,34.33173,39.849216,27.501335
2032-06-02 00:00:00+00:00,31.987505,35.886925,27.482512
2032-06-03 00:00:00+00:00,32.04329,38.924637,26.013689
2032-06-04 00:00:00+00:00,34.99906,41.362343,28.444864
2032-06-05 00:00:00+00:00,36.254845,43.000046,29.076042
2032-06-06 00:00:00+00:00,34.560623,41.087753,27.257217
2032-06-07 00:00:00+00:00,34.216404,41.225468,26.288395
2032-06-08 00:00:00+00:00,37.07218,44.56317,29.11957
2032-06-09 00:00:00+00:00,37.727962,44.400875,30.250746
2032-06-10 00:00:00+00:00,34.583744,40.38858,28.581923
2032-06-11 00:00:00+00:00,33.33952,39.926292,26.763102
2032-06-12 00:00:00+00:00,32.795296,39.614,26.644274
2032-06-13 00:00:00+00:00,32.15108,38.751705,25.125452
2032-06-14 00:00:00+00:00,33.256855,39.63941,26.406626
2032-06-15 00:00:00+00:00,33.762634,40.477123,26.537804
2032-06-16 00:00:00+00:00,33.018417,39.314827,27.468983
2032-06-17 00:00:00+00:00,30.124193,34.15253,23.800158
2032-06-18 00:00:00+00:00,32.229977,37.440243,26.881332
2032-06-19 00:00:00+00:00,34.535755,40.377945,28.76251
2032-06-20 00:00:00+00:00,33.191532,38.865654,27.143686
2032-06-21 00:00:00+00:00,31.947315,37.05336,26.42486
2032-06-22 00:00:00+00:00,32.453094,37.84107,26.70604
2032-06-23 00:00:00+00:00,32.70887,37.478775,27.787218
2032-06-24 00:00:00+00:00,31.51465,36.816483,27.168392
2032-06-25 00:00:00+00:00,32.27043,38.05419,28.049568
2032-06-26 00:00:00+00:00,30.826208,34.6919,26.630745
2032-06-27 00:00:00+00:00,28.131989,30.429604,26.211922
2032-06-28 00:00:00+00:00,31.737772,38.567314,25.3431
2032-06-29 00:00:00+00:00,32.19355,39.055023,26.274273
2032-06-30 00:00:00+00:00,31.399324,37.04273,25.95545
2032-07-01 00:00:00+00:00,32.95511,38.48043,27.036629
2032-07-02 00:00:00+00:00,30.760887,36.318142,27.017803
2032-07-03 00:00:00+00:00,31.060396,37.258747,25.378119
2032-07-04 00:00:00+00:00,34.209007,39.049767,28.73545
2032-07-05 00:00:00+00:00,34.507626,40.29078,28.842783
2032-07-06 00:00:00+00:00,32.806236,38.28179,27.400116
2032-07-07 00:00:00+00:00,28.804848,34.722813,23.007448
2032-07-08 00:00:00+00:00,24.553465,29.71383,20.664783
2032-07-09 00:00:00+00:00,25.902077,29.054848,22.872116
2032-07-10 00:00:00+00:00,29.200691,36.74587,23.42945
2032-07-11 00:00:00+00:00,30.749304,38.08688,24.036783
2032-07-12 00:00:00+00:00,31.347916,38.177902,24.494114
2032-07-13 00:00:00+00:00,30.696531,36.718918,24.60145
2032-07-14 00:00:00+00:00,30.895142,36.409935,25.058783
2032-07-15 00:00:00+00:00,29.043758,32.25095,26.216114
2032-07-16 00:00:00+00:00,31.192373,37.99197,24.823448
2032-07-17 00:00:00+00:00,31.740986,38.332985,25.580782
2032-07-18 00:00:00+00:00,28.439598,31.624008,25.788115
2032-07-19 00:00:00+00:00,25.738213,29.31502,22.995447
2032-07-20 00:00:00+00:00,27.386827,32.20604,24.002779
2032-07-21 00:00:00+00:00,26.23544,30.797056,23.960114
2032-07-22 00:00:00+00:00,28.734053,35.188072,22.96745
2032-07-23 00:00:00+00:00,29.682665,35.82909,24.074783
2032-07-24 00:00:00+00:00,30.93128,36.92011,25.632113
2032-07-25 00:00:00+00:00,31.329891,37.41112,25.339447
2032-07-26 00:00:00+00:00,29.228508,35.202145,24.896778
2032-07-27 00:00:00+00:00,28.62712,34.74316,23.404112
2032-07-28 00:00:00+00:00,30.225733,35.28418,24.611444
2032-07-29 00:00:00+00:00,32.024345,38.275192,27.318779
2032-07-30 00:00:00+00:00,29.12296,37.016212,24.97611
2032-07-31 00:00:00+00:00,26.171572,29.207228,23.833445
2032-08-01 00:00:00+00:00,29.970188,35.49825,24.490778
2032-08-02 00:00:00+00:00,30.418802,34.73926,25.798113
2032-08-03 00:00:00+00:00,27.567413,31.18028,25.205444
2032-08-04 00:00:00+00:00,28.21603,33.1213,24.26278
2032-08-05 00:00:00+00:00,30.614641,35.562317,26.020111
2032-08-06 00:00:00+00:00,30.613256,36.65333,24.977444
2032-08-07 00:00:00+00:00,28.411867,33.34435,24.834778
2032-08-08 00:00:00+00:00,25.610481,28.585365,23.69211
2032-08-09 00:00:00+00:00,26.709095,32.37638,22.599445
2032-08-10 00:00:00+00:00,26.907707,30.9674,24.306774
2032-08-11 00:00:00+00:00,28.75632,34.20842,24.014109
2032-08-12 00:00:00+00:00,28.904936,34.69944,25.021442
2032-08-13 00:00:00+00:00,25.20355,27.490452,22.728777
2032-08-14 00:00:00+00:00,25.152163,28.731472,23.63611
2032-08-15 00:00:00+00:00,25.800777,29.072489,23.143442
2032-08-16 00:00:00+00:00,28.949392,34.263508,24.700775
2032-08-17 00:00:00+00:00,29.948004,35.854523,25.108109
2032-08-18 00:00:00+00:00,29.996616,36.045536,25.315441
2032-08-19 00:00:00+00:00,29.14523,34.536552,24.872774
2032-08-20 00:00:00+00:00,27.943844,33.07758,24.330109
2032-08-21 00:00:00+00:00,27.292458,31.518593,24.287441
2032-08-22 00:00:00+00:00,27.14107,32.809612,23.594776
2032-08-23 00:00:00+00:00,27.789684,32.80063,23.502106
2032-08-24 00:00:00+00:00,29.488295,34.84165,23.95944
2032-08-25 00:00:00+00:00,32.73691,38.132664,27.616774
2032-08-26 00:00:00+00:00,26.785524,32.22368,24.32411
2032-08-27 00:00:00+00:00,29.334139,35.514698,23.33144
2032-08-28 00:00:00+00:00,31.83275,36.905712,27.088774
2032-08-29 00:00:00+00:00,30.831364,35.946728,26.446106
2032-08-30 00:00:00+00:00,29.379978,34.73775,25.05344
2032-08-31 00:00:00+00:00,25.728592,28.278767,24.010775
2032-09-01 00:00:00+00:00,25.827206,29.419783,23.618107
2032-09-02 00:00:00+00:00,26.728298,30.389183,23.545202
2032-09-03 00:00:00+00:00,26.779392,30.608593,22.9723
2032-09-04 00:00:00+00:00,26.430487,29.027994,23.749395
2032-09-05 00:00:00+00:00,26.181581,29.8974,22.72649
2032-09-06 00:00:00+00:00,26.932676,30.216805,23.803583
2032-09-07 00:00:00+00:00,27.733767,31.186207,24.280682
2032-09-08 00:00:00+00:00,28.484861,31.405613,26.007778
2032-09-09 00:00:00+00:00,26.435955,28.875021,24.634872
2032-09-10 00:00:00+00:00,25.687052,28.294426,23.96197
2032-09-11 00:00:00+00:00,25.538141,29.113829,22.939066
2032-09-12 00:00:00+00:00,26.589237,30.633234,22.766161
2032-09-13 00:00:00+00:00,25.89033,30.202639,21.793257
2032-09-14 00:00:00+00:00,27.841423,32.27204,23.970354
2032-09-15 00:00:00+00:00,29.042515,33.791447,24.897448
2032-09-16 00:00:00+00:00,28.193611,33.36085,24.374544
2032-09-17 00:00:00+00:00,26.944704,30.880257,22.801641
2032-09-18 00:00:00+00:00,25.5458,29.499662,20.128736
2032-09-19 00:00:00+00:00,26.596895,31.169064,22.805832
2032-09-20 00:00:00+00:00,27.597988,31.738468,23.18293
2032-09-21 00:00:00+00:00,28.199083,32.207874,24.610025
2032-09-22 00:00:00+00:00,27.650175,32.17728,23.037123
2032-09-23 00:00:00+00:00,27.301268,31.79668,23.164215
2032-09-24 00:00:00+00:00,26.352362,30.716091,22.891314
2032-09-25 00:00:00+00:00,26.753454,30.235493,23.96841
2032-09-26 00:00:00+00:00,27.954552,32.454895,23.895504
2032-09-27 00:00:00+00:00,29.555641,33.724304,25.722599
2032-09-28 00:00:00+00:00,29.456738,32.99371,26.149696
2032-09-29 00:00:00+00:00,27.80783,31.81311,24.226795
2032-09-30 00:00:00+00:00,27.908924,32.132515,24.103891
2032-10-01 00:00:00+00:00,28.110018,31.751923,24.680984
2032-10-02 00:00:00+00:00,28.111113,32.17132,24.508081
2032-10-03 00:00:00+00:00,27.712204,31.690731,24.835175
2032-10-04 00:00:00+00:00,26.813301,32.31013,19.362274
2032-10-05 00:00:00+00:00,24.964394,30.979538,20.039368
2032-10-06 00:00:00+00:00,26.615484,30.998947,22.966463
2032-10-07 00:00:00+00:00,27.31658,32.068348,22.99356
2032-10-08 00:00:00+00:00,28.517673,33.53775,23.570656
2032-10-09 00:00:00+00:00,29.318768,35.45716,23.997753
2032-10-10 00:00:00+00:00,28.41986,33.126564,23.72485
2032-10-11 00:00:00+00:00,26.120956,29.345963,23.151945
2032-10-12 00:00:00+00:00,26.57205,30.91537,22.929043
2032-10-13 00:00:00+00:00,29.123144,34.78478,23.656136
2032-10-14 00:00:00+00:00,29.424236,35.704178,23.883232
2032-10-15 00:00:00+00:00,28.225332,33.873585,23.060328
2032-10-16 00:00:00+00:00,27.226425,32.64299,21.387423
2032-10-17 00:00:00+00:00,27.577518,32.362396,23.064522
2032-10-18 00:00:00+00:00,27.77861,32.2818,23.741617
2032-10-19 00:00:00+00:00,27.979706,33.2512,23.268713
2032-10-20 00:00:00+00:00,28.180798,34.120605,22.04581
2032-10-21 00:00:00+00:00,29.331894,36.040012,24.122906
2032-10-22 00:00:00+00:00,28.432985,35.25942,21.249998
2032-10-23 00:00:00+00:00,27.28408,31.228819,24.227095
2032-10-24 00:00:00+00:00,27.685173,32.74823,23.104193
2032-10-25 00:00:00+00:00,26.486269,30.51763,21.981287
2032-10-26 00:00:00+00:00,26.387362,31.737036,21.658382
2032-10-27 00:00:00+00:00,25.088455,29.55644,20.885479
2032-10-28 00:00:00+00:00,23.789549,27.475845,20.562576
2032-10-29 00:00:00+00:00,24.540644,29.595251,19.489672
2032-10-30 00:00:00+00:00,24.741735,30.414658,19.616768
2032-10-31 00:00:00+00:00,25.89283,30.584059,21.393864
2032-11-01 00:00:00+00:00,27.592653,33.70029,22.972548
2032-11-02 00:00:00+00:00,29.083591,36.19435,23.16234
2032-11-03 00:00:00+00:00,31.574532,38.438404,24.85213
2032-11-04 00:00:00+00:00,32.565468,38.58245,26.341923
2032-11-05 00:00:00+00:00,31.456406,37.576515,25.731716
2032-11-06 00:00:00+00:00,30.647345,36.920567,24.42151
2032-11-07 00:00:00+00:00,30.238281,36.364624,23.9613
2032-11-08 00:00:00+00:00,30.479221,36.608673,24.051094
2032-11-09 00:00:00+00:00,32.27016,37.90273,25.790886
2032-11-10 00:00:00+00:00,32.3611,36.69678,27.43068
2032-11-11 00:00:00+00:00,32.40204,38.240837,26.120472
2032-11-12 00:00:00+00:00,33.09297,39.38489,26.460262
2032-11-13 00:00:00+00:00,33.083916,40.278942,25.950054
2032-11-14 00:00:00+00:00,32.574852,39.323,25.289846
2032-11-15 00:00:00+00:00,32.01579,38.067055,26.779638
2032-11-16 00:00:00+00:00,32.40673,38.76111,26.119432
2032-11-17 00:00:00+00:00,31.247663,37.805164,24.909224
2032-11-18 00:00:00+00:00,30.088604,37.04922,23.349016
2032-11-19 00:00:00+00:00,30.879543,38.59327,23.438808
2032-11-20 00:00:00+00:00,31.82048,38.537323,23.978601
2032-11-21 00:00:00+00:00,31.661419,37.381382,25.868393
2032-11-22 00:00:00+00:00,30.452356,36.875435,24.30819
2032-11-23 00:00:00+00:00,29.943295,36.81949,24.04798
2032-11-24 00:00:00+00:00,29.384232,36.963543,21.73777
2032-11-25 00:00:00+00:00,29.325169,36.357597,21.877565
2032-11-26 00:00:00+00:00,29.016111,35.95165,21.817356
2032-11-27 00:00:00+00:00,28.107048,35.095703,21.307148
2032-11-28 00:00:00+00:00,27.397985,33.73976,21.346941
2032-11-29 00:00:00+00:00,26.838924,33.483818,20.486734
2032-11-30 00:00:00+00:00,28.229864,34.62787,21.826525
2032-12-01 00:00:00+00:00,27.9208,33.471924,22.716318
2032-12-02 00:00:00+00:00,26.761738,33.16597,20.85611
2032-12-03 00:00:00+00:00,27.352676,34.41003,20.795904
2032-12-04 00:00:00+00:00,27.493614,34.404083,21.085695
2032-12-05 00:00:00+00:00,27.134552,34.49814,20.42549
2032-12-06 00:00:00+00:00,27.52549,35.142193,20.66528
2032-12-07 00:00:00+00:00,28.016428,35.586246,20.80507
2032-12-08 00:00:00+00:00,28.457367,35.7803,22.394867
2032-12-09 00:00:00+00:00,28.348305,35.774353,22.334656
2032-12-10 00:00:00+00:00,27.089243,33.16841,22.324451
2032-12-11 00:00:00+00:00,26.780182,34.062466,21.86424
2032-12-12 00:00:00+00:00,26.62112,33.55652,21.104036
2032-12-13 00:00:00+00:00,26.212059,33.000572,20.093826
2032-12-14 00:00:00+00:00,26.052998,33.19463,19.683619
2032-12-15 00:00:00+00:00,25.743937,33.638683,18.423412
2032-12-16 00:00:00+00:00,26.034872,33.732735,19.513205
2032-12-17 00:00:00+00:00,25.37581,32.97679,18.752996
2032-12-18 00:00:00+00:00,25.06675,32.770844,18.192787
2032-12-19 00:00:00+00:00,24.757687,32.5649,17.632582
2032-12-20 00:00:00+00:00,25.348625,33.858955,17.772373
2032-12-21 00:00:00+00:00,26.539564,35.60301,18.412167
2032-12-22 00:00:00+00:00,25.680502,33.047062,19.651957
2032-12-23 00:00:00+00:00,26.92144,36.591118,18.391752
2032-12-24 00:00:00+00:00,26.862377,34.635174,20.181543
2032-12-25 00:00:00+00:00,27.403316,35.529224,20.471334
2032-12-26 00:00:00+00:00,27.144257,34.82328,20.661129
2032-12-27 00:00:00+00:00,27.285194,35.267334,20.50092
2032-12-28 00:00:00+00:00,26.976131,34.31139,20.840714
2032-12-29 00:00:00+00:00,25.71707,32.605442,19.480503
2032-12-30 00:00:00+00:00,23.95801,30.049498,18.470295
2032-12-31 00:00:00+00:00,25.248947,33.89355,17.610088
2033-01-01 00:00:00+00:00,26.641615,34.839138,18.850967
2033-01-02 00:00:00+00:00,26.539486,34.739334,18.845093
2033-01-03 00:00:00+00:00,26.48735,34.83954,18.389223
2033-01-04 00:00:00+00:00,25.93522,34.789738,18.48335
2033-01-05 00:00:00+00:00,26.333088,34.83993,16.877481
2033-01-06 00:00:00+00:00,26.230957,31.090126,21.67161
2033-01-07 00:00:00+00:00,27.128824,34.340324,20.76574
2033-01-08 00:00:00+00:00,27.576693,35.340523,20.70987
2033-01-09 00:00:00+00:00,25.97456,32.59072,19.703995
2033-01-10 00:00:00+00:00,24.92243,31.790915,18.498127
2033-01-11 00:00:00+00:00,23.9203,31.891117,16.592255
2033-01-12 00:00:00+00:00,24.618164,33.19131,16.536386
2033-01-13 00:00:00+00:00,25.516033,34.141506,17.530514
2033-01-14 00:00:00+00:00,26.813902,35.341705,19.22464
2033-01-15 00:00:00+00:00,27.511768,35.591904,20.16877
2033-01-16 00:00:00+00:00,26.909637,34.4421,20.012901
2033-01-17 00:00:00+00:00,27.057507,34.7923,19.957027
2033-01-18 00:00:00+00:00,27.255373,35.092495,20.451155
2033-01-19 00:00:00+00:00,26.903242,34.992695,19.195288
2033-01-20 00:00:00+00:00,27.501108,36.392887,19.389414
2033-01-21 00:00:00+00:00,27.148975,35.243084,19.683544
2033-01-22 00:00:00+00:00,27.896847,36.743282,19.827671
2033-01-23 00:00:00+00:00,28.394714,36.793488,20.621801
2033-01-24 00:00:00+00:00,28.09258,35.84368,20.96593
2033-01-25 00:00:00+00:00,27.89045,35.893875,20.560059
2033-01-26 00:00:00+00:00,26.438318,33.994072,20.054188
2033-01-27 00:00:00+00:00,26.836184,35.744267,18.698318
2033-01-28 00:00:00+00:00,26.734055,34.394466,19.542444
2033-01-29 00:00:00+00:00,26.33192,34.794666,19.036573
2033-01-30 00:00:00+00:00,25.52979,33.74486,18.530703
2033-01-31 00:00:00+00:00,25.77766,33.245064,18.374832
2033-02-01 00:00:00+00:00,24.625528,30.845257,18.618961
2033-02-02 00:00:00+00:00,23.423395,29.795454,17.563093
2033-02-03 00:00:00+00:00,24.821264,31.295652,18.107218
2033-02-04 00:00:00+00:00,26.319132,33.84585,19.001347
2033-02-05 00:00:00+00:00,27.066998,34.896046,19.295479
2033-02-06 00:00:00+00:00,29.064867,37.046246,21.089605
2033-02-07 00:00:00+00:00,30.212734,37.846443,22.683735
2033-02-08 00:00:00+00:00,29.810602,35.896637,24.527864
2033-02-09 00:00:00+00:00,29.508472,37.396835,22.47199
2033-02-10 00:00:00+00:00,29.15634,36.197033,22.366123
2033-02-11 00:00:00+00:00,28.304209,35.24723,22.160252
2033-02-12 00:00:00+00:00,27.152075,33.79743,21.75438
2033-02-13 00:00:00+00:00,28.599943,37.44762,20.49851
2033-02-14 00:00:00+00:00,30.147812,38.297825,22.692636
2033-02-15 00:00:00+00:00,30.34568,36.74802,24.236769
2033-02-16 00:00:00+00:00,29.493547,35.198215,24.480898
2033-02-17 00:00:00+00:00,29.141415,36.54842,22.775024
2033-02-18 00:00:00+00:00,27.789284,34.49861,21.619154
2033-02-19 00:00:00+00:00,28.78715,37.24881,20.213282
2033-02-20 00:00:00+00:00,29.58502,37.149006,22.60741
2033-02-21 00:00:00+00:00,30.032887,38.899204,21.401537
2033-02-22 00:00:00+00:00,31.030758,39.6994,22.64567
2033-02-23 00:00:00+00:00,29.928623,37.6996,23.539799
2033-02-24 00:00:00+00:00,30.576492,38.5998,22.283928
2033-02-25 00:00:00+00:00,31.47436,39.949993,23.078056
2033-02-26 00:00:00+00:00,30.972227,38.50019,24.772184
2033-02-27 00:00:00+00:00,32.370094,40.55039,25.11631
2033-02-28 00:00:00+00:00,31.717962,39.700584,24.860443
2033-03-01 00:00:00+00:00,29.265831,35.800785,23.054571
2033-03-02 00:00:00+00:00,31.7137,40.350983,23.148703
2033-03-03 00:00:00+00:00,31.914507,40.703964,23.595207
2033-03-04 00:00:00+00:00,31.370214,40.111576,22.045681
2033-03-05 00:00:00+00:00,31.625921,40.6692,22.246155
2033-03-06 00:00:00+00:00,31.58163,40.326824,22.096628
2033-03-07 00:00:00+00:00,31.937336,39.98444,24.2471
2033-03-08 00:00:00+00:00,31.443043,40.44206,22.347574
2033-03-09 00:00:00+00:00,32.94875,42.24968,24.298046
2033-03-10 00:00:00+00:00,32.05446,40.50729,21.94852
2033-03-11 00:00:00+00:00,32.810165,41.164917,24.298994
2033-03-12 00:00:00+00:00,32.66587,40.722534,24.599466
2033-03-13 00:00:00+00:00,32.121582,39.530155,24.749943
2033-03-14 00:00:00+00:00,30.277285,38.337772,22.300413
2033-03-15 00:00:00+00:00,30.732994,39.34539,21.650888
2033-03-16 00:00:00+00:00,31.088701,39.253014,22.701359
2033-03-17 00:00:00+00:00,32.244408,40.210632,24.201832
2033-03-18 00:00:00+00:00,32.600117,39.718254,25.052305
2033-03-19 00:00:00+00:00,33.205822,40.62587,25.852777
2033-03-20 00:00:00+00:00,32.61153,40.28349,24.853252
2033-03-21 00:00:00+00:00,31.967236,39.69111,24.103724
2033-03-22 00:00:00+00:00,31.572943,39.698734,22.9042
2033-03-23 00:00:00+00:00,31.37865,39.656345,23.054672
2033-03-24 00:00:00+00:00,31.234356,39.713974,22.505146
2033-03-25 00:00:00+00:00,30.540062,37.771587,23.105618
2033-03-26 00:00:00+00:00,28.895773,36.129208,21.256092
2033-03-27 00:00:00+00:00,29.401478,37.336826,21.006565
2033-03-28 00:00:00+00:00,31.557184,39.994446,22.457039
2033-03-29 00:00:00+00:00,33.062893,40.952065,24.857512
2033-03-30 00:00:00+00:00,34.3686,41.559685,26.557983
2033-03-31 00:00:00+00:00,34.824303,42.117306,27.358456
2033-04-01 00:00:00+00:00,34.73002,42.174923,26.858929
2033-04-02 00:00:00+00:00,33.83572,41.532543,25.859402
2033-04-03 00:00:00+00:00,33.091427,40.89016,24.859875
2033-04-04 00:00:00+00:00,29.747139,36.847782,21.81035
2033-04-05 00:00:00+00:00,26.502846,34.2054,18.510826
2033-04-06 00:00:00+00:00,26.108551,33.76302,18.5113
2033-04-07 00:00:00+00:00,28.114258,35.62064,20.411772
2033-04-08 00:00:00+00:00,30.219965,38.47826,21.012245
2033-04-09 00:00:00+00:00,32.175667,40.33588,23.162718
2033-04-10 00:00:00+00:00,32.581375,40.393497,24.663189
2033-04-11 00:00:00+00:00,32.237087,40.051113,23.863663
2033-04-12 00:00:00+00:00,32.792793,40.758736,24.664139
2033-04-13 00:00:00+00:00,32.3485,39.516354,24.91461
2033-04-14 00:00:00+00:00,31.804207,39.573975,23.365082
2033-04-15 00:00:00+00:00,32.109917,40.431595,23.015556
2033-04-16 00:00:00+00:00,32.615623,40.58921,24.316029
2033-04-17 00:00:00+00:00,32.62133,40.84683,24.066502
2033-04-18 00:00:00+00:00,32.77704,40.404457,24.666975
2033-04-19 00:00:00+00:00,30.732744,37.262074,23.56745
2033-04-20 00:00:00+00:00,31.788448,39.469692,23.317923
2033-04-21 00:00:00+00:00,32.894157,40.127308,24.568396
2033-04-22 00:00:00+00:00,34.949863,42.53493,26.418869
2033-04-23 00:00:00+00:00,36.805573,44.99255,28.019342
2033-04-24 00:00:00+00:00,34.911278,42.100166,27.019815
2033-04-25 00:00:00+00:00,33.36699,40.557793,25.720287
2033-04-26 00:00:00+00:00,34.172695,42.01541,25.420763
2033-04-27 00:00:00+00:00,37.1784,45.373024,29.771233
2033-04-28 00:00:00+00:00,36.63411,42.980648,29.421707
2033-04-29 00:00:00+00:00,35.439816,43.03826,26.62218
2033-04-30 00:00:00+00:00,34.34552,40.795883,26.672653
2033-05-01 00:00:00+00:00,32.551228,39.753506,24.52313
2033-05-02 00:00:00+00:00,32.756935,40.511124,24.273602
2033-05-03 00:00:00+00:00,32.81268,40.658787,24.389425
2033-05-04 00:00:00+00:00,31.91846,39.396496,23.520603
2033-05-05 00:00:00+00:00,33.924236,42.0842,25.051777
2033-05-06 00:00:00+00:00,36.080017,44.221905,27.982956
2033-05-07 00:00:00+00:00,37.8858,45.459614,30.564129
2033-05-08 00:00:00+00:00,35.391575,42.747322,27.745306
2033-05-09 00:00:00+00:00,36.147354,43.485035,27.826483
2033-05-10 00:00:00+00:00,36.35313,42.97274,28.507662
2033-05-11 00:00:00+00:00,32.908913,38.21044,26.638834
2033-05-12 00:00:00+00:00,33.914696,39.94815,27.820015
2033-05-13 00:00:00+00:00,35.620476,43.03586,27.201189
2033-05-14 00:00:00+00:00,35.426254,43.073563,27.132368
2033-05-15 00:00:00+00:00,34.582027,41.761272,26.013542
2033-05-16 00:00:00+00:00,34.087814,40.898983,26.794716
2033-05-17 00:00:00+00:00,32.393585,39.136684,24.825893
2033-05-18 00:00:00+00:00,31.649368,39.074394,23.95707
2033-05-19 00:00:00+00:00,30.905146,38.7621,22.688248
2033-05-20 00:00:00+00:00,31.46093,38.89981,23.619425
2033-05-21 00:00:00+00:00,33.166706,41.43751,24.0506
2033-05-22 00:00:00+00:00,35.22249,42.42522,27.381779
2033-05-23 00:00:00+00:00,35.028267,42.06293,27.762955
2033-05-24 00:00:00+00:00,33.734047,40.950638,25.394129
2033-05-25 00:00:00+00:00,33.489826,41.33834,25.125307
2033-05-26 00:00:00+00:00,34.24561,41.67605,25.956482
2033-05-27 00:00:00+00:00,32.001385,39.613754,23.987658
2033-05-28 00:00:00+00:00,34.307163,41.75147,26.268835
2033-05-29 00:00:00+00:00,35.812943,43.639168,27.850014
2033-05-30 00:00:00+00:00,34.768723,41.826878,27.03119
2033-05-31 00:00:00+00:00,34.724503,40.414585,28.362364
2033-06-01 00:00:00+00:00,32.930283,39.202297,26.64354
2033-06-02 00:00:00+00:00,32.53606,38.539997,26.224718
2033-06-03 00:00:00+00:00,33.341843,39.177708,26.805895
2033-06-04 00:00:00+00:00,32.797623,39.465412,25.93707
2033-06-05 00:00:00+00:00,32.7034,39.053123,25.818247
2033-06-06 00:00:00+00:00,32.40918,39.240826,25.099424
2033-06-07 00:00:00+00:00,31.464958,36.378536,25.830597
2033-06-08 00:00:00+00:00,31.820738,37.86624,25.611776
2033-06-09 00:00:00+00:00,32.476517,37.903954,26.89295
2033-06-10 00:00:00+00:00,32.8323,39.291656,25.62413
2033-06-11 00:00:00+00:00,33.888077,41.329365,26.855303
2033-06-12 00:00:00+00:00,32.543854,39.26707,25.386482
2033-06-13 00:00:00+00:00,32.599636,39.604782,25.267656
2033-06-14 00:00:00+00:00,33.555412,40.042484,26.098835
2033-06-15 00:00:00+00:00,33.711193,39.93019,26.980011
2033-06-16 00:00:00+00:00,33.81697,40.417896,26.961187
2033-06-17 00:00:00+00:00,32.822746,38.655605,26.442364
2033-06-18 00:00:00+00:00,32.32853,38.64331,25.823538
2033-06-19 00:00:00+00:00,32.834312,39.53102,25.954718
2033-06-20 00:00:00+00:00,32.64009,39.318726,25.535894
2033-06-21 00:00:00+00:00,32.495865,38.20644,26.21707
2033-06-22 00:00:00+00:00,33.80165,39.74414,27.148247
2033-06-23 00:00:00+00:00,33.557426,39.73185,27.779423
2033-06-24 00:00:00+00:00,32.363205,38.869556,25.760597
2033-06-25 00:00:00+00:00,32.96899,40.057262,25.341774
2033-06-26 00:00:00+00:00,35.024765,41.49497,28.07295
2033-06-27 00:00:00+00:00,33.780544,39.88268,26.754126
2033-06-28 00:00:00+00:00,31.736326,37.170387,26.235304
2033-06-29 00:00:00+00:00,32.742104,37.808098,28.066483
2033-06-30 00:00:00+00:00,33.89788,40.495796,27.847656
2033-07-01 00:00:00+00:00,31.803663,38.633507,25.328833
2033-07-02 00:00:00+00:00,31.209444,36.27122,26.210009
2033-07-03 00:00:00+00:00,32.560745,38.310993,27.626282
2033-07-04 00:00:00+00:00,31.509357,38.002007,25.383617
2033-07-05 00:00:00+00:00,31.05797,36.343025,25.490952
2033-07-06 00:00:00+00:00,29.006584,34.534042,24.248281
2033-07-07 00:00:00+00:00,31.305197,37.825058,24.605618
2033-07-08 00:00:00+00:00,35.00381,40.76608,29.012949
2033-07-09 00:00:00+00:00,34.30242,40.007095,28.370283
2033-07-10 00:00:00+00:00,33.801037,38.29811,28.577616
2033-07-11 00:00:00+00:00,27.79965,34.889126,24.28495
2033-07-12 00:00:00+00:00,29.898266,36.830143,23.992283
2033-07-13 00:00:00+00:00,32.896873,39.771164,26.949614
2033-07-14 00:00:00+00:00,34.695496,40.96218,28.656948
2033-07-15 00:00:00+00:00,31.544106,38.703197,23.764282
2033-07-16 00:00:00+00:00,31.042717,37.59421,25.671616
2033-07-17 00:00:00+00:00,32.34133,38.285233,27.828949
2033-07-18 00:00:00+00:00,30.789946,37.37625,25.886278
2033-07-19 00:00:00+00:00,31.138556,36.36727,26.693617
2033-07-20 00:00:00+00:00,31.687172,36.958282,27.30095
2033-07-21 00:00:00+00:00,31.185787,36.599304,25.50828
2033-07-22 00:00:00+00:00,32.6844,37.790318,28.065613
2033-07-23 00:00:00+00:00,34.483017,39.931335,29.472948
2033-07-24 00:00:00+00:00,33.931625,39.92235,28.480282
2033-07-25 00:00:00+00:00,32.180237,37.71337,26.837614
2033-07-26 00:00:00+00:00,31.428856,36.154385,26.794945
2033-07-27 00:00:00+00:00,31.377464,37.445408,25.902279
2033-07-28 00:00:00+00:00,31.626076,38.086426,24.859612
2033-07-29 00:00:00+00:00,32.274696,37.827442,26.366945
2033-07-30 00:00:00+00:00,32.673306,39.06846,26.27428
2033-07-31 00:00:00+00:00,30.52192,35.859474,25.231613
2033-08-01 00:00:00+00:00,32.02053,38.15049,26.038946
2033-08-02 00:00:00+00:00,31.469149,35.74151,27.14628
2033-08-03 00:00:00+00:00,33.06776,39.982525,26.703613
2033-08-04 00:00:00+00:00,31.766376,37.473545,25.610945
2033-08-05 00:00:00+00:00,30.714987,35.96456,27.118277
2033-08-06 00:00:00+00:00,30.613604,35.655575,26.02561
2033-08-07 00:00:00+00:00,32.562214,37.6966,27.432945
2033-08-08 00:00:00+00:00,33.510826,39.987614,27.140276
2033-08-09 00:00:00+00:00,32.709442,38.57863,26.497608
2033-08-10 00:00:00+00:00,31.158058,36.919647,26.704945
2033-08-11 00:00:00+00:00,30.406668,36.660667,24.762276
2033-08-12 00:00:00+00:00,31.105282,36.20168,27.26961
2033-08-13 00:00:00+00:00,32.953896,38.0927,28.026945
2033-08-14 00:00:00+00:00,33.40251,39.183716,27.484276
2033-08-15 00:00:00+00:00,32.701126,38.174736,27.39161
2033-08-16 00:00:00+00:00,32.449738,37.515747,27.348942
2033-08-17 00:00:00+00:00,31.098349,36.756767,28.306274
2033-08-18 00:00:00+00:00,32.29696,37.89779,27.613607
2033-08-19 00:00:00+00:00,33.495575,39.238804,27.970942
2033-08-20 00:00:00+00:00,32.69419,38.22982,27.228273
2033-08-21 00:00:00+00:00,30.342802,34.37084,27.035612
2033-08-22 00:00:00+00:00,31.241417,36.061855,26.192942
2033-08-23 00:00:00+00:00,31.29003,36.402874,27.200274
2033-08-24 00:00:00+00:00,30.038643,36.24389,25.607609
2033-08-25 00:00:00+00:00,29.08726,35.434906,26.21494
2033-08-26 00:00:00+00:00,27.78587,32.02593,25.122272
2033-08-27 00:00:00+00:00,31.234488,37.41694,25.229609
2033-08-28 00:00:00+00:00,28.183098,32.40796,25.286942
2033-08-29 00:00:00+00:00,28.83171,35.848976,23.194271
2033-08-30 00:00:00+00:00,29.130323,33.88999,25.501604
2033-08-31 00:00:00+00:00,29.628937,36.431007,25.55894
2033-09-01 00:00:00+00:00,29.677553,34.322033,25.366274
2033-09-02 00:00:00+00:00,28.928026,32.484337,25.200928
2033-09-03 00:00:00+00:00,29.82912,34.453743,25.778023
2033-09-04 00:00:00+00:00,27.380215,31.673141,23.05512
2033-09-05 00:00:00+00:00,26.931307,30.642551,23.982218
2033-09-06 00:00:00+00:00,29.1324,33.261955,25.309313
2033-09-07 00:00:00+00:00,29.883493,33.88136,26.03641
2033-09-08 00:00:00+00:00,28.984587,33.250763,25.0135
2033-09-09 00:00:00+00:00,24.235683,27.020164,21.840601
2033-09-10 00:00:00+00:00,26.236774,31.48957,20.367695
2033-09-11 00:00:00+00:00,30.23787,34.608974,26.49479
2033-09-12 00:00:00+00:00,30.288963,34.378384,26.471886
2033-09-13 00:00:00+00:00,29.440058,33.797787,25.298985
2033-09-14 00:00:00+00:00,29.44115,33.967194,24.97608
2033-09-15 00:00:00+00:00,29.142244,33.2866,25.153173
2033-09-16 00:00:00+00:00,29.243338,33.606,24.880272
2033-09-17 00:00:00+00:00,29.04443,32.625404,25.25737
2033-09-18 00:00:00+00:00,27.495525,30.14481,24.834461
2033-09-19 00:00:00+00:00,28.94662,34.164215,23.911558
2033-09-20 00:00:00+00:00,31.747711,36.93362,27.238657
2033-09-21 00:00:00+00:00,29.698807,33.453022,26.715752
2033-09-22 00:00:00+00:00,29.2499,34.072426,25.042849
2033-09-23 00:00:00+00:00,29.150995,33.291836,25.519945
2033-09-24 00:00:00+00:00,28.202087,32.76124,25.647038
2033-09-25 00:00:00+00:00,31.003181,37.780643,24.874134
2033-09-26 00:00:00+00:00,29.604275,35.20005,26.00123
2033-09-27 00:00:00+00:00,28.455372,33.11945,24.228327
2033-09-28 00:00:00+00:00,31.256462,37.43885,26.605423
2033-09-29 00:00:00+00:00,31.707556,38.60826,25.532516
2033-09-30 00:00:00+00:00,30.858648,36.727665,26.659616
2033-10-01 00:00:00+00:00,26.609743,29.347069,24.13671
2033-10-02 00:00:00+00:00,28.860838,34.966473,22.563807
2033-10-03 00:00:00+00:00,32.06193,38.93588,25.840904
2033-10-04 00:00:00+00:00,32.963028,40.105286,26.317997
2033-10-05 00:00:00+00:00,31.914122,38.074688,26.795095
2033-10-06 00:00:00+00:00,32.565212,39.34409,26.322191
2033-10-07 00:00:00+00:00,33.166306,39.563496,27.449286
2033-10-08 00:00:00+00:00,31.217402,37.332905,26.726385
2033-10-09 00:00:00+00:00,31.568493,38.052307,26.153479
2033-10-10 00:00:00+00:00,32.869587,39.57171,26.580574
2033-10-11 00:00:00+00:00,31.670681,37.691116,25.757671
2033-10-12 00:00:00+00:00,31.121773,36.71052,25.784765
2033-10-13 00:00:00+00:00,30.122868,36.72992,25.361862
2033-10-14 00:00:00+00:00,28.773962,34.24933,24.388958
2033-10-15 00:00:00+00:00,28.825056,33.918736,25.066053
2033-10-16 00:00:00+00:00,28.376152,34.638138,24.19315
2033-10-17 00:00:00+00:00,29.277245,35.157543,23.820248
2033-10-18 00:00:00+00:00,30.028337,35.42695,24.997341
2033-10-19 00:00:00+00:00,30.579432,36.296352,26.174437
2033-10-20 00:00:00+00:00,27.180525,31.615759,24.051535
2033-10-21 00:00:00+00:00,28.13162,34.53516,22.978632
2033-10-22 00:00:00+00:00,30.332712,37.254566,24.355726
2033-10-23 00:00:00+00:00,31.983807,39.02397,26.132824
2033-10-24 00:00:00+00:00,34.2849,42.693375,27.359917
2033-10-25 00:00:00+00:00,32.635994,39.56278,26.137014
2033-10-26 00:00:00+00:00,31.337086,37.232185,26.66411
2033-10-27 00:00:00+00:00,30.68818,35.90159,26.091206
2033-10-28 00:00:00+00:00,30.889273,39.620995,23.318302
2033-10-29 00:00:00+00:00,30.890368,39.090397,23.545397
2033-10-30 00:00:00+00:00,30.241463,39.459805,21.522495
2033-10-31 00:00:00+00:00,31.342556,40.879208,22.29959
2033-11-01 00:00:00+00:00,33.04365,40.39861,25.226686
2033-11-02 00:00:00+00:00,33.135857,40.245834,26.31489
2033-11-03 00:00:00+00:00,31.926796,37.439888,25.604685
2033-11-04 00:00:00+00:00,31.767735,38.783943,23.544474
2033-11-05 00:00:00+00:00,32.258675,38.327995,25.684269
2033-11-06 00:00:00+00:00,33.399612,39.022053,27.97406
2033-11-07 00:00:00+00:00,33.84055,39.966106,28.413853
2033-11-08 00:00:00+00:00,33.681488,40.16016,26.553644
2033-11-09 00:00:00+00:00,34.022423,39.704216,27.69344
2033-11-10 00:00:00+00:00,34.363365,40.298267,28.03323
2033-11-11 00:00:00+00:00,33.754303,39.942326,27.57302
2033-11-12 00:00:00+00:00,32.64524,40.08638,25.162815
2033-11-13 00:00:00+00:00,32.636177,39.380432,26.60261
2033-11-14 00:00:00+00:00,33.077118,39.974487,26.3924
2033-11-15 00:00:00+00:00,31.818054,37.61854,25.932192
2033-11-16 00:00:00+00:00,30.658993,37.262596,24.671984
2033-11-17 00:00:00+00:00,30.899933,37.95665,23.961775
2033-11-18 00:00:00+00:00,31.740866,38.6507,24.901567
2033-11-19 00:00:00+00:00,32.03181,38.99476,25.09136
2033-11-20 00:00:00+00:00,32.322746,39.338818,25.081154
2033-11-21 00:00:00+00:00,31.913683,38.632866,25.720945
2033-11-22 00:00:00+00:00,32.454624,39.77692,25.260738
2033-11-23 00:00:00+00:00,32.445557,40.120975,25.100529
2033-11-24 00:00:00+00:00,32.336502,40.16503,24.390324
2033-11-25 00:00:00+00:00,32.427437,40.15908,24.780117
2033-11-26 00:00:00+00:00,31.568377,39.00314,24.469908
2033-11-27 00:00:00+00:00,31.10931,39.097195,23.309698
2033-11-28 00:00:00+00:00,31.300251,38.841248,24.899492
2033-11-29 00:00:00+00:00,31.39119,38.8853,24.639286
2033-11-30 00:00:00+00:00,31.082127,38.529354,24.379076
2033-12-01 00:00:00+00:00,28.923063,34.323406,24.268867
2033-12-02 00:00:00+00:00,28.164003,36.71747,20.858662
2033-12-03 00:00:00+00:00,29.00494,37.56152,20.998453
2033-12-04 00:00:00+00:00,28.89588,37.205574,21.938248
2033-12-05 00:00:00+00:00,27.536816,35.999626,19.978039
2033-12-06 00:00:00+00:00,27.977757,36.993683,20.117832
2033-12-07 00:00:00+00:00,28.468695,37.137733,20.607624
2033-12-08 00:00:00+00:00,28.409634,37.03179,20.697418
2033-12-09 00:00:00+00:00,28.200571,36.775845,20.437206
2033-12-10 00:00:00+00:00,27.991508,36.9199,19.727001
2033-12-11 00:00:00+00:00,28.63245,37.013954,21.216795
2033-12-12 00:00:00+00:00,27.973385,36.158005,20.856585
2033-12-13 00:00:00+00:00,27.164324,35.40206,19.846378
2033-12-14 00:00:00+00:00,27.655262,36.196117,20.186172
2033-12-15 00:00:00+00:00,27.6462,35.890167,20.275965
2033-12-16 00:00:00+00:00,27.487139,35.53422,20.515757
2033-12-17 00:00:00+00:00,27.728075,36.17828,20.00555
2033-12-18 00:00:00+00:00,26.769014,32.97233,21.89534
2033-12-19 00:00:00+00:00,25.209953,31.316385,20.285131
2033-12-20 00:00:00+00:00,25.200891,32.91044,18.374926
2033-12-21 00:00:00+00:00,25.54183,33.20449,18.414717
2033-12-22 00:00:00+00:00,25.882767,34.248547,18.70451
2033-12-23 00:00:00+00:00,25.573708,33.492603,18.2443
2033-12-24 00:00:00+00:00,26.914644,35.436657,19.184095
2033-12-25 00:00:00+00:00,26.755583,34.93071,19.923887
2033-12-26 00:00:00+00:00,26.29652,33.974766,19.413681
2033-12-27 00:00:00+00:00,24.787458,32.018818,18.003471
2033-12-28 00:00:00+00:00,23.778397,31.262873,17.243263
2033-12-29 00:00:00+00:00,23.969334,32.006927,16.633059
2033-12-30 00:00:00+00:00,24.010275,31.900982,16.67285
2033-12-31 00:00:00+00:00,24.55121,33.39504,16.512642
2034-01-01 00:00:00+00:00,26.24215,35.039093,18.452433
2034-01-02 00:00:00+00:00,27.290018,35.68929,19.896563
2034-01-03 00:00:00+00:00,27.487886,35.989487,19.940691
2034-01-04 00:00:00+00:00,26.885754,34.98968,19.28482
2034-01-05 00:00:00+00:00,26.633621,34.33988,19.478949
2034-01-06 00:00:00+00:00,25.98149,33.490074,19.22308
2034-01-07 00:00:00+00:00,26.07936,34.04028,18.817207
2034-01-08 00:00:00+00:00,26.227226,33.890472,19.711336
2034-01-09 00:00:00+00:00,27.575094,36.64067,19.055466
2034-01-10 00:00:00+00:00,29.222961,38.29087,20.799593
2034-01-11 00:00:00+00:00,29.620829,38.091064,21.743723
2034-01-12 00:00:00+00:00,30.068699,38.64126,22.187853
2034-01-13 00:00:00+00:00,29.566566,38.041462,21.831982
2034-01-14 00:00:00+00:00,29.464436,38.241653,21.17611
2034-01-15 00:00:00+00:00,29.2623,37.541855,21.620235
2034-01-16 00:00:00+00:00,28.960169,37.49205,21.364368
2034-01-17 00:00:00+00:00,28.658037,37.44225,20.458494
2034-01-18 00:00:00+00:00,28.655909,37.64245,20.552624
2034-01-19 00:00:00+00:00,28.103773,36.792645,19.996754
2034-01-20 00:00:00+00:00,28.101645,36.74284,20.040882
2034-01-21 00:00:00+00:00,28.849508,37.043037,20.485012
2034-01-22 00:00:00+00:00,28.747377,35.693233,22.67914
2034-01-23 00:00:00+00:00,29.045248,37.393436,20.97327
2034-01-24 00:00:00+00:00,29.193115,37.44363,21.117397
2034-01-25 00:00:00+00:00,31.140984,39.64383,23.261528
2034-01-26 00:00:00+00:00,31.288849,39.394024,23.405655
2034-01-27 00:00:00+00:00,31.186718,39.09422,24.249784
2034-01-28 00:00:00+00:00,30.484587,38.644417,22.793911
2034-01-29 00:00:00+00:00,30.332457,38.19462,23.088041
2034-01-30 00:00:00+00:00,30.330324,38.444813,23.182173
2034-01-31 00:00:00+00:00,30.028193,35.545013,24.7763
2034-02-01 00:00:00+00:00,31.126059,38.14521,24.77043
2034-02-02 00:00:00+00:00,30.823929,38.59541,24.114557
2034-02-03 00:00:00+00:00,30.921795,38.445602,24.458687
2034-02-04 00:00:00+00:00,31.619663,39.245796,24.302816
2034-02-05 00:00:00+00:00,29.917532,36.595997,23.746944
2034-02-06 00:00:00+00:00,27.465399,34.196194,21.991074
2034-02-07 00:00:00+00:00,26.613266,34.446392,18.785202
2034-02-08 00:00:00+00:00,28.361137,36.09659,20.629332
2034-02-09 00:00:00+00:00,28.809004,36.996788,20.873463
2034-02-10 00:00:00+00:00,29.00687,37.346985,20.817589
2034-02-11 00:00:00+00:00,29.054743,37.597183,20.811718
2034-02-12 00:00:00+00:00,29.452608,37.897377,21.355848
2034-02-13 00:00:00+00:00,29.100475,37.29758,21.249977
2034-02-14 00:00:00+00:00,28.298346,36.59778,20.294104
2034-02-15 00:00:00+00:00,27.696213,36.497967,19.288235
2034-02-16 00:00:00+00:00,28.194078,37.248165,19.632364
2034-02-17 00:00:00+00:00,29.341948,38.598366,20.276491
2034-02-18 00:00:00+00:00,30.089819,39.398563,20.720623
2034-02-19 00:00:00+00:00,29.937685,39.548763,20.31475
2034-02-20 00:00:00+00:00,30.33555,40.298958,20.158876
2034-02-21 00:00:00+00:00,31.43342,41.14916,21.903006
2034-02-22 00:00:00+00:00,32.08129,41.49935,22.797136
2034-02-23 00:00:00+00:00,32.929157,42.49955,23.791267
2034-02-24 00:00:00+00:00,33.227024,42.19975,24.835394
2034-02-25 00:00:00+00:00,32.624893,41.59995,23.379522
2034-02-26 00:00:00+00:00,32.92276,42.15014,23.623652
2034-02-27 00:00:00+00:00,32.57063,40.850338,24.96778
2034-02-28 00:00:00+00:00,32.418495,41.700535,23.711908
2034-03-01 00:00:00+00:00,32.466362,41.85073,22.756039
2034-03-02 00:00:00+00:00,32.264236,41.50093,23.550169
2034-03-03 00:00:00+00:00,31.96308,40.202057,23.54509
2034-03-04 00:00:00+00:00,32.068787,40.159676,23.645565
2034-03-05 00:00:00+00:00,32.474495,41.0673,23.846035
2034-03-06 00:00:00+00:00,32.880203,41.474915,24.19651
2034-03-07 00:00:00+00:00,32.835907,40.682533,24.796982
2034-03-08 00:00:00+00:00,33.141617,41.740154,24.697456
2034-03-09 00:00:00+00:00,34.297325,42.497776,26.347927
2034-03-10 00:00:00+00:00,34.95303,42.855392,27.148403
2034-03-11 00:00:00+00:00,34.50874,42.56301,25.998878
2034-03-12 00:00:00+00:00,34.114445,42.72063,24.849348
2034-03-13 00:00:00+00:00,33.870155,42.478252,25.049822
2034-03-14 00:00:00+00:00,29.875858,36.93587,22.250296
2034-03-15 00:00:00+00:00,27.681568,35.39349,19.700768
2034-03-16 00:00:00+00:00,28.887274,36.75111,20.801243
2034-03-17 00:00:00+00:00,31.54298,40.258728,22.601713
2034-03-18 00:00:00+00:00,32.89869,41.06635,24.452187
2034-03-19 00:00:00+00:00,32.904396,41.023964,24.70266
2034-03-20 00:00:00+00:00,33.710102,42.08158,25.603134
2034-03-21 00:00:00+00:00,34.51581,42.239204,26.453608
2034-03-22 00:00:00+00:00,34.971516,42.846825,26.65408
2034-03-23 00:00:00+00:00,34.27722,41.604443,26.604553
2034-03-24 00:00:00+00:00,31.73293,38.262062,25.405027
2034-03-25 00:00:00+00:00,30.788635,38.71968,23.0555
2034-03-26 00:00:00+00:00,31.994345,40.6773,22.905973
2034-03-27 00:00:00+00:00,32.750053,41.38492,23.906448
2034-03-28 00:00:00+00:00,33.05576,41.792545,24.35692
2034-03-29 00:00:00+00:00,33.361465,41.700157,25.157394
2034-03-30 00:00:00+00:00,32.867172,41.007782,24.907867
2034-03-31 00:00:00+00:00,33.322884,42.365395,24.30834
2034-04-01 00:00:00+00:00,34.078587,42.723015,24.758812
2034-04-02 00:00:00+00:00,33.4843,41.63064,25.259287
2034-04-03 00:00:00+00:00,32.59,40.93826,23.859756
2034-04-04 00:00:00+00:00,32.645706,41.145878,22.610231
2034-04-05 00:00:00+00:00,33.951416,42.753494,23.860706
2034-04-06 00:00:00+00:00,34.707127,43.51111,25.76118
2034-04-07 00:00:00+00:00,35.012833,43.868736,26.111652
2034-04-08 00:00:00+00:00,34.81854,43.676353,23.562126
2034-04-09 00:00:00+00:00,35.07425,42.28397,28.1626
2034-04-10 00:00:00+00:00,36.279953,43.79159,28.463074
2034-04-11 00:00:00+00:00,35.185658,41.89921,28.263546
2034-04-12 00:00:00+00:00,34.09137,41.15683,26.714016
2034-04-13 00:00:00+00:00,34.097073,41.614452,26.31449
2034-04-14 00:00:00+00:00,35.00278,42.822067,26.814966
2034-04-15 00:00:00+00:00,34.658485,42.479687,26.515436
2034-04-16 00:00:00+00:00,35.114197,43.58731,25.61591
2034-04-17 00:00:00+00:00,36.619904,45.744926,26.816383
2034-04-18 00:00:00+00:00,36.075607,44.052544,27.766857
2034-04-19 00:00:00+00:00,35.931313,44.11016,27.167332
2034-04-20 00:00:00+00:00,36.137024,43.367786,28.317804
2034-04-21 00:00:00+00:00,34.542732,40.275406,28.118277
2034-04-22 00:00:00+00:00,37.448437,45.533024,29.768751
2034-04-23 00:00:00+00:00,36.854145,45.040646,27.619225
2034-04-24 00:00:00+00:00,35.35985,43.798264,24.619698
2034-04-25 00:00:00+00:00,35.265556,43.855885,25.870169
2034-04-26 00:00:00+00:00,35.57127,44.6635,26.170645
2034-04-27 00:00:00+00:00,36.526974,45.221123,27.621115
2034-04-28 00:00:00+00:00,36.48268,45.028744,27.271591
2034-04-29 00:00:00+00:00,36.238388,44.286358,27.472063
2034-04-30 00:00:00+00:00,33.69409,40.99398,25.422537
2034-05-01 00:00:00+00:00,33.2998,41.1016,24.47301
2034-05-02 00:00:00+00:00,34.805508,43.009216,25.87348
2034-05-03 00:00:00+00:00,34.01123,41.06186,27.38163
2034-05-04 00:00:00+00:00,35.41701,43.799564,26.562809
2034-05-05 00:00:00+00:00,33.872795,41.38727,26.343987
2034-05-06 00:00:00+00:00,34.678574,42.674976,26.775164
2034-05-07 00:00:00+00:00,35.78435,44.312687,27.106337
2034-05-08 00:00:00+00:00,36.29013,45.000397,27.837515
2034-05-09 00:00:00+00:00,37.74591,45.938103,29.168692
2034-05-10 00:00:00+00:00,37.701687,45.32581,29.049864
2034-05-11 00:00:00+00:00,36.50747,44.063515,27.531044
2034-05-12 00:00:00+00:00,35.11325,42.251225,27.112219
2034-05-13 00:00:00+00:00,34.369026,41.488934,26.593395
2034-05-14 00:00:00+00:00,33.424812,40.326637,25.924572
2034-05-15 00:00:00+00:00,32.530586,40.514343,24.255747
2034-05-16 00:00:00+00:00,32.486366,40.25205,24.386923
2034-05-17 00:00:00+00:00,33.942146,42.08976,25.2681
2034-05-18 00:00:00+00:00,34.797924,42.777466,25.799278
2034-05-19 00:00:00+00:00,35.803707,43.46517,27.230453
2034-05-20 00:00:00+00:00,35.459484,41.952877,28.66163
2034-05-21 00:00:00+00:00,35.265266,43.09059,26.542807
2034-05-22 00:00:00+00:00,36.67104,45.128296,26.923985
2034-05-23 00:00:00+00:00,35.47682,42.615997,27.65516
2034-05-24 00:00:00+00:00,33.0826,40.55371,26.786335
2034-05-25 00:00:00+00:00,34.638382,42.54142,26.467512
2034-05-26 00:00:00+00:00,34.144157,40.879124,27.498692
2034-05-27 00:00:00+00:00,34.049942,40.06683,27.529865
2034-05-28 00:00:00+00:00,34.65572,41.95454,27.911041
2034-05-29 00:00:00+00:00,35.811497,42.642242,28.54222
2034-05-30 00:00:00+00:00,36.317276,43.779953,28.323395
2034-05-31 00:00:00+00:00,37.223057,44.267654,29.354572
2034-06-01 00:00:00+00:00,35.328835,41.755367,27.935747
2034-06-02 00:00:00+00:00,34.28462,40.743076,26.816923
2034-06-03 00:00:00+00:00,34.19039,40.930782,27.3981
2034-06-04 00:00:00+00:00,35.546173,42.56848,27.979277
2034-06-05 00:00:00+00:00,33.401955,39.406197,27.41045
2034-06-06 00:00:00+00:00,33.507732,41.243904,25.941628
2034-06-07 00:00:00+00:00,32.813515,39.73161,26.272806
2034-06-08 00:00:00+00:00,32.319294,39.869312,25.103981
2034-06-09 00:00:00+00:00,31.77507,38.557026,25.285156
2034-06-10 00:00:00+00:00,31.680851,38.394733,24.966335
2034-06-11 00:00:00+00:00,32.08663,39.28244,25.047512
2034-06-12 00:00:00+00:00,32.94241,40.370144,25.07869
2034-06-13 00:00:00+00:00,32.748188,39.45785,25.859863
2034-06-14 00:00:00+00:00,32.453968,38.89556,25.69104
2034-06-15 00:00:00+00:00,33.659748,39.433266,26.722218
2034-06-16 00:00:00+00:00,33.165527,40.17097,26.003393
2034-06-17 00:00:00+00:00,31.321304,37.758682,25.784567
2034-06-18 00:00:00+00:00,30.727085,37.09639,24.165745
2034-06-19 00:00:00+00:00,30.782864,37.084095,23.996922
2034-06-20 00:00:00+00:00,30.288645,34.121796,25.978098
2034-06-21 00:00:00+00:00,30.194424,35.80951,25.809278
2034-06-22 00:00:00+00:00,27.500202,31.147219,22.99045
2034-06-23 00:00:00+00:00,32.10598,39.334923,25.571627
2034-06-24 00:00:00+00:00,32.611763,40.172634,25.202805
2034-06-25 00:00:00+00:00,32.967545,40.760338,25.283981
2034-06-26 00:00:00+00:00,33.873318,40.64804,26.415155
2034-06-27 00:00:00+00:00,33.8291,40.385754,25.596333
2034-06-28 00:00:00+00:00,33.23488,38.173462,28.277512
2034-06-29 00:00:00+00:00,31.840658,36.661167,26.808685
2034-06-30 00:00:00+00:00,31.396439,37.44887,24.789864
2034-07-01 00:00:00+00:00,32.952217,38.98658,26.62104
2034-07-02 00:00:00+00:00,34.308,40.324287,28.202213
2034-07-03 00:00:00+00:00,35.411087,44.76324,26.774448
2034-07-04 00:00:00+00:00,33.70971,40.004253,27.131784
2034-07-05 00:00:00+00:00,32.808315,38.895267,26.139116
2034-07-06 00:00:00+00:00,31.75693,37.536293,26.29645
2034-07-07 00:00:00+00:00,30.555546,34.527306,26.053783
2034-07-08 00:00:00+00:00,31.304155,36.268322,25.811113
2034-07-09 00:00:00+00:00,29.80277,33.459343,26.21845
2034-07-10 00:00:00+00:00,32.201385,38.300354,26.225782
2034-07-11 00:00:00+00:00,29.999996,34.091373,25.783115
2034-07-12 00:00:00+00:00,28.69861,31.63239,26.54045
2034-07-13 00:00:00+00:00,30.397226,36.42341,25.197783
2034-07-14 00:00:00+00:00,30.345837,36.714428,24.155115
2034-07-15 00:00:00+00:00,29.94445,35.955444,23.712448
2034-07-16 00:00:00+00:00,27.093065,30.79646,24.619781
2034-07-17 00:00:00+00:00,30.24168,36.587475,24.327114
2034-07-18 00:00:00+00:00,31.64029,36.678497,26.234447
2034-07-19 00:00:00+00:00,31.838905,38.219513,25.54178
2034-07-20 00:00:00+00:00,30.287518,35.76053,25.299116
2034-07-21 00:00:00+00:00,29.28613,34.85155,24.30645
2034-07-22 00:00:00+00:00,28.334743,32.642567,24.063782
2034-07-23 00:00:00+00:00,30.43336,35.03358,25.771112
2034-07-24 00:00:00+00:00,30.631971,34.6746,26.528444
2034-07-25 00:00:00+00:00,31.93059,37.515614,25.98578
2034-07-26 00:00:00+00:00,31.6292,37.20663,26.293114
2034-07-27 00:00:00+00:00,29.57781,35.14765,24.800446
2034-07-28 00:00:00+00:00,31.42643,36.788666,26.707779
2034-07-29 00:00:00+00:00,31.52504,37.829685,25.565111
2034-07-30 00:00:00+00:00,31.423655,37.770702,25.222446
2034-07-31 00:00:00+00:00,30.72227,36.711716,25.12978
2034-08-01 00:00:00+00:00,30.120882,35.80274,25.137112
2034-08-02 00:00:00+00:00,30.769493,36.643757,25.144447
2034-08-03 00:00:00+00:00,29.418108,34.33477,24.101778
2034-08-04 00:00:00+00:00,31.816721,37.075787,26.30911
2034-08-05 00:00:00+00:00,33.515335,38.266804,27.966446
2034-08-06 00:00:00+00:00,32.31395,36.607826,27.673779
2034-08-07 00:00:00+00:00,32.06256,37.09884,27.13111
2034-08-08 00:00:00+00:00,27.161173,30.68986,24.338444
2034-08-09 00:00:00+00:00,28.359789,33.98088,23.145775
2034-08-10 00:00:00+00:00,28.258402,33.271893,24.103111
2034-08-11 00:00:00+00:00,26.557014,31.11291,23.910442
2034-08-12 00:00:00+00:00,29.955631,36.50393,23.817778
2034-08-13 00:00:00+00:00,29.104242,33.644947,25.97511
2034-08-14 00:00:00+00:00,27.152857,30.685963,24.982443
2034-08-15 00:00:00+00:00,28.351469,34.376984,24.789778
2034-08-16 00:00:00+00:00,27.300081,31.217995,24.54711
2034-08-17 00:00:00+00:00,29.298697,34.859016,26.204441
2034-08-18 00:00:00+00:00,31.247309,38.05003,25.461775
2034-08-19 00:00:00+00:00,31.545923,37.441048,26.019108
2034-08-20 00:00:00+00:00,31.094534,36.38207,25.976442
2034-08-21 00:00:00+00:00,28.89315,33.373085,26.133774
2034-08-22 00:00:00+00:00,28.641762,34.2141,25.291107
2034-08-23 00:00:00+00:00,25.040377,27.855118,22.748442
2034-08-24 00:00:00+00:00,24.588993,28.346134,22.205774
2034-08-25 00:00:00+00:00,26.037603,30.33715,23.213108
2034-08-26 00:00:00+00:00,28.636217,34.17817,24.37044
2034-08-27 00:00:00+00:00,27.334831,33.019188,23.277775
2034-08-28 00:00:00+00:00,27.083445,32.4602,24.235107
2034-08-29 00:00:00+00:00,28.082058,32.85122,24.29244
2034-08-30 00:00:00+00:00,28.980673,34.192238,25.149775
2034-08-31 00:00:00+00:00,30.429285,36.683254,25.157104
2034-09-01 00:00:00+00:00,28.977898,34.324276,24.414438
2034-09-02 00:00:00+00:00,28.027752,31.429482,24.656652
2034-09-03 00:00:00+00:00,28.028847,31.348892,25.383749
2034-09-04 00:00:00+00:00,29.12994,32.968292,25.760847
2034-09-05 00:00:00+00:00,30.531033,33.937695,26.88794
2034-09-06 00:00:00+00:00,27.082127,30.257105,24.215036
2034-09-07 00:00:00+00:00,27.283218,31.176506,24.542135
2034-09-08 00:00:00+00:00,27.284313,30.895916,23.36923
2034-09-09 00:00:00+00:00,28.435411,31.065317,25.846327
2034-09-10 00:00:00+00:00,27.936504,31.634724,25.373423
2034-09-11 00:00:00+00:00,26.587597,29.954128,23.950518
2034-09-12 00:00:00+00:00,26.33869,28.823528,23.277615
2034-09-13 00:00:00+00:00,23.739784,25.442934,22.554708
2034-09-14 00:00:00+00:00,25.740875,30.71234,20.981806
2034-09-15 00:00:00+00:00,27.741972,33.031746,23.358902
2034-09-16 00:00:00+00:00,28.943066,33.15115,25.036
2034-09-17 00:00:00+00:00,29.044159,32.970554,25.313091
2034-09-18 00:00:00+00:00,29.345253,33.03996,25.89019
2034-09-19 00:00:00+00:00,29.446344,33.109367,25.967287
2034-09-20 00:00:00+00:00,24.897438,29.228767,20.04438
2034-09-21 00:00:00+00:00,25.248531,29.698174,21.271475
2034-09-22 00:00:00+00:00,27.949629,32.11758,24.798573
2034-09-23 00:00:00+00:00,27.950722,31.636982,25.27567
2034-09-24 00:00:00+00:00,28.251816,32.756386,23.702765
2034-09-25 00:00:00+00:00,29.352907,33.62579,25.829863
2034-09-26 00:00:00+00:00,26.954002,29.595196,24.60696
2034-09-27 00:00:00+00:00,27.155096,30.664602,24.584053
2034-09-28 00:00:00+00:00,27.056189,31.184008,22.21115
2034-09-29 00:00:00+00:00,27.557281,31.75341,23.338243
2034-09-30 00:00:00+00:00,28.308376,31.822811,24.61534
2034-10-01 00:00:00+00:00,29.109472,33.14222,24.892439
2034-10-02 00:00:00+00:00,25.510563,30.511625,22.169535
2034-10-03 00:00:00+00:00,26.311657,31.681026,21.496628
2034-10-04 00:00:00+00:00,28.162752,32.450428,24.823725
2034-10-05 00:00:00+00:00,29.213848,33.919838,24.950819
2034-10-06 00:00:00+00:00,29.56494,34.239243,25.677917
2034-10-07 00:00:00+00:00,28.916035,33.558643,24.755013
2034-10-08 00:00:00+00:00,27.86713,32.47805,23.532108
2034-10-09 00:00:00+00:00,28.468224,32.597454,25.009205
2034-10-10 00:00:00+00:00,28.669313,33.11686,24.8363
2034-10-11 00:00:00+00:00,28.120409,31.236265,24.863398
2034-10-12 00:00:00+00:00,29.021502,33.605667,24.740492
2034-10-13 00:00:00+00:00,28.972599,33.575073,25.067589
2034-10-14 00:00:00+00:00,29.423689,34.14448,25.144688
2034-10-15 00:00:00+00:00,30.62478,36.71388,24.571781
2034-10-16 00:00:00+00:00,27.225878,31.533285,22.998875
2034-10-17 00:00:00+00:00,27.67697,32.402695,22.72597
2034-10-18 00:00:00+00:00,27.078064,30.022095,23.903067
2034-10-19 00:00:00+00:00,29.429157,36.8415,23.630163
2034-10-20 00:00:00+00:00,28.480251,34.760906,23.007261
2034-10-21 00:00:00+00:00,29.831345,35.930313,24.084354
2034-10-22 00:00:00+00:00,29.032438,33.249714,24.861452
2034-10-23 00:00:00+00:00,26.983536,30.569122,23.988548
2034-10-24 00:00:00+00:00,26.384626,30.638523,23.265642
2034-10-25 00:00:00+00:00,25.535723,30.007925,20.942741
2034-10-26 00:00:00+00:00,27.986816,33.627335,23.169838
2034-10-27 00:00:00+00:00,29.087906,35.74674,23.79693
2034-10-28 00:00:00+00:00,26.839003,30.566141,22.47403
2034-10-29 00:00:00+00:00,27.140095,33.585552,21.101126
2034-10-30 00:00:00+00:00,28.141191,35.454952,21.178219
2034-10-31 00:00:00+00:00,29.692282,37.524357,21.355314
2034-11-01 00:00:00+00:00,32.693382,39.44376,26.382412
2034-11-02 00:00:00+00:00,32.438126,39.69732,25.217443
2034-11-03 00:00:00+00:00,32.67906,39.841373,25.457237
2034-11-04 00:00:00+00:00,31.67,38.28543,25.69703
2034-11-05 00:00:00+00:00,31.810938,38.92948,24.78682
2034-11-06 00:00:00+00:00,31.951876,39.073536,24.876612
2034-11-07 00:00:00+00:00,31.992813,39.21759,24.716406
2034-11-08 00:00:00+00:00,31.133755,37.661648,25.556198
2034-11-09 00:00:00+00:00,30.37469,37.7057,23.195988
2034-11-10 00:00:00+00:00,31.11563,38.449753,23.93578
2034-11-11 00:00:00+00:00,31.506565,37.34381,25.425573
2034-11-12 00:00:00+00:00,31.397507,37.337864,25.865368
2034-11-13 00:00:00+00:00,30.888445,37.73192,24.50516
2034-11-14 00:00:00+00:00,29.529383,36.625973,22.694948
2034-11-15 00:00:00+00:00,30.22032,37.770023,23.184742
2034-11-16 00:00:00+00:00,30.161259,36.91408,23.874538
2034-11-17 00:00:00+00:00,29.602196,36.008133,23.114328
2034-11-18 00:00:00+00:00,29.643137,36.95219,24.00412
2034-11-19 00:00:00+00:00,28.734074,35.246243,22.193914
2034-11-20 00:00:00+00:00,29.32501,34.7903,23.383705
2034-11-21 00:00:00+00:00,29.565948,36.08435,23.723497
2034-11-22 00:00:00+00:00,28.806887,35.77841,22.16329
2034-11-23 00:00:00+00:00,28.897823,36.42246,20.603083
2034-11-24 00:00:00+00:00,29.188765,36.666515,21.542875
2034-11-25 00:00:00+00:00,28.879702,35.51057,22.082668
2034-11-26 00:00:00+00:00,29.620638,36.354626,22.872461
2034-11-27 00:00:00+00:00,30.51158,37.09868,24.012255
2034-11-28 00:00:00+00:00,30.952518,38.142735,24.702045
2034-11-29 00:00:00+00:00,31.243454,37.28679,25.141836
2034-11-30 00:00:00+00:00,30.284393,37.03084,23.88163
2034-12-01 00:00:00+00:00,29.52533,36.624897,22.77142
2034-12-02 00:00:00+00:00,28.566269,35.11895,22.411217
2034-12-03 00:00:00+00:00,28.207209,34.963005,21.951006
2034-12-04 00:00:00+00:00,27.798145,34.55706,21.5408
2034-12-05 00:00:00+00:00,27.989086,35.40111,21.130592
2034-12-06 00:00:00+00:00,28.380022,35.945168,21.370384
2034-12-07 00:00:00+00:00,29.420963,37.28922,22.560175
2034-12-08 00:00:00+00:00,30.3119,37.533276,23.84997
2034-12-09 00:00:00+00:00,28.952837,35.777332,23.139761
2034-12-10 00:00:00+00:00,27.793776,35.071384,20.979551
2034-12-11 00:00:00+00:00,27.534714,35.21544,21.019346
2034-12-12 00:00:00+00:00,27.875652,35.55949,21.109138
2034-12-13 00:00:00+00:00,27.76659,35.103546,21.34893
2034-12-14 00:00:00+00:00,26.157528,32.8476,19.988722
2034-12-15 00:00:00+00:00,23.998465,31.191658,17.578514
2034-12-16 00:00:00+00:00,23.739403,31.98571,16.268309
2034-12-17 00:00:00+00:00,25.180344,33.279762,17.9581
2034-12-18 00:00:00+00:00,25.42128,33.27382,18.697891
2034-12-19 00:00:00+00:00,23.61222,30.867872,17.187683
2034-12-20 00:00:00+00:00,23.253157,31.111925,15.877477
2034-12-21 00:00:00+00:00,24.044094,32.855984,15.91727
2034-12-22 00:00:00+00:00,24.935034,33.900036,17.15706
2034-12-23 00:00:00+00:00,25.675972,35.04409,16.896854
2034-12-24 00:00:00+00:00,26.116909,35.188145,17.636644
2034-12-25 00:00:00+00:00,26.257847,35.232197,17.326439
2034-12-26 00:00:00+00:00,25.598785,33.326252,18.36623
2034-12-27 00:00:00+00:00,26.289724,35.07031,17.506021
2034-12-28 00:00:00+00:00,25.180662,33.114365,17.845818
2034-12-29 00:00:00+00:00,25.221601,33.908417,16.585608
2034-12-30 00:00:00+00:00,27.012537,35.80247,18.625402
2034-12-31 00:00:00+00:00,28.303478,36.896526,20.515192
2035-01-01 00:00:00+00:00,29.894415,37.990574,22.404987
2035-01-02 00:00:00+00:00,30.34055,37.589237,23.848032
2035-01-03 00:00:00+00:00,29.73842,37.13944,22.942158
2035-01-04 00:00:00+00:00,28.636284,35.189632,22.936287
2035-01-05 00:00:00+00:00,28.784155,36.289833,21.880419
2035-01-06 00:00:00+00:00,28.882023,35.240025,22.474546
2035-01-07 00:00:00+00:00,29.279892,36.190228,22.718674
2035-01-08 00:00:00+00:00,29.127756,36.340427,22.212803
2035-01-09 00:00:00+00:00,29.475626,36.89062,22.756931
2035-01-10 00:00:00+00:00,29.473495,36.69082,22.85106
2035-01-11 00:00:00+00:00,28.771364,34.791016,23.34519
2035-01-12 00:00:00+00:00,27.61923,34.841213,21.539322
2035-01-13 00:00:00+00:00,27.117098,34.74141,19.983448
2035-01-14 00:00:00+00:00,28.264967,36.741608,20.327576
2035-01-15 00:00:00+00:00,28.562836,35.79181,21.271708
2035-01-16 00:00:00+00:00,26.810703,34.442,21.265835
2035-01-17 00:00:00+00:00,26.908571,34.5422,20.159964
2035-01-18 00:00:00+00:00,27.00644,34.542397,19.854094
2035-01-19 00:00:00+00:00,26.754307,34.192593,19.598219
2035-01-20 00:00:00+00:00,25.652178,32.49279,19.292349
2035-01-21 00:00:00+00:00,24.800045,31.89299,18.13648
2035-01-22 00:00:00+00:00,23.847914,31.243189,16.630608
2035-01-23 00:00:00+00:00,22.19578,28.493383,15.824737
2035-01-24 00:00:00+00:00,22.793648,30.44358,15.568864
2035-01-25 00:00:00+00:00,23.941515,31.993778,16.112995
2035-01-26 00:00:00+00:00,25.639385,33.743973,17.457125
2035-01-27 00:00:00+00:00,27.387253,35.99417,19.201254
2035-01-28 00:00:00+00:00,28.53512,36.494366,21.59538
2035-01-29 00:00:00+00:00,30.182987,37.044567,24.339512
2035-01-30 00:00:00+00:00,28.730856,34.944767,23.583641
2035-01-31 00:00:00+00:00,29.728724,37.444965,22.727768
2035-02-01 00:00:00+00:00,30.226591,37.49516,23.071898
2035-02-02 00:00:00+00:00,30.774458,37.89536,23.616028
2035-02-03 00:00:00+00:00,29.62233,36.645554,22.810156
2035-02-04 00:00:00+00:00,29.170197,36.19575,22.204285
2035-02-05 00:00:00+00:00,28.568064,35.795948,21.648413
2035-02-06 00:00:00+00:00,27.765934,34.996143,20.642544
2035-02-07 00:00:00+00:00,27.813799,35.99634,19.78667
2035-02-08 00:00:00+00:00,29.411667,38.246536,20.730797
2035-02-09 00:00:00+00:00,30.809538,39.49674,22.224928
2035-02-10 00:00:00+00:00,31.257404,39.846935,23.169058
2035-02-11 00:00:00+00:00,30.35527,38.147133,23.313187
2035-02-12 00:00:00+00:00,30.003141,38.54733,21.757317
2035-02-13 00:00:00+00:00,30.751007,39.197525,22.101444
2035-02-14 00:00:00+00:00,30.448877,38.647724,22.195572
2035-02-15 00:00:00+00:00,28.946743,35.647923,21.039701
2035-02-16 00:00:00+00:00,30.394613,38.098125,22.783833
2035-02-17 00:00:00+00:00,32.192482,39.84832,25.02796
2035-02-18 00:00:00+00:00,32.39035,40.048515,24.92209
2035-02-19 00:00:00+00:00,32.038223,39.298714,25.066217
2035-02-20 00:00:00+00:00,30.136084,36.898907,23.660345
2035-02-21 00:00:00+00:00,26.633953,33.59911,19.804476
2035-02-22 00:00:00+00:00,26.981821,35.299305,18.848604
2035-02-23 00:00:00+00:00,27.679691,35.9995,19.992733
2035-02-24 00:00:00+00:00,27.177557,35.399696,19.486862
2035-02-25 00:00:00+00:00,27.975424,37.2999,19.23099
2035-02-26 00:00:00+00:00,29.623295,38.8001,20.925121
2035-02-27 00:00:00+00:00,30.871162,40.100292,22.069248
2035-02-28 00:00:00+00:00,30.61903,39.200485,22.713377
2035-03-01 00:00:00+00:00,29.7169,38.400684,21.307508
2035-03-02 00:00:00+00:00,29.714766,38.900883,20.751637
2035-03-03 00:00:00+00:00,29.712635,37.901077,21.895765
2035-03-04 00:00:00+00:00,30.91736,39.107773,23.245447
2035-03-05 00:00:00+00:00,31.373068,39.81539,23.395916
2035-03-06 00:00:00+00:00,31.278778,40.07301,22.396393
2035-03-07 00:00:00+00:00,31.584484,40.530624,22.696861
2035-03-08 00:00:00+00:00,32.24019,42.038246,22.497337
2035-03-09 00:00:00+00:00,31.795898,40.945866,21.69781
2035-03-10 00:00:00+00:00,32.201607,41.303486,22.798283
2035-03-11 00:00:00+00:00,31.20731,39.811104,22.598759
2035-03-12 00:00:00+00:00,31.013016,40.11873,21.949228
2035-03-13 00:00:00+00:00,31.918726,41.22635,22.499706
2035-03-14 00:00:00+00:00,32.47443,41.633965,23.300177
2035-03-15 00:00:00+00:00,31.68014,40.741585,20.90065
2035-03-16 00:00:00+00:00,32.985847,41.949203,23.701124
2035-03-17 00:00:00+00:00,32.641556,42.00682,22.301596
2035-03-18 00:00:00+00:00,32.69726,41.314438,23.702068
2035-03-19 00:00:00+00:00,32.35297,41.522064,22.152544
2035-03-20 00:00:00+00:00,32.858677,42.179684,24.203014
2035-03-21 00:00:00+00:00,32.914383,41.4373,25.25349
2035-03-22 00:00:00+00:00,32.42009,41.094917,24.253962
2035-03-23 00:00:00+00:00,32.725796,41.202538,24.854435
2035-03-24 00:00:00+00:00,32.831505,41.61016,24.50491
2035-03-25 00:00:00+00:00,33.237213,42.467777,24.105383
2035-03-26 00:00:00+00:00,33.19292,42.125397,23.555855
2035-03-27 00:00:00+00:00,34.39863,42.283016,26.156328
2035-03-28 00:00:00+00:00,32.854332,41.090633,24.256804
2035-03-29 00:00:00+00:00,32.46004,40.94825,23.357275
2035-03-30 00:00:00+00:00,33.215744,41.95587,24.107748
2035-03-31 00:00:00+00:00,33.47145,42.263496,24.45822
2035-04-01 00:00:00+00:00,33.32716,41.421116,25.108692
2035-04-02 00:00:00+00:00,32.982872,41.07873,24.609165
2035-04-03 00:00:00+00:00,32.98858,40.73635,24.459639
2035-04-04 00:00:00+00:00,33.394283,41.393967,25.210114
2035-04-05 00:00:00+00:00,33.74999,41.801594,25.060587
2035-04-06 00:00:00+00:00,34.7557,43.509212,25.511063
2035-04-07 00:00:00+00:00,34.761406,43.21683,25.811535
2035-04-08 00:00:00+00:00,33.767113,41.974445,25.412008
2035-04-09 00:00:00+00:00,31.622818,39.83207,22.61248
2035-04-10 00:00:00+00:00,31.178522,38.73969,22.912952
2035-04-11 00:00:00+00:00,34.034233,42.797306,24.763428
2035-04-12 00:00:00+00:00,35.839943,44.004925,27.213898
2035-04-13 00:00:00+00:00,34.945644,42.962547,27.114374
2035-04-14 00:00:00+00:00,34.301357,42.720165,25.264845
2035-04-15 00:00:00+00:00,33.90706,41.777782,25.565321
2035-04-16 00:00:00+00:00,31.862768,38.885403,24.215794
2035-04-17 00:00:00+00:00,31.368477,38.243023,23.816265
2035-04-18 00:00:00+00:00,32.624184,41.300644,23.566738
2035-04-19 00:00:00+00:00,32.97989,40.408264,25.467213
2035-04-20 00:00:00+00:00,32.335594,40.11588,24.117683
2035-04-21 00:00:00+00:00,31.891304,40.123497,23.41816
2035-04-22 00:00:00+00:00,32.847015,41.08112,24.618633
2035-04-23 00:00:00+00:00,33.85272,42.33874,25.019104
2035-04-24 00:00:00+00:00,34.158424,42.14636,25.569578
2035-04-25 00:00:00+00:00,29.16413,37.103977,21.320053
2035-04-26 00:00:00+00:00,25.969841,32.361595,18.420525
2035-04-27 00:00:00+00:00,26.075548,33.219215,18.270998
2035-04-28 00:00:00+00:00,28.081253,35.72684,19.67147
2035-04-29 00:00:00+00:00,29.98696,37.53445,21.571945
2035-04-30 00:00:00+00:00,30.792664,38.292076,22.422417
2035-05-01 00:00:00+00:00,31.648373,38.899696,23.322891
2035-05-02 00:00:00+00:00,32.704082,40.007313,24.373362
2035-05-03 00:00:00+00:00,34.15979,41.864933,25.273838
2035-05-04 00:00:00+00:00,35.36557,42.60264,27.405012
2035-05-05 00:00:00+00:00,36.67135,44.090347,28.88619
2035-05-06 00:00:00+00:00,36.927124,43.528057,29.317368
2035-05-07 00:00:00+00:00,36.882908,43.865757,28.898544
2035-05-08 00:00:00+00:00,35.388687,42.00347,28.179718
2035-05-09 00:00:00+00:00,34.544468,41.341175,27.210896
2035-05-10 00:00:00+00:00,31.250246,35.47888,27.14207
2035-05-11 00:00:00+00:00,29.106024,34.716595,21.82325
2035-05-12 00:00:00+00:00,29.511803,37.1543,22.404423
2035-05-13 00:00:00+00:00,34.767586,42.642006,26.135601
2035-05-14 00:00:00+00:00,35.473366,43.02971,27.066778
2035-05-15 00:00:00+00:00,36.97914,45.36742,27.997953
2035-05-16 00:00:00+00:00,38.13492,45.605125,30.22913
2035-05-17 00:00:00+00:00,35.2907,42.84283,26.710308
2035-05-18 00:00:00+00:00,33.29648,38.53054,27.041483
2035-05-19 00:00:00+00:00,32.85226,40.81825,23.722658
2035-05-20 00:00:00+00:00,27.20804,33.605953,20.253836
2035-05-21 00:00:00+00:00,28.413818,38.593666,19.735014
2035-05-22 00:00:00+00:00,31.619598,41.33137,21.916191
2035-05-23 00:00:00+00:00,32.375378,40.919075,23.447367
2035-05-24 00:00:00+00:00,32.931156,41.15678,25.02854
2035-05-25 00:00:00+00:00,33.886936,42.29449,25.509718
2035-05-26 00:00:00+00:00,30.292717,34.432198,22.740896
2035-05-27 00:00:00+00:00,25.14849,27.869904,22.172071
2035-05-28 00:00:00+00:00,25.904272,29.857609,22.503248
2035-05-29 00:00:00+00:00,26.060055,30.845318,22.234423
2035-05-30 00:00:00+00:00,27.915833,33.983025,23.2656
2035-05-31 00:00:00+00:00,29.92161,37.07073,23.296776
2035-06-01 00:00:00+00:00,28.277391,34.45844,22.027952
2035-06-02 00:00:00+00:00,30.233171,37.39615,22.909132
2035-06-03 00:00:00+00:00,28.58895,32.133858,24.890306
2035-06-04 00:00:00+00:00,31.144728,38.32156,24.071484
2035-06-05 00:00:00+00:00,30.000511,36.959267,25.252657
2035-06-06 00:00:00+00:00,29.406288,36.446968,24.133835
2035-06-07 00:00:00+00:00,30.062067,36.084686,24.115011
2035-06-08 00:00:00+00:00,31.017845,36.97239,25.44619
2035-06-09 00:00:00+00:00,30.27363,34.810097,25.827364
2035-06-10 00:00:00+00:00,31.979404,37.247803,26.50854
2035-06-11 00:00:00+00:00,33.035183,38.635513,27.189716
2035-06-12 00:00:00+00:00,33.090965,39.473217,26.470894
2035-06-13 00:00:00+00:00,32.746742,38.760925,26.15207
2035-06-14 00:00:00+00:00,31.852524,38.348633,25.683243
2035-06-15 00:00:00+00:00,29.858305,35.036343,24.614424
2035-06-16 00:00:00+00:00,29.664082,35.574047,23.545599
2035-06-17 00:00:00+00:00,29.16986,33.261753,24.926777
2035-06-18 00:00:00+00:00,30.625639,35.84946,25.257952
2035-06-19 00:00:00+00:00,30.181421,34.33717,25.839127
2035-06-20 00:00:00+00:00,32.187202,37.424877,26.470304
2035-06-21 00:00:00+00:00,32.242977,36.86258,27.051481
2035-06-22 00:00:00+00:00,26.398758,31.70029,22.582659
2035-06-23 00:00:00+00:00,29.354538,35.987995,23.21383
2035-06-24 00:00:00+00:00,30.610317,37.175705,26.595009
2035-06-25 00:00:00+00:00,30.566097,37.61341,23.976187
2035-06-26 00:00:00+00:00,28.471878,33.501118,22.707365
2035-06-27 00:00:00+00:00,26.527655,31.338823,22.788542
2035-06-28 00:00:00+00:00,29.533434,36.17653,22.969713
2035-06-29 00:00:00+00:00,33.139214,40.514236,27.100891
2035-06-30 00:00:00+00:00,30.744995,37.50194,24.732069
2035-07-01 00:00:00+00:00,31.500772,37.939655,25.663244
2035-07-02 00:00:00+00:00,27.256554,33.077362,22.444424
2035-07-03 00:00:00+00:00,28.261435,34.36548,22.372618
2035-07-04 00:00:00+00:00,31.260052,36.706497,25.72995
2035-07-05 00:00:00+00:00,32.65866,38.547516,26.237284
2035-07-06 00:00:00+00:00,31.457277,36.888535,26.044615
2035-07-07 00:00:00+00:00,31.85589,37.729557,25.751951
2035-07-08 00:00:00+00:00,32.8545,38.920563,26.759283
2035-07-09 00:00:00+00:00,31.103115,37.16158,25.216618
2035-07-10 00:00:00+00:00,30.60173,36.4026,25.62395
2035-07-11 00:00:00+00:00,30.050343,35.193623,25.93128
2035-07-12 00:00:00+00:00,29.748959,34.43464,25.088617
2035-07-13 00:00:00+00:00,28.647572,32.075657,25.745949
2035-07-14 00:00:00+00:00,31.146183,36.81667,25.35328
2035-07-15 00:00:00+00:00,33.844795,39.00769,28.510616
2035-07-16 00:00:00+00:00,28.543413,33.098705,25.767948
2035-07-17 00:00:00+00:00,28.292025,32.989723,25.37528
2035-07-18 00:00:00+00:00,27.840635,32.180737,24.482613
2035-07-19 00:00:00+00:00,31.239254,36.971756,25.889946
2035-07-20 00:00:00+00:00,31.187866,37.012775,26.19728
2035-07-21 00:00:00+00:00,29.686476,34.753788,25.354612
2035-07-22 00:00:00+00:00,25.935091,30.39481,22.761948
2035-07-23 00:00:00+00:00,25.683706,30.135826,22.969282
2035-07-24 00:00:00+00:00,25.382318,28.276846,22.926613
2035-07-25 00:00:00+00:00,23.080933,24.567862,21.183945
2035-07-26 00:00:00+00:00,24.579548,28.10888,22.19128
2035-07-27 00:00:00+00:00,23.828157,25.349895,20.698612
2035-07-28 00:00:00+00:00,24.776773,28.640915,19.905947
2035-07-29 00:00:00+00:00,25.225388,29.93193,22.11328
2035-07-30 00:00:00+00:00,25.973999,32.07295,21.520613
2035-07-31 00:00:00+00:00,26.122614,31.563965,22.677944
2035-08-01 00:00:00+00:00,27.271225,33.104984,22.23528
2035-08-02 00:00:00+00:00,29.36984,35.246002,23.142612
2035-08-03 00:00:00+00:00,31.618454,37.88702,25.849945
2035-08-04 00:00:00+00:00,25.017067,30.178038,21.857279
2035-08-05 00:00:00+00:00,24.915682,28.619053,21.814611
2035-08-06 00:00:00+00:00,28.614296,35.360065,23.821943
2035-08-07 00:00:00+00:00,32.812904,41.851086,25.67928
2035-08-08 00:00:00+00:00,27.06152,30.192106,22.38661
2035-08-09 00:00:00+00:00,25.610138,29.833122,22.343943
2035-08-10 00:00:00+00:00,25.308746,29.674139,21.851276
2035-08-11 00:00:00+00:00,27.307362,33.215157,21.85861
2035-08-12 00:00:00+00:00,25.955975,28.506172,24.115942
2035-08-13 00:00:00+00:00,23.70459,26.697193,21.323275
2035-08-14 00:00:00+00:00,25.103203,30.33821,21.080612
2035-08-15 00:00:00+00:00,25.551815,30.629225,21.787943
2035-08-16 00:00:00+00:00,25.00043,28.620241,21.445276
2035-08-17 00:00:00+00:00,25.399044,27.511257,23.70261
2035-08-18 00:00:00+00:00,23.947657,25.952274,22.009943
2035-08-19 00:00:00+00:00,25.74627,29.493294,22.317276
2035-08-20 00:00:00+00:00,28.444883,35.23431,23.924608
2035-08-21 00:00:00+00:00,28.543497,34.875328,23.531942
2035-08-22 00:00:00+00:00,28.142109,33.016346,24.689274
2035-08-23 00:00:00+00:00,24.490725,27.107365,23.196608
2035-08-24 00:00:00+00:00,25.839338,29.848381,23.25394
2035-08-25 00:00:00+00:00,26.53795,32.2894,22.911274
2035-08-26 00:00:00+00:00,26.636564,32.78042,22.568607
2035-08-27 00:00:00+00:00,28.035177,32.871433,24.52594
2035-08-28 00:00:00+00:00,28.33379,33.21245,25.183273
2035-08-29 00:00:00+00:00,23.682404,25.903465,22.190609
2035-08-30 00:00:00+00:00,23.13102,25.744486,21.99794
2035-08-31 00:00:00+00:00,23.429632,26.535503,20.955273
2035-09-01 00:00:00+00:00,25.928246,31.676514,22.312607
2035-09-02 00:00:00+00:00,26.42748,30.024635,23.01238
2035-09-03 00:00:00+00:00,28.078571,31.594036,24.689476
2035-09-04 00:00:00+00:00,25.729666,28.863445,23.16657
2035-09-05 00:00:00+00:00,26.730759,30.28285,23.193666
2035-09-06 00:00:00+00:00,28.03185,31.402252,24.120764
2035-09-07 00:00:00+00:00,28.48295,31.421654,26.147861
2035-09-08 00:00:00+00:00,26.684042,29.491062,23.874956
2035-09-09 00:00:00+00:00,24.085136,26.460464,22.10205
2035-09-10 00:00:00+00:00,24.736229,27.87987,22.279148
2035-09-11 00:00:00+00:00,25.537321,29.749275,21.506243
2035-09-12 00:00:00+00:00,26.538414,30.26868,23.08334
2035-09-13 00:00:00+00:00,25.83951,29.838085,22.560436
2035-09-14 00:00:00+00:00,24.840605,29.957487,22.387531
2035-09-15 00:00:00+00:00,24.9417,29.126892,21.664625
2035-09-16 00:00:00+00:00,27.192793,31.946297,22.841722
2035-09-17 00:00:00+00:00,29.443886,33.915703,25.568819
2035-09-18 00:00:00+00:00,28.644976,31.635105,25.345915
2035-09-19 00:00:00+00:00,28.496073,31.654514,25.62301
2035-09-20 00:00:00+00:00,25.797165,28.523916,22.850105
2035-09-21 00:00:00+00:00,23.448261,25.34332,21.527203
2035-09-22 00:00:00+00:00,25.149353,30.012722,20.5543
2035-09-23 00:00:00+00:00,26.500446,30.832132,22.131395
2035-09-24 00:00:00+00:00,28.201542,32.851532,24.408491
2035-09-25 00:00:00+00:00,27.552633,32.120934,23.635588
2035-09-26 00:00:00+00:00,27.30373,31.590343,22.962685
2035-09-27 00:00:00+00:00,27.25482,31.15975,23.889778
2035-09-28 00:00:00+00:00,26.905916,30.479155,23.666876
2035-09-29 00:00:00+00:00,26.95701,31.19856,22.743973
2035-09-30 00:00:00+00:00,28.158106,33.117966,24.071066
2035-10-01 00:00:00+00:00,28.9592,33.28737,24.64816
2035-10-02 00:00:00+00:00,25.410292,29.606773,21.22526
2035-10-03 00:00:00+00:00,25.961384,31.026175,21.402355
2035-10-04 00:00:00+00:00,27.812477,33.09558,23.97945
2035-10-05 00:00:00+00:00,27.163572,32.364986,21.956545
2035-10-06 00:00:00+00:00,26.864666,32.284386,21.733643
2035-10-07 00:00:00+00:00,28.96576,34.953793,23.210741
2035-10-08 00:00:00+00:00,29.766853,36.3732,25.037834
2035-10-09 00:00:00+00:00,29.267946,36.292603,20.86493
2035-10-10 00:00:00+00:00,29.31904,33.812004,25.242027
2035-10-11 00:00:00+00:00,29.070133,33.231415,25.219124
2035-10-12 00:00:00+00:00,29.321226,34.400818,24.546219
2035-10-13 00:00:00+00:00,28.422321,33.17022,23.873314
2035-10-14 00:00:00+00:00,27.973417,31.589626,24.70041
2035-10-15 00:00:00+00:00,27.874512,31.40903,24.477507
2035-10-16 00:00:00+00:00,28.025604,32.778435,23.904604
2035-10-17 00:00:00+00:00,28.076698,33.79784,22.5817
2035-10-18 00:00:00+00:00,28.27779,34.267242,22.208796
2035-10-19 00:00:00+00:00,27.978886,32.38665,24.08589
2035-10-20 00:00:00+00:00,26.129978,30.206055,22.212986
2035-10-21 00:00:00+00:00,27.731073,33.47546,22.19008
2035-10-22 00:00:00+00:00,29.232166,34.444862,24.71718
2035-10-23 00:00:00+00:00,28.533258,32.81427,24.894272
2035-10-24 00:00:00+00:00,28.934353,34.08367,24.17137
2035-10-25 00:00:00+00:00,28.935446,34.853077,24.248465
2035-10-26 00:00:00+00:00,27.886543,33.72248,22.525562
2035-10-27 00:00:00+00:00,28.287634,34.241882,23.252659
2035-10-28 00:00:00+00:00,27.838726,35.011288,21.829756
2035-10-29 00:00:00+00:00,27.139824,33.130695,21.10685
2035-10-30 00:00:00+00:00,27.740917,33.450104,21.633945
2035-10-31 00:00:00+00:00,26.542011,33.3195,20.261044
2035-11-01 00:00:00+00:00,29.893105,37.988907,22.78814
2035-11-02 00:00:00+00:00,30.540388,38.148808,23.619995
2035-11-03 00:00:00+00:00,31.331326,38.64286,23.459787
2035-11-04 00:00:00+00:00,32.222267,39.036915,25.349579
2035-11-05 00:00:00+00:00,32.663204,39.980972,25.789373
2035-11-06 00:00:00+00:00,31.554142,38.725025,24.629166
2035-11-07 00:00:00+00:00,30.145079,37.069077,21.918957
2035-11-08 00:00:00+00:00,29.936018,37.513134,22.85875
2035-11-09 00:00:00+00:00,29.876957,37.40719,22.148544
2035-11-10 00:00:00+00:00,29.567896,37.45124,21.688335
2035-11-11 00:00:00+00:00,29.708834,38.045296,21.728125
2035-11-12 00:00:00+00:00,30.09977,37.38935,22.067917
2035-11-13 00:00:00+00:00,29.690708,36.83341,22.30771
2035-11-14 00:00:00+00:00,29.481644,36.92746,22.297504
2035-11-15 00:00:00+00:00,29.322584,37.17151,21.337296
2035-11-16 00:00:00+00:00,29.913525,37.765568,22.177086
2035-11-17 00:00:00+00:00,30.004461,37.70962,22.066883
2035-11-18 00:00:00+00:00,29.7954,37.20367,22.70667
2035-11-19 00:00:00+00:00,27.336338,33.147728,21.946466
2035-11-20 00:00:00+00:00,25.827276,32.29179,19.68626
2035-11-21 00:00:00+00:00,25.568218,32.185837,18.77605
2035-11-22 00:00:00+00:00,27.159153,34.12989,19.36584
2035-11-23 00:00:00+00:00,29.050093,35.623947,23.055637
2035-11-24 00:00:00+00:00,29.991026,36.168,24.045427
2035-11-25 00:00:00+00:00,29.081968,35.462055,22.68522
2035-11-26 00:00:00+00:00,28.972906,35.50611,22.675013
2035-11-27 00:00:00+00:00,28.663843,35.20016,22.514805
2035-11-28 00:00:00+00:00,26.65478,31.894218,22.354597
2035-11-29 00:00:00+00:00,26.14572,31.938272,20.044388
2035-11-30 00:00:00+00:00,25.836658,30.982328,20.834183
2035-12-01 00:00:00+00:00,24.377596,30.926382,18.123972
2035-12-02 00:00:00+00:00,24.418533,31.170435,18.113768
2035-12-03 00:00:00+00:00,26.259472,32.81449,20.453558
2035-12-04 00:00:00+00:00,28.000412,34.108543,22.49335
2035-12-05 00:00:00+00:00,27.94135,33.902596,22.783144
2035-12-06 00:00:00+00:00,28.482288,34.896652,22.822937
2035-12-07 00:00:00+00:00,29.173225,35.690712,23.562727
2035-12-08 00:00:00+00:00,28.464165,34.934765,22.852522
2035-12-09 00:00:00+00:00,27.805101,34.328815,22.142313
2035-12-10 00:00:00+00:00,27.346039,34.02287,21.382105
2035-12-11 00:00:00+00:00,26.436977,31.816925,21.921898
2035-12-12 00:00:00+00:00,25.627916,30.910978,20.911688
2035-12-13 00:00:00+00:00,25.318853,31.355036,20.25148
2035-12-14 00:00:00+00:00,25.709793,32.799088,19.541275
2035-12-15 00:00:00+00:00,24.550732,30.443142,19.481066
2035-12-16 00:00:00+00:00,24.691668,30.887197,19.37086
2035-12-17 00:00:00+00:00,25.382607,31.03125,19.96065
2035-12-18 00:00:00+00:00,26.773546,33.575302,21.850443
2035-12-19 00:00:00+00:00,26.364485,32.819355,20.940237
2035-12-20 00:00:00+00:00,26.205423,33.013416,19.78003
2035-12-21 00:00:00+00:00,26.746359,33.70747,20.66982
2035-12-22 00:00:00+00:00,27.487299,34.85152,20.959616
2035-12-23 00:00:00+00:00,27.728237,35.145576,21.249407
2035-12-24 00:00:00+00:00,26.619175,32.53963,21.089197
2035-12-25 00:00:00+00:00,27.160112,34.73368,20.57899
2035-12-26 00:00:00+00:00,27.851048,34.777737,21.618782
2035-12-27 00:00:00+00:00,25.44199,30.171791,21.258575
2035-12-28 00:00:00+00:00,23.232927,29.015848,17.698368
2035-12-29 00:00:00+00:00,21.123865,26.7099,15.688159
2035-12-30 00:00:00+00:00,20.714804,27.303957,14.577949
2035-12-31 00:00:00+00:00,21.955744,29.29801,15.3677435
2036-01-01 00:00:00+00:00,23.346682,30.442066,16.50754
2036-01-02 00:00:00+00:00,23.491085,30.68919,16.7495
2036-01-03 00:00:00+00:00,23.888952,30.889393,17.193624
2036-01-04 00:00:00+00:00,24.036818,31.439583,17.037754
2036-01-05 00:00:00+00:00,23.284685,30.589783,16.431885
2036-01-06 00:00:00+00:00,23.532555,30.88998,16.776014
2036-01-07 00:00:00+00:00,24.630424,32.190178,17.670141
2036-01-08 00:00:00+00:00,25.428291,33.190376,18.364271
2036-01-09 00:00:00+00:00,25.526157,33.290573,18.4084
2036-01-10 00:00:00+00:00,26.324028,34.29077,19.002527
2036-01-11 00:00:00+00:00,27.121897,35.590965,19.396658
2036-01-12 00:00:00+00:00,27.269764,35.541164,19.440788
2036-01-13 00:00:00+00:00,27.517632,36.091362,19.584915
2036-01-14 00:00:00+00:00,27.8655,36.04156,20.079044
2036-01-15 00:00:00+00:00,29.26337,37.891758,21.523174
2036-01-16 00:00:00+00:00,28.461237,36.291954,21.3673
2036-01-17 00:00:00+00:00,27.559105,35.792152,19.861431
2036-01-18 00:00:00+00:00,26.106972,33.692345,19.405561
2036-01-19 00:00:00+00:00,26.904842,35.892544,18.699688
2036-01-20 00:00:00+00:00,27.352707,35.842743,19.29382
2036-01-21 00:00:00+00:00,27.800575,36.44294,19.637947
2036-01-22 00:00:00+00:00,28.148447,36.893135,19.832075
2036-01-23 00:00:00+00:00,29.24631,37.893333,21.326204
2036-01-24 00:00:00+00:00,29.69418,37.843533,22.170334
2036-01-25 00:00:00+00:00,29.242048,37.04373,22.114462
2036-01-26 00:00:00+00:00,28.439917,36.943924,20.15859
2036-01-27 00:00:00+00:00,28.637787,37.294125,20.50272
2036-01-28 00:00:00+00:00,29.335653,37.99432,21.546848
2036-01-29 00:00:00+00:00,28.58352,36.594517,21.240978
2036-01-30 00:00:00+00:00,27.931389,36.444714,20.185106
2036-01-31 00:00:00+00:00,27.829256,36.69491,19.829237
2036-02-01 00:00:00+00:00,28.327126,36.795113,20.773363
2036-02-02 00:00:00+00:00,28.424994,36.59531,21.217493
2036-02-03 00:00:00+00:00,27.522863,35.095505,20.461624
2036-02-04 00:00:00+00:00,27.57073,35.895702,20.305752
2036-02-05 00:00:00+00:00,27.218597,35.2959,19.59988
2036-02-06 00:00:00+00:00,28.066465,37.0961,19.794012
2036-02-07 00:00:00+00:00,28.714333,37.246292,20.888138
2036-02-08 00:00:00+00:00,28.512201,36.696487,20.832266
2036-02-09 00:00:00+00:00,27.760069,35.74669,20.226395
2036-02-10 00:00:00+00:00,28.057938,36.54689,20.070524
2036-02-11 00:00:00+00:00,28.605804,37.047085,20.564653
2036-02-12 00:00:00+00:00,28.553675,36.897278,20.508783
2036-02-13 00:00:00+00:00,27.80154,35.79748,20.15291
2036-02-14 00:00:00+00:00,27.44941,35.39767,19.54704
2036-02-15 00:00:00+00:00,27.24728,35.047874,19.34117
2036-02-16 00:00:00+00:00,27.795145,35.048077,20.4853
2036-02-17 00:00:00+00:00,28.293013,36.048267,20.72943
2036-02-18 00:00:00+00:00,27.940882,35.198467,20.873554
2036-02-19 00:00:00+00:00,26.98875,34.548664,19.717688
2036-02-20 00:00:00+00:00,27.136618,35.198856,19.411812
2036-02-21 00:00:00+00:00,28.33449,36.64906,20.255943
2036-02-22 00:00:00+00:00,27.882355,35.24925,20.700071
2036-02-23 00:00:00+00:00,26.080223,33.44945,19.094202
2036-02-24 00:00:00+00:00,25.07809,32.349648,17.938332
2036-02-25 00:00:00+00:00,24.12596,31.449848,16.632456
2036-02-26 00:00:00+00:00,24.373827,31.850044,16.876587
2036-02-27 00:00:00+00:00,25.721695,33.25024,18.420715
2036-02-28 00:00:00+00:00,26.569565,33.750443,19.414848
2036-02-29 00:00:00+00:00,25.71743,33.150635,18.458975
2036-03-01 00:00:00+00:00,25.165297,32.400833,17.953104
2036-03-02 00:00:00+00:00,25.113169,33.101032,17.997234
2036-03-03 00:00:00+00:00,26.065937,34.35587,18.045328
2036-03-04 00:00:00+00:00,27.071642,35.363487,19.495798
2036-03-05 00:00:00+00:00,27.777348,35.821106,20.046274
2036-03-06 00:00:00+00:00,28.383055,36.428726,20.496744
2036-03-07 00:00:00+00:00,27.238764,33.636345,21.04722
2036-03-08 00:00:00+00:00,24.144472,30.543959,17.397694
2036-03-09 00:00:00+00:00,25.000177,32.901585,17.498165
2036-03-10 00:00:00+00:00,25.105886,32.5092,17.448639
2036-03-11 00:00:00+00:00,25.761593,33.86682,18.499113
2036-03-12 00:00:00+00:00,27.067299,35.424442,18.549585
2036-03-13 00:00:00+00:00,28.523008,36.882065,20.600058
2036-03-14 00:00:00+00:00,28.828712,36.93968,20.80053
2036-03-15 00:00:00+00:00,28.93442,36.4473,21.551004
2036-03-16 00:00:00+00:00,29.89013,38.35492,21.051477
2036-03-17 00:00:00+00:00,31.295834,39.312534,22.901953
2036-03-18 00:00:00+00:00,31.80154,39.870155,23.902426
2036-03-19 00:00:00+00:00,31.707249,40.22778,23.402899
2036-03-20 00:00:00+00:00,32.112957,41.085396,23.10337
2036-03-21 00:00:00+00:00,32.318665,41.143013,21.853842
2036-03-22 00:00:00+00:00,32.67437,41.600636,23.404318
2036-03-23 00:00:00+00:00,32.48008,39.558254,24.60479
2036-03-24 00:00:00+00:00,31.235786,38.86587,22.805264
2036-03-25 00:00:00+00:00,27.19149,31.923494,21.855736
2036-03-26 00:00:00+00:00,31.147202,39.181107,23.056211
2036-03-27 00:00:00+00:00,33.302906,40.33873,27.456682
2036-03-28 00:00:00+00:00,34.108612,41.94635,26.357159
2036-03-29 00:00:00+00:00,32.96432,40.10397,25.45763
2036-03-30 00:00:00+00:00,32.520027,40.461586,24.308104
2036-03-31 00:00:00+00:00,32.575737,40.869205,24.058577
2036-04-01 00:00:00+00:00,32.831444,41.076828,24.659048
2036-04-02 00:00:00+00:00,33.887146,42.184452,25.70952
2036-04-03 00:00:00+00:00,33.942856,41.192066,25.359993
2036-04-04 00:00:00+00:00,34.84856,42.599686,26.26047
2036-04-05 00:00:00+00:00,34.654266,42.707302,26.260944
2036-04-06 00:00:00+00:00,34.20998,41.81493,26.061417
2036-04-07 00:00:00+00:00,34.465687,42.22254,26.16189
2036-04-08 00:00:00+00:00,35.12139,43.130165,26.562363
2036-04-09 00:00:00+00:00,35.977097,44.23778,27.612835
2036-04-10 00:00:00+00:00,34.832806,42.745403,25.66331
2036-04-11 00:00:00+00:00,35.13851,43.453022,26.21378
2036-04-12 00:00:00+00:00,35.39422,43.51064,26.914255
2036-04-13 00:00:00+00:00,35.999928,43.71826,28.014729
2036-04-14 00:00:00+00:00,36.405632,43.67588,28.765202
2036-04-15 00:00:00+00:00,36.26134,43.433502,28.815674
2036-04-16 00:00:00+00:00,35.91705,43.04112,28.616148
2036-04-17 00:00:00+00:00,34.322758,41.39874,26.81662
2036-04-18 00:00:00+00:00,33.228462,40.656357,25.617094
2036-04-19 00:00:00+00:00,32.034172,39.513973,25.317566
2036-04-20 00:00:00+00:00,32.78988,41.521595,23.81804
2036-04-21 00:00:00+00:00,33.895584,42.87921,25.068516
2036-04-22 00:00:00+00:00,32.551292,39.936836,24.368984
2036-04-23 00:00:00+00:00,34.756996,42.094456,26.269463
2036-04-24 00:00:00+00:00,36.062706,42.502075,29.119932
2036-04-25 00:00:00+00:00,35.16841,41.609695,28.170406
2036-04-26 00:00:00+00:00,34.02412,40.06731,27.62088
2036-04-27 00:00:00+00:00,34.329826,40.874928,27.071354
2036-04-28 00:00:00+00:00,34.43553,42.03255,26.321825
2036-04-29 00:00:00+00:00,33.541237,40.54017,26.0223
2036-04-30 00:00:00+00:00,32.34695,40.19779,24.072775
2036-05-01 00:00:00+00:00,33.25265,39.655403,26.073244
2036-05-02 00:00:00+00:00,33.50836,41.61303,24.823719
2036-05-03 00:00:00+00:00,34.764122,42.205708,27.197218
2036-05-04 00:00:00+00:00,33.869904,41.543423,25.578398
2036-05-05 00:00:00+00:00,32.22568,39.631126,24.359573
2036-05-06 00:00:00+00:00,30.48146,37.968834,22.14075
2036-05-07 00:00:00+00:00,29.93724,37.55654,22.221924
2036-05-08 00:00:00+00:00,30.143019,37.89425,21.8031
2036-05-09 00:00:00+00:00,31.8488,39.98196,23.284277
2036-05-10 00:00:00+00:00,33.504578,41.569664,24.815454
2036-05-11 00:00:00+00:00,34.610355,42.707375,26.04663
2036-05-12 00:00:00+00:00,35.51614,43.74508,27.277807
2036-05-13 00:00:00+00:00,35.071915,41.982784,27.958982
2036-05-14 00:00:00+00:00,34.227695,41.970493,26.140162
2036-05-15 00:00:00+00:00,32.483475,39.6082,25.821337
2036-05-16 00:00:00+00:00,32.489258,39.995903,24.452513
2036-05-17 00:00:00+00:00,32.945038,39.383614,26.083687
2036-05-18 00:00:00+00:00,33.300816,41.121326,24.814867
2036-05-19 00:00:00+00:00,34.206596,41.859028,25.996042
2036-05-20 00:00:00+00:00,33.762375,41.19673,25.677216
2036-05-21 00:00:00+00:00,34.36815,41.63444,26.458395
2036-05-22 00:00:00+00:00,34.42393,42.022152,26.089571
2036-05-23 00:00:00+00:00,33.729713,41.409855,25.420746
2036-05-24 00:00:00+00:00,32.58549,39.647564,25.051924
2036-05-25 00:00:00+00:00,31.241268,38.53527,23.5831
2036-05-26 00:00:00+00:00,31.697048,39.32298,23.214277
2036-05-27 00:00:00+00:00,33.65283,41.410683,25.595453
2036-05-28 00:00:00+00:00,33.258614,39.24839,26.67663
2036-05-29 00:00:00+00:00,31.864388,38.336098,25.057804
2036-05-30 00:00:00+00:00,32.470165,38.573807,25.988983
2036-05-31 00:00:00+00:00,34.325943,40.11151,28.020157
2036-06-01 00:00:00+00:00,34.731728,41.049217,28.501335
2036-06-02 00:00:00+00:00,29.387506,33.936924,24.43251
2036-06-03 00:00:00+00:00,30.543285,36.424637,24.513689
2036-06-04 00:00:00+00:00,31.299067,36.96234,25.094864
2036-06-05 00:00:00+00:00,32.004845,37.700047,25.476042
2036-06-06 00:00:00+00:00,33.21062,38.637753,26.657217
2036-06-07 00:00:00+00:00,34.566406,39.525467,28.688395
2036-06-08 00:00:00+00:00,33.372177,38.46317,27.46957
2036-06-09 00:00:00+00:00,31.777962,37.650875,27.350746
2036-06-10 00:00:00+00:00,29.933743,35.13858,25.581923
2036-06-11 00:00:00+00:00,31.639519,39.276295,25.763102
2036-06-12 00:00:00+00:00,32.5953,39.463997,25.144274
2036-06-13 00:00:00+00:00,33.35108,39.551704,26.325453
2036-06-14 00:00:00+00:00,33.006855,39.439407,25.656626
2036-06-15 00:00:00+00:00,31.662638,37.07712,25.037804
2036-06-16 00:00:00+00:00,30.918417,35.614826,26.118982
2036-06-17 00:00:00+00:00,32.374195,38.85253,26.250158
2036-06-18 00:00:00+00:00,34.029976,39.440243,28.481333
2036-06-19 00:00:00+00:00,34.235756,40.927948,27.41251
2036-06-20 00:00:00+00:00,32.641533,38.515656,26.743687
2036-06-21 00:00:00+00:00,27.097315,32.153362,23.42486
2036-06-22 00:00:00+00:00,25.453094,29.291069,20.70604
2036-06-23 00:00:00+00:00,27.65887,33.028774,22.987217
2036-06-24 00:00:00+00:00,29.214651,36.116486,22.718391
2036-06-25 00:00:00+00:00,29.370434,35.104195,24.09957
2036-06-26 00:00:00+00:00,31.026209,36.5919,25.330744
2036-06-27 00:00:00+00:00,29.281988,34.179604,25.311922
2036-06-28 00:00:00+00:00,27.537771,32.51731,24.143099
2036-06-29 00:00:00+00:00,29.143549,36.25502,22.674273
2036-06-30 00:00:00+00:00,25.449326,30.142727,22.45545
2036-07-01 00:00:00+00:00,29.25511,37.080433,21.536629
2036-07-02 00:00:00+00:00,33.410885,39.86814,26.967804
2036-07-03 00:00:00+00:00,32.7604,39.158745,26.57812
2036-07-04 00:00:00+00:00,31.70901,37.299767,26.335451
2036-07-05 00:00:00+00:00,26.557625,30.390778,22.992783
2036-07-06 00:00:00+00:00,27.856236,32.63179,24.200117
2036-07-07 00:00:00+00:00,30.604847,38.62281,23.757448
2036-07-08 00:00:00+00:00,29.653465,36.31383,23.464785
2036-07-09 00:00:00+00:00,29.552076,35.654846,24.322115
2036-07-10 00:00:00+00:00,30.950693,37.295868,25.87945
2036-07-11 00:00:00+00:00,30.899302,37.33688,24.536783
2036-07-12 00:00:00+00:00,30.447916,35.7279,25.644114
2036-07-13 00:00:00+00:00,28.896532,33.768917,24.80145
2036-07-14 00:00:00+00:00,31.195145,35.859932,26.558783
2036-07-15 00:00:00+00:00,30.693758,36.90095,25.216114
2036-07-16 00:00:00+00:00,27.842371,32.69197,25.023449
2036-07-17 00:00:00+00:00,28.940985,34.782986,24.230782
2036-07-18 00:00:00+00:00,25.7396,29.974007,22.538115
2036-07-19 00:00:00+00:00,26.188211,32.11502,22.295448
2036-07-20 00:00:00+00:00,26.586826,32.45604,21.55278
2036-07-21 00:00:00+00:00,26.535439,31.997055,23.410112
2036-07-22 00:00:00+00:00,27.784052,33.938072,22.56745
2036-07-23 00:00:00+00:00,27.932665,34.279087,22.274782
2036-07-24 00:00:00+00:00,24.931278,27.87011,22.532112
2036-07-25 00:00:00+00:00,24.879892,27.761122,22.489447
2036-07-26 00:00:00+00:00,26.628508,32.702145,22.796778
2036-07-27 00:00:00+00:00,28.527119,36.39316,22.754112
2036-07-28 00:00:00+00:00,24.375732,28.534178,21.161444
2036-07-29 00:00:00+00:00,26.924347,33.37519,21.11878
2036-07-30 00:00:00+00:00,30.572958,36.86621,24.526112
2036-07-31 00:00:00+00:00,29.671572,35.75723,25.333445
2036-08-01 00:00:00+00:00,28.770187,34.448246,23.64078
2036-08-02 00:00:00+00:00,24.818802,29.13926,22.998112
2036-08-03 00:00:00+00:00,27.367414,33.38028,23.805445
2036-08-04 00:00:00+00:00,28.96603,34.4213,24.21278
2036-08-05 00:00:00+00:00,29.16464,34.562317,24.270111
2036-08-06 00:00:00+00:00,30.263256,35.753334,24.927444
2036-08-07 00:00:00+00:00,30.511868,35.99435,25.434778
2036-08-08 00:00:00+00:00,29.41048,34.135365,25.142109
2036-08-09 00:00:00+00:00,29.609095,34.976383,25.349445
2036-08-10 00:00:00+00:00,29.457708,34.817398,25.206776
2036-08-11 00:00:00+00:00,28.706322,33.15842,25.264109
2036-08-12 00:00:00+00:00,29.204937,33.099438,26.121443
2036-08-13 00:00:00+00:00,24.85355,28.590452,22.778776
2036-08-14 00:00:00+00:00,24.052162,26.531471,22.48611
2036-08-15 00:00:00+00:00,25.800777,29.222488,23.093441
2036-08-16 00:00:00+00:00,27.649391,32.313507,24.500776
2036-08-17 00:00:00+00:00,29.748003,35.95452,24.30811
2036-08-18 00:00:00+00:00,28.996616,34.39554,25.165442
2036-08-19 00:00:00+00:00,29.24523,35.136555,24.522776
2036-08-20 00:00:00+00:00,29.893843,36.277576,25.880108
2036-08-21 00:00:00+00:00,29.69246,35.118595,24.93744
2036-08-22 00:00:00+00:00,28.14107,33.90961,25.344776
2036-08-23 00:00:00+00:00,25.489685,31.200626,22.802107
2036-08-24 00:00:00+00:00,27.138294,33.09165,22.80944
2036-08-25 00:00:00+00:00,28.236912,32.982662,25.116774
2036-08-26 00:00:00+00:00,29.585526,35.37368,25.274109
2036-08-27 00:00:00+00:00,29.43414,35.364697,25.48144
2036-08-28 00:00:00+00:00,28.932753,34.20571,24.088774
2036-08-29 00:00:00+00:00,27.831366,33.74673,21.746107
2036-08-30 00:00:00+00:00,24.67998,29.03775,21.20344
2036-08-31 00:00:00+00:00,26.628592,31.928764,22.860775
2036-09-01 00:00:00+00:00,28.477205,34.11978,23.718105
2036-09-02 00:00:00+00:00,28.228298,31.239185,25.495203
2036-09-03 00:00:00+00:00,25.229393,27.408592,22.6223
2036-09-04 00:00:00+00:00,23.430487,25.527994,21.749395
2036-09-05 00:00:00+00:00,24.38158,28.0974,21.87649
2036-09-06 00:00:00+00:00,25.882675,29.866806,22.953583
2036-09-07 00:00:00+00:00,25.483767,28.386208,23.030682
2036-09-08 00:00:00+00:00,25.28486,29.255611,21.457779
2036-09-09 00:00:00+00:00,25.535954,28.02502,22.934874
2036-09-10 00:00:00+00:00,26.03705,29.794426,22.41197
2036-09-11 00:00:00+00:00,27.288141,31.113829,24.389067
2036-09-12 00:00:00+00:00,29.039236,32.433235,25.91616
2036-09-13 00:00:00+00:00,29.74033,33.35264,26.443256
2036-09-14 00:00:00+00:00,28.941423,31.922039,25.870354
2036-09-15 00:00:00+00:00,27.892515,30.641445,25.497448
2036-09-16 00:00:00+00:00,27.89361,31.16085,24.124544
2036-09-17 00:00:00+00:00,28.094704,31.480255,24.451641
2036-09-18 00:00:00+00:00,27.4958,30.799662,24.528736
2036-09-19 00:00:00+00:00,27.946896,32.219063,23.555832
2036-09-20 00:00:00+00:00,28.647987,32.288467,25.23293
2036-09-21 00:00:00+00:00,28.299082,31.807873,25.360025
2036-09-22 00:00:00+00:00,27.800175,32.17728,23.387123
2036-09-23 00:00:00+00:00,29.45127,33.146683,25.714214
2036-09-24 00:00:00+00:00,30.002361,34.26609,26.141314
2036-09-25 00:00:00+00:00,28.953455,32.785492,25.16841
2036-09-26 00:00:00+00:00,27.90455,31.404894,24.745504
2036-09-27 00:00:00+00:00,28.155642,30.924303,25.472599
2036-09-28 00:00:00+00:00,27.956738,31.343708,25.399696
2036-09-29 00:00:00+00:00,27.407831,31.31311,24.476795
2036-09-30 00:00:00+00:00,26.308924,30.482515,22.90389
2036-10-01 00:00:00+00:00,27.610018,31.601925,24.080984
2036-10-02 00:00:00+00:00,29.261112,33.871323,24.858082
2036-10-03 00:00:00+00:00,29.712204,34.54073,24.735174
2036-10-04 00:00:00+00:00,29.463303,33.51013,25.912273
2036-10-05 00:00:00+00:00,28.714394,31.629538,25.889368
2036-10-06 00:00:00+00:00,26.965485,30.348948,24.166462
2036-10-07 00:00:00+00:00,28.26658,33.71835,22.693562
2036-10-08 00:00:00+00:00,28.867674,33.43775,25.670656
2036-10-09 00:00:00+00:00,27.21877,32.10716,22.597752
2036-10-10 00:00:00+00:00,26.769861,32.526566,21.424849
2036-10-11 00:00:00+00:00,28.770956,33.94596,23.251945
2036-10-12 00:00:00+00:00,27.622051,31.565372,24.329042
2036-10-13 00:00:00+00:00,25.923143,30.534777,21.606134
2036-10-14 00:00:00+00:00,26.224237,30.754179,22.083231
2036-10-15 00:00:00+00:00,28.625332,33.973583,23.210327
2036-10-16 00:00:00+00:00,29.426424,34.14299,24.937422
2036-10-17 00:00:00+00:00,29.97752,34.912395,25.214521
2036-10-18 00:00:00+00:00,29.978611,35.2318,24.441618
2036-10-19 00:00:00+00:00,29.979706,34.701202,24.918713
2036-10-20 00:00:00+00:00,28.280798,32.320606,23.94581
2036-10-21 00:00:00+00:00,29.681894,36.190014,24.272905
2036-10-22 00:00:00+00:00,29.232986,35.909416,22.949999
2036-10-23 00:00:00+00:00,28.984081,35.82882,22.427095
2036-10-24 00:00:00+00:00,29.085173,35.29823,23.254192
2036-10-25 00:00:00+00:00,28.836267,34.96763,23.081287
2036-10-26 00:00:00+00:00,28.887362,34.487034,23.608383
2036-10-27 00:00:00+00:00,28.438456,33.15644,24.33548
2036-10-28 00:00:00+00:00,27.789549,35.175846,19.512575
2036-10-29 00:00:00+00:00,28.340643,35.04525,21.889671
2036-10-30 00:00:00+00:00,28.091734,33.914658,23.116768
2036-10-31 00:00:00+00:00,27.49283,33.48406,22.643864
2036-11-01 00:00:00+00:00,29.542654,36.40029,22.872547
2036-11-02 00:00:00+00:00,30.133593,37.19435,23.66234
2036-11-03 00:00:00+00:00,30.274532,36.8384,23.90213
2036-11-04 00:00:00+00:00,31.515469,38.632454,25.191923
2036-11-05 00:00:00+00:00,32.456406,38.276516,26.231716
2036-11-06 00:00:00+00:00,32.597343,38.870567,25.97151
2036-11-07 00:00:00+00:00,33.688282,39.664623,27.0613
2036-11-08 00:00:00+00:00,33.52922,39.55867,27.151094
2036-11-09 00:00:00+00:00,33.170162,39.65273,26.540886
2036-11-10 00:00:00+00:00,32.561096,37.99678,26.980679
2036-11-11 00:00:00+00:00,33.852036,40.89084,26.920471
2036-11-12 00:00:00+00:00,33.34297,40.18489,27.310263
2036-11-13 00:00:00+00:00,33.13391,40.528942,25.950054
2036-11-14 00:00:00+00:00,32.874847,40.023,25.339848
2036-11-15 00:00:00+00:00,32.46579,39.667053,24.279638
2036-11-16 00:00:00+00:00,32.456726,39.36111,25.269432
2036-11-17 00:00:00+00:00,32.79767,39.955162,25.259224
2036-11-18 00:00:00+00:00,32.338604,39.44922,25.249016
2036-11-19 00:00:00+00:00,32.72954,40.54327,25.388807
2036-11-20 00:00:00+00:00,32.32048,39.68732,24.728601
2036-11-21 00:00:00+00:00,31.411419,39.381382,23.318394
2036-11-22 00:00:00+00:00,30.202356,37.775436,22.208189
2036-11-23 00:00:00+00:00,30.493294,38.119488,22.597979
2036-11-24 00:00:00+00:00,31.234234,38.313545,23.937769
2036-11-25 00:00:00+00:00,30.52517,37.707596,23.827564
2036-11-26 00:00:00+00:00,30.016111,37.40165,23.267357
2036-11-27 00:00:00+00:00,30.357048,38.595703,22.757149
2036-11-28 00:00:00+00:00,29.847984,36.43976,23.89694
2036-11-29 00:00:00+00:00,28.788925,36.033817,21.986734
2036-11-30 00:00:00+00:00,28.129864,35.77787,20.776524
2036-12-01 00:00:00+00:00,27.7208,35.12192,20.516317
2036-12-02 00:00:00+00:00,26.761738,34.465973,19.70611
2036-12-03 00:00:00+00:00,26.602676,34.41003,19.445904
2036-12-04 00:00:00+00:00,26.043613,33.804085,18.685696
2036-12-05 00:00:00+00:00,26.034552,34.348137,18.325489
2036-12-06 00:00:00+00:00,26.72549,35.092194,19.16528
2036-12-07 00:00:00+00:00,27.06643,35.136246,19.755072
2036-12-08 00:00:00+00:00,27.857367,36.4303,20.044867
2036-12-09 00:00:00+00:00,28.698305,37.174355,21.234655
2036-12-10 00:00:00+00:00,29.639244,38.21841,22.324451
2036-12-11 00:00:00+00:00,29.180182,37.912468,21.51424
2036-12-12 00:00:00+00:00,28.27112,36.40652,21.854036
2036-12-13 00:00:00+00:00,28.81206,37.150574,21.793827
2036-12-14 00:00:00+00:00,28.202997,35.54463,21.883617
2036-12-15 00:00:00+00:00,27.793936,35.23868,21.123411
2036-12-16 00:00:00+00:00,27.084873,35.232735,20.063204
2036-12-17 00:00:00+00:00,27.37581,35.676792,19.902996
2036-12-18 00:00:00+00:00,27.46675,35.720844,19.642788
2036-12-19 00:00:00+00:00,27.207687,35.5649,19.132582
2036-12-20 00:00:00+00:00,25.998625,33.808952,19.172373
2036-12-21 00:00:00+00:00,25.739563,33.453007,18.012167
2036-12-22 00:00:00+00:00,26.680502,34.647064,19.051956
2036-12-23 00:00:00+00:00,25.92144,31.391117,21.841753
2036-12-24 00:00:00+00:00,23.962378,30.435173,18.381542
2036-12-25 00:00:00+00:00,23.603315,31.079226,16.821335
2036-12-26 00:00:00+00:00,23.294256,30.77328,16.561129
2036-12-27 00:00:00+00:00,23.935194,32.217335,16.50092
2036-12-28 00:00:00+00:00,25.126131,33.81139,17.190714
2036-12-29 00:00:00+00:00,26.317068,34.40544,18.680504
2036-12-30 00:00:00+00:00,27.10801,35.999496,18.670296
2036-12-31 00:00:00+00:00,26.148947,33.99355,19.210087
2037-01-01 00:00:00+00:00,25.091616,31.839138,18.600967
2037-01-02 00:00:00+00:00,24.139486,31.589336,17.295092
2037-01-03 00:00:00+00:00,25.13735,32.889538,17.989223
2037-01-04 00:00:00+00:00,24.53522,31.889736,17.63335
2037-01-05 00:00:00+00:00,23.083088,30.339931,16.127481
2037-01-06 00:00:00+00:00,22.730957,29.990126,15.62161
2037-01-07 00:00:00+00:00,23.528824,31.490324,15.915738
2037-01-08 00:00:00+00:00,24.426693,32.49052,16.95987
2037-01-09 00:00:00+00:00,23.97456,31.64072,16.953995
2037-01-10 00:00:00+00:00,23.022429,31.190914,15.548127
2037-01-11 00:00:00+00:00,23.4203,32.04112,15.592254
2037-01-12 00:00:00+00:00,24.068165,32.89131,16.436386
2037-01-13 00:00:00+00:00,23.866034,31.591507,16.930513
2037-01-14 00:00:00+00:00,22.163902,30.191704,14.92464
2037-01-15 00:00:00+00:00,22.66177,31.391903,14.468768
2037-01-16 00:00:00+00:00,25.109636,34.1421,16.6129
2037-01-17 00:00:00+00:00,25.407507,33.0923,18.907028
2037-01-18 00:00:00+00:00,25.505373,33.892494,17.701155
2037-01-19 00:00:00+00:00,24.653242,32.992695,16.895288
2037-01-20 00:00:00+00:00,25.601109,34.492886,17.439413
2037-01-21 00:00:00+00:00,26.798975,35.893085,18.133545
2037-01-22 00:00:00+00:00,27.346846,36.043285,18.727673
2037-01-23 00:00:00+00:00,28.294714,36.693485,20.521801
2037-01-24 00:00:00+00:00,28.642582,35.49368,22.76593
2037-01-25 00:00:00+00:00,27.840448,35.093876,21.36006
2037-01-26 00:00:00+00:00,27.638319,33.344074,22.45419
2037-01-27 00:00:00+00:00,28.536184,36.744267,21.448318
2037-01-28 00:00:00+00:00,28.584055,37.244465,19.892445
2037-01-29 00:00:00+00:00,27.58192,34.044666,22.136574
2037-01-30 00:00:00+00:00,26.92979,33.894863,19.880703
2037-01-31 00:00:00+00:00,27.17766,34.795067,19.924833
2037-02-01 00:00:00+00:00,26.625528,33.745255,19.168962
2037-02-02 00:00:00+00:00,25.873396,32.995453,19.263092
2037-02-03 00:00:00+00:00,25.021265,32.195652,18.107218
2037-02-04 00:00:00+00:00,23.069132,29.645851,16.401348
2037-02-05 00:00:00+00:00,22.016998,28.896046,15.545478
2037-02-06 00:00:00+00:00,22.164867,29.696243,15.039605
2037-02-07 00:00:00+00:00,24.612736,32.796444,16.533735
2037-02-08 00:00:00+00:00,26.110603,33.996635,18.677864
2037-02-09 00:00:00+00:00,25.508472,33.096836,18.97199
2037-02-10 00:00:00+00:00,25.00634,32.297035,18.616123
2037-02-11 00:00:00+00:00,25.804209,33.94723,18.310251
2037-02-12 00:00:00+00:00,27.002075,35.147427,19.554379
2037-02-13 00:00:00+00:00,27.599943,35.69762,20.04851
2037-02-14 00:00:00+00:00,28.997812,36.897823,21.042637
2037-02-15 00:00:00+00:00,29.09568,36.99802,21.33677
2037-02-16 00:00:00+00:00,28.443546,36.398216,20.930897
2037-02-17 00:00:00+00:00,28.941414,37.84842,20.175024
2037-02-18 00:00:00+00:00,29.789284,38.49861,21.319155
2037-02-19 00:00:00+00:00,29.93715,38.39881,21.76328
2037-02-20 00:00:00+00:00,31.435019,39.849007,23.35741
2037-02-21 00:00:00+00:00,31.232885,39.249203,23.451538
2037-02-22 00:00:00+00:00,30.480755,38.599403,22.195671
2037-02-23 00:00:00+00:00,28.728624,36.549603,20.889797
2037-02-24 00:00:00+00:00,25.526491,32.6998,18.533928
2037-02-25 00:00:00+00:00,24.92436,32.749992,17.178057
2037-02-26 00:00:00+00:00,25.522228,33.050194,17.772184
2037-02-27 00:00:00+00:00,25.570095,32.950386,17.666311
2037-02-28 00:00:00+00:00,28.317965,36.200584,20.210443
2037-03-01 00:00:00+00:00,29.41583,37.900784,20.35457
2037-03-02 00:00:00+00:00,29.213701,36.70098,21.348701
2037-03-03 00:00:00+00:00,27.464508,33.803967,20.595207
2037-03-04 00:00:00+00:00,29.770214,37.811577,21.19568
2037-03-05 00:00:00+00:00,31.97592,39.4692,24.246155
2037-03-06 00:00:00+00:00,32.58163,40.22682,26.24663
2037-03-07 00:00:00+00:00,31.637337,39.73444,23.9471
2037-03-08 00:00:00+00:00,32.543045,41.34206,23.897575
2037-03-09 00:00:00+00:00,33.84875,42.09968,25.798046
2037-03-10 00:00:00+00:00,32.80446,40.107292,25.798521
2037-03-11 00:00:00+00:00,31.560165,39.164917,24.148994
2037-03-12 00:00:00+00:00,31.615873,39.572533,23.599466
2037-03-13 00:00:00+00:00,31.27158,39.330154,23.149942
2037-03-14 00:00:00+00:00,30.277285,37.637775,22.650414
2037-03-15 00:00:00+00:00,29.982994,37.74539,22.050888
2037-03-16 00:00:00+00:00,29.3387,36.903015,21.80136
2037-03-17 00:00:00+00:00,29.494408,37.86063,20.801832
2037-03-18 00:00:00+00:00,30.000114,38.218254,21.752306
2037-03-19 00:00:00+00:00,30.505821,38.725872,22.352777
2037-03-20 00:00:00+00:00,30.761528,39.133488,22.503254
2037-03-21 00:00:00+00:00,30.817234,38.491108,22.853724
2037-03-22 00:00:00+00:00,29.822945,37.748734,22.2542
2037-03-23 00:00:00+00:00,29.72865,38.556347,20.654673
2037-03-24 00:00:00+00:00,28.984356,36.963974,22.105145
2037-03-25 00:00:00+00:00,30.790062,39.671585,21.25562
2037-03-26 00:00:00+00:00,31.195774,39.679207,22.906092
2037-03-27 00:00:00+00:00,30.201479,37.986828,22.006565
2037-03-28 00:00:00+00:00,29.757185,36.944443,22.40704
2037-03-29 00:00:00+00:00,28.612894,35.952065,21.107512
2037-03-30 00:00:00+00:00,29.8186,38.309685,20.757984
2037-03-31 00:00:00+00:00,31.024305,39.467304,22.408457
2037-04-01 00:00:00+00:00,32.280014,40.574924,23.95893
2037-04-02 00:00:00+00:00,33.03572,41.48254,24.259403
2037-04-03 00:00:00+00:00,33.041428,42.34016,22.709875
2037-04-04 00:00:00+00:00,34.49714,43.74778,24.96035
2037-04-05 00:00:00+00:00,32.802845,41.1054,24.210825
2037-04-06 00:00:00+00:00,33.65855,42.41302,24.2613
2037-04-07 00:00:00+00:00,33.614258,42.12064,24.36177
2037-04-08 00:00:00+00:00,34.869965,43.17826,26.362244
2037-04-09 00:00:00+00:00,34.525673,42.985878,26.062717
2037-04-10 00:00:00+00:00,34.481377,42.893497,25.76319
2037-04-11 00:00:00+00:00,34.587086,43.251114,25.613663
2037-04-12 00:00:00+00:00,34.842796,43.108738,26.664139
2037-04-13 00:00:00+00:00,35.198498,44.216354,25.46461
2037-04-14 00:00:00+00:00,36.504208,44.223976,28.615082
2037-04-15 00:00:00+00:00,36.359917,43.781593,28.315556
2037-04-16 00:00:00+00:00,36.06562,43.58921,28.26603
2037-04-17 00:00:00+00:00,35.42133,42.79683,27.666502
2037-04-18 00:00:00+00:00,36.127037,43.404457,28.116974
2037-04-19 00:00:00+00:00,35.282745,41.462074,28.31745
2037-04-20 00:00:00+00:00,36.78845,44.86969,28.417921
2037-04-21 00:00:00+00:00,38.19416,45.97731,30.068396
2037-04-22 00:00:00+00:00,37.049866,43.484932,29.51887
2037-04-23 00:00:00+00:00,36.95557,44.99255,28.269342
2037-04-24 00:00:00+00:00,37.161278,45.000168,28.919813
2037-04-25 00:00:00+00:00,34.916985,42.807793,25.170288
2037-04-26 00:00:00+00:00,34.922695,43.465412,25.920763
2037-04-27 00:00:00+00:00,34.5784,42.273026,26.521233
2037-04-28 00:00:00+00:00,34.434105,42.880646,26.02171
2037-04-29 00:00:00+00:00,36.589817,45.28826,28.12218
2037-04-30 00:00:00+00:00,34.19552,40.795883,27.972652
2037-05-01 00:00:00+00:00,31.70123,35.903503,28.623129
2037-05-02 00:00:00+00:00,33.206936,39.96112,26.2236
2037-05-03 00:00:00+00:00,35.41268,42.658787,27.439426
2037-05-04 00:00:00+00:00,35.96846,42.946495,28.420603
2037-05-05 00:00:00+00:00,36.124237,43.5842,27.901777
2037-05-06 00:00:00+00:00,35.280018,41.371902,28.232956
2037-05-07 00:00:00+00:00,35.985798,42.009613,29.96413
2037-05-08 00:00:00+00:00,34.291573,40.59732,26.795305
2037-05-09 00:00:00+00:00,35.84735,43.285034,28.626482
2037-05-10 00:00:00+00:00,36.25313,44.22274,28.307661
2037-05-11 00:00:00+00:00,35.75891,44.31044,26.438835
2037-05-12 00:00:00+00:00,34.164696,40.84815,26.420013
2037-05-13 00:00:00+00:00,34.070473,39.23586,29.001188
2037-05-14 00:00:00+00:00,30.476254,35.273563,22.482367
2037-05-15 00:00:00+00:00,28.482029,34.911274,21.263542
2037-05-16 00:00:00+00:00,31.237814,37.948982,24.344717
2037-05-17 00:00:00+00:00,29.943588,35.886684,24.775894
2037-05-18 00:00:00+00:00,32.04937,38.874393,25.15707
2037-05-19 00:00:00+00:00,34.555145,42.4121,26.438248
2037-05-20 00:00:00+00:00,36.610928,45.34981,28.119425
2037-05-21 00:00:00+00:00,36.71671,43.287514,30.6506
2037-05-22 00:00:00+00:00,36.572487,43.12522,28.731777
2037-05-23 00:00:00+00:00,35.228268,40.16293,29.712955
2037-05-24 00:00:00+00:00,34.13405,39.55064,27.84413
2037-05-25 00:00:00+00:00,34.139824,40.93834,27.275307
2037-05-26 00:00:00+00:00,33.595608,40.52605,26.206482
2037-05-27 00:00:00+00:00,34.00139,40.963757,26.937658
2037-05-28 00:00:00+00:00,35.057163,41.801468,27.818836
2037-05-29 00:00:00+00:00,35.212944,42.139168,28.000013
2037-05-30 00:00:00+00:00,36.86872,45.27688,28.03119
2037-05-31 00:00:00+00:00,34.1745,41.564583,26.112364
2037-06-01 00:00:00+00:00,33.13028,40.002296,25.19354
2037-06-02 00:00:00+00:00,33.08606,40.339996,25.674717
2037-06-03 00:00:00+00:00,32.64184,39.327705,25.355894
2037-06-04 00:00:00+00:00,29.697618,33.215412,25.63707
2037-06-05 00:00:00+00:00,32.903397,39.803123,25.368246
2037-06-06 00:00:00+00:00,32.95918,38.140827,27.249424
2037-06-07 00:00:00+00:00,33.86496,41.628536,25.880598
2037-06-08 00:00:00+00:00,33.620735,40.51624,26.211777
2037-06-09 00:00:00+00:00,32.32652,37.803955,25.99295
2037-06-10 00:00:00+00:00,32.732296,38.091656,27.67413
2037-06-11 00:00:00+00:00,33.738075,38.929363,28.105303
2037-06-12 00:00:00+00:00,34.543854,40.36707,28.536484
2037-06-13 00:00:00+00:00,35.499634,43.254784,27.667656
2037-06-14 00:00:00+00:00,34.005413,40.292484,27.448833
2037-06-15 00:00:00+00:00,33.161194,39.230194,26.430012
2037-06-16 00:00:00+00:00,35.01697,41.0179,28.511187
2037-06-17 00:00:00+00:00,34.072746,39.655605,27.942364
2037-06-18 00:00:00+00:00,32.72853,39.34331,26.873539
2037-06-19 00:00:00+00:00,32.234314,37.88102,26.554718
2037-06-20 00:00:00+00:00,34.74009,41.468727,27.885893
2037-06-21 00:00:00+00:00,35.44587,42.856438,28.11707
2037-06-22 00:00:00+00:00,32.55165,39.09414,26.498247
2037-06-23 00:00:00+00:00,30.957428,37.18185,25.179422
2037-06-24 00:00:00+00:00,30.713207,36.719555,24.360598
2037-06-25 00:00:00+00:00,31.46899,37.907265,24.591774
2037-06-26 00:00:00+00:00,31.024765,38.24497,23.92295
2037-06-27 00:00:00+00:00,25.430544,28.632679,22.054125
2037-06-28 00:00:00+00:00,30.286325,36.720387,24.485304
2037-06-29 00:00:00+00:00,31.942106,38.008095,25.666481
2037-06-30 00:00:00+00:00,31.397882,37.0958,25.447655
2037-07-01 00:00:00+00:00,32.503662,38.78351,25.878834
2037-07-02 00:00:00+00:00,33.90944,40.32122,27.91001
2037-07-03 00:00:00+00:00,33.210747,39.510994,26.576283
2037-07-04 00:00:00+00:00,31.759357,36.502007,26.883617
2037-07-05 00:00:00+00:00,32.157967,36.943024,27.190952
2037-07-06 00:00:00+00:00,33.956585,39.43404,28.04828
2037-07-07 00:00:00+00:00,33.755196,38.97506,27.905617
2037-07-08 00:00:00+00:00,33.50381,39.116077,27.912949
2037-07-09 00:00:00+00:00,28.602423,32.457096,25.370283
2037-07-10 00:00:00+00:00,30.651037,36.04811,25.827616
2037-07-11 00:00:00+00:00,31.79965,37.68913,26.68495
2037-07-12 00:00:00+00:00,34.548264,42.230145,27.342281
2037-07-13 00:00:00+00:00,33.74688,38.921165,29.399614
2037-07-14 00:00:00+00:00,31.39549,36.66218,26.356947
2037-07-15 00:00:00+00:00,32.294106,37.453197,27.664282
2037-07-16 00:00:00+00:00,32.842716,39.394215,25.971615
2037-07-17 00:00:00+00:00,30.741333,36.58523,27.078949
2037-07-18 00:00:00+00:00,29.839945,34.87625,25.736279
2037-07-19 00:00:00+00:00,32.338554,37.36727,27.193617
2037-07-20 00:00:00+00:00,33.88717,39.908283,27.900948
2037-07-21 00:00:00+00:00,32.685787,39.449303,26.90828
2037-07-22 00:00:00+00:00,32.234398,38.44032,26.565613
2037-07-23 00:00:00+00:00,32.533012,38.531334,26.472948
2037-07-24 00:00:00+00:00,33.181625,38.42235,27.780281
2037-07-25 00:00:00+00:00,33.380234,38.26337,27.937613
2037-07-26 00:00:00+00:00,30.128855,34.104385,27.944944
2037-07-27 00:00:00+00:00,29.577465,36.245407,26.00228
2037-07-28 00:00:00+00:00,29.126078,35.886425,24.95961
2037-07-29 00:00:00+00:00,24.774694,28.477442,22.516945
2037-07-30 00:00:00+00:00,27.773304,32.56846,23.67428
2037-07-31 00:00:00+00:00,29.571918,34.609474,25.581614
2037-08-01 00:00:00+00:00,30.620533,36.65049,25.138947
2037-08-02 00:00:00+00:00,30.219149,34.99151,25.64628
2037-08-03 00:00:00+00:00,25.517761,30.632523,23.703613
2037-08-04 00:00:00+00:00,27.516376,32.173542,23.760944
2037-08-05 00:00:00+00:00,28.464987,34.16456,24.368277
2037-08-06 00:00:00+00:00,26.913603,30.405577,24.47561
2037-08-07 00:00:00+00:00,25.612215,29.746601,23.632944
2037-08-08 00:00:00+00:00,28.210829,34.237614,23.240276
2037-08-09 00:00:00+00:00,29.759441,35.77863,24.597609
2037-08-10 00:00:00+00:00,30.958057,37.569645,26.104944
2037-08-11 00:00:00+00:00,29.056667,34.910667,23.112276
2037-08-12 00:00:00+00:00,30.455284,35.90168,25.319609
2037-08-13 00:00:00+00:00,31.803896,37.992702,26.226946
2037-08-14 00:00:00+00:00,29.302507,34.183716,26.384275
2037-08-15 00:00:00+00:00,29.201126,34.674736,24.591608
2037-08-16 00:00:00+00:00,29.049734,34.215748,25.448942
2037-08-17 00:00:00+00:00,25.89835,29.856768,23.756275
2037-08-18 00:00:00+00:00,25.24696,28.597788,22.113607
2037-08-19 00:00:00+00:00,27.445578,32.038803,23.920942
2037-08-20 00:00:00+00:00,29.34419,34.579823,25.528275
2037-08-21 00:00:00+00:00,28.7928,34.82084,25.235611
2037-08-22 00:00:00+00:00,29.741417,36.611855,23.24294
2037-08-23 00:00:00+00:00,32.04003,37.952873,26.350273
2037-08-24 00:00:00+00:00,31.738644,37.14389,26.757608
2037-08-25 00:00:00+00:00,31.43726,36.03491,27.06494
2037-08-26 00:00:00+00:00,24.78587,29.675926,22.122272
2037-08-27 00:00:00+00:00,23.184488,24.46694,22.429607
2037-08-28 00:00:00+00:00,24.083097,26.85796,21.686941
2037-08-29 00:00:00+00:00,24.78171,28.248976,21.644272
2037-08-30 00:00:00+00:00,25.230324,29.589993,23.451603
2037-08-31 00:00:00+00:00,27.378937,32.48101,23.70894
2037-09-01 00:00:00+00:00,27.677553,32.67203,24.566273
2037-09-02 00:00:00+00:00,25.428026,28.234335,23.300928
2037-09-03 00:00:00+00:00,26.37912,30.003744,23.828024
2037-09-04 00:00:00+00:00,26.330215,29.623142,24.20512
2037-09-05 00:00:00+00:00,25.831306,28.892551,24.182219
2037-09-06 00:00:00+00:00,25.7824,28.561956,24.159313
2037-09-07 00:00:00+00:00,23.983494,25.931358,22.836409
2037-09-08 00:00:00+00:00,25.184587,29.000763,22.5635
2037-09-09 00:00:00+00:00,25.285683,28.620165,22.840601
2037-09-10 00:00:00+00:00,24.786774,27.78957,22.717695
2037-09-11 00:00:00+00:00,25.637869,30.008976,21.34479
2037-09-12 00:00:00+00:00,27.438965,31.778385,24.171886
2037-09-13 00:00:00+00:00,27.790056,32.19779,23.648985
2037-09-14 00:00:00+00:00,27.14115,30.767193,23.32608
2037-09-15 00:00:00+00:00,27.492245,31.386597,24.303175
2037-09-16 00:00:00+00:00,27.893337,32.806,23.530273
2037-09-17 00:00:00+00:00,25.39443,29.475405,21.65737
2037-09-18 00:00:00+00:00,26.545525,30.29481,22.034462
2037-09-19 00:00:00+00:00,28.94662,33.164215,25.011559
2037-09-20 00:00:00+00:00,27.347712,29.78362,25.188658
2037-09-21 00:00:00+00:00,27.648806,31.103022,23.665752
2037-09-22 00:00:00+00:00,27.1499,30.422428,24.092848
2037-09-23 00:00:00+00:00,26.150995,29.141836,23.619946
2037-09-24 00:00:00+00:00,27.152086,30.911238,23.647038
2037-09-25 00:00:00+00:00,28.503181,32.580643,24.324135
2037-09-26 00:00:00+00:00,29.054274,32.95005,25.40123
2037-09-27 00:00:00+00:00,28.55537,32.36945,24.928328
2037-09-28 00:00:00+00:00,28.856462,33.18885,24.855423
2037-09-29 00:00:00+00:00,29.857555,34.008263,25.982517
2037-09-30 00:00:00+00:00,29.40865,33.027668,25.959618
2037-10-01 00:00:00+00:00,28.659742,32.397068,25.63671
2037-10-02 00:00:00+00:00,28.660837,32.816475,25.213806
2037-10-03 00:00:00+00:00,28.411932,32.285877,24.790905
2037-10-04 00:00:00+00:00,28.563025,32.355286,25.717997
2037-10-05 00:00:00+00:00,29.66412,34.324688,25.645096
2037-10-06 00:00:00+00:00,30.115213,34.84409,26.02219
2037-10-07 00:00:00+00:00,29.816305,34.363495,25.899284
2037-10-08 00:00:00+00:00,29.5674,34.032906,25.376385
2037-10-09 00:00:00+00:00,29.918493,34.45231,25.853477
2037-10-10 00:00:00+00:00,26.269588,29.721708,23.080574
2037-10-11 00:00:00+00:00,26.72068,32.141117,21.007671
2037-10-12 00:00:00+00:00,28.171774,31.560524,24.584766
2037-10-13 00:00:00+00:00,28.472868,33.529922,24.111862
2037-10-14 00:00:00+00:00,29.473963,33.94933,24.938957
2037-10-15 00:00:00+00:00,30.625057,35.668736,26.416054
2037-10-16 00:00:00+00:00,29.82615,34.688137,25.04315
2037-10-17 00:00:00+00:00,29.927244,34.857544,24.820248
2037-10-18 00:00:00+00:00,31.228338,36.576946,26.847342
2037-10-19 00:00:00+00:00,30.079432,34.946354,25.674437
2037-10-20 00:00:00+00:00,29.630526,33.815758,25.801535
2037-10-21 00:00:00+00:00,29.43162,33.83516,25.57863
2037-10-22 00:00:00+00:00,29.082712,33.704567,24.955727
2037-10-23 00:00:00+00:00,29.283806,34.17397,24.882824
2037-10-24 00:00:00+00:00,29.2849,34.243378,24.759916
2037-10-25 00:00:00+00:00,28.985994,33.76278,24.787014
2037-10-26 00:00:00+00:00,27.437086,30.482187,24.81411
2037-10-27 00:00:00+00:00,26.288181,29.801588,22.941204
2037-10-28 00:00:00+00:00,24.889275,30.070993,20.618301
2037-10-29 00:00:00+00:00,26.440369,31.040396,22.295397
2037-10-30 00:00:00+00:00,27.391462,32.809803,22.472494
2037-10-31 00:00:00+00:00,28.592556,33.729206,23.79959
2037-11-01 00:00:00+00:00,31.493652,38.748608,24.526686
2037-11-02 00:00:00+00:00,31.68586,38.045834,25.864891
2037-11-03 00:00:00+00:00,30.576794,35.189888,25.854685
2037-11-04 00:00:00+00:00,30.567734,37.333942,25.044474
2037-11-05 00:00:00+00:00,31.108671,38.277996,24.834269
2037-11-06 00:00:00+00:00,31.34961,38.622055,25.22406
2037-11-07 00:00:00+00:00,30.740551,37.266106,24.763851
2037-11-08 00:00:00+00:00,29.531487,35.560158,24.203644
2037-11-09 00:00:00+00:00,28.722425,35.004215,23.743439
2037-11-10 00:00:00+00:00,28.013363,34.09827,22.233229
2037-11-11 00:00:00+00:00,27.904303,33.842327,22.423021
2037-11-12 00:00:00+00:00,26.345242,30.936378,22.162815
2037-11-13 00:00:00+00:00,27.836176,34.98043,21.402609
2037-11-14 00:00:00+00:00,28.477116,35.224487,21.6424
2037-11-15 00:00:00+00:00,28.668053,35.71854,21.432192
2037-11-16 00:00:00+00:00,28.758993,35.262596,21.971985
2037-11-17 00:00:00+00:00,27.349934,33.50665,22.011774
2037-11-18 00:00:00+00:00,26.440866,32.4007,20.501568
2037-11-19 00:00:00+00:00,26.48181,32.79476,20.29136
2037-11-20 00:00:00+00:00,27.522745,34.03882,20.781155
2037-11-21 00:00:00+00:00,29.163683,35.832867,22.820946
2037-11-22 00:00:00+00:00,29.054626,35.426918,23.510738
2037-11-23 00:00:00+00:00,28.995558,35.520977,23.15053
2037-11-24 00:00:00+00:00,27.7865,34.515034,21.190323
2037-11-25 00:00:00+00:00,28.52744,35.759083,21.430117
2037-11-26 00:00:00+00:00,28.618376,35.30314,21.719908
2037-11-27 00:00:00+00:00,28.45931,35.597195,21.4597
2037-11-28 00:00:00+00:00,27.300251,32.29125,22.249493
2037-11-29 00:00:00+00:00,28.44119,36.1353,21.489286
2037-11-30 00:00:00+00:00,29.082127,35.479355,23.079077
2037-12-01 00:00:00+00:00,29.323063,35.823406,23.068869
2037-12-02 00:00:00+00:00,27.764004,33.817467,23.008661
2037-12-03 00:00:00+00:00,28.05494,34.41152,22.098454
2037-12-04 00:00:00+00:00,27.79588,34.15557,21.838247
2037-12-05 00:00:00+00:00,26.386816,32.199627,21.07804
2037-12-06 00:00:00+00:00,25.527756,31.843681,19.46783
2037-12-07 00:00:00+00:00,25.218695,31.787735,19.607624
2037-12-08 00:00:00+00:00,24.659634,30.981792,18.947418
2037-12-09 00:00:00+00:00,23.800571,30.175844,17.887207
2037-12-10 00:00:00+00:00,22.69151,29.219898,16.877
2037-12-11 00:00:00+00:00,22.28245,29.063953,16.316795
2037-12-12 00:00:00+00:00,21.923386,28.758003,16.006584
2037-12-13 00:00:00+00:00,21.564323,28.55206,15.196378
2037-12-14 00:00:00+00:00,22.455261,30.296116,15.586171
2037-12-15 00:00:00+00:00,23.1962,31.140165,16.875963
2037-12-16 00:00:00+00:00,24.237139,32.984222,16.615755
2037-12-17 00:00:00+00:00,25.328075,33.62828,18.20555
2037-12-18 00:00:00+00:00,24.669014,32.17233,18.44534
2037-12-19 00:00:00+00:00,24.659952,32.516384,17.685131
2037-12-20 00:00:00+00:00,24.15089,31.260437,17.774925
2037-12-21 00:00:00+00:00,24.29183,32.604492,16.864717
2037-12-22 00:00:00+00:00,25.032768,33.64855,17.154509
2037-12-23 00:00:00+00:00,26.323708,35.292603,17.9943
2037-12-24 00:00:00+00:00,26.964643,34.33666,21.034094
2037-12-25 00:00:00+00:00,28.105581,36.73071,20.473886
2037-12-26 00:00:00+00:00,27.746521,36.124767,20.413681
2037-12-27 00:00:00+00:00,27.837458,36.61882,20.353472
2037-12-28 00:00:00+00:00,27.478397,35.562874,20.543264
2037-12-29 00:00:00+00:00,27.369333,35.15693,21.083057
2037-12-30 00:00:00+00:00,26.460276,34.25098,20.222849
2037-12-31 00:00:00+00:00,26.101212,34.745037,18.46264
2038-01-01 00:00:00+00:00,27.19215,34.48909,20.202433
2038-01-02 00:00:00+00:00,25.390018,31.38929,20.796562
2038-01-03 00:00:00+00:00,26.087887,34.03949,19.540691
2038-01-04 00:00:00+00:00,27.535753,35.73968,20.18482
2038-01-05 00:00:00+00:00,27.633621,35.289883,20.678947
2038-01-06 00:00:00+00:00,26.98149,34.740074,19.72308
2038-01-07 00:00:00+00:00,26.279358,33.54028,19.417206
2038-01-08 00:00:00+00:00,28.227226,37.790474,19.561337
2038-01-09 00:00:00+00:00,29.075094,36.790672,21.755465
2038-01-10 00:00:00+00:00,28.27296,35.89087,21.549593
2038-01-11 00:00:00+00:00,27.82083,35.041065,22.293724
2038-01-12 00:00:00+00:00,26.018698,32.79126,19.887852
2038-01-13 00:00:00+00:00,27.166567,35.44146,19.781982
2038-01-14 00:00:00+00:00,27.064436,34.391655,20.92611
2038-01-15 00:00:00+00:00,26.2623,33.541855,19.120235
2038-01-16 00:00:00+00:00,26.16017,33.49205,19.16437
2038-01-17 00:00:00+00:00,26.458036,34.14225,19.458494
2038-01-18 00:00:00+00:00,25.605907,32.39245,19.902624
2038-01-19 00:00:00+00:00,25.103773,32.24264,19.546753
2038-01-20 00:00:00+00:00,25.751644,33.94284,17.790882
2038-01-21 00:00:00+00:00,26.599508,34.693035,18.58501
2038-01-22 00:00:00+00:00,26.597378,34.493233,19.02914
2038-01-23 00:00:00+00:00,25.095247,31.943436,18.72327
2038-01-24 00:00:00+00:00,26.093115,34.043633,18.867397
2038-01-25 00:00:00+00:00,25.190983,32.69383,18.111528
2038-01-26 00:00:00+00:00,23.73885,29.544024,17.655655
2038-01-27 00:00:00+00:00,26.136719,34.89422,17.849785
2038-01-28 00:00:00+00:00,26.834587,35.344418,18.493912
2038-01-29 00:00:00+00:00,26.082455,33.494617,19.338041
2038-01-30 00:00:00+00:00,24.830322,32.894814,17.632172
2038-01-31 00:00:00+00:00,25.478191,33.99501,17.576302
2038-02-01 00:00:00+00:00,27.676058,36.64521,20.12043
2038-02-02 00:00:00+00:00,29.023928,37.84541,20.314558
2038-02-03 00:00:00+00:00,29.771795,37.9956,22.208687
2038-02-04 00:00:00+00:00,27.969662,36.0958,21.152817
2038-02-05 00:00:00+00:00,27.567532,35.595997,19.896946
2038-02-06 00:00:00+00:00,27.2654,34.696194,20.091074
2038-02-07 00:00:00+00:00,26.163265,31.496393,21.4852
2038-02-08 00:00:00+00:00,27.361137,35.04659,20.97933
2038-02-09 00:00:00+00:00,26.759005,34.44679,19.523462
2038-02-10 00:00:00+00:00,26.60687,34.696983,18.76759
2038-02-11 00:00:00+00:00,28.254744,37.19718,19.761719
2038-02-12 00:00:00+00:00,29.60261,38.497375,21.205847
2038-02-13 00:00:00+00:00,29.550474,37.997578,21.149977
2038-02-14 00:00:00+00:00,28.948345,36.84778,21.294104
2038-02-15 00:00:00+00:00,27.996214,35.447968,20.738235
2038-02-16 00:00:00+00:00,27.944078,35.648167,20.582365
2038-02-17 00:00:00+00:00,28.491947,36.648365,20.876492
2038-02-18 00:00:00+00:00,28.339819,36.148563,21.070623
2038-02-19 00:00:00+00:00,28.687685,37.19876,20.56475
2038-02-20 00:00:00+00:00,29.28555,37.998955,20.708878
2038-02-21 00:00:00+00:00,29.78342,38.64916,21.203007
2038-02-22 00:00:00+00:00,29.981289,38.699352,21.247135
2038-02-23 00:00:00+00:00,29.379158,37.44955,20.591267
2038-02-24 00:00:00+00:00,29.227026,36.69975,21.585394
2038-02-25 00:00:00+00:00,29.42489,36.999947,21.479523
2038-02-26 00:00:00+00:00,30.272762,38.200138,22.523653
2038-02-27 00:00:00+00:00,29.420628,36.850338,22.367779
2038-02-28 00:00:00+00:00,28.818499,36.350536,21.26191
2038-03-01 00:00:00+00:00,29.466364,36.75073,22.206038
2038-03-02 00:00:00+00:00,30.564234,38.350933,22.850168
2038-03-03 00:00:00+00:00,30.91308,38.60206,23.345089
2038-03-04 00:00:00+00:00,30.618786,38.259674,22.895565
2038-03-05 00:00:00+00:00,31.274498,39.3173,23.046036
2038-03-06 00:00:00+00:00,31.930202,40.374916,23.54651
2038-03-07 00:00:00+00:00,31.585909,39.332535,23.846981
2038-03-08 00:00:00+00:00,30.391619,38.140156,23.097456
2038-03-09 00:00:00+00:00,29.44732,37.197777,21.647928
2038-03-10 00:00:00+00:00,29.30303,37.30539,21.348402
2038-03-11 00:00:00+00:00,30.558743,39.163013,21.298878
2038-03-12 00:00:00+00:00,31.614445,40.42063,22.549349
2038-03-13 00:00:00+00:00,32.470154,40.978252,23.699821
2038-03-14 00:00:00+00:00,34.425858,43.28587,25.200294
2038-03-15 00:00:00+00:00,35.33157,43.39349,26.900768
2038-03-16 00:00:00+00:00,34.18727,42.10111,26.451242
2038-03-17 00:00:00+00:00,33.79298,42.558727,25.001715
2038-03-18 00:00:00+00:00,34.19869,42.31635,26.452187
2038-03-19 00:00:00+00:00,33.854393,42.023964,26.35266
2038-03-20 00:00:00+00:00,33.3101,41.731583,25.053135
2038-03-21 00:00:00+00:00,33.46581,42.589203,24.703608
2038-03-22 00:00:00+00:00,33.271515,42.046825,24.05408
2038-03-23 00:00:00+00:00,32.677223,41.204445,22.754555
2038-03-24 00:00:00+00:00,33.582928,42.512062,23.555027
2038-03-25 00:00:00+00:00,34.638638,43.46968,25.6555
2038-03-26 00:00:00+00:00,34.89435,43.7773,25.455973
2038-03-27 00:00:00+00:00,34.950054,43.08492,26.356447
2038-03-28 00:00:00+00:00,31.655762,39.042545,24.10692
2038-03-29 00:00:00+00:00,30.811466,38.650158,22.707394
2038-03-30 00:00:00+00:00,29.267176,35.80778,22.607866
2038-03-31 00:00:00+00:00,26.122885,32.015396,20.20834
2038-04-01 00:00:00+00:00,25.128588,30.473017,20.008812
2038-04-02 00:00:00+00:00,28.184296,35.930637,20.009287
2038-04-03 00:00:00+00:00,31.09,38.58826,22.959757
2038-04-04 00:00:00+00:00,32.095707,38.29588,25.660233
2038-04-05 00:00:00+00:00,33.201416,40.053497,26.060707
2038-04-06 00:00:00+00:00,34.407124,41.91111,26.51118
2038-04-07 00:00:00+00:00,34.11283,41.318737,26.561653
2038-04-08 00:00:00+00:00,35.26854,43.776352,26.462126
2038-04-09 00:00:00+00:00,35.524246,43.23397,27.6626
2038-04-10 00:00:00+00:00,33.029953,40.29159,25.263073
2038-04-11 00:00:00+00:00,32.03566,38.99921,24.313545
2038-04-12 00:00:00+00:00,31.441366,39.65683,22.764017
2038-04-13 00:00:00+00:00,34.747074,43.91445,24.91449
2038-04-14 00:00:00+00:00,35.452778,42.272068,28.814966
2038-04-15 00:00:00+00:00,34.258488,42.179688,25.615435
2038-04-16 00:00:00+00:00,33.2642,40.83731,24.66591
2038-04-17 00:00:00+00:00,32.969902,40.844925,24.266384
2038-04-18 00:00:00+00:00,33.175606,41.052544,24.766857
2038-04-19 00:00:00+00:00,33.181313,41.160164,24.417332
2038-04-20 00:00:00+00:00,32.987022,40.567787,24.867804
2038-04-21 00:00:00+00:00,34.19273,41.975407,25.668278
2038-04-22 00:00:00+00:00,35.198437,43.033024,26.518751
2038-04-23 00:00:00+00:00,35.054146,42.940647,27.019226
2038-04-24 00:00:00+00:00,35.35985,43.448265,26.419699
2038-04-25 00:00:00+00:00,35.665558,44.105885,25.42017
2038-04-26 00:00:00+00:00,36.271267,44.863503,26.720644
2038-04-27 00:00:00+00:00,33.426975,40.12112,25.721115
2038-04-28 00:00:00+00:00,32.83268,39.978745,24.97159
2038-04-29 00:00:00+00:00,34.788383,43.23636,25.822063
2038-04-30 00:00:00+00:00,37.594093,45.74398,29.272537
2038-05-01 00:00:00+00:00,34.149803,41.3016,25.42301
2038-05-02 00:00:00+00:00,33.10551,40.059216,24.87348
2038-05-03 00:00:00+00:00,33.71123,41.51186,25.23163
2038-05-04 00:00:00+00:00,33.26701,41.599564,24.262808
2038-05-05 00:00:00+00:00,33.372795,41.587273,24.743986
2038-05-06 00:00:00+00:00,33.978573,41.47498,25.925163
2038-05-07 00:00:00+00:00,36.08435,43.862686,27.606337
2038-05-08 00:00:00+00:00,36.640133,44.200397,28.087515
2038-05-09 00:00:00+00:00,36.34591,43.6381,28.71869
2038-05-10 00:00:00+00:00,35.601685,43.52581,26.699863
2038-05-11 00:00:00+00:00,35.607468,43.063515,27.581043
2038-05-12 00:00:00+00:00,35.313248,42.301224,27.81222
2038-05-13 00:00:00+00:00,35.969025,43.688934,28.043394
2038-05-14 00:00:00+00:00,34.37481,40.67664,27.024572
2038-05-15 00:00:00+00:00,32.530586,39.614346,24.655748
2038-05-16 00:00:00+00:00,31.486366,38.70205,24.136923
2038-05-17 00:00:00+00:00,32.49215,39.58976,24.8181
2038-05-18 00:00:00+00:00,33.197926,40.37747,25.799278
2038-05-19 00:00:00+00:00,33.20371,40.01517,26.530455
2038-05-20 00:00:00+00:00,33.559483,40.752876,26.061632
2038-05-21 00:00:00+00:00,34.965267,43.84059,25.342808
2038-05-22 00:00:00+00:00,37.02104,43.478294,29.723984
2038-05-23 00:00:00+00:00,36.37682,42.865997,29.805159
2038-05-24 00:00:00+00:00,36.5826,43.45371,29.036335
2038-05-25 00:00:00+00:00,37.038383,43.441418,29.717512
2038-05-26 00:00:00+00:00,35.444157,40.929123,30.14869
2038-05-27 00:00:00+00:00,35.89994,42.41683,28.679865
2038-05-28 00:00:00+00:00,34.60572,41.25454,27.361042
2038-05-29 00:00:00+00:00,34.761497,40.492245,29.39222
2038-05-30 00:00:00+00:00,33.067276,39.62995,27.573395
2038-05-31 00:00:00+00:00,33.673058,40.767654,26.60457
2038-06-01 00:00:00+00:00,33.128834,39.855366,25.635746
2038-06-02 00:00:00+00:00,33.78462,41.293076,25.666924
2038-06-03 00:00:00+00:00,34.140396,41.48078,25.7481
2038-06-04 00:00:00+00:00,32.89617,38.968483,25.879276
2038-06-05 00:00:00+00:00,34.60195,41.456196,26.810452
2038-06-06 00:00:00+00:00,34.157734,39.643906,27.541628
2038-06-07 00:00:00+00:00,34.063515,40.03161,28.072805
2038-06-08 00:00:00+00:00,36.919292,43.21931,29.603983
2038-06-09 00:00:00+00:00,37.825073,44.057026,31.435158
2038-06-10 00:00:00+00:00,36.68085,43.094734,30.016335
2038-06-11 00:00:00+00:00,35.78663,42.63244,28.347511
2038-06-12 00:00:00+00:00,35.84241,41.820145,29.878689
2038-06-13 00:00:00+00:00,33.048187,39.257854,27.059864
2038-06-14 00:00:00+00:00,33.953968,39.995564,27.69104
2038-06-15 00:00:00+00:00,33.35975,39.23327,27.022219
2038-06-16 00:00:00+00:00,33.965527,40.42097,27.353394
2038-06-17 00:00:00+00:00,34.221306,40.35868,27.884567
2038-06-18 00:00:00+00:00,34.827084,41.29639,28.315744
2038-06-19 00:00:00+00:00,34.632866,41.734097,27.09692
2038-06-20 00:00:00+00:00,32.488647,37.271797,26.878098
2038-06-21 00:00:00+00:00,32.544422,39.35951,26.359278
2038-06-22 00:00:00+00:00,31.000202,37.54722,24.940449
2038-06-23 00:00:00+00:00,31.055983,37.834923,24.721626
2038-06-24 00:00:00+00:00,31.711763,38.57263,24.952805
2038-06-25 00:00:00+00:00,30.86754,34.91034,26.483982
2038-06-26 00:00:00+00:00,28.02332,31.39804,25.865156
2038-06-27 00:00:00+00:00,28.8791,33.135754,24.996334
2038-06-28 00:00:00+00:00,31.834879,37.22346,26.07751
2038-06-29 00:00:00+00:00,33.84066,39.211166,27.658684
2038-06-30 00:00:00+00:00,32.49644,38.148872,26.889864
2038-07-01 00:00:00+00:00,30.852217,35.536583,27.42104
2038-07-02 00:00:00+00:00,31.507998,37.174286,25.902214
2038-07-03 00:00:00+00:00,33.06109,39.31324,22.72445
2038-07-04 00:00:00+00:00,26.909706,33.65425,22.331785
2038-07-05 00:00:00+00:00,29.458315,36.29527,23.139116
2038-07-06 00:00:00+00:00,31.20693,37.786293,24.74645
2038-07-07 00:00:00+00:00,32.305546,38.777306,25.853785
2038-07-08 00:00:00+00:00,31.304155,37.718323,25.111115
2038-07-09 00:00:00+00:00,32.602768,38.209343,27.01845
2038-07-10 00:00:00+00:00,33.351387,39.050354,28.275782
2038-07-11 00:00:00+00:00,32.349995,38.641373,25.733116
2038-07-12 00:00:00+00:00,31.198612,37.932392,23.54045
2038-07-13 00:00:00+00:00,28.447226,33.873405,23.547783
2038-07-14 00:00:00+00:00,31.645836,38.464428,25.205114
2038-07-15 00:00:00+00:00,34.394447,42.205444,26.76245
2038-07-16 00:00:00+00:00,31.743067,37.84646,25.319782
2038-07-17 00:00:00+00:00,28.691679,31.887478,24.977114
2038-07-18 00:00:00+00:00,30.59029,36.178497,25.734447
2038-07-19 00:00:00+00:00,28.838905,35.719513,23.69178
2038-07-20 00:00:00+00:00,31.487518,37.21053,25.749115
2038-07-21 00:00:00+00:00,33.08613,38.40155,27.10645
2038-07-22 00:00:00+00:00,33.334743,39.242565,27.01378
2038-07-23 00:00:00+00:00,31.683361,37.03358,26.171112
2038-07-24 00:00:00+00:00,28.731972,33.3246,25.628445
2038-07-25 00:00:00+00:00,29.180588,35.315617,24.93578
2038-07-26 00:00:00+00:00,31.1292,37.20663,25.493114
2038-07-27 00:00:00+00:00,32.92781,38.597652,27.750446
2038-07-28 00:00:00+00:00,31.376427,35.638664,26.80778
2038-07-29 00:00:00+00:00,30.72504,36.879684,25.865112
2038-07-30 00:00:00+00:00,31.573652,36.9207,26.822447
2038-07-31 00:00:00+00:00,33.472267,38.911716,27.62978
2038-08-01 00:00:00+00:00,33.07088,39.00274,27.23711
2038-08-02 00:00:00+00:00,31.619492,36.193756,27.644447
2038-08-03 00:00:00+00:00,29.668108,32.88477,27.051779
2038-08-04 00:00:00+00:00,31.016722,35.375786,27.20911
2038-08-05 00:00:00+00:00,31.565334,35.6668,27.866446
2038-08-06 00:00:00+00:00,30.81395,36.607826,25.573778
2038-08-07 00:00:00+00:00,30.412561,36.19884,25.58111
2038-08-08 00:00:00+00:00,31.561172,36.83986,26.938444
2038-08-09 00:00:00+00:00,29.759789,33.78088,26.295774
2038-08-10 00:00:00+00:00,28.158401,34.12189,23.05311
2038-08-11 00:00:00+00:00,29.157015,34.26291,24.610443
2038-08-12 00:00:00+00:00,26.90563,31.153929,24.367779
2038-08-13 00:00:00+00:00,29.354242,34.844944,23.47511
2038-08-14 00:00:00+00:00,29.902857,35.78596,26.332441
2038-08-15 00:00:00+00:00,30.551468,36.126984,25.639778
2038-08-16 00:00:00+00:00,28.400082,33.017994,23.94711
2038-08-17 00:00:00+00:00,24.198698,26.609015,22.60444
2038-08-18 00:00:00+00:00,28.247309,34.650032,23.461775
2038-08-19 00:00:00+00:00,30.795923,37.491047,25.319107
2038-08-20 00:00:00+00:00,29.994535,36.482067,24.276443
2038-08-21 00:00:00+00:00,28.89315,35.473083,25.083775
2038-08-22 00:00:00+00:00,26.991762,33.1141,22.741106
2038-08-23 00:00:00+00:00,30.090378,35.955116,25.248442
2038-08-24 00:00:00+00:00,30.988993,37.346134,24.855774
2038-08-25 00:00:00+00:00,31.287603,37.13715,26.663107
2038-08-26 00:00:00+00:00,30.936218,36.42817,26.22044
2038-08-27 00:00:00+00:00,29.73483,34.269188,26.527775
2038-08-28 00:00:00+00:00,26.633444,30.010202,24.585108
2038-08-29 00:00:00+00:00,30.032057,35.951218,24.242441
2038-08-30 00:00:00+00:00,27.180674,31.84224,24.249775
2038-08-31 00:00:00+00:00,27.879284,33.383255,23.907104
2038-09-01 00:00:00+00:00,28.577898,34.724277,23.514439
2038-09-02 00:00:00+00:00,27.077753,30.029484,24.956652
2038-09-03 00:00:00+00:00,28.328848,32.64889,24.283749
2038-09-04 00:00:00+00:00,29.77994,34.218292,25.710848
2038-09-05 00:00:00+00:00,29.531033,32.687695,26.93794
2038-09-06 00:00:00+00:00,29.932127,33.807106,26.265038
2038-09-07 00:00:00+00:00,30.133219,33.776505,25.842134
2038-09-08 00:00:00+00:00,27.784313,32.795914,22.71923
2038-09-09 00:00:00+00:00,25.38541,29.615316,21.546326
2038-09-10 00:00:00+00:00,28.136503,32.78472,24.473423
2038-09-11 00:00:00+00:00,27.587597,31.204128,24.100517
2038-09-12 00:00:00+00:00,27.388689,30.72353,24.327614
2038-09-13 00:00:00+00:00,26.689785,28.742935,25.00471
2038-09-14 00:00:00+00:00,28.040874,32.71234,24.231806
2038-09-15 00:00:00+00:00,31.541971,37.731747,27.008902
2038-09-16 00:00:00+00:00,28.293064,32.001152,24.385998
2038-09-17 00:00:00+00:00,28.84416,32.220554,25.263092
2038-09-18 00:00:00+00:00,29.845253,34.08996,26.49019
2038-09-19 00:00:00+00:00,30.846342,35.209366,26.817286
2038-09-20 00:00:00+00:00,29.647438,33.228767,26.594381
2038-09-21 00:00:00+00:00,28.948532,32.798172,25.621475
2038-09-22 00:00:00+00:00,26.749628,29.467579,22.598572
2038-09-23 00:00:00+00:00,24.250721,26.78698,22.075668
2038-09-24 00:00:00+00:00,26.101816,30.556385,22.052765
2038-09-25 00:00:00+00:00,27.552906,31.57579,24.279861
2038-09-26 00:00:00+00:00,27.254002,30.895197,24.70696
2038-09-27 00:00:00+00:00,26.405096,30.514603,22.834053
2038-09-28 00:00:00+00:00,26.35619,31.184008,21.41115
2038-09-29 00:00:00+00:00,27.007282,30.95341,23.588243
2038-09-30 00:00:00+00:00,27.008377,31.722809,22.71534
2038-10-01 00:00:00+00:00,30.159472,36.09222,25.34244
2038-10-02 00:00:00+00:00,29.360563,33.561626,25.319534
2038-10-03 00:00:00+00:00,29.111658,33.531025,24.64663
2038-10-04 00:00:00+00:00,28.912752,33.10043,24.823725
2038-10-05 00:00:00+00:00,28.863848,32.919838,25.30082
2038-10-06 00:00:00+00:00,28.41494,32.739243,24.777918
2038-10-07 00:00:00+00:00,27.966036,32.158646,24.505013
2038-10-08 00:00:00+00:00,26.91713,30.62805,23.932108
2038-10-09 00:00:00+00:00,27.618223,32.697456,22.859203
2038-10-10 00:00:00+00:00,29.369314,34.31686,24.8363
2038-10-11 00:00:00+00:00,29.770409,34.386265,25.313396
2038-10-12 00:00:00+00:00,26.221502,30.505667,22.940493
2038-10-13 00:00:00+00:00,26.022598,30.725073,21.317589
2038-10-14 00:00:00+00:00,27.673689,32.89448,22.544687
2038-10-15 00:00:00+00:00,29.52478,35.56388,24.321781
2038-10-16 00:00:00+00:00,28.925877,33.483284,24.648874
2038-10-17 00:00:00+00:00,27.67697,31.952694,23.57597
2038-10-18 00:00:00+00:00,28.678064,34.372097,24.353067
2038-10-19 00:00:00+00:00,28.429157,35.0415,22.830164
2038-10-20 00:00:00+00:00,28.53025,33.560905,22.70726
2038-10-21 00:00:00+00:00,28.981346,34.13031,24.284355
2038-10-22 00:00:00+00:00,28.782438,33.449715,24.911451
2038-10-23 00:00:00+00:00,29.333534,34.519123,24.788548
2038-10-24 00:00:00+00:00,29.534626,34.988525,24.915644
2038-10-25 00:00:00+00:00,28.635723,33.857925,24.642742
2038-10-26 00:00:00+00:00,26.886816,31.277334,22.419838
2038-10-27 00:00:00+00:00,24.637907,27.79674,21.89693
2038-10-28 00:00:00+00:00,25.989004,31.066141,21.524029
2038-10-29 00:00:00+00:00,27.340094,32.585552,21.751125
2038-10-30 00:00:00+00:00,28.291191,33.05495,22.678219
2038-10-31 00:00:00+00:00,27.992283,32.67436,23.455315
2038-11-01 00:00:00+00:00,26.64338,29.59376,23.932411
2038-11-02 00:00:00+00:00,25.338123,28.497318,21.767443
2038-11-03 00:00:00+00:00,26.979063,34.091373,20.757236
2038-11-04 00:00:00+00:00,27.669998,33.58543,21.997028
2038-11-05 00:00:00+00:00,27.910938,34.42948,21.936821
2038-11-06 00:00:00+00:00,28.701876,35.073536,22.576612
2038-11-07 00:00:00+00:00,28.442814,35.11759,23.466406
2038-11-08 00:00:00+00:00,28.733753,35.211647,22.556198
2038-11-09 00:00:00+00:00,29.92469,35.6057,24.545988
2038-11-10 00:00:00+00:00,30.015627,36.499752,23.83578
2038-11-11 00:00:00+00:00,29.556566,35.44381,24.875574
2038-11-12 00:00:00+00:00,29.347506,35.587864,23.865368
2038-11-13 00:00:00+00:00,30.188444,37.18192,23.655159
2038-11-14 00:00:00+00:00,30.77938,37.675972,24.49495
2038-11-15 00:00:00+00:00,30.07032,36.220024,23.884743
2038-11-16 00:00:00+00:00,30.11126,36.41408,23.974539
2038-11-17 00:00:00+00:00,29.002195,35.508133,22.514328
2038-11-18 00:00:00+00:00,28.543137,35.70219,21.45412
2038-11-19 00:00:00+00:00,28.584074,35.896244,21.643913
2038-11-20 00:00:00+00:00,27.87501,34.740295,21.533707
2038-11-21 00:00:00+00:00,26.365948,32.63435,21.073498
2038-11-22 00:00:00+00:00,26.256886,34.02841,19.31329
2038-11-23 00:00:00+00:00,26.097824,33.32246,19.553083
2038-11-24 00:00:00+00:00,25.538765,32.716515,19.192875
2038-11-25 00:00:00+00:00,25.429703,32.56057,18.73267
2038-11-26 00:00:00+00:00,25.070639,32.154625,18.67246
2038-11-27 00:00:00+00:00,26.01158,34.04868,18.012255
2038-11-28 00:00:00+00:00,27.052517,34.142735,20.452045
2038-11-29 00:00:00+00:00,29.243454,37.136787,22.491837
2038-11-30 00:00:00+00:00,29.784393,37.13084,23.181631
2038-12-01 00:00:00+00:00,30.675331,37.4749,24.171421
2038-12-02 00:00:00+00:00,28.66627,35.51895,22.161217
2038-12-03 00:00:00+00:00,28.157207,35.363003,20.701006
2038-12-04 00:00:00+00:00,28.248146,35.25706,20.490799
2038-12-05 00:00:00+00:00,27.739086,34.451115,21.680592
2038-12-06 00:00:00+00:00,29.680023,36.995167,23.870384
2038-12-07 00:00:00+00:00,29.970963,37.48922,23.260176
2038-12-08 00:00:00+00:00,29.461899,37.133274,22.299969
2038-12-09 00:00:00+00:00,29.002836,36.62733,21.839762
2038-12-10 00:00:00+00:00,29.143776,37.021385,21.92955
2038-12-11 00:00:00+00:00,29.234713,37.565437,22.019346
2038-12-12 00:00:00+00:00,29.175652,37.30949,21.859138
2038-12-13 00:00:00+00:00,29.06659,37.20355,21.94893
2038-12-14 00:00:00+00:00,28.457527,36.7976,20.938723
2038-12-15 00:00:00+00:00,28.248465,36.091656,21.328514
2038-12-16 00:00:00+00:00,26.939402,34.68571,20.218307
2038-12-17 00:00:00+00:00,26.830345,35.229763,19.2581
2038-12-18 00:00:00+00:00,27.17128,35.72382,19.59789
2038-12-19 00:00:00+00:00,27.36222,35.26787,20.237684
2038-12-20 00:00:00+00:00,27.253157,34.961926,20.627478
2038-12-21 00:00:00+00:00,26.694094,34.605984,19.717272
2038-12-22 00:00:00+00:00,26.285034,34.650036,18.80706
2038-12-23 00:00:00+00:00,26.775972,35.344093,19.196856
2038-12-24 00:00:00+00:00,27.01691,35.638145,19.586645
2038-12-25 00:00:00+00:00,26.607845,34.8322,19.026438
2038-12-26 00:00:00+00:00,26.498787,34.97625,18.86623
2038-12-27 00:00:00+00:00,26.639725,35.370308,18.806023
2038-12-28 00:00:00+00:00,27.180662,36.114365,19.045818
2038-12-29 00:00:00+00:00,27.371601,35.358418,20.285608
2038-12-30 00:00:00+00:00,26.612537,33.80247,19.925402
2038-12-31 00:00:00+00:00,25.303478,32.546528,18.71519
2039-01-01 00:00:00+00:00,24.444416,31.590576,17.654987
2039-01-02 00:00:00+00:00,24.490551,32.189236,17.498032
2039-01-03 00:00:00+00:00,24.78842,32.63944,17.642159
2039-01-04 00:00:00+00:00,24.186285,31.039633,17.986288
2039-01-05 00:00:00+00:00,24.284155,31.839832,18.23042
2039-01-06 00:00:00+00:00,23.632023,31.890026,15.874545
2039-01-07 00:00:00+00:00,20.779892,26.340229,14.818673
2039-01-08 00:00:00+00:00,20.977757,28.390427,14.112802
2039-01-09 00:00:00+00:00,22.575626,30.44062,15.15693
2039-01-10 00:00:00+00:00,23.173496,31.09082,15.95106
2039-01-11 00:00:00+00:00,22.821365,30.541014,15.995189
2039-01-12 00:00:00+00:00,22.61923,28.541212,17.38932
2039-01-13 00:00:00+00:00,21.317099,27.19141,16.633448
2039-01-14 00:00:00+00:00,22.964968,30.89161,15.2775755
2039-01-15 00:00:00+00:00,24.012835,31.041807,17.971706
2039-01-16 00:00:00+00:00,23.010702,30.542002,16.015835
2039-01-17 00:00:00+00:00,22.60857,30.242197,15.459962
2039-01-18 00:00:00+00:00,23.00644,31.242395,15.404094
2039-01-19 00:00:00+00:00,24.154308,32.892593,15.9982195
2039-01-20 00:00:00+00:00,24.602177,32.842793,17.042349
2039-01-21 00:00:00+00:00,25.000044,33.09299,17.33648
2039-01-22 00:00:00+00:00,25.947914,33.89319,18.430607
2039-01-23 00:00:00+00:00,26.44578,34.193382,19.074738
2039-01-24 00:00:00+00:00,26.643648,33.94358,19.968866
2039-01-25 00:00:00+00:00,26.991514,35.14378,19.462996
2039-01-26 00:00:00+00:00,27.889385,36.093975,20.307123
2039-01-27 00:00:00+00:00,27.937252,35.894173,20.751253
2039-01-28 00:00:00+00:00,27.93512,36.29437,20.29538
2039-01-29 00:00:00+00:00,28.132988,36.694565,20.089512
2039-01-30 00:00:00+00:00,28.180857,36.744766,19.98364
2039-01-31 00:00:00+00:00,28.428724,36.794968,20.327768
2039-02-01 00:00:00+00:00,27.076591,34.44516,20.171898
2039-02-02 00:00:00+00:00,23.224459,29.49536,17.216028
2039-02-03 00:00:00+00:00,21.472328,28.545553,14.560155
2039-02-04 00:00:00+00:00,22.820196,30.995752,15.104283
2039-02-05 00:00:00+00:00,24.118065,32.645947,16.148413
2039-02-06 00:00:00+00:00,25.315933,33.696144,17.142544
2039-02-07 00:00:00+00:00,25.963799,34.396343,17.43667
2039-02-08 00:00:00+00:00,28.461666,37.746536,19.780798
2039-02-09 00:00:00+00:00,30.809538,38.99674,23.324928
2039-02-10 00:00:00+00:00,29.157406,36.296936,22.719057
2039-02-11 00:00:00+00:00,27.455269,35.197132,19.663187
2039-02-12 00:00:00+00:00,26.05314,33.197327,18.707315
2039-02-13 00:00:00+00:00,26.401009,34.797527,19.051443
2039-02-14 00:00:00+00:00,29.998878,38.997723,21.795572
2039-02-15 00:00:00+00:00,29.796743,38.147923,22.139702
2039-02-16 00:00:00+00:00,29.294613,38.198124,21.033833
2039-02-17 00:00:00+00:00,29.44248,37.69832,21.87796
2039-02-18 00:00:00+00:00,29.690348,38.148514,21.622091
2039-02-19 00:00:00+00:00,29.73822,37.798714,22.066217
2039-02-20 00:00:00+00:00,28.836084,36.848907,21.210346
2039-02-21 00:00:00+00:00,28.333954,36.44911,20.454475
2039-02-22 00:00:00+00:00,29.18182,38.199303,20.698605
2039-02-23 00:00:00+00:00,29.879692,39.3995,20.542734
2039-02-24 00:00:00+00:00,29.977558,39.449696,20.536863
2039-02-25 00:00:00+00:00,30.125423,39.1499,21.08099
2039-02-26 00:00:00+00:00,31.923294,41.400097,22.57512
2039-02-27 00:00:00+00:00,33.121162,41.45029,24.969248
2039-02-28 00:00:00+00:00,32.16903,40.000484,24.563377
2039-03-01 00:00:00+00:00,31.216898,39.100685,23.557508
2039-03-02 00:00:00+00:00,31.014767,38.950882,23.351635
2039-03-03 00:00:00+00:00,29.962635,37.701077,22.445765
2039-03-04 00:00:00+00:00,29.41736,37.70777,21.095446
2039-03-05 00:00:00+00:00,29.923067,38.31539,21.645916
2039-03-06 00:00:00+00:00,29.778776,37.87301,21.896393
2039-03-07 00:00:00+00:00,29.284483,37.230625,21.546862
2039-03-08 00:00:00+00:00,29.290188,37.33825,20.997337
2039-03-09 00:00:00+00:00,31.045898,39.295864,22.74781
2039-03-10 00:00:00+00:00,32.751602,41.253487,23.898283
2039-03-11 00:00:00+00:00,33.45731,42.161106,24.69876
2039-03-12 00:00:00+00:00,33.713017,42.068726,25.549229
2039-03-13 00:00:00+00:00,33.61873,42.22635,24.849705
2039-03-14 00:00:00+00:00,33.22443,41.483963,24.200176
2039-03-15 00:00:00+00:00,33.280136,41.891586,24.40065
2039-03-16 00:00:00+00:00,32.785847,40.949203,24.401125
2039-03-17 00:00:00+00:00,31.441553,39.45682,23.301596
2039-03-18 00:00:00+00:00,30.597263,38.51444,22.102068
2039-03-19 00:00:00+00:00,31.502968,40.072063,22.852543
2039-03-20 00:00:00+00:00,32.008675,40.179684,23.853014
2039-03-21 00:00:00+00:00,31.31438,39.3873,22.90349
2039-03-22 00:00:00+00:00,30.72009,38.74492,22.05396
2039-03-23 00:00:00+00:00,27.275795,34.502537,19.704435
2039-03-24 00:00:00+00:00,27.181505,35.260162,18.65491
2039-03-25 00:00:00+00:00,28.687212,36.217777,20.655384
2039-03-26 00:00:00+00:00,31.392921,38.425396,24.555855
2039-03-27 00:00:00+00:00,32.048622,38.333015,25.506329
2039-03-28 00:00:00+00:00,33.804333,42.19063,25.906803
2039-03-29 00:00:00+00:00,32.66004,40.748253,24.507277
2039-03-30 00:00:00+00:00,31.065744,38.105873,24.50775
2039-03-31 00:00:00+00:00,31.87145,39.613495,24.05822
2039-04-01 00:00:00+00:00,32.72716,40.971115,24.108692
2039-04-02 00:00:00+00:00,33.732872,41.62873,25.259167
2039-04-03 00:00:00+00:00,32.98858,40.68635,24.90964
2039-04-04 00:00:00+00:00,34.994286,42.993965,26.360113
2039-04-05 00:00:00+00:00,35.69999,41.801594,29.410585
2039-04-06 00:00:00+00:00,35.7057,43.509212,27.961061
2039-04-07 00:00:00+00:00,37.5614,44.51683,29.611534
2039-04-08 00:00:00+00:00,36.16711,42.624447,30.412006
2039-04-09 00:00:00+00:00,35.22282,42.782066,27.412481
2039-04-10 00:00:00+00:00,35.628525,42.98969,27.512953
2039-04-11 00:00:00+00:00,35.784233,43.497307,27.713427
2039-04-12 00:00:00+00:00,34.68994,42.454926,25.713898
2039-04-13 00:00:00+00:00,34.045647,41.662548,25.414375
2039-04-14 00:00:00+00:00,34.451355,41.920166,26.114843
2039-04-15 00:00:00+00:00,34.00706,42.177784,25.36532
2039-04-16 00:00:00+00:00,34.412766,42.685402,26.165794
2039-04-17 00:00:00+00:00,29.718477,35.743023,23.116264
2039-04-18 00:00:00+00:00,31.174183,39.550644,22.366737
2039-04-19 00:00:00+00:00,32.22989,40.758263,23.417213
2039-04-20 00:00:00+00:00,32.585594,40.76588,24.067684
2039-04-21 00:00:00+00:00,30.141304,38.073498,21.56816
2039-04-22 00:00:00+00:00,30.797014,38.63112,22.468634
2039-04-23 00:00:00+00:00,32.502716,40.438744,24.019104
2039-04-24 00:00:00+00:00,33.858425,41.39636,25.969578
2039-04-25 00:00:00+00:00,34.214127,41.45398,25.920053
2039-04-26 00:00:00+00:00,35.51984,43.461597,26.820524
2039-04-27 00:00:00+00:00,36.17555,43.319214,28.170998
2039-04-28 00:00:00+00:00,37.331253,44.27684,29.62147
2039-04-29 00:00:00+00:00,36.886963,43.28445,28.871944
2039-04-30 00:00:00+00:00,35.642666,42.742077,27.322416
2039-05-01 00:00:00+00:00,36.04837,43.849697,27.522892
2039-05-02 00:00:00+00:00,35.55408,43.85731,26.773363
2039-05-03 00:00:00+00:00,35.309788,42.96493,26.773838
2039-05-04 00:00:00+00:00,36.815567,44.80264,28.255013
2039-05-05 00:00:00+00:00,37.67135,44.49035,30.586191
2039-05-06 00:00:00+00:00,35.027122,42.678055,26.367367
2039-05-07 00:00:00+00:00,35.532906,42.71576,27.948544
2039-05-08 00:00:00+00:00,35.088684,43.00347,26.429718
2039-05-09 00:00:00+00:00,33.49447,40.891174,25.610895
2039-05-10 00:00:00+00:00,31.400248,39.87888,22.59207
2039-05-11 00:00:00+00:00,30.756023,38.616592,22.42325
2039-05-12 00:00:00+00:00,30.861801,38.9043,22.404423
2039-05-13 00:00:00+00:00,31.367582,38.292004,23.7856
2039-05-14 00:00:00+00:00,31.773365,39.37971,23.316778
2039-05-15 00:00:00+00:00,34.22914,41.86742,26.047955
2039-05-16 00:00:00+00:00,32.88492,40.905125,24.279129
2039-05-17 00:00:00+00:00,32.0407,39.84283,23.260307
2039-05-18 00:00:00+00:00,29.696478,35.48054,23.391483
2039-05-19 00:00:00+00:00,29.85226,37.218246,21.922659
2039-05-20 00:00:00+00:00,30.35804,38.355953,21.703836
2039-05-21 00:00:00+00:00,28.763819,34.943665,22.835014
2039-05-22 00:00:00+00:00,30.7196,38.98137,22.21619
2039-05-23 00:00:00+00:00,31.625378,38.419075,24.297367
2039-05-24 00:00:00+00:00,32.78116,39.35678,25.02854
2039-05-25 00:00:00+00:00,33.636936,39.34449,26.659718
2039-05-26 00:00:00+00:00,34.942715,41.8822,27.340895
2039-05-27 00:00:00+00:00,34.19849,41.469906,28.022072
2039-05-28 00:00:00+00:00,30.504272,35.70761,23.653248
2039-05-29 00:00:00+00:00,30.110054,36.595318,23.234423
2039-05-30 00:00:00+00:00,33.515835,38.983025,27.7156
2039-05-31 00:00:00+00:00,34.771614,41.42073,28.246775
2039-06-01 00:00:00+00:00,33.22739,36.75844,29.677954
2039-06-02 00:00:00+00:00,34.98317,42.996147,27.259132
2039-06-03 00:00:00+00:00,35.238945,43.283855,26.590305
2039-06-04 00:00:00+00:00,34.79473,41.27156,27.671484
2039-06-05 00:00:00+00:00,33.35051,39.309265,26.202658
2039-06-06 00:00:00+00:00,33.506287,39.446968,26.933834
2039-06-07 00:00:00+00:00,31.962067,36.284683,26.66501
2039-06-08 00:00:00+00:00,33.167847,39.52239,26.39619
2039-06-09 00:00:00+00:00,32.92363,39.060097,25.977364
2039-06-10 00:00:00+00:00,33.029404,39.347805,26.308538
2039-06-11 00:00:00+00:00,32.885185,39.435513,26.239717
2039-06-12 00:00:00+00:00,33.240963,40.223217,26.020895
2039-06-13 00:00:00+00:00,32.946743,39.610924,26.10207
2039-06-14 00:00:00+00:00,33.352524,39.998634,26.533243
2039-06-15 00:00:00+00:00,33.808304,40.43634,26.864424
2039-06-16 00:00:00+00:00,34.114082,39.97405,28.245598
2039-06-17 00:00:00+00:00,32.76986,38.061752,27.376776
2039-06-18 00:00:00+00:00,33.575638,40.09946,26.907951
2039-06-19 00:00:00+00:00,32.981422,39.48717,26.039127
2039-06-20 00:00:00+00:00,33.5372,38.924877,27.220304
2039-06-21 00:00:00+00:00,33.292976,38.912582,26.801481
2039-06-22 00:00:00+00:00,33.04876,40.15029,25.582659
2039-06-23 00:00:00+00:00,33.65454,40.037994,26.513832
2039-06-24 00:00:00+00:00,33.760315,39.225704,27.245008
2039-06-25 00:00:00+00:00,33.016098,38.71341,26.226187
2039-06-26 00:00:00+00:00,33.221878,39.301117,27.507364
2039-06-27 00:00:00+00:00,32.477654,38.338825,26.838541
2039-06-28 00:00:00+00:00,31.883432,37.72653,26.019714
2039-06-29 00:00:00+00:00,31.989216,37.11424,26.600891
2039-06-30 00:00:00+00:00,31.994995,37.00194,26.232069
2039-07-01 00:00:00+00:00,29.150772,35.189655,23.863245
2039-07-02 00:00:00+00:00,30.756554,37.277363,25.094423
2039-07-03 00:00:00+00:00,32.31143,38.56548,26.022617
2039-07-04 00:00:00+00:00,32.16005,38.956497,25.97995
2039-07-05 00:00:00+00:00,30.858662,37.147514,24.937284
2039-07-06 00:00:00+00:00,31.357275,37.238537,25.844616
2039-07-07 00:00:00+00:00,31.255892,37.279556,25.201952
2039-07-08 00:00:00+00:00,31.454504,37.420563,25.459284
2039-07-09 00:00:00+00:00,30.903114,35.211582,26.666616
2039-07-10 00:00:00+00:00,31.301731,35.8526,26.923948
2039-07-11 00:00:00+00:00,33.250343,38.39362,27.68128
2039-07-12 00:00:00+00:00,33.99896,39.93464,27.788618
2039-07-13 00:00:00+00:00,33.29757,39.775658,27.395948
2039-07-14 00:00:00+00:00,31.696186,36.81667,26.35328
2039-07-15 00:00:00+00:00,29.394796,35.00769,24.460615
2039-07-16 00:00:00+00:00,25.993414,30.948708,22.617947
2039-07-17 00:00:00+00:00,27.842024,34.139725,23.575281
2039-07-18 00:00:00+00:00,26.440636,30.130735,23.732613
2039-07-19 00:00:00+00:00,29.389254,34.221756,24.389946
2039-07-20 00:00:00+00:00,30.637865,36.912777,24.84728
2039-07-21 00:00:00+00:00,28.436476,33.40379,25.204613
2039-07-22 00:00:00+00:00,29.185091,35.294807,23.611948
2039-07-23 00:00:00+00:00,25.683706,29.385826,23.919281
2039-07-24 00:00:00+00:00,26.782318,32.376846,23.776613
2039-07-25 00:00:00+00:00,28.080933,33.617863,23.683945
2039-07-26 00:00:00+00:00,27.97955,33.258877,24.341282
2039-07-27 00:00:00+00:00,28.578157,34.399895,25.098614
2039-07-28 00:00:00+00:00,27.726774,34.040916,24.505947
2039-07-29 00:00:00+00:00,27.925386,33.331932,24.11328
2039-07-30 00:00:00+00:00,30.023998,35.82295,25.670612
2039-07-31 00:00:00+00:00,31.222614,37.963963,26.477943
2039-08-01 00:00:00+00:00,29.571224,34.504986,26.08528
2039-08-02 00:00:00+00:00,29.06984,34.796,24.892612
2039-08-03 00:00:00+00:00,28.468456,32.987022,25.699945
2039-08-04 00:00:00+00:00,28.017067,33.528038,23.65728
2039-08-05 00:00:00+00:00,27.515682,33.719055,22.61461
2039-08-06 00:00:00+00:00,30.714296,36.310066,25.171944
2039-08-07 00:00:00+00:00,31.212908,35.551086,27.579279
2039-08-08 00:00:00+00:00,33.411522,42.142105,26.28661
2039-08-09 00:00:00+00:00,29.410137,35.13312,24.343943
2039-08-10 00:00:00+00:00,25.958748,28.924139,23.501276
2039-08-11 00:00:00+00:00,29.307362,35.115154,24.10861
2039-08-12 00:00:00+00:00,33.455975,40.30617,27.06594
2039-08-13 00:00:00+00:00,32.40459,36.84719,28.273275
2039-08-14 00:00:00+00:00,29.753202,34.98821,25.680613
2039-08-15 00:00:00+00:00,30.751816,35.929226,25.937943
2039-08-16 00:00:00+00:00,26.35043,30.170242,23.795277
2039-08-17 00:00:00+00:00,27.599045,31.811256,24.15261
2039-08-18 00:00:00+00:00,28.897655,34.752274,24.009943
2039-08-19 00:00:00+00:00,31.14627,36.643295,26.017277
2039-08-20 00:00:00+00:00,29.094883,36.88431,25.174608
2039-08-21 00:00:00+00:00,27.643497,33.57533,22.831942
2039-08-22 00:00:00+00:00,29.542109,35.36635,25.189274
2039-08-23 00:00:00+00:00,27.690725,31.807365,24.796608
2039-08-24 00:00:00+00:00,26.439339,29.098381,24.553942
2039-08-25 00:00:00+00:00,29.38795,36.139397,24.561275
2039-08-26 00:00:00+00:00,25.486565,27.930416,23.818607
2039-08-27 00:00:00+00:00,26.785177,31.821434,23.325941
2039-08-28 00:00:00+00:00,29.033789,33.71245,23.833275
2039-08-29 00:00:00+00:00,27.982403,34.753468,23.24061
2039-08-30 00:00:00+00:00,29.68102,35.194485,25.14794
2039-08-31 00:00:00+00:00,29.379631,35.8855,25.255274
2039-09-01 00:00:00+00:00,31.728245,37.476517,26.512608
2039-09-02 00:00:00+00:00,30.27748,33.924633,26.16238
2039-09-03 00:00:00+00:00,30.078571,33.344036,27.689476
2039-09-04 00:00:00+00:00,28.229666,31.863445,25.366571
2039-09-05 00:00:00+00:00,28.18076,32.43285,23.993666
2039-09-06 00:00:00+00:00,29.28185,33.50225,26.620764
2039-09-07 00:00:00+00:00,29.48295,33.871655,25.69786
2039-09-08 00:00:00+00:00,28.434042,31.841064,25.774956
2039-09-09 00:00:00+00:00,26.785135,30.010464,23.50205
2039-09-10 00:00:00+00:00,26.786228,30.27987,23.32915
2039-09-11 00:00:00+00:00,28.937323,32.599274,24.606243
2039-09-12 00:00:00+00:00,30.238415,33.46868,27.18334
2039-09-13 00:00:00+00:00,29.43951,33.538086,25.860437
2039-09-14 00:00:00+00:00,29.890604,34.407486,25.587532
2039-09-15 00:00:00+00:00,26.5917,30.476892,21.664625
2039-09-16 00:00:00+00:00,26.442793,29.696299,23.041723
2039-09-17 00:00:00+00:00,26.643885,30.965704,22.618818
2039-09-18 00:00:00+00:00,29.144976,32.835106,25.695915
2039-09-19 00:00:00+00:00,28.646072,32.304516,24.723011
2039-09-20 00:00:00+00:00,29.247166,32.873917,25.100105
2039-09-21 00:00:00+00:00,29.448261,32.843323,26.177204
2039-09-22 00:00:00+00:00,27.599354,30.112722,25.1543
2039-09-23 00:00:00+00:00,28.550446,31.982132,25.631395
2039-09-24 00:00:00+00:00,30.05154,34.601532,25.508492
2039-09-25 00:00:00+00:00,29.852634,33.920937,26.635588
2039-09-26 00:00:00+00:00,30.353731,36.090343,25.662683
2039-09-27 00:00:00+00:00,30.10482,35.30975,25.53978
2039-09-28 00:00:00+00:00,27.055916,29.979155,22.216875
2039-09-29 00:00:00+00:00,28.65701,33.64856,23.643972
2039-09-30 00:00:00+00:00,30.708107,36.367966,26.271067
2039-10-01 00:00:00+00:00,31.809198,38.087368,26.89816
2039-10-02 00:00:00+00:00,31.160294,36.70677,26.275259
2039-10-03 00:00:00+00:00,31.061382,37.276173,25.602354
2039-10-04 00:00:00+00:00,31.212479,37.295578,25.47945
2039-10-05 00:00:00+00:00,30.113573,33.514984,26.756546
2039-10-06 00:00:00+00:00,29.214666,33.084385,26.433641
2039-10-07 00:00:00+00:00,29.815758,34.55379,25.61074
2039-10-08 00:00:00+00:00,30.716854,36.2232,25.887833
2039-10-09 00:00:00+00:00,30.417946,35.792603,25.56493
2039-10-10 00:00:00+00:00,28.56904,32.112003,26.092026
2039-10-11 00:00:00+00:00,28.670134,34.731415,24.519123
2039-10-12 00:00:00+00:00,29.921227,36.25082,23.99622
2039-10-13 00:00:00+00:00,31.57232,37.57022,26.423315
2039-10-14 00:00:00+00:00,29.373417,35.189625,26.20041
2039-10-15 00:00:00+00:00,29.07451,35.00903,24.827507
2039-10-16 00:00:00+00:00,26.925604,30.928436,23.904604
2039-10-17 00:00:00+00:00,24.426699,27.697842,21.731699
2039-10-18 00:00:00+00:00,23.87779,27.117243,20.708796
2039-10-19 00:00:00+00:00,26.678885,32.18665,22.88589
2039-10-20 00:00:00+00:00,26.579977,31.106054,22.912987
2039-10-21 00:00:00+00:00,27.581072,32.97546,22.540081
2039-10-22 00:00:00+00:00,27.582165,31.19486,24.26718
2039-10-23 00:00:00+00:00,27.73326,32.06427,23.894272
2039-10-24 00:00:00+00:00,28.484354,33.93367,23.021368
2039-10-25 00:00:00+00:00,28.485447,33.603077,24.448465
2039-10-26 00:00:00+00:00,29.286543,36.322483,22.875563
2039-10-27 00:00:00+00:00,30.737635,38.441883,24.302658
2039-10-28 00:00:00+00:00,31.438728,40.761288,22.279755
2039-10-29 00:00:00+00:00,31.089823,37.880695,25.35685
2039-10-30 00:00:00+00:00,30.640917,38.400105,25.233946
2039-10-31 00:00:00+00:00,29.94201,36.2695,25.161043
2039-11-01 00:00:00+00:00,32.0931,39.738907,24.938139
2039-11-02 00:00:00+00:00,32.39039,38.548805,25.819994
2039-11-03 00:00:00+00:00,32.031326,38.54286,25.859787
2039-11-04 00:00:00+00:00,31.422268,35.486916,27.499578
2039-11-05 00:00:00+00:00,32.8632,39.730972,26.239374
2039-11-06 00:00:00+00:00,32.204144,39.125027,25.679167
2039-11-07 00:00:00+00:00,30.145079,37.069077,23.568956
2039-11-08 00:00:00+00:00,28.086018,35.163136,21.258749
2039-11-09 00:00:00+00:00,28.176958,36.10719,20.348543
2039-11-10 00:00:00+00:00,28.917896,36.95124,21.138336
2039-11-11 00:00:00+00:00,29.608833,37.545296,21.728125
2039-11-12 00:00:00+00:00,30.799768,38.23935,23.867918
2039-11-13 00:00:00+00:00,31.59071,38.83341,24.20771
2039-11-14 00:00:00+00:00,32.031643,39.47746,23.647505
2039-11-15 00:00:00+00:00,33.722584,41.42151,25.687294
2039-11-16 00:00:00+00:00,33.063526,39.86557,25.377087
2039-11-17 00:00:00+00:00,33.45446,39.859623,26.816883
2039-11-18 00:00:00+00:00,31.395401,37.65367,25.15667
2039-11-19 00:00:00+00:00,29.936337,35.497726,24.096466
2039-11-20 00:00:00+00:00,30.177275,36.941788,23.23626
2039-11-21 00:00:00+00:00,31.718216,38.985836,24.42605
2039-11-22 00:00:00+00:00,32.409153,38.82989,25.065842
2039-11-23 00:00:00+00:00,32.75009,38.423946,26.955637
2039-11-24 00:00:00+00:00,33.791027,40.468,28.345427
2039-11-25 00:00:00+00:00,32.48197,39.51206,25.735222
2039-11-26 00:00:00+00:00,31.472908,38.25611,24.625013
2039-11-27 00:00:00+00:00,31.113842,37.850163,24.164804
2039-11-28 00:00:00+00:00,31.604778,38.694218,24.304596
2039-11-29 00:00:00+00:00,32.04572,39.38827,24.94439
2039-11-30 00:00:00+00:00,32.68666,39.83233,25.784182
2039-12-01 00:00:00+00:00,31.577595,38.17638,24.423973
2039-12-02 00:00:00+00:00,30.768534,37.120434,24.413769
2039-12-03 00:00:00+00:00,29.409472,36.264492,23.453558
2039-12-04 00:00:00+00:00,27.500412,34.758545,21.19335
2039-12-05 00:00:00+00:00,25.79135,31.902597,19.983143
2039-12-06 00:00:00+00:00,27.382288,36.146652,19.822937
2039-12-07 00:00:00+00:00,28.573225,37.190712,20.912727
2039-12-08 00:00:00+00:00,28.464165,36.484764,21.402521
2039-12-09 00:00:00+00:00,26.2551,34.028816,19.242313
2039-12-10 00:00:00+00:00,25.19604,33.52287,17.882105
2039-12-11 00:00:00+00:00,25.886978,34.516926,17.871899
2039-12-12 00:00:00+00:00,27.327915,35.560978,19.761688
2039-12-13 00:00:00+00:00,27.768854,35.455036,20.85148
2039-12-14 00:00:00+00:00,28.509794,36.89909,20.491274
2039-12-15 00:00:00+00:00,30.050732,38.393143,22.281067
2039-12-16 00:00:00+00:00,30.641668,37.537197,24.72086
2039-12-17 00:00:00+00:00,28.682606,35.98125,21.96065
2039-12-18 00:00:00+00:00,27.673546,35.375305,21.200443
2039-12-19 00:00:00+00:00,27.364485,35.469357,20.390238
2039-12-20 00:00:00+00:00,25.855423,33.413418,19.680029
2039-12-21 00:00:00+00:00,25.09636,32.85747,17.969822
2039-12-22 00:00:00+00:00,25.0873,32.90152,18.109615
2039-12-23 00:00:00+00:00,24.728237,31.845575,18.149406
2039-12-24 00:00:00+00:00,24.069176,31.589632,17.289196
2039-12-25 00:00:00+00:00,24.760113,32.73368,17.47899
2039-12-26 00:00:00+00:00,26.501049,34.727737,18.868782
2039-12-27 00:00:00+00:00,27.54199,35.62179,20.208576
2039-12-28 00:00:00+00:00,27.382927,34.61585,21.298368
2039-12-29 00:00:00+00:00,26.973866,34.3599,20.13816
2039-12-30 00:00:00+00:00,26.614803,33.453957,20.72795
2039-12-31 00:00:00+00:00,26.205744,33.84801,18.667744
2040-01-01 00:00:00+00:00,26.346682,34.442066,18.60754
2040-01-02 00:00:00+00:00,26.841085,34.88919,19.2995
2040-01-03 00:00:00+00:00,27.388952,35.389393,19.893625
2040-01-04 00:00:00+00:00,27.886818,36.189583,20.037754
2040-01-05 00:00:00+00:00,28.084686,36.23978,20.231886
2040-01-06 00:00:00+00:00,27.632555,35.63998,19.576015
2040-01-07 00:00:00+00:00,27.430426,35.64018,19.270142
2040-01-08 00:00:00+00:00,28.82829,37.29038,20.964272
2040-01-09 00:00:00+00:00,29.226158,36.840572,21.8584
2040-01-10 00:00:00+00:00,29.124027,36.49077,23.252527
2040-01-11 00:00:00+00:00,30.971897,38.290966,23.69666
2040-01-12 00:00:00+00:00,31.269764,37.99116,25.240788
2040-01-13 00:00:00+00:00,28.217632,33.591362,23.534916
2040-01-14 00:00:00+00:00,26.3655,33.491558,19.979044
2040-01-15 00:00:00+00:00,26.01337,33.191757,19.773174
2040-01-16 00:00:00+00:00,26.761236,34.391953,19.8173
2040-01-17 00:00:00+00:00,27.709105,35.09215,20.711432
2040-01-18 00:00:00+00:00,27.556973,35.192345,20.155561
2040-01-19 00:00:00+00:00,28.354841,35.992542,20.849688
2040-01-20 00:00:00+00:00,28.302708,35.842743,21.04382
2040-01-21 00:00:00+00:00,28.350574,36.292942,20.687946
2040-01-22 00:00:00+00:00,25.898447,32.793137,19.082075
2040-01-23 00:00:00+00:00,24.44631,31.693333,17.976206
2040-01-24 00:00:00+00:00,23.994179,31.643532,16.720335
2040-01-25 00:00:00+00:00,26.14205,33.94373,18.014462
2040-01-26 00:00:00+00:00,23.539917,27.993925,18.858591
2040-01-27 00:00:00+00:00,22.137787,29.044123,15.45272
2040-01-28 00:00:00+00:00,24.185654,32.49432,16.09685
2040-01-29 00:00:00+00:00,27.08352,35.444515,18.890978
2040-01-30 00:00:00+00:00,29.38139,37.344715,21.785105
2040-01-31 00:00:00+00:00,30.379257,38.04491,22.979237
2040-02-01 00:00:00+00:00,30.777124,38.295113,23.573364
2040-02-02 00:00:00+00:00,30.074993,37.745308,22.417494
2040-02-03 00:00:00+00:00,29.022863,36.645504,21.061625
2040-02-04 00:00:00+00:00,27.67073,34.4957,20.605751
2040-02-05 00:00:00+00:00,26.168598,33.395897,18.74988
2040-02-06 00:00:00+00:00,27.316465,34.3461,20.99401
2040-02-07 00:00:00+00:00,26.314333,33.146294,19.288137
2040-02-08 00:00:00+00:00,29.012201,37.34649,20.832266
2040-02-09 00:00:00+00:00,31.36007,39.14669,23.526396
2040-02-10 00:00:00+00:00,32.35794,39.746887,24.870525
2040-02-11 00:00:00+00:00,32.455803,39.797085,25.514654
2040-02-12 00:00:00+00:00,31.453674,38.79728,24.958782
2040-02-13 00:00:00+00:00,30.851542,38.74748,22.75291
2040-02-14 00:00:00+00:00,31.549412,39.64767,23.19704
2040-02-15 00:00:00+00:00,31.14728,38.547874,22.991169
2040-02-16 00:00:00+00:00,31.545147,39.998074,23.5353
2040-02-17 00:00:00+00:00,32.543015,39.598267,26.32943
2040-02-18 00:00:00+00:00,27.890882,32.448467,23.273554
2040-02-19 00:00:00+00:00,28.33875,36.24866,20.617687
2040-02-20 00:00:00+00:00,30.186617,38.898857,22.611813
2040-02-21 00:00:00+00:00,31.08449,39.84906,22.555944
2040-02-22 00:00:00+00:00,30.832355,39.14925,22.40007
2040-02-23 00:00:00+00:00,29.780222,37.299454,22.094202
2040-02-24 00:00:00+00:00,29.37809,37.499645,20.98833
2040-02-25 00:00:00+00:00,29.32596,37.09985,21.582457
2040-02-26 00:00:00+00:00,29.773827,37.650043,21.926588
2040-02-27 00:00:00+00:00,30.371695,38.70024,22.020716
2040-02-28 00:00:00+00:00,30.969563,39.350445,22.414848
2040-02-29 00:00:00+00:00,30.81743,38.750633,23.108974
2040-03-01 00:00:00+00:00,31.715296,40.300835,22.803104
2040-03-02 00:00:00+00:00,33.41317,41.75103,25.247234
2040-03-03 00:00:00+00:00,33.515938,41.55587,25.395329
2040-03-04 00:00:00+00:00,32.22164,39.913486,24.495798
2040-03-05 00:00:00+00:00,32.47735,41.071106,23.696274
2040-03-06 00:00:00+00:00,33.133057,41.378727,24.896744
2040-03-07 00:00:00+00:00,32.888763,41.086346,24.69722
2040-03-08 00:00:00+00:00,32.74447,40.993958,24.597692
2040-03-09 00:00:00+00:00,32.600178,41.051582,24.498165
2040-03-10 00:00:00+00:00,32.705887,41.7592,23.79864
2040-03-11 00:00:00+00:00,33.711594,43.01682,24.099112
2040-03-12 00:00:00+00:00,32.917297,41.424442,24.299585
2040-03-13 00:00:00+00:00,28.573008,35.782063,21.150059
2040-03-14 00:00:00+00:00,28.228712,36.38968,19.80053
2040-03-15 00:00:00+00:00,29.53442,37.8973,21.101004
2040-03-16 00:00:00+00:00,29.290129,36.80492,21.551477
2040-03-17 00:00:00+00:00,27.595835,34.362534,19.751953
2040-03-18 00:00:00+00:00,27.651543,34.870155,19.652426
2040-03-19 00:00:00+00:00,27.15725,34.67778,19.052898
2040-03-20 00:00:00+00:00,28.112955,36.085396,19.60337
2040-03-21 00:00:00+00:00,29.118664,36.743015,20.953842
2040-03-22 00:00:00+00:00,29.774368,38.050636,21.104317
2040-03-23 00:00:00+00:00,31.180079,39.558254,22.15479
2040-03-24 00:00:00+00:00,31.885788,40.715874,22.555264
2040-03-25 00:00:00+00:00,32.841488,41.873493,23.305737
2040-03-26 00:00:00+00:00,33.3472,42.58111,23.706211
2040-03-27 00:00:00+00:00,33.952908,42.13873,25.806683
2040-03-28 00:00:00+00:00,34.908615,42.39635,26.457159
2040-03-29 00:00:00+00:00,35.61432,42.40397,26.80763
2040-03-30 00:00:00+00:00,35.370026,41.661587,30.008104
2040-03-31 00:00:00+00:00,35.125732,42.419205,27.708576
2040-04-01 00:00:00+00:00,35.03144,42.576828,27.159048
2040-04-02 00:00:00+00:00,35.537148,42.98445,27.509521
2040-04-03 00:00:00+00:00,35.892853,43.642067,27.559994
2040-04-04 00:00:00+00:00,35.948563,43.199684,28.610468
2040-04-05 00:00:00+00:00,35.854267,42.707302,28.810944
2040-04-06 00:00:00+00:00,35.109978,41.86493,27.761417
2040-04-07 00:00:00+00:00,33.565685,39.122543,27.21189
2040-04-08 00:00:00+00:00,33.021393,40.480164,26.112362
2040-04-09 00:00:00+00:00,34.927094,42.587784,26.812836
2040-04-10 00:00:00+00:00,37.732807,44.595406,30.563309
2040-04-11 00:00:00+00:00,37.738514,44.00302,31.06378
2040-04-12 00:00:00+00:00,35.39422,43.31064,27.364254
2040-04-13 00:00:00+00:00,34.999928,42.31826,26.664728
2040-04-14 00:00:00+00:00,35.155632,42.17588,27.5652
2040-04-15 00:00:00+00:00,36.76134,44.7835,27.865673
2040-04-16 00:00:00+00:00,35.76705,43.54112,26.816149
2040-04-17 00:00:00+00:00,37.27276,45.098736,28.666618
2040-04-18 00:00:00+00:00,35.42846,43.006355,28.167095
2040-04-19 00:00:00+00:00,35.63417,44.36397,26.667566
2040-04-20 00:00:00+00:00,37.589878,45.971596,28.968042
2040-04-21 00:00:00+00:00,36.795586,44.729214,27.668516
2040-04-22 00:00:00+00:00,35.50129,43.636833,27.068985
2040-04-23 00:00:00+00:00,33.456997,41.194458,25.369461
2040-04-24 00:00:00+00:00,30.862705,37.502075,24.519934
2040-04-25 00:00:00+00:00,34.26841,42.709698,25.720406
2040-04-26 00:00:00+00:00,35.97412,43.11731,27.97088
2040-04-27 00:00:00+00:00,36.929825,43.674927,28.721355
2040-04-28 00:00:00+00:00,35.985535,42.73255,27.771826
2040-04-29 00:00:00+00:00,35.34124,42.74017,26.8723
2040-04-30 00:00:00+00:00,34.84695,42.34779,26.122774
2040-05-01 00:00:00+00:00,33.402653,40.855404,24.623243
2040-05-02 00:00:00+00:00,32.358364,39.61303,23.873718
2040-05-03 00:00:00+00:00,33.81412,41.705708,25.297218
2040-05-04 00:00:00+00:00,34.669903,42.743423,25.678396
2040-05-05 00:00:00+00:00,35.125683,43.331127,26.159573
2040-05-06 00:00:00+00:00,35.18146,43.768833,26.04075
2040-05-07 00:00:00+00:00,33.28724,40.10654,24.921925
2040-05-08 00:00:00+00:00,33.04302,39.59425,25.453102
2040-05-09 00:00:00+00:00,32.398804,40.23196,23.984278
2040-05-10 00:00:00+00:00,33.754578,41.819664,25.015455
2040-05-11 00:00:00+00:00,34.91036,43.257374,26.14663
2040-05-12 00:00:00+00:00,35.36614,43.095078,26.477808
2040-05-13 00:00:00+00:00,35.27192,42.982784,26.108984
2040-05-14 00:00:00+00:00,33.277695,40.220493,25.84016
2040-05-15 00:00:00+00:00,32.333473,39.7082,24.521336
2040-05-16 00:00:00+00:00,31.639254,39.295902,23.452513
2040-05-17 00:00:00+00:00,29.295036,35.733612,22.433687
2040-05-18 00:00:00+00:00,29.700815,36.721325,21.814867
2040-05-19 00:00:00+00:00,33.60659,40.05903,26.446043
2040-05-20 00:00:00+00:00,35.062374,42.646732,27.027216
2040-05-21 00:00:00+00:00,33.51815,40.534443,25.658396
2040-05-22 00:00:00+00:00,30.873932,38.47215,23.939571
2040-05-23 00:00:00+00:00,31.629713,38.559856,24.270744
2040-05-24 00:00:00+00:00,30.93549,38.447563,23.301924
2040-05-25 00:00:00+00:00,29.841267,37.48527,22.2831
2040-05-26 00:00:00+00:00,30.647049,37.72298,23.264278
2040-05-27 00:00:00+00:00,31.30283,38.560684,23.795454
2040-05-28 00:00:00+00:00,31.958609,39.44839,23.87663
2040-05-29 00:00:00+00:00,32.51439,40.2861,24.357805
2040-05-30 00:00:00+00:00,33.420166,41.92381,24.188984
2040-05-31 00:00:00+00:00,34.92594,41.561512,27.870157
2040-06-01 00:00:00+00:00,33.78173,40.799217,27.001335
2040-06-02 00:00:00+00:00,33.137505,40.686924,25.232512
2040-06-03 00:00:00+00:00,33.04329,39.724636,26.013689
2040-06-04 00:00:00+00:00,32.24906,38.21234,25.694864
2040-06-05 00:00:00+00:00,30.704845,36.950047,25.826042
2040-06-06 00:00:00+00:00,31.26062,37.23775,24.807217
2040-06-07 00:00:00+00:00,31.616405,36.725468,26.138395
2040-06-08 00:00:00+00:00,31.972178,37.01317,26.96957
2040-06-09 00:00:00+00:00,34.677963,41.650875,27.200747
2040-06-10 00:00:00+00:00,33.28374,38.68858,26.381924
2040-06-11 00:00:00+00:00,34.689518,40.376293,27.8131
2040-06-12 00:00:00+00:00,32.5953,38.114,27.544275
2040-06-13 00:00:00+00:00,29.05108,36.251705,24.775452
2040-06-14 00:00:00+00:00,27.256855,33.28941,22.606627
2040-06-15 00:00:00+00:00,29.212637,36.527122,23.137804
2040-06-16 00:00:00+00:00,33.018417,39.364826,26.718983
2040-06-17 00:00:00+00:00,34.324192,40.15253,27.95016
2040-06-18 00:00:00+00:00,34.779976,40.690243,28.781332
2040-06-19 00:00:00+00:00,33.985756,40.427948,27.41251
2040-06-20 00:00:00+00:00,32.84153,40.115654,26.243687
2040-06-21 00:00:00+00:00,33.297314,39.403362,27.37486
2040-06-22 00:00:00+00:00,26.903093,33.29107,21.106041
2040-06-23 00:00:00+00:00,29.90887,38.078773,22.237217
2040-06-24 00:00:00+00:00,33.01465,39.866486,26.218391
2040-06-25 00:00:00+00:00,32.920433,38.80419,28.249569
2040-06-26 00:00:00+00:00,33.82621,40.0919,27.830744
2040-06-27 00:00:00+00:00,33.481987,39.829605,27.761923
2040-06-28 00:00:00+00:00,30.737772,34.617313,26.5931
2040-06-29 00:00:00+00:00,32.893547,39.055023,26.674273
2040-06-30 00:00:00+00:00,33.199326,38.992725,27.30545
2040-07-01 00:00:00+00:00,31.70511,37.030434,27.286629
2040-07-02 00:00:00+00:00,30.960888,36.71814,25.467804
2040-07-03 00:00:00+00:00,32.710396,37.758747,28.028118
2040-07-04 00:00:00+00:00,33.159004,39.349766,26.935452
2040-07-05 00:00:00+00:00,33.307625,37.640778,29.092783
2040-07-06 00:00:00+00:00,32.806236,38.78179,28.200117
2040-07-07 00:00:00+00:00,32.854847,39.82281,26.157448
2040-07-08 00:00:00+00:00,32.003464,38.213833,27.064783
2040-07-09 00:00:00+00:00,31.502077,37.054848,26.472116
2040-07-10 00:00:00+00:00,32.90069,38.595867,27.87945
2040-07-11 00:00:00+00:00,30.649303,35.53688,25.536783
2040-07-12 00:00:00+00:00,28.097916,34.2779,24.494114
2040-07-13 00:00:00+00:00,29.59653,35.518917,23.80145
2040-07-14 00:00:00+00:00,33.345142,39.409935,27.608782
2040-07-15 00:00:00+00:00,32.143757,39.15095,25.566114
2040-07-16 00:00:00+00:00,30.342371,36.79197,24.573448
2040-07-17 00:00:00+00:00,30.140985,36.132988,24.780783
2040-07-18 00:00:00+00:00,29.089598,34.274006,24.188114
2040-07-19 00:00:00+00:00,28.388212,33.36502,23.645447
2040-07-20 00:00:00+00:00,26.936827,32.45604,22.55278
2040-07-21 00:00:00+00:00,31.93544,37.597057,26.760113
2040-07-22 00:00:00+00:00,30.88405,36.888073,25.667448
2040-07-23 00:00:00+00:00,28.332664,31.929089,25.274782
2040-07-24 00:00:00+00:00,29.931278,35.67011,25.382113
2040-07-25 00:00:00+00:00,30.779892,36.26112,25.439445
2040-07-26 00:00:00+00:00,32.028507,37.202145,26.746778
2040-07-27 00:00:00+00:00,31.127117,36.093163,25.854113
2040-07-28 00:00:00+00:00,31.62573,36.934177,26.311443
2040-07-29 00:00:00+00:00,32.424347,38.07519,26.568779
2040-07-30 00:00:00+00:00,31.872957,36.61621,27.626112
2040-07-31 00:00:00+00:00,33.521572,38.357227,28.783445
2040-08-01 00:00:00+00:00,32.070187,37.79825,28.04078
2040-08-02 00:00:00+00:00,31.718803,37.68926,26.248112
2040-08-03 00:00:00+00:00,27.267414,32.08028,23.855444
2040-08-04 00:00:00+00:00,27.316029,31.771301,24.21278
2040-08-05 00:00:00+00:00,29.364641,34.562317,24.520111
2040-08-06 00:00:00+00:00,30.513256,36.90333,24.827444
2040-08-07 00:00:00+00:00,28.261868,34.59435,23.434778
2040-08-08 00:00:00+00:00,29.360481,35.185368,24.24211
2040-08-09 00:00:00+00:00,31.559093,37.276382,26.149445
2040-08-10 00:00:00+00:00,32.857704,38.9674,26.956776
2040-08-11 00:00:00+00:00,31.25632,36.90842,26.914108
2040-08-12 00:00:00+00:00,31.204937,37.74944,25.821442
2040-08-13 00:00:00+00:00,31.653551,36.890453,26.978777
2040-08-14 00:00:00+00:00,32.302162,36.681473,27.98611
2040-08-15 00:00:00+00:00,32.600777,37.322487,28.293442
2040-08-16 00:00:00+00:00,31.199392,36.063507,26.950775
2040-08-17 00:00:00+00:00,26.548002,31.154522,23.55811
2040-08-18 00:00:00+00:00,28.046616,33.34554,25.015442
2040-08-19 00:00:00+00:00,28.64523,35.136555,22.972775
2040-08-20 00:00:00+00:00,25.243843,29.277578,22.230108
2040-08-21 00:00:00+00:00,28.142458,34.418594,22.83744
2040-08-22 00:00:00+00:00,30.791069,36.45961,24.894775
2040-08-23 00:00:00+00:00,32.339684,38.30063,27.452106
2040-08-24 00:00:00+00:00,30.838293,35.941647,26.45944
2040-08-25 00:00:00+00:00,31.186913,36.982662,26.566774
2040-08-26 00:00:00+00:00,30.035524,35.82368,26.62411
2040-08-27 00:00:00+00:00,26.18414,30.314697,24.38144
2040-08-28 00:00:00+00:00,24.982752,27.455713,23.388773
2040-08-29 00:00:00+00:00,26.081366,30.44673,22.646107
2040-08-30 00:00:00+00:00,28.92998,34.48775,24.55344
2040-08-31 00:00:00+00:00,29.478592,35.928764,24.160774
2040-09-01 00:00:00+00:00,27.327206,30.619781,24.218105
2040-09-02 00:00:00+00:00,26.728298,29.939184,24.995203
2040-09-03 00:00:00+00:00,30.429394,36.70859,25.4723
2040-09-04 00:00:00+00:00,29.780485,32.477993,27.849396
2040-09-05 00:00:00+00:00,29.23158,32.8474,25.07649
2040-09-06 00:00:00+00:00,29.532675,32.316807,27.453583
2040-09-07 00:00:00+00:00,28.633766,32.536205,24.730682
2040-09-08 00:00:00+00:00,27.434862,30.505611,24.807777
2040-09-09 00:00:00+00:00,28.685955,32.22502,25.884872
2040-09-10 00:00:00+00:00,29.337051,33.094425,26.56197
2040-09-11 00:00:00+00:00,28.738142,32.16383,25.439066
2040-09-12 00:00:00+00:00,27.839237,30.833233,24.21616
2040-09-13 00:00:00+00:00,28.040329,32.25264,24.843258
2040-09-14 00:00:00+00:00,23.291422,26.022041,20.520353
2040-09-15 00:00:00+00:00,26.092516,30.241446,23.147448
2040-09-16 00:00:00+00:00,25.79361,30.710852,22.274546
2040-09-17 00:00:00+00:00,25.644703,28.730257,23.35164
2040-09-18 00:00:00+00:00,26.0958,29.599663,23.778736
2040-09-19 00:00:00+00:00,27.446896,32.269062,22.755833
2040-09-20 00:00:00+00:00,28.547987,32.83847,24.382929
2040-09-21 00:00:00+00:00,29.249083,33.657875,25.060026
2040-09-22 00:00:00+00:00,29.450176,33.62728,25.637123
2040-09-23 00:00:00+00:00,28.70127,32.646683,25.214214
2040-09-24 00:00:00+00:00,25.502361,29.466091,19.541313
2040-09-25 00:00:00+00:00,25.053453,28.185492,22.36841
2040-09-26 00:00:00+00:00,23.704552,27.004894,21.445505
2040-09-27 00:00:00+00:00,25.505642,29.774303,21.722599
2040-09-28 00:00:00+00:00,26.406736,29.843708,23.249697
2040-09-29 00:00:00+00:00,26.357832,30.21311,24.076794
2040-09-30 00:00:00+00:00,27.108925,31.432514,23.30389
2040-10-01 00:00:00+00:00,25.810017,27.801924,23.980984
2040-10-02 00:00:00+00:00,24.861113,27.471321,21.658083
2040-10-03 00:00:00+00:00,26.062202,29.190731,23.635176
2040-10-04 00:00:00+00:00,26.813301,31.110132,22.812273
2040-10-05 00:00:00+00:00,25.764393,29.429539,21.889368
2040-10-06 00:00:00+00:00,25.615484,31.198948,20.616463
2040-10-07 00:00:00+00:00,27.56658,32.46835,22.693562
2040-10-08 00:00:00+00:00,28.017673,32.33775,24.270657
2040-10-09 00:00:00+00:00,27.71877,31.65716,24.697752
2040-10-10 00:00:00+00:00,27.719862,32.226566,23.97485
2040-10-11 00:00:00+00:00,28.620956,34.095963,24.101946
2040-10-12 00:00:00+00:00,27.52205,32.815372,22.729042
2040-10-13 00:00:00+00:00,26.373144,31.034777,22.506134
2040-10-14 00:00:00+00:00,27.824236,34.004177,22.48323
2040-10-15 00:00:00+00:00,29.775331,36.473583,23.910328
2040-10-16 00:00:00+00:00,29.076424,35.49299,23.137423
2040-10-17 00:00:00+00:00,27.37752,31.662395,23.714521
2040-10-18 00:00:00+00:00,29.02861,34.8318,24.341618
2040-10-19 00:00:00+00:00,29.329704,36.7512,24.368711
2040-10-20 00:00:00+00:00,27.780798,33.320606,22.59581
2040-10-21 00:00:00+00:00,28.481895,33.490013,23.972906
2040-10-22 00:00:00+00:00,28.482986,34.409416,22.949999
2040-10-23 00:00:00+00:00,27.83408,32.82882,23.827095
2040-10-24 00:00:00+00:00,28.335173,34.698227,23.004192
2040-10-25 00:00:00+00:00,28.736269,34.21763,23.581287
2040-10-26 00:00:00+00:00,28.637362,34.137035,23.808382
2040-10-27 00:00:00+00:00,29.138456,34.00644,24.58548
2040-10-28 00:00:00+00:00,27.98955,31.725845,24.112576
2040-10-29 00:00:00+00:00,29.040644,34.19525,25.039673
2040-10-30 00:00:00+00:00,28.941734,35.714657,23.816769
2040-10-31 00:00:00+00:00,28.54283,34.48406,23.393864
2040-11-01 00:00:00+00:00,31.492655,37.60029,24.672546
2040-11-02 00:00:00+00:00,31.583591,37.54435,25.86234
2040-11-03 00:00:00+00:00,30.524532,35.938404,26.15213
2040-11-04 00:00:00+00:00,28.615469,34.982452,23.891922
2040-11-05 00:00:00+00:00,26.306404,31.126516,21.031715
2040-11-06 00:00:00+00:00,25.097345,31.270565,21.17151
2040-11-07 00:00:00+00:00,25.488281,32.164623,19.5113
2040-11-08 00:00:00+00:00,25.52922,32.00867,19.551094
2040-11-09 00:00:00+00:00,26.620161,32.802727,21.690886
2040-11-10 00:00:00+00:00,28.211098,35.096783,21.830679
2040-11-11 00:00:00+00:00,29.152037,36.09084,22.870472
2040-11-12 00:00:00+00:00,29.242971,36.38489,22.360264
2040-11-13 00:00:00+00:00,29.583912,36.828945,22.000055
2040-11-14 00:00:00+00:00,30.074848,37.723,22.139847
2040-11-15 00:00:00+00:00,30.615791,37.76705,23.07964
2040-11-16 00:00:00+00:00,31.156729,38.36111,23.719433
2040-11-17 00:00:00+00:00,31.297667,38.355164,24.309225
2040-11-18 00:00:00+00:00,31.288605,38.29922,24.499016
2040-11-19 00:00:00+00:00,31.379543,38.493267,24.438808
2040-11-20 00:00:00+00:00,31.37048,38.18732,24.928602
2040-11-21 00:00:00+00:00,29.96142,36.48138,24.318394
2040-11-22 00:00:00+00:00,28.952356,35.775436,22.65819
2040-11-23 00:00:00+00:00,28.593294,35.369488,21.99798
2040-11-24 00:00:00+00:00,27.734232,33.413544,22.13777
2040-11-25 00:00:00+00:00,26.725168,32.5076,21.527565
2040-11-26 00:00:00+00:00,26.11611,32.75165,20.667356
2040-11-27 00:00:00+00:00,25.90705,32.795704,19.35715
2040-11-28 00:00:00+00:00,25.547985,30.13976,21.196941
2040-11-29 00:00:00+00:00,26.438925,32.883816,20.836735
2040-11-30 00:00:00+00:00,26.129864,33.52787,18.726524
2040-12-01 00:00:00+00:00,27.1708,34.92192,19.766317
2040-12-02 00:00:00+00:00,27.211739,33.81597,20.95611
2040-12-03 00:00:00+00:00,27.852676,34.710033,21.595903
2040-12-04 00:00:00+00:00,27.893614,34.354084,21.785696
2040-12-05 00:00:00+00:00,26.584553,32.648136,20.92549
2040-12-06 00:00:00+00:00,25.82549,32.792194,19.41528
2040-12-07 00:00:00+00:00,27.16643,35.236248,19.95507
2040-12-08 00:00:00+00:00,28.757366,36.8303,21.744867
2040-12-09 00:00:00+00:00,29.398306,36.474354,23.234655
2040-12-10 00:00:00+00:00,29.639244,37.61841,22.87445
2040-12-11 00:00:00+00:00,29.880182,37.562466,23.11424
2040-12-12 00:00:00+00:00,28.37112,35.30652,22.204037
2040-12-13 00:00:00+00:00,27.51206,34.55057,20.893826
2040-12-14 00:00:00+00:00,27.652998,34.94463,20.833618
2040-12-15 00:00:00+00:00,29.143936,35.938683,23.423412
2040-12-16 00:00:00+00:00,28.034872,34.132736,22.463203
2040-12-17 00:00:00+00:00,26.87581,34.426792,19.952995
2040-12-18 00:00:00+00:00,26.81675,34.420845,19.842787
2040-12-19 00:00:00+00:00,27.007687,34.364902,20.232582
2040-12-20 00:00:00+00:00,26.898624,33.658955,20.922373
2040-12-21 00:00:00+00:00,25.589563,32.703007,19.512167
2040-12-22 00:00:00+00:00,25.430502,32.397064,19.401957
2040-12-23 00:00:00+00:00,24.871439,32.541115,18.191753
2040-12-24 00:00:00+00:00,25.712378,33.935173,18.581543
2040-12-25 00:00:00+00:00,26.303316,34.629227,19.121334
2040-12-26 00:00:00+00:00,26.744257,35.12328,19.911129
2040-12-27 00:00:00+00:00,25.635195,33.217335,19.10092
2040-12-28 00:00:00+00:00,25.226131,33.31139,17.740713
2040-12-29 00:00:00+00:00,24.86707,33.805443,17.130505
2040-12-30 00:00:00+00:00,26.10801,35.149498,18.070295
2040-12-31 00:00:00+00:00,27.548946,35.84355,20.560087
2041-01-01 00:00:00+00:00,26.841616,33.389137,20.950966
2041-01-02 00:00:00+00:00,26.389486,34.389336,19.395092
2041-01-03 00:00:00+00:00,26.63735,34.33954,19.739223
2041-01-04 00:00:00+00:00,25.63522,32.939735,18.98335
2041-01-05 00:00:00+00:00,26.133087,33.98993,19.17748
2041-01-06 00:00:00+00:00,26.180958,33.940125,19.071611
2041-01-07 00:00:00+00:00,26.028824,33.590324,19.26574
2041-01-08 00:00:00+00:00,26.026691,34.040524,18.359869
2041-01-09 00:00:00+00:00,26.024559,34.14072,18.603994
2041-01-10 00:00:00+00:00,26.17243,34.190914,18.248127
2041-01-11 00:00:00+00:00,27.4203,35.79112,19.392254
2041-01-12 00:00:00+00:00,27.468164,35.091312,20.236385
2041-01-13 00:00:00+00:00,26.316034,33.741505,19.030514
2041-01-14 00:00:00+00:00,24.163902,30.841705,17.67464
2041-01-15 00:00:00+00:00,22.56177,29.541903,15.918769
2041-01-16 00:00:00+00:00,23.159637,30.7921,15.9129
2041-01-17 00:00:00+00:00,24.207506,31.992298,16.857027
2041-01-18 00:00:00+00:00,25.505373,33.742493,17.701155
2041-01-19 00:00:00+00:00,26.803242,35.142696,18.945288
2041-01-20 00:00:00+00:00,27.951109,36.29289,20.239414
2041-01-21 00:00:00+00:00,28.248974,36.443085,20.383545
2041-01-22 00:00:00+00:00,28.596846,36.493282,21.077671
2041-01-23 00:00:00+00:00,29.194714,36.993484,21.9218
2041-01-24 00:00:00+00:00,29.09258,36.793682,21.81593
2041-01-25 00:00:00+00:00,28.590448,36.543877,21.060059
2041-01-26 00:00:00+00:00,28.738317,37.044075,20.654188
2041-01-27 00:00:00+00:00,28.536184,36.79427,20.498318
2041-01-28 00:00:00+00:00,26.934055,33.094467,20.242445
2041-01-29 00:00:00+00:00,25.73192,33.094666,18.586575
2041-01-30 00:00:00+00:00,27.52979,36.194862,19.530703
2041-01-31 00:00:00+00:00,30.02766,38.645065,22.424833
2041-02-01 00:00:00+00:00,29.925528,36.845257,23.918962
2041-02-02 00:00:00+00:00,28.123396,35.445454,21.513092
2041-02-03 00:00:00+00:00,25.471264,31.095654,20.707218
2041-02-04 00:00:00+00:00,25.669132,33.89585,18.001347
2041-02-05 00:00:00+00:00,26.366999,33.646046,19.64548
2041-02-06 00:00:00+00:00,26.864868,34.096245,20.139606
2041-02-07 00:00:00+00:00,28.262735,36.296444,22.433735
2041-02-08 00:00:00+00:00,26.860603,34.596638,21.027864
2041-02-09 00:00:00+00:00,27.758472,36.046837,19.821991
2041-02-10 00:00:00+00:00,28.456339,37.147034,19.916122
2041-02-11 00:00:00+00:00,27.40421,34.94723,19.760252
2041-02-12 00:00:00+00:00,26.352076,33.847427,18.35438
2041-02-13 00:00:00+00:00,29.049942,37.14762,20.94851
2041-02-14 00:00:00+00:00,31.74781,39.947823,24.392637
2041-02-15 00:00:00+00:00,32.44568,40.69802,24.58677
2041-02-16 00:00:00+00:00,31.743546,39.898216,23.430897
2041-02-17 00:00:00+00:00,31.791416,40.09842,23.825026
2041-02-18 00:00:00+00:00,31.589285,39.598614,24.169153
2041-02-19 00:00:00+00:00,31.33715,39.298813,23.91328
2041-02-20 00:00:00+00:00,30.735018,38.549007,23.25741
2041-02-21 00:00:00+00:00,30.482885,38.249203,23.151537
2041-02-22 00:00:00+00:00,28.330757,35.849403,21.24567
2041-02-23 00:00:00+00:00,28.478624,37.3996,19.289799
2041-02-24 00:00:00+00:00,29.376492,38.499798,20.233927
2041-02-25 00:00:00+00:00,30.074362,38.749992,21.628056
2041-02-26 00:00:00+00:00,30.922228,39.800194,21.872183
2041-02-27 00:00:00+00:00,31.820095,40.80039,22.96631
2041-02-28 00:00:00+00:00,32.767967,41.900585,23.660444
2041-03-01 00:00:00+00:00,32.51583,40.750782,24.254572
2041-03-02 00:00:00+00:00,29.463701,36.65098,22.298702
2041-03-03 00:00:00+00:00,30.614508,37.653965,23.095207
2041-03-04 00:00:00+00:00,31.720213,39.661575,24.295681
2041-03-05 00:00:00+00:00,31.625921,39.4192,24.246155
2041-03-06 00:00:00+00:00,31.83163,40.126823,23.796629
2041-03-07 00:00:00+00:00,31.737335,39.78444,23.9971
2041-03-08 00:00:00+00:00,31.693043,40.042057,23.997576
2041-03-09 00:00:00+00:00,32.19875,40.74968,24.098045
2041-03-10 00:00:00+00:00,32.254456,41.15729,23.148521
2041-03-11 00:00:00+00:00,32.110165,41.064915,22.298994
2041-03-12 00:00:00+00:00,33.065872,41.872536,24.199467
2041-03-13 00:00:00+00:00,33.52158,41.930157,25.349941
2041-03-14 00:00:00+00:00,33.777283,41.987774,25.400414
2041-03-15 00:00:00+00:00,33.982994,42.34539,25.550888
2041-03-16 00:00:00+00:00,33.138702,40.803013,25.30136
2041-03-17 00:00:00+00:00,32.59441,41.06063,24.251833
2041-03-18 00:00:00+00:00,33.100117,41.518253,24.652306
2041-03-19 00:00:00+00:00,33.50582,41.87587,25.052778
2041-03-20 00:00:00+00:00,33.46153,41.73349,25.153254
2041-03-21 00:00:00+00:00,33.967236,42.341106,25.653725
2041-03-22 00:00:00+00:00,34.872948,43.548733,26.3042
2041-03-23 00:00:00+00:00,33.72865,41.006348,26.354671
2041-03-24 00:00:00+00:00,31.684357,39.513973,23.755146
2041-03-25 00:00:00+00:00,30.640064,38.22159,23.00562
2041-03-26 00:00:00+00:00,30.895775,38.429207,22.95609
2041-03-27 00:00:00+00:00,32.201477,39.886826,23.656565
2041-03-28 00:00:00+00:00,31.107183,37.694443,24.357038
2041-03-29 00:00:00+00:00,27.912893,35.202065,20.307512
2041-03-30 00:00:00+00:00,29.8186,37.359684,22.057983
2041-03-31 00:00:00+00:00,32.624306,40.617306,24.358456
2041-04-01 00:00:00+00:00,35.580017,44.224922,26.80893
2041-04-02 00:00:00+00:00,35.98572,42.88254,29.509403
2041-04-03 00:00:00+00:00,35.94143,43.14016,28.509876
2041-04-04 00:00:00+00:00,35.44714,42.74778,27.510351
2041-04-05 00:00:00+00:00,35.002846,42.1554,27.610825
2041-04-06 00:00:00+00:00,34.958553,42.51302,27.111298
2041-04-07 00:00:00+00:00,35.114258,42.520638,26.911772
2041-04-08 00:00:00+00:00,34.619965,41.87826,26.962244
2041-04-09 00:00:00+00:00,32.72567,39.83588,25.362717
2041-04-10 00:00:00+00:00,33.231377,41.393497,24.813189
2041-04-11 00:00:00+00:00,34.187084,42.501114,24.713663
2041-04-12 00:00:00+00:00,34.89279,43.258736,26.064138
2041-04-13 00:00:00+00:00,36.1485,44.366356,27.06461
2041-04-14 00:00:00+00:00,36.404205,43.773975,28.815083
2041-04-15 00:00:00+00:00,36.109917,43.681595,28.065556
2041-04-16 00:00:00+00:00,36.81562,44.58921,29.166027
2041-04-17 00:00:00+00:00,36.47133,44.24683,28.716503
2041-04-18 00:00:00+00:00,35.977036,44.204456,26.716974
2041-04-19 00:00:00+00:00,35.632744,43.562073,27.16745
2041-04-20 00:00:00+00:00,34.438446,43.06969,25.117922
2041-04-21 00:00:00+00:00,34.644157,42.72731,26.118395
2041-04-22 00:00:00+00:00,34.849865,43.58493,25.918869
2041-04-23 00:00:00+00:00,34.20557,41.892548,25.219341
2041-04-24 00:00:00+00:00,33.511276,38.000168,28.169815
2041-04-25 00:00:00+00:00,35.36699,43.457794,27.870287
2041-04-26 00:00:00+00:00,33.072697,41.91541,24.420763
2041-04-27 00:00:00+00:00,32.628403,39.973026,24.621231
2041-04-28 00:00:00+00:00,34.084106,42.280647,25.42171
2041-04-29 00:00:00+00:00,34.039814,42.38826,25.322182
2041-04-30 00:00:00+00:00,34.64552,43.19588,25.222652
2041-05-01 00:00:00+00:00,36.60123,44.803505,27.27313
2041-05-02 00:00:00+00:00,36.506935,43.861122,28.973602
2041-05-03 00:00:00+00:00,35.21268,42.30879,27.189426
2041-05-04 00:00:00+00:00,35.31846,42.396496,27.370604
2041-05-05 00:00:00+00:00,37.524235,45.284203,29.251776
2041-05-06 00:00:00+00:00,36.830017,43.871902,29.082958
2041-05-07 00:00:00+00:00,34.285797,41.459614,26.06413
2041-05-08 00:00:00+00:00,35.891575,43.497322,27.795305
2041-05-09 00:00:00+00:00,38.147354,45.735035,30.276484
2041-05-10 00:00:00+00:00,38.60313,45.122738,32.65766
2041-05-11 00:00:00+00:00,37.35891,45.11044,28.638834
2041-05-12 00:00:00+00:00,37.164696,43.49815,30.320015
2041-05-13 00:00:00+00:00,36.67048,43.38586,29.201189
2041-05-14 00:00:00+00:00,35.026253,41.473564,27.382368
2041-05-15 00:00:00+00:00,35.082027,42.111275,27.363543
2041-05-16 00:00:00+00:00,35.837814,42.848984,28.244717
2041-05-17 00:00:00+00:00,35.893585,42.986683,28.275894
2041-05-18 00:00:00+00:00,35.84937,42.824394,28.15707
2041-05-19 00:00:00+00:00,35.555145,42.362103,28.138247
2041-05-20 00:00:00+00:00,34.46093,41.74981,27.519424
2041-05-21 00:00:00+00:00,33.816708,41.98751,25.5006
2041-05-22 00:00:00+00:00,32.72249,39.72522,25.631779
2041-05-23 00:00:00+00:00,33.378265,39.76293,25.812956
2041-05-24 00:00:00+00:00,33.63405,39.950638,26.544128
2041-05-25 00:00:00+00:00,35.389824,41.93834,28.525307
2041-05-26 00:00:00+00:00,34.645607,42.17605,26.506483
2041-05-27 00:00:00+00:00,34.201385,41.563755,26.937658
2041-05-28 00:00:00+00:00,33.507164,41.50147,25.268835
2041-05-29 00:00:00+00:00,31.362944,35.83917,26.250013
2041-05-30 00:00:00+00:00,33.518723,40.17688,26.68119
2041-05-31 00:00:00+00:00,33.974503,39.564583,27.562365
2041-06-01 00:00:00+00:00,33.830284,39.852295,27.09354
2041-06-02 00:00:00+00:00,33.236057,39.539997,26.474718
2041-06-03 00:00:00+00:00,32.39184,39.277706,25.305895
2041-06-04 00:00:00+00:00,34.14762,40.51541,27.23707
2041-06-05 00:00:00+00:00,32.8534,37.703125,26.818247
2041-06-06 00:00:00+00:00,33.60918,40.440826,27.199423
2041-06-07 00:00:00+00:00,35.61496,44.778534,26.130598
2041-06-08 00:00:00+00:00,36.07074,42.61624,28.611776
2041-06-09 00:00:00+00:00,33.776516,40.303955,27.442951
2041-06-10 00:00:00+00:00,33.632298,40.341656,27.12413
2041-06-11 00:00:00+00:00,33.288074,39.629364,26.405304
2041-06-12 00:00:00+00:00,34.043854,40.16707,27.436483
2041-06-13 00:00:00+00:00,32.899635,38.45478,28.267656
2041-06-14 00:00:00+00:00,31.105415,37.442482,24.498835
2041-06-15 00:00:00+00:00,32.511192,38.230194,27.280012
2041-06-16 00:00:00+00:00,33.76697,39.7679,27.961187
2041-06-17 00:00:00+00:00,33.972748,40.155605,27.842363
2041-06-18 00:00:00+00:00,34.128532,39.09331,28.623539
2041-06-19 00:00:00+00:00,34.584312,40.48102,28.454718
2041-06-20 00:00:00+00:00,31.24009,35.068726,28.035894
2041-06-21 00:00:00+00:00,31.595865,37.30644,25.86707
2041-06-22 00:00:00+00:00,30.65165,36.144142,26.148247
2041-06-23 00:00:00+00:00,31.257427,36.83185,26.079422
2041-06-24 00:00:00+00:00,33.913208,39.419556,28.210598
2041-06-25 00:00:00+00:00,34.06899,41.407265,27.091774
2041-06-26 00:00:00+00:00,32.824764,38.99497,26.622952
2041-06-27 00:00:00+00:00,33.180546,39.08268,26.804125
2041-06-28 00:00:00+00:00,31.086325,34.470387,26.935305
2041-06-29 00:00:00+00:00,33.542107,40.108097,27.316483
2041-06-30 00:00:00+00:00,32.39788,38.2958,26.147655
2041-07-01 00:00:00+00:00,30.703663,36.083508,24.028833
2041-07-02 00:00:00+00:00,33.05944,38.52122,27.91001
2041-07-03 00:00:00+00:00,32.710747,37.260994,28.126282
2041-07-04 00:00:00+00:00,30.459356,36.752007,26.383617
2041-07-05 00:00:00+00:00,30.45797,36.293026,24.940952
2041-07-06 00:00:00+00:00,31.856583,36.43404,28.148281
2041-07-07 00:00:00+00:00,33.755196,39.825058,27.955618
2041-07-08 00:00:00+00:00,32.90381,38.76608,27.062948
2041-07-09 00:00:00+00:00,32.702423,38.307095,26.520283
2041-07-10 00:00:00+00:00,33.101036,38.198112,27.327616
2041-07-11 00:00:00+00:00,31.449652,38.139126,26.33495
2041-07-12 00:00:00+00:00,27.798265,30.180143,25.692282
2041-07-13 00:00:00+00:00,29.596876,35.271164,24.399614
2041-07-14 00:00:00+00:00,26.745493,33.06218,22.456947
2041-07-15 00:00:00+00:00,27.144106,31.953197,23.264282
2041-07-16 00:00:00+00:00,28.792717,33.744213,25.021616
2041-07-17 00:00:00+00:00,29.791332,35.685234,24.978949
2041-07-18 00:00:00+00:00,31.739946,37.72625,25.486279
2041-07-19 00:00:00+00:00,26.688557,32.36727,24.593616
2041-07-20 00:00:00+00:00,27.08717,33.00828,24.150948
2041-07-21 00:00:00+00:00,29.285786,35.899303,24.05828
2041-07-22 00:00:00+00:00,31.034397,37.59032,24.965612
2041-07-23 00:00:00+00:00,30.883013,37.281334,24.822948
2041-07-24 00:00:00+00:00,29.731625,34.97235,25.080282
2041-07-25 00:00:00+00:00,29.680237,33.71337,25.737614
2041-07-26 00:00:00+00:00,24.278854,27.454384,21.494946
2041-07-27 00:00:00+00:00,26.677465,32.09541,22.902279
2041-07-28 00:00:00+00:00,30.226078,37.786427,24.40961
2041-07-29 00:00:00+00:00,30.174694,37.277443,24.216944
2041-07-30 00:00:00+00:00,30.423304,36.218456,25.02428
2041-07-31 00:00:00+00:00,31.97192,37.259476,26.731613
2041-08-01 00:00:00+00:00,32.570534,38.40049,26.638947
2041-08-02 00:00:00+00:00,31.819147,37.691505,26.09628
2041-08-03 00:00:00+00:00,31.217762,36.532524,26.103613
2041-08-04 00:00:00+00:00,31.966377,36.973545,26.960945
2041-08-05 00:00:00+00:00,30.414986,34.26456,27.318277
2041-08-06 00:00:00+00:00,30.463604,36.105576,25.72561
2041-08-07 00:00:00+00:00,28.962215,32.0466,26.782944
2041-08-08 00:00:00+00:00,29.610828,33.88761,25.790276
2041-08-09 00:00:00+00:00,31.80944,37.32863,26.097609
2041-08-10 00:00:00+00:00,32.708057,37.169647,28.804943
2041-08-11 00:00:00+00:00,33.006668,38.410667,28.362276
2041-08-12 00:00:00+00:00,32.705284,37.801678,27.51961
2041-08-13 00:00:00+00:00,27.653896,32.992702,21.826944
2041-08-14 00:00:00+00:00,25.902508,28.683716,23.434275
2041-08-15 00:00:00+00:00,27.701126,34.574734,23.791609
2041-08-16 00:00:00+00:00,23.349735,25.465748,20.898943
2041-08-17 00:00:00+00:00,25.64835,29.206768,23.406275
2041-08-18 00:00:00+00:00,27.49696,32.94779,24.113607
2041-08-19 00:00:00+00:00,28.045576,34.038803,22.970942
2041-08-20 00:00:00+00:00,28.49419,33.77982,25.328274
2041-08-21 00:00:00+00:00,29.392801,34.770836,24.435612
2041-08-22 00:00:00+00:00,25.441418,29.761854,22.49294
2041-08-23 00:00:00+00:00,25.64003,30.302874,22.550274
2041-08-24 00:00:00+00:00,28.238644,33.79389,23.257608
2041-08-25 00:00:00+00:00,28.487259,33.884907,25.06494
2041-08-26 00:00:00+00:00,28.03587,33.725925,25.072273
2041-08-27 00:00:00+00:00,24.184488,26.666939,22.879608
2041-08-28 00:00:00+00:00,26.883097,32.60796,22.986942
2041-08-29 00:00:00+00:00,29.28171,35.098976,24.544271
2041-08-30 00:00:00+00:00,29.830324,35.289993,26.151604
2041-08-31 00:00:00+00:00,28.178938,33.53101,24.658941
2041-09-01 00:00:00+00:00,29.777552,35.122032,25.066273
2041-09-02 00:00:00+00:00,27.628025,31.234337,24.150928
2041-09-03 00:00:00+00:00,23.57912,27.253744,20.778023
2041-09-04 00:00:00+00:00,26.230215,30.723143,22.405119
2041-09-05 00:00:00+00:00,26.231306,29.142551,23.632217
2041-09-06 00:00:00+00:00,23.2824,26.361958,20.709312
2041-09-07 00:00:00+00:00,22.983494,24.231358,22.13641
2041-09-08 00:00:00+00:00,24.434587,27.850763,22.6135
2041-09-09 00:00:00+00:00,25.735683,29.770164,22.340601
2041-09-10 00:00:00+00:00,27.586775,31.689571,23.917696
2041-09-11 00:00:00+00:00,26.68787,30.308975,22.69479
2041-09-12 00:00:00+00:00,26.988964,31.078384,23.821886
2041-09-13 00:00:00+00:00,25.690058,29.447786,22.648985
2041-09-14 00:00:00+00:00,27.14115,31.367191,23.676079
2041-09-15 00:00:00+00:00,24.092245,26.986597,20.203175
2041-09-16 00:00:00+00:00,26.243338,31.455997,20.880272
2041-09-17 00:00:00+00:00,27.99443,32.575405,24.00737
2041-09-18 00:00:00+00:00,28.545525,32.79481,24.134462
2041-09-19 00:00:00+00:00,29.04662,32.414215,26.311558
2041-09-20 00:00:00+00:00,29.447712,33.28362,26.088657
2041-09-21 00:00:00+00:00,29.098806,33.50302,25.365751
2041-09-22 00:00:00+00:00,26.449902,28.922428,24.092848
2041-09-23 00:00:00+00:00,22.000996,25.391836,19.569944
2041-09-24 00:00:00+00:00,25.152086,29.511238,21.947037
2041-09-25 00:00:00+00:00,26.453182,31.480644,21.824135
2041-09-26 00:00:00+00:00,27.354275,31.800049,23.551231
2041-09-27 00:00:00+00:00,27.80537,32.11945,24.028328
2041-09-28 00:00:00+00:00,27.856462,33.238853,22.955423
2041-09-29 00:00:00+00:00,28.207556,33.258263,23.582516
2041-09-30 00:00:00+00:00,29.05865,32.977665,25.859617
2041-10-01 00:00:00+00:00,29.309742,33.947067,25.33671
2041-10-02 00:00:00+00:00,29.310837,33.816475,25.263805
2041-10-03 00:00:00+00:00,28.911932,33.08588,24.790905
2041-10-04 00:00:00+00:00,26.313025,29.555285,23.217997
2041-10-05 00:00:00+00:00,28.21412,33.97469,22.745096
2041-10-06 00:00:00+00:00,28.215214,32.84409,24.47219
2041-10-07 00:00:00+00:00,27.716307,32.363495,23.799286
2041-10-08 00:00:00+00:00,28.367401,32.732906,24.826385
2041-10-09 00:00:00+00:00,28.668493,32.95231,24.303478
2041-10-10 00:00:00+00:00,28.46959,32.97171,24.280575
2041-10-11 00:00:00+00:00,28.22068,31.491117,25.007671
2041-10-12 00:00:00+00:00,28.621775,33.010525,24.634766
2041-10-13 00:00:00+00:00,29.222868,34.32992,24.261862
2041-10-14 00:00:00+00:00,28.923962,33.74933,24.288958
2041-10-15 00:00:00+00:00,28.625057,33.418736,24.416054
2041-10-16 00:00:00+00:00,28.676151,33.438137,24.44315
2041-10-17 00:00:00+00:00,28.827244,33.107544,24.820248
2041-10-18 00:00:00+00:00,27.728338,30.826948,24.797342
2041-10-19 00:00:00+00:00,26.629433,30.796352,23.374435
2041-10-20 00:00:00+00:00,27.630526,32.96576,22.401535
2041-10-21 00:00:00+00:00,28.23162,33.38516,23.32863
2041-10-22 00:00:00+00:00,27.332712,33.554565,21.555725
2041-10-23 00:00:00+00:00,27.733807,33.223972,22.182825
2041-10-24 00:00:00+00:00,27.7849,32.243378,23.959917
2041-10-25 00:00:00+00:00,28.785994,34.31278,23.687014
2041-10-26 00:00:00+00:00,28.337086,31.832188,25.06411
2041-10-27 00:00:00+00:00,27.888182,32.201588,23.591206
2041-10-28 00:00:00+00:00,28.139275,32.670994,23.518301
2041-10-29 00:00:00+00:00,27.64037,32.190395,23.195396
2041-10-30 00:00:00+00:00,28.991463,34.159805,24.222494
2041-10-31 00:00:00+00:00,29.342556,33.879208,24.54959
2041-11-01 00:00:00+00:00,31.693653,38.048607,25.826685
2041-11-02 00:00:00+00:00,32.585857,38.745834,27.26489
2041-11-03 00:00:00+00:00,31.776794,36.989887,26.304684
2041-11-04 00:00:00+00:00,32.367733,38.583942,26.744474
2041-11-05 00:00:00+00:00,33.70867,40.628,27.984268
2041-11-06 00:00:00+00:00,32.29961,40.122055,24.32406
2041-11-07 00:00:00+00:00,31.440552,39.416107,23.863852
2041-11-08 00:00:00+00:00,31.381489,39.060158,23.703644
2041-11-09 00:00:00+00:00,31.772425,40.304214,23.243439
2041-11-10 00:00:00+00:00,31.313362,39.64827,23.03323
2041-11-11 00:00:00+00:00,31.5543,39.142326,24.32302
2041-11-12 00:00:00+00:00,31.345243,39.286377,23.862816
2041-11-13 00:00:00+00:00,31.686176,38.98043,24.50261
2041-11-14 00:00:00+00:00,31.827118,38.57449,25.4424
2041-11-15 00:00:00+00:00,31.018051,38.01854,23.632193
2041-11-16 00:00:00+00:00,31.108994,38.6126,23.821985
2041-11-17 00:00:00+00:00,31.999931,39.85665,24.561775
2041-11-18 00:00:00+00:00,32.29087,40.1007,25.151567
2041-11-19 00:00:00+00:00,30.531809,37.19476,24.94136
2041-11-20 00:00:00+00:00,29.672745,37.138817,24.031155
2041-11-21 00:00:00+00:00,29.513683,37.582867,21.770947
2041-11-22 00:00:00+00:00,29.104626,36.726917,22.110737
2041-11-23 00:00:00+00:00,29.195559,37.570976,21.350529
2041-11-24 00:00:00+00:00,28.3865,34.115032,21.990324
2041-11-25 00:00:00+00:00,28.827438,36.60908,22.080116
2041-11-26 00:00:00+00:00,28.618376,36.25314,22.319906
2041-11-27 00:00:00+00:00,29.10931,36.897194,21.759699
2041-11-28 00:00:00+00:00,29.60025,37.391247,22.199493
2041-11-29 00:00:00+00:00,29.741192,37.6353,22.389286
2041-11-30 00:00:00+00:00,28.632128,35.42935,21.779076
2041-12-01 00:00:00+00:00,29.973064,37.923405,22.218868
2041-12-02 00:00:00+00:00,28.964005,35.867466,22.658663
2041-12-03 00:00:00+00:00,28.40494,35.56152,21.998453
2041-12-04 00:00:00+00:00,27.69588,35.055573,20.538248
2041-12-05 00:00:00+00:00,28.236816,36.449627,21.07804
2041-12-06 00:00:00+00:00,28.277756,35.89368,21.517832
2041-12-07 00:00:00+00:00,27.668695,34.937737,21.007624
2041-12-08 00:00:00+00:00,27.259632,34.38179,20.74742
2041-12-09 00:00:00+00:00,27.150572,33.975845,20.687206
2041-12-10 00:00:00+00:00,27.79151,34.9699,21.177
2041-12-11 00:00:00+00:00,28.43245,35.663956,21.916794
2041-12-12 00:00:00+00:00,27.923386,34.858,22.056585
2041-12-13 00:00:00+00:00,27.364325,34.80206,20.746378
2041-12-14 00:00:00+00:00,27.255262,33.64612,21.586172
2041-12-15 00:00:00+00:00,25.7462,31.940166,19.725964
2041-12-16 00:00:00+00:00,25.037138,31.784222,18.915756
2041-12-17 00:00:00+00:00,24.678074,31.528278,18.45555
2041-12-18 00:00:00+00:00,25.469015,31.472328,19.94534
2041-12-19 00:00:00+00:00,26.159952,33.116386,20.235132
2041-12-20 00:00:00+00:00,25.850891,33.310436,19.174925
2041-12-21 00:00:00+00:00,25.19183,32.00449,19.014717
2041-12-22 00:00:00+00:00,24.782768,32.198547,19.304508
2041-12-23 00:00:00+00:00,26.473707,34.642605,18.844301
2041-12-24 00:00:00+00:00,27.964643,34.736656,21.634094
2041-12-25 00:00:00+00:00,26.955582,32.38071,21.723886
2041-12-26 00:00:00+00:00,27.246521,33.524765,21.76368
2041-12-27 00:00:00+00:00,25.887459,32.86882,19.253471
2041-12-28 00:00:00+00:00,26.328396,34.612873,18.693264
2041-12-29 00:00:00+00:00,27.319332,35.80693,19.183058
2041-12-30 00:00:00+00:00,26.810274,33.70098,21.12285
2041-12-31 00:00:00+00:00,26.55121,34.29504,20.112642
2042-01-01 00:00:00+00:00,26.792149,34.23909,21.152433
2042-01-02 00:00:00+00:00,25.740019,32.93929,19.246563
2042-01-03 00:00:00+00:00,25.387886,33.13949,18.890692
2042-01-04 00:00:00+00:00,25.785753,33.839684,17.88482
2042-01-05 00:00:00+00:00,27.483622,35.98988,19.428947
2042-01-06 00:00:00+00:00,28.881489,37.240074,20.773079
2042-01-07 00:00:00+00:00,27.779358,35.04028,21.517206
2042-01-08 00:00:00+00:00,26.177227,32.69047,19.961336
2042-01-09 00:00:00+00:00,25.075094,32.59067,18.055466
2042-01-10 00:00:00+00:00,25.52296,33.490868,18.099592
2042-01-11 00:00:00+00:00,26.57083,34.741062,19.543724
2042-01-12 00:00:00+00:00,26.6687,34.691257,19.337852
2042-01-13 00:00:00+00:00,25.166567,31.74146,19.981981
2042-01-14 00:00:00+00:00,25.814436,32.941654,19.376108
2042-01-15 00:00:00+00:00,24.812302,29.441853,20.370235
2042-01-16 00:00:00+00:00,24.91017,32.042053,18.41437
2042-01-17 00:00:00+00:00,24.908037,32.09225,18.058495
2042-01-18 00:00:00+00:00,26.005907,33.442448,19.102623
2042-01-19 00:00:00+00:00,26.003773,33.892643,18.546753
2042-01-20 00:00:00+00:00,26.601645,33.842842,19.840881
2042-01-21 00:00:00+00:00,26.249508,33.493034,19.43501
2042-01-22 00:00:00+00:00,26.497377,34.093235,19.02914
2042-01-23 00:00:00+00:00,26.695248,34.643436,19.02327
2042-01-24 00:00:00+00:00,24.893116,30.993631,18.867397
2042-01-25 00:00:00+00:00,24.640984,31.49383,18.061527
2042-01-26 00:00:00+00:00,24.58885,30.894024,18.305655
2042-01-27 00:00:00+00:00,23.886719,30.59422,17.349785
2042-01-28 00:00:00+00:00,23.534588,31.094418,16.543911
2042-01-29 00:00:00+00:00,23.232454,30.99462,15.938041
2042-01-30 00:00:00+00:00,23.330322,31.144814,16.032171
2042-01-31 00:00:00+00:00,23.428192,31.295012,15.826301
2042-02-01 00:00:00+00:00,23.926058,32.14521,16.47043
2042-02-02 00:00:00+00:00,24.673927,33.195408,16.214558
2042-02-03 00:00:00+00:00,24.821795,31.445602,18.508686
2042-02-04 00:00:00+00:00,24.869663,31.045797,19.402817
2042-02-05 00:00:00+00:00,24.767532,31.645996,17.946945
2042-02-06 00:00:00+00:00,25.6654,33.296196,18.141075
2042-02-07 00:00:00+00:00,25.763266,33.74639,17.885202
2042-02-08 00:00:00+00:00,25.911137,33.34659,19.279331
2042-02-09 00:00:00+00:00,25.809004,33.496788,18.523462
2042-02-10 00:00:00+00:00,25.75687,33.296986,18.86759
2042-02-11 00:00:00+00:00,25.954742,33.94718,18.461718
2042-02-12 00:00:00+00:00,26.802608,34.847378,19.205847
2042-02-13 00:00:00+00:00,28.400475,37.14758,19.999977
2042-02-14 00:00:00+00:00,29.948345,38.59778,21.294104
2042-02-15 00:00:00+00:00,29.746214,37.197968,22.588236
2042-02-16 00:00:00+00:00,28.794079,36.748165,21.232365
2042-02-17 00:00:00+00:00,29.791946,37.798367,22.126492
2042-02-18 00:00:00+00:00,29.989819,37.898563,22.020622
2042-02-19 00:00:00+00:00,30.087687,37.64876,22.91475
2042-02-20 00:00:00+00:00,30.285551,38.098957,22.258877
2042-02-21 00:00:00+00:00,30.48342,38.34916,22.603006
2042-02-22 00:00:00+00:00,30.481287,38.24935,22.497135
2042-02-23 00:00:00+00:00,30.979156,39.349552,23.041267
2042-02-24 00:00:00+00:00,31.477024,39.84975,23.485394
2042-02-25 00:00:00+00:00,32.57489,41.199947,24.529524
2042-02-26 00:00:00+00:00,32.47276,41.250137,23.773653
2042-02-27 00:00:00+00:00,32.62063,42.150337,23.867779
2042-02-28 00:00:00+00:00,33.168495,42.200535,24.111908
2042-03-01 00:00:00+00:00,31.666363,39.70073,23.306038
2042-03-02 00:00:00+00:00,29.664232,37.650932,21.40017
2042-03-03 00:00:00+00:00,28.01308,35.80206,19.845089
2042-03-04 00:00:00+00:00,25.618786,32.959675,18.045565
2042-03-05 00:00:00+00:00,26.124496,33.767296,18.096035
2042-03-06 00:00:00+00:00,29.030203,37.824917,20.54651
2042-03-07 00:00:00+00:00,31.335909,39.582535,22.996983
2042-03-08 00:00:00+00:00,32.34162,40.290154,24.147457
2042-03-09 00:00:00+00:00,33.19732,41.147778,25.147928
2042-03-10 00:00:00+00:00,34.10303,42.25539,26.048403
2042-03-11 00:00:00+00:00,31.95874,37.81301,26.598877
2042-03-12 00:00:00+00:00,31.864445,40.370632,23.24935
2042-03-13 00:00:00+00:00,32.320152,40.52825,23.799822
2042-03-14 00:00:00+00:00,32.87586,41.33587,24.350294
2042-03-15 00:00:00+00:00,33.531567,42.043488,25.100767
2042-03-16 00:00:00+00:00,33.28727,41.90111,25.051243
2042-03-17 00:00:00+00:00,29.242981,35.858727,22.701714
2042-03-18 00:00:00+00:00,30.698689,39.46635,21.552187
2042-03-19 00:00:00+00:00,32.354393,39.773964,25.25266
2042-03-20 00:00:00+00:00,32.160103,41.08158,23.403135
2042-03-21 00:00:00+00:00,33.21581,41.589203,25.053608
2042-03-22 00:00:00+00:00,32.421516,41.946827,22.90408
2042-03-23 00:00:00+00:00,33.27722,42.40444,23.104553
2042-03-24 00:00:00+00:00,32.43293,40.512062,24.155027
2042-03-25 00:00:00+00:00,32.838634,41.56968,23.7555
2042-03-26 00:00:00+00:00,33.844345,42.8273,24.355972
2042-03-27 00:00:00+00:00,34.200054,42.934917,25.156448
2042-03-28 00:00:00+00:00,33.75576,41.942543,24.85692
2042-03-29 00:00:00+00:00,31.961468,38.900158,25.157394
2042-03-30 00:00:00+00:00,30.217176,38.45778,21.857866
2042-03-31 00:00:00+00:00,31.122883,39.415394,22.65834
2042-04-01 00:00:00+00:00,32.67859,41.273018,23.558811
2042-04-02 00:00:00+00:00,33.434296,41.63064,24.659286
2042-04-03 00:00:00+00:00,33.940002,42.03826,25.209757
2042-04-04 00:00:00+00:00,33.895706,41.995876,25.560232
2042-04-05 00:00:00+00:00,32.951416,41.303497,25.060707
2042-04-06 00:00:00+00:00,31.407124,39.06111,23.26118
2042-04-07 00:00:00+00:00,30.462833,38.318737,22.011654
2042-04-08 00:00:00+00:00,29.818539,37.526352,21.412127
2042-04-09 00:00:00+00:00,29.024248,36.333973,20.8126
2042-04-10 00:00:00+00:00,28.979952,37.29159,20.163073
2042-04-11 00:00:00+00:00,29.135658,37.89921,20.063545
2042-04-12 00:00:00+00:00,30.691366,39.056828,21.614016
2042-04-13 00:00:00+00:00,32.847073,41.21445,24.06449
2042-04-14 00:00:00+00:00,35.702778,45.272068,26.764967
2042-04-15 00:00:00+00:00,37.158485,45.829685,28.265436
2042-04-16 00:00:00+00:00,35.314194,42.637314,27.61591
2042-04-17 00:00:00+00:00,34.919903,42.594925,27.266384
2042-04-18 00:00:00+00:00,33.97561,42.202545,25.366856
2042-04-19 00:00:00+00:00,34.481316,43.11016,25.017332
2042-04-20 00:00:00+00:00,35.287025,42.817787,26.867804
2042-04-21 00:00:00+00:00,36.042732,44.325405,27.318277
2042-04-22 00:00:00+00:00,34.84844,43.333023,25.61875
2042-04-23 00:00:00+00:00,34.454144,42.740646,25.369225
2042-04-24 00:00:00+00:00,35.65985,43.748264,27.119698
2042-04-25 00:00:00+00:00,35.415558,44.205887,26.32017
2042-04-26 00:00:00+00:00,34.67127,43.063503,25.570644
2042-04-27 00:00:00+00:00,32.226974,39.17112,25.471115
2042-04-28 00:00:00+00:00,32.18268,40.778744,23.12159
2042-04-29 00:00:00+00:00,32.488388,41.336357,23.272064
2042-04-30 00:00:00+00:00,34.69409,43.193977,25.872536
2042-05-01 00:00:00+00:00,35.349804,42.6516,27.57301
2042-05-02 00:00:00+00:00,33.35551,41.409214,24.523481
2042-05-03 00:00:00+00:00,35.06123,42.661858,27.531631
2042-05-04 00:00:00+00:00,35.81701,43.149563,27.062809
2042-05-05 00:00:00+00:00,36.972794,43.837273,29.343987
2042-05-06 00:00:00+00:00,37.028572,44.124977,29.375164
2042-05-07 00:00:00+00:00,38.53435,46.862686,30.106339
2042-05-08 00:00:00+00:00,37.49013,44.850395,29.037514
2042-05-09 00:00:00+00:00,36.645912,43.488102,28.868689
2042-05-10 00:00:00+00:00,34.401688,42.32581,26.049864
2042-05-11 00:00:00+00:00,33.95747,41.313515,25.981043
2042-05-12 00:00:00+00:00,34.513252,42.401226,26.162218
2042-05-13 00:00:00+00:00,37.119026,45.338932,28.293394
2042-05-14 00:00:00+00:00,38.32481,45.17664,30.974571
2042-05-15 00:00:00+00:00,36.33059,42.914345,28.705748
2042-05-16 00:00:00+00:00,35.686367,42.052048,29.636925
2042-05-17 00:00:00+00:00,36.192146,42.789757,29.0681
2042-05-18 00:00:00+00:00,38.247925,46.427467,30.049278
2042-05-19 00:00:00+00:00,38.603706,45.96517,31.330454
2042-05-20 00:00:00+00:00,33.559483,40.35288,25.861631
2042-05-21 00:00:00+00:00,34.965267,42.39059,26.992807
2042-05-22 00:00:00+00:00,35.471043,43.228294,27.523985
2042-05-23 00:00:00+00:00,35.62682,42.965996,27.45516
2042-05-24 00:00:00+00:00,36.6826,43.75371,29.136337
2042-05-25 00:00:00+00:00,36.088383,42.54142,28.56751
2042-05-26 00:00:00+00:00,35.74416,43.429123,27.248692
2042-05-27 00:00:00+00:00,36.49994,45.01683,27.779865
2042-05-28 00:00:00+00:00,37.10572,43.80454,28.911041
2042-05-29 00:00:00+00:00,36.611496,43.592243,28.79222
2042-05-30 00:00:00+00:00,35.667274,43.229954,27.523396
2042-05-31 00:00:00+00:00,35.27306,41.217655,28.25457
2042-06-01 00:00:00+00:00,36.028835,41.855366,29.235746
2042-06-02 00:00:00+00:00,36.334618,42.293076,29.866922
2042-06-03 00:00:00+00:00,32.540398,38.680782,27.2481
2042-06-04 00:00:00+00:00,34.49617,41.718483,27.079277
2042-06-05 00:00:00+00:00,33.20195,38.256195,25.86045
2042-06-06 00:00:00+00:00,32.257732,38.743904,25.891628
2042-06-07 00:00:00+00:00,36.563515,43.13161,29.772804
2042-06-08 00:00:00+00:00,38.319294,44.71931,31.80398
2042-06-09 00:00:00+00:00,36.575073,42.857025,29.485157
2042-06-10 00:00:00+00:00,36.330853,43.694733,28.566334
2042-06-11 00:00:00+00:00,35.03663,41.482437,27.947512
2042-06-12 00:00:00+00:00,34.042408,40.170143,27.378689
2042-06-13 00:00:00+00:00,33.498188,37.757854,28.309864
2042-06-14 00:00:00+00:00,33.253967,39.545563,26.491041
2042-06-15 00:00:00+00:00,35.259747,41.383266,28.62222
2042-06-16 00:00:00+00:00,35.465527,41.67097,29.103394
2042-06-17 00:00:00+00:00,34.271305,39.65868,28.684568
2042-06-18 00:00:00+00:00,34.677086,40.39639,28.815744
2042-06-19 00:00:00+00:00,28.382864,35.834095,22.896921
2042-06-20 00:00:00+00:00,31.088644,38.621796,24.378098
2042-06-21 00:00:00+00:00,33.544422,38.85951,28.159277
2042-06-22 00:00:00+00:00,34.750202,40.847218,29.14045
2042-06-23 00:00:00+00:00,35.205986,40.984924,29.921627
2042-06-24 00:00:00+00:00,35.761765,41.622635,30.052803
2042-06-25 00:00:00+00:00,34.66754,40.46034,28.233982
2042-06-26 00:00:00+00:00,35.27332,40.89804,28.865156
2042-06-27 00:00:00+00:00,35.3291,41.185753,29.446333
2042-06-28 00:00:00+00:00,33.28488,39.22346,27.82751
2042-06-29 00:00:00+00:00,32.34066,37.511166,28.158684
2042-06-30 00:00:00+00:00,33.19644,39.048874,27.339865
2042-07-01 00:00:00+00:00,34.902214,40.38658,29.37104
2042-07-02 00:00:00+00:00,33.708,39.52429,28.352213
2042-07-03 00:00:00+00:00,32.26109,37.76324,26.42445
2042-07-04 00:00:00+00:00,33.909706,38.804253,28.731785
2042-07-05 00:00:00+00:00,35.408314,40.84527,29.439117
2042-07-06 00:00:00+00:00,35.05693,41.286293,28.84645
2042-07-07 00:00:00+00:00,35.405544,41.527306,29.153784
2042-07-08 00:00:00+00:00,34.854156,41.41832,28.961115
2042-07-09 00:00:00+00:00,33.25277,39.55934,27.66845
2042-07-10 00:00:00+00:00,31.751387,36.950356,27.32578
2042-07-11 00:00:00+00:00,25.149996,30.641375,23.183115
2042-07-12 00:00:00+00:00,29.34861,36.13239,23.24045
2042-07-13 00:00:00+00:00,32.297226,37.873405,27.147783
2042-07-14 00:00:00+00:00,26.145838,32.314426,22.405115
2042-07-15 00:00:00+00:00,27.44445,32.805443,22.962448
2042-07-16 00:00:00+00:00,30.293066,36.34646,24.969782
2042-07-17 00:00:00+00:00,33.34168,40.037476,26.777115
2042-07-18 00:00:00+00:00,33.04029,38.428497,27.334448
2042-07-19 00:00:00+00:00,32.888905,38.06951,27.79178
2042-07-20 00:00:00+00:00,31.93752,37.11053,27.099115
2042-07-21 00:00:00+00:00,32.23613,38.45155,26.60645
2042-07-22 00:00:00+00:00,29.784744,35.992565,25.76378
2042-07-23 00:00:00+00:00,28.23336,30.683582,25.371113
2042-07-24 00:00:00+00:00,27.43197,34.524597,23.928444
2042-07-25 00:00:00+00:00,29.680588,35.415615,24.23578
2042-07-26 00:00:00+00:00,32.3792,38.50663,27.193113
2042-07-27 00:00:00+00:00,29.727812,35.44765,25.900446
2042-07-28 00:00:00+00:00,28.676428,33.788666,24.80778
2042-07-29 00:00:00+00:00,30.47504,35.529686,25.265112
2042-07-30 00:00:00+00:00,32.923653,38.3707,28.272448
2042-07-31 00:00:00+00:00,31.622267,37.51172,26.12978
2042-08-01 00:00:00+00:00,30.82088,34.80274,26.93711
2042-08-02 00:00:00+00:00,29.369493,33.49376,26.844446
2042-08-03 00:00:00+00:00,31.118107,37.58477,25.251778
2042-08-04 00:00:00+00:00,29.716722,35.925785,26.50911
2042-08-05 00:00:00+00:00,29.065334,33.6668,25.016445
2042-08-06 00:00:00+00:00,30.66395,36.157825,25.623777
2042-08-07 00:00:00+00:00,29.012562,34.148838,24.98111
2042-08-08 00:00:00+00:00,30.911175,36.88986,25.088444
2042-08-09 00:00:00+00:00,30.70979,35.38088,25.595776
2042-08-10 00:00:00+00:00,27.458403,31.671894,25.453112
2042-08-11 00:00:00+00:00,26.457016,29.162909,24.710443
2042-08-12 00:00:00+00:00,30.55563,36.80393,24.867779
2042-08-13 00:00:00+00:00,31.904243,37.744946,25.925108
2042-08-14 00:00:00+00:00,31.202858,35.735962,26.882442
2042-08-15 00:00:00+00:00,30.601469,35.226982,26.489779
2042-08-16 00:00:00+00:00,30.050081,35.467995,25.69711
2042-08-17 00:00:00+00:00,24.598698,28.009014,23.204441
2042-08-18 00:00:00+00:00,25.69731,29.550032,23.561775
2042-08-19 00:00:00+00:00,27.845924,33.191048,23.769108
2042-08-20 00:00:00+00:00,30.544535,36.58207,25.126442
2042-08-21 00:00:00+00:00,28.39315,33.423084,24.433775
2042-08-22 00:00:00+00:00,24.791761,26.4641,23.541107
2042-08-23 00:00:00+00:00,27.740377,33.955116,22.698442
2042-08-24 00:00:00+00:00,29.238993,34.796135,25.605774
2042-08-25 00:00:00+00:00,26.937605,30.53715,24.913107
2042-08-26 00:00:00+00:00,26.936218,32.02817,24.77044
2042-08-27 00:00:00+00:00,28.584831,34.369186,24.377775
2042-08-28 00:00:00+00:00,28.183445,33.060204,24.235107
2042-08-29 00:00:00+00:00,30.782057,36.85122,25.29244
2042-08-30 00:00:00+00:00,27.230673,30.44224,24.599775
2042-08-31 00:00:00+00:00,24.029284,26.483255,22.707104
2042-09-01 00:00:00+00:00,25.077898,28.524277,22.364439
2042-09-02 00:00:00+00:00,26.377752,30.129482,23.256653
2042-09-03 00:00:00+00:00,27.828848,31.898891,24.48375
2042-09-04 00:00:00+00:00,27.87994,31.168293,25.410847
2042-09-05 00:00:00+00:00,27.781033,31.237694,25.33794
2042-09-06 00:00:00+00:00,27.732126,30.957104,25.865036
2042-09-07 00:00:00+00:00,27.18322,30.976505,24.092134
2042-09-08 00:00:00+00:00,27.184315,30.445915,24.96923
2042-09-09 00:00:00+00:00,28.63541,32.315315,25.646326
2042-09-10 00:00:00+00:00,28.486504,32.384724,24.523422
2042-09-11 00:00:00+00:00,28.537596,31.754128,25.350517
2042-09-12 00:00:00+00:00,27.138689,29.423529,24.527615
2042-09-13 00:00:00+00:00,26.639784,29.642935,23.904709
2042-09-14 00:00:00+00:00,27.790874,31.76234,24.381805
2042-09-15 00:00:00+00:00,27.591972,31.581745,23.358902
2042-09-16 00:00:00+00:00,28.193066,31.451149,24.685999
2042-09-17 00:00:00+00:00,28.294159,31.520557,24.663092
2042-09-18 00:00:00+00:00,26.445253,30.239958,24.14019
2042-09-19 00:00:00+00:00,27.046343,31.309366,23.117287
2042-09-20 00:00:00+00:00,27.547438,31.328768,24.444382
2042-09-21 00:00:00+00:00,28.348532,32.548172,24.821476
2042-09-22 00:00:00+00:00,28.349628,32.51758,24.498571
2042-09-23 00:00:00+00:00,27.750721,30.48698,25.225668
2042-09-24 00:00:00+00:00,27.601816,31.006386,24.652765
2042-09-25 00:00:00+00:00,28.502907,32.175793,25.229862
2042-09-26 00:00:00+00:00,29.354002,33.445198,25.65696
2042-09-27 00:00:00+00:00,28.405096,31.9146,25.184053
2042-09-28 00:00:00+00:00,26.70619,29.634007,23.81115
2042-09-29 00:00:00+00:00,27.407282,32.10341,22.938244
2042-09-30 00:00:00+00:00,26.708378,31.37281,23.515339
2042-10-01 00:00:00+00:00,27.509472,32.39222,22.24244
2042-10-02 00:00:00+00:00,28.210564,32.811626,23.719534
2042-10-03 00:00:00+00:00,29.361658,34.581028,24.496628
2042-10-04 00:00:00+00:00,30.962753,36.000427,26.223724
2042-10-05 00:00:00+00:00,31.063847,35.519836,26.75082
2042-10-06 00:00:00+00:00,30.76494,34.83924,26.927917
2042-10-07 00:00:00+00:00,29.216036,33.008644,24.705013
2042-10-08 00:00:00+00:00,29.26713,33.07805,24.982107
2042-10-09 00:00:00+00:00,29.218224,34.047455,24.859203
2042-10-10 00:00:00+00:00,30.119314,34.56686,25.986301
2042-10-11 00:00:00+00:00,30.620409,35.386265,25.963398
2042-10-12 00:00:00+00:00,31.021502,36.25567,26.540491
2042-10-13 00:00:00+00:00,30.622599,36.525074,24.467588
2042-10-14 00:00:00+00:00,28.12369,32.69448,23.994686
2042-10-15 00:00:00+00:00,28.82478,34.06388,23.571781
2042-10-16 00:00:00+00:00,29.025877,32.533283,25.798874
2042-10-17 00:00:00+00:00,29.37697,33.952694,25.675968
2042-10-18 00:00:00+00:00,27.628065,30.272095,24.603067
2042-10-19 00:00:00+00:00,27.329157,31.7915,23.730164
2042-10-20 00:00:00+00:00,26.78025,31.710907,22.90726
2042-10-21 00:00:00+00:00,26.131346,31.480312,21.534355
2042-10-22 00:00:00+00:00,27.482439,32.64971,21.061451
2042-10-23 00:00:00+00:00,29.133535,33.61912,25.038548
2042-10-24 00:00:00+00:00,29.234627,34.338524,23.915644
2042-10-25 00:00:00+00:00,27.685722,32.057926,24.542742
2042-10-26 00:00:00+00:00,25.586815,29.827335,22.719837
2042-10-27 00:00:00+00:00,27.337906,33.04674,21.54693
2042-10-28 00:00:00+00:00,26.989004,32.66614,22.82403
2042-10-29 00:00:00+00:00,24.340094,27.885551,21.101126
2042-10-30 00:00:00+00:00,25.141191,30.304953,20.328218
2042-10-31 00:00:00+00:00,27.742283,33.62436,22.255316
2042-11-01 00:00:00+00:00,30.093378,37.49376,23.432411
2042-11-02 00:00:00+00:00,30.938126,38.547318,23.517443
2042-11-03 00:00:00+00:00,30.929064,37.491375,24.157236
2042-11-04 00:00:00+00:00,32.019997,39.135433,25.347029
2042-11-05 00:00:00+00:00,31.860937,38.57948,25.186821
2042-11-06 00:00:00+00:00,31.051874,37.92354,23.226612
2042-11-07 00:00:00+00:00,31.592812,39.06759,23.866405
2042-11-08 00:00:00+00:00,33.033752,40.511646,25.806198
2042-11-09 00:00:00+00:00,32.42469,39.4057,24.595987
2042-11-10 00:00:00+00:00,31.515627,37.899754,25.485779
2042-11-11 00:00:00+00:00,32.306564,38.64381,27.125574
2042-11-12 00:00:00+00:00,33.247505,40.28786,26.965366
2042-11-13 00:00:00+00:00,31.988443,37.58192,26.50516
2042-11-14 00:00:00+00:00,33.27938,40.125973,26.694948
2042-11-15 00:00:00+00:00,34.07032,41.420025,26.384743
2042-11-16 00:00:00+00:00,34.211258,40.46408,27.274538
2042-11-17 00:00:00+00:00,32.602196,38.158134,26.464329
2042-11-18 00:00:00+00:00,33.393135,39.802193,27.35412
2042-11-19 00:00:00+00:00,32.23407,39.046246,25.493914
2042-11-20 00:00:00+00:00,30.62501,36.440296,25.133705
2042-11-21 00:00:00+00:00,27.765947,33.48435,22.023499
2042-11-22 00:00:00+00:00,26.006886,32.52841,19.66329
2042-11-23 00:00:00+00:00,26.297825,33.37246,19.653084
2042-11-24 00:00:00+00:00,27.488764,35.116516,20.242876
2042-11-25 00:00:00+00:00,28.329702,35.66057,21.182669
2042-11-26 00:00:00+00:00,28.070639,35.054626,21.222462
2042-11-27 00:00:00+00:00,28.41158,36.04868,20.962255
2042-11-28 00:00:00+00:00,29.452517,36.942734,22.152044
2042-11-29 00:00:00+00:00,30.343452,37.73679,23.241837
2042-11-30 00:00:00+00:00,30.834393,38.18084,24.08163
2042-12-01 00:00:00+00:00,29.27533,35.7749,23.32142
2042-12-02 00:00:00+00:00,28.46627,35.76895,22.111216
2042-12-03 00:00:00+00:00,29.157207,37.213005,21.801006
2042-12-04 00:00:00+00:00,29.748146,37.20706,23.3408
2042-12-05 00:00:00+00:00,29.239086,35.751114,23.830591
2042-12-06 00:00:00+00:00,28.330023,34.345165,22.770384
2042-12-07 00:00:00+00:00,26.970963,32.93922,21.410175
2042-12-08 00:00:00+00:00,25.3119,31.683275,19.49997
2042-12-09 00:00:00+00:00,23.602837,30.027332,17.389761
2042-12-10 00:00:00+00:00,23.193775,29.471386,17.52955
2042-12-11 00:00:00+00:00,23.684713,31.615438,16.869347
2042-12-12 00:00:00+00:00,25.025652,33.75949,17.259138
2042-12-13 00:00:00+00:00,27.66659,36.503548,19.44893
2042-12-14 00:00:00+00:00,29.057528,36.5976,22.338722
2042-12-15 00:00:00+00:00,28.048464,35.191658,21.578514
2042-12-16 00:00:00+00:00,25.489403,31.63571,20.168308
2042-12-17 00:00:00+00:00,26.030344,34.229763,18.7081
2042-12-18 00:00:00+00:00,27.071281,35.17382,19.497892
2042-12-19 00:00:00+00:00,27.66222,35.617874,20.687683
2042-12-20 00:00:00+00:00,27.203157,35.311924,19.477478
2042-12-21 00:00:00+00:00,26.344093,32.855984,21.217272
2042-12-22 00:00:00+00:00,25.785034,31.250034,21.357061
2042-12-23 00:00:00+00:00,24.575972,29.694092,20.946856
2042-12-24 00:00:00+00:00,25.91691,33.988144,18.736645
2042-12-25 00:00:00+00:00,27.357845,35.6322,19.526438
2042-12-26 00:00:00+00:00,28.898787,37.42625,21.51623
2042-12-27 00:00:00+00:00,29.389725,37.520306,22.056023
2042-12-28 00:00:00+00:00,29.530663,37.314365,22.845818
2042-12-29 00:00:00+00:00,27.7716,35.208416,21.035608
2042-12-30 00:00:00+00:00,27.662537,36.25247,19.875402
2042-12-31 00:00:00+00:00,28.253479,37.246525,20.46519
2043-01-01 00:00:00+00:00,29.444416,37.990574,21.054987
2043-01-02 00:00:00+00:00,29.29055,36.589237,22.44803
2043-01-03 00:00:00+00:00,28.23842,35.33944,21.34216
2043-01-04 00:00:00+00:00,26.086285,32.389633,20.036287
2043-01-05 00:00:00+00:00,23.934156,30.43983,17.430418
2043-01-06 00:00:00+00:00,25.882023,33.590027,17.974546
2043-01-07 00:00:00+00:00,27.929893,35.490227,20.568674
2043-01-08 00:00:00+00:00,28.727757,36.190426,21.812803
2043-01-09 00:00:00+00:00,29.175627,36.39062,23.356932
2043-01-10 00:00:00+00:00,25.873495,31.190819,20.951061
2043-01-11 00:00:00+00:00,24.571365,31.591015,18.09519
2043-01-12 00:00:00+00:00,26.71923,35.841213,17.839321
2043-01-13 00:00:00+00:00,27.717098,35.69141,20.233448
2043-01-14 00:00:00+00:00,27.614967,35.241608,20.077576
2043-01-15 00:00:00+00:00,27.062836,34.79181,19.671707
2043-01-16 00:00:00+00:00,25.710703,31.492002,19.815834
2043-01-17 00:00:00+00:00,28.50857,36.142197,22.059963
2043-01-18 00:00:00+00:00,28.30644,35.992393,21.504095
2043-01-19 00:00:00+00:00,28.554308,36.142593,21.39822
2043-01-20 00:00:00+00:00,28.502176,36.24279,21.092348
2043-01-21 00:00:00+00:00,26.200045,30.84299,22.03648
2043-01-22 00:00:00+00:00,26.647915,34.14319,20.430607
2043-01-23 00:00:00+00:00,28.09578,36.143383,20.374739
2043-01-24 00:00:00+00:00,28.443647,36.343582,20.918865
2043-01-25 00:00:00+00:00,28.541515,35.84378,21.612995
2043-01-26 00:00:00+00:00,28.889385,36.543976,22.507124
2043-01-27 00:00:00+00:00,28.637253,36.844173,20.851254
2043-01-28 00:00:00+00:00,29.43512,38.144367,21.14538
2043-01-29 00:00:00+00:00,29.882988,38.094566,22.189512
2043-01-30 00:00:00+00:00,29.180857,36.894768,21.88364
2043-01-31 00:00:00+00:00,29.128725,36.944965,21.927769
2043-02-01 00:00:00+00:00,28.876593,36.74516,21.171898
2043-02-02 00:00:00+00:00,29.27446,37.59536,21.516027
2043-02-03 00:00:00+00:00,28.822329,36.895554,21.010155
2043-02-04 00:00:00+00:00,29.070196,38.095753,20.554285
2043-02-05 00:00:00+00:00,29.768064,38.595947,21.298412
2043-02-06 00:00:00+00:00,28.765934,36.896145,21.442543
2043-02-07 00:00:00+00:00,26.963799,34.196342,21.43667
2043-02-08 00:00:00+00:00,27.961666,36.84654,19.630798
2043-02-09 00:00:00+00:00,29.659536,38.34674,21.424929
2043-02-10 00:00:00+00:00,30.607407,39.146935,22.619059
2043-02-11 00:00:00+00:00,30.505268,39.147133,22.213186
2043-02-12 00:00:00+00:00,30.803143,39.747326,22.057316
2043-02-13 00:00:00+00:00,30.201008,38.647526,22.501444
2043-02-14 00:00:00+00:00,29.948877,39.597725,20.445572
2043-02-15 00:00:00+00:00,30.996742,40.597923,21.789701
2043-02-16 00:00:00+00:00,31.944613,40.998123,23.133833
2043-02-17 00:00:00+00:00,31.99248,40.54832,23.92796
2043-02-18 00:00:00+00:00,30.940348,38.898514,23.122091
2043-02-19 00:00:00+00:00,30.43822,38.74871,22.616217
2043-02-20 00:00:00+00:00,30.536085,39.248905,22.260345
2043-02-21 00:00:00+00:00,30.683952,39.69911,21.654474
2043-02-22 00:00:00+00:00,30.93182,39.599304,22.648603
2043-02-23 00:00:00+00:00,30.97969,39.4995,22.642733
2043-02-24 00:00:00+00:00,31.727556,40.649696,22.986862
2043-02-25 00:00:00+00:00,31.075424,39.249897,23.43099
2043-02-26 00:00:00+00:00,30.423294,38.600098,22.925121
2043-02-27 00:00:00+00:00,29.871162,38.45029,22.319248
2043-02-28 00:00:00+00:00,29.46903,38.300488,21.113377
2043-03-01 00:00:00+00:00,29.3169,37.900684,20.807508
2043-03-02 00:00:00+00:00,29.064766,37.600883,20.751637
2043-03-03 00:00:00+00:00,28.862635,37.501076,20.595764
2043-03-04 00:00:00+00:00,29.217361,37.607773,21.245447
2043-03-05 00:00:00+00:00,29.123068,37.06539,21.495916
2043-03-06 00:00:00+00:00,27.928776,35.87301,19.746393
2043-03-07 00:00:00+00:00,27.684483,35.730625,19.896862
2043-03-08 00:00:00+00:00,28.090189,35.938248,20.497337
2043-03-09 00:00:00+00:00,27.595898,35.545864,19.79781
2043-03-10 00:00:00+00:00,28.301605,36.803486,19.398283
2043-03-11 00:00:00+00:00,27.40731,33.611107,21.24876
2043-03-12 00:00:00+00:00,28.663017,36.918728,20.199228
2043-03-13 00:00:00+00:00,28.668726,36.576347,20.799706
2043-03-14 00:00:00+00:00,29.624432,38.033962,21.300177
2043-03-15 00:00:00+00:00,30.530138,39.141586,22.55065
2043-03-16 00:00:00+00:00,31.285847,39.3492,22.951124
2043-03-17 00:00:00+00:00,31.841555,40.25682,23.501596
2043-03-18 00:00:00+00:00,30.79726,38.864437,22.25207
2043-03-19 00:00:00+00:00,30.65297,38.772064,22.002544
2043-03-20 00:00:00+00:00,30.208675,38.279682,21.353014
2043-03-21 00:00:00+00:00,29.964382,38.2373,21.00349
2043-03-22 00:00:00+00:00,32.120094,41.044918,22.403961
2043-03-23 00:00:00+00:00,32.825794,40.952538,24.654436
2043-03-24 00:00:00+00:00,31.931505,39.61016,23.804909
2043-03-25 00:00:00+00:00,32.33721,40.217777,23.905384
2043-03-26 00:00:00+00:00,31.94292,39.4754,24.155855
2043-03-27 00:00:00+00:00,31.748625,39.833015,23.456327
2043-03-28 00:00:00+00:00,32.454334,40.790634,23.906803
2043-03-29 00:00:00+00:00,32.96004,41.248253,24.457275
2043-03-30 00:00:00+00:00,33.365746,41.655872,25.107748
2043-03-31 00:00:00+00:00,33.47145,41.963493,24.45822
2043-04-01 00:00:00+00:00,33.97716,42.171116,25.758694
2043-04-02 00:00:00+00:00,33.382866,41.57873,24.559166
2043-04-03 00:00:00+00:00,30.138577,36.43635,23.109638
2043-04-04 00:00:00+00:00,30.644283,39.493965,21.360113
2043-04-05 00:00:00+00:00,31.19999,39.101593,22.310587
2043-04-06 00:00:00+00:00,31.2557,39.509212,22.961061
2043-04-07 00:00:00+00:00,28.361403,36.01683,19.961535
2043-04-08 00:00:00+00:00,30.767113,38.774445,22.162008
2043-04-09 00:00:00+00:00,32.372818,39.732067,24.56248
2043-04-10 00:00:00+00:00,33.82852,41.43969,25.512953
2043-04-11 00:00:00+00:00,33.784233,41.747307,25.563427
2043-04-12 00:00:00+00:00,33.53994,41.654926,25.313898
2043-04-13 00:00:00+00:00,33.195644,41.762547,23.964375
2043-04-14 00:00:00+00:00,33.301357,42.320164,23.264845
2043-04-15 00:00:00+00:00,32.957058,42.627785,21.915321
2043-04-16 00:00:00+00:00,34.36277,43.885403,23.765795
2043-04-17 00:00:00+00:00,34.618477,43.293022,25.766266
2043-04-18 00:00:00+00:00,33.724182,41.250645,25.616737
2043-04-19 00:00:00+00:00,33.12989,40.55826,25.067213
2043-04-20 00:00:00+00:00,33.435593,41.51588,24.817684
2043-04-21 00:00:00+00:00,33.591305,41.823498,25.06816
2043-04-22 00:00:00+00:00,33.89701,42.08112,25.368633
2043-04-23 00:00:00+00:00,31.652718,39.938744,22.619102
2043-04-24 00:00:00+00:00,30.858425,40.14636,21.019579
2043-04-25 00:00:00+00:00,32.36413,39.853977,24.420053
2043-04-26 00:00:00+00:00,33.96984,42.361595,24.970524
2043-04-27 00:00:00+00:00,35.525547,43.569214,26.920998
2043-04-28 00:00:00+00:00,35.481255,43.426838,26.97147
2043-04-29 00:00:00+00:00,35.136963,42.88445,26.771946
2043-04-30 00:00:00+00:00,34.792664,43.442074,26.072416
2043-05-01 00:00:00+00:00,34.348373,42.449696,25.87289
2043-05-02 00:00:00+00:00,33.154083,40.45731,25.373362
2043-05-03 00:00:00+00:00,31.309788,39.364933,22.623837
2043-05-04 00:00:00+00:00,29.715569,37.80264,21.655012
2043-05-05 00:00:00+00:00,30.471348,38.640347,21.88619
2043-05-06 00:00:00+00:00,30.927124,38.728058,22.117367
2043-05-07 00:00:00+00:00,30.882908,38.865757,23.098543
2043-05-08 00:00:00+00:00,32.538685,40.25347,24.479717
2043-05-09 00:00:00+00:00,35.14447,44.341175,25.560894
2043-05-10 00:00:00+00:00,37.300247,44.57888,29.29207
2043-05-11 00:00:00+00:00,36.556023,43.716595,28.52325
2043-05-12 00:00:00+00:00,37.261803,46.104298,27.754423
2043-05-13 00:00:00+00:00,37.417587,45.792004,28.885601
2043-05-14 00:00:00+00:00,36.673367,45.02971,27.36678
2043-05-15 00:00:00+00:00,38.279144,46.767418,29.697954
2043-05-16 00:00:00+00:00,38.28492,46.005123,30.42913
2043-05-17 00:00:00+00:00,34.5907,41.89283,26.460308
2043-05-18 00:00:00+00:00,34.74648,41.680542,27.141483
2043-05-19 00:00:00+00:00,35.752262,42.768246,28.122658
2043-05-20 00:00:00+00:00,35.25804,42.405952,27.553837
2043-05-21 00:00:00+00:00,33.31382,40.193665,25.735014
2043-05-22 00:00:00+00:00,33.169598,40.13137,25.366192
2043-05-23 00:00:00+00:00,33.82538,40.169075,26.847366
2043-05-24 00:00:00+00:00,34.631157,42.30678,26.52854
2043-05-25 00:00:00+00:00,37.186935,45.69449,28.609718
2043-05-26 00:00:00+00:00,36.242718,42.7822,29.040895
2043-05-27 00:00:00+00:00,35.09849,41.319904,28.072071
2043-05-28 00:00:00+00:00,34.35427,41.60761,26.003248
2043-05-29 00:00:00+00:00,35.960052,43.44532,28.134422
2043-05-30 00:00:00+00:00,35.665833,42.833023,28.3656
2043-05-31 00:00:00+00:00,35.07161,39.370728,29.846777
2043-06-01 00:00:00+00:00,34.47739,40.808437,27.577953
2043-06-02 00:00:00+00:00,33.533173,39.096146,28.109133
2043-06-03 00:00:00+00:00,33.43895,40.233856,26.440306
2043-06-04 00:00:00+00:00,32.594727,40.27156,24.721483
2043-06-05 00:00:00+00:00,34.85051,42.509266,26.902657
2043-06-06 00:00:00+00:00,37.55629,44.946968,29.883835
2043-06-07 00:00:00+00:00,37.762066,42.734684,30.515009
2043-06-08 00:00:00+00:00,34.917847,40.17239,30.296188
2043-06-09 00:00:00+00:00,30.823631,36.260094,25.977364
2043-06-10 00:00:00+00:00,34.829407,42.597805,27.25854
2043-06-11 00:00:00+00:00,38.035183,45.685513,30.239717
2043-06-12 00:00:00+00:00,33.140965,39.923218,26.770895
2043-06-13 00:00:00+00:00,31.196743,37.510925,25.00207
2043-06-14 00:00:00+00:00,30.752522,36.94863,24.183243
2043-06-15 00:00:00+00:00,31.608307,38.18634,24.814423
2043-06-16 00:00:00+00:00,33.364082,39.624046,26.595598
2043-06-17 00:00:00+00:00,34.16986,39.511753,29.326777
2043-06-18 00:00:00+00:00,33.67564,39.29946,28.057951
2043-06-19 00:00:00+00:00,33.531418,39.48717,27.639128
2043-06-20 00:00:00+00:00,33.1372,39.624874,26.770306
2043-06-21 00:00:00+00:00,34.742977,41.81258,27.25148
2043-06-22 00:00:00+00:00,36.598755,44.60029,28.382658
2043-06-23 00:00:00+00:00,33.954536,40.337994,27.413832
2043-06-24 00:00:00+00:00,33.060318,39.225704,27.495008
2043-06-25 00:00:00+00:00,32.6661,39.26341,26.276186
2043-06-26 00:00:00+00:00,32.221878,38.801117,25.457365
2043-06-27 00:00:00+00:00,32.527657,37.988823,26.638542
2043-06-28 00:00:00+00:00,29.383434,33.72653,25.019714
2043-06-29 00:00:00+00:00,30.639215,36.464237,26.25089
2043-06-30 00:00:00+00:00,32.694996,38.351944,26.982069
2043-07-01 00:00:00+00:00,32.50077,38.839657,26.613245
2043-07-02 00:00:00+00:00,30.956554,37.827362,24.344423
2043-07-03 00:00:00+00:00,31.011435,37.215477,24.922619
2043-07-04 00:00:00+00:00,31.560051,37.7565,24.97995
2043-07-05 00:00:00+00:00,28.358662,32.997517,24.337284
2043-07-06 00:00:00+00:00,30.307276,36.338535,24.844616
2043-07-07 00:00:00+00:00,32.15589,38.879555,26.05195
2043-07-08 00:00:00+00:00,31.204504,37.570564,24.959284
2043-07-09 00:00:00+00:00,29.303116,34.81158,24.616617
2043-07-10 00:00:00+00:00,31.60173,36.5526,26.923948
2043-07-11 00:00:00+00:00,33.65034,38.99362,27.93128
2043-07-12 00:00:00+00:00,34.74896,40.43464,29.538618
2043-07-13 00:00:00+00:00,33.497574,39.325657,26.645948
2043-07-14 00:00:00+00:00,31.646183,37.76667,26.40328
2043-07-15 00:00:00+00:00,32.444798,39.05769,26.160616
2043-07-16 00:00:00+00:00,32.743416,37.498707,27.567947
2043-07-17 00:00:00+00:00,27.892025,33.989723,23.575281
2043-07-18 00:00:00+00:00,28.440636,34.880737,23.382612
2043-07-19 00:00:00+00:00,29.539253,35.871758,25.739946
2043-07-20 00:00:00+00:00,29.987865,35.212776,24.34728
2043-07-21 00:00:00+00:00,31.386475,37.753788,26.004612
2043-07-22 00:00:00+00:00,27.08509,29.54481,25.211948
2043-07-23 00:00:00+00:00,28.433706,34.185825,24.619282
2043-07-24 00:00:00+00:00,27.332317,30.576845,24.476614
2043-07-25 00:00:00+00:00,29.530933,35.01786,24.733946
2043-07-26 00:00:00+00:00,31.17955,36.90888,26.391281
2043-07-27 00:00:00+00:00,29.128159,34.399895,25.798613
2043-07-28 00:00:00+00:00,30.226774,35.890915,24.705946
2043-07-29 00:00:00+00:00,32.525387,37.531933,27.963278
2043-07-30 00:00:00+00:00,32.323997,37.622948,26.770613
2043-07-31 00:00:00+00:00,33.022614,38.063965,28.377945
2043-08-01 00:00:00+00:00,25.721226,32.204983,23.83528
2043-08-02 00:00:00+00:00,28.219841,33.546,23.592611
2043-08-03 00:00:00+00:00,30.868454,38.53702,24.099945
2043-08-04 00:00:00+00:00,31.717068,39.22804,24.40728
2043-08-05 00:00:00+00:00,31.515682,37.169052,26.064611
2043-08-06 00:00:00+00:00,31.764296,37.660065,25.871943
2043-08-07 00:00:00+00:00,31.062906,36.501087,25.92928
2043-08-08 00:00:00+00:00,30.16152,34.392105,25.83661
2043-08-09 00:00:00+00:00,31.110136,36.783123,25.893942
2043-08-10 00:00:00+00:00,31.958748,37.47414,26.551275
2043-08-11 00:00:00+00:00,30.757362,35.415157,26.95861
2043-08-12 00:00:00+00:00,29.555973,35.30617,25.715942
2043-08-13 00:00:00+00:00,25.804588,29.547192,24.073275
2043-08-14 00:00:00+00:00,26.303202,31.93821,23.980614
2043-08-15 00:00:00+00:00,26.001816,31.929226,22.337942
2043-08-16 00:00:00+00:00,23.50043,25.120241,22.495277
2043-08-17 00:00:00+00:00,25.849045,30.211258,22.10261
2043-08-18 00:00:00+00:00,24.897655,27.452274,22.959942
2043-08-19 00:00:00+00:00,26.74627,31.693295,23.467276
2043-08-20 00:00:00+00:00,26.094883,30.18431,24.624607
2043-08-21 00:00:00+00:00,24.993498,26.675327,23.931942
2043-08-22 00:00:00+00:00,26.392109,31.116348,23.189274
2043-08-23 00:00:00+00:00,25.340725,28.757364,23.146606
2043-08-24 00:00:00+00:00,27.089338,32.34838,23.15394
2043-08-25 00:00:00+00:00,27.63795,32.339397,23.361275
2043-08-26 00:00:00+00:00,27.286564,32.930416,21.218607
2043-08-27 00:00:00+00:00,27.635178,33.771435,23.17594
2043-08-28 00:00:00+00:00,27.83379,32.71245,23.383274
2043-08-29 00:00:00+00:00,26.282402,29.103466,24.24061
2043-08-30 00:00:00+00:00,26.28102,29.694487,24.09794
2043-08-31 00:00:00+00:00,25.02963,26.085503,24.105274
2043-09-01 00:00:00+00:00,26.078245,29.376514,23.612608
2043-09-02 00:00:00+00:00,26.67748,30.024635,23.76238
2043-09-03 00:00:00+00:00,27.62857,31.494038,24.089478
2043-09-04 00:00:00+00:00,26.729666,30.163445,23.766571
2043-09-05 00:00:00+00:00,27.280758,31.282852,23.343666
2043-09-06 00:00:00+00:00,26.981852,29.952251,23.620764
2043-09-07 00:00:00+00:00,25.63295,27.521654,23.997862
2043-09-08 00:00:00+00:00,25.834042,29.791063,23.274956
2043-09-09 00:00:00+00:00,23.985136,26.460464,22.15205
2043-09-10 00:00:00+00:00,26.386229,29.22987,24.029148
2043-09-11 00:00:00+00:00,26.137321,29.249275,24.156244
2043-09-12 00:00:00+00:00,27.388414,31.218681,24.33334
2043-09-13 00:00:00+00:00,28.38951,32.738087,25.210436
2043-09-14 00:00:00+00:00,26.790604,29.507488,24.43753
2043-09-15 00:00:00+00:00,27.0917,31.026894,24.214626
2043-09-16 00:00:00+00:00,28.392792,31.9963,25.291723
2043-09-17 00:00:00+00:00,26.443886,29.115704,24.118818
2043-09-18 00:00:00+00:00,27.744976,32.235104,24.095915
2043-09-19 00:00:00+00:00,27.396072,30.754515,24.37301
2043-09-20 00:00:00+00:00,27.697166,32.223915,23.350105
2043-09-21 00:00:00+00:00,28.59826,32.74332,24.777203
2043-09-22 00:00:00+00:00,29.299353,33.662724,25.9543
2043-09-23 00:00:00+00:00,28.400446,32.53213,24.231394
2043-09-24 00:00:00+00:00,28.05154,31.851532,24.008492
2043-09-25 00:00:00+00:00,29.102634,32.620934,26.335588
2043-09-26 00:00:00+00:00,29.55373,33.340343,25.962685
2043-09-27 00:00:00+00:00,29.65482,33.55975,26.03978
2043-09-28 00:00:00+00:00,29.205917,33.379154,24.766876
2043-09-29 00:00:00+00:00,27.00701,31.64856,23.093971
2043-09-30 00:00:00+00:00,26.508106,31.717964,21.771067
2043-10-01 00:00:00+00:00,29.309198,35.087368,23.14816
2043-10-02 00:00:00+00:00,29.010292,33.156773,24.87526
2043-10-03 00:00:00+00:00,29.561382,33.926174,25.302355
2043-10-04 00:00:00+00:00,29.312477,32.545578,25.929451
2043-10-05 00:00:00+00:00,29.363573,33.514984,25.306545
2043-10-06 00:00:00+00:00,27.814665,31.584387,24.233643
2043-10-07 00:00:00+00:00,28.515759,33.35379,23.66074
2043-10-08 00:00:00+00:00,28.966854,32.923203,25.387833
2043-10-09 00:00:00+00:00,26.017946,28.742603,23.11493
2043-10-10 00:00:00+00:00,27.41904,32.512005,22.242027
2043-10-11 00:00:00+00:00,27.420134,31.081413,24.319122
2043-10-12 00:00:00+00:00,27.171227,30.100819,24.546219
2043-10-13 00:00:00+00:00,26.672321,30.22022,23.473314
2043-10-14 00:00:00+00:00,25.473417,29.739626,21.75041
2043-10-15 00:00:00+00:00,25.774511,29.20903,21.877508
2043-10-16 00:00:00+00:00,26.475605,30.078436,23.154604
2043-10-17 00:00:00+00:00,26.9767,32.847843,21.5817
2043-10-18 00:00:00+00:00,28.67779,34.56724,24.358795
2043-10-19 00:00:00+00:00,28.678885,35.13665,22.58589
2043-10-20 00:00:00+00:00,28.329977,35.706055,22.162987
2043-10-21 00:00:00+00:00,27.431072,34.02546,20.540081
2043-10-22 00:00:00+00:00,27.982166,34.24486,22.21718
2043-10-23 00:00:00+00:00,28.433258,34.51427,23.194273
2043-10-24 00:00:00+00:00,28.134354,34.58367,21.971369
2043-10-25 00:00:00+00:00,28.485447,35.403076,21.248465
2043-10-26 00:00:00+00:00,27.286543,32.97248,22.625563
2043-10-27 00:00:00+00:00,26.887634,34.841885,20.552658
2043-10-28 00:00:00+00:00,27.838726,35.66129,20.229755
2043-10-29 00:00:00+00:00,28.389824,34.480694,21.10685
2043-10-30 00:00:00+00:00,28.490917,36.550102,22.533947
2043-10-31 00:00:00+00:00,26.44201,33.169502,19.211042
2043-11-01 00:00:00+00:00,30.793104,38.088905,23.688139
2043-11-02 00:00:00+00:00,30.290388,36.698807,24.169994
2043-11-03 00:00:00+00:00,32.781326,40.092857,25.309786
2043-11-04 00:00:00+00:00,32.872265,40.086914,24.999578
2043-11-05 00:00:00+00:00,32.763203,38.58097,26.639374
2043-11-06 00:00:00+00:00,32.654144,39.825024,26.329166
2043-11-07 00:00:00+00:00,31.295078,38.269077,25.218956
2043-11-08 00:00:00+00:00,30.586018,38.063133,23.008749
2043-11-09 00:00:00+00:00,30.176958,37.257187,23.198544
2043-11-10 00:00:00+00:00,30.467896,37.80124,22.988335
2043-11-11 00:00:00+00:00,31.308832,38.3453,24.678125
2043-11-12 00:00:00+00:00,30.89977,38.03935,23.917917
2043-11-13 00:00:00+00:00,30.940708,38.33341,24.30771
2043-11-14 00:00:00+00:00,30.981644,38.37746,24.047504
2043-11-15 00:00:00+00:00,30.872585,38.971508,23.687294
2043-11-16 00:00:00+00:00,30.163525,37.41557,23.377087
2043-11-17 00:00:00+00:00,29.604462,37.20962,22.066883
2043-11-18 00:00:00+00:00,30.495401,38.353672,22.75667
2043-11-19 00:00:00+00:00,30.986336,38.497726,24.196466
2043-11-20 00:00:00+00:00,29.727276,37.34179,22.53626
2043-11-21 00:00:00+00:00,29.418217,37.33584,22.02605
2043-11-22 00:00:00+00:00,29.109154,36.97989,22.065842
2043-11-23 00:00:00+00:00,29.300093,37.02395,21.905638
2043-11-24 00:00:00+00:00,29.891026,37.818,22.595427
2043-11-25 00:00:00+00:00,30.331968,38.162056,22.885221
2043-11-26 00:00:00+00:00,29.472906,37.05611,22.625013
2043-11-27 00:00:00+00:00,29.363842,37.45016,22.014805
2043-11-28 00:00:00+00:00,29.704779,37.944218,21.854597
2043-11-29 00:00:00+00:00,30.79572,39.088272,23.294388
2043-11-30 00:00:00+00:00,30.086658,37.58233,23.384182
2043-12-01 00:00:00+00:00,28.077595,34.976383,21.673973
2043-12-02 00:00:00+00:00,26.718534,33.720436,20.313768
2043-12-03 00:00:00+00:00,27.209473,34.41449,21.003557
2043-12-04 00:00:00+00:00,26.050411,32.958546,19.89335
2043-12-05 00:00:00+00:00,25.54135,32.7026,19.083143
2043-12-06 00:00:00+00:00,24.632288,31.396654,18.472937
2043-12-07 00:00:00+00:00,23.673225,30.79071,17.212727
2043-12-08 00:00:00+00:00,23.964165,31.334763,17.45252
2043-12-09 00:00:00+00:00,24.3551,31.978817,17.542313
2043-12-10 00:00:00+00:00,25.94604,34.42287,18.282104
2043-12-11 00:00:00+00:00,27.886978,35.466927,21.271898
2043-12-12 00:00:00+00:00,27.477915,34.560978,21.211689
2043-12-13 00:00:00+00:00,26.818853,34.105034,20.551481
2043-12-14 00:00:00+00:00,26.059793,33.39909,19.291275
2043-12-15 00:00:00+00:00,25.400732,33.443142,18.031067
2043-12-16 00:00:00+00:00,25.34167,33.4372,17.82086
2043-12-17 00:00:00+00:00,25.782606,33.98125,18.26065
2043-12-18 00:00:00+00:00,26.023546,33.825302,19.000444
2043-12-19 00:00:00+00:00,24.914484,31.119356,19.840237
2043-12-20 00:00:00+00:00,24.205423,30.263416,18.680029
2043-12-21 00:00:00+00:00,24.04636,30.60747,18.31982
2043-12-22 00:00:00+00:00,24.9373,32.75152,17.859615
2043-12-23 00:00:00+00:00,25.728237,33.695576,18.549406
2043-12-24 00:00:00+00:00,26.569176,34.639633,19.139196
2043-12-25 00:00:00+00:00,24.810112,31.133682,19.02899
2043-12-26 00:00:00+00:00,25.551048,33.227737,18.468782
2043-12-27 00:00:00+00:00,26.94199,35.071793,19.858576
2043-12-28 00:00:00+00:00,27.332926,34.715847,20.848368
2043-12-29 00:00:00+00:00,26.773865,34.1099,20.28816
2043-12-30 00:00:00+00:00,26.664803,34.35396,19.72795
2043-12-31 00:00:00+00:00,27.955744,36.39801,21.217743
2044-01-01 00:00:00+00:00,28.496681,36.092068,21.60754
2044-01-02 00:00:00+00:00,27.641085,34.83919,20.9495
2044-01-03 00:00:00+00:00,26.438953,33.98939,19.593626
2044-01-04 00:00:00+00:00,26.336819,34.439583,18.837755
2044-01-05 00:00:00+00:00,27.234686,35.68978,19.581886
2044-01-06 00:00:00+00:00,26.632555,34.03998,19.776014
2044-01-07 00:00:00+00:00,25.830425,33.59018,18.520142
2044-01-08 00:00:00+00:00,25.37829,32.990376,18.26427
2044-01-09 00:00:00+00:00,26.376158,35.040573,18.2584
2044-01-10 00:00:00+00:00,27.674028,35.74077,20.202528
2044-01-11 00:00:00+00:00,27.121897,34.290966,20.496658
2044-01-12 00:00:00+00:00,26.069765,33.691162,18.990788
2044-01-13 00:00:00+00:00,25.317633,33.091362,18.034916
2044-01-14 00:00:00+00:00,25.0155,33.44156,17.079044
2044-01-15 00:00:00+00:00,25.26337,33.941757,17.023174
2044-01-16 00:00:00+00:00,26.011236,35.041954,17.3673
2044-01-17 00:00:00+00:00,26.809105,35.24215,18.911432
2044-01-18 00:00:00+00:00,27.456972,36.092346,19.555561
2044-01-19 00:00:00+00:00,27.704842,36.392544,19.599688
2044-01-20 00:00:00+00:00,26.852707,34.44274,19.89382
2044-01-21 00:00:00+00:00,26.150576,34.44294,18.387947
2044-01-22 00:00:00+00:00,26.698446,35.193134,18.832075
2044-01-23 00:00:00+00:00,27.59631,36.093334,19.776205
2044-01-24 00:00:00+00:00,27.89418,36.093533,20.470335
2044-01-25 00:00:00+00:00,27.242048,35.14373,19.964462
2044-01-26 00:00:00+00:00,26.889917,34.743923,19.50859
2044-01-27 00:00:00+00:00,27.137787,34.99412,20.05272
2044-01-28 00:00:00+00:00,26.335653,33.544323,19.546848
2044-01-29 00:00:00+00:00,26.133522,33.644516,19.040977
2044-01-30 00:00:00+00:00,26.681389,34.094715,19.635105
2044-01-31 00:00:00+00:00,26.479256,33.94491,19.379236
2044-02-01 00:00:00+00:00,26.927126,34.69511,19.623363
2044-02-02 00:00:00+00:00,26.724993,34.34531,19.917494
2044-02-03 00:00:00+00:00,26.322863,33.995502,19.111624
2044-02-04 00:00:00+00:00,26.07073,33.9957,18.655752
2044-02-05 00:00:00+00:00,26.168598,34.495895,18.399881
2044-02-06 00:00:00+00:00,26.666466,35.0961,18.594011
2044-02-07 00:00:00+00:00,27.564333,36.696293,18.938137
2044-02-08 00:00:00+00:00,28.362202,37.196487,19.682266
2044-02-09 00:00:00+00:00,28.910069,37.84669,20.326395
2044-02-10 00:00:00+00:00,29.807938,39.09689,21.120525
2044-02-11 00:00:00+00:00,30.155804,38.547085,22.564653
2044-02-12 00:00:00+00:00,29.853676,38.397278,21.758783
2044-02-13 00:00:00+00:00,28.95154,37.54748,21.15291
2044-02-14 00:00:00+00:00,28.94941,38.14767,20.04704
2044-02-15 00:00:00+00:00,30.09728,39.24787,21.441168
2044-02-16 00:00:00+00:00,29.145145,38.098076,20.5353
2044-02-17 00:00:00+00:00,28.893013,37.648266,20.57943
2044-02-18 00:00:00+00:00,29.290882,38.448467,20.323555
2044-02-19 00:00:00+00:00,29.53875,38.24866,21.117687
2044-02-20 00:00:00+00:00,29.386618,37.898857,21.011812
2044-02-21 00:00:00+00:00,29.38449,37.59906,21.155943
2044-02-22 00:00:00+00:00,28.482355,35.74925,21.35007
2044-02-23 00:00:00+00:00,27.780222,35.599453,20.044203
2044-02-24 00:00:00+00:00,28.17809,36.349648,20.13833
2044-02-25 00:00:00+00:00,28.12596,36.14985,20.132456
2044-02-26 00:00:00+00:00,28.773827,37.100044,20.776588
2044-02-27 00:00:00+00:00,29.071695,37.20024,21.270716
2044-02-28 00:00:00+00:00,29.519564,37.750443,21.214848
2044-02-29 00:00:00+00:00,30.217428,38.850636,22.008976
2044-03-01 00:00:00+00:00,30.065298,37.900833,22.053104
2044-03-02 00:00:00+00:00,30.26317,38.051033,21.997234
2044-03-03 00:00:00+00:00,30.615936,38.255867,22.295328
2044-03-04 00:00:00+00:00,31.22164,39.663486,23.295797
2044-03-05 00:00:00+00:00,32.37735,40.821106,24.246275
2044-03-06 00:00:00+00:00,32.03306,39.978725,24.146744
2044-03-07 00:00:00+00:00,31.188763,38.936344,23.44722
2044-03-08 00:00:00+00:00,29.744473,36.94396,23.097692
2044-03-09 00:00:00+00:00,30.650177,39.551582,21.498165
2044-03-10 00:00:00+00:00,31.905886,40.409203,22.79864
2044-03-11 00:00:00+00:00,32.961594,41.96682,23.499113
2044-03-12 00:00:00+00:00,32.117302,39.624443,25.049585
2044-03-13 00:00:00+00:00,32.523006,41.482063,23.200058
2044-03-14 00:00:00+00:00,32.478714,40.039677,24.75053
2044-03-15 00:00:00+00:00,33.48442,41.7973,25.101004
2044-03-16 00:00:00+00:00,34.14013,41.95492,26.201477
2044-03-17 00:00:00+00:00,34.445835,41.912537,26.651953
2044-03-18 00:00:00+00:00,33.55154,41.270157,25.952425
2044-03-19 00:00:00+00:00,33.757248,42.577778,24.852898
2044-03-20 00:00:00+00:00,33.562954,40.9354,25.503372
2044-03-21 00:00:00+00:00,32.668663,40.043015,25.053843
2044-03-22 00:00:00+00:00,33.97437,42.450638,25.254318
2044-03-23 00:00:00+00:00,34.88008,43.408253,26.45479
2044-03-24 00:00:00+00:00,33.435787,41.065872,24.555264
2044-03-25 00:00:00+00:00,32.14149,38.673492,24.905737
2044-03-26 00:00:00+00:00,32.7972,39.931107,25.506212
2044-03-27 00:00:00+00:00,33.302906,41.13873,26.056683
2044-03-28 00:00:00+00:00,31.958614,39.546352,24.05716
2044-03-29 00:00:00+00:00,32.91432,41.50397,24.40763
2044-03-30 00:00:00+00:00,33.770027,41.661587,25.358103
2044-03-31 00:00:00+00:00,33.125732,39.819206,24.858576
2044-04-01 00:00:00+00:00,33.88144,41.52683,25.509048
2044-04-02 00:00:00+00:00,35.08715,43.584454,26.009521
2044-04-03 00:00:00+00:00,35.492855,43.492065,28.109993
2044-04-04 00:00:00+00:00,33.84856,41.499683,25.960468
2044-04-05 00:00:00+00:00,32.854267,41.957302,22.410944
2044-04-06 00:00:00+00:00,32.70998,40.86493,24.411417
2044-04-07 00:00:00+00:00,32.315685,39.77254,24.51189
2044-04-08 00:00:00+00:00,34.17139,41.680164,26.062363
2044-04-09 00:00:00+00:00,34.427094,41.637783,26.812836
2044-04-10 00:00:00+00:00,34.482807,42.345406,26.313309
2044-04-11 00:00:00+00:00,34.38851,42.00302,26.21378
2044-04-12 00:00:00+00:00,34.944218,42.26064,26.964254
2044-04-13 00:00:00+00:00,34.299927,41.26826,26.664728
2044-04-14 00:00:00+00:00,33.855633,41.27588,25.8652
2044-04-15 00:00:00+00:00,33.91134,41.7835,25.965673
2044-04-16 00:00:00+00:00,31.61705,39.29112,23.866148
2044-04-17 00:00:00+00:00,30.122757,38.548737,21.61662
2044-04-18 00:00:00+00:00,31.178461,39.456356,22.517096
2044-04-19 00:00:00+00:00,33.48417,41.813972,24.467566
2044-04-20 00:00:00+00:00,34.139877,41.871593,25.11804
2044-04-21 00:00:00+00:00,34.59559,42.179214,26.668516
2044-04-22 00:00:00+00:00,34.85129,43.436836,25.668985
2044-04-23 00:00:00+00:00,35.756996,44.194458,27.119461
2044-04-24 00:00:00+00:00,36.212704,43.102074,29.169931
2044-04-25 00:00:00+00:00,34.91841,41.909695,28.020407
2044-04-26 00:00:00+00:00,30.624123,38.06731,23.82088
2044-04-27 00:00:00+00:00,29.679827,37.674927,21.421354
2044-04-28 00:00:00+00:00,31.635534,39.13255,23.721825
2044-04-29 00:00:00+00:00,32.19124,39.940166,23.8223
2044-04-30 00:00:00+00:00,32.89695,40.79779,24.172775
2044-05-01 00:00:00+00:00,33.152653,41.505405,24.523245
2044-05-02 00:00:00+00:00,33.858364,41.76303,25.373718
2044-05-03 00:00:00+00:00,33.914124,42.10571,25.247217
2044-05-04 00:00:00+00:00,33.419903,40.993423,25.428396
2044-05-05 00:00:00+00:00,30.975681,37.331127,24.659573
2044-05-06 00:00:00+00:00,32.43146,41.16883,22.79075
2044-05-07 00:00:00+00:00,33.58724,41.206543,25.221924
2044-05-08 00:00:00+00:00,32.29302,39.04425,24.853102
2044-05-09 00:00:00+00:00,32.398804,40.03196,24.284277
2044-05-10 00:00:00+00:00,33.454582,41.719666,25.265455
2044-05-11 00:00:00+00:00,32.260357,40.507374,23.94663
2044-05-12 00:00:00+00:00,31.06614,39.49508,22.727808
2044-05-13 00:00:00+00:00,33.27192,41.432785,24.058983
2044-05-14 00:00:00+00:00,36.627693,44.370495,27.99016
2044-05-15 00:00:00+00:00,37.43348,44.808197,29.271336
2044-05-16 00:00:00+00:00,37.589256,44.395905,30.002512
2044-05-17 00:00:00+00:00,33.795036,39.383614,25.983688
2044-05-18 00:00:00+00:00,32.600815,39.221325,24.514868
2044-05-19 00:00:00+00:00,31.656591,39.859028,23.746042
2044-05-20 00:00:00+00:00,31.112373,35.096733,27.627216
2044-05-21 00:00:00+00:00,32.168148,38.284443,26.658396
2044-05-22 00:00:00+00:00,35.223934,42.47215,27.139572
2044-05-23 00:00:00+00:00,36.329712,41.909855,30.720745
2044-05-24 00:00:00+00:00,37.18549,44.847565,29.151926
2044-05-25 00:00:00+00:00,38.291267,44.23527,31.0831
2044-05-26 00:00:00+00:00,35.89705,41.672977,28.564278
2044-05-27 00:00:00+00:00,34.702827,40.110683,28.895452
2044-05-28 00:00:00+00:00,34.758614,40.99839,28.476631
2044-05-29 00:00:00+00:00,34.51439,40.7861,28.207804
2044-05-30 00:00:00+00:00,37.470165,44.323807,29.938984
2044-05-31 00:00:00+00:00,35.775948,41.461514,29.270157
2044-06-01 00:00:00+00:00,36.53173,43.499218,29.051334
2044-06-02 00:00:00+00:00,35.687508,43.186924,27.632511
2044-06-03 00:00:00+00:00,35.893288,42.574635,28.763689
2044-06-04 00:00:00+00:00,35.24906,41.51234,29.044865
2044-06-05 00:00:00+00:00,34.404846,41.200047,27.276041
2044-06-06 00:00:00+00:00,34.360622,39.68775,27.707216
2044-06-07 00:00:00+00:00,28.466404,36.42547,21.738394
2044-06-08 00:00:00+00:00,32.82218,41.31317,24.51957
2044-06-09 00:00:00+00:00,35.477962,43.100876,28.000746
2044-06-10 00:00:00+00:00,33.383743,39.38858,26.131924
2044-06-11 00:00:00+00:00,33.83952,39.876293,27.6131
2044-06-12 00:00:00+00:00,34.395298,40.913998,27.994274
2044-06-13 00:00:00+00:00,35.85108,43.951702,29.075453
2044-06-14 00:00:00+00:00,32.856857,38.83941,25.856627
2044-06-15 00:00:00+00:00,33.11264,39.12712,27.087803
2044-06-16 00:00:00+00:00,33.218414,39.864826,26.668983
2044-06-17 00:00:00+00:00,33.374195,41.15253,25.250158
2044-06-18 00:00:00+00:00,34.079975,40.940243,26.731333
2044-06-19 00:00:00+00:00,31.435757,36.077946,26.71251
2044-06-20 00:00:00+00:00,27.79153,32.365654,23.543688
2044-06-21 00:00:00+00:00,30.197315,36.85336,23.92486
2044-06-22 00:00:00+00:00,34.903095,41.39107,28.25604
2044-06-23 00:00:00+00:00,33.30887,39.028774,27.687218
2044-06-24 00:00:00+00:00,32.41465,38.916485,26.118391
2044-06-25 00:00:00+00:00,32.570435,39.104195,26.44957
2044-06-26 00:00:00+00:00,33.07621,39.241898,27.380745
2044-06-27 00:00:00+00:00,31.231989,35.629604,26.761923
2044-06-28 00:00:00+00:00,31.38777,36.417313,26.0431
2044-06-29 00:00:00+00:00,33.94355,40.00502,28.374273
2044-06-30 00:00:00+00:00,34.099327,40.592728,27.355452
2044-07-01 00:00:00+00:00,33.405106,38.98043,27.736628
2044-07-02 00:00:00+00:00,33.010887,38.61814,27.617804
2044-07-03 00:00:00+00:00,33.610397,39.208744,28.32812
2044-07-04 00:00:00+00:00,32.85901,38.999767,27.23545
2044-07-05 00:00:00+00:00,32.107624,38.29078,25.792782
2044-07-06 00:00:00+00:00,31.356236,36.68179,26.050116
2044-07-07 00:00:00+00:00,31.604847,38.07281,25.907448
2044-07-08 00:00:00+00:00,30.353464,35.11383,25.814783
2044-07-09 00:00:00+00:00,27.302076,30.654848,24.372116
2044-07-10 00:00:00+00:00,26.950691,32.795868,24.079449
2044-07-11 00:00:00+00:00,29.999304,36.08688,24.086782
2044-07-12 00:00:00+00:00,31.197918,35.4779,27.194113
2044-07-13 00:00:00+00:00,32.09653,37.16892,26.901451
2044-07-14 00:00:00+00:00,31.745144,37.109932,26.808783
2044-07-15 00:00:00+00:00,31.593758,38.30095,26.916115
2044-07-16 00:00:00+00:00,32.09237,38.14197,27.873447
2044-07-17 00:00:00+00:00,27.490986,32.332985,22.630781
2044-07-18 00:00:00+00:00,29.089598,34.574005,25.138113
2044-07-19 00:00:00+00:00,30.438211,36.71502,25.595448
2044-07-20 00:00:00+00:00,27.486828,32.40604,24.652779
2044-07-21 00:00:00+00:00,23.835438,26.347055,22.360113
2044-07-22 00:00:00+00:00,24.184052,26.238071,22.71745
2044-07-23 00:00:00+00:00,25.032665,29.62909,22.874783
2044-07-24 00:00:00+00:00,23.081278,24.52011,21.982113
2044-07-25 00:00:00+00:00,25.379892,30.061121,21.889446
2044-07-26 00:00:00+00:00,26.378508,30.052145,23.846779
2044-07-27 00:00:00+00:00,28.777119,35.19316,24.454111
2044-07-28 00:00:00+00:00,29.225733,35.484177,25.361444
2044-07-29 00:00:00+00:00,26.824347,33.275192,24.41878
2044-07-30 00:00:00+00:00,29.172958,35.21621,24.176111
2044-07-31 00:00:00+00:00,30.521572,35.707226,25.783445
2044-08-01 00:00:00+00:00,29.720188,35.74825,25.490778
2044-08-02 00:00:00+00:00,29.068802,35.58926,23.248112
2044-08-03 00:00:00+00:00,29.967415,34.68028,25.505444
2044-08-04 00:00:00+00:00,30.566029,36.1713,25.76278
2044-08-05 00:00:00+00:00,30.16464,34.862316,25.470112
2044-08-06 00:00:00+00:00,29.013256,34.90333,24.827444
2044-08-07 00:00:00+00:00,26.311867,32.09435,23.784777
2044-08-08 00:00:00+00:00,26.960482,31.485367,23.392109
2044-08-09 00:00:00+00:00,27.159094,30.526382,23.849445
2044-08-10 00:00:00+00:00,28.007708,31.817398,25.056774
2044-08-11 00:00:00+00:00,26.856321,31.008419,24.014109
2044-08-12 00:00:00+00:00,25.104937,27.34944,23.671442
2044-08-13 00:00:00+00:00,25.40355,28.090452,23.378777
2044-08-14 00:00:00+00:00,26.352163,29.781471,24.33611
2044-08-15 00:00:00+00:00,25.800777,29.722488,22.093441
2044-08-16 00:00:00+00:00,25.249392,27.013508,23.900776
2044-08-17 00:00:00+00:00,28.048002,33.50452,23.858109
2044-08-18 00:00:00+00:00,28.896616,34.745537,24.515442
2044-08-19 00:00:00+00:00,29.44523,35.486553,24.472775
2044-08-20 00:00:00+00:00,29.193844,34.427578,25.630108
2044-08-21 00:00:00+00:00,28.892458,34.318596,25.18744
2044-08-22 00:00:00+00:00,25.44107,27.95961,24.194777
2044-08-23 00:00:00+00:00,28.389685,34.30063,24.352106
2044-08-24 00:00:00+00:00,29.738295,36.691647,24.30944
2044-08-25 00:00:00+00:00,29.236912,34.782665,24.316774
2044-08-26 00:00:00+00:00,29.285524,34.02368,25.47411
2044-08-27 00:00:00+00:00,28.734138,32.164696,25.88144
2044-08-28 00:00:00+00:00,27.232752,30.305714,25.138773
2044-08-29 00:00:00+00:00,29.381365,34.34673,25.796106
2044-08-30 00:00:00+00:00,30.979979,36.23775,25.853441
2044-08-31 00:00:00+00:00,28.828592,32.078766,25.860775
2044-09-01 00:00:00+00:00,29.127205,35.16978,23.768106
2044-09-02 00:00:00+00:00,27.028297,30.239183,23.845203
2044-09-03 00:00:00+00:00,27.629393,31.008593,25.022299
2044-09-04 00:00:00+00:00,25.830486,27.677994,24.499395
2044-09-05 00:00:00+00:00,24.081581,25.8474,22.776491
2044-09-06 00:00:00+00:00,25.532675,29.416805,22.303583
2044-09-07 00:00:00+00:00,26.633766,30.536207,22.83068
2044-09-08 00:00:00+00:00,27.28486,31.055613,23.757778
2044-09-09 00:00:00+00:00,25.835955,28.52502,23.584873
2044-09-10 00:00:00+00:00,24.03705,28.344427,21.46197
2044-09-11 00:00:00+00:00,25.688143,29.963829,21.789066
2044-09-12 00:00:00+00:00,28.089237,32.833233,24.81616
2044-09-13 00:00:00+00:00,27.24033,31.352638,24.093258
2044-09-14 00:00:00+00:00,26.491423,30.87204,22.370354
2044-09-15 00:00:00+00:00,28.592516,32.791447,24.847448
2044-09-16 00:00:00+00:00,29.59361,33.41085,26.124544
2044-09-17 00:00:00+00:00,27.044703,29.730257,24.801641
2044-09-18 00:00:00+00:00,26.5958,29.199661,24.028736
2044-09-19 00:00:00+00:00,26.546894,30.219063,23.005833
2044-09-20 00:00:00+00:00,27.597988,31.28847,23.632929
2044-09-21 00:00:00+00:00,28.249083,32.207874,24.010025
2044-09-22 00:00:00+00:00,25.550175,29.37728,21.837122
2044-09-23 00:00:00+00:00,27.001268,31.746681,22.314215
2044-09-24 00:00:00+00:00,27.80236,31.56609,25.191313
2044-09-25 00:00:00+00:00,25.653454,29.485493,23.31841
2044-09-26 00:00:00+00:00,26.65455,30.804893,22.895504
2044-09-27 00:00:00+00:00,26.555641,30.624302,22.722599
2044-09-28 00:00:00+00:00,27.806736,32.593708,24.099695
2044-09-29 00:00:00+00:00,26.007832,28.96311,22.426794
2044-09-30 00:00:00+00:00,26.158924,31.432514,21.103891
2044-10-01 00:00:00+00:00,28.260017,32.501923,24.030983
2044-10-02 00:00:00+00:00,28.111113,32.67132,24.208082
2044-10-03 00:00:00+00:00,29.712204,35.090733,24.885176
2044-10-04 00:00:00+00:00,30.963303,36.160133,27.212273
2044-10-05 00:00:00+00:00,29.014393,33.279537,25.189367
2044-10-06 00:00:00+00:00,28.465485,32.298946,24.666462
2044-10-07 00:00:00+00:00,29.16658,33.71835,24.843561
2044-10-08 00:00:00+00:00,28.467674,34.93775,23.970655
2044-10-09 00:00:00+00:00,26.768768,31.80716,21.897753
2044-10-10 00:00:00+00:00,28.66986,33.526566,24.174849
2044-10-11 00:00:00+00:00,29.420956,34.495964,25.501945
2044-10-12 00:00:00+00:00,31.12205,38.36537,25.679043
2044-10-13 00:00:00+00:00,29.723145,34.28478,25.506134
2044-10-14 00:00:00+00:00,29.724237,33.85418,25.883232
2044-10-15 00:00:00+00:00,30.175331,34.473583,26.360329
2044-10-16 00:00:00+00:00,29.876425,35.14299,24.487423
2044-10-17 00:00:00+00:00,28.827518,36.212395,22.564522
2044-10-18 00:00:00+00:00,28.02861,33.9818,22.491617
2044-10-19 00:00:00+00:00,28.329704,33.901203,23.168713
2044-10-20 00:00:00+00:00,28.780798,34.270607,24.09581
2044-10-21 00:00:00+00:00,30.131895,36.040012,23.972906
2044-10-22 00:00:00+00:00,30.032986,35.859417,24.749998
2044-10-23 00:00:00+00:00,29.88408,35.12882,25.127094
2044-10-24 00:00:00+00:00,29.685173,35.04823,24.154194
2044-10-25 00:00:00+00:00,29.286268,35.16763,23.981287
2044-10-26 00:00:00+00:00,28.487362,34.287037,23.358383
2044-10-27 00:00:00+00:00,28.838455,34.40644,23.535479
2044-10-28 00:00:00+00:00,27.63955,32.725845,23.262575
2044-10-29 00:00:00+00:00,27.440643,33.79525,20.989672
2044-10-30 00:00:00+00:00,28.791735,32.86466,23.76677
2044-10-31 00:00:00+00:00,29.04283,35.334057,23.393864
2044-11-01 00:00:00+00:00,31.442656,37.85029,25.572546
2044-11-02 00:00:00+00:00,30.383593,37.29435,23.86234
2044-11-03 00:00:00+00:00,29.124533,35.938404,22.60213
2044-11-04 00:00:00+00:00,29.865469,38.232452,21.791922
2044-11-05 00:00:00+00:00,31.206406,38.12652,24.031715
2044-11-06 00:00:00+00:00,29.997345,36.370567,24.27151
2044-11-07 00:00:00+00:00,30.28828,36.914623,24.4113
2044-11-08 00:00:00+00:00,29.929222,36.80867,23.501093
2044-11-09 00:00:00+00:00,29.370161,36.45273,22.540886
2044-11-10 00:00:00+00:00,29.111097,36.69678,21.28068
2044-11-11 00:00:00+00:00,29.302036,36.14084,21.670471
2044-11-12 00:00:00+00:00,29.642973,35.28489,23.060263
2044-11-13 00:00:00+00:00,31.683912,38.328945,25.100056
2044-11-14 00:00:00+00:00,32.17485,39.673,24.739847
2044-11-15 00:00:00+00:00,32.065792,39.367054,24.379639
2044-11-16 00:00:00+00:00,32.806732,40.51111,25.269432
2044-11-17 00:00:00+00:00,32.397667,39.605164,25.609224
2044-11-18 00:00:00+00:00,32.938602,40.29922,25.099016
2044-11-19 00:00:00+00:00,33.629543,41.14327,25.838808
2044-11-20 00:00:00+00:00,32.92048,39.587322,26.078602
2044-11-21 00:00:00+00:00,32.01142,37.631382,26.218393
2044-11-22 00:00:00+00:00,32.252357,38.675434,26.75819
2044-11-23 00:00:00+00:00,32.19329,38.869488,26.14798
2044-11-24 00:00:00+00:00,30.284233,36.163544,24.437769
2044-11-25 00:00:00+00:00,28.575169,34.8076,23.477566
2044-11-26 00:00:00+00:00,27.266111,33.30165,21.767357
2044-11-27 00:00:00+00:00,25.707048,31.195704,20.757149
2044-11-28 00:00:00+00:00,25.897985,33.23976,19.29694
2044-11-29 00:00:00+00:00,26.488926,34.383816,18.986734
2044-11-30 00:00:00+00:00,27.579863,35.37787,20.026524
2044-12-01 00:00:00+00:00,28.8708,37.321922,21.516317
2044-12-02 00:00:00+00:00,29.611738,34.81597,25.40611
2044-12-03 00:00:00+00:00,30.402676,37.06003,23.545904
2044-12-04 00:00:00+00:00,30.143614,36.904083,23.785696
2044-12-05 00:00:00+00:00,29.084553,34.99814,24.12549
2044-12-06 00:00:00+00:00,27.97549,35.042194,21.66528
2044-12-07 00:00:00+00:00,28.116428,35.886246,21.255072
2044-12-08 00:00:00+00:00,28.407368,36.1303,21.044867
2044-12-09 00:00:00+00:00,27.498304,35.574352,19.934654
2044-12-10 00:00:00+00:00,27.689243,35.71841,20.324451
2044-12-11 00:00:00+00:00,27.880182,35.662468,20.964241
2044-12-12 00:00:00+00:00,27.971119,36.106518,21.154036
2044-12-13 00:00:00+00:00,27.51206,35.400574,20.593826
2044-12-14 00:00:00+00:00,27.852999,36.094627,19.933619
2044-12-15 00:00:00+00:00,27.993937,35.688683,21.473412
2044-12-16 00:00:00+00:00,27.884872,36.082733,21.063204
2044-12-17 00:00:00+00:00,28.27581,36.47679,21.302996
2044-12-18 00:00:00+00:00,28.46675,36.570843,21.392788
2044-12-19 00:00:00+00:00,28.557688,36.4649,21.782581
2044-12-20 00:00:00+00:00,27.448626,35.308952,20.272373
2044-12-21 00:00:00+00:00,28.039564,36.553005,20.762167
2044-12-22 00:00:00+00:00,29.030502,37.147064,22.151957
2044-12-23 00:00:00+00:00,28.92144,36.541115,22.341753
2044-12-24 00:00:00+00:00,28.312378,35.935173,21.631542
2044-12-25 00:00:00+00:00,27.303316,34.779224,20.971334
2044-12-26 00:00:00+00:00,26.994257,35.37328,19.611128
2044-12-27 00:00:00+00:00,27.935194,36.667336,19.95092
2044-12-28 00:00:00+00:00,28.02613,36.66139,20.690714
2044-12-29 00:00:00+00:00,28.317068,37.65544,20.080503
2044-12-30 00:00:00+00:00,28.408009,37.399498,20.820295
2044-12-31 00:00:00+00:00,27.248947,36.293552,19.110088
2045-01-01 00:00:00+00:00,27.941616,36.739136,19.300966
2045-01-02 00:00:00+00:00,28.039486,36.789337,19.745092
2045-01-03 00:00:00+00:00,27.83735,36.389538,19.689222
2045-01-04 00:00:00+00:00,26.93522,35.289738,18.93335
2045-01-05 00:00:00+00:00,26.083088,33.83993,18.67748
2045-01-06 00:00:00+00:00,25.980957,33.590126,18.971611
2045-01-07 00:00:00+00:00,26.578825,34.740322,19.41574
2045-01-08 00:00:00+00:00,26.726692,35.040524,18.55987
2045-01-09 00:00:00+00:00,26.274559,34.19072,18.953995
2045-01-10 00:00:00+00:00,24.622429,31.890915,18.348127
2045-01-11 00:00:00+00:00,24.3203,31.691116,18.292255
2045-01-12 00:00:00+00:00,23.718164,31.041311,17.336386
2045-01-13 00:00:00+00:00,24.216034,32.541508,16.280514
2045-01-14 00:00:00+00:00,24.713902,33.441704,16.92464
2045-01-15 00:00:00+00:00,25.16177,33.141903,17.71877
2045-01-16 00:00:00+00:00,26.209637,34.592102,18.4129
2045-01-17 00:00:00+00:00,26.207506,34.2923,19.007029
2045-01-18 00:00:00+00:00,25.155375,32.592495,18.451155
2045-01-19 00:00:00+00:00,25.50324,33.142696,18.095287
2045-01-20 00:00:00+00:00,25.451109,33.04289,18.039413
2045-01-21 00:00:00+00:00,27.548975,35.593086,19.833544
2045-01-22 00:00:00+00:00,28.146847,34.443283,22.977673
2045-01-23 00:00:00+00:00,28.794714,37.293488,21.021801
2045-01-24 00:00:00+00:00,29.792582,37.64368,21.91593
2045-01-25 00:00:00+00:00,27.690449,34.643875,21.01006
2045-01-26 00:00:00+00:00,25.638319,32.544075,18.804188
2045-01-27 00:00:00+00:00,23.886185,30.544268,17.048317
2045-01-28 00:00:00+00:00,25.334055,32.494465,18.392445
2045-01-29 00:00:00+00:00,25.73192,32.894665,19.136574
2045-01-30 00:00:00+00:00,24.72979,31.744864,18.030703
2045-01-31 00:00:00+00:00,24.32766,31.345066,17.874832
2045-02-01 00:00:00+00:00,23.275528,30.145256,16.618961
2045-02-02 00:00:00+00:00,24.523396,32.295456,17.213093
2045-02-03 00:00:00+00:00,25.721264,34.395653,17.257217
2045-02-04 00:00:00+00:00,27.619133,36.44585,19.201347
2045-02-05 00:00:00+00:00,29.016998,37.796047,20.64548
2045-02-06 00:00:00+00:00,29.914867,38.446243,21.839605
2045-02-07 00:00:00+00:00,29.762735,38.296444,21.633736
2045-02-08 00:00:00+00:00,29.660603,38.596638,20.977863
2045-02-09 00:00:00+00:00,29.758472,38.946835,20.72199
2045-02-10 00:00:00+00:00,30.40634,39.697033,21.716122
2045-02-11 00:00:00+00:00,31.35421,40.19723,23.310251
2045-02-12 00:00:00+00:00,30.652075,38.947426,23.10438
2045-02-13 00:00:00+00:00,29.149942,37.39762,21.34851
2045-02-14 00:00:00+00:00,29.147812,37.897823,20.842638
2045-02-15 00:00:00+00:00,28.74568,36.89802,20.986769
2045-02-16 00:00:00+00:00,28.443546,36.848217,20.580898
2045-02-17 00:00:00+00:00,28.741415,37.84842,20.175024
2045-02-18 00:00:00+00:00,29.039284,38.298615,20.219154
2045-02-19 00:00:00+00:00,29.63715,39.24881,20.563282
2045-02-20 00:00:00+00:00,29.535019,37.999004,21.70741
2045-02-21 00:00:00+00:00,29.182886,37.399204,22.051538
2045-02-22 00:00:00+00:00,29.230757,37.049404,21.545671
2045-02-23 00:00:00+00:00,29.628624,38.4496,21.339798
2045-02-24 00:00:00+00:00,29.67649,38.7998,20.383926
2045-02-25 00:00:00+00:00,31.074362,40.699993,21.778057
2045-02-26 00:00:00+00:00,31.57223,40.70019,23.072184
2045-02-27 00:00:00+00:00,31.270096,40.150387,23.31631
2045-02-28 00:00:00+00:00,31.767965,40.950584,22.610443
2045-03-01 00:00:00+00:00,32.165833,41.600784,22.85457
2045-03-02 00:00:00+00:00,32.1137,40.850983,23.748703
2045-03-03 00:00:00+00:00,30.814508,38.453964,23.395208
2045-03-04 00:00:00+00:00,28.770214,36.561577,21.19568
2045-03-05 00:00:00+00:00,28.725922,37.2692,20.796154
2045-03-06 00:00:00+00:00,28.63163,37.27682,20.14663
2045-03-07 00:00:00+00:00,30.537338,39.834442,21.5471
2045-03-08 00:00:00+00:00,31.843044,40.44206,23.747576
2045-03-09 00:00:00+00:00,31.39875,39.79968,23.148046
2045-03-10 00:00:00+00:00,30.854458,39.357292,22.298521
2045-03-11 00:00:00+00:00,30.760162,39.564915,22.148994
2045-03-12 00:00:00+00:00,31.565874,40.522533,22.899467
2045-03-13 00:00:00+00:00,33.071583,41.430157,25.249943
2045-03-14 00:00:00+00:00,32.577286,40.137775,25.550413
2045-03-15 00:00:00+00:00,30.982994,38.49539,23.600887
2045-03-16 00:00:00+00:00,30.738699,39.003014,22.50136
2045-03-17 00:00:00+00:00,31.794407,40.710632,23.751833
2045-03-18 00:00:00+00:00,32.100117,40.86825,23.752306
2045-03-19 00:00:00+00:00,32.50582,41.175873,24.052778
2045-03-20 00:00:00+00:00,32.811527,41.33349,24.353252
2045-03-21 00:00:00+00:00,32.717236,41.041107,24.203724
2045-03-22 00:00:00+00:00,31.772943,39.798733,23.4042
2045-03-23 00:00:00+00:00,31.028648,39.95635,21.854671
2045-03-24 00:00:00+00:00,33.084354,42.16397,23.955145
2045-03-25 00:00:00+00:00,33.640064,42.071587,25.00562
2045-03-26 00:00:00+00:00,33.945774,42.47921,25.006092
2045-03-27 00:00:00+00:00,34.65148,43.536827,25.206564
2045-03-28 00:00:00+00:00,35.707184,43.944443,27.00704
2045-03-29 00:00:00+00:00,36.812893,44.052067,28.607512
2045-03-30 00:00:00+00:00,35.5686,44.009686,26.957983
2045-03-31 00:00:00+00:00,34.92431,43.017307,26.258457
2045-04-01 00:00:00+00:00,31.330015,39.324924,23.108929
2045-04-02 00:00:00+00:00,30.58572,39.032543,22.109402
2045-04-03 00:00:00+00:00,31.291428,40.14016,21.909876
2045-04-04 00:00:00+00:00,32.347137,40.547783,23.81035
2045-04-05 00:00:00+00:00,34.102844,43.1554,24.860825
2045-04-06 00:00:00+00:00,35.458553,44.01302,26.7613
2045-04-07 00:00:00+00:00,33.51426,39.72064,26.461771
2045-04-08 00:00:00+00:00,31.669964,40.02826,23.012245
2045-04-09 00:00:00+00:00,33.57567,42.535877,24.262718
2045-04-10 00:00:00+00:00,34.781376,44.243496,24.813189
2045-04-11 00:00:00+00:00,35.887085,44.351116,28.013664
2045-04-12 00:00:00+00:00,34.042793,41.058735,25.51414
2045-04-13 00:00:00+00:00,33.3985,41.816353,24.46461
2045-04-14 00:00:00+00:00,34.104206,42.973976,24.615082
2045-04-15 00:00:00+00:00,34.959915,44.081593,24.915556
2045-04-16 00:00:00+00:00,36.16562,44.58921,27.716028
2045-04-17 00:00:00+00:00,34.52133,42.94683,24.766502
2045-04-18 00:00:00+00:00,35.227036,43.454456,26.616974
2045-04-19 00:00:00+00:00,34.08275,42.262074,25.56745
2045-04-20 00:00:00+00:00,33.588448,42.01969,24.917923
2045-04-21 00:00:00+00:00,33.54416,42.02731,25.068396
2045-04-22 00:00:00+00:00,33.749863,42.234932,25.51887
2045-04-23 00:00:00+00:00,33.95557,42.44255,24.86934
2045-04-24 00:00:00+00:00,32.06128,40.500168,23.919815
2045-04-25 00:00:00+00:00,31.416986,40.10779,22.370287
2045-04-26 00:00:00+00:00,29.172695,36.06541,21.970762
2045-04-27 00:00:00+00:00,28.7284,36.273026,20.921232
2045-04-28 00:00:00+00:00,29.184107,37.430645,20.42171
2045-04-29 00:00:00+00:00,27.689816,35.38826,19.422182
2045-04-30 00:00:00+00:00,27.445518,35.595882,18.972652
2045-05-01 00:00:00+00:00,28.95123,37.803505,20.07313
2045-05-02 00:00:00+00:00,30.156937,36.811123,22.523602
2045-05-03 00:00:00+00:00,31.662682,39.358788,23.589426
2045-05-04 00:00:00+00:00,31.868462,39.946495,23.470604
2045-05-05 00:00:00+00:00,31.774235,39.9342,23.201777
2045-05-06 00:00:00+00:00,32.48002,40.971905,23.382957
2045-05-07 00:00:00+00:00,33.285797,41.35961,24.81413
2045-05-08 00:00:00+00:00,33.891575,41.947323,25.245306
2045-05-09 00:00:00+00:00,34.59735,42.685036,25.376484
2045-05-10 00:00:00+00:00,35.30313,43.32274,26.757662
2045-05-11 00:00:00+00:00,36.408913,44.76044,27.738834
2045-05-12 00:00:00+00:00,36.71469,44.64815,28.920013
2045-05-13 00:00:00+00:00,36.120476,44.73586,27.30119
2045-05-14 00:00:00+00:00,34.976254,42.223564,27.082367
2045-05-15 00:00:00+00:00,34.18203,41.211273,26.263542
2045-05-16 00:00:00+00:00,36.587814,45.098984,28.044716
2045-05-17 00:00:00+00:00,37.34359,44.736683,29.625893
2045-05-18 00:00:00+00:00,36.64937,43.724392,28.957071
2045-05-19 00:00:00+00:00,36.75515,44.562103,28.688248
2045-05-20 00:00:00+00:00,37.26093,44.89981,29.169424
2045-05-21 00:00:00+00:00,36.316708,43.98751,27.8006
2045-05-22 00:00:00+00:00,36.422485,43.67522,28.631779
2045-05-23 00:00:00+00:00,33.828266,39.21293,27.112955
2045-05-24 00:00:00+00:00,31.734049,37.10064,26.644129
2045-05-25 00:00:00+00:00,32.939823,40.738342,25.025307
2045-05-26 00:00:00+00:00,34.145607,42.22605,25.706482
2045-05-27 00:00:00+00:00,34.401382,41.713757,26.237658
2045-05-28 00:00:00+00:00,32.557163,39.051468,25.518835
2045-05-29 00:00:00+00:00,32.612946,40.33917,25.050013
2045-05-30 00:00:00+00:00,32.11872,39.22688,24.23119
2045-05-31 00:00:00+00:00,32.874504,39.964584,25.362364
2045-06-01 00:00:00+00:00,33.480278,40.102295,26.34354
2045-06-02 00:00:00+00:00,32.88606,39.339996,26.374718
2045-06-03 00:00:00+00:00,32.74184,40.427708,24.905895
2045-06-04 00:00:00+00:00,33.197617,40.865414,25.68707
2045-06-05 00:00:00+00:00,32.9534,40.553123,24.918245
2045-06-06 00:00:00+00:00,34.10918,42.140827,25.349424
2045-06-07 00:00:00+00:00,34.66496,41.128536,27.630598
2045-06-08 00:00:00+00:00,31.620737,36.36624,26.211777
2045-06-09 00:00:00+00:00,33.276516,40.353954,25.79295
2045-06-10 00:00:00+00:00,34.482296,41.991653,26.92413
2045-06-11 00:00:00+00:00,33.338078,40.679363,25.705303
2045-06-12 00:00:00+00:00,31.793854,37.717068,26.286484
2045-06-13 00:00:00+00:00,33.349636,39.804783,26.017656
2045-06-14 00:00:00+00:00,33.905415,38.992485,28.248835
2045-06-15 00:00:00+00:00,35.761192,42.280193,29.130013
2045-06-16 00:00:00+00:00,36.366974,43.167896,28.911188
2045-06-17 00:00:00+00:00,33.27275,37.555607,28.242363
2045-06-18 00:00:00+00:00,33.22853,39.993313,27.273539
2045-06-19 00:00:00+00:00,34.584312,41.88102,27.654718
2045-06-20 00:00:00+00:00,34.24009,40.918728,27.635893
2045-06-21 00:00:00+00:00,32.44587,39.00644,25.267069
2045-06-22 00:00:00+00:00,33.251648,39.19414,26.948246
2045-06-23 00:00:00+00:00,34.257427,40.03185,27.329422
2045-06-24 00:00:00+00:00,32.863205,39.219555,28.310598
2045-06-25 00:00:00+00:00,34.41899,40.407265,27.991774
2045-06-26 00:00:00+00:00,34.524765,41.044968,27.92295
2045-06-27 00:00:00+00:00,33.030544,39.982677,25.754126
2045-06-28 00:00:00+00:00,34.286324,40.370388,27.635303
2045-06-29 00:00:00+00:00,30.692104,35.158096,26.916481
2045-06-30 00:00:00+00:00,33.14788,38.995796,27.447655
2045-07-01 00:00:00+00:00,34.003662,39.383507,28.928833
2045-07-02 00:00:00+00:00,33.55944,38.87122,27.66001
2045-07-03 00:00:00+00:00,32.510742,37.060993,28.426283
2045-07-04 00:00:00+00:00,33.159355,39.502007,26.683619
2045-07-05 00:00:00+00:00,32.80797,37.593025,27.740952
2045-07-06 00:00:00+00:00,27.456583,34.13404,21.198282
2045-07-07 00:00:00+00:00,31.205198,39.925056,23.055616
2045-07-08 00:00:00+00:00,33.70381,40.166077,26.762949
2045-07-09 00:00:00+00:00,32.55242,38.407093,26.220284
2045-07-10 00:00:00+00:00,33.051037,38.948112,27.577616
2045-07-11 00:00:00+00:00,32.449654,38.18913,26.68495
2045-07-12 00:00:00+00:00,33.298264,39.030144,28.242283
2045-07-13 00:00:00+00:00,30.096876,33.971165,24.699614
2045-07-14 00:00:00+00:00,33.295494,40.01218,27.056948
2045-07-15 00:00:00+00:00,32.644104,38.303196,26.814281
2045-07-16 00:00:00+00:00,33.342716,39.394215,26.921616
2045-07-17 00:00:00+00:00,33.991333,39.535233,28.17895
2045-07-18 00:00:00+00:00,33.489944,38.17625,28.486279
2045-07-19 00:00:00+00:00,34.488556,39.76727,28.893616
2045-07-20 00:00:00+00:00,30.38717,36.00828,24.80095
2045-07-21 00:00:00+00:00,32.935787,39.5493,27.25828
2045-07-22 00:00:00+00:00,32.6844,39.14032,26.865612
2045-07-23 00:00:00+00:00,32.38301,37.181335,28.022947
2045-07-24 00:00:00+00:00,33.231625,38.822353,28.480282
2045-07-25 00:00:00+00:00,33.48024,39.71337,27.437613
2045-07-26 00:00:00+00:00,32.728855,38.304386,26.744946
2045-07-27 00:00:00+00:00,32.027466,36.945408,27.50228
2045-07-28 00:00:00+00:00,29.626078,33.636425,25.65961
2045-07-29 00:00:00+00:00,31.424696,37.777443,25.266945
2045-07-30 00:00:00+00:00,32.473305,37.968456,27.27428
2045-07-31 00:00:00+00:00,32.57192,37.859474,26.931614
2045-08-01 00:00:00+00:00,32.52053,38.10049,27.688946
2045-08-02 00:00:00+00:00,30.769148,36.74151,25.496279
2045-08-03 00:00:00+00:00,29.467762,33.882523,26.553614
2045-08-04 00:00:00+00:00,31.416378,37.223545,25.460945
2045-08-05 00:00:00+00:00,33.014984,38.56456,27.868277
2045-08-06 00:00:00+00:00,32.713604,38.105576,27.87561
2045-08-07 00:00:00+00:00,32.462215,38.2966,27.782944
2045-08-08 00:00:00+00:00,30.260828,34.187614,27.940277
2045-08-09 00:00:00+00:00,30.459442,36.878628,26.197609
2045-08-10 00:00:00+00:00,29.508057,34.469646,25.454945
2045-08-11 00:00:00+00:00,33.15667,39.110664,28.012276
2045-08-12 00:00:00+00:00,33.755283,41.40168,27.01961
2045-08-13 00:00:00+00:00,31.203897,37.142704,26.726946
2045-08-14 00:00:00+00:00,27.852509,31.233715,25.484276
2045-08-15 00:00:00+00:00,28.901125,33.574734,25.39161
2045-08-16 00:00:00+00:00,31.249735,37.465748,25.398943
2045-08-17 00:00:00+00:00,27.94835,32.85677,24.106274
2045-08-18 00:00:00+00:00,28.89696,34.247787,24.413609
2045-08-19 00:00:00+00:00,32.345573,38.388805,26.570942
2045-08-20 00:00:00+00:00,34.54419,42.67982,27.228273
2045-08-21 00:00:00+00:00,32.5928,37.770836,27.735611
2045-08-22 00:00:00+00:00,26.541416,30.211853,23.192942
2045-08-23 00:00:00+00:00,26.84003,30.052874,24.750273
2045-08-24 00:00:00+00:00,29.588644,34.84389,24.95761
2045-08-25 00:00:00+00:00,32.48726,38.184906,27.81494
2045-08-26 00:00:00+00:00,34.73587,41.52593,29.172272
2045-08-27 00:00:00+00:00,31.984488,37.216938,26.879608
2045-08-28 00:00:00+00:00,31.583096,35.95796,27.536942
2045-08-29 00:00:00+00:00,28.53171,31.648975,26.594273
2045-08-30 00:00:00+00:00,30.180325,35.339993,25.551603
2045-08-31 00:00:00+00:00,31.878939,36.88101,27.258942
2045-09-01 00:00:00+00:00,33.577553,38.17203,29.266273
2045-09-02 00:00:00+00:00,31.428026,35.234337,27.60093
2045-09-03 00:00:00+00:00,30.179121,33.603745,26.378023
2045-09-04 00:00:00+00:00,30.630215,33.523144,28.20512
2045-09-05 00:00:00+00:00,30.481306,34.19255,27.932219
2045-09-06 00:00:00+00:00,30.3824,34.511955,26.609312
2045-09-07 00:00:00+00:00,29.733494,33.731358,26.436409
2045-09-08 00:00:00+00:00,28.684587,31.950764,26.9135
2045-09-09 00:00:00+00:00,28.785683,32.770164,25.2906
2045-09-10 00:00:00+00:00,29.886774,32.73957,28.067696
2045-09-11 00:00:00+00:00,29.18787,32.258976,26.49479
2045-09-12 00:00:00+00:00,29.188965,33.428387,25.421886
2045-09-13 00:00:00+00:00,29.090057,32.047787,26.298985
2045-09-14 00:00:00+00:00,27.59115,30.117191,25.52608
2045-09-15 00:00:00+00:00,29.292244,35.5366,23.353174
2045-09-16 00:00:00+00:00,31.39334,36.205997,27.580273
2045-09-17 00:00:00+00:00,30.09443,35.375404,26.75737
2045-09-18 00:00:00+00:00,29.895525,35.64481,25.584461
2045-09-19 00:00:00+00:00,29.49662,34.514214,25.111559
2045-09-20 00:00:00+00:00,30.04771,35.28362,25.688658
2045-09-21 00:00:00+00:00,29.498806,34.603024,26.415752
2045-09-22 00:00:00+00:00,29.2499,35.472427,24.792849
2045-09-23 00:00:00+00:00,31.000996,37.091835,25.919945
2045-09-24 00:00:00+00:00,31.652088,37.361237,26.547037
2045-09-25 00:00:00+00:00,31.953182,38.780643,25.824135
2045-09-26 00:00:00+00:00,31.904276,38.50005,26.051231
2045-09-27 00:00:00+00:00,32.20537,37.41945,27.378326
2045-09-28 00:00:00+00:00,27.606462,33.88885,20.455423
2045-09-29 00:00:00+00:00,26.657555,31.95826,21.932516
2045-09-30 00:00:00+00:00,29.15865,33.977665,24.959618
2045-10-01 00:00:00+00:00,31.309742,37.54707,25.83671
2045-10-02 00:00:00+00:00,31.310837,36.716473,26.463806
2045-10-03 00:00:00+00:00,31.811932,37.83588,26.240904
2045-10-04 00:00:00+00:00,30.063025,34.405285,26.767998
2045-10-05 00:00:00+00:00,30.76412,37.02469,25.095097
2045-10-06 00:00:00+00:00,32.36521,38.49409,27.22219
2045-10-07 00:00:00+00:00,32.816307,39.463497,26.999285
2045-10-08 00:00:00+00:00,32.817398,39.732906,26.976385
2045-10-09 00:00:00+00:00,32.018494,38.252308,27.053478
2045-10-10 00:00:00+00:00,32.869587,39.421707,27.380575
2045-10-11 00:00:00+00:00,32.32068,39.441116,26.157671
2045-10-12 00:00:00+00:00,32.171776,38.660522,26.284765
2045-10-13 00:00:00+00:00,32.57287,39.029922,27.261862
2045-10-14 00:00:00+00:00,32.373962,39.34933,26.338957
2045-10-15 00:00:00+00:00,32.47506,39.768734,25.766054
2045-10-16 00:00:00+00:00,33.47615,41.038136,26.14315
2045-10-17 00:00:00+00:00,33.577244,41.207542,26.820248
2045-10-18 00:00:00+00:00,32.57834,39.276947,27.297342
2045-10-19 00:00:00+00:00,32.07943,38.746353,26.724436
2045-10-20 00:00:00+00:00,31.680527,39.16576,24.301535
2045-10-21 00:00:00+00:00,30.73162,39.18516,22.92863
2045-10-22 00:00:00+00:00,31.332712,38.154564,25.105726
2045-10-23 00:00:00+00:00,32.383804,39.473972,25.482824
2045-10-24 00:00:00+00:00,32.0849,39.793377,25.209917
2045-10-25 00:00:00+00:00,32.58599,41.51278,23.587013
2045-10-26 00:00:00+00:00,32.487087,40.53219,25.61411
2045-10-27 00:00:00+00:00,32.13818,39.251587,25.291204
2045-10-28 00:00:00+00:00,33.039276,40.120995,26.218302
2045-10-29 00:00:00+00:00,32.24037,39.090397,26.295397
2045-10-30 00:00:00+00:00,32.09146,38.559803,26.572495
2045-10-31 00:00:00+00:00,27.942556,31.929207,23.849588
2045-11-01 00:00:00+00:00,26.743652,29.198608,24.476686
2045-11-02 00:00:00+00:00,25.235859,29.245834,21.214891
2045-11-03 00:00:00+00:00,29.376795,36.439888,22.354685
2045-11-04 00:00:00+00:00,32.667736,40.783943,25.144474
2045-11-05 00:00:00+00:00,32.70867,40.577995,24.684269
2045-11-06 00:00:00+00:00,32.44961,39.922054,24.72406
2045-11-07 00:00:00+00:00,33.29055,40.416107,26.213852
2045-11-08 00:00:00+00:00,33.681488,40.96016,26.753643
2045-11-09 00:00:00+00:00,33.272423,38.654217,27.743439
2045-11-10 00:00:00+00:00,29.813364,34.74827,25.13323
2045-11-11 00:00:00+00:00,31.204302,37.342327,25.023022
2045-11-12 00:00:00+00:00,32.545242,39.036377,26.562815
2045-11-13 00:00:00+00:00,31.486176,37.98043,25.552608
2045-11-14 00:00:00+00:00,30.227116,37.224487,22.842402
2045-11-15 00:00:00+00:00,30.468052,37.96854,22.932192
2045-11-16 00:00:00+00:00,31.608994,39.512596,24.021984
2045-11-17 00:00:00+00:00,32.049934,38.45665,26.211775
2045-11-18 00:00:00+00:00,32.340866,39.4007,25.951569
2045-11-19 00:00:00+00:00,32.13181,38.84476,26.19136
2045-11-20 00:00:00+00:00,28.172745,33.488815,22.981153
2045-11-21 00:00:00+00:00,27.863684,35.232864,20.770947
2045-11-22 00:00:00+00:00,28.104626,35.32692,20.760738
2045-11-23 00:00:00+00:00,28.795559,36.020977,21.05053
2045-11-24 00:00:00+00:00,30.5865,37.91503,22.790323
2045-11-25 00:00:00+00:00,31.02744,37.10908,24.930117
2045-11-26 00:00:00+00:00,29.418377,35.75314,22.569906
2045-11-27 00:00:00+00:00,25.35931,30.497194,21.3597
2045-11-28 00:00:00+00:00,28.000252,33.841248,22.849493
2045-11-29 00:00:00+00:00,26.59119,31.6853,21.639286
2045-11-30 00:00:00+00:00,25.432127,30.329353,20.779076
2045-12-01 00:00:00+00:00,25.773064,32.873405,19.168869
2045-12-02 00:00:00+00:00,25.014004,31.567467,18.908663
2045-12-03 00:00:00+00:00,26.15494,34.41152,18.598454
2045-12-04 00:00:00+00:00,27.74588,37.005573,19.838247
2045-12-05 00:00:00+00:00,28.936817,37.649624,21.228039
2045-12-06 00:00:00+00:00,28.777756,36.693684,21.71783
2045-12-07 00:00:00+00:00,28.318695,37.087734,19.857624
2045-12-08 00:00:00+00:00,28.559633,36.931793,20.697418
2045-12-09 00:00:00+00:00,26.800571,32.925846,20.987207
2045-12-10 00:00:00+00:00,26.64151,35.019897,20.377
2045-12-11 00:00:00+00:00,27.28245,36.063953,19.916794
2045-12-12 00:00:00+00:00,28.273386,36.458004,21.006584
2045-12-13 00:00:00+00:00,27.514324,35.25206,20.646378
2045-12-14 00:00:00+00:00,27.605263,35.696117,20.236172
2045-12-15 00:00:00+00:00,27.3962,34.690166,21.275965
2045-12-16 00:00:00+00:00,25.787138,32.984222,19.165756
2045-12-17 00:00:00+00:00,26.378075,34.72828,18.70555
2045-12-18 00:00:00+00:00,27.669014,36.92233,18.99534
2045-12-19 00:00:00+00:00,28.259953,37.066383,20.08513
2045-12-20 00:00:00+00:00,28.200891,36.510437,20.424925
2045-12-21 00:00:00+00:00,27.891829,35.70449,20.564716
2045-12-22 00:00:00+00:00,26.882767,33.59855,21.504509
2045-12-23 00:00:00+00:00,27.323708,35.892605,19.7943
2045-12-24 00:00:00+00:00,27.514645,35.436657,20.234095
2045-12-25 00:00:00+00:00,27.655582,36.23071,19.923887
2045-12-26 00:00:00+00:00,27.69652,36.274765,19.81368
2045-12-27 00:00:00+00:00,27.687458,36.36882,19.703472
2045-12-28 00:00:00+00:00,28.228397,37.062874,20.293264
2045-12-29 00:00:00+00:00,28.269333,36.45693,21.133059
2045-12-30 00:00:00+00:00,28.510275,36.600983,21.82285
2045-12-31 00:00:00+00:00,26.451212,33.695038,20.96264
2046-01-01 00:00:00+00:00,26.09215,32.38909,21.802433
2046-01-02 00:00:00+00:00,26.540018,34.73929,18.746563
2046-01-03 00:00:00+00:00,27.887886,36.239487,20.090693
2046-01-04 00:00:00+00:00,28.385754,35.48968,21.734821
2046-01-05 00:00:00+00:00,28.78362,36.83988,21.378948
2046-01-06 00:00:00+00:00,27.33149,34.040077,21.22308
2046-01-07 00:00:00+00:00,27.729359,35.940277,20.617207
2046-01-08 00:00:00+00:00,27.777225,35.74047,20.961336
2046-01-09 00:00:00+00:00,29.125093,36.99067,21.905464
2046-01-10 00:00:00+00:00,28.922962,36.69087,20.899591
2046-01-11 00:00:00+00:00,28.57083,35.991062,21.593723
2046-01-12 00:00:00+00:00,27.818699,34.691257,21.487852
2046-01-13 00:00:00+00:00,27.966566,35.09146,21.931982
2046-01-14 00:00:00+00:00,27.664436,34.091656,21.476109
2046-01-15 00:00:00+00:00,27.0123,34.141853,20.520237
2046-01-16 00:00:00+00:00,25.610168,31.592052,20.76437
2046-01-17 00:00:00+00:00,26.208036,33.54225,19.408495
2046-01-18 00:00:00+00:00,26.455908,33.79245,19.402624
2046-01-19 00:00:00+00:00,26.153774,34.042645,19.246754
2046-01-20 00:00:00+00:00,26.001644,34.24284,18.640882
2046-01-21 00:00:00+00:00,27.29951,36.093037,18.635012
2046-01-22 00:00:00+00:00,27.997377,36.443233,19.27914
2046-01-23 00:00:00+00:00,26.695248,33.893436,19.97327
2046-01-24 00:00:00+00:00,27.343115,35.293633,19.067396
2046-01-25 00:00:00+00:00,28.690983,36.19383,20.861528
2046-01-26 00:00:00+00:00,29.48885,36.694023,22.255655
2046-01-27 00:00:00+00:00,28.486717,35.944218,20.749784
2046-01-28 00:00:00+00:00,28.084587,34.094418,22.193913
2046-01-29 00:00:00+00:00,27.782455,34.494617,21.338041
2046-01-30 00:00:00+00:00,29.680323,37.594814,22.082172
2046-01-31 00:00:00+00:00,31.77819,39.64501,24.2763
2046-02-01 00:00:00+00:00,32.026054,38.69521,26.02043
2046-02-02 00:00:00+00:00,31.023926,37.39541,24.964558
2046-02-03 00:00:00+00:00,30.771793,38.2456,23.758686
2046-02-04 00:00:00+00:00,31.219662,38.945797,23.902817
2046-02-05 00:00:00+00:00,32.067535,40.295998,23.996944
2046-02-06 00:00:00+00:00,31.765398,39.746193,23.791075
2046-02-07 00:00:00+00:00,30.763264,38.74639,22.835201
2046-02-08 00:00:00+00:00,31.161137,39.146587,23.379332
2046-02-09 00:00:00+00:00,29.659004,36.496788,22.923462
2046-02-10 00:00:00+00:00,28.80687,36.946983,21.067589
2046-02-11 00:00:00+00:00,30.104744,38.597183,21.761719
2046-02-12 00:00:00+00:00,31.152609,39.597378,22.705847
2046-02-13 00:00:00+00:00,31.050476,39.14758,22.999977
2046-02-14 00:00:00+00:00,30.098347,37.697777,22.844105
2046-02-15 00:00:00+00:00,29.896214,37.947968,22.238235
2046-02-16 00:00:00+00:00,30.29408,38.498165,22.332365
2046-02-17 00:00:00+00:00,29.891947,37.648365,22.17649
2046-02-18 00:00:00+00:00,28.889818,36.74856,20.920622
2046-02-19 00:00:00+00:00,28.487686,36.348763,20.61475
2046-02-20 00:00:00+00:00,28.78555,37.398956,20.308878
2046-02-21 00:00:00+00:00,30.083422,38.79916,21.603006
2046-02-22 00:00:00+00:00,28.381289,34.449352,23.097136
2046-02-23 00:00:00+00:00,28.879158,37.24955,20.891266
2046-02-24 00:00:00+00:00,29.727026,38.74975,20.885393
2046-02-25 00:00:00+00:00,31.47489,39.999947,22.779524
2046-02-26 00:00:00+00:00,32.32276,40.65014,23.823652
2046-02-27 00:00:00+00:00,32.57063,40.700336,24.367779
2046-02-28 00:00:00+00:00,32.318497,40.600536,24.16191
2046-03-01 00:00:00+00:00,32.216362,40.60073,23.606037
2046-03-02 00:00:00+00:00,32.66423,41.300934,23.700169
2046-03-03 00:00:00+00:00,33.16308,41.80206,24.44509
2046-03-04 00:00:00+00:00,34.168785,43.459675,25.145565
2046-03-05 00:00:00+00:00,34.974495,43.8673,26.796036
2046-03-06 00:00:00+00:00,34.080204,41.824917,26.146511
2046-03-07 00:00:00+00:00,33.53591,42.682533,24.096981
2046-03-08 00:00:00+00:00,34.44162,43.440155,25.547457
2046-03-09 00:00:00+00:00,34.84732,43.59778,26.497929
2046-03-10 00:00:00+00:00,33.60303,41.80539,24.748404
2046-03-11 00:00:00+00:00,30.658741,37.913013,23.048878
2046-03-12 00:00:00+00:00,29.114445,36.42063,21.14935
2046-03-13 00:00:00+00:00,31.520151,39.478252,23.449821
2046-03-14 00:00:00+00:00,33.025856,40.73587,25.200294
2046-03-15 00:00:00+00:00,33.481567,41.24349,25.700768
2046-03-16 00:00:00+00:00,33.93727,42.45111,25.001244
2046-03-17 00:00:00+00:00,34.79298,43.70873,25.701714
2046-03-18 00:00:00+00:00,35.748688,44.66635,26.502188
2046-03-19 00:00:00+00:00,36.30439,44.723965,27.85266
2046-03-20 00:00:00+00:00,36.3101,44.33158,28.503136
2046-03-21 00:00:00+00:00,35.51581,43.739204,27.153608
2046-03-22 00:00:00+00:00,34.721516,42.896824,25.80408
2046-03-23 00:00:00+00:00,34.27722,42.854443,25.154554
2046-03-24 00:00:00+00:00,32.832928,40.512062,24.805027
2046-03-25 00:00:00+00:00,33.838634,43.21968,24.3555
2046-03-26 00:00:00+00:00,37.094345,45.8273,28.455975
2046-03-27 00:00:00+00:00,37.35005,45.03492,29.106447
2046-03-28 00:00:00+00:00,37.75576,45.892544,29.306921
2046-03-29 00:00:00+00:00,36.511467,43.85016,28.907393
2046-03-30 00:00:00+00:00,35.667175,43.35778,27.607866
2046-03-31 00:00:00+00:00,35.822884,43.615395,27.00834
2046-04-01 00:00:00+00:00,36.628586,45.073017,28.20881
2046-04-02 00:00:00+00:00,36.834297,44.83064,28.559286
2046-04-03 00:00:00+00:00,36.39,45.33826,26.609756
2046-04-04 00:00:00+00:00,36.845707,46.04588,27.160233
2046-04-05 00:00:00+00:00,36.301414,44.653496,25.810707
2046-04-06 00:00:00+00:00,36.407124,44.01111,28.16118
2046-04-07 00:00:00+00:00,35.962833,44.668736,26.811653
2046-04-08 00:00:00+00:00,37.51854,46.426353,28.212126
2046-04-09 00:00:00+00:00,38.524246,46.98397,29.612598
2046-04-10 00:00:00+00:00,36.12995,43.79159,27.213072
2046-04-11 00:00:00+00:00,35.38566,43.69921,27.263546
2046-04-12 00:00:00+00:00,32.94137,39.056828,26.814016
2046-04-13 00:00:00+00:00,33.247074,41.26445,25.16449
2046-04-14 00:00:00+00:00,33.952778,41.772068,25.914967
2046-04-15 00:00:00+00:00,34.258488,42.429688,25.315435
2046-04-16 00:00:00+00:00,34.064194,41.83731,25.66591
2046-04-17 00:00:00+00:00,34.419903,42.744926,25.666384
2046-04-18 00:00:00+00:00,35.325607,43.702545,26.466856
2046-04-19 00:00:00+00:00,36.181313,44.660164,27.267332
2046-04-20 00:00:00+00:00,35.887024,44.21779,27.167805
2046-04-21 00:00:00+00:00,33.59273,40.975407,25.918278
2046-04-22 00:00:00+00:00,31.998436,40.433025,23.86875
2046-04-23 00:00:00+00:00,31.554146,39.740646,22.769226
2046-04-24 00:00:00+00:00,32.25985,40.148262,23.819698
2046-04-25 00:00:00+00:00,33.965553,41.805885,25.57017
2046-04-26 00:00:00+00:00,34.62127,42.313503,26.670645
2046-04-27 00:00:00+00:00,36.726974,44.32112,28.471117
2046-04-28 00:00:00+00:00,36.58268,43.828743,29.32159
2046-04-29 00:00:00+00:00,36.788383,43.98636,29.022064
2046-04-30 00:00:00+00:00,35.844093,42.34398,29.772537
2046-05-01 00:00:00+00:00,34.899803,42.001602,27.27301
2046-05-02 00:00:00+00:00,34.45551,41.159214,26.97348
2046-05-03 00:00:00+00:00,34.81123,41.76186,27.431631
2046-05-04 00:00:00+00:00,35.41701,43.299564,26.862808
2046-05-05 00:00:00+00:00,37.372795,44.837273,29.293987
2046-05-06 00:00:00+00:00,37.028572,44.074978,28.375164
2046-05-07 00:00:00+00:00,38.03435,44.912685,29.856339
2046-05-08 00:00:00+00:00,38.190132,46.400394,29.487514
2046-05-09 00:00:00+00:00,38.94591,46.688103,30.31869
2046-05-10 00:00:00+00:00,36.001686,43.02581,28.749865
2046-05-11 00:00:00+00:00,33.20747,40.063515,26.131042
2046-05-12 00:00:00+00:00,32.86325,39.501225,25.612219
2046-05-13 00:00:00+00:00,33.869026,40.138935,26.793394
2046-05-14 00:00:00+00:00,29.624811,36.72664,24.424572
2046-05-15 00:00:00+00:00,24.330587,31.114344,20.955748
2046-05-16 00:00:00+00:00,26.486366,33.40205,20.986923
2046-05-17 00:00:00+00:00,29.492147,37.08976,22.868101
2046-05-18 00:00:00+00:00,32.197926,38.87747,24.899279
2046-05-19 00:00:00+00:00,33.853706,40.51517,26.780455
2046-05-20 00:00:00+00:00,36.10948,43.152878,28.261631
2046-05-21 00:00:00+00:00,37.265266,43.09059,30.942806
2046-05-22 00:00:00+00:00,35.77104,41.178295,29.123985
2046-05-23 00:00:00+00:00,34.97682,39.565998,29.20516
2046-05-24 00:00:00+00:00,33.7326,39.10371,28.686337
2046-05-25 00:00:00+00:00,36.088383,43.84142,28.167511
2046-05-26 00:00:00+00:00,37.644157,44.379124,30.748692
2046-05-27 00:00:00+00:00,36.89994,43.96683,29.379864
2046-05-28 00:00:00+00:00,33.80572,39.00454,28.511042
2046-05-29 00:00:00+00:00,35.311497,42.342243,28.14222
2046-05-30 00:00:00+00:00,37.367275,46.229954,28.673395
2046-05-31 00:00:00+00:00,37.12306,44.067654,29.904572
2046-06-01 00:00:00+00:00,36.178833,43.705368,29.135746
2046-06-02 00:00:00+00:00,34.434616,40.893078,27.166924
2046-06-03 00:00:00+00:00,37.69039,45.630783,29.348099
2046-06-04 00:00:00+00:00,36.796173,43.518482,29.679276
2046-06-05 00:00:00+00:00,34.401955,40.856197,28.16045
2046-06-06 00:00:00+00:00,32.957733,39.343906,25.191628
2046-06-07 00:00:00+00:00,35.313515,41.03161,28.872807
2046-06-08 00:00:00+00:00,34.669292,38.76931,30.203981
2046-06-09 00:00:00+00:00,33.52507,39.957024,27.235157
2046-06-10 00:00:00+00:00,34.330853,41.49473,26.716335
2046-06-11 00:00:00+00:00,34.23663,40.482437,27.497513
2046-06-12 00:00:00+00:00,33.69241,39.220142,27.57869
2046-06-13 00:00:00+00:00,34.298187,39.907852,27.859863
2046-06-14 00:00:00+00:00,35.203968,40.94556,28.741041
2046-06-15 00:00:00+00:00,36.309746,43.383266,28.972218
2046-06-16 00:00:00+00:00,36.415527,43.62097,29.053394
2046-06-17 00:00:00+00:00,37.771305,44.80868,29.684568
2046-06-18 00:00:00+00:00,35.577084,41.49639,29.015745
2046-06-19 00:00:00+00:00,32.882866,38.384094,28.396921
2046-06-20 00:00:00+00:00,34.63865,39.821796,29.578098
2046-06-21 00:00:00+00:00,33.394424,36.95951,29.659277
2046-06-22 00:00:00+00:00,27.850203,34.24722,22.39045
2046-06-23 00:00:00+00:00,30.305983,38.284924,23.671627
2046-06-24 00:00:00+00:00,31.461763,37.172634,25.952805
2046-06-25 00:00:00+00:00,32.66754,38.91034,26.983982
2046-06-26 00:00:00+00:00,33.123318,39.14804,27.315155
2046-06-27 00:00:00+00:00,32.0791,37.885754,26.446333
2046-06-28 00:00:00+00:00,30.834879,37.123463,24.82751
2046-06-29 00:00:00+00:00,30.24066,35.461166,24.708685
2046-06-30 00:00:00+00:00,31.74644,36.99887,26.139864
2046-07-01 00:00:00+00:00,32.052216,37.43658,26.52104
2046-07-02 00:00:00+00:00,33.407997,38.974285,27.702213
2046-07-03 00:00:00+00:00,33.01109,38.86324,28.07445
2046-07-04 00:00:00+00:00,32.809708,39.504253,28.581785
2046-07-05 00:00:00+00:00,31.308315,36.79527,26.839117
2046-07-06 00:00:00+00:00,31.20693,37.336292,25.04645
2046-07-07 00:00:00+00:00,25.805546,29.627304,23.053783
2046-07-08 00:00:00+00:00,28.304155,34.66832,23.561113
2046-07-09 00:00:00+00:00,31.202772,37.459343,25.66845
2046-07-10 00:00:00+00:00,31.451387,37.500355,25.625782
2046-07-11 00:00:00+00:00,29.249996,34.091373,25.233116
2046-07-12 00:00:00+00:00,29.648611,36.53239,24.14045
2046-07-13 00:00:00+00:00,31.597225,38.023407,25.447783
2046-07-14 00:00:00+00:00,33.69584,40.764427,27.005116
2046-07-15 00:00:00+00:00,31.09445,37.555443,26.362448
2046-07-16 00:00:00+00:00,30.693066,35.99646,26.169783
2046-07-17 00:00:00+00:00,29.49168,35.987476,22.177114
2046-07-18 00:00:00+00:00,27.44029,33.078495,22.834448
2046-07-19 00:00:00+00:00,28.438906,34.219513,23.09178
2046-07-20 00:00:00+00:00,29.987518,35.91053,24.049116
2046-07-21 00:00:00+00:00,31.686132,37.40155,26.20645
2046-07-22 00:00:00+00:00,31.134743,37.492565,26.01378
2046-07-23 00:00:00+00:00,28.68336,32.183582,26.221113
2046-07-24 00:00:00+00:00,29.33197,35.5746,24.428444
2046-07-25 00:00:00+00:00,31.280588,36.815617,26.18578
2046-07-26 00:00:00+00:00,32.229202,38.70663,27.243114
2046-07-27 00:00:00+00:00,33.827812,40.797653,27.100447
2046-07-28 00:00:00+00:00,32.22643,38.338665,26.65778
2046-07-29 00:00:00+00:00,31.27504,36.329685,25.96511
2046-07-30 00:00:00+00:00,31.173655,37.020702,26.072447
2046-07-31 00:00:00+00:00,30.122269,36.061718,25.729778
2046-08-01 00:00:00+00:00,30.670881,37.00274,26.08711
2046-08-02 00:00:00+00:00,26.919493,31.143757,24.394447
2046-08-03 00:00:00+00:00,25.96811,29.93477,22.701778
2046-08-04 00:00:00+00:00,25.316721,28.075787,22.60911
2046-08-05 00:00:00+00:00,26.365335,30.616802,23.266445
2046-08-06 00:00:00+00:00,27.11395,31.807827,24.473778
2046-08-07 00:00:00+00:00,27.062561,31.848839,24.73111
2046-08-08 00:00:00+00:00,28.261173,33.88986,23.438444
2046-08-09 00:00:00+00:00,25.009789,28.23088,23.395775
2046-08-10 00:00:00+00:00,25.708403,30.571892,23.453112
2046-08-11 00:00:00+00:00,28.157015,33.31291,24.610443
2046-08-12 00:00:00+00:00,27.65563,32.30393,24.267778
2046-08-13 00:00:00+00:00,28.754242,34.844944,24.22511
2046-08-14 00:00:00+00:00,27.752857,33.185963,25.182442
2046-08-15 00:00:00+00:00,27.001469,33.27698,24.189777
2046-08-16 00:00:00+00:00,28.750082,34.317993,23.89711
2046-08-17 00:00:00+00:00,27.898697,32.709015,24.504442
2046-08-18 00:00:00+00:00,24.19731,25.700031,22.861774
2046-08-19 00:00:00+00:00,25.795923,29.391048,23.369106
2046-08-20 00:00:00+00:00,26.894535,31.232067,23.476442
2046-08-21 00:00:00+00:00,29.093151,34.323086,24.783775
2046-08-22 00:00:00+00:00,27.291761,31.9641,22.941107
2046-08-23 00:00:00+00:00,28.090378,34.005116,23.098442
2046-08-24 00:00:00+00:00,29.238993,34.396133,25.255774
2046-08-25 00:00:00+00:00,31.037603,36.93715,26.063108
2046-08-26 00:00:00+00:00,29.236217,33.87817,25.27044
2046-08-27 00:00:00+00:00,28.98483,33.919186,25.177774
2046-08-28 00:00:00+00:00,29.983444,35.510204,25.535107
2046-08-29 00:00:00+00:00,25.632057,29.10122,24.092442
2046-08-30 00:00:00+00:00,29.430674,35.34224,24.449774
2046-08-31 00:00:00+00:00,28.679285,32.833256,25.957104
2046-09-01 00:00:00+00:00,28.027897,32.924274,25.664438
2046-09-02 00:00:00+00:00,25.527752,27.179483,24.106653
2046-09-03 00:00:00+00:00,25.028847,27.398891,23.533749
2046-09-04 00:00:00+00:00,26.179941,30.168293,24.010847
2046-09-05 00:00:00+00:00,26.531033,30.237696,23.18794
2046-09-06 00:00:00+00:00,28.732126,32.657104,25.565037
2046-09-07 00:00:00+00:00,28.48322,32.576508,24.742136
2046-09-08 00:00:00+00:00,25.834314,27.445915,24.26923
2046-09-09 00:00:00+00:00,23.98541,26.715317,21.196327
2046-09-10 00:00:00+00:00,26.536503,30.084723,23.073423
2046-09-11 00:00:00+00:00,28.187597,31.854126,25.000517
2046-09-12 00:00:00+00:00,26.48869,29.27353,24.827614
2046-09-13 00:00:00+00:00,25.639784,29.842934,22.75471
2046-09-14 00:00:00+00:00,25.990875,29.71234,23.031805
2046-09-15 00:00:00+00:00,26.441973,29.831745,23.758902
2046-09-16 00:00:00+00:00,28.293064,32.70115,24.786
2046-09-17 00:00:00+00:00,28.84416,32.670555,25.21309
2046-09-18 00:00:00+00:00,29.595253,33.889957,25.39019
2046-09-19 00:00:00+00:00,28.346344,33.159367,25.167286
2046-09-20 00:00:00+00:00,26.297438,29.178768,24.094381
2046-09-21 00:00:00+00:00,26.848532,30.648174,23.571476
2046-09-22 00:00:00+00:00,26.149628,30.41758,22.048573
2046-09-23 00:00:00+00:00,26.65072,30.63698,23.12567
2046-09-24 00:00:00+00:00,27.051815,30.756386,23.352766
2046-09-25 00:00:00+00:00,27.102907,30.67579,23.429861
2046-09-26 00:00:00+00:00,26.654001,28.795197,24.45696
2046-09-27 00:00:00+00:00,26.305096,30.114601,23.334053
2046-09-28 00:00:00+00:00,27.656189,31.584007,23.46115
2046-09-29 00:00:00+00:00,28.307281,32.00341,24.788244
2046-09-30 00:00:00+00:00,28.858377,33.12281,24.915339
2046-10-01 00:00:00+00:00,27.259472,29.74222,24.59244
2046-10-02 00:00:00+00:00,26.310562,30.111626,23.519533
2046-10-03 00:00:00+00:00,26.861658,30.781027,23.64663
2046-10-04 00:00:00+00:00,27.662752,31.650429,24.373726
2046-10-05 00:00:00+00:00,28.163847,33.219837,24.40082
2046-10-06 00:00:00+00:00,28.36494,33.239243,23.977919
2046-10-07 00:00:00+00:00,29.016035,34.508644,23.955013
2046-10-08 00:00:00+00:00,29.46713,35.57805,24.032108
2046-10-09 00:00:00+00:00,29.818222,34.747456,25.009205
2046-10-10 00:00:00+00:00,27.419313,30.516861,24.486301
2046-10-11 00:00:00+00:00,29.270409,34.136265,25.463398
2046-10-12 00:00:00+00:00,29.271502,34.605667,24.690493
2046-10-13 00:00:00+00:00,28.522598,32.72507,24.41759
2046-10-14 00:00:00+00:00,27.97369,32.094482,23.594687
2046-10-15 00:00:00+00:00,29.27478,34.96388,24.171782
2046-10-16 00:00:00+00:00,30.025877,34.783283,25.398874
2046-10-17 00:00:00+00:00,30.62697,35.902695,25.72597
2046-10-18 00:00:00+00:00,29.528065,34.572094,24.753067
2046-10-19 00:00:00+00:00,30.179157,34.8415,25.280165
2046-10-20 00:00:00+00:00,27.43025,31.010906,23.65726
2046-10-21 00:00:00+00:00,26.581345,32.480312,22.734356
2046-10-22 00:00:00+00:00,26.532438,32.099712,21.061451
2046-10-23 00:00:00+00:00,27.883535,33.519123,23.388548
2046-10-24 00:00:00+00:00,29.334625,34.838524,24.465643
2046-10-25 00:00:00+00:00,29.585722,35.007927,24.892742
2046-10-26 00:00:00+00:00,28.536816,33.327335,23.769838
2046-10-27 00:00:00+00:00,27.837906,31.69674,22.94693
2046-10-28 00:00:00+00:00,27.589003,31.816141,23.524029
2046-10-29 00:00:00+00:00,28.740095,34.18555,23.651125
2046-10-30 00:00:00+00:00,28.19119,34.354954,22.27822
2046-10-31 00:00:00+00:00,28.192282,34.324356,22.055315
2046-11-01 00:00:00+00:00,31.69338,39.39376,23.932411
2046-11-02 00:00:00+00:00,32.588123,39.39732,26.117443
2046-11-03 00:00:00+00:00,31.229063,37.141376,26.057236
2046-11-04 00:00:00+00:00,30.069998,36.435432,24.047028
2046-11-05 00:00:00+00:00,28.510939,35.22948,22.23682
2046-11-06 00:00:00+00:00,27.951876,34.973537,21.326612
2046-11-07 00:00:00+00:00,27.092813,34.46759,20.366405
2046-11-08 00:00:00+00:00,28.283752,36.061646,20.856197
2046-11-09 00:00:00+00:00,30.024689,36.5057,23.945988
2046-11-10 00:00:00+00:00,30.515627,37.149754,23.985779
2046-11-11 00:00:00+00:00,30.756565,37.24381,24.425573
2046-11-12 00:00:00+00:00,30.447506,36.28786,24.665367
2046-11-13 00:00:00+00:00,29.488443,35.48192,23.50516
2046-11-14 00:00:00+00:00,30.329382,37.575974,23.394949
2046-11-15 00:00:00+00:00,30.67032,37.020023,23.834743
2046-11-16 00:00:00+00:00,31.411259,37.614082,26.224539
2046-11-17 00:00:00+00:00,29.702194,35.908134,24.164328
2046-11-18 00:00:00+00:00,29.993137,36.50219,23.75412
2046-11-19 00:00:00+00:00,30.734072,37.996243,23.893913
2046-11-20 00:00:00+00:00,31.225008,38.690296,24.233706
2046-11-21 00:00:00+00:00,32.115948,39.53435,24.823498
2046-11-22 00:00:00+00:00,32.906883,39.47841,26.06329
2046-11-23 00:00:00+00:00,33.297825,40.17246,26.153084
2046-11-24 00:00:00+00:00,32.638763,39.266518,26.742876
2046-11-25 00:00:00+00:00,32.179703,39.36057,25.13267
2046-11-26 00:00:00+00:00,32.220642,39.504627,24.52246
2046-11-27 00:00:00+00:00,31.71158,38.148678,24.912254
2046-11-28 00:00:00+00:00,29.452517,33.792736,25.202045
2046-11-29 00:00:00+00:00,28.693453,34.386787,23.741837
2046-11-30 00:00:00+00:00,28.584393,34.33084,23.431631
2046-12-01 00:00:00+00:00,29.075329,35.4749,23.421421
2046-12-02 00:00:00+00:00,27.46627,32.968952,22.061216
2046-12-03 00:00:00+00:00,25.957209,31.413004,20.601006
2046-12-04 00:00:00+00:00,25.348146,31.65706,19.490799
2046-12-05 00:00:00+00:00,26.389086,33.101112,20.280592
2046-12-06 00:00:00+00:00,27.480022,34.545166,21.020384
2046-12-07 00:00:00+00:00,27.170963,32.68922,21.860176
2046-12-08 00:00:00+00:00,26.761898,32.683277,21.49997
2046-12-09 00:00:00+00:00,27.052837,33.57733,21.03976
2046-12-10 00:00:00+00:00,26.393776,32.371384,20.979551
2046-12-11 00:00:00+00:00,25.634714,31.865438,20.519346
2046-12-12 00:00:00+00:00,25.675652,31.609491,19.909138
2046-12-13 00:00:00+00:00,27.36659,34.553547,20.64893
2046-12-14 00:00:00+00:00,27.807528,35.6976,20.588722
2046-12-15 00:00:00+00:00,29.498465,36.991657,23.028515
2046-12-16 00:00:00+00:00,29.239403,35.78571,23.868307
2046-12-17 00:00:00+00:00,27.880344,34.229763,22.5081
2046-12-18 00:00:00+00:00,26.321281,32.32382,21.297892
2046-12-19 00:00:00+00:00,25.41222,31.217873,21.087683
2046-12-20 00:00:00+00:00,24.753157,31.961926,18.377478
2046-12-21 00:00:00+00:00,25.694094,33.355984,19.06727
2046-12-22 00:00:00+00:00,26.885033,34.600037,20.40706
2046-12-23 00:00:00+00:00,26.87597,34.644093,20.246855
2046-12-24 00:00:00+00:00,25.76691,32.638145,19.936646
2046-12-25 00:00:00+00:00,25.907846,34.5822,19.276438
2046-12-26 00:00:00+00:00,26.948786,35.12625,20.46623
2046-12-27 00:00:00+00:00,27.339724,35.170307,20.556023
2046-12-28 00:00:00+00:00,26.630663,33.964363,20.095818
2046-12-29 00:00:00+00:00,26.2716,33.80842,19.535608
2046-12-30 00:00:00+00:00,26.262537,34.10247,19.375402
2046-12-31 00:00:00+00:00,26.403479,33.746525,20.265192
2047-01-01 00:00:00+00:00,27.194416,35.140575,19.654987
2047-01-02 00:00:00+00:00,27.090551,34.089237,20.398031
2047-01-03 00:00:00+00:00,26.03842,33.03944,20.642159
2047-01-04 00:00:00+00:00,25.386284,31.839634,19.486288
2047-01-05 00:00:00+00:00,26.284155,33.88983,20.380419
2047-01-06 00:00:00+00:00,25.782022,32.340027,20.024546
2047-01-07 00:00:00+00:00,24.979893,31.340229,19.118673
2047-01-08 00:00:00+00:00,24.327757,31.040426,18.462803
2047-01-09 00:00:00+00:00,24.175627,31.490622,17.306932
2047-01-10 00:00:00+00:00,24.823496,32.29082,17.75106
2047-01-11 00:00:00+00:00,25.171366,32.591015,18.34519
2047-01-12 00:00:00+00:00,24.919231,32.291214,17.88932
2047-01-13 00:00:00+00:00,25.567099,33.541412,17.883448
2047-01-14 00:00:00+00:00,27.064968,35.19161,18.927576
2047-01-15 00:00:00+00:00,28.062836,36.09181,19.571707
2047-01-16 00:00:00+00:00,28.310703,36.042004,20.415834
2047-01-17 00:00:00+00:00,29.30857,37.642197,20.509964
2047-01-18 00:00:00+00:00,29.85644,36.992393,22.704094
2047-01-19 00:00:00+00:00,30.104307,36.99259,23.54822
2047-01-20 00:00:00+00:00,31.002176,38.14279,24.39235
2047-01-21 00:00:00+00:00,31.000044,37.89299,24.68648
2047-01-22 00:00:00+00:00,30.797913,37.943188,23.930607
2047-01-23 00:00:00+00:00,31.39578,38.693382,24.72474
2047-01-24 00:00:00+00:00,29.793648,36.89358,23.368866
2047-01-25 00:00:00+00:00,28.291515,35.44378,21.862995
2047-01-26 00:00:00+00:00,28.539385,35.593975,21.657124
2047-01-27 00:00:00+00:00,28.437252,35.49417,21.701254
2047-01-28 00:00:00+00:00,27.735119,34.844368,21.04538
2047-01-29 00:00:00+00:00,27.232986,34.494564,20.53951
2047-01-30 00:00:00+00:00,26.880857,34.54477,20.28364
2047-01-31 00:00:00+00:00,26.478724,34.394966,19.177769
2047-02-01 00:00:00+00:00,26.226591,33.64516,19.621897
2047-02-02 00:00:00+00:00,26.974459,35.44536,19.266027
2047-02-03 00:00:00+00:00,27.972328,36.095554,20.710155
2047-02-04 00:00:00+00:00,28.220196,36.24575,21.154285
2047-02-05 00:00:00+00:00,28.168064,37.045948,19.848412
2047-02-06 00:00:00+00:00,28.515934,37.046146,19.892544
2047-02-07 00:00:00+00:00,28.7638,37.646343,20.636671
2047-02-08 00:00:00+00:00,28.611668,36.746536,20.880798
2047-02-09 00:00:00+00:00,27.509537,35.14674,20.27493
2047-02-10 00:00:00+00:00,27.107407,34.746933,19.669058
2047-02-11 00:00:00+00:00,27.55527,35.647133,19.963186
2047-02-12 00:00:00+00:00,28.20314,36.59733,20.257317
2047-02-13 00:00:00+00:00,28.401009,36.797527,20.151443
2047-02-14 00:00:00+00:00,28.698877,37.097725,20.195572
2047-02-15 00:00:00+00:00,29.246744,37.897923,20.689701
2047-02-16 00:00:00+00:00,29.544613,38.048126,21.083834
2047-02-17 00:00:00+00:00,29.44248,37.84832,21.27796
2047-02-18 00:00:00+00:00,29.690348,37.748512,21.572092
2047-02-19 00:00:00+00:00,30.68822,39.048714,23.266216
2047-02-20 00:00:00+00:00,30.936083,37.948906,24.860346
2047-02-21 00:00:00+00:00,31.483952,39.64911,23.454475
2047-02-22 00:00:00+00:00,30.88182,38.899303,22.948605
2047-02-23 00:00:00+00:00,30.72969,37.799503,23.692734
2047-02-24 00:00:00+00:00,30.127558,37.699696,22.586863
2047-02-25 00:00:00+00:00,30.625423,38.3999,22.83099
2047-02-26 00:00:00+00:00,30.623295,38.450096,23.07512
2047-02-27 00:00:00+00:00,31.571163,40.050293,23.569248
2047-02-28 00:00:00+00:00,32.06903,40.550488,23.613377
2047-03-01 00:00:00+00:00,31.6169,40.050686,22.657509
2047-03-02 00:00:00+00:00,31.414764,40.050884,22.501637
2047-03-03 00:00:00+00:00,31.662634,40.251076,23.195765
2047-03-04 00:00:00+00:00,31.767363,40.50777,22.995447
2047-03-05 00:00:00+00:00,29.823069,37.21539,22.295916
2047-03-06 00:00:00+00:00,26.878777,34.07301,19.396393
2047-03-07 00:00:00+00:00,28.684483,35.380627,21.546862
2047-03-08 00:00:00+00:00,31.090189,39.33825,23.047337
2047-03-09 00:00:00+00:00,33.595898,42.095867,25.54781
2047-03-10 00:00:00+00:00,34.401604,42.40349,26.298283
2047-03-11 00:00:00+00:00,34.15731,41.661106,26.44876
2047-03-12 00:00:00+00:00,31.613018,38.718727,24.599228
2047-03-13 00:00:00+00:00,29.918726,37.47635,22.149706
2047-03-14 00:00:00+00:00,30.47443,38.683964,21.950176
2047-03-15 00:00:00+00:00,31.280138,39.241585,23.20065
2047-03-16 00:00:00+00:00,31.485847,39.049202,24.101124
2047-03-17 00:00:00+00:00,31.791552,39.25682,24.301596
2047-03-18 00:00:00+00:00,31.847263,39.66444,23.452068
2047-03-19 00:00:00+00:00,31.802967,39.622063,24.152544
2047-03-20 00:00:00+00:00,29.458675,36.32968,23.253016
2047-03-21 00:00:00+00:00,28.164383,35.7373,20.80349
2047-03-22 00:00:00+00:00,28.52009,36.544918,20.153961
2047-03-23 00:00:00+00:00,29.875795,38.002537,21.204435
2047-03-24 00:00:00+00:00,30.281504,38.36016,21.304909
2047-03-25 00:00:00+00:00,31.137213,39.167774,22.555384
2047-03-26 00:00:00+00:00,30.892921,38.625397,22.905855
2047-03-27 00:00:00+00:00,30.898626,38.833015,22.456327
2047-03-28 00:00:00+00:00,31.954334,40.140633,23.256804
2047-03-29 00:00:00+00:00,32.26004,39.94825,24.007277
2047-03-30 00:00:00+00:00,33.015747,40.905872,24.807749
2047-03-31 00:00:00+00:00,34.121452,42.163494,25.70822
2047-04-01 00:00:00+00:00,33.177162,40.52112,25.208693
2047-04-02 00:00:00+00:00,31.78287,39.62873,23.509167
2047-04-03 00:00:00+00:00,32.23858,40.336353,24.109638
2047-04-04 00:00:00+00:00,33.694286,42.193966,25.060114
2047-04-05 00:00:00+00:00,34.849987,42.901592,26.760588
2047-04-06 00:00:00+00:00,33.605698,41.859215,25.561062
2047-04-07 00:00:00+00:00,32.861404,40.616833,24.911535
2047-04-08 00:00:00+00:00,33.11711,40.424446,24.962008
2047-04-09 00:00:00+00:00,33.02282,39.432068,26.162481
2047-04-10 00:00:00+00:00,33.92852,41.28969,26.762953
2047-04-11 00:00:00+00:00,35.084232,42.89731,28.313427
2047-04-12 00:00:00+00:00,34.38994,42.004925,26.663898
2047-04-13 00:00:00+00:00,34.045647,41.812546,25.964375
2047-04-14 00:00:00+00:00,32.751358,40.570164,23.614843
2047-04-15 00:00:00+00:00,33.50706,41.377785,25.065321
2047-04-16 00:00:00+00:00,33.162766,41.0854,25.015795
2047-04-17 00:00:00+00:00,33.468475,41.393024,25.166265
2047-04-18 00:00:00+00:00,33.924183,42.200645,25.366737
2047-04-19 00:00:00+00:00,34.279892,42.458263,25.867212
2047-04-20 00:00:00+00:00,33.98559,42.665882,24.917685
2047-04-21 00:00:00+00:00,34.691303,43.373497,25.468159
2047-04-22 00:00:00+00:00,37.74701,45.83112,29.368633
2047-04-23 00:00:00+00:00,36.85272,43.288742,29.869102
2047-04-24 00:00:00+00:00,35.008423,40.79636,29.069578
2047-04-25 00:00:00+00:00,37.01413,44.653976,28.620052
2047-04-26 00:00:00+00:00,36.66984,43.561596,29.570524
2047-04-27 00:00:00+00:00,35.475548,42.669212,27.220997
2047-04-28 00:00:00+00:00,32.68125,39.82684,24.62147
2047-04-29 00:00:00+00:00,31.786959,38.88445,23.821945
2047-04-30 00:00:00+00:00,32.192665,39.292076,24.172417
2047-05-01 00:00:00+00:00,32.648373,39.149696,25.47289
2047-05-02 00:00:00+00:00,33.55408,41.45731,25.673363
2047-05-03 00:00:00+00:00,33.50979,41.71493,24.623837
2047-05-04 00:00:00+00:00,33.265568,41.35264,25.005013
2047-05-05 00:00:00+00:00,33.321346,41.190346,25.18619
2047-05-06 00:00:00+00:00,34.227123,41.328056,27.017366
2047-05-07 00:00:00+00:00,33.332905,40.51576,25.798544
2047-05-08 00:00:00+00:00,33.938686,41.25347,25.879717
2047-05-09 00:00:00+00:00,35.294468,43.541176,26.610895
2047-05-10 00:00:00+00:00,38.100243,46.02888,29.79207
2047-05-11 00:00:00+00:00,34.85602,40.866592,29.223251
2047-05-12 00:00:00+00:00,32.811802,39.7043,25.254423
2047-05-13 00:00:00+00:00,33.81758,41.542004,25.735601
2047-05-14 00:00:00+00:00,34.473366,41.57971,26.666779
2047-05-15 00:00:00+00:00,35.72914,44.267418,26.247953
2047-05-16 00:00:00+00:00,39.63492,47.705124,31.579128
2047-05-17 00:00:00+00:00,36.640697,43.49283,29.510307
2047-05-18 00:00:00+00:00,34.54648,42.680542,25.891483
2047-05-19 00:00:00+00:00,34.452263,41.81825,26.622658
2047-05-20 00:00:00+00:00,34.30804,41.305954,27.153835
2047-05-21 00:00:00+00:00,32.46382,39.543667,24.985014
2047-05-22 00:00:00+00:00,31.4696,38.63137,24.266191
2047-05-23 00:00:00+00:00,30.52538,37.319077,23.847366
2047-05-24 00:00:00+00:00,30.581158,36.85678,24.27854
2047-05-25 00:00:00+00:00,29.636936,35.84449,23.209719
2047-05-26 00:00:00+00:00,27.842716,34.432198,21.240896
2047-05-27 00:00:00+00:00,28.048492,34.369904,21.422071
2047-05-28 00:00:00+00:00,29.204273,35.35761,22.403248
2047-05-29 00:00:00+00:00,31.660053,38.69532,24.034422
2047-05-30 00:00:00+00:00,31.915833,37.433025,25.8656
2047-05-31 00:00:00+00:00,34.57161,40.47073,28.496775
2047-06-01 00:00:00+00:00,34.17739,40.108437,28.427954
2047-06-02 00:00:00+00:00,30.43317,36.496147,25.159132
2047-06-03 00:00:00+00:00,28.08895,36.383858,23.740307
2047-06-04 00:00:00+00:00,28.794727,35.02156,22.921484
2047-06-05 00:00:00+00:00,31.40051,39.059265,23.752657
2047-06-06 00:00:00+00:00,32.80629,39.34697,25.933834
2047-06-07 00:00:00+00:00,30.862068,36.684685,24.615011
2047-06-08 00:00:00+00:00,30.817848,36.77239,23.74619
2047-06-09 00:00:00+00:00,30.42363,34.910095,26.077364
2047-06-10 00:00:00+00:00,31.329407,36.697803,25.85854
2047-06-11 00:00:00+00:00,31.585186,37.035515,26.539717
2047-06-12 00:00:00+00:00,32.790962,38.223217,26.820894
2047-06-13 00:00:00+00:00,33.896744,39.210922,27.90207
2047-06-14 00:00:00+00:00,34.652523,40.348633,28.333244
2047-06-15 00:00:00+00:00,33.358307,37.88634,28.014423
2047-06-16 00:00:00+00:00,33.41408,39.374046,27.445599
2047-06-17 00:00:00+00:00,32.96986,39.211754,28.126776
2047-06-18 00:00:00+00:00,32.77564,37.84946,27.057951
2047-06-19 00:00:00+00:00,34.631424,40.73717,28.539127
2047-06-20 00:00:00+00:00,33.5372,40.174877,27.320305
2047-06-21 00:00:00+00:00,33.342976,39.86258,26.90148
2047-06-22 00:00:00+00:00,33.44876,39.40029,27.632658
2047-06-23 00:00:00+00:00,32.004536,36.787994,27.563831
2047-06-24 00:00:00+00:00,32.560318,37.875706,27.69501
2047-06-25 00:00:00+00:00,33.266098,38.01341,27.526186
2047-06-26 00:00:00+00:00,28.471878,35.90112,24.907364
2047-06-27 00:00:00+00:00,30.827654,37.388824,25.238543
2047-06-28 00:00:00+00:00,31.233435,38.07653,25.219713
2047-06-29 00:00:00+00:00,30.889214,37.56424,25.300892
2047-06-30 00:00:00+00:00,28.744995,32.101944,26.032068
2047-07-01 00:00:00+00:00,31.15077,37.439655,24.863245
2047-07-02 00:00:00+00:00,35.206554,40.777363,29.844423
2047-07-03 00:00:00+00:00,34.111435,40.715477,28.222618
2047-07-04 00:00:00+00:00,32.26005,38.3565,26.52995
2047-07-05 00:00:00+00:00,29.458662,33.297516,26.887283
2047-07-06 00:00:00+00:00,30.607275,36.138535,25.794615
2047-07-07 00:00:00+00:00,26.305891,30.579556,23.80195
2047-07-08 00:00:00+00:00,23.854502,26.220564,21.909283
2047-07-09 00:00:00+00:00,26.503117,32.26158,21.266617
2047-07-10 00:00:00+00:00,30.551731,36.3026,25.22395
2047-07-11 00:00:00+00:00,30.000343,35.84362,25.53128
2047-07-12 00:00:00+00:00,28.398958,33.834637,23.688618
2047-07-13 00:00:00+00:00,30.147572,35.47566,24.895948
2047-07-14 00:00:00+00:00,25.346184,30.66667,21.05328
2047-07-15 00:00:00+00:00,26.194796,31.55769,21.460615
2047-07-16 00:00:00+00:00,27.993414,34.548706,24.117947
2047-07-17 00:00:00+00:00,29.842024,35.939724,24.175282
2047-07-18 00:00:00+00:00,27.740637,33.480736,24.432613
2047-07-19 00:00:00+00:00,23.739254,25.721756,22.589947
2047-07-20 00:00:00+00:00,24.687864,27.912777,22.59728
2047-07-21 00:00:00+00:00,26.286476,30.953789,22.654612
2047-07-22 00:00:00+00:00,27.385092,33.044807,24.161947
2047-07-23 00:00:00+00:00,27.533707,33.835827,23.119282
2047-07-24 00:00:00+00:00,27.182318,33.776844,22.826614
2047-07-25 00:00:00+00:00,28.480934,34.71786,22.883945
2047-07-26 00:00:00+00:00,28.579548,32.05888,25.241282
2047-07-27 00:00:00+00:00,31.578157,38.799896,24.948612
2047-07-28 00:00:00+00:00,30.276773,35.890915,25.355947
2047-07-29 00:00:00+00:00,25.275387,28.731932,22.663279
2047-07-30 00:00:00+00:00,26.423998,31.072948,22.920612
2047-07-31 00:00:00+00:00,29.172613,36.263966,23.727943
2047-08-01 00:00:00+00:00,28.671225,33.854984,24.48528
2047-08-02 00:00:00+00:00,24.81984,29.246,22.392612
2047-08-03 00:00:00+00:00,26.868456,31.787022,23.399946
2047-08-04 00:00:00+00:00,29.167067,34.72804,24.757278
2047-08-05 00:00:00+00:00,24.865683,28.869053,20.314611
2047-08-06 00:00:00+00:00,27.164295,30.960066,24.471943
2047-08-07 00:00:00+00:00,27.812906,33.201088,24.17928
2047-08-08 00:00:00+00:00,28.66152,35.292107,23.33661
2047-08-09 00:00:00+00:00,30.560137,35.983124,26.393942
2047-08-10 00:00:00+00:00,30.308746,36.52414,26.001276
2047-08-11 00:00:00+00:00,30.207363,35.915157,25.45861
2047-08-12 00:00:00+00:00,29.605974,34.956173,24.665941
2047-08-13 00:00:00+00:00,30.25459,35.647194,25.573275
2047-08-14 00:00:00+00:00,28.853203,32.038208,26.380613
2047-08-15 00:00:00+00:00,24.751816,28.729225,22.987944
2047-08-16 00:00:00+00:00,26.400429,30.170242,23.395277
2047-08-17 00:00:00+00:00,27.699045,32.961258,24.45261
2047-08-18 00:00:00+00:00,30.447657,38.602276,24.809942
2047-08-19 00:00:00+00:00,23.44627,29.243294,21.617275
2047-08-20 00:00:00+00:00,24.744883,27.68431,22.674608
2047-08-21 00:00:00+00:00,26.593498,30.825327,23.181942
2047-08-22 00:00:00+00:00,27.892109,33.36635,24.589273
2047-08-23 00:00:00+00:00,26.140724,31.757362,22.546608
2047-08-24 00:00:00+00:00,27.489338,33.14838,23.303942
2047-08-25 00:00:00+00:00,29.587952,35.089397,24.461275
2047-08-26 00:00:00+00:00,29.486565,35.180416,24.918606
2047-08-27 00:00:00+00:00,28.735178,33.22143,24.17594
2047-08-28 00:00:00+00:00,29.283789,34.41245,24.333275
2047-08-29 00:00:00+00:00,31.332401,35.703465,27.440609
2047-08-30 00:00:00+00:00,30.93102,35.544487,26.197939
2047-08-31 00:00:00+00:00,30.929632,36.035503,26.255274
2047-09-01 00:00:00+00:00,30.578245,34.776516,26.462606
2047-09-02 00:00:00+00:00,29.47748,32.774635,25.41238
2047-09-03 00:00:00+00:00,25.37857,31.144035,21.739477
2047-09-04 00:00:00+00:00,25.679667,30.263445,20.91657
2047-09-05 00:00:00+00:00,27.380758,30.93285,24.393665
2047-09-06 00:00:00+00:00,27.681852,31.402252,23.870764
2047-09-07 00:00:00+00:00,27.03295,30.471653,24.247862
2047-09-08 00:00:00+00:00,23.984041,26.741062,21.874956
2047-09-09 00:00:00+00:00,25.035135,29.510464,21.80205
2047-09-10 00:00:00+00:00,27.636229,31.92987,24.229149
2047-09-11 00:00:00+00:00,26.087322,29.199276,24.406244
2047-09-12 00:00:00+00:00,25.938416,29.51868,22.43334
2047-09-13 00:00:00+00:00,27.73951,32.388084,23.410437
2047-09-14 00:00:00+00:00,29.290604,32.70749,25.987532
2047-09-15 00:00:00+00:00,29.391699,32.576893,26.264626
2047-09-16 00:00:00+00:00,27.992792,30.946299,25.391722
2047-09-17 00:00:00+00:00,27.843885,31.015703,25.368818
2047-09-18 00:00:00+00:00,29.144976,32.985104,26.095915
2047-09-19 00:00:00+00:00,29.746073,33.654514,26.52301
2047-09-20 00:00:00+00:00,27.447166,31.123917,24.900105
2047-09-21 00:00:00+00:00,27.79826,31.74332,23.827204
2047-09-22 00:00:00+00:00,28.999353,32.56272,25.8043
2047-09-23 00:00:00+00:00,29.500446,33.432133,26.231394
2047-09-24 00:00:00+00:00,28.001541,31.651535,24.608492
2047-09-25 00:00:00+00:00,27.902634,31.570934,24.885588
2047-09-26 00:00:00+00:00,27.15373,30.640345,24.412683
2047-09-27 00:00:00+00:00,25.65482,28.20975,23.839779
2047-09-28 00:00:00+00:00,25.205917,28.079155,22.216875
2047-09-29 00:00:00+00:00,25.60701,29.24856,23.043972
2047-09-30 00:00:00+00:00,26.608107,30.917965,22.721067
2047-10-01 00:00:00+00:00,26.159199,29.887367,23.248161
2047-10-02 00:00:00+00:00,26.610292,31.406773,22.025259
2047-10-03 00:00:00+00:00,27.361383,31.676174,23.552355
2047-10-04 00:00:00+00:00,25.562477,27.54558,23.879452
2047-10-05 00:00:00+00:00,24.663572,27.214985,22.756546
2047-10-06 00:00:00+00:00,24.764666,29.284386,21.233643
2047-10-07 00:00:00+00:00,26.165758,30.753792,21.66074
2047-10-08 00:00:00+00:00,27.616854,33.0232,22.537834
2047-10-09 00:00:00+00:00,29.517946,35.742603,24.61493
2047-10-10 00:00:00+00:00,29.619041,35.362003,24.442026
2047-10-11 00:00:00+00:00,28.470135,33.081413,24.269123
2047-10-12 00:00:00+00:00,26.821226,30.750818,23.74622
2047-10-13 00:00:00+00:00,25.07232,29.17022,22.323315
2047-10-14 00:00:00+00:00,25.673416,29.739626,22.400412
2047-10-15 00:00:00+00:00,24.674511,27.759031,21.327507
2047-10-16 00:00:00+00:00,27.075603,31.628437,23.304604
2047-10-17 00:00:00+00:00,27.7267,32.94784,23.3317
2047-10-18 00:00:00+00:00,27.27779,32.917244,22.558796
2047-10-19 00:00:00+00:00,26.078884,31.93665,21.28589
2047-10-20 00:00:00+00:00,24.829977,27.806053,22.312986
2047-10-21 00:00:00+00:00,23.731073,25.62546,21.34008
2047-10-22 00:00:00+00:00,23.032166,27.54486,18.86718
2047-10-23 00:00:00+00:00,25.033258,30.71427,21.444273
2047-10-24 00:00:00+00:00,25.434353,30.483671,20.971369
2047-10-25 00:00:00+00:00,25.285446,29.403076,21.048466
2047-10-26 00:00:00+00:00,25.186543,29.172482,21.475561
2047-10-27 00:00:00+00:00,26.087633,31.441883,20.902658
2047-10-28 00:00:00+00:00,27.838726,33.011288,22.879755
2047-10-29 00:00:00+00:00,28.839823,34.480694,24.05685
2047-10-30 00:00:00+00:00,26.540916,31.850103,21.883945
2047-10-31 00:00:00+00:00,27.792011,33.619503,22.361042
2047-11-01 00:00:00+00:00,30.043104,37.288906,23.48814
2047-11-02 00:00:00+00:00,30.94039,37.798805,24.169994
2047-11-03 00:00:00+00:00,31.031326,37.74286,24.709787
2047-11-04 00:00:00+00:00,30.222267,35.486916,25.549578
2047-11-05 00:00:00+00:00,30.013203,37.180973,23.489374
2047-11-06 00:00:00+00:00,28.904142,35.275024,23.079166
2047-11-07 00:00:00+00:00,29.245079,36.66908,22.218956
2047-11-08 00:00:00+00:00,30.236017,36.963135,24.30875
2047-11-09 00:00:00+00:00,30.726957,36.707188,25.348543
2047-11-10 00:00:00+00:00,29.817896,34.70124,25.138336
2047-11-11 00:00:00+00:00,29.308834,36.645298,22.778126
2047-11-12 00:00:00+00:00,28.64977,35.58935,22.267918
2047-11-13 00:00:00+00:00,27.890709,35.133408,20.80771
2047-11-14 00:00:00+00:00,27.831644,35.57746,20.147505
2047-11-15 00:00:00+00:00,28.672585,35.971508,21.787294
2047-11-16 00:00:00+00:00,28.963524,36.11557,22.077087
2047-11-17 00:00:00+00:00,29.20446,36.609623,22.166882
2047-11-18 00:00:00+00:00,29.245401,36.103672,22.90667
2047-11-19 00:00:00+00:00,28.086338,35.147728,21.746466
2047-11-20 00:00:00+00:00,28.177275,35.941788,21.08626
2047-11-21 00:00:00+00:00,27.868217,35.58584,20.92605
2047-11-22 00:00:00+00:00,28.159153,36.67989,20.515842
2047-11-23 00:00:00+00:00,28.000092,35.223946,21.205637
2047-11-24 00:00:00+00:00,27.641026,34.818,21.395428
2047-11-25 00:00:00+00:00,26.481968,33.712055,19.885221
2047-11-26 00:00:00+00:00,26.022907,33.55611,19.425013
2047-11-27 00:00:00+00:00,25.963842,33.70016,18.914804
2047-11-28 00:00:00+00:00,26.104778,33.84422,19.654596
2047-11-29 00:00:00+00:00,25.595718,33.13827,18.94439
2047-11-30 00:00:00+00:00,25.186659,32.932327,18.034182
2047-12-01 00:00:00+00:00,24.977596,33.026382,17.973972
2047-12-02 00:00:00+00:00,24.718534,32.070435,17.713768
2047-12-03 00:00:00+00:00,25.409472,33.31449,17.703558
2047-12-04 00:00:00+00:00,25.650412,33.558544,17.89335
2047-12-05 00:00:00+00:00,25.49135,33.602596,17.033144
2047-12-06 00:00:00+00:00,26.282288,33.746655,19.672937
2047-12-07 00:00:00+00:00,25.323225,31.990711,19.412727
2047-12-08 00:00:00+00:00,25.264164,31.884764,19.45252
2047-12-09 00:00:00+00:00,24.8551,31.878817,18.392313
2047-12-10 00:00:00+00:00,25.69604,33.872868,18.732105
2047-12-11 00:00:00+00:00,26.686977,34.816925,19.471899
2047-12-12 00:00:00+00:00,26.527916,34.060978,19.861689
2047-12-13 00:00:00+00:00,26.068853,32.405037,20.301481
2047-12-14 00:00:00+00:00,25.909794,32.39909,20.441275
2047-12-15 00:00:00+00:00,25.850733,32.393143,20.231066
2047-12-16 00:00:00+00:00,25.391668,31.637197,20.12086
2047-12-17 00:00:00+00:00,24.532606,31.181252,18.46065
2047-12-18 00:00:00+00:00,24.173546,31.325304,17.250444
2047-12-19 00:00:00+00:00,24.764484,32.269356,17.840237
2047-12-20 00:00:00+00:00,25.255423,32.163418,19.180029
2047-12-21 00:00:00+00:00,25.44636,33.20747,18.81982
2047-12-22 00:00:00+00:00,24.4373,31.55152,18.109615
2047-12-23 00:00:00+00:00,23.978237,31.545576,17.799406
2047-12-24 00:00:00+00:00,23.219175,29.839632,18.039196
2047-12-25 00:00:00+00:00,23.860111,32.73368,15.82899
2047-12-26 00:00:00+00:00,24.601048,33.12774,17.118782
2047-12-27 00:00:00+00:00,25.29199,33.47179,17.608576
2047-12-28 00:00:00+00:00,23.632927,30.415848,18.248367
2047-12-29 00:00:00+00:00,23.123865,30.7099,16.78816
2047-12-30 00:00:00+00:00,24.664803,32.453957,17.67795
2047-12-31 00:00:00+00:00,25.905743,33.39801,19.667744
2048-01-01 00:00:00+00:00,26.446682,33.992065,19.957539
2048-01-02 00:00:00+00:00,25.891085,33.73919,18.5995
2048-01-03 00:00:00+00:00,26.488953,34.73939,19.093626
2048-01-04 00:00:00+00:00,27.386818,36.439583,18.937754
2048-01-05 00:00:00+00:00,26.984686,35.389782,19.281885
2048-01-06 00:00:00+00:00,26.682556,35.28998,18.676014
2048-01-07 00:00:00+00:00,27.030424,35.740177,19.020142
2048-01-08 00:00:00+00:00,27.12829,35.640377,19.41427
2048-01-09 00:00:00+00:00,26.776157,34.790573,19.4084
2048-01-10 00:00:00+00:00,26.524027,34.39077,19.402527
2048-01-11 00:00:00+00:00,26.821898,35.540966,18.846659
2048-01-12 00:00:00+00:00,27.469765,35.691162,20.090788
2048-01-13 00:00:00+00:00,26.917633,35.44136,18.834915
2048-01-14 00:00:00+00:00,26.2155,34.44156,18.229044
2048-01-15 00:00:00+00:00,25.11337,32.59176,17.923174
2048-01-16 00:00:00+00:00,24.461237,32.24195,17.0673
2048-01-17 00:00:00+00:00,25.759104,33.94215,18.161432
2048-01-18 00:00:00+00:00,27.506971,36.292347,19.555561
2048-01-19 00:00:00+00:00,27.154842,34.892544,19.899689
2048-01-20 00:00:00+00:00,25.202707,32.042744,18.693819
2048-01-21 00:00:00+00:00,24.950575,32.84294,17.687946
2048-01-22 00:00:00+00:00,26.148447,34.943134,18.282076
2048-01-23 00:00:00+00:00,27.09631,35.493332,19.626205
2048-01-24 00:00:00+00:00,27.79418,36.69353,19.470335
2048-01-25 00:00:00+00:00,28.592049,36.84373,20.764462
2048-01-26 00:00:00+00:00,27.839916,35.193924,20.90859
2048-01-27 00:00:00+00:00,27.637787,35.544125,20.85272
2048-01-28 00:00:00+00:00,27.435654,35.89432,19.296848
2048-01-29 00:00:00+00:00,27.33352,35.894516,19.090979
2048-01-30 00:00:00+00:00,27.78139,36.744713,19.185106
2048-01-31 00:00:00+00:00,28.479256,37.34491,19.629236
2048-02-01 00:00:00+00:00,28.327126,37.045113,19.573364
2048-02-02 00:00:00+00:00,28.474993,37.04531,20.167494
2048-02-03 00:00:00+00:00,28.872864,37.595505,20.561625
2048-02-04 00:00:00+00:00,28.770731,37.7457,19.955751
2048-02-05 00:00:00+00:00,28.718597,37.595898,20.049881
2048-02-06 00:00:00+00:00,29.016466,38.1961,20.344011
2048-02-07 00:00:00+00:00,29.114334,38.346294,19.938137
2048-02-08 00:00:00+00:00,29.2122,37.84649,20.982265
2048-02-09 00:00:00+00:00,29.410069,38.19669,21.376396
2048-02-10 00:00:00+00:00,28.857939,35.996887,22.120525
2048-02-11 00:00:00+00:00,25.905804,32.24708,19.414654
2048-02-12 00:00:00+00:00,23.403675,29.897278,17.158783
2048-02-13 00:00:00+00:00,22.501541,30.14748,15.25291
2048-02-14 00:00:00+00:00,23.64941,31.347672,16.29704
2048-02-15 00:00:00+00:00,25.04728,33.24787,17.441168
2048-02-16 00:00:00+00:00,26.245146,34.748074,18.1353
2048-02-17 00:00:00+00:00,26.993013,35.448265,18.72943
2048-02-18 00:00:00+00:00,27.440882,35.998466,19.073555
2048-02-19 00:00:00+00:00,27.88875,36.648663,19.017687
2048-02-20 00:00:00+00:00,28.336618,36.348858,20.511812
2048-02-21 00:00:00+00:00,28.63449,36.79906,20.905943
2048-02-22 00:00:00+00:00,29.982355,37.94925,22.300072
2048-02-23 00:00:00+00:00,30.130222,37.549454,23.094202
2048-02-24 00:00:00+00:00,29.97809,37.599648,22.98833
2048-02-25 00:00:00+00:00,28.97596,36.64985,21.732456
2048-02-26 00:00:00+00:00,28.723827,36.850044,21.176588
2048-02-27 00:00:00+00:00,30.171694,38.90024,21.670715
2048-02-28 00:00:00+00:00,30.369564,38.250443,23.414848
2048-02-29 00:00:00+00:00,30.86743,39.650635,22.408976
2048-03-01 00:00:00+00:00,30.765299,38.300835,23.153105
2048-03-02 00:00:00+00:00,30.613169,39.20103,22.597233
2048-03-03 00:00:00+00:00,30.565937,38.90587,22.495329
2048-03-04 00:00:00+00:00,30.92164,39.513485,22.395798
2048-03-05 00:00:00+00:00,32.077347,40.921104,23.396275
2048-03-06 00:00:00+00:00,32.78306,40.778725,24.396744
2048-03-07 00:00:00+00:00,32.438763,40.936344,23.497221
2048-03-08 00:00:00+00:00,32.194473,40.743958,23.147694
2048-03-09 00:00:00+00:00,33.05018,41.501583,24.898165
2048-03-10 00:00:00+00:00,32.455887,40.8092,23.99864
2048-03-11 00:00:00+00:00,33.711594,42.51682,25.099112
2048-03-12 00:00:00+00:00,33.517296,40.924442,26.049585
2048-03-13 00:00:00+00:00,32.773006,40.83206,25.150059
2048-03-14 00:00:00+00:00,32.728714,41.43968,24.15053
2048-03-15 00:00:00+00:00,32.58442,40.9973,24.651005
2048-03-16 00:00:00+00:00,32.290127,40.654922,24.001478
2048-03-17 00:00:00+00:00,32.045834,40.412537,23.451952
2048-03-18 00:00:00+00:00,32.00154,39.92016,24.302425
2048-03-19 00:00:00+00:00,31.707249,39.827778,23.7529
2048-03-20 00:00:00+00:00,32.162956,41.035397,23.303371
2048-03-21 00:00:00+00:00,32.368668,40.943016,23.953842
2048-03-22 00:00:00+00:00,31.62437,40.450638,22.254318
2048-03-23 00:00:00+00:00,32.030075,41.358253,22.85479
2048-03-24 00:00:00+00:00,32.735786,41.315872,24.055264
2048-03-25 00:00:00+00:00,32.591488,40.673492,24.505737
2048-03-26 00:00:00+00:00,31.7972,39.631107,23.456211
2048-03-27 00:00:00+00:00,31.852905,39.83873,23.206682
2048-03-28 00:00:00+00:00,32.458614,40.59635,23.607159
2048-03-29 00:00:00+00:00,32.96432,41.15397,24.30763
2048-03-30 00:00:00+00:00,34.22003,42.611588,25.208103
2048-03-31 00:00:00+00:00,35.625732,43.269207,27.908577
2048-04-01 00:00:00+00:00,34.731445,42.076828,27.209047
2048-04-02 00:00:00+00:00,33.487152,40.034454,26.659521
2048-04-03 00:00:00+00:00,33.092854,40.642067,25.709993
2048-04-04 00:00:00+00:00,33.84856,42.199684,25.360468
2048-04-05 00:00:00+00:00,33.604267,41.557304,25.460943
2048-04-06 00:00:00+00:00,32.95998,40.56493,25.111416
2048-04-07 00:00:00+00:00,31.715687,39.422543,23.46189
2048-04-08 00:00:00+00:00,31.121391,38.380165,23.062363
2048-04-09 00:00:00+00:00,28.777098,35.637783,21.062836
2048-04-10 00:00:00+00:00,28.882805,36.445404,20.66331
2048-04-11 00:00:00+00:00,31.138512,38.80302,22.91378
2048-04-12 00:00:00+00:00,32.49422,39.81064,25.164255
2048-04-13 00:00:00+00:00,34.149925,41.56826,25.564728
2048-04-14 00:00:00+00:00,33.555634,40.52588,26.415201
2048-04-15 00:00:00+00:00,32.16134,39.433502,24.315674
2048-04-16 00:00:00+00:00,32.21705,40.19112,23.966148
2048-04-17 00:00:00+00:00,33.422756,42.248737,23.91662
2048-04-18 00:00:00+00:00,34.878464,43.656357,25.467094
2048-04-19 00:00:00+00:00,35.534172,43.513973,26.667566
2048-04-20 00:00:00+00:00,36.089878,43.671597,27.918041
2048-04-21 00:00:00+00:00,36.545586,44.079212,28.268517
2048-04-22 00:00:00+00:00,35.35129,42.786835,27.718985
2048-04-23 00:00:00+00:00,34.706997,42.544456,26.569462
2048-04-24 00:00:00+00:00,32.162704,39.552074,23.569933
2048-04-25 00:00:00+00:00,31.16841,39.059696,22.620405
2048-04-26 00:00:00+00:00,34.17412,42.11731,25.82088
2048-04-27 00:00:00+00:00,36.029823,44.374928,27.271355
2048-04-28 00:00:00+00:00,35.635536,43.68255,26.871824
2048-04-29 00:00:00+00:00,36.84124,44.340168,28.8223
2048-04-30 00:00:00+00:00,33.84695,42.89779,24.322775
2048-05-01 00:00:00+00:00,37.402653,44.755405,29.823244
2048-05-02 00:00:00+00:00,36.75836,44.56303,27.823719
2048-05-03 00:00:00+00:00,37.764122,45.50571,29.547218
2048-05-04 00:00:00+00:00,37.0199,44.093422,29.278399
2048-05-05 00:00:00+00:00,36.425682,43.98113,28.359573
2048-05-06 00:00:00+00:00,36.381462,43.468834,28.49075
2048-05-07 00:00:00+00:00,35.98724,43.35654,28.021923
2048-05-08 00:00:00+00:00,34.89302,41.944252,27.653101
2048-05-09 00:00:00+00:00,37.248802,45.28196,28.584276
2048-05-10 00:00:00+00:00,36.704582,44.169666,28.565454
2048-05-11 00:00:00+00:00,34.66036,41.757374,26.69663
2048-05-12 00:00:00+00:00,34.06614,42.24508,25.677807
2048-05-13 00:00:00+00:00,35.67192,43.732784,27.208982
2048-05-14 00:00:00+00:00,33.727695,40.870495,25.74016
2048-05-15 00:00:00+00:00,34.083473,41.1582,26.371336
2048-05-16 00:00:00+00:00,33.289253,39.795902,26.252512
2048-05-17 00:00:00+00:00,30.745037,37.53361,23.683687
2048-05-18 00:00:00+00:00,28.000816,34.771324,20.864866
2048-05-19 00:00:00+00:00,26.756594,32.80903,20.796043
2048-05-20 00:00:00+00:00,27.362373,33.546734,20.677216
2048-05-21 00:00:00+00:00,29.06815,35.284443,22.508396
2048-05-22 00:00:00+00:00,30.173933,36.57215,23.089571
2048-05-23 00:00:00+00:00,30.579714,37.409855,23.170746
2048-05-24 00:00:00+00:00,31.085491,37.997566,23.201925
2048-05-25 00:00:00+00:00,32.24127,39.13527,24.7831
2048-05-26 00:00:00+00:00,34.19705,41.57298,26.264278
2048-05-27 00:00:00+00:00,33.75283,40.060684,27.095453
2048-05-28 00:00:00+00:00,33.608612,39.44839,27.076632
2048-05-29 00:00:00+00:00,34.664387,40.9861,27.507805
2048-05-30 00:00:00+00:00,35.320168,42.023808,28.138985
2048-05-31 00:00:00+00:00,34.975945,42.36151,27.120157
2048-06-01 00:00:00+00:00,32.13173,36.549217,27.151335
2048-06-02 00:00:00+00:00,31.687506,36.436924,26.882511
2048-06-03 00:00:00+00:00,34.29329,40.424637,27.763689
2048-06-04 00:00:00+00:00,34.799065,40.96234,29.594864
2048-06-05 00:00:00+00:00,35.604847,44.900047,27.476042
2048-06-06 00:00:00+00:00,31.96062,38.43775,25.957216
2048-06-07 00:00:00+00:00,33.266403,39.42547,26.888395
2048-06-08 00:00:00+00:00,29.722178,36.81317,22.76957
2048-06-09 00:00:00+00:00,31.027962,37.050877,25.100746
2048-06-10 00:00:00+00:00,32.683743,39.03858,26.331923
2048-06-11 00:00:00+00:00,33.439518,40.276295,26.5631
2048-06-12 00:00:00+00:00,34.3453,40.564,27.144274
2048-06-13 00:00:00+00:00,31.25108,34.901703,26.575453
2048-06-14 00:00:00+00:00,33.656857,39.189407,27.856627
2048-06-15 00:00:00+00:00,35.562637,41.17712,29.487803
2048-06-16 00:00:00+00:00,35.66842,42.314827,29.218983
2048-06-17 00:00:00+00:00,32.324192,38.802532,26.600159
2048-06-18 00:00:00+00:00,32.87998,39.690243,25.931332
2048-06-19 00:00:00+00:00,34.085754,39.977947,27.76251
2048-06-20 00:00:00+00:00,33.191532,39.115654,26.993687
2048-06-21 00:00:00+00:00,33.647316,39.50336,27.92486
2048-06-22 00:00:00+00:00,32.853092,38.24107,27.106041
2048-06-23 00:00:00+00:00,33.508873,38.978775,27.537218
2048-06-24 00:00:00+00:00,32.464653,37.066483,27.51839
2048-06-25 00:00:00+00:00,32.920433,39.504192,26.19957
2048-06-26 00:00:00+00:00,33.22621,38.8419,26.680744
2048-06-27 00:00:00+00:00,32.93199,39.329605,27.211922
2048-06-28 00:00:00+00:00,32.48777,39.167313,26.143099
2048-06-29 00:00:00+00:00,30.593548,34.50502,26.674273
2048-06-30 00:00:00+00:00,29.499327,34.242725,25.45545
2048-07-01 00:00:00+00:00,27.40511,33.48043,21.836628
2048-07-02 00:00:00+00:00,29.810886,36.71814,23.917805
2048-07-03 00:00:00+00:00,31.310396,39.008747,23.92812
2048-07-04 00:00:00+00:00,30.95901,37.299767,25.335451
2048-07-05 00:00:00+00:00,30.157625,36.49078,23.992783
2048-07-06 00:00:00+00:00,31.656235,37.08179,25.650116
2048-07-07 00:00:00+00:00,33.25485,38.92281,28.007448
2048-07-08 00:00:00+00:00,31.903463,37.513832,26.264784
2048-07-09 00:00:00+00:00,24.652077,31.754848,22.022116
2048-07-10 00:00:00+00:00,26.150692,31.395868,22.62945
2048-07-11 00:00:00+00:00,29.849302,37.08688,23.586782
2048-07-12 00:00:00+00:00,30.897915,38.177902,23.794113
2048-07-13 00:00:00+00:00,31.246532,36.718918,25.901451
2048-07-14 00:00:00+00:00,30.895142,36.559933,25.558783
2048-07-15 00:00:00+00:00,25.643759,30.30095,23.416115
2048-07-16 00:00:00+00:00,29.042372,35.44197,23.073448
2048-07-17 00:00:00+00:00,31.490986,36.582985,27.030783
2048-07-18 00:00:00+00:00,29.389599,35.37401,24.138113
2048-07-19 00:00:00+00:00,26.838211,33.01502,22.695448
2048-07-20 00:00:00+00:00,27.286827,32.95604,22.252779
2048-07-21 00:00:00+00:00,30.23544,35.197056,25.910112
2048-07-22 00:00:00+00:00,28.234053,33.53807,25.017448
2048-07-23 00:00:00+00:00,29.032665,35.57909,23.174782
2048-07-24 00:00:00+00:00,31.18128,37.220108,25.982113
2048-07-25 00:00:00+00:00,32.429893,38.311123,26.989447
2048-07-26 00:00:00+00:00,26.428507,31.902145,23.546778
2048-07-27 00:00:00+00:00,24.327118,26.693161,22.504112
2048-07-28 00:00:00+00:00,26.175732,32.13418,23.761444
2048-07-29 00:00:00+00:00,29.374348,36.57519,24.468779
2048-07-30 00:00:00+00:00,29.672958,36.016212,25.176111
2048-07-31 00:00:00+00:00,29.921572,35.357227,25.133446
2048-08-01 00:00:00+00:00,31.670189,37.598248,25.79078
2048-08-02 00:00:00+00:00,30.468803,35.48926,26.248112
2048-08-03 00:00:00+00:00,25.167414,29.73028,22.755444
2048-08-04 00:00:00+00:00,24.666029,27.5713,22.91278
2048-08-05 00:00:00+00:00,25.964642,30.512318,23.270111
2048-08-06 00:00:00+00:00,28.013256,33.203335,24.427444
2048-08-07 00:00:00+00:00,27.511868,33.59435,24.034777
2048-08-08 00:00:00+00:00,26.81048,32.185368,23.94211
2048-08-09 00:00:00+00:00,27.609095,33.37638,23.799444
2048-08-10 00:00:00+00:00,27.207708,32.9174,22.506775
2048-08-11 00:00:00+00:00,27.65632,33.20842,23.46411
2048-08-12 00:00:00+00:00,26.454937,30.049438,23.971443
2048-08-13 00:00:00+00:00,27.50355,31.390453,24.278776
2048-08-14 00:00:00+00:00,28.202164,32.731472,25.13611
2048-08-15 00:00:00+00:00,28.300777,33.22249,24.793442
2048-08-16 00:00:00+00:00,29.499392,35.16351,24.950775
2048-08-17 00:00:00+00:00,25.798002,28.554522,23.65811
2048-08-18 00:00:00+00:00,24.046616,26.295538,22.415442
2048-08-19 00:00:00+00:00,25.64523,28.886555,23.322775
2048-08-20 00:00:00+00:00,28.593843,35.027576,24.180109
2048-08-21 00:00:00+00:00,28.592459,34.668594,23.787441
2048-08-22 00:00:00+00:00,28.74107,34.90961,24.044777
2048-08-23 00:00:00+00:00,28.439686,33.400627,24.152105
2048-08-24 00:00:00+00:00,26.538294,30.641647,23.75944
2048-08-25 00:00:00+00:00,25.286911,28.882664,23.566774
2048-08-26 00:00:00+00:00,24.535524,28.42368,23.024109
2048-08-27 00:00:00+00:00,25.43414,29.464697,22.73144
2048-08-28 00:00:00+00:00,28.482752,34.155712,24.288773
2048-08-29 00:00:00+00:00,30.731365,36.99673,25.346107
2048-08-30 00:00:00+00:00,30.829977,36.03775,26.05344
2048-08-31 00:00:00+00:00,28.378592,33.728767,25.160774
2048-09-01 00:00:00+00:00,27.877205,32.11978,24.368107
2048-09-02 00:00:00+00:00,28.278297,31.839184,24.395203
2048-09-03 00:00:00+00:00,29.279392,32.858593,26.422298
2048-09-04 00:00:00+00:00,28.430487,31.427994,25.549397
2048-09-05 00:00:00+00:00,27.88158,31.497398,24.72649
2048-09-06 00:00:00+00:00,27.432676,30.116806,24.953583
2048-09-07 00:00:00+00:00,26.683767,29.236206,24.480682
2048-09-08 00:00:00+00:00,25.684862,28.605612,24.007778
2048-09-09 00:00:00+00:00,25.935955,29.875021,23.334873
2048-09-10 00:00:00+00:00,25.587051,29.394426,22.71197
2048-09-11 00:00:00+00:00,26.288141,30.063828,23.039066
2048-09-12 00:00:00+00:00,27.289236,31.733234,22.616161
2048-09-13 00:00:00+00:00,26.39033,29.602638,23.643257
2048-09-14 00:00:00+00:00,26.991423,30.82204,23.970354
2048-09-15 00:00:00+00:00,29.442516,33.491447,25.647448
2048-09-16 00:00:00+00:00,31.49361,36.560852,27.174545
2048-09-17 00:00:00+00:00,27.994703,32.580257,24.35164
2048-09-18 00:00:00+00:00,26.3958,30.399662,21.028736
2048-09-19 00:00:00+00:00,28.496895,32.719063,25.955833
2048-09-20 00:00:00+00:00,29.797987,34.13847,25.73293
2048-09-21 00:00:00+00:00,29.649082,33.157875,26.310026
2048-09-22 00:00:00+00:00,29.550175,32.82728,26.337122
2048-09-23 00:00:00+00:00,29.651268,33.29668,26.214214
2048-09-24 00:00:00+00:00,30.102362,33.916092,26.291313
2048-09-25 00:00:00+00:00,30.803453,34.38549,27.31841
2048-09-26 00:00:00+00:00,25.90455,31.354893,21.145504
2048-09-27 00:00:00+00:00,26.255642,30.224302,23.0726
2048-09-28 00:00:00+00:00,28.756737,33.193707,23.999697
2048-09-29 00:00:00+00:00,30.55783,34.61311,26.826794
2048-09-30 00:00:00+00:00,29.358925,32.432514,26.65389
2048-10-01 00:00:00+00:00,29.510017,33.551926,26.380983
2048-10-02 00:00:00+00:00,29.111113,32.621323,26.158083
2048-10-03 00:00:00+00:00,28.712204,32.44073,25.885176
2048-10-04 00:00:00+00:00,28.713303,33.06013,24.712273
2048-10-05 00:00:00+00:00,29.664392,34.529537,25.189367
2048-10-06 00:00:00+00:00,30.615484,36.198948,25.816463
2048-10-07 00:00:00+00:00,31.11658,36.26835,26.193562
2048-10-08 00:00:00+00:00,29.517673,32.68775,26.420656
2048-10-09 00:00:00+00:00,26.018768,28.707159,23.247753
2048-10-10 00:00:00+00:00,25.719862,29.426565,22.37485
2048-10-11 00:00:00+00:00,26.270956,30.645962,22.601946
2048-10-12 00:00:00+00:00,26.622051,31.515371,22.729042
2048-10-13 00:00:00+00:00,28.223145,33.684776,23.106134
2048-10-14 00:00:00+00:00,28.824236,34.60418,24.033232
2048-10-15 00:00:00+00:00,28.375332,33.023582,24.360329
2048-10-16 00:00:00+00:00,28.426424,33.09299,24.837423
2048-10-17 00:00:00+00:00,27.577518,32.162395,23.614521
2048-10-18 00:00:00+00:00,28.07861,32.8318,23.841618
2048-10-19 00:00:00+00:00,26.179705,29.101202,23.418713
2048-10-20 00:00:00+00:00,24.130798,27.070606,20.84581
2048-10-21 00:00:00+00:00,26.031895,29.390013,22.122906
2048-10-22 00:00:00+00:00,25.282986,28.859417,21.849998
2048-10-23 00:00:00+00:00,25.58408,31.32882,21.877094
2048-10-24 00:00:00+00:00,26.835173,33.29823,21.254192
2048-10-25 00:00:00+00:00,27.386269,33.61763,21.331287
2048-10-26 00:00:00+00:00,27.487362,33.987034,21.258383
2048-10-27 00:00:00+00:00,27.138456,33.65644,20.98548
2048-10-28 00:00:00+00:00,27.189548,32.325848,22.812576
2048-10-29 00:00:00+00:00,27.090643,33.04525,21.789673
2048-10-30 00:00:00+00:00,27.691734,32.86466,23.166769
2048-10-31 00:00:00+00:00,26.54283,30.734058,22.093863
2048-11-01 00:00:00+00:00,29.192654,37.10029,23.372547
2048-11-02 00:00:00+00:00,31.583591,38.09435,25.06234
2048-11-03 00:00:00+00:00,32.174534,39.388405,25.35213
2048-11-04 00:00:00+00:00,30.865467,37.482452,24.391922
2048-11-05 00:00:00+00:00,30.756405,38.676517,23.331717
2048-11-06 00:00:00+00:00,29.297344,36.370567,22.42151
2048-11-07 00:00:00+00:00,30.588282,38.164623,21.1613
2048-11-08 00:00:00+00:00,29.429222,34.05867,26.001093
2048-11-09 00:00:00+00:00,30.920162,37.40273,24.440886
2048-11-10 00:00:00+00:00,32.4111,38.79678,25.980679
2048-11-11 00:00:00+00:00,32.452034,39.34084,25.57047
2048-11-12 00:00:00+00:00,32.29297,38.78489,25.810263
2048-11-13 00:00:00+00:00,32.433914,39.478943,25.650055
2048-11-14 00:00:00+00:00,32.42485,38.923,25.989847
2048-11-15 00:00:00+00:00,32.46579,39.217052,25.929638
2048-11-16 00:00:00+00:00,32.40673,39.06111,25.269432
2048-11-17 00:00:00+00:00,32.697662,38.955162,26.559225
2048-11-18 00:00:00+00:00,30.588604,36.249218,24.599016
2048-11-19 00:00:00+00:00,29.779543,36.243267,22.838808
2048-11-20 00:00:00+00:00,30.720478,37.537323,23.428602
2048-11-21 00:00:00+00:00,31.56142,38.43138,23.968393
2048-11-22 00:00:00+00:00,32.302357,38.425434,25.80819
2048-11-23 00:00:00+00:00,33.993294,40.51949,27.64798
2048-11-24 00:00:00+00:00,33.584232,40.063545,26.98777
2048-11-25 00:00:00+00:00,32.675167,38.957596,26.527565
2048-11-26 00:00:00+00:00,31.516111,37.60165,25.317356
2048-11-27 00:00:00+00:00,31.057049,37.1957,24.657148
2048-11-28 00:00:00+00:00,31.047985,36.68976,25.24694
2048-11-29 00:00:00+00:00,30.638924,37.033817,24.686735
2048-11-30 00:00:00+00:00,29.679863,36.57787,23.226524
2048-12-01 00:00:00+00:00,29.5208,36.571922,22.716318
2048-12-02 00:00:00+00:00,28.361738,35.61597,21.40611
2048-12-03 00:00:00+00:00,27.952677,34.31003,21.595903
2048-12-04 00:00:00+00:00,28.643614,35.754086,21.835695
2048-12-05 00:00:00+00:00,29.034552,36.19814,22.225489
2048-12-06 00:00:00+00:00,29.37549,36.842194,21.815279
2048-12-07 00:00:00+00:00,30.86643,37.336246,25.155071
2048-12-08 00:00:00+00:00,29.307367,35.0803,24.144867
2048-12-09 00:00:00+00:00,27.648306,34.12435,21.834656
2048-12-10 00:00:00+00:00,27.589243,34.71841,21.42445
2048-12-11 00:00:00+00:00,27.98018,34.962467,21.76424
2048-12-12 00:00:00+00:00,27.77112,35.106518,21.354036
2048-12-13 00:00:00+00:00,26.91206,34.500572,20.193827
2048-12-14 00:00:00+00:00,26.202997,34.24463,19.483618
2048-12-15 00:00:00+00:00,25.843937,32.938683,19.723412
2048-12-16 00:00:00+00:00,26.534872,34.632736,19.813204
2048-12-17 00:00:00+00:00,26.02581,33.426792,19.802996
2048-12-18 00:00:00+00:00,25.21675,33.420845,18.042788
2048-12-19 00:00:00+00:00,25.757687,34.1649,18.18258
2048-12-20 00:00:00+00:00,26.398624,34.208954,19.822372
2048-12-21 00:00:00+00:00,25.789564,33.60301,19.112167
2048-12-22 00:00:00+00:00,25.180502,32.997063,18.501957
2048-12-23 00:00:00+00:00,24.77144,31.641117,19.091753
2048-12-24 00:00:00+00:00,25.212378,32.385174,18.381542
2048-12-25 00:00:00+00:00,25.053316,33.379227,17.771334
2048-12-26 00:00:00+00:00,25.744257,34.42328,18.011127
2048-12-27 00:00:00+00:00,25.485195,33.717335,19.25092
2048-12-28 00:00:00+00:00,24.626131,31.411388,18.740713
2048-12-29 00:00:00+00:00,24.517069,32.40544,18.380505
2048-12-30 00:00:00+00:00,25.058008,33.949497,17.520296
2048-12-31 00:00:00+00:00,25.398947,34.49355,17.260088
2049-01-01 00:00:00+00:00,26.241615,35.089138,17.850967
2049-01-02 00:00:00+00:00,26.439487,35.239334,17.945091
2049-01-03 00:00:00+00:00,26.78735,35.58954,18.489223
2049-01-04 00:00:00+00:00,27.03522,35.439735,19.38335
2049-01-05 00:00:00+00:00,26.883087,35.43993,18.977482
2049-01-06 00:00:00+00:00,27.380957,35.990124,19.471611
2049-01-07 00:00:00+00:00,26.978825,35.140324,19.31574
2049-01-08 00:00:00+00:00,26.376692,34.19052,18.909868
2049-01-09 00:00:00+00:00,26.32456,34.54072,18.903994
2049-01-10 00:00:00+00:00,26.82243,35.440914,19.248127
2049-01-11 00:00:00+00:00,26.520298,35.141117,18.592255
2049-01-12 00:00:00+00:00,25.918165,34.49131,17.886385
2049-01-13 00:00:00+00:00,25.766033,34.391506,17.680513
2049-01-14 00:00:00+00:00,26.2639,35.291706,17.82464
2049-01-15 00:00:00+00:00,26.71177,35.591904,18.16877
2049-01-16 00:00:00+00:00,26.509636,35.042103,18.4129
2049-01-17 00:00:00+00:00,25.357506,33.1923,17.857027
2049-01-18 00:00:00+00:00,22.205374,27.392494,17.101154
2049-01-19 00:00:00+00:00,22.00324,29.142696,15.245288
2049-01-20 00:00:00+00:00,21.65111,28.292887,15.2894125
2049-01-21 00:00:00+00:00,22.748974,30.543085,15.183543
2049-01-22 00:00:00+00:00,23.996845,31.643284,16.377672
2049-01-23 00:00:00+00:00,25.144714,33.393486,17.121801
2049-01-24 00:00:00+00:00,27.74258,36.19368,19.51593
2049-01-25 00:00:00+00:00,29.840448,37.793877,22.310059
2049-01-26 00:00:00+00:00,30.33832,37.944073,23.354189
2049-01-27 00:00:00+00:00,28.986183,36.394268,22.198318
2049-01-28 00:00:00+00:00,27.984055,35.694466,20.492445
2049-01-29 00:00:00+00:00,27.98192,36.094666,20.586575
2049-01-30 00:00:00+00:00,27.07979,34.24486,20.280703
2049-01-31 00:00:00+00:00,26.37766,33.945065,19.074833
2049-02-01 00:00:00+00:00,27.525528,36.295258,19.26896
2049-02-02 00:00:00+00:00,28.423395,36.795456,20.913094
2049-02-03 00:00:00+00:00,28.121265,36.49565,19.907219
2049-02-04 00:00:00+00:00,26.119133,32.84585,19.851347
2049-02-05 00:00:00+00:00,25.766998,33.296047,17.995478
2049-02-06 00:00:00+00:00,26.614868,34.546246,18.689606
2049-02-07 00:00:00+00:00,28.962734,37.396442,20.883736
2049-02-08 00:00:00+00:00,28.610603,35.196636,22.277864
2049-02-09 00:00:00+00:00,29.008472,36.846836,21.871992
2049-02-10 00:00:00+00:00,29.206339,37.297035,21.466122
2049-02-11 00:00:00+00:00,29.204208,37.44723,21.21025
2049-02-12 00:00:00+00:00,29.652075,38.397427,21.00438
2049-02-13 00:00:00+00:00,30.99994,40.19762,22.04851
2049-02-14 00:00:00+00:00,31.547813,39.597824,23.992638
2049-02-15 00:00:00+00:00,30.84568,38.848022,23.486769
2049-02-16 00:00:00+00:00,29.543547,37.148216,22.280897
2049-02-17 00:00:00+00:00,28.541414,36.248417,21.075026
2049-02-18 00:00:00+00:00,28.489285,35.598614,22.169153
2049-02-19 00:00:00+00:00,28.23715,35.39881,21.51328
2049-02-20 00:00:00+00:00,28.33502,34.099007,23.557411
2049-02-21 00:00:00+00:00,29.732887,38.099205,22.151537
2049-02-22 00:00:00+00:00,28.680756,36.599403,20.84567
2049-02-23 00:00:00+00:00,29.678623,38.549603,20.789799
2049-02-24 00:00:00+00:00,30.97649,39.7998,22.633926
2049-02-25 00:00:00+00:00,31.124361,39.199993,22.478056
2049-02-26 00:00:00+00:00,30.77223,39.300194,21.622183
2049-02-27 00:00:00+00:00,32.570095,41.000385,24.21631
2049-02-28 00:00:00+00:00,31.767965,40.000584,24.260445
2049-03-01 00:00:00+00:00,31.66583,39.800785,23.654572
2049-03-02 00:00:00+00:00,32.1637,40.50098,23.448702
2049-03-03 00:00:00+00:00,31.614508,38.953964,24.595207
2049-03-04 00:00:00+00:00,31.020216,39.111576,23.045681
2049-03-05 00:00:00+00:00,31.125921,39.2692,22.796154
2049-03-06 00:00:00+00:00,31.58163,40.176823,22.696629
2049-03-07 00:00:00+00:00,31.687336,40.53444,20.8471
2049-03-08 00:00:00+00:00,33.693043,42.59206,24.247576
2049-03-09 00:00:00+00:00,35.49875,44.24968,26.198046
2049-03-10 00:00:00+00:00,35.80446,43.50729,28.39852
2049-03-11 00:00:00+00:00,33.660164,41.164917,26.148994
2049-03-12 00:00:00+00:00,31.615873,39.072533,24.099466
2049-03-13 00:00:00+00:00,31.121582,39.080154,23.149942
2049-03-14 00:00:00+00:00,31.927286,39.637775,24.150414
2049-03-15 00:00:00+00:00,31.882996,39.695393,23.800888
2049-03-16 00:00:00+00:00,32.5887,40.703014,23.75136
2049-03-17 00:00:00+00:00,32.744408,40.06063,25.351831
2049-03-18 00:00:00+00:00,32.700115,40.418255,24.902306
2049-03-19 00:00:00+00:00,33.25582,40.925873,25.552778
2049-03-20 00:00:00+00:00,33.761528,41.53349,25.803253
2049-03-21 00:00:00+00:00,34.467236,42.641106,25.953724
2049-03-22 00:00:00+00:00,35.072945,43.298733,26.354198
2049-03-23 00:00:00+00:00,34.828648,42.70635,26.104671
2049-03-24 00:00:00+00:00,30.884357,36.263973,25.605145
2049-03-25 00:00:00+00:00,27.690063,35.22159,21.105618
2049-03-26 00:00:00+00:00,30.345772,38.27921,23.60609
2049-03-27 00:00:00+00:00,28.301477,32.736828,24.156565
2049-03-28 00:00:00+00:00,29.257185,36.444443,22.00704
2049-03-29 00:00:00+00:00,28.962894,35.952065,21.107512
2049-03-30 00:00:00+00:00,29.7686,37.259686,22.107983
2049-03-31 00:00:00+00:00,32.024307,39.467304,24.208456
2049-04-01 00:00:00+00:00,33.880013,41.674923,25.75893
2049-04-02 00:00:00+00:00,34.435722,41.88254,26.709402
2049-04-03 00:00:00+00:00,32.94143,40.29016,25.359875
2049-04-04 00:00:00+00:00,31.547138,39.047783,23.56035
2049-04-05 00:00:00+00:00,32.152843,39.9054,23.760826
2049-04-06 00:00:00+00:00,32.40855,39.61302,25.061298
2049-04-07 00:00:00+00:00,30.96426,38.270638,23.711771
2049-04-08 00:00:00+00:00,30.219965,37.47826,22.712244
2049-04-09 00:00:00+00:00,30.37567,38.38588,22.362717
2049-04-10 00:00:00+00:00,31.581375,40.193497,22.913189
2049-04-11 00:00:00+00:00,32.937084,41.151115,24.413664
2049-04-12 00:00:00+00:00,33.89279,42.058735,25.964138
2049-04-13 00:00:00+00:00,33.948498,42.466354,25.56461
2049-04-14 00:00:00+00:00,34.754208,43.373978,26.215082
2049-04-15 00:00:00+00:00,34.659916,42.781593,24.615555
2049-04-16 00:00:00+00:00,35.16562,43.33921,26.26603
2049-04-17 00:00:00+00:00,35.37133,43.24683,27.216501
2049-04-18 00:00:00+00:00,34.677032,42.004456,26.766975
2049-04-19 00:00:00+00:00,35.08275,43.112072,26.367449
2049-04-20 00:00:00+00:00,35.838448,44.219692,26.667923
2049-04-21 00:00:00+00:00,37.594162,45.377308,29.318396
2049-04-22 00:00:00+00:00,37.599865,43.684933,30.418867
2049-04-23 00:00:00+00:00,36.805573,44.09255,28.969343
2049-04-24 00:00:00+00:00,35.661278,43.250168,27.969814
2049-04-25 00:00:00+00:00,35.466988,43.10779,27.270288
2049-04-26 00:00:00+00:00,35.872696,43.26541,27.970762
2049-04-27 00:00:00+00:00,35.9284,43.773026,27.521233
2049-04-28 00:00:00+00:00,34.63411,41.980648,26.821709
2049-04-29 00:00:00+00:00,29.689816,36.93826,21.322182
2049-04-30 00:00:00+00:00,28.445518,34.995884,21.322653
2049-05-01 00:00:00+00:00,27.65123,35.003506,20.02313
2049-05-02 00:00:00+00:00,30.706936,39.111122,21.7236
2049-05-03 00:00:00+00:00,33.56268,41.708786,24.489426
2049-05-04 00:00:00+00:00,36.91846,44.946495,28.870604
2049-05-05 00:00:00+00:00,35.074234,40.034203,30.001776
2049-05-06 00:00:00+00:00,32.73002,39.471905,26.482956
2049-05-07 00:00:00+00:00,34.8858,41.90961,27.76413
2049-05-08 00:00:00+00:00,36.391575,43.89732,28.195307
2049-05-09 00:00:00+00:00,37.297356,45.085033,28.676485
2049-05-10 00:00:00+00:00,35.85313,44.07274,26.907661
2049-05-11 00:00:00+00:00,38.458916,45.21044,31.338835
2049-05-12 00:00:00+00:00,38.014694,44.99815,30.670013
2049-05-13 00:00:00+00:00,38.120476,45.23586,30.201189
2049-05-14 00:00:00+00:00,37.976254,44.923565,29.882368
2049-05-15 00:00:00+00:00,35.48203,42.06127,28.613543
2049-05-16 00:00:00+00:00,36.187813,43.148983,28.294716
2049-05-17 00:00:00+00:00,36.543587,43.636684,28.475895
2049-05-18 00:00:00+00:00,35.49937,42.02439,28.45707
2049-05-19 00:00:00+00:00,32.205147,38.7621,25.388247
2049-05-20 00:00:00+00:00,31.160927,38.14981,23.819426
2049-05-21 00:00:00+00:00,32.01671,38.887512,24.9006
2049-05-22 00:00:00+00:00,33.22249,40.275223,25.481777
2049-05-23 00:00:00+00:00,34.828266,41.81293,27.812956
2049-05-24 00:00:00+00:00,35.734047,42.200638,28.644129
2049-05-25 00:00:00+00:00,37.189823,43.238342,30.175308
2049-05-26 00:00:00+00:00,36.645607,42.02605,30.90648
2049-05-27 00:00:00+00:00,33.801384,40.813755,27.937658
2049-05-28 00:00:00+00:00,31.45716,36.50147,26.168835
2049-05-29 00:00:00+00:00,34.212944,40.83917,27.800013
2049-05-30 00:00:00+00:00,36.31872,43.52688,28.53119
2049-05-31 00:00:00+00:00,34.974503,42.014584,27.862364
2049-06-01 00:00:00+00:00,28.530281,35.702297,22.74354
2049-06-02 00:00:00+00:00,29.98606,36.19,23.874718
2049-06-03 00:00:00+00:00,33.24184,39.12771,26.755896
2049-06-04 00:00:00+00:00,34.34762,41.56541,26.68707
2049-06-05 00:00:00+00:00,35.653397,43.753124,27.418245
2049-06-06 00:00:00+00:00,35.05918,41.690826,27.549423
2049-06-07 00:00:00+00:00,29.464958,37.278534,24.730597
2049-06-08 00:00:00+00:00,32.92074,40.21624,25.811777
2049-06-09 00:00:00+00:00,34.62652,40.453953,28.24295
2049-06-10 00:00:00+00:00,34.932297,41.441654,27.72413
2049-06-11 00:00:00+00:00,33.338078,39.029366,27.055304
2049-06-12 00:00:00+00:00,32.693855,38.217068,26.686483
2049-06-13 00:00:00+00:00,33.349636,39.504784,26.617657
2049-06-14 00:00:00+00:00,34.255413,41.142483,27.548834
2049-06-15 00:00:00+00:00,33.511192,40.68019,26.030012
2049-06-16 00:00:00+00:00,32.866974,38.5179,26.661188
2049-06-17 00:00:00+00:00,33.62275,39.555607,27.592363
2049-06-18 00:00:00+00:00,34.17853,40.493313,27.47354
2049-06-19 00:00:00+00:00,36.18431,43.83102,28.704718
2049-06-20 00:00:00+00:00,32.89009,39.218727,26.735893
2049-06-21 00:00:00+00:00,32.045868,37.40644,26.167068
2049-06-22 00:00:00+00:00,33.851646,40.09414,27.848248
2049-06-23 00:00:00+00:00,33.807426,40.78185,26.729422
2049-06-24 00:00:00+00:00,33.563206,40.019554,26.560598
2049-06-25 00:00:00+00:00,32.96899,38.757263,26.891773
2049-06-26 00:00:00+00:00,31.474766,36.89497,24.42295
2049-06-27 00:00:00+00:00,31.530544,37.032677,23.554125
2049-06-28 00:00:00+00:00,25.286325,29.070387,22.735304
2049-06-29 00:00:00+00:00,29.392105,35.558098,23.466482
2049-06-30 00:00:00+00:00,31.047884,36.945797,25.047655
2049-07-01 00:00:00+00:00,30.403664,35.833508,24.928833
2049-07-02 00:00:00+00:00,25.409443,30.87122,22.510008
2049-07-03 00:00:00+00:00,27.810743,34.610992,22.976282
2049-07-04 00:00:00+00:00,29.759357,36.552006,23.233618
2049-07-05 00:00:00+00:00,30.10797,35.293026,25.990952
2049-07-06 00:00:00+00:00,31.656582,36.284042,27.04828
2049-07-07 00:00:00+00:00,28.855196,32.825058,26.405617
2049-07-08 00:00:00+00:00,30.40381,36.06608,25.562948
2049-07-09 00:00:00+00:00,30.702423,37.107094,26.170282
2049-07-10 00:00:00+00:00,31.051037,37.04811,26.277617
2049-07-11 00:00:00+00:00,30.999651,36.43913,25.83495
2049-07-12 00:00:00+00:00,31.298265,36.730145,26.592281
2049-07-13 00:00:00+00:00,29.996878,36.471165,26.749615
2049-07-14 00:00:00+00:00,29.845491,35.66218,24.556948
2049-07-15 00:00:00+00:00,31.894104,37.603195,25.714281
2049-07-16 00:00:00+00:00,32.19272,37.194214,27.321615
2049-07-17 00:00:00+00:00,32.691334,38.58523,27.128948
2049-07-18 00:00:00+00:00,31.639944,36.97625,26.886278
2049-07-19 00:00:00+00:00,31.038557,36.11727,27.093616
2049-07-20 00:00:00+00:00,29.33717,35.158283,25.400948
2049-07-21 00:00:00+00:00,28.935785,33.899303,25.45828
2049-07-22 00:00:00+00:00,30.634398,36.34032,26.715612
2049-07-23 00:00:00+00:00,31.433016,37.981335,25.722948
2049-07-24 00:00:00+00:00,28.481625,31.422352,26.230282
2049-07-25 00:00:00+00:00,28.830236,34.51337,24.937613
2049-07-26 00:00:00+00:00,31.728855,37.704384,26.444944
2049-07-27 00:00:00+00:00,31.627464,37.695408,26.652279
2049-07-28 00:00:00+00:00,26.976078,30.036425,23.759611
2049-07-29 00:00:00+00:00,24.674694,27.777441,22.716944
2049-07-30 00:00:00+00:00,26.123304,29.168457,24.12428
2049-07-31 00:00:00+00:00,26.071918,30.159473,23.381615
2049-08-01 00:00:00+00:00,24.320532,25.85049,22.838945
2049-08-02 00:00:00+00:00,25.469149,29.191507,22.246279
2049-08-03 00:00:00+00:00,28.467762,34.232525,24.453613
2049-08-04 00:00:00+00:00,31.616375,40.273544,24.210945
2049-08-05 00:00:00+00:00,30.314985,34.56456,26.518276
2049-08-06 00:00:00+00:00,27.713604,33.355576,24.22561
2049-08-07 00:00:00+00:00,27.862215,31.8466,24.132944
2049-08-08 00:00:00+00:00,30.960829,36.037613,25.740276
2049-08-09 00:00:00+00:00,26.609442,32.47863,24.097609
2049-08-10 00:00:00+00:00,27.758057,32.869644,23.654943
2049-08-11 00:00:00+00:00,30.256668,36.410667,25.312275
2049-08-12 00:00:00+00:00,31.055283,37.15168,26.319609
2049-08-13 00:00:00+00:00,27.553896,32.942703,24.076944
2049-08-14 00:00:00+00:00,24.602509,26.133715,23.834274
2049-08-15 00:00:00+00:00,26.001125,29.374735,22.941608
2049-08-16 00:00:00+00:00,29.249735,35.765747,25.048943
2049-08-17 00:00:00+00:00,25.04835,28.506767,22.706274
2049-08-18 00:00:00+00:00,26.546959,31.84779,22.413609
2049-08-19 00:00:00+00:00,28.245577,33.538803,24.470942
2049-08-20 00:00:00+00:00,29.04419,34.77982,24.628273
2049-08-21 00:00:00+00:00,29.642801,35.220837,25.435612
2049-08-22 00:00:00+00:00,30.641417,36.461853,25.342941
2049-08-23 00:00:00+00:00,32.190033,38.102875,26.600273
2049-08-24 00:00:00+00:00,28.488644,32.39389,25.657608
2049-08-25 00:00:00+00:00,28.487259,33.934906,24.364939
2049-08-26 00:00:00+00:00,30.03587,34.875927,25.372272
2049-08-27 00:00:00+00:00,32.334488,38.36694,26.979609
2049-08-28 00:00:00+00:00,30.033096,35.10796,26.136942
2049-08-29 00:00:00+00:00,28.13171,33.348976,23.544271
2049-08-30 00:00:00+00:00,29.880323,34.539993,25.251604
2049-08-31 00:00:00+00:00,31.828936,36.28101,27.45894
2049-09-01 00:00:00+00:00,32.877556,38.572033,27.066273
2049-09-02 00:00:00+00:00,28.928026,32.184334,25.500929
2049-09-03 00:00:00+00:00,30.679121,34.603745,27.428022
2049-09-04 00:00:00+00:00,29.230215,32.273144,26.10512
2049-09-05 00:00:00+00:00,28.281305,31.842552,25.132217
2049-09-06 00:00:00+00:00,31.0824,34.861958,27.109312
2049-09-07 00:00:00+00:00,30.883495,34.33136,27.23641
2049-09-08 00:00:00+00:00,29.634586,32.500763,26.8135
2049-09-09 00:00:00+00:00,30.135683,33.170166,27.340601
2049-09-10 00:00:00+00:00,30.036774,32.639572,26.317696
2049-09-11 00:00:00+00:00,27.637869,30.508976,25.29479
2049-09-12 00:00:00+00:00,27.588964,31.278385,24.371887
2049-09-13 00:00:00+00:00,28.840057,32.297787,24.598986
2049-09-14 00:00:00+00:00,29.69115,33.067192,26.87608
2049-09-15 00:00:00+00:00,29.592245,33.636597,25.903173
2049-09-16 00:00:00+00:00,29.943338,33.906,26.130272
2049-09-17 00:00:00+00:00,29.49443,33.625404,25.607368
2049-09-18 00:00:00+00:00,29.195526,32.84481,25.784462
2049-09-19 00:00:00+00:00,26.59662,29.314215,23.761559
2049-09-20 00:00:00+00:00,26.097712,30.18362,22.638657
2049-09-21 00:00:00+00:00,27.798805,31.953022,23.565752
2049-09-22 00:00:00+00:00,29.6499,34.17243,25.192848
2049-09-23 00:00:00+00:00,29.750996,33.991837,25.319944
2049-09-24 00:00:00+00:00,28.252087,31.011238,25.747038
2049-09-25 00:00:00+00:00,28.753181,32.730644,25.274134
2049-09-26 00:00:00+00:00,28.954275,33.25005,25.201231
2049-09-27 00:00:00+00:00,28.90537,34.01945,24.228327
2049-09-28 00:00:00+00:00,29.856462,33.63885,26.305424
2049-09-29 00:00:00+00:00,30.057554,34.45826,26.182516
2049-09-30 00:00:00+00:00,29.65865,34.327667,24.759617
2049-10-01 00:00:00+00:00,27.509743,30.497068,25.036709
2049-10-02 00:00:00+00:00,27.460838,31.316473,24.063807
2049-10-03 00:00:00+00:00,29.511932,34.08588,24.940905
2049-10-04 00:00:00+00:00,31.063025,36.255283,26.267998
2049-10-05 00:00:00+00:00,30.61412,34.42469,27.145096
2049-10-06 00:00:00+00:00,28.765213,32.04409,24.822191
2049-10-07 00:00:00+00:00,29.116306,34.563496,23.399284
2049-10-08 00:00:00+00:00,30.4174,34.982906,26.676386
2049-10-09 00:00:00+00:00,30.818493,35.502308,26.653479
2049-10-10 00:00:00+00:00,30.96959,36.171707,26.230576
2049-10-11 00:00:00+00:00,31.22068,37.341118,26.207672
2049-10-12 00:00:00+00:00,28.521774,32.660522,24.534765
2049-10-13 00:00:00+00:00,28.472868,32.87992,24.361862
2049-10-14 00:00:00+00:00,29.973963,34.29933,26.588957
2049-10-15 00:00:00+00:00,30.175056,35.268734,26.166054
2049-10-16 00:00:00+00:00,30.87615,36.688137,26.04315
2049-10-17 00:00:00+00:00,30.827244,36.657543,25.920246
2049-10-18 00:00:00+00:00,30.878336,35.726948,26.347342
2049-10-19 00:00:00+00:00,30.329432,35.196354,25.924437
2049-10-20 00:00:00+00:00,29.830524,35.91576,24.101534
2049-10-21 00:00:00+00:00,29.68162,34.63516,25.42863
2049-10-22 00:00:00+00:00,28.982714,32.704567,25.655725
2049-10-23 00:00:00+00:00,30.333805,36.17397,25.182825
2049-10-24 00:00:00+00:00,30.0849,34.743378,26.259916
2049-10-25 00:00:00+00:00,29.735994,34.31278,25.087013
2049-10-26 00:00:00+00:00,30.787086,37.832188,24.16411
2049-10-27 00:00:00+00:00,31.238182,39.55159,23.691204
2049-10-28 00:00:00+00:00,32.289276,39.670994,26.468302
2049-10-29 00:00:00+00:00,31.49037,40.090397,24.195396
2049-10-30 00:00:00+00:00,30.091461,36.409805,24.372494
2049-10-31 00:00:00+00:00,29.642557,36.829205,24.949589
2049-11-01 00:00:00+00:00,31.59365,37.998608,26.076685
2049-11-02 00:00:00+00:00,32.53586,39.495834,25.364891
2049-11-03 00:00:00+00:00,33.776794,40.689888,26.854685
2049-11-04 00:00:00+00:00,34.217735,39.733944,28.394474
2049-11-05 00:00:00+00:00,33.158676,39.527996,25.984268
2049-11-06 00:00:00+00:00,35.09961,42.622055,28.12406
2049-11-07 00:00:00+00:00,32.24055,38.216106,26.463852
2049-11-08 00:00:00+00:00,31.931488,38.66016,25.153645
2049-11-09 00:00:00+00:00,32.472427,38.454216,26.19344
2049-11-10 00:00:00+00:00,33.213364,39.298267,26.63323
2049-11-11 00:00:00+00:00,33.6043,40.542324,26.22302
2049-11-12 00:00:00+00:00,33.545242,40.93638,26.312815
2049-11-13 00:00:00+00:00,33.736176,41.130432,26.50261
2049-11-14 00:00:00+00:00,34.077118,41.12449,26.992401
2049-11-15 00:00:00+00:00,33.668053,40.86854,26.282192
2049-11-16 00:00:00+00:00,32.308994,38.762596,25.721985
2049-11-17 00:00:00+00:00,33.449932,40.10665,26.611774
2049-11-18 00:00:00+00:00,33.39087,40.9007,25.901567
2049-11-19 00:00:00+00:00,32.18181,39.44476,24.29136
2049-11-20 00:00:00+00:00,31.622746,39.03882,23.881153
2049-11-21 00:00:00+00:00,31.263685,38.582867,24.270947
2049-11-22 00:00:00+00:00,31.154625,38.62692,23.310738
2049-11-23 00:00:00+00:00,30.795559,37.920975,23.55053
2049-11-24 00:00:00+00:00,30.0365,36.865032,23.290323
2049-11-25 00:00:00+00:00,30.427439,37.60908,23.230118
2049-11-26 00:00:00+00:00,30.918375,38.00314,23.919907
2049-11-27 00:00:00+00:00,29.759312,36.347195,23.659698
2049-11-28 00:00:00+00:00,28.95025,35.99125,22.049492
2049-11-29 00:00:00+00:00,28.491192,35.485302,21.589287
2049-11-30 00:00:00+00:00,28.032127,35.479355,21.179077
2049-12-01 00:00:00+00:00,26.773064,33.423405,20.768867
2049-12-02 00:00:00+00:00,25.464005,32.167465,20.358662
2049-12-03 00:00:00+00:00,25.95494,33.01152,19.698454
2049-12-04 00:00:00+00:00,24.54588,30.255573,19.738247
2049-12-05 00:00:00+00:00,23.786816,31.849625,16.67804
2049-12-06 00:00:00+00:00,25.077757,33.89368,16.617832
2049-12-07 00:00:00+00:00,26.018694,34.987736,17.607624
2049-12-08 00:00:00+00:00,26.359632,34.08179,18.947418
2049-12-09 00:00:00+00:00,26.800571,33.825844,19.987207
2049-12-10 00:00:00+00:00,24.841509,30.919897,19.327002
2049-12-11 00:00:00+00:00,25.082449,32.013954,18.666794
2049-12-12 00:00:00+00:00,25.173386,32.958004,18.106585
2049-12-13 00:00:00+00:00,25.564323,33.75206,18.04638
2049-12-14 00:00:00+00:00,25.005262,32.596115,18.236172
2049-12-15 00:00:00+00:00,25.7462,34.690166,17.725964
2049-12-16 00:00:00+00:00,26.487139,34.384224,19.215755
2049-12-17 00:00:00+00:00,26.728075,35.078278,19.605549
2049-12-18 00:00:00+00:00,25.869015,33.22233,19.44534
2049-12-19 00:00:00+00:00,24.409952,31.816385,18.035131
2049-12-20 00:00:00+00:00,24.300892,32.210438,17.274925
2049-12-21 00:00:00+00:00,23.69183,30.25449,17.664717
2049-12-22 00:00:00+00:00,21.982767,28.748547,15.554507
2049-12-23 00:00:00+00:00,21.673708,29.192604,15.044299
2049-12-24 00:00:00+00:00,22.114643,30.286657,14.934094
2049-12-25 00:00:00+00:00,23.805582,32.53071,16.023886
2049-12-26 00:00:00+00:00,24.84652,33.674767,17.01368
2049-12-27 00:00:00+00:00,25.98746,34.96882,17.903473
2049-12-28 00:00:00+00:00,25.678396,33.912872,17.943264
2049-12-29 00:00:00+00:00,25.619333,34.05693,17.933058
2049-12-30 00:00:00+00:00,26.510275,35.350983,18.42285
2049-12-31 00:00:00+00:00,27.05121,35.89504,18.96264
2050-01-01 00:00:00+00:00,27.49215,35.88909,19.302433
2050-01-02 00:00:00+00:00,27.990019,36.98929,19.596563
2050-01-03 00:00:00+00:00,28.737886,37.739487,20.390692
2050-01-04 00:00:00+00:00,28.785753,37.689682,20.484821
2050-01-05 00:00:00+00:00,29.683622,38.63988,21.378948
2050-01-06 00:00:00+00:00,29.781488,38.490074,21.923079
2050-01-07 00:00:00+00:00,28.67936,37.190277,20.617207
2050-01-08 00:00:00+00:00,28.777225,37.290474,20.861336
2050-01-09 00:00:00+00:00,28.175095,36.64067,20.205465
2050-01-10 00:00:00+00:00,28.02296,35.14087,21.499592
2050-01-11 00:00:00+00:00,28.17083,36.541065,20.843723
2050-01-12 00:00:00+00:00,28.718699,36.84126,21.037853
2050-01-13 00:00:00+00:00,29.216566,37.44146,21.481981
2050-01-14 00:00:00+00:00,28.764435,36.341656,21.726109
2050-01-15 00:00:00+00:00,27.462301,34.641853,20.720236
2050-01-16 00:00:00+00:00,27.260168,34.592052,20.214369
2050-01-17 00:00:00+00:00,27.708036,35.29225,20.858494
2050-01-18 00:00:00+00:00,28.255907,36.54245,20.302624
2050-01-19 00:00:00+00:00,28.603773,36.792645,20.896753
2050-01-20 00:00:00+00:00,29.251644,37.64284,21.240883
2050-01-21 00:00:00+00:00,29.849508,37.643036,22.33501
2050-01-22 00:00:00+00:00,29.497377,37.243233,22.229141
2050-01-23 00:00:00+00:00,29.845247,37.943436,22.073269
2050-01-24 00:00:00+00:00,28.993114,35.94363,22.817396
2050-01-25 00:00:00+00:00,28.090982,35.09383,21.561527
2050-01-26 00:00:00+00:00,27.78885,35.244022,20.905655
2050-01-27 00:00:00+00:00,28.186718,36.54422,20.449785
2050-01-28 00:00:00+00:00,29.384588,35.844418,22.893911
2050-01-29 00:00:00+00:00,30.632456,38.44462,22.838041
2050-01-30 00:00:00+00:00,30.080322,38.244812,22.132172
2050-01-31 00:00:00+00:00,30.378193,38.545013,22.676302
2050-02-01 00:00:00+00:00,29.776058,36.74521,24.170431
2050-02-02 00:00:00+00:00,31.373928,39.29541,23.714558
2050-02-03 00:00:00+00:00,31.321796,37.545605,25.458687
2050-02-04 00:00:00+00:00,30.369663,36.945797,24.152817
2050-02-05 00:00:00+00:00,30.067532,37.495995,23.646946
2050-02-06 00:00:00+00:00,29.715399,36.046196,23.591074
2050-02-07 00:00:00+00:00,28.413265,35.446392,22.535202
2050-02-08 00:00:00+00:00,26.861137,32.746586,21.129332
2050-02-09 00:00:00+00:00,27.209003,35.496788,19.273462
2050-02-10 00:00:00+00:00,27.55687,34.496983,20.16759
2050-02-11 00:00:00+00:00,27.254744,35.397182,20.461718
2050-02-12 00:00:00+00:00,26.50261,34.397377,18.155848
2050-02-13 00:00:00+00:00,28.150475,35.89758,21.199976
2050-02-14 00:00:00+00:00,28.298346,36.04778,21.044104
2050-02-15 00:00:00+00:00,27.846214,35.54797,20.588236
2050-02-16 00:00:00+00:00,27.294079,35.198166,19.982365
2050-02-17 00:00:00+00:00,26.191946,33.648365,18.776491
2050-02-18 00:00:00+00:00,25.889818,33.548565,18.470623
2050-02-19 00:00:00+00:00,24.137686,31.298761,17.11475
2050-02-20 00:00:00+00:00,23.78555,31.248957,16.858877
2050-02-21 00:00:00+00:00,24.483421,32.59916,16.553007
2050-02-22 00:00:00+00:00,26.381289,34.849354,17.997135
2050-02-23 00:00:00+00:00,28.329159,37.14955,19.691267
2050-02-24 00:00:00+00:00,27.977026,35.89975,20.035395
2050-02-25 00:00:00+00:00,26.02489,32.09995,20.029524
2050-02-26 00:00:00+00:00,23.222761,29.60014,17.573652
2050-02-27 00:00:00+00:00,23.170628,31.050337,15.667779
2050-02-28 00:00:00+00:00,24.818499,32.450535,17.611908
2050-03-01 00:00:00+00:00,24.316364,31.20073,17.706038
2050-03-02 00:00:00+00:00,26.214233,35.300934,17.350168
2050-03-03 00:00:00+00:00,27.813082,36.652058,19.19509
2050-03-04 00:00:00+00:00,29.118786,38.309677,19.945564
2050-03-05 00:00:00+00:00,31.124496,40.217297,21.896036
2050-03-06 00:00:00+00:00,31.530205,39.974915,23.146511
2050-03-07 00:00:00+00:00,31.085909,39.78253,22.446981
2050-03-08 00:00:00+00:00,31.09162,39.940155,21.697456
2050-03-09 00:00:00+00:00,30.94732,39.797775,21.847927
2050-03-10 00:00:00+00:00,31.003029,40.105392,21.548403
2050-03-11 00:00:00+00:00,30.558743,39.413013,21.748878
2050-03-12 00:00:00+00:00,30.764442,39.77063,21.24935
2050-03-13 00:00:00+00:00,32.320152,41.32825,22.949821
2050-03-14 00:00:00+00:00,32.925858,41.23587,24.600294
2050-03-15 00:00:00+00:00,33.58157,42.293488,24.500769
2050-03-16 00:00:00+00:00,34.637276,43.25111,26.101242
2050-03-17 00:00:00+00:00,35.142982,42.808727,27.151714
2050-03-18 00:00:00+00:00,34.298687,42.06635,25.802187
2050-03-19 00:00:00+00:00,34.05439,42.473965,25.20266
2050-03-20 00:00:00+00:00,34.210102,43.03158,24.703135
2050-03-21 00:00:00+00:00,34.41581,43.289204,24.853607
2050-03-22 00:00:00+00:00,34.271515,42.846825,25.05408
2050-03-23 00:00:00+00:00,34.07722,42.804443,24.504555
2050-03-24 00:00:00+00:00,33.832928,42.36206,25.755028
2050-03-25 00:00:00+00:00,33.188637,41.96968,24.6555
2050-03-26 00:00:00+00:00,33.694344,42.227303,24.605972
2050-03-27 00:00:00+00:00,33.900055,42.28492,25.306448
2050-03-28 00:00:00+00:00,32.15576,39.542545,25.056921
2050-03-29 00:00:00+00:00,32.511467,41.400158,23.707394
2050-03-30 00:00:00+00:00,32.21718,40.90778,23.257868
2050-03-31 00:00:00+00:00,34.072884,42.615395,25.15834
2050-04-01 00:00:00+00:00,35.078587,43.373016,26.60881
2050-04-02 00:00:00+00:00,33.934296,41.63064,26.159286
2050-04-03 00:00:00+00:00,32.29,39.73826,24.559757
2050-04-04 00:00:00+00:00,32.845707,40.495876,24.860231
2050-04-05 00:00:00+00:00,34.351414,42.303497,26.260708
2050-04-06 00:00:00+00:00,35.707127,43.61111,27.76118
2050-04-07 00:00:00+00:00,36.11283,44.268734,27.261654
2050-04-08 00:00:00+00:00,36.418537,44.276352,28.312126
2050-04-09 00:00:00+00:00,36.47425,44.68397,27.8126
2050-04-10 00:00:00+00:00,35.329952,43.691593,26.263073
2050-04-11 00:00:00+00:00,34.08566,41.74921,25.463545
2050-04-12 00:00:00+00:00,34.19137,41.70683,26.564016
2050-04-13 00:00:00+00:00,36.047073,44.46445,27.66449
2050-04-14 00:00:00+00:00,37.10278,45.92207,27.714966
2050-04-15 00:00:00+00:00,37.908485,45.829685,28.965437
2050-04-16 00:00:00+00:00,39.364197,46.737312,31.56591
2050-04-17 00:00:00+00:00,37.719902,45.394928,29.316383
2050-04-18 00:00:00+00:00,34.425606,41.702545,26.216856
2050-04-19 00:00:00+00:00,33.631317,41.960163,24.817331
2050-04-20 00:00:00+00:00,34.787025,43.067787,26.267805
2050-04-21 00:00:00+00:00,35.24273,43.175407,27.018278
2050-04-22 00:00:00+00:00,34.998436,42.733025,26.46875
2050-04-23 00:00:00+00:00,35.354145,42.740646,27.019226
2050-04-24 00:00:00+00:00,34.309853,42.098263,25.919699
2050-04-25 00:00:00+00:00,33.06556,41.105885,24.870169
2050-04-26 00:00:00+00:00,30.421268,37.113503,23.220644
2050-04-27 00:00:00+00:00,29.176975,35.82112,22.271116
2050-04-28 00:00:00+00:00,33.98268,43.978745,23.771591
2050-04-29 00:00:00+00:00,37.438385,46.186356,28.522064
2050-04-30 00:00:00+00:00,37.644093,46.49398,28.272537
2050-05-01 00:00:00+00:00,36.849804,44.8516,27.873009
2050-05-02 00:00:00+00:00,36.60551,45.309216,26.273481
2050-05-03 00:00:00+00:00,35.81123,44.161858,26.08163
2050-05-04 00:00:00+00:00,35.16701,43.749565,26.412807
2050-05-05 00:00:00+00:00,32.472794,39.587273,24.993986
2050-05-06 00:00:00+00:00,33.278572,41.374977,24.475163
2050-05-07 00:00:00+00:00,35.28435,42.162685,27.556337
2050-05-08 00:00:00+00:00,35.09013,43.500397,26.637514
2050-05-09 00:00:00+00:00,34.84591,43.938103,24.86869
2050-05-10 00:00:00+00:00,33.701687,40.97581,25.399864
2050-05-11 00:00:00+00:00,32.75747,38.613514,27.231043
2050-05-12 00:00:00+00:00,32.21325,37.151226,27.612219
2050-05-13 00:00:00+00:00,35.41903,43.788933,26.393394
2050-05-14 00:00:00+00:00,38.174812,45.17664,29.924572
2050-05-15 00:00:00+00:00,36.780586,42.564342,29.555746
2050-05-16 00:00:00+00:00,36.036366,43.45205,28.286922
2050-05-17 00:00:00+00:00,36.592148,43.789757,28.618101
2050-05-18 00:00:00+00:00,35.597923,43.227467,27.399279
2050-05-19 00:00:00+00:00,35.45371,42.46517,27.630453
2050-05-20 00:00:00+00:00,34.809483,42.55288,27.311632
2050-05-21 00:00:00+00:00,33.715267,41.49059,25.692806
2050-05-22 00:00:00+00:00,31.92104,38.328297,25.273985
2050-05-23 00:00:00+00:00,32.52682,39.266,25.05516
2050-05-24 00:00:00+00:00,33.9826,42.25371,25.586336
2050-05-25 00:00:00+00:00,36.088383,44.59142,27.267511
2050-05-26 00:00:00+00:00,36.99416,44.779125,28.898691
2050-05-27 00:00:00+00:00,34.74994,42.26683,26.829865
2050-05-28 00:00:00+00:00,34.85572,42.404537,27.311043
2050-05-29 00:00:00+00:00,35.711494,43.142242,28.74222
2050-05-30 00:00:00+00:00,37.267277,45.329952,29.123396
2050-05-31 00:00:00+00:00,35.82306,42.617653,28.00457
2050-06-01 00:00:00+00:00,35.528835,42.605366,27.735746
2050-06-02 00:00:00+00:00,36.78462,44.293076,28.766924
2050-06-03 00:00:00+00:00,37.240395,44.58078,29.848099
2050-06-04 00:00:00+00:00,33.64617,38.81848,27.379276
2050-06-05 00:00:00+00:00,32.60195,40.056194,25.41045
2050-06-06 00:00:00+00:00,33.307735,41.043903,25.791628
2050-06-07 00:00:00+00:00,34.713512,42.03161,27.422806
2050-06-08 00:00:00+00:00,35.619293,43.16931,28.353981
2050-06-09 00:00:00+00:00,35.27507,42.407024,29.435158
2050-06-10 00:00:00+00:00,32.68085,38.094734,26.666334
2050-06-11 00:00:00+00:00,35.08663,41.03244,28.347511
2050-06-12 00:00:00+00:00,37.49241,43.920143,30.27869
2050-06-13 00:00:00+00:00,37.048187,43.407852,30.009865
2050-06-14 00:00:00+00:00,34.953968,42.045563,27.14104
2050-06-15 00:00:00+00:00,34.909748,41.933266,27.272219
2050-06-16 00:00:00+00:00,35.715527,41.87097,28.903395
2050-06-17 00:00:00+00:00,35.871307,41.708683,29.684568
2050-06-18 00:00:00+00:00,33.977085,40.64639,28.365746
2050-06-19 00:00:00+00:00,33.632866,38.384094,28.646921
2050-06-20 00:00:00+00:00,28.288645,35.221798,23.628098
2050-06-21 00:00:00+00:00,32.84442,40.70951,24.559278
2050-06-22 00:00:00+00:00,37.250202,45.597218,28.64045
2050-06-23 00:00:00+00:00,35.455986,41.534924,28.571627
2050-06-24 00:00:00+00:00,35.361763,41.57263,28.952805
2050-06-25 00:00:00+00:00,33.817543,39.260338,29.183983
2050-06-26 00:00:00+00:00,34.72332,40.74804,28.565155
2050-06-27 00:00:00+00:00,35.229103,40.835754,28.946333
2050-06-28 00:00:00+00:00,35.934883,40.923462,30.87751
2050-06-29 00:00:00+00:00,34.84066,41.661167,28.508684
2050-06-30 00:00:00+00:00,31.84644,37.848873,27.089865
2050-07-01 00:00:00+00:00,34.60222,40.836582,28.32104
2050-07-02 00:00:00+00:00,35.808,41.974285,29.552214
2050-07-03 00:00:00+00:00,36.161087,42.61324,29.32445
2050-07-04 00:00:00+00:00,35.159706,41.004253,29.131784
2050-07-05 00:00:00+00:00,28.258316,35.34527,21.689117
2050-07-06 00:00:00+00:00,31.70693,38.93629,24.49645
2050-07-07 00:00:00+00:00,34.505547,41.577305,27.153784
2050-07-08 00:00:00+00:00,35.404152,41.56832,29.261114
2050-07-09 00:00:00+00:00,31.502771,35.759342,27.66845
2050-07-10 00:00:00+00:00,32.651382,37.650352,27.675781
2050-07-11 00:00:00+00:00,33.949997,40.141373,27.983116
2050-07-12 00:00:00+00:00,33.448612,39.08239,27.54045
2050-07-13 00:00:00+00:00,34.047226,39.123405,29.347782
2050-07-14 00:00:00+00:00,33.69584,39.614426,27.805115
2050-07-15 00:00:00+00:00,33.54445,39.955444,28.26245
2050-07-16 00:00:00+00:00,32.293068,39.29646,25.269783
2050-07-17 00:00:00+00:00,30.29168,34.137478,27.077114
2050-07-18 00:00:00+00:00,30.79029,36.728497,25.634447
2050-07-19 00:00:00+00:00,26.488907,30.819513,20.94178
2050-07-20 00:00:00+00:00,29.087517,35.21053,23.649115
2050-07-21 00:00:00+00:00,29.486132,35.90155,22.85645
2050-07-22 00:00:00+00:00,29.684744,34.692566,25.16378
2050-07-23 00:00:00+00:00,30.78336,35.78358,25.821114
2050-07-24 00:00:00+00:00,32.48197,38.5746,26.478445
2050-07-25 00:00:00+00:00,32.73059,38.465614,26.585781
2050-07-26 00:00:00+00:00,32.5292,37.90663,26.993114
2050-07-27 00:00:00+00:00,25.07781,28.847652,20.200445
2050-07-28 00:00:00+00:00,26.026428,29.038664,23.75778
2050-07-29 00:00:00+00:00,29.92504,36.679684,24.265112
2050-07-30 00:00:00+00:00,33.473656,41.4707,25.772448
2050-07-31 00:00:00+00:00,33.472267,39.861717,27.37978
2050-08-01 00:00:00+00:00,31.670883,37.602737,26.43711
2050-08-02 00:00:00+00:00,30.869492,36.29376,25.844446
2050-08-03 00:00:00+00:00,30.868107,35.48477,26.501778
2050-08-04 00:00:00+00:00,30.766722,35.72579,25.60911
2050-08-05 00:00:00+00:00,32.215336,37.6668,27.616446
2050-08-06 00:00:00+00:00,30.463951,35.607826,25.573778
2050-08-07 00:00:00+00:00,30.712563,36.29884,26.08111
2050-08-08 00:00:00+00:00,25.761173,28.339859,24.438444
2050-08-09 00:00:00+00:00,26.45979,31.13088,23.345776
2050-08-10 00:00:00+00:00,28.658401,34.521893,24.00311
2050-08-11 00:00:00+00:00,29.457016,35.01291,23.910442
2050-08-12 00:00:00+00:00,29.40563,34.853928,25.017778
2050-08-13 00:00:00+00:00,28.404242,33.294945,24.175108
2050-08-14 00:00:00+00:00,27.552856,33.33596,24.482443
2050-08-15 00:00:00+00:00,27.20147,31.876984,23.639778
2050-08-16 00:00:00+00:00,30.300081,36.217995,24.347109
2050-08-17 00:00:00+00:00,31.498697,36.909016,27.004442
2050-08-18 00:00:00+00:00,29.94731,34.100033,26.111774
2050-08-19 00:00:00+00:00,26.645924,29.991047,24.069107
2050-08-20 00:00:00+00:00,29.044535,34.682068,23.276443
2050-08-21 00:00:00+00:00,28.14315,32.173084,24.633774
2050-08-22 00:00:00+00:00,29.241762,34.1141,25.191107
2050-08-23 00:00:00+00:00,29.790377,35.05512,25.248442
2050-08-24 00:00:00+00:00,27.088993,32.696133,25.305775
2050-08-25 00:00:00+00:00,29.137604,35.88715,24.263107
2050-08-26 00:00:00+00:00,29.936218,36.52817,25.72044
2050-08-27 00:00:00+00:00,27.334831,32.419186,24.377775
2050-08-28 00:00:00+00:00,29.183445,35.360203,24.185106
2050-08-29 00:00:00+00:00,26.432058,30.85122,23.54244
2050-08-30 00:00:00+00:00,28.230673,34.692238,23.049774
2050-08-31 00:00:00+00:00,29.979284,35.933254,26.057104
2050-09-01 00:00:00+00:00,29.827898,35.574276,25.714437
2050-09-02 00:00:00+00:00,27.277752,30.629482,24.556652
2050-09-03 00:00:00+00:00,27.228848,30.998892,24.58375
2050-09-04 00:00:00+00:00,27.429941,31.568295,23.960848
2050-09-05 00:00:00+00:00,28.381033,32.137695,24.93794
2050-09-06 00:00:00+00:00,27.832127,31.857105,23.715036
2050-09-07 00:00:00+00:00,27.93322,31.876507,23.592134
2050-09-08 00:00:00+00:00,27.984314,31.195915,24.76923
2050-09-09 00:00:00+00:00,28.03541,30.915318,25.346327
2050-09-10 00:00:00+00:00,28.436504,31.184723,26.223423
2050-09-11 00:00:00+00:00,29.987597,34.20413,26.800518
2050-09-12 00:00:00+00:00,30.838688,34.42353,27.227613
2050-09-13 00:00:00+00:00,29.889784,33.092934,27.054708
2050-09-14 00:00:00+00:00,29.890875,33.16234,26.631805
2050-09-15 00:00:00+00:00,30.391972,33.931744,27.158901
2050-09-16 00:00:00+00:00,28.943066,33.80115,23.635998
2050-09-17 00:00:00+00:00,27.24416,31.620556,24.21309
2050-09-18 00:00:00+00:00,28.845253,32.83996,24.79019
2050-09-19 00:00:00+00:00,29.696344,33.859367,26.467287
2050-09-20 00:00:00+00:00,29.147438,33.228767,25.094381
2050-09-21 00:00:00+00:00,29.248531,33.648174,25.671476
2050-09-22 00:00:00+00:00,30.449629,34.71758,27.098572
2050-09-23 00:00:00+00:00,28.950722,33.73698,24.725668
2050-09-24 00:00:00+00:00,30.801815,35.156387,26.952765
2050-09-25 00:00:00+00:00,31.052906,35.425793,27.129862
2050-09-26 00:00:00+00:00,30.354002,34.295197,26.556961
2050-09-27 00:00:00+00:00,30.255096,34.4146,26.784054
2050-09-28 00:00:00+00:00,31.65619,36.184006,28.26115
2050-09-29 00:00:00+00:00,31.157284,35.55341,27.088243
2050-09-30 00:00:00+00:00,30.558376,34.47281,26.915339
2050-10-01 00:00:00+00:00,30.259472,34.14222,26.392439
2050-10-02 00:00:00+00:00,29.710564,34.711624,26.669535
2050-10-03 00:00:00+00:00,29.261658,33.581028,25.296629
2050-10-04 00:00:00+00:00,30.562752,35.250427,26.423725
2050-10-05 00:00:00+00:00,29.913847,34.919838,24.40082
2050-10-06 00:00:00+00:00,31.31494,35.889244,26.477919
2050-10-07 00:00:00+00:00,31.716036,36.908646,26.705013
2050-10-08 00:00:00+00:00,32.16713,37.52805,27.232107
2050-10-09 00:00:00+00:00,32.168224,38.097454,27.159204
2050-10-10 00:00:00+00:00,31.919315,36.96686,27.6863
2050-10-11 00:00:00+00:00,32.02041,37.386265,27.313396
2050-10-12 00:00:00+00:00,32.4215,38.00567,28.140491
2050-10-13 00:00:00+00:00,32.7226,40.025074,26.567589
2050-10-14 00:00:00+00:00,31.823689,37.64448,26.844687
2050-10-15 00:00:00+00:00,32.77478,39.21388,27.72178
2050-10-16 00:00:00+00:00,31.825876,37.933285,24.648874
2050-10-17 00:00:00+00:00,32.17697,39.102695,26.57597
2050-10-18 00:00:00+00:00,32.328064,39.672096,26.403067
2050-10-19 00:00:00+00:00,31.42916,38.4915,25.530165
2050-10-20 00:00:00+00:00,30.58025,37.010906,24.95726
2050-10-21 00:00:00+00:00,29.831345,36.63031,24.234356
2050-10-22 00:00:00+00:00,31.632437,39.549713,25.111452
2050-10-23 00:00:00+00:00,32.233536,39.61912,25.338549
2050-10-24 00:00:00+00:00,29.734627,34.938522,25.365643
2050-10-25 00:00:00+00:00,30.285723,35.707924,25.642742
2050-10-26 00:00:00+00:00,33.386814,41.027336,26.919838
2050-10-27 00:00:00+00:00,34.887905,43.49674,27.89693
2050-10-28 00:00:00+00:00,32.139,38.76614,26.174028
2050-10-29 00:00:00+00:00,29.940094,33.835552,25.951126
2050-10-30 00:00:00+00:00,31.89119,39.604954,25.728218
2050-10-31 00:00:00+00:00,31.89228,38.37436,25.605314
2050-11-01 00:00:00+00:00,33.693382,39.24376,27.932411
2050-11-02 00:00:00+00:00,34.138123,39.547318,28.617443
2050-11-03 00:00:00+00:00,34.979065,43.141376,26.857237
2050-11-04 00:00:00+00:00,35.369995,42.385433,27.597029
2050-11-05 00:00:00+00:00,34.460938,41.07948,27.98682
2050-11-06 00:00:00+00:00,33.101875,38.823536,27.226612
2050-11-07 00:00:00+00:00,31.292812,36.06759,27.066406
2050-11-08 00:00:00+00:00,33.133755,40.011646,25.956198
2050-11-09 00:00:00+00:00,34.97469,41.5557,28.395988
2050-11-10 00:00:00+00:00,34.265625,40.349754,27.63578
2050-11-11 00:00:00+00:00,35.256565,40.94381,29.675573
2050-11-12 00:00:00+00:00,35.047504,41.837864,28.015368
2050-11-13 00:00:00+00:00,34.088448,40.781918,27.905159
2050-11-14 00:00:00+00:00,32.72938,39.27597,26.294949
2050-11-15 00:00:00+00:00,33.620323,40.320026,26.834743
2050-11-16 00:00:00+00:00,35.461258,42.71408,28.674538
2050-11-17 00:00:00+00:00,33.702194,39.808136,28.364328
2050-11-18 00:00:00+00:00,30.943136,37.25219,24.75412
2050-11-19 00:00:00+00:00,30.184072,37.346245,22.893913
2050-11-20 00:00:00+00:00,30.725008,38.2903,22.883705
2050-11-21 00:00:00+00:00,31.415947,39.18435,23.523499
2050-11-22 00:00:00+00:00,31.556887,38.62841,24.56329
2050-11-23 00:00:00+00:00,31.497826,38.57246,24.603083
2050-11-24 00:00:00+00:00,30.288765,35.116516,25.442875
2050-11-25 00:00:00+00:00,32.0297,39.01057,26.13267
2050-11-26 00:00:00+00:00,32.120636,39.104626,25.32246
2050-11-27 00:00:00+00:00,30.561579,37.04868,24.512255
2050-11-28 00:00:00+00:00,28.702517,34.892735,23.352045
2050-11-29 00:00:00+00:00,28.643454,35.686787,21.991837
2050-11-30 00:00:00+00:00,29.534393,37.33084,21.931631
2050-12-01 00:00:00+00:00,29.97533,37.824898,22.421421
2050-12-02 00:00:00+00:00,29.91627,37.86895,22.411217
2050-12-03 00:00:00+00:00,30.207209,38.813004,22.051006
2050-12-04 00:00:00+00:00,31.348145,40.25706,22.990799
2050-12-05 00:00:00+00:00,31.689087,39.451115,23.680592
2050-12-06 00:00:00+00:00,30.230022,36.695168,24.220383
2050-12-07 00:00:00+00:00,28.520962,36.139217,21.910175
2050-12-08 00:00:00+00:00,28.261898,35.833275,21.34997
2050-12-09 00:00:00+00:00,28.402838,36.527332,21.03976
2050-12-10 00:00:00+00:00,28.193775,36.371384,20.67955
2050-12-11 00:00:00+00:00,28.334713,36.615437,20.419346
2050-12-12 00:00:00+00:00,28.625652,36.80949,20.80914
2050-12-13 00:00:00+00:00,28.216589,37.20355,19.89893
2050-12-14 00:00:00+00:00,28.657528,35.9976,22.788723
2050-12-15 00:00:00+00:00,30.098465,37.64166,23.878513
2050-12-16 00:00:00+00:00,30.539404,38.78571,23.918308
2050-12-17 00:00:00+00:00,30.180344,37.979763,23.358099
2050-12-18 00:00:00+00:00,29.721281,37.12382,22.447891
2050-12-19 00:00:00+00:00,29.16222,36.06787,22.737684
2050-12-20 00:00:00+00:00,28.753157,35.911926,22.377478
2050-12-21 00:00:00+00:00,26.844093,33.355984,21.06727
2050-12-22 00:00:00+00:00,25.285034,32.400036,18.507061
2050-12-23 00:00:00+00:00,24.675972,32.19409,17.796854
2050-12-24 00:00:00+00:00,24.366909,32.338146,17.036644
2050-12-25 00:00:00+00:00,24.807846,32.182198,18.576439
2050-12-26 00:00:00+00:00,23.798786,31.07625,17.46623
2050-12-27 00:00:00+00:00,23.939724,31.470306,16.806023
2050-12-28 00:00:00+00:00,25.980663,34.214363,18.595818
2050-12-29 00:00:00+00:00,27.621601,35.55842,20.635609
2050-12-30 00:00:00+00:00,28.812536,37.15247,21.575401
2050-12-31 00:00:00+00:00,29.85348,38.446526,22.615192
