{"type": "FeatureCollection", "features": [{"type": "Feature", "geometry": {"type": "LineString", "coordinates": [[-15.0, 16.66040802001953], [-15.0, 16.666000366210938], [-15.0, 16.68140983581543]]}, "properties": {"name": "Temporary stream", "type": "Temporary stream", "couleur": "#90CAF9"}}, {"type": "Feature", "geometry": {"type": "LineString", "coordinates": [[-14.848490715026855, 16.63627052307129], [-14.8556489944458, 16.635480880737305], [-14.861579895019531, 16.636503219604492], [-14.872659683227539, 16.654600143432617], [-14.876411437988281, 16.657649993896484], [-14.881166458129883, 16.657962799072266], [-14.88436222076416, 16.652742385864258], [-14.88624382019043, 16.641530990600586], [-14.891456604003906, 16.6303768157959], [-14.896726608276367, 16.628633499145508], [-14.906449317932129, 16.630640029907227], [-14.911376953125, 16.6343994140625], [-14.914270401000977, 16.64500617980957], [-14.918581008911133, 16.64370346069336], [-14.930933952331543, 16.63145637512207], [-14.933137893676758, 16.629270553588867], [-14.93814754486084, 16.62866973876953], [-14.944539070129395, 16.630615234375], [-14.949468612670898, 16.63437271118164], [-14.951299667358398, 16.6383056640625], [-14.955663681030273, 16.65949249267578], [-14.962764739990234, 16.674531936645508], [-14.981106758117676, 16.687007904052734], [-14.988495826721191, 16.686676025390625], [-14.992355346679688, 16.683988571166992], [-14.996274948120117, 16.67808723449707], [-14.999184608459473, 16.662302017211914], [-15.0, 16.66040802001953]]}, "properties": {"name": "Senegal", "type": "Main river", "couleur": "#1565C0"}}, {"type": "Feature", "geometry": {"type": "LineString", "coordinates": [[-15.0, 16.66040802001953], [-15.00192642211914, 16.655935287475586], [-15.006149291992188, 16.646127700805664], [-15.01636028289795, 16.634597778320312], [-15.024561882019043, 16.628768920898438], [-15.028632164001465, 16.627460479736328], [-15.053135871887207, 16.62833023071289], [-15.065082550048828, 16.637653350830078]]}, "properties": {"name": "Senegal", "type": "Main river", "couleur": "#1565C0"}}, {"type": "Feature", "geometry": {"type": "LineString", "coordinates": [[-14.716620445251465, 16.64694595336914], [-14.72014045715332, 16.6495361328125], [-14.727540969848633, 16.648527145385742], [-14.728257179260254, 16.636606216430664], [-14.733519554138184, 16.63532829284668], [-14.736907005310059, 16.63263702392578], [-14.735169410705566, 16.62434196472168], [-14.738510131835938, 16.623945236206055], [-14.749762535095215, 16.632644653320312], [-14.74984073638916, 16.640676498413086], [-14.74832534790039, 16.645009994506836], [-14.749917984008789, 16.648710250854492], [-14.756688117980957, 16.65549087524414], [-14.762587547302246, 16.658123016357422], [-14.768291473388672, 16.658687591552734], [-14.771178245544434, 16.657133102416992], [-14.785387992858887, 16.634248733520508], [-14.785689353942871, 16.633760452270508], [-14.789236068725586, 16.634973526000977], [-14.811440467834473, 16.656028747558594], [-14.816699028015137, 16.654977798461914], [-14.821310997009277, 16.650470733642578], [-14.823227882385254, 16.637653350830078], [-14.82468318939209, 16.636302947998047], [-14.829438209533691, 16.63661766052246], [-14.837175369262695, 16.642723083496094], [-14.855779647827148, 16.6409912109375], [-14.874167442321777, 16.662887573242188], [-14.879449844360352, 16.663311004638672], [-14.881537437438965, 16.663476943969727], [-14.884922981262207, 16.660783767700195], [-14.890959739685059, 16.64390754699707], [-14.894674301147461, 16.63640022277832], [-14.89708423614502, 16.634836196899414], [-14.903738975524902, 16.635412216186523], [-14.906551361083984, 16.63775634765625], [-14.908753395080566, 16.64720344543457], [-14.911767959594727, 16.65138816833496], [-14.91606616973877, 16.650774002075195], [-14.932068824768066, 16.635448455810547], [-14.936859130859375, 16.63392448425293], [-14.943501472473145, 16.63518714904785], [-14.947648048400879, 16.642602920532227], [-14.952407836914062, 16.6624755859375], [-14.952726364135742, 16.663803100585938], [-14.95614242553711, 16.672122955322266], [-14.963350296020508, 16.681427001953125], [-14.968297958374023, 16.68426513671875], [-14.970614433288574, 16.687747955322266], [-14.978403091430664, 16.691553115844727], [-14.983163833618164, 16.691633224487305], [-14.992483139038086, 16.689956665039062], [-14.997065544128418, 16.68682098388672], [-15.0, 16.68140983581543]]}, "properties": {"name": "Senegal", "type": "Main river", "couleur": "#1565C0"}}, {"type": "Feature", "geometry": {"type": "LineString", "coordinates": [[-14.521223068237305, 16.632184982299805], [-14.526419639587402, 16.634122848510742], [-14.533853530883789, 16.64276123046875], [-14.54089069366455, 16.64771842956543], [-14.546418190002441, 16.645301818847656], [-14.548623085021973, 16.642362594604492], [-14.554015159606934, 16.623878479003906], [-14.565132141113281, 16.627307891845703], [-14.582779884338379, 16.625816345214844], [-14.588447570800781, 16.62799072265625], [-14.593221664428711, 16.62739372253418], [-14.598310470581055, 16.623132705688477], [-14.606042861938477, 16.629018783569336], [-14.619770050048828, 16.632953643798828], [-14.623644828796387, 16.632099151611328], [-14.628379821777344, 16.631053924560547], [-14.634014129638672, 16.62335968017578], [-14.638287544250488, 16.623899459838867], [-14.64741325378418, 16.63164710998535], [-14.637613296508789, 16.633525848388672], [-14.63494873046875, 16.63576889038086], [-14.633182525634766, 16.640554428100586], [-14.633539199829102, 16.646299362182617], [-14.638909339904785, 16.65144920349121], [-14.650562286376953, 16.652130126953125], [-14.6625337600708, 16.648914337158203], [-14.679380416870117, 16.651758193969727], [-14.701929092407227, 16.64345932006836], [-14.704019546508789, 16.643211364746094], [-14.706941604614258, 16.642864227294922], [-14.712638854980469, 16.643659591674805], [-14.716620445251465, 16.64694595336914]]}, "properties": {"name": "Senegal", "type": "Main river", "couleur": "#1565C0"}}, {"type": "Feature", "geometry": {"type": "LineString", "coordinates": [[-14.521223068237305, 16.632184982299805], [-14.519125938415527, 16.630077362060547], [-14.510107040405273, 16.628751754760742], [-14.4971923828125, 16.620464324951172], [-14.493146896362305, 16.62038230895996], [-14.486929893493652, 16.62163543701172], [-14.485443115234375, 16.624361038208008], [-14.481867790222168, 16.62451934814453], [-14.47677230834961, 16.62900733947754], [-14.452024459838867, 16.628509521484375], [-14.44509220123291, 16.62974739074707], [-14.440470695495605, 16.63424301147461], [-14.434745788574219, 16.64560317993164], [-14.429889678955078, 16.649864196777344], [-14.419317245483398, 16.654239654541016], [-14.413381576538086, 16.653430938720703], [-14.412238121032715, 16.651342391967773]]}, "properties": {"name": "Senegal", "type": "Main river", "couleur": "#1565C0"}}, {"type": "Feature", "geometry": {"type": "LineString", "coordinates": [[-14.651378631591797, 16.635622024536133], [-14.638917922973633, 16.639516830444336], [-14.638365745544434, 16.643177032470703], [-14.639975547790527, 16.64596176147461], [-14.6444730758667, 16.64719581604004], [-14.681177139282227, 16.64536476135254], [-14.702251434326172, 16.63933563232422], [-14.710585594177246, 16.63926124572754], [-14.717921257019043, 16.641464233398438], [-14.723093032836914, 16.644771575927734], [-14.724970817565918, 16.63425064086914], [-14.726431846618652, 16.632671356201172], [-14.729759216308594, 16.632963180541992], [-14.731740951538086, 16.629098892211914], [-14.730205535888672, 16.6256160736084], [-14.728780746459961, 16.62238883972168], [-14.731486320495605, 16.618078231811523], [-14.734589576721191, 16.617677688598633]]}, "properties": {"name": "Senegal", "type": "Main river", "couleur": "#1565C0"}}, {"type": "Feature", "geometry": {"type": "LineString", "coordinates": [[-14.848490715026855, 16.63627052307129], [-14.840134620666504, 16.63749885559082], [-14.837295532226562, 16.63652992248535], [-14.836618423461914, 16.634681701660156], [-14.828100204467773, 16.632003784179688], [-14.821427345275879, 16.632343292236328], [-14.818778038024902, 16.633901596069336], [-14.814188957214355, 16.649423599243164], [-14.806621551513672, 16.64676284790039], [-14.79287338256836, 16.6315975189209], [-14.787684440612793, 16.629207611083984], [-14.78292465209961, 16.629121780395508], [-14.766501426696777, 16.652915954589844], [-14.762211799621582, 16.653066635131836], [-14.75678825378418, 16.65044403076172], [-14.75533676147461, 16.64857292175293], [-14.753538131713867, 16.64625358581543], [-14.752243995666504, 16.627641677856445], [-14.734589576721191, 16.617677688598633]]}, "properties": {"name": "Senegal", "type": "Main river", "couleur": "#1565C0"}}, {"type": "Feature", "geometry": {"type": "LineString", "coordinates": [[-14.733172416687012, 16.60525894165039], [-14.735372543334961, 16.61425018310547], [-14.734589576721191, 16.617677688598633]]}, "properties": {"name": "Temporary stream", "type": "Temporary stream", "couleur": "#90CAF9"}}, {"type": "Feature", "geometry": {"type": "LineString", "coordinates": [[-14.362646102905273, 16.61502456665039], [-14.366268157958984, 16.61367416381836], [-14.366985321044922, 16.610198974609375], [-14.366462707519531, 16.605993270874023], [-14.364166259765625, 16.605255126953125], [-14.360953330993652, 16.605426788330078], [-14.359354972839355, 16.60713768005371], [-14.359747886657715, 16.611881256103516], [-14.362646102905273, 16.61502456665039]]}, "properties": {"name": "Temporary stream", "type": "Temporary stream", "couleur": "#90CAF9"}}, {"type": "Feature", "geometry": {"type": "LineString", "coordinates": [[-15.0, 16.620071411132812], [-15.002339363098145, 16.620361328125], [-15.010539054870605, 16.614534378051758], [-15.013980865478516, 16.608625411987305], [-15.011922836303711, 16.604001998901367], [-15.005293846130371, 16.602054595947266], [-15.0, 16.60249137878418]]}, "properties": {"name": "Doue", "type": "Main river", "couleur": "#1565C0"}}, {"type": "Feature", "geometry": {"type": "LineString", "coordinates": [[-14.788721084594727, 16.600770950317383], [-14.781057357788086, 16.6031551361084], [-14.77546215057373, 16.609249114990234], [-14.768767356872559, 16.610733032226562], [-14.7630615234375, 16.61039924621582], [-14.753195762634277, 16.603792190551758], [-14.748230934143066, 16.602094650268555], [-14.736796379089355, 16.602571487426758], [-14.733172416687012, 16.60525894165039]]}, "properties": {"name": "Temporary stream", "type": "Temporary stream", "couleur": "#90CAF9"}}, {"type": "Feature", "geometry": {"type": "LineString", "coordinates": [[-14.848490715026855, 16.63627052307129], [-14.841498374938965, 16.628572463989258], [-14.835979461669922, 16.618606567382812], [-14.835770606994629, 16.604833602905273], [-14.83346176147461, 16.60112190246582], [-14.828954696655273, 16.600351333618164], [-14.81615161895752, 16.609989166259766], [-14.809699058532715, 16.611248016357422], [-14.802821159362793, 16.60997772216797], [-14.788721084594727, 16.600770950317383]]}, "properties": {"name": "Temporary stream", "type": "Temporary stream", "couleur": "#90CAF9"}}, {"type": "Feature", "geometry": {"type": "LineString", "coordinates": [[-14.733172416687012, 16.60525894165039], [-14.723809242248535, 16.609214782714844], [-14.718606948852539, 16.607513427734375], [-14.716297149658203, 16.604026794433594], [-14.717575073242188, 16.59969139099121], [-14.720233917236328, 16.597675323486328], [-14.723966598510742, 16.601415634155273], [-14.730683326721191, 16.598787307739258], [-14.733172416687012, 16.60525894165039]]}, "properties": {"name": "Temporary stream", "type": "Temporary stream", "couleur": "#90CAF9"}}, {"type": "Feature", "geometry": {"type": "LineString", "coordinates": [[-14.625096321105957, 16.582799911499023], [-14.645171165466309, 16.59029769897461], [-14.656820297241211, 16.59097671508789], [-14.661741256713867, 16.594741821289062], [-14.661408424377441, 16.59932518005371], [-14.656042098999023, 16.605648040771484], [-14.653886795043945, 16.60629653930664], [-14.649951934814453, 16.612417221069336], [-14.651985168457031, 16.617734909057617], [-14.65809154510498, 16.62175178527832], [-14.660619735717773, 16.62615966796875], [-14.662359237670898, 16.63422393798828], [-14.657238960266113, 16.640094757080078], [-14.654144287109375, 16.64003562927246], [-14.651378631591797, 16.635622024536133]]}, "properties": {"name": "Temporary stream", "type": "Temporary stream", "couleur": "#90CAF9"}}, {"type": "Feature", "geometry": {"type": "LineString", "coordinates": [[-15.0, 16.60249137878418], [-14.998381614685059, 16.602624893188477], [-14.995811462402344, 16.60005760192871], [-14.995336532592773, 16.58696937561035], [-14.997355461120605, 16.580808639526367], [-15.0, 16.57905387878418]]}, "properties": {"name": "Doue", "type": "Main river", "couleur": "#1565C0"}}, {"type": "Feature", "geometry": {"type": "LineString", "coordinates": [[-15.0, 16.57905387878418], [-15.000728607177734, 16.578571319580078], [-15.007173538208008, 16.577531814575195], [-15.022566795349121, 16.581693649291992], [-15.028515815734863, 16.585086822509766], [-15.032929420471191, 16.587604522705078], [-15.040847778320312, 16.597145080566406], [-15.042654991149902, 16.602453231811523], [-15.0418119430542, 16.60955238342285], [-15.045047760009766, 16.614885330200195], [-15.048588752746582, 16.61655044555664], [-15.058821678161621, 16.616722106933594], [-15.064884185791016, 16.623706817626953], [-15.065970420837402, 16.62946128845215], [-15.065082550048828, 16.637653350830078]]}, "properties": {"name": "Doue", "type": "Main river", "couleur": "#1565C0"}}, {"type": "Feature", "geometry": {"type": "LineString", "coordinates": [[-14.832502365112305, 16.58011245727539], [-14.825393676757812, 16.575504302978516], [-14.821102142333984, 16.575885772705078], [-14.817480087280273, 16.578575134277344], [-14.817399024963379, 16.582704544067383], [-14.823899269104004, 16.591081619262695], [-14.826034545898438, 16.59134864807129], [-14.82703685760498, 16.588844299316406], [-14.823801040649414, 16.583965301513672], [-14.823336601257324, 16.580612182617188], [-14.827157974243164, 16.58264923095703], [-14.83215045928955, 16.582969665527344], [-14.832502365112305, 16.58011245727539]]}, "properties": {"name": "Temporary stream", "type": "Temporary stream", "couleur": "#90CAF9"}}, {"type": "Feature", "geometry": {"type": "LineString", "coordinates": [[-15.451964378356934, 16.591842651367188], [-15.436524391174316, 16.57486915588379], [-15.43465805053711, 16.563764572143555]]}, "properties": {"name": "Senegal", "type": "Main river", "couleur": "#1565C0"}}, {"type": "Feature", "geometry": {"type": "LineString", "coordinates": [[-14.625096321105957, 16.582799911499023], [-14.639945030212402, 16.566791534423828], [-14.643308639526367, 16.565248489379883], [-14.650644302368164, 16.567224502563477], [-14.658166885375977, 16.571725845336914], [-14.678265571594238, 16.578073501586914], [-14.682814598083496, 16.5767822265625], [-14.695362091064453, 16.568296432495117], [-14.726696014404297, 16.56039047241211], [-14.736735343933105, 16.56998634338379], [-14.73698902130127, 16.570537567138672], [-14.73833179473877, 16.573457717895508], [-14.754284858703613, 16.58499526977539], [-14.758795738220215, 16.58553695678711], [-14.770613670349121, 16.577722549438477], [-14.78306770324707, 16.585752487182617], [-14.80251407623291, 16.589319229125977], [-14.801009178161621, 16.59319305419922], [-14.788721084594727, 16.600770950317383]]}, "properties": {"name": "Temporary stream", "type": "Temporary stream", "couleur": "#90CAF9"}}, {"type": "Feature", "geometry": {"type": "LineString", "coordinates": [[-15.0, 16.68140983581543], [-15.000517845153809, 16.68045425415039], [-15.008700370788574, 16.649843215942383], [-15.023470878601074, 16.636323928833008], [-15.03145980834961, 16.632551193237305], [-15.033796310424805, 16.63144874572754], [-15.041433334350586, 16.630428314208984], [-15.051395416259766, 16.632431030273438], [-15.055638313293457, 16.634796142578125], [-15.066944122314453, 16.654720306396484], [-15.079015731811523, 16.67190170288086], [-15.085386276245117, 16.67521858215332], [-15.091793060302734, 16.676471710205078], [-15.09895133972168, 16.67567253112793], [-15.104721069335938, 16.67255401611328], [-15.11464786529541, 16.663307189941406], [-15.123197555541992, 16.65105438232422], [-15.124271392822266, 16.647653579711914], [-15.126729011535645, 16.639867782592773], [-15.12563705444336, 16.634342193603516], [-15.122861862182617, 16.62970733642578], [-15.112471580505371, 16.624948501586914], [-15.106287956237793, 16.624618530273438], [-15.101569175720215, 16.62224578857422], [-15.09713363647461, 16.617355346679688], [-15.09508228302002, 16.612272262573242], [-15.094893455505371, 16.609516143798828], [-15.098868370056152, 16.600173950195312], [-15.10322093963623, 16.596343994140625], [-15.1104154586792, 16.59324836730957], [-15.12428092956543, 16.58980369567871], [-15.138326644897461, 16.58957290649414], [-15.149210929870605, 16.593191146850586], [-15.151078224182129, 16.595285415649414], [-15.15677547454834, 16.596101760864258], [-15.160099983215332, 16.59657859802246], [-15.171690940856934, 16.600664138793945], [-15.17815113067627, 16.598703384399414], [-15.18591594696045, 16.590106964111328], [-15.199596405029297, 16.58344078063965], [-15.222710609436035, 16.5677433013916], [-15.232771873474121, 16.563770294189453], [-15.239654541015625, 16.564794540405273], [-15.247206687927246, 16.568584442138672], [-15.256595611572266, 16.57630157470703], [-15.26251220703125, 16.578229904174805], [-15.270519256591797, 16.5780086517334], [-15.278463363647461, 16.577787399291992], [-15.292186737060547, 16.58258628845215], [-15.313323974609375, 16.585203170776367], [-15.319305419921875, 16.583229064941406], [-15.337133407592773, 16.56995964050293], [-15.343118667602539, 16.56775665283203], [-15.363574028015137, 16.56829071044922], [-15.369078636169434, 16.566308975219727], [-15.377307891845703, 16.557710647583008], [-15.387896537780762, 16.550294876098633], [-15.388059616088867, 16.55023193359375], [-15.40561294555664, 16.54344367980957], [-15.418669700622559, 16.54524040222168], [-15.42693042755127, 16.549489974975586], [-15.431856155395508, 16.55392074584961], [-15.43465805053711, 16.563764572143555]]}, "properties": {"name": "Senegal", "type": "Main river", "couleur": "#1565C0"}}, {"type": "Feature", "geometry": {"type": "LineString", "coordinates": [[-14.482060432434082, 16.527681350708008], [-14.487430572509766, 16.543394088745117], [-14.486662864685059, 16.545902252197266], [-14.492371559143066, 16.557031631469727], [-14.504888534545898, 16.561410903930664], [-14.513583183288574, 16.566631317138672], [-14.525897979736328, 16.569398880004883], [-14.544462203979492, 16.580549240112305], [-14.564640045166016, 16.5830078125], [-14.575239181518555, 16.5882625579834], [-14.582834243774414, 16.586814880371094], [-14.583440780639648, 16.594388961791992], [-14.585529327392578, 16.596954345703125], [-14.588889122009277, 16.59564208984375], [-14.595705032348633, 16.588430404663086], [-14.603778839111328, 16.589275360107422], [-14.613862037658691, 16.585107803344727], [-14.625096321105957, 16.582799911499023]]}, "properties": {"name": "Temporary stream", "type": "Temporary stream", "couleur": "#90CAF9"}}, {"type": "Feature", "geometry": {"type": "LineString", "coordinates": [[-15.518263816833496, 16.52027702331543], [-15.511772155761719, 16.5247745513916], [-15.506608963012695, 16.535715103149414], [-15.506542205810547, 16.54007339477539], [-15.515892028808594, 16.550989151000977], [-15.515207290649414, 16.564746856689453], [-15.512792587280273, 16.567007064819336], [-15.491954803466797, 16.575891494750977], [-15.485285758972168, 16.576255798339844], [-15.48119831085205, 16.57895278930664], [-15.474124908447266, 16.5900936126709], [-15.470995903015137, 16.592344284057617], [-15.465743064880371, 16.593416213989258], [-15.460779190063477, 16.591279983520508], [-15.452780723571777, 16.584217071533203], [-15.448101997375488, 16.5800838470459], [-15.442082405090332, 16.569442749023438], [-15.436166763305664, 16.552148818969727], [-15.432206153869629, 16.54681396484375], [-15.419455528259277, 16.54066276550293], [-15.409744262695312, 16.537996292114258], [-15.402129173278809, 16.538114547729492], [-15.377411842346191, 16.551288604736328], [-15.366559028625488, 16.560304641723633], [-15.359842300415039, 16.56364631652832], [-15.355757713317871, 16.563169479370117], [-15.341792106628418, 16.561540603637695], [-15.337018966674805, 16.562387466430664], [-15.319189071655273, 16.575885772705078], [-15.311541557312012, 16.577835083007812], [-15.293693542480469, 16.577791213989258], [-15.280903816223145, 16.574153900146484], [-15.266168594360352, 16.573009490966797], [-15.257413864135742, 16.570119857788086], [-15.24188232421875, 16.559782028198242], [-15.234681129455566, 16.559051513671875], [-15.231192588806152, 16.558696746826172], [-15.219669342041016, 16.564712524414062], [-15.197273254394531, 16.580190658569336], [-15.182435035705566, 16.585002899169922], [-15.174181938171387, 16.594280242919922], [-15.164169311523438, 16.595266342163086], [-15.139337539672852, 16.58614730834961], [-15.121280670166016, 16.584476470947266], [-15.117956161499023, 16.58574104309082], [-15.104508399963379, 16.590856552124023], [-15.096776008605957, 16.59738540649414], [-15.091628074645996, 16.605791091918945], [-15.090790748596191, 16.612661361694336], [-15.093281745910645, 16.619815826416016], [-15.098426818847656, 16.624948501586914], [-15.116398811340332, 16.631668090820312], [-15.119908332824707, 16.635168075561523], [-15.120802879333496, 16.638395309448242], [-15.113357543945312, 16.65548324584961], [-15.105802536010742, 16.66522789001465], [-15.097132682800293, 16.670822143554688], [-15.093599319458008, 16.670833587646484], [-15.085463523864746, 16.670860290527344], [-15.080046653747559, 16.667558670043945], [-15.075613975524902, 16.662437438964844], [-15.064827919006348, 16.639997482299805], [-15.065082550048828, 16.637653350830078]]}, "properties": {"name": "Senegal", "type": "Main river", "couleur": "#1565C0"}}, {"type": "Feature", "geometry": {"type": "LineString", "coordinates": [[-16.23280906677246, 16.523996353149414], [-16.24110221862793, 16.52705955505371], [-16.2510929107666, 16.527156829833984], [-16.262775421142578, 16.524747848510742], [-16.270689010620117, 16.518630981445312], [-16.274503707885742, 16.517749786376953]]}, "properties": {"name": "Senegal", "type": "Main river", "couleur": "#1565C0"}}, {"type": "Feature", "geometry": {"type": "LineString", "coordinates": [[-15.451964378356934, 16.591842651367188], [-15.460938453674316, 16.596330642700195], [-15.468548774719238, 16.596670150756836], [-15.478379249572754, 16.591991424560547], [-15.483241081237793, 16.585405349731445], [-15.488783836364746, 16.580894470214844], [-15.507908821105957, 16.575199127197266], [-15.515588760375977, 16.570947647094727], [-15.521724700927734, 16.558643341064453], [-15.520201683044434, 16.54921531677246], [-15.511103630065918, 16.537384033203125], [-15.510669708251953, 16.534626007080078], [-15.51358413696289, 16.530765533447266], [-15.515482902526855, 16.531021118164062], [-15.515755653381348, 16.528732299804688], [-15.52126407623291, 16.526086807250977], [-15.53061294555664, 16.521596908569336], [-15.549722671508789, 16.516355514526367], [-15.56208324432373, 16.516984939575195], [-15.572999954223633, 16.518741607666016], [-15.583617210388184, 16.524621963500977], [-15.58382797241211, 16.526460647583008], [-15.598734855651855, 16.531940460205078]]}, "properties": {"name": "Senegal", "type": "Main river", "couleur": "#1565C0"}}, {"type": "Feature", "geometry": {"type": "LineString", "coordinates": [[-14.482060432434082, 16.527681350708008], [-14.48923397064209, 16.525989532470703], [-14.496481895446777, 16.520856857299805], [-14.503681182861328, 16.518016815185547], [-14.522229194641113, 16.518383026123047], [-14.53497314453125, 16.523223876953125], [-14.54540729522705, 16.524805068969727], [-14.556880950927734, 16.533519744873047], [-14.566813468933105, 16.536468505859375], [-14.601273536682129, 16.538284301757812], [-14.605549812316895, 16.537681579589844], [-14.608433723449707, 16.537273406982422], [-14.63211727142334, 16.51959991455078], [-14.640288352966309, 16.515626907348633], [-14.649561882019043, 16.51580238342285], [-14.670987129211426, 16.526763916015625], [-14.681884765625, 16.529035568237305], [-14.71613883972168, 16.541149139404297], [-14.721080780029297, 16.54674530029297], [-14.723349571228027, 16.549314498901367], [-14.727402687072754, 16.548931121826172], [-14.731621742248535, 16.5402889251709], [-14.734419822692871, 16.53828239440918], [-14.739689826965332, 16.541357040405273], [-14.742447853088379, 16.546226501464844], [-14.751617431640625, 16.551673889160156], [-14.757080078125, 16.55223274230957], [-14.765172004699707, 16.552152633666992], [-14.789619445800781, 16.543190002441406], [-14.809365272521973, 16.543319702148438], [-14.83002758026123, 16.545297622680664], [-14.835028648376465, 16.549903869628906], [-14.835871696472168, 16.55068016052246], [-14.840423583984375, 16.561317443847656], [-14.840779304504395, 16.567520141601562], [-14.836587905883789, 16.57501792907715], [-14.834532737731934, 16.582782745361328], [-14.8356294631958, 16.587621688842773], [-14.838937759399414, 16.58882713317871], [-14.842411041259766, 16.581546783447266], [-14.845067977905273, 16.57952880859375], [-14.847182273864746, 16.580944061279297], [-14.848190307617188, 16.590370178222656], [-14.852599143981934, 16.5961856842041], [-14.848278999328613, 16.610336303710938], [-14.854822158813477, 16.616647720336914], [-14.861714363098145, 16.617229461669922], [-14.866517066955566, 16.615020751953125], [-14.871280670166016, 16.61487579345703], [-14.876212120056152, 16.618404388427734], [-14.879552841186523, 16.618005752563477], [-14.881325721740723, 16.61586570739746], [-14.884425163269043, 16.612125396728516], [-14.88630199432373, 16.60114288330078], [-14.888232231140137, 16.59980010986328], [-14.896305084228516, 16.600860595703125], [-14.908226013183594, 16.612314224243164], [-14.916056632995605, 16.613597869873047], [-14.924700736999512, 16.609619140625], [-14.929140090942383, 16.6014347076416], [-14.93556022644043, 16.601776123046875], [-14.941184997558594, 16.606462478637695], [-14.94406509399414, 16.605134963989258], [-14.948287010192871, 16.595800399780273], [-14.951860427856445, 16.595632553100586], [-14.959686279296875, 16.597145080566406], [-14.962486267089844, 16.600175857543945], [-14.960474967956543, 16.605876922607422], [-14.962592124938965, 16.607290267944336], [-14.969966888427734, 16.605241775512695], [-14.971921920776367, 16.604698181152344], [-14.995925903320312, 16.619564056396484], [-15.0, 16.620071411132812]]}, "properties": {"name": "Doue", "type": "Main river", "couleur": "#1565C0"}}, {"type": "Feature", "geometry": {"type": "LineString", "coordinates": [[-16.098587036132812, 16.529041290283203], [-16.097265243530273, 16.540498733520508], [-16.0986270904541, 16.546018600463867], [-16.103090286254883, 16.551115036010742], [-16.11231231689453, 16.5560302734375], [-16.116350173950195, 16.55653190612793], [-16.13947105407715, 16.552873611450195], [-16.15403938293457, 16.547977447509766], [-16.1600284576416, 16.544368743896484], [-16.168729782104492, 16.532068252563477], [-16.172056198120117, 16.529233932495117], [-16.178577423095703, 16.523679733276367], [-16.189355850219727, 16.51690673828125], [-16.21126365661621, 16.514833450317383], [-16.21862030029297, 16.51628303527832], [-16.23280906677246, 16.523996353149414]]}, "properties": {"name": "Senegal", "type": "Main river", "couleur": "#1565C0"}}, {"type": "Feature", "geometry": {"type": "LineString", "coordinates": [[-16.10267448425293, 16.525413513183594], [-16.10485076904297, 16.54287338256836], [-16.109535217285156, 16.549118041992188], [-16.113550186157227, 16.55168342590332], [-16.119016647338867, 16.552200317382812], [-16.1292781829834, 16.5495548248291], [-16.131921768188477, 16.54728889465332], [-16.14264488220215, 16.545793533325195], [-16.14862060546875, 16.543333053588867], [-16.157499313354492, 16.536540985107422], [-16.17150115966797, 16.51833152770996], [-16.177026748657227, 16.51333999633789]]}, "properties": {"name": "Senegal", "type": "Main river", "couleur": "#1565C0"}}, {"type": "Feature", "geometry": {"type": "LineString", "coordinates": [[-14.463759422302246, 16.51584243774414], [-14.455574035644531, 16.520267486572266], [-14.452239990234375, 16.520429611206055], [-14.451576232910156, 16.51812171936035], [-14.4542818069458, 16.51404571533203], [-14.463358879089355, 16.512392044067383], [-14.463759422302246, 16.51584243774414]]}, "properties": {"name": "Temporary stream", "type": "Temporary stream", "couleur": "#90CAF9"}}, {"type": "Feature", "geometry": {"type": "LineString", "coordinates": [[-14.199554443359375, 16.511022567749023], [-14.203091621398926, 16.522573471069336], [-14.20263957977295, 16.531742095947266], [-14.205635070800781, 16.535938262939453], [-14.216970443725586, 16.53962516784668], [-14.231085777282715, 16.54658317565918], [-14.23653507232666, 16.547616958618164], [-14.241793632507324, 16.546581268310547], [-14.248125076293945, 16.54029083251953], [-14.250948905944824, 16.531402587890625], [-14.24691104888916, 16.52075958251953], [-14.248693466186523, 16.515748977661133], [-14.251835823059082, 16.513521194458008], [-14.256349563598633, 16.51384735107422], [-14.261015892028809, 16.517847061157227], [-14.266915321350098, 16.530223846435547], [-14.269413948059082, 16.53546714782715], [-14.27336311340332, 16.53968048095703], [-14.27476978302002, 16.550954818725586], [-14.271462440490723, 16.570619583129883], [-14.272303581237793, 16.575456619262695], [-14.275306701660156, 16.579421997070312], [-14.28170394897461, 16.580703735351562], [-14.285059928894043, 16.579627990722656], [-14.29431438446045, 16.57041358947754], [-14.310749053955078, 16.569841384887695], [-14.320399284362793, 16.564077377319336], [-14.327038764953613, 16.565134048461914], [-14.33286190032959, 16.570762634277344], [-14.335419654846191, 16.58027458190918], [-14.335715293884277, 16.581378936767578], [-14.33029556274414, 16.600082397460938], [-14.328628540039062, 16.631717681884766], [-14.331856727600098, 16.636375427246094], [-14.337030410766602, 16.639236450195312], [-14.357645988464355, 16.63300895690918], [-14.370516777038574, 16.632356643676758], [-14.37928581237793, 16.634143829345703], [-14.385736465454102, 16.633129119873047], [-14.400634765625, 16.63391876220703], [-14.406901359558105, 16.63425064086914], [-14.413690567016602, 16.63943862915039], [-14.415397644042969, 16.648422241210938], [-14.42112922668457, 16.647621154785156], [-14.42937183380127, 16.64090347290039], [-14.438216209411621, 16.628459930419922], [-14.443056106567383, 16.624887466430664], [-14.447840690612793, 16.623836517333984], [-14.467803955078125, 16.625385284423828], [-14.473064422607422, 16.62434196472168], [-14.477209091186523, 16.619834899902344], [-14.493062019348145, 16.61326789855957], [-14.50090503692627, 16.613882064819336], [-14.504851341247559, 16.618549346923828], [-14.514741897583008, 16.623565673828125], [-14.5282564163208, 16.626127243041992], [-14.53339958190918, 16.63058853149414], [-14.537750244140625, 16.63870620727539], [-14.54153823852539, 16.639698028564453], [-14.543961524963379, 16.637680053710938], [-14.548314094543457, 16.623308181762695], [-14.552224159240723, 16.61856460571289], [-14.557229995727539, 16.61820411682129], [-14.563111305236816, 16.621532440185547], [-14.590715408325195, 16.622068405151367], [-14.595584869384766, 16.616884231567383], [-14.601547241210938, 16.616310119628906], [-14.606833457946777, 16.62221908569336], [-14.611783981323242, 16.62775230407715], [-14.619864463806152, 16.628366470336914], [-14.624187469482422, 16.62661361694336], [-14.63127326965332, 16.617799758911133], [-14.638649940490723, 16.617938995361328], [-14.648749351501465, 16.624557495117188], [-14.652229309082031, 16.628984451293945], [-14.651378631591797, 16.635622024536133]]}, "properties": {"name": "Senegal", "type": "Main river", "couleur": "#1565C0"}}, {"type": "Feature", "geometry": {"type": "LineString", "coordinates": [[-14.165372848510742, 16.49765968322754], [-14.194766998291016, 16.512296676635742], [-14.19629192352295, 16.518295288085938], [-14.195077896118164, 16.52951431274414], [-14.198500633239746, 16.535783767700195], [-14.209495544433594, 16.5438232421875], [-14.223875999450684, 16.549640655517578], [-14.233104705810547, 16.551902770996094], [-14.240488052368164, 16.551603317260742], [-14.24744987487793, 16.54899787902832], [-14.254044532775879, 16.54156494140625], [-14.256457328796387, 16.533857345581055], [-14.256613731384277, 16.533357620239258], [-14.253140449523926, 16.520235061645508], [-14.25617790222168, 16.52030372619629], [-14.265080451965332, 16.537668228149414], [-14.269209861755371, 16.554738998413086], [-14.266611099243164, 16.574647903442383], [-14.270692825317383, 16.583454132080078], [-14.277507781982422, 16.587270736694336], [-14.282259941101074, 16.587600708007812], [-14.296546936035156, 16.576887130737305], [-14.30979061126709, 16.57512855529785], [-14.314451217651367, 16.574508666992188], [-14.323604583740234, 16.569650650024414], [-14.326443672180176, 16.570398330688477], [-14.329619407653809, 16.577350616455078], [-14.329427719116211, 16.58583641052246], [-14.322308540344238, 16.60588264465332], [-14.323186874389648, 16.63022804260254], [-14.3263521194458, 16.637638092041016], [-14.332906723022461, 16.642593383789062], [-14.343352317810059, 16.643959045410156], [-14.362783432006836, 16.637475967407227], [-14.36386775970459, 16.637582778930664], [-14.380363464355469, 16.63921546936035], [-14.393705368041992, 16.6387996673584], [-14.403679847717285, 16.639923095703125], [-14.412238121032715, 16.651342391967773]]}, "properties": {"name": "Senegal", "type": "Main river", "couleur": "#1565C0"}}, {"type": "Feature", "geometry": {"type": "LineString", "coordinates": [[-14.366418838500977, 16.496191024780273], [-14.364015579223633, 16.497289657592773], [-14.361064910888672, 16.5015869140625], [-14.36187744140625, 16.50779914855957], [-14.366995811462402, 16.512954711914062], [-14.378141403198242, 16.51456069946289], [-14.389433860778809, 16.520299911499023], [-14.394745826721191, 16.527523040771484], [-14.400604248046875, 16.542327880859375], [-14.408184051513672, 16.554645538330078], [-14.452566146850586, 16.555757522583008], [-14.456226348876953, 16.555849075317383]]}, "properties": {"name": "Temporary stream", "type": "Temporary stream", "couleur": "#90CAF9"}}, {"type": "Feature", "geometry": {"type": "LineString", "coordinates": [[-15.777219772338867, 16.49552345275879], [-15.787848472595215, 16.49791717529297], [-15.808405876159668, 16.508037567138672], [-15.823389053344727, 16.508222579956055], [-15.831730842590332, 16.506946563720703], [-15.844916343688965, 16.49907684326172], [-15.85782527923584, 16.494186401367188], [-15.86026668548584, 16.507522583007812], [-15.86281681060791, 16.51259994506836], [-15.866365432739258, 16.514019012451172], [-15.876791954040527, 16.517127990722656], [-15.88610553741455, 16.51766586303711], [-15.896758079528809, 16.518281936645508], [-15.912261962890625, 16.515024185180664]]}, "properties": {"name": "Senegal", "type": "Main river", "couleur": "#1565C0"}}, {"type": "Feature", "geometry": {"type": "LineString", "coordinates": [[-14.482060432434082, 16.527681350708008], [-14.480222702026367, 16.524662017822266], [-14.474563598632812, 16.522254943847656], [-14.466483116149902, 16.52186393737793], [-14.45733642578125, 16.5267276763916], [-14.449727058410645, 16.526575088500977], [-14.42558479309082, 16.51002311706543], [-14.42250919342041, 16.5092716217041], [-14.413756370544434, 16.496244430541992], [-14.409552574157715, 16.49271583557129], [-14.406915664672852, 16.493579864501953], [-14.398846626281738, 16.503511428833008], [-14.39402961730957, 16.506166458129883], [-14.376873970031738, 16.498428344726562], [-14.373774528503418, 16.49703025817871], [-14.366418838500977, 16.496191024780273]]}, "properties": {"name": "Doue", "type": "Main river", "couleur": "#1565C0"}}, {"type": "Feature", "geometry": {"type": "LineString", "coordinates": [[-16.27680206298828, 16.480146408081055], [-16.27581024169922, 16.48403549194336], [-16.279094696044922, 16.488426208496094], [-16.279212951660156, 16.499670028686523], [-16.274370193481445, 16.507883071899414], [-16.268123626708984, 16.5137882232666], [-16.25497817993164, 16.519624710083008], [-16.245441436767578, 16.521825790405273], [-16.238557815551758, 16.520381927490234], [-16.22982406616211, 16.514101028442383], [-16.219409942626953, 16.509408950805664], [-16.190839767456055, 16.51187515258789], [-16.187301635742188, 16.509084701538086], [-16.183759689331055, 16.51055145263672], [-16.177026748657227, 16.51333999633789]]}, "properties": {"name": "Senegal", "type": "Main river", "couleur": "#1565C0"}}, {"type": "Feature", "geometry": {"type": "LineString", "coordinates": [[-16.098587036132812, 16.529041290283203], [-16.098485946655273, 16.524953842163086], [-16.096609115600586, 16.52121353149414], [-16.079763412475586, 16.511402130126953], [-16.061174392700195, 16.49445152282715], [-16.055130004882812, 16.482685089111328], [-16.051362991333008, 16.479433059692383], [-16.044954299926758, 16.478445053100586], [-16.02845573425293, 16.4858341217041], [-16.012834548950195, 16.499197006225586], [-16.003053665161133, 16.501611709594727], [-15.999321937561035, 16.501731872558594], [-15.992584228515625, 16.501951217651367], [-15.969907760620117, 16.48930549621582], [-15.956124305725098, 16.488460540771484], [-15.93524169921875, 16.503589630126953], [-15.912261962890625, 16.515024185180664]]}, "properties": {"name": "Senegal", "type": "Main river", "couleur": "#1565C0"}}, {"type": "Feature", "geometry": {"type": "LineString", "coordinates": [[-16.27680206298828, 16.480146408081055], [-16.271352767944336, 16.47825813293457], [-16.25921058654785, 16.479516983032227], [-16.252519607543945, 16.482662200927734], [-16.245853424072266, 16.483285903930664], [-16.23826789855957, 16.48091697692871], [-16.230619430541992, 16.484512329101562], [-16.210357666015625, 16.48889923095703], [-16.20290756225586, 16.495935440063477], [-16.184051513671875, 16.50193977355957], [-16.17681312561035, 16.511272430419922], [-16.177026748657227, 16.51333999633789]]}, "properties": {"name": "Senegal", "type": "Main river", "couleur": "#1565C0"}}, {"type": "Feature", "geometry": {"type": "LineString", "coordinates": [[-15.777219772338867, 16.49552345275879], [-15.760805130004883, 16.492759704589844], [-15.741785049438477, 16.492290496826172], [-15.730167388916016, 16.4896183013916], [-15.70564079284668, 16.4748477935791], [-15.700639724731445, 16.475242614746094], [-15.69365119934082, 16.4818058013916], [-15.654642105102539, 16.487459182739258], [-15.645748138427734, 16.488746643066406], [-15.636189460754395, 16.491832733154297], [-15.6294584274292, 16.496789932250977], [-15.628447532653809, 16.500905990600586], [-15.628849029541016, 16.505958557128906], [-15.634140014648438, 16.51841926574707], [-15.631650924682617, 16.525959014892578], [-15.625642776489258, 16.530237197875977], [-15.598734855651855, 16.531940460205078]]}, "properties": {"name": "Senegal", "type": "Main river", "couleur": "#1565C0"}}, {"type": "Feature", "geometry": {"type": "LineString", "coordinates": [[-15.968804359436035, 16.482410430908203], [-15.9542818069458, 16.483619689941406], [-15.944246292114258, 16.48740577697754], [-15.925248146057129, 16.50393295288086], [-15.90182113647461, 16.513065338134766], [-15.890155792236328, 16.513845443725586], [-15.878034591674805, 16.513011932373047], [-15.86807918548584, 16.5103702545166], [-15.865995407104492, 16.505985260009766], [-15.864509582519531, 16.49220085144043], [-15.863709449768066, 16.491559982299805], [-15.859567642211914, 16.48824119567871], [-15.8545560836792, 16.48955726623535], [-15.836581230163574, 16.499893188476562], [-15.827733993530273, 16.503456115722656], [-15.814393997192383, 16.504899978637695], [-15.808464050292969, 16.503679275512695], [-15.785301208496094, 16.49283790588379], [-15.764663696289062, 16.488908767700195], [-15.74540901184082, 16.48820686340332], [-15.741453170776367, 16.487018585205078], [-15.730250358581543, 16.483654022216797], [-15.715877532958984, 16.474063873291016]]}, "properties": {"name": "Senegal", "type": "Main river", "couleur": "#1565C0"}}, {"type": "Feature", "geometry": {"type": "LineString", "coordinates": [[-15.968804359436035, 16.482410430908203], [-15.991247177124023, 16.49459457397461], [-15.999064445495605, 16.497207641601562], [-16.0054874420166, 16.49704933166504], [-16.00836944580078, 16.494787216186523], [-16.01361656188965, 16.49346923828125], [-16.02324867248535, 16.48371124267578], [-16.03354835510254, 16.477630615234375], [-16.043590545654297, 16.47315216064453], [-16.051437377929688, 16.47323989868164], [-16.058515548706055, 16.4779052734375], [-16.063138961791992, 16.48919677734375], [-16.073034286499023, 16.49710464477539], [-16.074386596679688, 16.49878692626953], [-16.079362869262695, 16.504974365234375], [-16.098005294799805, 16.517791748046875], [-16.10267448425293, 16.525413513183594]]}, "properties": {"name": "Senegal", "type": "Main river", "couleur": "#1565C0"}}, {"type": "Feature", "geometry": {"type": "LineString", "coordinates": [[-15.518263816833496, 16.52027702331543], [-15.545517921447754, 16.511249542236328], [-15.552176475524902, 16.511341094970703], [-15.57046890258789, 16.512969970703125], [-15.593133926391602, 16.524520874023438], [-15.621668815612793, 16.525365829467773], [-15.627172470092773, 16.52314567565918], [-15.627939224243164, 16.51948356628418], [-15.625343322753906, 16.50727653503418], [-15.62348747253418, 16.498546600341797], [-15.625446319580078, 16.494670867919922], [-15.632190704345703, 16.48879623413086], [-15.664688110351562, 16.478214263916016], [-15.672540664672852, 16.477859497070312], [-15.687843322753906, 16.47209358215332]]}, "properties": {"name": "Senegal", "type": "Main river", "couleur": "#1565C0"}}, {"type": "Feature", "geometry": {"type": "LineString", "coordinates": [[-14.261848449707031, 16.471282958984375], [-14.233193397521973, 16.476179122924805], [-14.231253623962402, 16.47774314880371], [-14.23283863067627, 16.481220245361328], [-14.237504005432129, 16.485219955444336], [-14.23091983795166, 16.4921932220459], [-14.228484153747559, 16.49183464050293], [-14.226744651794434, 16.489566802978516], [-14.224162101745605, 16.490249633789062], [-14.223997116088867, 16.493192672729492], [-14.2269287109375, 16.500139236450195], [-14.225909233093262, 16.503101348876953], [-14.22133731842041, 16.50529670715332], [-14.213920593261719, 16.496875762939453], [-14.208171844482422, 16.49858856201172], [-14.199554443359375, 16.511022567749023]]}, "properties": {"name": "Temporary stream", "type": "Temporary stream", "couleur": "#90CAF9"}}, {"type": "Feature", "geometry": {"type": "LineString", "coordinates": [[-14.261848449707031, 16.471282958984375], [-14.283699035644531, 16.47266387939453], [-14.292183876037598, 16.476055145263672], [-14.300919532775879, 16.48931884765625], [-14.3030366897583, 16.500837326049805], [-14.309274673461914, 16.50899887084961], [-14.309212684631348, 16.511751174926758], [-14.311817169189453, 16.512266159057617], [-14.318187713623047, 16.50413703918457], [-14.328996658325195, 16.499544143676758], [-14.33073902130127, 16.496139526367188], [-14.32491397857666, 16.490739822387695], [-14.314943313598633, 16.489843368530273], [-14.314374923706055, 16.48340606689453], [-14.31058120727539, 16.482868194580078], [-14.30970287322998, 16.479637145996094], [-14.312644958496094, 16.475797653198242], [-14.317843437194824, 16.477283477783203], [-14.322733879089355, 16.471420288085938]]}, "properties": {"name": "Temporary stream", "type": "Temporary stream", "couleur": "#90CAF9"}}, {"type": "Feature", "geometry": {"type": "LineString", "coordinates": [[-15.687843322753906, 16.47209358215332], [-15.689972877502441, 16.472808837890625], [-15.694950103759766, 16.47052764892578]]}, "properties": {"name": "Senegal", "type": "Main river", "couleur": "#1565C0"}}, {"type": "Feature", "geometry": {"type": "LineString", "coordinates": [[-15.715877532958984, 16.474063873291016], [-15.7035551071167, 16.47092056274414], [-15.694950103759766, 16.47052764892578]]}, "properties": {"name": "Senegal", "type": "Main river", "couleur": "#1565C0"}}, {"type": "Feature", "geometry": {"type": "LineString", "coordinates": [[-15.518263816833496, 16.52027702331543], [-15.513276100158691, 16.51974868774414], [-15.522976875305176, 16.50749397277832], [-15.536608695983887, 16.502635955810547], [-15.559427261352539, 16.487810134887695], [-15.56727409362793, 16.487916946411133], [-15.581871032714844, 16.481922149658203], [-15.603070259094238, 16.479686737060547], [-15.61528491973877, 16.473886489868164], [-15.624241828918457, 16.472427368164062], [-15.632209777832031, 16.47113037109375], [-15.650646209716797, 16.462427139282227], [-15.665865898132324, 16.462400436401367], [-15.673922538757324, 16.464340209960938], [-15.687843322753906, 16.47209358215332]]}, "properties": {"name": "Senegal river", "type": "Main river", "couleur": "#1565C0"}}, {"type": "Feature", "geometry": {"type": "LineString", "coordinates": [[-14.366418838500977, 16.496191024780273], [-14.363471984863281, 16.48970603942871], [-14.364914894104004, 16.46770668029785], [-14.36411190032959, 16.461036682128906], [-14.363011360168457, 16.457111358642578], [-14.360204696655273, 16.454988479614258], [-14.353094100952148, 16.45392417907715], [-14.34732723236084, 16.456558227539062], [-14.33862018585205, 16.473587036132812], [-14.335732460021973, 16.47513198852539], [-14.322733879089355, 16.471420288085938]]}, "properties": {"name": "Doue", "type": "Main river", "couleur": "#1565C0"}}, {"type": "Feature", "geometry": {"type": "LineString", "coordinates": [[-14.301413536071777, 16.4466495513916], [-14.313227653503418, 16.450109481811523], [-14.319716453552246, 16.45758819580078], [-14.321494102478027, 16.463132858276367], [-14.320655822753906, 16.4686222076416], [-14.322733879089355, 16.471420288085938]]}, "properties": {"name": "Doue", "type": "Main river", "couleur": "#1565C0"}}, {"type": "Feature", "geometry": {"type": "LineString", "coordinates": [[-14.301413536071777, 16.4466495513916], [-14.300655364990234, 16.448699951171875], [-14.284814834594727, 16.455018997192383], [-14.27750015258789, 16.4628963470459], [-14.274651527404785, 16.46260643005371], [-14.266692161560059, 16.4571590423584], [-14.255610466003418, 16.45302391052246], [-14.25093936920166, 16.44925308227539], [-14.2422513961792, 16.434152603149414], [-14.236151695251465, 16.430580139160156]]}, "properties": {"name": "Temporary stream", "type": "Temporary stream", "couleur": "#90CAF9"}}, {"type": "Feature", "geometry": {"type": "LineString", "coordinates": [[-14.261848449707031, 16.471282958984375], [-14.259360313415527, 16.465723037719727], [-14.254900932312012, 16.463104248046875], [-14.248498916625977, 16.4622802734375], [-14.233881950378418, 16.456689834594727], [-14.229700088500977, 16.452470779418945], [-14.224465370178223, 16.452587127685547], [-14.220012664794922, 16.449737548828125], [-14.218639373779297, 16.44741439819336], [-14.215338706970215, 16.446195602416992], [-14.214964866638184, 16.44182777404785], [-14.211278915405273, 16.43670082092285], [-14.205423355102539, 16.432903289794922], [-14.204062461853027, 16.43012046813965], [-14.213777542114258, 16.431476593017578], [-14.22189712524414, 16.430044174194336], [-14.228249549865723, 16.43293571472168], [-14.23372745513916, 16.432594299316406], [-14.236151695251465, 16.430580139160156]]}, "properties": {"name": "Temporary stream", "type": "Temporary stream", "couleur": "#90CAF9"}}, {"type": "Feature", "geometry": {"type": "LineString", "coordinates": [[-14.23660945892334, 16.410856246948242], [-14.23630142211914, 16.413833618164062], [-14.242168426513672, 16.417171478271484], [-14.244919776916504, 16.421588897705078], [-14.23862361907959, 16.426502227783203], [-14.236151695251465, 16.430580139160156]]}, "properties": {"name": "Temporary stream", "type": "Temporary stream", "couleur": "#90CAF9"}}, {"type": "Feature", "geometry": {"type": "LineString", "coordinates": [[-14.301413536071777, 16.4466495513916], [-14.291970252990723, 16.443696975708008], [-14.28342342376709, 16.443058013916016], [-14.269515991210938, 16.437715530395508], [-14.263372421264648, 16.4256534576416], [-14.258264541625977, 16.42026710510254], [-14.249361038208008, 16.41457176208496], [-14.23660945892334, 16.410856246948242]]}, "properties": {"name": "Doue", "type": "Main river", "couleur": "#1565C0"}}, {"type": "Feature", "geometry": {"type": "LineString", "coordinates": [[-14.127918243408203, 16.402301788330078], [-14.125994682312012, 16.40317726135254], [-14.128705024719238, 16.409202575683594], [-14.132473945617676, 16.410661697387695], [-14.136298179626465, 16.409828186035156], [-14.135650634765625, 16.407060623168945], [-14.127918243408203, 16.402301788330078]]}, "properties": {"name": "Temporary stream", "type": "Temporary stream", "couleur": "#90CAF9"}}, {"type": "Feature", "geometry": {"type": "LineString", "coordinates": [[-14.168055534362793, 16.404098510742188], [-14.17134952545166, 16.405548095703125], [-14.17386245727539, 16.409961700439453], [-14.176955223083496, 16.409799575805664], [-14.179909706115723, 16.40550422668457], [-14.179525375366211, 16.401596069335938]]}, "properties": {"name": "Temporary stream", "type": "Temporary stream", "couleur": "#90CAF9"}}, {"type": "Feature", "geometry": {"type": "LineString", "coordinates": [[-15.968804359436035, 16.482410430908203], [-15.969651222229004, 16.471637725830078], [-15.975663185119629, 16.46619987487793], [-15.98236083984375, 16.463064193725586], [-15.998573303222656, 16.459575653076172], [-16.00149154663086, 16.45433235168457], [-15.998697280883789, 16.449481964111328], [-15.993030548095703, 16.44620704650879], [-15.975248336791992, 16.442106246948242], [-15.971756935119629, 16.43610191345215], [-15.97490406036377, 16.431549072265625], [-15.979190826416016, 16.430908203125], [-15.987833023071289, 16.424123764038086], [-15.993759155273438, 16.425567626953125], [-15.996546745300293, 16.430875778198242], [-16.001298904418945, 16.4311580657959], [-16.005889892578125, 16.429006576538086], [-16.008949279785156, 16.427574157714844], [-16.01087760925293, 16.4255313873291], [-16.01141929626465, 16.42003059387207], [-16.010873794555664, 16.406259536743164], [-16.01565933227539, 16.403560638427734], [-16.020891189575195, 16.40338897705078], [-16.03122329711914, 16.4140567779541], [-16.036924362182617, 16.414348602294922], [-16.04608726501465, 16.403438568115234], [-16.049182891845703, 16.403013229370117], [-16.0499210357666, 16.400957107543945], [-16.068906784057617, 16.403457641601562], [-16.073688507080078, 16.401216506958008]]}, "properties": {"name": "Temporary stream", "type": "Temporary stream", "couleur": "#90CAF9"}}, {"type": "Feature", "geometry": {"type": "LineString", "coordinates": [[-14.179525375366211, 16.401596069335938], [-14.174395561218262, 16.397354125976562], [-14.172623634338379, 16.40190315246582], [-14.168055534362793, 16.404098510742188]]}, "properties": {"name": "Temporary stream", "type": "Temporary stream", "couleur": "#90CAF9"}}, {"type": "Feature", "geometry": {"type": "LineString", "coordinates": [[-15.75400161743164, 16.451377868652344], [-15.75861930847168, 16.444093704223633], [-15.762710571289062, 16.440475463867188], [-15.779902458190918, 16.435184478759766], [-15.784943580627441, 16.431577682495117], [-15.790043830871582, 16.42361068725586], [-15.806194305419922, 16.40706443786621], [-15.808398246765137, 16.402273178100586], [-15.805695533752441, 16.39099884033203], [-15.805564880371094, 16.383197784423828], [-15.801289558410645, 16.382915496826172]]}, "properties": {"name": "Temporary stream", "type": "Temporary stream", "couleur": "#90CAF9"}}, {"type": "Feature", "geometry": {"type": "LineString", "coordinates": [[-16.209373474121094, 16.44828224182129], [-16.21600914001465, 16.45041275024414], [-16.214553833007812, 16.452922821044922], [-16.20718002319336, 16.453306198120117], [-16.20068359375, 16.460124969482422], [-16.197343826293945, 16.46123695373535], [-16.18428611755371, 16.459270477294922], [-16.184478759765625, 16.463401794433594], [-16.187061309814453, 16.46640968322754], [-16.203601837158203, 16.475982666015625], [-16.20575523376465, 16.474857330322266], [-16.204679489135742, 16.464523315429688], [-16.206605911254883, 16.462247848510742], [-16.214252471923828, 16.45888328552246], [-16.2189998626709, 16.459619522094727], [-16.22416877746582, 16.46540641784668], [-16.22583770751953, 16.464963912963867], [-16.227298736572266, 16.461767196655273], [-16.22102165222168, 16.448627471923828], [-16.221467971801758, 16.447078704833984], [-16.22398567199707, 16.43833351135254], [-16.222196578979492, 16.42799186706543], [-16.22029685974121, 16.427743911743164], [-16.21183204650879, 16.419172286987305], [-16.2119197845459, 16.411142349243164], [-16.205595016479492, 16.402591705322266], [-16.204946517944336, 16.39661979675293], [-16.20792007446289, 16.385639190673828], [-16.207012176513672, 16.381731033325195], [-16.203718185424805, 16.37871551513672], [-16.201332092285156, 16.379608154296875], [-16.192913055419922, 16.38869857788086], [-16.184602737426758, 16.38792610168457], [-16.18185806274414, 16.399599075317383], [-16.182010650634766, 16.413503646850586], [-16.18209457397461, 16.421165466308594], [-16.198619842529297, 16.431655883789062], [-16.20574188232422, 16.432645797729492], [-16.208032608032227, 16.440467834472656], [-16.205841064453125, 16.44526481628418], [-16.209373474121094, 16.44828224182129]]}, "properties": {"name": "Temporary stream", "type": "Temporary stream", "couleur": "#90CAF9"}}, {"type": "Feature", "geometry": {"type": "LineString", "coordinates": [[-15.801289558410645, 16.382915496826172], [-15.773564338684082, 16.376834869384766]]}, "properties": {"name": "Guiers lake", "type": "Main river", "couleur": "#1565C0"}}, {"type": "Feature", "geometry": {"type": "LineString", "coordinates": [[-15.773564338684082, 16.376834869384766], [-15.765966415405273, 16.376279830932617], [-15.764525413513184, 16.377408981323242], [-15.765850067138672, 16.384767532348633], [-15.762001037597656, 16.388160705566406], [-15.759258270263672, 16.397531509399414], [-15.756386756896973, 16.39887046813965], [-15.750237464904785, 16.396728515625], [-15.746662139892578, 16.397371292114258], [-15.746392250061035, 16.399662017822266], [-15.743778228759766, 16.399629592895508], [-15.738913536071777, 16.407596588134766], [-15.732712745666504, 16.409122467041016], [-15.727140426635742, 16.416622161865234], [-15.720527648925781, 16.430532455444336], [-15.717897415161133, 16.4316463470459], [-15.714376449584961, 16.428388595581055], [-15.704087257385254, 16.433073043823242], [-15.702390670776367, 16.435346603393555], [-15.703498840332031, 16.44109535217285], [-15.702528953552246, 16.451017379760742], [-15.702110290527344, 16.45530128479004], [-15.69627857208252, 16.464174270629883], [-15.694950103759766, 16.47052764892578]]}, "properties": {"name": "Taouey chennal", "type": "Main river", "couleur": "#1565C0"}}, {"type": "Feature", "geometry": {"type": "LineString", "coordinates": [[-14.176457405090332, 16.370323181152344], [-14.178995132446289, 16.37359046936035], [-14.17695426940918, 16.379512786865234], [-14.179017066955566, 16.382768630981445], [-14.182321548461914, 16.383758544921875], [-14.185324668884277, 16.387495040893555], [-14.185892105102539, 16.39370346069336], [-14.183116912841797, 16.40052604675293], [-14.179525375366211, 16.401596069335938]]}, "properties": {"name": "Temporary stream", "type": "Temporary stream", "couleur": "#90CAF9"}}, {"type": "Feature", "geometry": {"type": "LineString", "coordinates": [[-14.139627456665039, 16.369747161865234], [-14.138529777526855, 16.375919342041016], [-14.139646530151367, 16.37892723083496], [-14.134018898010254, 16.38568687438965], [-14.11334228515625, 16.385459899902344]]}, "properties": {"name": "Temporary stream", "type": "Temporary stream", "couleur": "#90CAF9"}}, {"type": "Feature", "geometry": {"type": "LineString", "coordinates": [[-14.168055534362793, 16.404098510742188], [-14.164042472839355, 16.402864456176758], [-14.158787727355957, 16.40389633178711], [-14.155271530151367, 16.40175437927246], [-14.159172058105469, 16.3977108001709], [-14.164928436279297, 16.395540237426758], [-14.163583755493164, 16.392070770263672], [-14.166753768920898, 16.388696670532227], [-14.163524627685547, 16.384496688842773], [-14.163800239562988, 16.382896423339844], [-14.158848762512207, 16.381181716918945], [-14.151174545288086, 16.383996963500977], [-14.15086841583252, 16.37687873840332], [-14.143401145935059, 16.3709774017334], [-14.139627456665039, 16.369747161865234]]}, "properties": {"name": "Temporary stream", "type": "Temporary stream", "couleur": "#90CAF9"}}, {"type": "Feature", "geometry": {"type": "LineString", "coordinates": [[-14.121334075927734, 16.36934471130371], [-14.117753982543945, 16.36995506286621], [-14.115516662597656, 16.374034881591797], [-14.117087364196777, 16.37796974182129], [-14.121099472045898, 16.37920570373535], [-14.1239595413208, 16.37881088256836], [-14.127401351928711, 16.374067306518555], [-14.124865531921387, 16.370800018310547], [-14.121334075927734, 16.36934471130371]]}, "properties": {"name": "Temporary stream", "type": "Temporary stream", "couleur": "#90CAF9"}}, {"type": "Feature", "geometry": {"type": "LineString", "coordinates": [[-16.073688507080078, 16.401216506958008], [-16.07110595703125, 16.398435592651367], [-16.06400489807129, 16.39583396911621], [-16.062698364257812, 16.385726928710938], [-16.084314346313477, 16.386877059936523], [-16.08659553527832, 16.374744415283203], [-16.08571434020996, 16.368770599365234]]}, "properties": {"name": "Temporary stream", "type": "Temporary stream", "couleur": "#90CAF9"}}, {"type": "Feature", "geometry": {"type": "LineString", "coordinates": [[-16.08571434020996, 16.368770599365234], [-16.082881927490234, 16.36713409423828], [-16.074100494384766, 16.366121292114258], [-16.07002067565918, 16.369518280029297], [-16.06587028503418, 16.37887954711914], [-16.05443000793457, 16.381507873535156], [-16.051349639892578, 16.38078498840332], [-16.050617218017578, 16.382383346557617], [-16.045616149902344, 16.38324546813965], [-16.03968620300293, 16.38226318359375], [-16.030532836914062, 16.372526168823242], [-16.019826889038086, 16.37355613708496], [-16.013858795166016, 16.375782012939453], [-16.009302139282227, 16.379173278808594], [-16.000530242919922, 16.396738052368164], [-15.996722221374512, 16.397153854370117], [-15.990346908569336, 16.39364242553711], [-15.984587669372559, 16.397226333618164], [-15.974778175354004, 16.403329849243164], [-15.97162914276123, 16.408111572265625], [-15.974788665771484, 16.421682357788086], [-15.963663101196289, 16.436925888061523], [-15.960314750671387, 16.438493728637695], [-15.941041946411133, 16.439647674560547], [-15.932454109191895, 16.441843032836914], [-15.925470352172852, 16.44887351989746], [-15.910490036010742, 16.44892692565918], [-15.907889366149902, 16.447750091552734], [-15.904646873474121, 16.441059112548828], [-15.900408744812012, 16.43779754638672], [-15.894322395324707, 16.440021514892578], [-15.893720626831055, 16.44024085998535], [-15.878209114074707, 16.426292419433594], [-15.877523422241211, 16.424219131469727], [-15.872085571289062, 16.421859741210938], [-15.863293647766113, 16.421525955200195], [-15.851840019226074, 16.424827575683594], [-15.838242530822754, 16.44622802734375], [-15.83098030090332, 16.456005096435547], [-15.826172828674316, 16.45984649658203], [-15.809530258178711, 16.45964241027832], [-15.791131019592285, 16.45741844177246], [-15.78626537322998, 16.456829071044922], [-15.761642456054688, 16.466386795043945], [-15.761141777038574, 16.468215942382812], [-15.759245872497559, 16.46773338317871], [-15.7479829788208, 16.474014282226562], [-15.741785049438477, 16.475082397460938], [-15.726123809814453, 16.47258758544922], [-15.715877532958984, 16.474063873291016]]}, "properties": {"name": "Temporary stream", "type": "Temporary stream", "couleur": "#90CAF9"}}, {"type": "Feature", "geometry": {"type": "LineString", "coordinates": [[-14.23660945892334, 16.410856246948242], [-14.226168632507324, 16.409944534301758], [-14.21944522857666, 16.412782669067383], [-14.1963529586792, 16.393699645996094], [-14.194073677062988, 16.3895206451416], [-14.19660472869873, 16.38292121887207], [-14.196004867553711, 16.378089904785156], [-14.183572769165039, 16.360841751098633], [-14.178362846374512, 16.36004066467285], [-14.176457405090332, 16.370323181152344]]}, "properties": {"name": "Doue", "type": "Main river", "couleur": "#1565C0"}}, {"type": "Feature", "geometry": {"type": "LineString", "coordinates": [[-16.27680206298828, 16.480146408081055], [-16.28191375732422, 16.46895408630371], [-16.28811264038086, 16.4674072265625], [-16.2950496673584, 16.463573455810547], [-16.29913902282715, 16.45902442932129], [-16.30406951904297, 16.442092895507812], [-16.302207946777344, 16.41523551940918], [-16.305395126342773, 16.405860900878906], [-16.311616897583008, 16.40178871154785], [-16.322311401367188, 16.40188980102539], [-16.32711410522461, 16.397117614746094], [-16.32756233215332, 16.381729125976562], [-16.327848434448242, 16.371891021728516], [-16.323057174682617, 16.35234832763672], [-16.32427406311035, 16.349605560302734]]}, "properties": {"name": "Senegal", "type": "Main river", "couleur": "#1565C0"}}, {"type": "Feature", "geometry": {"type": "LineString", "coordinates": [[-16.073688507080078, 16.401216506958008], [-16.07841682434082, 16.403331756591797], [-16.08262825012207, 16.40911102294922], [-16.095935821533203, 16.409482955932617], [-16.098773956298828, 16.410661697387695], [-16.106294631958008, 16.41808319091797], [-16.108915328979492, 16.417652130126953], [-16.11756706237793, 16.40948486328125], [-16.123035430908203, 16.409313201904297], [-16.126773834228516, 16.41508674621582], [-16.13530158996582, 16.417699813842773], [-16.14008331298828, 16.415225982666016], [-16.14132308959961, 16.41088104248047], [-16.141159057617188, 16.404226303100586], [-16.13861846923828, 16.397775650024414], [-16.154491424560547, 16.381423950195312], [-16.1618709564209, 16.38081932067871], [-16.176851272583008, 16.379589080810547], [-16.188779830932617, 16.375581741333008], [-16.195266723632812, 16.369224548339844], [-16.20060157775879, 16.35941505432129], [-16.220911026000977, 16.349294662475586], [-16.246110916137695, 16.370418548583984], [-16.251808166503906, 16.370933532714844], [-16.253965377807617, 16.369348526000977], [-16.25640106201172, 16.363637924194336], [-16.261428833007812, 16.360246658325195], [-16.266515731811523, 16.360158920288086], [-16.26998519897461, 16.36009979248047], [-16.276308059692383, 16.368877410888672], [-16.290611267089844, 16.364656448364258], [-16.29833221435547, 16.353490829467773], [-16.304079055786133, 16.349185943603516], [-16.32427406311035, 16.349605560302734]]}, "properties": {"name": "Temporary stream", "type": "Temporary stream", "couleur": "#90CAF9"}}, {"type": "Feature", "geometry": {"type": "LineString", "coordinates": [[-16.274503707885742, 16.517749786376953], [-16.276451110839844, 16.51363754272461], [-16.278352737426758, 16.513656616210938], [-16.282930374145508, 16.508193969726562], [-16.285423278808594, 16.49720573425293], [-16.283857345581055, 16.487783432006836], [-16.2849063873291, 16.4783878326416], [-16.288043975830078, 16.47406005859375], [-16.300235748291016, 16.46775245666504], [-16.305824279785156, 16.456335067749023], [-16.308313369750977, 16.445575714111328], [-16.310569763183594, 16.411184310913086], [-16.31528663635254, 16.407615661621094], [-16.324399948120117, 16.40695571899414], [-16.331623077392578, 16.39784812927246], [-16.334131240844727, 16.385025024414062], [-16.33079719543457, 16.36228370666504], [-16.331573486328125, 16.356098175048828], [-16.341012954711914, 16.33898162841797], [-16.343408584594727, 16.337167739868164], [-16.35291290283203, 16.337026596069336], [-16.357479095458984, 16.332021713256836]]}, "properties": {"name": "Senegal", "type": "Main river", "couleur": "#1565C0"}}, {"type": "Feature", "geometry": {"type": "LineString", "coordinates": [[-14.139627456665039, 16.369747161865234], [-14.140664100646973, 16.366100311279297], [-14.137944221496582, 16.360532760620117], [-14.140488624572754, 16.353477478027344], [-14.137918472290039, 16.351585388183594], [-14.133399963378906, 16.351715087890625], [-14.130172729492188, 16.34751319885254], [-14.121891975402832, 16.34595489501953], [-14.123137474060059, 16.333593368530273], [-14.115026473999023, 16.32492446899414]]}, "properties": {"name": "Temporary stream", "type": "Temporary stream", "couleur": "#90CAF9"}}, {"type": "Feature", "geometry": {"type": "LineString", "coordinates": [[-14.101990699768066, 16.323488235473633], [-14.097429275512695, 16.335317611694336], [-14.09406566619873, 16.336849212646484], [-14.09154224395752, 16.342987060546875], [-14.092646598815918, 16.346454620361328], [-14.097375869750977, 16.347476959228516]]}, "properties": {"name": "Temporary stream", "type": "Temporary stream", "couleur": "#90CAF9"}}, {"type": "Feature", "geometry": {"type": "LineString", "coordinates": [[-14.115026473999023, 16.32492446899414], [-14.111419677734375, 16.326679229736328], [-14.101990699768066, 16.323488235473633]]}, "properties": {"name": "Temporary stream", "type": "Temporary stream", "couleur": "#90CAF9"}}, {"type": "Feature", "geometry": {"type": "LineString", "coordinates": [[-14.101990699768066, 16.323488235473633], [-14.098191261291504, 16.32340431213379], [-14.0972900390625, 16.321319580078125], [-14.091607093811035, 16.320505142211914], [-14.08751392364502, 16.322708129882812], [-14.075162887573242, 16.322431564331055]]}, "properties": {"name": "Temporary stream", "type": "Temporary stream", "couleur": "#90CAF9"}}, {"type": "Feature", "geometry": {"type": "LineString", "coordinates": [[-14.176457405090332, 16.370323181152344], [-14.164697647094727, 16.365018844604492], [-14.147712707519531, 16.349504470825195], [-14.151838302612305, 16.345924377441406], [-14.16258716583252, 16.34363555908203], [-14.16622543334961, 16.340503692626953], [-14.166048049926758, 16.337974548339844], [-14.161344528198242, 16.33580780029297], [-14.15517520904541, 16.3354434967041], [-14.150748252868652, 16.34177017211914], [-14.146952629089355, 16.341459274291992], [-14.145668983459473, 16.335464477539062], [-14.149097442626953, 16.331180572509766], [-14.152402877807617, 16.32207679748535], [-14.150323867797852, 16.31950569152832], [-14.150609970092773, 16.317447662353516], [-14.146470069885254, 16.314512252807617]]}, "properties": {"name": "Doue", "type": "Main river", "couleur": "#1565C0"}}, {"type": "Feature", "geometry": {"type": "LineString", "coordinates": [[-14.115026473999023, 16.32492446899414], [-14.120824813842773, 16.3209228515625], [-14.128911018371582, 16.320642471313477], [-14.131804466247559, 16.318870544433594], [-14.130743026733398, 16.313570022583008], [-14.13741397857666, 16.31279945373535], [-14.138460159301758, 16.31878662109375], [-14.143759727478027, 16.325786590576172], [-14.149465560913086, 16.325681686401367], [-14.145358085632324, 16.318479537963867], [-14.146470069885254, 16.314512252807617]]}, "properties": {"name": "Temporary stream", "type": "Temporary stream", "couleur": "#90CAF9"}}, {"type": "Feature", "geometry": {"type": "LineString", "coordinates": [[-13.952371597290039, 16.310237884521484], [-13.954530715942383, 16.319005966186523], [-13.95616340637207, 16.3201904296875], [-13.960182189941406, 16.330608367919922], [-13.96716022491455, 16.336734771728516], [-13.98130989074707, 16.341188430786133], [-13.994193077087402, 16.348825454711914], [-14.003157615661621, 16.351552963256836], [-14.011748313903809, 16.350141525268555], [-14.021431922912598, 16.3526554107666], [-14.038175582885742, 16.37758445739746], [-14.044528007507324, 16.384258270263672], [-14.0502290725708, 16.390247344970703], [-14.054466247558594, 16.391948699951172], [-14.062820434570312, 16.4003963470459], [-14.071810722351074, 16.41206932067871], [-14.077160835266113, 16.417007446289062], [-14.09689712524414, 16.426855087280273], [-14.101080894470215, 16.430849075317383], [-14.107909202575684, 16.443620681762695], [-14.114194869995117, 16.44926643371582], [-14.121061325073242, 16.450565338134766], [-14.129491806030273, 16.456029891967773], [-14.132121086120605, 16.465496063232422], [-14.129942893981934, 16.46896743774414], [-14.125445365905762, 16.476133346557617], [-14.127277374267578, 16.479156494140625], [-14.135132789611816, 16.478870391845703], [-14.142605781555176, 16.474674224853516], [-14.1449613571167, 16.475645065307617], [-14.150559425354004, 16.480356216430664], [-14.162552833557129, 16.4962215423584], [-14.165372848510742, 16.49765968322754]]}, "properties": {"name": "Senegal", "type": "Main river", "couleur": "#1565C0"}}, {"type": "Feature", "geometry": {"type": "LineString", "coordinates": [[-16.360675811767578, 16.297414779663086], [-16.361783981323242, 16.30522346496582], [-16.36050033569336, 16.31484603881836], [-16.35492515563965, 16.326034545898438], [-16.350839614868164, 16.330585479736328], [-16.346328735351562, 16.330312728881836], [-16.343734741210938, 16.328454971313477], [-16.33841896057129, 16.313724517822266], [-16.33251190185547, 16.31045913696289], [-16.331369400024414, 16.306089401245117], [-16.33378791809082, 16.301753997802734], [-16.33505630493164, 16.293737411499023], [-16.349872589111328, 16.284929275512695], [-16.360675811767578, 16.297414779663086]]}, "properties": {"name": "Senegal", "type": "Main river", "couleur": "#1565C0"}}, {"type": "Feature", "geometry": {"type": "LineString", "coordinates": [[-14.199554443359375, 16.511022567749023], [-14.197955131530762, 16.508235931396484], [-14.189470291137695, 16.504838943481445], [-14.164131164550781, 16.489831924438477], [-14.15995979309082, 16.485151290893555], [-14.154735565185547, 16.47471046447754], [-14.14608097076416, 16.468555450439453], [-14.137182235717773, 16.472719192504883], [-14.134092330932617, 16.472652435302734], [-14.139616012573242, 16.46038246154785], [-14.134560585021973, 16.45292854309082], [-14.114569664001465, 16.443538665771484], [-14.113882064819336, 16.442792892456055], [-14.111324310302734, 16.440025329589844], [-14.104772567749023, 16.4256534576416], [-14.100825309753418, 16.42166519165039], [-14.085959434509277, 16.416975021362305], [-14.080801963806152, 16.413877487182617], [-14.059081077575684, 16.387922286987305], [-14.049025535583496, 16.38104248046875], [-14.040192604064941, 16.372812271118164], [-14.034477233886719, 16.363506317138672], [-14.030475616455078, 16.35182762145996], [-14.0289306640625, 16.347318649291992], [-14.025909423828125, 16.344497680664062], [-14.00639820098877, 16.34543228149414], [-13.995979309082031, 16.34381866455078], [-13.980993270874023, 16.33475685119629], [-13.97181510925293, 16.331104278564453], [-13.966019630432129, 16.32523536682129], [-13.95820140838623, 16.31473159790039], [-13.956884384155273, 16.31034278869629], [-13.957891464233398, 16.30807113647461], [-13.985223770141602, 16.30777931213379], [-13.987955093383789, 16.303024291992188], [-13.987727165222168, 16.301347732543945], [-13.985139846801758, 16.282310485839844], [-13.98154354095459, 16.273969650268555]]}, "properties": {"name": "Senegal", "type": "Main river", "couleur": "#1565C0"}}, {"type": "Feature", "geometry": {"type": "LineString", "coordinates": [[-14.075162887573242, 16.322431564331055], [-14.067314147949219, 16.322715759277344], [-14.056528091430664, 16.31673812866211], [-14.043983459472656, 16.304983139038086], [-14.043122291564941, 16.301294326782227], [-14.049275398254395, 16.292484283447266], [-14.042976379394531, 16.28775405883789], [-14.025532722473145, 16.28208351135254], [-14.014521598815918, 16.285505294799805], [-13.997633934020996, 16.28626823425293], [-13.995157241821289, 16.280704498291016], [-13.99423599243164, 16.269901275634766], [-13.99024486541748, 16.267974853515625], [-13.989160537719727, 16.2680721282959], [-13.986197471618652, 16.268341064453125], [-13.98154354095459, 16.273969650268555]]}, "properties": {"name": "Temporary stream", "type": "Temporary stream", "couleur": "#90CAF9"}}, {"type": "Feature", "geometry": {"type": "LineString", "coordinates": [[-14.046454429626465, 16.26190757751465], [-14.057918548583984, 16.28877830505371], [-14.05978012084961, 16.29042625427246], [-14.074490547180176, 16.291213989257812], [-14.077258110046387, 16.29471778869629], [-14.083321571350098, 16.309307098388672], [-14.079560279846191, 16.317481994628906], [-14.075162887573242, 16.322431564331055]]}, "properties": {"name": "Temporary stream", "type": "Temporary stream", "couleur": "#90CAF9"}}, {"type": "Feature", "geometry": {"type": "LineString", "coordinates": [[-14.146470069885254, 16.314512252807617], [-14.141096115112305, 16.307832717895508], [-14.134328842163086, 16.302637100219727], [-14.128124237060547, 16.293781280517578], [-14.121601104736328, 16.288360595703125], [-14.116388320922852, 16.28778648376465], [-14.112550735473633, 16.289308547973633], [-14.099209785461426, 16.30071258544922], [-14.095664978027344, 16.299945831298828], [-14.094796180725098, 16.296485900878906], [-14.096728324890137, 16.28528594970703], [-14.09568977355957, 16.279067993164062], [-14.092928886413574, 16.27533531188965], [-14.079731941223145, 16.270912170410156], [-14.069986343383789, 16.271154403686523], [-14.06444263458252, 16.274471282958984], [-14.059494972229004, 16.271718978881836], [-14.056706428527832, 16.27016830444336], [-14.05490779876709, 16.2659969329834], [-14.055014610290527, 16.25177574157715], [-14.053712844848633, 16.246700286865234], [-14.045144081115723, 16.247425079345703], [-14.043834686279297, 16.25244140625], [-14.046454429626465, 16.26190757751465]]}, "properties": {"name": "Doue", "type": "Main river", "couleur": "#1565C0"}}, {"type": "Feature", "geometry": {"type": "LineString", "coordinates": [[-16.357479095458984, 16.332021713256836], [-16.368188858032227, 16.30620002746582], [-16.364517211914062, 16.29332160949707], [-16.352794647216797, 16.27784538269043], [-16.351438522338867, 16.270952224731445], [-16.36322593688965, 16.25592041015625], [-16.371021270751953, 16.23626708984375], [-16.38274383544922, 16.22119903564453], [-16.384489059448242, 16.218957901000977], [-16.392370223999023, 16.21421241760254], [-16.39995765686035, 16.21519660949707], [-16.40821647644043, 16.22054672241211], [-16.41368293762207, 16.219907760620117], [-16.432037353515625, 16.212270736694336], [-16.435632705688477, 16.2088623046875], [-16.447458267211914, 16.188322067260742]]}, "properties": {"name": "Senegal", "type": "Main river", "couleur": "#1565C0"}}, {"type": "Feature", "geometry": {"type": "LineString", "coordinates": [[-16.45134162902832, 16.179410934448242], [-16.447458267211914, 16.188322067260742]]}, "properties": {"name": "Senegal", "type": "Main river", "couleur": "#1565C0"}}, {"type": "Feature", "geometry": {"type": "LineString", "coordinates": [[-14.046454429626465, 16.26190757751465], [-14.0393705368042, 16.260141372680664], [-14.034079551696777, 16.25313949584961], [-14.037008285522461, 16.240129470825195], [-14.04019546508789, 16.23607063293457], [-14.043766975402832, 16.235692977905273], [-14.044042587280273, 16.234092712402344], [-14.05243968963623, 16.23061180114746], [-14.053936958312988, 16.227663040161133], [-14.052103996276855, 16.224868774414062], [-14.043089866638184, 16.224435806274414], [-14.035832405090332, 16.220142364501953], [-14.015643119812012, 16.20087432861328], [-14.007150650024414, 16.19861602783203], [-13.99925708770752, 16.200960159301758], [-13.991218566894531, 16.20818519592285], [-13.989300727844238, 16.209909439086914], [-13.984457969665527, 16.204063415527344], [-13.975175857543945, 16.185728073120117], [-13.968920707702637, 16.17938995361328], [-13.958114624023438, 16.17478370666504], [-13.945832252502441, 16.172204971313477], [-13.937522888183594, 16.172243118286133], [-13.936544418334961, 16.17336654663086]]}, "properties": {"name": "Doue", "type": "Main river", "couleur": "#1565C0"}}, {"type": "Feature", "geometry": {"type": "LineString", "coordinates": [[-16.444169998168945, 16.159626007080078], [-16.44585609436035, 16.18211555480957], [-16.43549919128418, 16.197851181030273], [-16.427637100219727, 16.200763702392578], [-16.419031143188477, 16.206880569458008], [-16.412546157836914, 16.214622497558594], [-16.409215927124023, 16.215280532836914], [-16.39883804321289, 16.20830726623535], [-16.39218521118164, 16.208934783935547], [-16.38287925720215, 16.213666915893555], [-16.364761352539062, 16.23065185546875], [-16.36107063293457, 16.234111785888672], [-16.359466552734375, 16.25198745727539], [-16.3528995513916, 16.264148712158203], [-16.34813117980957, 16.269315719604492], [-16.344919204711914, 16.28167152404785], [-16.3310546875, 16.290258407592773], [-16.32772445678711, 16.314083099365234], [-16.336891174316406, 16.323802947998047], [-16.33987808227539, 16.333694458007812], [-16.33482551574707, 16.337892532348633], [-16.326221466064453, 16.34503746032715], [-16.32427406311035, 16.349605560302734]]}, "properties": {"name": "Senegal", "type": "Main river", "couleur": "#1565C0"}}, {"type": "Feature", "geometry": {"type": "LineString", "coordinates": [[-16.450632095336914, 16.153947830200195], [-16.44988250732422, 16.157840728759766], [-16.45134162902832, 16.179410934448242]]}, "properties": {"name": "Senegal", "type": "Main river", "couleur": "#1565C0"}}, {"type": "Feature", "geometry": {"type": "LineString", "coordinates": [[-16.452817916870117, 16.148462295532227], [-16.450632095336914, 16.153947830200195]]}, "properties": {"name": "Senegal", "type": "Main river", "couleur": "#1565C0"}}, {"type": "Feature", "geometry": {"type": "LineString", "coordinates": [[-13.715547561645508, 16.18072509765625], [-13.72524356842041, 16.173160552978516], [-13.738032341003418, 16.156267166137695], [-13.745336532592773, 16.14933204650879], [-13.762797355651855, 16.144250869750977], [-13.788460731506348, 16.14326286315918]]}, "properties": {"name": "Senegal", "type": "Main river", "couleur": "#1565C0"}}, {"type": "Feature", "geometry": {"type": "LineString", "coordinates": [[-13.81814193725586, 16.133649826049805], [-13.814264297485352, 16.136770248413086], [-13.805403709411621, 16.139768600463867], [-13.788460731506348, 16.14326286315918]]}, "properties": {"name": "Senegal", "type": "Main river", "couleur": "#1565C0"}}, {"type": "Feature", "geometry": {"type": "LineString", "coordinates": [[-13.952371597290039, 16.310237884521484], [-13.951496124267578, 16.307235717773438], [-13.954414367675781, 16.304548263549805], [-13.959927558898926, 16.302610397338867], [-13.97890853881836, 16.303735733032227], [-13.981554985046387, 16.302419662475586], [-13.982889175415039, 16.296483993530273], [-13.977688789367676, 16.276174545288086], [-13.958868980407715, 16.27826690673828], [-13.948089599609375, 16.27228355407715], [-13.945372581481934, 16.266942977905273], [-13.957267761230469, 16.256664276123047], [-13.961311340332031, 16.243698120117188], [-13.965010643005371, 16.231836318969727], [-13.9649658203125, 16.224035263061523], [-13.96165943145752, 16.223270416259766], [-13.945245742797852, 16.233903884887695], [-13.939248085021973, 16.23628807067871], [-13.935687065124512, 16.2362060546875], [-13.925623893737793, 16.23023796081543], [-13.915608406066895, 16.231840133666992], [-13.911863327026367, 16.22968864440918], [-13.910079002380371, 16.22505760192871], [-13.911426544189453, 16.218666076660156], [-13.908212661743164, 16.20482635498047], [-13.902487754821777, 16.196434020996094], [-13.896641731262207, 16.192855834960938], [-13.890615463256836, 16.19441032409668], [-13.882779121398926, 16.196430206298828], [-13.877077102661133, 16.19652557373047], [-13.872603416442871, 16.195043563842773], [-13.867308616638184, 16.188495635986328], [-13.866068840026855, 16.182514190673828], [-13.866917610168457, 16.176950454711914], [-13.871426582336426, 16.16657066345215], [-13.872567176818848, 16.159027099609375], [-13.86998176574707, 16.148643493652344], [-13.862166404724121, 16.138593673706055], [-13.858610153198242, 16.129104614257812], [-13.848965644836426, 16.12566566467285]]}, "properties": {"name": "Senegal", "type": "Main river", "couleur": "#1565C0"}}, {"type": "Feature", "geometry": {"type": "LineString", "coordinates": [[-13.847138404846191, 16.12286949157715], [-13.848965644836426, 16.12566566467285]]}, "properties": {"name": "Temporary stream", "type": "Temporary stream", "couleur": "#90CAF9"}}, {"type": "Feature", "geometry": {"type": "LineString", "coordinates": [[-13.898323059082031, 16.11673355102539], [-13.901534080505371, 16.12116813659668], [-13.923746109008789, 16.134531021118164], [-13.929442405700684, 16.144067764282227], [-13.930288314819336, 16.148218154907227], [-13.927143096923828, 16.160072326660156], [-13.931901931762695, 16.169130325317383], [-13.936544418334961, 16.17336654663086]]}, "properties": {"name": "Doue", "type": "Main river", "couleur": "#1565C0"}}, {"type": "Feature", "geometry": {"type": "LineString", "coordinates": [[-13.851787567138672, 16.108068466186523], [-13.852005004882812, 16.118167877197266], [-13.862730026245117, 16.125761032104492], [-13.86655330657959, 16.134109497070312], [-13.87507438659668, 16.1444034576416], [-13.877537727355957, 16.159603118896484], [-13.876409530639648, 16.16668701171875], [-13.872466087341309, 16.172698974609375], [-13.870723724365234, 16.18039321899414], [-13.87417221069336, 16.189346313476562], [-13.878396987915039, 16.191280364990234], [-13.898661613464355, 16.188085556030273], [-13.907187461853027, 16.19255828857422], [-13.908269882202148, 16.193126678466797], [-13.913920402526855, 16.204500198364258], [-13.915299415588379, 16.21577262878418], [-13.913737297058105, 16.221242904663086], [-13.915266990661621, 16.22655487060547], [-13.924325942993164, 16.225160598754883], [-13.93323040008545, 16.229955673217773], [-13.93844223022461, 16.230533599853516], [-13.963480949401855, 16.216888427734375], [-13.96884822845459, 16.22068214416504], [-13.971933364868164, 16.230388641357422], [-13.967061042785645, 16.251502990722656], [-13.966877937316895, 16.252296447753906], [-13.953704833984375, 16.266218185424805], [-13.952913284301758, 16.269411087036133], [-13.9568510055542, 16.27340316772461], [-13.963969230651855, 16.27379608154297], [-13.97874641418457, 16.271841049194336], [-13.98154354095459, 16.273969650268555]]}, "properties": {"name": "Senegal", "type": "Main river", "couleur": "#1565C0"}}, {"type": "Feature", "geometry": {"type": "LineString", "coordinates": [[-16.444169998168945, 16.159626007080078], [-16.436613082885742, 16.15566062927246], [-16.429027557373047, 16.15467643737793], [-16.424558639526367, 16.150508880615234], [-16.413816452026367, 16.13229751586914], [-16.414352416992188, 16.12588119506836], [-16.41748809814453, 16.120634078979492], [-16.436355590820312, 16.107955932617188]]}, "properties": {"name": "Temporary stream", "type": "Temporary stream", "couleur": "#90CAF9"}}, {"type": "Feature", "geometry": {"type": "LineString", "coordinates": [[-16.444169998168945, 16.159626007080078], [-16.446382522583008, 16.15138816833496], [-16.442298889160156, 16.131629943847656], [-16.44643211364746, 16.121116638183594], [-16.436355590820312, 16.107955932617188]]}, "properties": {"name": "Temporary stream", "type": "Temporary stream", "couleur": "#90CAF9"}}, {"type": "Feature", "geometry": {"type": "LineString", "coordinates": [[-13.847138404846191, 16.12286949157715], [-13.845070838928223, 16.110891342163086], [-13.839946746826172, 16.107099533081055], [-13.832478523254395, 16.12068748474121], [-13.81814193725586, 16.133649826049805]]}, "properties": {"name": "Senegal", "type": "Main river", "couleur": "#1565C0"}}, {"type": "Feature", "geometry": {"type": "LineString", "coordinates": [[-16.139007568359375, 16.175283432006836], [-16.152740478515625, 16.157306671142578], [-16.15582275390625, 16.157567977905273], [-16.15608024597168, 16.155736923217773], [-16.163230895996094, 16.153059005737305], [-16.173187255859375, 16.154077529907227], [-16.180328369140625, 16.15231704711914], [-16.188335418701172, 16.157901763916016], [-16.205785751342773, 16.146381378173828], [-16.20744514465332, 16.14662742614746], [-16.207225799560547, 16.145021438598633], [-16.219940185546875, 16.13253402709961], [-16.22673988342285, 16.117704391479492], [-16.231061935424805, 16.113380432128906], [-16.23287582397461, 16.113218307495117], [-16.240324020385742, 16.1125545501709], [-16.246553421020508, 16.106882095336914]]}, "properties": {"name": "Temporary stream", "type": "Temporary stream", "couleur": "#90CAF9"}}, {"type": "Feature", "geometry": {"type": "LineString", "coordinates": [[-13.936544418334961, 16.17336654663086], [-13.9295654296875, 16.177104949951172], [-13.92346477508545, 16.174211502075195], [-13.922110557556152, 16.17142677307129], [-13.916253089904785, 16.16830825805664], [-13.911447525024414, 16.16108512878418], [-13.912322044372559, 16.154682159423828], [-13.909439086914062, 16.14658546447754], [-13.908928871154785, 16.1385440826416], [-13.898866653442383, 16.13280487060547], [-13.893318176269531, 16.12693977355957], [-13.888325691223145, 16.127281188964844], [-13.882603645324707, 16.11888885498047], [-13.87769889831543, 16.11579132080078], [-13.873968124389648, 16.103775024414062], [-13.858046531677246, 16.10454750061035], [-13.857298851013184, 16.107316970825195], [-13.857000350952148, 16.108421325683594], [-13.851787567138672, 16.108068466186523]]}, "properties": {"name": "Temporary stream", "type": "Temporary stream", "couleur": "#90CAF9"}}, {"type": "Feature", "geometry": {"type": "LineString", "coordinates": [[-13.842690467834473, 16.10188865661621], [-13.846946716308594, 16.102449417114258], [-13.852076530456543, 16.10601234436035], [-13.851787567138672, 16.108068466186523]]}, "properties": {"name": "Temporary stream", "type": "Temporary stream", "couleur": "#90CAF9"}}, {"type": "Feature", "geometry": {"type": "LineString", "coordinates": [[-13.837015151977539, 16.10106658935547], [-13.842690467834473, 16.10188865661621]]}, "properties": {"name": "Temporary stream", "type": "Temporary stream", "couleur": "#90CAF9"}}, {"type": "Feature", "geometry": {"type": "LineString", "coordinates": [[-16.452817916870117, 16.148462295532227], [-16.45049476623535, 16.14316749572754], [-16.449857711791992, 16.135364532470703], [-16.454713821411133, 16.12371063232422], [-16.454509735107422, 16.120038986206055], [-16.44251251220703, 16.10915756225586], [-16.44135284423828, 16.106164932250977], [-16.443050384521484, 16.10228157043457], [-16.45142364501953, 16.097301483154297]]}, "properties": {"name": "Senegal", "type": "Main river", "couleur": "#1565C0"}}, {"type": "Feature", "geometry": {"type": "LineString", "coordinates": [[-13.471487998962402, 16.136964797973633], [-13.48145866394043, 16.14548110961914], [-13.485716819763184, 16.14604949951172], [-13.506068229675293, 16.131202697753906], [-13.513497352600098, 16.128639221191406], [-13.527298927307129, 16.12738609313965], [-13.5499267578125, 16.13323974609375], [-13.565774917602539, 16.13524627685547], [-13.576699256896973, 16.13506507873535], [-13.589676856994629, 16.12919807434082], [-13.590482711791992, 16.128679275512695], [-13.609243392944336, 16.116613388061523], [-13.621700286865234, 16.112337112426758], [-13.628707885742188, 16.107694625854492], [-13.63685131072998, 16.104915618896484], [-13.653860092163086, 16.107860565185547], [-13.661286354064941, 16.10529136657715], [-13.67723274230957, 16.094675064086914], [-13.684553146362305, 16.09600257873535], [-13.691291809082031, 16.101444244384766], [-13.701367378234863, 16.114458084106445], [-13.707586288452148, 16.12248992919922], [-13.711881637573242, 16.130624771118164], [-13.713184356689453, 16.135244369506836], [-13.708928108215332, 16.143627166748047], [-13.699135780334473, 16.154857635498047], [-13.697542190551758, 16.161243438720703], [-13.697774887084961, 16.170425415039062], [-13.700981140136719, 16.174861907958984], [-13.707972526550293, 16.179851531982422], [-13.715547561645508, 16.18072509765625]]}, "properties": {"name": "Senegal", "type": "Main river", "couleur": "#1565C0"}}, {"type": "Feature", "geometry": {"type": "LineString", "coordinates": [[-13.842690467834473, 16.10188865661621], [-13.84125804901123, 16.09290885925293]]}, "properties": {"name": "Temporary stream", "type": "Temporary stream", "couleur": "#90CAF9"}}, {"type": "Feature", "geometry": {"type": "LineString", "coordinates": [[-13.837015151977539, 16.10106658935547], [-13.833369255065918, 16.104421615600586], [-13.82683277130127, 16.118717193603516], [-13.8200044631958, 16.12589454650879], [-13.802409172058105, 16.13625717163086], [-13.755094528198242, 16.139245986938477], [-13.748368263244629, 16.142295837402344], [-13.729415893554688, 16.156124114990234], [-13.727070808410645, 16.157835006713867], [-13.718854904174805, 16.172317504882812], [-13.714262962341309, 16.175416946411133], [-13.707174301147461, 16.174097061157227], [-13.702106475830078, 16.168237686157227], [-13.702725410461426, 16.16274642944336], [-13.717333793640137, 16.139934539794922], [-13.718932151794434, 16.133319854736328], [-13.71837043762207, 16.12757110595703], [-13.71427059173584, 16.121047973632812], [-13.703163146972656, 16.1102237701416], [-13.693085670471191, 16.0964412689209], [-13.69119644165039, 16.09552574157715], [-13.68511962890625, 16.092575073242188], [-13.67543888092041, 16.090730667114258], [-13.668773651123047, 16.09148406982422], [-13.655437469482422, 16.10216522216797], [-13.649682998657227, 16.10431671142578], [-13.635764122009277, 16.10121726989746], [-13.628637313842773, 16.101497650146484], [-13.580007553100586, 16.126888275146484], [-13.573500633239746, 16.129146575927734], [-13.571380615234375, 16.1298828125], [-13.54438304901123, 16.127592086791992], [-13.528148651123047, 16.12236213684082], [-13.51441764831543, 16.121091842651367], [-13.51059627532959, 16.121912002563477], [-13.483715057373047, 16.14118003845215], [-13.476938247680664, 16.1373348236084], [-13.474687576293945, 16.132917404174805], [-13.476192474365234, 16.129974365234375], [-13.491493225097656, 16.124038696289062], [-13.501147270202637, 16.12029266357422], [-13.509657859802246, 16.11294174194336], [-13.515122413635254, 16.104135513305664], [-13.516510009765625, 16.096830368041992]]}, "properties": {"name": "Senegal", "type": "Main river", "couleur": "#1565C0"}}, {"type": "Feature", "geometry": {"type": "LineString", "coordinates": [[-13.514098167419434, 16.089656829833984], [-13.516803741455078, 16.094772338867188], [-13.516510009765625, 16.096830368041992]]}, "properties": {"name": "Temporary stream", "type": "Temporary stream", "couleur": "#90CAF9"}}, {"type": "Feature", "geometry": {"type": "LineString", "coordinates": [[-13.784879684448242, 16.089038848876953], [-13.793073654174805, 16.093364715576172], [-13.807456970214844, 16.096921920776367], [-13.813980102539062, 16.101665496826172], [-13.821320533752441, 16.102298736572266], [-13.830462455749512, 16.097469329833984], [-13.837015151977539, 16.10106658935547]]}, "properties": {"name": "Temporary stream", "type": "Temporary stream", "couleur": "#90CAF9"}}, {"type": "Feature", "geometry": {"type": "LineString", "coordinates": [[-16.458736419677734, 16.085559844970703], [-16.45637321472168, 16.08574867248535], [-16.453083038330078, 16.08976173400879], [-16.45077133178711, 16.09258270263672], [-16.45142364501953, 16.097301483154297]]}, "properties": {"name": "Senegal", "type": "Main river", "couleur": "#1565C0"}}, {"type": "Feature", "geometry": {"type": "LineString", "coordinates": [[-16.409526824951172, 16.08524513244629], [-16.409032821655273, 16.087305068969727], [-16.397125244140625, 16.09201431274414], [-16.3920955657959, 16.096786499023438], [-16.377613067626953, 16.097801208496094], [-16.36853790283203, 16.103910446166992], [-16.362348556518555, 16.105918884277344], [-16.360240936279297, 16.103147506713867], [-16.363571166992188, 16.10226058959961], [-16.364561080932617, 16.098140716552734], [-16.361783981323242, 16.091007232666016], [-16.35845947265625, 16.091434478759766], [-16.349512100219727, 16.108322143554688], [-16.342880249023438, 16.130735397338867], [-16.339509963989258, 16.135520935058594], [-16.336347579956055, 16.137706756591797], [-16.33066749572754, 16.141630172729492], [-16.308486938476562, 16.15220069885254], [-16.299633026123047, 16.15922737121582], [-16.290863037109375, 16.180931091308594], [-16.286027908325195, 16.18937110900879], [-16.276931762695312, 16.196622848510742], [-16.264543533325195, 16.200632095336914], [-16.257375717163086, 16.204919815063477], [-16.251108169555664, 16.213802337646484], [-16.246334075927734, 16.216279983520508], [-16.24586296081543, 16.21955680847168], [-16.2437686920166, 16.23414421081543], [-16.238237380981445, 16.240741729736328], [-16.226520538330078, 16.248193740844727], [-16.216184616088867, 16.259559631347656], [-16.207847595214844, 16.261770248413086], [-16.20758819580078, 16.263832092285156], [-16.1979923248291, 16.272680282592773], [-16.19324493408203, 16.272403717041016], [-16.18876838684082, 16.269145965576172], [-16.184965133666992, 16.269336700439453], [-16.178028106689453, 16.273853302001953], [-16.173755645751953, 16.27358055114746], [-16.14923667907715, 16.27837371826172], [-16.148345947265625, 16.278738021850586], [-16.1361141204834, 16.283742904663086], [-16.12749671936035, 16.289386749267578], [-16.116130828857422, 16.306928634643555], [-16.12036895751953, 16.310415267944336], [-16.121517181396484, 16.313867568969727], [-16.11872100830078, 16.329666137695312], [-16.11461639404297, 16.335357666015625], [-16.112003326416016, 16.335329055786133], [-16.109329223632812, 16.340578079223633], [-16.106470108032227, 16.34123420715332], [-16.106687545776367, 16.34307289123535], [-16.102840423583984, 16.34693145751953], [-16.10080909729004, 16.358150482177734], [-16.09150505065918, 16.36126136779785], [-16.08571434020996, 16.368770599365234]]}, "properties": {"name": "Temporary stream", "type": "Temporary stream", "couleur": "#90CAF9"}}, {"type": "Feature", "geometry": {"type": "LineString", "coordinates": [[-13.898323059082031, 16.11673355102539], [-13.891437530517578, 16.107397079467773], [-13.876715660095215, 16.09833526611328], [-13.867485046386719, 16.088024139404297], [-13.860475540161133, 16.083730697631836], [-13.85716724395752, 16.083192825317383], [-13.851365089416504, 16.087413787841797], [-13.848888397216797, 16.09148406982422], [-13.84125804901123, 16.09290885925293]]}, "properties": {"name": "Doue", "type": "Main river", "couleur": "#1565C0"}}, {"type": "Feature", "geometry": {"type": "LineString", "coordinates": [[-13.784879684448242, 16.089038848876953], [-13.784505844116211, 16.08513069152832], [-13.788169860839844, 16.081090927124023]]}, "properties": {"name": "Temporary stream", "type": "Temporary stream", "couleur": "#90CAF9"}}, {"type": "Feature", "geometry": {"type": "LineString", "coordinates": [[-13.84125804901123, 16.09290885925293], [-13.829177856445312, 16.0827579498291], [-13.818756103515625, 16.08205223083496], [-13.813931465148926, 16.085147857666016], [-13.809431076049805, 16.084810256958008], [-13.804330825805664, 16.080101013183594], [-13.792978286743164, 16.07868194580078], [-13.788169860839844, 16.081090927124023]]}, "properties": {"name": "Doue", "type": "Main river", "couleur": "#1565C0"}}, {"type": "Feature", "geometry": {"type": "LineString", "coordinates": [[-16.493383407592773, 16.073345184326172], [-16.484926223754883, 16.076814651489258], [-16.474655151367188, 16.075963973999023], [-16.472246170043945, 16.07976722717285], [-16.465078353881836, 16.085058212280273], [-16.458736419677734, 16.085559844970703]]}, "properties": {"name": "Senegal", "type": "Main river", "couleur": "#1565C0"}}, {"type": "Feature", "geometry": {"type": "LineString", "coordinates": [[-13.784879684448242, 16.089038848876953], [-13.76848030090332, 16.09002113342285], [-13.76200008392334, 16.092845916748047], [-13.758520126342773, 16.089780807495117], [-13.75651741027832, 16.084684371948242], [-13.746967315673828, 16.077800750732422], [-13.746808052062988, 16.07481575012207], [-13.749032974243164, 16.071428298950195]]}, "properties": {"name": "Temporary stream", "type": "Temporary stream", "couleur": "#90CAF9"}}, {"type": "Feature", "geometry": {"type": "LineString", "coordinates": [[-16.496227264404297, 16.070100784301758], [-16.494056701660156, 16.073068618774414], [-16.493383407592773, 16.073345184326172]]}, "properties": {"name": "Senegal", "type": "Main river", "couleur": "#1565C0"}}, {"type": "Feature", "geometry": {"type": "LineString", "coordinates": [[-13.516510009765625, 16.096830368041992], [-13.520965576171875, 16.098777770996094], [-13.52440357208252, 16.103225708007812], [-13.53060245513916, 16.102235794067383], [-13.534466743469238, 16.091094970703125], [-13.538541793823242, 16.08959197998047], [-13.54803466796875, 16.0896053314209], [-13.555723190307617, 16.086130142211914], [-13.554488182067871, 16.07921600341797], [-13.556927680969238, 16.07675552368164], [-13.562837600708008, 16.077592849731445], [-13.562955856323242, 16.081954956054688], [-13.566893577575684, 16.085494995117188], [-13.570425033569336, 16.086502075195312], [-13.575517654418945, 16.082502365112305], [-13.580721855163574, 16.083091735839844], [-13.5936861038208, 16.095117568969727], [-13.59849739074707, 16.092714309692383], [-13.60119915008545, 16.08934211730957], [-13.60173511505127, 16.087060928344727], [-13.6001558303833, 16.08403968811035], [-13.60293960571289, 16.082561492919922], [-13.6038236618042, 16.080001831054688], [-13.601763725280762, 16.077198028564453], [-13.608752250671387, 16.073244094848633], [-13.611702919006348, 16.069419860839844]]}, "properties": {"name": "Temporary stream", "type": "Temporary stream", "couleur": "#90CAF9"}}, {"type": "Feature", "geometry": {"type": "LineString", "coordinates": [[-16.436355590820312, 16.107955932617188], [-16.436168670654297, 16.10245132446289], [-16.44319725036621, 16.086917877197266], [-16.447521209716797, 16.081222534179688], [-16.460617065429688, 16.076061248779297], [-16.463972091674805, 16.072420120239258], [-16.462331771850586, 16.070112228393555], [-16.45024871826172, 16.068632125854492], [-16.44691276550293, 16.070209503173828], [-16.440671920776367, 16.077951431274414], [-16.42881202697754, 16.077848434448242], [-16.412370681762695, 16.085500717163086], [-16.409526824951172, 16.08524513244629]]}, "properties": {"name": "Senegal", "type": "Main river", "couleur": "#1565C0"}}, {"type": "Feature", "geometry": {"type": "LineString", "coordinates": [[-16.49929428100586, 16.065906524658203], [-16.496227264404297, 16.070100784301758]]}, "properties": {"name": "Senegal", "type": "Main river", "couleur": "#1565C0"}}, {"type": "Feature", "geometry": {"type": "LineString", "coordinates": [[-13.788169860839844, 16.081090927124023], [-13.779271125793457, 16.07651710510254], [-13.774879455566406, 16.072053909301758], [-13.761299133300781, 16.065073013305664], [-13.759110450744629, 16.06708526611328], [-13.754155158996582, 16.06604766845703], [-13.75223445892334, 16.066917419433594], [-13.749032974243164, 16.071428298950195]]}, "properties": {"name": "Doue", "type": "Main river", "couleur": "#1565C0"}}, {"type": "Feature", "geometry": {"type": "LineString", "coordinates": [[-16.501596450805664, 16.062822341918945], [-16.49929428100586, 16.065906524658203]]}, "properties": {"name": "Senegal", "type": "Main river", "couleur": "#1565C0"}}, {"type": "Feature", "geometry": {"type": "LineString", "coordinates": [[-16.490262985229492, 16.056928634643555], [-16.493383407592773, 16.073345184326172]]}, "properties": {"name": "Temporary stream", "type": "Temporary stream", "couleur": "#90CAF9"}}, {"type": "Feature", "geometry": {"type": "LineString", "coordinates": [[-16.458736419677734, 16.085559844970703], [-16.4600772857666, 16.082935333251953], [-16.46628761291504, 16.07840347290039], [-16.472795486450195, 16.06722068786621], [-16.48918342590332, 16.054420471191406], [-16.490262985229492, 16.056928634643555]]}, "properties": {"name": "Senegal", "type": "Main river", "couleur": "#1565C0"}}, {"type": "Feature", "geometry": {"type": "LineString", "coordinates": [[-16.49929428100586, 16.065906524658203], [-16.496915817260742, 16.0562801361084], [-16.494922637939453, 16.052871704101562], [-16.49429702758789, 16.059467315673828], [-16.496227264404297, 16.070100784301758]]}, "properties": {"name": "Senegal", "type": "Main river", "couleur": "#1565C0"}}, {"type": "Feature", "geometry": {"type": "LineString", "coordinates": [[-13.514098167419434, 16.089656829833984], [-13.509787559509277, 16.082433700561523], [-13.500492095947266, 16.075313568115234], [-13.492019653320312, 16.07280158996582], [-13.486078262329102, 16.073108673095703], [-13.477581977844238, 16.079999923706055], [-13.469047546386719, 16.096755981445312], [-13.463228225708008, 16.101192474365234], [-13.457555770874023, 16.100357055664062], [-13.454619407653809, 16.09500503540039], [-13.453690528869629, 16.085803985595703], [-13.449556350708008, 16.08087921142578], [-13.439526557922363, 16.07465362548828], [-13.423502922058105, 16.068450927734375], [-13.381082534790039, 16.052017211914062], [-13.378310203552246, 16.049421310424805], [-13.377070426940918, 16.042964935302734]]}, "properties": {"name": "Senegal", "type": "Main river", "couleur": "#1565C0"}}, {"type": "Feature", "geometry": {"type": "LineString", "coordinates": [[-13.749032974243164, 16.071428298950195], [-13.740076065063477, 16.06914710998535], [-13.736834526062012, 16.066085815429688], [-13.73257827758789, 16.065523147583008], [-13.73263168334961, 16.063459396362305], [-13.730996131896973, 16.062501907348633], [-13.716160774230957, 16.05824089050293], [-13.709259033203125, 16.0500431060791], [-13.69416332244873, 16.04669189453125], [-13.69075870513916, 16.04087257385254], [-13.685087203979492, 16.0400447845459], [-13.682456016540527, 16.040897369384766], [-13.683039665222168, 16.04572868347168], [-13.684892654418945, 16.047380447387695], [-13.684000015258789, 16.054241180419922], [-13.67891788482666, 16.058013916015625], [-13.670077323913574, 16.060319900512695], [-13.659717559814453, 16.057310104370117], [-13.653912544250488, 16.052579879760742], [-13.651713371276855, 16.05203628540039], [-13.64566421508789, 16.050539016723633], [-13.638745307922363, 16.051973342895508], [-13.637752532958984, 16.05355453491211], [-13.639071464538574, 16.057485580444336], [-13.637044906616211, 16.06348419189453], [-13.637367248535156, 16.067995071411133], [-13.6341552734375, 16.07273292541504], [-13.62590503692627, 16.07069206237793], [-13.623520851135254, 16.071090698242188], [-13.622760772705078, 16.072906494140625], [-13.611702919006348, 16.069419860839844]]}, "properties": {"name": "Doue", "type": "Main river", "couleur": "#1565C0"}}, {"type": "Feature", "geometry": {"type": "LineString", "coordinates": [[-16.485172271728516, 16.03705596923828], [-16.481719970703125, 16.051244735717773], [-16.477161407470703, 16.05694007873535], [-16.46929931640625, 16.06077003479004]]}, "properties": {"name": "Temporary stream", "type": "Temporary stream", "couleur": "#90CAF9"}}, {"type": "Feature", "geometry": {"type": "LineString", "coordinates": [[-16.41168212890625, 16.033897399902344], [-16.404661178588867, 16.04874038696289], [-16.39698028564453, 16.058073043823242], [-16.391632080078125, 16.071325302124023], [-16.392749786376953, 16.078445434570312], [-16.401220321655273, 16.08540153503418], [-16.409526824951172, 16.08524513244629]]}, "properties": {"name": "Temporary stream", "type": "Temporary stream", "couleur": "#90CAF9"}}, {"type": "Feature", "geometry": {"type": "LineString", "coordinates": [[-16.46929931640625, 16.06077003479004], [-16.46120262145996, 16.06414031982422], [-16.447921752929688, 16.063796997070312], [-16.44411277770996, 16.06536865234375], [-16.437393188476562, 16.073566436767578], [-16.424345016479492, 16.073680877685547], [-16.419084548950195, 16.077991485595703], [-16.41004180908203, 16.08089256286621], [-16.402935028076172, 16.079912185668945], [-16.39870262145996, 16.07597541809082], [-16.3975830078125, 16.06931495666504], [-16.39859390258789, 16.062904357910156], [-16.40413475036621, 16.05423927307129], [-16.412521362304688, 16.04537010192871], [-16.414705276489258, 16.040115356445312], [-16.41168212890625, 16.033897399902344]]}, "properties": {"name": "Temporary stream", "type": "Temporary stream", "couleur": "#90CAF9"}}, {"type": "Feature", "geometry": {"type": "LineString", "coordinates": [[-13.377070426940918, 16.042964935302734], [-13.383700370788574, 16.038829803466797], [-13.385906219482422, 16.033002853393555], [-13.389951705932617, 16.033506393432617], [-13.397089958190918, 16.039201736450195], [-13.399347305297852, 16.04515266418457], [-13.407879829406738, 16.04499626159668], [-13.420746803283691, 16.04927635192871], [-13.424980163574219, 16.04350471496582], [-13.434666633605957, 16.036449432373047], [-13.443181991577148, 16.0373592376709], [-13.451594352722168, 16.033449172973633], [-13.458494186401367, 16.032711029052734], [-13.459007263183594, 16.031347274780273]]}, "properties": {"name": "Doue", "type": "Main river", "couleur": "#1565C0"}}, {"type": "Feature", "geometry": {"type": "LineString", "coordinates": [[-13.514098167419434, 16.089656829833984], [-13.530190467834473, 16.074010848999023], [-13.530204772949219, 16.064834594726562], [-13.536039352416992, 16.059707641601562], [-13.543901443481445, 16.058530807495117], [-13.545842170715332, 16.056974411010742], [-13.54566764831543, 16.054676055908203], [-13.541481971740723, 16.05158805847168], [-13.528640747070312, 16.052637100219727], [-13.520975112915039, 16.046707153320312], [-13.5196533203125, 16.04300308227539], [-13.522892951965332, 16.037351608276367], [-13.522526741027832, 16.0334415435791], [-13.51591968536377, 16.03212547302246], [-13.490152359008789, 16.042341232299805], [-13.481138229370117, 16.04591178894043], [-13.477602005004883, 16.045133590698242], [-13.468835830688477, 16.036190032958984], [-13.459007263183594, 16.031347274780273]]}, "properties": {"name": "Temporary stream", "type": "Temporary stream", "couleur": "#90CAF9"}}, {"type": "Feature", "geometry": {"type": "LineString", "coordinates": [[-16.34391212463379, 16.02823829650879], [-16.341487884521484, 16.033489227294922], [-16.336217880249023, 16.038713455200195], [-16.322240829467773, 16.06036949157715], [-16.306154251098633, 16.07925033569336], [-16.300668716430664, 16.08218002319336], [-16.290800094604492, 16.09584617614746], [-16.287704467773438, 16.096961975097656], [-16.283334732055664, 16.1063232421875], [-16.272789001464844, 16.116540908813477], [-16.272769927978516, 16.118375778198242], [-16.26482582092285, 16.125701904296875], [-16.25455665588379, 16.135169982910156], [-16.25002098083496, 16.13764762878418], [-16.247652053833008, 16.13739585876465], [-16.24695587158203, 16.13578224182129], [-16.25301170349121, 16.12437629699707], [-16.271686553955078, 16.108503341674805], [-16.284189224243164, 16.09280014038086], [-16.298099517822266, 16.078256607055664], [-16.300785064697266, 16.07094383239746], [-16.30438995361328, 16.066390991210938], [-16.31224822998047, 16.06348419189453], [-16.30841827392578, 16.05983543395996], [-16.305200576782227, 16.0567684173584], [-16.300689697265625, 16.05718421936035], [-16.2680606842041, 16.09241485595703], [-16.246553421020508, 16.106882095336914]]}, "properties": {"name": "Temporary stream", "type": "Temporary stream", "couleur": "#90CAF9"}}, {"type": "Feature", "geometry": {"type": "LineString", "coordinates": [[-16.46929931640625, 16.06077003479004], [-16.46796989440918, 16.050668716430664], [-16.473064422607422, 16.038330078125], [-16.472227096557617, 16.026397705078125]]}, "properties": {"name": "Temporary stream", "type": "Temporary stream", "couleur": "#90CAF9"}}, {"type": "Feature", "geometry": {"type": "LineString", "coordinates": [[-16.485172271728516, 16.03705596923828], [-16.48162078857422, 16.036338806152344], [-16.4776611328125, 16.02850914001465], [-16.472227096557617, 16.026397705078125]]}, "properties": {"name": "Temporary stream", "type": "Temporary stream", "couleur": "#90CAF9"}}, {"type": "Feature", "geometry": {"type": "LineString", "coordinates": [[-13.459007263183594, 16.031347274780273], [-13.460281372070312, 16.028169631958008], [-13.459647178649902, 16.025400161743164], [-13.461613655090332, 16.02292823791504], [-13.48352336883545, 16.01982307434082], [-13.49200439453125, 16.013391494750977], [-13.496071815490723, 16.01211929321289], [-13.514079093933105, 16.01280975341797], [-13.526684761047363, 16.020244598388672], [-13.526108741760254, 16.02389907836914], [-13.539170265197754, 16.032032012939453], [-13.562355041503906, 16.052446365356445], [-13.564654350280762, 16.05447006225586], [-13.567724227905273, 16.05500602722168], [-13.573776245117188, 16.059289932250977], [-13.581487655639648, 16.054895401000977], [-13.59029769897461, 16.053741455078125], [-13.605392456054688, 16.05710220336914], [-13.609086036682129, 16.06086540222168], [-13.603795051574707, 16.063486099243164], [-13.606074333190918, 16.066984176635742], [-13.611702919006348, 16.069419860839844]]}, "properties": {"name": "Doue", "type": "Main river", "couleur": "#1565C0"}}, {"type": "Feature", "geometry": {"type": "LineString", "coordinates": [[-16.34391212463379, 16.02823829650879], [-16.33964729309082, 16.02796745300293], [-16.33320426940918, 16.03180694580078], [-16.325481414794922, 16.045034408569336], [-16.320228576660156, 16.048425674438477], [-16.31584930419922, 16.059162139892578], [-16.31158447265625, 16.05866241455078], [-16.306421279907227, 16.0533390045166], [-16.3052921295166, 16.04782485961914], [-16.308202743530273, 16.041662216186523], [-16.316593170166016, 16.03302764892578], [-16.31848907470703, 16.033044815063477], [-16.318504333496094, 16.03143882751465], [-16.32809066772461, 16.021669387817383], [-16.330463409423828, 16.021692276000977], [-16.33000373840332, 16.020082473754883], [-16.339616775512695, 16.007558822631836], [-16.336782455444336, 16.006385803222656], [-16.332286834716797, 16.011436462402344], [-16.318552017211914, 16.026853561401367], [-16.31308937072754, 16.027719497680664], [-16.306154251098633, 16.03338623046875], [-16.298200607299805, 16.04569435119629], [-16.288602828979492, 16.056150436401367], [-16.285993576049805, 16.056354522705078], [-16.27692413330078, 16.061542510986328], [-16.271167755126953, 16.067678451538086], [-16.256038665771484, 16.085189819335938], [-16.250473022460938, 16.095455169677734], [-16.24795913696289, 16.102781295776367], [-16.246553421020508, 16.106882095336914]]}, "properties": {"name": "Temporary stream", "type": "Temporary stream", "couleur": "#90CAF9"}}, {"type": "Feature", "geometry": {"type": "LineString", "coordinates": [[-13.372455596923828, 16.004995346069336], [-13.374616622924805, 16.012392044067383], [-13.37484359741211, 16.021114349365234], [-13.369739532470703, 16.042083740234375], [-13.37094783782959, 16.049686431884766], [-13.373899459838867, 16.054351806640625], [-13.403448104858398, 16.066598892211914], [-13.433996200561523, 16.07726287841797], [-13.435633659362793, 16.078380584716797], [-13.443077087402344, 16.083463668823242], [-13.446524620056152, 16.087453842163086], [-13.45274829864502, 16.10252571105957], [-13.45760726928711, 16.107011795043945], [-13.464991569519043, 16.106056213378906], [-13.470779418945312, 16.102764129638672], [-13.481685638427734, 16.086071014404297], [-13.488503456115723, 16.079822540283203], [-13.497026443481445, 16.080501556396484], [-13.507476806640625, 16.08879852294922], [-13.51154899597168, 16.09601402282715], [-13.51121711730957, 16.09944725036621], [-13.505983352661133, 16.108488082885742], [-13.503179550170898, 16.11065673828125], [-13.49191665649414, 16.119367599487305], [-13.478306770324707, 16.122228622436523], [-13.47109603881836, 16.125484466552734], [-13.468314170837402, 16.13160514831543], [-13.471487998962402, 16.136964797973633]]}, "properties": {"name": "Senegal", "type": "Main river", "couleur": "#1565C0"}}, {"type": "Feature", "geometry": {"type": "LineString", "coordinates": [[-15.920939445495605, 16.001325607299805], [-15.908456802368164, 16.01333236694336], [-15.906728744506836, 16.018587112426758], [-15.908219337463379, 16.031904220581055], [-15.91303825378418, 16.044574737548828], [-15.912723541259766, 16.050533294677734], [-15.907820701599121, 16.063087463378906], [-15.910646438598633, 16.064727783203125], [-15.914250373840332, 16.061100006103516], [-15.917464256286621, 16.050817489624023], [-15.9185152053833, 16.042804718017578], [-15.914270401000977, 16.0223445892334], [-15.916264533996582, 16.014572143554688], [-15.917142868041992, 16.013525009155273], [-15.924452781677246, 16.004806518554688], [-15.920939445495605, 16.001325607299805]]}, "properties": {"name": "Temporary stream", "type": "Temporary stream", "couleur": "#90CAF9"}}, {"type": "Feature", "geometry": {"type": "LineString", "coordinates": [[-15.914009094238281, 16.0000057220459], [-15.913835525512695, 16.00055503845215], [-15.905912399291992, 16.008258819580078], [-15.902018547058105, 16.016008377075195], [-15.900979995727539, 16.02310562133789], [-15.90424919128418, 16.045618057250977], [-15.90302562713623, 16.051591873168945], [-15.898422241210938, 16.05609703063965], [-15.894378662109375, 16.05696678161621], [-15.891315460205078, 16.05532455444336], [-15.891190528869629, 16.04660987854004], [-15.885952949523926, 16.048152923583984], [-15.88115406036377, 16.052452087402344], [-15.881601333618164, 16.054521560668945], [-15.898755073547363, 16.067110061645508], [-15.899888038635254, 16.071250915527344], [-15.898159980773926, 16.076505661010742], [-15.893814086914062, 16.082416534423828], [-15.893757820129395, 16.086772918701172], [-15.89512825012207, 16.090917587280273], [-15.902180671691895, 16.096046447753906], [-15.90519905090332, 16.10112762451172], [-15.90630054473877, 16.107789993286133], [-15.904788970947266, 16.114652633666992], [-15.900186538696289, 16.121936798095703], [-15.894874572753906, 16.126094818115234], [-15.873337745666504, 16.142946243286133], [-15.862038612365723, 16.154048919677734], [-15.851290702819824, 16.159194946289062], [-15.844159126281738, 16.160024642944336], [-15.836991310119629, 16.16360855102539], [-15.82353687286377, 16.17582893371582], [-15.821089744567871, 16.181303024291992], [-15.823223114013672, 16.18155860900879], [-15.826823234558105, 16.178621292114258], [-15.829915046691895, 16.178199768066406], [-15.830845832824707, 16.179588317871094], [-15.821043014526367, 16.199810028076172], [-15.81912899017334, 16.20375633239746], [-15.81981372833252, 16.205829620361328], [-15.827190399169922, 16.204544067382812], [-15.828350067138672, 16.206621170043945], [-15.82592487335205, 16.210491180419922], [-15.812514305114746, 16.21904182434082], [-15.805273056030273, 16.22789764404297], [-15.803768157958984, 16.233842849731445], [-15.802778244018555, 16.254474639892578], [-15.805761337280273, 16.262310028076172], [-15.803766250610352, 16.26939582824707], [-15.793560028076172, 16.286474227905273], [-15.794318199157715, 16.300704956054688], [-15.793540954589844, 16.302785873413086], [-15.792099952697754, 16.306642532348633], [-15.771206855773926, 16.340559005737305], [-15.77092170715332, 16.343997955322266], [-15.774398803710938, 16.3504638671875], [-15.781427383422852, 16.357892990112305], [-15.782071113586426, 16.362947463989258], [-15.781061172485352, 16.367294311523438], [-15.773564338684082, 16.376834869384766]]}, "properties": {"name": "Guiers lake", "type": "Main river", "couleur": "#1565C0"}}, {"type": "Feature", "geometry": {"type": "LineString", "coordinates": [[-15.927067756652832, 16.000011444091797], [-15.914009094238281, 16.0000057220459]]}, "properties": {"name": "Temporary stream", "type": "Temporary stream", "couleur": "#90CAF9"}}, {"type": "Feature", "geometry": {"type": "LineString", "coordinates": [[-16.51333236694336, 16.0], [-16.507658004760742, 16.0]]}, "properties": {"name": "Temporary stream", "type": "Temporary stream", "couleur": "#90CAF9"}}, {"type": "Feature", "geometry": {"type": "LineString", "coordinates": [[-16.501596450805664, 16.062822341918945], [-16.501541137695312, 16.062419891357422], [-16.50058364868164, 16.037416458129883], [-16.502817153930664, 16.0]]}, "properties": {"name": "Senegal", "type": "Main river", "couleur": "#1565C0"}}, {"type": "Feature", "geometry": {"type": "LineString", "coordinates": [[-16.485172271728516, 16.03705596923828], [-16.487834930419922, 16.031116485595703], [-16.49237823486328, 16.027027130126953], [-16.49385643005371, 16.02107810974121], [-16.491809844970703, 16.011430740356445], [-16.49353790283203, 16.003877639770508], [-16.492385864257812, 16.0]]}, "properties": {"name": "Senegal", "type": "Main river", "couleur": "#1565C0"}}, {"type": "Feature", "geometry": {"type": "LineString", "coordinates": [[-16.492385864257812, 16.0], [-16.5, 16.0], [-16.502687454223633, 16.0], [-16.502817153930664, 16.0]]}, "properties": {"name": "Temporary stream", "type": "Temporary stream", "couleur": "#90CAF9"}}, {"type": "Feature", "geometry": {"type": "LineString", "coordinates": [[-16.485620498657227, 16.0], [-16.48312759399414, 16.0]]}, "properties": {"name": "Temporary stream", "type": "Temporary stream", "couleur": "#90CAF9"}}, {"type": "Feature", "geometry": {"type": "LineString", "coordinates": [[-16.472227096557617, 16.026397705078125], [-16.473047256469727, 16.014711380004883], [-16.47074317932129, 16.007352828979492], [-16.47199821472168, 16.0]]}, "properties": {"name": "Temporary stream", "type": "Temporary stream", "couleur": "#90CAF9"}}, {"type": "Feature", "geometry": {"type": "LineString", "coordinates": [[-16.477174758911133, 16.0], [-16.47199821472168, 16.0]]}, "properties": {"name": "Temporary stream", "type": "Temporary stream", "couleur": "#90CAF9"}}, {"type": "Feature", "geometry": {"type": "LineString", "coordinates": [[-16.47199821472168, 16.0], [-16.46914291381836, 16.0]]}, "properties": {"name": "Temporary stream", "type": "Temporary stream", "couleur": "#90CAF9"}}, {"type": "Feature", "geometry": {"type": "LineString", "coordinates": [[-16.41485023498535, 16.0], [-16.40868377685547, 16.0]]}, "properties": {"name": "Temporary stream", "type": "Temporary stream", "couleur": "#90CAF9"}}, {"type": "Feature", "geometry": {"type": "LineString", "coordinates": [[-16.41168212890625, 16.033897399902344], [-16.407733917236328, 16.02537727355957], [-16.39739227294922, 16.015884399414062], [-16.394357681274414, 16.01104164123535], [-16.406444549560547, 16.0]]}, "properties": {"name": "Temporary stream", "type": "Temporary stream", "couleur": "#90CAF9"}}, {"type": "Feature", "geometry": {"type": "LineString", "coordinates": [[-16.38375473022461, 16.0], [-16.372892379760742, 16.0]]}, "properties": {"name": "Temporary stream", "type": "Temporary stream", "couleur": "#90CAF9"}}, {"type": "Feature", "geometry": {"type": "LineString", "coordinates": [[-16.34391212463379, 16.02823829650879], [-16.345617294311523, 16.023897171020508], [-16.352340698242188, 16.015474319458008], [-16.3539981842041, 16.015718460083008], [-16.353538513183594, 16.01433753967285], [-16.368144989013672, 16.0]]}, "properties": {"name": "Temporary stream", "type": "Temporary stream", "couleur": "#90CAF9"}}, {"type": "Feature", "geometry": {"type": "LineString", "coordinates": [[-15.801289558410645, 16.382915496826172], [-15.808378219604492, 16.36832046508789], [-15.813380241394043, 16.36746597290039], [-15.8141450881958, 16.363574981689453], [-15.811697959899902, 16.351158142089844], [-15.814794540405273, 16.350507736206055], [-15.818059921264648, 16.355134963989258], [-15.82161808013916, 16.35563850402832], [-15.82856273651123, 16.351593017578125], [-15.834134101867676, 16.3436336517334], [-15.840282440185547, 16.327878952026367], [-15.83938980102539, 16.323511123657227], [-15.841089248657227, 16.320777893066406], [-15.84658145904541, 16.31878089904785], [-15.849875450134277, 16.32111358642578], [-15.852978706359863, 16.320005416870117], [-15.857098579406738, 16.313861846923828], [-15.863787651062012, 16.310958862304688], [-15.865976333618164, 16.307086944580078], [-15.86623764038086, 16.305253982543945], [-15.86532211303711, 16.305713653564453], [-15.849259376525879, 16.313766479492188], [-15.846890449523926, 16.313278198242188], [-15.84036636352539, 16.303565979003906], [-15.839695930480957, 16.30034637451172], [-15.843338012695312, 16.29442596435547], [-15.852726936340332, 16.2849063873291], [-15.856541633605957, 16.283803939819336], [-15.861451148986816, 16.289827346801758], [-15.865735054016113, 16.28919219970703], [-15.875600814819336, 16.27944564819336], [-15.87494945526123, 16.274850845336914], [-15.870558738708496, 16.26539421081543], [-15.85723876953125, 16.24871826171875], [-15.856133460998535, 16.2427978515625], [-15.855907440185547, 16.241592407226562], [-15.85715103149414, 16.23724937438965], [-15.86384391784668, 16.233888626098633], [-15.865077018737793, 16.2304630279541], [-15.862548828125, 16.224010467529297], [-15.850850105285645, 16.21079444885254], [-15.849020004272461, 16.20549774169922], [-15.854796409606934, 16.199604034423828], [-15.854546546936035, 16.18239974975586], [-15.857463836669922, 16.17715835571289], [-15.866106033325195, 16.169694900512695], [-15.868947982788086, 16.17018699645996], [-15.8724365234375, 16.17573356628418], [-15.882636070251465, 16.176313400268555], [-15.886350631713867, 16.182781219482422], [-15.886531829833984, 16.1871395111084], [-15.883687019348145, 16.192697525024414], [-15.880929946899414, 16.198083877563477], [-15.88061237335205, 16.20427131652832], [-15.871227264404297, 16.214021682739258], [-15.880730628967285, 16.21344757080078], [-15.885992050170898, 16.210529327392578], [-15.891769409179688, 16.204404830932617], [-15.903641700744629, 16.18573760986328], [-15.910384178161621, 16.178247451782227], [-15.911858558654785, 16.174365997314453], [-15.908974647521973, 16.15850830078125], [-15.90976333618164, 16.15255355834961], [-15.916751861572266, 16.144149780273438], [-15.918036460876465, 16.1365966796875], [-15.918460845947266, 16.135988235473633], [-15.925044059753418, 16.1265869140625], [-15.932906150817871, 16.124156951904297], [-15.936516761779785, 16.12006950378418], [-15.937034606933594, 16.116636276245117], [-15.93519401550293, 16.112028121948242], [-15.930950164794922, 16.109914779663086], [-15.928096771240234, 16.110340118408203], [-15.920327186584473, 16.124238967895508], [-15.91840934753418, 16.125822067260742], [-15.91533374786377, 16.125097274780273], [-15.91539478302002, 16.120281219482422], [-15.920783042907715, 16.107044219970703], [-15.919496536254883, 16.096248626708984], [-15.923955917358398, 16.08139419555664], [-15.93027400970459, 16.069543838500977], [-15.929366111755371, 16.066322326660156], [-15.927308082580566, 16.065296173095703], [-15.926538467407227, 16.064912796020508], [-15.922733306884766, 16.0655574798584], [-15.919255256652832, 16.077899932861328], [-15.916131019592285, 16.081073760986328], [-15.9092435836792, 16.081680297851562], [-15.906789779663086, 16.08807373046875], [-15.901838302612305, 16.085721969604492], [-15.90142822265625, 16.080671310424805], [-15.904084205627441, 16.07703399658203], [-15.914854049682617, 16.069591522216797], [-15.925551414489746, 16.0490779876709], [-15.927779197692871, 16.041765213012695], [-15.926870346069336, 16.038545608520508], [-15.922647476196289, 16.03505516052246], [-15.921977996826172, 16.03160858154297], [-15.925888061523438, 16.02248191833496], [-15.932394981384277, 16.014074325561523], [-15.9406156539917, 16.0]]}, "properties": {"name": "Guiers lake", "type": "Main river", "couleur": "#1565C0"}}, {"type": "Feature", "geometry": {"type": "LineString", "coordinates": [[-15.935452461242676, 16.0], [-15.927067756652832, 16.000011444091797]]}, "properties": {"name": "Temporary stream", "type": "Temporary stream", "couleur": "#90CAF9"}}, {"type": "Feature", "geometry": {"type": "LineString", "coordinates": [[-13.898323059082031, 16.11673355102539], [-13.910724639892578, 16.10486602783203], [-13.913338661193848, 16.095293045043945], [-13.917287826538086, 16.089191436767578], [-13.91478157043457, 16.075599670410156], [-13.916308403015137, 16.07150650024414], [-13.92411994934082, 16.062742233276367], [-13.92839241027832, 16.053207397460938], [-13.933976173400879, 16.04806137084961], [-13.941132545471191, 16.0369873046875], [-13.945470809936523, 16.024702072143555], [-13.950146675109863, 16.017929077148438], [-13.94644546508789, 16.01417350769043], [-13.941338539123535, 16.012605667114258], [-13.9407958984375, 16.01243782043457], [-13.934530258178711, 16.0]]}, "properties": {"name": "Temporary stream", "type": "Temporary stream", "couleur": "#90CAF9"}}, {"type": "Feature", "geometry": {"type": "LineString", "coordinates": [[-13.377070426940918, 16.042964935302734], [-13.380056381225586, 16.01299476623535], [-13.379164695739746, 16.0035343170166], [-13.379582405090332, 16.0]]}, "properties": {"name": "Senegal", "type": "Main river", "couleur": "#1565C0"}}, {"type": "Feature", "geometry": {"type": "LineString", "coordinates": [[-15.927067756652832, 16.000011444091797], [-15.932486534118652, 15.997862815856934], [-15.935118675231934, 15.999198913574219], [-15.935452461242676, 16.0]]}, "properties": {"name": "Temporary stream", "type": "Temporary stream", "couleur": "#90CAF9"}}, {"type": "Feature", "geometry": {"type": "LineString", "coordinates": [[-16.48312759399414, 16.0], [-16.48176383972168, 15.995530128479004]]}, "properties": {"name": "Temporary stream", "type": "Temporary stream", "couleur": "#90CAF9"}}, {"type": "Feature", "geometry": {"type": "LineString", "coordinates": [[-16.40868377685547, 16.0], [-16.410858154296875, 15.996291160583496], [-16.40791893005371, 15.993363380432129], [-16.40723419189453, 15.992682456970215], [-16.39986801147461, 15.991888999938965], [-16.39301109313965, 15.99315357208252], [-16.38574981689453, 15.998096466064453], [-16.38375473022461, 16.0]]}, "properties": {"name": "Temporary stream", "type": "Temporary stream", "couleur": "#90CAF9"}}, {"type": "Feature", "geometry": {"type": "LineString", "coordinates": [[-16.48176383972168, 15.995530128479004], [-16.48294448852539, 15.995280265808105], [-16.4826602935791, 15.992761611938477], [-16.480224609375, 15.989361763000488], [-16.477388381958008, 15.989870071411133], [-16.477174758911133, 16.0]]}, "properties": {"name": "Temporary stream", "type": "Temporary stream", "couleur": "#90CAF9"}}, {"type": "Feature", "geometry": {"type": "LineString", "coordinates": [[-13.625983238220215, 15.989279747009277], [-13.626694679260254, 15.993622779846191], [-13.630597114562988, 15.997363090515137], [-13.631942749023438, 16.0]]}, "properties": {"name": "Temporary stream", "type": "Temporary stream", "couleur": "#90CAF9"}}, {"type": "Feature", "geometry": {"type": "LineString", "coordinates": [[-13.655266761779785, 16.0], [-13.65260124206543, 15.998140335083008], [-13.650468826293945, 15.998385429382324], [-13.649980545043945, 15.996553421020508], [-13.633825302124023, 15.993000984191895], [-13.625983238220215, 15.989279747009277]]}, "properties": {"name": "Temporary stream", "type": "Temporary stream", "couleur": "#90CAF9"}}, {"type": "Feature", "geometry": {"type": "LineString", "coordinates": [[-16.372892379760742, 16.0], [-16.376468658447266, 15.996417999267578], [-16.388656616210938, 15.988409042358398], [-16.400930404663086, 15.985217094421387], [-16.4078311920166, 15.98647689819336], [-16.412395477294922, 15.989611625671387], [-16.413869857788086, 15.992339134216309], [-16.415388107299805, 15.997590065002441], [-16.41485023498535, 16.0]]}, "properties": {"name": "Temporary stream", "type": "Temporary stream", "couleur": "#90CAF9"}}, {"type": "Feature", "geometry": {"type": "LineString", "coordinates": [[-16.46914291381836, 16.0], [-16.47100830078125, 15.991127967834473], [-16.47561264038086, 15.9837064743042], [-16.48058319091797, 15.983160972595215], [-16.48345375061035, 15.984487533569336], [-16.486385345458984, 15.989026069641113], [-16.48796272277832, 15.997258186340332], [-16.485620498657227, 16.0]]}, "properties": {"name": "Temporary stream", "type": "Temporary stream", "couleur": "#90CAF9"}}, {"type": "Feature", "geometry": {"type": "LineString", "coordinates": [[-15.938623428344727, 15.981707572937012], [-15.924169540405273, 15.996844291687012], [-15.927067756652832, 16.000011444091797]]}, "properties": {"name": "Temporary stream", "type": "Temporary stream", "couleur": "#90CAF9"}}, {"type": "Feature", "geometry": {"type": "LineString", "coordinates": [[-15.9406156539917, 16.0], [-15.938607215881348, 15.995015144348145], [-15.942014694213867, 15.986014366149902], [-15.941017150878906, 15.983046531677246], [-15.938623428344727, 15.981707572937012]]}, "properties": {"name": "Temporary stream", "type": "Temporary stream", "couleur": "#90CAF9"}}, {"type": "Feature", "geometry": {"type": "LineString", "coordinates": [[-13.408638954162598, 15.96480941772461], [-13.406001091003418, 15.970719337463379], [-13.404671669006348, 15.974569320678711], [-13.407368659973145, 15.981369018554688]]}, "properties": {"name": "Temporary stream", "type": "Temporary stream", "couleur": "#90CAF9"}}, {"type": "Feature", "geometry": {"type": "LineString", "coordinates": [[-13.625983238220215, 15.989279747009277], [-13.617156028747559, 15.984406471252441], [-13.607654571533203, 15.98240852355957], [-13.594136238098145, 15.982277870178223], [-13.57298755645752, 15.984464645385742], [-13.56789493560791, 15.986130714416504], [-13.553791999816895, 15.981728553771973], [-13.552799224853516, 15.976799964904785], [-13.555865287780762, 15.970390319824219], [-13.550374984741211, 15.965611457824707], [-13.540173530578613, 15.964994430541992], [-13.530604362487793, 15.953819274902344], [-13.523935317993164, 15.94996452331543]]}, "properties": {"name": "Temporary stream", "type": "Temporary stream", "couleur": "#90CAF9"}}, {"type": "Feature", "geometry": {"type": "LineString", "coordinates": [[-15.960545539855957, 15.945345878601074], [-15.956673622131348, 15.954813003540039], [-15.956107139587402, 15.963541030883789], [-15.959648132324219, 15.962568283081055], [-15.965957641601562, 15.956963539123535], [-15.967085838317871, 15.95350456237793], [-15.963659286499023, 15.94713306427002], [-15.960545539855957, 15.945345878601074]]}, "properties": {"name": "Temporary stream", "type": "Temporary stream", "couleur": "#90CAF9"}}, {"type": "Feature", "geometry": {"type": "LineString", "coordinates": [[-13.408638954162598, 15.96480941772461], [-13.41405963897705, 15.970207214355469], [-13.419273376464844, 15.969715118408203], [-13.424692153930664, 15.964860916137695], [-13.42895221710205, 15.963685989379883], [-13.436308860778809, 15.964554786682129], [-13.44312572479248, 15.956250190734863], [-13.442633628845215, 15.953730583190918], [-13.44452953338623, 15.953717231750488], [-13.452279090881348, 15.943341255187988], [-13.459818840026855, 15.936867713928223], [-13.47118091583252, 15.934267044067383], [-13.480908393859863, 15.935118675231934], [-13.48373794555664, 15.93303394317627]]}, "properties": {"name": "Temporary stream", "type": "Temporary stream", "couleur": "#90CAF9"}}, {"type": "Feature", "geometry": {"type": "LineString", "coordinates": [[-13.523935317993164, 15.94996452331543], [-13.519425392150879, 15.949308395385742], [-13.516827583312988, 15.950703620910645], [-13.491641998291016, 15.943763732910156], [-13.48373794555664, 15.93303394317627]]}, "properties": {"name": "Temporary stream", "type": "Temporary stream", "couleur": "#90CAF9"}}, {"type": "Feature", "geometry": {"type": "LineString", "coordinates": [[-16.467927932739258, 15.927621841430664], [-16.466066360473633, 15.929490089416504], [-16.46295928955078, 15.928166389465332], [-16.462127685546875, 15.921756744384766], [-16.462974548339844, 15.916234016418457], [-16.469932556152344, 15.907853126525879], [-16.473262786865234, 15.90848445892334], [-16.471101760864258, 15.91976547241211], [-16.467927932739258, 15.927621841430664]]}, "properties": {"name": "Temporary stream", "type": "Temporary stream", "couleur": "#90CAF9"}}, {"type": "Feature", "geometry": {"type": "LineString", "coordinates": [[-13.419172286987305, 15.889413833618164], [-13.415312767028809, 15.898368835449219]]}, "properties": {"name": "Temporary stream", "type": "Temporary stream", "couleur": "#90CAF9"}}, {"type": "Feature", "geometry": {"type": "LineString", "coordinates": [[-16.488018035888672, 15.885969161987305], [-16.484703063964844, 15.886256217956543], [-16.48078155517578, 15.892061233520508], [-16.479190826416016, 15.895760536193848], [-16.48041343688965, 15.897804260253906], [-16.48418617248535, 15.896592140197754], [-16.487913131713867, 15.893084526062012], [-16.4897403717041, 15.889381408691406], [-16.488018035888672, 15.885969161987305]]}, "properties": {"name": "Temporary stream", "type": "Temporary stream", "couleur": "#90CAF9"}}, {"type": "Feature", "geometry": {"type": "LineString", "coordinates": [[-13.421746253967285, 15.884808540344238], [-13.419172286987305, 15.889413833618164]]}, "properties": {"name": "Temporary stream", "type": "Temporary stream", "couleur": "#90CAF9"}}, {"type": "Feature", "geometry": {"type": "LineString", "coordinates": [[-13.421746253967285, 15.884808540344238], [-13.426057815551758, 15.890974998474121], [-13.44106674194336, 15.901200294494629], [-13.474077224731445, 15.909008979797363], [-13.47764778137207, 15.911049842834473], [-13.477904319763184, 15.913572311401367], [-13.482172966003418, 15.913772583007812], [-13.48438835144043, 15.92477035522461], [-13.48373794555664, 15.93303394317627]]}, "properties": {"name": "Temporary stream", "type": "Temporary stream", "couleur": "#90CAF9"}}, {"type": "Feature", "geometry": {"type": "LineString", "coordinates": [[-13.419172286987305, 15.889413833618164], [-13.4033842086792, 15.883186340332031]]}, "properties": {"name": "Temporary stream", "type": "Temporary stream", "couleur": "#90CAF9"}}, {"type": "Feature", "geometry": {"type": "LineString", "coordinates": [[-15.786199569702148, 15.882828712463379], [-15.786306381225586, 15.889481544494629], [-15.77969741821289, 15.90610122680664], [-15.772750854492188, 15.916529655456543], [-15.768309593200684, 15.920496940612793], [-15.762412071228027, 15.922419548034668], [-15.749862670898438, 15.938437461853027], [-15.74471664428711, 15.942873001098633], [-15.74000072479248, 15.944548606872559], [-15.723950386047363, 15.964286804199219], [-15.713630676269531, 15.971550941467285], [-15.707732200622559, 15.973472595214844], [-15.70535659790039, 15.97350788116455], [-15.696352005004883, 15.973638534545898]]}, "properties": {"name": "Temporary stream", "type": "Temporary stream", "couleur": "#90CAF9"}}, {"type": "Feature", "geometry": {"type": "LineString", "coordinates": [[-16.453086853027344, 15.868903160095215], [-16.445337295532227, 15.87293815612793], [-16.442350387573242, 15.87803840637207], [-16.441083908081055, 15.886550903320312], [-16.442087173461914, 15.88951587677002], [-16.445621490478516, 15.88830852508545], [-16.45145034790039, 15.882930755615234], [-16.45641326904297, 15.869305610656738], [-16.453086853027344, 15.868903160095215]]}, "properties": {"name": "Temporary stream", "type": "Temporary stream", "couleur": "#90CAF9"}}, {"type": "Feature", "geometry": {"type": "LineString", "coordinates": [[-15.866959571838379, 15.863256454467773], [-15.86394214630127, 15.867202758789062], [-15.862192153930664, 15.876178741455078], [-15.864761352539062, 15.888301849365234], [-15.868910789489746, 15.89558219909668], [-15.891718864440918, 15.912903785705566], [-15.906777381896973, 15.920245170593262], [-15.909622192382812, 15.920202255249023], [-15.910758018493652, 15.91720199584961], [-15.905689239501953, 15.911772727966309], [-15.890616416931152, 15.903512954711914], [-15.88388442993164, 15.897878646850586], [-15.879131317138672, 15.890854835510254], [-15.87635326385498, 15.886749267578125], [-15.866959571838379, 15.863256454467773]]}, "properties": {"name": "Temporary stream", "type": "Temporary stream", "couleur": "#90CAF9"}}, {"type": "Feature", "geometry": {"type": "LineString", "coordinates": [[-15.713837623596191, 15.834330558776855], [-15.712923049926758, 15.836409568786621], [-15.733036041259766, 15.849194526672363], [-15.740283966064453, 15.857807159423828], [-15.750274658203125, 15.874871253967285], [-15.758445739746094, 15.881863594055176], [-15.770158767700195, 15.887885093688965], [-15.777518272399902, 15.88846492767334], [-15.78176212310791, 15.887024879455566], [-15.786199569702148, 15.882828712463379]]}, "properties": {"name": "Temporary stream", "type": "Temporary stream", "couleur": "#90CAF9"}}, {"type": "Feature", "geometry": {"type": "LineString", "coordinates": [[-15.713837623596191, 15.834330558776855], [-15.735084533691406, 15.843886375427246], [-15.745070457458496, 15.852673530578613]]}, "properties": {"name": "Temporary stream", "type": "Temporary stream", "couleur": "#90CAF9"}}, {"type": "Feature", "geometry": {"type": "LineString", "coordinates": [[-15.786199569702148, 15.882828712463379], [-15.797962188720703, 15.877145767211914], [-15.804498672485352, 15.87085247039795], [-15.811342239379883, 15.868913650512695], [-15.826492309570312, 15.867539405822754], [-15.835431098937988, 15.863273620605469], [-15.840804100036621, 15.85837459564209], [-15.847271919250488, 15.84795093536377], [-15.85335922241211, 15.843269348144531], [-15.857364654541016, 15.84183120727539], [-15.862350463867188, 15.842214584350586], [-15.866227149963379, 15.847434043884277], [-15.862988471984863, 15.852301597595215], [-15.853816032409668, 15.85680103302002], [-15.85057258605957, 15.86143970489502], [-15.850451469421387, 15.868555068969727], [-15.851081848144531, 15.871024131774902], [-15.857036590576172, 15.89438533782959], [-15.862190246582031, 15.905092239379883], [-15.874448776245117, 15.915231704711914], [-15.892606735229492, 15.923675537109375], [-15.936132431030273, 15.931726455688477], [-15.943060874938965, 15.934832572937012], [-15.94585132598877, 15.938928604125977], [-15.946463584899902, 15.939827919006348], [-15.947003364562988, 15.943719863891602], [-15.93944263458252, 15.959668159484863], [-15.938830375671387, 15.965643882751465], [-15.940807342529297, 15.970431327819824], [-15.94465446472168, 15.973584175109863], [-15.9613618850708, 15.965755462646484], [-15.97097110748291, 15.958950996398926], [-15.972744941711426, 15.951581001281738], [-15.971562385559082, 15.937602996826172], [-15.96838092803955, 15.931686401367188], [-15.964778900146484, 15.928988456726074], [-15.955047607421875, 15.928451538085938], [-15.950952529907227, 15.924613952636719], [-15.94725513458252, 15.914790153503418], [-15.946487426757812, 15.912751197814941], [-15.939765930175781, 15.907806396484375], [-15.930002212524414, 15.905203819274902], [-15.911054611206055, 15.906413078308105], [-15.901745796203613, 15.902654647827148], [-15.888301849365234, 15.892534255981445], [-15.883674621582031, 15.885031700134277], [-15.880187034606934, 15.87475872039795], [-15.876741409301758, 15.85255241394043], [-15.873299598693848, 15.84503173828125], [-15.868254661560059, 15.840977668762207], [-15.866661071777344, 15.836423873901367], [-15.86601734161377, 15.834586143493652], [-15.86289119720459, 15.831879615783691], [-15.8597993850708, 15.83123779296875], [-15.85462760925293, 15.833841323852539], [-15.842254638671875, 15.845501899719238], [-15.830920219421387, 15.848196983337402], [-15.825321197509766, 15.853788375854492], [-15.818441390991211, 15.853433609008789], [-15.812949180603027, 15.850990295410156], [-15.806561470031738, 15.851775169372559], [-15.794889450073242, 15.862964630126953], [-15.785478591918945, 15.867464065551758], [-15.772501945495605, 15.871329307556152], [-15.76992130279541, 15.872974395751953], [-15.772109031677246, 15.876383781433105], [-15.780926704406738, 15.87923526763916], [-15.781378746032715, 15.880880355834961], [-15.778373718261719, 15.882715225219727], [-15.77006721496582, 15.882150650024414], [-15.763856887817383, 15.87925910949707], [-15.757355690002441, 15.872930526733398], [-15.745070457458496, 15.852673530578613]]}, "properties": {"name": "Temporary stream", "type": "Temporary stream", "couleur": "#90CAF9"}}, {"type": "Feature", "geometry": {"type": "LineString", "coordinates": [[-16.534465789794922, 15.796806335449219], [-16.528635025024414, 15.814350128173828], [-16.52430534362793, 15.836227416992188], [-16.517940521240234, 15.90128231048584], [-16.516752243041992, 15.921343803405762], [-16.5137996673584, 15.971111297607422], [-16.51606559753418, 15.978184700012207], [-16.51333236694336, 16.0]]}, "properties": {"name": "Senegal", "type": "Main river", "couleur": "#1565C0"}}, {"type": "Feature", "geometry": {"type": "LineString", "coordinates": [[-16.507658004760742, 16.0], [-16.507923126220703, 15.99920654296875], [-16.506624221801758, 15.985695838928223], [-16.50644874572754, 15.983859062194824], [-16.504478454589844, 15.979991912841797], [-16.50184440612793, 15.97866153717041], [-16.498775482177734, 15.979402542114258], [-16.494338989257812, 15.98315143585205], [-16.49126625061035, 15.983663558959961], [-16.487886428833008, 15.980509757995605], [-16.48824119567871, 15.974080085754395], [-16.493328094482422, 15.967107772827148], [-16.497827529907227, 15.96679973602295], [-16.50261688232422, 15.96924114227295], [-16.50617790222168, 15.96940803527832], [-16.508277893066406, 15.967535972595215], [-16.510398864746094, 15.954190254211426], [-16.50541114807129, 15.941198348999023], [-16.49839973449707, 15.933977127075195], [-16.494232177734375, 15.92670726776123], [-16.49141502380371, 15.915512084960938], [-16.490739822387695, 15.904739379882812], [-16.492042541503906, 15.903056144714355], [-16.492359161376953, 15.902645111083984], [-16.496362686157227, 15.901199340820312], [-16.499225616455078, 15.902067184448242], [-16.50031852722168, 15.922471046447754], [-16.502803802490234, 15.92862319946289], [-16.508527755737305, 15.930359840393066], [-16.51170539855957, 15.92273235321045], [-16.514537811279297, 15.89675235748291], [-16.51473617553711, 15.856820106506348], [-16.516021728515625, 15.845418930053711], [-16.517173767089844, 15.835205078125], [-16.522939682006836, 15.813990592956543], [-16.52351951599121, 15.807095527648926], [-16.528095245361328, 15.798294067382812], [-16.536710739135742, 15.787954330444336]]}, "properties": {"name": "Senegal", "type": "Main river", "couleur": "#1565C0"}}, {"type": "Feature", "geometry": {"type": "LineString", "coordinates": [[-16.534465789794922, 15.796806335449219], [-16.536710739135742, 15.787954330444336]]}, "properties": {"name": "Temporary stream", "type": "Temporary stream", "couleur": "#90CAF9"}}, {"type": "Feature", "geometry": {"type": "LineString", "coordinates": [[-13.559184074401855, 15.785202026367188], [-13.558821678161621, 15.799661636352539], [-13.560574531555176, 15.812040328979492], [-13.567585945129395, 15.829889297485352], [-13.573982238769531, 15.860132217407227], [-13.571752548217773, 15.878274917602539], [-13.572504043579102, 15.883546829223633], [-13.565987586975098, 15.899195671081543], [-13.56696605682373, 15.903088569641113], [-13.565260887145996, 15.907544136047363], [-13.561155319213867, 15.918272972106934], [-13.549147605895996, 15.9291410446167], [-13.534052848815918, 15.939571380615234], [-13.534070014953613, 15.941864967346191], [-13.530749320983887, 15.941658973693848], [-13.526505470275879, 15.944901466369629], [-13.526762962341309, 15.947650909423828], [-13.52486515045166, 15.94743537902832], [-13.523935317993164, 15.94996452331543]]}, "properties": {"name": "Temporary stream", "type": "Temporary stream", "couleur": "#90CAF9"}}, {"type": "Feature", "geometry": {"type": "LineString", "coordinates": [[-15.745070457458496, 15.852673530578613], [-15.761062622070312, 15.83776569366455], [-15.766128540039062, 15.828511238098145], [-15.778483390808105, 15.815476417541504], [-15.785422325134277, 15.804817199707031], [-15.793388366699219, 15.784273147583008]]}, "properties": {"name": "Temporary stream", "type": "Temporary stream", "couleur": "#90CAF9"}}, {"type": "Feature", "geometry": {"type": "LineString", "coordinates": [[-14.452201843261719, 15.752474784851074], [-14.439521789550781, 15.784502029418945], [-14.440048217773438, 15.789316177368164], [-14.436579704284668, 15.79715347290039], [-14.42060661315918, 15.810165405273438], [-14.407735824584961, 15.825211524963379], [-14.401626586914062, 15.83009147644043], [-14.395736694335938, 15.833362579345703], [-14.382743835449219, 15.837393760681152]]}, "properties": {"name": "Temporary stream", "type": "Temporary stream", "couleur": "#90CAF9"}}, {"type": "Feature", "geometry": {"type": "LineString", "coordinates": [[-14.452201843261719, 15.752474784851074], [-14.454593658447266, 15.754515647888184], [-14.481860160827637, 15.756072044372559], [-14.486104011535645, 15.754191398620605], [-14.494170188903809, 15.755025863647461], [-14.527308464050293, 15.751927375793457]]}, "properties": {"name": "Temporary stream", "type": "Temporary stream", "couleur": "#90CAF9"}}, {"type": "Feature", "geometry": {"type": "LineString", "coordinates": [[-14.527308464050293, 15.751927375793457], [-14.526702880859375, 15.761343002319336], [-14.529780387878418, 15.781964302062988], [-14.533164978027344, 15.787895202636719], [-14.536401748657227, 15.801630020141602], [-14.535279273986816, 15.807148933410645], [-14.530604362487793, 15.812935829162598], [-14.511098861694336, 15.827595710754395], [-14.497732162475586, 15.840354919433594], [-14.477354049682617, 15.84352970123291], [-14.45987319946289, 15.84625244140625]]}, "properties": {"name": "Temporary stream", "type": "Temporary stream", "couleur": "#90CAF9"}}, {"type": "Feature", "geometry": {"type": "LineString", "coordinates": [[-13.363847732543945, 15.740160942077637], [-13.368523597717285, 15.731181144714355], [-13.371115684509277, 15.72909927368164], [-13.367310523986816, 15.727287292480469], [-13.362854957580566, 15.733741760253906], [-13.362405776977539, 15.737187385559082], [-13.363847732543945, 15.740160942077637]]}, "properties": {"name": "Temporary stream", "type": "Temporary stream", "couleur": "#90CAF9"}}, {"type": "Feature", "geometry": {"type": "LineString", "coordinates": [[-15.594500541687012, 15.718779563903809], [-15.596190452575684, 15.720821380615234], [-15.601910591125488, 15.72303581237793], [-15.618502616882324, 15.72348690032959], [-15.62281608581543, 15.726638793945312], [-15.627243041992188, 15.73713207244873], [-15.6278657913208, 15.7467622756958], [-15.626606941223145, 15.75733757019043], [-15.629776000976562, 15.763030052185059], [-15.636957168579102, 15.767745971679688], [-15.643959999084473, 15.776137351989746], [-15.661676406860352, 15.802961349487305], [-15.667539596557617, 15.807293891906738], [-15.672945976257324, 15.81128978729248], [-15.685371398925781, 15.817764282226562], [-15.695852279663086, 15.821054458618164], [-15.713837623596191, 15.834330558776855]]}, "properties": {"name": "Temporary stream", "type": "Temporary stream", "couleur": "#90CAF9"}}, {"type": "Feature", "geometry": {"type": "LineString", "coordinates": [[-14.40703296661377, 15.716901779174805], [-14.399073600769043, 15.725701332092285], [-14.389190673828125, 15.731996536254883], [-14.37818717956543, 15.744270324707031], [-14.366390228271484, 15.748977661132812], [-14.337692260742188, 15.74627685546875], [-14.328215599060059, 15.746369361877441], [-14.32326889038086, 15.74917221069336], [-14.30313491821289, 15.772315979003906], [-14.301982879638672, 15.773317337036133], [-14.289514541625977, 15.784151077270508], [-14.285737037658691, 15.785564422607422], [-14.271160125732422, 15.796719551086426], [-14.248065948486328, 15.809330940246582]]}, "properties": {"name": "Temporary stream", "type": "Temporary stream", "couleur": "#90CAF9"}}, {"type": "Feature", "geometry": {"type": "LineString", "coordinates": [[-14.40703296661377, 15.716901779174805], [-14.41592025756836, 15.728056907653809], [-14.42403793334961, 15.733712196350098], [-14.436651229858398, 15.738863945007324], [-14.452201843261719, 15.752474784851074]]}, "properties": {"name": "Temporary stream", "type": "Temporary stream", "couleur": "#90CAF9"}}, {"type": "Feature", "geometry": {"type": "LineString", "coordinates": [[-15.85883617401123, 15.713977813720703], [-15.852070808410645, 15.720507621765137], [-15.839391708374023, 15.727583885192871], [-15.821876525878906, 15.743454933166504], [-15.808744430541992, 15.766603469848633], [-15.793388366699219, 15.784273147583008]]}, "properties": {"name": "Temporary stream", "type": "Temporary stream", "couleur": "#90CAF9"}}, {"type": "Feature", "geometry": {"type": "LineString", "coordinates": [[-15.7869873046875, 15.710238456726074], [-15.792326927185059, 15.718192100524902], [-15.794272422790527, 15.736064910888672], [-15.797780990600586, 15.747945785522461], [-15.796625137329102, 15.764488220214844], [-15.792737007141113, 15.77326774597168], [-15.791881561279297, 15.779017448425293], [-15.793388366699219, 15.784273147583008]]}, "properties": {"name": "Temporary stream", "type": "Temporary stream", "couleur": "#90CAF9"}}, {"type": "Feature", "geometry": {"type": "LineString", "coordinates": [[-13.408638954162598, 15.96480941772461], [-13.412995338439941, 15.953925132751465], [-13.413301467895508, 15.947958946228027], [-13.410788536071777, 15.942459106445312], [-13.394569396972656, 15.930185317993164], [-13.393606185913086, 15.928126335144043], [-13.386943817138672, 15.924727439880371], [-13.38239860534668, 15.919021606445312], [-13.380423545837402, 15.908021926879883], [-13.379947662353516, 15.891018867492676], [-13.377715110778809, 15.88434886932373], [-13.371888160705566, 15.87635612487793], [-13.364912033081055, 15.8560791015625], [-13.349126815795898, 15.838698387145996], [-13.346003532409668, 15.832752227783203], [-13.344266891479492, 15.821290016174316], [-13.34911060333252, 15.801983833312988], [-13.347149848937988, 15.792588233947754], [-13.345255851745605, 15.792830467224121], [-13.345240592956543, 15.790534973144531], [-13.33718490600586, 15.787149429321289], [-13.329497337341309, 15.77548885345459], [-13.320878028869629, 15.747903823852539], [-13.316902160644531, 15.735177993774414], [-13.30483627319336, 15.702434539794922]]}, "properties": {"name": "Temporary stream", "type": "Temporary stream", "couleur": "#90CAF9"}}, {"type": "Feature", "geometry": {"type": "LineString", "coordinates": [[-13.421746253967285, 15.884808540344238], [-13.416683197021484, 15.872909545898438], [-13.415465354919434, 15.866312980651855], [-13.413228988647461, 15.859108924865723], [-13.409063339233398, 15.852712631225586], [-13.39882755279541, 15.846607208251953], [-13.394906044006348, 15.843682289123535], [-13.387709617614746, 15.831567764282227], [-13.375038146972656, 15.815815925598145], [-13.378277778625488, 15.804551124572754], [-13.384588241577148, 15.792119979858398], [-13.38525390625, 15.787138938903809], [-13.38316535949707, 15.78070068359375], [-13.374608039855957, 15.75432014465332], [-13.368169784545898, 15.748394966125488], [-13.367466926574707, 15.74954605102539], [-13.364622116088867, 15.749335289001465], [-13.357499122619629, 15.747086524963379], [-13.35367202758789, 15.74183177947998], [-13.353155136108398, 15.735639572143555], [-13.347580909729004, 15.717546463012695], [-13.340459823608398, 15.715524673461914], [-13.335208892822266, 15.709820747375488], [-13.326201438903809, 15.708958625793457], [-13.316438674926758, 15.701675415039062], [-13.309091567993164, 15.701032638549805], [-13.30483627319336, 15.702434539794922]]}, "properties": {"name": "Temporary stream", "type": "Temporary stream", "couleur": "#90CAF9"}}, {"type": "Feature", "geometry": {"type": "LineString", "coordinates": [[-15.575451850891113, 15.697017669677734], [-15.579029083251953, 15.698573112487793], [-15.594500541687012, 15.718779563903809]]}, "properties": {"name": "Temporary stream", "type": "Temporary stream", "couleur": "#90CAF9"}}, {"type": "Feature", "geometry": {"type": "LineString", "coordinates": [[-15.55615520477295, 15.68994426727295], [-15.55362606048584, 15.695029258728027], [-15.5405912399292, 15.710360527038574], [-15.536361694335938, 15.712716102600098], [-15.511649131774902, 15.739455223083496], [-15.505788803100586, 15.743667602539062], [-15.503643035888672, 15.742779731750488], [-15.495224952697754, 15.750240325927734], [-15.479865074157715, 15.76904296875], [-15.473252296447754, 15.783384323120117], [-15.469533920288086, 15.7914457321167], [-15.456181526184082, 15.801957130432129], [-15.450105667114258, 15.807777404785156], [-15.44919490814209, 15.810314178466797], [-15.446601867675781, 15.811267852783203], [-15.435697555541992, 15.827251434326172], [-15.434617042541504, 15.834379196166992], [-15.417691230773926, 15.860081672668457], [-15.413552284240723, 15.868858337402344]]}, "properties": {"name": "Temporary stream", "type": "Temporary stream", "couleur": "#90CAF9"}}, {"type": "Feature", "geometry": {"type": "LineString", "coordinates": [[-15.55615520477295, 15.68994426727295], [-15.575451850891113, 15.697017669677734]]}, "properties": {"name": "Temporary stream", "type": "Temporary stream", "couleur": "#90CAF9"}}, {"type": "Feature", "geometry": {"type": "LineString", "coordinates": [[-13.253311157226562, 15.684160232543945], [-13.249987602233887, 15.683032035827637], [-13.246676445007324, 15.683741569519043], [-13.240091323852539, 15.691123962402344], [-13.241776466369629, 15.695244789123535], [-13.250066757202148, 15.695196151733398], [-13.254070281982422, 15.691499710083008], [-13.253311157226562, 15.684160232543945]]}, "properties": {"name": "Temporary stream", "type": "Temporary stream", "couleur": "#90CAF9"}}, {"type": "Feature", "geometry": {"type": "LineString", "coordinates": [[-14.137819290161133, 15.780753135681152], [-14.143787384033203, 15.76119327545166], [-14.151975631713867, 15.750561714172363], [-14.156370162963867, 15.73973560333252], [-14.16000747680664, 15.700458526611328], [-14.157689094543457, 15.681659698486328]]}, "properties": {"name": "Temporary stream", "type": "Temporary stream", "couleur": "#90CAF9"}}, {"type": "Feature", "geometry": {"type": "LineString", "coordinates": [[-13.251611709594727, 15.677743911743164], [-13.256610870361328, 15.681615829467773], [-13.270604133605957, 15.684285163879395], [-13.280153274536133, 15.695472717285156], [-13.296542167663574, 15.702028274536133], [-13.30483627319336, 15.702434539794922]]}, "properties": {"name": "Temporary stream", "type": "Temporary stream", "couleur": "#90CAF9"}}, {"type": "Feature", "geometry": {"type": "LineString", "coordinates": [[-13.379582405090332, 16.0], [-13.37773323059082, 15.997514724731445], [-13.376753807067871, 15.993162155151367], [-13.377310752868652, 15.971134185791016], [-13.368213653564453, 15.9588041305542], [-13.363396644592285, 15.948051452636719], [-13.346212387084961, 15.931641578674316], [-13.342841148376465, 15.929421424865723], [-13.329301834106445, 15.92050552368164], [-13.32500171661377, 15.915715217590332], [-13.337432861328125, 15.896135330200195], [-13.338125228881836, 15.893376350402832], [-13.336170196533203, 15.884900093078613], [-13.314008712768555, 15.867829322814941], [-13.309468269348145, 15.862351417541504], [-13.30754566192627, 15.8584623336792], [-13.308599472045898, 15.849115371704102], [-13.310480117797852, 15.83664608001709], [-13.308284759521484, 15.82748031616211], [-13.303229331970215, 15.815810203552246], [-13.29676342010498, 15.805752754211426], [-13.29031753540039, 15.798908233642578], [-13.274121284484863, 15.786385536193848], [-13.279094696044922, 15.785897254943848], [-13.284807205200195, 15.789763450622559], [-13.290488243103027, 15.788809776306152], [-13.29543399810791, 15.78419017791748], [-13.29936408996582, 15.769479751586914], [-13.295741081237793, 15.759175300598145], [-13.289053916931152, 15.75141429901123], [-13.264281272888184, 15.731369972229004], [-13.218771934509277, 15.691020965576172], [-13.218499183654785, 15.68551254272461], [-13.221532821655273, 15.67838191986084], [-13.228364944458008, 15.672603607177734], [-13.231908798217773, 15.672745704650879], [-13.2333402633667, 15.67280387878418], [-13.241426467895508, 15.677804946899414], [-13.247591018676758, 15.678686141967773], [-13.251611709594727, 15.677743911743164]]}, "properties": {"name": "Senegal", "type": "Main river", "couleur": "#1565C0"}}, {"type": "Feature", "geometry": {"type": "LineString", "coordinates": [[-14.232416152954102, 15.669259071350098], [-14.22413158416748, 15.66979694366455], [-14.212112426757812, 15.67587661743164], [-14.192728042602539, 15.679729461669922], [-14.157689094543457, 15.681659698486328]]}, "properties": {"name": "Temporary stream", "type": "Temporary stream", "couleur": "#90CAF9"}}, {"type": "Feature", "geometry": {"type": "LineString", "coordinates": [[-15.021441459655762, 15.741273880004883], [-15.035760879516602, 15.731229782104492], [-15.071797370910645, 15.715179443359375], [-15.090913772583008, 15.709662437438965], [-15.096558570861816, 15.706609725952148], [-15.104021072387695, 15.697794914245605], [-15.114116668701172, 15.691012382507324], [-15.124366760253906, 15.67825984954834], [-15.127117156982422, 15.673336029052734], [-15.12991714477539, 15.668320655822754]]}, "properties": {"name": "Temporary stream", "type": "Temporary stream", "couleur": "#90CAF9"}}, {"type": "Feature", "geometry": {"type": "LineString", "coordinates": [[-13.815666198730469, 15.685051918029785], [-13.838362693786621, 15.707131385803223], [-13.860308647155762, 15.724395751953125], [-13.873611450195312, 15.728418350219727], [-13.881495475769043, 15.735697746276855], [-13.888006210327148, 15.748495101928711], [-13.895870208740234, 15.7767972946167], [-13.896084785461426, 15.777573585510254], [-13.899449348449707, 15.78282356262207], [-13.907307624816895, 15.787118911743164], [-13.945770263671875, 15.795058250427246], [-13.958374977111816, 15.800000190734863], [-13.97570514678955, 15.803295135498047], [-13.989876747131348, 15.798124313354492], [-14.003540992736816, 15.789517402648926], [-14.012273788452148, 15.781488418579102], [-14.020926475524902, 15.77353286743164], [-14.028434753417969, 15.765665054321289], [-14.038716316223145, 15.750428199768066], [-14.050941467285156, 15.74022388458252], [-14.077902793884277, 15.710609436035156], [-14.092245101928711, 15.69946575164795], [-14.096931457519531, 15.694145202636719], [-14.099419593811035, 15.688875198364258], [-14.107376098632812, 15.672019004821777], [-14.114886283874512, 15.664836883544922]]}, "properties": {"name": "Temporary stream", "type": "Temporary stream", "couleur": "#90CAF9"}}, {"type": "Feature", "geometry": {"type": "LineString", "coordinates": [[-14.114886283874512, 15.664836883544922], [-14.116806030273438, 15.667343139648438], [-14.128482818603516, 15.674581527709961], [-14.141797065734863, 15.679510116577148], [-14.145344734191895, 15.6790189743042], [-14.157689094543457, 15.681659698486328]]}, "properties": {"name": "Temporary stream", "type": "Temporary stream", "couleur": "#90CAF9"}}, {"type": "Feature", "geometry": {"type": "LineString", "coordinates": [[-14.232416152954102, 15.669259071350098], [-14.25491714477539, 15.669046401977539], [-14.261287689208984, 15.6666898727417], [-14.276663780212402, 15.66470718383789], [-14.28567123413086, 15.665308952331543], [-14.291337966918945, 15.663647651672363], [-14.323563575744629, 15.664711952209473], [-14.328322410583496, 15.666730880737305], [-14.335981369018555, 15.674229621887207], [-14.342981338500977, 15.686553955078125], [-14.347784042358398, 15.692283630371094], [-14.35137939453125, 15.69657039642334], [-14.356851577758789, 15.698811531066895], [-14.385022163391113, 15.696925163269043], [-14.390242576599121, 15.69779109954834], [-14.398350715637207, 15.702759742736816], [-14.402711868286133, 15.711666107177734], [-14.40703296661377, 15.716901779174805]]}, "properties": {"name": "Temporary stream", "type": "Temporary stream", "couleur": "#90CAF9"}}, {"type": "Feature", "geometry": {"type": "LineString", "coordinates": [[-15.402962684631348, 15.663143157958984], [-15.385814666748047, 15.673015594482422], [-15.378344535827637, 15.68069076538086], [-15.372557640075684, 15.689949035644531], [-15.369961738586426, 15.690671920776367], [-15.36437702178955, 15.697632789611816], [-15.343667984008789, 15.707320213317871], [-15.33582878112793, 15.722341537475586], [-15.32904052734375, 15.728171348571777], [-15.313779830932617, 15.749755859375], [-15.313480377197266, 15.7501802444458]]}, "properties": {"name": "Temporary stream", "type": "Temporary stream", "couleur": "#90CAF9"}}, {"type": "Feature", "geometry": {"type": "LineString", "coordinates": [[-15.402962684631348, 15.663143157958984], [-15.408050537109375, 15.670877456665039], [-15.412837982177734, 15.674256324768066], [-15.42757511138916, 15.677727699279785], [-15.446083068847656, 15.679770469665527], [-15.458226203918457, 15.683963775634766], [-15.467717170715332, 15.684981346130371], [-15.478450775146484, 15.689882278442383], [-15.525202751159668, 15.688787460327148], [-15.550680160522461, 15.688185691833496], [-15.55615520477295, 15.68994426727295]]}, "properties": {"name": "Temporary stream", "type": "Temporary stream", "couleur": "#90CAF9"}}, {"type": "Feature", "geometry": {"type": "LineString", "coordinates": [[-13.246217727661133, 15.629006385803223], [-13.251834869384766, 15.63941478729248], [-13.257664680480957, 15.661642074584961], [-13.255840301513672, 15.672439575195312], [-13.251611709594727, 15.677743911743164]]}, "properties": {"name": "Temporary stream", "type": "Temporary stream", "couleur": "#90CAF9"}}, {"type": "Feature", "geometry": {"type": "LineString", "coordinates": [[-15.133506774902344, 15.7582426071167], [-15.139127731323242, 15.753352165222168], [-15.148883819580078, 15.73900032043457], [-15.15600872039795, 15.722844123840332], [-15.159076690673828, 15.70467472076416], [-15.162762641906738, 15.697053909301758], [-15.180994987487793, 15.67914867401123], [-15.190645217895508, 15.674663543701172], [-15.212605476379395, 15.670061111450195], [-15.227964401245117, 15.666839599609375], [-15.243358612060547, 15.66663932800293], [-15.248040199279785, 15.662676811218262], [-15.258166313171387, 15.65841293334961], [-15.266217231750488, 15.649505615234375], [-15.275042533874512, 15.645798683166504], [-15.284424781799316, 15.63924789428711], [-15.304030418395996, 15.635546684265137], [-15.313209533691406, 15.631523132324219], [-15.319493293762207, 15.623636245727539], [-15.325149536132812, 15.621724128723145], [-15.33438491821289, 15.621601104736328]]}, "properties": {"name": "Temporary stream", "type": "Temporary stream", "couleur": "#90CAF9"}}, {"type": "Feature", "geometry": {"type": "LineString", "coordinates": [[-15.402962684631348, 15.663143157958984], [-15.401018142700195, 15.659727096557617], [-15.392669677734375, 15.655708312988281], [-15.37771987915039, 15.653843879699707], [-15.37080192565918, 15.650494575500488], [-15.36511516571045, 15.650341987609863], [-15.354783058166504, 15.640151023864746], [-15.350027084350586, 15.638837814331055], [-15.33438491821289, 15.621601104736328]]}, "properties": {"name": "Temporary stream", "type": "Temporary stream", "couleur": "#90CAF9"}}, {"type": "Feature", "geometry": {"type": "LineString", "coordinates": [[-15.594500541687012, 15.718779563903809], [-15.608516693115234, 15.690349578857422], [-15.610086441040039, 15.684589385986328], [-15.628460884094238, 15.662521362304688], [-15.632475852966309, 15.661774635314941], [-15.642072677612305, 15.654292106628418], [-15.664764404296875, 15.651209831237793], [-15.668800354003906, 15.651840209960938], [-15.685578346252441, 15.643404006958008], [-15.703112602233887, 15.634584426879883], [-15.709717750549316, 15.632881164550781], [-15.714639663696289, 15.629595756530762], [-15.73208999633789, 15.624749183654785], [-15.746891021728516, 15.61718463897705]]}, "properties": {"name": "Temporary stream", "type": "Temporary stream", "couleur": "#90CAF9"}}, {"type": "Feature", "geometry": {"type": "LineString", "coordinates": [[-13.246217727661133, 15.629006385803223], [-13.250539779663086, 15.622438430786133], [-13.253110885620117, 15.617143630981445], [-13.25468635559082, 15.604511260986328], [-13.252015113830566, 15.594427108764648]]}, "properties": {"name": "Temporary stream", "type": "Temporary stream", "couleur": "#90CAF9"}}, {"type": "Feature", "geometry": {"type": "LineString", "coordinates": [[-14.527308464050293, 15.751927375793457], [-14.542207717895508, 15.74947452545166], [-14.545294761657715, 15.750131607055664], [-14.594581604003906, 15.72987174987793], [-14.603560447692871, 15.727709770202637], [-14.61516284942627, 15.727126121520996], [-14.620656967163086, 15.730968475341797], [-14.624913215637207, 15.730234146118164], [-14.63008975982666, 15.727193832397461], [-14.63570499420166, 15.721165657043457], [-14.64042854309082, 15.719966888427734], [-14.645915985107422, 15.72312068939209], [-14.646712303161621, 15.723050117492676], [-14.651832580566406, 15.722597122192383], [-14.662667274475098, 15.71720027923584], [-14.677939414978027, 15.706475257873535], [-14.686450958251953, 15.705004692077637], [-14.699140548706055, 15.695685386657715], [-14.707816123962402, 15.688931465148926], [-14.709755897521973, 15.687807083129883], [-14.721931457519531, 15.680741310119629], [-14.725478172302246, 15.680242538452148], [-14.730159759521484, 15.675600051879883], [-14.734262466430664, 15.662242889404297], [-14.731549263000488, 15.653321266174316], [-14.733611106872559, 15.647560119628906], [-14.74298095703125, 15.638962745666504], [-14.762930870056152, 15.604537963867188], [-14.776941299438477, 15.588311195373535]]}, "properties": {"name": "Temporary stream", "type": "Temporary stream", "couleur": "#90CAF9"}}, {"type": "Feature", "geometry": {"type": "LineString", "coordinates": [[-13.269923210144043, 15.581007957458496], [-13.252015113830566, 15.594427108764648]]}, "properties": {"name": "Temporary stream", "type": "Temporary stream", "couleur": "#90CAF9"}}, {"type": "Feature", "geometry": {"type": "LineString", "coordinates": [[-14.232416152954102, 15.669259071350098], [-14.232812881469727, 15.66168212890625], [-14.226001739501953, 15.644072532653809], [-14.230299949645996, 15.624293327331543], [-14.229243278503418, 15.613515853881836], [-14.224889755249023, 15.604604721069336], [-14.220081329345703, 15.597535133361816], [-14.2139253616333, 15.597593307495117], [-14.183496475219727, 15.585710525512695], [-14.178955078125, 15.581621170043945], [-14.175582885742188, 15.57591438293457], [-14.174027442932129, 15.568084716796875]]}, "properties": {"name": "Temporary stream", "type": "Temporary stream", "couleur": "#90CAF9"}}, {"type": "Feature", "geometry": {"type": "LineString", "coordinates": [[-13.269923210144043, 15.581007957458496], [-13.28802490234375, 15.561386108398438], [-13.295324325561523, 15.555374145507812], [-13.303350448608398, 15.551880836486816], [-13.331245422363281, 15.545510292053223], [-13.34331226348877, 15.544515609741211], [-13.35754108428955, 15.547868728637695], [-13.369854927062988, 15.548249244689941], [-13.379159927368164, 15.558518409729004], [-13.380393981933594, 15.56098747253418], [-13.388766288757324, 15.577737808227539], [-13.394248962402344, 15.58298110961914], [-13.401143074035645, 15.586837768554688], [-13.407547950744629, 15.588403701782227]]}, "properties": {"name": "Temporary stream", "type": "Temporary stream", "couleur": "#90CAF9"}}, {"type": "Feature", "geometry": {"type": "LineString", "coordinates": [[-13.196673393249512, 15.530255317687988], [-13.195505142211914, 15.53278636932373], [-13.192429542541504, 15.533034324645996], [-13.186685562133789, 15.52319622039795], [-13.186659812927246, 15.519065856933594], [-13.189497947692871, 15.518589973449707], [-13.195218086242676, 15.52475357055664], [-13.196673393249512, 15.530255317687988]]}, "properties": {"name": "Temporary stream", "type": "Temporary stream", "couleur": "#90CAF9"}}, {"type": "Feature", "geometry": {"type": "LineString", "coordinates": [[-13.90890121459961, 15.516278266906738], [-13.914642333984375, 15.522887229919434], [-13.942007064819336, 15.538267135620117], [-13.95108699798584, 15.547371864318848], [-13.972413063049316, 15.57496452331543], [-13.978141784667969, 15.57996654510498], [-13.985017776489258, 15.582457542419434], [-14.004467964172363, 15.58456039428711], [-14.0349702835083, 15.579934120178223], [-14.045587539672852, 15.57593822479248], [-14.061676979064941, 15.5746488571167], [-14.072108268737793, 15.575934410095215], [-14.07852554321289, 15.578401565551758], [-14.095220565795898, 15.590876579284668], [-14.101226806640625, 15.599775314331055], [-14.101977348327637, 15.602347373962402], [-14.102697372436523, 15.604811668395996], [-14.103086471557617, 15.620415687561035], [-14.101045608520508, 15.629844665527344], [-14.101594924926758, 15.637643814086914], [-14.105262756347656, 15.649544715881348], [-14.114886283874512, 15.664836883544922]]}, "properties": {"name": "Temporary stream", "type": "Temporary stream", "couleur": "#90CAF9"}}, {"type": "Feature", "geometry": {"type": "LineString", "coordinates": [[-13.569645881652832, 15.555573463439941], [-13.594634056091309, 15.560721397399902], [-13.606904029846191, 15.555353164672852], [-13.62502384185791, 15.541448593139648], [-13.629009246826172, 15.536370277404785], [-13.631562232971191, 15.529924392700195], [-13.634522438049316, 15.51521110534668], [-13.640673637390137, 15.514707565307617], [-13.64946460723877, 15.518774032592773], [-13.658306121826172, 15.529038429260254], [-13.665814399719238, 15.5341796875], [-13.676876068115234, 15.541754722595215], [-13.702791213989258, 15.55510139465332], [-13.711801528930664, 15.556870460510254], [-13.728139877319336, 15.556974411010742], [-13.73616886138916, 15.554388046264648], [-13.755840301513672, 15.556760787963867], [-13.765816688537598, 15.560585021972656], [-13.785316467285156, 15.57196044921875], [-13.787945747375488, 15.573494911193848], [-13.805721282958984, 15.575420379638672], [-13.808807373046875, 15.576313972473145], [-13.810723304748535, 15.57882308959961], [-13.817357063293457, 15.579230308532715], [-13.826310157775879, 15.574108123779297], [-13.831242561340332, 15.569478034973145], [-13.838044166564941, 15.562078475952148], [-13.84387493133545, 15.551931381225586], [-13.85748291015625, 15.537818908691406], [-13.891223907470703, 15.523685455322266], [-13.90890121459961, 15.516278266906738]]}, "properties": {"name": "Temporary stream", "type": "Temporary stream", "couleur": "#90CAF9"}}, {"type": "Feature", "geometry": {"type": "LineString", "coordinates": [[-14.776941299438477, 15.588311195373535], [-14.771425247192383, 15.582634925842285], [-14.759486198425293, 15.574507713317871], [-14.742843627929688, 15.56895637512207], [-14.737181663513184, 15.570626258850098], [-14.733382225036621, 15.569750785827637], [-14.708352088928223, 15.575539588928223], [-14.70365047454834, 15.578346252441406], [-14.698442459106445, 15.57840347290039], [-14.657434463500977, 15.563825607299805], [-14.653974533081055, 15.56259536743164], [-14.642379760742188, 15.563180923461914], [-14.614160537719727, 15.559584617614746], [-14.608484268188477, 15.560105323791504], [-14.591378211975098, 15.555009841918945], [-14.583762168884277, 15.551648139953613], [-14.578980445861816, 15.547567367553711], [-14.57163143157959, 15.546727180480957], [-14.566378593444824, 15.54288101196289], [-14.559647560119629, 15.5339994430542], [-14.541805267333984, 15.520326614379883], [-14.5247802734375, 15.507279396057129]]}, "properties": {"name": "Temporary stream", "type": "Temporary stream", "couleur": "#90CAF9"}}, {"type": "Feature", "geometry": {"type": "LineString", "coordinates": [[-15.575451850891113, 15.697017669677734], [-15.582350730895996, 15.683377265930176], [-15.582305908203125, 15.680394172668457], [-15.586456298828125, 15.672990798950195], [-15.59007740020752, 15.661922454833984], [-15.594948768615723, 15.655196189880371], [-15.598023414611816, 15.62393569946289], [-15.59521484375, 15.610662460327148], [-15.592564582824707, 15.607715606689453], [-15.592529296875, 15.605422019958496], [-15.5858154296875, 15.600008010864258], [-15.5787992477417, 15.59023666381836], [-15.575404167175293, 15.585004806518555], [-15.575372695922852, 15.582953453063965], [-15.569369316101074, 15.577515602111816], [-15.556017875671387, 15.571507453918457], [-15.55311393737793, 15.567414283752441], [-15.545268058776855, 15.549619674682617], [-15.541777610778809, 15.537961959838867], [-15.545329093933105, 15.52230167388916], [-15.542192459106445, 15.51844310760498], [-15.526097297668457, 15.518668174743652], [-15.515534400939941, 15.50894546508789], [-15.509455680847168, 15.49824047088623]]}, "properties": {"name": "Temporary stream", "type": "Temporary stream", "couleur": "#90CAF9"}}, {"type": "Feature", "geometry": {"type": "LineString", "coordinates": [[-14.776941299438477, 15.588311195373535], [-14.785165786743164, 15.583168029785156], [-14.791563987731934, 15.5835542678833], [-14.795302391052246, 15.57938003540039], [-14.811610221862793, 15.576897621154785], [-14.818975448608398, 15.578878402709961], [-14.827484130859375, 15.57763385772705], [-14.839384078979492, 15.563492774963379], [-14.84713363647461, 15.558353424072266], [-14.8655424118042, 15.553547859191895], [-14.873369216918945, 15.554604530334473], [-14.879507064819336, 15.553154945373535], [-14.885193824768066, 15.540705680847168], [-14.885727882385254, 15.539538383483887], [-14.889036178588867, 15.539040565490723], [-14.89811897277832, 15.545820236206055], [-14.902865409851074, 15.546682357788086], [-14.920815467834473, 15.543255805969238], [-14.94274616241455, 15.536337852478027], [-14.946006774902344, 15.532167434692383], [-14.949092864990234, 15.514453887939453], [-14.953075408935547, 15.511192321777344], [-14.96132755279541, 15.508567810058594], [-14.97704029083252, 15.497130393981934], [-14.987311363220215, 15.495580673217773], [-14.995232582092285, 15.494384765625], [-15.0, 15.491987228393555]]}, "properties": {"name": "Temporary stream", "type": "Temporary stream", "couleur": "#90CAF9"}}, {"type": "Feature", "geometry": {"type": "LineString", "coordinates": [[-15.0, 15.491987228393555], [-15.00150203704834, 15.491231918334961], [-15.013282775878906, 15.480851173400879], [-15.01659870147705, 15.481039047241211]]}, "properties": {"name": "Temporary stream", "type": "Temporary stream", "couleur": "#90CAF9"}}, {"type": "Feature", "geometry": {"type": "LineString", "coordinates": [[-14.247496604919434, 15.476762771606445], [-14.240058898925781, 15.490147590637207], [-14.233028411865234, 15.497101783752441], [-14.219367980957031, 15.503887176513672]]}, "properties": {"name": "Temporary stream", "type": "Temporary stream", "couleur": "#90CAF9"}}, {"type": "Feature", "geometry": {"type": "LineString", "coordinates": [[-15.0, 15.462737083435059], [-15.001736640930176, 15.463020324707031], [-15.016603469848633, 15.463362693786621], [-15.019952774047852, 15.466075897216797], [-15.021204948425293, 15.471341133117676], [-15.02055835723877, 15.476170539855957], [-15.01659870147705, 15.481039047241211]]}, "properties": {"name": "Temporary stream", "type": "Temporary stream", "couleur": "#90CAF9"}}, {"type": "Feature", "geometry": {"type": "LineString", "coordinates": [[-14.19465446472168, 15.447416305541992], [-14.174640655517578, 15.45770263671875], [-14.172783851623535, 15.461393356323242], [-14.167604446411133, 15.46419620513916], [-14.151023864746094, 15.486845970153809], [-14.143719673156738, 15.490354537963867], [-14.133065223693848, 15.489994049072266], [-14.113566398620605, 15.480989456176758], [-14.098162651062012, 15.479060173034668], [-14.087540626525879, 15.48214054107666], [-14.086359977722168, 15.483284950256348], [-14.075111389160156, 15.49418830871582], [-14.070382118225098, 15.494688987731934], [-14.06086254119873, 15.489493370056152], [-14.04422664642334, 15.489532470703125]]}, "properties": {"name": "Temporary stream", "type": "Temporary stream", "couleur": "#90CAF9"}}, {"type": "Feature", "geometry": {"type": "LineString", "coordinates": [[-14.247496604919434, 15.476762771606445], [-14.241802215576172, 15.47544002532959], [-14.23917293548584, 15.472938537597656], [-14.228949546813965, 15.468443870544434], [-14.19465446472168, 15.447416305541992]]}, "properties": {"name": "Temporary stream", "type": "Temporary stream", "couleur": "#90CAF9"}}, {"type": "Feature", "geometry": {"type": "LineString", "coordinates": [[-13.089604377746582, 15.440776824951172], [-13.077092170715332, 15.444840431213379], [-13.057927131652832, 15.44563102722168]]}, "properties": {"name": "Temporary stream", "type": "Temporary stream", "couleur": "#90CAF9"}}, {"type": "Feature", "geometry": {"type": "LineString", "coordinates": [[-13.252015113830566, 15.594427108764648], [-13.244911193847656, 15.594470024108887], [-13.235424041748047, 15.592001914978027], [-13.225921630859375, 15.587238311767578], [-13.218301773071289, 15.58062744140625], [-13.21065616607666, 15.569883346557617], [-13.198982238769531, 15.55847454071045], [-13.187580108642578, 15.552573204040527], [-13.162476539611816, 15.551340103149414], [-13.15394401550293, 15.54978084564209], [-13.147300720214844, 15.54752254486084], [-13.140870094299316, 15.541361808776855], [-13.137762069702148, 15.536328315734863], [-13.135575294494629, 15.527159690856934], [-13.136272430419922, 15.524859428405762], [-13.146587371826172, 15.50269889831543], [-13.144877433776855, 15.497770309448242], [-13.128296852111816, 15.482194900512695], [-13.124038696289062, 15.475629806518555], [-13.121866226196289, 15.456313133239746], [-13.109540939331055, 15.445246696472168], [-13.101898193359375, 15.440744400024414], [-13.089604377746582, 15.440776824951172]]}, "properties": {"name": "Temporary stream", "type": "Temporary stream", "couleur": "#90CAF9"}}, {"type": "Feature", "geometry": {"type": "LineString", "coordinates": [[-13.269923210144043, 15.581007957458496], [-13.261211395263672, 15.5523681640625], [-13.260215759277344, 15.545029640197754], [-13.2620210647583, 15.531475067138672], [-13.276094436645508, 15.475838661193848], [-13.274813652038574, 15.46115493774414], [-13.275223731994629, 15.457932472229004], [-13.277738571166992, 15.438179969787598]]}, "properties": {"name": "Temporary stream", "type": "Temporary stream", "couleur": "#90CAF9"}}, {"type": "Feature", "geometry": {"type": "LineString", "coordinates": [[-13.792377471923828, 15.427003860473633], [-13.827434539794922, 15.43085765838623], [-13.845475196838379, 15.437140464782715], [-13.853344917297363, 15.443963050842285], [-13.870797157287598, 15.463793754577637], [-13.883883476257324, 15.471491813659668], [-13.890332221984863, 15.478095054626465], [-13.89488697052002, 15.484485626220703], [-13.897068977355957, 15.489436149597168], [-13.90890121459961, 15.516278266906738]]}, "properties": {"name": "Temporary stream", "type": "Temporary stream", "couleur": "#90CAF9"}}, {"type": "Feature", "geometry": {"type": "LineString", "coordinates": [[-15.173730850219727, 15.426044464111328], [-15.179980278015137, 15.43308162689209], [-15.180607795715332, 15.444323539733887], [-15.177614212036133, 15.45033073425293], [-15.177266120910645, 15.459518432617188], [-15.17877197265625, 15.465697288513184], [-15.185540199279785, 15.47594165802002], [-15.193252563476562, 15.485944747924805], [-15.204282760620117, 15.496132850646973], [-15.223175048828125, 15.509893417358398], [-15.237089157104492, 15.523027420043945], [-15.238998413085938, 15.524349212646484], [-15.24880313873291, 15.531139373779297], [-15.254986763000488, 15.533124923706055], [-15.29564380645752, 15.54521656036377], [-15.312812805175781, 15.553712844848633], [-15.32898235321045, 15.558548927307129], [-15.33372688293457, 15.559174537658691], [-15.336788177490234, 15.55798625946045], [-15.34438419342041, 15.559261322021484], [-15.351572036743164, 15.565133094787598], [-15.353534698486328, 15.569928169250488], [-15.353874206542969, 15.57703971862793], [-15.351859092712402, 15.585100173950195], [-15.349438667297363, 15.58938980102539], [-15.345854759216309, 15.59574031829834], [-15.341169357299805, 15.59924602508545], [-15.336074829101562, 15.607348442077637], [-15.33438491821289, 15.621601104736328]]}, "properties": {"name": "Temporary stream", "type": "Temporary stream", "couleur": "#90CAF9"}}, {"type": "Feature", "geometry": {"type": "LineString", "coordinates": [[-13.074726104736328, 15.425192832946777], [-13.079357147216797, 15.427610397338867], [-13.089604377746582, 15.440776824951172]]}, "properties": {"name": "Temporary stream", "type": "Temporary stream", "couleur": "#90CAF9"}}, {"type": "Feature", "geometry": {"type": "LineString", "coordinates": [[-15.168929100036621, 15.42105484008789], [-15.161438941955566, 15.427119255065918], [-15.137020111083984, 15.441433906555176], [-15.119580268859863, 15.44693374633789], [-15.114177703857422, 15.449986457824707], [-15.082255363464355, 15.452221870422363], [-15.073524475097656, 15.454166412353516], [-15.060420989990234, 15.46557903289795], [-15.059757232666016, 15.46903133392334], [-15.056218147277832, 15.472552299499512], [-15.0557861328125, 15.472982406616211], [-15.04759693145752, 15.48020076751709], [-15.042174339294434, 15.481874465942383], [-15.034976959228516, 15.492522239685059], [-15.026061058044434, 15.498600959777832], [-15.019444465637207, 15.499370574951172], [-15.01586627960205, 15.497347831726074], [-15.013650894165039, 15.490946769714355], [-15.01659870147705, 15.481039047241211]]}, "properties": {"name": "Temporary stream", "type": "Temporary stream", "couleur": "#90CAF9"}}, {"type": "Feature", "geometry": {"type": "LineString", "coordinates": [[-15.168929100036621, 15.42105484008789], [-15.173730850219727, 15.426044464111328]]}, "properties": {"name": "Temporary stream", "type": "Temporary stream", "couleur": "#90CAF9"}}, {"type": "Feature", "geometry": {"type": "LineString", "coordinates": [[-14.608942985534668, 15.415934562683105], [-14.628827095031738, 15.416407585144043], [-14.655879974365234, 15.422771453857422], [-14.669839859008789, 15.422616958618164], [-14.695208549499512, 15.426469802856445], [-14.702537536621094, 15.42593002319336], [-14.71277904510498, 15.431325912475586], [-14.723587989807129, 15.444519996643066], [-14.730978965759277, 15.449028968811035], [-14.754000663757324, 15.454279899597168], [-14.772464752197266, 15.454529762268066], [-14.794792175292969, 15.460933685302734], [-14.812047958374023, 15.459128379821777], [-14.8141450881958, 15.458276748657227], [-14.821939468383789, 15.45511245727539], [-14.834615707397461, 15.446701049804688], [-14.840988159179688, 15.445249557495117], [-14.847764015197754, 15.43828296661377], [-14.852707862854004, 15.43616008758545], [-14.863457679748535, 15.425244331359863], [-14.872411727905273, 15.422155380249023], [-14.902710914611816, 15.422717094421387], [-14.923864364624023, 15.429813385009766], [-14.93057918548584, 15.430456161499023], [-14.940924644470215, 15.43144702911377], [-14.950904846191406, 15.434540748596191], [-14.963052749633789, 15.440593719482422], [-14.987692832946777, 15.460729598999023], [-15.0, 15.462737083435059]]}, "properties": {"name": "Temporary stream", "type": "Temporary stream", "couleur": "#90CAF9"}}, {"type": "Feature", "geometry": {"type": "LineString", "coordinates": [[-14.19744873046875, 15.395734786987305], [-14.172051429748535, 15.387934684753418], [-14.168272972106934, 15.38865852355957], [-14.166448593139648, 15.395563125610352], [-14.167099952697754, 15.413464546203613], [-14.169534683227539, 15.420330047607422], [-14.175771713256836, 15.428767204284668], [-14.19465446472168, 15.447416305541992]]}, "properties": {"name": "Temporary stream", "type": "Temporary stream", "couleur": "#90CAF9"}}, {"type": "Feature", "geometry": {"type": "LineString", "coordinates": [[-15.173730850219727, 15.426044464111328], [-15.1947603225708, 15.406489372253418], [-15.214312553405762, 15.400038719177246], [-15.224615097045898, 15.392099380493164], [-15.237569808959961, 15.387798309326172], [-15.265035629272461, 15.389047622680664], [-15.29100227355957, 15.387910842895508], [-15.309967994689941, 15.387078285217285], [-15.339380264282227, 15.375436782836914], [-15.341301918029785, 15.360946655273438], [-15.347113609313965, 15.353751182556152], [-15.349939346313477, 15.35279369354248], [-15.359440803527832, 15.355422019958496]]}, "properties": {"name": "Temporary stream", "type": "Temporary stream", "couleur": "#90CAF9"}}, {"type": "Feature", "geometry": {"type": "LineString", "coordinates": [[-15.168929100036621, 15.42105484008789], [-15.15657901763916, 15.400548934936523], [-15.147940635681152, 15.391704559326172], [-15.134454727172852, 15.391874313354492], [-15.12540054321289, 15.387396812438965], [-15.111242294311523, 15.372651100158691], [-15.09571647644043, 15.361824989318848], [-15.08266544342041, 15.359003067016602], [-15.067915916442871, 15.352987289428711], [-15.054280281066895, 15.341675758361816], [-15.040002822875977, 15.335423469543457], [-15.0009183883667, 15.322929382324219], [-15.0, 15.322806358337402]]}, "properties": {"name": "Temporary stream", "type": "Temporary stream", "couleur": "#90CAF9"}}, {"type": "Feature", "geometry": {"type": "LineString", "coordinates": [[-16.76662254333496, 15.32178783416748], [-16.760486602783203, 15.322589874267578], [-16.7589111328125, 15.326752662658691], [-16.760948181152344, 15.334063529968262], [-16.764755249023438, 15.3351411819458], [-16.77236557006836, 15.325127601623535], [-16.76662254333496, 15.32178783416748]]}, "properties": {"name": "Temporary stream", "type": "Temporary stream", "couleur": "#90CAF9"}}, {"type": "Feature", "geometry": {"type": "LineString", "coordinates": [[-12.928729057312012, 15.315657615661621], [-12.93659782409668, 15.327327728271484], [-12.9354248046875, 15.329170227050781], [-12.931642532348633, 15.3296480178833], [-12.92215347290039, 15.3246431350708], [-12.917641639709473, 15.321451187133789], [-12.913588523864746, 15.31550121307373], [-12.911897659301758, 15.30862045288086], [-12.91282844543457, 15.305631637573242], [-12.915182113647461, 15.303553581237793], [-12.922283172607422, 15.304437637329102], [-12.928729057312012, 15.315657615661621]]}, "properties": {"name": "Temporary stream", "type": "Temporary stream", "couleur": "#90CAF9"}}, {"type": "Feature", "geometry": {"type": "LineString", "coordinates": [[-13.126324653625488, 15.2893705368042], [-13.125173568725586, 15.294658660888672], [-13.115821838378906, 15.312849044799805], [-13.115259170532227, 15.314825057983398], [-13.112810134887695, 15.323427200317383], [-13.110346794128418, 15.346630096435547], [-13.100972175598145, 15.361374855041504], [-13.094905853271484, 15.375871658325195], [-13.085054397583008, 15.390387535095215], [-13.073040008544922, 15.399407386779785], [-13.062226295471191, 15.411632537841797], [-13.063255310058594, 15.41494369506836], [-13.069622039794922, 15.421923637390137], [-13.074726104736328, 15.425192832946777]]}, "properties": {"name": "Temporary stream", "type": "Temporary stream", "couleur": "#90CAF9"}}, {"type": "Feature", "geometry": {"type": "LineString", "coordinates": [[-14.247496604919434, 15.476762771606445], [-14.25826358795166, 15.46495246887207], [-14.275243759155273, 15.459051132202148], [-14.278532981872559, 15.4567232131958], [-14.297233581542969, 15.457001686096191], [-14.3302640914917, 15.447038650512695], [-14.348703384399414, 15.44502067565918], [-14.367596626281738, 15.438851356506348], [-14.368279457092285, 15.438628196716309], [-14.370141983032227, 15.4358549118042], [-14.397941589355469, 15.42409896850586], [-14.402868270874023, 15.420146942138672], [-14.405179977416992, 15.415070533752441], [-14.404620170593262, 15.40704345703125], [-14.402425765991211, 15.401094436645508], [-14.412322998046875, 15.375511169433594], [-14.41837215423584, 15.366036415100098], [-14.43169116973877, 15.350748062133789], [-14.437602043151855, 15.344889640808105], [-14.438478469848633, 15.344021797180176], [-14.443891525268555, 15.341440200805664], [-14.452095031738281, 15.334468841552734], [-14.461326599121094, 15.31347942352295], [-14.48468017578125, 15.28637409210205]]}, "properties": {"name": "Temporary stream", "type": "Temporary stream", "couleur": "#90CAF9"}}, {"type": "Feature", "geometry": {"type": "LineString", "coordinates": [[-13.126324653625488, 15.2893705368042], [-13.162729263305664, 15.286181449890137], [-13.17266845703125, 15.286813735961914], [-13.19874382019043, 15.296076774597168], [-13.211806297302246, 15.304495811462402], [-13.226739883422852, 15.309459686279297], [-13.234338760375977, 15.314005851745605]]}, "properties": {"name": "Temporary stream", "type": "Temporary stream", "couleur": "#90CAF9"}}, {"type": "Feature", "geometry": {"type": "LineString", "coordinates": [[-16.815776824951172, 15.27127742767334], [-16.812480926513672, 15.272027015686035], [-16.80976104736328, 15.27804946899414], [-16.808883666992188, 15.281510353088379], [-16.810361862182617, 15.284467697143555], [-16.814359664916992, 15.283245086669922], [-16.816818237304688, 15.276081085205078], [-16.815776824951172, 15.27127742767334]]}, "properties": {"name": "Temporary stream", "type": "Temporary stream", "couleur": "#90CAF9"}}, {"type": "Feature", "geometry": {"type": "LineString", "coordinates": [[-13.433667182922363, 15.269816398620605], [-13.425910949707031, 15.276524543762207], [-13.40918254852295, 15.285590171813965], [-13.391510009765625, 15.295120239257812], [-13.382538795471191, 15.29747486114502], [-13.345929145812988, 15.305286407470703], [-13.337645530700684, 15.304649353027344], [-13.323176383972168, 15.298540115356445], [-13.31464958190918, 15.29698657989502], [-13.313885688781738, 15.297025680541992], [-13.304482460021973, 15.297508239746094], [-13.292923927307129, 15.302172660827637]]}, "properties": {"name": "Temporary stream", "type": "Temporary stream", "couleur": "#90CAF9"}}, {"type": "Feature", "geometry": {"type": "LineString", "coordinates": [[-13.433667182922363, 15.269816398620605], [-13.45525074005127, 15.278167724609375], [-13.478696823120117, 15.28237247467041], [-13.486289024353027, 15.285534858703613], [-13.492955207824707, 15.291458129882812], [-13.504888534545898, 15.305841445922852], [-13.508485794067383, 15.31224536895752], [-13.513131141662598, 15.332418441772461], [-13.517672538757324, 15.338814735412598], [-13.525797843933105, 15.344194412231445], [-13.547870635986328, 15.358809471130371], [-13.562332153320312, 15.362608909606934], [-13.583402633666992, 15.364524841308594], [-13.59262466430664, 15.36376953125], [-13.602302551269531, 15.360945701599121], [-13.617438316345215, 15.360147476196289], [-13.638984680175781, 15.362284660339355], [-13.64955997467041, 15.359160423278809], [-13.6624174118042, 15.355360984802246], [-13.700331687927246, 15.341852188110352], [-13.708836555480957, 15.340409278869629], [-13.716120719909668, 15.33438491821289], [-13.724143028259277, 15.33179759979248], [-13.749035835266113, 15.310023307800293], [-13.754922866821289, 15.306763648986816], [-13.764602661132812, 15.304620742797852], [-13.775761604309082, 15.29848861694336], [-13.783673286437988, 15.294139862060547], [-13.800230026245117, 15.294008255004883], [-13.806815147399902, 15.289593696594238], [-13.811322212219238, 15.29116439819336], [-13.829069137573242, 15.29194164276123], [-13.845208168029785, 15.298239707946777], [-13.855234146118164, 15.308721542358398], [-13.869935989379883, 15.31273365020752], [-13.887900352478027, 15.311208724975586], [-13.894806861877441, 15.315895080566406], [-13.901942253112793, 15.320735931396484], [-13.908330917358398, 15.32091236114502], [-13.916333198547363, 15.316482543945312], [-13.924315452575684, 15.309758186340332], [-13.930397033691406, 15.302129745483398], [-13.937605857849121, 15.288522720336914], [-13.949320793151855, 15.276254653930664]]}, "properties": {"name": "Temporary stream", "type": "Temporary stream", "couleur": "#90CAF9"}}, {"type": "Feature", "geometry": {"type": "LineString", "coordinates": [[-12.891351699829102, 15.269227027893066], [-12.895137786865234, 15.269668579101562], [-12.894938468933105, 15.276786804199219], [-12.896121978759766, 15.277010917663574], [-12.901627540588379, 15.289612770080566], [-12.90658187866211, 15.287293434143066], [-12.908918380737305, 15.281771659851074], [-12.917426109313965, 15.280353546142578], [-12.935174942016602, 15.282333374023438], [-12.941347122192383, 15.286665916442871], [-12.944917678833008, 15.290781021118164], [-12.9444580078125, 15.293309211730957], [-12.956399917602539, 15.314602851867676], [-12.965428352355957, 15.321905136108398], [-12.973969459533691, 15.326454162597656], [-12.975945472717285, 15.328863143920898], [-12.986352920532227, 15.341545104980469], [-12.998459815979004, 15.34906005859375], [-13.003935813903809, 15.355230331420898], [-13.000181198120117, 15.360760688781738], [-12.99793529510498, 15.372091293334961], [-13.000015258789062, 15.375436782836914], [-13.010213851928711, 15.377697944641113], [-13.02204418182373, 15.3778657913208], [-13.024930000305176, 15.386116027832031], [-13.022583961486816, 15.389572143554688], [-13.021930694580078, 15.399677276611328], [-13.026762962341309, 15.417099952697754], [-13.029486656188965, 15.422274589538574], [-13.035372734069824, 15.427620887756348], [-13.044699668884277, 15.427597999572754], [-13.055744171142578, 15.423550605773926], [-13.066460609436035, 15.426204681396484], [-13.074726104736328, 15.425192832946777]]}, "properties": {"name": "Temporary stream", "type": "Temporary stream", "couleur": "#90CAF9"}}, {"type": "Feature", "geometry": {"type": "LineString", "coordinates": [[-13.126324653625488, 15.2893705368042], [-13.12642765045166, 15.267328262329102]]}, "properties": {"name": "Temporary stream", "type": "Temporary stream", "couleur": "#90CAF9"}}, {"type": "Feature", "geometry": {"type": "LineString", "coordinates": [[-14.48468017578125, 15.28637409210205], [-14.49152660369873, 15.285155296325684], [-14.500758171081543, 15.285747528076172], [-14.502667427062988, 15.287336349487305], [-14.508830070495605, 15.288419723510742], [-14.511938095092773, 15.291372299194336], [-14.516441345214844, 15.292243957519531], [-14.523526191711426, 15.291251182556152], [-14.544926643371582, 15.280233383178711], [-14.549901008605957, 15.280868530273438], [-14.557074546813965, 15.28768253326416], [-14.56203842163086, 15.287400245666504], [-14.576144218444824, 15.279902458190918], [-14.581365585327148, 15.281453132629395], [-14.585428237915039, 15.28508472442627], [-14.588104248046875, 15.291484832763672], [-14.592156410217285, 15.294197082519531], [-14.597661972045898, 15.293096542358398], [-14.600652694702148, 15.292498588562012], [-14.60421085357666, 15.293377876281738], [-14.61905288696289, 15.308602333068848], [-14.62449836730957, 15.309002876281738], [-14.634811401367188, 15.300853729248047], [-14.637556076049805, 15.292787551879883], [-14.645293235778809, 15.28696346282959], [-14.659880638122559, 15.280373573303223], [-14.690524101257324, 15.271540641784668], [-14.694069862365723, 15.26923656463623], [-14.70578384399414, 15.261957168579102]]}, "properties": {"name": "Temporary stream", "type": "Temporary stream", "couleur": "#90CAF9"}}, {"type": "Feature", "geometry": {"type": "LineString", "coordinates": [[-14.70578384399414, 15.261957168579102], [-14.712729454040527, 15.269227981567383], [-14.715433120727539, 15.277693748474121], [-14.72543716430664, 15.283551216125488], [-14.731922149658203, 15.291744232177734], [-14.737013816833496, 15.302021026611328], [-14.752771377563477, 15.31401252746582], [-14.761102676391602, 15.318281173706055], [-14.771191596984863, 15.330794334411621], [-14.77435302734375, 15.337876319885254], [-14.77490234375, 15.344070434570312], [-14.770965576171875, 15.359579086303711], [-14.768918991088867, 15.36763858795166]]}, "properties": {"name": "Temporary stream", "type": "Temporary stream", "couleur": "#90CAF9"}}, {"type": "Feature", "geometry": {"type": "LineString", "coordinates": [[-13.246217727661133, 15.629006385803223], [-13.24224853515625, 15.622029304504395], [-13.233168601989746, 15.609458923339844], [-13.226511001586914, 15.605367660522461], [-13.221063613891602, 15.605169296264648], [-13.21139144897461, 15.61096477508545], [-13.206212043762207, 15.615815162658691], [-13.198180198669434, 15.618844985961914], [-13.186100959777832, 15.618685722351074], [-13.175654411315918, 15.614384651184082], [-13.161866188049316, 15.605742454528809], [-13.131708145141602, 15.590518951416016], [-13.12813663482666, 15.588717460632324], [-13.105581283569336, 15.578742027282715], [-13.098688125610352, 15.574189186096191], [-13.098197937011719, 15.571436882019043], [-13.101471900939941, 15.564533233642578], [-13.093598365783691, 15.554476737976074], [-13.093565940856934, 15.548968315124512], [-13.095650672912598, 15.541152954101562], [-13.105241775512695, 15.521818161010742], [-13.109192848205566, 15.509631156921387], [-13.10627555847168, 15.49679183959961], [-13.103405952453613, 15.491987228393555], [-13.102852821350098, 15.491610527038574], [-13.097702026367188, 15.488116264343262], [-13.069925308227539, 15.473804473876953], [-13.050725936889648, 15.469085693359375], [-13.026135444641113, 15.473346710205078], [-13.02070140838623, 15.475210189819336], [-12.999006271362305, 15.489554405212402], [-12.983450889587402, 15.490795135498047], [-12.980551719665527, 15.491025924682617], [-12.971818923950195, 15.495660781860352], [-12.966140747070312, 15.496149063110352], [-12.96724796295166, 15.48214054107666], [-12.964353561401367, 15.472283363342285], [-12.967095375061035, 15.454134941101074], [-12.962533950805664, 15.442219734191895], [-12.953753471374512, 15.437671661376953], [-12.939788818359375, 15.437511444091797], [-12.936941146850586, 15.435918807983398], [-12.934078216552734, 15.431571006774902], [-12.94606876373291, 15.417048454284668], [-12.947260856628418, 15.41459846496582], [-12.94864273071289, 15.411757469177246], [-12.950470924377441, 15.399579048156738], [-12.951129913330078, 15.390164375305176], [-12.948899269104004, 15.371349334716797], [-12.944313049316406, 15.35438346862793], [-12.937166213989258, 15.345233917236328], [-12.922199249267578, 15.333368301391602], [-12.912031173706055, 15.334104537963867], [-12.904684066772461, 15.331615447998047], [-12.89142894744873, 15.330069541931152], [-12.887338638305664, 15.328634262084961], [-12.879817008972168, 15.325992584228516], [-12.864157676696777, 15.316883087158203], [-12.847517013549805, 15.300427436828613], [-12.838912963867188, 15.28255844116211], [-12.840262413024902, 15.268546104431152], [-12.847310066223145, 15.259099006652832], [-12.857460021972656, 15.255148887634277], [-12.865513801574707, 15.257637977600098], [-12.88377571105957, 15.267655372619629], [-12.884260177612305, 15.269948959350586], [-12.88874626159668, 15.268549919128418], [-12.891351699829102, 15.269227027893066]]}, "properties": {"name": "Temporary stream", "type": "Temporary stream", "couleur": "#90CAF9"}}, {"type": "Feature", "geometry": {"type": "LineString", "coordinates": [[-13.949320793151855, 15.276254653930664], [-13.958828926086426, 15.281455039978027], [-13.964032173156738, 15.281410217285156], [-13.970603942871094, 15.275843620300293], [-13.977696418762207, 15.275552749633789], [-13.98433780670166, 15.279861450195312], [-13.992486000061035, 15.288973808288574], [-13.998862266540527, 15.292707443237305], [-14.00175952911377, 15.294404029846191], [-14.011253356933594, 15.297765731811523], [-14.021657943725586, 15.297446250915527], [-14.04028034210205, 15.290624618530273], [-14.048230171203613, 15.280909538269043], [-14.053886413574219, 15.27879524230957], [-14.061351776123047, 15.267936706542969], [-14.072681427001953, 15.26554012298584], [-14.081619262695312, 15.260408401489258], [-14.094283103942871, 15.249273300170898], [-14.10917854309082, 15.248909950256348]]}, "properties": {"name": "Temporary stream", "type": "Temporary stream", "couleur": "#90CAF9"}}, {"type": "Feature", "geometry": {"type": "LineString", "coordinates": [[-13.95061206817627, 15.41767406463623], [-13.966212272644043, 15.415705680847168], [-13.979940414428711, 15.416047096252441], [-14.001279830932617, 15.420454978942871], [-14.007901191711426, 15.419939041137695], [-14.024611473083496, 15.410150527954102], [-14.04149055480957, 15.393473625183105], [-14.063568115234375, 15.375853538513184], [-14.08047103881836, 15.362363815307617], [-14.089570999145508, 15.349194526672363], [-14.09505558013916, 15.329171180725098], [-14.08907699584961, 15.297998428344727], [-14.093076705932617, 15.27132797241211], [-14.095874786376953, 15.267168998718262], [-14.100423812866211, 15.265302658081055], [-14.10388469696045, 15.263882637023926], [-14.107623100280762, 15.259256362915039], [-14.10917854309082, 15.248909950256348]]}, "properties": {"name": "Temporary stream", "type": "Temporary stream", "couleur": "#90CAF9"}}, {"type": "Feature", "geometry": {"type": "LineString", "coordinates": [[-14.370269775390625, 15.24872875213623], [-14.373629570007324, 15.253289222717285], [-14.374481201171875, 15.266597747802734], [-14.376629829406738, 15.268413543701172], [-14.394038200378418, 15.259743690490723], [-14.406994819641113, 15.255021095275879], [-14.41549301147461, 15.253557205200195], [-14.431138038635254, 15.256842613220215], [-14.438421249389648, 15.252406120300293], [-14.44481372833252, 15.253029823303223], [-14.454803466796875, 15.258209228515625], [-14.46334457397461, 15.260647773742676], [-14.472370147705078, 15.271530151367188], [-14.48468017578125, 15.28637409210205]]}, "properties": {"name": "Temporary stream", "type": "Temporary stream", "couleur": "#90CAF9"}}, {"type": "Feature", "geometry": {"type": "LineString", "coordinates": [[-14.334883689880371, 15.257116317749023], [-14.34245777130127, 15.257729530334473], [-14.364350318908691, 15.248099327087402], [-14.370269775390625, 15.24872875213623]]}, "properties": {"name": "Temporary stream", "type": "Temporary stream", "couleur": "#90CAF9"}}, {"type": "Feature", "geometry": {"type": "LineString", "coordinates": [[-14.295266151428223, 15.245561599731445], [-14.282791137695312, 15.251193046569824], [-14.27387809753418, 15.258398056030273], [-14.269700050354004, 15.26601505279541], [-14.267339706420898, 15.289458274841309], [-14.26895523071289, 15.308500289916992], [-14.266959190368652, 15.321377754211426], [-14.262604713439941, 15.334965705871582], [-14.257450103759766, 15.339837074279785], [-14.24145793914795, 15.344108581542969], [-14.23338508605957, 15.346264839172363], [-14.20110034942627, 15.358966827392578]]}, "properties": {"name": "Temporary stream", "type": "Temporary stream", "couleur": "#90CAF9"}}, {"type": "Feature", "geometry": {"type": "LineString", "coordinates": [[-14.295266151428223, 15.245561599731445], [-14.304089546203613, 15.252594947814941], [-14.323020935058594, 15.253558158874512], [-14.334883689880371, 15.257116317749023]]}, "properties": {"name": "Temporary stream", "type": "Temporary stream", "couleur": "#90CAF9"}}, {"type": "Feature", "geometry": {"type": "LineString", "coordinates": [[-14.10917854309082, 15.248909950256348], [-14.116691589355469, 15.243330955505371], [-14.127333641052246, 15.243234634399414], [-14.13599681854248, 15.234430313110352], [-14.150419235229492, 15.234067916870117], [-14.15890884399414, 15.231694221496582], [-14.165027618408203, 15.228652954101562], [-14.169477462768555, 15.224247932434082]]}, "properties": {"name": "Temporary stream", "type": "Temporary stream", "couleur": "#90CAF9"}}, {"type": "Feature", "geometry": {"type": "LineString", "coordinates": [[-16.845327377319336, 15.2229585647583], [-16.842041015625, 15.224167823791504], [-16.838359832763672, 15.229289054870605], [-16.840068817138672, 15.232013702392578], [-16.845487594604492, 15.230993270874023], [-16.849416732788086, 15.226326942443848], [-16.845327377319336, 15.2229585647583]]}, "properties": {"name": "Temporary stream", "type": "Temporary stream", "couleur": "#90CAF9"}}, {"type": "Feature", "geometry": {"type": "LineString", "coordinates": [[-15.0, 15.322806358337402], [-14.979711532592773, 15.320084571838379], [-14.969555854797363, 15.321354866027832], [-14.962681770324707, 15.320289611816406], [-14.958155632019043, 15.317818641662598], [-14.952144622802734, 15.310314178466797], [-14.945601463317871, 15.298222541809082], [-14.942273139953613, 15.296884536743164], [-14.930293083190918, 15.30345630645752], [-14.923688888549805, 15.304914474487305], [-14.912046432495117, 15.300918579101562], [-14.900349617004395, 15.292560577392578], [-14.893689155578613, 15.289654731750488], [-14.889812469482422, 15.288392066955566], [-14.873263359069824, 15.283005714416504], [-14.867535591125488, 15.278939247131348], [-14.853629112243652, 15.263946533203125], [-14.846722602844238, 15.260124206542969], [-14.838907241821289, 15.259296417236328], [-14.83437442779541, 15.256134033203125], [-14.825613975524902, 15.255316734313965], [-14.822507858276367, 15.252825736999512], [-14.808951377868652, 15.227493286132812], [-14.804869651794434, 15.222489356994629], [-14.794893264770508, 15.218929290771484], [-14.777585983276367, 15.215222358703613], [-14.769079208374023, 15.215778350830078], [-14.766732215881348, 15.217182159423828], [-14.747933387756348, 15.22704029083252], [-14.739214897155762, 15.229663848876953], [-14.730738639831543, 15.232745170593262], [-14.727228164672852, 15.235769271850586], [-14.716543197631836, 15.25196361541748], [-14.70578384399414, 15.261957168579102]]}, "properties": {"name": "Temporary stream", "type": "Temporary stream", "couleur": "#90CAF9"}}, {"type": "Feature", "geometry": {"type": "LineString", "coordinates": [[-13.144038200378418, 15.207758903503418], [-13.143708229064941, 15.231182098388672], [-13.141395568847656, 15.239690780639648], [-13.140974044799805, 15.248188972473145], [-13.136760711669922, 15.255330085754395], [-13.129697799682617, 15.260651588439941], [-13.12642765045166, 15.267328262329102]]}, "properties": {"name": "Temporary stream", "type": "Temporary stream", "couleur": "#90CAF9"}}, {"type": "Feature", "geometry": {"type": "LineString", "coordinates": [[-14.295266151428223, 15.245561599731445], [-14.292168617248535, 15.243295669555664], [-14.278027534484863, 15.248024940490723], [-14.27164077758789, 15.247856140136719], [-14.26710319519043, 15.243536949157715], [-14.255502700805664, 15.219307899475098], [-14.251935005187988, 15.21727466583252], [-14.24673080444336, 15.217094421386719], [-14.236146926879883, 15.222705841064453], [-14.230703353881836, 15.222298622131348], [-14.200485229492188, 15.203753471374512]]}, "properties": {"name": "Temporary stream", "type": "Temporary stream", "couleur": "#90CAF9"}}, {"type": "Feature", "geometry": {"type": "LineString", "coordinates": [[-14.169477462768555, 15.224247932434082], [-14.187503814697266, 15.206170082092285], [-14.194570541381836, 15.203577995300293], [-14.200485229492188, 15.203753471374512]]}, "properties": {"name": "Temporary stream", "type": "Temporary stream", "couleur": "#90CAF9"}}, {"type": "Feature", "geometry": {"type": "LineString", "coordinates": [[-16.86895751953125, 15.186458587646484], [-16.865211486816406, 15.188365936279297], [-16.860130310058594, 15.194433212280273], [-16.8590030670166, 15.197210311889648], [-16.859981536865234, 15.198799133300781], [-16.870044708251953, 15.193558692932129], [-16.87256622314453, 15.189606666564941], [-16.86895751953125, 15.186458587646484]]}, "properties": {"name": "Temporary stream", "type": "Temporary stream", "couleur": "#90CAF9"}}, {"type": "Feature", "geometry": {"type": "LineString", "coordinates": [[-14.378573417663574, 15.185038566589355], [-14.388916969299316, 15.201469421386719], [-14.385334014892578, 15.220105171203613], [-14.370269775390625, 15.24872875213623]]}, "properties": {"name": "Temporary stream", "type": "Temporary stream", "couleur": "#90CAF9"}}, {"type": "Feature", "geometry": {"type": "LineString", "coordinates": [[-13.053071975708008, 15.178633689880371], [-13.054570198059082, 15.192402839660645], [-13.057933807373047, 15.201571464538574], [-13.070324897766113, 15.218037605285645], [-13.074370384216309, 15.222378730773926], [-13.076499938964844, 15.222596168518066], [-13.086037635803223, 15.236092567443848], [-13.098417282104492, 15.250031471252441], [-13.099386215209961, 15.25393009185791], [-13.108908653259277, 15.264439582824707], [-13.116726875305176, 15.266693115234375], [-13.12642765045166, 15.267328262329102]]}, "properties": {"name": "Temporary stream", "type": "Temporary stream", "couleur": "#90CAF9"}}, {"type": "Feature", "geometry": {"type": "LineString", "coordinates": [[-14.334883689880371, 15.257116317749023], [-14.330063819885254, 15.24866771697998], [-14.328329086303711, 15.241106986999512], [-14.329143524169922, 15.22869873046875], [-14.326622009277344, 15.213797569274902], [-14.323737144470215, 15.209232330322266], [-14.302250862121582, 15.189693450927734], [-14.281535148620605, 15.17565631866455]]}, "properties": {"name": "Temporary stream", "type": "Temporary stream", "couleur": "#90CAF9"}}, {"type": "Feature", "geometry": {"type": "LineString", "coordinates": [[-12.891351699829102, 15.269227027893066], [-12.89865779876709, 15.264370918273926], [-12.900550842285156, 15.264591217041016], [-12.901202201843262, 15.253336906433105], [-12.897602081298828, 15.243250846862793], [-12.888333320617676, 15.234339714050293], [-12.86863899230957, 15.221114158630371], [-12.863167762756348, 15.214710235595703], [-12.852913856506348, 15.19753646850586], [-12.847210884094238, 15.191821098327637], [-12.838944435119629, 15.193696022033691], [-12.827609062194824, 15.201621055603027], [-12.816794395446777, 15.20918083190918], [-12.807334899902344, 15.208763122558594], [-12.801410675048828, 15.206033706665039], [-12.798083305358887, 15.202604293823242], [-12.792835235595703, 15.192983627319336], [-12.792105674743652, 15.188623428344727], [-12.795289039611816, 15.162431716918945], [-12.79334545135498, 15.15141773223877]]}, "properties": {"name": "Temporary stream", "type": "Temporary stream", "couleur": "#90CAF9"}}, {"type": "Feature", "geometry": {"type": "LineString", "coordinates": [[-14.169477462768555, 15.224247932434082], [-14.153377532958984, 15.222330093383789], [-14.1448335647583, 15.219193458557129], [-14.137451171875, 15.213979721069336], [-14.125896453857422, 15.19295883178711], [-14.120660781860352, 15.18956184387207], [-14.091958045959473, 15.179945945739746], [-14.076960563659668, 15.16928768157959], [-14.066126823425293, 15.158191680908203], [-14.064067840576172, 15.156082153320312], [-14.058124542236328, 15.152689933776855], [-14.027098655700684, 15.14804744720459]]}, "properties": {"name": "Temporary stream", "type": "Temporary stream", "couleur": "#90CAF9"}}, {"type": "Feature", "geometry": {"type": "LineString", "coordinates": [[-13.670310020446777, 15.139781951904297], [-13.659724235534668, 15.14629077911377], [-13.637171745300293, 15.164140701293945], [-13.63433837890625, 15.164620399475098], [-13.585611343383789, 15.191842079162598], [-13.57026481628418, 15.194707870483398], [-13.55986213684082, 15.194782257080078], [-13.556907653808594, 15.196146011352539], [-13.556327819824219, 15.19641399383545], [-13.542807579040527, 15.190768241882324], [-13.521038055419922, 15.188624382019043]]}, "properties": {"name": "Temporary stream", "type": "Temporary stream", "couleur": "#90CAF9"}}, {"type": "Feature", "geometry": {"type": "LineString", "coordinates": [[-13.949320793151855, 15.276254653930664], [-13.936497688293457, 15.270622253417969], [-13.926549911499023, 15.269098281860352], [-13.908811569213867, 15.26901626586914], [-13.904529571533203, 15.266297340393066], [-13.896610260009766, 15.253503799438477], [-13.89304256439209, 15.251237869262695], [-13.885465621948242, 15.250151634216309], [-13.877118110656738, 15.242183685302734], [-13.862438201904297, 15.24023723602295], [-13.853389739990234, 15.233192443847656], [-13.84438419342041, 15.230969429016113], [-13.837654113769531, 15.226204872131348], [-13.837008476257324, 15.225748062133789], [-13.82706069946289, 15.223990440368652], [-13.82041072845459, 15.220599174499512], [-13.809409141540527, 15.206220626831055], [-13.793929100036621, 15.193254470825195], [-13.752190589904785, 15.178426742553711], [-13.722295761108398, 15.165797233581543], [-13.69166088104248, 15.155208587646484], [-13.681991577148438, 15.151865005493164], [-13.670310020446777, 15.139781951904297]]}, "properties": {"name": "Temporary stream", "type": "Temporary stream", "couleur": "#90CAF9"}}, {"type": "Feature", "geometry": {"type": "LineString", "coordinates": [[-16.911251068115234, 15.137889862060547], [-16.906599044799805, 15.14165210723877], [-16.908313751220703, 15.14460563659668], [-16.9148006439209, 15.149765968322754], [-16.9180965423584, 15.149014472961426], [-16.92014503479004, 15.145071983337402], [-16.918628692626953, 15.140276908874512], [-16.917415618896484, 15.138691902160645], [-16.911251068115234, 15.137889862060547]]}, "properties": {"name": "Temporary stream", "type": "Temporary stream", "couleur": "#90CAF9"}}, {"type": "Feature", "geometry": {"type": "LineString", "coordinates": [[-14.548262596130371, 15.136676788330078], [-14.54408073425293, 15.143150329589844], [-14.540548324584961, 15.144335746765137], [-14.534932136535645, 15.149447441101074], [-14.49791431427002, 15.158331871032715], [-14.487566947937012, 15.163261413574219]]}, "properties": {"name": "Temporary stream", "type": "Temporary stream", "couleur": "#90CAF9"}}, {"type": "Feature", "geometry": {"type": "LineString", "coordinates": [[-14.548262596130371, 15.136676788330078], [-14.553262710571289, 15.139838218688965], [-14.564178466796875, 15.143397331237793], [-14.569662094116211, 15.147472381591797], [-14.573992729187012, 15.154086112976074], [-14.583231925964355, 15.176262855529785], [-14.586344718933105, 15.17967414855957], [-14.592291831970215, 15.182825088500977], [-14.604249000549316, 15.18532657623291]]}, "properties": {"name": "Temporary stream", "type": "Temporary stream", "couleur": "#90CAF9"}}, {"type": "Feature", "geometry": {"type": "LineString", "coordinates": [[-13.127513885498047, 15.134138107299805], [-13.162596702575684, 15.149785995483398], [-13.229142189025879, 15.167999267578125], [-13.25136947631836, 15.169089317321777], [-13.254210472106934, 15.169228553771973], [-13.273558616638184, 15.163370132446289], [-13.293635368347168, 15.160720825195312], [-13.309982299804688, 15.165672302246094], [-13.314250946044922, 15.167713165283203], [-13.331859588623047, 15.184365272521973], [-13.341724395751953, 15.209333419799805], [-13.348503112792969, 15.219684600830078], [-13.35295581817627, 15.226484298706055], [-13.389522552490234, 15.247833251953125], [-13.408241271972656, 15.252992630004883], [-13.418953895568848, 15.262795448303223], [-13.433667182922363, 15.269816398620605]]}, "properties": {"name": "Temporary stream", "type": "Temporary stream", "couleur": "#90CAF9"}}, {"type": "Feature", "geometry": {"type": "LineString", "coordinates": [[-14.020569801330566, 15.105941772460938], [-14.036879539489746, 15.10602855682373], [-14.048680305480957, 15.104087829589844], [-14.064048767089844, 15.10464096069336], [-14.087525367736816, 15.112469673156738], [-14.106461524963379, 15.11528491973877], [-14.127409934997559, 15.13025188446045], [-14.141315460205078, 15.138581275939941], [-14.165934562683105, 15.15332317352295], [-14.179603576660156, 15.172717094421387], [-14.195390701293945, 15.190940856933594], [-14.200454711914062, 15.20076847076416], [-14.200485229492188, 15.203753471374512]]}, "properties": {"name": "Temporary stream", "type": "Temporary stream", "couleur": "#90CAF9"}}, {"type": "Feature", "geometry": {"type": "LineString", "coordinates": [[-12.8173189163208, 15.122835159301758], [-12.813312530517578, 15.12537956237793], [-12.802919387817383, 15.126803398132324], [-12.797503471374512, 15.13119125366211], [-12.793486595153809, 15.131668090820312], [-12.790872573852539, 15.128693580627441], [-12.794103622436523, 15.112375259399414], [-12.79786491394043, 15.10799503326416], [-12.808481216430664, 15.104043960571289], [-12.815353393554688, 15.107687950134277], [-12.820354461669922, 15.11501407623291], [-12.8173189163208, 15.122835159301758]]}, "properties": {"name": "Temporary stream", "type": "Temporary stream", "couleur": "#90CAF9"}}, {"type": "Feature", "geometry": {"type": "LineString", "coordinates": [[-16.032869338989258, 15.288174629211426], [-16.03997230529785, 15.288522720336914], [-16.06000328063965, 15.28407096862793], [-16.06852149963379, 15.284165382385254], [-16.07615852355957, 15.288176536560059], [-16.09071922302246, 15.281972885131836], [-16.10491180419922, 15.281975746154785], [-16.11548614501953, 15.277901649475098], [-16.145549774169922, 15.279253959655762], [-16.15813636779785, 15.282034873962402], [-16.158817291259766, 15.28178882598877], [-16.182817459106445, 15.273136138916016], [-16.20654296875, 15.250242233276367], [-16.219356536865234, 15.252557754516602], [-16.224517822265625, 15.250177383422852], [-16.22907257080078, 15.240225791931152], [-16.22878646850586, 15.237475395202637], [-16.24466323852539, 15.212410926818848], [-16.251644134521484, 15.20887565612793], [-16.254507064819336, 15.207425117492676], [-16.275054931640625, 15.205934524536133], [-16.295446395874023, 15.195719718933105], [-16.300764083862305, 15.188970565795898], [-16.312198638916016, 15.180511474609375], [-16.336580276489258, 15.168846130371094], [-16.342845916748047, 15.162309646606445], [-16.34780502319336, 15.148904800415039], [-16.35013198852539, 15.146798133850098], [-16.352519989013672, 15.148136138916016], [-16.352872848510742, 15.151158332824707], [-16.353639602661133, 15.15776252746582], [-16.35675811767578, 15.160237312316895], [-16.361486434936523, 15.16015625], [-16.3701114654541, 15.153349876403809], [-16.37312889099121, 15.150312423706055], [-16.376319885253906, 15.130735397338867], [-16.381763458251953, 15.118011474609375], [-16.37917709350586, 15.10588264465332], [-16.38197135925293, 15.103537559509277], [-16.389179229736328, 15.109846115112305], [-16.392499923706055, 15.110478401184082], [-16.398544311523438, 15.104862213134766], [-16.40118980407715, 15.107342720031738], [-16.407365798950195, 15.121936798095703], [-16.408809661865234, 15.128110885620117], [-16.409931182861328, 15.132917404174805], [-16.40476417541504, 15.147706031799316], [-16.40399169921875, 15.157135009765625]]}, "properties": {"name": "Temporary stream", "type": "Temporary stream", "couleur": "#90CAF9"}}, {"type": "Feature", "geometry": {"type": "LineString", "coordinates": [[-14.6505126953125, 15.086888313293457], [-14.64744758605957, 15.096400260925293], [-14.648122787475586, 15.104828834533691], [-14.651021003723145, 15.110078811645508], [-14.661957740783691, 15.115469932556152], [-14.670568466186523, 15.123872756958008], [-14.671091079711914, 15.128231048583984], [-14.666056632995605, 15.142295837402344], [-14.670140266418457, 15.147762298583984], [-14.6820650100708, 15.156586647033691], [-14.689288139343262, 15.167530059814453], [-14.70495891571045, 15.173096656799316], [-14.707133293151855, 15.176977157592773], [-14.717881202697754, 15.186042785644531], [-14.721226692199707, 15.188990592956543], [-14.730713844299316, 15.191410064697266], [-14.743266105651855, 15.193106651306152], [-14.752734184265137, 15.193918228149414]]}, "properties": {"name": "Temporary stream", "type": "Temporary stream", "couleur": "#90CAF9"}}, {"type": "Feature", "geometry": {"type": "LineString", "coordinates": [[-14.595833778381348, 15.079902648925781], [-14.587930679321289, 15.091470718383789], [-14.584643363952637, 15.093342781066895], [-14.580216407775879, 15.098902702331543], [-14.564974784851074, 15.109628677368164], [-14.56031322479248, 15.1154203414917], [-14.548262596130371, 15.136676788330078]]}, "properties": {"name": "Temporary stream", "type": "Temporary stream", "couleur": "#90CAF9"}}, {"type": "Feature", "geometry": {"type": "LineString", "coordinates": [[-12.79334545135498, 15.15141773223877], [-12.791664123535156, 15.145914077758789], [-12.783835411071777, 15.13997745513916], [-12.772700309753418, 15.134743690490723], [-12.767022132873535, 15.133849143981934], [-12.739274978637695, 15.114217758178711], [-12.715555191040039, 15.09571647644043], [-12.702763557434082, 15.089337348937988], [-12.692313194274902, 15.077897071838379], [-12.690418243408203, 15.07675552368164], [-12.687113761901855, 15.07791805267334]]}, "properties": {"name": "Temporary stream", "type": "Temporary stream", "couleur": "#90CAF9"}}, {"type": "Feature", "geometry": {"type": "LineString", "coordinates": [[-14.595833778381348, 15.079902648925781], [-14.601983070373535, 15.08029556274414], [-14.612569808959961, 15.076047897338867], [-14.628451347351074, 15.080009460449219], [-14.641996383666992, 15.086292266845703], [-14.6505126953125, 15.086888313293457]]}, "properties": {"name": "Temporary stream", "type": "Temporary stream", "couleur": "#90CAF9"}}, {"type": "Feature", "geometry": {"type": "LineString", "coordinates": [[-12.73486042022705, 15.079328536987305], [-12.717103004455566, 15.072284698486328], [-12.709029197692871, 15.063590049743652], [-12.70595645904541, 15.063373565673828], [-12.703132629394531, 15.066140174865723], [-12.706238746643066, 15.07370662689209], [-12.71098518371582, 15.078280448913574], [-12.721405029296875, 15.082830429077148], [-12.73065185546875, 15.08922290802002], [-12.734903335571289, 15.088746070861816], [-12.7374849319458, 15.084601402282715], [-12.73486042022705, 15.079328536987305]]}, "properties": {"name": "Temporary stream", "type": "Temporary stream", "couleur": "#90CAF9"}}, {"type": "Feature", "geometry": {"type": "LineString", "coordinates": [[-16.53438949584961, 15.062769889831543], [-16.532917022705078, 15.072443008422852], [-16.518495559692383, 15.110135078430176], [-16.519256591796875, 15.112876892089844], [-16.514867782592773, 15.118467330932617], [-16.513458251953125, 15.14421558380127], [-16.507047653198242, 15.155352592468262], [-16.50258445739746, 15.169670104980469], [-16.502214431762695, 15.175188064575195], [-16.503908157348633, 15.182364463806152], [-16.508634567260742, 15.20240592956543]]}, "properties": {"name": "Temporary stream", "type": "Temporary stream", "couleur": "#90CAF9"}}, {"type": "Feature", "geometry": {"type": "LineString", "coordinates": [[-13.627817153930664, 15.057650566101074], [-13.619590759277344, 15.063222885131836], [-13.615614891052246, 15.068533897399902], [-13.612154960632324, 15.079353332519531], [-13.606490135192871, 15.080312728881836], [-13.599152565002441, 15.078989028930664], [-13.593254089355469, 15.080179214477539], [-13.575037002563477, 15.077783584594727], [-13.558734893798828, 15.07858943939209], [-13.554969787597656, 15.080682754516602], [-13.5398530960083, 15.081936836242676], [-13.529009819030762, 15.085688591003418], [-13.519329071044922, 15.08690357208252], [-13.5155611038208, 15.088767051696777], [-13.51443099975586, 15.09100341796875], [-13.513930320739746, 15.09199333190918], [-13.499119758605957, 15.102660179138184], [-13.487383842468262, 15.113763809204102], [-13.475454330444336, 15.130839347839355], [-13.468875885009766, 15.136395454406738], [-13.454270362854004, 15.143383026123047]]}, "properties": {"name": "Temporary stream", "type": "Temporary stream", "couleur": "#90CAF9"}}, {"type": "Feature", "geometry": {"type": "LineString", "coordinates": [[-13.670310020446777, 15.139781951904297], [-13.665995597839355, 15.132465362548828], [-13.664283752441406, 15.125359535217285], [-13.654753684997559, 15.116013526916504], [-13.648944854736328, 15.099063873291016], [-13.639850616455078, 15.084892272949219], [-13.638073921203613, 15.069517135620117], [-13.635666847229004, 15.064023971557617], [-13.627817153930664, 15.057650566101074]]}, "properties": {"name": "Temporary stream", "type": "Temporary stream", "couleur": "#90CAF9"}}, {"type": "Feature", "geometry": {"type": "LineString", "coordinates": [[-12.79334545135498, 15.15141773223877], [-12.796648979187012, 15.15025520324707], [-12.806530952453613, 15.140565872192383], [-12.808662414550781, 15.14124584197998], [-12.815507888793945, 15.139147758483887], [-12.820682525634766, 15.134073257446289], [-12.829907417297363, 15.135180473327637], [-12.845295906066895, 15.139702796936035], [-12.85827922821045, 15.136198043823242], [-12.868650436401367, 15.130179405212402], [-12.874755859375, 15.122343063354492], [-12.883702278137207, 15.115411758422852], [-12.901617050170898, 15.105911254882812], [-12.903301239013672, 15.10378646850586], [-12.906549453735352, 15.099686622619629], [-12.911683082580566, 15.087261199951172], [-12.927669525146484, 15.071337699890137], [-12.935918807983398, 15.066933631896973], [-12.941089630126953, 15.061626434326172], [-12.947413444519043, 15.051031112670898]]}, "properties": {"name": "Temporary stream", "type": "Temporary stream", "couleur": "#90CAF9"}}, {"type": "Feature", "geometry": {"type": "LineString", "coordinates": [[-13.89510726928711, 15.0849609375], [-13.893575668334961, 15.072112083435059], [-13.895604133605957, 15.061071395874023], [-13.900238037109375, 15.050699234008789], [-13.905858039855957, 15.044910430908203], [-13.920963287353516, 15.042946815490723], [-13.9395751953125, 15.036589622497559], [-13.945575714111328, 15.037075996398926], [-13.952469825744629, 15.03435230255127], [-13.968050003051758, 15.023715019226074], [-13.976911544799805, 15.011007308959961], [-13.981637001037598, 15.010967254638672], [-13.986103057861328, 15.008401870727539]]}, "properties": {"name": "Temporary stream", "type": "Temporary stream", "couleur": "#90CAF9"}}, {"type": "Feature", "geometry": {"type": "LineString", "coordinates": [[-13.05710506439209, 15.017395973205566], [-13.076398849487305, 15.00351333618164], [-13.07708740234375, 15.000062942504883]]}, "properties": {"name": "Temporary stream", "type": "Temporary stream", "couleur": "#90CAF9"}}, {"type": "Feature", "geometry": {"type": "LineString", "coordinates": [[-16.76992416381836, 15.0], [-16.7408504486084, 15.032417297363281], [-16.732715606689453, 15.039457321166992], [-16.73194694519043, 15.039891242980957], [-16.722196578979492, 15.045392036437988], [-16.651073455810547, 15.120182037353516], [-16.643442153930664, 15.131454467773438], [-16.596113204956055, 15.201321601867676], [-16.581270217895508, 15.219414710998535], [-16.57105255126953, 15.236193656921387], [-16.545303344726562, 15.27846622467041], [-16.507125854492188, 15.336773872375488], [-16.502185821533203, 15.343236923217773], [-16.47386360168457, 15.380291938781738], [-16.44481086730957, 15.42166519165039], [-16.42640495300293, 15.445816040039062], [-16.403671264648438, 15.475638389587402], [-16.348718643188477, 15.5392484664917], [-16.344289779663086, 15.543652534484863], [-16.30033302307129, 15.58735179901123], [-16.264236450195312, 15.642335891723633], [-16.23968505859375, 15.679718017578125], [-16.209800720214844, 15.7180814743042], [-16.19196128845215, 15.747147560119629], [-16.16326141357422, 15.793889999389648], [-16.120641708374023, 15.851032257080078], [-16.11976432800293, 15.85202407836914], [-16.067153930664062, 15.91154956817627], [-16.06159782409668, 15.919439315795898], [-16.055448532104492, 15.934222221374512], [-16.054683685302734, 15.945018768310547], [-16.051822662353516, 15.956194877624512], [-16.036916732788086, 15.98797607421875], [-16.032691955566406, 16.0]]}, "properties": {"name": "Temporary stream", "type": "Temporary stream", "couleur": "#90CAF9"}}, {"type": "Feature", "geometry": {"type": "LineString", "coordinates": [[-14.6505126953125, 15.086888313293457], [-14.666657447814941, 15.052949905395508], [-14.66745662689209, 15.04053783416748], [-14.664944648742676, 15.027934074401855], [-14.660820007324219, 15.018792152404785], [-14.66254997253418, 15.005221366882324], [-14.665160179138184, 15.0]]}, "properties": {"name": "Temporary stream", "type": "Temporary stream", "couleur": "#90CAF9"}}, {"type": "Feature", "geometry": {"type": "LineString", "coordinates": [[-14.400748252868652, 15.0], [-14.41117000579834, 15.00764274597168], [-14.417862892150879, 15.014695167541504], [-14.434292793273926, 15.02624225616455], [-14.462002754211426, 15.031929969787598], [-14.488792419433594, 15.039691925048828], [-14.517962455749512, 15.038651466369629], [-14.52517032623291, 15.0383939743042], [-14.541016578674316, 15.039605140686035], [-14.552675247192383, 15.046601295471191], [-14.556827545166016, 15.058500289916992], [-14.562318801879883, 15.063264846801758], [-14.57514476776123, 15.068870544433594], [-14.583983421325684, 15.077043533325195], [-14.595833778381348, 15.079902648925781]]}, "properties": {"name": "Temporary stream", "type": "Temporary stream", "couleur": "#90CAF9"}}, {"type": "Feature", "geometry": {"type": "LineString", "coordinates": [[-13.986103057861328, 15.008401870727539], [-13.989163398742676, 15.007227897644043], [-13.998156547546387, 15.008757591247559], [-14.009961128234863, 15.007736206054688], [-14.01816177368164, 15.0]]}, "properties": {"name": "Temporary stream", "type": "Temporary stream", "couleur": "#90CAF9"}}, {"type": "Feature", "geometry": {"type": "LineString", "coordinates": [[-14.01816177368164, 15.0], [-14.032331466674805, 15.0]]}, "properties": {"name": "Temporary stream", "type": "Temporary stream", "couleur": "#90CAF9"}}, {"type": "Feature", "geometry": {"type": "LineString", "coordinates": [[-13.980536460876465, 15.0], [-13.986103057861328, 15.008401870727539]]}, "properties": {"name": "Temporary stream", "type": "Temporary stream", "couleur": "#90CAF9"}}, {"type": "Feature", "geometry": {"type": "LineString", "coordinates": [[-13.627817153930664, 15.057650566101074], [-13.613763809204102, 15.043514251708984], [-13.604775428771973, 15.042430877685547], [-13.599991798400879, 15.035116195678711], [-13.585493087768555, 15.02419662475586], [-13.576499938964844, 15.02242374420166], [-13.570807456970215, 15.019478797912598], [-13.564846992492676, 15.0126314163208], [-13.560261726379395, 15.0]]}, "properties": {"name": "Temporary stream", "type": "Temporary stream", "couleur": "#90CAF9"}}, {"type": "Feature", "geometry": {"type": "LineString", "coordinates": [[-13.1816987991333, 15.0667724609375], [-13.200148582458496, 15.069421768188477], [-13.217394828796387, 15.068402290344238], [-13.22757625579834, 15.071327209472656], [-13.255460739135742, 15.070931434631348], [-13.273479461669922, 15.079548835754395], [-13.282700538635254, 15.080411911010742], [-13.295428276062012, 15.075051307678223], [-13.306482315063477, 15.06694507598877], [-13.316743850708008, 15.046670913696289], [-13.333867073059082, 15.027960777282715], [-13.341552734375, 15.011605262756348], [-13.352811813354492, 15.0]]}, "properties": {"name": "Temporary stream", "type": "Temporary stream", "couleur": "#90CAF9"}}, {"type": "Feature", "geometry": {"type": "LineString", "coordinates": [[-13.352811813354492, 15.0], [-13.3554105758667, 15.0]]}, "properties": {"name": "Temporary stream", "type": "Temporary stream", "couleur": "#90CAF9"}}, {"type": "Feature", "geometry": {"type": "LineString", "coordinates": [[-13.133627891540527, 15.01192569732666], [-13.165975570678711, 15.00829792022705], [-13.174700736999512, 15.005491256713867], [-13.177287101745605, 15.003410339355469], [-13.177499771118164, 15.0]]}, "properties": {"name": "Temporary stream", "type": "Temporary stream", "couleur": "#90CAF9"}}, {"type": "Feature", "geometry": {"type": "LineString", "coordinates": [[-13.177499771118164, 15.0], [-13.18695068359375, 15.0]]}, "properties": {"name": "Temporary stream", "type": "Temporary stream", "couleur": "#90CAF9"}}, {"type": "Feature", "geometry": {"type": "LineString", "coordinates": [[-12.743756294250488, 15.0], [-12.747103691101074, 15.0181884765625], [-12.745471954345703, 15.023017883300781], [-12.74691104888916, 15.027605056762695], [-12.741785049438477, 15.043474197387695], [-12.742810249328613, 15.060693740844727], [-12.740116119384766, 15.069339752197266], [-12.739084243774414, 15.072651863098145], [-12.73486042022705, 15.079328536987305]]}, "properties": {"name": "Temporary stream", "type": "Temporary stream", "couleur": "#90CAF9"}}, {"type": "Feature", "geometry": {"type": "LineString", "coordinates": [[-12.629918098449707, 15.0], [-12.647191047668457, 15.026402473449707], [-12.687113761901855, 15.07791805267334]]}, "properties": {"name": "Temporary stream", "type": "Temporary stream", "couleur": "#90CAF9"}}, {"type": "Feature", "geometry": {"type": "LineString", "coordinates": [[-12.485945701599121, 15.0], [-12.490689277648926, 15.005375862121582], [-12.505361557006836, 15.011756896972656], [-12.528770446777344, 15.016271591186523], [-12.556221961975098, 15.027198791503906], [-12.587051391601562, 15.054876327514648], [-12.619062423706055, 15.081168174743652], [-12.649840354919434, 15.093681335449219], [-12.661432266235352, 15.096161842346191], [-12.66225814819336, 15.096146583557129], [-12.676793098449707, 15.095871925354004], [-12.6810302734375, 15.091951370239258], [-12.687113761901855, 15.07791805267334]]}, "properties": {"name": "Temporary stream", "type": "Temporary stream", "couleur": "#90CAF9"}}, {"type": "Feature", "geometry": {"type": "LineString", "coordinates": [[-13.372455596923828, 16.004995346069336], [-13.375064849853516, 16.0], [-13.374893188476562, 15.995379447937012], [-13.374040603637695, 15.972375869750977], [-13.366482734680176, 15.96194839477539], [-13.357494354248047, 15.945615768432617], [-13.326865196228027, 15.921630859375], [-13.321670532226562, 15.914375305175781], [-13.331966400146484, 15.902521133422852], [-13.335689544677734, 15.892962455749512], [-13.333317756652832, 15.886151313781738], [-13.32718563079834, 15.879353523254395], [-13.321386337280273, 15.877131462097168], [-13.317777633666992, 15.875748634338379], [-13.310708999633789, 15.86940860748291], [-13.305042266845703, 15.860790252685547], [-13.308732032775879, 15.841229438781738], [-13.30634880065918, 15.8312349319458], [-13.300185203552246, 15.814435005187988], [-13.288710594177246, 15.801931381225586], [-13.271441459655762, 15.786341667175293], [-13.271951675415039, 15.783968925476074], [-13.276741981506348, 15.783489227294922], [-13.284421920776367, 15.786711692810059], [-13.290167808532715, 15.785301208496094], [-13.293986320495605, 15.780649185180664], [-13.296831130981445, 15.77182388305664], [-13.291513442993164, 15.75838565826416], [-13.233078002929688, 15.708179473876953], [-13.221728324890137, 15.698424339294434], [-13.216076850891113, 15.693663597106934], [-13.215104103088379, 15.689026832580566], [-13.216994285583496, 15.680668830871582], [-13.223677635192871, 15.673222541809082], [-13.230372428894043, 15.669489860534668], [-13.243803024291992, 15.674552917480469], [-13.250985145568848, 15.673602104187012], [-13.254799842834473, 15.668022155761719], [-13.255258560180664, 15.6619873046875], [-13.249931335449219, 15.643906593322754], [-13.236433029174805, 15.617033004760742], [-13.23192024230957, 15.61312198638916], [-13.226828575134277, 15.608709335327148], [-13.220596313476562, 15.60687255859375], [-13.201959609985352, 15.62085247039795], [-13.192383766174316, 15.621807098388672], [-13.183279037475586, 15.620442390441895], [-13.16025161743164, 15.607514381408691], [-13.117388725280762, 15.586894035339355], [-13.09695053100586, 15.577057838439941], [-13.09502124786377, 15.571958541870117], [-13.096917152404785, 15.564528465270996], [-13.092105865478516, 15.5557222366333], [-13.091739654541016, 15.544075012207031], [-13.103492736816406, 15.516707420349121], [-13.104911804199219, 15.51020622253418], [-13.103926658630371, 15.49999713897705], [-13.098161697387695, 15.492587089538574], [-13.073232650756836, 15.478726387023926], [-13.060056686401367, 15.472793579101562], [-13.046442985534668, 15.471453666687012], [-13.020939826965332, 15.477561950683594], [-13.005372047424316, 15.488869667053223], [-12.999138832092285, 15.491358757019043], [-12.983548164367676, 15.493318557739258], [-12.968536376953125, 15.501323699951172], [-12.964278221130371, 15.499133110046387], [-12.963133811950684, 15.494187355041504], [-12.965378761291504, 15.483461380004883], [-12.960247039794922, 15.47027587890625], [-12.963614463806152, 15.454323768615723], [-12.960190773010254, 15.444433212280273], [-12.949975967407227, 15.44033145904541], [-12.938637733459473, 15.441179275512695], [-12.934370040893555, 15.439242362976074], [-12.93381404876709, 15.438989639282227], [-12.930402755737305, 15.434597969055176], [-12.930395126342773, 15.430474281311035], [-12.941705703735352, 15.416704177856445], [-12.94791030883789, 15.401570320129395], [-12.948456764221191, 15.392219543457031], [-12.946429252624512, 15.371329307556152], [-12.943282127380371, 15.35731315612793], [-12.922842979431152, 15.340582847595215], [-12.911650657653809, 15.336898803710938], [-12.903281211853027, 15.336496353149414], [-12.888253211975098, 15.332401275634766], [-12.865280151367188, 15.32199478149414], [-12.845693588256836, 15.30223274230957], [-12.840009689331055, 15.292343139648438], [-12.836873054504395, 15.280525207519531], [-12.83883285522461, 15.266497611999512], [-12.845048904418945, 15.257137298583984], [-12.847437858581543, 15.256110191345215], [-12.854674339294434, 15.252994537353516], [-12.866601943969727, 15.256317138671875], [-12.885295867919922, 15.266414642333984], [-12.892376899719238, 15.265300750732422], [-12.898317337036133, 15.260339736938477], [-12.899151802062988, 15.252638816833496], [-12.895170211791992, 15.244121551513672], [-12.874180793762207, 15.2304105758667], [-12.860559463500977, 15.216961860656738], [-12.849762916564941, 15.198280334472656], [-12.846076011657715, 15.194986343383789], [-12.838147163391113, 15.196651458740234], [-12.827400207519531, 15.206294059753418], [-12.818909645080566, 15.210708618164062], [-12.810981750488281, 15.212370872497559], [-12.803046226501465, 15.209909439086914], [-12.7942533493042, 15.201947212219238], [-12.790557861328125, 15.193153381347656], [-12.791364669799805, 15.180654525756836], [-12.792494773864746, 15.163174629211426], [-12.791626930236816, 15.15107536315918], [-12.788504600524902, 15.146679878234863], [-12.780000686645508, 15.140917778015137], [-12.7669677734375, 15.136261940002441], [-12.755348205566406, 15.129403114318848], [-12.740362167358398, 15.117402076721191], [-12.730401992797852, 15.108535766601562], [-12.714531898498535, 15.097555160522461], [-12.701784133911133, 15.091795921325684], [-12.691577911376953, 15.08053207397461], [-12.689029693603516, 15.079710006713867], [-12.68648624420166, 15.083563804626465], [-12.684513092041016, 15.092366218566895], [-12.679706573486328, 15.0975980758667], [-12.666401863098145, 15.100363731384277], [-12.657623291015625, 15.098997116088867], [-12.638136863708496, 15.091179847717285], [-12.61797046661377, 15.083086013793945], [-12.596418380737305, 15.068191528320312], [-12.58794116973877, 15.059734344482422], [-12.559897422790527, 15.033077239990234], [-12.553667068481445, 15.028680801391602], [-12.53554630279541, 15.020991325378418], [-12.503274917602539, 15.013859748840332], [-12.493083953857422, 15.010013580322266], [-12.481759071350098, 15.002318382263184], [-12.479792594909668, 15.0]]}, "properties": {"name": "Senegal", "type": "Main river", "couleur": "#1565C0"}}, {"type": "Feature", "geometry": {"type": "LineString", "coordinates": [[-12.485945701599121, 15.0], [-12.479792594909668, 15.0]]}, "properties": {"name": "Temporary stream", "type": "Temporary stream", "couleur": "#90CAF9"}}, {"type": "Feature", "geometry": {"type": "LineString", "coordinates": [[-14.032331466674805, 15.0], [-14.032998085021973, 14.995133399963379], [-14.042866706848145, 14.989303588867188], [-14.073773384094238, 14.984665870666504], [-14.08393383026123, 14.9848051071167], [-14.10999584197998, 14.992380142211914], [-14.112817764282227, 14.990976333618164], [-14.114912033081055, 14.99100112915039], [-14.123923301696777, 14.991106033325195], [-14.13451862335205, 14.987333297729492], [-14.143954277038574, 14.985869407653809], [-14.149658203125, 14.989262580871582], [-14.156516075134277, 14.989888191223145], [-14.179677963256836, 14.990592956542969], [-14.186749458312988, 14.988920211791992], [-14.21085262298584, 14.98938274383545], [-14.216249465942383, 14.985657691955566], [-14.220978736877441, 14.986072540283203], [-14.22637939453125, 14.982806205749512], [-14.236678123474121, 14.973291397094727]]}, "properties": {"name": "Temporary stream", "type": "Temporary stream", "couleur": "#90CAF9"}}, {"type": "Feature", "geometry": {"type": "LineString", "coordinates": [[-14.236678123474121, 14.973291397094727], [-14.261061668395996, 14.97811222076416], [-14.291555404663086, 14.979655265808105], [-14.324823379516602, 14.97542667388916], [-14.342316627502441, 14.976404190063477], [-14.349613189697266, 14.973804473876953], [-14.365264892578125, 14.973505020141602], [-14.374415397644043, 14.973329544067383], [-14.381750106811523, 14.974404335021973], [-14.399698257446289, 14.995583534240723], [-14.399737358093262, 14.999258995056152], [-14.400748252868652, 15.0]]}, "properties": {"name": "Temporary stream", "type": "Temporary stream", "couleur": "#90CAF9"}}, {"type": "Feature", "geometry": {"type": "LineString", "coordinates": [[-13.07708740234375, 15.000062942504883], [-13.085822105407715, 14.998867988586426], [-13.088635444641113, 14.99517822265625], [-13.099455833435059, 14.987080574035645], [-13.106473922729492, 14.97532844543457], [-13.119848251342773, 14.960095405578613]]}, "properties": {"name": "Temporary stream", "type": "Temporary stream", "couleur": "#90CAF9"}}, {"type": "Feature", "geometry": {"type": "LineString", "coordinates": [[-13.560261726379395, 15.0], [-13.554950714111328, 14.985369682312012], [-13.55067253112793, 14.981954574584961], [-13.539318084716797, 14.980196952819824], [-13.537778854370117, 14.979394912719727], [-13.534100532531738, 14.97747802734375], [-13.53265380859375, 14.973583221435547], [-13.53423023223877, 14.963465690612793], [-13.533016204833984, 14.959110260009766]]}, "properties": {"name": "Temporary stream", "type": "Temporary stream", "couleur": "#90CAF9"}}, {"type": "Feature", "geometry": {"type": "LineString", "coordinates": [[-16.827499389648438, 14.956618309020996], [-16.8154354095459, 14.967869758605957], [-16.79038429260254, 14.97959041595459], [-16.780858993530273, 14.98780632019043], [-16.76992416381836, 15.0]]}, "properties": {"name": "Temporary stream", "type": "Temporary stream", "couleur": "#90CAF9"}}, {"type": "Feature", "geometry": {"type": "LineString", "coordinates": [[-12.611530303955078, 14.955521583557129], [-12.625739097595215, 14.981926918029785], [-12.627440452575684, 14.990023612976074], [-12.629355430603027, 14.999139785766602], [-12.629918098449707, 15.0]]}, "properties": {"name": "Temporary stream", "type": "Temporary stream", "couleur": "#90CAF9"}}, {"type": "Feature", "geometry": {"type": "LineString", "coordinates": [[-13.030767440795898, 14.956440925598145], [-13.04257869720459, 14.956378936767578], [-13.051097869873047, 14.959090232849121], [-13.07046890258789, 14.95898723602295], [-13.077786445617676, 14.958028793334961], [-13.087686538696289, 14.954529762268066], [-13.118895530700684, 14.958951950073242], [-13.119848251342773, 14.960095405578613]]}, "properties": {"name": "Temporary stream", "type": "Temporary stream", "couleur": "#90CAF9"}}, {"type": "Feature", "geometry": {"type": "LineString", "coordinates": [[-13.3554105758667, 15.0], [-13.358750343322754, 14.994587898254395], [-13.372714042663574, 14.973738670349121], [-13.378074645996094, 14.963139533996582], [-13.385347366333008, 14.955972671508789], [-13.406757354736328, 14.943658828735352]]}, "properties": {"name": "Temporary stream", "type": "Temporary stream", "couleur": "#90CAF9"}}, {"type": "Feature", "geometry": {"type": "LineString", "coordinates": [[-13.533016204833984, 14.959110260009766], [-13.522192001342773, 14.964698791503906], [-13.517943382263184, 14.965187072753906], [-13.513915061950684, 14.963607788085938], [-13.507254600524902, 14.957452774047852], [-13.499911308288574, 14.95474624633789], [-13.484015464782715, 14.945438385009766], [-13.478097915649414, 14.943870544433594], [-13.469365119934082, 14.944849014282227], [-13.455459594726562, 14.949307441711426], [-13.431855201721191, 14.951762199401855], [-13.426653861999512, 14.951107025146484], [-13.412773132324219, 14.945911407470703], [-13.406757354736328, 14.943658828735352]]}, "properties": {"name": "Temporary stream", "type": "Temporary stream", "couleur": "#90CAF9"}}, {"type": "Feature", "geometry": {"type": "LineString", "coordinates": [[-14.665160179138184, 15.0], [-14.66786003112793, 14.994597434997559], [-14.668725967407227, 14.98792552947998], [-14.660778999328613, 14.975152015686035], [-14.660208702087402, 14.966889381408691], [-14.658063888549805, 14.965304374694824], [-14.660162925720215, 14.962985038757324], [-14.656330108642578, 14.958433151245117], [-14.64183521270752, 14.951240539550781], [-14.637354850769043, 14.951979637145996], [-14.628338813781738, 14.94863224029541], [-14.614516258239746, 14.938216209411621], [-14.602906227111816, 14.935125350952148], [-14.596467971801758, 14.929911613464355]]}, "properties": {"name": "Temporary stream", "type": "Temporary stream", "couleur": "#90CAF9"}}, {"type": "Feature", "geometry": {"type": "LineString", "coordinates": [[-13.801283836364746, 14.920124053955078], [-13.792845726013184, 14.927770614624023], [-13.781299591064453, 14.931077003479004], [-13.77350902557373, 14.931598663330078], [-13.756234169006348, 14.927828788757324], [-13.729833602905273, 14.934464454650879], [-13.720141410827637, 14.93362045288086], [-13.71019458770752, 14.93048095703125]]}, "properties": {"name": "Temporary stream", "type": "Temporary stream", "couleur": "#90CAF9"}}, {"type": "Feature", "geometry": {"type": "LineString", "coordinates": [[-13.18695068359375, 15.0], [-13.186925888061523, 14.99577522277832], [-13.198675155639648, 14.985601425170898], [-13.210172653198242, 14.973132133483887], [-13.218395233154297, 14.965962409973145], [-13.235334396362305, 14.95506763458252], [-13.237854957580566, 14.95274829864502], [-13.246136665344238, 14.9451265335083], [-13.258142471313477, 14.938852310180664], [-13.27187728881836, 14.938325881958008], [-13.287862777709961, 14.932239532470703], [-13.293498992919922, 14.927382469177246], [-13.305182456970215, 14.908245086669922]]}, "properties": {"name": "Temporary stream", "type": "Temporary stream", "couleur": "#90CAF9"}}, {"type": "Feature", "geometry": {"type": "LineString", "coordinates": [[-15.109936714172363, 14.906693458557129], [-15.106700897216797, 14.912016868591309], [-15.10202407836914, 14.915521621704102], [-15.09190845489502, 14.918635368347168]]}, "properties": {"name": "Temporary stream", "type": "Temporary stream", "couleur": "#90CAF9"}}, {"type": "Feature", "geometry": {"type": "LineString", "coordinates": [[-15.109936714172363, 14.906693458557129], [-15.116412162780762, 14.913962364196777], [-15.120826721191406, 14.926081657409668], [-15.139790534973145, 14.948352813720703], [-15.1514892578125, 14.957392692565918], [-15.15798568725586, 14.966038703918457]]}, "properties": {"name": "Temporary stream", "type": "Temporary stream", "couleur": "#90CAF9"}}, {"type": "Feature", "geometry": {"type": "LineString", "coordinates": [[-14.543988227844238, 14.90445327758789], [-14.51526927947998, 14.914234161376953], [-14.504425048828125, 14.916186332702637], [-14.498556137084961, 14.919463157653809], [-14.485808372497559, 14.92005443572998], [-14.4768705368042, 14.92359447479248], [-14.466723442077637, 14.924386978149414], [-14.44467544555664, 14.93862533569336], [-14.438043594360352, 14.937084197998047]]}, "properties": {"name": "Temporary stream", "type": "Temporary stream", "couleur": "#90CAF9"}}, {"type": "Feature", "geometry": {"type": "LineString", "coordinates": [[-14.596467971801758, 14.929911613464355], [-14.582453727722168, 14.923171043395996], [-14.566316604614258, 14.916682243347168], [-14.559224128723145, 14.916068077087402], [-14.553526878356934, 14.913601875305176], [-14.543988227844238, 14.90445327758789]]}, "properties": {"name": "Temporary stream", "type": "Temporary stream", "couleur": "#90CAF9"}}, {"type": "Feature", "geometry": {"type": "LineString", "coordinates": [[-13.801283836364746, 14.920124053955078], [-13.815206527709961, 14.918634414672852], [-13.823908805847168, 14.914200782775879], [-13.865348815917969, 14.899394035339355], [-13.875020027160645, 14.89793586730957], [-13.885895729064941, 14.899224281311035], [-13.895857810974121, 14.903965950012207], [-13.912287712097168, 14.918760299682617], [-13.917738914489746, 14.920782089233398], [-13.919197082519531, 14.921873092651367], [-13.93533706665039, 14.93395709991455], [-13.964376449584961, 14.958057403564453], [-13.970396995544434, 14.9706392288208], [-13.976983070373535, 14.993091583251953], [-13.980536460876465, 15.0]]}, "properties": {"name": "Temporary stream", "type": "Temporary stream", "couleur": "#90CAF9"}}, {"type": "Feature", "geometry": {"type": "LineString", "coordinates": [[-13.373360633850098, 14.896788597106934], [-13.349806785583496, 14.9061279296875], [-13.321952819824219, 14.908599853515625], [-13.305182456970215, 14.908245086669922]]}, "properties": {"name": "Temporary stream", "type": "Temporary stream", "couleur": "#90CAF9"}}, {"type": "Feature", "geometry": {"type": "LineString", "coordinates": [[-13.373360633850098, 14.896788597106934], [-13.38090991973877, 14.895590782165527], [-13.402302742004395, 14.914976119995117], [-13.403519630432129, 14.920022010803223], [-13.402671813964844, 14.933809280395508], [-13.406757354736328, 14.943658828735352]]}, "properties": {"name": "Temporary stream", "type": "Temporary stream", "couleur": "#90CAF9"}}, {"type": "Feature", "geometry": {"type": "LineString", "coordinates": [[-13.119848251342773, 14.960095405578613], [-13.121729850769043, 14.958706855773926], [-13.131881713867188, 14.957731246948242], [-13.145583152770996, 14.95765495300293], [-13.163739204406738, 14.952268600463867], [-13.170312881469727, 14.94556999206543], [-13.17965316772461, 14.928290367126465], [-13.192096710205078, 14.916274070739746], [-13.214483261108398, 14.908103942871094], [-13.226669311523438, 14.90223503112793], [-13.242973327636719, 14.89438247680664], [-13.264684677124023, 14.891724586486816], [-13.266800880432129, 14.890334129333496]]}, "properties": {"name": "Temporary stream", "type": "Temporary stream", "couleur": "#90CAF9"}}, {"type": "Feature", "geometry": {"type": "LineString", "coordinates": [[-13.266800880432129, 14.890334129333496], [-13.285299301147461, 14.901935577392578], [-13.295722961425781, 14.906695365905762], [-13.305182456970215, 14.908245086669922]]}, "properties": {"name": "Temporary stream", "type": "Temporary stream", "couleur": "#90CAF9"}}, {"type": "Feature", "geometry": {"type": "LineString", "coordinates": [[-12.603787422180176, 14.87106990814209], [-12.595431327819824, 14.906933784484863], [-12.596412658691406, 14.916117668151855], [-12.605265617370605, 14.943877220153809], [-12.611530303955078, 14.955521583557129]]}, "properties": {"name": "Temporary stream", "type": "Temporary stream", "couleur": "#90CAF9"}}, {"type": "Feature", "geometry": {"type": "LineString", "coordinates": [[-17.07844352722168, 14.934855461120605], [-17.0850830078125, 14.930992126464844], [-17.08824920654297, 14.925293922424316], [-17.089534759521484, 14.91865062713623], [-17.085674285888672, 14.908488273620605], [-17.080121994018555, 14.900598526000977], [-17.07345199584961, 14.888559341430664], [-17.065593719482422, 14.876961708068848], [-17.057886123657227, 14.870879173278809], [-17.054340362548828, 14.870829582214355], [-17.052343368530273, 14.877462387084961], [-17.052942276000977, 14.884363174438477], [-17.058042526245117, 14.890867233276367], [-17.067298889160156, 14.903863906860352], [-17.07472038269043, 14.91315746307373], [-17.075817108154297, 14.918686866760254], [-17.0752010345459, 14.92763614654541], [-17.076763153076172, 14.93363094329834], [-17.07844352722168, 14.934855461120605]]}, "properties": {"name": "Temporary stream", "type": "Temporary stream", "couleur": "#90CAF9"}}, {"type": "Feature", "geometry": {"type": "LineString", "coordinates": [[-12.419774055480957, 14.856306076049805], [-12.42521858215332, 14.860193252563477], [-12.443909645080566, 14.879672050476074], [-12.449393272399902, 14.885384559631348], [-12.45604133605957, 14.89547061920166], [-12.462398529052734, 14.956317901611328], [-12.470759391784668, 14.982243537902832], [-12.480462074279785, 14.997748374938965], [-12.485945701599121, 15.0]]}, "properties": {"name": "Senegal", "type": "Main river", "couleur": "#1565C0"}}, {"type": "Feature", "geometry": {"type": "LineString", "coordinates": [[-13.700663566589355, 14.86256217956543], [-13.723247528076172, 14.85228157043457], [-13.729147911071777, 14.851777076721191], [-13.757301330566406, 14.857991218566895], [-13.767498016357422, 14.862964630126953], [-13.772271156311035, 14.868900299072266], [-13.779019355773926, 14.884925842285156], [-13.787137985229492, 14.895427703857422], [-13.787403106689453, 14.898872375488281], [-13.793886184692383, 14.911224365234375], [-13.7950439453125, 14.912616729736328], [-13.801283836364746, 14.920124053955078]]}, "properties": {"name": "Temporary stream", "type": "Temporary stream", "couleur": "#90CAF9"}}, {"type": "Feature", "geometry": {"type": "LineString", "coordinates": [[-14.703454971313477, 14.849029541015625], [-14.699629783630371, 14.864922523498535], [-14.681045532226562, 14.891087532043457], [-14.669344902038574, 14.900175094604492], [-14.667960166931152, 14.902946472167969], [-14.648326873779297, 14.920620918273926], [-14.642690658569336, 14.92343807220459], [-14.61644458770752, 14.921196937561035], [-14.613658905029297, 14.921566009521484], [-14.607010841369629, 14.922447204589844], [-14.602311134338379, 14.924566268920898], [-14.596467971801758, 14.929911613464355]]}, "properties": {"name": "Temporary stream", "type": "Temporary stream", "couleur": "#90CAF9"}}, {"type": "Feature", "geometry": {"type": "LineString", "coordinates": [[-13.533016204833984, 14.959110260009766], [-13.538284301757812, 14.93725299835205], [-13.534616470336914, 14.920741081237793], [-13.527666091918945, 14.907466888427734], [-13.522711753845215, 14.876721382141113], [-13.520299911499023, 14.870077133178711], [-13.517430305480957, 14.865273475646973], [-13.507450103759766, 14.857072830200195], [-13.493233680725098, 14.850508689880371], [-13.480703353881836, 14.848526954650879]]}, "properties": {"name": "Temporary stream", "type": "Temporary stream", "couleur": "#90CAF9"}}, {"type": "Feature", "geometry": {"type": "LineString", "coordinates": [[-12.670262336730957, 14.843249320983887], [-12.682568550109863, 14.849632263183594], [-12.69015884399414, 14.857183456420898], [-12.70205307006836, 14.8768892288208], [-12.705876350402832, 14.886750221252441], [-12.723447799682617, 14.90781021118164], [-12.736305236816406, 14.930496215820312], [-12.739192962646484, 14.941967964172363], [-12.739423751831055, 14.945893287658691], [-12.739961624145508, 14.955056190490723], [-12.738142967224121, 14.970683097839355], [-12.739876747131348, 14.98790168762207], [-12.742499351501465, 14.993173599243164], [-12.743756294250488, 15.0]]}, "properties": {"name": "Temporary stream", "type": "Temporary stream", "couleur": "#90CAF9"}}, {"type": "Feature", "geometry": {"type": "LineString", "coordinates": [[-13.211929321289062, 14.84058666229248], [-13.22305679321289, 14.845344543457031], [-13.235630989074707, 14.85445785522461], [-13.266800880432129, 14.890334129333496]]}, "properties": {"name": "Temporary stream", "type": "Temporary stream", "couleur": "#90CAF9"}}, {"type": "Feature", "geometry": {"type": "LineString", "coordinates": [[-17.21157455444336, 14.855731964111328], [-17.213842391967773, 14.85494327545166], [-17.219093322753906, 14.851571083068848], [-17.228364944458008, 14.84825325012207], [-17.243762969970703, 14.84616470336914], [-17.251392364501953, 14.841906547546387], [-17.252635955810547, 14.837791442871094], [-17.249874114990234, 14.832703590393066], [-17.2442684173584, 14.828038215637207], [-17.233877182006836, 14.82720947265625], [-17.226293563842773, 14.828483581542969], [-17.220067977905273, 14.83367919921875], [-17.21307373046875, 14.842995643615723], [-17.208250045776367, 14.849357604980469], [-17.20702362060547, 14.852325439453125], [-17.20847511291504, 14.855084419250488], [-17.21157455444336, 14.855731964111328]]}, "properties": {"name": "Temporary stream", "type": "Temporary stream", "couleur": "#90CAF9"}}, {"type": "Feature", "geometry": {"type": "LineString", "coordinates": [[-15.109936714172363, 14.906693458557129], [-15.115198135375977, 14.89399242401123], [-15.120803833007812, 14.889328002929688], [-15.12807846069336, 14.885790824890137], [-15.146707534790039, 14.866257667541504], [-15.160759925842285, 14.857579231262207], [-15.17137622833252, 14.83952522277832], [-15.17884635925293, 14.833227157592773], [-15.189162254333496, 14.827810287475586], [-15.200223922729492, 14.825140953063965], [-15.202061653137207, 14.82508659362793], [-15.214150428771973, 14.82473087310791], [-15.224847793579102, 14.829876899719238], [-15.23240852355957, 14.83023738861084], [-15.238990783691406, 14.828083992004395], [-15.25421142578125, 14.818926811218262], [-15.270970344543457, 14.818476676940918], [-15.278909683227539, 14.812169075012207]]}, "properties": {"name": "Temporary stream", "type": "Temporary stream", "couleur": "#90CAF9"}}, {"type": "Feature", "geometry": {"type": "LineString", "coordinates": [[-14.236678123474121, 14.973291397094727], [-14.226946830749512, 14.968789100646973], [-14.223362922668457, 14.96491813659668], [-14.216363906860352, 14.950284004211426], [-14.211591720581055, 14.922076225280762], [-14.201452255249023, 14.900349617004395], [-14.195481300354004, 14.893744468688965], [-14.185643196105957, 14.878215789794922], [-14.17575740814209, 14.866737365722656], [-14.169157028198242, 14.859073638916016], [-14.150605201721191, 14.845690727233887], [-14.126856803894043, 14.831894874572754], [-14.103419303894043, 14.825675964355469], [-14.092316627502441, 14.82508659362793], [-14.06152057647705, 14.81456470489502], [-14.06078815460205, 14.814419746398926], [-14.027219772338867, 14.807745933532715]]}, "properties": {"name": "Temporary stream", "type": "Temporary stream", "couleur": "#90CAF9"}}, {"type": "Feature", "geometry": {"type": "LineString", "coordinates": [[-12.419774055480957, 14.856306076049805], [-12.3783597946167, 14.828635215759277], [-12.367484092712402, 14.824302673339844], [-12.34363079071045, 14.82230281829834], [-12.334175109863281, 14.818424224853516], [-12.325177192687988, 14.80994987487793], [-12.325169563293457, 14.807653427124023], [-12.321861267089844, 14.806512832641602]]}, "properties": {"name": "Senegal", "type": "Main river", "couleur": "#1565C0"}}, {"type": "Feature", "geometry": {"type": "LineString", "coordinates": [[-17.295713424682617, 14.818395614624023], [-17.303760528564453, 14.817813873291016], [-17.307313919067383, 14.817172050476074], [-17.31088638305664, 14.815382957458496], [-17.3149356842041, 14.813370704650879], [-17.317583084106445, 14.81019115447998], [-17.319499969482422, 14.808381080627441], [-17.319068908691406, 14.805390357971191], [-17.318151473999023, 14.803542137145996], [-17.315319061279297, 14.803275108337402], [-17.30797004699707, 14.80455493927002], [-17.301799774169922, 14.806309700012207], [-17.296573638916016, 14.808076858520508], [-17.294151306152344, 14.811946868896484], [-17.293861389160156, 14.815616607666016], [-17.295713424682617, 14.818395614624023]]}, "properties": {"name": "Temporary stream", "type": "Temporary stream", "couleur": "#90CAF9"}}, {"type": "Feature", "geometry": {"type": "LineString", "coordinates": [[-16.46111488342285, 14.934722900390625], [-16.47163200378418, 14.928567886352539], [-16.491662979125977, 14.925921440124512], [-16.518945693969727, 14.932106018066406], [-16.532867431640625, 14.931172370910645], [-16.55494499206543, 14.92435073852539], [-16.577537536621094, 14.919815063476562], [-16.585803985595703, 14.919668197631836], [-16.586669921875, 14.920000076293945], [-16.60936164855957, 14.928668022155762], [-16.635011672973633, 14.923383712768555], [-16.640968322753906, 14.926033020019531], [-16.648923873901367, 14.9343900680542], [-16.659404754638672, 14.938796043395996], [-16.66362953186035, 14.937341690063477], [-16.677324295043945, 14.924688339233398], [-16.683998107910156, 14.915608406066895], [-16.695497512817383, 14.906618118286133], [-16.696332931518555, 14.905964851379395], [-16.701322555541992, 14.895306587219238], [-16.704998016357422, 14.877779006958008], [-16.712852478027344, 14.86867618560791], [-16.725187301635742, 14.859262466430664], [-16.729557037353516, 14.853208541870117], [-16.729814529418945, 14.829998970031738], [-16.73588752746582, 14.814494132995605], [-16.73847007751465, 14.801581382751465]]}, "properties": {"name": "Temporary stream", "type": "Temporary stream", "couleur": "#90CAF9"}}, {"type": "Feature", "geometry": {"type": "LineString", "coordinates": [[-16.73847007751465, 14.801581382751465], [-16.746807098388672, 14.805334091186523], [-16.755104064941406, 14.807019233703613], [-16.76645278930664, 14.807729721069336], [-16.780126571655273, 14.806558609008789], [-16.7891788482666, 14.810525894165039], [-16.812620162963867, 14.813767433166504], [-16.833030700683594, 14.818901062011719], [-16.84008026123047, 14.817161560058594], [-16.844573974609375, 14.817536354064941], [-16.86130714416504, 14.80584716796875], [-16.86180877685547, 14.805496215820312], [-16.872838973999023, 14.802072525024414], [-16.87830924987793, 14.804037094116211], [-16.89364242553711, 14.815007209777832], [-16.903636932373047, 14.818723678588867]]}, "properties": {"name": "Temporary stream", "type": "Temporary stream", "couleur": "#90CAF9"}}, {"type": "Feature", "geometry": {"type": "LineString", "coordinates": [[-15.56026554107666, 14.789712905883789], [-15.557703971862793, 14.792048454284668], [-15.539579391479492, 14.795748710632324], [-15.52904987335205, 14.802101135253906], [-15.520113945007324, 14.804523468017578], [-15.50995922088623, 14.804435729980469], [-15.496068954467773, 14.807158470153809], [-15.484110832214355, 14.812837600708008], [-15.475730895996094, 14.82099437713623], [-15.468462944030762, 14.824541091918945], [-15.463029861450195, 14.824386596679688], [-15.4542236328125, 14.819684028625488], [-15.446048736572266, 14.825769424438477]]}, "properties": {"name": "Temporary stream", "type": "Temporary stream", "couleur": "#90CAF9"}}, {"type": "Feature", "geometry": {"type": "LineString", "coordinates": [[-15.56026554107666, 14.789712905883789], [-15.563192367553711, 14.795875549316406], [-15.557807922363281, 14.814559936523438], [-15.559450149536133, 14.829469680786133], [-15.556290626525879, 14.85478401184082], [-15.557307243347168, 14.85959529876709], [-15.560419082641602, 14.86230754852295], [-15.563443183898926, 14.874898910522461], [-15.56729793548584, 14.879899024963379], [-15.573601722717285, 14.906227111816406], [-15.575936317443848, 14.91000747680664], [-15.577960968017578, 14.913286209106445], [-15.59603214263916, 14.92106819152832], [-15.603592872619629, 14.92119026184082], [-15.611421585083008, 14.92337417602539], [-15.63382339477539, 14.93614673614502], [-15.646615982055664, 14.938488960266113], [-15.654706954956055, 14.942276954650879], [-15.657530784606934, 14.941546440124512], [-15.662769317626953, 14.944226264953613], [-15.66615104675293, 14.949002265930176], [-15.671157836914062, 14.95191478729248], [-15.681059837341309, 14.95062255859375]]}, "properties": {"name": "Temporary stream", "type": "Temporary stream", "couleur": "#90CAF9"}}, {"type": "Feature", "geometry": {"type": "LineString", "coordinates": [[-17.343677520751953, 14.79405689239502], [-17.343061447143555, 14.797442436218262], [-17.346343994140625, 14.799322128295898], [-17.353923797607422, 14.798273086547852], [-17.359182357788086, 14.794208526611328], [-17.36254119873047, 14.790810585021973], [-17.363059997558594, 14.787603378295898], [-17.362146377563477, 14.785294532775879], [-17.35931968688965, 14.78456974029541], [-17.356231689453125, 14.785677909851074], [-17.35430145263672, 14.788407325744629], [-17.35215187072754, 14.789985656738281], [-17.349056243896484, 14.791552543640137], [-17.343677520751953, 14.79405689239502]]}, "properties": {"name": "Temporary stream", "type": "Temporary stream", "couleur": "#90CAF9"}}, {"type": "Feature", "geometry": {"type": "LineString", "coordinates": [[-12.283035278320312, 14.769861221313477], [-12.321861267089844, 14.806512832641602]]}, "properties": {"name": "Senegal", "type": "Main river", "couleur": "#1565C0"}}, {"type": "Feature", "geometry": {"type": "LineString", "coordinates": [[-12.419774055480957, 14.856306076049805], [-12.435246467590332, 14.823638916015625], [-12.439452171325684, 14.810761451721191], [-12.447359085083008, 14.776509284973145], [-12.446134567260742, 14.763877868652344]]}, "properties": {"name": "Temporary stream", "type": "Temporary stream", "couleur": "#90CAF9"}}, {"type": "Feature", "geometry": {"type": "LineString", "coordinates": [[-15.60254955291748, 14.760163307189941], [-15.57724666595459, 14.772930145263672], [-15.56026554107666, 14.789712905883789]]}, "properties": {"name": "Temporary stream", "type": "Temporary stream", "couleur": "#90CAF9"}}, {"type": "Feature", "geometry": {"type": "LineString", "coordinates": [[-12.479792594909668, 15.0], [-12.478336334228516, 14.998282432556152], [-12.473831176757812, 14.99297046661377], [-12.468733787536621, 14.985269546508789], [-12.45966911315918, 14.95501708984375], [-12.452862739562988, 14.896151542663574], [-12.451164245605469, 14.891201972961426], [-12.441361427307129, 14.880586624145508], [-12.431918144226074, 14.870360374450684], [-12.403064727783203, 14.847749710083008], [-12.388355255126953, 14.838949203491211], [-12.364029884338379, 14.828496932983398], [-12.336311340332031, 14.82464599609375], [-12.327825546264648, 14.819693565368652], [-12.320375442504883, 14.811783790588379], [-12.30294418334961, 14.793279647827148], [-12.28654670715332, 14.777870178222656], [-12.26223087310791, 14.767409324645996], [-12.250921249389648, 14.764654159545898], [-12.241923332214355, 14.76060962677002], [-12.24216079711914, 14.75687026977539]]}, "properties": {"name": "Senegal", "type": "Main river", "couleur": "#1565C0"}}, {"type": "Feature", "geometry": {"type": "LineString", "coordinates": [[-12.283035278320312, 14.769861221313477], [-12.277594566345215, 14.765740394592285], [-12.271215438842773, 14.763689041137695], [-12.25633716583252, 14.761658668518066], [-12.24216079711914, 14.75687026977539]]}, "properties": {"name": "Senegal", "type": "Main river", "couleur": "#1565C0"}}, {"type": "Feature", "geometry": {"type": "LineString", "coordinates": [[-14.543988227844238, 14.90445327758789], [-14.534342765808105, 14.89521598815918], [-14.527946472167969, 14.886307716369629], [-14.516148567199707, 14.872329711914062], [-14.503755569458008, 14.85623836517334], [-14.497310638427734, 14.850103378295898], [-14.487570762634277, 14.844921112060547], [-14.479519844055176, 14.842937469482422], [-14.470083236694336, 14.84372329711914], [-14.459036827087402, 14.848431587219238], [-14.453712463378906, 14.858134269714355], [-14.45184326171875, 14.859992027282715], [-14.446633338928223, 14.85866641998291], [-14.43236255645752, 14.849393844604492], [-14.420089721679688, 14.84997844696045], [-14.417007446289062, 14.848860740661621], [-14.411226272583008, 14.83835220336914], [-14.409284591674805, 14.833547592163086], [-14.409436225891113, 14.825735092163086], [-14.4072904586792, 14.823689460754395], [-14.397353172302246, 14.821951866149902], [-14.39400863647461, 14.818310737609863], [-14.386865615844727, 14.790814399719238], [-14.384237289428711, 14.787854194641113], [-14.35957145690918, 14.777303695678711], [-14.335512161254883, 14.756864547729492]]}, "properties": {"name": "Temporary stream", "type": "Temporary stream", "couleur": "#90CAF9"}}, {"type": "Feature", "geometry": {"type": "LineString", "coordinates": [[-12.455191612243652, 14.855504989624023], [-12.460809707641602, 14.841474533081055], [-12.47281265258789, 14.83041000366211], [-12.486441612243652, 14.812447547912598], [-12.51304817199707, 14.793062210083008], [-12.51917552947998, 14.790285110473633], [-12.538049697875977, 14.786773681640625], [-12.543225288391113, 14.782160758972168], [-12.546835899353027, 14.774532318115234], [-12.552591323852539, 14.762372016906738], [-12.562446594238281, 14.747404098510742]]}, "properties": {"name": "Temporary stream", "type": "Temporary stream", "couleur": "#90CAF9"}}, {"type": "Feature", "geometry": {"type": "LineString", "coordinates": [[-15.52942180633545, 14.732481956481934], [-15.547000885009766, 14.739815711975098], [-15.576613426208496, 14.746747970581055], [-15.582344055175781, 14.751031875610352], [-15.585725784301758, 14.756037712097168], [-15.595701217651367, 14.760031700134277], [-15.60254955291748, 14.760163307189941]]}, "properties": {"name": "Temporary stream", "type": "Temporary stream", "couleur": "#90CAF9"}}, {"type": "Feature", "geometry": {"type": "LineString", "coordinates": [[-12.24216079711914, 14.75687026977539], [-12.242613792419434, 14.749748229980469], [-12.237624168395996, 14.737584114074707], [-12.233602523803711, 14.734607696533203], [-12.222029685974121, 14.731648445129395], [-12.214932441711426, 14.725462913513184], [-12.213741302490234, 14.721330642700195]]}, "properties": {"name": "Faleme", "type": "Secondary river", "couleur": "#1976D2"}}, {"type": "Feature", "geometry": {"type": "LineString", "coordinates": [[-13.373360633850098, 14.896788597106934], [-13.370505332946777, 14.893820762634277], [-13.3695068359375, 14.886016845703125], [-13.361912727355957, 14.880783081054688], [-13.357137680053711, 14.8732328414917], [-13.3514404296875, 14.868905067443848], [-13.347370147705078, 14.860891342163086], [-13.342622756958008, 14.857246398925781], [-13.338305473327637, 14.847395896911621], [-13.335927963256836, 14.845113754272461], [-13.330484390258789, 14.843310356140137], [-13.30168342590332, 14.809032440185547], [-13.291881561279297, 14.804024696350098], [-13.287468910217285, 14.801769256591797], [-13.273628234863281, 14.779341697692871], [-13.27380657196045, 14.770610809326172], [-13.269415855407715, 14.76060676574707], [-13.268521308898926, 14.756629943847656], [-13.25946044921875, 14.749994277954102], [-13.232027053833008, 14.734564781188965], [-13.22107219696045, 14.719467163085938], [-13.215620040893555, 14.715594291687012], [-13.207111358642578, 14.71380615234375], [-13.183802604675293, 14.722901344299316], [-13.177435874938965, 14.723856925964355], [-13.152164459228516, 14.721014976501465], [-13.146034240722656, 14.722197532653809], [-13.141780853271484, 14.72130298614502], [-13.13282585144043, 14.723650932312012], [-13.092397689819336, 14.752131462097168], [-13.087499618530273, 14.762266159057617], [-13.074584007263184, 14.773822784423828], [-13.059958457946777, 14.775508880615234], [-13.05030345916748, 14.779925346374512], [-13.041143417358398, 14.78801441192627], [-13.032938003540039, 14.798165321350098], [-13.032950401306152, 14.80023193359375], [-13.030598640441895, 14.801852226257324], [-13.021477699279785, 14.817291259765625], [-13.013028144836426, 14.8262939453125], [-13.00644302368164, 14.83092212677002], [-12.98948860168457, 14.839278221130371], [-12.979351043701172, 14.842315673828125], [-12.963303565979004, 14.84400463104248], [-12.953169822692871, 14.84773063659668], [-12.94046688079834, 14.856998443603516], [-12.938586235046387, 14.858368873596191], [-12.93344783782959, 14.8689603805542], [-12.926498413085938, 14.894491195678711], [-12.92345142364502, 14.898870468139648], [-12.914978981018066, 14.904655456542969], [-12.913104057312012, 14.907419204711914], [-12.909089088439941, 14.907438278198242], [-12.900374412536621, 14.912074089050293], [-12.878483772277832, 14.926877975463867], [-12.872347831726074, 14.927824974060059], [-12.866896629333496, 14.924176216125488], [-12.857386589050293, 14.912046432495117]]}, "properties": {"name": "Temporary stream", "type": "Temporary stream", "couleur": "#90CAF9"}}, {"type": "Feature", "geometry": {"type": "LineString", "coordinates": [[-16.73847007751465, 14.801581382751465], [-16.726457595825195, 14.791003227233887], [-16.717721939086914, 14.778985023498535], [-16.713674545288086, 14.765043258666992], [-16.71367835998535, 14.753095626831055], [-16.704599380493164, 14.735339164733887], [-16.69955062866211, 14.701082229614258]]}, "properties": {"name": "Temporary stream", "type": "Temporary stream", "couleur": "#90CAF9"}}, {"type": "Feature", "geometry": {"type": "LineString", "coordinates": [[-12.858684539794922, 14.700929641723633], [-12.855705261230469, 14.718403816223145], [-12.855989456176758, 14.727822303771973], [-12.850354194641113, 14.733820915222168], [-12.847784042358398, 14.739116668701172], [-12.838855743408203, 14.747427940368652], [-12.83182144165039, 14.756878852844238], [-12.82494831085205, 14.773624420166016]]}, "properties": {"name": "Temporary stream", "type": "Temporary stream", "couleur": "#90CAF9"}}, {"type": "Feature", "geometry": {"type": "LineString", "coordinates": [[-15.759795188903809, 14.776017189025879], [-15.76872444152832, 14.773356437683105], [-15.795918464660645, 14.76123332977295], [-15.806317329406738, 14.761995315551758], [-15.819896697998047, 14.754898071289062], [-15.829322814941406, 14.753837585449219], [-15.841931343078613, 14.759849548339844], [-15.845394134521484, 14.754972457885742], [-15.84709644317627, 14.74345874786377], [-15.854912757873535, 14.730472564697266], [-15.856696128845215, 14.72401237487793], [-15.856744766235352, 14.723236083984375], [-15.858009338378906, 14.703084945678711], [-15.864901542663574, 14.69149112701416]]}, "properties": {"name": "Temporary stream", "type": "Temporary stream", "couleur": "#90CAF9"}}, {"type": "Feature", "geometry": {"type": "LineString", "coordinates": [[-15.728992462158203, 14.693990707397461], [-15.720947265625, 14.692731857299805], [-15.709781646728516, 14.688070297241211], [-15.704583168029785, 14.687687873840332], [-15.692846298217773, 14.691765785217285], [-15.672059059143066, 14.705855369567871], [-15.662901878356934, 14.708974838256836], [-15.650501251220703, 14.716048240661621], [-15.636743545532227, 14.727046012878418], [-15.619935989379883, 14.744532585144043], [-15.618156433105469, 14.746383666992188], [-15.60254955291748, 14.760163307189941]]}, "properties": {"name": "Temporary stream", "type": "Temporary stream", "couleur": "#90CAF9"}}, {"type": "Feature", "geometry": {"type": "LineString", "coordinates": [[-15.864901542663574, 14.69149112701416], [-15.86175537109375, 14.686714172363281], [-15.859389305114746, 14.686290740966797], [-15.852215766906738, 14.695130348205566], [-15.848226547241211, 14.69657039642334], [-15.832633972167969, 14.695657730102539], [-15.827692985534668, 14.696651458740234], [-15.799793243408203, 14.693626403808594], [-15.785435676574707, 14.696138381958008], [-15.74307918548584, 14.694527626037598], [-15.728992462158203, 14.693990707397461]]}, "properties": {"name": "Temporary stream", "type": "Temporary stream", "couleur": "#90CAF9"}}, {"type": "Feature", "geometry": {"type": "LineString", "coordinates": [[-12.697354316711426, 14.72253704071045], [-12.70918083190918, 14.710726737976074], [-12.710983276367188, 14.708927154541016], [-12.722294807434082, 14.705204010009766], [-12.74204158782959, 14.68835163116455], [-12.746517181396484, 14.686493873596191], [-12.752887725830078, 14.686237335205078], [-12.771085739135742, 14.691903114318848], [-12.780295372009277, 14.693011283874512], [-12.79751205444336, 14.690868377685547], [-12.82937240600586, 14.693869590759277], [-12.858684539794922, 14.700929641723633]]}, "properties": {"name": "Temporary stream", "type": "Temporary stream", "couleur": "#90CAF9"}}, {"type": "Feature", "geometry": {"type": "LineString", "coordinates": [[-16.692276000976562, 14.684093475341797], [-16.692102432250977, 14.6873140335083], [-16.69955062866211, 14.701082229614258]]}, "properties": {"name": "Temporary stream", "type": "Temporary stream", "couleur": "#90CAF9"}}, {"type": "Feature", "geometry": {"type": "LineString", "coordinates": [[-16.670761108398438, 14.682186126708984], [-16.67130470275879, 14.685853004455566], [-16.675827026367188, 14.687840461730957], [-16.68410301208496, 14.688608169555664], [-16.691564559936523, 14.69605541229248], [-16.69955062866211, 14.701082229614258]]}, "properties": {"name": "Temporary stream", "type": "Temporary stream", "couleur": "#90CAF9"}}, {"type": "Feature", "geometry": {"type": "LineString", "coordinates": [[-16.670761108398438, 14.682186126708984], [-16.669355392456055, 14.67158317565918]]}, "properties": {"name": "Temporary stream", "type": "Temporary stream", "couleur": "#90CAF9"}}, {"type": "Feature", "geometry": {"type": "LineString", "coordinates": [[-16.670761108398438, 14.682186126708984], [-16.674863815307617, 14.680842399597168], [-16.67550277709961, 14.676708221435547], [-16.673215866088867, 14.66609001159668], [-16.66927719116211, 14.662714004516602], [-16.669355392456055, 14.67158317565918]]}, "properties": {"name": "Temporary stream", "type": "Temporary stream", "couleur": "#90CAF9"}}, {"type": "Feature", "geometry": {"type": "LineString", "coordinates": [[-16.69955062866211, 14.701082229614258], [-16.704986572265625, 14.69443130493164], [-16.705631256103516, 14.691204071044922], [-16.70069122314453, 14.679803848266602], [-16.688499450683594, 14.659575462341309]]}, "properties": {"name": "Temporary stream", "type": "Temporary stream", "couleur": "#90CAF9"}}, {"type": "Feature", "geometry": {"type": "LineString", "coordinates": [[-16.680438995361328, 14.676289558410645], [-16.677528381347656, 14.6708345413208], [-16.677478790283203, 14.667743682861328], [-16.68085479736328, 14.658069610595703]]}, "properties": {"name": "Temporary stream", "type": "Temporary stream", "couleur": "#90CAF9"}}, {"type": "Feature", "geometry": {"type": "LineString", "coordinates": [[-16.68085479736328, 14.658069610595703], [-16.688499450683594, 14.659575462341309]]}, "properties": {"name": "Temporary stream", "type": "Temporary stream", "couleur": "#90CAF9"}}, {"type": "Feature", "geometry": {"type": "LineString", "coordinates": [[-12.213741302490234, 14.721330642700195], [-12.212310791015625, 14.71558952331543], [-12.214399337768555, 14.702031135559082], [-12.212967872619629, 14.696290969848633], [-12.207292556762695, 14.691939353942871], [-12.198793411254883, 14.690810203552246], [-12.18864917755127, 14.691981315612793], [-12.176591873168945, 14.683279037475586], [-12.167153358459473, 14.683759689331055], [-12.163843154907227, 14.681009292602539], [-12.162182807922363, 14.677796363830566], [-12.16477108001709, 14.67457389831543], [-12.178671836853027, 14.665583610534668], [-12.180538177490234, 14.657308578491211]]}, "properties": {"name": "Faleme", "type": "Secondary river", "couleur": "#1976D2"}}, {"type": "Feature", "geometry": {"type": "LineString", "coordinates": [[-12.213741302490234, 14.721330642700195], [-12.228583335876465, 14.710956573486328], [-12.241079330444336, 14.706331253051758], [-12.256609916687012, 14.689982414245605], [-12.262486457824707, 14.68123722076416], [-12.270491600036621, 14.675013542175293], [-12.289571762084961, 14.663248062133789], [-12.30559253692627, 14.655393600463867]]}, "properties": {"name": "Temporary stream", "type": "Temporary stream", "couleur": "#90CAF9"}}, {"type": "Feature", "geometry": {"type": "LineString", "coordinates": [[-12.858684539794922, 14.700929641723633], [-12.870720863342285, 14.700643539428711], [-12.882972717285156, 14.696681022644043], [-12.902024269104004, 14.684185028076172], [-12.910505294799805, 14.681386947631836], [-12.924324035644531, 14.661561965942383], [-12.929962158203125, 14.656940460205078], [-12.942460060119629, 14.65527057647705]]}, "properties": {"name": "Temporary stream", "type": "Temporary stream", "couleur": "#90CAF9"}}, {"type": "Feature", "geometry": {"type": "LineString", "coordinates": [[-12.942460060119629, 14.65527057647705], [-12.958148956298828, 14.676559448242188], [-12.969100952148438, 14.694424629211426], [-12.976264953613281, 14.7097806930542], [-12.984031677246094, 14.748796463012695], [-12.99190902709961, 14.764607429504395], [-12.997159004211426, 14.764915466308594], [-13.00631332397461, 14.76545238494873], [-13.019289016723633, 14.764006614685059], [-13.029180526733398, 14.760049819946289], [-13.034111976623535, 14.755430221557617], [-13.041827201843262, 14.742524147033691]]}, "properties": {"name": "Temporary stream", "type": "Temporary stream", "couleur": "#90CAF9"}}, {"type": "Feature", "geometry": {"type": "LineString", "coordinates": [[-16.688499450683594, 14.659575462341309], [-16.712011337280273, 14.655011177062988], [-16.719730377197266, 14.651423454284668], [-16.727991104125977, 14.65150260925293], [-16.73927879333496, 14.649456977844238], [-16.747314453125, 14.649998664855957], [-16.7561092376709, 14.65328311920166], [-16.772356033325195, 14.663325309753418], [-16.782772064208984, 14.664970397949219], [-16.793066024780273, 14.672362327575684], [-16.79741668701172, 14.688783645629883], [-16.797910690307617, 14.690655708312988], [-16.806840896606445, 14.71254825592041], [-16.8181095123291, 14.72130012512207], [-16.821870803833008, 14.720541000366211], [-16.82901382446289, 14.723624229431152], [-16.8438663482666, 14.722657203674316], [-16.866352081298828, 14.71373462677002], [-16.87613296508789, 14.70711612701416]]}, "properties": {"name": "Temporary stream", "type": "Temporary stream", "couleur": "#90CAF9"}}, {"type": "Feature", "geometry": {"type": "LineString", "coordinates": [[-14.075748443603516, 14.648336410522461], [-14.083063125610352, 14.648270606994629], [-14.088677406311035, 14.643165588378906], [-14.095730781555176, 14.640575408935547], [-14.100038528442383, 14.646968841552734], [-14.105116844177246, 14.659560203552246], [-14.109878540039062, 14.6638822555542], [-14.118639945983887, 14.667019844055176], [-14.132346153259277, 14.668961524963379], [-14.143479347229004, 14.673225402832031], [-14.165840148925781, 14.691169738769531], [-14.16819953918457, 14.69114875793457], [-14.17074966430664, 14.686529159545898], [-14.176459312438965, 14.691072463989258], [-14.190902709960938, 14.719425201416016], [-14.193681716918945, 14.714115142822266], [-14.201558113098145, 14.705490112304688], [-14.204429626464844, 14.703216552734375], [-14.209877967834473, 14.705233573913574], [-14.21364974975586, 14.704737663269043], [-14.221717834472656, 14.709027290344238], [-14.224109649658203, 14.712221145629883], [-14.231239318847656, 14.716978073120117], [-14.234874725341797, 14.726363182067871], [-14.243656158447266, 14.731103897094727], [-14.250852584838867, 14.742293357849121], [-14.267004013061523, 14.752017974853516], [-14.283124923706055, 14.758753776550293], [-14.307104110717773, 14.761153221130371], [-14.31242847442627, 14.761686325073242], [-14.331497192382812, 14.756674766540527], [-14.335512161254883, 14.756864547729492]]}, "properties": {"name": "Temporary stream", "type": "Temporary stream", "couleur": "#90CAF9"}}, {"type": "Feature", "geometry": {"type": "LineString", "coordinates": [[-13.041827201843262, 14.742524147033691], [-13.050040245056152, 14.733981132507324], [-13.056158065795898, 14.730731964111328], [-13.068419456481934, 14.728598594665527], [-13.073589324951172, 14.724665641784668], [-13.079014778137207, 14.724176406860352], [-13.086545944213867, 14.720459938049316], [-13.093104362487793, 14.71192455291748], [-13.094935417175293, 14.702264785766602], [-13.094426155090332, 14.700645446777344], [-13.09277057647705, 14.69538402557373], [-13.067378044128418, 14.67116928100586], [-13.061161041259766, 14.657188415527344], [-13.056358337402344, 14.636890411376953]]}, "properties": {"name": "Temporary stream", "type": "Temporary stream", "couleur": "#90CAF9"}}, {"type": "Feature", "geometry": {"type": "LineString", "coordinates": [[-12.46921443939209, 14.636604309082031], [-12.47486686706543, 14.679702758789062], [-12.473965644836426, 14.691652297973633], [-12.469500541687012, 14.696950912475586], [-12.463138580322266, 14.699728965759277], [-12.441909790039062, 14.70278263092041], [-12.427528381347656, 14.707192420959473], [-12.418091773986816, 14.708370208740234], [-12.40712833404541, 14.71473217010498], [-12.406549453735352, 14.715068817138672], [-12.397375106811523, 14.724055290222168], [-12.391032218933105, 14.733263969421387], [-12.345849990844727, 14.776814460754395], [-12.321861267089844, 14.806512832641602]]}, "properties": {"name": "Temporary stream", "type": "Temporary stream", "couleur": "#90CAF9"}}, {"type": "Feature", "geometry": {"type": "LineString", "coordinates": [[-12.148832321166992, 14.620847702026367], [-12.14698314666748, 14.636934280395508], [-12.148180961608887, 14.644514083862305], [-12.151021003723145, 14.648183822631836], [-12.15503978729248, 14.65139102935791], [-12.180538177490234, 14.657308578491211]]}, "properties": {"name": "Faleme", "type": "Secondary river", "couleur": "#1976D2"}}, {"type": "Feature", "geometry": {"type": "LineString", "coordinates": [[-13.822394371032715, 14.629347801208496], [-13.829950332641602, 14.629976272583008], [-13.844801902770996, 14.628478050231934], [-13.848078727722168, 14.62546443939209], [-13.852331161499023, 14.626119613647461], [-13.8577299118042, 14.622858047485352], [-13.869977951049805, 14.620461463928223], [-13.885573387145996, 14.623088836669922], [-13.900278091430664, 14.631697654724121], [-13.903583526611328, 14.631900787353516], [-13.907393455505371, 14.635774612426758], [-13.924196243286133, 14.641378402709961], [-13.944092750549316, 14.639363288879395], [-13.948948860168457, 14.638871192932129], [-13.962163925170898, 14.63898754119873], [-13.967839241027832, 14.640317916870117], [-13.979472160339355, 14.648031234741211], [-13.981146812438965, 14.650544166564941], [-13.989895820617676, 14.652536392211914], [-13.996740341186523, 14.65270709991455], [-14.010397911071777, 14.649600982666016], [-14.02219295501709, 14.649269104003906], [-14.037734985351562, 14.645915985107422], [-14.050233840942383, 14.645116806030273], [-14.06607437133789, 14.648422241210938], [-14.068441390991211, 14.64840030670166], [-14.075748443603516, 14.648336410522461]]}, "properties": {"name": "Temporary stream", "type": "Temporary stream", "couleur": "#90CAF9"}}, {"type": "Feature", "geometry": {"type": "LineString", "coordinates": [[-12.87710952758789, 14.611242294311523], [-12.885147094726562, 14.614420890808105], [-12.906856536865234, 14.615466117858887], [-12.914183616638184, 14.617728233337402], [-12.92556381225586, 14.628241539001465], [-12.942460060119629, 14.65527057647705]]}, "properties": {"name": "Temporary stream", "type": "Temporary stream", "couleur": "#90CAF9"}}, {"type": "Feature", "geometry": {"type": "LineString", "coordinates": [[-14.878713607788086, 14.607625961303711], [-14.872941970825195, 14.617804527282715], [-14.864325523376465, 14.626866340637207], [-14.86016845703125, 14.634037017822266], [-14.85701847076416, 14.646251678466797], [-14.859724044799805, 14.655180931091309], [-14.86618709564209, 14.662457466125488], [-14.871794700622559, 14.67686653137207], [-14.879944801330566, 14.686881065368652], [-14.889455795288086, 14.692511558532715], [-14.902259826660156, 14.697186470031738], [-14.911483764648438, 14.698683738708496]]}, "properties": {"name": "Temporary stream", "type": "Temporary stream", "couleur": "#90CAF9"}}, {"type": "Feature", "geometry": {"type": "LineString", "coordinates": [[-16.65673828125, 14.603989601135254], [-16.660058975219727, 14.628838539123535], [-16.666343688964844, 14.636539459228516], [-16.665681838989258, 14.658645629882812], [-16.669355392456055, 14.67158317565918]]}, "properties": {"name": "Temporary stream", "type": "Temporary stream", "couleur": "#90CAF9"}}, {"type": "Feature", "geometry": {"type": "LineString", "coordinates": [[-16.68085479736328, 14.658069610595703], [-16.65673828125, 14.603989601135254]]}, "properties": {"name": "Temporary stream", "type": "Temporary stream", "couleur": "#90CAF9"}}, {"type": "Feature", "geometry": {"type": "LineString", "coordinates": [[-12.283035278320312, 14.769861221313477], [-12.295022010803223, 14.751911163330078], [-12.3025541305542, 14.744770050048828], [-12.321883201599121, 14.73598861694336], [-12.341190338134766, 14.720541954040527], [-12.348469734191895, 14.708575248718262], [-12.354327201843262, 14.6950044631958], [-12.355484962463379, 14.688109397888184], [-12.360645294189453, 14.677986145019531], [-12.362507820129395, 14.676016807556152], [-12.369582176208496, 14.668540954589844], [-12.375237464904785, 14.665998458862305], [-12.378762245178223, 14.661391258239746], [-12.396095275878906, 14.622512817382812], [-12.413004875183105, 14.599486351013184]]}, "properties": {"name": "Temporary stream", "type": "Temporary stream", "couleur": "#90CAF9"}}, {"type": "Feature", "geometry": {"type": "LineString", "coordinates": [[-16.269258499145508, 14.59630298614502], [-16.26632308959961, 14.6083345413208], [-16.263362884521484, 14.614359855651855], [-16.253665924072266, 14.626469612121582], [-16.25140380859375, 14.632022857666016], [-16.25031852722168, 14.637325286865234], [-16.255346298217773, 14.654705047607422], [-16.254947662353516, 14.65884780883789], [-16.251741409301758, 14.664416313171387], [-16.24684715270996, 14.667943954467773], [-16.23151969909668, 14.668657302856445], [-16.225709915161133, 14.673809051513672], [-16.219154357910156, 14.690231323242188], [-16.21540069580078, 14.694737434387207], [-16.203433990478516, 14.709101676940918], [-16.19620704650879, 14.714274406433105], [-16.172040939331055, 14.722713470458984], [-16.1502685546875, 14.733177185058594], [-16.140172958374023, 14.736328125], [-16.130016326904297, 14.73603343963623], [-16.118017196655273, 14.73829460144043], [-16.099262237548828, 14.736157417297363], [-16.09152603149414, 14.735275268554688], [-16.079517364501953, 14.737076759338379], [-16.066162109375, 14.743033409118652], [-16.049928665161133, 14.7462797164917], [-16.039981842041016, 14.744368553161621], [-16.015172958374023, 14.729138374328613], [-16.006488800048828, 14.73203182220459], [-15.999716758728027, 14.736504554748535], [-15.991716384887695, 14.738007545471191], [-15.986737251281738, 14.73670768737793], [-15.978292465209961, 14.737144470214844], [-15.973999977111816, 14.737367630004883], [-15.967825889587402, 14.7351655960083], [-15.961020469665527, 14.729168891906738], [-15.927095413208008, 14.713052749633789], [-15.922528266906738, 14.70806884765625], [-15.917774200439453, 14.706073760986328], [-15.914639472961426, 14.701986312866211], [-15.906061172485352, 14.697063446044922], [-15.864901542663574, 14.69149112701416]]}, "properties": {"name": "Temporary stream", "type": "Temporary stream", "couleur": "#90CAF9"}}, {"type": "Feature", "geometry": {"type": "LineString", "coordinates": [[-12.340299606323242, 14.585453033447266], [-12.332294464111328, 14.590070724487305], [-12.323573112487793, 14.592852592468262], [-12.313685417175293, 14.599541664123535], [-12.302135467529297, 14.602789878845215], [-12.298592567443848, 14.601420402526855], [-12.268404960632324, 14.604715347290039], [-12.245519638061523, 14.60454273223877], [-12.237504005432129, 14.606399536132812], [-12.22784423828125, 14.611248970031738], [-12.220078468322754, 14.618850708007812], [-12.219608306884766, 14.61931037902832], [-12.21373176574707, 14.627824783325195], [-12.207633018493652, 14.64139461517334], [-12.198450088500977, 14.64899730682373], [-12.182663917541504, 14.65799331665039], [-12.180538177490234, 14.657308578491211]]}, "properties": {"name": "Temporary stream", "type": "Temporary stream", "couleur": "#90CAF9"}}, {"type": "Feature", "geometry": {"type": "LineString", "coordinates": [[-15.597502708435059, 14.584003448486328], [-15.576576232910156, 14.588667869567871], [-15.528937339782715, 14.605657577514648], [-15.526619911193848, 14.60844612121582], [-15.510223388671875, 14.61648941040039], [-15.490941047668457, 14.620895385742188], [-15.482505798339844, 14.624918937683105], [-15.47630786895752, 14.625992774963379], [-15.459441184997559, 14.628913879394531], [-15.451459884643555, 14.631781578063965], [-15.447732925415039, 14.635049819946289], [-15.44371223449707, 14.634416580200195], [-15.43360424041748, 14.637083053588867], [-15.40762996673584, 14.63582992553711], [-15.369892120361328, 14.637033462524414]]}, "properties": {"name": "Temporary stream", "type": "Temporary stream", "couleur": "#90CAF9"}}, {"type": "Feature", "geometry": {"type": "LineString", "coordinates": [[-14.878713607788086, 14.607625961303711], [-14.902810096740723, 14.610098838806152], [-14.914812088012695, 14.607658386230469], [-14.922127723693848, 14.60780143737793], [-14.93057918548584, 14.604482650756836], [-14.937644958496094, 14.603479385375977], [-14.975201606750488, 14.588550567626953], [-14.983672142028809, 14.58683967590332], [-14.992170333862305, 14.587196350097656], [-15.0, 14.583959579467773]]}, "properties": {"name": "Temporary stream", "type": "Temporary stream", "couleur": "#90CAF9"}}, {"type": "Feature", "geometry": {"type": "LineString", "coordinates": [[-15.597502708435059, 14.584003448486328], [-15.61234188079834, 14.582411766052246], [-15.641470909118652, 14.589573860168457], [-15.656556129455566, 14.588666915893555], [-15.658425331115723, 14.58749008178711], [-15.668360710144043, 14.589183807373047], [-15.680240631103516, 14.594525337219238], [-15.697542190551758, 14.599556922912598], [-15.718911170959473, 14.614294052124023], [-15.725927352905273, 14.61913013458252], [-15.728111267089844, 14.623004913330078], [-15.728673934936523, 14.628740310668945], [-15.72407341003418, 14.651327133178711], [-15.728837966918945, 14.669178009033203], [-15.725772857666016, 14.684389114379883], [-15.728992462158203, 14.693990707397461]]}, "properties": {"name": "Temporary stream", "type": "Temporary stream", "couleur": "#90CAF9"}}, {"type": "Feature", "geometry": {"type": "LineString", "coordinates": [[-16.257362365722656, 14.580704689025879], [-16.26154899597168, 14.591870307922363], [-16.269258499145508, 14.59630298614502]]}, "properties": {"name": "Temporary stream", "type": "Temporary stream", "couleur": "#90CAF9"}}, {"type": "Feature", "geometry": {"type": "LineString", "coordinates": [[-14.878713607788086, 14.607625961303711], [-14.868770599365234, 14.604986190795898], [-14.861601829528809, 14.597716331481934], [-14.859404563903809, 14.591768264770508], [-14.84627628326416, 14.579513549804688], [-14.839406967163086, 14.577296257019043], [-14.827385902404785, 14.578125], [-14.82291316986084, 14.578866004943848], [-14.803922653198242, 14.588506698608398], [-14.78801155090332, 14.599259376525879], [-14.784056663513184, 14.603899955749512], [-14.773138999938965, 14.611783981323242], [-14.76207160949707, 14.61977481842041], [-14.7510404586792, 14.624496459960938], [-14.745896339416504, 14.628458976745605], [-14.732097625732422, 14.638724327087402], [-14.719500541687012, 14.650813102722168], [-14.702613830566406, 14.659503936767578], [-14.687738418579102, 14.658750534057617], [-14.681812286376953, 14.656518936157227], [-14.67442512512207, 14.650396347045898], [-14.671346664428711, 14.649511337280273], [-14.661532402038574, 14.637672424316406], [-14.649138450622559, 14.627008438110352], [-14.640953063964844, 14.622776985168457], [-14.638692855834961, 14.62160873413086], [-14.625471115112305, 14.620833396911621], [-14.616293907165527, 14.623001098632812]]}, "properties": {"name": "Temporary stream", "type": "Temporary stream", "couleur": "#90CAF9"}}, {"type": "Feature", "geometry": {"type": "LineString", "coordinates": [[-16.65673828125, 14.603989601135254], [-16.655527114868164, 14.59728717803955], [-16.65669059753418, 14.576276779174805]]}, "properties": {"name": "Temporary stream", "type": "Temporary stream", "couleur": "#90CAF9"}}, {"type": "Feature", "geometry": {"type": "LineString", "coordinates": [[-14.282381057739258, 14.57265853881836], [-14.31141471862793, 14.596962928771973], [-14.337919235229492, 14.627032279968262], [-14.343215942382812, 14.637088775634766], [-14.345215797424316, 14.647638320922852], [-14.348328590393066, 14.651973724365234], [-14.348852157592773, 14.656793594360352], [-14.344565391540527, 14.673518180847168], [-14.341826438903809, 14.684203147888184], [-14.338123321533203, 14.691132545471191], [-14.336191177368164, 14.709301948547363], [-14.337311744689941, 14.726061820983887], [-14.335512161254883, 14.756864547729492]]}, "properties": {"name": "Temporary stream", "type": "Temporary stream", "couleur": "#90CAF9"}}, {"type": "Feature", "geometry": {"type": "LineString", "coordinates": [[-16.07091522216797, 14.62002944946289], [-16.116281509399414, 14.596092224121094], [-16.13249397277832, 14.592153549194336], [-16.153095245361328, 14.582857131958008], [-16.160634994506836, 14.582274436950684], [-16.17275619506836, 14.573803901672363], [-16.17955207824707, 14.571165084838867], [-16.18846321105957, 14.570752143859863], [-16.202653884887695, 14.570096015930176], [-16.212411880493164, 14.574990272521973], [-16.22176742553711, 14.583797454833984], [-16.241207122802734, 14.588991165161133], [-16.24709129333496, 14.588204383850098], [-16.257362365722656, 14.580704689025879]]}, "properties": {"name": "Temporary stream", "type": "Temporary stream", "couleur": "#90CAF9"}}, {"type": "Feature", "geometry": {"type": "LineString", "coordinates": [[-13.121352195739746, 14.5817289352417], [-13.130741119384766, 14.574094772338867], [-13.153070449829102, 14.560872077941895], [-13.167431831359863, 14.556424140930176], [-13.180648803710938, 14.557726860046387], [-13.187479972839355, 14.556078910827637], [-13.19221019744873, 14.55811882019043], [-13.20612621307373, 14.558037757873535], [-13.209924697875977, 14.561922073364258], [-13.218914985656738, 14.566004753112793], [-13.224841117858887, 14.570565223693848], [-13.233630180358887, 14.58016300201416], [-13.233977317810059, 14.580735206604004], [-13.249846458435059, 14.606947898864746], [-13.258142471313477, 14.612872123718262], [-13.265742301940918, 14.620637893676758], [-13.288022994995117, 14.636125564575195], [-13.2958345413208, 14.639983177185059], [-13.321843147277832, 14.647862434387207], [-13.328474044799805, 14.651496887207031], [-13.334657669067383, 14.651904106140137], [-13.350950241088867, 14.66008472442627], [-13.360637664794922, 14.661861419677734], [-13.383124351501465, 14.671825408935547], [-13.403231620788574, 14.678815841674805], [-13.412004470825195, 14.684502601623535], [-13.421463012695312, 14.6871976852417], [-13.453587532043457, 14.691347122192383], [-13.456280708312988, 14.691192626953125], [-13.467270851135254, 14.690566062927246], [-13.475728988647461, 14.685453414916992], [-13.482095718383789, 14.684721946716309], [-13.487268447875977, 14.682158470153809], [-13.497127532958984, 14.675198554992676], [-13.508668899536133, 14.672131538391113], [-13.521406173706055, 14.671354293823242], [-13.542677879333496, 14.675800323486328], [-13.547654151916504, 14.678522109985352], [-13.559065818786621, 14.689468383789062], [-13.572099685668945, 14.696497917175293], [-13.573392868041992, 14.696619987487793], [-13.605873107910156, 14.699701309204102], [-13.630467414855957, 14.705953598022461], [-13.635411262512207, 14.704309463500977], [-13.649360656738281, 14.707422256469727], [-13.659042358398438, 14.708039283752441], [-13.672812461853027, 14.718045234680176], [-13.6975679397583, 14.72314739227295], [-13.706147193908691, 14.72491455078125], [-13.722661018371582, 14.723870277404785], [-13.735116004943848, 14.717341423034668], [-13.747356414794922, 14.713340759277344], [-13.75999641418457, 14.700836181640625], [-13.763855934143066, 14.682655334472656], [-13.773201942443848, 14.671553611755371], [-13.775425910949707, 14.655454635620117], [-13.781745910644531, 14.649431228637695], [-13.788095474243164, 14.646851539611816], [-13.789493560791016, 14.645577430725098], [-13.80003547668457, 14.635960578918457], [-13.81509017944336, 14.630555152893066], [-13.822394371032715, 14.629347801208496]]}, "properties": {"name": "Temporary stream", "type": "Temporary stream", "couleur": "#90CAF9"}}, {"type": "Feature", "geometry": {"type": "LineString", "coordinates": [[-16.664310455322266, 14.554021835327148], [-16.664615631103516, 14.558897972106934], [-16.659481048583984, 14.57415771484375], [-16.65669059753418, 14.576276779174805]]}, "properties": {"name": "Temporary stream", "type": "Temporary stream", "couleur": "#90CAF9"}}, {"type": "Feature", "geometry": {"type": "LineString", "coordinates": [[-16.269258499145508, 14.59630298614502], [-16.271751403808594, 14.581818580627441], [-16.271114349365234, 14.5684175491333], [-16.27349281311035, 14.550788879394531], [-16.263994216918945, 14.57071590423584], [-16.257362365722656, 14.580704689025879]]}, "properties": {"name": "Temporary stream", "type": "Temporary stream", "couleur": "#90CAF9"}}, {"type": "Feature", "geometry": {"type": "LineString", "coordinates": [[-13.724220275878906, 14.541199684143066], [-13.7190580368042, 14.544455528259277], [-13.711846351623535, 14.556689262390137], [-13.703893661499023, 14.593743324279785], [-13.697818756103516, 14.600913047790527], [-13.690071105957031, 14.60556697845459], [-13.683002471923828, 14.606538772583008], [-13.672849655151367, 14.605696678161621], [-13.655821800231934, 14.600539207458496], [-13.639582633972168, 14.598243713378906], [-13.635746002197266, 14.597701072692871], [-13.631476402282715, 14.594745635986328], [-13.593194007873535, 14.58652400970459], [-13.584676742553711, 14.583367347717285]]}, "properties": {"name": "Temporary stream", "type": "Temporary stream", "couleur": "#90CAF9"}}, {"type": "Feature", "geometry": {"type": "LineString", "coordinates": [[-16.653457641601562, 14.5400972366333], [-16.65467643737793, 14.569649696350098], [-16.65669059753418, 14.576276779174805]]}, "properties": {"name": "Temporary stream", "type": "Temporary stream", "couleur": "#90CAF9"}}, {"type": "Feature", "geometry": {"type": "LineString", "coordinates": [[-16.664310455322266, 14.554021835327148], [-16.653457641601562, 14.5400972366333]]}, "properties": {"name": "Temporary stream", "type": "Temporary stream", "couleur": "#90CAF9"}}, {"type": "Feature", "geometry": {"type": "LineString", "coordinates": [[-13.822394371032715, 14.629347801208496], [-13.808185577392578, 14.595686912536621], [-13.775795936584473, 14.559639930725098], [-13.767204284667969, 14.547759056091309], [-13.761738777160645, 14.542977333068848], [-13.745930671691895, 14.542410850524902], [-13.74113941192627, 14.540823936462402], [-13.735760688781738, 14.539042472839355], [-13.7282075881958, 14.538412094116211], [-13.724220275878906, 14.541199684143066]]}, "properties": {"name": "Temporary stream", "type": "Temporary stream", "couleur": "#90CAF9"}}, {"type": "Feature", "geometry": {"type": "LineString", "coordinates": [[-15.0, 14.583959579467773], [-15.001412391662598, 14.583375930786133], [-15.011646270751953, 14.579145431518555], [-15.018877983093262, 14.572853088378906], [-15.023101806640625, 14.571192741394043], [-15.031476020812988, 14.562128067016602], [-15.053730964660645, 14.550363540649414], [-15.068881034851074, 14.53661823272705], [-15.073582649230957, 14.53541088104248]]}, "properties": {"name": "Temporary stream", "type": "Temporary stream", "couleur": "#90CAF9"}}, {"type": "Feature", "geometry": {"type": "LineString", "coordinates": [[-15.073582649230957, 14.53541088104248], [-15.074311256408691, 14.554703712463379], [-15.077226638793945, 14.561101913452148], [-15.082243919372559, 14.565864562988281], [-15.08394718170166, 14.569748878479004], [-15.077537536621094, 14.584535598754883], [-15.076018333435059, 14.59443473815918], [-15.078581809997559, 14.609796524047852], [-15.084016799926758, 14.628110885620117], [-15.082493782043457, 14.637781143188477], [-15.078161239624023, 14.649093627929688], [-15.077666282653809, 14.655495643615723], [-15.077557563781738, 14.656912803649902], [-15.082511901855469, 14.674543380737305], [-15.088471412658691, 14.67906379699707], [-15.098884582519531, 14.681230545043945]]}, "properties": {"name": "Temporary stream", "type": "Temporary stream", "couleur": "#90CAF9"}}, {"type": "Feature", "geometry": {"type": "LineString", "coordinates": [[-16.653457641601562, 14.5400972366333], [-16.645221710205078, 14.5263032913208]]}, "properties": {"name": "Temporary stream", "type": "Temporary stream", "couleur": "#90CAF9"}}, {"type": "Feature", "geometry": {"type": "LineString", "coordinates": [[-16.664310455322266, 14.554021835327148], [-16.66752815246582, 14.553114891052246], [-16.668460845947266, 14.550326347351074], [-16.665695190429688, 14.541413307189941], [-16.65673065185547, 14.529166221618652], [-16.649808883666992, 14.526233673095703], [-16.645221710205078, 14.5263032913208]]}, "properties": {"name": "Temporary stream", "type": "Temporary stream", "couleur": "#90CAF9"}}, {"type": "Feature", "geometry": {"type": "LineString", "coordinates": [[-12.739794731140137, 14.507079124450684], [-12.744179725646973, 14.537620544433594], [-12.742592811584473, 14.551413536071777], [-12.739557266235352, 14.558320045471191], [-12.731337547302246, 14.566166877746582], [-12.728769302368164, 14.571921348571777], [-12.717977523803711, 14.58529281616211], [-12.70700454711914, 14.610841751098633], [-12.699214935302734, 14.620023727416992], [-12.695269584655762, 14.624674797058105], [-12.679047584533691, 14.637836456298828], [-12.664685249328613, 14.645015716552734], [-12.654068946838379, 14.645286560058594], [-12.6228666305542, 14.631851196289062], [-12.592634201049805, 14.623922348022461]]}, "properties": {"name": "Temporary stream", "type": "Temporary stream", "couleur": "#90CAF9"}}, {"type": "Feature", "geometry": {"type": "LineString", "coordinates": [[-13.003440856933594, 14.504007339477539], [-12.98397159576416, 14.523179054260254], [-12.960933685302734, 14.537081718444824], [-12.952920913696289, 14.538269996643066], [-12.9451265335083, 14.536470413208008], [-12.936403274536133, 14.536972999572754], [-12.927435874938965, 14.536097526550293], [-12.914200782775879, 14.530877113342285], [-12.887434005737305, 14.530458450317383]]}, "properties": {"name": "Temporary stream", "type": "Temporary stream", "couleur": "#90CAF9"}}, {"type": "Feature", "geometry": {"type": "LineString", "coordinates": [[-12.39026165008545, 14.498456001281738], [-12.397343635559082, 14.500732421875], [-12.402308464050293, 14.50439453125], [-12.408487319946289, 14.518619537353516], [-12.412557601928711, 14.536531448364258], [-12.414690971374512, 14.539971351623535], [-12.425101280212402, 14.549360275268555], [-12.433135986328125, 14.553930282592773], [-12.438093185424805, 14.55483341217041]]}, "properties": {"name": "Temporary stream", "type": "Temporary stream", "couleur": "#90CAF9"}}, {"type": "Feature", "geometry": {"type": "LineString", "coordinates": [[-12.564826011657715, 14.572098731994629], [-12.59306812286377, 14.55614185333252], [-12.597768783569336, 14.55198860168457], [-12.605304718017578, 14.54897403717041], [-12.621027946472168, 14.52961254119873], [-12.621720314025879, 14.525934219360352], [-12.634623527526855, 14.509800910949707], [-12.641904830932617, 14.502649307250977], [-12.652490615844727, 14.496404647827148]]}, "properties": {"name": "Temporary stream", "type": "Temporary stream", "couleur": "#90CAF9"}}, {"type": "Feature", "geometry": {"type": "LineString", "coordinates": [[-14.075748443603516, 14.648336410522461], [-14.070710182189941, 14.639649391174316], [-14.063570976257324, 14.633279800415039], [-14.046005249023438, 14.622177124023438], [-14.032391548156738, 14.604605674743652], [-14.024706840515137, 14.590197563171387], [-14.019231796264648, 14.5849609375], [-13.999571800231934, 14.576400756835938], [-13.9793062210083, 14.578351974487305], [-13.978594779968262, 14.57841968536377], [-13.972923278808594, 14.577320098876953], [-13.953655242919922, 14.559791564941406], [-13.948163986206055, 14.552485466003418], [-13.941506385803223, 14.494636535644531]]}, "properties": {"name": "Temporary stream", "type": "Temporary stream", "couleur": "#90CAF9"}}, {"type": "Feature", "geometry": {"type": "LineString", "coordinates": [[-12.652490615844727, 14.496404647827148], [-12.655077934265137, 14.494786262512207], [-12.678417205810547, 14.493084907531738], [-12.691643714904785, 14.497858047485352], [-12.728676795959473, 14.499773025512695], [-12.735762596130371, 14.502041816711426], [-12.739794731140137, 14.507079124450684]]}, "properties": {"name": "Temporary stream", "type": "Temporary stream", "couleur": "#90CAF9"}}, {"type": "Feature", "geometry": {"type": "LineString", "coordinates": [[-17.088638305664062, 14.493002891540527], [-17.08453941345215, 14.498456001281738], [-17.081928253173828, 14.499338150024414], [-17.07933235168457, 14.49930191040039], [-17.07719612121582, 14.499960899353027], [-17.075769424438477, 14.500629425048828], [-17.0743350982666, 14.50175666809082], [-17.073823928833008, 14.504276275634766], [-17.072830200195312, 14.507476806640625], [-17.071382522583008, 14.509522438049316], [-17.069021224975586, 14.509489059448242], [-17.066667556762695, 14.508996963500977], [-17.06403160095215, 14.51148509979248], [-17.05943489074707, 14.518538475036621], [-17.05796241760254, 14.522192001342773], [-17.0560245513916, 14.525379180908203], [-17.05502700805664, 14.52880859375], [-17.052858352661133, 14.531533241271973], [-17.049041748046875, 14.534005165100098], [-17.044763565063477, 14.535781860351562], [-17.039213180541992, 14.534562110900879], [-17.036245346069336, 14.536808967590332], [-17.02886390686035, 14.540607452392578], [-17.02246856689453, 14.541893005371094], [-17.018930435180664, 14.541613578796387], [-17.01187515258789, 14.53967571258545]]}, "properties": {"name": "Temporary stream", "type": "Temporary stream", "couleur": "#90CAF9"}}, {"type": "Feature", "geometry": {"type": "LineString", "coordinates": [[-13.003440856933594, 14.504007339477539], [-12.990189552307129, 14.49603271484375], [-12.979809761047363, 14.495396614074707], [-12.967291831970215, 14.491783142089844], [-12.934977531433105, 14.49079418182373]]}, "properties": {"name": "Temporary stream", "type": "Temporary stream", "couleur": "#90CAF9"}}, {"type": "Feature", "geometry": {"type": "LineString", "coordinates": [[-16.645221710205078, 14.5263032913208], [-16.624048233032227, 14.509990692138672], [-16.621593475341797, 14.50497817993164], [-16.62195587158203, 14.499226570129395], [-16.617996215820312, 14.489416122436523]]}, "properties": {"name": "Temporary stream", "type": "Temporary stream", "couleur": "#90CAF9"}}, {"type": "Feature", "geometry": {"type": "LineString", "coordinates": [[-16.617996215820312, 14.489416122436523], [-16.638763427734375, 14.514781951904297], [-16.645221710205078, 14.5263032913208]]}, "properties": {"name": "Temporary stream", "type": "Temporary stream", "couleur": "#90CAF9"}}, {"type": "Feature", "geometry": {"type": "LineString", "coordinates": [[-16.688499450683594, 14.659575462341309], [-16.686120986938477, 14.656270980834961], [-16.685171127319336, 14.646078109741211], [-16.68628692626953, 14.642841339111328], [-16.684280395507812, 14.636672973632812], [-16.676712036132812, 14.623482704162598], [-16.675710678100586, 14.6083345413208], [-16.671689987182617, 14.595539093017578], [-16.674179077148438, 14.577798843383789], [-16.677522659301758, 14.567626953125], [-16.67665672302246, 14.559370040893555], [-16.67277717590332, 14.550284385681152], [-16.673080444335938, 14.545186042785645], [-16.671669006347656, 14.538673400878906], [-16.67074966430664, 14.534427642822266], [-16.662738800048828, 14.522622108459473], [-16.65723991394043, 14.518815040588379], [-16.651395797729492, 14.509267807006836], [-16.637447357177734, 14.495271682739258], [-16.617996215820312, 14.489416122436523]]}, "properties": {"name": "Temporary stream", "type": "Temporary stream", "couleur": "#90CAF9"}}, {"type": "Feature", "geometry": {"type": "LineString", "coordinates": [[-12.148832321166992, 14.620847702026367], [-12.152828216552734, 14.614636421203613], [-12.164750099182129, 14.609962463378906], [-12.171684265136719, 14.607242584228516], [-12.175213813781738, 14.603558540344238], [-12.178698539733887, 14.582183837890625], [-12.185515403747559, 14.57228946685791], [-12.18759536743164, 14.555280685424805], [-12.19135570526123, 14.549757957458496], [-12.197955131530762, 14.547904968261719], [-12.211871147155762, 14.547872543334961], [-12.217756271362305, 14.543493270874023], [-12.219861030578613, 14.53659439086914], [-12.219491004943848, 14.534424781799316], [-12.217704772949219, 14.523962020874023], [-12.220189094543457, 14.51504898071289], [-12.224946975708008, 14.497980117797852], [-12.225396156311035, 14.489706993103027], [-12.219711303710938, 14.480070114135742]]}, "properties": {"name": "Faleme", "type": "Secondary river", "couleur": "#1976D2"}}, {"type": "Feature", "geometry": {"type": "LineString", "coordinates": [[-12.44491195678711, 14.48082447052002], [-12.435471534729004, 14.479016304016113], [-12.416139602661133, 14.479765892028809], [-12.402253150939941, 14.487850189208984], [-12.39026165008545, 14.498456001281738]]}, "properties": {"name": "Temporary stream", "type": "Temporary stream", "couleur": "#90CAF9"}}, {"type": "Feature", "geometry": {"type": "LineString", "coordinates": [[-15.597502708435059, 14.584003448486328], [-15.594441413879395, 14.568881034851074], [-15.574572563171387, 14.5498628616333], [-15.564948081970215, 14.537360191345215], [-15.562430381774902, 14.526824951171875], [-15.54525089263916, 14.513740539550781], [-15.54448413848877, 14.509844779968262], [-15.549020767211914, 14.497830390930176], [-15.554312705993652, 14.489023208618164], [-15.554933547973633, 14.483270645141602], [-15.553736686706543, 14.480148315429688], [-15.552478790283203, 14.476869583129883], [-15.547683715820312, 14.47165298461914]]}, "properties": {"name": "Temporary stream", "type": "Temporary stream", "couleur": "#90CAF9"}}, {"type": "Feature", "geometry": {"type": "LineString", "coordinates": [[-12.219711303710938, 14.480070114135742], [-12.217818260192871, 14.477546691894531], [-12.206252098083496, 14.472978591918945], [-12.204120635986328, 14.469536781311035]]}, "properties": {"name": "Faleme", "type": "Secondary river", "couleur": "#1976D2"}}, {"type": "Feature", "geometry": {"type": "LineString", "coordinates": [[-12.652490615844727, 14.496404647827148], [-12.62765121459961, 14.47765827178955], [-12.61962604522705, 14.475850105285645], [-12.595582008361816, 14.477778434753418], [-12.585909843444824, 14.476896286010742], [-12.5724458694458, 14.470970153808594], [-12.555695533752441, 14.469193458557129]]}, "properties": {"name": "Temporary stream", "type": "Temporary stream", "couleur": "#90CAF9"}}, {"type": "Feature", "geometry": {"type": "LineString", "coordinates": [[-12.219711303710938, 14.480070114135742], [-12.239022254943848, 14.470602035522461], [-12.278393745422363, 14.468205451965332], [-12.285943984985352, 14.469794273376465], [-12.308856964111328, 14.483291625976562], [-12.339247703552246, 14.498371124267578], [-12.34570026397705, 14.501572608947754], [-12.362457275390625, 14.505660057067871], [-12.377549171447754, 14.505386352539062], [-12.383909225463867, 14.503070831298828], [-12.39026165008545, 14.498456001281738]]}, "properties": {"name": "Temporary stream", "type": "Temporary stream", "couleur": "#90CAF9"}}, {"type": "Feature", "geometry": {"type": "LineString", "coordinates": [[-16.560749053955078, 14.462939262390137], [-16.58354377746582, 14.476012229919434], [-16.61065673828125, 14.48793888092041], [-16.617996215820312, 14.489416122436523]]}, "properties": {"name": "Temporary stream", "type": "Temporary stream", "couleur": "#90CAF9"}}, {"type": "Feature", "geometry": {"type": "LineString", "coordinates": [[-13.003440856933594, 14.504007339477539], [-13.032038688659668, 14.473527908325195], [-13.052249908447266, 14.461701393127441]]}, "properties": {"name": "Temporary stream", "type": "Temporary stream", "couleur": "#90CAF9"}}, {"type": "Feature", "geometry": {"type": "LineString", "coordinates": [[-13.048952102661133, 14.58556842803955], [-13.04959774017334, 14.574766159057617], [-13.05424690246582, 14.562793731689453], [-13.055842399597168, 14.55313491821289], [-13.071551322937012, 14.536966323852539], [-13.079472541809082, 14.520380020141602], [-13.08199405670166, 14.507728576660156], [-13.08077621459961, 14.50107192993164], [-13.076008796691895, 14.492365837097168], [-13.07317066192627, 14.491002082824707], [-13.06863021850586, 14.48068618774414], [-13.062456130981445, 14.474617004394531], [-13.056772232055664, 14.46903133392334], [-13.052249908447266, 14.461701393127441]]}, "properties": {"name": "Temporary stream", "type": "Temporary stream", "couleur": "#90CAF9"}}, {"type": "Feature", "geometry": {"type": "LineString", "coordinates": [[-13.724220275878906, 14.541199684143066], [-13.717889785766602, 14.517121315002441], [-13.712454795837402, 14.487062454223633], [-13.703648567199707, 14.477248191833496], [-13.69631290435791, 14.47408676147461], [-13.659714698791504, 14.468157768249512], [-13.646029472351074, 14.464045524597168], [-13.645532608032227, 14.463897705078125], [-13.64268684387207, 14.4618501663208], [-13.636552810668945, 14.46143627166748], [-13.613703727722168, 14.464362144470215], [-13.589690208435059, 14.469361305236816], [-13.576981544494629, 14.472670555114746], [-13.569934844970703, 14.476167678833008], [-13.563576698303223, 14.477362632751465], [-13.561919212341309, 14.476454734802246], [-13.555808067321777, 14.479025840759277], [-13.534128189086914, 14.481017112731934], [-13.52731990814209, 14.484971046447754], [-13.523329734802246, 14.489425659179688], [-13.52007007598877, 14.493064880371094], [-13.509517669677734, 14.501179695129395], [-13.498800277709961, 14.518717765808105], [-13.475839614868164, 14.539554595947266], [-13.465963363647461, 14.543758392333984], [-13.450151443481445, 14.542487144470215]]}, "properties": {"name": "Temporary stream", "type": "Temporary stream", "couleur": "#90CAF9"}}, {"type": "Feature", "geometry": {"type": "LineString", "coordinates": [[-16.560749053955078, 14.462939262390137], [-16.556005477905273, 14.479029655456543], [-16.55160903930664, 14.483474731445312], [-16.546701431274414, 14.485858917236328], [-16.540313720703125, 14.484823226928711], [-16.538156509399414, 14.48302173614502], [-16.53640365600586, 14.477538108825684], [-16.5379638671875, 14.472683906555176], [-16.54780387878418, 14.456652641296387]]}, "properties": {"name": "Temporary stream", "type": "Temporary stream", "couleur": "#90CAF9"}}, {"type": "Feature", "geometry": {"type": "LineString", "coordinates": [[-16.54780387878418, 14.456652641296387], [-16.560749053955078, 14.462939262390137]]}, "properties": {"name": "Temporary stream", "type": "Temporary stream", "couleur": "#90CAF9"}}, {"type": "Feature", "geometry": {"type": "LineString", "coordinates": [[-16.558786392211914, 14.444255828857422], [-16.54747772216797, 14.446157455444336], [-16.545085906982422, 14.449658393859863], [-16.54582405090332, 14.45419692993164], [-16.54780387878418, 14.456652641296387]]}, "properties": {"name": "Temporary stream", "type": "Temporary stream", "couleur": "#90CAF9"}}, {"type": "Feature", "geometry": {"type": "LineString", "coordinates": [[-16.54780387878418, 14.456652641296387], [-16.548974990844727, 14.45351791381836], [-16.558786392211914, 14.444255828857422]]}, "properties": {"name": "Temporary stream", "type": "Temporary stream", "couleur": "#90CAF9"}}, {"type": "Feature", "geometry": {"type": "LineString", "coordinates": [[-15.073582649230957, 14.53541088104248], [-15.079218864440918, 14.533502578735352], [-15.082232475280762, 14.529558181762695], [-15.089096069335938, 14.513616561889648], [-15.108036994934082, 14.501428604125977], [-15.114794731140137, 14.495369911193848], [-15.123830795288086, 14.483305931091309], [-15.138762474060059, 14.471396446228027], [-15.159147262573242, 14.461714744567871], [-15.162633895874023, 14.45799446105957], [-15.163835525512695, 14.451706886291504], [-15.165715217590332, 14.44186782836914]]}, "properties": {"name": "Temporary stream", "type": "Temporary stream", "couleur": "#90CAF9"}}, {"type": "Feature", "geometry": {"type": "LineString", "coordinates": [[-12.195295333862305, 14.430264472961426], [-12.207850456237793, 14.452524185180664], [-12.208333969116211, 14.4575777053833], [-12.204120635986328, 14.469536781311035]]}, "properties": {"name": "Faleme", "type": "Secondary river", "couleur": "#1976D2"}}, {"type": "Feature", "geometry": {"type": "LineString", "coordinates": [[-14.552020072937012, 14.427224159240723], [-14.558947563171387, 14.435193061828613], [-14.563557624816895, 14.446634292602539], [-14.565382957458496, 14.462011337280273], [-14.572136878967285, 14.47526741027832], [-14.578362464904785, 14.483473777770996]]}, "properties": {"name": "Temporary stream", "type": "Temporary stream", "couleur": "#90CAF9"}}, {"type": "Feature", "geometry": {"type": "LineString", "coordinates": [[-16.558786392211914, 14.444255828857422], [-16.5788516998291, 14.41926097869873]]}, "properties": {"name": "Temporary stream", "type": "Temporary stream", "couleur": "#90CAF9"}}, {"type": "Feature", "geometry": {"type": "LineString", "coordinates": [[-16.5788516998291, 14.41926097869873], [-16.583852767944336, 14.430042266845703], [-16.580671310424805, 14.436304092407227], [-16.57882308959961, 14.43840503692627], [-16.57180404663086, 14.441287994384766], [-16.558786392211914, 14.444255828857422]]}, "properties": {"name": "Temporary stream", "type": "Temporary stream", "couleur": "#90CAF9"}}, {"type": "Feature", "geometry": {"type": "LineString", "coordinates": [[-12.204180717468262, 14.401518821716309], [-12.204667091369629, 14.407261848449707], [-12.202099800109863, 14.417149543762207], [-12.195295333862305, 14.430264472961426]]}, "properties": {"name": "Faleme", "type": "Secondary river", "couleur": "#1976D2"}}, {"type": "Feature", "geometry": {"type": "LineString", "coordinates": [[-16.5788516998291, 14.41926097869873], [-16.590181350708008, 14.404576301574707], [-16.591642379760742, 14.398488998413086]]}, "properties": {"name": "Temporary stream", "type": "Temporary stream", "couleur": "#90CAF9"}}, {"type": "Feature", "geometry": {"type": "LineString", "coordinates": [[-15.070704460144043, 14.389521598815918], [-15.062378883361816, 14.40180492401123], [-15.06033992767334, 14.408036231994629], [-15.06209659576416, 14.416056632995605], [-15.064493179321289, 14.419014930725098], [-15.076380729675293, 14.426450729370117], [-15.089655876159668, 14.43179988861084], [-15.102736473083496, 14.440138816833496], [-15.15416145324707, 14.440098762512207], [-15.16073989868164, 14.440093040466309], [-15.165715217590332, 14.44186782836914]]}, "properties": {"name": "Temporary stream", "type": "Temporary stream", "couleur": "#90CAF9"}}, {"type": "Feature", "geometry": {"type": "LineString", "coordinates": [[-16.586393356323242, 14.403983116149902], [-16.587905883789062, 14.401144981384277], [-16.584688186645508, 14.394476890563965], [-16.57501792907715, 14.387255668640137], [-16.576223373413086, 14.393303871154785], [-16.586393356323242, 14.403983116149902]]}, "properties": {"name": "Temporary stream", "type": "Temporary stream", "couleur": "#90CAF9"}}, {"type": "Feature", "geometry": {"type": "LineString", "coordinates": [[-16.54164695739746, 14.39240837097168], [-16.53655242919922, 14.397324562072754], [-16.539676666259766, 14.400487899780273], [-16.546300888061523, 14.398948669433594], [-16.552762985229492, 14.399935722351074], [-16.555635452270508, 14.396528244018555], [-16.555089950561523, 14.392630577087402], [-16.54908561706543, 14.386761665344238], [-16.54650115966797, 14.387267112731934], [-16.54164695739746, 14.39240837097168]]}, "properties": {"name": "Temporary stream", "type": "Temporary stream", "couleur": "#90CAF9"}}, {"type": "Feature", "geometry": {"type": "LineString", "coordinates": [[-15.204286575317383, 14.383228302001953], [-15.20177936553955, 14.389466285705566], [-15.194758415222168, 14.393234252929688], [-15.181601524353027, 14.413857460021973], [-15.172677993774414, 14.433734893798828], [-15.167314529418945, 14.438170433044434], [-15.165715217590332, 14.44186782836914]]}, "properties": {"name": "Temporary stream", "type": "Temporary stream", "couleur": "#90CAF9"}}, {"type": "Feature", "geometry": {"type": "LineString", "coordinates": [[-15.204286575317383, 14.383228302001953], [-15.207636833190918, 14.386861801147461], [-15.2163667678833, 14.404444694519043], [-15.218111991882324, 14.411316871643066], [-15.21904468536377, 14.427621841430664], [-15.223615646362305, 14.434226036071777], [-15.22270393371582, 14.43653678894043], [-15.225336074829102, 14.43925952911377], [-15.232927322387695, 14.442607879638672], [-15.240335464477539, 14.449636459350586], [-15.24779987335205, 14.460798263549805], [-15.250502586364746, 14.468576431274414], [-15.249227523803711, 14.478704452514648]]}, "properties": {"name": "Temporary stream", "type": "Temporary stream", "couleur": "#90CAF9"}}, {"type": "Feature", "geometry": {"type": "LineString", "coordinates": [[-12.418022155761719, 14.40921401977539], [-12.414966583251953, 14.411751747131348], [-12.410019874572754, 14.412915229797363], [-12.401999473571777, 14.411332130432129], [-12.371761322021484, 14.392118453979492], [-12.363268852233887, 14.390304565429688], [-12.329564094543457, 14.391778945922852], [-12.315411567687988, 14.38860034942627], [-12.311393737792969, 14.385393142700195], [-12.2982759475708, 14.380359649658203], [-12.296526908874512, 14.379688262939453]]}, "properties": {"name": "Temporary stream", "type": "Temporary stream", "couleur": "#90CAF9"}}, {"type": "Feature", "geometry": {"type": "LineString", "coordinates": [[-16.668842315673828, 14.414175987243652], [-16.66141128540039, 14.404287338256836], [-16.64825439453125, 14.39441204071045], [-16.633092880249023, 14.377728462219238]]}, "properties": {"name": "Temporary stream", "type": "Temporary stream", "couleur": "#90CAF9"}}, {"type": "Feature", "geometry": {"type": "LineString", "coordinates": [[-12.228614807128906, 14.370667457580566], [-12.226502418518066, 14.373889923095703], [-12.21214485168457, 14.381967544555664], [-12.206033706665039, 14.388875961303711], [-12.20393180847168, 14.396464347839355], [-12.204180717468262, 14.401518821716309]]}, "properties": {"name": "Faleme", "type": "Secondary river", "couleur": "#1976D2"}}, {"type": "Feature", "geometry": {"type": "LineString", "coordinates": [[-12.228614807128906, 14.370667457580566], [-12.235231399536133, 14.376856803894043], [-12.240184783935547, 14.3779935836792], [-12.250320434570312, 14.377738952636719], [-12.261167526245117, 14.379549980163574], [-12.266351699829102, 14.378617286682129], [-12.292288780212402, 14.381537437438965], [-12.296526908874512, 14.379688262939453]]}, "properties": {"name": "Temporary stream", "type": "Temporary stream", "couleur": "#90CAF9"}}, {"type": "Feature", "geometry": {"type": "LineString", "coordinates": [[-14.552020072937012, 14.427224159240723], [-14.566984176635742, 14.414207458496094], [-14.596003532409668, 14.397566795349121], [-14.61819839477539, 14.380091667175293], [-14.635281562805176, 14.369333267211914]]}, "properties": {"name": "Temporary stream", "type": "Temporary stream", "couleur": "#90CAF9"}}, {"type": "Feature", "geometry": {"type": "LineString", "coordinates": [[-16.54629135131836, 14.373538970947266], [-16.54800796508789, 14.373514175415039], [-16.550626754760742, 14.37119197845459], [-16.550765991210938, 14.370124816894531], [-16.549644470214844, 14.368315696716309], [-16.54588508605957, 14.36745834350586], [-16.544198989868164, 14.369462013244629], [-16.54629135131836, 14.373538970947266]]}, "properties": {"name": "Temporary stream", "type": "Temporary stream", "couleur": "#90CAF9"}}, {"type": "Feature", "geometry": {"type": "LineString", "coordinates": [[-16.591642379760742, 14.398488998413086], [-16.59109115600586, 14.381961822509766], [-16.591522216796875, 14.364425659179688]]}, "properties": {"name": "Temporary stream", "type": "Temporary stream", "couleur": "#90CAF9"}}, {"type": "Feature", "geometry": {"type": "LineString", "coordinates": [[-13.936747550964355, 14.411721229553223], [-13.947051048278809, 14.40404987335205], [-13.967461585998535, 14.393075942993164], [-13.987909317016602, 14.386465072631836], [-14.00702953338623, 14.389286994934082], [-14.034708976745605, 14.399616241455078], [-14.055227279663086, 14.409388542175293], [-14.057917594909668, 14.41067123413086], [-14.08150863647461, 14.412299156188965], [-14.108842849731445, 14.410903930664062], [-14.117996215820312, 14.406683921813965], [-14.12247085571289, 14.406183242797852], [-14.164478302001953, 14.386724472045898], [-14.178791046142578, 14.38455867767334], [-14.190370559692383, 14.382806777954102], [-14.198351860046387, 14.379514694213867], [-14.218137741088867, 14.377948760986328], [-14.235711097717285, 14.367441177368164], [-14.246036529541016, 14.36297607421875], [-14.267721176147461, 14.362768173217773]]}, "properties": {"name": "Temporary stream", "type": "Temporary stream", "couleur": "#90CAF9"}}, {"type": "Feature", "geometry": {"type": "LineString", "coordinates": [[-14.552020072937012, 14.427224159240723], [-14.548514366149902, 14.43001937866211], [-14.511724472045898, 14.429258346557617], [-14.497605323791504, 14.431703567504883], [-14.485325813293457, 14.429993629455566], [-14.456867218017578, 14.41489028930664], [-14.443870544433594, 14.412266731262207], [-14.438690185546875, 14.412778854370117], [-14.433012008666992, 14.410998344421387], [-14.430903434753418, 14.412169456481934], [-14.428605079650879, 14.412191390991211], [-14.40261459350586, 14.412455558776855], [-14.374940872192383, 14.404001235961914], [-14.352041244506836, 14.401012420654297], [-14.335070610046387, 14.401410102844238], [-14.321365356445312, 14.398327827453613], [-14.306462287902832, 14.393417358398438], [-14.302218437194824, 14.391303062438965], [-14.296509742736816, 14.388458251953125], [-14.289135932922363, 14.382096290588379], [-14.28313159942627, 14.371353149414062], [-14.276705741882324, 14.365439414978027], [-14.267721176147461, 14.362768173217773]]}, "properties": {"name": "Temporary stream", "type": "Temporary stream", "couleur": "#90CAF9"}}, {"type": "Feature", "geometry": {"type": "LineString", "coordinates": [[-16.633092880249023, 14.377728462219238], [-16.614974975585938, 14.358992576599121]]}, "properties": {"name": "Temporary stream", "type": "Temporary stream", "couleur": "#90CAF9"}}, {"type": "Feature", "geometry": {"type": "LineString", "coordinates": [[-12.204180717468262, 14.401518821716309], [-12.196158409118652, 14.398778915405273], [-12.187179565429688, 14.39052677154541], [-12.182700157165527, 14.390077590942383], [-12.177989959716797, 14.391926765441895], [-12.171387672424316, 14.391251564025879], [-12.157929420471191, 14.382317543029785], [-12.150150299072266, 14.382105827331543], [-12.132482528686523, 14.387659072875977], [-12.13012409210205, 14.386743545532227], [-12.128469467163086, 14.384449005126953], [-12.129149436950684, 14.372958183288574], [-12.1272554397583, 14.369284629821777], [-12.116182327270508, 14.37160587310791], [-12.109916687011719, 14.371148109436035], [-12.103922843933105, 14.370710372924805], [-12.10014820098877, 14.368880271911621], [-12.099888801574707, 14.368292808532715], [-12.097305297851562, 14.36245059967041], [-12.100119590759277, 14.356010437011719]]}, "properties": {"name": "Temporary stream", "type": "Temporary stream", "couleur": "#90CAF9"}}, {"type": "Feature", "geometry": {"type": "LineString", "coordinates": [[-16.563568115234375, 14.354557037353516], [-16.5591983795166, 14.360380172729492], [-16.56171989440918, 14.369070053100586], [-16.571550369262695, 14.37785816192627], [-16.578184127807617, 14.379579544067383], [-16.581933975219727, 14.378363609313965], [-16.583282470703125, 14.374892234802246], [-16.580299377441406, 14.366670608520508], [-16.571636199951172, 14.357400894165039], [-16.563568115234375, 14.354557037353516]]}, "properties": {"name": "Temporary stream", "type": "Temporary stream", "couleur": "#90CAF9"}}, {"type": "Feature", "geometry": {"type": "LineString", "coordinates": [[-16.560749053955078, 14.462939262390137], [-16.56267738342285, 14.457537651062012], [-16.57319450378418, 14.452524185180664], [-16.577356338500977, 14.448084831237793], [-16.583236694335938, 14.447290420532227], [-16.596511840820312, 14.450960159301758], [-16.596391677856445, 14.419705390930176], [-16.597736358642578, 14.403593063354492], [-16.593461990356445, 14.39159870147705], [-16.594593048095703, 14.37798023223877], [-16.591989517211914, 14.37277603149414], [-16.59334945678711, 14.368585586547852], [-16.59810447692871, 14.365964889526367], [-16.593692779541016, 14.351951599121094], [-16.59601593017578, 14.350071907043457], [-16.601465225219727, 14.351582527160645], [-16.606847763061523, 14.355345726013184], [-16.61475372314453, 14.368582725524902], [-16.617250442504883, 14.375892639160156], [-16.629507064819336, 14.388084411621094], [-16.63500213623047, 14.39189338684082], [-16.63783836364746, 14.392301559448242], [-16.668842315673828, 14.414175987243652]]}, "properties": {"name": "Temporary stream", "type": "Temporary stream", "couleur": "#90CAF9"}}, {"type": "Feature", "geometry": {"type": "LineString", "coordinates": [[-13.397608757019043, 14.349349021911621], [-13.390538215637207, 14.349395751953125], [-13.38419246673584, 14.351963996887207], [-13.359455108642578, 14.353503227233887], [-13.328628540039062, 14.361053466796875]]}, "properties": {"name": "Temporary stream", "type": "Temporary stream", "couleur": "#90CAF9"}}, {"type": "Feature", "geometry": {"type": "LineString", "coordinates": [[-13.320575714111328, 14.530001640319824], [-13.328824996948242, 14.52925968170166], [-13.336823463439941, 14.526222229003906], [-13.346209526062012, 14.519269943237305], [-13.357418060302734, 14.502883911132812], [-13.361321449279785, 14.487462997436523], [-13.368379592895508, 14.485119819641113], [-13.373062133789062, 14.480264663696289], [-13.376058578491211, 14.47036361694336], [-13.3784761428833, 14.44507122039795], [-13.385039329528809, 14.43353271484375], [-13.38988971710205, 14.425004959106445], [-13.393237113952637, 14.398097038269043], [-13.398577690124512, 14.386571884155273], [-13.403024673461914, 14.381946563720703], [-13.407676696777344, 14.373183250427246], [-13.409282684326172, 14.366968154907227], [-13.397608757019043, 14.349349021911621]]}, "properties": {"name": "Temporary stream", "type": "Temporary stream", "couleur": "#90CAF9"}}, {"type": "Feature", "geometry": {"type": "LineString", "coordinates": [[-16.383516311645508, 14.345768928527832], [-16.36319351196289, 14.354595184326172], [-16.36181640625, 14.356687545776367], [-16.35992431640625, 14.3562593460083], [-16.35550880432129, 14.359782218933105], [-16.337539672851562, 14.409272193908691], [-16.338621139526367, 14.417067527770996], [-16.341785430908203, 14.422530174255371], [-16.339014053344727, 14.438894271850586], [-16.340486526489258, 14.442087173461914], [-16.336334228515625, 14.44897747039795], [-16.33544921875, 14.450446128845215], [-16.328224182128906, 14.455164909362793], [-16.325923919677734, 14.45842170715332], [-16.324033737182617, 14.471323013305664], [-16.321115493774414, 14.479645729064941], [-16.307798385620117, 14.499863624572754], [-16.28433609008789, 14.520021438598633], [-16.276737213134766, 14.530489921569824], [-16.265329360961914, 14.550694465637207], [-16.2623291015625, 14.556009292602539], [-16.25760841369629, 14.569186210632324], [-16.257362365722656, 14.580704689025879]]}, "properties": {"name": "Temporary stream", "type": "Temporary stream", "couleur": "#90CAF9"}}, {"type": "Feature", "geometry": {"type": "LineString", "coordinates": [[-16.383516311645508, 14.345768928527832], [-16.385631561279297, 14.356969833374023], [-16.382854461669922, 14.35977554321289], [-16.376523971557617, 14.361721992492676], [-16.373510360717773, 14.364532470703125], [-16.373138427734375, 14.370054244995117], [-16.36749267578125, 14.37951946258545], [-16.37088394165039, 14.386091232299805], [-16.368757247924805, 14.395352363586426]]}, "properties": {"name": "Temporary stream", "type": "Temporary stream", "couleur": "#90CAF9"}}, {"type": "Feature", "geometry": {"type": "LineString", "coordinates": [[-16.383516311645508, 14.345768928527832], [-16.38726234436035, 14.34292221069336]]}, "properties": {"name": "Temporary stream", "type": "Temporary stream", "couleur": "#90CAF9"}}, {"type": "Feature", "geometry": {"type": "LineString", "coordinates": [[-12.90458869934082, 14.405920028686523], [-12.918916702270508, 14.395968437194824], [-12.924544334411621, 14.390196800231934], [-12.954889297485352, 14.378327369689941], [-12.96361255645752, 14.37851333618164], [-12.985260009765625, 14.371509552001953], [-13.012041091918945, 14.355286598205566], [-13.01787281036377, 14.349801063537598], [-13.027515411376953, 14.340727806091309]]}, "properties": {"name": "Temporary stream", "type": "Temporary stream", "couleur": "#90CAF9"}}, {"type": "Feature", "geometry": {"type": "LineString", "coordinates": [[-13.027515411376953, 14.340727806091309], [-13.044795989990234, 14.395100593566895], [-13.052249908447266, 14.461701393127441]]}, "properties": {"name": "Temporary stream", "type": "Temporary stream", "couleur": "#90CAF9"}}, {"type": "Feature", "geometry": {"type": "LineString", "coordinates": [[-12.386676788330078, 14.339448928833008], [-12.367828369140625, 14.341572761535645], [-12.358884811401367, 14.345504760742188], [-12.341010093688965, 14.357735633850098], [-12.333001136779785, 14.359596252441406], [-12.324999809265137, 14.363525390625], [-12.306623458862305, 14.36610221862793], [-12.302390098571777, 14.369791030883789], [-12.296526908874512, 14.379688262939453]]}, "properties": {"name": "Temporary stream", "type": "Temporary stream", "couleur": "#90CAF9"}}, {"type": "Feature", "geometry": {"type": "LineString", "coordinates": [[-12.46435260772705, 14.377585411071777], [-12.458464622497559, 14.378982543945312], [-12.449971199035645, 14.37694263458252], [-12.425642013549805, 14.362312316894531], [-12.40863037109375, 14.349954605102539], [-12.388097763061523, 14.341743469238281], [-12.386676788330078, 14.339448928833008]]}, "properties": {"name": "Temporary stream", "type": "Temporary stream", "couleur": "#90CAF9"}}, {"type": "Feature", "geometry": {"type": "LineString", "coordinates": [[-16.591522216796875, 14.364425659179688], [-16.59058380126953, 14.3582124710083], [-16.587862014770508, 14.356122970581055], [-16.58418846130371, 14.347984313964844], [-16.587467193603516, 14.334364891052246]]}, "properties": {"name": "Temporary stream", "type": "Temporary stream", "couleur": "#90CAF9"}}, {"type": "Feature", "geometry": {"type": "LineString", "coordinates": [[-16.614974975585938, 14.358992576599121], [-16.587467193603516, 14.334364891052246]]}, "properties": {"name": "Temporary stream", "type": "Temporary stream", "couleur": "#90CAF9"}}, {"type": "Feature", "geometry": {"type": "LineString", "coordinates": [[-14.635281562805176, 14.369333267211914], [-14.63971996307373, 14.365838050842285], [-14.657132148742676, 14.363119125366211], [-14.666095733642578, 14.363709449768066], [-14.690983772277832, 14.371183395385742], [-14.719186782836914, 14.387939453125], [-14.728179931640625, 14.390825271606445], [-14.730813980102539, 14.394243240356445], [-14.740772247314453, 14.398956298828125], [-14.749578475952148, 14.405752182006836], [-14.75643539428711, 14.407511711120605], [-14.774089813232422, 14.405242919921875], [-14.793066024780273, 14.414677619934082], [-14.806960105895996, 14.411619186401367], [-14.813993453979492, 14.410069465637207], [-14.826519966125488, 14.41268253326416], [-14.831461906433105, 14.411935806274414], [-14.838650703430176, 14.402200698852539], [-14.845926284790039, 14.399587631225586], [-14.850568771362305, 14.39378833770752], [-14.853078842163086, 14.387093544006348], [-14.854763984680176, 14.370986938476562], [-14.857707977294922, 14.361300468444824], [-14.86916446685791, 14.334966659545898], [-14.873797416687012, 14.328475952148438]]}, "properties": {"name": "Temporary stream", "type": "Temporary stream", "couleur": "#90CAF9"}}, {"type": "Feature", "geometry": {"type": "LineString", "coordinates": [[-16.412452697753906, 14.325178146362305], [-16.400760650634766, 14.346366882324219], [-16.397016525268555, 14.347810745239258], [-16.393001556396484, 14.347419738769531], [-16.38726234436035, 14.34292221069336]]}, "properties": {"name": "Temporary stream", "type": "Temporary stream", "couleur": "#90CAF9"}}, {"type": "Feature", "geometry": {"type": "LineString", "coordinates": [[-16.412452697753906, 14.325178146362305], [-16.421878814697266, 14.328076362609863], [-16.424339294433594, 14.333779335021973], [-16.423725128173828, 14.338846206665039], [-16.42565155029297, 14.34111213684082], [-16.432018280029297, 14.341231346130371], [-16.433462142944336, 14.342816352844238], [-16.434480667114258, 14.346935272216797], [-16.428281784057617, 14.356006622314453], [-16.423809051513672, 14.369183540344238], [-16.425703048706055, 14.369611740112305], [-16.427167892456055, 14.372344017028809], [-16.431657791137695, 14.372956275939941], [-16.436674118041992, 14.376546859741211], [-16.455039978027344, 14.375309944152832], [-16.461559295654297, 14.370828628540039], [-16.472795486450195, 14.366496086120605], [-16.478313446044922, 14.371685981750488], [-16.477399826049805, 14.373311042785645], [-16.478252410888672, 14.376032829284668], [-16.47840118408203, 14.376511573791504], [-16.473344802856445, 14.38349437713623], [-16.466577529907227, 14.387290000915527], [-16.45246124267578, 14.388915061950684], [-16.449377059936523, 14.387818336486816], [-16.43736457824707, 14.388486862182617], [-16.426223754882812, 14.385231018066406], [-16.419031143188477, 14.378690719604492], [-16.412378311157227, 14.37581729888916], [-16.40325927734375, 14.367010116577148], [-16.400175094604492, 14.365914344787598], [-16.396663665771484, 14.367353439331055], [-16.39162254333496, 14.37525463104248], [-16.3892765045166, 14.375983238220215], [-16.38093376159668, 14.383940696716309], [-16.377052307128906, 14.39090347290039], [-16.37681007385254, 14.393350601196289], [-16.3742618560791, 14.418990135192871], [-16.367290496826172, 14.437725067138672], [-16.365562438964844, 14.446486473083496], [-16.36592674255371, 14.453604698181152], [-16.356924057006836, 14.464330673217773], [-16.352733612060547, 14.467389106750488], [-16.350021362304688, 14.473870277404785], [-16.337417602539062, 14.481207847595215], [-16.33118438720703, 14.488668441772461], [-16.32636070251465, 14.495874404907227], [-16.323808670043945, 14.50146484375], [-16.31864356994629, 14.51278018951416], [-16.319400787353516, 14.515525817871094], [-16.28350830078125, 14.55312728881836], [-16.279489517211914, 14.565834045410156], [-16.279640197753906, 14.574333190917969], [-16.276262283325195, 14.596680641174316], [-16.273216247558594, 14.597880363464355], [-16.269258499145508, 14.59630298614502]]}, "properties": {"name": "Temporary stream", "type": "Temporary stream", "couleur": "#90CAF9"}}, {"type": "Feature", "geometry": {"type": "LineString", "coordinates": [[-15.204286575317383, 14.383228302001953], [-15.20069694519043, 14.37936782836914], [-15.200178146362305, 14.375927925109863], [-15.203861236572266, 14.369444847106934], [-15.210142135620117, 14.363388061523438], [-15.227023124694824, 14.356733322143555], [-15.231207847595215, 14.352542877197266], [-15.240876197814941, 14.335867881774902], [-15.254878044128418, 14.32580280303955], [-15.2637939453125, 14.322927474975586]]}, "properties": {"name": "Temporary stream", "type": "Temporary stream", "couleur": "#90CAF9"}}, {"type": "Feature", "geometry": {"type": "LineString", "coordinates": [[-16.412452697753906, 14.325178146362305], [-16.40547752380371, 14.320544242858887]]}, "properties": {"name": "Temporary stream", "type": "Temporary stream", "couleur": "#90CAF9"}}, {"type": "Feature", "geometry": {"type": "LineString", "coordinates": [[-16.668842315673828, 14.414175987243652], [-16.683948516845703, 14.424636840820312], [-16.68897819519043, 14.42374038696289], [-16.690099716186523, 14.420282363891602], [-16.688161849975586, 14.414740562438965], [-16.666297912597656, 14.400979995727539], [-16.6536865234375, 14.38259220123291], [-16.645793914794922, 14.376758575439453], [-16.63391876220703, 14.372145652770996], [-16.6314640045166, 14.367133140563965], [-16.63030242919922, 14.35566234588623], [-16.625032424926758, 14.350713729858398], [-16.61998176574707, 14.34597110748291], [-16.59966468811035, 14.318748474121094], [-16.592674255371094, 14.32300853729248], [-16.587467193603516, 14.334364891052246]]}, "properties": {"name": "Temporary stream", "type": "Temporary stream", "couleur": "#90CAF9"}}, {"type": "Feature", "geometry": {"type": "LineString", "coordinates": [[-16.412452697753906, 14.325178146362305], [-16.41199493408203, 14.316064834594727], [-16.408010482788086, 14.317282676696777], [-16.40547752380371, 14.320544242858887]]}, "properties": {"name": "Temporary stream", "type": "Temporary stream", "couleur": "#90CAF9"}}, {"type": "Feature", "geometry": {"type": "LineString", "coordinates": [[-12.228614807128906, 14.370667457580566], [-12.23682975769043, 14.357548713684082], [-12.249297142028809, 14.348557472229004], [-12.254913330078125, 14.334063529968262], [-12.258905410766602, 14.328998565673828], [-12.259355545043945, 14.321413040161133], [-12.255802154541016, 14.314757347106934], [-12.245406150817871, 14.304901123046875]]}, "properties": {"name": "Faleme", "type": "Secondary river", "couleur": "#1976D2"}}, {"type": "Feature", "geometry": {"type": "LineString", "coordinates": [[-16.667978286743164, 14.30443000793457], [-16.670425415039062, 14.308967590332031], [-16.67328643798828, 14.310754776000977], [-16.68635368347168, 14.303852081298828], [-16.719348907470703, 14.303709983825684], [-16.726016998291016, 14.307265281677246], [-16.73546028137207, 14.32019329071045], [-16.744802474975586, 14.327836990356445], [-16.752155303955078, 14.330229759216309], [-16.760284423828125, 14.336055755615234], [-16.775205612182617, 14.33968734741211], [-16.778287887573242, 14.341824531555176], [-16.781658172607422, 14.344165802001953], [-16.789230346679688, 14.345634460449219], [-16.800273895263672, 14.343819618225098], [-16.816434860229492, 14.338461875915527], [-16.8244686126709, 14.339461326599121], [-16.830564498901367, 14.337738990783691], [-16.833829879760742, 14.336068153381348], [-16.843059539794922, 14.32601261138916], [-16.854469299316406, 14.318902969360352]]}, "properties": {"name": "Temporary stream", "type": "Temporary stream", "couleur": "#90CAF9"}}, {"type": "Feature", "geometry": {"type": "LineString", "coordinates": [[-16.40547752380371, 14.320544242858887], [-16.403461456298828, 14.31345272064209], [-16.404804229736328, 14.30952262878418], [-16.403533935546875, 14.304488182067871], [-16.406665802001953, 14.29524040222168]]}, "properties": {"name": "Temporary stream", "type": "Temporary stream", "couleur": "#90CAF9"}}, {"type": "Feature", "geometry": {"type": "LineString", "coordinates": [[-14.635281562805176, 14.369333267211914], [-14.609746932983398, 14.342262268066406], [-14.60732364654541, 14.336544036865234], [-14.591599464416504, 14.321775436401367], [-14.58300495147705, 14.312214851379395], [-14.575796127319336, 14.300110816955566], [-14.569389343261719, 14.296272277832031], [-14.55947208404541, 14.294540405273438], [-14.54982852935791, 14.29625129699707], [-14.535079956054688, 14.304911613464355]]}, "properties": {"name": "Temporary stream", "type": "Temporary stream", "couleur": "#90CAF9"}}, {"type": "Feature", "geometry": {"type": "LineString", "coordinates": [[-14.873797416687012, 14.328475952148438], [-14.912046432495117, 14.296536445617676], [-14.927728652954102, 14.28807544708252]]}, "properties": {"name": "Temporary stream", "type": "Temporary stream", "couleur": "#90CAF9"}}, {"type": "Feature", "geometry": {"type": "LineString", "coordinates": [[-16.38726234436035, 14.34292221069336], [-16.387575149536133, 14.334181785583496], [-16.386003494262695, 14.325474739074707], [-16.37548065185547, 14.317151069641113], [-16.371379852294922, 14.311934471130371], [-16.370241165161133, 14.30115032196045], [-16.37105941772461, 14.294241905212402], [-16.376585006713867, 14.287020683288574]]}, "properties": {"name": "Temporary stream", "type": "Temporary stream", "couleur": "#90CAF9"}}, {"type": "Feature", "geometry": {"type": "LineString", "coordinates": [[-16.376585006713867, 14.287020683288574], [-16.380197525024414, 14.291327476501465], [-16.386816024780273, 14.292363166809082], [-16.389698028564453, 14.29530143737793], [-16.38718605041504, 14.312812805175781], [-16.39612579345703, 14.324840545654297], [-16.40178108215332, 14.324745178222656], [-16.40547752380371, 14.320544242858887]]}, "properties": {"name": "Temporary stream", "type": "Temporary stream", "couleur": "#90CAF9"}}, {"type": "Feature", "geometry": {"type": "LineString", "coordinates": [[-16.587467193603516, 14.334364891052246], [-16.58373260498047, 14.323858261108398], [-16.582551956176758, 14.311237335205078], [-16.578922271728516, 14.305959701538086], [-16.57543182373047, 14.297636032104492], [-16.574068069458008, 14.286334991455078]]}, "properties": {"name": "Temporary stream", "type": "Temporary stream", "couleur": "#90CAF9"}}, {"type": "Feature", "geometry": {"type": "LineString", "coordinates": [[-12.386676788330078, 14.339448928833008], [-12.399370193481445, 14.329298973083496], [-12.40970230102539, 14.3182373046875], [-12.418130874633789, 14.301895141601562], [-12.425415992736816, 14.295896530151367], [-12.453889846801758, 14.284775733947754]]}, "properties": {"name": "Temporary stream", "type": "Temporary stream", "couleur": "#90CAF9"}}, {"type": "Feature", "geometry": {"type": "LineString", "coordinates": [[-16.5788516998291, 14.41926097869873], [-16.57944679260254, 14.408976554870605], [-16.577495574951172, 14.405563354492188], [-16.568737030029297, 14.403650283813477], [-16.565706253051758, 14.405543327331543], [-16.56296157836914, 14.409958839416504], [-16.5591983795166, 14.41048526763916], [-16.555387496948242, 14.40848445892334], [-16.54745101928711, 14.412761688232422], [-16.53282356262207, 14.412330627441406], [-16.527423858642578, 14.413575172424316], [-16.52324104309082, 14.416866302490234], [-16.52077293395996, 14.423574447631836], [-16.51688575744629, 14.442719459533691], [-16.52031898498535, 14.449782371520996], [-16.520263671875, 14.459436416625977], [-16.518198013305664, 14.462461471557617], [-16.51513671875, 14.462743759155273], [-16.513376235961914, 14.461207389831543], [-16.511781692504883, 14.459815979003906], [-16.507108688354492, 14.449555397033691], [-16.50651741027832, 14.443129539489746], [-16.51085090637207, 14.422598838806152], [-16.510543823242188, 14.41869831085205], [-16.51482391357422, 14.408050537109375], [-16.520769119262695, 14.398062705993652], [-16.523326873779297, 14.396180152893066], [-16.536113739013672, 14.373889923095703], [-16.542583465576172, 14.366880416870117], [-16.548015594482422, 14.354832649230957], [-16.546785354614258, 14.352095603942871], [-16.546817779541016, 14.347611427307129], [-16.546852111816406, 14.343130111694336], [-16.548429489135742, 14.33919620513916], [-16.54844856262207, 14.327703475952148], [-16.54648208618164, 14.323370933532715], [-16.54104995727539, 14.322776794433594], [-16.53508186340332, 14.331388473510742], [-16.53560447692871, 14.334136009216309], [-16.532939910888672, 14.342917442321777], [-16.51763153076172, 14.368928909301758], [-16.512004852294922, 14.383277893066406], [-16.512313842773438, 14.38718032836914], [-16.50611686706543, 14.408892631530762], [-16.505027770996094, 14.41051197052002], [-16.502674102783203, 14.414010047912598], [-16.49070167541504, 14.44225788116455], [-16.477121353149414, 14.46019172668457], [-16.47407341003418, 14.461164474487305], [-16.4671688079834, 14.45760726928711], [-16.465904235839844, 14.453033447265625], [-16.46910858154297, 14.447690963745117], [-16.47447395324707, 14.444609642028809], [-16.4740047454834, 14.431977272033691], [-16.47511100769043, 14.428050994873047], [-16.48847770690918, 14.411270141601562], [-16.48907470703125, 14.407694816589355], [-16.48932647705078, 14.40619945526123], [-16.493667602539062, 14.398768424987793], [-16.496335983276367, 14.377346992492676], [-16.501142501831055, 14.369677543640137], [-16.511079788208008, 14.358931541442871], [-16.519508361816406, 14.343153953552246], [-16.52115821838379, 14.330483436584473], [-16.517837524414062, 14.316750526428223], [-16.51895523071289, 14.313512802124023], [-16.520296096801758, 14.309581756591797], [-16.520891189575195, 14.303595542907715], [-16.517045974731445, 14.29952621459961], [-16.510215759277344, 14.299875259399414], [-16.504642486572266, 14.304341316223145], [-16.50267219543457, 14.312419891357422], [-16.498756408691406, 14.317316055297852], [-16.49618911743164, 14.31873893737793], [-16.49053382873535, 14.318839073181152], [-16.484451293945312, 14.321243286132812], [-16.48079490661621, 14.327512741088867], [-16.479963302612305, 14.333503723144531], [-16.474937438964844, 14.342095375061035], [-16.46634864807129, 14.349370002746582], [-16.458332061767578, 14.353493690490723], [-16.454389572143555, 14.35279655456543], [-16.450454711914062, 14.343900680541992], [-16.453109741210938, 14.334430694580078], [-16.458234786987305, 14.331124305725098], [-16.473407745361328, 14.310402870178223], [-16.47759437561035, 14.307342529296875], [-16.489582061767578, 14.292881965637207], [-16.49091911315918, 14.288722038269043], [-16.48823356628418, 14.283712387084961], [-16.48351287841797, 14.283333778381348], [-16.47536849975586, 14.288992881774902], [-16.467567443847656, 14.30039119720459], [-16.459232330322266, 14.308581352233887], [-16.452449798583984, 14.311457633972168], [-16.433385848999023, 14.312936782836914], [-16.423250198364258, 14.312882423400879], [-16.417797088623047, 14.311137199401855], [-16.406665802001953, 14.29524040222168]]}, "properties": {"name": "Temporary stream", "type": "Temporary stream", "couleur": "#90CAF9"}}, {"type": "Feature", "geometry": {"type": "LineString", "coordinates": [[-12.100119590759277, 14.356010437011719], [-12.10340404510498, 14.349109649658203], [-12.097949981689453, 14.334182739257812], [-12.09959602355957, 14.332341194152832], [-12.105960845947266, 14.33301830291748], [-12.109020233154297, 14.33117389678955], [-12.11113166809082, 14.326573371887207], [-12.108296394348145, 14.323591232299805], [-12.100756645202637, 14.324525833129883], [-12.100905418395996, 14.322989463806152], [-12.101909637451172, 14.312573432922363], [-12.100481986999512, 14.306370735168457], [-12.096468925476074, 14.30316162109375], [-12.047213554382324, 14.286713600158691], [-12.040346145629883, 14.284420013427734], [-12.024788856506348, 14.281688690185547]]}, "properties": {"name": "Temporary stream", "type": "Temporary stream", "couleur": "#90CAF9"}}, {"type": "Feature", "geometry": {"type": "LineString", "coordinates": [[-16.649629592895508, 14.281532287597656], [-16.646785736083984, 14.29307746887207], [-16.652700424194336, 14.306530952453613], [-16.656044006347656, 14.308769226074219], [-16.661453247070312, 14.308211326599121], [-16.667978286743164, 14.30443000793457]]}, "properties": {"name": "Temporary stream", "type": "Temporary stream", "couleur": "#90CAF9"}}, {"type": "Feature", "geometry": {"type": "LineString", "coordinates": [[-16.649629592895508, 14.281532287597656], [-16.656017303466797, 14.282795906066895], [-16.66270637512207, 14.287501335144043], [-16.666568756103516, 14.292258262634277], [-16.667978286743164, 14.30443000793457]]}, "properties": {"name": "Temporary stream", "type": "Temporary stream", "couleur": "#90CAF9"}}, {"type": "Feature", "geometry": {"type": "LineString", "coordinates": [[-15.743629455566406, 14.27552604675293], [-15.735958099365234, 14.282306671142578], [-15.724681854248047, 14.284542083740234], [-15.716496467590332, 14.288570404052734], [-15.70583438873291, 14.299988746643066], [-15.69442081451416, 14.308661460876465], [-15.692829132080078, 14.312361717224121], [-15.685406684875488, 14.32005500793457], [-15.67187786102295, 14.329216003417969]]}, "properties": {"name": "Temporary stream", "type": "Temporary stream", "couleur": "#90CAF9"}}, {"type": "Feature", "geometry": {"type": "LineString", "coordinates": [[-15.743629455566406, 14.27552604675293], [-15.753393173217773, 14.282047271728516], [-15.756061553955078, 14.286833763122559], [-15.756013870239258, 14.298786163330078], [-15.76441764831543, 14.308544158935547], [-15.766397476196289, 14.31449031829834], [-15.76675796508789, 14.337238311767578], [-15.76212215423584, 14.3720121383667], [-15.756484985351562, 14.388184547424316], [-15.756831169128418, 14.391679763793945], [-15.757326126098633, 14.396676063537598], [-15.755162239074707, 14.408888816833496], [-15.752877235412598, 14.413518905639648]]}, "properties": {"name": "Temporary stream", "type": "Temporary stream", "couleur": "#90CAF9"}}, {"type": "Feature", "geometry": {"type": "LineString", "coordinates": [[-16.52092170715332, 14.292561531066895], [-16.524452209472656, 14.29227066040039], [-16.52678108215332, 14.290849685668945], [-16.525287628173828, 14.286508560180664], [-16.518749237060547, 14.277200698852539], [-16.51423454284668, 14.2752103805542], [-16.510475158691406, 14.275736808776855], [-16.50585174560547, 14.280644416809082], [-16.509241104125977, 14.285411834716797], [-16.52092170715332, 14.292561531066895]]}, "properties": {"name": "Temporary stream", "type": "Temporary stream", "couleur": "#90CAF9"}}, {"type": "Feature", "geometry": {"type": "LineString", "coordinates": [[-13.027515411376953, 14.340727806091309], [-13.035707473754883, 14.330802917480469], [-13.044803619384766, 14.31397819519043], [-13.058280944824219, 14.280813217163086], [-13.06225299835205, 14.275045394897461], [-13.067655563354492, 14.272029876708984]]}, "properties": {"name": "Temporary stream", "type": "Temporary stream", "couleur": "#90CAF9"}}, {"type": "Feature", "geometry": {"type": "LineString", "coordinates": [[-16.574068069458008, 14.286334991455078], [-16.57773208618164, 14.29316520690918], [-16.583547592163086, 14.301566123962402], [-16.58831214904785, 14.304239273071289], [-16.598011016845703, 14.306135177612305], [-16.602222442626953, 14.304450035095215], [-16.62134552001953, 14.281352043151855], [-16.632225036621094, 14.271042823791504], [-16.641159057617188, 14.269962310791016]]}, "properties": {"name": "Temporary stream", "type": "Temporary stream", "couleur": "#90CAF9"}}, {"type": "Feature", "geometry": {"type": "LineString", "coordinates": [[-16.641159057617188, 14.269962310791016], [-16.644750595092773, 14.2728853225708], [-16.649629592895508, 14.281532287597656]]}, "properties": {"name": "Temporary stream", "type": "Temporary stream", "couleur": "#90CAF9"}}, {"type": "Feature", "geometry": {"type": "LineString", "coordinates": [[-14.328495979309082, 14.269098281860352], [-14.318864822387695, 14.271950721740723], [-14.313714981079102, 14.275218963623047], [-14.307427406311035, 14.282405853271484], [-14.301207542419434, 14.296255111694336], [-14.29723834991455, 14.299741744995117], [-14.292540550231934, 14.301166534423828], [-14.283673286437988, 14.309755325317383], [-14.279746055603027, 14.317378044128418], [-14.273040771484375, 14.352834701538086], [-14.267721176147461, 14.362768173217773]]}, "properties": {"name": "Temporary stream", "type": "Temporary stream", "couleur": "#90CAF9"}}, {"type": "Feature", "geometry": {"type": "LineString", "coordinates": [[-16.406665802001953, 14.29524040222168], [-16.411296844482422, 14.290793418884277], [-16.41670799255371, 14.290240287780762], [-16.42692756652832, 14.282018661499023], [-16.430377960205078, 14.277362823486328], [-16.439422607421875, 14.269390106201172], [-16.444129943847656, 14.269079208374023], [-16.451358795166016, 14.268148422241211]]}, "properties": {"name": "Temporary stream", "type": "Temporary stream", "couleur": "#90CAF9"}}, {"type": "Feature", "geometry": {"type": "LineString", "coordinates": [[-16.432191848754883, 14.279706954956055], [-16.434240341186523, 14.282352447509766], [-16.438682556152344, 14.280437469482422], [-16.44024658203125, 14.275812149047852], [-16.442564010620117, 14.273703575134277], [-16.448444366455078, 14.272923469543457], [-16.451236724853516, 14.272336959838867], [-16.451358795166016, 14.268148422241211]]}, "properties": {"name": "Temporary stream", "type": "Temporary stream", "couleur": "#90CAF9"}}, {"type": "Feature", "geometry": {"type": "LineString", "coordinates": [[-16.382583618164062, 14.266921997070312], [-16.380189895629883, 14.27882194519043], [-16.376585006713867, 14.287020683288574]]}, "properties": {"name": "Temporary stream", "type": "Temporary stream", "couleur": "#90CAF9"}}, {"type": "Feature", "geometry": {"type": "LineString", "coordinates": [[-14.927728652954102, 14.28807544708252], [-14.94320297241211, 14.281914710998535], [-14.953072547912598, 14.279727935791016], [-14.978041648864746, 14.27896499633789], [-14.985783576965332, 14.27634334564209], [-14.996076583862305, 14.270471572875977], [-15.0, 14.266879081726074]]}, "properties": {"name": "Temporary stream", "type": "Temporary stream", "couleur": "#90CAF9"}}, {"type": "Feature", "geometry": {"type": "LineString", "coordinates": [[-16.528682708740234, 14.266451835632324], [-16.525915145874023, 14.269718170166016], [-16.533512115478516, 14.2852144241333], [-16.532678604125977, 14.298454284667969]]}, "properties": {"name": "Temporary stream", "type": "Temporary stream", "couleur": "#90CAF9"}}, {"type": "Feature", "geometry": {"type": "LineString", "coordinates": [[-16.641159057617188, 14.269962310791016], [-16.63848876953125, 14.265872955322266]]}, "properties": {"name": "Temporary stream", "type": "Temporary stream", "couleur": "#90CAF9"}}, {"type": "Feature", "geometry": {"type": "LineString", "coordinates": [[-16.616785049438477, 14.26733684539795], [-16.609941482543945, 14.27649974822998], [-16.603858947753906, 14.27890682220459], [-16.593862533569336, 14.286211967468262], [-16.588354110717773, 14.28815746307373], [-16.583656311035156, 14.286224365234375], [-16.580781936645508, 14.281534194946289], [-16.5824031829834, 14.27768611907959], [-16.595535278320312, 14.269659996032715], [-16.602432250976562, 14.269009590148926], [-16.612457275390625, 14.265217781066895], [-16.616785049438477, 14.26733684539795]]}, "properties": {"name": "Temporary stream", "type": "Temporary stream", "couleur": "#90CAF9"}}, {"type": "Feature", "geometry": {"type": "LineString", "coordinates": [[-15.0, 14.266879081726074], [-15.002731323242188, 14.26437759399414], [-15.013052940368652, 14.263238906860352], [-15.022150039672852, 14.264176368713379]]}, "properties": {"name": "Temporary stream", "type": "Temporary stream", "couleur": "#90CAF9"}}, {"type": "Feature", "geometry": {"type": "LineString", "coordinates": [[-16.578094482421875, 14.262357711791992], [-16.58003807067871, 14.2779541015625], [-16.57833480834961, 14.280295372009277], [-16.57682991027832, 14.279589653015137], [-16.574432373046875, 14.28144645690918], [-16.574068069458008, 14.286334991455078]]}, "properties": {"name": "Temporary stream", "type": "Temporary stream", "couleur": "#90CAF9"}}, {"type": "Feature", "geometry": {"type": "LineString", "coordinates": [[-16.451358795166016, 14.268148422241211], [-16.46640396118164, 14.266135215759277], [-16.472383499145508, 14.261994361877441]]}, "properties": {"name": "Temporary stream", "type": "Temporary stream", "couleur": "#90CAF9"}}, {"type": "Feature", "geometry": {"type": "LineString", "coordinates": [[-16.472383499145508, 14.261994361877441], [-16.474082946777344, 14.270397186279297], [-16.473024368286133, 14.276851654052734], [-16.472402572631836, 14.28145980834961], [-16.459199905395508, 14.281229972839355], [-16.45691680908203, 14.285177230834961], [-16.457904815673828, 14.287688255310059], [-16.460248947143555, 14.286958694458008]]}, "properties": {"name": "Temporary stream", "type": "Temporary stream", "couleur": "#90CAF9"}}, {"type": "Feature", "geometry": {"type": "LineString", "coordinates": [[-16.63848876953125, 14.265872955322266], [-16.642900466918945, 14.262345314025879], [-16.64285659790039, 14.260047912597656]]}, "properties": {"name": "Temporary stream", "type": "Temporary stream", "couleur": "#90CAF9"}}, {"type": "Feature", "geometry": {"type": "LineString", "coordinates": [[-16.530914306640625, 14.259746551513672], [-16.535728454589844, 14.265177726745605], [-16.53411865234375, 14.2672758102417], [-16.528682708740234, 14.266451835632324]]}, "properties": {"name": "Temporary stream", "type": "Temporary stream", "couleur": "#90CAF9"}}, {"type": "Feature", "geometry": {"type": "LineString", "coordinates": [[-13.132792472839355, 14.484240531921387], [-13.140068054199219, 14.478455543518066], [-13.1566743850708, 14.456300735473633], [-13.17072868347168, 14.4412841796875], [-13.177884101867676, 14.416425704956055], [-13.17890739440918, 14.391371726989746], [-13.17883014678955, 14.378987312316895], [-13.178727149963379, 14.362417221069336], [-13.180316925048828, 14.352755546569824], [-13.186595916748047, 14.339159965515137], [-13.186559677124023, 14.333415985107422], [-13.177286148071289, 14.32013988494873], [-13.177501678466797, 14.31692123413086], [-13.173930168151855, 14.310965538024902], [-13.17007827758789, 14.297889709472656], [-13.165358543395996, 14.25861644744873]]}, "properties": {"name": "Temporary stream", "type": "Temporary stream", "couleur": "#90CAF9"}}, {"type": "Feature", "geometry": {"type": "LineString", "coordinates": [[-16.63315773010254, 14.258153915405273], [-16.634178161621094, 14.262272834777832], [-16.63848876953125, 14.265872955322266]]}, "properties": {"name": "Temporary stream", "type": "Temporary stream", "couleur": "#90CAF9"}}, {"type": "Feature", "geometry": {"type": "LineString", "coordinates": [[-13.067655563354492, 14.272029876708984], [-13.105086326599121, 14.26630973815918], [-13.135899543762207, 14.257634162902832], [-13.153097152709961, 14.257078170776367], [-13.16041374206543, 14.25910472869873], [-13.165358543395996, 14.25861644744873]]}, "properties": {"name": "Temporary stream", "type": "Temporary stream", "couleur": "#90CAF9"}}, {"type": "Feature", "geometry": {"type": "LineString", "coordinates": [[-16.587467193603516, 14.334364891052246], [-16.577159881591797, 14.33776569366455], [-16.572856903076172, 14.334625244140625], [-16.570451736450195, 14.319498062133789], [-16.572721481323242, 14.314860343933105], [-16.57478141784668, 14.311606407165527], [-16.574907302856445, 14.30585765838623], [-16.567623138427734, 14.29993724822998], [-16.56301498413086, 14.300091743469238], [-16.557138442993164, 14.300886154174805], [-16.54977798461914, 14.298028945922852], [-16.546693801879883, 14.296934127807617], [-16.5428409576416, 14.292634963989258], [-16.538394927978516, 14.2816801071167], [-16.541336059570312, 14.275192260742188], [-16.540067672729492, 14.270387649536133], [-16.544761657714844, 14.256743431091309], [-16.54996109008789, 14.257570266723633], [-16.555496215820312, 14.263678550720215], [-16.55403709411621, 14.266820907592773], [-16.55524444580078, 14.275405883789062], [-16.557870864868164, 14.27719783782959], [-16.55746078491211, 14.280424118041992], [-16.555604934692383, 14.282065391540527], [-16.556119918823242, 14.284354209899902], [-16.562746047973633, 14.285846710205078], [-16.574068069458008, 14.286334991455078]]}, "properties": {"name": "Temporary stream", "type": "Temporary stream", "couleur": "#90CAF9"}}, {"type": "Feature", "geometry": {"type": "LineString", "coordinates": [[-16.64325714111328, 14.256362915039062], [-16.64285659790039, 14.260047912597656]]}, "properties": {"name": "Temporary stream", "type": "Temporary stream", "couleur": "#90CAF9"}}, {"type": "Feature", "geometry": {"type": "LineString", "coordinates": [[-16.451358795166016, 14.268148422241211], [-16.450624465942383, 14.263449668884277], [-16.452463150024414, 14.260889053344727], [-16.46229362487793, 14.257270812988281], [-16.465652465820312, 14.25427532196045]]}, "properties": {"name": "Temporary stream", "type": "Temporary stream", "couleur": "#90CAF9"}}, {"type": "Feature", "geometry": {"type": "LineString", "coordinates": [[-16.472383499145508, 14.261994361877441], [-16.470006942749023, 14.25645923614502], [-16.465652465820312, 14.25427532196045]]}, "properties": {"name": "Temporary stream", "type": "Temporary stream", "couleur": "#90CAF9"}}, {"type": "Feature", "geometry": {"type": "LineString", "coordinates": [[-16.64325714111328, 14.256362915039062], [-16.646745681762695, 14.254000663757324], [-16.649337768554688, 14.253954887390137], [-16.65345573425293, 14.259856224060059], [-16.6521053314209, 14.26309871673584], [-16.647632598876953, 14.263409614562988], [-16.64285659790039, 14.260047912597656]]}, "properties": {"name": "Temporary stream", "type": "Temporary stream", "couleur": "#90CAF9"}}, {"type": "Feature", "geometry": {"type": "LineString", "coordinates": [[-16.528682708740234, 14.266451835632324], [-16.520402908325195, 14.264759063720703], [-16.51753807067871, 14.262740135192871], [-16.51074981689453, 14.25251579284668], [-16.507905960083008, 14.251646041870117]]}, "properties": {"name": "Temporary stream", "type": "Temporary stream", "couleur": "#90CAF9"}}, {"type": "Feature", "geometry": {"type": "LineString", "coordinates": [[-16.63315773010254, 14.258153915405273], [-16.636110305786133, 14.25235366821289], [-16.637746810913086, 14.25163459777832], [-16.64325714111328, 14.256362915039062]]}, "properties": {"name": "Temporary stream", "type": "Temporary stream", "couleur": "#90CAF9"}}, {"type": "Feature", "geometry": {"type": "LineString", "coordinates": [[-15.148876190185547, 14.24328327178955], [-15.149261474609375, 14.254310607910156], [-15.151636123657227, 14.255659103393555], [-15.161778450012207, 14.256448745727539], [-15.168177604675293, 14.259124755859375], [-15.173959732055664, 14.268473625183105], [-15.17825698852539, 14.27255630493164], [-15.187948226928711, 14.27472972869873], [-15.204438209533691, 14.274287223815918], [-15.209407806396484, 14.27583122253418], [-15.212021827697754, 14.277406692504883], [-15.230016708374023, 14.300616264343262], [-15.238371849060059, 14.308320999145508], [-15.24294376373291, 14.310539245605469], [-15.263287544250488, 14.320405006408691], [-15.2637939453125, 14.322927474975586]]}, "properties": {"name": "Temporary stream", "type": "Temporary stream", "couleur": "#90CAF9"}}, {"type": "Feature", "geometry": {"type": "LineString", "coordinates": [[-16.505836486816406, 14.240273475646973], [-16.5012149810791, 14.24238395690918], [-16.49505043029785, 14.2573881149292], [-16.490177154541016, 14.261381149291992], [-16.486448287963867, 14.267090797424316]]}, "properties": {"name": "Temporary stream", "type": "Temporary stream", "couleur": "#90CAF9"}}, {"type": "Feature", "geometry": {"type": "LineString", "coordinates": [[-16.505836486816406, 14.240273475646973], [-16.516895294189453, 14.253557205200195], [-16.530914306640625, 14.259746551513672]]}, "properties": {"name": "Temporary stream", "type": "Temporary stream", "couleur": "#90CAF9"}}, {"type": "Feature", "geometry": {"type": "LineString", "coordinates": [[-12.775789260864258, 14.23851490020752], [-12.77205753326416, 14.246575355529785], [-12.761752128601074, 14.259719848632812], [-12.749789237976074, 14.271262168884277], [-12.744147300720215, 14.274044036865234], [-12.738993644714355, 14.280730247497559], [-12.723735809326172, 14.293664932250977], [-12.704662322998047, 14.296730995178223], [-12.687498092651367, 14.305303573608398], [-12.67819595336914, 14.314138412475586], [-12.66003704071045, 14.331381797790527], [-12.656742095947266, 14.332313537597656], [-12.625750541687012, 14.361159324645996], [-12.617056846618652, 14.36739730834961], [-12.592118263244629, 14.37898063659668], [-12.573522567749023, 14.384926795959473], [-12.567398071289062, 14.386884689331055]]}, "properties": {"name": "Temporary stream", "type": "Temporary stream", "couleur": "#90CAF9"}}, {"type": "Feature", "geometry": {"type": "LineString", "coordinates": [[-12.775789260864258, 14.23851490020752], [-12.779562950134277, 14.239188194274902], [-12.794927597045898, 14.249921798706055], [-12.811492919921875, 14.265016555786133], [-12.825511932373047, 14.288857460021973], [-12.826713562011719, 14.293676376342773], [-12.82932186126709, 14.296881675720215], [-12.83629035949707, 14.324198722839355], [-12.837057113647461, 14.33637523651123], [-12.835700988769531, 14.341383934020996], [-12.835437774658203, 14.342357635498047], [-12.835931777954102, 14.34718132019043], [-12.833151817321777, 14.35684585571289], [-12.828015327453613, 14.36698055267334], [-12.817220687866211, 14.376681327819824], [-12.808786392211914, 14.387289047241211], [-12.804110527038574, 14.395353317260742], [-12.796209335327148, 14.41928768157959], [-12.786842346191406, 14.432427406311035], [-12.776774406433105, 14.451006889343262], [-12.77398681640625, 14.456151962280273], [-12.767653465270996, 14.463072776794434], [-12.763448715209961, 14.471821784973145], [-12.75265121459961, 14.482439041137695], [-12.747517585754395, 14.494179725646973], [-12.746601104736328, 14.49992847442627], [-12.739794731140137, 14.507079124450684]]}, "properties": {"name": "Temporary stream", "type": "Temporary stream", "couleur": "#90CAF9"}}, {"type": "Feature", "geometry": {"type": "LineString", "coordinates": [[-16.57433319091797, 14.262885093688965], [-16.56330680847168, 14.25296688079834], [-16.560110092163086, 14.24589729309082], [-16.560277938842773, 14.242217063903809], [-16.559764862060547, 14.23584270477295]]}, "properties": {"name": "Temporary stream", "type": "Temporary stream", "couleur": "#90CAF9"}}, {"type": "Feature", "geometry": {"type": "LineString", "coordinates": [[-15.0, 14.235761642456055], [-15.0024995803833, 14.238905906677246], [-15.014142036437988, 14.246346473693848], [-15.020118713378906, 14.252939224243164], [-15.022150039672852, 14.264176368713379]]}, "properties": {"name": "Temporary stream", "type": "Temporary stream", "couleur": "#90CAF9"}}, {"type": "Feature", "geometry": {"type": "LineString", "coordinates": [[-13.19961166381836, 14.23520565032959], [-13.180415153503418, 14.254852294921875], [-13.165358543395996, 14.25861644744873]]}, "properties": {"name": "Temporary stream", "type": "Temporary stream", "couleur": "#90CAF9"}}, {"type": "Feature", "geometry": {"type": "LineString", "coordinates": [[-13.257820129394531, 14.310011863708496], [-13.254228591918945, 14.301300048828125], [-13.249320030212402, 14.271223068237305], [-13.24597454071045, 14.26388931274414], [-13.215662002563477, 14.239937782287598], [-13.209989547729492, 14.236983299255371], [-13.19961166381836, 14.23520565032959]]}, "properties": {"name": "Temporary stream", "type": "Temporary stream", "couleur": "#90CAF9"}}, {"type": "Feature", "geometry": {"type": "LineString", "coordinates": [[-15.2637939453125, 14.322927474975586], [-15.269439697265625, 14.322162628173828], [-15.274653434753418, 14.324163436889648], [-15.281245231628418, 14.323616027832031], [-15.284521102905273, 14.321964263916016], [-15.287538528442383, 14.318707466125488], [-15.29362678527832, 14.299090385437012], [-15.302837371826172, 14.287070274353027], [-15.306797981262207, 14.28052806854248], [-15.313214302062988, 14.251023292541504], [-15.316699028015137, 14.247528076171875], [-15.331501007080078, 14.244572639465332], [-15.336392402648926, 14.240599632263184], [-15.339476585388184, 14.234262466430664]]}, "properties": {"name": "Temporary stream", "type": "Temporary stream", "couleur": "#90CAF9"}}, {"type": "Feature", "geometry": {"type": "LineString", "coordinates": [[-15.339476585388184, 14.234262466430664], [-15.34790325164795, 14.238146781921387], [-15.353171348571777, 14.244051933288574], [-15.36843204498291, 14.273036003112793], [-15.378485679626465, 14.28393268585205], [-15.383818626403809, 14.29420280456543], [-15.383207321166992, 14.317193984985352], [-15.390817642211914, 14.338235855102539], [-15.389989852905273, 14.343539237976074], [-15.389090538024902, 14.34929084777832]]}, "properties": {"name": "Temporary stream", "type": "Temporary stream", "couleur": "#90CAF9"}}, {"type": "Feature", "geometry": {"type": "LineString", "coordinates": [[-16.530914306640625, 14.259746551513672], [-16.53058433532715, 14.254694938659668], [-16.531967163085938, 14.253061294555664], [-16.539260864257812, 14.252472877502441], [-16.54016876220703, 14.250617980957031], [-16.541048049926758, 14.24715518951416], [-16.538057327270508, 14.238471984863281], [-16.527795791625977, 14.231528282165527], [-16.520479202270508, 14.230968475341797], [-16.505836486816406, 14.240273475646973]]}, "properties": {"name": "Temporary stream", "type": "Temporary stream", "couleur": "#90CAF9"}}, {"type": "Feature", "geometry": {"type": "LineString", "coordinates": [[-15.148876190185547, 14.24328327178955], [-15.140541076660156, 14.236722946166992], [-15.131787300109863, 14.234075546264648], [-15.09497356414795, 14.229714393615723], [-15.086499214172363, 14.230279922485352], [-15.06705379486084, 14.238568305969238], [-15.054791450500488, 14.237800598144531], [-15.039726257324219, 14.238906860351562], [-15.03325080871582, 14.248181343078613], [-15.032849311828613, 14.252045631408691], [-15.032414436340332, 14.25623607635498], [-15.028946876525879, 14.261335372924805], [-15.022150039672852, 14.264176368713379]]}, "properties": {"name": "Temporary stream", "type": "Temporary stream", "couleur": "#90CAF9"}}, {"type": "Feature", "geometry": {"type": "LineString", "coordinates": [[-16.578420639038086, 14.229711532592773], [-16.574251174926758, 14.233463287353516], [-16.563962936401367, 14.237783432006836], [-16.562162399291992, 14.242183685302734], [-16.56340789794922, 14.24583911895752], [-16.567670822143555, 14.246912956237793], [-16.578018188476562, 14.245808601379395], [-16.579050064086914, 14.250617027282715], [-16.577077865600586, 14.258468627929688], [-16.578094482421875, 14.262357711791992]]}, "properties": {"name": "Temporary stream", "type": "Temporary stream", "couleur": "#90CAF9"}}, {"type": "Feature", "geometry": {"type": "LineString", "coordinates": [[-16.578094482421875, 14.262357711791992], [-16.58820343017578, 14.248616218566895], [-16.591636657714844, 14.243267059326172], [-16.593189239501953, 14.238182067871094], [-16.590988159179688, 14.233854293823242], [-16.586503982543945, 14.233474731445312], [-16.58230209350586, 14.235618591308594], [-16.578420639038086, 14.229711532592773]]}, "properties": {"name": "Temporary stream", "type": "Temporary stream", "couleur": "#90CAF9"}}, {"type": "Feature", "geometry": {"type": "LineString", "coordinates": [[-16.59078025817871, 14.260293006896973], [-16.590234756469727, 14.256394386291504], [-16.591793060302734, 14.25153923034668], [-16.595439910888672, 14.245038032531738], [-16.5991268157959, 14.240605354309082], [-16.610206604003906, 14.228453636169434], [-16.6160831451416, 14.22765827178955], [-16.619171142578125, 14.228982925415039], [-16.6208553314209, 14.230792045593262], [-16.62093734741211, 14.235157012939453], [-16.615032196044922, 14.246756553649902], [-16.609922409057617, 14.250755310058594], [-16.603715896606445, 14.258912086486816], [-16.59668731689453, 14.26110553741455], [-16.59078025817871, 14.260293006896973]]}, "properties": {"name": "Temporary stream", "type": "Temporary stream", "couleur": "#90CAF9"}}, {"type": "Feature", "geometry": {"type": "LineString", "coordinates": [[-16.577911376953125, 14.227651596069336], [-16.578420639038086, 14.229711532592773]]}, "properties": {"name": "Temporary stream", "type": "Temporary stream", "couleur": "#90CAF9"}}, {"type": "Feature", "geometry": {"type": "LineString", "coordinates": [[-15.743629455566406, 14.27552604675293], [-15.736466407775879, 14.269657135009766], [-15.73259162902832, 14.26304817199707], [-15.733450889587402, 14.257749557495117], [-15.731563568115234, 14.242607116699219], [-15.721660614013672, 14.227123260498047]]}, "properties": {"name": "Temporary stream", "type": "Temporary stream", "couleur": "#90CAF9"}}, {"type": "Feature", "geometry": {"type": "LineString", "coordinates": [[-16.416234970092773, 14.225658416748047], [-16.414981842041016, 14.234415054321289], [-16.40959358215332, 14.236116409301758], [-16.40800666809082, 14.239591598510742], [-16.407005310058594, 14.249263763427734], [-16.40214729309082, 14.254173278808594], [-16.39695930480957, 14.254033088684082], [-16.393260955810547, 14.258004188537598], [-16.39453887939453, 14.263498306274414], [-16.393407821655273, 14.266046524047852], [-16.395111083984375, 14.26900577545166], [-16.389263153076172, 14.271403312683105], [-16.385662078857422, 14.26778793334961], [-16.382583618164062, 14.266921997070312]]}, "properties": {"name": "Temporary stream", "type": "Temporary stream", "couleur": "#90CAF9"}}, {"type": "Feature", "geometry": {"type": "LineString", "coordinates": [[-16.416234970092773, 14.225658416748047], [-16.422962188720703, 14.232667922973633], [-16.41794776916504, 14.241949081420898], [-16.4176025390625, 14.24885082244873], [-16.415470123291016, 14.25424861907959], [-16.41257095336914, 14.2592191696167], [-16.407941818237305, 14.261889457702637], [-16.404972076416016, 14.266997337341309], [-16.404151916503906, 14.273676872253418], [-16.40329933166504, 14.291620254516602], [-16.406665802001953, 14.29524040222168]]}, "properties": {"name": "Temporary stream", "type": "Temporary stream", "couleur": "#90CAF9"}}, {"type": "Feature", "geometry": {"type": "LineString", "coordinates": [[-15.601365089416504, 14.249332427978516], [-15.62193775177002, 14.238694190979004], [-15.630632400512695, 14.237189292907715], [-15.643128395080566, 14.23769760131836], [-15.663798332214355, 14.233489990234375], [-15.675715446472168, 14.227109909057617], [-15.683453559875488, 14.224698066711426], [-15.697680473327637, 14.23046588897705], [-15.706645965576172, 14.231253623962402], [-15.721660614013672, 14.227123260498047]]}, "properties": {"name": "Temporary stream", "type": "Temporary stream", "couleur": "#90CAF9"}}, {"type": "Feature", "geometry": {"type": "LineString", "coordinates": [[-16.36126708984375, 14.247978210449219], [-16.363391876220703, 14.248170852661133], [-16.369619369506836, 14.24070930480957], [-16.370784759521484, 14.239999771118164], [-16.36897850036621, 14.231295585632324], [-16.382877349853516, 14.221949577331543]]}, "properties": {"name": "Temporary stream", "type": "Temporary stream", "couleur": "#90CAF9"}}, {"type": "Feature", "geometry": {"type": "LineString", "coordinates": [[-16.416234970092773, 14.225658416748047], [-16.418962478637695, 14.220093727111816]]}, "properties": {"name": "Temporary stream", "type": "Temporary stream", "couleur": "#90CAF9"}}, {"type": "Feature", "geometry": {"type": "LineString", "coordinates": [[-12.245406150817871, 14.304901123046875], [-12.23525333404541, 14.297572135925293], [-12.226275444030762, 14.288860321044922], [-12.221305847167969, 14.280828475952148], [-12.218682289123535, 14.269113540649414], [-12.220070838928223, 14.259458541870117], [-12.22429084777832, 14.251404762268066], [-12.23204517364502, 14.243571281433105], [-12.23367977142334, 14.238282203674316], [-12.231074333190918, 14.233231544494629], [-12.218324661254883, 14.22269058227539], [-12.21666431427002, 14.218328475952148]]}, "properties": {"name": "Faleme", "type": "Secondary river", "couleur": "#1976D2"}}, {"type": "Feature", "geometry": {"type": "LineString", "coordinates": [[-12.245406150817871, 14.304901123046875], [-12.251755714416504, 14.30005931854248], [-12.25740909576416, 14.299356460571289], [-12.264479637145996, 14.299798011779785], [-12.27085018157959, 14.302539825439453], [-12.274382591247559, 14.301840782165527], [-12.282383918762207, 14.29814338684082], [-12.283768653869629, 14.287797927856445], [-12.294844627380371, 14.28799819946289], [-12.314628601074219, 14.284728050231934], [-12.330625534057617, 14.2761812210083], [-12.336020469665527, 14.267891883850098], [-12.33505916595459, 14.261919975280762], [-12.337163925170898, 14.257087707519531], [-12.341862678527832, 14.252708435058594], [-12.342239379882812, 14.25171947479248], [-12.343965530395508, 14.247186660766602], [-12.343937873840332, 14.237993240356445], [-12.346755027770996, 14.23476791381836], [-12.352117538452148, 14.217055320739746]]}, "properties": {"name": "Temporary stream", "type": "Temporary stream", "couleur": "#90CAF9"}}, {"type": "Feature", "geometry": {"type": "LineString", "coordinates": [[-12.352117538452148, 14.217055320739746], [-12.381571769714355, 14.219038963317871], [-12.383922576904297, 14.217652320861816], [-12.389824867248535, 14.221542358398438], [-12.402315139770508, 14.222884178161621], [-12.423262596130371, 14.21684455871582], [-12.444696426391602, 14.216087341308594], [-12.454126358032227, 14.217896461486816]]}, "properties": {"name": "Temporary stream", "type": "Temporary stream", "couleur": "#90CAF9"}}, {"type": "Feature", "geometry": {"type": "LineString", "coordinates": [[-16.559764862060547, 14.23584270477295], [-16.562929153442383, 14.230413436889648], [-16.563743591308594, 14.226064682006836], [-16.56103515625, 14.2199068069458], [-16.55670928955078, 14.215386390686035]]}, "properties": {"name": "Temporary stream", "type": "Temporary stream", "couleur": "#90CAF9"}}, {"type": "Feature", "geometry": {"type": "LineString", "coordinates": [[-16.577911376953125, 14.227651596069336], [-16.57030487060547, 14.224109649658203], [-16.56707763671875, 14.215431213378906], [-16.56139373779297, 14.213923454284668], [-16.55670928955078, 14.215386390686035]]}, "properties": {"name": "Temporary stream", "type": "Temporary stream", "couleur": "#90CAF9"}}, {"type": "Feature", "geometry": {"type": "LineString", "coordinates": [[-16.41200065612793, 14.213088989257812], [-16.418962478637695, 14.220093727111816]]}, "properties": {"name": "Temporary stream", "type": "Temporary stream", "couleur": "#90CAF9"}}, {"type": "Feature", "geometry": {"type": "LineString", "coordinates": [[-16.53232192993164, 14.221563339233398], [-16.530256271362305, 14.226205825805664], [-16.52867317199707, 14.22806453704834], [-16.52513885498047, 14.228126525878906], [-16.519195556640625, 14.22524356842041], [-16.518146514892578, 14.219515800476074], [-16.519014358520508, 14.215592384338379], [-16.52060890197754, 14.212575912475586], [-16.523208618164062, 14.212989807128906], [-16.528766632080078, 14.220478057861328], [-16.53232192993164, 14.221563339233398]]}, "properties": {"name": "Temporary stream", "type": "Temporary stream", "couleur": "#90CAF9"}}, {"type": "Feature", "geometry": {"type": "LineString", "coordinates": [[-13.067655563354492, 14.272029876708984], [-13.04829216003418, 14.264778137207031], [-13.04428768157959, 14.265028953552246], [-13.029626846313477, 14.255683898925781], [-13.024201393127441, 14.254563331604004], [-13.017844200134277, 14.255285263061523], [-12.982931137084961, 14.247651100158691], [-12.976786613464355, 14.244235038757324], [-12.967305183410645, 14.233711242675781], [-12.962104797363281, 14.23051929473877], [-12.950688362121582, 14.226969718933105], [-12.944642066955566, 14.225090026855469], [-12.922430992126465, 14.21255874633789]]}, "properties": {"name": "Temporary stream", "type": "Temporary stream", "couleur": "#90CAF9"}}, {"type": "Feature", "geometry": {"type": "LineString", "coordinates": [[-16.402462005615234, 14.209879875183105], [-16.400455474853516, 14.213058471679688], [-16.400907516479492, 14.22500228881836], [-16.39980125427246, 14.241801261901855], [-16.39704132080078, 14.245526313781738], [-16.38694190979004, 14.26041030883789], [-16.383922576904297, 14.262761116027832], [-16.382583618164062, 14.266921997070312]]}, "properties": {"name": "Temporary stream", "type": "Temporary stream", "couleur": "#90CAF9"}}, {"type": "Feature", "geometry": {"type": "LineString", "coordinates": [[-16.402462005615234, 14.209879875183105], [-16.406814575195312, 14.212947845458984], [-16.41200065612793, 14.213088989257812]]}, "properties": {"name": "Temporary stream", "type": "Temporary stream", "couleur": "#90CAF9"}}, {"type": "Feature", "geometry": {"type": "LineString", "coordinates": [[-16.465652465820312, 14.25427532196045], [-16.46623420715332, 14.253754615783691], [-16.478008270263672, 14.227805137634277], [-16.47344207763672, 14.210184097290039], [-16.474594116210938, 14.208785057067871]]}, "properties": {"name": "Temporary stream", "type": "Temporary stream", "couleur": "#90CAF9"}}, {"type": "Feature", "geometry": {"type": "LineString", "coordinates": [[-16.48683738708496, 14.208341598510742], [-16.48841667175293, 14.217277526855469], [-16.486852645874023, 14.221902847290039], [-16.494422912597656, 14.236252784729004], [-16.48439598083496, 14.241945266723633], [-16.480871200561523, 14.24246597290039], [-16.477859497070312, 14.24527645111084], [-16.474346160888672, 14.259129524230957], [-16.472383499145508, 14.261994361877441]]}, "properties": {"name": "Temporary stream", "type": "Temporary stream", "couleur": "#90CAF9"}}, {"type": "Feature", "geometry": {"type": "LineString", "coordinates": [[-16.382877349853516, 14.221949577331543], [-16.391233444213867, 14.224249839782715], [-16.39447021484375, 14.220746040344238], [-16.393104553222656, 14.21042537689209], [-16.395174026489258, 14.20763111114502], [-16.402462005615234, 14.209879875183105]]}, "properties": {"name": "Temporary stream", "type": "Temporary stream", "couleur": "#90CAF9"}}, {"type": "Feature", "geometry": {"type": "LineString", "coordinates": [[-16.41200065612793, 14.213088989257812], [-16.412160873413086, 14.208948135375977], [-16.419416427612305, 14.206295013427734], [-16.426483154296875, 14.206172943115234]]}, "properties": {"name": "Temporary stream", "type": "Temporary stream", "couleur": "#90CAF9"}}, {"type": "Feature", "geometry": {"type": "LineString", "coordinates": [[-16.426483154296875, 14.206172943115234], [-16.428749084472656, 14.214179039001465], [-16.43193244934082, 14.220789909362793], [-16.42940902709961, 14.22451114654541], [-16.418962478637695, 14.220093727111816]]}, "properties": {"name": "Temporary stream", "type": "Temporary stream", "couleur": "#90CAF9"}}, {"type": "Feature", "geometry": {"type": "LineString", "coordinates": [[-16.55115509033203, 14.205370903015137], [-16.551048278808594, 14.21209716796875], [-16.55670928955078, 14.215386390686035]]}, "properties": {"name": "Temporary stream", "type": "Temporary stream", "couleur": "#90CAF9"}}, {"type": "Feature", "geometry": {"type": "LineString", "coordinates": [[-16.55670928955078, 14.215386390686035], [-16.55115509033203, 14.205370903015137]]}, "properties": {"name": "Temporary stream", "type": "Temporary stream", "couleur": "#90CAF9"}}, {"type": "Feature", "geometry": {"type": "LineString", "coordinates": [[-16.605270385742188, 14.20417594909668], [-16.614662170410156, 14.20358657836914], [-16.61850357055664, 14.20623779296875], [-16.62127685546875, 14.215842247009277], [-16.629472732543945, 14.225579261779785], [-16.62908172607422, 14.229723930358887], [-16.630067825317383, 14.232004165649414], [-16.628719329833984, 14.235477447509766], [-16.630447387695312, 14.239583969116211], [-16.628965377807617, 14.248345375061035], [-16.63315773010254, 14.258153915405273]]}, "properties": {"name": "Temporary stream", "type": "Temporary stream", "couleur": "#90CAF9"}}, {"type": "Feature", "geometry": {"type": "LineString", "coordinates": [[-16.48343276977539, 14.202653884887695], [-16.474594116210938, 14.208785057067871]]}, "properties": {"name": "Temporary stream", "type": "Temporary stream", "couleur": "#90CAF9"}}, {"type": "Feature", "geometry": {"type": "LineString", "coordinates": [[-16.48683738708496, 14.208341598510742], [-16.48581886291504, 14.204221725463867], [-16.48343276977539, 14.202653884887695]]}, "properties": {"name": "Temporary stream", "type": "Temporary stream", "couleur": "#90CAF9"}}, {"type": "Feature", "geometry": {"type": "LineString", "coordinates": [[-16.506057739257812, 14.20201301574707], [-16.509078979492188, 14.213468551635742], [-16.51144790649414, 14.214116096496582], [-16.51460075378418, 14.218887329101562], [-16.511812210083008, 14.221006393432617], [-16.508085250854492, 14.223370552062988], [-16.50649642944336, 14.226616859436035], [-16.507734298706055, 14.229812622070312], [-16.505836486816406, 14.240273475646973]]}, "properties": {"name": "Temporary stream", "type": "Temporary stream", "couleur": "#90CAF9"}}, {"type": "Feature", "geometry": {"type": "LineString", "coordinates": [[-16.519468307495117, 14.202021598815918], [-16.515336990356445, 14.207840919494629], [-16.511564254760742, 14.207677841186523], [-16.506057739257812, 14.20201301574707]]}, "properties": {"name": "Temporary stream", "type": "Temporary stream", "couleur": "#90CAF9"}}, {"type": "Feature", "geometry": {"type": "LineString", "coordinates": [[-16.519468307495117, 14.202021598815918], [-16.506057739257812, 14.20201301574707]]}, "properties": {"name": "Temporary stream", "type": "Temporary stream", "couleur": "#90CAF9"}}, {"type": "Feature", "geometry": {"type": "LineString", "coordinates": [[-16.426483154296875, 14.206172943115234], [-16.431324005126953, 14.201245307922363]]}, "properties": {"name": "Temporary stream", "type": "Temporary stream", "couleur": "#90CAF9"}}, {"type": "Feature", "geometry": {"type": "LineString", "coordinates": [[-16.55115509033203, 14.205370903015137], [-16.547801971435547, 14.199703216552734]]}, "properties": {"name": "Temporary stream", "type": "Temporary stream", "couleur": "#90CAF9"}}, {"type": "Feature", "geometry": {"type": "LineString", "coordinates": [[-16.519468307495117, 14.202021598815918], [-16.52719497680664, 14.199357032775879]]}, "properties": {"name": "Temporary stream", "type": "Temporary stream", "couleur": "#90CAF9"}}, {"type": "Feature", "geometry": {"type": "LineString", "coordinates": [[-15.228601455688477, 14.19835376739502], [-15.216146469116211, 14.200584411621094], [-15.195085525512695, 14.210969924926758], [-15.173421859741211, 14.211709022521973], [-15.167802810668945, 14.214309692382812], [-15.157808303833008, 14.224321365356445], [-15.154594421386719, 14.230567932128906], [-15.152589797973633, 14.23909854888916], [-15.148876190185547, 14.24328327178955]]}, "properties": {"name": "Temporary stream", "type": "Temporary stream", "couleur": "#90CAF9"}}, {"type": "Feature", "geometry": {"type": "LineString", "coordinates": [[-16.585115432739258, 14.197410583496094], [-16.58422088623047, 14.199954986572266], [-16.579008102416992, 14.210851669311523], [-16.57933807373047, 14.215903282165527], [-16.577911376953125, 14.227651596069336]]}, "properties": {"name": "Temporary stream", "type": "Temporary stream", "couleur": "#90CAF9"}}, {"type": "Feature", "geometry": {"type": "LineString", "coordinates": [[-16.433618545532227, 14.197083473205566], [-16.415340423583984, 14.202457427978516]]}, "properties": {"name": "Temporary stream", "type": "Temporary stream", "couleur": "#90CAF9"}}, {"type": "Feature", "geometry": {"type": "LineString", "coordinates": [[-16.433618545532227, 14.197083473205566], [-16.431324005126953, 14.201245307922363]]}, "properties": {"name": "Temporary stream", "type": "Temporary stream", "couleur": "#90CAF9"}}, {"type": "Feature", "geometry": {"type": "LineString", "coordinates": [[-16.474594116210938, 14.208785057067871], [-16.47161102294922, 14.200332641601562], [-16.46141815185547, 14.196023941040039]]}, "properties": {"name": "Temporary stream", "type": "Temporary stream", "couleur": "#90CAF9"}}, {"type": "Feature", "geometry": {"type": "LineString", "coordinates": [[-14.927728652954102, 14.28807544708252], [-14.91383171081543, 14.25146770477295], [-14.912153244018555, 14.230571746826172], [-14.904877662658691, 14.214110374450684], [-14.904104232788086, 14.208832740783691], [-14.908181190490723, 14.19591236114502]]}, "properties": {"name": "Temporary stream", "type": "Temporary stream", "couleur": "#90CAF9"}}, {"type": "Feature", "geometry": {"type": "LineString", "coordinates": [[-16.506057739257812, 14.20201301574707], [-16.503210067749023, 14.19561767578125]]}, "properties": {"name": "Temporary stream", "type": "Temporary stream", "couleur": "#90CAF9"}}, {"type": "Feature", "geometry": {"type": "LineString", "coordinates": [[-16.506057739257812, 14.20201301574707], [-16.50747299194336, 14.19859504699707], [-16.503210067749023, 14.19561767578125]]}, "properties": {"name": "Temporary stream", "type": "Temporary stream", "couleur": "#90CAF9"}}, {"type": "Feature", "geometry": {"type": "LineString", "coordinates": [[-15.46841812133789, 14.309819221496582], [-15.463610649108887, 14.303450584411621], [-15.46279239654541, 14.295877456665039], [-15.464292526245117, 14.285743713378906], [-15.460515022277832, 14.269247055053711], [-15.457071304321289, 14.259411811828613], [-15.446483612060547, 14.244388580322266], [-15.440813064575195, 14.227227210998535], [-15.439254760742188, 14.217365264892578], [-15.441523551940918, 14.195267677307129]]}, "properties": {"name": "Temporary stream", "type": "Temporary stream", "couleur": "#90CAF9"}}, {"type": "Feature", "geometry": {"type": "LineString", "coordinates": [[-16.46141815185547, 14.196023941040039], [-16.45855140686035, 14.194812774658203], [-16.431324005126953, 14.201245307922363]]}, "properties": {"name": "Temporary stream", "type": "Temporary stream", "couleur": "#90CAF9"}}, {"type": "Feature", "geometry": {"type": "LineString", "coordinates": [[-16.4998836517334, 14.193878173828125], [-16.4947509765625, 14.203145980834961], [-16.48683738708496, 14.208341598510742]]}, "properties": {"name": "Temporary stream", "type": "Temporary stream", "couleur": "#90CAF9"}}, {"type": "Feature", "geometry": {"type": "LineString", "coordinates": [[-16.503210067749023, 14.19561767578125], [-16.4998836517334, 14.193878173828125]]}, "properties": {"name": "Temporary stream", "type": "Temporary stream", "couleur": "#90CAF9"}}, {"type": "Feature", "geometry": {"type": "LineString", "coordinates": [[-16.55115509033203, 14.205370903015137], [-16.556455612182617, 14.201828002929688], [-16.568296432495117, 14.205065727233887], [-16.564748764038086, 14.19179630279541]]}, "properties": {"name": "Temporary stream", "type": "Temporary stream", "couleur": "#90CAF9"}}, {"type": "Feature", "geometry": {"type": "LineString", "coordinates": [[-15.40024471282959, 14.191697120666504], [-15.378366470336914, 14.210153579711914], [-15.368552207946777, 14.215802192687988], [-15.36647891998291, 14.219049453735352], [-15.359000205993652, 14.223286628723145], [-15.34211540222168, 14.228800773620605], [-15.339476585388184, 14.234262466430664]]}, "properties": {"name": "Temporary stream", "type": "Temporary stream", "couleur": "#90CAF9"}}, {"type": "Feature", "geometry": {"type": "LineString", "coordinates": [[-15.40024471282959, 14.191697120666504], [-15.406133651733398, 14.191617012023926], [-15.417746543884277, 14.196514129638672], [-15.430261611938477, 14.198410987854004], [-15.43305778503418, 14.196304321289062], [-15.441523551940918, 14.195267677307129]]}, "properties": {"name": "Temporary stream", "type": "Temporary stream", "couleur": "#90CAF9"}}, {"type": "Feature", "geometry": {"type": "LineString", "coordinates": [[-16.4998836517334, 14.193878173828125], [-16.50113296508789, 14.191539764404297]]}, "properties": {"name": "Temporary stream", "type": "Temporary stream", "couleur": "#90CAF9"}}, {"type": "Feature", "geometry": {"type": "LineString", "coordinates": [[-16.503210067749023, 14.19561767578125], [-16.50113296508789, 14.191539764404297]]}, "properties": {"name": "Temporary stream", "type": "Temporary stream", "couleur": "#90CAF9"}}, {"type": "Feature", "geometry": {"type": "LineString", "coordinates": [[-13.206403732299805, 14.191497802734375], [-13.200803756713867, 14.200034141540527], [-13.199908256530762, 14.20739459991455], [-13.20235824584961, 14.222319602966309], [-13.19961166381836, 14.23520565032959]]}, "properties": {"name": "Temporary stream", "type": "Temporary stream", "couleur": "#90CAF9"}}, {"type": "Feature", "geometry": {"type": "LineString", "coordinates": [[-14.873797416687012, 14.328475952148438], [-14.86622428894043, 14.326037406921387], [-14.853387832641602, 14.317225456237793], [-14.848180770874023, 14.315446853637695], [-14.838644027709961, 14.306594848632812], [-14.830978393554688, 14.296570777893066], [-14.788021087646484, 14.271785736083984], [-14.768921852111816, 14.256854057312012], [-14.765420913696289, 14.254117012023926], [-14.759445190429688, 14.24705982208252], [-14.7540283203125, 14.227814674377441], [-14.742234230041504, 14.207032203674316], [-14.723115921020508, 14.20403003692627], [-14.71028995513916, 14.195210456848145], [-14.700355529785156, 14.191873550415039], [-14.691169738769531, 14.191975593566895], [-14.683662414550781, 14.194587707519531], [-14.675537109375, 14.194889068603516], [-14.66600227355957, 14.195241928100586], [-14.652565002441406, 14.19447135925293], [-14.643574714660645, 14.191122055053711]]}, "properties": {"name": "Temporary stream", "type": "Temporary stream", "couleur": "#90CAF9"}}, {"type": "Feature", "geometry": {"type": "LineString", "coordinates": [[-16.519468307495117, 14.202021598815918], [-16.519662857055664, 14.197521209716797], [-16.5255126953125, 14.190349578857422]]}, "properties": {"name": "Temporary stream", "type": "Temporary stream", "couleur": "#90CAF9"}}, {"type": "Feature", "geometry": {"type": "LineString", "coordinates": [[-16.52719497680664, 14.199357032775879], [-16.529207229614258, 14.193574905395508], [-16.5255126953125, 14.190349578857422]]}, "properties": {"name": "Temporary stream", "type": "Temporary stream", "couleur": "#90CAF9"}}, {"type": "Feature", "geometry": {"type": "LineString", "coordinates": [[-16.502552032470703, 14.188474655151367], [-16.50113296508789, 14.191539764404297]]}, "properties": {"name": "Temporary stream", "type": "Temporary stream", "couleur": "#90CAF9"}}, {"type": "Feature", "geometry": {"type": "LineString", "coordinates": [[-16.382877349853516, 14.221949577331543], [-16.384517669677734, 14.217698097229004], [-16.384727478027344, 14.20321273803711], [-16.38504409790039, 14.1947021484375], [-16.38917350769043, 14.188654899597168], [-16.393388748168945, 14.187203407287598], [-16.400007247924805, 14.188468933105469], [-16.404537200927734, 14.19137954711914], [-16.406991958618164, 14.196854591369629], [-16.40618133544922, 14.203993797302246], [-16.402462005615234, 14.209879875183105]]}, "properties": {"name": "Temporary stream", "type": "Temporary stream", "couleur": "#90CAF9"}}, {"type": "Feature", "geometry": {"type": "LineString", "coordinates": [[-16.433618545532227, 14.197083473205566], [-16.43890953063965, 14.190095901489258], [-16.44430923461914, 14.18908405303955], [-16.44803237915039, 14.186491012573242]]}, "properties": {"name": "Temporary stream", "type": "Temporary stream", "couleur": "#90CAF9"}}, {"type": "Feature", "geometry": {"type": "LineString", "coordinates": [[-16.62353515625, 14.185918807983398], [-16.621307373046875, 14.192625045776367], [-16.613142013549805, 14.196908950805664], [-16.608444213867188, 14.19768238067627], [-16.60521697998047, 14.20141887664795], [-16.605270385742188, 14.20417594909668]]}, "properties": {"name": "Temporary stream", "type": "Temporary stream", "couleur": "#90CAF9"}}, {"type": "Feature", "geometry": {"type": "LineString", "coordinates": [[-16.62353515625, 14.185918807983398], [-16.61103630065918, 14.185222625732422], [-16.595779418945312, 14.200668334960938], [-16.592607498168945, 14.207391738891602], [-16.58663558959961, 14.215542793273926], [-16.5910587310791, 14.225118637084961], [-16.598325729370117, 14.223149299621582], [-16.601573944091797, 14.220562934875488], [-16.60533905029297, 14.22026538848877], [-16.607664108276367, 14.218615531921387], [-16.608081817626953, 14.215848922729492], [-16.60415267944336, 14.207413673400879], [-16.605270385742188, 14.20417594909668]]}, "properties": {"name": "Temporary stream", "type": "Temporary stream", "couleur": "#90CAF9"}}, {"type": "Feature", "geometry": {"type": "LineString", "coordinates": [[-16.276458740234375, 14.18274974822998], [-16.274171829223633, 14.18669605255127], [-16.263423919677734, 14.191441535949707], [-16.255687713623047, 14.193901062011719], [-16.25269889831543, 14.198087692260742], [-16.249238967895508, 14.202282905578613], [-16.243375778198242, 14.203760147094727], [-16.23933982849121, 14.201988220214844], [-16.237228393554688, 14.202483177185059], [-16.229829788208008, 14.197089195251465]]}, "properties": {"name": "Temporary stream", "type": "Temporary stream", "couleur": "#90CAF9"}}, {"type": "Feature", "geometry": {"type": "LineString", "coordinates": [[-16.276458740234375, 14.18274974822998], [-16.281639099121094, 14.182662963867188]]}, "properties": {"name": "Temporary stream", "type": "Temporary stream", "couleur": "#90CAF9"}}, {"type": "Feature", "geometry": {"type": "LineString", "coordinates": [[-14.955362319946289, 14.18270492553711], [-14.970900535583496, 14.18205738067627], [-14.97824478149414, 14.185186386108398], [-14.986586570739746, 14.192669868469238], [-14.992606163024902, 14.202710151672363], [-14.992644309997559, 14.223855018615723], [-14.994356155395508, 14.22866153717041], [-15.0, 14.235761642456055]]}, "properties": {"name": "Temporary stream", "type": "Temporary stream", "couleur": "#90CAF9"}}, {"type": "Feature", "geometry": {"type": "LineString", "coordinates": [[-16.833412170410156, 14.184136390686035], [-16.822555541992188, 14.183189392089844], [-16.817325592041016, 14.180758476257324]]}, "properties": {"name": "Temporary stream", "type": "Temporary stream", "couleur": "#90CAF9"}}, {"type": "Feature", "geometry": {"type": "LineString", "coordinates": [[-16.55320167541504, 14.179128646850586], [-16.545692443847656, 14.193283081054688], [-16.54741096496582, 14.196930885314941], [-16.553071975708008, 14.197290420532227], [-16.554698944091797, 14.196112632751465], [-16.561948776245117, 14.193225860595703], [-16.564748764038086, 14.19179630279541]]}, "properties": {"name": "Temporary stream", "type": "Temporary stream", "couleur": "#90CAF9"}}, {"type": "Feature", "geometry": {"type": "LineString", "coordinates": [[-16.467771530151367, 14.178922653198242], [-16.466142654418945, 14.184815406799316], [-16.46141815185547, 14.196023941040039]]}, "properties": {"name": "Temporary stream", "type": "Temporary stream", "couleur": "#90CAF9"}}, {"type": "Feature", "geometry": {"type": "LineString", "coordinates": [[-16.563064575195312, 14.178824424743652], [-16.556964874267578, 14.180660247802734], [-16.55320167541504, 14.179128646850586]]}, "properties": {"name": "Temporary stream", "type": "Temporary stream", "couleur": "#90CAF9"}}, {"type": "Feature", "geometry": {"type": "LineString", "coordinates": [[-16.563064575195312, 14.178824424743652], [-16.56606101989746, 14.18648624420166], [-16.564748764038086, 14.19179630279541]]}, "properties": {"name": "Temporary stream", "type": "Temporary stream", "couleur": "#90CAF9"}}, {"type": "Feature", "geometry": {"type": "LineString", "coordinates": [[-16.48343276977539, 14.202653884887695], [-16.483415603637695, 14.20173454284668], [-16.48231315612793, 14.19301986694336], [-16.484111785888672, 14.188389778137207], [-16.492218017578125, 14.180892944335938], [-16.498538970947266, 14.178712844848633], [-16.500919342041016, 14.18005084991455], [-16.502552032470703, 14.188474655151367]]}, "properties": {"name": "Temporary stream", "type": "Temporary stream", "couleur": "#90CAF9"}}, {"type": "Feature", "geometry": {"type": "LineString", "coordinates": [[-16.44803237915039, 14.186491012573242], [-16.45026969909668, 14.182472229003906], [-16.45022201538086, 14.17938232421875], [-16.447742462158203, 14.178387641906738], [-16.435773849487305, 14.178561210632324], [-16.42563247680664, 14.183172225952148], [-16.4224910736084, 14.184935569763184], [-16.41686248779297, 14.185359001159668]]}, "properties": {"name": "Temporary stream", "type": "Temporary stream", "couleur": "#90CAF9"}}, {"type": "Feature", "geometry": {"type": "LineString", "coordinates": [[-16.5255126953125, 14.190349578857422], [-16.525053024291992, 14.185603141784668], [-16.527605056762695, 14.183488845825195], [-16.533702850341797, 14.182002067565918], [-16.53715705871582, 14.177803039550781]]}, "properties": {"name": "Temporary stream", "type": "Temporary stream", "couleur": "#90CAF9"}}, {"type": "Feature", "geometry": {"type": "LineString", "coordinates": [[-16.52719497680664, 14.199357032775879], [-16.529155731201172, 14.203460693359375], [-16.528278350830078, 14.20692253112793], [-16.530033111572266, 14.212638854980469], [-16.533632278442383, 14.216024398803711], [-16.536876678466797, 14.213208198547363], [-16.53680419921875, 14.209301948547363], [-16.539094924926758, 14.20581340789795], [-16.53814697265625, 14.202432632446289], [-16.53944206237793, 14.199140548706055], [-16.53969383239746, 14.187413215637207], [-16.540063858032227, 14.184165000915527], [-16.53715705871582, 14.177803039550781]]}, "properties": {"name": "Temporary stream", "type": "Temporary stream", "couleur": "#90CAF9"}}, {"type": "Feature", "geometry": {"type": "LineString", "coordinates": [[-16.817325592041016, 14.180758476257324], [-16.812973022460938, 14.17927074432373], [-16.80872917175293, 14.176297187805176]]}, "properties": {"name": "Temporary stream", "type": "Temporary stream", "couleur": "#90CAF9"}}, {"type": "Feature", "geometry": {"type": "LineString", "coordinates": [[-16.7418212890625, 14.176239013671875], [-16.737621307373047, 14.176948547363281], [-16.723119735717773, 14.182271957397461], [-16.722679138183594, 14.18388843536377], [-16.713823318481445, 14.188878059387207], [-16.707761764526367, 14.192207336425781], [-16.702638626098633, 14.195289611816406], [-16.689987182617188, 14.198967933654785], [-16.671415328979492, 14.213327407836914], [-16.662160873413086, 14.222229957580566], [-16.642663955688477, 14.225341796875], [-16.639205932617188, 14.2293119430542], [-16.636301040649414, 14.237639427185059], [-16.638967514038086, 14.241498947143555], [-16.654659271240234, 14.248800277709961], [-16.65696907043457, 14.25864315032959], [-16.664758682250977, 14.271604537963867], [-16.67201042175293, 14.281126976013184], [-16.6730899810791, 14.288232803344727], [-16.667978286743164, 14.30443000793457]]}, "properties": {"name": "Temporary stream", "type": "Temporary stream", "couleur": "#90CAF9"}}, {"type": "Feature", "geometry": {"type": "LineString", "coordinates": [[-16.726404190063477, 14.222919464111328], [-16.732934951782227, 14.190366744995117], [-16.7418212890625, 14.176239013671875]]}, "properties": {"name": "Temporary stream", "type": "Temporary stream", "couleur": "#90CAF9"}}, {"type": "Feature", "geometry": {"type": "LineString", "coordinates": [[-13.82224178314209, 14.365324974060059], [-13.836450576782227, 14.34567642211914], [-13.844417572021484, 14.340326309204102], [-13.857510566711426, 14.328269004821777], [-13.868327140808105, 14.29853343963623], [-13.875295639038086, 14.28698444366455], [-13.891230583190918, 14.276970863342285], [-13.900114059448242, 14.269083023071289], [-13.904511451721191, 14.260082244873047], [-13.905630111694336, 14.253408432006836], [-13.904163360595703, 14.247445106506348], [-13.908829689025879, 14.242350578308105], [-13.916666984558105, 14.222977638244629], [-13.923399925231934, 14.211889266967773], [-13.943020820617676, 14.19333553314209], [-13.969008445739746, 14.17587661743164]]}, "properties": {"name": "Temporary stream", "type": "Temporary stream", "couleur": "#90CAF9"}}, {"type": "Feature", "geometry": {"type": "LineString", "coordinates": [[-13.97846508026123, 14.282209396362305], [-13.984092712402344, 14.279173851013184], [-13.989692687988281, 14.273148536682129], [-13.99221420288086, 14.265542984008789], [-13.981264114379883, 14.227945327758789], [-13.982863426208496, 14.22241497039795], [-13.980691909790039, 14.216917037963867], [-13.98086166381836, 14.20979118347168], [-13.982702255249023, 14.204948425292969], [-13.982880592346191, 14.198741912841797], [-13.969008445739746, 14.17587661743164]]}, "properties": {"name": "Temporary stream", "type": "Temporary stream", "couleur": "#90CAF9"}}, {"type": "Feature", "geometry": {"type": "LineString", "coordinates": [[-16.266809463500977, 14.174407005310059], [-16.2705135345459, 14.179630279541016], [-16.276458740234375, 14.18274974822998]]}, "properties": {"name": "Temporary stream", "type": "Temporary stream", "couleur": "#90CAF9"}}, {"type": "Feature", "geometry": {"type": "LineString", "coordinates": [[-16.266809463500977, 14.174407005310059], [-16.251049041748047, 14.179386138916016], [-16.24812889099121, 14.179314613342285], [-16.238618850708008, 14.175155639648438], [-16.23186492919922, 14.170356750488281], [-16.227201461791992, 14.171399116516113], [-16.218685150146484, 14.179574012756348], [-16.216829299926758, 14.18121337890625], [-16.211883544921875, 14.181294441223145], [-16.207124710083008, 14.17861557006836]]}, "properties": {"name": "Temporary stream", "type": "Temporary stream", "couleur": "#90CAF9"}}, {"type": "Feature", "geometry": {"type": "LineString", "coordinates": [[-16.525251388549805, 14.169685363769531], [-16.5261173248291, 14.171318054199219], [-16.534603118896484, 14.174768447875977], [-16.53715705871582, 14.177803039550781]]}, "properties": {"name": "Temporary stream", "type": "Temporary stream", "couleur": "#90CAF9"}}, {"type": "Feature", "geometry": {"type": "LineString", "coordinates": [[-16.562044143676758, 14.167523384094238], [-16.55320167541504, 14.179128646850586]]}, "properties": {"name": "Temporary stream", "type": "Temporary stream", "couleur": "#90CAF9"}}, {"type": "Feature", "geometry": {"type": "LineString", "coordinates": [[-16.617969512939453, 14.165789604187012], [-16.61384391784668, 14.17184066772461], [-16.617250442504883, 14.177526473999023], [-16.623207092285156, 14.181097030639648], [-16.62353515625, 14.185918807983398]]}, "properties": {"name": "Temporary stream", "type": "Temporary stream", "couleur": "#90CAF9"}}, {"type": "Feature", "geometry": {"type": "LineString", "coordinates": [[-16.856595993041992, 14.165310859680176], [-16.852706909179688, 14.171131134033203], [-16.844154357910156, 14.179338455200195], [-16.833412170410156, 14.184136390686035]]}, "properties": {"name": "Temporary stream", "type": "Temporary stream", "couleur": "#90CAF9"}}, {"type": "Feature", "geometry": {"type": "LineString", "coordinates": [[-12.21666431427002, 14.218328475952148], [-12.203944206237793, 14.218816757202148], [-12.19710922241211, 14.217683792114258], [-12.184845924377441, 14.21242618560791], [-12.180371284484863, 14.212665557861328], [-12.173788070678711, 14.217966079711914], [-12.165547370910645, 14.220052719116211], [-12.159893035888672, 14.21983528137207], [-12.147613525390625, 14.207680702209473], [-12.128745079040527, 14.19760799407959], [-12.115317344665527, 14.196945190429688], [-12.098540306091309, 14.198417663574219], [-12.09388542175293, 14.19882583618164], [-12.071281433105469, 14.203695297241211], [-12.06232738494873, 14.20256233215332], [-12.052895545959473, 14.19775390625], [-12.049117088317871, 14.192934036254883], [-12.043659210205078, 14.173176765441895], [-12.042698860168457, 14.163985252380371]]}, "properties": {"name": "Temporary stream", "type": "Temporary stream", "couleur": "#90CAF9"}}, {"type": "Feature", "geometry": {"type": "LineString", "coordinates": [[-16.195669174194336, 14.163515090942383], [-16.1845760345459, 14.168871879577637], [-16.17546844482422, 14.165093421936035]]}, "properties": {"name": "Temporary stream", "type": "Temporary stream", "couleur": "#90CAF9"}}, {"type": "Feature", "geometry": {"type": "LineString", "coordinates": [[-16.207124710083008, 14.17861557006836], [-16.203285217285156, 14.174541473388672], [-16.206445693969727, 14.16667366027832], [-16.205446243286133, 14.163472175598145], [-16.195669174194336, 14.163515090942383]]}, "properties": {"name": "Temporary stream", "type": "Temporary stream", "couleur": "#90CAF9"}}, {"type": "Feature", "geometry": {"type": "LineString", "coordinates": [[-16.519207000732422, 14.162718772888184], [-16.510099411010742, 14.179659843444824], [-16.502552032470703, 14.188474655151367]]}, "properties": {"name": "Temporary stream", "type": "Temporary stream", "couleur": "#90CAF9"}}, {"type": "Feature", "geometry": {"type": "LineString", "coordinates": [[-16.525251388549805, 14.169685363769531], [-16.519207000732422, 14.162718772888184]]}, "properties": {"name": "Temporary stream", "type": "Temporary stream", "couleur": "#90CAF9"}}, {"type": "Feature", "geometry": {"type": "LineString", "coordinates": [[-16.30929183959961, 14.161279678344727], [-16.31305503845215, 14.174089431762695], [-16.31913948059082, 14.185020446777344], [-16.344831466674805, 14.185734748840332], [-16.34830665588379, 14.182456970214844], [-16.355213165283203, 14.173604011535645], [-16.35917091369629, 14.171008110046387], [-16.373685836791992, 14.165933609008789], [-16.37870979309082, 14.170214653015137], [-16.383398056030273, 14.168985366821289], [-16.39583396911621, 14.166243553161621], [-16.405208587646484, 14.163553237915039], [-16.408517837524414, 14.164185523986816], [-16.411865234375, 14.166887283325195], [-16.414337158203125, 14.173280715942383], [-16.409530639648438, 14.180949211120605], [-16.41218376159668, 14.184351921081543], [-16.41686248779297, 14.185359001159668]]}, "properties": {"name": "Temporary stream", "type": "Temporary stream", "couleur": "#90CAF9"}}, {"type": "Feature", "geometry": {"type": "LineString", "coordinates": [[-16.632036209106445, 14.19932746887207], [-16.63351821899414, 14.200810432434082], [-16.637239456176758, 14.200383186340332], [-16.644182205200195, 14.193821907043457], [-16.64805793762207, 14.187085151672363], [-16.648414611816406, 14.181102752685547], [-16.65327262878418, 14.176417350769043], [-16.65412712097168, 14.17159652709961], [-16.654016494750977, 14.166058540344238], [-16.64850425720215, 14.161102294921875], [-16.641733169555664, 14.164212226867676], [-16.63899803161621, 14.169089317321777], [-16.6363525390625, 14.178095817565918], [-16.63639259338379, 14.18062973022461], [-16.632755279541016, 14.187591552734375], [-16.632036209106445, 14.19932746887207]]}, "properties": {"name": "Temporary stream", "type": "Temporary stream", "couleur": "#90CAF9"}}, {"type": "Feature", "geometry": {"type": "LineString", "coordinates": [[-16.796701431274414, 14.161050796508789], [-16.799001693725586, 14.16314697265625], [-16.810752868652344, 14.18203067779541], [-16.819889068603516, 14.191285133361816], [-16.825550079345703, 14.191638946533203], [-16.833412170410156, 14.184136390686035]]}, "properties": {"name": "Temporary stream", "type": "Temporary stream", "couleur": "#90CAF9"}}, {"type": "Feature", "geometry": {"type": "LineString", "coordinates": [[-16.796701431274414, 14.161050796508789], [-16.799514770507812, 14.161563873291016], [-16.80872917175293, 14.176297187805176]]}, "properties": {"name": "Temporary stream", "type": "Temporary stream", "couleur": "#90CAF9"}}, {"type": "Feature", "geometry": {"type": "LineString", "coordinates": [[-16.17546844482422, 14.165093421936035], [-16.16839027404785, 14.160787582397461]]}, "properties": {"name": "Temporary stream", "type": "Temporary stream", "couleur": "#90CAF9"}}, {"type": "Feature", "geometry": {"type": "LineString", "coordinates": [[-16.305503845214844, 14.160194396972656], [-16.30061912536621, 14.163724899291992], [-16.29653549194336, 14.172943115234375], [-16.293365478515625, 14.179707527160645], [-16.291770935058594, 14.182722091674805], [-16.281639099121094, 14.182662963867188]]}, "properties": {"name": "Temporary stream", "type": "Temporary stream", "couleur": "#90CAF9"}}, {"type": "Feature", "geometry": {"type": "LineString", "coordinates": [[-16.30929183959961, 14.161279678344727], [-16.305503845214844, 14.160194396972656]]}, "properties": {"name": "Temporary stream", "type": "Temporary stream", "couleur": "#90CAF9"}}, {"type": "Feature", "geometry": {"type": "LineString", "coordinates": [[-13.206403732299805, 14.191497802734375], [-13.189414024353027, 14.18677043914795], [-13.139220237731934, 14.183380126953125], [-13.130960464477539, 14.180667877197266], [-13.120549201965332, 14.17291259765625], [-13.113703727722168, 14.170421600341797], [-13.10781478881836, 14.170454025268555], [-13.098650932312012, 14.174181938171387], [-13.089937210083008, 14.174459457397461], [-13.082473754882812, 14.17195987701416], [-13.046042442321777, 14.15975570678711], [-13.030263900756836, 14.160069465637207], [-13.021801948547363, 14.163101196289062]]}, "properties": {"name": "Temporary stream", "type": "Temporary stream", "couleur": "#90CAF9"}}, {"type": "Feature", "geometry": {"type": "LineString", "coordinates": [[-16.77096939086914, 14.159551620483398], [-16.766124725341797, 14.164698600769043], [-16.761032104492188, 14.169390678405762], [-16.756105422973633, 14.170400619506836], [-16.749832153320312, 14.174884796142578], [-16.7418212890625, 14.176239013671875]]}, "properties": {"name": "Temporary stream", "type": "Temporary stream", "couleur": "#90CAF9"}}, {"type": "Feature", "geometry": {"type": "LineString", "coordinates": [[-16.525251388549805, 14.169685363769531], [-16.537113189697266, 14.162861824035645], [-16.55282211303711, 14.158905982971191], [-16.559181213378906, 14.158793449401855], [-16.561542510986328, 14.1630277633667], [-16.562044143676758, 14.167523384094238]]}, "properties": {"name": "Temporary stream", "type": "Temporary stream", "couleur": "#90CAF9"}}, {"type": "Feature", "geometry": {"type": "LineString", "coordinates": [[-15.339476585388184, 14.234262466430664], [-15.334050178527832, 14.225001335144043], [-15.331812858581543, 14.216756820678711], [-15.314114570617676, 14.198144912719727], [-15.305459976196289, 14.185848236083984], [-15.304956436157227, 14.18355655670166], [-15.31141185760498, 14.17358684539795], [-15.31086254119873, 14.16807746887207], [-15.307254791259766, 14.16283893585205], [-15.291646957397461, 14.158448219299316]]}, "properties": {"name": "Temporary stream", "type": "Temporary stream", "couleur": "#90CAF9"}}, {"type": "Feature", "geometry": {"type": "LineString", "coordinates": [[-16.787439346313477, 14.15825366973877], [-16.791061401367188, 14.160296440124512], [-16.796701431274414, 14.161050796508789]]}, "properties": {"name": "Temporary stream", "type": "Temporary stream", "couleur": "#90CAF9"}}, {"type": "Feature", "geometry": {"type": "LineString", "coordinates": [[-16.833412170410156, 14.184136390686035], [-16.83543586730957, 14.17927074432373], [-16.838088989257812, 14.17048454284668], [-16.84309196472168, 14.161426544189453], [-16.845840454101562, 14.157466888427734]]}, "properties": {"name": "Temporary stream", "type": "Temporary stream", "couleur": "#90CAF9"}}, {"type": "Feature", "geometry": {"type": "LineString", "coordinates": [[-16.856595993041992, 14.165310859680176], [-16.85369300842285, 14.161457061767578], [-16.845840454101562, 14.157466888427734]]}, "properties": {"name": "Temporary stream", "type": "Temporary stream", "couleur": "#90CAF9"}}, {"type": "Feature", "geometry": {"type": "LineString", "coordinates": [[-16.787439346313477, 14.15825366973877], [-16.79069709777832, 14.156428337097168]]}, "properties": {"name": "Temporary stream", "type": "Temporary stream", "couleur": "#90CAF9"}}, {"type": "Feature", "geometry": {"type": "LineString", "coordinates": [[-16.79069709777832, 14.156428337097168], [-16.794498443603516, 14.159148216247559], [-16.796701431274414, 14.161050796508789]]}, "properties": {"name": "Temporary stream", "type": "Temporary stream", "couleur": "#90CAF9"}}, {"type": "Feature", "geometry": {"type": "LineString", "coordinates": [[-16.207124710083008, 14.17861557006836], [-16.21201515197754, 14.17531681060791], [-16.21837043762207, 14.161648750305176], [-16.21921157836914, 14.155888557434082]]}, "properties": {"name": "Temporary stream", "type": "Temporary stream", "couleur": "#90CAF9"}}, {"type": "Feature", "geometry": {"type": "LineString", "coordinates": [[-16.21921157836914, 14.155888557434082], [-16.228971481323242, 14.161703109741211], [-16.23261070251465, 14.167619705200195], [-16.239765167236328, 14.173508644104004], [-16.252025604248047, 14.173274040222168], [-16.254352569580078, 14.171625137329102], [-16.25921630859375, 14.166946411132812], [-16.26324462890625, 14.168259620666504], [-16.26519775390625, 14.172134399414062], [-16.266809463500977, 14.174407005310059]]}, "properties": {"name": "Temporary stream", "type": "Temporary stream", "couleur": "#90CAF9"}}, {"type": "Feature", "geometry": {"type": "LineString", "coordinates": [[-16.79069709777832, 14.156428337097168], [-16.779611587524414, 14.15571403503418], [-16.77096939086914, 14.159551620483398]]}, "properties": {"name": "Temporary stream", "type": "Temporary stream", "couleur": "#90CAF9"}}, {"type": "Feature", "geometry": {"type": "LineString", "coordinates": [[-16.572782516479492, 14.155562400817871], [-16.574481964111328, 14.15829086303711], [-16.568708419799805, 14.1643705368042], [-16.567686080932617, 14.172664642333984], [-16.563064575195312, 14.178824424743652]]}, "properties": {"name": "Temporary stream", "type": "Temporary stream", "couleur": "#90CAF9"}}, {"type": "Feature", "geometry": {"type": "LineString", "coordinates": [[-16.845840454101562, 14.157466888427734], [-16.84250259399414, 14.155460357666016], [-16.83992576599121, 14.15619945526123]]}, "properties": {"name": "Temporary stream", "type": "Temporary stream", "couleur": "#90CAF9"}}, {"type": "Feature", "geometry": {"type": "LineString", "coordinates": [[-16.572782516479492, 14.155562400817871], [-16.570877075195312, 14.154447555541992], [-16.567602157592773, 14.155654907226562], [-16.562467575073242, 14.165006637573242], [-16.562044143676758, 14.167523384094238]]}, "properties": {"name": "Temporary stream", "type": "Temporary stream", "couleur": "#90CAF9"}}, {"type": "Feature", "geometry": {"type": "LineString", "coordinates": [[-16.281639099121094, 14.182662963867188], [-16.286710739135742, 14.176370620727539], [-16.2891788482666, 14.16943359375], [-16.28985023498535, 14.154251098632812], [-16.293846130371094, 14.15372371673584], [-16.305503845214844, 14.160194396972656]]}, "properties": {"name": "Temporary stream", "type": "Temporary stream", "couleur": "#90CAF9"}}, {"type": "Feature", "geometry": {"type": "LineString", "coordinates": [[-16.63233757019043, 14.153347969055176], [-16.627038955688477, 14.159648895263672], [-16.618610382080078, 14.16232967376709], [-16.617969512939453, 14.165789604187012]]}, "properties": {"name": "Temporary stream", "type": "Temporary stream", "couleur": "#90CAF9"}}, {"type": "Feature", "geometry": {"type": "LineString", "coordinates": [[-16.63233757019043, 14.153347969055176], [-16.634958267211914, 14.154909133911133], [-16.63431739807129, 14.158369064331055], [-16.63298797607422, 14.162760734558105], [-16.62811279296875, 14.166526794433594], [-16.621553421020508, 14.16848373413086], [-16.617969512939453, 14.165789604187012]]}, "properties": {"name": "Temporary stream", "type": "Temporary stream", "couleur": "#90CAF9"}}, {"type": "Feature", "geometry": {"type": "LineString", "coordinates": [[-16.433618545532227, 14.197083473205566], [-16.45096778869629, 14.192416191101074], [-16.459753036499023, 14.183298110961914], [-16.46257781982422, 14.17037582397461], [-16.46039390563965, 14.166966438293457], [-16.45612144470215, 14.165201187133789], [-16.446533203125, 14.169045448303223], [-16.439716339111328, 14.169853210449219], [-16.420930862426758, 14.160294532775879], [-16.415910720825195, 14.156242370605469], [-16.402652740478516, 14.15256404876709], [-16.386280059814453, 14.159069061279297], [-16.37786102294922, 14.162413597106934], [-16.355274200439453, 14.163949012756348], [-16.34520721435547, 14.167337417602539], [-16.33029556274414, 14.163453102111816], [-16.30929183959961, 14.161279678344727]]}, "properties": {"name": "Temporary stream", "type": "Temporary stream", "couleur": "#90CAF9"}}, {"type": "Feature", "geometry": {"type": "LineString", "coordinates": [[-16.79069709777832, 14.156428337097168], [-16.793201446533203, 14.152012825012207], [-16.806264877319336, 14.157517433166504], [-16.811283111572266, 14.161102294921875], [-16.815101623535156, 14.163558959960938], [-16.829057693481445, 14.16651725769043], [-16.83303451538086, 14.16506290435791], [-16.83992576599121, 14.15619945526123]]}, "properties": {"name": "Temporary stream", "type": "Temporary stream", "couleur": "#90CAF9"}}, {"type": "Feature", "geometry": {"type": "LineString", "coordinates": [[-16.585115432739258, 14.197410583496094], [-16.59145736694336, 14.183964729309082], [-16.590883255004883, 14.178458213806152], [-16.594310760498047, 14.172879219055176], [-16.59561538696289, 14.167108535766602], [-16.602371215820312, 14.150667190551758]]}, "properties": {"name": "Temporary stream", "type": "Temporary stream", "couleur": "#90CAF9"}}, {"type": "Feature", "geometry": {"type": "LineString", "coordinates": [[-16.21921157836914, 14.155888557434082], [-16.20710563659668, 14.1505708694458], [-16.198516845703125, 14.15783977508545], [-16.195669174194336, 14.163515090942383]]}, "properties": {"name": "Temporary stream", "type": "Temporary stream", "couleur": "#90CAF9"}}, {"type": "Feature", "geometry": {"type": "LineString", "coordinates": [[-16.63266372680664, 14.14843463897705], [-16.63233757019043, 14.153347969055176]]}, "properties": {"name": "Temporary stream", "type": "Temporary stream", "couleur": "#90CAF9"}}, {"type": "Feature", "geometry": {"type": "LineString", "coordinates": [[-16.602371215820312, 14.150667190551758], [-16.605745315551758, 14.154744148254395], [-16.609722137451172, 14.153294563293457], [-16.619895935058594, 14.155640602111816], [-16.621400833129883, 14.148027420043945]]}, "properties": {"name": "Temporary stream", "type": "Temporary stream", "couleur": "#90CAF9"}}, {"type": "Feature", "geometry": {"type": "LineString", "coordinates": [[-16.621400833129883, 14.148027420043945], [-16.624706268310547, 14.148427963256836], [-16.63233757019043, 14.153347969055176]]}, "properties": {"name": "Temporary stream", "type": "Temporary stream", "couleur": "#90CAF9"}}, {"type": "Feature", "geometry": {"type": "LineString", "coordinates": [[-16.602371215820312, 14.150667190551758], [-16.605344772338867, 14.146016120910645]]}, "properties": {"name": "Temporary stream", "type": "Temporary stream", "couleur": "#90CAF9"}}, {"type": "Feature", "geometry": {"type": "LineString", "coordinates": [[-16.046201705932617, 14.149272918701172], [-16.043821334838867, 14.14770221710205], [-16.03300666809082, 14.14902400970459], [-16.024696350097656, 14.145017623901367]]}, "properties": {"name": "Temporary stream", "type": "Temporary stream", "couleur": "#90CAF9"}}, {"type": "Feature", "geometry": {"type": "LineString", "coordinates": [[-12.744729995727539, 14.144414901733398], [-12.739812850952148, 14.150872230529785], [-12.715632438659668, 14.168210983276367], [-12.705814361572266, 14.185029983520508], [-12.679966926574707, 14.199614524841309], [-12.673376083374023, 14.200559616088867], [-12.66421127319336, 14.20588207244873], [-12.655765533447266, 14.213959693908691], [-12.649829864501953, 14.224610328674316], [-12.64922046661377, 14.225706100463867], [-12.648295402526855, 14.230076789855957], [-12.641275405883789, 14.241366386413574], [-12.635222434997559, 14.258625984191895], [-12.62514591217041, 14.271994590759277], [-12.600971221923828, 14.295297622680664], [-12.577237129211426, 14.312161445617676]]}, "properties": {"name": "Temporary stream", "type": "Temporary stream", "couleur": "#90CAF9"}}, {"type": "Feature", "geometry": {"type": "LineString", "coordinates": [[-12.775789260864258, 14.23851490020752], [-12.775755882263184, 14.231390953063965], [-12.770432472229004, 14.201306343078613], [-12.768298149108887, 14.19832706451416], [-12.765140533447266, 14.178114891052246], [-12.762029647827148, 14.167555809020996], [-12.757048606872559, 14.159992218017578], [-12.748064994812012, 14.15267562866211], [-12.744729995727539, 14.144414901733398]]}, "properties": {"name": "Temporary stream", "type": "Temporary stream", "couleur": "#90CAF9"}}, {"type": "Feature", "geometry": {"type": "LineString", "coordinates": [[-16.149791717529297, 14.143766403198242], [-16.157419204711914, 14.151387214660645], [-16.162391662597656, 14.152915000915527], [-16.16839027404785, 14.160787582397461]]}, "properties": {"name": "Temporary stream", "type": "Temporary stream", "couleur": "#90CAF9"}}, {"type": "Feature", "geometry": {"type": "LineString", "coordinates": [[-16.16839027404785, 14.160787582397461], [-16.170825958251953, 14.150248527526855], [-16.171707153320312, 14.146785736083984], [-16.170249938964844, 14.144281387329102], [-16.149791717529297, 14.143766403198242]]}, "properties": {"name": "Temporary stream", "type": "Temporary stream", "couleur": "#90CAF9"}}, {"type": "Feature", "geometry": {"type": "LineString", "coordinates": [[-16.6370906829834, 14.143147468566895], [-16.63266372680664, 14.14843463897705]]}, "properties": {"name": "Temporary stream", "type": "Temporary stream", "couleur": "#90CAF9"}}, {"type": "Feature", "geometry": {"type": "LineString", "coordinates": [[-16.77096939086914, 14.159551620483398], [-16.77036476135254, 14.152667045593262], [-16.767009735107422, 14.149740219116211], [-16.763734817504883, 14.15095043182373], [-16.750276565551758, 14.149359703063965], [-16.744413375854492, 14.150616645812988], [-16.73726463317871, 14.158563613891602], [-16.735429763793945, 14.161126136779785], [-16.728200912475586, 14.164937973022461], [-16.71787452697754, 14.166966438293457], [-16.715343475341797, 14.170000076293945], [-16.709726333618164, 14.171942710876465], [-16.688037872314453, 14.183371543884277], [-16.679256439208984, 14.192267417907715], [-16.67675018310547, 14.196680068969727], [-16.67101287841797, 14.204599380493164], [-16.665857315063477, 14.206072807312012], [-16.657257080078125, 14.21220588684082], [-16.65326690673828, 14.212966918945312], [-16.65034294128418, 14.207962989807129], [-16.656005859375, 14.196136474609375], [-16.65496826171875, 14.191099166870117], [-16.661657333374023, 14.183621406555176], [-16.671003341674805, 14.167360305786133], [-16.672277450561523, 14.147797584533691], [-16.66935920715332, 14.143022537231445], [-16.666536331176758, 14.143304824829102], [-16.662355422973633, 14.146368980407715], [-16.656888961791992, 14.156122207641602], [-16.646440505981445, 14.151713371276855], [-16.644975662231445, 14.148982048034668], [-16.641176223754883, 14.147440910339355], [-16.6370906829834, 14.143147468566895]]}, "properties": {"name": "Temporary stream", "type": "Temporary stream", "couleur": "#90CAF9"}}, {"type": "Feature", "geometry": {"type": "LineString", "coordinates": [[-13.323258399963379, 14.263874053955078], [-13.347159385681152, 14.244417190551758], [-13.350870132446289, 14.235889434814453], [-13.354294776916504, 14.220008850097656], [-13.37247371673584, 14.191622734069824], [-13.381806373596191, 14.178690910339355], [-13.396724700927734, 14.16324234008789], [-13.416646957397461, 14.142607688903809]]}, "properties": {"name": "Temporary stream", "type": "Temporary stream", "couleur": "#90CAF9"}}, {"type": "Feature", "geometry": {"type": "LineString", "coordinates": [[-13.416646957397461, 14.142607688903809], [-13.419499397277832, 14.146265029907227], [-13.4288911819458, 14.175163269042969], [-13.438337326049805, 14.21141529083252], [-13.446242332458496, 14.22951889038086], [-13.447038650512695, 14.241925239562988], [-13.438969612121582, 14.262393951416016], [-13.434774398803711, 14.273033142089844], [-13.424470901489258, 14.282065391540527], [-13.420280456542969, 14.289217948913574], [-13.417054176330566, 14.299580574035645], [-13.412822723388672, 14.334310531616211], [-13.410051345825195, 14.34237289428711], [-13.40349006652832, 14.347702026367188], [-13.397608757019043, 14.349349021911621]]}, "properties": {"name": "Temporary stream", "type": "Temporary stream", "couleur": "#90CAF9"}}, {"type": "Feature", "geometry": {"type": "LineString", "coordinates": [[-16.208106994628906, 14.140440940856934], [-16.213348388671875, 14.14380168914795], [-16.22031021118164, 14.151272773742676], [-16.229602813720703, 14.157325744628906], [-16.23799705505371, 14.16592025756836], [-16.243227005004883, 14.16859245300293], [-16.248640060424805, 14.168272972106934], [-16.258136749267578, 14.159150123596191], [-16.26119041442871, 14.158638000488281], [-16.264514923095703, 14.160191535949707], [-16.26863670349121, 14.170500755310059], [-16.27305030822754, 14.176600456237793], [-16.276355743408203, 14.17700481414795], [-16.278913497924805, 14.17512321472168], [-16.282812118530273, 14.169081687927246], [-16.28546714782715, 14.159381866455078], [-16.284435272216797, 14.154341697692871], [-16.28670310974121, 14.149476051330566], [-16.296361923217773, 14.149543762207031], [-16.309181213378906, 14.155075073242188]]}, "properties": {"name": "Temporary stream", "type": "Temporary stream", "couleur": "#90CAF9"}}, {"type": "Feature", "geometry": {"type": "LineString", "coordinates": [[-16.605344772338867, 14.146016120910645], [-16.6123046875, 14.140374183654785]]}, "properties": {"name": "Temporary stream", "type": "Temporary stream", "couleur": "#90CAF9"}}, {"type": "Feature", "geometry": {"type": "LineString", "coordinates": [[-16.621400833129883, 14.148027420043945], [-16.619699478149414, 14.145298957824707], [-16.6123046875, 14.140374183654785]]}, "properties": {"name": "Temporary stream", "type": "Temporary stream", "couleur": "#90CAF9"}}, {"type": "Feature", "geometry": {"type": "LineString", "coordinates": [[-16.519207000732422, 14.162718772888184], [-16.510648727416992, 14.158500671386719], [-16.502500534057617, 14.151058197021484], [-16.492984771728516, 14.145938873291016], [-16.489442825317383, 14.145540237426758], [-16.47991371154785, 14.139730453491211], [-16.46295166015625, 14.139566421508789], [-16.46021842956543, 14.144671440124512], [-16.465871810913086, 14.157445907592773], [-16.471158981323242, 14.163100242614746], [-16.467771530151367, 14.178922653198242]]}, "properties": {"name": "Temporary stream", "type": "Temporary stream", "couleur": "#90CAF9"}}, {"type": "Feature", "geometry": {"type": "LineString", "coordinates": [[-16.633243560791016, 14.139078140258789], [-16.63288688659668, 14.145060539245605], [-16.63266372680664, 14.14843463897705]]}, "properties": {"name": "Temporary stream", "type": "Temporary stream", "couleur": "#90CAF9"}}, {"type": "Feature", "geometry": {"type": "LineString", "coordinates": [[-16.6370906829834, 14.143147468566895], [-16.633243560791016, 14.139078140258789]]}, "properties": {"name": "Temporary stream", "type": "Temporary stream", "couleur": "#90CAF9"}}, {"type": "Feature", "geometry": {"type": "LineString", "coordinates": [[-16.17546844482422, 14.165093421936035], [-16.184492111206055, 14.164046287536621], [-16.19031524658203, 14.160272598266602], [-16.196544647216797, 14.152813911437988], [-16.20148468017578, 14.138940811157227]]}, "properties": {"name": "Temporary stream", "type": "Temporary stream", "couleur": "#90CAF9"}}, {"type": "Feature", "geometry": {"type": "LineString", "coordinates": [[-16.208106994628906, 14.140440940856934], [-16.20148468017578, 14.138940811157227]]}, "properties": {"name": "Temporary stream", "type": "Temporary stream", "couleur": "#90CAF9"}}, {"type": "Feature", "geometry": {"type": "LineString", "coordinates": [[-16.616472244262695, 14.136621475219727], [-16.6123046875, 14.140374183654785]]}, "properties": {"name": "Temporary stream", "type": "Temporary stream", "couleur": "#90CAF9"}}, {"type": "Feature", "geometry": {"type": "LineString", "coordinates": [[-16.605344772338867, 14.146016120910645], [-16.594491958618164, 14.145060539245605], [-16.589372634887695, 14.135957717895508]]}, "properties": {"name": "Temporary stream", "type": "Temporary stream", "couleur": "#90CAF9"}}, {"type": "Feature", "geometry": {"type": "LineString", "coordinates": [[-16.6123046875, 14.140374183654785], [-16.612064361572266, 14.135519981384277]]}, "properties": {"name": "Temporary stream", "type": "Temporary stream", "couleur": "#90CAF9"}}, {"type": "Feature", "geometry": {"type": "LineString", "coordinates": [[-16.612064361572266, 14.135519981384277], [-16.616472244262695, 14.136621475219727]]}, "properties": {"name": "Temporary stream", "type": "Temporary stream", "couleur": "#90CAF9"}}, {"type": "Feature", "geometry": {"type": "LineString", "coordinates": [[-16.616472244262695, 14.136621475219727], [-16.630348205566406, 14.135452270507812]]}, "properties": {"name": "Temporary stream", "type": "Temporary stream", "couleur": "#90CAF9"}}, {"type": "Feature", "geometry": {"type": "LineString", "coordinates": [[-16.630348205566406, 14.135452270507812], [-16.633243560791016, 14.139078140258789]]}, "properties": {"name": "Temporary stream", "type": "Temporary stream", "couleur": "#90CAF9"}}, {"type": "Feature", "geometry": {"type": "LineString", "coordinates": [[-16.076305389404297, 14.135226249694824], [-16.06976890563965, 14.136024475097656], [-16.046201705932617, 14.149272918701172]]}, "properties": {"name": "Temporary stream", "type": "Temporary stream", "couleur": "#90CAF9"}}, {"type": "Feature", "geometry": {"type": "LineString", "coordinates": [[-16.076305389404297, 14.135226249694824], [-16.065500259399414, 14.148275375366211], [-16.064380645751953, 14.151741027832031], [-16.067747116088867, 14.169617652893066], [-16.0704345703125, 14.175321578979492], [-16.067594528198242, 14.188468933105469], [-16.065279006958008, 14.190805435180664], [-16.060302734375, 14.189045906066895], [-16.055400848388672, 14.177860260009766], [-16.05369758605957, 14.16064739227295], [-16.049062728881836, 14.151296615600586], [-16.046201705932617, 14.149272918701172]]}, "properties": {"name": "Temporary stream", "type": "Temporary stream", "couleur": "#90CAF9"}}, {"type": "Feature", "geometry": {"type": "LineString", "coordinates": [[-13.969008445739746, 14.17587661743164], [-13.97612190246582, 14.155359268188477], [-13.98087215423584, 14.133941650390625]]}, "properties": {"name": "Temporary stream", "type": "Temporary stream", "couleur": "#90CAF9"}}, {"type": "Feature", "geometry": {"type": "LineString", "coordinates": [[-13.98087215423584, 14.133941650390625], [-14.014932632446289, 14.149736404418945], [-14.020593643188477, 14.150605201721191], [-14.046231269836426, 14.146931648254395], [-14.073558807373047, 14.147608757019043], [-14.08327579498291, 14.15395736694336]]}, "properties": {"name": "Temporary stream", "type": "Temporary stream", "couleur": "#90CAF9"}}, {"type": "Feature", "geometry": {"type": "LineString", "coordinates": [[-16.32727813720703, 14.131962776184082], [-16.324235916137695, 14.14079761505127], [-16.31208610534668, 14.14629077911377], [-16.309181213378906, 14.155075073242188]]}, "properties": {"name": "Temporary stream", "type": "Temporary stream", "couleur": "#90CAF9"}}, {"type": "Feature", "geometry": {"type": "LineString", "coordinates": [[-12.529593467712402, 14.177422523498535], [-12.572713851928711, 14.18140697479248], [-12.594128608703613, 14.176271438598633], [-12.60823917388916, 14.17093276977539], [-12.621861457824707, 14.16122817993164], [-12.65151309967041, 14.149072647094727], [-12.652425765991211, 14.148698806762695], [-12.65688419342041, 14.145004272460938], [-12.667882919311523, 14.128412246704102]]}, "properties": {"name": "Temporary stream", "type": "Temporary stream", "couleur": "#90CAF9"}}, {"type": "Feature", "geometry": {"type": "LineString", "coordinates": [[-16.577451705932617, 14.1283540725708], [-16.569984436035156, 14.14457893371582], [-16.574125289916992, 14.151861190795898], [-16.572782516479492, 14.155562400817871]]}, "properties": {"name": "Temporary stream", "type": "Temporary stream", "couleur": "#90CAF9"}}, {"type": "Feature", "geometry": {"type": "LineString", "coordinates": [[-16.577451705932617, 14.1283540725708], [-16.583621978759766, 14.130772590637207], [-16.589372634887695, 14.135957717895508]]}, "properties": {"name": "Temporary stream", "type": "Temporary stream", "couleur": "#90CAF9"}}, {"type": "Feature", "geometry": {"type": "LineString", "coordinates": [[-15.723136901855469, 14.125962257385254], [-15.734503746032715, 14.14487361907959], [-15.735536575317383, 14.150605201721191], [-15.726868629455566, 14.168662071228027], [-15.726875305175781, 14.184062957763672], [-15.72477912902832, 14.200643539428711], [-15.726086616516113, 14.208898544311523], [-15.72115707397461, 14.22506332397461], [-15.721660614013672, 14.227123260498047]]}, "properties": {"name": "Temporary stream", "type": "Temporary stream", "couleur": "#90CAF9"}}, {"type": "Feature", "geometry": {"type": "LineString", "coordinates": [[-15.723136901855469, 14.125962257385254], [-15.714468002319336, 14.128849029541016], [-15.69694709777832, 14.13807201385498], [-15.686809539794922, 14.137531280517578], [-15.671528816223145, 14.139364242553711], [-15.654582977294922, 14.124899864196777]]}, "properties": {"name": "Temporary stream", "type": "Temporary stream", "couleur": "#90CAF9"}}, {"type": "Feature", "geometry": {"type": "LineString", "coordinates": [[-12.740870475769043, 14.124435424804688], [-12.731471061706543, 14.129071235656738], [-12.719474792480469, 14.132338523864746], [-12.697816848754883, 14.13426685333252], [-12.689800262451172, 14.132230758666992], [-12.673785209655762, 14.132065773010254], [-12.667882919311523, 14.128412246704102]]}, "properties": {"name": "Temporary stream", "type": "Temporary stream", "couleur": "#90CAF9"}}, {"type": "Feature", "geometry": {"type": "LineString", "coordinates": [[-12.744729995727539, 14.144414901733398], [-12.740870475769043, 14.124435424804688]]}, "properties": {"name": "Temporary stream", "type": "Temporary stream", "couleur": "#90CAF9"}}, {"type": "Feature", "geometry": {"type": "LineString", "coordinates": [[-16.589372634887695, 14.135957717895508], [-16.59821128845215, 14.13005256652832], [-16.60654067993164, 14.122086524963379]]}, "properties": {"name": "Temporary stream", "type": "Temporary stream", "couleur": "#90CAF9"}}, {"type": "Feature", "geometry": {"type": "LineString", "coordinates": [[-16.60654067993164, 14.122086524963379], [-16.611785888671875, 14.125441551208496], [-16.60953140258789, 14.130768775939941], [-16.612064361572266, 14.135519981384277]]}, "properties": {"name": "Temporary stream", "type": "Temporary stream", "couleur": "#90CAF9"}}, {"type": "Feature", "geometry": {"type": "LineString", "coordinates": [[-16.6370906829834, 14.143147468566895], [-16.63906478881836, 14.13552474975586], [-16.63823127746582, 14.128873825073242], [-16.64092445373535, 14.121929168701172], [-16.64541244506836, 14.122537612915039], [-16.6566104888916, 14.129229545593262], [-16.662492752075195, 14.128894805908203], [-16.667375564575195, 14.125588417053223]]}, "properties": {"name": "Temporary stream", "type": "Temporary stream", "couleur": "#90CAF9"}}, {"type": "Feature", "geometry": {"type": "LineString", "coordinates": [[-12.352117538452148, 14.217055320739746], [-12.353959083557129, 14.20326042175293], [-12.342798233032227, 14.174332618713379], [-12.340399742126465, 14.16054916381836], [-12.34592342376709, 14.118931770324707]]}, "properties": {"name": "Temporary stream", "type": "Temporary stream", "couleur": "#90CAF9"}}, {"type": "Feature", "geometry": {"type": "LineString", "coordinates": [[-16.2056884765625, 14.118000984191895], [-16.20937156677246, 14.131914138793945], [-16.208106994628906, 14.140440940856934]]}, "properties": {"name": "Temporary stream", "type": "Temporary stream", "couleur": "#90CAF9"}}, {"type": "Feature", "geometry": {"type": "LineString", "coordinates": [[-16.32727813720703, 14.131962776184082], [-16.303482055664062, 14.13930892944336], [-16.29293441772461, 14.142245292663574], [-16.282066345214844, 14.140358924865723], [-16.276674270629883, 14.141828536987305], [-16.2764835357666, 14.144360542297363], [-16.276330947875977, 14.14896011352539], [-16.274065017700195, 14.15405559539795], [-16.271957397460938, 14.154780387878418], [-16.255847930908203, 14.14953327178955], [-16.243450164794922, 14.147743225097656], [-16.23472785949707, 14.1406888961792], [-16.226409912109375, 14.136459350585938], [-16.219764709472656, 14.133581161499023], [-16.2056884765625, 14.118000984191895]]}, "properties": {"name": "Temporary stream", "type": "Temporary stream", "couleur": "#90CAF9"}}, {"type": "Feature", "geometry": {"type": "LineString", "coordinates": [[-16.129043579101562, 14.117597579956055], [-16.11577606201172, 14.126777648925781], [-16.11012840270996, 14.12709903717041], [-16.100112915039062, 14.133696556091309], [-16.10254669189453, 14.138256072998047], [-16.107070922851562, 14.1411714553833], [-16.11508560180664, 14.141501426696777], [-16.125877380371094, 14.13902759552002], [-16.130332946777344, 14.137804985046387], [-16.137235641479492, 14.142061233520508], [-16.140901565551758, 14.14880084991455], [-16.1438045501709, 14.15413761138916], [-16.136560440063477, 14.171265602111816], [-16.122177124023438, 14.184142112731934], [-16.1229190826416, 14.186198234558105], [-16.13078498840332, 14.191588401794434], [-16.13882827758789, 14.193526268005371], [-16.143495559692383, 14.190921783447266], [-16.14916229248047, 14.177956581115723], [-16.15149688720703, 14.176769256591797], [-16.162809371948242, 14.177044868469238], [-16.170856475830078, 14.179211616516113], [-16.172773361206055, 14.181018829345703], [-16.183151245117188, 14.181768417358398], [-16.19147491455078, 14.18622875213623], [-16.20096778869629, 14.190210342407227], [-16.20784568786621, 14.192855834960938], [-16.213258743286133, 14.192536354064941], [-16.216524124145508, 14.190643310546875], [-16.22101402282715, 14.191488265991211], [-16.234689712524414, 14.205513954162598], [-16.242271423339844, 14.207915306091309], [-16.24774169921875, 14.210814476013184], [-16.255748748779297, 14.21068000793457], [-16.266714096069336, 14.204520225524902], [-16.276004791259766, 14.197009086608887], [-16.286569595336914, 14.194993019104004], [-16.298355102539062, 14.195255279541016], [-16.3031063079834, 14.197473526000977], [-16.31196403503418, 14.205368995666504], [-16.31574058532715, 14.205765724182129], [-16.32115364074707, 14.2054443359375], [-16.326753616333008, 14.202361106872559], [-16.331480026245117, 14.203200340270996], [-16.342702865600586, 14.198412895202637], [-16.34506607055664, 14.198833465576172], [-16.3516902923584, 14.200328826904297], [-16.36624526977539, 14.210424423217773], [-16.36773681640625, 14.214767456054688], [-16.367372512817383, 14.220748901367188], [-16.35955238342285, 14.231226921081543], [-16.35120391845703, 14.238723754882812], [-16.340726852416992, 14.245798110961914], [-16.330121994018555, 14.25885009765625], [-16.32392692565918, 14.268149375915527], [-16.321523666381836, 14.278762817382812], [-16.322280883789062, 14.281508445739746], [-16.327720642089844, 14.28256607055664], [-16.333345413208008, 14.280861854553223], [-16.361433029174805, 14.257168769836426], [-16.37295913696289, 14.242950439453125], [-16.382877349853516, 14.221949577331543]]}, "properties": {"name": "Temporary stream", "type": "Temporary stream", "couleur": "#90CAF9"}}, {"type": "Feature", "geometry": {"type": "LineString", "coordinates": [[-16.149791717529297, 14.143766403198242], [-16.148099899291992, 14.143722534179688], [-16.145706176757812, 14.141463279724121], [-16.144920349121094, 14.136878967285156], [-16.15139389038086, 14.129877090454102], [-16.149669647216797, 14.125537872314453], [-16.147476196289062, 14.12120532989502], [-16.134984970092773, 14.120719909667969], [-16.129043579101562, 14.117597579956055]]}, "properties": {"name": "Temporary stream", "type": "Temporary stream", "couleur": "#90CAF9"}}, {"type": "Feature", "geometry": {"type": "LineString", "coordinates": [[-16.024696350097656, 14.145017623901367], [-16.020187377929688, 14.143020629882812], [-16.014196395874023, 14.136908531188965], [-16.013442993164062, 14.134162902832031], [-16.005340576171875, 14.12854290008545], [-15.992379188537598, 14.128058433532715], [-15.971216201782227, 14.11597728729248], [-15.940613746643066, 14.116914749145508], [-15.931731224060059, 14.120960235595703], [-15.919255256652832, 14.121384620666504], [-15.90728759765625, 14.12409782409668], [-15.899046897888184, 14.124224662780762], [-15.89383316040039, 14.122236251831055]]}, "properties": {"name": "Temporary stream", "type": "Temporary stream", "couleur": "#90CAF9"}}, {"type": "Feature", "geometry": {"type": "LineString", "coordinates": [[-12.21666431427002, 14.218328475952148], [-12.215950965881348, 14.215801239013672], [-12.218761444091797, 14.209589004516602], [-12.22557258605957, 14.201988220214844], [-12.226969718933105, 14.195779800415039], [-12.22221565246582, 14.179702758789062], [-12.223148345947266, 14.176253318786621], [-12.234896659851074, 14.16565227508545], [-12.2370023727417, 14.160131454467773], [-12.237222671508789, 14.15461254119873], [-12.23556137084961, 14.14979076385498], [-12.230603218078613, 14.14543628692627], [-12.195229530334473, 14.127591133117676], [-12.193161964416504, 14.125764846801758], [-12.190037727355957, 14.123006820678711], [-12.187906265258789, 14.118185043334961], [-12.190019607543945, 14.115880966186523]]}, "properties": {"name": "Faleme", "type": "Secondary river", "couleur": "#1976D2"}}, {"type": "Feature", "geometry": {"type": "LineString", "coordinates": [[-16.076305389404297, 14.135226249694824], [-16.094877243041992, 14.130563735961914], [-16.123830795288086, 14.115842819213867], [-16.129043579101562, 14.117597579956055]]}, "properties": {"name": "Temporary stream", "type": "Temporary stream", "couleur": "#90CAF9"}}, {"type": "Feature", "geometry": {"type": "LineString", "coordinates": [[-16.601173400878906, 14.112298011779785], [-16.60317039489746, 14.118239402770996], [-16.60654067993164, 14.122086524963379]]}, "properties": {"name": "Temporary stream", "type": "Temporary stream", "couleur": "#90CAF9"}}, {"type": "Feature", "geometry": {"type": "LineString", "coordinates": [[-15.654582977294922, 14.124899864196777], [-15.635833740234375, 14.1309175491333], [-15.62648868560791, 14.135880470275879], [-15.614433288574219, 14.133066177368164], [-15.603211402893066, 14.13851547241211], [-15.598258972167969, 14.138126373291016], [-15.594168663024902, 14.132437705993652], [-15.597068786621094, 14.121822357177734], [-15.593512535095215, 14.120264053344727], [-15.589755058288574, 14.121007919311523], [-15.582754135131836, 14.125245094299316], [-15.57852554321289, 14.125995635986328], [-15.575798034667969, 14.124920845031738], [-15.578879356384277, 14.116610527038574], [-15.577757835388184, 14.111451148986816], [-15.5745849609375, 14.112005233764648], [-15.569713592529297, 14.120477676391602], [-15.566973686218262, 14.125240325927734], [-15.559979438781738, 14.129937171936035], [-15.553410530090332, 14.131638526916504], [-15.548218727111816, 14.131023406982422], [-15.544486045837402, 14.13337516784668], [-15.541726112365723, 14.137782096862793], [-15.538728713989258, 14.157822608947754], [-15.535313606262207, 14.16568660736084], [-15.529951095581055, 14.169439315795898], [-15.520346641540527, 14.173022270202637], [-15.50622272491455, 14.173681259155273], [-15.498031616210938, 14.17724323272705], [-15.4931640625, 14.182598114013672], [-15.487780570983887, 14.184971809387207], [-15.479308128356934, 14.178245544433594], [-15.471639633178711, 14.176692008972168], [-15.456852912902832, 14.18034553527832], [-15.449140548706055, 14.184589385986328], [-15.441523551940918, 14.195267677307129]]}, "properties": {"name": "Temporary stream", "type": "Temporary stream", "couleur": "#90CAF9"}}, {"type": "Feature", "geometry": {"type": "LineString", "coordinates": [[-15.723136901855469, 14.125962257385254], [-15.727828025817871, 14.124743461608887], [-15.736555099487305, 14.125534057617188], [-15.747574806213379, 14.122381210327148], [-15.758326530456543, 14.117164611816406], [-15.765162467956543, 14.117522239685059], [-15.775955200195312, 14.129773139953613], [-15.782114028930664, 14.131979942321777], [-15.784671783447266, 14.12987232208252], [-15.797629356384277, 14.130138397216797], [-15.809344291687012, 14.126282691955566], [-15.812589645385742, 14.123015403747559], [-15.816912651062012, 14.113525390625], [-15.819951057434082, 14.112100601196289], [-15.83127498626709, 14.11330795288086], [-15.834685325622559, 14.114686012268066], [-15.840046882629395, 14.116852760314941], [-15.853202819824219, 14.114813804626465], [-15.86088752746582, 14.10940933227539]]}, "properties": {"name": "Temporary stream", "type": "Temporary stream", "couleur": "#90CAF9"}}, {"type": "Feature", "geometry": {"type": "LineString", "coordinates": [[-15.89383316040039, 14.122236251831055], [-15.888880729675293, 14.121853828430176], [-15.878089904785156, 14.115460395812988], [-15.873848915100098, 14.116826057434082], [-15.870251655578613, 14.115996360778809], [-15.86088752746582, 14.10940933227539]]}, "properties": {"name": "Temporary stream", "type": "Temporary stream", "couleur": "#90CAF9"}}, {"type": "Feature", "geometry": {"type": "LineString", "coordinates": [[-16.601173400878906, 14.112298011779785], [-16.591049194335938, 14.112479209899902], [-16.585031509399414, 14.105690002441406], [-16.579856872558594, 14.106012344360352], [-16.576129913330078, 14.108147621154785], [-16.57174301147461, 14.112822532653809], [-16.569957733154297, 14.118142127990723], [-16.577451705932617, 14.1283540725708]]}, "properties": {"name": "Temporary stream", "type": "Temporary stream", "couleur": "#90CAF9"}}, {"type": "Feature", "geometry": {"type": "LineString", "coordinates": [[-15.880586624145508, 14.100554466247559], [-15.866901397705078, 14.10265064239502], [-15.86088752746582, 14.10940933227539]]}, "properties": {"name": "Temporary stream", "type": "Temporary stream", "couleur": "#90CAF9"}}, {"type": "Feature", "geometry": {"type": "LineString", "coordinates": [[-15.880586624145508, 14.100554466247559], [-15.89406681060791, 14.111434936523438]]}, "properties": {"name": "Temporary stream", "type": "Temporary stream", "couleur": "#90CAF9"}}, {"type": "Feature", "geometry": {"type": "LineString", "coordinates": [[-16.38140869140625, 14.09821605682373], [-16.38292694091797, 14.103937149047852], [-16.397022247314453, 14.114959716796875], [-16.397319793701172, 14.118401527404785], [-16.395933151245117, 14.119806289672852], [-16.387184143066406, 14.117886543273926], [-16.384654998779297, 14.121378898620605], [-16.384313583374023, 14.128511428833008], [-16.382232666015625, 14.130615234375], [-16.37864112854004, 14.127458572387695], [-16.374656677246094, 14.128446578979492], [-16.37223243713379, 14.137682914733887], [-16.36922836303711, 14.140952110290527], [-16.362796783447266, 14.136924743652344], [-16.360206604003906, 14.136969566345215], [-16.356971740722656, 14.140472412109375], [-16.351518630981445, 14.138495445251465], [-16.3482723236084, 14.14130973815918], [-16.33577537536621, 14.140603065490723], [-16.32727813720703, 14.131962776184082]]}, "properties": {"name": "Temporary stream", "type": "Temporary stream", "couleur": "#90CAF9"}}, {"type": "Feature", "geometry": {"type": "LineString", "coordinates": [[-12.438231468200684, 14.117506980895996], [-12.422687530517578, 14.117555618286133], [-12.4094877243042, 14.113458633422852], [-12.400044441223145, 14.106131553649902], [-12.396984100341797, 14.106600761413574], [-12.378119468688965, 14.097922325134277], [-12.367292404174805, 14.10002326965332], [-12.35037899017334, 14.112942695617676], [-12.34592342376709, 14.118931770324707]]}, "properties": {"name": "Temporary stream", "type": "Temporary stream", "couleur": "#90CAF9"}}, {"type": "Feature", "geometry": {"type": "LineString", "coordinates": [[-16.20148468017578, 14.138940811157227], [-16.195642471313477, 14.128002166748047], [-16.188249588012695, 14.12283706665039], [-16.1853084564209, 14.116218566894531], [-16.183401107788086, 14.11487102508545], [-16.174896240234375, 14.113401412963867], [-16.168460845947266, 14.108909606933594], [-16.163021087646484, 14.107619285583496], [-16.159854888916016, 14.115256309509277], [-16.157512664794922, 14.115984916687012], [-16.154403686523438, 14.113275527954102], [-16.148765563964844, 14.114057540893555], [-16.145374298095703, 14.108596801757812], [-16.139514923095703, 14.11030101776123], [-16.138063430786133, 14.108025550842285], [-16.141029357910156, 14.102460861206055], [-16.1402587890625, 14.098794937133789], [-16.136213302612305, 14.096332550048828]]}, "properties": {"name": "Temporary stream", "type": "Temporary stream", "couleur": "#90CAF9"}}, {"type": "Feature", "geometry": {"type": "LineString", "coordinates": [[-12.190019607543945, 14.115880966186523], [-12.187653541564941, 14.111749649047852], [-12.186692237854004, 14.103707313537598], [-12.184097290039062, 14.101645469665527], [-12.145474433898926, 14.09965991973877], [-12.133252143859863, 14.109338760375977], [-12.120077133178711, 14.114652633666992], [-12.113245964050293, 14.113746643066406], [-12.102865219116211, 14.105032920837402], [-12.095561027526855, 14.10297966003418], [-12.08543872833252, 14.104607582092285], [-12.079639434814453, 14.103656768798828], [-12.072954177856445, 14.102561950683594], [-12.068239212036133, 14.099813461303711], [-12.037856101989746, 14.09618854522705]]}, "properties": {"name": "Temporary stream", "type": "Temporary stream", "couleur": "#90CAF9"}}, {"type": "Feature", "geometry": {"type": "LineString", "coordinates": [[-15.932975769042969, 14.095739364624023], [-15.908262252807617, 14.111669540405273], [-15.89406681060791, 14.111434936523438]]}, "properties": {"name": "Temporary stream", "type": "Temporary stream", "couleur": "#90CAF9"}}, {"type": "Feature", "geometry": {"type": "LineString", "coordinates": [[-15.89383316040039, 14.122236251831055], [-15.921710014343262, 14.113069534301758], [-15.927987098693848, 14.108146667480469], [-15.932975769042969, 14.095739364624023]]}, "properties": {"name": "Temporary stream", "type": "Temporary stream", "couleur": "#90CAF9"}}, {"type": "Feature", "geometry": {"type": "LineString", "coordinates": [[-15.933384895324707, 14.092659950256348], [-15.932975769042969, 14.095739364624023]]}, "properties": {"name": "Temporary stream", "type": "Temporary stream", "couleur": "#90CAF9"}}, {"type": "Feature", "geometry": {"type": "LineString", "coordinates": [[-15.933384895324707, 14.092659950256348], [-15.924016952514648, 14.095793724060059], [-15.91858959197998, 14.09518814086914], [-15.913597106933594, 14.092277526855469], [-15.89856243133545, 14.094578742980957], [-15.895303726196289, 14.096927642822266], [-15.880586624145508, 14.100554466247559]]}, "properties": {"name": "Temporary stream", "type": "Temporary stream", "couleur": "#90CAF9"}}, {"type": "Feature", "geometry": {"type": "LineString", "coordinates": [[-16.667375564575195, 14.125588417053223], [-16.65484046936035, 14.110642433166504], [-16.652385711669922, 14.105399131774902], [-16.652542114257812, 14.101258277893066], [-16.659955978393555, 14.09150218963623]]}, "properties": {"name": "Temporary stream", "type": "Temporary stream", "couleur": "#90CAF9"}}, {"type": "Feature", "geometry": {"type": "LineString", "coordinates": [[-13.964223861694336, 14.090412139892578], [-13.967559814453125, 14.09475040435791], [-13.979342460632324, 14.121313095092773], [-13.98087215423584, 14.133941650390625]]}, "properties": {"name": "Temporary stream", "type": "Temporary stream", "couleur": "#90CAF9"}}, {"type": "Feature", "geometry": {"type": "LineString", "coordinates": [[-15.9474515914917, 14.088555335998535], [-15.932975769042969, 14.095739364624023]]}, "properties": {"name": "Temporary stream", "type": "Temporary stream", "couleur": "#90CAF9"}}, {"type": "Feature", "geometry": {"type": "LineString", "coordinates": [[-16.024696350097656, 14.145017623901367], [-16.02933120727539, 14.126553535461426], [-16.02808952331543, 14.122666358947754], [-16.02448844909668, 14.116436958312988], [-16.019506454467773, 14.112783432006836], [-16.01607894897461, 14.108015060424805], [-16.010644912719727, 14.103930473327637], [-16.0040283203125, 14.101996421813965], [-15.994786262512207, 14.1029634475708], [-15.990119934082031, 14.105566024780273], [-15.98214054107666, 14.107300758361816], [-15.974048614501953, 14.102140426635742], [-15.971370697021484, 14.096894264221191], [-15.967352867126465, 14.096037864685059], [-15.961552619934082, 14.10390567779541], [-15.959732055664062, 14.105124473571777], [-15.95547866821289, 14.104269981384277], [-15.950408935546875, 14.096762657165527], [-15.9474515914917, 14.088555335998535]]}, "properties": {"name": "Temporary stream", "type": "Temporary stream", "couleur": "#90CAF9"}}, {"type": "Feature", "geometry": {"type": "LineString", "coordinates": [[-16.38140869140625, 14.09821605682373], [-16.37435531616211, 14.098796844482422], [-16.370773315429688, 14.096098899841309], [-16.368555068969727, 14.090620040893555], [-16.365461349487305, 14.088833808898926], [-16.362863540649414, 14.088418006896973], [-16.358211517333984, 14.091715812683105], [-16.344520568847656, 14.089879989624023]]}, "properties": {"name": "Temporary stream", "type": "Temporary stream", "couleur": "#90CAF9"}}, {"type": "Feature", "geometry": {"type": "LineString", "coordinates": [[-16.519468307495117, 14.088231086730957], [-16.509807586669922, 14.1005859375], [-16.502931594848633, 14.123465538024902], [-16.50063133239746, 14.126493453979492], [-16.49736213684082, 14.128619194030762], [-16.487947463989258, 14.128326416015625], [-16.4710750579834, 14.132987976074219], [-16.460718154907227, 14.133398056030273], [-16.452749252319336, 14.13560676574707], [-16.450214385986328, 14.13863754272461], [-16.450851440429688, 14.160465240478516], [-16.44481658935547, 14.165398597717285], [-16.439157485961914, 14.16503620147705], [-16.435338973999023, 14.162343978881836], [-16.432601928710938, 14.154346466064453], [-16.428281784057617, 14.150052070617676], [-16.40528678894043, 14.14194393157959], [-16.393056869506836, 14.143074035644531], [-16.38042449951172, 14.147887229919434], [-16.37740135192871, 14.150008201599121], [-16.374204635620117, 14.155579566955566], [-16.352779388427734, 14.15617561340332], [-16.347185134887695, 14.159488677978516], [-16.332353591918945, 14.1599702835083], [-16.311573028564453, 14.157103538513184], [-16.309181213378906, 14.155075073242188]]}, "properties": {"name": "Temporary stream", "type": "Temporary stream", "couleur": "#90CAF9"}}, {"type": "Feature", "geometry": {"type": "LineString", "coordinates": [[-12.595646858215332, 14.085707664489746], [-12.584622383117676, 14.096321105957031], [-12.566309928894043, 14.11017894744873], [-12.563247680664062, 14.109959602355957], [-12.55173110961914, 14.115745544433594], [-12.510777473449707, 14.121405601501465]]}, "properties": {"name": "Temporary stream", "type": "Temporary stream", "couleur": "#90CAF9"}}, {"type": "Feature", "geometry": {"type": "LineString", "coordinates": [[-12.595646858215332, 14.085707664489746], [-12.62417221069336, 14.094103813171387], [-12.629348754882812, 14.093165397644043], [-12.644906044006348, 14.097013473510742], [-12.654117584228516, 14.103412628173828], [-12.659326553344727, 14.110286712646484], [-12.665283203125, 14.12635326385498], [-12.667882919311523, 14.128412246704102]]}, "properties": {"name": "Temporary stream", "type": "Temporary stream", "couleur": "#90CAF9"}}, {"type": "Feature", "geometry": {"type": "LineString", "coordinates": [[-16.076305389404297, 14.135226249694824], [-16.08024787902832, 14.128959655761719], [-16.079986572265625, 14.125770568847656], [-16.07658576965332, 14.121432304382324], [-16.07375717163086, 14.121248245239258], [-16.06208038330078, 14.127182006835938], [-16.052936553955078, 14.129627227783203], [-16.043258666992188, 14.128401756286621], [-16.04085350036621, 14.125452041625977], [-16.043838500976562, 14.120806694030762], [-16.04966163635254, 14.117035865783691], [-16.060897827148438, 14.112948417663574], [-16.065954208374023, 14.105511665344238], [-16.065168380737305, 14.100926399230957], [-16.056793212890625, 14.09301471710205], [-16.050628662109375, 14.090583801269531], [-16.036081314086914, 14.093804359436035], [-16.034439086914062, 14.095311164855957], [-16.033531188964844, 14.09614372253418], [-16.026498794555664, 14.098094940185547], [-16.009225845336914, 14.093310356140137], [-15.993511199951172, 14.08298397064209], [-15.980805397033691, 14.083643913269043], [-15.971959114074707, 14.08975887298584], [-15.96583366394043, 14.089625358581543], [-15.959426879882812, 14.086736679077148], [-15.9474515914917, 14.088555335998535]]}, "properties": {"name": "Temporary stream", "type": "Temporary stream", "couleur": "#90CAF9"}}, {"type": "Feature", "geometry": {"type": "LineString", "coordinates": [[-15.933384895324707, 14.092659950256348], [-15.934938430786133, 14.086889266967773], [-15.939579010009766, 14.08267879486084]]}, "properties": {"name": "Temporary stream", "type": "Temporary stream", "couleur": "#90CAF9"}}, {"type": "Feature", "geometry": {"type": "LineString", "coordinates": [[-15.9474515914917, 14.088555335998535], [-15.943114280700684, 14.082854270935059], [-15.939579010009766, 14.08267879486084]]}, "properties": {"name": "Temporary stream", "type": "Temporary stream", "couleur": "#90CAF9"}}, {"type": "Feature", "geometry": {"type": "LineString", "coordinates": [[-13.95189380645752, 14.081092834472656], [-13.940081596374512, 14.102800369262695], [-13.936795234680176, 14.10397720336914], [-13.927509307861328, 14.118766784667969], [-13.906049728393555, 14.141931533813477], [-13.897858619689941, 14.147746086120605], [-13.88829517364502, 14.15975570678711]]}, "properties": {"name": "Temporary stream", "type": "Temporary stream", "couleur": "#90CAF9"}}, {"type": "Feature", "geometry": {"type": "LineString", "coordinates": [[-13.95189380645752, 14.081092834472656], [-13.957807540893555, 14.084031105041504], [-13.964223861694336, 14.090412139892578]]}, "properties": {"name": "Temporary stream", "type": "Temporary stream", "couleur": "#90CAF9"}}, {"type": "Feature", "geometry": {"type": "LineString", "coordinates": [[-12.203104972839355, 14.076316833496094], [-12.205714225769043, 14.083436965942383], [-12.206682205200195, 14.093547821044922], [-12.205290794372559, 14.102055549621582], [-12.202241897583008, 14.106659889221191], [-12.190019607543945, 14.115880966186523]]}, "properties": {"name": "Faleme", "type": "Secondary river", "couleur": "#1976D2"}}, {"type": "Feature", "geometry": {"type": "LineString", "coordinates": [[-16.659955978393555, 14.09150218963623], [-16.66086196899414, 14.080647468566895], [-16.663326263427734, 14.075509071350098]]}, "properties": {"name": "Temporary stream", "type": "Temporary stream", "couleur": "#90CAF9"}}, {"type": "Feature", "geometry": {"type": "LineString", "coordinates": [[-16.659955978393555, 14.09150218963623], [-16.66403579711914, 14.086567878723145], [-16.66513442993164, 14.082409858703613], [-16.663326263427734, 14.075509071350098]]}, "properties": {"name": "Temporary stream", "type": "Temporary stream", "couleur": "#90CAF9"}}, {"type": "Feature", "geometry": {"type": "LineString", "coordinates": [[-16.60635757446289, 14.075193405151367], [-16.601919174194336, 14.07711124420166], [-16.601247787475586, 14.078963279724121], [-16.604394912719727, 14.083504676818848], [-16.603105545043945, 14.089964866638184], [-16.606531143188477, 14.096799850463867], [-16.61302375793457, 14.10381031036377], [-16.61355209350586, 14.106788635253906], [-16.608219146728516, 14.111252784729004], [-16.60495376586914, 14.112919807434082], [-16.601173400878906, 14.112298011779785]]}, "properties": {"name": "Temporary stream", "type": "Temporary stream", "couleur": "#90CAF9"}}, {"type": "Feature", "geometry": {"type": "LineString", "coordinates": [[-16.60635757446289, 14.075193405151367], [-16.619476318359375, 14.08392333984375], [-16.62155532836914, 14.094231605529785], [-16.62723159790039, 14.095508575439453], [-16.63270378112793, 14.098398208618164], [-16.63372802734375, 14.102747917175293], [-16.631689071655273, 14.106922149658203], [-16.62554168701172, 14.118067741394043], [-16.624954223632812, 14.124285697937012], [-16.630348205566406, 14.135452270507812]]}, "properties": {"name": "Temporary stream", "type": "Temporary stream", "couleur": "#90CAF9"}}, {"type": "Feature", "geometry": {"type": "LineString", "coordinates": [[-12.295414924621582, 14.080224990844727], [-12.28976058959961, 14.07909107208252], [-12.279402732849121, 14.079808235168457], [-12.270212173461914, 14.077302932739258], [-12.26691722869873, 14.077771186828613], [-12.266215324401855, 14.079381942749023], [-12.245490074157715, 14.077364921569824], [-12.239376068115234, 14.080368041992188], [-12.23324966430664, 14.078544616699219], [-12.225481033325195, 14.079023361206055], [-12.212050437927246, 14.075377464294434], [-12.204751014709473, 14.075164794921875], [-12.203104972839355, 14.076316833496094]]}, "properties": {"name": "Temporary stream", "type": "Temporary stream", "couleur": "#90CAF9"}}, {"type": "Feature", "geometry": {"type": "LineString", "coordinates": [[-16.663326263427734, 14.075509071350098], [-16.665632247924805, 14.071596145629883], [-16.670927047729492, 14.06856632232666]]}, "properties": {"name": "Temporary stream", "type": "Temporary stream", "couleur": "#90CAF9"}}, {"type": "Feature", "geometry": {"type": "LineString", "coordinates": [[-12.203104972839355, 14.076316833496094], [-12.191779136657715, 14.066459655761719]]}, "properties": {"name": "Faleme", "type": "Secondary river", "couleur": "#1976D2"}}, {"type": "Feature", "geometry": {"type": "LineString", "coordinates": [[-13.964223861694336, 14.090412139892578], [-13.978519439697266, 14.08293342590332], [-13.981579780578613, 14.082906723022461], [-13.997030258178711, 14.073119163513184], [-14.002689361572266, 14.073989868164062], [-14.00479507446289, 14.072592735290527], [-14.012803077697754, 14.072752952575684], [-14.025497436523438, 14.070571899414062], [-14.039344787597656, 14.065853118896484], [-14.052541732788086, 14.067115783691406]]}, "properties": {"name": "Temporary stream", "type": "Temporary stream", "couleur": "#90CAF9"}}, {"type": "Feature", "geometry": {"type": "LineString", "coordinates": [[-16.670927047729492, 14.06856632232666], [-16.680086135864258, 14.063976287841797]]}, "properties": {"name": "Temporary stream", "type": "Temporary stream", "couleur": "#90CAF9"}}, {"type": "Feature", "geometry": {"type": "LineString", "coordinates": [[-16.408811569213867, 14.063950538635254], [-16.403593063354492, 14.074847221374512], [-16.39964485168457, 14.077902793884277], [-16.387941360473633, 14.081782341003418], [-16.382858276367188, 14.087157249450684], [-16.380409240722656, 14.095015525817871], [-16.38140869140625, 14.09821605682373]]}, "properties": {"name": "Temporary stream", "type": "Temporary stream", "couleur": "#90CAF9"}}, {"type": "Feature", "geometry": {"type": "LineString", "coordinates": [[-16.69393539428711, 14.061655044555664], [-16.69254493713379, 14.062829971313477], [-16.688289642333984, 14.06198787689209], [-16.680086135864258, 14.063976287841797]]}, "properties": {"name": "Temporary stream", "type": "Temporary stream", "couleur": "#90CAF9"}}, {"type": "Feature", "geometry": {"type": "LineString", "coordinates": [[-15.937807083129883, 14.060867309570312], [-15.935626983642578, 14.071476936340332], [-15.939579010009766, 14.08267879486084]]}, "properties": {"name": "Temporary stream", "type": "Temporary stream", "couleur": "#90CAF9"}}, {"type": "Feature", "geometry": {"type": "LineString", "coordinates": [[-12.577180862426758, 14.060490608215332], [-12.580524444580078, 14.072660446166992], [-12.586445808410645, 14.081143379211426], [-12.590932846069336, 14.084575653076172], [-12.595646858215332, 14.085707664489746]]}, "properties": {"name": "Temporary stream", "type": "Temporary stream", "couleur": "#90CAF9"}}, {"type": "Feature", "geometry": {"type": "LineString", "coordinates": [[-15.414119720458984, 14.06025218963623], [-15.373869895935059, 14.110453605651855], [-15.370732307434082, 14.121530532836914], [-15.372230529785156, 14.127487182617188], [-15.375606536865234, 14.132957458496094], [-15.383742332458496, 14.141812324523926], [-15.390488624572754, 14.152294158935547], [-15.394582748413086, 14.166069984436035], [-15.399401664733887, 14.182284355163574], [-15.40024471282959, 14.191697120666504]]}, "properties": {"name": "Temporary stream", "type": "Temporary stream", "couleur": "#90CAF9"}}, {"type": "Feature", "geometry": {"type": "LineString", "coordinates": [[-12.577180862426758, 14.060490608215332], [-12.553162574768066, 14.059887886047363], [-12.535531997680664, 14.066844940185547], [-12.49669361114502, 14.069967269897461]]}, "properties": {"name": "Temporary stream", "type": "Temporary stream", "couleur": "#90CAF9"}}, {"type": "Feature", "geometry": {"type": "LineString", "coordinates": [[-16.217529296875, 14.059825897216797], [-16.211095809936523, 14.068897247314453], [-16.208749771118164, 14.069396018981934], [-16.20179557800293, 14.07571792602539], [-16.20302391052246, 14.078686714172363], [-16.201725006103516, 14.08514404296875], [-16.203237533569336, 14.090867042541504], [-16.20526885986328, 14.09933853149414], [-16.203306198120117, 14.108336448669434], [-16.2056884765625, 14.118000984191895]]}, "properties": {"name": "Temporary stream", "type": "Temporary stream", "couleur": "#90CAF9"}}, {"type": "Feature", "geometry": {"type": "LineString", "coordinates": [[-12.34592342376709, 14.118931770324707], [-12.344484329223633, 14.110662460327148], [-12.344367980957031, 14.072965621948242], [-12.347384452819824, 14.058706283569336]]}, "properties": {"name": "Temporary stream", "type": "Temporary stream", "couleur": "#90CAF9"}}, {"type": "Feature", "geometry": {"type": "LineString", "coordinates": [[-12.740870475769043, 14.124435424804688], [-12.739175796508789, 14.114558219909668], [-12.741020202636719, 14.105816841125488], [-12.761993408203125, 14.05860710144043]]}, "properties": {"name": "Temporary stream", "type": "Temporary stream", "couleur": "#90CAF9"}}, {"type": "Feature", "geometry": {"type": "LineString", "coordinates": [[-12.761993408203125, 14.05860710144043], [-12.769824028015137, 14.071675300598145], [-12.777392387390137, 14.078768730163574], [-12.784004211425781, 14.082877159118652], [-12.79532527923584, 14.0867338180542], [-12.80572509765625, 14.094963073730469], [-12.820119857788086, 14.101333618164062]]}, "properties": {"name": "Temporary stream", "type": "Temporary stream", "couleur": "#90CAF9"}}, {"type": "Feature", "geometry": {"type": "LineString", "coordinates": [[-16.718698501586914, 14.057222366333008], [-16.720264434814453, 14.059334754943848], [-16.72226333618164, 14.065275192260742], [-16.721166610717773, 14.069433212280273], [-16.715099334716797, 14.072303771972656], [-16.690980911254883, 14.06722640991211], [-16.686521530151367, 14.067996978759766], [-16.679798126220703, 14.073407173156738], [-16.673702239990234, 14.074896812438965], [-16.672351837158203, 14.078140258789062], [-16.67319107055664, 14.08502197265625], [-16.67140007019043, 14.089881896972656], [-16.65886688232422, 14.09953498840332], [-16.657276153564453, 14.10255241394043], [-16.658306121826172, 14.107131004333496], [-16.667198181152344, 14.116394996643066], [-16.669898986816406, 14.122093200683594], [-16.667375564575195, 14.125588417053223]]}, "properties": {"name": "Temporary stream", "type": "Temporary stream", "couleur": "#90CAF9"}}, {"type": "Feature", "geometry": {"type": "LineString", "coordinates": [[-13.206403732299805, 14.191497802734375], [-13.223692893981934, 14.169100761413574], [-13.229327201843262, 14.166309356689453], [-13.23874282836914, 14.16533374786377], [-13.245080947875977, 14.162077903747559], [-13.261948585510254, 14.148185729980469], [-13.271567344665527, 14.142380714416504], [-13.280977249145508, 14.140714645385742], [-13.299663543701172, 14.117613792419434], [-13.304047584533691, 14.115897178649902], [-13.315166473388672, 14.111540794372559], [-13.322431564331055, 14.106438636779785], [-13.343320846557617, 14.096193313598633], [-13.349848747253418, 14.086727142333984], [-13.359143257141113, 14.06873893737793], [-13.370121955871582, 14.056026458740234]]}, "properties": {"name": "Temporary stream", "type": "Temporary stream", "couleur": "#90CAF9"}}, {"type": "Feature", "geometry": {"type": "LineString", "coordinates": [[-16.32727813720703, 14.131962776184082], [-16.335506439208984, 14.125664710998535], [-16.34239387512207, 14.128767013549805], [-16.34758186340332, 14.129137992858887], [-16.361974716186523, 14.130501747131348], [-16.364770889282227, 14.12884521484375], [-16.362791061401367, 14.123591423034668], [-16.357521057128906, 14.118623733520508], [-16.35231590270996, 14.11733341217041], [-16.329729080200195, 14.118637084960938], [-16.31748390197754, 14.118844032287598], [-16.303253173828125, 14.126440048217773], [-16.281370162963867, 14.127728462219238], [-16.2589168548584, 14.136608123779297], [-16.239627838134766, 14.138079643249512], [-16.23625946044922, 14.133996963500977], [-16.225122451782227, 14.130274772644043], [-16.221271514892578, 14.125511169433594], [-16.220468521118164, 14.120006561279297], [-16.225204467773438, 14.094640731811523], [-16.22345542907715, 14.088923454284668], [-16.228357315063477, 14.072979927062988], [-16.22583770751953, 14.063596725463867], [-16.22172737121582, 14.05745792388916], [-16.217924118041992, 14.055451393127441], [-16.209936141967773, 14.056503295898438], [-16.20370101928711, 14.063502311706543], [-16.2000675201416, 14.071148872375488], [-16.19759750366211, 14.078085899353027], [-16.193317413330078, 14.102754592895508], [-16.19102668762207, 14.10646915435791], [-16.2056884765625, 14.118000984191895]]}, "properties": {"name": "Temporary stream", "type": "Temporary stream", "couleur": "#90CAF9"}}, {"type": "Feature", "geometry": {"type": "LineString", "coordinates": [[-14.252888679504395, 14.202949523925781], [-14.25784969329834, 14.181296348571777], [-14.256775856018066, 14.168435096740723], [-14.26210880279541, 14.160110473632812], [-14.275440216064453, 14.151016235351562], [-14.278532028198242, 14.130990028381348], [-14.299939155578613, 14.10595703125], [-14.304412841796875, 14.093997955322266], [-14.306583404541016, 14.0881929397583], [-14.310806274414062, 14.06401538848877], [-14.317309379577637, 14.055447578430176]]}, "properties": {"name": "Temporary stream", "type": "Temporary stream", "couleur": "#90CAF9"}}, {"type": "Feature", "geometry": {"type": "LineString", "coordinates": [[-16.659955978393555, 14.09150218963623], [-16.651437759399414, 14.094891548156738], [-16.64653778076172, 14.095159530639648], [-16.643157958984375, 14.08953857421875], [-16.64377212524414, 14.086014747619629], [-16.650793075561523, 14.071404457092285], [-16.65915298461914, 14.065276145935059], [-16.66173553466797, 14.052584648132324], [-16.664051055908203, 14.050474166870117], [-16.671422958374023, 14.054248809814453], [-16.672531127929688, 14.06296443939209], [-16.670927047729492, 14.06856632232666]]}, "properties": {"name": "Temporary stream", "type": "Temporary stream", "couleur": "#90CAF9"}}, {"type": "Feature", "geometry": {"type": "LineString", "coordinates": [[-16.69393539428711, 14.061655044555664], [-16.697481155395508, 14.050095558166504]]}, "properties": {"name": "Temporary stream", "type": "Temporary stream", "couleur": "#90CAF9"}}, {"type": "Feature", "geometry": {"type": "LineString", "coordinates": [[-16.697481155395508, 14.050095558166504], [-16.701343536376953, 14.055082321166992], [-16.713953018188477, 14.061749458312988], [-16.71307373046875, 14.064984321594238], [-16.710031509399414, 14.065958976745605], [-16.69393539428711, 14.061655044555664]]}, "properties": {"name": "Temporary stream", "type": "Temporary stream", "couleur": "#90CAF9"}}, {"type": "Feature", "geometry": {"type": "LineString", "coordinates": [[-16.519207000732422, 14.162718772888184], [-16.522876739501953, 14.157365798950195], [-16.5117244720459, 14.1403226852417], [-16.512088775634766, 14.134568214416504], [-16.529090881347656, 14.09909725189209], [-16.544918060302734, 14.076518058776855], [-16.556041717529297, 14.06689453125], [-16.564695358276367, 14.063752174377441], [-16.568696975708008, 14.063904762268066], [-16.57294273376465, 14.064065933227539], [-16.580066680908203, 14.067156791687012], [-16.58310890197754, 14.066183090209961], [-16.586925506591797, 14.056229591369629], [-16.59432601928711, 14.049201011657715]]}, "properties": {"name": "Temporary stream", "type": "Temporary stream", "couleur": "#90CAF9"}}, {"type": "Feature", "geometry": {"type": "LineString", "coordinates": [[-16.59432601928711, 14.049201011657715], [-16.60006332397461, 14.053695678710938], [-16.609033584594727, 14.054914474487305], [-16.611183166503906, 14.056485176086426], [-16.610809326171875, 14.06155014038086], [-16.60715103149414, 14.067361831665039], [-16.60635757446289, 14.075193405151367]]}, "properties": {"name": "Temporary stream", "type": "Temporary stream", "couleur": "#90CAF9"}}, {"type": "Feature", "geometry": {"type": "LineString", "coordinates": [[-16.709270477294922, 14.048688888549805], [-16.71639633178711, 14.054117202758789], [-16.718698501586914, 14.057222366333008]]}, "properties": {"name": "Temporary stream", "type": "Temporary stream", "couleur": "#90CAF9"}}, {"type": "Feature", "geometry": {"type": "LineString", "coordinates": [[-14.146334648132324, 14.195446014404297], [-14.153822898864746, 14.190320014953613], [-14.163150787353516, 14.18080997467041], [-14.173341751098633, 14.163247108459473], [-14.178370475769043, 14.147801399230957], [-14.184884071350098, 14.139695167541504], [-14.203618049621582, 14.128946304321289], [-14.218347549438477, 14.118233680725098], [-14.23188304901123, 14.105332374572754], [-14.245869636535645, 14.091998100280762], [-14.259307861328125, 14.070491790771484], [-14.267352104187012, 14.051335334777832], [-14.274362564086914, 14.046210289001465]]}, "properties": {"name": "Temporary stream", "type": "Temporary stream", "couleur": "#90CAF9"}}, {"type": "Feature", "geometry": {"type": "LineString", "coordinates": [[-13.932541847229004, 14.045401573181152], [-13.911151885986328, 14.047050476074219], [-13.889540672302246, 14.059550285339355], [-13.882020950317383, 14.0612211227417], [-13.865920066833496, 14.070623397827148], [-13.864452362060547, 14.071480751037598], [-13.841691970825195, 14.080631256103516], [-13.835382461547852, 14.086198806762695], [-13.834005355834961, 14.090347290039062], [-13.833306312561035, 14.11839485168457], [-13.829676628112793, 14.134514808654785], [-13.819926261901855, 14.150912284851074], [-13.802164077758789, 14.168225288391113], [-13.780213356018066, 14.189613342285156], [-13.764501571655273, 14.198012351989746], [-13.755386352539062, 14.206586837768555], [-13.742828369140625, 14.22622013092041], [-13.741236686706543, 14.23312759399414], [-13.743900299072266, 14.241841316223145], [-13.75296401977539, 14.255101203918457], [-13.757525444030762, 14.265177726745605], [-13.759376525878906, 14.271981239318848], [-13.758092880249023, 14.276664733886719], [-13.754855155944824, 14.284045219421387], [-13.746930122375488, 14.294448852539062], [-13.719551086425781, 14.317872047424316], [-13.709052085876465, 14.330821990966797], [-13.70388412475586, 14.332930564880371], [-13.693129539489746, 14.343583106994629], [-13.680334091186523, 14.364363670349121], [-13.67493724822998, 14.367391586303711], [-13.672258377075195, 14.367728233337402], [-13.667166709899902, 14.368369102478027], [-13.664591789245605, 14.370686531066895], [-13.660684585571289, 14.383125305175781]]}, "properties": {"name": "Temporary stream", "type": "Temporary stream", "couleur": "#90CAF9"}}, {"type": "Feature", "geometry": {"type": "LineString", "coordinates": [[-13.95189380645752, 14.081092834472656], [-13.946455955505371, 14.07861042022705], [-13.941703796386719, 14.073823928833008], [-13.934728622436523, 14.057562828063965], [-13.932541847229004, 14.045401573181152]]}, "properties": {"name": "Temporary stream", "type": "Temporary stream", "couleur": "#90CAF9"}}, {"type": "Feature", "geometry": {"type": "LineString", "coordinates": [[-14.274362564086914, 14.046210289001465], [-14.281643867492676, 14.04453182220459], [-14.285417556762695, 14.045184135437012], [-14.290373802185059, 14.046285629272461], [-14.306234359741211, 14.054636001586914], [-14.313763618469238, 14.054102897644043], [-14.317309379577637, 14.055447578430176]]}, "properties": {"name": "Temporary stream", "type": "Temporary stream", "couleur": "#90CAF9"}}, {"type": "Feature", "geometry": {"type": "LineString", "coordinates": [[-16.709270477294922, 14.048688888549805], [-16.70313262939453, 14.044488906860352], [-16.703187942504883, 14.038416862487793]]}, "properties": {"name": "Temporary stream", "type": "Temporary stream", "couleur": "#90CAF9"}}, {"type": "Feature", "geometry": {"type": "LineString", "coordinates": [[-12.769903182983398, 14.038345336914062], [-12.756014823913574, 14.03863525390625], [-12.741900444030762, 14.040993690490723], [-12.737434387207031, 14.042621612548828], [-12.736506462097168, 14.045613288879395], [-12.721928596496582, 14.049812316894531], [-12.717469215393066, 14.05281925201416], [-12.70452880859375, 14.05471134185791], [-12.693692207336426, 14.053145408630371], [-12.686614990234375, 14.049957275390625]]}, "properties": {"name": "Temporary stream", "type": "Temporary stream", "couleur": "#90CAF9"}}, {"type": "Feature", "geometry": {"type": "LineString", "coordinates": [[-12.761993408203125, 14.05860710144043], [-12.769903182983398, 14.038345336914062]]}, "properties": {"name": "Temporary stream", "type": "Temporary stream", "couleur": "#90CAF9"}}, {"type": "Feature", "geometry": {"type": "LineString", "coordinates": [[-13.409781455993652, 14.037378311157227], [-13.370121955871582, 14.056026458740234]]}, "properties": {"name": "Temporary stream", "type": "Temporary stream", "couleur": "#90CAF9"}}, {"type": "Feature", "geometry": {"type": "LineString", "coordinates": [[-13.409781455993652, 14.037378311157227], [-13.40957260131836, 14.041287422180176], [-13.416952133178711, 14.052732467651367], [-13.418885231018066, 14.059844970703125], [-13.417327880859375, 14.072497367858887], [-13.423656463623047, 14.10164737701416], [-13.425195693969727, 14.119336128234863], [-13.424078941345215, 14.127847671508789], [-13.416646957397461, 14.142607688903809]]}, "properties": {"name": "Temporary stream", "type": "Temporary stream", "couleur": "#90CAF9"}}, {"type": "Feature", "geometry": {"type": "LineString", "coordinates": [[-15.937807083129883, 14.060867309570312], [-15.939056396484375, 14.05455207824707], [-15.93883991241455, 14.051325798034668], [-15.937569618225098, 14.047431945800781], [-15.934479713439941, 14.037614822387695], [-15.933366775512695, 14.034269332885742]]}, "properties": {"name": "Temporary stream", "type": "Temporary stream", "couleur": "#90CAF9"}}, {"type": "Feature", "geometry": {"type": "LineString", "coordinates": [[-16.519468307495117, 14.088231086730957], [-16.51771354675293, 14.082514762878418], [-16.51972007751465, 14.076502799987793], [-16.529621124267578, 14.064373970031738], [-16.53240203857422, 14.049382209777832], [-16.541362762451172, 14.037498474121094], [-16.542705535888672, 14.033796310424805]]}, "properties": {"name": "Temporary stream", "type": "Temporary stream", "couleur": "#90CAF9"}}, {"type": "Feature", "geometry": {"type": "LineString", "coordinates": [[-16.695491790771484, 14.032429695129395], [-16.69069480895996, 14.040103912353516], [-16.689495086669922, 14.05116081237793], [-16.685550689697266, 14.054221153259277], [-16.68161964416504, 14.057971000671387], [-16.680086135864258, 14.063976287841797]]}, "properties": {"name": "Temporary stream", "type": "Temporary stream", "couleur": "#90CAF9"}}, {"type": "Feature", "geometry": {"type": "LineString", "coordinates": [[-16.709270477294922, 14.048688888549805], [-16.717079162597656, 14.040770530700684], [-16.723556518554688, 14.031436920166016], [-16.72700309753418, 14.028717994689941], [-16.728988647460938, 14.029576301574707], [-16.730180740356445, 14.036392211914062], [-16.731220245361328, 14.041431427001953], [-16.736066818237305, 14.048468589782715], [-16.737518310546875, 14.050511360168457], [-16.742706298828125, 14.050875663757324], [-16.747989654541016, 14.044111251831055], [-16.753814697265625, 14.028830528259277], [-16.755268096923828, 14.03087329864502], [-16.75675392150879, 14.046709060668945], [-16.761043548583984, 14.04938793182373], [-16.763469696044922, 14.053021430969238], [-16.766996383666992, 14.052726745605469], [-16.77047348022461, 14.049903869628906], [-16.77869415283203, 14.04883098602295], [-16.78110122680664, 14.051546096801758], [-16.784011840820312, 14.067813873291016], [-16.790058135986328, 14.087932586669922], [-16.79227638244629, 14.092949867248535], [-16.792510986328125, 14.104899406433105], [-16.794023513793945, 14.109929084777832], [-16.793184280395508, 14.115232467651367], [-16.789060592651367, 14.121055603027344], [-16.785341262817383, 14.123653411865234], [-16.776987075805664, 14.13001537322998], [-16.77180290222168, 14.129881858825684], [-16.76726531982422, 14.126747131347656], [-16.766447067260742, 14.121015548706055], [-16.76704978942871, 14.115716934204102], [-16.77138900756836, 14.108738899230957], [-16.772232055664062, 14.103666305541992], [-16.770769119262695, 14.101164817810059], [-16.75428009033203, 14.101009368896484], [-16.738195419311523, 14.097396850585938], [-16.725360870361328, 14.091426849365234], [-16.71283531188965, 14.089127540588379], [-16.70398712158203, 14.082161903381348], [-16.703426361083984, 14.077574729919434], [-16.70549201965332, 14.07477855682373], [-16.710880279541016, 14.0733003616333], [-16.72738265991211, 14.086331367492676], [-16.73635482788086, 14.087546348571777], [-16.74114418029785, 14.091595649719238], [-16.749189376831055, 14.09351634979248], [-16.75766372680664, 14.093360900878906], [-16.760852813720703, 14.087783813476562], [-16.758888244628906, 14.083683013916016], [-16.746274948120117, 14.07580852508545], [-16.753583908081055, 14.077322959899902], [-16.760400772094727, 14.07675838470459], [-16.762950897216797, 14.074641227722168], [-16.76308250427246, 14.069352149963379], [-16.7546329498291, 14.05870246887207], [-16.7496395111084, 14.056265830993652], [-16.718698501586914, 14.057222366333008]]}, "properties": {"name": "Temporary stream", "type": "Temporary stream", "couleur": "#90CAF9"}}, {"type": "Feature", "geometry": {"type": "LineString", "coordinates": [[-16.695491790771484, 14.032429695129395], [-16.699691772460938, 14.03000545501709], [-16.70458221435547, 14.027812004089355]]}, "properties": {"name": "Temporary stream", "type": "Temporary stream", "couleur": "#90CAF9"}}, {"type": "Feature", "geometry": {"type": "LineString", "coordinates": [[-16.697481155395508, 14.050095558166504], [-16.70050621032715, 14.036016464233398], [-16.70277976989746, 14.031906127929688], [-16.70458221435547, 14.027812004089355]]}, "properties": {"name": "Temporary stream", "type": "Temporary stream", "couleur": "#90CAF9"}}, {"type": "Feature", "geometry": {"type": "LineString", "coordinates": [[-15.65895938873291, 14.026906967163086], [-15.6556396484375, 14.055920600891113], [-15.655765533447266, 14.064194679260254], [-15.66020679473877, 14.07723331451416], [-15.65676212310791, 14.098201751708984], [-15.659058570861816, 14.109663009643555], [-15.654582977294922, 14.124899864196777]]}, "properties": {"name": "Temporary stream", "type": "Temporary stream", "couleur": "#90CAF9"}}, {"type": "Feature", "geometry": {"type": "LineString", "coordinates": [[-16.65304183959961, 14.041247367858887], [-16.649795532226562, 14.043834686279297], [-16.647663116455078, 14.043184280395508], [-16.640642166137695, 14.045379638671875], [-16.634822845458984, 14.048933982849121], [-16.627338409423828, 14.051596641540527], [-16.623088836669922, 14.050983428955078], [-16.6220645904541, 14.04663372039795], [-16.62406349182129, 14.040390014648438], [-16.62824058532715, 14.037096977233887], [-16.637907028198242, 14.037842750549316], [-16.642807006835938, 14.035454750061035], [-16.644638061523438, 14.032663345336914], [-16.649314880371094, 14.030969619750977], [-16.65703773498535, 14.02853012084961], [-16.659120559692383, 14.026653289794922], [-16.663387298583984, 14.02818489074707], [-16.665559768676758, 14.030905723571777], [-16.666597366333008, 14.035943984985352], [-16.663625717163086, 14.040596008300781], [-16.65848731994629, 14.042757987976074], [-16.65304183959961, 14.041247367858887]]}, "properties": {"name": "Temporary stream", "type": "Temporary stream", "couleur": "#90CAF9"}}, {"type": "Feature", "geometry": {"type": "LineString", "coordinates": [[-12.577180862426758, 14.060490608215332], [-12.57217025756836, 14.043728828430176], [-12.567672729492188, 14.037538528442383], [-12.562251091003418, 14.03594970703125], [-12.554933547973633, 14.030688285827637], [-12.546448707580566, 14.028190612792969], [-12.532794952392578, 14.02846908569336], [-12.526429176330566, 14.025732040405273], [-12.493234634399414, 14.025156021118164]]}, "properties": {"name": "Temporary stream", "type": "Temporary stream", "couleur": "#90CAF9"}}, {"type": "Feature", "geometry": {"type": "LineString", "coordinates": [[-16.70458221435547, 14.027812004089355], [-16.709957122802734, 14.024114608764648]]}, "properties": {"name": "Temporary stream", "type": "Temporary stream", "couleur": "#90CAF9"}}, {"type": "Feature", "geometry": {"type": "LineString", "coordinates": [[-16.703187942504883, 14.038416862487793], [-16.709957122802734, 14.024114608764648]]}, "properties": {"name": "Temporary stream", "type": "Temporary stream", "couleur": "#90CAF9"}}, {"type": "Feature", "geometry": {"type": "LineString", "coordinates": [[-16.519468307495117, 14.088231086730957], [-16.538433074951172, 14.069735527038574], [-16.583093643188477, 14.040435791015625], [-16.585588455200195, 14.035333633422852], [-16.585283279418945, 14.031660079956055], [-16.575481414794922, 14.023788452148438], [-16.560928344726562, 14.026116371154785], [-16.552539825439453, 14.030862808227539], [-16.546951293945312, 14.034180641174316], [-16.542705535888672, 14.033796310424805]]}, "properties": {"name": "Temporary stream", "type": "Temporary stream", "couleur": "#90CAF9"}}, {"type": "Feature", "geometry": {"type": "LineString", "coordinates": [[-12.191779136657715, 14.066459655761719], [-12.191996574401855, 14.059563636779785], [-12.196889877319336, 14.03978443145752], [-12.194522857666016, 14.034502983093262], [-12.178955078125, 14.022584915161133]]}, "properties": {"name": "Faleme", "type": "Secondary river", "couleur": "#1976D2"}}, {"type": "Feature", "geometry": {"type": "LineString", "coordinates": [[-16.542705535888672, 14.033796310424805], [-16.538923263549805, 14.032943725585938], [-16.530324935913086, 14.026429176330566], [-16.523956298828125, 14.025851249694824], [-16.51010513305664, 14.027935028076172], [-16.501956939697266, 14.02026081085205]]}, "properties": {"name": "Temporary stream", "type": "Temporary stream", "couleur": "#90CAF9"}}, {"type": "Feature", "geometry": {"type": "LineString", "coordinates": [[-16.542705535888672, 14.033796310424805], [-16.543819427490234, 14.030328750610352], [-16.55147361755371, 14.024215698242188], [-16.56525230407715, 14.018223762512207]]}, "properties": {"name": "Temporary stream", "type": "Temporary stream", "couleur": "#90CAF9"}}, {"type": "Feature", "geometry": {"type": "LineString", "coordinates": [[-15.933366775512695, 14.034269332885742], [-15.925455093383789, 14.025656700134277], [-15.918792724609375, 14.021391868591309], [-15.909355163574219, 14.020158767700195], [-15.902189254760742, 14.013832092285156]]}, "properties": {"name": "Temporary stream", "type": "Temporary stream", "couleur": "#90CAF9"}}, {"type": "Feature", "geometry": {"type": "LineString", "coordinates": [[-16.408811569213867, 14.063950538635254], [-16.427583694458008, 14.060409545898438], [-16.437231063842773, 14.060012817382812], [-16.459918975830078, 14.064446449279785], [-16.47074317932129, 14.064027786254883], [-16.477275848388672, 14.06069564819336], [-16.487167358398438, 14.048108100891113], [-16.49311637878418, 14.013289451599121]]}, "properties": {"name": "Temporary stream", "type": "Temporary stream", "couleur": "#90CAF9"}}, {"type": "Feature", "geometry": {"type": "LineString", "coordinates": [[-16.501956939697266, 14.02026081085205], [-16.49311637878418, 14.013289451599121]]}, "properties": {"name": "Temporary stream", "type": "Temporary stream", "couleur": "#90CAF9"}}, {"type": "Feature", "geometry": {"type": "LineString", "coordinates": [[-12.060521125793457, 14.010872840881348], [-12.076297760009766, 14.013141632080078], [-12.093259811401367, 14.019085884094238], [-12.098685264587402, 14.024362564086914], [-12.107425689697266, 14.038135528564453], [-12.115204811096191, 14.042717933654785], [-12.147286415100098, 14.069315910339355], [-12.155302047729492, 14.073665618896484], [-12.15954303741455, 14.074806213378906], [-12.164956092834473, 14.074105262756348], [-12.165836334228516, 14.073594093322754], [-12.175301551818848, 14.068105697631836], [-12.191779136657715, 14.066459655761719]]}, "properties": {"name": "Temporary stream", "type": "Temporary stream", "couleur": "#90CAF9"}}, {"type": "Feature", "geometry": {"type": "LineString", "coordinates": [[-14.192085266113281, 14.011592864990234], [-14.197514533996582, 14.013152122497559], [-14.221738815307617, 14.010854721069336], [-14.22528076171875, 14.011969566345215], [-14.230923652648926, 14.011226654052734], [-14.246034622192383, 14.015680313110352], [-14.25101089477539, 14.018851280212402], [-14.274362564086914, 14.046210289001465]]}, "properties": {"name": "Temporary stream", "type": "Temporary stream", "couleur": "#90CAF9"}}, {"type": "Feature", "geometry": {"type": "LineString", "coordinates": [[-13.130739212036133, 14.105050086975098], [-13.149237632751465, 14.087937355041504], [-13.159563064575195, 14.082131385803223], [-13.165183067321777, 14.077042579650879], [-13.197837829589844, 14.065361022949219], [-13.203692436218262, 14.060269355773926], [-13.215094566345215, 14.039055824279785], [-13.229226112365723, 14.029402732849121], [-13.244627952575684, 14.018880844116211], [-13.261102676391602, 14.01832103729248], [-13.270963668823242, 14.01435375213623], [-13.279634475708008, 14.008323669433594], [-13.300840377807617, 14.011411666870117], [-13.315052032470703, 14.02442455291748], [-13.3204927444458, 14.028298377990723], [-13.326864242553711, 14.030557632446289], [-13.34514331817627, 14.032774925231934], [-13.35207462310791, 14.033616065979004], [-13.357759475708008, 14.038406372070312], [-13.370121955871582, 14.056026458740234]]}, "properties": {"name": "Temporary stream", "type": "Temporary stream", "couleur": "#90CAF9"}}, {"type": "Feature", "geometry": {"type": "LineString", "coordinates": [[-14.771363258361816, 14.006030082702637], [-14.755928039550781, 14.014481544494629], [-14.752685546875, 14.01888656616211], [-14.74652099609375, 14.034817695617676], [-14.732346534729004, 14.050378799438477], [-14.720999717712402, 14.066368103027344], [-14.711155891418457, 14.070157051086426], [-14.683416366577148, 14.093913078308105], [-14.651151657104492, 14.113807678222656]]}, "properties": {"name": "Temporary stream", "type": "Temporary stream", "couleur": "#90CAF9"}}, {"type": "Feature", "geometry": {"type": "LineString", "coordinates": [[-12.769903182983398, 14.038345336914062], [-12.777091026306152, 14.014867782592773], [-12.782453536987305, 14.00381088256836]]}, "properties": {"name": "Temporary stream", "type": "Temporary stream", "couleur": "#90CAF9"}}, {"type": "Feature", "geometry": {"type": "LineString", "coordinates": [[-16.709957122802734, 14.024114608764648], [-16.718517303466797, 14.017754554748535], [-16.721967697143555, 14.01355266571045], [-16.722824096679688, 14.009169578552246], [-16.71902847290039, 14.00762939453125], [-16.701496124267578, 14.01415729522705], [-16.69632339477539, 14.014481544494629], [-16.685909271240234, 14.011683464050293], [-16.666589736938477, 13.998700141906738], [-16.651018142700195, 13.996912956237793], [-16.633148193359375, 13.998154640197754], [-16.627344131469727, 14.002397537231445], [-16.6212215423584, 14.014693260192871], [-16.615297317504883, 14.025145530700684], [-16.607234954833984, 14.034485816955566], [-16.60420036315918, 14.035919189453125], [-16.59432601928711, 14.049201011657715]]}, "properties": {"name": "Temporary stream", "type": "Temporary stream", "couleur": "#90CAF9"}}, {"type": "Feature", "geometry": {"type": "LineString", "coordinates": [[-16.55328369140625, 13.99521541595459], [-16.546092987060547, 14.000860214233398], [-16.545194625854492, 14.003175735473633], [-16.548330307006836, 14.007257461547852], [-16.56525230407715, 14.018223762512207]]}, "properties": {"name": "Temporary stream", "type": "Temporary stream", "couleur": "#90CAF9"}}, {"type": "Feature", "geometry": {"type": "LineString", "coordinates": [[-14.665229797363281, 14.069289207458496], [-14.673542976379395, 14.055404663085938], [-14.677180290222168, 14.044330596923828], [-14.679620742797852, 14.031660079956055], [-14.677102088928223, 14.01766586303711], [-14.678746223449707, 13.997417449951172], [-14.680131912231445, 13.99510383605957]]}, "properties": {"name": "Temporary stream", "type": "Temporary stream", "couleur": "#90CAF9"}}, {"type": "Feature", "geometry": {"type": "LineString", "coordinates": [[-16.735958099365234, 13.994443893432617], [-16.732341766357422, 14.0142822265625], [-16.729415893554688, 14.021232604980469], [-16.724851608276367, 14.028674125671387], [-16.707841873168945, 14.037951469421387], [-16.703187942504883, 14.038416862487793]]}, "properties": {"name": "Temporary stream", "type": "Temporary stream", "couleur": "#90CAF9"}}, {"type": "Feature", "geometry": {"type": "LineString", "coordinates": [[-16.56525230407715, 14.018223762512207], [-16.574161529541016, 14.01622486114502], [-16.584644317626953, 14.01029109954834], [-16.588510513305664, 14.003094673156738], [-16.5870304107666, 13.999442100524902], [-16.582489013671875, 13.995844841003418], [-16.577037811279297, 13.99387264251709], [-16.571388244628906, 13.993974685668945], [-16.55328369140625, 13.99521541595459]]}, "properties": {"name": "Temporary stream", "type": "Temporary stream", "couleur": "#90CAF9"}}, {"type": "Feature", "geometry": {"type": "LineString", "coordinates": [[-14.436406135559082, 14.203201293945312], [-14.467015266418457, 14.180360794067383], [-14.475139617919922, 14.169473648071289], [-14.50045108795166, 14.157947540283203], [-14.504392623901367, 14.152389526367188], [-14.507756233215332, 14.137184143066406], [-14.514385223388672, 14.119185447692871], [-14.514105796813965, 14.115281105041504], [-14.514728546142578, 14.112648010253906], [-14.517704010009766, 14.100072860717773], [-14.517112731933594, 14.089275360107422], [-14.518905639648438, 14.08121109008789], [-14.517677307128906, 14.07662582397461], [-14.52133846282959, 14.067163467407227], [-14.525724411010742, 14.059301376342773], [-14.531314849853516, 14.053956031799316], [-14.558878898620605, 14.03458309173584], [-14.577977180480957, 14.016448974609375], [-14.579922676086426, 14.013160705566406], [-14.589062690734863, 13.997709274291992], [-14.589007377624512, 13.993258476257324]]}, "properties": {"name": "Temporary stream", "type": "Temporary stream", "couleur": "#90CAF9"}}, {"type": "Feature", "geometry": {"type": "LineString", "coordinates": [[-14.589007377624512, 13.993258476257324], [-14.648332595825195, 13.993386268615723], [-14.655891418457031, 13.995601654052734], [-14.666255950927734, 13.996176719665527], [-14.671652793884277, 13.99473762512207], [-14.680131912231445, 13.99510383605957]]}, "properties": {"name": "Temporary stream", "type": "Temporary stream", "couleur": "#90CAF9"}}, {"type": "Feature", "geometry": {"type": "LineString", "coordinates": [[-16.719684600830078, 13.992903709411621], [-16.711355209350586, 13.998665809631348], [-16.698055267333984, 13.998870849609375], [-16.68915557861328, 13.996910095214844], [-16.68414306640625, 13.99332332611084]]}, "properties": {"name": "Temporary stream", "type": "Temporary stream", "couleur": "#90CAF9"}}, {"type": "Feature", "geometry": {"type": "LineString", "coordinates": [[-16.719684600830078, 13.992903709411621], [-16.72208595275879, 13.99538803100586], [-16.725873947143555, 13.996468544006348], [-16.735958099365234, 13.994443893432617]]}, "properties": {"name": "Temporary stream", "type": "Temporary stream", "couleur": "#90CAF9"}}, {"type": "Feature", "geometry": {"type": "LineString", "coordinates": [[-14.317309379577637, 14.055447578430176], [-14.334405899047852, 14.046773910522461], [-14.348499298095703, 14.043645858764648], [-14.359747886657715, 14.03870677947998], [-14.382636070251465, 14.021467208862305], [-14.403338432312012, 13.998270988464355], [-14.412225723266602, 13.99289321899414]]}, "properties": {"name": "Temporary stream", "type": "Temporary stream", "couleur": "#90CAF9"}}, {"type": "Feature", "geometry": {"type": "LineString", "coordinates": [[-15.046528816223145, 14.09332275390625], [-15.065147399902344, 14.094470977783203], [-15.077430725097656, 14.097306251525879], [-15.087775230407715, 14.096027374267578], [-15.090107917785645, 14.094388961791992], [-15.09695053100586, 14.095452308654785], [-15.123218536376953, 14.105005264282227], [-15.133356094360352, 14.105795860290527], [-15.151728630065918, 14.106021881103516], [-15.171965599060059, 14.09920883178711], [-15.17728042602539, 14.097418785095215], [-15.185044288635254, 14.0968599319458], [-15.200013160705566, 14.106550216674805], [-15.20431137084961, 14.110861778259277], [-15.21922779083252, 14.116645812988281], [-15.228178977966309, 14.116758346557617], [-15.238189697265625, 14.108352661132812], [-15.249894142150879, 14.0863618850708], [-15.247812271118164, 14.072136878967285], [-15.249571800231934, 14.063149452209473], [-15.25162124633789, 14.059510231018066], [-15.254396438598633, 14.054579734802246], [-15.267616271972656, 14.040154457092285], [-15.284029960632324, 14.01855754852295], [-15.309236526489258, 14.003049850463867], [-15.32282543182373, 13.99850082397461], [-15.32886028289795, 13.992443084716797]]}, "properties": {"name": "Temporary stream", "type": "Temporary stream", "couleur": "#90CAF9"}}, {"type": "Feature", "geometry": {"type": "LineString", "coordinates": [[-12.347384452819824, 14.058706283569336], [-12.35254955291748, 14.05432415008545], [-12.358899116516113, 14.051777839660645], [-12.373018264770508, 14.049668312072754], [-12.382648468017578, 14.042513847351074], [-12.392950057983398, 14.025243759155273], [-12.41943359375, 13.99068546295166]]}, "properties": {"name": "Temporary stream", "type": "Temporary stream", "couleur": "#90CAF9"}}, {"type": "Feature", "geometry": {"type": "LineString", "coordinates": [[-16.501956939697266, 14.02026081085205], [-16.508705139160156, 14.016003608703613], [-16.51270294189453, 14.015704154968262], [-16.517473220825195, 14.019068717956543], [-16.522857666015625, 14.017365455627441], [-16.533071517944336, 14.009596824645996], [-16.533742904663086, 14.007746696472168], [-16.531034469604492, 14.00135612487793], [-16.5356502532959, 13.996447563171387], [-16.54448699951172, 13.990543365478516]]}, "properties": {"name": "Temporary stream", "type": "Temporary stream", "couleur": "#90CAF9"}}, {"type": "Feature", "geometry": {"type": "LineString", "coordinates": [[-16.54448699951172, 13.990543365478516], [-16.548086166381836, 13.994157791137695], [-16.55328369140625, 13.99521541595459]]}, "properties": {"name": "Temporary stream", "type": "Temporary stream", "couleur": "#90CAF9"}}, {"type": "Feature", "geometry": {"type": "LineString", "coordinates": [[-14.56752872467041, 13.987825393676758], [-14.577902793884277, 13.989324569702148], [-14.589007377624512, 13.993258476257324]]}, "properties": {"name": "Temporary stream", "type": "Temporary stream", "couleur": "#90CAF9"}}, {"type": "Feature", "geometry": {"type": "LineString", "coordinates": [[-16.586566925048828, 13.99017333984375], [-16.574310302734375, 13.986565589904785], [-16.561866760253906, 13.988395690917969]]}, "properties": {"name": "Temporary stream", "type": "Temporary stream", "couleur": "#90CAF9"}}, {"type": "Feature", "geometry": {"type": "LineString", "coordinates": [[-16.650318145751953, 13.984970092773438], [-16.646095275878906, 13.985736846923828], [-16.641000747680664, 13.99019718170166], [-16.643882751464844, 13.993133544921875], [-16.65044593811035, 13.9916353225708], [-16.662696838378906, 13.992103576660156], [-16.6645450592041, 13.990230560302734], [-16.659305572509766, 13.987107276916504], [-16.650318145751953, 13.984970092773438]]}, "properties": {"name": "Temporary stream", "type": "Temporary stream", "couleur": "#90CAF9"}}, {"type": "Feature", "geometry": {"type": "LineString", "coordinates": [[-14.412225723266602, 13.99289321899414], [-14.431676864624023, 13.984878540039062], [-14.438742637634277, 13.98526668548584], [-14.455506324768066, 13.989921569824219], [-14.468433380126953, 13.988179206848145], [-14.503034591674805, 13.988048553466797], [-14.511487007141113, 13.98612117767334], [-14.538965225219727, 13.986957550048828], [-14.56752872467041, 13.987825393676758]]}, "properties": {"name": "Temporary stream", "type": "Temporary stream", "couleur": "#90CAF9"}}, {"type": "Feature", "geometry": {"type": "LineString", "coordinates": [[-14.680131912231445, 13.99510383605957], [-14.687811851501465, 13.987662315368652], [-14.69483470916748, 13.984365463256836], [-14.70683479309082, 13.984001159667969], [-14.725519180297852, 13.991377830505371], [-14.747784614562988, 14.002849578857422], [-14.75745677947998, 14.004579544067383], [-14.76077938079834, 14.006840705871582], [-14.771363258361816, 14.006030082702637]]}, "properties": {"name": "Temporary stream", "type": "Temporary stream", "couleur": "#90CAF9"}}, {"type": "Feature", "geometry": {"type": "LineString", "coordinates": [[-16.593482971191406, 13.982157707214355], [-16.588619232177734, 13.988107681274414], [-16.586566925048828, 13.99017333984375]]}, "properties": {"name": "Temporary stream", "type": "Temporary stream", "couleur": "#90CAF9"}}, {"type": "Feature", "geometry": {"type": "LineString", "coordinates": [[-16.444028854370117, 13.981269836425781], [-16.43477439880371, 13.990165710449219], [-16.4279842376709, 13.992122650146484], [-16.419023513793945, 13.991357803344727], [-16.410593032836914, 13.993802070617676], [-16.404197692871094, 13.99161434173584]]}, "properties": {"name": "Temporary stream", "type": "Temporary stream", "couleur": "#90CAF9"}}, {"type": "Feature", "geometry": {"type": "LineString", "coordinates": [[-16.66227912902832, 13.979818344116211], [-16.68414306640625, 13.99332332611084]]}, "properties": {"name": "Temporary stream", "type": "Temporary stream", "couleur": "#90CAF9"}}, {"type": "Feature", "geometry": {"type": "LineString", "coordinates": [[-14.771363258361816, 14.006030082702637], [-14.77630615234375, 14.005973815917969], [-14.790826797485352, 13.99983024597168], [-14.800616264343262, 13.991901397705078], [-14.819326400756836, 13.982029914855957], [-14.823490142822266, 13.976004600524902]]}, "properties": {"name": "Temporary stream", "type": "Temporary stream", "couleur": "#90CAF9"}}, {"type": "Feature", "geometry": {"type": "LineString", "coordinates": [[-14.823490142822266, 13.976004600524902], [-14.82646656036377, 13.988383293151855], [-14.831278800964355, 13.996832847595215], [-14.84323787689209, 14.012096405029297], [-14.846162796020508, 14.020108222961426], [-14.844416618347168, 14.03116226196289], [-14.826369285583496, 14.075967788696289], [-14.823495864868164, 14.09117317199707], [-14.823615074157715, 14.092643737792969], [-14.824051856994629, 14.098063468933105], [-14.830842971801758, 14.114073753356934], [-14.83185863494873, 14.120038986206055]]}, "properties": {"name": "Temporary stream", "type": "Temporary stream", "couleur": "#90CAF9"}}, {"type": "Feature", "geometry": {"type": "LineString", "coordinates": [[-12.348535537719727, 13.975032806396484], [-12.345035552978516, 13.984696388244629], [-12.336825370788574, 13.993684768676758], [-12.329803466796875, 14.00634765625], [-12.327239036560059, 14.01508903503418], [-12.32680606842041, 14.02750301361084], [-12.32846736907959, 14.032095909118652], [-12.339327812194824, 14.042180061340332], [-12.347384452819824, 14.058706283569336]]}, "properties": {"name": "Temporary stream", "type": "Temporary stream", "couleur": "#90CAF9"}}, {"type": "Feature", "geometry": {"type": "LineString", "coordinates": [[-16.624961853027344, 13.973458290100098], [-16.624013900756836, 13.988204002380371], [-16.61962890625, 13.992880821228027], [-16.605329513549805, 13.996127128601074], [-16.59731101989746, 13.99535083770752], [-16.587566375732422, 13.990466117858887], [-16.586566925048828, 13.99017333984375]]}, "properties": {"name": "Temporary stream", "type": "Temporary stream", "couleur": "#90CAF9"}}, {"type": "Feature", "geometry": {"type": "LineString", "coordinates": [[-12.093175888061523, 13.98046875], [-12.125639915466309, 13.973278045654297], [-12.17106819152832, 13.974101066589355], [-12.187789916992188, 13.978431701660156], [-12.190855026245117, 13.980722427368164], [-12.193929672241211, 13.986462593078613], [-12.194650650024414, 13.992437362670898], [-12.19278335571289, 13.998648643493652], [-12.189030647277832, 14.00394344329834], [-12.186297416687012, 14.006121635437012], [-12.181512832641602, 14.009937286376953], [-12.171165466308594, 14.013407707214355], [-12.169290542602539, 14.01732063293457], [-12.173539161682129, 14.021907806396484], [-12.178955078125, 14.022584915161133]]}, "properties": {"name": "Temporary stream", "type": "Temporary stream", "couleur": "#90CAF9"}}, {"type": "Feature", "geometry": {"type": "LineString", "coordinates": [[-16.593482971191406, 13.982157707214355], [-16.595664978027344, 13.982965469360352], [-16.60222816467285, 13.981468200683594], [-16.613361358642578, 13.972762107849121], [-16.624961853027344, 13.973458290100098]]}, "properties": {"name": "Temporary stream", "type": "Temporary stream", "couleur": "#90CAF9"}}, {"type": "Feature", "geometry": {"type": "LineString", "coordinates": [[-16.489051818847656, 13.971748352050781], [-16.483673095703125, 13.973681449890137], [-16.48150634765625, 13.983835220336914], [-16.47788429260254, 13.991715431213379], [-16.474401473999023, 13.994304656982422], [-16.46104621887207, 13.997756004333496]]}, "properties": {"name": "Temporary stream", "type": "Temporary stream", "couleur": "#90CAF9"}}, {"type": "Feature", "geometry": {"type": "LineString", "coordinates": [[-16.489051818847656, 13.971748352050781], [-16.49640655517578, 13.974838256835938], [-16.49859619140625, 13.978708267211914], [-16.498424530029297, 13.982158660888672], [-16.495073318481445, 13.991874694824219], [-16.484058380126953, 14.007241249084473], [-16.482473373413086, 14.010716438293457], [-16.480443954467773, 14.015580177307129], [-16.481245040893555, 14.020624160766602], [-16.479572296142578, 14.044793128967285], [-16.470813751220703, 14.055061340332031], [-16.465198516845703, 14.056997299194336], [-16.454618453979492, 14.05787181854248], [-16.439496994018555, 14.055145263671875], [-16.425830841064453, 14.054693222045898], [-16.415285110473633, 14.057403564453125], [-16.410390853881836, 14.060246467590332], [-16.408811569213867, 14.063950538635254]]}, "properties": {"name": "Temporary stream", "type": "Temporary stream", "couleur": "#90CAF9"}}, {"type": "Feature", "geometry": {"type": "LineString", "coordinates": [[-12.725568771362305, 13.969573974609375], [-12.734539985656738, 13.97574234008789], [-12.748017311096191, 13.989018440246582], [-12.76099967956543, 13.996777534484863], [-12.76809024810791, 14.00295352935791], [-12.782453536987305, 14.00381088256836]]}, "properties": {"name": "Temporary stream", "type": "Temporary stream", "couleur": "#90CAF9"}}, {"type": "Feature", "geometry": {"type": "LineString", "coordinates": [[-16.62854766845703, 13.968862533569336], [-16.62595558166504, 13.971183776855469], [-16.624961853027344, 13.973458290100098]]}, "properties": {"name": "Temporary stream", "type": "Temporary stream", "couleur": "#90CAF9"}}, {"type": "Feature", "geometry": {"type": "LineString", "coordinates": [[-14.412225723266602, 13.99289321899414], [-14.389851570129395, 13.991740226745605], [-14.38158893585205, 13.989524841308594], [-14.364518165588379, 13.977972030639648], [-14.347067832946777, 13.974926948547363], [-14.338554382324219, 13.97110366821289], [-14.325756072998047, 13.962723731994629]]}, "properties": {"name": "Temporary stream", "type": "Temporary stream", "couleur": "#90CAF9"}}, {"type": "Feature", "geometry": {"type": "LineString", "coordinates": [[-16.68414306640625, 13.99332332611084], [-16.685205459594727, 13.987326622009277], [-16.677520751953125, 13.967233657836914], [-16.679058074951172, 13.961458206176758]]}, "properties": {"name": "Temporary stream", "type": "Temporary stream", "couleur": "#90CAF9"}}, {"type": "Feature", "geometry": {"type": "LineString", "coordinates": [[-16.66227912902832, 13.979818344116211], [-16.636089324951172, 13.979479789733887], [-16.635303497314453, 13.975356101989746], [-16.637317657470703, 13.969801902770996], [-16.643613815307617, 13.96669864654541], [-16.645639419555664, 13.961834907531738], [-16.643882751464844, 13.9561185836792], [-16.640827178955078, 13.956403732299805], [-16.635826110839844, 13.965689659118652], [-16.62854766845703, 13.968862533569336]]}, "properties": {"name": "Temporary stream", "type": "Temporary stream", "couleur": "#90CAF9"}}, {"type": "Feature", "geometry": {"type": "LineString", "coordinates": [[-16.601736068725586, 13.955496788024902], [-16.599796295166016, 13.964958190917969], [-16.598920822143555, 13.968421936035156], [-16.593482971191406, 13.982157707214355]]}, "properties": {"name": "Temporary stream", "type": "Temporary stream", "couleur": "#90CAF9"}}, {"type": "Feature", "geometry": {"type": "LineString", "coordinates": [[-16.62854766845703, 13.968862533569336], [-16.618579864501953, 13.95975399017334], [-16.616130828857422, 13.957274436950684], [-16.614473342895508, 13.956878662109375], [-16.601736068725586, 13.955496788024902]]}, "properties": {"name": "Temporary stream", "type": "Temporary stream", "couleur": "#90CAF9"}}, {"type": "Feature", "geometry": {"type": "LineString", "coordinates": [[-16.507095336914062, 13.9546480178833], [-16.500219345092773, 13.964654922485352], [-16.499380111694336, 13.97018814086914], [-16.504520416259766, 13.993547439575195], [-16.49311637878418, 14.013289451599121]]}, "properties": {"name": "Temporary stream", "type": "Temporary stream", "couleur": "#90CAF9"}}, {"type": "Feature", "geometry": {"type": "LineString", "coordinates": [[-12.552271842956543, 13.951394081115723], [-12.556991577148438, 13.954824447631836], [-12.571131706237793, 13.959601402282715], [-12.59538745880127, 13.963190078735352], [-12.618246078491211, 13.970231056213379], [-12.622492790222168, 13.972743034362793], [-12.634735107421875, 13.97338581085205], [-12.640625953674316, 13.975202560424805], [-12.65710735321045, 13.976517677307129], [-12.677245140075684, 13.976326942443848], [-12.698766708374023, 13.976119995117188], [-12.725568771362305, 13.969573974609375]]}, "properties": {"name": "Temporary stream", "type": "Temporary stream", "couleur": "#90CAF9"}}, {"type": "Feature", "geometry": {"type": "LineString", "coordinates": [[-16.602115631103516, 13.950661659240723], [-16.601736068725586, 13.955496788024902]]}, "properties": {"name": "Temporary stream", "type": "Temporary stream", "couleur": "#90CAF9"}}, {"type": "Feature", "geometry": {"type": "LineString", "coordinates": [[-16.489051818847656, 13.971748352050781], [-16.488725662231445, 13.966925621032715], [-16.490724563598633, 13.960453033447266], [-16.496427536010742, 13.949399948120117]]}, "properties": {"name": "Temporary stream", "type": "Temporary stream", "couleur": "#90CAF9"}}, {"type": "Feature", "geometry": {"type": "LineString", "coordinates": [[-13.962143898010254, 13.965611457824707], [-13.98889446258545, 13.95687484741211], [-13.995686531066895, 13.953368186950684], [-14.004846572875977, 13.951218605041504], [-14.018256187438965, 13.950641632080078], [-14.02879810333252, 13.946176528930664]]}, "properties": {"name": "Temporary stream", "type": "Temporary stream", "couleur": "#90CAF9"}}, {"type": "Feature", "geometry": {"type": "LineString", "coordinates": [[-14.02879810333252, 13.946176528930664], [-14.03044605255127, 13.945476531982422], [-14.029075622558594, 13.949856758117676], [-14.01684284210205, 13.97571086883545], [-14.00316047668457, 13.997669219970703], [-13.986165046691895, 14.018275260925293], [-13.976593971252441, 14.027092933654785], [-13.968392372131348, 14.03130054473877], [-13.95174789428711, 14.037848472595215], [-13.932541847229004, 14.045401573181152]]}, "properties": {"name": "Temporary stream", "type": "Temporary stream", "couleur": "#90CAF9"}}, {"type": "Feature", "geometry": {"type": "LineString", "coordinates": [[-16.444028854370117, 13.981269836425781], [-16.445722579956055, 13.970894813537598], [-16.442447662353516, 13.959226608276367], [-16.441804885864258, 13.949810981750488], [-16.443775177001953, 13.941729545593262]]}, "properties": {"name": "Temporary stream", "type": "Temporary stream", "couleur": "#90CAF9"}}, {"type": "Feature", "geometry": {"type": "LineString", "coordinates": [[-16.458127975463867, 13.941479682922363], [-16.454370498657227, 13.942005157470703], [-16.45049285888672, 13.94874095916748], [-16.4489688873291, 13.95543384552002], [-16.452335357666016, 13.972159385681152], [-16.451217651367188, 13.975397109985352], [-16.444028854370117, 13.981269836425781]]}, "properties": {"name": "Temporary stream", "type": "Temporary stream", "couleur": "#90CAF9"}}, {"type": "Feature", "geometry": {"type": "LineString", "coordinates": [[-16.5418758392334, 13.93908977508545], [-16.54037094116211, 13.946703910827637], [-16.544837951660156, 13.959039688110352], [-16.547338485717773, 13.979456901550293], [-16.552650451660156, 13.986490249633789], [-16.55692481994629, 13.988483428955078], [-16.561866760253906, 13.988395690917969]]}, "properties": {"name": "Temporary stream", "type": "Temporary stream", "couleur": "#90CAF9"}}, {"type": "Feature", "geometry": {"type": "LineString", "coordinates": [[-16.561866760253906, 13.988395690917969], [-16.559602737426758, 13.980619430541992], [-16.561120986938477, 13.955965995788574], [-16.548789978027344, 13.943795204162598], [-16.5418758392334, 13.93908977508545]]}, "properties": {"name": "Temporary stream", "type": "Temporary stream", "couleur": "#90CAF9"}}, {"type": "Feature", "geometry": {"type": "LineString", "coordinates": [[-16.485849380493164, 13.93869686126709], [-16.488048553466797, 13.943026542663574], [-16.491172790527344, 13.946599960327148], [-16.496427536010742, 13.949399948120117]]}, "properties": {"name": "Temporary stream", "type": "Temporary stream", "couleur": "#90CAF9"}}, {"type": "Feature", "geometry": {"type": "LineString", "coordinates": [[-16.66447639465332, 13.937582015991211], [-16.666141510009766, 13.938470840454102], [-16.67424201965332, 13.95579719543457], [-16.679058074951172, 13.961458206176758]]}, "properties": {"name": "Temporary stream", "type": "Temporary stream", "couleur": "#90CAF9"}}, {"type": "Feature", "geometry": {"type": "LineString", "coordinates": [[-16.458127975463867, 13.941479682922363], [-16.465721130371094, 13.944796562194824], [-16.471118927001953, 13.944012641906738], [-16.480173110961914, 13.937187194824219], [-16.485849380493164, 13.93869686126709]]}, "properties": {"name": "Temporary stream", "type": "Temporary stream", "couleur": "#90CAF9"}}, {"type": "Feature", "geometry": {"type": "LineString", "coordinates": [[-16.61903953552246, 13.937023162841797], [-16.61236000061035, 13.944729804992676], [-16.602115631103516, 13.950661659240723]]}, "properties": {"name": "Temporary stream", "type": "Temporary stream", "couleur": "#90CAF9"}}, {"type": "Feature", "geometry": {"type": "LineString", "coordinates": [[-16.452106475830078, 13.933998107910156], [-16.443775177001953, 13.941729545593262]]}, "properties": {"name": "Temporary stream", "type": "Temporary stream", "couleur": "#90CAF9"}}, {"type": "Feature", "geometry": {"type": "LineString", "coordinates": [[-16.613788604736328, 13.933208465576172], [-16.61903953552246, 13.937023162841797]]}, "properties": {"name": "Temporary stream", "type": "Temporary stream", "couleur": "#90CAF9"}}, {"type": "Feature", "geometry": {"type": "LineString", "coordinates": [[-16.64720344543457, 13.932836532592773], [-16.644166946411133, 13.934041023254395], [-16.64210319519043, 13.936837196350098], [-16.64357566833496, 13.940030097961426], [-16.648059844970703, 13.940638542175293], [-16.659753799438477, 13.936749458312988], [-16.66447639465332, 13.937582015991211]]}, "properties": {"name": "Temporary stream", "type": "Temporary stream", "couleur": "#90CAF9"}}, {"type": "Feature", "geometry": {"type": "LineString", "coordinates": [[-16.69610023498535, 13.929649353027344], [-16.692867279052734, 13.932927131652832], [-16.69152069091797, 13.948586463928223], [-16.69066047668457, 13.952740669250488], [-16.68743133544922, 13.956247329711914], [-16.679058074951172, 13.961458206176758]]}, "properties": {"name": "Temporary stream", "type": "Temporary stream", "couleur": "#90CAF9"}}, {"type": "Feature", "geometry": {"type": "LineString", "coordinates": [[-16.496427536010742, 13.949399948120117], [-16.49917221069336, 13.946279525756836], [-16.506860733032227, 13.929361343383789], [-16.506128311157227, 13.927995681762695]]}, "properties": {"name": "Temporary stream", "type": "Temporary stream", "couleur": "#90CAF9"}}, {"type": "Feature", "geometry": {"type": "LineString", "coordinates": [[-15.901491165161133, 13.927861213684082], [-15.908600807189941, 13.94522476196289], [-15.915037155151367, 13.950182914733887], [-15.935383796691895, 13.956533432006836], [-15.947256088256836, 13.962785720825195], [-15.967850685119629, 13.969820976257324], [-15.99709701538086, 13.97326946258545], [-16.009414672851562, 13.977903366088867], [-16.012134552001953, 13.977526664733887], [-16.015050888061523, 13.977123260498047], [-16.019241333007812, 13.974299430847168], [-16.022409439086914, 13.966662406921387], [-16.029752731323242, 13.955510139465332], [-16.03898811340332, 13.94478702545166]]}, "properties": {"name": "Temporary stream", "type": "Temporary stream", "couleur": "#90CAF9"}}, {"type": "Feature", "geometry": {"type": "LineString", "coordinates": [[-16.54871940612793, 13.926374435424805], [-16.556896209716797, 13.935494422912598], [-16.56536293029785, 13.936373710632324], [-16.571819305419922, 13.941777229309082], [-16.578001022338867, 13.94511604309082], [-16.59116554260254, 13.944190979003906], [-16.597553253173828, 13.945915222167969], [-16.602115631103516, 13.950661659240723]]}, "properties": {"name": "Temporary stream", "type": "Temporary stream", "couleur": "#90CAF9"}}, {"type": "Feature", "geometry": {"type": "LineString", "coordinates": [[-16.5418758392334, 13.93908977508545], [-16.53814125061035, 13.928120613098145], [-16.54115104675293, 13.925538063049316], [-16.54871940612793, 13.926374435424805]]}, "properties": {"name": "Temporary stream", "type": "Temporary stream", "couleur": "#90CAF9"}}, {"type": "Feature", "geometry": {"type": "LineString", "coordinates": [[-16.533615112304688, 13.925211906433105], [-16.524982452392578, 13.929271697998047], [-16.5227108001709, 13.933680534362793], [-16.52535057067871, 13.936393737792969], [-16.52611541748047, 13.93959903717041], [-16.52206039428711, 13.94932746887207], [-16.52422523498535, 13.951818466186523], [-16.529911041259766, 13.95378589630127], [-16.531152725219727, 13.957212448120117], [-16.527109146118164, 13.98027515411377], [-16.52389144897461, 13.98447036743164], [-16.5166015625, 13.98482894897461], [-16.514358520507812, 13.97819995880127], [-16.516498565673828, 13.966667175292969], [-16.514251708984375, 13.959809303283691], [-16.507095336914062, 13.9546480178833]]}, "properties": {"name": "Temporary stream", "type": "Temporary stream", "couleur": "#90CAF9"}}, {"type": "Feature", "geometry": {"type": "LineString", "coordinates": [[-16.54448699951172, 13.990543365478516], [-16.541845321655273, 13.987831115722656], [-16.540048599243164, 13.979816436767578], [-16.53980255126953, 13.966715812683105], [-16.537885665893555, 13.952264785766602], [-16.534868240356445, 13.941972732543945], [-16.533615112304688, 13.925211906433105]]}, "properties": {"name": "Temporary stream", "type": "Temporary stream", "couleur": "#90CAF9"}}, {"type": "Feature", "geometry": {"type": "LineString", "coordinates": [[-14.051901817321777, 13.924598693847656], [-14.049114227294922, 13.928531646728516], [-14.02879810333252, 13.946176528930664]]}, "properties": {"name": "Temporary stream", "type": "Temporary stream", "couleur": "#90CAF9"}}, {"type": "Feature", "geometry": {"type": "LineString", "coordinates": [[-14.097929000854492, 14.036827087402344], [-14.088979721069336, 14.036447525024414], [-14.0755033493042, 14.03059196472168], [-14.069565773010254, 14.025127410888672], [-14.067137718200684, 14.017333984375], [-14.066307067871094, 14.00423812866211], [-14.067344665527344, 13.989517211914062], [-14.07351303100586, 13.969922065734863], [-14.072734832763672, 13.962343215942383], [-14.065200805664062, 13.941803932189941], [-14.057595252990723, 13.929375648498535], [-14.051901817321777, 13.924598693847656]]}, "properties": {"name": "Temporary stream", "type": "Temporary stream", "couleur": "#90CAF9"}}, {"type": "Feature", "geometry": {"type": "LineString", "coordinates": [[-16.506128311157227, 13.927995681762695], [-16.496139526367188, 13.922423362731934], [-16.492862701416016, 13.923399925231934], [-16.491241455078125, 13.92480754852295], [-16.489768981933594, 13.934260368347168], [-16.485849380493164, 13.93869686126709]]}, "properties": {"name": "Temporary stream", "type": "Temporary stream", "couleur": "#90CAF9"}}, {"type": "Feature", "geometry": {"type": "LineString", "coordinates": [[-16.69610023498535, 13.929649353027344], [-16.703474044799805, 13.921467781066895], [-16.70604705810547, 13.920730590820312]]}, "properties": {"name": "Temporary stream", "type": "Temporary stream", "couleur": "#90CAF9"}}, {"type": "Feature", "geometry": {"type": "LineString", "coordinates": [[-16.73260498046875, 13.979331016540527], [-16.718017578125, 13.967643737792969], [-16.70179557800293, 13.944259643554688], [-16.70172882080078, 13.940812110900879], [-16.707761764526367, 13.924148559570312], [-16.70604705810547, 13.920730590820312]]}, "properties": {"name": "Temporary stream", "type": "Temporary stream", "couleur": "#90CAF9"}}, {"type": "Feature", "geometry": {"type": "LineString", "coordinates": [[-16.61903953552246, 13.937023162841797], [-16.621810913085938, 13.93421459197998], [-16.62510108947754, 13.93392562866211], [-16.630279541015625, 13.921647071838379], [-16.633760452270508, 13.91905403137207]]}, "properties": {"name": "Temporary stream", "type": "Temporary stream", "couleur": "#90CAF9"}}, {"type": "Feature", "geometry": {"type": "LineString", "coordinates": [[-16.633760452270508, 13.91905403137207], [-16.64720344543457, 13.932836532592773]]}, "properties": {"name": "Temporary stream", "type": "Temporary stream", "couleur": "#90CAF9"}}, {"type": "Feature", "geometry": {"type": "LineString", "coordinates": [[-15.048715591430664, 13.955368041992188], [-15.043899536132812, 13.947152137756348], [-15.037463188171387, 13.940794944763184], [-15.023465156555176, 13.932230949401855], [-15.013236045837402, 13.923851013183594], [-15.00294303894043, 13.91909122467041], [-15.0, 13.917984008789062]]}, "properties": {"name": "Temporary stream", "type": "Temporary stream", "couleur": "#90CAF9"}}, {"type": "Feature", "geometry": {"type": "LineString", "coordinates": [[-16.58429718017578, 13.916954040527344], [-16.593006134033203, 13.929443359375], [-16.608163833618164, 13.934459686279297], [-16.613788604736328, 13.933208465576172]]}, "properties": {"name": "Temporary stream", "type": "Temporary stream", "couleur": "#90CAF9"}}, {"type": "Feature", "geometry": {"type": "LineString", "coordinates": [[-16.437171936035156, 13.915404319763184], [-16.434457778930664, 13.921429634094238], [-16.43556785583496, 13.930606842041016], [-16.43946647644043, 13.937896728515625], [-16.443775177001953, 13.941729545593262]]}, "properties": {"name": "Temporary stream", "type": "Temporary stream", "couleur": "#90CAF9"}}, {"type": "Feature", "geometry": {"type": "LineString", "coordinates": [[-16.533615112304688, 13.925211906433105], [-16.531843185424805, 13.918575286865234], [-16.526342391967773, 13.913844108581543], [-16.521867752075195, 13.91369342803955], [-16.51934242248535, 13.917186737060547], [-16.51772117614746, 13.93124008178711], [-16.507095336914062, 13.9546480178833]]}, "properties": {"name": "Temporary stream", "type": "Temporary stream", "couleur": "#90CAF9"}}, {"type": "Feature", "geometry": {"type": "LineString", "coordinates": [[-16.74065399169922, 13.969527244567871], [-16.730663299560547, 13.964193344116211], [-16.720388412475586, 13.956335067749023], [-16.717880249023438, 13.948333740234375], [-16.71723175048828, 13.939148902893066], [-16.720373153686523, 13.9312744140625], [-16.72764015197754, 13.92976188659668], [-16.735755920410156, 13.923404693603516], [-16.74470329284668, 13.911514282226562]]}, "properties": {"name": "Temporary stream", "type": "Temporary stream", "couleur": "#90CAF9"}}, {"type": "Feature", "geometry": {"type": "LineString", "coordinates": [[-16.749177932739258, 13.911661148071289], [-16.74470329284668, 13.911514282226562]]}, "properties": {"name": "Temporary stream", "type": "Temporary stream", "couleur": "#90CAF9"}}, {"type": "Feature", "geometry": {"type": "LineString", "coordinates": [[-16.65452003479004, 13.909985542297363], [-16.65021324157715, 13.917838096618652], [-16.650257110595703, 13.920134544372559], [-16.649808883666992, 13.921293258666992], [-16.654170989990234, 13.92788314819336], [-16.650497436523438, 13.932777404785156], [-16.64720344543457, 13.932836532592773]]}, "properties": {"name": "Temporary stream", "type": "Temporary stream", "couleur": "#90CAF9"}}, {"type": "Feature", "geometry": {"type": "LineString", "coordinates": [[-16.65452003479004, 13.909985542297363], [-16.663265228271484, 13.911163330078125], [-16.668062210083008, 13.915904998779297], [-16.66855812072754, 13.929460525512695], [-16.66447639465332, 13.937582015991211]]}, "properties": {"name": "Temporary stream", "type": "Temporary stream", "couleur": "#90CAF9"}}, {"type": "Feature", "geometry": {"type": "LineString", "coordinates": [[-16.633760452270508, 13.91905403137207], [-16.643978118896484, 13.9117431640625], [-16.65123176574707, 13.909542083740234], [-16.65452003479004, 13.909985542297363]]}, "properties": {"name": "Temporary stream", "type": "Temporary stream", "couleur": "#90CAF9"}}, {"type": "Feature", "geometry": {"type": "LineString", "coordinates": [[-16.74470329284668, 13.911514282226562], [-16.733400344848633, 13.911263465881348], [-16.727008819580078, 13.909310340881348], [-16.70604705810547, 13.920730590820312]]}, "properties": {"name": "Temporary stream", "type": "Temporary stream", "couleur": "#90CAF9"}}, {"type": "Feature", "geometry": {"type": "LineString", "coordinates": [[-16.44525146484375, 13.906757354736328], [-16.442209243774414, 13.907730102539062], [-16.437171936035156, 13.915404319763184]]}, "properties": {"name": "Temporary stream", "type": "Temporary stream", "couleur": "#90CAF9"}}, {"type": "Feature", "geometry": {"type": "LineString", "coordinates": [[-16.44525146484375, 13.906757354736328], [-16.446460723876953, 13.908575057983398], [-16.445817947387695, 13.91203498840332], [-16.442352294921875, 13.915543556213379], [-16.437171936035156, 13.915404319763184]]}, "properties": {"name": "Temporary stream", "type": "Temporary stream", "couleur": "#90CAF9"}}, {"type": "Feature", "geometry": {"type": "LineString", "coordinates": [[-16.46360206604004, 13.906437873840332], [-16.462200164794922, 13.91979694366455], [-16.460128784179688, 13.922362327575684], [-16.452613830566406, 13.92318344116211], [-16.450336456298828, 13.927360534667969], [-16.452106475830078, 13.933998107910156]]}, "properties": {"name": "Temporary stream", "type": "Temporary stream", "couleur": "#90CAF9"}}, {"type": "Feature", "geometry": {"type": "LineString", "coordinates": [[-16.46360206604004, 13.906437873840332], [-16.470029830932617, 13.9104642868042], [-16.472211837768555, 13.913874626159668], [-16.470687866210938, 13.92056941986084], [-16.465185165405273, 13.928482055664062], [-16.459854125976562, 13.932943344116211], [-16.452106475830078, 13.933998107910156]]}, "properties": {"name": "Temporary stream", "type": "Temporary stream", "couleur": "#90CAF9"}}, {"type": "Feature", "geometry": {"type": "LineString", "coordinates": [[-13.528916358947754, 14.101617813110352], [-13.544025421142578, 14.07553768157959], [-13.54886245727539, 14.061251640319824], [-13.553980827331543, 14.053170204162598], [-13.562124252319336, 14.040470123291016], [-13.581549644470215, 13.995046615600586], [-13.58335018157959, 13.98422908782959], [-13.580353736877441, 13.961953163146973], [-13.587383270263672, 13.945810317993164], [-13.604698181152344, 13.914650917053223], [-13.61075210571289, 13.906331062316895]]}, "properties": {"name": "Temporary stream", "type": "Temporary stream", "couleur": "#90CAF9"}}, {"type": "Feature", "geometry": {"type": "LineString", "coordinates": [[-16.749177932739258, 13.911661148071289], [-16.747156143188477, 13.904571533203125]]}, "properties": {"name": "Temporary stream", "type": "Temporary stream", "couleur": "#90CAF9"}}, {"type": "Feature", "geometry": {"type": "LineString", "coordinates": [[-16.710186004638672, 13.903410911560059], [-16.709102630615234, 13.908259391784668], [-16.701963424682617, 13.916436195373535], [-16.695735931396484, 13.922987937927246], [-16.694616317749023, 13.925997734069824], [-16.69610023498535, 13.929649353027344]]}, "properties": {"name": "Temporary stream", "type": "Temporary stream", "couleur": "#90CAF9"}}, {"type": "Feature", "geometry": {"type": "LineString", "coordinates": [[-12.895150184631348, 13.901460647583008], [-12.890460014343262, 13.904701232910156], [-12.847379684448242, 13.9481201171875], [-12.815277099609375, 13.976770401000977], [-12.799083709716797, 13.986727714538574], [-12.789942741394043, 13.994812965393066], [-12.782453536987305, 14.00381088256836]]}, "properties": {"name": "Temporary stream", "type": "Temporary stream", "couleur": "#90CAF9"}}, {"type": "Feature", "geometry": {"type": "LineString", "coordinates": [[-12.895150184631348, 13.901460647583008], [-12.917369842529297, 13.920893669128418], [-12.935310363769531, 13.949172973632812], [-12.954384803771973, 13.977720260620117], [-12.955709457397461, 14.0050687789917], [-12.952924728393555, 14.01266860961914], [-12.951807022094727, 14.023707389831543], [-12.93934440612793, 14.058333396911621], [-12.922865867614746, 14.078668594360352], [-12.919873237609863, 14.112112998962402], [-12.916828155517578, 14.119284629821777], [-12.915626525878906, 14.130631446838379], [-12.90975284576416, 14.140023231506348], [-12.904034614562988, 14.149165153503418]]}, "properties": {"name": "Temporary stream", "type": "Temporary stream", "couleur": "#90CAF9"}}, {"type": "Feature", "geometry": {"type": "LineString", "coordinates": [[-16.45621109008789, 13.901277542114258], [-16.44525146484375, 13.906757354736328]]}, "properties": {"name": "Temporary stream", "type": "Temporary stream", "couleur": "#90CAF9"}}, {"type": "Feature", "geometry": {"type": "LineString", "coordinates": [[-16.46360206604004, 13.906437873840332], [-16.45621109008789, 13.901277542114258]]}, "properties": {"name": "Temporary stream", "type": "Temporary stream", "couleur": "#90CAF9"}}, {"type": "Feature", "geometry": {"type": "LineString", "coordinates": [[-16.557283401489258, 13.900773048400879], [-16.555706024169922, 13.904823303222656], [-16.541423797607422, 13.916369438171387], [-16.540334701538086, 13.919574737548828], [-16.54865074157715, 13.923795700073242], [-16.54871940612793, 13.926374435424805]]}, "properties": {"name": "Temporary stream", "type": "Temporary stream", "couleur": "#90CAF9"}}, {"type": "Feature", "geometry": {"type": "LineString", "coordinates": [[-16.557283401489258, 13.900773048400879], [-16.55828285217285, 13.910289764404297], [-16.554859161376953, 13.91930866241455], [-16.55080795288086, 13.925826072692871], [-16.54871940612793, 13.926374435424805]]}, "properties": {"name": "Temporary stream", "type": "Temporary stream", "couleur": "#90CAF9"}}, {"type": "Feature", "geometry": {"type": "LineString", "coordinates": [[-13.501276016235352, 13.898834228515625], [-13.49543285369873, 13.90416145324707], [-13.494073867797852, 13.911296844482422], [-13.49398422241211, 13.931068420410156], [-13.488390922546387, 13.938462257385254], [-13.485858917236328, 13.946295738220215], [-13.482178688049316, 13.957815170288086], [-13.473082542419434, 13.969141006469727], [-13.46442985534668, 13.976786613464355], [-13.455635070800781, 13.99753475189209], [-13.449772834777832, 14.00056266784668], [-13.43285846710205, 14.00527286529541], [-13.42841625213623, 14.00967025756836], [-13.425165176391602, 14.015898704528809], [-13.411117553710938, 14.026795387268066], [-13.409781455993652, 14.037378311157227]]}, "properties": {"name": "Temporary stream", "type": "Temporary stream", "couleur": "#90CAF9"}}, {"type": "Feature", "geometry": {"type": "LineString", "coordinates": [[-13.522831916809082, 14.295413970947266], [-13.534186363220215, 14.269824028015137], [-13.543974876403809, 14.255505561828613], [-13.55285358428955, 14.245789527893066], [-13.570655822753906, 14.232102394104004], [-13.587437629699707, 14.208768844604492], [-13.594866752624512, 14.192682266235352], [-13.600643157958984, 14.18017292022705], [-13.60390853881836, 14.176012992858887], [-13.616296768188477, 14.163740158081055], [-13.624504089355469, 14.159083366394043], [-13.649725914001465, 14.132003784179688], [-13.659331321716309, 14.125726699829102], [-13.668952941894531, 14.121517181396484], [-13.677592277526855, 14.112257957458496], [-13.681063652038574, 14.104646682739258], [-13.681900024414062, 14.062576293945312], [-13.683459281921387, 14.051530838012695], [-13.69135570526123, 14.038139343261719], [-13.704183578491211, 14.02332878112793], [-13.7057523727417, 14.013662338256836], [-13.704642295837402, 14.006081581115723], [-13.702760696411133, 13.993227005004883], [-13.711172103881836, 13.956842422485352], [-13.71041202545166, 13.950181007385254], [-13.707304000854492, 13.944228172302246], [-13.706801414489746, 13.940324783325195], [-13.69725513458252, 13.92407512664795], [-13.695502281188965, 13.910984992980957], [-13.69092845916748, 13.89837646484375]]}, "properties": {"name": "Temporary stream", "type": "Temporary stream", "couleur": "#90CAF9"}}, {"type": "Feature", "geometry": {"type": "LineString", "coordinates": [[-16.606216430664062, 13.898221969604492], [-16.588830947875977, 13.899444580078125], [-16.582387924194336, 13.8984956741333]]}, "properties": {"name": "Temporary stream", "type": "Temporary stream", "couleur": "#90CAF9"}}, {"type": "Feature", "geometry": {"type": "LineString", "coordinates": [[-16.613788604736328, 13.933208465576172], [-16.605548858642578, 13.9207124710083], [-16.602046966552734, 13.909738540649414], [-16.605148315429688, 13.899565696716309], [-16.606216430664062, 13.898221969604492]]}, "properties": {"name": "Temporary stream", "type": "Temporary stream", "couleur": "#90CAF9"}}, {"type": "Feature", "geometry": {"type": "LineString", "coordinates": [[-11.955238342285156, 13.93701457977295], [-11.96175479888916, 13.930120468139648], [-11.969985008239746, 13.926429748535156], [-11.978455543518066, 13.92664623260498], [-11.986934661865234, 13.9305419921875], [-11.992347717285156, 13.93076229095459], [-12.004814147949219, 13.92752456665039], [-12.013040542602539, 13.922453880310059], [-12.02266788482666, 13.910943984985352], [-12.041465759277344, 13.897578239440918]]}, "properties": {"name": "Temporary stream", "type": "Temporary stream", "couleur": "#90CAF9"}}, {"type": "Feature", "geometry": {"type": "LineString", "coordinates": [[-12.041465759277344, 13.897578239440918], [-12.048247337341309, 13.952798843383789], [-12.048428535461426, 13.967679023742676], [-12.050816535949707, 13.984455108642578]]}, "properties": {"name": "Temporary stream", "type": "Temporary stream", "couleur": "#90CAF9"}}, {"type": "Feature", "geometry": {"type": "LineString", "coordinates": [[-14.950995445251465, 13.896791458129883], [-14.943957328796387, 13.916877746582031], [-14.941412925720215, 13.932160377502441], [-14.937113761901855, 13.952363014221191]]}, "properties": {"name": "Temporary stream", "type": "Temporary stream", "couleur": "#90CAF9"}}, {"type": "Feature", "geometry": {"type": "LineString", "coordinates": [[-15.0, 13.917984008789062], [-14.969947814941406, 13.90667724609375], [-14.961642265319824, 13.901260375976562], [-14.95858097076416, 13.901067733764648], [-14.950995445251465, 13.896791458129883]]}, "properties": {"name": "Temporary stream", "type": "Temporary stream", "couleur": "#90CAF9"}}, {"type": "Feature", "geometry": {"type": "LineString", "coordinates": [[-16.557283401489258, 13.900773048400879], [-16.558963775634766, 13.896055221557617]]}, "properties": {"name": "Temporary stream", "type": "Temporary stream", "couleur": "#90CAF9"}}, {"type": "Feature", "geometry": {"type": "LineString", "coordinates": [[-16.558963775634766, 13.896055221557617], [-16.55882453918457, 13.898674011230469], [-16.564823150634766, 13.907644271850586], [-16.56792640686035, 13.92253303527832], [-16.571502685546875, 13.92499828338623], [-16.58429718017578, 13.916954040527344]]}, "properties": {"name": "Temporary stream", "type": "Temporary stream", "couleur": "#90CAF9"}}, {"type": "Feature", "geometry": {"type": "LineString", "coordinates": [[-16.58429718017578, 13.916954040527344], [-16.579669952392578, 13.908759117126465], [-16.566089630126953, 13.8950777053833], [-16.582387924194336, 13.8984956741333]]}, "properties": {"name": "Temporary stream", "type": "Temporary stream", "couleur": "#90CAF9"}}, {"type": "Feature", "geometry": {"type": "LineString", "coordinates": [[-14.56752872467041, 13.987825393676758], [-14.568156242370605, 13.98092269897461], [-14.556525230407715, 13.9367036819458], [-14.555303573608398, 13.926806449890137], [-14.557571411132812, 13.919196128845215], [-14.56634521484375, 13.904389381408691], [-14.580078125, 13.891138076782227]]}, "properties": {"name": "Temporary stream", "type": "Temporary stream", "couleur": "#90CAF9"}}, {"type": "Feature", "geometry": {"type": "LineString", "coordinates": [[-16.52298355102539, 13.897809982299805], [-16.53975486755371, 13.888545989990234]]}, "properties": {"name": "Temporary stream", "type": "Temporary stream", "couleur": "#90CAF9"}}, {"type": "Feature", "geometry": {"type": "LineString", "coordinates": [[-16.554967880249023, 13.88798713684082], [-16.53975486755371, 13.888545989990234]]}, "properties": {"name": "Temporary stream", "type": "Temporary stream", "couleur": "#90CAF9"}}, {"type": "Feature", "geometry": {"type": "LineString", "coordinates": [[-16.52298355102539, 13.897809982299805], [-16.522123336791992, 13.902192115783691], [-16.525758743286133, 13.907876014709473], [-16.536123275756836, 13.908382415771484], [-16.543155670166016, 13.906879425048828], [-16.549636840820312, 13.901016235351562], [-16.55463981628418, 13.891730308532715], [-16.554967880249023, 13.88798713684082]]}, "properties": {"name": "Temporary stream", "type": "Temporary stream", "couleur": "#90CAF9"}}, {"type": "Feature", "geometry": {"type": "LineString", "coordinates": [[-16.61714744567871, 13.886935234069824], [-16.609071731567383, 13.894620895385742], [-16.606216430664062, 13.898221969604492]]}, "properties": {"name": "Temporary stream", "type": "Temporary stream", "couleur": "#90CAF9"}}, {"type": "Feature", "geometry": {"type": "LineString", "coordinates": [[-16.625097274780273, 13.884263038635254], [-16.621097564697266, 13.884334564208984], [-16.61714744567871, 13.886935234069824]]}, "properties": {"name": "Temporary stream", "type": "Temporary stream", "couleur": "#90CAF9"}}, {"type": "Feature", "geometry": {"type": "LineString", "coordinates": [[-16.625097274780273, 13.884263038635254], [-16.643238067626953, 13.885315895080566]]}, "properties": {"name": "Temporary stream", "type": "Temporary stream", "couleur": "#90CAF9"}}, {"type": "Feature", "geometry": {"type": "LineString", "coordinates": [[-16.652158737182617, 13.884234428405762], [-16.645185470581055, 13.888728141784668], [-16.64153289794922, 13.89045238494873], [-16.643238067626953, 13.885315895080566]]}, "properties": {"name": "Temporary stream", "type": "Temporary stream", "couleur": "#90CAF9"}}, {"type": "Feature", "geometry": {"type": "LineString", "coordinates": [[-16.652158737182617, 13.884234428405762], [-16.65558433532715, 13.891070365905762], [-16.657669067382812, 13.90160846710205], [-16.65452003479004, 13.909985542297363]]}, "properties": {"name": "Temporary stream", "type": "Temporary stream", "couleur": "#90CAF9"}}, {"type": "Feature", "geometry": {"type": "LineString", "coordinates": [[-13.69092845916748, 13.89837646484375], [-13.680329322814941, 13.897077560424805], [-13.667555809020996, 13.888668060302734], [-13.657449722290039, 13.890122413635254], [-13.652030944824219, 13.889244079589844], [-13.640695571899414, 13.884040832519531], [-13.635986328125, 13.883614540100098], [-13.630599975585938, 13.886873245239258], [-13.628999710083008, 13.892862319946289], [-13.63187026977539, 13.898818969726562], [-13.630254745483398, 13.902738571166992], [-13.621349334716797, 13.907402992248535], [-13.61075210571289, 13.906331062316895]]}, "properties": {"name": "Temporary stream", "type": "Temporary stream", "couleur": "#90CAF9"}}, {"type": "Feature", "geometry": {"type": "LineString", "coordinates": [[-16.45621109008789, 13.901277542114258], [-16.445926666259766, 13.892260551452637], [-16.435983657836914, 13.888984680175781], [-16.425399780273438, 13.889397621154785], [-16.420427322387695, 13.88764476776123], [-16.409122467041016, 13.887149810791016], [-16.40574836730957, 13.88283920288086]]}, "properties": {"name": "Temporary stream", "type": "Temporary stream", "couleur": "#90CAF9"}}, {"type": "Feature", "geometry": {"type": "LineString", "coordinates": [[-16.40574836730957, 13.88283920288086], [-16.425273895263672, 13.882501602172852], [-16.429018020629883, 13.881287574768066]]}, "properties": {"name": "Temporary stream", "type": "Temporary stream", "couleur": "#90CAF9"}}, {"type": "Feature", "geometry": {"type": "LineString", "coordinates": [[-16.460546493530273, 13.893847465515137], [-16.455970764160156, 13.888177871704102], [-16.44347381591797, 13.886784553527832], [-16.429018020629883, 13.881287574768066]]}, "properties": {"name": "Temporary stream", "type": "Temporary stream", "couleur": "#90CAF9"}}, {"type": "Feature", "geometry": {"type": "LineString", "coordinates": [[-12.116097450256348, 13.916288375854492], [-12.127338409423828, 13.892816543579102], [-12.135087013244629, 13.885905265808105], [-12.138376235961914, 13.883829116821289], [-12.146842002868652, 13.881972312927246], [-12.157902717590332, 13.882868766784668], [-12.168951034545898, 13.878706932067871]]}, "properties": {"name": "Temporary stream", "type": "Temporary stream", "couleur": "#90CAF9"}}, {"type": "Feature", "geometry": {"type": "LineString", "coordinates": [[-12.168951034545898, 13.878706932067871], [-12.173443794250488, 13.88789176940918], [-12.180281639099121, 13.893623352050781], [-12.204317092895508, 13.907361030578613], [-12.214221000671387, 13.915384292602539], [-12.21683120727539, 13.923653602600098], [-12.211931228637695, 13.939526557922363], [-12.215963363647461, 13.951470375061035], [-12.216922760009766, 13.95859432220459], [-12.21342945098877, 13.972624778747559], [-12.20408821105957, 14.000921249389648], [-12.200106620788574, 14.008745193481445], [-12.190942764282227, 14.015203475952148], [-12.182947158813477, 14.018669128417969], [-12.178955078125, 14.022584915161133]]}, "properties": {"name": "Faleme", "type": "Secondary river", "couleur": "#1976D2"}}, {"type": "Feature", "geometry": {"type": "LineString", "coordinates": [[-16.506128311157227, 13.927995681762695], [-16.50722885131836, 13.923837661743164], [-16.502891540527344, 13.905750274658203], [-16.505115509033203, 13.898813247680664], [-16.511764526367188, 13.889269828796387], [-16.51422691345215, 13.882558822631836], [-16.512025833129883, 13.877999305725098], [-16.50661849975586, 13.878325462341309], [-16.495027542114258, 13.887724876403809], [-16.47797393798828, 13.907336235046387], [-16.47032356262207, 13.933069229125977], [-16.4691104888916, 13.937150001525879], [-16.464702606201172, 13.940675735473633], [-16.458127975463867, 13.941479682922363]]}, "properties": {"name": "Temporary stream", "type": "Temporary stream", "couleur": "#90CAF9"}}, {"type": "Feature", "geometry": {"type": "LineString", "coordinates": [[-13.339998245239258, 13.919445037841797], [-13.376026153564453, 13.922891616821289], [-13.388492584228516, 13.922121047973633], [-13.394593238830566, 13.91955280303955], [-13.401412010192871, 13.918818473815918], [-13.41148853302002, 13.912775039672852], [-13.429089546203613, 13.906220436096191], [-13.456958770751953, 13.887642860412598], [-13.459397315979004, 13.886283874511719], [-13.476174354553223, 13.876937866210938]]}, "properties": {"name": "Temporary stream", "type": "Temporary stream", "couleur": "#90CAF9"}}, {"type": "Feature", "geometry": {"type": "LineString", "coordinates": [[-13.501276016235352, 13.898834228515625], [-13.491548538208008, 13.888096809387207], [-13.48068618774414, 13.882654190063477], [-13.476174354553223, 13.876937866210938]]}, "properties": {"name": "Temporary stream", "type": "Temporary stream", "couleur": "#90CAF9"}}, {"type": "Feature", "geometry": {"type": "LineString", "coordinates": [[-16.643238067626953, 13.885315895080566], [-16.648250579833984, 13.876717567443848], [-16.64910316467285, 13.872102737426758]]}, "properties": {"name": "Temporary stream", "type": "Temporary stream", "couleur": "#90CAF9"}}, {"type": "Feature", "geometry": {"type": "LineString", "coordinates": [[-16.688623428344727, 13.87138557434082], [-16.691463470458984, 13.87225341796875], [-16.69742774963379, 13.888699531555176], [-16.70279884338379, 13.898717880249023], [-16.710186004638672, 13.903410911560059]]}, "properties": {"name": "Temporary stream", "type": "Temporary stream", "couleur": "#90CAF9"}}, {"type": "Feature", "geometry": {"type": "LineString", "coordinates": [[-16.582387924194336, 13.8984956741333], [-16.58661651611328, 13.890241622924805], [-16.58405113220215, 13.879021644592285], [-16.58673095703125, 13.87138557434082]]}, "properties": {"name": "Temporary stream", "type": "Temporary stream", "couleur": "#90CAF9"}}, {"type": "Feature", "geometry": {"type": "LineString", "coordinates": [[-16.532344818115234, 13.869823455810547], [-16.52349281311035, 13.887224197387695], [-16.52298355102539, 13.897809982299805]]}, "properties": {"name": "Temporary stream", "type": "Temporary stream", "couleur": "#90CAF9"}}, {"type": "Feature", "geometry": {"type": "LineString", "coordinates": [[-13.69092845916748, 13.89837646484375], [-13.69351863861084, 13.89858627319336], [-13.703096389770508, 13.890007019042969], [-13.706853866577148, 13.889059066772461], [-13.72277545928955, 13.879510879516602], [-13.725335121154785, 13.876043319702148], [-13.74809455871582, 13.868510246276855]]}, "properties": {"name": "Temporary stream", "type": "Temporary stream", "couleur": "#90CAF9"}}, {"type": "Feature", "geometry": {"type": "LineString", "coordinates": [[-16.747156143188477, 13.904571533203125], [-16.740610122680664, 13.906761169433594], [-16.735424041748047, 13.906396865844727], [-16.722614288330078, 13.901114463806152], [-16.71782875061035, 13.897063255310059], [-16.7168025970459, 13.89271354675293], [-16.721370697021484, 13.885501861572266], [-16.721534729003906, 13.881820678710938], [-16.719575881958008, 13.877947807312012], [-16.71302604675293, 13.867720603942871]]}, "properties": {"name": "Temporary stream", "type": "Temporary stream", "couleur": "#90CAF9"}}, {"type": "Feature", "geometry": {"type": "LineString", "coordinates": [[-16.473695755004883, 13.866715431213379], [-16.460824966430664, 13.87061882019043], [-16.456436157226562, 13.8750638961792], [-16.453393936157227, 13.876036643981934], [-16.44795036315918, 13.874292373657227], [-16.439699172973633, 13.873515129089355], [-16.433176040649414, 13.87707805633545], [-16.429018020629883, 13.881287574768066]]}, "properties": {"name": "Temporary stream", "type": "Temporary stream", "couleur": "#90CAF9"}}, {"type": "Feature", "geometry": {"type": "LineString", "coordinates": [[-16.473695755004883, 13.866715431213379], [-16.46894645690918, 13.877144813537598], [-16.46677589416504, 13.887069702148438], [-16.460546493530273, 13.893847465515137]]}, "properties": {"name": "Temporary stream", "type": "Temporary stream", "couleur": "#90CAF9"}}, {"type": "Feature", "geometry": {"type": "LineString", "coordinates": [[-16.625097274780273, 13.884263038635254], [-16.62647247314453, 13.869982719421387], [-16.629940032958984, 13.866701126098633], [-16.636409759521484, 13.87279224395752], [-16.64910316467285, 13.872102737426758]]}, "properties": {"name": "Temporary stream", "type": "Temporary stream", "couleur": "#90CAF9"}}, {"type": "Feature", "geometry": {"type": "LineString", "coordinates": [[-14.051901817321777, 13.924598693847656], [-14.057843208312988, 13.905924797058105], [-14.066163063049316, 13.88998794555664], [-14.078959465026855, 13.874700546264648], [-14.086459159851074, 13.871644020080566], [-14.090407371520996, 13.866321563720703]]}, "properties": {"name": "Temporary stream", "type": "Temporary stream", "couleur": "#90CAF9"}}, {"type": "Feature", "geometry": {"type": "LineString", "coordinates": [[-14.090407371520996, 13.866321563720703], [-14.099604606628418, 13.868536949157715], [-14.105754852294922, 13.871929168701172], [-14.11549186706543, 13.881266593933105], [-14.121402740478516, 13.884201049804688], [-14.141907691955566, 13.88769245147705], [-14.145225524902344, 13.890190124511719], [-14.147573471069336, 13.889479637145996], [-14.183446884155273, 13.900410652160645]]}, "properties": {"name": "Temporary stream", "type": "Temporary stream", "couleur": "#90CAF9"}}, {"type": "Feature", "geometry": {"type": "LineString", "coordinates": [[-16.554967880249023, 13.88798713684082], [-16.562904357910156, 13.868131637573242], [-16.562124252319336, 13.864236831665039]]}, "properties": {"name": "Temporary stream", "type": "Temporary stream", "couleur": "#90CAF9"}}, {"type": "Feature", "geometry": {"type": "LineString", "coordinates": [[-12.895150184631348, 13.901460647583008], [-12.902878761291504, 13.894525527954102], [-12.914555549621582, 13.877689361572266], [-12.926026344299316, 13.866598129272461], [-12.931188583374023, 13.864045143127441]]}, "properties": {"name": "Temporary stream", "type": "Temporary stream", "couleur": "#90CAF9"}}, {"type": "Feature", "geometry": {"type": "LineString", "coordinates": [[-16.652158737182617, 13.884234428405762], [-16.65471649169922, 13.88257884979248], [-16.662593841552734, 13.863810539245605]]}, "properties": {"name": "Temporary stream", "type": "Temporary stream", "couleur": "#90CAF9"}}, {"type": "Feature", "geometry": {"type": "LineString", "coordinates": [[-16.688623428344727, 13.87138557434082], [-16.6853084564209, 13.8702974319458], [-16.678298950195312, 13.872953414916992], [-16.673337936401367, 13.871893882751465], [-16.662593841552734, 13.863810539245605]]}, "properties": {"name": "Temporary stream", "type": "Temporary stream", "couleur": "#90CAF9"}}, {"type": "Feature", "geometry": {"type": "LineString", "coordinates": [[-16.53975486755371, 13.888545989990234], [-16.540369033813477, 13.883707046508789], [-16.551761627197266, 13.863731384277344]]}, "properties": {"name": "Temporary stream", "type": "Temporary stream", "couleur": "#90CAF9"}}, {"type": "Feature", "geometry": {"type": "LineString", "coordinates": [[-16.460546493530273, 13.893847465515137], [-16.465328216552734, 13.897900581359863], [-16.472612380981445, 13.897314071655273], [-16.48194122314453, 13.892782211303711], [-16.50482749938965, 13.870538711547852], [-16.50686264038086, 13.866134643554688], [-16.50493049621582, 13.863409042358398], [-16.477895736694336, 13.864802360534668], [-16.473695755004883, 13.866715431213379]]}, "properties": {"name": "Temporary stream", "type": "Temporary stream", "couleur": "#90CAF9"}}, {"type": "Feature", "geometry": {"type": "LineString", "coordinates": [[-16.126554489135742, 13.862910270690918], [-16.135231018066406, 13.874954223632812], [-16.144983291625977, 13.881003379821777], [-16.156736373901367, 13.893917083740234], [-16.161733627319336, 13.897053718566895], [-16.18231964111328, 13.903613090515137], [-16.1885929107666, 13.912476539611816], [-16.208330154418945, 13.92410659790039], [-16.225261688232422, 13.939870834350586], [-16.227783203125, 13.94631576538086], [-16.219318389892578, 13.960250854492188], [-16.219507217407227, 13.971053123474121], [-16.218191146850586, 13.976593017578125], [-16.230613708496094, 14.000296592712402]]}, "properties": {"name": "Temporary stream", "type": "Temporary stream", "couleur": "#90CAF9"}}, {"type": "Feature", "geometry": {"type": "LineString", "coordinates": [[-16.126554489135742, 13.862910270690918], [-16.11850357055664, 13.860051155090332], [-16.102771759033203, 13.861915588378906], [-16.09764289855957, 13.864757537841797], [-16.0909423828125, 13.871993064880371], [-16.073455810546875, 13.881471633911133], [-16.065683364868164, 13.881134986877441], [-16.061874389648438, 13.878437042236328]]}, "properties": {"name": "Temporary stream", "type": "Temporary stream", "couleur": "#90CAF9"}}, {"type": "Feature", "geometry": {"type": "LineString", "coordinates": [[-13.501276016235352, 13.898834228515625], [-13.511364936828613, 13.894854545593262], [-13.517683029174805, 13.890213966369629], [-13.521071434020996, 13.871338844299316], [-13.524581909179688, 13.868785858154297], [-13.529982566833496, 13.867368698120117], [-13.538167953491211, 13.86087417602539], [-13.557899475097656, 13.856595993041992]]}, "properties": {"name": "Temporary stream", "type": "Temporary stream", "couleur": "#90CAF9"}}, {"type": "Feature", "geometry": {"type": "LineString", "coordinates": [[-13.557899475097656, 13.856595993041992], [-13.562370300292969, 13.856794357299805], [-13.5678129196167, 13.860893249511719], [-13.582204818725586, 13.866077423095703], [-13.598441123962402, 13.866419792175293], [-13.602947235107422, 13.870984077453613], [-13.606807708740234, 13.883370399475098], [-13.61075210571289, 13.906331062316895]]}, "properties": {"name": "Temporary stream", "type": "Temporary stream", "couleur": "#90CAF9"}}, {"type": "Feature", "geometry": {"type": "LineString", "coordinates": [[-16.558963775634766, 13.896055221557617], [-16.561012268066406, 13.890096664428711], [-16.570159912109375, 13.871296882629395], [-16.573869705200195, 13.863107681274414], [-16.578216552734375, 13.856592178344727]]}, "properties": {"name": "Temporary stream", "type": "Temporary stream", "couleur": "#90CAF9"}}, {"type": "Feature", "geometry": {"type": "LineString", "coordinates": [[-16.578216552734375, 13.856592178344727], [-16.585901260375977, 13.86473274230957], [-16.587398529052734, 13.869303703308105], [-16.58673095703125, 13.87138557434082]]}, "properties": {"name": "Temporary stream", "type": "Temporary stream", "couleur": "#90CAF9"}}, {"type": "Feature", "geometry": {"type": "LineString", "coordinates": [[-16.58673095703125, 13.87138557434082], [-16.592464447021484, 13.875882148742676], [-16.5974178314209, 13.876482009887695], [-16.60114288330078, 13.874346733093262], [-16.602537155151367, 13.86098575592041], [-16.605276107788086, 13.856568336486816]]}, "properties": {"name": "Temporary stream", "type": "Temporary stream", "couleur": "#90CAF9"}}, {"type": "Feature", "geometry": {"type": "LineString", "coordinates": [[-16.61714744567871, 13.886935234069824], [-16.61539077758789, 13.881218910217285], [-16.612010955810547, 13.876681327819824], [-16.610450744628906, 13.868891716003418], [-16.611543655395508, 13.864502906799316], [-16.60955810546875, 13.859021186828613], [-16.605276107788086, 13.856568336486816]]}, "properties": {"name": "Temporary stream", "type": "Temporary stream", "couleur": "#90CAF9"}}, {"type": "Feature", "geometry": {"type": "LineString", "coordinates": [[-16.698925018310547, 13.856483459472656], [-16.688623428344727, 13.87138557434082]]}, "properties": {"name": "Temporary stream", "type": "Temporary stream", "couleur": "#90CAF9"}}, {"type": "Feature", "geometry": {"type": "LineString", "coordinates": [[-16.698925018310547, 13.856483459472656], [-16.7058048248291, 13.871532440185547], [-16.71208953857422, 13.88015365600586], [-16.712373733520508, 13.894864082336426], [-16.710186004638672, 13.903410911560059]]}, "properties": {"name": "Temporary stream", "type": "Temporary stream", "couleur": "#90CAF9"}}, {"type": "Feature", "geometry": {"type": "LineString", "coordinates": [[-16.532344818115234, 13.869823455810547], [-16.521177291870117, 13.864042282104492], [-16.515913009643555, 13.859307289123535], [-16.514198303222656, 13.855658531188965]]}, "properties": {"name": "Temporary stream", "type": "Temporary stream", "couleur": "#90CAF9"}}, {"type": "Feature", "geometry": {"type": "LineString", "coordinates": [[-16.57935333251953, 13.85450267791748], [-16.57442283630371, 13.855051040649414], [-16.564878463745117, 13.860508918762207], [-16.562124252319336, 13.864236831665039]]}, "properties": {"name": "Temporary stream", "type": "Temporary stream", "couleur": "#90CAF9"}}, {"type": "Feature", "geometry": {"type": "LineString", "coordinates": [[-16.578216552734375, 13.856592178344727], [-16.57935333251953, 13.85450267791748]]}, "properties": {"name": "Temporary stream", "type": "Temporary stream", "couleur": "#90CAF9"}}, {"type": "Feature", "geometry": {"type": "LineString", "coordinates": [[-16.662593841552734, 13.863810539245605], [-16.669403076171875, 13.850811958312988], [-16.672874450683594, 13.847760200500488], [-16.679691314697266, 13.847406387329102], [-16.688682556152344, 13.850001335144043], [-16.696746826171875, 13.853302955627441], [-16.698925018310547, 13.856483459472656]]}, "properties": {"name": "Temporary stream", "type": "Temporary stream", "couleur": "#90CAF9"}}, {"type": "Feature", "geometry": {"type": "LineString", "coordinates": [[-16.46233558654785, 13.850358963012695], [-16.474613189697266, 13.852673530578613], [-16.4876651763916, 13.85865306854248], [-16.49190330505371, 13.858809471130371], [-16.497026443481445, 13.855960845947266], [-16.50065040588379, 13.848308563232422], [-16.499889373779297, 13.845333099365234]]}, "properties": {"name": "Temporary stream", "type": "Temporary stream", "couleur": "#90CAF9"}}, {"type": "Feature", "geometry": {"type": "LineString", "coordinates": [[-16.605276107788086, 13.856568336486816], [-16.602174758911133, 13.854324340820312], [-16.597732543945312, 13.843367576599121]]}, "properties": {"name": "Temporary stream", "type": "Temporary stream", "couleur": "#90CAF9"}}, {"type": "Feature", "geometry": {"type": "LineString", "coordinates": [[-16.71302604675293, 13.867720603942871], [-16.70938491821289, 13.862039566040039], [-16.705657958984375, 13.851760864257812], [-16.702316284179688, 13.849292755126953], [-16.698734283447266, 13.846599578857422], [-16.685775756835938, 13.845685005187988], [-16.68003273010254, 13.840731620788574]]}, "properties": {"name": "Temporary stream", "type": "Temporary stream", "couleur": "#90CAF9"}}, {"type": "Feature", "geometry": {"type": "LineString", "coordinates": [[-16.668943405151367, 13.839094161987305], [-16.669940948486328, 13.84206485748291], [-16.672800064086914, 13.843852043151855], [-16.676788330078125, 13.843320846557617], [-16.68003273010254, 13.840731620788574]]}, "properties": {"name": "Temporary stream", "type": "Temporary stream", "couleur": "#90CAF9"}}, {"type": "Feature", "geometry": {"type": "LineString", "coordinates": [[-14.713266372680664, 13.871742248535156], [-14.765520095825195, 13.85390853881836], [-14.789689064025879, 13.848572731018066], [-14.812033653259277, 13.848085403442383], [-14.820940971374512, 13.845454216003418], [-14.829880714416504, 13.84535026550293], [-14.83813762664795, 13.842823028564453], [-14.853318214416504, 13.838178634643555], [-14.862977027893066, 13.839214324951172], [-14.871244430541992, 13.841876029968262], [-14.887433052062988, 13.857089042663574], [-14.895018577575684, 13.86159610748291], [-14.907780647277832, 13.866043090820312], [-14.921216011047363, 13.867952346801758], [-14.907211303710938, 13.87685489654541], [-14.897666931152344, 13.885014533996582], [-14.892777442932129, 13.89016056060791], [-14.888608932495117, 13.894548416137695], [-14.885151863098145, 13.900337219238281], [-14.874923706054688, 13.910344123840332], [-14.870237350463867, 13.912008285522461], [-14.860222816467285, 13.920402526855469], [-14.851441383361816, 13.933379173278809], [-14.847067832946777, 13.941246032714844], [-14.84310245513916, 13.944051742553711], [-14.836387634277344, 13.953095436096191], [-14.823490142822266, 13.976004600524902]]}, "properties": {"name": "Temporary stream", "type": "Temporary stream", "couleur": "#90CAF9"}}, {"type": "Feature", "geometry": {"type": "LineString", "coordinates": [[-16.473695755004883, 13.866715431213379], [-16.472930908203125, 13.863509178161621], [-16.47522735595703, 13.860481262207031], [-16.472597122192383, 13.858226776123047], [-16.46529769897461, 13.857895851135254], [-16.441526412963867, 13.857619285583496], [-16.437267303466797, 13.85631275177002], [-16.4322509765625, 13.852261543273926], [-16.4259090423584, 13.83995532989502], [-16.42702293395996, 13.83648681640625]]}, "properties": {"name": "Temporary stream", "type": "Temporary stream", "couleur": "#90CAF9"}}, {"type": "Feature", "geometry": {"type": "LineString", "coordinates": [[-16.46233558654785, 13.850358963012695], [-16.447994232177734, 13.851069450378418], [-16.442798614501953, 13.850008964538574], [-16.4354190826416, 13.845309257507324], [-16.42702293395996, 13.83648681640625]]}, "properties": {"name": "Temporary stream", "type": "Temporary stream", "couleur": "#90CAF9"}}, {"type": "Feature", "geometry": {"type": "LineString", "coordinates": [[-12.614165306091309, 13.836224555969238], [-12.600756645202637, 13.836275100708008], [-12.596294403076172, 13.838130950927734], [-12.583120346069336, 13.837949752807617], [-12.574897766113281, 13.840968132019043], [-12.571379661560059, 13.843509674072266], [-12.569745063781738, 13.846734046936035], [-12.558003425598145, 13.85206413269043], [-12.54014778137207, 13.8583345413208], [-12.532623291015625, 13.85951042175293], [-12.529104232788086, 13.862051963806152], [-12.52444076538086, 13.873102188110352], [-12.51153564453125, 13.882572174072266], [-12.504484176635742, 13.884435653686523], [-12.502985000610352, 13.884333610534668], [-12.494834899902344, 13.883777618408203], [-12.488492965698242, 13.886787414550781], [-12.459547996520996, 13.885503768920898], [-12.448244094848633, 13.882551193237305], [-12.43459415435791, 13.881674766540527], [-12.409156799316406, 13.87370777130127], [-12.390596389770508, 13.861566543579102]]}, "properties": {"name": "Temporary stream", "type": "Temporary stream", "couleur": "#90CAF9"}}, {"type": "Feature", "geometry": {"type": "LineString", "coordinates": [[-12.725568771362305, 13.969573974609375], [-12.72036361694336, 13.963618278503418], [-12.71162223815918, 13.948841094970703], [-12.692587852478027, 13.90925121307373], [-12.689726829528809, 13.900757789611816], [-12.68310260772705, 13.892509460449219], [-12.651918411254883, 13.86297607421875], [-12.633721351623535, 13.852201461791992], [-12.623380661010742, 13.846075057983398], [-12.614165306091309, 13.836224555969238]]}, "properties": {"name": "Temporary stream", "type": "Temporary stream", "couleur": "#90CAF9"}}, {"type": "Feature", "geometry": {"type": "LineString", "coordinates": [[-16.513364791870117, 13.836129188537598], [-16.511564254760742, 13.840529441833496], [-16.510583877563477, 13.851122856140137], [-16.51110076904297, 13.853643417358398], [-16.514198303222656, 13.855658531188965]]}, "properties": {"name": "Temporary stream", "type": "Temporary stream", "couleur": "#90CAF9"}}, {"type": "Feature", "geometry": {"type": "LineString", "coordinates": [[-13.869916915893555, 13.835577011108398], [-13.868231773376465, 13.858120918273926], [-13.869044303894043, 13.870299339294434], [-13.87239933013916, 13.877168655395508], [-13.87293529510498, 13.884750366210938], [-13.8707275390625, 13.901321411132812], [-13.858502388000488, 13.92946720123291]]}, "properties": {"name": "Temporary stream", "type": "Temporary stream", "couleur": "#90CAF9"}}, {"type": "Feature", "geometry": {"type": "LineString", "coordinates": [[-16.499889373779297, 13.845333099365234], [-16.489791870117188, 13.846429824829102], [-16.485990524291992, 13.844427108764648], [-16.48211097717285, 13.838288307189941], [-16.471086502075195, 13.840089797973633], [-16.466758728027344, 13.83510684967041], [-16.46397590637207, 13.837224960327148], [-16.46233558654785, 13.850358963012695]]}, "properties": {"name": "Temporary stream", "type": "Temporary stream", "couleur": "#90CAF9"}}, {"type": "Feature", "geometry": {"type": "LineString", "coordinates": [[-16.42702293395996, 13.83648681640625], [-16.42390251159668, 13.83309268951416], [-16.418487548828125, 13.832956314086914], [-16.415237426757812, 13.835310935974121], [-16.407949447631836, 13.83566665649414]]}, "properties": {"name": "Temporary stream", "type": "Temporary stream", "couleur": "#90CAF9"}}, {"type": "Feature", "geometry": {"type": "LineString", "coordinates": [[-16.40574836730957, 13.88283920288086], [-16.40357780456543, 13.879887580871582], [-16.394847869873047, 13.878658294677734], [-16.38521385192871, 13.866408348083496], [-16.38068962097168, 13.863496780395508], [-16.36262321472168, 13.866334915161133], [-16.34967613220215, 13.866095542907715], [-16.34564971923828, 13.864555358886719], [-16.32892417907715, 13.837247848510742], [-16.323688507080078, 13.832505226135254]]}, "properties": {"name": "Temporary stream", "type": "Temporary stream", "couleur": "#90CAF9"}}, {"type": "Feature", "geometry": {"type": "LineString", "coordinates": [[-16.635400772094727, 13.832113265991211], [-16.64019775390625, 13.84652328491211], [-16.63734245300293, 13.856368064880371]]}, "properties": {"name": "Temporary stream", "type": "Temporary stream", "couleur": "#90CAF9"}}, {"type": "Feature", "geometry": {"type": "LineString", "coordinates": [[-16.555601119995117, 13.830094337463379], [-16.552000045776367, 13.833517074584961]]}, "properties": {"name": "Temporary stream", "type": "Temporary stream", "couleur": "#90CAF9"}}, {"type": "Feature", "geometry": {"type": "LineString", "coordinates": [[-16.323688507080078, 13.832505226135254], [-16.32294464111328, 13.831830978393555], [-16.314453125, 13.830595016479492], [-16.303871154785156, 13.832218170166016], [-16.295917510986328, 13.833436965942383], [-16.28721046447754, 13.833353996276855], [-16.281024932861328, 13.829549789428711], [-16.276782989501953, 13.829160690307617], [-16.25872230529785, 13.832221984863281], [-16.2405948638916, 13.831604957580566]]}, "properties": {"name": "Temporary stream", "type": "Temporary stream", "couleur": "#90CAF9"}}, {"type": "Feature", "geometry": {"type": "LineString", "coordinates": [[-16.64910316467285, 13.872102737426758], [-16.65255355834961, 13.867901802062988], [-16.661609649658203, 13.849344253540039], [-16.662837982177734, 13.839665412902832], [-16.653217315673828, 13.828803062438965]]}, "properties": {"name": "Temporary stream", "type": "Temporary stream", "couleur": "#90CAF9"}}, {"type": "Feature", "geometry": {"type": "LineString", "coordinates": [[-12.887718200683594, 13.828620910644531], [-12.890328407287598, 13.833207130432129], [-12.896712303161621, 13.839383125305176], [-12.931188583374023, 13.864045143127441]]}, "properties": {"name": "Temporary stream", "type": "Temporary stream", "couleur": "#90CAF9"}}, {"type": "Feature", "geometry": {"type": "LineString", "coordinates": [[-13.422886848449707, 13.827869415283203], [-13.433993339538574, 13.834921836853027], [-13.452863693237305, 13.84192180633545], [-13.46163558959961, 13.851287841796875], [-13.46568489074707, 13.858158111572266], [-13.468992233276367, 13.859973907470703], [-13.476174354553223, 13.876937866210938]]}, "properties": {"name": "Temporary stream", "type": "Temporary stream", "couleur": "#90CAF9"}}, {"type": "Feature", "geometry": {"type": "LineString", "coordinates": [[-16.524431228637695, 13.82397747039795], [-16.522109985351562, 13.825628280639648], [-16.519184112548828, 13.832807540893555], [-16.513364791870117, 13.836129188537598]]}, "properties": {"name": "Temporary stream", "type": "Temporary stream", "couleur": "#90CAF9"}}, {"type": "Feature", "geometry": {"type": "LineString", "coordinates": [[-16.524431228637695, 13.82397747039795], [-16.52801513671875, 13.826903343200684], [-16.534591674804688, 13.826327323913574], [-16.54159164428711, 13.823214530944824], [-16.5474796295166, 13.823569297790527], [-16.54940414428711, 13.825835227966309], [-16.54928207397461, 13.831815719604492], [-16.552000045776367, 13.833517074584961]]}, "properties": {"name": "Temporary stream", "type": "Temporary stream", "couleur": "#90CAF9"}}, {"type": "Feature", "geometry": {"type": "LineString", "coordinates": [[-16.65894889831543, 13.820880889892578], [-16.653217315673828, 13.828803062438965]]}, "properties": {"name": "Temporary stream", "type": "Temporary stream", "couleur": "#90CAF9"}}, {"type": "Feature", "geometry": {"type": "LineString", "coordinates": [[-16.65894889831543, 13.820880889892578], [-16.667390823364258, 13.831765174865723], [-16.668943405151367, 13.839094161987305]]}, "properties": {"name": "Temporary stream", "type": "Temporary stream", "couleur": "#90CAF9"}}, {"type": "Feature", "geometry": {"type": "LineString", "coordinates": [[-16.507057189941406, 13.813247680664062], [-16.511213302612305, 13.821681022644043], [-16.513364791870117, 13.836129188537598]]}, "properties": {"name": "Temporary stream", "type": "Temporary stream", "couleur": "#90CAF9"}}, {"type": "Feature", "geometry": {"type": "LineString", "coordinates": [[-16.102872848510742, 13.812710762023926], [-16.112869262695312, 13.819448471069336], [-16.12161636352539, 13.8356294631958], [-16.128320693969727, 13.856213569641113], [-16.126554489135742, 13.862910270690918]]}, "properties": {"name": "Temporary stream", "type": "Temporary stream", "couleur": "#90CAF9"}}, {"type": "Feature", "geometry": {"type": "LineString", "coordinates": [[-14.979486465454102, 13.806782722473145], [-14.948208808898926, 13.844407081604004], [-14.924947738647461, 13.865378379821777], [-14.939591407775879, 13.883039474487305], [-14.950995445251465, 13.896791458129883]]}, "properties": {"name": "Temporary stream", "type": "Temporary stream", "couleur": "#90CAF9"}}, {"type": "Feature", "geometry": {"type": "LineString", "coordinates": [[-12.041465759277344, 13.897578239440918], [-12.046165466308594, 13.89458179473877], [-12.052989959716797, 13.894800186157227], [-12.064501762390137, 13.886273384094238], [-12.065436363220215, 13.88282299041748], [-12.061883926391602, 13.872024536132812], [-12.064224243164062, 13.865813255310059], [-12.078078269958496, 13.852914810180664], [-12.083927154541016, 13.837730407714844], [-12.090500831604004, 13.831971168518066], [-12.10483455657959, 13.824586868286133], [-12.114211082458496, 13.809855461120605], [-12.115877151489258, 13.808927536010742], [-12.121258735656738, 13.80593204498291]]}, "properties": {"name": "Temporary stream", "type": "Temporary stream", "couleur": "#90CAF9"}}, {"type": "Feature", "geometry": {"type": "LineString", "coordinates": [[-16.634958267211914, 13.821314811706543], [-16.617719650268555, 13.805530548095703]]}, "properties": {"name": "Temporary stream", "type": "Temporary stream", "couleur": "#90CAF9"}}, {"type": "Feature", "geometry": {"type": "LineString", "coordinates": [[-16.680294036865234, 13.805316925048828], [-16.67485237121582, 13.828179359436035], [-16.668943405151367, 13.839094161987305]]}, "properties": {"name": "Temporary stream", "type": "Temporary stream", "couleur": "#90CAF9"}}, {"type": "Feature", "geometry": {"type": "LineString", "coordinates": [[-12.887718200683594, 13.828620910644531], [-12.879499435424805, 13.831648826599121], [-12.857873916625977, 13.834968566894531], [-12.83952522277832, 13.835053443908691], [-12.817909240722656, 13.840438842773438], [-12.80685806274414, 13.84163761138916], [-12.79415225982666, 13.84123420715332], [-12.770376205444336, 13.837889671325684], [-12.761284828186035, 13.833406448364258], [-12.75882339477539, 13.832192420959473], [-12.73212718963623, 13.807247161865234], [-12.697545051574707, 13.806241035461426], [-12.689308166503906, 13.80512523651123]]}, "properties": {"name": "Temporary stream", "type": "Temporary stream", "couleur": "#90CAF9"}}, {"type": "Feature", "geometry": {"type": "LineString", "coordinates": [[-16.507057189941406, 13.813247680664062], [-16.510786056518555, 13.811342239379883], [-16.516315460205078, 13.805036544799805]]}, "properties": {"name": "Temporary stream", "type": "Temporary stream", "couleur": "#90CAF9"}}, {"type": "Feature", "geometry": {"type": "LineString", "coordinates": [[-16.516315460205078, 13.805036544799805], [-16.520809173583984, 13.81898307800293], [-16.524431228637695, 13.82397747039795]]}, "properties": {"name": "Temporary stream", "type": "Temporary stream", "couleur": "#90CAF9"}}, {"type": "Feature", "geometry": {"type": "LineString", "coordinates": [[-16.680294036865234, 13.805316925048828], [-16.68777084350586, 13.802652359008789]]}, "properties": {"name": "Temporary stream", "type": "Temporary stream", "couleur": "#90CAF9"}}, {"type": "Feature", "geometry": {"type": "LineString", "coordinates": [[-16.68003273010254, 13.840731620788574], [-16.682954788208008, 13.833550453186035], [-16.681161880493164, 13.825996398925781], [-16.68777084350586, 13.802652359008789]]}, "properties": {"name": "Temporary stream", "type": "Temporary stream", "couleur": "#90CAF9"}}, {"type": "Feature", "geometry": {"type": "LineString", "coordinates": [[-12.018034934997559, 13.825203895568848], [-12.02838134765625, 13.823348045349121], [-12.046963691711426, 13.822626113891602], [-12.054484367370605, 13.8193941116333], [-12.066924095153809, 13.806267738342285], [-12.07420825958252, 13.802345275878906], [-12.08290958404541, 13.80186939239502], [-12.095853805541992, 13.805293083190918], [-12.117490768432617, 13.803871154785156], [-12.121258735656738, 13.80593204498291]]}, "properties": {"name": "Temporary stream", "type": "Temporary stream", "couleur": "#90CAF9"}}, {"type": "Feature", "geometry": {"type": "LineString", "coordinates": [[-14.993696212768555, 13.800780296325684], [-14.988363265991211, 13.80207633972168], [-14.979486465454102, 13.806782722473145]]}, "properties": {"name": "Temporary stream", "type": "Temporary stream", "couleur": "#90CAF9"}}, {"type": "Feature", "geometry": {"type": "LineString", "coordinates": [[-16.681543350219727, 13.797282218933105], [-16.680294036865234, 13.805316925048828]]}, "properties": {"name": "Temporary stream", "type": "Temporary stream", "couleur": "#90CAF9"}}, {"type": "Feature", "geometry": {"type": "LineString", "coordinates": [[-16.71302604675293, 13.867720603942871], [-16.716012954711914, 13.86398696899414], [-16.714157104492188, 13.853215217590332], [-16.715686798095703, 13.847208976745605], [-16.721158981323242, 13.838139533996582], [-16.721527099609375, 13.832845687866211], [-16.71309471130371, 13.810466766357422], [-16.69618034362793, 13.799509048461914], [-16.69000816345215, 13.796632766723633]]}, "properties": {"name": "Temporary stream", "type": "Temporary stream", "couleur": "#90CAF9"}}, {"type": "Feature", "geometry": {"type": "LineString", "coordinates": [[-16.650558471679688, 13.812755584716797], [-16.653444290161133, 13.803735733032227], [-16.656774520874023, 13.793328285217285]]}, "properties": {"name": "Temporary stream", "type": "Temporary stream", "couleur": "#90CAF9"}}, {"type": "Feature", "geometry": {"type": "LineString", "coordinates": [[-12.121258735656738, 13.80593204498291], [-12.130898475646973, 13.804073333740234], [-12.137476921081543, 13.800841331481934], [-12.144747734069824, 13.79185962677002]]}, "properties": {"name": "Temporary stream", "type": "Temporary stream", "couleur": "#90CAF9"}}, {"type": "Feature", "geometry": {"type": "LineString", "coordinates": [[-15.141173362731934, 13.882477760314941], [-15.144970893859863, 13.867485046386719], [-15.13927173614502, 13.846176147460938], [-15.137350082397461, 13.825738906860352], [-15.138407707214355, 13.816988945007324], [-15.148699760437012, 13.795246124267578], [-15.147786140441895, 13.791805267333984]]}, "properties": {"name": "Temporary stream", "type": "Temporary stream", "couleur": "#90CAF9"}}, {"type": "Feature", "geometry": {"type": "LineString", "coordinates": [[-13.11473560333252, 13.790897369384766], [-13.115962982177734, 13.799626350402832], [-13.123608589172363, 13.819355964660645], [-13.124320030212402, 13.823166847229004], [-13.125066757202148, 13.827163696289062], [-13.124039649963379, 13.851998329162598], [-13.13578987121582, 13.888944625854492], [-13.132834434509277, 13.90597152709961], [-13.131114959716797, 13.933107376098633], [-13.126858711242676, 13.946809768676758], [-13.11774730682373, 13.969527244567871]]}, "properties": {"name": "Temporary stream", "type": "Temporary stream", "couleur": "#90CAF9"}}, {"type": "Feature", "geometry": {"type": "LineString", "coordinates": [[-12.165910720825195, 13.789745330810547], [-12.161208152770996, 13.790214538574219], [-12.154630661010742, 13.79367733001709], [-12.14828109741211, 13.794151306152344], [-12.144747734069824, 13.79185962677002]]}, "properties": {"name": "Faleme", "type": "Secondary river", "couleur": "#1976D2"}}, {"type": "Feature", "geometry": {"type": "LineString", "coordinates": [[-12.165910720825195, 13.789745330810547], [-12.169203758239746, 13.789737701416016], [-12.183126449584961, 13.807868957519531], [-12.190460205078125, 13.824634552001953], [-12.187650680541992, 13.829928398132324], [-12.17072868347168, 13.836173057556152], [-12.16697883605957, 13.841927528381348], [-12.165143013000488, 13.861013412475586], [-12.168951034545898, 13.878706932067871]]}, "properties": {"name": "Faleme", "type": "Secondary river", "couleur": "#1976D2"}}, {"type": "Feature", "geometry": {"type": "LineString", "coordinates": [[-12.931188583374023, 13.864045143127441], [-12.947637557983398, 13.860284805297852], [-12.968998908996582, 13.851442337036133], [-12.977182388305664, 13.841975212097168], [-12.989357948303223, 13.831568717956543], [-13.000614166259766, 13.825303077697754], [-13.027144432067871, 13.815969467163086], [-13.03888988494873, 13.81314754486084], [-13.046001434326172, 13.812252044677734], [-13.0769681930542, 13.808347702026367], [-13.084945678710938, 13.804855346679688], [-13.087505340576172, 13.800243377685547], [-13.085110664367676, 13.792900085449219], [-13.086509704589844, 13.790822982788086], [-13.09426498413086, 13.789630889892578], [-13.11473560333252, 13.790897369384766]]}, "properties": {"name": "Temporary stream", "type": "Temporary stream", "couleur": "#90CAF9"}}, {"type": "Feature", "geometry": {"type": "LineString", "coordinates": [[-13.74809455871582, 13.868510246276855], [-13.751347541809082, 13.863656997680664], [-13.752904891967773, 13.852839469909668], [-13.752541542053223, 13.83743953704834], [-13.756701469421387, 13.82844066619873], [-13.755488395690918, 13.824082374572754], [-13.758288383483887, 13.821301460266113], [-13.76392936706543, 13.820796966552734], [-13.767427444458008, 13.817091941833496], [-13.773411750793457, 13.801411628723145], [-13.77878189086914, 13.796770095825195], [-13.791226387023926, 13.794142723083496], [-13.801528930664062, 13.788542747497559], [-13.812586784362793, 13.788914680480957], [-13.818735122680664, 13.792773246765137], [-13.82793140411377, 13.79545783996582], [-13.8375825881958, 13.79629898071289], [-13.849159240722656, 13.8021821975708], [-13.855413436889648, 13.817994117736816], [-13.86441707611084, 13.825507164001465], [-13.86489486694336, 13.826382637023926], [-13.869916915893555, 13.835577011108398]]}, "properties": {"name": "Temporary stream", "type": "Temporary stream", "couleur": "#90CAF9"}}, {"type": "Feature", "geometry": {"type": "LineString", "coordinates": [[-16.615093231201172, 13.791090965270996], [-16.605634689331055, 13.78850269317627]]}, "properties": {"name": "Temporary stream", "type": "Temporary stream", "couleur": "#90CAF9"}}, {"type": "Feature", "geometry": {"type": "LineString", "coordinates": [[-12.165910720825195, 13.789745330810547], [-12.165192604064941, 13.784688949584961]]}, "properties": {"name": "Temporary stream", "type": "Temporary stream", "couleur": "#90CAF9"}}, {"type": "Feature", "geometry": {"type": "LineString", "coordinates": [[-16.605634689331055, 13.78850269317627], [-16.59711265563965, 13.785666465759277], [-16.589035034179688, 13.774104118347168]]}, "properties": {"name": "Temporary stream", "type": "Temporary stream", "couleur": "#90CAF9"}}, {"type": "Feature", "geometry": {"type": "LineString", "coordinates": [[-16.589035034179688, 13.774104118347168], [-16.595008850097656, 13.77397632598877], [-16.59828758239746, 13.777798652648926], [-16.605634689331055, 13.78850269317627]]}, "properties": {"name": "Temporary stream", "type": "Temporary stream", "couleur": "#90CAF9"}}, {"type": "Feature", "geometry": {"type": "LineString", "coordinates": [[-16.516315460205078, 13.805036544799805], [-16.52705192565918, 13.787832260131836], [-16.530048370361328, 13.771913528442383], [-16.533754348754883, 13.768858909606934], [-16.534759521484375, 13.772290229797363], [-16.533037185668945, 13.780828475952148], [-16.533897399902344, 13.789090156555176], [-16.526153564453125, 13.802794456481934], [-16.525787353515625, 13.808319091796875], [-16.52849769592285, 13.81493854522705], [-16.53326988220215, 13.818532943725586], [-16.537525177001953, 13.819607734680176], [-16.551132202148438, 13.817527770996094], [-16.55330467224121, 13.820476531982422], [-16.55543327331543, 13.829385757446289], [-16.555601119995117, 13.830094337463379]]}, "properties": {"name": "Temporary stream", "type": "Temporary stream", "couleur": "#90CAF9"}}, {"type": "Feature", "geometry": {"type": "LineString", "coordinates": [[-16.589035034179688, 13.774104118347168], [-16.58258819580078, 13.768729209899902]]}, "properties": {"name": "Temporary stream", "type": "Temporary stream", "couleur": "#90CAF9"}}, {"type": "Feature", "geometry": {"type": "LineString", "coordinates": [[-15.420458793640137, 13.94568157196045], [-15.429119110107422, 13.942343711853027], [-15.451170921325684, 13.9374418258667], [-15.483476638793945, 13.925727844238281], [-15.534163475036621, 13.889141082763672], [-15.536096572875977, 13.887743949890137], [-15.554178237915039, 13.869555473327637], [-15.564221382141113, 13.864583969116211], [-15.570794105529785, 13.863571166992188], [-15.57939338684082, 13.856550216674805], [-15.586519241333008, 13.845412254333496], [-15.601826667785645, 13.830938339233398], [-15.611706733703613, 13.815391540527344], [-15.61809253692627, 13.802193641662598], [-15.620317459106445, 13.799579620361328], [-15.633343696594238, 13.784268379211426], [-15.641373634338379, 13.77104663848877], [-15.643755912780762, 13.764138221740723]]}, "properties": {"name": "Temporary stream", "type": "Temporary stream", "couleur": "#90CAF9"}}, {"type": "Feature", "geometry": {"type": "LineString", "coordinates": [[-13.557899475097656, 13.856595993041992], [-13.550168991088867, 13.790350914001465], [-13.537653923034668, 13.761330604553223]]}, "properties": {"name": "Temporary stream", "type": "Temporary stream", "couleur": "#90CAF9"}}, {"type": "Feature", "geometry": {"type": "LineString", "coordinates": [[-15.643755912780762, 13.764138221740723], [-15.605422973632812, 13.758001327514648], [-15.585044860839844, 13.763582229614258], [-15.5778169631958, 13.767824172973633], [-15.562265396118164, 13.781611442565918], [-15.556172370910645, 13.78307819366455], [-15.534395217895508, 13.77396011352539], [-15.527485847473145, 13.766988754272461], [-15.526753425598145, 13.766249656677246], [-15.517555236816406, 13.764540672302246], [-15.50725269317627, 13.767674446105957], [-15.493265151977539, 13.776147842407227], [-15.483288764953613, 13.785484313964844]]}, "properties": {"name": "Temporary stream", "type": "Temporary stream", "couleur": "#90CAF9"}}, {"type": "Feature", "geometry": {"type": "LineString", "coordinates": [[-15.643755912780762, 13.764138221740723], [-15.645627975463867, 13.761322975158691], [-15.653193473815918, 13.756576538085938]]}, "properties": {"name": "Temporary stream", "type": "Temporary stream", "couleur": "#90CAF9"}}, {"type": "Feature", "geometry": {"type": "LineString", "coordinates": [[-15.234100341796875, 13.751984596252441], [-15.264015197753906, 13.799036979675293]]}, "properties": {"name": "Temporary stream", "type": "Temporary stream", "couleur": "#90CAF9"}}, {"type": "Feature", "geometry": {"type": "LineString", "coordinates": [[-12.165192604064941, 13.784688949584961], [-12.192683219909668, 13.773591995239258], [-12.212384223937988, 13.752625465393066], [-12.225072860717773, 13.748456954956055], [-12.235186576843262, 13.74912166595459], [-12.258461952209473, 13.746994972229004], [-12.281991004943848, 13.74820613861084], [-12.305267333984375, 13.74940299987793], [-12.317744255065918, 13.753735542297363]]}, "properties": {"name": "Temporary stream", "type": "Temporary stream", "couleur": "#90CAF9"}}, {"type": "Feature", "geometry": {"type": "LineString", "coordinates": [[-16.499889373779297, 13.845333099365234], [-16.50429916381836, 13.829390525817871], [-16.50371742248535, 13.823423385620117], [-16.500825881958008, 13.819795608520508], [-16.493471145629883, 13.816475868225098], [-16.490346908569336, 13.812851905822754], [-16.49372100830078, 13.804513931274414], [-16.491661071777344, 13.794893264770508], [-16.492008209228516, 13.788219451904297], [-16.495407104492188, 13.781261444091797], [-16.4984188079834, 13.778678894042969], [-16.501569747924805, 13.771036148071289], [-16.50315284729004, 13.754912376403809], [-16.507076263427734, 13.750934600830078], [-16.51528549194336, 13.749640464782715], [-16.516422271728516, 13.747550964355469], [-16.516357421875, 13.744101524353027], [-16.511552810668945, 13.738668441772461], [-16.506559371948242, 13.735767364501953]]}, "properties": {"name": "Temporary stream", "type": "Temporary stream", "couleur": "#90CAF9"}}, {"type": "Feature", "geometry": {"type": "LineString", "coordinates": [[-16.617490768432617, 13.731493949890137], [-16.59815216064453, 13.728622436523438]]}, "properties": {"name": "Temporary stream", "type": "Temporary stream", "couleur": "#90CAF9"}}, {"type": "Feature", "geometry": {"type": "LineString", "coordinates": [[-13.869916915893555, 13.835577011108398], [-13.878561973571777, 13.828839302062988], [-13.887015342712402, 13.827159881591797], [-13.889817237854004, 13.824837684631348], [-13.895095825195312, 13.809850692749023], [-13.897895812988281, 13.807297706604004], [-13.902832984924316, 13.807025909423828], [-13.911343574523926, 13.811783790588379], [-13.915569305419922, 13.81082820892334], [-13.921882629394531, 13.806636810302734], [-13.925878524780273, 13.806373596191406], [-13.936749458312988, 13.811799049377441], [-13.943802833557129, 13.81151008605957], [-13.952645301818848, 13.800857543945312], [-13.96207046508789, 13.802618026733398], [-13.965577125549316, 13.800289154052734], [-13.968897819519043, 13.793088912963867], [-13.97249698638916, 13.785284996032715], [-13.976322174072266, 13.766399383544922], [-13.984048843383789, 13.762654304504395], [-13.985898971557617, 13.75918960571289], [-13.987640380859375, 13.744000434875488], [-13.991813659667969, 13.737526893615723], [-13.994071960449219, 13.727391242980957]]}, "properties": {"name": "Temporary stream", "type": "Temporary stream", "couleur": "#90CAF9"}}, {"type": "Feature", "geometry": {"type": "LineString", "coordinates": [[-16.575542449951172, 13.726957321166992], [-16.572772979736328, 13.729765892028809], [-16.571701049804688, 13.73530387878418], [-16.574430465698242, 13.742842674255371], [-16.58110809326172, 13.747782707214355], [-16.584556579589844, 13.755998611450195], [-16.587913513183594, 13.759387016296387], [-16.593360900878906, 13.761359214782715], [-16.60276222229004, 13.760960578918457], [-16.607425689697266, 13.758808135986328], [-16.61042022705078, 13.755535125732422], [-16.611305236816406, 13.752530097961426], [-16.60588836669922, 13.739750862121582], [-16.60887908935547, 13.736248016357422], [-16.626251220703125, 13.7345552444458], [-16.6358699798584, 13.733231544494629], [-16.641347885131836, 13.736812591552734]]}, "properties": {"name": "Temporary stream", "type": "Temporary stream", "couleur": "#90CAF9"}}, {"type": "Feature", "geometry": {"type": "LineString", "coordinates": [[-16.59815216064453, 13.728622436523438], [-16.596601486206055, 13.733709335327148], [-16.601099014282227, 13.74765396118164], [-16.59979248046875, 13.753196716308594], [-16.59746742248535, 13.754617691040039], [-16.59320831298828, 13.753314018249512], [-16.591585159301758, 13.742076873779297], [-16.589412689208984, 13.739126205444336], [-16.58298683166504, 13.735101699829102], [-16.575542449951172, 13.726957321166992]]}, "properties": {"name": "Temporary stream", "type": "Temporary stream", "couleur": "#90CAF9"}}, {"type": "Feature", "geometry": {"type": "LineString", "coordinates": [[-16.617490768432617, 13.731493949890137], [-16.624082565307617, 13.73183536529541], [-16.63204574584961, 13.730081558227539], [-16.642765045166016, 13.72482967376709]]}, "properties": {"name": "Temporary stream", "type": "Temporary stream", "couleur": "#90CAF9"}}, {"type": "Feature", "geometry": {"type": "LineString", "coordinates": [[-16.642765045166016, 13.72482967376709], [-16.641347885131836, 13.736812591552734]]}, "properties": {"name": "Temporary stream", "type": "Temporary stream", "couleur": "#90CAF9"}}, {"type": "Feature", "geometry": {"type": "LineString", "coordinates": [[-16.421615600585938, 13.720693588256836], [-16.434551239013672, 13.720699310302734], [-16.445886611938477, 13.723261833190918], [-16.449241638183594, 13.726653099060059], [-16.456575393676758, 13.72905445098877], [-16.473526000976562, 13.72990894317627], [-16.49110221862793, 13.7392578125], [-16.50238800048828, 13.739059448242188], [-16.506559371948242, 13.735767364501953]]}, "properties": {"name": "Temporary stream", "type": "Temporary stream", "couleur": "#90CAF9"}}, {"type": "Feature", "geometry": {"type": "LineString", "coordinates": [[-16.548616409301758, 13.741191864013672], [-16.545848846435547, 13.72380542755127], [-16.54303550720215, 13.7197265625]]}, "properties": {"name": "Temporary stream", "type": "Temporary stream", "couleur": "#90CAF9"}}, {"type": "Feature", "geometry": {"type": "LineString", "coordinates": [[-11.98103141784668, 13.784342765808105], [-11.992541313171387, 13.776277542114258], [-12.005687713623047, 13.762922286987305], [-12.015482902526855, 13.755901336669922], [-12.01667308807373, 13.755047798156738], [-12.03903865814209, 13.740336418151855], [-12.049846649169922, 13.735718727111816], [-12.079435348510742, 13.71589183807373]]}, "properties": {"name": "Temporary stream", "type": "Temporary stream", "couleur": "#90CAF9"}}, {"type": "Feature", "geometry": {"type": "LineString", "coordinates": [[-12.144747734069824, 13.79185962677002], [-12.1395263671875, 13.772098541259766], [-12.136459350585938, 13.76773738861084], [-12.121379852294922, 13.755583763122559], [-12.112177848815918, 13.742267608642578], [-12.10322380065918, 13.733779907226562], [-12.089330673217773, 13.725299835205078], [-12.079435348510742, 13.71589183807373]]}, "properties": {"name": "Faleme", "type": "Secondary river", "couleur": "#1976D2"}}, {"type": "Feature", "geometry": {"type": "LineString", "coordinates": [[-16.569862365722656, 13.71257209777832], [-16.569927215576172, 13.716019630432129], [-16.575542449951172, 13.726957321166992]]}, "properties": {"name": "Temporary stream", "type": "Temporary stream", "couleur": "#90CAF9"}}, {"type": "Feature", "geometry": {"type": "LineString", "coordinates": [[-13.90993881225586, 13.70695686340332], [-13.94741153717041, 13.71652603149414], [-13.954031944274902, 13.720377922058105], [-13.964466094970703, 13.729945182800293], [-13.969890594482422, 13.731738090515137], [-13.994071960449219, 13.727391242980957]]}, "properties": {"name": "Temporary stream", "type": "Temporary stream", "couleur": "#90CAF9"}}, {"type": "Feature", "geometry": {"type": "LineString", "coordinates": [[-16.556318283081055, 13.718844413757324], [-16.55426788330078, 13.708709716796875], [-16.557485580444336, 13.703776359558105]]}, "properties": {"name": "Temporary stream", "type": "Temporary stream", "couleur": "#90CAF9"}}, {"type": "Feature", "geometry": {"type": "LineString", "coordinates": [[-16.569862365722656, 13.71257209777832], [-16.557485580444336, 13.703776359558105]]}, "properties": {"name": "Temporary stream", "type": "Temporary stream", "couleur": "#90CAF9"}}, {"type": "Feature", "geometry": {"type": "LineString", "coordinates": [[-12.401299476623535, 13.703376770019531], [-12.40720272064209, 13.710945129394531], [-12.41616153717041, 13.717815399169922], [-12.435468673706055, 13.725341796875], [-12.453145027160645, 13.73678207397461], [-12.46281623840332, 13.745257377624512], [-12.472745895385742, 13.75993824005127], [-12.479109764099121, 13.763825416564941], [-12.497941017150879, 13.768590927124023], [-12.505233764648438, 13.769025802612305], [-12.506107330322266, 13.769375801086426], [-12.528552055358887, 13.778371810913086], [-12.546488761901855, 13.794171333312988], [-12.553780555725098, 13.794376373291016], [-12.562972068786621, 13.798940658569336], [-12.566262245178223, 13.798239707946777], [-12.581579208374023, 13.805540084838867], [-12.59500503540039, 13.810088157653809], [-12.607043266296387, 13.820389747619629], [-12.612154960632324, 13.831754684448242], [-12.614165306091309, 13.836224555969238]]}, "properties": {"name": "Temporary stream", "type": "Temporary stream", "couleur": "#90CAF9"}}, {"type": "Feature", "geometry": {"type": "LineString", "coordinates": [[-16.557485580444336, 13.703776359558105], [-16.561845779418945, 13.698917388916016], [-16.56461524963379, 13.6961088180542]]}, "properties": {"name": "Temporary stream", "type": "Temporary stream", "couleur": "#90CAF9"}}, {"type": "Feature", "geometry": {"type": "LineString", "coordinates": [[-16.56461524963379, 13.6961088180542], [-16.56800079345703, 13.701107025146484], [-16.569862365722656, 13.71257209777832]]}, "properties": {"name": "Temporary stream", "type": "Temporary stream", "couleur": "#90CAF9"}}, {"type": "Feature", "geometry": {"type": "LineString", "coordinates": [[-12.887718200683594, 13.828620910644531], [-12.883216857910156, 13.82243537902832], [-12.880111694335938, 13.813254356384277], [-12.871830940246582, 13.757197380065918], [-12.861591339111328, 13.731955528259277], [-12.853805541992188, 13.726932525634766], [-12.843432426452637, 13.721463203430176], [-12.838635444641113, 13.72178840637207], [-12.836145401000977, 13.721957206726074], [-12.824872970581055, 13.724998474121094], [-12.805405616760254, 13.735429763793945], [-12.776001930236816, 13.733490943908691], [-12.716885566711426, 13.712821006774902], [-12.716241836547852, 13.712655067443848], [-12.697582244873047, 13.707841873168945], [-12.68509292602539, 13.701684951782227], [-12.677533149719238, 13.693438529968262]]}, "properties": {"name": "Temporary stream", "type": "Temporary stream", "couleur": "#90CAF9"}}, {"type": "Feature", "geometry": {"type": "LineString", "coordinates": [[-16.557485580444336, 13.703776359558105], [-16.556371688842773, 13.699688911437988], [-16.559053421020508, 13.692123413085938]]}, "properties": {"name": "Temporary stream", "type": "Temporary stream", "couleur": "#90CAF9"}}, {"type": "Feature", "geometry": {"type": "LineString", "coordinates": [[-14.041723251342773, 13.693175315856934], [-14.033891677856445, 13.68542766571045], [-14.026835441589355, 13.685258865356445], [-14.020783424377441, 13.691750526428223], [-14.019975662231445, 13.706012725830078], [-14.0158052444458, 13.712717056274414], [-14.013821601867676, 13.726988792419434], [-14.011491775512695, 13.729308128356934], [-14.00584602355957, 13.729127883911133], [-14.001111030578613, 13.725720405578613], [-13.99687671661377, 13.7255277633667], [-13.994071960449219, 13.727391242980957]]}, "properties": {"name": "Temporary stream", "type": "Temporary stream", "couleur": "#90CAF9"}}, {"type": "Feature", "geometry": {"type": "LineString", "coordinates": [[-14.090407371520996, 13.866321563720703], [-14.09130859375, 13.862174987792969], [-14.08861255645752, 13.850934028625488], [-14.089929580688477, 13.841036796569824], [-14.09406852722168, 13.831113815307617], [-14.10280704498291, 13.78574275970459], [-14.113446235656738, 13.767024040222168], [-14.11262035369873, 13.754616737365723], [-14.114190101623535, 13.746785163879395], [-14.114774703979492, 13.744954109191895], [-14.120809555053711, 13.726032257080078], [-14.126466751098633, 13.718034744262695], [-14.134614944458008, 13.694867134094238], [-14.131458282470703, 13.684549331665039]]}, "properties": {"name": "Temporary stream", "type": "Temporary stream", "couleur": "#90CAF9"}}, {"type": "Feature", "geometry": {"type": "LineString", "coordinates": [[-16.54303550720215, 13.7197265625], [-16.53807830810547, 13.723254203796387], [-16.536359786987305, 13.719375610351562], [-16.539209365844727, 13.708288192749023], [-16.53738021850586, 13.698431968688965], [-16.539823532104492, 13.690799713134766], [-16.543058395385742, 13.687753677368164], [-16.543682098388672, 13.68337345123291], [-16.541540145874023, 13.682032585144043], [-16.537105560302734, 13.683720588684082], [-16.534595489501953, 13.68790340423584], [-16.527463912963867, 13.708954811096191], [-16.518098831176758, 13.723836898803711], [-16.51348114013672, 13.728517532348633], [-16.51307487487793, 13.731972694396973], [-16.519556045532227, 13.738987922668457], [-16.521535873413086, 13.744240760803223], [-16.519521713256836, 13.749794960021973], [-16.510997772216797, 13.759373664855957], [-16.50971031188965, 13.766064643859863], [-16.510303497314453, 13.772722244262695], [-16.50802993774414, 13.776901245117188], [-16.498567581176758, 13.786725044250488], [-16.496795654296875, 13.792733192443848], [-16.507057189941406, 13.813247680664062]]}, "properties": {"name": "Temporary stream", "type": "Temporary stream", "couleur": "#90CAF9"}}, {"type": "Feature", "geometry": {"type": "LineString", "coordinates": [[-12.055139541625977, 13.678232192993164], [-12.05938720703125, 13.686040878295898], [-12.071406364440918, 13.699583053588867], [-12.079435348510742, 13.71589183807373]]}, "properties": {"name": "Faleme", "type": "Secondary river", "couleur": "#1976D2"}}, {"type": "Feature", "geometry": {"type": "LineString", "coordinates": [[-16.54303550720215, 13.7197265625], [-16.542272567749023, 13.715633392333984], [-16.544204711914062, 13.698771476745605], [-16.550994873046875, 13.684623718261719], [-16.551088333129883, 13.677033424377441]]}, "properties": {"name": "Temporary stream", "type": "Temporary stream", "couleur": "#90CAF9"}}, {"type": "Feature", "geometry": {"type": "LineString", "coordinates": [[-16.1953182220459, 13.676918983459473], [-16.195859909057617, 13.681049346923828], [-16.189525604248047, 13.695409774780273], [-16.187231063842773, 13.712233543395996], [-16.1825008392334, 13.724267959594727], [-16.181772232055664, 13.736466407775879], [-16.18410301208496, 13.748845100402832]]}, "properties": {"name": "Temporary stream", "type": "Temporary stream", "couleur": "#90CAF9"}}, {"type": "Feature", "geometry": {"type": "LineString", "coordinates": [[-16.529401779174805, 13.674199104309082], [-16.523765563964844, 13.674528121948242], [-16.521209716796875, 13.676183700561523], [-16.521718978881836, 13.690890312194824], [-16.526369094848633, 13.68804931640625], [-16.530929565429688, 13.680379867553711], [-16.531091690063477, 13.676467895507812], [-16.529401779174805, 13.674199104309082]]}, "properties": {"name": "Temporary stream", "type": "Temporary stream", "couleur": "#90CAF9"}}, {"type": "Feature", "geometry": {"type": "LineString", "coordinates": [[-14.131458282470703, 13.684549331665039], [-14.129830360412598, 13.68640422821045], [-14.123010635375977, 13.686236381530762], [-14.111454010009766, 13.682662963867188], [-14.091853141784668, 13.673643112182617], [-14.086674690246582, 13.67300033569336], [-14.083877563476562, 13.675554275512695], [-14.078861236572266, 13.691924095153809], [-14.073769569396973, 13.70047664642334], [-14.066081047058105, 13.707903861999512], [-14.061147689819336, 13.708407402038574], [-14.054551124572754, 13.707086563110352], [-14.041723251342773, 13.693175315856934]]}, "properties": {"name": "Temporary stream", "type": "Temporary stream", "couleur": "#90CAF9"}}, {"type": "Feature", "geometry": {"type": "LineString", "coordinates": [[-14.780259132385254, 13.672795295715332], [-14.769824981689453, 13.684869766235352], [-14.762040138244629, 13.702203750610352], [-14.759129524230957, 13.714423179626465], [-14.760464668273926, 13.727513313293457], [-14.759629249572754, 13.736260414123535], [-14.736257553100586, 13.768024444580078]]}, "properties": {"name": "Temporary stream", "type": "Temporary stream", "couleur": "#90CAF9"}}, {"type": "Feature", "geometry": {"type": "LineString", "coordinates": [[-14.295953750610352, 13.834965705871582], [-14.279313087463379, 13.818114280700684], [-14.26606273651123, 13.81065559387207], [-14.260354042053223, 13.804503440856934], [-14.251128196716309, 13.799304008483887], [-14.248491287231445, 13.794501304626465], [-14.244815826416016, 13.756831169128418], [-14.247061729431152, 13.746463775634766], [-14.251001358032227, 13.740677833557129], [-14.253826141357422, 13.732659339904785], [-14.254658699035645, 13.730297088623047], [-14.265727996826172, 13.709037780761719], [-14.28683090209961, 13.680322647094727], [-14.289806365966797, 13.672476768493652]]}, "properties": {"name": "Temporary stream", "type": "Temporary stream", "couleur": "#90CAF9"}}, {"type": "Feature", "geometry": {"type": "LineString", "coordinates": [[-14.289806365966797, 13.672476768493652], [-14.302624702453613, 13.684307098388672], [-14.31255054473877, 13.689269065856934], [-14.315176010131836, 13.69292163848877], [-14.317387580871582, 13.702096939086914], [-14.31702995300293, 13.712906837463379], [-14.32286262512207, 13.731013298034668], [-14.32710075378418, 13.753963470458984], [-14.333146095275879, 13.769766807556152], [-14.340407371520996, 13.782270431518555], [-14.344164848327637, 13.788740158081055]]}, "properties": {"name": "Temporary stream", "type": "Temporary stream", "couleur": "#90CAF9"}}, {"type": "Feature", "geometry": {"type": "LineString", "coordinates": [[-14.780259132385254, 13.672795295715332], [-14.791048049926758, 13.67230224609375]]}, "properties": {"name": "Temporary stream", "type": "Temporary stream", "couleur": "#90CAF9"}}, {"type": "Feature", "geometry": {"type": "LineString", "coordinates": [[-16.518543243408203, 13.671860694885254], [-16.513965606689453, 13.678610801696777], [-16.512929916381836, 13.686217308044434], [-16.513965606689453, 13.69125747680664], [-16.5166072845459, 13.694199562072754], [-16.522979736328125, 13.695466995239258], [-16.524898529052734, 13.697503089904785], [-16.523086547851562, 13.701214790344238], [-16.513553619384766, 13.707131385803223], [-16.509660720825195, 13.71271800994873], [-16.505855560302734, 13.723133087158203], [-16.504619598388672, 13.732583045959473], [-16.506559371948242, 13.735767364501953]]}, "properties": {"name": "Temporary stream", "type": "Temporary stream", "couleur": "#90CAF9"}}, {"type": "Feature", "geometry": {"type": "LineString", "coordinates": [[-16.551088333129883, 13.677033424377441], [-16.554058074951172, 13.672381401062012], [-16.56781005859375, 13.66592788696289]]}, "properties": {"name": "Temporary stream", "type": "Temporary stream", "couleur": "#90CAF9"}}, {"type": "Feature", "geometry": {"type": "LineString", "coordinates": [[-16.56461524963379, 13.6961088180542], [-16.567703247070312, 13.685246467590332], [-16.570898056030273, 13.680130958557129], [-16.56781005859375, 13.66592788696289]]}, "properties": {"name": "Temporary stream", "type": "Temporary stream", "couleur": "#90CAF9"}}, {"type": "Feature", "geometry": {"type": "LineString", "coordinates": [[-16.628427505493164, 13.663461685180664], [-16.62666130065918, 13.669472694396973], [-16.6243953704834, 13.686300277709961], [-16.61934471130371, 13.692830085754395], [-16.61805534362793, 13.698564529418945], [-16.61894416809082, 13.708932876586914], [-16.617490768432617, 13.731493949890137]]}, "properties": {"name": "Temporary stream", "type": "Temporary stream", "couleur": "#90CAF9"}}, {"type": "Feature", "geometry": {"type": "LineString", "coordinates": [[-16.610002517700195, 13.683490753173828], [-16.61573600769043, 13.676108360290527], [-16.617698669433594, 13.668024063110352], [-16.61687660217285, 13.66183090209961], [-16.616195678710938, 13.661622047424316]]}, "properties": {"name": "Temporary stream", "type": "Temporary stream", "couleur": "#90CAF9"}}, {"type": "Feature", "geometry": {"type": "LineString", "coordinates": [[-15.819572448730469, 13.82026195526123], [-15.814813613891602, 13.776521682739258], [-15.792986869812012, 13.735234260559082], [-15.791948318481445, 13.72904109954834], [-15.794829368591309, 13.717961311340332], [-15.795737266540527, 13.701162338256836], [-15.795445442199707, 13.699790954589844], [-15.790908813476562, 13.678470611572266], [-15.783965110778809, 13.661421775817871]]}, "properties": {"name": "Temporary stream", "type": "Temporary stream", "couleur": "#90CAF9"}}, {"type": "Feature", "geometry": {"type": "LineString", "coordinates": [[-16.545024871826172, 13.667362213134766], [-16.541940689086914, 13.665698051452637], [-16.536914825439453, 13.660958290100098], [-16.534090042114258, 13.660778045654297], [-16.518543243408203, 13.671860694885254]]}, "properties": {"name": "Temporary stream", "type": "Temporary stream", "couleur": "#90CAF9"}}, {"type": "Feature", "geometry": {"type": "LineString", "coordinates": [[-16.559236526489258, 13.660101890563965], [-16.552732467651367, 13.66435718536377], [-16.545024871826172, 13.667362213134766]]}, "properties": {"name": "Temporary stream", "type": "Temporary stream", "couleur": "#90CAF9"}}, {"type": "Feature", "geometry": {"type": "LineString", "coordinates": [[-16.522550582885742, 13.659832000732422], [-16.518543243408203, 13.671860694885254]]}, "properties": {"name": "Temporary stream", "type": "Temporary stream", "couleur": "#90CAF9"}}, {"type": "Feature", "geometry": {"type": "LineString", "coordinates": [[-16.56781005859375, 13.66592788696289], [-16.58009910583496, 13.65674114227295]]}, "properties": {"name": "Temporary stream", "type": "Temporary stream", "couleur": "#90CAF9"}}, {"type": "Feature", "geometry": {"type": "LineString", "coordinates": [[-16.59815216064453, 13.728622436523438], [-16.594560623168945, 13.725236892700195], [-16.593994140625, 13.72018814086914], [-16.597251892089844, 13.705872535705566], [-16.596406936645508, 13.698792457580566], [-16.588743209838867, 13.678661346435547], [-16.58009910583496, 13.65674114227295]]}, "properties": {"name": "Temporary stream", "type": "Temporary stream", "couleur": "#90CAF9"}}, {"type": "Feature", "geometry": {"type": "LineString", "coordinates": [[-12.689308166503906, 13.80512523651123], [-12.68506145477295, 13.801923751831055], [-12.668595314025879, 13.801989555358887], [-12.663407325744629, 13.79902172088623], [-12.660116195678711, 13.799263954162598], [-12.652177810668945, 13.786147117614746], [-12.642351150512695, 13.769906044006348], [-12.638809204101562, 13.766471862792969], [-12.630032539367676, 13.74857234954834], [-12.613975524902344, 13.732770919799805], [-12.60170841217041, 13.722930908203125], [-12.580730438232422, 13.710363388061523], [-12.56914234161377, 13.693392753601074], [-12.568674087524414, 13.693070411682129], [-12.563484191894531, 13.689504623413086], [-12.555923461914062, 13.679644584655762], [-12.549322128295898, 13.675299644470215], [-12.5338134765625, 13.677424430847168], [-12.528168678283691, 13.676753997802734], [-12.509628295898438, 13.685785293579102], [-12.495530128479004, 13.688131332397461], [-12.489871978759766, 13.683782577514648], [-12.478277206420898, 13.663357734680176], [-12.473092079162598, 13.659466743469238], [-12.466506958007812, 13.658798217773438], [-12.464863777160645, 13.659446716308594], [-12.454768180847168, 13.663434982299805], [-12.435961723327637, 13.663724899291992], [-12.423027038574219, 13.662385940551758], [-12.407723426818848, 13.655534744262695], [-12.387738227844238, 13.654674530029297]]}, "properties": {"name": "Temporary stream", "type": "Temporary stream", "couleur": "#90CAF9"}}, {"type": "Feature", "geometry": {"type": "LineString", "coordinates": [[-16.624710083007812, 13.653410911560059], [-16.62104606628418, 13.658535957336426], [-16.616195678710938, 13.661622047424316]]}, "properties": {"name": "Temporary stream", "type": "Temporary stream", "couleur": "#90CAF9"}}, {"type": "Feature", "geometry": {"type": "LineString", "coordinates": [[-14.28302001953125, 13.6527681350708], [-14.285888671875, 13.657339096069336], [-14.289806365966797, 13.672476768493652]]}, "properties": {"name": "Temporary stream", "type": "Temporary stream", "couleur": "#90CAF9"}}, {"type": "Feature", "geometry": {"type": "LineString", "coordinates": [[-14.131458282470703, 13.684549331665039], [-14.132835388183594, 13.6810884475708], [-14.132951736450195, 13.668901443481445], [-14.134812355041504, 13.666813850402832], [-14.143054008483887, 13.66811752319336], [-14.150373458862305, 13.671269416809082], [-14.164704322814941, 13.67021656036377], [-14.174897193908691, 13.678629875183105], [-14.1800537109375, 13.676971435546875], [-14.184700012207031, 13.67141056060791], [-14.186750411987305, 13.66472339630127], [-14.185768127441406, 13.66059398651123], [-14.180042266845703, 13.652140617370605]]}, "properties": {"name": "Temporary stream", "type": "Temporary stream", "couleur": "#90CAF9"}}, {"type": "Feature", "geometry": {"type": "LineString", "coordinates": [[-16.492395401000977, 13.669331550598145], [-16.510406494140625, 13.651538848876953]]}, "properties": {"name": "Temporary stream", "type": "Temporary stream", "couleur": "#90CAF9"}}, {"type": "Feature", "geometry": {"type": "LineString", "coordinates": [[-16.510406494140625, 13.651538848876953], [-16.51756477355957, 13.657160758972168], [-16.522550582885742, 13.659832000732422]]}, "properties": {"name": "Temporary stream", "type": "Temporary stream", "couleur": "#90CAF9"}}, {"type": "Feature", "geometry": {"type": "LineString", "coordinates": [[-16.587282180786133, 13.651092529296875], [-16.58009910583496, 13.65674114227295]]}, "properties": {"name": "Temporary stream", "type": "Temporary stream", "couleur": "#90CAF9"}}, {"type": "Feature", "geometry": {"type": "LineString", "coordinates": [[-16.587282180786133, 13.651092529296875], [-16.598751068115234, 13.660776138305664], [-16.602720260620117, 13.67174243927002], [-16.598491668701172, 13.68571662902832]]}, "properties": {"name": "Temporary stream", "type": "Temporary stream", "couleur": "#90CAF9"}}, {"type": "Feature", "geometry": {"type": "LineString", "coordinates": [[-14.5023832321167, 13.823681831359863], [-14.510259628295898, 13.812793731689453], [-14.522113800048828, 13.800024032592773], [-14.527714729309082, 13.796056747436523], [-14.53304672241211, 13.789102554321289], [-14.543084144592285, 13.761406898498535], [-14.545185089111328, 13.760004043579102], [-14.551572799682617, 13.742463111877441], [-14.562150001525879, 13.721197128295898], [-14.566725730895996, 13.716841697692871], [-14.596936225891113, 13.699211120605469], [-14.609291076660156, 13.689879417419434], [-14.616735458374023, 13.682900428771973], [-14.62085247039795, 13.672968864440918], [-14.63040542602539, 13.665507316589355], [-14.641406059265137, 13.661248207092285], [-14.672139167785645, 13.655619621276855], [-14.673906326293945, 13.654973983764648], [-14.680566787719727, 13.65253734588623], [-14.684803009033203, 13.652950286865234], [-14.689482688903809, 13.6510591506958], [-14.714173316955566, 13.651472091674805], [-14.720766067504883, 13.652318000793457], [-14.731155395507812, 13.656108856201172], [-14.748893737792969, 13.664875984191895], [-14.765423774719238, 13.67089557647705], [-14.771541595458984, 13.671284675598145], [-14.774620056152344, 13.673089981079102], [-14.780259132385254, 13.672795295715332]]}, "properties": {"name": "Temporary stream", "type": "Temporary stream", "couleur": "#90CAF9"}}, {"type": "Feature", "geometry": {"type": "LineString", "coordinates": [[-16.559236526489258, 13.660101890563965], [-16.561628341674805, 13.649711608886719]]}, "properties": {"name": "Temporary stream", "type": "Temporary stream", "couleur": "#90CAF9"}}, {"type": "Feature", "geometry": {"type": "LineString", "coordinates": [[-16.522550582885742, 13.659832000732422], [-16.530179977416992, 13.652799606323242], [-16.531034469604492, 13.648184776306152]]}, "properties": {"name": "Temporary stream", "type": "Temporary stream", "couleur": "#90CAF9"}}, {"type": "Feature", "geometry": {"type": "LineString", "coordinates": [[-16.561628341674805, 13.649711608886719], [-16.531034469604492, 13.648184776306152]]}, "properties": {"name": "Temporary stream", "type": "Temporary stream", "couleur": "#90CAF9"}}, {"type": "Feature", "geometry": {"type": "LineString", "coordinates": [[-16.559236526489258, 13.660101890563965], [-16.583158493041992, 13.644200325012207]]}, "properties": {"name": "Temporary stream", "type": "Temporary stream", "couleur": "#90CAF9"}}, {"type": "Feature", "geometry": {"type": "LineString", "coordinates": [[-16.587282180786133, 13.651092529296875], [-16.602664947509766, 13.643918991088867]]}, "properties": {"name": "Temporary stream", "type": "Temporary stream", "couleur": "#90CAF9"}}, {"type": "Feature", "geometry": {"type": "LineString", "coordinates": [[-16.602664947509766, 13.643918991088867], [-16.605411529541016, 13.65237808227539], [-16.616195678710938, 13.661622047424316]]}, "properties": {"name": "Temporary stream", "type": "Temporary stream", "couleur": "#90CAF9"}}, {"type": "Feature", "geometry": {"type": "LineString", "coordinates": [[-16.561628341674805, 13.649711608886719], [-16.563865661621094, 13.643692970275879]]}, "properties": {"name": "Temporary stream", "type": "Temporary stream", "couleur": "#90CAF9"}}, {"type": "Feature", "geometry": {"type": "LineString", "coordinates": [[-16.513172149658203, 13.643576622009277], [-16.513324737548828, 13.644128799438477], [-16.510406494140625, 13.651538848876953]]}, "properties": {"name": "Temporary stream", "type": "Temporary stream", "couleur": "#90CAF9"}}, {"type": "Feature", "geometry": {"type": "LineString", "coordinates": [[-16.53021240234375, 13.641990661621094], [-16.513172149658203, 13.643576622009277]]}, "properties": {"name": "Temporary stream", "type": "Temporary stream", "couleur": "#90CAF9"}}, {"type": "Feature", "geometry": {"type": "LineString", "coordinates": [[-16.53021240234375, 13.641990661621094], [-16.531034469604492, 13.648184776306152]]}, "properties": {"name": "Temporary stream", "type": "Temporary stream", "couleur": "#90CAF9"}}, {"type": "Feature", "geometry": {"type": "LineString", "coordinates": [[-16.602664947509766, 13.643918991088867], [-16.609649658203125, 13.640344619750977]]}, "properties": {"name": "Temporary stream", "type": "Temporary stream", "couleur": "#90CAF9"}}, {"type": "Feature", "geometry": {"type": "LineString", "coordinates": [[-16.01549530029297, 13.73662281036377], [-16.041667938232422, 13.726550102233887], [-16.05021095275879, 13.717215538024902], [-16.05640411376953, 13.707919120788574], [-16.072242736816406, 13.671104431152344], [-16.080297470092773, 13.660857200622559], [-16.091421127319336, 13.651249885559082], [-16.09585189819336, 13.64461898803711], [-16.096235275268555, 13.644043922424316], [-16.103918075561523, 13.63955020904541], [-16.11513328552246, 13.635459899902344]]}, "properties": {"name": "Temporary stream", "type": "Temporary stream", "couleur": "#90CAF9"}}, {"type": "Feature", "geometry": {"type": "LineString", "coordinates": [[-15.643755912780762, 13.764138221740723], [-15.650025367736816, 13.767702102661133], [-15.656595230102539, 13.76668643951416], [-15.661783218383789, 13.76753044128418], [-15.683235168457031, 13.75549030303955], [-15.695958137512207, 13.741737365722656], [-15.705586433410645, 13.725730895996094], [-15.709006309509277, 13.688660621643066], [-15.711190223693848, 13.679747581481934], [-15.716300964355469, 13.658889770507812], [-15.719712257385254, 13.651481628417969], [-15.730698585510254, 13.647409439086914], [-15.736983299255371, 13.643406867980957], [-15.743157386779785, 13.635374069213867]]}, "properties": {"name": "Temporary stream", "type": "Temporary stream", "couleur": "#90CAF9"}}, {"type": "Feature", "geometry": {"type": "LineString", "coordinates": [[-15.783965110778809, 13.661421775817871], [-15.781034469604492, 13.663673400878906], [-15.77042007446289, 13.66153335571289], [-15.765297889709473, 13.649882316589355], [-15.754557609558105, 13.63969612121582], [-15.749824523925781, 13.637697219848633], [-15.747011184692383, 13.638198852539062], [-15.743157386779785, 13.635374069213867]]}, "properties": {"name": "Temporary stream", "type": "Temporary stream", "couleur": "#90CAF9"}}, {"type": "Feature", "geometry": {"type": "LineString", "coordinates": [[-15.697405815124512, 13.671310424804688], [-15.70152473449707, 13.661178588867188], [-15.702474594116211, 13.64667797088623], [-15.709750175476074, 13.633051872253418]]}, "properties": {"name": "Temporary stream", "type": "Temporary stream", "couleur": "#90CAF9"}}, {"type": "Feature", "geometry": {"type": "LineString", "coordinates": [[-15.743157386779785, 13.635374069213867], [-15.737537384033203, 13.63374137878418], [-15.71779727935791, 13.63426399230957], [-15.709750175476074, 13.633051872253418]]}, "properties": {"name": "Temporary stream", "type": "Temporary stream", "couleur": "#90CAF9"}}, {"type": "Feature", "geometry": {"type": "LineString", "coordinates": [[-16.5932559967041, 13.631210327148438], [-16.583158493041992, 13.644200325012207]]}, "properties": {"name": "Temporary stream", "type": "Temporary stream", "couleur": "#90CAF9"}}, {"type": "Feature", "geometry": {"type": "LineString", "coordinates": [[-16.5932559967041, 13.631210327148438], [-16.603652954101562, 13.634013175964355], [-16.609649658203125, 13.640344619750977]]}, "properties": {"name": "Temporary stream", "type": "Temporary stream", "couleur": "#90CAF9"}}, {"type": "Feature", "geometry": {"type": "LineString", "coordinates": [[-15.689753532409668, 13.629958152770996], [-15.673078536987305, 13.631013870239258], [-15.662078857421875, 13.634163856506348], [-15.647162437438965, 13.642659187316895], [-15.638277053833008, 13.645777702331543], [-15.626640319824219, 13.653533935546875], [-15.608354568481445, 13.657017707824707], [-15.59398078918457, 13.654925346374512], [-15.575252532958984, 13.660252571105957], [-15.5687255859375, 13.664161682128906], [-15.56266975402832, 13.667789459228516], [-15.548547744750977, 13.682476997375488], [-15.542248725891113, 13.685785293579102], [-15.535676002502441, 13.686568260192871]]}, "properties": {"name": "Temporary stream", "type": "Temporary stream", "couleur": "#90CAF9"}}, {"type": "Feature", "geometry": {"type": "LineString", "coordinates": [[-15.689753532409668, 13.629958152770996], [-15.68796157836914, 13.635623931884766], [-15.695234298706055, 13.649773597717285], [-15.69629955291748, 13.657806396484375], [-15.694173812866211, 13.672323226928711], [-15.688531875610352, 13.687582015991211], [-15.687915802001953, 13.693340301513672], [-15.678868293762207, 13.716465950012207], [-15.658008575439453, 13.736315727233887], [-15.654966354370117, 13.737279891967773], [-15.652932167053223, 13.740178108215332], [-15.64362621307373, 13.75343132019043], [-15.643755912780762, 13.764138221740723]]}, "properties": {"name": "Temporary stream", "type": "Temporary stream", "couleur": "#90CAF9"}}, {"type": "Feature", "geometry": {"type": "LineString", "coordinates": [[-15.709750175476074, 13.633051872253418], [-15.697982788085938, 13.629958152770996], [-15.689753532409668, 13.629958152770996]]}, "properties": {"name": "Temporary stream", "type": "Temporary stream", "couleur": "#90CAF9"}}, {"type": "Feature", "geometry": {"type": "LineString", "coordinates": [[-12.98823070526123, 13.669260025024414], [-12.998809814453125, 13.669205665588379], [-13.00889778137207, 13.66524600982666], [-13.064679145812988, 13.635520935058594], [-13.087214469909668, 13.62987995147705]]}, "properties": {"name": "Temporary stream", "type": "Temporary stream", "couleur": "#90CAF9"}}, {"type": "Feature", "geometry": {"type": "LineString", "coordinates": [[-16.563865661621094, 13.643692970275879], [-16.577716827392578, 13.630108833312988], [-16.582395553588867, 13.628874778747559], [-16.587827682495117, 13.630157470703125]]}, "properties": {"name": "Temporary stream", "type": "Temporary stream", "couleur": "#90CAF9"}}, {"type": "Feature", "geometry": {"type": "LineString", "coordinates": [[-16.1953182220459, 13.676918983459473], [-16.18570327758789, 13.678457260131836], [-16.18155288696289, 13.669557571411133], [-16.176332473754883, 13.666884422302246], [-16.170913696289062, 13.666282653808594], [-16.166025161743164, 13.669122695922852], [-16.160598754882812, 13.668062210083008], [-16.1534366607666, 13.66174030303955], [-16.146446228027344, 13.651737213134766], [-16.142379760742188, 13.6340970993042], [-16.13926124572754, 13.630468368530273], [-16.135000228881836, 13.628698348999023], [-16.12936782836914, 13.629250526428223], [-16.119617462158203, 13.636536598205566], [-16.11513328552246, 13.635459899902344]]}, "properties": {"name": "Temporary stream", "type": "Temporary stream", "couleur": "#90CAF9"}}, {"type": "Feature", "geometry": {"type": "LineString", "coordinates": [[-16.563865661621094, 13.643692970275879], [-16.55910873413086, 13.640788078308105], [-16.55692481994629, 13.637147903442383], [-16.5562744140625, 13.627500534057617]]}, "properties": {"name": "Temporary stream", "type": "Temporary stream", "couleur": "#90CAF9"}}, {"type": "Feature", "geometry": {"type": "LineString", "coordinates": [[-12.165192604064941, 13.784688949584961], [-12.164236068725586, 13.778253555297852], [-12.153141975402832, 13.761494636535645], [-12.149336814880371, 13.743341445922852], [-12.151429176330566, 13.733450889587402], [-12.154939651489258, 13.726316452026367], [-12.16197395324707, 13.718254089355469], [-12.16454029083252, 13.70997142791748], [-12.167308807373047, 13.68812370300293], [-12.17081069946289, 13.678000450134277], [-12.17614459991455, 13.667823791503906], [-12.178532600402832, 13.663268089294434], [-12.179426193237305, 13.644412994384766], [-12.18152141571045, 13.63590145111084], [-12.187846183776855, 13.627150535583496]]}, "properties": {"name": "Temporary stream", "type": "Temporary stream", "couleur": "#90CAF9"}}, {"type": "Feature", "geometry": {"type": "LineString", "coordinates": [[-15.743157386779785, 13.635374069213867], [-15.762316703796387, 13.624863624572754]]}, "properties": {"name": "Temporary stream", "type": "Temporary stream", "couleur": "#90CAF9"}}, {"type": "Feature", "geometry": {"type": "LineString", "coordinates": [[-15.783965110778809, 13.661421775817871], [-15.775153160095215, 13.642436981201172], [-15.762316703796387, 13.624863624572754]]}, "properties": {"name": "Temporary stream", "type": "Temporary stream", "couleur": "#90CAF9"}}, {"type": "Feature", "geometry": {"type": "LineString", "coordinates": [[-12.187846183776855, 13.627150535583496], [-12.192305564880371, 13.624610900878906]]}, "properties": {"name": "Temporary stream", "type": "Temporary stream", "couleur": "#90CAF9"}}, {"type": "Feature", "geometry": {"type": "LineString", "coordinates": [[-12.192305564880371, 13.624610900878906], [-12.197490692138672, 13.629886627197266], [-12.203843116760254, 13.632401466369629], [-12.207603454589844, 13.63147258758545], [-12.218894004821777, 13.634895324707031], [-12.227824211120605, 13.633724212646484], [-12.25389575958252, 13.626072883605957], [-12.29127025604248, 13.626206398010254], [-12.294322967529297, 13.625048637390137]]}, "properties": {"name": "Temporary stream", "type": "Temporary stream", "couleur": "#90CAF9"}}, {"type": "Feature", "geometry": {"type": "LineString", "coordinates": [[-13.416251182556152, 13.787467002868652], [-13.417369842529297, 13.746520042419434], [-13.419906616210938, 13.739376068115234], [-13.422938346862793, 13.735907554626465], [-13.432774543762207, 13.730323791503906], [-13.436739921569824, 13.725699424743652], [-13.441756248474121, 13.703824043273926], [-13.440743446350098, 13.693714141845703], [-13.441632270812988, 13.686580657958984], [-13.453278541564941, 13.674778938293457], [-13.462873458862305, 13.665054321289062], [-13.476831436157227, 13.644956588745117], [-13.4801025390625, 13.642175674438477], [-13.487292289733887, 13.628789901733398], [-13.49545669555664, 13.620226860046387]]}, "properties": {"name": "Temporary stream", "type": "Temporary stream", "couleur": "#90CAF9"}}, {"type": "Feature", "geometry": {"type": "LineString", "coordinates": [[-13.557089805603027, 13.633557319641113], [-13.553145408630371, 13.633387565612793], [-13.546306610107422, 13.630447387695312], [-13.538025856018066, 13.623377799987793], [-13.520588874816895, 13.617752075195312], [-13.515175819396973, 13.616869926452637], [-13.502022743225098, 13.618111610412598], [-13.49545669555664, 13.620226860046387]]}, "properties": {"name": "Temporary stream", "type": "Temporary stream", "couleur": "#90CAF9"}}, {"type": "Feature", "geometry": {"type": "LineString", "coordinates": [[-14.28302001953125, 13.6527681350708], [-14.272798538208008, 13.641831398010254], [-14.268791198730469, 13.64072036743164], [-14.25633716583252, 13.641300201416016], [-14.250409126281738, 13.636299133300781], [-14.244684219360352, 13.62807559967041], [-14.241848945617676, 13.626723289489746], [-14.225228309631348, 13.633550643920898], [-14.221931457519531, 13.632891654968262], [-14.22050666809082, 13.631525993347168], [-14.21803092956543, 13.619132995605469], [-14.215892791748047, 13.616853713989258], [-14.212120056152344, 13.615739822387695], [-14.20766830444336, 13.61716079711914], [-14.198959350585938, 13.639546394348145], [-14.1958646774292, 13.641606330871582], [-14.180042266845703, 13.652140617370605]]}, "properties": {"name": "Temporary stream", "type": "Temporary stream", "couleur": "#90CAF9"}}, {"type": "Feature", "geometry": {"type": "LineString", "coordinates": [[-15.762316703796387, 13.624863624572754], [-15.772903442382812, 13.614990234375]]}, "properties": {"name": "Temporary stream", "type": "Temporary stream", "couleur": "#90CAF9"}}, {"type": "Feature", "geometry": {"type": "LineString", "coordinates": [[-15.772903442382812, 13.614990234375], [-15.777586936950684, 13.624175071716309], [-15.777399063110352, 13.627166748046875], [-15.780810356140137, 13.634703636169434], [-15.786321640014648, 13.641289710998535], [-15.786128997802734, 13.658767700195312], [-15.783965110778809, 13.661421775817871]]}, "properties": {"name": "Temporary stream", "type": "Temporary stream", "couleur": "#90CAF9"}}, {"type": "Feature", "geometry": {"type": "LineString", "coordinates": [[-16.53417205810547, 13.614785194396973], [-16.528549194335938, 13.615804672241211], [-16.525100708007812, 13.62000560760498], [-16.514495849609375, 13.631230354309082], [-16.51226043701172, 13.637478828430176], [-16.513172149658203, 13.643576622009277]]}, "properties": {"name": "Temporary stream", "type": "Temporary stream", "couleur": "#90CAF9"}}, {"type": "Feature", "geometry": {"type": "LineString", "coordinates": [[-16.53417205810547, 13.614785194396973], [-16.53336524963379, 13.621929168701172], [-16.534652709960938, 13.627884864807129], [-16.532569885253906, 13.630948066711426], [-16.529205322265625, 13.638330459594727], [-16.53021240234375, 13.641990661621094]]}, "properties": {"name": "Temporary stream", "type": "Temporary stream", "couleur": "#90CAF9"}}, {"type": "Feature", "geometry": {"type": "LineString", "coordinates": [[-14.041723251342773, 13.693175315856934], [-14.044978141784668, 13.689237594604492], [-14.046799659729004, 13.683013916015625], [-14.045568466186523, 13.677046775817871], [-14.035728454589844, 13.655750274658203], [-14.027978897094727, 13.631446838378906], [-14.026144027709961, 13.611228942871094]]}, "properties": {"name": "Temporary stream", "type": "Temporary stream", "couleur": "#90CAF9"}}, {"type": "Feature", "geometry": {"type": "LineString", "coordinates": [[-16.538312911987305, 13.609883308410645], [-16.53417205810547, 13.614785194396973]]}, "properties": {"name": "Temporary stream", "type": "Temporary stream", "couleur": "#90CAF9"}}, {"type": "Feature", "geometry": {"type": "LineString", "coordinates": [[-16.538312911987305, 13.609883308410645], [-16.54304313659668, 13.611409187316895], [-16.5562744140625, 13.627500534057617]]}, "properties": {"name": "Temporary stream", "type": "Temporary stream", "couleur": "#90CAF9"}}, {"type": "Feature", "geometry": {"type": "LineString", "coordinates": [[-16.1953182220459, 13.676918983459473], [-16.20025062561035, 13.676607131958008], [-16.204038619995117, 13.678154945373535], [-16.208837509155273, 13.68359375], [-16.213092803955078, 13.684903144836426], [-16.22382164001465, 13.679896354675293], [-16.230857849121094, 13.67885971069336], [-16.237123489379883, 13.674156188964844], [-16.244930267333984, 13.66344928741455], [-16.252391815185547, 13.646537780761719], [-16.262300491333008, 13.63510513305664], [-16.27271842956543, 13.625962257385254], [-16.282487869262695, 13.620049476623535], [-16.290502548217773, 13.61751937866211], [-16.30095672607422, 13.614219665527344], [-16.311370849609375, 13.605074882507324], [-16.316776275634766, 13.60498332977295]]}, "properties": {"name": "Temporary stream", "type": "Temporary stream", "couleur": "#90CAF9"}}, {"type": "Feature", "geometry": {"type": "LineString", "coordinates": [[-16.5562744140625, 13.627500534057617], [-16.55929946899414, 13.625837326049805], [-16.559892654418945, 13.619848251342773], [-16.555686950683594, 13.608654975891113], [-16.557937622070312, 13.603325843811035], [-16.5639705657959, 13.599079132080078]]}, "properties": {"name": "Temporary stream", "type": "Temporary stream", "couleur": "#90CAF9"}}, {"type": "Feature", "geometry": {"type": "LineString", "coordinates": [[-16.017873764038086, 13.655900955200195], [-16.0242919921875, 13.630019187927246], [-16.025190353393555, 13.613449096679688], [-16.028839111328125, 13.606721878051758], [-16.032310485839844, 13.603447914123535], [-16.05322265625, 13.602884292602539], [-16.075265884399414, 13.599770545959473], [-16.08938217163086, 13.6004638671875], [-16.09334945678711, 13.598790168762207]]}, "properties": {"name": "Temporary stream", "type": "Temporary stream", "couleur": "#90CAF9"}}, {"type": "Feature", "geometry": {"type": "LineString", "coordinates": [[-16.11513328552246, 13.635459899902344], [-16.12213897705078, 13.619020462036133], [-16.115365982055664, 13.60786247253418], [-16.112035751342773, 13.605616569519043], [-16.10733985900879, 13.60592269897461], [-16.103145599365234, 13.608059883117676], [-16.099613189697266, 13.607657432556152], [-16.09334945678711, 13.598790168762207]]}, "properties": {"name": "Temporary stream", "type": "Temporary stream", "couleur": "#90CAF9"}}, {"type": "Feature", "geometry": {"type": "LineString", "coordinates": [[-16.5639705657959, 13.599079132080078], [-16.55916976928711, 13.593875885009766]]}, "properties": {"name": "Temporary stream", "type": "Temporary stream", "couleur": "#90CAF9"}}, {"type": "Feature", "geometry": {"type": "LineString", "coordinates": [[-16.527151107788086, 13.588709831237793], [-16.527822494506836, 13.589372634887695], [-16.531953811645508, 13.596658706665039], [-16.533889770507812, 13.599613189697266], [-16.546344757080078, 13.599392890930176], [-16.554548263549805, 13.59809684753418], [-16.55916976928711, 13.593875885009766]]}, "properties": {"name": "Temporary stream", "type": "Temporary stream", "couleur": "#90CAF9"}}, {"type": "Feature", "geometry": {"type": "LineString", "coordinates": [[-16.51503562927246, 13.588692665100098], [-16.516254425048828, 13.593562126159668], [-16.530288696289062, 13.608185768127441], [-16.538312911987305, 13.609883308410645]]}, "properties": {"name": "Temporary stream", "type": "Temporary stream", "couleur": "#90CAF9"}}, {"type": "Feature", "geometry": {"type": "LineString", "coordinates": [[-16.527151107788086, 13.588709831237793], [-16.52178192138672, 13.58869743347168], [-16.51503562927246, 13.588692665100098]]}, "properties": {"name": "Temporary stream", "type": "Temporary stream", "couleur": "#90CAF9"}}, {"type": "Feature", "geometry": {"type": "LineString", "coordinates": [[-16.09334945678711, 13.598790168762207], [-16.095590591430664, 13.587662696838379]]}, "properties": {"name": "Temporary stream", "type": "Temporary stream", "couleur": "#90CAF9"}}, {"type": "Feature", "geometry": {"type": "LineString", "coordinates": [[-15.75953483581543, 13.585527420043945], [-15.752307891845703, 13.60132884979248], [-15.74583911895752, 13.608553886413574], [-15.734174728393555, 13.614245414733887], [-15.733263969421387, 13.616098403930664], [-15.708306312561035, 13.625880241394043], [-15.704978942871094, 13.628846168518066], [-15.69686222076416, 13.627079963684082], [-15.69587516784668, 13.624298095703125], [-15.693970680236816, 13.624320030212402], [-15.690671920776367, 13.627153396606445], [-15.689753532409668, 13.629958152770996]]}, "properties": {"name": "Temporary stream", "type": "Temporary stream", "couleur": "#90CAF9"}}, {"type": "Feature", "geometry": {"type": "LineString", "coordinates": [[-15.786293983459473, 13.585305213928223], [-15.75953483581543, 13.585527420043945]]}, "properties": {"name": "Temporary stream", "type": "Temporary stream", "couleur": "#90CAF9"}}, {"type": "Feature", "geometry": {"type": "LineString", "coordinates": [[-15.772903442382812, 13.614990234375], [-15.775970458984375, 13.611091613769531], [-15.786154747009277, 13.586334228515625], [-15.786293983459473, 13.585305213928223]]}, "properties": {"name": "Temporary stream", "type": "Temporary stream", "couleur": "#90CAF9"}}, {"type": "Feature", "geometry": {"type": "LineString", "coordinates": [[-13.425352096557617, 13.579315185546875], [-13.43575382232666, 13.587753295898438], [-13.444244384765625, 13.591835021972656], [-13.457402229309082, 13.591286659240723], [-13.46164608001709, 13.593096733093262], [-13.49545669555664, 13.620226860046387]]}, "properties": {"name": "Temporary stream", "type": "Temporary stream", "couleur": "#90CAF9"}}, {"type": "Feature", "geometry": {"type": "LineString", "coordinates": [[-14.115055084228516, 13.576126098632812], [-14.141270637512207, 13.629966735839844], [-14.152183532714844, 13.640213012695312], [-14.180042266845703, 13.652140617370605]]}, "properties": {"name": "Temporary stream", "type": "Temporary stream", "couleur": "#90CAF9"}}, {"type": "Feature", "geometry": {"type": "LineString", "coordinates": [[-14.28302001953125, 13.6527681350708], [-14.287949562072754, 13.652030944824219], [-14.292380332946777, 13.648538589477539], [-14.295587539672852, 13.640460014343262], [-14.297492027282715, 13.619977951049805], [-14.299097061157227, 13.616053581237793], [-14.302138328552246, 13.614644050598145], [-14.305670738220215, 13.615299224853516], [-14.309011459350586, 13.620095252990723], [-14.311841011047363, 13.620986938476562], [-14.315338134765625, 13.618193626403809], [-14.320405960083008, 13.608256340026855], [-14.326960563659668, 13.60566234588623], [-14.3424654006958, 13.604819297790527], [-14.348310470581055, 13.60177230834961], [-14.352700233459473, 13.594600677490234], [-14.357582092285156, 13.5808744430542], [-14.360004425048828, 13.574063301086426], [-14.362777709960938, 13.569666862487793], [-14.365350723266602, 13.568490982055664]]}, "properties": {"name": "Temporary stream", "type": "Temporary stream", "couleur": "#90CAF9"}}, {"type": "Feature", "geometry": {"type": "LineString", "coordinates": [[-13.91169261932373, 13.551427841186523], [-13.910211563110352, 13.552902221679688], [-13.887460708618164, 13.557920455932617], [-13.881636619567871, 13.56371784210205], [-13.868870735168457, 13.590204238891602], [-13.85993766784668, 13.608733177185059], [-13.846899032592773, 13.623096466064453], [-13.82343578338623, 13.628114700317383], [-13.789836883544922, 13.629993438720703], [-13.765901565551758, 13.635011672973633]]}, "properties": {"name": "Temporary stream", "type": "Temporary stream", "couleur": "#90CAF9"}}, {"type": "Feature", "geometry": {"type": "LineString", "coordinates": [[-12.187846183776855, 13.627150535583496], [-12.18618392944336, 13.620716094970703], [-12.188752174377441, 13.613812446594238], [-12.204919815063477, 13.594001770019531], [-12.201610565185547, 13.586881637573242], [-12.19525146484375, 13.581148147583008], [-12.179956436157227, 13.574055671691895], [-12.172863960266113, 13.5568265914917], [-12.16508960723877, 13.549025535583496]]}, "properties": {"name": "Temporary stream", "type": "Temporary stream", "couleur": "#90CAF9"}}, {"type": "Feature", "geometry": {"type": "LineString", "coordinates": [[-13.087214469909668, 13.62987995147705], [-13.108254432678223, 13.629764556884766], [-13.109309196472168, 13.629758834838867], [-13.122224807739258, 13.627617835998535], [-13.127849578857422, 13.62482738494873], [-13.141397476196289, 13.610725402832031], [-13.149792671203613, 13.599640846252441], [-13.17143726348877, 13.565028190612793], [-13.179147720336914, 13.557625770568848], [-13.191798210144043, 13.55134391784668], [-13.20007610321045, 13.54980182647705], [-13.209637641906738, 13.548020362854004]]}, "properties": {"name": "Temporary stream", "type": "Temporary stream", "couleur": "#90CAF9"}}, {"type": "Feature", "geometry": {"type": "LineString", "coordinates": [[-13.11473560333252, 13.790897369384766], [-13.115629196166992, 13.783075332641602], [-13.1205472946167, 13.7795991897583], [-13.12712287902832, 13.7779541015625], [-13.131326675415039, 13.772872924804688], [-13.136201858520508, 13.762269020080566], [-13.141825675964355, 13.759018898010254], [-13.149065971374512, 13.750700950622559], [-13.153990745544434, 13.748373985290527], [-13.16786003112793, 13.747374534606934], [-13.17324447631836, 13.743435859680176], [-13.177888870239258, 13.73398208618164], [-13.186279296875, 13.721978187561035], [-13.191150665283203, 13.71114444732666], [-13.191804885864258, 13.703093528747559], [-13.18863296508789, 13.684489250183105], [-13.191869735717773, 13.67573356628418], [-13.204219818115234, 13.658186912536621], [-13.201376914978027, 13.654755592346191], [-13.195719718933105, 13.65225887298584], [-13.194042205810547, 13.647210121154785], [-13.194001197814941, 13.640542984008789], [-13.195382118225098, 13.635936737060547], [-13.204225540161133, 13.621859550476074], [-13.203434944152832, 13.608068466186523], [-13.206857681274414, 13.591723442077637], [-13.208666801452637, 13.589675903320312], [-13.210124969482422, 13.588025093078613], [-13.215279579162598, 13.585465431213379], [-13.216204643249512, 13.583160400390625], [-13.214290618896484, 13.57788372039795], [-13.216588973999023, 13.569592475891113], [-13.209637641906738, 13.548020362854004]]}, "properties": {"name": "Temporary stream", "type": "Temporary stream", "couleur": "#90CAF9"}}, {"type": "Feature", "geometry": {"type": "LineString", "coordinates": [[-12.790632247924805, 13.546271324157715], [-12.791130065917969, 13.552248001098633], [-12.788603782653809, 13.564675331115723], [-12.794093132019043, 13.582125663757324], [-12.789005279541016, 13.59962272644043], [-12.786670684814453, 13.603081703186035], [-12.783157348632812, 13.605626106262207], [-12.760372161865234, 13.608484268188477], [-12.744386672973633, 13.608092308044434], [-12.720084190368652, 13.614246368408203], [-12.708388328552246, 13.599966049194336], [-12.703442573547363, 13.597686767578125], [-12.698982238769531, 13.598855018615723], [-12.689851760864258, 13.607169151306152]]}, "properties": {"name": "Temporary stream", "type": "Temporary stream", "couleur": "#90CAF9"}}, {"type": "Feature", "geometry": {"type": "LineString", "coordinates": [[-14.365350723266602, 13.568490982055664], [-14.357927322387695, 13.555459022521973], [-14.341849327087402, 13.546191215515137], [-14.286773681640625, 13.537994384765625]]}, "properties": {"name": "Temporary stream", "type": "Temporary stream", "couleur": "#90CAF9"}}, {"type": "Feature", "geometry": {"type": "LineString", "coordinates": [[-12.790632247924805, 13.546271324157715], [-12.804445266723633, 13.535633087158203]]}, "properties": {"name": "Temporary stream", "type": "Temporary stream", "couleur": "#90CAF9"}}, {"type": "Feature", "geometry": {"type": "LineString", "coordinates": [[-12.055139541625977, 13.678232192993164], [-12.040933609008789, 13.627904891967773], [-12.031732559204102, 13.61044692993164], [-12.026611328125, 13.605016708374023], [-12.01506233215332, 13.592768669128418], [-12.006772994995117, 13.586576461791992], [-11.998753547668457, 13.570723533630371], [-11.982020378112793, 13.543848991394043], [-11.974014282226562, 13.533744812011719]]}, "properties": {"name": "Faleme", "type": "Secondary river", "couleur": "#1976D2"}}, {"type": "Feature", "geometry": {"type": "LineString", "coordinates": [[-14.451974868774414, 13.688555717468262], [-14.463894844055176, 13.660612106323242], [-14.47594165802002, 13.644392013549805], [-14.481633186340332, 13.627547264099121], [-14.482881546020508, 13.612818717956543], [-14.47783374786377, 13.602753639221191], [-14.459020614624023, 13.580415725708008], [-14.457710266113281, 13.577253341674805], [-14.456364631652832, 13.574004173278809], [-14.44568920135498, 13.564916610717773], [-14.441842079162598, 13.55690860748291], [-14.442682266235352, 13.54770278930664], [-14.446104049682617, 13.538238525390625], [-14.455853462219238, 13.525006294250488]]}, "properties": {"name": "Temporary stream", "type": "Temporary stream", "couleur": "#90CAF9"}}, {"type": "Feature", "geometry": {"type": "LineString", "coordinates": [[-14.365350723266602, 13.568490982055664], [-14.379871368408203, 13.563746452331543], [-14.392425537109375, 13.550973892211914], [-14.402745246887207, 13.549029350280762], [-14.409049987792969, 13.545286178588867], [-14.417867660522461, 13.534849166870117], [-14.425347328186035, 13.53109359741211], [-14.432090759277344, 13.52458667755127], [-14.452522277832031, 13.523456573486328], [-14.455853462219238, 13.525006294250488]]}, "properties": {"name": "Temporary stream", "type": "Temporary stream", "couleur": "#90CAF9"}}, {"type": "Feature", "geometry": {"type": "LineString", "coordinates": [[-12.16508960723877, 13.549025535583496], [-12.157331466674805, 13.547663688659668], [-12.140186309814453, 13.55160903930664], [-12.133381843566895, 13.555992126464844], [-12.119053840637207, 13.559009552001953], [-12.108477592468262, 13.558571815490723], [-12.100242614746094, 13.55398941040039], [-12.093884468078613, 13.548253059387207], [-12.074797630310059, 13.52299690246582]]}, "properties": {"name": "Temporary stream", "type": "Temporary stream", "couleur": "#90CAF9"}}, {"type": "Feature", "geometry": {"type": "LineString", "coordinates": [[-12.192305564880371, 13.624610900878906], [-12.215303421020508, 13.610072135925293], [-12.222102165222168, 13.603388786315918], [-12.225610733032227, 13.596941947937012], [-12.225831985473633, 13.591882705688477], [-12.222519874572754, 13.583613395690918], [-12.215677261352539, 13.57351303100586], [-12.216132164001465, 13.567532539367676], [-12.212811470031738, 13.555585861206055], [-12.216766357421875, 13.540631294250488], [-12.216043472290039, 13.53327465057373], [-12.218608856201172, 13.52637004852295], [-12.22376823425293, 13.522679328918457], [-12.225787162780762, 13.522242546081543], [-12.231283187866211, 13.521051406860352], [-12.232924461364746, 13.519437789916992]]}, "properties": {"name": "Temporary stream", "type": "Temporary stream", "couleur": "#90CAF9"}}, {"type": "Feature", "geometry": {"type": "LineString", "coordinates": [[-13.643038749694824, 13.496841430664062], [-13.640522956848145, 13.505598068237305], [-13.641242027282715, 13.537095069885254], [-13.64002799987793, 13.56193733215332], [-13.631738662719727, 13.583612442016602], [-13.624512672424316, 13.591253280639648], [-13.6121187210083, 13.59939193725586], [-13.603453636169434, 13.608972549438477], [-13.599767684936523, 13.613048553466797], [-13.592520713806152, 13.618159294128418], [-13.585485458374023, 13.620279312133789], [-13.571457862854004, 13.630267143249512], [-13.56231689453125, 13.633781433105469], [-13.557089805603027, 13.633557319641113]]}, "properties": {"name": "Temporary stream", "type": "Temporary stream", "couleur": "#90CAF9"}}, {"type": "Feature", "geometry": {"type": "LineString", "coordinates": [[-12.804445266723633, 13.535633087158203], [-12.816140174865723, 13.524313926696777], [-12.8358736038208, 13.523534774780273], [-12.84384822845459, 13.520508766174316], [-12.853713035583496, 13.51977252960205], [-12.856754302978516, 13.517000198364258], [-12.860673904418945, 13.502036094665527], [-12.864405632019043, 13.496729850769043], [-12.871434211730957, 13.492788314819336]]}, "properties": {"name": "Temporary stream", "type": "Temporary stream", "couleur": "#90CAF9"}}, {"type": "Feature", "geometry": {"type": "LineString", "coordinates": [[-12.15296745300293, 13.491568565368652], [-12.160530090332031, 13.50971794128418], [-12.162915229797363, 13.524658203125], [-12.161314964294434, 13.543055534362793], [-12.16508960723877, 13.549025535583496]]}, "properties": {"name": "Temporary stream", "type": "Temporary stream", "couleur": "#90CAF9"}}, {"type": "Feature", "geometry": {"type": "LineString", "coordinates": [[-13.643038749694824, 13.496841430664062], [-13.624194145202637, 13.49077320098877], [-13.614794731140137, 13.490612030029297], [-13.609643936157227, 13.492948532104492], [-13.60092544555664, 13.489563941955566], [-13.593401908874512, 13.48892879486084], [-13.58753776550293, 13.490120887756348], [-13.5797758102417, 13.489027976989746], [-13.562405586242676, 13.491222381591797], [-13.554442405700684, 13.494498252868652], [-13.541376113891602, 13.506547927856445], [-13.52347183227539, 13.513895034790039], [-13.511157989501953, 13.518946647644043]]}, "properties": {"name": "Temporary stream", "type": "Temporary stream", "couleur": "#90CAF9"}}, {"type": "Feature", "geometry": {"type": "LineString", "coordinates": [[-12.232129096984863, 13.485869407653809], [-12.23593807220459, 13.504714965820312], [-12.235260963439941, 13.514833450317383], [-12.232924461364746, 13.519437789916992]]}, "properties": {"name": "Temporary stream", "type": "Temporary stream", "couleur": "#90CAF9"}}, {"type": "Feature", "geometry": {"type": "LineString", "coordinates": [[-11.974014282226562, 13.533744812011719], [-11.965069770812988, 13.52479076385498], [-11.958277702331543, 13.521097183227539], [-11.952839851379395, 13.518139839172363], [-11.938262939453125, 13.512642860412598], [-11.92203426361084, 13.50185775756836], [-11.897098541259766, 13.48027515411377]]}, "properties": {"name": "Faleme", "type": "Secondary river", "couleur": "#1976D2"}}, {"type": "Feature", "geometry": {"type": "LineString", "coordinates": [[-13.209637641906738, 13.548020362854004], [-13.212420463562012, 13.542255401611328], [-13.215460777282715, 13.539937973022461], [-13.220861434936523, 13.539216041564941], [-13.222718238830566, 13.535526275634766], [-13.220322608947754, 13.528411865234375], [-13.22071647644043, 13.516222953796387], [-13.217636108398438, 13.512332916259766], [-13.210150718688965, 13.51766586303711], [-13.208505630493164, 13.517675399780273], [-13.20543098449707, 13.514473915100098], [-13.196598052978516, 13.49222183227539], [-13.187824249267578, 13.479166030883789]]}, "properties": {"name": "Temporary stream", "type": "Temporary stream", "couleur": "#90CAF9"}}, {"type": "Feature", "geometry": {"type": "LineString", "coordinates": [[-12.552281379699707, 13.467893600463867], [-12.544770240783691, 13.46953010559082], [-12.540794372558594, 13.474372863769531], [-12.538238525390625, 13.481969833374023], [-12.537095069885254, 13.490021705627441], [-12.544490814208984, 13.519198417663574], [-12.541276931762695, 13.538983345031738], [-12.535209655761719, 13.550042152404785], [-12.511846542358398, 13.57508373260498], [-12.503141403198242, 13.58441162109375]]}, "properties": {"name": "Temporary stream", "type": "Temporary stream", "couleur": "#90CAF9"}}, {"type": "Feature", "geometry": {"type": "LineString", "coordinates": [[-12.871434211730957, 13.492788314819336], [-12.87706470489502, 13.491151809692383], [-12.899258613586426, 13.466672897338867]]}, "properties": {"name": "Temporary stream", "type": "Temporary stream", "couleur": "#90CAF9"}}, {"type": "Feature", "geometry": {"type": "LineString", "coordinates": [[-12.399340629577637, 13.466328620910645], [-12.398197174072266, 13.475760459899902], [-12.394225120544434, 13.482439994812012], [-12.371975898742676, 13.504119873046875], [-12.3712797164917, 13.506880760192871], [-12.356508255004883, 13.51681137084961], [-12.352516174316406, 13.517512321472168], [-12.347124099731445, 13.52143669128418], [-12.34266185760498, 13.521909713745117], [-12.320845603942871, 13.534156799316406], [-12.311244010925293, 13.544989585876465], [-12.307144165039062, 13.54627799987793], [-12.306078910827637, 13.546612739562988], [-12.301377296447754, 13.54593563079834], [-12.294784545898438, 13.541584968566895], [-12.287264823913574, 13.541604042053223], [-12.2802095413208, 13.539322853088379], [-12.25697135925293, 13.548580169677734], [-12.249191284179688, 13.539632797241211], [-12.241657257080078, 13.53413200378418], [-12.23905086517334, 13.526091575622559], [-12.232924461364746, 13.519437789916992]]}, "properties": {"name": "Temporary stream", "type": "Temporary stream", "couleur": "#90CAF9"}}, {"type": "Feature", "geometry": {"type": "LineString", "coordinates": [[-15.020204544067383, 13.465747833251953], [-15.028289794921875, 13.473237037658691], [-15.039881706237793, 13.497238159179688], [-15.046546936035156, 13.503824234008789], [-15.062917709350586, 13.51580810546875], [-15.078786849975586, 13.525267601013184], [-15.093313217163086, 13.53145694732666], [-15.107620239257812, 13.537551879882812], [-15.118928909301758, 13.539708137512207], [-15.126673698425293, 13.538920402526855], [-15.146781921386719, 13.531305313110352], [-15.156170845031738, 13.530495643615723], [-15.175010681152344, 13.533472061157227], [-15.178804397583008, 13.535954475402832], [-15.179869651794434, 13.545137405395508], [-15.182022094726562, 13.547868728637695], [-15.183161735534668, 13.548432350158691]]}, "properties": {"name": "Temporary stream", "type": "Temporary stream", "couleur": "#90CAF9"}}, {"type": "Feature", "geometry": {"type": "LineString", "coordinates": [[-12.790632247924805, 13.546271324157715], [-12.773052215576172, 13.55577564239502], [-12.764366149902344, 13.557653427124023], [-12.748141288757324, 13.55565357208252], [-12.739904403686523, 13.5531587600708], [-12.73306941986084, 13.548588752746582], [-12.72147274017334, 13.530472755432129], [-12.716286659240723, 13.526815414428711], [-12.704058647155762, 13.524566650390625], [-12.693699836730957, 13.520009994506836], [-12.687806129455566, 13.515665054321289], [-12.682737350463867, 13.510176658630371], [-12.671517372131348, 13.498025894165039], [-12.665133476257324, 13.488393783569336], [-12.651235580444336, 13.479940414428711], [-12.639671325683594, 13.467569351196289], [-12.628618240356445, 13.464621543884277]]}, "properties": {"name": "Temporary stream", "type": "Temporary stream", "couleur": "#90CAF9"}}, {"type": "Feature", "geometry": {"type": "LineString", "coordinates": [[-12.232129096984863, 13.485869407653809], [-12.234932899475098, 13.480113983154297], [-12.24617862701416, 13.469049453735352], [-12.249917984008789, 13.461912155151367], [-12.251543045043945, 13.454549789428711]]}, "properties": {"name": "Temporary stream", "type": "Temporary stream", "couleur": "#90CAF9"}}, {"type": "Feature", "geometry": {"type": "LineString", "coordinates": [[-13.725669860839844, 13.454487800598145], [-13.723833084106445, 13.463077545166016], [-13.72636890411377, 13.469193458557129], [-13.737663269042969, 13.473427772521973], [-13.748943328857422, 13.474596977233887], [-13.755860328674316, 13.480077743530273], [-13.762788772583008, 13.481668472290039], [-13.771536827087402, 13.48367691040039], [-13.782784461975098, 13.478716850280762], [-13.793991088867188, 13.465789794921875], [-13.799613952636719, 13.463310241699219], [-13.807762145996094, 13.464493751525879], [-13.810932159423828, 13.471831321716309], [-13.807293891906738, 13.494524955749512], [-13.80362606048584, 13.511702537536621], [-13.792797088623047, 13.535468101501465], [-13.795892715454102, 13.540271759033203], [-13.811634063720703, 13.539916038513184], [-13.819652557373047, 13.543299674987793], [-13.823641777038574, 13.542577743530273], [-13.828070640563965, 13.53840446472168], [-13.832545280456543, 13.53116226196289], [-13.836050033569336, 13.510055541992188], [-13.837641716003418, 13.50383472442627], [-13.842573165893555, 13.50356388092041], [-13.853880882263184, 13.50692081451416], [-13.85507583618164, 13.509210586547852], [-13.861919403076172, 13.508036613464355]]}, "properties": {"name": "Gambia river", "type": "Main river", "couleur": "#1565C0"}}, {"type": "Feature", "geometry": {"type": "LineString", "coordinates": [[-12.959359169006348, 13.546626091003418], [-12.978082656860352, 13.532735824584961], [-12.991669654846191, 13.525078773498535], [-13.00386905670166, 13.521567344665527], [-13.016081809997559, 13.520583152770996], [-13.022200584411621, 13.522160530090332], [-13.046133995056152, 13.51628589630127], [-13.054104804992676, 13.51302433013916], [-13.062503814697266, 13.502632141113281], [-13.068653106689453, 13.492680549621582], [-13.092294692993164, 13.454412460327148]]}, "properties": {"name": "Temporary stream", "type": "Temporary stream", "couleur": "#90CAF9"}}, {"type": "Feature", "geometry": {"type": "LineString", "coordinates": [[-13.092294692993164, 13.454412460327148], [-13.10779857635498, 13.454327583312988], [-13.115804672241211, 13.457501411437988], [-13.125489234924316, 13.466415405273438], [-13.133254051208496, 13.4684419631958], [-13.147353172302246, 13.469051361083984], [-13.153735160827637, 13.47545337677002], [-13.17441463470459, 13.476255416870117], [-13.187824249267578, 13.479166030883789]]}, "properties": {"name": "Temporary stream", "type": "Temporary stream", "couleur": "#90CAF9"}}, {"type": "Feature", "geometry": {"type": "LineString", "coordinates": [[-12.552281379699707, 13.467893600463867], [-12.554401397705078, 13.469265937805176], [-12.5626220703125, 13.469006538391113], [-12.570601463317871, 13.46690845489502], [-12.5759916305542, 13.463669776916504], [-12.587224006652832, 13.452590942382812]]}, "properties": {"name": "Temporary stream", "type": "Temporary stream", "couleur": "#90CAF9"}}, {"type": "Feature", "geometry": {"type": "LineString", "coordinates": [[-12.628618240356445, 13.464621543884277], [-12.614981651306152, 13.461915016174316], [-12.592157363891602, 13.452802658081055], [-12.587224006652832, 13.452590942382812]]}, "properties": {"name": "Temporary stream", "type": "Temporary stream", "couleur": "#90CAF9"}}, {"type": "Feature", "geometry": {"type": "LineString", "coordinates": [[-15.020204544067383, 13.465747833251953], [-15.001474380493164, 13.452640533447266], [-15.0, 13.45201301574707]]}, "properties": {"name": "Temporary stream", "type": "Temporary stream", "couleur": "#90CAF9"}}, {"type": "Feature", "geometry": {"type": "LineString", "coordinates": [[-13.643038749694824, 13.496841430664062], [-13.652353286743164, 13.486424446105957], [-13.658137321472168, 13.475113868713379], [-13.665138244628906, 13.469313621520996], [-13.685491561889648, 13.458581924438477], [-13.689455032348633, 13.454872131347656], [-13.695486068725586, 13.445398330688477], [-13.700387001037598, 13.441452026367188], [-13.704848289489746, 13.441187858581543], [-13.725669860839844, 13.454487800598145]]}, "properties": {"name": "Temporary stream", "type": "Temporary stream", "couleur": "#90CAF9"}}, {"type": "Feature", "geometry": {"type": "LineString", "coordinates": [[-12.131458282470703, 13.43527889251709], [-12.1420259475708, 13.43433666229248], [-12.171646118164062, 13.443700790405273], [-12.184349060058594, 13.451260566711426], [-12.185530662536621, 13.453786849975586], [-12.210933685302734, 13.466375350952148], [-12.2142333984375, 13.47050666809082], [-12.223409652709961, 13.47600269317627], [-12.232129096984863, 13.485869407653809]]}, "properties": {"name": "Temporary stream", "type": "Temporary stream", "couleur": "#90CAF9"}}, {"type": "Feature", "geometry": {"type": "LineString", "coordinates": [[-12.804445266723633, 13.535633087158203], [-12.798325538635254, 13.533591270446777], [-12.78748607635498, 13.526970863342285], [-12.782285690307617, 13.520554542541504], [-12.777764320373535, 13.508389472961426], [-12.7547025680542, 13.500670433044434], [-12.746912002563477, 13.492655754089355], [-12.730595588684082, 13.469500541687012], [-12.723888397216797, 13.447025299072266], [-12.718670845031738, 13.429540634155273]]}, "properties": {"name": "Temporary stream", "type": "Temporary stream", "couleur": "#90CAF9"}}, {"type": "Feature", "geometry": {"type": "LineString", "coordinates": [[-12.251543045043945, 13.454549789428711], [-12.254986763000488, 13.42602825164795]]}, "properties": {"name": "Temporary stream", "type": "Temporary stream", "couleur": "#90CAF9"}}, {"type": "Feature", "geometry": {"type": "LineString", "coordinates": [[-13.333586692810059, 13.424702644348145], [-13.339574813842773, 13.441909790039062], [-13.347912788391113, 13.45887279510498], [-13.352019309997559, 13.47540283203125], [-13.359163284301758, 13.489383697509766]]}, "properties": {"name": "Temporary stream", "type": "Temporary stream", "couleur": "#90CAF9"}}, {"type": "Feature", "geometry": {"type": "LineString", "coordinates": [[-13.239158630371094, 13.424365043640137], [-13.24087905883789, 13.436312675476074], [-13.239502906799316, 13.44137954711914], [-13.237638473510742, 13.443690299987793], [-13.221691131591797, 13.447924613952637], [-13.217480659484863, 13.450709342956543], [-13.21328353881836, 13.455792427062988], [-13.210289001464844, 13.465008735656738], [-13.209405899047852, 13.473980903625488], [-13.207305908203125, 13.476292610168457], [-13.201194763183594, 13.475869178771973], [-13.195069313049316, 13.47314453125], [-13.19107723236084, 13.47339916229248], [-13.187824249267578, 13.479166030883789]]}, "properties": {"name": "Temporary stream", "type": "Temporary stream", "couleur": "#90CAF9"}}, {"type": "Feature", "geometry": {"type": "LineString", "coordinates": [[-13.239158630371094, 13.424365043640137], [-13.246903419494629, 13.423398971557617], [-13.253972053527832, 13.426804542541504], [-13.259881973266602, 13.432518005371094], [-13.26463794708252, 13.441457748413086], [-13.267692565917969, 13.441669464111328], [-13.27280044555664, 13.432439804077148], [-13.278424263000488, 13.43033504486084], [-13.283827781677246, 13.430532455444336], [-13.287385940551758, 13.435798645019531], [-13.286767959594727, 13.448909759521484], [-13.288901329040527, 13.451886177062988], [-13.309563636779785, 13.450377464294434], [-13.314748764038086, 13.452874183654785], [-13.317567825317383, 13.45285701751709], [-13.319628715515137, 13.445025444030762], [-13.319131851196289, 13.436713218688965], [-13.318571090698242, 13.427326202392578], [-13.322071075439453, 13.42385482788086], [-13.333586692810059, 13.424702644348145]]}, "properties": {"name": "Temporary stream", "type": "Temporary stream", "couleur": "#90CAF9"}}, {"type": "Feature", "geometry": {"type": "LineString", "coordinates": [[-15.020204544067383, 13.465747833251953], [-15.028077125549316, 13.45691204071045], [-15.032994270324707, 13.45570182800293], [-15.052474975585938, 13.436372756958008], [-15.062019348144531, 13.429815292358398], [-15.069185256958008, 13.42098617553711], [-15.078742027282715, 13.397640228271484]]}, "properties": {"name": "Temporary stream", "type": "Temporary stream", "couleur": "#90CAF9"}}, {"type": "Feature", "geometry": {"type": "LineString", "coordinates": [[-12.871434211730957, 13.492788314819336], [-12.86079216003418, 13.478812217712402], [-12.846866607666016, 13.465999603271484], [-12.83909797668457, 13.462586402893066], [-12.814414978027344, 13.459248542785645], [-12.795806884765625, 13.44875431060791], [-12.776232719421387, 13.432514190673828], [-12.765382766723633, 13.42828369140625], [-12.76282024383545, 13.427284240722656], [-12.7540922164917, 13.419273376464844], [-12.73283863067627, 13.39430046081543]]}, "properties": {"name": "Temporary stream", "type": "Temporary stream", "couleur": "#90CAF9"}}, {"type": "Feature", "geometry": {"type": "LineString", "coordinates": [[-12.434324264526367, 13.39217758178711], [-12.455934524536133, 13.39302921295166], [-12.488839149475098, 13.399589538574219], [-12.508573532104492, 13.401132583618164], [-12.51492691040039, 13.404330253601074], [-12.525773048400879, 13.415789604187012], [-12.535664558410645, 13.422654151916504], [-12.544624328613281, 13.43159008026123], [-12.54487419128418, 13.435498237609863], [-12.544283866882324, 13.437498092651367], [-12.540931701660156, 13.448848724365234], [-12.542840957641602, 13.456660270690918], [-12.546625137329102, 13.4633150100708], [-12.552281379699707, 13.467893600463867]]}, "properties": {"name": "Temporary stream", "type": "Temporary stream", "couleur": "#90CAF9"}}, {"type": "Feature", "geometry": {"type": "LineString", "coordinates": [[-11.897098541259766, 13.48027515411377], [-11.9050874710083, 13.48049545288086], [-11.926003456115723, 13.485296249389648], [-11.93257999420166, 13.484367370605469], [-11.947604179382324, 13.477448463439941], [-11.963111877441406, 13.47857666015625], [-11.966633796691895, 13.477421760559082], [-11.974373817443848, 13.46982192993164], [-11.987716674804688, 13.443127632141113], [-11.999549865722656, 13.43277645111084], [-12.002726554870605, 13.429997444152832], [-12.014429092407227, 13.407443046569824], [-12.028030395507812, 13.396613121032715], [-12.031778335571289, 13.391318321228027]]}, "properties": {"name": "Temporary stream", "type": "Temporary stream", "couleur": "#90CAF9"}}, {"type": "Feature", "geometry": {"type": "LineString", "coordinates": [[-12.251543045043945, 13.454549789428711], [-12.259056091308594, 13.453381538391113], [-12.268439292907715, 13.448528289794922], [-12.2759370803833, 13.441840171813965], [-12.283208847045898, 13.438372611999512], [-12.283439636230469, 13.436762809753418], [-12.29517936706543, 13.435121536254883], [-12.302209854125977, 13.429585456848145], [-12.311125755310059, 13.426111221313477], [-12.322142601013184, 13.418723106384277], [-12.34067440032959, 13.410853385925293], [-12.359614372253418, 13.391985893249512], [-12.361278533935547, 13.390329360961914], [-12.36362361907959, 13.389402389526367]]}, "properties": {"name": "Temporary stream", "type": "Temporary stream", "couleur": "#90CAF9"}}, {"type": "Feature", "geometry": {"type": "LineString", "coordinates": [[-12.997474670410156, 13.384782791137695], [-12.997780799865723, 13.397658348083496], [-12.995235443115234, 13.404569625854492], [-12.988693237304688, 13.410812377929688], [-12.984969139099121, 13.41703987121582], [-12.98076057434082, 13.420510292053223], [-12.96103572845459, 13.421529769897461], [-12.956585884094238, 13.424081802368164], [-12.944901466369629, 13.43517780303955], [-12.922874450683594, 13.445403099060059], [-12.918671607971191, 13.450252532958984], [-12.914502143859863, 13.461540222167969], [-12.912454605102539, 13.46222972869873], [-12.899258613586426, 13.466672897338867]]}, "properties": {"name": "Temporary stream", "type": "Temporary stream", "couleur": "#90CAF9"}}, {"type": "Feature", "geometry": {"type": "LineString", "coordinates": [[-11.897098541259766, 13.48027515411377], [-11.87592887878418, 13.46121597290039], [-11.870512008666992, 13.451333999633789], [-11.869795799255371, 13.442597389221191], [-11.87189769744873, 13.433167457580566], [-11.877211570739746, 13.423795700073242], [-11.883378982543945, 13.412919044494629], [-11.889225006103516, 13.394515991210938], [-11.895082473754883, 13.383931159973145]]}, "properties": {"name": "Faleme", "type": "Secondary river", "couleur": "#1976D2"}}, {"type": "Feature", "geometry": {"type": "LineString", "coordinates": [[-12.19051456451416, 13.380882263183594], [-12.195467948913574, 13.38938045501709], [-12.20064926147461, 13.395116806030273], [-12.203231811523438, 13.39465045928955], [-12.20700740814209, 13.40153980255127], [-12.21641731262207, 13.407496452331543], [-12.223468780517578, 13.409318923950195], [-12.23076057434082, 13.413670539855957], [-12.247925758361816, 13.420527458190918], [-12.254986763000488, 13.42602825164795]]}, "properties": {"name": "Temporary stream", "type": "Temporary stream", "couleur": "#90CAF9"}}, {"type": "Feature", "geometry": {"type": "LineString", "coordinates": [[-12.536336898803711, 13.3775634765625], [-12.548935890197754, 13.392253875732422], [-12.557215690612793, 13.407630920410156], [-12.575408935546875, 13.434928894042969], [-12.582243919372559, 13.440882682800293], [-12.587224006652832, 13.452590942382812]]}, "properties": {"name": "Temporary stream", "type": "Temporary stream", "couleur": "#90CAF9"}}, {"type": "Feature", "geometry": {"type": "LineString", "coordinates": [[-12.812030792236328, 13.367049217224121], [-12.829751014709473, 13.37685775756836], [-12.854216575622559, 13.38525390625], [-12.858697891235352, 13.388912200927734], [-12.862719535827637, 13.394871711730957], [-12.878652572631836, 13.442726135253906], [-12.880607604980469, 13.448596000671387], [-12.88699722290039, 13.457763671875], [-12.899258613586426, 13.466672897338867]]}, "properties": {"name": "Temporary stream", "type": "Temporary stream", "couleur": "#90CAF9"}}, {"type": "Feature", "geometry": {"type": "LineString", "coordinates": [[-13.363190650939941, 13.357596397399902], [-13.365438461303711, 13.376897811889648], [-13.363855361938477, 13.385876655578613], [-13.34988021850586, 13.402982711791992], [-13.343803405761719, 13.407390594482422], [-13.338492393493652, 13.420762062072754], [-13.333586692810059, 13.424702644348145]]}, "properties": {"name": "Temporary stream", "type": "Temporary stream", "couleur": "#90CAF9"}}, {"type": "Feature", "geometry": {"type": "LineString", "coordinates": [[-12.997474670410156, 13.384782791137695], [-12.993246078491211, 13.384573936462402], [-12.964031219482422, 13.367246627807617], [-12.948258399963379, 13.359966278076172], [-12.93838119506836, 13.357255935668945], [-12.902239799499512, 13.361571311950684], [-12.876343727111816, 13.35545539855957]]}, "properties": {"name": "Temporary stream", "type": "Temporary stream", "couleur": "#90CAF9"}}, {"type": "Feature", "geometry": {"type": "LineString", "coordinates": [[-11.633927345275879, 13.380911827087402], [-11.633689880371094, 13.374933242797852], [-11.64120101928711, 13.366883277893066], [-11.644485473632812, 13.359983444213867], [-11.644013404846191, 13.35561466217041], [-11.619121551513672, 13.35332202911377], [-11.609025955200195, 13.359533309936523], [-11.604799270629883, 13.358843803405762], [-11.602682113647461, 13.348957061767578]]}, "properties": {"name": "Faleme", "type": "Secondary river", "couleur": "#1976D2"}}, {"type": "Feature", "geometry": {"type": "LineString", "coordinates": [[-12.997474670410156, 13.384782791137695], [-13.00709342956543, 13.382893562316895], [-13.019269943237305, 13.376391410827637], [-13.030776023864746, 13.376330375671387], [-13.033111572265625, 13.374018669128418], [-13.033061027526855, 13.36505126953125], [-13.041501998901367, 13.362707138061523], [-13.054096221923828, 13.34746265411377]]}, "properties": {"name": "Temporary stream", "type": "Temporary stream", "couleur": "#90CAF9"}}, {"type": "Feature", "geometry": {"type": "LineString", "coordinates": [[-13.092294692993164, 13.454412460327148], [-13.087824821472168, 13.453288078308105], [-13.084754943847656, 13.450545310974121], [-13.082844734191895, 13.445266723632812], [-13.090036392211914, 13.429821014404297], [-13.094939231872559, 13.424735069274902], [-13.097485542297363, 13.418512344360352], [-13.095351219177246, 13.41484546661377], [-13.084056854248047, 13.411458015441895], [-13.082382202148438, 13.40617847442627], [-13.08560562133789, 13.395122528076172], [-13.076384544372559, 13.384594917297363], [-13.071861267089844, 13.374041557312012], [-13.068557739257812, 13.371299743652344], [-13.064796447753906, 13.370630264282227], [-13.06384563446045, 13.368565559387207], [-13.068507194519043, 13.36256217956543], [-13.068835258483887, 13.356915473937988], [-13.068934440612793, 13.355201721191406], [-13.06749439239502, 13.349920272827148], [-13.06442928314209, 13.347637176513672], [-13.054096221923828, 13.34746265411377]]}, "properties": {"name": "Temporary stream", "type": "Temporary stream", "couleur": "#90CAF9"}}, {"type": "Feature", "geometry": {"type": "LineString", "coordinates": [[-13.363190650939941, 13.357596397399902], [-13.364337921142578, 13.353679656982422], [-13.367605209350586, 13.350668907165527], [-13.378392219543457, 13.348528861999512], [-13.380719184875488, 13.345322608947754]]}, "properties": {"name": "Temporary stream", "type": "Temporary stream", "couleur": "#90CAF9"}}, {"type": "Feature", "geometry": {"type": "LineString", "coordinates": [[-12.231968879699707, 13.338703155517578], [-12.245403289794922, 13.356837272644043], [-12.251757621765137, 13.3618803024292], [-12.263777732849121, 13.377716064453125], [-12.26710319519043, 13.391044616699219], [-12.265756607055664, 13.413352966308594], [-12.262482643127441, 13.41865062713623], [-12.25592041015625, 13.423726081848145], [-12.254986763000488, 13.42602825164795]]}, "properties": {"name": "Temporary stream", "type": "Temporary stream", "couleur": "#90CAF9"}}, {"type": "Feature", "geometry": {"type": "LineString", "coordinates": [[-13.440199851989746, 13.421016693115234], [-13.452874183654785, 13.387127876281738], [-13.455365180969238, 13.37423324584961], [-13.450037956237793, 13.35196304321289], [-13.446459770202637, 13.344168663024902], [-13.44627857208252, 13.335073471069336]]}, "properties": {"name": "Temporary stream", "type": "Temporary stream", "couleur": "#90CAF9"}}, {"type": "Feature", "geometry": {"type": "LineString", "coordinates": [[-11.603381156921387, 13.33423900604248], [-11.605027198791504, 13.341597557067871], [-11.602682113647461, 13.348957061767578]]}, "properties": {"name": "Faleme", "type": "Secondary river", "couleur": "#1976D2"}}, {"type": "Feature", "geometry": {"type": "LineString", "coordinates": [[-12.628618240356445, 13.464621543884277], [-12.637005805969238, 13.448034286499023], [-12.639816284179688, 13.445953369140625], [-12.642378807067871, 13.440884590148926], [-12.643733978271484, 13.42800235748291], [-12.642967224121094, 13.413289070129395], [-12.639886856079102, 13.406862258911133], [-12.63868522644043, 13.400197982788086], [-12.633260726928711, 13.394930839538574], [-12.626627922058105, 13.381158828735352], [-12.623090744018555, 13.377723693847656], [-12.596785545349121, 13.377362251281738], [-12.593206405639648, 13.375597953796387], [-12.582433700561523, 13.37028694152832], [-12.567578315734863, 13.354934692382812], [-12.558638572692871, 13.35082721710205], [-12.552508354187012, 13.34441089630127], [-12.548670768737793, 13.333996772766113]]}, "properties": {"name": "Temporary stream", "type": "Temporary stream", "couleur": "#90CAF9"}}, {"type": "Feature", "geometry": {"type": "LineString", "coordinates": [[-11.990103721618652, 13.33228874206543], [-11.968294143676758, 13.348649024963379], [-11.96031665802002, 13.352339744567871], [-11.941788673400879, 13.366623878479004], [-11.907523155212402, 13.38046646118164], [-11.895082473754883, 13.383931159973145]]}, "properties": {"name": "Temporary stream", "type": "Temporary stream", "couleur": "#90CAF9"}}, {"type": "Feature", "geometry": {"type": "LineString", "coordinates": [[-13.239158630371094, 13.424365043640137], [-13.22986888885498, 13.367392539978027], [-13.22535514831543, 13.35914134979248], [-13.201018333435059, 13.335370063781738], [-13.183330535888672, 13.323055267333984]]}, "properties": {"name": "Temporary stream", "type": "Temporary stream", "couleur": "#90CAF9"}}, {"type": "Feature", "geometry": {"type": "LineString", "coordinates": [[-13.380719184875488, 13.345322608947754], [-13.389958381652832, 13.32338809967041], [-13.391587257385254, 13.321308135986328], [-13.401679992675781, 13.320781707763672], [-13.413268089294434, 13.326189041137695], [-13.428971290588379, 13.328418731689453], [-13.436513900756836, 13.332508087158203], [-13.44627857208252, 13.335073471069336]]}, "properties": {"name": "Gambia river", "type": "Main river", "couleur": "#1565C0"}}, {"type": "Feature", "geometry": {"type": "LineString", "coordinates": [[-11.84051513671875, 13.31799602508545], [-11.839824676513672, 13.329034805297852], [-11.841710090637207, 13.335010528564453], [-11.854412078857422, 13.352245330810547], [-11.855746269226074, 13.35326862335205], [-11.867575645446777, 13.362347602844238], [-11.872754096984863, 13.371310234069824], [-11.87792682647705, 13.376593589782715], [-11.886622428894043, 13.380492210388184], [-11.892024040222168, 13.381175994873047], [-11.895082473754883, 13.383931159973145]]}, "properties": {"name": "Faleme", "type": "Secondary river", "couleur": "#1976D2"}}, {"type": "Feature", "geometry": {"type": "LineString", "coordinates": [[-12.684589385986328, 13.316123008728027], [-12.696633338928223, 13.332362174987793], [-12.70959758758545, 13.343576431274414], [-12.72864055633545, 13.348786354064941], [-12.737558364868164, 13.347599029541016], [-12.754910469055176, 13.342235565185547], [-12.762906074523926, 13.344730377197266], [-12.79138469696045, 13.358633995056152], [-12.795310020446777, 13.359939575195312], [-12.80502700805664, 13.36317253112793], [-12.812030792236328, 13.367049217224121]]}, "properties": {"name": "Temporary stream", "type": "Temporary stream", "couleur": "#90CAF9"}}, {"type": "Feature", "geometry": {"type": "LineString", "coordinates": [[-11.633927345275879, 13.380911827087402], [-11.640740394592285, 13.385969161987305], [-11.651296615600586, 13.385482788085938], [-11.667744636535645, 13.379060745239258], [-11.698273658752441, 13.378815650939941], [-11.703207969665527, 13.38203239440918], [-11.705092430114746, 13.3900785446167], [-11.709796905517578, 13.399504661560059], [-11.714262008666992, 13.403181076049805], [-11.743647575378418, 13.407181739807129], [-11.74882698059082, 13.401054382324219], [-11.748133659362793, 13.382096290588379], [-11.749987602233887, 13.378129005432129], [-11.75793743133545, 13.369660377502441], [-11.764249801635742, 13.36221694946289], [-11.767999649047852, 13.355084419250488], [-11.771270751953125, 13.337836265563965], [-11.773615837097168, 13.333924293518066], [-11.777839660644531, 13.331622123718262], [-11.790282249450684, 13.32954216003418], [-11.794739723205566, 13.325859069824219], [-11.7975435256958, 13.314127922058105]]}, "properties": {"name": "Faleme", "type": "Secondary river", "couleur": "#1976D2"}}, {"type": "Feature", "geometry": {"type": "LineString", "coordinates": [[-13.267742156982422, 13.305074691772461], [-13.277403831481934, 13.31053352355957], [-13.31201457977295, 13.325037956237793], [-13.327828407287598, 13.337125778198242], [-13.329705238342285, 13.336883544921875], [-13.340553283691406, 13.343713760375977], [-13.347403526306152, 13.349649429321289], [-13.354464530944824, 13.352132797241211], [-13.363190650939941, 13.357596397399902]]}, "properties": {"name": "Temporary stream", "type": "Temporary stream", "couleur": "#90CAF9"}}, {"type": "Feature", "geometry": {"type": "LineString", "coordinates": [[-11.7975435256958, 13.314127922058105], [-11.799885749816895, 13.30860710144043], [-11.803873062133789, 13.304694175720215], [-11.812559127807617, 13.303766250610352]]}, "properties": {"name": "Faleme", "type": "Secondary river", "couleur": "#1976D2"}}, {"type": "Feature", "geometry": {"type": "LineString", "coordinates": [[-11.812559127807617, 13.303766250610352], [-11.804586410522461, 13.308114051818848], [-11.799867630004883, 13.314467430114746], [-11.797151565551758, 13.326746940612793], [-11.7926607131958, 13.331344604492188], [-11.776966094970703, 13.335481643676758], [-11.772927284240723, 13.338106155395508], [-11.770647048950195, 13.35543155670166], [-11.758346557617188, 13.371903419494629], [-11.751091957092285, 13.38061809539795], [-11.7501859664917, 13.385004043579102], [-11.751943588256836, 13.399925231933594], [-11.742507934570312, 13.409337997436523], [-11.717857360839844, 13.407747268676758], [-11.708232879638672, 13.402680397033691], [-11.70510482788086, 13.398724555969238], [-11.702446937561035, 13.386214256286621], [-11.698420524597168, 13.382914543151855], [-11.6732177734375, 13.381732940673828], [-11.668842315673828, 13.3815279006958], [-11.64461898803711, 13.388707160949707], [-11.637002944946289, 13.387372016906738], [-11.633927345275879, 13.380911827087402]]}, "properties": {"name": "Faleme", "type": "Secondary river", "couleur": "#1976D2"}}, {"type": "Feature", "geometry": {"type": "LineString", "coordinates": [[-11.812559127807617, 13.303766250610352], [-11.832282066345215, 13.304436683654785], [-11.838626861572266, 13.309720039367676], [-11.84051513671875, 13.31799602508545]]}, "properties": {"name": "Faleme", "type": "Secondary river", "couleur": "#1976D2"}}, {"type": "Feature", "geometry": {"type": "LineString", "coordinates": [[-13.44627857208252, 13.335073471069336], [-13.453852653503418, 13.32733154296875], [-13.45925521850586, 13.32752513885498], [-13.466802597045898, 13.332303047180176], [-13.471970558166504, 13.332497596740723], [-13.475476264953613, 13.330174446105957], [-13.47522258758545, 13.327646255493164], [-13.482227325439453, 13.316506385803223], [-13.484874725341797, 13.306493759155273], [-13.490029335021973, 13.29970645904541]]}, "properties": {"name": "Gambia river", "type": "Main river", "couleur": "#1565C0"}}, {"type": "Feature", "geometry": {"type": "LineString", "coordinates": [[-12.876343727111816, 13.35545539855957], [-12.869793891906738, 13.353907585144043], [-12.850301742553711, 13.35353946685791], [-12.835023880004883, 13.350619316101074], [-12.823015213012695, 13.344005584716797], [-12.804908752441406, 13.338567733764648], [-12.798566818237305, 13.338135719299316], [-12.776220321655273, 13.32972526550293], [-12.766324043273926, 13.322410583496094], [-12.762782096862793, 13.318056106567383], [-12.757479667663574, 13.314865112304688], [-12.749126434326172, 13.309836387634277], [-12.729151725769043, 13.306012153625488], [-12.707283973693848, 13.298513412475586]]}, "properties": {"name": "Temporary stream", "type": "Temporary stream", "couleur": "#90CAF9"}}, {"type": "Feature", "geometry": {"type": "LineString", "coordinates": [[-11.584650039672852, 13.298064231872559], [-11.594917297363281, 13.300897598266602], [-11.597031593322754, 13.304116249084473], [-11.594922065734863, 13.314234733581543], [-11.59869384765625, 13.32315444946289], [-11.603381156921387, 13.33423900604248]]}, "properties": {"name": "Faleme", "type": "Secondary river", "couleur": "#1976D2"}}, {"type": "Feature", "geometry": {"type": "LineString", "coordinates": [[-15.0, 13.45201301574707], [-14.971001625061035, 13.439675331115723], [-14.962667465209961, 13.430808067321777], [-14.957464218139648, 13.428112030029297], [-14.941686630249023, 13.42508316040039], [-14.932944297790527, 13.421049118041992], [-14.926166534423828, 13.414851188659668], [-14.921774864196777, 13.410834312438965], [-14.90639877319336, 13.4022798538208], [-14.882123947143555, 13.395668983459473], [-14.860807418823242, 13.400289535522461], [-14.850481986999512, 13.401102066040039], [-14.840822219848633, 13.398685455322266], [-14.825206756591797, 13.389439582824707], [-14.814047813415527, 13.379680633544922], [-14.812350273132324, 13.375200271606445], [-14.798517227172852, 13.338695526123047], [-14.790617942810059, 13.32636833190918], [-14.783954620361328, 13.319086074829102], [-14.761918067932129, 13.302550315856934], [-14.745606422424316, 13.293307304382324]]}, "properties": {"name": "Temporary stream", "type": "Temporary stream", "couleur": "#90CAF9"}}, {"type": "Feature", "geometry": {"type": "LineString", "coordinates": [[-12.031778335571289, 13.391318321228027], [-12.036186218261719, 13.363486289978027], [-12.03121280670166, 13.342108726501465], [-12.032369613647461, 13.333138465881348], [-12.035412788391113, 13.32807445526123], [-12.0411958694458, 13.321939468383789], [-12.068740844726562, 13.292708396911621]]}, "properties": {"name": "Temporary stream", "type": "Temporary stream", "couleur": "#90CAF9"}}, {"type": "Feature", "geometry": {"type": "LineString", "coordinates": [[-13.034758567810059, 13.291454315185547], [-13.034343719482422, 13.301115989685059], [-13.036046028137207, 13.311454772949219], [-13.039387702941895, 13.32109546661377], [-13.049838066101074, 13.341965675354004], [-13.054096221923828, 13.34746265411377]]}, "properties": {"name": "Temporary stream", "type": "Temporary stream", "couleur": "#90CAF9"}}, {"type": "Feature", "geometry": {"type": "LineString", "coordinates": [[-14.459425926208496, 13.289602279663086], [-14.459589958190918, 13.288824081420898], [-14.463310241699219, 13.285566329956055], [-14.476417541503906, 13.281981468200684]]}, "properties": {"name": "Temporary stream", "type": "Temporary stream", "couleur": "#90CAF9"}}, {"type": "Feature", "geometry": {"type": "LineString", "coordinates": [[-13.725669860839844, 13.454487800598145], [-13.734018325805664, 13.44625186920166], [-13.750382423400879, 13.43669605255127], [-13.755977630615234, 13.43159294128418], [-13.75827693939209, 13.425597190856934], [-13.754905700683594, 13.415735244750977], [-13.752378463745117, 13.410844802856445], [-13.754819869995117, 13.398575782775879], [-13.77293872833252, 13.381329536437988], [-13.775968551635742, 13.378545761108398], [-13.775696754455566, 13.374178886413574], [-13.772619247436523, 13.371213912963867], [-13.758963584899902, 13.367182731628418], [-13.742533683776855, 13.368230819702148], [-13.72050666809082, 13.374150276184082], [-13.715094566345215, 13.37281322479248], [-13.71300220489502, 13.375358581542969], [-13.690705299377441, 13.3771390914917], [-13.681781768798828, 13.377206802368164], [-13.679895401000977, 13.376300811767578], [-13.679159164428711, 13.372397422790527], [-13.679530143737793, 13.366459846496582], [-13.688687324523926, 13.359907150268555], [-13.704922676086426, 13.33494758605957], [-13.701369285583496, 13.33106517791748], [-13.686349868774414, 13.332099914550781], [-13.674189567565918, 13.338400840759277], [-13.670653343200684, 13.336587905883789], [-13.670367240905762, 13.330151557922363], [-13.685454368591309, 13.296564102172852], [-13.684152603149414, 13.286150932312012], [-13.674588203430176, 13.275309562683105]]}, "properties": {"name": "Gambia river", "type": "Main river", "couleur": "#1565C0"}}, {"type": "Feature", "geometry": {"type": "LineString", "coordinates": [[-13.018681526184082, 13.27153205871582], [-13.02649974822998, 13.283909797668457], [-13.034758567810059, 13.291454315185547]]}, "properties": {"name": "Temporary stream", "type": "Temporary stream", "couleur": "#90CAF9"}}, {"type": "Feature", "geometry": {"type": "LineString", "coordinates": [[-12.81422233581543, 13.273676872253418], [-12.84285831451416, 13.272856712341309], [-12.85482406616211, 13.271421432495117], [-12.876862525939941, 13.265800476074219], [-12.892587661743164, 13.265265464782715], [-12.901046752929688, 13.266833305358887], [-12.912583351135254, 13.273447036743164], [-12.936559677124023, 13.279309272766113], [-12.939751625061035, 13.279397010803223], [-12.950647354125977, 13.279698371887207], [-12.97805118560791, 13.268062591552734], [-12.98791217803955, 13.268241882324219], [-12.991889953613281, 13.265922546386719], [-13.018681526184082, 13.27153205871582]]}, "properties": {"name": "Temporary stream", "type": "Temporary stream", "couleur": "#90CAF9"}}, {"type": "Feature", "geometry": {"type": "LineString", "coordinates": [[-14.043655395507812, 13.24866771697998], [-14.050497055053711, 13.252286911010742], [-14.066732406616211, 13.256280899047852], [-14.083649635314941, 13.25796890258789], [-14.094033241271973, 13.26362419128418], [-14.11669635772705, 13.272923469543457]]}, "properties": {"name": "Temporary stream", "type": "Temporary stream", "couleur": "#90CAF9"}}, {"type": "Feature", "geometry": {"type": "LineString", "coordinates": [[-13.618986129760742, 13.24544620513916], [-13.608277320861816, 13.251219749450684], [-13.600783348083496, 13.258096694946289], [-13.594918251037598, 13.268651962280273], [-13.591801643371582, 13.281750679016113], [-13.5908842086792, 13.284516334533691], [-13.599054336547852, 13.308833122253418], [-13.599570274353027, 13.31480884552002], [-13.598200798034668, 13.319878578186035], [-13.593069076538086, 13.324284553527832], [-13.588845252990723, 13.324544906616211], [-13.585294723510742, 13.320891380310059], [-13.587141036987305, 13.316739082336426], [-13.590791702270508, 13.307625770568848], [-13.588610649108887, 13.30079174041748], [-13.58375358581543, 13.296602249145508], [-13.573518753051758, 13.291909217834473], [-13.56437873840332, 13.291948318481445], [-13.558491706848145, 13.297764778137207], [-13.552668571472168, 13.318846702575684], [-13.544759750366211, 13.332221031188965], [-13.53745174407959, 13.328362464904785], [-13.520074844360352, 13.328255653381348], [-13.50103759765625, 13.325858116149902], [-13.497020721435547, 13.322437286376953], [-13.497298240661621, 13.320656776428223], [-13.507476806640625, 13.311665534973145], [-13.507463455200195, 13.308506965637207], [-13.50534725189209, 13.3053617477417], [-13.499673843383789, 13.300111770629883], [-13.490029335021973, 13.29970645904541]]}, "properties": {"name": "Gambia river", "type": "Main river", "couleur": "#1565C0"}}, {"type": "Feature", "geometry": {"type": "LineString", "coordinates": [[-13.914036750793457, 13.244038581848145], [-13.915962219238281, 13.249311447143555], [-13.925454139709473, 13.260730743408203], [-13.945501327514648, 13.297125816345215], [-13.945852279663086, 13.301446914672852], [-13.946775436401367, 13.31283187866211]]}, "properties": {"name": "Temporary stream", "type": "Temporary stream", "couleur": "#90CAF9"}}, {"type": "Feature", "geometry": {"type": "LineString", "coordinates": [[-11.84051513671875, 13.31799602508545], [-11.850607872009277, 13.314995765686035], [-11.860928535461426, 13.307856559753418], [-11.867025375366211, 13.301410675048828], [-11.883646011352539, 13.266897201538086], [-11.8876314163208, 13.262752532958984], [-11.892781257629395, 13.252397537231445], [-11.898641586303711, 13.246871948242188], [-11.907323837280273, 13.245020866394043], [-11.911543846130371, 13.24133586883545]]}, "properties": {"name": "Temporary stream", "type": "Temporary stream", "couleur": "#90CAF9"}}, {"type": "Feature", "geometry": {"type": "LineString", "coordinates": [[-13.674588203430176, 13.275309562683105], [-13.647095680236816, 13.276312828063965], [-13.644391059875488, 13.272640228271484], [-13.64860725402832, 13.254721641540527], [-13.64834976196289, 13.248218536376953], [-13.647147178649902, 13.244547843933105], [-13.644072532653809, 13.24181079864502], [-13.633271217346191, 13.241201400756836], [-13.625066757202148, 13.24264144897461], [-13.618986129760742, 13.24544620513916]]}, "properties": {"name": "Gambia river", "type": "Main river", "couleur": "#1565C0"}}, {"type": "Feature", "geometry": {"type": "LineString", "coordinates": [[-11.812559127807617, 13.303766250610352], [-11.809497833251953, 13.295491218566895], [-11.805030822753906, 13.289055824279785], [-11.806200981140137, 13.286066055297852], [-11.82144546508789, 13.272483825683594], [-11.823317527770996, 13.268112182617188], [-11.823540687561035, 13.258453369140625], [-11.81883430480957, 13.248109817504883], [-11.813665390014648, 13.243745803833008], [-11.806154251098633, 13.243522644042969], [-11.804272651672363, 13.239845275878906], [-11.805441856384277, 13.236164093017578]]}, "properties": {"name": "Temporary stream", "type": "Temporary stream", "couleur": "#90CAF9"}}, {"type": "Feature", "geometry": {"type": "LineString", "coordinates": [[-15.693281173706055, 13.236318588256836], [-15.715511322021484, 13.246800422668457], [-15.721385955810547, 13.247173309326172], [-15.728178024291992, 13.2461519241333], [-15.75361156463623, 13.236343383789062], [-15.766960144042969, 13.23430347442627], [-15.777276039123535, 13.23345947265625], [-15.795918464660645, 13.239617347717285], [-15.804914474487305, 13.23885726928711], [-15.810323715209961, 13.23840045928955]]}, "properties": {"name": "Temporary stream", "type": "Temporary stream", "couleur": "#90CAF9"}}, {"type": "Feature", "geometry": {"type": "LineString", "coordinates": [[-11.584650039672852, 13.298064231872559], [-11.572346687316895, 13.286080360412598], [-11.557826042175293, 13.282691955566406], [-11.552497863769531, 13.27807331085205], [-11.54930591583252, 13.27387809753418], [-11.545926094055176, 13.261313438415527], [-11.534207344055176, 13.250816345214844], [-11.533795356750488, 13.246002197265625], [-11.547306060791016, 13.227972030639648]]}, "properties": {"name": "Faleme", "type": "Secondary river", "couleur": "#1976D2"}}, {"type": "Feature", "geometry": {"type": "LineString", "coordinates": [[-11.547306060791016, 13.227972030639648], [-11.53621768951416, 13.246170043945312], [-11.537392616271973, 13.24915885925293], [-11.5460786819458, 13.257438659667969], [-11.549835205078125, 13.263876914978027], [-11.553123474121094, 13.274225234985352], [-11.555706024169922, 13.276985168457031], [-11.571435928344727, 13.281813621520996], [-11.577540397644043, 13.285032272338867], [-11.580827713012695, 13.288941383361816], [-11.584650039672852, 13.298064231872559]]}, "properties": {"name": "Faleme", "type": "Secondary river", "couleur": "#1976D2"}}, {"type": "Feature", "geometry": {"type": "LineString", "coordinates": [[-14.277010917663574, 13.227871894836426], [-14.278834342956543, 13.236001014709473]]}, "properties": {"name": "Temporary stream", "type": "Temporary stream", "couleur": "#90CAF9"}}, {"type": "Feature", "geometry": {"type": "LineString", "coordinates": [[-15.457091331481934, 13.298118591308594], [-15.464583396911621, 13.29663372039795], [-15.474834442138672, 13.2912015914917], [-15.487518310546875, 13.275614738464355], [-15.498873710632324, 13.265565872192383], [-15.510592460632324, 13.248382568359375], [-15.5359525680542, 13.233074188232422], [-15.543473243713379, 13.233657836914062], [-15.55282974243164, 13.231454849243164], [-15.55815601348877, 13.228572845458984], [-15.566800117492676, 13.223895072937012], [-15.57290267944336, 13.223808288574219], [-15.585238456726074, 13.23237133026123], [-15.591371536254883, 13.234353065490723], [-15.606854438781738, 13.233670234680176], [-15.616739273071289, 13.235366821289062], [-15.633868217468262, 13.234889030456543], [-15.63670539855957, 13.236227989196777], [-15.654261589050293, 13.23298168182373], [-15.663411140441895, 13.232617378234863], [-15.66860294342041, 13.234381675720215], [-15.673755645751953, 13.233616828918457], [-15.681647300720215, 13.234708786010742], [-15.693281173706055, 13.236318588256836]]}, "properties": {"name": "Temporary stream", "type": "Temporary stream", "couleur": "#90CAF9"}}, {"type": "Feature", "geometry": {"type": "LineString", "coordinates": [[-12.15589427947998, 13.242064476013184], [-12.171832084655762, 13.23237133026123], [-12.188728332519531, 13.230953216552734], [-12.192007064819336, 13.228416442871094], [-12.201626777648926, 13.226553916931152], [-12.217568397521973, 13.219847679138184], [-12.22804069519043, 13.220061302185059]]}, "properties": {"name": "Temporary stream", "type": "Temporary stream", "couleur": "#90CAF9"}}, {"type": "Feature", "geometry": {"type": "LineString", "coordinates": [[-14.745606422424316, 13.293307304382324], [-14.742977142333984, 13.289427757263184], [-14.72999095916748, 13.28753662109375], [-14.723926544189453, 13.286654472351074], [-14.720383644104004, 13.2848539352417], [-14.709463119506836, 13.274628639221191], [-14.705587387084961, 13.26455307006836], [-14.698463439941406, 13.257733345031738], [-14.683106422424316, 13.249395370483398], [-14.672822952270508, 13.23318099975586], [-14.661726951599121, 13.227785110473633], [-14.651141166687012, 13.225831985473633], [-14.648295402526855, 13.223333358764648], [-14.630163192749023, 13.218243598937988]]}, "properties": {"name": "Temporary stream", "type": "Temporary stream", "couleur": "#90CAF9"}}, {"type": "Feature", "geometry": {"type": "LineString", "coordinates": [[-15.112627983093262, 13.279236793518066], [-15.106532096862793, 13.26229476928711], [-15.098426818847656, 13.252968788146973], [-15.085248947143555, 13.232895851135254], [-15.078479766845703, 13.218031883239746]]}, "properties": {"name": "Temporary stream", "type": "Temporary stream", "couleur": "#90CAF9"}}, {"type": "Feature", "geometry": {"type": "LineString", "coordinates": [[-11.547306060791016, 13.227972030639648], [-11.549519538879395, 13.216723442077637]]}, "properties": {"name": "Faleme", "type": "Secondary river", "couleur": "#1976D2"}}, {"type": "Feature", "geometry": {"type": "LineString", "coordinates": [[-11.549519538879395, 13.216723442077637], [-11.54971694946289, 13.215946197509766]]}, "properties": {"name": "Faleme", "type": "Secondary river", "couleur": "#1976D2"}}, {"type": "Feature", "geometry": {"type": "LineString", "coordinates": [[-15.0, 13.21561336517334], [-14.994004249572754, 13.219999313354492], [-14.975808143615723, 13.247206687927246]]}, "properties": {"name": "Temporary stream", "type": "Temporary stream", "couleur": "#90CAF9"}}, {"type": "Feature", "geometry": {"type": "LineString", "coordinates": [[-11.549325942993164, 13.214783668518066], [-11.54971694946289, 13.215946197509766]]}, "properties": {"name": "Faleme", "type": "Secondary river", "couleur": "#1976D2"}}, {"type": "Feature", "geometry": {"type": "LineString", "coordinates": [[-15.078479766845703, 13.218031883239746], [-15.06917953491211, 13.224818229675293], [-15.061694145202637, 13.226751327514648], [-15.044034957885742, 13.222601890563965], [-15.039772033691406, 13.219664573669434], [-15.019511222839355, 13.213935852050781], [-15.001678466796875, 13.214385986328125], [-15.0, 13.21561336517334]]}, "properties": {"name": "Temporary stream", "type": "Temporary stream", "couleur": "#90CAF9"}}, {"type": "Feature", "geometry": {"type": "LineString", "coordinates": [[-13.724786758422852, 13.209001541137695], [-13.72200870513916, 13.213622093200684], [-13.70197582244873, 13.232404708862305], [-13.680837631225586, 13.259931564331055], [-13.674588203430176, 13.275309562683105]]}, "properties": {"name": "Temporary stream", "type": "Temporary stream", "couleur": "#90CAF9"}}, {"type": "Feature", "geometry": {"type": "LineString", "coordinates": [[-12.362814903259277, 13.207965850830078], [-12.362839698791504, 13.215785026550293], [-12.360983848571777, 13.222689628601074], [-12.353741645812988, 13.233518600463867], [-12.334315299987793, 13.251510620117188], [-12.331059455871582, 13.261178970336914], [-12.323111534118652, 13.272698402404785], [-12.318690299987793, 13.285589218139648], [-12.317086219787598, 13.298701286315918]]}, "properties": {"name": "Temporary stream", "type": "Temporary stream", "couleur": "#90CAF9"}}, {"type": "Feature", "geometry": {"type": "LineString", "coordinates": [[-12.597039222717285, 13.20695972442627], [-12.597807884216309, 13.222825050354004], [-12.6061429977417, 13.252459526062012], [-12.605716705322266, 13.263270378112793], [-12.602702140808105, 13.272249221801758], [-12.601126670837402, 13.289043426513672], [-12.596925735473633, 13.295268058776855], [-12.586140632629395, 13.298986434936523]]}, "properties": {"name": "Temporary stream", "type": "Temporary stream", "couleur": "#90CAF9"}}, {"type": "Feature", "geometry": {"type": "LineString", "coordinates": [[-12.22804069519043, 13.220061302185059], [-12.237754821777344, 13.220258712768555], [-12.247583389282227, 13.209425926208496], [-12.252504348754883, 13.206884384155273], [-12.261659622192383, 13.207551002502441], [-12.266595840454102, 13.210298538208008], [-12.270369529724121, 13.215620994567871], [-12.273429870605469, 13.219939231872559], [-12.278369903564453, 13.224065780639648], [-12.282383918762207, 13.23233413696289], [-12.285204887390137, 13.233936309814453], [-12.292243003845215, 13.232538223266602], [-12.306063652038574, 13.223302841186523], [-12.326238632202148, 13.220027923583984], [-12.331390380859375, 13.216105461120605], [-12.339332580566406, 13.20366382598877], [-12.343783378601074, 13.20112133026123], [-12.351762771606445, 13.200868606567383], [-12.358104705810547, 13.202690124511719], [-12.362814903259277, 13.207965850830078]]}, "properties": {"name": "Temporary stream", "type": "Temporary stream", "couleur": "#90CAF9"}}, {"type": "Feature", "geometry": {"type": "LineString", "coordinates": [[-13.115653038024902, 13.195348739624023], [-13.119932174682617, 13.204524040222168], [-13.122350692749023, 13.216468811035156], [-13.120749473571777, 13.223607063293457], [-13.11703109741211, 13.229836463928223], [-13.10932445526123, 13.236088752746582], [-13.095514297485352, 13.242834091186523], [-13.088509559631348, 13.249312400817871], [-13.081250190734863, 13.252341270446777], [-13.051088333129883, 13.273200988769531], [-13.042558670043945, 13.280960083007812], [-13.039644241333008, 13.283610343933105], [-13.034758567810059, 13.291454315185547]]}, "properties": {"name": "Temporary stream", "type": "Temporary stream", "couleur": "#90CAF9"}}, {"type": "Feature", "geometry": {"type": "LineString", "coordinates": [[-13.018681526184082, 13.27153205871582], [-13.018660545349121, 13.267622947692871], [-13.013896942138672, 13.255229949951172], [-13.013381004333496, 13.246953964233398], [-13.015811920166016, 13.219804763793945], [-13.014349937438965, 13.210153579711914], [-13.011028289794922, 13.203731536865234], [-13.004424095153809, 13.197786331176758], [-12.995482444763184, 13.193693161010742], [-12.987286567687988, 13.196954727172852], [-12.957297325134277, 13.201001167297363], [-12.93592643737793, 13.203882217407227], [-12.928451538085938, 13.210588455200195], [-12.91836929321289, 13.212477684020996], [-12.903818130493164, 13.21254825592041], [-12.895344734191895, 13.207988739013672], [-12.886651992797852, 13.206191062927246], [-12.871185302734375, 13.21086311340332]]}, "properties": {"name": "Temporary stream", "type": "Temporary stream", "couleur": "#90CAF9"}}, {"type": "Feature", "geometry": {"type": "LineString", "coordinates": [[-12.747926712036133, 13.253040313720703], [-12.742953300476074, 13.243403434753418], [-12.742463111877441, 13.239035606384277], [-12.746374130249023, 13.221771240234375], [-12.745192527770996, 13.21993637084961], [-12.756121635437012, 13.197813034057617], [-12.76211166381836, 13.1929349899292]]}, "properties": {"name": "Temporary stream", "type": "Temporary stream", "couleur": "#90CAF9"}}, {"type": "Feature", "geometry": {"type": "LineString", "coordinates": [[-12.500510215759277, 13.188216209411621], [-12.486706733703613, 13.199991226196289], [-12.47765064239502, 13.227157592773438], [-12.468290328979492, 13.235007286071777], [-12.463637351989746, 13.246750831604004], [-12.440465927124023, 13.266141891479492], [-12.439094543457031, 13.276724815368652], [-12.431671142578125, 13.289548873901367], [-12.428380966186523, 13.303403854370117]]}, "properties": {"name": "Temporary stream", "type": "Temporary stream", "couleur": "#90CAF9"}}, {"type": "Feature", "geometry": {"type": "LineString", "coordinates": [[-12.500510215759277, 13.188216209411621], [-12.504037857055664, 13.19027328491211], [-12.512016296386719, 13.190016746520996], [-12.52982234954834, 13.182135581970215], [-12.541090965270996, 13.183245658874512], [-12.550705909729004, 13.181601524353027], [-12.557514190673828, 13.182268142700195], [-12.563155174255371, 13.184547424316406], [-12.574926376342773, 13.19393253326416], [-12.584089279174805, 13.196429252624512], [-12.593514442443848, 13.205822944641113], [-12.597039222717285, 13.20695972442627]]}, "properties": {"name": "Temporary stream", "type": "Temporary stream", "couleur": "#90CAF9"}}, {"type": "Feature", "geometry": {"type": "LineString", "coordinates": [[-13.380719184875488, 13.345322608947754], [-13.373429298400879, 13.343962669372559], [-13.364920616149902, 13.335968971252441], [-13.360235214233398, 13.331183433532715], [-13.356958389282227, 13.31698226928711], [-13.358007431030273, 13.309608459472656], [-13.36212158203125, 13.304482460021973], [-13.3672456741333, 13.298469543457031], [-13.383638381958008, 13.292384147644043], [-13.387840270996094, 13.288907051086426], [-13.390166282653809, 13.283169746398926], [-13.387067794799805, 13.279253959655762], [-13.382826805114746, 13.276982307434082], [-13.369433403015137, 13.275229454040527], [-13.365179061889648, 13.271117210388184], [-13.364290237426758, 13.263259887695312], [-13.365326881408691, 13.252728462219238], [-13.359936714172363, 13.24853515625], [-13.348647117614746, 13.248048782348633], [-13.342204093933105, 13.24113941192627], [-13.340069770812988, 13.237933158874512], [-13.320340156555176, 13.23598861694336], [-13.319565773010254, 13.231830596923828], [-13.334545135498047, 13.211772918701172], [-13.33345890045166, 13.2086181640625], [-13.322701454162598, 13.206023216247559], [-13.313220024108887, 13.198424339294434], [-13.312664031982422, 13.181595802307129]]}, "properties": {"name": "Gambia river", "type": "Main river", "couleur": "#1565C0"}}, {"type": "Feature", "geometry": {"type": "LineString", "coordinates": [[-12.480523109436035, 13.177244186401367], [-12.488758087158203, 13.183196067810059], [-12.500510215759277, 13.188216209411621]]}, "properties": {"name": "Temporary stream", "type": "Temporary stream", "couleur": "#90CAF9"}}, {"type": "Feature", "geometry": {"type": "LineString", "coordinates": [[-12.362814903259277, 13.207965850830078], [-12.372640609741211, 13.197818756103516], [-12.379638671875, 13.184690475463867], [-12.382445335388184, 13.18192195892334], [-12.39158821105957, 13.17890453338623], [-12.400016784667969, 13.172900199890137], [-12.403299331665039, 13.172200202941895]]}, "properties": {"name": "Temporary stream", "type": "Temporary stream", "couleur": "#90CAF9"}}, {"type": "Feature", "geometry": {"type": "LineString", "coordinates": [[-15.154372215270996, 13.171530723571777], [-15.126230239868164, 13.173040390014648], [-15.116893768310547, 13.176838874816895], [-15.110400199890137, 13.182670593261719], [-15.104098320007324, 13.185279846191406], [-15.091082572937012, 13.19487476348877], [-15.078479766845703, 13.218031883239746]]}, "properties": {"name": "Temporary stream", "type": "Temporary stream", "couleur": "#90CAF9"}}, {"type": "Feature", "geometry": {"type": "LineString", "coordinates": [[-15.164643287658691, 13.219466209411621], [-15.163348197937012, 13.210514068603516], [-15.161696434020996, 13.209844589233398], [-15.160852432250977, 13.199506759643555], [-15.156522750854492, 13.191741943359375], [-15.152365684509277, 13.179375648498535], [-15.154372215270996, 13.171530723571777]]}, "properties": {"name": "Temporary stream", "type": "Temporary stream", "couleur": "#90CAF9"}}, {"type": "Feature", "geometry": {"type": "LineString", "coordinates": [[-12.597039222717285, 13.20695972442627], [-12.602843284606934, 13.191300392150879], [-12.606588363647461, 13.188755989074707], [-12.634288787841797, 13.190720558166504], [-12.642690658569336, 13.179649353027344], [-12.647843360900879, 13.177330017089844], [-12.655824661254883, 13.17775821685791], [-12.665885925292969, 13.171049118041992], [-12.673628807067871, 13.17055892944336], [-12.675498008728027, 13.168710708618164]]}, "properties": {"name": "Temporary stream", "type": "Temporary stream", "couleur": "#90CAF9"}}, {"type": "Feature", "geometry": {"type": "LineString", "coordinates": [[-12.709880828857422, 13.24906063079834], [-12.70680046081543, 13.24240493774414], [-12.692419052124023, 13.228205680847168], [-12.682061195373535, 13.221117973327637], [-12.679696083068848, 13.216988563537598], [-12.680378913879395, 13.211926460266113], [-12.691365242004395, 13.201763153076172], [-12.694843292236328, 13.192319869995117], [-12.692952156066895, 13.189107894897461], [-12.684714317321777, 13.183622360229492], [-12.682571411132812, 13.176502227783203], [-12.675498008728027, 13.168710708618164]]}, "properties": {"name": "Temporary stream", "type": "Temporary stream", "couleur": "#90CAF9"}}, {"type": "Feature", "geometry": {"type": "LineString", "coordinates": [[-13.914036750793457, 13.244038581848145], [-13.89621639251709, 13.246257781982422], [-13.888697624206543, 13.245400428771973], [-13.879268646240234, 13.240880012512207], [-13.837411880493164, 13.232254028320312], [-13.819988250732422, 13.225955963134766], [-13.815483093261719, 13.220703125], [-13.801810264587402, 13.21368408203125], [-13.795293807983398, 13.207245826721191], [-13.792343139648438, 13.204330444335938], [-13.789939880371094, 13.197680473327637], [-13.789390563964844, 13.18825626373291], [-13.795536041259766, 13.165667533874512]]}, "properties": {"name": "Temporary stream", "type": "Temporary stream", "couleur": "#90CAF9"}}, {"type": "Feature", "geometry": {"type": "LineString", "coordinates": [[-13.490029335021973, 13.29970645904541], [-13.489897727966309, 13.279712677001953], [-13.482606887817383, 13.2457275390625], [-13.483987808227539, 13.24203872680664], [-13.482784271240234, 13.237907409667969], [-13.483429908752441, 13.229853630065918], [-13.477424621582031, 13.211036682128906], [-13.472190856933594, 13.201414108276367], [-13.462482452392578, 13.189521789550781], [-13.45545482635498, 13.182899475097656], [-13.443343162536621, 13.171483039855957], [-13.438360214233398, 13.163697242736816]]}, "properties": {"name": "Temporary stream", "type": "Temporary stream", "couleur": "#90CAF9"}}, {"type": "Feature", "geometry": {"type": "LineString", "coordinates": [[-11.810304641723633, 13.176827430725098], [-11.800918579101562, 13.177526473999023], [-11.799038887023926, 13.17499828338623], [-11.797855377197266, 13.165570259094238], [-11.79503345489502, 13.159133911132812], [-11.798309326171875, 13.151541709899902]]}, "properties": {"name": "Temporary stream", "type": "Temporary stream", "couleur": "#90CAF9"}}, {"type": "Feature", "geometry": {"type": "LineString", "coordinates": [[-12.403299331665039, 13.172200202941895], [-12.41126537322998, 13.168496131896973], [-12.414536476135254, 13.164116859436035], [-12.417774200439453, 13.150077819824219], [-12.419412612915039, 13.148694038391113], [-12.426709175109863, 13.155340194702148], [-12.43234634399414, 13.15693187713623], [-12.44924259185791, 13.157339096069336], [-12.4516019821167, 13.1610107421875], [-12.453278541564941, 13.170893669128418], [-12.45798397064209, 13.174327850341797], [-12.469491958618164, 13.176820755004883], [-12.480523109436035, 13.177244186401367]]}, "properties": {"name": "Temporary stream", "type": "Temporary stream", "couleur": "#90CAF9"}}, {"type": "Feature", "geometry": {"type": "LineString", "coordinates": [[-11.911543846130371, 13.24133586883545], [-11.919761657714844, 13.24339485168457], [-11.931745529174805, 13.25165843963623], [-11.93925666809082, 13.250956535339355], [-11.950512886047363, 13.24427318572998], [-11.959897994995117, 13.241729736328125], [-11.980088233947754, 13.244229316711426], [-11.983838081359863, 13.24100399017334], [-11.993691444396973, 13.237998962402344], [-12.00495719909668, 13.237751007080078], [-12.011519432067871, 13.232220649719238], [-12.01666259765625, 13.221404075622559], [-12.0164213180542, 13.217724800109863], [-12.018980026245117, 13.21475887298584], [-12.022978782653809, 13.210124969482422], [-12.035174369812012, 13.205964088439941], [-12.048531532287598, 13.195822715759277], [-12.052273750305176, 13.18891716003418], [-12.052961349487305, 13.181096076965332], [-12.0505952835083, 13.171211242675781], [-12.059972763061523, 13.148553848266602]]}, "properties": {"name": "Temporary stream", "type": "Temporary stream", "couleur": "#90CAF9"}}, {"type": "Feature", "geometry": {"type": "LineString", "coordinates": [[-13.140507698059082, 13.15289306640625], [-13.154308319091797, 13.145686149597168], [-13.155662536621094, 13.14539623260498], [-13.162041664123535, 13.144031524658203], [-13.183164596557617, 13.144828796386719], [-13.188555717468262, 13.143877983093262], [-13.195840835571289, 13.145674705505371], [-13.21602725982666, 13.146706581115723], [-13.261067390441895, 13.144824981689453], [-13.268128395080566, 13.148232460021973], [-13.280155181884766, 13.157357215881348], [-13.299004554748535, 13.16896915435791], [-13.305427551269531, 13.176742553710938], [-13.312664031982422, 13.181595802307129]]}, "properties": {"name": "Temporary stream", "type": "Temporary stream", "couleur": "#90CAF9"}}, {"type": "Feature", "geometry": {"type": "LineString", "coordinates": [[-13.914036750793457, 13.244038581848145], [-13.913763046264648, 13.23967170715332], [-13.91627311706543, 13.231600761413574], [-13.923224449157715, 13.221424102783203], [-13.9385404586792, 13.20197582244873], [-13.962030410766602, 13.178317070007324], [-13.972195625305176, 13.160751342773438], [-13.974703788757324, 13.152680397033691], [-13.973710060119629, 13.146709442138672], [-13.969217300415039, 13.142837524414062], [-13.966053009033203, 13.14179515838623], [-13.956978797912598, 13.138802528381348]]}, "properties": {"name": "Temporary stream", "type": "Temporary stream", "couleur": "#90CAF9"}}, {"type": "Feature", "geometry": {"type": "LineString", "coordinates": [[-12.403299331665039, 13.172200202941895], [-12.395536422729492, 13.166474342346191], [-12.38870620727539, 13.158676147460938], [-12.3849458694458, 13.15684700012207], [-12.376731872558594, 13.156641960144043], [-12.35282039642334, 13.163840293884277], [-12.34249496459961, 13.163869857788086], [-12.339436531066895, 13.16111946105957], [-12.334464073181152, 13.146413803100586], [-12.331162452697754, 13.141133308410645], [-12.322928428649902, 13.134026527404785], [-12.316585540771484, 13.131744384765625], [-12.304856300354004, 13.132006645202637], [-12.29958724975586, 13.132806777954102], [-12.283279418945312, 13.135283470153809], [-12.27015209197998, 13.139687538146973], [-12.262410163879395, 13.139936447143555], [-12.252999305725098, 13.13099193572998], [-12.24885082244873, 13.128613471984863]]}, "properties": {"name": "Temporary stream", "type": "Temporary stream", "couleur": "#90CAF9"}}, {"type": "Feature", "geometry": {"type": "LineString", "coordinates": [[-12.675498008728027, 13.168710708618164], [-12.68034553527832, 13.150293350219727], [-12.674413681030273, 13.134908676147461], [-12.67742919921875, 13.127077102661133]]}, "properties": {"name": "Temporary stream", "type": "Temporary stream", "couleur": "#90CAF9"}}, {"type": "Feature", "geometry": {"type": "LineString", "coordinates": [[-12.24885082244873, 13.128613471984863], [-12.245010375976562, 13.126412391662598], [-12.238906860351562, 13.125507354736328], [-12.220149040222168, 13.130152702331543], [-12.211938858032227, 13.130861282348633], [-12.184272766113281, 13.138744354248047]]}, "properties": {"name": "Temporary stream", "type": "Temporary stream", "couleur": "#90CAF9"}}, {"type": "Feature", "geometry": {"type": "LineString", "coordinates": [[-15.300821304321289, 13.121774673461914], [-15.292482376098633, 13.129475593566895], [-15.277759552001953, 13.133810997009277], [-15.261124610900879, 13.135642051696777], [-15.243114471435547, 13.139788627624512], [-15.217787742614746, 13.141040802001953], [-15.215190887451172, 13.139924049377441], [-15.201398849487305, 13.14378547668457], [-15.190375328063965, 13.144157409667969], [-15.180323600769043, 13.14704704284668], [-15.177667617797852, 13.148233413696289], [-15.174492835998535, 13.149651527404785], [-15.167303085327148, 13.15595531463623], [-15.154372215270996, 13.171530723571777]]}, "properties": {"name": "Temporary stream", "type": "Temporary stream", "couleur": "#90CAF9"}}, {"type": "Feature", "geometry": {"type": "LineString", "coordinates": [[-15.298358917236328, 13.204216003417969], [-15.313602447509766, 13.17956256866455], [-15.317550659179688, 13.15995979309082], [-15.316039085388184, 13.152620315551758], [-15.316831588745117, 13.14225959777832], [-15.300821304321289, 13.121774673461914]]}, "properties": {"name": "Temporary stream", "type": "Temporary stream", "couleur": "#90CAF9"}}, {"type": "Feature", "geometry": {"type": "LineString", "coordinates": [[-16.25508689880371, 13.118682861328125], [-16.260910034179688, 13.12962532043457], [-16.27213478088379, 13.140707969665527], [-16.276390075683594, 13.142476081848145], [-16.28788948059082, 13.142512321472168], [-16.301130294799805, 13.148038864135742], [-16.308624267578125, 13.147223472595215], [-16.319551467895508, 13.154627799987793], [-16.326385498046875, 13.156121253967285], [-16.330583572387695, 13.154669761657715]]}, "properties": {"name": "Temporary stream", "type": "Temporary stream", "couleur": "#90CAF9"}}, {"type": "Feature", "geometry": {"type": "LineString", "coordinates": [[-13.498735427856445, 13.140976905822754], [-13.517694473266602, 13.134405136108398], [-13.534059524536133, 13.126700401306152], [-13.546487808227539, 13.125692367553711], [-13.559650421142578, 13.128819465637207], [-13.569967269897461, 13.127824783325195], [-13.577951431274414, 13.128686904907227], [-13.584744453430176, 13.12725830078125], [-13.592308044433594, 13.11967658996582], [-13.599281311035156, 13.114972114562988]]}, "properties": {"name": "Temporary stream", "type": "Temporary stream", "couleur": "#90CAF9"}}, {"type": "Feature", "geometry": {"type": "LineString", "coordinates": [[-13.618986129760742, 13.24544620513916], [-13.616048812866211, 13.2385892868042], [-13.609830856323242, 13.230210304260254], [-13.609782218933105, 13.219449996948242], [-13.604585647583008, 13.2090482711792], [-13.605252265930176, 13.20467472076416], [-13.611413955688477, 13.200947761535645], [-13.612076759338379, 13.195564270019531], [-13.61031436920166, 13.185483932495117], [-13.617135047912598, 13.175701141357422], [-13.61746597290039, 13.173009872436523], [-13.607110023498535, 13.159941673278809], [-13.607088088989258, 13.155233383178711], [-13.614577293395996, 13.141748428344727], [-13.613872528076172, 13.137716293334961], [-13.611664772033691, 13.134501457214355], [-13.611108779907227, 13.133692741394043], [-13.604217529296875, 13.127671241760254], [-13.60007095336914, 13.121299743652344], [-13.599281311035156, 13.114972114562988]]}, "properties": {"name": "Temporary stream", "type": "Temporary stream", "couleur": "#90CAF9"}}, {"type": "Feature", "geometry": {"type": "LineString", "coordinates": [[-16.73324203491211, 13.114867210388184], [-16.725767135620117, 13.116615295410156], [-16.71866798400879, 13.125717163085938], [-16.711715698242188, 13.13021469116211], [-16.710887908935547, 13.135980606079102], [-16.711933135986328, 13.141481399536133], [-16.7150936126709, 13.147173881530762], [-16.71330451965332, 13.151806831359863], [-16.70846176147461, 13.156266212463379], [-16.690732955932617, 13.161882400512695], [-16.68842315673828, 13.163763999938965]]}, "properties": {"name": "Temporary stream", "type": "Temporary stream", "couleur": "#90CAF9"}}, {"type": "Feature", "geometry": {"type": "LineString", "coordinates": [[-12.67742919921875, 13.127077102661133], [-12.678352355957031, 13.123394012451172], [-12.685137748718262, 13.119227409362793], [-12.688405990600586, 13.115303993225098], [-12.69023323059082, 13.10402774810791]]}, "properties": {"name": "Temporary stream", "type": "Temporary stream", "couleur": "#90CAF9"}}, {"type": "Feature", "geometry": {"type": "LineString", "coordinates": [[-11.54971694946289, 13.215946197509766], [-11.551526069641113, 13.208772659301758], [-11.551233291625977, 13.198796272277832], [-11.548181533813477, 13.193277359008789], [-11.543956756591797, 13.190287590026855], [-11.518847465515137, 13.187986373901367], [-11.512510299682617, 13.186145782470703], [-11.510397911071777, 13.18315601348877], [-11.51086711883545, 13.175797462463379], [-11.524242401123047, 13.157400131225586], [-11.52635383605957, 13.150961875915527], [-11.524476051330566, 13.14498233795166], [-11.512978553771973, 13.137392044067383], [-11.509819030761719, 13.13284969329834], [-11.509458541870117, 13.132331848144531], [-11.506644248962402, 13.118762969970703], [-11.503594398498535, 13.113932609558105], [-11.493271827697754, 13.106572151184082], [-11.487113952636719, 13.098549842834473]]}, "properties": {"name": "Faleme", "type": "Secondary river", "couleur": "#1976D2"}}, {"type": "Feature", "geometry": {"type": "LineString", "coordinates": [[-11.7975435256958, 13.314127922058105], [-11.788861274719238, 13.317815780639648], [-11.784869194030762, 13.316899299621582], [-11.77476692199707, 13.310467720031738], [-11.771941184997559, 13.302882194519043], [-11.767009735107422, 13.30081558227539], [-11.762775421142578, 13.292770385742188], [-11.757843971252441, 13.291625022888184], [-11.754317283630371, 13.284958839416504], [-11.754546165466309, 13.278518676757812], [-11.748648643493652, 13.246559143066406], [-11.74206829071045, 13.23713493347168], [-11.73926830291748, 13.22121524810791], [-11.737822532653809, 13.212990760803223], [-11.732178688049316, 13.199655532836914], [-11.709859848022461, 13.168164253234863], [-11.709142684936523, 13.14976692199707], [-11.705850601196289, 13.140800476074219], [-11.678645133972168, 13.114615440368652], [-11.678147315979004, 13.114136695861816], [-11.671331405639648, 13.09459114074707]]}, "properties": {"name": "Temporary stream", "type": "Temporary stream", "couleur": "#90CAF9"}}, {"type": "Feature", "geometry": {"type": "LineString", "coordinates": [[-11.822641372680664, 13.089884757995605], [-11.818428039550781, 13.097938537597656], [-11.817276000976562, 13.115877151489258], [-11.810015678405762, 13.128073692321777], [-11.805573463439941, 13.1414155960083], [-11.798309326171875, 13.151541709899902]]}, "properties": {"name": "Temporary stream", "type": "Temporary stream", "couleur": "#90CAF9"}}, {"type": "Feature", "geometry": {"type": "LineString", "coordinates": [[-16.674549102783203, 13.088802337646484], [-16.69884490966797, 13.095488548278809], [-16.711223602294922, 13.104692459106445], [-16.717615127563477, 13.107564926147461], [-16.727020263671875, 13.108540534973145], [-16.730104446411133, 13.11032485961914], [-16.73324203491211, 13.114867210388184]]}, "properties": {"name": "Temporary stream", "type": "Temporary stream", "couleur": "#90CAF9"}}, {"type": "Feature", "geometry": {"type": "LineString", "coordinates": [[-16.011165618896484, 13.125652313232422], [-16.031578063964844, 13.125556945800781], [-16.044841766357422, 13.118905067443848], [-16.057451248168945, 13.115253448486328], [-16.062108993530273, 13.11310863494873], [-16.085004806518555, 13.09341812133789], [-16.094093322753906, 13.089821815490723], [-16.129108428955078, 13.086817741394043], [-16.15032196044922, 13.084996223449707]]}, "properties": {"name": "Temporary stream", "type": "Temporary stream", "couleur": "#90CAF9"}}, {"type": "Feature", "geometry": {"type": "LineString", "coordinates": [[-16.25508689880371, 13.118682861328125], [-16.247634887695312, 13.122027397155762], [-16.235441207885742, 13.122461318969727], [-16.200098037719727, 13.114079475402832], [-16.18659782409668, 13.106941223144531], [-16.168886184692383, 13.100332260131836], [-16.155834197998047, 13.091806411743164], [-16.15032196044922, 13.084996223449707]]}, "properties": {"name": "Temporary stream", "type": "Temporary stream", "couleur": "#90CAF9"}}, {"type": "Feature", "geometry": {"type": "LineString", "coordinates": [[-11.911543846130371, 13.24133586883545], [-11.915526390075684, 13.23673152923584], [-11.924416542053223, 13.217632293701172], [-11.934494972229004, 13.208650588989258], [-11.939396858215332, 13.191855430603027], [-11.946419715881348, 13.180807113647461], [-11.956496238708496, 13.172513961791992], [-11.96023941040039, 13.165379524230957], [-11.965843200683594, 13.148582458496094], [-11.967577934265137, 13.131673812866211], [-11.967920303344727, 13.128341674804688], [-11.976326942443848, 13.105331420898438], [-11.986852645874023, 13.087376594543457], [-11.99223804473877, 13.081619262695312]]}, "properties": {"name": "Temporary stream", "type": "Temporary stream", "couleur": "#90CAF9"}}, {"type": "Feature", "geometry": {"type": "LineString", "coordinates": [[-15.32791519165039, 13.079781532287598], [-15.326403617858887, 13.089001655578613], [-15.323190689086914, 13.094104766845703], [-15.308998107910156, 13.102575302124023], [-15.300821304321289, 13.121774673461914]]}, "properties": {"name": "Temporary stream", "type": "Temporary stream", "couleur": "#90CAF9"}}, {"type": "Feature", "geometry": {"type": "LineString", "coordinates": [[-12.937832832336426, 13.076234817504883], [-12.938102722167969, 13.082902908325195], [-12.91860294342041, 13.122325897216797], [-12.911376953125, 13.131559371948242], [-12.900152206420898, 13.13874340057373], [-12.88613224029541, 13.150309562683105]]}, "properties": {"name": "Temporary stream", "type": "Temporary stream", "couleur": "#90CAF9"}}, {"type": "Feature", "geometry": {"type": "LineString", "coordinates": [[-11.487113952636719, 13.098549842834473], [-11.495148658752441, 13.086563110351562], [-11.497026443481445, 13.07575511932373]]}, "properties": {"name": "Temporary stream", "type": "Temporary stream", "couleur": "#90CAF9"}}, {"type": "Feature", "geometry": {"type": "LineString", "coordinates": [[-16.745685577392578, 13.069644927978516], [-16.742576599121094, 13.075821876525879], [-16.739665985107422, 13.095196723937988], [-16.745054244995117, 13.106828689575195], [-16.744651794433594, 13.110286712646484], [-16.74381446838379, 13.111658096313477], [-16.74237823486328, 13.114008903503418], [-16.738204956054688, 13.116616249084473], [-16.733978271484375, 13.116463661193848], [-16.73324203491211, 13.114867210388184]]}, "properties": {"name": "Temporary stream", "type": "Temporary stream", "couleur": "#90CAF9"}}, {"type": "Feature", "geometry": {"type": "LineString", "coordinates": [[-16.745685577392578, 13.069644927978516], [-16.750579833984375, 13.065926551818848], [-16.75583267211914, 13.064251899719238]]}, "properties": {"name": "Temporary stream", "type": "Temporary stream", "couleur": "#90CAF9"}}, {"type": "Feature", "geometry": {"type": "LineString", "coordinates": [[-15.914687156677246, 13.0614595413208], [-15.910003662109375, 13.06651782989502], [-15.905976295471191, 13.078540802001953], [-15.911993980407715, 13.087878227233887], [-15.928101539611816, 13.097288131713867], [-15.936811447143555, 13.098992347717285], [-15.940862655639648, 13.102839469909668], [-15.94184684753418, 13.105584144592285], [-15.939591407775879, 13.111139297485352], [-15.9320650100708, 13.124366760253906], [-15.927902221679688, 13.128111839294434], [-15.924856185913086, 13.128389358520508]]}, "properties": {"name": "Temporary stream", "type": "Temporary stream", "couleur": "#90CAF9"}}, {"type": "Feature", "geometry": {"type": "LineString", "coordinates": [[-13.599281311035156, 13.114972114562988], [-13.598615646362305, 13.10843276977539], [-13.593835830688477, 13.105960845947266], [-13.590957641601562, 13.102235794067383], [-13.587730407714844, 13.091344833374023], [-13.58517837524414, 13.089486122131348], [-13.578503608703613, 13.089827537536621], [-13.575969696044922, 13.091707229614258], [-13.573731422424316, 13.088912963867188], [-13.57370662689209, 13.083305358886719], [-13.578747749328613, 13.073001861572266], [-13.5774564743042, 13.068333625793457], [-13.573295593261719, 13.06212043762207], [-13.570111274719238, 13.060887336730957], [-13.560920715332031, 13.067158699035645], [-13.556792259216309, 13.068111419677734], [-13.55455207824707, 13.064693450927734], [-13.554858207702637, 13.061887741088867], [-13.558653831481934, 13.057509422302246]]}, "properties": {"name": "Temporary stream", "type": "Temporary stream", "couleur": "#90CAF9"}}, {"type": "Feature", "geometry": {"type": "LineString", "coordinates": [[-11.655592918395996, 13.056421279907227], [-11.6485595703125, 13.06424331665039], [-11.635661125183105, 13.069076538085938], [-11.616902351379395, 13.089090347290039], [-11.6009521484375, 13.09553337097168], [-11.592037200927734, 13.095074653625488], [-11.588048934936523, 13.092775344848633], [-11.581245422363281, 13.093466758728027], [-11.56529426574707, 13.098297119140625], [-11.557317733764648, 13.097607612609863], [-11.549574851989746, 13.093467712402344], [-11.545171737670898, 13.089973449707031], [-11.53972053527832, 13.085648536682129], [-11.526583671569824, 13.07874870300293], [-11.515792846679688, 13.079437255859375], [-11.497026443481445, 13.07575511932373]]}, "properties": {"name": "Temporary stream", "type": "Temporary stream", "couleur": "#90CAF9"}}, {"type": "Feature", "geometry": {"type": "LineString", "coordinates": [[-12.937832832336426, 13.076234817504883], [-12.947903633117676, 13.073195457458496], [-12.957761764526367, 13.074295997619629], [-12.97228717803955, 13.070772171020508], [-12.980514526367188, 13.07395076751709], [-12.994361877441406, 13.0752592086792], [-13.013079643249512, 13.066423416137695], [-13.022924423217773, 13.06499195098877], [-13.025726318359375, 13.062677383422852], [-13.02990436553955, 13.054835319519043]]}, "properties": {"name": "Temporary stream", "type": "Temporary stream", "couleur": "#90CAF9"}}, {"type": "Feature", "geometry": {"type": "LineString", "coordinates": [[-14.462995529174805, 13.134129524230957], [-14.476162910461426, 13.10926628112793], [-14.47966480255127, 13.107619285583496], [-14.487544059753418, 13.098797798156738], [-14.504283905029297, 13.085051536560059], [-14.512373924255371, 13.07415771484375], [-14.516284942626953, 13.067215919494629], [-14.518497467041016, 13.055233001708984], [-14.515896797180176, 13.053420066833496]]}, "properties": {"name": "Temporary stream", "type": "Temporary stream", "couleur": "#90CAF9"}}, {"type": "Feature", "geometry": {"type": "LineString", "coordinates": [[-15.461677551269531, 13.050119400024414], [-15.472867012023926, 13.0773344039917], [-15.475967407226562, 13.080740928649902], [-15.486527442932129, 13.11279296875], [-15.484249114990234, 13.117425918579102], [-15.473612785339355, 13.128153800964355], [-15.466414451599121, 13.133315086364746]]}, "properties": {"name": "Temporary stream", "type": "Temporary stream", "couleur": "#90CAF9"}}, {"type": "Feature", "geometry": {"type": "LineString", "coordinates": [[-12.76211166381836, 13.1929349899292], [-12.775994300842285, 13.181628227233887], [-12.788138389587402, 13.169157028198242], [-12.801559448242188, 13.148772239685059], [-12.805145263671875, 13.14332389831543], [-12.816999435424805, 13.12004280090332], [-12.822136878967285, 13.115189552307129], [-12.832444190979004, 13.111923217773438], [-12.842470169067383, 13.099227905273438], [-12.856905937194824, 13.077313423156738], [-12.863909721374512, 13.070381164550781], [-12.870229721069336, 13.067822456359863], [-12.883771896362305, 13.055337905883789], [-12.898266792297363, 13.046069145202637]]}, "properties": {"name": "Temporary stream", "type": "Temporary stream", "couleur": "#90CAF9"}}, {"type": "Feature", "geometry": {"type": "LineString", "coordinates": [[-15.461677551269531, 13.050119400024414], [-15.457918167114258, 13.049711227416992], [-15.451991081237793, 13.045424461364746], [-15.441202163696289, 13.045573234558105], [-15.42957592010498, 13.052634239196777], [-15.420228004455566, 13.055063247680664], [-15.402806282043457, 13.067033767700195], [-15.39463996887207, 13.070136070251465], [-15.38026237487793, 13.065502166748047], [-15.37026309967041, 13.07161808013916], [-15.363457679748535, 13.071480751037598], [-15.361102104187012, 13.070822715759277], [-15.357035636901855, 13.06535816192627], [-15.35049819946289, 13.067516326904297], [-15.34784984588623, 13.070048332214355], [-15.341470718383789, 13.07614803314209], [-15.32791519165039, 13.079781532287598]]}, "properties": {"name": "Temporary stream", "type": "Temporary stream", "couleur": "#90CAF9"}}, {"type": "Feature", "geometry": {"type": "LineString", "coordinates": [[-14.515896797180176, 13.053420066833496], [-14.520801544189453, 13.051528930664062], [-14.545158386230469, 13.048049926757812], [-14.552165985107422, 13.045445442199707], [-14.555929183959961, 13.046324729919434], [-14.560368537902832, 13.044897079467773]]}, "properties": {"name": "Temporary stream", "type": "Temporary stream", "couleur": "#90CAF9"}}, {"type": "Feature", "geometry": {"type": "LineString", "coordinates": [[-14.563434600830078, 13.1292724609375], [-14.569928169250488, 13.122532844543457], [-14.574750900268555, 13.11328125], [-14.579069137573242, 13.101045608520508], [-14.579684257507324, 13.093218803405762], [-14.576874732971191, 13.07300853729248], [-14.562545776367188, 13.050623893737793], [-14.560368537902832, 13.044897079467773]]}, "properties": {"name": "Temporary stream", "type": "Temporary stream", "couleur": "#90CAF9"}}, {"type": "Feature", "geometry": {"type": "LineString", "coordinates": [[-12.937832832336426, 13.076234817504883], [-12.935020446777344, 13.076708793640137], [-12.933595657348633, 13.073495864868164], [-12.937070846557617, 13.06519889831543], [-12.935881614685059, 13.062214851379395], [-12.933056831359863, 13.060159683227539], [-12.92577838897705, 13.05904483795166], [-12.922477722167969, 13.055841445922852], [-12.92245101928711, 13.050552368164062], [-12.918899536132812, 13.04435920715332], [-12.912552833557129, 13.041630744934082], [-12.906488418579102, 13.048330307006836], [-12.901565551757812, 13.048813819885254], [-12.898266792297363, 13.046069145202637]]}, "properties": {"name": "Temporary stream", "type": "Temporary stream", "couleur": "#90CAF9"}}, {"type": "Feature", "geometry": {"type": "LineString", "coordinates": [[-11.429821014404297, 13.036667823791504], [-11.439796447753906, 13.046300888061523], [-11.444719314575195, 13.055961608886719], [-11.43697452545166, 13.073667526245117], [-11.441429138183594, 13.082868576049805], [-11.447526931762695, 13.08862018585205], [-11.460193634033203, 13.093454360961914], [-11.481196403503418, 13.091545104980469], [-11.485150337219238, 13.093498229980469], [-11.487113952636719, 13.098549842834473]]}, "properties": {"name": "Faleme", "type": "Secondary river", "couleur": "#1976D2"}}, {"type": "Feature", "geometry": {"type": "LineString", "coordinates": [[-16.175045013427734, 13.035826683044434], [-16.17045783996582, 13.04188346862793], [-16.155351638793945, 13.077322959899902], [-16.15032196044922, 13.084996223449707]]}, "properties": {"name": "Temporary stream", "type": "Temporary stream", "couleur": "#90CAF9"}}, {"type": "Feature", "geometry": {"type": "LineString", "coordinates": [[-11.840402603149414, 13.034440994262695], [-11.836891174316406, 13.040193557739258], [-11.835268020629883, 13.054914474487305], [-11.828961372375488, 13.077919006347656], [-11.822641372680664, 13.089884757995605]]}, "properties": {"name": "Temporary stream", "type": "Temporary stream", "couleur": "#90CAF9"}}, {"type": "Feature", "geometry": {"type": "LineString", "coordinates": [[-13.558653831481934, 13.057509422302246], [-13.545906066894531, 13.049775123596191], [-13.542679786682129, 13.038884162902832], [-13.530261993408203, 13.033638954162598], [-13.522576332092285, 13.034096717834473]]}, "properties": {"name": "Temporary stream", "type": "Temporary stream", "couleur": "#90CAF9"}}, {"type": "Feature", "geometry": {"type": "LineString", "coordinates": [[-14.48702335357666, 13.030263900756836], [-14.49692440032959, 13.034760475158691], [-14.512832641601562, 13.052072525024414], [-14.515896797180176, 13.053420066833496]]}, "properties": {"name": "Temporary stream", "type": "Temporary stream", "couleur": "#90CAF9"}}, {"type": "Feature", "geometry": {"type": "LineString", "coordinates": [[-14.382000923156738, 13.101951599121094], [-14.394983291625977, 13.08733081817627], [-14.400717735290527, 13.075082778930664], [-14.415064811706543, 13.056767463684082], [-14.41711711883545, 13.051226615905762], [-14.421975135803223, 13.044966697692871], [-14.429450988769531, 13.042130470275879], [-14.447031021118164, 13.04102897644043], [-14.466641426086426, 13.032546997070312], [-14.471332550048828, 13.03249740600586], [-14.476229667663574, 13.029916763305664], [-14.47669792175293, 13.030216217041016], [-14.479063987731934, 13.031726837158203], [-14.48702335357666, 13.030263900756836]]}, "properties": {"name": "Temporary stream", "type": "Temporary stream", "couleur": "#90CAF9"}}, {"type": "Feature", "geometry": {"type": "LineString", "coordinates": [[-13.02990436553955, 13.054835319519043], [-13.03765869140625, 13.057324409484863], [-13.048913955688477, 13.056574821472168], [-13.053150177001953, 13.05908203125], [-13.057604789733887, 13.058597564697266], [-13.071113586425781, 13.041964530944824], [-13.082542419433594, 13.030864715576172], [-13.088156700134277, 13.028304100036621], [-13.093785285949707, 13.02827262878418], [-13.098258972167969, 13.031238555908203], [-13.106521606445312, 13.04039192199707], [-13.12085247039795, 13.044221878051758], [-13.135676383972168, 13.051958084106445], [-13.136674880981445, 13.051895141601562], [-13.163813591003418, 13.050188064575195], [-13.167813301086426, 13.052234649658203], [-13.171852111816406, 13.060490608215332], [-13.174915313720703, 13.062772750854492], [-13.178667068481445, 13.062520980834961], [-13.18146800994873, 13.060205459594727], [-13.184943199157715, 13.053285598754883], [-13.187515258789062, 13.05189037322998], [-13.195517539978027, 13.05621337890625], [-13.199267387390137, 13.055731773376465], [-13.210684776306152, 13.043704986572266], [-13.213948249816895, 13.035453796386719]]}, "properties": {"name": "Temporary stream", "type": "Temporary stream", "couleur": "#90CAF9"}}, {"type": "Feature", "geometry": {"type": "LineString", "coordinates": [[-14.14268684387207, 13.021772384643555], [-14.147415161132812, 13.03292179107666], [-14.15192985534668, 13.038859367370605], [-14.15583324432373, 13.054232597351074], [-14.152145385742188, 13.084856033325195], [-14.150572776794434, 13.092000007629395], [-14.146183013916016, 13.0989408493042], [-14.133397102355957, 13.111018180847168], [-14.121127128601074, 13.128149032592773]]}, "properties": {"name": "Temporary stream", "type": "Temporary stream", "couleur": "#90CAF9"}}, {"type": "Feature", "geometry": {"type": "LineString", "coordinates": [[-13.213948249816895, 13.035453796386719], [-13.21927547454834, 13.029624938964844], [-13.226981163024902, 13.02428913116455], [-13.241730690002441, 13.020277976989746]]}, "properties": {"name": "Temporary stream", "type": "Temporary stream", "couleur": "#90CAF9"}}, {"type": "Feature", "geometry": {"type": "LineString", "coordinates": [[-11.549325942993164, 13.214783668518066], [-11.548107147216797, 13.202619552612305], [-11.544759750366211, 13.194535255432129], [-11.539522171020508, 13.192317962646484], [-11.51929759979248, 13.190056800842285], [-11.512560844421387, 13.188201904296875], [-11.509198188781738, 13.185256004333496], [-11.508484840393066, 13.174242973327637], [-11.523544311523438, 13.150797843933105], [-11.522436141967773, 13.146023750305176], [-11.508980751037598, 13.136807441711426], [-11.501935958862305, 13.114764213562012], [-11.497078895568848, 13.111079216003418], [-11.496322631835938, 13.110815048217773], [-11.49071979522705, 13.108857154846191], [-11.481779098510742, 13.094515800476074], [-11.452569007873535, 13.093689918518066], [-11.4439697265625, 13.089624404907227], [-11.4368896484375, 13.079690933227539], [-11.434662818908691, 13.073811531066895], [-11.436562538146973, 13.065741539001465], [-11.441463470458984, 13.056949615478516], [-11.440726280212402, 13.053277015686035], [-11.434380531311035, 13.044819831848145], [-11.421333312988281, 13.031190872192383], [-11.42127513885498, 13.018924713134766]]}, "properties": {"name": "Faleme", "type": "Secondary river", "couleur": "#1976D2"}}, {"type": "Feature", "geometry": {"type": "LineString", "coordinates": [[-11.429821014404297, 13.036667823791504], [-11.425024032592773, 13.032035827636719], [-11.42127513885498, 13.018924713134766]]}, "properties": {"name": "Faleme", "type": "Secondary river", "couleur": "#1976D2"}}, {"type": "Feature", "geometry": {"type": "LineString", "coordinates": [[-11.822641372680664, 13.089884757995605], [-11.832732200622559, 13.092174530029297], [-11.847979545593262, 13.091238975524902], [-11.879406929016113, 13.084994316101074], [-11.925589561462402, 13.064927101135254], [-11.934017181396484, 13.0536470413208], [-11.962642669677734, 13.027609825134277], [-11.970704078674316, 13.023673057556152], [-11.978764533996582, 13.022764205932617], [-11.990716934204102, 13.017685890197754]]}, "properties": {"name": "Temporary stream", "type": "Temporary stream", "couleur": "#90CAF9"}}, {"type": "Feature", "geometry": {"type": "LineString", "coordinates": [[-15.040581703186035, 13.03036880493164], [-15.048317909240723, 13.030041694641113], [-15.060909271240234, 13.024365425109863], [-15.069117546081543, 13.024262428283691], [-15.08514404296875, 13.030040740966797], [-15.118902206420898, 13.028694152832031], [-15.1369047164917, 13.024324417114258], [-15.138753890991211, 13.022231101989746], [-15.149256706237793, 13.018416404724121], [-15.15253734588623, 13.018144607543945], [-15.15466594696045, 13.01949691772461], [-15.15792465209961, 13.01761531829834], [-15.164027214050293, 13.017118453979492], [-15.167999267578125, 13.01679515838623], [-15.175756454467773, 13.018075942993164], [-15.180475234985352, 13.020084381103516], [-15.18996524810791, 13.028011322021484], [-15.197973251342773, 13.030438423156738], [-15.22607707977295, 13.044331550598145], [-15.246541976928711, 13.048433303833008], [-15.255505561828613, 13.051995277404785], [-15.263711929321289, 13.051656723022461], [-15.28199291229248, 13.061552047729492], [-15.306023597717285, 13.074554443359375], [-15.318751335144043, 13.078754425048828], [-15.32791519165039, 13.079781532287598]]}, "properties": {"name": "Temporary stream", "type": "Temporary stream", "couleur": "#90CAF9"}}, {"type": "Feature", "geometry": {"type": "LineString", "coordinates": [[-14.261249542236328, 13.04035472869873], [-14.253050804138184, 13.041354179382324], [-14.245292663574219, 13.039588928222656], [-14.23510456085205, 13.029565811157227], [-14.228972434997559, 13.026174545288086], [-14.197932243347168, 13.018189430236816], [-14.188065528869629, 13.016672134399414], [-14.165553092956543, 13.01688289642334], [-14.146583557128906, 13.019819259643555], [-14.14268684387207, 13.021772384643555]]}, "properties": {"name": "Temporary stream", "type": "Temporary stream", "couleur": "#90CAF9"}}, {"type": "Feature", "geometry": {"type": "LineString", "coordinates": [[-13.522576332092285, 13.034096717834473], [-13.516278266906738, 13.038740158081055], [-13.491929054260254, 13.044889450073242], [-13.477590560913086, 13.040618896484375], [-13.467267036437988, 13.040229797363281], [-13.461623191833496, 13.038198471069336], [-13.455718994140625, 13.032718658447266], [-13.43265438079834, 13.021604537963867], [-13.418036460876465, 13.010663032531738]]}, "properties": {"name": "Temporary stream", "type": "Temporary stream", "couleur": "#90CAF9"}}, {"type": "Feature", "geometry": {"type": "LineString", "coordinates": [[-12.85070514678955, 13.009495735168457], [-12.858442306518555, 13.008999824523926], [-12.861733436584473, 13.010594367980957], [-12.86740493774414, 13.01907730102539], [-12.872579574584961, 13.022043228149414], [-12.881033897399902, 13.024301528930664], [-12.885302543640137, 13.03348159790039], [-12.893777847290039, 13.039650917053223], [-12.898266792297363, 13.046069145202637]]}, "properties": {"name": "Temporary stream", "type": "Temporary stream", "couleur": "#90CAF9"}}, {"type": "Feature", "geometry": {"type": "LineString", "coordinates": [[-16.722848892211914, 13.008240699768066], [-16.72405242919922, 13.015666961669922], [-16.732616424560547, 13.03391170501709], [-16.734962463378906, 13.046059608459473], [-16.73430824279785, 13.060792922973633], [-16.737220764160156, 13.065799713134766], [-16.745685577392578, 13.069644927978516]]}, "properties": {"name": "Temporary stream", "type": "Temporary stream", "couleur": "#90CAF9"}}, {"type": "Feature", "geometry": {"type": "LineString", "coordinates": [[-13.241730690002441, 13.020277976989746], [-13.245729446411133, 13.022106170654297], [-13.251829147338867, 13.022298812866211], [-13.255338668823242, 13.02089786529541], [-13.260466575622559, 13.016036987304688], [-13.276594161987305, 13.007594108581543]]}, "properties": {"name": "Gambia river", "type": "Main river", "couleur": "#1565C0"}}, {"type": "Feature", "geometry": {"type": "LineString", "coordinates": [[-13.276594161987305, 13.007594108581543], [-13.282478332519531, 13.010842323303223], [-13.291214942932129, 13.019758224487305], [-13.297582626342773, 13.025008201599121], [-13.300390243530273, 13.024070739746094], [-13.307849884033203, 13.01712417602539], [-13.311365127563477, 13.016642570495605], [-13.325077056884766, 13.032885551452637], [-13.325576782226562, 13.037482261657715], [-13.329451560974121, 13.079228401184082], [-13.329122543334961, 13.089999198913574], [-13.32548713684082, 13.097908020019531], [-13.317826271057129, 13.106908798217773], [-13.317475318908691, 13.11121654510498], [-13.325180053710938, 13.117980003356934], [-13.328254699707031, 13.1216402053833], [-13.338848114013672, 13.126862525939941], [-13.347963333129883, 13.131837844848633], [-13.348844528198242, 13.134761810302734], [-13.342697143554688, 13.14086627960205], [-13.334288597106934, 13.146669387817383], [-13.323277473449707, 13.149039268493652], [-13.318805694580078, 13.14722728729248], [-13.311294555664062, 13.146814346313477], [-13.306389808654785, 13.15029525756836], [-13.305932998657227, 13.152137756347656], [-13.304733276367188, 13.155769348144531], [-13.307405471801758, 13.161787986755371], [-13.321245193481445, 13.1610107421875], [-13.323145866394043, 13.164448738098145], [-13.32105827331543, 13.16814136505127], [-13.312664031982422, 13.181595802307129]]}, "properties": {"name": "Gambia river", "type": "Main river", "couleur": "#1565C0"}}, {"type": "Feature", "geometry": {"type": "LineString", "coordinates": [[-15.693717002868652, 13.006999015808105], [-15.706384658813477, 13.022223472595215], [-15.717245101928711, 13.041842460632324], [-15.71922779083252, 13.063664436340332], [-15.72165584564209, 13.06891918182373], [-15.72000503540039, 13.083434104919434], [-15.715283393859863, 13.096613883972168], [-15.708168983459473, 13.106840133666992], [-15.70192813873291, 13.11291217803955], [-15.695173263549805, 13.115802764892578], [-15.69190502166748, 13.11720085144043]]}, "properties": {"name": "Temporary stream", "type": "Temporary stream", "couleur": "#90CAF9"}}, {"type": "Feature", "geometry": {"type": "LineString", "coordinates": [[-12.387261390686035, 13.002982139587402], [-12.400663375854492, 13.013521194458008], [-12.401379585266113, 13.017200469970703], [-12.400214195251465, 13.019502639770508], [-12.394118309020996, 13.019980430603027], [-12.39295768737793, 13.023664474487305], [-12.396271705627441, 13.03308391571045], [-12.39561939239502, 13.048724174499512], [-12.401066780090332, 13.064577102661133], [-12.40109920501709, 13.074235916137695], [-12.404411315917969, 13.082965850830078], [-12.411012649536133, 13.092604637145996], [-12.415011405944824, 13.09581184387207], [-12.43045711517334, 13.098825454711914], [-12.435905456542969, 13.099885940551758], [-12.456357955932617, 13.11201000213623], [-12.458478927612305, 13.114763259887695], [-12.459686279296875, 13.124648094177246], [-12.464861869812012, 13.128311157226562], [-12.46794319152832, 13.137269973754883], [-12.466343879699707, 13.1492338180542], [-12.470595359802246, 13.157039642333984], [-12.47226619720459, 13.165082931518555], [-12.480523109436035, 13.177244186401367]]}, "properties": {"name": "Temporary stream", "type": "Temporary stream", "couleur": "#90CAF9"}}, {"type": "Feature", "geometry": {"type": "LineString", "coordinates": [[-13.558653831481934, 13.057509422302246], [-13.562140464782715, 13.055002212524414], [-13.566522598266602, 13.045284271240234], [-13.574603080749512, 13.028436660766602], [-13.583447456359863, 13.019403457641602], [-13.600970268249512, 13.01076602935791], [-13.605154991149902, 13.005905151367188], [-13.6159029006958, 13.000765800476074], [-13.62833023071289, 13.000444412231445], [-13.639841079711914, 13.002888679504395]]}, "properties": {"name": "Temporary stream", "type": "Temporary stream", "couleur": "#90CAF9"}}, {"type": "Feature", "geometry": {"type": "LineString", "coordinates": [[-12.296956062316895, 12.997716903686523], [-12.323266983032227, 13.012825965881348], [-12.334549903869629, 13.020844459533691], [-12.340646743774414, 13.020597457885742], [-12.344392776489258, 13.018516540527344], [-12.35163688659668, 13.010215759277344], [-12.361244201660156, 13.007658004760742], [-12.368499755859375, 13.0028076171875], [-12.373888969421387, 13.001412391662598], [-12.387261390686035, 13.002982139587402]]}, "properties": {"name": "Temporary stream", "type": "Temporary stream", "couleur": "#90CAF9"}}, {"type": "Feature", "geometry": {"type": "LineString", "coordinates": [[-15.618041038513184, 12.997065544128418], [-15.610026359558105, 13.009831428527832], [-15.603544235229492, 13.015445709228516], [-15.589829444885254, 13.023694038391113], [-15.568331718444824, 13.044702529907227], [-15.561792373657227, 13.046637535095215], [-15.554487228393555, 13.044441223144531], [-15.544724464416504, 13.034689903259277], [-15.52824592590332, 13.030783653259277], [-15.52262020111084, 13.031092643737793], [-15.51740837097168, 13.036516189575195], [-15.507604598999023, 13.04671573638916], [-15.500382423400879, 13.050037384033203], [-15.49545669555664, 13.0501070022583], [-15.485943794250488, 13.04127025604248], [-15.481732368469238, 13.04201889038086], [-15.47385311126709, 13.048569679260254], [-15.461677551269531, 13.050119400024414]]}, "properties": {"name": "Temporary stream", "type": "Temporary stream", "couleur": "#90CAF9"}}, {"type": "Feature", "geometry": {"type": "LineString", "coordinates": [[-12.231947898864746, 13.0675687789917], [-12.238454818725586, 13.044784545898438], [-12.244059562683105, 13.035571098327637], [-12.246636390686035, 13.034645080566406], [-12.251069068908691, 13.026124000549316], [-12.255982398986816, 13.02174186706543], [-12.261351585388184, 13.012529373168945], [-12.270465850830078, 13.001236915588379], [-12.276320457458496, 12.997771263122559], [-12.28311538696289, 12.995914459228516]]}, "properties": {"name": "Temporary stream", "type": "Temporary stream", "couleur": "#90CAF9"}}, {"type": "Feature", "geometry": {"type": "LineString", "coordinates": [[-12.28311538696289, 12.995914459228516], [-12.288278579711914, 12.99751091003418], [-12.296956062316895, 12.997716903686523]]}, "properties": {"name": "Temporary stream", "type": "Temporary stream", "couleur": "#90CAF9"}}, {"type": "Feature", "geometry": {"type": "LineString", "coordinates": [[-12.577193260192871, 12.995680809020996], [-12.576993942260742, 13.004651069641113], [-12.581032752990723, 13.017745971679688], [-12.587642669677734, 13.028301239013672], [-12.597768783569336, 13.038612365722656], [-12.615174293518066, 13.050506591796875], [-12.63024616241455, 13.064937591552734], [-12.652571678161621, 13.07451057434082], [-12.656102180480957, 13.077486038208008], [-12.663898468017578, 13.09033489227295], [-12.670256614685059, 13.095829010009766], [-12.680603981018066, 13.101766586303711], [-12.69023323059082, 13.10402774810791]]}, "properties": {"name": "Temporary stream", "type": "Temporary stream", "couleur": "#90CAF9"}}, {"type": "Feature", "geometry": {"type": "LineString", "coordinates": [[-12.69023323059082, 13.10402774810791], [-12.693034172058105, 13.100796699523926], [-12.69795036315918, 13.098246574401855], [-12.702141761779785, 13.091330528259277], [-12.716447830200195, 13.090121269226074], [-12.720891952514648, 13.087343215942383], [-12.72741413116455, 13.076966285705566], [-12.732789039611816, 13.0725736618042], [-12.761397361755371, 13.070152282714844], [-12.765132904052734, 13.066455841064453], [-12.767888069152832, 13.05356502532959], [-12.771391868591309, 13.05033016204834], [-12.775374412536621, 13.049392700195312], [-12.782586097717285, 13.036711692810059], [-12.78307056427002, 13.036264419555664], [-12.786088943481445, 13.033476829528809], [-12.799457550048828, 13.033186912536621], [-12.804354667663574, 13.027416229248047], [-12.810442924499512, 13.025318145751953], [-12.81230354309082, 13.022090911865234], [-12.810630798339844, 13.015658378601074], [-12.812256813049316, 13.012431144714355], [-12.820223808288574, 13.011014938354492], [-12.822774887084961, 13.005023956298828], [-12.820863723754883, 12.997902870178223], [-12.822724342346191, 12.994674682617188]]}, "properties": {"name": "Temporary stream", "type": "Temporary stream", "couleur": "#90CAF9"}}, {"type": "Feature", "geometry": {"type": "LineString", "coordinates": [[-12.822724342346191, 12.994674682617188], [-12.828367233276367, 12.997638702392578], [-12.840386390686035, 13.009543418884277], [-12.847426414489746, 13.010430335998535], [-12.85070514678955, 13.009495735168457]]}, "properties": {"name": "Temporary stream", "type": "Temporary stream", "couleur": "#90CAF9"}}, {"type": "Feature", "geometry": {"type": "LineString", "coordinates": [[-12.112058639526367, 13.05771541595459], [-12.119290351867676, 13.039992332458496], [-12.137463569641113, 13.01832103729248], [-12.16772747039795, 12.992972373962402]]}, "properties": {"name": "Temporary stream", "type": "Temporary stream", "couleur": "#90CAF9"}}, {"type": "Feature", "geometry": {"type": "LineString", "coordinates": [[-14.665838241577148, 13.107660293579102], [-14.661966323852539, 13.087489128112793], [-14.656364440917969, 13.069841384887695], [-14.65160083770752, 13.063684463500977], [-14.64797592163086, 13.054524421691895], [-14.64749526977539, 13.013129234313965], [-14.642559051513672, 12.992023468017578]]}, "properties": {"name": "Temporary stream", "type": "Temporary stream", "couleur": "#90CAF9"}}, {"type": "Feature", "geometry": {"type": "LineString", "coordinates": [[-14.560368537902832, 13.044897079467773], [-14.57085132598877, 13.038344383239746], [-14.577102661132812, 13.031147003173828], [-14.5933837890625, 12.998541831970215], [-14.59964656829834, 12.992493629455566], [-14.60478687286377, 12.990827560424805], [-14.633393287658691, 12.99028491973877], [-14.642559051513672, 12.992023468017578]]}, "properties": {"name": "Temporary stream", "type": "Temporary stream", "couleur": "#90CAF9"}}, {"type": "Feature", "geometry": {"type": "LineString", "coordinates": [[-12.275803565979004, 12.981213569641113], [-12.279088973999023, 12.982125282287598], [-12.281682014465332, 12.986948013305664], [-12.28311538696289, 12.995914459228516]]}, "properties": {"name": "Temporary stream", "type": "Temporary stream", "couleur": "#90CAF9"}}, {"type": "Feature", "geometry": {"type": "LineString", "coordinates": [[-15.618041038513184, 12.997065544128418], [-15.622986793518066, 12.998373985290527], [-15.63393783569336, 12.993614196777344], [-15.654092788696289, 12.992630004882812], [-15.658501625061035, 12.989575386047363], [-15.66189193725586, 12.981245040893555], [-15.664907455444336, 12.979130744934082], [-15.668853759765625, 12.991724014282227], [-15.67198371887207, 12.996968269348145], [-15.68031120300293, 13.004667282104492], [-15.68764877319336, 13.008929252624512], [-15.691872596740723, 13.0090970993042], [-15.693717002868652, 13.006999015808105]]}, "properties": {"name": "Casamance", "type": "Main river", "couleur": "#1565C0"}}, {"type": "Feature", "geometry": {"type": "LineString", "coordinates": [[-12.16772747039795, 12.992972373962402], [-12.191204071044922, 13.00326919555664], [-12.19706916809082, 13.003716468811035], [-12.203160285949707, 13.001401901245117], [-12.221634864807129, 12.981578826904297], [-12.228897094726562, 12.979031562805176], [-12.248124122619629, 12.97806453704834], [-12.275803565979004, 12.981213569641113]]}, "properties": {"name": "Temporary stream", "type": "Temporary stream", "couleur": "#90CAF9"}}, {"type": "Feature", "geometry": {"type": "LineString", "coordinates": [[-16.598285675048828, 12.97632122039795], [-16.593982696533203, 12.98444938659668], [-16.59453773498535, 12.98904037475586], [-16.603092193603516, 12.994867324829102], [-16.60279655456543, 13.004073143005371], [-16.60298728942871, 13.014191627502441], [-16.60804557800293, 13.033652305603027], [-16.607406616210938, 13.037114143371582], [-16.58292007446289, 13.05733585357666], [-16.573564529418945, 13.058883666992188], [-16.561017990112305, 13.06531810760498], [-16.548595428466797, 13.065999984741211], [-16.543546676635742, 13.072070121765137], [-16.52505111694336, 13.07216739654541], [-16.523653030395508, 13.072174072265625]]}, "properties": {"name": "Temporary stream", "type": "Temporary stream", "couleur": "#90CAF9"}}, {"type": "Feature", "geometry": {"type": "LineString", "coordinates": [[-16.649066925048828, 12.970342636108398], [-16.638830184936523, 12.987091064453125], [-16.637502670288086, 12.991254806518555], [-16.63847541809082, 12.993078231811523], [-16.64508819580078, 12.995108604431152], [-16.64699363708496, 12.997063636779785], [-16.65159034729004, 13.004341125488281], [-16.658464431762695, 13.008126258850098], [-16.662555694580078, 13.013572692871094], [-16.67894172668457, 13.02408504486084], [-16.685741424560547, 13.036151885986328]]}, "properties": {"name": "Temporary stream", "type": "Temporary stream", "couleur": "#90CAF9"}}, {"type": "Feature", "geometry": {"type": "LineString", "coordinates": [[-13.18185043334961, 12.97050666809082], [-13.178988456726074, 12.977046966552734], [-13.17980670928955, 12.981328010559082], [-13.180522918701172, 12.983393669128418], [-13.179365158081055, 12.985700607299805], [-13.174210548400879, 12.986420631408691], [-13.170445442199707, 12.98437213897705], [-13.168769836425781, 12.978861808776855], [-13.171548843383789, 12.973095893859863], [-13.178089141845703, 12.968918800354004], [-13.18185043334961, 12.97050666809082]]}, "properties": {"name": "Temporary stream", "type": "Temporary stream", "couleur": "#90CAF9"}}, {"type": "Feature", "geometry": {"type": "LineString", "coordinates": [[-16.25508689880371, 13.118682861328125], [-16.262269973754883, 13.113503456115723], [-16.270551681518555, 13.104162216186523], [-16.27298927307129, 13.096071243286133], [-16.265459060668945, 13.081476211547852], [-16.26657485961914, 13.078237533569336], [-16.29030990600586, 13.053915977478027], [-16.296405792236328, 13.040472030639648], [-16.304195404052734, 13.029989242553711], [-16.309179306030273, 13.020014762878418], [-16.312591552734375, 13.016748428344727], [-16.317251205444336, 13.012287139892578], [-16.33003807067871, 13.005858421325684], [-16.336509704589844, 13.000457763671875], [-16.34467124938965, 12.9846773147583], [-16.3621883392334, 12.967585563659668]]}, "properties": {"name": "Temporary stream", "type": "Temporary stream", "couleur": "#90CAF9"}}, {"type": "Feature", "geometry": {"type": "LineString", "coordinates": [[-16.410354614257812, 13.101778030395508], [-16.403593063354492, 13.065322875976562], [-16.406291961669922, 13.045953750610352], [-16.406858444213867, 13.025472640991211], [-16.40904998779297, 13.016923904418945], [-16.406822204589844, 13.01052188873291], [-16.392822265625, 13.001562118530273], [-16.382234573364258, 12.987627029418945], [-16.37936782836914, 12.98385238647461], [-16.3621883392334, 12.967585563659668]]}, "properties": {"name": "Temporary stream", "type": "Temporary stream", "couleur": "#90CAF9"}}, {"type": "Feature", "geometry": {"type": "LineString", "coordinates": [[-14.420870780944824, 12.964247703552246], [-14.435442924499512, 12.967318534851074], [-14.458917617797852, 12.969606399536133], [-14.468584060668945, 12.974335670471191], [-14.471632957458496, 12.97430419921875], [-14.481592178344727, 12.984320640563965], [-14.484983444213867, 12.994175910949707], [-14.483025550842285, 13.00799560546875], [-14.48702335357666, 13.030263900756836]]}, "properties": {"name": "Temporary stream", "type": "Temporary stream", "couleur": "#90CAF9"}}, {"type": "Feature", "geometry": {"type": "LineString", "coordinates": [[-13.073002815246582, 12.963068962097168], [-13.079347610473633, 12.965563774108887], [-13.086188316345215, 12.972426414489746], [-13.089033126831055, 12.977700233459473], [-13.090242385864258, 12.983903884887695], [-13.091270446777344, 12.999307632446289], [-13.097405433654785, 13.00571346282959], [-13.10844612121582, 13.008872032165527], [-13.111488342285156, 13.007705688476562], [-13.117119789123535, 13.008133888244629], [-13.142945289611816, 13.012819290161133], [-13.148843765258789, 13.018534660339355], [-13.151416778564453, 13.017370223999023], [-13.160353660583496, 13.021459579467773], [-13.166465759277344, 13.025609016418457], [-13.178489685058594, 13.033773422241211], [-13.187893867492676, 13.037399291992188], [-13.197278022766113, 13.037803649902344], [-13.213948249816895, 13.035453796386719]]}, "properties": {"name": "Temporary stream", "type": "Temporary stream", "couleur": "#90CAF9"}}, {"type": "Feature", "geometry": {"type": "LineString", "coordinates": [[-12.67742919921875, 13.127077102661133], [-12.663358688354492, 13.128744125366211], [-12.644810676574707, 13.125826835632324], [-12.621358871459961, 13.128446578979492], [-12.61454963684082, 13.127093315124512], [-12.579052925109863, 13.109976768493652], [-12.565869331359863, 13.098526000976562], [-12.561050415039062, 13.091865539550781], [-12.556906700134277, 13.086139678955078], [-12.553583145141602, 13.076031684875488], [-12.551629066467285, 13.055800437927246], [-12.556692123413086, 13.03071403503418], [-12.555730819702148, 13.024737358093262], [-12.552659034729004, 13.018998146057129], [-12.531228065490723, 12.995386123657227], [-12.525796890258789, 12.985514640808105], [-12.523414611816406, 12.978338241577148], [-12.521527290344238, 12.972650527954102], [-12.520075798034668, 12.958332061767578]]}, "properties": {"name": "Temporary stream", "type": "Temporary stream", "couleur": "#90CAF9"}}, {"type": "Feature", "geometry": {"type": "LineString", "coordinates": [[-16.598285675048828, 12.97632122039795], [-16.606096267700195, 12.980091094970703], [-16.61150550842285, 12.980913162231445], [-16.615713119506836, 12.980147361755371], [-16.621644973754883, 12.975960731506348], [-16.627031326293945, 12.970972061157227], [-16.634265899658203, 12.969000816345215], [-16.6415958404541, 12.95376205444336]]}, "properties": {"name": "Temporary stream", "type": "Temporary stream", "couleur": "#90CAF9"}}, {"type": "Feature", "geometry": {"type": "LineString", "coordinates": [[-16.6415958404541, 12.95376205444336], [-16.645296096801758, 12.957069396972656], [-16.64597511291504, 12.968098640441895], [-16.649066925048828, 12.970342636108398]]}, "properties": {"name": "Temporary stream", "type": "Temporary stream", "couleur": "#90CAF9"}}, {"type": "Feature", "geometry": {"type": "LineString", "coordinates": [[-11.840402603149414, 13.034440994262695], [-11.84743595123291, 13.032134056091309], [-11.87016773223877, 13.017619132995605], [-11.874154090881348, 13.017154693603516], [-11.877901077270508, 13.013240814208984], [-11.88023853302002, 13.007258415222168], [-11.902706146240234, 12.975491523742676], [-11.914393424987793, 12.950407981872559], [-11.922365188598633, 12.94993782043457], [-11.925142288208008, 12.950614929199219], [-11.935500144958496, 12.953139305114746], [-11.941126823425293, 12.952901840209961], [-11.97256088256836, 12.960906028747559]]}, "properties": {"name": "Temporary stream", "type": "Temporary stream", "couleur": "#90CAF9"}}, {"type": "Feature", "geometry": {"type": "LineString", "coordinates": [[-16.649066925048828, 12.970342636108398], [-16.654024124145508, 12.972092628479004], [-16.658222198486328, 12.970866203308105], [-16.65957260131836, 12.967851638793945], [-16.658113479614258, 12.965117454528809], [-16.653127670288086, 12.961986541748047], [-16.651325225830078, 12.953509330749512], [-16.647008895874023, 12.948527336120605]]}, "properties": {"name": "Temporary stream", "type": "Temporary stream", "couleur": "#90CAF9"}}, {"type": "Feature", "geometry": {"type": "LineString", "coordinates": [[-14.77301025390625, 13.0742769241333], [-14.789538383483887, 13.063736915588379], [-14.790789604187012, 13.05084228515625], [-14.794943809509277, 13.04527473449707], [-14.8028564453125, 13.040122985839844], [-14.814530372619629, 13.03561782836914], [-14.822468757629395, 13.026732444763184], [-14.828646659851074, 13.02004337310791], [-14.840493202209473, 12.991613388061523], [-14.846311569213867, 12.96900463104248], [-14.849729537963867, 12.960914611816406], [-14.860634803771973, 12.95158576965332], [-14.876272201538086, 12.945650100708008]]}, "properties": {"name": "Temporary stream", "type": "Temporary stream", "couleur": "#90CAF9"}}, {"type": "Feature", "geometry": {"type": "LineString", "coordinates": [[-14.848393440246582, 13.1564302444458], [-14.844122886657715, 13.133710861206055], [-14.842960357666016, 13.115554809570312], [-14.840055465698242, 13.108229637145996], [-14.83799934387207, 13.09376335144043], [-14.839942932128906, 13.080170631408691], [-14.850848197937012, 13.070383071899414], [-14.861781120300293, 13.062894821166992], [-14.867796897888184, 13.056153297424316], [-14.871878623962402, 13.044835090637207], [-14.871803283691406, 13.001134872436523], [-14.876272201538086, 12.945650100708008]]}, "properties": {"name": "Temporary stream", "type": "Temporary stream", "couleur": "#90CAF9"}}, {"type": "Feature", "geometry": {"type": "LineString", "coordinates": [[-12.822724342346191, 12.994674682617188], [-12.815906524658203, 12.991255760192871], [-12.797597885131836, 12.98765754699707], [-12.788431167602539, 12.983098983764648], [-12.774542808532715, 12.971888542175293], [-12.767964363098145, 12.969158172607422], [-12.75787353515625, 12.967592239379883], [-12.743526458740234, 12.957763671875], [-12.713690757751465, 12.945469856262207]]}, "properties": {"name": "Temporary stream", "type": "Temporary stream", "couleur": "#90CAF9"}}, {"type": "Feature", "geometry": {"type": "LineString", "coordinates": [[-12.429101943969727, 12.944649696350098], [-12.418757438659668, 12.95412826538086], [-12.411970138549805, 12.95805835723877], [-12.406137466430664, 12.966816902160645], [-12.39795207977295, 12.973280906677246], [-12.39001178741455, 12.98342514038086], [-12.387688636779785, 12.99010181427002], [-12.389110565185547, 12.994697570800781], [-12.387261390686035, 13.002982139587402]]}, "properties": {"name": "Temporary stream", "type": "Temporary stream", "couleur": "#90CAF9"}}, {"type": "Feature", "geometry": {"type": "LineString", "coordinates": [[-12.310614585876465, 12.937652587890625], [-12.31533145904541, 12.946379661560059], [-12.315361976623535, 12.957189559936523], [-12.29692554473877, 12.987137794494629], [-12.295769691467285, 12.992890357971191], [-12.296956062316895, 12.997716903686523]]}, "properties": {"name": "Temporary stream", "type": "Temporary stream", "couleur": "#90CAF9"}}, {"type": "Feature", "geometry": {"type": "LineString", "coordinates": [[-14.112419128417969, 12.930662155151367], [-14.097945213317871, 12.937234878540039], [-14.07433795928955, 12.945037841796875], [-14.065967559814453, 12.952472686767578], [-14.06252384185791, 12.96032428741455], [-14.055314064025879, 12.966599464416504], [-14.036587715148926, 12.97021484375], [-14.028837203979492, 12.968903541564941], [-14.007734298706055, 12.969090461730957]]}, "properties": {"name": "Temporary stream", "type": "Temporary stream", "couleur": "#90CAF9"}}, {"type": "Feature", "geometry": {"type": "LineString", "coordinates": [[-14.14268684387207, 13.021772384643555], [-14.130859375, 12.995184898376465], [-14.12132453918457, 12.978652000427246], [-14.113665580749512, 12.962621688842773], [-14.111709594726562, 12.95435905456543], [-14.112831115722656, 12.949058532714844], [-14.114327430725098, 12.941329002380371], [-14.112419128417969, 12.930662155151367]]}, "properties": {"name": "Temporary stream", "type": "Temporary stream", "couleur": "#90CAF9"}}, {"type": "Feature", "geometry": {"type": "LineString", "coordinates": [[-12.03769302368164, 12.933430671691895], [-12.044486045837402, 12.930429458618164], [-12.0501127243042, 12.93018913269043], [-12.060906410217285, 12.934539794921875], [-12.081090927124023, 12.944621086120605], [-12.09377384185791, 12.954716682434082], [-12.116776466369629, 12.965021133422852], [-12.135890007019043, 12.977253913879395], [-12.154809951782227, 12.984721183776855], [-12.16772747039795, 12.992972373962402]]}, "properties": {"name": "Temporary stream", "type": "Temporary stream", "couleur": "#90CAF9"}}, {"type": "Feature", "geometry": {"type": "LineString", "coordinates": [[-12.553502082824707, 12.926948547363281], [-12.565942764282227, 12.937073707580566], [-12.569725036621094, 12.945109367370605], [-12.57093334197998, 12.954305648803711], [-12.570303916931152, 12.973167419433594], [-12.574320793151855, 12.980742454528809], [-12.574353218078613, 12.989022254943848], [-12.577193260192871, 12.995680809020996]]}, "properties": {"name": "Temporary stream", "type": "Temporary stream", "couleur": "#90CAF9"}}, {"type": "Feature", "geometry": {"type": "LineString", "coordinates": [[-13.02990436553955, 13.054835319519043], [-13.019927024841309, 13.032349586486816], [-12.998958587646484, 13.0154390335083], [-12.991403579711914, 13.006278038024902], [-12.984586715698242, 13.003323554992676], [-12.967687606811523, 13.000879287719727], [-12.958523750305176, 12.997705459594727], [-12.953791618347168, 12.989909172058105], [-12.94924545288086, 12.972912788391113], [-12.947927474975586, 12.969888687133789], [-12.93642807006836, 12.943536758422852], [-12.930448532104492, 12.921027183532715]]}, "properties": {"name": "Temporary stream", "type": "Temporary stream", "couleur": "#90CAF9"}}, {"type": "Feature", "geometry": {"type": "LineString", "coordinates": [[-12.85070514678955, 13.009495735168457], [-12.844812393188477, 13.00354290008545], [-12.842436790466309, 12.997344017028809], [-12.842131614685059, 12.987593650817871], [-12.820704460144043, 12.965014457702637], [-12.806144714355469, 12.960480690002441], [-12.803336143493652, 12.96164321899414], [-12.795830726623535, 12.96121597290039], [-12.787845611572266, 12.958492279052734], [-12.785012245178223, 12.954364776611328], [-12.786788940429688, 12.933426856994629], [-12.785563468933105, 12.922163009643555], [-12.780131340026855, 12.913676261901855]]}, "properties": {"name": "Temporary stream", "type": "Temporary stream", "couleur": "#90CAF9"}}, {"type": "Feature", "geometry": {"type": "LineString", "coordinates": [[-14.9299898147583, 12.910277366638184], [-14.9342622756958, 12.914365768432617], [-14.934812545776367, 12.920799255371094], [-14.939345359802246, 12.926955223083496], [-14.942255020141602, 12.934510231018066], [-14.9433012008667, 12.943008422851562], [-14.937455177307129, 12.981260299682617], [-14.939242362976074, 12.992738723754883], [-14.942450523376465, 13.005351066589355], [-14.956671714782715, 13.028018951416016], [-14.95777416229248, 13.029775619506836]]}, "properties": {"name": "Temporary stream", "type": "Temporary stream", "couleur": "#90CAF9"}}, {"type": "Feature", "geometry": {"type": "LineString", "coordinates": [[-13.8130464553833, 12.907476425170898], [-13.790943145751953, 12.927663803100586], [-13.773683547973633, 12.93838119506836], [-13.762990951538086, 12.949505805969238], [-13.758127212524414, 12.956904411315918], [-13.751025199890137, 12.976969718933105]]}, "properties": {"name": "Temporary stream", "type": "Temporary stream", "couleur": "#90CAF9"}}, {"type": "Feature", "geometry": {"type": "LineString", "coordinates": [[-14.883063316345215, 12.907387733459473], [-14.876272201538086, 12.945650100708008]]}, "properties": {"name": "Temporary stream", "type": "Temporary stream", "couleur": "#90CAF9"}}, {"type": "Feature", "geometry": {"type": "LineString", "coordinates": [[-16.598285675048828, 12.97632122039795], [-16.60700798034668, 12.953851699829102], [-16.605480194091797, 12.94743824005127], [-16.583541870117188, 12.915626525878906], [-16.5799560546875, 12.905733108520508]]}, "properties": {"name": "Temporary stream", "type": "Temporary stream", "couleur": "#90CAF9"}}, {"type": "Feature", "geometry": {"type": "LineString", "coordinates": [[-16.5799560546875, 12.905733108520508], [-16.588825225830078, 12.909781455993652], [-16.599872589111328, 12.91119384765625], [-16.606266021728516, 12.914528846740723], [-16.611310958862305, 12.920878410339355], [-16.617822647094727, 12.94284439086914], [-16.62140464782715, 12.9462308883667], [-16.628267288208008, 12.949557304382324], [-16.637683868408203, 12.951456069946289], [-16.6415958404541, 12.95376205444336]]}, "properties": {"name": "Temporary stream", "type": "Temporary stream", "couleur": "#90CAF9"}}, {"type": "Feature", "geometry": {"type": "LineString", "coordinates": [[-14.883063316345215, 12.907387733459473], [-14.88940143585205, 12.908002853393555], [-14.89382553100586, 12.90565013885498], [-14.89688491821289, 12.906533241271973], [-14.91087818145752, 12.919246673583984], [-14.91579532623291, 12.91872787475586], [-14.9299898147583, 12.910277366638184]]}, "properties": {"name": "Temporary stream", "type": "Temporary stream", "couleur": "#90CAF9"}}, {"type": "Feature", "geometry": {"type": "LineString", "coordinates": [[-13.940067291259766, 12.90228271484375], [-13.940027236938477, 12.923903465270996], [-13.938935279846191, 12.932883262634277], [-13.936845779418945, 12.935200691223145], [-13.937837600708008, 12.94117259979248], [-13.934752464294434, 12.963048934936523], [-13.935537338256836, 12.97224235534668], [-13.931954383850098, 12.991132736206055], [-13.927824020385742, 13.001287460327148], [-13.921773910522461, 13.00662899017334], [-13.904657363891602, 13.010392189025879], [-13.903282165527344, 13.010695457458496], [-13.868758201599121, 13.032140731811523], [-13.84538459777832, 13.041533470153809], [-13.827596664428711, 13.04604721069336], [-13.789115905761719, 13.044516563415527], [-13.785138130187988, 13.046698570251465], [-13.762730598449707, 13.058985710144043], [-13.74705696105957, 13.064168930053711]]}, "properties": {"name": "Temporary stream", "type": "Temporary stream", "couleur": "#90CAF9"}}, {"type": "Feature", "geometry": {"type": "LineString", "coordinates": [[-13.660449028015137, 12.94017505645752], [-13.678389549255371, 12.926010131835938], [-13.685164451599121, 12.922968864440918], [-13.6912202835083, 12.918092727661133], [-13.713418960571289, 12.908951759338379], [-13.734940528869629, 12.903264999389648], [-13.774786949157715, 12.902261734008789], [-13.779033660888672, 12.903334617614746], [-13.800395965576172, 12.908727645874023], [-13.808368682861328, 12.908893585205078], [-13.8130464553833, 12.907476425170898]]}, "properties": {"name": "Temporary stream", "type": "Temporary stream", "couleur": "#90CAF9"}}, {"type": "Feature", "geometry": {"type": "LineString", "coordinates": [[-13.839922904968262, 12.897828102111816], [-13.824240684509277, 12.900714874267578], [-13.8130464553833, 12.907476425170898]]}, "properties": {"name": "Temporary stream", "type": "Temporary stream", "couleur": "#90CAF9"}}, {"type": "Feature", "geometry": {"type": "LineString", "coordinates": [[-16.5799560546875, 12.905733108520508], [-16.574264526367188, 12.896010398864746], [-16.56962013244629, 12.898394584655762], [-16.56773567199707, 12.897967338562012]]}, "properties": {"name": "Temporary stream", "type": "Temporary stream", "couleur": "#90CAF9"}}, {"type": "Feature", "geometry": {"type": "LineString", "coordinates": [[-13.39887809753418, 12.92063045501709], [-13.413675308227539, 12.924442291259766], [-13.423515319824219, 12.923457145690918], [-13.453852653503418, 12.903703689575195], [-13.459468841552734, 12.902284622192383], [-13.461091995239258, 12.899744033813477], [-13.471826553344727, 12.893000602722168]]}, "properties": {"name": "Temporary stream", "type": "Temporary stream", "couleur": "#90CAF9"}}, {"type": "Feature", "geometry": {"type": "LineString", "coordinates": [[-13.522576332092285, 13.034096717834473], [-13.523548126220703, 13.024320602416992], [-13.527655601501465, 13.018694877624512], [-13.532726287841797, 13.01524543762207], [-13.534296989440918, 13.01087760925293], [-13.53110122680664, 13.006840705871582], [-13.525379180908203, 13.006240844726562], [-13.523161888122559, 13.008119583129883], [-13.51392936706543, 13.004107475280762], [-13.51104736328125, 12.999134063720703], [-13.510704040527344, 12.992903709411621], [-13.51447868347168, 12.983540534973145], [-13.511597633361816, 12.97690486907959], [-13.508030891418457, 12.970259666442871], [-13.501433372497559, 12.965936660766602], [-13.505167007446289, 12.960522651672363], [-13.513728141784668, 12.956125259399414], [-13.519843101501465, 12.950396537780762], [-13.520512580871582, 12.945793151855469], [-13.514861106872559, 12.942612648010254], [-13.503852844238281, 12.944299697875977], [-13.501585960388184, 12.939661026000977], [-13.50284481048584, 12.93685245513916], [-13.51140022277832, 12.931207656860352], [-13.510071754455566, 12.917503356933594], [-13.502726554870605, 12.908185958862305], [-13.485848426818848, 12.898283958435059], [-13.471826553344727, 12.893000602722168]]}, "properties": {"name": "Temporary stream", "type": "Temporary stream", "couleur": "#90CAF9"}}, {"type": "Feature", "geometry": {"type": "LineString", "coordinates": [[-13.839922904968262, 12.897828102111816], [-13.846282005310059, 12.901226043701172], [-13.858466148376465, 12.900435447692871], [-13.894989013671875, 12.894843101501465], [-13.90667724609375, 12.89106559753418]]}, "properties": {"name": "Temporary stream", "type": "Temporary stream", "couleur": "#90CAF9"}}, {"type": "Feature", "geometry": {"type": "LineString", "coordinates": [[-13.90667724609375, 12.89106559753418], [-13.913487434387207, 12.892387390136719], [-13.932316780090332, 12.900738716125488], [-13.940067291259766, 12.90228271484375]]}, "properties": {"name": "Temporary stream", "type": "Temporary stream", "couleur": "#90CAF9"}}, {"type": "Feature", "geometry": {"type": "LineString", "coordinates": [[-12.713690757751465, 12.945469856262207], [-12.709625244140625, 12.93973445892334], [-12.706377029418945, 12.935150146484375], [-12.704682350158691, 12.922966957092285], [-12.699934959411621, 12.909876823425293], [-12.70062255859375, 12.906193733215332], [-12.687670707702637, 12.89290714263916], [-12.681561470031738, 12.889481544494629], [-12.658127784729004, 12.891875267028809], [-12.636831283569336, 12.900468826293945]]}, "properties": {"name": "Temporary stream", "type": "Temporary stream", "couleur": "#90CAF9"}}, {"type": "Feature", "geometry": {"type": "LineString", "coordinates": [[-15.983771324157715, 12.88692569732666], [-15.9876127243042, 12.892325401306152], [-15.99832534790039, 12.91792106628418], [-15.992239952087402, 12.932738304138184], [-15.989617347717285, 12.944281578063965], [-15.984313011169434, 12.949655532836914], [-15.977560043334961, 12.952522277832031], [-15.972735404968262, 12.958579063415527], [-15.964825630187988, 12.976645469665527], [-15.949493408203125, 12.99318790435791], [-15.943623542785645, 12.999519348144531], [-15.93637752532959, 13.015274047851562], [-15.93132209777832, 13.036054611206055], [-15.923834800720215, 13.051582336425781], [-15.914687156677246, 13.0614595413208]]}, "properties": {"name": "Temporary stream", "type": "Temporary stream", "couleur": "#90CAF9"}}, {"type": "Feature", "geometry": {"type": "LineString", "coordinates": [[-16.647008895874023, 12.948527336120605], [-16.660430908203125, 12.914467811584473], [-16.659900665283203, 12.911256790161133], [-16.651613235473633, 12.907036781311035], [-16.649438858032227, 12.903626441955566], [-16.649797439575195, 12.897869110107422], [-16.6520938873291, 12.895297050476074], [-16.65957260131836, 12.894010543823242], [-16.662734985351562, 12.887742042541504], [-16.659643173217773, 12.882601737976074]]}, "properties": {"name": "Temporary stream", "type": "Temporary stream", "couleur": "#90CAF9"}}, {"type": "Feature", "geometry": {"type": "LineString", "coordinates": [[-15.693717002868652, 13.006999015808105], [-15.703166961669922, 12.996278762817383], [-15.718254089355469, 12.986165046691895], [-15.722857475280762, 12.980575561523438], [-15.72435188293457, 12.971122741699219], [-15.729243278503418, 12.968979835510254], [-15.756264686584473, 12.972256660461426], [-15.767814636230469, 12.975994110107422], [-15.774383544921875, 12.97612476348877], [-15.779277801513672, 12.974211692810059], [-15.783414840698242, 12.96885871887207], [-15.78581714630127, 12.953634262084961], [-15.787890434265137, 12.940498352050781], [-15.789480209350586, 12.937254905700684], [-15.793194770812988, 12.934897422790527], [-15.797872543334961, 12.934137344360352], [-15.800938606262207, 12.935240745544434], [-15.809741020202637, 12.943158149719238], [-15.815378189086914, 12.94376277923584], [-15.83474063873291, 12.937487602233887], [-15.838260650634766, 12.937663078308105], [-15.841590881347656, 12.94060230255127], [-15.848142623901367, 12.954303741455078], [-15.850750923156738, 12.956104278564453], [-15.879249572753906, 12.949225425720215], [-15.883161544799805, 12.945720672607422], [-15.885258674621582, 12.943842887878418], [-15.889519691467285, 12.931815147399902], [-15.893237113952637, 12.929688453674316], [-15.899354934692383, 12.930973052978516], [-15.91549015045166, 12.942684173583984], [-15.92044734954834, 12.944676399230957], [-15.930527687072754, 12.944519996643066], [-15.936321258544922, 12.940288543701172], [-15.943456649780273, 12.93212604522705], [-15.944988250732422, 12.925432205200195], [-15.941778182983398, 12.9155912399292], [-15.936258316040039, 12.907855987548828], [-15.927230834960938, 12.900636672973633], [-15.92573070526123, 12.894909858703613], [-15.92716121673584, 12.891231536865234], [-15.927980422973633, 12.889123916625977], [-15.931900978088379, 12.885151863098145], [-15.937957763671875, 12.882757186889648], [-15.944985389709473, 12.882416725158691], [-15.967672348022461, 12.893331527709961], [-15.9751615524292, 12.892523765563965], [-15.983771324157715, 12.88692569732666]]}, "properties": {"name": "Casamance", "type": "Main river", "couleur": "#1565C0"}}, {"type": "Feature", "geometry": {"type": "LineString", "coordinates": [[-11.68855094909668, 12.882072448730469], [-11.684098243713379, 12.88276481628418], [-11.675431251525879, 12.89357852935791], [-11.670509338378906, 12.895880699157715], [-11.658553123474121, 12.895425796508789], [-11.644949913024902, 12.881401062011719], [-11.636045455932617, 12.885773658752441], [-11.636280059814453, 12.887614250183105], [-11.62807846069336, 12.895895957946777], [-11.6201171875, 12.917978286743164], [-11.611446380615234, 12.927639961242676], [-11.607932090759277, 12.933850288391113], [-11.606121063232422, 12.938806533813477], [-11.601373672485352, 12.951791763305664], [-11.595747947692871, 12.956851959228516], [-11.590824127197266, 12.95892333984375], [-11.571596145629883, 12.955474853515625], [-11.560340881347656, 12.956396102905273], [-11.554010391235352, 12.959156036376953], [-11.536426544189453, 12.976175308227539], [-11.527047157287598, 12.98261547088623], [-11.520715713500977, 12.995492935180664], [-11.51860523223877, 13.006532669067383], [-11.517965316772461, 13.008319854736328], [-11.510866165161133, 13.02815055847168], [-11.498669624328613, 13.040107727050781], [-11.495152473449707, 13.045626640319824], [-11.493040084838867, 13.052986145019531], [-11.497026443481445, 13.07575511932373]]}, "properties": {"name": "Temporary stream", "type": "Temporary stream", "couleur": "#90CAF9"}}, {"type": "Feature", "geometry": {"type": "LineString", "coordinates": [[-16.659643173217773, 12.882601737976074], [-16.66094970703125, 12.880183219909668]]}, "properties": {"name": "Temporary stream", "type": "Temporary stream", "couleur": "#90CAF9"}}, {"type": "Feature", "geometry": {"type": "LineString", "coordinates": [[-16.66094970703125, 12.880183219909668], [-16.67180061340332, 12.883666038513184], [-16.67300796508789, 12.88548469543457], [-16.669645309448242, 12.893596649169922], [-16.670419692993164, 12.897263526916504], [-16.672317504882812, 12.8983793258667], [-16.68051528930664, 12.897998809814453], [-16.688838958740234, 12.903783798217773], [-16.689546585083008, 12.904274940490723], [-16.697696685791016, 12.907916069030762]]}, "properties": {"name": "Temporary stream", "type": "Temporary stream", "couleur": "#90CAF9"}}, {"type": "Feature", "geometry": {"type": "LineString", "coordinates": [[-12.103778839111328, 12.91950798034668], [-12.114553451538086, 12.915116310119629], [-12.122275352478027, 12.908431053161621], [-12.146126747131348, 12.882621765136719], [-12.152215957641602, 12.879847526550293], [-12.159948348999023, 12.878682136535645], [-12.175193786621094, 12.882328987121582], [-12.184115409851074, 12.887828826904297], [-12.189291000366211, 12.895406723022461], [-12.190245628356934, 12.902073860168457], [-12.189462661743164, 12.916279792785645], [-12.1889009475708, 12.926457405090332], [-12.190323829650879, 12.933123588562012], [-12.195027351379395, 12.93863296508789], [-12.217314720153809, 12.94364070892334], [-12.232109069824219, 12.952343940734863], [-12.245946884155273, 12.953690528869629], [-12.253927230834961, 12.956660270690918], [-12.262860298156738, 12.964917182922363], [-12.273900985717773, 12.971789360046387], [-12.276261329650879, 12.977302551269531], [-12.275803565979004, 12.981213569641113]]}, "properties": {"name": "Temporary stream", "type": "Temporary stream", "couleur": "#90CAF9"}}, {"type": "Feature", "geometry": {"type": "LineString", "coordinates": [[-11.42127513885498, 13.018924713134766], [-11.42033863067627, 13.016164779663086], [-11.41330337524414, 13.011791229248047], [-11.407912254333496, 13.006269454956055], [-11.409320831298828, 13.001669883728027], [-11.415887832641602, 13.00052261352539], [-11.41964054107666, 12.997994422912598], [-11.421987533569336, 12.992706298828125], [-11.420581817626953, 12.988335609436035], [-11.414957046508789, 12.980743408203125], [-11.415192604064941, 12.976834297180176], [-11.420354843139648, 12.966946601867676], [-11.418713569641113, 12.964645385742188], [-11.414024353027344, 12.963953971862793], [-11.40745735168457, 12.968320846557617], [-11.404643058776855, 12.968318939208984], [-11.397846221923828, 12.960955619812012], [-11.393157005310059, 12.959572792053223], [-11.389874458312988, 12.96233081817627], [-11.388463020324707, 12.96992015838623], [-11.388639450073242, 12.982392311096191], [-11.388689994812012, 12.9860200881958], [-11.386343955993652, 12.989007949829102], [-11.383060455322266, 12.990386009216309], [-11.372978210449219, 12.98762035369873], [-11.371241569519043, 12.98634147644043], [-11.368289947509766, 12.984167098999023], [-11.362832069396973, 12.9739351272583], [-11.363378524780273, 12.956795692443848], [-11.356646537780762, 12.939014434814453], [-11.355887413024902, 12.937010765075684], [-11.357766151428223, 12.932412147521973], [-11.360580444335938, 12.930574417114258], [-11.383559226989746, 12.925528526306152], [-11.390593528747559, 12.925532341003418], [-11.396921157836914, 12.928985595703125], [-11.401142120361328, 12.92875862121582], [-11.405832290649414, 12.926461219787598], [-11.407711029052734, 12.917491912841797], [-11.404900550842285, 12.910820960998535], [-11.394119262695312, 12.904375076293945], [-11.393651008605957, 12.90184497833252], [-11.408894538879395, 12.883683204650879], [-11.411711692810059, 12.874944686889648], [-11.410541534423828, 12.869423866271973]]}, "properties": {"name": "Faleme", "type": "Secondary river", "couleur": "#1976D2"}}, {"type": "Feature", "geometry": {"type": "LineString", "coordinates": [[-14.802389144897461, 12.868912696838379], [-14.790529251098633, 12.874889373779297], [-14.77208423614502, 12.881082534790039], [-14.766051292419434, 12.886212348937988], [-14.760993957519531, 12.894550323486328], [-14.750307083129883, 12.90272331237793], [-14.739662170410156, 12.914344787597656], [-14.731525421142578, 12.920186996459961], [-14.718841552734375, 12.91826057434082], [-14.713689804077148, 12.918779373168945], [-14.705089569091797, 12.92508602142334], [-14.695239067077637, 12.924099922180176], [-14.691728591918945, 12.92546558380127], [-14.688023567199707, 12.929417610168457], [-14.681601524353027, 12.941679954528809], [-14.672296524047852, 12.947993278503418], [-14.671197891235352, 12.954216003417969], [-14.671971321105957, 12.960187911987305], [-14.664422035217285, 12.976371765136719], [-14.657252311706543, 12.984962463378906], [-14.648605346679688, 12.987586975097656], [-14.642559051513672, 12.992023468017578]]}, "properties": {"name": "Temporary stream", "type": "Temporary stream", "couleur": "#90CAF9"}}, {"type": "Feature", "geometry": {"type": "LineString", "coordinates": [[-14.883063316345215, 12.907387733459473], [-14.870369911193848, 12.904777526855469], [-14.859466552734375, 12.914107322692871], [-14.854100227355957, 12.916240692138672], [-14.845878601074219, 12.914958000183105], [-14.837837219238281, 12.9093017578125], [-14.818646430969238, 12.892965316772461], [-14.81766128540039, 12.889065742492676], [-14.808576583862305, 12.87468147277832], [-14.802389144897461, 12.868912696838379]]}, "properties": {"name": "Temporary stream", "type": "Temporary stream", "couleur": "#90CAF9"}}, {"type": "Feature", "geometry": {"type": "LineString", "coordinates": [[-16.572446823120117, 12.86571979522705], [-16.575300216674805, 12.876209259033203], [-16.56773567199707, 12.897967338562012]]}, "properties": {"name": "Temporary stream", "type": "Temporary stream", "couleur": "#90CAF9"}}, {"type": "Feature", "geometry": {"type": "LineString", "coordinates": [[-11.430435180664062, 12.8629732131958], [-11.425311088562012, 12.864141464233398], [-11.410541534423828, 12.869423866271973]]}, "properties": {"name": "Temporary stream", "type": "Temporary stream", "couleur": "#90CAF9"}}, {"type": "Feature", "geometry": {"type": "LineString", "coordinates": [[-11.445469856262207, 12.859548568725586], [-11.430435180664062, 12.8629732131958]]}, "properties": {"name": "Temporary stream", "type": "Temporary stream", "couleur": "#90CAF9"}}, {"type": "Feature", "geometry": {"type": "LineString", "coordinates": [[-11.445469856262207, 12.859548568725586], [-11.44921875, 12.867140769958496], [-11.456953048706055, 12.871282577514648], [-11.460936546325684, 12.881174087524414], [-11.467265129089355, 12.885315895080566], [-11.482032775878906, 12.88463020324707], [-11.489768028259277, 12.88647174835205], [-11.511100769042969, 12.884175300598145], [-11.515554428100586, 12.882564544677734], [-11.518601417541504, 12.883485794067383], [-11.520477294921875, 12.886706352233887], [-11.528656959533691, 12.922225952148438], [-11.532098770141602, 12.937169075012207]]}, "properties": {"name": "Temporary stream", "type": "Temporary stream", "couleur": "#90CAF9"}}, {"type": "Feature", "geometry": {"type": "LineString", "coordinates": [[-14.978805541992188, 12.859312057495117], [-14.96738338470459, 12.864280700683594], [-14.95848274230957, 12.864849090576172], [-14.955705642700195, 12.867643356323242], [-14.952998161315918, 12.875956535339355], [-14.949529647827148, 12.879678726196289], [-14.940690040588379, 12.885077476501465], [-14.932365417480469, 12.894147872924805], [-14.92967414855957, 12.903840065002441], [-14.9299898147583, 12.910277366638184]]}, "properties": {"name": "Temporary stream", "type": "Temporary stream", "couleur": "#90CAF9"}}, {"type": "Feature", "geometry": {"type": "LineString", "coordinates": [[-13.241730690002441, 13.020277976989746], [-13.241708755493164, 13.013470649719238], [-13.237298965454102, 13.008459091186523], [-13.217855453491211, 12.99631404876709], [-13.21087646484375, 12.988797187805176], [-13.196816444396973, 12.963748931884766], [-13.180624008178711, 12.961773872375488], [-13.175911903381348, 12.958121299743652], [-13.163572311401367, 12.934272766113281], [-13.154112815856934, 12.920987129211426], [-13.151728630065918, 12.914329528808594], [-13.151922225952148, 12.907659530639648], [-13.154464721679688, 12.901664733886719], [-13.160064697265625, 12.897262573242188], [-13.180694580078125, 12.897374153137207], [-13.184197425842285, 12.895052909851074], [-13.177392959594727, 12.887654304504395], [-13.174519538879395, 12.884530067443848], [-13.176087379455566, 12.87256145477295], [-13.174409866333008, 12.866589546203613], [-13.17087459564209, 12.86338996887207], [-13.162890434265137, 12.861136436462402], [-13.161238670349121, 12.859306335449219]]}, "properties": {"name": "Gambia river", "type": "Main river", "couleur": "#1565C0"}}, {"type": "Feature", "geometry": {"type": "LineString", "coordinates": [[-16.3621883392334, 12.967585563659668], [-16.359577178955078, 12.965789794921875], [-16.355438232421875, 12.944238662719727], [-16.35781478881836, 12.932926177978516], [-16.360305786132812, 12.92805290222168], [-16.364171981811523, 12.924206733703613], [-16.37136459350586, 12.917052268981934], [-16.372671127319336, 12.911508560180664], [-16.36884880065918, 12.894552230834961], [-16.377336502075195, 12.871172904968262], [-16.38124656677246, 12.866964340209961], [-16.388734817504883, 12.866146087646484], [-16.401996612548828, 12.873506546020508], [-16.40622329711914, 12.873894691467285], [-16.411813735961914, 12.871957778930664], [-16.43125343322754, 12.858048439025879], [-16.438276290893555, 12.857465744018555], [-16.441875457763672, 12.862003326416016], [-16.44530487060547, 12.882877349853516], [-16.448904037475586, 12.887414932250977], [-16.46681022644043, 12.892163276672363], [-16.472427368164062, 12.89160442352295], [-16.474016189575195, 12.888815879821777], [-16.47160530090332, 12.885177612304688], [-16.470813751220703, 12.881479263305664], [-16.47519874572754, 12.876239776611328], [-16.483196258544922, 12.878073692321777], [-16.48655891418457, 12.882384300231934], [-16.486894607543945, 12.887899398803711], [-16.48379135131836, 12.897615432739258], [-16.484554290771484, 12.900822639465332], [-16.485984802246094, 12.902177810668945], [-16.502883911132812, 12.903030395507812], [-16.519515991210938, 12.902276039123535], [-16.525081634521484, 12.898957252502441], [-16.527822494506836, 12.894997596740723], [-16.528430938720703, 12.889925956726074], [-16.519460678100586, 12.877975463867188], [-16.52296257019043, 12.873230934143066], [-16.532529830932617, 12.870760917663574], [-16.535598754882812, 12.871856689453125], [-16.53965950012207, 12.875925064086914], [-16.542720794677734, 12.889212608337402], [-16.55034828186035, 12.895977973937988], [-16.56773567199707, 12.897967338562012]]}, "properties": {"name": "Temporary stream", "type": "Temporary stream", "couleur": "#90CAF9"}}, {"type": "Feature", "geometry": {"type": "LineString", "coordinates": [[-15.0, 12.852643966674805], [-14.985555648803711, 12.855548858642578], [-14.978805541992188, 12.859312057495117]]}, "properties": {"name": "Temporary stream", "type": "Temporary stream", "couleur": "#90CAF9"}}, {"type": "Feature", "geometry": {"type": "LineString", "coordinates": [[-13.940067291259766, 12.90228271484375], [-13.95508861541748, 12.904224395751953], [-13.961169242858887, 12.902562141418457], [-13.964187622070312, 12.89931583404541], [-13.965326309204102, 12.89562702178955], [-13.962454795837402, 12.88921070098877], [-13.959623336791992, 12.887165069580078], [-13.960026741027832, 12.88003158569336], [-13.965312004089355, 12.868255615234375], [-13.967103004455566, 12.859040260314941], [-13.971006393432617, 12.850035667419434]]}, "properties": {"name": "Temporary stream", "type": "Temporary stream", "couleur": "#90CAF9"}}, {"type": "Feature", "geometry": {"type": "LineString", "coordinates": [[-13.153212547302246, 12.849921226501465], [-13.152764320373535, 12.853373527526855], [-13.15701675415039, 12.858869552612305], [-13.161238670349121, 12.859306335449219]]}, "properties": {"name": "Gambia river", "type": "Main river", "couleur": "#1565C0"}}, {"type": "Feature", "geometry": {"type": "LineString", "coordinates": [[-13.161238670349121, 12.859306335449219], [-13.161184310913086, 12.850336074829102], [-13.153212547302246, 12.849921226501465]]}, "properties": {"name": "Gambia river", "type": "Main river", "couleur": "#1565C0"}}, {"type": "Feature", "geometry": {"type": "LineString", "coordinates": [[-12.359004020690918, 12.91020679473877], [-12.356409072875977, 12.886465072631836], [-12.346007347106934, 12.85843563079834], [-12.345758438110352, 12.853605270385742], [-12.349477767944336, 12.843705177307129]]}, "properties": {"name": "Temporary stream", "type": "Temporary stream", "couleur": "#90CAF9"}}, {"type": "Feature", "geometry": {"type": "LineString", "coordinates": [[-14.112419128417969, 12.930662155151367], [-14.097319602966309, 12.913501739501953], [-14.094047546386719, 12.907808303833008], [-14.090659141540527, 12.883705139160156], [-14.082991600036621, 12.868827819824219], [-14.077488899230957, 12.857147216796875], [-14.074275970458984, 12.83969497680664]]}, "properties": {"name": "Temporary stream", "type": "Temporary stream", "couleur": "#90CAF9"}}, {"type": "Feature", "geometry": {"type": "LineString", "coordinates": [[-14.465414047241211, 12.898926734924316], [-14.480106353759766, 12.891873359680176], [-14.49537467956543, 12.873312950134277], [-14.511504173278809, 12.869232177734375], [-14.544122695922852, 12.872336387634277], [-14.560029983520508, 12.869406700134277], [-14.576432228088379, 12.868769645690918], [-14.581522941589355, 12.865283012390137], [-14.604432106018066, 12.857425689697266], [-14.627869606018066, 12.857170104980469], [-14.643367767333984, 12.859528541564941], [-14.681967735290527, 12.852890968322754], [-14.70165729522705, 12.852901458740234], [-14.708072662353516, 12.85126781463623], [-14.722455978393555, 12.84760570526123], [-14.731358528137207, 12.847274780273438], [-14.75937557220459, 12.837985038757324]]}, "properties": {"name": "Temporary stream", "type": "Temporary stream", "couleur": "#90CAF9"}}, {"type": "Feature", "geometry": {"type": "LineString", "coordinates": [[-14.75937557220459, 12.837985038757324], [-14.767602920532227, 12.839961051940918], [-14.777339935302734, 12.85042953491211], [-14.78276252746582, 12.853126525878906], [-14.788971900939941, 12.862486839294434], [-14.802389144897461, 12.868912696838379]]}, "properties": {"name": "Temporary stream", "type": "Temporary stream", "couleur": "#90CAF9"}}, {"type": "Feature", "geometry": {"type": "LineString", "coordinates": [[-12.991630554199219, 12.83400821685791], [-12.98051929473877, 12.859365463256836], [-12.97225284576416, 12.89114761352539], [-12.972750663757324, 12.896435737609863], [-12.970928192138672, 12.90633487701416], [-12.972131729125977, 12.912078857421875], [-12.985930442810059, 12.932184219360352]]}, "properties": {"name": "Temporary stream", "type": "Temporary stream", "couleur": "#90CAF9"}}, {"type": "Feature", "geometry": {"type": "LineString", "coordinates": [[-15.983771324157715, 12.88692569732666], [-15.987147331237793, 12.880143165588379], [-15.987115859985352, 12.864041328430176], [-15.985315322875977, 12.854409217834473], [-15.987079620361328, 12.847710609436035], [-15.997876167297363, 12.833956718444824]]}, "properties": {"name": "Temporary stream", "type": "Temporary stream", "couleur": "#90CAF9"}}, {"type": "Feature", "geometry": {"type": "LineString", "coordinates": [[-15.997876167297363, 12.833956718444824], [-16.005910873413086, 12.840177536010742], [-16.014686584472656, 12.844511985778809], [-16.02899742126465, 12.845203399658203], [-16.035860061645508, 12.849004745483398], [-16.045398712158203, 12.858743667602539], [-16.05441665649414, 12.865269660949707], [-16.057559967041016, 12.870969772338867], [-16.06009864807129, 12.882431030273438], [-16.064897537231445, 12.88902473449707], [-16.076068878173828, 12.898045539855957], [-16.081071853637695, 12.916597366333008], [-16.08161163330078, 12.917170524597168], [-16.0870418548584, 12.922941207885742], [-16.10717010498047, 12.934576988220215], [-16.115528106689453, 12.943411827087402], [-16.12017059326172, 12.954378128051758], [-16.136150360107422, 12.969988822937012], [-16.14397430419922, 12.98537540435791]]}, "properties": {"name": "Temporary stream", "type": "Temporary stream", "couleur": "#90CAF9"}}, {"type": "Feature", "geometry": {"type": "LineString", "coordinates": [[-16.775850296020508, 12.832979202270508], [-16.77126121520996, 12.838125228881836], [-16.760478973388672, 12.862250328063965], [-16.754222869873047, 12.866046905517578], [-16.750228881835938, 12.865660667419434], [-16.744029998779297, 12.860255241394043], [-16.740360260009766, 12.86027717590332], [-16.73631477355957, 12.861136436462402], [-16.730344772338867, 12.86839485168457]]}, "properties": {"name": "Temporary stream", "type": "Temporary stream", "couleur": "#90CAF9"}}, {"type": "Feature", "geometry": {"type": "LineString", "coordinates": [[-13.971006393432617, 12.850035667419434], [-13.975653648376465, 12.845625877380371], [-13.98197078704834, 12.844420433044434], [-13.988542556762695, 12.845284461975098], [-13.996698379516602, 12.840152740478516], [-14.006523132324219, 12.837995529174805], [-14.015564918518066, 12.836647987365723], [-14.02618408203125, 12.835063934326172], [-14.03322982788086, 12.8366117477417], [-14.045365333557129, 12.83098316192627], [-14.049592018127441, 12.831866264343262], [-14.065632820129395, 12.84276294708252], [-14.069621086120605, 12.84318733215332], [-14.074275970458984, 12.83969497680664]]}, "properties": {"name": "Temporary stream", "type": "Temporary stream", "couleur": "#90CAF9"}}, {"type": "Feature", "geometry": {"type": "LineString", "coordinates": [[-13.153212547302246, 12.849921226501465], [-13.156637191772461, 12.834951400756836], [-13.155440330505371, 12.830818176269531]]}, "properties": {"name": "Gambia river", "type": "Main river", "couleur": "#1565C0"}}, {"type": "Feature", "geometry": {"type": "LineString", "coordinates": [[-16.64753532409668, 12.828207969665527], [-16.645341873168945, 12.836069107055664], [-16.637062072753906, 12.844500541687012], [-16.6275634765625, 12.850423812866211], [-16.627410888671875, 12.85479736328125], [-16.635028839111328, 12.860871315002441], [-16.638023376464844, 12.870478630065918], [-16.64017677307129, 12.872739791870117], [-16.646574020385742, 12.876303672790527], [-16.656200408935547, 12.877049446105957], [-16.66094970703125, 12.880183219909668]]}, "properties": {"name": "Temporary stream", "type": "Temporary stream", "couleur": "#90CAF9"}}, {"type": "Feature", "geometry": {"type": "LineString", "coordinates": [[-16.64753532409668, 12.828207969665527], [-16.650604248046875, 12.829302787780762], [-16.662534713745117, 12.840357780456543], [-16.674631118774414, 12.84772777557373], [-16.678773880004883, 12.855934143066406], [-16.681880950927734, 12.85909652709961], [-16.695220947265625, 12.857933044433594], [-16.70603370666504, 12.859345436096191], [-16.707876205444336, 12.857701301574707], [-16.706111907958984, 12.851292610168457], [-16.708160400390625, 12.848033905029297], [-16.724599838256836, 12.84957218170166], [-16.729936599731445, 12.846713066101074], [-16.7368106842041, 12.838534355163574]]}, "properties": {"name": "Temporary stream", "type": "Temporary stream", "couleur": "#90CAF9"}}, {"type": "Feature", "geometry": {"type": "LineString", "coordinates": [[-11.747106552124023, 12.82729721069336], [-11.750158309936523, 12.833274841308594], [-11.7586030960083, 12.841089248657227], [-11.760483741760254, 12.847987174987793], [-11.757680892944336, 12.857649803161621], [-11.752299308776855, 12.868464469909668], [-11.735209465026855, 12.893084526062012], [-11.724676132202148, 12.913792610168457], [-11.717181205749512, 12.923916816711426], [-11.71484088897705, 12.929207801818848], [-11.714691162109375, 12.937154769897461], [-11.714615821838379, 12.941167831420898], [-11.711578369140625, 12.955888748168945], [-11.716043472290039, 12.967386245727539], [-11.728721618652344, 12.987847328186035], [-11.730371475219727, 12.99819564819336], [-11.74024486541748, 13.026017189025879], [-11.746580123901367, 13.029003143310547], [-11.74869441986084, 13.033601760864258], [-11.745656967163086, 13.046712875366211], [-11.747036933898926, 13.052403450012207], [-11.749894142150879, 13.064188003540039], [-11.75881576538086, 13.07223129272461], [-11.766570091247559, 13.0864839553833], [-11.766104698181152, 13.090164184570312], [-11.770101547241211, 13.099129676818848], [-11.783967018127441, 13.123266220092773], [-11.788665771484375, 13.128782272338867], [-11.792433738708496, 13.141887664794922], [-11.798309326171875, 13.151541709899902]]}, "properties": {"name": "Temporary stream", "type": "Temporary stream", "couleur": "#90CAF9"}}, {"type": "Feature", "geometry": {"type": "LineString", "coordinates": [[-13.122800827026367, 12.825889587402344], [-13.10418701171875, 12.843527793884277], [-13.08784294128418, 12.854198455810547], [-13.042683601379395, 12.868011474609375], [-13.038013458251953, 12.871256828308105], [-13.02847957611084, 12.88487720489502], [-13.024280548095703, 12.888579368591309]]}, "properties": {"name": "Temporary stream", "type": "Temporary stream", "couleur": "#90CAF9"}}, {"type": "Feature", "geometry": {"type": "LineString", "coordinates": [[-11.410541534423828, 12.869423866271973], [-11.402810096740723, 12.860910415649414], [-11.402108192443848, 12.857460021972656], [-11.403281211853027, 12.854010581970215], [-11.416176795959473, 12.843436241149902], [-11.41219425201416, 12.836994171142578], [-11.411260604858398, 12.825493812561035], [-11.408214569091797, 12.823882102966309], [-11.39977741241455, 12.82433795928955]]}, "properties": {"name": "Faleme", "type": "Secondary river", "couleur": "#1976D2"}}, {"type": "Feature", "geometry": {"type": "LineString", "coordinates": [[-13.136643409729004, 12.823104858398438], [-13.132453918457031, 12.827959060668945], [-13.128711700439453, 12.829130172729492], [-13.122800827026367, 12.825889587402344]]}, "properties": {"name": "Gambia river", "type": "Main river", "couleur": "#1565C0"}}, {"type": "Feature", "geometry": {"type": "LineString", "coordinates": [[-13.136643409729004, 12.823104858398438], [-13.152139663696289, 12.827616691589355], [-13.155440330505371, 12.830818176269531]]}, "properties": {"name": "Gambia river", "type": "Main river", "couleur": "#1565C0"}}, {"type": "Feature", "geometry": {"type": "LineString", "coordinates": [[-11.39977741241455, 12.82433795928955], [-11.392148971557617, 12.826892852783203], [-11.390631675720215, 12.826292037963867], [-11.39298152923584, 12.822495460510254]]}, "properties": {"name": "Faleme", "type": "Secondary river", "couleur": "#1976D2"}}, {"type": "Feature", "geometry": {"type": "LineString", "coordinates": [[-11.39298152923584, 12.822495460510254], [-11.39673137664795, 12.82249641418457], [-11.39977741241455, 12.82433795928955]]}, "properties": {"name": "Faleme", "type": "Secondary river", "couleur": "#1976D2"}}, {"type": "Feature", "geometry": {"type": "LineString", "coordinates": [[-14.978805541992188, 12.859312057495117], [-14.962390899658203, 12.84041976928711], [-14.940625190734863, 12.824583053588867], [-14.933565139770508, 12.822367668151855]]}, "properties": {"name": "Temporary stream", "type": "Temporary stream", "couleur": "#90CAF9"}}, {"type": "Feature", "geometry": {"type": "LineString", "coordinates": [[-12.349477767944336, 12.843705177307129], [-12.354869842529297, 12.84391975402832], [-12.37732219696045, 12.829133987426758], [-12.388087272644043, 12.824042320251465], [-12.396515846252441, 12.82171630859375], [-12.404718399047852, 12.82146167755127]]}, "properties": {"name": "Gambia river", "type": "Main river", "couleur": "#1565C0"}}, {"type": "Feature", "geometry": {"type": "LineString", "coordinates": [[-13.122800827026367, 12.825889587402344], [-13.113099098205566, 12.820987701416016]]}, "properties": {"name": "Gambia river", "type": "Main river", "couleur": "#1565C0"}}, {"type": "Feature", "geometry": {"type": "LineString", "coordinates": [[-11.773112297058105, 12.818767547607422], [-11.780623435974121, 12.829571723937988], [-11.791879653930664, 12.836921691894531], [-11.7965726852417, 12.841978073120117], [-11.797046661376953, 12.847038269042969], [-11.794943809509277, 12.853249549865723], [-11.788860321044922, 12.8629150390625], [-11.788864135742188, 12.866595268249512], [-11.808114051818848, 12.892797470092773], [-11.81069564819336, 12.895554542541504], [-11.814212799072266, 12.89670181274414], [-11.819613456726074, 12.903136253356934], [-11.82715892791748, 12.920182228088379], [-11.829484939575195, 12.925436973571777], [-11.836079597473145, 12.95026969909668], [-11.837032318115234, 12.96291732788086], [-11.836099624633789, 12.966828346252441], [-11.844109535217285, 12.997639656066895], [-11.845072746276855, 13.017416954040527], [-11.840402603149414, 13.034440994262695]]}, "properties": {"name": "Temporary stream", "type": "Temporary stream", "couleur": "#90CAF9"}}, {"type": "Feature", "geometry": {"type": "LineString", "coordinates": [[-13.864551544189453, 12.818733215332031], [-13.890144348144531, 12.850491523742676], [-13.90667724609375, 12.89106559753418]]}, "properties": {"name": "Temporary stream", "type": "Temporary stream", "couleur": "#90CAF9"}}, {"type": "Feature", "geometry": {"type": "LineString", "coordinates": [[-11.445469856262207, 12.859548568725586], [-11.45742416381836, 12.858403205871582], [-11.4684419631958, 12.85495662689209], [-11.495397567749023, 12.827592849731445], [-11.506413459777832, 12.8200044631958], [-11.513678550720215, 12.817015647888184]]}, "properties": {"name": "Temporary stream", "type": "Temporary stream", "couleur": "#90CAF9"}}, {"type": "Feature", "geometry": {"type": "LineString", "coordinates": [[-13.136643409729004, 12.823104858398438], [-13.12581729888916, 12.81557559967041], [-13.118074417114258, 12.814009666442871], [-13.114809036254883, 12.816556930541992], [-13.113099098205566, 12.820987701416016]]}, "properties": {"name": "Gambia river", "type": "Main river", "couleur": "#1565C0"}}, {"type": "Feature", "geometry": {"type": "LineString", "coordinates": [[-16.192901611328125, 12.983317375183105], [-16.199695587158203, 12.969403266906738], [-16.200538635253906, 12.963869094848633], [-16.194339752197266, 12.917506217956543], [-16.195817947387695, 12.908050537109375], [-16.19329833984375, 12.897971153259277], [-16.186969757080078, 12.878544807434082], [-16.185195922851562, 12.859498977661133], [-16.191469192504883, 12.846473693847656], [-16.200754165649414, 12.841259956359863], [-16.21833610534668, 12.827856063842773], [-16.238073348999023, 12.818243026733398], [-16.24690055847168, 12.813270568847656]]}, "properties": {"name": "Temporary stream", "type": "Temporary stream", "couleur": "#90CAF9"}}, {"type": "Feature", "geometry": {"type": "LineString", "coordinates": [[-12.297821998596191, 12.81210708618164], [-12.300646781921387, 12.8164701461792], [-12.304403305053711, 12.81875991821289], [-12.318465232849121, 12.818721771240234], [-12.328100204467773, 12.827434539794922], [-12.337006568908691, 12.827640533447266], [-12.34170913696289, 12.832457542419434], [-12.345953941345215, 12.841185569763184], [-12.349477767944336, 12.843705177307129]]}, "properties": {"name": "Gambia river", "type": "Main river", "couleur": "#1565C0"}}, {"type": "Feature", "geometry": {"type": "LineString", "coordinates": [[-12.404718399047852, 12.82146167755127], [-12.414104461669922, 12.824652671813965], [-12.419255256652832, 12.823487281799316], [-12.429536819458008, 12.814484596252441], [-12.433048248291016, 12.813323974609375], [-12.445239067077637, 12.814664840698242], [-12.457657814025879, 12.813935279846191], [-12.464677810668945, 12.811152458190918]]}, "properties": {"name": "Gambia river", "type": "Main river", "couleur": "#1565C0"}}, {"type": "Feature", "geometry": {"type": "LineString", "coordinates": [[-12.464489936828613, 12.908605575561523], [-12.478334426879883, 12.894368171691895], [-12.483184814453125, 12.87434196472168], [-12.478690147399902, 12.862627029418945], [-12.465970039367676, 12.844958305358887], [-12.464073181152344, 12.838983535766602], [-12.463332176208496, 12.828177452087402], [-12.464677810668945, 12.811152458190918]]}, "properties": {"name": "Temporary stream", "type": "Temporary stream", "couleur": "#90CAF9"}}, {"type": "Feature", "geometry": {"type": "LineString", "coordinates": [[-12.235821723937988, 12.873854637145996], [-12.233499526977539, 12.858732223510742], [-12.234662055969238, 12.855049133300781], [-12.238395690917969, 12.848830223083496], [-12.250555038452148, 12.838680267333984], [-12.255672454833984, 12.823946952819824], [-12.258946418762207, 12.821638107299805], [-12.262425422668457, 12.808979988098145], [-12.261716842651367, 12.80691146850586]]}, "properties": {"name": "Temporary stream", "type": "Temporary stream", "couleur": "#90CAF9"}}, {"type": "Feature", "geometry": {"type": "LineString", "coordinates": [[-13.323799133300781, 12.807723045349121], [-13.358823776245117, 12.823140144348145], [-13.367036819458008, 12.82469654083252], [-13.41625690460205, 12.825063705444336], [-13.42656421661377, 12.824304580688477], [-13.43685245513916, 12.821016311645508], [-13.449202537536621, 12.811041831970215], [-13.458795547485352, 12.805536270141602]]}, "properties": {"name": "Temporary stream", "type": "Temporary stream", "couleur": "#90CAF9"}}, {"type": "Feature", "geometry": {"type": "LineString", "coordinates": [[-16.727272033691406, 12.818007469177246], [-16.731538772583008, 12.82045841217041], [-16.74207305908203, 12.819803237915039], [-16.75603485107422, 12.814483642578125], [-16.768978118896484, 12.805041313171387], [-16.773149490356445, 12.80522346496582]]}, "properties": {"name": "Temporary stream", "type": "Temporary stream", "couleur": "#90CAF9"}}, {"type": "Feature", "geometry": {"type": "LineString", "coordinates": [[-13.46989631652832, 12.802064895629883], [-13.458795547485352, 12.805536270141602]]}, "properties": {"name": "Temporary stream", "type": "Temporary stream", "couleur": "#90CAF9"}}, {"type": "Feature", "geometry": {"type": "LineString", "coordinates": [[-13.471826553344727, 12.893000602722168], [-13.47054386138916, 12.884324073791504], [-13.472110748291016, 12.879020690917969], [-13.477483749389648, 12.872143745422363], [-13.47364616394043, 12.865927696228027], [-13.469510078430176, 12.86407470703125], [-13.462496757507324, 12.857871055603027], [-13.45866584777832, 12.852899551391602], [-13.458385467529297, 12.849390983581543], [-13.460946083068848, 12.847073554992676], [-13.46939468383789, 12.848626136779785], [-13.475991249084473, 12.853180885314941], [-13.481852531433105, 12.853118896484375], [-13.48342514038086, 12.849061965942383], [-13.474493980407715, 12.839750289916992], [-13.47320556640625, 12.835392951965332], [-13.478570938110352, 12.826958656311035], [-13.483318328857422, 12.822888374328613], [-13.485512733459473, 12.815712928771973], [-13.483580589294434, 12.80917739868164], [-13.477209091186523, 12.804217338562012], [-13.46989631652832, 12.802064895629883]]}, "properties": {"name": "Temporary stream", "type": "Temporary stream", "couleur": "#90CAF9"}}, {"type": "Feature", "geometry": {"type": "LineString", "coordinates": [[-16.772409439086914, 12.798515319824219], [-16.753782272338867, 12.807164192199707], [-16.742599487304688, 12.810591697692871], [-16.727272033691406, 12.818007469177246]]}, "properties": {"name": "Temporary stream", "type": "Temporary stream", "couleur": "#90CAF9"}}, {"type": "Feature", "geometry": {"type": "LineString", "coordinates": [[-16.773149490356445, 12.80522346496582], [-16.772409439086914, 12.798515319824219]]}, "properties": {"name": "Temporary stream", "type": "Temporary stream", "couleur": "#90CAF9"}}, {"type": "Feature", "geometry": {"type": "LineString", "coordinates": [[-13.2695951461792, 12.797250747680664], [-13.274873733520508, 12.816078186035156], [-13.296547889709473, 12.833194732666016], [-13.299165725708008, 12.83915901184082], [-13.299201011657715, 12.844449043273926], [-13.296217918395996, 12.854127883911133], [-13.291799545288086, 12.859445571899414], [-13.27475643157959, 12.869900703430176], [-13.265439987182617, 12.879158020019531], [-13.262896537780762, 12.88469409942627], [-13.265304565429688, 12.894339561462402], [-13.26666259765625, 12.896013259887695], [-13.273103713989258, 12.903951644897461], [-13.284189224243164, 12.914233207702637], [-13.286109924316406, 12.921121597290039], [-13.281072616577148, 12.939552307128906], [-13.272479057312012, 12.952025413513184], [-13.268560409545898, 12.962398529052734], [-13.267912864685059, 12.97091293334961], [-13.269844055175781, 12.979410171508789], [-13.278424263000488, 13.000517845153809], [-13.276594161987305, 13.007594108581543]]}, "properties": {"name": "Temporary stream", "type": "Temporary stream", "couleur": "#90CAF9"}}, {"type": "Feature", "geometry": {"type": "LineString", "coordinates": [[-14.863409042358398, 12.797212600708008], [-14.87626838684082, 12.81362247467041], [-14.887139320373535, 12.820853233337402], [-14.906144142150879, 12.822466850280762], [-14.933565139770508, 12.822367668151855]]}, "properties": {"name": "Temporary stream", "type": "Temporary stream", "couleur": "#90CAF9"}}, {"type": "Feature", "geometry": {"type": "LineString", "coordinates": [[-12.297821998596191, 12.81210708618164], [-12.295235633850098, 12.809123992919922], [-12.290545463562012, 12.80821704864502], [-12.285379409790039, 12.804320335388184], [-12.281845092773438, 12.797889709472656], [-12.27714729309082, 12.793761253356934], [-12.273397445678711, 12.793770790100098], [-12.269659996032715, 12.797920227050781], [-12.267099380493164, 12.80390739440918], [-12.261716842651367, 12.80691146850586]]}, "properties": {"name": "Gambia river", "type": "Main river", "couleur": "#1565C0"}}, {"type": "Feature", "geometry": {"type": "LineString", "coordinates": [[-13.611759185791016, 12.829906463623047], [-13.620197296142578, 12.830073356628418], [-13.624201774597168, 12.832573890686035], [-13.632655143737793, 12.83458137512207], [-13.642489433288574, 12.833357810974121], [-13.655348777770996, 12.829351425170898], [-13.667263984680176, 12.824662208557129], [-13.693116188049316, 12.804454803466797], [-13.707139015197754, 12.799747467041016], [-13.715838432312012, 12.788960456848145]]}, "properties": {"name": "Temporary stream", "type": "Temporary stream", "couleur": "#90CAF9"}}, {"type": "Feature", "geometry": {"type": "LineString", "coordinates": [[-13.715838432312012, 12.788960456848145], [-13.743988037109375, 12.806591033935547], [-13.74871826171875, 12.811844825744629], [-13.778596878051758, 12.825408935546875], [-13.791563987731934, 12.834506034851074], [-13.79610824584961, 12.845280647277832], [-13.802469253540039, 12.849139213562012], [-13.811223030090332, 12.858729362487793], [-13.81430721282959, 12.864876747131348], [-13.820761680603027, 12.877742767333984], [-13.839922904968262, 12.897828102111816]]}, "properties": {"name": "Temporary stream", "type": "Temporary stream", "couleur": "#90CAF9"}}, {"type": "Feature", "geometry": {"type": "LineString", "coordinates": [[-11.732580184936523, 12.833057403564453], [-11.727656364440918, 12.830069541931152], [-11.716397285461426, 12.818346977233887], [-11.701862335205078, 12.810535430908203], [-11.689903259277344, 12.800651550292969], [-11.681699752807617, 12.7976655960083], [-11.676074981689453, 12.797438621520996], [-11.661548614501953, 12.802044868469238], [-11.646782875061035, 12.797450065612793], [-11.630614280700684, 12.799065589904785], [-11.621941566467285, 12.793777465820312], [-11.619087219238281, 12.79382038116455], [-11.606241226196289, 12.794011116027832], [-11.589366912841797, 12.788723945617676], [-11.577885627746582, 12.79217529296875], [-11.569449424743652, 12.792635917663574], [-11.563591957092285, 12.798616409301758], [-11.558439254760742, 12.812417030334473], [-11.553988456726074, 12.816097259521484], [-11.550003051757812, 12.81586742401123], [-11.54133129119873, 12.810117721557617], [-11.533363342285156, 12.806897163391113], [-11.527738571166992, 12.807586669921875], [-11.518834114074707, 12.816555976867676], [-11.513678550720215, 12.817015647888184]]}, "properties": {"name": "Temporary stream", "type": "Temporary stream", "couleur": "#90CAF9"}}, {"type": "Feature", "geometry": {"type": "LineString", "coordinates": [[-12.991630554199219, 12.83400821685791], [-12.9946928024292, 12.836752891540527], [-13.002893447875977, 12.836250305175781], [-13.008268356323242, 12.833462715148926], [-13.027606010437012, 12.81289005279541], [-13.034381866455078, 12.809174537658691], [-13.036927223205566, 12.803410530090332], [-13.037598609924316, 12.797887802124023], [-13.036160469055176, 12.792144775390625], [-13.037555694580078, 12.790298461914062], [-13.054885864257812, 12.78836441040039]]}, "properties": {"name": "Gambia river", "type": "Main river", "couleur": "#1565C0"}}, {"type": "Feature", "geometry": {"type": "LineString", "coordinates": [[-12.820980072021484, 12.886204719543457], [-12.819021224975586, 12.8596830368042], [-12.820639610290527, 12.85507583618164], [-12.831119537353516, 12.841227531433105], [-12.842622756958008, 12.83471965789795], [-12.84719467163086, 12.821603775024414], [-12.850364685058594, 12.79904842376709], [-12.859437942504883, 12.785895347595215]]}, "properties": {"name": "Temporary stream", "type": "Temporary stream", "couleur": "#90CAF9"}}, {"type": "Feature", "geometry": {"type": "LineString", "coordinates": [[-13.113099098205566, 12.820987701416016], [-13.104754447937012, 12.820523262023926], [-13.10262680053711, 12.817315101623535], [-13.11054515838623, 12.808989524841309], [-13.112853050231934, 12.802997589111328], [-13.111191749572754, 12.79932689666748], [-13.104595184326172, 12.793383598327637], [-13.09542465209961, 12.7881441116333], [-13.090030670166016, 12.787484169006348], [-13.087498664855957, 12.795317649841309], [-13.084007263183594, 12.799246788024902], [-13.08023738861084, 12.795817375183105], [-13.076205253601074, 12.78756046295166], [-13.072442054748535, 12.785049438476562], [-13.054885864257812, 12.78836441040039]]}, "properties": {"name": "Gambia river", "type": "Main river", "couleur": "#1565C0"}}, {"type": "Feature", "geometry": {"type": "LineString", "coordinates": [[-16.569358825683594, 12.78429889678955], [-16.577919006347656, 12.790817260742188], [-16.579402923583984, 12.794931411743164], [-16.577571868896484, 12.79726505279541], [-16.57288932800293, 12.797578811645508], [-16.566455841064453, 12.791942596435547], [-16.562532424926758, 12.795233726501465], [-16.562652587890625, 12.801671981811523], [-16.566322326660156, 12.809887886047363], [-16.566463470458984, 12.829898834228516], [-16.567468643188477, 12.833561897277832], [-16.568788528442383, 12.843400001525879], [-16.567171096801758, 12.855191230773926], [-16.572446823120117, 12.86571979522705]]}, "properties": {"name": "Temporary stream", "type": "Temporary stream", "couleur": "#90CAF9"}}, {"type": "Feature", "geometry": {"type": "LineString", "coordinates": [[-14.074275970458984, 12.83969497680664], [-14.074868202209473, 12.827959060668945], [-14.079049110412598, 12.824010848999023], [-14.081626892089844, 12.82398796081543], [-14.082724571228027, 12.816158294677734], [-14.088985443115234, 12.809200286865234], [-14.093424797058105, 12.807780265808105], [-14.099757194519043, 12.808182716369629], [-14.108695030212402, 12.811552047729492], [-14.117379188537598, 12.81285285949707], [-14.123527526855469, 12.818546295166016], [-14.131689071655273, 12.8143310546875], [-14.132428169250488, 12.818004608154297], [-14.130626678466797, 12.82561206817627], [-14.133443832397461, 12.826045989990234], [-14.146720886230469, 12.817643165588379], [-14.150588035583496, 12.805646896362305], [-14.151253700256348, 12.805421829223633], [-14.153390884399414, 12.804699897766113], [-14.172717094421387, 12.815791130065918], [-14.178983688354492, 12.809521675109863], [-14.181793212890625, 12.80926513671875], [-14.1881685256958, 12.814035415649414], [-14.193094253540039, 12.814449310302734], [-14.208066940307617, 12.81177806854248], [-14.211834907531738, 12.813582420349121], [-14.213982582092285, 12.817472457885742], [-14.216717720031738, 12.833086967468262], [-14.218862533569336, 12.836747169494629], [-14.224967956542969, 12.837839126586914], [-14.23173713684082, 12.835014343261719], [-14.242879867553711, 12.82432746887207], [-14.243997573852539, 12.819025993347168], [-14.238965034484863, 12.808032989501953], [-14.241507530212402, 12.804558753967285], [-14.26882553100586, 12.794634819030762], [-14.276247024536133, 12.786972045898438], [-14.276905059814453, 12.78259563446045]]}, "properties": {"name": "Temporary stream", "type": "Temporary stream", "couleur": "#90CAF9"}}, {"type": "Feature", "geometry": {"type": "LineString", "coordinates": [[-14.276905059814453, 12.78259563446045], [-14.281866073608398, 12.786457061767578], [-14.284530639648438, 12.794941902160645], [-14.286602020263672, 12.81401252746582], [-14.295293807983398, 12.815998077392578], [-14.304740905761719, 12.823036193847656], [-14.315866470336914, 12.833507537841797], [-14.321585655212402, 12.8426513671875], [-14.333440780639648, 12.855645179748535]]}, "properties": {"name": "Temporary stream", "type": "Temporary stream", "couleur": "#90CAF9"}}, {"type": "Feature", "geometry": {"type": "LineString", "coordinates": [[-13.46989631652832, 12.802064895629883], [-13.470161437988281, 12.788976669311523], [-13.474527359008789, 12.78073787689209]]}, "properties": {"name": "Temporary stream", "type": "Temporary stream", "couleur": "#90CAF9"}}, {"type": "Feature", "geometry": {"type": "LineString", "coordinates": [[-13.474527359008789, 12.78073787689209], [-13.481346130371094, 12.78391170501709], [-13.487916946411133, 12.785245895385742], [-13.506649017333984, 12.783276557922363], [-13.516044616699219, 12.786200523376465], [-13.520258903503418, 12.785711288452148], [-13.541670799255371, 12.797290802001953]]}, "properties": {"name": "Temporary stream", "type": "Temporary stream", "couleur": "#90CAF9"}}, {"type": "Feature", "geometry": {"type": "LineString", "coordinates": [[-11.964983940124512, 12.778067588806152], [-11.955625534057617, 12.78728199005127], [-11.932207107543945, 12.796515464782715], [-11.92073917388916, 12.80618953704834], [-11.917464256286621, 12.809874534606934], [-11.917001724243164, 12.81401538848877], [-11.913260459899902, 12.819080352783203], [-11.906940460205078, 12.82460880279541], [-11.900145530700684, 12.82691764831543], [-11.867804527282715, 12.827646255493164], [-11.85843563079834, 12.831336975097656]]}, "properties": {"name": "Temporary stream", "type": "Temporary stream", "couleur": "#90CAF9"}}, {"type": "Feature", "geometry": {"type": "LineString", "coordinates": [[-14.75937557220459, 12.837985038757324], [-14.725086212158203, 12.792831420898438], [-14.70521354675293, 12.776954650878906]]}, "properties": {"name": "Temporary stream", "type": "Temporary stream", "couleur": "#90CAF9"}}, {"type": "Feature", "geometry": {"type": "LineString", "coordinates": [[-11.39089298248291, 12.776951789855957], [-11.391121864318848, 12.789142608642578], [-11.388306617736816, 12.795811653137207], [-11.39392375946045, 12.812604904174805], [-11.39298152923584, 12.822495460510254]]}, "properties": {"name": "Faleme", "type": "Secondary river", "couleur": "#1976D2"}}, {"type": "Feature", "geometry": {"type": "LineString", "coordinates": [[-11.964983940124512, 12.778067588806152], [-11.974357604980469, 12.778743743896484], [-11.980446815490723, 12.776894569396973]]}, "properties": {"name": "Temporary stream", "type": "Temporary stream", "couleur": "#90CAF9"}}, {"type": "Feature", "geometry": {"type": "LineString", "coordinates": [[-11.980446815490723, 12.776894569396973], [-11.984460830688477, 12.79413890838623], [-11.988694190979004, 12.803101539611816], [-11.990598678588867, 12.819889068603516], [-11.993648529052734, 12.821264266967773], [-12.003986358642578, 12.835508346557617], [-12.010347366333008, 12.853437423706055], [-12.013602256774902, 12.87683391571045]]}, "properties": {"name": "Temporary stream", "type": "Temporary stream", "couleur": "#90CAF9"}}, {"type": "Feature", "geometry": {"type": "LineString", "coordinates": [[-12.464677810668945, 12.811152458190918], [-12.47191333770752, 12.802618026733398], [-12.47610092163086, 12.79409408569336], [-12.478846549987793, 12.775684356689453]]}, "properties": {"name": "Gambia river", "type": "Main river", "couleur": "#1565C0"}}, {"type": "Feature", "geometry": {"type": "LineString", "coordinates": [[-12.55406379699707, 12.896866798400879], [-12.55655574798584, 12.874547958374023], [-12.548707008361816, 12.845135688781738], [-12.54493522644043, 12.839399337768555], [-12.531073570251465, 12.83047866821289], [-12.526594161987305, 12.823594093322754], [-12.523026466369629, 12.809576034545898], [-12.516672134399414, 12.802467346191406], [-12.498614311218262, 12.798849105834961], [-12.493449211120605, 12.79633617401123], [-12.489215850830078, 12.791980743408203], [-12.484013557434082, 12.778887748718262], [-12.480721473693848, 12.775678634643555], [-12.478846549987793, 12.775684356689453]]}, "properties": {"name": "Temporary stream", "type": "Temporary stream", "couleur": "#90CAF9"}}, {"type": "Feature", "geometry": {"type": "LineString", "coordinates": [[-15.317453384399414, 12.853589057922363], [-15.288732528686523, 12.861563682556152], [-15.28309154510498, 12.860488891601562], [-15.264123916625977, 12.845097541809082], [-15.257453918457031, 12.837366104125977], [-15.24967098236084, 12.816997528076172], [-15.244908332824707, 12.811539649963379], [-15.23831844329834, 12.809556007385254], [-15.217182159423828, 12.815410614013672], [-15.212167739868164, 12.81679916381836], [-15.202095031738281, 12.817160606384277], [-15.167023658752441, 12.806113243103027], [-15.153863906860352, 12.803522109985352], [-15.148415565490723, 12.799221992492676], [-15.138773918151855, 12.796814918518066], [-15.133319854736328, 12.792055130004883], [-15.128209114074707, 12.777857780456543], [-15.123492240905762, 12.775618553161621], [-15.118586540222168, 12.776830673217773], [-15.113484382629395, 12.780805587768555], [-15.109748840332031, 12.786526679992676], [-15.106365203857422, 12.791707992553711], [-15.09749698638916, 12.794580459594727], [-15.09170913696289, 12.799943923950195], [-15.081432342529297, 12.82031536102295], [-15.075390815734863, 12.824301719665527], [-15.050808906555176, 12.826449394226074], [-15.048032760620117, 12.829244613647461], [-15.049280166625977, 12.834979057312012], [-15.0481538772583, 12.838443756103516], [-15.04420280456543, 12.841023445129395], [-15.035053253173828, 12.840446472167969], [-15.028226852416992, 12.838232040405273], [-15.020965576171875, 12.838552474975586], [-15.015274047851562, 12.844279289245605], [-15.008702278137207, 12.8508939743042], [-15.00163459777832, 12.852314949035645], [-15.0, 12.852643966674805]]}, "properties": {"name": "Temporary stream", "type": "Temporary stream", "couleur": "#90CAF9"}}, {"type": "Feature", "geometry": {"type": "LineString", "coordinates": [[-16.727272033691406, 12.818007469177246], [-16.71476936340332, 12.81386661529541], [-16.71261215209961, 12.811375617980957], [-16.711227416992188, 12.800358772277832], [-16.70977783203125, 12.79808521270752], [-16.706722259521484, 12.797680854797363], [-16.699317932128906, 12.802647590637207], [-16.694168090820312, 12.802972793579102], [-16.679811477661133, 12.775399208068848]]}, "properties": {"name": "Temporary stream", "type": "Temporary stream", "couleur": "#90CAF9"}}, {"type": "Feature", "geometry": {"type": "LineString", "coordinates": [[-16.64753532409668, 12.828207969665527], [-16.640443801879883, 12.81269359588623], [-16.625194549560547, 12.799627304077148], [-16.620590209960938, 12.791659355163574], [-16.626482009887695, 12.780970573425293], [-16.635732650756836, 12.774362564086914], [-16.643207550048828, 12.773076057434082], [-16.65704345703125, 12.773514747619629], [-16.668123245239258, 12.776993751525879], [-16.679811477661133, 12.775399208068848]]}, "properties": {"name": "Temporary stream", "type": "Temporary stream", "couleur": "#90CAF9"}}, {"type": "Feature", "geometry": {"type": "LineString", "coordinates": [[-11.39089298248291, 12.776951789855957], [-11.400248527526855, 12.771767616271973], [-11.400503158569336, 12.76890754699707]]}, "properties": {"name": "Faleme", "type": "Secondary river", "couleur": "#1976D2"}}, {"type": "Feature", "geometry": {"type": "LineString", "coordinates": [[-11.39089298248291, 12.776951789855957], [-11.39581298828125, 12.777874946594238], [-11.401437759399414, 12.776497840881348], [-11.402610778808594, 12.771668434143066], [-11.400503158569336, 12.76890754699707]]}, "properties": {"name": "Faleme", "type": "Secondary river", "couleur": "#1976D2"}}, {"type": "Feature", "geometry": {"type": "LineString", "coordinates": [[-14.356485366821289, 12.795841217041016], [-14.340641021728516, 12.782198905944824], [-14.33285903930664, 12.777445793151855], [-14.32415771484375, 12.774541854858398], [-14.313602447509766, 12.7734956741333], [-14.30088996887207, 12.76786994934082]]}, "properties": {"name": "Temporary stream", "type": "Temporary stream", "couleur": "#90CAF9"}}, {"type": "Feature", "geometry": {"type": "LineString", "coordinates": [[-14.276905059814453, 12.78259563446045], [-14.27888011932373, 12.769465446472168], [-14.283312797546387, 12.767581939697266], [-14.295553207397461, 12.772982597351074], [-14.298118591308594, 12.771807670593262], [-14.30088996887207, 12.76786994934082]]}, "properties": {"name": "Temporary stream", "type": "Temporary stream", "couleur": "#90CAF9"}}, {"type": "Feature", "geometry": {"type": "LineString", "coordinates": [[-12.991630554199219, 12.83400821685791], [-12.98927116394043, 12.831029891967773], [-12.992510795593262, 12.823423385620117], [-12.998796463012695, 12.815800666809082], [-13.000628471374512, 12.807971000671387], [-12.996132850646973, 12.800174713134766], [-12.993547439575195, 12.798808097839355], [-12.989102363586426, 12.800210952758789], [-12.981168746948242, 12.806461334228516], [-12.977657318115234, 12.807168960571289], [-12.973423957824707, 12.80443000793457], [-12.965167999267578, 12.794351577758789], [-12.956475257873535, 12.790255546569824], [-12.945918083190918, 12.788008689880371], [-12.941678047180176, 12.783888816833496], [-12.934561729431152, 12.767363548278809]]}, "properties": {"name": "Gambia river", "type": "Main river", "couleur": "#1565C0"}}, {"type": "Feature", "geometry": {"type": "LineString", "coordinates": [[-12.934561729431152, 12.767363548278809], [-12.930334091186523, 12.765544891357422], [-12.926118850708008, 12.76602554321289], [-12.9137544631958, 12.776435852050781], [-12.881966590881348, 12.792229652404785], [-12.877284049987793, 12.793171882629395], [-12.866477012634277, 12.787702560424805], [-12.859437942504883, 12.785895347595215]]}, "properties": {"name": "Gambia river", "type": "Main river", "couleur": "#1565C0"}}, {"type": "Feature", "geometry": {"type": "LineString", "coordinates": [[-14.96205997467041, 12.764779090881348], [-14.944279670715332, 12.780144691467285], [-14.940319061279297, 12.782032012939453], [-14.937788963317871, 12.785743713378906], [-14.934194564819336, 12.797977447509766], [-14.932772636413574, 12.81524658203125], [-14.933565139770508, 12.822367668151855]]}, "properties": {"name": "Temporary stream", "type": "Temporary stream", "couleur": "#90CAF9"}}, {"type": "Feature", "geometry": {"type": "LineString", "coordinates": [[-16.530832290649414, 12.763581275939941], [-16.551122665405273, 12.774042129516602], [-16.569358825683594, 12.78429889678955]]}, "properties": {"name": "Temporary stream", "type": "Temporary stream", "couleur": "#90CAF9"}}, {"type": "Feature", "geometry": {"type": "LineString", "coordinates": [[-14.465843200683594, 12.788055419921875], [-14.484771728515625, 12.783256530761719], [-14.49221134185791, 12.777889251708984], [-14.526044845581055, 12.764881134033203], [-14.534428596496582, 12.760191917419434], [-14.539572715759277, 12.75921630859375], [-14.554350852966309, 12.760669708251953], [-14.561835289001465, 12.759439468383789], [-14.566065788269043, 12.760543823242188], [-14.587328910827637, 12.754891395568848], [-14.598538398742676, 12.751912117004395], [-14.640469551086426, 12.750992774963379]]}, "properties": {"name": "Temporary stream", "type": "Temporary stream", "couleur": "#90CAF9"}}, {"type": "Feature", "geometry": {"type": "LineString", "coordinates": [[-14.70521354675293, 12.776954650878906], [-14.695786476135254, 12.772459983825684], [-14.685227394104004, 12.771198272705078], [-14.66263198852539, 12.76270866394043], [-14.640469551086426, 12.750992774963379]]}, "properties": {"name": "Temporary stream", "type": "Temporary stream", "couleur": "#90CAF9"}}, {"type": "Feature", "geometry": {"type": "LineString", "coordinates": [[-16.593107223510742, 12.7509765625], [-16.59154510498047, 12.755146026611328], [-16.5919132232666, 12.7622709274292], [-16.586593627929688, 12.815966606140137], [-16.58098602294922, 12.829408645629883], [-16.57777976989746, 12.83337688446045], [-16.574512481689453, 12.843232154846191], [-16.572683334350586, 12.849111557006836], [-16.572446823120117, 12.86571979522705]]}, "properties": {"name": "Temporary stream", "type": "Temporary stream", "couleur": "#90CAF9"}}, {"type": "Feature", "geometry": {"type": "LineString", "coordinates": [[-12.835492134094238, 12.750456809997559], [-12.82695198059082, 12.755454063415527], [-12.820886611938477, 12.761001586914062], [-12.810931205749512, 12.785887718200684], [-12.802992820739746, 12.791902542114258], [-12.782878875732422, 12.800272941589355], [-12.776784896850586, 12.800069808959961], [-12.770179748535156, 12.790667533874512], [-12.764775276184082, 12.787471771240234], [-12.75540542602539, 12.788202285766602], [-12.738662719726562, 12.794858932495117], [-12.735522270202637, 12.796107292175293], [-12.72968578338623, 12.800960540771484], [-12.722517013549805, 12.822381973266602], [-12.71901798248291, 12.825847625732422], [-12.714370727539062, 12.834836959838867], [-12.711661338806152, 12.858078002929688], [-12.714574813842773, 12.8834228515625]]}, "properties": {"name": "Temporary stream", "type": "Temporary stream", "couleur": "#90CAF9"}}, {"type": "Feature", "geometry": {"type": "LineString", "coordinates": [[-12.835492134094238, 12.750456809997559], [-12.841752052307129, 12.762690544128418], [-12.844799995422363, 12.763652801513672], [-12.851781845092773, 12.754190444946289], [-12.855769157409668, 12.754860877990723], [-12.856504440307617, 12.761528015136719], [-12.853998184204102, 12.775800704956055], [-12.855196952819824, 12.781314849853516], [-12.859437942504883, 12.785895347595215]]}, "properties": {"name": "Gambia river", "type": "Main river", "couleur": "#1565C0"}}, {"type": "Feature", "geometry": {"type": "LineString", "coordinates": [[-13.155440330505371, 12.830818176269531], [-13.157525062561035, 12.826895713806152], [-13.154657363891602, 12.817712783813477], [-13.15742015838623, 12.809646606445312], [-13.166264533996582, 12.79970645904541], [-13.181922912597656, 12.79271411895752], [-13.203462600708008, 12.78959846496582], [-13.213733673095703, 12.783327102661133], [-13.213717460632324, 12.780567169189453], [-13.204497337341309, 12.767740249633789], [-13.194847106933594, 12.760897636413574], [-13.192380905151367, 12.75071907043457], [-13.192231178283691, 12.750100135803223]]}, "properties": {"name": "Temporary stream", "type": "Temporary stream", "couleur": "#90CAF9"}}, {"type": "Feature", "geometry": {"type": "LineString", "coordinates": [[-11.980446815490723, 12.776894569396973], [-11.998943328857422, 12.768355369567871], [-12.007830619812012, 12.759600639343262], [-12.024213790893555, 12.74991226196289]]}, "properties": {"name": "Temporary stream", "type": "Temporary stream", "couleur": "#90CAF9"}}, {"type": "Feature", "geometry": {"type": "LineString", "coordinates": [[-12.024213790893555, 12.74991226196289], [-12.039284706115723, 12.788758277893066], [-12.045153617858887, 12.793807983398438], [-12.055005073547363, 12.798620223999023], [-12.06017017364502, 12.803441047668457], [-12.064155578613281, 12.804123878479004], [-12.080133438110352, 12.823874473571777], [-12.08437728881836, 12.836055755615234], [-12.08464241027832, 12.850775718688965], [-12.084291458129883, 12.853398323059082], [-12.0812349319458, 12.876117706298828]]}, "properties": {"name": "Temporary stream", "type": "Temporary stream", "couleur": "#90CAF9"}}, {"type": "Feature", "geometry": {"type": "LineString", "coordinates": [[-11.400503158569336, 12.76890754699707], [-11.390666961669922, 12.758781433105469], [-11.388190269470215, 12.754623413085938], [-11.385047912597656, 12.749347686767578]]}, "properties": {"name": "Faleme", "type": "Secondary river", "couleur": "#1976D2"}}, {"type": "Feature", "geometry": {"type": "LineString", "coordinates": [[-13.458795547485352, 12.805536270141602], [-13.453580856323242, 12.80066204071045], [-13.44887924194336, 12.798624038696289], [-13.43154525756836, 12.799660682678223], [-13.426836967468262, 12.79670238494873], [-13.416677474975586, 12.785039901733398], [-13.404172897338867, 12.772932052612305], [-13.403450965881348, 12.77017593383789], [-13.389080047607422, 12.759000778198242], [-13.375911712646484, 12.752185821533203], [-13.370491027832031, 12.747621536254883]]}, "properties": {"name": "Temporary stream", "type": "Temporary stream", "couleur": "#90CAF9"}}, {"type": "Feature", "geometry": {"type": "LineString", "coordinates": [[-16.577545166015625, 12.742547988891602], [-16.5788631439209, 12.76618480682373], [-16.577417373657227, 12.77656364440918], [-16.575368881225586, 12.779820442199707], [-16.569358825683594, 12.78429889678955]]}, "properties": {"name": "Temporary stream", "type": "Temporary stream", "couleur": "#90CAF9"}}, {"type": "Feature", "geometry": {"type": "LineString", "coordinates": [[-16.593107223510742, 12.7509765625], [-16.587398529052734, 12.746478080749512], [-16.577545166015625, 12.742547988891602]]}, "properties": {"name": "Temporary stream", "type": "Temporary stream", "couleur": "#90CAF9"}}, {"type": "Feature", "geometry": {"type": "LineString", "coordinates": [[-13.715838432312012, 12.788960456848145], [-13.703996658325195, 12.781140327453613], [-13.698304176330566, 12.77560806274414], [-13.687846183776855, 12.760832786560059], [-13.679304122924805, 12.751606941223145], [-13.67737865447998, 12.743739128112793], [-13.673583984375, 12.74005126953125]]}, "properties": {"name": "Temporary stream", "type": "Temporary stream", "couleur": "#90CAF9"}}, {"type": "Feature", "geometry": {"type": "LineString", "coordinates": [[-12.130772590637207, 12.831363677978516], [-12.133056640625, 12.805368423461914], [-12.13605785369873, 12.79560661315918], [-12.138178825378418, 12.791097640991211], [-12.153136253356934, 12.774505615234375], [-12.16342830657959, 12.766892433166504], [-12.164358139038086, 12.763670921325684], [-12.174182891845703, 12.756978988647461], [-12.188899993896484, 12.73946475982666]]}, "properties": {"name": "Temporary stream", "type": "Temporary stream", "couleur": "#90CAF9"}}, {"type": "Feature", "geometry": {"type": "LineString", "coordinates": [[-13.673583984375, 12.74005126953125], [-13.661194801330566, 12.739373207092285], [-13.642956733703613, 12.744110107421875], [-13.638498306274414, 12.743223190307617], [-13.60928726196289, 12.75309944152832], [-13.592052459716797, 12.766566276550293], [-13.585740089416504, 12.768452644348145], [-13.577999114990234, 12.767358779907227], [-13.567184448242188, 12.762606620788574]]}, "properties": {"name": "Temporary stream", "type": "Temporary stream", "couleur": "#90CAF9"}}, {"type": "Feature", "geometry": {"type": "LineString", "coordinates": [[-16.659643173217773, 12.882601737976074], [-16.655637741088867, 12.884420394897461], [-16.64438819885254, 12.884623527526855], [-16.63800811767578, 12.881979942321777], [-16.62494659423828, 12.864537239074707], [-16.622373580932617, 12.861099243164062], [-16.620859146118164, 12.855376243591309], [-16.622329711914062, 12.8463773727417], [-16.6262264251709, 12.841706275939941], [-16.639019012451172, 12.836414337158203], [-16.640731811523438, 12.827871322631836], [-16.637540817260742, 12.820338249206543], [-16.61419105529785, 12.800286293029785], [-16.61220359802246, 12.794341087341309], [-16.61224365234375, 12.783988952636719], [-16.620853424072266, 12.778179168701172], [-16.625600814819336, 12.771554946899414], [-16.63187026977539, 12.768450736999512], [-16.642854690551758, 12.766871452331543], [-16.650493621826172, 12.76190185546875], [-16.656818389892578, 12.761786460876465], [-16.667505264282227, 12.769183158874512], [-16.675466537475586, 12.768807411193848], [-16.688627243041992, 12.758444786071777], [-16.695384979248047, 12.75648021697998], [-16.70098114013672, 12.754998207092285], [-16.70372200012207, 12.751265525817871], [-16.703575134277344, 12.743678092956543], [-16.702054977416992, 12.73807144165039]]}, "properties": {"name": "Temporary stream", "type": "Temporary stream", "couleur": "#90CAF9"}}, {"type": "Feature", "geometry": {"type": "LineString", "coordinates": [[-16.707706451416016, 12.735749244689941], [-16.707393646240234, 12.739849090576172], [-16.711925506591797, 12.75134563446045], [-16.711050033569336, 12.754582405090332], [-16.70760154724121, 12.758096694946289], [-16.692720413208008, 12.764121055603027], [-16.679811477661133, 12.775399208068848]]}, "properties": {"name": "Temporary stream", "type": "Temporary stream", "couleur": "#90CAF9"}}, {"type": "Feature", "geometry": {"type": "LineString", "coordinates": [[-16.577545166015625, 12.742547988891602], [-16.568944931030273, 12.739274978637695], [-16.567026138305664, 12.735157012939453]]}, "properties": {"name": "Temporary stream", "type": "Temporary stream", "couleur": "#90CAF9"}}, {"type": "Feature", "geometry": {"type": "LineString", "coordinates": [[-11.385047912597656, 12.749347686767578], [-11.388798713684082, 12.744750022888184], [-11.388331413269043, 12.740839958190918], [-11.376386642456055, 12.733012199401855], [-11.375450134277344, 12.730711936950684]]}, "properties": {"name": "Faleme", "type": "Secondary river", "couleur": "#1976D2"}}, {"type": "Feature", "geometry": {"type": "LineString", "coordinates": [[-14.293205261230469, 12.727002143859863], [-14.291906356811523, 12.737364768981934], [-14.293839454650879, 12.743097305297852], [-14.302837371826172, 12.752209663391113], [-14.304065704345703, 12.757718086242676], [-14.30088996887207, 12.76786994934082]]}, "properties": {"name": "Temporary stream", "type": "Temporary stream", "couleur": "#90CAF9"}}, {"type": "Feature", "geometry": {"type": "LineString", "coordinates": [[-11.827146530151367, 12.731316566467285], [-11.843083381652832, 12.736130714416504], [-11.850112915039062, 12.736352920532227], [-11.870956420898438, 12.730119705200195], [-11.879388809204102, 12.728960037231445], [-11.889456748962402, 12.725037574768066], [-11.897658348083496, 12.725947380065918], [-11.906339645385742, 12.735136985778809], [-11.9253568649292, 12.761103630065918], [-11.931458473205566, 12.76661491394043], [-11.933377265930176, 12.767443656921387], [-11.947402000427246, 12.773492813110352], [-11.964983940124512, 12.778067588806152]]}, "properties": {"name": "Temporary stream", "type": "Temporary stream", "couleur": "#90CAF9"}}, {"type": "Feature", "geometry": {"type": "LineString", "coordinates": [[-12.261716842651367, 12.80691146850586], [-12.253499984741211, 12.801411628723145], [-12.24413013458252, 12.803045272827148], [-12.241077423095703, 12.800522804260254], [-12.240360260009766, 12.795234680175781], [-12.242203712463379, 12.78395938873291], [-12.240543365478516, 12.776372909545898], [-12.239129066467285, 12.77338695526123], [-12.23372745513916, 12.768799781799316], [-12.224347114562988, 12.765832901000977], [-12.207470893859863, 12.763572692871094], [-12.205583572387695, 12.758747100830078], [-12.208610534667969, 12.75114917755127], [-12.226155281066895, 12.74075698852539], [-12.227080345153809, 12.736154556274414], [-12.225517272949219, 12.732348442077637], [-12.224721908569336, 12.7304105758667], [-12.216975212097168, 12.724448204040527], [-12.21346378326416, 12.725377082824707], [-12.207157135009766, 12.732751846313477], [-12.19919490814209, 12.734150886535645], [-12.192651748657227, 12.740836143493652], [-12.188899993896484, 12.73946475982666]]}, "properties": {"name": "Gambia river", "type": "Main river", "couleur": "#1565C0"}}, {"type": "Feature", "geometry": {"type": "LineString", "coordinates": [[-16.530832290649414, 12.763581275939941], [-16.533489227294922, 12.757235527038574], [-16.535707473754883, 12.739535331726074], [-16.535255432128906, 12.727396011352539], [-16.543228149414062, 12.727713584899902], [-16.5478458404541, 12.72395133972168], [-16.550668716430664, 12.724591255187988], [-16.554550170898438, 12.731653213500977], [-16.564647674560547, 12.732852935791016], [-16.567026138305664, 12.735157012939453]]}, "properties": {"name": "Temporary stream", "type": "Temporary stream", "couleur": "#90CAF9"}}, {"type": "Feature", "geometry": {"type": "LineString", "coordinates": [[-14.70521354675293, 12.776954650878906], [-14.712495803833008, 12.758700370788574], [-14.710390090942383, 12.739171981811523], [-14.710640907287598, 12.720767974853516]]}, "properties": {"name": "Temporary stream", "type": "Temporary stream", "couleur": "#90CAF9"}}, {"type": "Feature", "geometry": {"type": "LineString", "coordinates": [[-14.1749906539917, 12.737334251403809], [-14.193901062011719, 12.730485916137695], [-14.213554382324219, 12.72776985168457], [-14.221772193908691, 12.729531288146973], [-14.22902774810791, 12.728772163391113], [-14.236030578613281, 12.726175308227539], [-14.243704795837402, 12.7205810546875], [-14.264304161071777, 12.718771934509277], [-14.274618148803711, 12.719362258911133], [-14.293205261230469, 12.727002143859863]]}, "properties": {"name": "Temporary stream", "type": "Temporary stream", "couleur": "#90CAF9"}}, {"type": "Feature", "geometry": {"type": "LineString", "coordinates": [[-12.389599800109863, 12.717496871948242], [-12.3861722946167, 12.739635467529297], [-12.393973350524902, 12.760772705078125], [-12.3967924118042, 12.76306438446045], [-12.398693084716797, 12.770878791809082], [-12.398052215576172, 12.789971351623535], [-12.396890640258789, 12.792964935302734], [-12.399039268493652, 12.80491828918457], [-12.404718399047852, 12.82146167755127]]}, "properties": {"name": "Temporary stream", "type": "Temporary stream", "couleur": "#90CAF9"}}, {"type": "Feature", "geometry": {"type": "LineString", "coordinates": [[-13.878987312316895, 12.761138916015625], [-13.898938179016113, 12.758182525634766], [-13.907336235046387, 12.753973007202148], [-13.908489227294922, 12.751893043518066], [-13.91783618927002, 12.749053955078125], [-13.92623233795166, 12.744612693786621], [-13.937626838684082, 12.735084533691406], [-13.940434455871582, 12.734601020812988], [-13.942513465881348, 12.731363296508789], [-13.94429874420166, 12.721456527709961], [-13.94776725769043, 12.7163667678833]]}, "properties": {"name": "Temporary stream", "type": "Temporary stream", "couleur": "#90CAF9"}}, {"type": "Feature", "geometry": {"type": "LineString", "coordinates": [[-12.602234840393066, 12.867020606994629], [-12.596503257751465, 12.840591430664062], [-12.592487335205078, 12.832786560058594], [-12.583301544189453, 12.821550369262695], [-12.582571029663086, 12.814422607421875], [-12.585565567016602, 12.801301956176758], [-12.592307090759277, 12.78770637512207], [-12.591984748840332, 12.765856742858887], [-12.588661193847656, 12.755058288574219], [-12.588212966918945, 12.747651100158691], [-12.587909698486328, 12.742639541625977], [-12.589245796203613, 12.725154876708984], [-12.588475227355957, 12.708367347717285]]}, "properties": {"name": "Temporary stream", "type": "Temporary stream", "couleur": "#90CAF9"}}, {"type": "Feature", "geometry": {"type": "LineString", "coordinates": [[-12.297821998596191, 12.81210708618164], [-12.309039115905762, 12.80126667022705], [-12.311594009399414, 12.793669700622559], [-12.311097145080566, 12.78424072265625], [-12.312488555908203, 12.779176712036133], [-12.311528205871582, 12.77135944366455], [-12.306574821472168, 12.760332107543945], [-12.307015419006348, 12.750670433044434], [-12.304877281188965, 12.7407865524292], [-12.3071928024292, 12.731579780578613], [-12.314205169677734, 12.72603988647461], [-12.31862735748291, 12.716367721557617], [-12.329379081726074, 12.708287239074707]]}, "properties": {"name": "Temporary stream", "type": "Temporary stream", "couleur": "#90CAF9"}}, {"type": "Feature", "geometry": {"type": "LineString", "coordinates": [[-12.77892780303955, 12.707365989685059], [-12.799360275268555, 12.718086242675781], [-12.822158813476562, 12.733394622802734], [-12.832517623901367, 12.743698120117188], [-12.835492134094238, 12.750456809997559]]}, "properties": {"name": "Gambia river", "type": "Main river", "couleur": "#1565C0"}}, {"type": "Feature", "geometry": {"type": "LineString", "coordinates": [[-12.583309173583984, 12.70516586303711], [-12.588475227355957, 12.708367347717285]]}, "properties": {"name": "Temporary stream", "type": "Temporary stream", "couleur": "#90CAF9"}}, {"type": "Feature", "geometry": {"type": "LineString", "coordinates": [[-16.780561447143555, 12.704719543457031], [-16.769519805908203, 12.724514961242676], [-16.760581970214844, 12.73480224609375], [-16.752511978149414, 12.741623878479004], [-16.74091148376465, 12.747590065002441], [-16.734365463256836, 12.748401641845703], [-16.7305850982666, 12.746861457824707], [-16.722227096557617, 12.738733291625977], [-16.71558952331543, 12.734715461730957], [-16.711580276489258, 12.733407974243164], [-16.707706451416016, 12.735749244689941]]}, "properties": {"name": "Temporary stream", "type": "Temporary stream", "couleur": "#90CAF9"}}, {"type": "Feature", "geometry": {"type": "LineString", "coordinates": [[-12.588475227355957, 12.708367347717285], [-12.598092079162598, 12.711320877075195], [-12.611236572265625, 12.71748161315918], [-12.614293098449707, 12.720231056213379], [-12.615798950195312, 12.744606018066406], [-12.618389129638672, 12.74781608581543], [-12.628936767578125, 12.748926162719727], [-12.642756462097168, 12.747952461242676], [-12.657718658447266, 12.740303039550781], [-12.666142463684082, 12.737739562988281], [-12.677385330200195, 12.737005233764648], [-12.686270713806152, 12.733499526977539], [-12.693289756774902, 12.730730056762695], [-12.697488784790039, 12.726802825927734], [-12.701152801513672, 12.707466125488281], [-12.704181671142578, 12.70377254486084]]}, "properties": {"name": "Gambia river", "type": "Main river", "couleur": "#1565C0"}}, {"type": "Feature", "geometry": {"type": "LineString", "coordinates": [[-13.054885864257812, 12.78836441040039], [-13.049935340881348, 12.783101081848145], [-13.035362243652344, 12.775358200073242], [-13.03298568725586, 12.769390106201172], [-13.035944938659668, 12.753963470458984], [-13.03399658203125, 12.740863800048828], [-13.034907341003418, 12.736259460449219], [-13.031783103942871, 12.722244262695312], [-13.027995109558105, 12.715134620666504], [-13.02164077758789, 12.71010684967041], [-13.003796577453613, 12.702839851379395]]}, "properties": {"name": "Temporary stream", "type": "Temporary stream", "couleur": "#90CAF9"}}, {"type": "Feature", "geometry": {"type": "LineString", "coordinates": [[-11.375450134277344, 12.730711936950684], [-11.393024444580078, 12.725201606750488], [-11.405674934387207, 12.727048873901367], [-11.426056861877441, 12.726367950439453], [-11.42910385131836, 12.723379135131836], [-11.431000709533691, 12.702770233154297]]}, "properties": {"name": "Faleme", "type": "Secondary river", "couleur": "#1976D2"}}, {"type": "Feature", "geometry": {"type": "LineString", "coordinates": [[-12.77892780303955, 12.707365989685059], [-12.773767471313477, 12.705779075622559], [-12.75385856628418, 12.706555366516113], [-12.740479469299316, 12.701091766357422], [-12.71870231628418, 12.703023910522461], [-12.71284008026123, 12.701667785644531], [-12.706750869750977, 12.702153205871582], [-12.704181671142578, 12.70377254486084]]}, "properties": {"name": "Gambia river", "type": "Main river", "couleur": "#1565C0"}}, {"type": "Feature", "geometry": {"type": "LineString", "coordinates": [[-12.478846549987793, 12.775684356689453], [-12.478116035461426, 12.768096923828125], [-12.485114097595215, 12.759103775024414], [-12.482284545898438, 12.75428295135498], [-12.475703239440918, 12.748554229736328], [-12.475459098815918, 12.745564460754395], [-12.479424476623535, 12.74049186706543], [-12.489009857177734, 12.735169410705566], [-12.494394302368164, 12.734001159667969], [-12.497429847717285, 12.731000900268555], [-12.497154235839844, 12.719731330871582], [-12.499473571777344, 12.713512420654297], [-12.511842727661133, 12.700819969177246], [-12.516053199768066, 12.69919490814209], [-12.537373542785645, 12.700040817260742]]}, "properties": {"name": "Gambia river", "type": "Main river", "couleur": "#1565C0"}}, {"type": "Feature", "geometry": {"type": "LineString", "coordinates": [[-12.024213790893555, 12.74991226196289], [-12.034037590026855, 12.741385459899902], [-12.048100471496582, 12.743660926818848], [-12.065420150756836, 12.735349655151367], [-12.07759952545166, 12.73348617553711], [-12.112470626831055, 12.71662712097168], [-12.1162109375, 12.713399887084961], [-12.12366008758545, 12.697876930236816], [-12.131168365478516, 12.697498321533203], [-12.141012191772461, 12.700007438659668]]}, "properties": {"name": "Temporary stream", "type": "Temporary stream", "couleur": "#90CAF9"}}, {"type": "Feature", "geometry": {"type": "LineString", "coordinates": [[-12.188899993896484, 12.73946475982666], [-12.184659957885742, 12.730274200439453], [-12.183236122131348, 12.723377227783203], [-12.188118934631348, 12.708415031433105], [-12.19326400756836, 12.70495319366455], [-12.20801830291748, 12.70353889465332], [-12.215733528137207, 12.697310447692871]]}, "properties": {"name": "Gambia river", "type": "Main river", "couleur": "#1565C0"}}, {"type": "Feature", "geometry": {"type": "LineString", "coordinates": [[-12.537373542785645, 12.700040817260742], [-12.553290367126465, 12.696534156799316], [-12.559149742126465, 12.697203636169434], [-12.567846298217773, 12.70476245880127], [-12.5732421875, 12.706812858581543], [-12.583309173583984, 12.70516586303711]]}, "properties": {"name": "Gambia river", "type": "Main river", "couleur": "#1565C0"}}, {"type": "Feature", "geometry": {"type": "LineString", "coordinates": [[-12.217601776123047, 12.695466041564941], [-12.215733528137207, 12.697310447692871]]}, "properties": {"name": "Temporary stream", "type": "Temporary stream", "couleur": "#90CAF9"}}, {"type": "Feature", "geometry": {"type": "LineString", "coordinates": [[-16.530832290649414, 12.763581275939941], [-16.51457977294922, 12.751211166381836], [-16.508602142333984, 12.736916542053223], [-16.50251007080078, 12.705201148986816], [-16.49917221069336, 12.694503784179688]]}, "properties": {"name": "Temporary stream", "type": "Temporary stream", "couleur": "#90CAF9"}}, {"type": "Feature", "geometry": {"type": "LineString", "coordinates": [[-12.931827545166016, 12.693082809448242], [-12.928621292114258, 12.707128524780273], [-12.932697296142578, 12.724821090698242], [-12.932251930236816, 12.729193687438965], [-12.940032005310059, 12.738354682922363], [-12.944315910339355, 12.750985145568848], [-12.942936897277832, 12.756052017211914], [-12.934561729431152, 12.767363548278809]]}, "properties": {"name": "Temporary stream", "type": "Temporary stream", "couleur": "#90CAF9"}}, {"type": "Feature", "geometry": {"type": "LineString", "coordinates": [[-16.565916061401367, 12.692828178405762], [-16.56268310546875, 12.702981948852539], [-16.56513786315918, 12.708919525146484], [-16.576812744140625, 12.719292640686035], [-16.577810287475586, 12.722495079040527], [-16.57487678527832, 12.72852897644043], [-16.567026138305664, 12.735157012939453]]}, "properties": {"name": "Temporary stream", "type": "Temporary stream", "couleur": "#90CAF9"}}, {"type": "Feature", "geometry": {"type": "LineString", "coordinates": [[-16.702054977416992, 12.73807144165039], [-16.703571319580078, 12.731255531311035], [-16.706789016723633, 12.727974891662598], [-16.71027183532715, 12.726301193237305], [-16.719411849975586, 12.726363182067871], [-16.723711013793945, 12.72840404510498], [-16.736675262451172, 12.734556198120117], [-16.74188995361328, 12.737678527832031], [-16.745656967163086, 12.738530158996582], [-16.749385833740234, 12.737541198730469], [-16.7587890625, 12.727014541625977], [-16.769895553588867, 12.70771312713623], [-16.775407791137695, 12.69263744354248]]}, "properties": {"name": "Temporary stream", "type": "Temporary stream", "couleur": "#90CAF9"}}, {"type": "Feature", "geometry": {"type": "LineString", "coordinates": [[-16.780561447143555, 12.704719543457031], [-16.775407791137695, 12.69263744354248]]}, "properties": {"name": "Temporary stream", "type": "Temporary stream", "couleur": "#90CAF9"}}, {"type": "Feature", "geometry": {"type": "LineString", "coordinates": [[-13.474527359008789, 12.78073787689209], [-13.466995239257812, 12.776189804077148], [-13.46529769897461, 12.768150329589844], [-13.46733570098877, 12.751139640808105], [-13.47250747680664, 12.745559692382812], [-13.466765403747559, 12.72658634185791], [-13.468168258666992, 12.72333812713623], [-13.47105884552002, 12.722569465637207], [-13.477149963378906, 12.722526550292969], [-13.47899055480957, 12.717913627624512], [-13.47517204284668, 12.708279609680176], [-13.476029396057129, 12.697232246398926], [-13.472257614135742, 12.691656112670898]]}, "properties": {"name": "Temporary stream", "type": "Temporary stream", "couleur": "#90CAF9"}}, {"type": "Feature", "geometry": {"type": "LineString", "coordinates": [[-16.49917221069336, 12.694503784179688], [-16.5087833404541, 12.689677238464355], [-16.518632888793945, 12.690193176269531], [-16.538984298706055, 12.701104164123535], [-16.54226303100586, 12.701045989990234], [-16.54620361328125, 12.698675155639648], [-16.549522399902344, 12.688263893127441], [-16.552255630493164, 12.684074401855469], [-16.555070877075195, 12.684253692626953], [-16.565916061401367, 12.692828178405762]]}, "properties": {"name": "Temporary stream", "type": "Temporary stream", "couleur": "#90CAF9"}}, {"type": "Feature", "geometry": {"type": "LineString", "coordinates": [[-14.640469551086426, 12.750992774963379], [-14.638768196105957, 12.745720863342285], [-14.640018463134766, 12.732135772705078], [-14.64348030090332, 12.727726936340332], [-14.641081809997559, 12.722923278808594], [-14.638097763061523, 12.708003997802734], [-14.630922317504883, 12.695201873779297], [-14.61258316040039, 12.682238578796387]]}, "properties": {"name": "Temporary stream", "type": "Temporary stream", "couleur": "#90CAF9"}}, {"type": "Feature", "geometry": {"type": "LineString", "coordinates": [[-12.141012191772461, 12.700007438659668], [-12.143593788146973, 12.702073097229004], [-12.1487455368042, 12.701372146606445], [-12.160210609436035, 12.695596694946289], [-12.172866821289062, 12.698099136352539], [-12.175201416015625, 12.695103645324707], [-12.175890922546387, 12.689581871032715], [-12.169778823852539, 12.680624961853027], [-12.1735200881958, 12.678086280822754], [-12.1791410446167, 12.677844047546387], [-12.186644554138184, 12.680816650390625], [-12.190401077270508, 12.684258460998535], [-12.193942070007324, 12.695292472839355], [-12.203072547912598, 12.69320011138916], [-12.210570335388184, 12.693872451782227], [-12.215733528137207, 12.697310447692871]]}, "properties": {"name": "Gambia river", "type": "Main river", "couleur": "#1565C0"}}, {"type": "Feature", "geometry": {"type": "LineString", "coordinates": [[-14.710640907287598, 12.720767974853516], [-14.734533309936523, 12.700715065002441], [-14.751765251159668, 12.692008018493652], [-14.767128944396973, 12.677785873413086]]}, "properties": {"name": "Temporary stream", "type": "Temporary stream", "couleur": "#90CAF9"}}, {"type": "Feature", "geometry": {"type": "LineString", "coordinates": [[-14.70128345489502, 12.677651405334473], [-14.704418182373047, 12.689784049987793], [-14.704343795776367, 12.703356742858887], [-14.709371566772461, 12.712501525878906], [-14.710640907287598, 12.720767974853516]]}, "properties": {"name": "Temporary stream", "type": "Temporary stream", "couleur": "#90CAF9"}}, {"type": "Feature", "geometry": {"type": "LineString", "coordinates": [[-13.821087837219238, 12.677133560180664], [-13.835806846618652, 12.692000389099121], [-13.838374137878418, 12.692816734313965], [-13.842853546142578, 12.694241523742676], [-13.851755142211914, 12.694169998168945], [-13.876072883605957, 12.688908576965332], [-13.895073890686035, 12.691970825195312], [-13.905651092529297, 12.696022033691406], [-13.931315422058105, 12.710526466369629], [-13.94776725769043, 12.7163667678833]]}, "properties": {"name": "Temporary stream", "type": "Temporary stream", "couleur": "#90CAF9"}}, {"type": "Feature", "geometry": {"type": "LineString", "coordinates": [[-13.94776725769043, 12.7163667678833], [-13.962995529174805, 12.716465950012207], [-13.96860408782959, 12.714808464050293], [-13.995162010192871, 12.69847583770752], [-14.005428314208984, 12.694016456604004], [-14.020474433898926, 12.6771240234375]]}, "properties": {"name": "Temporary stream", "type": "Temporary stream", "couleur": "#90CAF9"}}, {"type": "Feature", "geometry": {"type": "LineString", "coordinates": [[-14.44362735748291, 12.724346160888672], [-14.45281982421875, 12.71113395690918], [-14.453898429870605, 12.702610969543457], [-14.45076847076416, 12.694823265075684], [-14.43609619140625, 12.681172370910645], [-14.43344783782959, 12.676868438720703]]}, "properties": {"name": "Temporary stream", "type": "Temporary stream", "couleur": "#90CAF9"}}, {"type": "Feature", "geometry": {"type": "LineString", "coordinates": [[-14.293205261230469, 12.727002143859863], [-14.304343223571777, 12.716541290283203], [-14.310199737548828, 12.716484069824219], [-14.314674377441406, 12.718740463256836], [-14.317014694213867, 12.718486785888672], [-14.323036193847656, 12.711756706237793], [-14.330998420715332, 12.711448669433594], [-14.332855224609375, 12.709819793701172], [-14.33394718170166, 12.702218055725098], [-14.338367462158203, 12.699183464050293], [-14.339499473571777, 12.695491790771484], [-14.334163665771484, 12.67806339263916], [-14.334773063659668, 12.676521301269531]]}, "properties": {"name": "Temporary stream", "type": "Temporary stream", "couleur": "#90CAF9"}}, {"type": "Feature", "geometry": {"type": "LineString", "coordinates": [[-11.783073425292969, 12.702836036682129], [-11.776965141296387, 12.685589790344238], [-11.771336555480957, 12.678924560546875], [-11.765243530273438, 12.676399230957031], [-11.744633674621582, 12.679173469543457], [-11.727299690246582, 12.678495407104492], [-11.720742225646973, 12.680109977722168], [-11.713484764099121, 12.685173988342285], [-11.687019348144531, 12.690709114074707], [-11.673808097839355, 12.694975852966309], [-11.671327590942383, 12.695775985717773], [-11.66289234161377, 12.69163990020752], [-11.650944709777832, 12.688884735107422], [-11.643214225769043, 12.690497398376465], [-11.638999938964844, 12.694178581237793], [-11.62682056427002, 12.698322296142578], [-11.612066268920898, 12.707527160644531], [-11.603870391845703, 12.71557903289795], [-11.59965705871582, 12.727310180664062], [-11.602472305297852, 12.740191459655762], [-11.601536750793457, 12.743410110473633], [-11.592398643493652, 12.741341590881348], [-11.588650703430176, 12.74249267578125], [-11.584808349609375, 12.747259140014648], [-11.584199905395508, 12.74801254272461], [-11.580920219421387, 12.748933792114258], [-11.572956085205078, 12.75560474395752], [-11.559133529663086, 12.762045860290527], [-11.532422065734863, 12.765955924987793], [-11.529845237731934, 12.768256187438965], [-11.532892227172852, 12.773776054382324], [-11.532892227172852, 12.778146743774414], [-11.522582054138184, 12.788955688476562], [-11.5211763381958, 12.799765586853027], [-11.513677597045898, 12.81241512298584], [-11.513678550720215, 12.817015647888184]]}, "properties": {"name": "Temporary stream", "type": "Temporary stream", "couleur": "#90CAF9"}}, {"type": "Feature", "geometry": {"type": "LineString", "coordinates": [[-13.616414070129395, 12.675337791442871], [-13.640228271484375, 12.695137023925781], [-13.656447410583496, 12.70214557647705], [-13.662816047668457, 12.707618713378906], [-13.665291786193848, 12.71291732788086], [-13.669719696044922, 12.721536636352539], [-13.673583984375, 12.74005126953125]]}, "properties": {"name": "Temporary stream", "type": "Temporary stream", "couleur": "#90CAF9"}}, {"type": "Feature", "geometry": {"type": "LineString", "coordinates": [[-14.08677864074707, 12.675233840942383], [-14.086776733398438, 12.675809860229492], [-14.088228225708008, 12.680627822875977], [-14.08619499206543, 12.688467025756836], [-14.080446243286133, 12.699790000915527], [-14.07957935333252, 12.707158088684082], [-14.073142051696777, 12.720097541809082], [-14.07349967956543, 12.726998329162598]]}, "properties": {"name": "Temporary stream", "type": "Temporary stream", "couleur": "#90CAF9"}}, {"type": "Feature", "geometry": {"type": "LineString", "coordinates": [[-13.472257614135742, 12.691656112670898], [-13.467597007751465, 12.698321342468262], [-13.458647727966309, 12.70298957824707], [-13.45345687866211, 12.703474044799805], [-13.448254585266113, 12.700714111328125], [-13.448221206665039, 12.692375183105469], [-13.443955421447754, 12.687758445739746], [-13.437334060668945, 12.684077262878418], [-13.429734230041504, 12.67159652709961], [-13.42359447479248, 12.670230865478516]]}, "properties": {"name": "Temporary stream", "type": "Temporary stream", "couleur": "#90CAF9"}}, {"type": "Feature", "geometry": {"type": "LineString", "coordinates": [[-16.565916061401367, 12.692828178405762], [-16.5750789642334, 12.676763534545898], [-16.57377815246582, 12.669885635375977]]}, "properties": {"name": "Temporary stream", "type": "Temporary stream", "couleur": "#90CAF9"}}, {"type": "Feature", "geometry": {"type": "LineString", "coordinates": [[-16.49917221069336, 12.694503784179688], [-16.496646881103516, 12.70484447479248], [-16.491199493408203, 12.714372634887695], [-16.485105514526367, 12.714249610900879], [-16.485462188720703, 12.70826244354248], [-16.491382598876953, 12.698955535888672], [-16.489620208740234, 12.692316055297852], [-16.48583221435547, 12.690082550048828], [-16.483396530151367, 12.685063362121582], [-16.487552642822266, 12.681769371032715], [-16.488889694213867, 12.678065299987793], [-16.482023239135742, 12.67404556274414], [-16.476848602294922, 12.672986030578613], [-16.4735107421875, 12.669824600219727], [-16.467016220092773, 12.67338752746582], [-16.462505340576172, 12.682899475097656], [-16.458009719848633, 12.680448532104492], [-16.452953338623047, 12.672945022583008]]}, "properties": {"name": "Temporary stream", "type": "Temporary stream", "couleur": "#90CAF9"}}, {"type": "Feature", "geometry": {"type": "LineString", "coordinates": [[-13.472257614135742, 12.691656112670898], [-13.47476863861084, 12.685050010681152], [-13.487601280212402, 12.678060531616211], [-13.497091293334961, 12.669028282165527]]}, "properties": {"name": "Temporary stream", "type": "Temporary stream", "couleur": "#90CAF9"}}, {"type": "Feature", "geometry": {"type": "LineString", "coordinates": [[-16.594947814941406, 12.667293548583984], [-16.588960647583008, 12.67996597290039], [-16.57765769958496, 12.689371109008789], [-16.574464797973633, 12.694028854370117], [-16.570964813232422, 12.694782257080078], [-16.565916061401367, 12.692828178405762]]}, "properties": {"name": "Temporary stream", "type": "Temporary stream", "couleur": "#90CAF9"}}, {"type": "Feature", "geometry": {"type": "LineString", "coordinates": [[-16.594947814941406, 12.667293548583984], [-16.589630126953125, 12.665690422058105], [-16.58383560180664, 12.669015884399414], [-16.579130172729492, 12.667949676513672], [-16.57377815246582, 12.669885635375977]]}, "properties": {"name": "Temporary stream", "type": "Temporary stream", "couleur": "#90CAF9"}}, {"type": "Feature", "geometry": {"type": "LineString", "coordinates": [[-13.42359447479248, 12.670230865478516], [-13.424680709838867, 12.664191246032715]]}, "properties": {"name": "Temporary stream", "type": "Temporary stream", "couleur": "#90CAF9"}}, {"type": "Feature", "geometry": {"type": "LineString", "coordinates": [[-12.217601776123047, 12.695466041564941], [-12.232368469238281, 12.698650360107422], [-12.241026878356934, 12.695178985595703], [-12.26697826385498, 12.677172660827637], [-12.292471885681152, 12.664225578308105], [-12.29973316192627, 12.663975715637207], [-12.305359840393066, 12.665801048278809]]}, "properties": {"name": "Temporary stream", "type": "Temporary stream", "couleur": "#90CAF9"}}, {"type": "Feature", "geometry": {"type": "LineString", "coordinates": [[-11.435201644897461, 12.695550918579102], [-11.440823554992676, 12.698772430419922], [-11.442697525024414, 12.697163581848145], [-11.44527816772461, 12.682903289794922], [-11.451603889465332, 12.674395561218262], [-11.452086448669434, 12.6666841506958], [-11.452309608459473, 12.663125038146973]]}, "properties": {"name": "Faleme", "type": "Secondary river", "couleur": "#1976D2"}}, {"type": "Feature", "geometry": {"type": "LineString", "coordinates": [[-11.43115234375, 12.659626960754395], [-11.433806419372559, 12.661738395690918], [-11.442176818847656, 12.66111946105957], [-11.449264526367188, 12.66059398651123], [-11.452309608459473, 12.663125038146973]]}, "properties": {"name": "Faleme", "type": "Secondary river", "couleur": "#1976D2"}}, {"type": "Feature", "geometry": {"type": "LineString", "coordinates": [[-15.23691177368164, 12.658440589904785], [-15.252174377441406, 12.659163475036621], [-15.254731178283691, 12.65774917602539], [-15.292911529541016, 12.657702445983887], [-15.307527542114258, 12.664407730102539], [-15.316753387451172, 12.67072582244873], [-15.318155288696289, 12.670476913452148], [-15.319592475891113, 12.672758102416992], [-15.33084487915039, 12.673295974731445], [-15.341391563415527, 12.672050476074219], [-15.352828025817871, 12.670698165893555]]}, "properties": {"name": "Temporary stream", "type": "Temporary stream", "couleur": "#90CAF9"}}, {"type": "Feature", "geometry": {"type": "LineString", "coordinates": [[-16.593107223510742, 12.7509765625], [-16.596261978149414, 12.744248390197754], [-16.60334587097168, 12.734688758850098], [-16.620962142944336, 12.724478721618652], [-16.625391006469727, 12.723247528076172], [-16.634113311767578, 12.713658332824707], [-16.63606834411621, 12.705571174621582], [-16.636474609375, 12.689920425415039], [-16.63345718383789, 12.666740417480469], [-16.623889923095703, 12.656331062316895]]}, "properties": {"name": "Temporary stream", "type": "Temporary stream", "couleur": "#90CAF9"}}, {"type": "Feature", "geometry": {"type": "LineString", "coordinates": [[-12.650568962097168, 12.655916213989258], [-12.679919242858887, 12.672821044921875], [-12.692865371704102, 12.68725872039795], [-12.7011079788208, 12.697345733642578], [-12.704181671142578, 12.70377254486084]]}, "properties": {"name": "Temporary stream", "type": "Temporary stream", "couleur": "#90CAF9"}}, {"type": "Feature", "geometry": {"type": "LineString", "coordinates": [[-15.980109214782715, 12.651700019836426], [-15.986685752868652, 12.66828727722168], [-15.988851547241211, 12.671703338623047], [-15.995017051696777, 12.676206588745117], [-16.018882751464844, 12.68847942352295], [-16.019929885864258, 12.695134162902832], [-16.013797760009766, 12.720766067504883], [-16.02449607849121, 12.744061470031738], [-16.022480010986328, 12.749612808227539], [-16.018569946289062, 12.754046440124512], [-16.01205825805664, 12.758004188537598], [-16.003026962280273, 12.763495445251465], [-15.99665355682373, 12.77486801147461], [-15.993956565856934, 12.781811714172363], [-15.993186950683594, 12.791945457458496], [-16.003164291381836, 12.81410026550293], [-16.001853942871094, 12.81987190246582], [-15.997538566589355, 12.828222274780273], [-15.987395286560059, 12.83850383758545], [-15.975563049316406, 12.86008358001709], [-15.976149559020996, 12.867205619812012], [-15.979052543640137, 12.872679710388184], [-15.978509902954102, 12.882349967956543], [-15.975038528442383, 12.885165214538574], [-15.966110229492188, 12.883925437927246], [-15.957562446594238, 12.877388954162598], [-15.95214557647705, 12.875864028930664], [-15.942770004272461, 12.87601089477539], [-15.92992115020752, 12.878742218017578], [-15.92364501953125, 12.882060050964355], [-15.919747352600098, 12.887411117553711], [-15.919953346252441, 12.900059700012207], [-15.922402381896973, 12.906462669372559], [-15.935026168823242, 12.91845703125], [-15.937505722045898, 12.926698684692383], [-15.935826301574707, 12.932835578918457], [-15.929019927978516, 12.938332557678223], [-15.921982765197754, 12.938212394714355], [-15.902717590332031, 12.921489715576172], [-15.896819114685059, 12.919281005859375], [-15.889556884765625, 12.919623374938965], [-15.88279914855957, 12.922258377075195], [-15.87795352935791, 12.927163124084473], [-15.876733779907227, 12.938684463500977], [-15.871419906616211, 12.943595886230469], [-15.863259315490723, 12.946480751037598], [-15.857386589050293, 12.945881843566895], [-15.849703788757324, 12.934727668762207], [-15.843750953674316, 12.929068565368652], [-15.840291976928711, 12.927635192871094], [-15.835724830627441, 12.925741195678711], [-15.826798439025879, 12.924727439880371], [-15.813765525817871, 12.930906295776367], [-15.809311866760254, 12.930974006652832], [-15.804766654968262, 12.925292015075684], [-15.800052642822266, 12.923752784729004], [-15.79278564453125, 12.923863410949707], [-15.7853422164917, 12.927656173706055], [-15.780034065246582, 12.933026313781738], [-15.777153968811035, 12.943650245666504], [-15.779038429260254, 12.959033966064453], [-15.776817321777344, 12.966887474060059], [-15.773805618286133, 12.969234466552734], [-15.758543968200684, 12.968082427978516], [-15.75285816192627, 12.966282844543457], [-15.746052742004395, 12.964129447937012], [-15.728659629821777, 12.961627960205078], [-15.722336769104004, 12.962182998657227], [-15.71838665008545, 12.9645414352417], [-15.714256286621094, 12.970353126525879], [-15.708216667175293, 12.974123001098633], [-15.701602935791016, 12.986181259155273], [-15.69444465637207, 12.993417739868164], [-15.689080238342285, 12.995336532592773], [-15.684610366821289, 12.99448299407959], [-15.675576210021973, 12.986565589904785], [-15.663615226745605, 12.971329689025879], [-15.659167289733887, 12.971855163574219], [-15.656634330749512, 12.974882125854492], [-15.65534496307373, 12.978758811950684], [-15.65394401550293, 12.982972145080566], [-15.649772644042969, 12.986252784729004], [-15.6331205368042, 12.986266136169434], [-15.628449440002441, 12.987483978271484], [-15.618041038513184, 12.997065544128418]]}, "properties": {"name": "Casamance", "type": "Main river", "couleur": "#1565C0"}}, {"type": "Feature", "geometry": {"type": "LineString", "coordinates": [[-13.42359447479248, 12.670230865478516], [-13.417312622070312, 12.67577838897705], [-13.41218090057373, 12.678801536560059], [-13.4006929397583, 12.677268028259277], [-13.395787239074707, 12.68052864074707], [-13.381353378295898, 12.692116737365723], [-13.371045112609863, 12.691953659057617], [-13.360477447509766, 12.688112258911133], [-13.353412628173828, 12.682637214660645], [-13.351409912109375, 12.676983833312988], [-13.350913047790527, 12.659651756286621], [-13.350168228149414, 12.65344524383545], [-13.34631061553955, 12.64970588684082]]}, "properties": {"name": "Temporary stream", "type": "Temporary stream", "couleur": "#90CAF9"}}, {"type": "Feature", "geometry": {"type": "LineString", "coordinates": [[-13.27818775177002, 12.74935531616211], [-13.262578010559082, 12.726909637451172], [-13.254514694213867, 12.71177864074707], [-13.255206108093262, 12.673819541931152], [-13.26301097869873, 12.649161338806152]]}, "properties": {"name": "Temporary stream", "type": "Temporary stream", "couleur": "#90CAF9"}}, {"type": "Feature", "geometry": {"type": "LineString", "coordinates": [[-15.352828025817871, 12.670698165893555], [-15.367718696594238, 12.663595199584961], [-15.380144119262695, 12.664345741271973], [-15.396000862121582, 12.659297943115234], [-15.409339904785156, 12.658424377441406], [-15.466721534729004, 12.657858848571777], [-15.46756362915039, 12.658031463623047], [-15.473064422607422, 12.659151077270508], [-15.480660438537598, 12.665945053100586], [-15.484869003295898, 12.665426254272461], [-15.486851692199707, 12.65688705444336], [-15.48937702178955, 12.653401374816895], [-15.493582725524902, 12.6526517868042], [-15.499239921569824, 12.655102729797363], [-15.50321102142334, 12.654356002807617], [-15.512022018432617, 12.6482515335083]]}, "properties": {"name": "Temporary stream", "type": "Temporary stream", "couleur": "#90CAF9"}}, {"type": "Feature", "geometry": {"type": "LineString", "coordinates": [[-15.512022018432617, 12.6482515335083], [-15.51345157623291, 12.64984130859375], [-15.524953842163086, 12.651518821716309], [-15.529696464538574, 12.655362129211426], [-15.531155586242676, 12.659022331237793], [-15.52534294128418, 12.67773723602295], [-15.527607917785645, 12.688286781311035], [-15.54491138458252, 12.717485427856445], [-15.54716682434082, 12.72734546661377], [-15.54335880279541, 12.754773139953613], [-15.542656898498535, 12.755542755126953], [-15.53528881072998, 12.763628959655762], [-15.534165382385254, 12.766865730285645], [-15.542801856994629, 12.780314445495605], [-15.54052734375, 12.784947395324707], [-15.534238815307617, 12.787567138671875], [-15.518306732177734, 12.787793159484863], [-15.505328178405762, 12.781765937805176], [-15.500635147094727, 12.7813720703125], [-15.460979461669922, 12.793889045715332], [-15.454959869384766, 12.799033164978027], [-15.454717636108398, 12.800398826599121], [-15.451927185058594, 12.816097259521484], [-15.44894790649414, 12.820738792419434], [-15.443106651306152, 12.82197093963623], [-15.43886947631836, 12.820649147033691], [-15.423473358154297, 12.809590339660645], [-15.405301094055176, 12.800869941711426], [-15.397528648376465, 12.798216819763184], [-15.394261360168457, 12.79918098449707], [-15.389410018920898, 12.804078102111816], [-15.387640953063965, 12.811463356018066], [-15.39112663269043, 12.825676918029785], [-15.389780044555664, 12.829835891723633], [-15.386317253112793, 12.833563804626465], [-15.380913734436035, 12.837091445922852], [-15.379118919372559, 12.838262557983398], [-15.370243072509766, 12.8404541015625], [-15.348135948181152, 12.851795196533203], [-15.325161933898926, 12.851645469665527], [-15.317453384399414, 12.853589057922363]]}, "properties": {"name": "Casamance", "type": "Main river", "couleur": "#1565C0"}}, {"type": "Feature", "geometry": {"type": "LineString", "coordinates": [[-15.980109214782715, 12.651700019836426], [-15.97017765045166, 12.651007652282715], [-15.963800430297852, 12.647645950317383], [-15.960531234741211, 12.650940895080566], [-15.959845542907715, 12.658123970031738], [-15.95142936706543, 12.655266761779785], [-15.95046615600586, 12.656140327453613], [-15.94709300994873, 12.658956527709961], [-15.942495346069336, 12.659090995788574], [-15.935416221618652, 12.655981063842773], [-15.933176040649414, 12.662227630615234], [-15.937081336975098, 12.671828269958496], [-15.935290336608887, 12.67691707611084], [-15.932064056396484, 12.680188179016113], [-15.926870346069336, 12.677739143371582], [-15.92431640625, 12.679159164428711], [-15.920125961303711, 12.695096969604492], [-15.900655746459961, 12.708051681518555], [-15.894335746765137, 12.708379745483398], [-15.889847755432129, 12.706149101257324], [-15.876017570495605, 12.705673217773438], [-15.866314888000488, 12.701859474182129], [-15.839447975158691, 12.704394340515137], [-15.82103157043457, 12.710195541381836], [-15.816642761230469, 12.714173316955566], [-15.813945770263672, 12.721345901489258], [-15.816672325134277, 12.7479829788208]]}, "properties": {"name": "Temporary stream", "type": "Temporary stream", "couleur": "#90CAF9"}}, {"type": "Feature", "geometry": {"type": "LineString", "coordinates": [[-13.26301097869873, 12.649161338806152], [-13.274955749511719, 12.649087905883789], [-13.287859916687012, 12.652459144592285], [-13.290665626525879, 12.651752471923828], [-13.295316696166992, 12.646661758422852], [-13.297422409057617, 12.646418571472168]]}, "properties": {"name": "Temporary stream", "type": "Temporary stream", "couleur": "#90CAF9"}}, {"type": "Feature", "geometry": {"type": "LineString", "coordinates": [[-12.107151985168457, 12.64211368560791], [-12.106481552124023, 12.656837463378906], [-12.1088285446167, 12.659591674804688], [-12.114453315734863, 12.660730361938477], [-12.117973327636719, 12.663483619689941], [-12.123385429382324, 12.674283027648926], [-12.136975288391113, 12.673188209533691], [-12.137699127197266, 12.685523986816406], [-12.142626762390137, 12.689193725585938], [-12.143107414245605, 12.694252967834473], [-12.141012191772461, 12.700007438659668]]}, "properties": {"name": "Gambia river", "type": "Main river", "couleur": "#1565C0"}}, {"type": "Feature", "geometry": {"type": "LineString", "coordinates": [[-16.623889923095703, 12.656331062316895], [-16.634910583496094, 12.641766548156738]]}, "properties": {"name": "Temporary stream", "type": "Temporary stream", "couleur": "#90CAF9"}}, {"type": "Feature", "geometry": {"type": "LineString", "coordinates": [[-16.634910583496094, 12.641766548156738], [-16.64470863342285, 12.666996002197266], [-16.64386749267578, 12.672072410583496], [-16.645891189575195, 12.692279815673828], [-16.647449493408203, 12.70030403137207], [-16.649127960205078, 12.702343940734863], [-16.6475772857666, 12.719395637512207], [-16.640073776245117, 12.731493949890137], [-16.632461547851562, 12.737844467163086], [-16.623613357543945, 12.740764617919922], [-16.611610412597656, 12.737991333007812], [-16.61094093322754, 12.738546371459961], [-16.60538101196289, 12.7431640625], [-16.603801727294922, 12.746413230895996], [-16.599966049194336, 12.766725540161133], [-16.60146713256836, 12.771760940551758], [-16.596904754638672, 12.790936470031738], [-16.59637451171875, 12.812569618225098], [-16.592008590698242, 12.829670906066895], [-16.58590316772461, 12.841512680053711], [-16.585968017578125, 12.844963073730469], [-16.58258056640625, 12.851924896240234], [-16.58466148376465, 12.857995986938477], [-16.588533401489258, 12.869300842285156], [-16.587526321411133, 12.878060340881348], [-16.582794189453125, 12.888266563415527], [-16.5824031829834, 12.892414093017578], [-16.584373474121094, 12.897439956665039], [-16.592226028442383, 12.903510093688965], [-16.600950241088867, 12.906113624572754], [-16.611841201782227, 12.911667823791504], [-16.625232696533203, 12.937881469726562], [-16.630233764648438, 12.941930770874023], [-16.642953872680664, 12.944920539855957], [-16.647008895874023, 12.948527336120605]]}, "properties": {"name": "Temporary stream", "type": "Temporary stream", "couleur": "#90CAF9"}}, {"type": "Feature", "geometry": {"type": "LineString", "coordinates": [[-13.324087142944336, 12.641719818115234], [-13.304656982421875, 12.642463684082031], [-13.297422409057617, 12.646418571472168]]}, "properties": {"name": "Temporary stream", "type": "Temporary stream", "couleur": "#90CAF9"}}, {"type": "Feature", "geometry": {"type": "LineString", "coordinates": [[-13.324087142944336, 12.641719818115234], [-13.333245277404785, 12.644606590270996], [-13.336015701293945, 12.652118682861328], [-13.338541030883789, 12.654804229736328], [-13.342310905456543, 12.65389347076416], [-13.34631061553955, 12.64970588684082]]}, "properties": {"name": "Temporary stream", "type": "Temporary stream", "couleur": "#90CAF9"}}, {"type": "Feature", "geometry": {"type": "LineString", "coordinates": [[-16.5021915435791, 12.63711166381836], [-16.49911117553711, 12.647978782653809], [-16.49278450012207, 12.660512924194336], [-16.5002498626709, 12.684307098388672], [-16.49917221069336, 12.694503784179688]]}, "properties": {"name": "Temporary stream", "type": "Temporary stream", "couleur": "#90CAF9"}}, {"type": "Feature", "geometry": {"type": "LineString", "coordinates": [[-12.444856643676758, 12.636178016662598], [-12.432256698608398, 12.650018692016602], [-12.42361068725586, 12.65579605102539], [-12.408852577209473, 12.655152320861816], [-12.400164604187012, 12.648508071899414], [-12.373922348022461, 12.645366668701172], [-12.367364883422852, 12.645384788513184], [-12.356602668762207, 12.64909553527832], [-12.34415054321289, 12.65596866607666]]}, "properties": {"name": "Temporary stream", "type": "Temporary stream", "couleur": "#90CAF9"}}, {"type": "Feature", "geometry": {"type": "LineString", "coordinates": [[-12.537373542785645, 12.700040817260742], [-12.532902717590332, 12.694536209106445], [-12.5281400680542, 12.67385196685791], [-12.525781631469727, 12.669719696044922], [-12.521321296691895, 12.666975021362305], [-12.500941276550293, 12.66635513305664], [-12.49202823638916, 12.662934303283691], [-12.479813575744629, 12.653315544128418], [-12.46901798248291, 12.647141456604004], [-12.444856643676758, 12.636178016662598]]}, "properties": {"name": "Temporary stream", "type": "Temporary stream", "couleur": "#90CAF9"}}, {"type": "Feature", "geometry": {"type": "LineString", "coordinates": [[-16.452953338623047, 12.672945022583008], [-16.455951690673828, 12.67036247253418], [-16.461576461791992, 12.670494079589844], [-16.466693878173828, 12.668563842773438], [-16.473857879638672, 12.66314697265625], [-16.482112884521484, 12.66622257232666], [-16.48497772216797, 12.65470027923584], [-16.48604965209961, 12.650970458984375], [-16.48736000061035, 12.645885467529297], [-16.49420738220215, 12.636024475097656]]}, "properties": {"name": "Temporary stream", "type": "Temporary stream", "couleur": "#90CAF9"}}, {"type": "Feature", "geometry": {"type": "LineString", "coordinates": [[-16.5021915435791, 12.63711166381836], [-16.49420738220215, 12.636024475097656]]}, "properties": {"name": "Temporary stream", "type": "Temporary stream", "couleur": "#90CAF9"}}, {"type": "Feature", "geometry": {"type": "LineString", "coordinates": [[-12.583309173583984, 12.70516586303711], [-12.584476470947266, 12.704240798950195], [-12.584692001342773, 12.699410438537598], [-12.579977989196777, 12.692296981811523], [-12.592363357543945, 12.684660911560059], [-12.599327087402344, 12.668993949890137], [-12.599525451660156, 12.660022735595703], [-12.59643268585205, 12.648073196411133], [-12.590302467346191, 12.63774585723877], [-12.587014198303223, 12.635457038879395]]}, "properties": {"name": "Temporary stream", "type": "Temporary stream", "couleur": "#90CAF9"}}, {"type": "Feature", "geometry": {"type": "LineString", "coordinates": [[-11.583230972290039, 12.627257347106934], [-11.568242073059082, 12.626108169555664], [-11.545056343078613, 12.621968269348145], [-11.536913871765137, 12.623273849487305], [-11.533581733703613, 12.623808860778809], [-11.514612197875977, 12.632087707519531], [-11.510396003723145, 12.631627082824707], [-11.492130279541016, 12.620122909545898], [-11.488851547241211, 12.620352745056152], [-11.484635353088379, 12.62472152709961], [-11.479950904846191, 12.633001327514648], [-11.467771530151367, 12.638518333435059], [-11.461447715759277, 12.645647048950195], [-11.45676040649414, 12.659446716308594], [-11.452309608459473, 12.663125038146973]]}, "properties": {"name": "Temporary stream", "type": "Temporary stream", "couleur": "#90CAF9"}}, {"type": "Feature", "geometry": {"type": "LineString", "coordinates": [[-12.932568550109863, 12.655817031860352], [-12.980539321899414, 12.64775562286377], [-13.023774147033691, 12.63074016571045], [-13.044119834899902, 12.625572204589844], [-13.05530071258545, 12.62000560760498], [-13.056730270385742, 12.619293212890625]]}, "properties": {"name": "Temporary stream", "type": "Temporary stream", "couleur": "#90CAF9"}}, {"type": "Feature", "geometry": {"type": "LineString", "coordinates": [[-13.26301097869873, 12.649161338806152], [-13.247055053710938, 12.644658088684082], [-13.237188339233398, 12.639887809753418], [-13.232970237731934, 12.63968276977539], [-13.221549034118652, 12.648262023925781], [-13.21335506439209, 12.648770332336426], [-13.210763931274414, 12.646486282348633], [-13.20909595489502, 12.641895294189453], [-13.19711971282959, 12.636905670166016], [-13.187694549560547, 12.62775993347168], [-13.184650421142578, 12.627778053283691], [-13.17955207824707, 12.636548042297363], [-13.171835899353027, 12.638663291931152], [-13.153532028198242, 12.63964557647705], [-13.152636528015137, 12.639693260192871], [-13.145113945007324, 12.634905815124512], [-13.13906478881836, 12.641611099243164], [-13.134151458740234, 12.642328262329102], [-13.119118690490723, 12.635052680969238], [-13.110918045043945, 12.634408950805664], [-13.10276985168457, 12.628339767456055], [-13.100802421569824, 12.626873970031738], [-13.097283363342285, 12.625743865966797], [-13.087940216064453, 12.629935264587402], [-13.08003044128418, 12.639179229736328], [-13.077692985534668, 12.63988208770752], [-13.073472023010254, 12.638984680175781], [-13.065428733825684, 12.624998092651367], [-13.056730270385742, 12.619293212890625]]}, "properties": {"name": "Temporary stream", "type": "Temporary stream", "couleur": "#90CAF9"}}, {"type": "Feature", "geometry": {"type": "LineString", "coordinates": [[-11.431310653686523, 12.614814758300781], [-11.418595314025879, 12.621018409729004], [-11.41437816619873, 12.626306533813477], [-11.416280746459961, 12.631782531738281], [-11.423971176147461, 12.653912544250488], [-11.43115234375, 12.659626960754395]]}, "properties": {"name": "Faleme", "type": "Secondary river", "couleur": "#1976D2"}}, {"type": "Feature", "geometry": {"type": "LineString", "coordinates": [[-11.431314468383789, 12.613856315612793], [-11.431310653686523, 12.614814758300781]]}, "properties": {"name": "Temporary stream", "type": "Temporary stream", "couleur": "#90CAF9"}}, {"type": "Feature", "geometry": {"type": "LineString", "coordinates": [[-16.164743423461914, 12.743121147155762], [-16.16534996032715, 12.73188591003418], [-16.16236114501953, 12.721583366394043], [-16.161945343017578, 12.707125663757324], [-16.16571044921875, 12.680949211120605], [-16.163158416748047, 12.662516593933105], [-16.1690616607666, 12.648088455200195], [-16.16819190979004, 12.63844108581543], [-16.17041015625, 12.63127326965332], [-16.17822265625, 12.62240219116211], [-16.182968139648438, 12.612431526184082]]}, "properties": {"name": "Temporary stream", "type": "Temporary stream", "couleur": "#90CAF9"}}, {"type": "Feature", "geometry": {"type": "LineString", "coordinates": [[-11.658868789672852, 12.616426467895508], [-11.643878936767578, 12.613441467285156], [-11.62561321258545, 12.612988471984863], [-11.617181777954102, 12.610228538513184], [-11.591190338134766, 12.61805534362793], [-11.583230972290039, 12.627257347106934]]}, "properties": {"name": "Temporary stream", "type": "Temporary stream", "couleur": "#90CAF9"}}, {"type": "Feature", "geometry": {"type": "LineString", "coordinates": [[-12.01785945892334, 12.609384536743164], [-12.005971908569336, 12.640227317810059], [-12.002257347106934, 12.658404350280762], [-11.990358352661133, 12.684414863586426]]}, "properties": {"name": "Temporary stream", "type": "Temporary stream", "couleur": "#90CAF9"}}, {"type": "Feature", "geometry": {"type": "LineString", "coordinates": [[-11.431333541870117, 12.608383178710938], [-11.432181358337402, 12.61113452911377], [-11.431314468383789, 12.613856315612793]]}, "properties": {"name": "Faleme", "type": "Secondary river", "couleur": "#1976D2"}}, {"type": "Feature", "geometry": {"type": "LineString", "coordinates": [[-15.997876167297363, 12.833956718444824], [-16.004989624023438, 12.826908111572266], [-16.008651733398438, 12.819075584411621], [-16.008771896362305, 12.813236236572266], [-15.998380661010742, 12.792548179626465], [-15.996878623962402, 12.788436889648438], [-16.000205993652344, 12.777112007141113], [-16.00547981262207, 12.770127296447754], [-16.013111114501953, 12.76402473449707], [-16.024511337280273, 12.759012222290039], [-16.028419494628906, 12.754579544067383], [-16.0308780670166, 12.747408866882324], [-16.028308868408203, 12.733877182006836], [-16.022045135498047, 12.723625183105469], [-16.022279739379883, 12.709589958190918], [-16.02567481994629, 12.702404022216797], [-16.031448364257812, 12.697481155395508], [-16.04509925842285, 12.687140464782715], [-16.048269271850586, 12.680648803710938], [-16.03999137878418, 12.661917686462402], [-16.04132652282715, 12.657755851745605], [-16.051668167114258, 12.645857810974121], [-16.055444717407227, 12.633604049682617], [-16.058094024658203, 12.628790855407715], [-16.06172752380371, 12.6260404586792], [-16.06907081604004, 12.626394271850586], [-16.07810401916504, 12.63001823425293], [-16.103431701660156, 12.631908416748047], [-16.106929779052734, 12.630931854248047], [-16.115633010864258, 12.63309097290039], [-16.12681770324707, 12.629687309265137], [-16.131664276123047, 12.625467300415039], [-16.136903762817383, 12.616869926452637], [-16.139108657836914, 12.608782768249512], [-16.143030166625977, 12.605267524719238], [-16.156843185424805, 12.605040550231934], [-16.166475296020508, 12.606722831726074], [-16.170740127563477, 12.60964298248291], [-16.180469512939453, 12.611862182617188], [-16.182968139648438, 12.612431526184082]]}, "properties": {"name": "Casamance", "type": "Main river", "couleur": "#1565C0"}}, {"type": "Feature", "geometry": {"type": "LineString", "coordinates": [[-12.444856643676758, 12.636178016662598], [-12.429827690124512, 12.624494552612305], [-12.409910202026367, 12.621106147766113], [-12.388544082641602, 12.60414981842041]]}, "properties": {"name": "Temporary stream", "type": "Temporary stream", "couleur": "#90CAF9"}}, {"type": "Feature", "geometry": {"type": "LineString", "coordinates": [[-12.283419609069824, 12.624292373657227], [-12.276629447937012, 12.611132621765137], [-12.270524978637695, 12.60562801361084], [-12.263257026672363, 12.602656364440918], [-12.256235122680664, 12.603594779968262], [-12.251803398132324, 12.610276222229004], [-12.244598388671875, 12.630306243896484], [-12.244845390319824, 12.635135650634766], [-12.23972225189209, 12.64595890045166], [-12.237648010253906, 12.658384323120117], [-12.225071907043457, 12.68555736541748], [-12.217601776123047, 12.695466041564941]]}, "properties": {"name": "Temporary stream", "type": "Temporary stream", "couleur": "#90CAF9"}}, {"type": "Feature", "geometry": {"type": "LineString", "coordinates": [[-16.452953338623047, 12.672945022583008], [-16.444473266601562, 12.66711139678955], [-16.443391799926758, 12.662529945373535], [-16.439945220947266, 12.653387069702148], [-16.434078216552734, 12.652799606323242], [-16.429792404174805, 12.648963928222656], [-16.426843643188477, 12.641423225402832], [-16.418519973754883, 12.63443660736084], [-16.416061401367188, 12.628037452697754], [-16.41825294494629, 12.619717597961426], [-16.427751541137695, 12.60114860534668]]}, "properties": {"name": "Temporary stream", "type": "Temporary stream", "couleur": "#90CAF9"}}, {"type": "Feature", "geometry": {"type": "LineString", "coordinates": [[-16.24690055847168, 12.813270568847656], [-16.25234603881836, 12.810203552246094], [-16.272397994995117, 12.793435096740723], [-16.2794246673584, 12.7828950881958], [-16.28957748413086, 12.775177955627441], [-16.300901412963867, 12.764659881591797], [-16.31674575805664, 12.746606826782227], [-16.322322845458984, 12.743982315063477], [-16.329824447631836, 12.744084358215332], [-16.338626861572266, 12.75152587890625], [-16.34500503540039, 12.754406929016113], [-16.351783752441406, 12.753371238708496], [-16.357778549194336, 12.747977256774902], [-16.37127685546875, 12.729802131652832], [-16.380502700805664, 12.72159194946289], [-16.38815689086914, 12.717318534851074], [-16.3896427154541, 12.713398933410645], [-16.37997055053711, 12.705038070678711], [-16.37144660949707, 12.70012378692627], [-16.36973762512207, 12.696242332458496], [-16.37676239013672, 12.683008193969727], [-16.37480926513672, 12.678670883178711], [-16.370330810546875, 12.677138328552246], [-16.355712890625, 12.684980392456055], [-16.352956771850586, 12.679966926574707], [-16.348447799682617, 12.671762466430664], [-16.341829299926758, 12.668424606323242], [-16.33729362487793, 12.663670539855957], [-16.338590621948242, 12.65766716003418], [-16.347864151000977, 12.652217864990234], [-16.351774215698242, 12.648240089416504], [-16.352386474609375, 12.643168449401855], [-16.35067367553711, 12.639057159423828], [-16.3449764251709, 12.634783744812012], [-16.3383731842041, 12.632366180419922], [-16.33526039123535, 12.628507614135742], [-16.33984375, 12.622908592224121], [-16.344707489013672, 12.619834899902344], [-16.348918914794922, 12.619532585144043], [-16.355281829833984, 12.621724128723145], [-16.359254837036133, 12.621195793151855], [-16.36085319519043, 12.618867874145508], [-16.35604476928711, 12.612049102783203], [-16.356403350830078, 12.605831146240234], [-16.35392951965332, 12.598511695861816]]}, "properties": {"name": "Temporary stream", "type": "Temporary stream", "couleur": "#90CAF9"}}, {"type": "Feature", "geometry": {"type": "LineString", "coordinates": [[-12.544008255004883, 12.596970558166504], [-12.551353454589844, 12.619026184082031], [-12.5551118850708, 12.622232437133789], [-12.565184593200684, 12.623115539550781], [-12.573653221130371, 12.632516860961914], [-12.577876091003418, 12.634571075439453], [-12.587014198303223, 12.635457038879395]]}, "properties": {"name": "Temporary stream", "type": "Temporary stream", "couleur": "#90CAF9"}}, {"type": "Feature", "geometry": {"type": "LineString", "coordinates": [[-11.992777824401855, 12.596545219421387], [-11.97685718536377, 12.597949981689453], [-11.964219093322754, 12.602109909057617], [-11.95743465423584, 12.6062593460083], [-11.946212768554688, 12.617316246032715], [-11.936864852905273, 12.629520416259766], [-11.92797565460205, 12.636663436889648], [-11.91580581665039, 12.642430305480957], [-11.9013090133667, 12.658549308776855], [-11.897096633911133, 12.66085433959961], [-11.888866424560547, 12.659710884094238], [-11.883977890014648, 12.65903091430664], [-11.872737884521484, 12.661114692687988]]}, "properties": {"name": "Temporary stream", "type": "Temporary stream", "couleur": "#90CAF9"}}, {"type": "Feature", "geometry": {"type": "LineString", "coordinates": [[-11.992777824401855, 12.596545219421387], [-12.000509262084961, 12.598603248596191], [-12.008719444274902, 12.606410026550293], [-12.01785945892334, 12.609384536743164]]}, "properties": {"name": "Temporary stream", "type": "Temporary stream", "couleur": "#90CAF9"}}, {"type": "Feature", "geometry": {"type": "LineString", "coordinates": [[-12.046632766723633, 12.594614028930664], [-12.031671524047852, 12.6082124710083], [-12.01785945892334, 12.609384536743164]]}, "properties": {"name": "Temporary stream", "type": "Temporary stream", "couleur": "#90CAF9"}}, {"type": "Feature", "geometry": {"type": "LineString", "coordinates": [[-12.046632766723633, 12.594614028930664], [-12.052969932556152, 12.602193832397461], [-12.071003913879395, 12.603540420532227], [-12.09797191619873, 12.621200561523438], [-12.103841781616211, 12.627860069274902], [-12.107151985168457, 12.64211368560791]]}, "properties": {"name": "Temporary stream", "type": "Temporary stream", "couleur": "#90CAF9"}}, {"type": "Feature", "geometry": {"type": "LineString", "coordinates": [[-16.182968139648438, 12.612431526184082], [-16.217458724975586, 12.61600112915039], [-16.23196792602539, 12.6152982711792], [-16.243131637573242, 12.610740661621094], [-16.260902404785156, 12.595719337463379], [-16.266019821166992, 12.593792915344238], [-16.277748107910156, 12.594746589660645], [-16.287630081176758, 12.597339630126953], [-16.309127807617188, 12.6077880859375], [-16.32649803161621, 12.61002254486084], [-16.337236404418945, 12.607999801635742], [-16.344863891601562, 12.602347373962402], [-16.35186004638672, 12.600618362426758], [-16.35392951965332, 12.598511695861816]]}, "properties": {"name": "Casamance", "type": "Main river", "couleur": "#1565C0"}}, {"type": "Feature", "geometry": {"type": "LineString", "coordinates": [[-13.05188274383545, 12.590567588806152], [-13.056209564208984, 12.610095977783203], [-13.056730270385742, 12.619293212890625]]}, "properties": {"name": "Temporary stream", "type": "Temporary stream", "couleur": "#90CAF9"}}, {"type": "Feature", "geometry": {"type": "LineString", "coordinates": [[-16.54355812072754, 12.592184066772461], [-16.534536361694336, 12.587766647338867]]}, "properties": {"name": "Temporary stream", "type": "Temporary stream", "couleur": "#90CAF9"}}, {"type": "Feature", "geometry": {"type": "LineString", "coordinates": [[-13.05188274383545, 12.590567588806152], [-13.029397010803223, 12.589536666870117], [-13.013216972351074, 12.585250854492188]]}, "properties": {"name": "Temporary stream", "type": "Temporary stream", "couleur": "#90CAF9"}}, {"type": "Feature", "geometry": {"type": "LineString", "coordinates": [[-12.544008255004883, 12.596970558166504], [-12.538857460021973, 12.597219467163086], [-12.51397705078125, 12.581664085388184], [-12.476266860961914, 12.578340530395508], [-12.468548774719238, 12.580896377563477]]}, "properties": {"name": "Temporary stream", "type": "Temporary stream", "couleur": "#90CAF9"}}, {"type": "Feature", "geometry": {"type": "LineString", "coordinates": [[-11.431488037109375, 12.564553260803223], [-11.420722007751465, 12.564435005187988], [-11.418848037719727, 12.565814018249512], [-11.41322135925293, 12.585593223571777], [-11.41462516784668, 12.589964866638184], [-11.429841041564941, 12.60354232788086], [-11.431333541870117, 12.608383178710938]]}, "properties": {"name": "Faleme", "type": "Secondary river", "couleur": "#1976D2"}}, {"type": "Feature", "geometry": {"type": "LineString", "coordinates": [[-16.35392951965332, 12.598511695861816], [-16.356369018554688, 12.577765464782715], [-16.364286422729492, 12.562215805053711], [-16.37224578857422, 12.562079429626465], [-16.373624801635742, 12.560674667358398], [-16.400779724121094, 12.573089599609375]]}, "properties": {"name": "Casamance", "type": "Main river", "couleur": "#1565C0"}}, {"type": "Feature", "geometry": {"type": "LineString", "coordinates": [[-11.883137702941895, 12.559663772583008], [-11.875652313232422, 12.565193176269531], [-11.853652954101562, 12.572578430175781], [-11.829548835754395, 12.58364486694336], [-11.826742172241211, 12.586177825927734], [-11.822073936462402, 12.598834037780762], [-11.823487281799316, 12.606423377990723], [-11.827244758605957, 12.61515998840332], [-11.827953338623047, 12.62044906616211], [-11.826319694519043, 12.624821662902832]]}, "properties": {"name": "Temporary stream", "type": "Temporary stream", "couleur": "#90CAF9"}}, {"type": "Feature", "geometry": {"type": "LineString", "coordinates": [[-16.400779724121094, 12.573089599609375], [-16.400754928588867, 12.558826446533203]]}, "properties": {"name": "Temporary stream", "type": "Temporary stream", "couleur": "#90CAF9"}}, {"type": "Feature", "geometry": {"type": "LineString", "coordinates": [[-12.581565856933594, 12.554556846618652], [-12.57923698425293, 12.563949584960938], [-12.585861206054688, 12.5811767578125], [-12.586126327514648, 12.588996887207031], [-12.584755897521973, 12.597743034362793], [-12.581966400146484, 12.602813720703125], [-12.58175277709961, 12.608104705810547], [-12.58647632598877, 12.618207931518555], [-12.587014198303223, 12.635457038879395]]}, "properties": {"name": "Temporary stream", "type": "Temporary stream", "couleur": "#90CAF9"}}, {"type": "Feature", "geometry": {"type": "LineString", "coordinates": [[-13.013216972351074, 12.585250854492188], [-13.009248733520508, 12.58757209777832], [-12.97879695892334, 12.58565902709961], [-12.97152328491211, 12.58293628692627], [-12.969404220581055, 12.580647468566895], [-12.96284294128418, 12.57975959777832], [-12.948343276977539, 12.583052635192871], [-12.936684608459473, 12.592540740966797], [-12.927577018737793, 12.597187042236328], [-12.922192573547363, 12.597443580627441], [-12.91679573059082, 12.595398902893066], [-12.899651527404785, 12.57805347442627], [-12.893492698669434, 12.571820259094238], [-12.882440567016602, 12.562671661376953], [-12.876814842224121, 12.561318397521973], [-12.87258529663086, 12.558347702026367], [-12.86203384399414, 12.555177688598633], [-12.84424114227295, 12.555489540100098], [-12.840250968933105, 12.553438186645508], [-12.834403991699219, 12.554844856262207], [-12.820631980895996, 12.563419342041016]]}, "properties": {"name": "Temporary stream", "type": "Temporary stream", "couleur": "#90CAF9"}}, {"type": "Feature", "geometry": {"type": "LineString", "coordinates": [[-11.883137702941895, 12.559663772583008], [-11.868846893310547, 12.553009986877441]]}, "properties": {"name": "Temporary stream", "type": "Temporary stream", "couleur": "#90CAF9"}}, {"type": "Feature", "geometry": {"type": "LineString", "coordinates": [[-11.992777824401855, 12.596545219421387], [-11.993236541748047, 12.591713905334473], [-11.989948272705078, 12.585508346557617], [-11.980567932128906, 12.57701301574707], [-11.948699951171875, 12.562799453735352], [-11.940956115722656, 12.551769256591797]]}, "properties": {"name": "Temporary stream", "type": "Temporary stream", "couleur": "#90CAF9"}}, {"type": "Feature", "geometry": {"type": "LineString", "coordinates": [[-15.963278770446777, 12.598262786865234], [-15.955744743347168, 12.595850944519043], [-15.950087547302246, 12.593639373779297], [-15.938423156738281, 12.5820894241333], [-15.916537284851074, 12.575530052185059], [-15.907554626464844, 12.570378303527832], [-15.9012451171875, 12.5711669921875], [-15.887797355651855, 12.577704429626465], [-15.88707160949707, 12.578058242797852], [-15.869970321655273, 12.577631950378418], [-15.859862327575684, 12.57525634765625], [-15.820149421691895, 12.551939010620117], [-15.811476707458496, 12.55138111114502], [-15.807295799255371, 12.553515434265137], [-15.790214538574219, 12.56918716430664], [-15.776169776916504, 12.579278945922852]]}, "properties": {"name": "Casamance", "type": "Main river", "couleur": "#1565C0"}}, {"type": "Feature", "geometry": {"type": "LineString", "coordinates": [[-11.868846893310547, 12.553009986877441], [-11.847537994384766, 12.55073356628418], [-11.826937675476074, 12.553284645080566], [-11.8206205368042, 12.557432174682617], [-11.807755470275879, 12.568254470825195], [-11.786688804626465, 12.574024200439453], [-11.778966903686523, 12.578400611877441], [-11.768672943115234, 12.587380409240723], [-11.75931167602539, 12.593367576599121], [-11.748074531555176, 12.597055435180664], [-11.738709449768066, 12.598212242126465], [-11.718812942504883, 12.608576774597168]]}, "properties": {"name": "Temporary stream", "type": "Temporary stream", "couleur": "#90CAF9"}}, {"type": "Feature", "geometry": {"type": "LineString", "coordinates": [[-12.77892780303955, 12.707365989685059], [-12.784499168395996, 12.696531295776367], [-12.782334327697754, 12.684579849243164], [-12.785123825073242, 12.679967880249023], [-12.794683456420898, 12.670724868774414], [-12.796746253967285, 12.661054611206055], [-12.80091667175293, 12.651605606079102], [-12.801361083984375, 12.6465425491333], [-12.797826766967773, 12.64218807220459], [-12.783737182617188, 12.634200096130371], [-12.776679039001465, 12.627330780029297], [-12.775020599365234, 12.623197555541992], [-12.775442123413086, 12.613304138183594], [-12.771183967590332, 12.60412311553955], [-12.769030570983887, 12.60252571105957], [-12.766249656677246, 12.6004638671875], [-12.755226135253906, 12.596831321716309], [-12.749585151672363, 12.592024803161621], [-12.745096206665039, 12.58353328704834], [-12.739697456359863, 12.58033561706543], [-12.734281539916992, 12.573918342590332], [-12.72527027130127, 12.548423767089844]]}, "properties": {"name": "Temporary stream", "type": "Temporary stream", "couleur": "#90CAF9"}}, {"type": "Feature", "geometry": {"type": "LineString", "coordinates": [[-11.451163291931152, 12.547426223754883], [-11.444838523864746, 12.562604904174805], [-11.442496299743652, 12.564674377441406], [-11.431488037109375, 12.564553260803223]]}, "properties": {"name": "Faleme", "type": "Secondary river", "couleur": "#1976D2"}}, {"type": "Feature", "geometry": {"type": "LineString", "coordinates": [[-16.400754928588867, 12.558826446533203], [-16.3836727142334, 12.546468734741211], [-16.376880645751953, 12.546355247497559], [-16.362411499023438, 12.549135208129883], [-16.35638427734375, 12.552458763122559], [-16.351341247558594, 12.558526992797852], [-16.339094161987305, 12.580821990966797], [-16.319562911987305, 12.588746070861816], [-16.312681198120117, 12.596915245056152], [-16.307785034179688, 12.598148345947266], [-16.302621841430664, 12.597546577453613], [-16.3004150390625, 12.595344543457031], [-16.293323516845703, 12.588271141052246], [-16.28042221069336, 12.587109565734863], [-16.258665084838867, 12.588396072387695], [-16.242361068725586, 12.593500137329102], [-16.234525680541992, 12.600762367248535], [-16.228300094604492, 12.606388092041016], [-16.224327087402344, 12.606915473937988], [-16.22080421447754, 12.606283187866211], [-16.211801528930664, 12.600451469421387], [-16.202564239501953, 12.590248107910156], [-16.199323654174805, 12.583174705505371], [-16.197811126708984, 12.576988220214844], [-16.19597625732422, 12.57535457611084], [-16.194005966186523, 12.573600769042969], [-16.187467575073242, 12.574628829956055], [-16.140907287597656, 12.590808868408203], [-16.105573654174805, 12.606339454650879], [-16.074373245239258, 12.609757423400879], [-16.07354736328125, 12.609848022460938], [-16.06260871887207, 12.613935470581055], [-16.050790786743164, 12.62148666381836], [-16.039630889892578, 12.626496315002441], [-16.02705192565918, 12.630608558654785], [-16.018169403076172, 12.631669998168945], [-16.00809669494629, 12.631600379943848], [-15.992304801940918, 12.625639915466309], [-15.982789993286133, 12.61681842803955], [-15.969891548156738, 12.601609230041504], [-15.963278770446777, 12.598262786865234]]}, "properties": {"name": "Casamance", "type": "Main river", "couleur": "#1565C0"}}, {"type": "Feature", "geometry": {"type": "LineString", "coordinates": [[-15.317453384399414, 12.853589057922363], [-15.323582649230957, 12.856037139892578], [-15.337443351745605, 12.858149528503418], [-15.346108436584473, 12.857574462890625], [-15.384597778320312, 12.84439754486084], [-15.394311904907227, 12.835294723510742], [-15.39793586730957, 12.826504707336426], [-15.398919105529785, 12.813379287719727], [-15.402162551879883, 12.81080436706543], [-15.41226577758789, 12.812505722045898], [-15.415826797485352, 12.81567668914795], [-15.417378425598145, 12.818255424499512], [-15.42063045501709, 12.823661804199219], [-15.42608642578125, 12.828186988830566], [-15.43740177154541, 12.83263111114502], [-15.445841789245605, 12.832743644714355], [-15.453289985656738, 12.829190254211426], [-15.472729682922363, 12.812127113342285], [-15.488800048828125, 12.805231094360352], [-15.499004364013672, 12.797956466674805], [-15.503908157348633, 12.796737670898438], [-15.508139610290527, 12.797597885131836], [-15.51406192779541, 12.801884651184082], [-15.523165702819824, 12.811596870422363], [-15.524064064025879, 12.812554359436035], [-15.528047561645508, 12.812498092651367], [-15.536064147949219, 12.799962997436523], [-15.547415733337402, 12.791060447692871], [-15.549631118774414, 12.782517433166504], [-15.551701545715332, 12.77995777130127], [-15.56098461151123, 12.773844718933105], [-15.562076568603516, 12.768538475036621], [-15.561012268066406, 12.760042190551758], [-15.569076538085938, 12.735313415527344], [-15.569910049438477, 12.728400230407715], [-15.56745719909668, 12.721074104309082], [-15.559585571289062, 12.71175479888916], [-15.559189796447754, 12.709370613098145], [-15.553406715393066, 12.674577713012695], [-15.550448417663574, 12.664728164672852], [-15.54491138458252, 12.654685974121094], [-15.543868064880371, 12.647568702697754], [-15.545896530151367, 12.64224910736084], [-15.551188468933105, 12.634514808654785], [-15.569204330444336, 12.618911743164062], [-15.574657440185547, 12.607791900634766], [-15.576765060424805, 12.607762336730957], [-15.595902442932129, 12.586176872253418], [-15.620390892028809, 12.56572437286377], [-15.643482208251953, 12.544453620910645], [-15.64836311340332, 12.542081832885742], [-15.658683776855469, 12.543310165405273], [-15.670527458190918, 12.552108764648438], [-15.67388916015625, 12.55757999420166], [-15.672987937927246, 12.559894561767578], [-15.673383712768555, 12.56429386138916], [-15.669215202331543, 12.572733879089355], [-15.669307708740234, 12.594684600830078], [-15.672745704650879, 12.604986190795898], [-15.676533699035645, 12.607690811157227], [-15.692665100097656, 12.605842590332031], [-15.70606517791748, 12.609095573425293], [-15.712145805358887, 12.608545303344727], [-15.722611427307129, 12.603788375854492], [-15.729642868041992, 12.604144096374512], [-15.735308647155762, 12.607049942016602], [-15.749552726745605, 12.61925983428955], [-15.754487991333008, 12.620335578918457], [-15.769620895385742, 12.61458683013916], [-15.781367301940918, 12.614267349243164], [-15.788583755493164, 12.614070892333984], [-15.795088768005371, 12.61075210571289], [-15.799915313720703, 12.604927062988281], [-15.807880401611328, 12.590313911437988], [-15.814117431640625, 12.584927558898926], [-15.820197105407715, 12.584375381469727], [-15.83077335357666, 12.58674430847168], [-15.835295677185059, 12.591276168823242], [-15.832375526428223, 12.599142074584961], [-15.836687088012695, 12.605057716369629], [-15.84400463104248, 12.608627319335938], [-15.857150077819824, 12.610495567321777], [-15.87023639678955, 12.608683586120605], [-15.877097129821777, 12.606016159057617], [-15.880709648132324, 12.60461139678955], [-15.889989852905273, 12.599176406860352], [-15.89802074432373, 12.588930130004883], [-15.901287078857422, 12.588190078735352], [-15.905765533447266, 12.589960098266602], [-15.917998313903809, 12.60771369934082], [-15.93384075164795, 12.616898536682129], [-15.937227249145508, 12.623517036437988], [-15.94125747680664, 12.628512382507324], [-15.948580741882324, 12.63364315032959], [-15.975333213806152, 12.644698143005371], [-15.980109214782715, 12.651700019836426]]}, "properties": {"name": "Casamance", "type": "Main river", "couleur": "#1565C0"}}, {"type": "Feature", "geometry": {"type": "LineString", "coordinates": [[-11.868846893310547, 12.553009986877441], [-11.867430686950684, 12.544731140136719], [-11.871402740478516, 12.538975715637207]]}, "properties": {"name": "Temporary stream", "type": "Temporary stream", "couleur": "#90CAF9"}}, {"type": "Feature", "geometry": {"type": "LineString", "coordinates": [[-11.940956115722656, 12.551769256591797], [-11.936025619506836, 12.543264389038086], [-11.930400848388672, 12.539132118225098], [-11.923140525817871, 12.538451194763184], [-11.916122436523438, 12.541451454162598], [-11.913318634033203, 12.544905662536621], [-11.900453567504883, 12.552972793579102], [-11.891095161437988, 12.557353973388672], [-11.885007858276367, 12.557822227478027], [-11.883137702941895, 12.559663772583008]]}, "properties": {"name": "Temporary stream", "type": "Temporary stream", "couleur": "#90CAF9"}}, {"type": "Feature", "geometry": {"type": "LineString", "coordinates": [[-16.686241149902344, 12.538164138793945], [-16.68073272705078, 12.539392471313477]]}, "properties": {"name": "Temporary stream", "type": "Temporary stream", "couleur": "#90CAF9"}}, {"type": "Feature", "geometry": {"type": "LineString", "coordinates": [[-16.75141716003418, 12.537142753601074], [-16.74337387084961, 12.539942741394043]]}, "properties": {"name": "Temporary stream", "type": "Temporary stream", "couleur": "#90CAF9"}}, {"type": "Feature", "geometry": {"type": "LineString", "coordinates": [[-11.431609153747559, 12.530028343200684], [-11.433137893676758, 12.540058135986328], [-11.435946464538574, 12.543970108032227], [-11.438989639282227, 12.545351028442383], [-11.449291229248047, 12.541444778442383], [-11.451163291931152, 12.547426223754883]]}, "properties": {"name": "Faleme", "type": "Secondary river", "couleur": "#1976D2"}}, {"type": "Feature", "geometry": {"type": "LineString", "coordinates": [[-15.63876724243164, 12.52703857421875], [-15.618762969970703, 12.535611152648926], [-15.601019859313965, 12.5545015335083], [-15.58729362487793, 12.560452461242676], [-15.577905654907227, 12.558976173400879], [-15.571195602416992, 12.564362525939941], [-15.564870834350586, 12.579867362976074], [-15.554472923278809, 12.589218139648438], [-15.553815841674805, 12.592217445373535], [-15.555770874023438, 12.597710609436035], [-15.554645538330078, 12.600717544555664], [-15.551838874816895, 12.603752136230469], [-15.541276931762695, 12.615169525146484], [-15.525511741638184, 12.6259765625], [-15.516980171203613, 12.635068893432617], [-15.511734008789062, 12.644574165344238], [-15.512022018432617, 12.6482515335083]]}, "properties": {"name": "Casamance", "type": "Main river", "couleur": "#1565C0"}}, {"type": "Feature", "geometry": {"type": "LineString", "coordinates": [[-15.63876724243164, 12.52703857421875], [-15.647421836853027, 12.52645206451416], [-15.652875900268555, 12.530973434448242], [-15.664859771728516, 12.533788681030273], [-15.679096221923828, 12.546001434326172], [-15.68196964263916, 12.550100326538086], [-15.684307098388672, 12.565018653869629], [-15.68673324584961, 12.570504188537598], [-15.690528869628906, 12.573667526245117], [-15.698776245117188, 12.576996803283691], [-15.711429595947266, 12.577499389648438], [-15.724172592163086, 12.583751678466797], [-15.727705955505371, 12.585079193115234], [-15.747797966003418, 12.58201789855957], [-15.760286331176758, 12.586892127990723], [-15.766592979431152, 12.585877418518066], [-15.776169776916504, 12.579278945922852]]}, "properties": {"name": "Casamance", "type": "Main river", "couleur": "#1565C0"}}, {"type": "Feature", "geometry": {"type": "LineString", "coordinates": [[-12.233532905578613, 12.520844459533691], [-12.231204986572266, 12.525679588317871], [-12.225833892822266, 12.530982971191406], [-12.194734573364258, 12.545778274536133], [-12.187246322631836, 12.546945571899414], [-12.184431076049805, 12.544651985168457], [-12.181365966796875, 12.536147117614746], [-12.178085327148438, 12.535004615783691], [-12.175518035888672, 12.538230895996094], [-12.171345710754395, 12.555031776428223], [-12.166680335998535, 12.562172889709473], [-12.15732479095459, 12.566563606262207], [-12.15007209777832, 12.568880081176758], [-12.141292572021484, 12.568024635314941], [-12.131570816040039, 12.567078590393066], [-12.129237174987793, 12.570533752441406], [-12.128081321716309, 12.576976776123047], [-12.127883911132812, 12.59307861328125], [-12.119937896728516, 12.599994659423828], [-12.121350288391113, 12.603212356567383], [-12.130975723266602, 12.613773345947266], [-12.130982398986816, 12.616764068603516], [-12.123284339904785, 12.629660606384277], [-12.122356414794922, 12.63380241394043], [-12.12683391571045, 12.645753860473633], [-12.125435829162598, 12.648977279663086], [-12.120281219482422, 12.648297309875488], [-12.10995864868164, 12.640727996826172], [-12.107151985168457, 12.64211368560791]]}, "properties": {"name": "Gambia river", "type": "Main river", "couleur": "#1565C0"}}, {"type": "Feature", "geometry": {"type": "LineString", "coordinates": [[-12.33650016784668, 12.630913734436035], [-12.322999954223633, 12.612388610839844], [-12.306342124938965, 12.601853370666504], [-12.296246528625488, 12.592679977416992], [-12.279586791992188, 12.58076286315918], [-12.274417877197266, 12.574335098266602], [-12.271828651428223, 12.569512367248535], [-12.269430160522461, 12.549506187438965], [-12.266831398010254, 12.541232109069824], [-12.262372016906738, 12.536872863769531], [-12.26073932647705, 12.535965919494629], [-12.233532905578613, 12.520844459533691]]}, "properties": {"name": "Temporary stream", "type": "Temporary stream", "couleur": "#90CAF9"}}, {"type": "Feature", "geometry": {"type": "LineString", "coordinates": [[-12.544008255004883, 12.596970558166504], [-12.5399751663208, 12.583183288574219], [-12.543601036071777, 12.551657676696777], [-12.541460037231445, 12.542924880981445], [-12.5423583984375, 12.532800674438477], [-12.53645133972168, 12.518559455871582]]}, "properties": {"name": "Temporary stream", "type": "Temporary stream", "couleur": "#90CAF9"}}, {"type": "Feature", "geometry": {"type": "LineString", "coordinates": [[-11.829703330993652, 12.516018867492676], [-11.843992233276367, 12.522904396057129], [-11.85335636138916, 12.523354530334473], [-11.865302085876465, 12.527941703796387], [-11.869756698608398, 12.532997131347656], [-11.871402740478516, 12.538975715637207]]}, "properties": {"name": "Temporary stream", "type": "Temporary stream", "couleur": "#90CAF9"}}, {"type": "Feature", "geometry": {"type": "LineString", "coordinates": [[-16.686241149902344, 12.538164138793945], [-16.685285568237305, 12.534893035888672], [-16.6881046295166, 12.523107528686523], [-16.68657112121582, 12.516464233398438], [-16.68745994567871, 12.513916969299316], [-16.69091796875, 12.511093139648438], [-16.712940216064453, 12.511838912963867], [-16.721158981323242, 12.513067245483398], [-16.73012351989746, 12.516583442687988], [-16.738210678100586, 12.523104667663574], [-16.74311065673828, 12.534287452697754], [-16.74337387084961, 12.539942741394043]]}, "properties": {"name": "Temporary stream", "type": "Temporary stream", "couleur": "#90CAF9"}}, {"type": "Feature", "geometry": {"type": "LineString", "coordinates": [[-12.68505859375, 12.507875442504883], [-12.687663078308105, 12.514765739440918], [-12.692370414733887, 12.52049732208252], [-12.713043212890625, 12.536744117736816], [-12.72527027130127, 12.548423767089844]]}, "properties": {"name": "Temporary stream", "type": "Temporary stream", "couleur": "#90CAF9"}}, {"type": "Feature", "geometry": {"type": "LineString", "coordinates": [[-12.938480377197266, 12.504033088684082], [-12.94705581665039, 12.51704216003418], [-12.982068061828613, 12.541248321533203], [-12.987491607666016, 12.54835033416748], [-12.990039825439453, 12.553540229797363], [-13.00146198272705, 12.576801300048828], [-13.0047607421875, 12.580465316772461], [-13.013216972351074, 12.585250854492188]]}, "properties": {"name": "Temporary stream", "type": "Temporary stream", "couleur": "#90CAF9"}}, {"type": "Feature", "geometry": {"type": "LineString", "coordinates": [[-12.68505859375, 12.507875442504883], [-12.676376342773438, 12.503079414367676], [-12.669814109802246, 12.501265525817871], [-12.652728080749512, 12.50179386138916]]}, "properties": {"name": "Temporary stream", "type": "Temporary stream", "couleur": "#90CAF9"}}, {"type": "Feature", "geometry": {"type": "LineString", "coordinates": [[-16.38022804260254, 12.498215675354004], [-16.397436141967773, 12.491706848144531], [-16.406082153320312, 12.490866661071777], [-16.418073654174805, 12.493648529052734], [-16.45107650756836, 12.490788459777832]]}, "properties": {"name": "Temporary stream", "type": "Temporary stream", "couleur": "#90CAF9"}}, {"type": "Feature", "geometry": {"type": "LineString", "coordinates": [[-16.534536361694336, 12.587766647338867], [-16.536561965942383, 12.58389663696289], [-16.53591537475586, 12.578157424926758], [-16.528858184814453, 12.554171562194824], [-16.523250579833984, 12.552063941955566], [-16.51471710205078, 12.554530143737793], [-16.50774574279785, 12.557414054870605], [-16.505144119262695, 12.556079864501953], [-16.49907112121582, 12.556877136230469], [-16.492666244506836, 12.552390098571777], [-16.489763259887695, 12.547378540039062], [-16.491535186767578, 12.541827201843262], [-16.494646072387695, 12.52673625946045], [-16.492237091064453, 12.519113540649414], [-16.454803466796875, 12.499844551086426], [-16.45107650756836, 12.490788459777832]]}, "properties": {"name": "Temporary stream", "type": "Temporary stream", "couleur": "#90CAF9"}}, {"type": "Feature", "geometry": {"type": "LineString", "coordinates": [[-16.54355812072754, 12.592184066772461], [-16.544231414794922, 12.580232620239258], [-16.541889190673828, 12.567621231079102], [-16.537277221679688, 12.557877540588379], [-16.531051635742188, 12.55147933959961], [-16.525596618652344, 12.5476655960083], [-16.520893096923828, 12.546599388122559], [-16.502685546875, 12.549681663513184], [-16.49742889404297, 12.544024467468262], [-16.502443313598633, 12.523920059204102], [-16.501861572265625, 12.520234107971191], [-16.494243621826172, 12.510951042175293], [-16.484556198120117, 12.506060600280762], [-16.473018646240234, 12.502582550048828], [-16.45107650756836, 12.490788459777832]]}, "properties": {"name": "Temporary stream", "type": "Temporary stream", "couleur": "#90CAF9"}}, {"type": "Feature", "geometry": {"type": "LineString", "coordinates": [[-11.362231254577637, 12.483434677124023], [-11.361525535583496, 12.490335464477539], [-11.36292552947998, 12.496776580810547], [-11.365030288696289, 12.501607894897461], [-11.3687744140625, 12.503451347351074], [-11.375799179077148, 12.500004768371582], [-11.37767505645752, 12.493335723876953], [-11.376507759094238, 12.487354278564453], [-11.378616333007812, 12.48298454284668], [-11.381893157958984, 12.483217239379883], [-11.385636329650879, 12.488279342651367], [-11.38703727722168, 12.49541187286377], [-11.383520126342773, 12.507599830627441], [-11.388899803161621, 12.51795482635498], [-11.397090911865234, 12.52278995513916], [-11.39779281616211, 12.525090217590332], [-11.392406463623047, 12.52991771697998], [-11.393575668334961, 12.532218933105469], [-11.397789001464844, 12.53429126739502], [-11.408592224121094, 12.536378860473633], [-11.409728050231934, 12.53659725189209], [-11.41230297088623, 12.535908699035645], [-11.415348052978516, 12.532690048217773], [-11.416522026062012, 12.520039558410645], [-11.429396629333496, 12.524415969848633], [-11.431035041809082, 12.526256561279297], [-11.431609153747559, 12.530028343200684]]}, "properties": {"name": "Faleme", "type": "Secondary river", "couleur": "#1976D2"}}, {"type": "Feature", "geometry": {"type": "LineString", "coordinates": [[-12.232963562011719, 12.482891082763672], [-12.23182487487793, 12.494854927062988], [-12.234451293945312, 12.514399528503418], [-12.233532905578613, 12.520844459533691]]}, "properties": {"name": "Gambia river", "type": "Main river", "couleur": "#1565C0"}}, {"type": "Feature", "geometry": {"type": "LineString", "coordinates": [[-11.880681991577148, 12.476168632507324], [-11.886548042297363, 12.486513137817383], [-11.889608383178711, 12.498930931091309], [-11.883556365966797, 12.523550033569336], [-11.876081466674805, 12.535980224609375], [-11.871402740478516, 12.538975715637207]]}, "properties": {"name": "Temporary stream", "type": "Temporary stream", "couleur": "#90CAF9"}}, {"type": "Feature", "geometry": {"type": "LineString", "coordinates": [[-12.046632766723633, 12.594614028930664], [-12.050838470458984, 12.590006828308105], [-12.058065414428711, 12.574352264404297], [-12.056645393371582, 12.566993713378906], [-12.051246643066406, 12.560103416442871], [-12.045838356018066, 12.548381805419922], [-12.043476104736328, 12.537805557250977], [-12.042009353637695, 12.506294250488281], [-12.049919128417969, 12.481668472290039], [-12.05297565460205, 12.476663589477539], [-12.06018352508545, 12.464858055114746]]}, "properties": {"name": "Temporary stream", "type": "Temporary stream", "couleur": "#90CAF9"}}, {"type": "Feature", "geometry": {"type": "LineString", "coordinates": [[-12.755789756774902, 12.464795112609863], [-12.749324798583984, 12.484145164489746], [-12.742446899414062, 12.515917778015137], [-12.742953300476074, 12.52419662475586], [-12.737157821655273, 12.536872863769531], [-12.728540420532227, 12.546799659729004], [-12.72527027130127, 12.548423767089844]]}, "properties": {"name": "Temporary stream", "type": "Temporary stream", "couleur": "#90CAF9"}}, {"type": "Feature", "geometry": {"type": "LineString", "coordinates": [[-12.755789756774902, 12.464795112609863], [-12.764238357543945, 12.469589233398438], [-12.776402473449707, 12.471917152404785], [-12.776552200317383, 12.47195053100586], [-12.781550407409668, 12.476263999938965], [-12.786760330200195, 12.480761528015137], [-12.79261589050293, 12.481656074523926], [-12.810630798339844, 12.479965209960938]]}, "properties": {"name": "Temporary stream", "type": "Temporary stream", "couleur": "#90CAF9"}}, {"type": "Feature", "geometry": {"type": "LineString", "coordinates": [[-15.902790069580078, 12.464398384094238], [-15.911033630371094, 12.467491149902344], [-15.917917251586914, 12.473365783691406], [-15.9259033203125, 12.489344596862793], [-15.926811218261719, 12.501983642578125], [-15.928789138793945, 12.508394241333008], [-15.931600570678711, 12.515807151794434], [-15.94357967376709, 12.525186538696289], [-15.953085899353027, 12.53377914428711], [-15.958133697509766, 12.541751861572266], [-15.959172248840332, 12.54794692993164], [-15.961091041564941, 12.564940452575684], [-15.96776008605957, 12.571736335754395], [-15.968775749206543, 12.57655143737793], [-15.965496063232422, 12.58841323852539], [-15.963278770446777, 12.598262786865234]]}, "properties": {"name": "Temporary stream", "type": "Temporary stream", "couleur": "#90CAF9"}}, {"type": "Feature", "geometry": {"type": "LineString", "coordinates": [[-13.05188274383545, 12.590567588806152], [-13.050898551940918, 12.582061767578125], [-13.052498817443848, 12.575382232666016], [-13.060141563415527, 12.560619354248047], [-13.065653800964355, 12.54195785522461], [-13.074971199035645, 12.533856391906738], [-13.076586723327637, 12.529707908630371], [-13.07228946685791, 12.515239715576172], [-13.073149681091309, 12.50212287902832], [-13.07121467590332, 12.491323471069336], [-13.065779685974121, 12.482380867004395], [-13.060603141784668, 12.477807998657227], [-13.058770179748535, 12.477072715759277], [-13.050984382629395, 12.473949432373047], [-13.039754867553711, 12.474929809570312], [-13.02853775024414, 12.47797966003418], [-13.016596794128418, 12.47732925415039], [-13.016453742980957, 12.477294921875], [-13.004406929016113, 12.474432945251465], [-13.004012107849121, 12.47429084777832], [-13.002406120300293, 12.473714828491211], [-12.974064826965332, 12.463543891906738], [-12.968976020812988, 12.461785316467285], [-12.968684196472168, 12.4616117477417]]}, "properties": {"name": "Temporary stream", "type": "Temporary stream", "couleur": "#90CAF9"}}, {"type": "Feature", "geometry": {"type": "LineString", "coordinates": [[-16.720355987548828, 12.459247589111328], [-16.716947555541992, 12.46460247039795], [-16.709522247314453, 12.4679594039917], [-16.69879722595215, 12.470227241516113], [-16.692562103271484, 12.474712371826172], [-16.687280654907227, 12.480101585388184], [-16.682601928710938, 12.494112014770508], [-16.687395095825195, 12.498273849487305], [-16.695423126220703, 12.501808166503906], [-16.72543716430664, 12.50424575805664], [-16.732967376708984, 12.50617790222168], [-16.745134353637695, 12.517915725708008], [-16.74547576904297, 12.523430824279785], [-16.75141716003418, 12.537142753601074]]}, "properties": {"name": "Temporary stream", "type": "Temporary stream", "couleur": "#90CAF9"}}, {"type": "Feature", "geometry": {"type": "LineString", "coordinates": [[-12.232963562011719, 12.482891082763672], [-12.22590446472168, 12.468876838684082], [-12.220742225646973, 12.464058876037598], [-12.214883804321289, 12.461542129516602], [-12.206222534179688, 12.461332321166992], [-12.196398735046387, 12.46319580078125], [-12.187276840209961, 12.465746879577637], [-12.165298461914062, 12.475227355957031], [-12.158278465270996, 12.475472450256348], [-12.135786056518555, 12.466089248657227], [-12.130359649658203, 12.45905590057373]]}, "properties": {"name": "Temporary stream", "type": "Temporary stream", "couleur": "#90CAF9"}}, {"type": "Feature", "geometry": {"type": "LineString", "coordinates": [[-11.940956115722656, 12.551769256591797], [-11.950066566467285, 12.539334297180176], [-11.95308780670166, 12.525758743286133], [-11.952133178710938, 12.51448917388916], [-11.94837474822998, 12.506673812866211], [-11.938529968261719, 12.498176574707031], [-11.93852424621582, 12.494726181030273], [-11.942716598510742, 12.481609344482422], [-11.954394340515137, 12.465721130371094], [-11.957416534423828, 12.453524589538574]]}, "properties": {"name": "Temporary stream", "type": "Temporary stream", "couleur": "#90CAF9"}}, {"type": "Feature", "geometry": {"type": "LineString", "coordinates": [[-12.755789756774902, 12.464795112609863], [-12.760453224182129, 12.453314781188965]]}, "properties": {"name": "Temporary stream", "type": "Temporary stream", "couleur": "#90CAF9"}}, {"type": "Feature", "geometry": {"type": "LineString", "coordinates": [[-16.38022804260254, 12.498215675354004], [-16.369787216186523, 12.503457069396973], [-16.346895217895508, 12.506380081176758], [-16.322317123413086, 12.506569862365723], [-16.30866813659668, 12.502660751342773], [-16.280345916748047, 12.48979663848877], [-16.264440536499023, 12.472250938415527], [-16.253849029541016, 12.460565567016602], [-16.239566802978516, 12.447001457214355], [-16.237152099609375, 12.445300102233887]]}, "properties": {"name": "Temporary stream", "type": "Temporary stream", "couleur": "#90CAF9"}}, {"type": "Feature", "geometry": {"type": "LineString", "coordinates": [[-15.63876724243164, 12.52703857421875], [-15.635637283325195, 12.521333694458008], [-15.643301963806152, 12.51731014251709], [-15.640384674072266, 12.510220527648926], [-15.64609146118164, 12.500706672668457], [-15.647192001342773, 12.496088981628418], [-15.644654273986816, 12.483243942260742], [-15.64477252960205, 12.4756498336792], [-15.636940956115723, 12.468632698059082], [-15.629758834838867, 12.458155632019043], [-15.629898071289062, 12.451940536499023], [-15.63391399383545, 12.439000129699707], [-15.634650230407715, 12.438226699829102]]}, "properties": {"name": "Temporary stream", "type": "Temporary stream", "couleur": "#90CAF9"}}, {"type": "Feature", "geometry": {"type": "LineString", "coordinates": [[-12.383769989013672, 12.503643989562988], [-12.393106460571289, 12.495105743408203], [-12.401281356811523, 12.489790916442871], [-12.40546989440918, 12.482417106628418], [-12.406147956848145, 12.475053787231445], [-12.412875175476074, 12.457091331481934], [-12.427552223205566, 12.436802864074707]]}, "properties": {"name": "Temporary stream", "type": "Temporary stream", "couleur": "#90CAF9"}}, {"type": "Feature", "geometry": {"type": "LineString", "coordinates": [[-15.703859329223633, 12.436592102050781], [-15.717485427856445, 12.439840316772461], [-15.733624458312988, 12.439139366149902], [-15.738592147827148, 12.442516326904297], [-15.741947174072266, 12.447526931762695], [-15.744353294372559, 12.454771041870117], [-15.74514102935791, 12.457141876220703], [-15.745508193969727, 12.46564769744873], [-15.737510681152344, 12.493144035339355], [-15.734506607055664, 12.510672569274902], [-15.735344886779785, 12.519401550292969], [-15.740433692932129, 12.530367851257324], [-15.771740913391113, 12.555893898010254], [-15.774673461914062, 12.563671112060547], [-15.776169776916504, 12.579278945922852]]}, "properties": {"name": "Temporary stream", "type": "Temporary stream", "couleur": "#90CAF9"}}, {"type": "Feature", "geometry": {"type": "LineString", "coordinates": [[-12.67958927154541, 12.434059143066406], [-12.677557945251465, 12.451549530029297], [-12.67807674407959, 12.463278770446777], [-12.681411743164062, 12.476607322692871], [-12.682215690612793, 12.500066757202148], [-12.68505859375, 12.507875442504883]]}, "properties": {"name": "Temporary stream", "type": "Temporary stream", "couleur": "#90CAF9"}}, {"type": "Feature", "geometry": {"type": "LineString", "coordinates": [[-12.67958927154541, 12.434059143066406], [-12.67870044708252, 12.433208465576172]]}, "properties": {"name": "Temporary stream", "type": "Temporary stream", "couleur": "#90CAF9"}}, {"type": "Feature", "geometry": {"type": "LineString", "coordinates": [[-12.679726600646973, 12.433175086975098], [-12.67958927154541, 12.434059143066406]]}, "properties": {"name": "Temporary stream", "type": "Temporary stream", "couleur": "#90CAF9"}}, {"type": "Feature", "geometry": {"type": "LineString", "coordinates": [[-12.53645133972168, 12.518559455871582], [-12.525575637817383, 12.490074157714844], [-12.521575927734375, 12.484567642211914], [-12.513359069824219, 12.478155136108398], [-12.482405662536621, 12.462159156799316], [-12.473480224609375, 12.453447341918945], [-12.470648765563965, 12.447015762329102], [-12.465478897094727, 12.441052436828613], [-12.45304012298584, 12.430971145629883], [-12.45146369934082, 12.431004524230957], [-12.440403938293457, 12.431241989135742], [-12.428483009338379, 12.435420036315918], [-12.427552223205566, 12.436802864074707]]}, "properties": {"name": "Temporary stream", "type": "Temporary stream", "couleur": "#90CAF9"}}, {"type": "Feature", "geometry": {"type": "LineString", "coordinates": [[-12.427552223205566, 12.436802864074707], [-12.416548728942871, 12.435687065124512], [-12.412797927856445, 12.433857917785645], [-12.40974235534668, 12.429727554321289]]}, "properties": {"name": "Temporary stream", "type": "Temporary stream", "couleur": "#90CAF9"}}, {"type": "Feature", "geometry": {"type": "LineString", "coordinates": [[-12.53645133972168, 12.518559455871582], [-12.541346549987793, 12.513021469116211], [-12.549518585205078, 12.507701873779297], [-12.565507888793945, 12.465780258178711], [-12.572239875793457, 12.4517240524292], [-12.574764251708984, 12.438833236694336], [-12.573806762695312, 12.43354606628418], [-12.56791877746582, 12.423906326293945]]}, "properties": {"name": "Temporary stream", "type": "Temporary stream", "couleur": "#90CAF9"}}, {"type": "Feature", "geometry": {"type": "LineString", "coordinates": [[-16.720355987548828, 12.459247589111328], [-16.717256546020508, 12.456313133239746], [-16.693754196166992, 12.463647842407227], [-16.686161041259766, 12.458266258239746], [-16.679685592651367, 12.450101852416992], [-16.67677116394043, 12.444632530212402], [-16.67882537841797, 12.441835403442383], [-16.69211769104004, 12.439291000366211], [-16.697282791137695, 12.440115928649902], [-16.7000789642334, 12.439374923706055], [-16.70305824279785, 12.4360990524292], [-16.70342445373535, 12.430800437927246], [-16.700485229492188, 12.42395305633545], [-16.697872161865234, 12.421930313110352]]}, "properties": {"name": "Temporary stream", "type": "Temporary stream", "couleur": "#90CAF9"}}, {"type": "Feature", "geometry": {"type": "LineString", "coordinates": [[-16.720355987548828, 12.459247589111328], [-16.73829460144043, 12.442581176757812], [-16.747716903686523, 12.421469688415527]]}, "properties": {"name": "Temporary stream", "type": "Temporary stream", "couleur": "#90CAF9"}}, {"type": "Feature", "geometry": {"type": "LineString", "coordinates": [[-11.362231254577637, 12.483434677124023], [-11.363637924194336, 12.479525566101074], [-11.356856346130371, 12.468018531799316], [-11.358028411865234, 12.464570045471191], [-11.365519523620605, 12.460204124450684], [-11.369034767150879, 12.454225540161133], [-11.377931594848633, 12.446870803833008], [-11.379572868347168, 12.44227123260498], [-11.374898910522461, 12.427776336669922], [-11.374900817871094, 12.423636436462402], [-11.379461288452148, 12.413561820983887]]}, "properties": {"name": "Faleme", "type": "Secondary river", "couleur": "#1976D2"}}, {"type": "Feature", "geometry": {"type": "LineString", "coordinates": [[-16.697872161865234, 12.421930313110352], [-16.696401596069336, 12.418506622314453], [-16.697439193725586, 12.411584854125977], [-16.70043182373047, 12.4089994430542]]}, "properties": {"name": "Temporary stream", "type": "Temporary stream", "couleur": "#90CAF9"}}, {"type": "Feature", "geometry": {"type": "LineString", "coordinates": [[-16.688411712646484, 12.404619216918945], [-16.678394317626953, 12.419297218322754], [-16.669023513793945, 12.443394660949707], [-16.669830322265625, 12.448902130126953], [-16.681873321533203, 12.466626167297363], [-16.681564331054688, 12.47491455078125], [-16.672452926635742, 12.488194465637207], [-16.670677185058594, 12.49328899383545], [-16.67038917541504, 12.502726554870605], [-16.678543090820312, 12.512930870056152], [-16.678468704223633, 12.516938209533691], [-16.678197860717773, 12.531571388244629], [-16.68073272705078, 12.539392471313477]]}, "properties": {"name": "Temporary stream", "type": "Temporary stream", "couleur": "#90CAF9"}}, {"type": "Feature", "geometry": {"type": "LineString", "coordinates": [[-16.688411712646484, 12.404619216918945], [-16.689634323120117, 12.407357215881348], [-16.687179565429688, 12.413614273071289], [-16.687253952026367, 12.417523384094238], [-16.68143081665039, 12.431204795837402], [-16.68406105041504, 12.434146881103516], [-16.693668365478516, 12.434660911560059], [-16.698299407958984, 12.432044982910156], [-16.697872161865234, 12.421930313110352]]}, "properties": {"name": "Temporary stream", "type": "Temporary stream", "couleur": "#90CAF9"}}, {"type": "Feature", "geometry": {"type": "LineString", "coordinates": [[-16.38022804260254, 12.498215675354004], [-16.373342514038086, 12.492813110351562], [-16.35200309753418, 12.464652061462402], [-16.34396743774414, 12.460418701171875], [-16.341341018676758, 12.457472801208496], [-16.33200454711914, 12.432785034179688], [-16.314205169677734, 12.40571117401123], [-16.311080932617188, 12.402982711791992]]}, "properties": {"name": "Temporary stream", "type": "Temporary stream", "couleur": "#90CAF9"}}, {"type": "Feature", "geometry": {"type": "LineString", "coordinates": [[-16.70043182373047, 12.4089994430542], [-16.70461654663086, 12.40754222869873], [-16.713754653930664, 12.408063888549805], [-16.72132110595703, 12.399871826171875]]}, "properties": {"name": "Temporary stream", "type": "Temporary stream", "couleur": "#90CAF9"}}, {"type": "Feature", "geometry": {"type": "LineString", "coordinates": [[-16.72132110595703, 12.399871826171875], [-16.721418380737305, 12.404932022094727], [-16.717784881591797, 12.410750389099121], [-16.712907791137695, 12.412680625915527], [-16.70043182373047, 12.4089994430542]]}, "properties": {"name": "Temporary stream", "type": "Temporary stream", "couleur": "#90CAF9"}}, {"type": "Feature", "geometry": {"type": "LineString", "coordinates": [[-12.40974235534668, 12.429727554321289], [-12.39242172241211, 12.42885971069336], [-12.363858222961426, 12.4248046875], [-12.327326774597168, 12.41685676574707], [-12.306015968322754, 12.411395072937012], [-12.289612770080566, 12.403388023376465], [-12.285776138305664, 12.40067195892334], [-12.28281307220459, 12.398574829101562]]}, "properties": {"name": "Temporary stream", "type": "Temporary stream", "couleur": "#90CAF9"}}, {"type": "Feature", "geometry": {"type": "LineString", "coordinates": [[-11.451163291931152, 12.547426223754883], [-11.466849327087402, 12.546051025390625], [-11.470596313476562, 12.544211387634277], [-11.474108695983887, 12.539841651916504], [-11.478556632995605, 12.541913986206055], [-11.485346794128418, 12.53386402130127], [-11.499393463134766, 12.529037475585938], [-11.508757591247559, 12.519607543945312], [-11.512035369873047, 12.519377708435059], [-11.5150785446167, 12.522368431091309], [-11.520462989807129, 12.531339645385742], [-11.524910926818848, 12.530420303344727], [-11.525847434997559, 12.523520469665527], [-11.529358863830566, 12.521220207214355], [-11.535445213317871, 12.52145004272461], [-11.547853469848633, 12.525590896606445], [-11.553844451904297, 12.524836540222168], [-11.567985534667969, 12.523059844970703], [-11.589757919311523, 12.52581787109375], [-11.595376014709473, 12.524896621704102], [-11.599588394165039, 12.521446228027344], [-11.601225852966309, 12.51523494720459], [-11.603331565856934, 12.513165473937988], [-11.612227439880371, 12.513622283935547], [-11.6260404586792, 12.517759323120117], [-11.634233474731445, 12.517756462097168], [-11.642659187316895, 12.5136137008667], [-11.646871566772461, 12.509471893310547], [-11.648975372314453, 12.50510025024414], [-11.652018547058105, 12.503950119018555], [-11.659043312072754, 12.508777618408203], [-11.66108226776123, 12.516533851623535], [-11.664908409118652, 12.531086921691895], [-11.667950630187988, 12.529935836791992], [-11.674968719482422, 12.520041465759277], [-11.68082046508789, 12.519349098205566], [-11.689945220947266, 12.511524200439453], [-11.692980766296387, 12.500481605529785], [-11.68969440460205, 12.48668098449707], [-11.695537567138672, 12.473796844482422], [-11.697161674499512, 12.453783988952637], [-11.705343246459961, 12.439977645874023], [-11.707964897155762, 12.440834999084473], [-11.71096134185791, 12.441814422607422], [-11.713534355163574, 12.440203666687012], [-11.71727466583252, 12.434220314025879], [-11.720316886901855, 12.433757781982422], [-11.722423553466797, 12.435367584228516], [-11.724536895751953, 12.442956924438477], [-11.727814674377441, 12.445255279541016], [-11.732726097106934, 12.441571235656738], [-11.73717212677002, 12.440418243408203], [-11.739032745361328, 12.427305221557617], [-11.737855911254883, 12.419025421142578], [-11.733171463012695, 12.414427757263184], [-11.732701301574707, 12.41143798828125], [-11.7401762008667, 12.395791053771973], [-11.740782737731934, 12.390230178833008]]}, "properties": {"name": "Temporary stream", "type": "Temporary stream", "couleur": "#90CAF9"}}, {"type": "Feature", "geometry": {"type": "LineString", "coordinates": [[-16.72132110595703, 12.399871826171875], [-16.726184844970703, 12.39725112915039], [-16.73699378967285, 12.387388229370117]]}, "properties": {"name": "Temporary stream", "type": "Temporary stream", "couleur": "#90CAF9"}}, {"type": "Feature", "geometry": {"type": "LineString", "coordinates": [[-16.643070220947266, 12.395553588867188], [-16.638418197631836, 12.397019386291504], [-16.63395118713379, 12.395949363708496], [-16.626384735107422, 12.379522323608398], [-16.618587493896484, 12.37552261352539]]}, "properties": {"name": "Temporary stream", "type": "Temporary stream", "couleur": "#90CAF9"}}, {"type": "Feature", "geometry": {"type": "LineString", "coordinates": [[-16.45107650756836, 12.490788459777832], [-16.471683502197266, 12.48075008392334], [-16.4758358001709, 12.477456092834473], [-16.476926803588867, 12.473066329956055], [-16.473621368408203, 12.458860397338867], [-16.467267990112305, 12.44424819946289], [-16.45037841796875, 12.429359436035156], [-16.447452545166016, 12.422968864440918], [-16.448291778564453, 12.417662620544434], [-16.458650588989258, 12.395395278930664], [-16.458452224731445, 12.390918731689453], [-16.458253860473633, 12.386429786682129], [-16.45557403564453, 12.380724906921387], [-16.443103790283203, 12.377032279968262], [-16.435977935791016, 12.371174812316895], [-16.433658599853516, 12.37236499786377], [-16.42601776123047, 12.389753341674805], [-16.41693687438965, 12.3922119140625], [-16.410327911376953, 12.389105796813965], [-16.394168853759766, 12.375581741333008]]}, "properties": {"name": "Temporary stream", "type": "Temporary stream", "couleur": "#90CAF9"}}, {"type": "Feature", "geometry": {"type": "LineString", "coordinates": [[-12.15919017791748, 12.368047714233398], [-12.13981819152832, 12.388562202453613], [-12.130005836486816, 12.395023345947266], [-12.113197326660156, 12.412309646606445], [-12.09683609008789, 12.421313285827637], [-12.08864688873291, 12.422019004821777], [-12.082093238830566, 12.421341896057129], [-12.075679779052734, 12.417531967163086]]}, "properties": {"name": "Temporary stream", "type": "Temporary stream", "couleur": "#90CAF9"}}, {"type": "Feature", "geometry": {"type": "LineString", "coordinates": [[-16.643070220947266, 12.395553588867188], [-16.649858474731445, 12.395660400390625], [-16.65587615966797, 12.39210033416748], [-16.65999984741211, 12.38742446899414], [-16.659692764282227, 12.383517265319824], [-16.667673110961914, 12.37255859375], [-16.676652908325195, 12.364802360534668]]}, "properties": {"name": "Temporary stream", "type": "Temporary stream", "couleur": "#90CAF9"}}, {"type": "Feature", "geometry": {"type": "LineString", "coordinates": [[-16.688411712646484, 12.404619216918945], [-16.692800521850586, 12.38935375213623], [-16.693096160888672, 12.380375862121582], [-16.69159698486328, 12.375341415405273], [-16.685483932495117, 12.3738431930542], [-16.676652908325195, 12.364802360534668]]}, "properties": {"name": "Temporary stream", "type": "Temporary stream", "couleur": "#90CAF9"}}, {"type": "Feature", "geometry": {"type": "LineString", "coordinates": [[-12.15919017791748, 12.368047714233398], [-12.165976524353027, 12.36849308013916], [-12.172513961791992, 12.362728118896484], [-12.178357124328613, 12.360644340515137], [-12.185845375061035, 12.361087799072266], [-12.189827919006348, 12.363378524780273], [-12.194992065429688, 12.369807243347168], [-12.198053359985352, 12.377850532531738], [-12.199259757995605, 12.392110824584961], [-12.213812828063965, 12.409558296203613], [-12.21572494506836, 12.424965858459473], [-12.217371940612793, 12.428182601928711], [-12.222285270690918, 12.427940368652344], [-12.22929573059082, 12.424013137817383], [-12.237015724182129, 12.42380428314209], [-12.238655090332031, 12.423760414123535], [-12.24146842956543, 12.425593376159668], [-12.248530387878418, 12.44052791595459], [-12.251580238342285, 12.443510055541992], [-12.250890731811523, 12.447882652282715], [-12.242963790893555, 12.459174156188965], [-12.232963562011719, 12.482891082763672]]}, "properties": {"name": "Gambia river", "type": "Main river", "couleur": "#1565C0"}}, {"type": "Feature", "geometry": {"type": "LineString", "coordinates": [[-12.391154289245605, 12.357232093811035], [-12.389633178710938, 12.363080024719238], [-12.396068572998047, 12.399175643920898], [-12.401036262512207, 12.415492057800293], [-12.408222198486328, 12.42724323272705], [-12.40974235534668, 12.429727554321289]]}, "properties": {"name": "Temporary stream", "type": "Temporary stream", "couleur": "#90CAF9"}}, {"type": "Feature", "geometry": {"type": "LineString", "coordinates": [[-16.670053482055664, 12.35595703125], [-16.66884994506836, 12.360573768615723], [-16.665428161621094, 12.365238189697266], [-16.65644073486328, 12.372533798217773], [-16.652509689331055, 12.387330055236816], [-16.643070220947266, 12.395553588867188]]}, "properties": {"name": "Temporary stream", "type": "Temporary stream", "couleur": "#90CAF9"}}, {"type": "Feature", "geometry": {"type": "LineString", "coordinates": [[-16.678701400756836, 12.354630470275879], [-16.672807693481445, 12.35605525970459], [-16.670053482055664, 12.35595703125]]}, "properties": {"name": "Temporary stream", "type": "Temporary stream", "couleur": "#90CAF9"}}, {"type": "Feature", "geometry": {"type": "LineString", "coordinates": [[-16.678701400756836, 12.354630470275879], [-16.67909812927246, 12.358085632324219], [-16.676652908325195, 12.364802360534668]]}, "properties": {"name": "Temporary stream", "type": "Temporary stream", "couleur": "#90CAF9"}}, {"type": "Feature", "geometry": {"type": "LineString", "coordinates": [[-12.329243659973145, 12.312296867370605], [-12.330528259277344, 12.31494426727295], [-12.333365440368652, 12.32459831237793], [-12.333849906921387, 12.330347061157227], [-12.332001686096191, 12.337713241577148], [-12.325249671936035, 12.348773956298828]]}, "properties": {"name": "Temporary stream", "type": "Temporary stream", "couleur": "#90CAF9"}}]}