{"type": "FeatureCollection", "features": [{"type": "Feature", "geometry": {"type": "Point", "coordinates": [-16.75028, 14.43472]}, "properties": {"nom": "Sessene", "nappe": "Continental", "type": "4", "couleur": "#42A5F5"}}, {"type": "Feature", "geometry": {"type": "Point", "coordinates": [-16.5, 15.24056]}, "properties": {"nom": "Gade Niandoul", "nappe": "Continental", "type": "4", "couleur": "#42A5F5"}}, {"type": "Feature", "geometry": {"type": "Point", "coordinates": [-15.45361, 14.00556]}, "properties": {"nom": "Nguinth Peul (F54)", "nappe": "Continental", "type": "4", "couleur": "#42A5F5"}}, {"type": "Feature", "geometry": {"type": "Point", "coordinates": [-14.33333, 13.63333]}, "properties": {"nom": "Sitacourou", "nappe": "Continental", "type": "4", "couleur": "#42A5F5"}}, {"type": "Feature", "geometry": {"type": "Point", "coordinates": [-14.31667, 13.56667]}, "properties": {"nom": "Sao Saoucouta", "nappe": "Continental", "type": "4", "couleur": "#42A5F5"}}, {"type": "Feature", "geometry": {"type": "Point", "coordinates": [-15.22778, 16.525]}, "properties": {"nom": "Fanaye Dieri", "nappe": "Continental", "type": "4", "couleur": "#42A5F5"}}, {"type": "Feature", "geometry": {"type": "Point", "coordinates": [-15.08889, 16.51667]}, "properties": {"nom": "Thile Boubacar", "nappe": "Continental", "type": "4", "couleur": "#42A5F5"}}, {"type": "Feature", "geometry": {"type": "Point", "coordinates": [-15.04722, 16.50278]}, "properties": {"nom": "Ndiayene Pendao", "nappe": "Continental", "type": "4", "couleur": "#42A5F5"}}, {"type": "Feature", "geometry": {"type": "Point", "coordinates": [-15.04722, 16.50278]}, "properties": {"nom": "Ndiayene Pendao", "nappe": "Continental", "type": "4", "couleur": "#42A5F5"}}, {"type": "Feature", "geometry": {"type": "Point", "coordinates": [-15.11944, 16.50833]}, "properties": {"nom": "Dimar Diery", "nappe": "Continental", "type": "4", "couleur": "#42A5F5"}}, {"type": "Feature", "geometry": {"type": "Point", "coordinates": [-15.075, 16.52083]}, "properties": {"nom": "Vodabe 2", "nappe": "Continental", "type": "4", "couleur": "#42A5F5"}}, {"type": "Feature", "geometry": {"type": "Point", "coordinates": [-15.12722, 16.51444]}, "properties": {"nom": "Dimat Diery", "nappe": "Continental", "type": "4", "couleur": "#42A5F5"}}, {"type": "Feature", "geometry": {"type": "Point", "coordinates": [-14.77306, 16.60444]}, "properties": {"nom": "Diama Alwali", "nappe": "Continental", "type": "4", "couleur": "#42A5F5"}}, {"type": "Feature", "geometry": {"type": "Point", "coordinates": [-14.77306, 16.60444]}, "properties": {"nom": "Diama Alwali", "nappe": "Continental", "type": "4", "couleur": "#42A5F5"}}, {"type": "Feature", "geometry": {"type": "Point", "coordinates": [-14.93333, 16.49444]}, "properties": {"nom": "Sovonabe Botol", "nappe": "Continental", "type": "4", "couleur": "#42A5F5"}}, {"type": "Feature", "geometry": {"type": "Point", "coordinates": [-14.98333, 16.48889]}, "properties": {"nom": "Vodabe 1", "nappe": "Continental", "type": "4", "couleur": "#42A5F5"}}, {"type": "Feature", "geometry": {"type": "Point", "coordinates": [-14.91167, 16.63305]}, "properties": {"nom": "Diatar", "nappe": "Continental", "type": "4", "couleur": "#42A5F5"}}, {"type": "Feature", "geometry": {"type": "Point", "coordinates": [-14.59444, 16.54722]}, "properties": {"nom": "Diara", "nappe": "Continental", "type": "4", "couleur": "#42A5F5"}}, {"type": "Feature", "geometry": {"type": "Point", "coordinates": [-14.58694, 16.55194]}, "properties": {"nom": "Thialma", "nappe": "Continental", "type": "4", "couleur": "#42A5F5"}}, {"type": "Feature", "geometry": {"type": "Point", "coordinates": [-14.615, 16.585]}, "properties": {"nom": "Ngane Ii", "nappe": "Continental", "type": "4", "couleur": "#42A5F5"}}, {"type": "Feature", "geometry": {"type": "Point", "coordinates": [-14.52417, 16.625]}, "properties": {"nom": "Cope Mangaye", "nappe": "Continental", "type": "4", "couleur": "#42A5F5"}}, {"type": "Feature", "geometry": {"type": "Point", "coordinates": [-14.50639, 16.60917]}, "properties": {"nom": "Oua Oua", "nappe": "Continental", "type": "4", "couleur": "#42A5F5"}}, {"type": "Feature", "geometry": {"type": "Point", "coordinates": [-14.41, 16.63083]}, "properties": {"nom": "Dara Alaybe", "nappe": "Continental", "type": "4", "couleur": "#42A5F5"}}, {"type": "Feature", "geometry": {"type": "Point", "coordinates": [-14.33417, 16.60278]}, "properties": {"nom": "Ndorboss", "nappe": "Continental", "type": "4", "couleur": "#42A5F5"}}, {"type": "Feature", "geometry": {"type": "Point", "coordinates": [-16.42694, 15.70889]}, "properties": {"nom": "Ndieumb Fall", "nappe": "Continental", "type": "4", "couleur": "#42A5F5"}}, {"type": "Feature", "geometry": {"type": "Point", "coordinates": [-16.15528, 15.74639]}, "properties": {"nom": "Thiala Kebe", "nappe": "Continental", "type": "4", "couleur": "#42A5F5"}}, {"type": "Feature", "geometry": {"type": "Point", "coordinates": [-16.56389, 15.38889]}, "properties": {"nom": "Nguer Nguer", "nappe": "Continental", "type": "4", "couleur": "#42A5F5"}}, {"type": "Feature", "geometry": {"type": "Point", "coordinates": [-16.40806, 15.59667]}, "properties": {"nom": "Sinthiou Mbenguene I", "nappe": "Continental", "type": "4", "couleur": "#42A5F5"}}, {"type": "Feature", "geometry": {"type": "Point", "coordinates": [-16.47111, 15.53417]}, "properties": {"nom": "Tounde Diop", "nappe": "Continental", "type": "4", "couleur": "#42A5F5"}}, {"type": "Feature", "geometry": {"type": "Point", "coordinates": [-16.51667, 15.36778]}, "properties": {"nom": "Diokoul", "nappe": "Continental", "type": "4", "couleur": "#42A5F5"}}, {"type": "Feature", "geometry": {"type": "Point", "coordinates": [-16.52917, 15.52556]}, "properties": {"nom": "Thieppe", "nappe": "Continental", "type": "4", "couleur": "#42A5F5"}}, {"type": "Feature", "geometry": {"type": "Point", "coordinates": [-16.52917, 15.52556]}, "properties": {"nom": "Thieppe", "nappe": "Continental", "type": "4", "couleur": "#42A5F5"}}, {"type": "Feature", "geometry": {"type": "Point", "coordinates": [-16.39667, 15.51806]}, "properties": {"nom": "Bandegne Ouolof", "nappe": "Continental", "type": "4", "couleur": "#42A5F5"}}, {"type": "Feature", "geometry": {"type": "Point", "coordinates": [-16.65833, 15.36806]}, "properties": {"nom": "Berkom Lo", "nappe": "Continental", "type": "4", "couleur": "#42A5F5"}}, {"type": "Feature", "geometry": {"type": "Point", "coordinates": [-16.575, 15.425]}, "properties": {"nom": "Ndiawagne", "nappe": "Continental", "type": "4", "couleur": "#42A5F5"}}, {"type": "Feature", "geometry": {"type": "Point", "coordinates": [-16.45, 15.63056]}, "properties": {"nom": "Diokoul Ndiarno", "nappe": "Continental", "type": "4", "couleur": "#42A5F5"}}, {"type": "Feature", "geometry": {"type": "Point", "coordinates": [-16.46389, 15.5]}, "properties": {"nom": "Parba Dieng", "nappe": "Continental", "type": "4", "couleur": "#42A5F5"}}, {"type": "Feature", "geometry": {"type": "Point", "coordinates": [-16.45, 15.63056]}, "properties": {"nom": "Diokoul Ndiarno", "nappe": "Continental", "type": "4", "couleur": "#42A5F5"}}, {"type": "Feature", "geometry": {"type": "Point", "coordinates": [-16.54, 15.57361]}, "properties": {"nom": "Tebene", "nappe": "Continental", "type": "4", "couleur": "#42A5F5"}}, {"type": "Feature", "geometry": {"type": "Point", "coordinates": [-16.53333, 14.85056]}, "properties": {"nom": "Thieppe", "nappe": "Continental", "type": "4", "couleur": "#42A5F5"}}, {"type": "Feature", "geometry": {"type": "Point", "coordinates": [-16.24611, 15.32306]}, "properties": {"nom": "Ndiakhal Peulh", "nappe": "Continental", "type": "4", "couleur": "#42A5F5"}}, {"type": "Feature", "geometry": {"type": "Point", "coordinates": [-16.24611, 15.32306]}, "properties": {"nom": "Ndiakhal Peulh", "nappe": "Continental", "type": "4", "couleur": "#42A5F5"}}, {"type": "Feature", "geometry": {"type": "Point", "coordinates": [-16.89028, 15.13889]}, "properties": {"nom": "Mboro Mbaye Mbaye", "nappe": "Continental", "type": "4", "couleur": "#42A5F5"}}, {"type": "Feature", "geometry": {"type": "Point", "coordinates": [-16.9, 15.12778]}, "properties": {"nom": "Mboro Ouolof", "nappe": "Continental", "type": "4", "couleur": "#42A5F5"}}, {"type": "Feature", "geometry": {"type": "Point", "coordinates": [-16.9, 15.15889]}, "properties": {"nom": "Mboro Khondio", "nappe": "Continental", "type": "4", "couleur": "#42A5F5"}}, {"type": "Feature", "geometry": {"type": "Point", "coordinates": [-16.89167, 15.15139]}, "properties": {"nom": "Mboro F1", "nappe": "Continental", "type": "4", "couleur": "#42A5F5"}}, {"type": "Feature", "geometry": {"type": "Point", "coordinates": [-16.70722, 15.18861]}, "properties": {"nom": "Ndombile", "nappe": "Continental", "type": "4", "couleur": "#42A5F5"}}, {"type": "Feature", "geometry": {"type": "Point", "coordinates": [-16.72445, 15.11222]}, "properties": {"nom": "Mbayene 1", "nappe": "Continental", "type": "4", "couleur": "#42A5F5"}}, {"type": "Feature", "geometry": {"type": "Point", "coordinates": [-16.71944, 15.15972]}, "properties": {"nom": "Diatty Mbaye", "nappe": "Continental", "type": "4", "couleur": "#42A5F5"}}, {"type": "Feature", "geometry": {"type": "Point", "coordinates": [-16.71528, 15.10194]}, "properties": {"nom": "Mbaraglou Khoule Bis", "nappe": "Continental", "type": "4", "couleur": "#42A5F5"}}, {"type": "Feature", "geometry": {"type": "Point", "coordinates": [-16.62361, 15.31389]}, "properties": {"nom": "Kab Gaye", "nappe": "Continental", "type": "4", "couleur": "#42A5F5"}}, {"type": "Feature", "geometry": {"type": "Point", "coordinates": [-16.45361, 15.27583]}, "properties": {"nom": "Ngueye Ngueye", "nappe": "Continental", "type": "4", "couleur": "#42A5F5"}}, {"type": "Feature", "geometry": {"type": "Point", "coordinates": [-16.45361, 15.32222]}, "properties": {"nom": "Gatty Yaram 1", "nappe": "Continental", "type": "4", "couleur": "#42A5F5"}}, {"type": "Feature", "geometry": {"type": "Point", "coordinates": [-16.47972, 15.29667]}, "properties": {"nom": "Gade Bitive", "nappe": "Continental", "type": "4", "couleur": "#42A5F5"}}, {"type": "Feature", "geometry": {"type": "Point", "coordinates": [-16.45361, 15.26361]}, "properties": {"nom": "Ndiene Ratt", "nappe": "Continental", "type": "4", "couleur": "#42A5F5"}}, {"type": "Feature", "geometry": {"type": "Point", "coordinates": [-16.41472, 15.25806]}, "properties": {"nom": "Thielly", "nappe": "Continental", "type": "4", "couleur": "#42A5F5"}}, {"type": "Feature", "geometry": {"type": "Point", "coordinates": [-16.66389, 15.19972]}, "properties": {"nom": "Mbaye Diallo", "nappe": "Continental", "type": "4", "couleur": "#42A5F5"}}, {"type": "Feature", "geometry": {"type": "Point", "coordinates": [-16.52278, 15.08056]}, "properties": {"nom": "Tabby", "nappe": "Continental", "type": "4", "couleur": "#42A5F5"}}, {"type": "Feature", "geometry": {"type": "Point", "coordinates": [-16.54445, 15.07417]}, "properties": {"nom": "Batal 1", "nappe": "Continental", "type": "4", "couleur": "#42A5F5"}}, {"type": "Feature", "geometry": {"type": "Point", "coordinates": [-16.65556, 15.08472]}, "properties": {"nom": "Ndia Ndeuckou", "nappe": "Continental", "type": "4", "couleur": "#42A5F5"}}, {"type": "Feature", "geometry": {"type": "Point", "coordinates": [-16.5, 15.03611]}, "properties": {"nom": "Khaye Nguissam", "nappe": "Continental", "type": "4", "couleur": "#42A5F5"}}, {"type": "Feature", "geometry": {"type": "Point", "coordinates": [-16.53139, 15.1]}, "properties": {"nom": "Merina Thioune", "nappe": "Continental", "type": "4", "couleur": "#42A5F5"}}, {"type": "Feature", "geometry": {"type": "Point", "coordinates": [-14.55, 15.14167]}, "properties": {"nom": "Kak", "nappe": "Continental", "type": "4", "couleur": "#42A5F5"}}, {"type": "Feature", "geometry": {"type": "Point", "coordinates": [-13.37139, 15.68556]}, "properties": {"nom": "Sinthiou Ogo (Sinthiou Mogo)", "nappe": "Continental", "type": "4", "couleur": "#42A5F5"}}, {"type": "Feature", "geometry": {"type": "Point", "coordinates": [-13.32778, 15.60972]}, "properties": {"nom": "Ourossogui", "nappe": "Continental", "type": "4", "couleur": "#42A5F5"}}, {"type": "Feature", "geometry": {"type": "Point", "coordinates": [-13.13194, 15.36944]}, "properties": {"nom": "Sinthiou Bamambe", "nappe": "Continental", "type": "4", "couleur": "#42A5F5"}}, {"type": "Feature", "geometry": {"type": "Point", "coordinates": [-13.11806, 15.36806]}, "properties": {"nom": "Banadji", "nappe": "Continental", "type": "4", "couleur": "#42A5F5"}}, {"type": "Feature", "geometry": {"type": "Point", "coordinates": [-13.27389, 15.50972]}, "properties": {"nom": "Sinthiou Garba Coli.", "nappe": "Continental", "type": "4", "couleur": "#42A5F5"}}, {"type": "Feature", "geometry": {"type": "Point", "coordinates": [-13.29611, 15.66639]}, "properties": {"nom": "Matam", "nappe": "Continental", "type": "4", "couleur": "#42A5F5"}}, {"type": "Feature", "geometry": {"type": "Point", "coordinates": [-13.32222, 15.60556]}, "properties": {"nom": "Ourossogui", "nappe": "Continental", "type": "4", "couleur": "#42A5F5"}}, {"type": "Feature", "geometry": {"type": "Point", "coordinates": [-13.01417, 15.34528]}, "properties": {"nom": "Hamady Ounare", "nappe": "Continental", "type": "4", "couleur": "#42A5F5"}}, {"type": "Feature", "geometry": {"type": "Point", "coordinates": [-13.09722, 15.55694]}, "properties": {"nom": "Odobere", "nappe": "Continental", "type": "4", "couleur": "#42A5F5"}}, {"type": "Feature", "geometry": {"type": "Point", "coordinates": [-13.30556, 15.60694]}, "properties": {"nom": "Ourossogui", "nappe": "Continental", "type": "4", "couleur": "#42A5F5"}}, {"type": "Feature", "geometry": {"type": "Point", "coordinates": [-12.93722, 15.34528]}, "properties": {"nom": "Padalal", "nappe": "Continental", "type": "4", "couleur": "#42A5F5"}}, {"type": "Feature", "geometry": {"type": "Point", "coordinates": [-12.96889, 15.48444]}, "properties": {"nom": "Orndolde", "nappe": "Continental", "type": "4", "couleur": "#42A5F5"}}, {"type": "Feature", "geometry": {"type": "Point", "coordinates": [-12.92944, 15.10972]}, "properties": {"nom": "Dialloube  Diamounguel", "nappe": "Continental", "type": "4", "couleur": "#42A5F5"}}, {"type": "Feature", "geometry": {"type": "Point", "coordinates": [-12.92944, 15.10972]}, "properties": {"nom": "Dialloube  Diamounguel", "nappe": "Continental", "type": "4", "couleur": "#42A5F5"}}, {"type": "Feature", "geometry": {"type": "Point", "coordinates": [-17.08972, 14.82778]}, "properties": {"nom": "Mbissao F2", "nappe": "Continental", "type": "4", "couleur": "#42A5F5"}}, {"type": "Feature", "geometry": {"type": "Point", "coordinates": [-17.13944, 14.85972]}, "properties": {"nom": "Beer Thialane F2 Bis", "nappe": "Continental", "type": "4", "couleur": "#42A5F5"}}, {"type": "Feature", "geometry": {"type": "Point", "coordinates": [-17.13944, 14.85972]}, "properties": {"nom": "Beer Thialane F5 Bis", "nappe": "Continental", "type": "4", "couleur": "#42A5F5"}}, {"type": "Feature", "geometry": {"type": "Point", "coordinates": [-17.07917, 14.79472]}, "properties": {"nom": "Pout", "nappe": "Continental", "type": "4", "couleur": "#42A5F5"}}, {"type": "Feature", "geometry": {"type": "Point", "coordinates": [-16.67417, 14.73917]}, "properties": {"nom": "Ndingler Ball", "nappe": "Continental", "type": "4", "couleur": "#42A5F5"}}, {"type": "Feature", "geometry": {"type": "Point", "coordinates": [-16.91667, 14.76389]}, "properties": {"nom": "Thies", "nappe": "Continental", "type": "4", "couleur": "#42A5F5"}}, {"type": "Feature", "geometry": {"type": "Point", "coordinates": [-16.86667, 14.76861]}, "properties": {"nom": "Peycouck", "nappe": "Continental", "type": "4", "couleur": "#42A5F5"}}, {"type": "Feature", "geometry": {"type": "Point", "coordinates": [-16.72111, 14.70694]}, "properties": {"nom": "Mbrouvaille", "nappe": "Continental", "type": "4", "couleur": "#42A5F5"}}, {"type": "Feature", "geometry": {"type": "Point", "coordinates": [-16.85, 14.78472]}, "properties": {"nom": "Keur Demba Ngoye", "nappe": "Continental", "type": "4", "couleur": "#42A5F5"}}, {"type": "Feature", "geometry": {"type": "Point", "coordinates": [-16.88472, 14.74444]}, "properties": {"nom": "Kere Mbaye", "nappe": "Continental", "type": "4", "couleur": "#42A5F5"}}, {"type": "Feature", "geometry": {"type": "Point", "coordinates": [-16.91945, 14.6975]}, "properties": {"nom": "Dioungane", "nappe": "Continental", "type": "4", "couleur": "#42A5F5"}}, {"type": "Feature", "geometry": {"type": "Point", "coordinates": [-16.88611, 14.73611]}, "properties": {"nom": "Keur Madiama Wade", "nappe": "Continental", "type": "4", "couleur": "#42A5F5"}}, {"type": "Feature", "geometry": {"type": "Point", "coordinates": [-16.88611, 14.73611]}, "properties": {"nom": "Keur Madiama Wade", "nappe": "Continental", "type": "4", "couleur": "#42A5F5"}}, {"type": "Feature", "geometry": {"type": "Point", "coordinates": [-16.86667, 14.77917]}, "properties": {"nom": "Keur Matar Arame", "nappe": "Continental", "type": "4", "couleur": "#42A5F5"}}, {"type": "Feature", "geometry": {"type": "Point", "coordinates": [-16.86667, 14.76806]}, "properties": {"nom": "Keur Mor Ndiaye", "nappe": "Continental", "type": "4", "couleur": "#42A5F5"}}, {"type": "Feature", "geometry": {"type": "Point", "coordinates": [-16.85, 14.76389]}, "properties": {"nom": "Keur Madaro Niang", "nappe": "Continental", "type": "4", "couleur": "#42A5F5"}}, {"type": "Feature", "geometry": {"type": "Point", "coordinates": [-16.14167, 14.84028]}, "properties": {"nom": "Dankh Sene I", "nappe": "Continental", "type": "4", "couleur": "#42A5F5"}}, {"type": "Feature", "geometry": {"type": "Point", "coordinates": [-16.89861, 14.38194]}, "properties": {"nom": "Mbouleme", "nappe": "Continental", "type": "4", "couleur": "#42A5F5"}}, {"type": "Feature", "geometry": {"type": "Point", "coordinates": [-16.975, 14.41611]}, "properties": {"nom": "F1bis De Mbour", "nappe": "Continental", "type": "4", "couleur": "#42A5F5"}}, {"type": "Feature", "geometry": {"type": "Point", "coordinates": [-16.01833, 14.01806]}, "properties": {"nom": "Koumbal", "nappe": "Continental", "type": "4", "couleur": "#42A5F5"}}, {"type": "Feature", "geometry": {"type": "Point", "coordinates": [-16.26944, 14.00139]}, "properties": {"nom": "Thiakhao Thioffior", "nappe": "Continental", "type": "4", "couleur": "#42A5F5"}}, {"type": "Feature", "geometry": {"type": "Point", "coordinates": [-15.835, 14.26778]}, "properties": {"nom": "Ndelle", "nappe": "Continental", "type": "4", "couleur": "#42A5F5"}}, {"type": "Feature", "geometry": {"type": "Point", "coordinates": [-15.50833, 14.06389]}, "properties": {"nom": "Ngodiba", "nappe": "Continental", "type": "4", "couleur": "#42A5F5"}}, {"type": "Feature", "geometry": {"type": "Point", "coordinates": [-15.45833, 14.05]}, "properties": {"nom": "Dagaye Gouye (Ngenth)", "nappe": "Continental", "type": "4", "couleur": "#42A5F5"}}, {"type": "Feature", "geometry": {"type": "Point", "coordinates": [-15.41444, 14.16944]}, "properties": {"nom": "Diamaguene 1", "nappe": "Continental", "type": "4", "couleur": "#42A5F5"}}, {"type": "Feature", "geometry": {"type": "Point", "coordinates": [-15.45361, 14.00556]}, "properties": {"nom": "Nguinth Peul (F54)", "nappe": "Continental", "type": "4", "couleur": "#42A5F5"}}, {"type": "Feature", "geometry": {"type": "Point", "coordinates": [-15.51667, 14.00833]}, "properties": {"nom": "Sinthiou Gal Ngone", "nappe": "Continental", "type": "4", "couleur": "#42A5F5"}}, {"type": "Feature", "geometry": {"type": "Point", "coordinates": [-15.30833, 14.08889]}, "properties": {"nom": "Maleme Hodar", "nappe": "Continental", "type": "4", "couleur": "#42A5F5"}}, {"type": "Feature", "geometry": {"type": "Point", "coordinates": [-15.19028, 14.02361]}, "properties": {"nom": "Niahene", "nappe": "Continental", "type": "4", "couleur": "#42A5F5"}}, {"type": "Feature", "geometry": {"type": "Point", "coordinates": [-15.02194, 14.03194]}, "properties": {"nom": "Maka Yop", "nappe": "Continental", "type": "4", "couleur": "#42A5F5"}}, {"type": "Feature", "geometry": {"type": "Point", "coordinates": [-15.05639, 14.06139]}, "properties": {"nom": "Medina Degouye", "nappe": "Continental", "type": "4", "couleur": "#42A5F5"}}, {"type": "Feature", "geometry": {"type": "Point", "coordinates": [-15.15417, 14.00278]}, "properties": {"nom": "Seane", "nappe": "Continental", "type": "4", "couleur": "#42A5F5"}}, {"type": "Feature", "geometry": {"type": "Point", "coordinates": [-15.29028, 14.02028]}, "properties": {"nom": "Mbarocounda F56", "nappe": "Continental", "type": "4", "couleur": "#42A5F5"}}, {"type": "Feature", "geometry": {"type": "Point", "coordinates": [-15.24167, 14.07028]}, "properties": {"nom": "Thialene", "nappe": "Continental", "type": "4", "couleur": "#42A5F5"}}, {"type": "Feature", "geometry": {"type": "Point", "coordinates": [-15.23611, 14.10833]}, "properties": {"nom": "Maka Belal", "nappe": "Continental", "type": "4", "couleur": "#42A5F5"}}, {"type": "Feature", "geometry": {"type": "Point", "coordinates": [-15.29167, 14.08889]}, "properties": {"nom": "Malem Hoddar", "nappe": "Continental", "type": "4", "couleur": "#42A5F5"}}, {"type": "Feature", "geometry": {"type": "Point", "coordinates": [-14.76944, 14.77139]}, "properties": {"nom": "Dayane Guelode", "nappe": "Continental", "type": "4", "couleur": "#42A5F5"}}, {"type": "Feature", "geometry": {"type": "Point", "coordinates": [-14.79167, 14.56722]}, "properties": {"nom": "Touba Darou Salam", "nappe": "Continental", "type": "4", "couleur": "#42A5F5"}}, {"type": "Feature", "geometry": {"type": "Point", "coordinates": [-14.61806, 14.36667]}, "properties": {"nom": "Darou Manna", "nappe": "Continental", "type": "4", "couleur": "#42A5F5"}}, {"type": "Feature", "geometry": {"type": "Point", "coordinates": [-14.87472, 14.20417]}, "properties": {"nom": "Ngouye Diery", "nappe": "Continental", "type": "4", "couleur": "#42A5F5"}}, {"type": "Feature", "geometry": {"type": "Point", "coordinates": [-14.96028, 14.14722]}, "properties": {"nom": "Darou Kaffate", "nappe": "Continental", "type": "4", "couleur": "#42A5F5"}}, {"type": "Feature", "geometry": {"type": "Point", "coordinates": [-14.95, 14.08611]}, "properties": {"nom": "Guerane Fass", "nappe": "Continental", "type": "4", "couleur": "#42A5F5"}}, {"type": "Feature", "geometry": {"type": "Point", "coordinates": [-14.50778, 14.03528]}, "properties": {"nom": "Touba Kaossara", "nappe": "Continental", "type": "4", "couleur": "#42A5F5"}}, {"type": "Feature", "geometry": {"type": "Point", "coordinates": [-14.31389, 14.19028]}, "properties": {"nom": "Malemba", "nappe": "Continental", "type": "4", "couleur": "#42A5F5"}}, {"type": "Feature", "geometry": {"type": "Point", "coordinates": [-14.31694, 14.19333]}, "properties": {"nom": "Malemba", "nappe": "Continental", "type": "4", "couleur": "#42A5F5"}}, {"type": "Feature", "geometry": {"type": "Point", "coordinates": [-14.34889, 14.04611]}, "properties": {"nom": "Velingara Koto", "nappe": "Continental", "type": "4", "couleur": "#42A5F5"}}, {"type": "Feature", "geometry": {"type": "Point", "coordinates": [-13.56667, 14.7]}, "properties": {"nom": "Mboung", "nappe": "Continental", "type": "4", "couleur": "#42A5F5"}}, {"type": "Feature", "geometry": {"type": "Point", "coordinates": [-13.59222, 14.27472]}, "properties": {"nom": "Bohe Baledji", "nappe": "Continental", "type": "4", "couleur": "#42A5F5"}}, {"type": "Feature", "geometry": {"type": "Point", "coordinates": [-12.56056, 14.79556]}, "properties": {"nom": "Medina Abdoul", "nappe": "Continental", "type": "4", "couleur": "#42A5F5"}}, {"type": "Feature", "geometry": {"type": "Point", "coordinates": [-12.4, 14.35]}, "properties": {"nom": "Youpe Hamady", "nappe": "Continental", "type": "4", "couleur": "#42A5F5"}}, {"type": "Feature", "geometry": {"type": "Point", "coordinates": [-12.45444, 14.19556]}, "properties": {"nom": "Seno Diaral", "nappe": "Continental", "type": "4", "couleur": "#42A5F5"}}, {"type": "Feature", "geometry": {"type": "Point", "coordinates": [-16.47778, 13.77778]}, "properties": {"nom": "Toubacouta", "nappe": "Continental", "type": "4", "couleur": "#42A5F5"}}, {"type": "Feature", "geometry": {"type": "Point", "coordinates": [-16.385, 13.75583]}, "properties": {"nom": "Simong Diene", "nappe": "Continental", "type": "4", "couleur": "#42A5F5"}}, {"type": "Feature", "geometry": {"type": "Point", "coordinates": [-16.36833, 13.84833]}, "properties": {"nom": "Diagle", "nappe": "Continental", "type": "4", "couleur": "#42A5F5"}}, {"type": "Feature", "geometry": {"type": "Point", "coordinates": [-16.36833, 13.84833]}, "properties": {"nom": "Diagle", "nappe": "Continental", "type": "4", "couleur": "#42A5F5"}}, {"type": "Feature", "geometry": {"type": "Point", "coordinates": [-16.38472, 13.77944]}, "properties": {"nom": "Keur Mama Lamine Serere", "nappe": "Continental", "type": "4", "couleur": "#42A5F5"}}, {"type": "Feature", "geometry": {"type": "Point", "coordinates": [-16.33972, 13.7775]}, "properties": {"nom": "Nioro Alassane Tall", "nappe": "Continental", "type": "4", "couleur": "#42A5F5"}}, {"type": "Feature", "geometry": {"type": "Point", "coordinates": [-16.33972, 13.7775]}, "properties": {"nom": "Nioro Alassane Tall", "nappe": "Continental", "type": "4", "couleur": "#42A5F5"}}, {"type": "Feature", "geometry": {"type": "Point", "coordinates": [-16.36944, 13.86667]}, "properties": {"nom": "Sokone P1", "nappe": "Continental", "type": "4", "couleur": "#42A5F5"}}, {"type": "Feature", "geometry": {"type": "Point", "coordinates": [-16.38361, 13.75611]}, "properties": {"nom": "Tabanding", "nappe": "Continental", "type": "4", "couleur": "#42A5F5"}}, {"type": "Feature", "geometry": {"type": "Point", "coordinates": [-16.38361, 13.75611]}, "properties": {"nom": "Tabanding", "nappe": "Continental", "type": "4", "couleur": "#42A5F5"}}, {"type": "Feature", "geometry": {"type": "Point", "coordinates": [-16.11667, 13.87361]}, "properties": {"nom": "Ndiagne", "nappe": "Continental", "type": "4", "couleur": "#42A5F5"}}, {"type": "Feature", "geometry": {"type": "Point", "coordinates": [-16.06111, 13.85417]}, "properties": {"nom": "Keur Madiabel", "nappe": "Continental", "type": "4", "couleur": "#42A5F5"}}, {"type": "Feature", "geometry": {"type": "Point", "coordinates": [-16.14444, 13.95278]}, "properties": {"nom": "Ndiedieng", "nappe": "Continental", "type": "4", "couleur": "#42A5F5"}}, {"type": "Feature", "geometry": {"type": "Point", "coordinates": [-16.01111, 13.88194]}, "properties": {"nom": "Niappa Ndiagne", "nappe": "Continental", "type": "4", "couleur": "#42A5F5"}}, {"type": "Feature", "geometry": {"type": "Point", "coordinates": [-16.30361, 13.89194]}, "properties": {"nom": "Mbowene Souleye", "nappe": "Continental", "type": "4", "couleur": "#42A5F5"}}, {"type": "Feature", "geometry": {"type": "Point", "coordinates": [-16.16667, 13.79333]}, "properties": {"nom": "Ndrame Escale", "nappe": "Continental", "type": "4", "couleur": "#42A5F5"}}, {"type": "Feature", "geometry": {"type": "Point", "coordinates": [-16.26667, 13.75139]}, "properties": {"nom": "Keur Saloum Diane", "nappe": "Continental", "type": "4", "couleur": "#42A5F5"}}, {"type": "Feature", "geometry": {"type": "Point", "coordinates": [-16.06111, 13.75417]}, "properties": {"nom": "Wack Ngouna", "nappe": "Continental", "type": "4", "couleur": "#42A5F5"}}, {"type": "Feature", "geometry": {"type": "Point", "coordinates": [-16.13333, 13.98333]}, "properties": {"nom": "Darou Mbiteyene Momath", "nappe": "Continental", "type": "4", "couleur": "#42A5F5"}}, {"type": "Feature", "geometry": {"type": "Point", "coordinates": [-16.25556, 13.98889]}, "properties": {"nom": "Passi", "nappe": "Continental", "type": "4", "couleur": "#42A5F5"}}, {"type": "Feature", "geometry": {"type": "Point", "coordinates": [-15.53194, 15.28611]}, "properties": {"nom": "Taiba Nianghene", "nappe": "Continental", "type": "4", "couleur": "#42A5F5"}}, {"type": "Feature", "geometry": {"type": "Point", "coordinates": [-16.06944, 13.95417]}, "properties": {"nom": "Lamaram Badiane", "nappe": "Continental", "type": "4", "couleur": "#42A5F5"}}, {"type": "Feature", "geometry": {"type": "Point", "coordinates": [-16.12083, 13.81611]}, "properties": {"nom": "Ndienghene Ibra", "nappe": "Continental", "type": "4", "couleur": "#42A5F5"}}, {"type": "Feature", "geometry": {"type": "Point", "coordinates": [-16.175, 13.7]}, "properties": {"nom": "Ndiaye Counda", "nappe": "Continental", "type": "4", "couleur": "#42A5F5"}}, {"type": "Feature", "geometry": {"type": "Point", "coordinates": [-16.17778, 13.84306]}, "properties": {"nom": "Keur Mamour Anta", "nappe": "Continental", "type": "4", "couleur": "#42A5F5"}}, {"type": "Feature", "geometry": {"type": "Point", "coordinates": [-16.06556, 14.90861]}, "properties": {"nom": "Daga Sambou", "nappe": "Continental", "type": "4", "couleur": "#42A5F5"}}, {"type": "Feature", "geometry": {"type": "Point", "coordinates": [-16.06972, 13.95806]}, "properties": {"nom": "Keur Soce", "nappe": "Continental", "type": "4", "couleur": "#42A5F5"}}, {"type": "Feature", "geometry": {"type": "Point", "coordinates": [-16.17778, 13.84306]}, "properties": {"nom": "Keur Mamour Anta", "nappe": "Continental", "type": "4", "couleur": "#42A5F5"}}, {"type": "Feature", "geometry": {"type": "Point", "coordinates": [-16.4, 13.62333]}, "properties": {"nom": "Sirmang", "nappe": "Continental", "type": "4", "couleur": "#42A5F5"}}, {"type": "Feature", "geometry": {"type": "Point", "coordinates": [-16.36028, 13.64889]}, "properties": {"nom": "Keur Samba Gueye", "nappe": "Continental", "type": "4", "couleur": "#42A5F5"}}, {"type": "Feature", "geometry": {"type": "Point", "coordinates": [-16.425, 13.60917]}, "properties": {"nom": "Karang Poste", "nappe": "Continental", "type": "4", "couleur": "#42A5F5"}}, {"type": "Feature", "geometry": {"type": "Point", "coordinates": [-16.425, 13.60917]}, "properties": {"nom": "Karang Poste", "nappe": "Continental", "type": "4", "couleur": "#42A5F5"}}, {"type": "Feature", "geometry": {"type": "Point", "coordinates": [-16.4, 13.62333]}, "properties": {"nom": "Sirmang", "nappe": "Continental", "type": "4", "couleur": "#42A5F5"}}, {"type": "Feature", "geometry": {"type": "Point", "coordinates": [-16.27917, 13.6375]}, "properties": {"nom": "Keur Momath Souna", "nappe": "Continental", "type": "4", "couleur": "#42A5F5"}}, {"type": "Feature", "geometry": {"type": "Point", "coordinates": [-16.30139, 13.61889]}, "properties": {"nom": "Medina Djikoye", "nappe": "Continental", "type": "4", "couleur": "#42A5F5"}}, {"type": "Feature", "geometry": {"type": "Point", "coordinates": [-16.08278, 13.62]}, "properties": {"nom": "Saboya", "nappe": "Continental", "type": "4", "couleur": "#42A5F5"}}, {"type": "Feature", "geometry": {"type": "Point", "coordinates": [-16.00833, 13.63333]}, "properties": {"nom": "Velingara Walo", "nappe": "Continental", "type": "4", "couleur": "#42A5F5"}}, {"type": "Feature", "geometry": {"type": "Point", "coordinates": [-16.60139, 13.04444]}, "properties": {"nom": "Diouloulou", "nappe": "Continental", "type": "4", "couleur": "#42A5F5"}}, {"type": "Feature", "geometry": {"type": "Point", "coordinates": [-16.26667, 13.06167]}, "properties": {"nom": "Djibidione", "nappe": "Continental", "type": "4", "couleur": "#42A5F5"}}, {"type": "Feature", "geometry": {"type": "Point", "coordinates": [-15.675, 13.67778]}, "properties": {"nom": "Djiba Ndiayene", "nappe": "Continental", "type": "4", "couleur": "#42A5F5"}}, {"type": "Feature", "geometry": {"type": "Point", "coordinates": [-15.77778, 13.74444]}, "properties": {"nom": "Nioro Du Rip", "nappe": "Continental", "type": "4", "couleur": "#42A5F5"}}, {"type": "Feature", "geometry": {"type": "Point", "coordinates": [-15.77778, 13.74444]}, "properties": {"nom": "Nioro Du Rip", "nappe": "Continental", "type": "4", "couleur": "#42A5F5"}}, {"type": "Feature", "geometry": {"type": "Point", "coordinates": [-15.83333, 13.68889]}, "properties": {"nom": "Prokhane Ouolof", "nappe": "Continental", "type": "4", "couleur": "#42A5F5"}}, {"type": "Feature", "geometry": {"type": "Point", "coordinates": [-15.83333, 13.68889]}, "properties": {"nom": "Prokhane Ouolof", "nappe": "Continental", "type": "4", "couleur": "#42A5F5"}}, {"type": "Feature", "geometry": {"type": "Point", "coordinates": [-15.83333, 13.68889]}, "properties": {"nom": "Prokhane Ouolof", "nappe": "Continental", "type": "4", "couleur": "#42A5F5"}}, {"type": "Feature", "geometry": {"type": "Point", "coordinates": [-15.83333, 13.68889]}, "properties": {"nom": "Prokhane Ouolof", "nappe": "Continental", "type": "4", "couleur": "#42A5F5"}}, {"type": "Feature", "geometry": {"type": "Point", "coordinates": [-15.90972, 13.76111]}, "properties": {"nom": "Taiba Niassene", "nappe": "Continental", "type": "4", "couleur": "#42A5F5"}}, {"type": "Feature", "geometry": {"type": "Point", "coordinates": [-15.88056, 13.87222]}, "properties": {"nom": "Gapakh", "nappe": "Continental", "type": "4", "couleur": "#42A5F5"}}, {"type": "Feature", "geometry": {"type": "Point", "coordinates": [-15.8, 13.78417]}, "properties": {"nom": "Paoskoto", "nappe": "Continental", "type": "4", "couleur": "#42A5F5"}}, {"type": "Feature", "geometry": {"type": "Point", "coordinates": [-15.95833, 13.84167]}, "properties": {"nom": "Gainthe Kaye", "nappe": "Continental", "type": "4", "couleur": "#42A5F5"}}, {"type": "Feature", "geometry": {"type": "Point", "coordinates": [-15.99306, 13.76944]}, "properties": {"nom": "Missirah Saloum", "nappe": "Continental", "type": "4", "couleur": "#42A5F5"}}, {"type": "Feature", "geometry": {"type": "Point", "coordinates": [-15.99167, 13.67889]}, "properties": {"nom": "Ndiagne Walo", "nappe": "Continental", "type": "4", "couleur": "#42A5F5"}}, {"type": "Feature", "geometry": {"type": "Point", "coordinates": [-15.79167, 13.74944]}, "properties": {"nom": "Nioro Du Rip", "nappe": "Continental", "type": "4", "couleur": "#42A5F5"}}, {"type": "Feature", "geometry": {"type": "Point", "coordinates": [-15.76667, 13.9]}, "properties": {"nom": "Thiare Ndoffane", "nappe": "Continental", "type": "4", "couleur": "#42A5F5"}}, {"type": "Feature", "geometry": {"type": "Point", "coordinates": [-15.97389, 13.91472]}, "properties": {"nom": "Tanda Mboudaye", "nappe": "Continental", "type": "4", "couleur": "#42A5F5"}}, {"type": "Feature", "geometry": {"type": "Point", "coordinates": [-15.67361, 13.91389]}, "properties": {"nom": "Mabo 1 (Escale)", "nappe": "Continental", "type": "4", "couleur": "#42A5F5"}}, {"type": "Feature", "geometry": {"type": "Point", "coordinates": [-15.7, 13.78333]}, "properties": {"nom": "Touba Saloum", "nappe": "Continental", "type": "4", "couleur": "#42A5F5"}}, {"type": "Feature", "geometry": {"type": "Point", "coordinates": [-15.74167, 13.77222]}, "properties": {"nom": "Darou Salam Nioro", "nappe": "Continental", "type": "4", "couleur": "#42A5F5"}}, {"type": "Feature", "geometry": {"type": "Point", "coordinates": [-15.81389, 13.90833]}, "properties": {"nom": "Pakatiar Sekko", "nappe": "Continental", "type": "4", "couleur": "#42A5F5"}}, {"type": "Feature", "geometry": {"type": "Point", "coordinates": [-15.975, 13.81389]}, "properties": {"nom": "Thioubene", "nappe": "Continental", "type": "4", "couleur": "#42A5F5"}}, {"type": "Feature", "geometry": {"type": "Point", "coordinates": [-15.83333, 13.6925]}, "properties": {"nom": "Prokhane", "nappe": "Continental", "type": "4", "couleur": "#42A5F5"}}, {"type": "Feature", "geometry": {"type": "Point", "coordinates": [-15.76667, 13.9]}, "properties": {"nom": "Keur Safady", "nappe": "Continental", "type": "4", "couleur": "#42A5F5"}}, {"type": "Feature", "geometry": {"type": "Point", "coordinates": [-15.93611, 13.77222]}, "properties": {"nom": "Thiamene Walo", "nappe": "Continental", "type": "4", "couleur": "#42A5F5"}}, {"type": "Feature", "geometry": {"type": "Point", "coordinates": [-15.93333, 13.89444]}, "properties": {"nom": "Keur Soutoura", "nappe": "Continental", "type": "4", "couleur": "#42A5F5"}}, {"type": "Feature", "geometry": {"type": "Point", "coordinates": [-15.5625, 13.9625]}, "properties": {"nom": "Madina Keur Ibrahima Cisse", "nappe": "Continental", "type": "4", "couleur": "#42A5F5"}}, {"type": "Feature", "geometry": {"type": "Point", "coordinates": [-15.67472, 13.68028]}, "properties": {"nom": "Ndiba Ndiayene", "nappe": "Continental", "type": "4", "couleur": "#42A5F5"}}, {"type": "Feature", "geometry": {"type": "Point", "coordinates": [-15.83889, 13.69167]}, "properties": {"nom": "Prokhane", "nappe": "Continental", "type": "4", "couleur": "#42A5F5"}}, {"type": "Feature", "geometry": {"type": "Point", "coordinates": [-15.83333, 13.725]}, "properties": {"nom": "Keur Mamour Dieng", "nappe": "Continental", "type": "4", "couleur": "#42A5F5"}}, {"type": "Feature", "geometry": {"type": "Point", "coordinates": [-15.99306, 14.76944]}, "properties": {"nom": "Missirah Albade", "nappe": "Continental", "type": "4", "couleur": "#42A5F5"}}, {"type": "Feature", "geometry": {"type": "Point", "coordinates": [-15.73889, 13.71806]}, "properties": {"nom": "Sinthiou Mamour Ndary", "nappe": "Continental", "type": "4", "couleur": "#42A5F5"}}, {"type": "Feature", "geometry": {"type": "Point", "coordinates": [-15.425, 13.83333]}, "properties": {"nom": "Nganda", "nappe": "Continental", "type": "4", "couleur": "#42A5F5"}}, {"type": "Feature", "geometry": {"type": "Point", "coordinates": [-15.55556, 13.72083]}, "properties": {"nom": "Keur Bakari", "nappe": "Continental", "type": "4", "couleur": "#42A5F5"}}, {"type": "Feature", "geometry": {"type": "Point", "coordinates": [-15.58333, 13.76667]}, "properties": {"nom": "Kayemor", "nappe": "Continental", "type": "4", "couleur": "#42A5F5"}}, {"type": "Feature", "geometry": {"type": "Point", "coordinates": [-15.48889, 13.68333]}, "properties": {"nom": "Ngayene", "nappe": "Continental", "type": "4", "couleur": "#42A5F5"}}, {"type": "Feature", "geometry": {"type": "Point", "coordinates": [-15.44444, 13.95833]}, "properties": {"nom": "Katakel", "nappe": "Continental", "type": "4", "couleur": "#42A5F5"}}, {"type": "Feature", "geometry": {"type": "Point", "coordinates": [-15.60833, 13.87222]}, "properties": {"nom": "Darou Wanar", "nappe": "Continental", "type": "4", "couleur": "#42A5F5"}}, {"type": "Feature", "geometry": {"type": "Point", "coordinates": [-15.46111, 13.92556]}, "properties": {"nom": "Taiba (F52)", "nappe": "Continental", "type": "4", "couleur": "#42A5F5"}}, {"type": "Feature", "geometry": {"type": "Point", "coordinates": [-15.4425, 13.98556]}, "properties": {"nom": "Boffi (F53)", "nappe": "Continental", "type": "4", "couleur": "#42A5F5"}}, {"type": "Feature", "geometry": {"type": "Point", "coordinates": [-15.42639, 13.79722]}, "properties": {"nom": "Diamagadio", "nappe": "Continental", "type": "4", "couleur": "#42A5F5"}}, {"type": "Feature", "geometry": {"type": "Point", "coordinates": [-15.54583, 15.84861]}, "properties": {"nom": "Ndiao Bambali", "nappe": "Continental", "type": "4", "couleur": "#42A5F5"}}, {"type": "Feature", "geometry": {"type": "Point", "coordinates": [-15.57778, 13.6]}, "properties": {"nom": "Medina Sabakh", "nappe": "Continental", "type": "4", "couleur": "#42A5F5"}}, {"type": "Feature", "geometry": {"type": "Point", "coordinates": [-15.5575, 13.79472]}, "properties": {"nom": "Thysse Kayemor", "nappe": "Continental", "type": "4", "couleur": "#42A5F5"}}, {"type": "Feature", "geometry": {"type": "Point", "coordinates": [-15.57528, 13.68611]}, "properties": {"nom": "Payoma", "nappe": "Continental", "type": "4", "couleur": "#42A5F5"}}, {"type": "Feature", "geometry": {"type": "Point", "coordinates": [-15.17111, 13.92056]}, "properties": {"nom": "Dimiskha", "nappe": "Continental", "type": "4", "couleur": "#42A5F5"}}, {"type": "Feature", "geometry": {"type": "Point", "coordinates": [-15.25, 13.95556]}, "properties": {"nom": "Temegne", "nappe": "Continental", "type": "4", "couleur": "#42A5F5"}}, {"type": "Feature", "geometry": {"type": "Point", "coordinates": [-15.11667, 13.98806]}, "properties": {"nom": "Missirah", "nappe": "Continental", "type": "4", "couleur": "#42A5F5"}}, {"type": "Feature", "geometry": {"type": "Point", "coordinates": [-15.28889, 13.95722]}, "properties": {"nom": "Diokoul Mbelbouck", "nappe": "Continental", "type": "4", "couleur": "#42A5F5"}}, {"type": "Feature", "geometry": {"type": "Point", "coordinates": [-15.15, 13.86667]}, "properties": {"nom": "Pathe Thiangaye", "nappe": "Continental", "type": "4", "couleur": "#42A5F5"}}, {"type": "Feature", "geometry": {"type": "Point", "coordinates": [-15.21111, 13.90694]}, "properties": {"nom": "Sam Ngayene", "nappe": "Continental", "type": "4", "couleur": "#42A5F5"}}, {"type": "Feature", "geometry": {"type": "Point", "coordinates": [-15.32611, 13.98222]}, "properties": {"nom": "Dioly Mandiakh", "nappe": "Continental", "type": "4", "couleur": "#42A5F5"}}, {"type": "Feature", "geometry": {"type": "Point", "coordinates": [-15.25556, 13.81111]}, "properties": {"nom": "Medinatou Salam Ii", "nappe": "Continental", "type": "4", "couleur": "#42A5F5"}}, {"type": "Feature", "geometry": {"type": "Point", "coordinates": [-15.41667, 14.01944]}, "properties": {"nom": "Medinatou Diacksao/Salam2", "nappe": "Continental", "type": "4", "couleur": "#42A5F5"}}, {"type": "Feature", "geometry": {"type": "Point", "coordinates": [-15.15889, 13.86694]}, "properties": {"nom": "Pathe Thiangaye", "nappe": "Continental", "type": "4", "couleur": "#42A5F5"}}, {"type": "Feature", "geometry": {"type": "Point", "coordinates": [-15.15889, 13.86694]}, "properties": {"nom": "Sinthiou Thiamene", "nappe": "Continental", "type": "4", "couleur": "#42A5F5"}}, {"type": "Feature", "geometry": {"type": "Point", "coordinates": [-15.97222, 13.64167]}, "properties": {"nom": "Keur Maba Diakhou", "nappe": "Continental", "type": "4", "couleur": "#42A5F5"}}, {"type": "Feature", "geometry": {"type": "Point", "coordinates": [-15.87222, 13.62083]}, "properties": {"nom": "Keur Moussa Frontier", "nappe": "Continental", "type": "4", "couleur": "#42A5F5"}}, {"type": "Feature", "geometry": {"type": "Point", "coordinates": [-15.96944, 13.64167]}, "properties": {"nom": "Keur Maba Diakhou", "nappe": "Continental", "type": "4", "couleur": "#42A5F5"}}, {"type": "Feature", "geometry": {"type": "Point", "coordinates": [-15.60639, 13.59472]}, "properties": {"nom": "Keur Ayib", "nappe": "Continental", "type": "4", "couleur": "#42A5F5"}}, {"type": "Feature", "geometry": {"type": "Point", "coordinates": [-15.525, 13.63278]}, "properties": {"nom": "Thiamene", "nappe": "Continental", "type": "4", "couleur": "#42A5F5"}}, {"type": "Feature", "geometry": {"type": "Point", "coordinates": [-15.59722, 13.60555]}, "properties": {"nom": "Keur Ayip", "nappe": "Continental", "type": "4", "couleur": "#42A5F5"}}, {"type": "Feature", "geometry": {"type": "Point", "coordinates": [-15.59722, 13.60555]}, "properties": {"nom": "Keur Ayip", "nappe": "Continental", "type": "4", "couleur": "#42A5F5"}}, {"type": "Feature", "geometry": {"type": "Point", "coordinates": [-15.58333, 13.59444]}, "properties": {"nom": "Medina Sabakh", "nappe": "Continental", "type": "4", "couleur": "#42A5F5"}}, {"type": "Feature", "geometry": {"type": "Point", "coordinates": [-15.64444, 13.625]}, "properties": {"nom": "Kohel", "nappe": "Continental", "type": "4", "couleur": "#42A5F5"}}, {"type": "Feature", "geometry": {"type": "Point", "coordinates": [-15.53333, 13.63333]}, "properties": {"nom": "Thiamene Sanghap", "nappe": "Continental", "type": "4", "couleur": "#42A5F5"}}, {"type": "Feature", "geometry": {"type": "Point", "coordinates": [-15.1075, 13.56472]}, "properties": {"nom": "Hamdalaye Samba Mbaye", "nappe": "Continental", "type": "4", "couleur": "#42A5F5"}}, {"type": "Feature", "geometry": {"type": "Point", "coordinates": [-15.34722, 13.07778]}, "properties": {"nom": "Touba Moricounda", "nappe": "Continental", "type": "4", "couleur": "#42A5F5"}}, {"type": "Feature", "geometry": {"type": "Point", "coordinates": [-15.63333, 13.31389]}, "properties": {"nom": "Ndiamacouta", "nappe": "Continental", "type": "4", "couleur": "#42A5F5"}}, {"type": "Feature", "geometry": {"type": "Point", "coordinates": [-15.63667, 13.32639]}, "properties": {"nom": "Diamalathiel", "nappe": "Continental", "type": "4", "couleur": "#42A5F5"}}, {"type": "Feature", "geometry": {"type": "Point", "coordinates": [-15.55194, 13.20083]}, "properties": {"nom": "Sare Sidi", "nappe": "Continental", "type": "4", "couleur": "#42A5F5"}}, {"type": "Feature", "geometry": {"type": "Point", "coordinates": [-15.30278, 13.07083]}, "properties": {"nom": "Syllacounda", "nappe": "Continental", "type": "4", "couleur": "#42A5F5"}}, {"type": "Feature", "geometry": {"type": "Point", "coordinates": [-15.04833, 13.15639]}, "properties": {"nom": "Ndorna", "nappe": "Continental", "type": "4", "couleur": "#42A5F5"}}, {"type": "Feature", "geometry": {"type": "Point", "coordinates": [-14.8, 13.97778]}, "properties": {"nom": "Koungheul Escale", "nappe": "Continental", "type": "4", "couleur": "#42A5F5"}}, {"type": "Feature", "geometry": {"type": "Point", "coordinates": [-14.85833, 13.7875]}, "properties": {"nom": "Keur Madoumbe", "nappe": "Continental", "type": "4", "couleur": "#42A5F5"}}, {"type": "Feature", "geometry": {"type": "Point", "coordinates": [-14.73333, 13.80139]}, "properties": {"nom": "Kanta", "nappe": "Continental", "type": "4", "couleur": "#42A5F5"}}, {"type": "Feature", "geometry": {"type": "Point", "coordinates": [-14.68611, 13.83278]}, "properties": {"nom": "Ainoumane", "nappe": "Continental", "type": "4", "couleur": "#42A5F5"}}, {"type": "Feature", "geometry": {"type": "Point", "coordinates": [-14.90556, 13.86444]}, "properties": {"nom": "Saly Escale", "nappe": "Continental", "type": "4", "couleur": "#42A5F5"}}, {"type": "Feature", "geometry": {"type": "Point", "coordinates": [-14.97778, 13.91694]}, "properties": {"nom": "Ndiba Koukoto (F44)", "nappe": "Continental", "type": "4", "couleur": "#42A5F5"}}, {"type": "Feature", "geometry": {"type": "Point", "coordinates": [-14.86917, 13.90556]}, "properties": {"nom": "Keur Lamine", "nappe": "Continental", "type": "4", "couleur": "#42A5F5"}}, {"type": "Feature", "geometry": {"type": "Point", "coordinates": [-14.56667, 13.975]}, "properties": {"nom": "Koumpentoum Escale", "nappe": "Continental", "type": "4", "couleur": "#42A5F5"}}, {"type": "Feature", "geometry": {"type": "Point", "coordinates": [-14.56667, 13.96667]}, "properties": {"nom": "Koumpentoum Escale", "nappe": "Continental", "type": "4", "couleur": "#42A5F5"}}, {"type": "Feature", "geometry": {"type": "Point", "coordinates": [-14.44167, 13.81667]}, "properties": {"nom": "Mereto Dialoube", "nappe": "Continental", "type": "4", "couleur": "#42A5F5"}}, {"type": "Feature", "geometry": {"type": "Point", "coordinates": [-14.44583, 13.8625]}, "properties": {"nom": "Diagle Sine", "nappe": "Continental", "type": "4", "couleur": "#42A5F5"}}, {"type": "Feature", "geometry": {"type": "Point", "coordinates": [-14.45556, 13.89444]}, "properties": {"nom": "Darou Fall", "nappe": "Continental", "type": "4", "couleur": "#42A5F5"}}, {"type": "Feature", "geometry": {"type": "Point", "coordinates": [-14.41111, 13.725]}, "properties": {"nom": "Sare Guelel", "nappe": "Continental", "type": "4", "couleur": "#42A5F5"}}, {"type": "Feature", "geometry": {"type": "Point", "coordinates": [-14.47778, 13.725]}, "properties": {"nom": "Touba Terres Neuves", "nappe": "Continental", "type": "4", "couleur": "#42A5F5"}}, {"type": "Feature", "geometry": {"type": "Point", "coordinates": [-14.65833, 13.98611]}, "properties": {"nom": "Douba Lampour", "nappe": "Continental", "type": "4", "couleur": "#42A5F5"}}, {"type": "Feature", "geometry": {"type": "Point", "coordinates": [-14.48333, 13.85139]}, "properties": {"nom": "Ndiambour", "nappe": "Continental", "type": "4", "couleur": "#42A5F5"}}, {"type": "Feature", "geometry": {"type": "Point", "coordinates": [-14.55194, 13.87861]}, "properties": {"nom": "Darou Ndimbelane", "nappe": "Continental", "type": "4", "couleur": "#42A5F5"}}, {"type": "Feature", "geometry": {"type": "Point", "coordinates": [-14.54806, 13.83694]}, "properties": {"nom": "Fass Ndimbelane", "nappe": "Continental", "type": "4", "couleur": "#42A5F5"}}, {"type": "Feature", "geometry": {"type": "Point", "coordinates": [-14.58694, 13.86944]}, "properties": {"nom": "Kissang", "nappe": "Continental", "type": "4", "couleur": "#42A5F5"}}, {"type": "Feature", "geometry": {"type": "Point", "coordinates": [-14.61667, 13.80556]}, "properties": {"nom": "Bamba Ndiayene", "nappe": "Continental", "type": "4", "couleur": "#42A5F5"}}, {"type": "Feature", "geometry": {"type": "Point", "coordinates": [-14.595, 13.82639]}, "properties": {"nom": "Ndiawene Peulh", "nappe": "Continental", "type": "4", "couleur": "#42A5F5"}}, {"type": "Feature", "geometry": {"type": "Point", "coordinates": [-14.56667, 13.97778]}, "properties": {"nom": "Koumpentoum Escale", "nappe": "Continental", "type": "4", "couleur": "#42A5F5"}}, {"type": "Feature", "geometry": {"type": "Point", "coordinates": [-14.36111, 13.85861]}, "properties": {"nom": "Darou Fall", "nappe": "Continental", "type": "4", "couleur": "#42A5F5"}}, {"type": "Feature", "geometry": {"type": "Point", "coordinates": [-14.50778, 13.67861]}, "properties": {"nom": "Goudoude Diobe", "nappe": "Continental", "type": "4", "couleur": "#42A5F5"}}, {"type": "Feature", "geometry": {"type": "Point", "coordinates": [-14.50667, 13.67861]}, "properties": {"nom": "Boulimenga", "nappe": "Continental", "type": "4", "couleur": "#42A5F5"}}, {"type": "Feature", "geometry": {"type": "Point", "coordinates": [-14.46111, 13.9025]}, "properties": {"nom": "Touba Cine", "nappe": "Continental", "type": "4", "couleur": "#42A5F5"}}, {"type": "Feature", "geometry": {"type": "Point", "coordinates": [-14.50028, 13.80889]}, "properties": {"nom": "Foula Colong", "nappe": "Continental", "type": "4", "couleur": "#42A5F5"}}, {"type": "Feature", "geometry": {"type": "Point", "coordinates": [-14.10361, 13.86778]}, "properties": {"nom": "Koussanar Escale", "nappe": "Continental", "type": "4", "couleur": "#42A5F5"}}, {"type": "Feature", "geometry": {"type": "Point", "coordinates": [-14.29639, 13.94389]}, "properties": {"nom": "Maleme Niani", "nappe": "Continental", "type": "4", "couleur": "#42A5F5"}}, {"type": "Feature", "geometry": {"type": "Point", "coordinates": [-14.325, 13.69861]}, "properties": {"nom": "Ndougoussine", "nappe": "Continental", "type": "4", "couleur": "#42A5F5"}}, {"type": "Feature", "geometry": {"type": "Point", "coordinates": [-14.29139, 13.66111]}, "properties": {"nom": "Maka Escale", "nappe": "Continental", "type": "4", "couleur": "#42A5F5"}}, {"type": "Feature", "geometry": {"type": "Point", "coordinates": [-14.32806, 13.59833]}, "properties": {"nom": "Boulembou", "nappe": "Continental", "type": "4", "couleur": "#42A5F5"}}, {"type": "Feature", "geometry": {"type": "Point", "coordinates": [-14.09306, 13.07222]}, "properties": {"nom": "Velingara Sud 2", "nappe": "Continental", "type": "4", "couleur": "#42A5F5"}}, {"type": "Feature", "geometry": {"type": "Point", "coordinates": [-14.11806, 13.14583]}, "properties": {"nom": "Velingara", "nappe": "Continental", "type": "4", "couleur": "#42A5F5"}}, {"type": "Feature", "geometry": {"type": "Point", "coordinates": [-14.08056, 13.225]}, "properties": {"nom": "Nemataba", "nappe": "Continental", "type": "4", "couleur": "#42A5F5"}}, {"type": "Feature", "geometry": {"type": "Point", "coordinates": [-14.22361, 13.08333]}, "properties": {"nom": "Kandia", "nappe": "Continental", "type": "4", "couleur": "#42A5F5"}}, {"type": "Feature", "geometry": {"type": "Point", "coordinates": [-14.0375, 13.1625]}, "properties": {"nom": "Sinthian Koundara", "nappe": "Continental", "type": "4", "couleur": "#42A5F5"}}, {"type": "Feature", "geometry": {"type": "Point", "coordinates": [-14.19333, 13.07889]}, "properties": {"nom": "Mountoumba", "nappe": "Continental", "type": "4", "couleur": "#42A5F5"}}, {"type": "Feature", "geometry": {"type": "Point", "coordinates": [-13.78611, 13.7625]}, "properties": {"nom": "Samecouta Peulh", "nappe": "Continental", "type": "4", "couleur": "#42A5F5"}}, {"type": "Feature", "geometry": {"type": "Point", "coordinates": [-13.78611, 13.75139]}, "properties": {"nom": "Samecouta Peulh", "nappe": "Continental", "type": "4", "couleur": "#42A5F5"}}, {"type": "Feature", "geometry": {"type": "Point", "coordinates": [-13.82722, 13.95]}, "properties": {"nom": "Medina Diakha Ouly", "nappe": "Continental", "type": "4", "couleur": "#42A5F5"}}, {"type": "Feature", "geometry": {"type": "Point", "coordinates": [-13.92222, 13.8]}, "properties": {"nom": "Sinthiou Maleme Ii", "nappe": "Continental", "type": "4", "couleur": "#42A5F5"}}, {"type": "Feature", "geometry": {"type": "Point", "coordinates": [-13.59444, 13.61944]}, "properties": {"nom": "Velingara Pont", "nappe": "Continental", "type": "4", "couleur": "#42A5F5"}}, {"type": "Feature", "geometry": {"type": "Point", "coordinates": [-13.51667, 13.525]}, "properties": {"nom": "Missirah", "nappe": "Continental", "type": "4", "couleur": "#42A5F5"}}, {"type": "Feature", "geometry": {"type": "Point", "coordinates": [-13.11667, 13.65]}, "properties": {"nom": "Bala Foulbe", "nappe": "Continental", "type": "4", "couleur": "#42A5F5"}}, {"type": "Feature", "geometry": {"type": "Point", "coordinates": [-13.74944, 13.13667]}, "properties": {"nom": "Medina Gounass", "nappe": "Continental", "type": "4", "couleur": "#42A5F5"}}, {"type": "Feature", "geometry": {"type": "Point", "coordinates": [-13.77917, 13.1375]}, "properties": {"nom": "Medina Gounass", "nappe": "Continental", "type": "4", "couleur": "#42A5F5"}}, {"type": "Feature", "geometry": {"type": "Point", "coordinates": [-13.78694, 13.33333]}, "properties": {"nom": "Timin Dalla", "nappe": "Continental", "type": "4", "couleur": "#42A5F5"}}, {"type": "Feature", "geometry": {"type": "Point", "coordinates": [-13.82778, 13.24083]}, "properties": {"nom": "Sinthiou Samba Foula", "nappe": "Continental", "type": "4", "couleur": "#42A5F5"}}, {"type": "Feature", "geometry": {"type": "Point", "coordinates": [-13.79833, 13.06333]}, "properties": {"nom": "Medina Pakane", "nappe": "Continental", "type": "4", "couleur": "#42A5F5"}}, {"type": "Feature", "geometry": {"type": "Point", "coordinates": [-12.87694, 13.82972]}, "properties": {"nom": "Bani Israel", "nappe": "Continental", "type": "4", "couleur": "#42A5F5"}}, {"type": "Feature", "geometry": {"type": "Point", "coordinates": [-16.34444, 12.89722]}, "properties": {"nom": "Baila", "nappe": "Continental", "type": "4", "couleur": "#42A5F5"}}, {"type": "Feature", "geometry": {"type": "Point", "coordinates": [-16.33472, 12.74028]}, "properties": {"nom": "Niamone", "nappe": "Continental", "type": "4", "couleur": "#42A5F5"}}, {"type": "Feature", "geometry": {"type": "Point", "coordinates": [-16.36667, 12.83611]}, "properties": {"nom": "Niamone", "nappe": "Continental", "type": "4", "couleur": "#42A5F5"}}, {"type": "Feature", "geometry": {"type": "Point", "coordinates": [-16.74444, 12.38472]}, "properties": {"nom": "Boucotte Ouolof", "nappe": "Continental", "type": "4", "couleur": "#42A5F5"}}, {"type": "Feature", "geometry": {"type": "Point", "coordinates": [-16.74444, 12.39444]}, "properties": {"nom": "Boucotte Ouolof", "nappe": "Continental", "type": "4", "couleur": "#42A5F5"}}, {"type": "Feature", "geometry": {"type": "Point", "coordinates": [-16.74444, 12.39583]}, "properties": {"nom": "Boucotte Ouolof", "nappe": "Continental", "type": "4", "couleur": "#42A5F5"}}, {"type": "Feature", "geometry": {"type": "Point", "coordinates": [-16.75556, 12.41111]}, "properties": {"nom": "Boucotte Ouolof", "nappe": "Continental", "type": "4", "couleur": "#42A5F5"}}, {"type": "Feature", "geometry": {"type": "Point", "coordinates": [-16.71778, 12.34722]}, "properties": {"nom": "Cabrousse Kadiakaye", "nappe": "Continental", "type": "4", "couleur": "#42A5F5"}}, {"type": "Feature", "geometry": {"type": "Point", "coordinates": [-16.73056, 12.36667]}, "properties": {"nom": "Boucotte Ouolof", "nappe": "Continental", "type": "4", "couleur": "#42A5F5"}}, {"type": "Feature", "geometry": {"type": "Point", "coordinates": [-16.75833, 12.43194]}, "properties": {"nom": "Bouyouye", "nappe": "Continental", "type": "4", "couleur": "#42A5F5"}}, {"type": "Feature", "geometry": {"type": "Point", "coordinates": [-16.73056, 12.36111]}, "properties": {"nom": "Cabrousse Mossor", "nappe": "Continental", "type": "4", "couleur": "#42A5F5"}}, {"type": "Feature", "geometry": {"type": "Point", "coordinates": [-16.725, 12.41444]}, "properties": {"nom": "Boucotte Diola", "nappe": "Continental", "type": "4", "couleur": "#42A5F5"}}, {"type": "Feature", "geometry": {"type": "Point", "coordinates": [-16.76944, 12.42917]}, "properties": {"nom": "Boucotte Ouolof", "nappe": "Continental", "type": "4", "couleur": "#42A5F5"}}, {"type": "Feature", "geometry": {"type": "Point", "coordinates": [-16.70833, 12.38889]}, "properties": {"nom": "Cabrousse Nialou", "nappe": "Continental", "type": "4", "couleur": "#42A5F5"}}, {"type": "Feature", "geometry": {"type": "Point", "coordinates": [-16.77361, 12.43194]}, "properties": {"nom": "Boucotte Ouolof", "nappe": "Continental", "type": "4", "couleur": "#42A5F5"}}, {"type": "Feature", "geometry": {"type": "Point", "coordinates": [-16.76944, 12.43056]}, "properties": {"nom": "Boucotte Ouolof", "nappe": "Continental", "type": "4", "couleur": "#42A5F5"}}, {"type": "Feature", "geometry": {"type": "Point", "coordinates": [-16.725, 12.35833]}, "properties": {"nom": "Cabrousse Nialou", "nappe": "Continental", "type": "4", "couleur": "#42A5F5"}}, {"type": "Feature", "geometry": {"type": "Point", "coordinates": [-16.67417, 12.5075]}, "properties": {"nom": "Elinkine", "nappe": "Continental", "type": "4", "couleur": "#42A5F5"}}, {"type": "Feature", "geometry": {"type": "Point", "coordinates": [-16.78333, 12.47222]}, "properties": {"nom": "Djembering", "nappe": "Continental", "type": "4", "couleur": "#42A5F5"}}, {"type": "Feature", "geometry": {"type": "Point", "coordinates": [-16.55, 12.49167]}, "properties": {"nom": "Oussouye", "nappe": "Continental", "type": "4", "couleur": "#42A5F5"}}, {"type": "Feature", "geometry": {"type": "Point", "coordinates": [-16.54583, 12.48333]}, "properties": {"nom": "Oussouye", "nappe": "Continental", "type": "4", "couleur": "#42A5F5"}}, {"type": "Feature", "geometry": {"type": "Point", "coordinates": [-16.56667, 12.51667]}, "properties": {"nom": "Loudia Ouolof", "nappe": "Continental", "type": "4", "couleur": "#42A5F5"}}, {"type": "Feature", "geometry": {"type": "Point", "coordinates": [-16.55694, 12.47278]}, "properties": {"nom": "Oukout", "nappe": "Continental", "type": "4", "couleur": "#42A5F5"}}, {"type": "Feature", "geometry": {"type": "Point", "coordinates": [-16.36944, 12.475]}, "properties": {"nom": "Nyassia", "nappe": "Continental", "type": "4", "couleur": "#42A5F5"}}, {"type": "Feature", "geometry": {"type": "Point", "coordinates": [-16.58833, 12.55278]}, "properties": {"nom": "Mlomp", "nappe": "Continental", "type": "4", "couleur": "#42A5F5"}}, {"type": "Feature", "geometry": {"type": "Point", "coordinates": [-16.55472, 12.54861]}, "properties": {"nom": "Oussouye F2 Bis", "nappe": "Continental", "type": "4", "couleur": "#42A5F5"}}, {"type": "Feature", "geometry": {"type": "Point", "coordinates": [-16.275, 12.55833]}, "properties": {"nom": "Ziguinchor", "nappe": "Continental", "type": "4", "couleur": "#42A5F5"}}, {"type": "Feature", "geometry": {"type": "Point", "coordinates": [-16.29167, 12.55556]}, "properties": {"nom": "Ziguinchor", "nappe": "Continental", "type": "4", "couleur": "#42A5F5"}}, {"type": "Feature", "geometry": {"type": "Point", "coordinates": [-16.28889, 12.55833]}, "properties": {"nom": "Ziguinchor", "nappe": "Continental", "type": "4", "couleur": "#42A5F5"}}, {"type": "Feature", "geometry": {"type": "Point", "coordinates": [-16.28889, 12.55694]}, "properties": {"nom": "Ziguinchor", "nappe": "Continental", "type": "4", "couleur": "#42A5F5"}}, {"type": "Feature", "geometry": {"type": "Point", "coordinates": [-16.28889, 12.5625]}, "properties": {"nom": "Ziguinchor", "nappe": "Continental", "type": "4", "couleur": "#42A5F5"}}, {"type": "Feature", "geometry": {"type": "Point", "coordinates": [-16.26139, 12.495]}, "properties": {"nom": "Bourofaye Baynouk", "nappe": "Continental", "type": "4", "couleur": "#42A5F5"}}, {"type": "Feature", "geometry": {"type": "Point", "coordinates": [-16.26833, 12.54556]}, "properties": {"nom": "F5ter Zinguinchor", "nappe": "Continental", "type": "4", "couleur": "#42A5F5"}}, {"type": "Feature", "geometry": {"type": "Point", "coordinates": [-15.97778, 12.83417]}, "properties": {"nom": "Marsassoum", "nappe": "Continental", "type": "4", "couleur": "#42A5F5"}}, {"type": "Feature", "geometry": {"type": "Point", "coordinates": [-15.96667, 12.83333]}, "properties": {"nom": "Marsassoum", "nappe": "Continental", "type": "4", "couleur": "#42A5F5"}}, {"type": "Feature", "geometry": {"type": "Point", "coordinates": [-15.5875, 12.81667]}, "properties": {"nom": "Sefa", "nappe": "Continental", "type": "4", "couleur": "#42A5F5"}}, {"type": "Feature", "geometry": {"type": "Point", "coordinates": [-15.56139, 12.70861]}, "properties": {"nom": "Sedhiou", "nappe": "Continental", "type": "4", "couleur": "#42A5F5"}}, {"type": "Feature", "geometry": {"type": "Point", "coordinates": [-15.55556, 12.79083]}, "properties": {"nom": "Diende", "nappe": "Continental", "type": "4", "couleur": "#42A5F5"}}, {"type": "Feature", "geometry": {"type": "Point", "coordinates": [-15.00833, 12.91667]}, "properties": {"nom": "Sare Bidji", "nappe": "Continental", "type": "4", "couleur": "#42A5F5"}}, {"type": "Feature", "geometry": {"type": "Point", "coordinates": [-15.86806, 12.53472]}, "properties": {"nom": "Diouguiking", "nappe": "Continental", "type": "4", "couleur": "#42A5F5"}}, {"type": "Feature", "geometry": {"type": "Point", "coordinates": [-14.93611, 12.88611]}, "properties": {"nom": "Kolda", "nappe": "Continental", "type": "4", "couleur": "#42A5F5"}}, {"type": "Feature", "geometry": {"type": "Point", "coordinates": [-14.93611, 12.88611]}, "properties": {"nom": "Kolda", "nappe": "Continental", "type": "4", "couleur": "#42A5F5"}}, {"type": "Feature", "geometry": {"type": "Point", "coordinates": [-14.16111, 12.91667]}, "properties": {"nom": "Diaobe", "nappe": "Continental", "type": "4", "couleur": "#42A5F5"}}, {"type": "Feature", "geometry": {"type": "Point", "coordinates": [-14.0475, 12.98194]}, "properties": {"nom": "Kandiaye", "nappe": "Continental", "type": "4", "couleur": "#42A5F5"}}, {"type": "Feature", "geometry": {"type": "Point", "coordinates": [-14.22639, 12.93111]}, "properties": {"nom": "M\u00e9dina Ch\u00e9rif", "nappe": "Continental", "type": "4", "couleur": "#42A5F5"}}, {"type": "Feature", "geometry": {"type": "Point", "coordinates": [-13.74444, 12.69167]}, "properties": {"nom": "Dialadian", "nappe": "Continental", "type": "4", "couleur": "#42A5F5"}}, {"type": "Feature", "geometry": {"type": "Point", "coordinates": [-12.32417, 12.3875]}, "properties": {"nom": "Dindifello", "nappe": "Continental", "type": "4", "couleur": "#42A5F5"}}, {"type": "Feature", "geometry": {"type": "Point", "coordinates": [-16.06667, 13.85556]}, "properties": {"nom": "Keur Madiabel", "nappe": "Continental", "type": "4", "couleur": "#42A5F5"}}, {"type": "Feature", "geometry": {"type": "Point", "coordinates": [-15.67639, 13.88472]}, "properties": {"nom": "Kassas", "nappe": "Continental", "type": "4", "couleur": "#42A5F5"}}, {"type": "Feature", "geometry": {"type": "Point", "coordinates": [-13.16667, 15.48972]}, "properties": {"nom": "Kanel", "nappe": "Continental", "type": "4", "couleur": "#42A5F5"}}, {"type": "Feature", "geometry": {"type": "Point", "coordinates": [-13.32083, 15.60833]}, "properties": {"nom": "Ourossogui", "nappe": "Continental", "type": "4", "couleur": "#42A5F5"}}, {"type": "Feature", "geometry": {"type": "Point", "coordinates": [-13.30806, 15.55111]}, "properties": {"nom": "Ogo", "nappe": "Continental", "type": "4", "couleur": "#42A5F5"}}, {"type": "Feature", "geometry": {"type": "Point", "coordinates": [-15.52083, 16.51111]}, "properties": {"nom": "Ndiaoudoune", "nappe": "Continental", "type": "4", "couleur": "#42A5F5"}}, {"type": "Feature", "geometry": {"type": "Point", "coordinates": [-15.48722, 16.51611]}, "properties": {"nom": "Dagana Ga 173", "nappe": "Continental", "type": "4", "couleur": "#42A5F5"}}, {"type": "Feature", "geometry": {"type": "Point", "coordinates": [-14.66528, 16.50833]}, "properties": {"nom": "Ngadiack", "nappe": "Continental", "type": "4", "couleur": "#42A5F5"}}, {"type": "Feature", "geometry": {"type": "Point", "coordinates": [-14.91361, 16.5125]}, "properties": {"nom": "Nianga F11", "nappe": "Continental", "type": "4", "couleur": "#42A5F5"}}, {"type": "Feature", "geometry": {"type": "Point", "coordinates": [-16.3525, 15.9125]}, "properties": {"nom": "Semelle", "nappe": "Continental", "type": "4", "couleur": "#42A5F5"}}, {"type": "Feature", "geometry": {"type": "Point", "coordinates": [-16.47417, 15.47833]}, "properties": {"nom": "Darou Parba", "nappe": "Continental", "type": "4", "couleur": "#42A5F5"}}, {"type": "Feature", "geometry": {"type": "Point", "coordinates": [-16.63194, 15.39583]}, "properties": {"nom": "Thiabam", "nappe": "Continental", "type": "4", "couleur": "#42A5F5"}}, {"type": "Feature", "geometry": {"type": "Point", "coordinates": [-16.50417, 15.4125]}, "properties": {"nom": "Merina Ndiegue I", "nappe": "Continental", "type": "4", "couleur": "#42A5F5"}}, {"type": "Feature", "geometry": {"type": "Point", "coordinates": [-16.45111, 15.37417]}, "properties": {"nom": "Kebemer  P50", "nappe": "Continental", "type": "4", "couleur": "#42A5F5"}}, {"type": "Feature", "geometry": {"type": "Point", "coordinates": [-16.55889, 15.38556]}, "properties": {"nom": "Nguer Nguer", "nappe": "Continental", "type": "4", "couleur": "#42A5F5"}}, {"type": "Feature", "geometry": {"type": "Point", "coordinates": [-16.40972, 15.59444]}, "properties": {"nom": "Santhiou Mbeuguene", "nappe": "Continental", "type": "4", "couleur": "#42A5F5"}}, {"type": "Feature", "geometry": {"type": "Point", "coordinates": [-16.47222, 15.53889]}, "properties": {"nom": "Tounde Diop", "nappe": "Continental", "type": "4", "couleur": "#42A5F5"}}, {"type": "Feature", "geometry": {"type": "Point", "coordinates": [-16.60695, 15.56528]}, "properties": {"nom": "Yodi Sayoro", "nappe": "Continental", "type": "4", "couleur": "#42A5F5"}}, {"type": "Feature", "geometry": {"type": "Point", "coordinates": [-16.61111, 15.45806]}, "properties": {"nom": "Boundou Gneva", "nappe": "Continental", "type": "4", "couleur": "#42A5F5"}}, {"type": "Feature", "geometry": {"type": "Point", "coordinates": [-16.76194, 15.29444]}, "properties": {"nom": "Ndenoute", "nappe": "Continental", "type": "4", "couleur": "#42A5F5"}}, {"type": "Feature", "geometry": {"type": "Point", "coordinates": [-16.64167, 15.26056]}, "properties": {"nom": "Cival Romnane", "nappe": "Continental", "type": "4", "couleur": "#42A5F5"}}, {"type": "Feature", "geometry": {"type": "Point", "coordinates": [-16.55889, 15.23389]}, "properties": {"nom": "Mbaka Lo P.52", "nappe": "Continental", "type": "4", "couleur": "#42A5F5"}}, {"type": "Feature", "geometry": {"type": "Point", "coordinates": [-13.425, 15.80917]}, "properties": {"nom": "Dembe", "nappe": "Continental", "type": "4", "couleur": "#42A5F5"}}, {"type": "Feature", "geometry": {"type": "Point", "coordinates": [-13.35, 15.65222]}, "properties": {"nom": "Sinthiou Boynadji", "nappe": "Continental", "type": "4", "couleur": "#42A5F5"}}, {"type": "Feature", "geometry": {"type": "Point", "coordinates": [-13.2875, 15.6625]}, "properties": {"nom": "Thiambe F6", "nappe": "Continental", "type": "4", "couleur": "#42A5F5"}}, {"type": "Feature", "geometry": {"type": "Point", "coordinates": [-13.28333, 15.60722]}, "properties": {"nom": "Ourossogui", "nappe": "Continental", "type": "4", "couleur": "#42A5F5"}}, {"type": "Feature", "geometry": {"type": "Point", "coordinates": [-13.28472, 15.60806]}, "properties": {"nom": "Ourossogui", "nappe": "Continental", "type": "4", "couleur": "#42A5F5"}}, {"type": "Feature", "geometry": {"type": "Point", "coordinates": [-13.28472, 15.60833]}, "properties": {"nom": "Ourossogui", "nappe": "Continental", "type": "4", "couleur": "#42A5F5"}}, {"type": "Feature", "geometry": {"type": "Point", "coordinates": [-13.29167, 15.6625]}, "properties": {"nom": "Matam", "nappe": "Continental", "type": "4", "couleur": "#42A5F5"}}, {"type": "Feature", "geometry": {"type": "Point", "coordinates": [-16.05056, 14.00333]}, "properties": {"nom": "Keur Moussa Naye", "nappe": "Continental", "type": "4", "couleur": "#42A5F5"}}, {"type": "Feature", "geometry": {"type": "Point", "coordinates": [-15.965, 14.02]}, "properties": {"nom": "Thiamene", "nappe": "Continental", "type": "4", "couleur": "#42A5F5"}}, {"type": "Feature", "geometry": {"type": "Point", "coordinates": [-16.36889, 13.76306]}, "properties": {"nom": "Padanene", "nappe": "Continental", "type": "4", "couleur": "#42A5F5"}}, {"type": "Feature", "geometry": {"type": "Point", "coordinates": [-16.34805, 13.90694]}, "properties": {"nom": "Thiamene Sathiebo", "nappe": "Continental", "type": "4", "couleur": "#42A5F5"}}, {"type": "Feature", "geometry": {"type": "Point", "coordinates": [-16.36167, 13.81111]}, "properties": {"nom": "Ndiop Thiarene", "nappe": "Continental", "type": "4", "couleur": "#42A5F5"}}, {"type": "Feature", "geometry": {"type": "Point", "coordinates": [-16.10972, 13.92778]}, "properties": {"nom": "Ndiagne", "nappe": "Continental", "type": "4", "couleur": "#42A5F5"}}, {"type": "Feature", "geometry": {"type": "Point", "coordinates": [-16.23444, 13.90083]}, "properties": {"nom": "Keur Babou Kani", "nappe": "Continental", "type": "4", "couleur": "#42A5F5"}}, {"type": "Feature", "geometry": {"type": "Point", "coordinates": [-16.06639, 13.93917]}, "properties": {"nom": "Lamarame Badiane", "nappe": "Continental", "type": "4", "couleur": "#42A5F5"}}, {"type": "Feature", "geometry": {"type": "Point", "coordinates": [-16.26667, 13.95528]}, "properties": {"nom": "Thianda Thiamene", "nappe": "Continental", "type": "4", "couleur": "#42A5F5"}}, {"type": "Feature", "geometry": {"type": "Point", "coordinates": [-16.06111, 13.85417]}, "properties": {"nom": "Keur Madiabel", "nappe": "Continental", "type": "4", "couleur": "#42A5F5"}}, {"type": "Feature", "geometry": {"type": "Point", "coordinates": [-16.08945, 13.75694]}, "properties": {"nom": "Keur Mamour Coumba", "nappe": "Continental", "type": "4", "couleur": "#42A5F5"}}, {"type": "Feature", "geometry": {"type": "Point", "coordinates": [-16.27444, 13.71833]}, "properties": {"nom": "Keur Andallah Vilane", "nappe": "Continental", "type": "4", "couleur": "#42A5F5"}}, {"type": "Feature", "geometry": {"type": "Point", "coordinates": [-16.29889, 13.71306]}, "properties": {"nom": "Bamba Dalla Konteyen", "nappe": "Continental", "type": "4", "couleur": "#42A5F5"}}, {"type": "Feature", "geometry": {"type": "Point", "coordinates": [-16.33111, 13.72556]}, "properties": {"nom": "Ngouye Mari", "nappe": "Continental", "type": "4", "couleur": "#42A5F5"}}, {"type": "Feature", "geometry": {"type": "Point", "coordinates": [-16.06556, 13.87417]}, "properties": {"nom": "Keur Madiabel", "nappe": "Continental", "type": "4", "couleur": "#42A5F5"}}, {"type": "Feature", "geometry": {"type": "Point", "coordinates": [-16.05833, 13.64083]}, "properties": {"nom": "Mandera", "nappe": "Continental", "type": "4", "couleur": "#42A5F5"}}, {"type": "Feature", "geometry": {"type": "Point", "coordinates": [-15.91806, 13.99]}, "properties": {"nom": "Ndiame", "nappe": "Continental", "type": "4", "couleur": "#42A5F5"}}, {"type": "Feature", "geometry": {"type": "Point", "coordinates": [-15.91333, 13.91333]}, "properties": {"nom": "Ndoffane", "nappe": "Continental", "type": "4", "couleur": "#42A5F5"}}, {"type": "Feature", "geometry": {"type": "Point", "coordinates": [-15.99, 13.98222]}, "properties": {"nom": "Sikatroum", "nappe": "Continental", "type": "4", "couleur": "#42A5F5"}}, {"type": "Feature", "geometry": {"type": "Point", "coordinates": [-15.84278, 13.83167]}, "properties": {"nom": "Keur Ndiouga Drame", "nappe": "Continental", "type": "4", "couleur": "#42A5F5"}}, {"type": "Feature", "geometry": {"type": "Point", "coordinates": [-15.92222, 13.91389]}, "properties": {"nom": "Ndoffane F2", "nappe": "Continental", "type": "4", "couleur": "#42A5F5"}}, {"type": "Feature", "geometry": {"type": "Point", "coordinates": [-15.77639, 13.72361]}, "properties": {"nom": "Nioro Du  Rip Pz1", "nappe": "Continental", "type": "4", "couleur": "#42A5F5"}}, {"type": "Feature", "geometry": {"type": "Point", "coordinates": [-15.11667, 13.99306]}, "properties": {"nom": "Missirah", "nappe": "Continental", "type": "4", "couleur": "#42A5F5"}}, {"type": "Feature", "geometry": {"type": "Point", "coordinates": [-15.83333, 13.60278]}, "properties": {"nom": "Medina Mounawar", "nappe": "Continental", "type": "4", "couleur": "#42A5F5"}}, {"type": "Feature", "geometry": {"type": "Point", "coordinates": [-15.54306, 13.02639]}, "properties": {"nom": "Kimbouto", "nappe": "Continental", "type": "4", "couleur": "#42A5F5"}}, {"type": "Feature", "geometry": {"type": "Point", "coordinates": [-13.36444, 13.80333]}, "properties": {"nom": "Medina Ouolof", "nappe": "Continental", "type": "4", "couleur": "#42A5F5"}}, {"type": "Feature", "geometry": {"type": "Point", "coordinates": [-16.75556, 12.41111]}, "properties": {"nom": "Boucotte Ouolof", "nappe": "Continental", "type": "4", "couleur": "#42A5F5"}}, {"type": "Feature", "geometry": {"type": "Point", "coordinates": [-16.40195, 12.45]}, "properties": {"nom": "Bacounoum", "nappe": "Continental", "type": "4", "couleur": "#42A5F5"}}, {"type": "Feature", "geometry": {"type": "Point", "coordinates": [-16.43333, 12.45694]}, "properties": {"nom": "Kaleane", "nappe": "Continental", "type": "4", "couleur": "#42A5F5"}}, {"type": "Feature", "geometry": {"type": "Point", "coordinates": [-16.57222, 12.53389]}, "properties": {"nom": "Badjigui", "nappe": "Continental", "type": "4", "couleur": "#42A5F5"}}, {"type": "Feature", "geometry": {"type": "Point", "coordinates": [-16.55833, 12.51389]}, "properties": {"nom": "Badjigui", "nappe": "Continental", "type": "4", "couleur": "#42A5F5"}}, {"type": "Feature", "geometry": {"type": "Point", "coordinates": [-16.55889, 12.41667]}, "properties": {"nom": "Emaye", "nappe": "Continental", "type": "4", "couleur": "#42A5F5"}}, {"type": "Feature", "geometry": {"type": "Point", "coordinates": [-16.53944, 12.39028]}, "properties": {"nom": "Santhiaba Manjaque", "nappe": "Continental", "type": "4", "couleur": "#42A5F5"}}, {"type": "Feature", "geometry": {"type": "Point", "coordinates": [-16.20611, 12.46944]}, "properties": {"nom": "Tendaba", "nappe": "Continental", "type": "4", "couleur": "#42A5F5"}}, {"type": "Feature", "geometry": {"type": "Point", "coordinates": [-16.28889, 12.50278]}, "properties": {"nom": "Toubacouta", "nappe": "Continental", "type": "4", "couleur": "#42A5F5"}}, {"type": "Feature", "geometry": {"type": "Point", "coordinates": [-16.27917, 12.51806]}, "properties": {"nom": "Bourofaye Diola", "nappe": "Continental", "type": "4", "couleur": "#42A5F5"}}, {"type": "Feature", "geometry": {"type": "Point", "coordinates": [-16.29583, 12.46667]}, "properties": {"nom": "Toubacouta", "nappe": "Continental", "type": "4", "couleur": "#42A5F5"}}, {"type": "Feature", "geometry": {"type": "Point", "coordinates": [-16.30139, 12.46389]}, "properties": {"nom": "Badem", "nappe": "Continental", "type": "4", "couleur": "#42A5F5"}}, {"type": "Feature", "geometry": {"type": "Point", "coordinates": [-16.32361, 12.45556]}, "properties": {"nom": "Badem", "nappe": "Continental", "type": "4", "couleur": "#42A5F5"}}, {"type": "Feature", "geometry": {"type": "Point", "coordinates": [-16.33194, 12.45556]}, "properties": {"nom": "Badem", "nappe": "Continental", "type": "4", "couleur": "#42A5F5"}}, {"type": "Feature", "geometry": {"type": "Point", "coordinates": [-16.28611, 12.49417]}, "properties": {"nom": "Toubacouta", "nappe": "Continental", "type": "4", "couleur": "#42A5F5"}}, {"type": "Feature", "geometry": {"type": "Point", "coordinates": [-16.29028, 12.50139]}, "properties": {"nom": "Bourofaye Diola", "nappe": "Continental", "type": "4", "couleur": "#42A5F5"}}, {"type": "Feature", "geometry": {"type": "Point", "coordinates": [-16.26944, 12.54444]}, "properties": {"nom": "Ziguinchor", "nappe": "Continental", "type": "4", "couleur": "#42A5F5"}}, {"type": "Feature", "geometry": {"type": "Point", "coordinates": [-15.93389, 12.84694]}, "properties": {"nom": "Marakissa", "nappe": "Continental", "type": "4", "couleur": "#42A5F5"}}, {"type": "Feature", "geometry": {"type": "Point", "coordinates": [-15.96417, 12.78972]}, "properties": {"nom": "Djibabouya", "nappe": "Continental", "type": "4", "couleur": "#42A5F5"}}, {"type": "Feature", "geometry": {"type": "Point", "coordinates": [-15.8625, 12.6875]}, "properties": {"nom": "Badjicounda Baynouck", "nappe": "Continental", "type": "4", "couleur": "#42A5F5"}}, {"type": "Feature", "geometry": {"type": "Point", "coordinates": [-15.89917, 12.69667]}, "properties": {"nom": "Niassene Diola", "nappe": "Continental", "type": "4", "couleur": "#42A5F5"}}, {"type": "Feature", "geometry": {"type": "Point", "coordinates": [-15.92778, 12.77778]}, "properties": {"nom": "Diafar Santo", "nappe": "Continental", "type": "4", "couleur": "#42A5F5"}}, {"type": "Feature", "geometry": {"type": "Point", "coordinates": [-15.92778, 12.77917]}, "properties": {"nom": "Diafar Santo", "nappe": "Continental", "type": "4", "couleur": "#42A5F5"}}, {"type": "Feature", "geometry": {"type": "Point", "coordinates": [-15.87806, 12.85722]}, "properties": {"nom": "Konoya", "nappe": "Continental", "type": "4", "couleur": "#42A5F5"}}, {"type": "Feature", "geometry": {"type": "Point", "coordinates": [-15.81528, 12.7375]}, "properties": {"nom": "Karantaba", "nappe": "Continental", "type": "4", "couleur": "#42A5F5"}}, {"type": "Feature", "geometry": {"type": "Point", "coordinates": [-15.80556, 12.81111]}, "properties": {"nom": "Sansamba", "nappe": "Continental", "type": "4", "couleur": "#42A5F5"}}, {"type": "Feature", "geometry": {"type": "Point", "coordinates": [-15.805, 12.89528]}, "properties": {"nom": "Darou Dialali", "nappe": "Continental", "type": "4", "couleur": "#42A5F5"}}, {"type": "Feature", "geometry": {"type": "Point", "coordinates": [-15.73889, 12.78194]}, "properties": {"nom": "Yancine Mandina", "nappe": "Continental", "type": "4", "couleur": "#42A5F5"}}, {"type": "Feature", "geometry": {"type": "Point", "coordinates": [-15.85778, 12.915]}, "properties": {"nom": "Diafilon Diola", "nappe": "Continental", "type": "4", "couleur": "#42A5F5"}}, {"type": "Feature", "geometry": {"type": "Point", "coordinates": [-15.89028, 12.7425]}, "properties": {"nom": "Niassene Diola", "nappe": "Continental", "type": "4", "couleur": "#42A5F5"}}, {"type": "Feature", "geometry": {"type": "Point", "coordinates": [-15.79972, 12.67806]}, "properties": {"nom": "Bona Linketo", "nappe": "Continental", "type": "4", "couleur": "#42A5F5"}}, {"type": "Feature", "geometry": {"type": "Point", "coordinates": [-15.58333, 12.71917]}, "properties": {"nom": "Badiandian Diola", "nappe": "Continental", "type": "4", "couleur": "#42A5F5"}}, {"type": "Feature", "geometry": {"type": "Point", "coordinates": [-15.5825, 12.79028]}, "properties": {"nom": "Diatouma-Mandingue", "nappe": "Continental", "type": "4", "couleur": "#42A5F5"}}, {"type": "Feature", "geometry": {"type": "Point", "coordinates": [-15.56556, 12.72528]}, "properties": {"nom": "Bakoum Mandingue", "nappe": "Continental", "type": "4", "couleur": "#42A5F5"}}, {"type": "Feature", "geometry": {"type": "Point", "coordinates": [-15.53056, 12.81056]}, "properties": {"nom": "Mandina Findifeta", "nappe": "Continental", "type": "4", "couleur": "#42A5F5"}}, {"type": "Feature", "geometry": {"type": "Point", "coordinates": [-15.6, 12.87917]}, "properties": {"nom": "Djidima", "nappe": "Continental", "type": "4", "couleur": "#42A5F5"}}, {"type": "Feature", "geometry": {"type": "Point", "coordinates": [-15.56611, 12.70694]}, "properties": {"nom": "Sedhiou", "nappe": "Continental", "type": "4", "couleur": "#42A5F5"}}, {"type": "Feature", "geometry": {"type": "Point", "coordinates": [-15.43167, 12.89444]}, "properties": {"nom": "Dassilame Pakao", "nappe": "Continental", "type": "4", "couleur": "#42A5F5"}}, {"type": "Feature", "geometry": {"type": "Point", "coordinates": [-15.8, 12.62361]}, "properties": {"nom": "Thingtingkome Diola", "nappe": "Continental", "type": "4", "couleur": "#42A5F5"}}, {"type": "Feature", "geometry": {"type": "Point", "coordinates": [-15.88611, 12.65083]}, "properties": {"nom": "Singhere Baynouck", "nappe": "Continental", "type": "4", "couleur": "#42A5F5"}}, {"type": "Feature", "geometry": {"type": "Point", "coordinates": [-15.7025, 12.65056]}, "properties": {"nom": "Boudhie Samine", "nappe": "Continental", "type": "4", "couleur": "#42A5F5"}}, {"type": "Feature", "geometry": {"type": "Point", "coordinates": [-15.62639, 12.61806]}, "properties": {"nom": "Bamacounda", "nappe": "Continental", "type": "4", "couleur": "#42A5F5"}}, {"type": "Feature", "geometry": {"type": "Point", "coordinates": [-15.63083, 12.49361]}, "properties": {"nom": "Samine Escale", "nappe": "Continental", "type": "4", "couleur": "#42A5F5"}}, {"type": "Feature", "geometry": {"type": "Point", "coordinates": [-15.70361, 16.43194]}, "properties": {"nom": "Nthiago Ga 158", "nappe": "Continental", "type": "4", "couleur": "#42A5F5"}}, {"type": "Feature", "geometry": {"type": "Point", "coordinates": [-16.48056, 14.58083]}, "properties": {"nom": "Ngangarlam", "nappe": "Continental", "type": "4", "couleur": "#42A5F5"}}, {"type": "Feature", "geometry": {"type": "Point", "coordinates": [-14.34167, 16.57222]}, "properties": {"nom": "Sinthiou Dangde", "nappe": "Eocene", "type": "4", "couleur": "#1565C0"}}, {"type": "Feature", "geometry": {"type": "Point", "coordinates": [-14.58694, 16.44194]}, "properties": {"nom": "Mangaye", "nappe": "Eocene", "type": "4", "couleur": "#1565C0"}}, {"type": "Feature", "geometry": {"type": "Point", "coordinates": [-14.03917, 16.29528]}, "properties": {"nom": "Wouro Alfali (Dogui", "nappe": "Eocene", "type": "4", "couleur": "#1565C0"}}, {"type": "Feature", "geometry": {"type": "Point", "coordinates": [-13.825, 16.04445]}, "properties": {"nom": "Loumbol Baladji", "nappe": "Eocene", "type": "4", "couleur": "#1565C0"}}, {"type": "Feature", "geometry": {"type": "Point", "coordinates": [-16.45944, 15.72333]}, "properties": {"nom": "Leona", "nappe": "Eocene", "type": "4", "couleur": "#1565C0"}}, {"type": "Feature", "geometry": {"type": "Point", "coordinates": [-16.26056, 15.75]}, "properties": {"nom": "Ndiock Sall", "nappe": "Eocene", "type": "4", "couleur": "#1565C0"}}, {"type": "Feature", "geometry": {"type": "Point", "coordinates": [-16.18194, 15.68972]}, "properties": {"nom": "Kebe Ndeukta", "nappe": "Eocene", "type": "4", "couleur": "#1565C0"}}, {"type": "Feature", "geometry": {"type": "Point", "coordinates": [-16.18194, 15.68972]}, "properties": {"nom": "Kebe Ndeukta", "nappe": "Eocene", "type": "4", "couleur": "#1565C0"}}, {"type": "Feature", "geometry": {"type": "Point", "coordinates": [-16.27528, 15.71]}, "properties": {"nom": "Ngueune Sarr", "nappe": "Eocene", "type": "4", "couleur": "#1565C0"}}, {"type": "Feature", "geometry": {"type": "Point", "coordinates": [-16.27528, 15.71]}, "properties": {"nom": "Ngueune Sarr", "nappe": "Eocene", "type": "4", "couleur": "#1565C0"}}, {"type": "Feature", "geometry": {"type": "Point", "coordinates": [-16.26389, 15.74444]}, "properties": {"nom": "Ndiock Sall", "nappe": "Eocene", "type": "4", "couleur": "#1565C0"}}, {"type": "Feature", "geometry": {"type": "Point", "coordinates": [-16.26389, 15.74444]}, "properties": {"nom": "Ndiock Sall", "nappe": "Eocene", "type": "4", "couleur": "#1565C0"}}, {"type": "Feature", "geometry": {"type": "Point", "coordinates": [-16.25639, 15.32972]}, "properties": {"nom": "Kebemer", "nappe": "Eocene", "type": "4", "couleur": "#1565C0"}}, {"type": "Feature", "geometry": {"type": "Point", "coordinates": [-16.44028, 15.37361]}, "properties": {"nom": "Kebemer", "nappe": "Eocene", "type": "4", "couleur": "#1565C0"}}, {"type": "Feature", "geometry": {"type": "Point", "coordinates": [-16.36417, 15.34528]}, "properties": {"nom": "Ndatte Diokoul", "nappe": "Eocene", "type": "4", "couleur": "#1565C0"}}, {"type": "Feature", "geometry": {"type": "Point", "coordinates": [-16.35, 15.41667]}, "properties": {"nom": "Thieckene Seck", "nappe": "Eocene", "type": "4", "couleur": "#1565C0"}}, {"type": "Feature", "geometry": {"type": "Point", "coordinates": [-16.33778, 15.48389]}, "properties": {"nom": "Gueoul Escale P.56", "nappe": "Eocene", "type": "4", "couleur": "#1565C0"}}, {"type": "Feature", "geometry": {"type": "Point", "coordinates": [-16.39639, 15.36861]}, "properties": {"nom": "Koure Mbelgor", "nappe": "Eocene", "type": "4", "couleur": "#1565C0"}}, {"type": "Feature", "geometry": {"type": "Point", "coordinates": [-16.39639, 15.36861]}, "properties": {"nom": "Koure Mbelgor", "nappe": "Eocene", "type": "4", "couleur": "#1565C0"}}, {"type": "Feature", "geometry": {"type": "Point", "coordinates": [-16.51667, 15.36778]}, "properties": {"nom": "Diokoul", "nappe": "Eocene", "type": "4", "couleur": "#1565C0"}}, {"type": "Feature", "geometry": {"type": "Point", "coordinates": [-16.34722, 15.45278]}, "properties": {"nom": "Ngaye Diawar", "nappe": "Eocene", "type": "4", "couleur": "#1565C0"}}, {"type": "Feature", "geometry": {"type": "Point", "coordinates": [-16.37222, 15.38472]}, "properties": {"nom": "Tiel Bati", "nappe": "Eocene", "type": "4", "couleur": "#1565C0"}}, {"type": "Feature", "geometry": {"type": "Point", "coordinates": [-16.33611, 15.39722]}, "properties": {"nom": "Mboltogne Sougou", "nappe": "Eocene", "type": "4", "couleur": "#1565C0"}}, {"type": "Feature", "geometry": {"type": "Point", "coordinates": [-16.35194, 15.38389]}, "properties": {"nom": "Ngoumbala", "nappe": "Eocene", "type": "4", "couleur": "#1565C0"}}, {"type": "Feature", "geometry": {"type": "Point", "coordinates": [-16.35194, 15.38389]}, "properties": {"nom": "Ngoumbala", "nappe": "Eocene", "type": "4", "couleur": "#1565C0"}}, {"type": "Feature", "geometry": {"type": "Point", "coordinates": [-16.36667, 15.40972]}, "properties": {"nom": "Gatti Niang", "nappe": "Eocene", "type": "4", "couleur": "#1565C0"}}, {"type": "Feature", "geometry": {"type": "Point", "coordinates": [-16.34722, 15.45278]}, "properties": {"nom": "Ngaye Diawar I", "nappe": "Eocene", "type": "4", "couleur": "#1565C0"}}, {"type": "Feature", "geometry": {"type": "Point", "coordinates": [-16.36389, 15.42778]}, "properties": {"nom": "Sinou Pekh", "nappe": "Eocene", "type": "4", "couleur": "#1565C0"}}, {"type": "Feature", "geometry": {"type": "Point", "coordinates": [-16.43472, 15.35]}, "properties": {"nom": "Ndiaby Fall", "nappe": "Eocene", "type": "4", "couleur": "#1565C0"}}, {"type": "Feature", "geometry": {"type": "Point", "coordinates": [-16.40833, 15.35556]}, "properties": {"nom": "Gade Affe", "nappe": "Eocene", "type": "4", "couleur": "#1565C0"}}, {"type": "Feature", "geometry": {"type": "Point", "coordinates": [-16.37222, 15.37222]}, "properties": {"nom": "Thieno Ndiaye", "nappe": "Eocene", "type": "4", "couleur": "#1565C0"}}, {"type": "Feature", "geometry": {"type": "Point", "coordinates": [-16.35278, 15.44722]}, "properties": {"nom": "Ngaye Mbelgor", "nappe": "Eocene", "type": "4", "couleur": "#1565C0"}}, {"type": "Feature", "geometry": {"type": "Point", "coordinates": [-16.41667, 15.39722]}, "properties": {"nom": "Mbeukhary Mboup", "nappe": "Eocene", "type": "4", "couleur": "#1565C0"}}, {"type": "Feature", "geometry": {"type": "Point", "coordinates": [-16.39722, 15.37222]}, "properties": {"nom": "Kandalla Mbengue", "nappe": "Eocene", "type": "4", "couleur": "#1565C0"}}, {"type": "Feature", "geometry": {"type": "Point", "coordinates": [-16.37028, 15.33694]}, "properties": {"nom": "Ndat Diagne", "nappe": "Eocene", "type": "4", "couleur": "#1565C0"}}, {"type": "Feature", "geometry": {"type": "Point", "coordinates": [-16.39194, 15.3475]}, "properties": {"nom": "Khalmbane", "nappe": "Eocene", "type": "4", "couleur": "#1565C0"}}, {"type": "Feature", "geometry": {"type": "Point", "coordinates": [-16.39194, 15.3475]}, "properties": {"nom": "Khalmbane", "nappe": "Eocene", "type": "4", "couleur": "#1565C0"}}, {"type": "Feature", "geometry": {"type": "Point", "coordinates": [-16.3425, 15.3375]}, "properties": {"nom": "Keur Mory Leye", "nappe": "Eocene", "type": "4", "couleur": "#1565C0"}}, {"type": "Feature", "geometry": {"type": "Point", "coordinates": [-16.38361, 15.39444]}, "properties": {"nom": "Mbelgor Mbenguene", "nappe": "Eocene", "type": "4", "couleur": "#1565C0"}}, {"type": "Feature", "geometry": {"type": "Point", "coordinates": [-16.41111, 15.40278]}, "properties": {"nom": "Ngueyene Amadou Sow", "nappe": "Eocene", "type": "4", "couleur": "#1565C0"}}, {"type": "Feature", "geometry": {"type": "Point", "coordinates": [-16.38611, 15.35833]}, "properties": {"nom": "Kandalla Mbengue", "nappe": "Eocene", "type": "4", "couleur": "#1565C0"}}, {"type": "Feature", "geometry": {"type": "Point", "coordinates": [-16.35, 15.425]}, "properties": {"nom": "Keur Tiamba", "nappe": "Eocene", "type": "4", "couleur": "#1565C0"}}, {"type": "Feature", "geometry": {"type": "Point", "coordinates": [-16.37778, 15.4]}, "properties": {"nom": "Darou  Fall", "nappe": "Eocene", "type": "4", "couleur": "#1565C0"}}, {"type": "Feature", "geometry": {"type": "Point", "coordinates": [-16.36806, 15.42778]}, "properties": {"nom": "Massar Seye", "nappe": "Eocene", "type": "4", "couleur": "#1565C0"}}, {"type": "Feature", "geometry": {"type": "Point", "coordinates": [-16.37139, 15.43]}, "properties": {"nom": "Sinou Pekh", "nappe": "Eocene", "type": "4", "couleur": "#1565C0"}}, {"type": "Feature", "geometry": {"type": "Point", "coordinates": [-16.46333, 15.35306]}, "properties": {"nom": "Wakhal Diam", "nappe": "Eocene", "type": "4", "couleur": "#1565C0"}}, {"type": "Feature", "geometry": {"type": "Point", "coordinates": [-16.43083, 15.39472]}, "properties": {"nom": "Teugue Ndogui", "nappe": "Eocene", "type": "4", "couleur": "#1565C0"}}, {"type": "Feature", "geometry": {"type": "Point", "coordinates": [-16.47583, 15.34111]}, "properties": {"nom": "Ndieng Diaw", "nappe": "Eocene", "type": "4", "couleur": "#1565C0"}}, {"type": "Feature", "geometry": {"type": "Point", "coordinates": [-16.35778, 15.45222]}, "properties": {"nom": "Kir Diom", "nappe": "Eocene", "type": "4", "couleur": "#1565C0"}}, {"type": "Feature", "geometry": {"type": "Point", "coordinates": [-16.39806, 15.42278]}, "properties": {"nom": "Khadji Gueye", "nappe": "Eocene", "type": "4", "couleur": "#1565C0"}}, {"type": "Feature", "geometry": {"type": "Point", "coordinates": [-16.415, 15.40944]}, "properties": {"nom": "Gad Brama", "nappe": "Eocene", "type": "4", "couleur": "#1565C0"}}, {"type": "Feature", "geometry": {"type": "Point", "coordinates": [-16.38417, 15.43444]}, "properties": {"nom": "Khadji", "nappe": "Eocene", "type": "4", "couleur": "#1565C0"}}, {"type": "Feature", "geometry": {"type": "Point", "coordinates": [-16.37472, 15.44889]}, "properties": {"nom": "Kir Diom", "nappe": "Eocene", "type": "4", "couleur": "#1565C0"}}, {"type": "Feature", "geometry": {"type": "Point", "coordinates": [-16.35861, 15.46167]}, "properties": {"nom": "Gueoul Village", "nappe": "Eocene", "type": "4", "couleur": "#1565C0"}}, {"type": "Feature", "geometry": {"type": "Point", "coordinates": [-16.40583, 15.38917]}, "properties": {"nom": "Tieno Thilene", "nappe": "Eocene", "type": "4", "couleur": "#1565C0"}}, {"type": "Feature", "geometry": {"type": "Point", "coordinates": [-16.37917, 15.41139]}, "properties": {"nom": "Gatty Niang", "nappe": "Eocene", "type": "4", "couleur": "#1565C0"}}, {"type": "Feature", "geometry": {"type": "Point", "coordinates": [-16.35722, 15.44028]}, "properties": {"nom": "Ngaye Diawar", "nappe": "Eocene", "type": "4", "couleur": "#1565C0"}}, {"type": "Feature", "geometry": {"type": "Point", "coordinates": [-16.51472, 15.51444]}, "properties": {"nom": "Merina Ndiaye", "nappe": "Eocene", "type": "4", "couleur": "#1565C0"}}, {"type": "Feature", "geometry": {"type": "Point", "coordinates": [-16.33472, 15.42778]}, "properties": {"nom": "Mbarom Diop", "nappe": "Eocene", "type": "4", "couleur": "#1565C0"}}, {"type": "Feature", "geometry": {"type": "Point", "coordinates": [-16.35278, 15.36972]}, "properties": {"nom": "Belakhor 3", "nappe": "Eocene", "type": "4", "couleur": "#1565C0"}}, {"type": "Feature", "geometry": {"type": "Point", "coordinates": [-16.35278, 15.36972]}, "properties": {"nom": "Belakhor 2", "nappe": "Eocene", "type": "4", "couleur": "#1565C0"}}, {"type": "Feature", "geometry": {"type": "Point", "coordinates": [-16.39722, 15.41111]}, "properties": {"nom": "Khadj Gueye", "nappe": "Eocene", "type": "4", "couleur": "#1565C0"}}, {"type": "Feature", "geometry": {"type": "Point", "coordinates": [-16.37222, 15.35111]}, "properties": {"nom": "Tieno Peulh", "nappe": "Eocene", "type": "4", "couleur": "#1565C0"}}, {"type": "Feature", "geometry": {"type": "Point", "coordinates": [-16.39167, 15.33528]}, "properties": {"nom": "Toube Fall", "nappe": "Eocene", "type": "4", "couleur": "#1565C0"}}, {"type": "Feature", "geometry": {"type": "Point", "coordinates": [-16.51111, 15.38056]}, "properties": {"nom": "Taiba Mar", "nappe": "Eocene", "type": "4", "couleur": "#1565C0"}}, {"type": "Feature", "geometry": {"type": "Point", "coordinates": [-16.25833, 15.61]}, "properties": {"nom": "War Cisse", "nappe": "Eocene", "type": "4", "couleur": "#1565C0"}}, {"type": "Feature", "geometry": {"type": "Point", "coordinates": [-16.25833, 15.61]}, "properties": {"nom": "War Cisse", "nappe": "Eocene", "type": "4", "couleur": "#1565C0"}}, {"type": "Feature", "geometry": {"type": "Point", "coordinates": [-16.2, 15.50889]}, "properties": {"nom": "Mbediene Ii", "nappe": "Eocene", "type": "4", "couleur": "#1565C0"}}, {"type": "Feature", "geometry": {"type": "Point", "coordinates": [-16.23333, 15.63333]}, "properties": {"nom": "Louga", "nappe": "Eocene", "type": "4", "couleur": "#1565C0"}}, {"type": "Feature", "geometry": {"type": "Point", "coordinates": [-16.26667, 15.62111]}, "properties": {"nom": "Nieme Cisse", "nappe": "Eocene", "type": "4", "couleur": "#1565C0"}}, {"type": "Feature", "geometry": {"type": "Point", "coordinates": [-16.28472, 15.56944]}, "properties": {"nom": "Ndiobene Khat", "nappe": "Eocene", "type": "4", "couleur": "#1565C0"}}, {"type": "Feature", "geometry": {"type": "Point", "coordinates": [-16.21667, 15.61667]}, "properties": {"nom": "Louga", "nappe": "Eocene", "type": "4", "couleur": "#1565C0"}}, {"type": "Feature", "geometry": {"type": "Point", "coordinates": [-16.21667, 15.61667]}, "properties": {"nom": "Louga", "nappe": "Eocene", "type": "4", "couleur": "#1565C0"}}, {"type": "Feature", "geometry": {"type": "Point", "coordinates": [-16.31667, 15.43611]}, "properties": {"nom": "Mbissis Dia", "nappe": "Eocene", "type": "4", "couleur": "#1565C0"}}, {"type": "Feature", "geometry": {"type": "Point", "coordinates": [-16.3, 15.33333]}, "properties": {"nom": "Ndiattar Fall", "nappe": "Eocene", "type": "4", "couleur": "#1565C0"}}, {"type": "Feature", "geometry": {"type": "Point", "coordinates": [-16.19028, 15.37778]}, "properties": {"nom": "Nguimbe Peulh", "nappe": "Eocene", "type": "4", "couleur": "#1565C0"}}, {"type": "Feature", "geometry": {"type": "Point", "coordinates": [-16.3175, 15.33583]}, "properties": {"nom": "Tiolom Fall", "nappe": "Eocene", "type": "4", "couleur": "#1565C0"}}, {"type": "Feature", "geometry": {"type": "Point", "coordinates": [-16.32028, 15.46083]}, "properties": {"nom": "Bakahya Ndiaye", "nappe": "Eocene", "type": "4", "couleur": "#1565C0"}}, {"type": "Feature", "geometry": {"type": "Point", "coordinates": [-16.32028, 15.46083]}, "properties": {"nom": "Bakahya Ndiaye", "nappe": "Eocene", "type": "4", "couleur": "#1565C0"}}, {"type": "Feature", "geometry": {"type": "Point", "coordinates": [-16.18444, 15.61]}, "properties": {"nom": "Mbarome", "nappe": "Eocene", "type": "4", "couleur": "#1565C0"}}, {"type": "Feature", "geometry": {"type": "Point", "coordinates": [-16.17444, 15.58083]}, "properties": {"nom": "Ngagnakh Dieng", "nappe": "Eocene", "type": "4", "couleur": "#1565C0"}}, {"type": "Feature", "geometry": {"type": "Point", "coordinates": [-16.17444, 15.58083]}, "properties": {"nom": "Ngagnakh Dieng", "nappe": "Eocene", "type": "4", "couleur": "#1565C0"}}, {"type": "Feature", "geometry": {"type": "Point", "coordinates": [-16.24889, 15.56528]}, "properties": {"nom": "Beule Gueye", "nappe": "Eocene", "type": "4", "couleur": "#1565C0"}}, {"type": "Feature", "geometry": {"type": "Point", "coordinates": [-16.18, 15.65]}, "properties": {"nom": "Tava Peulh", "nappe": "Eocene", "type": "4", "couleur": "#1565C0"}}, {"type": "Feature", "geometry": {"type": "Point", "coordinates": [-16.18, 15.65]}, "properties": {"nom": "Tava Peulh", "nappe": "Eocene", "type": "4", "couleur": "#1565C0"}}, {"type": "Feature", "geometry": {"type": "Point", "coordinates": [-16.23722, 15.50167]}, "properties": {"nom": "Ndiarmeo Cisse", "nappe": "Eocene", "type": "4", "couleur": "#1565C0"}}, {"type": "Feature", "geometry": {"type": "Point", "coordinates": [-16.26833, 15.50444]}, "properties": {"nom": "Ndimb Ndavene I", "nappe": "Eocene", "type": "4", "couleur": "#1565C0"}}, {"type": "Feature", "geometry": {"type": "Point", "coordinates": [-16.26306, 15.48694]}, "properties": {"nom": "Ndavene Alle", "nappe": "Eocene", "type": "4", "couleur": "#1565C0"}}, {"type": "Feature", "geometry": {"type": "Point", "coordinates": [-16.26306, 15.48694]}, "properties": {"nom": "Ndavene Alle", "nappe": "Eocene", "type": "4", "couleur": "#1565C0"}}, {"type": "Feature", "geometry": {"type": "Point", "coordinates": [-16.18889, 15.625]}, "properties": {"nom": "Keur Mayip Gueye", "nappe": "Eocene", "type": "4", "couleur": "#1565C0"}}, {"type": "Feature", "geometry": {"type": "Point", "coordinates": [-16.18889, 15.625]}, "properties": {"nom": "Keur Mayip Gueye", "nappe": "Eocene", "type": "4", "couleur": "#1565C0"}}, {"type": "Feature", "geometry": {"type": "Point", "coordinates": [-16.215, 15.49722]}, "properties": {"nom": "Santhiou Djadji", "nappe": "Eocene", "type": "4", "couleur": "#1565C0"}}, {"type": "Feature", "geometry": {"type": "Point", "coordinates": [-16.21861, 15.59306]}, "properties": {"nom": "Bakhaya Dia", "nappe": "Eocene", "type": "4", "couleur": "#1565C0"}}, {"type": "Feature", "geometry": {"type": "Point", "coordinates": [-16.21861, 15.59306]}, "properties": {"nom": "Bakhaya Dia", "nappe": "Eocene", "type": "4", "couleur": "#1565C0"}}, {"type": "Feature", "geometry": {"type": "Point", "coordinates": [-16.20555, 15.52222]}, "properties": {"nom": "Ndiang Code Niane", "nappe": "Eocene", "type": "4", "couleur": "#1565C0"}}, {"type": "Feature", "geometry": {"type": "Point", "coordinates": [-16.19722, 15.63056]}, "properties": {"nom": "Touba Ndiambour", "nappe": "Eocene", "type": "4", "couleur": "#1565C0"}}, {"type": "Feature", "geometry": {"type": "Point", "coordinates": [-16.31389, 15.48056]}, "properties": {"nom": "Loyene Sylla", "nappe": "Eocene", "type": "4", "couleur": "#1565C0"}}, {"type": "Feature", "geometry": {"type": "Point", "coordinates": [-16.24167, 15.525]}, "properties": {"nom": "Paar Cisse", "nappe": "Eocene", "type": "4", "couleur": "#1565C0"}}, {"type": "Feature", "geometry": {"type": "Point", "coordinates": [-16.24139, 15.45417]}, "properties": {"nom": "Baridiam Cisse", "nappe": "Eocene", "type": "4", "couleur": "#1565C0"}}, {"type": "Feature", "geometry": {"type": "Point", "coordinates": [-16.24139, 15.45417]}, "properties": {"nom": "Baridiam Cisse", "nappe": "Eocene", "type": "4", "couleur": "#1565C0"}}, {"type": "Feature", "geometry": {"type": "Point", "coordinates": [-16.17222, 15.66389]}, "properties": {"nom": "Ndoukouk", "nappe": "Eocene", "type": "4", "couleur": "#1565C0"}}, {"type": "Feature", "geometry": {"type": "Point", "coordinates": [-16.20639, 15.58083]}, "properties": {"nom": "Rite Diao", "nappe": "Eocene", "type": "4", "couleur": "#1565C0"}}, {"type": "Feature", "geometry": {"type": "Point", "coordinates": [-16.20639, 15.58083]}, "properties": {"nom": "Rite Diao", "nappe": "Eocene", "type": "4", "couleur": "#1565C0"}}, {"type": "Feature", "geometry": {"type": "Point", "coordinates": [-16.3, 15.45]}, "properties": {"nom": "Ndieng Ngourane", "nappe": "Eocene", "type": "4", "couleur": "#1565C0"}}, {"type": "Feature", "geometry": {"type": "Point", "coordinates": [-16.29306, 15.44583]}, "properties": {"nom": "Ngourane Ouolof", "nappe": "Eocene", "type": "4", "couleur": "#1565C0"}}, {"type": "Feature", "geometry": {"type": "Point", "coordinates": [-16.27222, 15.41944]}, "properties": {"nom": "Ndjiniakh Fall", "nappe": "Eocene", "type": "4", "couleur": "#1565C0"}}, {"type": "Feature", "geometry": {"type": "Point", "coordinates": [-16.29306, 15.44583]}, "properties": {"nom": "Ngourane Peulh", "nappe": "Eocene", "type": "4", "couleur": "#1565C0"}}, {"type": "Feature", "geometry": {"type": "Point", "coordinates": [-16.26667, 15.41667]}, "properties": {"nom": "Ndjiniakh Fall", "nappe": "Eocene", "type": "4", "couleur": "#1565C0"}}, {"type": "Feature", "geometry": {"type": "Point", "coordinates": [-16.24444, 15.41389]}, "properties": {"nom": "Ndiob Samb", "nappe": "Eocene", "type": "4", "couleur": "#1565C0"}}, {"type": "Feature", "geometry": {"type": "Point", "coordinates": [-16.23417, 15.465]}, "properties": {"nom": "Ndamsall Ndiare", "nappe": "Eocene", "type": "4", "couleur": "#1565C0"}}, {"type": "Feature", "geometry": {"type": "Point", "coordinates": [-16.23417, 15.465]}, "properties": {"nom": "Ndamsall Ndiare", "nappe": "Eocene", "type": "4", "couleur": "#1565C0"}}, {"type": "Feature", "geometry": {"type": "Point", "coordinates": [-16.07361, 15.51667]}, "properties": {"nom": "Vakhi", "nappe": "Eocene", "type": "4", "couleur": "#1565C0"}}, {"type": "Feature", "geometry": {"type": "Point", "coordinates": [-16.19056, 15.54778]}, "properties": {"nom": "Khanda Ndiobene", "nappe": "Eocene", "type": "4", "couleur": "#1565C0"}}, {"type": "Feature", "geometry": {"type": "Point", "coordinates": [-16.19056, 15.54778]}, "properties": {"nom": "Khanda Ndiobene", "nappe": "Eocene", "type": "4", "couleur": "#1565C0"}}, {"type": "Feature", "geometry": {"type": "Point", "coordinates": [-16.31944, 15.38056]}, "properties": {"nom": "Ndialor Gueye", "nappe": "Eocene", "type": "4", "couleur": "#1565C0"}}, {"type": "Feature", "geometry": {"type": "Point", "coordinates": [-16.26889, 15.37361]}, "properties": {"nom": "Ndam Sanossi", "nappe": "Eocene", "type": "4", "couleur": "#1565C0"}}, {"type": "Feature", "geometry": {"type": "Point", "coordinates": [-16.26889, 15.37361]}, "properties": {"nom": "Ndam Sanossi", "nappe": "Eocene", "type": "4", "couleur": "#1565C0"}}, {"type": "Feature", "geometry": {"type": "Point", "coordinates": [-16.29167, 15.35556]}, "properties": {"nom": "Ndiare Dakhar", "nappe": "Eocene", "type": "4", "couleur": "#1565C0"}}, {"type": "Feature", "geometry": {"type": "Point", "coordinates": [-16.29722, 15.35556]}, "properties": {"nom": "Ndiare Dakhar", "nappe": "Eocene", "type": "4", "couleur": "#1565C0"}}, {"type": "Feature", "geometry": {"type": "Point", "coordinates": [-16.28333, 15.35139]}, "properties": {"nom": "Ndam Goureye", "nappe": "Eocene", "type": "4", "couleur": "#1565C0"}}, {"type": "Feature", "geometry": {"type": "Point", "coordinates": [-16.29167, 15.35556]}, "properties": {"nom": "Palene Massar", "nappe": "Eocene", "type": "4", "couleur": "#1565C0"}}, {"type": "Feature", "geometry": {"type": "Point", "coordinates": [-16.275, 15.33611]}, "properties": {"nom": "Katmann Amar", "nappe": "Eocene", "type": "4", "couleur": "#1565C0"}}, {"type": "Feature", "geometry": {"type": "Point", "coordinates": [-16.26944, 15.40278]}, "properties": {"nom": "Ndiobene Mayamar", "nappe": "Eocene", "type": "4", "couleur": "#1565C0"}}, {"type": "Feature", "geometry": {"type": "Point", "coordinates": [-16.24028, 15.55722]}, "properties": {"nom": "Taiba Seye Ouolof", "nappe": "Eocene", "type": "4", "couleur": "#1565C0"}}, {"type": "Feature", "geometry": {"type": "Point", "coordinates": [-16.16694, 15.64972]}, "properties": {"nom": "Ndiobene Ngounta", "nappe": "Eocene", "type": "4", "couleur": "#1565C0"}}, {"type": "Feature", "geometry": {"type": "Point", "coordinates": [-16.16694, 15.64972]}, "properties": {"nom": "Ndiobene Ngounta", "nappe": "Eocene", "type": "4", "couleur": "#1565C0"}}, {"type": "Feature", "geometry": {"type": "Point", "coordinates": [-16.23195, 15.47667]}, "properties": {"nom": "Ndiarno Niang", "nappe": "Eocene", "type": "4", "couleur": "#1565C0"}}, {"type": "Feature", "geometry": {"type": "Point", "coordinates": [-16.23195, 15.47667]}, "properties": {"nom": "Ndiarno Niang", "nappe": "Eocene", "type": "4", "couleur": "#1565C0"}}, {"type": "Feature", "geometry": {"type": "Point", "coordinates": [-16.2225, 15.53333]}, "properties": {"nom": "Ndiang Kode", "nappe": "Eocene", "type": "4", "couleur": "#1565C0"}}, {"type": "Feature", "geometry": {"type": "Point", "coordinates": [-16.2225, 15.53333]}, "properties": {"nom": "Ndiang Kode", "nappe": "Eocene", "type": "4", "couleur": "#1565C0"}}, {"type": "Feature", "geometry": {"type": "Point", "coordinates": [-16.23333, 15.49028]}, "properties": {"nom": "Koki", "nappe": "Eocene", "type": "4", "couleur": "#1565C0"}}, {"type": "Feature", "geometry": {"type": "Point", "coordinates": [-16.23333, 15.49028]}, "properties": {"nom": "Koki", "nappe": "Eocene", "type": "4", "couleur": "#1565C0"}}, {"type": "Feature", "geometry": {"type": "Point", "coordinates": [-16.22083, 15.525]}, "properties": {"nom": "Ndiakhate Khakham I", "nappe": "Eocene", "type": "4", "couleur": "#1565C0"}}, {"type": "Feature", "geometry": {"type": "Point", "coordinates": [-16.23028, 15.51444]}, "properties": {"nom": "Ndiakhate Khakham Ii", "nappe": "Eocene", "type": "4", "couleur": "#1565C0"}}, {"type": "Feature", "geometry": {"type": "Point", "coordinates": [-16.19667, 15.55583]}, "properties": {"nom": "Khanda Peulh Thierno", "nappe": "Eocene", "type": "4", "couleur": "#1565C0"}}, {"type": "Feature", "geometry": {"type": "Point", "coordinates": [-16.19667, 15.55583]}, "properties": {"nom": "Khanda Peulh Thierno", "nappe": "Eocene", "type": "4", "couleur": "#1565C0"}}, {"type": "Feature", "geometry": {"type": "Point", "coordinates": [-16.2875, 15.37778]}, "properties": {"nom": "Ndiayene Bangoye", "nappe": "Eocene", "type": "4", "couleur": "#1565C0"}}, {"type": "Feature", "geometry": {"type": "Point", "coordinates": [-16.28333, 15.33333]}, "properties": {"nom": "Ndiattar Peulh", "nappe": "Eocene", "type": "4", "couleur": "#1565C0"}}, {"type": "Feature", "geometry": {"type": "Point", "coordinates": [-16.33055, 15.425]}, "properties": {"nom": "Ndialouye Marone", "nappe": "Eocene", "type": "4", "couleur": "#1565C0"}}, {"type": "Feature", "geometry": {"type": "Point", "coordinates": [-16.22778, 15.36389]}, "properties": {"nom": "Ndam Mor Fademba", "nappe": "Eocene", "type": "4", "couleur": "#1565C0"}}, {"type": "Feature", "geometry": {"type": "Point", "coordinates": [-16.29445, 15.44444]}, "properties": {"nom": "Ngourane Ouolof", "nappe": "Eocene", "type": "4", "couleur": "#1565C0"}}, {"type": "Feature", "geometry": {"type": "Point", "coordinates": [-16.20389, 15.53944]}, "properties": {"nom": "Leguet", "nappe": "Eocene", "type": "4", "couleur": "#1565C0"}}, {"type": "Feature", "geometry": {"type": "Point", "coordinates": [-16.30667, 15.56889]}, "properties": {"nom": "Kalassane Ndiaye", "nappe": "Eocene", "type": "4", "couleur": "#1565C0"}}, {"type": "Feature", "geometry": {"type": "Point", "coordinates": [-16.30667, 15.56889]}, "properties": {"nom": "Kalassane Ndiaye", "nappe": "Eocene", "type": "4", "couleur": "#1565C0"}}, {"type": "Feature", "geometry": {"type": "Point", "coordinates": [-16.20083, 15.62611]}, "properties": {"nom": "Ndiang Diop", "nappe": "Eocene", "type": "4", "couleur": "#1565C0"}}, {"type": "Feature", "geometry": {"type": "Point", "coordinates": [-16.20083, 15.62611]}, "properties": {"nom": "Ndiang Diop", "nappe": "Eocene", "type": "4", "couleur": "#1565C0"}}, {"type": "Feature", "geometry": {"type": "Point", "coordinates": [-16.23528, 15.575]}, "properties": {"nom": "Thilla Gueye", "nappe": "Eocene", "type": "4", "couleur": "#1565C0"}}, {"type": "Feature", "geometry": {"type": "Point", "coordinates": [-16.23528, 15.575]}, "properties": {"nom": "Thilla Gueye", "nappe": "Eocene", "type": "4", "couleur": "#1565C0"}}, {"type": "Feature", "geometry": {"type": "Point", "coordinates": [-16.26111, 15.53056]}, "properties": {"nom": "Keur Djadia", "nappe": "Eocene", "type": "4", "couleur": "#1565C0"}}, {"type": "Feature", "geometry": {"type": "Point", "coordinates": [-16.21861, 15.45861]}, "properties": {"nom": "Medou Ndao", "nappe": "Eocene", "type": "4", "couleur": "#1565C0"}}, {"type": "Feature", "geometry": {"type": "Point", "coordinates": [-16.21861, 15.45861]}, "properties": {"nom": "Medou Ndao", "nappe": "Eocene", "type": "4", "couleur": "#1565C0"}}, {"type": "Feature", "geometry": {"type": "Point", "coordinates": [-16.23611, 15.42222]}, "properties": {"nom": "Darou Diapat", "nappe": "Eocene", "type": "4", "couleur": "#1565C0"}}, {"type": "Feature", "geometry": {"type": "Point", "coordinates": [-16.325, 15.45833]}, "properties": {"nom": "Pakhi Kebe", "nappe": "Eocene", "type": "4", "couleur": "#1565C0"}}, {"type": "Feature", "geometry": {"type": "Point", "coordinates": [-16.32639, 15.44444]}, "properties": {"nom": "Touba Ndiaw Ndiaw", "nappe": "Eocene", "type": "4", "couleur": "#1565C0"}}, {"type": "Feature", "geometry": {"type": "Point", "coordinates": [-16.28889, 15.45278]}, "properties": {"nom": "Ngourane Ouolof", "nappe": "Eocene", "type": "4", "couleur": "#1565C0"}}, {"type": "Feature", "geometry": {"type": "Point", "coordinates": [-16.30278, 15.33333]}, "properties": {"nom": "Ndiattar Fall", "nappe": "Eocene", "type": "4", "couleur": "#1565C0"}}, {"type": "Feature", "geometry": {"type": "Point", "coordinates": [-16.19222, 15.64111]}, "properties": {"nom": "Ndimbi Seck", "nappe": "Eocene", "type": "4", "couleur": "#1565C0"}}, {"type": "Feature", "geometry": {"type": "Point", "coordinates": [-16.27389, 15.45861]}, "properties": {"nom": "Ndawene", "nappe": "Eocene", "type": "4", "couleur": "#1565C0"}}, {"type": "Feature", "geometry": {"type": "Point", "coordinates": [-16.27389, 15.45861]}, "properties": {"nom": "Ndawene", "nappe": "Eocene", "type": "4", "couleur": "#1565C0"}}, {"type": "Feature", "geometry": {"type": "Point", "coordinates": [-16.30278, 15.33333]}, "properties": {"nom": "Ndiattar Fall", "nappe": "Eocene", "type": "4", "couleur": "#1565C0"}}, {"type": "Feature", "geometry": {"type": "Point", "coordinates": [-16.31389, 15.43333]}, "properties": {"nom": "Mbissis", "nappe": "Eocene", "type": "4", "couleur": "#1565C0"}}, {"type": "Feature", "geometry": {"type": "Point", "coordinates": [-16.29722, 15.37778]}, "properties": {"nom": "Darou Bangoye", "nappe": "Eocene", "type": "4", "couleur": "#1565C0"}}, {"type": "Feature", "geometry": {"type": "Point", "coordinates": [-16.25889, 15.47056]}, "properties": {"nom": "Darou Kebe", "nappe": "Eocene", "type": "4", "couleur": "#1565C0"}}, {"type": "Feature", "geometry": {"type": "Point", "coordinates": [-16.29333, 15.40278]}, "properties": {"nom": "Ndam Bala", "nappe": "Eocene", "type": "4", "couleur": "#1565C0"}}, {"type": "Feature", "geometry": {"type": "Point", "coordinates": [-16.28333, 15.33611]}, "properties": {"nom": "Ouarga Lo", "nappe": "Eocene", "type": "4", "couleur": "#1565C0"}}, {"type": "Feature", "geometry": {"type": "Point", "coordinates": [-16.27778, 15.5]}, "properties": {"nom": "Ndeugour Diama Ndiaye", "nappe": "Eocene", "type": "4", "couleur": "#1565C0"}}, {"type": "Feature", "geometry": {"type": "Point", "coordinates": [-16.2325, 15.49944]}, "properties": {"nom": "Ndiarmeo Peulh", "nappe": "Eocene", "type": "4", "couleur": "#1565C0"}}, {"type": "Feature", "geometry": {"type": "Point", "coordinates": [-16.2325, 15.49944]}, "properties": {"nom": "Ndiarmeo Peulh", "nappe": "Eocene", "type": "4", "couleur": "#1565C0"}}, {"type": "Feature", "geometry": {"type": "Point", "coordinates": [-16.18861, 15.67833]}, "properties": {"nom": "Ndeukt Gueye", "nappe": "Eocene", "type": "4", "couleur": "#1565C0"}}, {"type": "Feature", "geometry": {"type": "Point", "coordinates": [-16.18861, 15.67833]}, "properties": {"nom": "Ndeukt Gueye", "nappe": "Eocene", "type": "4", "couleur": "#1565C0"}}, {"type": "Feature", "geometry": {"type": "Point", "coordinates": [-16.61389, 15.41667]}, "properties": {"nom": "Ndjinakh", "nappe": "Eocene", "type": "4", "couleur": "#1565C0"}}, {"type": "Feature", "geometry": {"type": "Point", "coordinates": [-16.76389, 15.07694]}, "properties": {"nom": "Meouane", "nappe": "Eocene", "type": "4", "couleur": "#1565C0"}}, {"type": "Feature", "geometry": {"type": "Point", "coordinates": [-16.73889, 15.16778]}, "properties": {"nom": "Toffi Mbaye", "nappe": "Eocene", "type": "4", "couleur": "#1565C0"}}, {"type": "Feature", "geometry": {"type": "Point", "coordinates": [-16.58611, 15.19444]}, "properties": {"nom": "Kelle", "nappe": "Eocene", "type": "4", "couleur": "#1565C0"}}, {"type": "Feature", "geometry": {"type": "Point", "coordinates": [-16.58889, 15.18889]}, "properties": {"nom": "Kelle F4 Bis", "nappe": "Eocene", "type": "4", "couleur": "#1565C0"}}, {"type": "Feature", "geometry": {"type": "Point", "coordinates": [-16.42139, 15.16306]}, "properties": {"nom": "Ndiompy", "nappe": "Eocene", "type": "4", "couleur": "#1565C0"}}, {"type": "Feature", "geometry": {"type": "Point", "coordinates": [-16.47639, 15.10806]}, "properties": {"nom": "Mbaylar", "nappe": "Eocene", "type": "4", "couleur": "#1565C0"}}, {"type": "Feature", "geometry": {"type": "Point", "coordinates": [-16.54722, 15.1075]}, "properties": {"nom": "Merina Dakhar", "nappe": "Eocene", "type": "4", "couleur": "#1565C0"}}, {"type": "Feature", "geometry": {"type": "Point", "coordinates": [-16.48333, 15.05]}, "properties": {"nom": "Diokoul Tabby", "nappe": "Eocene", "type": "4", "couleur": "#1565C0"}}, {"type": "Feature", "geometry": {"type": "Point", "coordinates": [-16.35833, 15.16667]}, "properties": {"nom": "Ngalick", "nappe": "Eocene", "type": "4", "couleur": "#1565C0"}}, {"type": "Feature", "geometry": {"type": "Point", "coordinates": [-16.62917, 15.13333]}, "properties": {"nom": "Sine Mbarick", "nappe": "Eocene", "type": "4", "couleur": "#1565C0"}}, {"type": "Feature", "geometry": {"type": "Point", "coordinates": [-16.55972, 15.25556]}, "properties": {"nom": "Ndie Codou Pam  F. I", "nappe": "Eocene", "type": "4", "couleur": "#1565C0"}}, {"type": "Feature", "geometry": {"type": "Point", "coordinates": [-16.54944, 15.2525]}, "properties": {"nom": "Palmeo F2bis P.53", "nappe": "Eocene", "type": "4", "couleur": "#1565C0"}}, {"type": "Feature", "geometry": {"type": "Point", "coordinates": [-16.63333, 15.26389]}, "properties": {"nom": "Palmeo", "nappe": "Eocene", "type": "4", "couleur": "#1565C0"}}, {"type": "Feature", "geometry": {"type": "Point", "coordinates": [-16.55278, 15.25278]}, "properties": {"nom": "Palmeo", "nappe": "Eocene", "type": "4", "couleur": "#1565C0"}}, {"type": "Feature", "geometry": {"type": "Point", "coordinates": [-16.34056, 15.23167]}, "properties": {"nom": "Diemoul Ouolof", "nappe": "Eocene", "type": "4", "couleur": "#1565C0"}}, {"type": "Feature", "geometry": {"type": "Point", "coordinates": [-16.43139, 15.23917]}, "properties": {"nom": "Thiathiour", "nappe": "Eocene", "type": "4", "couleur": "#1565C0"}}, {"type": "Feature", "geometry": {"type": "Point", "coordinates": [-16.56667, 15.21806]}, "properties": {"nom": "Ndialene", "nappe": "Eocene", "type": "4", "couleur": "#1565C0"}}, {"type": "Feature", "geometry": {"type": "Point", "coordinates": [-16.34444, 15.07861]}, "properties": {"nom": "Niakhene", "nappe": "Eocene", "type": "4", "couleur": "#1565C0"}}, {"type": "Feature", "geometry": {"type": "Point", "coordinates": [-16.41667, 15.10833]}, "properties": {"nom": "Pekesse", "nappe": "Eocene", "type": "4", "couleur": "#1565C0"}}, {"type": "Feature", "geometry": {"type": "Point", "coordinates": [-16.57222, 15.21806]}, "properties": {"nom": "Dakhar Ngogne", "nappe": "Eocene", "type": "4", "couleur": "#1565C0"}}, {"type": "Feature", "geometry": {"type": "Point", "coordinates": [-16.33389, 15.32222]}, "properties": {"nom": "Kheul Ndiaye", "nappe": "Eocene", "type": "4", "couleur": "#1565C0"}}, {"type": "Feature", "geometry": {"type": "Point", "coordinates": [-16.43694, 14.98944]}, "properties": {"nom": "Baridiame", "nappe": "Eocene", "type": "4", "couleur": "#1565C0"}}, {"type": "Feature", "geometry": {"type": "Point", "coordinates": [-16.59167, 15.18611]}, "properties": {"nom": "Kelle", "nappe": "Eocene", "type": "4", "couleur": "#1565C0"}}, {"type": "Feature", "geometry": {"type": "Point", "coordinates": [-16.58889, 15.18333]}, "properties": {"nom": "Kelle", "nappe": "Eocene", "type": "4", "couleur": "#1565C0"}}, {"type": "Feature", "geometry": {"type": "Point", "coordinates": [-16.42194, 15.11194]}, "properties": {"nom": "Pekesse", "nappe": "Eocene", "type": "4", "couleur": "#1565C0"}}, {"type": "Feature", "geometry": {"type": "Point", "coordinates": [-16.41389, 15.01083]}, "properties": {"nom": "Ndattou", "nappe": "Eocene", "type": "4", "couleur": "#1565C0"}}, {"type": "Feature", "geometry": {"type": "Point", "coordinates": [-16.3675, 15.00972]}, "properties": {"nom": "Ndiane I", "nappe": "Eocene", "type": "4", "couleur": "#1565C0"}}, {"type": "Feature", "geometry": {"type": "Point", "coordinates": [-16.63056, 15.06778]}, "properties": {"nom": "Koul", "nappe": "Eocene", "type": "4", "couleur": "#1565C0"}}, {"type": "Feature", "geometry": {"type": "Point", "coordinates": [-16.4, 15.16667]}, "properties": {"nom": "Ngandiouf", "nappe": "Eocene", "type": "4", "couleur": "#1565C0"}}, {"type": "Feature", "geometry": {"type": "Point", "coordinates": [-16.55361, 15.03444]}, "properties": {"nom": "Macka Diaw", "nappe": "Eocene", "type": "4", "couleur": "#1565C0"}}, {"type": "Feature", "geometry": {"type": "Point", "coordinates": [-16.38889, 15.29639]}, "properties": {"nom": "Nekhedji Palene", "nappe": "Eocene", "type": "4", "couleur": "#1565C0"}}, {"type": "Feature", "geometry": {"type": "Point", "coordinates": [-16.38889, 15.295]}, "properties": {"nom": "Darou Sam", "nappe": "Eocene", "type": "4", "couleur": "#1565C0"}}, {"type": "Feature", "geometry": {"type": "Point", "coordinates": [-16.35, 15.33056]}, "properties": {"nom": "Macka Diagne", "nappe": "Eocene", "type": "4", "couleur": "#1565C0"}}, {"type": "Feature", "geometry": {"type": "Point", "coordinates": [-16.40833, 15.32778]}, "properties": {"nom": "Mbenguene Mbelgor", "nappe": "Eocene", "type": "4", "couleur": "#1565C0"}}, {"type": "Feature", "geometry": {"type": "Point", "coordinates": [-16.40667, 15.32694]}, "properties": {"nom": "Diawar Loum", "nappe": "Eocene", "type": "4", "couleur": "#1565C0"}}, {"type": "Feature", "geometry": {"type": "Point", "coordinates": [-16.35, 15.24167]}, "properties": {"nom": "Ndekhy Ndangoura", "nappe": "Eocene", "type": "4", "couleur": "#1565C0"}}, {"type": "Feature", "geometry": {"type": "Point", "coordinates": [-16.41111, 15.31306]}, "properties": {"nom": "Ndiobene Taye", "nappe": "Eocene", "type": "4", "couleur": "#1565C0"}}, {"type": "Feature", "geometry": {"type": "Point", "coordinates": [-16.42778, 15.24889]}, "properties": {"nom": "Thiathiour", "nappe": "Eocene", "type": "4", "couleur": "#1565C0"}}, {"type": "Feature", "geometry": {"type": "Point", "coordinates": [-16.45, 15.24889]}, "properties": {"nom": "Gatty Ndongo", "nappe": "Eocene", "type": "4", "couleur": "#1565C0"}}, {"type": "Feature", "geometry": {"type": "Point", "coordinates": [-16.35472, 15.31306]}, "properties": {"nom": "Mbakhisse", "nappe": "Eocene", "type": "4", "couleur": "#1565C0"}}, {"type": "Feature", "geometry": {"type": "Point", "coordinates": [-16.37583, 15.29222]}, "properties": {"nom": "Diambal", "nappe": "Eocene", "type": "4", "couleur": "#1565C0"}}, {"type": "Feature", "geometry": {"type": "Point", "coordinates": [-16.41945, 15.27028]}, "properties": {"nom": "Mboubene 2", "nappe": "Eocene", "type": "4", "couleur": "#1565C0"}}, {"type": "Feature", "geometry": {"type": "Point", "coordinates": [-16.36861, 15.25278]}, "properties": {"nom": "Ndob Gadiaga", "nappe": "Eocene", "type": "4", "couleur": "#1565C0"}}, {"type": "Feature", "geometry": {"type": "Point", "coordinates": [-16.58333, 15.08528]}, "properties": {"nom": "Kery Bakhdass", "nappe": "Eocene", "type": "4", "couleur": "#1565C0"}}, {"type": "Feature", "geometry": {"type": "Point", "coordinates": [-16.45361, 15.03694]}, "properties": {"nom": "Koki Diop", "nappe": "Eocene", "type": "4", "couleur": "#1565C0"}}, {"type": "Feature", "geometry": {"type": "Point", "coordinates": [-15.50917, 15.06472]}, "properties": {"nom": "Newa", "nappe": "Eocene", "type": "4", "couleur": "#1565C0"}}, {"type": "Feature", "geometry": {"type": "Point", "coordinates": [-15.50917, 15.05917]}, "properties": {"nom": "Thiounene", "nappe": "Eocene", "type": "4", "couleur": "#1565C0"}}, {"type": "Feature", "geometry": {"type": "Point", "coordinates": [-16.42417, 15.21306]}, "properties": {"nom": "Toube Ndao", "nappe": "Eocene", "type": "4", "couleur": "#1565C0"}}, {"type": "Feature", "geometry": {"type": "Point", "coordinates": [-16.35, 15.43333]}, "properties": {"nom": "Ndjiguel Ndiaye", "nappe": "Eocene", "type": "4", "couleur": "#1565C0"}}, {"type": "Feature", "geometry": {"type": "Point", "coordinates": [-16.50917, 15.04806]}, "properties": {"nom": "Kahone Diagne", "nappe": "Eocene", "type": "4", "couleur": "#1565C0"}}, {"type": "Feature", "geometry": {"type": "Point", "coordinates": [-16.42972, 15.1075]}, "properties": {"nom": "Ndiouki Pekesse", "nappe": "Eocene", "type": "4", "couleur": "#1565C0"}}, {"type": "Feature", "geometry": {"type": "Point", "coordinates": [-16.37722, 15.25278]}, "properties": {"nom": "Nguembe", "nappe": "Eocene", "type": "4", "couleur": "#1565C0"}}, {"type": "Feature", "geometry": {"type": "Point", "coordinates": [-16.35917, 15.24444]}, "properties": {"nom": "Bousre Mar", "nappe": "Eocene", "type": "4", "couleur": "#1565C0"}}, {"type": "Feature", "geometry": {"type": "Point", "coordinates": [-16.40167, 15.15167]}, "properties": {"nom": "Mbirine", "nappe": "Eocene", "type": "4", "couleur": "#1565C0"}}, {"type": "Feature", "geometry": {"type": "Point", "coordinates": [-16.54083, 15.13889]}, "properties": {"nom": "Ngueoul Louto", "nappe": "Eocene", "type": "4", "couleur": "#1565C0"}}, {"type": "Feature", "geometry": {"type": "Point", "coordinates": [-16.52583, 15.15556]}, "properties": {"nom": "Dallakh 1", "nappe": "Eocene", "type": "4", "couleur": "#1565C0"}}, {"type": "Feature", "geometry": {"type": "Point", "coordinates": [-16.60194, 15.12083]}, "properties": {"nom": "Nghasse", "nappe": "Eocene", "type": "4", "couleur": "#1565C0"}}, {"type": "Feature", "geometry": {"type": "Point", "coordinates": [-16.52972, 15.14639]}, "properties": {"nom": "Mbamba Tall", "nappe": "Eocene", "type": "4", "couleur": "#1565C0"}}, {"type": "Feature", "geometry": {"type": "Point", "coordinates": [-16.60833, 15.13333]}, "properties": {"nom": "Ndiass", "nappe": "Eocene", "type": "4", "couleur": "#1565C0"}}, {"type": "Feature", "geometry": {"type": "Point", "coordinates": [-16.57222, 15.12806]}, "properties": {"nom": "Thiar Thylor", "nappe": "Eocene", "type": "4", "couleur": "#1565C0"}}, {"type": "Feature", "geometry": {"type": "Point", "coordinates": [-16.52972, 15.17389]}, "properties": {"nom": "Ndiankhang", "nappe": "Eocene", "type": "4", "couleur": "#1565C0"}}, {"type": "Feature", "geometry": {"type": "Point", "coordinates": [-16.5, 15.22139]}, "properties": {"nom": "Loyene Mbar", "nappe": "Eocene", "type": "4", "couleur": "#1565C0"}}, {"type": "Feature", "geometry": {"type": "Point", "coordinates": [-16.5, 15.21972]}, "properties": {"nom": "Loyene Niock", "nappe": "Eocene", "type": "4", "couleur": "#1565C0"}}, {"type": "Feature", "geometry": {"type": "Point", "coordinates": [-16.5, 15.185]}, "properties": {"nom": "Telly", "nappe": "Eocene", "type": "4", "couleur": "#1565C0"}}, {"type": "Feature", "geometry": {"type": "Point", "coordinates": [-16.51111, 15.18889]}, "properties": {"nom": "Keur Thiar", "nappe": "Eocene", "type": "4", "couleur": "#1565C0"}}, {"type": "Feature", "geometry": {"type": "Point", "coordinates": [-16.46139, 15.2125]}, "properties": {"nom": "Ndalenguer", "nappe": "Eocene", "type": "4", "couleur": "#1565C0"}}, {"type": "Feature", "geometry": {"type": "Point", "coordinates": [-16.45278, 15.16472]}, "properties": {"nom": "Gatty Ngaraf", "nappe": "Eocene", "type": "4", "couleur": "#1565C0"}}, {"type": "Feature", "geometry": {"type": "Point", "coordinates": [-16.45555, 15.19972]}, "properties": {"nom": "Mboul", "nappe": "Eocene", "type": "4", "couleur": "#1565C0"}}, {"type": "Feature", "geometry": {"type": "Point", "coordinates": [-16.46111, 15.185]}, "properties": {"nom": "Begal", "nappe": "Eocene", "type": "4", "couleur": "#1565C0"}}, {"type": "Feature", "geometry": {"type": "Point", "coordinates": [-16.42583, 15.19056]}, "properties": {"nom": "Khaye Goundiang", "nappe": "Eocene", "type": "4", "couleur": "#1565C0"}}, {"type": "Feature", "geometry": {"type": "Point", "coordinates": [-16.51194, 15.12639]}, "properties": {"nom": "Ndieurigne Diop", "nappe": "Eocene", "type": "4", "couleur": "#1565C0"}}, {"type": "Feature", "geometry": {"type": "Point", "coordinates": [-16.46667, 15.16667]}, "properties": {"nom": "Darou Salam", "nappe": "Eocene", "type": "4", "couleur": "#1565C0"}}, {"type": "Feature", "geometry": {"type": "Point", "coordinates": [-16.5075, 15.14111]}, "properties": {"nom": "Ndiarame", "nappe": "Eocene", "type": "4", "couleur": "#1565C0"}}, {"type": "Feature", "geometry": {"type": "Point", "coordinates": [-16.53695, 15.12639]}, "properties": {"nom": "Gade Ndiasse", "nappe": "Eocene", "type": "4", "couleur": "#1565C0"}}, {"type": "Feature", "geometry": {"type": "Point", "coordinates": [-16.5, 15.1575]}, "properties": {"nom": "Sine Yoro", "nappe": "Eocene", "type": "4", "couleur": "#1565C0"}}, {"type": "Feature", "geometry": {"type": "Point", "coordinates": [-16.41111, 15.17389]}, "properties": {"nom": "Ndieng", "nappe": "Eocene", "type": "4", "couleur": "#1565C0"}}, {"type": "Feature", "geometry": {"type": "Point", "coordinates": [-16.52028, 15.10806]}, "properties": {"nom": "Toucouleur", "nappe": "Eocene", "type": "4", "couleur": "#1565C0"}}, {"type": "Feature", "geometry": {"type": "Point", "coordinates": [-16.47583, 15.14639]}, "properties": {"nom": "Ndeck Dia", "nappe": "Eocene", "type": "4", "couleur": "#1565C0"}}, {"type": "Feature", "geometry": {"type": "Point", "coordinates": [-16.45361, 15.11722]}, "properties": {"nom": "Diamatyl", "nappe": "Eocene", "type": "4", "couleur": "#1565C0"}}, {"type": "Feature", "geometry": {"type": "Point", "coordinates": [-16.46944, 15.13889]}, "properties": {"nom": "Ndiop Bassel", "nappe": "Eocene", "type": "4", "couleur": "#1565C0"}}, {"type": "Feature", "geometry": {"type": "Point", "coordinates": [-16.43333, 15.13556]}, "properties": {"nom": "Kane Kane", "nappe": "Eocene", "type": "4", "couleur": "#1565C0"}}, {"type": "Feature", "geometry": {"type": "Point", "coordinates": [-16.43333, 15.13556]}, "properties": {"nom": "Gouffo", "nappe": "Eocene", "type": "4", "couleur": "#1565C0"}}, {"type": "Feature", "geometry": {"type": "Point", "coordinates": [-16.42222, 15.13611]}, "properties": {"nom": "Merina Thioune", "nappe": "Eocene", "type": "4", "couleur": "#1565C0"}}, {"type": "Feature", "geometry": {"type": "Point", "coordinates": [-16.4, 15.16472]}, "properties": {"nom": "Gade Dior", "nappe": "Eocene", "type": "4", "couleur": "#1565C0"}}, {"type": "Feature", "geometry": {"type": "Point", "coordinates": [-16.38889, 15.15833]}, "properties": {"nom": "Gade Yelle", "nappe": "Eocene", "type": "4", "couleur": "#1565C0"}}, {"type": "Feature", "geometry": {"type": "Point", "coordinates": [-16.35, 15.17583]}, "properties": {"nom": "Seno", "nappe": "Eocene", "type": "4", "couleur": "#1565C0"}}, {"type": "Feature", "geometry": {"type": "Point", "coordinates": [-16.36389, 15.19444]}, "properties": {"nom": "Sine Amar", "nappe": "Eocene", "type": "4", "couleur": "#1565C0"}}, {"type": "Feature", "geometry": {"type": "Point", "coordinates": [-16.40083, 15.21194]}, "properties": {"nom": "Yess", "nappe": "Eocene", "type": "4", "couleur": "#1565C0"}}, {"type": "Feature", "geometry": {"type": "Point", "coordinates": [-16.44167, 15.24278]}, "properties": {"nom": "Mbackar", "nappe": "Eocene", "type": "4", "couleur": "#1565C0"}}, {"type": "Feature", "geometry": {"type": "Point", "coordinates": [-16.37222, 15.20528]}, "properties": {"nom": "Sam Dieng", "nappe": "Eocene", "type": "4", "couleur": "#1565C0"}}, {"type": "Feature", "geometry": {"type": "Point", "coordinates": [-16.36306, 15.21194]}, "properties": {"nom": "Darou Tandine", "nappe": "Eocene", "type": "4", "couleur": "#1565C0"}}, {"type": "Feature", "geometry": {"type": "Point", "coordinates": [-16.38139, 15.23806]}, "properties": {"nom": "Niagane", "nappe": "Eocene", "type": "4", "couleur": "#1565C0"}}, {"type": "Feature", "geometry": {"type": "Point", "coordinates": [-16.38333, 15.23083]}, "properties": {"nom": "Ndar Sall", "nappe": "Eocene", "type": "4", "couleur": "#1565C0"}}, {"type": "Feature", "geometry": {"type": "Point", "coordinates": [-16.43333, 15.21417]}, "properties": {"nom": "Khaye Tacko", "nappe": "Eocene", "type": "4", "couleur": "#1565C0"}}, {"type": "Feature", "geometry": {"type": "Point", "coordinates": [-16.47222, 15.23639]}, "properties": {"nom": "Kade Ndiaye", "nappe": "Eocene", "type": "4", "couleur": "#1565C0"}}, {"type": "Feature", "geometry": {"type": "Point", "coordinates": [-16.33611, 15.20278]}, "properties": {"nom": "Khattre Ouolof", "nappe": "Eocene", "type": "4", "couleur": "#1565C0"}}, {"type": "Feature", "geometry": {"type": "Point", "coordinates": [-16.3375, 15.19417]}, "properties": {"nom": "Niandoul", "nappe": "Eocene", "type": "4", "couleur": "#1565C0"}}, {"type": "Feature", "geometry": {"type": "Point", "coordinates": [-16.5, 15.17583]}, "properties": {"nom": "Loukouk Ciss", "nappe": "Eocene", "type": "4", "couleur": "#1565C0"}}, {"type": "Feature", "geometry": {"type": "Point", "coordinates": [-16.5, 15.00722]}, "properties": {"nom": "Loukouck Ndiaye", "nappe": "Eocene", "type": "4", "couleur": "#1565C0"}}, {"type": "Feature", "geometry": {"type": "Point", "coordinates": [-16.53833, 15.08917]}, "properties": {"nom": "Ngadiaga", "nappe": "Eocene", "type": "4", "couleur": "#1565C0"}}, {"type": "Feature", "geometry": {"type": "Point", "coordinates": [-16.57444, 15.13222]}, "properties": {"nom": "Thiar Thylor", "nappe": "Eocene", "type": "4", "couleur": "#1565C0"}}, {"type": "Feature", "geometry": {"type": "Point", "coordinates": [-16.55, 15.12222]}, "properties": {"nom": "Nder Ouolof", "nappe": "Eocene", "type": "4", "couleur": "#1565C0"}}, {"type": "Feature", "geometry": {"type": "Point", "coordinates": [-16.57222, 15.075]}, "properties": {"nom": "Lamdiane", "nappe": "Eocene", "type": "4", "couleur": "#1565C0"}}, {"type": "Feature", "geometry": {"type": "Point", "coordinates": [-16.57333, 15.10861]}, "properties": {"nom": "Gatty Gueye", "nappe": "Eocene", "type": "4", "couleur": "#1565C0"}}, {"type": "Feature", "geometry": {"type": "Point", "coordinates": [-16.59805, 15.07167]}, "properties": {"nom": "Darou Kandji", "nappe": "Eocene", "type": "4", "couleur": "#1565C0"}}, {"type": "Feature", "geometry": {"type": "Point", "coordinates": [-16.61111, 15.0925]}, "properties": {"nom": "Ndombolokh", "nappe": "Eocene", "type": "4", "couleur": "#1565C0"}}, {"type": "Feature", "geometry": {"type": "Point", "coordinates": [-16.61472, 15.09778]}, "properties": {"nom": "Sakhe", "nappe": "Eocene", "type": "4", "couleur": "#1565C0"}}, {"type": "Feature", "geometry": {"type": "Point", "coordinates": [-16.38694, 15.18472]}, "properties": {"nom": "Ndiarnde", "nappe": "Eocene", "type": "4", "couleur": "#1565C0"}}, {"type": "Feature", "geometry": {"type": "Point", "coordinates": [-16.55833, 15.02]}, "properties": {"nom": "Darou Seye", "nappe": "Eocene", "type": "4", "couleur": "#1565C0"}}, {"type": "Feature", "geometry": {"type": "Point", "coordinates": [-16.55611, 15.02]}, "properties": {"nom": "Touba Kane", "nappe": "Eocene", "type": "4", "couleur": "#1565C0"}}, {"type": "Feature", "geometry": {"type": "Point", "coordinates": [-16.58945, 15.06472]}, "properties": {"nom": "Ngadiame Ndiaye", "nappe": "Eocene", "type": "4", "couleur": "#1565C0"}}, {"type": "Feature", "geometry": {"type": "Point", "coordinates": [-16.58333, 15.06222]}, "properties": {"nom": "Golobe", "nappe": "Eocene", "type": "4", "couleur": "#1565C0"}}, {"type": "Feature", "geometry": {"type": "Point", "coordinates": [-16.48083, 15.0325]}, "properties": {"nom": "Maka Sarr", "nappe": "Eocene", "type": "4", "couleur": "#1565C0"}}, {"type": "Feature", "geometry": {"type": "Point", "coordinates": [-16.55445, 15.01639]}, "properties": {"nom": "Ngandeck", "nappe": "Eocene", "type": "4", "couleur": "#1565C0"}}, {"type": "Feature", "geometry": {"type": "Point", "coordinates": [-16.57, 15.04639]}, "properties": {"nom": "Ndiakhate Saer", "nappe": "Eocene", "type": "4", "couleur": "#1565C0"}}, {"type": "Feature", "geometry": {"type": "Point", "coordinates": [-16.49806, 15.08889]}, "properties": {"nom": "Ndiaye Diambaniane", "nappe": "Eocene", "type": "4", "couleur": "#1565C0"}}, {"type": "Feature", "geometry": {"type": "Point", "coordinates": [-16.51694, 15.03333]}, "properties": {"nom": "Diokoul Tabby", "nappe": "Eocene", "type": "4", "couleur": "#1565C0"}}, {"type": "Feature", "geometry": {"type": "Point", "coordinates": [-16.53389, 15.04528]}, "properties": {"nom": "Keur Diadie", "nappe": "Eocene", "type": "4", "couleur": "#1565C0"}}, {"type": "Feature", "geometry": {"type": "Point", "coordinates": [-16.45694, 15.03444]}, "properties": {"nom": "Merina Diop", "nappe": "Eocene", "type": "4", "couleur": "#1565C0"}}, {"type": "Feature", "geometry": {"type": "Point", "coordinates": [-16.5225, 15.01278]}, "properties": {"nom": "Sine Leye Kane", "nappe": "Eocene", "type": "4", "couleur": "#1565C0"}}, {"type": "Feature", "geometry": {"type": "Point", "coordinates": [-16.51139, 15.07472]}, "properties": {"nom": "Ndiandate", "nappe": "Eocene", "type": "4", "couleur": "#1565C0"}}, {"type": "Feature", "geometry": {"type": "Point", "coordinates": [-16.47, 15.08583]}, "properties": {"nom": "Forbotte", "nappe": "Eocene", "type": "4", "couleur": "#1565C0"}}, {"type": "Feature", "geometry": {"type": "Point", "coordinates": [-16.48806, 15.09611]}, "properties": {"nom": "Koudiane", "nappe": "Eocene", "type": "4", "couleur": "#1565C0"}}, {"type": "Feature", "geometry": {"type": "Point", "coordinates": [-16.46305, 15.09528]}, "properties": {"nom": "Leyene", "nappe": "Eocene", "type": "4", "couleur": "#1565C0"}}, {"type": "Feature", "geometry": {"type": "Point", "coordinates": [-16.49361, 15.07611]}, "properties": {"nom": "Ndiaby Ndiaye", "nappe": "Eocene", "type": "4", "couleur": "#1565C0"}}, {"type": "Feature", "geometry": {"type": "Point", "coordinates": [-16.42472, 15.08667]}, "properties": {"nom": "Thieye Thieye", "nappe": "Eocene", "type": "4", "couleur": "#1565C0"}}, {"type": "Feature", "geometry": {"type": "Point", "coordinates": [-16.54472, 15.07417]}, "properties": {"nom": "Bardial", "nappe": "Eocene", "type": "4", "couleur": "#1565C0"}}, {"type": "Feature", "geometry": {"type": "Point", "coordinates": [-16.45278, 15.08333]}, "properties": {"nom": "Bakhdass 1", "nappe": "Eocene", "type": "4", "couleur": "#1565C0"}}, {"type": "Feature", "geometry": {"type": "Point", "coordinates": [-16.51306, 15.03083]}, "properties": {"nom": "Maick", "nappe": "Eocene", "type": "4", "couleur": "#1565C0"}}, {"type": "Feature", "geometry": {"type": "Point", "coordinates": [-16.5375, 15.08167]}, "properties": {"nom": "Keur Medoune Gning", "nappe": "Eocene", "type": "4", "couleur": "#1565C0"}}, {"type": "Feature", "geometry": {"type": "Point", "coordinates": [-16.44139, 15.06611]}, "properties": {"nom": "Nekhe", "nappe": "Eocene", "type": "4", "couleur": "#1565C0"}}, {"type": "Feature", "geometry": {"type": "Point", "coordinates": [-16.53639, 15.05806]}, "properties": {"nom": "Mballene", "nappe": "Eocene", "type": "4", "couleur": "#1565C0"}}, {"type": "Feature", "geometry": {"type": "Point", "coordinates": [-16.54861, 15.12694]}, "properties": {"nom": "Dawakh Ba", "nappe": "Eocene", "type": "4", "couleur": "#1565C0"}}, {"type": "Feature", "geometry": {"type": "Point", "coordinates": [-16.5, 15.18306]}, "properties": {"nom": "Leir Dao Gaye", "nappe": "Eocene", "type": "4", "couleur": "#1565C0"}}, {"type": "Feature", "geometry": {"type": "Point", "coordinates": [-16.5, 15.06167]}, "properties": {"nom": "Thieckere", "nappe": "Eocene", "type": "4", "couleur": "#1565C0"}}, {"type": "Feature", "geometry": {"type": "Point", "coordinates": [-16.42472, 15.15944]}, "properties": {"nom": "Lamsing", "nappe": "Eocene", "type": "4", "couleur": "#1565C0"}}, {"type": "Feature", "geometry": {"type": "Point", "coordinates": [-16.42778, 15.11056]}, "properties": {"nom": "Pekesse", "nappe": "Eocene", "type": "4", "couleur": "#1565C0"}}, {"type": "Feature", "geometry": {"type": "Point", "coordinates": [-16.49306, 15.03333]}, "properties": {"nom": "Boussoura", "nappe": "Eocene", "type": "4", "couleur": "#1565C0"}}, {"type": "Feature", "geometry": {"type": "Point", "coordinates": [-16.45833, 15.04861]}, "properties": {"nom": "Ndimb Fall", "nappe": "Eocene", "type": "4", "couleur": "#1565C0"}}, {"type": "Feature", "geometry": {"type": "Point", "coordinates": [-16.48222, 15.05111]}, "properties": {"nom": "Ndombil", "nappe": "Eocene", "type": "4", "couleur": "#1565C0"}}, {"type": "Feature", "geometry": {"type": "Point", "coordinates": [-16.3875, 15.07833]}, "properties": {"nom": "Ramatou", "nappe": "Eocene", "type": "4", "couleur": "#1565C0"}}, {"type": "Feature", "geometry": {"type": "Point", "coordinates": [-16.37028, 15.12806]}, "properties": {"nom": "Satte 3", "nappe": "Eocene", "type": "4", "couleur": "#1565C0"}}, {"type": "Feature", "geometry": {"type": "Point", "coordinates": [-16.38944, 15.26361]}, "properties": {"nom": "Mbakhene", "nappe": "Eocene", "type": "4", "couleur": "#1565C0"}}, {"type": "Feature", "geometry": {"type": "Point", "coordinates": [-16.43, 15.21222]}, "properties": {"nom": "Koure Dial", "nappe": "Eocene", "type": "4", "couleur": "#1565C0"}}, {"type": "Feature", "geometry": {"type": "Point", "coordinates": [-16.38722, 15.125]}, "properties": {"nom": "Thylla Satte", "nappe": "Eocene", "type": "4", "couleur": "#1565C0"}}, {"type": "Feature", "geometry": {"type": "Point", "coordinates": [-16.42639, 15.11806]}, "properties": {"nom": "Ndiouky Dakhar", "nappe": "Eocene", "type": "4", "couleur": "#1565C0"}}, {"type": "Feature", "geometry": {"type": "Point", "coordinates": [-16.42278, 15.16667]}, "properties": {"nom": "Ndiompy", "nappe": "Eocene", "type": "4", "couleur": "#1565C0"}}, {"type": "Feature", "geometry": {"type": "Point", "coordinates": [-16.38, 15.22444]}, "properties": {"nom": "Ndiayene Diop", "nappe": "Eocene", "type": "4", "couleur": "#1565C0"}}, {"type": "Feature", "geometry": {"type": "Point", "coordinates": [-16.39389, 15.03667]}, "properties": {"nom": "Keur Madiop Toure", "nappe": "Eocene", "type": "4", "couleur": "#1565C0"}}, {"type": "Feature", "geometry": {"type": "Point", "coordinates": [-16.41722, 15.03806]}, "properties": {"nom": "Khaoulou", "nappe": "Eocene", "type": "4", "couleur": "#1565C0"}}, {"type": "Feature", "geometry": {"type": "Point", "coordinates": [-16.46167, 15.01806]}, "properties": {"nom": "Coky Diop", "nappe": "Eocene", "type": "4", "couleur": "#1565C0"}}, {"type": "Feature", "geometry": {"type": "Point", "coordinates": [-16.35278, 15.04861]}, "properties": {"nom": "Nguembe Thilla", "nappe": "Eocene", "type": "4", "couleur": "#1565C0"}}, {"type": "Feature", "geometry": {"type": "Point", "coordinates": [-16.36861, 15.08611]}, "properties": {"nom": "Ndine", "nappe": "Eocene", "type": "4", "couleur": "#1565C0"}}, {"type": "Feature", "geometry": {"type": "Point", "coordinates": [-16.38889, 15.11]}, "properties": {"nom": "Taiba Niang", "nappe": "Eocene", "type": "4", "couleur": "#1565C0"}}, {"type": "Feature", "geometry": {"type": "Point", "coordinates": [-16.58194, 15.18611]}, "properties": {"nom": "Kelle", "nappe": "Eocene", "type": "4", "couleur": "#1565C0"}}, {"type": "Feature", "geometry": {"type": "Point", "coordinates": [-16.35, 15.13583]}, "properties": {"nom": "Ndjinguene Ouolof", "nappe": "Eocene", "type": "4", "couleur": "#1565C0"}}, {"type": "Feature", "geometry": {"type": "Point", "coordinates": [-16.35278, 15.14167]}, "properties": {"nom": "Kalome", "nappe": "Eocene", "type": "4", "couleur": "#1565C0"}}, {"type": "Feature", "geometry": {"type": "Point", "coordinates": [-16.3925, 15.07972]}, "properties": {"nom": "Ndiere", "nappe": "Eocene", "type": "4", "couleur": "#1565C0"}}, {"type": "Feature", "geometry": {"type": "Point", "coordinates": [-16.37583, 15.08778]}, "properties": {"nom": "Mbeurleup", "nappe": "Eocene", "type": "4", "couleur": "#1565C0"}}, {"type": "Feature", "geometry": {"type": "Point", "coordinates": [-16.38889, 15.13417]}, "properties": {"nom": "Ndiogomaye 1", "nappe": "Eocene", "type": "4", "couleur": "#1565C0"}}, {"type": "Feature", "geometry": {"type": "Point", "coordinates": [-16.38611, 15.02778]}, "properties": {"nom": "Ndiere", "nappe": "Eocene", "type": "4", "couleur": "#1565C0"}}, {"type": "Feature", "geometry": {"type": "Point", "coordinates": [-16.375, 15.15]}, "properties": {"nom": "Diadje", "nappe": "Eocene", "type": "4", "couleur": "#1565C0"}}, {"type": "Feature", "geometry": {"type": "Point", "coordinates": [-16.38528, 15.14139]}, "properties": {"nom": "Sao", "nappe": "Eocene", "type": "4", "couleur": "#1565C0"}}, {"type": "Feature", "geometry": {"type": "Point", "coordinates": [-16.38333, 15.11]}, "properties": {"nom": "Paye Paye", "nappe": "Eocene", "type": "4", "couleur": "#1565C0"}}, {"type": "Feature", "geometry": {"type": "Point", "coordinates": [-16.36111, 15.12861]}, "properties": {"nom": "Coure Kalome", "nappe": "Eocene", "type": "4", "couleur": "#1565C0"}}, {"type": "Feature", "geometry": {"type": "Point", "coordinates": [-16.40556, 15.04528]}, "properties": {"nom": "Ndere Mbaye", "nappe": "Eocene", "type": "4", "couleur": "#1565C0"}}, {"type": "Feature", "geometry": {"type": "Point", "coordinates": [-16.425, 15.03611]}, "properties": {"nom": "Thiambene", "nappe": "Eocene", "type": "4", "couleur": "#1565C0"}}, {"type": "Feature", "geometry": {"type": "Point", "coordinates": [-16.57778, 15.00917]}, "properties": {"nom": "Ngandeck", "nappe": "Eocene", "type": "4", "couleur": "#1565C0"}}, {"type": "Feature", "geometry": {"type": "Point", "coordinates": [-16.43333, 15.01639]}, "properties": {"nom": "Badar Gueye", "nappe": "Eocene", "type": "4", "couleur": "#1565C0"}}, {"type": "Feature", "geometry": {"type": "Point", "coordinates": [-16.42417, 15.02]}, "properties": {"nom": "Keur Madiop Dieumb", "nappe": "Eocene", "type": "4", "couleur": "#1565C0"}}, {"type": "Feature", "geometry": {"type": "Point", "coordinates": [-16.48333, 15.02722]}, "properties": {"nom": "Sine Macoumba Leye", "nappe": "Eocene", "type": "4", "couleur": "#1565C0"}}, {"type": "Feature", "geometry": {"type": "Point", "coordinates": [-16.43806, 15.01083]}, "properties": {"nom": "Keur Demba Sab", "nappe": "Eocene", "type": "4", "couleur": "#1565C0"}}, {"type": "Feature", "geometry": {"type": "Point", "coordinates": [-16.41472, 15.06694]}, "properties": {"nom": "Tiokou", "nappe": "Eocene", "type": "4", "couleur": "#1565C0"}}, {"type": "Feature", "geometry": {"type": "Point", "coordinates": [-16.46472, 15.105]}, "properties": {"nom": "Mbodiene Nguessere", "nappe": "Eocene", "type": "4", "couleur": "#1565C0"}}, {"type": "Feature", "geometry": {"type": "Point", "coordinates": [-16.51111, 15.1075]}, "properties": {"nom": "Dior", "nappe": "Eocene", "type": "4", "couleur": "#1565C0"}}, {"type": "Feature", "geometry": {"type": "Point", "coordinates": [-16.56667, 15.10333]}, "properties": {"nom": "Nder Nar", "nappe": "Eocene", "type": "4", "couleur": "#1565C0"}}, {"type": "Feature", "geometry": {"type": "Point", "coordinates": [-16.4925, 15.10694]}, "properties": {"nom": "Tieng", "nappe": "Eocene", "type": "4", "couleur": "#1565C0"}}, {"type": "Feature", "geometry": {"type": "Point", "coordinates": [-16.46111, 15.07417]}, "properties": {"nom": "Keur Mor Birame Diakhate", "nappe": "Eocene", "type": "4", "couleur": "#1565C0"}}, {"type": "Feature", "geometry": {"type": "Point", "coordinates": [-16.46278, 15.11222]}, "properties": {"nom": "Mbaylar", "nappe": "Eocene", "type": "4", "couleur": "#1565C0"}}, {"type": "Feature", "geometry": {"type": "Point", "coordinates": [-16.37222, 15.11944]}, "properties": {"nom": "Ndiarga", "nappe": "Eocene", "type": "4", "couleur": "#1565C0"}}, {"type": "Feature", "geometry": {"type": "Point", "coordinates": [-16.45361, 15.10694]}, "properties": {"nom": "Ngueye Ngueye", "nappe": "Eocene", "type": "4", "couleur": "#1565C0"}}, {"type": "Feature", "geometry": {"type": "Point", "coordinates": [-16.35722, 15.0725]}, "properties": {"nom": "Thilla Dramane", "nappe": "Eocene", "type": "4", "couleur": "#1565C0"}}, {"type": "Feature", "geometry": {"type": "Point", "coordinates": [-16.56111, 15.02694]}, "properties": {"nom": "Gouye Soukhe", "nappe": "Eocene", "type": "4", "couleur": "#1565C0"}}, {"type": "Feature", "geometry": {"type": "Point", "coordinates": [-16.38056, 15.11222]}, "properties": {"nom": "Ndiogomaye", "nappe": "Eocene", "type": "4", "couleur": "#1565C0"}}, {"type": "Feature", "geometry": {"type": "Point", "coordinates": [-16.41806, 15.20528]}, "properties": {"nom": "Khandirane", "nappe": "Eocene", "type": "4", "couleur": "#1565C0"}}, {"type": "Feature", "geometry": {"type": "Point", "coordinates": [-16.34444, 15.16389]}, "properties": {"nom": "Ngoppe", "nappe": "Eocene", "type": "4", "couleur": "#1565C0"}}, {"type": "Feature", "geometry": {"type": "Point", "coordinates": [-16.43139, 15.07028]}, "properties": {"nom": "Khatanguent", "nappe": "Eocene", "type": "4", "couleur": "#1565C0"}}, {"type": "Feature", "geometry": {"type": "Point", "coordinates": [-16.45361, 15.26361]}, "properties": {"nom": "Ndiene Ratt (Bis)", "nappe": "Eocene", "type": "4", "couleur": "#1565C0"}}, {"type": "Feature", "geometry": {"type": "Point", "coordinates": [-16.37972, 15.185]}, "properties": {"nom": "Ngoumba Amar", "nappe": "Eocene", "type": "4", "couleur": "#1565C0"}}, {"type": "Feature", "geometry": {"type": "Point", "coordinates": [-16.41111, 15.13889]}, "properties": {"nom": "Ndioko Dieng", "nappe": "Eocene", "type": "4", "couleur": "#1565C0"}}, {"type": "Feature", "geometry": {"type": "Point", "coordinates": [-16.39083, 15.21917]}, "properties": {"nom": "Pam", "nappe": "Eocene", "type": "4", "couleur": "#1565C0"}}, {"type": "Feature", "geometry": {"type": "Point", "coordinates": [-16.41472, 15.22417]}, "properties": {"nom": "Diokoul Kambel", "nappe": "Eocene", "type": "4", "couleur": "#1565C0"}}, {"type": "Feature", "geometry": {"type": "Point", "coordinates": [-16.51306, 15.07028]}, "properties": {"nom": "Nguissam Fall", "nappe": "Eocene", "type": "4", "couleur": "#1565C0"}}, {"type": "Feature", "geometry": {"type": "Point", "coordinates": [-16.45139, 15.26472]}, "properties": {"nom": "Darou Ndiaye", "nappe": "Eocene", "type": "4", "couleur": "#1565C0"}}, {"type": "Feature", "geometry": {"type": "Point", "coordinates": [-16.36861, 15.29306]}, "properties": {"nom": "Ndobatu", "nappe": "Eocene", "type": "4", "couleur": "#1565C0"}}, {"type": "Feature", "geometry": {"type": "Point", "coordinates": [-16.39806, 15.23333]}, "properties": {"nom": "Saby Khona", "nappe": "Eocene", "type": "4", "couleur": "#1565C0"}}, {"type": "Feature", "geometry": {"type": "Point", "coordinates": [-16.43944, 15.11472]}, "properties": {"nom": "Diokoul Ndabe", "nappe": "Eocene", "type": "4", "couleur": "#1565C0"}}, {"type": "Feature", "geometry": {"type": "Point", "coordinates": [-16.40195, 15.11306]}, "properties": {"nom": "Palene", "nappe": "Eocene", "type": "4", "couleur": "#1565C0"}}, {"type": "Feature", "geometry": {"type": "Point", "coordinates": [-16.41694, 15.23694]}, "properties": {"nom": "Thiathiour", "nappe": "Eocene", "type": "4", "couleur": "#1565C0"}}, {"type": "Feature", "geometry": {"type": "Point", "coordinates": [-16.35139, 15.04278]}, "properties": {"nom": "Nguembe Thilla Dieng", "nappe": "Eocene", "type": "4", "couleur": "#1565C0"}}, {"type": "Feature", "geometry": {"type": "Point", "coordinates": [-16.25, 15.0375]}, "properties": {"nom": "Thilmakha", "nappe": "Eocene", "type": "4", "couleur": "#1565C0"}}, {"type": "Feature", "geometry": {"type": "Point", "coordinates": [-16.235, 15.23167]}, "properties": {"nom": "Battal", "nappe": "Eocene", "type": "4", "couleur": "#1565C0"}}, {"type": "Feature", "geometry": {"type": "Point", "coordinates": [-16.25861, 15.20028]}, "properties": {"nom": "Kantar Diagne", "nappe": "Eocene", "type": "4", "couleur": "#1565C0"}}, {"type": "Feature", "geometry": {"type": "Point", "coordinates": [-16.22639, 15.27778]}, "properties": {"nom": "Mbakhiss Diao", "nappe": "Eocene", "type": "4", "couleur": "#1565C0"}}, {"type": "Feature", "geometry": {"type": "Point", "coordinates": [-16.00278, 15.10278]}, "properties": {"nom": "Ndangou Ouolof", "nappe": "Eocene", "type": "4", "couleur": "#1565C0"}}, {"type": "Feature", "geometry": {"type": "Point", "coordinates": [-16.30556, 15.17778]}, "properties": {"nom": "Mbayene", "nappe": "Eocene", "type": "4", "couleur": "#1565C0"}}, {"type": "Feature", "geometry": {"type": "Point", "coordinates": [-16.31389, 15.32083]}, "properties": {"nom": "Massar Diop", "nappe": "Eocene", "type": "4", "couleur": "#1565C0"}}, {"type": "Feature", "geometry": {"type": "Point", "coordinates": [-16.30556, 15.26389]}, "properties": {"nom": "Ndiourky", "nappe": "Eocene", "type": "4", "couleur": "#1565C0"}}, {"type": "Feature", "geometry": {"type": "Point", "coordinates": [-16.29167, 15.29167]}, "properties": {"nom": "Keur Binta", "nappe": "Eocene", "type": "4", "couleur": "#1565C0"}}, {"type": "Feature", "geometry": {"type": "Point", "coordinates": [-16.29167, 15.28333]}, "properties": {"nom": "Kilimane I", "nappe": "Eocene", "type": "4", "couleur": "#1565C0"}}, {"type": "Feature", "geometry": {"type": "Point", "coordinates": [-16.29445, 15.28472]}, "properties": {"nom": "Kilimane Ii", "nappe": "Eocene", "type": "4", "couleur": "#1565C0"}}, {"type": "Feature", "geometry": {"type": "Point", "coordinates": [-16.30417, 15.30556]}, "properties": {"nom": "Thine Diao I", "nappe": "Eocene", "type": "4", "couleur": "#1565C0"}}, {"type": "Feature", "geometry": {"type": "Point", "coordinates": [-16.26111, 15.275]}, "properties": {"nom": "Khanthiakh Sidy", "nappe": "Eocene", "type": "4", "couleur": "#1565C0"}}, {"type": "Feature", "geometry": {"type": "Point", "coordinates": [-16.24083, 15.23611]}, "properties": {"nom": "Khanthiakh Mademba", "nappe": "Eocene", "type": "4", "couleur": "#1565C0"}}, {"type": "Feature", "geometry": {"type": "Point", "coordinates": [-16.2825, 15.31278]}, "properties": {"nom": "Kobeul Sougou", "nappe": "Eocene", "type": "4", "couleur": "#1565C0"}}, {"type": "Feature", "geometry": {"type": "Point", "coordinates": [-16.315, 15.31389]}, "properties": {"nom": "Massar Diop Ii", "nappe": "Eocene", "type": "4", "couleur": "#1565C0"}}, {"type": "Feature", "geometry": {"type": "Point", "coordinates": [-16.31389, 15.325]}, "properties": {"nom": "Massar Diop", "nappe": "Eocene", "type": "4", "couleur": "#1565C0"}}, {"type": "Feature", "geometry": {"type": "Point", "coordinates": [-16.28278, 15.31306]}, "properties": {"nom": "Mousladj", "nappe": "Eocene", "type": "4", "couleur": "#1565C0"}}, {"type": "Feature", "geometry": {"type": "Point", "coordinates": [-16.24028, 15.2825]}, "properties": {"nom": "Ndiakhoumpa I", "nappe": "Eocene", "type": "4", "couleur": "#1565C0"}}, {"type": "Feature", "geometry": {"type": "Point", "coordinates": [-16.325, 15.33194]}, "properties": {"nom": "Ouarack Ndiatar", "nappe": "Eocene", "type": "4", "couleur": "#1565C0"}}, {"type": "Feature", "geometry": {"type": "Point", "coordinates": [-16.25833, 15.29306]}, "properties": {"nom": "Ndiakhoumpa Peulh", "nappe": "Eocene", "type": "4", "couleur": "#1565C0"}}, {"type": "Feature", "geometry": {"type": "Point", "coordinates": [-16.29445, 15.02222]}, "properties": {"nom": "Ainoumane", "nappe": "Eocene", "type": "4", "couleur": "#1565C0"}}, {"type": "Feature", "geometry": {"type": "Point", "coordinates": [-16.33722, 15.0025]}, "properties": {"nom": "Lappe", "nappe": "Eocene", "type": "4", "couleur": "#1565C0"}}, {"type": "Feature", "geometry": {"type": "Point", "coordinates": [-16.28333, 15.24444]}, "properties": {"nom": "Thiarre 2", "nappe": "Eocene", "type": "4", "couleur": "#1565C0"}}, {"type": "Feature", "geometry": {"type": "Point", "coordinates": [-16.29639, 15.2125]}, "properties": {"nom": "Youye", "nappe": "Eocene", "type": "4", "couleur": "#1565C0"}}, {"type": "Feature", "geometry": {"type": "Point", "coordinates": [-16.28695, 15.16667]}, "properties": {"nom": "Paris Ndiaye", "nappe": "Eocene", "type": "4", "couleur": "#1565C0"}}, {"type": "Feature", "geometry": {"type": "Point", "coordinates": [-16.28695, 15.19222]}, "properties": {"nom": "Gogno", "nappe": "Eocene", "type": "4", "couleur": "#1565C0"}}, {"type": "Feature", "geometry": {"type": "Point", "coordinates": [-16.31667, 15.02778]}, "properties": {"nom": "Ndiol 1", "nappe": "Eocene", "type": "4", "couleur": "#1565C0"}}, {"type": "Feature", "geometry": {"type": "Point", "coordinates": [-16.27972, 15.08417]}, "properties": {"nom": "Khamnane", "nappe": "Eocene", "type": "4", "couleur": "#1565C0"}}, {"type": "Feature", "geometry": {"type": "Point", "coordinates": [-16.26778, 15.06583]}, "properties": {"nom": "Keur Youssou", "nappe": "Eocene", "type": "4", "couleur": "#1565C0"}}, {"type": "Feature", "geometry": {"type": "Point", "coordinates": [-16.29639, 15.07333]}, "properties": {"nom": "Ndiol 2", "nappe": "Eocene", "type": "4", "couleur": "#1565C0"}}, {"type": "Feature", "geometry": {"type": "Point", "coordinates": [-16.30722, 15.08167]}, "properties": {"nom": "Ndemene", "nappe": "Eocene", "type": "4", "couleur": "#1565C0"}}, {"type": "Feature", "geometry": {"type": "Point", "coordinates": [-16.33333, 15.23056]}, "properties": {"nom": "Diemoul Peulh", "nappe": "Eocene", "type": "4", "couleur": "#1565C0"}}, {"type": "Feature", "geometry": {"type": "Point", "coordinates": [-16.32694, 15.06889]}, "properties": {"nom": "Bop Sylla", "nappe": "Eocene", "type": "4", "couleur": "#1565C0"}}, {"type": "Feature", "geometry": {"type": "Point", "coordinates": [-16.25917, 15.11]}, "properties": {"nom": "Yeo", "nappe": "Eocene", "type": "4", "couleur": "#1565C0"}}, {"type": "Feature", "geometry": {"type": "Point", "coordinates": [-16.29445, 15.075]}, "properties": {"nom": "Ndialba 1", "nappe": "Eocene", "type": "4", "couleur": "#1565C0"}}, {"type": "Feature", "geometry": {"type": "Point", "coordinates": [-16.2575, 15.07139]}, "properties": {"nom": "Digne", "nappe": "Eocene", "type": "4", "couleur": "#1565C0"}}, {"type": "Feature", "geometry": {"type": "Point", "coordinates": [-16.27583, 15.12806]}, "properties": {"nom": "Keursamsou", "nappe": "Eocene", "type": "4", "couleur": "#1565C0"}}, {"type": "Feature", "geometry": {"type": "Point", "coordinates": [-16.29722, 15.10833]}, "properties": {"nom": "Macka Mor Khary", "nappe": "Eocene", "type": "4", "couleur": "#1565C0"}}, {"type": "Feature", "geometry": {"type": "Point", "coordinates": [-16.26861, 15.0525]}, "properties": {"nom": "Ndoucoumane Ndiaye", "nappe": "Eocene", "type": "4", "couleur": "#1565C0"}}, {"type": "Feature", "geometry": {"type": "Point", "coordinates": [-16.28611, 15.12667]}, "properties": {"nom": "Santhiou Thiabala", "nappe": "Eocene", "type": "4", "couleur": "#1565C0"}}, {"type": "Feature", "geometry": {"type": "Point", "coordinates": [-16.25972, 15.20167]}, "properties": {"nom": "Kantar Diagne", "nappe": "Eocene", "type": "4", "couleur": "#1565C0"}}, {"type": "Feature", "geometry": {"type": "Point", "coordinates": [-16.24055, 15.29639]}, "properties": {"nom": "Ndiakhoumpa Keur Balla", "nappe": "Eocene", "type": "4", "couleur": "#1565C0"}}, {"type": "Feature", "geometry": {"type": "Point", "coordinates": [-16.23333, 15.22778]}, "properties": {"nom": "Battal", "nappe": "Eocene", "type": "4", "couleur": "#1565C0"}}, {"type": "Feature", "geometry": {"type": "Point", "coordinates": [-16.27778, 15.24167]}, "properties": {"nom": "Khelcom Diop", "nappe": "Eocene", "type": "4", "couleur": "#1565C0"}}, {"type": "Feature", "geometry": {"type": "Point", "coordinates": [-16.27583, 15.23611]}, "properties": {"nom": "Khelcom Peulh", "nappe": "Eocene", "type": "4", "couleur": "#1565C0"}}, {"type": "Feature", "geometry": {"type": "Point", "coordinates": [-16.28056, 15.24028]}, "properties": {"nom": "Khelcom Kasse", "nappe": "Eocene", "type": "4", "couleur": "#1565C0"}}, {"type": "Feature", "geometry": {"type": "Point", "coordinates": [-16.25167, 15.25972]}, "properties": {"nom": "Merina Yakhour", "nappe": "Eocene", "type": "4", "couleur": "#1565C0"}}, {"type": "Feature", "geometry": {"type": "Point", "coordinates": [-16.23444, 15.20361]}, "properties": {"nom": "Ndiaw", "nappe": "Eocene", "type": "4", "couleur": "#1565C0"}}, {"type": "Feature", "geometry": {"type": "Point", "coordinates": [-16.235, 15.20389]}, "properties": {"nom": "Sam Peulh", "nappe": "Eocene", "type": "4", "couleur": "#1565C0"}}, {"type": "Feature", "geometry": {"type": "Point", "coordinates": [-16.24111, 15.25]}, "properties": {"nom": "Mayaye 1", "nappe": "Eocene", "type": "4", "couleur": "#1565C0"}}, {"type": "Feature", "geometry": {"type": "Point", "coordinates": [-16.31306, 15.14639]}, "properties": {"nom": "Darou Waniane", "nappe": "Eocene", "type": "4", "couleur": "#1565C0"}}, {"type": "Feature", "geometry": {"type": "Point", "coordinates": [-16.26306, 15.16306]}, "properties": {"nom": "Matar Ndoumbe", "nappe": "Eocene", "type": "4", "couleur": "#1565C0"}}, {"type": "Feature", "geometry": {"type": "Point", "coordinates": [-16.31694, 15.1575]}, "properties": {"nom": "Fass Toure", "nappe": "Eocene", "type": "4", "couleur": "#1565C0"}}, {"type": "Feature", "geometry": {"type": "Point", "coordinates": [-16.32583, 15.16306]}, "properties": {"nom": "Ngalap 1", "nappe": "Eocene", "type": "4", "couleur": "#1565C0"}}, {"type": "Feature", "geometry": {"type": "Point", "coordinates": [-16.27667, 15.16306]}, "properties": {"nom": "Sinthiou", "nappe": "Eocene", "type": "4", "couleur": "#1565C0"}}, {"type": "Feature", "geometry": {"type": "Point", "coordinates": [-16.31111, 15.16667]}, "properties": {"nom": "Gad Ndiakhar", "nappe": "Eocene", "type": "4", "couleur": "#1565C0"}}, {"type": "Feature", "geometry": {"type": "Point", "coordinates": [-16.31667, 15.05361]}, "properties": {"nom": "Longhor", "nappe": "Eocene", "type": "4", "couleur": "#1565C0"}}, {"type": "Feature", "geometry": {"type": "Point", "coordinates": [-16.25278, 15.05139]}, "properties": {"nom": "Niakhal Matar (Keur Libass)", "nappe": "Eocene", "type": "4", "couleur": "#1565C0"}}, {"type": "Feature", "geometry": {"type": "Point", "coordinates": [-16.25278, 15.05139]}, "properties": {"nom": "Niakhal Matar (Keur Libass)", "nappe": "Eocene", "type": "4", "couleur": "#1565C0"}}, {"type": "Feature", "geometry": {"type": "Point", "coordinates": [-15.85, 15.58889]}, "properties": {"nom": "Gorbel Peulh", "nappe": "Eocene", "type": "4", "couleur": "#1565C0"}}, {"type": "Feature", "geometry": {"type": "Point", "coordinates": [-15.98611, 15.25]}, "properties": {"nom": "Macka Diagne", "nappe": "Eocene", "type": "4", "couleur": "#1565C0"}}, {"type": "Feature", "geometry": {"type": "Point", "coordinates": [-13.37139, 15.68528]}, "properties": {"nom": "Sinthiou Mogo", "nappe": "Eocene", "type": "4", "couleur": "#1565C0"}}, {"type": "Feature", "geometry": {"type": "Point", "coordinates": [-13.37139, 15.68528]}, "properties": {"nom": "Sinthiou Mogo", "nappe": "Eocene", "type": "4", "couleur": "#1565C0"}}, {"type": "Feature", "geometry": {"type": "Point", "coordinates": [-13.34139, 15.55528]}, "properties": {"nom": "Hombo", "nappe": "Eocene", "type": "4", "couleur": "#1565C0"}}, {"type": "Feature", "geometry": {"type": "Point", "coordinates": [-13.34167, 15.55556]}, "properties": {"nom": "Hombo", "nappe": "Eocene", "type": "4", "couleur": "#1565C0"}}, {"type": "Feature", "geometry": {"type": "Point", "coordinates": [-13.125, 15.31389]}, "properties": {"nom": "Tekinguel", "nappe": "Eocene", "type": "4", "couleur": "#1565C0"}}, {"type": "Feature", "geometry": {"type": "Point", "coordinates": [-12.91944, 15.1125]}, "properties": {"nom": "Dialloube Diamouguel", "nappe": "Eocene", "type": "4", "couleur": "#1565C0"}}, {"type": "Feature", "geometry": {"type": "Point", "coordinates": [-12.98056, 15.2325]}, "properties": {"nom": "Valel", "nappe": "Eocene", "type": "4", "couleur": "#1565C0"}}, {"type": "Feature", "geometry": {"type": "Point", "coordinates": [-17.15195, 14.7375]}, "properties": {"nom": "Sebikotane", "nappe": "Eocene", "type": "4", "couleur": "#1565C0"}}, {"type": "Feature", "geometry": {"type": "Point", "coordinates": [-17.14, 14.86472]}, "properties": {"nom": "Berr Tialane F1", "nappe": "Eocene", "type": "4", "couleur": "#1565C0"}}, {"type": "Feature", "geometry": {"type": "Point", "coordinates": [-17.15, 14.86528]}, "properties": {"nom": "Berr Tialane F3", "nappe": "Eocene", "type": "4", "couleur": "#1565C0"}}, {"type": "Feature", "geometry": {"type": "Point", "coordinates": [-17.15417, 14.86528]}, "properties": {"nom": "Berr Tialane F4", "nappe": "Eocene", "type": "4", "couleur": "#1565C0"}}, {"type": "Feature", "geometry": {"type": "Point", "coordinates": [-17.15833, 14.86528]}, "properties": {"nom": "Berr Tialane F5", "nappe": "Eocene", "type": "4", "couleur": "#1565C0"}}, {"type": "Feature", "geometry": {"type": "Point", "coordinates": [-17.15694, 14.75972]}, "properties": {"nom": "Sebikotane Agrocap", "nappe": "Eocene", "type": "4", "couleur": "#1565C0"}}, {"type": "Feature", "geometry": {"type": "Point", "coordinates": [-16.90556, 14.70556]}, "properties": {"nom": "Baback Serere", "nappe": "Eocene", "type": "4", "couleur": "#1565C0"}}, {"type": "Feature", "geometry": {"type": "Point", "coordinates": [-16.67417, 14.73917]}, "properties": {"nom": "Ndingler Ball", "nappe": "Eocene", "type": "4", "couleur": "#1565C0"}}, {"type": "Feature", "geometry": {"type": "Point", "coordinates": [-16.85, 14.78472]}, "properties": {"nom": "Keur Demba Ngoye", "nappe": "Eocene", "type": "4", "couleur": "#1565C0"}}, {"type": "Feature", "geometry": {"type": "Point", "coordinates": [-16.69444, 14.76389]}, "properties": {"nom": "Khombole", "nappe": "Eocene", "type": "4", "couleur": "#1565C0"}}, {"type": "Feature", "geometry": {"type": "Point", "coordinates": [-16.88472, 14.74444]}, "properties": {"nom": "Kere Mbaye", "nappe": "Eocene", "type": "4", "couleur": "#1565C0"}}, {"type": "Feature", "geometry": {"type": "Point", "coordinates": [-16.9, 14.76944]}, "properties": {"nom": "Ngoumsane", "nappe": "Eocene", "type": "4", "couleur": "#1565C0"}}, {"type": "Feature", "geometry": {"type": "Point", "coordinates": [-16.84167, 14.675]}, "properties": {"nom": "Ngollar Serere", "nappe": "Eocene", "type": "4", "couleur": "#1565C0"}}, {"type": "Feature", "geometry": {"type": "Point", "coordinates": [-16.81667, 14.8]}, "properties": {"nom": "Keur Dfemba Anta", "nappe": "Eocene", "type": "4", "couleur": "#1565C0"}}, {"type": "Feature", "geometry": {"type": "Point", "coordinates": [-16.79445, 14.88611]}, "properties": {"nom": "Keur Amary Coumba", "nappe": "Eocene", "type": "4", "couleur": "#1565C0"}}, {"type": "Feature", "geometry": {"type": "Point", "coordinates": [-16.86667, 14.9]}, "properties": {"nom": "Koudiadiene", "nappe": "Eocene", "type": "4", "couleur": "#1565C0"}}, {"type": "Feature", "geometry": {"type": "Point", "coordinates": [-16.73889, 14.81667]}, "properties": {"nom": "Keur Yaba Diop", "nappe": "Eocene", "type": "4", "couleur": "#1565C0"}}, {"type": "Feature", "geometry": {"type": "Point", "coordinates": [-16.86944, 14.80833]}, "properties": {"nom": "Fandene Thiathie", "nappe": "Eocene", "type": "4", "couleur": "#1565C0"}}, {"type": "Feature", "geometry": {"type": "Point", "coordinates": [-16.66806, 14.81944]}, "properties": {"nom": "Touba Toul", "nappe": "Eocene", "type": "4", "couleur": "#1565C0"}}, {"type": "Feature", "geometry": {"type": "Point", "coordinates": [-16.80833, 14.825]}, "properties": {"nom": "Bangadji", "nappe": "Eocene", "type": "4", "couleur": "#1565C0"}}, {"type": "Feature", "geometry": {"type": "Point", "coordinates": [-16.98472, 14.76667]}, "properties": {"nom": "Pout Escale", "nappe": "Eocene", "type": "4", "couleur": "#1565C0"}}, {"type": "Feature", "geometry": {"type": "Point", "coordinates": [-16.88333, 14.80833]}, "properties": {"nom": "Fandene (F4)", "nappe": "Eocene", "type": "4", "couleur": "#1565C0"}}, {"type": "Feature", "geometry": {"type": "Point", "coordinates": [-16.82889, 14.82889]}, "properties": {"nom": "Darou Samb", "nappe": "Eocene", "type": "4", "couleur": "#1565C0"}}, {"type": "Feature", "geometry": {"type": "Point", "coordinates": [-16.56389, 14.72222]}, "properties": {"nom": "Dangalma I", "nappe": "Eocene", "type": "4", "couleur": "#1565C0"}}, {"type": "Feature", "geometry": {"type": "Point", "coordinates": [-16.53361, 14.80583]}, "properties": {"nom": "Mekhe", "nappe": "Eocene", "type": "4", "couleur": "#1565C0"}}, {"type": "Feature", "geometry": {"type": "Point", "coordinates": [-16.4925, 14.94389]}, "properties": {"nom": "Baba Garage C", "nappe": "Eocene", "type": "4", "couleur": "#1565C0"}}, {"type": "Feature", "geometry": {"type": "Point", "coordinates": [-16.36278, 14.6975]}, "properties": {"nom": "Thiakhar", "nappe": "Eocene", "type": "4", "couleur": "#1565C0"}}, {"type": "Feature", "geometry": {"type": "Point", "coordinates": [-16.61833, 14.73806]}, "properties": {"nom": "Kaba Diack", "nappe": "Eocene", "type": "4", "couleur": "#1565C0"}}, {"type": "Feature", "geometry": {"type": "Point", "coordinates": [-16.40417, 14.93056]}, "properties": {"nom": "Thiaytou", "nappe": "Eocene", "type": "4", "couleur": "#1565C0"}}, {"type": "Feature", "geometry": {"type": "Point", "coordinates": [-16.55222, 14.97778]}, "properties": {"nom": "Tawa Fall", "nappe": "Eocene", "type": "4", "couleur": "#1565C0"}}, {"type": "Feature", "geometry": {"type": "Point", "coordinates": [-16.55222, 14.97778]}, "properties": {"nom": "Tawa Fall", "nappe": "Eocene", "type": "4", "couleur": "#1565C0"}}, {"type": "Feature", "geometry": {"type": "Point", "coordinates": [-16.65361, 14.67222]}, "properties": {"nom": "Mbewane Ndorong", "nappe": "Eocene", "type": "4", "couleur": "#1565C0"}}, {"type": "Feature", "geometry": {"type": "Point", "coordinates": [-16.53611, 14.675]}, "properties": {"nom": "Baback Ndioudiouf", "nappe": "Eocene", "type": "4", "couleur": "#1565C0"}}, {"type": "Feature", "geometry": {"type": "Point", "coordinates": [-16.42805, 14.97556]}, "properties": {"nom": "Dinguiraye", "nappe": "Eocene", "type": "4", "couleur": "#1565C0"}}, {"type": "Feature", "geometry": {"type": "Point", "coordinates": [-16.42805, 14.97556]}, "properties": {"nom": "Dinguiraye", "nappe": "Eocene", "type": "4", "couleur": "#1565C0"}}, {"type": "Feature", "geometry": {"type": "Point", "coordinates": [-16.45694, 14.69722]}, "properties": {"nom": "Bambey Gare", "nappe": "Eocene", "type": "4", "couleur": "#1565C0"}}, {"type": "Feature", "geometry": {"type": "Point", "coordinates": [-15.28333, 15.45556]}, "properties": {"nom": "Medina Gouloum", "nappe": "Maastrichtien", "type": "4", "couleur": "#0D47A1"}}, {"type": "Feature", "geometry": {"type": "Point", "coordinates": [-15.05722, 15.45861]}, "properties": {"nom": "Kadji Merina", "nappe": "Maastrichtien", "type": "4", "couleur": "#0D47A1"}}, {"type": "Feature", "geometry": {"type": "Point", "coordinates": [-15.11944, 15.40722]}, "properties": {"nom": "Linguere", "nappe": "Maastrichtien", "type": "4", "couleur": "#0D47A1"}}, {"type": "Feature", "geometry": {"type": "Point", "coordinates": [-15.01667, 15.49167]}, "properties": {"nom": "Khol Khol", "nappe": "Maastrichtien", "type": "4", "couleur": "#0D47A1"}}, {"type": "Feature", "geometry": {"type": "Point", "coordinates": [-15.71306, 15.03333]}, "properties": {"nom": "Dealy", "nappe": "Maastrichtien", "type": "4", "couleur": "#0D47A1"}}, {"type": "Feature", "geometry": {"type": "Point", "coordinates": [-15.71306, 15.03333]}, "properties": {"nom": "Dealy", "nappe": "Maastrichtien", "type": "4", "couleur": "#0D47A1"}}, {"type": "Feature", "geometry": {"type": "Point", "coordinates": [-15.88611, 15.21528]}, "properties": {"nom": "Sam Yabal", "nappe": "Maastrichtien", "type": "4", "couleur": "#0D47A1"}}, {"type": "Feature", "geometry": {"type": "Point", "coordinates": [-15.87194, 15.04167]}, "properties": {"nom": "Taif Diop", "nappe": "Maastrichtien", "type": "4", "couleur": "#0D47A1"}}, {"type": "Feature", "geometry": {"type": "Point", "coordinates": [-15.85833, 15.16111]}, "properties": {"nom": "Darou Wahab", "nappe": "Maastrichtien", "type": "4", "couleur": "#0D47A1"}}, {"type": "Feature", "geometry": {"type": "Point", "coordinates": [-15.83472, 15.10556]}, "properties": {"nom": "Touba Belel 1", "nappe": "Maastrichtien", "type": "4", "couleur": "#0D47A1"}}, {"type": "Feature", "geometry": {"type": "Point", "coordinates": [-15.88056, 15.28056]}, "properties": {"nom": "Ndiky Larry", "nappe": "Maastrichtien", "type": "4", "couleur": "#0D47A1"}}, {"type": "Feature", "geometry": {"type": "Point", "coordinates": [-15.70722, 15.23306]}, "properties": {"nom": "Touba Pakha", "nappe": "Maastrichtien", "type": "4", "couleur": "#0D47A1"}}, {"type": "Feature", "geometry": {"type": "Point", "coordinates": [-15.95, 15.05]}, "properties": {"nom": "Arafat", "nappe": "Maastrichtien", "type": "4", "couleur": "#0D47A1"}}, {"type": "Feature", "geometry": {"type": "Point", "coordinates": [-15.86778, 15.10111]}, "properties": {"nom": "Mbadiane", "nappe": "Maastrichtien", "type": "4", "couleur": "#0D47A1"}}, {"type": "Feature", "geometry": {"type": "Point", "coordinates": [-15.9, 15.18333]}, "properties": {"nom": "Sam Yabal", "nappe": "Maastrichtien", "type": "4", "couleur": "#0D47A1"}}, {"type": "Feature", "geometry": {"type": "Point", "coordinates": [-15.84167, 15.03333]}, "properties": {"nom": "Touba Belel 2", "nappe": "Maastrichtien", "type": "4", "couleur": "#0D47A1"}}, {"type": "Feature", "geometry": {"type": "Point", "coordinates": [-15.67861, 15.11944]}, "properties": {"nom": "Dahra Mouride", "nappe": "Maastrichtien", "type": "4", "couleur": "#0D47A1"}}, {"type": "Feature", "geometry": {"type": "Point", "coordinates": [-15.375, 15.0725]}, "properties": {"nom": "Sangue Ouolof", "nappe": "Maastrichtien", "type": "4", "couleur": "#0D47A1"}}, {"type": "Feature", "geometry": {"type": "Point", "coordinates": [-15.4275, 15.13167]}, "properties": {"nom": "Affe Ouolof", "nappe": "Maastrichtien", "type": "4", "couleur": "#0D47A1"}}, {"type": "Feature", "geometry": {"type": "Point", "coordinates": [-15.88472, 14.88028]}, "properties": {"nom": "Touba 1", "nappe": "Maastrichtien", "type": "4", "couleur": "#0D47A1"}}, {"type": "Feature", "geometry": {"type": "Point", "coordinates": [-15.88472, 14.88028]}, "properties": {"nom": "Touba 1", "nappe": "Maastrichtien", "type": "4", "couleur": "#0D47A1"}}, {"type": "Feature", "geometry": {"type": "Point", "coordinates": [-15.87, 14.89333]}, "properties": {"nom": "Touba 2", "nappe": "Maastrichtien", "type": "4", "couleur": "#0D47A1"}}, {"type": "Feature", "geometry": {"type": "Point", "coordinates": [-15.85472, 14.85778]}, "properties": {"nom": "Touba 3", "nappe": "Maastrichtien", "type": "4", "couleur": "#0D47A1"}}, {"type": "Feature", "geometry": {"type": "Point", "coordinates": [-15.86528, 14.84917]}, "properties": {"nom": "Touba 4", "nappe": "Maastrichtien", "type": "4", "couleur": "#0D47A1"}}, {"type": "Feature", "geometry": {"type": "Point", "coordinates": [-15.86528, 14.84917]}, "properties": {"nom": "Touba 4", "nappe": "Maastrichtien", "type": "4", "couleur": "#0D47A1"}}, {"type": "Feature", "geometry": {"type": "Point", "coordinates": [-15.90639, 14.83889]}, "properties": {"nom": "Touba 5", "nappe": "Maastrichtien", "type": "4", "couleur": "#0D47A1"}}, {"type": "Feature", "geometry": {"type": "Point", "coordinates": [-15.9, 14.8]}, "properties": {"nom": "Mbacke", "nappe": "Maastrichtien", "type": "4", "couleur": "#0D47A1"}}, {"type": "Feature", "geometry": {"type": "Point", "coordinates": [-15.87778, 14.83333]}, "properties": {"nom": "Touba F Ndame", "nappe": "Maastrichtien", "type": "4", "couleur": "#0D47A1"}}, {"type": "Feature", "geometry": {"type": "Point", "coordinates": [-15.69167, 14.92222]}, "properties": {"nom": "Touba Bogo", "nappe": "Maastrichtien", "type": "4", "couleur": "#0D47A1"}}, {"type": "Feature", "geometry": {"type": "Point", "coordinates": [-15.99583, 14.86667]}, "properties": {"nom": "Touba Fall I", "nappe": "Maastrichtien", "type": "4", "couleur": "#0D47A1"}}, {"type": "Feature", "geometry": {"type": "Point", "coordinates": [-15.99111, 14.7625]}, "properties": {"nom": "Lah", "nappe": "Maastrichtien", "type": "4", "couleur": "#0D47A1"}}, {"type": "Feature", "geometry": {"type": "Point", "coordinates": [-15.90611, 14.85056]}, "properties": {"nom": "Touba Kebe", "nappe": "Maastrichtien", "type": "4", "couleur": "#0D47A1"}}, {"type": "Feature", "geometry": {"type": "Point", "coordinates": [-15.90611, 14.85056]}, "properties": {"nom": "Touba Kebe", "nappe": "Maastrichtien", "type": "4", "couleur": "#0D47A1"}}, {"type": "Feature", "geometry": {"type": "Point", "coordinates": [-15.77972, 14.96806]}, "properties": {"nom": "Kado Ballodji", "nappe": "Maastrichtien", "type": "4", "couleur": "#0D47A1"}}, {"type": "Feature", "geometry": {"type": "Point", "coordinates": [-15.77972, 14.96806]}, "properties": {"nom": "Kado Ballodji", "nappe": "Maastrichtien", "type": "4", "couleur": "#0D47A1"}}, {"type": "Feature", "geometry": {"type": "Point", "coordinates": [-15.77444, 14.85361]}, "properties": {"nom": "Kere Ndao", "nappe": "Maastrichtien", "type": "4", "couleur": "#0D47A1"}}, {"type": "Feature", "geometry": {"type": "Point", "coordinates": [-15.77444, 14.85361]}, "properties": {"nom": "Kere Ndao", "nappe": "Maastrichtien", "type": "4", "couleur": "#0D47A1"}}, {"type": "Feature", "geometry": {"type": "Point", "coordinates": [-15.90806, 14.71639]}, "properties": {"nom": "Kael", "nappe": "Maastrichtien", "type": "4", "couleur": "#0D47A1"}}, {"type": "Feature", "geometry": {"type": "Point", "coordinates": [-15.90806, 14.71639]}, "properties": {"nom": "Kael", "nappe": "Maastrichtien", "type": "4", "couleur": "#0D47A1"}}, {"type": "Feature", "geometry": {"type": "Point", "coordinates": [-15.715, 14.78833]}, "properties": {"nom": "Baila", "nappe": "Maastrichtien", "type": "4", "couleur": "#0D47A1"}}, {"type": "Feature", "geometry": {"type": "Point", "coordinates": [-15.715, 14.78833]}, "properties": {"nom": "Baila", "nappe": "Maastrichtien", "type": "4", "couleur": "#0D47A1"}}, {"type": "Feature", "geometry": {"type": "Point", "coordinates": [-15.84278, 14.81639]}, "properties": {"nom": "Darou Rahmane I", "nappe": "Maastrichtien", "type": "4", "couleur": "#0D47A1"}}, {"type": "Feature", "geometry": {"type": "Point", "coordinates": [-15.80972, 14.82361]}, "properties": {"nom": "Keur Macoumba Kebe", "nappe": "Maastrichtien", "type": "4", "couleur": "#0D47A1"}}, {"type": "Feature", "geometry": {"type": "Point", "coordinates": [-15.76278, 14.64278]}, "properties": {"nom": "Medina Mboba", "nappe": "Maastrichtien", "type": "4", "couleur": "#0D47A1"}}, {"type": "Feature", "geometry": {"type": "Point", "coordinates": [-15.91972, 14.8575]}, "properties": {"nom": "Touba 6", "nappe": "Maastrichtien", "type": "4", "couleur": "#0D47A1"}}, {"type": "Feature", "geometry": {"type": "Point", "coordinates": [-15.98083, 14.72583]}, "properties": {"nom": "Taiba Tieckene", "nappe": "Maastrichtien", "type": "4", "couleur": "#0D47A1"}}, {"type": "Feature", "geometry": {"type": "Point", "coordinates": [-15.98083, 14.72583]}, "properties": {"nom": "Taiba Tieckene", "nappe": "Maastrichtien", "type": "4", "couleur": "#0D47A1"}}, {"type": "Feature", "geometry": {"type": "Point", "coordinates": [-15.78194, 14.86528]}, "properties": {"nom": "Kere Mbaye", "nappe": "Maastrichtien", "type": "4", "couleur": "#0D47A1"}}, {"type": "Feature", "geometry": {"type": "Point", "coordinates": [-15.78194, 14.86528]}, "properties": {"nom": "Kere Mbaye", "nappe": "Maastrichtien", "type": "4", "couleur": "#0D47A1"}}, {"type": "Feature", "geometry": {"type": "Point", "coordinates": [-15.91444, 14.8]}, "properties": {"nom": "Mbacke", "nappe": "Maastrichtien", "type": "4", "couleur": "#0D47A1"}}, {"type": "Feature", "geometry": {"type": "Point", "coordinates": [-15.87694, 14.94306]}, "properties": {"nom": "Darou Khadim", "nappe": "Maastrichtien", "type": "4", "couleur": "#0D47A1"}}, {"type": "Feature", "geometry": {"type": "Point", "coordinates": [-15.94611, 14.89944]}, "properties": {"nom": "Darou Rahmane Ii", "nappe": "Maastrichtien", "type": "4", "couleur": "#0D47A1"}}, {"type": "Feature", "geometry": {"type": "Point", "coordinates": [-15.95861, 14.97056]}, "properties": {"nom": "Mbayene Missirah", "nappe": "Maastrichtien", "type": "4", "couleur": "#0D47A1"}}, {"type": "Feature", "geometry": {"type": "Point", "coordinates": [-15.95861, 14.97056]}, "properties": {"nom": "Mbayene Missirah", "nappe": "Maastrichtien", "type": "4", "couleur": "#0D47A1"}}, {"type": "Feature", "geometry": {"type": "Point", "coordinates": [-15.82583, 14.72444]}, "properties": {"nom": "Keur Serigne Mbacke Madina", "nappe": "Maastrichtien", "type": "4", "couleur": "#0D47A1"}}, {"type": "Feature", "geometry": {"type": "Point", "coordinates": [-15.82583, 14.72444]}, "properties": {"nom": "Keur Serigne Mbacke Madina", "nappe": "Maastrichtien", "type": "4", "couleur": "#0D47A1"}}, {"type": "Feature", "geometry": {"type": "Point", "coordinates": [-15.76278, 14.81222]}, "properties": {"nom": "Gouye Mbame", "nappe": "Maastrichtien", "type": "4", "couleur": "#0D47A1"}}, {"type": "Feature", "geometry": {"type": "Point", "coordinates": [-15.67917, 14.01389]}, "properties": {"nom": "Boussoura", "nappe": "Maastrichtien", "type": "4", "couleur": "#0D47A1"}}, {"type": "Feature", "geometry": {"type": "Point", "coordinates": [-15.86389, 14.66944]}, "properties": {"nom": "Darou Salam Typ", "nappe": "Maastrichtien", "type": "4", "couleur": "#0D47A1"}}, {"type": "Feature", "geometry": {"type": "Point", "coordinates": [-15.81972, 14.89167]}, "properties": {"nom": "Ndindy Abdou", "nappe": "Maastrichtien", "type": "4", "couleur": "#0D47A1"}}, {"type": "Feature", "geometry": {"type": "Point", "coordinates": [-15.81972, 14.89167]}, "properties": {"nom": "Ndindy Abdou", "nappe": "Maastrichtien", "type": "4", "couleur": "#0D47A1"}}, {"type": "Feature", "geometry": {"type": "Point", "coordinates": [-15.99722, 14.73472]}, "properties": {"nom": "Darou Naim Thiengou", "nappe": "Maastrichtien", "type": "4", "couleur": "#0D47A1"}}, {"type": "Feature", "geometry": {"type": "Point", "coordinates": [-16.0, 14.625]}, "properties": {"nom": "Ndioumane", "nappe": "Maastrichtien", "type": "4", "couleur": "#0D47A1"}}, {"type": "Feature", "geometry": {"type": "Point", "coordinates": [-15.94444, 14.85083]}, "properties": {"nom": "Touba F7", "nappe": "Maastrichtien", "type": "4", "couleur": "#0D47A1"}}, {"type": "Feature", "geometry": {"type": "Point", "coordinates": [-15.90583, 14.85028]}, "properties": {"nom": "Touba Kebe", "nappe": "Maastrichtien", "type": "4", "couleur": "#0D47A1"}}, {"type": "Feature", "geometry": {"type": "Point", "coordinates": [-15.88194, 14.83444]}, "properties": {"nom": "Touba Ndame", "nappe": "Maastrichtien", "type": "4", "couleur": "#0D47A1"}}, {"type": "Feature", "geometry": {"type": "Point", "coordinates": [-15.88194, 14.83444]}, "properties": {"nom": "Touba Ndame", "nappe": "Maastrichtien", "type": "4", "couleur": "#0D47A1"}}, {"type": "Feature", "geometry": {"type": "Point", "coordinates": [-15.99167, 14.83333]}, "properties": {"nom": "Touba Fall", "nappe": "Maastrichtien", "type": "4", "couleur": "#0D47A1"}}, {"type": "Feature", "geometry": {"type": "Point", "coordinates": [-15.99167, 14.83333]}, "properties": {"nom": "Touba Fall", "nappe": "Maastrichtien", "type": "4", "couleur": "#0D47A1"}}, {"type": "Feature", "geometry": {"type": "Point", "coordinates": [-15.54556, 14.79778]}, "properties": {"nom": "Sadio Diakhaye", "nappe": "Maastrichtien", "type": "4", "couleur": "#0D47A1"}}, {"type": "Feature", "geometry": {"type": "Point", "coordinates": [-15.36528, 14.70278]}, "properties": {"nom": "Khaira Diaga", "nappe": "Maastrichtien", "type": "4", "couleur": "#0D47A1"}}, {"type": "Feature", "geometry": {"type": "Point", "coordinates": [-15.41833, 14.74806]}, "properties": {"nom": "Medina Fall Diaga", "nappe": "Maastrichtien", "type": "4", "couleur": "#0D47A1"}}, {"type": "Feature", "geometry": {"type": "Point", "coordinates": [-15.65389, 14.78333]}, "properties": {"nom": "Taif Mbacke", "nappe": "Maastrichtien", "type": "4", "couleur": "#0D47A1"}}, {"type": "Feature", "geometry": {"type": "Point", "coordinates": [-15.65389, 14.78333]}, "properties": {"nom": "Taif Mbacke", "nappe": "Maastrichtien", "type": "4", "couleur": "#0D47A1"}}, {"type": "Feature", "geometry": {"type": "Point", "coordinates": [-16.65556, 14.70278]}, "properties": {"nom": "Ndieyene Sirakh", "nappe": "Eocene", "type": "4", "couleur": "#1565C0"}}, {"type": "Feature", "geometry": {"type": "Point", "coordinates": [-16.45555, 14.69583]}, "properties": {"nom": "Bambey", "nappe": "Eocene", "type": "4", "couleur": "#1565C0"}}, {"type": "Feature", "geometry": {"type": "Point", "coordinates": [-16.38333, 14.66778]}, "properties": {"nom": "Keur Saer", "nappe": "Eocene", "type": "4", "couleur": "#1565C0"}}, {"type": "Feature", "geometry": {"type": "Point", "coordinates": [-16.37167, 15.00889]}, "properties": {"nom": "Ndiane Ii", "nappe": "Eocene", "type": "4", "couleur": "#1565C0"}}, {"type": "Feature", "geometry": {"type": "Point", "coordinates": [-16.53361, 14.80583]}, "properties": {"nom": "Lambaye", "nappe": "Eocene", "type": "4", "couleur": "#1565C0"}}, {"type": "Feature", "geometry": {"type": "Point", "coordinates": [-16.40556, 14.97778]}, "properties": {"nom": "Dinguiraye", "nappe": "Eocene", "type": "4", "couleur": "#1565C0"}}, {"type": "Feature", "geometry": {"type": "Point", "coordinates": [-16.40556, 14.97778]}, "properties": {"nom": "Dinguiraye", "nappe": "Eocene", "type": "4", "couleur": "#1565C0"}}, {"type": "Feature", "geometry": {"type": "Point", "coordinates": [-16.56667, 14.71667]}, "properties": {"nom": "Dangalma I", "nappe": "Eocene", "type": "4", "couleur": "#1565C0"}}, {"type": "Feature", "geometry": {"type": "Point", "coordinates": [-16.52528, 14.75194]}, "properties": {"nom": "Ngogom", "nappe": "Eocene", "type": "4", "couleur": "#1565C0"}}, {"type": "Feature", "geometry": {"type": "Point", "coordinates": [-16.52528, 14.75194]}, "properties": {"nom": "Ngogom", "nappe": "Eocene", "type": "4", "couleur": "#1565C0"}}, {"type": "Feature", "geometry": {"type": "Point", "coordinates": [-16.64167, 14.76944]}, "properties": {"nom": "Ndiakhou", "nappe": "Eocene", "type": "4", "couleur": "#1565C0"}}, {"type": "Feature", "geometry": {"type": "Point", "coordinates": [-16.65361, 14.69917]}, "properties": {"nom": "Ndieyene Sirakh", "nappe": "Eocene", "type": "4", "couleur": "#1565C0"}}, {"type": "Feature", "geometry": {"type": "Point", "coordinates": [-16.50556, 14.93889]}, "properties": {"nom": "Baba Garage F2", "nappe": "Eocene", "type": "4", "couleur": "#1565C0"}}, {"type": "Feature", "geometry": {"type": "Point", "coordinates": [-16.42611, 14.76944]}, "properties": {"nom": "Gouye Ndiogou", "nappe": "Eocene", "type": "4", "couleur": "#1565C0"}}, {"type": "Feature", "geometry": {"type": "Point", "coordinates": [-16.46972, 14.76028]}, "properties": {"nom": "Mbary Ii", "nappe": "Eocene", "type": "4", "couleur": "#1565C0"}}, {"type": "Feature", "geometry": {"type": "Point", "coordinates": [-16.51722, 14.96056]}, "properties": {"nom": "Keur Assane Kane", "nappe": "Eocene", "type": "4", "couleur": "#1565C0"}}, {"type": "Feature", "geometry": {"type": "Point", "coordinates": [-16.51722, 14.96056]}, "properties": {"nom": "Keur Assane Kane", "nappe": "Eocene", "type": "4", "couleur": "#1565C0"}}, {"type": "Feature", "geometry": {"type": "Point", "coordinates": [-16.55333, 14.96111]}, "properties": {"nom": "Meoundou Kane", "nappe": "Eocene", "type": "4", "couleur": "#1565C0"}}, {"type": "Feature", "geometry": {"type": "Point", "coordinates": [-16.5025, 14.98167]}, "properties": {"nom": "Ndjilivene", "nappe": "Eocene", "type": "4", "couleur": "#1565C0"}}, {"type": "Feature", "geometry": {"type": "Point", "coordinates": [-16.5025, 14.98167]}, "properties": {"nom": "Ndjilivene", "nappe": "Eocene", "type": "4", "couleur": "#1565C0"}}, {"type": "Feature", "geometry": {"type": "Point", "coordinates": [-16.47028, 14.97472]}, "properties": {"nom": "Darou Fall", "nappe": "Eocene", "type": "4", "couleur": "#1565C0"}}, {"type": "Feature", "geometry": {"type": "Point", "coordinates": [-16.41306, 14.99972]}, "properties": {"nom": "Darou Ndiaye", "nappe": "Eocene", "type": "4", "couleur": "#1565C0"}}, {"type": "Feature", "geometry": {"type": "Point", "coordinates": [-16.47222, 14.99444]}, "properties": {"nom": "Keur Makhaly Kane", "nappe": "Eocene", "type": "4", "couleur": "#1565C0"}}, {"type": "Feature", "geometry": {"type": "Point", "coordinates": [-16.50861, 14.95333]}, "properties": {"nom": "Keur Makhoudia", "nappe": "Eocene", "type": "4", "couleur": "#1565C0"}}, {"type": "Feature", "geometry": {"type": "Point", "coordinates": [-16.50861, 14.95333]}, "properties": {"nom": "Keur Makhoudia", "nappe": "Eocene", "type": "4", "couleur": "#1565C0"}}, {"type": "Feature", "geometry": {"type": "Point", "coordinates": [-16.50639, 14.95139]}, "properties": {"nom": "Ndiekinane", "nappe": "Eocene", "type": "4", "couleur": "#1565C0"}}, {"type": "Feature", "geometry": {"type": "Point", "coordinates": [-16.50639, 14.95139]}, "properties": {"nom": "Ndiekinane", "nappe": "Eocene", "type": "4", "couleur": "#1565C0"}}, {"type": "Feature", "geometry": {"type": "Point", "coordinates": [-16.43611, 14.99056]}, "properties": {"nom": "Paye Baridiame", "nappe": "Eocene", "type": "4", "couleur": "#1565C0"}}, {"type": "Feature", "geometry": {"type": "Point", "coordinates": [-16.48139, 14.94917]}, "properties": {"nom": "Sam Sam", "nappe": "Eocene", "type": "4", "couleur": "#1565C0"}}, {"type": "Feature", "geometry": {"type": "Point", "coordinates": [-16.49111, 14.98778]}, "properties": {"nom": "Keur Samba Yacine", "nappe": "Eocene", "type": "4", "couleur": "#1565C0"}}, {"type": "Feature", "geometry": {"type": "Point", "coordinates": [-16.49111, 14.98778]}, "properties": {"nom": "Keur Samba Yacine", "nappe": "Eocene", "type": "4", "couleur": "#1565C0"}}, {"type": "Feature", "geometry": {"type": "Point", "coordinates": [-16.4875, 14.9825]}, "properties": {"nom": "Thienaba", "nappe": "Eocene", "type": "4", "couleur": "#1565C0"}}, {"type": "Feature", "geometry": {"type": "Point", "coordinates": [-16.45944, 14.98833]}, "properties": {"nom": "Thiokhole", "nappe": "Eocene", "type": "4", "couleur": "#1565C0"}}, {"type": "Feature", "geometry": {"type": "Point", "coordinates": [-16.44861, 14.97083]}, "properties": {"nom": "Tounghor", "nappe": "Eocene", "type": "4", "couleur": "#1565C0"}}, {"type": "Feature", "geometry": {"type": "Point", "coordinates": [-16.36111, 14.96361]}, "properties": {"nom": "Thiakhami Toure", "nappe": "Eocene", "type": "4", "couleur": "#1565C0"}}, {"type": "Feature", "geometry": {"type": "Point", "coordinates": [-16.49444, 14.97583]}, "properties": {"nom": "Ngokine Ndiaye", "nappe": "Eocene", "type": "4", "couleur": "#1565C0"}}, {"type": "Feature", "geometry": {"type": "Point", "coordinates": [-16.46, 14.96389]}, "properties": {"nom": "Kad Diagne", "nappe": "Eocene", "type": "4", "couleur": "#1565C0"}}, {"type": "Feature", "geometry": {"type": "Point", "coordinates": [-16.46, 14.96389]}, "properties": {"nom": "Kad Diagne", "nappe": "Eocene", "type": "4", "couleur": "#1565C0"}}, {"type": "Feature", "geometry": {"type": "Point", "coordinates": [-16.5225, 14.99556]}, "properties": {"nom": "Toro Tambedou", "nappe": "Eocene", "type": "4", "couleur": "#1565C0"}}, {"type": "Feature", "geometry": {"type": "Point", "coordinates": [-16.5225, 14.99556]}, "properties": {"nom": "Toro Tambedou", "nappe": "Eocene", "type": "4", "couleur": "#1565C0"}}, {"type": "Feature", "geometry": {"type": "Point", "coordinates": [-16.45056, 14.99917]}, "properties": {"nom": "Keur Birame", "nappe": "Eocene", "type": "4", "couleur": "#1565C0"}}, {"type": "Feature", "geometry": {"type": "Point", "coordinates": [-16.3775, 14.97833]}, "properties": {"nom": "Kare", "nappe": "Eocene", "type": "4", "couleur": "#1565C0"}}, {"type": "Feature", "geometry": {"type": "Point", "coordinates": [-16.435, 14.99083]}, "properties": {"nom": "Ndiba", "nappe": "Eocene", "type": "4", "couleur": "#1565C0"}}, {"type": "Feature", "geometry": {"type": "Point", "coordinates": [-16.41444, 14.98861]}, "properties": {"nom": "Ndiaye Alla", "nappe": "Eocene", "type": "4", "couleur": "#1565C0"}}, {"type": "Feature", "geometry": {"type": "Point", "coordinates": [-16.42945, 14.96194]}, "properties": {"nom": "Sembene", "nappe": "Eocene", "type": "4", "couleur": "#1565C0"}}, {"type": "Feature", "geometry": {"type": "Point", "coordinates": [-16.39056, 14.99139]}, "properties": {"nom": "Thiarene", "nappe": "Eocene", "type": "4", "couleur": "#1565C0"}}, {"type": "Feature", "geometry": {"type": "Point", "coordinates": [-16.39056, 14.99139]}, "properties": {"nom": "Thiarene", "nappe": "Eocene", "type": "4", "couleur": "#1565C0"}}, {"type": "Feature", "geometry": {"type": "Point", "coordinates": [-16.33778, 14.99472]}, "properties": {"nom": "Lappe I", "nappe": "Eocene", "type": "4", "couleur": "#1565C0"}}, {"type": "Feature", "geometry": {"type": "Point", "coordinates": [-16.335, 14.99611]}, "properties": {"nom": "Lappe Ii", "nappe": "Eocene", "type": "4", "couleur": "#1565C0"}}, {"type": "Feature", "geometry": {"type": "Point", "coordinates": [-16.47361, 14.79778]}, "properties": {"nom": "Ndeme Meissa", "nappe": "Eocene", "type": "4", "couleur": "#1565C0"}}, {"type": "Feature", "geometry": {"type": "Point", "coordinates": [-16.47361, 14.79778]}, "properties": {"nom": "Ndeme Meissa", "nappe": "Eocene", "type": "4", "couleur": "#1565C0"}}, {"type": "Feature", "geometry": {"type": "Point", "coordinates": [-16.51833, 14.98528]}, "properties": {"nom": "Mbaro", "nappe": "Eocene", "type": "4", "couleur": "#1565C0"}}, {"type": "Feature", "geometry": {"type": "Point", "coordinates": [-16.46889, 14.69722]}, "properties": {"nom": "Bambey", "nappe": "Eocene", "type": "4", "couleur": "#1565C0"}}, {"type": "Feature", "geometry": {"type": "Point", "coordinates": [-16.48889, 14.72361]}, "properties": {"nom": "Bambey", "nappe": "Eocene", "type": "4", "couleur": "#1565C0"}}, {"type": "Feature", "geometry": {"type": "Point", "coordinates": [-16.475, 14.70833]}, "properties": {"nom": "Bambey", "nappe": "Eocene", "type": "4", "couleur": "#1565C0"}}, {"type": "Feature", "geometry": {"type": "Point", "coordinates": [-16.49778, 14.70944]}, "properties": {"nom": "Bambey Serere Ii", "nappe": "Eocene", "type": "4", "couleur": "#1565C0"}}, {"type": "Feature", "geometry": {"type": "Point", "coordinates": [-16.49778, 14.70944]}, "properties": {"nom": "Bambey Serere Ii", "nappe": "Eocene", "type": "4", "couleur": "#1565C0"}}, {"type": "Feature", "geometry": {"type": "Point", "coordinates": [-16.53611, 14.83611]}, "properties": {"nom": "Mbadiane", "nappe": "Eocene", "type": "4", "couleur": "#1565C0"}}, {"type": "Feature", "geometry": {"type": "Point", "coordinates": [-16.43139, 14.94639]}, "properties": {"nom": "Ndary Diop", "nappe": "Eocene", "type": "4", "couleur": "#1565C0"}}, {"type": "Feature", "geometry": {"type": "Point", "coordinates": [-16.57972, 14.76472]}, "properties": {"nom": "Nderep", "nappe": "Eocene", "type": "4", "couleur": "#1565C0"}}, {"type": "Feature", "geometry": {"type": "Point", "coordinates": [-16.49361, 14.96833]}, "properties": {"nom": "Keur Gora Ndiaye", "nappe": "Eocene", "type": "4", "couleur": "#1565C0"}}, {"type": "Feature", "geometry": {"type": "Point", "coordinates": [-16.49361, 14.96833]}, "properties": {"nom": "Keur Gora Ndiaye", "nappe": "Eocene", "type": "4", "couleur": "#1565C0"}}, {"type": "Feature", "geometry": {"type": "Point", "coordinates": [-16.43139, 14.94639]}, "properties": {"nom": "Koure Gol", "nappe": "Eocene", "type": "4", "couleur": "#1565C0"}}, {"type": "Feature", "geometry": {"type": "Point", "coordinates": [-16.45, 14.93528]}, "properties": {"nom": "Ndary Pallene", "nappe": "Eocene", "type": "4", "couleur": "#1565C0"}}, {"type": "Feature", "geometry": {"type": "Point", "coordinates": [-16.61333, 14.73861]}, "properties": {"nom": "Kaba Diack (Ndangalma)", "nappe": "Eocene", "type": "4", "couleur": "#1565C0"}}, {"type": "Feature", "geometry": {"type": "Point", "coordinates": [-16.51889, 14.83861]}, "properties": {"nom": "Merina Diop", "nappe": "Eocene", "type": "4", "couleur": "#1565C0"}}, {"type": "Feature", "geometry": {"type": "Point", "coordinates": [-16.54056, 14.94278]}, "properties": {"nom": "Khaye Ndiaye", "nappe": "Eocene", "type": "4", "couleur": "#1565C0"}}, {"type": "Feature", "geometry": {"type": "Point", "coordinates": [-16.50056, 14.90389]}, "properties": {"nom": "Thialle", "nappe": "Eocene", "type": "4", "couleur": "#1565C0"}}, {"type": "Feature", "geometry": {"type": "Point", "coordinates": [-16.34306, 14.98611]}, "properties": {"nom": "Kalom Dieng", "nappe": "Eocene", "type": "4", "couleur": "#1565C0"}}, {"type": "Feature", "geometry": {"type": "Point", "coordinates": [-16.36778, 14.97056]}, "properties": {"nom": "Thiekane", "nappe": "Eocene", "type": "4", "couleur": "#1565C0"}}, {"type": "Feature", "geometry": {"type": "Point", "coordinates": [-16.525, 14.78194]}, "properties": {"nom": "Mekhe Lambaye", "nappe": "Eocene", "type": "4", "couleur": "#1565C0"}}, {"type": "Feature", "geometry": {"type": "Point", "coordinates": [-16.49222, 14.68583]}, "properties": {"nom": "Keur Gane", "nappe": "Eocene", "type": "4", "couleur": "#1565C0"}}, {"type": "Feature", "geometry": {"type": "Point", "coordinates": [-16.56639, 14.72361]}, "properties": {"nom": "Ndiagne Lambaye", "nappe": "Eocene", "type": "4", "couleur": "#1565C0"}}, {"type": "Feature", "geometry": {"type": "Point", "coordinates": [-16.46056, 14.69722]}, "properties": {"nom": "Bambey", "nappe": "Eocene", "type": "4", "couleur": "#1565C0"}}, {"type": "Feature", "geometry": {"type": "Point", "coordinates": [-16.52639, 14.96889]}, "properties": {"nom": "Darou Fanaye Diop", "nappe": "Eocene", "type": "4", "couleur": "#1565C0"}}, {"type": "Feature", "geometry": {"type": "Point", "coordinates": [-16.39111, 14.97833]}, "properties": {"nom": "Kanghar Lo", "nappe": "Eocene", "type": "4", "couleur": "#1565C0"}}, {"type": "Feature", "geometry": {"type": "Point", "coordinates": [-16.54167, 14.93222]}, "properties": {"nom": "Kewre", "nappe": "Eocene", "type": "4", "couleur": "#1565C0"}}, {"type": "Feature", "geometry": {"type": "Point", "coordinates": [-16.65917, 14.68139]}, "properties": {"nom": "Mbewane", "nappe": "Eocene", "type": "4", "couleur": "#1565C0"}}, {"type": "Feature", "geometry": {"type": "Point", "coordinates": [-16.61361, 14.73944]}, "properties": {"nom": "Ndangalma", "nappe": "Eocene", "type": "4", "couleur": "#1565C0"}}, {"type": "Feature", "geometry": {"type": "Point", "coordinates": [-16.5525, 14.97778]}, "properties": {"nom": "Tawa Fall", "nappe": "Eocene", "type": "4", "couleur": "#1565C0"}}, {"type": "Feature", "geometry": {"type": "Point", "coordinates": [-16.51444, 14.98528]}, "properties": {"nom": "Keur Ousmane Kane", "nappe": "Eocene", "type": "4", "couleur": "#1565C0"}}, {"type": "Feature", "geometry": {"type": "Point", "coordinates": [-16.52361, 14.94139]}, "properties": {"nom": "Sate Ngom", "nappe": "Eocene", "type": "4", "couleur": "#1565C0"}}, {"type": "Feature", "geometry": {"type": "Point", "coordinates": [-16.52361, 14.94139]}, "properties": {"nom": "Sate Ngom", "nappe": "Eocene", "type": "4", "couleur": "#1565C0"}}, {"type": "Feature", "geometry": {"type": "Point", "coordinates": [-16.52361, 14.94139]}, "properties": {"nom": "Sate Ngom", "nappe": "Eocene", "type": "4", "couleur": "#1565C0"}}, {"type": "Feature", "geometry": {"type": "Point", "coordinates": [-16.47, 14.75167]}, "properties": {"nom": "Silane Ii", "nappe": "Eocene", "type": "4", "couleur": "#1565C0"}}, {"type": "Feature", "geometry": {"type": "Point", "coordinates": [-16.49222, 14.68583]}, "properties": {"nom": "Sindiane", "nappe": "Eocene", "type": "4", "couleur": "#1565C0"}}, {"type": "Feature", "geometry": {"type": "Point", "coordinates": [-16.66195, 14.755]}, "properties": {"nom": "Ngodiane", "nappe": "Eocene", "type": "4", "couleur": "#1565C0"}}, {"type": "Feature", "geometry": {"type": "Point", "coordinates": [-16.265, 14.95528]}, "properties": {"nom": "Coky Ndiaguene", "nappe": "Eocene", "type": "4", "couleur": "#1565C0"}}, {"type": "Feature", "geometry": {"type": "Point", "coordinates": [-16.04861, 14.78889]}, "properties": {"nom": "Thienthie Ii", "nappe": "Eocene", "type": "4", "couleur": "#1565C0"}}, {"type": "Feature", "geometry": {"type": "Point", "coordinates": [-16.03333, 14.83333]}, "properties": {"nom": "Yassy I", "nappe": "Eocene", "type": "4", "couleur": "#1565C0"}}, {"type": "Feature", "geometry": {"type": "Point", "coordinates": [-16.01028, 14.76806]}, "properties": {"nom": "Dalla Peulh I", "nappe": "Eocene", "type": "4", "couleur": "#1565C0"}}, {"type": "Feature", "geometry": {"type": "Point", "coordinates": [-16.01028, 14.76806]}, "properties": {"nom": "Dalla Peulh I", "nappe": "Eocene", "type": "4", "couleur": "#1565C0"}}, {"type": "Feature", "geometry": {"type": "Point", "coordinates": [-16.04583, 14.8275]}, "properties": {"nom": "Nghaye", "nappe": "Eocene", "type": "4", "couleur": "#1565C0"}}, {"type": "Feature", "geometry": {"type": "Point", "coordinates": [-16.0625, 14.76389]}, "properties": {"nom": "Thiombe", "nappe": "Eocene", "type": "4", "couleur": "#1565C0"}}, {"type": "Feature", "geometry": {"type": "Point", "coordinates": [-16.30139, 14.99056]}, "properties": {"nom": "Ndoucoumane Ndieng", "nappe": "Eocene", "type": "4", "couleur": "#1565C0"}}, {"type": "Feature", "geometry": {"type": "Point", "coordinates": [-16.30139, 14.99056]}, "properties": {"nom": "Ndoucoumane Ndieng", "nappe": "Eocene", "type": "4", "couleur": "#1565C0"}}, {"type": "Feature", "geometry": {"type": "Point", "coordinates": [-16.32083, 14.96944]}, "properties": {"nom": "Keur Ngana", "nappe": "Eocene", "type": "4", "couleur": "#1565C0"}}, {"type": "Feature", "geometry": {"type": "Point", "coordinates": [-16.26833, 14.97917]}, "properties": {"nom": "Fetodji", "nappe": "Eocene", "type": "4", "couleur": "#1565C0"}}, {"type": "Feature", "geometry": {"type": "Point", "coordinates": [-16.125, 14.70833]}, "properties": {"nom": "Khoube", "nappe": "Eocene", "type": "4", "couleur": "#1565C0"}}, {"type": "Feature", "geometry": {"type": "Point", "coordinates": [-16.15195, 14.80722]}, "properties": {"nom": "Ndiogop Diop", "nappe": "Eocene", "type": "4", "couleur": "#1565C0"}}, {"type": "Feature", "geometry": {"type": "Point", "coordinates": [-16.19167, 14.70972]}, "properties": {"nom": "Sambe", "nappe": "Eocene", "type": "4", "couleur": "#1565C0"}}, {"type": "Feature", "geometry": {"type": "Point", "coordinates": [-16.725, 14.53333]}, "properties": {"nom": "Ndiagagniao", "nappe": "Eocene", "type": "4", "couleur": "#1565C0"}}, {"type": "Feature", "geometry": {"type": "Point", "coordinates": [-16.72222, 14.52889]}, "properties": {"nom": "Both Escale", "nappe": "Eocene", "type": "4", "couleur": "#1565C0"}}, {"type": "Feature", "geometry": {"type": "Point", "coordinates": [-16.79278, 14.55111]}, "properties": {"nom": "Cothiane", "nappe": "Eocene", "type": "4", "couleur": "#1565C0"}}, {"type": "Feature", "geometry": {"type": "Point", "coordinates": [-16.73861, 14.58722]}, "properties": {"nom": "Ndame", "nappe": "Eocene", "type": "4", "couleur": "#1565C0"}}, {"type": "Feature", "geometry": {"type": "Point", "coordinates": [-16.87222, 14.39444]}, "properties": {"nom": "Mbourokh", "nappe": "Eocene", "type": "4", "couleur": "#1565C0"}}, {"type": "Feature", "geometry": {"type": "Point", "coordinates": [-16.83333, 14.44583]}, "properties": {"nom": "Louly Ngogom", "nappe": "Eocene", "type": "4", "couleur": "#1565C0"}}, {"type": "Feature", "geometry": {"type": "Point", "coordinates": [-16.73861, 14.58722]}, "properties": {"nom": "Ndame", "nappe": "Eocene", "type": "4", "couleur": "#1565C0"}}, {"type": "Feature", "geometry": {"type": "Point", "coordinates": [-16.52611, 14.35889]}, "properties": {"nom": "Diouroup", "nappe": "Eocene", "type": "4", "couleur": "#1565C0"}}, {"type": "Feature", "geometry": {"type": "Point", "coordinates": [-16.52611, 14.35889]}, "properties": {"nom": "Diouroup", "nappe": "Eocene", "type": "4", "couleur": "#1565C0"}}, {"type": "Feature", "geometry": {"type": "Point", "coordinates": [-16.65361, 14.64667]}, "properties": {"nom": "Mboulouctene", "nappe": "Eocene", "type": "4", "couleur": "#1565C0"}}, {"type": "Feature", "geometry": {"type": "Point", "coordinates": [-16.4575, 14.62306]}, "properties": {"nom": "Ngascop", "nappe": "Eocene", "type": "4", "couleur": "#1565C0"}}, {"type": "Feature", "geometry": {"type": "Point", "coordinates": [-16.22917, 14.65]}, "properties": {"nom": "Diourbel", "nappe": "Eocene", "type": "4", "couleur": "#1565C0"}}, {"type": "Feature", "geometry": {"type": "Point", "coordinates": [-16.84306, 14.30972]}, "properties": {"nom": "Ndiamane", "nappe": "Eocene", "type": "4", "couleur": "#1565C0"}}, {"type": "Feature", "geometry": {"type": "Point", "coordinates": [-16.8525, 14.19889]}, "properties": {"nom": "Ndofane", "nappe": "Eocene", "type": "4", "couleur": "#1565C0"}}, {"type": "Feature", "geometry": {"type": "Point", "coordinates": [-16.86167, 14.24667]}, "properties": {"nom": "Mbodiene", "nappe": "Eocene", "type": "4", "couleur": "#1565C0"}}, {"type": "Feature", "geometry": {"type": "Point", "coordinates": [-16.75, 14.26667]}, "properties": {"nom": "Ngueniene Ouolof", "nappe": "Eocene", "type": "4", "couleur": "#1565C0"}}, {"type": "Feature", "geometry": {"type": "Point", "coordinates": [-16.73333, 14.2]}, "properties": {"nom": "Leona", "nappe": "Eocene", "type": "4", "couleur": "#1565C0"}}, {"type": "Feature", "geometry": {"type": "Point", "coordinates": [-16.69806, 14.31944]}, "properties": {"nom": "Nobadane", "nappe": "Eocene", "type": "4", "couleur": "#1565C0"}}, {"type": "Feature", "geometry": {"type": "Point", "coordinates": [-16.54722, 14.05694]}, "properties": {"nom": "Velingara", "nappe": "Eocene", "type": "4", "couleur": "#1565C0"}}, {"type": "Feature", "geometry": {"type": "Point", "coordinates": [-16.68333, 14.08889]}, "properties": {"nom": "Ndangane", "nappe": "Eocene", "type": "4", "couleur": "#1565C0"}}, {"type": "Feature", "geometry": {"type": "Point", "coordinates": [-16.77194, 14.56778]}, "properties": {"nom": "Soussoum", "nappe": "Eocene", "type": "4", "couleur": "#1565C0"}}, {"type": "Feature", "geometry": {"type": "Point", "coordinates": [-16.57222, 14.33194]}, "properties": {"nom": "Fatick", "nappe": "Eocene", "type": "4", "couleur": "#1565C0"}}, {"type": "Feature", "geometry": {"type": "Point", "coordinates": [-16.67444, 14.33472]}, "properties": {"nom": "Pombane", "nappe": "Eocene", "type": "4", "couleur": "#1565C0"}}, {"type": "Feature", "geometry": {"type": "Point", "coordinates": [-16.67444, 14.33472]}, "properties": {"nom": "Pombane", "nappe": "Eocene", "type": "4", "couleur": "#1565C0"}}, {"type": "Feature", "geometry": {"type": "Point", "coordinates": [-15.9, 14.8]}, "properties": {"nom": "Mbacke", "nappe": "Eocene", "type": "4", "couleur": "#1565C0"}}, {"type": "Feature", "geometry": {"type": "Point", "coordinates": [-15.825, 14.76333]}, "properties": {"nom": "Darou Naim Thiengou", "nappe": "Eocene", "type": "4", "couleur": "#1565C0"}}, {"type": "Feature", "geometry": {"type": "Point", "coordinates": [-15.96667, 14.78889]}, "properties": {"nom": "Satte", "nappe": "Eocene", "type": "4", "couleur": "#1565C0"}}, {"type": "Feature", "geometry": {"type": "Point", "coordinates": [-15.5, 14.17083]}, "properties": {"nom": "Sorocogne", "nappe": "Eocene", "type": "4", "couleur": "#1565C0"}}, {"type": "Feature", "geometry": {"type": "Point", "coordinates": [-15.30694, 14.23889]}, "properties": {"nom": "Delbi", "nappe": "Eocene", "type": "4", "couleur": "#1565C0"}}, {"type": "Feature", "geometry": {"type": "Point", "coordinates": [-12.62917, 14.97778]}, "properties": {"nom": "Tuabou", "nappe": "Eocene", "type": "4", "couleur": "#1565C0"}}, {"type": "Feature", "geometry": {"type": "Point", "coordinates": [-14.73056, 13.75]}, "properties": {"nom": "Kahene", "nappe": "Eocene", "type": "4", "couleur": "#1565C0"}}, {"type": "Feature", "geometry": {"type": "Point", "coordinates": [-14.07778, 13.85861]}, "properties": {"nom": "Koussanar Soce", "nappe": "Eocene", "type": "4", "couleur": "#1565C0"}}, {"type": "Feature", "geometry": {"type": "Point", "coordinates": [-13.91667, 13.81944]}, "properties": {"nom": "Sinthiou Maleme", "nappe": "Eocene", "type": "4", "couleur": "#1565C0"}}, {"type": "Feature", "geometry": {"type": "Point", "coordinates": [-13.66722, 13.78194]}, "properties": {"nom": "Tambacounda", "nappe": "Eocene", "type": "4", "couleur": "#1565C0"}}, {"type": "Feature", "geometry": {"type": "Point", "coordinates": [-13.66722, 13.78194]}, "properties": {"nom": "Tambacounda", "nappe": "Eocene", "type": "4", "couleur": "#1565C0"}}, {"type": "Feature", "geometry": {"type": "Point", "coordinates": [-13.67361, 13.79444]}, "properties": {"nom": "Gourel Diawali", "nappe": "Eocene", "type": "4", "couleur": "#1565C0"}}, {"type": "Feature", "geometry": {"type": "Point", "coordinates": [-13.92222, 13.8]}, "properties": {"nom": "Sinthiou Maleme Ii", "nappe": "Eocene", "type": "4", "couleur": "#1565C0"}}, {"type": "Feature", "geometry": {"type": "Point", "coordinates": [-13.64306, 13.88611]}, "properties": {"nom": "Mayel Dibi", "nappe": "Eocene", "type": "4", "couleur": "#1565C0"}}, {"type": "Feature", "geometry": {"type": "Point", "coordinates": [-13.45417, 13.88889]}, "properties": {"nom": "Kothiary", "nappe": "Eocene", "type": "4", "couleur": "#1565C0"}}, {"type": "Feature", "geometry": {"type": "Point", "coordinates": [-13.78333, 13.57917]}, "properties": {"nom": "Netteboulou", "nappe": "Eocene", "type": "4", "couleur": "#1565C0"}}, {"type": "Feature", "geometry": {"type": "Point", "coordinates": [-13.78139, 13.58]}, "properties": {"nom": "Netteboulou", "nappe": "Eocene", "type": "4", "couleur": "#1565C0"}}, {"type": "Feature", "geometry": {"type": "Point", "coordinates": [-13.7625, 13.14444]}, "properties": {"nom": "Daaka Medina Gounass", "nappe": "Eocene", "type": "4", "couleur": "#1565C0"}}, {"type": "Feature", "geometry": {"type": "Point", "coordinates": [-16.51639, 12.77778]}, "properties": {"nom": "Thionck Essyl", "nappe": "Eocene", "type": "4", "couleur": "#1565C0"}}, {"type": "Feature", "geometry": {"type": "Point", "coordinates": [-16.34667, 14.59194]}, "properties": {"nom": "Keur Gane", "nappe": "Eocene", "type": "4", "couleur": "#1565C0"}}, {"type": "Feature", "geometry": {"type": "Point", "coordinates": [-16.34667, 14.59194]}, "properties": {"nom": "Keur Gane", "nappe": "Eocene", "type": "4", "couleur": "#1565C0"}}, {"type": "Feature", "geometry": {"type": "Point", "coordinates": [-15.70361, 16.43194]}, "properties": {"nom": "Nthiago Ga 158", "nappe": "Eocene", "type": "4", "couleur": "#1565C0"}}, {"type": "Feature", "geometry": {"type": "Point", "coordinates": [-15.72778, 16.39861]}, "properties": {"nom": "Nthiago 160", "nappe": "Eocene", "type": "4", "couleur": "#1565C0"}}, {"type": "Feature", "geometry": {"type": "Point", "coordinates": [-14.64333, 16.51833]}, "properties": {"nom": "Ndioum Ga 261", "nappe": "Eocene", "type": "4", "couleur": "#1565C0"}}, {"type": "Feature", "geometry": {"type": "Point", "coordinates": [-14.50583, 16.51528]}, "properties": {"nom": "Nianga Edi Ga 260", "nappe": "Eocene", "type": "4", "couleur": "#1565C0"}}, {"type": "Feature", "geometry": {"type": "Point", "coordinates": [-14.27611, 16.57278]}, "properties": {"nom": "Demet Ga 277", "nappe": "Eocene", "type": "4", "couleur": "#1565C0"}}, {"type": "Feature", "geometry": {"type": "Point", "coordinates": [-13.9325, 16.14361]}, "properties": {"nom": "Nouit Ga 304", "nappe": "Eocene", "type": "4", "couleur": "#1565C0"}}, {"type": "Feature", "geometry": {"type": "Point", "coordinates": [-13.88, 16.15861]}, "properties": {"nom": "Salde Ga 309", "nappe": "Eocene", "type": "4", "couleur": "#1565C0"}}, {"type": "Feature", "geometry": {"type": "Point", "coordinates": [-13.54528, 16.03639]}, "properties": {"nom": "Sinthiou Diomdig Ga 318", "nappe": "Eocene", "type": "4", "couleur": "#1565C0"}}, {"type": "Feature", "geometry": {"type": "Point", "coordinates": [-13.54444, 16.03583]}, "properties": {"nom": "Sinthiou Diondig Ga 319", "nappe": "Eocene", "type": "4", "couleur": "#1565C0"}}, {"type": "Feature", "geometry": {"type": "Point", "coordinates": [-13.54472, 16.03639]}, "properties": {"nom": "Sinthiou Diomdig Ga 320", "nappe": "Eocene", "type": "4", "couleur": "#1565C0"}}, {"type": "Feature", "geometry": {"type": "Point", "coordinates": [-16.45833, 15.39306]}, "properties": {"nom": "Kebemer", "nappe": "Eocene", "type": "4", "couleur": "#1565C0"}}, {"type": "Feature", "geometry": {"type": "Point", "coordinates": [-16.35, 15.41667]}, "properties": {"nom": "Thieckene Seck", "nappe": "Eocene", "type": "4", "couleur": "#1565C0"}}, {"type": "Feature", "geometry": {"type": "Point", "coordinates": [-16.28806, 15.38667]}, "properties": {"nom": "Bangoye Niang", "nappe": "Eocene", "type": "4", "couleur": "#1565C0"}}, {"type": "Feature", "geometry": {"type": "Point", "coordinates": [-16.25833, 15.49306]}, "properties": {"nom": "Vaar Cisse", "nappe": "Eocene", "type": "4", "couleur": "#1565C0"}}, {"type": "Feature", "geometry": {"type": "Point", "coordinates": [-16.25917, 15.58917]}, "properties": {"nom": "Oulingara Tall", "nappe": "Eocene", "type": "4", "couleur": "#1565C0"}}, {"type": "Feature", "geometry": {"type": "Point", "coordinates": [-16.58333, 15.2]}, "properties": {"nom": "Kelle", "nappe": "Eocene", "type": "4", "couleur": "#1565C0"}}, {"type": "Feature", "geometry": {"type": "Point", "coordinates": [-16.36417, 15.34417]}, "properties": {"nom": "Mbakhene", "nappe": "Eocene", "type": "4", "couleur": "#1565C0"}}, {"type": "Feature", "geometry": {"type": "Point", "coordinates": [-16.47944, 15.19528]}, "properties": {"nom": "Lakhasso", "nappe": "Eocene", "type": "4", "couleur": "#1565C0"}}, {"type": "Feature", "geometry": {"type": "Point", "coordinates": [-16.55972, 15.25556]}, "properties": {"nom": "Ndie Codou Pam Point 276", "nappe": "Eocene", "type": "4", "couleur": "#1565C0"}}, {"type": "Feature", "geometry": {"type": "Point", "coordinates": [-16.54583, 15.26528]}, "properties": {"nom": "Palmeo Village  P51", "nappe": "Eocene", "type": "4", "couleur": "#1565C0"}}, {"type": "Feature", "geometry": {"type": "Point", "coordinates": [-16.36056, 15.16306]}, "properties": {"nom": "Ngalick", "nappe": "Eocene", "type": "4", "couleur": "#1565C0"}}, {"type": "Feature", "geometry": {"type": "Point", "coordinates": [-16.60333, 15.10917]}, "properties": {"nom": "Koure  Ics-63-", "nappe": "Eocene", "type": "4", "couleur": "#1565C0"}}, {"type": "Feature", "geometry": {"type": "Point", "coordinates": [-16.55722, 15.08333]}, "properties": {"nom": "Keulene  Ics - 64", "nappe": "Eocene", "type": "4", "couleur": "#1565C0"}}, {"type": "Feature", "geometry": {"type": "Point", "coordinates": [-13.37917, 15.88444]}, "properties": {"nom": "Sadel Ga 330", "nappe": "Eocene", "type": "4", "couleur": "#1565C0"}}, {"type": "Feature", "geometry": {"type": "Point", "coordinates": [-13.25611, 15.66778]}, "properties": {"nom": "Boynadji Ga 365", "nappe": "Eocene", "type": "4", "couleur": "#1565C0"}}, {"type": "Feature", "geometry": {"type": "Point", "coordinates": [-13.2875, 15.6625]}, "properties": {"nom": "Thiambe F5", "nappe": "Eocene", "type": "4", "couleur": "#1565C0"}}, {"type": "Feature", "geometry": {"type": "Point", "coordinates": [-13.10889, 15.57167]}, "properties": {"nom": "Odobere Ga 340", "nappe": "Eocene", "type": "4", "couleur": "#1565C0"}}, {"type": "Feature", "geometry": {"type": "Point", "coordinates": [-17.14889, 14.87083]}, "properties": {"nom": "Beer Thialane", "nappe": "Eocene", "type": "4", "couleur": "#1565C0"}}, {"type": "Feature", "geometry": {"type": "Point", "coordinates": [-17.03, 14.88944]}, "properties": {"nom": "Tamna Se 28 P", "nappe": "Eocene", "type": "4", "couleur": "#1565C0"}}, {"type": "Feature", "geometry": {"type": "Point", "coordinates": [-16.74694, 14.815]}, "properties": {"nom": "Keur Yaba Diop P2", "nappe": "Eocene", "type": "4", "couleur": "#1565C0"}}, {"type": "Feature", "geometry": {"type": "Point", "coordinates": [-16.83722, 14.98139]}, "properties": {"nom": "Keur Bocar", "nappe": "Eocene", "type": "4", "couleur": "#1565C0"}}, {"type": "Feature", "geometry": {"type": "Point", "coordinates": [-15.83694, 14.98083]}, "properties": {"nom": "Keur Bocar", "nappe": "Eocene", "type": "4", "couleur": "#1565C0"}}, {"type": "Feature", "geometry": {"type": "Point", "coordinates": [-16.33333, 14.91667]}, "properties": {"nom": "Lappe I", "nappe": "Eocene", "type": "4", "couleur": "#1565C0"}}, {"type": "Feature", "geometry": {"type": "Point", "coordinates": [-16.59222, 14.80056]}, "properties": {"nom": "Mbotel", "nappe": "Eocene", "type": "4", "couleur": "#1565C0"}}, {"type": "Feature", "geometry": {"type": "Point", "coordinates": [-16.42778, 14.78333]}, "properties": {"nom": "Nacke", "nappe": "Eocene", "type": "4", "couleur": "#1565C0"}}, {"type": "Feature", "geometry": {"type": "Point", "coordinates": [-16.56667, 14.91667]}, "properties": {"nom": "Ndiaye Dankhe", "nappe": "Eocene", "type": "4", "couleur": "#1565C0"}}, {"type": "Feature", "geometry": {"type": "Point", "coordinates": [-16.66167, 14.75528]}, "properties": {"nom": "Ngodiane P1", "nappe": "Eocene", "type": "4", "couleur": "#1565C0"}}, {"type": "Feature", "geometry": {"type": "Point", "coordinates": [-16.275, 14.71333]}, "properties": {"nom": "Kane Kane", "nappe": "Eocene", "type": "4", "couleur": "#1565C0"}}, {"type": "Feature", "geometry": {"type": "Point", "coordinates": [-14.95667, 14.13222]}, "properties": {"nom": "Kaffate", "nappe": "Eocene", "type": "4", "couleur": "#1565C0"}}, {"type": "Feature", "geometry": {"type": "Point", "coordinates": [-15.92222, 13.91389]}, "properties": {"nom": "Ndoffane F2", "nappe": "Eocene", "type": "4", "couleur": "#1565C0"}}, {"type": "Feature", "geometry": {"type": "Point", "coordinates": [-16.90333, 14.69833]}, "properties": {"nom": "Baback Serere", "nappe": "Eocene", "type": "4", "couleur": "#1565C0"}}, {"type": "Feature", "geometry": {"type": "Point", "coordinates": [-16.48056, 14.58083]}, "properties": {"nom": "Ngangarlam", "nappe": "Eocene", "type": "4", "couleur": "#1565C0"}}, {"type": "Feature", "geometry": {"type": "Point", "coordinates": [-15.98111, 14.85222]}, "properties": {"nom": "Medina Toure", "nappe": "Eocene", "type": "4", "couleur": "#1565C0"}}, {"type": "Feature", "geometry": {"type": "Point", "coordinates": [-15.70556, 14.5]}, "properties": {"nom": "Touba Ndiene", "nappe": "Eocene", "type": "4", "couleur": "#1565C0"}}, {"type": "Feature", "geometry": {"type": "Point", "coordinates": [-15.545, 14.36944]}, "properties": {"nom": "Sema 3", "nappe": "Eocene", "type": "4", "couleur": "#1565C0"}}, {"type": "Feature", "geometry": {"type": "Point", "coordinates": [-15.6325, 14.39389]}, "properties": {"nom": "Thione", "nappe": "Eocene", "type": "4", "couleur": "#1565C0"}}, {"type": "Feature", "geometry": {"type": "Point", "coordinates": [-15.62917, 14.48333]}, "properties": {"nom": "Bocki Puits", "nappe": "Eocene", "type": "4", "couleur": "#1565C0"}}, {"type": "Feature", "geometry": {"type": "Point", "coordinates": [-15.83611, 14.26667]}, "properties": {"nom": "Ndinglere Mboubene 1", "nappe": "Eocene", "type": "4", "couleur": "#1565C0"}}, {"type": "Feature", "geometry": {"type": "Point", "coordinates": [-15.945, 14.21389]}, "properties": {"nom": "Keur Mor Ngone", "nappe": "Eocene", "type": "4", "couleur": "#1565C0"}}, {"type": "Feature", "geometry": {"type": "Point", "coordinates": [-15.66472, 14.28556]}, "properties": {"nom": "Alloucki Terres Neuves", "nappe": "Eocene", "type": "4", "couleur": "#1565C0"}}, {"type": "Feature", "geometry": {"type": "Point", "coordinates": [-17.45555, 14.72889]}, "properties": {"nom": "Dakar Front De Terre", "nappe": "Infrabasalt", "type": "4", "couleur": "#00695C"}}, {"type": "Feature", "geometry": {"type": "Point", "coordinates": [-17.45, 14.74361]}, "properties": {"nom": "Dakar Point  N Ter", "nappe": "Infrabasalt", "type": "4", "couleur": "#00695C"}}, {"type": "Feature", "geometry": {"type": "Point", "coordinates": [-17.4725, 14.74222]}, "properties": {"nom": "Dakar Terme Nord", "nappe": "Infrabasalt", "type": "4", "couleur": "#00695C"}}, {"type": "Feature", "geometry": {"type": "Point", "coordinates": [-17.48667, 14.73417]}, "properties": {"nom": "Ouakam  Terme Sud", "nappe": "Infrabasalt", "type": "4", "couleur": "#00695C"}}, {"type": "Feature", "geometry": {"type": "Point", "coordinates": [-17.46583, 14.74194]}, "properties": {"nom": "Point M Ter", "nappe": "Infrabasalt", "type": "4", "couleur": "#00695C"}}, {"type": "Feature", "geometry": {"type": "Point", "coordinates": [-17.45083, 14.74889]}, "properties": {"nom": "Dakar Autoroute (Ancien)", "nappe": "Infrabasalt", "type": "4", "couleur": "#00695C"}}, {"type": "Feature", "geometry": {"type": "Point", "coordinates": [-17.47305, 14.72611]}, "properties": {"nom": "Dakar Fort A Bis", "nappe": "Infrabasalt", "type": "4", "couleur": "#00695C"}}, {"type": "Feature", "geometry": {"type": "Point", "coordinates": [-17.4625, 14.74667]}, "properties": {"nom": "Dakar Point M", "nappe": "Infrabasalt", "type": "4", "couleur": "#00695C"}}, {"type": "Feature", "geometry": {"type": "Point", "coordinates": [-17.46611, 14.73833]}, "properties": {"nom": "Dakar Camp Penal", "nappe": "Infrabasalt", "type": "4", "couleur": "#00695C"}}, {"type": "Feature", "geometry": {"type": "Point", "coordinates": [-17.45, 14.74167]}, "properties": {"nom": "Dakar Point N Ter", "nappe": "Infrabasalt", "type": "4", "couleur": "#00695C"}}, {"type": "Feature", "geometry": {"type": "Point", "coordinates": [-17.48472, 14.74306]}, "properties": {"nom": "Forage Autoroute Bis Dakar", "nappe": "Infrabasalt", "type": "4", "couleur": "#00695C"}}, {"type": "Feature", "geometry": {"type": "Point", "coordinates": [-17.47278, 14.72583]}, "properties": {"nom": "Dakar Fort A", "nappe": "Infrabasalt", "type": "4", "couleur": "#00695C"}}, {"type": "Feature", "geometry": {"type": "Point", "coordinates": [-17.47528, 14.71]}, "properties": {"nom": "Sotrac  P 1 (Bad 1)", "nappe": "Infrabasalt", "type": "4", "couleur": "#00695C"}}, {"type": "Feature", "geometry": {"type": "Point", "coordinates": [-17.50833, 14.735]}, "properties": {"nom": "Dakar Mamelles P2 Bas", "nappe": "Infrabasalt", "type": "4", "couleur": "#00695C"}}, {"type": "Feature", "geometry": {"type": "Point", "coordinates": [-17.50833, 14.735]}, "properties": {"nom": "Dakar Mamelles P2 Bas", "nappe": "Infrabasalt", "type": "4", "couleur": "#00695C"}}, {"type": "Feature", "geometry": {"type": "Point", "coordinates": [-17.49972, 14.75139]}, "properties": {"nom": "P3 B (Bad3)", "nappe": "Infrabasalt", "type": "4", "couleur": "#00695C"}}, {"type": "Feature", "geometry": {"type": "Point", "coordinates": [-17.49972, 14.75139]}, "properties": {"nom": "P3 B (Bad3)", "nappe": "Infrabasalt", "type": "4", "couleur": "#00695C"}}, {"type": "Feature", "geometry": {"type": "Point", "coordinates": [-17.47917, 14.75556]}, "properties": {"nom": "Dakar Aeroport Yoff P4 Bas", "nappe": "Infrabasalt", "type": "4", "couleur": "#00695C"}}, {"type": "Feature", "geometry": {"type": "Point", "coordinates": [-17.47917, 14.75556]}, "properties": {"nom": "Dakar Aeroport Yoff P4 Bas", "nappe": "Infrabasalt", "type": "4", "couleur": "#00695C"}}, {"type": "Feature", "geometry": {"type": "Point", "coordinates": [-17.4425, 14.73583]}, "properties": {"nom": "Dakar Autoroute P5 Bas", "nappe": "Infrabasalt", "type": "4", "couleur": "#00695C"}}, {"type": "Feature", "geometry": {"type": "Point", "coordinates": [-17.44139, 14.73556]}, "properties": {"nom": "P6 B (Bad 6)", "nappe": "Infrabasalt", "type": "4", "couleur": "#00695C"}}, {"type": "Feature", "geometry": {"type": "Point", "coordinates": [-17.44139, 14.73556]}, "properties": {"nom": "P6 B (Bad 6)", "nappe": "Infrabasalt", "type": "4", "couleur": "#00695C"}}, {"type": "Feature", "geometry": {"type": "Point", "coordinates": [-17.475, 14.70833]}, "properties": {"nom": "Dakar Ouakam", "nappe": "Infrabasalt", "type": "4", "couleur": "#00695C"}}, {"type": "Feature", "geometry": {"type": "Point", "coordinates": [-17.475, 14.70833]}, "properties": {"nom": "Dakar Ouakam", "nappe": "Infrabasalt", "type": "4", "couleur": "#00695C"}}, {"type": "Feature", "geometry": {"type": "Point", "coordinates": [-17.4425, 14.72944]}, "properties": {"nom": "Puits.11", "nappe": "Infrabasalt", "type": "4", "couleur": "#00695C"}}, {"type": "Feature", "geometry": {"type": "Point", "coordinates": [-17.46111, 14.70611]}, "properties": {"nom": "Puits.15", "nappe": "Infrabasalt", "type": "4", "couleur": "#00695C"}}, {"type": "Feature", "geometry": {"type": "Point", "coordinates": [-17.45167, 14.70833]}, "properties": {"nom": "Puits 14", "nappe": "Infrabasalt", "type": "4", "couleur": "#00695C"}}, {"type": "Feature", "geometry": {"type": "Point", "coordinates": [-17.44333, 14.72778]}, "properties": {"nom": "Puits.1", "nappe": "Infrabasalt", "type": "4", "couleur": "#00695C"}}, {"type": "Feature", "geometry": {"type": "Point", "coordinates": [-17.44056, 14.72917]}, "properties": {"nom": "Piez.167", "nappe": "Infrabasalt", "type": "4", "couleur": "#00695C"}}, {"type": "Feature", "geometry": {"type": "Point", "coordinates": [-17.46833, 14.69833]}, "properties": {"nom": "Km.5 Rte Ouakam", "nappe": "Infrabasalt", "type": "4", "couleur": "#00695C"}}, {"type": "Feature", "geometry": {"type": "Point", "coordinates": [-17.50778, 14.73389]}, "properties": {"nom": "P2 H (Bad2)", "nappe": "Infrabasalt", "type": "4", "couleur": "#00695C"}}, {"type": "Feature", "geometry": {"type": "Point", "coordinates": [-17.50778, 14.73389]}, "properties": {"nom": "P2 H (Bad2)", "nappe": "Infrabasalt", "type": "4", "couleur": "#00695C"}}, {"type": "Feature", "geometry": {"type": "Point", "coordinates": [-17.49806, 14.75278]}, "properties": {"nom": "P3 H (Bad3)", "nappe": "Infrabasalt", "type": "4", "couleur": "#00695C"}}, {"type": "Feature", "geometry": {"type": "Point", "coordinates": [-17.49806, 14.75278]}, "properties": {"nom": "P3 H (Bad3)", "nappe": "Infrabasalt", "type": "4", "couleur": "#00695C"}}, {"type": "Feature", "geometry": {"type": "Point", "coordinates": [-17.47917, 14.75556]}, "properties": {"nom": "A\u00e9roport Yoff Bad P4 Haut", "nappe": "Infrabasalt", "type": "4", "couleur": "#00695C"}}, {"type": "Feature", "geometry": {"type": "Point", "coordinates": [-17.47917, 14.75556]}, "properties": {"nom": "A\u00e9roport Yoff Bad P4 Haut", "nappe": "Infrabasalt", "type": "4", "couleur": "#00695C"}}, {"type": "Feature", "geometry": {"type": "Point", "coordinates": [-17.4425, 14.73583]}, "properties": {"nom": "Dakar Autoroute P5 Haut", "nappe": "Infrabasalt", "type": "4", "couleur": "#00695C"}}, {"type": "Feature", "geometry": {"type": "Point", "coordinates": [-17.45555, 14.75833]}, "properties": {"nom": "P6 H (Bad 6)", "nappe": "Infrabasalt", "type": "4", "couleur": "#00695C"}}, {"type": "Feature", "geometry": {"type": "Point", "coordinates": [-17.45555, 14.75833]}, "properties": {"nom": "P6 H (Bad 6)", "nappe": "Infrabasalt", "type": "4", "couleur": "#00695C"}}, {"type": "Feature", "geometry": {"type": "Point", "coordinates": [-17.4325, 14.72806]}, "properties": {"nom": "Hann Pib1", "nappe": "Infrabasalt", "type": "4", "couleur": "#00695C"}}, {"type": "Feature", "geometry": {"type": "Point", "coordinates": [-17.48639, 14.73306]}, "properties": {"nom": "Ouakam Pib2", "nappe": "Infrabasalt", "type": "4", "couleur": "#00695C"}}, {"type": "Feature", "geometry": {"type": "Point", "coordinates": [-17.50278, 14.725]}, "properties": {"nom": "Almadies P2 Haut Bis", "nappe": "Infrabasalt", "type": "4", "couleur": "#00695C"}}, {"type": "Feature", "geometry": {"type": "Point", "coordinates": [-17.50278, 14.725]}, "properties": {"nom": "Almadies P2 Bas Bis", "nappe": "Infrabasalt", "type": "4", "couleur": "#00695C"}}, {"type": "Feature", "geometry": {"type": "Point", "coordinates": [-15.4, 16.44722]}, "properties": {"nom": "Ngambou Thille", "nappe": "Maastrichtien", "type": "4", "couleur": "#0D47A1"}}, {"type": "Feature", "geometry": {"type": "Point", "coordinates": [-15.18056, 16.42917]}, "properties": {"nom": "Binguel Seno", "nappe": "Maastrichtien", "type": "4", "couleur": "#0D47A1"}}, {"type": "Feature", "geometry": {"type": "Point", "coordinates": [-15.68639, 16.09583]}, "properties": {"nom": "Mbelogne Vidodji", "nappe": "Maastrichtien", "type": "4", "couleur": "#0D47A1"}}, {"type": "Feature", "geometry": {"type": "Point", "coordinates": [-15.88333, 16.07222]}, "properties": {"nom": "Syer I", "nappe": "Maastrichtien", "type": "4", "couleur": "#0D47A1"}}, {"type": "Feature", "geometry": {"type": "Point", "coordinates": [-15.73722, 16.02194]}, "properties": {"nom": "Gade Bokinedo", "nappe": "Maastrichtien", "type": "4", "couleur": "#0D47A1"}}, {"type": "Feature", "geometry": {"type": "Point", "coordinates": [-15.54167, 16.19806]}, "properties": {"nom": "Niassante", "nappe": "Maastrichtien", "type": "4", "couleur": "#0D47A1"}}, {"type": "Feature", "geometry": {"type": "Point", "coordinates": [-15.29167, 16.22361]}, "properties": {"nom": "Tatki", "nappe": "Maastrichtien", "type": "4", "couleur": "#0D47A1"}}, {"type": "Feature", "geometry": {"type": "Point", "coordinates": [-15.13333, 16.05417]}, "properties": {"nom": "Ganina Erogne", "nappe": "Maastrichtien", "type": "4", "couleur": "#0D47A1"}}, {"type": "Feature", "geometry": {"type": "Point", "coordinates": [-15.18611, 16.03472]}, "properties": {"nom": "Ganina Erogne", "nappe": "Maastrichtien", "type": "4", "couleur": "#0D47A1"}}, {"type": "Feature", "geometry": {"type": "Point", "coordinates": [-15.00833, 16.28889]}, "properties": {"nom": "Mawundou Tchasky", "nappe": "Maastrichtien", "type": "4", "couleur": "#0D47A1"}}, {"type": "Feature", "geometry": {"type": "Point", "coordinates": [-14.80139, 16.43722]}, "properties": {"nom": "Nenette", "nappe": "Maastrichtien", "type": "4", "couleur": "#0D47A1"}}, {"type": "Feature", "geometry": {"type": "Point", "coordinates": [-14.73611, 16.40278]}, "properties": {"nom": "Guia Ouali Diala (Tiekele)", "nappe": "Maastrichtien", "type": "4", "couleur": "#0D47A1"}}, {"type": "Feature", "geometry": {"type": "Point", "coordinates": [-14.75417, 16.54722]}, "properties": {"nom": "Guede Chantier", "nappe": "Maastrichtien", "type": "4", "couleur": "#0D47A1"}}, {"type": "Feature", "geometry": {"type": "Point", "coordinates": [-14.80556, 16.54194]}, "properties": {"nom": "Guede Village", "nappe": "Maastrichtien", "type": "4", "couleur": "#0D47A1"}}, {"type": "Feature", "geometry": {"type": "Point", "coordinates": [-14.80556, 16.54194]}, "properties": {"nom": "Guede Village", "nappe": "Maastrichtien", "type": "4", "couleur": "#0D47A1"}}, {"type": "Feature", "geometry": {"type": "Point", "coordinates": [-14.69528, 16.51583]}, "properties": {"nom": "Gamadji Sare", "nappe": "Maastrichtien", "type": "4", "couleur": "#0D47A1"}}, {"type": "Feature", "geometry": {"type": "Point", "coordinates": [-14.71389, 16.52028]}, "properties": {"nom": "Lerabe", "nappe": "Maastrichtien", "type": "4", "couleur": "#0D47A1"}}, {"type": "Feature", "geometry": {"type": "Point", "coordinates": [-14.79167, 16.52778]}, "properties": {"nom": "Mboyo Dieri", "nappe": "Maastrichtien", "type": "4", "couleur": "#0D47A1"}}, {"type": "Feature", "geometry": {"type": "Point", "coordinates": [-14.86667, 16.52139]}, "properties": {"nom": "Decolle Taredji", "nappe": "Maastrichtien", "type": "4", "couleur": "#0D47A1"}}, {"type": "Feature", "geometry": {"type": "Point", "coordinates": [-14.86667, 16.52139]}, "properties": {"nom": "Decolle Taredji", "nappe": "Maastrichtien", "type": "4", "couleur": "#0D47A1"}}, {"type": "Feature", "geometry": {"type": "Point", "coordinates": [-14.23056, 16.51361]}, "properties": {"nom": "Nguendar", "nappe": "Maastrichtien", "type": "4", "couleur": "#0D47A1"}}, {"type": "Feature", "geometry": {"type": "Point", "coordinates": [-14.75417, 16.54722]}, "properties": {"nom": "Petel Dieguess", "nappe": "Maastrichtien", "type": "4", "couleur": "#0D47A1"}}, {"type": "Feature", "geometry": {"type": "Point", "coordinates": [-14.91667, 16.51389]}, "properties": {"nom": "Nianga", "nappe": "Maastrichtien", "type": "4", "couleur": "#0D47A1"}}, {"type": "Feature", "geometry": {"type": "Point", "coordinates": [-14.65333, 16.50778]}, "properties": {"nom": "Ndioum", "nappe": "Maastrichtien", "type": "4", "couleur": "#0D47A1"}}, {"type": "Feature", "geometry": {"type": "Point", "coordinates": [-14.65556, 16.58611]}, "properties": {"nom": "Alvar", "nappe": "Maastrichtien", "type": "4", "couleur": "#0D47A1"}}, {"type": "Feature", "geometry": {"type": "Point", "coordinates": [-14.45833, 16.38194]}, "properties": {"nom": "Dieri Djouga", "nappe": "Maastrichtien", "type": "4", "couleur": "#0D47A1"}}, {"type": "Feature", "geometry": {"type": "Point", "coordinates": [-14.36694, 16.62778]}, "properties": {"nom": "Dara Halaybe", "nappe": "Maastrichtien", "type": "4", "couleur": "#0D47A1"}}, {"type": "Feature", "geometry": {"type": "Point", "coordinates": [-14.35694, 16.45]}, "properties": {"nom": "Bode", "nappe": "Maastrichtien", "type": "4", "couleur": "#0D47A1"}}, {"type": "Feature", "geometry": {"type": "Point", "coordinates": [-14.41667, 16.49667]}, "properties": {"nom": "Toulde Galle", "nappe": "Maastrichtien", "type": "4", "couleur": "#0D47A1"}}, {"type": "Feature", "geometry": {"type": "Point", "coordinates": [-14.54167, 16.39167]}, "properties": {"nom": "Binguel Edi", "nappe": "Maastrichtien", "type": "4", "couleur": "#0D47A1"}}, {"type": "Feature", "geometry": {"type": "Point", "coordinates": [-14.43194, 16.48722]}, "properties": {"nom": "Dodele", "nappe": "Maastrichtien", "type": "4", "couleur": "#0D47A1"}}, {"type": "Feature", "geometry": {"type": "Point", "coordinates": [-14.43333, 16.50833]}, "properties": {"nom": "Diomandou", "nappe": "Maastrichtien", "type": "4", "couleur": "#0D47A1"}}, {"type": "Feature", "geometry": {"type": "Point", "coordinates": [-14.45389, 16.495]}, "properties": {"nom": "Thialaga", "nappe": "Maastrichtien", "type": "4", "couleur": "#0D47A1"}}, {"type": "Feature", "geometry": {"type": "Point", "coordinates": [-14.47639, 16.4875]}, "properties": {"nom": "Thienel Sakhobe", "nappe": "Maastrichtien", "type": "4", "couleur": "#0D47A1"}}, {"type": "Feature", "geometry": {"type": "Point", "coordinates": [-14.52222, 16.55833]}, "properties": {"nom": "Nianga Edy", "nappe": "Maastrichtien", "type": "4", "couleur": "#0D47A1"}}, {"type": "Feature", "geometry": {"type": "Point", "coordinates": [-14.575, 16.5]}, "properties": {"nom": "Mangaye", "nappe": "Maastrichtien", "type": "4", "couleur": "#0D47A1"}}, {"type": "Feature", "geometry": {"type": "Point", "coordinates": [-14.32333, 16.39167]}, "properties": {"nom": "Aere Lao", "nappe": "Maastrichtien", "type": "4", "couleur": "#0D47A1"}}, {"type": "Feature", "geometry": {"type": "Point", "coordinates": [-14.32778, 16.4]}, "properties": {"nom": "Aere Lao", "nappe": "Maastrichtien", "type": "4", "couleur": "#0D47A1"}}, {"type": "Feature", "geometry": {"type": "Point", "coordinates": [-14.06139, 16.38222]}, "properties": {"nom": "Cas-Cas", "nappe": "Maastrichtien", "type": "4", "couleur": "#0D47A1"}}, {"type": "Feature", "geometry": {"type": "Point", "coordinates": [-14.28111, 16.58139]}, "properties": {"nom": "Demette", "nappe": "Maastrichtien", "type": "4", "couleur": "#0D47A1"}}, {"type": "Feature", "geometry": {"type": "Point", "coordinates": [-14.25806, 16.51083]}, "properties": {"nom": "Boki", "nappe": "Maastrichtien", "type": "4", "couleur": "#0D47A1"}}, {"type": "Feature", "geometry": {"type": "Point", "coordinates": [-14.1425, 16.45139]}, "properties": {"nom": "Siouraye Thiambe", "nappe": "Maastrichtien", "type": "4", "couleur": "#0D47A1"}}, {"type": "Feature", "geometry": {"type": "Point", "coordinates": [-14.03139, 16.34278]}, "properties": {"nom": "Dounguel", "nappe": "Maastrichtien", "type": "4", "couleur": "#0D47A1"}}, {"type": "Feature", "geometry": {"type": "Point", "coordinates": [-14.20833, 16.51389]}, "properties": {"nom": "Walalde", "nappe": "Maastrichtien", "type": "4", "couleur": "#0D47A1"}}, {"type": "Feature", "geometry": {"type": "Point", "coordinates": [-14.32778, 16.385]}, "properties": {"nom": "Aere Lao", "nappe": "Maastrichtien", "type": "4", "couleur": "#0D47A1"}}, {"type": "Feature", "geometry": {"type": "Point", "coordinates": [-14.17361, 16.33889]}, "properties": {"nom": "Aram", "nappe": "Maastrichtien", "type": "4", "couleur": "#0D47A1"}}, {"type": "Feature", "geometry": {"type": "Point", "coordinates": [-14.27278, 16.43333]}, "properties": {"nom": "Vorde", "nappe": "Maastrichtien", "type": "4", "couleur": "#0D47A1"}}, {"type": "Feature", "geometry": {"type": "Point", "coordinates": [-14.30694, 16.44444]}, "properties": {"nom": "Koylel", "nappe": "Maastrichtien", "type": "4", "couleur": "#0D47A1"}}, {"type": "Feature", "geometry": {"type": "Point", "coordinates": [-14.32917, 16.45417]}, "properties": {"nom": "Aere Poste", "nappe": "Maastrichtien", "type": "4", "couleur": "#0D47A1"}}, {"type": "Feature", "geometry": {"type": "Point", "coordinates": [-14.94028, 16.13889]}, "properties": {"nom": "Mbiddi", "nappe": "Maastrichtien", "type": "4", "couleur": "#0D47A1"}}, {"type": "Feature", "geometry": {"type": "Point", "coordinates": [-14.78139, 16.31694]}, "properties": {"nom": "Kodiolele", "nappe": "Maastrichtien", "type": "4", "couleur": "#0D47A1"}}, {"type": "Feature", "geometry": {"type": "Point", "coordinates": [-14.74917, 16.03555]}, "properties": {"nom": "Namarel.Pelel Daba", "nappe": "Maastrichtien", "type": "4", "couleur": "#0D47A1"}}, {"type": "Feature", "geometry": {"type": "Point", "coordinates": [-14.71944, 16.23611]}, "properties": {"nom": "Bombode", "nappe": "Maastrichtien", "type": "4", "couleur": "#0D47A1"}}, {"type": "Feature", "geometry": {"type": "Point", "coordinates": [-14.91389, 16.20083]}, "properties": {"nom": "Gaoude Bofe", "nappe": "Maastrichtien", "type": "4", "couleur": "#0D47A1"}}, {"type": "Feature", "geometry": {"type": "Point", "coordinates": [-14.77833, 16.00694]}, "properties": {"nom": "Namarel.Pelel Daba", "nappe": "Maastrichtien", "type": "4", "couleur": "#0D47A1"}}, {"type": "Feature", "geometry": {"type": "Point", "coordinates": [-14.54694, 16.03361]}, "properties": {"nom": "Yare Lao", "nappe": "Maastrichtien", "type": "4", "couleur": "#0D47A1"}}, {"type": "Feature", "geometry": {"type": "Point", "coordinates": [-14.59417, 16.23278]}, "properties": {"nom": "Atch Bali", "nappe": "Maastrichtien", "type": "4", "couleur": "#0D47A1"}}, {"type": "Feature", "geometry": {"type": "Point", "coordinates": [-14.36667, 16.29167]}, "properties": {"nom": "Loumbi Ferbe", "nappe": "Maastrichtien", "type": "4", "couleur": "#0D47A1"}}, {"type": "Feature", "geometry": {"type": "Point", "coordinates": [-14.39583, 16.09167]}, "properties": {"nom": "Maham", "nappe": "Maastrichtien", "type": "4", "couleur": "#0D47A1"}}, {"type": "Feature", "geometry": {"type": "Point", "coordinates": [-14.09167, 16.15]}, "properties": {"nom": "Gaoudou Goti", "nappe": "Maastrichtien", "type": "4", "couleur": "#0D47A1"}}, {"type": "Feature", "geometry": {"type": "Point", "coordinates": [-14.24306, 16.24444]}, "properties": {"nom": "Wawaou", "nappe": "Maastrichtien", "type": "4", "couleur": "#0D47A1"}}, {"type": "Feature", "geometry": {"type": "Point", "coordinates": [-14.2, 16.03056]}, "properties": {"nom": "Boki Namari", "nappe": "Maastrichtien", "type": "4", "couleur": "#0D47A1"}}, {"type": "Feature", "geometry": {"type": "Point", "coordinates": [-14.18333, 16.22778]}, "properties": {"nom": "Windou Boki", "nappe": "Maastrichtien", "type": "4", "couleur": "#0D47A1"}}, {"type": "Feature", "geometry": {"type": "Point", "coordinates": [-14.10167, 16.30167]}, "properties": {"nom": "Gollere Boussobe", "nappe": "Maastrichtien", "type": "4", "couleur": "#0D47A1"}}, {"type": "Feature", "geometry": {"type": "Point", "coordinates": [-14.18611, 16.06389]}, "properties": {"nom": "Boki Tekoum", "nappe": "Maastrichtien", "type": "4", "couleur": "#0D47A1"}}, {"type": "Feature", "geometry": {"type": "Point", "coordinates": [-14.30556, 16.03194]}, "properties": {"nom": "Nanaye Fass Peulh", "nappe": "Maastrichtien", "type": "4", "couleur": "#0D47A1"}}, {"type": "Feature", "geometry": {"type": "Point", "coordinates": [-14.05833, 16.21167]}, "properties": {"nom": "Mery", "nappe": "Maastrichtien", "type": "4", "couleur": "#0D47A1"}}, {"type": "Feature", "geometry": {"type": "Point", "coordinates": [-14.28889, 16.21111]}, "properties": {"nom": "Tourguenoul", "nappe": "Maastrichtien", "type": "4", "couleur": "#0D47A1"}}, {"type": "Feature", "geometry": {"type": "Point", "coordinates": [-14.14194, 16.305]}, "properties": {"nom": "Madina Ndiathbe", "nappe": "Maastrichtien", "type": "4", "couleur": "#0D47A1"}}, {"type": "Feature", "geometry": {"type": "Point", "coordinates": [-14.01972, 16.1875]}, "properties": {"nom": "Mboumba", "nappe": "Maastrichtien", "type": "4", "couleur": "#0D47A1"}}, {"type": "Feature", "geometry": {"type": "Point", "coordinates": [-14.1, 16.21389]}, "properties": {"nom": "Bounabe", "nappe": "Maastrichtien", "type": "4", "couleur": "#0D47A1"}}, {"type": "Feature", "geometry": {"type": "Point", "coordinates": [-14.00056, 16.06111]}, "properties": {"nom": "Boki Dialoube", "nappe": "Maastrichtien", "type": "4", "couleur": "#0D47A1"}}, {"type": "Feature", "geometry": {"type": "Point", "coordinates": [-13.94861, 16.02083]}, "properties": {"nom": "Thilouki", "nappe": "Maastrichtien", "type": "4", "couleur": "#0D47A1"}}, {"type": "Feature", "geometry": {"type": "Point", "coordinates": [-13.91944, 16.06389]}, "properties": {"nom": "Lougue Peulh", "nappe": "Maastrichtien", "type": "4", "couleur": "#0D47A1"}}, {"type": "Feature", "geometry": {"type": "Point", "coordinates": [-13.7425, 16.04694]}, "properties": {"nom": "Orefonde", "nappe": "Maastrichtien", "type": "4", "couleur": "#0D47A1"}}, {"type": "Feature", "geometry": {"type": "Point", "coordinates": [-13.88611, 16.16111]}, "properties": {"nom": "Salde", "nappe": "Maastrichtien", "type": "4", "couleur": "#0D47A1"}}, {"type": "Feature", "geometry": {"type": "Point", "coordinates": [-13.37083, 15.56861]}, "properties": {"nom": "Boguel Sinthiou", "nappe": "Maastrichtien", "type": "4", "couleur": "#0D47A1"}}, {"type": "Feature", "geometry": {"type": "Point", "coordinates": [-13.68889, 16.00833]}, "properties": {"nom": "Ouro Mollo", "nappe": "Maastrichtien", "type": "4", "couleur": "#0D47A1"}}, {"type": "Feature", "geometry": {"type": "Point", "coordinates": [-13.97917, 16.32917]}, "properties": {"nom": "Dioude Diabe", "nappe": "Maastrichtien", "type": "4", "couleur": "#0D47A1"}}, {"type": "Feature", "geometry": {"type": "Point", "coordinates": [-13.98333, 16.26944]}, "properties": {"nom": "Thioubalel", "nappe": "Maastrichtien", "type": "4", "couleur": "#0D47A1"}}, {"type": "Feature", "geometry": {"type": "Point", "coordinates": [-13.87222, 16.07222]}, "properties": {"nom": "Galoya Toucouleur", "nappe": "Maastrichtien", "type": "4", "couleur": "#0D47A1"}}, {"type": "Feature", "geometry": {"type": "Point", "coordinates": [-13.76667, 16.05278]}, "properties": {"nom": "Diaba Degle Lidoube", "nappe": "Maastrichtien", "type": "4", "couleur": "#0D47A1"}}, {"type": "Feature", "geometry": {"type": "Point", "coordinates": [-13.99722, 16.23056]}, "properties": {"nom": "Boki Dialoube", "nappe": "Maastrichtien", "type": "4", "couleur": "#0D47A1"}}, {"type": "Feature", "geometry": {"type": "Point", "coordinates": [-13.89722, 16.18333]}, "properties": {"nom": "Wassetake Barobe", "nappe": "Maastrichtien", "type": "4", "couleur": "#0D47A1"}}, {"type": "Feature", "geometry": {"type": "Point", "coordinates": [-13.975, 16.23306]}, "properties": {"nom": "Sira Torobe", "nappe": "Maastrichtien", "type": "4", "couleur": "#0D47A1"}}, {"type": "Feature", "geometry": {"type": "Point", "coordinates": [-13.82917, 16.00833]}, "properties": {"nom": "Loumbol Baladji", "nappe": "Maastrichtien", "type": "4", "couleur": "#0D47A1"}}, {"type": "Feature", "geometry": {"type": "Point", "coordinates": [-16.36528, 15.67833]}, "properties": {"nom": "Mbaye Mbaye Mapathe", "nappe": "Maastrichtien", "type": "4", "couleur": "#0D47A1"}}, {"type": "Feature", "geometry": {"type": "Point", "coordinates": [-16.05278, 15.70944]}, "properties": {"nom": "Keur Madiale I", "nappe": "Maastrichtien", "type": "4", "couleur": "#0D47A1"}}, {"type": "Feature", "geometry": {"type": "Point", "coordinates": [-16.05278, 15.70944]}, "properties": {"nom": "Keur Madiale I", "nappe": "Maastrichtien", "type": "4", "couleur": "#0D47A1"}}, {"type": "Feature", "geometry": {"type": "Point", "coordinates": [-16.0275, 15.68194]}, "properties": {"nom": "Gouye Mbeuth", "nappe": "Maastrichtien", "type": "4", "couleur": "#0D47A1"}}, {"type": "Feature", "geometry": {"type": "Point", "coordinates": [-16.0275, 15.68194]}, "properties": {"nom": "Gouye Mbeuth", "nappe": "Maastrichtien", "type": "4", "couleur": "#0D47A1"}}, {"type": "Feature", "geometry": {"type": "Point", "coordinates": [-16.0275, 15.68194]}, "properties": {"nom": "Gouye Mbeuth", "nappe": "Maastrichtien", "type": "4", "couleur": "#0D47A1"}}, {"type": "Feature", "geometry": {"type": "Point", "coordinates": [-16.14444, 15.69167]}, "properties": {"nom": "Keur Pathe Tall", "nappe": "Maastrichtien", "type": "4", "couleur": "#0D47A1"}}, {"type": "Feature", "geometry": {"type": "Point", "coordinates": [-16.04556, 15.80361]}, "properties": {"nom": "Same Kebe", "nappe": "Maastrichtien", "type": "4", "couleur": "#0D47A1"}}, {"type": "Feature", "geometry": {"type": "Point", "coordinates": [-16.11889, 15.68]}, "properties": {"nom": "Niomre Lo", "nappe": "Maastrichtien", "type": "4", "couleur": "#0D47A1"}}, {"type": "Feature", "geometry": {"type": "Point", "coordinates": [-16.11889, 15.68]}, "properties": {"nom": "Niomre Lo", "nappe": "Maastrichtien", "type": "4", "couleur": "#0D47A1"}}, {"type": "Feature", "geometry": {"type": "Point", "coordinates": [-16.12222, 15.73333]}, "properties": {"nom": "Nguer Malal", "nappe": "Maastrichtien", "type": "4", "couleur": "#0D47A1"}}, {"type": "Feature", "geometry": {"type": "Point", "coordinates": [-16.11667, 15.73444]}, "properties": {"nom": "Ndia Goureye", "nappe": "Maastrichtien", "type": "4", "couleur": "#0D47A1"}}, {"type": "Feature", "geometry": {"type": "Point", "coordinates": [-16.15528, 15.74639]}, "properties": {"nom": "Thiala Kebe", "nappe": "Maastrichtien", "type": "4", "couleur": "#0D47A1"}}, {"type": "Feature", "geometry": {"type": "Point", "coordinates": [-16.06667, 15.41778]}, "properties": {"nom": "Ndiagne", "nappe": "Maastrichtien", "type": "4", "couleur": "#0D47A1"}}, {"type": "Feature", "geometry": {"type": "Point", "coordinates": [-16.08556, 15.39417]}, "properties": {"nom": "Ndiagne", "nappe": "Maastrichtien", "type": "4", "couleur": "#0D47A1"}}, {"type": "Feature", "geometry": {"type": "Point", "coordinates": [-16.07278, 15.52]}, "properties": {"nom": "Ouarack I", "nappe": "Maastrichtien", "type": "4", "couleur": "#0D47A1"}}, {"type": "Feature", "geometry": {"type": "Point", "coordinates": [-16.20278, 15.63611]}, "properties": {"nom": "Louga", "nappe": "Maastrichtien", "type": "4", "couleur": "#0D47A1"}}, {"type": "Feature", "geometry": {"type": "Point", "coordinates": [-16.04445, 15.5625]}, "properties": {"nom": "Belel Diop", "nappe": "Maastrichtien", "type": "4", "couleur": "#0D47A1"}}, {"type": "Feature", "geometry": {"type": "Point", "coordinates": [-16.20028, 15.51083]}, "properties": {"nom": "Mbediene Ii", "nappe": "Maastrichtien", "type": "4", "couleur": "#0D47A1"}}, {"type": "Feature", "geometry": {"type": "Point", "coordinates": [-16.20028, 15.51083]}, "properties": {"nom": "Mbediene Ii", "nappe": "Maastrichtien", "type": "4", "couleur": "#0D47A1"}}, {"type": "Feature", "geometry": {"type": "Point", "coordinates": [-16.11806, 15.56778]}, "properties": {"nom": "Keur Mor Anta Ayip", "nappe": "Maastrichtien", "type": "4", "couleur": "#0D47A1"}}, {"type": "Feature", "geometry": {"type": "Point", "coordinates": [-16.07861, 15.4575]}, "properties": {"nom": "Thiare Peulh", "nappe": "Maastrichtien", "type": "4", "couleur": "#0D47A1"}}, {"type": "Feature", "geometry": {"type": "Point", "coordinates": [-16.07861, 15.4575]}, "properties": {"nom": "Thiare Peulh", "nappe": "Maastrichtien", "type": "4", "couleur": "#0D47A1"}}, {"type": "Feature", "geometry": {"type": "Point", "coordinates": [-16.06667, 15.38667]}, "properties": {"nom": "Keur Amadou Yalla", "nappe": "Maastrichtien", "type": "4", "couleur": "#0D47A1"}}, {"type": "Feature", "geometry": {"type": "Point", "coordinates": [-16.06667, 15.38667]}, "properties": {"nom": "Keur Amadou Yalla", "nappe": "Maastrichtien", "type": "4", "couleur": "#0D47A1"}}, {"type": "Feature", "geometry": {"type": "Point", "coordinates": [-16.12667, 15.62333]}, "properties": {"nom": "Tamine Lo", "nappe": "Maastrichtien", "type": "4", "couleur": "#0D47A1"}}, {"type": "Feature", "geometry": {"type": "Point", "coordinates": [-16.32195, 15.46056]}, "properties": {"nom": "Nayobe", "nappe": "Maastrichtien", "type": "4", "couleur": "#0D47A1"}}, {"type": "Feature", "geometry": {"type": "Point", "coordinates": [-16.32195, 15.46056]}, "properties": {"nom": "Nayobe", "nappe": "Maastrichtien", "type": "4", "couleur": "#0D47A1"}}, {"type": "Feature", "geometry": {"type": "Point", "coordinates": [-16.07778, 15.41639]}, "properties": {"nom": "Ndiagne", "nappe": "Maastrichtien", "type": "4", "couleur": "#0D47A1"}}, {"type": "Feature", "geometry": {"type": "Point", "coordinates": [-16.07778, 15.41639]}, "properties": {"nom": "Ndiagne", "nappe": "Maastrichtien", "type": "4", "couleur": "#0D47A1"}}, {"type": "Feature", "geometry": {"type": "Point", "coordinates": [-16.84167, 15.10833]}, "properties": {"nom": "Darou Khoudoss", "nappe": "Maastrichtien", "type": "4", "couleur": "#0D47A1"}}, {"type": "Feature", "geometry": {"type": "Point", "coordinates": [-16.84028, 15.10833]}, "properties": {"nom": "Darou Khoudoss", "nappe": "Maastrichtien", "type": "4", "couleur": "#0D47A1"}}, {"type": "Feature", "geometry": {"type": "Point", "coordinates": [-16.84028, 15.10833]}, "properties": {"nom": "Darou Khoudoss", "nappe": "Maastrichtien", "type": "4", "couleur": "#0D47A1"}}, {"type": "Feature", "geometry": {"type": "Point", "coordinates": [-16.83333, 15.11667]}, "properties": {"nom": "Darou Khoudoss", "nappe": "Maastrichtien", "type": "4", "couleur": "#0D47A1"}}, {"type": "Feature", "geometry": {"type": "Point", "coordinates": [-16.85083, 15.09806]}, "properties": {"nom": "Darou Khoudoss", "nappe": "Maastrichtien", "type": "4", "couleur": "#0D47A1"}}, {"type": "Feature", "geometry": {"type": "Point", "coordinates": [-16.855, 15.09167]}, "properties": {"nom": "Darou Khoudoss", "nappe": "Maastrichtien", "type": "4", "couleur": "#0D47A1"}}, {"type": "Feature", "geometry": {"type": "Point", "coordinates": [-16.89028, 15.1375]}, "properties": {"nom": "Mboro Mbaye Mbaye", "nappe": "Maastrichtien", "type": "4", "couleur": "#0D47A1"}}, {"type": "Feature", "geometry": {"type": "Point", "coordinates": [-16.88667, 15.04139]}, "properties": {"nom": "Taiba Ndiaye", "nappe": "Maastrichtien", "type": "4", "couleur": "#0D47A1"}}, {"type": "Feature", "geometry": {"type": "Point", "coordinates": [-16.875, 15.03889]}, "properties": {"nom": "Taiba F1", "nappe": "Maastrichtien", "type": "4", "couleur": "#0D47A1"}}, {"type": "Feature", "geometry": {"type": "Point", "coordinates": [-16.69444, 15.01389]}, "properties": {"nom": "Ngomene", "nappe": "Maastrichtien", "type": "4", "couleur": "#0D47A1"}}, {"type": "Feature", "geometry": {"type": "Point", "coordinates": [-16.76111, 15.07778]}, "properties": {"nom": "Meouane", "nappe": "Maastrichtien", "type": "4", "couleur": "#0D47A1"}}, {"type": "Feature", "geometry": {"type": "Point", "coordinates": [-16.89167, 15.15139]}, "properties": {"nom": "Mboro", "nappe": "Maastrichtien", "type": "4", "couleur": "#0D47A1"}}, {"type": "Feature", "geometry": {"type": "Point", "coordinates": [-16.625, 15.10833]}, "properties": {"nom": "Mekhe", "nappe": "Maastrichtien", "type": "4", "couleur": "#0D47A1"}}, {"type": "Feature", "geometry": {"type": "Point", "coordinates": [-16.6375, 15.01667]}, "properties": {"nom": "Diack Sao", "nappe": "Maastrichtien", "type": "4", "couleur": "#0D47A1"}}, {"type": "Feature", "geometry": {"type": "Point", "coordinates": [-16.44167, 15.21111]}, "properties": {"nom": "Merina Diop I", "nappe": "Maastrichtien", "type": "4", "couleur": "#0D47A1"}}, {"type": "Feature", "geometry": {"type": "Point", "coordinates": [-16.55, 15.1]}, "properties": {"nom": "Merina Dakhar", "nappe": "Maastrichtien", "type": "4", "couleur": "#0D47A1"}}, {"type": "Feature", "geometry": {"type": "Point", "coordinates": [-16.0425, 15.03778]}, "properties": {"nom": "Darou Mousti 1", "nappe": "Maastrichtien", "type": "4", "couleur": "#0D47A1"}}, {"type": "Feature", "geometry": {"type": "Point", "coordinates": [-16.00945, 15.25722]}, "properties": {"nom": "Touba Merina", "nappe": "Maastrichtien", "type": "4", "couleur": "#0D47A1"}}, {"type": "Feature", "geometry": {"type": "Point", "coordinates": [-16.17528, 15.27944]}, "properties": {"nom": "Sagatta", "nappe": "Maastrichtien", "type": "4", "couleur": "#0D47A1"}}, {"type": "Feature", "geometry": {"type": "Point", "coordinates": [-16.06389, 15.19167]}, "properties": {"nom": "Taicir", "nappe": "Maastrichtien", "type": "4", "couleur": "#0D47A1"}}, {"type": "Feature", "geometry": {"type": "Point", "coordinates": [-16.17778, 15.08194]}, "properties": {"nom": "K.Matar Binta Ouolof", "nappe": "Maastrichtien", "type": "4", "couleur": "#0D47A1"}}, {"type": "Feature", "geometry": {"type": "Point", "coordinates": [-16.11667, 15.04861]}, "properties": {"nom": "Darou Diop I", "nappe": "Maastrichtien", "type": "4", "couleur": "#0D47A1"}}, {"type": "Feature", "geometry": {"type": "Point", "coordinates": [-16.14944, 15.05917]}, "properties": {"nom": "Fass Toure", "nappe": "Maastrichtien", "type": "4", "couleur": "#0D47A1"}}, {"type": "Feature", "geometry": {"type": "Point", "coordinates": [-16.19722, 15.11389]}, "properties": {"nom": "Mbacke Kadior", "nappe": "Maastrichtien", "type": "4", "couleur": "#0D47A1"}}, {"type": "Feature", "geometry": {"type": "Point", "coordinates": [-16.17639, 15.13056]}, "properties": {"nom": "Merina Diop I", "nappe": "Maastrichtien", "type": "4", "couleur": "#0D47A1"}}, {"type": "Feature", "geometry": {"type": "Point", "coordinates": [-16.04167, 15.03889]}, "properties": {"nom": "Darou Mousti 2", "nappe": "Maastrichtien", "type": "4", "couleur": "#0D47A1"}}, {"type": "Feature", "geometry": {"type": "Point", "coordinates": [-16.05, 15.03889]}, "properties": {"nom": "Darou Mousty", "nappe": "Maastrichtien", "type": "4", "couleur": "#0D47A1"}}, {"type": "Feature", "geometry": {"type": "Point", "coordinates": [-16.00945, 15.25722]}, "properties": {"nom": "Touba Merina", "nappe": "Maastrichtien", "type": "4", "couleur": "#0D47A1"}}, {"type": "Feature", "geometry": {"type": "Point", "coordinates": [-16.06389, 15.29889]}, "properties": {"nom": "Sar Sara", "nappe": "Maastrichtien", "type": "4", "couleur": "#0D47A1"}}, {"type": "Feature", "geometry": {"type": "Point", "coordinates": [-15.89722, 15.69722]}, "properties": {"nom": "Keur Balla Seye", "nappe": "Maastrichtien", "type": "4", "couleur": "#0D47A1"}}, {"type": "Feature", "geometry": {"type": "Point", "coordinates": [-15.89722, 15.69722]}, "properties": {"nom": "Keur Balla Seye", "nappe": "Maastrichtien", "type": "4", "couleur": "#0D47A1"}}, {"type": "Feature", "geometry": {"type": "Point", "coordinates": [-15.95417, 15.67639]}, "properties": {"nom": "Keur Ndiouga Sarr", "nappe": "Maastrichtien", "type": "4", "couleur": "#0D47A1"}}, {"type": "Feature", "geometry": {"type": "Point", "coordinates": [-15.91944, 15.94694]}, "properties": {"nom": "Lobodou", "nappe": "Maastrichtien", "type": "4", "couleur": "#0D47A1"}}, {"type": "Feature", "geometry": {"type": "Point", "coordinates": [-15.55833, 15.76389]}, "properties": {"nom": "Kothiedie Ayre", "nappe": "Maastrichtien", "type": "4", "couleur": "#0D47A1"}}, {"type": "Feature", "geometry": {"type": "Point", "coordinates": [-15.5, 15.95417]}, "properties": {"nom": "Boki Dive (Bisnabe)", "nappe": "Maastrichtien", "type": "4", "couleur": "#0D47A1"}}, {"type": "Feature", "geometry": {"type": "Point", "coordinates": [-15.42778, 15.67778]}, "properties": {"nom": "Mboula Mbenguene", "nappe": "Maastrichtien", "type": "4", "couleur": "#0D47A1"}}, {"type": "Feature", "geometry": {"type": "Point", "coordinates": [-15.49861, 15.97028]}, "properties": {"nom": "Bisnabe Bokidive", "nappe": "Maastrichtien", "type": "4", "couleur": "#0D47A1"}}, {"type": "Feature", "geometry": {"type": "Point", "coordinates": [-15.55556, 15.67778]}, "properties": {"nom": "Mbeyene Nguene", "nappe": "Maastrichtien", "type": "4", "couleur": "#0D47A1"}}, {"type": "Feature", "geometry": {"type": "Point", "coordinates": [-15.55556, 15.67778]}, "properties": {"nom": "Mbeyene Nguene", "nappe": "Maastrichtien", "type": "4", "couleur": "#0D47A1"}}, {"type": "Feature", "geometry": {"type": "Point", "coordinates": [-15.41667, 15.66778]}, "properties": {"nom": "Mboynane Nianguene", "nappe": "Maastrichtien", "type": "4", "couleur": "#0D47A1"}}, {"type": "Feature", "geometry": {"type": "Point", "coordinates": [-15.33056, 15.99722]}, "properties": {"nom": "Vindo Thiengoly", "nappe": "Maastrichtien", "type": "4", "couleur": "#0D47A1"}}, {"type": "Feature", "geometry": {"type": "Point", "coordinates": [-15.06056, 15.85667]}, "properties": {"nom": "Tessekere Ouolof", "nappe": "Maastrichtien", "type": "4", "couleur": "#0D47A1"}}, {"type": "Feature", "geometry": {"type": "Point", "coordinates": [-15.2775, 15.73639]}, "properties": {"nom": "Amaly Maures", "nappe": "Maastrichtien", "type": "4", "couleur": "#0D47A1"}}, {"type": "Feature", "geometry": {"type": "Point", "coordinates": [-15.2775, 15.73639]}, "properties": {"nom": "Amaly Maures", "nappe": "Maastrichtien", "type": "4", "couleur": "#0D47A1"}}, {"type": "Feature", "geometry": {"type": "Point", "coordinates": [-15.78111, 15.43917]}, "properties": {"nom": "Moukh Moukh", "nappe": "Maastrichtien", "type": "4", "couleur": "#0D47A1"}}, {"type": "Feature", "geometry": {"type": "Point", "coordinates": [-15.78111, 15.43917]}, "properties": {"nom": "Moukh Moukh", "nappe": "Maastrichtien", "type": "4", "couleur": "#0D47A1"}}, {"type": "Feature", "geometry": {"type": "Point", "coordinates": [-15.87556, 15.49056]}, "properties": {"nom": "Thiamene", "nappe": "Maastrichtien", "type": "4", "couleur": "#0D47A1"}}, {"type": "Feature", "geometry": {"type": "Point", "coordinates": [-15.83333, 15.58056]}, "properties": {"nom": "Gande", "nappe": "Maastrichtien", "type": "4", "couleur": "#0D47A1"}}, {"type": "Feature", "geometry": {"type": "Point", "coordinates": [-15.9875, 15.50833]}, "properties": {"nom": "Coki Escale", "nappe": "Maastrichtien", "type": "4", "couleur": "#0D47A1"}}, {"type": "Feature", "geometry": {"type": "Point", "coordinates": [-15.89167, 15.58194]}, "properties": {"nom": "Keur Bassine I", "nappe": "Maastrichtien", "type": "4", "couleur": "#0D47A1"}}, {"type": "Feature", "geometry": {"type": "Point", "coordinates": [-15.94611, 15.40194]}, "properties": {"nom": "Patar Nar", "nappe": "Maastrichtien", "type": "4", "couleur": "#0D47A1"}}, {"type": "Feature", "geometry": {"type": "Point", "coordinates": [-15.94611, 15.40194]}, "properties": {"nom": "Patar Nar", "nappe": "Maastrichtien", "type": "4", "couleur": "#0D47A1"}}, {"type": "Feature", "geometry": {"type": "Point", "coordinates": [-15.98306, 15.34611]}, "properties": {"nom": "Touba Belel", "nappe": "Maastrichtien", "type": "4", "couleur": "#0D47A1"}}, {"type": "Feature", "geometry": {"type": "Point", "coordinates": [-15.925, 15.41667]}, "properties": {"nom": "Maka Toure (Darou Ndiaye)", "nappe": "Maastrichtien", "type": "4", "couleur": "#0D47A1"}}, {"type": "Feature", "geometry": {"type": "Point", "coordinates": [-15.66694, 15.55]}, "properties": {"nom": "Thieyene", "nappe": "Maastrichtien", "type": "4", "couleur": "#0D47A1"}}, {"type": "Feature", "geometry": {"type": "Point", "coordinates": [-15.93333, 15.48472]}, "properties": {"nom": "Tawfekh", "nappe": "Maastrichtien", "type": "4", "couleur": "#0D47A1"}}, {"type": "Feature", "geometry": {"type": "Point", "coordinates": [-15.83778, 15.57778]}, "properties": {"nom": "Gande", "nappe": "Maastrichtien", "type": "4", "couleur": "#0D47A1"}}, {"type": "Feature", "geometry": {"type": "Point", "coordinates": [-15.83778, 15.57778]}, "properties": {"nom": "Gande", "nappe": "Maastrichtien", "type": "4", "couleur": "#0D47A1"}}, {"type": "Feature", "geometry": {"type": "Point", "coordinates": [-15.99056, 15.64667]}, "properties": {"nom": "Pete Ouarack", "nappe": "Maastrichtien", "type": "4", "couleur": "#0D47A1"}}, {"type": "Feature", "geometry": {"type": "Point", "coordinates": [-15.82, 15.44333]}, "properties": {"nom": "Sanghe", "nappe": "Maastrichtien", "type": "4", "couleur": "#0D47A1"}}, {"type": "Feature", "geometry": {"type": "Point", "coordinates": [-15.9125, 15.455]}, "properties": {"nom": "Touba Ndiaye", "nappe": "Maastrichtien", "type": "4", "couleur": "#0D47A1"}}, {"type": "Feature", "geometry": {"type": "Point", "coordinates": [-15.89528, 15.57194]}, "properties": {"nom": "Thiamene", "nappe": "Maastrichtien", "type": "4", "couleur": "#0D47A1"}}, {"type": "Feature", "geometry": {"type": "Point", "coordinates": [-16.00333, 15.5175]}, "properties": {"nom": "Koki Escale", "nappe": "Maastrichtien", "type": "4", "couleur": "#0D47A1"}}, {"type": "Feature", "geometry": {"type": "Point", "coordinates": [-15.91278, 15.65833]}, "properties": {"nom": "Louguere Wande", "nappe": "Maastrichtien", "type": "4", "couleur": "#0D47A1"}}, {"type": "Feature", "geometry": {"type": "Point", "coordinates": [-15.91278, 15.65833]}, "properties": {"nom": "Louguere Wande", "nappe": "Maastrichtien", "type": "4", "couleur": "#0D47A1"}}, {"type": "Feature", "geometry": {"type": "Point", "coordinates": [-15.88056, 15.49444]}, "properties": {"nom": "Mbacke Barry", "nappe": "Maastrichtien", "type": "4", "couleur": "#0D47A1"}}, {"type": "Feature", "geometry": {"type": "Point", "coordinates": [-15.94444, 15.53333]}, "properties": {"nom": "Ndalla Avene", "nappe": "Maastrichtien", "type": "4", "couleur": "#0D47A1"}}, {"type": "Feature", "geometry": {"type": "Point", "coordinates": [-15.87861, 15.475]}, "properties": {"nom": "Thiamene", "nappe": "Maastrichtien", "type": "4", "couleur": "#0D47A1"}}, {"type": "Feature", "geometry": {"type": "Point", "coordinates": [-15.475, 15.36]}, "properties": {"nom": "Dahra", "nappe": "Maastrichtien", "type": "4", "couleur": "#0D47A1"}}, {"type": "Feature", "geometry": {"type": "Point", "coordinates": [-15.66028, 15.39861]}, "properties": {"nom": "Boulal Ouolof", "nappe": "Maastrichtien", "type": "4", "couleur": "#0D47A1"}}, {"type": "Feature", "geometry": {"type": "Point", "coordinates": [-15.35083, 15.64722]}, "properties": {"nom": "Mbeuleukhe", "nappe": "Maastrichtien", "type": "4", "couleur": "#0D47A1"}}, {"type": "Feature", "geometry": {"type": "Point", "coordinates": [-15.46667, 15.35139]}, "properties": {"nom": "Dahra(Diery Birane)", "nappe": "Maastrichtien", "type": "4", "couleur": "#0D47A1"}}, {"type": "Feature", "geometry": {"type": "Point", "coordinates": [-15.43222, 15.53639]}, "properties": {"nom": "Kambe", "nappe": "Maastrichtien", "type": "4", "couleur": "#0D47A1"}}, {"type": "Feature", "geometry": {"type": "Point", "coordinates": [-15.38333, 15.65278]}, "properties": {"nom": "Mboyenane Ndiayene", "nappe": "Maastrichtien", "type": "4", "couleur": "#0D47A1"}}, {"type": "Feature", "geometry": {"type": "Point", "coordinates": [-15.53056, 15.55556]}, "properties": {"nom": "Mouye", "nappe": "Maastrichtien", "type": "4", "couleur": "#0D47A1"}}, {"type": "Feature", "geometry": {"type": "Point", "coordinates": [-15.35, 15.58333]}, "properties": {"nom": "Yang Yang", "nappe": "Maastrichtien", "type": "4", "couleur": "#0D47A1"}}, {"type": "Feature", "geometry": {"type": "Point", "coordinates": [-15.35, 15.58333]}, "properties": {"nom": "Yang Yang", "nappe": "Maastrichtien", "type": "4", "couleur": "#0D47A1"}}, {"type": "Feature", "geometry": {"type": "Point", "coordinates": [-15.35, 15.47917]}, "properties": {"nom": "Ndodj Ndiarno", "nappe": "Maastrichtien", "type": "4", "couleur": "#0D47A1"}}, {"type": "Feature", "geometry": {"type": "Point", "coordinates": [-15.47167, 15.36583]}, "properties": {"nom": "Dahra", "nappe": "Maastrichtien", "type": "4", "couleur": "#0D47A1"}}, {"type": "Feature", "geometry": {"type": "Point", "coordinates": [-15.56278, 15.51056]}, "properties": {"nom": "Mbayene Thiasde", "nappe": "Maastrichtien", "type": "4", "couleur": "#0D47A1"}}, {"type": "Feature", "geometry": {"type": "Point", "coordinates": [-15.35, 15.64722]}, "properties": {"nom": "Mbeuleukhe", "nappe": "Maastrichtien", "type": "4", "couleur": "#0D47A1"}}, {"type": "Feature", "geometry": {"type": "Point", "coordinates": [-15.35, 15.64722]}, "properties": {"nom": "Mbeuleukhe", "nappe": "Maastrichtien", "type": "4", "couleur": "#0D47A1"}}, {"type": "Feature", "geometry": {"type": "Point", "coordinates": [-15.53333, 15.56472]}, "properties": {"nom": "Mouye", "nappe": "Maastrichtien", "type": "4", "couleur": "#0D47A1"}}, {"type": "Feature", "geometry": {"type": "Point", "coordinates": [-15.11944, 15.40194]}, "properties": {"nom": "Linguere", "nappe": "Maastrichtien", "type": "4", "couleur": "#0D47A1"}}, {"type": "Feature", "geometry": {"type": "Point", "coordinates": [-15.12528, 15.60028]}, "properties": {"nom": "Loumbi Dek Do", "nappe": "Maastrichtien", "type": "4", "couleur": "#0D47A1"}}, {"type": "Feature", "geometry": {"type": "Point", "coordinates": [-15.2375, 15.385]}, "properties": {"nom": "Warkhokh Farba", "nappe": "Maastrichtien", "type": "4", "couleur": "#0D47A1"}}, {"type": "Feature", "geometry": {"type": "Point", "coordinates": [-15.4275, 15.13167]}, "properties": {"nom": "Affe Ouolof", "nappe": "Maastrichtien", "type": "4", "couleur": "#0D47A1"}}, {"type": "Feature", "geometry": {"type": "Point", "coordinates": [-15.52417, 15.17111]}, "properties": {"nom": "Sine", "nappe": "Maastrichtien", "type": "4", "couleur": "#0D47A1"}}, {"type": "Feature", "geometry": {"type": "Point", "coordinates": [-15.52417, 15.17111]}, "properties": {"nom": "Sine", "nappe": "Maastrichtien", "type": "4", "couleur": "#0D47A1"}}, {"type": "Feature", "geometry": {"type": "Point", "coordinates": [-15.55472, 15.22278]}, "properties": {"nom": "Sagatta", "nappe": "Maastrichtien", "type": "4", "couleur": "#0D47A1"}}, {"type": "Feature", "geometry": {"type": "Point", "coordinates": [-15.64611, 15.14556]}, "properties": {"nom": "Vandou Loumbal", "nappe": "Maastrichtien", "type": "4", "couleur": "#0D47A1"}}, {"type": "Feature", "geometry": {"type": "Point", "coordinates": [-15.64611, 15.14556]}, "properties": {"nom": "Vandou Loumbal", "nappe": "Maastrichtien", "type": "4", "couleur": "#0D47A1"}}, {"type": "Feature", "geometry": {"type": "Point", "coordinates": [-15.61944, 15.16528]}, "properties": {"nom": "Mbacke Djolof", "nappe": "Maastrichtien", "type": "4", "couleur": "#0D47A1"}}, {"type": "Feature", "geometry": {"type": "Point", "coordinates": [-15.53333, 15.33333]}, "properties": {"nom": "Melakh", "nappe": "Maastrichtien", "type": "4", "couleur": "#0D47A1"}}, {"type": "Feature", "geometry": {"type": "Point", "coordinates": [-15.43333, 15.25]}, "properties": {"nom": "Touba Ngayene(Ngayene)", "nappe": "Maastrichtien", "type": "4", "couleur": "#0D47A1"}}, {"type": "Feature", "geometry": {"type": "Point", "coordinates": [-15.13972, 15.15111]}, "properties": {"nom": "Linde Peulh", "nappe": "Maastrichtien", "type": "4", "couleur": "#0D47A1"}}, {"type": "Feature", "geometry": {"type": "Point", "coordinates": [-15.13972, 15.15111]}, "properties": {"nom": "Linde Peulh", "nappe": "Maastrichtien", "type": "4", "couleur": "#0D47A1"}}, {"type": "Feature", "geometry": {"type": "Point", "coordinates": [-15.07833, 15.27]}, "properties": {"nom": "Wendou Seno I", "nappe": "Maastrichtien", "type": "4", "couleur": "#0D47A1"}}, {"type": "Feature", "geometry": {"type": "Point", "coordinates": [-15.18583, 15.28667]}, "properties": {"nom": "Thiargny", "nappe": "Maastrichtien", "type": "4", "couleur": "#0D47A1"}}, {"type": "Feature", "geometry": {"type": "Point", "coordinates": [-15.26389, 15.12083]}, "properties": {"nom": "Lol Lol", "nappe": "Maastrichtien", "type": "4", "couleur": "#0D47A1"}}, {"type": "Feature", "geometry": {"type": "Point", "coordinates": [-15.26389, 15.12083]}, "properties": {"nom": "Lol Lol", "nappe": "Maastrichtien", "type": "4", "couleur": "#0D47A1"}}, {"type": "Feature", "geometry": {"type": "Point", "coordinates": [-15.16667, 15.28889]}, "properties": {"nom": "Khogue Tobene", "nappe": "Maastrichtien", "type": "4", "couleur": "#0D47A1"}}, {"type": "Feature", "geometry": {"type": "Point", "coordinates": [-14.80278, 15.83056]}, "properties": {"nom": "Labgar Wolof", "nappe": "Maastrichtien", "type": "4", "couleur": "#0D47A1"}}, {"type": "Feature", "geometry": {"type": "Point", "coordinates": [-14.86389, 15.92222]}, "properties": {"nom": "Tethierle Ndavedji (Yoli)", "nappe": "Maastrichtien", "type": "4", "couleur": "#0D47A1"}}, {"type": "Feature", "geometry": {"type": "Point", "coordinates": [-14.81806, 15.83333]}, "properties": {"nom": "Labgar F2", "nappe": "Maastrichtien", "type": "4", "couleur": "#0D47A1"}}, {"type": "Feature", "geometry": {"type": "Point", "coordinates": [-14.51667, 15.77639]}, "properties": {"nom": "Badagor", "nappe": "Maastrichtien", "type": "4", "couleur": "#0D47A1"}}, {"type": "Feature", "geometry": {"type": "Point", "coordinates": [-14.40861, 15.94139]}, "properties": {"nom": "Bamwamy (Gonkol)", "nappe": "Maastrichtien", "type": "4", "couleur": "#0D47A1"}}, {"type": "Feature", "geometry": {"type": "Point", "coordinates": [-14.65694, 15.84028]}, "properties": {"nom": "Loumbol Djiby I", "nappe": "Maastrichtien", "type": "4", "couleur": "#0D47A1"}}, {"type": "Feature", "geometry": {"type": "Point", "coordinates": [-14.43722, 15.73194]}, "properties": {"nom": "Louguere Mbaba", "nappe": "Maastrichtien", "type": "4", "couleur": "#0D47A1"}}, {"type": "Feature", "geometry": {"type": "Point", "coordinates": [-14.56111, 15.86944]}, "properties": {"nom": "Bavde Toudourle", "nappe": "Maastrichtien", "type": "4", "couleur": "#0D47A1"}}, {"type": "Feature", "geometry": {"type": "Point", "coordinates": [-14.32222, 15.87222]}, "properties": {"nom": "Gaye Kadar", "nappe": "Maastrichtien", "type": "4", "couleur": "#0D47A1"}}, {"type": "Feature", "geometry": {"type": "Point", "coordinates": [-14.17778, 15.68472]}, "properties": {"nom": "Thiam Thilbe", "nappe": "Maastrichtien", "type": "4", "couleur": "#0D47A1"}}, {"type": "Feature", "geometry": {"type": "Point", "coordinates": [-14.16528, 15.78611]}, "properties": {"nom": "Guirvasse", "nappe": "Maastrichtien", "type": "4", "couleur": "#0D47A1"}}, {"type": "Feature", "geometry": {"type": "Point", "coordinates": [-14.16611, 15.88944]}, "properties": {"nom": "Kara Voyndou", "nappe": "Maastrichtien", "type": "4", "couleur": "#0D47A1"}}, {"type": "Feature", "geometry": {"type": "Point", "coordinates": [-14.32778, 15.74583]}, "properties": {"nom": "Yawalde Irlabe", "nappe": "Maastrichtien", "type": "4", "couleur": "#0D47A1"}}, {"type": "Feature", "geometry": {"type": "Point", "coordinates": [-14.31667, 15.75]}, "properties": {"nom": "Yaoualde Dialoube", "nappe": "Maastrichtien", "type": "4", "couleur": "#0D47A1"}}, {"type": "Feature", "geometry": {"type": "Point", "coordinates": [-14.08333, 15.7]}, "properties": {"nom": "Belel Tiodo", "nappe": "Maastrichtien", "type": "4", "couleur": "#0D47A1"}}, {"type": "Feature", "geometry": {"type": "Point", "coordinates": [-14.16389, 15.7875]}, "properties": {"nom": "Guirvasse", "nappe": "Maastrichtien", "type": "4", "couleur": "#0D47A1"}}, {"type": "Feature", "geometry": {"type": "Point", "coordinates": [-14.16667, 15.89444]}, "properties": {"nom": "Pete C", "nappe": "Maastrichtien", "type": "4", "couleur": "#0D47A1"}}, {"type": "Feature", "geometry": {"type": "Point", "coordinates": [-14.95, 15.53333]}, "properties": {"nom": "Dodji Ouolof", "nappe": "Maastrichtien", "type": "4", "couleur": "#0D47A1"}}, {"type": "Feature", "geometry": {"type": "Point", "coordinates": [-14.64778, 15.57083]}, "properties": {"nom": "Lougre Thioly Diallo", "nappe": "Maastrichtien", "type": "4", "couleur": "#0D47A1"}}, {"type": "Feature", "geometry": {"type": "Point", "coordinates": [-14.39722, 15.625]}, "properties": {"nom": "Ndiayene Peulh", "nappe": "Maastrichtien", "type": "4", "couleur": "#0D47A1"}}, {"type": "Feature", "geometry": {"type": "Point", "coordinates": [-14.1025, 15.385]}, "properties": {"nom": "Revane", "nappe": "Maastrichtien", "type": "4", "couleur": "#0D47A1"}}, {"type": "Feature", "geometry": {"type": "Point", "coordinates": [-14.0875, 15.475]}, "properties": {"nom": "Katane", "nappe": "Maastrichtien", "type": "4", "couleur": "#0D47A1"}}, {"type": "Feature", "geometry": {"type": "Point", "coordinates": [-14.26111, 15.41806]}, "properties": {"nom": "Guelougal", "nappe": "Maastrichtien", "type": "4", "couleur": "#0D47A1"}}, {"type": "Feature", "geometry": {"type": "Point", "coordinates": [-14.23194, 15.65]}, "properties": {"nom": "Boki Yalalbe", "nappe": "Maastrichtien", "type": "4", "couleur": "#0D47A1"}}, {"type": "Feature", "geometry": {"type": "Point", "coordinates": [-14.33056, 15.64722]}, "properties": {"nom": "Tialambol", "nappe": "Maastrichtien", "type": "4", "couleur": "#0D47A1"}}, {"type": "Feature", "geometry": {"type": "Point", "coordinates": [-14.87083, 15.28111]}, "properties": {"nom": "Barkedji Ouolof", "nappe": "Maastrichtien", "type": "4", "couleur": "#0D47A1"}}, {"type": "Feature", "geometry": {"type": "Point", "coordinates": [-14.66917, 15.2775]}, "properties": {"nom": "Diagueli", "nappe": "Maastrichtien", "type": "4", "couleur": "#0D47A1"}}, {"type": "Feature", "geometry": {"type": "Point", "coordinates": [-14.67917, 15.00083]}, "properties": {"nom": "Velingara Ouolof", "nappe": "Maastrichtien", "type": "4", "couleur": "#0D47A1"}}, {"type": "Feature", "geometry": {"type": "Point", "coordinates": [-14.73556, 15.16056]}, "properties": {"nom": "Boki Samaly", "nappe": "Maastrichtien", "type": "4", "couleur": "#0D47A1"}}, {"type": "Feature", "geometry": {"type": "Point", "coordinates": [-14.66944, 15.27778]}, "properties": {"nom": "Diagali", "nappe": "Maastrichtien", "type": "4", "couleur": "#0D47A1"}}, {"type": "Feature", "geometry": {"type": "Point", "coordinates": [-14.73528, 15.16056]}, "properties": {"nom": "Samaly", "nappe": "Maastrichtien", "type": "4", "couleur": "#0D47A1"}}, {"type": "Feature", "geometry": {"type": "Point", "coordinates": [-14.68333, 15.0]}, "properties": {"nom": "Velingara", "nappe": "Maastrichtien", "type": "4", "couleur": "#0D47A1"}}, {"type": "Feature", "geometry": {"type": "Point", "coordinates": [-14.69083, 15.29972]}, "properties": {"nom": "Darou Salam", "nappe": "Maastrichtien", "type": "4", "couleur": "#0D47A1"}}, {"type": "Feature", "geometry": {"type": "Point", "coordinates": [-14.44278, 15.05111]}, "properties": {"nom": "Naoure", "nappe": "Maastrichtien", "type": "4", "couleur": "#0D47A1"}}, {"type": "Feature", "geometry": {"type": "Point", "coordinates": [-14.4625, 15.26889]}, "properties": {"nom": "Yonofere", "nappe": "Maastrichtien", "type": "4", "couleur": "#0D47A1"}}, {"type": "Feature", "geometry": {"type": "Point", "coordinates": [-14.1575, 15.21611]}, "properties": {"nom": "Fourdou Mbaila", "nappe": "Maastrichtien", "type": "4", "couleur": "#0D47A1"}}, {"type": "Feature", "geometry": {"type": "Point", "coordinates": [-14.04028, 15.275]}, "properties": {"nom": "Dar Salam", "nappe": "Maastrichtien", "type": "4", "couleur": "#0D47A1"}}, {"type": "Feature", "geometry": {"type": "Point", "coordinates": [-14.15, 15.21389]}, "properties": {"nom": "Fourdou Mbaila", "nappe": "Maastrichtien", "type": "4", "couleur": "#0D47A1"}}, {"type": "Feature", "geometry": {"type": "Point", "coordinates": [-13.90694, 15.74306]}, "properties": {"nom": "Loumbi Sandarabe", "nappe": "Maastrichtien", "type": "4", "couleur": "#0D47A1"}}, {"type": "Feature", "geometry": {"type": "Point", "coordinates": [-13.89611, 15.74528]}, "properties": {"nom": "Loumbi Saoudiara", "nappe": "Maastrichtien", "type": "4", "couleur": "#0D47A1"}}, {"type": "Feature", "geometry": {"type": "Point", "coordinates": [-13.66389, 15.99167]}, "properties": {"nom": "Agnam Civol", "nappe": "Maastrichtien", "type": "4", "couleur": "#0D47A1"}}, {"type": "Feature", "geometry": {"type": "Point", "coordinates": [-13.45722, 15.77306]}, "properties": {"nom": "Sedo Sebe", "nappe": "Maastrichtien", "type": "4", "couleur": "#0D47A1"}}, {"type": "Feature", "geometry": {"type": "Point", "coordinates": [-13.58056, 15.88194]}, "properties": {"nom": "Goudoube Ndouetbe", "nappe": "Maastrichtien", "type": "4", "couleur": "#0D47A1"}}, {"type": "Feature", "geometry": {"type": "Point", "coordinates": [-13.495, 15.88278]}, "properties": {"nom": "Bokidiawe Sarakolle", "nappe": "Maastrichtien", "type": "4", "couleur": "#0D47A1"}}, {"type": "Feature", "geometry": {"type": "Point", "coordinates": [-13.495, 15.88278]}, "properties": {"nom": "Bokidiawe Sarakolle", "nappe": "Maastrichtien", "type": "4", "couleur": "#0D47A1"}}, {"type": "Feature", "geometry": {"type": "Point", "coordinates": [-13.51667, 15.92778]}, "properties": {"nom": "Kobilo Diadiabe", "nappe": "Maastrichtien", "type": "4", "couleur": "#0D47A1"}}, {"type": "Feature", "geometry": {"type": "Point", "coordinates": [-13.64667, 15.98917]}, "properties": {"nom": "Agnam Thioulel Thialel", "nappe": "Maastrichtien", "type": "4", "couleur": "#0D47A1"}}, {"type": "Feature", "geometry": {"type": "Point", "coordinates": [-13.66444, 15.76944]}, "properties": {"nom": "Sare Liou", "nappe": "Maastrichtien", "type": "4", "couleur": "#0D47A1"}}, {"type": "Feature", "geometry": {"type": "Point", "coordinates": [-13.66444, 15.76944]}, "properties": {"nom": "Sare Liou", "nappe": "Maastrichtien", "type": "4", "couleur": "#0D47A1"}}, {"type": "Feature", "geometry": {"type": "Point", "coordinates": [-13.355, 15.93639]}, "properties": {"nom": "Nguidjilone Lodiou", "nappe": "Maastrichtien", "type": "4", "couleur": "#0D47A1"}}, {"type": "Feature", "geometry": {"type": "Point", "coordinates": [-13.355, 15.93639]}, "properties": {"nom": "Nguidjilone Lodiou", "nappe": "Maastrichtien", "type": "4", "couleur": "#0D47A1"}}, {"type": "Feature", "geometry": {"type": "Point", "coordinates": [-13.355, 15.93639]}, "properties": {"nom": "Nguidjilone Lodiou", "nappe": "Maastrichtien", "type": "4", "couleur": "#0D47A1"}}, {"type": "Feature", "geometry": {"type": "Point", "coordinates": [-13.39417, 15.7325]}, "properties": {"nom": "Nabadji Civol", "nappe": "Maastrichtien", "type": "4", "couleur": "#0D47A1"}}, {"type": "Feature", "geometry": {"type": "Point", "coordinates": [-13.39417, 15.7325]}, "properties": {"nom": "Nabadji Civol", "nappe": "Maastrichtien", "type": "4", "couleur": "#0D47A1"}}, {"type": "Feature", "geometry": {"type": "Point", "coordinates": [-13.44722, 15.82778]}, "properties": {"nom": "Doumgma Ouro Alpha", "nappe": "Maastrichtien", "type": "4", "couleur": "#0D47A1"}}, {"type": "Feature", "geometry": {"type": "Point", "coordinates": [-13.41444, 15.81361]}, "properties": {"nom": "Ndouloumady Dembe", "nappe": "Maastrichtien", "type": "4", "couleur": "#0D47A1"}}, {"type": "Feature", "geometry": {"type": "Point", "coordinates": [-13.41444, 15.81361]}, "properties": {"nom": "Ndouloumady Dembe", "nappe": "Maastrichtien", "type": "4", "couleur": "#0D47A1"}}, {"type": "Feature", "geometry": {"type": "Point", "coordinates": [-13.47917, 15.76639]}, "properties": {"nom": "Boki Saboudo", "nappe": "Maastrichtien", "type": "4", "couleur": "#0D47A1"}}, {"type": "Feature", "geometry": {"type": "Point", "coordinates": [-13.59722, 15.96111]}, "properties": {"nom": "Thilogne", "nappe": "Maastrichtien", "type": "4", "couleur": "#0D47A1"}}, {"type": "Feature", "geometry": {"type": "Point", "coordinates": [-13.5, 15.8]}, "properties": {"nom": "Kanguel", "nappe": "Maastrichtien", "type": "4", "couleur": "#0D47A1"}}, {"type": "Feature", "geometry": {"type": "Point", "coordinates": [-13.66806, 15.58611]}, "properties": {"nom": "Guia", "nappe": "Maastrichtien", "type": "4", "couleur": "#0D47A1"}}, {"type": "Feature", "geometry": {"type": "Point", "coordinates": [-13.53444, 15.39694]}, "properties": {"nom": "Dendoudy", "nappe": "Maastrichtien", "type": "4", "couleur": "#0D47A1"}}, {"type": "Feature", "geometry": {"type": "Point", "coordinates": [-13.53444, 15.39694]}, "properties": {"nom": "Dendoudy", "nappe": "Maastrichtien", "type": "4", "couleur": "#0D47A1"}}, {"type": "Feature", "geometry": {"type": "Point", "coordinates": [-13.40139, 15.66306]}, "properties": {"nom": "Fete Niebe", "nappe": "Maastrichtien", "type": "4", "couleur": "#0D47A1"}}, {"type": "Feature", "geometry": {"type": "Point", "coordinates": [-13.34167, 15.65]}, "properties": {"nom": "Boynadji Sinthiou", "nappe": "Maastrichtien", "type": "4", "couleur": "#0D47A1"}}, {"type": "Feature", "geometry": {"type": "Point", "coordinates": [-13.39722, 15.52639]}, "properties": {"nom": "Danthialy", "nappe": "Maastrichtien", "type": "4", "couleur": "#0D47A1"}}, {"type": "Feature", "geometry": {"type": "Point", "coordinates": [-13.34167, 15.65056]}, "properties": {"nom": "Boynadji Sinthiou", "nappe": "Maastrichtien", "type": "4", "couleur": "#0D47A1"}}, {"type": "Feature", "geometry": {"type": "Point", "coordinates": [-13.36944, 15.56111]}, "properties": {"nom": "Thiancone Boguel", "nappe": "Maastrichtien", "type": "4", "couleur": "#0D47A1"}}, {"type": "Feature", "geometry": {"type": "Point", "coordinates": [-13.36944, 15.56111]}, "properties": {"nom": "Thiancone Boguel", "nappe": "Maastrichtien", "type": "4", "couleur": "#0D47A1"}}, {"type": "Feature", "geometry": {"type": "Point", "coordinates": [-13.33194, 15.51056]}, "properties": {"nom": "Hamarabe", "nappe": "Maastrichtien", "type": "4", "couleur": "#0D47A1"}}, {"type": "Feature", "geometry": {"type": "Point", "coordinates": [-13.33194, 15.51056]}, "properties": {"nom": "Hamarabe", "nappe": "Maastrichtien", "type": "4", "couleur": "#0D47A1"}}, {"type": "Feature", "geometry": {"type": "Point", "coordinates": [-13.365, 15.46944]}, "properties": {"nom": "Bilinaibe Mbaila", "nappe": "Maastrichtien", "type": "4", "couleur": "#0D47A1"}}, {"type": "Feature", "geometry": {"type": "Point", "coordinates": [-13.365, 15.46944]}, "properties": {"nom": "Bilinaibe Mbaila", "nappe": "Maastrichtien", "type": "4", "couleur": "#0D47A1"}}, {"type": "Feature", "geometry": {"type": "Point", "coordinates": [-13.39833, 15.52472]}, "properties": {"nom": "Danthialy", "nappe": "Maastrichtien", "type": "4", "couleur": "#0D47A1"}}, {"type": "Feature", "geometry": {"type": "Point", "coordinates": [-13.39833, 15.52472]}, "properties": {"nom": "Danthialy", "nappe": "Maastrichtien", "type": "4", "couleur": "#0D47A1"}}, {"type": "Feature", "geometry": {"type": "Point", "coordinates": [-13.39306, 15.58889]}, "properties": {"nom": "Thiancone Hiraye", "nappe": "Maastrichtien", "type": "4", "couleur": "#0D47A1"}}, {"type": "Feature", "geometry": {"type": "Point", "coordinates": [-13.39306, 15.58889]}, "properties": {"nom": "Thiancone Hiraye", "nappe": "Maastrichtien", "type": "4", "couleur": "#0D47A1"}}, {"type": "Feature", "geometry": {"type": "Point", "coordinates": [-13.17222, 15.49167]}, "properties": {"nom": "Kanel", "nappe": "Maastrichtien", "type": "4", "couleur": "#0D47A1"}}, {"type": "Feature", "geometry": {"type": "Point", "coordinates": [-13.28389, 15.60778]}, "properties": {"nom": "Ourossogui", "nappe": "Maastrichtien", "type": "4", "couleur": "#0D47A1"}}, {"type": "Feature", "geometry": {"type": "Point", "coordinates": [-13.15278, 15.37778]}, "properties": {"nom": "Seno Palel", "nappe": "Maastrichtien", "type": "4", "couleur": "#0D47A1"}}, {"type": "Feature", "geometry": {"type": "Point", "coordinates": [-13.17778, 15.425]}, "properties": {"nom": "Ouro Sidy", "nappe": "Maastrichtien", "type": "4", "couleur": "#0D47A1"}}, {"type": "Feature", "geometry": {"type": "Point", "coordinates": [-13.27111, 15.50556]}, "properties": {"nom": "Sinthiou Garba Falbe", "nappe": "Maastrichtien", "type": "4", "couleur": "#0D47A1"}}, {"type": "Feature", "geometry": {"type": "Point", "coordinates": [-13.27111, 15.50556]}, "properties": {"nom": "Sinthiou Garba Falbe", "nappe": "Maastrichtien", "type": "4", "couleur": "#0D47A1"}}, {"type": "Feature", "geometry": {"type": "Point", "coordinates": [-13.16944, 15.48972]}, "properties": {"nom": "Kanel", "nappe": "Maastrichtien", "type": "4", "couleur": "#0D47A1"}}, {"type": "Feature", "geometry": {"type": "Point", "coordinates": [-13.2575, 15.65389]}, "properties": {"nom": "Matam F1", "nappe": "Maastrichtien", "type": "4", "couleur": "#0D47A1"}}, {"type": "Feature", "geometry": {"type": "Point", "coordinates": [-13.25472, 15.65389]}, "properties": {"nom": "Matam F1", "nappe": "Maastrichtien", "type": "4", "couleur": "#0D47A1"}}, {"type": "Feature", "geometry": {"type": "Point", "coordinates": [-13.26111, 15.65]}, "properties": {"nom": "Matam F2", "nappe": "Maastrichtien", "type": "4", "couleur": "#0D47A1"}}, {"type": "Feature", "geometry": {"type": "Point", "coordinates": [-13.96306, 15.29861]}, "properties": {"nom": "Ranerou", "nappe": "Maastrichtien", "type": "4", "couleur": "#0D47A1"}}, {"type": "Feature", "geometry": {"type": "Point", "coordinates": [-13.73583, 15.32556]}, "properties": {"nom": "Loumbol", "nappe": "Maastrichtien", "type": "4", "couleur": "#0D47A1"}}, {"type": "Feature", "geometry": {"type": "Point", "coordinates": [-13.975, 15.01667]}, "properties": {"nom": "Thiangol Dendoudi", "nappe": "Maastrichtien", "type": "4", "couleur": "#0D47A1"}}, {"type": "Feature", "geometry": {"type": "Point", "coordinates": [-12.9575, 15.38389]}, "properties": {"nom": "Ganguel Soule", "nappe": "Maastrichtien", "type": "4", "couleur": "#0D47A1"}}, {"type": "Feature", "geometry": {"type": "Point", "coordinates": [-12.9575, 15.38389]}, "properties": {"nom": "Ganguel Soule", "nappe": "Maastrichtien", "type": "4", "couleur": "#0D47A1"}}, {"type": "Feature", "geometry": {"type": "Point", "coordinates": [-12.94917, 15.19583]}, "properties": {"nom": "Semme", "nappe": "Maastrichtien", "type": "4", "couleur": "#0D47A1"}}, {"type": "Feature", "geometry": {"type": "Point", "coordinates": [-12.89889, 15.08361]}, "properties": {"nom": "Dounde", "nappe": "Maastrichtien", "type": "4", "couleur": "#0D47A1"}}, {"type": "Feature", "geometry": {"type": "Point", "coordinates": [-12.95083, 15.14278]}, "properties": {"nom": "Aoure", "nappe": "Maastrichtien", "type": "4", "couleur": "#0D47A1"}}, {"type": "Feature", "geometry": {"type": "Point", "coordinates": [-12.93333, 15.2]}, "properties": {"nom": "Semme", "nappe": "Maastrichtien", "type": "4", "couleur": "#0D47A1"}}, {"type": "Feature", "geometry": {"type": "Point", "coordinates": [-12.98667, 15.23139]}, "properties": {"nom": "Valel", "nappe": "Maastrichtien", "type": "4", "couleur": "#0D47A1"}}, {"type": "Feature", "geometry": {"type": "Point", "coordinates": [-12.74583, 15.01917]}, "properties": {"nom": "Appe Dialombe", "nappe": "Maastrichtien", "type": "4", "couleur": "#0D47A1"}}, {"type": "Feature", "geometry": {"type": "Point", "coordinates": [-12.93833, 15.14583]}, "properties": {"nom": "Aoure", "nappe": "Maastrichtien", "type": "4", "couleur": "#0D47A1"}}, {"type": "Feature", "geometry": {"type": "Point", "coordinates": [-12.5875, 15.05833]}, "properties": {"nom": "Moudery", "nappe": "Maastrichtien", "type": "4", "couleur": "#0D47A1"}}, {"type": "Feature", "geometry": {"type": "Point", "coordinates": [-17.0625, 14.75972]}, "properties": {"nom": "Pout S6", "nappe": "Maastrichtien", "type": "4", "couleur": "#0D47A1"}}, {"type": "Feature", "geometry": {"type": "Point", "coordinates": [-17.0375, 14.67917]}, "properties": {"nom": "Kirene S 5", "nappe": "Maastrichtien", "type": "4", "couleur": "#0D47A1"}}, {"type": "Feature", "geometry": {"type": "Point", "coordinates": [-17.06194, 14.76444]}, "properties": {"nom": "Pout Vieux", "nappe": "Maastrichtien", "type": "4", "couleur": "#0D47A1"}}, {"type": "Feature", "geometry": {"type": "Point", "coordinates": [-17.02695, 14.75333]}, "properties": {"nom": "Pout S 7 Bis", "nappe": "Maastrichtien", "type": "4", "couleur": "#0D47A1"}}, {"type": "Feature", "geometry": {"type": "Point", "coordinates": [-17.02695, 14.75333]}, "properties": {"nom": "Pout S 8", "nappe": "Maastrichtien", "type": "4", "couleur": "#0D47A1"}}, {"type": "Feature", "geometry": {"type": "Point", "coordinates": [-17.13944, 14.74028]}, "properties": {"nom": "Sebikotane F2", "nappe": "Maastrichtien", "type": "4", "couleur": "#0D47A1"}}, {"type": "Feature", "geometry": {"type": "Point", "coordinates": [-17.09306, 14.82222]}, "properties": {"nom": "Keur Matar Gueye", "nappe": "Maastrichtien", "type": "4", "couleur": "#0D47A1"}}, {"type": "Feature", "geometry": {"type": "Point", "coordinates": [-17.11667, 14.8]}, "properties": {"nom": "Keur Guilaye", "nappe": "Maastrichtien", "type": "4", "couleur": "#0D47A1"}}, {"type": "Feature", "geometry": {"type": "Point", "coordinates": [-17.11111, 14.77778]}, "properties": {"nom": "Keur Moussa", "nappe": "Maastrichtien", "type": "4", "couleur": "#0D47A1"}}, {"type": "Feature", "geometry": {"type": "Point", "coordinates": [-17.05278, 14.7675]}, "properties": {"nom": "Touba Pout", "nappe": "Maastrichtien", "type": "4", "couleur": "#0D47A1"}}, {"type": "Feature", "geometry": {"type": "Point", "coordinates": [-17.05056, 14.74444]}, "properties": {"nom": "Gappe", "nappe": "Maastrichtien", "type": "4", "couleur": "#0D47A1"}}, {"type": "Feature", "geometry": {"type": "Point", "coordinates": [-17.01472, 14.7475]}, "properties": {"nom": "Pout Sud F3 Ter", "nappe": "Maastrichtien", "type": "4", "couleur": "#0D47A1"}}, {"type": "Feature", "geometry": {"type": "Point", "coordinates": [-17.05139, 14.74722]}, "properties": {"nom": "Pout Kyrene F9 Bis", "nappe": "Maastrichtien", "type": "4", "couleur": "#0D47A1"}}, {"type": "Feature", "geometry": {"type": "Point", "coordinates": [-17.05417, 14.91389]}, "properties": {"nom": "Thiaye", "nappe": "Maastrichtien", "type": "4", "couleur": "#0D47A1"}}, {"type": "Feature", "geometry": {"type": "Point", "coordinates": [-17.04445, 14.75833]}, "properties": {"nom": "Pout Sud Fp 4", "nappe": "Maastrichtien", "type": "4", "couleur": "#0D47A1"}}, {"type": "Feature", "geometry": {"type": "Point", "coordinates": [-17.01389, 14.81389]}, "properties": {"nom": "Pout Escale", "nappe": "Maastrichtien", "type": "4", "couleur": "#0D47A1"}}, {"type": "Feature", "geometry": {"type": "Point", "coordinates": [-17.01111, 14.83056]}, "properties": {"nom": "Pout Escale", "nappe": "Maastrichtien", "type": "4", "couleur": "#0D47A1"}}, {"type": "Feature", "geometry": {"type": "Point", "coordinates": [-17.03889, 14.76389]}, "properties": {"nom": "Pout Escale", "nappe": "Maastrichtien", "type": "4", "couleur": "#0D47A1"}}, {"type": "Feature", "geometry": {"type": "Point", "coordinates": [-17.01667, 14.73333]}, "properties": {"nom": "Pout Escale", "nappe": "Maastrichtien", "type": "4", "couleur": "#0D47A1"}}, {"type": "Feature", "geometry": {"type": "Point", "coordinates": [-17.01111, 14.86389]}, "properties": {"nom": "Pout Escale Fp 10", "nappe": "Maastrichtien", "type": "4", "couleur": "#0D47A1"}}, {"type": "Feature", "geometry": {"type": "Point", "coordinates": [-17.00972, 14.84722]}, "properties": {"nom": "Pout Escale", "nappe": "Maastrichtien", "type": "4", "couleur": "#0D47A1"}}, {"type": "Feature", "geometry": {"type": "Point", "coordinates": [-17.01111, 14.90556]}, "properties": {"nom": "Pout Escale", "nappe": "Maastrichtien", "type": "4", "couleur": "#0D47A1"}}, {"type": "Feature", "geometry": {"type": "Point", "coordinates": [-17.00556, 14.94167]}, "properties": {"nom": "Pout Escale", "nappe": "Maastrichtien", "type": "4", "couleur": "#0D47A1"}}, {"type": "Feature", "geometry": {"type": "Point", "coordinates": [-17.00139, 14.92361]}, "properties": {"nom": "Pout Escale", "nappe": "Maastrichtien", "type": "4", "couleur": "#0D47A1"}}, {"type": "Feature", "geometry": {"type": "Point", "coordinates": [-17.04445, 14.75833]}, "properties": {"nom": "Pout Escale", "nappe": "Maastrichtien", "type": "4", "couleur": "#0D47A1"}}, {"type": "Feature", "geometry": {"type": "Point", "coordinates": [-17.03611, 14.675]}, "properties": {"nom": "Kirene", "nappe": "Maastrichtien", "type": "4", "couleur": "#0D47A1"}}, {"type": "Feature", "geometry": {"type": "Point", "coordinates": [-17.06389, 14.77361]}, "properties": {"nom": "Pout Pk5", "nappe": "Maastrichtien", "type": "4", "couleur": "#0D47A1"}}, {"type": "Feature", "geometry": {"type": "Point", "coordinates": [-17.13056, 14.76833]}, "properties": {"nom": "Keur Moussa", "nappe": "Maastrichtien", "type": "4", "couleur": "#0D47A1"}}, {"type": "Feature", "geometry": {"type": "Point", "coordinates": [-17.13333, 14.85833]}, "properties": {"nom": "Bayakh F6", "nappe": "Maastrichtien", "type": "4", "couleur": "#0D47A1"}}, {"type": "Feature", "geometry": {"type": "Point", "coordinates": [-17.12444, 14.81194]}, "properties": {"nom": "Keur Sega Wore", "nappe": "Maastrichtien", "type": "4", "couleur": "#0D47A1"}}, {"type": "Feature", "geometry": {"type": "Point", "coordinates": [-17.05139, 14.4875]}, "properties": {"nom": "Nguerigne", "nappe": "Maastrichtien", "type": "4", "couleur": "#0D47A1"}}, {"type": "Feature", "geometry": {"type": "Point", "coordinates": [-17.01111, 14.51389]}, "properties": {"nom": "Nguekhokh F3", "nappe": "Maastrichtien", "type": "4", "couleur": "#0D47A1"}}, {"type": "Feature", "geometry": {"type": "Point", "coordinates": [-17.01111, 14.51389]}, "properties": {"nom": "Nguekhokh F3", "nappe": "Maastrichtien", "type": "4", "couleur": "#0D47A1"}}, {"type": "Feature", "geometry": {"type": "Point", "coordinates": [-17.01667, 14.44306]}, "properties": {"nom": "Saly Portudal", "nappe": "Maastrichtien", "type": "4", "couleur": "#0D47A1"}}, {"type": "Feature", "geometry": {"type": "Point", "coordinates": [-17.03583, 14.46361]}, "properties": {"nom": "Nguerigne", "nappe": "Maastrichtien", "type": "4", "couleur": "#0D47A1"}}, {"type": "Feature", "geometry": {"type": "Point", "coordinates": [-17.03583, 14.46361]}, "properties": {"nom": "Nguerigne", "nappe": "Maastrichtien", "type": "4", "couleur": "#0D47A1"}}, {"type": "Feature", "geometry": {"type": "Point", "coordinates": [-17.00139, 14.43889]}, "properties": {"nom": "Saly Portudal", "nappe": "Maastrichtien", "type": "4", "couleur": "#0D47A1"}}, {"type": "Feature", "geometry": {"type": "Point", "coordinates": [-17.09306, 14.51944]}, "properties": {"nom": "Guereo", "nappe": "Maastrichtien", "type": "4", "couleur": "#0D47A1"}}, {"type": "Feature", "geometry": {"type": "Point", "coordinates": [-17.09306, 14.51944]}, "properties": {"nom": "Guereo", "nappe": "Maastrichtien", "type": "4", "couleur": "#0D47A1"}}, {"type": "Feature", "geometry": {"type": "Point", "coordinates": [-17.12028, 14.56667]}, "properties": {"nom": "Ndayane", "nappe": "Maastrichtien", "type": "4", "couleur": "#0D47A1"}}, {"type": "Feature", "geometry": {"type": "Point", "coordinates": [-17.10417, 14.55833]}, "properties": {"nom": "Poponguine", "nappe": "Maastrichtien", "type": "4", "couleur": "#0D47A1"}}, {"type": "Feature", "geometry": {"type": "Point", "coordinates": [-17.1, 14.5625]}, "properties": {"nom": "Poponguine F4", "nappe": "Maastrichtien", "type": "4", "couleur": "#0D47A1"}}, {"type": "Feature", "geometry": {"type": "Point", "coordinates": [-17.09417, 14.60778]}, "properties": {"nom": "Samkedj", "nappe": "Maastrichtien", "type": "4", "couleur": "#0D47A1"}}, {"type": "Feature", "geometry": {"type": "Point", "coordinates": [-17.1, 14.55972]}, "properties": {"nom": "Poponguine", "nappe": "Maastrichtien", "type": "4", "couleur": "#0D47A1"}}, {"type": "Feature", "geometry": {"type": "Point", "coordinates": [-17.08333, 14.63333]}, "properties": {"nom": "Ndiass", "nappe": "Maastrichtien", "type": "4", "couleur": "#0D47A1"}}, {"type": "Feature", "geometry": {"type": "Point", "coordinates": [-17.08333, 14.63333]}, "properties": {"nom": "Ndiass", "nappe": "Maastrichtien", "type": "4", "couleur": "#0D47A1"}}, {"type": "Feature", "geometry": {"type": "Point", "coordinates": [-17.07778, 14.48056]}, "properties": {"nom": "Somone", "nappe": "Maastrichtien", "type": "4", "couleur": "#0D47A1"}}, {"type": "Feature", "geometry": {"type": "Point", "coordinates": [-17.03333, 14.58306]}, "properties": {"nom": "Sindia", "nappe": "Maastrichtien", "type": "4", "couleur": "#0D47A1"}}, {"type": "Feature", "geometry": {"type": "Point", "coordinates": [-17.00583, 14.55944]}, "properties": {"nom": "Parc De Bandia  M", "nappe": "Maastrichtien", "type": "4", "couleur": "#0D47A1"}}, {"type": "Feature", "geometry": {"type": "Point", "coordinates": [-16.93056, 14.80556]}, "properties": {"nom": "Thies", "nappe": "Maastrichtien", "type": "4", "couleur": "#0D47A1"}}, {"type": "Feature", "geometry": {"type": "Point", "coordinates": [-16.93333, 14.7875]}, "properties": {"nom": "Thies", "nappe": "Maastrichtien", "type": "4", "couleur": "#0D47A1"}}, {"type": "Feature", "geometry": {"type": "Point", "coordinates": [-16.94722, 14.81111]}, "properties": {"nom": "Thies", "nappe": "Maastrichtien", "type": "4", "couleur": "#0D47A1"}}, {"type": "Feature", "geometry": {"type": "Point", "coordinates": [-16.91945, 14.79722]}, "properties": {"nom": "Thies", "nappe": "Maastrichtien", "type": "4", "couleur": "#0D47A1"}}, {"type": "Feature", "geometry": {"type": "Point", "coordinates": [-16.95278, 14.75556]}, "properties": {"nom": "Thies", "nappe": "Maastrichtien", "type": "4", "couleur": "#0D47A1"}}, {"type": "Feature", "geometry": {"type": "Point", "coordinates": [-16.91111, 14.79167]}, "properties": {"nom": "Thies", "nappe": "Maastrichtien", "type": "4", "couleur": "#0D47A1"}}, {"type": "Feature", "geometry": {"type": "Point", "coordinates": [-16.93056, 14.79167]}, "properties": {"nom": "Thies", "nappe": "Maastrichtien", "type": "4", "couleur": "#0D47A1"}}, {"type": "Feature", "geometry": {"type": "Point", "coordinates": [-16.95, 14.77083]}, "properties": {"nom": "Thies", "nappe": "Maastrichtien", "type": "4", "couleur": "#0D47A1"}}, {"type": "Feature", "geometry": {"type": "Point", "coordinates": [-16.93056, 14.81111]}, "properties": {"nom": "Thies", "nappe": "Maastrichtien", "type": "4", "couleur": "#0D47A1"}}, {"type": "Feature", "geometry": {"type": "Point", "coordinates": [-16.93056, 14.81111]}, "properties": {"nom": "Thies", "nappe": "Maastrichtien", "type": "4", "couleur": "#0D47A1"}}, {"type": "Feature", "geometry": {"type": "Point", "coordinates": [-16.93056, 14.81111]}, "properties": {"nom": "Thies", "nappe": "Maastrichtien", "type": "4", "couleur": "#0D47A1"}}, {"type": "Feature", "geometry": {"type": "Point", "coordinates": [-16.86944, 14.99861]}, "properties": {"nom": "Miname Keur Malle", "nappe": "Maastrichtien", "type": "4", "couleur": "#0D47A1"}}, {"type": "Feature", "geometry": {"type": "Point", "coordinates": [-16.81806, 14.95278]}, "properties": {"nom": "Tivaouane", "nappe": "Maastrichtien", "type": "4", "couleur": "#0D47A1"}}, {"type": "Feature", "geometry": {"type": "Point", "coordinates": [-16.81806, 14.95278]}, "properties": {"nom": "Tivaouane", "nappe": "Maastrichtien", "type": "4", "couleur": "#0D47A1"}}, {"type": "Feature", "geometry": {"type": "Point", "coordinates": [-16.73611, 14.71667]}, "properties": {"nom": "Ngoundiane Dior", "nappe": "Maastrichtien", "type": "4", "couleur": "#0D47A1"}}, {"type": "Feature", "geometry": {"type": "Point", "coordinates": [-16.88889, 14.96389]}, "properties": {"nom": "Mbaraglou Colobane", "nappe": "Maastrichtien", "type": "4", "couleur": "#0D47A1"}}, {"type": "Feature", "geometry": {"type": "Point", "coordinates": [-16.93056, 14.80556]}, "properties": {"nom": "Thies", "nappe": "Maastrichtien", "type": "4", "couleur": "#0D47A1"}}, {"type": "Feature", "geometry": {"type": "Point", "coordinates": [-16.93333, 14.78333]}, "properties": {"nom": "Thies", "nappe": "Maastrichtien", "type": "4", "couleur": "#0D47A1"}}, {"type": "Feature", "geometry": {"type": "Point", "coordinates": [-16.93333, 14.75222]}, "properties": {"nom": "Thies", "nappe": "Maastrichtien", "type": "4", "couleur": "#0D47A1"}}, {"type": "Feature", "geometry": {"type": "Point", "coordinates": [-16.84722, 14.95278]}, "properties": {"nom": "Terokh", "nappe": "Maastrichtien", "type": "4", "couleur": "#0D47A1"}}, {"type": "Feature", "geometry": {"type": "Point", "coordinates": [-16.94167, 14.69222]}, "properties": {"nom": "Sangue", "nappe": "Maastrichtien", "type": "4", "couleur": "#0D47A1"}}, {"type": "Feature", "geometry": {"type": "Point", "coordinates": [-16.78056, 14.97]}, "properties": {"nom": "Yadjine 1", "nappe": "Maastrichtien", "type": "4", "couleur": "#0D47A1"}}, {"type": "Feature", "geometry": {"type": "Point", "coordinates": [-16.83055, 14.69306]}, "properties": {"nom": "Keur Mory Fall", "nappe": "Maastrichtien", "type": "4", "couleur": "#0D47A1"}}, {"type": "Feature", "geometry": {"type": "Point", "coordinates": [-16.9, 14.96667]}, "properties": {"nom": "Pambal", "nappe": "Maastrichtien", "type": "4", "couleur": "#0D47A1"}}, {"type": "Feature", "geometry": {"type": "Point", "coordinates": [-16.93889, 14.78694]}, "properties": {"nom": "Thies", "nappe": "Maastrichtien", "type": "4", "couleur": "#0D47A1"}}, {"type": "Feature", "geometry": {"type": "Point", "coordinates": [-16.92083, 14.8]}, "properties": {"nom": "Thies F1 Ter", "nappe": "Maastrichtien", "type": "4", "couleur": "#0D47A1"}}, {"type": "Feature", "geometry": {"type": "Point", "coordinates": [-16.4525, 14.7025]}, "properties": {"nom": "Bambey", "nappe": "Maastrichtien", "type": "4", "couleur": "#0D47A1"}}, {"type": "Feature", "geometry": {"type": "Point", "coordinates": [-16.49139, 14.84139]}, "properties": {"nom": "Thieppe Parba", "nappe": "Maastrichtien", "type": "4", "couleur": "#0D47A1"}}, {"type": "Feature", "geometry": {"type": "Point", "coordinates": [-16.49139, 14.84139]}, "properties": {"nom": "Thieppe Parba", "nappe": "Maastrichtien", "type": "4", "couleur": "#0D47A1"}}, {"type": "Feature", "geometry": {"type": "Point", "coordinates": [-16.49139, 14.84139]}, "properties": {"nom": "Thieppe Parba", "nappe": "Maastrichtien", "type": "4", "couleur": "#0D47A1"}}, {"type": "Feature", "geometry": {"type": "Point", "coordinates": [-16.5975, 14.90111]}, "properties": {"nom": "Keur Samba Kane Ii", "nappe": "Maastrichtien", "type": "4", "couleur": "#0D47A1"}}, {"type": "Feature", "geometry": {"type": "Point", "coordinates": [-16.5975, 14.90111]}, "properties": {"nom": "Keur Samba Kane Ii", "nappe": "Maastrichtien", "type": "4", "couleur": "#0D47A1"}}, {"type": "Feature", "geometry": {"type": "Point", "coordinates": [-16.40583, 14.93444]}, "properties": {"nom": "Thiaytou", "nappe": "Maastrichtien", "type": "4", "couleur": "#0D47A1"}}, {"type": "Feature", "geometry": {"type": "Point", "coordinates": [-16.40583, 14.93444]}, "properties": {"nom": "Thiaytou", "nappe": "Maastrichtien", "type": "4", "couleur": "#0D47A1"}}, {"type": "Feature", "geometry": {"type": "Point", "coordinates": [-16.61695, 14.79028]}, "properties": {"nom": "Refane Peye Sindiane", "nappe": "Maastrichtien", "type": "4", "couleur": "#0D47A1"}}, {"type": "Feature", "geometry": {"type": "Point", "coordinates": [-16.61695, 14.79028]}, "properties": {"nom": "Refane Peye Sindiane", "nappe": "Maastrichtien", "type": "4", "couleur": "#0D47A1"}}, {"type": "Feature", "geometry": {"type": "Point", "coordinates": [-16.3525, 14.73583]}, "properties": {"nom": "Thiakhar", "nappe": "Maastrichtien", "type": "4", "couleur": "#0D47A1"}}, {"type": "Feature", "geometry": {"type": "Point", "coordinates": [-16.3525, 14.73583]}, "properties": {"nom": "Thiakhar", "nappe": "Maastrichtien", "type": "4", "couleur": "#0D47A1"}}, {"type": "Feature", "geometry": {"type": "Point", "coordinates": [-16.3525, 14.73583]}, "properties": {"nom": "Thiakhar", "nappe": "Maastrichtien", "type": "4", "couleur": "#0D47A1"}}, {"type": "Feature", "geometry": {"type": "Point", "coordinates": [-16.33583, 14.93028]}, "properties": {"nom": "Ndougoubene", "nappe": "Maastrichtien", "type": "4", "couleur": "#0D47A1"}}, {"type": "Feature", "geometry": {"type": "Point", "coordinates": [-16.33583, 14.93028]}, "properties": {"nom": "Ndougoubene", "nappe": "Maastrichtien", "type": "4", "couleur": "#0D47A1"}}, {"type": "Feature", "geometry": {"type": "Point", "coordinates": [-16.39278, 14.85167]}, "properties": {"nom": "Gawane", "nappe": "Maastrichtien", "type": "4", "couleur": "#0D47A1"}}, {"type": "Feature", "geometry": {"type": "Point", "coordinates": [-16.35333, 14.91]}, "properties": {"nom": "Gade Escale", "nappe": "Maastrichtien", "type": "4", "couleur": "#0D47A1"}}, {"type": "Feature", "geometry": {"type": "Point", "coordinates": [-16.40833, 14.73528]}, "properties": {"nom": "Ngathie Fall", "nappe": "Maastrichtien", "type": "4", "couleur": "#0D47A1"}}, {"type": "Feature", "geometry": {"type": "Point", "coordinates": [-16.40833, 14.73528]}, "properties": {"nom": "Ngathie Fall", "nappe": "Maastrichtien", "type": "4", "couleur": "#0D47A1"}}, {"type": "Feature", "geometry": {"type": "Point", "coordinates": [-16.12389, 14.975]}, "properties": {"nom": "Divane Sylla", "nappe": "Maastrichtien", "type": "4", "couleur": "#0D47A1"}}, {"type": "Feature", "geometry": {"type": "Point", "coordinates": [-16.06667, 14.95]}, "properties": {"nom": "Lougoul", "nappe": "Maastrichtien", "type": "4", "couleur": "#0D47A1"}}, {"type": "Feature", "geometry": {"type": "Point", "coordinates": [-16.20611, 14.89694]}, "properties": {"nom": "Ndindy", "nappe": "Maastrichtien", "type": "4", "couleur": "#0D47A1"}}, {"type": "Feature", "geometry": {"type": "Point", "coordinates": [-16.20611, 14.89694]}, "properties": {"nom": "Ndindy", "nappe": "Maastrichtien", "type": "4", "couleur": "#0D47A1"}}, {"type": "Feature", "geometry": {"type": "Point", "coordinates": [-16.11528, 14.7375]}, "properties": {"nom": "Ndoulo", "nappe": "Maastrichtien", "type": "4", "couleur": "#0D47A1"}}, {"type": "Feature", "geometry": {"type": "Point", "coordinates": [-16.14361, 14.91]}, "properties": {"nom": "Tamaka", "nappe": "Maastrichtien", "type": "4", "couleur": "#0D47A1"}}, {"type": "Feature", "geometry": {"type": "Point", "coordinates": [-16.04139, 14.68]}, "properties": {"nom": "Nguerane", "nappe": "Maastrichtien", "type": "4", "couleur": "#0D47A1"}}, {"type": "Feature", "geometry": {"type": "Point", "coordinates": [-16.22222, 14.72694]}, "properties": {"nom": "Toure Mbonde", "nappe": "Maastrichtien", "type": "4", "couleur": "#0D47A1"}}, {"type": "Feature", "geometry": {"type": "Point", "coordinates": [-16.22222, 14.72694]}, "properties": {"nom": "Toure Mbonde", "nappe": "Maastrichtien", "type": "4", "couleur": "#0D47A1"}}, {"type": "Feature", "geometry": {"type": "Point", "coordinates": [-16.13556, 14.83417]}, "properties": {"nom": "Ndankh Sene I", "nappe": "Maastrichtien", "type": "4", "couleur": "#0D47A1"}}, {"type": "Feature", "geometry": {"type": "Point", "coordinates": [-16.13556, 14.83417]}, "properties": {"nom": "Ndankh Sene I", "nappe": "Maastrichtien", "type": "4", "couleur": "#0D47A1"}}, {"type": "Feature", "geometry": {"type": "Point", "coordinates": [-16.13556, 14.83417]}, "properties": {"nom": "Ndankh Sene I", "nappe": "Maastrichtien", "type": "4", "couleur": "#0D47A1"}}, {"type": "Feature", "geometry": {"type": "Point", "coordinates": [-16.13556, 14.83417]}, "properties": {"nom": "Ndankh Sene I", "nappe": "Maastrichtien", "type": "4", "couleur": "#0D47A1"}}, {"type": "Feature", "geometry": {"type": "Point", "coordinates": [-16.15083, 14.70111]}, "properties": {"nom": "Patar", "nappe": "Maastrichtien", "type": "4", "couleur": "#0D47A1"}}, {"type": "Feature", "geometry": {"type": "Point", "coordinates": [-16.15083, 14.70111]}, "properties": {"nom": "Patar", "nappe": "Maastrichtien", "type": "4", "couleur": "#0D47A1"}}, {"type": "Feature", "geometry": {"type": "Point", "coordinates": [-16.15083, 14.70111]}, "properties": {"nom": "Patar", "nappe": "Maastrichtien", "type": "4", "couleur": "#0D47A1"}}, {"type": "Feature", "geometry": {"type": "Point", "coordinates": [-16.03167, 14.72583]}, "properties": {"nom": "Dendeye Ouolof", "nappe": "Maastrichtien", "type": "4", "couleur": "#0D47A1"}}, {"type": "Feature", "geometry": {"type": "Point", "coordinates": [-16.03167, 14.72583]}, "properties": {"nom": "Dendeye Ouolof", "nappe": "Maastrichtien", "type": "4", "couleur": "#0D47A1"}}, {"type": "Feature", "geometry": {"type": "Point", "coordinates": [-16.04778, 14.81722]}, "properties": {"nom": "Nghaye", "nappe": "Maastrichtien", "type": "4", "couleur": "#0D47A1"}}, {"type": "Feature", "geometry": {"type": "Point", "coordinates": [-16.04778, 14.81722]}, "properties": {"nom": "Nghaye", "nappe": "Maastrichtien", "type": "4", "couleur": "#0D47A1"}}, {"type": "Feature", "geometry": {"type": "Point", "coordinates": [-16.3, 14.78556]}, "properties": {"nom": "Taiba Moutoupha", "nappe": "Maastrichtien", "type": "4", "couleur": "#0D47A1"}}, {"type": "Feature", "geometry": {"type": "Point", "coordinates": [-16.3, 14.78556]}, "properties": {"nom": "Taiba Moutoupha", "nappe": "Maastrichtien", "type": "4", "couleur": "#0D47A1"}}, {"type": "Feature", "geometry": {"type": "Point", "coordinates": [-16.01861, 14.93139]}, "properties": {"nom": "Khewar Missirah", "nappe": "Maastrichtien", "type": "4", "couleur": "#0D47A1"}}, {"type": "Feature", "geometry": {"type": "Point", "coordinates": [-16.30667, 14.87444]}, "properties": {"nom": "Keur Ngalgou", "nappe": "Maastrichtien", "type": "4", "couleur": "#0D47A1"}}, {"type": "Feature", "geometry": {"type": "Point", "coordinates": [-16.30667, 14.87444]}, "properties": {"nom": "Keur Ngalgou", "nappe": "Maastrichtien", "type": "4", "couleur": "#0D47A1"}}, {"type": "Feature", "geometry": {"type": "Point", "coordinates": [-16.25278, 14.76361]}, "properties": {"nom": "Thialy", "nappe": "Maastrichtien", "type": "4", "couleur": "#0D47A1"}}, {"type": "Feature", "geometry": {"type": "Point", "coordinates": [-16.25278, 14.76361]}, "properties": {"nom": "Thialy", "nappe": "Maastrichtien", "type": "4", "couleur": "#0D47A1"}}, {"type": "Feature", "geometry": {"type": "Point", "coordinates": [-16.975, 14.41528]}, "properties": {"nom": "Mbour", "nappe": "Maastrichtien", "type": "4", "couleur": "#0D47A1"}}, {"type": "Feature", "geometry": {"type": "Point", "coordinates": [-16.95694, 14.40278]}, "properties": {"nom": "Mbour", "nappe": "Maastrichtien", "type": "4", "couleur": "#0D47A1"}}, {"type": "Feature", "geometry": {"type": "Point", "coordinates": [-16.88333, 14.39444]}, "properties": {"nom": "Mbourokh", "nappe": "Maastrichtien", "type": "4", "couleur": "#0D47A1"}}, {"type": "Feature", "geometry": {"type": "Point", "coordinates": [-16.98389, 14.48806]}, "properties": {"nom": "Gandigal", "nappe": "Maastrichtien", "type": "4", "couleur": "#0D47A1"}}, {"type": "Feature", "geometry": {"type": "Point", "coordinates": [-16.70833, 14.42778]}, "properties": {"nom": "Thiadiaye I", "nappe": "Maastrichtien", "type": "4", "couleur": "#0D47A1"}}, {"type": "Feature", "geometry": {"type": "Point", "coordinates": [-16.90833, 14.42778]}, "properties": {"nom": "Keur Balla Lo", "nappe": "Maastrichtien", "type": "4", "couleur": "#0D47A1"}}, {"type": "Feature", "geometry": {"type": "Point", "coordinates": [-16.91195, 14.48861]}, "properties": {"nom": "Takhoum Ouolof", "nappe": "Maastrichtien", "type": "4", "couleur": "#0D47A1"}}, {"type": "Feature", "geometry": {"type": "Point", "coordinates": [-16.92028, 14.45278]}, "properties": {"nom": "Fandane", "nappe": "Maastrichtien", "type": "4", "couleur": "#0D47A1"}}, {"type": "Feature", "geometry": {"type": "Point", "coordinates": [-16.96667, 14.46]}, "properties": {"nom": "Malicounda Bambara", "nappe": "Maastrichtien", "type": "4", "couleur": "#0D47A1"}}, {"type": "Feature", "geometry": {"type": "Point", "coordinates": [-16.975, 14.41528]}, "properties": {"nom": "Mbour", "nappe": "Maastrichtien", "type": "4", "couleur": "#0D47A1"}}, {"type": "Feature", "geometry": {"type": "Point", "coordinates": [-16.98611, 14.49167]}, "properties": {"nom": "Gandigal", "nappe": "Maastrichtien", "type": "4", "couleur": "#0D47A1"}}, {"type": "Feature", "geometry": {"type": "Point", "coordinates": [-16.79167, 14.43333]}, "properties": {"nom": "Sandiara", "nappe": "Maastrichtien", "type": "4", "couleur": "#0D47A1"}}, {"type": "Feature", "geometry": {"type": "Point", "coordinates": [-16.89722, 14.42222]}, "properties": {"nom": "Mbour F5", "nappe": "Maastrichtien", "type": "4", "couleur": "#0D47A1"}}, {"type": "Feature", "geometry": {"type": "Point", "coordinates": [-16.89028, 14.42222]}, "properties": {"nom": "Mbour F6", "nappe": "Maastrichtien", "type": "4", "couleur": "#0D47A1"}}, {"type": "Feature", "geometry": {"type": "Point", "coordinates": [-16.95417, 14.46111]}, "properties": {"nom": "Malicounda", "nappe": "Maastrichtien", "type": "4", "couleur": "#0D47A1"}}, {"type": "Feature", "geometry": {"type": "Point", "coordinates": [-16.60556, 14.31028]}, "properties": {"nom": "Niakhar", "nappe": "Maastrichtien", "type": "4", "couleur": "#0D47A1"}}, {"type": "Feature", "geometry": {"type": "Point", "coordinates": [-16.56667, 14.41667]}, "properties": {"nom": "Tattaguine (Escale Et Serere)", "nappe": "Maastrichtien", "type": "4", "couleur": "#0D47A1"}}, {"type": "Feature", "geometry": {"type": "Point", "coordinates": [-16.545, 14.63]}, "properties": {"nom": "Ndiemane", "nappe": "Maastrichtien", "type": "4", "couleur": "#0D47A1"}}, {"type": "Feature", "geometry": {"type": "Point", "coordinates": [-16.43333, 14.635]}, "properties": {"nom": "Ngoye (Peye)", "nappe": "Maastrichtien", "type": "4", "couleur": "#0D47A1"}}, {"type": "Feature", "geometry": {"type": "Point", "coordinates": [-16.62111, 14.37]}, "properties": {"nom": "Ngohe Mbadatte", "nappe": "Maastrichtien", "type": "4", "couleur": "#0D47A1"}}, {"type": "Feature", "geometry": {"type": "Point", "coordinates": [-16.41667, 14.33944]}, "properties": {"nom": "Fatick", "nappe": "Maastrichtien", "type": "4", "couleur": "#0D47A1"}}, {"type": "Feature", "geometry": {"type": "Point", "coordinates": [-16.40861, 14.5425]}, "properties": {"nom": "Wakhaldiam", "nappe": "Maastrichtien", "type": "4", "couleur": "#0D47A1"}}, {"type": "Feature", "geometry": {"type": "Point", "coordinates": [-16.40861, 14.5425]}, "properties": {"nom": "Wakhaldiam", "nappe": "Maastrichtien", "type": "4", "couleur": "#0D47A1"}}, {"type": "Feature", "geometry": {"type": "Point", "coordinates": [-16.44056, 14.48528]}, "properties": {"nom": "Sob", "nappe": "Maastrichtien", "type": "4", "couleur": "#0D47A1"}}, {"type": "Feature", "geometry": {"type": "Point", "coordinates": [-16.44056, 14.48528]}, "properties": {"nom": "Sob", "nappe": "Maastrichtien", "type": "4", "couleur": "#0D47A1"}}, {"type": "Feature", "geometry": {"type": "Point", "coordinates": [-16.34722, 14.395]}, "properties": {"nom": "Sorokh", "nappe": "Maastrichtien", "type": "4", "couleur": "#0D47A1"}}, {"type": "Feature", "geometry": {"type": "Point", "coordinates": [-16.34722, 14.395]}, "properties": {"nom": "Sorokh", "nappe": "Maastrichtien", "type": "4", "couleur": "#0D47A1"}}, {"type": "Feature", "geometry": {"type": "Point", "coordinates": [-16.47361, 14.36667]}, "properties": {"nom": "Diouroup", "nappe": "Maastrichtien", "type": "4", "couleur": "#0D47A1"}}, {"type": "Feature", "geometry": {"type": "Point", "coordinates": [-16.47361, 14.36667]}, "properties": {"nom": "Diouroup", "nappe": "Maastrichtien", "type": "4", "couleur": "#0D47A1"}}, {"type": "Feature", "geometry": {"type": "Point", "coordinates": [-16.47361, 14.36667]}, "properties": {"nom": "Diouroup", "nappe": "Maastrichtien", "type": "4", "couleur": "#0D47A1"}}, {"type": "Feature", "geometry": {"type": "Point", "coordinates": [-16.48333, 14.44444]}, "properties": {"nom": "Diarrere", "nappe": "Maastrichtien", "type": "4", "couleur": "#0D47A1"}}, {"type": "Feature", "geometry": {"type": "Point", "coordinates": [-16.45944, 14.50806]}, "properties": {"nom": "Lambaneme", "nappe": "Maastrichtien", "type": "4", "couleur": "#0D47A1"}}, {"type": "Feature", "geometry": {"type": "Point", "coordinates": [-16.45944, 14.50806]}, "properties": {"nom": "Lambaneme", "nappe": "Maastrichtien", "type": "4", "couleur": "#0D47A1"}}, {"type": "Feature", "geometry": {"type": "Point", "coordinates": [-16.47167, 14.54028]}, "properties": {"nom": "Toukar", "nappe": "Maastrichtien", "type": "4", "couleur": "#0D47A1"}}, {"type": "Feature", "geometry": {"type": "Point", "coordinates": [-16.47167, 14.54028]}, "properties": {"nom": "Toukar", "nappe": "Maastrichtien", "type": "4", "couleur": "#0D47A1"}}, {"type": "Feature", "geometry": {"type": "Point", "coordinates": [-16.40028, 14.52167]}, "properties": {"nom": "Ngalagne Diaraf", "nappe": "Maastrichtien", "type": "4", "couleur": "#0D47A1"}}, {"type": "Feature", "geometry": {"type": "Point", "coordinates": [-16.40028, 14.52167]}, "properties": {"nom": "Ngalagne Diaraf", "nappe": "Maastrichtien", "type": "4", "couleur": "#0D47A1"}}, {"type": "Feature", "geometry": {"type": "Point", "coordinates": [-16.44944, 14.41278]}, "properties": {"nom": "Bicole", "nappe": "Maastrichtien", "type": "4", "couleur": "#0D47A1"}}, {"type": "Feature", "geometry": {"type": "Point", "coordinates": [-16.44944, 14.41278]}, "properties": {"nom": "Bicole", "nappe": "Maastrichtien", "type": "4", "couleur": "#0D47A1"}}, {"type": "Feature", "geometry": {"type": "Point", "coordinates": [-16.35528, 14.35028]}, "properties": {"nom": "Poukham Tok", "nappe": "Maastrichtien", "type": "4", "couleur": "#0D47A1"}}, {"type": "Feature", "geometry": {"type": "Point", "coordinates": [-16.35528, 14.35028]}, "properties": {"nom": "Poukham Tok", "nappe": "Maastrichtien", "type": "4", "couleur": "#0D47A1"}}, {"type": "Feature", "geometry": {"type": "Point", "coordinates": [-16.42111, 14.37639]}, "properties": {"nom": "Mbane", "nappe": "Maastrichtien", "type": "4", "couleur": "#0D47A1"}}, {"type": "Feature", "geometry": {"type": "Point", "coordinates": [-16.34528, 14.55944]}, "properties": {"nom": "Ndiambour Sine", "nappe": "Maastrichtien", "type": "4", "couleur": "#0D47A1"}}, {"type": "Feature", "geometry": {"type": "Point", "coordinates": [-16.34528, 14.55944]}, "properties": {"nom": "Ndiambour Sine", "nappe": "Maastrichtien", "type": "4", "couleur": "#0D47A1"}}, {"type": "Feature", "geometry": {"type": "Point", "coordinates": [-16.23, 14.64806]}, "properties": {"nom": "Diourbel", "nappe": "Maastrichtien", "type": "4", "couleur": "#0D47A1"}}, {"type": "Feature", "geometry": {"type": "Point", "coordinates": [-16.10944, 14.47833]}, "properties": {"nom": "Gossas", "nappe": "Maastrichtien", "type": "4", "couleur": "#0D47A1"}}, {"type": "Feature", "geometry": {"type": "Point", "coordinates": [-16.29583, 14.46556]}, "properties": {"nom": "Diakhao", "nappe": "Maastrichtien", "type": "4", "couleur": "#0D47A1"}}, {"type": "Feature", "geometry": {"type": "Point", "coordinates": [-16.03639, 14.35278]}, "properties": {"nom": "Fass Gossas", "nappe": "Maastrichtien", "type": "4", "couleur": "#0D47A1"}}, {"type": "Feature", "geometry": {"type": "Point", "coordinates": [-16.03639, 14.35278]}, "properties": {"nom": "Fass Gossas", "nappe": "Maastrichtien", "type": "4", "couleur": "#0D47A1"}}, {"type": "Feature", "geometry": {"type": "Point", "coordinates": [-16.2125, 14.42333]}, "properties": {"nom": "Somb", "nappe": "Maastrichtien", "type": "4", "couleur": "#0D47A1"}}, {"type": "Feature", "geometry": {"type": "Point", "coordinates": [-16.29472, 14.34028]}, "properties": {"nom": "Mbellacadiao", "nappe": "Maastrichtien", "type": "4", "couleur": "#0D47A1"}}, {"type": "Feature", "geometry": {"type": "Point", "coordinates": [-16.29472, 14.34028]}, "properties": {"nom": "Mbellacadiao", "nappe": "Maastrichtien", "type": "4", "couleur": "#0D47A1"}}, {"type": "Feature", "geometry": {"type": "Point", "coordinates": [-16.22056, 14.37389]}, "properties": {"nom": "Diaoule 2", "nappe": "Maastrichtien", "type": "4", "couleur": "#0D47A1"}}, {"type": "Feature", "geometry": {"type": "Point", "coordinates": [-16.22056, 14.37389]}, "properties": {"nom": "Diaoule 2", "nappe": "Maastrichtien", "type": "4", "couleur": "#0D47A1"}}, {"type": "Feature", "geometry": {"type": "Point", "coordinates": [-16.15833, 14.35278]}, "properties": {"nom": "Ndiebel", "nappe": "Maastrichtien", "type": "4", "couleur": "#0D47A1"}}, {"type": "Feature", "geometry": {"type": "Point", "coordinates": [-16.05556, 14.43583]}, "properties": {"nom": "Ouadiour", "nappe": "Maastrichtien", "type": "4", "couleur": "#0D47A1"}}, {"type": "Feature", "geometry": {"type": "Point", "coordinates": [-16.14528, 14.43361]}, "properties": {"nom": "Ndock Sare", "nappe": "Maastrichtien", "type": "4", "couleur": "#0D47A1"}}, {"type": "Feature", "geometry": {"type": "Point", "coordinates": [-16.25194, 14.54583]}, "properties": {"nom": "Ndiob", "nappe": "Maastrichtien", "type": "4", "couleur": "#0D47A1"}}, {"type": "Feature", "geometry": {"type": "Point", "coordinates": [-16.25194, 14.54583]}, "properties": {"nom": "Ndiob", "nappe": "Maastrichtien", "type": "4", "couleur": "#0D47A1"}}, {"type": "Feature", "geometry": {"type": "Point", "coordinates": [-16.15028, 14.50111]}, "properties": {"nom": "Soumbel", "nappe": "Maastrichtien", "type": "4", "couleur": "#0D47A1"}}, {"type": "Feature", "geometry": {"type": "Point", "coordinates": [-16.11667, 14.48611]}, "properties": {"nom": "Gossas Village", "nappe": "Maastrichtien", "type": "4", "couleur": "#0D47A1"}}, {"type": "Feature", "geometry": {"type": "Point", "coordinates": [-16.07528, 14.55361]}, "properties": {"nom": "Wallalane", "nappe": "Maastrichtien", "type": "4", "couleur": "#0D47A1"}}, {"type": "Feature", "geometry": {"type": "Point", "coordinates": [-16.07528, 14.55361]}, "properties": {"nom": "Wallalane", "nappe": "Maastrichtien", "type": "4", "couleur": "#0D47A1"}}, {"type": "Feature", "geometry": {"type": "Point", "coordinates": [-16.05056, 14.39056]}, "properties": {"nom": "Loumbel Kelli", "nappe": "Maastrichtien", "type": "4", "couleur": "#0D47A1"}}, {"type": "Feature", "geometry": {"type": "Point", "coordinates": [-16.19583, 14.45]}, "properties": {"nom": "Sakh Mack Serere", "nappe": "Maastrichtien", "type": "4", "couleur": "#0D47A1"}}, {"type": "Feature", "geometry": {"type": "Point", "coordinates": [-16.07528, 14.64778]}, "properties": {"nom": "Thiobe Ouolof", "nappe": "Maastrichtien", "type": "4", "couleur": "#0D47A1"}}, {"type": "Feature", "geometry": {"type": "Point", "coordinates": [-16.07528, 14.64778]}, "properties": {"nom": "Thiobe Ouolof", "nappe": "Maastrichtien", "type": "4", "couleur": "#0D47A1"}}, {"type": "Feature", "geometry": {"type": "Point", "coordinates": [-16.28917, 14.63556]}, "properties": {"nom": "Ngohe", "nappe": "Maastrichtien", "type": "4", "couleur": "#0D47A1"}}, {"type": "Feature", "geometry": {"type": "Point", "coordinates": [-16.03056, 14.58222]}, "properties": {"nom": "Nguidiane Ndiaye", "nappe": "Maastrichtien", "type": "4", "couleur": "#0D47A1"}}, {"type": "Feature", "geometry": {"type": "Point", "coordinates": [-16.03056, 14.58222]}, "properties": {"nom": "Nguidiane Ndiaye", "nappe": "Maastrichtien", "type": "4", "couleur": "#0D47A1"}}, {"type": "Feature", "geometry": {"type": "Point", "coordinates": [-16.30778, 14.415]}, "properties": {"nom": "Toffaye", "nappe": "Maastrichtien", "type": "4", "couleur": "#0D47A1"}}, {"type": "Feature", "geometry": {"type": "Point", "coordinates": [-16.30778, 14.415]}, "properties": {"nom": "Toffaye", "nappe": "Maastrichtien", "type": "4", "couleur": "#0D47A1"}}, {"type": "Feature", "geometry": {"type": "Point", "coordinates": [-16.02083, 14.43944]}, "properties": {"nom": "Thiare Ndialgui", "nappe": "Maastrichtien", "type": "4", "couleur": "#0D47A1"}}, {"type": "Feature", "geometry": {"type": "Point", "coordinates": [-16.07083, 14.49722]}, "properties": {"nom": "Gossas", "nappe": "Maastrichtien", "type": "4", "couleur": "#0D47A1"}}, {"type": "Feature", "geometry": {"type": "Point", "coordinates": [-16.225, 14.6625]}, "properties": {"nom": "Diourbel", "nappe": "Maastrichtien", "type": "4", "couleur": "#0D47A1"}}, {"type": "Feature", "geometry": {"type": "Point", "coordinates": [-16.15917, 14.48694]}, "properties": {"nom": "Patar Lia", "nappe": "Maastrichtien", "type": "4", "couleur": "#0D47A1"}}, {"type": "Feature", "geometry": {"type": "Point", "coordinates": [-16.15917, 14.48694]}, "properties": {"nom": "Patar Lia", "nappe": "Maastrichtien", "type": "4", "couleur": "#0D47A1"}}, {"type": "Feature", "geometry": {"type": "Point", "coordinates": [-16.3125, 14.52639]}, "properties": {"nom": "Tellayargouye", "nappe": "Maastrichtien", "type": "4", "couleur": "#0D47A1"}}, {"type": "Feature", "geometry": {"type": "Point", "coordinates": [-16.3125, 14.52639]}, "properties": {"nom": "Tellayargouye", "nappe": "Maastrichtien", "type": "4", "couleur": "#0D47A1"}}, {"type": "Feature", "geometry": {"type": "Point", "coordinates": [-16.1675, 14.54917]}, "properties": {"nom": "Darou Salam Sine", "nappe": "Maastrichtien", "type": "4", "couleur": "#0D47A1"}}, {"type": "Feature", "geometry": {"type": "Point", "coordinates": [-16.1675, 14.54917]}, "properties": {"nom": "Darou Salam Sine", "nappe": "Maastrichtien", "type": "4", "couleur": "#0D47A1"}}, {"type": "Feature", "geometry": {"type": "Point", "coordinates": [-16.16667, 14.59167]}, "properties": {"nom": "Tocki Gare", "nappe": "Maastrichtien", "type": "4", "couleur": "#0D47A1"}}, {"type": "Feature", "geometry": {"type": "Point", "coordinates": [-16.14778, 14.38861]}, "properties": {"nom": "Kora I", "nappe": "Maastrichtien", "type": "4", "couleur": "#0D47A1"}}, {"type": "Feature", "geometry": {"type": "Point", "coordinates": [-16.26139, 14.39111]}, "properties": {"nom": "Felane", "nappe": "Maastrichtien", "type": "4", "couleur": "#0D47A1"}}, {"type": "Feature", "geometry": {"type": "Point", "coordinates": [-16.26139, 14.39111]}, "properties": {"nom": "Felane", "nappe": "Maastrichtien", "type": "4", "couleur": "#0D47A1"}}, {"type": "Feature", "geometry": {"type": "Point", "coordinates": [-16.2125, 14.48611]}, "properties": {"nom": "Boof Ndemene", "nappe": "Maastrichtien", "type": "4", "couleur": "#0D47A1"}}, {"type": "Feature", "geometry": {"type": "Point", "coordinates": [-16.29667, 14.37639]}, "properties": {"nom": "Tag Diam", "nappe": "Maastrichtien", "type": "4", "couleur": "#0D47A1"}}, {"type": "Feature", "geometry": {"type": "Point", "coordinates": [-16.05, 14.62306]}, "properties": {"nom": "Ndiapadal", "nappe": "Maastrichtien", "type": "4", "couleur": "#0D47A1"}}, {"type": "Feature", "geometry": {"type": "Point", "coordinates": [-16.92222, 14.325]}, "properties": {"nom": "Nianing", "nappe": "Maastrichtien", "type": "4", "couleur": "#0D47A1"}}, {"type": "Feature", "geometry": {"type": "Point", "coordinates": [-16.68333, 14.08889]}, "properties": {"nom": "Ndangane", "nappe": "Maastrichtien", "type": "4", "couleur": "#0D47A1"}}, {"type": "Feature", "geometry": {"type": "Point", "coordinates": [-16.68333, 14.08889]}, "properties": {"nom": "Ndangane", "nappe": "Maastrichtien", "type": "4", "couleur": "#0D47A1"}}, {"type": "Feature", "geometry": {"type": "Point", "coordinates": [-16.67222, 14.12083]}, "properties": {"nom": "Ndangane", "nappe": "Maastrichtien", "type": "4", "couleur": "#0D47A1"}}, {"type": "Feature", "geometry": {"type": "Point", "coordinates": [-16.7, 14.07917]}, "properties": {"nom": "Ndangane", "nappe": "Maastrichtien", "type": "4", "couleur": "#0D47A1"}}, {"type": "Feature", "geometry": {"type": "Point", "coordinates": [-16.4725, 14.12528]}, "properties": {"nom": "Foundiougne", "nappe": "Maastrichtien", "type": "4", "couleur": "#0D47A1"}}, {"type": "Feature", "geometry": {"type": "Point", "coordinates": [-16.60833, 14.31111]}, "properties": {"nom": "Loul Sessene", "nappe": "Maastrichtien", "type": "4", "couleur": "#0D47A1"}}, {"type": "Feature", "geometry": {"type": "Point", "coordinates": [-16.60833, 14.31111]}, "properties": {"nom": "Loul Sessene", "nappe": "Maastrichtien", "type": "4", "couleur": "#0D47A1"}}, {"type": "Feature", "geometry": {"type": "Point", "coordinates": [-16.66111, 14.1975]}, "properties": {"nom": "Diofior", "nappe": "Maastrichtien", "type": "4", "couleur": "#0D47A1"}}, {"type": "Feature", "geometry": {"type": "Point", "coordinates": [-16.63222, 14.245]}, "properties": {"nom": "Djilass", "nappe": "Maastrichtien", "type": "4", "couleur": "#0D47A1"}}, {"type": "Feature", "geometry": {"type": "Point", "coordinates": [-16.63222, 14.245]}, "properties": {"nom": "Djilass", "nappe": "Maastrichtien", "type": "4", "couleur": "#0D47A1"}}, {"type": "Feature", "geometry": {"type": "Point", "coordinates": [-16.33611, 14.05417]}, "properties": {"nom": "Djilor", "nappe": "Maastrichtien", "type": "4", "couleur": "#0D47A1"}}, {"type": "Feature", "geometry": {"type": "Point", "coordinates": [-16.47889, 14.09694]}, "properties": {"nom": "Soum Thiare", "nappe": "Maastrichtien", "type": "4", "couleur": "#0D47A1"}}, {"type": "Feature", "geometry": {"type": "Point", "coordinates": [-16.44917, 14.11833]}, "properties": {"nom": "Mbam", "nappe": "Maastrichtien", "type": "4", "couleur": "#0D47A1"}}, {"type": "Feature", "geometry": {"type": "Point", "coordinates": [-16.39417, 14.06139]}, "properties": {"nom": "Sadioga", "nappe": "Maastrichtien", "type": "4", "couleur": "#0D47A1"}}, {"type": "Feature", "geometry": {"type": "Point", "coordinates": [-16.425, 14.19444]}, "properties": {"nom": "Faya Ko", "nappe": "Maastrichtien", "type": "4", "couleur": "#0D47A1"}}, {"type": "Feature", "geometry": {"type": "Point", "coordinates": [-16.49167, 14.16667]}, "properties": {"nom": "Felir", "nappe": "Maastrichtien", "type": "4", "couleur": "#0D47A1"}}, {"type": "Feature", "geometry": {"type": "Point", "coordinates": [-16.575, 14.06667]}, "properties": {"nom": "Diamniadio", "nappe": "Maastrichtien", "type": "4", "couleur": "#0D47A1"}}, {"type": "Feature", "geometry": {"type": "Point", "coordinates": [-16.08055, 14.14306]}, "properties": {"nom": "Kaolack", "nappe": "Maastrichtien", "type": "4", "couleur": "#0D47A1"}}, {"type": "Feature", "geometry": {"type": "Point", "coordinates": [-16.08333, 14.13889]}, "properties": {"nom": "Kaolack", "nappe": "Maastrichtien", "type": "4", "couleur": "#0D47A1"}}, {"type": "Feature", "geometry": {"type": "Point", "coordinates": [-16.08333, 14.14722]}, "properties": {"nom": "Kaolack", "nappe": "Maastrichtien", "type": "4", "couleur": "#0D47A1"}}, {"type": "Feature", "geometry": {"type": "Point", "coordinates": [-16.07222, 14.15833]}, "properties": {"nom": "Kaolack", "nappe": "Maastrichtien", "type": "4", "couleur": "#0D47A1"}}, {"type": "Feature", "geometry": {"type": "Point", "coordinates": [-16.08333, 14.12778]}, "properties": {"nom": "Kaolack", "nappe": "Maastrichtien", "type": "4", "couleur": "#0D47A1"}}, {"type": "Feature", "geometry": {"type": "Point", "coordinates": [-16.16528, 14.17111]}, "properties": {"nom": "Lyndiane", "nappe": "Maastrichtien", "type": "4", "couleur": "#0D47A1"}}, {"type": "Feature", "geometry": {"type": "Point", "coordinates": [-16.16528, 14.17111]}, "properties": {"nom": "Kaolack", "nappe": "Maastrichtien", "type": "4", "couleur": "#0D47A1"}}, {"type": "Feature", "geometry": {"type": "Point", "coordinates": [-16.16528, 14.17111]}, "properties": {"nom": "Kaolack", "nappe": "Maastrichtien", "type": "4", "couleur": "#0D47A1"}}, {"type": "Feature", "geometry": {"type": "Point", "coordinates": [-16.01667, 14.33278]}, "properties": {"nom": "Ourour Kada", "nappe": "Maastrichtien", "type": "4", "couleur": "#0D47A1"}}, {"type": "Feature", "geometry": {"type": "Point", "coordinates": [-16.27778, 14.24167]}, "properties": {"nom": "Gandiaye", "nappe": "Maastrichtien", "type": "4", "couleur": "#0D47A1"}}, {"type": "Feature", "geometry": {"type": "Point", "coordinates": [-16.15278, 14.18611]}, "properties": {"nom": "Sibassor Escale", "nappe": "Maastrichtien", "type": "4", "couleur": "#0D47A1"}}, {"type": "Feature", "geometry": {"type": "Point", "coordinates": [-16.07222, 14.15833]}, "properties": {"nom": "Kaolack", "nappe": "Maastrichtien", "type": "4", "couleur": "#0D47A1"}}, {"type": "Feature", "geometry": {"type": "Point", "coordinates": [-16.1, 14.11389]}, "properties": {"nom": "Kaolack", "nappe": "Maastrichtien", "type": "4", "couleur": "#0D47A1"}}, {"type": "Feature", "geometry": {"type": "Point", "coordinates": [-16.3, 14.125]}, "properties": {"nom": "Keur Yoro", "nappe": "Maastrichtien", "type": "4", "couleur": "#0D47A1"}}, {"type": "Feature", "geometry": {"type": "Point", "coordinates": [-16.15, 14.21111]}, "properties": {"nom": "Ngolothie", "nappe": "Maastrichtien", "type": "4", "couleur": "#0D47A1"}}, {"type": "Feature", "geometry": {"type": "Point", "coordinates": [-16.06333, 14.24889]}, "properties": {"nom": "Nguekokh 1 Et 2", "nappe": "Maastrichtien", "type": "4", "couleur": "#0D47A1"}}, {"type": "Feature", "geometry": {"type": "Point", "coordinates": [-16.00278, 14.14167]}, "properties": {"nom": "Macka Kahone", "nappe": "Maastrichtien", "type": "4", "couleur": "#0D47A1"}}, {"type": "Feature", "geometry": {"type": "Point", "coordinates": [-16.21806, 14.10278]}, "properties": {"nom": "Kounkoudiang", "nappe": "Maastrichtien", "type": "4", "couleur": "#0D47A1"}}, {"type": "Feature", "geometry": {"type": "Point", "coordinates": [-16.06722, 14.08667]}, "properties": {"nom": "Koutal Ngagne", "nappe": "Maastrichtien", "type": "4", "couleur": "#0D47A1"}}, {"type": "Feature", "geometry": {"type": "Point", "coordinates": [-16.23056, 14.13056]}, "properties": {"nom": "Keur Samane", "nappe": "Maastrichtien", "type": "4", "couleur": "#0D47A1"}}, {"type": "Feature", "geometry": {"type": "Point", "coordinates": [-16.03695, 14.15944]}, "properties": {"nom": "Kahone", "nappe": "Maastrichtien", "type": "4", "couleur": "#0D47A1"}}, {"type": "Feature", "geometry": {"type": "Point", "coordinates": [-16.08333, 14.13944]}, "properties": {"nom": "Kaolack", "nappe": "Maastrichtien", "type": "4", "couleur": "#0D47A1"}}, {"type": "Feature", "geometry": {"type": "Point", "coordinates": [-16.02222, 14.2125]}, "properties": {"nom": "Mbadakhoune", "nappe": "Maastrichtien", "type": "4", "couleur": "#0D47A1"}}, {"type": "Feature", "geometry": {"type": "Point", "coordinates": [-16.20972, 14.24028]}, "properties": {"nom": "Ngothie", "nappe": "Maastrichtien", "type": "4", "couleur": "#0D47A1"}}, {"type": "Feature", "geometry": {"type": "Point", "coordinates": [-16.15, 14.02222]}, "properties": {"nom": "Thioffor", "nappe": "Maastrichtien", "type": "4", "couleur": "#0D47A1"}}, {"type": "Feature", "geometry": {"type": "Point", "coordinates": [-16.07778, 14.13611]}, "properties": {"nom": "Kaolack", "nappe": "Maastrichtien", "type": "4", "couleur": "#0D47A1"}}, {"type": "Feature", "geometry": {"type": "Point", "coordinates": [-16.16667, 14.24167]}, "properties": {"nom": "Dya", "nappe": "Maastrichtien", "type": "4", "couleur": "#0D47A1"}}, {"type": "Feature", "geometry": {"type": "Point", "coordinates": [-16.17083, 14.06944]}, "properties": {"nom": "Ndiaffate Escale", "nappe": "Maastrichtien", "type": "4", "couleur": "#0D47A1"}}, {"type": "Feature", "geometry": {"type": "Point", "coordinates": [-16.31667, 14.30833]}, "properties": {"nom": "Sakhao Serere", "nappe": "Maastrichtien", "type": "4", "couleur": "#0D47A1"}}, {"type": "Feature", "geometry": {"type": "Point", "coordinates": [-16.23389, 14.3]}, "properties": {"nom": "Keur Mbagne Diop I", "nappe": "Maastrichtien", "type": "4", "couleur": "#0D47A1"}}, {"type": "Feature", "geometry": {"type": "Point", "coordinates": [-16.10556, 14.07917]}, "properties": {"nom": "Mboul Soutoura", "nappe": "Maastrichtien", "type": "4", "couleur": "#0D47A1"}}, {"type": "Feature", "geometry": {"type": "Point", "coordinates": [-16.10417, 14.21667]}, "properties": {"nom": "Sate Wali", "nappe": "Maastrichtien", "type": "4", "couleur": "#0D47A1"}}, {"type": "Feature", "geometry": {"type": "Point", "coordinates": [-15.575, 14.90278]}, "properties": {"nom": "Sam Fall", "nappe": "Maastrichtien", "type": "4", "couleur": "#0D47A1"}}, {"type": "Feature", "geometry": {"type": "Point", "coordinates": [-15.36667, 14.83333]}, "properties": {"nom": "Khaire Gassane", "nappe": "Maastrichtien", "type": "4", "couleur": "#0D47A1"}}, {"type": "Feature", "geometry": {"type": "Point", "coordinates": [-15.29306, 14.81944]}, "properties": {"nom": "Gassane Ndavene", "nappe": "Maastrichtien", "type": "4", "couleur": "#0D47A1"}}, {"type": "Feature", "geometry": {"type": "Point", "coordinates": [-15.05, 14.93333]}, "properties": {"nom": "Thiel Ouolof I", "nappe": "Maastrichtien", "type": "4", "couleur": "#0D47A1"}}, {"type": "Feature", "geometry": {"type": "Point", "coordinates": [-15.31111, 14.67639]}, "properties": {"nom": "Darou Salam Diop", "nappe": "Maastrichtien", "type": "4", "couleur": "#0D47A1"}}, {"type": "Feature", "geometry": {"type": "Point", "coordinates": [-15.15, 14.75]}, "properties": {"nom": "Doly Ranch", "nappe": "Maastrichtien", "type": "4", "couleur": "#0D47A1"}}, {"type": "Feature", "geometry": {"type": "Point", "coordinates": [-15.15, 14.75]}, "properties": {"nom": "Doly Ranch", "nappe": "Maastrichtien", "type": "4", "couleur": "#0D47A1"}}, {"type": "Feature", "geometry": {"type": "Point", "coordinates": [-15.275, 14.67083]}, "properties": {"nom": "Fass Loly", "nappe": "Maastrichtien", "type": "4", "couleur": "#0D47A1"}}, {"type": "Feature", "geometry": {"type": "Point", "coordinates": [-15.275, 14.67083]}, "properties": {"nom": "Fass Loly", "nappe": "Maastrichtien", "type": "4", "couleur": "#0D47A1"}}, {"type": "Feature", "geometry": {"type": "Point", "coordinates": [-15.16472, 14.87889]}, "properties": {"nom": "Touba  Sibole Ouolof", "nappe": "Maastrichtien", "type": "4", "couleur": "#0D47A1"}}, {"type": "Feature", "geometry": {"type": "Point", "coordinates": [-15.75278, 14.54167]}, "properties": {"nom": "Mbar Forage", "nappe": "Maastrichtien", "type": "4", "couleur": "#0D47A1"}}, {"type": "Feature", "geometry": {"type": "Point", "coordinates": [-15.74972, 14.37389]}, "properties": {"nom": "Mboss Escale", "nappe": "Maastrichtien", "type": "4", "couleur": "#0D47A1"}}, {"type": "Feature", "geometry": {"type": "Point", "coordinates": [-15.7, 14.64861]}, "properties": {"nom": "Colobane", "nappe": "Maastrichtien", "type": "4", "couleur": "#0D47A1"}}, {"type": "Feature", "geometry": {"type": "Point", "coordinates": [-15.75278, 14.54167]}, "properties": {"nom": "Mbar Forage", "nappe": "Maastrichtien", "type": "4", "couleur": "#0D47A1"}}, {"type": "Feature", "geometry": {"type": "Point", "coordinates": [-15.92194, 14.46667]}, "properties": {"nom": "Khaye Mbayar", "nappe": "Maastrichtien", "type": "4", "couleur": "#0D47A1"}}, {"type": "Feature", "geometry": {"type": "Point", "coordinates": [-15.81528, 14.65]}, "properties": {"nom": "Tip Soucoudou", "nappe": "Maastrichtien", "type": "4", "couleur": "#0D47A1"}}, {"type": "Feature", "geometry": {"type": "Point", "coordinates": [-15.81528, 14.65]}, "properties": {"nom": "Tip Ferme", "nappe": "Maastrichtien", "type": "4", "couleur": "#0D47A1"}}, {"type": "Feature", "geometry": {"type": "Point", "coordinates": [-15.90972, 14.62778]}, "properties": {"nom": "Lama", "nappe": "Maastrichtien", "type": "4", "couleur": "#0D47A1"}}, {"type": "Feature", "geometry": {"type": "Point", "coordinates": [-12.76111, 14.17]}, "properties": {"nom": "Boki Guile", "nappe": "Maastrichtien", "type": "4", "couleur": "#0D47A1"}}, {"type": "Feature", "geometry": {"type": "Point", "coordinates": [-12.75, 14.20278]}, "properties": {"nom": "Sinthiou Demba", "nappe": "Maastrichtien", "type": "4", "couleur": "#0D47A1"}}, {"type": "Feature", "geometry": {"type": "Point", "coordinates": [-12.74917, 14.10361]}, "properties": {"nom": "Gourel Sadio", "nappe": "Maastrichtien", "type": "4", "couleur": "#0D47A1"}}, {"type": "Feature", "geometry": {"type": "Point", "coordinates": [-12.75833, 14.07806]}, "properties": {"nom": "Guelode", "nappe": "Maastrichtien", "type": "4", "couleur": "#0D47A1"}}, {"type": "Feature", "geometry": {"type": "Point", "coordinates": [-12.68083, 14.04556]}, "properties": {"nom": "Gourel Seydi Mali", "nappe": "Maastrichtien", "type": "4", "couleur": "#0D47A1"}}, {"type": "Feature", "geometry": {"type": "Point", "coordinates": [-12.65056, 14.11222]}, "properties": {"nom": "Thieke", "nappe": "Maastrichtien", "type": "4", "couleur": "#0D47A1"}}, {"type": "Feature", "geometry": {"type": "Point", "coordinates": [-12.54944, 14.32472]}, "properties": {"nom": "Gourel Mathioube", "nappe": "Maastrichtien", "type": "4", "couleur": "#0D47A1"}}, {"type": "Feature", "geometry": {"type": "Point", "coordinates": [-12.6525, 14.15389]}, "properties": {"nom": "Sinthiou Boubou", "nappe": "Maastrichtien", "type": "4", "couleur": "#0D47A1"}}, {"type": "Feature", "geometry": {"type": "Point", "coordinates": [-12.64583, 14.06528]}, "properties": {"nom": "Sinthiou Alassane", "nappe": "Maastrichtien", "type": "4", "couleur": "#0D47A1"}}, {"type": "Feature", "geometry": {"type": "Point", "coordinates": [-12.55806, 14.24417]}, "properties": {"nom": "Mbacke Nabe", "nappe": "Maastrichtien", "type": "4", "couleur": "#0D47A1"}}, {"type": "Feature", "geometry": {"type": "Point", "coordinates": [-12.65389, 14.23444]}, "properties": {"nom": "Kanehambe", "nappe": "Maastrichtien", "type": "4", "couleur": "#0D47A1"}}, {"type": "Feature", "geometry": {"type": "Point", "coordinates": [-12.56361, 14.26472]}, "properties": {"nom": "Gourel Samba Ramata", "nappe": "Maastrichtien", "type": "4", "couleur": "#0D47A1"}}, {"type": "Feature", "geometry": {"type": "Point", "coordinates": [-12.59778, 14.17111]}, "properties": {"nom": "Sinthiou Lelekone", "nappe": "Maastrichtien", "type": "4", "couleur": "#0D47A1"}}, {"type": "Feature", "geometry": {"type": "Point", "coordinates": [-16.15722, 13.95222]}, "properties": {"nom": "Ndiebel", "nappe": "Maastrichtien", "type": "4", "couleur": "#0D47A1"}}, {"type": "Feature", "geometry": {"type": "Point", "coordinates": [-14.29167, 13.66111]}, "properties": {"nom": "Koumpentoum", "nappe": "Maastrichtien", "type": "4", "couleur": "#0D47A1"}}, {"type": "Feature", "geometry": {"type": "Point", "coordinates": [-14.60194, 13.82667]}, "properties": {"nom": "Darou Ndiawene", "nappe": "Maastrichtien", "type": "4", "couleur": "#0D47A1"}}, {"type": "Feature", "geometry": {"type": "Point", "coordinates": [-14.29167, 13.66111]}, "properties": {"nom": "Maka", "nappe": "Maastrichtien", "type": "4", "couleur": "#0D47A1"}}, {"type": "Feature", "geometry": {"type": "Point", "coordinates": [-14.36139, 13.18806]}, "properties": {"nom": "Linguedie", "nappe": "Maastrichtien", "type": "4", "couleur": "#0D47A1"}}, {"type": "Feature", "geometry": {"type": "Point", "coordinates": [-13.92472, 13.82139]}, "properties": {"nom": "Sinthiou Maleme", "nappe": "Maastrichtien", "type": "4", "couleur": "#0D47A1"}}, {"type": "Feature", "geometry": {"type": "Point", "coordinates": [-13.85, 13.96667]}, "properties": {"nom": "Faricounda", "nappe": "Maastrichtien", "type": "4", "couleur": "#0D47A1"}}, {"type": "Feature", "geometry": {"type": "Point", "coordinates": [-13.5775, 13.81028]}, "properties": {"nom": "Botou", "nappe": "Maastrichtien", "type": "4", "couleur": "#0D47A1"}}, {"type": "Feature", "geometry": {"type": "Point", "coordinates": [-13.475, 13.78889]}, "properties": {"nom": "Segoucoura", "nappe": "Maastrichtien", "type": "4", "couleur": "#0D47A1"}}, {"type": "Feature", "geometry": {"type": "Point", "coordinates": [-13.49139, 13.98167]}, "properties": {"nom": "Diarra", "nappe": "Maastrichtien", "type": "4", "couleur": "#0D47A1"}}, {"type": "Feature", "geometry": {"type": "Point", "coordinates": [-13.55083, 13.91167]}, "properties": {"nom": "Diyabougou Sakho", "nappe": "Maastrichtien", "type": "4", "couleur": "#0D47A1"}}, {"type": "Feature", "geometry": {"type": "Point", "coordinates": [-13.58333, 13.72417]}, "properties": {"nom": "Dar El Salam", "nappe": "Maastrichtien", "type": "4", "couleur": "#0D47A1"}}, {"type": "Feature", "geometry": {"type": "Point", "coordinates": [-13.17222, 13.69111]}, "properties": {"nom": "Missirah", "nappe": "Maastrichtien", "type": "4", "couleur": "#0D47A1"}}, {"type": "Feature", "geometry": {"type": "Point", "coordinates": [-13.12194, 13.95917]}, "properties": {"nom": "Tiara", "nappe": "Maastrichtien", "type": "4", "couleur": "#0D47A1"}}, {"type": "Feature", "geometry": {"type": "Point", "coordinates": [-13.28472, 13.66694]}, "properties": {"nom": "Kaor", "nappe": "Maastrichtien", "type": "4", "couleur": "#0D47A1"}}, {"type": "Feature", "geometry": {"type": "Point", "coordinates": [-13.51139, 13.52639]}, "properties": {"nom": "Missirah", "nappe": "Maastrichtien", "type": "4", "couleur": "#0D47A1"}}, {"type": "Feature", "geometry": {"type": "Point", "coordinates": [-13.55139, 13.61333]}, "properties": {"nom": "Hamdallaye Tessan", "nappe": "Maastrichtien", "type": "4", "couleur": "#0D47A1"}}, {"type": "Feature", "geometry": {"type": "Point", "coordinates": [-13.76667, 13.12917]}, "properties": {"nom": "Medina Gounas", "nappe": "Maastrichtien", "type": "4", "couleur": "#0D47A1"}}, {"type": "Feature", "geometry": {"type": "Point", "coordinates": [-12.86694, 13.91972]}, "properties": {"nom": "Dieylani", "nappe": "Maastrichtien", "type": "4", "couleur": "#0D47A1"}}, {"type": "Feature", "geometry": {"type": "Point", "coordinates": [-12.76389, 13.675]}, "properties": {"nom": "Kothieyel", "nappe": "Maastrichtien", "type": "4", "couleur": "#0D47A1"}}, {"type": "Feature", "geometry": {"type": "Point", "coordinates": [-12.86389, 13.91528]}, "properties": {"nom": "Niery", "nappe": "Maastrichtien", "type": "4", "couleur": "#0D47A1"}}, {"type": "Feature", "geometry": {"type": "Point", "coordinates": [-12.965, 13.67528]}, "properties": {"nom": "Tomboung Komoti", "nappe": "Maastrichtien", "type": "4", "couleur": "#0D47A1"}}, {"type": "Feature", "geometry": {"type": "Point", "coordinates": [-12.85222, 13.97472]}, "properties": {"nom": "Bode", "nappe": "Maastrichtien", "type": "4", "couleur": "#0D47A1"}}, {"type": "Feature", "geometry": {"type": "Point", "coordinates": [-12.915, 13.7425]}, "properties": {"nom": "Kaniba", "nappe": "Maastrichtien", "type": "4", "couleur": "#0D47A1"}}, {"type": "Feature", "geometry": {"type": "Point", "coordinates": [-12.62472, 13.89222]}, "properties": {"nom": "Talibadji Toucouleur", "nappe": "Maastrichtien", "type": "4", "couleur": "#0D47A1"}}, {"type": "Feature", "geometry": {"type": "Point", "coordinates": [-12.62389, 13.84639]}, "properties": {"nom": "Gourel Demba", "nappe": "Maastrichtien", "type": "4", "couleur": "#0D47A1"}}, {"type": "Feature", "geometry": {"type": "Point", "coordinates": [-12.93194, 13.61]}, "properties": {"nom": "Lokolokou", "nappe": "Maastrichtien", "type": "4", "couleur": "#0D47A1"}}, {"type": "Feature", "geometry": {"type": "Point", "coordinates": [-12.88194, 13.63722]}, "properties": {"nom": "Konaye", "nappe": "Maastrichtien", "type": "4", "couleur": "#0D47A1"}}, {"type": "Feature", "geometry": {"type": "Point", "coordinates": [-12.9025, 13.61333]}, "properties": {"nom": "Sinthiou Malal", "nappe": "Maastrichtien", "type": "4", "couleur": "#0D47A1"}}, {"type": "Feature", "geometry": {"type": "Point", "coordinates": [-15.50222, 12.81611]}, "properties": {"nom": "Bambadion", "nappe": "Maastrichtien", "type": "4", "couleur": "#0D47A1"}}, {"type": "Feature", "geometry": {"type": "Point", "coordinates": [-15.5125, 12.66889]}, "properties": {"nom": "Boraya", "nappe": "Maastrichtien", "type": "4", "couleur": "#0D47A1"}}, {"type": "Feature", "geometry": {"type": "Point", "coordinates": [-15.59833, 12.70944]}, "properties": {"nom": "Bouchra", "nappe": "Maastrichtien", "type": "4", "couleur": "#0D47A1"}}, {"type": "Feature", "geometry": {"type": "Point", "coordinates": [-15.08139, 12.7325]}, "properties": {"nom": "Ainoumady Dioumbembe", "nappe": "Maastrichtien", "type": "4", "couleur": "#0D47A1"}}, {"type": "Feature", "geometry": {"type": "Point", "coordinates": [-15.11333, 12.765]}, "properties": {"nom": "Sare Yoba Diega", "nappe": "Maastrichtien", "type": "4", "couleur": "#0D47A1"}}, {"type": "Feature", "geometry": {"type": "Point", "coordinates": [-15.68889, 12.66361]}, "properties": {"nom": "Boudie Samine", "nappe": "Maastrichtien", "type": "4", "couleur": "#0D47A1"}}, {"type": "Feature", "geometry": {"type": "Point", "coordinates": [-14.86028, 12.9725]}, "properties": {"nom": "Santa Koye", "nappe": "Maastrichtien", "type": "4", "couleur": "#0D47A1"}}, {"type": "Feature", "geometry": {"type": "Point", "coordinates": [-14.90694, 12.75]}, "properties": {"nom": "Medina El Hadji", "nappe": "Maastrichtien", "type": "4", "couleur": "#0D47A1"}}, {"type": "Feature", "geometry": {"type": "Point", "coordinates": [-14.94222, 12.89722]}, "properties": {"nom": "Kolda F2", "nappe": "Maastrichtien", "type": "4", "couleur": "#0D47A1"}}, {"type": "Feature", "geometry": {"type": "Point", "coordinates": [-14.08722, 12.88444]}, "properties": {"nom": "Kalifourou I", "nappe": "Maastrichtien", "type": "4", "couleur": "#0D47A1"}}, {"type": "Feature", "geometry": {"type": "Point", "coordinates": [-12.46667, 12.55556]}, "properties": {"nom": "Forage F5 De Kedougou", "nappe": "Maastrichtien", "type": "4", "couleur": "#0D47A1"}}, {"type": "Feature", "geometry": {"type": "Point", "coordinates": [-12.13028, 12.50778]}, "properties": {"nom": "Thiangol Yaya Ii", "nappe": "Maastrichtien", "type": "4", "couleur": "#0D47A1"}}, {"type": "Feature", "geometry": {"type": "Point", "coordinates": [-15.41944, 16.34028]}, "properties": {"nom": "Keur Mor Ibra", "nappe": "Maastrichtien", "type": "4", "couleur": "#0D47A1"}}, {"type": "Feature", "geometry": {"type": "Point", "coordinates": [-15.09028, 16.51667]}, "properties": {"nom": "Thile Boubacar", "nappe": "Maastrichtien", "type": "4", "couleur": "#0D47A1"}}, {"type": "Feature", "geometry": {"type": "Point", "coordinates": [-15.13333, 16.3625]}, "properties": {"nom": "Senobowal", "nappe": "Maastrichtien", "type": "4", "couleur": "#0D47A1"}}, {"type": "Feature", "geometry": {"type": "Point", "coordinates": [-15.69444, 16.20139]}, "properties": {"nom": "Diagle", "nappe": "Maastrichtien", "type": "4", "couleur": "#0D47A1"}}, {"type": "Feature", "geometry": {"type": "Point", "coordinates": [-15.64444, 16.30556]}, "properties": {"nom": "Fedia", "nappe": "Maastrichtien", "type": "4", "couleur": "#0D47A1"}}, {"type": "Feature", "geometry": {"type": "Point", "coordinates": [-15.475, 16.15]}, "properties": {"nom": "Sagobe", "nappe": "Maastrichtien", "type": "4", "couleur": "#0D47A1"}}, {"type": "Feature", "geometry": {"type": "Point", "coordinates": [-15.59306, 16.07639]}, "properties": {"nom": "Sare Lamou", "nappe": "Maastrichtien", "type": "4", "couleur": "#0D47A1"}}, {"type": "Feature", "geometry": {"type": "Point", "coordinates": [-15.22111, 16.52056]}, "properties": {"nom": "Bissinabe", "nappe": "Maastrichtien", "type": "4", "couleur": "#0D47A1"}}, {"type": "Feature", "geometry": {"type": "Point", "coordinates": [-15.22111, 16.52056]}, "properties": {"nom": "Bissinabe", "nappe": "Maastrichtien", "type": "4", "couleur": "#0D47A1"}}, {"type": "Feature", "geometry": {"type": "Point", "coordinates": [-14.70722, 16.3575]}, "properties": {"nom": "Koily Gothy (Boki Ndoula)", "nappe": "Maastrichtien", "type": "4", "couleur": "#0D47A1"}}, {"type": "Feature", "geometry": {"type": "Point", "coordinates": [-14.22556, 16.33861]}, "properties": {"nom": "Doumga", "nappe": "Maastrichtien", "type": "4", "couleur": "#0D47A1"}}, {"type": "Feature", "geometry": {"type": "Point", "coordinates": [-14.28333, 16.38056]}, "properties": {"nom": "Diaga (Peul)", "nappe": "Maastrichtien", "type": "4", "couleur": "#0D47A1"}}, {"type": "Feature", "geometry": {"type": "Point", "coordinates": [-14.00056, 16.06389]}, "properties": {"nom": "Boki Dialoube", "nappe": "Maastrichtien", "type": "4", "couleur": "#0D47A1"}}, {"type": "Feature", "geometry": {"type": "Point", "coordinates": [-14.26389, 16.10417]}, "properties": {"nom": "Bano", "nappe": "Maastrichtien", "type": "4", "couleur": "#0D47A1"}}, {"type": "Feature", "geometry": {"type": "Point", "coordinates": [-14.32222, 16.26389]}, "properties": {"nom": "Awgally Croisement", "nappe": "Maastrichtien", "type": "4", "couleur": "#0D47A1"}}, {"type": "Feature", "geometry": {"type": "Point", "coordinates": [-14.28056, 16.25]}, "properties": {"nom": "Maboube Diaobe", "nappe": "Maastrichtien", "type": "4", "couleur": "#0D47A1"}}, {"type": "Feature", "geometry": {"type": "Point", "coordinates": [-14.04667, 16.12861]}, "properties": {"nom": "Boborel", "nappe": "Maastrichtien", "type": "4", "couleur": "#0D47A1"}}, {"type": "Feature", "geometry": {"type": "Point", "coordinates": [-13.95278, 16.10417]}, "properties": {"nom": "Pete", "nappe": "Maastrichtien", "type": "4", "couleur": "#0D47A1"}}, {"type": "Feature", "geometry": {"type": "Point", "coordinates": [-16.06667, 15.3875]}, "properties": {"nom": "Keur Amadou Yalla", "nappe": "Maastrichtien", "type": "4", "couleur": "#0D47A1"}}, {"type": "Feature", "geometry": {"type": "Point", "coordinates": [-16.0375, 15.38194]}, "properties": {"nom": "Dioro Mama Ndiaye", "nappe": "Maastrichtien", "type": "4", "couleur": "#0D47A1"}}, {"type": "Feature", "geometry": {"type": "Point", "coordinates": [-16.07333, 15.58444]}, "properties": {"nom": "Ndiakhate Ndieyri", "nappe": "Maastrichtien", "type": "4", "couleur": "#0D47A1"}}, {"type": "Feature", "geometry": {"type": "Point", "coordinates": [-16.07333, 15.58444]}, "properties": {"nom": "Ndiakhate Ndieyri", "nappe": "Maastrichtien", "type": "4", "couleur": "#0D47A1"}}, {"type": "Feature", "geometry": {"type": "Point", "coordinates": [-16.14056, 15.37306]}, "properties": {"nom": "Ndiouguene Ndiouck", "nappe": "Maastrichtien", "type": "4", "couleur": "#0D47A1"}}, {"type": "Feature", "geometry": {"type": "Point", "coordinates": [-16.64083, 15.04056]}, "properties": {"nom": "Begal", "nappe": "Maastrichtien", "type": "4", "couleur": "#0D47A1"}}, {"type": "Feature", "geometry": {"type": "Point", "coordinates": [-16.11667, 15.11667]}, "properties": {"nom": "Valalane Ouolof", "nappe": "Maastrichtien", "type": "4", "couleur": "#0D47A1"}}, {"type": "Feature", "geometry": {"type": "Point", "coordinates": [-16.16945, 15.10694]}, "properties": {"nom": "Darou Marnane", "nappe": "Maastrichtien", "type": "4", "couleur": "#0D47A1"}}, {"type": "Feature", "geometry": {"type": "Point", "coordinates": [-16.06389, 15.13222]}, "properties": {"nom": "Sare Sara", "nappe": "Maastrichtien", "type": "4", "couleur": "#0D47A1"}}, {"type": "Feature", "geometry": {"type": "Point", "coordinates": [-16.18611, 15.03333]}, "properties": {"nom": "Dekhele", "nappe": "Maastrichtien", "type": "4", "couleur": "#0D47A1"}}, {"type": "Feature", "geometry": {"type": "Point", "coordinates": [-16.02972, 15.24639]}, "properties": {"nom": "Sine Ndiaye", "nappe": "Maastrichtien", "type": "4", "couleur": "#0D47A1"}}, {"type": "Feature", "geometry": {"type": "Point", "coordinates": [-16.06528, 15.30444]}, "properties": {"nom": "Ngol Goureye", "nappe": "Maastrichtien", "type": "4", "couleur": "#0D47A1"}}, {"type": "Feature", "geometry": {"type": "Point", "coordinates": [-16.07611, 15.32056]}, "properties": {"nom": "Thilmakha Ngol", "nappe": "Maastrichtien", "type": "4", "couleur": "#0D47A1"}}, {"type": "Feature", "geometry": {"type": "Point", "coordinates": [-16.12472, 15.28556]}, "properties": {"nom": "Thione Khouma", "nappe": "Maastrichtien", "type": "4", "couleur": "#0D47A1"}}, {"type": "Feature", "geometry": {"type": "Point", "coordinates": [-16.07361, 15.14028]}, "properties": {"nom": "Tawfekh Mbacke", "nappe": "Maastrichtien", "type": "4", "couleur": "#0D47A1"}}, {"type": "Feature", "geometry": {"type": "Point", "coordinates": [-15.94056, 15.65583]}, "properties": {"nom": "Moukh Moukh", "nappe": "Maastrichtien", "type": "4", "couleur": "#0D47A1"}}, {"type": "Feature", "geometry": {"type": "Point", "coordinates": [-15.79028, 15.44222]}, "properties": {"nom": "Moukh Moukh", "nappe": "Maastrichtien", "type": "4", "couleur": "#0D47A1"}}, {"type": "Feature", "geometry": {"type": "Point", "coordinates": [-15.87778, 15.42222]}, "properties": {"nom": "Diewol(Dieval)", "nappe": "Maastrichtien", "type": "4", "couleur": "#0D47A1"}}, {"type": "Feature", "geometry": {"type": "Point", "coordinates": [-15.54722, 15.41944]}, "properties": {"nom": "Fass E.H. Abdoul A.", "nappe": "Maastrichtien", "type": "4", "couleur": "#0D47A1"}}, {"type": "Feature", "geometry": {"type": "Point", "coordinates": [-15.66611, 15.42556]}, "properties": {"nom": "Depal", "nappe": "Maastrichtien", "type": "4", "couleur": "#0D47A1"}}, {"type": "Feature", "geometry": {"type": "Point", "coordinates": [-15.19278, 15.46917]}, "properties": {"nom": "Doundji Parba", "nappe": "Maastrichtien", "type": "4", "couleur": "#0D47A1"}}, {"type": "Feature", "geometry": {"type": "Point", "coordinates": [-15.01389, 15.35611]}, "properties": {"nom": "Gasset Ouolof", "nappe": "Maastrichtien", "type": "4", "couleur": "#0D47A1"}}, {"type": "Feature", "geometry": {"type": "Point", "coordinates": [-15.15611, 15.40194]}, "properties": {"nom": "Nguith", "nappe": "Maastrichtien", "type": "4", "couleur": "#0D47A1"}}, {"type": "Feature", "geometry": {"type": "Point", "coordinates": [-15.15611, 15.40194]}, "properties": {"nom": "Nguith", "nappe": "Maastrichtien", "type": "4", "couleur": "#0D47A1"}}, {"type": "Feature", "geometry": {"type": "Point", "coordinates": [-15.00833, 15.4375]}, "properties": {"nom": "Beynabe", "nappe": "Maastrichtien", "type": "4", "couleur": "#0D47A1"}}, {"type": "Feature", "geometry": {"type": "Point", "coordinates": [-15.83333, 15.14444]}, "properties": {"nom": "Darou Miname Pete", "nappe": "Maastrichtien", "type": "4", "couleur": "#0D47A1"}}, {"type": "Feature", "geometry": {"type": "Point", "coordinates": [-15.95417, 15.13889]}, "properties": {"nom": "Darou Karathiel", "nappe": "Maastrichtien", "type": "4", "couleur": "#0D47A1"}}, {"type": "Feature", "geometry": {"type": "Point", "coordinates": [-15.43944, 15.20944]}, "properties": {"nom": "Gueli", "nappe": "Maastrichtien", "type": "4", "couleur": "#0D47A1"}}, {"type": "Feature", "geometry": {"type": "Point", "coordinates": [-15.59444, 15.195]}, "properties": {"nom": "Khataly", "nappe": "Maastrichtien", "type": "4", "couleur": "#0D47A1"}}, {"type": "Feature", "geometry": {"type": "Point", "coordinates": [-15.59444, 15.195]}, "properties": {"nom": "Khataly", "nappe": "Maastrichtien", "type": "4", "couleur": "#0D47A1"}}, {"type": "Feature", "geometry": {"type": "Point", "coordinates": [-15.13111, 15.08306]}, "properties": {"nom": "Thiarny I Touba Belele Linde", "nappe": "Maastrichtien", "type": "4", "couleur": "#0D47A1"}}, {"type": "Feature", "geometry": {"type": "Point", "coordinates": [-15.13111, 15.08306]}, "properties": {"nom": "Thiarny I Touba Belele Linde", "nappe": "Maastrichtien", "type": "4", "couleur": "#0D47A1"}}, {"type": "Feature", "geometry": {"type": "Point", "coordinates": [-15.03167, 15.2375]}, "properties": {"nom": "Touba Linguere", "nappe": "Maastrichtien", "type": "4", "couleur": "#0D47A1"}}, {"type": "Feature", "geometry": {"type": "Point", "coordinates": [-15.16667, 15.10556]}, "properties": {"nom": "Touba Belel Linde", "nappe": "Maastrichtien", "type": "4", "couleur": "#0D47A1"}}, {"type": "Feature", "geometry": {"type": "Point", "coordinates": [-15.02222, 15.31806]}, "properties": {"nom": "Maugre", "nappe": "Maastrichtien", "type": "4", "couleur": "#0D47A1"}}, {"type": "Feature", "geometry": {"type": "Point", "coordinates": [-14.03333, 15.94444]}, "properties": {"nom": "Lour Wolof", "nappe": "Maastrichtien", "type": "4", "couleur": "#0D47A1"}}, {"type": "Feature", "geometry": {"type": "Point", "coordinates": [-14.98, 15.44472]}, "properties": {"nom": "Vendou Bey I ( Beynabe)", "nappe": "Maastrichtien", "type": "4", "couleur": "#0D47A1"}}, {"type": "Feature", "geometry": {"type": "Point", "coordinates": [-14.93472, 15.05472]}, "properties": {"nom": "Domoke Thiel( Odiole)", "nappe": "Maastrichtien", "type": "4", "couleur": "#0D47A1"}}, {"type": "Feature", "geometry": {"type": "Point", "coordinates": [-14.9, 15.26667]}, "properties": {"nom": "Touba Ndar Fall", "nappe": "Maastrichtien", "type": "4", "couleur": "#0D47A1"}}, {"type": "Feature", "geometry": {"type": "Point", "coordinates": [-14.87083, 15.33111]}, "properties": {"nom": "Barkedji", "nappe": "Maastrichtien", "type": "4", "couleur": "#0D47A1"}}, {"type": "Feature", "geometry": {"type": "Point", "coordinates": [-14.21889, 15.8725]}, "properties": {"nom": "Ngouloum", "nappe": "Maastrichtien", "type": "4", "couleur": "#0D47A1"}}, {"type": "Feature", "geometry": {"type": "Point", "coordinates": [-13.66333, 15.80528]}, "properties": {"nom": "Sare Liou", "nappe": "Maastrichtien", "type": "4", "couleur": "#0D47A1"}}, {"type": "Feature", "geometry": {"type": "Point", "coordinates": [-13.66333, 15.80528]}, "properties": {"nom": "Sare Liou", "nappe": "Maastrichtien", "type": "4", "couleur": "#0D47A1"}}, {"type": "Feature", "geometry": {"type": "Point", "coordinates": [-13.59167, 15.96944]}, "properties": {"nom": "Thilogne", "nappe": "Maastrichtien", "type": "4", "couleur": "#0D47A1"}}, {"type": "Feature", "geometry": {"type": "Point", "coordinates": [-13.48333, 15.8]}, "properties": {"nom": "Kavel Kangal", "nappe": "Maastrichtien", "type": "4", "couleur": "#0D47A1"}}, {"type": "Feature", "geometry": {"type": "Point", "coordinates": [-13.92083, 15.51806]}, "properties": {"nom": "Gasse Barkedji (Lougu\u00e9 Gn\u00e9bi)", "nappe": "Maastrichtien", "type": "4", "couleur": "#0D47A1"}}, {"type": "Feature", "geometry": {"type": "Point", "coordinates": [-13.63889, 15.50694]}, "properties": {"nom": "Guia", "nappe": "Maastrichtien", "type": "4", "couleur": "#0D47A1"}}, {"type": "Feature", "geometry": {"type": "Point", "coordinates": [-13.4, 15.59278]}, "properties": {"nom": "Thiancone Hiraye", "nappe": "Maastrichtien", "type": "4", "couleur": "#0D47A1"}}, {"type": "Feature", "geometry": {"type": "Point", "coordinates": [-13.73778, 15.18667]}, "properties": {"nom": "Belel", "nappe": "Maastrichtien", "type": "4", "couleur": "#0D47A1"}}, {"type": "Feature", "geometry": {"type": "Point", "coordinates": [-13.64556, 15.08222]}, "properties": {"nom": "Namary", "nappe": "Maastrichtien", "type": "4", "couleur": "#0D47A1"}}, {"type": "Feature", "geometry": {"type": "Point", "coordinates": [-13.64556, 15.08222]}, "properties": {"nom": "Namary", "nappe": "Maastrichtien", "type": "4", "couleur": "#0D47A1"}}, {"type": "Feature", "geometry": {"type": "Point", "coordinates": [-16.61944, 14.98056]}, "properties": {"nom": "Mbeuleukhe", "nappe": "Maastrichtien", "type": "4", "couleur": "#0D47A1"}}, {"type": "Feature", "geometry": {"type": "Point", "coordinates": [-16.0375, 14.99167]}, "properties": {"nom": "Ndame Sanossy", "nappe": "Maastrichtien", "type": "4", "couleur": "#0D47A1"}}, {"type": "Feature", "geometry": {"type": "Point", "coordinates": [-16.10111, 14.82611]}, "properties": {"nom": "Yery", "nappe": "Maastrichtien", "type": "4", "couleur": "#0D47A1"}}, {"type": "Feature", "geometry": {"type": "Point", "coordinates": [-16.10111, 14.82611]}, "properties": {"nom": "Yery", "nappe": "Maastrichtien", "type": "4", "couleur": "#0D47A1"}}, {"type": "Feature", "geometry": {"type": "Point", "coordinates": [-16.11472, 14.93111]}, "properties": {"nom": "Mbappe", "nappe": "Maastrichtien", "type": "4", "couleur": "#0D47A1"}}, {"type": "Feature", "geometry": {"type": "Point", "coordinates": [-16.11472, 14.93111]}, "properties": {"nom": "Mbappe", "nappe": "Maastrichtien", "type": "4", "couleur": "#0D47A1"}}, {"type": "Feature", "geometry": {"type": "Point", "coordinates": [-15.91528, 14.51444]}, "properties": {"nom": "Ndiene Lagane", "nappe": "Maastrichtien", "type": "4", "couleur": "#0D47A1"}}, {"type": "Feature", "geometry": {"type": "Point", "coordinates": [-15.70611, 14.64278]}, "properties": {"nom": "Colobane", "nappe": "Maastrichtien", "type": "4", "couleur": "#0D47A1"}}, {"type": "Feature", "geometry": {"type": "Point", "coordinates": [-15.98333, 14.34167]}, "properties": {"nom": "Gagnick Goureye 1", "nappe": "Maastrichtien", "type": "4", "couleur": "#0D47A1"}}, {"type": "Feature", "geometry": {"type": "Point", "coordinates": [-15.98778, 14.40278]}, "properties": {"nom": "Thicki Ouolof", "nappe": "Maastrichtien", "type": "4", "couleur": "#0D47A1"}}, {"type": "Feature", "geometry": {"type": "Point", "coordinates": [-15.76944, 14.475]}, "properties": {"nom": "Dekhaye", "nappe": "Maastrichtien", "type": "4", "couleur": "#0D47A1"}}, {"type": "Feature", "geometry": {"type": "Point", "coordinates": [-15.90833, 14.40861]}, "properties": {"nom": "Keur Madiop Serere", "nappe": "Maastrichtien", "type": "4", "couleur": "#0D47A1"}}, {"type": "Feature", "geometry": {"type": "Point", "coordinates": [-15.90833, 14.40861]}, "properties": {"nom": "Keur Madiop Serere", "nappe": "Maastrichtien", "type": "4", "couleur": "#0D47A1"}}, {"type": "Feature", "geometry": {"type": "Point", "coordinates": [-15.87778, 14.45833]}, "properties": {"nom": "Darou Marnane", "nappe": "Maastrichtien", "type": "4", "couleur": "#0D47A1"}}, {"type": "Feature", "geometry": {"type": "Point", "coordinates": [-15.9575, 14.57139]}, "properties": {"nom": "Touba Mboul", "nappe": "Maastrichtien", "type": "4", "couleur": "#0D47A1"}}, {"type": "Feature", "geometry": {"type": "Point", "coordinates": [-15.86333, 14.38694]}, "properties": {"nom": "Yargouye", "nappe": "Maastrichtien", "type": "4", "couleur": "#0D47A1"}}, {"type": "Feature", "geometry": {"type": "Point", "coordinates": [-15.7125, 14.38056]}, "properties": {"nom": "Mboulougne Diawandou", "nappe": "Maastrichtien", "type": "4", "couleur": "#0D47A1"}}, {"type": "Feature", "geometry": {"type": "Point", "coordinates": [-15.95417, 14.375]}, "properties": {"nom": "Nguelou", "nappe": "Maastrichtien", "type": "4", "couleur": "#0D47A1"}}, {"type": "Feature", "geometry": {"type": "Point", "coordinates": [-15.95556, 14.47778]}, "properties": {"nom": "Malka (Gnibiguel)", "nappe": "Maastrichtien", "type": "4", "couleur": "#0D47A1"}}, {"type": "Feature", "geometry": {"type": "Point", "coordinates": [-15.70417, 14.59444]}, "properties": {"nom": "Bene Coup Coup 2", "nappe": "Maastrichtien", "type": "4", "couleur": "#0D47A1"}}, {"type": "Feature", "geometry": {"type": "Point", "coordinates": [-15.70417, 14.59444]}, "properties": {"nom": "Bene Coup Coup 2", "nappe": "Maastrichtien", "type": "4", "couleur": "#0D47A1"}}, {"type": "Feature", "geometry": {"type": "Point", "coordinates": [-15.52139, 14.31444]}, "properties": {"nom": "Boulel Goumack", "nappe": "Maastrichtien", "type": "4", "couleur": "#0D47A1"}}, {"type": "Feature", "geometry": {"type": "Point", "coordinates": [-15.4, 14.6]}, "properties": {"nom": "Khelcom Diaga", "nappe": "Maastrichtien", "type": "4", "couleur": "#0D47A1"}}, {"type": "Feature", "geometry": {"type": "Point", "coordinates": [-15.65833, 14.425]}, "properties": {"nom": "Gnibi", "nappe": "Maastrichtien", "type": "4", "couleur": "#0D47A1"}}, {"type": "Feature", "geometry": {"type": "Point", "coordinates": [-15.575, 14.42083]}, "properties": {"nom": "Bondie", "nappe": "Maastrichtien", "type": "4", "couleur": "#0D47A1"}}, {"type": "Feature", "geometry": {"type": "Point", "coordinates": [-15.625, 14.49028]}, "properties": {"nom": "Darou Salam Boki", "nappe": "Maastrichtien", "type": "4", "couleur": "#0D47A1"}}, {"type": "Feature", "geometry": {"type": "Point", "coordinates": [-15.64167, 14.59306]}, "properties": {"nom": "Moure", "nappe": "Maastrichtien", "type": "4", "couleur": "#0D47A1"}}, {"type": "Feature", "geometry": {"type": "Point", "coordinates": [-15.61944, 14.39417]}, "properties": {"nom": "Thione", "nappe": "Maastrichtien", "type": "4", "couleur": "#0D47A1"}}, {"type": "Feature", "geometry": {"type": "Point", "coordinates": [-15.57861, 14.35639]}, "properties": {"nom": "Diout Nguel", "nappe": "Maastrichtien", "type": "4", "couleur": "#0D47A1"}}, {"type": "Feature", "geometry": {"type": "Point", "coordinates": [-15.65, 14.43333]}, "properties": {"nom": "Gniby", "nappe": "Maastrichtien", "type": "4", "couleur": "#0D47A1"}}, {"type": "Feature", "geometry": {"type": "Point", "coordinates": [-15.5, 14.44722]}, "properties": {"nom": "Mbegue Village", "nappe": "Maastrichtien", "type": "4", "couleur": "#0D47A1"}}, {"type": "Feature", "geometry": {"type": "Point", "coordinates": [-15.55139, 14.525]}, "properties": {"nom": "Mbegue Foret", "nappe": "Maastrichtien", "type": "4", "couleur": "#0D47A1"}}, {"type": "Feature", "geometry": {"type": "Point", "coordinates": [-15.48889, 14.56111]}, "properties": {"nom": "Khelcom 9", "nappe": "Maastrichtien", "type": "4", "couleur": "#0D47A1"}}, {"type": "Feature", "geometry": {"type": "Point", "coordinates": [-15.41111, 14.36944]}, "properties": {"nom": "Tip Saloum", "nappe": "Maastrichtien", "type": "4", "couleur": "#0D47A1"}}, {"type": "Feature", "geometry": {"type": "Point", "coordinates": [-15.19972, 14.36278]}, "properties": {"nom": "Ndioum Ngainthe", "nappe": "Maastrichtien", "type": "4", "couleur": "#0D47A1"}}, {"type": "Feature", "geometry": {"type": "Point", "coordinates": [-15.04722, 14.53611]}, "properties": {"nom": "Touba Allia", "nappe": "Maastrichtien", "type": "4", "couleur": "#0D47A1"}}, {"type": "Feature", "geometry": {"type": "Point", "coordinates": [-14.88972, 14.84833]}, "properties": {"nom": "Vadane Djoloff", "nappe": "Maastrichtien", "type": "4", "couleur": "#0D47A1"}}, {"type": "Feature", "geometry": {"type": "Point", "coordinates": [-15.2, 14.53028]}, "properties": {"nom": "Darou Miname", "nappe": "Maastrichtien", "type": "4", "couleur": "#0D47A1"}}, {"type": "Feature", "geometry": {"type": "Point", "coordinates": [-15.3225, 14.62278]}, "properties": {"nom": "Diaga Keur Serigne Niang", "nappe": "Maastrichtien", "type": "4", "couleur": "#0D47A1"}}, {"type": "Feature", "geometry": {"type": "Point", "coordinates": [-15.16667, 14.5]}, "properties": {"nom": "Touba Ndiene", "nappe": "Maastrichtien", "type": "4", "couleur": "#0D47A1"}}, {"type": "Feature", "geometry": {"type": "Point", "coordinates": [-15.2, 14.36361]}, "properties": {"nom": "Ndioum Ngainthe", "nappe": "Maastrichtien", "type": "4", "couleur": "#0D47A1"}}, {"type": "Feature", "geometry": {"type": "Point", "coordinates": [-15.04722, 14.55583]}, "properties": {"nom": "Touba Alea", "nappe": "Maastrichtien", "type": "4", "couleur": "#0D47A1"}}, {"type": "Feature", "geometry": {"type": "Point", "coordinates": [-15.95278, 14.26806]}, "properties": {"nom": "Guinguineo", "nappe": "Maastrichtien", "type": "4", "couleur": "#0D47A1"}}, {"type": "Feature", "geometry": {"type": "Point", "coordinates": [-15.73889, 14.12444]}, "properties": {"nom": "Birkelane", "nappe": "Maastrichtien", "type": "4", "couleur": "#0D47A1"}}, {"type": "Feature", "geometry": {"type": "Point", "coordinates": [-15.675, 14.22917]}, "properties": {"nom": "Touba Mbella", "nappe": "Maastrichtien", "type": "4", "couleur": "#0D47A1"}}, {"type": "Feature", "geometry": {"type": "Point", "coordinates": [-15.91667, 14.26444]}, "properties": {"nom": "Ngare Keur Madieng", "nappe": "Maastrichtien", "type": "4", "couleur": "#0D47A1"}}, {"type": "Feature", "geometry": {"type": "Point", "coordinates": [-15.91667, 14.26444]}, "properties": {"nom": "Ngare Keur Madieng", "nappe": "Maastrichtien", "type": "4", "couleur": "#0D47A1"}}, {"type": "Feature", "geometry": {"type": "Point", "coordinates": [-15.93194, 14.0625]}, "properties": {"nom": "Latmingue", "nappe": "Maastrichtien", "type": "4", "couleur": "#0D47A1"}}, {"type": "Feature", "geometry": {"type": "Point", "coordinates": [-15.75278, 14.03611]}, "properties": {"nom": "Segre Secco", "nappe": "Maastrichtien", "type": "4", "couleur": "#0D47A1"}}, {"type": "Feature", "geometry": {"type": "Point", "coordinates": [-15.71917, 14.26833]}, "properties": {"nom": "Gawane Djida", "nappe": "Maastrichtien", "type": "4", "couleur": "#0D47A1"}}, {"type": "Feature", "geometry": {"type": "Point", "coordinates": [-15.67528, 14.05694]}, "properties": {"nom": "Ndimb Korki", "nappe": "Maastrichtien", "type": "4", "couleur": "#0D47A1"}}, {"type": "Feature", "geometry": {"type": "Point", "coordinates": [-15.88944, 14.31611]}, "properties": {"nom": "Ndiago", "nappe": "Maastrichtien", "type": "4", "couleur": "#0D47A1"}}, {"type": "Feature", "geometry": {"type": "Point", "coordinates": [-15.88944, 14.31611]}, "properties": {"nom": "Ndiago", "nappe": "Maastrichtien", "type": "4", "couleur": "#0D47A1"}}, {"type": "Feature", "geometry": {"type": "Point", "coordinates": [-15.88472, 14.13417]}, "properties": {"nom": "Ngathie Naoude", "nappe": "Maastrichtien", "type": "4", "couleur": "#0D47A1"}}, {"type": "Feature", "geometry": {"type": "Point", "coordinates": [-15.71111, 14.32222]}, "properties": {"nom": "Dara Diacke", "nappe": "Maastrichtien", "type": "4", "couleur": "#0D47A1"}}, {"type": "Feature", "geometry": {"type": "Point", "coordinates": [-15.81111, 14.18639]}, "properties": {"nom": "Touba Kawsara Lamsar", "nappe": "Maastrichtien", "type": "4", "couleur": "#0D47A1"}}, {"type": "Feature", "geometry": {"type": "Point", "coordinates": [-15.74528, 14.03556]}, "properties": {"nom": "Segre Secco", "nappe": "Maastrichtien", "type": "4", "couleur": "#0D47A1"}}, {"type": "Feature", "geometry": {"type": "Point", "coordinates": [-15.83333, 14.06667]}, "properties": {"nom": "Thicatt Diery", "nappe": "Maastrichtien", "type": "4", "couleur": "#0D47A1"}}, {"type": "Feature", "geometry": {"type": "Point", "coordinates": [-15.81667, 14.025]}, "properties": {"nom": "Keur Aly Bassine", "nappe": "Maastrichtien", "type": "4", "couleur": "#0D47A1"}}, {"type": "Feature", "geometry": {"type": "Point", "coordinates": [-15.76806, 14.10417]}, "properties": {"nom": "Diamal", "nappe": "Maastrichtien", "type": "4", "couleur": "#0D47A1"}}, {"type": "Feature", "geometry": {"type": "Point", "coordinates": [-15.72083, 14.27583]}, "properties": {"nom": "Panal Thiarene", "nappe": "Maastrichtien", "type": "4", "couleur": "#0D47A1"}}, {"type": "Feature", "geometry": {"type": "Point", "coordinates": [-15.47639, 14.19444]}, "properties": {"nom": "Khende", "nappe": "Maastrichtien", "type": "4", "couleur": "#0D47A1"}}, {"type": "Feature", "geometry": {"type": "Point", "coordinates": [-15.52139, 14.31611]}, "properties": {"nom": "Boulel Saloum", "nappe": "Maastrichtien", "type": "4", "couleur": "#0D47A1"}}, {"type": "Feature", "geometry": {"type": "Point", "coordinates": [-15.55, 14.10278]}, "properties": {"nom": "Kaffrine", "nappe": "Maastrichtien", "type": "4", "couleur": "#0D47A1"}}, {"type": "Feature", "geometry": {"type": "Point", "coordinates": [-15.57778, 14.31111]}, "properties": {"nom": "Torodo", "nappe": "Maastrichtien", "type": "4", "couleur": "#0D47A1"}}, {"type": "Feature", "geometry": {"type": "Point", "coordinates": [-15.55, 14.10278]}, "properties": {"nom": "Kaffrine", "nappe": "Maastrichtien", "type": "4", "couleur": "#0D47A1"}}, {"type": "Feature", "geometry": {"type": "Point", "coordinates": [-15.66389, 14.28556]}, "properties": {"nom": "Alloucki Terres Neuves", "nappe": "Maastrichtien", "type": "4", "couleur": "#0D47A1"}}, {"type": "Feature", "geometry": {"type": "Point", "coordinates": [-15.63194, 14.3225]}, "properties": {"nom": "Fass Goulokoum", "nappe": "Maastrichtien", "type": "4", "couleur": "#0D47A1"}}, {"type": "Feature", "geometry": {"type": "Point", "coordinates": [-15.41222, 14.00278]}, "properties": {"nom": "Medinatou Salam 4", "nappe": "Maastrichtien", "type": "4", "couleur": "#0D47A1"}}, {"type": "Feature", "geometry": {"type": "Point", "coordinates": [-15.63611, 14.03194]}, "properties": {"nom": "Ndiognick Ouolof", "nappe": "Maastrichtien", "type": "4", "couleur": "#0D47A1"}}, {"type": "Feature", "geometry": {"type": "Point", "coordinates": [-15.33472, 14.23333]}, "properties": {"nom": "Dianke Souf", "nappe": "Maastrichtien", "type": "4", "couleur": "#0D47A1"}}, {"type": "Feature", "geometry": {"type": "Point", "coordinates": [-15.5525, 14.14083]}, "properties": {"nom": "Kahi", "nappe": "Maastrichtien", "type": "4", "couleur": "#0D47A1"}}, {"type": "Feature", "geometry": {"type": "Point", "coordinates": [-15.575, 14.3125]}, "properties": {"nom": "Torodo", "nappe": "Maastrichtien", "type": "4", "couleur": "#0D47A1"}}, {"type": "Feature", "geometry": {"type": "Point", "coordinates": [-15.46139, 14.27417]}, "properties": {"nom": "Medina Boulel Sy", "nappe": "Maastrichtien", "type": "4", "couleur": "#0D47A1"}}, {"type": "Feature", "geometry": {"type": "Point", "coordinates": [-15.59722, 14.05556]}, "properties": {"nom": "Loumene", "nappe": "Maastrichtien", "type": "4", "couleur": "#0D47A1"}}, {"type": "Feature", "geometry": {"type": "Point", "coordinates": [-15.42639, 14.19444]}, "properties": {"nom": "Hore", "nappe": "Maastrichtien", "type": "4", "couleur": "#0D47A1"}}, {"type": "Feature", "geometry": {"type": "Point", "coordinates": [-15.33083, 14.33194]}, "properties": {"nom": "Diack Sao Saloum", "nappe": "Maastrichtien", "type": "4", "couleur": "#0D47A1"}}, {"type": "Feature", "geometry": {"type": "Point", "coordinates": [-15.09444, 14.075]}, "properties": {"nom": "Harafat", "nappe": "Maastrichtien", "type": "4", "couleur": "#0D47A1"}}, {"type": "Feature", "geometry": {"type": "Point", "coordinates": [-15.29333, 14.30639]}, "properties": {"nom": "Ndiote Seane", "nappe": "Maastrichtien", "type": "4", "couleur": "#0D47A1"}}, {"type": "Feature", "geometry": {"type": "Point", "coordinates": [-14.93972, 14.93528]}, "properties": {"nom": "Darou Nahim", "nappe": "Maastrichtien", "type": "4", "couleur": "#0D47A1"}}, {"type": "Feature", "geometry": {"type": "Point", "coordinates": [-14.93972, 14.93528]}, "properties": {"nom": "Darou Nahim", "nappe": "Maastrichtien", "type": "4", "couleur": "#0D47A1"}}, {"type": "Feature", "geometry": {"type": "Point", "coordinates": [-14.82167, 14.70889]}, "properties": {"nom": "Touba Patacour", "nappe": "Maastrichtien", "type": "4", "couleur": "#0D47A1"}}, {"type": "Feature", "geometry": {"type": "Point", "coordinates": [-14.82167, 14.70889]}, "properties": {"nom": "Touba Patacour", "nappe": "Maastrichtien", "type": "4", "couleur": "#0D47A1"}}, {"type": "Feature", "geometry": {"type": "Point", "coordinates": [-14.53333, 14.88556]}, "properties": {"nom": "Belel Touffle", "nappe": "Maastrichtien", "type": "4", "couleur": "#0D47A1"}}, {"type": "Feature", "geometry": {"type": "Point", "coordinates": [-14.21667, 14.71667]}, "properties": {"nom": "Boulone Seno", "nappe": "Maastrichtien", "type": "4", "couleur": "#0D47A1"}}, {"type": "Feature", "geometry": {"type": "Point", "coordinates": [-14.24444, 14.97361]}, "properties": {"nom": "Boulone Seno", "nappe": "Maastrichtien", "type": "4", "couleur": "#0D47A1"}}, {"type": "Feature", "geometry": {"type": "Point", "coordinates": [-14.68472, 14.37222]}, "properties": {"nom": "Ribot Escale", "nappe": "Maastrichtien", "type": "4", "couleur": "#0D47A1"}}, {"type": "Feature", "geometry": {"type": "Point", "coordinates": [-14.88333, 14.49306]}, "properties": {"nom": "Koung Koung", "nappe": "Maastrichtien", "type": "4", "couleur": "#0D47A1"}}, {"type": "Feature", "geometry": {"type": "Point", "coordinates": [-14.40917, 14.43694]}, "properties": {"nom": "Payar", "nappe": "Maastrichtien", "type": "4", "couleur": "#0D47A1"}}, {"type": "Feature", "geometry": {"type": "Point", "coordinates": [-14.62444, 14.60556]}, "properties": {"nom": "Boundou Mbaba", "nappe": "Maastrichtien", "type": "4", "couleur": "#0D47A1"}}, {"type": "Feature", "geometry": {"type": "Point", "coordinates": [-14.26944, 14.47111]}, "properties": {"nom": "Loumbi Guelbasso", "nappe": "Maastrichtien", "type": "4", "couleur": "#0D47A1"}}, {"type": "Feature", "geometry": {"type": "Point", "coordinates": [-14.05556, 14.34889]}, "properties": {"nom": "Lofe", "nappe": "Maastrichtien", "type": "4", "couleur": "#0D47A1"}}, {"type": "Feature", "geometry": {"type": "Point", "coordinates": [-14.93667, 14.27639]}, "properties": {"nom": "Gainte Pathe", "nappe": "Maastrichtien", "type": "4", "couleur": "#0D47A1"}}, {"type": "Feature", "geometry": {"type": "Point", "coordinates": [-14.74306, 14.22083]}, "properties": {"nom": "Lour Escale", "nappe": "Maastrichtien", "type": "4", "couleur": "#0D47A1"}}, {"type": "Feature", "geometry": {"type": "Point", "coordinates": [-14.375, 14.13333]}, "properties": {"nom": "Boynguel Dadi", "nappe": "Maastrichtien", "type": "4", "couleur": "#0D47A1"}}, {"type": "Feature", "geometry": {"type": "Point", "coordinates": [-13.7025, 14.73111]}, "properties": {"nom": "Sivi Abe", "nappe": "Maastrichtien", "type": "4", "couleur": "#0D47A1"}}, {"type": "Feature", "geometry": {"type": "Point", "coordinates": [-13.88611, 14.75139]}, "properties": {"nom": "Kare Kabi", "nappe": "Maastrichtien", "type": "4", "couleur": "#0D47A1"}}, {"type": "Feature", "geometry": {"type": "Point", "coordinates": [-13.8, 14.925]}, "properties": {"nom": "Civiabe Occidental", "nappe": "Maastrichtien", "type": "4", "couleur": "#0D47A1"}}, {"type": "Feature", "geometry": {"type": "Point", "coordinates": [-13.4875, 14.93944]}, "properties": {"nom": "Fete Bowe", "nappe": "Maastrichtien", "type": "4", "couleur": "#0D47A1"}}, {"type": "Feature", "geometry": {"type": "Point", "coordinates": [-14.47556, 13.71667]}, "properties": {"nom": "Dounoubel", "nappe": "Maastrichtien", "type": "4", "couleur": "#0D47A1"}}, {"type": "Feature", "geometry": {"type": "Point", "coordinates": [-13.72, 14.48278]}, "properties": {"nom": "Dounoubel", "nappe": "Maastrichtien", "type": "4", "couleur": "#0D47A1"}}, {"type": "Feature", "geometry": {"type": "Point", "coordinates": [-13.80972, 14.375]}, "properties": {"nom": "Sint. Doubel Paravol", "nappe": "Maastrichtien", "type": "4", "couleur": "#0D47A1"}}, {"type": "Feature", "geometry": {"type": "Point", "coordinates": [-13.39722, 14.38056]}, "properties": {"nom": "Dindedji", "nappe": "Maastrichtien", "type": "4", "couleur": "#0D47A1"}}, {"type": "Feature", "geometry": {"type": "Point", "coordinates": [-13.275, 14.61944]}, "properties": {"nom": "Toubere Amadou", "nappe": "Maastrichtien", "type": "4", "couleur": "#0D47A1"}}, {"type": "Feature", "geometry": {"type": "Point", "coordinates": [-13.96944, 14.125]}, "properties": {"nom": "Davadi Meissa Pathe", "nappe": "Maastrichtien", "type": "4", "couleur": "#0D47A1"}}, {"type": "Feature", "geometry": {"type": "Point", "coordinates": [-13.57139, 14.23028]}, "properties": {"nom": "Sinthiou Bocar Ali", "nappe": "Maastrichtien", "type": "4", "couleur": "#0D47A1"}}, {"type": "Feature", "geometry": {"type": "Point", "coordinates": [-13.16667, 14.02222]}, "properties": {"nom": "Balla", "nappe": "Maastrichtien", "type": "4", "couleur": "#0D47A1"}}, {"type": "Feature", "geometry": {"type": "Point", "coordinates": [-13.13639, 14.06833]}, "properties": {"nom": "Kouthia Kasse", "nappe": "Maastrichtien", "type": "4", "couleur": "#0D47A1"}}, {"type": "Feature", "geometry": {"type": "Point", "coordinates": [-13.1375, 14.07222]}, "properties": {"nom": "Kouthia Kasse", "nappe": "Maastrichtien", "type": "4", "couleur": "#0D47A1"}}, {"type": "Feature", "geometry": {"type": "Point", "coordinates": [-12.88056, 14.61972]}, "properties": {"nom": "Bokissaboudou", "nappe": "Maastrichtien", "type": "4", "couleur": "#0D47A1"}}, {"type": "Feature", "geometry": {"type": "Point", "coordinates": [-12.70833, 14.19167]}, "properties": {"nom": "Goudiri", "nappe": "Maastrichtien", "type": "4", "couleur": "#0D47A1"}}, {"type": "Feature", "geometry": {"type": "Point", "coordinates": [-12.70833, 14.19444]}, "properties": {"nom": "Goudiry", "nappe": "Maastrichtien", "type": "4", "couleur": "#0D47A1"}}, {"type": "Feature", "geometry": {"type": "Point", "coordinates": [-12.93056, 14.09167]}, "properties": {"nom": "Boinguel Bamba", "nappe": "Maastrichtien", "type": "4", "couleur": "#0D47A1"}}, {"type": "Feature", "geometry": {"type": "Point", "coordinates": [-12.93056, 14.09722]}, "properties": {"nom": "Boinguel Bamba", "nappe": "Maastrichtien", "type": "4", "couleur": "#0D47A1"}}, {"type": "Feature", "geometry": {"type": "Point", "coordinates": [-12.76167, 14.0275]}, "properties": {"nom": "Koudy I", "nappe": "Maastrichtien", "type": "4", "couleur": "#0D47A1"}}, {"type": "Feature", "geometry": {"type": "Point", "coordinates": [-12.76167, 14.0275]}, "properties": {"nom": "Koudy  Ii", "nappe": "Maastrichtien", "type": "4", "couleur": "#0D47A1"}}, {"type": "Feature", "geometry": {"type": "Point", "coordinates": [-12.57833, 14.09167]}, "properties": {"nom": "Dakaba I", "nappe": "Maastrichtien", "type": "4", "couleur": "#0D47A1"}}, {"type": "Feature", "geometry": {"type": "Point", "coordinates": [-12.92083, 13.49583]}, "properties": {"nom": "Dakaba I", "nappe": "Maastrichtien", "type": "4", "couleur": "#0D47A1"}}, {"type": "Feature", "geometry": {"type": "Point", "coordinates": [-16.76306, 13.93806]}, "properties": {"nom": "Djifere", "nappe": "Maastrichtien", "type": "4", "couleur": "#0D47A1"}}, {"type": "Feature", "geometry": {"type": "Point", "coordinates": [-16.76667, 13.93111]}, "properties": {"nom": "Djiffer", "nappe": "Maastrichtien", "type": "4", "couleur": "#0D47A1"}}, {"type": "Feature", "geometry": {"type": "Point", "coordinates": [-16.61111, 13.97778]}, "properties": {"nom": "Djirnda", "nappe": "Maastrichtien", "type": "4", "couleur": "#0D47A1"}}, {"type": "Feature", "geometry": {"type": "Point", "coordinates": [-16.58889, 13.96111]}, "properties": {"nom": "Ngadior", "nappe": "Maastrichtien", "type": "4", "couleur": "#0D47A1"}}, {"type": "Feature", "geometry": {"type": "Point", "coordinates": [-16.62861, 13.92639]}, "properties": {"nom": "Thialane", "nappe": "Maastrichtien", "type": "4", "couleur": "#0D47A1"}}, {"type": "Feature", "geometry": {"type": "Point", "coordinates": [-16.36667, 13.87917]}, "properties": {"nom": "Sokone", "nappe": "Maastrichtien", "type": "4", "couleur": "#0D47A1"}}, {"type": "Feature", "geometry": {"type": "Point", "coordinates": [-16.47778, 13.77778]}, "properties": {"nom": "Toubacouta", "nappe": "Maastrichtien", "type": "4", "couleur": "#0D47A1"}}, {"type": "Feature", "geometry": {"type": "Point", "coordinates": [-16.33945, 13.99889]}, "properties": {"nom": "Ndorong Serere", "nappe": "Maastrichtien", "type": "4", "couleur": "#0D47A1"}}, {"type": "Feature", "geometry": {"type": "Point", "coordinates": [-16.65, 13.9625]}, "properties": {"nom": "Mounde", "nappe": "Maastrichtien", "type": "4", "couleur": "#0D47A1"}}, {"type": "Feature", "geometry": {"type": "Point", "coordinates": [-16.63333, 13.93472]}, "properties": {"nom": "Thialane", "nappe": "Maastrichtien", "type": "4", "couleur": "#0D47A1"}}, {"type": "Feature", "geometry": {"type": "Point", "coordinates": [-16.59167, 13.925]}, "properties": {"nom": "Bassoul", "nappe": "Maastrichtien", "type": "4", "couleur": "#0D47A1"}}, {"type": "Feature", "geometry": {"type": "Point", "coordinates": [-16.64444, 13.90556]}, "properties": {"nom": "Diogane", "nappe": "Maastrichtien", "type": "4", "couleur": "#0D47A1"}}, {"type": "Feature", "geometry": {"type": "Point", "coordinates": [-16.6, 13.98333]}, "properties": {"nom": "Djirnda", "nappe": "Maastrichtien", "type": "4", "couleur": "#0D47A1"}}, {"type": "Feature", "geometry": {"type": "Point", "coordinates": [-16.12222, 13.99444]}, "properties": {"nom": "Diobene Math", "nappe": "Maastrichtien", "type": "4", "couleur": "#0D47A1"}}, {"type": "Feature", "geometry": {"type": "Point", "coordinates": [-16.20555, 13.96944]}, "properties": {"nom": "Tawa Mboudaye", "nappe": "Maastrichtien", "type": "4", "couleur": "#0D47A1"}}, {"type": "Feature", "geometry": {"type": "Point", "coordinates": [-16.05833, 13.99167]}, "properties": {"nom": "Keur Soc\u00e9", "nappe": "Maastrichtien", "type": "4", "couleur": "#0D47A1"}}, {"type": "Feature", "geometry": {"type": "Point", "coordinates": [-16.30333, 13.8925]}, "properties": {"nom": "Mbowene Souleye", "nappe": "Maastrichtien", "type": "4", "couleur": "#0D47A1"}}, {"type": "Feature", "geometry": {"type": "Point", "coordinates": [-15.9, 13.91667]}, "properties": {"nom": "Ndoffane", "nappe": "Maastrichtien", "type": "4", "couleur": "#0D47A1"}}, {"type": "Feature", "geometry": {"type": "Point", "coordinates": [-15.73333, 13.99833]}, "properties": {"nom": "Segre Gatta", "nappe": "Maastrichtien", "type": "4", "couleur": "#0D47A1"}}, {"type": "Feature", "geometry": {"type": "Point", "coordinates": [-15.68889, 13.74167]}, "properties": {"nom": "Dabaly", "nappe": "Maastrichtien", "type": "4", "couleur": "#0D47A1"}}, {"type": "Feature", "geometry": {"type": "Point", "coordinates": [-15.40833, 13.94722]}, "properties": {"nom": "Kathiotte", "nappe": "Maastrichtien", "type": "4", "couleur": "#0D47A1"}}, {"type": "Feature", "geometry": {"type": "Point", "coordinates": [-15.60556, 13.90333]}, "properties": {"nom": "Keur Mademba", "nappe": "Maastrichtien", "type": "4", "couleur": "#0D47A1"}}, {"type": "Feature", "geometry": {"type": "Point", "coordinates": [-15.63444, 13.78139]}, "properties": {"nom": "Kabakoto", "nappe": "Maastrichtien", "type": "4", "couleur": "#0D47A1"}}, {"type": "Feature", "geometry": {"type": "Point", "coordinates": [-15.4125, 13.94722]}, "properties": {"nom": "Kathiotte", "nappe": "Maastrichtien", "type": "4", "couleur": "#0D47A1"}}, {"type": "Feature", "geometry": {"type": "Point", "coordinates": [-15.60833, 13.87222]}, "properties": {"nom": "Darou Wanar F2", "nappe": "Maastrichtien", "type": "4", "couleur": "#0D47A1"}}, {"type": "Feature", "geometry": {"type": "Point", "coordinates": [-14.86667, 13.9]}, "properties": {"nom": "Sorokogne", "nappe": "Maastrichtien", "type": "4", "couleur": "#0D47A1"}}, {"type": "Feature", "geometry": {"type": "Point", "coordinates": [-15.79472, 13.98333]}, "properties": {"nom": "Medina Mbadianene", "nappe": "Maastrichtien", "type": "4", "couleur": "#0D47A1"}}, {"type": "Feature", "geometry": {"type": "Point", "coordinates": [-14.34444, 13.90278]}, "properties": {"nom": "Koumare", "nappe": "Maastrichtien", "type": "4", "couleur": "#0D47A1"}}, {"type": "Feature", "geometry": {"type": "Point", "coordinates": [-14.43889, 13.74167]}, "properties": {"nom": "Felane Sine", "nappe": "Maastrichtien", "type": "4", "couleur": "#0D47A1"}}, {"type": "Feature", "geometry": {"type": "Point", "coordinates": [-14.18333, 13.85]}, "properties": {"nom": "Diameguene Diameveli", "nappe": "Maastrichtien", "type": "4", "couleur": "#0D47A1"}}, {"type": "Feature", "geometry": {"type": "Point", "coordinates": [-14.25917, 13.65944]}, "properties": {"nom": "Colibantang", "nappe": "Maastrichtien", "type": "4", "couleur": "#0D47A1"}}, {"type": "Feature", "geometry": {"type": "Point", "coordinates": [-14.36111, 13.01111]}, "properties": {"nom": "Diankacounda Oguel", "nappe": "Maastrichtien", "type": "4", "couleur": "#0D47A1"}}, {"type": "Feature", "geometry": {"type": "Point", "coordinates": [-14.25556, 13.18333]}, "properties": {"nom": "Djida Maoudou", "nappe": "Maastrichtien", "type": "4", "couleur": "#0D47A1"}}, {"type": "Feature", "geometry": {"type": "Point", "coordinates": [-14.25556, 13.18333]}, "properties": {"nom": "Djida Maoudo", "nappe": "Maastrichtien", "type": "4", "couleur": "#0D47A1"}}, {"type": "Feature", "geometry": {"type": "Point", "coordinates": [-13.85833, 13.91806]}, "properties": {"nom": "Sinthiou Diaouli", "nappe": "Maastrichtien", "type": "4", "couleur": "#0D47A1"}}, {"type": "Feature", "geometry": {"type": "Point", "coordinates": [-13.66806, 13.78333]}, "properties": {"nom": "Tambacounda F4", "nappe": "Maastrichtien", "type": "4", "couleur": "#0D47A1"}}, {"type": "Feature", "geometry": {"type": "Point", "coordinates": [-13.41111, 13.97917]}, "properties": {"nom": "Koulor", "nappe": "Maastrichtien", "type": "4", "couleur": "#0D47A1"}}, {"type": "Feature", "geometry": {"type": "Point", "coordinates": [-13.66667, 13.78333]}, "properties": {"nom": "Tambacounda F5", "nappe": "Maastrichtien", "type": "4", "couleur": "#0D47A1"}}, {"type": "Feature", "geometry": {"type": "Point", "coordinates": [-13.77917, 13.1375]}, "properties": {"nom": "Medina Gounass", "nappe": "Maastrichtien", "type": "4", "couleur": "#0D47A1"}}, {"type": "Feature", "geometry": {"type": "Point", "coordinates": [-13.77917, 13.1375]}, "properties": {"nom": "Medina Gounass", "nappe": "Maastrichtien", "type": "4", "couleur": "#0D47A1"}}, {"type": "Feature", "geometry": {"type": "Point", "coordinates": [-13.28278, 13.31972]}, "properties": {"nom": "Dialakoto", "nappe": "Maastrichtien", "type": "4", "couleur": "#0D47A1"}}, {"type": "Feature", "geometry": {"type": "Point", "coordinates": [-12.97556, 13.72389]}, "properties": {"nom": "Bantanani", "nappe": "Maastrichtien", "type": "4", "couleur": "#0D47A1"}}, {"type": "Feature", "geometry": {"type": "Point", "coordinates": [-12.91556, 13.66389]}, "properties": {"nom": "Komoti", "nappe": "Maastrichtien", "type": "4", "couleur": "#0D47A1"}}, {"type": "Feature", "geometry": {"type": "Point", "coordinates": [-16.22778, 12.79722]}, "properties": {"nom": "Bignona", "nappe": "Maastrichtien", "type": "4", "couleur": "#0D47A1"}}, {"type": "Feature", "geometry": {"type": "Point", "coordinates": [-15.99167, 12.95556]}, "properties": {"nom": "Oulampane", "nappe": "Maastrichtien", "type": "4", "couleur": "#0D47A1"}}, {"type": "Feature", "geometry": {"type": "Point", "coordinates": [-15.90833, 12.66944]}, "properties": {"nom": "Taifa Linketo", "nappe": "Maastrichtien", "type": "4", "couleur": "#0D47A1"}}, {"type": "Feature", "geometry": {"type": "Point", "coordinates": [-15.5625, 12.69583]}, "properties": {"nom": "Sedhiou", "nappe": "Maastrichtien", "type": "4", "couleur": "#0D47A1"}}, {"type": "Feature", "geometry": {"type": "Point", "coordinates": [-15.46944, 12.77778]}, "properties": {"nom": "Karantaba Soucoutoto", "nappe": "Maastrichtien", "type": "4", "couleur": "#0D47A1"}}, {"type": "Feature", "geometry": {"type": "Point", "coordinates": [-15.35972, 12.86528]}, "properties": {"nom": "Manconomba", "nappe": "Maastrichtien", "type": "4", "couleur": "#0D47A1"}}, {"type": "Feature", "geometry": {"type": "Point", "coordinates": [-15.38333, 12.83472]}, "properties": {"nom": "Soumboundou Pakao", "nappe": "Maastrichtien", "type": "4", "couleur": "#0D47A1"}}, {"type": "Feature", "geometry": {"type": "Point", "coordinates": [-15.6, 12.84444]}, "properties": {"nom": "Sefa", "nappe": "Maastrichtien", "type": "4", "couleur": "#0D47A1"}}, {"type": "Feature", "geometry": {"type": "Point", "coordinates": [-15.525, 12.72778]}, "properties": {"nom": "Sandinieri", "nappe": "Maastrichtien", "type": "4", "couleur": "#0D47A1"}}, {"type": "Feature", "geometry": {"type": "Point", "coordinates": [-15.56556, 12.70667]}, "properties": {"nom": "Sedhiou", "nappe": "Maastrichtien", "type": "4", "couleur": "#0D47A1"}}, {"type": "Feature", "geometry": {"type": "Point", "coordinates": [-15.10389, 12.76861]}, "properties": {"nom": "Sare Yoba Diega", "nappe": "Maastrichtien", "type": "4", "couleur": "#0D47A1"}}, {"type": "Feature", "geometry": {"type": "Point", "coordinates": [-15.25, 12.87667]}, "properties": {"nom": "Diannah Malari", "nappe": "Maastrichtien", "type": "4", "couleur": "#0D47A1"}}, {"type": "Feature", "geometry": {"type": "Point", "coordinates": [-15.25, 12.85278]}, "properties": {"nom": "Diannah Ba 4", "nappe": "Maastrichtien", "type": "4", "couleur": "#0D47A1"}}, {"type": "Feature", "geometry": {"type": "Point", "coordinates": [-15.2675, 12.70472]}, "properties": {"nom": "Nianga", "nappe": "Maastrichtien", "type": "4", "couleur": "#0D47A1"}}, {"type": "Feature", "geometry": {"type": "Point", "coordinates": [-15.69167, 12.5125]}, "properties": {"nom": "Sibana", "nappe": "Maastrichtien", "type": "4", "couleur": "#0D47A1"}}, {"type": "Feature", "geometry": {"type": "Point", "coordinates": [-15.67389, 12.53639]}, "properties": {"nom": "Kanampar", "nappe": "Maastrichtien", "type": "4", "couleur": "#0D47A1"}}, {"type": "Feature", "geometry": {"type": "Point", "coordinates": [-15.825, 12.50833]}, "properties": {"nom": "Saliot", "nappe": "Maastrichtien", "type": "4", "couleur": "#0D47A1"}}, {"type": "Feature", "geometry": {"type": "Point", "coordinates": [-15.68472, 12.56944]}, "properties": {"nom": "Diattacounda", "nappe": "Maastrichtien", "type": "4", "couleur": "#0D47A1"}}, {"type": "Feature", "geometry": {"type": "Point", "coordinates": [-15.80833, 12.54167]}, "properties": {"nom": "Djibanar", "nappe": "Maastrichtien", "type": "4", "couleur": "#0D47A1"}}, {"type": "Feature", "geometry": {"type": "Point", "coordinates": [-15.92639, 12.52222]}, "properties": {"nom": "Singher Diola", "nappe": "Maastrichtien", "type": "4", "couleur": "#0D47A1"}}, {"type": "Feature", "geometry": {"type": "Point", "coordinates": [-15.93333, 12.575]}, "properties": {"nom": "Kaour Mangcounda", "nappe": "Maastrichtien", "type": "4", "couleur": "#0D47A1"}}, {"type": "Feature", "geometry": {"type": "Point", "coordinates": [-15.42778, 12.64444]}, "properties": {"nom": "Tanaff", "nappe": "Maastrichtien", "type": "4", "couleur": "#0D47A1"}}, {"type": "Feature", "geometry": {"type": "Point", "coordinates": [-15.51667, 12.625]}, "properties": {"nom": "Simbandi Brassou B.", "nappe": "Maastrichtien", "type": "4", "couleur": "#0D47A1"}}, {"type": "Feature", "geometry": {"type": "Point", "coordinates": [-15.65667, 12.61111]}, "properties": {"nom": "Bambali", "nappe": "Maastrichtien", "type": "4", "couleur": "#0D47A1"}}, {"type": "Feature", "geometry": {"type": "Point", "coordinates": [-15.51667, 12.52778]}, "properties": {"nom": "Mangaroungou", "nappe": "Maastrichtien", "type": "4", "couleur": "#0D47A1"}}, {"type": "Feature", "geometry": {"type": "Point", "coordinates": [-15.64583, 12.48167]}, "properties": {"nom": "Sathioum", "nappe": "Maastrichtien", "type": "4", "couleur": "#0D47A1"}}, {"type": "Feature", "geometry": {"type": "Point", "coordinates": [-15.60833, 12.5]}, "properties": {"nom": "Kougne Balante", "nappe": "Maastrichtien", "type": "4", "couleur": "#0D47A1"}}, {"type": "Feature", "geometry": {"type": "Point", "coordinates": [-15.65, 12.59722]}, "properties": {"nom": "Bambali", "nappe": "Maastrichtien", "type": "4", "couleur": "#0D47A1"}}, {"type": "Feature", "geometry": {"type": "Point", "coordinates": [-15.45, 12.575]}, "properties": {"nom": "Karoumbou Bissassou Santo", "nappe": "Maastrichtien", "type": "4", "couleur": "#0D47A1"}}, {"type": "Feature", "geometry": {"type": "Point", "coordinates": [-14.94278, 12.8975]}, "properties": {"nom": "Kolda", "nappe": "Maastrichtien", "type": "4", "couleur": "#0D47A1"}}, {"type": "Feature", "geometry": {"type": "Point", "coordinates": [-14.75778, 12.83806]}, "properties": {"nom": "Sare Sara", "nappe": "Maastrichtien", "type": "4", "couleur": "#0D47A1"}}, {"type": "Feature", "geometry": {"type": "Point", "coordinates": [-14.73917, 12.6925]}, "properties": {"nom": "Salikegne Peulh", "nappe": "Maastrichtien", "type": "4", "couleur": "#0D47A1"}}, {"type": "Feature", "geometry": {"type": "Point", "coordinates": [-14.84167, 12.76944]}, "properties": {"nom": "Guiro Yoro Bocar", "nappe": "Maastrichtien", "type": "4", "couleur": "#0D47A1"}}, {"type": "Feature", "geometry": {"type": "Point", "coordinates": [-14.94167, 12.9]}, "properties": {"nom": "Kolda", "nappe": "Maastrichtien", "type": "4", "couleur": "#0D47A1"}}, {"type": "Feature", "geometry": {"type": "Point", "coordinates": [-14.60556, 12.69167]}, "properties": {"nom": "Dialacoumbi", "nappe": "Maastrichtien", "type": "4", "couleur": "#0D47A1"}}, {"type": "Feature", "geometry": {"type": "Point", "coordinates": [-14.46833, 12.87361]}, "properties": {"nom": "Dabo", "nappe": "Maastrichtien", "type": "4", "couleur": "#0D47A1"}}, {"type": "Feature", "geometry": {"type": "Point", "coordinates": [-14.36111, 12.94444]}, "properties": {"nom": "Sare Pathe Bouya", "nappe": "Maastrichtien", "type": "4", "couleur": "#0D47A1"}}, {"type": "Feature", "geometry": {"type": "Point", "coordinates": [-14.47972, 12.70778]}, "properties": {"nom": "Coumbacara", "nappe": "Maastrichtien", "type": "4", "couleur": "#0D47A1"}}, {"type": "Feature", "geometry": {"type": "Point", "coordinates": [-14.46667, 12.82222]}, "properties": {"nom": "Ngoki", "nappe": "Maastrichtien", "type": "4", "couleur": "#0D47A1"}}, {"type": "Feature", "geometry": {"type": "Point", "coordinates": [-14.53056, 12.87917]}, "properties": {"nom": "Dialambere", "nappe": "Maastrichtien", "type": "4", "couleur": "#0D47A1"}}, {"type": "Feature", "geometry": {"type": "Point", "coordinates": [-14.63556, 12.87556]}, "properties": {"nom": "Bagadadji", "nappe": "Maastrichtien", "type": "4", "couleur": "#0D47A1"}}, {"type": "Feature", "geometry": {"type": "Point", "coordinates": [-14.08194, 12.93611]}, "properties": {"nom": "Kounkane", "nappe": "Maastrichtien", "type": "4", "couleur": "#0D47A1"}}, {"type": "Feature", "geometry": {"type": "Point", "coordinates": [-14.09861, 12.93611]}, "properties": {"nom": "Kounkane", "nappe": "Maastrichtien", "type": "4", "couleur": "#0D47A1"}}, {"type": "Feature", "geometry": {"type": "Point", "coordinates": [-14.15, 12.71667]}, "properties": {"nom": "Nianao", "nappe": "Maastrichtien", "type": "4", "couleur": "#0D47A1"}}, {"type": "Feature", "geometry": {"type": "Point", "coordinates": [-13.71361, 12.84833]}, "properties": {"nom": "Tonguya", "nappe": "Maastrichtien", "type": "4", "couleur": "#0D47A1"}}, {"type": "Feature", "geometry": {"type": "Point", "coordinates": [-13.85639, 12.93806]}, "properties": {"nom": "Patim Kouta", "nappe": "Maastrichtien", "type": "4", "couleur": "#0D47A1"}}, {"type": "Feature", "geometry": {"type": "Point", "coordinates": [-13.83472, 12.7875]}, "properties": {"nom": "Paroumba", "nappe": "Maastrichtien", "type": "4", "couleur": "#0D47A1"}}, {"type": "Feature", "geometry": {"type": "Point", "coordinates": [-13.86944, 12.74167]}, "properties": {"nom": "Temento", "nappe": "Maastrichtien", "type": "4", "couleur": "#0D47A1"}}, {"type": "Feature", "geometry": {"type": "Point", "coordinates": [-12.64722, 12.45833]}, "properties": {"nom": "Daketely", "nappe": "Maastrichtien", "type": "4", "couleur": "#0D47A1"}}, {"type": "Feature", "geometry": {"type": "Point", "coordinates": [-15.68833, 16.10361]}, "properties": {"nom": "Mb\u00e9logne Bay\u00e9di", "nappe": "Maastrichtien", "type": "4", "couleur": "#0D47A1"}}, {"type": "Feature", "geometry": {"type": "Point", "coordinates": [-15.28306, 16.22889]}, "properties": {"nom": "Tatki", "nappe": "Maastrichtien", "type": "4", "couleur": "#0D47A1"}}, {"type": "Feature", "geometry": {"type": "Point", "coordinates": [-14.96667, 16.35]}, "properties": {"nom": "Tekenguel", "nappe": "Maastrichtien", "type": "4", "couleur": "#0D47A1"}}, {"type": "Feature", "geometry": {"type": "Point", "coordinates": [-14.71222, 16.36306]}, "properties": {"nom": "Koyli Gotti", "nappe": "Maastrichtien", "type": "4", "couleur": "#0D47A1"}}, {"type": "Feature", "geometry": {"type": "Point", "coordinates": [-16.50278, 14.58889]}, "properties": {"nom": "Ngonine", "nappe": "Maastrichtien", "type": "4", "couleur": "#0D47A1"}}, {"type": "Feature", "geometry": {"type": "Point", "coordinates": [-14.44417, 16.555]}, "properties": {"nom": "Marda Walo", "nappe": "Maastrichtien", "type": "4", "couleur": "#0D47A1"}}, {"type": "Feature", "geometry": {"type": "Point", "coordinates": [-14.75417, 16.02917]}, "properties": {"nom": "Namarel", "nappe": "Maastrichtien", "type": "4", "couleur": "#0D47A1"}}, {"type": "Feature", "geometry": {"type": "Point", "coordinates": [-14.75417, 16.02917]}, "properties": {"nom": "Namarel", "nappe": "Maastrichtien", "type": "4", "couleur": "#0D47A1"}}, {"type": "Feature", "geometry": {"type": "Point", "coordinates": [-14.50472, 16.25361]}, "properties": {"nom": "Diouba", "nappe": "Maastrichtien", "type": "4", "couleur": "#0D47A1"}}, {"type": "Feature", "geometry": {"type": "Point", "coordinates": [-14.09028, 16.15]}, "properties": {"nom": "Pampinabes Peulh", "nappe": "Maastrichtien", "type": "4", "couleur": "#0D47A1"}}, {"type": "Feature", "geometry": {"type": "Point", "coordinates": [-14.17583, 16.06639]}, "properties": {"nom": "Maham", "nappe": "Maastrichtien", "type": "4", "couleur": "#0D47A1"}}, {"type": "Feature", "geometry": {"type": "Point", "coordinates": [-14.03528, 16.11861]}, "properties": {"nom": "Boborel", "nappe": "Maastrichtien", "type": "4", "couleur": "#0D47A1"}}, {"type": "Feature", "geometry": {"type": "Point", "coordinates": [-14.26889, 16.10639]}, "properties": {"nom": "Bano", "nappe": "Maastrichtien", "type": "4", "couleur": "#0D47A1"}}, {"type": "Feature", "geometry": {"type": "Point", "coordinates": [-13.85, 16.06667]}, "properties": {"nom": "Galoya", "nappe": "Maastrichtien", "type": "4", "couleur": "#0D47A1"}}, {"type": "Feature", "geometry": {"type": "Point", "coordinates": [-13.60639, 16.10861]}, "properties": {"nom": "Thiasky", "nappe": "Maastrichtien", "type": "4", "couleur": "#0D47A1"}}, {"type": "Feature", "geometry": {"type": "Point", "coordinates": [-13.80028, 15.10417]}, "properties": {"nom": "Diorbivol", "nappe": "Maastrichtien", "type": "4", "couleur": "#0D47A1"}}, {"type": "Feature", "geometry": {"type": "Point", "coordinates": [-13.62583, 16.10722]}, "properties": {"nom": "Ndiafane", "nappe": "Maastrichtien", "type": "4", "couleur": "#0D47A1"}}, {"type": "Feature", "geometry": {"type": "Point", "coordinates": [-13.60639, 16.10861]}, "properties": {"nom": "Sinthiou Boumack", "nappe": "Maastrichtien", "type": "4", "couleur": "#0D47A1"}}, {"type": "Feature", "geometry": {"type": "Point", "coordinates": [-13.53889, 16.12194]}, "properties": {"nom": "Gababe", "nappe": "Maastrichtien", "type": "4", "couleur": "#0D47A1"}}, {"type": "Feature", "geometry": {"type": "Point", "coordinates": [-13.48889, 16.07361]}, "properties": {"nom": "Gawol", "nappe": "Maastrichtien", "type": "4", "couleur": "#0D47A1"}}, {"type": "Feature", "geometry": {"type": "Point", "coordinates": [-13.27361, 15.78611]}, "properties": {"nom": "Diowoul Worga", "nappe": "Maastrichtien", "type": "4", "couleur": "#0D47A1"}}, {"type": "Feature", "geometry": {"type": "Point", "coordinates": [-13.43944, 16.07222]}, "properties": {"nom": "Guireye", "nappe": "Maastrichtien", "type": "4", "couleur": "#0D47A1"}}, {"type": "Feature", "geometry": {"type": "Point", "coordinates": [-13.58944, 16.12417]}, "properties": {"nom": "Sylla Worgo", "nappe": "Maastrichtien", "type": "4", "couleur": "#0D47A1"}}, {"type": "Feature", "geometry": {"type": "Point", "coordinates": [-16.75333, 15.36083]}, "properties": {"nom": "Diogo Dw 11", "nappe": "Maastrichtien", "type": "4", "couleur": "#0D47A1"}}, {"type": "Feature", "geometry": {"type": "Point", "coordinates": [-16.7425, 15.35417]}, "properties": {"nom": "Diogo Dw 10", "nappe": "Maastrichtien", "type": "4", "couleur": "#0D47A1"}}, {"type": "Feature", "geometry": {"type": "Point", "coordinates": [-16.75361, 15.36083]}, "properties": {"nom": "Diogo Dw 09", "nappe": "Maastrichtien", "type": "4", "couleur": "#0D47A1"}}, {"type": "Feature", "geometry": {"type": "Point", "coordinates": [-16.76194, 15.33444]}, "properties": {"nom": "Diogo Dw 07", "nappe": "Maastrichtien", "type": "4", "couleur": "#0D47A1"}}, {"type": "Feature", "geometry": {"type": "Point", "coordinates": [-16.7575, 15.32361]}, "properties": {"nom": "Diogo Dw 06", "nappe": "Maastrichtien", "type": "4", "couleur": "#0D47A1"}}, {"type": "Feature", "geometry": {"type": "Point", "coordinates": [-16.05667, 15.51861]}, "properties": {"nom": "Ouarack", "nappe": "Maastrichtien", "type": "4", "couleur": "#0D47A1"}}, {"type": "Feature", "geometry": {"type": "Point", "coordinates": [-16.07028, 15.58861]}, "properties": {"nom": "Ndiakhate", "nappe": "Maastrichtien", "type": "4", "couleur": "#0D47A1"}}, {"type": "Feature", "geometry": {"type": "Point", "coordinates": [-16.18611, 15.45278]}, "properties": {"nom": "Keur Mor Abdou Seye", "nappe": "Maastrichtien", "type": "4", "couleur": "#0D47A1"}}, {"type": "Feature", "geometry": {"type": "Point", "coordinates": [-16.77278, 15.31028]}, "properties": {"nom": "Diogo Dw 05", "nappe": "Maastrichtien", "type": "4", "couleur": "#0D47A1"}}, {"type": "Feature", "geometry": {"type": "Point", "coordinates": [-16.77833, 15.30194]}, "properties": {"nom": "Diogo Dw 04", "nappe": "Maastrichtien", "type": "4", "couleur": "#0D47A1"}}, {"type": "Feature", "geometry": {"type": "Point", "coordinates": [-16.77667, 15.29028]}, "properties": {"nom": "Diogo Dw 03", "nappe": "Maastrichtien", "type": "4", "couleur": "#0D47A1"}}, {"type": "Feature", "geometry": {"type": "Point", "coordinates": [-16.7775, 15.27917]}, "properties": {"nom": "Diogo Dw 02", "nappe": "Maastrichtien", "type": "4", "couleur": "#0D47A1"}}, {"type": "Feature", "geometry": {"type": "Point", "coordinates": [-16.7925, 15.2875]}, "properties": {"nom": "Diogo Dw 01", "nappe": "Maastrichtien", "type": "4", "couleur": "#0D47A1"}}, {"type": "Feature", "geometry": {"type": "Point", "coordinates": [-15.27, 15.78806]}, "properties": {"nom": "Darou Khoudoss", "nappe": "Maastrichtien", "type": "4", "couleur": "#0D47A1"}}, {"type": "Feature", "geometry": {"type": "Point", "coordinates": [-16.82417, 15.21278]}, "properties": {"nom": "Dw3 - Diogo", "nappe": "Maastrichtien", "type": "4", "couleur": "#0D47A1"}}, {"type": "Feature", "geometry": {"type": "Point", "coordinates": [-16.87028, 15.03694]}, "properties": {"nom": "Taiba Ndiaye", "nappe": "Maastrichtien", "type": "4", "couleur": "#0D47A1"}}, {"type": "Feature", "geometry": {"type": "Point", "coordinates": [-15.89861, 15.38333]}, "properties": {"nom": "Darou Mousty", "nappe": "Maastrichtien", "type": "4", "couleur": "#0D47A1"}}, {"type": "Feature", "geometry": {"type": "Point", "coordinates": [-16.15, 15.17361]}, "properties": {"nom": "Bayti Mbary Beye", "nappe": "Maastrichtien", "type": "4", "couleur": "#0D47A1"}}, {"type": "Feature", "geometry": {"type": "Point", "coordinates": [-16.10695, 15.14583]}, "properties": {"nom": "Mbacke Kayor", "nappe": "Maastrichtien", "type": "4", "couleur": "#0D47A1"}}, {"type": "Feature", "geometry": {"type": "Point", "coordinates": [-16.19917, 15.18389]}, "properties": {"nom": "Thiourang Peulh", "nappe": "Maastrichtien", "type": "4", "couleur": "#0D47A1"}}, {"type": "Feature", "geometry": {"type": "Point", "coordinates": [-15.70056, 15.78889]}, "properties": {"nom": "Galayel", "nappe": "Maastrichtien", "type": "4", "couleur": "#0D47A1"}}, {"type": "Feature", "geometry": {"type": "Point", "coordinates": [-14.80861, 15.47222]}, "properties": {"nom": "Thiat Ngol Palol", "nappe": "Maastrichtien", "type": "4", "couleur": "#0D47A1"}}, {"type": "Feature", "geometry": {"type": "Point", "coordinates": [-15.8, 15.36667]}, "properties": {"nom": "Patoude", "nappe": "Maastrichtien", "type": "4", "couleur": "#0D47A1"}}, {"type": "Feature", "geometry": {"type": "Point", "coordinates": [-15.7375, 15.40278]}, "properties": {"nom": "Moukh Moukh", "nappe": "Maastrichtien", "type": "4", "couleur": "#0D47A1"}}, {"type": "Feature", "geometry": {"type": "Point", "coordinates": [-15.55556, 15.40972]}, "properties": {"nom": "Keur Bassine", "nappe": "Maastrichtien", "type": "4", "couleur": "#0D47A1"}}, {"type": "Feature", "geometry": {"type": "Point", "coordinates": [-15.38333, 15.65139]}, "properties": {"nom": "Mboyenane", "nappe": "Maastrichtien", "type": "4", "couleur": "#0D47A1"}}, {"type": "Feature", "geometry": {"type": "Point", "coordinates": [-15.50833, 15.39167]}, "properties": {"nom": "Loumbal Woloff", "nappe": "Maastrichtien", "type": "4", "couleur": "#0D47A1"}}, {"type": "Feature", "geometry": {"type": "Point", "coordinates": [-15.56444, 15.5125]}, "properties": {"nom": "Mbayene Thiasde", "nappe": "Maastrichtien", "type": "4", "couleur": "#0D47A1"}}, {"type": "Feature", "geometry": {"type": "Point", "coordinates": [-15.66833, 15.45056]}, "properties": {"nom": "Koyli Alpha", "nappe": "Maastrichtien", "type": "4", "couleur": "#0D47A1"}}, {"type": "Feature", "geometry": {"type": "Point", "coordinates": [-15.13889, 15.43333]}, "properties": {"nom": "Balel Ciss", "nappe": "Maastrichtien", "type": "4", "couleur": "#0D47A1"}}, {"type": "Feature", "geometry": {"type": "Point", "coordinates": [-15.23333, 15.53333]}, "properties": {"nom": "Touba Boustane", "nappe": "Maastrichtien", "type": "4", "couleur": "#0D47A1"}}, {"type": "Feature", "geometry": {"type": "Point", "coordinates": [-15.82222, 15.27639]}, "properties": {"nom": "Ndiky  Lary", "nappe": "Maastrichtien", "type": "4", "couleur": "#0D47A1"}}, {"type": "Feature", "geometry": {"type": "Point", "coordinates": [-15.7125, 15.05556]}, "properties": {"nom": "Dealy", "nappe": "Maastrichtien", "type": "4", "couleur": "#0D47A1"}}, {"type": "Feature", "geometry": {"type": "Point", "coordinates": [-15.90139, 15.0]}, "properties": {"nom": "Bouchra", "nappe": "Maastrichtien", "type": "4", "couleur": "#0D47A1"}}, {"type": "Feature", "geometry": {"type": "Point", "coordinates": [-15.87917, 15.18333]}, "properties": {"nom": "Niareme Yabal", "nappe": "Maastrichtien", "type": "4", "couleur": "#0D47A1"}}, {"type": "Feature", "geometry": {"type": "Point", "coordinates": [-15.70611, 15.17361]}, "properties": {"nom": "Darou Kosso", "nappe": "Maastrichtien", "type": "4", "couleur": "#0D47A1"}}, {"type": "Feature", "geometry": {"type": "Point", "coordinates": [-15.87833, 15.04583]}, "properties": {"nom": "Taif Diop", "nappe": "Maastrichtien", "type": "4", "couleur": "#0D47A1"}}, {"type": "Feature", "geometry": {"type": "Point", "coordinates": [-15.43333, 15.25]}, "properties": {"nom": "Touba Ngayene(Ngayene)", "nappe": "Maastrichtien", "type": "4", "couleur": "#0D47A1"}}, {"type": "Feature", "geometry": {"type": "Point", "coordinates": [-15.13889, 15.14861]}, "properties": {"nom": "Linde", "nappe": "Maastrichtien", "type": "4", "couleur": "#0D47A1"}}, {"type": "Feature", "geometry": {"type": "Point", "coordinates": [-14.87778, 15.66944]}, "properties": {"nom": "Khadar", "nappe": "Maastrichtien", "type": "4", "couleur": "#0D47A1"}}, {"type": "Feature", "geometry": {"type": "Point", "coordinates": [-14.78139, 15.98056]}, "properties": {"nom": "Beli Gonadi", "nappe": "Maastrichtien", "type": "4", "couleur": "#0D47A1"}}, {"type": "Feature", "geometry": {"type": "Point", "coordinates": [-14.75722, 15.95361]}, "properties": {"nom": "Namarde", "nappe": "Maastrichtien", "type": "4", "couleur": "#0D47A1"}}, {"type": "Feature", "geometry": {"type": "Point", "coordinates": [-14.53889, 15.95417]}, "properties": {"nom": "Bowde Toudoune", "nappe": "Maastrichtien", "type": "4", "couleur": "#0D47A1"}}, {"type": "Feature", "geometry": {"type": "Point", "coordinates": [-14.03944, 15.95222]}, "properties": {"nom": "Lour Ouolof", "nappe": "Maastrichtien", "type": "4", "couleur": "#0D47A1"}}, {"type": "Feature", "geometry": {"type": "Point", "coordinates": [-14.16556, 15.78694]}, "properties": {"nom": "Guirwasse", "nappe": "Maastrichtien", "type": "4", "couleur": "#0D47A1"}}, {"type": "Feature", "geometry": {"type": "Point", "coordinates": [-14.16167, 15.67667]}, "properties": {"nom": "Thiam Thille", "nappe": "Maastrichtien", "type": "4", "couleur": "#0D47A1"}}, {"type": "Feature", "geometry": {"type": "Point", "coordinates": [-14.77639, 15.58194]}, "properties": {"nom": "Poram", "nappe": "Maastrichtien", "type": "4", "couleur": "#0D47A1"}}, {"type": "Feature", "geometry": {"type": "Point", "coordinates": [-14.86111, 15.3125]}, "properties": {"nom": "Thiaski", "nappe": "Maastrichtien", "type": "4", "couleur": "#0D47A1"}}, {"type": "Feature", "geometry": {"type": "Point", "coordinates": [-14.86111, 15.3125]}, "properties": {"nom": "Thiaski", "nappe": "Maastrichtien", "type": "4", "couleur": "#0D47A1"}}, {"type": "Feature", "geometry": {"type": "Point", "coordinates": [-14.95417, 15.35833]}, "properties": {"nom": "Djabal", "nappe": "Maastrichtien", "type": "4", "couleur": "#0D47A1"}}, {"type": "Feature", "geometry": {"type": "Point", "coordinates": [-14.77639, 15.58194]}, "properties": {"nom": "Keur Samba Racky", "nappe": "Maastrichtien", "type": "4", "couleur": "#0D47A1"}}, {"type": "Feature", "geometry": {"type": "Point", "coordinates": [-14.0875, 15.475]}, "properties": {"nom": "Katane", "nappe": "Maastrichtien", "type": "4", "couleur": "#0D47A1"}}, {"type": "Feature", "geometry": {"type": "Point", "coordinates": [-14.98611, 15.16389]}, "properties": {"nom": "Toung Peulh", "nappe": "Maastrichtien", "type": "4", "couleur": "#0D47A1"}}, {"type": "Feature", "geometry": {"type": "Point", "coordinates": [-14.98611, 15.16389]}, "properties": {"nom": "Toung Peulh", "nappe": "Maastrichtien", "type": "4", "couleur": "#0D47A1"}}, {"type": "Feature", "geometry": {"type": "Point", "coordinates": [-14.98611, 15.16389]}, "properties": {"nom": "Toung", "nappe": "Maastrichtien", "type": "4", "couleur": "#0D47A1"}}, {"type": "Feature", "geometry": {"type": "Point", "coordinates": [-13.46389, 15.86944]}, "properties": {"nom": "Doumga Rindiaw", "nappe": "Maastrichtien", "type": "4", "couleur": "#0D47A1"}}, {"type": "Feature", "geometry": {"type": "Point", "coordinates": [-13.41444, 15.6975]}, "properties": {"nom": "Taiba Ngeyene", "nappe": "Maastrichtien", "type": "4", "couleur": "#0D47A1"}}, {"type": "Feature", "geometry": {"type": "Point", "coordinates": [-13.59194, 15.96972]}, "properties": {"nom": "Thilogne", "nappe": "Maastrichtien", "type": "4", "couleur": "#0D47A1"}}, {"type": "Feature", "geometry": {"type": "Point", "coordinates": [-13.34083, 15.905]}, "properties": {"nom": "Sadel", "nappe": "Maastrichtien", "type": "4", "couleur": "#0D47A1"}}, {"type": "Feature", "geometry": {"type": "Point", "coordinates": [-13.45, 15.825]}, "properties": {"nom": "Doumga Ouro Alpha", "nappe": "Maastrichtien", "type": "4", "couleur": "#0D47A1"}}, {"type": "Feature", "geometry": {"type": "Point", "coordinates": [-13.40417, 15.8125]}, "properties": {"nom": "Ndouloumadji", "nappe": "Maastrichtien", "type": "4", "couleur": "#0D47A1"}}, {"type": "Feature", "geometry": {"type": "Point", "coordinates": [-13.40833, 15.68611]}, "properties": {"nom": "Taiba Ngayene", "nappe": "Maastrichtien", "type": "4", "couleur": "#0D47A1"}}, {"type": "Feature", "geometry": {"type": "Point", "coordinates": [-13.50111, 15.84806]}, "properties": {"nom": "Djololyalalbe", "nappe": "Maastrichtien", "type": "4", "couleur": "#0D47A1"}}, {"type": "Feature", "geometry": {"type": "Point", "coordinates": [-13.27361, 15.78611]}, "properties": {"nom": "Koundel", "nappe": "Maastrichtien", "type": "4", "couleur": "#0D47A1"}}, {"type": "Feature", "geometry": {"type": "Point", "coordinates": [-13.53417, 15.39694]}, "properties": {"nom": "Dendoudy", "nappe": "Maastrichtien", "type": "4", "couleur": "#0D47A1"}}, {"type": "Feature", "geometry": {"type": "Point", "coordinates": [-13.53417, 15.39694]}, "properties": {"nom": "Dendoudy", "nappe": "Maastrichtien", "type": "4", "couleur": "#0D47A1"}}, {"type": "Feature", "geometry": {"type": "Point", "coordinates": [-13.53778, 15.46361]}, "properties": {"nom": "Lambago", "nappe": "Maastrichtien", "type": "4", "couleur": "#0D47A1"}}, {"type": "Feature", "geometry": {"type": "Point", "coordinates": [-13.53194, 15.39722]}, "properties": {"nom": "Dendoudi", "nappe": "Maastrichtien", "type": "4", "couleur": "#0D47A1"}}, {"type": "Feature", "geometry": {"type": "Point", "coordinates": [-13.15278, 15.38611]}, "properties": {"nom": "Seno Palel", "nappe": "Maastrichtien", "type": "4", "couleur": "#0D47A1"}}, {"type": "Feature", "geometry": {"type": "Point", "coordinates": [-13.04722, 15.47083]}, "properties": {"nom": "Ngano", "nappe": "Maastrichtien", "type": "4", "couleur": "#0D47A1"}}, {"type": "Feature", "geometry": {"type": "Point", "coordinates": [-13.20694, 15.6075]}, "properties": {"nom": "Belithiowy", "nappe": "Maastrichtien", "type": "4", "couleur": "#0D47A1"}}, {"type": "Feature", "geometry": {"type": "Point", "coordinates": [-13.10222, 15.51861]}, "properties": {"nom": "Thialy", "nappe": "Maastrichtien", "type": "4", "couleur": "#0D47A1"}}, {"type": "Feature", "geometry": {"type": "Point", "coordinates": [-13.09694, 15.4875]}, "properties": {"nom": "Bow", "nappe": "Maastrichtien", "type": "4", "couleur": "#0D47A1"}}, {"type": "Feature", "geometry": {"type": "Point", "coordinates": [-13.17528, 15.61889]}, "properties": {"nom": "Garly", "nappe": "Maastrichtien", "type": "4", "couleur": "#0D47A1"}}, {"type": "Feature", "geometry": {"type": "Point", "coordinates": [-13.26806, 15.51111]}, "properties": {"nom": "Sinthiou Garba", "nappe": "Maastrichtien", "type": "4", "couleur": "#0D47A1"}}, {"type": "Feature", "geometry": {"type": "Point", "coordinates": [-13.0675, 15.34722]}, "properties": {"nom": "Ndendory", "nappe": "Maastrichtien", "type": "4", "couleur": "#0D47A1"}}, {"type": "Feature", "geometry": {"type": "Point", "coordinates": [-13.13056, 15.44722]}, "properties": {"nom": "Soringho Poular", "nappe": "Maastrichtien", "type": "4", "couleur": "#0D47A1"}}, {"type": "Feature", "geometry": {"type": "Point", "coordinates": [-13.26806, 15.51111]}, "properties": {"nom": "Sinthiou Garba Falb\u00e9", "nappe": "Maastrichtien", "type": "4", "couleur": "#0D47A1"}}, {"type": "Feature", "geometry": {"type": "Point", "coordinates": [-13.29722, 15.55139]}, "properties": {"nom": "Ogo", "nappe": "Maastrichtien", "type": "4", "couleur": "#0D47A1"}}, {"type": "Feature", "geometry": {"type": "Point", "coordinates": [-13.13167, 15.36972]}, "properties": {"nom": "Sinthiou Bamambe", "nappe": "Maastrichtien", "type": "4", "couleur": "#0D47A1"}}, {"type": "Feature", "geometry": {"type": "Point", "coordinates": [-13.86667, 15.1425]}, "properties": {"nom": "Ndendory", "nappe": "Maastrichtien", "type": "4", "couleur": "#0D47A1"}}, {"type": "Feature", "geometry": {"type": "Point", "coordinates": [-13.33444, 15.02389]}, "properties": {"nom": "Wendou Diohi", "nappe": "Maastrichtien", "type": "4", "couleur": "#0D47A1"}}, {"type": "Feature", "geometry": {"type": "Point", "coordinates": [-12.96278, 15.46306]}, "properties": {"nom": "Bapalel", "nappe": "Maastrichtien", "type": "4", "couleur": "#0D47A1"}}, {"type": "Feature", "geometry": {"type": "Point", "coordinates": [-12.96278, 15.46306]}, "properties": {"nom": "Bapalel", "nappe": "Maastrichtien", "type": "4", "couleur": "#0D47A1"}}, {"type": "Feature", "geometry": {"type": "Point", "coordinates": [-12.8575, 15.31667]}, "properties": {"nom": "Goumal", "nappe": "Maastrichtien", "type": "4", "couleur": "#0D47A1"}}, {"type": "Feature", "geometry": {"type": "Point", "coordinates": [-12.92778, 15.11389]}, "properties": {"nom": "Po7 Diamounguel", "nappe": "Maastrichtien", "type": "4", "couleur": "#0D47A1"}}, {"type": "Feature", "geometry": {"type": "Point", "coordinates": [-12.94917, 15.2]}, "properties": {"nom": "Semme", "nappe": "Maastrichtien", "type": "4", "couleur": "#0D47A1"}}, {"type": "Feature", "geometry": {"type": "Point", "coordinates": [-12.86306, 15.07028]}, "properties": {"nom": "Yerimale Torobe", "nappe": "Maastrichtien", "type": "4", "couleur": "#0D47A1"}}, {"type": "Feature", "geometry": {"type": "Point", "coordinates": [-12.86306, 15.07028]}, "properties": {"nom": "Yerimale Torobe", "nappe": "Maastrichtien", "type": "4", "couleur": "#0D47A1"}}, {"type": "Feature", "geometry": {"type": "Point", "coordinates": [-12.62611, 15.08667]}, "properties": {"nom": "Galade", "nappe": "Maastrichtien", "type": "4", "couleur": "#0D47A1"}}, {"type": "Feature", "geometry": {"type": "Point", "coordinates": [-12.62611, 15.08667]}, "properties": {"nom": "Galade", "nappe": "Maastrichtien", "type": "4", "couleur": "#0D47A1"}}, {"type": "Feature", "geometry": {"type": "Point", "coordinates": [-12.81583, 15.07778]}, "properties": {"nom": "Sinthiou Fadiar", "nappe": "Maastrichtien", "type": "4", "couleur": "#0D47A1"}}, {"type": "Feature", "geometry": {"type": "Point", "coordinates": [-12.81583, 15.07778]}, "properties": {"nom": "Sinthiou Fadiar", "nappe": "Maastrichtien", "type": "4", "couleur": "#0D47A1"}}, {"type": "Feature", "geometry": {"type": "Point", "coordinates": [-12.81056, 15.08028]}, "properties": {"nom": "Fadiar", "nappe": "Maastrichtien", "type": "4", "couleur": "#0D47A1"}}, {"type": "Feature", "geometry": {"type": "Point", "coordinates": [-12.81056, 15.08028]}, "properties": {"nom": "Fadiar", "nappe": "Maastrichtien", "type": "4", "couleur": "#0D47A1"}}, {"type": "Feature", "geometry": {"type": "Point", "coordinates": [-12.745, 15.12278]}, "properties": {"nom": "Verma", "nappe": "Maastrichtien", "type": "4", "couleur": "#0D47A1"}}, {"type": "Feature", "geometry": {"type": "Point", "coordinates": [-12.82889, 15.07]}, "properties": {"nom": "Sinthiou Demba", "nappe": "Maastrichtien", "type": "4", "couleur": "#0D47A1"}}, {"type": "Feature", "geometry": {"type": "Point", "coordinates": [-17.01333, 14.80083]}, "properties": {"nom": "Dangote", "nappe": "Maastrichtien", "type": "4", "couleur": "#0D47A1"}}, {"type": "Feature", "geometry": {"type": "Point", "coordinates": [-17.12444, 14.90333]}, "properties": {"nom": "Ps7bis", "nappe": "Maastrichtien", "type": "4", "couleur": "#0D47A1"}}, {"type": "Feature", "geometry": {"type": "Point", "coordinates": [-17.065, 14.745]}, "properties": {"nom": "Soune Serere", "nappe": "Maastrichtien", "type": "4", "couleur": "#0D47A1"}}, {"type": "Feature", "geometry": {"type": "Point", "coordinates": [-17.06389, 14.77361]}, "properties": {"nom": "Pout Ps2 Bis", "nappe": "Maastrichtien", "type": "4", "couleur": "#0D47A1"}}, {"type": "Feature", "geometry": {"type": "Point", "coordinates": [-17.1, 14.76667]}, "properties": {"nom": "Khodoba", "nappe": "Maastrichtien", "type": "4", "couleur": "#0D47A1"}}, {"type": "Feature", "geometry": {"type": "Point", "coordinates": [-17.01611, 14.82222]}, "properties": {"nom": "Pout Nord Est", "nappe": "Maastrichtien", "type": "4", "couleur": "#0D47A1"}}, {"type": "Feature", "geometry": {"type": "Point", "coordinates": [-17.08333, 14.81667]}, "properties": {"nom": "Manko (K.Matar Gaye)", "nappe": "Maastrichtien", "type": "4", "couleur": "#0D47A1"}}, {"type": "Feature", "geometry": {"type": "Point", "coordinates": [-17.16111, 14.71667]}, "properties": {"nom": "Dougar I", "nappe": "Maastrichtien", "type": "4", "couleur": "#0D47A1"}}, {"type": "Feature", "geometry": {"type": "Point", "coordinates": [-17.05056, 14.69583]}, "properties": {"nom": "Soune Thiambokh", "nappe": "Maastrichtien", "type": "4", "couleur": "#0D47A1"}}, {"type": "Feature", "geometry": {"type": "Point", "coordinates": [-17.115, 14.55639]}, "properties": {"nom": "Poponguine", "nappe": "Maastrichtien", "type": "4", "couleur": "#0D47A1"}}, {"type": "Feature", "geometry": {"type": "Point", "coordinates": [-17.03306, 14.64056]}, "properties": {"nom": "Kirene Dobour", "nappe": "Maastrichtien", "type": "4", "couleur": "#0D47A1"}}, {"type": "Feature", "geometry": {"type": "Point", "coordinates": [-17.03306, 14.64056]}, "properties": {"nom": "Kirene", "nappe": "Maastrichtien", "type": "4", "couleur": "#0D47A1"}}, {"type": "Feature", "geometry": {"type": "Point", "coordinates": [-17.00361, 14.44]}, "properties": {"nom": "Saly F2 Bis", "nappe": "Maastrichtien", "type": "4", "couleur": "#0D47A1"}}, {"type": "Feature", "geometry": {"type": "Point", "coordinates": [-16.93056, 14.79167]}, "properties": {"nom": "Thies", "nappe": "Maastrichtien", "type": "4", "couleur": "#0D47A1"}}, {"type": "Feature", "geometry": {"type": "Point", "coordinates": [-16.91667, 14.78333]}, "properties": {"nom": "Thies", "nappe": "Maastrichtien", "type": "4", "couleur": "#0D47A1"}}, {"type": "Feature", "geometry": {"type": "Point", "coordinates": [-16.74167, 14.81667]}, "properties": {"nom": "Thies F7", "nappe": "Maastrichtien", "type": "4", "couleur": "#0D47A1"}}, {"type": "Feature", "geometry": {"type": "Point", "coordinates": [-16.8, 14.76639]}, "properties": {"nom": "Thienaba", "nappe": "Maastrichtien", "type": "4", "couleur": "#0D47A1"}}, {"type": "Feature", "geometry": {"type": "Point", "coordinates": [-16.94722, 14.925]}, "properties": {"nom": "Pallo Dial", "nappe": "Maastrichtien", "type": "4", "couleur": "#0D47A1"}}, {"type": "Feature", "geometry": {"type": "Point", "coordinates": [-16.70555, 14.72639]}, "properties": {"nom": "Ngoundiane", "nappe": "Maastrichtien", "type": "4", "couleur": "#0D47A1"}}, {"type": "Feature", "geometry": {"type": "Point", "coordinates": [-16.95028, 14.69611]}, "properties": {"nom": "Sangue Douka", "nappe": "Maastrichtien", "type": "4", "couleur": "#0D47A1"}}, {"type": "Feature", "geometry": {"type": "Point", "coordinates": [-16.92417, 14.7075]}, "properties": {"nom": "Mbomboye", "nappe": "Maastrichtien", "type": "4", "couleur": "#0D47A1"}}, {"type": "Feature", "geometry": {"type": "Point", "coordinates": [-16.87333, 14.95778]}, "properties": {"nom": "Dougnane", "nappe": "Maastrichtien", "type": "4", "couleur": "#0D47A1"}}, {"type": "Feature", "geometry": {"type": "Point", "coordinates": [-16.80361, 14.86833]}, "properties": {"nom": "Diayane", "nappe": "Maastrichtien", "type": "4", "couleur": "#0D47A1"}}, {"type": "Feature", "geometry": {"type": "Point", "coordinates": [-16.9525, 14.75833]}, "properties": {"nom": "F7 Bis De Thies", "nappe": "Maastrichtien", "type": "4", "couleur": "#0D47A1"}}, {"type": "Feature", "geometry": {"type": "Point", "coordinates": [-16.79361, 14.95944]}, "properties": {"nom": "Ndindy", "nappe": "Maastrichtien", "type": "4", "couleur": "#0D47A1"}}, {"type": "Feature", "geometry": {"type": "Point", "coordinates": [-16.58805, 14.82722]}, "properties": {"nom": "Combelane", "nappe": "Maastrichtien", "type": "4", "couleur": "#0D47A1"}}, {"type": "Feature", "geometry": {"type": "Point", "coordinates": [-16.3, 14.77778]}, "properties": {"nom": "Yamal", "nappe": "Maastrichtien", "type": "4", "couleur": "#0D47A1"}}, {"type": "Feature", "geometry": {"type": "Point", "coordinates": [-16.485, 14.89167]}, "properties": {"nom": "Keur Massamba Niang", "nappe": "Maastrichtien", "type": "4", "couleur": "#0D47A1"}}, {"type": "Feature", "geometry": {"type": "Point", "coordinates": [-16.5225, 14.89861]}, "properties": {"nom": "Sate", "nappe": "Maastrichtien", "type": "4", "couleur": "#0D47A1"}}, {"type": "Feature", "geometry": {"type": "Point", "coordinates": [-16.40139, 14.88972]}, "properties": {"nom": "Gapp", "nappe": "Maastrichtien", "type": "4", "couleur": "#0D47A1"}}, {"type": "Feature", "geometry": {"type": "Point", "coordinates": [-16.34167, 14.74778]}, "properties": {"nom": "Yarwaye", "nappe": "Maastrichtien", "type": "4", "couleur": "#0D47A1"}}, {"type": "Feature", "geometry": {"type": "Point", "coordinates": [-16.5525, 14.86806]}, "properties": {"nom": "Keur Ndiamsyl Peye", "nappe": "Maastrichtien", "type": "4", "couleur": "#0D47A1"}}, {"type": "Feature", "geometry": {"type": "Point", "coordinates": [-16.6475, 14.88778]}, "properties": {"nom": "Keur Ndiaraw", "nappe": "Maastrichtien", "type": "4", "couleur": "#0D47A1"}}, {"type": "Feature", "geometry": {"type": "Point", "coordinates": [-16.45333, 14.69472]}, "properties": {"nom": "Forage F3 De Bambey", "nappe": "Maastrichtien", "type": "4", "couleur": "#0D47A1"}}, {"type": "Feature", "geometry": {"type": "Point", "coordinates": [-16.13389, 14.76028]}, "properties": {"nom": "Mbeye", "nappe": "Maastrichtien", "type": "4", "couleur": "#0D47A1"}}, {"type": "Feature", "geometry": {"type": "Point", "coordinates": [-16.18889, 14.77778]}, "properties": {"nom": "Pal Seck", "nappe": "Maastrichtien", "type": "4", "couleur": "#0D47A1"}}, {"type": "Feature", "geometry": {"type": "Point", "coordinates": [-16.01, 14.76833]}, "properties": {"nom": "Dalla I", "nappe": "Maastrichtien", "type": "4", "couleur": "#0D47A1"}}, {"type": "Feature", "geometry": {"type": "Point", "coordinates": [-16.91722, 14.46972]}, "properties": {"nom": "Mbour F9 (Fandane Peulh)", "nappe": "Maastrichtien", "type": "4", "couleur": "#0D47A1"}}, {"type": "Feature", "geometry": {"type": "Point", "coordinates": [-16.92417, 14.45778]}, "properties": {"nom": "Mbour F8", "nappe": "Maastrichtien", "type": "4", "couleur": "#0D47A1"}}, {"type": "Feature", "geometry": {"type": "Point", "coordinates": [-16.93306, 14.44583]}, "properties": {"nom": "Mbour F7", "nappe": "Maastrichtien", "type": "4", "couleur": "#0D47A1"}}, {"type": "Feature", "geometry": {"type": "Point", "coordinates": [-16.93306, 14.44611]}, "properties": {"nom": "F7 Mbour", "nappe": "Maastrichtien", "type": "4", "couleur": "#0D47A1"}}, {"type": "Feature", "geometry": {"type": "Point", "coordinates": [-16.92417, 14.45778]}, "properties": {"nom": "F8 De Mbour", "nappe": "Maastrichtien", "type": "4", "couleur": "#0D47A1"}}, {"type": "Feature", "geometry": {"type": "Point", "coordinates": [-16.97083, 14.54528]}, "properties": {"nom": "Boustanaoul Arifina", "nappe": "Maastrichtien", "type": "4", "couleur": "#0D47A1"}}, {"type": "Feature", "geometry": {"type": "Point", "coordinates": [-16.96222, 14.44389]}, "properties": {"nom": "Malicounda", "nappe": "Maastrichtien", "type": "4", "couleur": "#0D47A1"}}, {"type": "Feature", "geometry": {"type": "Point", "coordinates": [-16.97472, 14.41583]}, "properties": {"nom": "Mbour F1 Ter", "nappe": "Maastrichtien", "type": "4", "couleur": "#0D47A1"}}, {"type": "Feature", "geometry": {"type": "Point", "coordinates": [-16.89667, 14.43028]}, "properties": {"nom": "Forage F5 De Mbour", "nappe": "Maastrichtien", "type": "4", "couleur": "#0D47A1"}}, {"type": "Feature", "geometry": {"type": "Point", "coordinates": [-17.00389, 14.44028]}, "properties": {"nom": "Forage F2 Bis De Saly", "nappe": "Maastrichtien", "type": "4", "couleur": "#0D47A1"}}, {"type": "Feature", "geometry": {"type": "Point", "coordinates": [-16.57222, 14.40694]}, "properties": {"nom": "Tattaguine", "nappe": "Maastrichtien", "type": "4", "couleur": "#0D47A1"}}, {"type": "Feature", "geometry": {"type": "Point", "coordinates": [-16.40833, 14.48389]}, "properties": {"nom": "Niakhar", "nappe": "Maastrichtien", "type": "4", "couleur": "#0D47A1"}}, {"type": "Feature", "geometry": {"type": "Point", "coordinates": [-16.43833, 14.5375]}, "properties": {"nom": "Ngayokhene", "nappe": "Maastrichtien", "type": "4", "couleur": "#0D47A1"}}, {"type": "Feature", "geometry": {"type": "Point", "coordinates": [-16.50333, 14.50056]}, "properties": {"nom": "Diohine", "nappe": "Maastrichtien", "type": "4", "couleur": "#0D47A1"}}, {"type": "Feature", "geometry": {"type": "Point", "coordinates": [-16.55056, 14.44778]}, "properties": {"nom": "Mbedab Mbetite", "nappe": "Maastrichtien", "type": "4", "couleur": "#0D47A1"}}, {"type": "Feature", "geometry": {"type": "Point", "coordinates": [-16.51111, 14.405]}, "properties": {"nom": "Senghor", "nappe": "Maastrichtien", "type": "4", "couleur": "#0D47A1"}}, {"type": "Feature", "geometry": {"type": "Point", "coordinates": [-16.41417, 14.34667]}, "properties": {"nom": "Fatick F3", "nappe": "Maastrichtien", "type": "4", "couleur": "#0D47A1"}}, {"type": "Feature", "geometry": {"type": "Point", "coordinates": [-14.20778, 16.25278]}, "properties": {"nom": "Madina Ndiatbe C", "nappe": "Maastrichtien", "type": "4", "couleur": "#0D47A1"}}, {"type": "Feature", "geometry": {"type": "Point", "coordinates": [-16.0, 15.0]}, "properties": {"nom": "Diakhao", "nappe": "Maastrichtien", "type": "4", "couleur": "#0D47A1"}}, {"type": "Feature", "geometry": {"type": "Point", "coordinates": [-16.16333, 14.3475]}, "properties": {"nom": "Ndiebel", "nappe": "Maastrichtien", "type": "4", "couleur": "#0D47A1"}}, {"type": "Feature", "geometry": {"type": "Point", "coordinates": [-16.175, 14.3375]}, "properties": {"nom": "Ndiebel", "nappe": "Maastrichtien", "type": "4", "couleur": "#0D47A1"}}, {"type": "Feature", "geometry": {"type": "Point", "coordinates": [-16.16389, 14.40833]}, "properties": {"nom": "Ndock Sare", "nappe": "Maastrichtien", "type": "4", "couleur": "#0D47A1"}}, {"type": "Feature", "geometry": {"type": "Point", "coordinates": [-16.14583, 14.43889]}, "properties": {"nom": "Ndock Sare", "nappe": "Maastrichtien", "type": "4", "couleur": "#0D47A1"}}, {"type": "Feature", "geometry": {"type": "Point", "coordinates": [-16.26306, 14.55444]}, "properties": {"nom": "Bacco", "nappe": "Maastrichtien", "type": "4", "couleur": "#0D47A1"}}, {"type": "Feature", "geometry": {"type": "Point", "coordinates": [-16.19583, 14.45417]}, "properties": {"nom": "Sakh Mack", "nappe": "Maastrichtien", "type": "4", "couleur": "#0D47A1"}}, {"type": "Feature", "geometry": {"type": "Point", "coordinates": [-16.075, 14.55361]}, "properties": {"nom": "Walalane", "nappe": "Maastrichtien", "type": "4", "couleur": "#0D47A1"}}, {"type": "Feature", "geometry": {"type": "Point", "coordinates": [-16.48472, 14.08333]}, "properties": {"nom": "Soum", "nappe": "Maastrichtien", "type": "4", "couleur": "#0D47A1"}}, {"type": "Feature", "geometry": {"type": "Point", "coordinates": [-16.025, 14.02361]}, "properties": {"nom": "Koumbal", "nappe": "Maastrichtien", "type": "4", "couleur": "#0D47A1"}}, {"type": "Feature", "geometry": {"type": "Point", "coordinates": [-16.025, 14.02361]}, "properties": {"nom": "Koumbal", "nappe": "Maastrichtien", "type": "4", "couleur": "#0D47A1"}}, {"type": "Feature", "geometry": {"type": "Point", "coordinates": [-16.20972, 14.24028]}, "properties": {"nom": "Ngothie", "nappe": "Maastrichtien", "type": "4", "couleur": "#0D47A1"}}, {"type": "Feature", "geometry": {"type": "Point", "coordinates": [-16.15806, 14.05944]}, "properties": {"nom": "Ndiaffate", "nappe": "Maastrichtien", "type": "4", "couleur": "#0D47A1"}}, {"type": "Feature", "geometry": {"type": "Point", "coordinates": [-16.15806, 14.05944]}, "properties": {"nom": "Ndiaffate", "nappe": "Maastrichtien", "type": "4", "couleur": "#0D47A1"}}, {"type": "Feature", "geometry": {"type": "Point", "coordinates": [-16.01639, 14.01694]}, "properties": {"nom": "Koumbal", "nappe": "Maastrichtien", "type": "4", "couleur": "#0D47A1"}}, {"type": "Feature", "geometry": {"type": "Point", "coordinates": [-16.31167, 14.26972]}, "properties": {"nom": "Keur Alpha", "nappe": "Maastrichtien", "type": "4", "couleur": "#0D47A1"}}, {"type": "Feature", "geometry": {"type": "Point", "coordinates": [-16.05833, 14.65694]}, "properties": {"nom": "Darou Salam Doloyi", "nappe": "Maastrichtien", "type": "4", "couleur": "#0D47A1"}}, {"type": "Feature", "geometry": {"type": "Point", "coordinates": [-15.87167, 14.80833]}, "properties": {"nom": "Touba Al Hazar", "nappe": "Maastrichtien", "type": "4", "couleur": "#0D47A1"}}, {"type": "Feature", "geometry": {"type": "Point", "coordinates": [-15.87167, 14.80833]}, "properties": {"nom": "Touba Al Hazar", "nappe": "Maastrichtien", "type": "4", "couleur": "#0D47A1"}}, {"type": "Feature", "geometry": {"type": "Point", "coordinates": [-15.74833, 14.93611]}, "properties": {"nom": "Nibodjie", "nappe": "Maastrichtien", "type": "4", "couleur": "#0D47A1"}}, {"type": "Feature", "geometry": {"type": "Point", "coordinates": [-15.69806, 14.91806]}, "properties": {"nom": "Touba Bogo F3", "nappe": "Maastrichtien", "type": "4", "couleur": "#0D47A1"}}, {"type": "Feature", "geometry": {"type": "Point", "coordinates": [-15.97944, 14.78222]}, "properties": {"nom": "Touba Ngabou", "nappe": "Maastrichtien", "type": "4", "couleur": "#0D47A1"}}, {"type": "Feature", "geometry": {"type": "Point", "coordinates": [-15.6875, 14.6875]}, "properties": {"nom": "Touba Bogo", "nappe": "Maastrichtien", "type": "4", "couleur": "#0D47A1"}}, {"type": "Feature", "geometry": {"type": "Point", "coordinates": [-15.69806, 14.91806]}, "properties": {"nom": "Touba Bogo F3", "nappe": "Maastrichtien", "type": "4", "couleur": "#0D47A1"}}, {"type": "Feature", "geometry": {"type": "Point", "coordinates": [-15.34028, 14.67639]}, "properties": {"nom": "Khelcom", "nappe": "Maastrichtien", "type": "4", "couleur": "#0D47A1"}}, {"type": "Feature", "geometry": {"type": "Point", "coordinates": [-15.55, 14.78333]}, "properties": {"nom": "Sadio  F2", "nappe": "Maastrichtien", "type": "4", "couleur": "#0D47A1"}}, {"type": "Feature", "geometry": {"type": "Point", "coordinates": [-15.38056, 15.85694]}, "properties": {"nom": "Touba Kane", "nappe": "Maastrichtien", "type": "4", "couleur": "#0D47A1"}}, {"type": "Feature", "geometry": {"type": "Point", "coordinates": [-15.23333, 14.77639]}, "properties": {"nom": "Fass Ainoumady", "nappe": "Maastrichtien", "type": "4", "couleur": "#0D47A1"}}, {"type": "Feature", "geometry": {"type": "Point", "coordinates": [-15.29722, 14.82083]}, "properties": {"nom": "Gassane Fass", "nappe": "Maastrichtien", "type": "4", "couleur": "#0D47A1"}}, {"type": "Feature", "geometry": {"type": "Point", "coordinates": [-15.15, 14.75]}, "properties": {"nom": "Ranch De Doly", "nappe": "Maastrichtien", "type": "4", "couleur": "#0D47A1"}}, {"type": "Feature", "geometry": {"type": "Point", "coordinates": [-15.82917, 14.39444]}, "properties": {"nom": "Mbamdjigane", "nappe": "Maastrichtien", "type": "4", "couleur": "#0D47A1"}}, {"type": "Feature", "geometry": {"type": "Point", "coordinates": [-15.57222, 14.58889]}, "properties": {"nom": "Diabel", "nappe": "Maastrichtien", "type": "4", "couleur": "#0D47A1"}}, {"type": "Feature", "geometry": {"type": "Point", "coordinates": [-15.67806, 14.33528]}, "properties": {"nom": "Diaba", "nappe": "Maastrichtien", "type": "4", "couleur": "#0D47A1"}}, {"type": "Feature", "geometry": {"type": "Point", "coordinates": [-15.65306, 14.43722]}, "properties": {"nom": "Gniby", "nappe": "Maastrichtien", "type": "4", "couleur": "#0D47A1"}}, {"type": "Feature", "geometry": {"type": "Point", "coordinates": [-15.40444, 14.60194]}, "properties": {"nom": "Khelkhom Diaga", "nappe": "Maastrichtien", "type": "4", "couleur": "#0D47A1"}}, {"type": "Feature", "geometry": {"type": "Point", "coordinates": [-15.17917, 14.43611]}, "properties": {"nom": "Darou Ndiene", "nappe": "Maastrichtien", "type": "4", "couleur": "#0D47A1"}}, {"type": "Feature", "geometry": {"type": "Point", "coordinates": [-15.1275, 14.48472]}, "properties": {"nom": "Belel Djiga", "nappe": "Maastrichtien", "type": "4", "couleur": "#0D47A1"}}, {"type": "Feature", "geometry": {"type": "Point", "coordinates": [-15.28361, 14.36111]}, "properties": {"nom": "Khourou Loumby", "nappe": "Maastrichtien", "type": "4", "couleur": "#0D47A1"}}, {"type": "Feature", "geometry": {"type": "Point", "coordinates": [-15.69028, 14.2]}, "properties": {"nom": "Tivaouane Lewe", "nappe": "Maastrichtien", "type": "4", "couleur": "#0D47A1"}}, {"type": "Feature", "geometry": {"type": "Point", "coordinates": [-15.94444, 14.27083]}, "properties": {"nom": "Guinguineo", "nappe": "Maastrichtien", "type": "4", "couleur": "#0D47A1"}}, {"type": "Feature", "geometry": {"type": "Point", "coordinates": [-15.83583, 14.27306]}, "properties": {"nom": "Ndelle", "nappe": "Maastrichtien", "type": "4", "couleur": "#0D47A1"}}, {"type": "Feature", "geometry": {"type": "Point", "coordinates": [-15.30556, 14.16389]}, "properties": {"nom": "Siwol", "nappe": "Maastrichtien", "type": "4", "couleur": "#0D47A1"}}, {"type": "Feature", "geometry": {"type": "Point", "coordinates": [-15.0875, 14.23889]}, "properties": {"nom": "Paffa", "nappe": "Maastrichtien", "type": "4", "couleur": "#0D47A1"}}, {"type": "Feature", "geometry": {"type": "Point", "coordinates": [-14.50778, 13.67861]}, "properties": {"nom": "Keur Yoro Mbarou", "nappe": "Maastrichtien", "type": "4", "couleur": "#0D47A1"}}, {"type": "Feature", "geometry": {"type": "Point", "coordinates": [-15.10917, 14.16472]}, "properties": {"nom": "Madina El Hadj Malick", "nappe": "Maastrichtien", "type": "4", "couleur": "#0D47A1"}}, {"type": "Feature", "geometry": {"type": "Point", "coordinates": [-15.30389, 14.18917]}, "properties": {"nom": "Nghaba", "nappe": "Maastrichtien", "type": "4", "couleur": "#0D47A1"}}, {"type": "Feature", "geometry": {"type": "Point", "coordinates": [-14.70556, 14.4675]}, "properties": {"nom": "Taif Tiekene", "nappe": "Maastrichtien", "type": "4", "couleur": "#0D47A1"}}, {"type": "Feature", "geometry": {"type": "Point", "coordinates": [-14.67778, 14.84028]}, "properties": {"nom": "Dioulky", "nappe": "Maastrichtien", "type": "4", "couleur": "#0D47A1"}}, {"type": "Feature", "geometry": {"type": "Point", "coordinates": [-14.85639, 14.89917]}, "properties": {"nom": "Rawdou", "nappe": "Maastrichtien", "type": "4", "couleur": "#0D47A1"}}, {"type": "Feature", "geometry": {"type": "Point", "coordinates": [-14.82222, 14.72]}, "properties": {"nom": "Dayane Kodioly", "nappe": "Maastrichtien", "type": "4", "couleur": "#0D47A1"}}, {"type": "Feature", "geometry": {"type": "Point", "coordinates": [-14.35528, 14.50528]}, "properties": {"nom": "Darou Salam Diouf", "nappe": "Maastrichtien", "type": "4", "couleur": "#0D47A1"}}, {"type": "Feature", "geometry": {"type": "Point", "coordinates": [-14.61167, 14.3375]}, "properties": {"nom": "Darou Salam", "nappe": "Maastrichtien", "type": "4", "couleur": "#0D47A1"}}, {"type": "Feature", "geometry": {"type": "Point", "coordinates": [-14.4925, 14.43694]}, "properties": {"nom": "Payar", "nappe": "Maastrichtien", "type": "4", "couleur": "#0D47A1"}}, {"type": "Feature", "geometry": {"type": "Point", "coordinates": [-14.37222, 14.53889]}, "properties": {"nom": "Galbass", "nappe": "Maastrichtien", "type": "4", "couleur": "#0D47A1"}}, {"type": "Feature", "geometry": {"type": "Point", "coordinates": [-14.63722, 14.53333]}, "properties": {"nom": "Tawfekh Saloum", "nappe": "Maastrichtien", "type": "4", "couleur": "#0D47A1"}}, {"type": "Feature", "geometry": {"type": "Point", "coordinates": [-14.05556, 14.34722]}, "properties": {"nom": "Forage De Loffe", "nappe": "Maastrichtien", "type": "4", "couleur": "#0D47A1"}}, {"type": "Feature", "geometry": {"type": "Point", "coordinates": [-14.25, 14.45]}, "properties": {"nom": "Loumbi", "nappe": "Maastrichtien", "type": "4", "couleur": "#0D47A1"}}, {"type": "Feature", "geometry": {"type": "Point", "coordinates": [-14.61389, 14.25]}, "properties": {"nom": "Sobel Niole", "nappe": "Maastrichtien", "type": "4", "couleur": "#0D47A1"}}, {"type": "Feature", "geometry": {"type": "Point", "coordinates": [-13.29972, 14.81944]}, "properties": {"nom": "Ranerou Oriental", "nappe": "Maastrichtien", "type": "4", "couleur": "#0D47A1"}}, {"type": "Feature", "geometry": {"type": "Point", "coordinates": [-12.82361, 14.70056]}, "properties": {"nom": "Patouki", "nappe": "Maastrichtien", "type": "4", "couleur": "#0D47A1"}}, {"type": "Feature", "geometry": {"type": "Point", "coordinates": [-12.74972, 14.55556]}, "properties": {"nom": "Ndiya", "nappe": "Maastrichtien", "type": "4", "couleur": "#0D47A1"}}, {"type": "Feature", "geometry": {"type": "Point", "coordinates": [-12.78056, 14.50722]}, "properties": {"nom": "Mbagnou", "nappe": "Maastrichtien", "type": "4", "couleur": "#0D47A1"}}, {"type": "Feature", "geometry": {"type": "Point", "coordinates": [-12.75528, 14.47917]}, "properties": {"nom": "Ngari Ali", "nappe": "Maastrichtien", "type": "4", "couleur": "#0D47A1"}}, {"type": "Feature", "geometry": {"type": "Point", "coordinates": [-12.75583, 14.47917]}, "properties": {"nom": "Gonguedji", "nappe": "Maastrichtien", "type": "4", "couleur": "#0D47A1"}}, {"type": "Feature", "geometry": {"type": "Point", "coordinates": [-13.62944, 14.48944]}, "properties": {"nom": "Diare Mbolo", "nappe": "Maastrichtien", "type": "4", "couleur": "#0D47A1"}}, {"type": "Feature", "geometry": {"type": "Point", "coordinates": [-12.655, 14.645]}, "properties": {"nom": "Toulekede", "nappe": "Maastrichtien", "type": "4", "couleur": "#0D47A1"}}, {"type": "Feature", "geometry": {"type": "Point", "coordinates": [-13.51583, 13.61361]}, "properties": {"nom": "Goudiry (Forage-1)", "nappe": "Maastrichtien", "type": "4", "couleur": "#0D47A1"}}, {"type": "Feature", "geometry": {"type": "Point", "coordinates": [-13.51583, 13.61361]}, "properties": {"nom": "Goudiry(Forage2)", "nappe": "Maastrichtien", "type": "4", "couleur": "#0D47A1"}}, {"type": "Feature", "geometry": {"type": "Point", "coordinates": [-12.78556, 14.01167]}, "properties": {"nom": "Sinthiou Mamadou Cire", "nappe": "Maastrichtien", "type": "4", "couleur": "#0D47A1"}}, {"type": "Feature", "geometry": {"type": "Point", "coordinates": [-12.83611, 14.33083]}, "properties": {"nom": "Thiaski", "nappe": "Maastrichtien", "type": "4", "couleur": "#0D47A1"}}, {"type": "Feature", "geometry": {"type": "Point", "coordinates": [-12.72417, 14.27667]}, "properties": {"nom": "Sinthiou Mamadou Boubou", "nappe": "Maastrichtien", "type": "4", "couleur": "#0D47A1"}}, {"type": "Feature", "geometry": {"type": "Point", "coordinates": [-12.76056, 14.2025]}, "properties": {"nom": "Mbailadji", "nappe": "Maastrichtien", "type": "4", "couleur": "#0D47A1"}}, {"type": "Feature", "geometry": {"type": "Point", "coordinates": [-12.74694, 14.30028]}, "properties": {"nom": "Lewa Djolfoube", "nappe": "Maastrichtien", "type": "4", "couleur": "#0D47A1"}}, {"type": "Feature", "geometry": {"type": "Point", "coordinates": [-16.07917, 14.9375]}, "properties": {"nom": "Koba", "nappe": "Maastrichtien", "type": "4", "couleur": "#0D47A1"}}, {"type": "Feature", "geometry": {"type": "Point", "coordinates": [-16.0125, 14.75583]}, "properties": {"nom": "Khourou Mbacke", "nappe": "Maastrichtien", "type": "4", "couleur": "#0D47A1"}}, {"type": "Feature", "geometry": {"type": "Point", "coordinates": [-16.61667, 14.53333]}, "properties": {"nom": "Fissel Serere", "nappe": "Maastrichtien", "type": "4", "couleur": "#0D47A1"}}, {"type": "Feature", "geometry": {"type": "Point", "coordinates": [-16.00028, 14.62833]}, "properties": {"nom": "Ndioumane", "nappe": "Maastrichtien", "type": "4", "couleur": "#0D47A1"}}, {"type": "Feature", "geometry": {"type": "Point", "coordinates": [-16.03028, 14.52417]}, "properties": {"nom": "Teourou Cossam", "nappe": "Maastrichtien", "type": "4", "couleur": "#0D47A1"}}, {"type": "Feature", "geometry": {"type": "Point", "coordinates": [-16.03028, 14.52417]}, "properties": {"nom": "Teourou Cossam", "nappe": "Maastrichtien", "type": "4", "couleur": "#0D47A1"}}, {"type": "Feature", "geometry": {"type": "Point", "coordinates": [-16.11861, 14.40667]}, "properties": {"nom": "Keur Khali Mboup", "nappe": "Maastrichtien", "type": "4", "couleur": "#0D47A1"}}, {"type": "Feature", "geometry": {"type": "Point", "coordinates": [-16.42417, 14.07806]}, "properties": {"nom": "Mbassis", "nappe": "Maastrichtien", "type": "4", "couleur": "#0D47A1"}}, {"type": "Feature", "geometry": {"type": "Point", "coordinates": [-16.39194, 14.13222]}, "properties": {"nom": "Gague Modi", "nappe": "Maastrichtien", "type": "4", "couleur": "#0D47A1"}}, {"type": "Feature", "geometry": {"type": "Point", "coordinates": [-15.80167, 14.995]}, "properties": {"nom": "Nguillo E.H. Mamadou", "nappe": "Maastrichtien", "type": "4", "couleur": "#0D47A1"}}, {"type": "Feature", "geometry": {"type": "Point", "coordinates": [-15.945, 14.90028]}, "properties": {"nom": "Darou Rahmane Ii", "nappe": "Maastrichtien", "type": "4", "couleur": "#0D47A1"}}, {"type": "Feature", "geometry": {"type": "Point", "coordinates": [-15.97806, 14.68389]}, "properties": {"nom": "Tainabe", "nappe": "Maastrichtien", "type": "4", "couleur": "#0D47A1"}}, {"type": "Feature", "geometry": {"type": "Point", "coordinates": [-15.97806, 14.68389]}, "properties": {"nom": "Tainabe", "nappe": "Maastrichtien", "type": "4", "couleur": "#0D47A1"}}, {"type": "Feature", "geometry": {"type": "Point", "coordinates": [-15.74861, 14.92917]}, "properties": {"nom": "Touba Sourang(Nebodji)", "nappe": "Maastrichtien", "type": "4", "couleur": "#0D47A1"}}, {"type": "Feature", "geometry": {"type": "Point", "coordinates": [-15.81639, 14.74861]}, "properties": {"nom": "Boby", "nappe": "Maastrichtien", "type": "4", "couleur": "#0D47A1"}}, {"type": "Feature", "geometry": {"type": "Point", "coordinates": [-15.81639, 14.74861]}, "properties": {"nom": "Boby", "nappe": "Maastrichtien", "type": "4", "couleur": "#0D47A1"}}, {"type": "Feature", "geometry": {"type": "Point", "coordinates": [-15.99139, 14.69556]}, "properties": {"nom": "Thialle", "nappe": "Maastrichtien", "type": "4", "couleur": "#0D47A1"}}, {"type": "Feature", "geometry": {"type": "Point", "coordinates": [-15.99139, 14.69556]}, "properties": {"nom": "Thialle", "nappe": "Maastrichtien", "type": "4", "couleur": "#0D47A1"}}, {"type": "Feature", "geometry": {"type": "Point", "coordinates": [-15.94167, 14.68]}, "properties": {"nom": "Darou Mbayene", "nappe": "Maastrichtien", "type": "4", "couleur": "#0D47A1"}}, {"type": "Feature", "geometry": {"type": "Point", "coordinates": [-15.50278, 14.06694]}, "properties": {"nom": "Ngodiba", "nappe": "Oligo-mioc\u00e8ne", "type": "4", "couleur": "#0097A7"}}, {"type": "Feature", "geometry": {"type": "Point", "coordinates": [-14.76028, 14.07333]}, "properties": {"nom": "Keur Ngaye", "nappe": "Oligo-mioc\u00e8ne", "type": "4", "couleur": "#0097A7"}}, {"type": "Feature", "geometry": {"type": "Point", "coordinates": [-14.69028, 13.04306]}, "properties": {"nom": "Njaba Kunda - Gambie", "nappe": "Oligo-mioc\u00e8ne", "type": "4", "couleur": "#0097A7"}}, {"type": "Feature", "geometry": {"type": "Point", "coordinates": [-15.52778, 13.24222]}, "properties": {"nom": "Sare Alkali", "nappe": "Oligo-mioc\u00e8ne", "type": "4", "couleur": "#0097A7"}}, {"type": "Feature", "geometry": {"type": "Point", "coordinates": [-15.30278, 13.07083]}, "properties": {"nom": "Syllacounda", "nappe": "Oligo-mioc\u00e8ne", "type": "4", "couleur": "#0097A7"}}, {"type": "Feature", "geometry": {"type": "Point", "coordinates": [-14.16111, 13.65694]}, "properties": {"nom": "Fadia Koumda", "nappe": "Oligo-mioc\u00e8ne", "type": "4", "couleur": "#0097A7"}}, {"type": "Feature", "geometry": {"type": "Point", "coordinates": [-14.98333, 13.20556]}, "properties": {"nom": "Soulabali", "nappe": "Oligo-mioc\u00e8ne", "type": "4", "couleur": "#0097A7"}}, {"type": "Feature", "geometry": {"type": "Point", "coordinates": [-14.56222, 13.06083]}, "properties": {"nom": "Fafacourou", "nappe": "Oligo-mioc\u00e8ne", "type": "4", "couleur": "#0097A7"}}, {"type": "Feature", "geometry": {"type": "Point", "coordinates": [-13.475, 13.7875]}, "properties": {"nom": "Segoukoura", "nappe": "Oligo-mioc\u00e8ne", "type": "4", "couleur": "#0097A7"}}, {"type": "Feature", "geometry": {"type": "Point", "coordinates": [-13.86333, 13.59056]}, "properties": {"nom": "Sourouyel Salif", "nappe": "Oligo-mioc\u00e8ne", "type": "4", "couleur": "#0097A7"}}, {"type": "Feature", "geometry": {"type": "Point", "coordinates": [-16.01111, 12.94722]}, "properties": {"nom": "Silinkine", "nappe": "Oligo-mioc\u00e8ne", "type": "4", "couleur": "#0097A7"}}, {"type": "Feature", "geometry": {"type": "Point", "coordinates": [-16.75, 12.41333]}, "properties": {"nom": "Boucotte Diola", "nappe": "Oligo-mioc\u00e8ne", "type": "4", "couleur": "#0097A7"}}, {"type": "Feature", "geometry": {"type": "Point", "coordinates": [-16.72222, 12.36083]}, "properties": {"nom": "Kabrousse P6.2", "nappe": "Oligo-mioc\u00e8ne", "type": "4", "couleur": "#0097A7"}}, {"type": "Feature", "geometry": {"type": "Point", "coordinates": [-16.01389, 12.62917]}, "properties": {"nom": "Adeane", "nappe": "Oligo-mioc\u00e8ne", "type": "4", "couleur": "#0097A7"}}, {"type": "Feature", "geometry": {"type": "Point", "coordinates": [-15.89028, 12.7425]}, "properties": {"nom": "Niassene Diola", "nappe": "Oligo-mioc\u00e8ne", "type": "4", "couleur": "#0097A7"}}, {"type": "Feature", "geometry": {"type": "Point", "coordinates": [-15.6625, 12.89361]}, "properties": {"nom": "Bari", "nappe": "Oligo-mioc\u00e8ne", "type": "4", "couleur": "#0097A7"}}, {"type": "Feature", "geometry": {"type": "Point", "coordinates": [-15.81667, 12.50139]}, "properties": {"nom": "Saliot", "nappe": "Oligo-mioc\u00e8ne", "type": "4", "couleur": "#0097A7"}}, {"type": "Feature", "geometry": {"type": "Point", "coordinates": [-14.06444, 12.72028]}, "properties": {"nom": "Payoungou", "nappe": "Oligo-mioc\u00e8ne", "type": "4", "couleur": "#0097A7"}}, {"type": "Feature", "geometry": {"type": "Point", "coordinates": [-14.46889, 14.41583]}, "properties": {"nom": "Diouguel", "nappe": "Oligo-mioc\u00e8ne", "type": "4", "couleur": "#0097A7"}}, {"type": "Feature", "geometry": {"type": "Point", "coordinates": [-15.5125, 16.41528]}, "properties": {"nom": "Mbilor", "nappe": "Pal\u00e9oc\u00e8ne", "type": "4", "couleur": "#1E88E5"}}, {"type": "Feature", "geometry": {"type": "Point", "coordinates": [-15.2875, 16.42083]}, "properties": {"nom": "Belil Bogal", "nappe": "Pal\u00e9oc\u00e8ne", "type": "4", "couleur": "#1E88E5"}}, {"type": "Feature", "geometry": {"type": "Point", "coordinates": [-14.94361, 16.34083]}, "properties": {"nom": "Tiekinguel", "nappe": "Pal\u00e9oc\u00e8ne", "type": "4", "couleur": "#1E88E5"}}, {"type": "Feature", "geometry": {"type": "Point", "coordinates": [-13.81389, 16.05972]}, "properties": {"nom": "Mbolo Birane", "nappe": "Pal\u00e9oc\u00e8ne", "type": "4", "couleur": "#1E88E5"}}, {"type": "Feature", "geometry": {"type": "Point", "coordinates": [-16.12333, 15.73306]}, "properties": {"nom": "Ndia Gourey", "nappe": "Pal\u00e9oc\u00e8ne", "type": "4", "couleur": "#1E88E5"}}, {"type": "Feature", "geometry": {"type": "Point", "coordinates": [-16.27778, 15.91944]}, "properties": {"nom": "Mpal Gare", "nappe": "Pal\u00e9oc\u00e8ne", "type": "4", "couleur": "#1E88E5"}}, {"type": "Feature", "geometry": {"type": "Point", "coordinates": [-16.40972, 15.34028]}, "properties": {"nom": "Mbenguene", "nappe": "Pal\u00e9oc\u00e8ne", "type": "4", "couleur": "#1E88E5"}}, {"type": "Feature", "geometry": {"type": "Point", "coordinates": [-16.20278, 15.63611]}, "properties": {"nom": "Louga", "nappe": "Pal\u00e9oc\u00e8ne", "type": "4", "couleur": "#1E88E5"}}, {"type": "Feature", "geometry": {"type": "Point", "coordinates": [-16.20278, 15.63611]}, "properties": {"nom": "Louga", "nappe": "Pal\u00e9oc\u00e8ne", "type": "4", "couleur": "#1E88E5"}}, {"type": "Feature", "geometry": {"type": "Point", "coordinates": [-16.20278, 15.63611]}, "properties": {"nom": "Louga", "nappe": "Pal\u00e9oc\u00e8ne", "type": "4", "couleur": "#1E88E5"}}, {"type": "Feature", "geometry": {"type": "Point", "coordinates": [-16.27222, 15.37917]}, "properties": {"nom": "Sana", "nappe": "Pal\u00e9oc\u00e8ne", "type": "4", "couleur": "#1E88E5"}}, {"type": "Feature", "geometry": {"type": "Point", "coordinates": [-16.23333, 15.42222]}, "properties": {"nom": "Khely", "nappe": "Pal\u00e9oc\u00e8ne", "type": "4", "couleur": "#1E88E5"}}, {"type": "Feature", "geometry": {"type": "Point", "coordinates": [-16.66806, 15.06944]}, "properties": {"nom": "Keur Massemba Fatim", "nappe": "Pal\u00e9oc\u00e8ne", "type": "4", "couleur": "#1E88E5"}}, {"type": "Feature", "geometry": {"type": "Point", "coordinates": [-16.98333, 15.01389]}, "properties": {"nom": "Sao", "nappe": "Pal\u00e9oc\u00e8ne", "type": "4", "couleur": "#1E88E5"}}, {"type": "Feature", "geometry": {"type": "Point", "coordinates": [-16.87917, 14.695]}, "properties": {"nom": "Noto", "nappe": "Pal\u00e9oc\u00e8ne", "type": "4", "couleur": "#1E88E5"}}, {"type": "Feature", "geometry": {"type": "Point", "coordinates": [-16.14972, 15.06111]}, "properties": {"nom": "Fass Toure", "nappe": "Pal\u00e9oc\u00e8ne", "type": "4", "couleur": "#1E88E5"}}, {"type": "Feature", "geometry": {"type": "Point", "coordinates": [-16.25361, 15.32167]}, "properties": {"nom": "Ndiengue Diaw", "nappe": "Pal\u00e9oc\u00e8ne", "type": "4", "couleur": "#1E88E5"}}, {"type": "Feature", "geometry": {"type": "Point", "coordinates": [-15.96639, 15.9225]}, "properties": {"nom": "Keur Momar Sarr", "nappe": "Pal\u00e9oc\u00e8ne", "type": "4", "couleur": "#1E88E5"}}, {"type": "Feature", "geometry": {"type": "Point", "coordinates": [-15.28389, 15.48194]}, "properties": {"nom": "Gouloum Thiarene", "nappe": "Pal\u00e9oc\u00e8ne", "type": "4", "couleur": "#1E88E5"}}, {"type": "Feature", "geometry": {"type": "Point", "coordinates": [-15.29028, 15.59167]}, "properties": {"nom": "Nguer", "nappe": "Pal\u00e9oc\u00e8ne", "type": "4", "couleur": "#1E88E5"}}, {"type": "Feature", "geometry": {"type": "Point", "coordinates": [-17.02083, 14.75417]}, "properties": {"nom": "Pout F1", "nappe": "Pal\u00e9oc\u00e8ne", "type": "4", "couleur": "#1E88E5"}}, {"type": "Feature", "geometry": {"type": "Point", "coordinates": [-17.02361, 14.74861]}, "properties": {"nom": "Pout F2", "nappe": "Pal\u00e9oc\u00e8ne", "type": "4", "couleur": "#1E88E5"}}, {"type": "Feature", "geometry": {"type": "Point", "coordinates": [-17.025, 14.74028]}, "properties": {"nom": "Pout F3", "nappe": "Pal\u00e9oc\u00e8ne", "type": "4", "couleur": "#1E88E5"}}, {"type": "Feature", "geometry": {"type": "Point", "coordinates": [-17.01667, 14.76528]}, "properties": {"nom": "Pout F4", "nappe": "Pal\u00e9oc\u00e8ne", "type": "4", "couleur": "#1E88E5"}}, {"type": "Feature", "geometry": {"type": "Point", "coordinates": [-17.01667, 14.73333]}, "properties": {"nom": "Pout F5", "nappe": "Pal\u00e9oc\u00e8ne", "type": "4", "couleur": "#1E88E5"}}, {"type": "Feature", "geometry": {"type": "Point", "coordinates": [-17.01667, 14.73333]}, "properties": {"nom": "Pout Sud F 3 Bis", "nappe": "Pal\u00e9oc\u00e8ne", "type": "4", "couleur": "#1E88E5"}}, {"type": "Feature", "geometry": {"type": "Point", "coordinates": [-17.025, 14.86667]}, "properties": {"nom": "Pout Noto F7841", "nappe": "Pal\u00e9oc\u00e8ne", "type": "4", "couleur": "#1E88E5"}}, {"type": "Feature", "geometry": {"type": "Point", "coordinates": [-17.01611, 14.74806]}, "properties": {"nom": "Pout Noto S 7842", "nappe": "Pal\u00e9oc\u00e8ne", "type": "4", "couleur": "#1E88E5"}}, {"type": "Feature", "geometry": {"type": "Point", "coordinates": [-17.13944, 14.74028]}, "properties": {"nom": "Sebikotane F2", "nappe": "Pal\u00e9oc\u00e8ne", "type": "4", "couleur": "#1E88E5"}}, {"type": "Feature", "geometry": {"type": "Point", "coordinates": [-17.16389, 14.74083]}, "properties": {"nom": "Sebikotane  F1", "nappe": "Pal\u00e9oc\u00e8ne", "type": "4", "couleur": "#1E88E5"}}, {"type": "Feature", "geometry": {"type": "Point", "coordinates": [-17.15, 14.74306]}, "properties": {"nom": "Sebikotane F2", "nappe": "Pal\u00e9oc\u00e8ne", "type": "4", "couleur": "#1E88E5"}}, {"type": "Feature", "geometry": {"type": "Point", "coordinates": [-17.16667, 14.74167]}, "properties": {"nom": "Sebikotane  F3", "nappe": "Pal\u00e9oc\u00e8ne", "type": "4", "couleur": "#1E88E5"}}, {"type": "Feature", "geometry": {"type": "Point", "coordinates": [-17.16583, 14.72222]}, "properties": {"nom": "Sebikotane F4", "nappe": "Pal\u00e9oc\u00e8ne", "type": "4", "couleur": "#1E88E5"}}, {"type": "Feature", "geometry": {"type": "Point", "coordinates": [-17.13111, 14.81944]}, "properties": {"nom": "Mbayakh", "nappe": "Pal\u00e9oc\u00e8ne", "type": "4", "couleur": "#1E88E5"}}, {"type": "Feature", "geometry": {"type": "Point", "coordinates": [-17.06667, 14.90194]}, "properties": {"nom": "Tamna S 7843", "nappe": "Pal\u00e9oc\u00e8ne", "type": "4", "couleur": "#1E88E5"}}, {"type": "Feature", "geometry": {"type": "Point", "coordinates": [-17.00278, 14.90083]}, "properties": {"nom": "Pout Noto S 7844", "nappe": "Pal\u00e9oc\u00e8ne", "type": "4", "couleur": "#1E88E5"}}, {"type": "Feature", "geometry": {"type": "Point", "coordinates": [-17.00917, 14.85333]}, "properties": {"nom": "Pout Noto S 7845", "nappe": "Pal\u00e9oc\u00e8ne", "type": "4", "couleur": "#1E88E5"}}, {"type": "Feature", "geometry": {"type": "Point", "coordinates": [-17.14583, 14.76278]}, "properties": {"nom": "Sebikotane", "nappe": "Pal\u00e9oc\u00e8ne", "type": "4", "couleur": "#1E88E5"}}, {"type": "Feature", "geometry": {"type": "Point", "coordinates": [-17.09167, 14.89583]}, "properties": {"nom": "Mbidieum S3", "nappe": "Pal\u00e9oc\u00e8ne", "type": "4", "couleur": "#1E88E5"}}, {"type": "Feature", "geometry": {"type": "Point", "coordinates": [-17.07972, 14.97972]}, "properties": {"nom": "Ouest Noto P8", "nappe": "Pal\u00e9oc\u00e8ne", "type": "4", "couleur": "#1E88E5"}}, {"type": "Feature", "geometry": {"type": "Point", "coordinates": [-17.01111, 14.99444]}, "properties": {"nom": "Gouye Diama", "nappe": "Pal\u00e9oc\u00e8ne", "type": "4", "couleur": "#1E88E5"}}, {"type": "Feature", "geometry": {"type": "Point", "coordinates": [-17.00833, 14.96667]}, "properties": {"nom": "Mbayene", "nappe": "Pal\u00e9oc\u00e8ne", "type": "4", "couleur": "#1E88E5"}}, {"type": "Feature", "geometry": {"type": "Point", "coordinates": [-17.00861, 14.975]}, "properties": {"nom": "Mbayene", "nappe": "Pal\u00e9oc\u00e8ne", "type": "4", "couleur": "#1E88E5"}}, {"type": "Feature", "geometry": {"type": "Point", "coordinates": [-17.00833, 14.975]}, "properties": {"nom": "Segueule F3 Bis", "nappe": "Pal\u00e9oc\u00e8ne", "type": "4", "couleur": "#1E88E5"}}, {"type": "Feature", "geometry": {"type": "Point", "coordinates": [-17.15694, 14.75972]}, "properties": {"nom": "Filfil.2", "nappe": "Pal\u00e9oc\u00e8ne", "type": "4", "couleur": "#1E88E5"}}, {"type": "Feature", "geometry": {"type": "Point", "coordinates": [-17.11111, 14.77778]}, "properties": {"nom": "Keur Yakham", "nappe": "Pal\u00e9oc\u00e8ne", "type": "4", "couleur": "#1E88E5"}}, {"type": "Feature", "geometry": {"type": "Point", "coordinates": [-17.11111, 14.77778]}, "properties": {"nom": "Sebikotane", "nappe": "Pal\u00e9oc\u00e8ne", "type": "4", "couleur": "#1E88E5"}}, {"type": "Feature", "geometry": {"type": "Point", "coordinates": [-17.08972, 14.82778]}, "properties": {"nom": "Mbissao F1", "nappe": "Pal\u00e9oc\u00e8ne", "type": "4", "couleur": "#1E88E5"}}, {"type": "Feature", "geometry": {"type": "Point", "coordinates": [-17.09444, 14.85278]}, "properties": {"nom": "Diender Ndam F1", "nappe": "Pal\u00e9oc\u00e8ne", "type": "4", "couleur": "#1E88E5"}}, {"type": "Feature", "geometry": {"type": "Point", "coordinates": [-17.03083, 14.97806]}, "properties": {"nom": "Noto", "nappe": "Pal\u00e9oc\u00e8ne", "type": "4", "couleur": "#1E88E5"}}, {"type": "Feature", "geometry": {"type": "Point", "coordinates": [-17.125, 14.84444]}, "properties": {"nom": "Diender Guedj", "nappe": "Pal\u00e9oc\u00e8ne", "type": "4", "couleur": "#1E88E5"}}, {"type": "Feature", "geometry": {"type": "Point", "coordinates": [-17.01389, 14.75806]}, "properties": {"nom": "Pout Sud F1 Bis", "nappe": "Pal\u00e9oc\u00e8ne", "type": "4", "couleur": "#1E88E5"}}, {"type": "Feature", "geometry": {"type": "Point", "coordinates": [-17.05139, 14.75278]}, "properties": {"nom": "Pout Sud F8 Bis", "nappe": "Pal\u00e9oc\u00e8ne", "type": "4", "couleur": "#1E88E5"}}, {"type": "Feature", "geometry": {"type": "Point", "coordinates": [-17.03083, 14.97806]}, "properties": {"nom": "Dieuleuck Ouolof", "nappe": "Pal\u00e9oc\u00e8ne", "type": "4", "couleur": "#1E88E5"}}, {"type": "Feature", "geometry": {"type": "Point", "coordinates": [-17.01667, 14.82222]}, "properties": {"nom": "Pout Nord F6", "nappe": "Pal\u00e9oc\u00e8ne", "type": "4", "couleur": "#1E88E5"}}, {"type": "Feature", "geometry": {"type": "Point", "coordinates": [-17.01028, 14.99306]}, "properties": {"nom": "Notto Gouye Diama", "nappe": "Pal\u00e9oc\u00e8ne", "type": "4", "couleur": "#1E88E5"}}, {"type": "Feature", "geometry": {"type": "Point", "coordinates": [-17.09389, 14.86194]}, "properties": {"nom": "Ndame Lo", "nappe": "Pal\u00e9oc\u00e8ne", "type": "4", "couleur": "#1E88E5"}}, {"type": "Feature", "geometry": {"type": "Point", "coordinates": [-17.17222, 14.79306]}, "properties": {"nom": "Gorom I", "nappe": "Pal\u00e9oc\u00e8ne", "type": "4", "couleur": "#1E88E5"}}, {"type": "Feature", "geometry": {"type": "Point", "coordinates": [-17.12361, 14.80556]}, "properties": {"nom": "Keur Sega", "nappe": "Pal\u00e9oc\u00e8ne", "type": "4", "couleur": "#1E88E5"}}, {"type": "Feature", "geometry": {"type": "Point", "coordinates": [-17.14167, 14.76111]}, "properties": {"nom": "Sebikotane", "nappe": "Pal\u00e9oc\u00e8ne", "type": "4", "couleur": "#1E88E5"}}, {"type": "Feature", "geometry": {"type": "Point", "coordinates": [-17.00833, 14.975]}, "properties": {"nom": "Seguel", "nappe": "Pal\u00e9oc\u00e8ne", "type": "4", "couleur": "#1E88E5"}}, {"type": "Feature", "geometry": {"type": "Point", "coordinates": [-17.03167, 14.97806]}, "properties": {"nom": "Touba Boustane", "nappe": "Pal\u00e9oc\u00e8ne", "type": "4", "couleur": "#1E88E5"}}, {"type": "Feature", "geometry": {"type": "Point", "coordinates": [-17.11361, 14.81333]}, "properties": {"nom": "Santhiou Dara", "nappe": "Pal\u00e9oc\u00e8ne", "type": "4", "couleur": "#1E88E5"}}, {"type": "Feature", "geometry": {"type": "Point", "coordinates": [-17.14333, 14.75944]}, "properties": {"nom": "Sebikotane Agrocap", "nappe": "Pal\u00e9oc\u00e8ne", "type": "4", "couleur": "#1E88E5"}}, {"type": "Feature", "geometry": {"type": "Point", "coordinates": [-17.14472, 14.7475]}, "properties": {"nom": "Forage N\u00b04 De Safina.Sa", "nappe": "Pal\u00e9oc\u00e8ne", "type": "4", "couleur": "#1E88E5"}}, {"type": "Feature", "geometry": {"type": "Point", "coordinates": [-17.14139, 14.7475]}, "properties": {"nom": "Sebikotane", "nappe": "Pal\u00e9oc\u00e8ne", "type": "4", "couleur": "#1E88E5"}}, {"type": "Feature", "geometry": {"type": "Point", "coordinates": [-17.14444, 14.75889]}, "properties": {"nom": "Sebikotane(Safina)", "nappe": "Pal\u00e9oc\u00e8ne", "type": "4", "couleur": "#1E88E5"}}, {"type": "Feature", "geometry": {"type": "Point", "coordinates": [-17.06667, 14.48333]}, "properties": {"nom": "Somone F1", "nappe": "Pal\u00e9oc\u00e8ne", "type": "4", "couleur": "#1E88E5"}}, {"type": "Feature", "geometry": {"type": "Point", "coordinates": [-17.01611, 14.6125]}, "properties": {"nom": "Bandia Sessene", "nappe": "Pal\u00e9oc\u00e8ne", "type": "4", "couleur": "#1E88E5"}}, {"type": "Feature", "geometry": {"type": "Point", "coordinates": [-17.01583, 14.61444]}, "properties": {"nom": "Bandia (Service Eaux & For\u00eats", "nappe": "Pal\u00e9oc\u00e8ne", "type": "4", "couleur": "#1E88E5"}}, {"type": "Feature", "geometry": {"type": "Point", "coordinates": [-17.00583, 14.55944]}, "properties": {"nom": "Parc De Bandia  P", "nappe": "Pal\u00e9oc\u00e8ne", "type": "4", "couleur": "#1E88E5"}}, {"type": "Feature", "geometry": {"type": "Point", "coordinates": [-17.08972, 14.6375]}, "properties": {"nom": "Aibd - Ndiass F2", "nappe": "Pal\u00e9oc\u00e8ne", "type": "4", "couleur": "#1E88E5"}}, {"type": "Feature", "geometry": {"type": "Point", "coordinates": [-17.0175, 14.46306]}, "properties": {"nom": "Saly Saint-Joseph", "nappe": "Pal\u00e9oc\u00e8ne", "type": "4", "couleur": "#1E88E5"}}, {"type": "Feature", "geometry": {"type": "Point", "coordinates": [-16.94722, 14.81111]}, "properties": {"nom": "Thies", "nappe": "Pal\u00e9oc\u00e8ne", "type": "4", "couleur": "#1E88E5"}}, {"type": "Feature", "geometry": {"type": "Point", "coordinates": [-16.93056, 14.79167]}, "properties": {"nom": "Thies", "nappe": "Pal\u00e9oc\u00e8ne", "type": "4", "couleur": "#1E88E5"}}, {"type": "Feature", "geometry": {"type": "Point", "coordinates": [-16.95, 14.77083]}, "properties": {"nom": "Thies", "nappe": "Pal\u00e9oc\u00e8ne", "type": "4", "couleur": "#1E88E5"}}, {"type": "Feature", "geometry": {"type": "Point", "coordinates": [-16.93056, 14.81111]}, "properties": {"nom": "Thies", "nappe": "Pal\u00e9oc\u00e8ne", "type": "4", "couleur": "#1E88E5"}}, {"type": "Feature", "geometry": {"type": "Point", "coordinates": [-16.93056, 14.81111]}, "properties": {"nom": "Thies", "nappe": "Pal\u00e9oc\u00e8ne", "type": "4", "couleur": "#1E88E5"}}, {"type": "Feature", "geometry": {"type": "Point", "coordinates": [-16.93056, 14.81111]}, "properties": {"nom": "Thies", "nappe": "Pal\u00e9oc\u00e8ne", "type": "4", "couleur": "#1E88E5"}}, {"type": "Feature", "geometry": {"type": "Point", "coordinates": [-16.93083, 14.70972]}, "properties": {"nom": "Mbomboye", "nappe": "Pal\u00e9oc\u00e8ne", "type": "4", "couleur": "#1E88E5"}}, {"type": "Feature", "geometry": {"type": "Point", "coordinates": [-16.76944, 14.74722]}, "properties": {"nom": "Keur Banda Niang", "nappe": "Pal\u00e9oc\u00e8ne", "type": "4", "couleur": "#1E88E5"}}, {"type": "Feature", "geometry": {"type": "Point", "coordinates": [-16.95, 14.6675]}, "properties": {"nom": "Kissane", "nappe": "Pal\u00e9oc\u00e8ne", "type": "4", "couleur": "#1E88E5"}}, {"type": "Feature", "geometry": {"type": "Point", "coordinates": [-16.87778, 14.70389]}, "properties": {"nom": "Notto", "nappe": "Pal\u00e9oc\u00e8ne", "type": "4", "couleur": "#1E88E5"}}, {"type": "Feature", "geometry": {"type": "Point", "coordinates": [-16.88889, 14.77778]}, "properties": {"nom": "Peycouck Serere", "nappe": "Pal\u00e9oc\u00e8ne", "type": "4", "couleur": "#1E88E5"}}, {"type": "Feature", "geometry": {"type": "Point", "coordinates": [-16.94444, 14.87778]}, "properties": {"nom": "Colobane Thiombane", "nappe": "Pal\u00e9oc\u00e8ne", "type": "4", "couleur": "#1E88E5"}}, {"type": "Feature", "geometry": {"type": "Point", "coordinates": [-16.98333, 14.91667]}, "properties": {"nom": "Mont-Roland", "nappe": "Pal\u00e9oc\u00e8ne", "type": "4", "couleur": "#1E88E5"}}, {"type": "Feature", "geometry": {"type": "Point", "coordinates": [-16.98333, 14.91667]}, "properties": {"nom": "Mont-Roland", "nappe": "Pal\u00e9oc\u00e8ne", "type": "4", "couleur": "#1E88E5"}}, {"type": "Feature", "geometry": {"type": "Point", "coordinates": [-16.66722, 14.72361]}, "properties": {"nom": "Ndouph", "nappe": "Pal\u00e9oc\u00e8ne", "type": "4", "couleur": "#1E88E5"}}, {"type": "Feature", "geometry": {"type": "Point", "coordinates": [-16.85139, 14.80556]}, "properties": {"nom": "Fandene Thiathie", "nappe": "Pal\u00e9oc\u00e8ne", "type": "4", "couleur": "#1E88E5"}}, {"type": "Feature", "geometry": {"type": "Point", "coordinates": [-16.8, 14.72222]}, "properties": {"nom": "Mbambara Cherif", "nappe": "Pal\u00e9oc\u00e8ne", "type": "4", "couleur": "#1E88E5"}}, {"type": "Feature", "geometry": {"type": "Point", "coordinates": [-16.78333, 14.76667]}, "properties": {"nom": "Thienaba I", "nappe": "Pal\u00e9oc\u00e8ne", "type": "4", "couleur": "#1E88E5"}}, {"type": "Feature", "geometry": {"type": "Point", "coordinates": [-16.85, 14.94444]}, "properties": {"nom": "Yendame", "nappe": "Pal\u00e9oc\u00e8ne", "type": "4", "couleur": "#1E88E5"}}, {"type": "Feature", "geometry": {"type": "Point", "coordinates": [-16.71667, 14.69444]}, "properties": {"nom": "Diak Mbodokhane 2", "nappe": "Pal\u00e9oc\u00e8ne", "type": "4", "couleur": "#1E88E5"}}, {"type": "Feature", "geometry": {"type": "Point", "coordinates": [-16.94167, 14.97]}, "properties": {"nom": "Baity Dakhar", "nappe": "Pal\u00e9oc\u00e8ne", "type": "4", "couleur": "#1E88E5"}}, {"type": "Feature", "geometry": {"type": "Point", "coordinates": [-16.98333, 14.96667]}, "properties": {"nom": "Keur Pathe", "nappe": "Pal\u00e9oc\u00e8ne", "type": "4", "couleur": "#1E88E5"}}, {"type": "Feature", "geometry": {"type": "Point", "coordinates": [-16.83333, 14.73333]}, "properties": {"nom": "Hanene", "nappe": "Pal\u00e9oc\u00e8ne", "type": "4", "couleur": "#1E88E5"}}, {"type": "Feature", "geometry": {"type": "Point", "coordinates": [-16.81639, 14.68]}, "properties": {"nom": "Bousnakh", "nappe": "Pal\u00e9oc\u00e8ne", "type": "4", "couleur": "#1E88E5"}}, {"type": "Feature", "geometry": {"type": "Point", "coordinates": [-16.71472, 14.69167]}, "properties": {"nom": "Diack Mbodokhane", "nappe": "Pal\u00e9oc\u00e8ne", "type": "4", "couleur": "#1E88E5"}}, {"type": "Feature", "geometry": {"type": "Point", "coordinates": [-16.80694, 14.67861]}, "properties": {"nom": "Keur Ndiol Dieng", "nappe": "Pal\u00e9oc\u00e8ne", "type": "4", "couleur": "#1E88E5"}}, {"type": "Feature", "geometry": {"type": "Point", "coordinates": [-16.9975, 14.92278]}, "properties": {"nom": "Tivigne Diassa", "nappe": "Pal\u00e9oc\u00e8ne", "type": "4", "couleur": "#1E88E5"}}, {"type": "Feature", "geometry": {"type": "Point", "coordinates": [-16.98917, 14.92167]}, "properties": {"nom": "Tivigne Tanghor", "nappe": "Pal\u00e9oc\u00e8ne", "type": "4", "couleur": "#1E88E5"}}, {"type": "Feature", "geometry": {"type": "Point", "coordinates": [-16.39278, 14.85167]}, "properties": {"nom": "Gawane Mbacke", "nappe": "Pal\u00e9oc\u00e8ne", "type": "4", "couleur": "#1E88E5"}}, {"type": "Feature", "geometry": {"type": "Point", "coordinates": [-16.53611, 14.675]}, "properties": {"nom": "Baback Ndioudiouf", "nappe": "Pal\u00e9oc\u00e8ne", "type": "4", "couleur": "#1E88E5"}}, {"type": "Feature", "geometry": {"type": "Point", "coordinates": [-16.53528, 14.69]}, "properties": {"nom": "Gatte Ngaraff Ii", "nappe": "Pal\u00e9oc\u00e8ne", "type": "4", "couleur": "#1E88E5"}}, {"type": "Feature", "geometry": {"type": "Point", "coordinates": [-16.60472, 14.66333]}, "properties": {"nom": "Mbomboye I", "nappe": "Pal\u00e9oc\u00e8ne", "type": "4", "couleur": "#1E88E5"}}, {"type": "Feature", "geometry": {"type": "Point", "coordinates": [-16.56944, 14.68056]}, "properties": {"nom": "Tallagne", "nappe": "Pal\u00e9oc\u00e8ne", "type": "4", "couleur": "#1E88E5"}}, {"type": "Feature", "geometry": {"type": "Point", "coordinates": [-16.5, 14.69722]}, "properties": {"nom": "Bambey", "nappe": "Pal\u00e9oc\u00e8ne", "type": "4", "couleur": "#1E88E5"}}, {"type": "Feature", "geometry": {"type": "Point", "coordinates": [-16.53306, 14.69194]}, "properties": {"nom": "Gate", "nappe": "Pal\u00e9oc\u00e8ne", "type": "4", "couleur": "#1E88E5"}}, {"type": "Feature", "geometry": {"type": "Point", "coordinates": [-16.9575, 14.62806]}, "properties": {"nom": "Ngolfaning", "nappe": "Pal\u00e9oc\u00e8ne", "type": "4", "couleur": "#1E88E5"}}, {"type": "Feature", "geometry": {"type": "Point", "coordinates": [-16.94167, 14.52833]}, "properties": {"nom": "Thiombolodji", "nappe": "Pal\u00e9oc\u00e8ne", "type": "4", "couleur": "#1E88E5"}}, {"type": "Feature", "geometry": {"type": "Point", "coordinates": [-16.89167, 14.53472]}, "properties": {"nom": "Keur Abdoulaye Diaw", "nappe": "Pal\u00e9oc\u00e8ne", "type": "4", "couleur": "#1E88E5"}}, {"type": "Feature", "geometry": {"type": "Point", "coordinates": [-16.725, 14.53333]}, "properties": {"nom": "Ndiagagniao", "nappe": "Pal\u00e9oc\u00e8ne", "type": "4", "couleur": "#1E88E5"}}, {"type": "Feature", "geometry": {"type": "Point", "coordinates": [-16.7275, 14.54639]}, "properties": {"nom": "Ndiaganiao Mission", "nappe": "Pal\u00e9oc\u00e8ne", "type": "4", "couleur": "#1E88E5"}}, {"type": "Feature", "geometry": {"type": "Point", "coordinates": [-16.72361, 14.52361]}, "properties": {"nom": "Both Escale", "nappe": "Pal\u00e9oc\u00e8ne", "type": "4", "couleur": "#1E88E5"}}, {"type": "Feature", "geometry": {"type": "Point", "coordinates": [-16.71667, 14.53333]}, "properties": {"nom": "Both Escale", "nappe": "Pal\u00e9oc\u00e8ne", "type": "4", "couleur": "#1E88E5"}}, {"type": "Feature", "geometry": {"type": "Point", "coordinates": [-15.94167, 14.68]}, "properties": {"nom": "Darou Mbayene", "nappe": "Maastrichtien", "type": "4", "couleur": "#0D47A1"}}, {"type": "Feature", "geometry": {"type": "Point", "coordinates": [-15.76222, 14.77806]}, "properties": {"nom": "Ndiouroul Darah", "nappe": "Maastrichtien", "type": "4", "couleur": "#0D47A1"}}, {"type": "Feature", "geometry": {"type": "Point", "coordinates": [-15.76222, 14.77806]}, "properties": {"nom": "Ndiouroul Darah", "nappe": "Maastrichtien", "type": "4", "couleur": "#0D47A1"}}, {"type": "Feature", "geometry": {"type": "Point", "coordinates": [-15.645, 14.93472]}, "properties": {"nom": "Darou Bogo", "nappe": "Maastrichtien", "type": "4", "couleur": "#0D47A1"}}, {"type": "Feature", "geometry": {"type": "Point", "coordinates": [-15.855, 15.04417]}, "properties": {"nom": "Touba Bogo", "nappe": "Maastrichtien", "type": "4", "couleur": "#0D47A1"}}, {"type": "Feature", "geometry": {"type": "Point", "coordinates": [-15.40167, 14.81444]}, "properties": {"nom": "Darou Miname Taif", "nappe": "Maastrichtien", "type": "4", "couleur": "#0D47A1"}}, {"type": "Feature", "geometry": {"type": "Point", "coordinates": [-15.40167, 14.81444]}, "properties": {"nom": "Darou Miname Taif", "nappe": "Maastrichtien", "type": "4", "couleur": "#0D47A1"}}, {"type": "Feature", "geometry": {"type": "Point", "coordinates": [-15.5475, 14.93611]}, "properties": {"nom": "Sam Fall", "nappe": "Maastrichtien", "type": "4", "couleur": "#0D47A1"}}, {"type": "Feature", "geometry": {"type": "Point", "coordinates": [-15.5475, 14.93611]}, "properties": {"nom": "Sam Fall", "nappe": "Maastrichtien", "type": "4", "couleur": "#0D47A1"}}, {"type": "Feature", "geometry": {"type": "Point", "coordinates": [-15.66389, 14.96667]}, "properties": {"nom": "Darou Khoudoss", "nappe": "Maastrichtien", "type": "4", "couleur": "#0D47A1"}}, {"type": "Feature", "geometry": {"type": "Point", "coordinates": [-15.92111, 14.54333]}, "properties": {"nom": "Pathiene I", "nappe": "Maastrichtien", "type": "4", "couleur": "#0D47A1"}}, {"type": "Feature", "geometry": {"type": "Point", "coordinates": [-15.95667, 14.57167]}, "properties": {"nom": "Touba Mboul", "nappe": "Maastrichtien", "type": "4", "couleur": "#0D47A1"}}, {"type": "Feature", "geometry": {"type": "Point", "coordinates": [-15.95667, 14.57167]}, "properties": {"nom": "Touba Mboul", "nappe": "Maastrichtien", "type": "4", "couleur": "#0D47A1"}}, {"type": "Feature", "geometry": {"type": "Point", "coordinates": [-15.87639, 14.59222]}, "properties": {"nom": "Seo Toure", "nappe": "Maastrichtien", "type": "4", "couleur": "#0D47A1"}}, {"type": "Feature", "geometry": {"type": "Point", "coordinates": [-15.87639, 14.59222]}, "properties": {"nom": "Seo Toure", "nappe": "Maastrichtien", "type": "4", "couleur": "#0D47A1"}}, {"type": "Feature", "geometry": {"type": "Point", "coordinates": [-15.97528, 14.52722]}, "properties": {"nom": "Lagane Mbacke", "nappe": "Maastrichtien", "type": "4", "couleur": "#0D47A1"}}, {"type": "Feature", "geometry": {"type": "Point", "coordinates": [-15.97528, 14.52722]}, "properties": {"nom": "Lagane Mbacke", "nappe": "Maastrichtien", "type": "4", "couleur": "#0D47A1"}}, {"type": "Feature", "geometry": {"type": "Point", "coordinates": [-16.16583, 14.54944]}, "properties": {"nom": "Darou Ndiaye", "nappe": "Maastrichtien", "type": "4", "couleur": "#0D47A1"}}, {"type": "Feature", "geometry": {"type": "Point", "coordinates": [-15.78611, 14.63611]}, "properties": {"nom": "Khayane", "nappe": "Maastrichtien", "type": "4", "couleur": "#0D47A1"}}, {"type": "Feature", "geometry": {"type": "Point", "coordinates": [-15.57639, 14.58694]}, "properties": {"nom": "Diabel", "nappe": "Maastrichtien", "type": "4", "couleur": "#0D47A1"}}, {"type": "Feature", "geometry": {"type": "Point", "coordinates": [-15.83944, 14.15806]}, "properties": {"nom": "Ndiayene Wali", "nappe": "Maastrichtien", "type": "4", "couleur": "#0D47A1"}}, {"type": "Feature", "geometry": {"type": "Point", "coordinates": [-15.44639, 14.28111]}, "properties": {"nom": "Dix Neuf", "nappe": "Maastrichtien", "type": "4", "couleur": "#0D47A1"}}, {"type": "Feature", "geometry": {"type": "Point", "coordinates": [-15.41389, 14.16944]}, "properties": {"nom": "Keur Sassy Diamaguene", "nappe": "Maastrichtien", "type": "4", "couleur": "#0D47A1"}}, {"type": "Feature", "geometry": {"type": "Point", "coordinates": [-14.8075, 14.99167]}, "properties": {"nom": "Khoumouk", "nappe": "Maastrichtien", "type": "4", "couleur": "#0D47A1"}}, {"type": "Feature", "geometry": {"type": "Point", "coordinates": [-14.39972, 14.81861]}, "properties": {"nom": "Mbem Mbem", "nappe": "Maastrichtien", "type": "4", "couleur": "#0D47A1"}}, {"type": "Feature", "geometry": {"type": "Point", "coordinates": [-14.38611, 14.75417]}, "properties": {"nom": "Bouly Boguel", "nappe": "Maastrichtien", "type": "4", "couleur": "#0D47A1"}}, {"type": "Feature", "geometry": {"type": "Point", "coordinates": [-14.34444, 14.83333]}, "properties": {"nom": "Mbem Mbem", "nappe": "Maastrichtien", "type": "4", "couleur": "#0D47A1"}}, {"type": "Feature", "geometry": {"type": "Point", "coordinates": [-14.1, 14.81667]}, "properties": {"nom": "Mbam", "nappe": "Maastrichtien", "type": "4", "couleur": "#0D47A1"}}, {"type": "Feature", "geometry": {"type": "Point", "coordinates": [-14.23333, 14.96667]}, "properties": {"nom": "Boulone Seno", "nappe": "Maastrichtien", "type": "4", "couleur": "#0D47A1"}}, {"type": "Feature", "geometry": {"type": "Point", "coordinates": [-14.74222, 14.635]}, "properties": {"nom": "Thionokh Sangue", "nappe": "Maastrichtien", "type": "4", "couleur": "#0D47A1"}}, {"type": "Feature", "geometry": {"type": "Point", "coordinates": [-14.62917, 14.62083]}, "properties": {"nom": "Boundou Mbaba Mbour.", "nappe": "Maastrichtien", "type": "4", "couleur": "#0D47A1"}}, {"type": "Feature", "geometry": {"type": "Point", "coordinates": [-14.54028, 14.21111]}, "properties": {"nom": "Syll Escale", "nappe": "Maastrichtien", "type": "4", "couleur": "#0D47A1"}}, {"type": "Feature", "geometry": {"type": "Point", "coordinates": [-13.83333, 14.63333]}, "properties": {"nom": "Sinthiou Mamoudou", "nappe": "Maastrichtien", "type": "4", "couleur": "#0D47A1"}}, {"type": "Feature", "geometry": {"type": "Point", "coordinates": [-14.39306, 13.83611]}, "properties": {"nom": "Mereto Dialoube", "nappe": "Maastrichtien", "type": "4", "couleur": "#0D47A1"}}, {"type": "Feature", "geometry": {"type": "Point", "coordinates": [-14.51667, 13.8]}, "properties": {"nom": "Koundiao Souare", "nappe": "Maastrichtien", "type": "4", "couleur": "#0D47A1"}}, {"type": "Feature", "geometry": {"type": "Point", "coordinates": [-13.84972, 13.96306]}, "properties": {"nom": "Faricounda", "nappe": "Maastrichtien", "type": "4", "couleur": "#0D47A1"}}, {"type": "Feature", "geometry": {"type": "Point", "coordinates": [-15.87222, 15.49167]}, "properties": {"nom": "Mbacke Bari", "nappe": "Maastrichtien", "type": "4", "couleur": "#0D47A1"}}, {"type": "Feature", "geometry": {"type": "Point", "coordinates": [-15.43333, 15.16667]}, "properties": {"nom": "Darou Kossi", "nappe": "Maastrichtien", "type": "4", "couleur": "#0D47A1"}}, {"type": "Feature", "geometry": {"type": "Point", "coordinates": [-15.23667, 15.31222]}, "properties": {"nom": "Gore Waly  Ii", "nappe": "Maastrichtien", "type": "4", "couleur": "#0D47A1"}}, {"type": "Feature", "geometry": {"type": "Point", "coordinates": [-16.53667, 14.88889]}, "properties": {"nom": "Gad Bissick", "nappe": "Maastrichtien", "type": "4", "couleur": "#0D47A1"}}, {"type": "Feature", "geometry": {"type": "Point", "coordinates": [-16.53667, 14.88889]}, "properties": {"nom": "Gad Bissick", "nappe": "Maastrichtien", "type": "4", "couleur": "#0D47A1"}}, {"type": "Feature", "geometry": {"type": "Point", "coordinates": [-14.83333, 15.28333]}, "properties": {"nom": "Naba", "nappe": "Maastrichtien", "type": "4", "couleur": "#0D47A1"}}, {"type": "Feature", "geometry": {"type": "Point", "coordinates": [-15.89861, 14.38333]}, "properties": {"nom": "Forage De Keur Sadiouka", "nappe": "Maastrichtien", "type": "4", "couleur": "#0D47A1"}}, {"type": "Feature", "geometry": {"type": "Point", "coordinates": [-15.73333, 14.55278]}, "properties": {"nom": "Touba Sam Fall(Touba Fall", "nappe": "Maastrichtien", "type": "4", "couleur": "#0D47A1"}}, {"type": "Feature", "geometry": {"type": "Point", "coordinates": [-14.98278, 13.91667]}, "properties": {"nom": "Boustane", "nappe": "Maastrichtien", "type": "4", "couleur": "#0D47A1"}}, {"type": "Feature", "geometry": {"type": "Point", "coordinates": [-14.68472, 14.37222]}, "properties": {"nom": "Ribo Escale", "nappe": "Maastrichtien", "type": "4", "couleur": "#0D47A1"}}, {"type": "Feature", "geometry": {"type": "Point", "coordinates": [-16.13, 16.27083]}, "properties": {"nom": "Ross-Bethio", "nappe": "Maastrichtien", "type": "4", "couleur": "#0D47A1"}}, {"type": "Feature", "geometry": {"type": "Point", "coordinates": [-14.06111, 16.225]}, "properties": {"nom": "Mery Thioka", "nappe": "Maastrichtien", "type": "4", "couleur": "#0D47A1"}}, {"type": "Feature", "geometry": {"type": "Point", "coordinates": [-16.85695, 15.09583]}, "properties": {"nom": "Darou Khoudoss", "nappe": "Maastrichtien", "type": "4", "couleur": "#0D47A1"}}, {"type": "Feature", "geometry": {"type": "Point", "coordinates": [-16.85556, 15.09806]}, "properties": {"nom": "Darou Khoudoss", "nappe": "Maastrichtien", "type": "4", "couleur": "#0D47A1"}}, {"type": "Feature", "geometry": {"type": "Point", "coordinates": [-16.91667, 15.11944]}, "properties": {"nom": "Mboro Khondio", "nappe": "Maastrichtien", "type": "4", "couleur": "#0D47A1"}}, {"type": "Feature", "geometry": {"type": "Point", "coordinates": [-16.90028, 15.03139]}, "properties": {"nom": "Taiba Santhie", "nappe": "Maastrichtien", "type": "4", "couleur": "#0D47A1"}}, {"type": "Feature", "geometry": {"type": "Point", "coordinates": [-16.875, 15.03889]}, "properties": {"nom": "Taiba P3", "nappe": "Maastrichtien", "type": "4", "couleur": "#0D47A1"}}, {"type": "Feature", "geometry": {"type": "Point", "coordinates": [-15.565, 15.36556]}, "properties": {"nom": "Mboussobe Wolof  P1", "nappe": "Maastrichtien", "type": "4", "couleur": "#0D47A1"}}, {"type": "Feature", "geometry": {"type": "Point", "coordinates": [-15.565, 15.36556]}, "properties": {"nom": "Mboussobe Wolof  P2", "nappe": "Maastrichtien", "type": "4", "couleur": "#0D47A1"}}, {"type": "Feature", "geometry": {"type": "Point", "coordinates": [-15.565, 15.36556]}, "properties": {"nom": "Mboussobe Wolof P3", "nappe": "Maastrichtien", "type": "4", "couleur": "#0D47A1"}}, {"type": "Feature", "geometry": {"type": "Point", "coordinates": [-15.59694, 15.19028]}, "properties": {"nom": "Khatali (Laure)", "nappe": "Maastrichtien", "type": "4", "couleur": "#0D47A1"}}, {"type": "Feature", "geometry": {"type": "Point", "coordinates": [-14.81389, 15.83333]}, "properties": {"nom": "Labgar  P11", "nappe": "Maastrichtien", "type": "4", "couleur": "#0D47A1"}}, {"type": "Feature", "geometry": {"type": "Point", "coordinates": [-14.93694, 15.30889]}, "properties": {"nom": "Djabal", "nappe": "Maastrichtien", "type": "4", "couleur": "#0D47A1"}}, {"type": "Feature", "geometry": {"type": "Point", "coordinates": [-13.25556, 15.67222]}, "properties": {"nom": "Diamel", "nappe": "Maastrichtien", "type": "4", "couleur": "#0D47A1"}}, {"type": "Feature", "geometry": {"type": "Point", "coordinates": [-13.185, 15.48694]}, "properties": {"nom": "Kanel F3", "nappe": "Maastrichtien", "type": "4", "couleur": "#0D47A1"}}, {"type": "Feature", "geometry": {"type": "Point", "coordinates": [-13.18111, 15.48833]}, "properties": {"nom": "Kanel F4", "nappe": "Maastrichtien", "type": "4", "couleur": "#0D47A1"}}, {"type": "Feature", "geometry": {"type": "Point", "coordinates": [-13.25, 15.65]}, "properties": {"nom": "Matam P1", "nappe": "Maastrichtien", "type": "4", "couleur": "#0D47A1"}}, {"type": "Feature", "geometry": {"type": "Point", "coordinates": [-13.25972, 15.6625]}, "properties": {"nom": "Matam Pz", "nappe": "Maastrichtien", "type": "4", "couleur": "#0D47A1"}}, {"type": "Feature", "geometry": {"type": "Point", "coordinates": [-13.95278, 15.30694]}, "properties": {"nom": "Ranerou  F2", "nappe": "Maastrichtien", "type": "4", "couleur": "#0D47A1"}}, {"type": "Feature", "geometry": {"type": "Point", "coordinates": [-17.01111, 14.75278]}, "properties": {"nom": "Se.102.M", "nappe": "Maastrichtien", "type": "4", "couleur": "#0D47A1"}}, {"type": "Feature", "geometry": {"type": "Point", "coordinates": [-17.04167, 14.67917]}, "properties": {"nom": "Kirene P 11", "nappe": "Maastrichtien", "type": "4", "couleur": "#0D47A1"}}, {"type": "Feature", "geometry": {"type": "Point", "coordinates": [-17.03222, 14.68417]}, "properties": {"nom": "Kirene P 11 Bis", "nappe": "Maastrichtien", "type": "4", "couleur": "#0D47A1"}}, {"type": "Feature", "geometry": {"type": "Point", "coordinates": [-17.03222, 14.68417]}, "properties": {"nom": "Kirene P 11 Bis", "nappe": "Maastrichtien", "type": "4", "couleur": "#0D47A1"}}, {"type": "Feature", "geometry": {"type": "Point", "coordinates": [-17.01444, 14.74889]}, "properties": {"nom": "Se.110-M", "nappe": "Maastrichtien", "type": "4", "couleur": "#0D47A1"}}, {"type": "Feature", "geometry": {"type": "Point", "coordinates": [-17.01667, 14.76667]}, "properties": {"nom": "Pout Ps 6", "nappe": "Maastrichtien", "type": "4", "couleur": "#0D47A1"}}, {"type": "Feature", "geometry": {"type": "Point", "coordinates": [-17.05278, 14.80278]}, "properties": {"nom": "Tamna.51", "nappe": "Maastrichtien", "type": "4", "couleur": "#0D47A1"}}, {"type": "Feature", "geometry": {"type": "Point", "coordinates": [-17.01333, 14.85417]}, "properties": {"nom": "Pout Noto S 3278", "nappe": "Maastrichtien", "type": "4", "couleur": "#0D47A1"}}, {"type": "Feature", "geometry": {"type": "Point", "coordinates": [-17.01028, 14.90417]}, "properties": {"nom": "Pout Noto S 3378", "nappe": "Maastrichtien", "type": "4", "couleur": "#0D47A1"}}, {"type": "Feature", "geometry": {"type": "Point", "coordinates": [-17.00639, 14.92472]}, "properties": {"nom": "Se 19", "nappe": "Maastrichtien", "type": "4", "couleur": "#0D47A1"}}, {"type": "Feature", "geometry": {"type": "Point", "coordinates": [-17.04917, 14.84056]}, "properties": {"nom": "Tamna.41", "nappe": "Maastrichtien", "type": "4", "couleur": "#0D47A1"}}, {"type": "Feature", "geometry": {"type": "Point", "coordinates": [-17.02111, 14.87333]}, "properties": {"nom": "Fouloum Se 34m", "nappe": "Maastrichtien", "type": "4", "couleur": "#0D47A1"}}, {"type": "Feature", "geometry": {"type": "Point", "coordinates": [-17.02278, 14.865]}, "properties": {"nom": "Fouloum Se.26.M", "nappe": "Maastrichtien", "type": "4", "couleur": "#0D47A1"}}, {"type": "Feature", "geometry": {"type": "Point", "coordinates": [-17.01389, 14.87639]}, "properties": {"nom": "Fouloum Se 35.M", "nappe": "Maastrichtien", "type": "4", "couleur": "#0D47A1"}}, {"type": "Feature", "geometry": {"type": "Point", "coordinates": [-17.03389, 14.84278]}, "properties": {"nom": "Ndeuye Se.141.M", "nappe": "Maastrichtien", "type": "4", "couleur": "#0D47A1"}}, {"type": "Feature", "geometry": {"type": "Point", "coordinates": [-17.00528, 14.87444]}, "properties": {"nom": "Fouloum Se.36.M", "nappe": "Maastrichtien", "type": "4", "couleur": "#0D47A1"}}, {"type": "Feature", "geometry": {"type": "Point", "coordinates": [-17.16528, 14.6925]}, "properties": {"nom": "Mbounkna Bambara M", "nappe": "Maastrichtien", "type": "4", "couleur": "#0D47A1"}}, {"type": "Feature", "geometry": {"type": "Point", "coordinates": [-17.0475, 14.74139]}, "properties": {"nom": "Pmp3 (Zone De Pout)", "nappe": "Maastrichtien", "type": "4", "couleur": "#0D47A1"}}, {"type": "Feature", "geometry": {"type": "Point", "coordinates": [-17.0125, 14.76417]}, "properties": {"nom": "Pmp6 (Zone De Pout)", "nappe": "Maastrichtien", "type": "4", "couleur": "#0D47A1"}}, {"type": "Feature", "geometry": {"type": "Point", "coordinates": [-17.00778, 14.86194]}, "properties": {"nom": "Pmp5 (Zone De Pout)", "nappe": "Maastrichtien", "type": "4", "couleur": "#0D47A1"}}, {"type": "Feature", "geometry": {"type": "Point", "coordinates": [-17.01, 14.84028]}, "properties": {"nom": "Pmp2 (Zone De Pout)", "nappe": "Maastrichtien", "type": "4", "couleur": "#0D47A1"}}, {"type": "Feature", "geometry": {"type": "Point", "coordinates": [-17.04861, 14.84083]}, "properties": {"nom": "Ndeuye  Se 124", "nappe": "Maastrichtien", "type": "4", "couleur": "#0D47A1"}}, {"type": "Feature", "geometry": {"type": "Point", "coordinates": [-17.17222, 14.68694]}, "properties": {"nom": "Se.11.M", "nappe": "Maastrichtien", "type": "4", "couleur": "#0D47A1"}}, {"type": "Feature", "geometry": {"type": "Point", "coordinates": [-17.01639, 14.61167]}, "properties": {"nom": "Bandia  P10", "nappe": "Maastrichtien", "type": "4", "couleur": "#0D47A1"}}, {"type": "Feature", "geometry": {"type": "Point", "coordinates": [-17.01639, 14.61167]}, "properties": {"nom": "Bandia  P10", "nappe": "Maastrichtien", "type": "4", "couleur": "#0D47A1"}}, {"type": "Feature", "geometry": {"type": "Point", "coordinates": [-17.05139, 14.4875]}, "properties": {"nom": "Somone P9", "nappe": "Maastrichtien", "type": "4", "couleur": "#0D47A1"}}, {"type": "Feature", "geometry": {"type": "Point", "coordinates": [-17.05139, 14.4875]}, "properties": {"nom": "Somone P9", "nappe": "Maastrichtien", "type": "4", "couleur": "#0D47A1"}}, {"type": "Feature", "geometry": {"type": "Point", "coordinates": [-17.10278, 14.56667]}, "properties": {"nom": "Poponguine Serere", "nappe": "Maastrichtien", "type": "4", "couleur": "#0D47A1"}}, {"type": "Feature", "geometry": {"type": "Point", "coordinates": [-17.09167, 14.525]}, "properties": {"nom": "Guereo", "nappe": "Maastrichtien", "type": "4", "couleur": "#0D47A1"}}, {"type": "Feature", "geometry": {"type": "Point", "coordinates": [-17.15306, 14.6175]}, "properties": {"nom": "Yenne Kelle", "nappe": "Maastrichtien", "type": "4", "couleur": "#0D47A1"}}, {"type": "Feature", "geometry": {"type": "Point", "coordinates": [-17.15306, 14.6175]}, "properties": {"nom": "Yenne Kelle", "nappe": "Maastrichtien", "type": "4", "couleur": "#0D47A1"}}, {"type": "Feature", "geometry": {"type": "Point", "coordinates": [-17.13194, 14.59167]}, "properties": {"nom": "Ndayane", "nappe": "Maastrichtien", "type": "4", "couleur": "#0D47A1"}}, {"type": "Feature", "geometry": {"type": "Point", "coordinates": [-17.11667, 14.56667]}, "properties": {"nom": "Ndayane", "nappe": "Maastrichtien", "type": "4", "couleur": "#0D47A1"}}, {"type": "Feature", "geometry": {"type": "Point", "coordinates": [-17.11667, 14.56667]}, "properties": {"nom": "Ndayane", "nappe": "Maastrichtien", "type": "4", "couleur": "#0D47A1"}}, {"type": "Feature", "geometry": {"type": "Point", "coordinates": [-17.06667, 14.54306]}, "properties": {"nom": "Sorokhassap", "nappe": "Maastrichtien", "type": "4", "couleur": "#0D47A1"}}, {"type": "Feature", "geometry": {"type": "Point", "coordinates": [-17.06667, 14.54306]}, "properties": {"nom": "Sorokhassap", "nappe": "Maastrichtien", "type": "4", "couleur": "#0D47A1"}}, {"type": "Feature", "geometry": {"type": "Point", "coordinates": [-17.17278, 14.63778]}, "properties": {"nom": "Yenne 6", "nappe": "Maastrichtien", "type": "4", "couleur": "#0D47A1"}}, {"type": "Feature", "geometry": {"type": "Point", "coordinates": [-17.01111, 14.62778]}, "properties": {"nom": "Bandia Bambara", "nappe": "Maastrichtien", "type": "4", "couleur": "#0D47A1"}}, {"type": "Feature", "geometry": {"type": "Point", "coordinates": [-17.16833, 14.64972]}, "properties": {"nom": "Yenne  3", "nappe": "Maastrichtien", "type": "4", "couleur": "#0D47A1"}}, {"type": "Feature", "geometry": {"type": "Point", "coordinates": [-17.16528, 14.65833]}, "properties": {"nom": "Yenne 10", "nappe": "Maastrichtien", "type": "4", "couleur": "#0D47A1"}}, {"type": "Feature", "geometry": {"type": "Point", "coordinates": [-17.00694, 14.63611]}, "properties": {"nom": "Bandia Pmp4", "nappe": "Maastrichtien", "type": "4", "couleur": "#0D47A1"}}, {"type": "Feature", "geometry": {"type": "Point", "coordinates": [-17.00639, 14.62806]}, "properties": {"nom": "Bandia Pcp1", "nappe": "Maastrichtien", "type": "4", "couleur": "#0D47A1"}}, {"type": "Feature", "geometry": {"type": "Point", "coordinates": [-17.00778, 14.62611]}, "properties": {"nom": "Se.31.M", "nappe": "Maastrichtien", "type": "4", "couleur": "#0D47A1"}}, {"type": "Feature", "geometry": {"type": "Point", "coordinates": [-16.79306, 14.75833]}, "properties": {"nom": "Thienaba  P14", "nappe": "Maastrichtien", "type": "4", "couleur": "#0D47A1"}}, {"type": "Feature", "geometry": {"type": "Point", "coordinates": [-16.78806, 14.765]}, "properties": {"nom": "Thienaba", "nappe": "Maastrichtien", "type": "4", "couleur": "#0D47A1"}}, {"type": "Feature", "geometry": {"type": "Point", "coordinates": [-16.99083, 14.94917]}, "properties": {"nom": "Mont Rolland Pmp1", "nappe": "Maastrichtien", "type": "4", "couleur": "#0D47A1"}}, {"type": "Feature", "geometry": {"type": "Point", "coordinates": [-16.95111, 14.75972]}, "properties": {"nom": "Pmt1 (Zone De Thi\u00e8s)", "nappe": "Maastrichtien", "type": "4", "couleur": "#0D47A1"}}, {"type": "Feature", "geometry": {"type": "Point", "coordinates": [-17.00472, 14.9175]}, "properties": {"nom": "Se.38.M", "nappe": "Maastrichtien", "type": "4", "couleur": "#0D47A1"}}, {"type": "Feature", "geometry": {"type": "Point", "coordinates": [-16.85556, 14.62361]}, "properties": {"nom": "Tassette Ouolof", "nappe": "Maastrichtien", "type": "4", "couleur": "#0D47A1"}}, {"type": "Feature", "geometry": {"type": "Point", "coordinates": [-16.86722, 14.51972]}, "properties": {"nom": "P5.1 Keur Ndigue Faye", "nappe": "Maastrichtien", "type": "4", "couleur": "#0D47A1"}}, {"type": "Feature", "geometry": {"type": "Point", "coordinates": [-16.83333, 14.44444]}, "properties": {"nom": "Louly Ndia S1", "nappe": "Maastrichtien", "type": "4", "couleur": "#0D47A1"}}, {"type": "Feature", "geometry": {"type": "Point", "coordinates": [-16.97778, 14.53333]}, "properties": {"nom": "Kopgoyane S1", "nappe": "Maastrichtien", "type": "4", "couleur": "#0D47A1"}}, {"type": "Feature", "geometry": {"type": "Point", "coordinates": [-16.82, 14.43778]}, "properties": {"nom": "Louly Bentegne P1", "nappe": "Maastrichtien", "type": "4", "couleur": "#0D47A1"}}, {"type": "Feature", "geometry": {"type": "Point", "coordinates": [-16.91417, 14.43472]}, "properties": {"nom": "P2", "nappe": "Maastrichtien", "type": "4", "couleur": "#0D47A1"}}, {"type": "Feature", "geometry": {"type": "Point", "coordinates": [-16.885, 14.40722]}, "properties": {"nom": "P4", "nappe": "Maastrichtien", "type": "4", "couleur": "#0D47A1"}}, {"type": "Feature", "geometry": {"type": "Point", "coordinates": [-16.70472, 14.43667]}, "properties": {"nom": "Thiadiaye Pz1", "nappe": "Maastrichtien", "type": "4", "couleur": "#0D47A1"}}, {"type": "Feature", "geometry": {"type": "Point", "coordinates": [-13.20556, 14.18083]}, "properties": {"nom": "Bantambali", "nappe": "Maastrichtien", "type": "4", "couleur": "#0D47A1"}}, {"type": "Feature", "geometry": {"type": "Point", "coordinates": [-12.93333, 14.09806]}, "properties": {"nom": "Boynguel Bamba", "nappe": "Maastrichtien", "type": "4", "couleur": "#0D47A1"}}, {"type": "Feature", "geometry": {"type": "Point", "coordinates": [-15.69417, 13.04056]}, "properties": {"nom": "Bounkiling", "nappe": "Maastrichtien", "type": "4", "couleur": "#0D47A1"}}, {"type": "Feature", "geometry": {"type": "Point", "coordinates": [-14.35, 13.07639]}, "properties": {"nom": "Badion", "nappe": "Maastrichtien", "type": "4", "couleur": "#0D47A1"}}, {"type": "Feature", "geometry": {"type": "Point", "coordinates": [-14.1, 13.14583]}, "properties": {"nom": "Velingara", "nappe": "Maastrichtien", "type": "4", "couleur": "#0D47A1"}}, {"type": "Feature", "geometry": {"type": "Point", "coordinates": [-13.825, 13.33056]}, "properties": {"nom": "Thimin Dallah", "nappe": "Maastrichtien", "type": "4", "couleur": "#0D47A1"}}, {"type": "Feature", "geometry": {"type": "Point", "coordinates": [-13.74944, 13.13667]}, "properties": {"nom": "Medina Gounass", "nappe": "Maastrichtien", "type": "4", "couleur": "#0D47A1"}}, {"type": "Feature", "geometry": {"type": "Point", "coordinates": [-13.75278, 13.08056]}, "properties": {"nom": "Medina Gounass (Rebat)", "nappe": "Maastrichtien", "type": "4", "couleur": "#0D47A1"}}, {"type": "Feature", "geometry": {"type": "Point", "coordinates": [-15.10972, 12.76667]}, "properties": {"nom": "Sare Yoba Diega", "nappe": "Maastrichtien", "type": "4", "couleur": "#0D47A1"}}, {"type": "Feature", "geometry": {"type": "Point", "coordinates": [-16.23056, 12.81389]}, "properties": {"nom": "F7.1 Bid", "nappe": "Maastrichtien", "type": "4", "couleur": "#0D47A1"}}, {"type": "Feature", "geometry": {"type": "Point", "coordinates": [-15.56444, 16.49972]}, "properties": {"nom": "Arivele Ga 208", "nappe": "Maastrichtien", "type": "4", "couleur": "#0D47A1"}}, {"type": "Feature", "geometry": {"type": "Point", "coordinates": [-15.56361, 16.50722]}, "properties": {"nom": "Arivele Ga 205", "nappe": "Maastrichtien", "type": "4", "couleur": "#0D47A1"}}, {"type": "Feature", "geometry": {"type": "Point", "coordinates": [-15.56389, 16.50694]}, "properties": {"nom": "Arivele Ga 210", "nappe": "Maastrichtien", "type": "4", "couleur": "#0D47A1"}}, {"type": "Feature", "geometry": {"type": "Point", "coordinates": [-13.38556, 15.05472]}, "properties": {"nom": "Namary", "nappe": "Maastrichtien", "type": "4", "couleur": "#0D47A1"}}, {"type": "Feature", "geometry": {"type": "Point", "coordinates": [-13.64667, 15.08111]}, "properties": {"nom": "Namary", "nappe": "Maastrichtien", "type": "4", "couleur": "#0D47A1"}}, {"type": "Feature", "geometry": {"type": "Point", "coordinates": [-17.16833, 14.68]}, "properties": {"nom": "Ndokoras", "nappe": "Maastrichtien", "type": "4", "couleur": "#0D47A1"}}, {"type": "Feature", "geometry": {"type": "Point", "coordinates": [-16.80167, 14.6825]}, "properties": {"nom": "Mandagry Ouolof", "nappe": "Maastrichtien", "type": "4", "couleur": "#0D47A1"}}, {"type": "Feature", "geometry": {"type": "Point", "coordinates": [-16.68556, 14.87194]}, "properties": {"nom": "Piroundary", "nappe": "Maastrichtien", "type": "4", "couleur": "#0D47A1"}}, {"type": "Feature", "geometry": {"type": "Point", "coordinates": [-16.9425, 14.51333]}, "properties": {"nom": "Tene Toubab", "nappe": "Maastrichtien", "type": "4", "couleur": "#0D47A1"}}, {"type": "Feature", "geometry": {"type": "Point", "coordinates": [-15.85472, 14.90806]}, "properties": {"nom": "P1 Touba K Amdy Moust(Bakhdad", "nappe": "Maastrichtien", "type": "4", "couleur": "#0D47A1"}}, {"type": "Feature", "geometry": {"type": "Point", "coordinates": [-15.81472, 14.91]}, "properties": {"nom": "Touba Ndisso(Daraa Ch Moust)", "nappe": "Maastrichtien", "type": "4", "couleur": "#0D47A1"}}, {"type": "Feature", "geometry": {"type": "Point", "coordinates": [-14.75944, 14.48917]}, "properties": {"nom": "Diamaguene", "nappe": "Maastrichtien", "type": "4", "couleur": "#0D47A1"}}, {"type": "Feature", "geometry": {"type": "Point", "coordinates": [-13.35778, 14.68056]}, "properties": {"nom": "Mbounguiel", "nappe": "Maastrichtien", "type": "4", "couleur": "#0D47A1"}}, {"type": "Feature", "geometry": {"type": "Point", "coordinates": [-13.69972, 14.35]}, "properties": {"nom": "Sam Gounass", "nappe": "Maastrichtien", "type": "4", "couleur": "#0D47A1"}}, {"type": "Feature", "geometry": {"type": "Point", "coordinates": [-13.32333, 14.36778]}, "properties": {"nom": "Hontorbe", "nappe": "Maastrichtien", "type": "4", "couleur": "#0D47A1"}}, {"type": "Feature", "geometry": {"type": "Point", "coordinates": [-12.93306, 14.87583]}, "properties": {"nom": "Ndiott", "nappe": "Maastrichtien", "type": "4", "couleur": "#0D47A1"}}, {"type": "Feature", "geometry": {"type": "Point", "coordinates": [-12.7275, 14.50194]}, "properties": {"nom": "Gonade", "nappe": "Maastrichtien", "type": "4", "couleur": "#0D47A1"}}, {"type": "Feature", "geometry": {"type": "Point", "coordinates": [-12.95556, 14.38389]}, "properties": {"nom": "Boula", "nappe": "Maastrichtien", "type": "4", "couleur": "#0D47A1"}}, {"type": "Feature", "geometry": {"type": "Point", "coordinates": [-12.96389, 14.38889]}, "properties": {"nom": "Boula", "nappe": "Maastrichtien", "type": "4", "couleur": "#0D47A1"}}, {"type": "Feature", "geometry": {"type": "Point", "coordinates": [-12.76667, 14.4]}, "properties": {"nom": "Gonade", "nappe": "Maastrichtien", "type": "4", "couleur": "#0D47A1"}}, {"type": "Feature", "geometry": {"type": "Point", "coordinates": [-13.32361, 14.36806]}, "properties": {"nom": "Hontorbe", "nappe": "Maastrichtien", "type": "4", "couleur": "#0D47A1"}}, {"type": "Feature", "geometry": {"type": "Point", "coordinates": [-16.42972, 13.63028]}, "properties": {"nom": "Same (Karang)", "nappe": "Maastrichtien", "type": "4", "couleur": "#0D47A1"}}, {"type": "Feature", "geometry": {"type": "Point", "coordinates": [-15.24917, 13.9175]}, "properties": {"nom": "Nguer Mandakh Pzm1", "nappe": "Maastrichtien", "type": "4", "couleur": "#0D47A1"}}, {"type": "Feature", "geometry": {"type": "Point", "coordinates": [-13.375, 13.80222]}, "properties": {"nom": "Medina Oulof", "nappe": "Maastrichtien", "type": "4", "couleur": "#0D47A1"}}, {"type": "Feature", "geometry": {"type": "Point", "coordinates": [-13.12194, 13.93139]}, "properties": {"nom": "Thiara", "nappe": "Maastrichtien", "type": "4", "couleur": "#0D47A1"}}, {"type": "Feature", "geometry": {"type": "Point", "coordinates": [-13.12167, 13.93139]}, "properties": {"nom": "Thiara", "nappe": "Maastrichtien", "type": "4", "couleur": "#0D47A1"}}, {"type": "Feature", "geometry": {"type": "Point", "coordinates": [-13.57111, 13.33417]}, "properties": {"nom": "Kouar Ii", "nappe": "Maastrichtien", "type": "4", "couleur": "#0D47A1"}}, {"type": "Feature", "geometry": {"type": "Point", "coordinates": [-13.57083, 13.33389]}, "properties": {"nom": "Kouar Ii", "nappe": "Maastrichtien", "type": "4", "couleur": "#0D47A1"}}, {"type": "Feature", "geometry": {"type": "Point", "coordinates": [-13.14944, 13.58028]}, "properties": {"nom": "Balamboulou", "nappe": "Maastrichtien", "type": "4", "couleur": "#0D47A1"}}, {"type": "Feature", "geometry": {"type": "Point", "coordinates": [-13.14944, 13.58]}, "properties": {"nom": "Balamboulou", "nappe": "Maastrichtien", "type": "4", "couleur": "#0D47A1"}}, {"type": "Feature", "geometry": {"type": "Point", "coordinates": [-13.19861, 13.26]}, "properties": {"nom": "Darsalam Fode", "nappe": "Maastrichtien", "type": "4", "couleur": "#0D47A1"}}, {"type": "Feature", "geometry": {"type": "Point", "coordinates": [-13.19861, 13.26]}, "properties": {"nom": "Darsalam Fode", "nappe": "Maastrichtien", "type": "4", "couleur": "#0D47A1"}}, {"type": "Feature", "geometry": {"type": "Point", "coordinates": [-13.19833, 13.26]}, "properties": {"nom": "Darsalam Fode", "nappe": "Maastrichtien", "type": "4", "couleur": "#0D47A1"}}, {"type": "Feature", "geometry": {"type": "Point", "coordinates": [-16.09417, 15.34]}, "properties": {"nom": "Merina Ka Tidiane", "nappe": "Maastrichtien", "type": "4", "couleur": "#0D47A1"}}, {"type": "Feature", "geometry": {"type": "Point", "coordinates": [-16.09417, 15.34]}, "properties": {"nom": "Merina Ka Tidiane", "nappe": "Maastrichtien", "type": "4", "couleur": "#0D47A1"}}, {"type": "Feature", "geometry": {"type": "Point", "coordinates": [-16.04472, 15.31694]}, "properties": {"nom": "Mbar Seck", "nappe": "Maastrichtien", "type": "4", "couleur": "#0D47A1"}}, {"type": "Feature", "geometry": {"type": "Point", "coordinates": [-16.04472, 15.31694]}, "properties": {"nom": "Mbar Seck", "nappe": "Maastrichtien", "type": "4", "couleur": "#0D47A1"}}, {"type": "Feature", "geometry": {"type": "Point", "coordinates": [-15.99444, 15.5125]}, "properties": {"nom": "Koki Escale", "nappe": "Maastrichtien", "type": "4", "couleur": "#0D47A1"}}, {"type": "Feature", "geometry": {"type": "Point", "coordinates": [-15.87028, 15.33639]}, "properties": {"nom": "Thide Nganado", "nappe": "Maastrichtien", "type": "4", "couleur": "#0D47A1"}}, {"type": "Feature", "geometry": {"type": "Point", "coordinates": [-15.87028, 15.33639]}, "properties": {"nom": "Thide Nganado", "nappe": "Maastrichtien", "type": "4", "couleur": "#0D47A1"}}, {"type": "Feature", "geometry": {"type": "Point", "coordinates": [-15.97722, 15.16972]}, "properties": {"nom": "Khoyoye", "nappe": "Maastrichtien", "type": "4", "couleur": "#0D47A1"}}, {"type": "Feature", "geometry": {"type": "Point", "coordinates": [-15.26528, 15.2725]}, "properties": {"nom": "Wis Wis", "nappe": "Maastrichtien", "type": "4", "couleur": "#0D47A1"}}, {"type": "Feature", "geometry": {"type": "Point", "coordinates": [-15.26528, 15.2725]}, "properties": {"nom": "Wis Wis", "nappe": "Maastrichtien", "type": "4", "couleur": "#0D47A1"}}, {"type": "Feature", "geometry": {"type": "Point", "coordinates": [-17.11111, 14.77778]}, "properties": {"nom": "Keur Moussa", "nappe": "Maastrichtien", "type": "4", "couleur": "#0D47A1"}}, {"type": "Feature", "geometry": {"type": "Point", "coordinates": [-16.50472, 14.50028]}, "properties": {"nom": "Diohine", "nappe": "Maastrichtien", "type": "4", "couleur": "#0D47A1"}}, {"type": "Feature", "geometry": {"type": "Point", "coordinates": [-16.50472, 14.50028]}, "properties": {"nom": "Diohine", "nappe": "Maastrichtien", "type": "4", "couleur": "#0D47A1"}}, {"type": "Feature", "geometry": {"type": "Point", "coordinates": [-16.50472, 14.50028]}, "properties": {"nom": "Diohine", "nappe": "Maastrichtien", "type": "4", "couleur": "#0D47A1"}}, {"type": "Feature", "geometry": {"type": "Point", "coordinates": [-15.87083, 14.84861]}, "properties": {"nom": "Darou Khoudoss 1", "nappe": "Maastrichtien", "type": "4", "couleur": "#0D47A1"}}, {"type": "Feature", "geometry": {"type": "Point", "coordinates": [-15.45194, 14.81611]}, "properties": {"nom": "Guerle Ouolof", "nappe": "Maastrichtien", "type": "4", "couleur": "#0D47A1"}}, {"type": "Feature", "geometry": {"type": "Point", "coordinates": [-15.45194, 14.81611]}, "properties": {"nom": "Guerle Ouolof", "nappe": "Maastrichtien", "type": "4", "couleur": "#0D47A1"}}, {"type": "Feature", "geometry": {"type": "Point", "coordinates": [-15.47917, 14.76944]}, "properties": {"nom": "Medina Bourle", "nappe": "Maastrichtien", "type": "4", "couleur": "#0D47A1"}}, {"type": "Feature", "geometry": {"type": "Point", "coordinates": [-15.47917, 14.76944]}, "properties": {"nom": "Medina Bourle", "nappe": "Maastrichtien", "type": "4", "couleur": "#0D47A1"}}, {"type": "Feature", "geometry": {"type": "Point", "coordinates": [-15.46667, 14.385]}, "properties": {"nom": "Tagoum", "nappe": "Maastrichtien", "type": "4", "couleur": "#0D47A1"}}, {"type": "Feature", "geometry": {"type": "Point", "coordinates": [-15.50417, 14.40472]}, "properties": {"nom": "Bit Nguel", "nappe": "Maastrichtien", "type": "4", "couleur": "#0D47A1"}}, {"type": "Feature", "geometry": {"type": "Point", "coordinates": [-15.65, 14.50139]}, "properties": {"nom": "Keur Abass Sall", "nappe": "Maastrichtien", "type": "4", "couleur": "#0D47A1"}}, {"type": "Feature", "geometry": {"type": "Point", "coordinates": [-15.62639, 14.33306]}, "properties": {"nom": "Goulokoum", "nappe": "Maastrichtien", "type": "4", "couleur": "#0D47A1"}}, {"type": "Feature", "geometry": {"type": "Point", "coordinates": [-17.03806, 14.49694]}, "properties": {"nom": "Nguerigne", "nappe": "Maastrichtien", "type": "4", "couleur": "#0D47A1"}}, {"type": "Feature", "geometry": {"type": "Point", "coordinates": [-15.59083, 14.01639]}, "properties": {"nom": "Mbene Diouma", "nappe": "Oligo-mioc\u00e8ne", "type": "4", "couleur": "#0097A7"}}, {"type": "Feature", "geometry": {"type": "Point", "coordinates": [-13.4875, 14.93944]}, "properties": {"nom": "Fete Bowe", "nappe": "Oligo-mioc\u00e8ne", "type": "4", "couleur": "#0097A7"}}, {"type": "Feature", "geometry": {"type": "Point", "coordinates": [-13.56667, 14.7]}, "properties": {"nom": "Mboung", "nappe": "Oligo-mioc\u00e8ne", "type": "4", "couleur": "#0097A7"}}, {"type": "Feature", "geometry": {"type": "Point", "coordinates": [-16.20555, 12.78333]}, "properties": {"nom": "Bignona  P1", "nappe": "Oligo-mioc\u00e8ne", "type": "4", "couleur": "#0097A7"}}, {"type": "Feature", "geometry": {"type": "Point", "coordinates": [-16.20833, 12.77778]}, "properties": {"nom": "Bignona P2", "nappe": "Oligo-mioc\u00e8ne", "type": "4", "couleur": "#0097A7"}}, {"type": "Feature", "geometry": {"type": "Point", "coordinates": [-16.2125, 12.76667]}, "properties": {"nom": "Bignona  P3", "nappe": "Oligo-mioc\u00e8ne", "type": "4", "couleur": "#0097A7"}}, {"type": "Feature", "geometry": {"type": "Point", "coordinates": [-15.62194, 12.98389]}, "properties": {"nom": "Diaroume", "nappe": "Oligo-mioc\u00e8ne", "type": "4", "couleur": "#0097A7"}}, {"type": "Feature", "geometry": {"type": "Point", "coordinates": [-14.80333, 13.93611]}, "properties": {"nom": "Medina Tahirou", "nappe": "Oligo-mioc\u00e8ne", "type": "4", "couleur": "#0097A7"}}, {"type": "Feature", "geometry": {"type": "Point", "coordinates": [-15.62194, 12.98389]}, "properties": {"nom": "Diaroume", "nappe": "Oligo-mioc\u00e8ne", "type": "4", "couleur": "#0097A7"}}, {"type": "Feature", "geometry": {"type": "Point", "coordinates": [-16.26, 12.87389]}, "properties": {"nom": "Soutou", "nappe": "Oligo-mioc\u00e8ne", "type": "4", "couleur": "#0097A7"}}, {"type": "Feature", "geometry": {"type": "Point", "coordinates": [-13.66528, 15.99722]}, "properties": {"nom": "Agnam Thiodaye", "nappe": "Oligo-mioc\u00e8ne", "type": "4", "couleur": "#0097A7"}}, {"type": "Feature", "geometry": {"type": "Point", "coordinates": [-14.59167, 13.31472]}, "properties": {"nom": "Kanel", "nappe": "Oligo-mioc\u00e8ne", "type": "4", "couleur": "#0097A7"}}, {"type": "Feature", "geometry": {"type": "Point", "coordinates": [-13.29722, 15.55139]}, "properties": {"nom": "Ogo", "nappe": "Oligo-mioc\u00e8ne", "type": "4", "couleur": "#0097A7"}}, {"type": "Feature", "geometry": {"type": "Point", "coordinates": [-13.13056, 15.44722]}, "properties": {"nom": "Soringho", "nappe": "Oligo-mioc\u00e8ne", "type": "4", "couleur": "#0097A7"}}, {"type": "Feature", "geometry": {"type": "Point", "coordinates": [-12.81028, 15.08028]}, "properties": {"nom": "Fadiara", "nappe": "Oligo-mioc\u00e8ne", "type": "4", "couleur": "#0097A7"}}, {"type": "Feature", "geometry": {"type": "Point", "coordinates": [-15.25472, 14.55139]}, "properties": {"nom": "Darou Miname 2", "nappe": "Oligo-mioc\u00e8ne", "type": "4", "couleur": "#0097A7"}}, {"type": "Feature", "geometry": {"type": "Point", "coordinates": [-15.46528, 14.07778]}, "properties": {"nom": "Ngodiba", "nappe": "Oligo-mioc\u00e8ne", "type": "4", "couleur": "#0097A7"}}, {"type": "Feature", "geometry": {"type": "Point", "coordinates": [-15.03333, 14.02889]}, "properties": {"nom": "Medina Coli", "nappe": "Oligo-mioc\u00e8ne", "type": "4", "couleur": "#0097A7"}}, {"type": "Feature", "geometry": {"type": "Point", "coordinates": [-15.18528, 14.15278]}, "properties": {"nom": "Medina Fass", "nappe": "Oligo-mioc\u00e8ne", "type": "4", "couleur": "#0097A7"}}, {"type": "Feature", "geometry": {"type": "Point", "coordinates": [-15.1875, 14.29306]}, "properties": {"nom": "Ndiobene", "nappe": "Oligo-mioc\u00e8ne", "type": "4", "couleur": "#0097A7"}}, {"type": "Feature", "geometry": {"type": "Point", "coordinates": [-15.30833, 14.08611]}, "properties": {"nom": "Malem Hoddar", "nappe": "Oligo-mioc\u00e8ne", "type": "4", "couleur": "#0097A7"}}, {"type": "Feature", "geometry": {"type": "Point", "coordinates": [-15.08111, 14.30361]}, "properties": {"nom": "Louanga", "nappe": "Oligo-mioc\u00e8ne", "type": "4", "couleur": "#0097A7"}}, {"type": "Feature", "geometry": {"type": "Point", "coordinates": [-14.87222, 14.04583]}, "properties": {"nom": "Missira Oumar Sarr (F45)", "nappe": "Oligo-mioc\u00e8ne", "type": "4", "couleur": "#0097A7"}}, {"type": "Feature", "geometry": {"type": "Point", "coordinates": [-14.83333, 14.03667]}, "properties": {"nom": "Medina Mbayene (F46)", "nappe": "Oligo-mioc\u00e8ne", "type": "4", "couleur": "#0097A7"}}, {"type": "Feature", "geometry": {"type": "Point", "coordinates": [-14.79639, 14.14861]}, "properties": {"nom": "Darou Salam Ngueyene (F51)", "nappe": "Oligo-mioc\u00e8ne", "type": "4", "couleur": "#0097A7"}}, {"type": "Feature", "geometry": {"type": "Point", "coordinates": [-14.89806, 14.11583]}, "properties": {"nom": "Sinthiou Kaffate", "nappe": "Oligo-mioc\u00e8ne", "type": "4", "couleur": "#0097A7"}}, {"type": "Feature", "geometry": {"type": "Point", "coordinates": [-14.72639, 14.05]}, "properties": {"nom": "Khourdane", "nappe": "Oligo-mioc\u00e8ne", "type": "4", "couleur": "#0097A7"}}, {"type": "Feature", "geometry": {"type": "Point", "coordinates": [-14.51111, 14.06944]}, "properties": {"nom": "Fass Gounass", "nappe": "Oligo-mioc\u00e8ne", "type": "4", "couleur": "#0097A7"}}, {"type": "Feature", "geometry": {"type": "Point", "coordinates": [-14.35139, 14.04722]}, "properties": {"nom": "Velingara Koto", "nappe": "Oligo-mioc\u00e8ne", "type": "4", "couleur": "#0097A7"}}, {"type": "Feature", "geometry": {"type": "Point", "coordinates": [-13.95, 14.03556]}, "properties": {"nom": "Tinkoli Mandingue", "nappe": "Oligo-mioc\u00e8ne", "type": "4", "couleur": "#0097A7"}}, {"type": "Feature", "geometry": {"type": "Point", "coordinates": [-16.55472, 13.05806]}, "properties": {"nom": "Darou Khayre", "nappe": "Oligo-mioc\u00e8ne", "type": "4", "couleur": "#0097A7"}}, {"type": "Feature", "geometry": {"type": "Point", "coordinates": [-16.60139, 13.04444]}, "properties": {"nom": "Diouloulou", "nappe": "Oligo-mioc\u00e8ne", "type": "4", "couleur": "#0097A7"}}, {"type": "Feature", "geometry": {"type": "Point", "coordinates": [-16.3, 13.00556]}, "properties": {"nom": "Balandine", "nappe": "Oligo-mioc\u00e8ne", "type": "4", "couleur": "#0097A7"}}, {"type": "Feature", "geometry": {"type": "Point", "coordinates": [-16.01944, 13.13611]}, "properties": {"nom": "Kandiadiou", "nappe": "Oligo-mioc\u00e8ne", "type": "4", "couleur": "#0097A7"}}, {"type": "Feature", "geometry": {"type": "Point", "coordinates": [-15.73889, 13.71806]}, "properties": {"nom": "Santhie Mamour Ndari", "nappe": "Oligo-mioc\u00e8ne", "type": "4", "couleur": "#0097A7"}}, {"type": "Feature", "geometry": {"type": "Point", "coordinates": [-15.54722, 13.85556]}, "properties": {"nom": "Ndiao Bambali", "nappe": "Oligo-mioc\u00e8ne", "type": "4", "couleur": "#0097A7"}}, {"type": "Feature", "geometry": {"type": "Point", "coordinates": [-15.45972, 13.70306]}, "properties": {"nom": "Passi Ngayene F4", "nappe": "Oligo-mioc\u00e8ne", "type": "4", "couleur": "#0097A7"}}, {"type": "Feature", "geometry": {"type": "Point", "coordinates": [-15.50556, 13.875]}, "properties": {"nom": "Bamba Modou", "nappe": "Oligo-mioc\u00e8ne", "type": "4", "couleur": "#0097A7"}}, {"type": "Feature", "geometry": {"type": "Point", "coordinates": [-15.25, 13.83056]}, "properties": {"nom": "Medinatou Salam 2", "nappe": "Oligo-mioc\u00e8ne", "type": "4", "couleur": "#0097A7"}}, {"type": "Feature", "geometry": {"type": "Point", "coordinates": [-15.12, 13.96028]}, "properties": {"nom": "Ainoumane", "nappe": "Oligo-mioc\u00e8ne", "type": "4", "couleur": "#0097A7"}}, {"type": "Feature", "geometry": {"type": "Point", "coordinates": [-15.23361, 13.78861]}, "properties": {"nom": "Maka Gouye", "nappe": "Oligo-mioc\u00e8ne", "type": "4", "couleur": "#0097A7"}}, {"type": "Feature", "geometry": {"type": "Point", "coordinates": [-15.4, 13.35278]}, "properties": {"nom": "Farimboure", "nappe": "Oligo-mioc\u00e8ne", "type": "4", "couleur": "#0097A7"}}, {"type": "Feature", "geometry": {"type": "Point", "coordinates": [-15.52778, 13.63333]}, "properties": {"nom": "Thiamene Sangap", "nappe": "Oligo-mioc\u00e8ne", "type": "4", "couleur": "#0097A7"}}, {"type": "Feature", "geometry": {"type": "Point", "coordinates": [-15.125, 13.52583]}, "properties": {"nom": "Diakhaly", "nappe": "Oligo-mioc\u00e8ne", "type": "4", "couleur": "#0097A7"}}, {"type": "Feature", "geometry": {"type": "Point", "coordinates": [-15.69028, 13.04306]}, "properties": {"nom": "Bounkiling", "nappe": "Oligo-mioc\u00e8ne", "type": "4", "couleur": "#0097A7"}}, {"type": "Feature", "geometry": {"type": "Point", "coordinates": [-15.65, 13.22778]}, "properties": {"nom": "Boudouk", "nappe": "Oligo-mioc\u00e8ne", "type": "4", "couleur": "#0097A7"}}, {"type": "Feature", "geometry": {"type": "Point", "coordinates": [-15.83806, 13.01667]}, "properties": {"nom": "Banoun Goune", "nappe": "Oligo-mioc\u00e8ne", "type": "4", "couleur": "#0097A7"}}, {"type": "Feature", "geometry": {"type": "Point", "coordinates": [-15.63611, 13.30833]}, "properties": {"nom": "Ndiamacouta", "nappe": "Oligo-mioc\u00e8ne", "type": "4", "couleur": "#0097A7"}}, {"type": "Feature", "geometry": {"type": "Point", "coordinates": [-15.48333, 13.23333]}, "properties": {"nom": "Tankon", "nappe": "Oligo-mioc\u00e8ne", "type": "4", "couleur": "#0097A7"}}, {"type": "Feature", "geometry": {"type": "Point", "coordinates": [-15.64444, 13.05278]}, "properties": {"nom": "Medina Wandifa", "nappe": "Oligo-mioc\u00e8ne", "type": "4", "couleur": "#0097A7"}}, {"type": "Feature", "geometry": {"type": "Point", "coordinates": [-15.65833, 13.04861]}, "properties": {"nom": "Talisima", "nappe": "Oligo-mioc\u00e8ne", "type": "4", "couleur": "#0097A7"}}, {"type": "Feature", "geometry": {"type": "Point", "coordinates": [-15.09722, 13.16389]}, "properties": {"nom": "Soboulde", "nappe": "Oligo-mioc\u00e8ne", "type": "4", "couleur": "#0097A7"}}, {"type": "Feature", "geometry": {"type": "Point", "coordinates": [-15.15, 13.20556]}, "properties": {"nom": "Soulabali", "nappe": "Oligo-mioc\u00e8ne", "type": "4", "couleur": "#0097A7"}}, {"type": "Feature", "geometry": {"type": "Point", "coordinates": [-15.20778, 13.36306]}, "properties": {"nom": "Medina Mandakh", "nappe": "Oligo-mioc\u00e8ne", "type": "4", "couleur": "#0097A7"}}, {"type": "Feature", "geometry": {"type": "Point", "coordinates": [-14.75, 13.73056]}, "properties": {"nom": "Kaoussara", "nappe": "Oligo-mioc\u00e8ne", "type": "4", "couleur": "#0097A7"}}, {"type": "Feature", "geometry": {"type": "Point", "coordinates": [-14.94139, 13.91111]}, "properties": {"nom": "Fass Kati", "nappe": "Oligo-mioc\u00e8ne", "type": "4", "couleur": "#0097A7"}}, {"type": "Feature", "geometry": {"type": "Point", "coordinates": [-14.94139, 13.91111]}, "properties": {"nom": "Fass Kati", "nappe": "Oligo-mioc\u00e8ne", "type": "4", "couleur": "#0097A7"}}, {"type": "Feature", "geometry": {"type": "Point", "coordinates": [-14.8, 13.97778]}, "properties": {"nom": "Koungheul Escale", "nappe": "Oligo-mioc\u00e8ne", "type": "4", "couleur": "#0097A7"}}, {"type": "Feature", "geometry": {"type": "Point", "coordinates": [-14.7, 13.78333]}, "properties": {"nom": "Missirah Kolonto", "nappe": "Oligo-mioc\u00e8ne", "type": "4", "couleur": "#0097A7"}}, {"type": "Feature", "geometry": {"type": "Point", "coordinates": [-14.82028, 13.95833]}, "properties": {"nom": "Koungheul Soce F1", "nappe": "Oligo-mioc\u00e8ne", "type": "4", "couleur": "#0097A7"}}, {"type": "Feature", "geometry": {"type": "Point", "coordinates": [-14.97583, 13.92194]}, "properties": {"nom": "Koukoto Cirmang", "nappe": "Oligo-mioc\u00e8ne", "type": "4", "couleur": "#0097A7"}}, {"type": "Feature", "geometry": {"type": "Point", "coordinates": [-14.885, 13.9075]}, "properties": {"nom": "Koumbidia Soce", "nappe": "Oligo-mioc\u00e8ne", "type": "4", "couleur": "#0097A7"}}, {"type": "Feature", "geometry": {"type": "Point", "coordinates": [-14.83417, 13.88417]}, "properties": {"nom": "Darou Mbayene", "nappe": "Oligo-mioc\u00e8ne", "type": "4", "couleur": "#0097A7"}}, {"type": "Feature", "geometry": {"type": "Point", "coordinates": [-14.88889, 13.90222]}, "properties": {"nom": "Keur Samba Ndiambane", "nappe": "Oligo-mioc\u00e8ne", "type": "4", "couleur": "#0097A7"}}, {"type": "Feature", "geometry": {"type": "Point", "coordinates": [-14.67389, 13.90389]}, "properties": {"nom": "Darou Fana", "nappe": "Oligo-mioc\u00e8ne", "type": "4", "couleur": "#0097A7"}}, {"type": "Feature", "geometry": {"type": "Point", "coordinates": [-14.78139, 13.85528]}, "properties": {"nom": "Ndiaye Counda 1", "nappe": "Oligo-mioc\u00e8ne", "type": "4", "couleur": "#0097A7"}}, {"type": "Feature", "geometry": {"type": "Point", "coordinates": [-15.14806, 14.09333]}, "properties": {"nom": "Keur Yoro", "nappe": "Oligo-mioc\u00e8ne", "type": "4", "couleur": "#0097A7"}}, {"type": "Feature", "geometry": {"type": "Point", "coordinates": [-14.7275, 13.82583]}, "properties": {"nom": "Missira Kouthiam", "nappe": "Oligo-mioc\u00e8ne", "type": "4", "couleur": "#0097A7"}}, {"type": "Feature", "geometry": {"type": "Point", "coordinates": [-14.85, 13.92389]}, "properties": {"nom": "Keur Aly Lobe", "nappe": "Oligo-mioc\u00e8ne", "type": "4", "couleur": "#0097A7"}}, {"type": "Feature", "geometry": {"type": "Point", "coordinates": [-14.75917, 13.81833]}, "properties": {"nom": "Minam", "nappe": "Oligo-mioc\u00e8ne", "type": "4", "couleur": "#0097A7"}}, {"type": "Feature", "geometry": {"type": "Point", "coordinates": [-14.91694, 13.87361]}, "properties": {"nom": "Thiaranguene Kognagui", "nappe": "Oligo-mioc\u00e8ne", "type": "4", "couleur": "#0097A7"}}, {"type": "Feature", "geometry": {"type": "Point", "coordinates": [-14.79444, 13.88417]}, "properties": {"nom": "Tobene Malick F23", "nappe": "Oligo-mioc\u00e8ne", "type": "4", "couleur": "#0097A7"}}, {"type": "Feature", "geometry": {"type": "Point", "coordinates": [-14.83333, 13.84056]}, "properties": {"nom": "Woye Boure", "nappe": "Oligo-mioc\u00e8ne", "type": "4", "couleur": "#0097A7"}}, {"type": "Feature", "geometry": {"type": "Point", "coordinates": [-14.85361, 13.84611]}, "properties": {"nom": "Koo Soce", "nappe": "Oligo-mioc\u00e8ne", "type": "4", "couleur": "#0097A7"}}, {"type": "Feature", "geometry": {"type": "Point", "coordinates": [-14.94389, 13.86833]}, "properties": {"nom": "Ndiapto Ouolof", "nappe": "Oligo-mioc\u00e8ne", "type": "4", "couleur": "#0097A7"}}, {"type": "Feature", "geometry": {"type": "Point", "coordinates": [-14.93139, 13.94917]}, "properties": {"nom": "Minal Ibra Dieng (F50)", "nappe": "Oligo-mioc\u00e8ne", "type": "4", "couleur": "#0097A7"}}, {"type": "Feature", "geometry": {"type": "Point", "coordinates": [-14.80361, 13.80139]}, "properties": {"nom": "Kaba", "nappe": "Oligo-mioc\u00e8ne", "type": "4", "couleur": "#0097A7"}}, {"type": "Feature", "geometry": {"type": "Point", "coordinates": [-14.77917, 13.67806]}, "properties": {"nom": "Missirah Thiarene", "nappe": "Oligo-mioc\u00e8ne", "type": "4", "couleur": "#0097A7"}}, {"type": "Feature", "geometry": {"type": "Point", "coordinates": [-14.85583, 13.79056]}, "properties": {"nom": "Keur Manoumbe", "nappe": "Oligo-mioc\u00e8ne", "type": "4", "couleur": "#0097A7"}}, {"type": "Feature", "geometry": {"type": "Point", "coordinates": [-14.48694, 13.98]}, "properties": {"nom": "Touba Thiamene", "nappe": "Oligo-mioc\u00e8ne", "type": "4", "couleur": "#0097A7"}}, {"type": "Feature", "geometry": {"type": "Point", "coordinates": [-14.66111, 13.85833]}, "properties": {"nom": "Diam Diam Diayene", "nappe": "Oligo-mioc\u00e8ne", "type": "4", "couleur": "#0097A7"}}, {"type": "Feature", "geometry": {"type": "Point", "coordinates": [-14.45, 13.86528]}, "properties": {"nom": "Keur Daouda", "nappe": "Oligo-mioc\u00e8ne", "type": "4", "couleur": "#0097A7"}}, {"type": "Feature", "geometry": {"type": "Point", "coordinates": [-14.49444, 13.88583]}, "properties": {"nom": "Darou Salam Sine 2", "nappe": "Oligo-mioc\u00e8ne", "type": "4", "couleur": "#0097A7"}}, {"type": "Feature", "geometry": {"type": "Point", "coordinates": [-14.66111, 13.69722]}, "properties": {"nom": "Sinthiou Tabanani", "nappe": "Oligo-mioc\u00e8ne", "type": "4", "couleur": "#0097A7"}}, {"type": "Feature", "geometry": {"type": "Point", "coordinates": [-14.585, 13.86722]}, "properties": {"nom": "Kissang", "nappe": "Oligo-mioc\u00e8ne", "type": "4", "couleur": "#0097A7"}}, {"type": "Feature", "geometry": {"type": "Point", "coordinates": [-14.45417, 13.75417]}, "properties": {"nom": "Diamaguene Sine", "nappe": "Oligo-mioc\u00e8ne", "type": "4", "couleur": "#0097A7"}}, {"type": "Feature", "geometry": {"type": "Point", "coordinates": [-14.22278, 13.825]}, "properties": {"nom": "Nganthilane Diadie", "nappe": "Oligo-mioc\u00e8ne", "type": "4", "couleur": "#0097A7"}}, {"type": "Feature", "geometry": {"type": "Point", "coordinates": [-14.00139, 13.98889]}, "properties": {"nom": "Sinthiou Demba Deme", "nappe": "Oligo-mioc\u00e8ne", "type": "4", "couleur": "#0097A7"}}, {"type": "Feature", "geometry": {"type": "Point", "coordinates": [-14.98333, 13.42778]}, "properties": {"nom": "Missira Diakhaly", "nappe": "Oligo-mioc\u00e8ne", "type": "4", "couleur": "#0097A7"}}, {"type": "Feature", "geometry": {"type": "Point", "coordinates": [-14.83306, 13.41111]}, "properties": {"nom": "Ngoudourou", "nappe": "Oligo-mioc\u00e8ne", "type": "4", "couleur": "#0097A7"}}, {"type": "Feature", "geometry": {"type": "Point", "coordinates": [-14.99444, 13.45861]}, "properties": {"nom": "Kerewane", "nappe": "Oligo-mioc\u00e8ne", "type": "4", "couleur": "#0097A7"}}, {"type": "Feature", "geometry": {"type": "Point", "coordinates": [-14.76, 13.35944]}, "properties": {"nom": "Touba Mboyene", "nappe": "Oligo-mioc\u00e8ne", "type": "4", "couleur": "#0097A7"}}, {"type": "Feature", "geometry": {"type": "Point", "coordinates": [-14.4, 13.56667]}, "properties": {"nom": "Diende", "nappe": "Oligo-mioc\u00e8ne", "type": "4", "couleur": "#0097A7"}}, {"type": "Feature", "geometry": {"type": "Point", "coordinates": [-14.46528, 13.59444]}, "properties": {"nom": "Kounthiao Fode Thiam", "nappe": "Oligo-mioc\u00e8ne", "type": "4", "couleur": "#0097A7"}}, {"type": "Feature", "geometry": {"type": "Point", "coordinates": [-14.3625, 13.55556]}, "properties": {"nom": "Pakeba", "nappe": "Oligo-mioc\u00e8ne", "type": "4", "couleur": "#0097A7"}}, {"type": "Feature", "geometry": {"type": "Point", "coordinates": [-14.16111, 13.65694]}, "properties": {"nom": "Fadiacounda", "nappe": "Oligo-mioc\u00e8ne", "type": "4", "couleur": "#0097A7"}}, {"type": "Feature", "geometry": {"type": "Point", "coordinates": [-14.2, 13.56667]}, "properties": {"nom": "Sare Bacounda", "nappe": "Oligo-mioc\u00e8ne", "type": "4", "couleur": "#0097A7"}}, {"type": "Feature", "geometry": {"type": "Point", "coordinates": [-14.31667, 13.48333]}, "properties": {"nom": "Diamgoulor", "nappe": "Oligo-mioc\u00e8ne", "type": "4", "couleur": "#0097A7"}}, {"type": "Feature", "geometry": {"type": "Point", "coordinates": [-14.71472, 13.29333]}, "properties": {"nom": "Medina Yoro Foulah", "nappe": "Oligo-mioc\u00e8ne", "type": "4", "couleur": "#0097A7"}}, {"type": "Feature", "geometry": {"type": "Point", "coordinates": [-14.84806, 13.32417]}, "properties": {"nom": "Mew Ndiobene", "nappe": "Oligo-mioc\u00e8ne", "type": "4", "couleur": "#0097A7"}}, {"type": "Feature", "geometry": {"type": "Point", "coordinates": [-14.71472, 13.29333]}, "properties": {"nom": "Medina Yero Foulah", "nappe": "Oligo-mioc\u00e8ne", "type": "4", "couleur": "#0097A7"}}, {"type": "Feature", "geometry": {"type": "Point", "coordinates": [-14.43611, 13.26667]}, "properties": {"nom": "Sare Moussayel", "nappe": "Oligo-mioc\u00e8ne", "type": "4", "couleur": "#0097A7"}}, {"type": "Feature", "geometry": {"type": "Point", "coordinates": [-14.61778, 13.31]}, "properties": {"nom": "Dinguiraye", "nappe": "Oligo-mioc\u00e8ne", "type": "4", "couleur": "#0097A7"}}, {"type": "Feature", "geometry": {"type": "Point", "coordinates": [-14.11806, 13.14583]}, "properties": {"nom": "Velingara", "nappe": "Oligo-mioc\u00e8ne", "type": "4", "couleur": "#0097A7"}}, {"type": "Feature", "geometry": {"type": "Point", "coordinates": [-14.26306, 13.08361]}, "properties": {"nom": "Sare Boulel", "nappe": "Oligo-mioc\u00e8ne", "type": "4", "couleur": "#0097A7"}}, {"type": "Feature", "geometry": {"type": "Point", "coordinates": [-14.07139, 13.23917]}, "properties": {"nom": "Nemataba", "nappe": "Oligo-mioc\u00e8ne", "type": "4", "couleur": "#0097A7"}}, {"type": "Feature", "geometry": {"type": "Point", "coordinates": [-14.24861, 13.14444]}, "properties": {"nom": "Kaminakor (Caminacor)", "nappe": "Oligo-mioc\u00e8ne", "type": "4", "couleur": "#0097A7"}}, {"type": "Feature", "geometry": {"type": "Point", "coordinates": [-13.73833, 13.83]}, "properties": {"nom": "Medina Niana", "nappe": "Oligo-mioc\u00e8ne", "type": "4", "couleur": "#0097A7"}}, {"type": "Feature", "geometry": {"type": "Point", "coordinates": [-13.83333, 13.81389]}, "properties": {"nom": "Paddah Peulh", "nappe": "Oligo-mioc\u00e8ne", "type": "4", "couleur": "#0097A7"}}, {"type": "Feature", "geometry": {"type": "Point", "coordinates": [-13.99083, 13.68944]}, "properties": {"nom": "Souare Counda", "nappe": "Oligo-mioc\u00e8ne", "type": "4", "couleur": "#0097A7"}}, {"type": "Feature", "geometry": {"type": "Point", "coordinates": [-13.39528, 13.91389]}, "properties": {"nom": "Tambanding", "nappe": "Oligo-mioc\u00e8ne", "type": "4", "couleur": "#0097A7"}}, {"type": "Feature", "geometry": {"type": "Point", "coordinates": [-13.91111, 13.64667]}, "properties": {"nom": "Sewero", "nappe": "Oligo-mioc\u00e8ne", "type": "4", "couleur": "#0097A7"}}, {"type": "Feature", "geometry": {"type": "Point", "coordinates": [-13.70833, 13.64667]}, "properties": {"nom": "Sitaoule Mandingue", "nappe": "Oligo-mioc\u00e8ne", "type": "4", "couleur": "#0097A7"}}, {"type": "Feature", "geometry": {"type": "Point", "coordinates": [-13.71389, 13.47028]}, "properties": {"nom": "Gouloumbou", "nappe": "Oligo-mioc\u00e8ne", "type": "4", "couleur": "#0097A7"}}, {"type": "Feature", "geometry": {"type": "Point", "coordinates": [-13.98333, 13.63]}, "properties": {"nom": "Bambaco", "nappe": "Oligo-mioc\u00e8ne", "type": "4", "couleur": "#0097A7"}}, {"type": "Feature", "geometry": {"type": "Point", "coordinates": [-13.51667, 13.525]}, "properties": {"nom": "Missirah", "nappe": "Oligo-mioc\u00e8ne", "type": "4", "couleur": "#0097A7"}}, {"type": "Feature", "geometry": {"type": "Point", "coordinates": [-13.51667, 13.63056]}, "properties": {"nom": "Hamdallaye Tessang", "nappe": "Oligo-mioc\u00e8ne", "type": "4", "couleur": "#0097A7"}}, {"type": "Feature", "geometry": {"type": "Point", "coordinates": [-13.41389, 13.57639]}, "properties": {"nom": "Bambadinka", "nappe": "Oligo-mioc\u00e8ne", "type": "4", "couleur": "#0097A7"}}, {"type": "Feature", "geometry": {"type": "Point", "coordinates": [-13.56278, 13.34222]}, "properties": {"nom": "Kouar", "nappe": "Oligo-mioc\u00e8ne", "type": "4", "couleur": "#0097A7"}}, {"type": "Feature", "geometry": {"type": "Point", "coordinates": [-13.49167, 13.52361]}, "properties": {"nom": "Missira", "nappe": "Oligo-mioc\u00e8ne", "type": "4", "couleur": "#0097A7"}}, {"type": "Feature", "geometry": {"type": "Point", "coordinates": [-13.34944, 13.34944]}, "properties": {"nom": "Wassadou Depot", "nappe": "Oligo-mioc\u00e8ne", "type": "4", "couleur": "#0097A7"}}, {"type": "Feature", "geometry": {"type": "Point", "coordinates": [-13.91722, 13.02778]}, "properties": {"nom": "Bonconto", "nappe": "Oligo-mioc\u00e8ne", "type": "4", "couleur": "#0097A7"}}, {"type": "Feature", "geometry": {"type": "Point", "coordinates": [-13.06944, 13.2625]}, "properties": {"nom": "Bantankountou", "nappe": "Oligo-mioc\u00e8ne", "type": "4", "couleur": "#0097A7"}}, {"type": "Feature", "geometry": {"type": "Point", "coordinates": [-16.72361, 12.99722]}, "properties": {"nom": "Abene", "nappe": "Oligo-mioc\u00e8ne", "type": "4", "couleur": "#0097A7"}}, {"type": "Feature", "geometry": {"type": "Point", "coordinates": [-16.48056, 12.96583]}, "properties": {"nom": "Ebinako", "nappe": "Oligo-mioc\u00e8ne", "type": "4", "couleur": "#0097A7"}}, {"type": "Feature", "geometry": {"type": "Point", "coordinates": [-16.46667, 12.87056]}, "properties": {"nom": "Dianki", "nappe": "Oligo-mioc\u00e8ne", "type": "4", "couleur": "#0097A7"}}, {"type": "Feature", "geometry": {"type": "Point", "coordinates": [-16.4, 12.70278]}, "properties": {"nom": "Diatock", "nappe": "Oligo-mioc\u00e8ne", "type": "4", "couleur": "#0097A7"}}, {"type": "Feature", "geometry": {"type": "Point", "coordinates": [-16.35278, 12.76944]}, "properties": {"nom": "Balingore", "nappe": "Oligo-mioc\u00e8ne", "type": "4", "couleur": "#0097A7"}}, {"type": "Feature", "geometry": {"type": "Point", "coordinates": [-16.36667, 12.66944]}, "properties": {"nom": "Diegoune", "nappe": "Oligo-mioc\u00e8ne", "type": "4", "couleur": "#0097A7"}}, {"type": "Feature", "geometry": {"type": "Point", "coordinates": [-16.45833, 12.725]}, "properties": {"nom": "Tendouk", "nappe": "Oligo-mioc\u00e8ne", "type": "4", "couleur": "#0097A7"}}, {"type": "Feature", "geometry": {"type": "Point", "coordinates": [-16.50139, 12.85833]}, "properties": {"nom": "Kartiack", "nappe": "Oligo-mioc\u00e8ne", "type": "4", "couleur": "#0097A7"}}, {"type": "Feature", "geometry": {"type": "Point", "coordinates": [-16.4625, 12.95]}, "properties": {"nom": "Djinaki", "nappe": "Oligo-mioc\u00e8ne", "type": "4", "couleur": "#0097A7"}}, {"type": "Feature", "geometry": {"type": "Point", "coordinates": [-16.43611, 12.85833]}, "properties": {"nom": "Bassire", "nappe": "Oligo-mioc\u00e8ne", "type": "4", "couleur": "#0097A7"}}, {"type": "Feature", "geometry": {"type": "Point", "coordinates": [-16.41667, 12.84028]}, "properties": {"nom": "Kagnobon", "nappe": "Oligo-mioc\u00e8ne", "type": "4", "couleur": "#0097A7"}}, {"type": "Feature", "geometry": {"type": "Point", "coordinates": [-16.39167, 12.77639]}, "properties": {"nom": "Djimande", "nappe": "Oligo-mioc\u00e8ne", "type": "4", "couleur": "#0097A7"}}, {"type": "Feature", "geometry": {"type": "Point", "coordinates": [-16.38056, 12.75278]}, "properties": {"nom": "Mandegane", "nappe": "Oligo-mioc\u00e8ne", "type": "4", "couleur": "#0097A7"}}, {"type": "Feature", "geometry": {"type": "Point", "coordinates": [-16.35, 12.76944]}, "properties": {"nom": "Balingore", "nappe": "Oligo-mioc\u00e8ne", "type": "4", "couleur": "#0097A7"}}, {"type": "Feature", "geometry": {"type": "Point", "coordinates": [-16.51889, 12.84111]}, "properties": {"nom": "Mlomp", "nappe": "Oligo-mioc\u00e8ne", "type": "4", "couleur": "#0097A7"}}, {"type": "Feature", "geometry": {"type": "Point", "coordinates": [-16.09028, 12.67083]}, "properties": {"nom": "Coubanao", "nappe": "Oligo-mioc\u00e8ne", "type": "4", "couleur": "#0097A7"}}, {"type": "Feature", "geometry": {"type": "Point", "coordinates": [-16.22778, 12.81389]}, "properties": {"nom": "Bignona", "nappe": "Oligo-mioc\u00e8ne", "type": "4", "couleur": "#0097A7"}}, {"type": "Feature", "geometry": {"type": "Point", "coordinates": [-16.13194, 12.74028]}, "properties": {"nom": "Mandouar 1", "nappe": "Oligo-mioc\u00e8ne", "type": "4", "couleur": "#0097A7"}}, {"type": "Feature", "geometry": {"type": "Point", "coordinates": [-16.21389, 12.79444]}, "properties": {"nom": "Tenghori", "nappe": "Oligo-mioc\u00e8ne", "type": "4", "couleur": "#0097A7"}}, {"type": "Feature", "geometry": {"type": "Point", "coordinates": [-16.23056, 12.9375]}, "properties": {"nom": "Kagnarou", "nappe": "Oligo-mioc\u00e8ne", "type": "4", "couleur": "#0097A7"}}, {"type": "Feature", "geometry": {"type": "Point", "coordinates": [-16.18333, 12.96944]}, "properties": {"nom": "Sindian", "nappe": "Oligo-mioc\u00e8ne", "type": "4", "couleur": "#0097A7"}}, {"type": "Feature", "geometry": {"type": "Point", "coordinates": [-16.26667, 12.95]}, "properties": {"nom": "Suelle", "nappe": "Oligo-mioc\u00e8ne", "type": "4", "couleur": "#0097A7"}}, {"type": "Feature", "geometry": {"type": "Point", "coordinates": [-16.05833, 12.70972]}, "properties": {"nom": "Ouonck", "nappe": "Oligo-mioc\u00e8ne", "type": "4", "couleur": "#0097A7"}}, {"type": "Feature", "geometry": {"type": "Point", "coordinates": [-16.29583, 12.90944]}, "properties": {"nom": "Tendieme", "nappe": "Oligo-mioc\u00e8ne", "type": "4", "couleur": "#0097A7"}}, {"type": "Feature", "geometry": {"type": "Point", "coordinates": [-16.00139, 12.69306]}, "properties": {"nom": "Diao Insacounda", "nappe": "Oligo-mioc\u00e8ne", "type": "4", "couleur": "#0097A7"}}, {"type": "Feature", "geometry": {"type": "Point", "coordinates": [-16.305, 12.77]}, "properties": {"nom": "Tendimane", "nappe": "Oligo-mioc\u00e8ne", "type": "4", "couleur": "#0097A7"}}, {"type": "Feature", "geometry": {"type": "Point", "coordinates": [-16.29667, 12.735]}, "properties": {"nom": "Niamone", "nappe": "Oligo-mioc\u00e8ne", "type": "4", "couleur": "#0097A7"}}, {"type": "Feature", "geometry": {"type": "Point", "coordinates": [-16.35972, 12.46389]}, "properties": {"nom": "Brin Deguele", "nappe": "Oligo-mioc\u00e8ne", "type": "4", "couleur": "#0097A7"}}, {"type": "Feature", "geometry": {"type": "Point", "coordinates": [-16.55833, 12.625]}, "properties": {"nom": "Pointe Saint Georges", "nappe": "Oligo-mioc\u00e8ne", "type": "4", "couleur": "#0097A7"}}, {"type": "Feature", "geometry": {"type": "Point", "coordinates": [-16.34722, 12.65667]}, "properties": {"nom": "Affiniam", "nappe": "Oligo-mioc\u00e8ne", "type": "4", "couleur": "#0097A7"}}, {"type": "Feature", "geometry": {"type": "Point", "coordinates": [-16.3625, 12.65667]}, "properties": {"nom": "Affiniam", "nappe": "Oligo-mioc\u00e8ne", "type": "4", "couleur": "#0097A7"}}, {"type": "Feature", "geometry": {"type": "Point", "coordinates": [-16.4, 12.51667]}, "properties": {"nom": "Enampor", "nappe": "Oligo-mioc\u00e8ne", "type": "4", "couleur": "#0097A7"}}, {"type": "Feature", "geometry": {"type": "Point", "coordinates": [-16.33611, 12.53889]}, "properties": {"nom": "Brin (Grand S\u00e9minaire)", "nappe": "Oligo-mioc\u00e8ne", "type": "4", "couleur": "#0097A7"}}, {"type": "Feature", "geometry": {"type": "Point", "coordinates": [-16.30833, 12.55833]}, "properties": {"nom": "Djibelor", "nappe": "Oligo-mioc\u00e8ne", "type": "4", "couleur": "#0097A7"}}, {"type": "Feature", "geometry": {"type": "Point", "coordinates": [-16.30972, 12.55694]}, "properties": {"nom": "Djibelor", "nappe": "Oligo-mioc\u00e8ne", "type": "4", "couleur": "#0097A7"}}, {"type": "Feature", "geometry": {"type": "Point", "coordinates": [-16.26667, 12.58333]}, "properties": {"nom": "Santiaba", "nappe": "Oligo-mioc\u00e8ne", "type": "4", "couleur": "#0097A7"}}, {"type": "Feature", "geometry": {"type": "Point", "coordinates": [-16.275, 12.55972]}, "properties": {"nom": "Ziguinchor", "nappe": "Oligo-mioc\u00e8ne", "type": "4", "couleur": "#0097A7"}}, {"type": "Feature", "geometry": {"type": "Point", "coordinates": [-16.13556, 12.57944]}, "properties": {"nom": "Fanda", "nappe": "Oligo-mioc\u00e8ne", "type": "4", "couleur": "#0097A7"}}, {"type": "Feature", "geometry": {"type": "Point", "coordinates": [-16.07972, 12.59139]}, "properties": {"nom": "Sindone", "nappe": "Oligo-mioc\u00e8ne", "type": "4", "couleur": "#0097A7"}}, {"type": "Feature", "geometry": {"type": "Point", "coordinates": [-16.23417, 12.55833]}, "properties": {"nom": "Boutoute", "nappe": "Oligo-mioc\u00e8ne", "type": "4", "couleur": "#0097A7"}}, {"type": "Feature", "geometry": {"type": "Point", "coordinates": [-16.17083, 12.56611]}, "properties": {"nom": "Niaguiss", "nappe": "Oligo-mioc\u00e8ne", "type": "4", "couleur": "#0097A7"}}, {"type": "Feature", "geometry": {"type": "Point", "coordinates": [-16.27222, 12.54444]}, "properties": {"nom": "Ziguinchor", "nappe": "Oligo-mioc\u00e8ne", "type": "4", "couleur": "#0097A7"}}, {"type": "Feature", "geometry": {"type": "Point", "coordinates": [-16.01667, 12.57778]}, "properties": {"nom": "Adeane", "nappe": "Oligo-mioc\u00e8ne", "type": "4", "couleur": "#0097A7"}}, {"type": "Feature", "geometry": {"type": "Point", "coordinates": [-16.23333, 12.55556]}, "properties": {"nom": "Boutoute", "nappe": "Oligo-mioc\u00e8ne", "type": "4", "couleur": "#0097A7"}}, {"type": "Feature", "geometry": {"type": "Point", "coordinates": [-16.17222, 12.6625]}, "properties": {"nom": "Koubalan", "nappe": "Oligo-mioc\u00e8ne", "type": "4", "couleur": "#0097A7"}}, {"type": "Feature", "geometry": {"type": "Point", "coordinates": [-16.04861, 12.60417]}, "properties": {"nom": "Banghangha", "nappe": "Oligo-mioc\u00e8ne", "type": "4", "couleur": "#0097A7"}}, {"type": "Feature", "geometry": {"type": "Point", "coordinates": [-16.28806, 12.55889]}, "properties": {"nom": "Diabir", "nappe": "Oligo-mioc\u00e8ne", "type": "4", "couleur": "#0097A7"}}, {"type": "Feature", "geometry": {"type": "Point", "coordinates": [-16.11389, 12.6575]}, "properties": {"nom": "Finthiock", "nappe": "Oligo-mioc\u00e8ne", "type": "4", "couleur": "#0097A7"}}, {"type": "Feature", "geometry": {"type": "Point", "coordinates": [-15.83889, 12.95833]}, "properties": {"nom": "Bona", "nappe": "Oligo-mioc\u00e8ne", "type": "4", "couleur": "#0097A7"}}, {"type": "Feature", "geometry": {"type": "Point", "coordinates": [-15.98611, 12.72778]}, "properties": {"nom": "Bemet Bidjini", "nappe": "Oligo-mioc\u00e8ne", "type": "4", "couleur": "#0097A7"}}, {"type": "Feature", "geometry": {"type": "Point", "coordinates": [-15.80833, 12.81417]}, "properties": {"nom": "Sansamba", "nappe": "Oligo-mioc\u00e8ne", "type": "4", "couleur": "#0097A7"}}, {"type": "Feature", "geometry": {"type": "Point", "coordinates": [-15.975, 12.76389]}, "properties": {"nom": "Diafar Douma", "nappe": "Oligo-mioc\u00e8ne", "type": "4", "couleur": "#0097A7"}}, {"type": "Feature", "geometry": {"type": "Point", "coordinates": [-15.97222, 12.68333]}, "properties": {"nom": "Diao Simacounda", "nappe": "Oligo-mioc\u00e8ne", "type": "4", "couleur": "#0097A7"}}, {"type": "Feature", "geometry": {"type": "Point", "coordinates": [-15.87917, 12.73222]}, "properties": {"nom": "Niassene Mandingue/Diola", "nappe": "Oligo-mioc\u00e8ne", "type": "4", "couleur": "#0097A7"}}, {"type": "Feature", "geometry": {"type": "Point", "coordinates": [-15.86833, 12.86139]}, "properties": {"nom": "Kamoya", "nappe": "Oligo-mioc\u00e8ne", "type": "4", "couleur": "#0097A7"}}, {"type": "Feature", "geometry": {"type": "Point", "coordinates": [-15.94583, 12.67556]}, "properties": {"nom": "Sibicouroto", "nappe": "Oligo-mioc\u00e8ne", "type": "4", "couleur": "#0097A7"}}, {"type": "Feature", "geometry": {"type": "Point", "coordinates": [-15.56139, 12.70861]}, "properties": {"nom": "Sedhiou", "nappe": "Oligo-mioc\u00e8ne", "type": "4", "couleur": "#0097A7"}}, {"type": "Feature", "geometry": {"type": "Point", "coordinates": [-15.36389, 12.81389]}, "properties": {"nom": "Diaregne Keracounda", "nappe": "Oligo-mioc\u00e8ne", "type": "4", "couleur": "#0097A7"}}, {"type": "Feature", "geometry": {"type": "Point", "coordinates": [-15.45917, 12.84]}, "properties": {"nom": "Sakar", "nappe": "Oligo-mioc\u00e8ne", "type": "4", "couleur": "#0097A7"}}, {"type": "Feature", "geometry": {"type": "Point", "coordinates": [-15.29361, 12.87722]}, "properties": {"nom": "Manrandani 1 Et 2", "nappe": "Oligo-mioc\u00e8ne", "type": "4", "couleur": "#0097A7"}}, {"type": "Feature", "geometry": {"type": "Point", "coordinates": [-15.51361, 12.62778]}, "properties": {"nom": "Simbandi Balante", "nappe": "Oligo-mioc\u00e8ne", "type": "4", "couleur": "#0097A7"}}, {"type": "Feature", "geometry": {"type": "Point", "coordinates": [-15.84444, 12.55278]}, "properties": {"nom": "Birkama Ii (Brama)", "nappe": "Oligo-mioc\u00e8ne", "type": "4", "couleur": "#0097A7"}}, {"type": "Feature", "geometry": {"type": "Point", "coordinates": [-15.85278, 12.55278]}, "properties": {"nom": "Djibanar", "nappe": "Oligo-mioc\u00e8ne", "type": "4", "couleur": "#0097A7"}}, {"type": "Feature", "geometry": {"type": "Point", "coordinates": [-15.7075, 12.63139]}, "properties": {"nom": "Nguindir", "nappe": "Oligo-mioc\u00e8ne", "type": "4", "couleur": "#0097A7"}}, {"type": "Feature", "geometry": {"type": "Point", "coordinates": [-15.875, 12.57361]}, "properties": {"nom": "Goudomp", "nappe": "Oligo-mioc\u00e8ne", "type": "4", "couleur": "#0097A7"}}, {"type": "Feature", "geometry": {"type": "Point", "coordinates": [-15.76389, 12.62222]}, "properties": {"nom": "Djiredji", "nappe": "Oligo-mioc\u00e8ne", "type": "4", "couleur": "#0097A7"}}, {"type": "Feature", "geometry": {"type": "Point", "coordinates": [-15.92417, 12.64417]}, "properties": {"nom": "Boumouda Soucoto", "nappe": "Oligo-mioc\u00e8ne", "type": "4", "couleur": "#0097A7"}}, {"type": "Feature", "geometry": {"type": "Point", "coordinates": [-15.63028, 12.495]}, "properties": {"nom": "Samine Escale", "nappe": "Oligo-mioc\u00e8ne", "type": "4", "couleur": "#0097A7"}}, {"type": "Feature", "geometry": {"type": "Point", "coordinates": [-15.57917, 12.61111]}, "properties": {"nom": "Malifara", "nappe": "Oligo-mioc\u00e8ne", "type": "4", "couleur": "#0097A7"}}, {"type": "Feature", "geometry": {"type": "Point", "coordinates": [-14.87361, 12.82083]}, "properties": {"nom": "Dioulacolon", "nappe": "Oligo-mioc\u00e8ne", "type": "4", "couleur": "#0097A7"}}, {"type": "Feature", "geometry": {"type": "Point", "coordinates": [-14.39444, 12.80556]}, "properties": {"nom": "Diattamine", "nappe": "Oligo-mioc\u00e8ne", "type": "4", "couleur": "#0097A7"}}, {"type": "Feature", "geometry": {"type": "Point", "coordinates": [-14.43056, 12.72222]}, "properties": {"nom": "Thidelli", "nappe": "Oligo-mioc\u00e8ne", "type": "4", "couleur": "#0097A7"}}, {"type": "Feature", "geometry": {"type": "Point", "coordinates": [-13.96667, 12.80556]}, "properties": {"nom": "Pakour Maounde", "nappe": "Oligo-mioc\u00e8ne", "type": "4", "couleur": "#0097A7"}}, {"type": "Feature", "geometry": {"type": "Point", "coordinates": [-13.96667, 12.75556]}, "properties": {"nom": "Pakour Maounde", "nappe": "Oligo-mioc\u00e8ne", "type": "4", "couleur": "#0097A7"}}, {"type": "Feature", "geometry": {"type": "Point", "coordinates": [-13.75, 12.9525]}, "properties": {"nom": "Linkering", "nappe": "Oligo-mioc\u00e8ne", "type": "4", "couleur": "#0097A7"}}, {"type": "Feature", "geometry": {"type": "Point", "coordinates": [-13.63889, 12.92083]}, "properties": {"nom": "Kalifourou Bakhary", "nappe": "Oligo-mioc\u00e8ne", "type": "4", "couleur": "#0097A7"}}, {"type": "Feature", "geometry": {"type": "Point", "coordinates": [-13.35583, 15.65111]}, "properties": {"nom": "Boynadji Rumde", "nappe": "Oligo-mioc\u00e8ne", "type": "4", "couleur": "#0097A7"}}, {"type": "Feature", "geometry": {"type": "Point", "coordinates": [-16.76944, 14.57972]}, "properties": {"nom": "Soussoum Sandoc", "nappe": "Pal\u00e9oc\u00e8ne", "type": "4", "couleur": "#1E88E5"}}, {"type": "Feature", "geometry": {"type": "Point", "coordinates": [-16.7425, 14.51417]}, "properties": {"nom": "Godaguene", "nappe": "Pal\u00e9oc\u00e8ne", "type": "4", "couleur": "#1E88E5"}}, {"type": "Feature", "geometry": {"type": "Point", "coordinates": [-16.68333, 14.61667]}, "properties": {"nom": "Mboulouctene", "nappe": "Pal\u00e9oc\u00e8ne", "type": "4", "couleur": "#1E88E5"}}, {"type": "Feature", "geometry": {"type": "Point", "coordinates": [-16.67778, 14.52639]}, "properties": {"nom": "Guityr Ouolof", "nappe": "Pal\u00e9oc\u00e8ne", "type": "4", "couleur": "#1E88E5"}}, {"type": "Feature", "geometry": {"type": "Point", "coordinates": [-16.78444, 14.56306]}, "properties": {"nom": "Ndioudiouf Mbafaye", "nappe": "Pal\u00e9oc\u00e8ne", "type": "4", "couleur": "#1E88E5"}}, {"type": "Feature", "geometry": {"type": "Point", "coordinates": [-16.76917, 14.53972]}, "properties": {"nom": "Ndadafakh", "nappe": "Pal\u00e9oc\u00e8ne", "type": "4", "couleur": "#1E88E5"}}, {"type": "Feature", "geometry": {"type": "Point", "coordinates": [-16.73195, 14.54694]}, "properties": {"nom": "Ndiandiaye", "nappe": "Pal\u00e9oc\u00e8ne", "type": "4", "couleur": "#1E88E5"}}, {"type": "Feature", "geometry": {"type": "Point", "coordinates": [-16.71361, 14.57917]}, "properties": {"nom": "Loumatyr", "nappe": "Pal\u00e9oc\u00e8ne", "type": "4", "couleur": "#1E88E5"}}, {"type": "Feature", "geometry": {"type": "Point", "coordinates": [-16.72722, 14.51333]}, "properties": {"nom": "Thiandene", "nappe": "Pal\u00e9oc\u00e8ne", "type": "4", "couleur": "#1E88E5"}}, {"type": "Feature", "geometry": {"type": "Point", "coordinates": [-16.71361, 14.53389]}, "properties": {"nom": "Mbalakhate", "nappe": "Pal\u00e9oc\u00e8ne", "type": "4", "couleur": "#1E88E5"}}, {"type": "Feature", "geometry": {"type": "Point", "coordinates": [-16.74861, 14.64306]}, "properties": {"nom": "Guelor Serere", "nappe": "Pal\u00e9oc\u00e8ne", "type": "4", "couleur": "#1E88E5"}}, {"type": "Feature", "geometry": {"type": "Point", "coordinates": [-16.98889, 14.49167]}, "properties": {"nom": "Gandigal", "nappe": "Pal\u00e9oc\u00e8ne", "type": "4", "couleur": "#1E88E5"}}, {"type": "Feature", "geometry": {"type": "Point", "coordinates": [-16.86611, 14.42667]}, "properties": {"nom": "Louly Bentegne", "nappe": "Pal\u00e9oc\u00e8ne", "type": "4", "couleur": "#1E88E5"}}, {"type": "Feature", "geometry": {"type": "Point", "coordinates": [-16.86167, 14.44139]}, "properties": {"nom": "Louly Mbafaye", "nappe": "Pal\u00e9oc\u00e8ne", "type": "4", "couleur": "#1E88E5"}}, {"type": "Feature", "geometry": {"type": "Point", "coordinates": [-16.86667, 14.47444]}, "properties": {"nom": "Louly Mbafaye", "nappe": "Pal\u00e9oc\u00e8ne", "type": "4", "couleur": "#1E88E5"}}, {"type": "Feature", "geometry": {"type": "Point", "coordinates": [-16.90444, 14.47972]}, "properties": {"nom": "Kibick", "nappe": "Pal\u00e9oc\u00e8ne", "type": "4", "couleur": "#1E88E5"}}, {"type": "Feature", "geometry": {"type": "Point", "coordinates": [-16.85695, 14.425]}, "properties": {"nom": "Louly Bentegne", "nappe": "Pal\u00e9oc\u00e8ne", "type": "4", "couleur": "#1E88E5"}}, {"type": "Feature", "geometry": {"type": "Point", "coordinates": [-16.92667, 14.34222]}, "properties": {"nom": "Nianing", "nappe": "Pal\u00e9oc\u00e8ne", "type": "4", "couleur": "#1E88E5"}}, {"type": "Feature", "geometry": {"type": "Point", "coordinates": [-16.91667, 14.35111]}, "properties": {"nom": "Nianing", "nappe": "Pal\u00e9oc\u00e8ne", "type": "4", "couleur": "#1E88E5"}}, {"type": "Feature", "geometry": {"type": "Point", "coordinates": [-16.89305, 14.48194]}, "properties": {"nom": "Takhoum Ouolof", "nappe": "Pal\u00e9oc\u00e8ne", "type": "4", "couleur": "#1E88E5"}}, {"type": "Feature", "geometry": {"type": "Point", "coordinates": [-16.86111, 14.39861]}, "properties": {"nom": "Nianiar", "nappe": "Pal\u00e9oc\u00e8ne", "type": "4", "couleur": "#1E88E5"}}, {"type": "Feature", "geometry": {"type": "Point", "coordinates": [-16.83778, 14.40361]}, "properties": {"nom": "Keur Diba", "nappe": "Pal\u00e9oc\u00e8ne", "type": "4", "couleur": "#1E88E5"}}, {"type": "Feature", "geometry": {"type": "Point", "coordinates": [-16.8375, 14.41944]}, "properties": {"nom": "Samane", "nappe": "Pal\u00e9oc\u00e8ne", "type": "4", "couleur": "#1E88E5"}}, {"type": "Feature", "geometry": {"type": "Point", "coordinates": [-16.84694, 14.50278]}, "properties": {"nom": "Kibick", "nappe": "Pal\u00e9oc\u00e8ne", "type": "4", "couleur": "#1E88E5"}}, {"type": "Feature", "geometry": {"type": "Point", "coordinates": [-16.91667, 14.36778]}, "properties": {"nom": "Sidibougou", "nappe": "Pal\u00e9oc\u00e8ne", "type": "4", "couleur": "#1E88E5"}}, {"type": "Feature", "geometry": {"type": "Point", "coordinates": [-16.89222, 14.36472]}, "properties": {"nom": "Gagnabougou (Soussan", "nappe": "Pal\u00e9oc\u00e8ne", "type": "4", "couleur": "#1E88E5"}}, {"type": "Feature", "geometry": {"type": "Point", "coordinates": [-16.895, 14.42667]}, "properties": {"nom": "Keur Balla Lo", "nappe": "Pal\u00e9oc\u00e8ne", "type": "4", "couleur": "#1E88E5"}}, {"type": "Feature", "geometry": {"type": "Point", "coordinates": [-16.92528, 14.4425]}, "properties": {"nom": "Falokh Serere", "nappe": "Pal\u00e9oc\u00e8ne", "type": "4", "couleur": "#1E88E5"}}, {"type": "Feature", "geometry": {"type": "Point", "coordinates": [-16.88333, 14.38472]}, "properties": {"nom": "Mbouleme", "nappe": "Pal\u00e9oc\u00e8ne", "type": "4", "couleur": "#1E88E5"}}, {"type": "Feature", "geometry": {"type": "Point", "coordinates": [-16.7, 14.41667]}, "properties": {"nom": "Thiadiaye I", "nappe": "Pal\u00e9oc\u00e8ne", "type": "4", "couleur": "#1E88E5"}}, {"type": "Feature", "geometry": {"type": "Point", "coordinates": [-16.7125, 14.41528]}, "properties": {"nom": "Thiadiaye I", "nappe": "Pal\u00e9oc\u00e8ne", "type": "4", "couleur": "#1E88E5"}}, {"type": "Feature", "geometry": {"type": "Point", "coordinates": [-16.78333, 14.43333]}, "properties": {"nom": "Sandiara Ouolof", "nappe": "Pal\u00e9oc\u00e8ne", "type": "4", "couleur": "#1E88E5"}}, {"type": "Feature", "geometry": {"type": "Point", "coordinates": [-16.78333, 14.43333]}, "properties": {"nom": "Sandiara Ouolof", "nappe": "Pal\u00e9oc\u00e8ne", "type": "4", "couleur": "#1E88E5"}}, {"type": "Feature", "geometry": {"type": "Point", "coordinates": [-16.80611, 14.40444]}, "properties": {"nom": "Ndollor", "nappe": "Pal\u00e9oc\u00e8ne", "type": "4", "couleur": "#1E88E5"}}, {"type": "Feature", "geometry": {"type": "Point", "coordinates": [-16.76389, 14.41667]}, "properties": {"nom": "Diokhar (Solaire)", "nappe": "Pal\u00e9oc\u00e8ne", "type": "4", "couleur": "#1E88E5"}}, {"type": "Feature", "geometry": {"type": "Point", "coordinates": [-16.76389, 14.41667]}, "properties": {"nom": "Diokhar (Solaire)", "nappe": "Pal\u00e9oc\u00e8ne", "type": "4", "couleur": "#1E88E5"}}, {"type": "Feature", "geometry": {"type": "Point", "coordinates": [-16.82167, 14.40444]}, "properties": {"nom": "Soussane", "nappe": "Pal\u00e9oc\u00e8ne", "type": "4", "couleur": "#1E88E5"}}, {"type": "Feature", "geometry": {"type": "Point", "coordinates": [-16.82667, 14.43917]}, "properties": {"nom": "Louly Ndia", "nappe": "Pal\u00e9oc\u00e8ne", "type": "4", "couleur": "#1E88E5"}}, {"type": "Feature", "geometry": {"type": "Point", "coordinates": [-16.74944, 14.39722]}, "properties": {"nom": "Ndioudiouf", "nappe": "Pal\u00e9oc\u00e8ne", "type": "4", "couleur": "#1E88E5"}}, {"type": "Feature", "geometry": {"type": "Point", "coordinates": [-16.82306, 14.42333]}, "properties": {"nom": "Ndioukh Thiorokh", "nappe": "Pal\u00e9oc\u00e8ne", "type": "4", "couleur": "#1E88E5"}}, {"type": "Feature", "geometry": {"type": "Point", "coordinates": [-16.75556, 14.40556]}, "properties": {"nom": "Gorou", "nappe": "Pal\u00e9oc\u00e8ne", "type": "4", "couleur": "#1E88E5"}}, {"type": "Feature", "geometry": {"type": "Point", "coordinates": [-16.7425, 14.40667]}, "properties": {"nom": "Keur El Hadji", "nappe": "Pal\u00e9oc\u00e8ne", "type": "4", "couleur": "#1E88E5"}}, {"type": "Feature", "geometry": {"type": "Point", "coordinates": [-16.7925, 14.38722]}, "properties": {"nom": "Diolofira Serere", "nappe": "Pal\u00e9oc\u00e8ne", "type": "4", "couleur": "#1E88E5"}}, {"type": "Feature", "geometry": {"type": "Point", "coordinates": [-16.79861, 14.45528]}, "properties": {"nom": "Soukheme", "nappe": "Pal\u00e9oc\u00e8ne", "type": "4", "couleur": "#1E88E5"}}, {"type": "Feature", "geometry": {"type": "Point", "coordinates": [-16.71944, 14.39806]}, "properties": {"nom": "Keur Yerim", "nappe": "Pal\u00e9oc\u00e8ne", "type": "4", "couleur": "#1E88E5"}}, {"type": "Feature", "geometry": {"type": "Point", "coordinates": [-16.78333, 14.36833]}, "properties": {"nom": "Diolofira Ouolof", "nappe": "Pal\u00e9oc\u00e8ne", "type": "4", "couleur": "#1E88E5"}}, {"type": "Feature", "geometry": {"type": "Point", "coordinates": [-16.77972, 14.47917]}, "properties": {"nom": "Godaguene", "nappe": "Pal\u00e9oc\u00e8ne", "type": "4", "couleur": "#1E88E5"}}, {"type": "Feature", "geometry": {"type": "Point", "coordinates": [-16.77528, 14.44583]}, "properties": {"nom": "Faylar", "nappe": "Pal\u00e9oc\u00e8ne", "type": "4", "couleur": "#1E88E5"}}, {"type": "Feature", "geometry": {"type": "Point", "coordinates": [-16.82083, 14.47083]}, "properties": {"nom": "Kouthie", "nappe": "Pal\u00e9oc\u00e8ne", "type": "4", "couleur": "#1E88E5"}}, {"type": "Feature", "geometry": {"type": "Point", "coordinates": [-16.68194, 14.36806]}, "properties": {"nom": "Mbassis", "nappe": "Pal\u00e9oc\u00e8ne", "type": "4", "couleur": "#1E88E5"}}, {"type": "Feature", "geometry": {"type": "Point", "coordinates": [-16.69806, 14.36639]}, "properties": {"nom": "Pethemakha", "nappe": "Pal\u00e9oc\u00e8ne", "type": "4", "couleur": "#1E88E5"}}, {"type": "Feature", "geometry": {"type": "Point", "coordinates": [-16.69806, 14.36639]}, "properties": {"nom": "Pethemakha", "nappe": "Pal\u00e9oc\u00e8ne", "type": "4", "couleur": "#1E88E5"}}, {"type": "Feature", "geometry": {"type": "Point", "coordinates": [-16.81194, 14.47111]}, "properties": {"nom": "Ngomene", "nappe": "Pal\u00e9oc\u00e8ne", "type": "4", "couleur": "#1E88E5"}}, {"type": "Feature", "geometry": {"type": "Point", "coordinates": [-16.825, 14.34861]}, "properties": {"nom": "Ballabougou", "nappe": "Pal\u00e9oc\u00e8ne", "type": "4", "couleur": "#1E88E5"}}, {"type": "Feature", "geometry": {"type": "Point", "coordinates": [-16.74306, 14.45889]}, "properties": {"nom": "Gohe", "nappe": "Pal\u00e9oc\u00e8ne", "type": "4", "couleur": "#1E88E5"}}, {"type": "Feature", "geometry": {"type": "Point", "coordinates": [-16.69861, 14.48806]}, "properties": {"nom": "Fao", "nappe": "Pal\u00e9oc\u00e8ne", "type": "4", "couleur": "#1E88E5"}}, {"type": "Feature", "geometry": {"type": "Point", "coordinates": [-16.7625, 14.47611]}, "properties": {"nom": "Dapthior", "nappe": "Pal\u00e9oc\u00e8ne", "type": "4", "couleur": "#1E88E5"}}, {"type": "Feature", "geometry": {"type": "Point", "coordinates": [-16.71972, 14.45306]}, "properties": {"nom": "Nguediane", "nappe": "Pal\u00e9oc\u00e8ne", "type": "4", "couleur": "#1E88E5"}}, {"type": "Feature", "geometry": {"type": "Point", "coordinates": [-16.70222, 14.45667]}, "properties": {"nom": "Saokom I", "nappe": "Pal\u00e9oc\u00e8ne", "type": "4", "couleur": "#1E88E5"}}, {"type": "Feature", "geometry": {"type": "Point", "coordinates": [-16.7125, 14.47278]}, "properties": {"nom": "Niomar", "nappe": "Pal\u00e9oc\u00e8ne", "type": "4", "couleur": "#1E88E5"}}, {"type": "Feature", "geometry": {"type": "Point", "coordinates": [-16.75556, 14.42222]}, "properties": {"nom": "Sessene", "nappe": "Pal\u00e9oc\u00e8ne", "type": "4", "couleur": "#1E88E5"}}, {"type": "Feature", "geometry": {"type": "Point", "coordinates": [-16.67222, 14.44444]}, "properties": {"nom": "Yabo Yabo", "nappe": "Pal\u00e9oc\u00e8ne", "type": "4", "couleur": "#1E88E5"}}, {"type": "Feature", "geometry": {"type": "Point", "coordinates": [-16.67222, 14.49444]}, "properties": {"nom": "Lallam", "nappe": "Pal\u00e9oc\u00e8ne", "type": "4", "couleur": "#1E88E5"}}, {"type": "Feature", "geometry": {"type": "Point", "coordinates": [-16.66945, 14.62778]}, "properties": {"nom": "Mbalamsone", "nappe": "Pal\u00e9oc\u00e8ne", "type": "4", "couleur": "#1E88E5"}}, {"type": "Feature", "geometry": {"type": "Point", "coordinates": [-16.76667, 14.34722]}, "properties": {"nom": "Aga Biram", "nappe": "Pal\u00e9oc\u00e8ne", "type": "4", "couleur": "#1E88E5"}}, {"type": "Feature", "geometry": {"type": "Point", "coordinates": [-16.85556, 14.66111]}, "properties": {"nom": "Pout Diack", "nappe": "Pal\u00e9oc\u00e8ne", "type": "4", "couleur": "#1E88E5"}}, {"type": "Feature", "geometry": {"type": "Point", "coordinates": [-16.98056, 14.65556]}, "properties": {"nom": "Thieo", "nappe": "Pal\u00e9oc\u00e8ne", "type": "4", "couleur": "#1E88E5"}}, {"type": "Feature", "geometry": {"type": "Point", "coordinates": [-16.70555, 14.45833]}, "properties": {"nom": "Nguediane", "nappe": "Pal\u00e9oc\u00e8ne", "type": "4", "couleur": "#1E88E5"}}, {"type": "Feature", "geometry": {"type": "Point", "coordinates": [-16.905, 14.66389]}, "properties": {"nom": "Tatene Serere", "nappe": "Pal\u00e9oc\u00e8ne", "type": "4", "couleur": "#1E88E5"}}, {"type": "Feature", "geometry": {"type": "Point", "coordinates": [-16.79306, 14.51944]}, "properties": {"nom": "Ndiarao", "nappe": "Pal\u00e9oc\u00e8ne", "type": "4", "couleur": "#1E88E5"}}, {"type": "Feature", "geometry": {"type": "Point", "coordinates": [-16.95, 14.45]}, "properties": {"nom": "Malicounda Ouolof", "nappe": "Pal\u00e9oc\u00e8ne", "type": "4", "couleur": "#1E88E5"}}, {"type": "Feature", "geometry": {"type": "Point", "coordinates": [-16.98333, 14.64722]}, "properties": {"nom": "Thieo", "nappe": "Pal\u00e9oc\u00e8ne", "type": "4", "couleur": "#1E88E5"}}, {"type": "Feature", "geometry": {"type": "Point", "coordinates": [-16.85722, 14.63056]}, "properties": {"nom": "Ndoyene", "nappe": "Pal\u00e9oc\u00e8ne", "type": "4", "couleur": "#1E88E5"}}, {"type": "Feature", "geometry": {"type": "Point", "coordinates": [-16.86667, 14.60722]}, "properties": {"nom": "Tassette Ouolof", "nappe": "Pal\u00e9oc\u00e8ne", "type": "4", "couleur": "#1E88E5"}}, {"type": "Feature", "geometry": {"type": "Point", "coordinates": [-16.94, 14.51472]}, "properties": {"nom": "Tene Toubab", "nappe": "Pal\u00e9oc\u00e8ne", "type": "4", "couleur": "#1E88E5"}}, {"type": "Feature", "geometry": {"type": "Point", "coordinates": [-16.76667, 14.63056]}, "properties": {"nom": "Fandene Diamdiorokh", "nappe": "Pal\u00e9oc\u00e8ne", "type": "4", "couleur": "#1E88E5"}}, {"type": "Feature", "geometry": {"type": "Point", "coordinates": [-16.7575, 14.64111]}, "properties": {"nom": "Sessene Diack", "nappe": "Pal\u00e9oc\u00e8ne", "type": "4", "couleur": "#1E88E5"}}, {"type": "Feature", "geometry": {"type": "Point", "coordinates": [-16.80778, 14.62361]}, "properties": {"nom": "Nguinth Ouolof", "nappe": "Pal\u00e9oc\u00e8ne", "type": "4", "couleur": "#1E88E5"}}, {"type": "Feature", "geometry": {"type": "Point", "coordinates": [-17.24, 14.82]}, "properties": {"nom": "Niaga Niassene F7", "nappe": "Quaternaire", "type": "4", "couleur": "#90CAF9"}}, {"type": "Feature", "geometry": {"type": "Point", "coordinates": [-17.24444, 14.79944]}, "properties": {"nom": "Puits  I. Seydi A Niaga", "nappe": "Quaternaire", "type": "4", "couleur": "#90CAF9"}}, {"type": "Feature", "geometry": {"type": "Point", "coordinates": [-16.83556, 14.735]}, "properties": {"nom": "Hanene", "nappe": "Quaternaire", "type": "4", "couleur": "#90CAF9"}}, {"type": "Feature", "geometry": {"type": "Point", "coordinates": [-16.83333, 14.73611]}, "properties": {"nom": "Hanene", "nappe": "Quaternaire", "type": "4", "couleur": "#90CAF9"}}, {"type": "Feature", "geometry": {"type": "Point", "coordinates": [-16.82917, 14.80278]}, "properties": {"nom": "Demondji", "nappe": "Quaternaire", "type": "4", "couleur": "#90CAF9"}}, {"type": "Feature", "geometry": {"type": "Point", "coordinates": [-16.39639, 14.95472]}, "properties": {"nom": "Mbediegol", "nappe": "Quaternaire", "type": "4", "couleur": "#90CAF9"}}, {"type": "Feature", "geometry": {"type": "Point", "coordinates": [-12.44306, 14.88]}, "properties": {"nom": "Bakel F3", "nappe": "Quaternaire", "type": "4", "couleur": "#90CAF9"}}, {"type": "Feature", "geometry": {"type": "Point", "coordinates": [-12.46667, 14.97778]}, "properties": {"nom": "Tuabou I", "nappe": "Quaternaire", "type": "4", "couleur": "#90CAF9"}}, {"type": "Feature", "geometry": {"type": "Point", "coordinates": [-12.45694, 14.90694]}, "properties": {"nom": "Bakel", "nappe": "Quaternaire", "type": "4", "couleur": "#90CAF9"}}, {"type": "Feature", "geometry": {"type": "Point", "coordinates": [-12.45694, 14.90694]}, "properties": {"nom": "Bakel F2", "nappe": "Quaternaire", "type": "4", "couleur": "#90CAF9"}}, {"type": "Feature", "geometry": {"type": "Point", "coordinates": [-16.09583, 13.87639]}, "properties": {"nom": "Djilakhar Ouolof", "nappe": "Quaternaire", "type": "4", "couleur": "#90CAF9"}}, {"type": "Feature", "geometry": {"type": "Point", "coordinates": [-16.01389, 13.94444]}, "properties": {"nom": "Kouthieye", "nappe": "Quaternaire", "type": "4", "couleur": "#90CAF9"}}, {"type": "Feature", "geometry": {"type": "Point", "coordinates": [-15.85917, 13.84167]}, "properties": {"nom": "Dinguiraye", "nappe": "Quaternaire", "type": "4", "couleur": "#90CAF9"}}, {"type": "Feature", "geometry": {"type": "Point", "coordinates": [-16.75, 12.92778]}, "properties": {"nom": "Kafoountine", "nappe": "Quaternaire", "type": "4", "couleur": "#90CAF9"}}, {"type": "Feature", "geometry": {"type": "Point", "coordinates": [-16.52361, 12.83056]}, "properties": {"nom": "Mlomp", "nappe": "Quaternaire", "type": "4", "couleur": "#90CAF9"}}, {"type": "Feature", "geometry": {"type": "Point", "coordinates": [-16.74722, 12.40278]}, "properties": {"nom": "Cap Skirring F4", "nappe": "Quaternaire", "type": "4", "couleur": "#90CAF9"}}, {"type": "Feature", "geometry": {"type": "Point", "coordinates": [-16.74083, 12.39667]}, "properties": {"nom": "Capskiring", "nappe": "Quaternaire", "type": "4", "couleur": "#90CAF9"}}, {"type": "Feature", "geometry": {"type": "Point", "coordinates": [-16.74083, 12.39667]}, "properties": {"nom": "Cap Skiring", "nappe": "Quaternaire", "type": "4", "couleur": "#90CAF9"}}, {"type": "Feature", "geometry": {"type": "Point", "coordinates": [-16.74083, 12.39667]}, "properties": {"nom": "Cap Skiring", "nappe": "Quaternaire", "type": "4", "couleur": "#90CAF9"}}, {"type": "Feature", "geometry": {"type": "Point", "coordinates": [-12.16667, 12.55]}, "properties": {"nom": "Kedougou F2", "nappe": "Quaternaire", "type": "4", "couleur": "#90CAF9"}}, {"type": "Feature", "geometry": {"type": "Point", "coordinates": [-12.16667, 12.55]}, "properties": {"nom": "Kedougou F3", "nappe": "Quaternaire", "type": "4", "couleur": "#90CAF9"}}, {"type": "Feature", "geometry": {"type": "Point", "coordinates": [-11.93333, 12.43333]}, "properties": {"nom": "Toumania", "nappe": "Quaternaire", "type": "4", "couleur": "#90CAF9"}}, {"type": "Feature", "geometry": {"type": "Point", "coordinates": [-11.68333, 12.43333]}, "properties": {"nom": "Moulounga", "nappe": "Quaternaire", "type": "4", "couleur": "#90CAF9"}}, {"type": "Feature", "geometry": {"type": "Point", "coordinates": [-13.90833, 16.14167]}, "properties": {"nom": "Salde", "nappe": "Quaternaire", "type": "4", "couleur": "#90CAF9"}}, {"type": "Feature", "geometry": {"type": "Point", "coordinates": [-16.39444, 15.86333]}, "properties": {"nom": "To.Guene", "nappe": "Quaternaire", "type": "4", "couleur": "#90CAF9"}}, {"type": "Feature", "geometry": {"type": "Point", "coordinates": [-16.535, 15.70444]}, "properties": {"nom": "Keur Koura", "nappe": "Quaternaire", "type": "4", "couleur": "#90CAF9"}}, {"type": "Feature", "geometry": {"type": "Point", "coordinates": [-16.50083, 15.77056]}, "properties": {"nom": "Mouril", "nappe": "Quaternaire", "type": "4", "couleur": "#90CAF9"}}, {"type": "Feature", "geometry": {"type": "Point", "coordinates": [-16.43028, 15.80056]}, "properties": {"nom": "Madayana", "nappe": "Quaternaire", "type": "4", "couleur": "#90CAF9"}}, {"type": "Feature", "geometry": {"type": "Point", "coordinates": [-16.36222, 15.7775]}, "properties": {"nom": "Mbayene Pln2", "nappe": "Quaternaire", "type": "4", "couleur": "#90CAF9"}}, {"type": "Feature", "geometry": {"type": "Point", "coordinates": [-16.345, 15.72556]}, "properties": {"nom": "Djadji Pln3", "nappe": "Quaternaire", "type": "4", "couleur": "#90CAF9"}}, {"type": "Feature", "geometry": {"type": "Point", "coordinates": [-16.42917, 15.70361]}, "properties": {"nom": "Ndiambou Pln4", "nappe": "Quaternaire", "type": "4", "couleur": "#90CAF9"}}, {"type": "Feature", "geometry": {"type": "Point", "coordinates": [-16.42889, 15.80361]}, "properties": {"nom": "Madyana Pln5", "nappe": "Quaternaire", "type": "4", "couleur": "#90CAF9"}}, {"type": "Feature", "geometry": {"type": "Point", "coordinates": [-16.35, 15.91667]}, "properties": {"nom": "P3.1 Bid", "nappe": "Quaternaire", "type": "4", "couleur": "#90CAF9"}}, {"type": "Feature", "geometry": {"type": "Point", "coordinates": [-16.2825, 15.82056]}, "properties": {"nom": "Santhiou Merina", "nappe": "Quaternaire", "type": "4", "couleur": "#90CAF9"}}, {"type": "Feature", "geometry": {"type": "Point", "coordinates": [-16.23694, 15.79722]}, "properties": {"nom": "Keur Massar Diop1 Pln1", "nappe": "Quaternaire", "type": "4", "couleur": "#90CAF9"}}, {"type": "Feature", "geometry": {"type": "Point", "coordinates": [-16.72083, 15.36639]}, "properties": {"nom": "Kad Peulh K.Ndioug.K", "nappe": "Quaternaire", "type": "4", "couleur": "#90CAF9"}}, {"type": "Feature", "geometry": {"type": "Point", "coordinates": [-16.74083, 15.36917]}, "properties": {"nom": "Fadiakounda", "nappe": "Quaternaire", "type": "4", "couleur": "#90CAF9"}}, {"type": "Feature", "geometry": {"type": "Point", "coordinates": [-16.72778, 15.44444]}, "properties": {"nom": "Thioucougne", "nappe": "Quaternaire", "type": "4", "couleur": "#90CAF9"}}, {"type": "Feature", "geometry": {"type": "Point", "coordinates": [-16.63333, 15.58056]}, "properties": {"nom": "Yodi Ndiaga", "nappe": "Quaternaire", "type": "4", "couleur": "#90CAF9"}}, {"type": "Feature", "geometry": {"type": "Point", "coordinates": [-16.38472, 15.44722]}, "properties": {"nom": "K.Makhar", "nappe": "Quaternaire", "type": "4", "couleur": "#90CAF9"}}, {"type": "Feature", "geometry": {"type": "Point", "coordinates": [-16.59639, 15.53806]}, "properties": {"nom": "Petie", "nappe": "Quaternaire", "type": "4", "couleur": "#90CAF9"}}, {"type": "Feature", "geometry": {"type": "Point", "coordinates": [-16.62139, 15.55944]}, "properties": {"nom": "Ti.Laobe", "nappe": "Quaternaire", "type": "4", "couleur": "#90CAF9"}}, {"type": "Feature", "geometry": {"type": "Point", "coordinates": [-16.56917, 15.56722]}, "properties": {"nom": "Bendioug", "nappe": "Quaternaire", "type": "4", "couleur": "#90CAF9"}}, {"type": "Feature", "geometry": {"type": "Point", "coordinates": [-16.54583, 15.62917]}, "properties": {"nom": "Bo.Oula", "nappe": "Quaternaire", "type": "4", "couleur": "#90CAF9"}}, {"type": "Feature", "geometry": {"type": "Point", "coordinates": [-16.55083, 15.67056]}, "properties": {"nom": "Mamadoub", "nappe": "Quaternaire", "type": "4", "couleur": "#90CAF9"}}, {"type": "Feature", "geometry": {"type": "Point", "coordinates": [-16.37, 15.65806]}, "properties": {"nom": "Lambadji Pln6", "nappe": "Quaternaire", "type": "4", "couleur": "#90CAF9"}}, {"type": "Feature", "geometry": {"type": "Point", "coordinates": [-16.52972, 15.52611]}, "properties": {"nom": "Tebene Ii", "nappe": "Quaternaire", "type": "4", "couleur": "#90CAF9"}}, {"type": "Feature", "geometry": {"type": "Point", "coordinates": [-16.70833, 15.29444]}, "properties": {"nom": "Taoua Fall", "nappe": "Quaternaire", "type": "4", "couleur": "#90CAF9"}}, {"type": "Feature", "geometry": {"type": "Point", "coordinates": [-16.88861, 15.04472]}, "properties": {"nom": "Taiba Ndiaye", "nappe": "Quaternaire", "type": "4", "couleur": "#90CAF9"}}, {"type": "Feature", "geometry": {"type": "Point", "coordinates": [-17.02611, 15.0075]}, "properties": {"nom": "Lac Mekhe  P5", "nappe": "Quaternaire", "type": "4", "couleur": "#90CAF9"}}, {"type": "Feature", "geometry": {"type": "Point", "coordinates": [-16.98333, 15.01333]}, "properties": {"nom": "Sao", "nappe": "Quaternaire", "type": "4", "couleur": "#90CAF9"}}, {"type": "Feature", "geometry": {"type": "Point", "coordinates": [-16.98472, 15.07778]}, "properties": {"nom": "Ndiopsao", "nappe": "Quaternaire", "type": "4", "couleur": "#90CAF9"}}, {"type": "Feature", "geometry": {"type": "Point", "coordinates": [-16.90278, 15.08472]}, "properties": {"nom": "Lobor.Ng", "nappe": "Quaternaire", "type": "4", "couleur": "#90CAF9"}}, {"type": "Feature", "geometry": {"type": "Point", "coordinates": [-16.9325, 15.1125]}, "properties": {"nom": "Lobor.Pe", "nappe": "Quaternaire", "type": "4", "couleur": "#90CAF9"}}, {"type": "Feature", "geometry": {"type": "Point", "coordinates": [-16.90889, 15.13389]}, "properties": {"nom": "Ndeune", "nappe": "Quaternaire", "type": "4", "couleur": "#90CAF9"}}, {"type": "Feature", "geometry": {"type": "Point", "coordinates": [-16.85278, 15.20556]}, "properties": {"nom": "D.Nailou", "nappe": "Quaternaire", "type": "4", "couleur": "#90CAF9"}}, {"type": "Feature", "geometry": {"type": "Point", "coordinates": [-16.66333, 15.175]}, "properties": {"nom": "Tawa Mbaye  Ics-71", "nappe": "Quaternaire", "type": "4", "couleur": "#90CAF9"}}, {"type": "Feature", "geometry": {"type": "Point", "coordinates": [-16.78444, 15.15694]}, "properties": {"nom": "Diobass  Ics-73", "nappe": "Quaternaire", "type": "4", "couleur": "#90CAF9"}}, {"type": "Feature", "geometry": {"type": "Point", "coordinates": [-16.75167, 15.21722]}, "properties": {"nom": "Baity Diouf  Ics - 62", "nappe": "Quaternaire", "type": "4", "couleur": "#90CAF9"}}, {"type": "Feature", "geometry": {"type": "Point", "coordinates": [-16.70167, 15.19139]}, "properties": {"nom": "Tawa Mbaye  Ics-61", "nappe": "Quaternaire", "type": "4", "couleur": "#90CAF9"}}, {"type": "Feature", "geometry": {"type": "Point", "coordinates": [-16.7, 15.19472]}, "properties": {"nom": "Ics-72-", "nappe": "Quaternaire", "type": "4", "couleur": "#90CAF9"}}, {"type": "Feature", "geometry": {"type": "Point", "coordinates": [-17.01139, 15.01222]}, "properties": {"nom": "Ndoye  (Notto Gouye Diama)", "nappe": "Quaternaire", "type": "4", "couleur": "#90CAF9"}}, {"type": "Feature", "geometry": {"type": "Point", "coordinates": [-17.01139, 15.01306]}, "properties": {"nom": "Fallou  (Notto Gouye Diama)", "nappe": "Quaternaire", "type": "4", "couleur": "#90CAF9"}}, {"type": "Feature", "geometry": {"type": "Point", "coordinates": [-16.78417, 15.15667]}, "properties": {"nom": "Djobasse", "nappe": "Quaternaire", "type": "4", "couleur": "#90CAF9"}}, {"type": "Feature", "geometry": {"type": "Point", "coordinates": [-16.625, 15.31389]}, "properties": {"nom": "Kab Gaye", "nappe": "Quaternaire", "type": "4", "couleur": "#90CAF9"}}, {"type": "Feature", "geometry": {"type": "Point", "coordinates": [-16.54611, 15.24417]}, "properties": {"nom": "Die", "nappe": "Quaternaire", "type": "4", "couleur": "#90CAF9"}}, {"type": "Feature", "geometry": {"type": "Point", "coordinates": [-16.64944, 15.14139]}, "properties": {"nom": "Ndirene  Ics 75", "nappe": "Quaternaire", "type": "4", "couleur": "#90CAF9"}}, {"type": "Feature", "geometry": {"type": "Point", "coordinates": [-16.67167, 15.07972]}, "properties": {"nom": "Ndeukou  Ics - 74", "nappe": "Quaternaire", "type": "4", "couleur": "#90CAF9"}}, {"type": "Feature", "geometry": {"type": "Point", "coordinates": [-16.07306, 15.025]}, "properties": {"nom": "Pire Goureye", "nappe": "Quaternaire", "type": "4", "couleur": "#90CAF9"}}, {"type": "Feature", "geometry": {"type": "Point", "coordinates": [-13.16194, 15.56944]}, "properties": {"nom": "Kanel F1", "nappe": "Quaternaire", "type": "4", "couleur": "#90CAF9"}}, {"type": "Feature", "geometry": {"type": "Point", "coordinates": [-13.16194, 15.56944]}, "properties": {"nom": "Kanel F2", "nappe": "Quaternaire", "type": "4", "couleur": "#90CAF9"}}, {"type": "Feature", "geometry": {"type": "Point", "coordinates": [-17.38361, 14.77694]}, "properties": {"nom": "Thiaroye P-F1", "nappe": "Quaternaire", "type": "4", "couleur": "#90CAF9"}}, {"type": "Feature", "geometry": {"type": "Point", "coordinates": [-17.37056, 14.7425]}, "properties": {"nom": "Thiaroye Sur Mer P3.1", "nappe": "Quaternaire", "type": "4", "couleur": "#90CAF9"}}, {"type": "Feature", "geometry": {"type": "Point", "coordinates": [-17.38111, 14.75833]}, "properties": {"nom": "Thiaroye S3 F17", "nappe": "Quaternaire", "type": "4", "couleur": "#90CAF9"}}, {"type": "Feature", "geometry": {"type": "Point", "coordinates": [-17.38111, 14.75833]}, "properties": {"nom": "Thiaroye S4 F17", "nappe": "Quaternaire", "type": "4", "couleur": "#90CAF9"}}, {"type": "Feature", "geometry": {"type": "Point", "coordinates": [-16.79639, 14.40417]}, "properties": {"nom": "Ndioukh Fissel", "nappe": "Pal\u00e9oc\u00e8ne", "type": "4", "couleur": "#1E88E5"}}, {"type": "Feature", "geometry": {"type": "Point", "coordinates": [-16.94028, 14.64889]}, "properties": {"nom": "Diass Palam", "nappe": "Pal\u00e9oc\u00e8ne", "type": "4", "couleur": "#1E88E5"}}, {"type": "Feature", "geometry": {"type": "Point", "coordinates": [-16.78194, 14.65972]}, "properties": {"nom": "Mbousnakh Ngourbane", "nappe": "Pal\u00e9oc\u00e8ne", "type": "4", "couleur": "#1E88E5"}}, {"type": "Feature", "geometry": {"type": "Point", "coordinates": [-16.70139, 14.52361]}, "properties": {"nom": "Nguedji I", "nappe": "Pal\u00e9oc\u00e8ne", "type": "4", "couleur": "#1E88E5"}}, {"type": "Feature", "geometry": {"type": "Point", "coordinates": [-16.71667, 14.51944]}, "properties": {"nom": "Thiandene", "nappe": "Pal\u00e9oc\u00e8ne", "type": "4", "couleur": "#1E88E5"}}, {"type": "Feature", "geometry": {"type": "Point", "coordinates": [-16.73361, 14.54222]}, "properties": {"nom": "Ndiaganiao (Both Escale)", "nappe": "Pal\u00e9oc\u00e8ne", "type": "4", "couleur": "#1E88E5"}}, {"type": "Feature", "geometry": {"type": "Point", "coordinates": [-16.71667, 14.45]}, "properties": {"nom": "Nguediane", "nappe": "Pal\u00e9oc\u00e8ne", "type": "4", "couleur": "#1E88E5"}}, {"type": "Feature", "geometry": {"type": "Point", "coordinates": [-16.825, 14.44444]}, "properties": {"nom": "Louly Ndia", "nappe": "Pal\u00e9oc\u00e8ne", "type": "4", "couleur": "#1E88E5"}}, {"type": "Feature", "geometry": {"type": "Point", "coordinates": [-16.88333, 14.51667]}, "properties": {"nom": "Keur Malamine Ndiaye", "nappe": "Pal\u00e9oc\u00e8ne", "type": "4", "couleur": "#1E88E5"}}, {"type": "Feature", "geometry": {"type": "Point", "coordinates": [-16.78333, 14.65833]}, "properties": {"nom": "Mbousnakh", "nappe": "Pal\u00e9oc\u00e8ne", "type": "4", "couleur": "#1E88E5"}}, {"type": "Feature", "geometry": {"type": "Point", "coordinates": [-16.77111, 14.43056]}, "properties": {"nom": "Ndiokhar", "nappe": "Pal\u00e9oc\u00e8ne", "type": "4", "couleur": "#1E88E5"}}, {"type": "Feature", "geometry": {"type": "Point", "coordinates": [-16.79167, 14.4375]}, "properties": {"nom": "Sandiara", "nappe": "Pal\u00e9oc\u00e8ne", "type": "4", "couleur": "#1E88E5"}}, {"type": "Feature", "geometry": {"type": "Point", "coordinates": [-16.85278, 14.66167]}, "properties": {"nom": "Pout Diack", "nappe": "Pal\u00e9oc\u00e8ne", "type": "4", "couleur": "#1E88E5"}}, {"type": "Feature", "geometry": {"type": "Point", "coordinates": [-16.76111, 14.34306]}, "properties": {"nom": "Aga Babou", "nappe": "Pal\u00e9oc\u00e8ne", "type": "4", "couleur": "#1E88E5"}}, {"type": "Feature", "geometry": {"type": "Point", "coordinates": [-16.81944, 14.51111]}, "properties": {"nom": "Ndingler", "nappe": "Pal\u00e9oc\u00e8ne", "type": "4", "couleur": "#1E88E5"}}, {"type": "Feature", "geometry": {"type": "Point", "coordinates": [-16.81639, 14.45583]}, "properties": {"nom": "Khaw", "nappe": "Pal\u00e9oc\u00e8ne", "type": "4", "couleur": "#1E88E5"}}, {"type": "Feature", "geometry": {"type": "Point", "coordinates": [-16.84167, 14.37889]}, "properties": {"nom": "Bacoumbel", "nappe": "Pal\u00e9oc\u00e8ne", "type": "4", "couleur": "#1E88E5"}}, {"type": "Feature", "geometry": {"type": "Point", "coordinates": [-16.86, 14.39028]}, "properties": {"nom": "Nianar", "nappe": "Pal\u00e9oc\u00e8ne", "type": "4", "couleur": "#1E88E5"}}, {"type": "Feature", "geometry": {"type": "Point", "coordinates": [-16.89583, 14.47556]}, "properties": {"nom": "Takhoum", "nappe": "Pal\u00e9oc\u00e8ne", "type": "4", "couleur": "#1E88E5"}}, {"type": "Feature", "geometry": {"type": "Point", "coordinates": [-16.76556, 14.585]}, "properties": {"nom": "Soussoum", "nappe": "Pal\u00e9oc\u00e8ne", "type": "4", "couleur": "#1E88E5"}}, {"type": "Feature", "geometry": {"type": "Point", "coordinates": [-16.77778, 14.46806]}, "properties": {"nom": "Santhiou Godaguene", "nappe": "Pal\u00e9oc\u00e8ne", "type": "4", "couleur": "#1E88E5"}}, {"type": "Feature", "geometry": {"type": "Point", "coordinates": [-16.90667, 14.42833]}, "properties": {"nom": "Keur Balla Lo", "nappe": "Pal\u00e9oc\u00e8ne", "type": "4", "couleur": "#1E88E5"}}, {"type": "Feature", "geometry": {"type": "Point", "coordinates": [-16.74611, 14.56722]}, "properties": {"nom": "Cothiane", "nappe": "Pal\u00e9oc\u00e8ne", "type": "4", "couleur": "#1E88E5"}}, {"type": "Feature", "geometry": {"type": "Point", "coordinates": [-16.80833, 14.34167]}, "properties": {"nom": "Balabougou(Sandiara-2)", "nappe": "Pal\u00e9oc\u00e8ne", "type": "4", "couleur": "#1E88E5"}}, {"type": "Feature", "geometry": {"type": "Point", "coordinates": [-16.82139, 14.40139]}, "properties": {"nom": "Sousane (Sandiara F3)", "nappe": "Pal\u00e9oc\u00e8ne", "type": "4", "couleur": "#1E88E5"}}, {"type": "Feature", "geometry": {"type": "Point", "coordinates": [-16.84444, 14.34167]}, "properties": {"nom": "Forage De Ballagou F1", "nappe": "Pal\u00e9oc\u00e8ne", "type": "4", "couleur": "#1E88E5"}}, {"type": "Feature", "geometry": {"type": "Point", "coordinates": [-16.84167, 14.37889]}, "properties": {"nom": "Bacoumbel", "nappe": "Pal\u00e9oc\u00e8ne", "type": "4", "couleur": "#1E88E5"}}, {"type": "Feature", "geometry": {"type": "Point", "coordinates": [-16.58917, 14.64833]}, "properties": {"nom": "Ndondol Sessene", "nappe": "Pal\u00e9oc\u00e8ne", "type": "4", "couleur": "#1E88E5"}}, {"type": "Feature", "geometry": {"type": "Point", "coordinates": [-16.58917, 14.64833]}, "properties": {"nom": "Ndondol Sessene", "nappe": "Pal\u00e9oc\u00e8ne", "type": "4", "couleur": "#1E88E5"}}, {"type": "Feature", "geometry": {"type": "Point", "coordinates": [-16.48333, 14.44722]}, "properties": {"nom": "Diarrere", "nappe": "Pal\u00e9oc\u00e8ne", "type": "4", "couleur": "#1E88E5"}}, {"type": "Feature", "geometry": {"type": "Point", "coordinates": [-16.40111, 14.4925]}, "properties": {"nom": "Niakhar", "nappe": "Pal\u00e9oc\u00e8ne", "type": "4", "couleur": "#1E88E5"}}, {"type": "Feature", "geometry": {"type": "Point", "coordinates": [-16.65417, 14.43611]}, "properties": {"nom": "Tattaguine Bambara", "nappe": "Pal\u00e9oc\u00e8ne", "type": "4", "couleur": "#1E88E5"}}, {"type": "Feature", "geometry": {"type": "Point", "coordinates": [-16.64722, 14.44583]}, "properties": {"nom": "Tattaguine Serere", "nappe": "Pal\u00e9oc\u00e8ne", "type": "4", "couleur": "#1E88E5"}}, {"type": "Feature", "geometry": {"type": "Point", "coordinates": [-16.57361, 14.52333]}, "properties": {"nom": "Langhomack", "nappe": "Pal\u00e9oc\u00e8ne", "type": "4", "couleur": "#1E88E5"}}, {"type": "Feature", "geometry": {"type": "Point", "coordinates": [-16.56444, 14.40972]}, "properties": {"nom": "Keur Martin", "nappe": "Pal\u00e9oc\u00e8ne", "type": "4", "couleur": "#1E88E5"}}, {"type": "Feature", "geometry": {"type": "Point", "coordinates": [-16.66389, 14.48722]}, "properties": {"nom": "Sao", "nappe": "Pal\u00e9oc\u00e8ne", "type": "4", "couleur": "#1E88E5"}}, {"type": "Feature", "geometry": {"type": "Point", "coordinates": [-16.65833, 14.58194]}, "properties": {"nom": "Medine", "nappe": "Pal\u00e9oc\u00e8ne", "type": "4", "couleur": "#1E88E5"}}, {"type": "Feature", "geometry": {"type": "Point", "coordinates": [-16.64167, 14.56944]}, "properties": {"nom": "Bak", "nappe": "Pal\u00e9oc\u00e8ne", "type": "4", "couleur": "#1E88E5"}}, {"type": "Feature", "geometry": {"type": "Point", "coordinates": [-16.62083, 14.56667]}, "properties": {"nom": "Mboufoudji", "nappe": "Pal\u00e9oc\u00e8ne", "type": "4", "couleur": "#1E88E5"}}, {"type": "Feature", "geometry": {"type": "Point", "coordinates": [-16.64444, 14.60278]}, "properties": {"nom": "Ndiassane", "nappe": "Pal\u00e9oc\u00e8ne", "type": "4", "couleur": "#1E88E5"}}, {"type": "Feature", "geometry": {"type": "Point", "coordinates": [-16.625, 14.46111]}, "properties": {"nom": "Ndieffer", "nappe": "Pal\u00e9oc\u00e8ne", "type": "4", "couleur": "#1E88E5"}}, {"type": "Feature", "geometry": {"type": "Point", "coordinates": [-16.65417, 14.46806]}, "properties": {"nom": "Ndiadiane", "nappe": "Pal\u00e9oc\u00e8ne", "type": "4", "couleur": "#1E88E5"}}, {"type": "Feature", "geometry": {"type": "Point", "coordinates": [-16.64305, 14.47083]}, "properties": {"nom": "Kheme", "nappe": "Pal\u00e9oc\u00e8ne", "type": "4", "couleur": "#1E88E5"}}, {"type": "Feature", "geometry": {"type": "Point", "coordinates": [-16.60556, 14.50694]}, "properties": {"nom": "Ndoffane", "nappe": "Pal\u00e9oc\u00e8ne", "type": "4", "couleur": "#1E88E5"}}, {"type": "Feature", "geometry": {"type": "Point", "coordinates": [-16.60139, 14.55278]}, "properties": {"nom": "Cissis", "nappe": "Pal\u00e9oc\u00e8ne", "type": "4", "couleur": "#1E88E5"}}, {"type": "Feature", "geometry": {"type": "Point", "coordinates": [-16.56389, 14.58472]}, "properties": {"nom": "Khaoul Godaguene", "nappe": "Pal\u00e9oc\u00e8ne", "type": "4", "couleur": "#1E88E5"}}, {"type": "Feature", "geometry": {"type": "Point", "coordinates": [-16.56667, 14.58472]}, "properties": {"nom": "Khaoul Godaguene", "nappe": "Pal\u00e9oc\u00e8ne", "type": "4", "couleur": "#1E88E5"}}, {"type": "Feature", "geometry": {"type": "Point", "coordinates": [-16.53056, 14.54111]}, "properties": {"nom": "Gadiack I Et Ii (Mem", "nappe": "Pal\u00e9oc\u00e8ne", "type": "4", "couleur": "#1E88E5"}}, {"type": "Feature", "geometry": {"type": "Point", "coordinates": [-16.60695, 14.575]}, "properties": {"nom": "Sop", "nappe": "Pal\u00e9oc\u00e8ne", "type": "4", "couleur": "#1E88E5"}}, {"type": "Feature", "geometry": {"type": "Point", "coordinates": [-16.46667, 14.59722]}, "properties": {"nom": "Mboukhodane", "nappe": "Pal\u00e9oc\u00e8ne", "type": "4", "couleur": "#1E88E5"}}, {"type": "Feature", "geometry": {"type": "Point", "coordinates": [-16.65778, 14.41056]}, "properties": {"nom": "Ndiosmone", "nappe": "Pal\u00e9oc\u00e8ne", "type": "4", "couleur": "#1E88E5"}}, {"type": "Feature", "geometry": {"type": "Point", "coordinates": [-16.63472, 14.34306]}, "properties": {"nom": "Ngohe Pofine", "nappe": "Pal\u00e9oc\u00e8ne", "type": "4", "couleur": "#1E88E5"}}, {"type": "Feature", "geometry": {"type": "Point", "coordinates": [-16.59028, 14.64833]}, "properties": {"nom": "Ndondol Sessene", "nappe": "Pal\u00e9oc\u00e8ne", "type": "4", "couleur": "#1E88E5"}}, {"type": "Feature", "geometry": {"type": "Point", "coordinates": [-16.59028, 14.64833]}, "properties": {"nom": "Ndondol Sessene", "nappe": "Pal\u00e9oc\u00e8ne", "type": "4", "couleur": "#1E88E5"}}, {"type": "Feature", "geometry": {"type": "Point", "coordinates": [-16.40833, 14.48389]}, "properties": {"nom": "Niakhar", "nappe": "Pal\u00e9oc\u00e8ne", "type": "4", "couleur": "#1E88E5"}}, {"type": "Feature", "geometry": {"type": "Point", "coordinates": [-16.62222, 14.66972]}, "properties": {"nom": "Ngueme Issa", "nappe": "Pal\u00e9oc\u00e8ne", "type": "4", "couleur": "#1E88E5"}}, {"type": "Feature", "geometry": {"type": "Point", "coordinates": [-16.62222, 14.66972]}, "properties": {"nom": "Ngueme Issa", "nappe": "Pal\u00e9oc\u00e8ne", "type": "4", "couleur": "#1E88E5"}}, {"type": "Feature", "geometry": {"type": "Point", "coordinates": [-16.60833, 14.64167]}, "properties": {"nom": "Ngouye Ngoye", "nappe": "Pal\u00e9oc\u00e8ne", "type": "4", "couleur": "#1E88E5"}}, {"type": "Feature", "geometry": {"type": "Point", "coordinates": [-16.59778, 14.635]}, "properties": {"nom": "Ndiedieng I", "nappe": "Pal\u00e9oc\u00e8ne", "type": "4", "couleur": "#1E88E5"}}, {"type": "Feature", "geometry": {"type": "Point", "coordinates": [-16.58472, 14.61667]}, "properties": {"nom": "Mbelkhaoul Ii", "nappe": "Pal\u00e9oc\u00e8ne", "type": "4", "couleur": "#1E88E5"}}, {"type": "Feature", "geometry": {"type": "Point", "coordinates": [-16.60306, 14.41944]}, "properties": {"nom": "Tattaguine Bambara", "nappe": "Pal\u00e9oc\u00e8ne", "type": "4", "couleur": "#1E88E5"}}, {"type": "Feature", "geometry": {"type": "Point", "coordinates": [-16.60306, 14.41944]}, "properties": {"nom": "Tattaguine Bambara", "nappe": "Pal\u00e9oc\u00e8ne", "type": "4", "couleur": "#1E88E5"}}, {"type": "Feature", "geometry": {"type": "Point", "coordinates": [-16.58111, 14.57583]}, "properties": {"nom": "Mbafaye", "nappe": "Pal\u00e9oc\u00e8ne", "type": "4", "couleur": "#1E88E5"}}, {"type": "Feature", "geometry": {"type": "Point", "coordinates": [-16.64833, 14.3475]}, "properties": {"nom": "Ngohe Ndofongor", "nappe": "Pal\u00e9oc\u00e8ne", "type": "4", "couleur": "#1E88E5"}}, {"type": "Feature", "geometry": {"type": "Point", "coordinates": [-16.23333, 14.65]}, "properties": {"nom": "Diourbel", "nappe": "Pal\u00e9oc\u00e8ne", "type": "4", "couleur": "#1E88E5"}}, {"type": "Feature", "geometry": {"type": "Point", "coordinates": [-16.23889, 14.64278]}, "properties": {"nom": "Diourbel", "nappe": "Pal\u00e9oc\u00e8ne", "type": "4", "couleur": "#1E88E5"}}, {"type": "Feature", "geometry": {"type": "Point", "coordinates": [-16.22917, 14.65]}, "properties": {"nom": "Diourbel", "nappe": "Pal\u00e9oc\u00e8ne", "type": "4", "couleur": "#1E88E5"}}, {"type": "Feature", "geometry": {"type": "Point", "coordinates": [-16.25417, 14.65556]}, "properties": {"nom": "Diourbel", "nappe": "Pal\u00e9oc\u00e8ne", "type": "4", "couleur": "#1E88E5"}}, {"type": "Feature", "geometry": {"type": "Point", "coordinates": [-16.87639, 14.29806]}, "properties": {"nom": "Roff", "nappe": "Pal\u00e9oc\u00e8ne", "type": "4", "couleur": "#1E88E5"}}, {"type": "Feature", "geometry": {"type": "Point", "coordinates": [-16.84694, 14.30972]}, "properties": {"nom": "Ndiamane", "nappe": "Pal\u00e9oc\u00e8ne", "type": "4", "couleur": "#1E88E5"}}, {"type": "Feature", "geometry": {"type": "Point", "coordinates": [-16.75, 14.28361]}, "properties": {"nom": "Ngueniene Ouolof", "nappe": "Pal\u00e9oc\u00e8ne", "type": "4", "couleur": "#1E88E5"}}, {"type": "Feature", "geometry": {"type": "Point", "coordinates": [-16.75222, 14.26778]}, "properties": {"nom": "Ngueniene Ouolof", "nappe": "Pal\u00e9oc\u00e8ne", "type": "4", "couleur": "#1E88E5"}}, {"type": "Feature", "geometry": {"type": "Point", "coordinates": [-16.66945, 14.29444]}, "properties": {"nom": "Boyar Tok", "nappe": "Pal\u00e9oc\u00e8ne", "type": "4", "couleur": "#1E88E5"}}, {"type": "Feature", "geometry": {"type": "Point", "coordinates": [-16.70028, 14.27722]}, "properties": {"nom": "Ndiol Mangane", "nappe": "Pal\u00e9oc\u00e8ne", "type": "4", "couleur": "#1E88E5"}}, {"type": "Feature", "geometry": {"type": "Point", "coordinates": [-16.70028, 14.27722]}, "properties": {"nom": "Ndiol Mangane", "nappe": "Pal\u00e9oc\u00e8ne", "type": "4", "couleur": "#1E88E5"}}, {"type": "Feature", "geometry": {"type": "Point", "coordinates": [-16.72778, 14.32361]}, "properties": {"nom": "Foua I", "nappe": "Pal\u00e9oc\u00e8ne", "type": "4", "couleur": "#1E88E5"}}, {"type": "Feature", "geometry": {"type": "Point", "coordinates": [-16.74167, 14.30278]}, "properties": {"nom": "Foua 2", "nappe": "Pal\u00e9oc\u00e8ne", "type": "4", "couleur": "#1E88E5"}}, {"type": "Feature", "geometry": {"type": "Point", "coordinates": [-16.78583, 14.24639]}, "properties": {"nom": "Ndofane", "nappe": "Pal\u00e9oc\u00e8ne", "type": "4", "couleur": "#1E88E5"}}, {"type": "Feature", "geometry": {"type": "Point", "coordinates": [-16.78583, 14.24639]}, "properties": {"nom": "Ndofane", "nappe": "Pal\u00e9oc\u00e8ne", "type": "4", "couleur": "#1E88E5"}}, {"type": "Feature", "geometry": {"type": "Point", "coordinates": [-16.82639, 14.155]}, "properties": {"nom": "Joal Fadiouth", "nappe": "Pal\u00e9oc\u00e8ne", "type": "4", "couleur": "#1E88E5"}}, {"type": "Feature", "geometry": {"type": "Point", "coordinates": [-16.83472, 14.15833]}, "properties": {"nom": "Joal Fadiouth", "nappe": "Pal\u00e9oc\u00e8ne", "type": "4", "couleur": "#1E88E5"}}, {"type": "Feature", "geometry": {"type": "Point", "coordinates": [-16.76333, 14.16333]}, "properties": {"nom": "Fadial Serere", "nappe": "Pal\u00e9oc\u00e8ne", "type": "4", "couleur": "#1E88E5"}}, {"type": "Feature", "geometry": {"type": "Point", "coordinates": [-16.75556, 14.1875]}, "properties": {"nom": "Bagana Serere", "nappe": "Pal\u00e9oc\u00e8ne", "type": "4", "couleur": "#1E88E5"}}, {"type": "Feature", "geometry": {"type": "Point", "coordinates": [-16.72889, 14.13556]}, "properties": {"nom": "Samba Dia", "nappe": "Pal\u00e9oc\u00e8ne", "type": "4", "couleur": "#1E88E5"}}, {"type": "Feature", "geometry": {"type": "Point", "coordinates": [-15.72389, 14.22222]}, "properties": {"nom": "Soudiane Thieleme", "nappe": "Pal\u00e9oc\u00e8ne", "type": "4", "couleur": "#1E88E5"}}, {"type": "Feature", "geometry": {"type": "Point", "coordinates": [-15.72389, 14.22222]}, "properties": {"nom": "Soudiane Thieleme", "nappe": "Pal\u00e9oc\u00e8ne", "type": "4", "couleur": "#1E88E5"}}, {"type": "Feature", "geometry": {"type": "Point", "coordinates": [-16.7125, 14.21833]}, "properties": {"nom": "Soudiane Bala", "nappe": "Pal\u00e9oc\u00e8ne", "type": "4", "couleur": "#1E88E5"}}, {"type": "Feature", "geometry": {"type": "Point", "coordinates": [-16.7275, 14.15833]}, "properties": {"nom": "Kobongoye 1", "nappe": "Pal\u00e9oc\u00e8ne", "type": "4", "couleur": "#1E88E5"}}, {"type": "Feature", "geometry": {"type": "Point", "coordinates": [-16.68694, 14.04028]}, "properties": {"nom": "Mar Soulou", "nappe": "Pal\u00e9oc\u00e8ne", "type": "4", "couleur": "#1E88E5"}}, {"type": "Feature", "geometry": {"type": "Point", "coordinates": [-16.73167, 14.13306]}, "properties": {"nom": "Samba Dia 2", "nappe": "Pal\u00e9oc\u00e8ne", "type": "4", "couleur": "#1E88E5"}}, {"type": "Feature", "geometry": {"type": "Point", "coordinates": [-16.75694, 14.2625]}, "properties": {"nom": "Ngueniene Serere", "nappe": "Pal\u00e9oc\u00e8ne", "type": "4", "couleur": "#1E88E5"}}, {"type": "Feature", "geometry": {"type": "Point", "coordinates": [-16.68444, 14.26778]}, "properties": {"nom": "Ndiol Khokhane", "nappe": "Pal\u00e9oc\u00e8ne", "type": "4", "couleur": "#1E88E5"}}, {"type": "Feature", "geometry": {"type": "Point", "coordinates": [-16.86028, 14.20028]}, "properties": {"nom": "Ngazobil", "nappe": "Pal\u00e9oc\u00e8ne", "type": "4", "couleur": "#1E88E5"}}, {"type": "Feature", "geometry": {"type": "Point", "coordinates": [-16.86528, 14.19972]}, "properties": {"nom": "Ngazobil", "nappe": "Pal\u00e9oc\u00e8ne", "type": "4", "couleur": "#1E88E5"}}, {"type": "Feature", "geometry": {"type": "Point", "coordinates": [-16.86528, 14.19972]}, "properties": {"nom": "Ngazobil", "nappe": "Pal\u00e9oc\u00e8ne", "type": "4", "couleur": "#1E88E5"}}, {"type": "Feature", "geometry": {"type": "Point", "coordinates": [-16.40833, 14.32639]}, "properties": {"nom": "Fatick", "nappe": "Pal\u00e9oc\u00e8ne", "type": "4", "couleur": "#1E88E5"}}, {"type": "Feature", "geometry": {"type": "Point", "coordinates": [-16.4875, 14.28917]}, "properties": {"nom": "Fayil", "nappe": "Pal\u00e9oc\u00e8ne", "type": "4", "couleur": "#1E88E5"}}, {"type": "Feature", "geometry": {"type": "Point", "coordinates": [-16.4875, 14.28917]}, "properties": {"nom": "Fayil", "nappe": "Pal\u00e9oc\u00e8ne", "type": "4", "couleur": "#1E88E5"}}, {"type": "Feature", "geometry": {"type": "Point", "coordinates": [-16.66111, 14.1975]}, "properties": {"nom": "Diofior", "nappe": "Pal\u00e9oc\u00e8ne", "type": "4", "couleur": "#1E88E5"}}, {"type": "Feature", "geometry": {"type": "Point", "coordinates": [-16.65278, 14.315]}, "properties": {"nom": "Ndiagamba", "nappe": "Pal\u00e9oc\u00e8ne", "type": "4", "couleur": "#1E88E5"}}, {"type": "Feature", "geometry": {"type": "Point", "coordinates": [-16.65278, 14.315]}, "properties": {"nom": "Ndiagamba", "nappe": "Pal\u00e9oc\u00e8ne", "type": "4", "couleur": "#1E88E5"}}, {"type": "Feature", "geometry": {"type": "Point", "coordinates": [-16.63694, 14.24389]}, "properties": {"nom": "Djilass", "nappe": "Pal\u00e9oc\u00e8ne", "type": "4", "couleur": "#1E88E5"}}, {"type": "Feature", "geometry": {"type": "Point", "coordinates": [-16.38611, 14.04444]}, "properties": {"nom": "Sadioga", "nappe": "Pal\u00e9oc\u00e8ne", "type": "4", "couleur": "#1E88E5"}}, {"type": "Feature", "geometry": {"type": "Point", "coordinates": [-16.66195, 14.04528]}, "properties": {"nom": "Mar Fafaco", "nappe": "Pal\u00e9oc\u00e8ne", "type": "4", "couleur": "#1E88E5"}}, {"type": "Feature", "geometry": {"type": "Point", "coordinates": [-16.66195, 14.04528]}, "properties": {"nom": "Mar Soulou", "nappe": "Pal\u00e9oc\u00e8ne", "type": "4", "couleur": "#1E88E5"}}, {"type": "Feature", "geometry": {"type": "Point", "coordinates": [-15.94611, 14.89944]}, "properties": {"nom": "Missirah", "nappe": "Pal\u00e9oc\u00e8ne", "type": "4", "couleur": "#1E88E5"}}, {"type": "Feature", "geometry": {"type": "Point", "coordinates": [-15.94611, 14.89944]}, "properties": {"nom": "Missirah", "nappe": "Pal\u00e9oc\u00e8ne", "type": "4", "couleur": "#1E88E5"}}, {"type": "Feature", "geometry": {"type": "Point", "coordinates": [-15.87722, 14.89944]}, "properties": {"nom": "Tindody", "nappe": "Pal\u00e9oc\u00e8ne", "type": "4", "couleur": "#1E88E5"}}, {"type": "Feature", "geometry": {"type": "Point", "coordinates": [-15.87583, 14.86528]}, "properties": {"nom": "Touba Ainou Rahmadi", "nappe": "Pal\u00e9oc\u00e8ne", "type": "4", "couleur": "#1E88E5"}}, {"type": "Feature", "geometry": {"type": "Point", "coordinates": [-15.91111, 14.79861]}, "properties": {"nom": "Mbacke", "nappe": "Pal\u00e9oc\u00e8ne", "type": "4", "couleur": "#1E88E5"}}, {"type": "Feature", "geometry": {"type": "Point", "coordinates": [-15.96667, 14.93333]}, "properties": {"nom": "Missirah", "nappe": "Pal\u00e9oc\u00e8ne", "type": "4", "couleur": "#1E88E5"}}, {"type": "Feature", "geometry": {"type": "Point", "coordinates": [-15.9075, 14.80139]}, "properties": {"nom": "Mbacke", "nappe": "Pal\u00e9oc\u00e8ne", "type": "4", "couleur": "#1E88E5"}}, {"type": "Feature", "geometry": {"type": "Point", "coordinates": [-15.9075, 14.80139]}, "properties": {"nom": "Mbacke", "nappe": "Pal\u00e9oc\u00e8ne", "type": "4", "couleur": "#1E88E5"}}, {"type": "Feature", "geometry": {"type": "Point", "coordinates": [-15.91444, 14.8]}, "properties": {"nom": "Mbacke", "nappe": "Pal\u00e9oc\u00e8ne", "type": "4", "couleur": "#1E88E5"}}, {"type": "Feature", "geometry": {"type": "Point", "coordinates": [-15.92389, 14.43556]}, "properties": {"nom": "Ngadada", "nappe": "Pal\u00e9oc\u00e8ne", "type": "4", "couleur": "#1E88E5"}}, {"type": "Feature", "geometry": {"type": "Point", "coordinates": [-15.65278, 14.575]}, "properties": {"nom": "Darou Ndiaye", "nappe": "Pal\u00e9oc\u00e8ne", "type": "4", "couleur": "#1E88E5"}}, {"type": "Feature", "geometry": {"type": "Point", "coordinates": [-14.93333, 14.58889]}, "properties": {"nom": "Darou Khadim", "nappe": "Pal\u00e9oc\u00e8ne", "type": "4", "couleur": "#1E88E5"}}, {"type": "Feature", "geometry": {"type": "Point", "coordinates": [-12.71306, 14.18694]}, "properties": {"nom": "Goudiri", "nappe": "Pal\u00e9oc\u00e8ne", "type": "4", "couleur": "#1E88E5"}}, {"type": "Feature", "geometry": {"type": "Point", "coordinates": [-15.91944, 13.9625]}, "properties": {"nom": "Selick", "nappe": "Pal\u00e9oc\u00e8ne", "type": "4", "couleur": "#1E88E5"}}, {"type": "Feature", "geometry": {"type": "Point", "coordinates": [-15.88056, 13.87222]}, "properties": {"nom": "Gapakh", "nappe": "Pal\u00e9oc\u00e8ne", "type": "4", "couleur": "#1E88E5"}}, {"type": "Feature", "geometry": {"type": "Point", "coordinates": [-15.61417, 13.80417]}, "properties": {"nom": "Darou Salam 2", "nappe": "Pal\u00e9oc\u00e8ne", "type": "4", "couleur": "#1E88E5"}}, {"type": "Feature", "geometry": {"type": "Point", "coordinates": [-14.80417, 13.80556]}, "properties": {"nom": "Kaba", "nappe": "Pal\u00e9oc\u00e8ne", "type": "4", "couleur": "#1E88E5"}}, {"type": "Feature", "geometry": {"type": "Point", "coordinates": [-13.45417, 13.88889]}, "properties": {"nom": "Kothiary", "nappe": "Pal\u00e9oc\u00e8ne", "type": "4", "couleur": "#1E88E5"}}, {"type": "Feature", "geometry": {"type": "Point", "coordinates": [-13.27, 13.32667]}, "properties": {"nom": "Dialacoto", "nappe": "Pal\u00e9oc\u00e8ne", "type": "4", "couleur": "#1E88E5"}}, {"type": "Feature", "geometry": {"type": "Point", "coordinates": [-16.03333, 15.75]}, "properties": {"nom": "Nguer Malal 2", "nappe": "Pal\u00e9oc\u00e8ne", "type": "4", "couleur": "#1E88E5"}}, {"type": "Feature", "geometry": {"type": "Point", "coordinates": [-16.65833, 15.03333]}, "properties": {"nom": "Diack Sao", "nappe": "Pal\u00e9oc\u00e8ne", "type": "4", "couleur": "#1E88E5"}}, {"type": "Feature", "geometry": {"type": "Point", "coordinates": [-15.93694, 15.7975]}, "properties": {"nom": "Boudy Sakho", "nappe": "Pal\u00e9oc\u00e8ne", "type": "4", "couleur": "#1E88E5"}}, {"type": "Feature", "geometry": {"type": "Point", "coordinates": [-15.93694, 15.7975]}, "properties": {"nom": "Boudy Sakho", "nappe": "Pal\u00e9oc\u00e8ne", "type": "4", "couleur": "#1E88E5"}}, {"type": "Feature", "geometry": {"type": "Point", "coordinates": [-15.19278, 15.46917]}, "properties": {"nom": "Doundji Parba", "nappe": "Pal\u00e9oc\u00e8ne", "type": "4", "couleur": "#1E88E5"}}, {"type": "Feature", "geometry": {"type": "Point", "coordinates": [-16.80889, 14.41028]}, "properties": {"nom": "Ndioukh Medoune", "nappe": "Pal\u00e9oc\u00e8ne", "type": "4", "couleur": "#1E88E5"}}, {"type": "Feature", "geometry": {"type": "Point", "coordinates": [-16.80611, 14.40444]}, "properties": {"nom": "Ndollor", "nappe": "Pal\u00e9oc\u00e8ne", "type": "4", "couleur": "#1E88E5"}}, {"type": "Feature", "geometry": {"type": "Point", "coordinates": [-16.79445, 14.40278]}, "properties": {"nom": "Ndioukh Fissel", "nappe": "Pal\u00e9oc\u00e8ne", "type": "4", "couleur": "#1E88E5"}}, {"type": "Feature", "geometry": {"type": "Point", "coordinates": [-16.76611, 14.41361]}, "properties": {"nom": "Diokhar", "nappe": "Pal\u00e9oc\u00e8ne", "type": "4", "couleur": "#1E88E5"}}, {"type": "Feature", "geometry": {"type": "Point", "coordinates": [-16.82167, 14.40444]}, "properties": {"nom": "Soussane", "nappe": "Pal\u00e9oc\u00e8ne", "type": "4", "couleur": "#1E88E5"}}, {"type": "Feature", "geometry": {"type": "Point", "coordinates": [-16.68056, 14.36667]}, "properties": {"nom": "Mbassis", "nappe": "Pal\u00e9oc\u00e8ne", "type": "4", "couleur": "#1E88E5"}}, {"type": "Feature", "geometry": {"type": "Point", "coordinates": [-16.69444, 14.35556]}, "properties": {"nom": "Bacobof", "nappe": "Pal\u00e9oc\u00e8ne", "type": "4", "couleur": "#1E88E5"}}, {"type": "Feature", "geometry": {"type": "Point", "coordinates": [-16.67917, 14.64444]}, "properties": {"nom": "Mboulouctene Koulouc", "nappe": "Pal\u00e9oc\u00e8ne", "type": "4", "couleur": "#1E88E5"}}, {"type": "Feature", "geometry": {"type": "Point", "coordinates": [-16.71445, 14.54639]}, "properties": {"nom": "Both Escale", "nappe": "Pal\u00e9oc\u00e8ne", "type": "4", "couleur": "#1E88E5"}}, {"type": "Feature", "geometry": {"type": "Point", "coordinates": [-16.62306, 14.34167]}, "properties": {"nom": "Ngohe Pofine", "nappe": "Pal\u00e9oc\u00e8ne", "type": "4", "couleur": "#1E88E5"}}, {"type": "Feature", "geometry": {"type": "Point", "coordinates": [-16.62306, 14.34167]}, "properties": {"nom": "Ngohe Pofine", "nappe": "Pal\u00e9oc\u00e8ne", "type": "4", "couleur": "#1E88E5"}}, {"type": "Feature", "geometry": {"type": "Point", "coordinates": [-15.85, 16.45]}, "properties": {"nom": "Colonnat Dit Balki", "nappe": "Pal\u00e9oc\u00e8ne", "type": "4", "couleur": "#1E88E5"}}, {"type": "Feature", "geometry": {"type": "Point", "coordinates": [-16.975, 15.05278]}, "properties": {"nom": "Thisse 3    P6", "nappe": "Pal\u00e9oc\u00e8ne", "type": "4", "couleur": "#1E88E5"}}, {"type": "Feature", "geometry": {"type": "Point", "coordinates": [-16.7325, 15.02472]}, "properties": {"nom": "Pire Goureye", "nappe": "Pal\u00e9oc\u00e8ne", "type": "4", "couleur": "#1E88E5"}}, {"type": "Feature", "geometry": {"type": "Point", "coordinates": [-17.01361, 14.76944]}, "properties": {"nom": "Pout Se 133", "nappe": "Pal\u00e9oc\u00e8ne", "type": "4", "couleur": "#1E88E5"}}, {"type": "Feature", "geometry": {"type": "Point", "coordinates": [-17.02167, 14.75972]}, "properties": {"nom": "Pout Se 124", "nappe": "Pal\u00e9oc\u00e8ne", "type": "4", "couleur": "#1E88E5"}}, {"type": "Feature", "geometry": {"type": "Point", "coordinates": [-17.03611, 14.76194]}, "properties": {"nom": "Pout Se 78", "nappe": "Pal\u00e9oc\u00e8ne", "type": "4", "couleur": "#1E88E5"}}, {"type": "Feature", "geometry": {"type": "Point", "coordinates": [-17.00694, 14.71944]}, "properties": {"nom": "Pout Se 112", "nappe": "Pal\u00e9oc\u00e8ne", "type": "4", "couleur": "#1E88E5"}}, {"type": "Feature", "geometry": {"type": "Point", "coordinates": [-16.99917, 14.67556]}, "properties": {"nom": "Somone", "nappe": "Pal\u00e9oc\u00e8ne", "type": "4", "couleur": "#1E88E5"}}, {"type": "Feature", "geometry": {"type": "Point", "coordinates": [-16.99917, 14.67556]}, "properties": {"nom": "Somone", "nappe": "Pal\u00e9oc\u00e8ne", "type": "4", "couleur": "#1E88E5"}}, {"type": "Feature", "geometry": {"type": "Point", "coordinates": [-17.02167, 14.75417]}, "properties": {"nom": "Pout S1 Pr\u00e8s F1", "nappe": "Pal\u00e9oc\u00e8ne", "type": "4", "couleur": "#1E88E5"}}, {"type": "Feature", "geometry": {"type": "Point", "coordinates": [-17.02806, 14.76222]}, "properties": {"nom": "Pout Sud S 2", "nappe": "Pal\u00e9oc\u00e8ne", "type": "4", "couleur": "#1E88E5"}}, {"type": "Feature", "geometry": {"type": "Point", "coordinates": [-17.02972, 14.75861]}, "properties": {"nom": "Pout Se 126", "nappe": "Pal\u00e9oc\u00e8ne", "type": "4", "couleur": "#1E88E5"}}, {"type": "Feature", "geometry": {"type": "Point", "coordinates": [-17.02306, 14.79528]}, "properties": {"nom": "Pout Noto S 7821", "nappe": "Pal\u00e9oc\u00e8ne", "type": "4", "couleur": "#1E88E5"}}, {"type": "Feature", "geometry": {"type": "Point", "coordinates": [-17.02333, 14.79306]}, "properties": {"nom": "Pout Noto S 7822", "nappe": "Pal\u00e9oc\u00e8ne", "type": "4", "couleur": "#1E88E5"}}, {"type": "Feature", "geometry": {"type": "Point", "coordinates": [-17.01611, 14.81]}, "properties": {"nom": "Pout Pmp4", "nappe": "Pal\u00e9oc\u00e8ne", "type": "4", "couleur": "#1E88E5"}}, {"type": "Feature", "geometry": {"type": "Point", "coordinates": [-17.01333, 14.82778]}, "properties": {"nom": "Pout Noto S 7831", "nappe": "Pal\u00e9oc\u00e8ne", "type": "4", "couleur": "#1E88E5"}}, {"type": "Feature", "geometry": {"type": "Point", "coordinates": [-17.11861, 14.80389]}, "properties": {"nom": "Keur Sega", "nappe": "Pal\u00e9oc\u00e8ne", "type": "4", "couleur": "#1E88E5"}}, {"type": "Feature", "geometry": {"type": "Point", "coordinates": [-17.05194, 14.89528]}, "properties": {"nom": "Tamna S 7838", "nappe": "Pal\u00e9oc\u00e8ne", "type": "4", "couleur": "#1E88E5"}}, {"type": "Feature", "geometry": {"type": "Point", "coordinates": [-17.06667, 14.90194]}, "properties": {"nom": "Tamna S 7839", "nappe": "Pal\u00e9oc\u00e8ne", "type": "4", "couleur": "#1E88E5"}}, {"type": "Feature", "geometry": {"type": "Point", "coordinates": [-17.07083, 14.925]}, "properties": {"nom": "Tamna P4", "nappe": "Pal\u00e9oc\u00e8ne", "type": "4", "couleur": "#1E88E5"}}, {"type": "Feature", "geometry": {"type": "Point", "coordinates": [-17.09167, 14.89583]}, "properties": {"nom": "Mbidieum P3", "nappe": "Pal\u00e9oc\u00e8ne", "type": "4", "couleur": "#1E88E5"}}, {"type": "Feature", "geometry": {"type": "Point", "coordinates": [-17.0375, 14.97639]}, "properties": {"nom": "Ouest Noto P8 Bis", "nappe": "Pal\u00e9oc\u00e8ne", "type": "4", "couleur": "#1E88E5"}}, {"type": "Feature", "geometry": {"type": "Point", "coordinates": [-17.01639, 14.9975]}, "properties": {"nom": "Noto S4", "nappe": "Pal\u00e9oc\u00e8ne", "type": "4", "couleur": "#1E88E5"}}, {"type": "Feature", "geometry": {"type": "Point", "coordinates": [-17.0125, 14.99722]}, "properties": {"nom": "Noto", "nappe": "Pal\u00e9oc\u00e8ne", "type": "4", "couleur": "#1E88E5"}}, {"type": "Feature", "geometry": {"type": "Point", "coordinates": [-17.03056, 14.89]}, "properties": {"nom": "Tamna Se 28 M", "nappe": "Pal\u00e9oc\u00e8ne", "type": "4", "couleur": "#1E88E5"}}, {"type": "Feature", "geometry": {"type": "Point", "coordinates": [-17.04833, 14.83833]}, "properties": {"nom": "Se 130", "nappe": "Pal\u00e9oc\u00e8ne", "type": "4", "couleur": "#1E88E5"}}, {"type": "Feature", "geometry": {"type": "Point", "coordinates": [-16.99139, 14.92222]}, "properties": {"nom": "Se.36.Fo", "nappe": "Pal\u00e9oc\u00e8ne", "type": "4", "couleur": "#1E88E5"}}, {"type": "Feature", "geometry": {"type": "Point", "coordinates": [-17.01389, 14.8375]}, "properties": {"nom": "T.8", "nappe": "Pal\u00e9oc\u00e8ne", "type": "4", "couleur": "#1E88E5"}}, {"type": "Feature", "geometry": {"type": "Point", "coordinates": [-17.15, 14.75]}, "properties": {"nom": "Briquetterie", "nappe": "Pal\u00e9oc\u00e8ne", "type": "4", "couleur": "#1E88E5"}}, {"type": "Feature", "geometry": {"type": "Point", "coordinates": [-17.12778, 14.81944]}, "properties": {"nom": "Maligor", "nappe": "Pal\u00e9oc\u00e8ne", "type": "4", "couleur": "#1E88E5"}}, {"type": "Feature", "geometry": {"type": "Point", "coordinates": [-17.11667, 14.7675]}, "properties": {"nom": "Mbirdiam", "nappe": "Pal\u00e9oc\u00e8ne", "type": "4", "couleur": "#1E88E5"}}, {"type": "Feature", "geometry": {"type": "Point", "coordinates": [-17.12222, 14.75833]}, "properties": {"nom": "Mbirdiam", "nappe": "Pal\u00e9oc\u00e8ne", "type": "4", "couleur": "#1E88E5"}}, {"type": "Feature", "geometry": {"type": "Point", "coordinates": [-17.00528, 14.87444]}, "properties": {"nom": "Se.36.P2", "nappe": "Pal\u00e9oc\u00e8ne", "type": "4", "couleur": "#1E88E5"}}, {"type": "Feature", "geometry": {"type": "Point", "coordinates": [-17.14694, 14.75417]}, "properties": {"nom": "Samban", "nappe": "Pal\u00e9oc\u00e8ne", "type": "4", "couleur": "#1E88E5"}}, {"type": "Feature", "geometry": {"type": "Point", "coordinates": [-17.16111, 14.70556]}, "properties": {"nom": "Santhia", "nappe": "Pal\u00e9oc\u00e8ne", "type": "4", "couleur": "#1E88E5"}}, {"type": "Feature", "geometry": {"type": "Point", "coordinates": [-17.16528, 14.6925]}, "properties": {"nom": "Mbounkna Bambara H", "nappe": "Pal\u00e9oc\u00e8ne", "type": "4", "couleur": "#1E88E5"}}, {"type": "Feature", "geometry": {"type": "Point", "coordinates": [-16.99139, 14.92222]}, "properties": {"nom": "Se.36.P4", "nappe": "Pal\u00e9oc\u00e8ne", "type": "4", "couleur": "#1E88E5"}}, {"type": "Feature", "geometry": {"type": "Point", "coordinates": [-17.17361, 14.66694]}, "properties": {"nom": "Mbounkna Bambara B", "nappe": "Pal\u00e9oc\u00e8ne", "type": "4", "couleur": "#1E88E5"}}, {"type": "Feature", "geometry": {"type": "Point", "coordinates": [-17.17917, 14.68194]}, "properties": {"nom": "Ndoukhoura Peulh", "nappe": "Pal\u00e9oc\u00e8ne", "type": "4", "couleur": "#1E88E5"}}, {"type": "Feature", "geometry": {"type": "Point", "coordinates": [-17.17222, 14.68694]}, "properties": {"nom": "Se.11 .Ii", "nappe": "Pal\u00e9oc\u00e8ne", "type": "4", "couleur": "#1E88E5"}}, {"type": "Feature", "geometry": {"type": "Point", "coordinates": [-17.18278, 14.69556]}, "properties": {"nom": "Damboussane West", "nappe": "Pal\u00e9oc\u00e8ne", "type": "4", "couleur": "#1E88E5"}}, {"type": "Feature", "geometry": {"type": "Point", "coordinates": [-17.16861, 14.7]}, "properties": {"nom": "Damboussane Est", "nappe": "Pal\u00e9oc\u00e8ne", "type": "4", "couleur": "#1E88E5"}}, {"type": "Feature", "geometry": {"type": "Point", "coordinates": [-17.12083, 14.805]}, "properties": {"nom": "K.Sega 2", "nappe": "Pal\u00e9oc\u00e8ne", "type": "4", "couleur": "#1E88E5"}}, {"type": "Feature", "geometry": {"type": "Point", "coordinates": [-17.01639, 14.75639]}, "properties": {"nom": "P2.F1", "nappe": "Pal\u00e9oc\u00e8ne", "type": "4", "couleur": "#1E88E5"}}, {"type": "Feature", "geometry": {"type": "Point", "coordinates": [-17.17889, 14.68194]}, "properties": {"nom": "Panthior Ii", "nappe": "Pal\u00e9oc\u00e8ne", "type": "4", "couleur": "#1E88E5"}}, {"type": "Feature", "geometry": {"type": "Point", "coordinates": [-17.16917, 14.70694]}, "properties": {"nom": "Chirara", "nappe": "Pal\u00e9oc\u00e8ne", "type": "4", "couleur": "#1E88E5"}}, {"type": "Feature", "geometry": {"type": "Point", "coordinates": [-17.16861, 14.73889]}, "properties": {"nom": "W.Ponty", "nappe": "Pal\u00e9oc\u00e8ne", "type": "4", "couleur": "#1E88E5"}}, {"type": "Feature", "geometry": {"type": "Point", "coordinates": [-17.01917, 14.8]}, "properties": {"nom": "Car.Pout", "nappe": "Pal\u00e9oc\u00e8ne", "type": "4", "couleur": "#1E88E5"}}, {"type": "Feature", "geometry": {"type": "Point", "coordinates": [-17.15167, 14.73778]}, "properties": {"nom": "Sebik.N", "nappe": "Pal\u00e9oc\u00e8ne", "type": "4", "couleur": "#1E88E5"}}, {"type": "Feature", "geometry": {"type": "Point", "coordinates": [-17.15333, 14.73944]}, "properties": {"nom": "Sebik.H", "nappe": "Pal\u00e9oc\u00e8ne", "type": "4", "couleur": "#1E88E5"}}, {"type": "Feature", "geometry": {"type": "Point", "coordinates": [-17.15222, 14.74222]}, "properties": {"nom": "Sebik.L", "nappe": "Pal\u00e9oc\u00e8ne", "type": "4", "couleur": "#1E88E5"}}, {"type": "Feature", "geometry": {"type": "Point", "coordinates": [-17.15361, 14.74361]}, "properties": {"nom": "Sebik.J", "nappe": "Pal\u00e9oc\u00e8ne", "type": "4", "couleur": "#1E88E5"}}, {"type": "Feature", "geometry": {"type": "Point", "coordinates": [-17.15556, 14.74556]}, "properties": {"nom": "Sebik.P", "nappe": "Pal\u00e9oc\u00e8ne", "type": "4", "couleur": "#1E88E5"}}, {"type": "Feature", "geometry": {"type": "Point", "coordinates": [-17.14028, 14.75889]}, "properties": {"nom": "Filfil.3", "nappe": "Pal\u00e9oc\u00e8ne", "type": "4", "couleur": "#1E88E5"}}, {"type": "Feature", "geometry": {"type": "Point", "coordinates": [-17.17083, 14.69861]}, "properties": {"nom": "Diaye.Fo", "nappe": "Pal\u00e9oc\u00e8ne", "type": "4", "couleur": "#1E88E5"}}, {"type": "Feature", "geometry": {"type": "Point", "coordinates": [-17.12833, 14.80778]}, "properties": {"nom": "Massene", "nappe": "Pal\u00e9oc\u00e8ne", "type": "4", "couleur": "#1E88E5"}}, {"type": "Feature", "geometry": {"type": "Point", "coordinates": [-17.01333, 14.80083]}, "properties": {"nom": "Pcp2 (Zone De Pout)", "nappe": "Pal\u00e9oc\u00e8ne", "type": "4", "couleur": "#1E88E5"}}, {"type": "Feature", "geometry": {"type": "Point", "coordinates": [-17.00945, 14.84972]}, "properties": {"nom": "Pcp3 (Zone De Pout)", "nappe": "Pal\u00e9oc\u00e8ne", "type": "4", "couleur": "#1E88E5"}}, {"type": "Feature", "geometry": {"type": "Point", "coordinates": [-17.16472, 14.72444]}, "properties": {"nom": "Sebikotane Pcs1", "nappe": "Pal\u00e9oc\u00e8ne", "type": "4", "couleur": "#1E88E5"}}, {"type": "Feature", "geometry": {"type": "Point", "coordinates": [-17.00611, 14.925]}, "properties": {"nom": "Se 19 P", "nappe": "Pal\u00e9oc\u00e8ne", "type": "4", "couleur": "#1E88E5"}}, {"type": "Feature", "geometry": {"type": "Point", "coordinates": [-17.02278, 14.87361]}, "properties": {"nom": "Fouloum Se.34.P", "nappe": "Pal\u00e9oc\u00e8ne", "type": "4", "couleur": "#1E88E5"}}, {"type": "Feature", "geometry": {"type": "Point", "coordinates": [-17.00778, 14.62611]}, "properties": {"nom": "Fouloum Se.26 P", "nappe": "Pal\u00e9oc\u00e8ne", "type": "4", "couleur": "#1E88E5"}}, {"type": "Feature", "geometry": {"type": "Point", "coordinates": [-17.01111, 14.75278]}, "properties": {"nom": "Se.102.P", "nappe": "Pal\u00e9oc\u00e8ne", "type": "4", "couleur": "#1E88E5"}}, {"type": "Feature", "geometry": {"type": "Point", "coordinates": [-17.01528, 14.73944]}, "properties": {"nom": "Se.110.P", "nappe": "Pal\u00e9oc\u00e8ne", "type": "4", "couleur": "#1E88E5"}}, {"type": "Feature", "geometry": {"type": "Point", "coordinates": [-17.17222, 14.68694]}, "properties": {"nom": "Se.11.H", "nappe": "Pal\u00e9oc\u00e8ne", "type": "4", "couleur": "#1E88E5"}}, {"type": "Feature", "geometry": {"type": "Point", "coordinates": [-17.01389, 14.7375]}, "properties": {"nom": "Pout Se 118", "nappe": "Pal\u00e9oc\u00e8ne", "type": "4", "couleur": "#1E88E5"}}, {"type": "Feature", "geometry": {"type": "Point", "coordinates": [-17.03417, 14.87556]}, "properties": {"nom": "Ndeuye Se.141 P", "nappe": "Pal\u00e9oc\u00e8ne", "type": "4", "couleur": "#1E88E5"}}, {"type": "Feature", "geometry": {"type": "Point", "coordinates": [-17.01389, 14.74583]}, "properties": {"nom": "Pout  Pf2", "nappe": "Pal\u00e9oc\u00e8ne", "type": "4", "couleur": "#1E88E5"}}, {"type": "Feature", "geometry": {"type": "Point", "coordinates": [-17.20333, 14.70556]}, "properties": {"nom": "Dakar Bel-Air", "nappe": "Pal\u00e9oc\u00e8ne", "type": "4", "couleur": "#1E88E5"}}, {"type": "Feature", "geometry": {"type": "Point", "coordinates": [-17.01111, 14.62778]}, "properties": {"nom": "Bandia Bambara", "nappe": "Pal\u00e9oc\u00e8ne", "type": "4", "couleur": "#1E88E5"}}, {"type": "Feature", "geometry": {"type": "Point", "coordinates": [-17.17389, 14.65444]}, "properties": {"nom": "Yenne 8", "nappe": "Pal\u00e9oc\u00e8ne", "type": "4", "couleur": "#1E88E5"}}, {"type": "Feature", "geometry": {"type": "Point", "coordinates": [-17.17389, 14.66556]}, "properties": {"nom": "Yenne 9", "nappe": "Pal\u00e9oc\u00e8ne", "type": "4", "couleur": "#1E88E5"}}, {"type": "Feature", "geometry": {"type": "Point", "coordinates": [-17.16667, 14.63333]}, "properties": {"nom": "Yenne Guedji", "nappe": "Pal\u00e9oc\u00e8ne", "type": "4", "couleur": "#1E88E5"}}, {"type": "Feature", "geometry": {"type": "Point", "coordinates": [-17.01111, 14.62778]}, "properties": {"nom": "Bandia Bambara", "nappe": "Pal\u00e9oc\u00e8ne", "type": "4", "couleur": "#1E88E5"}}, {"type": "Feature", "geometry": {"type": "Point", "coordinates": [-17.00778, 14.62611]}, "properties": {"nom": "Se.31.P", "nappe": "Pal\u00e9oc\u00e8ne", "type": "4", "couleur": "#1E88E5"}}, {"type": "Feature", "geometry": {"type": "Point", "coordinates": [-17.075, 14.48333]}, "properties": {"nom": "Somone", "nappe": "Pal\u00e9oc\u00e8ne", "type": "4", "couleur": "#1E88E5"}}, {"type": "Feature", "geometry": {"type": "Point", "coordinates": [-17.00472, 14.9175]}, "properties": {"nom": "Se.38.P", "nappe": "Pal\u00e9oc\u00e8ne", "type": "4", "couleur": "#1E88E5"}}, {"type": "Feature", "geometry": {"type": "Point", "coordinates": [-16.93917, 14.61861]}, "properties": {"nom": "Sipane P9", "nappe": "Pal\u00e9oc\u00e8ne", "type": "4", "couleur": "#1E88E5"}}, {"type": "Feature", "geometry": {"type": "Point", "coordinates": [-16.87611, 14.45194]}, "properties": {"nom": "Louly Sindiane", "nappe": "Pal\u00e9oc\u00e8ne", "type": "4", "couleur": "#1E88E5"}}, {"type": "Feature", "geometry": {"type": "Point", "coordinates": [-16.77083, 14.35389]}, "properties": {"nom": "Agabiram", "nappe": "Pal\u00e9oc\u00e8ne", "type": "4", "couleur": "#1E88E5"}}, {"type": "Feature", "geometry": {"type": "Point", "coordinates": [-16.82444, 14.5125]}, "properties": {"nom": "Ndingler", "nappe": "Pal\u00e9oc\u00e8ne", "type": "4", "couleur": "#1E88E5"}}, {"type": "Feature", "geometry": {"type": "Point", "coordinates": [-16.975, 14.60278]}, "properties": {"nom": "Se 12", "nappe": "Pal\u00e9oc\u00e8ne", "type": "4", "couleur": "#1E88E5"}}, {"type": "Feature", "geometry": {"type": "Point", "coordinates": [-16.85833, 14.51972]}, "properties": {"nom": "P5.2 Keur Ndigue Faye (Djilak", "nappe": "Pal\u00e9oc\u00e8ne", "type": "4", "couleur": "#1E88E5"}}, {"type": "Feature", "geometry": {"type": "Point", "coordinates": [-16.83611, 14.44444]}, "properties": {"nom": "Louly Ndia S2", "nappe": "Pal\u00e9oc\u00e8ne", "type": "4", "couleur": "#1E88E5"}}, {"type": "Feature", "geometry": {"type": "Point", "coordinates": [-16.98333, 14.53056]}, "properties": {"nom": "Kopgoyane S2", "nappe": "Pal\u00e9oc\u00e8ne", "type": "4", "couleur": "#1E88E5"}}, {"type": "Feature", "geometry": {"type": "Point", "coordinates": [-16.70472, 14.43694]}, "properties": {"nom": "Thiadiaye Pz2", "nappe": "Pal\u00e9oc\u00e8ne", "type": "4", "couleur": "#1E88E5"}}, {"type": "Feature", "geometry": {"type": "Point", "coordinates": [-16.86583, 14.61833]}, "properties": {"nom": "Keur Bakari", "nappe": "Pal\u00e9oc\u00e8ne", "type": "4", "couleur": "#1E88E5"}}, {"type": "Feature", "geometry": {"type": "Point", "coordinates": [-16.84583, 14.39444]}, "properties": {"nom": "Tie.Diop", "nappe": "Pal\u00e9oc\u00e8ne", "type": "4", "couleur": "#1E88E5"}}, {"type": "Feature", "geometry": {"type": "Point", "coordinates": [-16.8625, 14.55667]}, "properties": {"nom": "K.Ndiaye", "nappe": "Pal\u00e9oc\u00e8ne", "type": "4", "couleur": "#1E88E5"}}, {"type": "Feature", "geometry": {"type": "Point", "coordinates": [-16.95, 14.48167]}, "properties": {"nom": "Takhoum Serere", "nappe": "Pal\u00e9oc\u00e8ne", "type": "4", "couleur": "#1E88E5"}}, {"type": "Feature", "geometry": {"type": "Point", "coordinates": [-16.9625, 14.5625]}, "properties": {"nom": "Kopgoyan", "nappe": "Pal\u00e9oc\u00e8ne", "type": "4", "couleur": "#1E88E5"}}, {"type": "Feature", "geometry": {"type": "Point", "coordinates": [-16.92222, 14.54583]}, "properties": {"nom": "K.Massou", "nappe": "Pal\u00e9oc\u00e8ne", "type": "4", "couleur": "#1E88E5"}}, {"type": "Feature", "geometry": {"type": "Point", "coordinates": [-16.93333, 14.425]}, "properties": {"nom": "Soliditi", "nappe": "Pal\u00e9oc\u00e8ne", "type": "4", "couleur": "#1E88E5"}}, {"type": "Feature", "geometry": {"type": "Point", "coordinates": [-16.9375, 14.52444]}, "properties": {"nom": "K.Moussa", "nappe": "Pal\u00e9oc\u00e8ne", "type": "4", "couleur": "#1E88E5"}}, {"type": "Feature", "geometry": {"type": "Point", "coordinates": [-16.78278, 14.31667]}, "properties": {"nom": "Aga Babou", "nappe": "Pal\u00e9oc\u00e8ne", "type": "4", "couleur": "#1E88E5"}}, {"type": "Feature", "geometry": {"type": "Point", "coordinates": [-15.65, 14.41667]}, "properties": {"nom": "Gniby", "nappe": "Pal\u00e9oc\u00e8ne", "type": "4", "couleur": "#1E88E5"}}, {"type": "Feature", "geometry": {"type": "Point", "coordinates": [-14.885, 14.09167]}, "properties": {"nom": "Ngouye Siwakh", "nappe": "Pal\u00e9oc\u00e8ne", "type": "4", "couleur": "#1E88E5"}}, {"type": "Feature", "geometry": {"type": "Point", "coordinates": [-17.11667, 14.8175]}, "properties": {"nom": "Keur Guilaye", "nappe": "Pal\u00e9oc\u00e8ne", "type": "4", "couleur": "#1E88E5"}}, {"type": "Feature", "geometry": {"type": "Point", "coordinates": [-16.10556, 14.91111]}, "properties": {"nom": "Daga", "nappe": "Pal\u00e9oc\u00e8ne", "type": "4", "couleur": "#1E88E5"}}, {"type": "Feature", "geometry": {"type": "Point", "coordinates": [-16.08333, 14.91111]}, "properties": {"nom": "Darou Rahim Ii", "nappe": "Pal\u00e9oc\u00e8ne", "type": "4", "couleur": "#1E88E5"}}, {"type": "Feature", "geometry": {"type": "Point", "coordinates": [-16.03194, 14.92778]}, "properties": {"nom": "Darou Rahmane Fall I", "nappe": "Pal\u00e9oc\u00e8ne", "type": "4", "couleur": "#1E88E5"}}, {"type": "Feature", "geometry": {"type": "Point", "coordinates": [-16.02083, 14.87083]}, "properties": {"nom": "Touba Fall I", "nappe": "Pal\u00e9oc\u00e8ne", "type": "4", "couleur": "#1E88E5"}}, {"type": "Feature", "geometry": {"type": "Point", "coordinates": [-16.15, 14.925]}, "properties": {"nom": "Tallakh", "nappe": "Pal\u00e9oc\u00e8ne", "type": "4", "couleur": "#1E88E5"}}, {"type": "Feature", "geometry": {"type": "Point", "coordinates": [-16.05694, 14.89722]}, "properties": {"nom": "Guebe I", "nappe": "Pal\u00e9oc\u00e8ne", "type": "4", "couleur": "#1E88E5"}}, {"type": "Feature", "geometry": {"type": "Point", "coordinates": [-16.68333, 14.61917]}, "properties": {"nom": "Koulouck Serere", "nappe": "Pal\u00e9oc\u00e8ne", "type": "4", "couleur": "#1E88E5"}}, {"type": "Feature", "geometry": {"type": "Point", "coordinates": [-16.48694, 14.57611]}, "properties": {"nom": "Mboukhodane", "nappe": "Pal\u00e9oc\u00e8ne", "type": "4", "couleur": "#1E88E5"}}, {"type": "Feature", "geometry": {"type": "Point", "coordinates": [-16.06944, 14.49722]}, "properties": {"nom": "Gossas", "nappe": "Pal\u00e9oc\u00e8ne", "type": "4", "couleur": "#1E88E5"}}, {"type": "Feature", "geometry": {"type": "Point", "coordinates": [-16.15, 14.59167]}, "properties": {"nom": "Tocky Gare", "nappe": "Pal\u00e9oc\u00e8ne", "type": "4", "couleur": "#1E88E5"}}, {"type": "Feature", "geometry": {"type": "Point", "coordinates": [-16.81472, 14.22028]}, "properties": {"nom": "Ndianda", "nappe": "Pal\u00e9oc\u00e8ne", "type": "4", "couleur": "#1E88E5"}}, {"type": "Feature", "geometry": {"type": "Point", "coordinates": [-15.74444, 14.89444]}, "properties": {"nom": "Sourang Peulh", "nappe": "Pal\u00e9oc\u00e8ne", "type": "4", "couleur": "#1E88E5"}}, {"type": "Feature", "geometry": {"type": "Point", "coordinates": [-15.85833, 14.67222]}, "properties": {"nom": "Darou Salam Typ", "nappe": "Pal\u00e9oc\u00e8ne", "type": "4", "couleur": "#1E88E5"}}, {"type": "Feature", "geometry": {"type": "Point", "coordinates": [-15.86917, 14.56917]}, "properties": {"nom": "Kamadou", "nappe": "Pal\u00e9oc\u00e8ne", "type": "4", "couleur": "#1E88E5"}}, {"type": "Feature", "geometry": {"type": "Point", "coordinates": [-15.68333, 14.44861]}, "properties": {"nom": "Panal Mbayard", "nappe": "Pal\u00e9oc\u00e8ne", "type": "4", "couleur": "#1E88E5"}}, {"type": "Feature", "geometry": {"type": "Point", "coordinates": [-15.87083, 14.65417]}, "properties": {"nom": "Darou Salam Typ", "nappe": "Pal\u00e9oc\u00e8ne", "type": "4", "couleur": "#1E88E5"}}, {"type": "Feature", "geometry": {"type": "Point", "coordinates": [-15.68333, 14.5]}, "properties": {"nom": "Deguer 2", "nappe": "Pal\u00e9oc\u00e8ne", "type": "4", "couleur": "#1E88E5"}}, {"type": "Feature", "geometry": {"type": "Point", "coordinates": [-15.06806, 16.55222]}, "properties": {"nom": "Leboudou Doue", "nappe": "Quaternaire", "type": "4", "couleur": "#90CAF9"}}, {"type": "Feature", "geometry": {"type": "Point", "coordinates": [-14.73083, 16.6325]}, "properties": {"nom": "Korkadiele", "nappe": "Quaternaire", "type": "4", "couleur": "#90CAF9"}}, {"type": "Feature", "geometry": {"type": "Point", "coordinates": [-14.80194, 16.63917]}, "properties": {"nom": "Mboyo Walo", "nappe": "Quaternaire", "type": "4", "couleur": "#90CAF9"}}, {"type": "Feature", "geometry": {"type": "Point", "coordinates": [-14.45417, 16.45278]}, "properties": {"nom": "Pathe Gallo", "nappe": "Quaternaire", "type": "4", "couleur": "#90CAF9"}}, {"type": "Feature", "geometry": {"type": "Point", "coordinates": [-14.34861, 16.55056]}, "properties": {"nom": "Sassel Talbe", "nappe": "Quaternaire", "type": "4", "couleur": "#90CAF9"}}, {"type": "Feature", "geometry": {"type": "Point", "coordinates": [-13.38056, 16.02083]}, "properties": {"nom": "Dondou", "nappe": "Quaternaire", "type": "4", "couleur": "#90CAF9"}}, {"type": "Feature", "geometry": {"type": "Point", "coordinates": [-16.38639, 15.68889]}, "properties": {"nom": "Same Ndiaye", "nappe": "Quaternaire", "type": "4", "couleur": "#90CAF9"}}, {"type": "Feature", "geometry": {"type": "Point", "coordinates": [-16.38639, 15.68889]}, "properties": {"nom": "Same Ndiaye", "nappe": "Quaternaire", "type": "4", "couleur": "#90CAF9"}}, {"type": "Feature", "geometry": {"type": "Point", "coordinates": [-16.35306, 15.84028]}, "properties": {"nom": "Khomal (Khelcome Diao F4.2)", "nappe": "Quaternaire", "type": "4", "couleur": "#90CAF9"}}, {"type": "Feature", "geometry": {"type": "Point", "coordinates": [-16.42222, 15.87083]}, "properties": {"nom": "Ndiambe Fall", "nappe": "Quaternaire", "type": "4", "couleur": "#90CAF9"}}, {"type": "Feature", "geometry": {"type": "Point", "coordinates": [-16.34889, 15.72528]}, "properties": {"nom": "Djadji Goumack (Ndiaye)", "nappe": "Quaternaire", "type": "4", "couleur": "#90CAF9"}}, {"type": "Feature", "geometry": {"type": "Point", "coordinates": [-16.45, 15.48611]}, "properties": {"nom": "Messere Teugue", "nappe": "Quaternaire", "type": "4", "couleur": "#90CAF9"}}, {"type": "Feature", "geometry": {"type": "Point", "coordinates": [-16.47778, 15.46667]}, "properties": {"nom": "Keur Sidy Mbengue 1", "nappe": "Quaternaire", "type": "4", "couleur": "#90CAF9"}}, {"type": "Feature", "geometry": {"type": "Point", "coordinates": [-16.50694, 15.35556]}, "properties": {"nom": "Bahdar Gueye", "nappe": "Quaternaire", "type": "4", "couleur": "#90CAF9"}}, {"type": "Feature", "geometry": {"type": "Point", "coordinates": [-16.45, 15.43889]}, "properties": {"nom": "Badar Peulh", "nappe": "Quaternaire", "type": "4", "couleur": "#90CAF9"}}, {"type": "Feature", "geometry": {"type": "Point", "coordinates": [-16.38333, 15.54722]}, "properties": {"nom": "Darou Ngaraf", "nappe": "Quaternaire", "type": "4", "couleur": "#90CAF9"}}, {"type": "Feature", "geometry": {"type": "Point", "coordinates": [-16.41667, 15.53333]}, "properties": {"nom": "Thiary Loro", "nappe": "Quaternaire", "type": "4", "couleur": "#90CAF9"}}, {"type": "Feature", "geometry": {"type": "Point", "coordinates": [-16.41667, 15.50556]}, "properties": {"nom": "Mboul 1", "nappe": "Quaternaire", "type": "4", "couleur": "#90CAF9"}}, {"type": "Feature", "geometry": {"type": "Point", "coordinates": [-16.38472, 15.56944]}, "properties": {"nom": "Guedj Seck", "nappe": "Quaternaire", "type": "4", "couleur": "#90CAF9"}}, {"type": "Feature", "geometry": {"type": "Point", "coordinates": [-16.45, 15.41806]}, "properties": {"nom": "Thienaba Seck", "nappe": "Quaternaire", "type": "4", "couleur": "#90CAF9"}}, {"type": "Feature", "geometry": {"type": "Point", "coordinates": [-16.51667, 15.44167]}, "properties": {"nom": "Merina Seck", "nappe": "Quaternaire", "type": "4", "couleur": "#90CAF9"}}, {"type": "Feature", "geometry": {"type": "Point", "coordinates": [-16.47778, 15.42917]}, "properties": {"nom": "Ndiakha Fall", "nappe": "Quaternaire", "type": "4", "couleur": "#90CAF9"}}, {"type": "Feature", "geometry": {"type": "Point", "coordinates": [-16.52778, 15.41389]}, "properties": {"nom": "Dara Andal", "nappe": "Quaternaire", "type": "4", "couleur": "#90CAF9"}}, {"type": "Feature", "geometry": {"type": "Point", "coordinates": [-16.45, 15.46667]}, "properties": {"nom": "Ndigne", "nappe": "Quaternaire", "type": "4", "couleur": "#90CAF9"}}, {"type": "Feature", "geometry": {"type": "Point", "coordinates": [-16.54028, 15.44722]}, "properties": {"nom": "Tayba Amary Mbery", "nappe": "Quaternaire", "type": "4", "couleur": "#90CAF9"}}, {"type": "Feature", "geometry": {"type": "Point", "coordinates": [-16.46667, 15.53056]}, "properties": {"nom": "Taye Mbaor", "nappe": "Quaternaire", "type": "4", "couleur": "#90CAF9"}}, {"type": "Feature", "geometry": {"type": "Point", "coordinates": [-16.45, 15.52778]}, "properties": {"nom": "Mbey I", "nappe": "Quaternaire", "type": "4", "couleur": "#90CAF9"}}, {"type": "Feature", "geometry": {"type": "Point", "coordinates": [-16.55, 15.46806]}, "properties": {"nom": "Diwane Peulh", "nappe": "Quaternaire", "type": "4", "couleur": "#90CAF9"}}, {"type": "Feature", "geometry": {"type": "Point", "coordinates": [-16.43611, 15.56944]}, "properties": {"nom": "Dialgane Kane", "nappe": "Quaternaire", "type": "4", "couleur": "#90CAF9"}}, {"type": "Feature", "geometry": {"type": "Point", "coordinates": [-16.37222, 15.5]}, "properties": {"nom": "Dara Khara", "nappe": "Quaternaire", "type": "4", "couleur": "#90CAF9"}}, {"type": "Feature", "geometry": {"type": "Point", "coordinates": [-16.51944, 15.49444]}, "properties": {"nom": "Coky Diop", "nappe": "Quaternaire", "type": "4", "couleur": "#90CAF9"}}, {"type": "Feature", "geometry": {"type": "Point", "coordinates": [-16.35, 15.56389]}, "properties": {"nom": "Bahis", "nappe": "Quaternaire", "type": "4", "couleur": "#90CAF9"}}, {"type": "Feature", "geometry": {"type": "Point", "coordinates": [-16.57917, 15.36389]}, "properties": {"nom": "Merina Ndiaye", "nappe": "Quaternaire", "type": "4", "couleur": "#90CAF9"}}, {"type": "Feature", "geometry": {"type": "Point", "coordinates": [-16.49167, 15.40833]}, "properties": {"nom": "Kanene Kane", "nappe": "Quaternaire", "type": "4", "couleur": "#90CAF9"}}, {"type": "Feature", "geometry": {"type": "Point", "coordinates": [-16.475, 15.5]}, "properties": {"nom": "Parba Ii", "nappe": "Quaternaire", "type": "4", "couleur": "#90CAF9"}}, {"type": "Feature", "geometry": {"type": "Point", "coordinates": [-16.4, 15.46944]}, "properties": {"nom": "Leund Mane", "nappe": "Quaternaire", "type": "4", "couleur": "#90CAF9"}}, {"type": "Feature", "geometry": {"type": "Point", "coordinates": [-16.56389, 15.37917]}, "properties": {"nom": "Bayti Ndiaye", "nappe": "Quaternaire", "type": "4", "couleur": "#90CAF9"}}, {"type": "Feature", "geometry": {"type": "Point", "coordinates": [-16.55278, 15.4625]}, "properties": {"nom": "Sine Ndiaye (Diokoul", "nappe": "Quaternaire", "type": "4", "couleur": "#90CAF9"}}, {"type": "Feature", "geometry": {"type": "Point", "coordinates": [-16.525, 15.41944]}, "properties": {"nom": "Tawa Gueye", "nappe": "Quaternaire", "type": "4", "couleur": "#90CAF9"}}, {"type": "Feature", "geometry": {"type": "Point", "coordinates": [-16.46667, 15.51667]}, "properties": {"nom": "Ndiarno Diop", "nappe": "Quaternaire", "type": "4", "couleur": "#90CAF9"}}, {"type": "Feature", "geometry": {"type": "Point", "coordinates": [-16.44167, 15.55278]}, "properties": {"nom": "Pal Mbaor", "nappe": "Quaternaire", "type": "4", "couleur": "#90CAF9"}}, {"type": "Feature", "geometry": {"type": "Point", "coordinates": [-16.5, 15.53056]}, "properties": {"nom": "Thiarene Sarr", "nappe": "Quaternaire", "type": "4", "couleur": "#90CAF9"}}, {"type": "Feature", "geometry": {"type": "Point", "coordinates": [-16.55889, 15.38556]}, "properties": {"nom": "Nguer Nguer", "nappe": "Quaternaire", "type": "4", "couleur": "#90CAF9"}}, {"type": "Feature", "geometry": {"type": "Point", "coordinates": [-16.53972, 15.44583]}, "properties": {"nom": "Taiba Amary Mberry", "nappe": "Quaternaire", "type": "4", "couleur": "#90CAF9"}}, {"type": "Feature", "geometry": {"type": "Point", "coordinates": [-16.51944, 15.46528]}, "properties": {"nom": "Maka Diop", "nappe": "Quaternaire", "type": "4", "couleur": "#90CAF9"}}, {"type": "Feature", "geometry": {"type": "Point", "coordinates": [-16.525, 15.51667]}, "properties": {"nom": "Fordiokh Wolof", "nappe": "Quaternaire", "type": "4", "couleur": "#90CAF9"}}, {"type": "Feature", "geometry": {"type": "Point", "coordinates": [-16.53528, 15.42667]}, "properties": {"nom": "Dara Andal Bis", "nappe": "Quaternaire", "type": "4", "couleur": "#90CAF9"}}, {"type": "Feature", "geometry": {"type": "Point", "coordinates": [-16.525, 15.34583]}, "properties": {"nom": "Keur Mar Gueye", "nappe": "Quaternaire", "type": "4", "couleur": "#90CAF9"}}, {"type": "Feature", "geometry": {"type": "Point", "coordinates": [-16.54639, 15.44806]}, "properties": {"nom": "Diokoul Ndiaye", "nappe": "Quaternaire", "type": "4", "couleur": "#90CAF9"}}, {"type": "Feature", "geometry": {"type": "Point", "coordinates": [-16.61667, 15.41667]}, "properties": {"nom": "Dakhar Codou", "nappe": "Quaternaire", "type": "4", "couleur": "#90CAF9"}}, {"type": "Feature", "geometry": {"type": "Point", "coordinates": [-16.575, 15.425]}, "properties": {"nom": "Ndiawagne Fall Ou Ndiaye", "nappe": "Quaternaire", "type": "4", "couleur": "#90CAF9"}}, {"type": "Feature", "geometry": {"type": "Point", "coordinates": [-16.47028, 15.55722]}, "properties": {"nom": "Darou Fall Ii", "nappe": "Quaternaire", "type": "4", "couleur": "#90CAF9"}}, {"type": "Feature", "geometry": {"type": "Point", "coordinates": [-16.37917, 15.55056]}, "properties": {"nom": "Darou Ngaraf", "nappe": "Quaternaire", "type": "4", "couleur": "#90CAF9"}}, {"type": "Feature", "geometry": {"type": "Point", "coordinates": [-16.44472, 15.66472]}, "properties": {"nom": "Syer Ndiaye (Syere Ouolof)", "nappe": "Quaternaire", "type": "4", "couleur": "#90CAF9"}}, {"type": "Feature", "geometry": {"type": "Point", "coordinates": [-16.28611, 15.56389]}, "properties": {"nom": "Ndiobene Khat", "nappe": "Quaternaire", "type": "4", "couleur": "#90CAF9"}}, {"type": "Feature", "geometry": {"type": "Point", "coordinates": [-16.32667, 15.61417]}, "properties": {"nom": "Mbouth Ka", "nappe": "Quaternaire", "type": "4", "couleur": "#90CAF9"}}, {"type": "Feature", "geometry": {"type": "Point", "coordinates": [-16.66945, 15.15278]}, "properties": {"nom": "Tounde Thioune", "nappe": "Quaternaire", "type": "4", "couleur": "#90CAF9"}}, {"type": "Feature", "geometry": {"type": "Point", "coordinates": [-16.89444, 15.14722]}, "properties": {"nom": "Mboro Ouolof", "nappe": "Quaternaire", "type": "4", "couleur": "#90CAF9"}}, {"type": "Feature", "geometry": {"type": "Point", "coordinates": [-16.89444, 15.14722]}, "properties": {"nom": "Mboro Ouolof", "nappe": "Quaternaire", "type": "4", "couleur": "#90CAF9"}}, {"type": "Feature", "geometry": {"type": "Point", "coordinates": [-16.88333, 15.15]}, "properties": {"nom": "Mboro Ouolof", "nappe": "Quaternaire", "type": "4", "couleur": "#90CAF9"}}, {"type": "Feature", "geometry": {"type": "Point", "coordinates": [-16.9, 15.15889]}, "properties": {"nom": "Mboro Khondio", "nappe": "Quaternaire", "type": "4", "couleur": "#90CAF9"}}, {"type": "Feature", "geometry": {"type": "Point", "coordinates": [-16.9, 15.15889]}, "properties": {"nom": "Mboro Khondio", "nappe": "Quaternaire", "type": "4", "couleur": "#90CAF9"}}, {"type": "Feature", "geometry": {"type": "Point", "coordinates": [-16.9, 15.15889]}, "properties": {"nom": "Mboro Khondio", "nappe": "Quaternaire", "type": "4", "couleur": "#90CAF9"}}, {"type": "Feature", "geometry": {"type": "Point", "coordinates": [-16.84722, 15.26333]}, "properties": {"nom": "Fass Boye", "nappe": "Quaternaire", "type": "4", "couleur": "#90CAF9"}}, {"type": "Feature", "geometry": {"type": "Point", "coordinates": [-16.8, 15.25556]}, "properties": {"nom": "Darou Ndoye", "nappe": "Quaternaire", "type": "4", "couleur": "#90CAF9"}}, {"type": "Feature", "geometry": {"type": "Point", "coordinates": [-16.8, 15.25]}, "properties": {"nom": "Darou Ndoye  F2", "nappe": "Quaternaire", "type": "4", "couleur": "#90CAF9"}}, {"type": "Feature", "geometry": {"type": "Point", "coordinates": [-16.79445, 15.25]}, "properties": {"nom": "Darou Ndoye  F3", "nappe": "Quaternaire", "type": "4", "couleur": "#90CAF9"}}, {"type": "Feature", "geometry": {"type": "Point", "coordinates": [-16.8, 15.25]}, "properties": {"nom": "Darou Ndoye  F4", "nappe": "Quaternaire", "type": "4", "couleur": "#90CAF9"}}, {"type": "Feature", "geometry": {"type": "Point", "coordinates": [-16.87639, 15.13167]}, "properties": {"nom": "Mboro Mbaye Mbaye", "nappe": "Quaternaire", "type": "4", "couleur": "#90CAF9"}}, {"type": "Feature", "geometry": {"type": "Point", "coordinates": [-16.84444, 15.1]}, "properties": {"nom": "Darou Khoudoss", "nappe": "Quaternaire", "type": "4", "couleur": "#90CAF9"}}, {"type": "Feature", "geometry": {"type": "Point", "coordinates": [-16.88333, 15.145]}, "properties": {"nom": "Diamaguene", "nappe": "Quaternaire", "type": "4", "couleur": "#90CAF9"}}, {"type": "Feature", "geometry": {"type": "Point", "coordinates": [-16.87278, 15.11]}, "properties": {"nom": "Mboro Mbaye Mbaye", "nappe": "Quaternaire", "type": "4", "couleur": "#90CAF9"}}, {"type": "Feature", "geometry": {"type": "Point", "coordinates": [-16.90417, 15.12778]}, "properties": {"nom": "Keur Lemou 1", "nappe": "Quaternaire", "type": "4", "couleur": "#90CAF9"}}, {"type": "Feature", "geometry": {"type": "Point", "coordinates": [-16.90278, 15.12778]}, "properties": {"nom": "Keur Lemou 2", "nappe": "Quaternaire", "type": "4", "couleur": "#90CAF9"}}, {"type": "Feature", "geometry": {"type": "Point", "coordinates": [-16.89167, 15.15139]}, "properties": {"nom": "Mboro F2", "nappe": "Quaternaire", "type": "4", "couleur": "#90CAF9"}}, {"type": "Feature", "geometry": {"type": "Point", "coordinates": [-16.68333, 15.16944]}, "properties": {"nom": "Ndakhar Mbaye", "nappe": "Quaternaire", "type": "4", "couleur": "#90CAF9"}}, {"type": "Feature", "geometry": {"type": "Point", "coordinates": [-16.72139, 15.16194]}, "properties": {"nom": "Tioke Khewar", "nappe": "Quaternaire", "type": "4", "couleur": "#90CAF9"}}, {"type": "Feature", "geometry": {"type": "Point", "coordinates": [-16.72222, 15.09028]}, "properties": {"nom": "Ainoumane", "nappe": "Quaternaire", "type": "4", "couleur": "#90CAF9"}}, {"type": "Feature", "geometry": {"type": "Point", "coordinates": [-16.66806, 15.21917]}, "properties": {"nom": "Gouille Samba", "nappe": "Quaternaire", "type": "4", "couleur": "#90CAF9"}}, {"type": "Feature", "geometry": {"type": "Point", "coordinates": [-16.68139, 15.23917]}, "properties": {"nom": "Ndandantou", "nappe": "Quaternaire", "type": "4", "couleur": "#90CAF9"}}, {"type": "Feature", "geometry": {"type": "Point", "coordinates": [-16.73889, 15.12472]}, "properties": {"nom": "Keur Mory Ndiaye", "nappe": "Quaternaire", "type": "4", "couleur": "#90CAF9"}}, {"type": "Feature", "geometry": {"type": "Point", "coordinates": [-16.7425, 15.11778]}, "properties": {"nom": "Massar Fall", "nappe": "Quaternaire", "type": "4", "couleur": "#90CAF9"}}, {"type": "Feature", "geometry": {"type": "Point", "coordinates": [-16.7075, 15.10444]}, "properties": {"nom": "Ndeur", "nappe": "Quaternaire", "type": "4", "couleur": "#90CAF9"}}, {"type": "Feature", "geometry": {"type": "Point", "coordinates": [-16.71389, 15.075]}, "properties": {"nom": "Mbaraglou Khoule", "nappe": "Quaternaire", "type": "4", "couleur": "#90CAF9"}}, {"type": "Feature", "geometry": {"type": "Point", "coordinates": [-16.70917, 15.22639]}, "properties": {"nom": "Keur Assane Mbaye", "nappe": "Quaternaire", "type": "4", "couleur": "#90CAF9"}}, {"type": "Feature", "geometry": {"type": "Point", "coordinates": [-16.71667, 15.22806]}, "properties": {"nom": "Keur Khar Mbaye", "nappe": "Quaternaire", "type": "4", "couleur": "#90CAF9"}}, {"type": "Feature", "geometry": {"type": "Point", "coordinates": [-16.66945, 15.24444]}, "properties": {"nom": "Ndogal Ndieng", "nappe": "Quaternaire", "type": "4", "couleur": "#90CAF9"}}, {"type": "Feature", "geometry": {"type": "Point", "coordinates": [-16.66722, 15.21194]}, "properties": {"nom": "Ngadiawane", "nappe": "Quaternaire", "type": "4", "couleur": "#90CAF9"}}, {"type": "Feature", "geometry": {"type": "Point", "coordinates": [-16.70722, 15.19556]}, "properties": {"nom": "Tawa Mbaye", "nappe": "Quaternaire", "type": "4", "couleur": "#90CAF9"}}, {"type": "Feature", "geometry": {"type": "Point", "coordinates": [-16.75556, 15.14167]}, "properties": {"nom": "Wakhal Diam", "nappe": "Quaternaire", "type": "4", "couleur": "#90CAF9"}}, {"type": "Feature", "geometry": {"type": "Point", "coordinates": [-16.73889, 15.16778]}, "properties": {"nom": "Toffi Mbaye", "nappe": "Quaternaire", "type": "4", "couleur": "#90CAF9"}}, {"type": "Feature", "geometry": {"type": "Point", "coordinates": [-16.66778, 15.29111]}, "properties": {"nom": "Merina Ndiol", "nappe": "Quaternaire", "type": "4", "couleur": "#90CAF9"}}, {"type": "Feature", "geometry": {"type": "Point", "coordinates": [-16.66778, 15.29111]}, "properties": {"nom": "Merina Ndiol", "nappe": "Quaternaire", "type": "4", "couleur": "#90CAF9"}}, {"type": "Feature", "geometry": {"type": "Point", "coordinates": [-16.74167, 15.00972]}, "properties": {"nom": "Ndieguedj", "nappe": "Quaternaire", "type": "4", "couleur": "#90CAF9"}}, {"type": "Feature", "geometry": {"type": "Point", "coordinates": [-16.8425, 15.25583]}, "properties": {"nom": "Fass Boye", "nappe": "Quaternaire", "type": "4", "couleur": "#90CAF9"}}, {"type": "Feature", "geometry": {"type": "Point", "coordinates": [-16.82694, 15.20972]}, "properties": {"nom": "Darou Salam Diouf", "nappe": "Quaternaire", "type": "4", "couleur": "#90CAF9"}}, {"type": "Feature", "geometry": {"type": "Point", "coordinates": [-16.58194, 15.18611]}, "properties": {"nom": "Kelle", "nappe": "Quaternaire", "type": "4", "couleur": "#90CAF9"}}, {"type": "Feature", "geometry": {"type": "Point", "coordinates": [-16.52361, 15.27778]}, "properties": {"nom": "Ndande", "nappe": "Quaternaire", "type": "4", "couleur": "#90CAF9"}}, {"type": "Feature", "geometry": {"type": "Point", "coordinates": [-16.65, 15.16111]}, "properties": {"nom": "Palene Pone", "nappe": "Quaternaire", "type": "4", "couleur": "#90CAF9"}}, {"type": "Feature", "geometry": {"type": "Point", "coordinates": [-16.65, 15.17778]}, "properties": {"nom": "Darou Mbaye", "nappe": "Quaternaire", "type": "4", "couleur": "#90CAF9"}}, {"type": "Feature", "geometry": {"type": "Point", "coordinates": [-16.65, 15.19167]}, "properties": {"nom": "Santhiou Bouna", "nappe": "Quaternaire", "type": "4", "couleur": "#90CAF9"}}, {"type": "Feature", "geometry": {"type": "Point", "coordinates": [-16.65556, 15.20528]}, "properties": {"nom": "Ngadiawane", "nappe": "Quaternaire", "type": "4", "couleur": "#90CAF9"}}, {"type": "Feature", "geometry": {"type": "Point", "coordinates": [-16.65694, 15.20556]}, "properties": {"nom": "Mboukhekhe", "nappe": "Quaternaire", "type": "4", "couleur": "#90CAF9"}}, {"type": "Feature", "geometry": {"type": "Point", "coordinates": [-16.625, 15.20833]}, "properties": {"nom": "Gati Rat", "nappe": "Quaternaire", "type": "4", "couleur": "#90CAF9"}}, {"type": "Feature", "geometry": {"type": "Point", "coordinates": [-16.60139, 15.25417]}, "properties": {"nom": "Gouye Meo", "nappe": "Quaternaire", "type": "4", "couleur": "#90CAF9"}}, {"type": "Feature", "geometry": {"type": "Point", "coordinates": [-16.63611, 15.26528]}, "properties": {"nom": "Cival Romnane", "nappe": "Quaternaire", "type": "4", "couleur": "#90CAF9"}}, {"type": "Feature", "geometry": {"type": "Point", "coordinates": [-16.57917, 15.325]}, "properties": {"nom": "Keur Maleye", "nappe": "Quaternaire", "type": "4", "couleur": "#90CAF9"}}, {"type": "Feature", "geometry": {"type": "Point", "coordinates": [-16.65, 15.25]}, "properties": {"nom": "Gaty Sake", "nappe": "Quaternaire", "type": "4", "couleur": "#90CAF9"}}, {"type": "Feature", "geometry": {"type": "Point", "coordinates": [-16.65417, 15.32639]}, "properties": {"nom": "Keur Mbaye Ndao", "nappe": "Quaternaire", "type": "4", "couleur": "#90CAF9"}}, {"type": "Feature", "geometry": {"type": "Point", "coordinates": [-16.59583, 15.26944]}, "properties": {"nom": "Dalle", "nappe": "Quaternaire", "type": "4", "couleur": "#90CAF9"}}, {"type": "Feature", "geometry": {"type": "Point", "coordinates": [-16.60833, 15.26944]}, "properties": {"nom": "Thialle", "nappe": "Quaternaire", "type": "4", "couleur": "#90CAF9"}}, {"type": "Feature", "geometry": {"type": "Point", "coordinates": [-16.62028, 15.18139]}, "properties": {"nom": "Santhiou Bouna", "nappe": "Quaternaire", "type": "4", "couleur": "#90CAF9"}}, {"type": "Feature", "geometry": {"type": "Point", "coordinates": [-16.63889, 15.17028]}, "properties": {"nom": "Ndankhe", "nappe": "Quaternaire", "type": "4", "couleur": "#90CAF9"}}, {"type": "Feature", "geometry": {"type": "Point", "coordinates": [-16.65917, 15.23]}, "properties": {"nom": "Belly", "nappe": "Quaternaire", "type": "4", "couleur": "#90CAF9"}}, {"type": "Feature", "geometry": {"type": "Point", "coordinates": [-16.62639, 15.18889]}, "properties": {"nom": "Sine Mandiaga", "nappe": "Quaternaire", "type": "4", "couleur": "#90CAF9"}}, {"type": "Feature", "geometry": {"type": "Point", "coordinates": [-16.66472, 15.19389]}, "properties": {"nom": "Touba Fall", "nappe": "Quaternaire", "type": "4", "couleur": "#90CAF9"}}, {"type": "Feature", "geometry": {"type": "Point", "coordinates": [-16.62778, 15.20611]}, "properties": {"nom": "Gaty Rat Bis", "nappe": "Quaternaire", "type": "4", "couleur": "#90CAF9"}}, {"type": "Feature", "geometry": {"type": "Point", "coordinates": [-16.63611, 15.26528]}, "properties": {"nom": "Siwal Robnane", "nappe": "Quaternaire", "type": "4", "couleur": "#90CAF9"}}, {"type": "Feature", "geometry": {"type": "Point", "coordinates": [-16.66111, 15.12972]}, "properties": {"nom": "Ndoyene I", "nappe": "Quaternaire", "type": "4", "couleur": "#90CAF9"}}, {"type": "Feature", "geometry": {"type": "Point", "coordinates": [-16.63333, 15.22778]}, "properties": {"nom": "Pallene Ded", "nappe": "Quaternaire", "type": "4", "couleur": "#90CAF9"}}, {"type": "Feature", "geometry": {"type": "Point", "coordinates": [-16.34472, 15.58528]}, "properties": {"nom": "Keur Ndiaye Peulh", "nappe": "Quaternaire", "type": "4", "couleur": "#90CAF9"}}, {"type": "Feature", "geometry": {"type": "Point", "coordinates": [-12.76806, 15.13278]}, "properties": {"nom": "Adabere", "nappe": "Quaternaire", "type": "4", "couleur": "#90CAF9"}}, {"type": "Feature", "geometry": {"type": "Point", "coordinates": [-12.79639, 15.17528]}, "properties": {"nom": "Lobaly", "nappe": "Quaternaire", "type": "4", "couleur": "#90CAF9"}}, {"type": "Feature", "geometry": {"type": "Point", "coordinates": [-12.92778, 15.24639]}, "properties": {"nom": "Gassamberi", "nappe": "Quaternaire", "type": "4", "couleur": "#90CAF9"}}, {"type": "Feature", "geometry": {"type": "Point", "coordinates": [-12.56194, 15.04306]}, "properties": {"nom": "Mouderi", "nappe": "Quaternaire", "type": "4", "couleur": "#90CAF9"}}, {"type": "Feature", "geometry": {"type": "Point", "coordinates": [-17.45222, 14.75528]}, "properties": {"nom": "Dakar Camberene", "nappe": "Quaternaire", "type": "4", "couleur": "#90CAF9"}}, {"type": "Feature", "geometry": {"type": "Point", "coordinates": [-17.45194, 14.755]}, "properties": {"nom": "Dakar Camberene", "nappe": "Quaternaire", "type": "4", "couleur": "#90CAF9"}}, {"type": "Feature", "geometry": {"type": "Point", "coordinates": [-17.37667, 14.76028]}, "properties": {"nom": "Thiaroye F18", "nappe": "Quaternaire", "type": "4", "couleur": "#90CAF9"}}, {"type": "Feature", "geometry": {"type": "Point", "coordinates": [-17.37, 14.76806]}, "properties": {"nom": "Thiaroye  F19 (Ancien)", "nappe": "Quaternaire", "type": "4", "couleur": "#90CAF9"}}, {"type": "Feature", "geometry": {"type": "Point", "coordinates": [-17.37361, 14.76333]}, "properties": {"nom": "Thiaroye F20", "nappe": "Quaternaire", "type": "4", "couleur": "#90CAF9"}}, {"type": "Feature", "geometry": {"type": "Point", "coordinates": [-17.38333, 14.77694]}, "properties": {"nom": "Thiaroye Nord 1", "nappe": "Quaternaire", "type": "4", "couleur": "#90CAF9"}}, {"type": "Feature", "geometry": {"type": "Point", "coordinates": [-17.36611, 14.76694]}, "properties": {"nom": "Thiaroye F21", "nappe": "Quaternaire", "type": "4", "couleur": "#90CAF9"}}, {"type": "Feature", "geometry": {"type": "Point", "coordinates": [-17.36611, 14.76694]}, "properties": {"nom": "Thiaroye F21", "nappe": "Quaternaire", "type": "4", "couleur": "#90CAF9"}}, {"type": "Feature", "geometry": {"type": "Point", "coordinates": [-17.37722, 14.76889]}, "properties": {"nom": "Thiaroye F22", "nappe": "Quaternaire", "type": "4", "couleur": "#90CAF9"}}, {"type": "Feature", "geometry": {"type": "Point", "coordinates": [-17.36444, 14.7725]}, "properties": {"nom": "Thiaroye F23", "nappe": "Quaternaire", "type": "4", "couleur": "#90CAF9"}}, {"type": "Feature", "geometry": {"type": "Point", "coordinates": [-17.35861, 14.75278]}, "properties": {"nom": "Thiaroye F11-R1", "nappe": "Quaternaire", "type": "4", "couleur": "#90CAF9"}}, {"type": "Feature", "geometry": {"type": "Point", "coordinates": [-17.35861, 14.75417]}, "properties": {"nom": "Thiaroye F11 Bis", "nappe": "Quaternaire", "type": "4", "couleur": "#90CAF9"}}, {"type": "Feature", "geometry": {"type": "Point", "coordinates": [-17.37833, 14.77222]}, "properties": {"nom": "Thiaroye F22 Bis", "nappe": "Quaternaire", "type": "4", "couleur": "#90CAF9"}}, {"type": "Feature", "geometry": {"type": "Point", "coordinates": [-17.36611, 14.76667]}, "properties": {"nom": "Thiaroye F21 Bis", "nappe": "Quaternaire", "type": "4", "couleur": "#90CAF9"}}, {"type": "Feature", "geometry": {"type": "Point", "coordinates": [-17.38639, 14.77889]}, "properties": {"nom": "Thiaroye F1 Bis", "nappe": "Quaternaire", "type": "4", "couleur": "#90CAF9"}}, {"type": "Feature", "geometry": {"type": "Point", "coordinates": [-17.37083, 14.76861]}, "properties": {"nom": "Thiaroye F19 Bis", "nappe": "Quaternaire", "type": "4", "couleur": "#90CAF9"}}, {"type": "Feature", "geometry": {"type": "Point", "coordinates": [-17.38111, 14.76056]}, "properties": {"nom": "Thiaroye F17 Bis", "nappe": "Quaternaire", "type": "4", "couleur": "#90CAF9"}}, {"type": "Feature", "geometry": {"type": "Point", "coordinates": [-17.38111, 14.76389]}, "properties": {"nom": "Thiaroye F2", "nappe": "Quaternaire", "type": "4", "couleur": "#90CAF9"}}, {"type": "Feature", "geometry": {"type": "Point", "coordinates": [-17.37278, 14.75778]}, "properties": {"nom": "Thiaroye F4", "nappe": "Quaternaire", "type": "4", "couleur": "#90CAF9"}}, {"type": "Feature", "geometry": {"type": "Point", "coordinates": [-17.36, 14.77278]}, "properties": {"nom": "Thiaroye F5", "nappe": "Quaternaire", "type": "4", "couleur": "#90CAF9"}}, {"type": "Feature", "geometry": {"type": "Point", "coordinates": [-17.35833, 14.76889]}, "properties": {"nom": "Thiaroye F6", "nappe": "Quaternaire", "type": "4", "couleur": "#90CAF9"}}, {"type": "Feature", "geometry": {"type": "Point", "coordinates": [-17.33472, 14.75]}, "properties": {"nom": "Thiaroye F8", "nappe": "Quaternaire", "type": "4", "couleur": "#90CAF9"}}, {"type": "Feature", "geometry": {"type": "Point", "coordinates": [-17.36056, 14.74806]}, "properties": {"nom": "Thiaroye F10", "nappe": "Quaternaire", "type": "4", "couleur": "#90CAF9"}}, {"type": "Feature", "geometry": {"type": "Point", "coordinates": [-17.35, 14.75167]}, "properties": {"nom": "Thiaroye F12", "nappe": "Quaternaire", "type": "4", "couleur": "#90CAF9"}}, {"type": "Feature", "geometry": {"type": "Point", "coordinates": [-17.37778, 14.76944]}, "properties": {"nom": "Thiaroye F14", "nappe": "Quaternaire", "type": "4", "couleur": "#90CAF9"}}, {"type": "Feature", "geometry": {"type": "Point", "coordinates": [-17.36667, 14.76667]}, "properties": {"nom": "Thiaroye F15", "nappe": "Quaternaire", "type": "4", "couleur": "#90CAF9"}}, {"type": "Feature", "geometry": {"type": "Point", "coordinates": [-17.36695, 14.76639]}, "properties": {"nom": "Thiaroye F15 Bis", "nappe": "Quaternaire", "type": "4", "couleur": "#90CAF9"}}, {"type": "Feature", "geometry": {"type": "Point", "coordinates": [-17.36667, 14.75]}, "properties": {"nom": "Thiaroye F13", "nappe": "Quaternaire", "type": "4", "couleur": "#90CAF9"}}, {"type": "Feature", "geometry": {"type": "Point", "coordinates": [-17.38333, 14.77694]}, "properties": {"nom": "Thiaroye F1 Ter", "nappe": "Quaternaire", "type": "4", "couleur": "#90CAF9"}}, {"type": "Feature", "geometry": {"type": "Point", "coordinates": [-17.38333, 14.77694]}, "properties": {"nom": "Thiaroye F1 Bis", "nappe": "Quaternaire", "type": "4", "couleur": "#90CAF9"}}, {"type": "Feature", "geometry": {"type": "Point", "coordinates": [-17.45, 14.74722]}, "properties": {"nom": "Dakar Point N Bis", "nappe": "Quaternaire", "type": "4", "couleur": "#90CAF9"}}, {"type": "Feature", "geometry": {"type": "Point", "coordinates": [-17.45083, 14.75028]}, "properties": {"nom": "Parcelles Assainies", "nappe": "Quaternaire", "type": "4", "couleur": "#90CAF9"}}, {"type": "Feature", "geometry": {"type": "Point", "coordinates": [-17.13333, 14.88333]}, "properties": {"nom": "Beer Thialane", "nappe": "Quaternaire", "type": "4", "couleur": "#90CAF9"}}, {"type": "Feature", "geometry": {"type": "Point", "coordinates": [-17.11111, 14.77778]}, "properties": {"nom": "Keur Moussa", "nappe": "Quaternaire", "type": "4", "couleur": "#90CAF9"}}, {"type": "Feature", "geometry": {"type": "Point", "coordinates": [-17.07917, 14.79472]}, "properties": {"nom": "Pout", "nappe": "Quaternaire", "type": "4", "couleur": "#90CAF9"}}, {"type": "Feature", "geometry": {"type": "Point", "coordinates": [-17.22861, 14.79556]}, "properties": {"nom": "Sangalkam", "nappe": "Quaternaire", "type": "4", "couleur": "#90CAF9"}}, {"type": "Feature", "geometry": {"type": "Point", "coordinates": [-17.22861, 14.79556]}, "properties": {"nom": "Sangalkam", "nappe": "Quaternaire", "type": "4", "couleur": "#90CAF9"}}, {"type": "Feature", "geometry": {"type": "Point", "coordinates": [-17.22222, 14.775]}, "properties": {"nom": "Sangalkam S1", "nappe": "Quaternaire", "type": "4", "couleur": "#90CAF9"}}, {"type": "Feature", "geometry": {"type": "Point", "coordinates": [-17.24722, 14.81389]}, "properties": {"nom": "Niaga Ouolof N\u00b01", "nappe": "Quaternaire", "type": "4", "couleur": "#90CAF9"}}, {"type": "Feature", "geometry": {"type": "Point", "coordinates": [-17.24722, 14.81389]}, "properties": {"nom": "Niaga Ouolof N\u00b02", "nappe": "Quaternaire", "type": "4", "couleur": "#90CAF9"}}, {"type": "Feature", "geometry": {"type": "Point", "coordinates": [-17.04445, 14.9125]}, "properties": {"nom": "Tiaye", "nappe": "Quaternaire", "type": "4", "couleur": "#90CAF9"}}, {"type": "Feature", "geometry": {"type": "Point", "coordinates": [-17.23, 14.7775]}, "properties": {"nom": "Sangalkam", "nappe": "Quaternaire", "type": "4", "couleur": "#90CAF9"}}, {"type": "Feature", "geometry": {"type": "Point", "coordinates": [-17.22361, 14.77722]}, "properties": {"nom": "Sangalkam", "nappe": "Quaternaire", "type": "4", "couleur": "#90CAF9"}}, {"type": "Feature", "geometry": {"type": "Point", "coordinates": [-17.11306, 14.78028]}, "properties": {"nom": "Keur Moussa", "nappe": "Quaternaire", "type": "4", "couleur": "#90CAF9"}}, {"type": "Feature", "geometry": {"type": "Point", "coordinates": [-17.13944, 14.85972]}, "properties": {"nom": "Beer Thialane F3 Bis", "nappe": "Quaternaire", "type": "4", "couleur": "#90CAF9"}}, {"type": "Feature", "geometry": {"type": "Point", "coordinates": [-17.24139, 14.79944]}, "properties": {"nom": "Niaga F3", "nappe": "Quaternaire", "type": "4", "couleur": "#90CAF9"}}, {"type": "Feature", "geometry": {"type": "Point", "coordinates": [-17.23778, 14.79917]}, "properties": {"nom": "Niaga F4", "nappe": "Quaternaire", "type": "4", "couleur": "#90CAF9"}}, {"type": "Feature", "geometry": {"type": "Point", "coordinates": [-17.24444, 14.81167]}, "properties": {"nom": "Niaga F5", "nappe": "Quaternaire", "type": "4", "couleur": "#90CAF9"}}, {"type": "Feature", "geometry": {"type": "Point", "coordinates": [-17.24722, 14.81389]}, "properties": {"nom": "Niaga Ouolof", "nappe": "Quaternaire", "type": "4", "couleur": "#90CAF9"}}, {"type": "Feature", "geometry": {"type": "Point", "coordinates": [-17.14444, 14.86389]}, "properties": {"nom": "Beer Thialane", "nappe": "Quaternaire", "type": "4", "couleur": "#90CAF9"}}, {"type": "Feature", "geometry": {"type": "Point", "coordinates": [-17.14, 14.86472]}, "properties": {"nom": "Beer Thialane F1 Bis", "nappe": "Quaternaire", "type": "4", "couleur": "#90CAF9"}}, {"type": "Feature", "geometry": {"type": "Point", "coordinates": [-17.24639, 14.81694]}, "properties": {"nom": "Niaga Niassene F4", "nappe": "Quaternaire", "type": "4", "couleur": "#90CAF9"}}, {"type": "Feature", "geometry": {"type": "Point", "coordinates": [-17.24389, 14.8175]}, "properties": {"nom": "Niaga Niassene F2", "nappe": "Quaternaire", "type": "4", "couleur": "#90CAF9"}}, {"type": "Feature", "geometry": {"type": "Point", "coordinates": [-17.245, 14.81722]}, "properties": {"nom": "Niaga Niassene F5", "nappe": "Quaternaire", "type": "4", "couleur": "#90CAF9"}}, {"type": "Feature", "geometry": {"type": "Point", "coordinates": [-17.24167, 14.81917]}, "properties": {"nom": "Niaga Niassene F3", "nappe": "Quaternaire", "type": "4", "couleur": "#90CAF9"}}, {"type": "Feature", "geometry": {"type": "Point", "coordinates": [-17.24, 14.81806]}, "properties": {"nom": "Niaga Niassene F6", "nappe": "Quaternaire", "type": "4", "couleur": "#90CAF9"}}, {"type": "Feature", "geometry": {"type": "Point", "coordinates": [-17.24167, 14.82167]}, "properties": {"nom": "Niaga Niassene F1", "nappe": "Quaternaire", "type": "4", "couleur": "#90CAF9"}}, {"type": "Feature", "geometry": {"type": "Point", "coordinates": [-17.23889, 14.82222]}, "properties": {"nom": "Niaga Niassene F8", "nappe": "Quaternaire", "type": "4", "couleur": "#90CAF9"}}, {"type": "Feature", "geometry": {"type": "Point", "coordinates": [-17.38111, 14.75833]}, "properties": {"nom": "Thiaroye S5 F17", "nappe": "Quaternaire", "type": "4", "couleur": "#90CAF9"}}, {"type": "Feature", "geometry": {"type": "Point", "coordinates": [-17.38528, 14.74333]}, "properties": {"nom": "Thiaroye S2 P140", "nappe": "Quaternaire", "type": "4", "couleur": "#90CAF9"}}, {"type": "Feature", "geometry": {"type": "Point", "coordinates": [-17.37583, 14.75]}, "properties": {"nom": "Thiaroye Camp Militaire P 3.2", "nappe": "Quaternaire", "type": "4", "couleur": "#90CAF9"}}, {"type": "Feature", "geometry": {"type": "Point", "coordinates": [-17.33306, 14.79667]}, "properties": {"nom": "Guediawaye P3.3", "nappe": "Quaternaire", "type": "4", "couleur": "#90CAF9"}}, {"type": "Feature", "geometry": {"type": "Point", "coordinates": [-17.43472, 14.74]}, "properties": {"nom": "Dakar Hann P2.1", "nappe": "Quaternaire", "type": "4", "couleur": "#90CAF9"}}, {"type": "Feature", "geometry": {"type": "Point", "coordinates": [-17.42833, 14.75417]}, "properties": {"nom": "Camberene P2.2", "nappe": "Quaternaire", "type": "4", "couleur": "#90CAF9"}}, {"type": "Feature", "geometry": {"type": "Point", "coordinates": [-17.42833, 14.75417]}, "properties": {"nom": "Camberene P2.2", "nappe": "Quaternaire", "type": "4", "couleur": "#90CAF9"}}, {"type": "Feature", "geometry": {"type": "Point", "coordinates": [-17.41028, 14.77722]}, "properties": {"nom": "Guediawaye P2.4", "nappe": "Quaternaire", "type": "4", "couleur": "#90CAF9"}}, {"type": "Feature", "geometry": {"type": "Point", "coordinates": [-17.41028, 14.77722]}, "properties": {"nom": "Guediawaye P2.4", "nappe": "Quaternaire", "type": "4", "couleur": "#90CAF9"}}, {"type": "Feature", "geometry": {"type": "Point", "coordinates": [-17.40833, 14.77083]}, "properties": {"nom": "Guediawaye P2.3", "nappe": "Quaternaire", "type": "4", "couleur": "#90CAF9"}}, {"type": "Feature", "geometry": {"type": "Point", "coordinates": [-17.37722, 14.78861]}, "properties": {"nom": "Guediawaye (Hamo 7)  P2.5", "nappe": "Quaternaire", "type": "4", "couleur": "#90CAF9"}}, {"type": "Feature", "geometry": {"type": "Point", "coordinates": [-17.34056, 14.76722]}, "properties": {"nom": "Boune P2.6", "nappe": "Quaternaire", "type": "4", "couleur": "#90CAF9"}}, {"type": "Feature", "geometry": {"type": "Point", "coordinates": [-17.40083, 14.74222]}, "properties": {"nom": "Pz.40", "nappe": "Quaternaire", "type": "4", "couleur": "#90CAF9"}}, {"type": "Feature", "geometry": {"type": "Point", "coordinates": [-17.41195, 14.74972]}, "properties": {"nom": "Pz.43", "nappe": "Quaternaire", "type": "4", "couleur": "#90CAF9"}}, {"type": "Feature", "geometry": {"type": "Point", "coordinates": [-17.39361, 14.74028]}, "properties": {"nom": "Pz.4", "nappe": "Quaternaire", "type": "4", "couleur": "#90CAF9"}}, {"type": "Feature", "geometry": {"type": "Point", "coordinates": [-17.38556, 14.74111]}, "properties": {"nom": "Pz.8", "nappe": "Quaternaire", "type": "4", "couleur": "#90CAF9"}}, {"type": "Feature", "geometry": {"type": "Point", "coordinates": [-17.39278, 14.76806]}, "properties": {"nom": "Pz.5", "nappe": "Quaternaire", "type": "4", "couleur": "#90CAF9"}}, {"type": "Feature", "geometry": {"type": "Point", "coordinates": [-17.36695, 14.77667]}, "properties": {"nom": "Pz.14", "nappe": "Quaternaire", "type": "4", "couleur": "#90CAF9"}}, {"type": "Feature", "geometry": {"type": "Point", "coordinates": [-17.37583, 14.74167]}, "properties": {"nom": "Pz.13", "nappe": "Quaternaire", "type": "4", "couleur": "#90CAF9"}}, {"type": "Feature", "geometry": {"type": "Point", "coordinates": [-17.36639, 14.74111]}, "properties": {"nom": "Pz.18", "nappe": "Quaternaire", "type": "4", "couleur": "#90CAF9"}}, {"type": "Feature", "geometry": {"type": "Point", "coordinates": [-17.35472, 14.78528]}, "properties": {"nom": "Pz.19", "nappe": "Quaternaire", "type": "4", "couleur": "#90CAF9"}}, {"type": "Feature", "geometry": {"type": "Point", "coordinates": [-17.34028, 14.78583]}, "properties": {"nom": "Pz.31", "nappe": "Quaternaire", "type": "4", "couleur": "#90CAF9"}}, {"type": "Feature", "geometry": {"type": "Point", "coordinates": [-17.43472, 14.74]}, "properties": {"nom": "P2-1", "nappe": "Quaternaire", "type": "4", "couleur": "#90CAF9"}}, {"type": "Feature", "geometry": {"type": "Point", "coordinates": [-17.33889, 14.79528]}, "properties": {"nom": "Pz.52", "nappe": "Quaternaire", "type": "4", "couleur": "#90CAF9"}}, {"type": "Feature", "geometry": {"type": "Point", "coordinates": [-17.43833, 14.76361]}, "properties": {"nom": "Parcelles Assainies Pib3", "nappe": "Quaternaire", "type": "4", "couleur": "#90CAF9"}}, {"type": "Feature", "geometry": {"type": "Point", "coordinates": [-17.35583, 14.75111]}, "properties": {"nom": "Diamaguene  Psq1", "nappe": "Quaternaire", "type": "4", "couleur": "#90CAF9"}}, {"type": "Feature", "geometry": {"type": "Point", "coordinates": [-17.42722, 14.75306]}, "properties": {"nom": "Camberene P2", "nappe": "Quaternaire", "type": "4", "couleur": "#90CAF9"}}, {"type": "Feature", "geometry": {"type": "Point", "coordinates": [-17.11861, 14.80389]}, "properties": {"nom": "Keur Sega", "nappe": "Quaternaire", "type": "4", "couleur": "#90CAF9"}}, {"type": "Feature", "geometry": {"type": "Point", "coordinates": [-17.14778, 14.88528]}, "properties": {"nom": "Beer Thialane", "nappe": "Quaternaire", "type": "4", "couleur": "#90CAF9"}}, {"type": "Feature", "geometry": {"type": "Point", "coordinates": [-17.14778, 14.88333]}, "properties": {"nom": "Beer Thialane", "nappe": "Quaternaire", "type": "4", "couleur": "#90CAF9"}}, {"type": "Feature", "geometry": {"type": "Point", "coordinates": [-17.28, 14.81167]}, "properties": {"nom": "S1 Bis", "nappe": "Quaternaire", "type": "4", "couleur": "#90CAF9"}}, {"type": "Feature", "geometry": {"type": "Point", "coordinates": [-17.19361, 14.82083]}, "properties": {"nom": "Pz.120", "nappe": "Quaternaire", "type": "4", "couleur": "#90CAF9"}}, {"type": "Feature", "geometry": {"type": "Point", "coordinates": [-17.20944, 14.79444]}, "properties": {"nom": "Pz.116", "nappe": "Quaternaire", "type": "4", "couleur": "#90CAF9"}}, {"type": "Feature", "geometry": {"type": "Point", "coordinates": [-17.21861, 14.82278]}, "properties": {"nom": "Pz.128", "nappe": "Quaternaire", "type": "4", "couleur": "#90CAF9"}}, {"type": "Feature", "geometry": {"type": "Point", "coordinates": [-17.23806, 14.81083]}, "properties": {"nom": "Pz.101", "nappe": "Quaternaire", "type": "4", "couleur": "#90CAF9"}}, {"type": "Feature", "geometry": {"type": "Point", "coordinates": [-17.24, 14.79056]}, "properties": {"nom": "Pz.104", "nappe": "Quaternaire", "type": "4", "couleur": "#90CAF9"}}, {"type": "Feature", "geometry": {"type": "Point", "coordinates": [-17.22528, 14.78389]}, "properties": {"nom": "Pz.108", "nappe": "Quaternaire", "type": "4", "couleur": "#90CAF9"}}, {"type": "Feature", "geometry": {"type": "Point", "coordinates": [-17.2325, 14.795]}, "properties": {"nom": "Sangalkam  Ps1-I (Bas)", "nappe": "Quaternaire", "type": "4", "couleur": "#90CAF9"}}, {"type": "Feature", "geometry": {"type": "Point", "coordinates": [-17.21194, 14.78611]}, "properties": {"nom": "Sangalkam P1", "nappe": "Quaternaire", "type": "4", "couleur": "#90CAF9"}}, {"type": "Feature", "geometry": {"type": "Point", "coordinates": [-17.22778, 14.78333]}, "properties": {"nom": "Sangalkam P2", "nappe": "Quaternaire", "type": "4", "couleur": "#90CAF9"}}, {"type": "Feature", "geometry": {"type": "Point", "coordinates": [-17.22639, 14.78611]}, "properties": {"nom": "Sangalkam P3", "nappe": "Quaternaire", "type": "4", "couleur": "#90CAF9"}}, {"type": "Feature", "geometry": {"type": "Point", "coordinates": [-17.225, 14.79167]}, "properties": {"nom": "Sangalkam P4", "nappe": "Quaternaire", "type": "4", "couleur": "#90CAF9"}}, {"type": "Feature", "geometry": {"type": "Point", "coordinates": [-17.23195, 14.78889]}, "properties": {"nom": "Sangalkam P5", "nappe": "Quaternaire", "type": "4", "couleur": "#90CAF9"}}, {"type": "Feature", "geometry": {"type": "Point", "coordinates": [-17.21111, 14.78611]}, "properties": {"nom": "Sangalkam P6", "nappe": "Quaternaire", "type": "4", "couleur": "#90CAF9"}}, {"type": "Feature", "geometry": {"type": "Point", "coordinates": [-17.21111, 14.78611]}, "properties": {"nom": "Sangalkam P7", "nappe": "Quaternaire", "type": "4", "couleur": "#90CAF9"}}, {"type": "Feature", "geometry": {"type": "Point", "coordinates": [-17.2125, 14.80972]}, "properties": {"nom": "Sangalkam P8", "nappe": "Quaternaire", "type": "4", "couleur": "#90CAF9"}}, {"type": "Feature", "geometry": {"type": "Point", "coordinates": [-17.20417, 14.80972]}, "properties": {"nom": "Sangalkam P9", "nappe": "Quaternaire", "type": "4", "couleur": "#90CAF9"}}, {"type": "Feature", "geometry": {"type": "Point", "coordinates": [-17.28333, 14.80333]}, "properties": {"nom": "Tivaouane Peulh P2.7", "nappe": "Quaternaire", "type": "4", "couleur": "#90CAF9"}}, {"type": "Feature", "geometry": {"type": "Point", "coordinates": [-17.27583, 14.81889]}, "properties": {"nom": "Tivaouane Peulh P2.8", "nappe": "Quaternaire", "type": "4", "couleur": "#90CAF9"}}, {"type": "Feature", "geometry": {"type": "Point", "coordinates": [-17.23195, 14.82611]}, "properties": {"nom": "Niaga Peul P2.9", "nappe": "Quaternaire", "type": "4", "couleur": "#90CAF9"}}, {"type": "Feature", "geometry": {"type": "Point", "coordinates": [-17.205, 14.82944]}, "properties": {"nom": "Gouye Guewel  P2.10", "nappe": "Quaternaire", "type": "4", "couleur": "#90CAF9"}}, {"type": "Feature", "geometry": {"type": "Point", "coordinates": [-17.32167, 14.78833]}, "properties": {"nom": "Pz.58", "nappe": "Quaternaire", "type": "4", "couleur": "#90CAF9"}}, {"type": "Feature", "geometry": {"type": "Point", "coordinates": [-17.29639, 14.77583]}, "properties": {"nom": "Pz.69", "nappe": "Quaternaire", "type": "4", "couleur": "#90CAF9"}}, {"type": "Feature", "geometry": {"type": "Point", "coordinates": [-17.21611, 14.78639]}, "properties": {"nom": "Pz.114", "nappe": "Quaternaire", "type": "4", "couleur": "#90CAF9"}}, {"type": "Feature", "geometry": {"type": "Point", "coordinates": [-17.11389, 14.85917]}, "properties": {"nom": "Ps-3 Bis", "nappe": "Quaternaire", "type": "4", "couleur": "#90CAF9"}}, {"type": "Feature", "geometry": {"type": "Point", "coordinates": [-17.10972, 14.87472]}, "properties": {"nom": "Ps-4", "nappe": "Quaternaire", "type": "4", "couleur": "#90CAF9"}}, {"type": "Feature", "geometry": {"type": "Point", "coordinates": [-17.12389, 14.87389]}, "properties": {"nom": "Ps-5", "nappe": "Quaternaire", "type": "4", "couleur": "#90CAF9"}}, {"type": "Feature", "geometry": {"type": "Point", "coordinates": [-17.1125, 14.88778]}, "properties": {"nom": "Ps-6", "nappe": "Quaternaire", "type": "4", "couleur": "#90CAF9"}}, {"type": "Feature", "geometry": {"type": "Point", "coordinates": [-17.12444, 14.90333]}, "properties": {"nom": "Kayar Ps-7", "nappe": "Quaternaire", "type": "4", "couleur": "#90CAF9"}}, {"type": "Feature", "geometry": {"type": "Point", "coordinates": [-17.16028, 14.80611]}, "properties": {"nom": "Ps-8", "nappe": "Quaternaire", "type": "4", "couleur": "#90CAF9"}}, {"type": "Feature", "geometry": {"type": "Point", "coordinates": [-17.16889, 14.82278]}, "properties": {"nom": "Ps-9", "nappe": "Quaternaire", "type": "4", "couleur": "#90CAF9"}}, {"type": "Feature", "geometry": {"type": "Point", "coordinates": [-17.14861, 14.83]}, "properties": {"nom": "Bayakh Ps-10", "nappe": "Quaternaire", "type": "4", "couleur": "#90CAF9"}}, {"type": "Feature", "geometry": {"type": "Point", "coordinates": [-17.15195, 14.83861]}, "properties": {"nom": "Bayakh Ps-11", "nappe": "Quaternaire", "type": "4", "couleur": "#90CAF9"}}, {"type": "Feature", "geometry": {"type": "Point", "coordinates": [-17.16972, 14.86722]}, "properties": {"nom": "Ps-13", "nappe": "Quaternaire", "type": "4", "couleur": "#90CAF9"}}, {"type": "Feature", "geometry": {"type": "Point", "coordinates": [-17.14944, 14.88333]}, "properties": {"nom": "Ps-14", "nappe": "Quaternaire", "type": "4", "couleur": "#90CAF9"}}, {"type": "Feature", "geometry": {"type": "Point", "coordinates": [-17.25611, 14.78778]}, "properties": {"nom": "Pz.100", "nappe": "Quaternaire", "type": "4", "couleur": "#90CAF9"}}, {"type": "Feature", "geometry": {"type": "Point", "coordinates": [-17.25083, 14.78]}, "properties": {"nom": "Pz.109", "nappe": "Quaternaire", "type": "4", "couleur": "#90CAF9"}}, {"type": "Feature", "geometry": {"type": "Point", "coordinates": [-17.19528, 14.79722]}, "properties": {"nom": "Pz.123", "nappe": "Quaternaire", "type": "4", "couleur": "#90CAF9"}}, {"type": "Feature", "geometry": {"type": "Point", "coordinates": [-17.325, 14.79444]}, "properties": {"nom": "Mbeubeuss (Malika)", "nappe": "Quaternaire", "type": "4", "couleur": "#90CAF9"}}, {"type": "Feature", "geometry": {"type": "Point", "coordinates": [-17.31944, 14.81389]}, "properties": {"nom": "Mbeubeuss (Malika)", "nappe": "Quaternaire", "type": "4", "couleur": "#90CAF9"}}, {"type": "Feature", "geometry": {"type": "Point", "coordinates": [-17.32778, 14.78889]}, "properties": {"nom": "Mbeubeuss (Malika)", "nappe": "Quaternaire", "type": "4", "couleur": "#90CAF9"}}, {"type": "Feature", "geometry": {"type": "Point", "coordinates": [-17.17167, 14.84861]}, "properties": {"nom": "Pt.02", "nappe": "Quaternaire", "type": "4", "couleur": "#90CAF9"}}, {"type": "Feature", "geometry": {"type": "Point", "coordinates": [-17.33278, 14.79472]}, "properties": {"nom": "Malika P3.4", "nappe": "Quaternaire", "type": "4", "couleur": "#90CAF9"}}, {"type": "Feature", "geometry": {"type": "Point", "coordinates": [-17.23278, 14.79444]}, "properties": {"nom": "Sangalkam Ps 1-Ii (Haut)", "nappe": "Quaternaire", "type": "4", "couleur": "#90CAF9"}}, {"type": "Feature", "geometry": {"type": "Point", "coordinates": [-17.11944, 14.9175]}, "properties": {"nom": "Kayar Puits 234", "nappe": "Quaternaire", "type": "4", "couleur": "#90CAF9"}}, {"type": "Feature", "geometry": {"type": "Point", "coordinates": [-17.12972, 14.88833]}, "properties": {"nom": "Pt.213", "nappe": "Quaternaire", "type": "4", "couleur": "#90CAF9"}}, {"type": "Feature", "geometry": {"type": "Point", "coordinates": [-17.09111, 14.8875]}, "properties": {"nom": "Pt.219", "nappe": "Quaternaire", "type": "4", "couleur": "#90CAF9"}}, {"type": "Feature", "geometry": {"type": "Point", "coordinates": [-17.16278, 14.87167]}, "properties": {"nom": "Kaniack  Pt.232", "nappe": "Quaternaire", "type": "4", "couleur": "#90CAF9"}}, {"type": "Feature", "geometry": {"type": "Point", "coordinates": [-17.13722, 14.84333]}, "properties": {"nom": "Darou Bayakh Puits 210", "nappe": "Quaternaire", "type": "4", "couleur": "#90CAF9"}}, {"type": "Feature", "geometry": {"type": "Point", "coordinates": [-17.115, 14.83028]}, "properties": {"nom": "Gollam Puits 215", "nappe": "Quaternaire", "type": "4", "couleur": "#90CAF9"}}, {"type": "Feature", "geometry": {"type": "Point", "coordinates": [-17.12694, 14.81611]}, "properties": {"nom": "Pt.236", "nappe": "Quaternaire", "type": "4", "couleur": "#90CAF9"}}, {"type": "Feature", "geometry": {"type": "Point", "coordinates": [-17.1, 14.87944]}, "properties": {"nom": "Pt 218", "nappe": "Quaternaire", "type": "4", "couleur": "#90CAF9"}}, {"type": "Feature", "geometry": {"type": "Point", "coordinates": [-17.26556, 14.76]}, "properties": {"nom": "Pt.201", "nappe": "Quaternaire", "type": "4", "couleur": "#90CAF9"}}, {"type": "Feature", "geometry": {"type": "Point", "coordinates": [-17.25167, 14.7525]}, "properties": {"nom": "Kounoun Puits  202", "nappe": "Quaternaire", "type": "4", "couleur": "#90CAF9"}}, {"type": "Feature", "geometry": {"type": "Point", "coordinates": [-17.22917, 14.76167]}, "properties": {"nom": "Pt.203", "nappe": "Quaternaire", "type": "4", "couleur": "#90CAF9"}}, {"type": "Feature", "geometry": {"type": "Point", "coordinates": [-17.25556, 14.83278]}, "properties": {"nom": "Pt.Salim", "nappe": "Quaternaire", "type": "4", "couleur": "#90CAF9"}}, {"type": "Feature", "geometry": {"type": "Point", "coordinates": [-17.20333, 14.70556]}, "properties": {"nom": "Lac Mbeubeuss", "nappe": "Quaternaire", "type": "4", "couleur": "#90CAF9"}}, {"type": "Feature", "geometry": {"type": "Point", "coordinates": [-17.17278, 14.63778]}, "properties": {"nom": "Yen 5", "nappe": "Quaternaire", "type": "4", "couleur": "#90CAF9"}}, {"type": "Feature", "geometry": {"type": "Point", "coordinates": [-16.49167, 14.9425]}, "properties": {"nom": "B.Garage", "nappe": "Quaternaire", "type": "4", "couleur": "#90CAF9"}}, {"type": "Feature", "geometry": {"type": "Point", "coordinates": [-16.4725, 14.9425]}, "properties": {"nom": "Gade Thiandene", "nappe": "Quaternaire", "type": "4", "couleur": "#90CAF9"}}, {"type": "Feature", "geometry": {"type": "Point", "coordinates": [-16.78194, 14.31667]}, "properties": {"nom": "Aga Babou", "nappe": "Quaternaire", "type": "4", "couleur": "#90CAF9"}}, {"type": "Feature", "geometry": {"type": "Point", "coordinates": [-16.28611, 15.56528]}, "properties": {"nom": "Louga", "nappe": "Quaternaire", "type": "4", "couleur": "#90CAF9"}}, {"type": "Feature", "geometry": {"type": "Point", "coordinates": [-17.11667, 14.8175]}, "properties": {"nom": "Keur Guilaye", "nappe": "Quaternaire", "type": "4", "couleur": "#90CAF9"}}, {"type": "Feature", "geometry": {"type": "Point", "coordinates": [-12.54167, 15.025]}, "properties": {"nom": "Diawara", "nappe": "Socle pal\u00e9oc\u00e8ne", "type": "4", "couleur": "#1976D2"}}, {"type": "Feature", "geometry": {"type": "Point", "coordinates": [-12.4125, 14.72083]}, "properties": {"nom": "Gabou", "nappe": "Socle pal\u00e9oc\u00e8ne", "type": "4", "couleur": "#1976D2"}}, {"type": "Feature", "geometry": {"type": "Point", "coordinates": [-11.70694, 13.1875]}, "properties": {"nom": "Dalloto", "nappe": "Socle pal\u00e9oc\u00e8ne", "type": "4", "couleur": "#1976D2"}}, {"type": "Feature", "geometry": {"type": "Point", "coordinates": [-11.69583, 13.14167]}, "properties": {"nom": "Balakonko", "nappe": "Socle pal\u00e9oc\u00e8ne", "type": "4", "couleur": "#1976D2"}}, {"type": "Feature", "geometry": {"type": "Point", "coordinates": [-11.96389, 13.13333]}, "properties": {"nom": "Khossanto", "nappe": "Socle pal\u00e9oc\u00e8ne", "type": "4", "couleur": "#1976D2"}}, {"type": "Feature", "geometry": {"type": "Point", "coordinates": [-11.7, 13.08333]}, "properties": {"nom": "Missirah Sirimana", "nappe": "Socle pal\u00e9oc\u00e8ne", "type": "4", "couleur": "#1976D2"}}, {"type": "Feature", "geometry": {"type": "Point", "coordinates": [-11.85139, 13.10694]}, "properties": {"nom": "Sambranboubou", "nappe": "Socle pal\u00e9oc\u00e8ne", "type": "4", "couleur": "#1976D2"}}, {"type": "Feature", "geometry": {"type": "Point", "coordinates": [-11.85306, 13.10361]}, "properties": {"nom": "Sambaranbougou", "nappe": "Socle pal\u00e9oc\u00e8ne", "type": "4", "couleur": "#1976D2"}}, {"type": "Feature", "geometry": {"type": "Point", "coordinates": [-11.78111, 13.17167]}, "properties": {"nom": "Madina Sirimana", "nappe": "Socle pal\u00e9oc\u00e8ne", "type": "4", "couleur": "#1976D2"}}, {"type": "Feature", "geometry": {"type": "Point", "coordinates": [-11.69944, 13.14333]}, "properties": {"nom": "Balakonko", "nappe": "Socle pal\u00e9oc\u00e8ne", "type": "4", "couleur": "#1976D2"}}, {"type": "Feature", "geometry": {"type": "Point", "coordinates": [-11.41611, 13.02472]}, "properties": {"nom": "Farading", "nappe": "Socle pal\u00e9oc\u00e8ne", "type": "4", "couleur": "#1976D2"}}, {"type": "Feature", "geometry": {"type": "Point", "coordinates": [-11.60861, 13.22361]}, "properties": {"nom": "Mourang", "nappe": "Socle pal\u00e9oc\u00e8ne", "type": "4", "couleur": "#1976D2"}}, {"type": "Feature", "geometry": {"type": "Point", "coordinates": [-14.15, 12.71667]}, "properties": {"nom": "Nianao", "nappe": "Socle pal\u00e9oc\u00e8ne", "type": "4", "couleur": "#1976D2"}}, {"type": "Feature", "geometry": {"type": "Point", "coordinates": [-14.08722, 12.88444]}, "properties": {"nom": "Kalifourou I", "nappe": "Socle pal\u00e9oc\u00e8ne", "type": "4", "couleur": "#1976D2"}}, {"type": "Feature", "geometry": {"type": "Point", "coordinates": [-13.80417, 12.74167]}, "properties": {"nom": "Kathialaty", "nappe": "Socle pal\u00e9oc\u00e8ne", "type": "4", "couleur": "#1976D2"}}, {"type": "Feature", "geometry": {"type": "Point", "coordinates": [-13.74444, 12.69583]}, "properties": {"nom": "Dialadiang", "nappe": "Socle pal\u00e9oc\u00e8ne", "type": "4", "couleur": "#1976D2"}}, {"type": "Feature", "geometry": {"type": "Point", "coordinates": [-13.80417, 12.74167]}, "properties": {"nom": "Kathialaty", "nappe": "Socle pal\u00e9oc\u00e8ne", "type": "4", "couleur": "#1976D2"}}, {"type": "Feature", "geometry": {"type": "Point", "coordinates": [-13.275, 12.75194]}, "properties": {"nom": "Dalaba", "nappe": "Socle pal\u00e9oc\u00e8ne", "type": "4", "couleur": "#1976D2"}}, {"type": "Feature", "geometry": {"type": "Point", "coordinates": [-13.04722, 12.67222]}, "properties": {"nom": "Madina Boyni", "nappe": "Socle pal\u00e9oc\u00e8ne", "type": "4", "couleur": "#1976D2"}}, {"type": "Feature", "geometry": {"type": "Point", "coordinates": [-13.125, 12.67528]}, "properties": {"nom": "Back Back", "nappe": "Socle pal\u00e9oc\u00e8ne", "type": "4", "couleur": "#1976D2"}}, {"type": "Feature", "geometry": {"type": "Point", "coordinates": [-13.0475, 12.68194]}, "properties": {"nom": "Edale", "nappe": "Socle pal\u00e9oc\u00e8ne", "type": "4", "couleur": "#1976D2"}}, {"type": "Feature", "geometry": {"type": "Point", "coordinates": [-13.04806, 12.70361]}, "properties": {"nom": "Ethinangor", "nappe": "Socle pal\u00e9oc\u00e8ne", "type": "4", "couleur": "#1976D2"}}, {"type": "Feature", "geometry": {"type": "Point", "coordinates": [-13.04083, 12.62806]}, "properties": {"nom": "Amoune", "nappe": "Socle pal\u00e9oc\u00e8ne", "type": "4", "couleur": "#1976D2"}}, {"type": "Feature", "geometry": {"type": "Point", "coordinates": [-12.85, 12.68333]}, "properties": {"nom": "Thiagneto", "nappe": "Socle pal\u00e9oc\u00e8ne", "type": "4", "couleur": "#1976D2"}}, {"type": "Feature", "geometry": {"type": "Point", "coordinates": [-12.83889, 12.69167]}, "properties": {"nom": "Barafoko", "nappe": "Socle pal\u00e9oc\u00e8ne", "type": "4", "couleur": "#1976D2"}}, {"type": "Feature", "geometry": {"type": "Point", "coordinates": [-12.8625, 12.68333]}, "properties": {"nom": "Thiagneto", "nappe": "Socle pal\u00e9oc\u00e8ne", "type": "4", "couleur": "#1976D2"}}, {"type": "Feature", "geometry": {"type": "Point", "coordinates": [-12.8625, 12.68333]}, "properties": {"nom": "Thiagneto", "nappe": "Socle pal\u00e9oc\u00e8ne", "type": "4", "couleur": "#1976D2"}}, {"type": "Feature", "geometry": {"type": "Point", "coordinates": [-12.83889, 12.69167]}, "properties": {"nom": "Barafoko", "nappe": "Socle pal\u00e9oc\u00e8ne", "type": "4", "couleur": "#1976D2"}}, {"type": "Feature", "geometry": {"type": "Point", "coordinates": [-12.83889, 12.69167]}, "properties": {"nom": "Barafoko", "nappe": "Socle pal\u00e9oc\u00e8ne", "type": "4", "couleur": "#1976D2"}}, {"type": "Feature", "geometry": {"type": "Point", "coordinates": [-12.85833, 12.68472]}, "properties": {"nom": "Thiangueto", "nappe": "Socle pal\u00e9oc\u00e8ne", "type": "4", "couleur": "#1976D2"}}, {"type": "Feature", "geometry": {"type": "Point", "coordinates": [-12.87389, 12.6675]}, "properties": {"nom": "Yappen", "nappe": "Socle pal\u00e9oc\u00e8ne", "type": "4", "couleur": "#1976D2"}}, {"type": "Feature", "geometry": {"type": "Point", "coordinates": [-12.8175, 12.67778]}, "properties": {"nom": "Kekeressy", "nappe": "Socle pal\u00e9oc\u00e8ne", "type": "4", "couleur": "#1976D2"}}, {"type": "Feature", "geometry": {"type": "Point", "coordinates": [-12.83861, 12.71694]}, "properties": {"nom": "Ingatitique", "nappe": "Socle pal\u00e9oc\u00e8ne", "type": "4", "couleur": "#1976D2"}}, {"type": "Feature", "geometry": {"type": "Point", "coordinates": [-12.86611, 12.6725]}, "properties": {"nom": "Edine", "nappe": "Socle pal\u00e9oc\u00e8ne", "type": "4", "couleur": "#1976D2"}}, {"type": "Feature", "geometry": {"type": "Point", "coordinates": [-12.36667, 12.73333]}, "properties": {"nom": "Bagnomba", "nappe": "Socle pal\u00e9oc\u00e8ne", "type": "4", "couleur": "#1976D2"}}, {"type": "Feature", "geometry": {"type": "Point", "coordinates": [-12.35, 12.69444]}, "properties": {"nom": "Batranke", "nappe": "Socle pal\u00e9oc\u00e8ne", "type": "4", "couleur": "#1976D2"}}, {"type": "Feature", "geometry": {"type": "Point", "coordinates": [-12.37361, 12.91667]}, "properties": {"nom": "Badon", "nappe": "Socle pal\u00e9oc\u00e8ne", "type": "4", "couleur": "#1976D2"}}, {"type": "Feature", "geometry": {"type": "Point", "coordinates": [-12.35694, 12.88056]}, "properties": {"nom": "Seguekho Bassari", "nappe": "Socle pal\u00e9oc\u00e8ne", "type": "4", "couleur": "#1976D2"}}, {"type": "Feature", "geometry": {"type": "Point", "coordinates": [-12.40833, 12.68611]}, "properties": {"nom": "Baraboye", "nappe": "Socle pal\u00e9oc\u00e8ne", "type": "4", "couleur": "#1976D2"}}, {"type": "Feature", "geometry": {"type": "Point", "coordinates": [-12.40833, 12.68611]}, "properties": {"nom": "Baraboye", "nappe": "Socle pal\u00e9oc\u00e8ne", "type": "4", "couleur": "#1976D2"}}, {"type": "Feature", "geometry": {"type": "Point", "coordinates": [-12.465, 12.80583]}, "properties": {"nom": "Amerique", "nappe": "Socle pal\u00e9oc\u00e8ne", "type": "4", "couleur": "#1976D2"}}, {"type": "Feature", "geometry": {"type": "Point", "coordinates": [-12.34583, 12.85556]}, "properties": {"nom": "Marougoukoto", "nappe": "Socle pal\u00e9oc\u00e8ne", "type": "4", "couleur": "#1976D2"}}, {"type": "Feature", "geometry": {"type": "Point", "coordinates": [-12.3575, 12.85861]}, "properties": {"nom": "Niemenike", "nappe": "Socle pal\u00e9oc\u00e8ne", "type": "4", "couleur": "#1976D2"}}, {"type": "Feature", "geometry": {"type": "Point", "coordinates": [-12.46722, 12.7475]}, "properties": {"nom": "Sekouta", "nappe": "Socle pal\u00e9oc\u00e8ne", "type": "4", "couleur": "#1976D2"}}, {"type": "Feature", "geometry": {"type": "Point", "coordinates": [-12.35, 12.85833]}, "properties": {"nom": "Mako F1", "nappe": "Socle pal\u00e9oc\u00e8ne", "type": "4", "couleur": "#1976D2"}}, {"type": "Feature", "geometry": {"type": "Point", "coordinates": [-12.36389, 12.71444]}, "properties": {"nom": "Baniomba", "nappe": "Socle pal\u00e9oc\u00e8ne", "type": "4", "couleur": "#1976D2"}}, {"type": "Feature", "geometry": {"type": "Point", "coordinates": [-12.37694, 12.91806]}, "properties": {"nom": "Badonsibikiling", "nappe": "Socle pal\u00e9oc\u00e8ne", "type": "4", "couleur": "#1976D2"}}, {"type": "Feature", "geometry": {"type": "Point", "coordinates": [-12.37694, 12.91806]}, "properties": {"nom": "Bafoundou", "nappe": "Socle pal\u00e9oc\u00e8ne", "type": "4", "couleur": "#1976D2"}}, {"type": "Feature", "geometry": {"type": "Point", "coordinates": [-12.35889, 12.87889]}, "properties": {"nom": "Neguebakho", "nappe": "Socle pal\u00e9oc\u00e8ne", "type": "4", "couleur": "#1976D2"}}, {"type": "Feature", "geometry": {"type": "Point", "coordinates": [-12.35194, 12.87528]}, "properties": {"nom": "Touba Diakha", "nappe": "Socle pal\u00e9oc\u00e8ne", "type": "4", "couleur": "#1976D2"}}, {"type": "Feature", "geometry": {"type": "Point", "coordinates": [-12.38194, 12.71361]}, "properties": {"nom": "Tikankali", "nappe": "Socle pal\u00e9oc\u00e8ne", "type": "4", "couleur": "#1976D2"}}, {"type": "Feature", "geometry": {"type": "Point", "coordinates": [-12.47361, 12.7825]}, "properties": {"nom": "Bomboya", "nappe": "Socle pal\u00e9oc\u00e8ne", "type": "4", "couleur": "#1976D2"}}, {"type": "Feature", "geometry": {"type": "Point", "coordinates": [-12.37667, 12.91833]}, "properties": {"nom": "Sibikiling", "nappe": "Socle pal\u00e9oc\u00e8ne", "type": "4", "couleur": "#1976D2"}}, {"type": "Feature", "geometry": {"type": "Point", "coordinates": [-12.33333, 12.68333]}, "properties": {"nom": "Bantata Malinke", "nappe": "Socle pal\u00e9oc\u00e8ne", "type": "4", "couleur": "#1976D2"}}, {"type": "Feature", "geometry": {"type": "Point", "coordinates": [-12.16667, 12.88333]}, "properties": {"nom": "Kanoumeri", "nappe": "Socle pal\u00e9oc\u00e8ne", "type": "4", "couleur": "#1976D2"}}, {"type": "Feature", "geometry": {"type": "Point", "coordinates": [-12.29028, 12.79722]}, "properties": {"nom": "Tomboronkoto", "nappe": "Socle pal\u00e9oc\u00e8ne", "type": "4", "couleur": "#1976D2"}}, {"type": "Feature", "geometry": {"type": "Point", "coordinates": [-12.33194, 12.68333]}, "properties": {"nom": "Bantata Tanda", "nappe": "Socle pal\u00e9oc\u00e8ne", "type": "4", "couleur": "#1976D2"}}, {"type": "Feature", "geometry": {"type": "Point", "coordinates": [-13.95, 12.75417]}, "properties": {"nom": "Pakour", "nappe": "Socle pal\u00e9oc\u00e8ne", "type": "4", "couleur": "#1976D2"}}, {"type": "Feature", "geometry": {"type": "Point", "coordinates": [-13.81111, 16.07389]}, "properties": {"nom": "Ganguel", "nappe": "Socle pal\u00e9oc\u00e8ne", "type": "4", "couleur": "#1976D2"}}, {"type": "Feature", "geometry": {"type": "Point", "coordinates": [-12.68056, 15.04917]}, "properties": {"nom": "Yacine Lacke", "nappe": "Socle pal\u00e9oc\u00e8ne", "type": "4", "couleur": "#1976D2"}}, {"type": "Feature", "geometry": {"type": "Point", "coordinates": [-12.69167, 15.03889]}, "properties": {"nom": "Thiagnaf", "nappe": "Socle pal\u00e9oc\u00e8ne", "type": "4", "couleur": "#1976D2"}}, {"type": "Feature", "geometry": {"type": "Point", "coordinates": [-12.69167, 15.03889]}, "properties": {"nom": "Verma", "nappe": "Socle pal\u00e9oc\u00e8ne", "type": "4", "couleur": "#1976D2"}}, {"type": "Feature", "geometry": {"type": "Point", "coordinates": [-15.08361, 12.89889]}, "properties": {"nom": "Dounde", "nappe": "Socle pal\u00e9oc\u00e8ne", "type": "4", "couleur": "#1976D2"}}, {"type": "Feature", "geometry": {"type": "Point", "coordinates": [-12.77028, 15.07806]}, "properties": {"nom": "Arafat", "nappe": "Socle pal\u00e9oc\u00e8ne", "type": "4", "couleur": "#1976D2"}}, {"type": "Feature", "geometry": {"type": "Point", "coordinates": [-12.77028, 15.07806]}, "properties": {"nom": "Kaval", "nappe": "Socle pal\u00e9oc\u00e8ne", "type": "4", "couleur": "#1976D2"}}, {"type": "Feature", "geometry": {"type": "Point", "coordinates": [-12.74194, 15.02472]}, "properties": {"nom": "Appe Diaoube", "nappe": "Socle pal\u00e9oc\u00e8ne", "type": "4", "couleur": "#1976D2"}}, {"type": "Feature", "geometry": {"type": "Point", "coordinates": [-12.685, 15.05333]}, "properties": {"nom": "Yacine Lacke", "nappe": "Socle pal\u00e9oc\u00e8ne", "type": "4", "couleur": "#1976D2"}}, {"type": "Feature", "geometry": {"type": "Point", "coordinates": [-12.74472, 15.02472]}, "properties": {"nom": "Appe Dialloumbe", "nappe": "Socle pal\u00e9oc\u00e8ne", "type": "4", "couleur": "#1976D2"}}, {"type": "Feature", "geometry": {"type": "Point", "coordinates": [-12.74472, 15.01611]}, "properties": {"nom": "Appe Ranghabe", "nappe": "Socle pal\u00e9oc\u00e8ne", "type": "4", "couleur": "#1976D2"}}, {"type": "Feature", "geometry": {"type": "Point", "coordinates": [-12.74417, 15.09056]}, "properties": {"nom": "Mayel Kadji", "nappe": "Socle pal\u00e9oc\u00e8ne", "type": "4", "couleur": "#1976D2"}}, {"type": "Feature", "geometry": {"type": "Point", "coordinates": [-12.74528, 15.01528]}, "properties": {"nom": "Appe Ranghabe", "nappe": "Socle pal\u00e9oc\u00e8ne", "type": "4", "couleur": "#1976D2"}}, {"type": "Feature", "geometry": {"type": "Point", "coordinates": [-12.5375, 15.00556]}, "properties": {"nom": "Diawara", "nappe": "Socle pal\u00e9oc\u00e8ne", "type": "4", "couleur": "#1976D2"}}, {"type": "Feature", "geometry": {"type": "Point", "coordinates": [-12.665, 15.00139]}, "properties": {"nom": "Ouro Silimaka", "nappe": "Socle pal\u00e9oc\u00e8ne", "type": "4", "couleur": "#1976D2"}}, {"type": "Feature", "geometry": {"type": "Point", "coordinates": [-12.67111, 15.00139]}, "properties": {"nom": "Ouro Mboulel", "nappe": "Socle pal\u00e9oc\u00e8ne", "type": "4", "couleur": "#1976D2"}}, {"type": "Feature", "geometry": {"type": "Point", "coordinates": [-12.61444, 15.00083]}, "properties": {"nom": "Bondji Sinthiane", "nappe": "Socle pal\u00e9oc\u00e8ne", "type": "4", "couleur": "#1976D2"}}, {"type": "Feature", "geometry": {"type": "Point", "coordinates": [-12.73333, 14.96667]}, "properties": {"nom": "Ganguel Maka", "nappe": "Socle pal\u00e9oc\u00e8ne", "type": "4", "couleur": "#1976D2"}}, {"type": "Feature", "geometry": {"type": "Point", "coordinates": [-12.73333, 14.95]}, "properties": {"nom": "Ganguel Maka", "nappe": "Socle pal\u00e9oc\u00e8ne", "type": "4", "couleur": "#1976D2"}}, {"type": "Feature", "geometry": {"type": "Point", "coordinates": [-12.73333, 14.96667]}, "properties": {"nom": "Ganguel Maka I", "nappe": "Socle pal\u00e9oc\u00e8ne", "type": "4", "couleur": "#1976D2"}}, {"type": "Feature", "geometry": {"type": "Point", "coordinates": [-12.68778, 14.86444]}, "properties": {"nom": "Koininguel", "nappe": "Socle pal\u00e9oc\u00e8ne", "type": "4", "couleur": "#1976D2"}}, {"type": "Feature", "geometry": {"type": "Point", "coordinates": [-12.73056, 14.92556]}, "properties": {"nom": "Guanguel Mama Demba", "nappe": "Socle pal\u00e9oc\u00e8ne", "type": "4", "couleur": "#1976D2"}}, {"type": "Feature", "geometry": {"type": "Point", "coordinates": [-12.91778, 14.96444]}, "properties": {"nom": "Babangol", "nappe": "Socle pal\u00e9oc\u00e8ne", "type": "4", "couleur": "#1976D2"}}, {"type": "Feature", "geometry": {"type": "Point", "coordinates": [-12.73639, 14.99639]}, "properties": {"nom": "Appe Sakobe", "nappe": "Socle pal\u00e9oc\u00e8ne", "type": "4", "couleur": "#1976D2"}}, {"type": "Feature", "geometry": {"type": "Point", "coordinates": [-12.3375, 14.725]}, "properties": {"nom": "Marsa", "nappe": "Socle pal\u00e9oc\u00e8ne", "type": "4", "couleur": "#1976D2"}}, {"type": "Feature", "geometry": {"type": "Point", "coordinates": [-12.55833, 14.84722]}, "properties": {"nom": "Kahe", "nappe": "Socle pal\u00e9oc\u00e8ne", "type": "4", "couleur": "#1976D2"}}, {"type": "Feature", "geometry": {"type": "Point", "coordinates": [-12.45833, 14.83333]}, "properties": {"nom": "Bema", "nappe": "Socle pal\u00e9oc\u00e8ne", "type": "4", "couleur": "#1976D2"}}, {"type": "Feature", "geometry": {"type": "Point", "coordinates": [-12.36667, 14.66667]}, "properties": {"nom": "Sare Fadoube", "nappe": "Socle pal\u00e9oc\u00e8ne", "type": "4", "couleur": "#1976D2"}}, {"type": "Feature", "geometry": {"type": "Point", "coordinates": [-12.60833, 14.98333]}, "properties": {"nom": "Bandie", "nappe": "Socle pal\u00e9oc\u00e8ne", "type": "4", "couleur": "#1976D2"}}, {"type": "Feature", "geometry": {"type": "Point", "coordinates": [-12.51528, 14.91111]}, "properties": {"nom": "Tourime", "nappe": "Socle pal\u00e9oc\u00e8ne", "type": "4", "couleur": "#1976D2"}}, {"type": "Feature", "geometry": {"type": "Point", "coordinates": [-12.55417, 14.85]}, "properties": {"nom": "Kahe", "nappe": "Socle pal\u00e9oc\u00e8ne", "type": "4", "couleur": "#1976D2"}}, {"type": "Feature", "geometry": {"type": "Point", "coordinates": [-12.5375, 14.84583]}, "properties": {"nom": "Mayel Fili", "nappe": "Socle pal\u00e9oc\u00e8ne", "type": "4", "couleur": "#1976D2"}}, {"type": "Feature", "geometry": {"type": "Point", "coordinates": [-12.51667, 14.73333]}, "properties": {"nom": "Sira Torobe", "nappe": "Socle pal\u00e9oc\u00e8ne", "type": "4", "couleur": "#1976D2"}}, {"type": "Feature", "geometry": {"type": "Point", "coordinates": [-12.46389, 14.78472]}, "properties": {"nom": "Diabal", "nappe": "Socle pal\u00e9oc\u00e8ne", "type": "4", "couleur": "#1976D2"}}, {"type": "Feature", "geometry": {"type": "Point", "coordinates": [-12.43889, 14.81389]}, "properties": {"nom": "Missira Samba Yide", "nappe": "Socle pal\u00e9oc\u00e8ne", "type": "4", "couleur": "#1976D2"}}, {"type": "Feature", "geometry": {"type": "Point", "coordinates": [-12.34861, 14.81944]}, "properties": {"nom": "Borde Diawara", "nappe": "Socle pal\u00e9oc\u00e8ne", "type": "4", "couleur": "#1976D2"}}, {"type": "Feature", "geometry": {"type": "Point", "coordinates": [-12.47917, 14.82917]}, "properties": {"nom": "Alahina Bambara F2", "nappe": "Socle pal\u00e9oc\u00e8ne", "type": "4", "couleur": "#1976D2"}}, {"type": "Feature", "geometry": {"type": "Point", "coordinates": [-12.4875, 14.95694]}, "properties": {"nom": "Manthiabou", "nappe": "Socle pal\u00e9oc\u00e8ne", "type": "4", "couleur": "#1976D2"}}, {"type": "Feature", "geometry": {"type": "Point", "coordinates": [-12.5375, 14.84583]}, "properties": {"nom": "Mayel Fili", "nappe": "Socle pal\u00e9oc\u00e8ne", "type": "4", "couleur": "#1976D2"}}, {"type": "Feature", "geometry": {"type": "Point", "coordinates": [-12.51528, 14.91111]}, "properties": {"nom": "Tourime", "nappe": "Socle pal\u00e9oc\u00e8ne", "type": "4", "couleur": "#1976D2"}}, {"type": "Feature", "geometry": {"type": "Point", "coordinates": [-12.58333, 14.85]}, "properties": {"nom": "Kahe", "nappe": "Socle pal\u00e9oc\u00e8ne", "type": "4", "couleur": "#1976D2"}}, {"type": "Feature", "geometry": {"type": "Point", "coordinates": [-12.4875, 14.95694]}, "properties": {"nom": "Manthiabou", "nappe": "Socle pal\u00e9oc\u00e8ne", "type": "4", "couleur": "#1976D2"}}, {"type": "Feature", "geometry": {"type": "Point", "coordinates": [-12.47222, 14.86139]}, "properties": {"nom": "Kanda", "nappe": "Socle pal\u00e9oc\u00e8ne", "type": "4", "couleur": "#1976D2"}}, {"type": "Feature", "geometry": {"type": "Point", "coordinates": [-12.47917, 14.82917]}, "properties": {"nom": "Alahina Bambara F1", "nappe": "Socle pal\u00e9oc\u00e8ne", "type": "4", "couleur": "#1976D2"}}, {"type": "Feature", "geometry": {"type": "Point", "coordinates": [-12.52083, 14.83472]}, "properties": {"nom": "Ololdou Boundou", "nappe": "Socle pal\u00e9oc\u00e8ne", "type": "4", "couleur": "#1976D2"}}, {"type": "Feature", "geometry": {"type": "Point", "coordinates": [-12.575, 14.79694]}, "properties": {"nom": "Samba Gouro", "nappe": "Socle pal\u00e9oc\u00e8ne", "type": "4", "couleur": "#1976D2"}}, {"type": "Feature", "geometry": {"type": "Point", "coordinates": [-12.575, 14.79861]}, "properties": {"nom": "Samba Gouro", "nappe": "Socle pal\u00e9oc\u00e8ne", "type": "4", "couleur": "#1976D2"}}, {"type": "Feature", "geometry": {"type": "Point", "coordinates": [-12.575, 14.79861]}, "properties": {"nom": "Samba Gouro", "nappe": "Socle pal\u00e9oc\u00e8ne", "type": "4", "couleur": "#1976D2"}}, {"type": "Feature", "geometry": {"type": "Point", "coordinates": [-12.49722, 14.81667]}, "properties": {"nom": "Borde Diawara", "nappe": "Socle pal\u00e9oc\u00e8ne", "type": "4", "couleur": "#1976D2"}}, {"type": "Feature", "geometry": {"type": "Point", "coordinates": [-12.55417, 14.85]}, "properties": {"nom": "Kahe", "nappe": "Socle pal\u00e9oc\u00e8ne", "type": "4", "couleur": "#1976D2"}}, {"type": "Feature", "geometry": {"type": "Point", "coordinates": [-12.46667, 14.97778]}, "properties": {"nom": "Tuabou Ii", "nappe": "Socle pal\u00e9oc\u00e8ne", "type": "4", "couleur": "#1976D2"}}, {"type": "Feature", "geometry": {"type": "Point", "coordinates": [-12.52083, 14.83472]}, "properties": {"nom": "Ololdou Boundou", "nappe": "Socle pal\u00e9oc\u00e8ne", "type": "4", "couleur": "#1976D2"}}, {"type": "Feature", "geometry": {"type": "Point", "coordinates": [-12.52083, 14.83472]}, "properties": {"nom": "Ololdou Boundou", "nappe": "Socle pal\u00e9oc\u00e8ne", "type": "4", "couleur": "#1976D2"}}, {"type": "Feature", "geometry": {"type": "Point", "coordinates": [-12.51667, 14.73333]}, "properties": {"nom": "Sira Torobe", "nappe": "Socle pal\u00e9oc\u00e8ne", "type": "4", "couleur": "#1976D2"}}, {"type": "Feature", "geometry": {"type": "Point", "coordinates": [-12.49722, 14.81667]}, "properties": {"nom": "Borde Diawara", "nappe": "Socle pal\u00e9oc\u00e8ne", "type": "4", "couleur": "#1976D2"}}, {"type": "Feature", "geometry": {"type": "Point", "coordinates": [-12.41472, 14.74278]}, "properties": {"nom": "Billebobore", "nappe": "Socle pal\u00e9oc\u00e8ne", "type": "4", "couleur": "#1976D2"}}, {"type": "Feature", "geometry": {"type": "Point", "coordinates": [-12.49222, 14.96111]}, "properties": {"nom": "Bandiagara", "nappe": "Socle pal\u00e9oc\u00e8ne", "type": "4", "couleur": "#1976D2"}}, {"type": "Feature", "geometry": {"type": "Point", "coordinates": [-12.6125, 14.91778]}, "properties": {"nom": "Alana", "nappe": "Socle pal\u00e9oc\u00e8ne", "type": "4", "couleur": "#1976D2"}}, {"type": "Feature", "geometry": {"type": "Point", "coordinates": [-13.61028, 14.86361]}, "properties": {"nom": "Boulibany", "nappe": "Socle pal\u00e9oc\u00e8ne", "type": "4", "couleur": "#1976D2"}}, {"type": "Feature", "geometry": {"type": "Point", "coordinates": [-12.66389, 14.99306]}, "properties": {"nom": "Gourel Gueda", "nappe": "Socle pal\u00e9oc\u00e8ne", "type": "4", "couleur": "#1976D2"}}, {"type": "Feature", "geometry": {"type": "Point", "coordinates": [-12.65806, 14.97778]}, "properties": {"nom": "Gaoude Wambabe", "nappe": "Socle pal\u00e9oc\u00e8ne", "type": "4", "couleur": "#1976D2"}}, {"type": "Feature", "geometry": {"type": "Point", "coordinates": [-12.62639, 14.98972]}, "properties": {"nom": "Bondji Walidiala", "nappe": "Socle pal\u00e9oc\u00e8ne", "type": "4", "couleur": "#1976D2"}}, {"type": "Feature", "geometry": {"type": "Point", "coordinates": [-12.63667, 15.00222]}, "properties": {"nom": "Bondji Waly", "nappe": "Socle pal\u00e9oc\u00e8ne", "type": "4", "couleur": "#1976D2"}}, {"type": "Feature", "geometry": {"type": "Point", "coordinates": [-12.66056, 14.97722]}, "properties": {"nom": "Gaoude Boffe", "nappe": "Socle pal\u00e9oc\u00e8ne", "type": "4", "couleur": "#1976D2"}}, {"type": "Feature", "geometry": {"type": "Point", "coordinates": [-12.59583, 14.89778]}, "properties": {"nom": "Tata Bathily", "nappe": "Socle pal\u00e9oc\u00e8ne", "type": "4", "couleur": "#1976D2"}}, {"type": "Feature", "geometry": {"type": "Point", "coordinates": [-12.66167, 14.95972]}, "properties": {"nom": "Thiawalol", "nappe": "Socle pal\u00e9oc\u00e8ne", "type": "4", "couleur": "#1976D2"}}, {"type": "Feature", "geometry": {"type": "Point", "coordinates": [-12.47917, 14.82861]}, "properties": {"nom": "Alahina Maure", "nappe": "Socle pal\u00e9oc\u00e8ne", "type": "4", "couleur": "#1976D2"}}, {"type": "Feature", "geometry": {"type": "Point", "coordinates": [-12.41444, 14.74278]}, "properties": {"nom": "Bellibobore", "nappe": "Socle pal\u00e9oc\u00e8ne", "type": "4", "couleur": "#1976D2"}}, {"type": "Feature", "geometry": {"type": "Point", "coordinates": [-12.45972, 14.82722]}, "properties": {"nom": "Bema", "nappe": "Socle pal\u00e9oc\u00e8ne", "type": "4", "couleur": "#1976D2"}}, {"type": "Feature", "geometry": {"type": "Point", "coordinates": [-12.49833, 14.98222]}, "properties": {"nom": "Borde Diawara", "nappe": "Socle pal\u00e9oc\u00e8ne", "type": "4", "couleur": "#1976D2"}}, {"type": "Feature", "geometry": {"type": "Point", "coordinates": [-12.46611, 14.79]}, "properties": {"nom": "Diabal", "nappe": "Socle pal\u00e9oc\u00e8ne", "type": "4", "couleur": "#1976D2"}}, {"type": "Feature", "geometry": {"type": "Point", "coordinates": [-12.46611, 14.79]}, "properties": {"nom": "Gourel Dialloube", "nappe": "Socle pal\u00e9oc\u00e8ne", "type": "4", "couleur": "#1976D2"}}, {"type": "Feature", "geometry": {"type": "Point", "coordinates": [-12.38444, 14.76222]}, "properties": {"nom": "Guethie", "nappe": "Socle pal\u00e9oc\u00e8ne", "type": "4", "couleur": "#1976D2"}}, {"type": "Feature", "geometry": {"type": "Point", "coordinates": [-12.54417, 14.74278]}, "properties": {"nom": "Mayel Hamath", "nappe": "Socle pal\u00e9oc\u00e8ne", "type": "4", "couleur": "#1976D2"}}, {"type": "Feature", "geometry": {"type": "Point", "coordinates": [-12.46556, 14.84]}, "properties": {"nom": "Moribougou", "nappe": "Socle pal\u00e9oc\u00e8ne", "type": "4", "couleur": "#1976D2"}}, {"type": "Feature", "geometry": {"type": "Point", "coordinates": [-12.52778, 14.83361]}, "properties": {"nom": "Ololdou Boundou", "nappe": "Socle pal\u00e9oc\u00e8ne", "type": "4", "couleur": "#1976D2"}}, {"type": "Feature", "geometry": {"type": "Point", "coordinates": [-12.525, 14.83472]}, "properties": {"nom": "Ololdou Escale", "nappe": "Socle pal\u00e9oc\u00e8ne", "type": "4", "couleur": "#1976D2"}}, {"type": "Feature", "geometry": {"type": "Point", "coordinates": [-12.43333, 14.67444]}, "properties": {"nom": "Samba Konte", "nappe": "Socle pal\u00e9oc\u00e8ne", "type": "4", "couleur": "#1976D2"}}, {"type": "Feature", "geometry": {"type": "Point", "coordinates": [-12.43333, 14.67444]}, "properties": {"nom": "Samba Konte", "nappe": "Socle pal\u00e9oc\u00e8ne", "type": "4", "couleur": "#1976D2"}}, {"type": "Feature", "geometry": {"type": "Point", "coordinates": [-12.44361, 14.64194]}, "properties": {"nom": "Samba Yide", "nappe": "Socle pal\u00e9oc\u00e8ne", "type": "4", "couleur": "#1976D2"}}, {"type": "Feature", "geometry": {"type": "Point", "coordinates": [-12.59778, 14.78167]}, "properties": {"nom": "Sinthiou Thingolel", "nappe": "Socle pal\u00e9oc\u00e8ne", "type": "4", "couleur": "#1976D2"}}, {"type": "Feature", "geometry": {"type": "Point", "coordinates": [-12.56222, 14.94944]}, "properties": {"nom": "Sira Baydi", "nappe": "Socle pal\u00e9oc\u00e8ne", "type": "4", "couleur": "#1976D2"}}, {"type": "Feature", "geometry": {"type": "Point", "coordinates": [-12.52361, 14.7275]}, "properties": {"nom": "Sira Demboye", "nappe": "Socle pal\u00e9oc\u00e8ne", "type": "4", "couleur": "#1976D2"}}, {"type": "Feature", "geometry": {"type": "Point", "coordinates": [-12.53028, 14.71083]}, "properties": {"nom": "Sira Doundou", "nappe": "Socle pal\u00e9oc\u00e8ne", "type": "4", "couleur": "#1976D2"}}, {"type": "Feature", "geometry": {"type": "Point", "coordinates": [-12.53056, 14.72056]}, "properties": {"nom": "Sira Samba Ngada", "nappe": "Socle pal\u00e9oc\u00e8ne", "type": "4", "couleur": "#1976D2"}}, {"type": "Feature", "geometry": {"type": "Point", "coordinates": [-12.52861, 14.88306]}, "properties": {"nom": "Sira Simbing", "nappe": "Socle pal\u00e9oc\u00e8ne", "type": "4", "couleur": "#1976D2"}}, {"type": "Feature", "geometry": {"type": "Point", "coordinates": [-12.52028, 14.73222]}, "properties": {"nom": "Sira Sissibe", "nappe": "Socle pal\u00e9oc\u00e8ne", "type": "4", "couleur": "#1976D2"}}, {"type": "Feature", "geometry": {"type": "Point", "coordinates": [-12.43333, 14.775]}, "properties": {"nom": "Gouniang", "nappe": "Socle pal\u00e9oc\u00e8ne", "type": "4", "couleur": "#1976D2"}}, {"type": "Feature", "geometry": {"type": "Point", "coordinates": [-12.35583, 14.82111]}, "properties": {"nom": "Golmy", "nappe": "Socle pal\u00e9oc\u00e8ne", "type": "4", "couleur": "#1976D2"}}, {"type": "Feature", "geometry": {"type": "Point", "coordinates": [-12.40083, 14.83833]}, "properties": {"nom": "Koungany", "nappe": "Socle pal\u00e9oc\u00e8ne", "type": "4", "couleur": "#1976D2"}}, {"type": "Feature", "geometry": {"type": "Point", "coordinates": [-12.49222, 14.79444]}, "properties": {"nom": "Bandiagara", "nappe": "Socle pal\u00e9oc\u00e8ne", "type": "4", "couleur": "#1976D2"}}, {"type": "Feature", "geometry": {"type": "Point", "coordinates": [-12.62083, 14.9925]}, "properties": {"nom": "Bondji Ceebe", "nappe": "Socle pal\u00e9oc\u00e8ne", "type": "4", "couleur": "#1976D2"}}, {"type": "Feature", "geometry": {"type": "Point", "coordinates": [-12.61778, 14.99806]}, "properties": {"nom": "Bondji Foulabe", "nappe": "Socle pal\u00e9oc\u00e8ne", "type": "4", "couleur": "#1976D2"}}, {"type": "Feature", "geometry": {"type": "Point", "coordinates": [-12.62917, 14.99278]}, "properties": {"nom": "Bondji Ndiobo", "nappe": "Socle pal\u00e9oc\u00e8ne", "type": "4", "couleur": "#1976D2"}}, {"type": "Feature", "geometry": {"type": "Point", "coordinates": [-12.57889, 14.95306]}, "properties": {"nom": "Diamweli Garage", "nappe": "Socle pal\u00e9oc\u00e8ne", "type": "4", "couleur": "#1976D2"}}, {"type": "Feature", "geometry": {"type": "Point", "coordinates": [-12.56528, 14.90306]}, "properties": {"nom": "Gourel Daw", "nappe": "Socle pal\u00e9oc\u00e8ne", "type": "4", "couleur": "#1976D2"}}, {"type": "Feature", "geometry": {"type": "Point", "coordinates": [-12.50444, 14.945]}, "properties": {"nom": "Manthiabou", "nappe": "Socle pal\u00e9oc\u00e8ne", "type": "4", "couleur": "#1976D2"}}, {"type": "Feature", "geometry": {"type": "Point", "coordinates": [-12.59139, 14.90083]}, "properties": {"nom": "Mbomoyabe", "nappe": "Socle pal\u00e9oc\u00e8ne", "type": "4", "couleur": "#1976D2"}}, {"type": "Feature", "geometry": {"type": "Point", "coordinates": [-12.60222, 14.9175]}, "properties": {"nom": "Namandery", "nappe": "Socle pal\u00e9oc\u00e8ne", "type": "4", "couleur": "#1976D2"}}, {"type": "Feature", "geometry": {"type": "Point", "coordinates": [-12.59944, 14.92306]}, "properties": {"nom": "Saboucire Foulbe", "nappe": "Socle pal\u00e9oc\u00e8ne", "type": "4", "couleur": "#1976D2"}}, {"type": "Feature", "geometry": {"type": "Point", "coordinates": [-12.44278, 14.85806]}, "properties": {"nom": "Falo Boulo", "nappe": "Socle pal\u00e9oc\u00e8ne", "type": "4", "couleur": "#1976D2"}}, {"type": "Feature", "geometry": {"type": "Point", "coordinates": [-12.23333, 14.74167]}, "properties": {"nom": "Ballou", "nappe": "Socle pal\u00e9oc\u00e8ne", "type": "4", "couleur": "#1976D2"}}, {"type": "Feature", "geometry": {"type": "Point", "coordinates": [-12.16667, 14.68333]}, "properties": {"nom": "Sebou", "nappe": "Socle pal\u00e9oc\u00e8ne", "type": "4", "couleur": "#1976D2"}}, {"type": "Feature", "geometry": {"type": "Point", "coordinates": [-12.17667, 14.68667]}, "properties": {"nom": "Sebou", "nappe": "Socle pal\u00e9oc\u00e8ne", "type": "4", "couleur": "#1976D2"}}, {"type": "Feature", "geometry": {"type": "Point", "coordinates": [-12.36944, 14.38889]}, "properties": {"nom": "Sinthiou Fissa", "nappe": "Socle pal\u00e9oc\u00e8ne", "type": "4", "couleur": "#1976D2"}}, {"type": "Feature", "geometry": {"type": "Point", "coordinates": [-12.4, 14.35]}, "properties": {"nom": "Youpe Hamadi", "nappe": "Socle pal\u00e9oc\u00e8ne", "type": "4", "couleur": "#1976D2"}}, {"type": "Feature", "geometry": {"type": "Point", "coordinates": [-12.4, 14.35]}, "properties": {"nom": "Youpe Hamadi", "nappe": "Socle pal\u00e9oc\u00e8ne", "type": "4", "couleur": "#1976D2"}}, {"type": "Feature", "geometry": {"type": "Point", "coordinates": [-12.375, 14.66389]}, "properties": {"nom": "Kadiel Samboubou", "nappe": "Socle pal\u00e9oc\u00e8ne", "type": "4", "couleur": "#1976D2"}}, {"type": "Feature", "geometry": {"type": "Point", "coordinates": [-12.3375, 14.50333]}, "properties": {"nom": "Mama Ndao", "nappe": "Socle pal\u00e9oc\u00e8ne", "type": "4", "couleur": "#1976D2"}}, {"type": "Feature", "geometry": {"type": "Point", "coordinates": [-12.45694, 14.39722]}, "properties": {"nom": "Arigabo", "nappe": "Socle pal\u00e9oc\u00e8ne", "type": "4", "couleur": "#1976D2"}}, {"type": "Feature", "geometry": {"type": "Point", "coordinates": [-12.45417, 14.34583]}, "properties": {"nom": "Gourel Seno Youpe", "nappe": "Socle pal\u00e9oc\u00e8ne", "type": "4", "couleur": "#1976D2"}}, {"type": "Feature", "geometry": {"type": "Point", "coordinates": [-12.37361, 14.3375]}, "properties": {"nom": "Sakho Counda", "nappe": "Socle pal\u00e9oc\u00e8ne", "type": "4", "couleur": "#1976D2"}}, {"type": "Feature", "geometry": {"type": "Point", "coordinates": [-12.45694, 14.39722]}, "properties": {"nom": "Arigabo", "nappe": "Socle pal\u00e9oc\u00e8ne", "type": "4", "couleur": "#1976D2"}}, {"type": "Feature", "geometry": {"type": "Point", "coordinates": [-12.45417, 14.34583]}, "properties": {"nom": "Seno Youpe", "nappe": "Socle pal\u00e9oc\u00e8ne", "type": "4", "couleur": "#1976D2"}}, {"type": "Feature", "geometry": {"type": "Point", "coordinates": [-12.44694, 14.53833]}, "properties": {"nom": "Thioke", "nappe": "Socle pal\u00e9oc\u00e8ne", "type": "4", "couleur": "#1976D2"}}, {"type": "Feature", "geometry": {"type": "Point", "coordinates": [-12.38222, 14.34139]}, "properties": {"nom": "Daka Sakho", "nappe": "Socle pal\u00e9oc\u00e8ne", "type": "4", "couleur": "#1976D2"}}, {"type": "Feature", "geometry": {"type": "Point", "coordinates": [-12.36944, 14.39167]}, "properties": {"nom": "Sinthiou Fissa", "nappe": "Socle pal\u00e9oc\u00e8ne", "type": "4", "couleur": "#1976D2"}}, {"type": "Feature", "geometry": {"type": "Point", "coordinates": [-12.4, 14.35]}, "properties": {"nom": "Youpe Hamady", "nappe": "Socle pal\u00e9oc\u00e8ne", "type": "4", "couleur": "#1976D2"}}, {"type": "Feature", "geometry": {"type": "Point", "coordinates": [-12.45917, 14.39972]}, "properties": {"nom": "Arigabo", "nappe": "Socle pal\u00e9oc\u00e8ne", "type": "4", "couleur": "#1976D2"}}, {"type": "Feature", "geometry": {"type": "Point", "coordinates": [-12.44667, 14.56111]}, "properties": {"nom": "Fete Golombi", "nappe": "Socle pal\u00e9oc\u00e8ne", "type": "4", "couleur": "#1976D2"}}, {"type": "Feature", "geometry": {"type": "Point", "coordinates": [-12.46111, 14.48472]}, "properties": {"nom": "Gambi Diaoube", "nappe": "Socle pal\u00e9oc\u00e8ne", "type": "4", "couleur": "#1976D2"}}, {"type": "Feature", "geometry": {"type": "Point", "coordinates": [-12.45, 14.38278]}, "properties": {"nom": "Gourel Bouli", "nappe": "Socle pal\u00e9oc\u00e8ne", "type": "4", "couleur": "#1976D2"}}, {"type": "Feature", "geometry": {"type": "Point", "coordinates": [-12.45889, 14.43222]}, "properties": {"nom": "Gourel Fadjigui", "nappe": "Socle pal\u00e9oc\u00e8ne", "type": "4", "couleur": "#1976D2"}}, {"type": "Feature", "geometry": {"type": "Point", "coordinates": [-12.33778, 14.50556]}, "properties": {"nom": "Mamandao", "nappe": "Socle pal\u00e9oc\u00e8ne", "type": "4", "couleur": "#1976D2"}}, {"type": "Feature", "geometry": {"type": "Point", "coordinates": [-12.45722, 14.43833]}, "properties": {"nom": "Seno Issaga", "nappe": "Socle pal\u00e9oc\u00e8ne", "type": "4", "couleur": "#1976D2"}}, {"type": "Feature", "geometry": {"type": "Point", "coordinates": [-12.46667, 14.38083]}, "properties": {"nom": "Seno Samba Coulibaly", "nappe": "Socle pal\u00e9oc\u00e8ne", "type": "4", "couleur": "#1976D2"}}, {"type": "Feature", "geometry": {"type": "Point", "coordinates": [-12.45333, 14.36472]}, "properties": {"nom": "Seno Youpe", "nappe": "Socle pal\u00e9oc\u00e8ne", "type": "4", "couleur": "#1976D2"}}, {"type": "Feature", "geometry": {"type": "Point", "coordinates": [-12.44639, 14.45889]}, "properties": {"nom": "Wondale", "nappe": "Socle pal\u00e9oc\u00e8ne", "type": "4", "couleur": "#1976D2"}}, {"type": "Feature", "geometry": {"type": "Point", "coordinates": [-12.39306, 14.49722]}, "properties": {"nom": "Wouro Sileye", "nappe": "Socle pal\u00e9oc\u00e8ne", "type": "4", "couleur": "#1976D2"}}, {"type": "Feature", "geometry": {"type": "Point", "coordinates": [-12.35833, 14.34917]}, "properties": {"nom": "Sinthiou Samba Ndiarde", "nappe": "Socle pal\u00e9oc\u00e8ne", "type": "4", "couleur": "#1976D2"}}, {"type": "Feature", "geometry": {"type": "Point", "coordinates": [-12.45611, 14.42972]}, "properties": {"nom": "Fissa Darou", "nappe": "Socle pal\u00e9oc\u00e8ne", "type": "4", "couleur": "#1976D2"}}, {"type": "Feature", "geometry": {"type": "Point", "coordinates": [-12.395, 14.41583]}, "properties": {"nom": "Koundel", "nappe": "Socle pal\u00e9oc\u00e8ne", "type": "4", "couleur": "#1976D2"}}, {"type": "Feature", "geometry": {"type": "Point", "coordinates": [-12.37639, 14.33944]}, "properties": {"nom": "Sakhocounda", "nappe": "Socle pal\u00e9oc\u00e8ne", "type": "4", "couleur": "#1976D2"}}, {"type": "Feature", "geometry": {"type": "Point", "coordinates": [-12.45583, 14.42972]}, "properties": {"nom": "Fissa Darou (Seno Fissa)", "nappe": "Socle pal\u00e9oc\u00e8ne", "type": "4", "couleur": "#1976D2"}}, {"type": "Feature", "geometry": {"type": "Point", "coordinates": [-12.39306, 14.49722]}, "properties": {"nom": "Wouro Sileye", "nappe": "Socle pal\u00e9oc\u00e8ne", "type": "4", "couleur": "#1976D2"}}, {"type": "Feature", "geometry": {"type": "Point", "coordinates": [-12.35944, 14.34556]}, "properties": {"nom": "Sinthiou Samba Ndiarde", "nappe": "Socle pal\u00e9oc\u00e8ne", "type": "4", "couleur": "#1976D2"}}, {"type": "Feature", "geometry": {"type": "Point", "coordinates": [-12.37278, 14.34472]}, "properties": {"nom": "Diamweli Pathe Mbaye", "nappe": "Socle pal\u00e9oc\u00e8ne", "type": "4", "couleur": "#1976D2"}}, {"type": "Feature", "geometry": {"type": "Point", "coordinates": [-12.45611, 14.42917]}, "properties": {"nom": "Fissa Darou", "nappe": "Socle pal\u00e9oc\u00e8ne", "type": "4", "couleur": "#1976D2"}}, {"type": "Feature", "geometry": {"type": "Point", "coordinates": [-12.38444, 14.41889]}, "properties": {"nom": "Koundel", "nappe": "Socle pal\u00e9oc\u00e8ne", "type": "4", "couleur": "#1976D2"}}, {"type": "Feature", "geometry": {"type": "Point", "coordinates": [-12.37722, 14.33778]}, "properties": {"nom": "Sakhocounda", "nappe": "Socle pal\u00e9oc\u00e8ne", "type": "4", "couleur": "#1976D2"}}, {"type": "Feature", "geometry": {"type": "Point", "coordinates": [-12.39972, 14.33806]}, "properties": {"nom": "Youpe Pathe", "nappe": "Socle pal\u00e9oc\u00e8ne", "type": "4", "couleur": "#1976D2"}}, {"type": "Feature", "geometry": {"type": "Point", "coordinates": [-12.44889, 14.51139]}, "properties": {"nom": "Briffal Ii", "nappe": "Socle pal\u00e9oc\u00e8ne", "type": "4", "couleur": "#1976D2"}}, {"type": "Feature", "geometry": {"type": "Point", "coordinates": [-12.45917, 14.39972]}, "properties": {"nom": "Arigabo", "nappe": "Socle pal\u00e9oc\u00e8ne", "type": "4", "couleur": "#1976D2"}}, {"type": "Feature", "geometry": {"type": "Point", "coordinates": [-12.44667, 14.56111]}, "properties": {"nom": "Fete Golombi", "nappe": "Socle pal\u00e9oc\u00e8ne", "type": "4", "couleur": "#1976D2"}}, {"type": "Feature", "geometry": {"type": "Point", "coordinates": [-12.46111, 14.48472]}, "properties": {"nom": "Gambi Diaobe", "nappe": "Socle pal\u00e9oc\u00e8ne", "type": "4", "couleur": "#1976D2"}}, {"type": "Feature", "geometry": {"type": "Point", "coordinates": [-12.44889, 14.3825]}, "properties": {"nom": "Gourel Boully", "nappe": "Socle pal\u00e9oc\u00e8ne", "type": "4", "couleur": "#1976D2"}}, {"type": "Feature", "geometry": {"type": "Point", "coordinates": [-12.45889, 14.43222]}, "properties": {"nom": "Gourel Fadjigui", "nappe": "Socle pal\u00e9oc\u00e8ne", "type": "4", "couleur": "#1976D2"}}, {"type": "Feature", "geometry": {"type": "Point", "coordinates": [-12.46639, 14.38083]}, "properties": {"nom": "Seno (Gourel) Samba Coulibaly", "nappe": "Socle pal\u00e9oc\u00e8ne", "type": "4", "couleur": "#1976D2"}}, {"type": "Feature", "geometry": {"type": "Point", "coordinates": [-12.45722, 14.43833]}, "properties": {"nom": "Seno Issaga", "nappe": "Socle pal\u00e9oc\u00e8ne", "type": "4", "couleur": "#1976D2"}}, {"type": "Feature", "geometry": {"type": "Point", "coordinates": [-12.45639, 14.36139]}, "properties": {"nom": "Seno Youpe", "nappe": "Socle pal\u00e9oc\u00e8ne", "type": "4", "couleur": "#1976D2"}}, {"type": "Feature", "geometry": {"type": "Point", "coordinates": [-12.45944, 14.50361]}, "properties": {"nom": "Walidiala", "nappe": "Socle pal\u00e9oc\u00e8ne", "type": "4", "couleur": "#1976D2"}}, {"type": "Feature", "geometry": {"type": "Point", "coordinates": [-12.44639, 14.45889]}, "properties": {"nom": "Wandaly", "nappe": "Socle pal\u00e9oc\u00e8ne", "type": "4", "couleur": "#1976D2"}}, {"type": "Feature", "geometry": {"type": "Point", "coordinates": [-12.39306, 14.49722]}, "properties": {"nom": "Woro Sileye", "nappe": "Socle pal\u00e9oc\u00e8ne", "type": "4", "couleur": "#1976D2"}}, {"type": "Feature", "geometry": {"type": "Point", "coordinates": [-12.37444, 14.66111]}, "properties": {"nom": "Kadiel Samboubou", "nappe": "Socle pal\u00e9oc\u00e8ne", "type": "4", "couleur": "#1976D2"}}, {"type": "Feature", "geometry": {"type": "Point", "coordinates": [-12.57083, 14.57361]}, "properties": {"nom": "Winde Kahe", "nappe": "Socle pal\u00e9oc\u00e8ne", "type": "4", "couleur": "#1976D2"}}, {"type": "Feature", "geometry": {"type": "Point", "coordinates": [-12.20556, 14.43694]}, "properties": {"nom": "Kidira", "nappe": "Socle pal\u00e9oc\u00e8ne", "type": "4", "couleur": "#1976D2"}}, {"type": "Feature", "geometry": {"type": "Point", "coordinates": [-12.24167, 14.46944]}, "properties": {"nom": "Sinthiou Diohe", "nappe": "Socle pal\u00e9oc\u00e8ne", "type": "4", "couleur": "#1976D2"}}, {"type": "Feature", "geometry": {"type": "Point", "coordinates": [-12.32361, 14.40972]}, "properties": {"nom": "Belle", "nappe": "Socle pal\u00e9oc\u00e8ne", "type": "4", "couleur": "#1976D2"}}, {"type": "Feature", "geometry": {"type": "Point", "coordinates": [-12.28333, 14.4]}, "properties": {"nom": "Gourel Mamadou Bara", "nappe": "Socle pal\u00e9oc\u00e8ne", "type": "4", "couleur": "#1976D2"}}, {"type": "Feature", "geometry": {"type": "Point", "coordinates": [-12.31389, 14.37917]}, "properties": {"nom": "Bohe", "nappe": "Socle pal\u00e9oc\u00e8ne", "type": "4", "couleur": "#1976D2"}}, {"type": "Feature", "geometry": {"type": "Point", "coordinates": [-12.19583, 14.39583]}, "properties": {"nom": "Sanoukhole", "nappe": "Socle pal\u00e9oc\u00e8ne", "type": "4", "couleur": "#1976D2"}}, {"type": "Feature", "geometry": {"type": "Point", "coordinates": [-12.2, 14.41806]}, "properties": {"nom": "Naye", "nappe": "Socle pal\u00e9oc\u00e8ne", "type": "4", "couleur": "#1976D2"}}, {"type": "Feature", "geometry": {"type": "Point", "coordinates": [-12.22222, 14.54028]}, "properties": {"nom": "Sinthiou Dialiguel", "nappe": "Socle pal\u00e9oc\u00e8ne", "type": "4", "couleur": "#1976D2"}}, {"type": "Feature", "geometry": {"type": "Point", "coordinates": [-12.22917, 14.61389]}, "properties": {"nom": "Hamadji", "nappe": "Socle pal\u00e9oc\u00e8ne", "type": "4", "couleur": "#1976D2"}}, {"type": "Feature", "geometry": {"type": "Point", "coordinates": [-12.20833, 14.64583]}, "properties": {"nom": "Dedji", "nappe": "Socle pal\u00e9oc\u00e8ne", "type": "4", "couleur": "#1976D2"}}, {"type": "Feature", "geometry": {"type": "Point", "coordinates": [-12.21667, 14.45833]}, "properties": {"nom": "Kidira", "nappe": "Socle pal\u00e9oc\u00e8ne", "type": "4", "couleur": "#1976D2"}}, {"type": "Feature", "geometry": {"type": "Point", "coordinates": [-12.21667, 14.45833]}, "properties": {"nom": "Kidira", "nappe": "Socle pal\u00e9oc\u00e8ne", "type": "4", "couleur": "#1976D2"}}, {"type": "Feature", "geometry": {"type": "Point", "coordinates": [-12.22917, 14.61389]}, "properties": {"nom": "Hamadji", "nappe": "Socle pal\u00e9oc\u00e8ne", "type": "4", "couleur": "#1976D2"}}, {"type": "Feature", "geometry": {"type": "Point", "coordinates": [-12.22222, 14.5125]}, "properties": {"nom": "Ouro Himadou", "nappe": "Socle pal\u00e9oc\u00e8ne", "type": "4", "couleur": "#1976D2"}}, {"type": "Feature", "geometry": {"type": "Point", "coordinates": [-12.16833, 14.62139]}, "properties": {"nom": "Djimbe", "nappe": "Socle pal\u00e9oc\u00e8ne", "type": "4", "couleur": "#1976D2"}}, {"type": "Feature", "geometry": {"type": "Point", "coordinates": [-12.24167, 14.46944]}, "properties": {"nom": "Sinthiou Diohe", "nappe": "Socle pal\u00e9oc\u00e8ne", "type": "4", "couleur": "#1976D2"}}, {"type": "Feature", "geometry": {"type": "Point", "coordinates": [-12.30278, 14.48278]}, "properties": {"nom": "Woubawol", "nappe": "Socle pal\u00e9oc\u00e8ne", "type": "4", "couleur": "#1976D2"}}, {"type": "Feature", "geometry": {"type": "Point", "coordinates": [-12.20083, 14.39667]}, "properties": {"nom": "Sanoukhole", "nappe": "Socle pal\u00e9oc\u00e8ne", "type": "4", "couleur": "#1976D2"}}, {"type": "Feature", "geometry": {"type": "Point", "coordinates": [-12.22528, 14.49417]}, "properties": {"nom": "Seling", "nappe": "Socle pal\u00e9oc\u00e8ne", "type": "4", "couleur": "#1976D2"}}, {"type": "Feature", "geometry": {"type": "Point", "coordinates": [-12.24556, 14.36194]}, "properties": {"nom": "Senedebou", "nappe": "Socle pal\u00e9oc\u00e8ne", "type": "4", "couleur": "#1976D2"}}, {"type": "Feature", "geometry": {"type": "Point", "coordinates": [-12.24417, 14.46611]}, "properties": {"nom": "Sinthiou Dioye", "nappe": "Socle pal\u00e9oc\u00e8ne", "type": "4", "couleur": "#1976D2"}}, {"type": "Feature", "geometry": {"type": "Point", "coordinates": [-12.20056, 14.56194]}, "properties": {"nom": "Dialiguel", "nappe": "Socle pal\u00e9oc\u00e8ne", "type": "4", "couleur": "#1976D2"}}, {"type": "Feature", "geometry": {"type": "Point", "coordinates": [-12.28333, 14.41667]}, "properties": {"nom": "Gourel Sory Lamine", "nappe": "Socle pal\u00e9oc\u00e8ne", "type": "4", "couleur": "#1976D2"}}, {"type": "Feature", "geometry": {"type": "Point", "coordinates": [-12.26972, 14.46694]}, "properties": {"nom": "Guirobe", "nappe": "Socle pal\u00e9oc\u00e8ne", "type": "4", "couleur": "#1976D2"}}, {"type": "Feature", "geometry": {"type": "Point", "coordinates": [-12.19944, 14.39639]}, "properties": {"nom": "Sanoukhole", "nappe": "Socle pal\u00e9oc\u00e8ne", "type": "4", "couleur": "#1976D2"}}, {"type": "Feature", "geometry": {"type": "Point", "coordinates": [-16.11083, 14.335]}, "properties": {"nom": "Saboucire Gathiari", "nappe": "Socle pal\u00e9oc\u00e8ne", "type": "4", "couleur": "#1976D2"}}, {"type": "Feature", "geometry": {"type": "Point", "coordinates": [-12.28333, 14.41667]}, "properties": {"nom": "Gourel Sory Lamine", "nappe": "Socle pal\u00e9oc\u00e8ne", "type": "4", "couleur": "#1976D2"}}, {"type": "Feature", "geometry": {"type": "Point", "coordinates": [-12.33778, 14.50556]}, "properties": {"nom": "Mama Ndao", "nappe": "Socle pal\u00e9oc\u00e8ne", "type": "4", "couleur": "#1976D2"}}, {"type": "Feature", "geometry": {"type": "Point", "coordinates": [-12.22556, 14.49889]}, "properties": {"nom": "Selling", "nappe": "Socle pal\u00e9oc\u00e8ne", "type": "4", "couleur": "#1976D2"}}, {"type": "Feature", "geometry": {"type": "Point", "coordinates": [-12.24556, 14.35639]}, "properties": {"nom": "Senedebou", "nappe": "Socle pal\u00e9oc\u00e8ne", "type": "4", "couleur": "#1976D2"}}, {"type": "Feature", "geometry": {"type": "Point", "coordinates": [-12.24417, 14.46611]}, "properties": {"nom": "Sinthiou Dioye", "nappe": "Socle pal\u00e9oc\u00e8ne", "type": "4", "couleur": "#1976D2"}}, {"type": "Feature", "geometry": {"type": "Point", "coordinates": [-12.30278, 14.48278]}, "properties": {"nom": "Woubawol", "nappe": "Socle pal\u00e9oc\u00e8ne", "type": "4", "couleur": "#1976D2"}}, {"type": "Feature", "geometry": {"type": "Point", "coordinates": [-12.20056, 14.56194]}, "properties": {"nom": "Dialiguel", "nappe": "Socle pal\u00e9oc\u00e8ne", "type": "4", "couleur": "#1976D2"}}, {"type": "Feature", "geometry": {"type": "Point", "coordinates": [-12.26639, 14.46778]}, "properties": {"nom": "Guirobe", "nappe": "Socle pal\u00e9oc\u00e8ne", "type": "4", "couleur": "#1976D2"}}, {"type": "Feature", "geometry": {"type": "Point", "coordinates": [-12.20528, 14.47361]}, "properties": {"nom": "Diboly", "nappe": "Socle pal\u00e9oc\u00e8ne", "type": "4", "couleur": "#1976D2"}}, {"type": "Feature", "geometry": {"type": "Point", "coordinates": [-12.21361, 14.64083]}, "properties": {"nom": "Dedji", "nappe": "Socle pal\u00e9oc\u00e8ne", "type": "4", "couleur": "#1976D2"}}, {"type": "Feature", "geometry": {"type": "Point", "coordinates": [-12.31806, 14.47167]}, "properties": {"nom": "Yalalbe", "nappe": "Socle pal\u00e9oc\u00e8ne", "type": "4", "couleur": "#1976D2"}}, {"type": "Feature", "geometry": {"type": "Point", "coordinates": [-12.74694, 14.30028]}, "properties": {"nom": "Lewa Djolfoube", "nappe": "Socle pal\u00e9oc\u00e8ne", "type": "4", "couleur": "#1976D2"}}, {"type": "Feature", "geometry": {"type": "Point", "coordinates": [-12.43333, 14.13333]}, "properties": {"nom": "Koussan", "nappe": "Socle pal\u00e9oc\u00e8ne", "type": "4", "couleur": "#1976D2"}}, {"type": "Feature", "geometry": {"type": "Point", "coordinates": [-12.45139, 14.28611]}, "properties": {"nom": "Bani Pelli", "nappe": "Socle pal\u00e9oc\u00e8ne", "type": "4", "couleur": "#1976D2"}}, {"type": "Feature", "geometry": {"type": "Point", "coordinates": [-12.43333, 14.31889]}, "properties": {"nom": "Seoudji", "nappe": "Socle pal\u00e9oc\u00e8ne", "type": "4", "couleur": "#1976D2"}}, {"type": "Feature", "geometry": {"type": "Point", "coordinates": [-12.36389, 14.1]}, "properties": {"nom": "Belli Djimbara", "nappe": "Socle pal\u00e9oc\u00e8ne", "type": "4", "couleur": "#1976D2"}}, {"type": "Feature", "geometry": {"type": "Point", "coordinates": [-12.43333, 14.31667]}, "properties": {"nom": "Seoudji", "nappe": "Socle pal\u00e9oc\u00e8ne", "type": "4", "couleur": "#1976D2"}}, {"type": "Feature", "geometry": {"type": "Point", "coordinates": [-12.45139, 14.28889]}, "properties": {"nom": "Bani Pelli", "nappe": "Socle pal\u00e9oc\u00e8ne", "type": "4", "couleur": "#1976D2"}}, {"type": "Feature", "geometry": {"type": "Point", "coordinates": [-12.38, 14.22528]}, "properties": {"nom": "Sambakolo", "nappe": "Socle pal\u00e9oc\u00e8ne", "type": "4", "couleur": "#1976D2"}}, {"type": "Feature", "geometry": {"type": "Point", "coordinates": [-12.43528, 14.3225]}, "properties": {"nom": "Seoudji", "nappe": "Socle pal\u00e9oc\u00e8ne", "type": "4", "couleur": "#1976D2"}}, {"type": "Feature", "geometry": {"type": "Point", "coordinates": [-12.34444, 14.195]}, "properties": {"nom": "Sinthiou Yoro Mbaye", "nappe": "Socle pal\u00e9oc\u00e8ne", "type": "4", "couleur": "#1976D2"}}, {"type": "Feature", "geometry": {"type": "Point", "coordinates": [-12.34083, 14.28139]}, "properties": {"nom": "Soumbourou Daka", "nappe": "Socle pal\u00e9oc\u00e8ne", "type": "4", "couleur": "#1976D2"}}, {"type": "Feature", "geometry": {"type": "Point", "coordinates": [-12.39972, 14.33806]}, "properties": {"nom": "Youpe Pathe", "nappe": "Socle pal\u00e9oc\u00e8ne", "type": "4", "couleur": "#1976D2"}}, {"type": "Feature", "geometry": {"type": "Point", "coordinates": [-12.45778, 14.24722]}, "properties": {"nom": "Yerimale", "nappe": "Socle pal\u00e9oc\u00e8ne", "type": "4", "couleur": "#1976D2"}}, {"type": "Feature", "geometry": {"type": "Point", "coordinates": [-12.43528, 14.3225]}, "properties": {"nom": "Seoudji", "nappe": "Socle pal\u00e9oc\u00e8ne", "type": "4", "couleur": "#1976D2"}}, {"type": "Feature", "geometry": {"type": "Point", "coordinates": [-12.36389, 14.1]}, "properties": {"nom": "Belli Djimbara", "nappe": "Socle pal\u00e9oc\u00e8ne", "type": "4", "couleur": "#1976D2"}}, {"type": "Feature", "geometry": {"type": "Point", "coordinates": [-12.38, 14.22528]}, "properties": {"nom": "Samba Kolo", "nappe": "Socle pal\u00e9oc\u00e8ne", "type": "4", "couleur": "#1976D2"}}, {"type": "Feature", "geometry": {"type": "Point", "coordinates": [-12.46194, 14.22111]}, "properties": {"nom": "Fidji Bidji", "nappe": "Socle pal\u00e9oc\u00e8ne", "type": "4", "couleur": "#1976D2"}}, {"type": "Feature", "geometry": {"type": "Point", "coordinates": [-12.40389, 14.22306]}, "properties": {"nom": "Bani Peli", "nappe": "Socle pal\u00e9oc\u00e8ne", "type": "4", "couleur": "#1976D2"}}, {"type": "Feature", "geometry": {"type": "Point", "coordinates": [-12.45778, 14.24722]}, "properties": {"nom": "Yerimale", "nappe": "Socle pal\u00e9oc\u00e8ne", "type": "4", "couleur": "#1976D2"}}, {"type": "Feature", "geometry": {"type": "Point", "coordinates": [-12.46667, 14.29472]}, "properties": {"nom": "Diambougou Mossi", "nappe": "Socle pal\u00e9oc\u00e8ne", "type": "4", "couleur": "#1976D2"}}, {"type": "Feature", "geometry": {"type": "Point", "coordinates": [-12.45333, 14.31944]}, "properties": {"nom": "Sinthiou Seydou Ndoula", "nappe": "Socle pal\u00e9oc\u00e8ne", "type": "4", "couleur": "#1976D2"}}, {"type": "Feature", "geometry": {"type": "Point", "coordinates": [-12.43944, 14.13139]}, "properties": {"nom": "Koussan", "nappe": "Socle pal\u00e9oc\u00e8ne", "type": "4", "couleur": "#1976D2"}}, {"type": "Feature", "geometry": {"type": "Point", "coordinates": [-12.08194, 14.29722]}, "properties": {"nom": "Tame", "nappe": "Socle pal\u00e9oc\u00e8ne", "type": "4", "couleur": "#1976D2"}}, {"type": "Feature", "geometry": {"type": "Point", "coordinates": [-12.08194, 14.29722]}, "properties": {"nom": "Tame", "nappe": "Socle pal\u00e9oc\u00e8ne", "type": "4", "couleur": "#1976D2"}}, {"type": "Feature", "geometry": {"type": "Point", "coordinates": [-12.03444, 14.28611]}, "properties": {"nom": "Tacoutala Ii", "nappe": "Socle pal\u00e9oc\u00e8ne", "type": "4", "couleur": "#1976D2"}}, {"type": "Feature", "geometry": {"type": "Point", "coordinates": [-12.26889, 14.23861]}, "properties": {"nom": "Wouromboldi", "nappe": "Socle pal\u00e9oc\u00e8ne", "type": "4", "couleur": "#1976D2"}}, {"type": "Feature", "geometry": {"type": "Point", "coordinates": [-12.19333, 14.00528]}, "properties": {"nom": "Samba Yaye", "nappe": "Socle pal\u00e9oc\u00e8ne", "type": "4", "couleur": "#1976D2"}}, {"type": "Feature", "geometry": {"type": "Point", "coordinates": [-12.2375, 14.29722]}, "properties": {"nom": "Dounde", "nappe": "Socle pal\u00e9oc\u00e8ne", "type": "4", "couleur": "#1976D2"}}, {"type": "Feature", "geometry": {"type": "Point", "coordinates": [-12.24083, 14.15361]}, "properties": {"nom": "Tacoutala", "nappe": "Socle pal\u00e9oc\u00e8ne", "type": "4", "couleur": "#1976D2"}}, {"type": "Feature", "geometry": {"type": "Point", "coordinates": [-12.20389, 14.10778]}, "properties": {"nom": "Citabantan", "nappe": "Socle pal\u00e9oc\u00e8ne", "type": "4", "couleur": "#1976D2"}}, {"type": "Feature", "geometry": {"type": "Point", "coordinates": [-12.225, 14.17667]}, "properties": {"nom": "Fanira", "nappe": "Socle pal\u00e9oc\u00e8ne", "type": "4", "couleur": "#1976D2"}}, {"type": "Feature", "geometry": {"type": "Point", "coordinates": [-12.22889, 14.25556]}, "properties": {"nom": "Guedougou", "nappe": "Socle pal\u00e9oc\u00e8ne", "type": "4", "couleur": "#1976D2"}}, {"type": "Feature", "geometry": {"type": "Point", "coordinates": [-12.22556, 14.20861]}, "properties": {"nom": "Hamdalaye Bocar", "nappe": "Socle pal\u00e9oc\u00e8ne", "type": "4", "couleur": "#1976D2"}}, {"type": "Feature", "geometry": {"type": "Point", "coordinates": [-12.2375, 14.29722]}, "properties": {"nom": "Dounde", "nappe": "Socle pal\u00e9oc\u00e8ne", "type": "4", "couleur": "#1976D2"}}, {"type": "Feature", "geometry": {"type": "Point", "coordinates": [-12.11333, 14.31528]}, "properties": {"nom": "Gathiary", "nappe": "Socle pal\u00e9oc\u00e8ne", "type": "4", "couleur": "#1976D2"}}, {"type": "Feature", "geometry": {"type": "Point", "coordinates": [-12.085, 14.29889]}, "properties": {"nom": "Tame", "nappe": "Socle pal\u00e9oc\u00e8ne", "type": "4", "couleur": "#1976D2"}}, {"type": "Feature", "geometry": {"type": "Point", "coordinates": [-12.21694, 14.19389]}, "properties": {"nom": "Boutong Logo", "nappe": "Socle pal\u00e9oc\u00e8ne", "type": "4", "couleur": "#1976D2"}}, {"type": "Feature", "geometry": {"type": "Point", "coordinates": [-12.05806, 14.09833]}, "properties": {"nom": "Kenieba", "nappe": "Socle pal\u00e9oc\u00e8ne", "type": "4", "couleur": "#1976D2"}}, {"type": "Feature", "geometry": {"type": "Point", "coordinates": [-12.04361, 14.19944]}, "properties": {"nom": "Boundou Dioye", "nappe": "Socle pal\u00e9oc\u00e8ne", "type": "4", "couleur": "#1976D2"}}, {"type": "Feature", "geometry": {"type": "Point", "coordinates": [-12.76583, 14.32]}, "properties": {"nom": "Deboufadela", "nappe": "Socle pal\u00e9oc\u00e8ne", "type": "4", "couleur": "#1976D2"}}, {"type": "Feature", "geometry": {"type": "Point", "coordinates": [-12.20972, 14.26361]}, "properties": {"nom": "Diyala Amadou", "nappe": "Socle pal\u00e9oc\u00e8ne", "type": "4", "couleur": "#1976D2"}}, {"type": "Feature", "geometry": {"type": "Point", "coordinates": [-12.10528, 14.30667]}, "properties": {"nom": "Gathiary", "nappe": "Socle pal\u00e9oc\u00e8ne", "type": "4", "couleur": "#1976D2"}}, {"type": "Feature", "geometry": {"type": "Point", "coordinates": [-12.085, 14.29889]}, "properties": {"nom": "Tame", "nappe": "Socle pal\u00e9oc\u00e8ne", "type": "4", "couleur": "#1976D2"}}, {"type": "Feature", "geometry": {"type": "Point", "coordinates": [-12.21083, 14.1925]}, "properties": {"nom": "Bountoung Logo", "nappe": "Socle pal\u00e9oc\u00e8ne", "type": "4", "couleur": "#1976D2"}}, {"type": "Feature", "geometry": {"type": "Point", "coordinates": [-12.20361, 14.1075]}, "properties": {"nom": "Citabantan", "nappe": "Socle pal\u00e9oc\u00e8ne", "type": "4", "couleur": "#1976D2"}}, {"type": "Feature", "geometry": {"type": "Point", "coordinates": [-12.22528, 14.17667]}, "properties": {"nom": "Fanira", "nappe": "Socle pal\u00e9oc\u00e8ne", "type": "4", "couleur": "#1976D2"}}, {"type": "Feature", "geometry": {"type": "Point", "coordinates": [-12.22583, 14.25556]}, "properties": {"nom": "Guedekou", "nappe": "Socle pal\u00e9oc\u00e8ne", "type": "4", "couleur": "#1976D2"}}, {"type": "Feature", "geometry": {"type": "Point", "coordinates": [-12.24, 14.15333]}, "properties": {"nom": "Tacoutala", "nappe": "Socle pal\u00e9oc\u00e8ne", "type": "4", "couleur": "#1976D2"}}, {"type": "Feature", "geometry": {"type": "Point", "coordinates": [-12.34083, 14.28139]}, "properties": {"nom": "Soumbourou Daka", "nappe": "Socle pal\u00e9oc\u00e8ne", "type": "4", "couleur": "#1976D2"}}, {"type": "Feature", "geometry": {"type": "Point", "coordinates": [-12.3425, 14.24222]}, "properties": {"nom": "Goundiourou", "nappe": "Socle pal\u00e9oc\u00e8ne", "type": "4", "couleur": "#1976D2"}}, {"type": "Feature", "geometry": {"type": "Point", "coordinates": [-12.2375, 14.29722]}, "properties": {"nom": "Dounde", "nappe": "Socle pal\u00e9oc\u00e8ne", "type": "4", "couleur": "#1976D2"}}, {"type": "Feature", "geometry": {"type": "Point", "coordinates": [-14.23472, 14.32333]}, "properties": {"nom": "Gourel Lopo", "nappe": "Socle pal\u00e9oc\u00e8ne", "type": "4", "couleur": "#1976D2"}}, {"type": "Feature", "geometry": {"type": "Point", "coordinates": [-12.22528, 14.20833]}, "properties": {"nom": "Hamdalaye", "nappe": "Socle pal\u00e9oc\u00e8ne", "type": "4", "couleur": "#1976D2"}}, {"type": "Feature", "geometry": {"type": "Point", "coordinates": [-12.26889, 14.23861]}, "properties": {"nom": "Wouro Mboldi", "nappe": "Socle pal\u00e9oc\u00e8ne", "type": "4", "couleur": "#1976D2"}}, {"type": "Feature", "geometry": {"type": "Point", "coordinates": [-12.19361, 14.00528]}, "properties": {"nom": "Samba Yaye", "nappe": "Socle pal\u00e9oc\u00e8ne", "type": "4", "couleur": "#1976D2"}}, {"type": "Feature", "geometry": {"type": "Point", "coordinates": [-12.09111, 14.09889]}, "properties": {"nom": "Kenieba", "nappe": "Socle pal\u00e9oc\u00e8ne", "type": "4", "couleur": "#1976D2"}}, {"type": "Feature", "geometry": {"type": "Point", "coordinates": [-12.19389, 14.11333]}, "properties": {"nom": "Lally", "nappe": "Socle pal\u00e9oc\u00e8ne", "type": "4", "couleur": "#1976D2"}}, {"type": "Feature", "geometry": {"type": "Point", "coordinates": [-12.05833, 14.10056]}, "properties": {"nom": "Diouboye Tronga", "nappe": "Socle pal\u00e9oc\u00e8ne", "type": "4", "couleur": "#1976D2"}}, {"type": "Feature", "geometry": {"type": "Point", "coordinates": [-13.55083, 13.91167]}, "properties": {"nom": "Diyabougou Sakho", "nappe": "Socle pal\u00e9oc\u00e8ne", "type": "4", "couleur": "#1976D2"}}, {"type": "Feature", "geometry": {"type": "Point", "coordinates": [-13.10139, 13.36667]}, "properties": {"nom": "Dialamakha", "nappe": "Socle pal\u00e9oc\u00e8ne", "type": "4", "couleur": "#1976D2"}}, {"type": "Feature", "geometry": {"type": "Point", "coordinates": [-13.09306, 13.64139]}, "properties": {"nom": "Bala Foulbe", "nappe": "Socle pal\u00e9oc\u00e8ne", "type": "4", "couleur": "#1976D2"}}, {"type": "Feature", "geometry": {"type": "Point", "coordinates": [-13.91417, 12.69333]}, "properties": {"nom": "Dielani", "nappe": "Socle pal\u00e9oc\u00e8ne", "type": "4", "couleur": "#1976D2"}}, {"type": "Feature", "geometry": {"type": "Point", "coordinates": [-12.65972, 13.675]}, "properties": {"nom": "Dianke Makham", "nappe": "Socle pal\u00e9oc\u00e8ne", "type": "4", "couleur": "#1976D2"}}, {"type": "Feature", "geometry": {"type": "Point", "coordinates": [-12.34167, 13.96944]}, "properties": {"nom": "Didie Gassama", "nappe": "Socle pal\u00e9oc\u00e8ne", "type": "4", "couleur": "#1976D2"}}, {"type": "Feature", "geometry": {"type": "Point", "coordinates": [-12.46722, 13.66944]}, "properties": {"nom": "Same Sory Dicko", "nappe": "Socle pal\u00e9oc\u00e8ne", "type": "4", "couleur": "#1976D2"}}, {"type": "Feature", "geometry": {"type": "Point", "coordinates": [-12.62778, 13.86111]}, "properties": {"nom": "Lewa Diawandele", "nappe": "Socle pal\u00e9oc\u00e8ne", "type": "4", "couleur": "#1976D2"}}, {"type": "Feature", "geometry": {"type": "Point", "coordinates": [-12.62778, 13.86083]}, "properties": {"nom": "Fass", "nappe": "Socle pal\u00e9oc\u00e8ne", "type": "4", "couleur": "#1976D2"}}, {"type": "Feature", "geometry": {"type": "Point", "coordinates": [-12.62389, 13.84639]}, "properties": {"nom": "Gourel Demba", "nappe": "Socle pal\u00e9oc\u00e8ne", "type": "4", "couleur": "#1976D2"}}, {"type": "Feature", "geometry": {"type": "Point", "coordinates": [-12.58278, 13.80833]}, "properties": {"nom": "Seno Modou", "nappe": "Socle pal\u00e9oc\u00e8ne", "type": "4", "couleur": "#1976D2"}}, {"type": "Feature", "geometry": {"type": "Point", "coordinates": [-12.68056, 13.71417]}, "properties": {"nom": "Seno Dianke", "nappe": "Socle pal\u00e9oc\u00e8ne", "type": "4", "couleur": "#1976D2"}}, {"type": "Feature", "geometry": {"type": "Point", "coordinates": [-12.61167, 13.83972]}, "properties": {"nom": "Diarendi", "nappe": "Socle pal\u00e9oc\u00e8ne", "type": "4", "couleur": "#1976D2"}}, {"type": "Feature", "geometry": {"type": "Point", "coordinates": [-12.30556, 13.70278]}, "properties": {"nom": "Toure Kounda", "nappe": "Socle pal\u00e9oc\u00e8ne", "type": "4", "couleur": "#1976D2"}}, {"type": "Feature", "geometry": {"type": "Point", "coordinates": [-12.30556, 13.70278]}, "properties": {"nom": "Toure Kounda", "nappe": "Socle pal\u00e9oc\u00e8ne", "type": "4", "couleur": "#1976D2"}}, {"type": "Feature", "geometry": {"type": "Point", "coordinates": [-12.30556, 13.70278]}, "properties": {"nom": "Toure Kounda", "nappe": "Socle pal\u00e9oc\u00e8ne", "type": "4", "couleur": "#1976D2"}}, {"type": "Feature", "geometry": {"type": "Point", "coordinates": [-12.30556, 13.70278]}, "properties": {"nom": "Toure Kounda", "nappe": "Socle pal\u00e9oc\u00e8ne", "type": "4", "couleur": "#1976D2"}}, {"type": "Feature", "geometry": {"type": "Point", "coordinates": [-12.21667, 13.96667]}, "properties": {"nom": "Toumboura", "nappe": "Socle pal\u00e9oc\u00e8ne", "type": "4", "couleur": "#1976D2"}}, {"type": "Feature", "geometry": {"type": "Point", "coordinates": [-12.1075, 13.95306]}, "properties": {"nom": "Diombalou", "nappe": "Socle pal\u00e9oc\u00e8ne", "type": "4", "couleur": "#1976D2"}}, {"type": "Feature", "geometry": {"type": "Point", "coordinates": [-12.1075, 13.95306]}, "properties": {"nom": "Dioubeba", "nappe": "Socle pal\u00e9oc\u00e8ne", "type": "4", "couleur": "#1976D2"}}, {"type": "Feature", "geometry": {"type": "Point", "coordinates": [-12.30583, 13.70278]}, "properties": {"nom": "Toure Kounda", "nappe": "Socle pal\u00e9oc\u00e8ne", "type": "4", "couleur": "#1976D2"}}, {"type": "Feature", "geometry": {"type": "Point", "coordinates": [-12.2125, 13.92972]}, "properties": {"nom": "Sansanding", "nappe": "Socle pal\u00e9oc\u00e8ne", "type": "4", "couleur": "#1976D2"}}, {"type": "Feature", "geometry": {"type": "Point", "coordinates": [-12.10722, 13.95306]}, "properties": {"nom": "Diombalou", "nappe": "Socle pal\u00e9oc\u00e8ne", "type": "4", "couleur": "#1976D2"}}, {"type": "Feature", "geometry": {"type": "Point", "coordinates": [-12.07917, 13.86722]}, "properties": {"nom": "Medina Foulbe", "nappe": "Socle pal\u00e9oc\u00e8ne", "type": "4", "couleur": "#1976D2"}}, {"type": "Feature", "geometry": {"type": "Point", "coordinates": [-12.09694, 13.74167]}, "properties": {"nom": "Dioubeba", "nappe": "Socle pal\u00e9oc\u00e8ne", "type": "4", "couleur": "#1976D2"}}, {"type": "Feature", "geometry": {"type": "Point", "coordinates": [-12.13056, 13.77722]}, "properties": {"nom": "Koba Sansanghoto", "nappe": "Socle pal\u00e9oc\u00e8ne", "type": "4", "couleur": "#1976D2"}}, {"type": "Feature", "geometry": {"type": "Point", "coordinates": [-12.21861, 13.96694]}, "properties": {"nom": "Toumboura", "nappe": "Socle pal\u00e9oc\u00e8ne", "type": "4", "couleur": "#1976D2"}}, {"type": "Feature", "geometry": {"type": "Point", "coordinates": [-12.27222, 13.75583]}, "properties": {"nom": "Darsalam", "nappe": "Socle pal\u00e9oc\u00e8ne", "type": "4", "couleur": "#1976D2"}}, {"type": "Feature", "geometry": {"type": "Point", "coordinates": [-12.71389, 13.61944]}, "properties": {"nom": "Goutta Cebbe", "nappe": "Socle pal\u00e9oc\u00e8ne", "type": "4", "couleur": "#1976D2"}}, {"type": "Feature", "geometry": {"type": "Point", "coordinates": [-12.71389, 13.61944]}, "properties": {"nom": "Goutta Cebbe", "nappe": "Socle pal\u00e9oc\u00e8ne", "type": "4", "couleur": "#1976D2"}}, {"type": "Feature", "geometry": {"type": "Point", "coordinates": [-12.77194, 13.63361]}, "properties": {"nom": "Kothie", "nappe": "Socle pal\u00e9oc\u00e8ne", "type": "4", "couleur": "#1976D2"}}, {"type": "Feature", "geometry": {"type": "Point", "coordinates": [-12.91472, 13.48528]}, "properties": {"nom": "Saroudia", "nappe": "Socle pal\u00e9oc\u00e8ne", "type": "4", "couleur": "#1976D2"}}, {"type": "Feature", "geometry": {"type": "Point", "coordinates": [-12.80417, 13.62]}, "properties": {"nom": "Gouta Cebbe", "nappe": "Socle pal\u00e9oc\u00e8ne", "type": "4", "couleur": "#1976D2"}}, {"type": "Feature", "geometry": {"type": "Point", "coordinates": [-12.78528, 13.59889]}, "properties": {"nom": "Dielaninding", "nappe": "Socle pal\u00e9oc\u00e8ne", "type": "4", "couleur": "#1976D2"}}, {"type": "Feature", "geometry": {"type": "Point", "coordinates": [-12.4, 13.65833]}, "properties": {"nom": "Dalafing", "nappe": "Socle pal\u00e9oc\u00e8ne", "type": "4", "couleur": "#1976D2"}}, {"type": "Feature", "geometry": {"type": "Point", "coordinates": [-12.575, 13.36389]}, "properties": {"nom": "Belly Wamedaka", "nappe": "Socle pal\u00e9oc\u00e8ne", "type": "4", "couleur": "#1976D2"}}, {"type": "Feature", "geometry": {"type": "Point", "coordinates": [-12.44167, 13.37083]}, "properties": {"nom": "Gallo", "nappe": "Socle pal\u00e9oc\u00e8ne", "type": "4", "couleur": "#1976D2"}}, {"type": "Feature", "geometry": {"type": "Point", "coordinates": [-12.48472, 13.395]}, "properties": {"nom": "Boutoucoufara", "nappe": "Socle pal\u00e9oc\u00e8ne", "type": "4", "couleur": "#1976D2"}}, {"type": "Feature", "geometry": {"type": "Point", "coordinates": [-12.49722, 13.57778]}, "properties": {"nom": "Koufadou", "nappe": "Socle pal\u00e9oc\u00e8ne", "type": "4", "couleur": "#1976D2"}}, {"type": "Feature", "geometry": {"type": "Point", "coordinates": [-12.54167, 13.60694]}, "properties": {"nom": "Bokolakho", "nappe": "Socle pal\u00e9oc\u00e8ne", "type": "4", "couleur": "#1976D2"}}, {"type": "Feature", "geometry": {"type": "Point", "coordinates": [-12.54167, 13.60694]}, "properties": {"nom": "Bokolakho", "nappe": "Socle pal\u00e9oc\u00e8ne", "type": "4", "couleur": "#1976D2"}}, {"type": "Feature", "geometry": {"type": "Point", "coordinates": [-12.48889, 13.39722]}, "properties": {"nom": "Boutoucoufara", "nappe": "Socle pal\u00e9oc\u00e8ne", "type": "4", "couleur": "#1976D2"}}, {"type": "Feature", "geometry": {"type": "Point", "coordinates": [-12.48889, 13.39722]}, "properties": {"nom": "Boutoucoufara", "nappe": "Socle pal\u00e9oc\u00e8ne", "type": "4", "couleur": "#1976D2"}}, {"type": "Feature", "geometry": {"type": "Point", "coordinates": [-12.48889, 13.39722]}, "properties": {"nom": "Boutoucoufara", "nappe": "Socle pal\u00e9oc\u00e8ne", "type": "4", "couleur": "#1976D2"}}, {"type": "Feature", "geometry": {"type": "Point", "coordinates": [-12.59778, 13.6525]}, "properties": {"nom": "Belly Pourry", "nappe": "Socle pal\u00e9oc\u00e8ne", "type": "4", "couleur": "#1976D2"}}, {"type": "Feature", "geometry": {"type": "Point", "coordinates": [-12.50111, 13.57667]}, "properties": {"nom": "Koufadou", "nappe": "Socle pal\u00e9oc\u00e8ne", "type": "4", "couleur": "#1976D2"}}, {"type": "Feature", "geometry": {"type": "Point", "coordinates": [-12.50944, 13.46611]}, "properties": {"nom": "Kindemeri", "nappe": "Socle pal\u00e9oc\u00e8ne", "type": "4", "couleur": "#1976D2"}}, {"type": "Feature", "geometry": {"type": "Point", "coordinates": [-12.64889, 13.63861]}, "properties": {"nom": "Sinthiou Fode", "nappe": "Socle pal\u00e9oc\u00e8ne", "type": "4", "couleur": "#1976D2"}}, {"type": "Feature", "geometry": {"type": "Point", "coordinates": [-12.49833, 13.40778]}, "properties": {"nom": "Sinthiou Salif", "nappe": "Socle pal\u00e9oc\u00e8ne", "type": "4", "couleur": "#1976D2"}}, {"type": "Feature", "geometry": {"type": "Point", "coordinates": [-12.67611, 13.52472]}, "properties": {"nom": "Mayo", "nappe": "Socle pal\u00e9oc\u00e8ne", "type": "4", "couleur": "#1976D2"}}, {"type": "Feature", "geometry": {"type": "Point", "coordinates": [-12.47194, 13.61333]}, "properties": {"nom": "Maramacita", "nappe": "Socle pal\u00e9oc\u00e8ne", "type": "4", "couleur": "#1976D2"}}, {"type": "Feature", "geometry": {"type": "Point", "coordinates": [-12.55139, 13.41278]}, "properties": {"nom": "Timbing Fara", "nappe": "Socle pal\u00e9oc\u00e8ne", "type": "4", "couleur": "#1976D2"}}, {"type": "Feature", "geometry": {"type": "Point", "coordinates": [-12.44833, 13.39639]}, "properties": {"nom": "Sinthiou Galo", "nappe": "Socle pal\u00e9oc\u00e8ne", "type": "4", "couleur": "#1976D2"}}, {"type": "Feature", "geometry": {"type": "Point", "coordinates": [-12.03333, 13.35]}, "properties": {"nom": "Dilokotoba", "nappe": "Socle pal\u00e9oc\u00e8ne", "type": "4", "couleur": "#1976D2"}}, {"type": "Feature", "geometry": {"type": "Point", "coordinates": [-12.00139, 13.43333]}, "properties": {"nom": "Heremakono", "nappe": "Socle pal\u00e9oc\u00e8ne", "type": "4", "couleur": "#1976D2"}}, {"type": "Feature", "geometry": {"type": "Point", "coordinates": [-12.09583, 13.56389]}, "properties": {"nom": "Sanding Kounda", "nappe": "Socle pal\u00e9oc\u00e8ne", "type": "4", "couleur": "#1976D2"}}, {"type": "Feature", "geometry": {"type": "Point", "coordinates": [-12.025, 13.60556]}, "properties": {"nom": "Laminia", "nappe": "Socle pal\u00e9oc\u00e8ne", "type": "4", "couleur": "#1976D2"}}, {"type": "Feature", "geometry": {"type": "Point", "coordinates": [-12.21667, 13.65]}, "properties": {"nom": "Sadatou", "nappe": "Socle pal\u00e9oc\u00e8ne", "type": "4", "couleur": "#1976D2"}}, {"type": "Feature", "geometry": {"type": "Point", "coordinates": [-12.02472, 13.60778]}, "properties": {"nom": "Laminia", "nappe": "Socle pal\u00e9oc\u00e8ne", "type": "4", "couleur": "#1976D2"}}, {"type": "Feature", "geometry": {"type": "Point", "coordinates": [-12.23222, 13.63722]}, "properties": {"nom": "Sadatou", "nappe": "Socle pal\u00e9oc\u00e8ne", "type": "4", "couleur": "#1976D2"}}, {"type": "Feature", "geometry": {"type": "Point", "coordinates": [-12.17306, 13.79667]}, "properties": {"nom": "Alinguel", "nappe": "Socle pal\u00e9oc\u00e8ne", "type": "4", "couleur": "#1976D2"}}, {"type": "Feature", "geometry": {"type": "Point", "coordinates": [-11.95889, 13.52472]}, "properties": {"nom": "Nienieko Sara", "nappe": "Socle pal\u00e9oc\u00e8ne", "type": "4", "couleur": "#1976D2"}}, {"type": "Feature", "geometry": {"type": "Point", "coordinates": [-12.2125, 13.92972]}, "properties": {"nom": "Sansanding", "nappe": "Socle pal\u00e9oc\u00e8ne", "type": "4", "couleur": "#1976D2"}}, {"type": "Feature", "geometry": {"type": "Point", "coordinates": [-12.00139, 13.57056]}, "properties": {"nom": "Elimalo", "nappe": "Socle pal\u00e9oc\u00e8ne", "type": "4", "couleur": "#1976D2"}}, {"type": "Feature", "geometry": {"type": "Point", "coordinates": [-12.72083, 13.07778]}, "properties": {"nom": "Hafia Thierno Doura", "nappe": "Socle pal\u00e9oc\u00e8ne", "type": "4", "couleur": "#1976D2"}}, {"type": "Feature", "geometry": {"type": "Point", "coordinates": [-12.41861, 13.27194]}, "properties": {"nom": "Boumboum Foulbe", "nappe": "Socle pal\u00e9oc\u00e8ne", "type": "4", "couleur": "#1976D2"}}, {"type": "Feature", "geometry": {"type": "Point", "coordinates": [-12.41861, 13.27194]}, "properties": {"nom": "Boutoucoufara", "nappe": "Socle pal\u00e9oc\u00e8ne", "type": "4", "couleur": "#1976D2"}}, {"type": "Feature", "geometry": {"type": "Point", "coordinates": [-12.46806, 13.26917]}, "properties": {"nom": "Mareba I", "nappe": "Socle pal\u00e9oc\u00e8ne", "type": "4", "couleur": "#1976D2"}}, {"type": "Feature", "geometry": {"type": "Point", "coordinates": [-12.10556, 13.26111]}, "properties": {"nom": "Bransan", "nappe": "Socle pal\u00e9oc\u00e8ne", "type": "4", "couleur": "#1976D2"}}, {"type": "Feature", "geometry": {"type": "Point", "coordinates": [-12.32083, 13.31111]}, "properties": {"nom": "Kayan", "nappe": "Socle pal\u00e9oc\u00e8ne", "type": "4", "couleur": "#1976D2"}}, {"type": "Feature", "geometry": {"type": "Point", "coordinates": [-12.10278, 13.2625]}, "properties": {"nom": "Madina Bransan", "nappe": "Socle pal\u00e9oc\u00e8ne", "type": "4", "couleur": "#1976D2"}}, {"type": "Feature", "geometry": {"type": "Point", "coordinates": [-12.05417, 13.18278]}, "properties": {"nom": "Mamakhono", "nappe": "Socle pal\u00e9oc\u00e8ne", "type": "4", "couleur": "#1976D2"}}, {"type": "Feature", "geometry": {"type": "Point", "coordinates": [-12.08611, 13.10861]}, "properties": {"nom": "Bambaraya", "nappe": "Socle pal\u00e9oc\u00e8ne", "type": "4", "couleur": "#1976D2"}}, {"type": "Feature", "geometry": {"type": "Point", "coordinates": [-12.05417, 13.18278]}, "properties": {"nom": "Mamakhono", "nappe": "Socle pal\u00e9oc\u00e8ne", "type": "4", "couleur": "#1976D2"}}, {"type": "Feature", "geometry": {"type": "Point", "coordinates": [-12.05361, 13.18278]}, "properties": {"nom": "Mamakhono", "nappe": "Socle pal\u00e9oc\u00e8ne", "type": "4", "couleur": "#1976D2"}}, {"type": "Feature", "geometry": {"type": "Point", "coordinates": [-12.11111, 13.15361]}, "properties": {"nom": "Sabodalla", "nappe": "Socle pal\u00e9oc\u00e8ne", "type": "4", "couleur": "#1976D2"}}, {"type": "Feature", "geometry": {"type": "Point", "coordinates": [-12.31806, 13.30889]}, "properties": {"nom": "Kayan", "nappe": "Socle pal\u00e9oc\u00e8ne", "type": "4", "couleur": "#1976D2"}}, {"type": "Feature", "geometry": {"type": "Point", "coordinates": [-11.98028, 13.92972]}, "properties": {"nom": "Djinguilou", "nappe": "Socle pal\u00e9oc\u00e8ne", "type": "4", "couleur": "#1976D2"}}, {"type": "Feature", "geometry": {"type": "Point", "coordinates": [-11.97667, 13.94472]}, "properties": {"nom": "Gourel Barry", "nappe": "Socle pal\u00e9oc\u00e8ne", "type": "4", "couleur": "#1976D2"}}, {"type": "Feature", "geometry": {"type": "Point", "coordinates": [-11.97972, 13.92944]}, "properties": {"nom": "Djingouly", "nappe": "Socle pal\u00e9oc\u00e8ne", "type": "4", "couleur": "#1976D2"}}, {"type": "Feature", "geometry": {"type": "Point", "coordinates": [-11.98972, 13.92972]}, "properties": {"nom": "Tomboromadji", "nappe": "Socle pal\u00e9oc\u00e8ne", "type": "4", "couleur": "#1976D2"}}, {"type": "Feature", "geometry": {"type": "Point", "coordinates": [-11.9525, 13.93389]}, "properties": {"nom": "Tountou Dalaoule", "nappe": "Socle pal\u00e9oc\u00e8ne", "type": "4", "couleur": "#1976D2"}}, {"type": "Feature", "geometry": {"type": "Point", "coordinates": [-11.98, 13.92944]}, "properties": {"nom": "Missirah", "nappe": "Socle pal\u00e9oc\u00e8ne", "type": "4", "couleur": "#1976D2"}}, {"type": "Feature", "geometry": {"type": "Point", "coordinates": [-11.99306, 13.94444]}, "properties": {"nom": "Gourel Barry", "nappe": "Socle pal\u00e9oc\u00e8ne", "type": "4", "couleur": "#1976D2"}}, {"type": "Feature", "geometry": {"type": "Point", "coordinates": [-11.98, 13.54889]}, "properties": {"nom": "Sekhoto", "nappe": "Socle pal\u00e9oc\u00e8ne", "type": "4", "couleur": "#1976D2"}}, {"type": "Feature", "geometry": {"type": "Point", "coordinates": [-11.75722, 13.36722]}, "properties": {"nom": "Toumbinfara", "nappe": "Socle pal\u00e9oc\u00e8ne", "type": "4", "couleur": "#1976D2"}}, {"type": "Feature", "geometry": {"type": "Point", "coordinates": [-11.72806, 13.41333]}, "properties": {"nom": "Wortokhaty", "nappe": "Socle pal\u00e9oc\u00e8ne", "type": "4", "couleur": "#1976D2"}}, {"type": "Feature", "geometry": {"type": "Point", "coordinates": [-11.61111, 12.6225]}, "properties": {"nom": "Nafadji", "nappe": "Socle pal\u00e9oc\u00e8ne", "type": "4", "couleur": "#1976D2"}}, {"type": "Feature", "geometry": {"type": "Point", "coordinates": [-11.92639, 13.25278]}, "properties": {"nom": "Diakhaling", "nappe": "Socle pal\u00e9oc\u00e8ne", "type": "4", "couleur": "#1976D2"}}, {"type": "Feature", "geometry": {"type": "Point", "coordinates": [-11.85139, 13.10694]}, "properties": {"nom": "Sambranboubou", "nappe": "Socle pal\u00e9oc\u00e8ne", "type": "4", "couleur": "#1976D2"}}, {"type": "Feature", "geometry": {"type": "Point", "coordinates": [-11.92639, 13.25278]}, "properties": {"nom": "Diakhaling", "nappe": "Socle pal\u00e9oc\u00e8ne", "type": "4", "couleur": "#1976D2"}}, {"type": "Feature", "geometry": {"type": "Point", "coordinates": [-11.7, 13.08333]}, "properties": {"nom": "Missirah Sirimana", "nappe": "Socle pal\u00e9oc\u00e8ne", "type": "4", "couleur": "#1976D2"}}, {"type": "Feature", "geometry": {"type": "Point", "coordinates": [-11.69583, 13.14167]}, "properties": {"nom": "Balakonko", "nappe": "Socle pal\u00e9oc\u00e8ne", "type": "4", "couleur": "#1976D2"}}, {"type": "Feature", "geometry": {"type": "Point", "coordinates": [-12.24306, 12.66667]}, "properties": {"nom": "Bantako Kouta", "nappe": "Socle pal\u00e9oc\u00e8ne", "type": "4", "couleur": "#1976D2"}}, {"type": "Feature", "geometry": {"type": "Point", "coordinates": [-12.33333, 12.68333]}, "properties": {"nom": "Bantata Tanda", "nappe": "Socle pal\u00e9oc\u00e8ne", "type": "4", "couleur": "#1976D2"}}, {"type": "Feature", "geometry": {"type": "Point", "coordinates": [-12.35028, 12.87444]}, "properties": {"nom": "Darousalam", "nappe": "Socle pal\u00e9oc\u00e8ne", "type": "4", "couleur": "#1976D2"}}, {"type": "Feature", "geometry": {"type": "Point", "coordinates": [-12.31306, 12.81417]}, "properties": {"nom": "Secoto", "nappe": "Socle pal\u00e9oc\u00e8ne", "type": "4", "couleur": "#1976D2"}}, {"type": "Feature", "geometry": {"type": "Point", "coordinates": [-12.15722, 12.70444]}, "properties": {"nom": "Baytilaye", "nappe": "Socle pal\u00e9oc\u00e8ne", "type": "4", "couleur": "#1976D2"}}, {"type": "Feature", "geometry": {"type": "Point", "coordinates": [-12.12083, 12.91972]}, "properties": {"nom": "Tenkoto", "nappe": "Socle pal\u00e9oc\u00e8ne", "type": "4", "couleur": "#1976D2"}}, {"type": "Feature", "geometry": {"type": "Point", "coordinates": [-12.32028, 12.82444]}, "properties": {"nom": "Lame", "nappe": "Socle pal\u00e9oc\u00e8ne", "type": "4", "couleur": "#1976D2"}}, {"type": "Feature", "geometry": {"type": "Point", "coordinates": [-12.23722, 12.76722]}, "properties": {"nom": "Bantata Koto", "nappe": "Socle pal\u00e9oc\u00e8ne", "type": "4", "couleur": "#1976D2"}}, {"type": "Feature", "geometry": {"type": "Point", "coordinates": [-12.33083, 12.71056]}, "properties": {"nom": "Folonkoto", "nappe": "Socle pal\u00e9oc\u00e8ne", "type": "4", "couleur": "#1976D2"}}, {"type": "Feature", "geometry": {"type": "Point", "coordinates": [-12.85833, 12.54722]}, "properties": {"nom": "Kote", "nappe": "Socle pal\u00e9oc\u00e8ne", "type": "4", "couleur": "#1976D2"}}, {"type": "Feature", "geometry": {"type": "Point", "coordinates": [-12.85833, 12.54722]}, "properties": {"nom": "Kote", "nappe": "Socle pal\u00e9oc\u00e8ne", "type": "4", "couleur": "#1976D2"}}, {"type": "Feature", "geometry": {"type": "Point", "coordinates": [-12.76389, 12.63139]}, "properties": {"nom": "Salemata", "nappe": "Socle pal\u00e9oc\u00e8ne", "type": "4", "couleur": "#1976D2"}}, {"type": "Feature", "geometry": {"type": "Point", "coordinates": [-12.87083, 12.63194]}, "properties": {"nom": "Ebarack", "nappe": "Socle pal\u00e9oc\u00e8ne", "type": "4", "couleur": "#1976D2"}}, {"type": "Feature", "geometry": {"type": "Point", "coordinates": [-12.85417, 12.59306]}, "properties": {"nom": "Ethiolo", "nappe": "Socle pal\u00e9oc\u00e8ne", "type": "4", "couleur": "#1976D2"}}, {"type": "Feature", "geometry": {"type": "Point", "coordinates": [-12.79861, 12.53889]}, "properties": {"nom": "Bakaouka", "nappe": "Socle pal\u00e9oc\u00e8ne", "type": "4", "couleur": "#1976D2"}}, {"type": "Feature", "geometry": {"type": "Point", "coordinates": [-12.7875, 12.63194]}, "properties": {"nom": "Darsalam", "nappe": "Socle pal\u00e9oc\u00e8ne", "type": "4", "couleur": "#1976D2"}}, {"type": "Feature", "geometry": {"type": "Point", "coordinates": [-12.80833, 12.62222]}, "properties": {"nom": "Nangar Peulh", "nappe": "Socle pal\u00e9oc\u00e8ne", "type": "4", "couleur": "#1976D2"}}, {"type": "Feature", "geometry": {"type": "Point", "coordinates": [-12.80833, 12.62222]}, "properties": {"nom": "Nangar Peulh", "nappe": "Socle pal\u00e9oc\u00e8ne", "type": "4", "couleur": "#1976D2"}}, {"type": "Feature", "geometry": {"type": "Point", "coordinates": [-12.80833, 12.62222]}, "properties": {"nom": "Nangar Peulh", "nappe": "Socle pal\u00e9oc\u00e8ne", "type": "4", "couleur": "#1976D2"}}, {"type": "Feature", "geometry": {"type": "Point", "coordinates": [-12.75972, 12.53667]}, "properties": {"nom": "Bilel", "nappe": "Socle pal\u00e9oc\u00e8ne", "type": "4", "couleur": "#1976D2"}}, {"type": "Feature", "geometry": {"type": "Point", "coordinates": [-12.72917, 12.50972]}, "properties": {"nom": "Kevoye", "nappe": "Socle pal\u00e9oc\u00e8ne", "type": "4", "couleur": "#1976D2"}}, {"type": "Feature", "geometry": {"type": "Point", "coordinates": [-12.81528, 12.48056]}, "properties": {"nom": "Noubou", "nappe": "Socle pal\u00e9oc\u00e8ne", "type": "4", "couleur": "#1976D2"}}, {"type": "Feature", "geometry": {"type": "Point", "coordinates": [-12.74028, 12.44583]}, "properties": {"nom": "Thiancounoume", "nappe": "Socle pal\u00e9oc\u00e8ne", "type": "4", "couleur": "#1976D2"}}, {"type": "Feature", "geometry": {"type": "Point", "coordinates": [-12.80833, 12.62222]}, "properties": {"nom": "Nangar Peulh", "nappe": "Socle pal\u00e9oc\u00e8ne", "type": "4", "couleur": "#1976D2"}}, {"type": "Feature", "geometry": {"type": "Point", "coordinates": [-12.87083, 12.63194]}, "properties": {"nom": "Ebarack", "nappe": "Socle pal\u00e9oc\u00e8ne", "type": "4", "couleur": "#1976D2"}}, {"type": "Feature", "geometry": {"type": "Point", "coordinates": [-12.56556, 12.89]}, "properties": {"nom": "Mbong Peulh", "nappe": "Socle pal\u00e9oc\u00e8ne", "type": "4", "couleur": "#1976D2"}}, {"type": "Feature", "geometry": {"type": "Point", "coordinates": [-12.69139, 12.78722]}, "properties": {"nom": "Linguekoto", "nappe": "Socle pal\u00e9oc\u00e8ne", "type": "4", "couleur": "#1976D2"}}, {"type": "Feature", "geometry": {"type": "Point", "coordinates": [-12.77833, 12.57194]}, "properties": {"nom": "Bilel (Epingue Bassary)", "nappe": "Socle pal\u00e9oc\u00e8ne", "type": "4", "couleur": "#1976D2"}}, {"type": "Feature", "geometry": {"type": "Point", "coordinates": [-12.88194, 12.65111]}, "properties": {"nom": "Madina Bowe", "nappe": "Socle pal\u00e9oc\u00e8ne", "type": "4", "couleur": "#1976D2"}}, {"type": "Feature", "geometry": {"type": "Point", "coordinates": [-12.90778, 12.56528]}, "properties": {"nom": "Mbong Bassary", "nappe": "Socle pal\u00e9oc\u00e8ne", "type": "4", "couleur": "#1976D2"}}, {"type": "Feature", "geometry": {"type": "Point", "coordinates": [-12.82278, 12.57694]}, "properties": {"nom": "Goumon", "nappe": "Socle pal\u00e9oc\u00e8ne", "type": "4", "couleur": "#1976D2"}}, {"type": "Feature", "geometry": {"type": "Point", "coordinates": [-12.86028, 12.55306]}, "properties": {"nom": "Kote", "nappe": "Socle pal\u00e9oc\u00e8ne", "type": "4", "couleur": "#1976D2"}}, {"type": "Feature", "geometry": {"type": "Point", "coordinates": [-12.74083, 12.44389]}, "properties": {"nom": "Thiancounoume", "nappe": "Socle pal\u00e9oc\u00e8ne", "type": "4", "couleur": "#1976D2"}}, {"type": "Feature", "geometry": {"type": "Point", "coordinates": [-12.8425, 12.62722]}, "properties": {"nom": "Egath", "nappe": "Socle pal\u00e9oc\u00e8ne", "type": "4", "couleur": "#1976D2"}}, {"type": "Feature", "geometry": {"type": "Point", "coordinates": [-12.89, 12.56556]}, "properties": {"nom": "Bouthili", "nappe": "Socle pal\u00e9oc\u00e8ne", "type": "4", "couleur": "#1976D2"}}, {"type": "Feature", "geometry": {"type": "Point", "coordinates": [-12.90611, 12.6425]}, "properties": {"nom": "Hamdalaye", "nappe": "Socle pal\u00e9oc\u00e8ne", "type": "4", "couleur": "#1976D2"}}, {"type": "Feature", "geometry": {"type": "Point", "coordinates": [-12.87917, 12.60222]}, "properties": {"nom": "Egnissara", "nappe": "Socle pal\u00e9oc\u00e8ne", "type": "4", "couleur": "#1976D2"}}, {"type": "Feature", "geometry": {"type": "Point", "coordinates": [-12.85139, 12.55472]}, "properties": {"nom": "Edane", "nappe": "Socle pal\u00e9oc\u00e8ne", "type": "4", "couleur": "#1976D2"}}, {"type": "Feature", "geometry": {"type": "Point", "coordinates": [-12.87528, 12.55583]}, "properties": {"nom": "Ekesse", "nappe": "Socle pal\u00e9oc\u00e8ne", "type": "4", "couleur": "#1976D2"}}, {"type": "Feature", "geometry": {"type": "Point", "coordinates": [-12.81333, 12.62389]}, "properties": {"nom": "Nanguar Peul", "nappe": "Socle pal\u00e9oc\u00e8ne", "type": "4", "couleur": "#1976D2"}}, {"type": "Feature", "geometry": {"type": "Point", "coordinates": [-12.83417, 12.61306]}, "properties": {"nom": "Gaygui", "nappe": "Socle pal\u00e9oc\u00e8ne", "type": "4", "couleur": "#1976D2"}}, {"type": "Feature", "geometry": {"type": "Point", "coordinates": [-12.77111, 12.56056]}, "properties": {"nom": "Eganga", "nappe": "Socle pal\u00e9oc\u00e8ne", "type": "4", "couleur": "#1976D2"}}, {"type": "Feature", "geometry": {"type": "Point", "coordinates": [-12.83528, 12.595]}, "properties": {"nom": "Ngopou", "nappe": "Socle pal\u00e9oc\u00e8ne", "type": "4", "couleur": "#1976D2"}}, {"type": "Feature", "geometry": {"type": "Point", "coordinates": [-12.96417, 12.65778]}, "properties": {"nom": "Kalathie", "nappe": "Socle pal\u00e9oc\u00e8ne", "type": "4", "couleur": "#1976D2"}}, {"type": "Feature", "geometry": {"type": "Point", "coordinates": [-12.845, 12.57528]}, "properties": {"nom": "Epenglie Peulh", "nappe": "Socle pal\u00e9oc\u00e8ne", "type": "4", "couleur": "#1976D2"}}, {"type": "Feature", "geometry": {"type": "Point", "coordinates": [-12.78972, 12.63111]}, "properties": {"nom": "Darou Salam", "nappe": "Socle pal\u00e9oc\u00e8ne", "type": "4", "couleur": "#1976D2"}}, {"type": "Feature", "geometry": {"type": "Point", "coordinates": [-12.77639, 12.61056]}, "properties": {"nom": "Diarra Pont", "nappe": "Socle pal\u00e9oc\u00e8ne", "type": "4", "couleur": "#1976D2"}}, {"type": "Feature", "geometry": {"type": "Point", "coordinates": [-12.69556, 12.59944]}, "properties": {"nom": "Lory", "nappe": "Socle pal\u00e9oc\u00e8ne", "type": "4", "couleur": "#1976D2"}}, {"type": "Feature", "geometry": {"type": "Point", "coordinates": [-12.72444, 12.50028]}, "properties": {"nom": "Gada Pete", "nappe": "Socle pal\u00e9oc\u00e8ne", "type": "4", "couleur": "#1976D2"}}, {"type": "Feature", "geometry": {"type": "Point", "coordinates": [-12.41667, 12.63333]}, "properties": {"nom": "Thiabedji", "nappe": "Socle pal\u00e9oc\u00e8ne", "type": "4", "couleur": "#1976D2"}}, {"type": "Feature", "geometry": {"type": "Point", "coordinates": [-12.38333, 12.38056]}, "properties": {"nom": "Pelel Kindessa", "nappe": "Socle pal\u00e9oc\u00e8ne", "type": "4", "couleur": "#1976D2"}}, {"type": "Feature", "geometry": {"type": "Point", "coordinates": [-12.55833, 12.39444]}, "properties": {"nom": "Nepene Diakha", "nappe": "Socle pal\u00e9oc\u00e8ne", "type": "4", "couleur": "#1976D2"}}, {"type": "Feature", "geometry": {"type": "Point", "coordinates": [-12.5, 12.41667]}, "properties": {"nom": "Goumbambere", "nappe": "Socle pal\u00e9oc\u00e8ne", "type": "4", "couleur": "#1976D2"}}, {"type": "Feature", "geometry": {"type": "Point", "coordinates": [-12.65, 12.58333]}, "properties": {"nom": "Thiankoye", "nappe": "Socle pal\u00e9oc\u00e8ne", "type": "4", "couleur": "#1976D2"}}, {"type": "Feature", "geometry": {"type": "Point", "coordinates": [-12.64722, 12.45694]}, "properties": {"nom": "Dakateli", "nappe": "Socle pal\u00e9oc\u00e8ne", "type": "4", "couleur": "#1976D2"}}, {"type": "Feature", "geometry": {"type": "Point", "coordinates": [-12.55, 12.48056]}, "properties": {"nom": "Batimba", "nappe": "Socle pal\u00e9oc\u00e8ne", "type": "4", "couleur": "#1976D2"}}, {"type": "Feature", "geometry": {"type": "Point", "coordinates": [-12.49167, 12.50139]}, "properties": {"nom": "Dongol Nialbi", "nappe": "Socle pal\u00e9oc\u00e8ne", "type": "4", "couleur": "#1976D2"}}, {"type": "Feature", "geometry": {"type": "Point", "coordinates": [-12.48611, 12.48472]}, "properties": {"nom": "Hamdalaye", "nappe": "Socle pal\u00e9oc\u00e8ne", "type": "4", "couleur": "#1976D2"}}, {"type": "Feature", "geometry": {"type": "Point", "coordinates": [-12.43333, 12.52083]}, "properties": {"nom": "Ndebou", "nappe": "Socle pal\u00e9oc\u00e8ne", "type": "4", "couleur": "#1976D2"}}, {"type": "Feature", "geometry": {"type": "Point", "coordinates": [-12.38194, 12.51528]}, "properties": {"nom": "Ibel", "nappe": "Socle pal\u00e9oc\u00e8ne", "type": "4", "couleur": "#1976D2"}}, {"type": "Feature", "geometry": {"type": "Point", "coordinates": [-12.49167, 12.50139]}, "properties": {"nom": "Dongolnialbi", "nappe": "Socle pal\u00e9oc\u00e8ne", "type": "4", "couleur": "#1976D2"}}, {"type": "Feature", "geometry": {"type": "Point", "coordinates": [-12.39028, 12.56806]}, "properties": {"nom": "Thioketan", "nappe": "Socle pal\u00e9oc\u00e8ne", "type": "4", "couleur": "#1976D2"}}, {"type": "Feature", "geometry": {"type": "Point", "coordinates": [-12.33611, 12.51806]}, "properties": {"nom": "Boundou Condi", "nappe": "Socle pal\u00e9oc\u00e8ne", "type": "4", "couleur": "#1976D2"}}, {"type": "Feature", "geometry": {"type": "Point", "coordinates": [-12.34028, 12.40972]}, "properties": {"nom": "Thianahe", "nappe": "Socle pal\u00e9oc\u00e8ne", "type": "4", "couleur": "#1976D2"}}, {"type": "Feature", "geometry": {"type": "Point", "coordinates": [-12.375, 12.37361]}, "properties": {"nom": "Pelel Kindessa", "nappe": "Socle pal\u00e9oc\u00e8ne", "type": "4", "couleur": "#1976D2"}}, {"type": "Feature", "geometry": {"type": "Point", "coordinates": [-12.64722, 12.45694]}, "properties": {"nom": "Dakateli", "nappe": "Socle pal\u00e9oc\u00e8ne", "type": "4", "couleur": "#1976D2"}}, {"type": "Feature", "geometry": {"type": "Point", "coordinates": [-12.33611, 12.51806]}, "properties": {"nom": "Boundou Condi", "nappe": "Socle pal\u00e9oc\u00e8ne", "type": "4", "couleur": "#1976D2"}}, {"type": "Feature", "geometry": {"type": "Point", "coordinates": [-12.4, 12.55833]}, "properties": {"nom": "Lande Baytil", "nappe": "Socle pal\u00e9oc\u00e8ne", "type": "4", "couleur": "#1976D2"}}, {"type": "Feature", "geometry": {"type": "Point", "coordinates": [-12.4, 12.55833]}, "properties": {"nom": "Lande Baytil", "nappe": "Socle pal\u00e9oc\u00e8ne", "type": "4", "couleur": "#1976D2"}}, {"type": "Feature", "geometry": {"type": "Point", "coordinates": [-12.4, 12.55833]}, "properties": {"nom": "Lande Baytil", "nappe": "Socle pal\u00e9oc\u00e8ne", "type": "4", "couleur": "#1976D2"}}, {"type": "Feature", "geometry": {"type": "Point", "coordinates": [-12.35, 12.3875]}, "properties": {"nom": "Mamadou Boundou", "nappe": "Socle pal\u00e9oc\u00e8ne", "type": "4", "couleur": "#1976D2"}}, {"type": "Feature", "geometry": {"type": "Point", "coordinates": [-12.4125, 12.64167]}, "properties": {"nom": "Syllacounda Peulh", "nappe": "Socle pal\u00e9oc\u00e8ne", "type": "4", "couleur": "#1976D2"}}, {"type": "Feature", "geometry": {"type": "Point", "coordinates": [-12.49722, 12.47222]}, "properties": {"nom": "Koumafele", "nappe": "Socle pal\u00e9oc\u00e8ne", "type": "4", "couleur": "#1976D2"}}, {"type": "Feature", "geometry": {"type": "Point", "coordinates": [-12.64722, 12.45694]}, "properties": {"nom": "Dakateli", "nappe": "Socle pal\u00e9oc\u00e8ne", "type": "4", "couleur": "#1976D2"}}, {"type": "Feature", "geometry": {"type": "Point", "coordinates": [-12.40278, 12.55139]}, "properties": {"nom": "Lande Baityl", "nappe": "Socle pal\u00e9oc\u00e8ne", "type": "4", "couleur": "#1976D2"}}, {"type": "Feature", "geometry": {"type": "Point", "coordinates": [-12.4625, 12.55556]}, "properties": {"nom": "Namel", "nappe": "Socle pal\u00e9oc\u00e8ne", "type": "4", "couleur": "#1976D2"}}, {"type": "Feature", "geometry": {"type": "Point", "coordinates": [-12.36389, 12.55417]}, "properties": {"nom": "Landieni Peulh", "nappe": "Socle pal\u00e9oc\u00e8ne", "type": "4", "couleur": "#1976D2"}}, {"type": "Feature", "geometry": {"type": "Point", "coordinates": [-12.64722, 12.45833]}, "properties": {"nom": "Dakateli", "nappe": "Socle pal\u00e9oc\u00e8ne", "type": "4", "couleur": "#1976D2"}}, {"type": "Feature", "geometry": {"type": "Point", "coordinates": [-12.41861, 12.63583]}, "properties": {"nom": "Thiabedji", "nappe": "Socle pal\u00e9oc\u00e8ne", "type": "4", "couleur": "#1976D2"}}, {"type": "Feature", "geometry": {"type": "Point", "coordinates": [-12.41861, 12.63583]}, "properties": {"nom": "Thiabedji", "nappe": "Socle pal\u00e9oc\u00e8ne", "type": "4", "couleur": "#1976D2"}}, {"type": "Feature", "geometry": {"type": "Point", "coordinates": [-12.4875, 12.42278]}, "properties": {"nom": "Kadiore", "nappe": "Socle pal\u00e9oc\u00e8ne", "type": "4", "couleur": "#1976D2"}}, {"type": "Feature", "geometry": {"type": "Point", "coordinates": [-12.6225, 12.55333]}, "properties": {"nom": "Thiancoung Mbourou", "nappe": "Socle pal\u00e9oc\u00e8ne", "type": "4", "couleur": "#1976D2"}}, {"type": "Feature", "geometry": {"type": "Point", "coordinates": [-12.41806, 12.44694]}, "properties": {"nom": "Wouroudje", "nappe": "Socle pal\u00e9oc\u00e8ne", "type": "4", "couleur": "#1976D2"}}, {"type": "Feature", "geometry": {"type": "Point", "coordinates": [-12.5575, 12.39417]}, "properties": {"nom": "Nepene Diakha", "nappe": "Socle pal\u00e9oc\u00e8ne", "type": "4", "couleur": "#1976D2"}}, {"type": "Feature", "geometry": {"type": "Point", "coordinates": [-12.48389, 12.46389]}, "properties": {"nom": "Salyamba", "nappe": "Socle pal\u00e9oc\u00e8ne", "type": "4", "couleur": "#1976D2"}}, {"type": "Feature", "geometry": {"type": "Point", "coordinates": [-12.44528, 12.43944]}, "properties": {"nom": "Wountougoure", "nappe": "Socle pal\u00e9oc\u00e8ne", "type": "4", "couleur": "#1976D2"}}, {"type": "Feature", "geometry": {"type": "Point", "coordinates": [-12.60472, 12.58917]}, "properties": {"nom": "Sambangari", "nappe": "Socle pal\u00e9oc\u00e8ne", "type": "4", "couleur": "#1976D2"}}, {"type": "Feature", "geometry": {"type": "Point", "coordinates": [-12.44889, 12.51667]}, "properties": {"nom": "Banding", "nappe": "Socle pal\u00e9oc\u00e8ne", "type": "4", "couleur": "#1976D2"}}, {"type": "Feature", "geometry": {"type": "Point", "coordinates": [-12.35889, 12.34333]}, "properties": {"nom": "Djogomar", "nappe": "Socle pal\u00e9oc\u00e8ne", "type": "4", "couleur": "#1976D2"}}, {"type": "Feature", "geometry": {"type": "Point", "coordinates": [-12.55806, 12.45833]}, "properties": {"nom": "Lougue Niani", "nappe": "Socle pal\u00e9oc\u00e8ne", "type": "4", "couleur": "#1976D2"}}, {"type": "Feature", "geometry": {"type": "Point", "coordinates": [-12.57028, 12.44667]}, "properties": {"nom": "Samoukan", "nappe": "Socle pal\u00e9oc\u00e8ne", "type": "4", "couleur": "#1976D2"}}, {"type": "Feature", "geometry": {"type": "Point", "coordinates": [-12.46806, 12.46417]}, "properties": {"nom": "Baya", "nappe": "Socle pal\u00e9oc\u00e8ne", "type": "4", "couleur": "#1976D2"}}, {"type": "Feature", "geometry": {"type": "Point", "coordinates": [-12.56028, 12.58056]}, "properties": {"nom": "Missira Couta", "nappe": "Socle pal\u00e9oc\u00e8ne", "type": "4", "couleur": "#1976D2"}}, {"type": "Feature", "geometry": {"type": "Point", "coordinates": [-12.52639, 12.55278]}, "properties": {"nom": "Afia Magasin", "nappe": "Socle pal\u00e9oc\u00e8ne", "type": "4", "couleur": "#1976D2"}}, {"type": "Feature", "geometry": {"type": "Point", "coordinates": [-12.31111, 12.54167]}, "properties": {"nom": "Bandafassi Peulh", "nappe": "Socle pal\u00e9oc\u00e8ne", "type": "4", "couleur": "#1976D2"}}, {"type": "Feature", "geometry": {"type": "Point", "coordinates": [-12.00556, 12.42222]}, "properties": {"nom": "Fongolimbi", "nappe": "Socle pal\u00e9oc\u00e8ne", "type": "4", "couleur": "#1976D2"}}, {"type": "Feature", "geometry": {"type": "Point", "coordinates": [-12.075, 12.44167]}, "properties": {"nom": "Koboye", "nappe": "Socle pal\u00e9oc\u00e8ne", "type": "4", "couleur": "#1976D2"}}, {"type": "Feature", "geometry": {"type": "Point", "coordinates": [-12.01528, 12.51528]}, "properties": {"nom": "Madinatou", "nappe": "Socle pal\u00e9oc\u00e8ne", "type": "4", "couleur": "#1976D2"}}, {"type": "Feature", "geometry": {"type": "Point", "coordinates": [-12.01667, 12.51528]}, "properties": {"nom": "Madinatou", "nappe": "Socle pal\u00e9oc\u00e8ne", "type": "4", "couleur": "#1976D2"}}, {"type": "Feature", "geometry": {"type": "Point", "coordinates": [-12.31667, 12.53333]}, "properties": {"nom": "Bandafassi Tanda", "nappe": "Socle pal\u00e9oc\u00e8ne", "type": "4", "couleur": "#1976D2"}}, {"type": "Feature", "geometry": {"type": "Point", "coordinates": [-12.32639, 12.38333]}, "properties": {"nom": "Dindifello", "nappe": "Socle pal\u00e9oc\u00e8ne", "type": "4", "couleur": "#1976D2"}}, {"type": "Feature", "geometry": {"type": "Point", "coordinates": [-12.28333, 12.40833]}, "properties": {"nom": "Segou", "nappe": "Socle pal\u00e9oc\u00e8ne", "type": "4", "couleur": "#1976D2"}}, {"type": "Feature", "geometry": {"type": "Point", "coordinates": [-12.11111, 12.45833]}, "properties": {"nom": "Yoroya (Dianheri)", "nappe": "Socle pal\u00e9oc\u00e8ne", "type": "4", "couleur": "#1976D2"}}, {"type": "Feature", "geometry": {"type": "Point", "coordinates": [-12.06111, 12.46111]}, "properties": {"nom": "Velingara", "nappe": "Socle pal\u00e9oc\u00e8ne", "type": "4", "couleur": "#1976D2"}}, {"type": "Feature", "geometry": {"type": "Point", "coordinates": [-12.16167, 12.57]}, "properties": {"nom": "Kegneto Diakha", "nappe": "Socle pal\u00e9oc\u00e8ne", "type": "4", "couleur": "#1976D2"}}, {"type": "Feature", "geometry": {"type": "Point", "coordinates": [-12.32083, 12.38333]}, "properties": {"nom": "Dindifello", "nappe": "Socle pal\u00e9oc\u00e8ne", "type": "4", "couleur": "#1976D2"}}, {"type": "Feature", "geometry": {"type": "Point", "coordinates": [-12.125, 12.64167]}, "properties": {"nom": "Syllacounda Diakha", "nappe": "Socle pal\u00e9oc\u00e8ne", "type": "4", "couleur": "#1976D2"}}, {"type": "Feature", "geometry": {"type": "Point", "coordinates": [-12.17972, 12.55611]}, "properties": {"nom": "Kedougou F1", "nappe": "Socle pal\u00e9oc\u00e8ne", "type": "4", "couleur": "#1976D2"}}, {"type": "Feature", "geometry": {"type": "Point", "coordinates": [-12.12917, 12.60833]}, "properties": {"nom": "Samecouta", "nappe": "Socle pal\u00e9oc\u00e8ne", "type": "4", "couleur": "#1976D2"}}, {"type": "Feature", "geometry": {"type": "Point", "coordinates": [-12.4725, 12.74472]}, "properties": {"nom": "Abissamrouna", "nappe": "Socle pal\u00e9oc\u00e8ne", "type": "4", "couleur": "#1976D2"}}, {"type": "Feature", "geometry": {"type": "Point", "coordinates": [-12.25111, 12.64167]}, "properties": {"nom": "Ngari Sekhoto", "nappe": "Socle pal\u00e9oc\u00e8ne", "type": "4", "couleur": "#1976D2"}}, {"type": "Feature", "geometry": {"type": "Point", "coordinates": [-12.3375, 12.51639]}, "properties": {"nom": "Bomdoukondi", "nappe": "Socle pal\u00e9oc\u00e8ne", "type": "4", "couleur": "#1976D2"}}, {"type": "Feature", "geometry": {"type": "Point", "coordinates": [-12.33944, 12.40778]}, "properties": {"nom": "Thiangue", "nappe": "Socle pal\u00e9oc\u00e8ne", "type": "4", "couleur": "#1976D2"}}, {"type": "Feature", "geometry": {"type": "Point", "coordinates": [-12.12917, 12.49472]}, "properties": {"nom": "Thiangol Yaya I", "nappe": "Socle pal\u00e9oc\u00e8ne", "type": "4", "couleur": "#1976D2"}}, {"type": "Feature", "geometry": {"type": "Point", "coordinates": [-12.24917, 12.47028]}, "properties": {"nom": "Thiancoumalal", "nappe": "Socle pal\u00e9oc\u00e8ne", "type": "4", "couleur": "#1976D2"}}, {"type": "Feature", "geometry": {"type": "Point", "coordinates": [-12.00083, 12.46139]}, "properties": {"nom": "Woulaba", "nappe": "Socle pal\u00e9oc\u00e8ne", "type": "4", "couleur": "#1976D2"}}, {"type": "Feature", "geometry": {"type": "Point", "coordinates": [-12.25056, 12.44083]}, "properties": {"nom": "Thiabecare", "nappe": "Socle pal\u00e9oc\u00e8ne", "type": "4", "couleur": "#1976D2"}}, {"type": "Feature", "geometry": {"type": "Point", "coordinates": [-12.41667, 12.41028]}, "properties": {"nom": "Yoro Ngueda", "nappe": "Socle pal\u00e9oc\u00e8ne", "type": "4", "couleur": "#1976D2"}}, {"type": "Feature", "geometry": {"type": "Point", "coordinates": [-12.28361, 12.41389]}, "properties": {"nom": "Yamoussa Segou", "nappe": "Socle pal\u00e9oc\u00e8ne", "type": "4", "couleur": "#1976D2"}}, {"type": "Feature", "geometry": {"type": "Point", "coordinates": [-12.0175, 12.44417]}, "properties": {"nom": "Madihou", "nappe": "Socle pal\u00e9oc\u00e8ne", "type": "4", "couleur": "#1976D2"}}, {"type": "Feature", "geometry": {"type": "Point", "coordinates": [-12.20528, 12.35861]}, "properties": {"nom": "Newdou", "nappe": "Socle pal\u00e9oc\u00e8ne", "type": "4", "couleur": "#1976D2"}}, {"type": "Feature", "geometry": {"type": "Point", "coordinates": [-11.80278, 12.83056]}, "properties": {"nom": "Badioula", "nappe": "Socle pal\u00e9oc\u00e8ne", "type": "4", "couleur": "#1976D2"}}, {"type": "Feature", "geometry": {"type": "Point", "coordinates": [-11.73333, 12.75]}, "properties": {"nom": "Sanela", "nappe": "Socle pal\u00e9oc\u00e8ne", "type": "4", "couleur": "#1976D2"}}, {"type": "Feature", "geometry": {"type": "Point", "coordinates": [-11.75278, 12.83611]}, "properties": {"nom": "Saraya", "nappe": "Socle pal\u00e9oc\u00e8ne", "type": "4", "couleur": "#1976D2"}}, {"type": "Feature", "geometry": {"type": "Point", "coordinates": [-11.7375, 12.9625]}, "properties": {"nom": "Barabiri", "nappe": "Socle pal\u00e9oc\u00e8ne", "type": "4", "couleur": "#1976D2"}}, {"type": "Feature", "geometry": {"type": "Point", "coordinates": [-11.71944, 12.91944]}, "properties": {"nom": "Kondokhou", "nappe": "Socle pal\u00e9oc\u00e8ne", "type": "4", "couleur": "#1976D2"}}, {"type": "Feature", "geometry": {"type": "Point", "coordinates": [-11.71944, 12.91944]}, "properties": {"nom": "Kondokhou", "nappe": "Socle pal\u00e9oc\u00e8ne", "type": "4", "couleur": "#1976D2"}}, {"type": "Feature", "geometry": {"type": "Point", "coordinates": [-11.87917, 12.82639]}, "properties": {"nom": "Bembou", "nappe": "Socle pal\u00e9oc\u00e8ne", "type": "4", "couleur": "#1976D2"}}, {"type": "Feature", "geometry": {"type": "Point", "coordinates": [-11.87917, 12.82639]}, "properties": {"nom": "Bembou", "nappe": "Socle pal\u00e9oc\u00e8ne", "type": "4", "couleur": "#1976D2"}}, {"type": "Feature", "geometry": {"type": "Point", "coordinates": [-11.91944, 12.75972]}, "properties": {"nom": "Saboucire Pondala", "nappe": "Socle pal\u00e9oc\u00e8ne", "type": "4", "couleur": "#1976D2"}}, {"type": "Feature", "geometry": {"type": "Point", "coordinates": [-11.97917, 12.70556]}, "properties": {"nom": "Diakhaba", "nappe": "Socle pal\u00e9oc\u00e8ne", "type": "4", "couleur": "#1976D2"}}, {"type": "Feature", "geometry": {"type": "Point", "coordinates": [-11.68194, 12.70694]}, "properties": {"nom": "Baitilaye", "nappe": "Socle pal\u00e9oc\u00e8ne", "type": "4", "couleur": "#1976D2"}}, {"type": "Feature", "geometry": {"type": "Point", "coordinates": [-11.66722, 12.77222]}, "properties": {"nom": "Diakha Madina", "nappe": "Socle pal\u00e9oc\u00e8ne", "type": "4", "couleur": "#1976D2"}}, {"type": "Feature", "geometry": {"type": "Point", "coordinates": [-11.68333, 12.81806]}, "properties": {"nom": "Faraba", "nappe": "Socle pal\u00e9oc\u00e8ne", "type": "4", "couleur": "#1976D2"}}, {"type": "Feature", "geometry": {"type": "Point", "coordinates": [-11.71944, 12.91944]}, "properties": {"nom": "Kondokhou", "nappe": "Socle pal\u00e9oc\u00e8ne", "type": "4", "couleur": "#1976D2"}}, {"type": "Feature", "geometry": {"type": "Point", "coordinates": [-11.71944, 12.91944]}, "properties": {"nom": "Kondokhou", "nappe": "Socle pal\u00e9oc\u00e8ne", "type": "4", "couleur": "#1976D2"}}, {"type": "Feature", "geometry": {"type": "Point", "coordinates": [-11.7375, 12.9625]}, "properties": {"nom": "Barabiri", "nappe": "Socle pal\u00e9oc\u00e8ne", "type": "4", "couleur": "#1976D2"}}, {"type": "Feature", "geometry": {"type": "Point", "coordinates": [-11.43889, 12.8625]}, "properties": {"nom": "Linguea", "nappe": "Socle pal\u00e9oc\u00e8ne", "type": "4", "couleur": "#1976D2"}}, {"type": "Feature", "geometry": {"type": "Point", "coordinates": [-11.43944, 12.72389]}, "properties": {"nom": "Coumboutourou Tabanding", "nappe": "Socle pal\u00e9oc\u00e8ne", "type": "4", "couleur": "#1976D2"}}, {"type": "Feature", "geometry": {"type": "Point", "coordinates": [-11.7075, 12.785]}, "properties": {"nom": "Fode Binea", "nappe": "Socle pal\u00e9oc\u00e8ne", "type": "4", "couleur": "#1976D2"}}, {"type": "Feature", "geometry": {"type": "Point", "coordinates": [-11.86861, 12.80306]}, "properties": {"nom": "Dioulafoundou", "nappe": "Socle pal\u00e9oc\u00e8ne", "type": "4", "couleur": "#1976D2"}}, {"type": "Feature", "geometry": {"type": "Point", "coordinates": [-11.72778, 12.91889]}, "properties": {"nom": "Kondokhou", "nappe": "Socle pal\u00e9oc\u00e8ne", "type": "4", "couleur": "#1976D2"}}, {"type": "Feature", "geometry": {"type": "Point", "coordinates": [-11.69972, 12.81861]}, "properties": {"nom": "Faraba", "nappe": "Socle pal\u00e9oc\u00e8ne", "type": "4", "couleur": "#1976D2"}}, {"type": "Feature", "geometry": {"type": "Point", "coordinates": [-11.39944, 12.78194]}, "properties": {"nom": "Sansela", "nappe": "Socle pal\u00e9oc\u00e8ne", "type": "4", "couleur": "#1976D2"}}, {"type": "Feature", "geometry": {"type": "Point", "coordinates": [-11.43889, 12.70722]}, "properties": {"nom": "Garebourea", "nappe": "Socle pal\u00e9oc\u00e8ne", "type": "4", "couleur": "#1976D2"}}, {"type": "Feature", "geometry": {"type": "Point", "coordinates": [-11.98056, 12.45278]}, "properties": {"nom": "Dimboli", "nappe": "Socle pal\u00e9oc\u00e8ne", "type": "4", "couleur": "#1976D2"}}, {"type": "Feature", "geometry": {"type": "Point", "coordinates": [-11.93333, 12.43333]}, "properties": {"nom": "Toumania", "nappe": "Socle pal\u00e9oc\u00e8ne", "type": "4", "couleur": "#1976D2"}}, {"type": "Feature", "geometry": {"type": "Point", "coordinates": [-11.68333, 12.43333]}, "properties": {"nom": "Moulounga", "nappe": "Socle pal\u00e9oc\u00e8ne", "type": "4", "couleur": "#1976D2"}}, {"type": "Feature", "geometry": {"type": "Point", "coordinates": [-11.99083, 12.42361]}, "properties": {"nom": "Niangalancome", "nappe": "Socle pal\u00e9oc\u00e8ne", "type": "4", "couleur": "#1976D2"}}, {"type": "Feature", "geometry": {"type": "Point", "coordinates": [-11.94111, 12.47917]}, "properties": {"nom": "Kaffori", "nappe": "Socle pal\u00e9oc\u00e8ne", "type": "4", "couleur": "#1976D2"}}, {"type": "Feature", "geometry": {"type": "Point", "coordinates": [-11.91389, 12.44722]}, "properties": {"nom": "Marougou", "nappe": "Socle pal\u00e9oc\u00e8ne", "type": "4", "couleur": "#1976D2"}}, {"type": "Feature", "geometry": {"type": "Point", "coordinates": [-11.71528, 12.45417]}, "properties": {"nom": "Toubacouta", "nappe": "Socle pal\u00e9oc\u00e8ne", "type": "4", "couleur": "#1976D2"}}, {"type": "Feature", "geometry": {"type": "Point", "coordinates": [-11.6875, 12.50556]}, "properties": {"nom": "Missira Dantila", "nappe": "Socle pal\u00e9oc\u00e8ne", "type": "4", "couleur": "#1976D2"}}, {"type": "Feature", "geometry": {"type": "Point", "coordinates": [-11.70278, 12.64028]}, "properties": {"nom": "Samekhoto", "nappe": "Socle pal\u00e9oc\u00e8ne", "type": "4", "couleur": "#1976D2"}}, {"type": "Feature", "geometry": {"type": "Point", "coordinates": [-11.77917, 12.44583]}, "properties": {"nom": "Sekhoto", "nappe": "Socle pal\u00e9oc\u00e8ne", "type": "4", "couleur": "#1976D2"}}, {"type": "Feature", "geometry": {"type": "Point", "coordinates": [-11.99028, 12.42361]}, "properties": {"nom": "Niagalancome", "nappe": "Socle pal\u00e9oc\u00e8ne", "type": "4", "couleur": "#1976D2"}}, {"type": "Feature", "geometry": {"type": "Point", "coordinates": [-11.99028, 12.42361]}, "properties": {"nom": "Niagalancome", "nappe": "Socle pal\u00e9oc\u00e8ne", "type": "4", "couleur": "#1976D2"}}, {"type": "Feature", "geometry": {"type": "Point", "coordinates": [-11.6875, 12.50556]}, "properties": {"nom": "Missira Dantila", "nappe": "Socle pal\u00e9oc\u00e8ne", "type": "4", "couleur": "#1976D2"}}, {"type": "Feature", "geometry": {"type": "Point", "coordinates": [-11.6875, 12.50556]}, "properties": {"nom": "Missira Dantila", "nappe": "Socle pal\u00e9oc\u00e8ne", "type": "4", "couleur": "#1976D2"}}, {"type": "Feature", "geometry": {"type": "Point", "coordinates": [-11.95417, 12.42639]}, "properties": {"nom": "Secreta", "nappe": "Socle pal\u00e9oc\u00e8ne", "type": "4", "couleur": "#1976D2"}}, {"type": "Feature", "geometry": {"type": "Point", "coordinates": [-11.95417, 12.42639]}, "properties": {"nom": "Secreta", "nappe": "Socle pal\u00e9oc\u00e8ne", "type": "4", "couleur": "#1976D2"}}, {"type": "Feature", "geometry": {"type": "Point", "coordinates": [-11.94111, 12.47917]}, "properties": {"nom": "Kafory", "nappe": "Socle pal\u00e9oc\u00e8ne", "type": "4", "couleur": "#1976D2"}}, {"type": "Feature", "geometry": {"type": "Point", "coordinates": [-12.08806, 12.63139]}, "properties": {"nom": "Diaguiri Pont", "nappe": "Socle pal\u00e9oc\u00e8ne", "type": "4", "couleur": "#1976D2"}}, {"type": "Feature", "geometry": {"type": "Point", "coordinates": [-11.91778, 12.47278]}, "properties": {"nom": "Lindiane", "nappe": "Socle pal\u00e9oc\u00e8ne", "type": "4", "couleur": "#1976D2"}}, {"type": "Feature", "geometry": {"type": "Point", "coordinates": [-11.955, 12.46611]}, "properties": {"nom": "Kafori", "nappe": "Socle pal\u00e9oc\u00e8ne", "type": "4", "couleur": "#1976D2"}}, {"type": "Feature", "geometry": {"type": "Point", "coordinates": [-11.95667, 12.41833]}, "properties": {"nom": "Secreta", "nappe": "Socle pal\u00e9oc\u00e8ne", "type": "4", "couleur": "#1976D2"}}, {"type": "Feature", "geometry": {"type": "Point", "coordinates": [-11.98694, 12.40833]}, "properties": {"nom": "Khore Ferlo", "nappe": "Socle pal\u00e9oc\u00e8ne", "type": "4", "couleur": "#1976D2"}}, {"type": "Feature", "geometry": {"type": "Point", "coordinates": [-11.68972, 12.43639]}, "properties": {"nom": "Moulounga", "nappe": "Socle pal\u00e9oc\u00e8ne", "type": "4", "couleur": "#1976D2"}}, {"type": "Feature", "geometry": {"type": "Point", "coordinates": [-11.99806, 12.44306]}, "properties": {"nom": "Lombel", "nappe": "Socle pal\u00e9oc\u00e8ne", "type": "4", "couleur": "#1976D2"}}, {"type": "Feature", "geometry": {"type": "Point", "coordinates": [-11.61667, 12.61667]}, "properties": {"nom": "Nafadji", "nappe": "Socle pal\u00e9oc\u00e8ne", "type": "4", "couleur": "#1976D2"}}, {"type": "Feature", "geometry": {"type": "Point", "coordinates": [-11.56667, 12.53333]}, "properties": {"nom": "Saroudia", "nappe": "Socle pal\u00e9oc\u00e8ne", "type": "4", "couleur": "#1976D2"}}, {"type": "Feature", "geometry": {"type": "Point", "coordinates": [-11.65833, 12.59167]}, "properties": {"nom": "Samecouta", "nappe": "Socle pal\u00e9oc\u00e8ne", "type": "4", "couleur": "#1976D2"}}, {"type": "Feature", "geometry": {"type": "Point", "coordinates": [-11.65, 12.45139]}, "properties": {"nom": "Dindiari", "nappe": "Socle pal\u00e9oc\u00e8ne", "type": "4", "couleur": "#1976D2"}}, {"type": "Feature", "geometry": {"type": "Point", "coordinates": [-11.65, 12.45139]}, "properties": {"nom": "Dindiari", "nappe": "Socle pal\u00e9oc\u00e8ne", "type": "4", "couleur": "#1976D2"}}, {"type": "Feature", "geometry": {"type": "Point", "coordinates": [-11.61389, 12.45417]}, "properties": {"nom": "Tameguedia", "nappe": "Socle pal\u00e9oc\u00e8ne", "type": "4", "couleur": "#1976D2"}}, {"type": "Feature", "geometry": {"type": "Point", "coordinates": [-11.52639, 12.49583]}, "properties": {"nom": "Madina Baffe", "nappe": "Socle pal\u00e9oc\u00e8ne", "type": "4", "couleur": "#1976D2"}}, {"type": "Feature", "geometry": {"type": "Point", "coordinates": [-11.48194, 12.47361]}, "properties": {"nom": "Noumoufoukha", "nappe": "Socle pal\u00e9oc\u00e8ne", "type": "4", "couleur": "#1976D2"}}, {"type": "Feature", "geometry": {"type": "Point", "coordinates": [-11.37556, 12.44444]}, "properties": {"nom": "Guemedji", "nappe": "Socle pal\u00e9oc\u00e8ne", "type": "4", "couleur": "#1976D2"}}, {"type": "Feature", "geometry": {"type": "Point", "coordinates": [-11.6125, 12.62222]}, "properties": {"nom": "Nafadji", "nappe": "Socle pal\u00e9oc\u00e8ne", "type": "4", "couleur": "#1976D2"}}, {"type": "Feature", "geometry": {"type": "Point", "coordinates": [-11.6125, 12.62222]}, "properties": {"nom": "Nafadji", "nappe": "Socle pal\u00e9oc\u00e8ne", "type": "4", "couleur": "#1976D2"}}, {"type": "Feature", "geometry": {"type": "Point", "coordinates": [-11.61, 12.465]}, "properties": {"nom": "Tameguedia", "nappe": "Socle pal\u00e9oc\u00e8ne", "type": "4", "couleur": "#1976D2"}}, {"type": "Feature", "geometry": {"type": "Point", "coordinates": [-11.62861, 12.48472]}, "properties": {"nom": "Sakhouya", "nappe": "Socle pal\u00e9oc\u00e8ne", "type": "4", "couleur": "#1976D2"}}, {"type": "Feature", "geometry": {"type": "Point", "coordinates": [-11.59806, 12.47083]}, "properties": {"nom": "Wamba", "nappe": "Socle pal\u00e9oc\u00e8ne", "type": "4", "couleur": "#1976D2"}}, {"type": "Feature", "geometry": {"type": "Point", "coordinates": [-11.41944, 12.64194]}, "properties": {"nom": "Satadougou", "nappe": "Socle pal\u00e9oc\u00e8ne", "type": "4", "couleur": "#1976D2"}}, {"type": "Feature", "geometry": {"type": "Point", "coordinates": [-11.64694, 12.45333]}, "properties": {"nom": "Dindiari", "nappe": "Socle pal\u00e9oc\u00e8ne", "type": "4", "couleur": "#1976D2"}}, {"type": "Feature", "geometry": {"type": "Point", "coordinates": [-11.48139, 12.47139]}, "properties": {"nom": "Noumoufoukha", "nappe": "Socle pal\u00e9oc\u00e8ne", "type": "4", "couleur": "#1976D2"}}, {"type": "Feature", "geometry": {"type": "Point", "coordinates": [-11.65917, 12.59361]}, "properties": {"nom": "Somekoute Dantila", "nappe": "Socle pal\u00e9oc\u00e8ne", "type": "4", "couleur": "#1976D2"}}, {"type": "Feature", "geometry": {"type": "Point", "coordinates": [-12.43333, 14.13333]}, "properties": {"nom": "Koussan", "nappe": "Socle pal\u00e9oc\u00e8ne", "type": "4", "couleur": "#1976D2"}}, {"type": "Feature", "geometry": {"type": "Point", "coordinates": [-12.67722, 14.215]}, "properties": {"nom": "Fete Niebe", "nappe": "Socle pal\u00e9oc\u00e8ne", "type": "4", "couleur": "#1976D2"}}, {"type": "Feature", "geometry": {"type": "Point", "coordinates": [-14.13194, 12.94444]}, "properties": {"nom": "Soutoure", "nappe": "Socle pal\u00e9oc\u00e8ne", "type": "4", "couleur": "#1976D2"}}]}